LocalTime, GPSTime, ESSID, BSSID, Power, Security, Latitude, Longitude, Latitude Error, Longitude Error, Type
2026-04-08 13:40:29,1900-01-00 00:00:00,,B8:27:EB:7C:81:10,-51, ,0.000000,0.000000,0.000,0.000,AP
2026-04-08 13:40:29,1900-01-00 00:00:00,,C4:CB:76:AF:5C:A8,-47,,0.000000,0.000000,0.000,0.000,Client
2026-04-08 13:40:30,1900-01-00 00:00:00,1019-wombat,B8:27:EB:7C:81:10,-52, WPA ,0.000000,0.000000,0.000,0.000,AP
2026-04-08 13:40:30,1900-01-00 00:00:00,1019-wombat,B8:27:EB:7C:81:10,-52, WPA ,0.000000,0.000000,0.000,0.000,AP
2026-04-08 13:40:30,1900-01-00 00:00:00,1019-wombat,B8:27:EB:7C:81:10,-52, WPA ,0.000000,0.000000,0.000,0.000,AP
2026-04-08 13:40:30,1900-01-00 00:00:00,,C4:CB:76:AF:5C:A8,-47,,0.000000,0.000000,0.000,0.000,Client
2026-04-08 13:40:30,1900-01-00 00:00:00,1019-wombat,B8:27:EB:7C:81:10,-49, WPA ,0.000000,0.000000,0.000,0.000,AP
2026-04-08 13:40:30,1900-01-00 00:00:00,1019-wombat,B8:27:EB:7C:81:10,-49, WPA ,0.000000,0.000000,0.000,0.000,AP
2026-04-08 13:40:30,1900-01-00 00:00:00,1019-wombat,B8:27:EB:7C:81:10,-53, WPA ,0.000000,0.000000,0.000,0.000,AP
2026-04-08 13:40:30,1900-01-00 00:00:00,,C4:CB:76:AF:5C:A8,-46,,0.000000,0.000000,0.000,0.000,Client
2026-04-08 13:40:30,1900-01-00 00:00:00,1019-wombat,B8:27:EB:7C:81:10,-52, WPA ,0.000000,0.000000,0.000,0.000,AP
2026-04-08 13:40:30,1900-01-00 00:00:00,1019-wombat,B8:27:EB:7C:81:10,-52, WPA ,0.000000,0.000000,0.000,0.000,AP
2026-04-08 13:40:30,1900-01-00 00:00:00,1019-wombat,B8:27:EB:7C:81:10,-52, WPA ,0.000000,0.000000,0.000,0.000,AP
2026-04-08 13:40:30,1900-01-00 00:00:00,1019-wombat,B8:27:EB:7C:81:10,-50, WPA ,0.000000,0.000000,0.000,0.000,AP
2026-04-08 13:40:30,1900-01-00 00:00:00,1019-wombat,B8:27:EB:7C:81:10,-50, WPA ,0.000000,0.000000,0.000,0.000,AP
2026-04-08 13:40:30,1900-01-00 00:00:00,1019-wombat,B8:27:EB:7C:81:10,-50, WPA ,0.000000,0.000000,0.000,0.000,AP
2026-04-08 13:40:30,1900-01-00 00:00:00,,C4:CB:76:AF:5C:A8,-47,,0.000000,0.000000,0.000,0.000,Client
2026-04-08 13:40:30,1900-01-00 00:00:00,1019-wombat,B8:27:EB:7C:81:10,-54, WPA ,0.000000,0.000000,0.000,0.000,AP
2026-04-08 13:40:30,1900-01-00 00:00:00,,C4:CB:76:AF:5C:A8,-48,,0.000000,0.000000,0.000,0.000,Client
2026-04-08 13:40:30,1900-01-00 00:00:00,1019-wombat,B8:27:EB:7C:81:10,-54, WPA ,0.000000,0.000000,0.000,0.000,AP
2026-04-08 13:40:31,1900-01-00 00:00:00,1019-wombat,B8:27:EB:7C:81:10,-52, WPA ,0.000000,0.000000,0.000,0.000,AP
2026-04-08 13:40:31,1900-01-00 00:00:00,,C4:CB:76:AF:5C:A8,-46,,0.000000,0.000000,0.000,0.000,Client
2026-04-08 13:40:31,1900-01-00 00:00:00,1019-wombat,B8:27:EB:7C:81:10,-52, WPA ,0.000000,0.000000,0.000,0.000,AP
2026-04-08 13:40:31,1900-01-00 00:00:00,1019-wombat,B8:27:EB:7C:81:10,-53, WPA ,0.000000,0.000000,0.000,0.000,AP
2026-04-08 13:40:31,1900-01-00 00:00:00,,C4:CB:76:AF:5C:A8,-47,,0.000000,0.000000,0.000,0.000,Client
2026-04-08 13:40:31,1900-01-00 00:00:00,,C4:CB:76:AF:5C:A8,-47,,0.000000,0.000000,0.000,0.000,Client
2026-04-08 13:40:31,1900-01-00 00:00:00,1019-wombat,B8:27:EB:7C:81:10,-49, WPA ,0.000000,0.000000,0.000,0.000,AP
2026-04-08 13:40:31,1900-01-00 00:00:00,,C4:CB:76:AF:5C:A8,-46,,0.000000,0.000000,0.000,0.000,Client
2026-04-08 13:40:31,1900-01-00 00:00:00,1019-wombat,B8:27:EB:7C:81:10,-52, WPA ,0.000000,0.000000,0.000,0.000,AP
2026-04-08 13:40:31,1900-01-00 00:00:00,,C4:CB:76:AF:5C:A8,-46,,0.000000,0.000000,0.000,0.000,Client
2026-04-08 13:40:31,1900-01-00 00:00:00,1019-wombat,B8:27:EB:7C:81:10,-52, WPA ,0.000000,0.000000,0.000,0.000,AP
2026-04-08 13:40:31,1900-01-00 00:00:00,,C4:CB:76:AF:5C:A8,-46,,0.000000,0.000000,0.000,0.000,Client
2026-04-08 13:40:31,1900-01-00 00:00:00,1019-wombat,B8:27:EB:7C:81:10,-50, WPA ,0.000000,0.000000,0.000,0.000,AP
2026-04-08 13:40:31,1900-01-00 00:00:00,,C4:CB:76:AF:5C:A8,-46,,0.000000,0.000000,0.000,0.000,Client
2026-04-08 13:40:31,1900-01-00 00:00:00,1019-wombat,B8:27:EB:7C:81:10,-49, WPA ,0.000000,0.000000,0.000,0.000,AP
2026-04-08 13:40:31,1900-01-00 00:00:00,,C4:CB:76:AF:5C:A8,-46,,0.000000,0.000000,0.000,0.000,Client
2026-04-08 13:40:31,1900-01-00 00:00:00,1019-wombat,B8:27:EB:7C:81:10,-50, WPA ,0.000000,0.000000,0.000,0.000,AP
2026-04-08 13:40:31,1900-01-00 00:00:00,1019-wombat,B8:27:EB:7C:81:10,-50, WPA ,0.000000,0.000000,0.000,0.000,AP
2026-04-08 13:40:32,1900-01-00 00:00:00,1019-wombat,B8:27:EB:7C:81:10,-49, WPA ,0.000000,0.000000,0.000,0.000,AP
2026-04-08 13:40:32,1900-01-00 00:00:00,1019-wombat,B8:27:EB:7C:81:10,-49, WPA ,0.000000,0.000000,0.000,0.000,AP
2026-04-08 13:40:32,1900-01-00 00:00:00,1019-wombat,B8:27:EB:7C:81:10,-50, WPA ,0.000000,0.000000,0.000,0.000,AP
2026-04-08 13:40:32,1900-01-00 00:00:00,1019-wombat,B8:27:EB:7C:81:10,-50, WPA ,0.000000,0.000000,0.000,0.000,AP
2026-04-08 13:40:32,1900-01-00 00:00:00,1019-wombat,B8:27:EB:7C:81:10,-52, WPA ,0.000000,0.000000,0.000,0.000,AP
2026-04-08 13:40:32,1900-01-00 00:00:00,1019-wombat,B8:27:EB:7C:81:10,-50, WPA ,0.000000,0.000000,0.000,0.000,AP
2026-04-08 13:40:32,1900-01-00 00:00:00,1019-wombat,B8:27:EB:7C:81:10,-50, WPA ,0.000000,0.000000,0.000,0.000,AP
2026-04-08 13:40:32,1900-01-00 00:00:00,1019-wombat,B8:27:EB:7C:81:10,-51, WPA ,0.000000,0.000000,0.000,0.000,AP
2026-04-08 13:40:32,1900-01-00 00:00:00,1019-wombat,B8:27:EB:7C:81:10,-49, WPA ,0.000000,0.000000,0.000,0.000,AP
2026-04-08 13:40:33,1900-01-00 00:00:00,,C4:CB:76:AF:5C:A8,-45,,0.000000,0.000000,0.000,0.000,Client
2026-04-08 13:40:33,1900-01-00 00:00:00,1019-wombat,B8:27:EB:7C:81:10,-51, WPA ,0.000000,0.000000,0.000,0.000,AP
2026-04-08 13:40:33,1900-01-00 00:00:00,,C4:CB:76:AF:5C:A8,-45,,0.000000,0.000000,0.000,0.000,Client
2026-04-08 13:40:33,1900-01-00 00:00:00,1019-wombat,B8:27:EB:7C:81:10,-50, WPA ,0.000000,0.000000,0.000,0.000,AP
2026-04-08 13:40:33,1900-01-00 00:00:00,,C4:CB:76:AF:5C:A8,-45,,0.000000,0.000000,0.000,0.000,Client
2026-04-08 13:40:33,1900-01-00 00:00:00,1019-wombat,B8:27:EB:7C:81:10,-51, WPA ,0.000000,0.000000,0.000,0.000,AP
2026-04-08 13:40:33,1900-01-00 00:00:00,1019-wombat,B8:27:EB:7C:81:10,-50, WPA ,0.000000,0.000000,0.000,0.000,AP
2026-04-08 13:40:33,1900-01-00 00:00:00,,C4:CB:76:AF:5C:A8,-46,,0.000000,0.000000,0.000,0.000,Client
2026-04-08 13:40:33,1900-01-00 00:00:00,1019-wombat,B8:27:EB:7C:81:10,-49, WPA ,0.000000,0.000000,0.000,0.000,AP
2026-04-08 13:40:33,1900-01-00 00:00:00,1019-wombat,B8:27:EB:7C:81:10,-48, WPA ,0.000000,0.000000,0.000,0.000,AP
2026-04-08 13:40:33,1900-01-00 00:00:00,1019-wombat,B8:27:EB:7C:81:10,-50, WPA ,0.000000,0.000000,0.000,0.000,AP
2026-04-08 13:40:33,1900-01-00 00:00:00,1019-wombat,B8:27:EB:7C:81:10,-40, WPA ,0.000000,0.000000,0.000,0.000,AP
2026-04-08 13:40:33,1900-01-00 00:00:00,1019-wombat,B8:27:EB:7C:81:10,-50, WPA ,0.000000,0.000000,0.000,0.000,AP
2026-04-08 13:40:33,1900-01-00 00:00:00,1019-wombat,B8:27:EB:7C:81:10,-49, WPA ,0.000000,0.000000,0.000,0.000,AP
2026-04-08 13:40:33,1900-01-00 00:00:00,1019-wombat,B8:27:EB:7C:81:10,-50, WPA ,0.000000,0.000000,0.000,0.000,AP
2026-04-08 13:40:33,1900-01-00 00:00:00,1019-wombat,B8:27:EB:7C:81:10,-49, WPA ,0.000000,0.000000,0.000,0.000,AP
2026-04-08 13:40:34,1900-01-00 00:00:00,1019-wombat,B8:27:EB:7C:81:10,-50, WPA ,0.000000,0.000000,0.000,0.000,AP
2026-04-08 13:40:34,1900-01-00 00:00:00,,C4:CB:76:AF:5C:A8,-45,,0.000000,0.000000,0.000,0.000,Client
2026-04-08 13:40:34,1900-01-00 00:00:00,1019-wombat,B8:27:EB:7C:81:10,-52, WPA ,0.000000,0.000000,0.000,0.000,AP
2026-04-08 13:40:34,1900-01-00 00:00:00,,C4:CB:76:AF:5C:A8,-44,,0.000000,0.000000,0.000,0.000,Client
2026-04-08 13:40:34,1900-01-00 00:00:00,1019-wombat,B8:27:EB:7C:81:10,-49, WPA ,0.000000,0.000000,0.000,0.000,AP
2026-04-08 13:40:34,1900-01-00 00:00:00,,C4:CB:76:AF:5C:A8,-45,,0.000000,0.000000,0.000,0.000,Client
2026-04-08 13:40:34,1900-01-00 00:00:00,1019-wombat,B8:27:EB:7C:81:10,-49, WPA ,0.000000,0.000000,0.000,0.000,AP
2026-04-08 13:40:34,1900-01-00 00:00:00,1019-wombat,B8:27:EB:7C:81:10,-48, WPA ,0.000000,0.000000,0.000,0.000,AP
2026-04-08 13:40:34,1900-01-00 00:00:00,1019-wombat,B8:27:EB:7C:81:10,-49, WPA ,0.000000,0.000000,0.000,0.000,AP
2026-04-08 13:40:34,1900-01-00 00:00:00,1019-wombat,B8:27:EB:7C:81:10,-49, WPA ,0.000000,0.000000,0.000,0.000,AP
2026-04-08 13:40:34,1900-01-00 00:00:00,1019-wombat,B8:27:EB:7C:81:10,-49, WPA ,0.000000,0.000000,0.000,0.000,AP
2026-04-08 13:40:34,1900-01-00 00:00:00,1019-wombat,B8:27:EB:7C:81:10,-48, WPA ,0.000000,0.000000,0.000,0.000,AP
2026-04-08 13:40:35,1900-01-00 00:00:00,1019-wombat,B8:27:EB:7C:81:10,-49, WPA ,0.000000,0.000000,0.000,0.000,AP
2026-04-08 13:40:35,1900-01-00 00:00:00,1019-wombat,B8:27:EB:7C:81:10,-49, WPA ,0.000000,0.000000,0.000,0.000,AP
2026-04-08 13:40:35,1900-01-00 00:00:00,,C4:CB:76:AF:5C:A8,-49,,0.000000,0.000000,0.000,0.000,Client
2026-04-08 13:40:35,1900-01-00 00:00:00,1019-wombat,B8:27:EB:7C:81:10,-49, WPA ,0.000000,0.000000,0.000,0.000,AP
2026-04-08 13:40:35,1900-01-00 00:00:00,,C4:CB:76:AF:5C:A8,-49,,0.000000,0.000000,0.000,0.000,Client
2026-04-08 13:40:35,1900-01-00 00:00:00,1019-wombat,B8:27:EB:7C:81:10,-49, WPA ,0.000000,0.000000,0.000,0.000,AP
2026-04-08 13:40:35,1900-01-00 00:00:00,,C4:CB:76:AF:5C:A8,-43,,0.000000,0.000000,0.000,0.000,Client
2026-04-08 13:40:35,1900-01-00 00:00:00,1019-wombat,B8:27:EB:7C:81:10,-49, WPA ,0.000000,0.000000,0.000,0.000,AP
2026-04-08 13:40:35,1900-01-00 00:00:00,,C4:CB:76:AF:5C:A8,-48,,0.000000,0.000000,0.000,0.000,Client
2026-04-08 13:40:35,1900-01-00 00:00:00,1019-wombat,B8:27:EB:7C:81:10,-48, WPA ,0.000000,0.000000,0.000,0.000,AP
2026-04-08 13:40:35,1900-01-00 00:00:00,,C4:CB:76:AF:5C:A8,-49,,0.000000,0.000000,0.000,0.000,Client
2026-04-08 13:40:35,1900-01-00 00:00:00,1019-wombat,B8:27:EB:7C:81:10,-48, WPA ,0.000000,0.000000,0.000,0.000,AP
2026-04-08 13:40:35,1900-01-00 00:00:00,,C4:CB:76:AF:5C:A8,-44,,0.000000,0.000000,0.000,0.000,Client
2026-04-08 13:40:35,1900-01-00 00:00:00,,C4:CB:76:AF:5C:A8,-44,,0.000000,0.000000,0.000,0.000,Client
2026-04-08 13:40:35,1900-01-00 00:00:00,1019-wombat,B8:27:EB:7C:81:10,-49, WPA ,0.000000,0.000000,0.000,0.000,AP
2026-04-08 13:40:35,1900-01-00 00:00:00,1019-wombat,B8:27:EB:7C:81:10,-48, WPA ,0.000000,0.000000,0.000,0.000,AP
2026-04-08 13:40:35,1900-01-00 00:00:00,,C4:CB:76:AF:5C:A8,-49,,0.000000,0.000000,0.000,0.000,Client
2026-04-08 13:40:35,1900-01-00 00:00:00,1019-wombat,B8:27:EB:7C:81:10,-49, WPA ,0.000000,0.000000,0.000,0.000,AP
2026-04-08 13:40:35,1900-01-00 00:00:00,,C4:CB:76:AF:5C:A8,-49,,0.000000,0.000000,0.000,0.000,Client
2026-04-08 13:40:35,1900-01-00 00:00:00,1019-wombat,B8:27:EB:7C:81:10,-54, WPA ,0.000000,0.000000,0.000,0.000,AP
2026-04-08 13:40:35,1900-01-00 00:00:00,,C4:CB:76:AF:5C:A8,-47,,0.000000,0.000000,0.000,0.000,Client
2026-04-08 13:40:35,1900-01-00 00:00:00,1019-wombat,B8:27:EB:7C:81:10,-47, WPA ,0.000000,0.000000,0.000,0.000,AP
2026-04-08 13:40:35,1900-01-00 00:00:00,,C4:CB:76:AF:5C:A8,-47,,0.000000,0.000000,0.000,0.000,Client
2026-04-08 13:40:35,1900-01-00 00:00:00,1019-wombat,B8:27:EB:7C:81:10,-47, WPA ,0.000000,0.000000,0.000,0.000,AP
2026-04-08 13:40:35,1900-01-00 00:00:00,1019-wombat,B8:27:EB:7C:81:10,-49, WPA ,0.000000,0.000000,0.000,0.000,AP
2026-04-08 13:40:35,1900-01-00 00:00:00,,C4:CB:76:AF:5C:A8,-52,,0.000000,0.000000,0.000,0.000,Client
2026-04-08 13:40:35,1900-01-00 00:00:00,1019-wombat,B8:27:EB:7C:81:10,-52, WPA ,0.000000,0.000000,0.000,0.000,AP
2026-04-08 13:40:35,1900-01-00 00:00:00,,C4:CB:76:AF:5C:A8,-49,,0.000000,0.000000,0.000,0.000,Client
2026-04-08 13:40:35,1900-01-00 00:00:00,1019-wombat,B8:27:EB:7C:81:10,-51, WPA ,0.000000,0.000000,0.000,0.000,AP
2026-04-08 13:40:35,1900-01-00 00:00:00,,C4:CB:76:AF:5C:A8,-51,,0.000000,0.000000,0.000,0.000,Client
2026-04-08 13:40:35,1900-01-00 00:00:00,1019-wombat,B8:27:EB:7C:81:10,-52, WPA ,0.000000,0.000000,0.000,0.000,AP
2026-04-08 13:40:35,1900-01-00 00:00:00,,C4:CB:76:AF:5C:A8,-52,,0.000000,0.000000,0.000,0.000,Client
2026-04-08 13:40:35,1900-01-00 00:00:00,1019-wombat,B8:27:EB:7C:81:10,-49, WPA ,0.000000,0.000000,0.000,0.000,AP
2026-04-08 13:40:35,1900-01-00 00:00:00,,C4:CB:76:AF:5C:A8,-49,,0.000000,0.000000,0.000,0.000,Client
2026-04-08 13:40:35,1900-01-00 00:00:00,1019-wombat,B8:27:EB:7C:81:10,-50, WPA ,0.000000,0.000000,0.000,0.000,AP
2026-04-08 13:40:35,1900-01-00 00:00:00,,C4:CB:76:AF:5C:A8,-52,,0.000000,0.000000,0.000,0.000,Client
2026-04-08 13:40:35,1900-01-00 00:00:00,1019-wombat,B8:27:EB:7C:81:10,-52, WPA ,0.000000,0.000000,0.000,0.000,AP
2026-04-08 13:40:35,1900-01-00 00:00:00,,C4:CB:76:AF:5C:A8,-49,,0.000000,0.000000,0.000,0.000,Client
2026-04-08 13:40:35,1900-01-00 00:00:00,1019-wombat,B8:27:EB:7C:81:10,-52, WPA ,0.000000,0.000000,0.000,0.000,AP
2026-04-08 13:40:35,1900-01-00 00:00:00,,C4:CB:76:AF:5C:A8,-52,,0.000000,0.000000,0.000,0.000,Client
2026-04-08 13:40:35,1900-01-00 00:00:00,1019-wombat,B8:27:EB:7C:81:10,-49, WPA ,0.000000,0.000000,0.000,0.000,AP
2026-04-08 13:40:35,1900-01-00 00:00:00,,C4:CB:76:AF:5C:A8,-49,,0.000000,0.000000,0.000,0.000,Client
2026-04-08 13:40:35,1900-01-00 00:00:00,1019-wombat,B8:27:EB:7C:81:10,-49, WPA ,0.000000,0.000000,0.000,0.000,AP
2026-04-08 13:40:35,1900-01-00 00:00:00,1019-wombat,B8:27:EB:7C:81:10,-49, WPA ,0.000000,0.000000,0.000,0.000,AP
2026-04-08 13:40:35,1900-01-00 00:00:00,,C4:CB:76:AF:5C:A8,-52,,0.000000,0.000000,0.000,0.000,Client
2026-04-08 13:40:35,1900-01-00 00:00:00,1019-wombat,B8:27:EB:7C:81:10,-50, WPA ,0.000000,0.000000,0.000,0.000,AP
2026-04-08 13:40:35,1900-01-00 00:00:00,,C4:CB:76:AF:5C:A8,-50,,0.000000,0.000000,0.000,0.000,Client
2026-04-08 13:40:35,1900-01-00 00:00:00,1019-wombat,B8:27:EB:7C:81:10,-50, WPA ,0.000000,0.000000,0.000,0.000,AP
2026-04-08 13:40:35,1900-01-00 00:00:00,,C4:CB:76:AF:5C:A8,-50,,0.000000,0.000000,0.000,0.000,Client
2026-04-08 13:40:35,1900-01-00 00:00:00,1019-wombat,B8:27:EB:7C:81:10,-49, WPA ,0.000000,0.000000,0.000,0.000,AP
2026-04-08 13:40:35,1900-01-00 00:00:00,1019-wombat,B8:27:EB:7C:81:10,-47, WPA ,0.000000,0.000000,0.000,0.000,AP
2026-04-08 13:40:35,1900-01-00 00:00:00,,C4:CB:76:AF:5C:A8,-52,,0.000000,0.000000,0.000,0.000,Client
2026-04-08 13:40:35,1900-01-00 00:00:00,1019-wombat,B8:27:EB:7C:81:10,-50, WPA ,0.000000,0.000000,0.000,0.000,AP
2026-04-08 13:40:35,1900-01-00 00:00:00,,C4:CB:76:AF:5C:A8,-52,,0.000000,0.000000,0.000,0.000,Client
2026-04-08 13:40:35,1900-01-00 00:00:00,1019-wombat,B8:27:EB:7C:81:10,-51, WPA ,0.000000,0.000000,0.000,0.000,AP
2026-04-08 13:40:35,1900-01-00 00:00:00,,C4:CB:76:AF:5C:A8,-54,,0.000000,0.000000,0.000,0.000,Client
2026-04-08 13:40:35,1900-01-00 00:00:00,1019-wombat,B8:27:EB:7C:81:10,-54, WPA ,0.000000,0.000000,0.000,0.000,AP
2026-04-08 13:40:35,1900-01-00 00:00:00,,C4:CB:76:AF:5C:A8,-52,,0.000000,0.000000,0.000,0.000,Client
2026-04-08 13:40:35,1900-01-00 00:00:00,1019-wombat,B8:27:EB:7C:81:10,-51, WPA ,0.000000,0.000000,0.000,0.000,AP
2026-04-08 13:40:35,1900-01-00 00:00:00,,C4:CB:76:AF:5C:A8,-52,,0.000000,0.000000,0.000,0.000,Client
2026-04-08 13:40:35,1900-01-00 00:00:00,1019-wombat,B8:27:EB:7C:81:10,-52, WPA ,0.000000,0.000000,0.000,0.000,AP
2026-04-08 13:40:35,1900-01-00 00:00:00,,C4:CB:76:AF:5C:A8,-47,,0.000000,0.000000,0.000,0.000,Client
2026-04-08 13:40:35,1900-01-00 00:00:00,1019-wombat,B8:27:EB:7C:81:10,-55, WPA ,0.000000,0.000000,0.000,0.000,AP
2026-04-08 13:40:35,1900-01-00 00:00:00,,C4:CB:76:AF:5C:A8,-52,,0.000000,0.000000,0.000,0.000,Client
2026-04-08 13:40:35,1900-01-00 00:00:00,1019-wombat,B8:27:EB:7C:81:10,-50, WPA ,0.000000,0.000000,0.000,0.000,AP
2026-04-08 13:40:35,1900-01-00 00:00:00,,C4:CB:76:AF:5C:A8,-50,,0.000000,0.000000,0.000,0.000,Client
2026-04-08 13:40:35,1900-01-00 00:00:00,1019-wombat,B8:27:EB:7C:81:10,-50, WPA ,0.000000,0.000000,0.000,0.000,AP
2026-04-08 13:40:35,1900-01-00 00:00:00,,C4:CB:76:AF:5C:A8,-50,,0.000000,0.000000,0.000,0.000,Client
2026-04-08 13:40:35,1900-01-00 00:00:00,1019-wombat,B8:27:EB:7C:81:10,-49, WPA ,0.000000,0.000000,0.000,0.000,AP
2026-04-08 13:40:35,1900-01-00 00:00:00,,C4:CB:76:AF:5C:A8,-49,,0.000000,0.000000,0.000,0.000,Client
2026-04-08 13:40:35,1900-01-00 00:00:00,1019-wombat,B8:27:EB:7C:81:10,-49, WPA ,0.000000,0.000000,0.000,0.000,AP
2026-04-08 13:40:35,1900-01-00 00:00:00,,C4:CB:76:AF:5C:A8,-49,,0.000000,0.000000,0.000,0.000,Client
2026-04-08 13:40:35,1900-01-00 00:00:00,1019-wombat,B8:27:EB:7C:81:10,-50, WPA ,0.000000,0.000000,0.000,0.000,AP
2026-04-08 13:40:35,1900-01-00 00:00:00,,C4:CB:76:AF:5C:A8,-50,,0.000000,0.000000,0.000,0.000,Client
2026-04-08 13:40:35,1900-01-00 00:00:00,1019-wombat,B8:27:EB:7C:81:10,-50, WPA ,0.000000,0.000000,0.000,0.000,AP
2026-04-08 13:40:35,1900-01-00 00:00:00,,C4:CB:76:AF:5C:A8,-50,,0.000000,0.000000,0.000,0.000,Client
2026-04-08 13:40:35,1900-01-00 00:00:00,1019-wombat,B8:27:EB:7C:81:10,-49, WPA ,0.000000,0.000000,0.000,0.000,AP
2026-04-08 13:40:35,1900-01-00 00:00:00,,C4:CB:76:AF:5C:A8,-49,,0.000000,0.000000,0.000,0.000,Client
2026-04-08 13:40:35,1900-01-00 00:00:00,1019-wombat,B8:27:EB:7C:81:10,-49, WPA ,0.000000,0.000000,0.000,0.000,AP
2026-04-08 13:40:35,1900-01-00 00:00:00,,C4:CB:76:AF:5C:A8,-50,,0.000000,0.000000,0.000,0.000,Client
2026-04-08 13:40:35,1900-01-00 00:00:00,1019-wombat,B8:27:EB:7C:81:10,-50, WPA ,0.000000,0.000000,0.000,0.000,AP
2026-04-08 13:40:35,1900-01-00 00:00:00,1019-wombat,B8:27:EB:7C:81:10,-50, WPA ,0.000000,0.000000,0.000,0.000,AP
2026-04-08 13:40:35,1900-01-00 00:00:00,,C4:CB:76:AF:5C:A8,-50,,0.000000,0.000000,0.000,0.000,Client
2026-04-08 13:40:35,1900-01-00 00:00:00,1019-wombat,B8:27:EB:7C:81:10,-50, WPA ,0.000000,0.000000,0.000,0.000,AP
2026-04-08 13:40:35,1900-01-00 00:00:00,,C4:CB:76:AF:5C:A8,-50,,0.000000,0.000000,0.000,0.000,Client
2026-04-08 13:40:35,1900-01-00 00:00:00,1019-wombat,B8:27:EB:7C:81:10,-50, WPA ,0.000000,0.000000,0.000,0.000,AP
2026-04-08 13:40:35,1900-01-00 00:00:00,,C4:CB:76:AF:5C:A8,-50,,0.000000,0.000000,0.000,0.000,Client
2026-04-08 13:40:35,1900-01-00 00:00:00,1019-wombat,B8:27:EB:7C:81:10,-50, WPA ,0.000000,0.000000,0.000,0.000,AP
2026-04-08 13:40:35,1900-01-00 00:00:00,,C4:CB:76:AF:5C:A8,-50,,0.000000,0.000000,0.000,0.000,Client
2026-04-08 13:40:35,1900-01-00 00:00:00,1019-wombat,B8:27:EB:7C:81:10,-50, WPA ,0.000000,0.000000,0.000,0.000,AP
2026-04-08 13:40:35,1900-01-00 00:00:00,,C4:CB:76:AF:5C:A8,-50,,0.000000,0.000000,0.000,0.000,Client
2026-04-08 13:40:35,1900-01-00 00:00:00,1019-wombat,B8:27:EB:7C:81:10,-49, WPA ,0.000000,0.000000,0.000,0.000,AP
2026-04-08 13:40:35,1900-01-00 00:00:00,,C4:CB:76:AF:5C:A8,-49,,0.000000,0.000000,0.000,0.000,Client
2026-04-08 13:40:35,1900-01-00 00:00:00,1019-wombat,B8:27:EB:7C:81:10,-44, WPA ,0.000000,0.000000,0.000,0.000,AP
2026-04-08 13:40:35,1900-01-00 00:00:00,,C4:CB:76:AF:5C:A8,-56,,0.000000,0.000000,0.000,0.000,Client
2026-04-08 13:40:35,1900-01-00 00:00:00,1019-wombat,B8:27:EB:7C:81:10,-49, WPA ,0.000000,0.000000,0.000,0.000,AP
2026-04-08 13:40:35,1900-01-00 00:00:00,,C4:CB:76:AF:5C:A8,-49,,0.000000,0.000000,0.000,0.000,Client
2026-04-08 13:40:35,1900-01-00 00:00:00,1019-wombat,B8:27:EB:7C:81:10,-50, WPA ,0.000000,0.000000,0.000,0.000,AP
2026-04-08 13:40:35,1900-01-00 00:00:00,,C4:CB:76:AF:5C:A8,-50,,0.000000,0.000000,0.000,0.000,Client
2026-04-08 13:40:35,1900-01-00 00:00:00,,C4:CB:76:AF:5C:A8,-47,,0.000000,0.000000,0.000,0.000,Client
2026-04-08 13:40:35,1900-01-00 00:00:00,1019-wombat,B8:27:EB:7C:81:10,-49, WPA ,0.000000,0.000000,0.000,0.000,AP
2026-04-08 13:40:35,1900-01-00 00:00:00,1019-wombat,B8:27:EB:7C:81:10,-50, WPA ,0.000000,0.000000,0.000,0.000,AP
2026-04-08 13:40:35,1900-01-00 00:00:00,,C4:CB:76:AF:5C:A8,-47,,0.000000,0.000000,0.000,0.000,Client
2026-04-08 13:40:35,1900-01-00 00:00:00,1019-wombat,B8:27:EB:7C:81:10,-49, WPA ,0.000000,0.000000,0.000,0.000,AP
2026-04-08 13:40:35,1900-01-00 00:00:00,,C4:CB:76:AF:5C:A8,-49,,0.000000,0.000000,0.000,0.000,Client
2026-04-08 13:40:35,1900-01-00 00:00:00,,C4:CB:76:AF:5C:A8,-47,,0.000000,0.000000,0.000,0.000,Client
2026-04-08 13:40:35,1900-01-00 00:00:00,1019-wombat,B8:27:EB:7C:81:10,-49, WPA ,0.000000,0.000000,0.000,0.000,AP
2026-04-08 13:40:35,1900-01-00 00:00:00,1019-wombat,B8:27:EB:7C:81:10,-47, WPA ,0.000000,0.000000,0.000,0.000,AP
2026-04-08 13:40:35,1900-01-00 00:00:00,,C4:CB:76:AF:5C:A8,-47,,0.000000,0.000000,0.000,0.000,Client
2026-04-08 13:40:35,1900-01-00 00:00:00,1019-wombat,B8:27:EB:7C:81:10,-55, WPA ,0.000000,0.000000,0.000,0.000,AP
2026-04-08 13:40:35,1900-01-00 00:00:00,,C4:CB:76:AF:5C:A8,-49,,0.000000,0.000000,0.000,0.000,Client
2026-04-08 13:40:35,1900-01-00 00:00:00,1019-wombat,B8:27:EB:7C:81:10,-49, WPA ,0.000000,0.000000,0.000,0.000,AP
2026-04-08 13:40:35,1900-01-00 00:00:00,,C4:CB:76:AF:5C:A8,-49,,0.000000,0.000000,0.000,0.000,Client
2026-04-08 13:40:35,1900-01-00 00:00:00,,C4:CB:76:AF:5C:A8,-46,,0.000000,0.000000,0.000,0.000,Client
2026-04-08 13:40:35,1900-01-00 00:00:00,1019-wombat,B8:27:EB:7C:81:10,-49, WPA ,0.000000,0.000000,0.000,0.000,AP
2026-04-08 13:40:35,1900-01-00 00:00:00,1019-wombat,B8:27:EB:7C:81:10,-47, WPA ,0.000000,0.000000,0.000,0.000,AP
2026-04-08 13:40:35,1900-01-00 00:00:00,,C4:CB:76:AF:5C:A8,-49,,0.000000,0.000000,0.000,0.000,Client
2026-04-08 13:40:35,1900-01-00 00:00:00,1019-wombat,B8:27:EB:7C:81:10,-49, WPA ,0.000000,0.000000,0.000,0.000,AP
2026-04-08 13:40:35,1900-01-00 00:00:00,,C4:CB:76:AF:5C:A8,-47,,0.000000,0.000000,0.000,0.000,Client
2026-04-08 13:40:35,1900-01-00 00:00:00,1019-wombat,B8:27:EB:7C:81:10,-43, WPA ,0.000000,0.000000,0.000,0.000,AP
2026-04-08 13:40:35,1900-01-00 00:00:00,,C4:CB:76:AF:5C:A8,-43,,0.000000,0.000000,0.000,0.000,Client
2026-04-08 13:40:35,1900-01-00 00:00:00,1019-wombat,B8:27:EB:7C:81:10,-47, WPA ,0.000000,0.000000,0.000,0.000,AP
2026-04-08 13:40:35,1900-01-00 00:00:00,,C4:CB:76:AF:5C:A8,-50,,0.000000,0.000000,0.000,0.000,Client
2026-04-08 13:40:35,1900-01-00 00:00:00,1019-wombat,B8:27:EB:7C:81:10,-47, WPA ,0.000000,0.000000,0.000,0.000,AP
2026-04-08 13:40:35,1900-01-00 00:00:00,,C4:CB:76:AF:5C:A8,-50,,0.000000,0.000000,0.000,0.000,Client
2026-04-08 13:40:35,1900-01-00 00:00:00,1019-wombat,B8:27:EB:7C:81:10,-47, WPA ,0.000000,0.000000,0.000,0.000,AP
2026-04-08 13:40:35,1900-01-00 00:00:00,,C4:CB:76:AF:5C:A8,-49,,0.000000,0.000000,0.000,0.000,Client
2026-04-08 13:40:35,1900-01-00 00:00:00,1019-wombat,B8:27:EB:7C:81:10,-47, WPA ,0.000000,0.000000,0.000,0.000,AP
2026-04-08 13:40:35,1900-01-00 00:00:00,1019-wombat,B8:27:EB:7C:81:10,-49, WPA ,0.000000,0.000000,0.000,0.000,AP
2026-04-08 13:40:35,1900-01-00 00:00:00,,C4:CB:76:AF:5C:A8,-49,,0.000000,0.000000,0.000,0.000,Client
2026-04-08 13:40:35,1900-01-00 00:00:00,1019-wombat,B8:27:EB:7C:81:10,-49, WPA ,0.000000,0.000000,0.000,0.000,AP
2026-04-08 13:40:35,1900-01-00 00:00:00,,C4:CB:76:AF:5C:A8,-50,,0.000000,0.000000,0.000,0.000,Client
2026-04-08 13:40:35,1900-01-00 00:00:00,1019-wombat,B8:27:EB:7C:81:10,-50, WPA ,0.000000,0.000000,0.000,0.000,AP
2026-04-08 13:40:35,1900-01-00 00:00:00,,C4:CB:76:AF:5C:A8,-48,,0.000000,0.000000,0.000,0.000,Client
2026-04-08 13:40:35,1900-01-00 00:00:00,1019-wombat,B8:27:EB:7C:81:10,-50, WPA ,0.000000,0.000000,0.000,0.000,AP
2026-04-08 13:40:35,1900-01-00 00:00:00,,C4:CB:76:AF:5C:A8,-50,,0.000000,0.000000,0.000,0.000,Client
2026-04-08 13:40:35,1900-01-00 00:00:00,1019-wombat,B8:27:EB:7C:81:10,-50, WPA ,0.000000,0.000000,0.000,0.000,AP
2026-04-08 13:40:35,1900-01-00 00:00:00,,C4:CB:76:AF:5C:A8,-50,,0.000000,0.000000,0.000,0.000,Client
2026-04-08 13:40:35,1900-01-00 00:00:00,1019-wombat,B8:27:EB:7C:81:10,-47, WPA ,0.000000,0.000000,0.000,0.000,AP
2026-04-08 13:40:35,1900-01-00 00:00:00,,C4:CB:76:AF:5C:A8,-50,,0.000000,0.000000,0.000,0.000,Client
2026-04-08 13:40:35,1900-01-00 00:00:00,1019-wombat,B8:27:EB:7C:81:10,-46, WPA ,0.000000,0.000000,0.000,0.000,AP
2026-04-08 13:40:35,1900-01-00 00:00:00,,C4:CB:76:AF:5C:A8,-47,,0.000000,0.000000,0.000,0.000,Client
2026-04-08 13:40:35,1900-01-00 00:00:00,1019-wombat,B8:27:EB:7C:81:10,-47, WPA ,0.000000,0.000000,0.000,0.000,AP
2026-04-08 13:40:35,1900-01-00 00:00:00,,C4:CB:76:AF:5C:A8,-47,,0.000000,0.000000,0.000,0.000,Client
2026-04-08 13:40:35,1900-01-00 00:00:00,1019-wombat,B8:27:EB:7C:81:10,-50, WPA ,0.000000,0.000000,0.000,0.000,AP
2026-04-08 13:40:35,1900-01-00 00:00:00,1019-wombat,B8:27:EB:7C:81:10,-48, WPA ,0.000000,0.000000,0.000,0.000,AP
2026-04-08 13:40:35,1900-01-00 00:00:00,1019-wombat,B8:27:EB:7C:81:10,-48, WPA ,0.000000,0.000000,0.000,0.000,AP
2026-04-08 13:40:35,1900-01-00 00:00:00,,C4:CB:76:AF:5C:A8,-48,,0.000000,0.000000,0.000,0.000,Client
2026-04-08 13:40:35,1900-01-00 00:00:00,1019-wombat,B8:27:EB:7C:81:10,-48, WPA ,0.000000,0.000000,0.000,0.000,AP
2026-04-08 13:40:35,1900-01-00 00:00:00,,C4:CB:76:AF:5C:A8,-48,,0.000000,0.000000,0.000,0.000,Client
2026-04-08 13:40:35,1900-01-00 00:00:00,1019-wombat,B8:27:EB:7C:81:10,-48, WPA ,0.000000,0.000000,0.000,0.000,AP
2026-04-08 13:40:35,1900-01-00 00:00:00,,C4:CB:76:AF:5C:A8,-54,,0.000000,0.000000,0.000,0.000,Client
2026-04-08 13:40:35,1900-01-00 00:00:00,1019-wombat,B8:27:EB:7C:81:10,-49, WPA ,0.000000,0.000000,0.000,0.000,AP
2026-04-08 13:40:35,1900-01-00 00:00:00,,C4:CB:76:AF:5C:A8,-49,,0.000000,0.000000,0.000,0.000,Client
2026-04-08 13:40:35,1900-01-00 00:00:00,1019-wombat,B8:27:EB:7C:81:10,-48, WPA ,0.000000,0.000000,0.000,0.000,AP
2026-04-08 13:40:35,1900-01-00 00:00:00,,C4:CB:76:AF:5C:A8,-49,,0.000000,0.000000,0.000,0.000,Client
2026-04-08 13:40:35,1900-01-00 00:00:00,1019-wombat,B8:27:EB:7C:81:10,-49, WPA ,0.000000,0.000000,0.000,0.000,AP
2026-04-08 13:40:35,1900-01-00 00:00:00,,C4:CB:76:AF:5C:A8,-50,,0.000000,0.000000,0.000,0.000,Client
2026-04-08 13:40:35,1900-01-00 00:00:00,1019-wombat,B8:27:EB:7C:81:10,-48, WPA ,0.000000,0.000000,0.000,0.000,AP
2026-04-08 13:40:35,1900-01-00 00:00:00,,C4:CB:76:AF:5C:A8,-49,,0.000000,0.000000,0.000,0.000,Client
2026-04-08 13:40:35,1900-01-00 00:00:00,1019-wombat,B8:27:EB:7C:81:10,-47, WPA ,0.000000,0.000000,0.000,0.000,AP
2026-04-08 13:40:35,1900-01-00 00:00:00,,C4:CB:76:AF:5C:A8,-47,,0.000000,0.000000,0.000,0.000,Client
2026-04-08 13:40:35,1900-01-00 00:00:00,1019-wombat,B8:27:EB:7C:81:10,-49, WPA ,0.000000,0.000000,0.000,0.000,AP
2026-04-08 13:40:35,1900-01-00 00:00:00,,C4:CB:76:AF:5C:A8,-47,,0.000000,0.000000,0.000,0.000,Client
2026-04-08 13:40:35,1900-01-00 00:00:00,1019-wombat,B8:27:EB:7C:81:10,-49, WPA ,0.000000,0.000000,0.000,0.000,AP
2026-04-08 13:40:35,1900-01-00 00:00:00,,C4:CB:76:AF:5C:A8,-49,,0.000000,0.000000,0.000,0.000,Client
2026-04-08 13:40:35,1900-01-00 00:00:00,1019-wombat,B8:27:EB:7C:81:10,-49, WPA ,0.000000,0.000000,0.000,0.000,AP
2026-04-08 13:40:35,1900-01-00 00:00:00,,C4:CB:76:AF:5C:A8,-49,,0.000000,0.000000,0.000,0.000,Client
2026-04-08 13:40:35,1900-01-00 00:00:00,1019-wombat,B8:27:EB:7C:81:10,-49, WPA ,0.000000,0.000000,0.000,0.000,AP
2026-04-08 13:40:35,1900-01-00 00:00:00,,C4:CB:76:AF:5C:A8,-49,,0.000000,0.000000,0.000,0.000,Client
2026-04-08 13:40:35,1900-01-00 00:00:00,1019-wombat,B8:27:EB:7C:81:10,-49, WPA ,0.000000,0.000000,0.000,0.000,AP
2026-04-08 13:40:35,1900-01-00 00:00:00,,C4:CB:76:AF:5C:A8,-46,,0.000000,0.000000,0.000,0.000,Client
2026-04-08 13:40:35,1900-01-00 00:00:00,1019-wombat,B8:27:EB:7C:81:10,-47, WPA ,0.000000,0.000000,0.000,0.000,AP
2026-04-08 13:40:35,1900-01-00 00:00:00,,C4:CB:76:AF:5C:A8,-49,,0.000000,0.000000,0.000,0.000,Client
2026-04-08 13:40:35,1900-01-00 00:00:00,1019-wombat,B8:27:EB:7C:81:10,-56, WPA ,0.000000,0.000000,0.000,0.000,AP
2026-04-08 13:40:35,1900-01-00 00:00:00,,C4:CB:76:AF:5C:A8,-56,,0.000000,0.000000,0.000,0.000,Client
2026-04-08 13:40:35,1900-01-00 00:00:00,1019-wombat,B8:27:EB:7C:81:10,-47, WPA ,0.000000,0.000000,0.000,0.000,AP
2026-04-08 13:40:35,1900-01-00 00:00:00,,C4:CB:76:AF:5C:A8,-46,,0.000000,0.000000,0.000,0.000,Client
2026-04-08 13:40:35,1900-01-00 00:00:00,1019-wombat,B8:27:EB:7C:81:10,-49, WPA ,0.000000,0.000000,0.000,0.000,AP
2026-04-08 13:40:35,1900-01-00 00:00:00,1019-wombat,B8:27:EB:7C:81:10,-48, WPA ,0.000000,0.000000,0.000,0.000,AP
2026-04-08 13:40:35,1900-01-00 00:00:00,,C4:CB:76:AF:5C:A8,-47,,0.000000,0.000000,0.000,0.000,Client
2026-04-08 13:40:35,1900-01-00 00:00:00,1019-wombat,B8:27:EB:7C:81:10,-48, WPA ,0.000000,0.000000,0.000,0.000,AP
2026-04-08 13:40:35,1900-01-00 00:00:00,,C4:CB:76:AF:5C:A8,-48,,0.000000,0.000000,0.000,0.000,Client
2026-04-08 13:40:35,1900-01-00 00:00:00,1019-wombat,B8:27:EB:7C:81:10,-47, WPA ,0.000000,0.000000,0.000,0.000,AP
2026-04-08 13:40:35,1900-01-00 00:00:00,,C4:CB:76:AF:5C:A8,-48,,0.000000,0.000000,0.000,0.000,Client
2026-04-08 13:40:35,1900-01-00 00:00:00,1019-wombat,B8:27:EB:7C:81:10,-47, WPA ,0.000000,0.000000,0.000,0.000,AP
2026-04-08 13:40:35,1900-01-00 00:00:00,,C4:CB:76:AF:5C:A8,-47,,0.000000,0.000000,0.000,0.000,Client
2026-04-08 13:40:35,1900-01-00 00:00:00,1019-wombat,B8:27:EB:7C:81:10,-47, WPA ,0.000000,0.000000,0.000,0.000,AP
2026-04-08 13:40:35,1900-01-00 00:00:00,,C4:CB:76:AF:5C:A8,-48,,0.000000,0.000000,0.000,0.000,Client
2026-04-08 13:40:35,1900-01-00 00:00:00,1019-wombat,B8:27:EB:7C:81:10,-54, WPA ,0.000000,0.000000,0.000,0.000,AP
2026-04-08 13:40:35,1900-01-00 00:00:00,,C4:CB:76:AF:5C:A8,-46,,0.000000,0.000000,0.000,0.000,Client
2026-04-08 13:40:35,1900-01-00 00:00:00,1019-wombat,B8:27:EB:7C:81:10,-51, WPA ,0.000000,0.000000,0.000,0.000,AP
2026-04-08 13:40:35,1900-01-00 00:00:00,,C4:CB:76:AF:5C:A8,-47,,0.000000,0.000000,0.000,0.000,Client
2026-04-08 13:40:35,1900-01-00 00:00:00,1019-wombat,B8:27:EB:7C:81:10,-47, WPA ,0.000000,0.000000,0.000,0.000,AP
2026-04-08 13:40:35,1900-01-00 00:00:00,,C4:CB:76:AF:5C:A8,-47,,0.000000,0.000000,0.000,0.000,Client
2026-04-08 13:40:35,1900-01-00 00:00:00,1019-wombat,B8:27:EB:7C:81:10,-51, WPA ,0.000000,0.000000,0.000,0.000,AP
2026-04-08 13:40:35,1900-01-00 00:00:00,,C4:CB:76:AF:5C:A8,-48,,0.000000,0.000000,0.000,0.000,Client
2026-04-08 13:40:35,1900-01-00 00:00:00,1019-wombat,B8:27:EB:7C:81:10,-47, WPA ,0.000000,0.000000,0.000,0.000,AP
2026-04-08 13:40:35,1900-01-00 00:00:00,,C4:CB:76:AF:5C:A8,-47,,0.000000,0.000000,0.000,0.000,Client
2026-04-08 13:40:35,1900-01-00 00:00:00,1019-wombat,B8:27:EB:7C:81:10,-47, WPA ,0.000000,0.000000,0.000,0.000,AP
2026-04-08 13:40:35,1900-01-00 00:00:00,,C4:CB:76:AF:5C:A8,-47,,0.000000,0.000000,0.000,0.000,Client
2026-04-08 13:40:35,1900-01-00 00:00:00,1019-wombat,B8:27:EB:7C:81:10,-48, WPA ,0.000000,0.000000,0.000,0.000,AP
2026-04-08 13:40:35,1900-01-00 00:00:00,,C4:CB:76:AF:5C:A8,-48,,0.000000,0.000000,0.000,0.000,Client
2026-04-08 13:40:35,1900-01-00 00:00:00,1019-wombat,B8:27:EB:7C:81:10,-48, WPA ,0.000000,0.000000,0.000,0.000,AP
2026-04-08 13:40:35,1900-01-00 00:00:00,,C4:CB:76:AF:5C:A8,-48,,0.000000,0.000000,0.000,0.000,Client
2026-04-08 13:40:35,1900-01-00 00:00:00,1019-wombat,B8:27:EB:7C:81:10,-48, WPA ,0.000000,0.000000,0.000,0.000,AP
2026-04-08 13:40:35,1900-01-00 00:00:00,,C4:CB:76:AF:5C:A8,-48,,0.000000,0.000000,0.000,0.000,Client
2026-04-08 13:40:35,1900-01-00 00:00:00,1019-wombat,B8:27:EB:7C:81:10,-48, WPA ,0.000000,0.000000,0.000,0.000,AP
2026-04-08 13:40:35,1900-01-00 00:00:00,,C4:CB:76:AF:5C:A8,-49,,0.000000,0.000000,0.000,0.000,Client
2026-04-08 13:40:35,1900-01-00 00:00:00,1019-wombat,B8:27:EB:7C:81:10,-49, WPA ,0.000000,0.000000,0.000,0.000,AP
2026-04-08 13:40:35,1900-01-00 00:00:00,,C4:CB:76:AF:5C:A8,-43,,0.000000,0.000000,0.000,0.000,Client
2026-04-08 13:40:35,1900-01-00 00:00:00,1019-wombat,B8:27:EB:7C:81:10,-49, WPA ,0.000000,0.000000,0.000,0.000,AP
2026-04-08 13:40:35,1900-01-00 00:00:00,,C4:CB:76:AF:5C:A8,-48,,0.000000,0.000000,0.000,0.000,Client
2026-04-08 13:40:35,1900-01-00 00:00:00,1019-wombat,B8:27:EB:7C:81:10,-49, WPA ,0.000000,0.000000,0.000,0.000,AP
2026-04-08 13:40:35,1900-01-00 00:00:00,,C4:CB:76:AF:5C:A8,-49,,0.000000,0.000000,0.000,0.000,Client
2026-04-08 13:40:35,1900-01-00 00:00:00,1019-wombat,B8:27:EB:7C:81:10,-48, WPA ,0.000000,0.000000,0.000,0.000,AP
2026-04-08 13:40:35,1900-01-00 00:00:00,1019-wombat,B8:27:EB:7C:81:10,-48, WPA ,0.000000,0.000000,0.000,0.000,AP
2026-04-08 13:40:35,1900-01-00 00:00:00,,C4:CB:76:AF:5C:A8,-56,,0.000000,0.000000,0.000,0.000,Client
2026-04-08 13:40:35,1900-01-00 00:00:00,1019-wombat,B8:27:EB:7C:81:10,-56, WPA ,0.000000,0.000000,0.000,0.000,AP
2026-04-08 13:40:35,1900-01-00 00:00:00,,C4:CB:76:AF:5C:A8,-49,,0.000000,0.000000,0.000,0.000,Client
2026-04-08 13:40:35,1900-01-00 00:00:00,1019-wombat,B8:27:EB:7C:81:10,-48, WPA ,0.000000,0.000000,0.000,0.000,AP
2026-04-08 13:40:35,1900-01-00 00:00:00,,C4:CB:76:AF:5C:A8,-48,,0.000000,0.000000,0.000,0.000,Client
2026-04-08 13:40:35,1900-01-00 00:00:00,1019-wombat,B8:27:EB:7C:81:10,-49, WPA ,0.000000,0.000000,0.000,0.000,AP
2026-04-08 13:40:35,1900-01-00 00:00:00,,C4:CB:76:AF:5C:A8,-49,,0.000000,0.000000,0.000,0.000,Client
2026-04-08 13:40:35,1900-01-00 00:00:00,1019-wombat,B8:27:EB:7C:81:10,-49, WPA ,0.000000,0.000000,0.000,0.000,AP
2026-04-08 13:40:35,1900-01-00 00:00:00,,C4:CB:76:AF:5C:A8,-49,,0.000000,0.000000,0.000,0.000,Client
2026-04-08 13:40:35,1900-01-00 00:00:00,1019-wombat,B8:27:EB:7C:81:10,-49, WPA ,0.000000,0.000000,0.000,0.000,AP
2026-04-08 13:40:35,1900-01-00 00:00:00,,C4:CB:76:AF:5C:A8,-47,,0.000000,0.000000,0.000,0.000,Client
2026-04-08 13:40:35,1900-01-00 00:00:00,1019-wombat,B8:27:EB:7C:81:10,-49, WPA ,0.000000,0.000000,0.000,0.000,AP
2026-04-08 13:40:35,1900-01-00 00:00:00,,C4:CB:76:AF:5C:A8,-49,,0.000000,0.000000,0.000,0.000,Client
2026-04-08 13:40:35,1900-01-00 00:00:00,1019-wombat,B8:27:EB:7C:81:10,-49, WPA ,0.000000,0.000000,0.000,0.000,AP
2026-04-08 13:40:35,1900-01-00 00:00:00,,C4:CB:76:AF:5C:A8,-49,,0.000000,0.000000,0.000,0.000,Client
2026-04-08 13:40:35,1900-01-00 00:00:00,1019-wombat,B8:27:EB:7C:81:10,-49, WPA ,0.000000,0.000000,0.000,0.000,AP
2026-04-08 13:40:35,1900-01-00 00:00:00,,C4:CB:76:AF:5C:A8,-51,,0.000000,0.000000,0.000,0.000,Client
2026-04-08 13:40:35,1900-01-00 00:00:00,1019-wombat,B8:27:EB:7C:81:10,-49, WPA ,0.000000,0.000000,0.000,0.000,AP
2026-04-08 13:40:35,1900-01-00 00:00:00,,C4:CB:76:AF:5C:A8,-49,,0.000000,0.000000,0.000,0.000,Client
2026-04-08 13:40:35,1900-01-00 00:00:00,1019-wombat,B8:27:EB:7C:81:10,-48, WPA ,0.000000,0.000000,0.000,0.000,AP
2026-04-08 13:40:35,1900-01-00 00:00:00,,C4:CB:76:AF:5C:A8,-49,,0.000000,0.000000,0.000,0.000,Client
2026-04-08 13:40:35,1900-01-00 00:00:00,1019-wombat,B8:27:EB:7C:81:10,-49, WPA ,0.000000,0.000000,0.000,0.000,AP
2026-04-08 13:40:35,1900-01-00 00:00:00,,C4:CB:76:AF:5C:A8,-49,,0.000000,0.000000,0.000,0.000,Client
2026-04-08 13:40:35,1900-01-00 00:00:00,1019-wombat,B8:27:EB:7C:81:10,-48, WPA ,0.000000,0.000000,0.000,0.000,AP
2026-04-08 13:40:35,1900-01-00 00:00:00,,C4:CB:76:AF:5C:A8,-49,,0.000000,0.000000,0.000,0.000,Client
2026-04-08 13:40:35,1900-01-00 00:00:00,1019-wombat,B8:27:EB:7C:81:10,-48, WPA ,0.000000,0.000000,0.000,0.000,AP
2026-04-08 13:40:35,1900-01-00 00:00:00,,C4:CB:76:AF:5C:A8,-48,,0.000000,0.000000,0.000,0.000,Client
2026-04-08 13:40:35,1900-01-00 00:00:00,1019-wombat,B8:27:EB:7C:81:10,-49, WPA ,0.000000,0.000000,0.000,0.000,AP
2026-04-08 13:40:35,1900-01-00 00:00:00,,C4:CB:76:AF:5C:A8,-49,,0.000000,0.000000,0.000,0.000,Client
2026-04-08 13:40:35,1900-01-00 00:00:00,1019-wombat,B8:27:EB:7C:81:10,-49, WPA ,0.000000,0.000000,0.000,0.000,AP
2026-04-08 13:40:35,1900-01-00 00:00:00,,C4:CB:76:AF:5C:A8,-53,,0.000000,0.000000,0.000,0.000,Client
2026-04-08 13:40:35,1900-01-00 00:00:00,1019-wombat,B8:27:EB:7C:81:10,-53, WPA ,0.000000,0.000000,0.000,0.000,AP
2026-04-08 13:40:35,1900-01-00 00:00:00,,C4:CB:76:AF:5C:A8,-53,,0.000000,0.000000,0.000,0.000,Client
2026-04-08 13:40:35,1900-01-00 00:00:00,,C4:CB:76:AF:5C:A8,-48,,0.000000,0.000000,0.000,0.000,Client
2026-04-08 13:40:35,1900-01-00 00:00:00,1019-wombat,B8:27:EB:7C:81:10,-49, WPA ,0.000000,0.000000,0.000,0.000,AP
2026-04-08 13:40:35,1900-01-00 00:00:00,1019-wombat,B8:27:EB:7C:81:10,-48, WPA ,0.000000,0.000000,0.000,0.000,AP
2026-04-08 13:40:35,1900-01-00 00:00:00,,C4:CB:76:AF:5C:A8,-48,,0.000000,0.000000,0.000,0.000,Client
2026-04-08 13:40:35,1900-01-00 00:00:00,1019-wombat,B8:27:EB:7C:81:10,-48, WPA ,0.000000,0.000000,0.000,0.000,AP
2026-04-08 13:40:35,1900-01-00 00:00:00,,C4:CB:76:AF:5C:A8,-48,,0.000000,0.000000,0.000,0.000,Client
2026-04-08 13:40:35,1900-01-00 00:00:00,,C4:CB:76:AF:5C:A8,-49,,0.000000,0.000000,0.000,0.000,Client
2026-04-08 13:40:35,1900-01-00 00:00:00,1019-wombat,B8:27:EB:7C:81:10,-49, WPA ,0.000000,0.000000,0.000,0.000,AP
2026-04-08 13:40:35,1900-01-00 00:00:00,,C4:CB:76:AF:5C:A8,-49,,0.000000,0.000000,0.000,0.000,Client
2026-04-08 13:40:35,1900-01-00 00:00:00,1019-wombat,B8:27:EB:7C:81:10,-55, WPA ,0.000000,0.000000,0.000,0.000,AP
2026-04-08 13:40:35,1900-01-00 00:00:00,,C4:CB:76:AF:5C:A8,-49,,0.000000,0.000000,0.000,0.000,Client
2026-04-08 13:40:35,1900-01-00 00:00:00,1019-wombat,B8:27:EB:7C:81:10,-48, WPA ,0.000000,0.000000,0.000,0.000,AP
2026-04-08 13:40:35,1900-01-00 00:00:00,,C4:CB:76:AF:5C:A8,-48,,0.000000,0.000000,0.000,0.000,Client
2026-04-08 13:40:35,1900-01-00 00:00:00,1019-wombat,B8:27:EB:7C:81:10,-49, WPA ,0.000000,0.000000,0.000,0.000,AP
2026-04-08 13:40:35,1900-01-00 00:00:00,,C4:CB:76:AF:5C:A8,-48,,0.000000,0.000000,0.000,0.000,Client
2026-04-08 13:40:35,1900-01-00 00:00:00,1019-wombat,B8:27:EB:7C:81:10,-48, WPA ,0.000000,0.000000,0.000,0.000,AP
2026-04-08 13:40:35,1900-01-00 00:00:00,1019-wombat,B8:27:EB:7C:81:10,-49, WPA ,0.000000,0.000000,0.000,0.000,AP
2026-04-08 13:40:35,1900-01-00 00:00:00,,C4:CB:76:AF:5C:A8,-39,,0.000000,0.000000,0.000,0.000,Client
2026-04-08 13:40:35,1900-01-00 00:00:00,1019-wombat,B8:27:EB:7C:81:10,-39, WPA ,0.000000,0.000000,0.000,0.000,AP
2026-04-08 13:40:35,1900-01-00 00:00:00,,C4:CB:76:AF:5C:A8,-48,,0.000000,0.000000,0.000,0.000,Client
2026-04-08 13:40:35,1900-01-00 00:00:00,1019-wombat,B8:27:EB:7C:81:10,-48, WPA ,0.000000,0.000000,0.000,0.000,AP
2026-04-08 13:40:35,1900-01-00 00:00:00,,C4:CB:76:AF:5C:A8,-48,,0.000000,0.000000,0.000,0.000,Client
2026-04-08 13:40:35,1900-01-00 00:00:00,1019-wombat,B8:27:EB:7C:81:10,-48, WPA ,0.000000,0.000000,0.000,0.000,AP
2026-04-08 13:40:35,1900-01-00 00:00:00,,C4:CB:76:AF:5C:A8,-53,,0.000000,0.000000,0.000,0.000,Client
2026-04-08 13:40:35,1900-01-00 00:00:00,1019-wombat,B8:27:EB:7C:81:10,-53, WPA ,0.000000,0.000000,0.000,0.000,AP
2026-04-08 13:40:35,1900-01-00 00:00:00,,C4:CB:76:AF:5C:A8,-49,,0.000000,0.000000,0.000,0.000,Client
2026-04-08 13:40:35,1900-01-00 00:00:00,1019-wombat,B8:27:EB:7C:81:10,-48, WPA ,0.000000,0.000000,0.000,0.000,AP
2026-04-08 13:40:35,1900-01-00 00:00:00,1019-wombat,B8:27:EB:7C:81:10,-48, WPA ,0.000000,0.000000,0.000,0.000,AP
2026-04-08 13:40:35,1900-01-00 00:00:00,,C4:CB:76:AF:5C:A8,-48,,0.000000,0.000000,0.000,0.000,Client
2026-04-08 13:40:35,1900-01-00 00:00:00,1019-wombat,B8:27:EB:7C:81:10,-48, WPA ,0.000000,0.000000,0.000,0.000,AP
2026-04-08 13:40:35,1900-01-00 00:00:00,,C4:CB:76:AF:5C:A8,-48,,0.000000,0.000000,0.000,0.000,Client
2026-04-08 13:40:35,1900-01-00 00:00:00,1019-wombat,B8:27:EB:7C:81:10,-48, WPA ,0.000000,0.000000,0.000,0.000,AP
2026-04-08 13:40:36,1900-01-00 00:00:00,1019-wombat,B8:27:EB:7C:81:10,-49, WPA ,0.000000,0.000000,0.000,0.000,AP
2026-04-08 13:40:36,1900-01-00 00:00:00,1019-wombat,B8:27:EB:7C:81:10,-51, WPA ,0.000000,0.000000,0.000,0.000,AP
2026-04-08 13:40:36,1900-01-00 00:00:00,1019-wombat,B8:27:EB:7C:81:10,-49, WPA ,0.000000,0.000000,0.000,0.000,AP
2026-04-08 13:40:36,1900-01-00 00:00:00,1019-wombat,B8:27:EB:7C:81:10,-49, WPA ,0.000000,0.000000,0.000,0.000,AP
2026-04-08 13:40:36,1900-01-00 00:00:00,,C4:CB:76:AF:5C:A8,-49,,0.000000,0.000000,0.000,0.000,Client
2026-04-08 13:40:36,1900-01-00 00:00:00,1019-wombat,B8:27:EB:7C:81:10,-51, WPA ,0.000000,0.000000,0.000,0.000,AP
2026-04-08 13:40:36,1900-01-00 00:00:00,,C4:CB:76:AF:5C:A8,-49,,0.000000,0.000000,0.000,0.000,Client
2026-04-08 13:40:36,1900-01-00 00:00:00,1019-wombat,B8:27:EB:7C:81:10,-49, WPA ,0.000000,0.000000,0.000,0.000,AP
2026-04-08 13:40:36,1900-01-00 00:00:00,,C4:CB:76:AF:5C:A8,-49,,0.000000,0.000000,0.000,0.000,Client
2026-04-08 13:40:36,1900-01-00 00:00:00,1019-wombat,B8:27:EB:7C:81:10,-49, WPA ,0.000000,0.000000,0.000,0.000,AP
2026-04-08 13:40:36,1900-01-00 00:00:00,,C4:CB:76:AF:5C:A8,-49,,0.000000,0.000000,0.000,0.000,Client
2026-04-08 13:40:36,1900-01-00 00:00:00,1019-wombat,B8:27:EB:7C:81:10,-49, WPA ,0.000000,0.000000,0.000,0.000,AP
2026-04-08 13:40:36,1900-01-00 00:00:00,,C4:CB:76:AF:5C:A8,-49,,0.000000,0.000000,0.000,0.000,Client
2026-04-08 13:40:36,1900-01-00 00:00:00,1019-wombat,B8:27:EB:7C:81:10,-49, WPA ,0.000000,0.000000,0.000,0.000,AP
2026-04-08 13:40:36,1900-01-00 00:00:00,,C4:CB:76:AF:5C:A8,-50,,0.000000,0.000000,0.000,0.000,Client
2026-04-08 13:40:36,1900-01-00 00:00:00,1019-wombat,B8:27:EB:7C:81:10,-50, WPA ,0.000000,0.000000,0.000,0.000,AP
2026-04-08 13:40:36,1900-01-00 00:00:00,,C4:CB:76:AF:5C:A8,-50,,0.000000,0.000000,0.000,0.000,Client
2026-04-08 13:40:36,1900-01-00 00:00:00,1019-wombat,B8:27:EB:7C:81:10,-50, WPA ,0.000000,0.000000,0.000,0.000,AP
2026-04-08 13:40:36,1900-01-00 00:00:00,,C4:CB:76:AF:5C:A8,-50,,0.000000,0.000000,0.000,0.000,Client
2026-04-08 13:40:36,1900-01-00 00:00:00,1019-wombat,B8:27:EB:7C:81:10,-50, WPA ,0.000000,0.000000,0.000,0.000,AP
2026-04-08 13:40:36,1900-01-00 00:00:00,,C4:CB:76:AF:5C:A8,-50,,0.000000,0.000000,0.000,0.000,Client
2026-04-08 13:40:36,1900-01-00 00:00:00,1019-wombat,B8:27:EB:7C:81:10,-50, WPA ,0.000000,0.000000,0.000,0.000,AP
2026-04-08 13:40:36,1900-01-00 00:00:00,,C4:CB:76:AF:5C:A8,-50,,0.000000,0.000000,0.000,0.000,Client
2026-04-08 13:40:36,1900-01-00 00:00:00,1019-wombat,B8:27:EB:7C:81:10,-50, WPA ,0.000000,0.000000,0.000,0.000,AP
2026-04-08 13:40:36,1900-01-00 00:00:00,,C4:CB:76:AF:5C:A8,-45,,0.000000,0.000000,0.000,0.000,Client
2026-04-08 13:40:36,1900-01-00 00:00:00,1019-wombat,B8:27:EB:7C:81:10,-45, WPA ,0.000000,0.000000,0.000,0.000,AP
2026-04-08 13:40:36,1900-01-00 00:00:00,1019-wombat,B8:27:EB:7C:81:10,-50, WPA ,0.000000,0.000000,0.000,0.000,AP
2026-04-08 13:40:36,1900-01-00 00:00:00,,C4:CB:76:AF:5C:A8,-50,,0.000000,0.000000,0.000,0.000,Client
2026-04-08 13:40:36,1900-01-00 00:00:00,1019-wombat,B8:27:EB:7C:81:10,-50, WPA ,0.000000,0.000000,0.000,0.000,AP
2026-04-08 13:40:36,1900-01-00 00:00:00,,C4:CB:76:AF:5C:A8,-50,,0.000000,0.000000,0.000,0.000,Client
2026-04-08 13:40:36,1900-01-00 00:00:00,1019-wombat,B8:27:EB:7C:81:10,-50, WPA ,0.000000,0.000000,0.000,0.000,AP
2026-04-08 13:40:36,1900-01-00 00:00:00,,C4:CB:76:AF:5C:A8,-50,,0.000000,0.000000,0.000,0.000,Client
2026-04-08 13:40:36,1900-01-00 00:00:00,1019-wombat,B8:27:EB:7C:81:10,-50, WPA ,0.000000,0.000000,0.000,0.000,AP
2026-04-08 13:40:36,1900-01-00 00:00:00,,C4:CB:76:AF:5C:A8,-50,,0.000000,0.000000,0.000,0.000,Client
2026-04-08 13:40:36,1900-01-00 00:00:00,1019-wombat,B8:27:EB:7C:81:10,-50, WPA ,0.000000,0.000000,0.000,0.000,AP
2026-04-08 13:40:36,1900-01-00 00:00:00,,C4:CB:76:AF:5C:A8,-50,,0.000000,0.000000,0.000,0.000,Client
2026-04-08 13:40:36,1900-01-00 00:00:00,1019-wombat,B8:27:EB:7C:81:10,-50, WPA ,0.000000,0.000000,0.000,0.000,AP
2026-04-08 13:40:36,1900-01-00 00:00:00,,C4:CB:76:AF:5C:A8,-50,,0.000000,0.000000,0.000,0.000,Client
2026-04-08 13:40:36,1900-01-00 00:00:00,1019-wombat,B8:27:EB:7C:81:10,-43, WPA ,0.000000,0.000000,0.000,0.000,AP
2026-04-08 13:40:36,1900-01-00 00:00:00,,C4:CB:76:AF:5C:A8,-49,,0.000000,0.000000,0.000,0.000,Client
2026-04-08 13:40:36,1900-01-00 00:00:00,1019-wombat,B8:27:EB:7C:81:10,-49, WPA ,0.000000,0.000000,0.000,0.000,AP
2026-04-08 13:40:36,1900-01-00 00:00:00,,C4:CB:76:AF:5C:A8,-49,,0.000000,0.000000,0.000,0.000,Client
2026-04-08 13:40:36,1900-01-00 00:00:00,1019-wombat,B8:27:EB:7C:81:10,-50, WPA ,0.000000,0.000000,0.000,0.000,AP
2026-04-08 13:40:36,1900-01-00 00:00:00,,C4:CB:76:AF:5C:A8,-50,,0.000000,0.000000,0.000,0.000,Client
2026-04-08 13:40:36,1900-01-00 00:00:00,1019-wombat,B8:27:EB:7C:81:10,-50, WPA ,0.000000,0.000000,0.000,0.000,AP
2026-04-08 13:40:36,1900-01-00 00:00:00,,C4:CB:76:AF:5C:A8,-48,,0.000000,0.000000,0.000,0.000,Client
2026-04-08 13:40:36,1900-01-00 00:00:00,1019-wombat,B8:27:EB:7C:81:10,-49, WPA ,0.000000,0.000000,0.000,0.000,AP
2026-04-08 13:40:36,1900-01-00 00:00:00,,C4:CB:76:AF:5C:A8,-49,,0.000000,0.000000,0.000,0.000,Client
2026-04-08 13:40:36,1900-01-00 00:00:00,1019-wombat,B8:27:EB:7C:81:10,-49, WPA ,0.000000,0.000000,0.000,0.000,AP
2026-04-08 13:40:36,1900-01-00 00:00:00,,C4:CB:76:AF:5C:A8,-49,,0.000000,0.000000,0.000,0.000,Client
2026-04-08 13:40:36,1900-01-00 00:00:00,1019-wombat,B8:27:EB:7C:81:10,-49, WPA ,0.000000,0.000000,0.000,0.000,AP
2026-04-08 13:40:36,1900-01-00 00:00:00,,C4:CB:76:AF:5C:A8,-49,,0.000000,0.000000,0.000,0.000,Client
2026-04-08 13:40:36,1900-01-00 00:00:00,1019-wombat,B8:27:EB:7C:81:10,-49, WPA ,0.000000,0.000000,0.000,0.000,AP
2026-04-08 13:40:36,1900-01-00 00:00:00,,C4:CB:76:AF:5C:A8,-49,,0.000000,0.000000,0.000,0.000,Client
2026-04-08 13:40:36,1900-01-00 00:00:00,1019-wombat,B8:27:EB:7C:81:10,-49, WPA ,0.000000,0.000000,0.000,0.000,AP
2026-04-08 13:40:36,1900-01-00 00:00:00,,C4:CB:76:AF:5C:A8,-49,,0.000000,0.000000,0.000,0.000,Client
2026-04-08 13:40:36,1900-01-00 00:00:00,1019-wombat,B8:27:EB:7C:81:10,-49, WPA ,0.000000,0.000000,0.000,0.000,AP
2026-04-08 13:40:36,1900-01-00 00:00:00,,C4:CB:76:AF:5C:A8,-49,,0.000000,0.000000,0.000,0.000,Client
2026-04-08 13:40:36,1900-01-00 00:00:00,1019-wombat,B8:27:EB:7C:81:10,-49, WPA ,0.000000,0.000000,0.000,0.000,AP
2026-04-08 13:40:36,1900-01-00 00:00:00,,C4:CB:76:AF:5C:A8,-49,,0.000000,0.000000,0.000,0.000,Client
2026-04-08 13:40:36,1900-01-00 00:00:00,1019-wombat,B8:27:EB:7C:81:10,-49, WPA ,0.000000,0.000000,0.000,0.000,AP
2026-04-08 13:40:36,1900-01-00 00:00:00,,C4:CB:76:AF:5C:A8,-49,,0.000000,0.000000,0.000,0.000,Client
2026-04-08 13:40:36,1900-01-00 00:00:00,1019-wombat,B8:27:EB:7C:81:10,-49, WPA ,0.000000,0.000000,0.000,0.000,AP
2026-04-08 13:40:36,1900-01-00 00:00:00,,C4:CB:76:AF:5C:A8,-49,,0.000000,0.000000,0.000,0.000,Client
2026-04-08 13:40:36,1900-01-00 00:00:00,1019-wombat,B8:27:EB:7C:81:10,-49, WPA ,0.000000,0.000000,0.000,0.000,AP
2026-04-08 13:40:36,1900-01-00 00:00:00,,C4:CB:76:AF:5C:A8,-49,,0.000000,0.000000,0.000,0.000,Client
2026-04-08 13:40:36,1900-01-00 00:00:00,1019-wombat,B8:27:EB:7C:81:10,-49, WPA ,0.000000,0.000000,0.000,0.000,AP
2026-04-08 13:40:36,1900-01-00 00:00:00,1019-wombat,B8:27:EB:7C:81:10,-49, WPA ,0.000000,0.000000,0.000,0.000,AP
2026-04-08 13:40:36,1900-01-00 00:00:00,,C4:CB:76:AF:5C:A8,-49,,0.000000,0.000000,0.000,0.000,Client
2026-04-08 13:40:36,1900-01-00 00:00:00,1019-wombat,B8:27:EB:7C:81:10,-49, WPA ,0.000000,0.000000,0.000,0.000,AP
2026-04-08 13:40:36,1900-01-00 00:00:00,,C4:CB:76:AF:5C:A8,-49,,0.000000,0.000000,0.000,0.000,Client
2026-04-08 13:40:36,1900-01-00 00:00:00,1019-wombat,B8:27:EB:7C:81:10,-49, WPA ,0.000000,0.000000,0.000,0.000,AP
2026-04-08 13:40:36,1900-01-00 00:00:00,,C4:CB:76:AF:5C:A8,-50,,0.000000,0.000000,0.000,0.000,Client
2026-04-08 13:40:36,1900-01-00 00:00:00,1019-wombat,B8:27:EB:7C:81:10,-50, WPA ,0.000000,0.000000,0.000,0.000,AP
2026-04-08 13:40:36,1900-01-00 00:00:00,,C4:CB:76:AF:5C:A8,-50,,0.000000,0.000000,0.000,0.000,Client
2026-04-08 13:40:36,1900-01-00 00:00:00,1019-wombat,B8:27:EB:7C:81:10,-50, WPA ,0.000000,0.000000,0.000,0.000,AP
2026-04-08 13:40:36,1900-01-00 00:00:00,,C4:CB:76:AF:5C:A8,-50,,0.000000,0.000000,0.000,0.000,Client
2026-04-08 13:40:36,1900-01-00 00:00:00,1019-wombat,B8:27:EB:7C:81:10,-20, WPA ,0.000000,0.000000,0.000,0.000,AP
2026-04-08 13:40:36,1900-01-00 00:00:00,,C4:CB:76:AF:5C:A8,-20,,0.000000,0.000000,0.000,0.000,Client
2026-04-08 13:40:36,1900-01-00 00:00:00,1019-wombat,B8:27:EB:7C:81:10,-20, WPA ,0.000000,0.000000,0.000,0.000,AP
2026-04-08 13:40:36,1900-01-00 00:00:00,,C4:CB:76:AF:5C:A8,-49,,0.000000,0.000000,0.000,0.000,Client
2026-04-08 13:40:36,1900-01-00 00:00:00,1019-wombat,B8:27:EB:7C:81:10,-50, WPA ,0.000000,0.000000,0.000,0.000,AP
2026-04-08 13:40:36,1900-01-00 00:00:00,,C4:CB:76:AF:5C:A8,-50,,0.000000,0.000000,0.000,0.000,Client
2026-04-08 13:40:36,1900-01-00 00:00:00,1019-wombat,B8:27:EB:7C:81:10,-51, WPA ,0.000000,0.000000,0.000,0.000,AP
2026-04-08 13:40:36,1900-01-00 00:00:00,,C4:CB:76:AF:5C:A8,-51,,0.000000,0.000000,0.000,0.000,Client
2026-04-08 13:40:36,1900-01-00 00:00:00,1019-wombat,B8:27:EB:7C:81:10,-57, WPA ,0.000000,0.000000,0.000,0.000,AP
2026-04-08 13:40:36,1900-01-00 00:00:00,,C4:CB:76:AF:5C:A8,-57,,0.000000,0.000000,0.000,0.000,Client
2026-04-08 13:40:36,1900-01-00 00:00:00,1019-wombat,B8:27:EB:7C:81:10,-49, WPA ,0.000000,0.000000,0.000,0.000,AP
2026-04-08 13:40:36,1900-01-00 00:00:00,,C4:CB:76:AF:5C:A8,-49,,0.000000,0.000000,0.000,0.000,Client
2026-04-08 13:40:36,1900-01-00 00:00:00,1019-wombat,B8:27:EB:7C:81:10,-49, WPA ,0.000000,0.000000,0.000,0.000,AP
2026-04-08 13:40:36,1900-01-00 00:00:00,,C4:CB:76:AF:5C:A8,-49,,0.000000,0.000000,0.000,0.000,Client
2026-04-08 13:40:36,1900-01-00 00:00:00,1019-wombat,B8:27:EB:7C:81:10,-49, WPA ,0.000000,0.000000,0.000,0.000,AP
2026-04-08 13:40:36,1900-01-00 00:00:00,,C4:CB:76:AF:5C:A8,-49,,0.000000,0.000000,0.000,0.000,Client
2026-04-08 13:40:36,1900-01-00 00:00:00,1019-wombat,B8:27:EB:7C:81:10,-48, WPA ,0.000000,0.000000,0.000,0.000,AP
2026-04-08 13:40:36,1900-01-00 00:00:00,,C4:CB:76:AF:5C:A8,-48,,0.000000,0.000000,0.000,0.000,Client
2026-04-08 13:40:36,1900-01-00 00:00:00,1019-wombat,B8:27:EB:7C:81:10,-49, WPA ,0.000000,0.000000,0.000,0.000,AP
2026-04-08 13:40:36,1900-01-00 00:00:00,,C4:CB:76:AF:5C:A8,-49,,0.000000,0.000000,0.000,0.000,Client
2026-04-08 13:40:36,1900-01-00 00:00:00,1019-wombat,B8:27:EB:7C:81:10,-51, WPA ,0.000000,0.000000,0.000,0.000,AP
2026-04-08 13:40:36,1900-01-00 00:00:00,,C4:CB:76:AF:5C:A8,-51,,0.000000,0.000000,0.000,0.000,Client
2026-04-08 13:40:36,1900-01-00 00:00:00,1019-wombat,B8:27:EB:7C:81:10,-49, WPA ,0.000000,0.000000,0.000,0.000,AP
2026-04-08 13:40:36,1900-01-00 00:00:00,,C4:CB:76:AF:5C:A8,-49,,0.000000,0.000000,0.000,0.000,Client
2026-04-08 13:40:36,1900-01-00 00:00:00,1019-wombat,B8:27:EB:7C:81:10,-49, WPA ,0.000000,0.000000,0.000,0.000,AP
2026-04-08 13:40:36,1900-01-00 00:00:00,,C4:CB:76:AF:5C:A8,-49,,0.000000,0.000000,0.000,0.000,Client
2026-04-08 13:40:36,1900-01-00 00:00:00,1019-wombat,B8:27:EB:7C:81:10,-49, WPA ,0.000000,0.000000,0.000,0.000,AP
2026-04-08 13:40:36,1900-01-00 00:00:00,1019-wombat,B8:27:EB:7C:81:10,-49, WPA ,0.000000,0.000000,0.000,0.000,AP
2026-04-08 13:40:36,1900-01-00 00:00:00,,C4:CB:76:AF:5C:A8,-49,,0.000000,0.000000,0.000,0.000,Client
2026-04-08 13:40:36,1900-01-00 00:00:00,1019-wombat,B8:27:EB:7C:81:10,-49, WPA ,0.000000,0.000000,0.000,0.000,AP
2026-04-08 13:40:36,1900-01-00 00:00:00,,C4:CB:76:AF:5C:A8,-49,,0.000000,0.000000,0.000,0.000,Client
2026-04-08 13:40:36,1900-01-00 00:00:00,1019-wombat,B8:27:EB:7C:81:10,-49, WPA ,0.000000,0.000000,0.000,0.000,AP
2026-04-08 13:40:36,1900-01-00 00:00:00,,C4:CB:76:AF:5C:A8,-49,,0.000000,0.000000,0.000,0.000,Client
2026-04-08 13:40:36,1900-01-00 00:00:00,1019-wombat,B8:27:EB:7C:81:10,-49, WPA ,0.000000,0.000000,0.000,0.000,AP
2026-04-08 13:40:36,1900-01-00 00:00:00,,C4:CB:76:AF:5C:A8,-49,,0.000000,0.000000,0.000,0.000,Client
2026-04-08 13:40:36,1900-01-00 00:00:00,1019-wombat,B8:27:EB:7C:81:10,-49, WPA ,0.000000,0.000000,0.000,0.000,AP
2026-04-08 13:40:36,1900-01-00 00:00:00,,C4:CB:76:AF:5C:A8,-49,,0.000000,0.000000,0.000,0.000,Client
2026-04-08 13:40:36,1900-01-00 00:00:00,1019-wombat,B8:27:EB:7C:81:10,-49, WPA ,0.000000,0.000000,0.000,0.000,AP
2026-04-08 13:40:36,1900-01-00 00:00:00,,C4:CB:76:AF:5C:A8,-49,,0.000000,0.000000,0.000,0.000,Client
2026-04-08 13:40:36,1900-01-00 00:00:00,1019-wombat,B8:27:EB:7C:81:10,-43, WPA ,0.000000,0.000000,0.000,0.000,AP
2026-04-08 13:40:36,1900-01-00 00:00:00,,C4:CB:76:AF:5C:A8,-48,,0.000000,0.000000,0.000,0.000,Client
2026-04-08 13:40:36,1900-01-00 00:00:00,1019-wombat,B8:27:EB:7C:81:10,-49, WPA ,0.000000,0.000000,0.000,0.000,AP
2026-04-08 13:40:36,1900-01-00 00:00:00,,C4:CB:76:AF:5C:A8,-49,,0.000000,0.000000,0.000,0.000,Client
2026-04-08 13:40:36,1900-01-00 00:00:00,1019-wombat,B8:27:EB:7C:81:10,-44, WPA ,0.000000,0.000000,0.000,0.000,AP
2026-04-08 13:40:36,1900-01-00 00:00:00,,C4:CB:76:AF:5C:A8,-44,,0.000000,0.000000,0.000,0.000,Client
2026-04-08 13:40:36,1900-01-00 00:00:00,1019-wombat,B8:27:EB:7C:81:10,-49, WPA ,0.000000,0.000000,0.000,0.000,AP
2026-04-08 13:40:36,1900-01-00 00:00:00,,C4:CB:76:AF:5C:A8,-51,,0.000000,0.000000,0.000,0.000,Client
2026-04-08 13:40:36,1900-01-00 00:00:00,1019-wombat,B8:27:EB:7C:81:10,-49, WPA ,0.000000,0.000000,0.000,0.000,AP
2026-04-08 13:40:36,1900-01-00 00:00:00,1019-wombat,B8:27:EB:7C:81:10,-49, WPA ,0.000000,0.000000,0.000,0.000,AP
2026-04-08 13:40:36,1900-01-00 00:00:00,,C4:CB:76:AF:5C:A8,-51,,0.000000,0.000000,0.000,0.000,Client
2026-04-08 13:40:36,1900-01-00 00:00:00,1019-wombat,B8:27:EB:7C:81:10,-51, WPA ,0.000000,0.000000,0.000,0.000,AP
2026-04-08 13:40:36,1900-01-00 00:00:00,,C4:CB:76:AF:5C:A8,-51,,0.000000,0.000000,0.000,0.000,Client
2026-04-08 13:40:36,1900-01-00 00:00:00,1019-wombat,B8:27:EB:7C:81:10,-56, WPA ,0.000000,0.000000,0.000,0.000,AP
2026-04-08 13:40:36,1900-01-00 00:00:00,,C4:CB:76:AF:5C:A8,-43,,0.000000,0.000000,0.000,0.000,Client
2026-04-08 13:40:36,1900-01-00 00:00:00,1019-wombat,B8:27:EB:7C:81:10,-43, WPA ,0.000000,0.000000,0.000,0.000,AP
2026-04-08 13:40:36,1900-01-00 00:00:00,,C4:CB:76:AF:5C:A8,-49,,0.000000,0.000000,0.000,0.000,Client
2026-04-08 13:40:36,1900-01-00 00:00:00,1019-wombat,B8:27:EB:7C:81:10,-49, WPA ,0.000000,0.000000,0.000,0.000,AP
2026-04-08 13:40:36,1900-01-00 00:00:00,,C4:CB:76:AF:5C:A8,-52,,0.000000,0.000000,0.000,0.000,Client
2026-04-08 13:40:36,1900-01-00 00:00:00,1019-wombat,B8:27:EB:7C:81:10,-48, WPA ,0.000000,0.000000,0.000,0.000,AP
2026-04-08 13:40:36,1900-01-00 00:00:00,1019-wombat,B8:27:EB:7C:81:10,-49, WPA ,0.000000,0.000000,0.000,0.000,AP
2026-04-08 13:40:36,1900-01-00 00:00:00,1019-wombat,B8:27:EB:7C:81:10,-49, WPA ,0.000000,0.000000,0.000,0.000,AP
2026-04-08 13:40:36,1900-01-00 00:00:00,1019-wombat,B8:27:EB:7C:81:10,-49, WPA ,0.000000,0.000000,0.000,0.000,AP
2026-04-08 13:40:36,1900-01-00 00:00:00,1019-wombat,B8:27:EB:7C:81:10,-49, WPA ,0.000000,0.000000,0.000,0.000,AP
2026-04-08 13:40:36,1900-01-00 00:00:00,1019-wombat,B8:27:EB:7C:81:10,-49, WPA ,0.000000,0.000000,0.000,0.000,AP
2026-04-08 13:40:37,1900-01-00 00:00:00,1019-wombat,B8:27:EB:7C:81:10,-48, WPA ,0.000000,0.000000,0.000,0.000,AP
2026-04-08 13:40:37,1900-01-00 00:00:00,1019-wombat,B8:27:EB:7C:81:10,-49, WPA ,0.000000,0.000000,0.000,0.000,AP
2026-04-08 13:40:37,1900-01-00 00:00:00,1019-wombat,B8:27:EB:7C:81:10,-47, WPA ,0.000000,0.000000,0.000,0.000,AP
2026-04-08 13:40:37,1900-01-00 00:00:00,1019-wombat,B8:27:EB:7C:81:10,-49, WPA ,0.000000,0.000000,0.000,0.000,AP
2026-04-08 13:40:37,1900-01-00 00:00:00,1019-wombat,B8:27:EB:7C:81:10,-47, WPA ,0.000000,0.000000,0.000,0.000,AP
2026-04-08 13:40:37,1900-01-00 00:00:00,1019-wombat,B8:27:EB:7C:81:10,-48, WPA ,0.000000,0.000000,0.000,0.000,AP
2026-04-08 13:40:37,1900-01-00 00:00:00,1019-wombat,B8:27:EB:7C:81:10,-48, WPA ,0.000000,0.000000,0.000,0.000,AP
2026-04-08 13:40:37,1900-01-00 00:00:00,1019-wombat,B8:27:EB:7C:81:10,-48, WPA ,0.000000,0.000000,0.000,0.000,AP
2026-04-08 13:40:37,1900-01-00 00:00:00,1019-wombat,B8:27:EB:7C:81:10,-48, WPA ,0.000000,0.000000,0.000,0.000,AP
2026-04-08 13:40:37,1900-01-00 00:00:00,1019-wombat,B8:27:EB:7C:81:10,-48, WPA ,0.000000,0.000000,0.000,0.000,AP
2026-04-08 13:40:37,1900-01-00 00:00:00,1019-wombat,B8:27:EB:7C:81:10,-48, WPA ,0.000000,0.000000,0.000,0.000,AP
2026-04-08 13:40:37,1900-01-00 00:00:00,1019-wombat,B8:27:EB:7C:81:10,-46, WPA ,0.000000,0.000000,0.000,0.000,AP
2026-04-08 13:40:37,1900-01-00 00:00:00,1019-wombat,B8:27:EB:7C:81:10,-48, WPA ,0.000000,0.000000,0.000,0.000,AP
2026-04-08 13:40:37,1900-01-00 00:00:00,1019-wombat,B8:27:EB:7C:81:10,-48, WPA ,0.000000,0.000000,0.000,0.000,AP
2026-04-08 13:40:37,1900-01-00 00:00:00,1019-wombat,B8:27:EB:7C:81:10,-48, WPA ,0.000000,0.000000,0.000,0.000,AP
2026-04-08 13:40:37,1900-01-00 00:00:00,1019-wombat,B8:27:EB:7C:81:10,-49, WPA ,0.000000,0.000000,0.000,0.000,AP
2026-04-08 13:40:37,1900-01-00 00:00:00,1019-wombat,B8:27:EB:7C:81:10,-48, WPA ,0.000000,0.000000,0.000,0.000,AP
2026-04-08 13:40:37,1900-01-00 00:00:00,1019-wombat,B8:27:EB:7C:81:10,-48, WPA ,0.000000,0.000000,0.000,0.000,AP
2026-04-08 13:40:37,1900-01-00 00:00:00,1019-wombat,B8:27:EB:7C:81:10,-48, WPA ,0.000000,0.000000,0.000,0.000,AP
2026-04-08 13:40:37,1900-01-00 00:00:00,1019-wombat,B8:27:EB:7C:81:10,-48, WPA ,0.000000,0.000000,0.000,0.000,AP
2026-04-08 13:40:37,1900-01-00 00:00:00,1019-wombat,B8:27:EB:7C:81:10,-48, WPA ,0.000000,0.000000,0.000,0.000,AP
2026-04-08 13:40:37,1900-01-00 00:00:00,1019-wombat,B8:27:EB:7C:81:10,-48, WPA ,0.000000,0.000000,0.000,0.000,AP
2026-04-08 13:40:37,1900-01-00 00:00:00,1019-wombat,B8:27:EB:7C:81:10,-49, WPA ,0.000000,0.000000,0.000,0.000,AP
2026-04-08 13:40:37,1900-01-00 00:00:00,1019-wombat,B8:27:EB:7C:81:10,-49, WPA ,0.000000,0.000000,0.000,0.000,AP
2026-04-08 13:40:37,1900-01-00 00:00:00,1019-wombat,B8:27:EB:7C:81:10,-48, WPA ,0.000000,0.000000,0.000,0.000,AP
2026-04-08 13:40:37,1900-01-00 00:00:00,1019-wombat,B8:27:EB:7C:81:10,-49, WPA ,0.000000,0.000000,0.000,0.000,AP
2026-04-08 13:40:37,1900-01-00 00:00:00,1019-wombat,B8:27:EB:7C:81:10,-48, WPA ,0.000000,0.000000,0.000,0.000,AP
2026-04-08 13:40:37,1900-01-00 00:00:00,1019-wombat,B8:27:EB:7C:81:10,-49, WPA ,0.000000,0.000000,0.000,0.000,AP
2026-04-08 13:40:37,1900-01-00 00:00:00,1019-wombat,B8:27:EB:7C:81:10,-48, WPA ,0.000000,0.000000,0.000,0.000,AP
2026-04-08 13:40:37,1900-01-00 00:00:00,1019-wombat,B8:27:EB:7C:81:10,-49, WPA ,0.000000,0.000000,0.000,0.000,AP
2026-04-08 13:40:37,1900-01-00 00:00:00,1019-wombat,B8:27:EB:7C:81:10,-48, WPA ,0.000000,0.000000,0.000,0.000,AP
2026-04-08 13:40:37,1900-01-00 00:00:00,1019-wombat,B8:27:EB:7C:81:10,-48, WPA ,0.000000,0.000000,0.000,0.000,AP
2026-04-08 13:40:37,1900-01-00 00:00:00,1019-wombat,B8:27:EB:7C:81:10,-49, WPA ,0.000000,0.000000,0.000,0.000,AP
2026-04-08 13:40:37,1900-01-00 00:00:00,1019-wombat,B8:27:EB:7C:81:10,-49, WPA ,0.000000,0.000000,0.000,0.000,AP
2026-04-08 13:40:37,1900-01-00 00:00:00,1019-wombat,B8:27:EB:7C:81:10,-48, WPA ,0.000000,0.000000,0.000,0.000,AP
2026-04-08 13:40:37,1900-01-00 00:00:00,1019-wombat,B8:27:EB:7C:81:10,-49, WPA ,0.000000,0.000000,0.000,0.000,AP
2026-04-08 13:40:37,1900-01-00 00:00:00,1019-wombat,B8:27:EB:7C:81:10,-49, WPA ,0.000000,0.000000,0.000,0.000,AP
2026-04-08 13:40:37,1900-01-00 00:00:00,1019-wombat,B8:27:EB:7C:81:10,-49, WPA ,0.000000,0.000000,0.000,0.000,AP
2026-04-08 13:40:37,1900-01-00 00:00:00,1019-wombat,B8:27:EB:7C:81:10,-49, WPA ,0.000000,0.000000,0.000,0.000,AP
2026-04-08 13:40:37,1900-01-00 00:00:00,1019-wombat,B8:27:EB:7C:81:10,-49, WPA ,0.000000,0.000000,0.000,0.000,AP
2026-04-08 13:40:37,1900-01-00 00:00:00,1019-wombat,B8:27:EB:7C:81:10,-49, WPA ,0.000000,0.000000,0.000,0.000,AP
2026-04-08 13:40:37,1900-01-00 00:00:00,1019-wombat,B8:27:EB:7C:81:10,-48, WPA ,0.000000,0.000000,0.000,0.000,AP
2026-04-08 13:40:37,1900-01-00 00:00:00,1019-wombat,B8:27:EB:7C:81:10,-48, WPA ,0.000000,0.000000,0.000,0.000,AP
2026-04-08 13:40:37,1900-01-00 00:00:00,1019-wombat,B8:27:EB:7C:81:10,-49, WPA ,0.000000,0.000000,0.000,0.000,AP
2026-04-08 13:40:37,1900-01-00 00:00:00,1019-wombat,B8:27:EB:7C:81:10,-49, WPA ,0.000000,0.000000,0.000,0.000,AP
2026-04-08 13:40:37,1900-01-00 00:00:00,1019-wombat,B8:27:EB:7C:81:10,-50, WPA ,0.000000,0.000000,0.000,0.000,AP
2026-04-08 13:40:37,1900-01-00 00:00:00,1019-wombat,B8:27:EB:7C:81:10,-49, WPA ,0.000000,0.000000,0.000,0.000,AP
2026-04-08 13:40:37,1900-01-00 00:00:00,1019-wombat,B8:27:EB:7C:81:10,-49, WPA ,0.000000,0.000000,0.000,0.000,AP
2026-04-08 13:40:37,1900-01-00 00:00:00,1019-wombat,B8:27:EB:7C:81:10,-49, WPA ,0.000000,0.000000,0.000,0.000,AP
2026-04-08 13:40:37,1900-01-00 00:00:00,1019-wombat,B8:27:EB:7C:81:10,-50, WPA ,0.000000,0.000000,0.000,0.000,AP
2026-04-08 13:40:37,1900-01-00 00:00:00,1019-wombat,B8:27:EB:7C:81:10,-47, WPA ,0.000000,0.000000,0.000,0.000,AP
2026-04-08 13:40:37,1900-01-00 00:00:00,1019-wombat,B8:27:EB:7C:81:10,-52, WPA ,0.000000,0.000000,0.000,0.000,AP
2026-04-08 13:40:37,1900-01-00 00:00:00,1019-wombat,B8:27:EB:7C:81:10,-54, WPA ,0.000000,0.000000,0.000,0.000,AP
2026-04-08 13:40:38,1900-01-00 00:00:00,1019-wombat,B8:27:EB:7C:81:10,-51, WPA ,0.000000,0.000000,0.000,0.000,AP
2026-04-08 13:40:38,1900-01-00 00:00:00,1019-wombat,B8:27:EB:7C:81:10,-51, WPA ,0.000000,0.000000,0.000,0.000,AP
2026-04-08 13:40:38,1900-01-00 00:00:00,1019-wombat,B8:27:EB:7C:81:10,-50, WPA ,0.000000,0.000000,0.000,0.000,AP
2026-04-08 13:40:38,1900-01-00 00:00:00,1019-wombat,B8:27:EB:7C:81:10,-50, WPA ,0.000000,0.000000,0.000,0.000,AP
2026-04-08 13:40:38,1900-01-00 00:00:00,1019-wombat,B8:27:EB:7C:81:10,-50, WPA ,0.000000,0.000000,0.000,0.000,AP
2026-04-08 13:40:38,1900-01-00 00:00:00,1019-wombat,B8:27:EB:7C:81:10,-51, WPA ,0.000000,0.000000,0.000,0.000,AP
2026-04-08 13:40:38,1900-01-00 00:00:00,1019-wombat,B8:27:EB:7C:81:10,-50, WPA ,0.000000,0.000000,0.000,0.000,AP
2026-04-08 13:40:38,1900-01-00 00:00:00,1019-wombat,B8:27:EB:7C:81:10,-50, WPA ,0.000000,0.000000,0.000,0.000,AP
2026-04-08 13:40:38,1900-01-00 00:00:00,1019-wombat,B8:27:EB:7C:81:10,-50, WPA ,0.000000,0.000000,0.000,0.000,AP
2026-04-08 13:40:38,1900-01-00 00:00:00,1019-wombat,B8:27:EB:7C:81:10,-50, WPA ,0.000000,0.000000,0.000,0.000,AP
2026-04-08 13:40:38,1900-01-00 00:00:00,1019-wombat,B8:27:EB:7C:81:10,-50, WPA ,0.000000,0.000000,0.000,0.000,AP
2026-04-08 13:40:38,1900-01-00 00:00:00,1019-wombat,B8:27:EB:7C:81:10,-50, WPA ,0.000000,0.000000,0.000,0.000,AP
2026-04-08 13:40:38,1900-01-00 00:00:00,1019-wombat,B8:27:EB:7C:81:10,-50, WPA ,0.000000,0.000000,0.000,0.000,AP
2026-04-08 13:40:38,1900-01-00 00:00:00,1019-wombat,B8:27:EB:7C:81:10,-51, WPA ,0.000000,0.000000,0.000,0.000,AP
2026-04-08 13:40:38,1900-01-00 00:00:00,1019-wombat,B8:27:EB:7C:81:10,-50, WPA ,0.000000,0.000000,0.000,0.000,AP
2026-04-08 13:40:38,1900-01-00 00:00:00,1019-wombat,B8:27:EB:7C:81:10,-51, WPA ,0.000000,0.000000,0.000,0.000,AP
2026-04-08 13:40:39,1900-01-00 00:00:00,1019-wombat,B8:27:EB:7C:81:10,-51, WPA ,0.000000,0.000000,0.000,0.000,AP
2026-04-08 13:40:39,1900-01-00 00:00:00,1019-wombat,B8:27:EB:7C:81:10,-51, WPA ,0.000000,0.000000,0.000,0.000,AP
2026-04-08 13:40:39,1900-01-00 00:00:00,1019-wombat,B8:27:EB:7C:81:10,-51, WPA ,0.000000,0.000000,0.000,0.000,AP
2026-04-08 13:40:39,1900-01-00 00:00:00,1019-wombat,B8:27:EB:7C:81:10,-51, WPA ,0.000000,0.000000,0.000,0.000,AP
2026-04-08 13:40:39,1900-01-00 00:00:00,1019-wombat,B8:27:EB:7C:81:10,-50, WPA ,0.000000,0.000000,0.000,0.000,AP
2026-04-08 13:40:39,1900-01-00 00:00:00,1019-wombat,B8:27:EB:7C:81:10,-50, WPA ,0.000000,0.000000,0.000,0.000,AP
2026-04-08 13:40:39,1900-01-00 00:00:00,1019-wombat,B8:27:EB:7C:81:10,-50, WPA ,0.000000,0.000000,0.000,0.000,AP
2026-04-08 13:40:39,1900-01-00 00:00:00,1019-wombat,B8:27:EB:7C:81:10,-49, WPA ,0.000000,0.000000,0.000,0.000,AP
2026-04-08 13:40:39,1900-01-00 00:00:00,1019-wombat,B8:27:EB:7C:81:10,-49, WPA ,0.000000,0.000000,0.000,0.000,AP
2026-04-08 13:40:39,1900-01-00 00:00:00,1019-wombat,B8:27:EB:7C:81:10,-50, WPA ,0.000000,0.000000,0.000,0.000,AP
2026-04-08 13:40:40,1900-01-00 00:00:00,1019-wombat,B8:27:EB:7C:81:10,-50, WPA ,0.000000,0.000000,0.000,0.000,AP
2026-04-08 13:40:40,1900-01-00 00:00:00,1019-wombat,B8:27:EB:7C:81:10,-50, WPA ,0.000000,0.000000,0.000,0.000,AP
2026-04-08 13:40:40,1900-01-00 00:00:00,1019-wombat,B8:27:EB:7C:81:10,-50, WPA ,0.000000,0.000000,0.000,0.000,AP
2026-04-08 13:40:40,1900-01-00 00:00:00,1019-wombat,B8:27:EB:7C:81:10,-50, WPA ,0.000000,0.000000,0.000,0.000,AP
2026-04-08 13:40:40,1900-01-00 00:00:00,1019-wombat,B8:27:EB:7C:81:10,-50, WPA ,0.000000,0.000000,0.000,0.000,AP
2026-04-08 13:40:40,1900-01-00 00:00:00,1019-wombat,B8:27:EB:7C:81:10,-50, WPA ,0.000000,0.000000,0.000,0.000,AP
2026-04-08 13:40:40,1900-01-00 00:00:00,1019-wombat,B8:27:EB:7C:81:10,-51, WPA ,0.000000,0.000000,0.000,0.000,AP
2026-04-08 13:40:40,1900-01-00 00:00:00,1019-wombat,B8:27:EB:7C:81:10,-50, WPA ,0.000000,0.000000,0.000,0.000,AP
2026-04-08 13:40:40,1900-01-00 00:00:00,1019-wombat,B8:27:EB:7C:81:10,-51, WPA ,0.000000,0.000000,0.000,0.000,AP
2026-04-08 13:40:40,1900-01-00 00:00:00,1019-wombat,B8:27:EB:7C:81:10,-50, WPA ,0.000000,0.000000,0.000,0.000,AP
2026-04-08 13:40:40,1900-01-00 00:00:00,1019-wombat,B8:27:EB:7C:81:10,-50, WPA ,0.000000,0.000000,0.000,0.000,AP
2026-04-08 13:40:40,1900-01-00 00:00:00,1019-wombat,B8:27:EB:7C:81:10,-51, WPA ,0.000000,0.000000,0.000,0.000,AP
2026-04-08 13:40:40,1900-01-00 00:00:00,1019-wombat,B8:27:EB:7C:81:10,-51, WPA ,0.000000,0.000000,0.000,0.000,AP
2026-04-08 13:40:41,1900-01-00 00:00:00,1019-wombat,B8:27:EB:7C:81:10,-50, WPA ,0.000000,0.000000,0.000,0.000,AP
2026-04-08 13:40:41,1900-01-00 00:00:00,1019-wombat,B8:27:EB:7C:81:10,-50, WPA ,0.000000,0.000000,0.000,0.000,AP
2026-04-08 13:40:41,1900-01-00 00:00:00,,C4:CB:76:AF:5C:A8,-47,,0.000000,0.000000,0.000,0.000,Client
2026-04-08 13:40:41,1900-01-00 00:00:00,1019-wombat,B8:27:EB:7C:81:10,-50, WPA ,0.000000,0.000000,0.000,0.000,AP
2026-04-08 13:40:41,1900-01-00 00:00:00,1019-wombat,B8:27:EB:7C:81:10,-50, WPA ,0.000000,0.000000,0.000,0.000,AP
2026-04-08 13:40:41,1900-01-00 00:00:00,,C4:CB:76:AF:5C:A8,-49,,0.000000,0.000000,0.000,0.000,Client
2026-04-08 13:40:41,1900-01-00 00:00:00,1019-wombat,B8:27:EB:7C:81:10,-50, WPA ,0.000000,0.000000,0.000,0.000,AP
2026-04-08 13:40:41,1900-01-00 00:00:00,1019-wombat,B8:27:EB:7C:81:10,-51, WPA ,0.000000,0.000000,0.000,0.000,AP
2026-04-08 13:40:41,1900-01-00 00:00:00,1019-wombat,B8:27:EB:7C:81:10,-51, WPA ,0.000000,0.000000,0.000,0.000,AP
2026-04-08 13:40:41,1900-01-00 00:00:00,1019-wombat,B8:27:EB:7C:81:10,-51, WPA ,0.000000,0.000000,0.000,0.000,AP
2026-04-08 13:40:41,1900-01-00 00:00:00,1019-wombat,B8:27:EB:7C:81:10,-51, WPA ,0.000000,0.000000,0.000,0.000,AP
2026-04-08 13:40:41,1900-01-00 00:00:00,1019-wombat,B8:27:EB:7C:81:10,-50, WPA ,0.000000,0.000000,0.000,0.000,AP
2026-04-08 13:40:41,1900-01-00 00:00:00,,C4:CB:76:AF:5C:A8,-50,,0.000000,0.000000,0.000,0.000,Client
2026-04-08 13:40:41,1900-01-00 00:00:00,1019-wombat,B8:27:EB:7C:81:10,-51, WPA ,0.000000,0.000000,0.000,0.000,AP
2026-04-08 13:40:41,1900-01-00 00:00:00,,C4:CB:76:AF:5C:A8,-49,,0.000000,0.000000,0.000,0.000,Client
2026-04-08 13:40:41,1900-01-00 00:00:00,1019-wombat,B8:27:EB:7C:81:10,-51, WPA ,0.000000,0.000000,0.000,0.000,AP
2026-04-08 13:40:41,1900-01-00 00:00:00,,C4:CB:76:AF:5C:A8,-49,,0.000000,0.000000,0.000,0.000,Client
2026-04-08 13:40:41,1900-01-00 00:00:00,,C4:CB:76:AF:5C:A8,-53,,0.000000,0.000000,0.000,0.000,Client
2026-04-08 13:40:41,1900-01-00 00:00:00,,C4:CB:76:AF:5C:A8,-53,,0.000000,0.000000,0.000,0.000,Client
2026-04-08 13:40:41,1900-01-00 00:00:00,,C4:CB:76:AF:5C:A8,-53,,0.000000,0.000000,0.000,0.000,Client
2026-04-08 13:40:41,1900-01-00 00:00:00,,C4:CB:76:AF:5C:A8,-53,,0.000000,0.000000,0.000,0.000,Client
2026-04-08 13:40:41,1900-01-00 00:00:00,,C4:CB:76:AF:5C:A8,-53,,0.000000,0.000000,0.000,0.000,Client
2026-04-08 13:40:41,1900-01-00 00:00:00,,C4:CB:76:AF:5C:A8,-53,,0.000000,0.000000,0.000,0.000,Client
2026-04-08 13:40:41,1900-01-00 00:00:00,,C4:CB:76:AF:5C:A8,-53,,0.000000,0.000000,0.000,0.000,Client
2026-04-08 13:40:41,1900-01-00 00:00:00,,C4:CB:76:AF:5C:A8,-53,,0.000000,0.000000,0.000,0.000,Client
2026-04-08 13:40:41,1900-01-00 00:00:00,,C4:CB:76:AF:5C:A8,-53,,0.000000,0.000000,0.000,0.000,Client
2026-04-08 13:40:41,1900-01-00 00:00:00,,C4:CB:76:AF:5C:A8,-54,,0.000000,0.000000,0.000,0.000,Client
2026-04-08 13:40:41,1900-01-00 00:00:00,1019-wombat,B8:27:EB:7C:81:10,-49, WPA ,0.000000,0.000000,0.000,0.000,AP
2026-04-08 13:40:41,1900-01-00 00:00:00,1019-wombat,B8:27:EB:7C:81:10,-51, WPA ,0.000000,0.000000,0.000,0.000,AP
2026-04-08 13:40:41,1900-01-00 00:00:00,,C4:CB:76:AF:5C:A8,-54,,0.000000,0.000000,0.000,0.000,Client
2026-04-08 13:40:41,1900-01-00 00:00:00,,C4:CB:76:AF:5C:A8,-53,,0.000000,0.000000,0.000,0.000,Client
2026-04-08 13:40:41,1900-01-00 00:00:00,,C4:CB:76:AF:5C:A8,-54,,0.000000,0.000000,0.000,0.000,Client
2026-04-08 13:40:41,1900-01-00 00:00:00,,C4:CB:76:AF:5C:A8,-54,,0.000000,0.000000,0.000,0.000,Client
2026-04-08 13:40:41,1900-01-00 00:00:00,,C4:CB:76:AF:5C:A8,-53,,0.000000,0.000000,0.000,0.000,Client
2026-04-08 13:40:41,1900-01-00 00:00:00,,C4:CB:76:AF:5C:A8,-54,,0.000000,0.000000,0.000,0.000,Client
2026-04-08 13:40:41,1900-01-00 00:00:00,,C4:CB:76:AF:5C:A8,-54,,0.000000,0.000000,0.000,0.000,Client
2026-04-08 13:40:41,1900-01-00 00:00:00,,C4:CB:76:AF:5C:A8,-54,,0.000000,0.000000,0.000,0.000,Client
2026-04-08 13:40:41,1900-01-00 00:00:00,,C4:CB:76:AF:5C:A8,-54,,0.000000,0.000000,0.000,0.000,Client
2026-04-08 13:40:41,1900-01-00 00:00:00,,C4:CB:76:AF:5C:A8,-54,,0.000000,0.000000,0.000,0.000,Client
2026-04-08 13:40:41,1900-01-00 00:00:00,,C4:CB:76:AF:5C:A8,-54,,0.000000,0.000000,0.000,0.000,Client
2026-04-08 13:40:41,1900-01-00 00:00:00,,C4:CB:76:AF:5C:A8,-54,,0.000000,0.000000,0.000,0.000,Client
2026-04-08 13:40:41,1900-01-00 00:00:00,,C4:CB:76:AF:5C:A8,-54,,0.000000,0.000000,0.000,0.000,Client
2026-04-08 13:40:41,1900-01-00 00:00:00,1019-wombat,B8:27:EB:7C:81:10,-51, WPA ,0.000000,0.000000,0.000,0.000,AP
2026-04-08 13:40:41,1900-01-00 00:00:00,,C4:CB:76:AF:5C:A8,-54,,0.000000,0.000000,0.000,0.000,Client
2026-04-08 13:40:41,1900-01-00 00:00:00,,C4:CB:76:AF:5C:A8,-55,,0.000000,0.000000,0.000,0.000,Client
2026-04-08 13:40:41,1900-01-00 00:00:00,,C4:CB:76:AF:5C:A8,-54,,0.000000,0.000000,0.000,0.000,Client
2026-04-08 13:40:41,1900-01-00 00:00:00,,C4:CB:76:AF:5C:A8,-55,,0.000000,0.000000,0.000,0.000,Client
2026-04-08 13:40:41,1900-01-00 00:00:00,,C4:CB:76:AF:5C:A8,-55,,0.000000,0.000000,0.000,0.000,Client
2026-04-08 13:40:41,1900-01-00 00:00:00,,C4:CB:76:AF:5C:A8,-54,,0.000000,0.000000,0.000,0.000,Client
2026-04-08 13:40:41,1900-01-00 00:00:00,,C4:CB:76:AF:5C:A8,-55,,0.000000,0.000000,0.000,0.000,Client
2026-04-08 13:40:41,1900-01-00 00:00:00,,C4:CB:76:AF:5C:A8,-54,,0.000000,0.000000,0.000,0.000,Client
2026-04-08 13:40:41,1900-01-00 00:00:00,,C4:CB:76:AF:5C:A8,-55,,0.000000,0.000000,0.000,0.000,Client
2026-04-08 13:40:41,1900-01-00 00:00:00,,C4:CB:76:AF:5C:A8,-54,,0.000000,0.000000,0.000,0.000,Client
2026-04-08 13:40:41,1900-01-00 00:00:00,1019-wombat,B8:27:EB:7C:81:10,-51, WPA ,0.000000,0.000000,0.000,0.000,AP
2026-04-08 13:40:41,1900-01-00 00:00:00,1019-wombat,B8:27:EB:7C:81:10,-50, WPA ,0.000000,0.000000,0.000,0.000,AP
2026-04-08 13:40:41,1900-01-00 00:00:00,,C4:CB:76:AF:5C:A8,-53,,0.000000,0.000000,0.000,0.000,Client
2026-04-08 13:40:41,1900-01-00 00:00:00,,C4:CB:76:AF:5C:A8,-53,,0.000000,0.000000,0.000,0.000,Client
2026-04-08 13:40:41,1900-01-00 00:00:00,1019-wombat,B8:27:EB:7C:81:10,-49, WPA ,0.000000,0.000000,0.000,0.000,AP
2026-04-08 13:40:41,1900-01-00 00:00:00,1019-wombat,B8:27:EB:7C:81:10,-52, WPA ,0.000000,0.000000,0.000,0.000,AP
2026-04-08 13:40:41,1900-01-00 00:00:00,1019-wombat,B8:27:EB:7C:81:10,-52, WPA ,0.000000,0.000000,0.000,0.000,AP
2026-04-08 13:40:41,1900-01-00 00:00:00,,C4:CB:76:AF:5C:A8,-53,,0.000000,0.000000,0.000,0.000,Client
2026-04-08 13:40:41,1900-01-00 00:00:00,1019-wombat,B8:27:EB:7C:81:10,-52, WPA ,0.000000,0.000000,0.000,0.000,AP
2026-04-08 13:40:41,1900-01-00 00:00:00,,C4:CB:76:AF:5C:A8,-53,,0.000000,0.000000,0.000,0.000,Client
2026-04-08 13:40:41,1900-01-00 00:00:00,1019-wombat,B8:27:EB:7C:81:10,-51, WPA ,0.000000,0.000000,0.000,0.000,AP
2026-04-08 13:40:41,1900-01-00 00:00:00,1019-wombat,B8:27:EB:7C:81:10,-51, WPA ,0.000000,0.000000,0.000,0.000,AP
2026-04-08 13:40:41,1900-01-00 00:00:00,1019-wombat,B8:27:EB:7C:81:10,-50, WPA ,0.000000,0.000000,0.000,0.000,AP
2026-04-08 13:40:41,1900-01-00 00:00:00,1019-wombat,B8:27:EB:7C:81:10,-50, WPA ,0.000000,0.000000,0.000,0.000,AP
2026-04-08 13:40:41,1900-01-00 00:00:00,1019-wombat,B8:27:EB:7C:81:10,-50, WPA ,0.000000,0.000000,0.000,0.000,AP
2026-04-08 13:40:41,1900-01-00 00:00:00,1019-wombat,B8:27:EB:7C:81:10,-51, WPA ,0.000000,0.000000,0.000,0.000,AP
2026-04-08 13:40:41,1900-01-00 00:00:00,1019-wombat,B8:27:EB:7C:81:10,-48, WPA ,0.000000,0.000000,0.000,0.000,AP
2026-04-08 13:40:41,1900-01-00 00:00:00,1019-wombat,B8:27:EB:7C:81:10,-51, WPA ,0.000000,0.000000,0.000,0.000,AP
2026-04-08 13:40:41,1900-01-00 00:00:00,1019-wombat,B8:27:EB:7C:81:10,-52, WPA ,0.000000,0.000000,0.000,0.000,AP
2026-04-08 13:40:41,1900-01-00 00:00:00,1019-wombat,B8:27:EB:7C:81:10,-48, WPA ,0.000000,0.000000,0.000,0.000,AP
2026-04-08 13:40:41,1900-01-00 00:00:00,1019-wombat,B8:27:EB:7C:81:10,-51, WPA ,0.000000,0.000000,0.000,0.000,AP
2026-04-08 13:40:41,1900-01-00 00:00:00,1019-wombat,B8:27:EB:7C:81:10,-51, WPA ,0.000000,0.000000,0.000,0.000,AP
2026-04-08 13:40:41,1900-01-00 00:00:00,1019-wombat,B8:27:EB:7C:81:10,-48, WPA ,0.000000,0.000000,0.000,0.000,AP
2026-04-08 13:40:41,1900-01-00 00:00:00,1019-wombat,B8:27:EB:7C:81:10,-52, WPA ,0.000000,0.000000,0.000,0.000,AP
2026-04-08 13:40:41,1900-01-00 00:00:00,1019-wombat,B8:27:EB:7C:81:10,-49, WPA ,0.000000,0.000000,0.000,0.000,AP
2026-04-08 13:40:41,1900-01-00 00:00:00,1019-wombat,B8:27:EB:7C:81:10,-52, WPA ,0.000000,0.000000,0.000,0.000,AP
2026-04-08 13:40:42,1900-01-00 00:00:00,1019-wombat,B8:27:EB:7C:81:10,-51, WPA ,0.000000,0.000000,0.000,0.000,AP
2026-04-08 13:40:42,1900-01-00 00:00:00,1019-wombat,B8:27:EB:7C:81:10,-51, WPA ,0.000000,0.000000,0.000,0.000,AP
2026-04-08 13:40:42,1900-01-00 00:00:00,1019-wombat,B8:27:EB:7C:81:10,-51, WPA ,0.000000,0.000000,0.000,0.000,AP
2026-04-08 13:40:42,1900-01-00 00:00:00,1019-wombat,B8:27:EB:7C:81:10,-51, WPA ,0.000000,0.000000,0.000,0.000,AP
2026-04-08 13:40:42,1900-01-00 00:00:00,1019-wombat,B8:27:EB:7C:81:10,-50, WPA ,0.000000,0.000000,0.000,0.000,AP
2026-04-08 13:40:42,1900-01-00 00:00:00,1019-wombat,B8:27:EB:7C:81:10,-51, WPA ,0.000000,0.000000,0.000,0.000,AP
2026-04-08 13:40:42,1900-01-00 00:00:00,1019-wombat,B8:27:EB:7C:81:10,-50, WPA ,0.000000,0.000000,0.000,0.000,AP
2026-04-08 13:40:42,1900-01-00 00:00:00,1019-wombat,B8:27:EB:7C:81:10,-50, WPA ,0.000000,0.000000,0.000,0.000,AP
2026-04-08 13:40:42,1900-01-00 00:00:00,1019-wombat,B8:27:EB:7C:81:10,-50, WPA ,0.000000,0.000000,0.000,0.000,AP
2026-04-08 13:40:42,1900-01-00 00:00:00,1019-wombat,B8:27:EB:7C:81:10,-50, WPA ,0.000000,0.000000,0.000,0.000,AP
2026-04-08 13:40:42,1900-01-00 00:00:00,1019-wombat,B8:27:EB:7C:81:10,-50, WPA ,0.000000,0.000000,0.000,0.000,AP
2026-04-08 13:40:42,1900-01-00 00:00:00,1019-wombat,B8:27:EB:7C:81:10,-50, WPA ,0.000000,0.000000,0.000,0.000,AP
2026-04-08 13:40:42,1900-01-00 00:00:00,1019-wombat,B8:27:EB:7C:81:10,-51, WPA ,0.000000,0.000000,0.000,0.000,AP
2026-04-08 13:40:42,1900-01-00 00:00:00,1019-wombat,B8:27:EB:7C:81:10,-50, WPA ,0.000000,0.000000,0.000,0.000,AP
2026-04-08 13:40:42,1900-01-00 00:00:00,1019-wombat,B8:27:EB:7C:81:10,-50, WPA ,0.000000,0.000000,0.000,0.000,AP
2026-04-08 13:40:42,1900-01-00 00:00:00,1019-wombat,B8:27:EB:7C:81:10,-50, WPA ,0.000000,0.000000,0.000,0.000,AP
2026-04-08 13:40:42,1900-01-00 00:00:00,1019-wombat,B8:27:EB:7C:81:10,-50, WPA ,0.000000,0.000000,0.000,0.000,AP
2026-04-08 13:40:42,1900-01-00 00:00:00,1019-wombat,B8:27:EB:7C:81:10,-50, WPA ,0.000000,0.000000,0.000,0.000,AP
2026-04-08 13:40:42,1900-01-00 00:00:00,1019-wombat,B8:27:EB:7C:81:10,-50, WPA ,0.000000,0.000000,0.000,0.000,AP
2026-04-08 13:40:42,1900-01-00 00:00:00,1019-wombat,B8:27:EB:7C:81:10,-50, WPA ,0.000000,0.000000,0.000,0.000,AP
2026-04-08 13:40:42,1900-01-00 00:00:00,1019-wombat,B8:27:EB:7C:81:10,-50, WPA ,0.000000,0.000000,0.000,0.000,AP
2026-04-08 13:40:42,1900-01-00 00:00:00,1019-wombat,B8:27:EB:7C:81:10,-50, WPA ,0.000000,0.000000,0.000,0.000,AP
2026-04-08 13:40:42,1900-01-00 00:00:00,1019-wombat,B8:27:EB:7C:81:10,-50, WPA ,0.000000,0.000000,0.000,0.000,AP
2026-04-08 13:40:42,1900-01-00 00:00:00,1019-wombat,B8:27:EB:7C:81:10,-50, WPA ,0.000000,0.000000,0.000,0.000,AP
2026-04-08 13:40:42,1900-01-00 00:00:00,1019-wombat,B8:27:EB:7C:81:10,-50, WPA ,0.000000,0.000000,0.000,0.000,AP
2026-04-08 13:40:42,1900-01-00 00:00:00,1019-wombat,B8:27:EB:7C:81:10,-50, WPA ,0.000000,0.000000,0.000,0.000,AP
2026-04-08 13:40:42,1900-01-00 00:00:00,1019-wombat,B8:27:EB:7C:81:10,-50, WPA ,0.000000,0.000000,0.000,0.000,AP
2026-04-08 13:40:42,1900-01-00 00:00:00,1019-wombat,B8:27:EB:7C:81:10,-50, WPA ,0.000000,0.000000,0.000,0.000,AP
2026-04-08 13:40:42,1900-01-00 00:00:00,1019-wombat,B8:27:EB:7C:81:10,-50, WPA ,0.000000,0.000000,0.000,0.000,AP
2026-04-08 13:40:42,1900-01-00 00:00:00,1019-wombat,B8:27:EB:7C:81:10,-50, WPA ,0.000000,0.000000,0.000,0.000,AP
2026-04-08 13:40:42,1900-01-00 00:00:00,1019-wombat,B8:27:EB:7C:81:10,-50, WPA ,0.000000,0.000000,0.000,0.000,AP
2026-04-08 13:40:42,1900-01-00 00:00:00,1019-wombat,B8:27:EB:7C:81:10,-51, WPA ,0.000000,0.000000,0.000,0.000,AP
2026-04-08 13:40:43,1900-01-00 00:00:00,1019-wombat,B8:27:EB:7C:81:10,-53, WPA ,0.000000,0.000000,0.000,0.000,AP
2026-04-08 13:40:43,1900-01-00 00:00:00,1019-wombat,B8:27:EB:7C:81:10,-53, WPA ,0.000000,0.000000,0.000,0.000,AP
2026-04-08 13:40:43,1900-01-00 00:00:00,1019-wombat,B8:27:EB:7C:81:10,-53, WPA ,0.000000,0.000000,0.000,0.000,AP
2026-04-08 13:40:43,1900-01-00 00:00:00,1019-wombat,B8:27:EB:7C:81:10,-53, WPA ,0.000000,0.000000,0.000,0.000,AP
2026-04-08 13:40:43,1900-01-00 00:00:00,1019-wombat,B8:27:EB:7C:81:10,-53, WPA ,0.000000,0.000000,0.000,0.000,AP
2026-04-08 13:40:43,1900-01-00 00:00:00,1019-wombat,B8:27:EB:7C:81:10,-53, WPA ,0.000000,0.000000,0.000,0.000,AP
2026-04-08 13:40:43,1900-01-00 00:00:00,1019-wombat,B8:27:EB:7C:81:10,-53, WPA ,0.000000,0.000000,0.000,0.000,AP
2026-04-08 13:40:43,1900-01-00 00:00:00,1019-wombat,B8:27:EB:7C:81:10,-52, WPA ,0.000000,0.000000,0.000,0.000,AP
2026-04-08 13:40:43,1900-01-00 00:00:00,1019-wombat,B8:27:EB:7C:81:10,-54, WPA ,0.000000,0.000000,0.000,0.000,AP
2026-04-08 13:40:43,1900-01-00 00:00:00,1019-wombat,B8:27:EB:7C:81:10,-52, WPA ,0.000000,0.000000,0.000,0.000,AP
2026-04-08 13:40:43,1900-01-00 00:00:00,1019-wombat,B8:27:EB:7C:81:10,-53, WPA ,0.000000,0.000000,0.000,0.000,AP
2026-04-08 13:40:43,1900-01-00 00:00:00,1019-wombat,B8:27:EB:7C:81:10,-52, WPA ,0.000000,0.000000,0.000,0.000,AP
2026-04-08 13:40:43,1900-01-00 00:00:00,1019-wombat,B8:27:EB:7C:81:10,-53, WPA ,0.000000,0.000000,0.000,0.000,AP
2026-04-08 13:40:43,1900-01-00 00:00:00,1019-wombat,B8:27:EB:7C:81:10,-53, WPA ,0.000000,0.000000,0.000,0.000,AP
2026-04-08 13:40:43,1900-01-00 00:00:00,,C4:CB:76:AF:5C:A8,-49,,0.000000,0.000000,0.000,0.000,Client
2026-04-08 13:40:43,1900-01-00 00:00:00,,C4:CB:76:AF:5C:A8,-49,,0.000000,0.000000,0.000,0.000,Client
2026-04-08 13:40:43,1900-01-00 00:00:00,1019-wombat,B8:27:EB:7C:81:10,-52, WPA ,0.000000,0.000000,0.000,0.000,AP
2026-04-08 13:40:43,1900-01-00 00:00:00,1019-wombat,B8:27:EB:7C:81:10,-52, WPA ,0.000000,0.000000,0.000,0.000,AP
2026-04-08 13:40:43,1900-01-00 00:00:00,1019-wombat,B8:27:EB:7C:81:10,-52, WPA ,0.000000,0.000000,0.000,0.000,AP
2026-04-08 13:40:43,1900-01-00 00:00:00,1019-wombat,B8:27:EB:7C:81:10,-53, WPA ,0.000000,0.000000,0.000,0.000,AP
2026-04-08 13:40:43,1900-01-00 00:00:00,1019-wombat,B8:27:EB:7C:81:10,-52, WPA ,0.000000,0.000000,0.000,0.000,AP
2026-04-08 13:40:43,1900-01-00 00:00:00,1019-wombat,B8:27:EB:7C:81:10,-54, WPA ,0.000000,0.000000,0.000,0.000,AP
2026-04-08 13:40:43,1900-01-00 00:00:00,1019-wombat,B8:27:EB:7C:81:10,-54, WPA ,0.000000,0.000000,0.000,0.000,AP
2026-04-08 13:40:43,1900-01-00 00:00:00,1019-wombat,B8:27:EB:7C:81:10,-55, WPA ,0.000000,0.000000,0.000,0.000,AP
2026-04-08 13:40:44,1900-01-00 00:00:00,1019-wombat,B8:27:EB:7C:81:10,-53, WPA ,0.000000,0.000000,0.000,0.000,AP
2026-04-08 13:40:44,1900-01-00 00:00:00,1019-wombat,B8:27:EB:7C:81:10,-51, WPA ,0.000000,0.000000,0.000,0.000,AP
2026-04-08 13:40:44,1900-01-00 00:00:00,1019-wombat,B8:27:EB:7C:81:10,-53, WPA ,0.000000,0.000000,0.000,0.000,AP
2026-04-08 13:40:44,1900-01-00 00:00:00,1019-wombat,B8:27:EB:7C:81:10,-53, WPA ,0.000000,0.000000,0.000,0.000,AP
2026-04-08 13:40:44,1900-01-00 00:00:00,1019-wombat,B8:27:EB:7C:81:10,-52, WPA ,0.000000,0.000000,0.000,0.000,AP
2026-04-08 13:40:44,1900-01-00 00:00:00,1019-wombat,B8:27:EB:7C:81:10,-50, WPA ,0.000000,0.000000,0.000,0.000,AP
2026-04-08 13:40:44,1900-01-00 00:00:00,1019-wombat,B8:27:EB:7C:81:10,-52, WPA ,0.000000,0.000000,0.000,0.000,AP
2026-04-08 13:40:44,1900-01-00 00:00:00,1019-wombat,B8:27:EB:7C:81:10,-52, WPA ,0.000000,0.000000,0.000,0.000,AP
2026-04-08 13:40:44,1900-01-00 00:00:00,1019-wombat,B8:27:EB:7C:81:10,-52, WPA ,0.000000,0.000000,0.000,0.000,AP
2026-04-08 13:40:44,1900-01-00 00:00:00,1019-wombat,B8:27:EB:7C:81:10,-51, WPA ,0.000000,0.000000,0.000,0.000,AP
2026-04-08 13:40:45,1900-01-00 00:00:00,1019-wombat,B8:27:EB:7C:81:10,-52, WPA ,0.000000,0.000000,0.000,0.000,AP
2026-04-08 13:40:45,1900-01-00 00:00:00,1019-wombat,B8:27:EB:7C:81:10,-52, WPA ,0.000000,0.000000,0.000,0.000,AP
2026-04-08 13:40:45,1900-01-00 00:00:00,1019-wombat,B8:27:EB:7C:81:10,-55, WPA ,0.000000,0.000000,0.000,0.000,AP
2026-04-08 13:40:45,1900-01-00 00:00:00,1019-wombat,B8:27:EB:7C:81:10,-54, WPA ,0.000000,0.000000,0.000,0.000,AP
2026-04-08 13:40:45,1900-01-00 00:00:00,1019-wombat,B8:27:EB:7C:81:10,-57, WPA ,0.000000,0.000000,0.000,0.000,AP
2026-04-08 13:40:45,1900-01-00 00:00:00,1019-wombat,B8:27:EB:7C:81:10,-57, WPA ,0.000000,0.000000,0.000,0.000,AP
2026-04-08 13:40:45,1900-01-00 00:00:00,1019-wombat,B8:27:EB:7C:81:10,-53, WPA ,0.000000,0.000000,0.000,0.000,AP
2026-04-08 13:40:45,1900-01-00 00:00:00,1019-wombat,B8:27:EB:7C:81:10,-54, WPA ,0.000000,0.000000,0.000,0.000,AP
2026-04-08 13:40:45,1900-01-00 00:00:00,1019-wombat,B8:27:EB:7C:81:10,-54, WPA ,0.000000,0.000000,0.000,0.000,AP
2026-04-08 13:40:46,1900-01-00 00:00:00,1019-wombat,B8:27:EB:7C:81:10,-55, WPA ,0.000000,0.000000,0.000,0.000,AP
2026-04-08 13:40:46,1900-01-00 00:00:00,1019-wombat,B8:27:EB:7C:81:10,-56, WPA ,0.000000,0.000000,0.000,0.000,AP
2026-04-08 13:40:46,1900-01-00 00:00:00,1019-wombat,B8:27:EB:7C:81:10,-56, WPA ,0.000000,0.000000,0.000,0.000,AP
2026-04-08 13:40:46,1900-01-00 00:00:00,1019-wombat,B8:27:EB:7C:81:10,-56, WPA ,0.000000,0.000000,0.000,0.000,AP
2026-04-08 13:40:46,1900-01-00 00:00:00,1019-wombat,B8:27:EB:7C:81:10,-56, WPA ,0.000000,0.000000,0.000,0.000,AP
2026-04-08 13:40:46,1900-01-00 00:00:00,1019-wombat,B8:27:EB:7C:81:10,-55, WPA ,0.000000,0.000000,0.000,0.000,AP
2026-04-08 13:40:46,1900-01-00 00:00:00,1019-wombat,B8:27:EB:7C:81:10,-56, WPA ,0.000000,0.000000,0.000,0.000,AP
2026-04-08 13:40:46,1900-01-00 00:00:00,,C4:CB:76:AF:5C:A8,-51,,0.000000,0.000000,0.000,0.000,Client
2026-04-08 13:40:46,1900-01-00 00:00:00,,C4:CB:76:AF:5C:A8,-51,,0.000000,0.000000,0.000,0.000,Client
2026-04-08 13:40:46,1900-01-00 00:00:00,,C4:CB:76:AF:5C:A8,-51,,0.000000,0.000000,0.000,0.000,Client
2026-04-08 13:40:46,1900-01-00 00:00:00,,C4:CB:76:AF:5C:A8,-51,,0.000000,0.000000,0.000,0.000,Client
2026-04-08 13:40:46,1900-01-00 00:00:00,,C4:CB:76:AF:5C:A8,-51,,0.000000,0.000000,0.000,0.000,Client
2026-04-08 13:40:46,1900-01-00 00:00:00,,C4:CB:76:AF:5C:A8,-51,,0.000000,0.000000,0.000,0.000,Client
2026-04-08 13:40:46,1900-01-00 00:00:00,,C4:CB:76:AF:5C:A8,-51,,0.000000,0.000000,0.000,0.000,Client
2026-04-08 13:40:46,1900-01-00 00:00:00,,C4:CB:76:AF:5C:A8,-51,,0.000000,0.000000,0.000,0.000,Client
2026-04-08 13:40:46,1900-01-00 00:00:00,,C4:CB:76:AF:5C:A8,-51,,0.000000,0.000000,0.000,0.000,Client
2026-04-08 13:40:46,1900-01-00 00:00:00,,C4:CB:76:AF:5C:A8,-51,,0.000000,0.000000,0.000,0.000,Client
2026-04-08 13:40:46,1900-01-00 00:00:00,,C4:CB:76:AF:5C:A8,-51,,0.000000,0.000000,0.000,0.000,Client
2026-04-08 13:40:46,1900-01-00 00:00:00,,C4:CB:76:AF:5C:A8,-51,,0.000000,0.000000,0.000,0.000,Client
2026-04-08 13:40:46,1900-01-00 00:00:00,,C4:CB:76:AF:5C:A8,-51,,0.000000,0.000000,0.000,0.000,Client
2026-04-08 13:40:46,1900-01-00 00:00:00,,C4:CB:76:AF:5C:A8,-51,,0.000000,0.000000,0.000,0.000,Client
2026-04-08 13:40:46,1900-01-00 00:00:00,,C4:CB:76:AF:5C:A8,-50,,0.000000,0.000000,0.000,0.000,Client
2026-04-08 13:40:46,1900-01-00 00:00:00,,C4:CB:76:AF:5C:A8,-51,,0.000000,0.000000,0.000,0.000,Client
2026-04-08 13:40:46,1900-01-00 00:00:00,,C4:CB:76:AF:5C:A8,-50,,0.000000,0.000000,0.000,0.000,Client
2026-04-08 13:40:46,1900-01-00 00:00:00,,C4:CB:76:AF:5C:A8,-51,,0.000000,0.000000,0.000,0.000,Client
2026-04-08 13:40:46,1900-01-00 00:00:00,,C4:CB:76:AF:5C:A8,-50,,0.000000,0.000000,0.000,0.000,Client
2026-04-08 13:40:46,1900-01-00 00:00:00,,C4:CB:76:AF:5C:A8,-50,,0.000000,0.000000,0.000,0.000,Client
2026-04-08 13:40:46,1900-01-00 00:00:00,1019-wombat,B8:27:EB:7C:81:10,-57, WPA ,0.000000,0.000000,0.000,0.000,AP
2026-04-08 13:40:46,1900-01-00 00:00:00,1019-wombat,B8:27:EB:7C:81:10,-56, WPA ,0.000000,0.000000,0.000,0.000,AP
2026-04-08 13:40:46,1900-01-00 00:00:00,1019-wombat,B8:27:EB:7C:81:10,-53, WPA ,0.000000,0.000000,0.000,0.000,AP
2026-04-08 13:40:46,1900-01-00 00:00:00,1019-wombat,B8:27:EB:7C:81:10,-54, WPA ,0.000000,0.000000,0.000,0.000,AP
2026-04-08 13:40:47,1900-01-00 00:00:00,1019-wombat,B8:27:EB:7C:81:10,-51, WPA ,0.000000,0.000000,0.000,0.000,AP
2026-04-08 13:40:47,1900-01-00 00:00:00,1019-wombat,B8:27:EB:7C:81:10,-54, WPA ,0.000000,0.000000,0.000,0.000,AP
2026-04-08 13:40:47,1900-01-00 00:00:00,1019-wombat,B8:27:EB:7C:81:10,-55, WPA ,0.000000,0.000000,0.000,0.000,AP
2026-04-08 13:40:47,1900-01-00 00:00:00,1019-wombat,B8:27:EB:7C:81:10,-55, WPA ,0.000000,0.000000,0.000,0.000,AP
2026-04-08 13:40:47,1900-01-00 00:00:00,1019-wombat,B8:27:EB:7C:81:10,-57, WPA ,0.000000,0.000000,0.000,0.000,AP
2026-04-08 13:40:47,1900-01-00 00:00:00,1019-wombat,B8:27:EB:7C:81:10,-56, WPA ,0.000000,0.000000,0.000,0.000,AP
2026-04-08 13:40:47,1900-01-00 00:00:00,1019-wombat,B8:27:EB:7C:81:10,-29, WPA ,0.000000,0.000000,0.000,0.000,AP
2026-04-08 13:40:47,1900-01-00 00:00:00,1019-wombat,B8:27:EB:7C:81:10,-29, WPA ,0.000000,0.000000,0.000,0.000,AP
2026-04-08 13:40:47,1900-01-00 00:00:00,1019-wombat,B8:27:EB:7C:81:10,-55, WPA ,0.000000,0.000000,0.000,0.000,AP
2026-04-08 13:40:47,1900-01-00 00:00:00,1019-wombat,B8:27:EB:7C:81:10,-55, WPA ,0.000000,0.000000,0.000,0.000,AP
2026-04-08 13:40:47,1900-01-00 00:00:00,1019-wombat,B8:27:EB:7C:81:10,-55, WPA ,0.000000,0.000000,0.000,0.000,AP
2026-04-08 13:40:47,1900-01-00 00:00:00,1019-wombat,B8:27:EB:7C:81:10,-55, WPA ,0.000000,0.000000,0.000,0.000,AP
2026-04-08 13:40:47,1900-01-00 00:00:00,1019-wombat,B8:27:EB:7C:81:10,-55, WPA ,0.000000,0.000000,0.000,0.000,AP
2026-04-08 13:40:47,1900-01-00 00:00:00,1019-wombat,B8:27:EB:7C:81:10,-55, WPA ,0.000000,0.000000,0.000,0.000,AP
2026-04-08 13:40:47,1900-01-00 00:00:00,1019-wombat,B8:27:EB:7C:81:10,-55, WPA ,0.000000,0.000000,0.000,0.000,AP
2026-04-08 13:40:47,1900-01-00 00:00:00,1019-wombat,B8:27:EB:7C:81:10,-55, WPA ,0.000000,0.000000,0.000,0.000,AP
2026-04-08 13:40:47,1900-01-00 00:00:00,1019-wombat,B8:27:EB:7C:81:10,-55, WPA ,0.000000,0.000000,0.000,0.000,AP
2026-04-08 13:40:47,1900-01-00 00:00:00,1019-wombat,B8:27:EB:7C:81:10,-55, WPA ,0.000000,0.000000,0.000,0.000,AP
2026-04-08 13:40:47,1900-01-00 00:00:00,1019-wombat,B8:27:EB:7C:81:10,-55, WPA ,0.000000,0.000000,0.000,0.000,AP
2026-04-08 13:40:47,1900-01-00 00:00:00,1019-wombat,B8:27:EB:7C:81:10,-55, WPA ,0.000000,0.000000,0.000,0.000,AP
2026-04-08 13:40:47,1900-01-00 00:00:00,1019-wombat,B8:27:EB:7C:81:10,-55, WPA ,0.000000,0.000000,0.000,0.000,AP
2026-04-08 13:40:47,1900-01-00 00:00:00,1019-wombat,B8:27:EB:7C:81:10,-55, WPA ,0.000000,0.000000,0.000,0.000,AP
2026-04-08 13:40:47,1900-01-00 00:00:00,1019-wombat,B8:27:EB:7C:81:10,-55, WPA ,0.000000,0.000000,0.000,0.000,AP
2026-04-08 13:40:47,1900-01-00 00:00:00,1019-wombat,B8:27:EB:7C:81:10,-46, WPA ,0.000000,0.000000,0.000,0.000,AP
2026-04-08 13:40:47,1900-01-00 00:00:00,1019-wombat,B8:27:EB:7C:81:10,-46, WPA ,0.000000,0.000000,0.000,0.000,AP
2026-04-08 13:40:47,1900-01-00 00:00:00,1019-wombat,B8:27:EB:7C:81:10,-46, WPA ,0.000000,0.000000,0.000,0.000,AP
2026-04-08 13:40:47,1900-01-00 00:00:00,1019-wombat,B8:27:EB:7C:81:10,-46, WPA ,0.000000,0.000000,0.000,0.000,AP
2026-04-08 13:40:47,1900-01-00 00:00:00,1019-wombat,B8:27:EB:7C:81:10,-46, WPA ,0.000000,0.000000,0.000,0.000,AP
2026-04-08 13:40:47,1900-01-00 00:00:00,1019-wombat,B8:27:EB:7C:81:10,-46, WPA ,0.000000,0.000000,0.000,0.000,AP
2026-04-08 13:40:47,1900-01-00 00:00:00,1019-wombat,B8:27:EB:7C:81:10,-44, WPA ,0.000000,0.000000,0.000,0.000,AP
2026-04-08 13:40:47,1900-01-00 00:00:00,1019-wombat,B8:27:EB:7C:81:10,-44, WPA ,0.000000,0.000000,0.000,0.000,AP
2026-04-08 13:40:47,1900-01-00 00:00:00,1019-wombat,B8:27:EB:7C:81:10,-44, WPA ,0.000000,0.000000,0.000,0.000,AP
2026-04-08 13:40:47,1900-01-00 00:00:00,1019-wombat,B8:27:EB:7C:81:10,-56, WPA ,0.000000,0.000000,0.000,0.000,AP
2026-04-08 13:40:47,1900-01-00 00:00:00,1019-wombat,B8:27:EB:7C:81:10,-56, WPA ,0.000000,0.000000,0.000,0.000,AP
2026-04-08 13:40:47,1900-01-00 00:00:00,1019-wombat,B8:27:EB:7C:81:10,-56, WPA ,0.000000,0.000000,0.000,0.000,AP
2026-04-08 13:40:47,1900-01-00 00:00:00,1019-wombat,B8:27:EB:7C:81:10,-56, WPA ,0.000000,0.000000,0.000,0.000,AP
2026-04-08 13:40:47,1900-01-00 00:00:00,1019-wombat,B8:27:EB:7C:81:10,-56, WPA ,0.000000,0.000000,0.000,0.000,AP
2026-04-08 13:40:47,1900-01-00 00:00:00,1019-wombat,B8:27:EB:7C:81:10,-56, WPA ,0.000000,0.000000,0.000,0.000,AP
2026-04-08 13:40:47,1900-01-00 00:00:00,1019-wombat,B8:27:EB:7C:81:10,-56, WPA ,0.000000,0.000000,0.000,0.000,AP
2026-04-08 13:40:47,1900-01-00 00:00:00,1019-wombat,B8:27:EB:7C:81:10,-56, WPA ,0.000000,0.000000,0.000,0.000,AP
2026-04-08 13:40:47,1900-01-00 00:00:00,1019-wombat,B8:27:EB:7C:81:10,-44, WPA ,0.000000,0.000000,0.000,0.000,AP
2026-04-08 13:40:47,1900-01-00 00:00:00,1019-wombat,B8:27:EB:7C:81:10,-44, WPA ,0.000000,0.000000,0.000,0.000,AP
2026-04-08 13:40:47,1900-01-00 00:00:00,1019-wombat,B8:27:EB:7C:81:10,-44, WPA ,0.000000,0.000000,0.000,0.000,AP
2026-04-08 13:40:47,1900-01-00 00:00:00,1019-wombat,B8:27:EB:7C:81:10,-44, WPA ,0.000000,0.000000,0.000,0.000,AP
2026-04-08 13:40:47,1900-01-00 00:00:00,1019-wombat,B8:27:EB:7C:81:10,-44, WPA ,0.000000,0.000000,0.000,0.000,AP
2026-04-08 13:40:47,1900-01-00 00:00:00,1019-wombat,B8:27:EB:7C:81:10,-44, WPA ,0.000000,0.000000,0.000,0.000,AP
2026-04-08 13:40:47,1900-01-00 00:00:00,1019-wombat,B8:27:EB:7C:81:10,-44, WPA ,0.000000,0.000000,0.000,0.000,AP
2026-04-08 13:40:47,1900-01-00 00:00:00,1019-wombat,B8:27:EB:7C:81:10,-44, WPA ,0.000000,0.000000,0.000,0.000,AP
2026-04-08 13:40:47,1900-01-00 00:00:00,1019-wombat,B8:27:EB:7C:81:10,-29, WPA ,0.000000,0.000000,0.000,0.000,AP
2026-04-08 13:40:47,1900-01-00 00:00:00,1019-wombat,B8:27:EB:7C:81:10,-29, WPA ,0.000000,0.000000,0.000,0.000,AP
2026-04-08 13:40:47,1900-01-00 00:00:00,1019-wombat,B8:27:EB:7C:81:10,-29, WPA ,0.000000,0.000000,0.000,0.000,AP
2026-04-08 13:40:47,1900-01-00 00:00:00,1019-wombat,B8:27:EB:7C:81:10,-29, WPA ,0.000000,0.000000,0.000,0.000,AP
2026-04-08 13:40:47,1900-01-00 00:00:00,1019-wombat,B8:27:EB:7C:81:10,-29, WPA ,0.000000,0.000000,0.000,0.000,AP
2026-04-08 13:40:47,1900-01-00 00:00:00,1019-wombat,B8:27:EB:7C:81:10,-29, WPA ,0.000000,0.000000,0.000,0.000,AP
2026-04-08 13:40:47,1900-01-00 00:00:00,1019-wombat,B8:27:EB:7C:81:10,-29, WPA ,0.000000,0.000000,0.000,0.000,AP
2026-04-08 13:40:47,1900-01-00 00:00:00,1019-wombat,B8:27:EB:7C:81:10,-29, WPA ,0.000000,0.000000,0.000,0.000,AP
2026-04-08 13:40:47,1900-01-00 00:00:00,1019-wombat,B8:27:EB:7C:81:10,-55, WPA ,0.000000,0.000000,0.000,0.000,AP
2026-04-08 13:40:47,1900-01-00 00:00:00,1019-wombat,B8:27:EB:7C:81:10,-55, WPA ,0.000000,0.000000,0.000,0.000,AP
2026-04-08 13:40:47,1900-01-00 00:00:00,1019-wombat,B8:27:EB:7C:81:10,-55, WPA ,0.000000,0.000000,0.000,0.000,AP
2026-04-08 13:40:47,1900-01-00 00:00:00,1019-wombat,B8:27:EB:7C:81:10,-55, WPA ,0.000000,0.000000,0.000,0.000,AP
2026-04-08 13:40:47,1900-01-00 00:00:00,1019-wombat,B8:27:EB:7C:81:10,-55, WPA ,0.000000,0.000000,0.000,0.000,AP
2026-04-08 13:40:47,1900-01-00 00:00:00,1019-wombat,B8:27:EB:7C:81:10,-55, WPA ,0.000000,0.000000,0.000,0.000,AP
2026-04-08 13:40:47,1900-01-00 00:00:00,1019-wombat,B8:27:EB:7C:81:10,-55, WPA ,0.000000,0.000000,0.000,0.000,AP
2026-04-08 13:40:47,1900-01-00 00:00:00,1019-wombat,B8:27:EB:7C:81:10,-55, WPA ,0.000000,0.000000,0.000,0.000,AP
2026-04-08 13:40:47,1900-01-00 00:00:00,1019-wombat,B8:27:EB:7C:81:10,-55, WPA ,0.000000,0.000000,0.000,0.000,AP
2026-04-08 13:40:47,1900-01-00 00:00:00,1019-wombat,B8:27:EB:7C:81:10,-55, WPA ,0.000000,0.000000,0.000,0.000,AP
2026-04-08 13:40:47,1900-01-00 00:00:00,1019-wombat,B8:27:EB:7C:81:10,-55, WPA ,0.000000,0.000000,0.000,0.000,AP
2026-04-08 13:40:47,1900-01-00 00:00:00,1019-wombat,B8:27:EB:7C:81:10,-55, WPA ,0.000000,0.000000,0.000,0.000,AP
2026-04-08 13:40:47,1900-01-00 00:00:00,1019-wombat,B8:27:EB:7C:81:10,-55, WPA ,0.000000,0.000000,0.000,0.000,AP
2026-04-08 13:40:47,1900-01-00 00:00:00,1019-wombat,B8:27:EB:7C:81:10,-55, WPA ,0.000000,0.000000,0.000,0.000,AP
2026-04-08 13:40:47,1900-01-00 00:00:00,1019-wombat,B8:27:EB:7C:81:10,-55, WPA ,0.000000,0.000000,0.000,0.000,AP
2026-04-08 13:40:47,1900-01-00 00:00:00,1019-wombat,B8:27:EB:7C:81:10,-55, WPA ,0.000000,0.000000,0.000,0.000,AP
2026-04-08 13:40:47,1900-01-00 00:00:00,1019-wombat,B8:27:EB:7C:81:10,-55, WPA ,0.000000,0.000000,0.000,0.000,AP
2026-04-08 13:40:47,1900-01-00 00:00:00,1019-wombat,B8:27:EB:7C:81:10,-46, WPA ,0.000000,0.000000,0.000,0.000,AP
2026-04-08 13:40:47,1900-01-00 00:00:00,1019-wombat,B8:27:EB:7C:81:10,-46, WPA ,0.000000,0.000000,0.000,0.000,AP
2026-04-08 13:40:47,1900-01-00 00:00:00,1019-wombat,B8:27:EB:7C:81:10,-46, WPA ,0.000000,0.000000,0.000,0.000,AP
2026-04-08 13:40:47,1900-01-00 00:00:00,1019-wombat,B8:27:EB:7C:81:10,-46, WPA ,0.000000,0.000000,0.000,0.000,AP
2026-04-08 13:40:47,1900-01-00 00:00:00,1019-wombat,B8:27:EB:7C:81:10,-46, WPA ,0.000000,0.000000,0.000,0.000,AP
2026-04-08 13:40:47,1900-01-00 00:00:00,1019-wombat,B8:27:EB:7C:81:10,-46, WPA ,0.000000,0.000000,0.000,0.000,AP
2026-04-08 13:40:47,1900-01-00 00:00:00,1019-wombat,B8:27:EB:7C:81:10,-46, WPA ,0.000000,0.000000,0.000,0.000,AP
2026-04-08 13:40:47,1900-01-00 00:00:00,1019-wombat,B8:27:EB:7C:81:10,-46, WPA ,0.000000,0.000000,0.000,0.000,AP
2026-04-08 13:40:47,1900-01-00 00:00:00,1019-wombat,B8:27:EB:7C:81:10,-46, WPA ,0.000000,0.000000,0.000,0.000,AP
2026-04-08 13:40:47,1900-01-00 00:00:00,1019-wombat,B8:27:EB:7C:81:10,-46, WPA ,0.000000,0.000000,0.000,0.000,AP
2026-04-08 13:40:47,1900-01-00 00:00:00,1019-wombat,B8:27:EB:7C:81:10,-56, WPA ,0.000000,0.000000,0.000,0.000,AP
2026-04-08 13:40:47,1900-01-00 00:00:00,1019-wombat,B8:27:EB:7C:81:10,-57, WPA ,0.000000,0.000000,0.000,0.000,AP
2026-04-08 13:40:47,1900-01-00 00:00:00,1019-wombat,B8:27:EB:7C:81:10,-57, WPA ,0.000000,0.000000,0.000,0.000,AP
2026-04-08 13:40:47,1900-01-00 00:00:00,1019-wombat,B8:27:EB:7C:81:10,-57, WPA ,0.000000,0.000000,0.000,0.000,AP
2026-04-08 13:40:47,1900-01-00 00:00:00,1019-wombat,B8:27:EB:7C:81:10,-57, WPA ,0.000000,0.000000,0.000,0.000,AP
2026-04-08 13:40:47,1900-01-00 00:00:00,1019-wombat,B8:27:EB:7C:81:10,-58, WPA ,0.000000,0.000000,0.000,0.000,AP
2026-04-08 13:40:47,1900-01-00 00:00:00,1019-wombat,B8:27:EB:7C:81:10,-58, WPA ,0.000000,0.000000,0.000,0.000,AP
2026-04-08 13:40:47,1900-01-00 00:00:00,1019-wombat,B8:27:EB:7C:81:10,-58, WPA ,0.000000,0.000000,0.000,0.000,AP
2026-04-08 13:40:47,1900-01-00 00:00:00,1019-wombat,B8:27:EB:7C:81:10,-58, WPA ,0.000000,0.000000,0.000,0.000,AP
2026-04-08 13:40:47,1900-01-00 00:00:00,1019-wombat,B8:27:EB:7C:81:10,-58, WPA ,0.000000,0.000000,0.000,0.000,AP
2026-04-08 13:40:47,1900-01-00 00:00:00,1019-wombat,B8:27:EB:7C:81:10,-58, WPA ,0.000000,0.000000,0.000,0.000,AP
2026-04-08 13:40:47,1900-01-00 00:00:00,1019-wombat,B8:27:EB:7C:81:10,-58, WPA ,0.000000,0.000000,0.000,0.000,AP
2026-04-08 13:40:47,1900-01-00 00:00:00,1019-wombat,B8:27:EB:7C:81:10,-58, WPA ,0.000000,0.000000,0.000,0.000,AP
2026-04-08 13:40:47,1900-01-00 00:00:00,1019-wombat,B8:27:EB:7C:81:10,-58, WPA ,0.000000,0.000000,0.000,0.000,AP
2026-04-08 13:40:47,1900-01-00 00:00:00,1019-wombat,B8:27:EB:7C:81:10,-45, WPA ,0.000000,0.000000,0.000,0.000,AP
2026-04-08 13:40:47,1900-01-00 00:00:00,1019-wombat,B8:27:EB:7C:81:10,-29, WPA ,0.000000,0.000000,0.000,0.000,AP
2026-04-08 13:40:47,1900-01-00 00:00:00,1019-wombat,B8:27:EB:7C:81:10,-29, WPA ,0.000000,0.000000,0.000,0.000,AP
2026-04-08 13:40:47,1900-01-00 00:00:00,1019-wombat,B8:27:EB:7C:81:10,-29, WPA ,0.000000,0.000000,0.000,0.000,AP
2026-04-08 13:40:47,1900-01-00 00:00:00,1019-wombat,B8:27:EB:7C:81:10,-29, WPA ,0.000000,0.000000,0.000,0.000,AP
2026-04-08 13:40:47,1900-01-00 00:00:00,1019-wombat,B8:27:EB:7C:81:10,-29, WPA ,0.000000,0.000000,0.000,0.000,AP
2026-04-08 13:40:47,1900-01-00 00:00:00,1019-wombat,B8:27:EB:7C:81:10,-29, WPA ,0.000000,0.000000,0.000,0.000,AP
2026-04-08 13:40:47,1900-01-00 00:00:00,1019-wombat,B8:27:EB:7C:81:10,-29, WPA ,0.000000,0.000000,0.000,0.000,AP
2026-04-08 13:40:47,1900-01-00 00:00:00,1019-wombat,B8:27:EB:7C:81:10,-29, WPA ,0.000000,0.000000,0.000,0.000,AP
2026-04-08 13:40:47,1900-01-00 00:00:00,1019-wombat,B8:27:EB:7C:81:10,-58, WPA ,0.000000,0.000000,0.000,0.000,AP
2026-04-08 13:40:47,1900-01-00 00:00:00,1019-wombat,B8:27:EB:7C:81:10,-58, WPA ,0.000000,0.000000,0.000,0.000,AP
2026-04-08 13:40:47,1900-01-00 00:00:00,1019-wombat,B8:27:EB:7C:81:10,-58, WPA ,0.000000,0.000000,0.000,0.000,AP
2026-04-08 13:40:47,1900-01-00 00:00:00,1019-wombat,B8:27:EB:7C:81:10,-58, WPA ,0.000000,0.000000,0.000,0.000,AP
2026-04-08 13:40:47,1900-01-00 00:00:00,1019-wombat,B8:27:EB:7C:81:10,-58, WPA ,0.000000,0.000000,0.000,0.000,AP
2026-04-08 13:40:47,1900-01-00 00:00:00,1019-wombat,B8:27:EB:7C:81:10,-58, WPA ,0.000000,0.000000,0.000,0.000,AP
2026-04-08 13:40:47,1900-01-00 00:00:00,1019-wombat,B8:27:EB:7C:81:10,-58, WPA ,0.000000,0.000000,0.000,0.000,AP
2026-04-08 13:40:47,1900-01-00 00:00:00,1019-wombat,B8:27:EB:7C:81:10,-58, WPA ,0.000000,0.000000,0.000,0.000,AP
2026-04-08 13:40:48,1900-01-00 00:00:00,1019-wombat,B8:27:EB:7C:81:10,-58, WPA ,0.000000,0.000000,0.000,0.000,AP
2026-04-08 13:40:48,1900-01-00 00:00:00,1019-wombat,B8:27:EB:7C:81:10,-58, WPA ,0.000000,0.000000,0.000,0.000,AP
2026-04-08 13:40:48,1900-01-00 00:00:00,1019-wombat,B8:27:EB:7C:81:10,-58, WPA ,0.000000,0.000000,0.000,0.000,AP
2026-04-08 13:40:48,1900-01-00 00:00:00,1019-wombat,B8:27:EB:7C:81:10,-58, WPA ,0.000000,0.000000,0.000,0.000,AP
2026-04-08 13:40:48,1900-01-00 00:00:00,1019-wombat,B8:27:EB:7C:81:10,-58, WPA ,0.000000,0.000000,0.000,0.000,AP
2026-04-08 13:40:48,1900-01-00 00:00:00,1019-wombat,B8:27:EB:7C:81:10,-29, WPA ,0.000000,0.000000,0.000,0.000,AP
2026-04-08 13:40:48,1900-01-00 00:00:00,1019-wombat,B8:27:EB:7C:81:10,-29, WPA ,0.000000,0.000000,0.000,0.000,AP
2026-04-08 13:40:48,1900-01-00 00:00:00,1019-wombat,B8:27:EB:7C:81:10,-23, WPA ,0.000000,0.000000,0.000,0.000,AP
2026-04-08 13:40:48,1900-01-00 00:00:00,1019-wombat,B8:27:EB:7C:81:10,-23, WPA ,0.000000,0.000000,0.000,0.000,AP
2026-04-08 13:40:48,1900-01-00 00:00:00,1019-wombat,B8:27:EB:7C:81:10,-47, WPA ,0.000000,0.000000,0.000,0.000,AP
2026-04-08 13:40:48,1900-01-00 00:00:00,1019-wombat,B8:27:EB:7C:81:10,-47, WPA ,0.000000,0.000000,0.000,0.000,AP
2026-04-08 13:40:48,1900-01-00 00:00:00,1019-wombat,B8:27:EB:7C:81:10,-47, WPA ,0.000000,0.000000,0.000,0.000,AP
2026-04-08 13:40:48,1900-01-00 00:00:00,1019-wombat,B8:27:EB:7C:81:10,-47, WPA ,0.000000,0.000000,0.000,0.000,AP
2026-04-08 13:40:48,1900-01-00 00:00:00,1019-wombat,B8:27:EB:7C:81:10,-47, WPA ,0.000000,0.000000,0.000,0.000,AP
2026-04-08 13:40:48,1900-01-00 00:00:00,1019-wombat,B8:27:EB:7C:81:10,-47, WPA ,0.000000,0.000000,0.000,0.000,AP
2026-04-08 13:40:48,1900-01-00 00:00:00,1019-wombat,B8:27:EB:7C:81:10,-47, WPA ,0.000000,0.000000,0.000,0.000,AP
2026-04-08 13:40:48,1900-01-00 00:00:00,1019-wombat,B8:27:EB:7C:81:10,-47, WPA ,0.000000,0.000000,0.000,0.000,AP
2026-04-08 13:40:48,1900-01-00 00:00:00,1019-wombat,B8:27:EB:7C:81:10,-47, WPA ,0.000000,0.000000,0.000,0.000,AP
2026-04-08 13:40:48,1900-01-00 00:00:00,1019-wombat,B8:27:EB:7C:81:10,-47, WPA ,0.000000,0.000000,0.000,0.000,AP
2026-04-08 13:40:48,1900-01-00 00:00:00,1019-wombat,B8:27:EB:7C:81:10,-53, WPA ,0.000000,0.000000,0.000,0.000,AP
2026-04-08 13:40:48,1900-01-00 00:00:00,1019-wombat,B8:27:EB:7C:81:10,-53, WPA ,0.000000,0.000000,0.000,0.000,AP
2026-04-08 13:40:48,1900-01-00 00:00:00,1019-wombat,B8:27:EB:7C:81:10,-57, WPA ,0.000000,0.000000,0.000,0.000,AP
2026-04-08 13:40:48,1900-01-00 00:00:00,1019-wombat,B8:27:EB:7C:81:10,-57, WPA ,0.000000,0.000000,0.000,0.000,AP
2026-04-08 13:40:48,1900-01-00 00:00:00,1019-wombat,B8:27:EB:7C:81:10,-55, WPA ,0.000000,0.000000,0.000,0.000,AP
2026-04-08 13:40:48,1900-01-00 00:00:00,1019-wombat,B8:27:EB:7C:81:10,-55, WPA ,0.000000,0.000000,0.000,0.000,AP
2026-04-08 13:40:48,1900-01-00 00:00:00,1019-wombat,B8:27:EB:7C:81:10,-57, WPA ,0.000000,0.000000,0.000,0.000,AP
2026-04-08 13:40:48,1900-01-00 00:00:00,1019-wombat,B8:27:EB:7C:81:10,-44, WPA ,0.000000,0.000000,0.000,0.000,AP
2026-04-08 13:40:48,1900-01-00 00:00:00,1019-wombat,B8:27:EB:7C:81:10,-44, WPA ,0.000000,0.000000,0.000,0.000,AP
2026-04-08 13:40:48,1900-01-00 00:00:00,1019-wombat,B8:27:EB:7C:81:10,-44, WPA ,0.000000,0.000000,0.000,0.000,AP
2026-04-08 13:40:48,1900-01-00 00:00:00,1019-wombat,B8:27:EB:7C:81:10,-44, WPA ,0.000000,0.000000,0.000,0.000,AP
2026-04-08 13:40:48,1900-01-00 00:00:00,1019-wombat,B8:27:EB:7C:81:10,-44, WPA ,0.000000,0.000000,0.000,0.000,AP
2026-04-08 13:40:48,1900-01-00 00:00:00,1019-wombat,B8:27:EB:7C:81:10,-44, WPA ,0.000000,0.000000,0.000,0.000,AP
2026-04-08 13:40:48,1900-01-00 00:00:00,1019-wombat,B8:27:EB:7C:81:10,-44, WPA ,0.000000,0.000000,0.000,0.000,AP
2026-04-08 13:40:48,1900-01-00 00:00:00,1019-wombat,B8:27:EB:7C:81:10,-44, WPA ,0.000000,0.000000,0.000,0.000,AP
2026-04-08 13:40:48,1900-01-00 00:00:00,1019-wombat,B8:27:EB:7C:81:10,-44, WPA ,0.000000,0.000000,0.000,0.000,AP
2026-04-08 13:40:48,1900-01-00 00:00:00,1019-wombat,B8:27:EB:7C:81:10,-56, WPA ,0.000000,0.000000,0.000,0.000,AP
2026-04-08 13:40:48,1900-01-00 00:00:00,1019-wombat,B8:27:EB:7C:81:10,-56, WPA ,0.000000,0.000000,0.000,0.000,AP
2026-04-08 13:40:48,1900-01-00 00:00:00,1019-wombat,B8:27:EB:7C:81:10,-57, WPA ,0.000000,0.000000,0.000,0.000,AP
2026-04-08 13:40:48,1900-01-00 00:00:00,1019-wombat,B8:27:EB:7C:81:10,-57, WPA ,0.000000,0.000000,0.000,0.000,AP
2026-04-08 13:40:48,1900-01-00 00:00:00,1019-wombat,B8:27:EB:7C:81:10,-57, WPA ,0.000000,0.000000,0.000,0.000,AP
2026-04-08 13:40:48,1900-01-00 00:00:00,1019-wombat,B8:27:EB:7C:81:10,-57, WPA ,0.000000,0.000000,0.000,0.000,AP
2026-04-08 13:40:48,1900-01-00 00:00:00,1019-wombat,B8:27:EB:7C:81:10,-57, WPA ,0.000000,0.000000,0.000,0.000,AP
2026-04-08 13:40:48,1900-01-00 00:00:00,1019-wombat,B8:27:EB:7C:81:10,-57, WPA ,0.000000,0.000000,0.000,0.000,AP
2026-04-08 13:40:48,1900-01-00 00:00:00,1019-wombat,B8:27:EB:7C:81:10,-57, WPA ,0.000000,0.000000,0.000,0.000,AP
2026-04-08 13:40:48,1900-01-00 00:00:00,1019-wombat,B8:27:EB:7C:81:10,-57, WPA ,0.000000,0.000000,0.000,0.000,AP
2026-04-08 13:40:48,1900-01-00 00:00:00,1019-wombat,B8:27:EB:7C:81:10,-57, WPA ,0.000000,0.000000,0.000,0.000,AP
2026-04-08 13:40:48,1900-01-00 00:00:00,1019-wombat,B8:27:EB:7C:81:10,-57, WPA ,0.000000,0.000000,0.000,0.000,AP
2026-04-08 13:40:48,1900-01-00 00:00:00,1019-wombat,B8:27:EB:7C:81:10,-57, WPA ,0.000000,0.000000,0.000,0.000,AP
2026-04-08 13:40:48,1900-01-00 00:00:00,1019-wombat,B8:27:EB:7C:81:10,-57, WPA ,0.000000,0.000000,0.000,0.000,AP
2026-04-08 13:40:48,1900-01-00 00:00:00,1019-wombat,B8:27:EB:7C:81:10,-44, WPA ,0.000000,0.000000,0.000,0.000,AP
2026-04-08 13:40:48,1900-01-00 00:00:00,1019-wombat,B8:27:EB:7C:81:10,-32, WPA ,0.000000,0.000000,0.000,0.000,AP
2026-04-08 13:40:48,1900-01-00 00:00:00,1019-wombat,B8:27:EB:7C:81:10,-32, WPA ,0.000000,0.000000,0.000,0.000,AP
2026-04-08 13:40:48,1900-01-00 00:00:00,1019-wombat,B8:27:EB:7C:81:10,-32, WPA ,0.000000,0.000000,0.000,0.000,AP
2026-04-08 13:40:48,1900-01-00 00:00:00,1019-wombat,B8:27:EB:7C:81:10,-32, WPA ,0.000000,0.000000,0.000,0.000,AP
2026-04-08 13:40:48,1900-01-00 00:00:00,1019-wombat,B8:27:EB:7C:81:10,-32, WPA ,0.000000,0.000000,0.000,0.000,AP
2026-04-08 13:40:48,1900-01-00 00:00:00,1019-wombat,B8:27:EB:7C:81:10,-32, WPA ,0.000000,0.000000,0.000,0.000,AP
2026-04-08 13:40:48,1900-01-00 00:00:00,1019-wombat,B8:27:EB:7C:81:10,-32, WPA ,0.000000,0.000000,0.000,0.000,AP
2026-04-08 13:40:48,1900-01-00 00:00:00,1019-wombat,B8:27:EB:7C:81:10,-32, WPA ,0.000000,0.000000,0.000,0.000,AP
2026-04-08 13:40:48,1900-01-00 00:00:00,1019-wombat,B8:27:EB:7C:81:10,-59, WPA ,0.000000,0.000000,0.000,0.000,AP
2026-04-08 13:40:48,1900-01-00 00:00:00,1019-wombat,B8:27:EB:7C:81:10,-59, WPA ,0.000000,0.000000,0.000,0.000,AP
2026-04-08 13:40:48,1900-01-00 00:00:00,1019-wombat,B8:27:EB:7C:81:10,-59, WPA ,0.000000,0.000000,0.000,0.000,AP
2026-04-08 13:40:48,1900-01-00 00:00:00,1019-wombat,B8:27:EB:7C:81:10,-59, WPA ,0.000000,0.000000,0.000,0.000,AP
2026-04-08 13:40:48,1900-01-00 00:00:00,1019-wombat,B8:27:EB:7C:81:10,-59, WPA ,0.000000,0.000000,0.000,0.000,AP
2026-04-08 13:40:48,1900-01-00 00:00:00,1019-wombat,B8:27:EB:7C:81:10,-59, WPA ,0.000000,0.000000,0.000,0.000,AP
2026-04-08 13:40:48,1900-01-00 00:00:00,1019-wombat,B8:27:EB:7C:81:10,-59, WPA ,0.000000,0.000000,0.000,0.000,AP
2026-04-08 13:40:48,1900-01-00 00:00:00,1019-wombat,B8:27:EB:7C:81:10,-59, WPA ,0.000000,0.000000,0.000,0.000,AP
2026-04-08 13:40:48,1900-01-00 00:00:00,1019-wombat,B8:27:EB:7C:81:10,-59, WPA ,0.000000,0.000000,0.000,0.000,AP
2026-04-08 13:40:48,1900-01-00 00:00:00,1019-wombat,B8:27:EB:7C:81:10,-59, WPA ,0.000000,0.000000,0.000,0.000,AP
2026-04-08 13:40:48,1900-01-00 00:00:00,1019-wombat,B8:27:EB:7C:81:10,-45, WPA ,0.000000,0.000000,0.000,0.000,AP
2026-04-08 13:40:48,1900-01-00 00:00:00,1019-wombat,B8:27:EB:7C:81:10,-45, WPA ,0.000000,0.000000,0.000,0.000,AP
2026-04-08 13:40:48,1900-01-00 00:00:00,1019-wombat,B8:27:EB:7C:81:10,-50, WPA ,0.000000,0.000000,0.000,0.000,AP
2026-04-08 13:40:48,1900-01-00 00:00:00,1019-wombat,B8:27:EB:7C:81:10,-50, WPA ,0.000000,0.000000,0.000,0.000,AP
2026-04-08 13:40:48,1900-01-00 00:00:00,1019-wombat,B8:27:EB:7C:81:10,-50, WPA ,0.000000,0.000000,0.000,0.000,AP
2026-04-08 13:40:48,1900-01-00 00:00:00,1019-wombat,B8:27:EB:7C:81:10,-50, WPA ,0.000000,0.000000,0.000,0.000,AP
2026-04-08 13:40:48,1900-01-00 00:00:00,1019-wombat,B8:27:EB:7C:81:10,-50, WPA ,0.000000,0.000000,0.000,0.000,AP
2026-04-08 13:40:48,1900-01-00 00:00:00,1019-wombat,B8:27:EB:7C:81:10,-44, WPA ,0.000000,0.000000,0.000,0.000,AP
2026-04-08 13:40:48,1900-01-00 00:00:00,1019-wombat,B8:27:EB:7C:81:10,-44, WPA ,0.000000,0.000000,0.000,0.000,AP
2026-04-08 13:40:48,1900-01-00 00:00:00,1019-wombat,B8:27:EB:7C:81:10,-44, WPA ,0.000000,0.000000,0.000,0.000,AP
2026-04-08 13:40:48,1900-01-00 00:00:00,1019-wombat,B8:27:EB:7C:81:10,-44, WPA ,0.000000,0.000000,0.000,0.000,AP
2026-04-08 13:40:48,1900-01-00 00:00:00,1019-wombat,B8:27:EB:7C:81:10,-44, WPA ,0.000000,0.000000,0.000,0.000,AP
2026-04-08 13:40:48,1900-01-00 00:00:00,1019-wombat,B8:27:EB:7C:81:10,-44, WPA ,0.000000,0.000000,0.000,0.000,AP
2026-04-08 13:40:48,1900-01-00 00:00:00,1019-wombat,B8:27:EB:7C:81:10,-44, WPA ,0.000000,0.000000,0.000,0.000,AP
2026-04-08 13:40:48,1900-01-00 00:00:00,1019-wombat,B8:27:EB:7C:81:10,-44, WPA ,0.000000,0.000000,0.000,0.000,AP
2026-04-08 13:40:48,1900-01-00 00:00:00,1019-wombat,B8:27:EB:7C:81:10,-44, WPA ,0.000000,0.000000,0.000,0.000,AP
2026-04-08 13:40:48,1900-01-00 00:00:00,1019-wombat,B8:27:EB:7C:81:10,-44, WPA ,0.000000,0.000000,0.000,0.000,AP
2026-04-08 13:40:48,1900-01-00 00:00:00,1019-wombat,B8:27:EB:7C:81:10,-57, WPA ,0.000000,0.000000,0.000,0.000,AP
2026-04-08 13:40:48,1900-01-00 00:00:00,1019-wombat,B8:27:EB:7C:81:10,-57, WPA ,0.000000,0.000000,0.000,0.000,AP
2026-04-08 13:40:48,1900-01-00 00:00:00,1019-wombat,B8:27:EB:7C:81:10,-58, WPA ,0.000000,0.000000,0.000,0.000,AP
2026-04-08 13:40:48,1900-01-00 00:00:00,1019-wombat,B8:27:EB:7C:81:10,-58, WPA ,0.000000,0.000000,0.000,0.000,AP
2026-04-08 13:40:48,1900-01-00 00:00:00,1019-wombat,B8:27:EB:7C:81:10,-58, WPA ,0.000000,0.000000,0.000,0.000,AP
2026-04-08 13:40:48,1900-01-00 00:00:00,1019-wombat,B8:27:EB:7C:81:10,-58, WPA ,0.000000,0.000000,0.000,0.000,AP
2026-04-08 13:40:48,1900-01-00 00:00:00,1019-wombat,B8:27:EB:7C:81:10,-58, WPA ,0.000000,0.000000,0.000,0.000,AP
2026-04-08 13:40:48,1900-01-00 00:00:00,1019-wombat,B8:27:EB:7C:81:10,-58, WPA ,0.000000,0.000000,0.000,0.000,AP
2026-04-08 13:40:48,1900-01-00 00:00:00,1019-wombat,B8:27:EB:7C:81:10,-58, WPA ,0.000000,0.000000,0.000,0.000,AP
2026-04-08 13:40:48,1900-01-00 00:00:00,1019-wombat,B8:27:EB:7C:81:10,-58, WPA ,0.000000,0.000000,0.000,0.000,AP
2026-04-08 13:40:48,1900-01-00 00:00:00,1019-wombat,B8:27:EB:7C:81:10,-58, WPA ,0.000000,0.000000,0.000,0.000,AP
2026-04-08 13:40:48,1900-01-00 00:00:00,1019-wombat,B8:27:EB:7C:81:10,-58, WPA ,0.000000,0.000000,0.000,0.000,AP
2026-04-08 13:40:48,1900-01-00 00:00:00,1019-wombat,B8:27:EB:7C:81:10,-58, WPA ,0.000000,0.000000,0.000,0.000,AP
2026-04-08 13:40:48,1900-01-00 00:00:00,1019-wombat,B8:27:EB:7C:81:10,-58, WPA ,0.000000,0.000000,0.000,0.000,AP
2026-04-08 13:40:48,1900-01-00 00:00:00,1019-wombat,B8:27:EB:7C:81:10,-44, WPA ,0.000000,0.000000,0.000,0.000,AP
2026-04-08 13:40:48,1900-01-00 00:00:00,1019-wombat,B8:27:EB:7C:81:10,-31, WPA ,0.000000,0.000000,0.000,0.000,AP
2026-04-08 13:40:48,1900-01-00 00:00:00,1019-wombat,B8:27:EB:7C:81:10,-31, WPA ,0.000000,0.000000,0.000,0.000,AP
2026-04-08 13:40:48,1900-01-00 00:00:00,1019-wombat,B8:27:EB:7C:81:10,-31, WPA ,0.000000,0.000000,0.000,0.000,AP
2026-04-08 13:40:48,1900-01-00 00:00:00,1019-wombat,B8:27:EB:7C:81:10,-31, WPA ,0.000000,0.000000,0.000,0.000,AP
2026-04-08 13:40:48,1900-01-00 00:00:00,1019-wombat,B8:27:EB:7C:81:10,-31, WPA ,0.000000,0.000000,0.000,0.000,AP
2026-04-08 13:40:48,1900-01-00 00:00:00,1019-wombat,B8:27:EB:7C:81:10,-31, WPA ,0.000000,0.000000,0.000,0.000,AP
2026-04-08 13:40:48,1900-01-00 00:00:00,1019-wombat,B8:27:EB:7C:81:10,-31, WPA ,0.000000,0.000000,0.000,0.000,AP
2026-04-08 13:40:48,1900-01-00 00:00:00,1019-wombat,B8:27:EB:7C:81:10,-31, WPA ,0.000000,0.000000,0.000,0.000,AP
2026-04-08 13:40:48,1900-01-00 00:00:00,1019-wombat,B8:27:EB:7C:81:10,-31, WPA ,0.000000,0.000000,0.000,0.000,AP
2026-04-08 13:40:48,1900-01-00 00:00:00,1019-wombat,B8:27:EB:7C:81:10,-23, WPA ,0.000000,0.000000,0.000,0.000,AP
2026-04-08 13:40:48,1900-01-00 00:00:00,1019-wombat,B8:27:EB:7C:81:10,-23, WPA ,0.000000,0.000000,0.000,0.000,AP
2026-04-08 13:40:48,1900-01-00 00:00:00,1019-wombat,B8:27:EB:7C:81:10,-31, WPA ,0.000000,0.000000,0.000,0.000,AP
2026-04-08 13:40:48,1900-01-00 00:00:00,1019-wombat,B8:27:EB:7C:81:10,-31, WPA ,0.000000,0.000000,0.000,0.000,AP
2026-04-08 13:40:48,1900-01-00 00:00:00,1019-wombat,B8:27:EB:7C:81:10,-33, WPA ,0.000000,0.000000,0.000,0.000,AP
2026-04-08 13:40:48,1900-01-00 00:00:00,1019-wombat,B8:27:EB:7C:81:10,-31, WPA ,0.000000,0.000000,0.000,0.000,AP
2026-04-08 13:40:48,1900-01-00 00:00:00,1019-wombat,B8:27:EB:7C:81:10,-31, WPA ,0.000000,0.000000,0.000,0.000,AP
2026-04-08 13:40:48,1900-01-00 00:00:00,1019-wombat,B8:27:EB:7C:81:10,-31, WPA ,0.000000,0.000000,0.000,0.000,AP
2026-04-08 13:40:48,1900-01-00 00:00:00,1019-wombat,B8:27:EB:7C:81:10,-31, WPA ,0.000000,0.000000,0.000,0.000,AP
2026-04-08 13:40:48,1900-01-00 00:00:00,1019-wombat,B8:27:EB:7C:81:10,-23, WPA ,0.000000,0.000000,0.000,0.000,AP
2026-04-08 13:40:48,1900-01-00 00:00:00,1019-wombat,B8:27:EB:7C:81:10,-30, WPA ,0.000000,0.000000,0.000,0.000,AP
2026-04-08 13:40:48,1900-01-00 00:00:00,1019-wombat,B8:27:EB:7C:81:10,-23, WPA ,0.000000,0.000000,0.000,0.000,AP
2026-04-08 13:40:48,1900-01-00 00:00:00,1019-wombat,B8:27:EB:7C:81:10,-26, WPA ,0.000000,0.000000,0.000,0.000,AP
2026-04-08 13:40:48,1900-01-00 00:00:00,1019-wombat,B8:27:EB:7C:81:10,-30, WPA ,0.000000,0.000000,0.000,0.000,AP
2026-04-08 13:40:48,1900-01-00 00:00:00,1019-wombat,B8:27:EB:7C:81:10,-31, WPA ,0.000000,0.000000,0.000,0.000,AP
2026-04-08 13:40:48,1900-01-00 00:00:00,1019-wombat,B8:27:EB:7C:81:10,-31, WPA ,0.000000,0.000000,0.000,0.000,AP
2026-04-08 13:40:48,1900-01-00 00:00:00,1019-wombat,B8:27:EB:7C:81:10,-31, WPA ,0.000000,0.000000,0.000,0.000,AP
2026-04-08 13:40:48,1900-01-00 00:00:00,1019-wombat,B8:27:EB:7C:81:10,-45, WPA ,0.000000,0.000000,0.000,0.000,AP
2026-04-08 13:40:48,1900-01-00 00:00:00,1019-wombat,B8:27:EB:7C:81:10,-45, WPA ,0.000000,0.000000,0.000,0.000,AP
2026-04-08 13:40:48,1900-01-00 00:00:00,1019-wombat,B8:27:EB:7C:81:10,-45, WPA ,0.000000,0.000000,0.000,0.000,AP
2026-04-08 13:40:48,1900-01-00 00:00:00,1019-wombat,B8:27:EB:7C:81:10,-45, WPA ,0.000000,0.000000,0.000,0.000,AP
2026-04-08 13:40:48,1900-01-00 00:00:00,1019-wombat,B8:27:EB:7C:81:10,-43, WPA ,0.000000,0.000000,0.000,0.000,AP
2026-04-08 13:40:48,1900-01-00 00:00:00,1019-wombat,B8:27:EB:7C:81:10,-44, WPA ,0.000000,0.000000,0.000,0.000,AP
2026-04-08 13:40:48,1900-01-00 00:00:00,1019-wombat,B8:27:EB:7C:81:10,-57, WPA ,0.000000,0.000000,0.000,0.000,AP
2026-04-08 13:40:48,1900-01-00 00:00:00,1019-wombat,B8:27:EB:7C:81:10,-57, WPA ,0.000000,0.000000,0.000,0.000,AP
2026-04-08 13:40:48,1900-01-00 00:00:00,1019-wombat,B8:27:EB:7C:81:10,-55, WPA ,0.000000,0.000000,0.000,0.000,AP
2026-04-08 13:40:48,1900-01-00 00:00:00,1019-wombat,B8:27:EB:7C:81:10,-55, WPA ,0.000000,0.000000,0.000,0.000,AP
2026-04-08 13:40:48,1900-01-00 00:00:00,1019-wombat,B8:27:EB:7C:81:10,-44, WPA ,0.000000,0.000000,0.000,0.000,AP
2026-04-08 13:40:48,1900-01-00 00:00:00,1019-wombat,B8:27:EB:7C:81:10,-57, WPA ,0.000000,0.000000,0.000,0.000,AP
2026-04-08 13:40:48,1900-01-00 00:00:00,1019-wombat,B8:27:EB:7C:81:10,-57, WPA ,0.000000,0.000000,0.000,0.000,AP
2026-04-08 13:40:48,1900-01-00 00:00:00,1019-wombat,B8:27:EB:7C:81:10,-57, WPA ,0.000000,0.000000,0.000,0.000,AP
2026-04-08 13:40:48,1900-01-00 00:00:00,1019-wombat,B8:27:EB:7C:81:10,-57, WPA ,0.000000,0.000000,0.000,0.000,AP
2026-04-08 13:40:48,1900-01-00 00:00:00,1019-wombat,B8:27:EB:7C:81:10,-57, WPA ,0.000000,0.000000,0.000,0.000,AP
2026-04-08 13:40:48,1900-01-00 00:00:00,1019-wombat,B8:27:EB:7C:81:10,-44, WPA ,0.000000,0.000000,0.000,0.000,AP
2026-04-08 13:40:48,1900-01-00 00:00:00,1019-wombat,B8:27:EB:7C:81:10,-57, WPA ,0.000000,0.000000,0.000,0.000,AP
2026-04-08 13:40:48,1900-01-00 00:00:00,1019-wombat,B8:27:EB:7C:81:10,-57, WPA ,0.000000,0.000000,0.000,0.000,AP
2026-04-08 13:40:48,1900-01-00 00:00:00,1019-wombat,B8:27:EB:7C:81:10,-44, WPA ,0.000000,0.000000,0.000,0.000,AP
2026-04-08 13:40:48,1900-01-00 00:00:00,1019-wombat,B8:27:EB:7C:81:10,-45, WPA ,0.000000,0.000000,0.000,0.000,AP
2026-04-08 13:40:48,1900-01-00 00:00:00,1019-wombat,B8:27:EB:7C:81:10,-58, WPA ,0.000000,0.000000,0.000,0.000,AP
2026-04-08 13:40:48,1900-01-00 00:00:00,1019-wombat,B8:27:EB:7C:81:10,-55, WPA ,0.000000,0.000000,0.000,0.000,AP
2026-04-08 13:40:48,1900-01-00 00:00:00,1019-wombat,B8:27:EB:7C:81:10,-55, WPA ,0.000000,0.000000,0.000,0.000,AP
2026-04-08 13:40:48,1900-01-00 00:00:00,1019-wombat,B8:27:EB:7C:81:10,-57, WPA ,0.000000,0.000000,0.000,0.000,AP
2026-04-08 13:40:48,1900-01-00 00:00:00,1019-wombat,B8:27:EB:7C:81:10,-57, WPA ,0.000000,0.000000,0.000,0.000,AP
2026-04-08 13:40:48,1900-01-00 00:00:00,1019-wombat,B8:27:EB:7C:81:10,-45, WPA ,0.000000,0.000000,0.000,0.000,AP
2026-04-08 13:40:48,1900-01-00 00:00:00,1019-wombat,B8:27:EB:7C:81:10,-58, WPA ,0.000000,0.000000,0.000,0.000,AP
2026-04-08 13:40:48,1900-01-00 00:00:00,1019-wombat,B8:27:EB:7C:81:10,-57, WPA ,0.000000,0.000000,0.000,0.000,AP
2026-04-08 13:40:48,1900-01-00 00:00:00,1019-wombat,B8:27:EB:7C:81:10,-57, WPA ,0.000000,0.000000,0.000,0.000,AP
2026-04-08 13:40:48,1900-01-00 00:00:00,1019-wombat,B8:27:EB:7C:81:10,-30, WPA ,0.000000,0.000000,0.000,0.000,AP
2026-04-08 13:40:48,1900-01-00 00:00:00,1019-wombat,B8:27:EB:7C:81:10,-44, WPA ,0.000000,0.000000,0.000,0.000,AP
2026-04-08 13:40:48,1900-01-00 00:00:00,1019-wombat,B8:27:EB:7C:81:10,-44, WPA ,0.000000,0.000000,0.000,0.000,AP
2026-04-08 13:40:48,1900-01-00 00:00:00,1019-wombat,B8:27:EB:7C:81:10,-57, WPA ,0.000000,0.000000,0.000,0.000,AP
2026-04-08 13:40:48,1900-01-00 00:00:00,1019-wombat,B8:27:EB:7C:81:10,-57, WPA ,0.000000,0.000000,0.000,0.000,AP
2026-04-08 13:40:48,1900-01-00 00:00:00,1019-wombat,B8:27:EB:7C:81:10,-44, WPA ,0.000000,0.000000,0.000,0.000,AP
2026-04-08 13:40:48,1900-01-00 00:00:00,1019-wombat,B8:27:EB:7C:81:10,-58, WPA ,0.000000,0.000000,0.000,0.000,AP
2026-04-08 13:40:48,1900-01-00 00:00:00,1019-wombat,B8:27:EB:7C:81:10,-57, WPA ,0.000000,0.000000,0.000,0.000,AP
2026-04-08 13:40:48,1900-01-00 00:00:00,1019-wombat,B8:27:EB:7C:81:10,-57, WPA ,0.000000,0.000000,0.000,0.000,AP
2026-04-08 13:40:48,1900-01-00 00:00:00,1019-wombat,B8:27:EB:7C:81:10,-55, WPA ,0.000000,0.000000,0.000,0.000,AP
2026-04-08 13:40:48,1900-01-00 00:00:00,1019-wombat,B8:27:EB:7C:81:10,-58, WPA ,0.000000,0.000000,0.000,0.000,AP
2026-04-08 13:40:48,1900-01-00 00:00:00,1019-wombat,B8:27:EB:7C:81:10,-58, WPA ,0.000000,0.000000,0.000,0.000,AP
2026-04-08 13:40:48,1900-01-00 00:00:00,1019-wombat,B8:27:EB:7C:81:10,-58, WPA ,0.000000,0.000000,0.000,0.000,AP
2026-04-08 13:40:48,1900-01-00 00:00:00,1019-wombat,B8:27:EB:7C:81:10,-58, WPA ,0.000000,0.000000,0.000,0.000,AP
2026-04-08 13:40:48,1900-01-00 00:00:00,1019-wombat,B8:27:EB:7C:81:10,-58, WPA ,0.000000,0.000000,0.000,0.000,AP
2026-04-08 13:40:48,1900-01-00 00:00:00,1019-wombat,B8:27:EB:7C:81:10,-43, WPA ,0.000000,0.000000,0.000,0.000,AP
2026-04-08 13:40:48,1900-01-00 00:00:00,1019-wombat,B8:27:EB:7C:81:10,-29, WPA ,0.000000,0.000000,0.000,0.000,AP
2026-04-08 13:40:48,1900-01-00 00:00:00,1019-wombat,B8:27:EB:7C:81:10,-48, WPA ,0.000000,0.000000,0.000,0.000,AP
2026-04-08 13:40:48,1900-01-00 00:00:00,1019-wombat,B8:27:EB:7C:81:10,-48, WPA ,0.000000,0.000000,0.000,0.000,AP
2026-04-08 13:40:48,1900-01-00 00:00:00,1019-wombat,B8:27:EB:7C:81:10,-48, WPA ,0.000000,0.000000,0.000,0.000,AP
2026-04-08 13:40:48,1900-01-00 00:00:00,1019-wombat,B8:27:EB:7C:81:10,-48, WPA ,0.000000,0.000000,0.000,0.000,AP
2026-04-08 13:40:48,1900-01-00 00:00:00,1019-wombat,B8:27:EB:7C:81:10,-48, WPA ,0.000000,0.000000,0.000,0.000,AP
2026-04-08 13:40:48,1900-01-00 00:00:00,1019-wombat,B8:27:EB:7C:81:10,-48, WPA ,0.000000,0.000000,0.000,0.000,AP
2026-04-08 13:40:48,1900-01-00 00:00:00,1019-wombat,B8:27:EB:7C:81:10,-48, WPA ,0.000000,0.000000,0.000,0.000,AP
2026-04-08 13:40:48,1900-01-00 00:00:00,1019-wombat,B8:27:EB:7C:81:10,-43, WPA ,0.000000,0.000000,0.000,0.000,AP
2026-04-08 13:40:48,1900-01-00 00:00:00,1019-wombat,B8:27:EB:7C:81:10,-43, WPA ,0.000000,0.000000,0.000,0.000,AP
2026-04-08 13:40:48,1900-01-00 00:00:00,1019-wombat,B8:27:EB:7C:81:10,-43, WPA ,0.000000,0.000000,0.000,0.000,AP
2026-04-08 13:40:48,1900-01-00 00:00:00,1019-wombat,B8:27:EB:7C:81:10,-43, WPA ,0.000000,0.000000,0.000,0.000,AP
2026-04-08 13:40:48,1900-01-00 00:00:00,1019-wombat,B8:27:EB:7C:81:10,-43, WPA ,0.000000,0.000000,0.000,0.000,AP
2026-04-08 13:40:48,1900-01-00 00:00:00,1019-wombat,B8:27:EB:7C:81:10,-43, WPA ,0.000000,0.000000,0.000,0.000,AP
2026-04-08 13:40:48,1900-01-00 00:00:00,1019-wombat,B8:27:EB:7C:81:10,-43, WPA ,0.000000,0.000000,0.000,0.000,AP
2026-04-08 13:40:48,1900-01-00 00:00:00,1019-wombat,B8:27:EB:7C:81:10,-43, WPA ,0.000000,0.000000,0.000,0.000,AP
2026-04-08 13:40:48,1900-01-00 00:00:00,1019-wombat,B8:27:EB:7C:81:10,-43, WPA ,0.000000,0.000000,0.000,0.000,AP
2026-04-08 13:40:48,1900-01-00 00:00:00,1019-wombat,B8:27:EB:7C:81:10,-43, WPA ,0.000000,0.000000,0.000,0.000,AP
2026-04-08 13:40:48,1900-01-00 00:00:00,1019-wombat,B8:27:EB:7C:81:10,-43, WPA ,0.000000,0.000000,0.000,0.000,AP
2026-04-08 13:40:48,1900-01-00 00:00:00,1019-wombat,B8:27:EB:7C:81:10,-43, WPA ,0.000000,0.000000,0.000,0.000,AP
2026-04-08 13:40:48,1900-01-00 00:00:00,1019-wombat,B8:27:EB:7C:81:10,-43, WPA ,0.000000,0.000000,0.000,0.000,AP
2026-04-08 13:40:48,1900-01-00 00:00:00,1019-wombat,B8:27:EB:7C:81:10,-43, WPA ,0.000000,0.000000,0.000,0.000,AP
2026-04-08 13:40:48,1900-01-00 00:00:00,1019-wombat,B8:27:EB:7C:81:10,-43, WPA ,0.000000,0.000000,0.000,0.000,AP
2026-04-08 13:40:48,1900-01-00 00:00:00,1019-wombat,B8:27:EB:7C:81:10,-43, WPA ,0.000000,0.000000,0.000,0.000,AP
2026-04-08 13:40:48,1900-01-00 00:00:00,1019-wombat,B8:27:EB:7C:81:10,-43, WPA ,0.000000,0.000000,0.000,0.000,AP
2026-04-08 13:40:48,1900-01-00 00:00:00,1019-wombat,B8:27:EB:7C:81:10,-46, WPA ,0.000000,0.000000,0.000,0.000,AP
2026-04-08 13:40:48,1900-01-00 00:00:00,1019-wombat,B8:27:EB:7C:81:10,-43, WPA ,0.000000,0.000000,0.000,0.000,AP
2026-04-08 13:40:48,1900-01-00 00:00:00,1019-wombat,B8:27:EB:7C:81:10,-43, WPA ,0.000000,0.000000,0.000,0.000,AP
2026-04-08 13:40:48,1900-01-00 00:00:00,1019-wombat,B8:27:EB:7C:81:10,-43, WPA ,0.000000,0.000000,0.000,0.000,AP
2026-04-08 13:40:48,1900-01-00 00:00:00,1019-wombat,B8:27:EB:7C:81:10,-43, WPA ,0.000000,0.000000,0.000,0.000,AP
2026-04-08 13:40:48,1900-01-00 00:00:00,1019-wombat,B8:27:EB:7C:81:10,-43, WPA ,0.000000,0.000000,0.000,0.000,AP
2026-04-08 13:40:48,1900-01-00 00:00:00,1019-wombat,B8:27:EB:7C:81:10,-55, WPA ,0.000000,0.000000,0.000,0.000,AP
2026-04-08 13:40:48,1900-01-00 00:00:00,1019-wombat,B8:27:EB:7C:81:10,-57, WPA ,0.000000,0.000000,0.000,0.000,AP
2026-04-08 13:40:48,1900-01-00 00:00:00,1019-wombat,B8:27:EB:7C:81:10,-57, WPA ,0.000000,0.000000,0.000,0.000,AP
2026-04-08 13:40:48,1900-01-00 00:00:00,1019-wombat,B8:27:EB:7C:81:10,-43, WPA ,0.000000,0.000000,0.000,0.000,AP
2026-04-08 13:40:48,1900-01-00 00:00:00,1019-wombat,B8:27:EB:7C:81:10,-54, WPA ,0.000000,0.000000,0.000,0.000,AP
2026-04-08 13:40:48,1900-01-00 00:00:00,1019-wombat,B8:27:EB:7C:81:10,-54, WPA ,0.000000,0.000000,0.000,0.000,AP
2026-04-08 13:40:48,1900-01-00 00:00:00,1019-wombat,B8:27:EB:7C:81:10,-57, WPA ,0.000000,0.000000,0.000,0.000,AP
2026-04-08 13:40:48,1900-01-00 00:00:00,1019-wombat,B8:27:EB:7C:81:10,-57, WPA ,0.000000,0.000000,0.000,0.000,AP
2026-04-08 13:40:48,1900-01-00 00:00:00,1019-wombat,B8:27:EB:7C:81:10,-57, WPA ,0.000000,0.000000,0.000,0.000,AP
2026-04-08 13:40:48,1900-01-00 00:00:00,1019-wombat,B8:27:EB:7C:81:10,-57, WPA ,0.000000,0.000000,0.000,0.000,AP
2026-04-08 13:40:48,1900-01-00 00:00:00,1019-wombat,B8:27:EB:7C:81:10,-57, WPA ,0.000000,0.000000,0.000,0.000,AP
2026-04-08 13:40:48,1900-01-00 00:00:00,1019-wombat,B8:27:EB:7C:81:10,-57, WPA ,0.000000,0.000000,0.000,0.000,AP
2026-04-08 13:40:48,1900-01-00 00:00:00,1019-wombat,B8:27:EB:7C:81:10,-57, WPA ,0.000000,0.000000,0.000,0.000,AP
2026-04-08 13:40:48,1900-01-00 00:00:00,1019-wombat,B8:27:EB:7C:81:10,-57, WPA ,0.000000,0.000000,0.000,0.000,AP
2026-04-08 13:40:48,1900-01-00 00:00:00,1019-wombat,B8:27:EB:7C:81:10,-57, WPA ,0.000000,0.000000,0.000,0.000,AP
2026-04-08 13:40:48,1900-01-00 00:00:00,1019-wombat,B8:27:EB:7C:81:10,-57, WPA ,0.000000,0.000000,0.000,0.000,AP
2026-04-08 13:40:48,1900-01-00 00:00:00,1019-wombat,B8:27:EB:7C:81:10,-57, WPA ,0.000000,0.000000,0.000,0.000,AP
2026-04-08 13:40:48,1900-01-00 00:00:00,1019-wombat,B8:27:EB:7C:81:10,-57, WPA ,0.000000,0.000000,0.000,0.000,AP
2026-04-08 13:40:48,1900-01-00 00:00:00,1019-wombat,B8:27:EB:7C:81:10,-57, WPA ,0.000000,0.000000,0.000,0.000,AP
2026-04-08 13:40:48,1900-01-00 00:00:00,1019-wombat,B8:27:EB:7C:81:10,-44, WPA ,0.000000,0.000000,0.000,0.000,AP
2026-04-08 13:40:48,1900-01-00 00:00:00,1019-wombat,B8:27:EB:7C:81:10,-29, WPA ,0.000000,0.000000,0.000,0.000,AP
2026-04-08 13:40:48,1900-01-00 00:00:00,1019-wombat,B8:27:EB:7C:81:10,-29, WPA ,0.000000,0.000000,0.000,0.000,AP
2026-04-08 13:40:48,1900-01-00 00:00:00,1019-wombat,B8:27:EB:7C:81:10,-29, WPA ,0.000000,0.000000,0.000,0.000,AP
2026-04-08 13:40:48,1900-01-00 00:00:00,1019-wombat,B8:27:EB:7C:81:10,-29, WPA ,0.000000,0.000000,0.000,0.000,AP
2026-04-08 13:40:48,1900-01-00 00:00:00,1019-wombat,B8:27:EB:7C:81:10,-29, WPA ,0.000000,0.000000,0.000,0.000,AP
2026-04-08 13:40:48,1900-01-00 00:00:00,1019-wombat,B8:27:EB:7C:81:10,-29, WPA ,0.000000,0.000000,0.000,0.000,AP
2026-04-08 13:40:48,1900-01-00 00:00:00,1019-wombat,B8:27:EB:7C:81:10,-29, WPA ,0.000000,0.000000,0.000,0.000,AP
2026-04-08 13:40:48,1900-01-00 00:00:00,1019-wombat,B8:27:EB:7C:81:10,-54, WPA ,0.000000,0.000000,0.000,0.000,AP
2026-04-08 13:40:48,1900-01-00 00:00:00,1019-wombat,B8:27:EB:7C:81:10,-54, WPA ,0.000000,0.000000,0.000,0.000,AP
2026-04-08 13:40:48,1900-01-00 00:00:00,1019-wombat,B8:27:EB:7C:81:10,-54, WPA ,0.000000,0.000000,0.000,0.000,AP
2026-04-08 13:40:48,1900-01-00 00:00:00,1019-wombat,B8:27:EB:7C:81:10,-54, WPA ,0.000000,0.000000,0.000,0.000,AP
2026-04-08 13:40:48,1900-01-00 00:00:00,1019-wombat,B8:27:EB:7C:81:10,-54, WPA ,0.000000,0.000000,0.000,0.000,AP
2026-04-08 13:40:48,1900-01-00 00:00:00,1019-wombat,B8:27:EB:7C:81:10,-54, WPA ,0.000000,0.000000,0.000,0.000,AP
2026-04-08 13:40:48,1900-01-00 00:00:00,1019-wombat,B8:27:EB:7C:81:10,-54, WPA ,0.000000,0.000000,0.000,0.000,AP
2026-04-08 13:40:48,1900-01-00 00:00:00,1019-wombat,B8:27:EB:7C:81:10,-54, WPA ,0.000000,0.000000,0.000,0.000,AP
2026-04-08 13:40:48,1900-01-00 00:00:00,1019-wombat,B8:27:EB:7C:81:10,-54, WPA ,0.000000,0.000000,0.000,0.000,AP
2026-04-08 13:40:48,1900-01-00 00:00:00,1019-wombat,B8:27:EB:7C:81:10,-54, WPA ,0.000000,0.000000,0.000,0.000,AP
2026-04-08 13:40:48,1900-01-00 00:00:00,1019-wombat,B8:27:EB:7C:81:10,-54, WPA ,0.000000,0.000000,0.000,0.000,AP
2026-04-08 13:40:48,1900-01-00 00:00:00,1019-wombat,B8:27:EB:7C:81:10,-54, WPA ,0.000000,0.000000,0.000,0.000,AP
2026-04-08 13:40:48,1900-01-00 00:00:00,1019-wombat,B8:27:EB:7C:81:10,-54, WPA ,0.000000,0.000000,0.000,0.000,AP
2026-04-08 13:40:48,1900-01-00 00:00:00,1019-wombat,B8:27:EB:7C:81:10,-54, WPA ,0.000000,0.000000,0.000,0.000,AP
2026-04-08 13:40:48,1900-01-00 00:00:00,1019-wombat,B8:27:EB:7C:81:10,-54, WPA ,0.000000,0.000000,0.000,0.000,AP
2026-04-08 13:40:48,1900-01-00 00:00:00,1019-wombat,B8:27:EB:7C:81:10,-54, WPA ,0.000000,0.000000,0.000,0.000,AP
2026-04-08 13:40:48,1900-01-00 00:00:00,1019-wombat,B8:27:EB:7C:81:10,-54, WPA ,0.000000,0.000000,0.000,0.000,AP
2026-04-08 13:40:48,1900-01-00 00:00:00,1019-wombat,B8:27:EB:7C:81:10,-54, WPA ,0.000000,0.000000,0.000,0.000,AP
2026-04-08 13:40:48,1900-01-00 00:00:00,1019-wombat,B8:27:EB:7C:81:10,-46, WPA ,0.000000,0.000000,0.000,0.000,AP
2026-04-08 13:40:48,1900-01-00 00:00:00,1019-wombat,B8:27:EB:7C:81:10,-46, WPA ,0.000000,0.000000,0.000,0.000,AP
2026-04-08 13:40:48,1900-01-00 00:00:00,1019-wombat,B8:27:EB:7C:81:10,-46, WPA ,0.000000,0.000000,0.000,0.000,AP
2026-04-08 13:40:48,1900-01-00 00:00:00,1019-wombat,B8:27:EB:7C:81:10,-46, WPA ,0.000000,0.000000,0.000,0.000,AP
2026-04-08 13:40:48,1900-01-00 00:00:00,1019-wombat,B8:27:EB:7C:81:10,-46, WPA ,0.000000,0.000000,0.000,0.000,AP
2026-04-08 13:40:48,1900-01-00 00:00:00,1019-wombat,B8:27:EB:7C:81:10,-46, WPA ,0.000000,0.000000,0.000,0.000,AP
2026-04-08 13:40:48,1900-01-00 00:00:00,1019-wombat,B8:27:EB:7C:81:10,-46, WPA ,0.000000,0.000000,0.000,0.000,AP
2026-04-08 13:40:48,1900-01-00 00:00:00,1019-wombat,B8:27:EB:7C:81:10,-46, WPA ,0.000000,0.000000,0.000,0.000,AP
2026-04-08 13:40:48,1900-01-00 00:00:00,1019-wombat,B8:27:EB:7C:81:10,-57, WPA ,0.000000,0.000000,0.000,0.000,AP
2026-04-08 13:40:48,1900-01-00 00:00:00,1019-wombat,B8:27:EB:7C:81:10,-57, WPA ,0.000000,0.000000,0.000,0.000,AP
2026-04-08 13:40:48,1900-01-00 00:00:00,1019-wombat,B8:27:EB:7C:81:10,-53, WPA ,0.000000,0.000000,0.000,0.000,AP
2026-04-08 13:40:48,1900-01-00 00:00:00,1019-wombat,B8:27:EB:7C:81:10,-57, WPA ,0.000000,0.000000,0.000,0.000,AP
2026-04-08 13:40:48,1900-01-00 00:00:00,1019-wombat,B8:27:EB:7C:81:10,-57, WPA ,0.000000,0.000000,0.000,0.000,AP
2026-04-08 13:40:48,1900-01-00 00:00:00,1019-wombat,B8:27:EB:7C:81:10,-57, WPA ,0.000000,0.000000,0.000,0.000,AP
2026-04-08 13:40:48,1900-01-00 00:00:00,1019-wombat,B8:27:EB:7C:81:10,-57, WPA ,0.000000,0.000000,0.000,0.000,AP
2026-04-08 13:40:48,1900-01-00 00:00:00,1019-wombat,B8:27:EB:7C:81:10,-57, WPA ,0.000000,0.000000,0.000,0.000,AP
2026-04-08 13:40:48,1900-01-00 00:00:00,1019-wombat,B8:27:EB:7C:81:10,-57, WPA ,0.000000,0.000000,0.000,0.000,AP
2026-04-08 13:40:48,1900-01-00 00:00:00,1019-wombat,B8:27:EB:7C:81:10,-57, WPA ,0.000000,0.000000,0.000,0.000,AP
2026-04-08 13:40:48,1900-01-00 00:00:00,1019-wombat,B8:27:EB:7C:81:10,-57, WPA ,0.000000,0.000000,0.000,0.000,AP
2026-04-08 13:40:48,1900-01-00 00:00:00,1019-wombat,B8:27:EB:7C:81:10,-57, WPA ,0.000000,0.000000,0.000,0.000,AP
2026-04-08 13:40:48,1900-01-00 00:00:00,1019-wombat,B8:27:EB:7C:81:10,-57, WPA ,0.000000,0.000000,0.000,0.000,AP
2026-04-08 13:40:48,1900-01-00 00:00:00,1019-wombat,B8:27:EB:7C:81:10,-57, WPA ,0.000000,0.000000,0.000,0.000,AP
2026-04-08 13:40:48,1900-01-00 00:00:00,1019-wombat,B8:27:EB:7C:81:10,-57, WPA ,0.000000,0.000000,0.000,0.000,AP
2026-04-08 13:40:48,1900-01-00 00:00:00,1019-wombat,B8:27:EB:7C:81:10,-57, WPA ,0.000000,0.000000,0.000,0.000,AP
2026-04-08 13:40:48,1900-01-00 00:00:00,1019-wombat,B8:27:EB:7C:81:10,-57, WPA ,0.000000,0.000000,0.000,0.000,AP
2026-04-08 13:40:48,1900-01-00 00:00:00,1019-wombat,B8:27:EB:7C:81:10,-29, WPA ,0.000000,0.000000,0.000,0.000,AP
2026-04-08 13:40:48,1900-01-00 00:00:00,1019-wombat,B8:27:EB:7C:81:10,-29, WPA ,0.000000,0.000000,0.000,0.000,AP
2026-04-08 13:40:48,1900-01-00 00:00:00,1019-wombat,B8:27:EB:7C:81:10,-29, WPA ,0.000000,0.000000,0.000,0.000,AP
2026-04-08 13:40:48,1900-01-00 00:00:00,1019-wombat,B8:27:EB:7C:81:10,-29, WPA ,0.000000,0.000000,0.000,0.000,AP
2026-04-08 13:40:48,1900-01-00 00:00:00,1019-wombat,B8:27:EB:7C:81:10,-29, WPA ,0.000000,0.000000,0.000,0.000,AP
2026-04-08 13:40:48,1900-01-00 00:00:00,1019-wombat,B8:27:EB:7C:81:10,-29, WPA ,0.000000,0.000000,0.000,0.000,AP
2026-04-08 13:40:48,1900-01-00 00:00:00,1019-wombat,B8:27:EB:7C:81:10,-29, WPA ,0.000000,0.000000,0.000,0.000,AP
2026-04-08 13:40:48,1900-01-00 00:00:00,1019-wombat,B8:27:EB:7C:81:10,-29, WPA ,0.000000,0.000000,0.000,0.000,AP
2026-04-08 13:40:48,1900-01-00 00:00:00,1019-wombat,B8:27:EB:7C:81:10,-58, WPA ,0.000000,0.000000,0.000,0.000,AP
2026-04-08 13:40:48,1900-01-00 00:00:00,1019-wombat,B8:27:EB:7C:81:10,-58, WPA ,0.000000,0.000000,0.000,0.000,AP
2026-04-08 13:40:48,1900-01-00 00:00:00,1019-wombat,B8:27:EB:7C:81:10,-58, WPA ,0.000000,0.000000,0.000,0.000,AP
2026-04-08 13:40:48,1900-01-00 00:00:00,1019-wombat,B8:27:EB:7C:81:10,-58, WPA ,0.000000,0.000000,0.000,0.000,AP
2026-04-08 13:40:48,1900-01-00 00:00:00,1019-wombat,B8:27:EB:7C:81:10,-58, WPA ,0.000000,0.000000,0.000,0.000,AP
2026-04-08 13:40:48,1900-01-00 00:00:00,1019-wombat,B8:27:EB:7C:81:10,-58, WPA ,0.000000,0.000000,0.000,0.000,AP
2026-04-08 13:40:48,1900-01-00 00:00:00,1019-wombat,B8:27:EB:7C:81:10,-58, WPA ,0.000000,0.000000,0.000,0.000,AP
2026-04-08 13:40:48,1900-01-00 00:00:00,1019-wombat,B8:27:EB:7C:81:10,-58, WPA ,0.000000,0.000000,0.000,0.000,AP
2026-04-08 13:40:48,1900-01-00 00:00:00,1019-wombat,B8:27:EB:7C:81:10,-58, WPA ,0.000000,0.000000,0.000,0.000,AP
2026-04-08 13:40:48,1900-01-00 00:00:00,1019-wombat,B8:27:EB:7C:81:10,-58, WPA ,0.000000,0.000000,0.000,0.000,AP
2026-04-08 13:40:48,1900-01-00 00:00:00,1019-wombat,B8:27:EB:7C:81:10,-58, WPA ,0.000000,0.000000,0.000,0.000,AP
2026-04-08 13:40:48,1900-01-00 00:00:00,1019-wombat,B8:27:EB:7C:81:10,-58, WPA ,0.000000,0.000000,0.000,0.000,AP
2026-04-08 13:40:48,1900-01-00 00:00:00,1019-wombat,B8:27:EB:7C:81:10,-58, WPA ,0.000000,0.000000,0.000,0.000,AP
2026-04-08 13:40:48,1900-01-00 00:00:00,1019-wombat,B8:27:EB:7C:81:10,-58, WPA ,0.000000,0.000000,0.000,0.000,AP
2026-04-08 13:40:48,1900-01-00 00:00:00,1019-wombat,B8:27:EB:7C:81:10,-58, WPA ,0.000000,0.000000,0.000,0.000,AP
2026-04-08 13:40:48,1900-01-00 00:00:00,1019-wombat,B8:27:EB:7C:81:10,-54, WPA ,0.000000,0.000000,0.000,0.000,AP
2026-04-08 13:40:48,1900-01-00 00:00:00,1019-wombat,B8:27:EB:7C:81:10,-56, WPA ,0.000000,0.000000,0.000,0.000,AP
2026-04-08 13:40:48,1900-01-00 00:00:00,,C4:CB:76:AF:5C:A8,-50,,0.000000,0.000000,0.000,0.000,Client
2026-04-08 13:40:48,1900-01-00 00:00:00,1019-wombat,B8:27:EB:7C:81:10,-56, WPA ,0.000000,0.000000,0.000,0.000,AP
2026-04-08 13:40:48,1900-01-00 00:00:00,1019-wombat,B8:27:EB:7C:81:10,-56, WPA ,0.000000,0.000000,0.000,0.000,AP
2026-04-08 13:40:48,1900-01-00 00:00:00,1019-wombat,B8:27:EB:7C:81:10,-56, WPA ,0.000000,0.000000,0.000,0.000,AP
2026-04-08 13:40:48,1900-01-00 00:00:00,1019-wombat,B8:27:EB:7C:81:10,-56, WPA ,0.000000,0.000000,0.000,0.000,AP
2026-04-08 13:40:48,1900-01-00 00:00:00,1019-wombat,B8:27:EB:7C:81:10,-57, WPA ,0.000000,0.000000,0.000,0.000,AP
2026-04-08 13:40:48,1900-01-00 00:00:00,,C4:CB:76:AF:5C:A8,-50,,0.000000,0.000000,0.000,0.000,Client
2026-04-08 13:40:48,1900-01-00 00:00:00,1019-wombat,B8:27:EB:7C:81:10,-57, WPA ,0.000000,0.000000,0.000,0.000,AP
2026-04-08 13:40:48,1900-01-00 00:00:00,1019-wombat,B8:27:EB:7C:81:10,-57, WPA ,0.000000,0.000000,0.000,0.000,AP
2026-04-08 13:40:48,1900-01-00 00:00:00,,C4:CB:76:AF:5C:A8,-51,,0.000000,0.000000,0.000,0.000,Client
2026-04-08 13:40:48,1900-01-00 00:00:00,1019-wombat,B8:27:EB:7C:81:10,-57, WPA ,0.000000,0.000000,0.000,0.000,AP
2026-04-08 13:40:48,1900-01-00 00:00:00,,C4:CB:76:AF:5C:A8,-50,,0.000000,0.000000,0.000,0.000,Client
2026-04-08 13:40:48,1900-01-00 00:00:00,1019-wombat,B8:27:EB:7C:81:10,-57, WPA ,0.000000,0.000000,0.000,0.000,AP
2026-04-08 13:40:49,1900-01-00 00:00:00,1019-wombat,B8:27:EB:7C:81:10,-57, WPA ,0.000000,0.000000,0.000,0.000,AP
2026-04-08 13:40:49,1900-01-00 00:00:00,1019-wombat,B8:27:EB:7C:81:10,-58, WPA ,0.000000,0.000000,0.000,0.000,AP
2026-04-08 13:40:49,1900-01-00 00:00:00,1019-wombat,B8:27:EB:7C:81:10,-58, WPA ,0.000000,0.000000,0.000,0.000,AP
2026-04-08 13:40:49,1900-01-00 00:00:00,1019-wombat,B8:27:EB:7C:81:10,-58, WPA ,0.000000,0.000000,0.000,0.000,AP
2026-04-08 13:40:49,1900-01-00 00:00:00,,C4:CB:76:AF:5C:A8,-50,,0.000000,0.000000,0.000,0.000,Client
2026-04-08 13:40:49,1900-01-00 00:00:00,1019-wombat,B8:27:EB:7C:81:10,-57, WPA ,0.000000,0.000000,0.000,0.000,AP
2026-04-08 13:40:49,1900-01-00 00:00:00,1019-wombat,B8:27:EB:7C:81:10,-57, WPA ,0.000000,0.000000,0.000,0.000,AP
2026-04-08 13:40:49,1900-01-00 00:00:00,1019-wombat,B8:27:EB:7C:81:10,-58, WPA ,0.000000,0.000000,0.000,0.000,AP
2026-04-08 13:40:49,1900-01-00 00:00:00,1019-wombat,B8:27:EB:7C:81:10,-57, WPA ,0.000000,0.000000,0.000,0.000,AP
2026-04-08 13:40:49,1900-01-00 00:00:00,1019-wombat,B8:27:EB:7C:81:10,-57, WPA ,0.000000,0.000000,0.000,0.000,AP
2026-04-08 13:40:49,1900-01-00 00:00:00,1019-wombat,B8:27:EB:7C:81:10,-57, WPA ,0.000000,0.000000,0.000,0.000,AP
2026-04-08 13:40:49,1900-01-00 00:00:00,1019-wombat,B8:27:EB:7C:81:10,-57, WPA ,0.000000,0.000000,0.000,0.000,AP
2026-04-08 13:40:49,1900-01-00 00:00:00,1019-wombat,B8:27:EB:7C:81:10,-58, WPA ,0.000000,0.000000,0.000,0.000,AP
2026-04-08 13:40:49,1900-01-00 00:00:00,1019-wombat,B8:27:EB:7C:81:10,-58, WPA ,0.000000,0.000000,0.000,0.000,AP
2026-04-08 13:40:49,1900-01-00 00:00:00,1019-wombat,B8:27:EB:7C:81:10,-43, WPA ,0.000000,0.000000,0.000,0.000,AP
2026-04-08 13:40:49,1900-01-00 00:00:00,1019-wombat,B8:27:EB:7C:81:10,-43, WPA ,0.000000,0.000000,0.000,0.000,AP
2026-04-08 13:40:49,1900-01-00 00:00:00,1019-wombat,B8:27:EB:7C:81:10,-43, WPA ,0.000000,0.000000,0.000,0.000,AP
2026-04-08 13:40:49,1900-01-00 00:00:00,1019-wombat,B8:27:EB:7C:81:10,-43, WPA ,0.000000,0.000000,0.000,0.000,AP
2026-04-08 13:40:49,1900-01-00 00:00:00,1019-wombat,B8:27:EB:7C:81:10,-43, WPA ,0.000000,0.000000,0.000,0.000,AP
2026-04-08 13:40:49,1900-01-00 00:00:00,1019-wombat,B8:27:EB:7C:81:10,-43, WPA ,0.000000,0.000000,0.000,0.000,AP
2026-04-08 13:40:49,1900-01-00 00:00:00,1019-wombat,B8:27:EB:7C:81:10,-43, WPA ,0.000000,0.000000,0.000,0.000,AP
2026-04-08 13:40:49,1900-01-00 00:00:00,1019-wombat,B8:27:EB:7C:81:10,-43, WPA ,0.000000,0.000000,0.000,0.000,AP
2026-04-08 13:40:49,1900-01-00 00:00:00,1019-wombat,B8:27:EB:7C:81:10,-43, WPA ,0.000000,0.000000,0.000,0.000,AP
2026-04-08 13:40:49,1900-01-00 00:00:00,1019-wombat,B8:27:EB:7C:81:10,-43, WPA ,0.000000,0.000000,0.000,0.000,AP
2026-04-08 13:40:49,1900-01-00 00:00:00,1019-wombat,B8:27:EB:7C:81:10,-43, WPA ,0.000000,0.000000,0.000,0.000,AP
2026-04-08 13:40:49,1900-01-00 00:00:00,1019-wombat,B8:27:EB:7C:81:10,-43, WPA ,0.000000,0.000000,0.000,0.000,AP
2026-04-08 13:40:49,1900-01-00 00:00:00,1019-wombat,B8:27:EB:7C:81:10,-52, WPA ,0.000000,0.000000,0.000,0.000,AP
2026-04-08 13:40:49,1900-01-00 00:00:00,1019-wombat,B8:27:EB:7C:81:10,-59, WPA ,0.000000,0.000000,0.000,0.000,AP
2026-04-08 13:40:49,1900-01-00 00:00:00,1019-wombat,B8:27:EB:7C:81:10,-52, WPA ,0.000000,0.000000,0.000,0.000,AP
2026-04-08 13:40:49,1900-01-00 00:00:00,1019-wombat,B8:27:EB:7C:81:10,-45, WPA ,0.000000,0.000000,0.000,0.000,AP
2026-04-08 13:40:49,1900-01-00 00:00:00,1019-wombat,B8:27:EB:7C:81:10,-45, WPA ,0.000000,0.000000,0.000,0.000,AP
2026-04-08 13:40:49,1900-01-00 00:00:00,1019-wombat,B8:27:EB:7C:81:10,-45, WPA ,0.000000,0.000000,0.000,0.000,AP
2026-04-08 13:40:49,1900-01-00 00:00:00,1019-wombat,B8:27:EB:7C:81:10,-58, WPA ,0.000000,0.000000,0.000,0.000,AP
2026-04-08 13:40:49,1900-01-00 00:00:00,1019-wombat,B8:27:EB:7C:81:10,-58, WPA ,0.000000,0.000000,0.000,0.000,AP
2026-04-08 13:40:49,1900-01-00 00:00:00,1019-wombat,B8:27:EB:7C:81:10,-58, WPA ,0.000000,0.000000,0.000,0.000,AP
2026-04-08 13:40:49,1900-01-00 00:00:00,1019-wombat,B8:27:EB:7C:81:10,-58, WPA ,0.000000,0.000000,0.000,0.000,AP
2026-04-08 13:40:49,1900-01-00 00:00:00,1019-wombat,B8:27:EB:7C:81:10,-58, WPA ,0.000000,0.000000,0.000,0.000,AP
2026-04-08 13:40:49,1900-01-00 00:00:00,1019-wombat,B8:27:EB:7C:81:10,-58, WPA ,0.000000,0.000000,0.000,0.000,AP
2026-04-08 13:40:49,1900-01-00 00:00:00,1019-wombat,B8:27:EB:7C:81:10,-58, WPA ,0.000000,0.000000,0.000,0.000,AP
2026-04-08 13:40:49,1900-01-00 00:00:00,1019-wombat,B8:27:EB:7C:81:10,-57, WPA ,0.000000,0.000000,0.000,0.000,AP
2026-04-08 13:40:49,1900-01-00 00:00:00,1019-wombat,B8:27:EB:7C:81:10,-57, WPA ,0.000000,0.000000,0.000,0.000,AP
2026-04-08 13:40:49,1900-01-00 00:00:00,1019-wombat,B8:27:EB:7C:81:10,-57, WPA ,0.000000,0.000000,0.000,0.000,AP
2026-04-08 13:40:49,1900-01-00 00:00:00,1019-wombat,B8:27:EB:7C:81:10,-56, WPA ,0.000000,0.000000,0.000,0.000,AP
2026-04-08 13:40:49,1900-01-00 00:00:00,1019-wombat,B8:27:EB:7C:81:10,-43, WPA ,0.000000,0.000000,0.000,0.000,AP
2026-04-08 13:40:49,1900-01-00 00:00:00,1019-wombat,B8:27:EB:7C:81:10,-43, WPA ,0.000000,0.000000,0.000,0.000,AP
2026-04-08 13:40:49,1900-01-00 00:00:00,1019-wombat,B8:27:EB:7C:81:10,-43, WPA ,0.000000,0.000000,0.000,0.000,AP
2026-04-08 13:40:49,1900-01-00 00:00:00,1019-wombat,B8:27:EB:7C:81:10,-47, WPA ,0.000000,0.000000,0.000,0.000,AP
2026-04-08 13:40:49,1900-01-00 00:00:00,1019-wombat,B8:27:EB:7C:81:10,-46, WPA ,0.000000,0.000000,0.000,0.000,AP
2026-04-08 13:40:49,1900-01-00 00:00:00,1019-wombat,B8:27:EB:7C:81:10,-42, WPA ,0.000000,0.000000,0.000,0.000,AP
2026-04-08 13:40:49,1900-01-00 00:00:00,1019-wombat,B8:27:EB:7C:81:10,-55, WPA ,0.000000,0.000000,0.000,0.000,AP
2026-04-08 13:40:49,1900-01-00 00:00:00,1019-wombat,B8:27:EB:7C:81:10,-55, WPA ,0.000000,0.000000,0.000,0.000,AP
2026-04-08 13:40:49,1900-01-00 00:00:00,1019-wombat,B8:27:EB:7C:81:10,-55, WPA ,0.000000,0.000000,0.000,0.000,AP
2026-04-08 13:40:49,1900-01-00 00:00:00,1019-wombat,B8:27:EB:7C:81:10,-43, WPA ,0.000000,0.000000,0.000,0.000,AP
2026-04-08 13:40:49,1900-01-00 00:00:00,1019-wombat,B8:27:EB:7C:81:10,-43, WPA ,0.000000,0.000000,0.000,0.000,AP
2026-04-08 13:40:49,1900-01-00 00:00:00,1019-wombat,B8:27:EB:7C:81:10,-43, WPA ,0.000000,0.000000,0.000,0.000,AP
2026-04-08 13:40:49,1900-01-00 00:00:00,1019-wombat,B8:27:EB:7C:81:10,-56, WPA ,0.000000,0.000000,0.000,0.000,AP
2026-04-08 13:40:49,1900-01-00 00:00:00,1019-wombat,B8:27:EB:7C:81:10,-47, WPA ,0.000000,0.000000,0.000,0.000,AP
2026-04-08 13:40:49,1900-01-00 00:00:00,1019-wombat,B8:27:EB:7C:81:10,-47, WPA ,0.000000,0.000000,0.000,0.000,AP
2026-04-08 13:40:49,1900-01-00 00:00:00,1019-wombat,B8:27:EB:7C:81:10,-56, WPA ,0.000000,0.000000,0.000,0.000,AP
2026-04-08 13:40:49,1900-01-00 00:00:00,1019-wombat,B8:27:EB:7C:81:10,-45, WPA ,0.000000,0.000000,0.000,0.000,AP
2026-04-08 13:40:49,1900-01-00 00:00:00,1019-wombat,B8:27:EB:7C:81:10,-43, WPA ,0.000000,0.000000,0.000,0.000,AP
2026-04-08 13:40:49,1900-01-00 00:00:00,1019-wombat,B8:27:EB:7C:81:10,-43, WPA ,0.000000,0.000000,0.000,0.000,AP
2026-04-08 13:40:49,1900-01-00 00:00:00,1019-wombat,B8:27:EB:7C:81:10,-54, WPA ,0.000000,0.000000,0.000,0.000,AP
2026-04-08 13:40:49,1900-01-00 00:00:00,1019-wombat,B8:27:EB:7C:81:10,-42, WPA ,0.000000,0.000000,0.000,0.000,AP
2026-04-08 13:40:49,1900-01-00 00:00:00,1019-wombat,B8:27:EB:7C:81:10,-43, WPA ,0.000000,0.000000,0.000,0.000,AP
2026-04-08 13:40:49,1900-01-00 00:00:00,1019-wombat,B8:27:EB:7C:81:10,-43, WPA ,0.000000,0.000000,0.000,0.000,AP
2026-04-08 13:40:49,1900-01-00 00:00:00,1019-wombat,B8:27:EB:7C:81:10,-56, WPA ,0.000000,0.000000,0.000,0.000,AP
2026-04-08 13:40:49,1900-01-00 00:00:00,1019-wombat,B8:27:EB:7C:81:10,-55, WPA ,0.000000,0.000000,0.000,0.000,AP
2026-04-08 13:40:49,1900-01-00 00:00:00,1019-wombat,B8:27:EB:7C:81:10,-55, WPA ,0.000000,0.000000,0.000,0.000,AP
2026-04-08 13:40:49,1900-01-00 00:00:00,1019-wombat,B8:27:EB:7C:81:10,-43, WPA ,0.000000,0.000000,0.000,0.000,AP
2026-04-08 13:40:49,1900-01-00 00:00:00,1019-wombat,B8:27:EB:7C:81:10,-56, WPA ,0.000000,0.000000,0.000,0.000,AP
2026-04-08 13:40:49,1900-01-00 00:00:00,1019-wombat,B8:27:EB:7C:81:10,-56, WPA ,0.000000,0.000000,0.000,0.000,AP
2026-04-08 13:40:49,1900-01-00 00:00:00,1019-wombat,B8:27:EB:7C:81:10,-56, WPA ,0.000000,0.000000,0.000,0.000,AP
2026-04-08 13:40:49,1900-01-00 00:00:00,1019-wombat,B8:27:EB:7C:81:10,-43, WPA ,0.000000,0.000000,0.000,0.000,AP
2026-04-08 13:40:49,1900-01-00 00:00:00,1019-wombat,B8:27:EB:7C:81:10,-45, WPA ,0.000000,0.000000,0.000,0.000,AP
2026-04-08 13:40:49,1900-01-00 00:00:00,1019-wombat,B8:27:EB:7C:81:10,-45, WPA ,0.000000,0.000000,0.000,0.000,AP
2026-04-08 13:40:49,1900-01-00 00:00:00,1019-wombat,B8:27:EB:7C:81:10,-42, WPA ,0.000000,0.000000,0.000,0.000,AP
2026-04-08 13:40:49,1900-01-00 00:00:00,1019-wombat,B8:27:EB:7C:81:10,-56, WPA ,0.000000,0.000000,0.000,0.000,AP
2026-04-08 13:40:49,1900-01-00 00:00:00,1019-wombat,B8:27:EB:7C:81:10,-56, WPA ,0.000000,0.000000,0.000,0.000,AP
2026-04-08 13:40:49,1900-01-00 00:00:00,1019-wombat,B8:27:EB:7C:81:10,-56, WPA ,0.000000,0.000000,0.000,0.000,AP
2026-04-08 13:40:49,1900-01-00 00:00:00,1019-wombat,B8:27:EB:7C:81:10,-56, WPA ,0.000000,0.000000,0.000,0.000,AP
2026-04-08 13:40:49,1900-01-00 00:00:00,1019-wombat,B8:27:EB:7C:81:10,-56, WPA ,0.000000,0.000000,0.000,0.000,AP
2026-04-08 13:40:49,1900-01-00 00:00:00,1019-wombat,B8:27:EB:7C:81:10,-56, WPA ,0.000000,0.000000,0.000,0.000,AP
2026-04-08 13:40:49,1900-01-00 00:00:00,1019-wombat,B8:27:EB:7C:81:10,-56, WPA ,0.000000,0.000000,0.000,0.000,AP
2026-04-08 13:40:49,1900-01-00 00:00:00,1019-wombat,B8:27:EB:7C:81:10,-42, WPA ,0.000000,0.000000,0.000,0.000,AP
2026-04-08 13:40:49,1900-01-00 00:00:00,1019-wombat,B8:27:EB:7C:81:10,-44, WPA ,0.000000,0.000000,0.000,0.000,AP
2026-04-08 13:40:49,1900-01-00 00:00:00,1019-wombat,B8:27:EB:7C:81:10,-43, WPA ,0.000000,0.000000,0.000,0.000,AP
2026-04-08 13:40:49,1900-01-00 00:00:00,1019-wombat,B8:27:EB:7C:81:10,-43, WPA ,0.000000,0.000000,0.000,0.000,AP
2026-04-08 13:40:49,1900-01-00 00:00:00,1019-wombat,B8:27:EB:7C:81:10,-43, WPA ,0.000000,0.000000,0.000,0.000,AP
2026-04-08 13:40:49,1900-01-00 00:00:00,1019-wombat,B8:27:EB:7C:81:10,-43, WPA ,0.000000,0.000000,0.000,0.000,AP
2026-04-08 13:40:49,1900-01-00 00:00:00,1019-wombat,B8:27:EB:7C:81:10,-43, WPA ,0.000000,0.000000,0.000,0.000,AP
2026-04-08 13:40:49,1900-01-00 00:00:00,1019-wombat,B8:27:EB:7C:81:10,-43, WPA ,0.000000,0.000000,0.000,0.000,AP
2026-04-08 13:40:49,1900-01-00 00:00:00,1019-wombat,B8:27:EB:7C:81:10,-43, WPA ,0.000000,0.000000,0.000,0.000,AP
2026-04-08 13:40:49,1900-01-00 00:00:00,1019-wombat,B8:27:EB:7C:81:10,-43, WPA ,0.000000,0.000000,0.000,0.000,AP
2026-04-08 13:40:49,1900-01-00 00:00:00,1019-wombat,B8:27:EB:7C:81:10,-43, WPA ,0.000000,0.000000,0.000,0.000,AP
2026-04-08 13:40:49,1900-01-00 00:00:00,1019-wombat,B8:27:EB:7C:81:10,-43, WPA ,0.000000,0.000000,0.000,0.000,AP
2026-04-08 13:40:49,1900-01-00 00:00:00,1019-wombat,B8:27:EB:7C:81:10,-43, WPA ,0.000000,0.000000,0.000,0.000,AP
2026-04-08 13:40:49,1900-01-00 00:00:00,1019-wombat,B8:27:EB:7C:81:10,-43, WPA ,0.000000,0.000000,0.000,0.000,AP
2026-04-08 13:40:49,1900-01-00 00:00:00,1019-wombat,B8:27:EB:7C:81:10,-43, WPA ,0.000000,0.000000,0.000,0.000,AP
2026-04-08 13:40:49,1900-01-00 00:00:00,1019-wombat,B8:27:EB:7C:81:10,-43, WPA ,0.000000,0.000000,0.000,0.000,AP
2026-04-08 13:40:49,1900-01-00 00:00:00,1019-wombat,B8:27:EB:7C:81:10,-43, WPA ,0.000000,0.000000,0.000,0.000,AP
2026-04-08 13:40:49,1900-01-00 00:00:00,1019-wombat,B8:27:EB:7C:81:10,-43, WPA ,0.000000,0.000000,0.000,0.000,AP
2026-04-08 13:40:49,1900-01-00 00:00:00,1019-wombat,B8:27:EB:7C:81:10,-43, WPA ,0.000000,0.000000,0.000,0.000,AP
2026-04-08 13:40:49,1900-01-00 00:00:00,1019-wombat,B8:27:EB:7C:81:10,-43, WPA ,0.000000,0.000000,0.000,0.000,AP
2026-04-08 13:40:49,1900-01-00 00:00:00,1019-wombat,B8:27:EB:7C:81:10,-30, WPA ,0.000000,0.000000,0.000,0.000,AP
2026-04-08 13:40:49,1900-01-00 00:00:00,1019-wombat,B8:27:EB:7C:81:10,-30, WPA ,0.000000,0.000000,0.000,0.000,AP
2026-04-08 13:40:49,1900-01-00 00:00:00,1019-wombat,B8:27:EB:7C:81:10,-30, WPA ,0.000000,0.000000,0.000,0.000,AP
2026-04-08 13:40:49,1900-01-00 00:00:00,1019-wombat,B8:27:EB:7C:81:10,-30, WPA ,0.000000,0.000000,0.000,0.000,AP
2026-04-08 13:40:49,1900-01-00 00:00:00,1019-wombat,B8:27:EB:7C:81:10,-30, WPA ,0.000000,0.000000,0.000,0.000,AP
2026-04-08 13:40:49,1900-01-00 00:00:00,1019-wombat,B8:27:EB:7C:81:10,-30, WPA ,0.000000,0.000000,0.000,0.000,AP
2026-04-08 13:40:49,1900-01-00 00:00:00,1019-wombat,B8:27:EB:7C:81:10,-30, WPA ,0.000000,0.000000,0.000,0.000,AP
2026-04-08 13:40:49,1900-01-00 00:00:00,1019-wombat,B8:27:EB:7C:81:10,-30, WPA ,0.000000,0.000000,0.000,0.000,AP
2026-04-08 13:40:49,1900-01-00 00:00:00,1019-wombat,B8:27:EB:7C:81:10,-54, WPA ,0.000000,0.000000,0.000,0.000,AP
2026-04-08 13:40:49,1900-01-00 00:00:00,1019-wombat,B8:27:EB:7C:81:10,-54, WPA ,0.000000,0.000000,0.000,0.000,AP
2026-04-08 13:40:49,1900-01-00 00:00:00,1019-wombat,B8:27:EB:7C:81:10,-54, WPA ,0.000000,0.000000,0.000,0.000,AP
2026-04-08 13:40:49,1900-01-00 00:00:00,1019-wombat,B8:27:EB:7C:81:10,-54, WPA ,0.000000,0.000000,0.000,0.000,AP
2026-04-08 13:40:49,1900-01-00 00:00:00,1019-wombat,B8:27:EB:7C:81:10,-54, WPA ,0.000000,0.000000,0.000,0.000,AP
2026-04-08 13:40:49,1900-01-00 00:00:00,1019-wombat,B8:27:EB:7C:81:10,-29, WPA ,0.000000,0.000000,0.000,0.000,AP
2026-04-08 13:40:49,1900-01-00 00:00:00,1019-wombat,B8:27:EB:7C:81:10,-29, WPA ,0.000000,0.000000,0.000,0.000,AP
2026-04-08 13:40:49,1900-01-00 00:00:00,1019-wombat,B8:27:EB:7C:81:10,-23, WPA ,0.000000,0.000000,0.000,0.000,AP
2026-04-08 13:40:49,1900-01-00 00:00:00,1019-wombat,B8:27:EB:7C:81:10,-23, WPA ,0.000000,0.000000,0.000,0.000,AP
2026-04-08 13:40:49,1900-01-00 00:00:00,1019-wombat,B8:27:EB:7C:81:10,-23, WPA ,0.000000,0.000000,0.000,0.000,AP
2026-04-08 13:40:49,1900-01-00 00:00:00,1019-wombat,B8:27:EB:7C:81:10,-23, WPA ,0.000000,0.000000,0.000,0.000,AP
2026-04-08 13:40:49,1900-01-00 00:00:00,1019-wombat,B8:27:EB:7C:81:10,-23, WPA ,0.000000,0.000000,0.000,0.000,AP
2026-04-08 13:40:49,1900-01-00 00:00:00,1019-wombat,B8:27:EB:7C:81:10,-23, WPA ,0.000000,0.000000,0.000,0.000,AP
2026-04-08 13:40:49,1900-01-00 00:00:00,1019-wombat,B8:27:EB:7C:81:10,-23, WPA ,0.000000,0.000000,0.000,0.000,AP
2026-04-08 13:40:49,1900-01-00 00:00:00,1019-wombat,B8:27:EB:7C:81:10,-23, WPA ,0.000000,0.000000,0.000,0.000,AP
2026-04-08 13:40:49,1900-01-00 00:00:00,1019-wombat,B8:27:EB:7C:81:10,-23, WPA ,0.000000,0.000000,0.000,0.000,AP
2026-04-08 13:40:49,1900-01-00 00:00:00,1019-wombat,B8:27:EB:7C:81:10,-23, WPA ,0.000000,0.000000,0.000,0.000,AP
2026-04-08 13:40:49,1900-01-00 00:00:00,1019-wombat,B8:27:EB:7C:81:10,-46, WPA ,0.000000,0.000000,0.000,0.000,AP
2026-04-08 13:40:49,1900-01-00 00:00:00,1019-wombat,B8:27:EB:7C:81:10,-46, WPA ,0.000000,0.000000,0.000,0.000,AP
2026-04-08 13:40:49,1900-01-00 00:00:00,1019-wombat,B8:27:EB:7C:81:10,-54, WPA ,0.000000,0.000000,0.000,0.000,AP
2026-04-08 13:40:49,1900-01-00 00:00:00,1019-wombat,B8:27:EB:7C:81:10,-59, WPA ,0.000000,0.000000,0.000,0.000,AP
2026-04-08 13:40:49,1900-01-00 00:00:00,1019-wombat,B8:27:EB:7C:81:10,-59, WPA ,0.000000,0.000000,0.000,0.000,AP
2026-04-08 13:40:49,1900-01-00 00:00:00,1019-wombat,B8:27:EB:7C:81:10,-59, WPA ,0.000000,0.000000,0.000,0.000,AP
2026-04-08 13:40:49,1900-01-00 00:00:00,1019-wombat,B8:27:EB:7C:81:10,-59, WPA ,0.000000,0.000000,0.000,0.000,AP
2026-04-08 13:40:49,1900-01-00 00:00:00,1019-wombat,B8:27:EB:7C:81:10,-59, WPA ,0.000000,0.000000,0.000,0.000,AP
2026-04-08 13:40:49,1900-01-00 00:00:00,1019-wombat,B8:27:EB:7C:81:10,-57, WPA ,0.000000,0.000000,0.000,0.000,AP
2026-04-08 13:40:49,1900-01-00 00:00:00,1019-wombat,B8:27:EB:7C:81:10,-51, WPA ,0.000000,0.000000,0.000,0.000,AP
2026-04-08 13:40:49,1900-01-00 00:00:00,1019-wombat,B8:27:EB:7C:81:10,-51, WPA ,0.000000,0.000000,0.000,0.000,AP
2026-04-08 13:40:49,1900-01-00 00:00:00,1019-wombat,B8:27:EB:7C:81:10,-57, WPA ,0.000000,0.000000,0.000,0.000,AP
2026-04-08 13:40:49,1900-01-00 00:00:00,1019-wombat,B8:27:EB:7C:81:10,-57, WPA ,0.000000,0.000000,0.000,0.000,AP
2026-04-08 13:40:49,1900-01-00 00:00:00,1019-wombat,B8:27:EB:7C:81:10,-59, WPA ,0.000000,0.000000,0.000,0.000,AP
2026-04-08 13:40:49,1900-01-00 00:00:00,1019-wombat,B8:27:EB:7C:81:10,-59, WPA ,0.000000,0.000000,0.000,0.000,AP
2026-04-08 13:40:49,1900-01-00 00:00:00,1019-wombat,B8:27:EB:7C:81:10,-59, WPA ,0.000000,0.000000,0.000,0.000,AP
2026-04-08 13:40:49,1900-01-00 00:00:00,1019-wombat,B8:27:EB:7C:81:10,-59, WPA ,0.000000,0.000000,0.000,0.000,AP
2026-04-08 13:40:49,1900-01-00 00:00:00,1019-wombat,B8:27:EB:7C:81:10,-56, WPA ,0.000000,0.000000,0.000,0.000,AP
2026-04-08 13:40:49,1900-01-00 00:00:00,1019-wombat,B8:27:EB:7C:81:10,-56, WPA ,0.000000,0.000000,0.000,0.000,AP
2026-04-08 13:40:49,1900-01-00 00:00:00,1019-wombat,B8:27:EB:7C:81:10,-54, WPA ,0.000000,0.000000,0.000,0.000,AP
2026-04-08 13:40:49,1900-01-00 00:00:00,1019-wombat,B8:27:EB:7C:81:10,-52, WPA ,0.000000,0.000000,0.000,0.000,AP
2026-04-08 13:40:49,1900-01-00 00:00:00,1019-wombat,B8:27:EB:7C:81:10,-57, WPA ,0.000000,0.000000,0.000,0.000,AP
2026-04-08 13:40:49,1900-01-00 00:00:00,1019-wombat,B8:27:EB:7C:81:10,-57, WPA ,0.000000,0.000000,0.000,0.000,AP
2026-04-08 13:40:49,1900-01-00 00:00:00,1019-wombat,B8:27:EB:7C:81:10,-56, WPA ,0.000000,0.000000,0.000,0.000,AP
2026-04-08 13:40:49,1900-01-00 00:00:00,1019-wombat,B8:27:EB:7C:81:10,-56, WPA ,0.000000,0.000000,0.000,0.000,AP
2026-04-08 13:40:49,1900-01-00 00:00:00,1019-wombat,B8:27:EB:7C:81:10,-57, WPA ,0.000000,0.000000,0.000,0.000,AP
2026-04-08 13:40:50,1900-01-00 00:00:00,1019-wombat,B8:27:EB:7C:81:10,-57, WPA ,0.000000,0.000000,0.000,0.000,AP
2026-04-08 13:40:50,1900-01-00 00:00:00,1019-wombat,B8:27:EB:7C:81:10,-57, WPA ,0.000000,0.000000,0.000,0.000,AP
2026-04-08 13:40:50,1900-01-00 00:00:00,1019-wombat,B8:27:EB:7C:81:10,-57, WPA ,0.000000,0.000000,0.000,0.000,AP
2026-04-08 13:40:50,1900-01-00 00:00:00,1019-wombat,B8:27:EB:7C:81:10,-57, WPA ,0.000000,0.000000,0.000,0.000,AP
2026-04-08 13:40:50,1900-01-00 00:00:00,1019-wombat,B8:27:EB:7C:81:10,-58, WPA ,0.000000,0.000000,0.000,0.000,AP
2026-04-08 13:40:50,1900-01-00 00:00:00,1019-wombat,B8:27:EB:7C:81:10,-57, WPA ,0.000000,0.000000,0.000,0.000,AP
2026-04-08 13:40:50,1900-01-00 00:00:00,1019-wombat,B8:27:EB:7C:81:10,-57, WPA ,0.000000,0.000000,0.000,0.000,AP
2026-04-08 13:40:50,1900-01-00 00:00:00,1019-wombat,B8:27:EB:7C:81:10,-57, WPA ,0.000000,0.000000,0.000,0.000,AP
2026-04-08 13:40:50,1900-01-00 00:00:00,1019-wombat,B8:27:EB:7C:81:10,-57, WPA ,0.000000,0.000000,0.000,0.000,AP
2026-04-08 13:40:50,1900-01-00 00:00:00,1019-wombat,B8:27:EB:7C:81:10,-58, WPA ,0.000000,0.000000,0.000,0.000,AP
2026-04-08 13:40:50,1900-01-00 00:00:00,1019-wombat,B8:27:EB:7C:81:10,-58, WPA ,0.000000,0.000000,0.000,0.000,AP
2026-04-08 13:40:51,1900-01-00 00:00:00,1019-wombat,B8:27:EB:7C:81:10,-58, WPA ,0.000000,0.000000,0.000,0.000,AP
2026-04-08 13:40:51,1900-01-00 00:00:00,1019-wombat,B8:27:EB:7C:81:10,-58, WPA ,0.000000,0.000000,0.000,0.000,AP
2026-04-08 13:40:51,1900-01-00 00:00:00,1019-wombat,B8:27:EB:7C:81:10,-57, WPA ,0.000000,0.000000,0.000,0.000,AP
2026-04-08 13:40:51,1900-01-00 00:00:00,1019-wombat,B8:27:EB:7C:81:10,-58, WPA ,0.000000,0.000000,0.000,0.000,AP
2026-04-08 13:40:51,1900-01-00 00:00:00,1019-wombat,B8:27:EB:7C:81:10,-57, WPA ,0.000000,0.000000,0.000,0.000,AP
2026-04-08 13:40:51,1900-01-00 00:00:00,1019-wombat,B8:27:EB:7C:81:10,-57, WPA ,0.000000,0.000000,0.000,0.000,AP
2026-04-08 13:40:51,1900-01-00 00:00:00,1019-wombat,B8:27:EB:7C:81:10,-57, WPA ,0.000000,0.000000,0.000,0.000,AP
2026-04-08 13:40:51,1900-01-00 00:00:00,1019-wombat,B8:27:EB:7C:81:10,-57, WPA ,0.000000,0.000000,0.000,0.000,AP
2026-04-08 13:40:51,1900-01-00 00:00:00,1019-wombat,B8:27:EB:7C:81:10,-57, WPA ,0.000000,0.000000,0.000,0.000,AP
2026-04-08 13:40:51,1900-01-00 00:00:00,1019-wombat,B8:27:EB:7C:81:10,-56, WPA ,0.000000,0.000000,0.000,0.000,AP
2026-04-08 13:40:51,1900-01-00 00:00:00,1019-wombat,B8:27:EB:7C:81:10,-55, WPA ,0.000000,0.000000,0.000,0.000,AP
2026-04-08 13:40:51,1900-01-00 00:00:00,1019-wombat,B8:27:EB:7C:81:10,-55, WPA ,0.000000,0.000000,0.000,0.000,AP
2026-04-08 13:40:51,1900-01-00 00:00:00,1019-wombat,B8:27:EB:7C:81:10,-56, WPA ,0.000000,0.000000,0.000,0.000,AP
2026-04-08 13:40:51,1900-01-00 00:00:00,1019-wombat,B8:27:EB:7C:81:10,-55, WPA ,0.000000,0.000000,0.000,0.000,AP
2026-04-08 13:40:51,1900-01-00 00:00:00,1019-wombat,B8:27:EB:7C:81:10,-55, WPA ,0.000000,0.000000,0.000,0.000,AP
2026-04-08 13:40:51,1900-01-00 00:00:00,1019-wombat,B8:27:EB:7C:81:10,-55, WPA ,0.000000,0.000000,0.000,0.000,AP
2026-04-08 13:40:52,1900-01-00 00:00:00,1019-wombat,B8:27:EB:7C:81:10,-56, WPA ,0.000000,0.000000,0.000,0.000,AP
2026-04-08 13:40:52,1900-01-00 00:00:00,1019-wombat,B8:27:EB:7C:81:10,-56, WPA ,0.000000,0.000000,0.000,0.000,AP
2026-04-08 13:40:52,1900-01-00 00:00:00,1019-wombat,B8:27:EB:7C:81:10,-56, WPA ,0.000000,0.000000,0.000,0.000,AP
2026-04-08 13:40:52,1900-01-00 00:00:00,1019-wombat,B8:27:EB:7C:81:10,-56, WPA ,0.000000,0.000000,0.000,0.000,AP
2026-04-08 13:40:52,1900-01-00 00:00:00,1019-wombat,B8:27:EB:7C:81:10,-56, WPA ,0.000000,0.000000,0.000,0.000,AP
2026-04-08 13:40:52,1900-01-00 00:00:00,1019-wombat,B8:27:EB:7C:81:10,-56, WPA ,0.000000,0.000000,0.000,0.000,AP
2026-04-08 13:40:52,1900-01-00 00:00:00,1019-wombat,B8:27:EB:7C:81:10,-55, WPA ,0.000000,0.000000,0.000,0.000,AP
2026-04-08 13:40:52,1900-01-00 00:00:00,1019-wombat,B8:27:EB:7C:81:10,-56, WPA ,0.000000,0.000000,0.000,0.000,AP
2026-04-08 13:40:52,1900-01-00 00:00:00,1019-wombat,B8:27:EB:7C:81:10,-56, WPA ,0.000000,0.000000,0.000,0.000,AP
2026-04-08 13:40:52,1900-01-00 00:00:00,1019-wombat,B8:27:EB:7C:81:10,-56, WPA ,0.000000,0.000000,0.000,0.000,AP
2026-04-08 13:40:52,1900-01-00 00:00:00,1019-wombat,B8:27:EB:7C:81:10,-56, WPA ,0.000000,0.000000,0.000,0.000,AP
2026-04-08 13:40:52,1900-01-00 00:00:00,1019-wombat,B8:27:EB:7C:81:10,-55, WPA ,0.000000,0.000000,0.000,0.000,AP
2026-04-08 13:40:52,1900-01-00 00:00:00,1019-wombat,B8:27:EB:7C:81:10,-55, WPA ,0.000000,0.000000,0.000,0.000,AP
2026-04-08 13:40:52,1900-01-00 00:00:00,1019-wombat,B8:27:EB:7C:81:10,-55, WPA ,0.000000,0.000000,0.000,0.000,AP
2026-04-08 13:40:52,1900-01-00 00:00:00,1019-wombat,B8:27:EB:7C:81:10,-55, WPA ,0.000000,0.000000,0.000,0.000,AP
2026-04-08 13:40:52,1900-01-00 00:00:00,1019-wombat,B8:27:EB:7C:81:10,-55, WPA ,0.000000,0.000000,0.000,0.000,AP
2026-04-08 13:40:52,1900-01-00 00:00:00,1019-wombat,B8:27:EB:7C:81:10,-55, WPA ,0.000000,0.000000,0.000,0.000,AP
2026-04-08 13:40:52,1900-01-00 00:00:00,1019-wombat,B8:27:EB:7C:81:10,-55, WPA ,0.000000,0.000000,0.000,0.000,AP
2026-04-08 13:40:52,1900-01-00 00:00:00,1019-wombat,B8:27:EB:7C:81:10,-55, WPA ,0.000000,0.000000,0.000,0.000,AP
2026-04-08 13:40:52,1900-01-00 00:00:00,1019-wombat,B8:27:EB:7C:81:10,-56, WPA ,0.000000,0.000000,0.000,0.000,AP
2026-04-08 13:40:52,1900-01-00 00:00:00,1019-wombat,B8:27:EB:7C:81:10,-56, WPA ,0.000000,0.000000,0.000,0.000,AP
2026-04-08 13:40:52,1900-01-00 00:00:00,1019-wombat,B8:27:EB:7C:81:10,-56, WPA ,0.000000,0.000000,0.000,0.000,AP
2026-04-08 13:40:52,1900-01-00 00:00:00,1019-wombat,B8:27:EB:7C:81:10,-56, WPA ,0.000000,0.000000,0.000,0.000,AP
2026-04-08 13:40:52,1900-01-00 00:00:00,1019-wombat,B8:27:EB:7C:81:10,-55, WPA ,0.000000,0.000000,0.000,0.000,AP
2026-04-08 13:40:53,1900-01-00 00:00:00,1019-wombat,B8:27:EB:7C:81:10,-56, WPA ,0.000000,0.000000,0.000,0.000,AP
2026-04-08 13:40:53,1900-01-00 00:00:00,1019-wombat,B8:27:EB:7C:81:10,-57, WPA ,0.000000,0.000000,0.000,0.000,AP
2026-04-08 13:40:53,1900-01-00 00:00:00,1019-wombat,B8:27:EB:7C:81:10,-57, WPA ,0.000000,0.000000,0.000,0.000,AP
2026-04-08 13:40:53,1900-01-00 00:00:00,1019-wombat,B8:27:EB:7C:81:10,-56, WPA ,0.000000,0.000000,0.000,0.000,AP
2026-04-08 13:40:53,1900-01-00 00:00:00,1019-wombat,B8:27:EB:7C:81:10,-55, WPA ,0.000000,0.000000,0.000,0.000,AP
2026-04-08 13:40:53,1900-01-00 00:00:00,1019-wombat,B8:27:EB:7C:81:10,-55, WPA ,0.000000,0.000000,0.000,0.000,AP
2026-04-08 13:40:53,1900-01-00 00:00:00,1019-wombat,B8:27:EB:7C:81:10,-54, WPA ,0.000000,0.000000,0.000,0.000,AP
2026-04-08 13:40:53,1900-01-00 00:00:00,1019-wombat,B8:27:EB:7C:81:10,-54, WPA ,0.000000,0.000000,0.000,0.000,AP
2026-04-08 13:40:53,1900-01-00 00:00:00,1019-wombat,B8:27:EB:7C:81:10,-54, WPA ,0.000000,0.000000,0.000,0.000,AP
2026-04-08 13:40:54,1900-01-00 00:00:00,1019-wombat,B8:27:EB:7C:81:10,-54, WPA ,0.000000,0.000000,0.000,0.000,AP
2026-04-08 13:40:54,1900-01-00 00:00:00,1019-wombat,B8:27:EB:7C:81:10,-54, WPA ,0.000000,0.000000,0.000,0.000,AP
2026-04-08 13:40:54,1900-01-00 00:00:00,1019-wombat,B8:27:EB:7C:81:10,-54, WPA ,0.000000,0.000000,0.000,0.000,AP
2026-04-08 13:40:54,1900-01-00 00:00:00,1019-wombat,B8:27:EB:7C:81:10,-55, WPA ,0.000000,0.000000,0.000,0.000,AP
2026-04-08 13:40:54,1900-01-00 00:00:00,1019-wombat,B8:27:EB:7C:81:10,-56, WPA ,0.000000,0.000000,0.000,0.000,AP
2026-04-08 13:40:54,1900-01-00 00:00:00,1019-wombat,B8:27:EB:7C:81:10,-56, WPA ,0.000000,0.000000,0.000,0.000,AP
2026-04-08 13:40:54,1900-01-00 00:00:00,1019-wombat,B8:27:EB:7C:81:10,-57, WPA ,0.000000,0.000000,0.000,0.000,AP
2026-04-08 13:40:54,1900-01-00 00:00:00,1019-wombat,B8:27:EB:7C:81:10,-57, WPA ,0.000000,0.000000,0.000,0.000,AP
2026-04-08 13:40:54,1900-01-00 00:00:00,1019-wombat,B8:27:EB:7C:81:10,-56, WPA ,0.000000,0.000000,0.000,0.000,AP
2026-04-08 13:40:54,1900-01-00 00:00:00,1019-wombat,B8:27:EB:7C:81:10,-57, WPA ,0.000000,0.000000,0.000,0.000,AP
2026-04-08 13:40:54,1900-01-00 00:00:00,1019-wombat,B8:27:EB:7C:81:10,-57, WPA ,0.000000,0.000000,0.000,0.000,AP
2026-04-08 13:40:54,1900-01-00 00:00:00,1019-wombat,B8:27:EB:7C:81:10,-57, WPA ,0.000000,0.000000,0.000,0.000,AP
2026-04-08 13:40:54,1900-01-00 00:00:00,1019-wombat,B8:27:EB:7C:81:10,-56, WPA ,0.000000,0.000000,0.000,0.000,AP
2026-04-08 13:40:54,1900-01-00 00:00:00,,C4:CB:76:AF:5C:A8,-50,,0.000000,0.000000,0.000,0.000,Client
2026-04-08 13:40:54,1900-01-00 00:00:00,1019-wombat,B8:27:EB:7C:81:10,-57, WPA ,0.000000,0.000000,0.000,0.000,AP
2026-04-08 13:40:54,1900-01-00 00:00:00,,C4:CB:76:AF:5C:A8,-49,,0.000000,0.000000,0.000,0.000,Client
2026-04-08 13:40:54,1900-01-00 00:00:00,1019-wombat,B8:27:EB:7C:81:10,-57, WPA ,0.000000,0.000000,0.000,0.000,AP
2026-04-08 13:40:54,1900-01-00 00:00:00,1019-wombat,B8:27:EB:7C:81:10,-56, WPA ,0.000000,0.000000,0.000,0.000,AP
2026-04-08 13:40:54,1900-01-00 00:00:00,,C4:CB:76:AF:5C:A8,-50,,0.000000,0.000000,0.000,0.000,Client
2026-04-08 13:40:54,1900-01-00 00:00:00,1019-wombat,B8:27:EB:7C:81:10,-57, WPA ,0.000000,0.000000,0.000,0.000,AP
2026-04-08 13:40:54,1900-01-00 00:00:00,,C4:CB:76:AF:5C:A8,-49,,0.000000,0.000000,0.000,0.000,Client
2026-04-08 13:40:54,1900-01-00 00:00:00,1019-wombat,B8:27:EB:7C:81:10,-57, WPA ,0.000000,0.000000,0.000,0.000,AP
2026-04-08 13:40:54,1900-01-00 00:00:00,1019-wombat,B8:27:EB:7C:81:10,-57, WPA ,0.000000,0.000000,0.000,0.000,AP
2026-04-08 13:40:54,1900-01-00 00:00:00,,C4:CB:76:AF:5C:A8,-50,,0.000000,0.000000,0.000,0.000,Client
2026-04-08 13:40:54,1900-01-00 00:00:00,,C4:CB:76:AF:5C:A8,-54,,0.000000,0.000000,0.000,0.000,Client
2026-04-08 13:40:54,1900-01-00 00:00:00,,C4:CB:76:AF:5C:A8,-55,,0.000000,0.000000,0.000,0.000,Client
2026-04-08 13:40:54,1900-01-00 00:00:00,,C4:CB:76:AF:5C:A8,-54,,0.000000,0.000000,0.000,0.000,Client
2026-04-08 13:40:54,1900-01-00 00:00:00,,C4:CB:76:AF:5C:A8,-54,,0.000000,0.000000,0.000,0.000,Client
2026-04-08 13:40:54,1900-01-00 00:00:00,,C4:CB:76:AF:5C:A8,-54,,0.000000,0.000000,0.000,0.000,Client
2026-04-08 13:40:54,1900-01-00 00:00:00,1019-wombat,B8:27:EB:7C:81:10,-57, WPA ,0.000000,0.000000,0.000,0.000,AP
2026-04-08 13:40:54,1900-01-00 00:00:00,1019-wombat,B8:27:EB:7C:81:10,-54, WPA ,0.000000,0.000000,0.000,0.000,AP
2026-04-08 13:40:54,1900-01-00 00:00:00,,C4:CB:76:AF:5C:A8,-54,,0.000000,0.000000,0.000,0.000,Client
2026-04-08 13:40:54,1900-01-00 00:00:00,,C4:CB:76:AF:5C:A8,-54,,0.000000,0.000000,0.000,0.000,Client
2026-04-08 13:40:54,1900-01-00 00:00:00,1019-wombat,B8:27:EB:7C:81:10,-57, WPA ,0.000000,0.000000,0.000,0.000,AP
2026-04-08 13:40:54,1900-01-00 00:00:00,1019-wombat,B8:27:EB:7C:81:10,-57, WPA ,0.000000,0.000000,0.000,0.000,AP
2026-04-08 13:40:54,1900-01-00 00:00:00,1019-wombat,B8:27:EB:7C:81:10,-57, WPA ,0.000000,0.000000,0.000,0.000,AP
2026-04-08 13:40:54,1900-01-00 00:00:00,1019-wombat,B8:27:EB:7C:81:10,-56, WPA ,0.000000,0.000000,0.000,0.000,AP
2026-04-08 13:40:54,1900-01-00 00:00:00,,C4:CB:76:AF:5C:A8,-54,,0.000000,0.000000,0.000,0.000,Client
2026-04-08 13:40:54,1900-01-00 00:00:00,1019-wombat,B8:27:EB:7C:81:10,-58, WPA ,0.000000,0.000000,0.000,0.000,AP
2026-04-08 13:40:54,1900-01-00 00:00:00,,C4:CB:76:AF:5C:A8,-55,,0.000000,0.000000,0.000,0.000,Client
2026-04-08 13:40:54,1900-01-00 00:00:00,1019-wombat,B8:27:EB:7C:81:10,-57, WPA ,0.000000,0.000000,0.000,0.000,AP
2026-04-08 13:40:54,1900-01-00 00:00:00,,C4:CB:76:AF:5C:A8,-55,,0.000000,0.000000,0.000,0.000,Client
2026-04-08 13:40:54,1900-01-00 00:00:00,1019-wombat,B8:27:EB:7C:81:10,-57, WPA ,0.000000,0.000000,0.000,0.000,AP
2026-04-08 13:40:54,1900-01-00 00:00:00,,C4:CB:76:AF:5C:A8,-55,,0.000000,0.000000,0.000,0.000,Client
2026-04-08 13:40:54,1900-01-00 00:00:00,1019-wombat,B8:27:EB:7C:81:10,-57, WPA ,0.000000,0.000000,0.000,0.000,AP
2026-04-08 13:40:54,1900-01-00 00:00:00,1019-wombat,B8:27:EB:7C:81:10,-56, WPA ,0.000000,0.000000,0.000,0.000,AP
2026-04-08 13:40:54,1900-01-00 00:00:00,,C4:CB:76:AF:5C:A8,-54,,0.000000,0.000000,0.000,0.000,Client
2026-04-08 13:40:54,1900-01-00 00:00:00,1019-wombat,B8:27:EB:7C:81:10,-57, WPA ,0.000000,0.000000,0.000,0.000,AP
2026-04-08 13:40:54,1900-01-00 00:00:00,1019-wombat,B8:27:EB:7C:81:10,-56, WPA ,0.000000,0.000000,0.000,0.000,AP
2026-04-08 13:40:54,1900-01-00 00:00:00,,C4:CB:76:AF:5C:A8,-55,,0.000000,0.000000,0.000,0.000,Client
2026-04-08 13:40:54,1900-01-00 00:00:00,1019-wombat,B8:27:EB:7C:81:10,-57, WPA ,0.000000,0.000000,0.000,0.000,AP
2026-04-08 13:40:54,1900-01-00 00:00:00,,C4:CB:76:AF:5C:A8,-54,,0.000000,0.000000,0.000,0.000,Client
2026-04-08 13:40:54,1900-01-00 00:00:00,1019-wombat,B8:27:EB:7C:81:10,-54, WPA ,0.000000,0.000000,0.000,0.000,AP
2026-04-08 13:40:54,1900-01-00 00:00:00,1019-wombat,B8:27:EB:7C:81:10,-56, WPA ,0.000000,0.000000,0.000,0.000,AP
2026-04-08 13:40:54,1900-01-00 00:00:00,1019-wombat,B8:27:EB:7C:81:10,-57, WPA ,0.000000,0.000000,0.000,0.000,AP
2026-04-08 13:40:54,1900-01-00 00:00:00,1019-wombat,B8:27:EB:7C:81:10,-54, WPA ,0.000000,0.000000,0.000,0.000,AP
2026-04-08 13:40:54,1900-01-00 00:00:00,1019-wombat,B8:27:EB:7C:81:10,-56, WPA ,0.000000,0.000000,0.000,0.000,AP
2026-04-08 13:40:54,1900-01-00 00:00:00,1019-wombat,B8:27:EB:7C:81:10,-57, WPA ,0.000000,0.000000,0.000,0.000,AP
2026-04-08 13:40:54,1900-01-00 00:00:00,1019-wombat,B8:27:EB:7C:81:10,-56, WPA ,0.000000,0.000000,0.000,0.000,AP
2026-04-08 13:40:54,1900-01-00 00:00:00,1019-wombat,B8:27:EB:7C:81:10,-56, WPA ,0.000000,0.000000,0.000,0.000,AP
2026-04-08 13:40:54,1900-01-00 00:00:00,,C4:CB:76:AF:5C:A8,-55,,0.000000,0.000000,0.000,0.000,Client
2026-04-08 13:40:54,1900-01-00 00:00:00,1019-wombat,B8:27:EB:7C:81:10,-55, WPA ,0.000000,0.000000,0.000,0.000,AP
2026-04-08 13:40:54,1900-01-00 00:00:00,1019-wombat,B8:27:EB:7C:81:10,-55, WPA ,0.000000,0.000000,0.000,0.000,AP
2026-04-08 13:40:54,1900-01-00 00:00:00,1019-wombat,B8:27:EB:7C:81:10,-57, WPA ,0.000000,0.000000,0.000,0.000,AP
2026-04-08 13:40:54,1900-01-00 00:00:00,1019-wombat,B8:27:EB:7C:81:10,-58, WPA ,0.000000,0.000000,0.000,0.000,AP
2026-04-08 13:40:54,1900-01-00 00:00:00,1019-wombat,B8:27:EB:7C:81:10,-58, WPA ,0.000000,0.000000,0.000,0.000,AP
2026-04-08 13:40:54,1900-01-00 00:00:00,1019-wombat,B8:27:EB:7C:81:10,-56, WPA ,0.000000,0.000000,0.000,0.000,AP
2026-04-08 13:40:54,1900-01-00 00:00:00,1019-wombat,B8:27:EB:7C:81:10,-57, WPA ,0.000000,0.000000,0.000,0.000,AP
2026-04-08 13:40:54,1900-01-00 00:00:00,1019-wombat,B8:27:EB:7C:81:10,-57, WPA ,0.000000,0.000000,0.000,0.000,AP
2026-04-08 13:40:54,1900-01-00 00:00:00,1019-wombat,B8:27:EB:7C:81:10,-57, WPA ,0.000000,0.000000,0.000,0.000,AP
2026-04-08 13:40:54,1900-01-00 00:00:00,1019-wombat,B8:27:EB:7C:81:10,-57, WPA ,0.000000,0.000000,0.000,0.000,AP
2026-04-08 13:40:54,1900-01-00 00:00:00,1019-wombat,B8:27:EB:7C:81:10,-57, WPA ,0.000000,0.000000,0.000,0.000,AP
2026-04-08 13:40:54,1900-01-00 00:00:00,1019-wombat,B8:27:EB:7C:81:10,-56, WPA ,0.000000,0.000000,0.000,0.000,AP
2026-04-08 13:40:54,1900-01-00 00:00:00,1019-wombat,B8:27:EB:7C:81:10,-53, WPA ,0.000000,0.000000,0.000,0.000,AP
2026-04-08 13:40:55,1900-01-00 00:00:00,1019-wombat,B8:27:EB:7C:81:10,-53, WPA ,0.000000,0.000000,0.000,0.000,AP
2026-04-08 13:40:55,1900-01-00 00:00:00,1019-wombat,B8:27:EB:7C:81:10,-56, WPA ,0.000000,0.000000,0.000,0.000,AP
2026-04-08 13:40:55,1900-01-00 00:00:00,1019-wombat,B8:27:EB:7C:81:10,-54, WPA ,0.000000,0.000000,0.000,0.000,AP
2026-04-08 13:40:55,1900-01-00 00:00:00,1019-wombat,B8:27:EB:7C:81:10,-56, WPA ,0.000000,0.000000,0.000,0.000,AP
2026-04-08 13:40:55,1900-01-00 00:00:00,1019-wombat,B8:27:EB:7C:81:10,-56, WPA ,0.000000,0.000000,0.000,0.000,AP
2026-04-08 13:40:55,1900-01-00 00:00:00,1019-wombat,B8:27:EB:7C:81:10,-55, WPA ,0.000000,0.000000,0.000,0.000,AP
2026-04-08 13:40:55,1900-01-00 00:00:00,1019-wombat,B8:27:EB:7C:81:10,-54, WPA ,0.000000,0.000000,0.000,0.000,AP
2026-04-08 13:40:55,1900-01-00 00:00:00,1019-wombat,B8:27:EB:7C:81:10,-56, WPA ,0.000000,0.000000,0.000,0.000,AP
2026-04-08 13:40:55,1900-01-00 00:00:00,1019-wombat,B8:27:EB:7C:81:10,-57, WPA ,0.000000,0.000000,0.000,0.000,AP
2026-04-08 13:40:55,1900-01-00 00:00:00,1019-wombat,B8:27:EB:7C:81:10,-55, WPA ,0.000000,0.000000,0.000,0.000,AP
2026-04-08 13:40:55,1900-01-00 00:00:00,1019-wombat,B8:27:EB:7C:81:10,-56, WPA ,0.000000,0.000000,0.000,0.000,AP
2026-04-08 13:40:55,1900-01-00 00:00:00,1019-wombat,B8:27:EB:7C:81:10,-56, WPA ,0.000000,0.000000,0.000,0.000,AP
2026-04-08 13:40:55,1900-01-00 00:00:00,1019-wombat,B8:27:EB:7C:81:10,-56, WPA ,0.000000,0.000000,0.000,0.000,AP
2026-04-08 13:40:55,1900-01-00 00:00:00,1019-wombat,B8:27:EB:7C:81:10,-56, WPA ,0.000000,0.000000,0.000,0.000,AP
2026-04-08 13:40:55,1900-01-00 00:00:00,1019-wombat,B8:27:EB:7C:81:10,-55, WPA ,0.000000,0.000000,0.000,0.000,AP
2026-04-08 13:40:55,1900-01-00 00:00:00,1019-wombat,B8:27:EB:7C:81:10,-55, WPA ,0.000000,0.000000,0.000,0.000,AP
2026-04-08 13:40:55,1900-01-00 00:00:00,1019-wombat,B8:27:EB:7C:81:10,-56, WPA ,0.000000,0.000000,0.000,0.000,AP
2026-04-08 13:40:55,1900-01-00 00:00:00,1019-wombat,B8:27:EB:7C:81:10,-56, WPA ,0.000000,0.000000,0.000,0.000,AP
2026-04-08 13:40:55,1900-01-00 00:00:00,1019-wombat,B8:27:EB:7C:81:10,-53, WPA ,0.000000,0.000000,0.000,0.000,AP
2026-04-08 13:40:55,1900-01-00 00:00:00,1019-wombat,B8:27:EB:7C:81:10,-55, WPA ,0.000000,0.000000,0.000,0.000,AP
2026-04-08 13:40:55,1900-01-00 00:00:00,1019-wombat,B8:27:EB:7C:81:10,-57, WPA ,0.000000,0.000000,0.000,0.000,AP
2026-04-08 13:40:55,1900-01-00 00:00:00,1019-wombat,B8:27:EB:7C:81:10,-56, WPA ,0.000000,0.000000,0.000,0.000,AP
2026-04-08 13:40:55,1900-01-00 00:00:00,1019-wombat,B8:27:EB:7C:81:10,-55, WPA ,0.000000,0.000000,0.000,0.000,AP
2026-04-08 13:40:55,1900-01-00 00:00:00,1019-wombat,B8:27:EB:7C:81:10,-55, WPA ,0.000000,0.000000,0.000,0.000,AP
2026-04-08 13:40:55,1900-01-00 00:00:00,1019-wombat,B8:27:EB:7C:81:10,-56, WPA ,0.000000,0.000000,0.000,0.000,AP
2026-04-08 13:40:55,1900-01-00 00:00:00,1019-wombat,B8:27:EB:7C:81:10,-55, WPA ,0.000000,0.000000,0.000,0.000,AP
2026-04-08 13:40:55,1900-01-00 00:00:00,1019-wombat,B8:27:EB:7C:81:10,-56, WPA ,0.000000,0.000000,0.000,0.000,AP
2026-04-08 13:40:55,1900-01-00 00:00:00,1019-wombat,B8:27:EB:7C:81:10,-56, WPA ,0.000000,0.000000,0.000,0.000,AP
2026-04-08 13:40:55,1900-01-00 00:00:00,1019-wombat,B8:27:EB:7C:81:10,-55, WPA ,0.000000,0.000000,0.000,0.000,AP
2026-04-08 13:40:55,1900-01-00 00:00:00,1019-wombat,B8:27:EB:7C:81:10,-55, WPA ,0.000000,0.000000,0.000,0.000,AP
2026-04-08 13:40:55,1900-01-00 00:00:00,1019-wombat,B8:27:EB:7C:81:10,-55, WPA ,0.000000,0.000000,0.000,0.000,AP
2026-04-08 13:40:55,1900-01-00 00:00:00,1019-wombat,B8:27:EB:7C:81:10,-56, WPA ,0.000000,0.000000,0.000,0.000,AP
2026-04-08 13:40:55,1900-01-00 00:00:00,1019-wombat,B8:27:EB:7C:81:10,-56, WPA ,0.000000,0.000000,0.000,0.000,AP
2026-04-08 13:40:55,1900-01-00 00:00:00,1019-wombat,B8:27:EB:7C:81:10,-56, WPA ,0.000000,0.000000,0.000,0.000,AP
2026-04-08 13:40:55,1900-01-00 00:00:00,1019-wombat,B8:27:EB:7C:81:10,-57, WPA ,0.000000,0.000000,0.000,0.000,AP
2026-04-08 13:40:55,1900-01-00 00:00:00,1019-wombat,B8:27:EB:7C:81:10,-57, WPA ,0.000000,0.000000,0.000,0.000,AP
2026-04-08 13:40:55,1900-01-00 00:00:00,1019-wombat,B8:27:EB:7C:81:10,-56, WPA ,0.000000,0.000000,0.000,0.000,AP
2026-04-08 13:40:55,1900-01-00 00:00:00,1019-wombat,B8:27:EB:7C:81:10,-56, WPA ,0.000000,0.000000,0.000,0.000,AP
2026-04-08 13:40:55,1900-01-00 00:00:00,1019-wombat,B8:27:EB:7C:81:10,-56, WPA ,0.000000,0.000000,0.000,0.000,AP
2026-04-08 13:40:56,1900-01-00 00:00:00,1019-wombat,B8:27:EB:7C:81:10,-55, WPA ,0.000000,0.000000,0.000,0.000,AP
2026-04-08 13:40:56,1900-01-00 00:00:00,1019-wombat,B8:27:EB:7C:81:10,-56, WPA ,0.000000,0.000000,0.000,0.000,AP
2026-04-08 13:40:56,1900-01-00 00:00:00,1019-wombat,B8:27:EB:7C:81:10,-55, WPA ,0.000000,0.000000,0.000,0.000,AP
2026-04-08 13:40:56,1900-01-00 00:00:00,1019-wombat,B8:27:EB:7C:81:10,-56, WPA ,0.000000,0.000000,0.000,0.000,AP
2026-04-08 13:40:56,1900-01-00 00:00:00,1019-wombat,B8:27:EB:7C:81:10,-55, WPA ,0.000000,0.000000,0.000,0.000,AP
2026-04-08 13:40:56,1900-01-00 00:00:00,1019-wombat,B8:27:EB:7C:81:10,-56, WPA ,0.000000,0.000000,0.000,0.000,AP
2026-04-08 13:40:56,1900-01-00 00:00:00,1019-wombat,B8:27:EB:7C:81:10,-56, WPA ,0.000000,0.000000,0.000,0.000,AP
2026-04-08 13:40:56,1900-01-00 00:00:00,1019-wombat,B8:27:EB:7C:81:10,-55, WPA ,0.000000,0.000000,0.000,0.000,AP
2026-04-08 13:40:56,1900-01-00 00:00:00,1019-wombat,B8:27:EB:7C:81:10,-55, WPA ,0.000000,0.000000,0.000,0.000,AP
2026-04-08 13:40:56,1900-01-00 00:00:00,1019-wombat,B8:27:EB:7C:81:10,-55, WPA ,0.000000,0.000000,0.000,0.000,AP
2026-04-08 13:40:56,1900-01-00 00:00:00,1019-wombat,B8:27:EB:7C:81:10,-55, WPA ,0.000000,0.000000,0.000,0.000,AP
2026-04-08 13:40:56,1900-01-00 00:00:00,1019-wombat,B8:27:EB:7C:81:10,-56, WPA ,0.000000,0.000000,0.000,0.000,AP
2026-04-08 13:40:56,1900-01-00 00:00:00,1019-wombat,B8:27:EB:7C:81:10,-55, WPA ,0.000000,0.000000,0.000,0.000,AP
2026-04-08 13:40:56,1900-01-00 00:00:00,1019-wombat,B8:27:EB:7C:81:10,-55, WPA ,0.000000,0.000000,0.000,0.000,AP
2026-04-08 13:40:56,1900-01-00 00:00:00,1019-wombat,B8:27:EB:7C:81:10,-55, WPA ,0.000000,0.000000,0.000,0.000,AP
2026-04-08 13:40:56,1900-01-00 00:00:00,1019-wombat,B8:27:EB:7C:81:10,-55, WPA ,0.000000,0.000000,0.000,0.000,AP
2026-04-08 13:40:56,1900-01-00 00:00:00,1019-wombat,B8:27:EB:7C:81:10,-55, WPA ,0.000000,0.000000,0.000,0.000,AP
2026-04-08 13:40:56,1900-01-00 00:00:00,1019-wombat,B8:27:EB:7C:81:10,-56, WPA ,0.000000,0.000000,0.000,0.000,AP
2026-04-08 13:40:57,1900-01-00 00:00:00,1019-wombat,B8:27:EB:7C:81:10,-55, WPA ,0.000000,0.000000,0.000,0.000,AP
2026-04-08 13:40:57,1900-01-00 00:00:00,1019-wombat,B8:27:EB:7C:81:10,-55, WPA ,0.000000,0.000000,0.000,0.000,AP
2026-04-08 13:40:57,1900-01-00 00:00:00,1019-wombat,B8:27:EB:7C:81:10,-53, WPA ,0.000000,0.000000,0.000,0.000,AP
2026-04-08 13:40:57,1900-01-00 00:00:00,1019-wombat,B8:27:EB:7C:81:10,-55, WPA ,0.000000,0.000000,0.000,0.000,AP
2026-04-08 13:40:57,1900-01-00 00:00:00,1019-wombat,B8:27:EB:7C:81:10,-54, WPA ,0.000000,0.000000,0.000,0.000,AP
2026-04-08 13:40:57,1900-01-00 00:00:00,1019-wombat,B8:27:EB:7C:81:10,-54, WPA ,0.000000,0.000000,0.000,0.000,AP
2026-04-08 13:40:57,1900-01-00 00:00:00,1019-wombat,B8:27:EB:7C:81:10,-53, WPA ,0.000000,0.000000,0.000,0.000,AP
2026-04-08 13:40:57,1900-01-00 00:00:00,1019-wombat,B8:27:EB:7C:81:10,-54, WPA ,0.000000,0.000000,0.000,0.000,AP
2026-04-08 13:40:57,1900-01-00 00:00:00,1019-wombat,B8:27:EB:7C:81:10,-54, WPA ,0.000000,0.000000,0.000,0.000,AP
2026-04-08 13:40:57,1900-01-00 00:00:00,1019-wombat,B8:27:EB:7C:81:10,-55, WPA ,0.000000,0.000000,0.000,0.000,AP
2026-04-08 13:40:57,1900-01-00 00:00:00,1019-wombat,B8:27:EB:7C:81:10,-54, WPA ,0.000000,0.000000,0.000,0.000,AP
2026-04-08 13:40:57,1900-01-00 00:00:00,1019-wombat,B8:27:EB:7C:81:10,-55, WPA ,0.000000,0.000000,0.000,0.000,AP
2026-04-08 13:40:57,1900-01-00 00:00:00,1019-wombat,B8:27:EB:7C:81:10,-55, WPA ,0.000000,0.000000,0.000,0.000,AP
2026-04-08 13:40:58,1900-01-00 00:00:00,1019-wombat,B8:27:EB:7C:81:10,-53, WPA ,0.000000,0.000000,0.000,0.000,AP
2026-04-08 13:40:58,1900-01-00 00:00:00,1019-wombat,B8:27:EB:7C:81:10,-56, WPA ,0.000000,0.000000,0.000,0.000,AP
2026-04-08 13:40:58,1900-01-00 00:00:00,1019-wombat,B8:27:EB:7C:81:10,-55, WPA ,0.000000,0.000000,0.000,0.000,AP
2026-04-08 13:40:58,1900-01-00 00:00:00,1019-wombat,B8:27:EB:7C:81:10,-56, WPA ,0.000000,0.000000,0.000,0.000,AP
2026-04-08 13:40:58,1900-01-00 00:00:00,1019-wombat,B8:27:EB:7C:81:10,-54, WPA ,0.000000,0.000000,0.000,0.000,AP
2026-04-08 13:40:58,1900-01-00 00:00:00,1019-wombat,B8:27:EB:7C:81:10,-56, WPA ,0.000000,0.000000,0.000,0.000,AP
2026-04-08 13:40:58,1900-01-00 00:00:00,1019-wombat,B8:27:EB:7C:81:10,-56, WPA ,0.000000,0.000000,0.000,0.000,AP
2026-04-08 13:40:58,1900-01-00 00:00:00,1019-wombat,B8:27:EB:7C:81:10,-55, WPA ,0.000000,0.000000,0.000,0.000,AP
2026-04-08 13:40:58,1900-01-00 00:00:00,1019-wombat,B8:27:EB:7C:81:10,-55, WPA ,0.000000,0.000000,0.000,0.000,AP
2026-04-08 13:40:58,1900-01-00 00:00:00,1019-wombat,B8:27:EB:7C:81:10,-55, WPA ,0.000000,0.000000,0.000,0.000,AP
2026-04-08 13:40:58,1900-01-00 00:00:00,1019-wombat,B8:27:EB:7C:81:10,-55, WPA ,0.000000,0.000000,0.000,0.000,AP
2026-04-08 13:40:58,1900-01-00 00:00:00,1019-wombat,B8:27:EB:7C:81:10,-55, WPA ,0.000000,0.000000,0.000,0.000,AP
2026-04-08 13:40:58,1900-01-00 00:00:00,1019-wombat,B8:27:EB:7C:81:10,-54, WPA ,0.000000,0.000000,0.000,0.000,AP
2026-04-08 13:40:58,1900-01-00 00:00:00,1019-wombat,B8:27:EB:7C:81:10,-54, WPA ,0.000000,0.000000,0.000,0.000,AP
2026-04-08 13:40:59,1900-01-00 00:00:00,1019-wombat,B8:27:EB:7C:81:10,-56, WPA ,0.000000,0.000000,0.000,0.000,AP
2026-04-08 13:40:59,1900-01-00 00:00:00,1019-wombat,B8:27:EB:7C:81:10,-55, WPA ,0.000000,0.000000,0.000,0.000,AP
2026-04-08 13:40:59,1900-01-00 00:00:00,1019-wombat,B8:27:EB:7C:81:10,-55, WPA ,0.000000,0.000000,0.000,0.000,AP
2026-04-08 13:40:59,1900-01-00 00:00:00,1019-wombat,B8:27:EB:7C:81:10,-56, WPA ,0.000000,0.000000,0.000,0.000,AP
2026-04-08 13:40:59,1900-01-00 00:00:00,1019-wombat,B8:27:EB:7C:81:10,-57, WPA ,0.000000,0.000000,0.000,0.000,AP
2026-04-08 13:40:59,1900-01-00 00:00:00,1019-wombat,B8:27:EB:7C:81:10,-54, WPA ,0.000000,0.000000,0.000,0.000,AP
2026-04-08 13:40:59,1900-01-00 00:00:00,1019-wombat,B8:27:EB:7C:81:10,-57, WPA ,0.000000,0.000000,0.000,0.000,AP
2026-04-08 13:40:59,1900-01-00 00:00:00,1019-wombat,B8:27:EB:7C:81:10,-57, WPA ,0.000000,0.000000,0.000,0.000,AP
2026-04-08 13:40:59,1900-01-00 00:00:00,1019-wombat,B8:27:EB:7C:81:10,-57, WPA ,0.000000,0.000000,0.000,0.000,AP
2026-04-08 13:40:59,1900-01-00 00:00:00,1019-wombat,B8:27:EB:7C:81:10,-57, WPA ,0.000000,0.000000,0.000,0.000,AP
2026-04-08 13:40:59,1900-01-00 00:00:00,1019-wombat,B8:27:EB:7C:81:10,-56, WPA ,0.000000,0.000000,0.000,0.000,AP
2026-04-08 13:40:59,1900-01-00 00:00:00,1019-wombat,B8:27:EB:7C:81:10,-56, WPA ,0.000000,0.000000,0.000,0.000,AP
2026-04-08 13:40:59,1900-01-00 00:00:00,1019-wombat,B8:27:EB:7C:81:10,-57, WPA ,0.000000,0.000000,0.000,0.000,AP
2026-04-08 13:40:59,1900-01-00 00:00:00,1019-wombat,B8:27:EB:7C:81:10,-56, WPA ,0.000000,0.000000,0.000,0.000,AP
2026-04-08 13:40:59,1900-01-00 00:00:00,1019-wombat,B8:27:EB:7C:81:10,-56, WPA ,0.000000,0.000000,0.000,0.000,AP
2026-04-08 13:40:59,1900-01-00 00:00:00,1019-wombat,B8:27:EB:7C:81:10,-56, WPA ,0.000000,0.000000,0.000,0.000,AP
2026-04-08 13:40:59,1900-01-00 00:00:00,1019-wombat,B8:27:EB:7C:81:10,-58, WPA ,0.000000,0.000000,0.000,0.000,AP
2026-04-08 13:40:59,1900-01-00 00:00:00,1019-wombat,B8:27:EB:7C:81:10,-57, WPA ,0.000000,0.000000,0.000,0.000,AP
2026-04-08 13:40:59,1900-01-00 00:00:00,1019-wombat,B8:27:EB:7C:81:10,-54, WPA ,0.000000,0.000000,0.000,0.000,AP
2026-04-08 13:40:59,1900-01-00 00:00:00,1019-wombat,B8:27:EB:7C:81:10,-57, WPA ,0.000000,0.000000,0.000,0.000,AP
2026-04-08 13:41:00,1900-01-00 00:00:00,1019-wombat,B8:27:EB:7C:81:10,-55, WPA ,0.000000,0.000000,0.000,0.000,AP
2026-04-08 13:41:00,1900-01-00 00:00:00,1019-wombat,B8:27:EB:7C:81:10,-58, WPA ,0.000000,0.000000,0.000,0.000,AP
2026-04-08 13:41:00,1900-01-00 00:00:00,,C4:CB:76:AF:5C:A8,-51,,0.000000,0.000000,0.000,0.000,Client
2026-04-08 13:41:00,1900-01-00 00:00:00,,C4:CB:76:AF:5C:A8,-50,,0.000000,0.000000,0.000,0.000,Client
2026-04-08 13:41:00,1900-01-00 00:00:00,,C4:CB:76:AF:5C:A8,-50,,0.000000,0.000000,0.000,0.000,Client
2026-04-08 13:41:00,1900-01-00 00:00:00,1019-wombat,B8:27:EB:7C:81:10,-58, WPA ,0.000000,0.000000,0.000,0.000,AP
2026-04-08 13:41:00,1900-01-00 00:00:00,1019-wombat,B8:27:EB:7C:81:10,-57, WPA ,0.000000,0.000000,0.000,0.000,AP
2026-04-08 13:41:00,1900-01-00 00:00:00,1019-wombat,B8:27:EB:7C:81:10,-57, WPA ,0.000000,0.000000,0.000,0.000,AP
2026-04-08 13:41:00,1900-01-00 00:00:00,1019-wombat,B8:27:EB:7C:81:10,-59, WPA ,0.000000,0.000000,0.000,0.000,AP
2026-04-08 13:41:00,1900-01-00 00:00:00,1019-wombat,B8:27:EB:7C:81:10,-59, WPA ,0.000000,0.000000,0.000,0.000,AP
2026-04-08 13:41:00,1900-01-00 00:00:00,1019-wombat,B8:27:EB:7C:81:10,-58, WPA ,0.000000,0.000000,0.000,0.000,AP
2026-04-08 13:41:00,1900-01-00 00:00:00,1019-wombat,B8:27:EB:7C:81:10,-58, WPA ,0.000000,0.000000,0.000,0.000,AP
2026-04-08 13:41:00,1900-01-00 00:00:00,1019-wombat,B8:27:EB:7C:81:10,-58, WPA ,0.000000,0.000000,0.000,0.000,AP
2026-04-08 13:41:00,1900-01-00 00:00:00,1019-wombat,B8:27:EB:7C:81:10,-58, WPA ,0.000000,0.000000,0.000,0.000,AP
2026-04-08 13:41:01,1900-01-00 00:00:00,1019-wombat,B8:27:EB:7C:81:10,-58, WPA ,0.000000,0.000000,0.000,0.000,AP
2026-04-08 13:41:01,1900-01-00 00:00:00,1019-wombat,B8:27:EB:7C:81:10,-58, WPA ,0.000000,0.000000,0.000,0.000,AP
2026-04-08 13:41:01,1900-01-00 00:00:00,1019-wombat,B8:27:EB:7C:81:10,-58, WPA ,0.000000,0.000000,0.000,0.000,AP
2026-04-08 13:41:01,1900-01-00 00:00:00,1019-wombat,B8:27:EB:7C:81:10,-57, WPA ,0.000000,0.000000,0.000,0.000,AP
2026-04-08 13:41:01,1900-01-00 00:00:00,1019-wombat,B8:27:EB:7C:81:10,-57, WPA ,0.000000,0.000000,0.000,0.000,AP
2026-04-08 13:41:01,1900-01-00 00:00:00,1019-wombat,B8:27:EB:7C:81:10,-58, WPA ,0.000000,0.000000,0.000,0.000,AP
2026-04-08 13:41:01,1900-01-00 00:00:00,1019-wombat,B8:27:EB:7C:81:10,-58, WPA ,0.000000,0.000000,0.000,0.000,AP
2026-04-08 13:41:01,1900-01-00 00:00:00,1019-wombat,B8:27:EB:7C:81:10,-57, WPA ,0.000000,0.000000,0.000,0.000,AP
2026-04-08 13:41:01,1900-01-00 00:00:00,1019-wombat,B8:27:EB:7C:81:10,-57, WPA ,0.000000,0.000000,0.000,0.000,AP
2026-04-08 13:41:01,1900-01-00 00:00:00,1019-wombat,B8:27:EB:7C:81:10,-59, WPA ,0.000000,0.000000,0.000,0.000,AP
2026-04-08 13:41:01,1900-01-00 00:00:00,1019-wombat,B8:27:EB:7C:81:10,-60, WPA ,0.000000,0.000000,0.000,0.000,AP
2026-04-08 13:41:01,1900-01-00 00:00:00,1019-wombat,B8:27:EB:7C:81:10,-57, WPA ,0.000000,0.000000,0.000,0.000,AP
2026-04-08 13:41:01,1900-01-00 00:00:00,1019-wombat,B8:27:EB:7C:81:10,-59, WPA ,0.000000,0.000000,0.000,0.000,AP
2026-04-08 13:41:01,1900-01-00 00:00:00,1019-wombat,B8:27:EB:7C:81:10,-58, WPA ,0.000000,0.000000,0.000,0.000,AP
2026-04-08 13:41:01,1900-01-00 00:00:00,1019-wombat,B8:27:EB:7C:81:10,-59, WPA ,0.000000,0.000000,0.000,0.000,AP
2026-04-08 13:41:01,1900-01-00 00:00:00,1019-wombat,B8:27:EB:7C:81:10,-58, WPA ,0.000000,0.000000,0.000,0.000,AP
2026-04-08 13:41:01,1900-01-00 00:00:00,1019-wombat,B8:27:EB:7C:81:10,-55, WPA ,0.000000,0.000000,0.000,0.000,AP
2026-04-08 13:41:02,1900-01-00 00:00:00,1019-wombat,B8:27:EB:7C:81:10,-53, WPA ,0.000000,0.000000,0.000,0.000,AP
2026-04-08 13:41:02,1900-01-00 00:00:00,1019-wombat,B8:27:EB:7C:81:10,-54, WPA ,0.000000,0.000000,0.000,0.000,AP
2026-04-08 13:41:02,1900-01-00 00:00:00,1019-wombat,B8:27:EB:7C:81:10,-53, WPA ,0.000000,0.000000,0.000,0.000,AP
2026-04-08 13:41:02,1900-01-00 00:00:00,1019-wombat,B8:27:EB:7C:81:10,-51, WPA ,0.000000,0.000000,0.000,0.000,AP
2026-04-08 13:41:02,1900-01-00 00:00:00,1019-wombat,B8:27:EB:7C:81:10,-53, WPA ,0.000000,0.000000,0.000,0.000,AP
2026-04-08 13:41:02,1900-01-00 00:00:00,1019-wombat,B8:27:EB:7C:81:10,-55, WPA ,0.000000,0.000000,0.000,0.000,AP
2026-04-08 13:41:02,1900-01-00 00:00:00,1019-wombat,B8:27:EB:7C:81:10,-53, WPA ,0.000000,0.000000,0.000,0.000,AP
2026-04-08 13:41:02,1900-01-00 00:00:00,1019-wombat,B8:27:EB:7C:81:10,-53, WPA ,0.000000,0.000000,0.000,0.000,AP
2026-04-08 13:41:02,1900-01-00 00:00:00,1019-wombat,B8:27:EB:7C:81:10,-53, WPA ,0.000000,0.000000,0.000,0.000,AP
2026-04-08 13:41:02,1900-01-00 00:00:00,1019-wombat,B8:27:EB:7C:81:10,-53, WPA ,0.000000,0.000000,0.000,0.000,AP
2026-04-08 13:41:02,1900-01-00 00:00:00,1019-wombat,B8:27:EB:7C:81:10,-53, WPA ,0.000000,0.000000,0.000,0.000,AP
2026-04-08 13:41:02,1900-01-00 00:00:00,1019-wombat,B8:27:EB:7C:81:10,-53, WPA ,0.000000,0.000000,0.000,0.000,AP
2026-04-08 13:41:02,1900-01-00 00:00:00,1019-wombat,B8:27:EB:7C:81:10,-53, WPA ,0.000000,0.000000,0.000,0.000,AP
2026-04-08 13:41:02,1900-01-00 00:00:00,1019-wombat,B8:27:EB:7C:81:10,-53, WPA ,0.000000,0.000000,0.000,0.000,AP
2026-04-08 13:41:02,1900-01-00 00:00:00,1019-wombat,B8:27:EB:7C:81:10,-53, WPA ,0.000000,0.000000,0.000,0.000,AP
2026-04-08 13:41:02,1900-01-00 00:00:00,1019-wombat,B8:27:EB:7C:81:10,-50, WPA ,0.000000,0.000000,0.000,0.000,AP
2026-04-08 13:41:02,1900-01-00 00:00:00,1019-wombat,B8:27:EB:7C:81:10,-54, WPA ,0.000000,0.000000,0.000,0.000,AP
2026-04-08 13:41:02,1900-01-00 00:00:00,1019-wombat,B8:27:EB:7C:81:10,-54, WPA ,0.000000,0.000000,0.000,0.000,AP
2026-04-08 13:41:02,1900-01-00 00:00:00,1019-wombat,B8:27:EB:7C:81:10,-53, WPA ,0.000000,0.000000,0.000,0.000,AP
2026-04-08 13:41:02,1900-01-00 00:00:00,1019-wombat,B8:27:EB:7C:81:10,-52, WPA ,0.000000,0.000000,0.000,0.000,AP
2026-04-08 13:41:02,1900-01-00 00:00:00,1019-wombat,B8:27:EB:7C:81:10,-50, WPA ,0.000000,0.000000,0.000,0.000,AP
2026-04-08 13:41:02,1900-01-00 00:00:00,1019-wombat,B8:27:EB:7C:81:10,-52, WPA ,0.000000,0.000000,0.000,0.000,AP
2026-04-08 13:41:02,1900-01-00 00:00:00,1019-wombat,B8:27:EB:7C:81:10,-53, WPA ,0.000000,0.000000,0.000,0.000,AP
2026-04-08 13:41:02,1900-01-00 00:00:00,1019-wombat,B8:27:EB:7C:81:10,-54, WPA ,0.000000,0.000000,0.000,0.000,AP
2026-04-08 13:41:03,1900-01-00 00:00:00,1019-wombat,B8:27:EB:7C:81:10,-54, WPA ,0.000000,0.000000,0.000,0.000,AP
2026-04-08 13:41:03,1900-01-00 00:00:00,1019-wombat,B8:27:EB:7C:81:10,-53, WPA ,0.000000,0.000000,0.000,0.000,AP
2026-04-08 13:41:03,1900-01-00 00:00:00,1019-wombat,B8:27:EB:7C:81:10,-52, WPA ,0.000000,0.000000,0.000,0.000,AP
2026-04-08 13:41:03,1900-01-00 00:00:00,1019-wombat,B8:27:EB:7C:81:10,-52, WPA ,0.000000,0.000000,0.000,0.000,AP
2026-04-08 13:41:03,1900-01-00 00:00:00,1019-wombat,B8:27:EB:7C:81:10,-53, WPA ,0.000000,0.000000,0.000,0.000,AP
2026-04-08 13:41:03,1900-01-00 00:00:00,1019-wombat,B8:27:EB:7C:81:10,-52, WPA ,0.000000,0.000000,0.000,0.000,AP
2026-04-08 13:41:03,1900-01-00 00:00:00,1019-wombat,B8:27:EB:7C:81:10,-52, WPA ,0.000000,0.000000,0.000,0.000,AP
2026-04-08 13:41:03,1900-01-00 00:00:00,1019-wombat,B8:27:EB:7C:81:10,-52, WPA ,0.000000,0.000000,0.000,0.000,AP
2026-04-08 13:41:03,1900-01-00 00:00:00,1019-wombat,B8:27:EB:7C:81:10,-52, WPA ,0.000000,0.000000,0.000,0.000,AP
2026-04-08 13:41:03,1900-01-00 00:00:00,1019-wombat,B8:27:EB:7C:81:10,-52, WPA ,0.000000,0.000000,0.000,0.000,AP
2026-04-08 13:41:03,1900-01-00 00:00:00,1019-wombat,B8:27:EB:7C:81:10,-50, WPA ,0.000000,0.000000,0.000,0.000,AP
2026-04-08 13:41:03,1900-01-00 00:00:00,1019-wombat,B8:27:EB:7C:81:10,-53, WPA ,0.000000,0.000000,0.000,0.000,AP
2026-04-08 13:41:03,1900-01-00 00:00:00,1019-wombat,B8:27:EB:7C:81:10,-53, WPA ,0.000000,0.000000,0.000,0.000,AP
2026-04-08 13:41:03,1900-01-00 00:00:00,1019-wombat,B8:27:EB:7C:81:10,-52, WPA ,0.000000,0.000000,0.000,0.000,AP
2026-04-08 13:41:03,1900-01-00 00:00:00,1019-wombat,B8:27:EB:7C:81:10,-53, WPA ,0.000000,0.000000,0.000,0.000,AP
2026-04-08 13:41:03,1900-01-00 00:00:00,1019-wombat,B8:27:EB:7C:81:10,-52, WPA ,0.000000,0.000000,0.000,0.000,AP
2026-04-08 13:41:03,1900-01-00 00:00:00,1019-wombat,B8:27:EB:7C:81:10,-53, WPA ,0.000000,0.000000,0.000,0.000,AP
2026-04-08 13:41:04,1900-01-00 00:00:00,1019-wombat,B8:27:EB:7C:81:10,-53, WPA ,0.000000,0.000000,0.000,0.000,AP
2026-04-08 13:41:04,1900-01-00 00:00:00,1019-wombat,B8:27:EB:7C:81:10,-54, WPA ,0.000000,0.000000,0.000,0.000,AP
2026-04-08 13:41:04,1900-01-00 00:00:00,1019-wombat,B8:27:EB:7C:81:10,-54, WPA ,0.000000,0.000000,0.000,0.000,AP
2026-04-08 13:41:04,1900-01-00 00:00:00,1019-wombat,B8:27:EB:7C:81:10,-54, WPA ,0.000000,0.000000,0.000,0.000,AP
2026-04-08 13:41:04,1900-01-00 00:00:00,1019-wombat,B8:27:EB:7C:81:10,-55, WPA ,0.000000,0.000000,0.000,0.000,AP
2026-04-08 13:41:04,1900-01-00 00:00:00,1019-wombat,B8:27:EB:7C:81:10,-54, WPA ,0.000000,0.000000,0.000,0.000,AP
2026-04-08 13:41:04,1900-01-00 00:00:00,1019-wombat,B8:27:EB:7C:81:10,-53, WPA ,0.000000,0.000000,0.000,0.000,AP
2026-04-08 13:41:04,1900-01-00 00:00:00,1019-wombat,B8:27:EB:7C:81:10,-54, WPA ,0.000000,0.000000,0.000,0.000,AP
2026-04-08 13:41:04,1900-01-00 00:00:00,1019-wombat,B8:27:EB:7C:81:10,-54, WPA ,0.000000,0.000000,0.000,0.000,AP
2026-04-08 13:41:04,1900-01-00 00:00:00,1019-wombat,B8:27:EB:7C:81:10,-54, WPA ,0.000000,0.000000,0.000,0.000,AP
2026-04-08 13:41:04,1900-01-00 00:00:00,1019-wombat,B8:27:EB:7C:81:10,-53, WPA ,0.000000,0.000000,0.000,0.000,AP
2026-04-08 13:41:04,1900-01-00 00:00:00,1019-wombat,B8:27:EB:7C:81:10,-54, WPA ,0.000000,0.000000,0.000,0.000,AP
2026-04-08 13:41:04,1900-01-00 00:00:00,1019-wombat,B8:27:EB:7C:81:10,-54, WPA ,0.000000,0.000000,0.000,0.000,AP
2026-04-08 13:41:04,1900-01-00 00:00:00,1019-wombat,B8:27:EB:7C:81:10,-53, WPA ,0.000000,0.000000,0.000,0.000,AP
2026-04-08 13:41:04,1900-01-00 00:00:00,,C4:CB:76:AF:5C:A8,-51,,0.000000,0.000000,0.000,0.000,Client
2026-04-08 13:41:04,1900-01-00 00:00:00,1019-wombat,B8:27:EB:7C:81:10,-54, WPA ,0.000000,0.000000,0.000,0.000,AP
2026-04-08 13:41:04,1900-01-00 00:00:00,1019-wombat,B8:27:EB:7C:81:10,-54, WPA ,0.000000,0.000000,0.000,0.000,AP
2026-04-08 13:41:04,1900-01-00 00:00:00,1019-wombat,B8:27:EB:7C:81:10,-53, WPA ,0.000000,0.000000,0.000,0.000,AP
2026-04-08 13:41:04,1900-01-00 00:00:00,1019-wombat,B8:27:EB:7C:81:10,-54, WPA ,0.000000,0.000000,0.000,0.000,AP
2026-04-08 13:41:04,1900-01-00 00:00:00,1019-wombat,B8:27:EB:7C:81:10,-55, WPA ,0.000000,0.000000,0.000,0.000,AP
2026-04-08 13:41:04,1900-01-00 00:00:00,1019-wombat,B8:27:EB:7C:81:10,-54, WPA ,0.000000,0.000000,0.000,0.000,AP
2026-04-08 13:41:04,1900-01-00 00:00:00,1019-wombat,B8:27:EB:7C:81:10,-54, WPA ,0.000000,0.000000,0.000,0.000,AP
2026-04-08 13:41:04,1900-01-00 00:00:00,1019-wombat,B8:27:EB:7C:81:10,-54, WPA ,0.000000,0.000000,0.000,0.000,AP
2026-04-08 13:41:05,1900-01-00 00:00:00,1019-wombat,B8:27:EB:7C:81:10,-52, WPA ,0.000000,0.000000,0.000,0.000,AP
2026-04-08 13:41:05,1900-01-00 00:00:00,1019-wombat,B8:27:EB:7C:81:10,-54, WPA ,0.000000,0.000000,0.000,0.000,AP
2026-04-08 13:41:05,1900-01-00 00:00:00,,C4:CB:76:AF:5C:A8,-52,,0.000000,0.000000,0.000,0.000,Client
2026-04-08 13:41:05,1900-01-00 00:00:00,1019-wombat,B8:27:EB:7C:81:10,-55, WPA ,0.000000,0.000000,0.000,0.000,AP
2026-04-08 13:41:05,1900-01-00 00:00:00,,C4:CB:76:AF:5C:A8,-50,,0.000000,0.000000,0.000,0.000,Client
2026-04-08 13:41:05,1900-01-00 00:00:00,1019-wombat,B8:27:EB:7C:81:10,-53, WPA ,0.000000,0.000000,0.000,0.000,AP
2026-04-08 13:41:05,1900-01-00 00:00:00,1019-wombat,B8:27:EB:7C:81:10,-54, WPA ,0.000000,0.000000,0.000,0.000,AP
2026-04-08 13:41:05,1900-01-00 00:00:00,,C4:CB:76:AF:5C:A8,-50,,0.000000,0.000000,0.000,0.000,Client
2026-04-08 13:41:05,1900-01-00 00:00:00,1019-wombat,B8:27:EB:7C:81:10,-53, WPA ,0.000000,0.000000,0.000,0.000,AP
2026-04-08 13:41:05,1900-01-00 00:00:00,1019-wombat,B8:27:EB:7C:81:10,-53, WPA ,0.000000,0.000000,0.000,0.000,AP
2026-04-08 13:41:05,1900-01-00 00:00:00,1019-wombat,B8:27:EB:7C:81:10,-51, WPA ,0.000000,0.000000,0.000,0.000,AP
2026-04-08 13:41:05,1900-01-00 00:00:00,1019-wombat,B8:27:EB:7C:81:10,-54, WPA ,0.000000,0.000000,0.000,0.000,AP
2026-04-08 13:41:05,1900-01-00 00:00:00,1019-wombat,B8:27:EB:7C:81:10,-54, WPA ,0.000000,0.000000,0.000,0.000,AP
2026-04-08 13:41:05,1900-01-00 00:00:00,1019-wombat,B8:27:EB:7C:81:10,-51, WPA ,0.000000,0.000000,0.000,0.000,AP
2026-04-08 13:41:05,1900-01-00 00:00:00,1019-wombat,B8:27:EB:7C:81:10,-53, WPA ,0.000000,0.000000,0.000,0.000,AP
2026-04-08 13:41:05,1900-01-00 00:00:00,,C4:CB:76:AF:5C:A8,-50,,0.000000,0.000000,0.000,0.000,Client
2026-04-08 13:41:05,1900-01-00 00:00:00,1019-wombat,B8:27:EB:7C:81:10,-53, WPA ,0.000000,0.000000,0.000,0.000,AP
2026-04-08 13:41:05,1900-01-00 00:00:00,,C4:CB:76:AF:5C:A8,-50,,0.000000,0.000000,0.000,0.000,Client
2026-04-08 13:41:05,1900-01-00 00:00:00,1019-wombat,B8:27:EB:7C:81:10,-54, WPA ,0.000000,0.000000,0.000,0.000,AP
2026-04-08 13:41:05,1900-01-00 00:00:00,,C4:CB:76:AF:5C:A8,-52,,0.000000,0.000000,0.000,0.000,Client
2026-04-08 13:41:05,1900-01-00 00:00:00,1019-wombat,B8:27:EB:7C:81:10,-53, WPA ,0.000000,0.000000,0.000,0.000,AP
2026-04-08 13:41:05,1900-01-00 00:00:00,,C4:CB:76:AF:5C:A8,-52,,0.000000,0.000000,0.000,0.000,Client
2026-04-08 13:41:05,1900-01-00 00:00:00,1019-wombat,B8:27:EB:7C:81:10,-54, WPA ,0.000000,0.000000,0.000,0.000,AP
2026-04-08 13:41:05,1900-01-00 00:00:00,1019-wombat,B8:27:EB:7C:81:10,-53, WPA ,0.000000,0.000000,0.000,0.000,AP
2026-04-08 13:41:05,1900-01-00 00:00:00,1019-wombat,B8:27:EB:7C:81:10,-54, WPA ,0.000000,0.000000,0.000,0.000,AP
2026-04-08 13:41:06,1900-01-00 00:00:00,,C4:CB:76:AF:5C:A8,-51,,0.000000,0.000000,0.000,0.000,Client
2026-04-08 13:41:06,1900-01-00 00:00:00,1019-wombat,B8:27:EB:7C:81:10,-54, WPA ,0.000000,0.000000,0.000,0.000,AP
2026-04-08 13:41:06,1900-01-00 00:00:00,1019-wombat,B8:27:EB:7C:81:10,-54, WPA ,0.000000,0.000000,0.000,0.000,AP
2026-04-08 13:41:06,1900-01-00 00:00:00,,C4:CB:76:AF:5C:A8,-52,,0.000000,0.000000,0.000,0.000,Client
2026-04-08 13:41:06,1900-01-00 00:00:00,,C4:CB:76:AF:5C:A8,-52,,0.000000,0.000000,0.000,0.000,Client
2026-04-08 13:41:06,1900-01-00 00:00:00,,C4:CB:76:AF:5C:A8,-50,,0.000000,0.000000,0.000,0.000,Client
2026-04-08 13:41:06,1900-01-00 00:00:00,1019-wombat,B8:27:EB:7C:81:10,-53, WPA ,0.000000,0.000000,0.000,0.000,AP
2026-04-08 13:41:06,1900-01-00 00:00:00,1019-wombat,B8:27:EB:7C:81:10,-52, WPA ,0.000000,0.000000,0.000,0.000,AP
2026-04-08 13:41:06,1900-01-00 00:00:00,1019-wombat,B8:27:EB:7C:81:10,-53, WPA ,0.000000,0.000000,0.000,0.000,AP
2026-04-08 13:41:06,1900-01-00 00:00:00,,C4:CB:76:AF:5C:A8,-52,,0.000000,0.000000,0.000,0.000,Client
2026-04-08 13:41:06,1900-01-00 00:00:00,1019-wombat,B8:27:EB:7C:81:10,-54, WPA ,0.000000,0.000000,0.000,0.000,AP
2026-04-08 13:41:06,1900-01-00 00:00:00,,C4:CB:76:AF:5C:A8,-53,,0.000000,0.000000,0.000,0.000,Client
2026-04-08 13:41:06,1900-01-00 00:00:00,1019-wombat,B8:27:EB:7C:81:10,-54, WPA ,0.000000,0.000000,0.000,0.000,AP
2026-04-08 13:41:06,1900-01-00 00:00:00,1019-wombat,B8:27:EB:7C:81:10,-54, WPA ,0.000000,0.000000,0.000,0.000,AP
2026-04-08 13:41:06,1900-01-00 00:00:00,,C4:CB:76:AF:5C:A8,-53,,0.000000,0.000000,0.000,0.000,Client
2026-04-08 13:41:06,1900-01-00 00:00:00,,C4:CB:76:AF:5C:A8,-54,,0.000000,0.000000,0.000,0.000,Client
2026-04-08 13:41:06,1900-01-00 00:00:00,1019-wombat,B8:27:EB:7C:81:10,-53, WPA ,0.000000,0.000000,0.000,0.000,AP
2026-04-08 13:41:06,1900-01-00 00:00:00,,C4:CB:76:AF:5C:A8,-54,,0.000000,0.000000,0.000,0.000,Client
2026-04-08 13:41:06,1900-01-00 00:00:00,1019-wombat,B8:27:EB:7C:81:10,-53, WPA ,0.000000,0.000000,0.000,0.000,AP
2026-04-08 13:41:06,1900-01-00 00:00:00,,C4:CB:76:AF:5C:A8,-52,,0.000000,0.000000,0.000,0.000,Client
2026-04-08 13:41:06,1900-01-00 00:00:00,,C4:CB:76:AF:5C:A8,-52,,0.000000,0.000000,0.000,0.000,Client
2026-04-08 13:41:06,1900-01-00 00:00:00,,C4:CB:76:AF:5C:A8,-52,,0.000000,0.000000,0.000,0.000,Client
2026-04-08 13:41:06,1900-01-00 00:00:00,1019-wombat,B8:27:EB:7C:81:10,-53, WPA ,0.000000,0.000000,0.000,0.000,AP
2026-04-08 13:41:06,1900-01-00 00:00:00,,C4:CB:76:AF:5C:A8,-52,,0.000000,0.000000,0.000,0.000,Client
2026-04-08 13:41:06,1900-01-00 00:00:00,1019-wombat,B8:27:EB:7C:81:10,-52, WPA ,0.000000,0.000000,0.000,0.000,AP
2026-04-08 13:41:06,1900-01-00 00:00:00,,C4:CB:76:AF:5C:A8,-53,,0.000000,0.000000,0.000,0.000,Client
2026-04-08 13:41:06,1900-01-00 00:00:00,,C4:CB:76:AF:5C:A8,-52,,0.000000,0.000000,0.000,0.000,Client
2026-04-08 13:41:06,1900-01-00 00:00:00,1019-wombat,B8:27:EB:7C:81:10,-53, WPA ,0.000000,0.000000,0.000,0.000,AP
2026-04-08 13:41:06,1900-01-00 00:00:00,,C4:CB:76:AF:5C:A8,-52,,0.000000,0.000000,0.000,0.000,Client
2026-04-08 13:41:07,1900-01-00 00:00:00,1019-wombat,B8:27:EB:7C:81:10,-53, WPA ,0.000000,0.000000,0.000,0.000,AP
2026-04-08 13:41:07,1900-01-00 00:00:00,1019-wombat,B8:27:EB:7C:81:10,-51, WPA ,0.000000,0.000000,0.000,0.000,AP
2026-04-08 13:41:07,1900-01-00 00:00:00,1019-wombat,B8:27:EB:7C:81:10,-52, WPA ,0.000000,0.000000,0.000,0.000,AP
2026-04-08 13:41:07,1900-01-00 00:00:00,1019-wombat,B8:27:EB:7C:81:10,-52, WPA ,0.000000,0.000000,0.000,0.000,AP
2026-04-08 13:41:07,1900-01-00 00:00:00,1019-wombat,B8:27:EB:7C:81:10,-52, WPA ,0.000000,0.000000,0.000,0.000,AP
2026-04-08 13:41:07,1900-01-00 00:00:00,1019-wombat,B8:27:EB:7C:81:10,-52, WPA ,0.000000,0.000000,0.000,0.000,AP
2026-04-08 13:41:07,1900-01-00 00:00:00,1019-wombat,B8:27:EB:7C:81:10,-52, WPA ,0.000000,0.000000,0.000,0.000,AP
2026-04-08 13:41:07,1900-01-00 00:00:00,1019-wombat,B8:27:EB:7C:81:10,-52, WPA ,0.000000,0.000000,0.000,0.000,AP
2026-04-08 13:41:07,1900-01-00 00:00:00,,C4:CB:76:AF:5C:A8,-51,,0.000000,0.000000,0.000,0.000,Client
2026-04-08 13:41:07,1900-01-00 00:00:00,1019-wombat,B8:27:EB:7C:81:10,-51, WPA ,0.000000,0.000000,0.000,0.000,AP
2026-04-08 13:41:07,1900-01-00 00:00:00,,C4:CB:76:AF:5C:A8,-51,,0.000000,0.000000,0.000,0.000,Client
2026-04-08 13:41:07,1900-01-00 00:00:00,1019-wombat,B8:27:EB:7C:81:10,-52, WPA ,0.000000,0.000000,0.000,0.000,AP
2026-04-08 13:41:08,1900-01-00 00:00:00,1019-wombat,B8:27:EB:7C:81:10,-52, WPA ,0.000000,0.000000,0.000,0.000,AP
2026-04-08 13:41:08,1900-01-00 00:00:00,1019-wombat,B8:27:EB:7C:81:10,-52, WPA ,0.000000,0.000000,0.000,0.000,AP
2026-04-08 13:41:08,1900-01-00 00:00:00,,C4:CB:76:AF:5C:A8,-51,,0.000000,0.000000,0.000,0.000,Client
2026-04-08 13:41:08,1900-01-00 00:00:00,1019-wombat,B8:27:EB:7C:81:10,-51, WPA ,0.000000,0.000000,0.000,0.000,AP
2026-04-08 13:41:08,1900-01-00 00:00:00,,C4:CB:76:AF:5C:A8,-51,,0.000000,0.000000,0.000,0.000,Client
2026-04-08 13:41:08,1900-01-00 00:00:00,1019-wombat,B8:27:EB:7C:81:10,-52, WPA ,0.000000,0.000000,0.000,0.000,AP
2026-04-08 13:41:08,1900-01-00 00:00:00,1019-wombat,B8:27:EB:7C:81:10,-52, WPA ,0.000000,0.000000,0.000,0.000,AP
2026-04-08 13:41:08,1900-01-00 00:00:00,,C4:CB:76:AF:5C:A8,-51,,0.000000,0.000000,0.000,0.000,Client
2026-04-08 13:41:08,1900-01-00 00:00:00,1019-wombat,B8:27:EB:7C:81:10,-51, WPA ,0.000000,0.000000,0.000,0.000,AP
2026-04-08 13:41:08,1900-01-00 00:00:00,,C4:CB:76:AF:5C:A8,-50,,0.000000,0.000000,0.000,0.000,Client
2026-04-08 13:41:08,1900-01-00 00:00:00,1019-wombat,B8:27:EB:7C:81:10,-53, WPA ,0.000000,0.000000,0.000,0.000,AP
2026-04-08 13:41:08,1900-01-00 00:00:00,1019-wombat,B8:27:EB:7C:81:10,-53, WPA ,0.000000,0.000000,0.000,0.000,AP
2026-04-08 13:41:08,1900-01-00 00:00:00,1019-wombat,B8:27:EB:7C:81:10,-52, WPA ,0.000000,0.000000,0.000,0.000,AP
2026-04-08 13:41:09,1900-01-00 00:00:00,,C4:CB:76:AF:5C:A8,-51,,0.000000,0.000000,0.000,0.000,Client
2026-04-08 13:41:09,1900-01-00 00:00:00,1019-wombat,B8:27:EB:7C:81:10,-51, WPA ,0.000000,0.000000,0.000,0.000,AP
2026-04-08 13:41:09,1900-01-00 00:00:00,,C4:CB:76:AF:5C:A8,-51,,0.000000,0.000000,0.000,0.000,Client
2026-04-08 13:41:09,1900-01-00 00:00:00,1019-wombat,B8:27:EB:7C:81:10,-50, WPA ,0.000000,0.000000,0.000,0.000,AP
2026-04-08 13:41:09,1900-01-00 00:00:00,1019-wombat,B8:27:EB:7C:81:10,-51, WPA ,0.000000,0.000000,0.000,0.000,AP
2026-04-08 13:41:09,1900-01-00 00:00:00,1019-wombat,B8:27:EB:7C:81:10,-53, WPA ,0.000000,0.000000,0.000,0.000,AP
2026-04-08 13:41:09,1900-01-00 00:00:00,1019-wombat,B8:27:EB:7C:81:10,-53, WPA ,0.000000,0.000000,0.000,0.000,AP
2026-04-08 13:41:09,1900-01-00 00:00:00,1019-wombat,B8:27:EB:7C:81:10,-53, WPA ,0.000000,0.000000,0.000,0.000,AP
2026-04-08 13:41:09,1900-01-00 00:00:00,1019-wombat,B8:27:EB:7C:81:10,-53, WPA ,0.000000,0.000000,0.000,0.000,AP
2026-04-08 13:41:09,1900-01-00 00:00:00,,C4:CB:76:AF:5C:A8,-52,,0.000000,0.000000,0.000,0.000,Client
2026-04-08 13:41:09,1900-01-00 00:00:00,1019-wombat,B8:27:EB:7C:81:10,-53, WPA ,0.000000,0.000000,0.000,0.000,AP
2026-04-08 13:41:09,1900-01-00 00:00:00,1019-wombat,B8:27:EB:7C:81:10,-53, WPA ,0.000000,0.000000,0.000,0.000,AP
2026-04-08 13:41:09,1900-01-00 00:00:00,1019-wombat,B8:27:EB:7C:81:10,-51, WPA ,0.000000,0.000000,0.000,0.000,AP
2026-04-08 13:41:09,1900-01-00 00:00:00,1019-wombat,B8:27:EB:7C:81:10,-53, WPA ,0.000000,0.000000,0.000,0.000,AP
2026-04-08 13:41:09,1900-01-00 00:00:00,1019-wombat,B8:27:EB:7C:81:10,-53, WPA ,0.000000,0.000000,0.000,0.000,AP
2026-04-08 13:41:09,1900-01-00 00:00:00,,C4:CB:76:AF:5C:A8,-52,,0.000000,0.000000,0.000,0.000,Client
2026-04-08 13:41:09,1900-01-00 00:00:00,,C4:CB:76:AF:5C:A8,-53,,0.000000,0.000000,0.000,0.000,Client
2026-04-08 13:41:10,1900-01-00 00:00:00,1019-wombat,B8:27:EB:7C:81:10,-52, WPA ,0.000000,0.000000,0.000,0.000,AP
2026-04-08 13:41:10,1900-01-00 00:00:00,,C4:CB:76:AF:5C:A8,-53,,0.000000,0.000000,0.000,0.000,Client
2026-04-08 13:41:10,1900-01-00 00:00:00,1019-wombat,B8:27:EB:7C:81:10,-53, WPA ,0.000000,0.000000,0.000,0.000,AP
2026-04-08 13:41:10,1900-01-00 00:00:00,1019-wombat,B8:27:EB:7C:81:10,-53, WPA ,0.000000,0.000000,0.000,0.000,AP
2026-04-08 13:41:10,1900-01-00 00:00:00,1019-wombat,B8:27:EB:7C:81:10,-54, WPA ,0.000000,0.000000,0.000,0.000,AP
2026-04-08 13:41:10,1900-01-00 00:00:00,1019-wombat,B8:27:EB:7C:81:10,-54, WPA ,0.000000,0.000000,0.000,0.000,AP
2026-04-08 13:41:10,1900-01-00 00:00:00,,C4:CB:76:AF:5C:A8,-52,,0.000000,0.000000,0.000,0.000,Client
2026-04-08 13:41:10,1900-01-00 00:00:00,1019-wombat,B8:27:EB:7C:81:10,-54, WPA ,0.000000,0.000000,0.000,0.000,AP
2026-04-08 13:41:10,1900-01-00 00:00:00,1019-wombat,B8:27:EB:7C:81:10,-54, WPA ,0.000000,0.000000,0.000,0.000,AP
2026-04-08 13:41:10,1900-01-00 00:00:00,1019-wombat,B8:27:EB:7C:81:10,-53, WPA ,0.000000,0.000000,0.000,0.000,AP
2026-04-08 13:41:10,1900-01-00 00:00:00,,C4:CB:76:AF:5C:A8,-52,,0.000000,0.000000,0.000,0.000,Client
2026-04-08 13:41:10,1900-01-00 00:00:00,1019-wombat,B8:27:EB:7C:81:10,-52, WPA ,0.000000,0.000000,0.000,0.000,AP
2026-04-08 13:41:10,1900-01-00 00:00:00,,C4:CB:76:AF:5C:A8,-52,,0.000000,0.000000,0.000,0.000,Client
2026-04-08 13:41:10,1900-01-00 00:00:00,1019-wombat,B8:27:EB:7C:81:10,-55, WPA ,0.000000,0.000000,0.000,0.000,AP
2026-04-08 13:41:11,1900-01-00 00:00:00,1019-wombat,B8:27:EB:7C:81:10,-55, WPA ,0.000000,0.000000,0.000,0.000,AP
2026-04-08 13:41:11,1900-01-00 00:00:00,1019-wombat,B8:27:EB:7C:81:10,-56, WPA ,0.000000,0.000000,0.000,0.000,AP
2026-04-08 13:41:11,1900-01-00 00:00:00,1019-wombat,B8:27:EB:7C:81:10,-55, WPA ,0.000000,0.000000,0.000,0.000,AP
2026-04-08 13:41:11,1900-01-00 00:00:00,1019-wombat,B8:27:EB:7C:81:10,-55, WPA ,0.000000,0.000000,0.000,0.000,AP
2026-04-08 13:41:11,1900-01-00 00:00:00,1019-wombat,B8:27:EB:7C:81:10,-55, WPA ,0.000000,0.000000,0.000,0.000,AP
2026-04-08 13:41:11,1900-01-00 00:00:00,,C4:CB:76:AF:5C:A8,-53,,0.000000,0.000000,0.000,0.000,Client
2026-04-08 13:41:11,1900-01-00 00:00:00,1019-wombat,B8:27:EB:7C:81:10,-52, WPA ,0.000000,0.000000,0.000,0.000,AP
2026-04-08 13:41:11,1900-01-00 00:00:00,1019-wombat,B8:27:EB:7C:81:10,-56, WPA ,0.000000,0.000000,0.000,0.000,AP
2026-04-08 13:41:11,1900-01-00 00:00:00,,C4:CB:76:AF:5C:A8,-53,,0.000000,0.000000,0.000,0.000,Client
2026-04-08 13:41:11,1900-01-00 00:00:00,1019-wombat,B8:27:EB:7C:81:10,-54, WPA ,0.000000,0.000000,0.000,0.000,AP
2026-04-08 13:41:11,1900-01-00 00:00:00,1019-wombat,B8:27:EB:7C:81:10,-54, WPA ,0.000000,0.000000,0.000,0.000,AP
2026-04-08 13:41:11,1900-01-00 00:00:00,1019-wombat,B8:27:EB:7C:81:10,-53, WPA ,0.000000,0.000000,0.000,0.000,AP
2026-04-08 13:41:12,1900-01-00 00:00:00,1019-wombat,B8:27:EB:7C:81:10,-52, WPA ,0.000000,0.000000,0.000,0.000,AP
2026-04-08 13:41:12,1900-01-00 00:00:00,1019-wombat,B8:27:EB:7C:81:10,-51, WPA ,0.000000,0.000000,0.000,0.000,AP
2026-04-08 13:41:12,1900-01-00 00:00:00,1019-wombat,B8:27:EB:7C:81:10,-51, WPA ,0.000000,0.000000,0.000,0.000,AP
2026-04-08 13:41:12,1900-01-00 00:00:00,1019-wombat,B8:27:EB:7C:81:10,-54, WPA ,0.000000,0.000000,0.000,0.000,AP
2026-04-08 13:41:12,1900-01-00 00:00:00,,C4:CB:76:AF:5C:A8,-50,,0.000000,0.000000,0.000,0.000,Client
2026-04-08 13:41:12,1900-01-00 00:00:00,1019-wombat,B8:27:EB:7C:81:10,-53, WPA ,0.000000,0.000000,0.000,0.000,AP
2026-04-08 13:41:12,1900-01-00 00:00:00,1019-wombat,B8:27:EB:7C:81:10,-52, WPA ,0.000000,0.000000,0.000,0.000,AP
2026-04-08 13:41:12,1900-01-00 00:00:00,1019-wombat,B8:27:EB:7C:81:10,-52, WPA ,0.000000,0.000000,0.000,0.000,AP
2026-04-08 13:41:12,1900-01-00 00:00:00,,C4:CB:76:AF:5C:A8,-48,,0.000000,0.000000,0.000,0.000,Client
2026-04-08 13:41:12,1900-01-00 00:00:00,1019-wombat,B8:27:EB:7C:81:10,-52, WPA ,0.000000,0.000000,0.000,0.000,AP
2026-04-08 13:41:12,1900-01-00 00:00:00,,C4:CB:76:AF:5C:A8,-49,,0.000000,0.000000,0.000,0.000,Client
2026-04-08 13:41:12,1900-01-00 00:00:00,1019-wombat,B8:27:EB:7C:81:10,-52, WPA ,0.000000,0.000000,0.000,0.000,AP
2026-04-08 13:41:13,1900-01-00 00:00:00,1019-wombat,B8:27:EB:7C:81:10,-52, WPA ,0.000000,0.000000,0.000,0.000,AP
2026-04-08 13:41:13,1900-01-00 00:00:00,1019-wombat,B8:27:EB:7C:81:10,-51, WPA ,0.000000,0.000000,0.000,0.000,AP
2026-04-08 13:41:13,1900-01-00 00:00:00,1019-wombat,B8:27:EB:7C:81:10,-52, WPA ,0.000000,0.000000,0.000,0.000,AP
2026-04-08 13:41:13,1900-01-00 00:00:00,1019-wombat,B8:27:EB:7C:81:10,-51, WPA ,0.000000,0.000000,0.000,0.000,AP
2026-04-08 13:41:13,1900-01-00 00:00:00,1019-wombat,B8:27:EB:7C:81:10,-52, WPA ,0.000000,0.000000,0.000,0.000,AP
2026-04-08 13:41:13,1900-01-00 00:00:00,1019-wombat,B8:27:EB:7C:81:10,-52, WPA ,0.000000,0.000000,0.000,0.000,AP
2026-04-08 13:41:13,1900-01-00 00:00:00,,C4:CB:76:AF:5C:A8,-49,,0.000000,0.000000,0.000,0.000,Client
2026-04-08 13:41:13,1900-01-00 00:00:00,1019-wombat,B8:27:EB:7C:81:10,-53, WPA ,0.000000,0.000000,0.000,0.000,AP
2026-04-08 13:41:13,1900-01-00 00:00:00,1019-wombat,B8:27:EB:7C:81:10,-52, WPA ,0.000000,0.000000,0.000,0.000,AP
2026-04-08 13:41:13,1900-01-00 00:00:00,1019-wombat,B8:27:EB:7C:81:10,-53, WPA ,0.000000,0.000000,0.000,0.000,AP
2026-04-08 13:41:13,1900-01-00 00:00:00,1019-wombat,B8:27:EB:7C:81:10,-53, WPA ,0.000000,0.000000,0.000,0.000,AP
2026-04-08 13:41:13,1900-01-00 00:00:00,,C4:CB:76:AF:5C:A8,-51,,0.000000,0.000000,0.000,0.000,Client
2026-04-08 13:41:13,1900-01-00 00:00:00,,C4:CB:76:AF:5C:A8,-51,,0.000000,0.000000,0.000,0.000,Client
2026-04-08 13:41:13,1900-01-00 00:00:00,1019-wombat,B8:27:EB:7C:81:10,-53, WPA ,0.000000,0.000000,0.000,0.000,AP
2026-04-08 13:41:13,1900-01-00 00:00:00,,C4:CB:76:AF:5C:A8,-52,,0.000000,0.000000,0.000,0.000,Client
2026-04-08 13:41:14,1900-01-00 00:00:00,1019-wombat,B8:27:EB:7C:81:10,-52, WPA ,0.000000,0.000000,0.000,0.000,AP
2026-04-08 13:41:14,1900-01-00 00:00:00,,C4:CB:76:AF:5C:A8,-53,,0.000000,0.000000,0.000,0.000,Client
2026-04-08 13:41:14,1900-01-00 00:00:00,1019-wombat,B8:27:EB:7C:81:10,-52, WPA ,0.000000,0.000000,0.000,0.000,AP
2026-04-08 13:41:14,1900-01-00 00:00:00,,C4:CB:76:AF:5C:A8,-53,,0.000000,0.000000,0.000,0.000,Client
2026-04-08 13:41:14,1900-01-00 00:00:00,1019-wombat,B8:27:EB:7C:81:10,-51, WPA ,0.000000,0.000000,0.000,0.000,AP
2026-04-08 13:41:14,1900-01-00 00:00:00,1019-wombat,B8:27:EB:7C:81:10,-53, WPA ,0.000000,0.000000,0.000,0.000,AP
2026-04-08 13:41:14,1900-01-00 00:00:00,1019-wombat,B8:27:EB:7C:81:10,-52, WPA ,0.000000,0.000000,0.000,0.000,AP
2026-04-08 13:41:14,1900-01-00 00:00:00,1019-wombat,B8:27:EB:7C:81:10,-52, WPA ,0.000000,0.000000,0.000,0.000,AP
2026-04-08 13:41:14,1900-01-00 00:00:00,1019-wombat,B8:27:EB:7C:81:10,-52, WPA ,0.000000,0.000000,0.000,0.000,AP
2026-04-08 13:41:14,1900-01-00 00:00:00,1019-wombat,B8:27:EB:7C:81:10,-52, WPA ,0.000000,0.000000,0.000,0.000,AP
2026-04-08 13:41:14,1900-01-00 00:00:00,1019-wombat,B8:27:EB:7C:81:10,-52, WPA ,0.000000,0.000000,0.000,0.000,AP
2026-04-08 13:41:14,1900-01-00 00:00:00,1019-wombat,B8:27:EB:7C:81:10,-52, WPA ,0.000000,0.000000,0.000,0.000,AP
