LocalTime, GPSTime, ESSID, BSSID, Power, Security, Latitude, Longitude, Latitude Error, Longitude Error, Type
2026-04-08 13:37:44,1900-01-00 00:00:00,,B8:27:EB:FA:FF:FC,-57, ,0.000000,0.000000,0.000,0.000,AP
2026-04-08 13:37:44,1900-01-00 00:00:00,1020-wombat,B8:27:EB:FA:FF:FC,-57, WPA ,0.000000,0.000000,0.000,0.000,AP
2026-04-08 13:37:44,1900-01-00 00:00:00,1020-wombat,B8:27:EB:FA:FF:FC,-57, WPA ,0.000000,0.000000,0.000,0.000,AP
2026-04-08 13:37:44,1900-01-00 00:00:00,1020-wombat,B8:27:EB:FA:FF:FC,-57, WPA ,0.000000,0.000000,0.000,0.000,AP
2026-04-08 13:37:44,1900-01-00 00:00:00,1020-wombat,B8:27:EB:FA:FF:FC,-58, WPA ,0.000000,0.000000,0.000,0.000,AP
2026-04-08 13:37:44,1900-01-00 00:00:00,1020-wombat,B8:27:EB:FA:FF:FC,-57, WPA ,0.000000,0.000000,0.000,0.000,AP
2026-04-08 13:37:45,1900-01-00 00:00:00,1020-wombat,B8:27:EB:FA:FF:FC,-58, WPA ,0.000000,0.000000,0.000,0.000,AP
2026-04-08 13:37:45,1900-01-00 00:00:00,1020-wombat,B8:27:EB:FA:FF:FC,-57, WPA ,0.000000,0.000000,0.000,0.000,AP
2026-04-08 13:37:45,1900-01-00 00:00:00,1020-wombat,B8:27:EB:FA:FF:FC,-58, WPA ,0.000000,0.000000,0.000,0.000,AP
2026-04-08 13:37:45,1900-01-00 00:00:00,1020-wombat,B8:27:EB:FA:FF:FC,-58, WPA ,0.000000,0.000000,0.000,0.000,AP
2026-04-08 13:37:45,1900-01-00 00:00:00,1020-wombat,B8:27:EB:FA:FF:FC,-57, WPA ,0.000000,0.000000,0.000,0.000,AP
2026-04-08 13:37:45,1900-01-00 00:00:00,1020-wombat,B8:27:EB:FA:FF:FC,-58, WPA ,0.000000,0.000000,0.000,0.000,AP
2026-04-08 13:37:45,1900-01-00 00:00:00,1020-wombat,B8:27:EB:FA:FF:FC,-58, WPA ,0.000000,0.000000,0.000,0.000,AP
2026-04-08 13:37:45,1900-01-00 00:00:00,1020-wombat,B8:27:EB:FA:FF:FC,-59, WPA ,0.000000,0.000000,0.000,0.000,AP
2026-04-08 13:37:45,1900-01-00 00:00:00,1020-wombat,B8:27:EB:FA:FF:FC,-58, WPA ,0.000000,0.000000,0.000,0.000,AP
2026-04-08 13:37:45,1900-01-00 00:00:00,1020-wombat,B8:27:EB:FA:FF:FC,-56, WPA ,0.000000,0.000000,0.000,0.000,AP
2026-04-08 13:37:45,1900-01-00 00:00:00,1020-wombat,B8:27:EB:FA:FF:FC,-54, WPA ,0.000000,0.000000,0.000,0.000,AP
2026-04-08 13:37:45,1900-01-00 00:00:00,1020-wombat,B8:27:EB:FA:FF:FC,-54, WPA ,0.000000,0.000000,0.000,0.000,AP
2026-04-08 13:37:45,1900-01-00 00:00:00,1020-wombat,B8:27:EB:FA:FF:FC,-55, WPA ,0.000000,0.000000,0.000,0.000,AP
2026-04-08 13:37:45,1900-01-00 00:00:00,1020-wombat,B8:27:EB:FA:FF:FC,-55, WPA ,0.000000,0.000000,0.000,0.000,AP
2026-04-08 13:37:45,1900-01-00 00:00:00,1020-wombat,B8:27:EB:FA:FF:FC,-54, WPA ,0.000000,0.000000,0.000,0.000,AP
2026-04-08 13:37:45,1900-01-00 00:00:00,1020-wombat,B8:27:EB:FA:FF:FC,-54, WPA ,0.000000,0.000000,0.000,0.000,AP
2026-04-08 13:37:45,1900-01-00 00:00:00,1020-wombat,B8:27:EB:FA:FF:FC,-54, WPA ,0.000000,0.000000,0.000,0.000,AP
2026-04-08 13:37:45,1900-01-00 00:00:00,1020-wombat,B8:27:EB:FA:FF:FC,-55, WPA ,0.000000,0.000000,0.000,0.000,AP
2026-04-08 13:37:45,1900-01-00 00:00:00,1020-wombat,B8:27:EB:FA:FF:FC,-56, WPA ,0.000000,0.000000,0.000,0.000,AP
2026-04-08 13:37:45,1900-01-00 00:00:00,1020-wombat,B8:27:EB:FA:FF:FC,-56, WPA ,0.000000,0.000000,0.000,0.000,AP
2026-04-08 13:37:45,1900-01-00 00:00:00,1020-wombat,B8:27:EB:FA:FF:FC,-57, WPA ,0.000000,0.000000,0.000,0.000,AP
2026-04-08 13:37:45,1900-01-00 00:00:00,1020-wombat,B8:27:EB:FA:FF:FC,-57, WPA ,0.000000,0.000000,0.000,0.000,AP
2026-04-08 13:37:46,1900-01-00 00:00:00,1020-wombat,B8:27:EB:FA:FF:FC,-58, WPA ,0.000000,0.000000,0.000,0.000,AP
2026-04-08 13:37:46,1900-01-00 00:00:00,1020-wombat,B8:27:EB:FA:FF:FC,-56, WPA ,0.000000,0.000000,0.000,0.000,AP
2026-04-08 13:37:46,1900-01-00 00:00:00,1020-wombat,B8:27:EB:FA:FF:FC,-55, WPA ,0.000000,0.000000,0.000,0.000,AP
2026-04-08 13:37:46,1900-01-00 00:00:00,1020-wombat,B8:27:EB:FA:FF:FC,-56, WPA ,0.000000,0.000000,0.000,0.000,AP
2026-04-08 13:37:46,1900-01-00 00:00:00,1020-wombat,B8:27:EB:FA:FF:FC,-54, WPA ,0.000000,0.000000,0.000,0.000,AP
2026-04-08 13:37:46,1900-01-00 00:00:00,1020-wombat,B8:27:EB:FA:FF:FC,-53, WPA ,0.000000,0.000000,0.000,0.000,AP
2026-04-08 13:37:46,1900-01-00 00:00:00,1020-wombat,B8:27:EB:FA:FF:FC,-52, WPA ,0.000000,0.000000,0.000,0.000,AP
2026-04-08 13:37:46,1900-01-00 00:00:00,1020-wombat,B8:27:EB:FA:FF:FC,-54, WPA ,0.000000,0.000000,0.000,0.000,AP
2026-04-08 13:37:46,1900-01-00 00:00:00,1020-wombat,B8:27:EB:FA:FF:FC,-54, WPA ,0.000000,0.000000,0.000,0.000,AP
2026-04-08 13:37:47,1900-01-00 00:00:00,1020-wombat,B8:27:EB:FA:FF:FC,-53, WPA ,0.000000,0.000000,0.000,0.000,AP
2026-04-08 13:37:47,1900-01-00 00:00:00,1020-wombat,B8:27:EB:FA:FF:FC,-52, WPA ,0.000000,0.000000,0.000,0.000,AP
2026-04-08 13:37:47,1900-01-00 00:00:00,1020-wombat,B8:27:EB:FA:FF:FC,-52, WPA ,0.000000,0.000000,0.000,0.000,AP
2026-04-08 13:37:47,1900-01-00 00:00:00,1020-wombat,B8:27:EB:FA:FF:FC,-54, WPA ,0.000000,0.000000,0.000,0.000,AP
2026-04-08 13:37:47,1900-01-00 00:00:00,1020-wombat,B8:27:EB:FA:FF:FC,-52, WPA ,0.000000,0.000000,0.000,0.000,AP
2026-04-08 13:37:47,1900-01-00 00:00:00,1020-wombat,B8:27:EB:FA:FF:FC,-55, WPA ,0.000000,0.000000,0.000,0.000,AP
2026-04-08 13:37:47,1900-01-00 00:00:00,1020-wombat,B8:27:EB:FA:FF:FC,-55, WPA ,0.000000,0.000000,0.000,0.000,AP
2026-04-08 13:37:47,1900-01-00 00:00:00,1020-wombat,B8:27:EB:FA:FF:FC,-54, WPA ,0.000000,0.000000,0.000,0.000,AP
2026-04-08 13:37:47,1900-01-00 00:00:00,1020-wombat,B8:27:EB:FA:FF:FC,-53, WPA ,0.000000,0.000000,0.000,0.000,AP
2026-04-08 13:37:47,1900-01-00 00:00:00,1020-wombat,B8:27:EB:FA:FF:FC,-54, WPA ,0.000000,0.000000,0.000,0.000,AP
2026-04-08 13:37:47,1900-01-00 00:00:00,1020-wombat,B8:27:EB:FA:FF:FC,-54, WPA ,0.000000,0.000000,0.000,0.000,AP
2026-04-08 13:37:47,1900-01-00 00:00:00,1020-wombat,B8:27:EB:FA:FF:FC,-52, WPA ,0.000000,0.000000,0.000,0.000,AP
2026-04-08 13:37:47,1900-01-00 00:00:00,1020-wombat,B8:27:EB:FA:FF:FC,-54, WPA ,0.000000,0.000000,0.000,0.000,AP
2026-04-08 13:37:47,1900-01-00 00:00:00,1020-wombat,B8:27:EB:FA:FF:FC,-51, WPA ,0.000000,0.000000,0.000,0.000,AP
2026-04-08 13:37:47,1900-01-00 00:00:00,1020-wombat,B8:27:EB:FA:FF:FC,-50, WPA ,0.000000,0.000000,0.000,0.000,AP
2026-04-08 13:37:47,1900-01-00 00:00:00,1020-wombat,B8:27:EB:FA:FF:FC,-48, WPA ,0.000000,0.000000,0.000,0.000,AP
2026-04-08 13:37:47,1900-01-00 00:00:00,1020-wombat,B8:27:EB:FA:FF:FC,-51, WPA ,0.000000,0.000000,0.000,0.000,AP
2026-04-08 13:37:48,1900-01-00 00:00:00,1020-wombat,B8:27:EB:FA:FF:FC,-54, WPA ,0.000000,0.000000,0.000,0.000,AP
2026-04-08 13:37:48,1900-01-00 00:00:00,1020-wombat,B8:27:EB:FA:FF:FC,-55, WPA ,0.000000,0.000000,0.000,0.000,AP
2026-04-08 13:37:48,1900-01-00 00:00:00,1020-wombat,B8:27:EB:FA:FF:FC,-55, WPA ,0.000000,0.000000,0.000,0.000,AP
2026-04-08 13:37:48,1900-01-00 00:00:00,1020-wombat,B8:27:EB:FA:FF:FC,-53, WPA ,0.000000,0.000000,0.000,0.000,AP
2026-04-08 13:37:48,1900-01-00 00:00:00,1020-wombat,B8:27:EB:FA:FF:FC,-53, WPA ,0.000000,0.000000,0.000,0.000,AP
2026-04-08 13:37:48,1900-01-00 00:00:00,1020-wombat,B8:27:EB:FA:FF:FC,-52, WPA ,0.000000,0.000000,0.000,0.000,AP
2026-04-08 13:37:48,1900-01-00 00:00:00,1020-wombat,B8:27:EB:FA:FF:FC,-54, WPA ,0.000000,0.000000,0.000,0.000,AP
2026-04-08 13:37:48,1900-01-00 00:00:00,1020-wombat,B8:27:EB:FA:FF:FC,-56, WPA ,0.000000,0.000000,0.000,0.000,AP
2026-04-08 13:37:48,1900-01-00 00:00:00,1020-wombat,B8:27:EB:FA:FF:FC,-55, WPA ,0.000000,0.000000,0.000,0.000,AP
2026-04-08 13:37:48,1900-01-00 00:00:00,1020-wombat,B8:27:EB:FA:FF:FC,-57, WPA ,0.000000,0.000000,0.000,0.000,AP
2026-04-08 13:37:48,1900-01-00 00:00:00,1020-wombat,B8:27:EB:FA:FF:FC,-57, WPA ,0.000000,0.000000,0.000,0.000,AP
2026-04-08 13:37:48,1900-01-00 00:00:00,1020-wombat,B8:27:EB:FA:FF:FC,-57, WPA ,0.000000,0.000000,0.000,0.000,AP
2026-04-08 13:37:49,1900-01-00 00:00:00,1020-wombat,B8:27:EB:FA:FF:FC,-58, WPA ,0.000000,0.000000,0.000,0.000,AP
2026-04-08 13:37:49,1900-01-00 00:00:00,1020-wombat,B8:27:EB:FA:FF:FC,-54, WPA ,0.000000,0.000000,0.000,0.000,AP
2026-04-08 13:37:49,1900-01-00 00:00:00,1020-wombat,B8:27:EB:FA:FF:FC,-55, WPA ,0.000000,0.000000,0.000,0.000,AP
2026-04-08 13:37:49,1900-01-00 00:00:00,1020-wombat,B8:27:EB:FA:FF:FC,-54, WPA ,0.000000,0.000000,0.000,0.000,AP
2026-04-08 13:37:49,1900-01-00 00:00:00,1020-wombat,B8:27:EB:FA:FF:FC,-55, WPA ,0.000000,0.000000,0.000,0.000,AP
2026-04-08 13:37:49,1900-01-00 00:00:00,1020-wombat,B8:27:EB:FA:FF:FC,-55, WPA ,0.000000,0.000000,0.000,0.000,AP
2026-04-08 13:37:49,1900-01-00 00:00:00,1020-wombat,B8:27:EB:FA:FF:FC,-55, WPA ,0.000000,0.000000,0.000,0.000,AP
2026-04-08 13:37:49,1900-01-00 00:00:00,1020-wombat,B8:27:EB:FA:FF:FC,-55, WPA ,0.000000,0.000000,0.000,0.000,AP
2026-04-08 13:37:49,1900-01-00 00:00:00,1020-wombat,B8:27:EB:FA:FF:FC,-56, WPA ,0.000000,0.000000,0.000,0.000,AP
2026-04-08 13:37:49,1900-01-00 00:00:00,1020-wombat,B8:27:EB:FA:FF:FC,-56, WPA ,0.000000,0.000000,0.000,0.000,AP
2026-04-08 13:37:49,1900-01-00 00:00:00,1020-wombat,B8:27:EB:FA:FF:FC,-56, WPA ,0.000000,0.000000,0.000,0.000,AP
2026-04-08 13:37:49,1900-01-00 00:00:00,1020-wombat,B8:27:EB:FA:FF:FC,-57, WPA ,0.000000,0.000000,0.000,0.000,AP
2026-04-08 13:37:49,1900-01-00 00:00:00,1020-wombat,B8:27:EB:FA:FF:FC,-57, WPA ,0.000000,0.000000,0.000,0.000,AP
2026-04-08 13:37:49,1900-01-00 00:00:00,1020-wombat,B8:27:EB:FA:FF:FC,-58, WPA ,0.000000,0.000000,0.000,0.000,AP
2026-04-08 13:37:49,1900-01-00 00:00:00,1020-wombat,B8:27:EB:FA:FF:FC,-59, WPA ,0.000000,0.000000,0.000,0.000,AP
2026-04-08 13:37:49,1900-01-00 00:00:00,1020-wombat,B8:27:EB:FA:FF:FC,-56, WPA ,0.000000,0.000000,0.000,0.000,AP
2026-04-08 13:37:49,1900-01-00 00:00:00,1020-wombat,B8:27:EB:FA:FF:FC,-58, WPA ,0.000000,0.000000,0.000,0.000,AP
2026-04-08 13:37:49,1900-01-00 00:00:00,1020-wombat,B8:27:EB:FA:FF:FC,-57, WPA ,0.000000,0.000000,0.000,0.000,AP
2026-04-08 13:37:49,1900-01-00 00:00:00,1020-wombat,B8:27:EB:FA:FF:FC,-57, WPA ,0.000000,0.000000,0.000,0.000,AP
2026-04-08 13:37:49,1900-01-00 00:00:00,1020-wombat,B8:27:EB:FA:FF:FC,-56, WPA ,0.000000,0.000000,0.000,0.000,AP
2026-04-08 13:37:49,1900-01-00 00:00:00,1020-wombat,B8:27:EB:FA:FF:FC,-59, WPA ,0.000000,0.000000,0.000,0.000,AP
2026-04-08 13:37:49,1900-01-00 00:00:00,1020-wombat,B8:27:EB:FA:FF:FC,-59, WPA ,0.000000,0.000000,0.000,0.000,AP
2026-04-08 13:37:49,1900-01-00 00:00:00,1020-wombat,B8:27:EB:FA:FF:FC,-46, WPA ,0.000000,0.000000,0.000,0.000,AP
2026-04-08 13:37:49,1900-01-00 00:00:00,1020-wombat,B8:27:EB:FA:FF:FC,-30, WPA ,0.000000,0.000000,0.000,0.000,AP
2026-04-08 13:37:49,1900-01-00 00:00:00,1020-wombat,B8:27:EB:FA:FF:FC,-57, WPA ,0.000000,0.000000,0.000,0.000,AP
2026-04-08 13:37:49,1900-01-00 00:00:00,1020-wombat,B8:27:EB:FA:FF:FC,-31, WPA ,0.000000,0.000000,0.000,0.000,AP
2026-04-08 13:37:49,1900-01-00 00:00:00,1020-wombat,B8:27:EB:FA:FF:FC,-31, WPA ,0.000000,0.000000,0.000,0.000,AP
2026-04-08 13:37:49,1900-01-00 00:00:00,1020-wombat,B8:27:EB:FA:FF:FC,-31, WPA ,0.000000,0.000000,0.000,0.000,AP
2026-04-08 13:37:49,1900-01-00 00:00:00,1020-wombat,B8:27:EB:FA:FF:FC,-31, WPA ,0.000000,0.000000,0.000,0.000,AP
2026-04-08 13:37:49,1900-01-00 00:00:00,1020-wombat,B8:27:EB:FA:FF:FC,-31, WPA ,0.000000,0.000000,0.000,0.000,AP
2026-04-08 13:37:49,1900-01-00 00:00:00,1020-wombat,B8:27:EB:FA:FF:FC,-31, WPA ,0.000000,0.000000,0.000,0.000,AP
2026-04-08 13:37:49,1900-01-00 00:00:00,1020-wombat,B8:27:EB:FA:FF:FC,-56, WPA ,0.000000,0.000000,0.000,0.000,AP
2026-04-08 13:37:49,1900-01-00 00:00:00,1020-wombat,B8:27:EB:FA:FF:FC,-47, WPA ,0.000000,0.000000,0.000,0.000,AP
2026-04-08 13:37:49,1900-01-00 00:00:00,1020-wombat,B8:27:EB:FA:FF:FC,-47, WPA ,0.000000,0.000000,0.000,0.000,AP
2026-04-08 13:37:49,1900-01-00 00:00:00,1020-wombat,B8:27:EB:FA:FF:FC,-47, WPA ,0.000000,0.000000,0.000,0.000,AP
2026-04-08 13:37:49,1900-01-00 00:00:00,1020-wombat,B8:27:EB:FA:FF:FC,-47, WPA ,0.000000,0.000000,0.000,0.000,AP
2026-04-08 13:37:49,1900-01-00 00:00:00,1020-wombat,B8:27:EB:FA:FF:FC,-47, WPA ,0.000000,0.000000,0.000,0.000,AP
2026-04-08 13:37:49,1900-01-00 00:00:00,1020-wombat,B8:27:EB:FA:FF:FC,-47, WPA ,0.000000,0.000000,0.000,0.000,AP
2026-04-08 13:37:49,1900-01-00 00:00:00,1020-wombat,B8:27:EB:FA:FF:FC,-47, WPA ,0.000000,0.000000,0.000,0.000,AP
2026-04-08 13:37:49,1900-01-00 00:00:00,1020-wombat,B8:27:EB:FA:FF:FC,-47, WPA ,0.000000,0.000000,0.000,0.000,AP
2026-04-08 13:37:49,1900-01-00 00:00:00,1020-wombat,B8:27:EB:FA:FF:FC,-47, WPA ,0.000000,0.000000,0.000,0.000,AP
2026-04-08 13:37:49,1900-01-00 00:00:00,1020-wombat,B8:27:EB:FA:FF:FC,-47, WPA ,0.000000,0.000000,0.000,0.000,AP
2026-04-08 13:37:49,1900-01-00 00:00:00,1020-wombat,B8:27:EB:FA:FF:FC,-47, WPA ,0.000000,0.000000,0.000,0.000,AP
2026-04-08 13:37:49,1900-01-00 00:00:00,1020-wombat,B8:27:EB:FA:FF:FC,-47, WPA ,0.000000,0.000000,0.000,0.000,AP
2026-04-08 13:37:49,1900-01-00 00:00:00,1020-wombat,B8:27:EB:FA:FF:FC,-47, WPA ,0.000000,0.000000,0.000,0.000,AP
2026-04-08 13:37:49,1900-01-00 00:00:00,1020-wombat,B8:27:EB:FA:FF:FC,-47, WPA ,0.000000,0.000000,0.000,0.000,AP
2026-04-08 13:37:49,1900-01-00 00:00:00,1020-wombat,B8:27:EB:FA:FF:FC,-47, WPA ,0.000000,0.000000,0.000,0.000,AP
2026-04-08 13:37:49,1900-01-00 00:00:00,1020-wombat,B8:27:EB:FA:FF:FC,-44, WPA ,0.000000,0.000000,0.000,0.000,AP
2026-04-08 13:37:49,1900-01-00 00:00:00,1020-wombat,B8:27:EB:FA:FF:FC,-44, WPA ,0.000000,0.000000,0.000,0.000,AP
2026-04-08 13:37:49,1900-01-00 00:00:00,1020-wombat,B8:27:EB:FA:FF:FC,-44, WPA ,0.000000,0.000000,0.000,0.000,AP
2026-04-08 13:37:49,1900-01-00 00:00:00,1020-wombat,B8:27:EB:FA:FF:FC,-44, WPA ,0.000000,0.000000,0.000,0.000,AP
2026-04-08 13:37:49,1900-01-00 00:00:00,1020-wombat,B8:27:EB:FA:FF:FC,-44, WPA ,0.000000,0.000000,0.000,0.000,AP
2026-04-08 13:37:49,1900-01-00 00:00:00,1020-wombat,B8:27:EB:FA:FF:FC,-44, WPA ,0.000000,0.000000,0.000,0.000,AP
2026-04-08 13:37:49,1900-01-00 00:00:00,1020-wombat,B8:27:EB:FA:FF:FC,-44, WPA ,0.000000,0.000000,0.000,0.000,AP
2026-04-08 13:37:49,1900-01-00 00:00:00,1020-wombat,B8:27:EB:FA:FF:FC,-44, WPA ,0.000000,0.000000,0.000,0.000,AP
2026-04-08 13:37:49,1900-01-00 00:00:00,1020-wombat,B8:27:EB:FA:FF:FC,-44, WPA ,0.000000,0.000000,0.000,0.000,AP
2026-04-08 13:37:49,1900-01-00 00:00:00,1020-wombat,B8:27:EB:FA:FF:FC,-44, WPA ,0.000000,0.000000,0.000,0.000,AP
2026-04-08 13:37:49,1900-01-00 00:00:00,1020-wombat,B8:27:EB:FA:FF:FC,-44, WPA ,0.000000,0.000000,0.000,0.000,AP
2026-04-08 13:37:49,1900-01-00 00:00:00,1020-wombat,B8:27:EB:FA:FF:FC,-59, WPA ,0.000000,0.000000,0.000,0.000,AP
2026-04-08 13:37:49,1900-01-00 00:00:00,1020-wombat,B8:27:EB:FA:FF:FC,-57, WPA ,0.000000,0.000000,0.000,0.000,AP
2026-04-08 13:37:49,1900-01-00 00:00:00,1020-wombat,B8:27:EB:FA:FF:FC,-59, WPA ,0.000000,0.000000,0.000,0.000,AP
2026-04-08 13:37:49,1900-01-00 00:00:00,1020-wombat,B8:27:EB:FA:FF:FC,-59, WPA ,0.000000,0.000000,0.000,0.000,AP
2026-04-08 13:37:49,1900-01-00 00:00:00,1020-wombat,B8:27:EB:FA:FF:FC,-56, WPA ,0.000000,0.000000,0.000,0.000,AP
2026-04-08 13:37:49,1900-01-00 00:00:00,1020-wombat,B8:27:EB:FA:FF:FC,-56, WPA ,0.000000,0.000000,0.000,0.000,AP
2026-04-08 13:37:49,1900-01-00 00:00:00,1020-wombat,B8:27:EB:FA:FF:FC,-56, WPA ,0.000000,0.000000,0.000,0.000,AP
2026-04-08 13:37:49,1900-01-00 00:00:00,1020-wombat,B8:27:EB:FA:FF:FC,-56, WPA ,0.000000,0.000000,0.000,0.000,AP
2026-04-08 13:37:49,1900-01-00 00:00:00,1020-wombat,B8:27:EB:FA:FF:FC,-56, WPA ,0.000000,0.000000,0.000,0.000,AP
2026-04-08 13:37:49,1900-01-00 00:00:00,1020-wombat,B8:27:EB:FA:FF:FC,-56, WPA ,0.000000,0.000000,0.000,0.000,AP
2026-04-08 13:37:49,1900-01-00 00:00:00,1020-wombat,B8:27:EB:FA:FF:FC,-56, WPA ,0.000000,0.000000,0.000,0.000,AP
2026-04-08 13:37:49,1900-01-00 00:00:00,1020-wombat,B8:27:EB:FA:FF:FC,-56, WPA ,0.000000,0.000000,0.000,0.000,AP
2026-04-08 13:37:49,1900-01-00 00:00:00,1020-wombat,B8:27:EB:FA:FF:FC,-56, WPA ,0.000000,0.000000,0.000,0.000,AP
2026-04-08 13:37:49,1900-01-00 00:00:00,1020-wombat,B8:27:EB:FA:FF:FC,-56, WPA ,0.000000,0.000000,0.000,0.000,AP
2026-04-08 13:37:49,1900-01-00 00:00:00,1020-wombat,B8:27:EB:FA:FF:FC,-47, WPA ,0.000000,0.000000,0.000,0.000,AP
2026-04-08 13:37:49,1900-01-00 00:00:00,1020-wombat,B8:27:EB:FA:FF:FC,-47, WPA ,0.000000,0.000000,0.000,0.000,AP
2026-04-08 13:37:49,1900-01-00 00:00:00,1020-wombat,B8:27:EB:FA:FF:FC,-47, WPA ,0.000000,0.000000,0.000,0.000,AP
2026-04-08 13:37:49,1900-01-00 00:00:00,1020-wombat,B8:27:EB:FA:FF:FC,-47, WPA ,0.000000,0.000000,0.000,0.000,AP
2026-04-08 13:37:49,1900-01-00 00:00:00,1020-wombat,B8:27:EB:FA:FF:FC,-47, WPA ,0.000000,0.000000,0.000,0.000,AP
2026-04-08 13:37:49,1900-01-00 00:00:00,1020-wombat,B8:27:EB:FA:FF:FC,-47, WPA ,0.000000,0.000000,0.000,0.000,AP
2026-04-08 13:37:49,1900-01-00 00:00:00,1020-wombat,B8:27:EB:FA:FF:FC,-47, WPA ,0.000000,0.000000,0.000,0.000,AP
2026-04-08 13:37:49,1900-01-00 00:00:00,1020-wombat,B8:27:EB:FA:FF:FC,-47, WPA ,0.000000,0.000000,0.000,0.000,AP
2026-04-08 13:37:49,1900-01-00 00:00:00,1020-wombat,B8:27:EB:FA:FF:FC,-47, WPA ,0.000000,0.000000,0.000,0.000,AP
2026-04-08 13:37:49,1900-01-00 00:00:00,1020-wombat,B8:27:EB:FA:FF:FC,-56, WPA ,0.000000,0.000000,0.000,0.000,AP
2026-04-08 13:37:49,1900-01-00 00:00:00,1020-wombat,B8:27:EB:FA:FF:FC,-56, WPA ,0.000000,0.000000,0.000,0.000,AP
2026-04-08 13:37:49,1900-01-00 00:00:00,1020-wombat,B8:27:EB:FA:FF:FC,-56, WPA ,0.000000,0.000000,0.000,0.000,AP
2026-04-08 13:37:49,1900-01-00 00:00:00,1020-wombat,B8:27:EB:FA:FF:FC,-56, WPA ,0.000000,0.000000,0.000,0.000,AP
2026-04-08 13:37:49,1900-01-00 00:00:00,1020-wombat,B8:27:EB:FA:FF:FC,-56, WPA ,0.000000,0.000000,0.000,0.000,AP
2026-04-08 13:37:49,1900-01-00 00:00:00,1020-wombat,B8:27:EB:FA:FF:FC,-56, WPA ,0.000000,0.000000,0.000,0.000,AP
2026-04-08 13:37:49,1900-01-00 00:00:00,1020-wombat,B8:27:EB:FA:FF:FC,-55, WPA ,0.000000,0.000000,0.000,0.000,AP
2026-04-08 13:37:49,1900-01-00 00:00:00,1020-wombat,B8:27:EB:FA:FF:FC,-55, WPA ,0.000000,0.000000,0.000,0.000,AP
2026-04-08 13:37:49,1900-01-00 00:00:00,1020-wombat,B8:27:EB:FA:FF:FC,-55, WPA ,0.000000,0.000000,0.000,0.000,AP
2026-04-08 13:37:49,1900-01-00 00:00:00,1020-wombat,B8:27:EB:FA:FF:FC,-55, WPA ,0.000000,0.000000,0.000,0.000,AP
2026-04-08 13:37:49,1900-01-00 00:00:00,1020-wombat,B8:27:EB:FA:FF:FC,-55, WPA ,0.000000,0.000000,0.000,0.000,AP
2026-04-08 13:37:49,1900-01-00 00:00:00,1020-wombat,B8:27:EB:FA:FF:FC,-55, WPA ,0.000000,0.000000,0.000,0.000,AP
2026-04-08 13:37:49,1900-01-00 00:00:00,1020-wombat,B8:27:EB:FA:FF:FC,-55, WPA ,0.000000,0.000000,0.000,0.000,AP
2026-04-08 13:37:49,1900-01-00 00:00:00,1020-wombat,B8:27:EB:FA:FF:FC,-55, WPA ,0.000000,0.000000,0.000,0.000,AP
2026-04-08 13:37:49,1900-01-00 00:00:00,1020-wombat,B8:27:EB:FA:FF:FC,-55, WPA ,0.000000,0.000000,0.000,0.000,AP
2026-04-08 13:37:49,1900-01-00 00:00:00,1020-wombat,B8:27:EB:FA:FF:FC,-55, WPA ,0.000000,0.000000,0.000,0.000,AP
2026-04-08 13:37:49,1900-01-00 00:00:00,1020-wombat,B8:27:EB:FA:FF:FC,-55, WPA ,0.000000,0.000000,0.000,0.000,AP
2026-04-08 13:37:49,1900-01-00 00:00:00,1020-wombat,B8:27:EB:FA:FF:FC,-55, WPA ,0.000000,0.000000,0.000,0.000,AP
2026-04-08 13:37:50,1900-01-00 00:00:00,1020-wombat,B8:27:EB:FA:FF:FC,-45, WPA ,0.000000,0.000000,0.000,0.000,AP
2026-04-08 13:37:50,1900-01-00 00:00:00,1020-wombat,B8:27:EB:FA:FF:FC,-45, WPA ,0.000000,0.000000,0.000,0.000,AP
2026-04-08 13:37:50,1900-01-00 00:00:00,1020-wombat,B8:27:EB:FA:FF:FC,-45, WPA ,0.000000,0.000000,0.000,0.000,AP
2026-04-08 13:37:50,1900-01-00 00:00:00,1020-wombat,B8:27:EB:FA:FF:FC,-45, WPA ,0.000000,0.000000,0.000,0.000,AP
2026-04-08 13:37:50,1900-01-00 00:00:00,1020-wombat,B8:27:EB:FA:FF:FC,-45, WPA ,0.000000,0.000000,0.000,0.000,AP
2026-04-08 13:37:50,1900-01-00 00:00:00,1020-wombat,B8:27:EB:FA:FF:FC,-45, WPA ,0.000000,0.000000,0.000,0.000,AP
2026-04-08 13:37:50,1900-01-00 00:00:00,1020-wombat,B8:27:EB:FA:FF:FC,-45, WPA ,0.000000,0.000000,0.000,0.000,AP
2026-04-08 13:37:50,1900-01-00 00:00:00,1020-wombat,B8:27:EB:FA:FF:FC,-45, WPA ,0.000000,0.000000,0.000,0.000,AP
2026-04-08 13:37:50,1900-01-00 00:00:00,1020-wombat,B8:27:EB:FA:FF:FC,-45, WPA ,0.000000,0.000000,0.000,0.000,AP
2026-04-08 13:37:50,1900-01-00 00:00:00,1020-wombat,B8:27:EB:FA:FF:FC,-45, WPA ,0.000000,0.000000,0.000,0.000,AP
2026-04-08 13:37:50,1900-01-00 00:00:00,1020-wombat,B8:27:EB:FA:FF:FC,-57, WPA ,0.000000,0.000000,0.000,0.000,AP
2026-04-08 13:37:50,1900-01-00 00:00:00,1020-wombat,B8:27:EB:FA:FF:FC,-60, WPA ,0.000000,0.000000,0.000,0.000,AP
2026-04-08 13:37:50,1900-01-00 00:00:00,1020-wombat,B8:27:EB:FA:FF:FC,-60, WPA ,0.000000,0.000000,0.000,0.000,AP
2026-04-08 13:37:50,1900-01-00 00:00:00,1020-wombat,B8:27:EB:FA:FF:FC,-60, WPA ,0.000000,0.000000,0.000,0.000,AP
2026-04-08 13:37:50,1900-01-00 00:00:00,1020-wombat,B8:27:EB:FA:FF:FC,-60, WPA ,0.000000,0.000000,0.000,0.000,AP
2026-04-08 13:37:50,1900-01-00 00:00:00,1020-wombat,B8:27:EB:FA:FF:FC,-60, WPA ,0.000000,0.000000,0.000,0.000,AP
2026-04-08 13:37:50,1900-01-00 00:00:00,1020-wombat,B8:27:EB:FA:FF:FC,-60, WPA ,0.000000,0.000000,0.000,0.000,AP
2026-04-08 13:37:50,1900-01-00 00:00:00,1020-wombat,B8:27:EB:FA:FF:FC,-60, WPA ,0.000000,0.000000,0.000,0.000,AP
2026-04-08 13:37:50,1900-01-00 00:00:00,1020-wombat,B8:27:EB:FA:FF:FC,-60, WPA ,0.000000,0.000000,0.000,0.000,AP
2026-04-08 13:37:50,1900-01-00 00:00:00,1020-wombat,B8:27:EB:FA:FF:FC,-60, WPA ,0.000000,0.000000,0.000,0.000,AP
2026-04-08 13:37:50,1900-01-00 00:00:00,1020-wombat,B8:27:EB:FA:FF:FC,-60, WPA ,0.000000,0.000000,0.000,0.000,AP
2026-04-08 13:37:50,1900-01-00 00:00:00,1020-wombat,B8:27:EB:FA:FF:FC,-60, WPA ,0.000000,0.000000,0.000,0.000,AP
2026-04-08 13:37:50,1900-01-00 00:00:00,1020-wombat,B8:27:EB:FA:FF:FC,-60, WPA ,0.000000,0.000000,0.000,0.000,AP
2026-04-08 13:37:50,1900-01-00 00:00:00,1020-wombat,B8:27:EB:FA:FF:FC,-47, WPA ,0.000000,0.000000,0.000,0.000,AP
2026-04-08 13:37:50,1900-01-00 00:00:00,1020-wombat,B8:27:EB:FA:FF:FC,-30, WPA ,0.000000,0.000000,0.000,0.000,AP
2026-04-08 13:37:50,1900-01-00 00:00:00,1020-wombat,B8:27:EB:FA:FF:FC,-30, WPA ,0.000000,0.000000,0.000,0.000,AP
2026-04-08 13:37:50,1900-01-00 00:00:00,1020-wombat,B8:27:EB:FA:FF:FC,-30, WPA ,0.000000,0.000000,0.000,0.000,AP
2026-04-08 13:37:50,1900-01-00 00:00:00,1020-wombat,B8:27:EB:FA:FF:FC,-30, WPA ,0.000000,0.000000,0.000,0.000,AP
2026-04-08 13:37:50,1900-01-00 00:00:00,1020-wombat,B8:27:EB:FA:FF:FC,-30, WPA ,0.000000,0.000000,0.000,0.000,AP
2026-04-08 13:37:50,1900-01-00 00:00:00,1020-wombat,B8:27:EB:FA:FF:FC,-30, WPA ,0.000000,0.000000,0.000,0.000,AP
2026-04-08 13:37:50,1900-01-00 00:00:00,1020-wombat,B8:27:EB:FA:FF:FC,-30, WPA ,0.000000,0.000000,0.000,0.000,AP
2026-04-08 13:37:50,1900-01-00 00:00:00,1020-wombat,B8:27:EB:FA:FF:FC,-54, WPA ,0.000000,0.000000,0.000,0.000,AP
2026-04-08 13:37:50,1900-01-00 00:00:00,1020-wombat,B8:27:EB:FA:FF:FC,-56, WPA ,0.000000,0.000000,0.000,0.000,AP
2026-04-08 13:37:50,1900-01-00 00:00:00,1020-wombat,B8:27:EB:FA:FF:FC,-56, WPA ,0.000000,0.000000,0.000,0.000,AP
2026-04-08 13:37:50,1900-01-00 00:00:00,1020-wombat,B8:27:EB:FA:FF:FC,-54, WPA ,0.000000,0.000000,0.000,0.000,AP
2026-04-08 13:37:50,1900-01-00 00:00:00,1020-wombat,B8:27:EB:FA:FF:FC,-54, WPA ,0.000000,0.000000,0.000,0.000,AP
2026-04-08 13:37:50,1900-01-00 00:00:00,1020-wombat,B8:27:EB:FA:FF:FC,-53, WPA ,0.000000,0.000000,0.000,0.000,AP
2026-04-08 13:37:50,1900-01-00 00:00:00,1020-wombat,B8:27:EB:FA:FF:FC,-53, WPA ,0.000000,0.000000,0.000,0.000,AP
2026-04-08 13:37:50,1900-01-00 00:00:00,1020-wombat,B8:27:EB:FA:FF:FC,-53, WPA ,0.000000,0.000000,0.000,0.000,AP
2026-04-08 13:37:50,1900-01-00 00:00:00,1020-wombat,B8:27:EB:FA:FF:FC,-53, WPA ,0.000000,0.000000,0.000,0.000,AP
2026-04-08 13:37:50,1900-01-00 00:00:00,1020-wombat,B8:27:EB:FA:FF:FC,-54, WPA ,0.000000,0.000000,0.000,0.000,AP
2026-04-08 13:37:50,1900-01-00 00:00:00,1020-wombat,B8:27:EB:FA:FF:FC,-47, WPA ,0.000000,0.000000,0.000,0.000,AP
2026-04-08 13:37:50,1900-01-00 00:00:00,1020-wombat,B8:27:EB:FA:FF:FC,-54, WPA ,0.000000,0.000000,0.000,0.000,AP
2026-04-08 13:37:50,1900-01-00 00:00:00,1020-wombat,B8:27:EB:FA:FF:FC,-54, WPA ,0.000000,0.000000,0.000,0.000,AP
2026-04-08 13:37:50,1900-01-00 00:00:00,1020-wombat,B8:27:EB:FA:FF:FC,-53, WPA ,0.000000,0.000000,0.000,0.000,AP
2026-04-08 13:37:50,1900-01-00 00:00:00,1020-wombat,B8:27:EB:FA:FF:FC,-53, WPA ,0.000000,0.000000,0.000,0.000,AP
2026-04-08 13:37:50,1900-01-00 00:00:00,1020-wombat,B8:27:EB:FA:FF:FC,-53, WPA ,0.000000,0.000000,0.000,0.000,AP
2026-04-08 13:37:50,1900-01-00 00:00:00,1020-wombat,B8:27:EB:FA:FF:FC,-54, WPA ,0.000000,0.000000,0.000,0.000,AP
2026-04-08 13:37:50,1900-01-00 00:00:00,1020-wombat,B8:27:EB:FA:FF:FC,-54, WPA ,0.000000,0.000000,0.000,0.000,AP
2026-04-08 13:37:50,1900-01-00 00:00:00,1020-wombat,B8:27:EB:FA:FF:FC,-45, WPA ,0.000000,0.000000,0.000,0.000,AP
2026-04-08 13:37:50,1900-01-00 00:00:00,1020-wombat,B8:27:EB:FA:FF:FC,-54, WPA ,0.000000,0.000000,0.000,0.000,AP
2026-04-08 13:37:50,1900-01-00 00:00:00,1020-wombat,B8:27:EB:FA:FF:FC,-58, WPA ,0.000000,0.000000,0.000,0.000,AP
2026-04-08 13:37:50,1900-01-00 00:00:00,1020-wombat,B8:27:EB:FA:FF:FC,-56, WPA ,0.000000,0.000000,0.000,0.000,AP
2026-04-08 13:37:50,1900-01-00 00:00:00,1020-wombat,B8:27:EB:FA:FF:FC,-56, WPA ,0.000000,0.000000,0.000,0.000,AP
2026-04-08 13:37:50,1900-01-00 00:00:00,1020-wombat,B8:27:EB:FA:FF:FC,-56, WPA ,0.000000,0.000000,0.000,0.000,AP
2026-04-08 13:37:50,1900-01-00 00:00:00,1020-wombat,B8:27:EB:FA:FF:FC,-56, WPA ,0.000000,0.000000,0.000,0.000,AP
2026-04-08 13:37:50,1900-01-00 00:00:00,1020-wombat,B8:27:EB:FA:FF:FC,-56, WPA ,0.000000,0.000000,0.000,0.000,AP
2026-04-08 13:37:50,1900-01-00 00:00:00,1020-wombat,B8:27:EB:FA:FF:FC,-56, WPA ,0.000000,0.000000,0.000,0.000,AP
2026-04-08 13:37:50,1900-01-00 00:00:00,1020-wombat,B8:27:EB:FA:FF:FC,-56, WPA ,0.000000,0.000000,0.000,0.000,AP
2026-04-08 13:37:50,1900-01-00 00:00:00,1020-wombat,B8:27:EB:FA:FF:FC,-56, WPA ,0.000000,0.000000,0.000,0.000,AP
2026-04-08 13:37:50,1900-01-00 00:00:00,1020-wombat,B8:27:EB:FA:FF:FC,-56, WPA ,0.000000,0.000000,0.000,0.000,AP
2026-04-08 13:37:50,1900-01-00 00:00:00,1020-wombat,B8:27:EB:FA:FF:FC,-56, WPA ,0.000000,0.000000,0.000,0.000,AP
2026-04-08 13:37:50,1900-01-00 00:00:00,1020-wombat,B8:27:EB:FA:FF:FC,-56, WPA ,0.000000,0.000000,0.000,0.000,AP
2026-04-08 13:37:50,1900-01-00 00:00:00,1020-wombat,B8:27:EB:FA:FF:FC,-44, WPA ,0.000000,0.000000,0.000,0.000,AP
2026-04-08 13:37:50,1900-01-00 00:00:00,1020-wombat,B8:27:EB:FA:FF:FC,-44, WPA ,0.000000,0.000000,0.000,0.000,AP
2026-04-08 13:37:50,1900-01-00 00:00:00,1020-wombat,B8:27:EB:FA:FF:FC,-44, WPA ,0.000000,0.000000,0.000,0.000,AP
2026-04-08 13:37:50,1900-01-00 00:00:00,1020-wombat,B8:27:EB:FA:FF:FC,-44, WPA ,0.000000,0.000000,0.000,0.000,AP
2026-04-08 13:37:50,1900-01-00 00:00:00,1020-wombat,B8:27:EB:FA:FF:FC,-44, WPA ,0.000000,0.000000,0.000,0.000,AP
2026-04-08 13:37:50,1900-01-00 00:00:00,1020-wombat,B8:27:EB:FA:FF:FC,-44, WPA ,0.000000,0.000000,0.000,0.000,AP
2026-04-08 13:37:50,1900-01-00 00:00:00,1020-wombat,B8:27:EB:FA:FF:FC,-44, WPA ,0.000000,0.000000,0.000,0.000,AP
2026-04-08 13:37:50,1900-01-00 00:00:00,1020-wombat,B8:27:EB:FA:FF:FC,-28, WPA ,0.000000,0.000000,0.000,0.000,AP
2026-04-08 13:37:50,1900-01-00 00:00:00,1020-wombat,B8:27:EB:FA:FF:FC,-28, WPA ,0.000000,0.000000,0.000,0.000,AP
2026-04-08 13:37:50,1900-01-00 00:00:00,1020-wombat,B8:27:EB:FA:FF:FC,-28, WPA ,0.000000,0.000000,0.000,0.000,AP
2026-04-08 13:37:50,1900-01-00 00:00:00,1020-wombat,B8:27:EB:FA:FF:FC,-30, WPA ,0.000000,0.000000,0.000,0.000,AP
2026-04-08 13:37:50,1900-01-00 00:00:00,1020-wombat,B8:27:EB:FA:FF:FC,-57, WPA ,0.000000,0.000000,0.000,0.000,AP
2026-04-08 13:37:50,1900-01-00 00:00:00,1020-wombat,B8:27:EB:FA:FF:FC,-59, WPA ,0.000000,0.000000,0.000,0.000,AP
2026-04-08 13:37:50,1900-01-00 00:00:00,1020-wombat,B8:27:EB:FA:FF:FC,-59, WPA ,0.000000,0.000000,0.000,0.000,AP
2026-04-08 13:37:50,1900-01-00 00:00:00,1020-wombat,B8:27:EB:FA:FF:FC,-59, WPA ,0.000000,0.000000,0.000,0.000,AP
2026-04-08 13:37:50,1900-01-00 00:00:00,1020-wombat,B8:27:EB:FA:FF:FC,-59, WPA ,0.000000,0.000000,0.000,0.000,AP
2026-04-08 13:37:50,1900-01-00 00:00:00,1020-wombat,B8:27:EB:FA:FF:FC,-59, WPA ,0.000000,0.000000,0.000,0.000,AP
2026-04-08 13:37:50,1900-01-00 00:00:00,1020-wombat,B8:27:EB:FA:FF:FC,-59, WPA ,0.000000,0.000000,0.000,0.000,AP
2026-04-08 13:37:50,1900-01-00 00:00:00,1020-wombat,B8:27:EB:FA:FF:FC,-59, WPA ,0.000000,0.000000,0.000,0.000,AP
2026-04-08 13:37:50,1900-01-00 00:00:00,1020-wombat,B8:27:EB:FA:FF:FC,-59, WPA ,0.000000,0.000000,0.000,0.000,AP
2026-04-08 13:37:50,1900-01-00 00:00:00,1020-wombat,B8:27:EB:FA:FF:FC,-59, WPA ,0.000000,0.000000,0.000,0.000,AP
2026-04-08 13:37:50,1900-01-00 00:00:00,1020-wombat,B8:27:EB:FA:FF:FC,-59, WPA ,0.000000,0.000000,0.000,0.000,AP
2026-04-08 13:37:50,1900-01-00 00:00:00,1020-wombat,B8:27:EB:FA:FF:FC,-59, WPA ,0.000000,0.000000,0.000,0.000,AP
2026-04-08 13:37:50,1900-01-00 00:00:00,1020-wombat,B8:27:EB:FA:FF:FC,-59, WPA ,0.000000,0.000000,0.000,0.000,AP
2026-04-08 13:37:50,1900-01-00 00:00:00,1020-wombat,B8:27:EB:FA:FF:FC,-47, WPA ,0.000000,0.000000,0.000,0.000,AP
2026-04-08 13:37:50,1900-01-00 00:00:00,1020-wombat,B8:27:EB:FA:FF:FC,-29, WPA ,0.000000,0.000000,0.000,0.000,AP
2026-04-08 13:37:50,1900-01-00 00:00:00,1020-wombat,B8:27:EB:FA:FF:FC,-29, WPA ,0.000000,0.000000,0.000,0.000,AP
2026-04-08 13:37:50,1900-01-00 00:00:00,1020-wombat,B8:27:EB:FA:FF:FC,-29, WPA ,0.000000,0.000000,0.000,0.000,AP
2026-04-08 13:37:50,1900-01-00 00:00:00,1020-wombat,B8:27:EB:FA:FF:FC,-29, WPA ,0.000000,0.000000,0.000,0.000,AP
2026-04-08 13:37:50,1900-01-00 00:00:00,1020-wombat,B8:27:EB:FA:FF:FC,-56, WPA ,0.000000,0.000000,0.000,0.000,AP
2026-04-08 13:37:50,1900-01-00 00:00:00,1020-wombat,B8:27:EB:FA:FF:FC,-56, WPA ,0.000000,0.000000,0.000,0.000,AP
2026-04-08 13:37:50,1900-01-00 00:00:00,1020-wombat,B8:27:EB:FA:FF:FC,-56, WPA ,0.000000,0.000000,0.000,0.000,AP
2026-04-08 13:37:50,1900-01-00 00:00:00,1020-wombat,B8:27:EB:FA:FF:FC,-56, WPA ,0.000000,0.000000,0.000,0.000,AP
2026-04-08 13:37:50,1900-01-00 00:00:00,1020-wombat,B8:27:EB:FA:FF:FC,-47, WPA ,0.000000,0.000000,0.000,0.000,AP
2026-04-08 13:37:50,1900-01-00 00:00:00,1020-wombat,B8:27:EB:FA:FF:FC,-56, WPA ,0.000000,0.000000,0.000,0.000,AP
2026-04-08 13:37:50,1900-01-00 00:00:00,1020-wombat,B8:27:EB:FA:FF:FC,-56, WPA ,0.000000,0.000000,0.000,0.000,AP
2026-04-08 13:37:50,1900-01-00 00:00:00,1020-wombat,B8:27:EB:FA:FF:FC,-57, WPA ,0.000000,0.000000,0.000,0.000,AP
2026-04-08 13:37:50,1900-01-00 00:00:00,1020-wombat,B8:27:EB:FA:FF:FC,-56, WPA ,0.000000,0.000000,0.000,0.000,AP
2026-04-08 13:37:50,1900-01-00 00:00:00,1020-wombat,B8:27:EB:FA:FF:FC,-56, WPA ,0.000000,0.000000,0.000,0.000,AP
2026-04-08 13:37:50,1900-01-00 00:00:00,1020-wombat,B8:27:EB:FA:FF:FC,-56, WPA ,0.000000,0.000000,0.000,0.000,AP
2026-04-08 13:37:50,1900-01-00 00:00:00,1020-wombat,B8:27:EB:FA:FF:FC,-56, WPA ,0.000000,0.000000,0.000,0.000,AP
2026-04-08 13:37:50,1900-01-00 00:00:00,1020-wombat,B8:27:EB:FA:FF:FC,-56, WPA ,0.000000,0.000000,0.000,0.000,AP
2026-04-08 13:37:50,1900-01-00 00:00:00,1020-wombat,B8:27:EB:FA:FF:FC,-47, WPA ,0.000000,0.000000,0.000,0.000,AP
2026-04-08 13:37:50,1900-01-00 00:00:00,1020-wombat,B8:27:EB:FA:FF:FC,-47, WPA ,0.000000,0.000000,0.000,0.000,AP
2026-04-08 13:37:50,1900-01-00 00:00:00,1020-wombat,B8:27:EB:FA:FF:FC,-55, WPA ,0.000000,0.000000,0.000,0.000,AP
2026-04-08 13:37:50,1900-01-00 00:00:00,1020-wombat,B8:27:EB:FA:FF:FC,-55, WPA ,0.000000,0.000000,0.000,0.000,AP
2026-04-08 13:37:50,1900-01-00 00:00:00,1020-wombat,B8:27:EB:FA:FF:FC,-55, WPA ,0.000000,0.000000,0.000,0.000,AP
2026-04-08 13:37:50,1900-01-00 00:00:00,1020-wombat,B8:27:EB:FA:FF:FC,-55, WPA ,0.000000,0.000000,0.000,0.000,AP
2026-04-08 13:37:50,1900-01-00 00:00:00,1020-wombat,B8:27:EB:FA:FF:FC,-47, WPA ,0.000000,0.000000,0.000,0.000,AP
2026-04-08 13:37:50,1900-01-00 00:00:00,1020-wombat,B8:27:EB:FA:FF:FC,-46, WPA ,0.000000,0.000000,0.000,0.000,AP
2026-04-08 13:37:50,1900-01-00 00:00:00,1020-wombat,B8:27:EB:FA:FF:FC,-46, WPA ,0.000000,0.000000,0.000,0.000,AP
2026-04-08 13:37:50,1900-01-00 00:00:00,1020-wombat,B8:27:EB:FA:FF:FC,-46, WPA ,0.000000,0.000000,0.000,0.000,AP
2026-04-08 13:37:50,1900-01-00 00:00:00,1020-wombat,B8:27:EB:FA:FF:FC,-46, WPA ,0.000000,0.000000,0.000,0.000,AP
2026-04-08 13:37:50,1900-01-00 00:00:00,1020-wombat,B8:27:EB:FA:FF:FC,-46, WPA ,0.000000,0.000000,0.000,0.000,AP
2026-04-08 13:37:50,1900-01-00 00:00:00,1020-wombat,B8:27:EB:FA:FF:FC,-46, WPA ,0.000000,0.000000,0.000,0.000,AP
2026-04-08 13:37:50,1900-01-00 00:00:00,1020-wombat,B8:27:EB:FA:FF:FC,-45, WPA ,0.000000,0.000000,0.000,0.000,AP
2026-04-08 13:37:50,1900-01-00 00:00:00,1020-wombat,B8:27:EB:FA:FF:FC,-45, WPA ,0.000000,0.000000,0.000,0.000,AP
2026-04-08 13:37:50,1900-01-00 00:00:00,1020-wombat,B8:27:EB:FA:FF:FC,-45, WPA ,0.000000,0.000000,0.000,0.000,AP
2026-04-08 13:37:50,1900-01-00 00:00:00,1020-wombat,B8:27:EB:FA:FF:FC,-45, WPA ,0.000000,0.000000,0.000,0.000,AP
2026-04-08 13:37:50,1900-01-00 00:00:00,1020-wombat,B8:27:EB:FA:FF:FC,-45, WPA ,0.000000,0.000000,0.000,0.000,AP
2026-04-08 13:37:50,1900-01-00 00:00:00,1020-wombat,B8:27:EB:FA:FF:FC,-45, WPA ,0.000000,0.000000,0.000,0.000,AP
2026-04-08 13:37:50,1900-01-00 00:00:00,1020-wombat,B8:27:EB:FA:FF:FC,-45, WPA ,0.000000,0.000000,0.000,0.000,AP
2026-04-08 13:37:50,1900-01-00 00:00:00,1020-wombat,B8:27:EB:FA:FF:FC,-45, WPA ,0.000000,0.000000,0.000,0.000,AP
2026-04-08 13:37:50,1900-01-00 00:00:00,1020-wombat,B8:27:EB:FA:FF:FC,-45, WPA ,0.000000,0.000000,0.000,0.000,AP
2026-04-08 13:37:50,1900-01-00 00:00:00,1020-wombat,B8:27:EB:FA:FF:FC,-45, WPA ,0.000000,0.000000,0.000,0.000,AP
2026-04-08 13:37:50,1900-01-00 00:00:00,1020-wombat,B8:27:EB:FA:FF:FC,-56, WPA ,0.000000,0.000000,0.000,0.000,AP
2026-04-08 13:37:50,1900-01-00 00:00:00,1020-wombat,B8:27:EB:FA:FF:FC,-59, WPA ,0.000000,0.000000,0.000,0.000,AP
2026-04-08 13:37:50,1900-01-00 00:00:00,1020-wombat,B8:27:EB:FA:FF:FC,-59, WPA ,0.000000,0.000000,0.000,0.000,AP
2026-04-08 13:37:50,1900-01-00 00:00:00,1020-wombat,B8:27:EB:FA:FF:FC,-59, WPA ,0.000000,0.000000,0.000,0.000,AP
2026-04-08 13:37:50,1900-01-00 00:00:00,1020-wombat,B8:27:EB:FA:FF:FC,-59, WPA ,0.000000,0.000000,0.000,0.000,AP
2026-04-08 13:37:50,1900-01-00 00:00:00,1020-wombat,B8:27:EB:FA:FF:FC,-59, WPA ,0.000000,0.000000,0.000,0.000,AP
2026-04-08 13:37:50,1900-01-00 00:00:00,1020-wombat,B8:27:EB:FA:FF:FC,-59, WPA ,0.000000,0.000000,0.000,0.000,AP
2026-04-08 13:37:50,1900-01-00 00:00:00,1020-wombat,B8:27:EB:FA:FF:FC,-59, WPA ,0.000000,0.000000,0.000,0.000,AP
2026-04-08 13:37:50,1900-01-00 00:00:00,1020-wombat,B8:27:EB:FA:FF:FC,-59, WPA ,0.000000,0.000000,0.000,0.000,AP
2026-04-08 13:37:50,1900-01-00 00:00:00,1020-wombat,B8:27:EB:FA:FF:FC,-59, WPA ,0.000000,0.000000,0.000,0.000,AP
2026-04-08 13:37:50,1900-01-00 00:00:00,1020-wombat,B8:27:EB:FA:FF:FC,-59, WPA ,0.000000,0.000000,0.000,0.000,AP
2026-04-08 13:37:50,1900-01-00 00:00:00,1020-wombat,B8:27:EB:FA:FF:FC,-59, WPA ,0.000000,0.000000,0.000,0.000,AP
2026-04-08 13:37:50,1900-01-00 00:00:00,1020-wombat,B8:27:EB:FA:FF:FC,-59, WPA ,0.000000,0.000000,0.000,0.000,AP
2026-04-08 13:37:50,1900-01-00 00:00:00,1020-wombat,B8:27:EB:FA:FF:FC,-47, WPA ,0.000000,0.000000,0.000,0.000,AP
2026-04-08 13:37:50,1900-01-00 00:00:00,1020-wombat,B8:27:EB:FA:FF:FC,-29, WPA ,0.000000,0.000000,0.000,0.000,AP
2026-04-08 13:37:50,1900-01-00 00:00:00,1020-wombat,B8:27:EB:FA:FF:FC,-29, WPA ,0.000000,0.000000,0.000,0.000,AP
2026-04-08 13:37:50,1900-01-00 00:00:00,1020-wombat,B8:27:EB:FA:FF:FC,-29, WPA ,0.000000,0.000000,0.000,0.000,AP
2026-04-08 13:37:50,1900-01-00 00:00:00,1020-wombat,B8:27:EB:FA:FF:FC,-29, WPA ,0.000000,0.000000,0.000,0.000,AP
2026-04-08 13:37:50,1900-01-00 00:00:00,1020-wombat,B8:27:EB:FA:FF:FC,-29, WPA ,0.000000,0.000000,0.000,0.000,AP
2026-04-08 13:37:50,1900-01-00 00:00:00,1020-wombat,B8:27:EB:FA:FF:FC,-29, WPA ,0.000000,0.000000,0.000,0.000,AP
2026-04-08 13:37:50,1900-01-00 00:00:00,1020-wombat,B8:27:EB:FA:FF:FC,-29, WPA ,0.000000,0.000000,0.000,0.000,AP
2026-04-08 13:37:50,1900-01-00 00:00:00,1020-wombat,B8:27:EB:FA:FF:FC,-29, WPA ,0.000000,0.000000,0.000,0.000,AP
2026-04-08 13:37:50,1900-01-00 00:00:00,1020-wombat,B8:27:EB:FA:FF:FC,-56, WPA ,0.000000,0.000000,0.000,0.000,AP
2026-04-08 13:37:50,1900-01-00 00:00:00,1020-wombat,B8:27:EB:FA:FF:FC,-56, WPA ,0.000000,0.000000,0.000,0.000,AP
2026-04-08 13:37:50,1900-01-00 00:00:00,1020-wombat,B8:27:EB:FA:FF:FC,-56, WPA ,0.000000,0.000000,0.000,0.000,AP
2026-04-08 13:37:50,1900-01-00 00:00:00,1020-wombat,B8:27:EB:FA:FF:FC,-56, WPA ,0.000000,0.000000,0.000,0.000,AP
2026-04-08 13:37:50,1900-01-00 00:00:00,1020-wombat,B8:27:EB:FA:FF:FC,-56, WPA ,0.000000,0.000000,0.000,0.000,AP
2026-04-08 13:37:50,1900-01-00 00:00:00,1020-wombat,B8:27:EB:FA:FF:FC,-56, WPA ,0.000000,0.000000,0.000,0.000,AP
2026-04-08 13:37:50,1900-01-00 00:00:00,1020-wombat,B8:27:EB:FA:FF:FC,-56, WPA ,0.000000,0.000000,0.000,0.000,AP
2026-04-08 13:37:50,1900-01-00 00:00:00,1020-wombat,B8:27:EB:FA:FF:FC,-56, WPA ,0.000000,0.000000,0.000,0.000,AP
2026-04-08 13:37:50,1900-01-00 00:00:00,1020-wombat,B8:27:EB:FA:FF:FC,-56, WPA ,0.000000,0.000000,0.000,0.000,AP
2026-04-08 13:37:50,1900-01-00 00:00:00,1020-wombat,B8:27:EB:FA:FF:FC,-56, WPA ,0.000000,0.000000,0.000,0.000,AP
2026-04-08 13:37:50,1900-01-00 00:00:00,1020-wombat,B8:27:EB:FA:FF:FC,-56, WPA ,0.000000,0.000000,0.000,0.000,AP
2026-04-08 13:37:50,1900-01-00 00:00:00,1020-wombat,B8:27:EB:FA:FF:FC,-56, WPA ,0.000000,0.000000,0.000,0.000,AP
2026-04-08 13:37:50,1900-01-00 00:00:00,1020-wombat,B8:27:EB:FA:FF:FC,-56, WPA ,0.000000,0.000000,0.000,0.000,AP
2026-04-08 13:37:50,1900-01-00 00:00:00,1020-wombat,B8:27:EB:FA:FF:FC,-56, WPA ,0.000000,0.000000,0.000,0.000,AP
2026-04-08 13:37:50,1900-01-00 00:00:00,1020-wombat,B8:27:EB:FA:FF:FC,-56, WPA ,0.000000,0.000000,0.000,0.000,AP
2026-04-08 13:37:50,1900-01-00 00:00:00,1020-wombat,B8:27:EB:FA:FF:FC,-56, WPA ,0.000000,0.000000,0.000,0.000,AP
2026-04-08 13:37:50,1900-01-00 00:00:00,1020-wombat,B8:27:EB:FA:FF:FC,-56, WPA ,0.000000,0.000000,0.000,0.000,AP
2026-04-08 13:37:50,1900-01-00 00:00:00,1020-wombat,B8:27:EB:FA:FF:FC,-56, WPA ,0.000000,0.000000,0.000,0.000,AP
2026-04-08 13:37:50,1900-01-00 00:00:00,1020-wombat,B8:27:EB:FA:FF:FC,-56, WPA ,0.000000,0.000000,0.000,0.000,AP
2026-04-08 13:37:50,1900-01-00 00:00:00,1020-wombat,B8:27:EB:FA:FF:FC,-56, WPA ,0.000000,0.000000,0.000,0.000,AP
2026-04-08 13:37:50,1900-01-00 00:00:00,1020-wombat,B8:27:EB:FA:FF:FC,-56, WPA ,0.000000,0.000000,0.000,0.000,AP
2026-04-08 13:37:50,1900-01-00 00:00:00,1020-wombat,B8:27:EB:FA:FF:FC,-28, WPA ,0.000000,0.000000,0.000,0.000,AP
2026-04-08 13:37:50,1900-01-00 00:00:00,1020-wombat,B8:27:EB:FA:FF:FC,-28, WPA ,0.000000,0.000000,0.000,0.000,AP
2026-04-08 13:37:50,1900-01-00 00:00:00,1020-wombat,B8:27:EB:FA:FF:FC,-28, WPA ,0.000000,0.000000,0.000,0.000,AP
2026-04-08 13:37:50,1900-01-00 00:00:00,1020-wombat,B8:27:EB:FA:FF:FC,-28, WPA ,0.000000,0.000000,0.000,0.000,AP
2026-04-08 13:37:50,1900-01-00 00:00:00,1020-wombat,B8:27:EB:FA:FF:FC,-30, WPA ,0.000000,0.000000,0.000,0.000,AP
2026-04-08 13:37:50,1900-01-00 00:00:00,1020-wombat,B8:27:EB:FA:FF:FC,-30, WPA ,0.000000,0.000000,0.000,0.000,AP
2026-04-08 13:37:50,1900-01-00 00:00:00,1020-wombat,B8:27:EB:FA:FF:FC,-29, WPA ,0.000000,0.000000,0.000,0.000,AP
2026-04-08 13:37:50,1900-01-00 00:00:00,1020-wombat,B8:27:EB:FA:FF:FC,-29, WPA ,0.000000,0.000000,0.000,0.000,AP
2026-04-08 13:37:50,1900-01-00 00:00:00,1020-wombat,B8:27:EB:FA:FF:FC,-55, WPA ,0.000000,0.000000,0.000,0.000,AP
2026-04-08 13:37:50,1900-01-00 00:00:00,1020-wombat,B8:27:EB:FA:FF:FC,-55, WPA ,0.000000,0.000000,0.000,0.000,AP
2026-04-08 13:37:50,1900-01-00 00:00:00,1020-wombat,B8:27:EB:FA:FF:FC,-55, WPA ,0.000000,0.000000,0.000,0.000,AP
2026-04-08 13:37:50,1900-01-00 00:00:00,1020-wombat,B8:27:EB:FA:FF:FC,-55, WPA ,0.000000,0.000000,0.000,0.000,AP
2026-04-08 13:37:50,1900-01-00 00:00:00,1020-wombat,B8:27:EB:FA:FF:FC,-55, WPA ,0.000000,0.000000,0.000,0.000,AP
2026-04-08 13:37:50,1900-01-00 00:00:00,1020-wombat,B8:27:EB:FA:FF:FC,-55, WPA ,0.000000,0.000000,0.000,0.000,AP
2026-04-08 13:37:50,1900-01-00 00:00:00,1020-wombat,B8:27:EB:FA:FF:FC,-55, WPA ,0.000000,0.000000,0.000,0.000,AP
2026-04-08 13:37:50,1900-01-00 00:00:00,1020-wombat,B8:27:EB:FA:FF:FC,-55, WPA ,0.000000,0.000000,0.000,0.000,AP
2026-04-08 13:37:50,1900-01-00 00:00:00,1020-wombat,B8:27:EB:FA:FF:FC,-55, WPA ,0.000000,0.000000,0.000,0.000,AP
2026-04-08 13:37:50,1900-01-00 00:00:00,1020-wombat,B8:27:EB:FA:FF:FC,-56, WPA ,0.000000,0.000000,0.000,0.000,AP
2026-04-08 13:37:50,1900-01-00 00:00:00,1020-wombat,B8:27:EB:FA:FF:FC,-45, WPA ,0.000000,0.000000,0.000,0.000,AP
2026-04-08 13:37:50,1900-01-00 00:00:00,1020-wombat,B8:27:EB:FA:FF:FC,-45, WPA ,0.000000,0.000000,0.000,0.000,AP
2026-04-08 13:37:50,1900-01-00 00:00:00,1020-wombat,B8:27:EB:FA:FF:FC,-54, WPA ,0.000000,0.000000,0.000,0.000,AP
2026-04-08 13:37:50,1900-01-00 00:00:00,1020-wombat,B8:27:EB:FA:FF:FC,-59, WPA ,0.000000,0.000000,0.000,0.000,AP
2026-04-08 13:37:50,1900-01-00 00:00:00,1020-wombat,B8:27:EB:FA:FF:FC,-59, WPA ,0.000000,0.000000,0.000,0.000,AP
2026-04-08 13:37:50,1900-01-00 00:00:00,1020-wombat,B8:27:EB:FA:FF:FC,-59, WPA ,0.000000,0.000000,0.000,0.000,AP
2026-04-08 13:37:50,1900-01-00 00:00:00,1020-wombat,B8:27:EB:FA:FF:FC,-59, WPA ,0.000000,0.000000,0.000,0.000,AP
2026-04-08 13:37:50,1900-01-00 00:00:00,1020-wombat,B8:27:EB:FA:FF:FC,-59, WPA ,0.000000,0.000000,0.000,0.000,AP
2026-04-08 13:37:50,1900-01-00 00:00:00,1020-wombat,B8:27:EB:FA:FF:FC,-59, WPA ,0.000000,0.000000,0.000,0.000,AP
2026-04-08 13:37:50,1900-01-00 00:00:00,1020-wombat,B8:27:EB:FA:FF:FC,-59, WPA ,0.000000,0.000000,0.000,0.000,AP
2026-04-08 13:37:50,1900-01-00 00:00:00,1020-wombat,B8:27:EB:FA:FF:FC,-59, WPA ,0.000000,0.000000,0.000,0.000,AP
2026-04-08 13:37:50,1900-01-00 00:00:00,1020-wombat,B8:27:EB:FA:FF:FC,-59, WPA ,0.000000,0.000000,0.000,0.000,AP
2026-04-08 13:37:50,1900-01-00 00:00:00,1020-wombat,B8:27:EB:FA:FF:FC,-59, WPA ,0.000000,0.000000,0.000,0.000,AP
2026-04-08 13:37:50,1900-01-00 00:00:00,1020-wombat,B8:27:EB:FA:FF:FC,-59, WPA ,0.000000,0.000000,0.000,0.000,AP
2026-04-08 13:37:50,1900-01-00 00:00:00,1020-wombat,B8:27:EB:FA:FF:FC,-59, WPA ,0.000000,0.000000,0.000,0.000,AP
2026-04-08 13:37:50,1900-01-00 00:00:00,1020-wombat,B8:27:EB:FA:FF:FC,-59, WPA ,0.000000,0.000000,0.000,0.000,AP
2026-04-08 13:37:50,1900-01-00 00:00:00,1020-wombat,B8:27:EB:FA:FF:FC,-46, WPA ,0.000000,0.000000,0.000,0.000,AP
2026-04-08 13:37:50,1900-01-00 00:00:00,1020-wombat,B8:27:EB:FA:FF:FC,-29, WPA ,0.000000,0.000000,0.000,0.000,AP
2026-04-08 13:37:50,1900-01-00 00:00:00,1020-wombat,B8:27:EB:FA:FF:FC,-29, WPA ,0.000000,0.000000,0.000,0.000,AP
2026-04-08 13:37:50,1900-01-00 00:00:00,1020-wombat,B8:27:EB:FA:FF:FC,-29, WPA ,0.000000,0.000000,0.000,0.000,AP
2026-04-08 13:37:50,1900-01-00 00:00:00,1020-wombat,B8:27:EB:FA:FF:FC,-29, WPA ,0.000000,0.000000,0.000,0.000,AP
2026-04-08 13:37:50,1900-01-00 00:00:00,1020-wombat,B8:27:EB:FA:FF:FC,-29, WPA ,0.000000,0.000000,0.000,0.000,AP
2026-04-08 13:37:50,1900-01-00 00:00:00,1020-wombat,B8:27:EB:FA:FF:FC,-29, WPA ,0.000000,0.000000,0.000,0.000,AP
2026-04-08 13:37:50,1900-01-00 00:00:00,1020-wombat,B8:27:EB:FA:FF:FC,-29, WPA ,0.000000,0.000000,0.000,0.000,AP
2026-04-08 13:37:50,1900-01-00 00:00:00,1020-wombat,B8:27:EB:FA:FF:FC,-57, WPA ,0.000000,0.000000,0.000,0.000,AP
2026-04-08 13:37:50,1900-01-00 00:00:00,1020-wombat,B8:27:EB:FA:FF:FC,-57, WPA ,0.000000,0.000000,0.000,0.000,AP
2026-04-08 13:37:50,1900-01-00 00:00:00,1020-wombat,B8:27:EB:FA:FF:FC,-57, WPA ,0.000000,0.000000,0.000,0.000,AP
2026-04-08 13:37:50,1900-01-00 00:00:00,1020-wombat,B8:27:EB:FA:FF:FC,-57, WPA ,0.000000,0.000000,0.000,0.000,AP
2026-04-08 13:37:50,1900-01-00 00:00:00,1020-wombat,B8:27:EB:FA:FF:FC,-57, WPA ,0.000000,0.000000,0.000,0.000,AP
2026-04-08 13:37:50,1900-01-00 00:00:00,1020-wombat,B8:27:EB:FA:FF:FC,-57, WPA ,0.000000,0.000000,0.000,0.000,AP
2026-04-08 13:37:50,1900-01-00 00:00:00,1020-wombat,B8:27:EB:FA:FF:FC,-57, WPA ,0.000000,0.000000,0.000,0.000,AP
2026-04-08 13:37:50,1900-01-00 00:00:00,1020-wombat,B8:27:EB:FA:FF:FC,-57, WPA ,0.000000,0.000000,0.000,0.000,AP
2026-04-08 13:37:50,1900-01-00 00:00:00,1020-wombat,B8:27:EB:FA:FF:FC,-57, WPA ,0.000000,0.000000,0.000,0.000,AP
2026-04-08 13:37:50,1900-01-00 00:00:00,1020-wombat,B8:27:EB:FA:FF:FC,-57, WPA ,0.000000,0.000000,0.000,0.000,AP
2026-04-08 13:37:50,1900-01-00 00:00:00,1020-wombat,B8:27:EB:FA:FF:FC,-57, WPA ,0.000000,0.000000,0.000,0.000,AP
2026-04-08 13:37:50,1900-01-00 00:00:00,1020-wombat,B8:27:EB:FA:FF:FC,-57, WPA ,0.000000,0.000000,0.000,0.000,AP
2026-04-08 13:37:50,1900-01-00 00:00:00,1020-wombat,B8:27:EB:FA:FF:FC,-57, WPA ,0.000000,0.000000,0.000,0.000,AP
2026-04-08 13:37:50,1900-01-00 00:00:00,1020-wombat,B8:27:EB:FA:FF:FC,-57, WPA ,0.000000,0.000000,0.000,0.000,AP
2026-04-08 13:37:50,1900-01-00 00:00:00,1020-wombat,B8:27:EB:FA:FF:FC,-57, WPA ,0.000000,0.000000,0.000,0.000,AP
2026-04-08 13:37:50,1900-01-00 00:00:00,1020-wombat,B8:27:EB:FA:FF:FC,-57, WPA ,0.000000,0.000000,0.000,0.000,AP
2026-04-08 13:37:50,1900-01-00 00:00:00,1020-wombat,B8:27:EB:FA:FF:FC,-57, WPA ,0.000000,0.000000,0.000,0.000,AP
2026-04-08 13:37:50,1900-01-00 00:00:00,1020-wombat,B8:27:EB:FA:FF:FC,-57, WPA ,0.000000,0.000000,0.000,0.000,AP
2026-04-08 13:37:50,1900-01-00 00:00:00,1020-wombat,B8:27:EB:FA:FF:FC,-57, WPA ,0.000000,0.000000,0.000,0.000,AP
2026-04-08 13:37:50,1900-01-00 00:00:00,1020-wombat,B8:27:EB:FA:FF:FC,-45, WPA ,0.000000,0.000000,0.000,0.000,AP
2026-04-08 13:37:50,1900-01-00 00:00:00,1020-wombat,B8:27:EB:FA:FF:FC,-45, WPA ,0.000000,0.000000,0.000,0.000,AP
2026-04-08 13:37:50,1900-01-00 00:00:00,1020-wombat,B8:27:EB:FA:FF:FC,-45, WPA ,0.000000,0.000000,0.000,0.000,AP
2026-04-08 13:37:50,1900-01-00 00:00:00,1020-wombat,B8:27:EB:FA:FF:FC,-45, WPA ,0.000000,0.000000,0.000,0.000,AP
2026-04-08 13:37:50,1900-01-00 00:00:00,1020-wombat,B8:27:EB:FA:FF:FC,-45, WPA ,0.000000,0.000000,0.000,0.000,AP
2026-04-08 13:37:50,1900-01-00 00:00:00,1020-wombat,B8:27:EB:FA:FF:FC,-45, WPA ,0.000000,0.000000,0.000,0.000,AP
2026-04-08 13:37:50,1900-01-00 00:00:00,1020-wombat,B8:27:EB:FA:FF:FC,-45, WPA ,0.000000,0.000000,0.000,0.000,AP
2026-04-08 13:37:50,1900-01-00 00:00:00,1020-wombat,B8:27:EB:FA:FF:FC,-57, WPA ,0.000000,0.000000,0.000,0.000,AP
2026-04-08 13:37:50,1900-01-00 00:00:00,1020-wombat,B8:27:EB:FA:FF:FC,-57, WPA ,0.000000,0.000000,0.000,0.000,AP
2026-04-08 13:37:50,1900-01-00 00:00:00,1020-wombat,B8:27:EB:FA:FF:FC,-57, WPA ,0.000000,0.000000,0.000,0.000,AP
2026-04-08 13:37:50,1900-01-00 00:00:00,1020-wombat,B8:27:EB:FA:FF:FC,-59, WPA ,0.000000,0.000000,0.000,0.000,AP
2026-04-08 13:37:50,1900-01-00 00:00:00,1020-wombat,B8:27:EB:FA:FF:FC,-59, WPA ,0.000000,0.000000,0.000,0.000,AP
2026-04-08 13:37:50,1900-01-00 00:00:00,1020-wombat,B8:27:EB:FA:FF:FC,-59, WPA ,0.000000,0.000000,0.000,0.000,AP
2026-04-08 13:37:50,1900-01-00 00:00:00,1020-wombat,B8:27:EB:FA:FF:FC,-59, WPA ,0.000000,0.000000,0.000,0.000,AP
2026-04-08 13:37:50,1900-01-00 00:00:00,1020-wombat,B8:27:EB:FA:FF:FC,-59, WPA ,0.000000,0.000000,0.000,0.000,AP
2026-04-08 13:37:50,1900-01-00 00:00:00,1020-wombat,B8:27:EB:FA:FF:FC,-59, WPA ,0.000000,0.000000,0.000,0.000,AP
2026-04-08 13:37:50,1900-01-00 00:00:00,1020-wombat,B8:27:EB:FA:FF:FC,-59, WPA ,0.000000,0.000000,0.000,0.000,AP
2026-04-08 13:37:50,1900-01-00 00:00:00,1020-wombat,B8:27:EB:FA:FF:FC,-59, WPA ,0.000000,0.000000,0.000,0.000,AP
2026-04-08 13:37:50,1900-01-00 00:00:00,1020-wombat,B8:27:EB:FA:FF:FC,-59, WPA ,0.000000,0.000000,0.000,0.000,AP
2026-04-08 13:37:50,1900-01-00 00:00:00,1020-wombat,B8:27:EB:FA:FF:FC,-59, WPA ,0.000000,0.000000,0.000,0.000,AP
2026-04-08 13:37:50,1900-01-00 00:00:00,1020-wombat,B8:27:EB:FA:FF:FC,-59, WPA ,0.000000,0.000000,0.000,0.000,AP
2026-04-08 13:37:50,1900-01-00 00:00:00,1020-wombat,B8:27:EB:FA:FF:FC,-59, WPA ,0.000000,0.000000,0.000,0.000,AP
2026-04-08 13:37:50,1900-01-00 00:00:00,1020-wombat,B8:27:EB:FA:FF:FC,-47, WPA ,0.000000,0.000000,0.000,0.000,AP
2026-04-08 13:37:50,1900-01-00 00:00:00,1020-wombat,B8:27:EB:FA:FF:FC,-47, WPA ,0.000000,0.000000,0.000,0.000,AP
2026-04-08 13:37:50,1900-01-00 00:00:00,1020-wombat,B8:27:EB:FA:FF:FC,-58, WPA ,0.000000,0.000000,0.000,0.000,AP
2026-04-08 13:37:50,1900-01-00 00:00:00,1020-wombat,B8:27:EB:FA:FF:FC,-58, WPA ,0.000000,0.000000,0.000,0.000,AP
2026-04-08 13:37:50,1900-01-00 00:00:00,1020-wombat,B8:27:EB:FA:FF:FC,-58, WPA ,0.000000,0.000000,0.000,0.000,AP
2026-04-08 13:37:50,1900-01-00 00:00:00,1020-wombat,B8:27:EB:FA:FF:FC,-58, WPA ,0.000000,0.000000,0.000,0.000,AP
2026-04-08 13:37:50,1900-01-00 00:00:00,1020-wombat,B8:27:EB:FA:FF:FC,-58, WPA ,0.000000,0.000000,0.000,0.000,AP
2026-04-08 13:37:50,1900-01-00 00:00:00,1020-wombat,B8:27:EB:FA:FF:FC,-58, WPA ,0.000000,0.000000,0.000,0.000,AP
2026-04-08 13:37:50,1900-01-00 00:00:00,1020-wombat,B8:27:EB:FA:FF:FC,-58, WPA ,0.000000,0.000000,0.000,0.000,AP
2026-04-08 13:37:50,1900-01-00 00:00:00,1020-wombat,B8:27:EB:FA:FF:FC,-58, WPA ,0.000000,0.000000,0.000,0.000,AP
2026-04-08 13:37:50,1900-01-00 00:00:00,1020-wombat,B8:27:EB:FA:FF:FC,-57, WPA ,0.000000,0.000000,0.000,0.000,AP
2026-04-08 13:37:50,1900-01-00 00:00:00,1020-wombat,B8:27:EB:FA:FF:FC,-46, WPA ,0.000000,0.000000,0.000,0.000,AP
2026-04-08 13:37:50,1900-01-00 00:00:00,1020-wombat,B8:27:EB:FA:FF:FC,-46, WPA ,0.000000,0.000000,0.000,0.000,AP
2026-04-08 13:37:50,1900-01-00 00:00:00,1020-wombat,B8:27:EB:FA:FF:FC,-46, WPA ,0.000000,0.000000,0.000,0.000,AP
2026-04-08 13:37:50,1900-01-00 00:00:00,1020-wombat,B8:27:EB:FA:FF:FC,-46, WPA ,0.000000,0.000000,0.000,0.000,AP
2026-04-08 13:37:50,1900-01-00 00:00:00,1020-wombat,B8:27:EB:FA:FF:FC,-46, WPA ,0.000000,0.000000,0.000,0.000,AP
2026-04-08 13:37:50,1900-01-00 00:00:00,1020-wombat,B8:27:EB:FA:FF:FC,-46, WPA ,0.000000,0.000000,0.000,0.000,AP
2026-04-08 13:37:50,1900-01-00 00:00:00,1020-wombat,B8:27:EB:FA:FF:FC,-46, WPA ,0.000000,0.000000,0.000,0.000,AP
2026-04-08 13:37:50,1900-01-00 00:00:00,1020-wombat,B8:27:EB:FA:FF:FC,-46, WPA ,0.000000,0.000000,0.000,0.000,AP
2026-04-08 13:37:50,1900-01-00 00:00:00,1020-wombat,B8:27:EB:FA:FF:FC,-46, WPA ,0.000000,0.000000,0.000,0.000,AP
2026-04-08 13:37:50,1900-01-00 00:00:00,1020-wombat,B8:27:EB:FA:FF:FC,-46, WPA ,0.000000,0.000000,0.000,0.000,AP
2026-04-08 13:37:50,1900-01-00 00:00:00,1020-wombat,B8:27:EB:FA:FF:FC,-46, WPA ,0.000000,0.000000,0.000,0.000,AP
2026-04-08 13:37:50,1900-01-00 00:00:00,1020-wombat,B8:27:EB:FA:FF:FC,-46, WPA ,0.000000,0.000000,0.000,0.000,AP
2026-04-08 13:37:50,1900-01-00 00:00:00,1020-wombat,B8:27:EB:FA:FF:FC,-46, WPA ,0.000000,0.000000,0.000,0.000,AP
2026-04-08 13:37:50,1900-01-00 00:00:00,1020-wombat,B8:27:EB:FA:FF:FC,-46, WPA ,0.000000,0.000000,0.000,0.000,AP
2026-04-08 13:37:50,1900-01-00 00:00:00,1020-wombat,B8:27:EB:FA:FF:FC,-46, WPA ,0.000000,0.000000,0.000,0.000,AP
2026-04-08 13:37:50,1900-01-00 00:00:00,1020-wombat,B8:27:EB:FA:FF:FC,-46, WPA ,0.000000,0.000000,0.000,0.000,AP
2026-04-08 13:37:50,1900-01-00 00:00:00,1020-wombat,B8:27:EB:FA:FF:FC,-46, WPA ,0.000000,0.000000,0.000,0.000,AP
2026-04-08 13:37:50,1900-01-00 00:00:00,1020-wombat,B8:27:EB:FA:FF:FC,-45, WPA ,0.000000,0.000000,0.000,0.000,AP
2026-04-08 13:37:50,1900-01-00 00:00:00,1020-wombat,B8:27:EB:FA:FF:FC,-45, WPA ,0.000000,0.000000,0.000,0.000,AP
2026-04-08 13:37:50,1900-01-00 00:00:00,1020-wombat,B8:27:EB:FA:FF:FC,-45, WPA ,0.000000,0.000000,0.000,0.000,AP
2026-04-08 13:37:50,1900-01-00 00:00:00,1020-wombat,B8:27:EB:FA:FF:FC,-46, WPA ,0.000000,0.000000,0.000,0.000,AP
2026-04-08 13:37:50,1900-01-00 00:00:00,1020-wombat,B8:27:EB:FA:FF:FC,-46, WPA ,0.000000,0.000000,0.000,0.000,AP
2026-04-08 13:37:50,1900-01-00 00:00:00,1020-wombat,B8:27:EB:FA:FF:FC,-46, WPA ,0.000000,0.000000,0.000,0.000,AP
2026-04-08 13:37:50,1900-01-00 00:00:00,1020-wombat,B8:27:EB:FA:FF:FC,-56, WPA ,0.000000,0.000000,0.000,0.000,AP
2026-04-08 13:37:50,1900-01-00 00:00:00,1020-wombat,B8:27:EB:FA:FF:FC,-56, WPA ,0.000000,0.000000,0.000,0.000,AP
2026-04-08 13:37:50,1900-01-00 00:00:00,1020-wombat,B8:27:EB:FA:FF:FC,-56, WPA ,0.000000,0.000000,0.000,0.000,AP
2026-04-08 13:37:50,1900-01-00 00:00:00,1020-wombat,B8:27:EB:FA:FF:FC,-54, WPA ,0.000000,0.000000,0.000,0.000,AP
2026-04-08 13:37:50,1900-01-00 00:00:00,1020-wombat,B8:27:EB:FA:FF:FC,-47, WPA ,0.000000,0.000000,0.000,0.000,AP
2026-04-08 13:37:50,1900-01-00 00:00:00,1020-wombat,B8:27:EB:FA:FF:FC,-47, WPA ,0.000000,0.000000,0.000,0.000,AP
2026-04-08 13:37:50,1900-01-00 00:00:00,1020-wombat,B8:27:EB:FA:FF:FC,-47, WPA ,0.000000,0.000000,0.000,0.000,AP
2026-04-08 13:37:50,1900-01-00 00:00:00,1020-wombat,B8:27:EB:FA:FF:FC,-47, WPA ,0.000000,0.000000,0.000,0.000,AP
2026-04-08 13:37:50,1900-01-00 00:00:00,1020-wombat,B8:27:EB:FA:FF:FC,-47, WPA ,0.000000,0.000000,0.000,0.000,AP
2026-04-08 13:37:50,1900-01-00 00:00:00,1020-wombat,B8:27:EB:FA:FF:FC,-47, WPA ,0.000000,0.000000,0.000,0.000,AP
2026-04-08 13:37:50,1900-01-00 00:00:00,1020-wombat,B8:27:EB:FA:FF:FC,-47, WPA ,0.000000,0.000000,0.000,0.000,AP
2026-04-08 13:37:50,1900-01-00 00:00:00,1020-wombat,B8:27:EB:FA:FF:FC,-47, WPA ,0.000000,0.000000,0.000,0.000,AP
2026-04-08 13:37:50,1900-01-00 00:00:00,1020-wombat,B8:27:EB:FA:FF:FC,-47, WPA ,0.000000,0.000000,0.000,0.000,AP
2026-04-08 13:37:50,1900-01-00 00:00:00,1020-wombat,B8:27:EB:FA:FF:FC,-47, WPA ,0.000000,0.000000,0.000,0.000,AP
2026-04-08 13:37:50,1900-01-00 00:00:00,1020-wombat,B8:27:EB:FA:FF:FC,-47, WPA ,0.000000,0.000000,0.000,0.000,AP
2026-04-08 13:37:50,1900-01-00 00:00:00,1020-wombat,B8:27:EB:FA:FF:FC,-47, WPA ,0.000000,0.000000,0.000,0.000,AP
2026-04-08 13:37:50,1900-01-00 00:00:00,1020-wombat,B8:27:EB:FA:FF:FC,-47, WPA ,0.000000,0.000000,0.000,0.000,AP
2026-04-08 13:37:50,1900-01-00 00:00:00,1020-wombat,B8:27:EB:FA:FF:FC,-45, WPA ,0.000000,0.000000,0.000,0.000,AP
2026-04-08 13:37:50,1900-01-00 00:00:00,1020-wombat,B8:27:EB:FA:FF:FC,-30, WPA ,0.000000,0.000000,0.000,0.000,AP
2026-04-08 13:37:50,1900-01-00 00:00:00,1020-wombat,B8:27:EB:FA:FF:FC,-30, WPA ,0.000000,0.000000,0.000,0.000,AP
2026-04-08 13:37:50,1900-01-00 00:00:00,1020-wombat,B8:27:EB:FA:FF:FC,-30, WPA ,0.000000,0.000000,0.000,0.000,AP
2026-04-08 13:37:50,1900-01-00 00:00:00,1020-wombat,B8:27:EB:FA:FF:FC,-53, WPA ,0.000000,0.000000,0.000,0.000,AP
2026-04-08 13:37:50,1900-01-00 00:00:00,1020-wombat,B8:27:EB:FA:FF:FC,-53, WPA ,0.000000,0.000000,0.000,0.000,AP
2026-04-08 13:37:50,1900-01-00 00:00:00,1020-wombat,B8:27:EB:FA:FF:FC,-53, WPA ,0.000000,0.000000,0.000,0.000,AP
2026-04-08 13:37:50,1900-01-00 00:00:00,1020-wombat,B8:27:EB:FA:FF:FC,-53, WPA ,0.000000,0.000000,0.000,0.000,AP
2026-04-08 13:37:50,1900-01-00 00:00:00,1020-wombat,B8:27:EB:FA:FF:FC,-53, WPA ,0.000000,0.000000,0.000,0.000,AP
2026-04-08 13:37:50,1900-01-00 00:00:00,1020-wombat,B8:27:EB:FA:FF:FC,-53, WPA ,0.000000,0.000000,0.000,0.000,AP
2026-04-08 13:37:50,1900-01-00 00:00:00,1020-wombat,B8:27:EB:FA:FF:FC,-53, WPA ,0.000000,0.000000,0.000,0.000,AP
2026-04-08 13:37:50,1900-01-00 00:00:00,1020-wombat,B8:27:EB:FA:FF:FC,-53, WPA ,0.000000,0.000000,0.000,0.000,AP
2026-04-08 13:37:50,1900-01-00 00:00:00,1020-wombat,B8:27:EB:FA:FF:FC,-53, WPA ,0.000000,0.000000,0.000,0.000,AP
2026-04-08 13:37:50,1900-01-00 00:00:00,1020-wombat,B8:27:EB:FA:FF:FC,-53, WPA ,0.000000,0.000000,0.000,0.000,AP
2026-04-08 13:37:51,1900-01-00 00:00:00,1020-wombat,B8:27:EB:FA:FF:FC,-57, WPA ,0.000000,0.000000,0.000,0.000,AP
2026-04-08 13:37:51,1900-01-00 00:00:00,1020-wombat,B8:27:EB:FA:FF:FC,-57, WPA ,0.000000,0.000000,0.000,0.000,AP
2026-04-08 13:37:51,1900-01-00 00:00:00,1020-wombat,B8:27:EB:FA:FF:FC,-57, WPA ,0.000000,0.000000,0.000,0.000,AP
2026-04-08 13:37:51,1900-01-00 00:00:00,1020-wombat,B8:27:EB:FA:FF:FC,-47, WPA ,0.000000,0.000000,0.000,0.000,AP
2026-04-08 13:37:51,1900-01-00 00:00:00,1020-wombat,B8:27:EB:FA:FF:FC,-47, WPA ,0.000000,0.000000,0.000,0.000,AP
2026-04-08 13:37:51,1900-01-00 00:00:00,1020-wombat,B8:27:EB:FA:FF:FC,-46, WPA ,0.000000,0.000000,0.000,0.000,AP
2026-04-08 13:37:51,1900-01-00 00:00:00,1020-wombat,B8:27:EB:FA:FF:FC,-46, WPA ,0.000000,0.000000,0.000,0.000,AP
2026-04-08 13:37:51,1900-01-00 00:00:00,1020-wombat,B8:27:EB:FA:FF:FC,-58, WPA ,0.000000,0.000000,0.000,0.000,AP
2026-04-08 13:37:51,1900-01-00 00:00:00,1020-wombat,B8:27:EB:FA:FF:FC,-20, WPA ,0.000000,0.000000,0.000,0.000,AP
2026-04-08 13:37:51,1900-01-00 00:00:00,1020-wombat,B8:27:EB:FA:FF:FC,-47, WPA ,0.000000,0.000000,0.000,0.000,AP
2026-04-08 13:37:51,1900-01-00 00:00:00,1020-wombat,B8:27:EB:FA:FF:FC,-46, WPA ,0.000000,0.000000,0.000,0.000,AP
2026-04-08 13:37:51,1900-01-00 00:00:00,1020-wombat,B8:27:EB:FA:FF:FC,-57, WPA ,0.000000,0.000000,0.000,0.000,AP
2026-04-08 13:37:51,1900-01-00 00:00:00,1020-wombat,B8:27:EB:FA:FF:FC,-57, WPA ,0.000000,0.000000,0.000,0.000,AP
2026-04-08 13:37:51,1900-01-00 00:00:00,1020-wombat,B8:27:EB:FA:FF:FC,-57, WPA ,0.000000,0.000000,0.000,0.000,AP
2026-04-08 13:37:51,1900-01-00 00:00:00,1020-wombat,B8:27:EB:FA:FF:FC,-57, WPA ,0.000000,0.000000,0.000,0.000,AP
2026-04-08 13:37:51,1900-01-00 00:00:00,1020-wombat,B8:27:EB:FA:FF:FC,-57, WPA ,0.000000,0.000000,0.000,0.000,AP
2026-04-08 13:37:51,1900-01-00 00:00:00,1020-wombat,B8:27:EB:FA:FF:FC,-57, WPA ,0.000000,0.000000,0.000,0.000,AP
2026-04-08 13:37:51,1900-01-00 00:00:00,1020-wombat,B8:27:EB:FA:FF:FC,-57, WPA ,0.000000,0.000000,0.000,0.000,AP
2026-04-08 13:37:51,1900-01-00 00:00:00,1020-wombat,B8:27:EB:FA:FF:FC,-47, WPA ,0.000000,0.000000,0.000,0.000,AP
2026-04-08 13:37:51,1900-01-00 00:00:00,1020-wombat,B8:27:EB:FA:FF:FC,-47, WPA ,0.000000,0.000000,0.000,0.000,AP
2026-04-08 13:37:51,1900-01-00 00:00:00,1020-wombat,B8:27:EB:FA:FF:FC,-47, WPA ,0.000000,0.000000,0.000,0.000,AP
2026-04-08 13:37:51,1900-01-00 00:00:00,1020-wombat,B8:27:EB:FA:FF:FC,-47, WPA ,0.000000,0.000000,0.000,0.000,AP
2026-04-08 13:37:51,1900-01-00 00:00:00,1020-wombat,B8:27:EB:FA:FF:FC,-31, WPA ,0.000000,0.000000,0.000,0.000,AP
2026-04-08 13:37:51,1900-01-00 00:00:00,1020-wombat,B8:27:EB:FA:FF:FC,-45, WPA ,0.000000,0.000000,0.000,0.000,AP
2026-04-08 13:37:51,1900-01-00 00:00:00,1020-wombat,B8:27:EB:FA:FF:FC,-59, WPA ,0.000000,0.000000,0.000,0.000,AP
2026-04-08 13:37:51,1900-01-00 00:00:00,1020-wombat,B8:27:EB:FA:FF:FC,-59, WPA ,0.000000,0.000000,0.000,0.000,AP
2026-04-08 13:37:51,1900-01-00 00:00:00,1020-wombat,B8:27:EB:FA:FF:FC,-45, WPA ,0.000000,0.000000,0.000,0.000,AP
2026-04-08 13:37:51,1900-01-00 00:00:00,1020-wombat,B8:27:EB:FA:FF:FC,-45, WPA ,0.000000,0.000000,0.000,0.000,AP
2026-04-08 13:37:51,1900-01-00 00:00:00,1020-wombat,B8:27:EB:FA:FF:FC,-46, WPA ,0.000000,0.000000,0.000,0.000,AP
2026-04-08 13:37:51,1900-01-00 00:00:00,1020-wombat,B8:27:EB:FA:FF:FC,-30, WPA ,0.000000,0.000000,0.000,0.000,AP
2026-04-08 13:37:51,1900-01-00 00:00:00,1020-wombat,B8:27:EB:FA:FF:FC,-57, WPA ,0.000000,0.000000,0.000,0.000,AP
2026-04-08 13:37:51,1900-01-00 00:00:00,1020-wombat,B8:27:EB:FA:FF:FC,-58, WPA ,0.000000,0.000000,0.000,0.000,AP
2026-04-08 13:37:51,1900-01-00 00:00:00,1020-wombat,B8:27:EB:FA:FF:FC,-58, WPA ,0.000000,0.000000,0.000,0.000,AP
2026-04-08 13:37:51,1900-01-00 00:00:00,1020-wombat,B8:27:EB:FA:FF:FC,-31, WPA ,0.000000,0.000000,0.000,0.000,AP
2026-04-08 13:37:51,1900-01-00 00:00:00,1020-wombat,B8:27:EB:FA:FF:FC,-31, WPA ,0.000000,0.000000,0.000,0.000,AP
2026-04-08 13:37:51,1900-01-00 00:00:00,1020-wombat,B8:27:EB:FA:FF:FC,-58, WPA ,0.000000,0.000000,0.000,0.000,AP
2026-04-08 13:37:51,1900-01-00 00:00:00,1020-wombat,B8:27:EB:FA:FF:FC,-52, WPA ,0.000000,0.000000,0.000,0.000,AP
2026-04-08 13:37:51,1900-01-00 00:00:00,1020-wombat,B8:27:EB:FA:FF:FC,-31, WPA ,0.000000,0.000000,0.000,0.000,AP
2026-04-08 13:37:51,1900-01-00 00:00:00,1020-wombat,B8:27:EB:FA:FF:FC,-56, WPA ,0.000000,0.000000,0.000,0.000,AP
2026-04-08 13:37:51,1900-01-00 00:00:00,1020-wombat,B8:27:EB:FA:FF:FC,-57, WPA ,0.000000,0.000000,0.000,0.000,AP
2026-04-08 13:37:51,1900-01-00 00:00:00,1020-wombat,B8:27:EB:FA:FF:FC,-57, WPA ,0.000000,0.000000,0.000,0.000,AP
2026-04-08 13:37:51,1900-01-00 00:00:00,1020-wombat,B8:27:EB:FA:FF:FC,-47, WPA ,0.000000,0.000000,0.000,0.000,AP
2026-04-08 13:37:51,1900-01-00 00:00:00,1020-wombat,B8:27:EB:FA:FF:FC,-47, WPA ,0.000000,0.000000,0.000,0.000,AP
2026-04-08 13:37:51,1900-01-00 00:00:00,1020-wombat,B8:27:EB:FA:FF:FC,-31, WPA ,0.000000,0.000000,0.000,0.000,AP
2026-04-08 13:37:51,1900-01-00 00:00:00,1020-wombat,B8:27:EB:FA:FF:FC,-52, WPA ,0.000000,0.000000,0.000,0.000,AP
2026-04-08 13:37:51,1900-01-00 00:00:00,1020-wombat,B8:27:EB:FA:FF:FC,-57, WPA ,0.000000,0.000000,0.000,0.000,AP
2026-04-08 13:37:51,1900-01-00 00:00:00,1020-wombat,B8:27:EB:FA:FF:FC,-52, WPA ,0.000000,0.000000,0.000,0.000,AP
2026-04-08 13:37:51,1900-01-00 00:00:00,1020-wombat,B8:27:EB:FA:FF:FC,-52, WPA ,0.000000,0.000000,0.000,0.000,AP
2026-04-08 13:37:51,1900-01-00 00:00:00,1020-wombat,B8:27:EB:FA:FF:FC,-30, WPA ,0.000000,0.000000,0.000,0.000,AP
2026-04-08 13:37:51,1900-01-00 00:00:00,1020-wombat,B8:27:EB:FA:FF:FC,-57, WPA ,0.000000,0.000000,0.000,0.000,AP
2026-04-08 13:37:51,1900-01-00 00:00:00,1020-wombat,B8:27:EB:FA:FF:FC,-57, WPA ,0.000000,0.000000,0.000,0.000,AP
2026-04-08 13:37:51,1900-01-00 00:00:00,1020-wombat,B8:27:EB:FA:FF:FC,-55, WPA ,0.000000,0.000000,0.000,0.000,AP
2026-04-08 13:37:51,1900-01-00 00:00:00,1020-wombat,B8:27:EB:FA:FF:FC,-52, WPA ,0.000000,0.000000,0.000,0.000,AP
2026-04-08 13:37:51,1900-01-00 00:00:00,1020-wombat,B8:27:EB:FA:FF:FC,-47, WPA ,0.000000,0.000000,0.000,0.000,AP
2026-04-08 13:37:51,1900-01-00 00:00:00,1020-wombat,B8:27:EB:FA:FF:FC,-45, WPA ,0.000000,0.000000,0.000,0.000,AP
2026-04-08 13:37:51,1900-01-00 00:00:00,1020-wombat,B8:27:EB:FA:FF:FC,-46, WPA ,0.000000,0.000000,0.000,0.000,AP
2026-04-08 13:37:51,1900-01-00 00:00:00,1020-wombat,B8:27:EB:FA:FF:FC,-31, WPA ,0.000000,0.000000,0.000,0.000,AP
2026-04-08 13:37:51,1900-01-00 00:00:00,1020-wombat,B8:27:EB:FA:FF:FC,-53, WPA ,0.000000,0.000000,0.000,0.000,AP
2026-04-08 13:37:51,1900-01-00 00:00:00,1020-wombat,B8:27:EB:FA:FF:FC,-52, WPA ,0.000000,0.000000,0.000,0.000,AP
2026-04-08 13:37:51,1900-01-00 00:00:00,1020-wombat,B8:27:EB:FA:FF:FC,-55, WPA ,0.000000,0.000000,0.000,0.000,AP
2026-04-08 13:37:51,1900-01-00 00:00:00,1020-wombat,B8:27:EB:FA:FF:FC,-55, WPA ,0.000000,0.000000,0.000,0.000,AP
2026-04-08 13:37:51,1900-01-00 00:00:00,1020-wombat,B8:27:EB:FA:FF:FC,-55, WPA ,0.000000,0.000000,0.000,0.000,AP
2026-04-08 13:37:51,1900-01-00 00:00:00,1020-wombat,B8:27:EB:FA:FF:FC,-53, WPA ,0.000000,0.000000,0.000,0.000,AP
2026-04-08 13:37:51,1900-01-00 00:00:00,1020-wombat,B8:27:EB:FA:FF:FC,-57, WPA ,0.000000,0.000000,0.000,0.000,AP
2026-04-08 13:37:51,1900-01-00 00:00:00,1020-wombat,B8:27:EB:FA:FF:FC,-52, WPA ,0.000000,0.000000,0.000,0.000,AP
2026-04-08 13:37:51,1900-01-00 00:00:00,1020-wombat,B8:27:EB:FA:FF:FC,-55, WPA ,0.000000,0.000000,0.000,0.000,AP
2026-04-08 13:37:51,1900-01-00 00:00:00,1020-wombat,B8:27:EB:FA:FF:FC,-55, WPA ,0.000000,0.000000,0.000,0.000,AP
2026-04-08 13:37:51,1900-01-00 00:00:00,1020-wombat,B8:27:EB:FA:FF:FC,-53, WPA ,0.000000,0.000000,0.000,0.000,AP
2026-04-08 13:37:51,1900-01-00 00:00:00,1020-wombat,B8:27:EB:FA:FF:FC,-53, WPA ,0.000000,0.000000,0.000,0.000,AP
2026-04-08 13:37:51,1900-01-00 00:00:00,1020-wombat,B8:27:EB:FA:FF:FC,-53, WPA ,0.000000,0.000000,0.000,0.000,AP
2026-04-08 13:37:51,1900-01-00 00:00:00,1020-wombat,B8:27:EB:FA:FF:FC,-53, WPA ,0.000000,0.000000,0.000,0.000,AP
2026-04-08 13:37:51,1900-01-00 00:00:00,1020-wombat,B8:27:EB:FA:FF:FC,-53, WPA ,0.000000,0.000000,0.000,0.000,AP
2026-04-08 13:37:51,1900-01-00 00:00:00,1020-wombat,B8:27:EB:FA:FF:FC,-53, WPA ,0.000000,0.000000,0.000,0.000,AP
2026-04-08 13:37:51,1900-01-00 00:00:00,1020-wombat,B8:27:EB:FA:FF:FC,-53, WPA ,0.000000,0.000000,0.000,0.000,AP
2026-04-08 13:37:51,1900-01-00 00:00:00,1020-wombat,B8:27:EB:FA:FF:FC,-53, WPA ,0.000000,0.000000,0.000,0.000,AP
2026-04-08 13:37:51,1900-01-00 00:00:00,1020-wombat,B8:27:EB:FA:FF:FC,-52, WPA ,0.000000,0.000000,0.000,0.000,AP
2026-04-08 13:37:51,1900-01-00 00:00:00,1020-wombat,B8:27:EB:FA:FF:FC,-55, WPA ,0.000000,0.000000,0.000,0.000,AP
2026-04-08 13:37:51,1900-01-00 00:00:00,1020-wombat,B8:27:EB:FA:FF:FC,-55, WPA ,0.000000,0.000000,0.000,0.000,AP
2026-04-08 13:37:51,1900-01-00 00:00:00,1020-wombat,B8:27:EB:FA:FF:FC,-55, WPA ,0.000000,0.000000,0.000,0.000,AP
2026-04-08 13:37:51,1900-01-00 00:00:00,1020-wombat,B8:27:EB:FA:FF:FC,-55, WPA ,0.000000,0.000000,0.000,0.000,AP
2026-04-08 13:37:51,1900-01-00 00:00:00,1020-wombat,B8:27:EB:FA:FF:FC,-30, WPA ,0.000000,0.000000,0.000,0.000,AP
2026-04-08 13:37:51,1900-01-00 00:00:00,1020-wombat,B8:27:EB:FA:FF:FC,-45, WPA ,0.000000,0.000000,0.000,0.000,AP
2026-04-08 13:37:51,1900-01-00 00:00:00,1020-wombat,B8:27:EB:FA:FF:FC,-20, WPA ,0.000000,0.000000,0.000,0.000,AP
2026-04-08 13:37:51,1900-01-00 00:00:00,1020-wombat,B8:27:EB:FA:FF:FC,-20, WPA ,0.000000,0.000000,0.000,0.000,AP
2026-04-08 13:37:51,1900-01-00 00:00:00,1020-wombat,B8:27:EB:FA:FF:FC,-20, WPA ,0.000000,0.000000,0.000,0.000,AP
2026-04-08 13:37:51,1900-01-00 00:00:00,1020-wombat,B8:27:EB:FA:FF:FC,-20, WPA ,0.000000,0.000000,0.000,0.000,AP
2026-04-08 13:37:51,1900-01-00 00:00:00,1020-wombat,B8:27:EB:FA:FF:FC,-20, WPA ,0.000000,0.000000,0.000,0.000,AP
2026-04-08 13:37:51,1900-01-00 00:00:00,1020-wombat,B8:27:EB:FA:FF:FC,-20, WPA ,0.000000,0.000000,0.000,0.000,AP
2026-04-08 13:37:51,1900-01-00 00:00:00,1020-wombat,B8:27:EB:FA:FF:FC,-20, WPA ,0.000000,0.000000,0.000,0.000,AP
2026-04-08 13:37:51,1900-01-00 00:00:00,1020-wombat,B8:27:EB:FA:FF:FC,-20, WPA ,0.000000,0.000000,0.000,0.000,AP
2026-04-08 13:37:51,1900-01-00 00:00:00,1020-wombat,B8:27:EB:FA:FF:FC,-54, WPA ,0.000000,0.000000,0.000,0.000,AP
2026-04-08 13:37:51,1900-01-00 00:00:00,1020-wombat,B8:27:EB:FA:FF:FC,-58, WPA ,0.000000,0.000000,0.000,0.000,AP
2026-04-08 13:37:51,1900-01-00 00:00:00,1020-wombat,B8:27:EB:FA:FF:FC,-58, WPA ,0.000000,0.000000,0.000,0.000,AP
2026-04-08 13:37:51,1900-01-00 00:00:00,1020-wombat,B8:27:EB:FA:FF:FC,-58, WPA ,0.000000,0.000000,0.000,0.000,AP
2026-04-08 13:37:51,1900-01-00 00:00:00,1020-wombat,B8:27:EB:FA:FF:FC,-58, WPA ,0.000000,0.000000,0.000,0.000,AP
2026-04-08 13:37:51,1900-01-00 00:00:00,1020-wombat,B8:27:EB:FA:FF:FC,-58, WPA ,0.000000,0.000000,0.000,0.000,AP
2026-04-08 13:37:51,1900-01-00 00:00:00,1020-wombat,B8:27:EB:FA:FF:FC,-58, WPA ,0.000000,0.000000,0.000,0.000,AP
2026-04-08 13:37:51,1900-01-00 00:00:00,1020-wombat,B8:27:EB:FA:FF:FC,-58, WPA ,0.000000,0.000000,0.000,0.000,AP
2026-04-08 13:37:51,1900-01-00 00:00:00,1020-wombat,B8:27:EB:FA:FF:FC,-58, WPA ,0.000000,0.000000,0.000,0.000,AP
2026-04-08 13:37:51,1900-01-00 00:00:00,1020-wombat,B8:27:EB:FA:FF:FC,-58, WPA ,0.000000,0.000000,0.000,0.000,AP
2026-04-08 13:37:51,1900-01-00 00:00:00,1020-wombat,B8:27:EB:FA:FF:FC,-58, WPA ,0.000000,0.000000,0.000,0.000,AP
2026-04-08 13:37:51,1900-01-00 00:00:00,1020-wombat,B8:27:EB:FA:FF:FC,-58, WPA ,0.000000,0.000000,0.000,0.000,AP
2026-04-08 13:37:51,1900-01-00 00:00:00,1020-wombat,B8:27:EB:FA:FF:FC,-58, WPA ,0.000000,0.000000,0.000,0.000,AP
2026-04-08 13:37:51,1900-01-00 00:00:00,1020-wombat,B8:27:EB:FA:FF:FC,-58, WPA ,0.000000,0.000000,0.000,0.000,AP
2026-04-08 13:37:51,1900-01-00 00:00:00,1020-wombat,B8:27:EB:FA:FF:FC,-47, WPA ,0.000000,0.000000,0.000,0.000,AP
2026-04-08 13:37:51,1900-01-00 00:00:00,1020-wombat,B8:27:EB:FA:FF:FC,-31, WPA ,0.000000,0.000000,0.000,0.000,AP
2026-04-08 13:37:51,1900-01-00 00:00:00,1020-wombat,B8:27:EB:FA:FF:FC,-31, WPA ,0.000000,0.000000,0.000,0.000,AP
2026-04-08 13:37:51,1900-01-00 00:00:00,1020-wombat,B8:27:EB:FA:FF:FC,-31, WPA ,0.000000,0.000000,0.000,0.000,AP
2026-04-08 13:37:51,1900-01-00 00:00:00,1020-wombat,B8:27:EB:FA:FF:FC,-31, WPA ,0.000000,0.000000,0.000,0.000,AP
2026-04-08 13:37:51,1900-01-00 00:00:00,1020-wombat,B8:27:EB:FA:FF:FC,-31, WPA ,0.000000,0.000000,0.000,0.000,AP
2026-04-08 13:37:51,1900-01-00 00:00:00,1020-wombat,B8:27:EB:FA:FF:FC,-31, WPA ,0.000000,0.000000,0.000,0.000,AP
2026-04-08 13:37:51,1900-01-00 00:00:00,1020-wombat,B8:27:EB:FA:FF:FC,-31, WPA ,0.000000,0.000000,0.000,0.000,AP
2026-04-08 13:37:51,1900-01-00 00:00:00,1020-wombat,B8:27:EB:FA:FF:FC,-31, WPA ,0.000000,0.000000,0.000,0.000,AP
2026-04-08 13:37:51,1900-01-00 00:00:00,1020-wombat,B8:27:EB:FA:FF:FC,-58, WPA ,0.000000,0.000000,0.000,0.000,AP
2026-04-08 13:37:51,1900-01-00 00:00:00,1020-wombat,B8:27:EB:FA:FF:FC,-58, WPA ,0.000000,0.000000,0.000,0.000,AP
2026-04-08 13:37:51,1900-01-00 00:00:00,1020-wombat,B8:27:EB:FA:FF:FC,-58, WPA ,0.000000,0.000000,0.000,0.000,AP
2026-04-08 13:37:51,1900-01-00 00:00:00,1020-wombat,B8:27:EB:FA:FF:FC,-58, WPA ,0.000000,0.000000,0.000,0.000,AP
2026-04-08 13:37:51,1900-01-00 00:00:00,1020-wombat,B8:27:EB:FA:FF:FC,-58, WPA ,0.000000,0.000000,0.000,0.000,AP
2026-04-08 13:37:51,1900-01-00 00:00:00,1020-wombat,B8:27:EB:FA:FF:FC,-58, WPA ,0.000000,0.000000,0.000,0.000,AP
2026-04-08 13:37:51,1900-01-00 00:00:00,1020-wombat,B8:27:EB:FA:FF:FC,-58, WPA ,0.000000,0.000000,0.000,0.000,AP
2026-04-08 13:37:51,1900-01-00 00:00:00,1020-wombat,B8:27:EB:FA:FF:FC,-58, WPA ,0.000000,0.000000,0.000,0.000,AP
2026-04-08 13:37:51,1900-01-00 00:00:00,1020-wombat,B8:27:EB:FA:FF:FC,-58, WPA ,0.000000,0.000000,0.000,0.000,AP
2026-04-08 13:37:51,1900-01-00 00:00:00,1020-wombat,B8:27:EB:FA:FF:FC,-58, WPA ,0.000000,0.000000,0.000,0.000,AP
2026-04-08 13:37:51,1900-01-00 00:00:00,1020-wombat,B8:27:EB:FA:FF:FC,-58, WPA ,0.000000,0.000000,0.000,0.000,AP
2026-04-08 13:37:51,1900-01-00 00:00:00,1020-wombat,B8:27:EB:FA:FF:FC,-58, WPA ,0.000000,0.000000,0.000,0.000,AP
2026-04-08 13:37:51,1900-01-00 00:00:00,1020-wombat,B8:27:EB:FA:FF:FC,-55, WPA ,0.000000,0.000000,0.000,0.000,AP
2026-04-08 13:37:51,1900-01-00 00:00:00,1020-wombat,B8:27:EB:FA:FF:FC,-55, WPA ,0.000000,0.000000,0.000,0.000,AP
2026-04-08 13:37:51,1900-01-00 00:00:00,1020-wombat,B8:27:EB:FA:FF:FC,-55, WPA ,0.000000,0.000000,0.000,0.000,AP
2026-04-08 13:37:51,1900-01-00 00:00:00,1020-wombat,B8:27:EB:FA:FF:FC,-55, WPA ,0.000000,0.000000,0.000,0.000,AP
2026-04-08 13:37:51,1900-01-00 00:00:00,1020-wombat,B8:27:EB:FA:FF:FC,-55, WPA ,0.000000,0.000000,0.000,0.000,AP
2026-04-08 13:37:51,1900-01-00 00:00:00,1020-wombat,B8:27:EB:FA:FF:FC,-55, WPA ,0.000000,0.000000,0.000,0.000,AP
2026-04-08 13:37:51,1900-01-00 00:00:00,1020-wombat,B8:27:EB:FA:FF:FC,-45, WPA ,0.000000,0.000000,0.000,0.000,AP
2026-04-08 13:37:51,1900-01-00 00:00:00,1020-wombat,B8:27:EB:FA:FF:FC,-45, WPA ,0.000000,0.000000,0.000,0.000,AP
2026-04-08 13:37:51,1900-01-00 00:00:00,1020-wombat,B8:27:EB:FA:FF:FC,-45, WPA ,0.000000,0.000000,0.000,0.000,AP
2026-04-08 13:37:51,1900-01-00 00:00:00,1020-wombat,B8:27:EB:FA:FF:FC,-45, WPA ,0.000000,0.000000,0.000,0.000,AP
2026-04-08 13:37:51,1900-01-00 00:00:00,1020-wombat,B8:27:EB:FA:FF:FC,-45, WPA ,0.000000,0.000000,0.000,0.000,AP
2026-04-08 13:37:51,1900-01-00 00:00:00,1020-wombat,B8:27:EB:FA:FF:FC,-45, WPA ,0.000000,0.000000,0.000,0.000,AP
2026-04-08 13:37:51,1900-01-00 00:00:00,1020-wombat,B8:27:EB:FA:FF:FC,-56, WPA ,0.000000,0.000000,0.000,0.000,AP
2026-04-08 13:37:51,1900-01-00 00:00:00,1020-wombat,B8:27:EB:FA:FF:FC,-54, WPA ,0.000000,0.000000,0.000,0.000,AP
2026-04-08 13:37:51,1900-01-00 00:00:00,1020-wombat,B8:27:EB:FA:FF:FC,-54, WPA ,0.000000,0.000000,0.000,0.000,AP
2026-04-08 13:37:51,1900-01-00 00:00:00,1020-wombat,B8:27:EB:FA:FF:FC,-54, WPA ,0.000000,0.000000,0.000,0.000,AP
2026-04-08 13:37:51,1900-01-00 00:00:00,1020-wombat,B8:27:EB:FA:FF:FC,-54, WPA ,0.000000,0.000000,0.000,0.000,AP
2026-04-08 13:37:51,1900-01-00 00:00:00,1020-wombat,B8:27:EB:FA:FF:FC,-54, WPA ,0.000000,0.000000,0.000,0.000,AP
2026-04-08 13:37:51,1900-01-00 00:00:00,1020-wombat,B8:27:EB:FA:FF:FC,-44, WPA ,0.000000,0.000000,0.000,0.000,AP
2026-04-08 13:37:51,1900-01-00 00:00:00,1020-wombat,B8:27:EB:FA:FF:FC,-44, WPA ,0.000000,0.000000,0.000,0.000,AP
2026-04-08 13:37:51,1900-01-00 00:00:00,1020-wombat,B8:27:EB:FA:FF:FC,-46, WPA ,0.000000,0.000000,0.000,0.000,AP
2026-04-08 13:37:51,1900-01-00 00:00:00,1020-wombat,B8:27:EB:FA:FF:FC,-46, WPA ,0.000000,0.000000,0.000,0.000,AP
2026-04-08 13:37:51,1900-01-00 00:00:00,1020-wombat,B8:27:EB:FA:FF:FC,-46, WPA ,0.000000,0.000000,0.000,0.000,AP
2026-04-08 13:37:51,1900-01-00 00:00:00,1020-wombat,B8:27:EB:FA:FF:FC,-46, WPA ,0.000000,0.000000,0.000,0.000,AP
2026-04-08 13:37:51,1900-01-00 00:00:00,1020-wombat,B8:27:EB:FA:FF:FC,-46, WPA ,0.000000,0.000000,0.000,0.000,AP
2026-04-08 13:37:51,1900-01-00 00:00:00,1020-wombat,B8:27:EB:FA:FF:FC,-46, WPA ,0.000000,0.000000,0.000,0.000,AP
2026-04-08 13:37:51,1900-01-00 00:00:00,1020-wombat,B8:27:EB:FA:FF:FC,-46, WPA ,0.000000,0.000000,0.000,0.000,AP
2026-04-08 13:37:51,1900-01-00 00:00:00,1020-wombat,B8:27:EB:FA:FF:FC,-46, WPA ,0.000000,0.000000,0.000,0.000,AP
2026-04-08 13:37:51,1900-01-00 00:00:00,1020-wombat,B8:27:EB:FA:FF:FC,-46, WPA ,0.000000,0.000000,0.000,0.000,AP
2026-04-08 13:37:51,1900-01-00 00:00:00,1020-wombat,B8:27:EB:FA:FF:FC,-46, WPA ,0.000000,0.000000,0.000,0.000,AP
2026-04-08 13:37:51,1900-01-00 00:00:00,1020-wombat,B8:27:EB:FA:FF:FC,-59, WPA ,0.000000,0.000000,0.000,0.000,AP
2026-04-08 13:37:51,1900-01-00 00:00:00,1020-wombat,B8:27:EB:FA:FF:FC,-59, WPA ,0.000000,0.000000,0.000,0.000,AP
2026-04-08 13:37:51,1900-01-00 00:00:00,1020-wombat,B8:27:EB:FA:FF:FC,-59, WPA ,0.000000,0.000000,0.000,0.000,AP
2026-04-08 13:37:51,1900-01-00 00:00:00,1020-wombat,B8:27:EB:FA:FF:FC,-59, WPA ,0.000000,0.000000,0.000,0.000,AP
2026-04-08 13:37:51,1900-01-00 00:00:00,1020-wombat,B8:27:EB:FA:FF:FC,-59, WPA ,0.000000,0.000000,0.000,0.000,AP
2026-04-08 13:37:51,1900-01-00 00:00:00,1020-wombat,B8:27:EB:FA:FF:FC,-59, WPA ,0.000000,0.000000,0.000,0.000,AP
2026-04-08 13:37:51,1900-01-00 00:00:00,1020-wombat,B8:27:EB:FA:FF:FC,-59, WPA ,0.000000,0.000000,0.000,0.000,AP
2026-04-08 13:37:51,1900-01-00 00:00:00,1020-wombat,B8:27:EB:FA:FF:FC,-59, WPA ,0.000000,0.000000,0.000,0.000,AP
2026-04-08 13:37:51,1900-01-00 00:00:00,1020-wombat,B8:27:EB:FA:FF:FC,-59, WPA ,0.000000,0.000000,0.000,0.000,AP
2026-04-08 13:37:51,1900-01-00 00:00:00,1020-wombat,B8:27:EB:FA:FF:FC,-59, WPA ,0.000000,0.000000,0.000,0.000,AP
2026-04-08 13:37:51,1900-01-00 00:00:00,1020-wombat,B8:27:EB:FA:FF:FC,-59, WPA ,0.000000,0.000000,0.000,0.000,AP
2026-04-08 13:37:51,1900-01-00 00:00:00,1020-wombat,B8:27:EB:FA:FF:FC,-59, WPA ,0.000000,0.000000,0.000,0.000,AP
2026-04-08 13:37:51,1900-01-00 00:00:00,1020-wombat,B8:27:EB:FA:FF:FC,-59, WPA ,0.000000,0.000000,0.000,0.000,AP
2026-04-08 13:37:51,1900-01-00 00:00:00,1020-wombat,B8:27:EB:FA:FF:FC,-47, WPA ,0.000000,0.000000,0.000,0.000,AP
2026-04-08 13:37:51,1900-01-00 00:00:00,1020-wombat,B8:27:EB:FA:FF:FC,-37, WPA ,0.000000,0.000000,0.000,0.000,AP
2026-04-08 13:37:51,1900-01-00 00:00:00,1020-wombat,B8:27:EB:FA:FF:FC,-37, WPA ,0.000000,0.000000,0.000,0.000,AP
2026-04-08 13:37:51,1900-01-00 00:00:00,1020-wombat,B8:27:EB:FA:FF:FC,-37, WPA ,0.000000,0.000000,0.000,0.000,AP
2026-04-08 13:37:51,1900-01-00 00:00:00,1020-wombat,B8:27:EB:FA:FF:FC,-37, WPA ,0.000000,0.000000,0.000,0.000,AP
2026-04-08 13:37:51,1900-01-00 00:00:00,1020-wombat,B8:27:EB:FA:FF:FC,-37, WPA ,0.000000,0.000000,0.000,0.000,AP
2026-04-08 13:37:51,1900-01-00 00:00:00,1020-wombat,B8:27:EB:FA:FF:FC,-37, WPA ,0.000000,0.000000,0.000,0.000,AP
2026-04-08 13:37:51,1900-01-00 00:00:00,1020-wombat,B8:27:EB:FA:FF:FC,-37, WPA ,0.000000,0.000000,0.000,0.000,AP
2026-04-08 13:37:51,1900-01-00 00:00:00,1020-wombat,B8:27:EB:FA:FF:FC,-37, WPA ,0.000000,0.000000,0.000,0.000,AP
2026-04-08 13:37:51,1900-01-00 00:00:00,1020-wombat,B8:27:EB:FA:FF:FC,-55, WPA ,0.000000,0.000000,0.000,0.000,AP
2026-04-08 13:37:51,1900-01-00 00:00:00,1020-wombat,B8:27:EB:FA:FF:FC,-55, WPA ,0.000000,0.000000,0.000,0.000,AP
2026-04-08 13:37:51,1900-01-00 00:00:00,1020-wombat,B8:27:EB:FA:FF:FC,-55, WPA ,0.000000,0.000000,0.000,0.000,AP
2026-04-08 13:37:51,1900-01-00 00:00:00,1020-wombat,B8:27:EB:FA:FF:FC,-55, WPA ,0.000000,0.000000,0.000,0.000,AP
2026-04-08 13:37:51,1900-01-00 00:00:00,1020-wombat,B8:27:EB:FA:FF:FC,-55, WPA ,0.000000,0.000000,0.000,0.000,AP
2026-04-08 13:37:51,1900-01-00 00:00:00,1020-wombat,B8:27:EB:FA:FF:FC,-55, WPA ,0.000000,0.000000,0.000,0.000,AP
2026-04-08 13:37:51,1900-01-00 00:00:00,1020-wombat,B8:27:EB:FA:FF:FC,-55, WPA ,0.000000,0.000000,0.000,0.000,AP
2026-04-08 13:37:51,1900-01-00 00:00:00,1020-wombat,B8:27:EB:FA:FF:FC,-55, WPA ,0.000000,0.000000,0.000,0.000,AP
2026-04-08 13:37:51,1900-01-00 00:00:00,1020-wombat,B8:27:EB:FA:FF:FC,-55, WPA ,0.000000,0.000000,0.000,0.000,AP
2026-04-08 13:37:51,1900-01-00 00:00:00,1020-wombat,B8:27:EB:FA:FF:FC,-55, WPA ,0.000000,0.000000,0.000,0.000,AP
2026-04-08 13:37:51,1900-01-00 00:00:00,1020-wombat,B8:27:EB:FA:FF:FC,-55, WPA ,0.000000,0.000000,0.000,0.000,AP
2026-04-08 13:37:51,1900-01-00 00:00:00,1020-wombat,B8:27:EB:FA:FF:FC,-55, WPA ,0.000000,0.000000,0.000,0.000,AP
2026-04-08 13:37:51,1900-01-00 00:00:00,1020-wombat,B8:27:EB:FA:FF:FC,-55, WPA ,0.000000,0.000000,0.000,0.000,AP
2026-04-08 13:37:51,1900-01-00 00:00:00,1020-wombat,B8:27:EB:FA:FF:FC,-55, WPA ,0.000000,0.000000,0.000,0.000,AP
2026-04-08 13:37:51,1900-01-00 00:00:00,1020-wombat,B8:27:EB:FA:FF:FC,-55, WPA ,0.000000,0.000000,0.000,0.000,AP
2026-04-08 13:37:51,1900-01-00 00:00:00,1020-wombat,B8:27:EB:FA:FF:FC,-55, WPA ,0.000000,0.000000,0.000,0.000,AP
2026-04-08 13:37:51,1900-01-00 00:00:00,1020-wombat,B8:27:EB:FA:FF:FC,-55, WPA ,0.000000,0.000000,0.000,0.000,AP
2026-04-08 13:37:51,1900-01-00 00:00:00,1020-wombat,B8:27:EB:FA:FF:FC,-55, WPA ,0.000000,0.000000,0.000,0.000,AP
2026-04-08 13:37:51,1900-01-00 00:00:00,1020-wombat,B8:27:EB:FA:FF:FC,-45, WPA ,0.000000,0.000000,0.000,0.000,AP
2026-04-08 13:37:51,1900-01-00 00:00:00,1020-wombat,B8:27:EB:FA:FF:FC,-45, WPA ,0.000000,0.000000,0.000,0.000,AP
2026-04-08 13:37:51,1900-01-00 00:00:00,1020-wombat,B8:27:EB:FA:FF:FC,-45, WPA ,0.000000,0.000000,0.000,0.000,AP
2026-04-08 13:37:51,1900-01-00 00:00:00,1020-wombat,B8:27:EB:FA:FF:FC,-45, WPA ,0.000000,0.000000,0.000,0.000,AP
2026-04-08 13:37:51,1900-01-00 00:00:00,1020-wombat,B8:27:EB:FA:FF:FC,-45, WPA ,0.000000,0.000000,0.000,0.000,AP
2026-04-08 13:37:51,1900-01-00 00:00:00,1020-wombat,B8:27:EB:FA:FF:FC,-45, WPA ,0.000000,0.000000,0.000,0.000,AP
2026-04-08 13:37:51,1900-01-00 00:00:00,1020-wombat,B8:27:EB:FA:FF:FC,-45, WPA ,0.000000,0.000000,0.000,0.000,AP
2026-04-08 13:37:51,1900-01-00 00:00:00,1020-wombat,B8:27:EB:FA:FF:FC,-45, WPA ,0.000000,0.000000,0.000,0.000,AP
2026-04-08 13:37:51,1900-01-00 00:00:00,1020-wombat,B8:27:EB:FA:FF:FC,-45, WPA ,0.000000,0.000000,0.000,0.000,AP
2026-04-08 13:37:51,1900-01-00 00:00:00,1020-wombat,B8:27:EB:FA:FF:FC,-45, WPA ,0.000000,0.000000,0.000,0.000,AP
2026-04-08 13:37:51,1900-01-00 00:00:00,1020-wombat,B8:27:EB:FA:FF:FC,-45, WPA ,0.000000,0.000000,0.000,0.000,AP
2026-04-08 13:37:51,1900-01-00 00:00:00,1020-wombat,B8:27:EB:FA:FF:FC,-54, WPA ,0.000000,0.000000,0.000,0.000,AP
2026-04-08 13:37:51,1900-01-00 00:00:00,1020-wombat,B8:27:EB:FA:FF:FC,-54, WPA ,0.000000,0.000000,0.000,0.000,AP
2026-04-08 13:37:51,1900-01-00 00:00:00,1020-wombat,B8:27:EB:FA:FF:FC,-54, WPA ,0.000000,0.000000,0.000,0.000,AP
2026-04-08 13:37:51,1900-01-00 00:00:00,1020-wombat,B8:27:EB:FA:FF:FC,-54, WPA ,0.000000,0.000000,0.000,0.000,AP
2026-04-08 13:37:51,1900-01-00 00:00:00,1020-wombat,B8:27:EB:FA:FF:FC,-54, WPA ,0.000000,0.000000,0.000,0.000,AP
2026-04-08 13:37:51,1900-01-00 00:00:00,1020-wombat,B8:27:EB:FA:FF:FC,-54, WPA ,0.000000,0.000000,0.000,0.000,AP
2026-04-08 13:37:51,1900-01-00 00:00:00,1020-wombat,B8:27:EB:FA:FF:FC,-54, WPA ,0.000000,0.000000,0.000,0.000,AP
2026-04-08 13:37:51,1900-01-00 00:00:00,1020-wombat,B8:27:EB:FA:FF:FC,-54, WPA ,0.000000,0.000000,0.000,0.000,AP
2026-04-08 13:37:51,1900-01-00 00:00:00,1020-wombat,B8:27:EB:FA:FF:FC,-54, WPA ,0.000000,0.000000,0.000,0.000,AP
2026-04-08 13:37:51,1900-01-00 00:00:00,1020-wombat,B8:27:EB:FA:FF:FC,-54, WPA ,0.000000,0.000000,0.000,0.000,AP
2026-04-08 13:37:51,1900-01-00 00:00:00,1020-wombat,B8:27:EB:FA:FF:FC,-54, WPA ,0.000000,0.000000,0.000,0.000,AP
2026-04-08 13:37:51,1900-01-00 00:00:00,1020-wombat,B8:27:EB:FA:FF:FC,-54, WPA ,0.000000,0.000000,0.000,0.000,AP
2026-04-08 13:37:51,1900-01-00 00:00:00,1020-wombat,B8:27:EB:FA:FF:FC,-49, WPA ,0.000000,0.000000,0.000,0.000,AP
2026-04-08 13:37:51,1900-01-00 00:00:00,1020-wombat,B8:27:EB:FA:FF:FC,-39, WPA ,0.000000,0.000000,0.000,0.000,AP
2026-04-08 13:37:51,1900-01-00 00:00:00,1020-wombat,B8:27:EB:FA:FF:FC,-47, WPA ,0.000000,0.000000,0.000,0.000,AP
2026-04-08 13:37:51,1900-01-00 00:00:00,1020-wombat,B8:27:EB:FA:FF:FC,-47, WPA ,0.000000,0.000000,0.000,0.000,AP
2026-04-08 13:37:51,1900-01-00 00:00:00,1020-wombat,B8:27:EB:FA:FF:FC,-47, WPA ,0.000000,0.000000,0.000,0.000,AP
2026-04-08 13:37:51,1900-01-00 00:00:00,1020-wombat,B8:27:EB:FA:FF:FC,-47, WPA ,0.000000,0.000000,0.000,0.000,AP
2026-04-08 13:37:51,1900-01-00 00:00:00,1020-wombat,B8:27:EB:FA:FF:FC,-47, WPA ,0.000000,0.000000,0.000,0.000,AP
2026-04-08 13:37:51,1900-01-00 00:00:00,1020-wombat,B8:27:EB:FA:FF:FC,-47, WPA ,0.000000,0.000000,0.000,0.000,AP
2026-04-08 13:37:51,1900-01-00 00:00:00,1020-wombat,B8:27:EB:FA:FF:FC,-47, WPA ,0.000000,0.000000,0.000,0.000,AP
2026-04-08 13:37:51,1900-01-00 00:00:00,1020-wombat,B8:27:EB:FA:FF:FC,-54, WPA ,0.000000,0.000000,0.000,0.000,AP
2026-04-08 13:37:51,1900-01-00 00:00:00,1020-wombat,B8:27:EB:FA:FF:FC,-47, WPA ,0.000000,0.000000,0.000,0.000,AP
2026-04-08 13:37:51,1900-01-00 00:00:00,1020-wombat,B8:27:EB:FA:FF:FC,-47, WPA ,0.000000,0.000000,0.000,0.000,AP
2026-04-08 13:37:51,1900-01-00 00:00:00,1020-wombat,B8:27:EB:FA:FF:FC,-47, WPA ,0.000000,0.000000,0.000,0.000,AP
2026-04-08 13:37:51,1900-01-00 00:00:00,1020-wombat,B8:27:EB:FA:FF:FC,-47, WPA ,0.000000,0.000000,0.000,0.000,AP
2026-04-08 13:37:51,1900-01-00 00:00:00,1020-wombat,B8:27:EB:FA:FF:FC,-47, WPA ,0.000000,0.000000,0.000,0.000,AP
2026-04-08 13:37:51,1900-01-00 00:00:00,1020-wombat,B8:27:EB:FA:FF:FC,-47, WPA ,0.000000,0.000000,0.000,0.000,AP
2026-04-08 13:37:51,1900-01-00 00:00:00,1020-wombat,B8:27:EB:FA:FF:FC,-47, WPA ,0.000000,0.000000,0.000,0.000,AP
2026-04-08 13:37:51,1900-01-00 00:00:00,1020-wombat,B8:27:EB:FA:FF:FC,-47, WPA ,0.000000,0.000000,0.000,0.000,AP
2026-04-08 13:37:51,1900-01-00 00:00:00,1020-wombat,B8:27:EB:FA:FF:FC,-47, WPA ,0.000000,0.000000,0.000,0.000,AP
2026-04-08 13:37:51,1900-01-00 00:00:00,1020-wombat,B8:27:EB:FA:FF:FC,-47, WPA ,0.000000,0.000000,0.000,0.000,AP
2026-04-08 13:37:51,1900-01-00 00:00:00,1020-wombat,B8:27:EB:FA:FF:FC,-47, WPA ,0.000000,0.000000,0.000,0.000,AP
2026-04-08 13:37:51,1900-01-00 00:00:00,1020-wombat,B8:27:EB:FA:FF:FC,-47, WPA ,0.000000,0.000000,0.000,0.000,AP
2026-04-08 13:37:51,1900-01-00 00:00:00,1020-wombat,B8:27:EB:FA:FF:FC,-47, WPA ,0.000000,0.000000,0.000,0.000,AP
2026-04-08 13:37:51,1900-01-00 00:00:00,1020-wombat,B8:27:EB:FA:FF:FC,-47, WPA ,0.000000,0.000000,0.000,0.000,AP
2026-04-08 13:37:51,1900-01-00 00:00:00,1020-wombat,B8:27:EB:FA:FF:FC,-47, WPA ,0.000000,0.000000,0.000,0.000,AP
2026-04-08 13:37:51,1900-01-00 00:00:00,1020-wombat,B8:27:EB:FA:FF:FC,-47, WPA ,0.000000,0.000000,0.000,0.000,AP
2026-04-08 13:37:51,1900-01-00 00:00:00,1020-wombat,B8:27:EB:FA:FF:FC,-57, WPA ,0.000000,0.000000,0.000,0.000,AP
2026-04-08 13:37:51,1900-01-00 00:00:00,1020-wombat,B8:27:EB:FA:FF:FC,-49, WPA ,0.000000,0.000000,0.000,0.000,AP
2026-04-08 13:37:51,1900-01-00 00:00:00,1020-wombat,B8:27:EB:FA:FF:FC,-49, WPA ,0.000000,0.000000,0.000,0.000,AP
2026-04-08 13:37:51,1900-01-00 00:00:00,1020-wombat,B8:27:EB:FA:FF:FC,-49, WPA ,0.000000,0.000000,0.000,0.000,AP
2026-04-08 13:37:51,1900-01-00 00:00:00,1020-wombat,B8:27:EB:FA:FF:FC,-49, WPA ,0.000000,0.000000,0.000,0.000,AP
2026-04-08 13:37:51,1900-01-00 00:00:00,1020-wombat,B8:27:EB:FA:FF:FC,-49, WPA ,0.000000,0.000000,0.000,0.000,AP
2026-04-08 13:37:51,1900-01-00 00:00:00,1020-wombat,B8:27:EB:FA:FF:FC,-49, WPA ,0.000000,0.000000,0.000,0.000,AP
2026-04-08 13:37:51,1900-01-00 00:00:00,1020-wombat,B8:27:EB:FA:FF:FC,-49, WPA ,0.000000,0.000000,0.000,0.000,AP
2026-04-08 13:37:51,1900-01-00 00:00:00,1020-wombat,B8:27:EB:FA:FF:FC,-49, WPA ,0.000000,0.000000,0.000,0.000,AP
2026-04-08 13:37:51,1900-01-00 00:00:00,1020-wombat,B8:27:EB:FA:FF:FC,-48, WPA ,0.000000,0.000000,0.000,0.000,AP
2026-04-08 13:37:51,1900-01-00 00:00:00,1020-wombat,B8:27:EB:FA:FF:FC,-48, WPA ,0.000000,0.000000,0.000,0.000,AP
2026-04-08 13:37:51,1900-01-00 00:00:00,1020-wombat,B8:27:EB:FA:FF:FC,-55, WPA ,0.000000,0.000000,0.000,0.000,AP
2026-04-08 13:37:51,1900-01-00 00:00:00,1020-wombat,B8:27:EB:FA:FF:FC,-60, WPA ,0.000000,0.000000,0.000,0.000,AP
2026-04-08 13:37:51,1900-01-00 00:00:00,1020-wombat,B8:27:EB:FA:FF:FC,-60, WPA ,0.000000,0.000000,0.000,0.000,AP
2026-04-08 13:37:51,1900-01-00 00:00:00,1020-wombat,B8:27:EB:FA:FF:FC,-60, WPA ,0.000000,0.000000,0.000,0.000,AP
2026-04-08 13:37:51,1900-01-00 00:00:00,1020-wombat,B8:27:EB:FA:FF:FC,-40, WPA ,0.000000,0.000000,0.000,0.000,AP
2026-04-08 13:37:51,1900-01-00 00:00:00,1020-wombat,B8:27:EB:FA:FF:FC,-52, WPA ,0.000000,0.000000,0.000,0.000,AP
2026-04-08 13:37:51,1900-01-00 00:00:00,1020-wombat,B8:27:EB:FA:FF:FC,-50, WPA ,0.000000,0.000000,0.000,0.000,AP
2026-04-08 13:37:51,1900-01-00 00:00:00,1020-wombat,B8:27:EB:FA:FF:FC,-53, WPA ,0.000000,0.000000,0.000,0.000,AP
2026-04-08 13:37:51,1900-01-00 00:00:00,1020-wombat,B8:27:EB:FA:FF:FC,-53, WPA ,0.000000,0.000000,0.000,0.000,AP
2026-04-08 13:37:51,1900-01-00 00:00:00,1020-wombat,B8:27:EB:FA:FF:FC,-53, WPA ,0.000000,0.000000,0.000,0.000,AP
2026-04-08 13:37:51,1900-01-00 00:00:00,1020-wombat,B8:27:EB:FA:FF:FC,-52, WPA ,0.000000,0.000000,0.000,0.000,AP
2026-04-08 13:37:51,1900-01-00 00:00:00,1020-wombat,B8:27:EB:FA:FF:FC,-52, WPA ,0.000000,0.000000,0.000,0.000,AP
2026-04-08 13:37:51,1900-01-00 00:00:00,1020-wombat,B8:27:EB:FA:FF:FC,-53, WPA ,0.000000,0.000000,0.000,0.000,AP
2026-04-08 13:37:51,1900-01-00 00:00:00,1020-wombat,B8:27:EB:FA:FF:FC,-53, WPA ,0.000000,0.000000,0.000,0.000,AP
2026-04-08 13:37:51,1900-01-00 00:00:00,1020-wombat,B8:27:EB:FA:FF:FC,-55, WPA ,0.000000,0.000000,0.000,0.000,AP
2026-04-08 13:37:51,1900-01-00 00:00:00,1020-wombat,B8:27:EB:FA:FF:FC,-55, WPA ,0.000000,0.000000,0.000,0.000,AP
2026-04-08 13:37:51,1900-01-00 00:00:00,1020-wombat,B8:27:EB:FA:FF:FC,-52, WPA ,0.000000,0.000000,0.000,0.000,AP
2026-04-08 13:37:51,1900-01-00 00:00:00,1020-wombat,B8:27:EB:FA:FF:FC,-52, WPA ,0.000000,0.000000,0.000,0.000,AP
2026-04-08 13:37:51,1900-01-00 00:00:00,1020-wombat,B8:27:EB:FA:FF:FC,-49, WPA ,0.000000,0.000000,0.000,0.000,AP
2026-04-08 13:37:51,1900-01-00 00:00:00,1020-wombat,B8:27:EB:FA:FF:FC,-53, WPA ,0.000000,0.000000,0.000,0.000,AP
2026-04-08 13:37:51,1900-01-00 00:00:00,1020-wombat,B8:27:EB:FA:FF:FC,-52, WPA ,0.000000,0.000000,0.000,0.000,AP
2026-04-08 13:37:51,1900-01-00 00:00:00,1020-wombat,B8:27:EB:FA:FF:FC,-51, WPA ,0.000000,0.000000,0.000,0.000,AP
2026-04-08 13:37:51,1900-01-00 00:00:00,1020-wombat,B8:27:EB:FA:FF:FC,-52, WPA ,0.000000,0.000000,0.000,0.000,AP
2026-04-08 13:37:52,1900-01-00 00:00:00,1020-wombat,B8:27:EB:FA:FF:FC,-52, WPA ,0.000000,0.000000,0.000,0.000,AP
2026-04-08 13:37:52,1900-01-00 00:00:00,1020-wombat,B8:27:EB:FA:FF:FC,-60, WPA ,0.000000,0.000000,0.000,0.000,AP
2026-04-08 13:37:52,1900-01-00 00:00:00,1020-wombat,B8:27:EB:FA:FF:FC,-60, WPA ,0.000000,0.000000,0.000,0.000,AP
2026-04-08 13:37:52,1900-01-00 00:00:00,1020-wombat,B8:27:EB:FA:FF:FC,-60, WPA ,0.000000,0.000000,0.000,0.000,AP
2026-04-08 13:37:52,1900-01-00 00:00:00,1020-wombat,B8:27:EB:FA:FF:FC,-60, WPA ,0.000000,0.000000,0.000,0.000,AP
2026-04-08 13:37:52,1900-01-00 00:00:00,1020-wombat,B8:27:EB:FA:FF:FC,-60, WPA ,0.000000,0.000000,0.000,0.000,AP
2026-04-08 13:37:52,1900-01-00 00:00:00,1020-wombat,B8:27:EB:FA:FF:FC,-60, WPA ,0.000000,0.000000,0.000,0.000,AP
2026-04-08 13:37:52,1900-01-00 00:00:00,1020-wombat,B8:27:EB:FA:FF:FC,-60, WPA ,0.000000,0.000000,0.000,0.000,AP
2026-04-08 13:37:52,1900-01-00 00:00:00,1020-wombat,B8:27:EB:FA:FF:FC,-60, WPA ,0.000000,0.000000,0.000,0.000,AP
2026-04-08 13:37:52,1900-01-00 00:00:00,1020-wombat,B8:27:EB:FA:FF:FC,-60, WPA ,0.000000,0.000000,0.000,0.000,AP
2026-04-08 13:37:52,1900-01-00 00:00:00,1020-wombat,B8:27:EB:FA:FF:FC,-60, WPA ,0.000000,0.000000,0.000,0.000,AP
2026-04-08 13:37:52,1900-01-00 00:00:00,1020-wombat,B8:27:EB:FA:FF:FC,-60, WPA ,0.000000,0.000000,0.000,0.000,AP
2026-04-08 13:37:52,1900-01-00 00:00:00,1020-wombat,B8:27:EB:FA:FF:FC,-49, WPA ,0.000000,0.000000,0.000,0.000,AP
2026-04-08 13:37:52,1900-01-00 00:00:00,1020-wombat,B8:27:EB:FA:FF:FC,-37, WPA ,0.000000,0.000000,0.000,0.000,AP
2026-04-08 13:37:52,1900-01-00 00:00:00,1020-wombat,B8:27:EB:FA:FF:FC,-37, WPA ,0.000000,0.000000,0.000,0.000,AP
2026-04-08 13:37:52,1900-01-00 00:00:00,1020-wombat,B8:27:EB:FA:FF:FC,-37, WPA ,0.000000,0.000000,0.000,0.000,AP
2026-04-08 13:37:52,1900-01-00 00:00:00,1020-wombat,B8:27:EB:FA:FF:FC,-37, WPA ,0.000000,0.000000,0.000,0.000,AP
2026-04-08 13:37:52,1900-01-00 00:00:00,1020-wombat,B8:27:EB:FA:FF:FC,-37, WPA ,0.000000,0.000000,0.000,0.000,AP
2026-04-08 13:37:52,1900-01-00 00:00:00,1020-wombat,B8:27:EB:FA:FF:FC,-37, WPA ,0.000000,0.000000,0.000,0.000,AP
2026-04-08 13:37:52,1900-01-00 00:00:00,1020-wombat,B8:27:EB:FA:FF:FC,-37, WPA ,0.000000,0.000000,0.000,0.000,AP
2026-04-08 13:37:52,1900-01-00 00:00:00,1020-wombat,B8:27:EB:FA:FF:FC,-37, WPA ,0.000000,0.000000,0.000,0.000,AP
2026-04-08 13:37:52,1900-01-00 00:00:00,1020-wombat,B8:27:EB:FA:FF:FC,-37, WPA ,0.000000,0.000000,0.000,0.000,AP
2026-04-08 13:37:52,1900-01-00 00:00:00,1020-wombat,B8:27:EB:FA:FF:FC,-37, WPA ,0.000000,0.000000,0.000,0.000,AP
2026-04-08 13:37:52,1900-01-00 00:00:00,1020-wombat,B8:27:EB:FA:FF:FC,-37, WPA ,0.000000,0.000000,0.000,0.000,AP
2026-04-08 13:37:52,1900-01-00 00:00:00,1020-wombat,B8:27:EB:FA:FF:FC,-37, WPA ,0.000000,0.000000,0.000,0.000,AP
2026-04-08 13:37:52,1900-01-00 00:00:00,1020-wombat,B8:27:EB:FA:FF:FC,-37, WPA ,0.000000,0.000000,0.000,0.000,AP
2026-04-08 13:37:52,1900-01-00 00:00:00,1020-wombat,B8:27:EB:FA:FF:FC,-37, WPA ,0.000000,0.000000,0.000,0.000,AP
2026-04-08 13:37:52,1900-01-00 00:00:00,1020-wombat,B8:27:EB:FA:FF:FC,-37, WPA ,0.000000,0.000000,0.000,0.000,AP
2026-04-08 13:37:52,1900-01-00 00:00:00,1020-wombat,B8:27:EB:FA:FF:FC,-37, WPA ,0.000000,0.000000,0.000,0.000,AP
2026-04-08 13:37:52,1900-01-00 00:00:00,1020-wombat,B8:27:EB:FA:FF:FC,-37, WPA ,0.000000,0.000000,0.000,0.000,AP
2026-04-08 13:37:52,1900-01-00 00:00:00,1020-wombat,B8:27:EB:FA:FF:FC,-37, WPA ,0.000000,0.000000,0.000,0.000,AP
2026-04-08 13:37:52,1900-01-00 00:00:00,1020-wombat,B8:27:EB:FA:FF:FC,-37, WPA ,0.000000,0.000000,0.000,0.000,AP
2026-04-08 13:37:52,1900-01-00 00:00:00,1020-wombat,B8:27:EB:FA:FF:FC,-37, WPA ,0.000000,0.000000,0.000,0.000,AP
2026-04-08 13:37:52,1900-01-00 00:00:00,1020-wombat,B8:27:EB:FA:FF:FC,-37, WPA ,0.000000,0.000000,0.000,0.000,AP
2026-04-08 13:37:52,1900-01-00 00:00:00,1020-wombat,B8:27:EB:FA:FF:FC,-37, WPA ,0.000000,0.000000,0.000,0.000,AP
2026-04-08 13:37:52,1900-01-00 00:00:00,1020-wombat,B8:27:EB:FA:FF:FC,-37, WPA ,0.000000,0.000000,0.000,0.000,AP
2026-04-08 13:37:52,1900-01-00 00:00:00,1020-wombat,B8:27:EB:FA:FF:FC,-37, WPA ,0.000000,0.000000,0.000,0.000,AP
2026-04-08 13:37:52,1900-01-00 00:00:00,1020-wombat,B8:27:EB:FA:FF:FC,-37, WPA ,0.000000,0.000000,0.000,0.000,AP
2026-04-08 13:37:52,1900-01-00 00:00:00,1020-wombat,B8:27:EB:FA:FF:FC,-44, WPA ,0.000000,0.000000,0.000,0.000,AP
2026-04-08 13:37:52,1900-01-00 00:00:00,1020-wombat,B8:27:EB:FA:FF:FC,-44, WPA ,0.000000,0.000000,0.000,0.000,AP
2026-04-08 13:37:52,1900-01-00 00:00:00,1020-wombat,B8:27:EB:FA:FF:FC,-44, WPA ,0.000000,0.000000,0.000,0.000,AP
2026-04-08 13:37:52,1900-01-00 00:00:00,1020-wombat,B8:27:EB:FA:FF:FC,-44, WPA ,0.000000,0.000000,0.000,0.000,AP
2026-04-08 13:37:52,1900-01-00 00:00:00,1020-wombat,B8:27:EB:FA:FF:FC,-44, WPA ,0.000000,0.000000,0.000,0.000,AP
2026-04-08 13:37:52,1900-01-00 00:00:00,1020-wombat,B8:27:EB:FA:FF:FC,-44, WPA ,0.000000,0.000000,0.000,0.000,AP
2026-04-08 13:37:52,1900-01-00 00:00:00,1020-wombat,B8:27:EB:FA:FF:FC,-44, WPA ,0.000000,0.000000,0.000,0.000,AP
2026-04-08 13:37:52,1900-01-00 00:00:00,1020-wombat,B8:27:EB:FA:FF:FC,-44, WPA ,0.000000,0.000000,0.000,0.000,AP
2026-04-08 13:37:52,1900-01-00 00:00:00,1020-wombat,B8:27:EB:FA:FF:FC,-44, WPA ,0.000000,0.000000,0.000,0.000,AP
2026-04-08 13:37:52,1900-01-00 00:00:00,1020-wombat,B8:27:EB:FA:FF:FC,-48, WPA ,0.000000,0.000000,0.000,0.000,AP
2026-04-08 13:37:52,1900-01-00 00:00:00,1020-wombat,B8:27:EB:FA:FF:FC,-54, WPA ,0.000000,0.000000,0.000,0.000,AP
2026-04-08 13:37:52,1900-01-00 00:00:00,1020-wombat,B8:27:EB:FA:FF:FC,-60, WPA ,0.000000,0.000000,0.000,0.000,AP
2026-04-08 13:37:52,1900-01-00 00:00:00,1020-wombat,B8:27:EB:FA:FF:FC,-60, WPA ,0.000000,0.000000,0.000,0.000,AP
2026-04-08 13:37:52,1900-01-00 00:00:00,1020-wombat,B8:27:EB:FA:FF:FC,-60, WPA ,0.000000,0.000000,0.000,0.000,AP
2026-04-08 13:37:52,1900-01-00 00:00:00,1020-wombat,B8:27:EB:FA:FF:FC,-60, WPA ,0.000000,0.000000,0.000,0.000,AP
2026-04-08 13:37:52,1900-01-00 00:00:00,1020-wombat,B8:27:EB:FA:FF:FC,-60, WPA ,0.000000,0.000000,0.000,0.000,AP
2026-04-08 13:37:52,1900-01-00 00:00:00,1020-wombat,B8:27:EB:FA:FF:FC,-60, WPA ,0.000000,0.000000,0.000,0.000,AP
2026-04-08 13:37:52,1900-01-00 00:00:00,1020-wombat,B8:27:EB:FA:FF:FC,-60, WPA ,0.000000,0.000000,0.000,0.000,AP
2026-04-08 13:37:52,1900-01-00 00:00:00,1020-wombat,B8:27:EB:FA:FF:FC,-60, WPA ,0.000000,0.000000,0.000,0.000,AP
2026-04-08 13:37:52,1900-01-00 00:00:00,1020-wombat,B8:27:EB:FA:FF:FC,-60, WPA ,0.000000,0.000000,0.000,0.000,AP
2026-04-08 13:37:52,1900-01-00 00:00:00,1020-wombat,B8:27:EB:FA:FF:FC,-60, WPA ,0.000000,0.000000,0.000,0.000,AP
2026-04-08 13:37:52,1900-01-00 00:00:00,1020-wombat,B8:27:EB:FA:FF:FC,-60, WPA ,0.000000,0.000000,0.000,0.000,AP
2026-04-08 13:37:52,1900-01-00 00:00:00,1020-wombat,B8:27:EB:FA:FF:FC,-60, WPA ,0.000000,0.000000,0.000,0.000,AP
2026-04-08 13:37:52,1900-01-00 00:00:00,1020-wombat,B8:27:EB:FA:FF:FC,-50, WPA ,0.000000,0.000000,0.000,0.000,AP
2026-04-08 13:37:52,1900-01-00 00:00:00,1020-wombat,B8:27:EB:FA:FF:FC,-37, WPA ,0.000000,0.000000,0.000,0.000,AP
2026-04-08 13:37:52,1900-01-00 00:00:00,1020-wombat,B8:27:EB:FA:FF:FC,-37, WPA ,0.000000,0.000000,0.000,0.000,AP
2026-04-08 13:37:52,1900-01-00 00:00:00,1020-wombat,B8:27:EB:FA:FF:FC,-37, WPA ,0.000000,0.000000,0.000,0.000,AP
2026-04-08 13:37:52,1900-01-00 00:00:00,1020-wombat,B8:27:EB:FA:FF:FC,-57, WPA ,0.000000,0.000000,0.000,0.000,AP
2026-04-08 13:37:52,1900-01-00 00:00:00,1020-wombat,B8:27:EB:FA:FF:FC,-50, WPA ,0.000000,0.000000,0.000,0.000,AP
2026-04-08 13:37:52,1900-01-00 00:00:00,1020-wombat,B8:27:EB:FA:FF:FC,-49, WPA ,0.000000,0.000000,0.000,0.000,AP
2026-04-08 13:37:52,1900-01-00 00:00:00,1020-wombat,B8:27:EB:FA:FF:FC,-50, WPA ,0.000000,0.000000,0.000,0.000,AP
2026-04-08 13:37:52,1900-01-00 00:00:00,1020-wombat,B8:27:EB:FA:FF:FC,-38, WPA ,0.000000,0.000000,0.000,0.000,AP
2026-04-08 13:37:52,1900-01-00 00:00:00,1020-wombat,B8:27:EB:FA:FF:FC,-44, WPA ,0.000000,0.000000,0.000,0.000,AP
2026-04-08 13:37:52,1900-01-00 00:00:00,1020-wombat,B8:27:EB:FA:FF:FC,-56, WPA ,0.000000,0.000000,0.000,0.000,AP
2026-04-08 13:37:52,1900-01-00 00:00:00,1020-wombat,B8:27:EB:FA:FF:FC,-56, WPA ,0.000000,0.000000,0.000,0.000,AP
2026-04-08 13:37:52,1900-01-00 00:00:00,1020-wombat,B8:27:EB:FA:FF:FC,-56, WPA ,0.000000,0.000000,0.000,0.000,AP
2026-04-08 13:37:52,1900-01-00 00:00:00,1020-wombat,B8:27:EB:FA:FF:FC,-56, WPA ,0.000000,0.000000,0.000,0.000,AP
2026-04-08 13:37:52,1900-01-00 00:00:00,1020-wombat,B8:27:EB:FA:FF:FC,-56, WPA ,0.000000,0.000000,0.000,0.000,AP
2026-04-08 13:37:52,1900-01-00 00:00:00,1020-wombat,B8:27:EB:FA:FF:FC,-43, WPA ,0.000000,0.000000,0.000,0.000,AP
2026-04-08 13:37:52,1900-01-00 00:00:00,1020-wombat,B8:27:EB:FA:FF:FC,-48, WPA ,0.000000,0.000000,0.000,0.000,AP
2026-04-08 13:37:52,1900-01-00 00:00:00,1020-wombat,B8:27:EB:FA:FF:FC,-50, WPA ,0.000000,0.000000,0.000,0.000,AP
2026-04-08 13:37:52,1900-01-00 00:00:00,1020-wombat,B8:27:EB:FA:FF:FC,-44, WPA ,0.000000,0.000000,0.000,0.000,AP
2026-04-08 13:37:52,1900-01-00 00:00:00,1020-wombat,B8:27:EB:FA:FF:FC,-38, WPA ,0.000000,0.000000,0.000,0.000,AP
2026-04-08 13:37:52,1900-01-00 00:00:00,1020-wombat,B8:27:EB:FA:FF:FC,-38, WPA ,0.000000,0.000000,0.000,0.000,AP
2026-04-08 13:37:52,1900-01-00 00:00:00,1020-wombat,B8:27:EB:FA:FF:FC,-60, WPA ,0.000000,0.000000,0.000,0.000,AP
2026-04-08 13:37:52,1900-01-00 00:00:00,1020-wombat,B8:27:EB:FA:FF:FC,-56, WPA ,0.000000,0.000000,0.000,0.000,AP
2026-04-08 13:37:52,1900-01-00 00:00:00,1020-wombat,B8:27:EB:FA:FF:FC,-55, WPA ,0.000000,0.000000,0.000,0.000,AP
2026-04-08 13:37:52,1900-01-00 00:00:00,1020-wombat,B8:27:EB:FA:FF:FC,-55, WPA ,0.000000,0.000000,0.000,0.000,AP
2026-04-08 13:37:52,1900-01-00 00:00:00,1020-wombat,B8:27:EB:FA:FF:FC,-43, WPA ,0.000000,0.000000,0.000,0.000,AP
2026-04-08 13:37:52,1900-01-00 00:00:00,1020-wombat,B8:27:EB:FA:FF:FC,-50, WPA ,0.000000,0.000000,0.000,0.000,AP
2026-04-08 13:37:52,1900-01-00 00:00:00,1020-wombat,B8:27:EB:FA:FF:FC,-50, WPA ,0.000000,0.000000,0.000,0.000,AP
2026-04-08 13:37:52,1900-01-00 00:00:00,1020-wombat,B8:27:EB:FA:FF:FC,-56, WPA ,0.000000,0.000000,0.000,0.000,AP
2026-04-08 13:37:52,1900-01-00 00:00:00,1020-wombat,B8:27:EB:FA:FF:FC,-49, WPA ,0.000000,0.000000,0.000,0.000,AP
2026-04-08 13:37:52,1900-01-00 00:00:00,1020-wombat,B8:27:EB:FA:FF:FC,-38, WPA ,0.000000,0.000000,0.000,0.000,AP
2026-04-08 13:37:52,1900-01-00 00:00:00,1020-wombat,B8:27:EB:FA:FF:FC,-55, WPA ,0.000000,0.000000,0.000,0.000,AP
2026-04-08 13:37:52,1900-01-00 00:00:00,1020-wombat,B8:27:EB:FA:FF:FC,-55, WPA ,0.000000,0.000000,0.000,0.000,AP
2026-04-08 13:37:52,1900-01-00 00:00:00,1020-wombat,B8:27:EB:FA:FF:FC,-48, WPA ,0.000000,0.000000,0.000,0.000,AP
2026-04-08 13:37:52,1900-01-00 00:00:00,1020-wombat,B8:27:EB:FA:FF:FC,-37, WPA ,0.000000,0.000000,0.000,0.000,AP
2026-04-08 13:37:52,1900-01-00 00:00:00,1020-wombat,B8:27:EB:FA:FF:FC,-37, WPA ,0.000000,0.000000,0.000,0.000,AP
2026-04-08 13:37:52,1900-01-00 00:00:00,1020-wombat,B8:27:EB:FA:FF:FC,-38, WPA ,0.000000,0.000000,0.000,0.000,AP
2026-04-08 13:37:52,1900-01-00 00:00:00,1020-wombat,B8:27:EB:FA:FF:FC,-49, WPA ,0.000000,0.000000,0.000,0.000,AP
2026-04-08 13:37:52,1900-01-00 00:00:00,1020-wombat,B8:27:EB:FA:FF:FC,-39, WPA ,0.000000,0.000000,0.000,0.000,AP
2026-04-08 13:37:52,1900-01-00 00:00:00,1020-wombat,B8:27:EB:FA:FF:FC,-21, WPA ,0.000000,0.000000,0.000,0.000,AP
2026-04-08 13:37:52,1900-01-00 00:00:00,1020-wombat,B8:27:EB:FA:FF:FC,-43, WPA ,0.000000,0.000000,0.000,0.000,AP
2026-04-08 13:37:52,1900-01-00 00:00:00,1020-wombat,B8:27:EB:FA:FF:FC,-37, WPA ,0.000000,0.000000,0.000,0.000,AP
2026-04-08 13:37:52,1900-01-00 00:00:00,1020-wombat,B8:27:EB:FA:FF:FC,-37, WPA ,0.000000,0.000000,0.000,0.000,AP
2026-04-08 13:37:52,1900-01-00 00:00:00,1020-wombat,B8:27:EB:FA:FF:FC,-60, WPA ,0.000000,0.000000,0.000,0.000,AP
2026-04-08 13:37:52,1900-01-00 00:00:00,1020-wombat,B8:27:EB:FA:FF:FC,-55, WPA ,0.000000,0.000000,0.000,0.000,AP
2026-04-08 13:37:52,1900-01-00 00:00:00,1020-wombat,B8:27:EB:FA:FF:FC,-55, WPA ,0.000000,0.000000,0.000,0.000,AP
2026-04-08 13:37:52,1900-01-00 00:00:00,1020-wombat,B8:27:EB:FA:FF:FC,-55, WPA ,0.000000,0.000000,0.000,0.000,AP
2026-04-08 13:37:52,1900-01-00 00:00:00,1020-wombat,B8:27:EB:FA:FF:FC,-55, WPA ,0.000000,0.000000,0.000,0.000,AP
2026-04-08 13:37:52,1900-01-00 00:00:00,1020-wombat,B8:27:EB:FA:FF:FC,-55, WPA ,0.000000,0.000000,0.000,0.000,AP
2026-04-08 13:37:52,1900-01-00 00:00:00,1020-wombat,B8:27:EB:FA:FF:FC,-37, WPA ,0.000000,0.000000,0.000,0.000,AP
2026-04-08 13:37:52,1900-01-00 00:00:00,1020-wombat,B8:27:EB:FA:FF:FC,-60, WPA ,0.000000,0.000000,0.000,0.000,AP
2026-04-08 13:37:52,1900-01-00 00:00:00,1020-wombat,B8:27:EB:FA:FF:FC,-44, WPA ,0.000000,0.000000,0.000,0.000,AP
2026-04-08 13:37:52,1900-01-00 00:00:00,1020-wombat,B8:27:EB:FA:FF:FC,-55, WPA ,0.000000,0.000000,0.000,0.000,AP
2026-04-08 13:37:52,1900-01-00 00:00:00,1020-wombat,B8:27:EB:FA:FF:FC,-49, WPA ,0.000000,0.000000,0.000,0.000,AP
2026-04-08 13:37:52,1900-01-00 00:00:00,1020-wombat,B8:27:EB:FA:FF:FC,-37, WPA ,0.000000,0.000000,0.000,0.000,AP
2026-04-08 13:37:52,1900-01-00 00:00:00,1020-wombat,B8:27:EB:FA:FF:FC,-54, WPA ,0.000000,0.000000,0.000,0.000,AP
2026-04-08 13:37:52,1900-01-00 00:00:00,1020-wombat,B8:27:EB:FA:FF:FC,-49, WPA ,0.000000,0.000000,0.000,0.000,AP
2026-04-08 13:37:52,1900-01-00 00:00:00,1020-wombat,B8:27:EB:FA:FF:FC,-44, WPA ,0.000000,0.000000,0.000,0.000,AP
2026-04-08 13:37:52,1900-01-00 00:00:00,1020-wombat,B8:27:EB:FA:FF:FC,-43, WPA ,0.000000,0.000000,0.000,0.000,AP
2026-04-08 13:37:52,1900-01-00 00:00:00,1020-wombat,B8:27:EB:FA:FF:FC,-49, WPA ,0.000000,0.000000,0.000,0.000,AP
2026-04-08 13:37:52,1900-01-00 00:00:00,1020-wombat,B8:27:EB:FA:FF:FC,-37, WPA ,0.000000,0.000000,0.000,0.000,AP
2026-04-08 13:37:52,1900-01-00 00:00:00,1020-wombat,B8:27:EB:FA:FF:FC,-55, WPA ,0.000000,0.000000,0.000,0.000,AP
2026-04-08 13:37:52,1900-01-00 00:00:00,1020-wombat,B8:27:EB:FA:FF:FC,-49, WPA ,0.000000,0.000000,0.000,0.000,AP
2026-04-08 13:37:52,1900-01-00 00:00:00,1020-wombat,B8:27:EB:FA:FF:FC,-21, WPA ,0.000000,0.000000,0.000,0.000,AP
2026-04-08 13:37:52,1900-01-00 00:00:00,1020-wombat,B8:27:EB:FA:FF:FC,-58, WPA ,0.000000,0.000000,0.000,0.000,AP
2026-04-08 13:37:52,1900-01-00 00:00:00,1020-wombat,B8:27:EB:FA:FF:FC,-44, WPA ,0.000000,0.000000,0.000,0.000,AP
2026-04-08 13:37:52,1900-01-00 00:00:00,1020-wombat,B8:27:EB:FA:FF:FC,-44, WPA ,0.000000,0.000000,0.000,0.000,AP
2026-04-08 13:37:52,1900-01-00 00:00:00,1020-wombat,B8:27:EB:FA:FF:FC,-37, WPA ,0.000000,0.000000,0.000,0.000,AP
2026-04-08 13:37:52,1900-01-00 00:00:00,1020-wombat,B8:27:EB:FA:FF:FC,-37, WPA ,0.000000,0.000000,0.000,0.000,AP
2026-04-08 13:37:52,1900-01-00 00:00:00,1020-wombat,B8:27:EB:FA:FF:FC,-55, WPA ,0.000000,0.000000,0.000,0.000,AP
2026-04-08 13:37:52,1900-01-00 00:00:00,1020-wombat,B8:27:EB:FA:FF:FC,-55, WPA ,0.000000,0.000000,0.000,0.000,AP
2026-04-08 13:37:52,1900-01-00 00:00:00,1020-wombat,B8:27:EB:FA:FF:FC,-37, WPA ,0.000000,0.000000,0.000,0.000,AP
2026-04-08 13:37:52,1900-01-00 00:00:00,1020-wombat,B8:27:EB:FA:FF:FC,-47, WPA ,0.000000,0.000000,0.000,0.000,AP
2026-04-08 13:37:52,1900-01-00 00:00:00,1020-wombat,B8:27:EB:FA:FF:FC,-39, WPA ,0.000000,0.000000,0.000,0.000,AP
2026-04-08 13:37:52,1900-01-00 00:00:00,1020-wombat,B8:27:EB:FA:FF:FC,-20, WPA ,0.000000,0.000000,0.000,0.000,AP
2026-04-08 13:37:52,1900-01-00 00:00:00,1020-wombat,B8:27:EB:FA:FF:FC,-37, WPA ,0.000000,0.000000,0.000,0.000,AP
2026-04-08 13:37:52,1900-01-00 00:00:00,1020-wombat,B8:27:EB:FA:FF:FC,-37, WPA ,0.000000,0.000000,0.000,0.000,AP
2026-04-08 13:37:52,1900-01-00 00:00:00,1020-wombat,B8:27:EB:FA:FF:FC,-37, WPA ,0.000000,0.000000,0.000,0.000,AP
2026-04-08 13:37:52,1900-01-00 00:00:00,1020-wombat,B8:27:EB:FA:FF:FC,-38, WPA ,0.000000,0.000000,0.000,0.000,AP
2026-04-08 13:37:52,1900-01-00 00:00:00,1020-wombat,B8:27:EB:FA:FF:FC,-55, WPA ,0.000000,0.000000,0.000,0.000,AP
2026-04-08 13:37:52,1900-01-00 00:00:00,1020-wombat,B8:27:EB:FA:FF:FC,-56, WPA ,0.000000,0.000000,0.000,0.000,AP
2026-04-08 13:37:52,1900-01-00 00:00:00,1020-wombat,B8:27:EB:FA:FF:FC,-56, WPA ,0.000000,0.000000,0.000,0.000,AP
2026-04-08 13:37:52,1900-01-00 00:00:00,1020-wombat,B8:27:EB:FA:FF:FC,-57, WPA ,0.000000,0.000000,0.000,0.000,AP
2026-04-08 13:37:52,1900-01-00 00:00:00,1020-wombat,B8:27:EB:FA:FF:FC,-55, WPA ,0.000000,0.000000,0.000,0.000,AP
2026-04-08 13:37:52,1900-01-00 00:00:00,1020-wombat,B8:27:EB:FA:FF:FC,-34, WPA ,0.000000,0.000000,0.000,0.000,AP
2026-04-08 13:37:52,1900-01-00 00:00:00,1020-wombat,B8:27:EB:FA:FF:FC,-34, WPA ,0.000000,0.000000,0.000,0.000,AP
2026-04-08 13:37:52,1900-01-00 00:00:00,1020-wombat,B8:27:EB:FA:FF:FC,-54, WPA ,0.000000,0.000000,0.000,0.000,AP
2026-04-08 13:37:52,1900-01-00 00:00:00,1020-wombat,B8:27:EB:FA:FF:FC,-33, WPA ,0.000000,0.000000,0.000,0.000,AP
2026-04-08 13:37:52,1900-01-00 00:00:00,1020-wombat,B8:27:EB:FA:FF:FC,-33, WPA ,0.000000,0.000000,0.000,0.000,AP
2026-04-08 13:37:52,1900-01-00 00:00:00,1020-wombat,B8:27:EB:FA:FF:FC,-21, WPA ,0.000000,0.000000,0.000,0.000,AP
2026-04-08 13:37:52,1900-01-00 00:00:00,1020-wombat,B8:27:EB:FA:FF:FC,-21, WPA ,0.000000,0.000000,0.000,0.000,AP
2026-04-08 13:37:52,1900-01-00 00:00:00,1020-wombat,B8:27:EB:FA:FF:FC,-33, WPA ,0.000000,0.000000,0.000,0.000,AP
2026-04-08 13:37:52,1900-01-00 00:00:00,1020-wombat,B8:27:EB:FA:FF:FC,-33, WPA ,0.000000,0.000000,0.000,0.000,AP
2026-04-08 13:37:52,1900-01-00 00:00:00,1020-wombat,B8:27:EB:FA:FF:FC,-21, WPA ,0.000000,0.000000,0.000,0.000,AP
2026-04-08 13:37:52,1900-01-00 00:00:00,1020-wombat,B8:27:EB:FA:FF:FC,-32, WPA ,0.000000,0.000000,0.000,0.000,AP
2026-04-08 13:37:52,1900-01-00 00:00:00,1020-wombat,B8:27:EB:FA:FF:FC,-33, WPA ,0.000000,0.000000,0.000,0.000,AP
2026-04-08 13:37:52,1900-01-00 00:00:00,1020-wombat,B8:27:EB:FA:FF:FC,-33, WPA ,0.000000,0.000000,0.000,0.000,AP
2026-04-08 13:37:52,1900-01-00 00:00:00,1020-wombat,B8:27:EB:FA:FF:FC,-54, WPA ,0.000000,0.000000,0.000,0.000,AP
2026-04-08 13:37:52,1900-01-00 00:00:00,1020-wombat,B8:27:EB:FA:FF:FC,-45, WPA ,0.000000,0.000000,0.000,0.000,AP
2026-04-08 13:37:52,1900-01-00 00:00:00,1020-wombat,B8:27:EB:FA:FF:FC,-32, WPA ,0.000000,0.000000,0.000,0.000,AP
2026-04-08 13:37:52,1900-01-00 00:00:00,1020-wombat,B8:27:EB:FA:FF:FC,-60, WPA ,0.000000,0.000000,0.000,0.000,AP
2026-04-08 13:37:52,1900-01-00 00:00:00,1020-wombat,B8:27:EB:FA:FF:FC,-60, WPA ,0.000000,0.000000,0.000,0.000,AP
2026-04-08 13:37:52,1900-01-00 00:00:00,1020-wombat,B8:27:EB:FA:FF:FC,-21, WPA ,0.000000,0.000000,0.000,0.000,AP
2026-04-08 13:37:52,1900-01-00 00:00:00,1020-wombat,B8:27:EB:FA:FF:FC,-25, WPA ,0.000000,0.000000,0.000,0.000,AP
2026-04-08 13:37:52,1900-01-00 00:00:00,1020-wombat,B8:27:EB:FA:FF:FC,-29, WPA ,0.000000,0.000000,0.000,0.000,AP
2026-04-08 13:37:52,1900-01-00 00:00:00,1020-wombat,B8:27:EB:FA:FF:FC,-45, WPA ,0.000000,0.000000,0.000,0.000,AP
2026-04-08 13:37:52,1900-01-00 00:00:00,1020-wombat,B8:27:EB:FA:FF:FC,-45, WPA ,0.000000,0.000000,0.000,0.000,AP
2026-04-08 13:37:52,1900-01-00 00:00:00,1020-wombat,B8:27:EB:FA:FF:FC,-49, WPA ,0.000000,0.000000,0.000,0.000,AP
2026-04-08 13:37:52,1900-01-00 00:00:00,1020-wombat,B8:27:EB:FA:FF:FC,-45, WPA ,0.000000,0.000000,0.000,0.000,AP
2026-04-08 13:37:52,1900-01-00 00:00:00,1020-wombat,B8:27:EB:FA:FF:FC,-61, WPA ,0.000000,0.000000,0.000,0.000,AP
2026-04-08 13:37:52,1900-01-00 00:00:00,1020-wombat,B8:27:EB:FA:FF:FC,-61, WPA ,0.000000,0.000000,0.000,0.000,AP
2026-04-08 13:37:52,1900-01-00 00:00:00,1020-wombat,B8:27:EB:FA:FF:FC,-54, WPA ,0.000000,0.000000,0.000,0.000,AP
2026-04-08 13:37:52,1900-01-00 00:00:00,1020-wombat,B8:27:EB:FA:FF:FC,-31, WPA ,0.000000,0.000000,0.000,0.000,AP
2026-04-08 13:37:52,1900-01-00 00:00:00,1020-wombat,B8:27:EB:FA:FF:FC,-21, WPA ,0.000000,0.000000,0.000,0.000,AP
2026-04-08 13:37:52,1900-01-00 00:00:00,1020-wombat,B8:27:EB:FA:FF:FC,-32, WPA ,0.000000,0.000000,0.000,0.000,AP
2026-04-08 13:37:52,1900-01-00 00:00:00,1020-wombat,B8:27:EB:FA:FF:FC,-54, WPA ,0.000000,0.000000,0.000,0.000,AP
2026-04-08 13:37:52,1900-01-00 00:00:00,1020-wombat,B8:27:EB:FA:FF:FC,-21, WPA ,0.000000,0.000000,0.000,0.000,AP
2026-04-08 13:37:52,1900-01-00 00:00:00,1020-wombat,B8:27:EB:FA:FF:FC,-21, WPA ,0.000000,0.000000,0.000,0.000,AP
2026-04-08 13:37:52,1900-01-00 00:00:00,1020-wombat,B8:27:EB:FA:FF:FC,-60, WPA ,0.000000,0.000000,0.000,0.000,AP
2026-04-08 13:37:52,1900-01-00 00:00:00,1020-wombat,B8:27:EB:FA:FF:FC,-53, WPA ,0.000000,0.000000,0.000,0.000,AP
2026-04-08 13:37:52,1900-01-00 00:00:00,1020-wombat,B8:27:EB:FA:FF:FC,-29, WPA ,0.000000,0.000000,0.000,0.000,AP
2026-04-08 13:37:52,1900-01-00 00:00:00,1020-wombat,B8:27:EB:FA:FF:FC,-61, WPA ,0.000000,0.000000,0.000,0.000,AP
2026-04-08 13:37:52,1900-01-00 00:00:00,1020-wombat,B8:27:EB:FA:FF:FC,-24, WPA ,0.000000,0.000000,0.000,0.000,AP
2026-04-08 13:37:52,1900-01-00 00:00:00,1020-wombat,B8:27:EB:FA:FF:FC,-24, WPA ,0.000000,0.000000,0.000,0.000,AP
2026-04-08 13:37:52,1900-01-00 00:00:00,1020-wombat,B8:27:EB:FA:FF:FC,-22, WPA ,0.000000,0.000000,0.000,0.000,AP
2026-04-08 13:37:52,1900-01-00 00:00:00,1020-wombat,B8:27:EB:FA:FF:FC,-30, WPA ,0.000000,0.000000,0.000,0.000,AP
2026-04-08 13:37:52,1900-01-00 00:00:00,1020-wombat,B8:27:EB:FA:FF:FC,-21, WPA ,0.000000,0.000000,0.000,0.000,AP
2026-04-08 13:37:52,1900-01-00 00:00:00,1020-wombat,B8:27:EB:FA:FF:FC,-48, WPA ,0.000000,0.000000,0.000,0.000,AP
2026-04-08 13:37:52,1900-01-00 00:00:00,1020-wombat,B8:27:EB:FA:FF:FC,-33, WPA ,0.000000,0.000000,0.000,0.000,AP
2026-04-08 13:37:52,1900-01-00 00:00:00,1020-wombat,B8:27:EB:FA:FF:FC,-30, WPA ,0.000000,0.000000,0.000,0.000,AP
2026-04-08 13:37:52,1900-01-00 00:00:00,1020-wombat,B8:27:EB:FA:FF:FC,-30, WPA ,0.000000,0.000000,0.000,0.000,AP
2026-04-08 13:37:52,1900-01-00 00:00:00,1020-wombat,B8:27:EB:FA:FF:FC,-30, WPA ,0.000000,0.000000,0.000,0.000,AP
2026-04-08 13:37:52,1900-01-00 00:00:00,1020-wombat,B8:27:EB:FA:FF:FC,-30, WPA ,0.000000,0.000000,0.000,0.000,AP
2026-04-08 13:37:52,1900-01-00 00:00:00,1020-wombat,B8:27:EB:FA:FF:FC,-30, WPA ,0.000000,0.000000,0.000,0.000,AP
2026-04-08 13:37:52,1900-01-00 00:00:00,1020-wombat,B8:27:EB:FA:FF:FC,-30, WPA ,0.000000,0.000000,0.000,0.000,AP
2026-04-08 13:37:52,1900-01-00 00:00:00,1020-wombat,B8:27:EB:FA:FF:FC,-30, WPA ,0.000000,0.000000,0.000,0.000,AP
2026-04-08 13:37:52,1900-01-00 00:00:00,1020-wombat,B8:27:EB:FA:FF:FC,-54, WPA ,0.000000,0.000000,0.000,0.000,AP
2026-04-08 13:37:52,1900-01-00 00:00:00,1020-wombat,B8:27:EB:FA:FF:FC,-54, WPA ,0.000000,0.000000,0.000,0.000,AP
2026-04-08 13:37:52,1900-01-00 00:00:00,1020-wombat,B8:27:EB:FA:FF:FC,-54, WPA ,0.000000,0.000000,0.000,0.000,AP
2026-04-08 13:37:52,1900-01-00 00:00:00,1020-wombat,B8:27:EB:FA:FF:FC,-54, WPA ,0.000000,0.000000,0.000,0.000,AP
2026-04-08 13:37:52,1900-01-00 00:00:00,1020-wombat,B8:27:EB:FA:FF:FC,-54, WPA ,0.000000,0.000000,0.000,0.000,AP
2026-04-08 13:37:52,1900-01-00 00:00:00,1020-wombat,B8:27:EB:FA:FF:FC,-54, WPA ,0.000000,0.000000,0.000,0.000,AP
2026-04-08 13:37:52,1900-01-00 00:00:00,1020-wombat,B8:27:EB:FA:FF:FC,-54, WPA ,0.000000,0.000000,0.000,0.000,AP
2026-04-08 13:37:52,1900-01-00 00:00:00,1020-wombat,B8:27:EB:FA:FF:FC,-54, WPA ,0.000000,0.000000,0.000,0.000,AP
2026-04-08 13:37:52,1900-01-00 00:00:00,1020-wombat,B8:27:EB:FA:FF:FC,-54, WPA ,0.000000,0.000000,0.000,0.000,AP
2026-04-08 13:37:52,1900-01-00 00:00:00,1020-wombat,B8:27:EB:FA:FF:FC,-54, WPA ,0.000000,0.000000,0.000,0.000,AP
2026-04-08 13:37:52,1900-01-00 00:00:00,1020-wombat,B8:27:EB:FA:FF:FC,-54, WPA ,0.000000,0.000000,0.000,0.000,AP
2026-04-08 13:37:52,1900-01-00 00:00:00,1020-wombat,B8:27:EB:FA:FF:FC,-54, WPA ,0.000000,0.000000,0.000,0.000,AP
2026-04-08 13:37:52,1900-01-00 00:00:00,1020-wombat,B8:27:EB:FA:FF:FC,-58, WPA ,0.000000,0.000000,0.000,0.000,AP
2026-04-08 13:37:52,1900-01-00 00:00:00,1020-wombat,B8:27:EB:FA:FF:FC,-60, WPA ,0.000000,0.000000,0.000,0.000,AP
2026-04-08 13:37:52,1900-01-00 00:00:00,1020-wombat,B8:27:EB:FA:FF:FC,-60, WPA ,0.000000,0.000000,0.000,0.000,AP
2026-04-08 13:37:52,1900-01-00 00:00:00,1020-wombat,B8:27:EB:FA:FF:FC,-60, WPA ,0.000000,0.000000,0.000,0.000,AP
2026-04-08 13:37:52,1900-01-00 00:00:00,1020-wombat,B8:27:EB:FA:FF:FC,-60, WPA ,0.000000,0.000000,0.000,0.000,AP
2026-04-08 13:37:52,1900-01-00 00:00:00,1020-wombat,B8:27:EB:FA:FF:FC,-60, WPA ,0.000000,0.000000,0.000,0.000,AP
2026-04-08 13:37:52,1900-01-00 00:00:00,1020-wombat,B8:27:EB:FA:FF:FC,-60, WPA ,0.000000,0.000000,0.000,0.000,AP
2026-04-08 13:37:52,1900-01-00 00:00:00,1020-wombat,B8:27:EB:FA:FF:FC,-45, WPA ,0.000000,0.000000,0.000,0.000,AP
2026-04-08 13:37:52,1900-01-00 00:00:00,1020-wombat,B8:27:EB:FA:FF:FC,-45, WPA ,0.000000,0.000000,0.000,0.000,AP
2026-04-08 13:37:52,1900-01-00 00:00:00,1020-wombat,B8:27:EB:FA:FF:FC,-45, WPA ,0.000000,0.000000,0.000,0.000,AP
2026-04-08 13:37:52,1900-01-00 00:00:00,1020-wombat,B8:27:EB:FA:FF:FC,-45, WPA ,0.000000,0.000000,0.000,0.000,AP
2026-04-08 13:37:52,1900-01-00 00:00:00,1020-wombat,B8:27:EB:FA:FF:FC,-45, WPA ,0.000000,0.000000,0.000,0.000,AP
2026-04-08 13:37:52,1900-01-00 00:00:00,1020-wombat,B8:27:EB:FA:FF:FC,-45, WPA ,0.000000,0.000000,0.000,0.000,AP
2026-04-08 13:37:52,1900-01-00 00:00:00,1020-wombat,B8:27:EB:FA:FF:FC,-45, WPA ,0.000000,0.000000,0.000,0.000,AP
2026-04-08 13:37:52,1900-01-00 00:00:00,1020-wombat,B8:27:EB:FA:FF:FC,-45, WPA ,0.000000,0.000000,0.000,0.000,AP
2026-04-08 13:37:52,1900-01-00 00:00:00,1020-wombat,B8:27:EB:FA:FF:FC,-45, WPA ,0.000000,0.000000,0.000,0.000,AP
2026-04-08 13:37:52,1900-01-00 00:00:00,1020-wombat,B8:27:EB:FA:FF:FC,-54, WPA ,0.000000,0.000000,0.000,0.000,AP
2026-04-08 13:37:52,1900-01-00 00:00:00,1020-wombat,B8:27:EB:FA:FF:FC,-60, WPA ,0.000000,0.000000,0.000,0.000,AP
2026-04-08 13:37:52,1900-01-00 00:00:00,1020-wombat,B8:27:EB:FA:FF:FC,-60, WPA ,0.000000,0.000000,0.000,0.000,AP
2026-04-08 13:37:52,1900-01-00 00:00:00,1020-wombat,B8:27:EB:FA:FF:FC,-60, WPA ,0.000000,0.000000,0.000,0.000,AP
2026-04-08 13:37:52,1900-01-00 00:00:00,1020-wombat,B8:27:EB:FA:FF:FC,-60, WPA ,0.000000,0.000000,0.000,0.000,AP
2026-04-08 13:37:52,1900-01-00 00:00:00,1020-wombat,B8:27:EB:FA:FF:FC,-60, WPA ,0.000000,0.000000,0.000,0.000,AP
2026-04-08 13:37:52,1900-01-00 00:00:00,1020-wombat,B8:27:EB:FA:FF:FC,-60, WPA ,0.000000,0.000000,0.000,0.000,AP
2026-04-08 13:37:52,1900-01-00 00:00:00,1020-wombat,B8:27:EB:FA:FF:FC,-30, WPA ,0.000000,0.000000,0.000,0.000,AP
2026-04-08 13:37:52,1900-01-00 00:00:00,1020-wombat,B8:27:EB:FA:FF:FC,-30, WPA ,0.000000,0.000000,0.000,0.000,AP
2026-04-08 13:37:52,1900-01-00 00:00:00,1020-wombat,B8:27:EB:FA:FF:FC,-30, WPA ,0.000000,0.000000,0.000,0.000,AP
2026-04-08 13:37:52,1900-01-00 00:00:00,1020-wombat,B8:27:EB:FA:FF:FC,-30, WPA ,0.000000,0.000000,0.000,0.000,AP
2026-04-08 13:37:52,1900-01-00 00:00:00,1020-wombat,B8:27:EB:FA:FF:FC,-30, WPA ,0.000000,0.000000,0.000,0.000,AP
2026-04-08 13:37:52,1900-01-00 00:00:00,1020-wombat,B8:27:EB:FA:FF:FC,-30, WPA ,0.000000,0.000000,0.000,0.000,AP
2026-04-08 13:37:52,1900-01-00 00:00:00,1020-wombat,B8:27:EB:FA:FF:FC,-30, WPA ,0.000000,0.000000,0.000,0.000,AP
2026-04-08 13:37:52,1900-01-00 00:00:00,1020-wombat,B8:27:EB:FA:FF:FC,-49, WPA ,0.000000,0.000000,0.000,0.000,AP
2026-04-08 13:37:52,1900-01-00 00:00:00,1020-wombat,B8:27:EB:FA:FF:FC,-28, WPA ,0.000000,0.000000,0.000,0.000,AP
2026-04-08 13:37:52,1900-01-00 00:00:00,1020-wombat,B8:27:EB:FA:FF:FC,-28, WPA ,0.000000,0.000000,0.000,0.000,AP
2026-04-08 13:37:52,1900-01-00 00:00:00,1020-wombat,B8:27:EB:FA:FF:FC,-28, WPA ,0.000000,0.000000,0.000,0.000,AP
2026-04-08 13:37:52,1900-01-00 00:00:00,1020-wombat,B8:27:EB:FA:FF:FC,-28, WPA ,0.000000,0.000000,0.000,0.000,AP
2026-04-08 13:37:52,1900-01-00 00:00:00,1020-wombat,B8:27:EB:FA:FF:FC,-28, WPA ,0.000000,0.000000,0.000,0.000,AP
2026-04-08 13:37:52,1900-01-00 00:00:00,1020-wombat,B8:27:EB:FA:FF:FC,-28, WPA ,0.000000,0.000000,0.000,0.000,AP
2026-04-08 13:37:52,1900-01-00 00:00:00,1020-wombat,B8:27:EB:FA:FF:FC,-28, WPA ,0.000000,0.000000,0.000,0.000,AP
2026-04-08 13:37:52,1900-01-00 00:00:00,1020-wombat,B8:27:EB:FA:FF:FC,-28, WPA ,0.000000,0.000000,0.000,0.000,AP
2026-04-08 13:37:52,1900-01-00 00:00:00,1020-wombat,B8:27:EB:FA:FF:FC,-55, WPA ,0.000000,0.000000,0.000,0.000,AP
2026-04-08 13:37:52,1900-01-00 00:00:00,1020-wombat,B8:27:EB:FA:FF:FC,-55, WPA ,0.000000,0.000000,0.000,0.000,AP
2026-04-08 13:37:52,1900-01-00 00:00:00,1020-wombat,B8:27:EB:FA:FF:FC,-55, WPA ,0.000000,0.000000,0.000,0.000,AP
2026-04-08 13:37:52,1900-01-00 00:00:00,1020-wombat,B8:27:EB:FA:FF:FC,-55, WPA ,0.000000,0.000000,0.000,0.000,AP
2026-04-08 13:37:52,1900-01-00 00:00:00,1020-wombat,B8:27:EB:FA:FF:FC,-55, WPA ,0.000000,0.000000,0.000,0.000,AP
2026-04-08 13:37:52,1900-01-00 00:00:00,1020-wombat,B8:27:EB:FA:FF:FC,-55, WPA ,0.000000,0.000000,0.000,0.000,AP
2026-04-08 13:37:52,1900-01-00 00:00:00,1020-wombat,B8:27:EB:FA:FF:FC,-55, WPA ,0.000000,0.000000,0.000,0.000,AP
2026-04-08 13:37:52,1900-01-00 00:00:00,1020-wombat,B8:27:EB:FA:FF:FC,-55, WPA ,0.000000,0.000000,0.000,0.000,AP
2026-04-08 13:37:52,1900-01-00 00:00:00,1020-wombat,B8:27:EB:FA:FF:FC,-55, WPA ,0.000000,0.000000,0.000,0.000,AP
2026-04-08 13:37:52,1900-01-00 00:00:00,1020-wombat,B8:27:EB:FA:FF:FC,-55, WPA ,0.000000,0.000000,0.000,0.000,AP
2026-04-08 13:37:52,1900-01-00 00:00:00,1020-wombat,B8:27:EB:FA:FF:FC,-55, WPA ,0.000000,0.000000,0.000,0.000,AP
2026-04-08 13:37:52,1900-01-00 00:00:00,1020-wombat,B8:27:EB:FA:FF:FC,-55, WPA ,0.000000,0.000000,0.000,0.000,AP
2026-04-08 13:37:52,1900-01-00 00:00:00,1020-wombat,B8:27:EB:FA:FF:FC,-55, WPA ,0.000000,0.000000,0.000,0.000,AP
2026-04-08 13:37:52,1900-01-00 00:00:00,1020-wombat,B8:27:EB:FA:FF:FC,-55, WPA ,0.000000,0.000000,0.000,0.000,AP
2026-04-08 13:37:52,1900-01-00 00:00:00,1020-wombat,B8:27:EB:FA:FF:FC,-55, WPA ,0.000000,0.000000,0.000,0.000,AP
2026-04-08 13:37:52,1900-01-00 00:00:00,1020-wombat,B8:27:EB:FA:FF:FC,-55, WPA ,0.000000,0.000000,0.000,0.000,AP
2026-04-08 13:37:52,1900-01-00 00:00:00,1020-wombat,B8:27:EB:FA:FF:FC,-55, WPA ,0.000000,0.000000,0.000,0.000,AP
2026-04-08 13:37:52,1900-01-00 00:00:00,1020-wombat,B8:27:EB:FA:FF:FC,-55, WPA ,0.000000,0.000000,0.000,0.000,AP
2026-04-08 13:37:52,1900-01-00 00:00:00,1020-wombat,B8:27:EB:FA:FF:FC,-46, WPA ,0.000000,0.000000,0.000,0.000,AP
2026-04-08 13:37:52,1900-01-00 00:00:00,1020-wombat,B8:27:EB:FA:FF:FC,-46, WPA ,0.000000,0.000000,0.000,0.000,AP
2026-04-08 13:37:52,1900-01-00 00:00:00,1020-wombat,B8:27:EB:FA:FF:FC,-46, WPA ,0.000000,0.000000,0.000,0.000,AP
2026-04-08 13:37:52,1900-01-00 00:00:00,1020-wombat,B8:27:EB:FA:FF:FC,-46, WPA ,0.000000,0.000000,0.000,0.000,AP
2026-04-08 13:37:52,1900-01-00 00:00:00,1020-wombat,B8:27:EB:FA:FF:FC,-46, WPA ,0.000000,0.000000,0.000,0.000,AP
2026-04-08 13:37:52,1900-01-00 00:00:00,1020-wombat,B8:27:EB:FA:FF:FC,-46, WPA ,0.000000,0.000000,0.000,0.000,AP
2026-04-08 13:37:52,1900-01-00 00:00:00,1020-wombat,B8:27:EB:FA:FF:FC,-46, WPA ,0.000000,0.000000,0.000,0.000,AP
2026-04-08 13:37:52,1900-01-00 00:00:00,1020-wombat,B8:27:EB:FA:FF:FC,-46, WPA ,0.000000,0.000000,0.000,0.000,AP
2026-04-08 13:37:52,1900-01-00 00:00:00,1020-wombat,B8:27:EB:FA:FF:FC,-46, WPA ,0.000000,0.000000,0.000,0.000,AP
2026-04-08 13:37:52,1900-01-00 00:00:00,1020-wombat,B8:27:EB:FA:FF:FC,-54, WPA ,0.000000,0.000000,0.000,0.000,AP
2026-04-08 13:37:52,1900-01-00 00:00:00,1020-wombat,B8:27:EB:FA:FF:FC,-53, WPA ,0.000000,0.000000,0.000,0.000,AP
2026-04-08 13:37:52,1900-01-00 00:00:00,1020-wombat,B8:27:EB:FA:FF:FC,-54, WPA ,0.000000,0.000000,0.000,0.000,AP
2026-04-08 13:37:52,1900-01-00 00:00:00,1020-wombat,B8:27:EB:FA:FF:FC,-52, WPA ,0.000000,0.000000,0.000,0.000,AP
2026-04-08 13:37:52,1900-01-00 00:00:00,1020-wombat,B8:27:EB:FA:FF:FC,-52, WPA ,0.000000,0.000000,0.000,0.000,AP
2026-04-08 13:37:52,1900-01-00 00:00:00,1020-wombat,B8:27:EB:FA:FF:FC,-46, WPA ,0.000000,0.000000,0.000,0.000,AP
2026-04-08 13:37:52,1900-01-00 00:00:00,1020-wombat,B8:27:EB:FA:FF:FC,-46, WPA ,0.000000,0.000000,0.000,0.000,AP
2026-04-08 13:37:52,1900-01-00 00:00:00,1020-wombat,B8:27:EB:FA:FF:FC,-46, WPA ,0.000000,0.000000,0.000,0.000,AP
2026-04-08 13:37:52,1900-01-00 00:00:00,1020-wombat,B8:27:EB:FA:FF:FC,-46, WPA ,0.000000,0.000000,0.000,0.000,AP
2026-04-08 13:37:52,1900-01-00 00:00:00,1020-wombat,B8:27:EB:FA:FF:FC,-46, WPA ,0.000000,0.000000,0.000,0.000,AP
2026-04-08 13:37:52,1900-01-00 00:00:00,1020-wombat,B8:27:EB:FA:FF:FC,-46, WPA ,0.000000,0.000000,0.000,0.000,AP
2026-04-08 13:37:52,1900-01-00 00:00:00,1020-wombat,B8:27:EB:FA:FF:FC,-46, WPA ,0.000000,0.000000,0.000,0.000,AP
2026-04-08 13:37:52,1900-01-00 00:00:00,1020-wombat,B8:27:EB:FA:FF:FC,-46, WPA ,0.000000,0.000000,0.000,0.000,AP
2026-04-08 13:37:52,1900-01-00 00:00:00,1020-wombat,B8:27:EB:FA:FF:FC,-46, WPA ,0.000000,0.000000,0.000,0.000,AP
2026-04-08 13:37:52,1900-01-00 00:00:00,1020-wombat,B8:27:EB:FA:FF:FC,-52, WPA ,0.000000,0.000000,0.000,0.000,AP
2026-04-08 13:37:52,1900-01-00 00:00:00,1020-wombat,B8:27:EB:FA:FF:FC,-52, WPA ,0.000000,0.000000,0.000,0.000,AP
2026-04-08 13:37:52,1900-01-00 00:00:00,1020-wombat,B8:27:EB:FA:FF:FC,-52, WPA ,0.000000,0.000000,0.000,0.000,AP
2026-04-08 13:37:52,1900-01-00 00:00:00,1020-wombat,B8:27:EB:FA:FF:FC,-52, WPA ,0.000000,0.000000,0.000,0.000,AP
2026-04-08 13:37:52,1900-01-00 00:00:00,1020-wombat,B8:27:EB:FA:FF:FC,-52, WPA ,0.000000,0.000000,0.000,0.000,AP
2026-04-08 13:37:53,1900-01-00 00:00:00,1020-wombat,B8:27:EB:FA:FF:FC,-52, WPA ,0.000000,0.000000,0.000,0.000,AP
2026-04-08 13:37:53,1900-01-00 00:00:00,1020-wombat,B8:27:EB:FA:FF:FC,-52, WPA ,0.000000,0.000000,0.000,0.000,AP
2026-04-08 13:37:53,1900-01-00 00:00:00,1020-wombat,B8:27:EB:FA:FF:FC,-52, WPA ,0.000000,0.000000,0.000,0.000,AP
2026-04-08 13:37:53,1900-01-00 00:00:00,1020-wombat,B8:27:EB:FA:FF:FC,-52, WPA ,0.000000,0.000000,0.000,0.000,AP
2026-04-08 13:37:53,1900-01-00 00:00:00,1020-wombat,B8:27:EB:FA:FF:FC,-52, WPA ,0.000000,0.000000,0.000,0.000,AP
2026-04-08 13:37:53,1900-01-00 00:00:00,1020-wombat,B8:27:EB:FA:FF:FC,-52, WPA ,0.000000,0.000000,0.000,0.000,AP
2026-04-08 13:37:53,1900-01-00 00:00:00,1020-wombat,B8:27:EB:FA:FF:FC,-52, WPA ,0.000000,0.000000,0.000,0.000,AP
2026-04-08 13:37:53,1900-01-00 00:00:00,1020-wombat,B8:27:EB:FA:FF:FC,-52, WPA ,0.000000,0.000000,0.000,0.000,AP
2026-04-08 13:37:53,1900-01-00 00:00:00,1020-wombat,B8:27:EB:FA:FF:FC,-52, WPA ,0.000000,0.000000,0.000,0.000,AP
2026-04-08 13:37:53,1900-01-00 00:00:00,1020-wombat,B8:27:EB:FA:FF:FC,-49, WPA ,0.000000,0.000000,0.000,0.000,AP
2026-04-08 13:37:53,1900-01-00 00:00:00,1020-wombat,B8:27:EB:FA:FF:FC,-28, WPA ,0.000000,0.000000,0.000,0.000,AP
2026-04-08 13:37:53,1900-01-00 00:00:00,1020-wombat,B8:27:EB:FA:FF:FC,-28, WPA ,0.000000,0.000000,0.000,0.000,AP
2026-04-08 13:37:53,1900-01-00 00:00:00,1020-wombat,B8:27:EB:FA:FF:FC,-28, WPA ,0.000000,0.000000,0.000,0.000,AP
2026-04-08 13:37:53,1900-01-00 00:00:00,1020-wombat,B8:27:EB:FA:FF:FC,-28, WPA ,0.000000,0.000000,0.000,0.000,AP
2026-04-08 13:37:53,1900-01-00 00:00:00,1020-wombat,B8:27:EB:FA:FF:FC,-28, WPA ,0.000000,0.000000,0.000,0.000,AP
2026-04-08 13:37:53,1900-01-00 00:00:00,1020-wombat,B8:27:EB:FA:FF:FC,-28, WPA ,0.000000,0.000000,0.000,0.000,AP
2026-04-08 13:37:53,1900-01-00 00:00:00,1020-wombat,B8:27:EB:FA:FF:FC,-28, WPA ,0.000000,0.000000,0.000,0.000,AP
2026-04-08 13:37:53,1900-01-00 00:00:00,1020-wombat,B8:27:EB:FA:FF:FC,-28, WPA ,0.000000,0.000000,0.000,0.000,AP
2026-04-08 13:37:53,1900-01-00 00:00:00,1020-wombat,B8:27:EB:FA:FF:FC,-52, WPA ,0.000000,0.000000,0.000,0.000,AP
2026-04-08 13:37:53,1900-01-00 00:00:00,1020-wombat,B8:27:EB:FA:FF:FC,-52, WPA ,0.000000,0.000000,0.000,0.000,AP
2026-04-08 13:37:53,1900-01-00 00:00:00,1020-wombat,B8:27:EB:FA:FF:FC,-52, WPA ,0.000000,0.000000,0.000,0.000,AP
2026-04-08 13:37:53,1900-01-00 00:00:00,1020-wombat,B8:27:EB:FA:FF:FC,-52, WPA ,0.000000,0.000000,0.000,0.000,AP
2026-04-08 13:37:53,1900-01-00 00:00:00,1020-wombat,B8:27:EB:FA:FF:FC,-52, WPA ,0.000000,0.000000,0.000,0.000,AP
2026-04-08 13:37:53,1900-01-00 00:00:00,1020-wombat,B8:27:EB:FA:FF:FC,-52, WPA ,0.000000,0.000000,0.000,0.000,AP
2026-04-08 13:37:53,1900-01-00 00:00:00,1020-wombat,B8:27:EB:FA:FF:FC,-52, WPA ,0.000000,0.000000,0.000,0.000,AP
2026-04-08 13:37:53,1900-01-00 00:00:00,1020-wombat,B8:27:EB:FA:FF:FC,-52, WPA ,0.000000,0.000000,0.000,0.000,AP
2026-04-08 13:37:53,1900-01-00 00:00:00,1020-wombat,B8:27:EB:FA:FF:FC,-60, WPA ,0.000000,0.000000,0.000,0.000,AP
2026-04-08 13:37:53,1900-01-00 00:00:00,1020-wombat,B8:27:EB:FA:FF:FC,-60, WPA ,0.000000,0.000000,0.000,0.000,AP
2026-04-08 13:37:53,1900-01-00 00:00:00,1020-wombat,B8:27:EB:FA:FF:FC,-60, WPA ,0.000000,0.000000,0.000,0.000,AP
2026-04-08 13:37:53,1900-01-00 00:00:00,1020-wombat,B8:27:EB:FA:FF:FC,-60, WPA ,0.000000,0.000000,0.000,0.000,AP
2026-04-08 13:37:53,1900-01-00 00:00:00,1020-wombat,B8:27:EB:FA:FF:FC,-60, WPA ,0.000000,0.000000,0.000,0.000,AP
2026-04-08 13:37:53,1900-01-00 00:00:00,1020-wombat,B8:27:EB:FA:FF:FC,-60, WPA ,0.000000,0.000000,0.000,0.000,AP
2026-04-08 13:37:53,1900-01-00 00:00:00,1020-wombat,B8:27:EB:FA:FF:FC,-60, WPA ,0.000000,0.000000,0.000,0.000,AP
2026-04-08 13:37:53,1900-01-00 00:00:00,1020-wombat,B8:27:EB:FA:FF:FC,-60, WPA ,0.000000,0.000000,0.000,0.000,AP
2026-04-08 13:37:53,1900-01-00 00:00:00,1020-wombat,B8:27:EB:FA:FF:FC,-60, WPA ,0.000000,0.000000,0.000,0.000,AP
2026-04-08 13:37:53,1900-01-00 00:00:00,1020-wombat,B8:27:EB:FA:FF:FC,-45, WPA ,0.000000,0.000000,0.000,0.000,AP
2026-04-08 13:37:53,1900-01-00 00:00:00,1020-wombat,B8:27:EB:FA:FF:FC,-45, WPA ,0.000000,0.000000,0.000,0.000,AP
2026-04-08 13:37:53,1900-01-00 00:00:00,1020-wombat,B8:27:EB:FA:FF:FC,-45, WPA ,0.000000,0.000000,0.000,0.000,AP
2026-04-08 13:37:53,1900-01-00 00:00:00,1020-wombat,B8:27:EB:FA:FF:FC,-45, WPA ,0.000000,0.000000,0.000,0.000,AP
2026-04-08 13:37:53,1900-01-00 00:00:00,1020-wombat,B8:27:EB:FA:FF:FC,-45, WPA ,0.000000,0.000000,0.000,0.000,AP
2026-04-08 13:37:53,1900-01-00 00:00:00,1020-wombat,B8:27:EB:FA:FF:FC,-45, WPA ,0.000000,0.000000,0.000,0.000,AP
2026-04-08 13:37:53,1900-01-00 00:00:00,1020-wombat,B8:27:EB:FA:FF:FC,-45, WPA ,0.000000,0.000000,0.000,0.000,AP
2026-04-08 13:37:53,1900-01-00 00:00:00,1020-wombat,B8:27:EB:FA:FF:FC,-45, WPA ,0.000000,0.000000,0.000,0.000,AP
2026-04-08 13:37:53,1900-01-00 00:00:00,1020-wombat,B8:27:EB:FA:FF:FC,-45, WPA ,0.000000,0.000000,0.000,0.000,AP
2026-04-08 13:37:53,1900-01-00 00:00:00,1020-wombat,B8:27:EB:FA:FF:FC,-51, WPA ,0.000000,0.000000,0.000,0.000,AP
2026-04-08 13:37:53,1900-01-00 00:00:00,1020-wombat,B8:27:EB:FA:FF:FC,-59, WPA ,0.000000,0.000000,0.000,0.000,AP
2026-04-08 13:37:53,1900-01-00 00:00:00,1020-wombat,B8:27:EB:FA:FF:FC,-59, WPA ,0.000000,0.000000,0.000,0.000,AP
2026-04-08 13:37:53,1900-01-00 00:00:00,1020-wombat,B8:27:EB:FA:FF:FC,-59, WPA ,0.000000,0.000000,0.000,0.000,AP
2026-04-08 13:37:53,1900-01-00 00:00:00,1020-wombat,B8:27:EB:FA:FF:FC,-59, WPA ,0.000000,0.000000,0.000,0.000,AP
2026-04-08 13:37:53,1900-01-00 00:00:00,1020-wombat,B8:27:EB:FA:FF:FC,-59, WPA ,0.000000,0.000000,0.000,0.000,AP
2026-04-08 13:37:53,1900-01-00 00:00:00,1020-wombat,B8:27:EB:FA:FF:FC,-59, WPA ,0.000000,0.000000,0.000,0.000,AP
2026-04-08 13:37:53,1900-01-00 00:00:00,1020-wombat,B8:27:EB:FA:FF:FC,-59, WPA ,0.000000,0.000000,0.000,0.000,AP
2026-04-08 13:37:53,1900-01-00 00:00:00,1020-wombat,B8:27:EB:FA:FF:FC,-59, WPA ,0.000000,0.000000,0.000,0.000,AP
2026-04-08 13:37:53,1900-01-00 00:00:00,1020-wombat,B8:27:EB:FA:FF:FC,-59, WPA ,0.000000,0.000000,0.000,0.000,AP
2026-04-08 13:37:53,1900-01-00 00:00:00,1020-wombat,B8:27:EB:FA:FF:FC,-59, WPA ,0.000000,0.000000,0.000,0.000,AP
2026-04-08 13:37:53,1900-01-00 00:00:00,1020-wombat,B8:27:EB:FA:FF:FC,-59, WPA ,0.000000,0.000000,0.000,0.000,AP
2026-04-08 13:37:53,1900-01-00 00:00:00,1020-wombat,B8:27:EB:FA:FF:FC,-59, WPA ,0.000000,0.000000,0.000,0.000,AP
2026-04-08 13:37:53,1900-01-00 00:00:00,1020-wombat,B8:27:EB:FA:FF:FC,-59, WPA ,0.000000,0.000000,0.000,0.000,AP
2026-04-08 13:37:53,1900-01-00 00:00:00,1020-wombat,B8:27:EB:FA:FF:FC,-49, WPA ,0.000000,0.000000,0.000,0.000,AP
2026-04-08 13:37:53,1900-01-00 00:00:00,1020-wombat,B8:27:EB:FA:FF:FC,-27, WPA ,0.000000,0.000000,0.000,0.000,AP
2026-04-08 13:37:53,1900-01-00 00:00:00,1020-wombat,B8:27:EB:FA:FF:FC,-27, WPA ,0.000000,0.000000,0.000,0.000,AP
2026-04-08 13:37:53,1900-01-00 00:00:00,1020-wombat,B8:27:EB:FA:FF:FC,-27, WPA ,0.000000,0.000000,0.000,0.000,AP
2026-04-08 13:37:53,1900-01-00 00:00:00,1020-wombat,B8:27:EB:FA:FF:FC,-27, WPA ,0.000000,0.000000,0.000,0.000,AP
2026-04-08 13:37:53,1900-01-00 00:00:00,1020-wombat,B8:27:EB:FA:FF:FC,-47, WPA ,0.000000,0.000000,0.000,0.000,AP
2026-04-08 13:37:53,1900-01-00 00:00:00,1020-wombat,B8:27:EB:FA:FF:FC,-47, WPA ,0.000000,0.000000,0.000,0.000,AP
2026-04-08 13:37:53,1900-01-00 00:00:00,1020-wombat,B8:27:EB:FA:FF:FC,-47, WPA ,0.000000,0.000000,0.000,0.000,AP
2026-04-08 13:37:53,1900-01-00 00:00:00,1020-wombat,B8:27:EB:FA:FF:FC,-57, WPA ,0.000000,0.000000,0.000,0.000,AP
2026-04-08 13:37:53,1900-01-00 00:00:00,1020-wombat,B8:27:EB:FA:FF:FC,-53, WPA ,0.000000,0.000000,0.000,0.000,AP
2026-04-08 13:37:53,1900-01-00 00:00:00,1020-wombat,B8:27:EB:FA:FF:FC,-53, WPA ,0.000000,0.000000,0.000,0.000,AP
2026-04-08 13:37:53,1900-01-00 00:00:00,1020-wombat,B8:27:EB:FA:FF:FC,-47, WPA ,0.000000,0.000000,0.000,0.000,AP
2026-04-08 13:37:53,1900-01-00 00:00:00,1020-wombat,B8:27:EB:FA:FF:FC,-57, WPA ,0.000000,0.000000,0.000,0.000,AP
2026-04-08 13:37:53,1900-01-00 00:00:00,1020-wombat,B8:27:EB:FA:FF:FC,-57, WPA ,0.000000,0.000000,0.000,0.000,AP
2026-04-08 13:37:53,1900-01-00 00:00:00,1020-wombat,B8:27:EB:FA:FF:FC,-57, WPA ,0.000000,0.000000,0.000,0.000,AP
2026-04-08 13:37:53,1900-01-00 00:00:00,1020-wombat,B8:27:EB:FA:FF:FC,-57, WPA ,0.000000,0.000000,0.000,0.000,AP
2026-04-08 13:37:53,1900-01-00 00:00:00,1020-wombat,B8:27:EB:FA:FF:FC,-54, WPA ,0.000000,0.000000,0.000,0.000,AP
2026-04-08 13:37:53,1900-01-00 00:00:00,1020-wombat,B8:27:EB:FA:FF:FC,-54, WPA ,0.000000,0.000000,0.000,0.000,AP
2026-04-08 13:37:53,1900-01-00 00:00:00,1020-wombat,B8:27:EB:FA:FF:FC,-46, WPA ,0.000000,0.000000,0.000,0.000,AP
2026-04-08 13:37:53,1900-01-00 00:00:00,1020-wombat,B8:27:EB:FA:FF:FC,-57, WPA ,0.000000,0.000000,0.000,0.000,AP
2026-04-08 13:37:53,1900-01-00 00:00:00,1020-wombat,B8:27:EB:FA:FF:FC,-54, WPA ,0.000000,0.000000,0.000,0.000,AP
2026-04-08 13:37:53,1900-01-00 00:00:00,1020-wombat,B8:27:EB:FA:FF:FC,-46, WPA ,0.000000,0.000000,0.000,0.000,AP
2026-04-08 13:37:53,1900-01-00 00:00:00,1020-wombat,B8:27:EB:FA:FF:FC,-56, WPA ,0.000000,0.000000,0.000,0.000,AP
2026-04-08 13:37:53,1900-01-00 00:00:00,1020-wombat,B8:27:EB:FA:FF:FC,-56, WPA ,0.000000,0.000000,0.000,0.000,AP
2026-04-08 13:37:53,1900-01-00 00:00:00,1020-wombat,B8:27:EB:FA:FF:FC,-46, WPA ,0.000000,0.000000,0.000,0.000,AP
2026-04-08 13:37:53,1900-01-00 00:00:00,1020-wombat,B8:27:EB:FA:FF:FC,-47, WPA ,0.000000,0.000000,0.000,0.000,AP
2026-04-08 13:37:53,1900-01-00 00:00:00,1020-wombat,B8:27:EB:FA:FF:FC,-47, WPA ,0.000000,0.000000,0.000,0.000,AP
2026-04-08 13:37:53,1900-01-00 00:00:00,1020-wombat,B8:27:EB:FA:FF:FC,-46, WPA ,0.000000,0.000000,0.000,0.000,AP
2026-04-08 13:37:53,1900-01-00 00:00:00,1020-wombat,B8:27:EB:FA:FF:FC,-46, WPA ,0.000000,0.000000,0.000,0.000,AP
2026-04-08 13:37:53,1900-01-00 00:00:00,1020-wombat,B8:27:EB:FA:FF:FC,-47, WPA ,0.000000,0.000000,0.000,0.000,AP
2026-04-08 13:37:53,1900-01-00 00:00:00,1020-wombat,B8:27:EB:FA:FF:FC,-47, WPA ,0.000000,0.000000,0.000,0.000,AP
2026-04-08 13:37:53,1900-01-00 00:00:00,1020-wombat,B8:27:EB:FA:FF:FC,-47, WPA ,0.000000,0.000000,0.000,0.000,AP
2026-04-08 13:37:53,1900-01-00 00:00:00,1020-wombat,B8:27:EB:FA:FF:FC,-47, WPA ,0.000000,0.000000,0.000,0.000,AP
2026-04-08 13:37:53,1900-01-00 00:00:00,1020-wombat,B8:27:EB:FA:FF:FC,-56, WPA ,0.000000,0.000000,0.000,0.000,AP
2026-04-08 13:37:53,1900-01-00 00:00:00,1020-wombat,B8:27:EB:FA:FF:FC,-46, WPA ,0.000000,0.000000,0.000,0.000,AP
2026-04-08 13:37:53,1900-01-00 00:00:00,1020-wombat,B8:27:EB:FA:FF:FC,-46, WPA ,0.000000,0.000000,0.000,0.000,AP
2026-04-08 13:37:53,1900-01-00 00:00:00,1020-wombat,B8:27:EB:FA:FF:FC,-57, WPA ,0.000000,0.000000,0.000,0.000,AP
2026-04-08 13:37:53,1900-01-00 00:00:00,1020-wombat,B8:27:EB:FA:FF:FC,-56, WPA ,0.000000,0.000000,0.000,0.000,AP
2026-04-08 13:37:53,1900-01-00 00:00:00,1020-wombat,B8:27:EB:FA:FF:FC,-56, WPA ,0.000000,0.000000,0.000,0.000,AP
2026-04-08 13:37:53,1900-01-00 00:00:00,1020-wombat,B8:27:EB:FA:FF:FC,-60, WPA ,0.000000,0.000000,0.000,0.000,AP
2026-04-08 13:37:53,1900-01-00 00:00:00,1020-wombat,B8:27:EB:FA:FF:FC,-57, WPA ,0.000000,0.000000,0.000,0.000,AP
2026-04-08 13:37:53,1900-01-00 00:00:00,1020-wombat,B8:27:EB:FA:FF:FC,-47, WPA ,0.000000,0.000000,0.000,0.000,AP
2026-04-08 13:37:53,1900-01-00 00:00:00,1020-wombat,B8:27:EB:FA:FF:FC,-57, WPA ,0.000000,0.000000,0.000,0.000,AP
2026-04-08 13:37:53,1900-01-00 00:00:00,1020-wombat,B8:27:EB:FA:FF:FC,-45, WPA ,0.000000,0.000000,0.000,0.000,AP
2026-04-08 13:37:53,1900-01-00 00:00:00,1020-wombat,B8:27:EB:FA:FF:FC,-45, WPA ,0.000000,0.000000,0.000,0.000,AP
2026-04-08 13:37:53,1900-01-00 00:00:00,1020-wombat,B8:27:EB:FA:FF:FC,-45, WPA ,0.000000,0.000000,0.000,0.000,AP
2026-04-08 13:37:53,1900-01-00 00:00:00,1020-wombat,B8:27:EB:FA:FF:FC,-45, WPA ,0.000000,0.000000,0.000,0.000,AP
2026-04-08 13:37:53,1900-01-00 00:00:00,1020-wombat,B8:27:EB:FA:FF:FC,-45, WPA ,0.000000,0.000000,0.000,0.000,AP
2026-04-08 13:37:53,1900-01-00 00:00:00,1020-wombat,B8:27:EB:FA:FF:FC,-45, WPA ,0.000000,0.000000,0.000,0.000,AP
2026-04-08 13:37:53,1900-01-00 00:00:00,1020-wombat,B8:27:EB:FA:FF:FC,-45, WPA ,0.000000,0.000000,0.000,0.000,AP
2026-04-08 13:37:53,1900-01-00 00:00:00,1020-wombat,B8:27:EB:FA:FF:FC,-45, WPA ,0.000000,0.000000,0.000,0.000,AP
2026-04-08 13:37:53,1900-01-00 00:00:00,1020-wombat,B8:27:EB:FA:FF:FC,-45, WPA ,0.000000,0.000000,0.000,0.000,AP
2026-04-08 13:37:53,1900-01-00 00:00:00,1020-wombat,B8:27:EB:FA:FF:FC,-45, WPA ,0.000000,0.000000,0.000,0.000,AP
2026-04-08 13:37:53,1900-01-00 00:00:00,1020-wombat,B8:27:EB:FA:FF:FC,-45, WPA ,0.000000,0.000000,0.000,0.000,AP
2026-04-08 13:37:53,1900-01-00 00:00:00,1020-wombat,B8:27:EB:FA:FF:FC,-45, WPA ,0.000000,0.000000,0.000,0.000,AP
2026-04-08 13:37:53,1900-01-00 00:00:00,1020-wombat,B8:27:EB:FA:FF:FC,-45, WPA ,0.000000,0.000000,0.000,0.000,AP
2026-04-08 13:37:53,1900-01-00 00:00:00,1020-wombat,B8:27:EB:FA:FF:FC,-45, WPA ,0.000000,0.000000,0.000,0.000,AP
2026-04-08 13:37:53,1900-01-00 00:00:00,1020-wombat,B8:27:EB:FA:FF:FC,-54, WPA ,0.000000,0.000000,0.000,0.000,AP
2026-04-08 13:37:53,1900-01-00 00:00:00,1020-wombat,B8:27:EB:FA:FF:FC,-53, WPA ,0.000000,0.000000,0.000,0.000,AP
2026-04-08 13:37:53,1900-01-00 00:00:00,1020-wombat,B8:27:EB:FA:FF:FC,-53, WPA ,0.000000,0.000000,0.000,0.000,AP
2026-04-08 13:37:53,1900-01-00 00:00:00,1020-wombat,B8:27:EB:FA:FF:FC,-53, WPA ,0.000000,0.000000,0.000,0.000,AP
2026-04-08 13:37:53,1900-01-00 00:00:00,1020-wombat,B8:27:EB:FA:FF:FC,-53, WPA ,0.000000,0.000000,0.000,0.000,AP
2026-04-08 13:37:53,1900-01-00 00:00:00,1020-wombat,B8:27:EB:FA:FF:FC,-53, WPA ,0.000000,0.000000,0.000,0.000,AP
2026-04-08 13:37:53,1900-01-00 00:00:00,1020-wombat,B8:27:EB:FA:FF:FC,-53, WPA ,0.000000,0.000000,0.000,0.000,AP
2026-04-08 13:37:53,1900-01-00 00:00:00,1020-wombat,B8:27:EB:FA:FF:FC,-53, WPA ,0.000000,0.000000,0.000,0.000,AP
2026-04-08 13:37:53,1900-01-00 00:00:00,1020-wombat,B8:27:EB:FA:FF:FC,-46, WPA ,0.000000,0.000000,0.000,0.000,AP
2026-04-08 13:37:53,1900-01-00 00:00:00,1020-wombat,B8:27:EB:FA:FF:FC,-32, WPA ,0.000000,0.000000,0.000,0.000,AP
2026-04-08 13:37:53,1900-01-00 00:00:00,1020-wombat,B8:27:EB:FA:FF:FC,-32, WPA ,0.000000,0.000000,0.000,0.000,AP
2026-04-08 13:37:53,1900-01-00 00:00:00,1020-wombat,B8:27:EB:FA:FF:FC,-32, WPA ,0.000000,0.000000,0.000,0.000,AP
2026-04-08 13:37:53,1900-01-00 00:00:00,1020-wombat,B8:27:EB:FA:FF:FC,-32, WPA ,0.000000,0.000000,0.000,0.000,AP
2026-04-08 13:37:53,1900-01-00 00:00:00,1020-wombat,B8:27:EB:FA:FF:FC,-32, WPA ,0.000000,0.000000,0.000,0.000,AP
2026-04-08 13:37:53,1900-01-00 00:00:00,1020-wombat,B8:27:EB:FA:FF:FC,-32, WPA ,0.000000,0.000000,0.000,0.000,AP
2026-04-08 13:37:53,1900-01-00 00:00:00,1020-wombat,B8:27:EB:FA:FF:FC,-32, WPA ,0.000000,0.000000,0.000,0.000,AP
2026-04-08 13:37:53,1900-01-00 00:00:00,1020-wombat,B8:27:EB:FA:FF:FC,-32, WPA ,0.000000,0.000000,0.000,0.000,AP
2026-04-08 13:37:53,1900-01-00 00:00:00,1020-wombat,B8:27:EB:FA:FF:FC,-56, WPA ,0.000000,0.000000,0.000,0.000,AP
2026-04-08 13:37:53,1900-01-00 00:00:00,1020-wombat,B8:27:EB:FA:FF:FC,-56, WPA ,0.000000,0.000000,0.000,0.000,AP
2026-04-08 13:37:53,1900-01-00 00:00:00,1020-wombat,B8:27:EB:FA:FF:FC,-56, WPA ,0.000000,0.000000,0.000,0.000,AP
2026-04-08 13:37:53,1900-01-00 00:00:00,1020-wombat,B8:27:EB:FA:FF:FC,-56, WPA ,0.000000,0.000000,0.000,0.000,AP
2026-04-08 13:37:53,1900-01-00 00:00:00,1020-wombat,B8:27:EB:FA:FF:FC,-56, WPA ,0.000000,0.000000,0.000,0.000,AP
2026-04-08 13:37:53,1900-01-00 00:00:00,1020-wombat,B8:27:EB:FA:FF:FC,-56, WPA ,0.000000,0.000000,0.000,0.000,AP
2026-04-08 13:37:53,1900-01-00 00:00:00,1020-wombat,B8:27:EB:FA:FF:FC,-56, WPA ,0.000000,0.000000,0.000,0.000,AP
2026-04-08 13:37:53,1900-01-00 00:00:00,1020-wombat,B8:27:EB:FA:FF:FC,-56, WPA ,0.000000,0.000000,0.000,0.000,AP
2026-04-08 13:37:53,1900-01-00 00:00:00,1020-wombat,B8:27:EB:FA:FF:FC,-56, WPA ,0.000000,0.000000,0.000,0.000,AP
2026-04-08 13:37:53,1900-01-00 00:00:00,1020-wombat,B8:27:EB:FA:FF:FC,-56, WPA ,0.000000,0.000000,0.000,0.000,AP
2026-04-08 13:37:53,1900-01-00 00:00:00,1020-wombat,B8:27:EB:FA:FF:FC,-56, WPA ,0.000000,0.000000,0.000,0.000,AP
2026-04-08 13:37:53,1900-01-00 00:00:00,1020-wombat,B8:27:EB:FA:FF:FC,-56, WPA ,0.000000,0.000000,0.000,0.000,AP
2026-04-08 13:37:53,1900-01-00 00:00:00,1020-wombat,B8:27:EB:FA:FF:FC,-56, WPA ,0.000000,0.000000,0.000,0.000,AP
2026-04-08 13:37:53,1900-01-00 00:00:00,1020-wombat,B8:27:EB:FA:FF:FC,-56, WPA ,0.000000,0.000000,0.000,0.000,AP
2026-04-08 13:37:53,1900-01-00 00:00:00,1020-wombat,B8:27:EB:FA:FF:FC,-56, WPA ,0.000000,0.000000,0.000,0.000,AP
2026-04-08 13:37:53,1900-01-00 00:00:00,1020-wombat,B8:27:EB:FA:FF:FC,-56, WPA ,0.000000,0.000000,0.000,0.000,AP
2026-04-08 13:37:53,1900-01-00 00:00:00,1020-wombat,B8:27:EB:FA:FF:FC,-56, WPA ,0.000000,0.000000,0.000,0.000,AP
2026-04-08 13:37:53,1900-01-00 00:00:00,1020-wombat,B8:27:EB:FA:FF:FC,-56, WPA ,0.000000,0.000000,0.000,0.000,AP
2026-04-08 13:37:53,1900-01-00 00:00:00,1020-wombat,B8:27:EB:FA:FF:FC,-46, WPA ,0.000000,0.000000,0.000,0.000,AP
2026-04-08 13:37:53,1900-01-00 00:00:00,1020-wombat,B8:27:EB:FA:FF:FC,-46, WPA ,0.000000,0.000000,0.000,0.000,AP
2026-04-08 13:37:53,1900-01-00 00:00:00,1020-wombat,B8:27:EB:FA:FF:FC,-46, WPA ,0.000000,0.000000,0.000,0.000,AP
2026-04-08 13:37:53,1900-01-00 00:00:00,1020-wombat,B8:27:EB:FA:FF:FC,-46, WPA ,0.000000,0.000000,0.000,0.000,AP
2026-04-08 13:37:53,1900-01-00 00:00:00,1020-wombat,B8:27:EB:FA:FF:FC,-46, WPA ,0.000000,0.000000,0.000,0.000,AP
2026-04-08 13:37:53,1900-01-00 00:00:00,1020-wombat,B8:27:EB:FA:FF:FC,-46, WPA ,0.000000,0.000000,0.000,0.000,AP
2026-04-08 13:37:53,1900-01-00 00:00:00,1020-wombat,B8:27:EB:FA:FF:FC,-46, WPA ,0.000000,0.000000,0.000,0.000,AP
2026-04-08 13:37:53,1900-01-00 00:00:00,1020-wombat,B8:27:EB:FA:FF:FC,-46, WPA ,0.000000,0.000000,0.000,0.000,AP
2026-04-08 13:37:53,1900-01-00 00:00:00,1020-wombat,B8:27:EB:FA:FF:FC,-46, WPA ,0.000000,0.000000,0.000,0.000,AP
2026-04-08 13:37:53,1900-01-00 00:00:00,1020-wombat,B8:27:EB:FA:FF:FC,-46, WPA ,0.000000,0.000000,0.000,0.000,AP
2026-04-08 13:37:53,1900-01-00 00:00:00,1020-wombat,B8:27:EB:FA:FF:FC,-59, WPA ,0.000000,0.000000,0.000,0.000,AP
2026-04-08 13:37:53,1900-01-00 00:00:00,1020-wombat,B8:27:EB:FA:FF:FC,-59, WPA ,0.000000,0.000000,0.000,0.000,AP
2026-04-08 13:37:53,1900-01-00 00:00:00,1020-wombat,B8:27:EB:FA:FF:FC,-59, WPA ,0.000000,0.000000,0.000,0.000,AP
2026-04-08 13:37:53,1900-01-00 00:00:00,1020-wombat,B8:27:EB:FA:FF:FC,-59, WPA ,0.000000,0.000000,0.000,0.000,AP
2026-04-08 13:37:53,1900-01-00 00:00:00,1020-wombat,B8:27:EB:FA:FF:FC,-59, WPA ,0.000000,0.000000,0.000,0.000,AP
2026-04-08 13:37:53,1900-01-00 00:00:00,1020-wombat,B8:27:EB:FA:FF:FC,-59, WPA ,0.000000,0.000000,0.000,0.000,AP
2026-04-08 13:37:53,1900-01-00 00:00:00,1020-wombat,B8:27:EB:FA:FF:FC,-59, WPA ,0.000000,0.000000,0.000,0.000,AP
2026-04-08 13:37:53,1900-01-00 00:00:00,1020-wombat,B8:27:EB:FA:FF:FC,-59, WPA ,0.000000,0.000000,0.000,0.000,AP
2026-04-08 13:37:53,1900-01-00 00:00:00,1020-wombat,B8:27:EB:FA:FF:FC,-59, WPA ,0.000000,0.000000,0.000,0.000,AP
2026-04-08 13:37:53,1900-01-00 00:00:00,1020-wombat,B8:27:EB:FA:FF:FC,-59, WPA ,0.000000,0.000000,0.000,0.000,AP
2026-04-08 13:37:53,1900-01-00 00:00:00,1020-wombat,B8:27:EB:FA:FF:FC,-59, WPA ,0.000000,0.000000,0.000,0.000,AP
2026-04-08 13:37:53,1900-01-00 00:00:00,1020-wombat,B8:27:EB:FA:FF:FC,-59, WPA ,0.000000,0.000000,0.000,0.000,AP
2026-04-08 13:37:53,1900-01-00 00:00:00,1020-wombat,B8:27:EB:FA:FF:FC,-59, WPA ,0.000000,0.000000,0.000,0.000,AP
2026-04-08 13:37:53,1900-01-00 00:00:00,1020-wombat,B8:27:EB:FA:FF:FC,-47, WPA ,0.000000,0.000000,0.000,0.000,AP
2026-04-08 13:37:53,1900-01-00 00:00:00,1020-wombat,B8:27:EB:FA:FF:FC,-32, WPA ,0.000000,0.000000,0.000,0.000,AP
2026-04-08 13:37:53,1900-01-00 00:00:00,1020-wombat,B8:27:EB:FA:FF:FC,-32, WPA ,0.000000,0.000000,0.000,0.000,AP
2026-04-08 13:37:53,1900-01-00 00:00:00,1020-wombat,B8:27:EB:FA:FF:FC,-32, WPA ,0.000000,0.000000,0.000,0.000,AP
2026-04-08 13:37:53,1900-01-00 00:00:00,1020-wombat,B8:27:EB:FA:FF:FC,-32, WPA ,0.000000,0.000000,0.000,0.000,AP
2026-04-08 13:37:53,1900-01-00 00:00:00,1020-wombat,B8:27:EB:FA:FF:FC,-32, WPA ,0.000000,0.000000,0.000,0.000,AP
2026-04-08 13:37:53,1900-01-00 00:00:00,1020-wombat,B8:27:EB:FA:FF:FC,-32, WPA ,0.000000,0.000000,0.000,0.000,AP
2026-04-08 13:37:53,1900-01-00 00:00:00,1020-wombat,B8:27:EB:FA:FF:FC,-32, WPA ,0.000000,0.000000,0.000,0.000,AP
2026-04-08 13:37:53,1900-01-00 00:00:00,1020-wombat,B8:27:EB:FA:FF:FC,-32, WPA ,0.000000,0.000000,0.000,0.000,AP
2026-04-08 13:37:53,1900-01-00 00:00:00,1020-wombat,B8:27:EB:FA:FF:FC,-55, WPA ,0.000000,0.000000,0.000,0.000,AP
2026-04-08 13:37:53,1900-01-00 00:00:00,1020-wombat,B8:27:EB:FA:FF:FC,-55, WPA ,0.000000,0.000000,0.000,0.000,AP
2026-04-08 13:37:53,1900-01-00 00:00:00,1020-wombat,B8:27:EB:FA:FF:FC,-55, WPA ,0.000000,0.000000,0.000,0.000,AP
2026-04-08 13:37:53,1900-01-00 00:00:00,1020-wombat,B8:27:EB:FA:FF:FC,-55, WPA ,0.000000,0.000000,0.000,0.000,AP
2026-04-08 13:37:53,1900-01-00 00:00:00,1020-wombat,B8:27:EB:FA:FF:FC,-55, WPA ,0.000000,0.000000,0.000,0.000,AP
2026-04-08 13:37:53,1900-01-00 00:00:00,1020-wombat,B8:27:EB:FA:FF:FC,-55, WPA ,0.000000,0.000000,0.000,0.000,AP
2026-04-08 13:37:53,1900-01-00 00:00:00,1020-wombat,B8:27:EB:FA:FF:FC,-55, WPA ,0.000000,0.000000,0.000,0.000,AP
2026-04-08 13:37:53,1900-01-00 00:00:00,1020-wombat,B8:27:EB:FA:FF:FC,-55, WPA ,0.000000,0.000000,0.000,0.000,AP
2026-04-08 13:37:53,1900-01-00 00:00:00,1020-wombat,B8:27:EB:FA:FF:FC,-55, WPA ,0.000000,0.000000,0.000,0.000,AP
2026-04-08 13:37:53,1900-01-00 00:00:00,1020-wombat,B8:27:EB:FA:FF:FC,-55, WPA ,0.000000,0.000000,0.000,0.000,AP
2026-04-08 13:37:53,1900-01-00 00:00:00,1020-wombat,B8:27:EB:FA:FF:FC,-55, WPA ,0.000000,0.000000,0.000,0.000,AP
2026-04-08 13:37:53,1900-01-00 00:00:00,1020-wombat,B8:27:EB:FA:FF:FC,-55, WPA ,0.000000,0.000000,0.000,0.000,AP
2026-04-08 13:37:53,1900-01-00 00:00:00,1020-wombat,B8:27:EB:FA:FF:FC,-55, WPA ,0.000000,0.000000,0.000,0.000,AP
2026-04-08 13:37:53,1900-01-00 00:00:00,1020-wombat,B8:27:EB:FA:FF:FC,-55, WPA ,0.000000,0.000000,0.000,0.000,AP
2026-04-08 13:37:53,1900-01-00 00:00:00,1020-wombat,B8:27:EB:FA:FF:FC,-55, WPA ,0.000000,0.000000,0.000,0.000,AP
2026-04-08 13:37:53,1900-01-00 00:00:00,1020-wombat,B8:27:EB:FA:FF:FC,-55, WPA ,0.000000,0.000000,0.000,0.000,AP
2026-04-08 13:37:53,1900-01-00 00:00:00,1020-wombat,B8:27:EB:FA:FF:FC,-55, WPA ,0.000000,0.000000,0.000,0.000,AP
2026-04-08 13:37:53,1900-01-00 00:00:00,1020-wombat,B8:27:EB:FA:FF:FC,-55, WPA ,0.000000,0.000000,0.000,0.000,AP
2026-04-08 13:37:53,1900-01-00 00:00:00,1020-wombat,B8:27:EB:FA:FF:FC,-55, WPA ,0.000000,0.000000,0.000,0.000,AP
2026-04-08 13:37:53,1900-01-00 00:00:00,1020-wombat,B8:27:EB:FA:FF:FC,-55, WPA ,0.000000,0.000000,0.000,0.000,AP
2026-04-08 13:37:53,1900-01-00 00:00:00,1020-wombat,B8:27:EB:FA:FF:FC,-55, WPA ,0.000000,0.000000,0.000,0.000,AP
2026-04-08 13:37:53,1900-01-00 00:00:00,1020-wombat,B8:27:EB:FA:FF:FC,-55, WPA ,0.000000,0.000000,0.000,0.000,AP
2026-04-08 13:37:53,1900-01-00 00:00:00,1020-wombat,B8:27:EB:FA:FF:FC,-55, WPA ,0.000000,0.000000,0.000,0.000,AP
2026-04-08 13:37:53,1900-01-00 00:00:00,1020-wombat,B8:27:EB:FA:FF:FC,-55, WPA ,0.000000,0.000000,0.000,0.000,AP
2026-04-08 13:37:53,1900-01-00 00:00:00,1020-wombat,B8:27:EB:FA:FF:FC,-55, WPA ,0.000000,0.000000,0.000,0.000,AP
2026-04-08 13:37:53,1900-01-00 00:00:00,1020-wombat,B8:27:EB:FA:FF:FC,-55, WPA ,0.000000,0.000000,0.000,0.000,AP
2026-04-08 13:37:53,1900-01-00 00:00:00,1020-wombat,B8:27:EB:FA:FF:FC,-55, WPA ,0.000000,0.000000,0.000,0.000,AP
2026-04-08 13:37:53,1900-01-00 00:00:00,1020-wombat,B8:27:EB:FA:FF:FC,-55, WPA ,0.000000,0.000000,0.000,0.000,AP
2026-04-08 13:37:53,1900-01-00 00:00:00,1020-wombat,B8:27:EB:FA:FF:FC,-50, WPA ,0.000000,0.000000,0.000,0.000,AP
2026-04-08 13:37:53,1900-01-00 00:00:00,1020-wombat,B8:27:EB:FA:FF:FC,-59, WPA ,0.000000,0.000000,0.000,0.000,AP
2026-04-08 13:37:53,1900-01-00 00:00:00,1020-wombat,B8:27:EB:FA:FF:FC,-59, WPA ,0.000000,0.000000,0.000,0.000,AP
2026-04-08 13:37:53,1900-01-00 00:00:00,1020-wombat,B8:27:EB:FA:FF:FC,-59, WPA ,0.000000,0.000000,0.000,0.000,AP
2026-04-08 13:37:53,1900-01-00 00:00:00,1020-wombat,B8:27:EB:FA:FF:FC,-59, WPA ,0.000000,0.000000,0.000,0.000,AP
2026-04-08 13:37:53,1900-01-00 00:00:00,1020-wombat,B8:27:EB:FA:FF:FC,-59, WPA ,0.000000,0.000000,0.000,0.000,AP
2026-04-08 13:37:53,1900-01-00 00:00:00,1020-wombat,B8:27:EB:FA:FF:FC,-59, WPA ,0.000000,0.000000,0.000,0.000,AP
2026-04-08 13:37:53,1900-01-00 00:00:00,1020-wombat,B8:27:EB:FA:FF:FC,-59, WPA ,0.000000,0.000000,0.000,0.000,AP
2026-04-08 13:37:53,1900-01-00 00:00:00,1020-wombat,B8:27:EB:FA:FF:FC,-59, WPA ,0.000000,0.000000,0.000,0.000,AP
2026-04-08 13:37:53,1900-01-00 00:00:00,1020-wombat,B8:27:EB:FA:FF:FC,-59, WPA ,0.000000,0.000000,0.000,0.000,AP
2026-04-08 13:37:53,1900-01-00 00:00:00,1020-wombat,B8:27:EB:FA:FF:FC,-59, WPA ,0.000000,0.000000,0.000,0.000,AP
2026-04-08 13:37:53,1900-01-00 00:00:00,1020-wombat,B8:27:EB:FA:FF:FC,-59, WPA ,0.000000,0.000000,0.000,0.000,AP
2026-04-08 13:37:53,1900-01-00 00:00:00,1020-wombat,B8:27:EB:FA:FF:FC,-59, WPA ,0.000000,0.000000,0.000,0.000,AP
2026-04-08 13:37:53,1900-01-00 00:00:00,1020-wombat,B8:27:EB:FA:FF:FC,-59, WPA ,0.000000,0.000000,0.000,0.000,AP
2026-04-08 13:37:53,1900-01-00 00:00:00,1020-wombat,B8:27:EB:FA:FF:FC,-33, WPA ,0.000000,0.000000,0.000,0.000,AP
2026-04-08 13:37:53,1900-01-00 00:00:00,1020-wombat,B8:27:EB:FA:FF:FC,-33, WPA ,0.000000,0.000000,0.000,0.000,AP
2026-04-08 13:37:53,1900-01-00 00:00:00,1020-wombat,B8:27:EB:FA:FF:FC,-33, WPA ,0.000000,0.000000,0.000,0.000,AP
2026-04-08 13:37:53,1900-01-00 00:00:00,1020-wombat,B8:27:EB:FA:FF:FC,-33, WPA ,0.000000,0.000000,0.000,0.000,AP
2026-04-08 13:37:53,1900-01-00 00:00:00,1020-wombat,B8:27:EB:FA:FF:FC,-33, WPA ,0.000000,0.000000,0.000,0.000,AP
2026-04-08 13:37:53,1900-01-00 00:00:00,1020-wombat,B8:27:EB:FA:FF:FC,-33, WPA ,0.000000,0.000000,0.000,0.000,AP
2026-04-08 13:37:53,1900-01-00 00:00:00,1020-wombat,B8:27:EB:FA:FF:FC,-33, WPA ,0.000000,0.000000,0.000,0.000,AP
2026-04-08 13:37:53,1900-01-00 00:00:00,1020-wombat,B8:27:EB:FA:FF:FC,-33, WPA ,0.000000,0.000000,0.000,0.000,AP
2026-04-08 13:37:53,1900-01-00 00:00:00,1020-wombat,B8:27:EB:FA:FF:FC,-33, WPA ,0.000000,0.000000,0.000,0.000,AP
2026-04-08 13:37:53,1900-01-00 00:00:00,1020-wombat,B8:27:EB:FA:FF:FC,-54, WPA ,0.000000,0.000000,0.000,0.000,AP
2026-04-08 13:37:53,1900-01-00 00:00:00,1020-wombat,B8:27:EB:FA:FF:FC,-54, WPA ,0.000000,0.000000,0.000,0.000,AP
2026-04-08 13:37:53,1900-01-00 00:00:00,1020-wombat,B8:27:EB:FA:FF:FC,-54, WPA ,0.000000,0.000000,0.000,0.000,AP
2026-04-08 13:37:53,1900-01-00 00:00:00,1020-wombat,B8:27:EB:FA:FF:FC,-54, WPA ,0.000000,0.000000,0.000,0.000,AP
2026-04-08 13:37:53,1900-01-00 00:00:00,1020-wombat,B8:27:EB:FA:FF:FC,-54, WPA ,0.000000,0.000000,0.000,0.000,AP
2026-04-08 13:37:53,1900-01-00 00:00:00,1020-wombat,B8:27:EB:FA:FF:FC,-54, WPA ,0.000000,0.000000,0.000,0.000,AP
2026-04-08 13:37:53,1900-01-00 00:00:00,1020-wombat,B8:27:EB:FA:FF:FC,-54, WPA ,0.000000,0.000000,0.000,0.000,AP
2026-04-08 13:37:53,1900-01-00 00:00:00,1020-wombat,B8:27:EB:FA:FF:FC,-54, WPA ,0.000000,0.000000,0.000,0.000,AP
2026-04-08 13:37:53,1900-01-00 00:00:00,1020-wombat,B8:27:EB:FA:FF:FC,-54, WPA ,0.000000,0.000000,0.000,0.000,AP
2026-04-08 13:37:53,1900-01-00 00:00:00,1020-wombat,B8:27:EB:FA:FF:FC,-54, WPA ,0.000000,0.000000,0.000,0.000,AP
2026-04-08 13:37:53,1900-01-00 00:00:00,1020-wombat,B8:27:EB:FA:FF:FC,-54, WPA ,0.000000,0.000000,0.000,0.000,AP
2026-04-08 13:37:53,1900-01-00 00:00:00,1020-wombat,B8:27:EB:FA:FF:FC,-54, WPA ,0.000000,0.000000,0.000,0.000,AP
2026-04-08 13:37:53,1900-01-00 00:00:00,1020-wombat,B8:27:EB:FA:FF:FC,-54, WPA ,0.000000,0.000000,0.000,0.000,AP
2026-04-08 13:37:53,1900-01-00 00:00:00,1020-wombat,B8:27:EB:FA:FF:FC,-54, WPA ,0.000000,0.000000,0.000,0.000,AP
2026-04-08 13:37:53,1900-01-00 00:00:00,1020-wombat,B8:27:EB:FA:FF:FC,-52, WPA ,0.000000,0.000000,0.000,0.000,AP
2026-04-08 13:37:53,1900-01-00 00:00:00,1020-wombat,B8:27:EB:FA:FF:FC,-53, WPA ,0.000000,0.000000,0.000,0.000,AP
2026-04-08 13:37:53,1900-01-00 00:00:00,1020-wombat,B8:27:EB:FA:FF:FC,-44, WPA ,0.000000,0.000000,0.000,0.000,AP
2026-04-08 13:37:53,1900-01-00 00:00:00,1020-wombat,B8:27:EB:FA:FF:FC,-44, WPA ,0.000000,0.000000,0.000,0.000,AP
2026-04-08 13:37:53,1900-01-00 00:00:00,1020-wombat,B8:27:EB:FA:FF:FC,-44, WPA ,0.000000,0.000000,0.000,0.000,AP
2026-04-08 13:37:53,1900-01-00 00:00:00,1020-wombat,B8:27:EB:FA:FF:FC,-44, WPA ,0.000000,0.000000,0.000,0.000,AP
2026-04-08 13:37:53,1900-01-00 00:00:00,1020-wombat,B8:27:EB:FA:FF:FC,-44, WPA ,0.000000,0.000000,0.000,0.000,AP
2026-04-08 13:37:53,1900-01-00 00:00:00,1020-wombat,B8:27:EB:FA:FF:FC,-44, WPA ,0.000000,0.000000,0.000,0.000,AP
2026-04-08 13:37:53,1900-01-00 00:00:00,1020-wombat,B8:27:EB:FA:FF:FC,-44, WPA ,0.000000,0.000000,0.000,0.000,AP
2026-04-08 13:37:53,1900-01-00 00:00:00,1020-wombat,B8:27:EB:FA:FF:FC,-44, WPA ,0.000000,0.000000,0.000,0.000,AP
2026-04-08 13:37:53,1900-01-00 00:00:00,1020-wombat,B8:27:EB:FA:FF:FC,-44, WPA ,0.000000,0.000000,0.000,0.000,AP
2026-04-08 13:37:53,1900-01-00 00:00:00,1020-wombat,B8:27:EB:FA:FF:FC,-44, WPA ,0.000000,0.000000,0.000,0.000,AP
2026-04-08 13:37:53,1900-01-00 00:00:00,1020-wombat,B8:27:EB:FA:FF:FC,-44, WPA ,0.000000,0.000000,0.000,0.000,AP
2026-04-08 13:37:53,1900-01-00 00:00:00,1020-wombat,B8:27:EB:FA:FF:FC,-44, WPA ,0.000000,0.000000,0.000,0.000,AP
2026-04-08 13:37:53,1900-01-00 00:00:00,1020-wombat,B8:27:EB:FA:FF:FC,-44, WPA ,0.000000,0.000000,0.000,0.000,AP
2026-04-08 13:37:53,1900-01-00 00:00:00,1020-wombat,B8:27:EB:FA:FF:FC,-44, WPA ,0.000000,0.000000,0.000,0.000,AP
2026-04-08 13:37:53,1900-01-00 00:00:00,1020-wombat,B8:27:EB:FA:FF:FC,-44, WPA ,0.000000,0.000000,0.000,0.000,AP
2026-04-08 13:37:53,1900-01-00 00:00:00,1020-wombat,B8:27:EB:FA:FF:FC,-44, WPA ,0.000000,0.000000,0.000,0.000,AP
2026-04-08 13:37:53,1900-01-00 00:00:00,1020-wombat,B8:27:EB:FA:FF:FC,-44, WPA ,0.000000,0.000000,0.000,0.000,AP
2026-04-08 13:37:53,1900-01-00 00:00:00,1020-wombat,B8:27:EB:FA:FF:FC,-44, WPA ,0.000000,0.000000,0.000,0.000,AP
2026-04-08 13:37:53,1900-01-00 00:00:00,1020-wombat,B8:27:EB:FA:FF:FC,-44, WPA ,0.000000,0.000000,0.000,0.000,AP
2026-04-08 13:37:53,1900-01-00 00:00:00,1020-wombat,B8:27:EB:FA:FF:FC,-44, WPA ,0.000000,0.000000,0.000,0.000,AP
2026-04-08 13:37:53,1900-01-00 00:00:00,1020-wombat,B8:27:EB:FA:FF:FC,-44, WPA ,0.000000,0.000000,0.000,0.000,AP
2026-04-08 13:37:53,1900-01-00 00:00:00,1020-wombat,B8:27:EB:FA:FF:FC,-44, WPA ,0.000000,0.000000,0.000,0.000,AP
2026-04-08 13:37:53,1900-01-00 00:00:00,1020-wombat,B8:27:EB:FA:FF:FC,-44, WPA ,0.000000,0.000000,0.000,0.000,AP
2026-04-08 13:37:53,1900-01-00 00:00:00,1020-wombat,B8:27:EB:FA:FF:FC,-44, WPA ,0.000000,0.000000,0.000,0.000,AP
2026-04-08 13:37:53,1900-01-00 00:00:00,1020-wombat,B8:27:EB:FA:FF:FC,-44, WPA ,0.000000,0.000000,0.000,0.000,AP
2026-04-08 13:37:53,1900-01-00 00:00:00,1020-wombat,B8:27:EB:FA:FF:FC,-50, WPA ,0.000000,0.000000,0.000,0.000,AP
2026-04-08 13:37:53,1900-01-00 00:00:00,1020-wombat,B8:27:EB:FA:FF:FC,-50, WPA ,0.000000,0.000000,0.000,0.000,AP
2026-04-08 13:37:53,1900-01-00 00:00:00,1020-wombat,B8:27:EB:FA:FF:FC,-45, WPA ,0.000000,0.000000,0.000,0.000,AP
2026-04-08 13:37:53,1900-01-00 00:00:00,1020-wombat,B8:27:EB:FA:FF:FC,-45, WPA ,0.000000,0.000000,0.000,0.000,AP
2026-04-08 13:37:53,1900-01-00 00:00:00,1020-wombat,B8:27:EB:FA:FF:FC,-45, WPA ,0.000000,0.000000,0.000,0.000,AP
2026-04-08 13:37:53,1900-01-00 00:00:00,1020-wombat,B8:27:EB:FA:FF:FC,-45, WPA ,0.000000,0.000000,0.000,0.000,AP
2026-04-08 13:37:53,1900-01-00 00:00:00,1020-wombat,B8:27:EB:FA:FF:FC,-45, WPA ,0.000000,0.000000,0.000,0.000,AP
2026-04-08 13:37:53,1900-01-00 00:00:00,1020-wombat,B8:27:EB:FA:FF:FC,-45, WPA ,0.000000,0.000000,0.000,0.000,AP
2026-04-08 13:37:53,1900-01-00 00:00:00,1020-wombat,B8:27:EB:FA:FF:FC,-45, WPA ,0.000000,0.000000,0.000,0.000,AP
2026-04-08 13:37:53,1900-01-00 00:00:00,1020-wombat,B8:27:EB:FA:FF:FC,-45, WPA ,0.000000,0.000000,0.000,0.000,AP
2026-04-08 13:37:53,1900-01-00 00:00:00,1020-wombat,B8:27:EB:FA:FF:FC,-45, WPA ,0.000000,0.000000,0.000,0.000,AP
2026-04-08 13:37:53,1900-01-00 00:00:00,1020-wombat,B8:27:EB:FA:FF:FC,-45, WPA ,0.000000,0.000000,0.000,0.000,AP
2026-04-08 13:37:53,1900-01-00 00:00:00,1020-wombat,B8:27:EB:FA:FF:FC,-45, WPA ,0.000000,0.000000,0.000,0.000,AP
2026-04-08 13:37:53,1900-01-00 00:00:00,1020-wombat,B8:27:EB:FA:FF:FC,-45, WPA ,0.000000,0.000000,0.000,0.000,AP
2026-04-08 13:37:53,1900-01-00 00:00:00,1020-wombat,B8:27:EB:FA:FF:FC,-32, WPA ,0.000000,0.000000,0.000,0.000,AP
2026-04-08 13:37:53,1900-01-00 00:00:00,1020-wombat,B8:27:EB:FA:FF:FC,-32, WPA ,0.000000,0.000000,0.000,0.000,AP
2026-04-08 13:37:53,1900-01-00 00:00:00,1020-wombat,B8:27:EB:FA:FF:FC,-32, WPA ,0.000000,0.000000,0.000,0.000,AP
2026-04-08 13:37:53,1900-01-00 00:00:00,1020-wombat,B8:27:EB:FA:FF:FC,-32, WPA ,0.000000,0.000000,0.000,0.000,AP
2026-04-08 13:37:53,1900-01-00 00:00:00,1020-wombat,B8:27:EB:FA:FF:FC,-32, WPA ,0.000000,0.000000,0.000,0.000,AP
2026-04-08 13:37:53,1900-01-00 00:00:00,1020-wombat,B8:27:EB:FA:FF:FC,-32, WPA ,0.000000,0.000000,0.000,0.000,AP
2026-04-08 13:37:53,1900-01-00 00:00:00,1020-wombat,B8:27:EB:FA:FF:FC,-32, WPA ,0.000000,0.000000,0.000,0.000,AP
2026-04-08 13:37:53,1900-01-00 00:00:00,1020-wombat,B8:27:EB:FA:FF:FC,-32, WPA ,0.000000,0.000000,0.000,0.000,AP
2026-04-08 13:37:53,1900-01-00 00:00:00,1020-wombat,B8:27:EB:FA:FF:FC,-52, WPA ,0.000000,0.000000,0.000,0.000,AP
2026-04-08 13:37:53,1900-01-00 00:00:00,1020-wombat,B8:27:EB:FA:FF:FC,-52, WPA ,0.000000,0.000000,0.000,0.000,AP
2026-04-08 13:37:53,1900-01-00 00:00:00,1020-wombat,B8:27:EB:FA:FF:FC,-52, WPA ,0.000000,0.000000,0.000,0.000,AP
2026-04-08 13:37:53,1900-01-00 00:00:00,1020-wombat,B8:27:EB:FA:FF:FC,-52, WPA ,0.000000,0.000000,0.000,0.000,AP
2026-04-08 13:37:53,1900-01-00 00:00:00,1020-wombat,B8:27:EB:FA:FF:FC,-52, WPA ,0.000000,0.000000,0.000,0.000,AP
2026-04-08 13:37:53,1900-01-00 00:00:00,1020-wombat,B8:27:EB:FA:FF:FC,-52, WPA ,0.000000,0.000000,0.000,0.000,AP
2026-04-08 13:37:53,1900-01-00 00:00:00,1020-wombat,B8:27:EB:FA:FF:FC,-52, WPA ,0.000000,0.000000,0.000,0.000,AP
2026-04-08 13:37:53,1900-01-00 00:00:00,1020-wombat,B8:27:EB:FA:FF:FC,-52, WPA ,0.000000,0.000000,0.000,0.000,AP
2026-04-08 13:37:53,1900-01-00 00:00:00,1020-wombat,B8:27:EB:FA:FF:FC,-52, WPA ,0.000000,0.000000,0.000,0.000,AP
2026-04-08 13:37:53,1900-01-00 00:00:00,1020-wombat,B8:27:EB:FA:FF:FC,-52, WPA ,0.000000,0.000000,0.000,0.000,AP
2026-04-08 13:37:53,1900-01-00 00:00:00,1020-wombat,B8:27:EB:FA:FF:FC,-52, WPA ,0.000000,0.000000,0.000,0.000,AP
2026-04-08 13:37:53,1900-01-00 00:00:00,1020-wombat,B8:27:EB:FA:FF:FC,-52, WPA ,0.000000,0.000000,0.000,0.000,AP
2026-04-08 13:37:53,1900-01-00 00:00:00,1020-wombat,B8:27:EB:FA:FF:FC,-52, WPA ,0.000000,0.000000,0.000,0.000,AP
2026-04-08 13:37:53,1900-01-00 00:00:00,1020-wombat,B8:27:EB:FA:FF:FC,-52, WPA ,0.000000,0.000000,0.000,0.000,AP
2026-04-08 13:37:53,1900-01-00 00:00:00,1020-wombat,B8:27:EB:FA:FF:FC,-52, WPA ,0.000000,0.000000,0.000,0.000,AP
2026-04-08 13:37:53,1900-01-00 00:00:00,1020-wombat,B8:27:EB:FA:FF:FC,-52, WPA ,0.000000,0.000000,0.000,0.000,AP
2026-04-08 13:37:53,1900-01-00 00:00:00,1020-wombat,B8:27:EB:FA:FF:FC,-52, WPA ,0.000000,0.000000,0.000,0.000,AP
2026-04-08 13:37:53,1900-01-00 00:00:00,1020-wombat,B8:27:EB:FA:FF:FC,-52, WPA ,0.000000,0.000000,0.000,0.000,AP
2026-04-08 13:37:53,1900-01-00 00:00:00,1020-wombat,B8:27:EB:FA:FF:FC,-52, WPA ,0.000000,0.000000,0.000,0.000,AP
2026-04-08 13:37:53,1900-01-00 00:00:00,1020-wombat,B8:27:EB:FA:FF:FC,-52, WPA ,0.000000,0.000000,0.000,0.000,AP
2026-04-08 13:37:53,1900-01-00 00:00:00,1020-wombat,B8:27:EB:FA:FF:FC,-52, WPA ,0.000000,0.000000,0.000,0.000,AP
2026-04-08 13:37:54,1900-01-00 00:00:00,1020-wombat,B8:27:EB:FA:FF:FC,-60, WPA ,0.000000,0.000000,0.000,0.000,AP
2026-04-08 13:37:54,1900-01-00 00:00:00,1020-wombat,B8:27:EB:FA:FF:FC,-60, WPA ,0.000000,0.000000,0.000,0.000,AP
2026-04-08 13:37:54,1900-01-00 00:00:00,1020-wombat,B8:27:EB:FA:FF:FC,-58, WPA ,0.000000,0.000000,0.000,0.000,AP
2026-04-08 13:37:54,1900-01-00 00:00:00,1020-wombat,B8:27:EB:FA:FF:FC,-58, WPA ,0.000000,0.000000,0.000,0.000,AP
2026-04-08 13:37:54,1900-01-00 00:00:00,1020-wombat,B8:27:EB:FA:FF:FC,-58, WPA ,0.000000,0.000000,0.000,0.000,AP
2026-04-08 13:37:54,1900-01-00 00:00:00,1020-wombat,B8:27:EB:FA:FF:FC,-58, WPA ,0.000000,0.000000,0.000,0.000,AP
2026-04-08 13:37:54,1900-01-00 00:00:00,1020-wombat,B8:27:EB:FA:FF:FC,-58, WPA ,0.000000,0.000000,0.000,0.000,AP
2026-04-08 13:37:54,1900-01-00 00:00:00,1020-wombat,B8:27:EB:FA:FF:FC,-50, WPA ,0.000000,0.000000,0.000,0.000,AP
2026-04-08 13:37:54,1900-01-00 00:00:00,1020-wombat,B8:27:EB:FA:FF:FC,-60, WPA ,0.000000,0.000000,0.000,0.000,AP
2026-04-08 13:37:54,1900-01-00 00:00:00,1020-wombat,B8:27:EB:FA:FF:FC,-60, WPA ,0.000000,0.000000,0.000,0.000,AP
2026-04-08 13:37:54,1900-01-00 00:00:00,1020-wombat,B8:27:EB:FA:FF:FC,-60, WPA ,0.000000,0.000000,0.000,0.000,AP
2026-04-08 13:37:54,1900-01-00 00:00:00,1020-wombat,B8:27:EB:FA:FF:FC,-60, WPA ,0.000000,0.000000,0.000,0.000,AP
2026-04-08 13:37:54,1900-01-00 00:00:00,1020-wombat,B8:27:EB:FA:FF:FC,-60, WPA ,0.000000,0.000000,0.000,0.000,AP
2026-04-08 13:37:54,1900-01-00 00:00:00,1020-wombat,B8:27:EB:FA:FF:FC,-60, WPA ,0.000000,0.000000,0.000,0.000,AP
2026-04-08 13:37:54,1900-01-00 00:00:00,1020-wombat,B8:27:EB:FA:FF:FC,-60, WPA ,0.000000,0.000000,0.000,0.000,AP
2026-04-08 13:37:54,1900-01-00 00:00:00,1020-wombat,B8:27:EB:FA:FF:FC,-60, WPA ,0.000000,0.000000,0.000,0.000,AP
2026-04-08 13:37:54,1900-01-00 00:00:00,1020-wombat,B8:27:EB:FA:FF:FC,-60, WPA ,0.000000,0.000000,0.000,0.000,AP
2026-04-08 13:37:54,1900-01-00 00:00:00,1020-wombat,B8:27:EB:FA:FF:FC,-60, WPA ,0.000000,0.000000,0.000,0.000,AP
2026-04-08 13:37:54,1900-01-00 00:00:00,1020-wombat,B8:27:EB:FA:FF:FC,-60, WPA ,0.000000,0.000000,0.000,0.000,AP
2026-04-08 13:37:54,1900-01-00 00:00:00,1020-wombat,B8:27:EB:FA:FF:FC,-60, WPA ,0.000000,0.000000,0.000,0.000,AP
2026-04-08 13:37:54,1900-01-00 00:00:00,1020-wombat,B8:27:EB:FA:FF:FC,-60, WPA ,0.000000,0.000000,0.000,0.000,AP
2026-04-08 13:37:54,1900-01-00 00:00:00,1020-wombat,B8:27:EB:FA:FF:FC,-32, WPA ,0.000000,0.000000,0.000,0.000,AP
2026-04-08 13:37:54,1900-01-00 00:00:00,1020-wombat,B8:27:EB:FA:FF:FC,-32, WPA ,0.000000,0.000000,0.000,0.000,AP
2026-04-08 13:37:54,1900-01-00 00:00:00,1020-wombat,B8:27:EB:FA:FF:FC,-32, WPA ,0.000000,0.000000,0.000,0.000,AP
2026-04-08 13:37:54,1900-01-00 00:00:00,1020-wombat,B8:27:EB:FA:FF:FC,-32, WPA ,0.000000,0.000000,0.000,0.000,AP
2026-04-08 13:37:54,1900-01-00 00:00:00,1020-wombat,B8:27:EB:FA:FF:FC,-32, WPA ,0.000000,0.000000,0.000,0.000,AP
2026-04-08 13:37:54,1900-01-00 00:00:00,1020-wombat,B8:27:EB:FA:FF:FC,-32, WPA ,0.000000,0.000000,0.000,0.000,AP
2026-04-08 13:37:54,1900-01-00 00:00:00,1020-wombat,B8:27:EB:FA:FF:FC,-32, WPA ,0.000000,0.000000,0.000,0.000,AP
2026-04-08 13:37:54,1900-01-00 00:00:00,1020-wombat,B8:27:EB:FA:FF:FC,-32, WPA ,0.000000,0.000000,0.000,0.000,AP
2026-04-08 13:37:54,1900-01-00 00:00:00,1020-wombat,B8:27:EB:FA:FF:FC,-52, WPA ,0.000000,0.000000,0.000,0.000,AP
2026-04-08 13:37:54,1900-01-00 00:00:00,1020-wombat,B8:27:EB:FA:FF:FC,-52, WPA ,0.000000,0.000000,0.000,0.000,AP
2026-04-08 13:37:54,1900-01-00 00:00:00,1020-wombat,B8:27:EB:FA:FF:FC,-52, WPA ,0.000000,0.000000,0.000,0.000,AP
2026-04-08 13:37:54,1900-01-00 00:00:00,1020-wombat,B8:27:EB:FA:FF:FC,-52, WPA ,0.000000,0.000000,0.000,0.000,AP
2026-04-08 13:37:54,1900-01-00 00:00:00,1020-wombat,B8:27:EB:FA:FF:FC,-52, WPA ,0.000000,0.000000,0.000,0.000,AP
2026-04-08 13:37:54,1900-01-00 00:00:00,1020-wombat,B8:27:EB:FA:FF:FC,-52, WPA ,0.000000,0.000000,0.000,0.000,AP
2026-04-08 13:37:54,1900-01-00 00:00:00,1020-wombat,B8:27:EB:FA:FF:FC,-52, WPA ,0.000000,0.000000,0.000,0.000,AP
2026-04-08 13:37:54,1900-01-00 00:00:00,1020-wombat,B8:27:EB:FA:FF:FC,-52, WPA ,0.000000,0.000000,0.000,0.000,AP
2026-04-08 13:37:54,1900-01-00 00:00:00,1020-wombat,B8:27:EB:FA:FF:FC,-52, WPA ,0.000000,0.000000,0.000,0.000,AP
2026-04-08 13:37:54,1900-01-00 00:00:00,1020-wombat,B8:27:EB:FA:FF:FC,-52, WPA ,0.000000,0.000000,0.000,0.000,AP
2026-04-08 13:37:54,1900-01-00 00:00:00,1020-wombat,B8:27:EB:FA:FF:FC,-52, WPA ,0.000000,0.000000,0.000,0.000,AP
2026-04-08 13:37:54,1900-01-00 00:00:00,1020-wombat,B8:27:EB:FA:FF:FC,-52, WPA ,0.000000,0.000000,0.000,0.000,AP
2026-04-08 13:37:54,1900-01-00 00:00:00,1020-wombat,B8:27:EB:FA:FF:FC,-52, WPA ,0.000000,0.000000,0.000,0.000,AP
2026-04-08 13:37:54,1900-01-00 00:00:00,1020-wombat,B8:27:EB:FA:FF:FC,-52, WPA ,0.000000,0.000000,0.000,0.000,AP
2026-04-08 13:37:54,1900-01-00 00:00:00,1020-wombat,B8:27:EB:FA:FF:FC,-52, WPA ,0.000000,0.000000,0.000,0.000,AP
2026-04-08 13:37:54,1900-01-00 00:00:00,1020-wombat,B8:27:EB:FA:FF:FC,-52, WPA ,0.000000,0.000000,0.000,0.000,AP
2026-04-08 13:37:54,1900-01-00 00:00:00,1020-wombat,B8:27:EB:FA:FF:FC,-52, WPA ,0.000000,0.000000,0.000,0.000,AP
2026-04-08 13:37:54,1900-01-00 00:00:00,1020-wombat,B8:27:EB:FA:FF:FC,-52, WPA ,0.000000,0.000000,0.000,0.000,AP
2026-04-08 13:37:54,1900-01-00 00:00:00,1020-wombat,B8:27:EB:FA:FF:FC,-52, WPA ,0.000000,0.000000,0.000,0.000,AP
2026-04-08 13:37:54,1900-01-00 00:00:00,1020-wombat,B8:27:EB:FA:FF:FC,-46, WPA ,0.000000,0.000000,0.000,0.000,AP
2026-04-08 13:37:54,1900-01-00 00:00:00,1020-wombat,B8:27:EB:FA:FF:FC,-46, WPA ,0.000000,0.000000,0.000,0.000,AP
2026-04-08 13:37:54,1900-01-00 00:00:00,1020-wombat,B8:27:EB:FA:FF:FC,-46, WPA ,0.000000,0.000000,0.000,0.000,AP
2026-04-08 13:37:54,1900-01-00 00:00:00,1020-wombat,B8:27:EB:FA:FF:FC,-46, WPA ,0.000000,0.000000,0.000,0.000,AP
2026-04-08 13:37:54,1900-01-00 00:00:00,1020-wombat,B8:27:EB:FA:FF:FC,-46, WPA ,0.000000,0.000000,0.000,0.000,AP
2026-04-08 13:37:54,1900-01-00 00:00:00,1020-wombat,B8:27:EB:FA:FF:FC,-46, WPA ,0.000000,0.000000,0.000,0.000,AP
2026-04-08 13:37:54,1900-01-00 00:00:00,1020-wombat,B8:27:EB:FA:FF:FC,-46, WPA ,0.000000,0.000000,0.000,0.000,AP
2026-04-08 13:37:54,1900-01-00 00:00:00,1020-wombat,B8:27:EB:FA:FF:FC,-46, WPA ,0.000000,0.000000,0.000,0.000,AP
2026-04-08 13:37:54,1900-01-00 00:00:00,1020-wombat,B8:27:EB:FA:FF:FC,-46, WPA ,0.000000,0.000000,0.000,0.000,AP
2026-04-08 13:37:54,1900-01-00 00:00:00,1020-wombat,B8:27:EB:FA:FF:FC,-46, WPA ,0.000000,0.000000,0.000,0.000,AP
2026-04-08 13:37:54,1900-01-00 00:00:00,1020-wombat,B8:27:EB:FA:FF:FC,-60, WPA ,0.000000,0.000000,0.000,0.000,AP
2026-04-08 13:37:54,1900-01-00 00:00:00,1020-wombat,B8:27:EB:FA:FF:FC,-60, WPA ,0.000000,0.000000,0.000,0.000,AP
2026-04-08 13:37:54,1900-01-00 00:00:00,1020-wombat,B8:27:EB:FA:FF:FC,-60, WPA ,0.000000,0.000000,0.000,0.000,AP
2026-04-08 13:37:54,1900-01-00 00:00:00,1020-wombat,B8:27:EB:FA:FF:FC,-60, WPA ,0.000000,0.000000,0.000,0.000,AP
2026-04-08 13:37:54,1900-01-00 00:00:00,1020-wombat,B8:27:EB:FA:FF:FC,-54, WPA ,0.000000,0.000000,0.000,0.000,AP
2026-04-08 13:37:54,1900-01-00 00:00:00,1020-wombat,B8:27:EB:FA:FF:FC,-53, WPA ,0.000000,0.000000,0.000,0.000,AP
2026-04-08 13:37:54,1900-01-00 00:00:00,1020-wombat,B8:27:EB:FA:FF:FC,-55, WPA ,0.000000,0.000000,0.000,0.000,AP
2026-04-08 13:37:54,1900-01-00 00:00:00,1020-wombat,B8:27:EB:FA:FF:FC,-55, WPA ,0.000000,0.000000,0.000,0.000,AP
2026-04-08 13:37:54,1900-01-00 00:00:00,1020-wombat,B8:27:EB:FA:FF:FC,-55, WPA ,0.000000,0.000000,0.000,0.000,AP
2026-04-08 13:37:54,1900-01-00 00:00:00,1020-wombat,B8:27:EB:FA:FF:FC,-55, WPA ,0.000000,0.000000,0.000,0.000,AP
2026-04-08 13:37:54,1900-01-00 00:00:00,1020-wombat,B8:27:EB:FA:FF:FC,-55, WPA ,0.000000,0.000000,0.000,0.000,AP
2026-04-08 13:37:54,1900-01-00 00:00:00,1020-wombat,B8:27:EB:FA:FF:FC,-56, WPA ,0.000000,0.000000,0.000,0.000,AP
2026-04-08 13:37:54,1900-01-00 00:00:00,1020-wombat,B8:27:EB:FA:FF:FC,-56, WPA ,0.000000,0.000000,0.000,0.000,AP
2026-04-08 13:37:54,1900-01-00 00:00:00,1020-wombat,B8:27:EB:FA:FF:FC,-57, WPA ,0.000000,0.000000,0.000,0.000,AP
2026-04-08 13:37:54,1900-01-00 00:00:00,1020-wombat,B8:27:EB:FA:FF:FC,-57, WPA ,0.000000,0.000000,0.000,0.000,AP
2026-04-08 13:37:54,1900-01-00 00:00:00,1020-wombat,B8:27:EB:FA:FF:FC,-58, WPA ,0.000000,0.000000,0.000,0.000,AP
2026-04-08 13:37:54,1900-01-00 00:00:00,1020-wombat,B8:27:EB:FA:FF:FC,-58, WPA ,0.000000,0.000000,0.000,0.000,AP
2026-04-08 13:37:54,1900-01-00 00:00:00,1020-wombat,B8:27:EB:FA:FF:FC,-60, WPA ,0.000000,0.000000,0.000,0.000,AP
2026-04-08 13:37:54,1900-01-00 00:00:00,1020-wombat,B8:27:EB:FA:FF:FC,-56, WPA ,0.000000,0.000000,0.000,0.000,AP
2026-04-08 13:37:54,1900-01-00 00:00:00,1020-wombat,B8:27:EB:FA:FF:FC,-55, WPA ,0.000000,0.000000,0.000,0.000,AP
2026-04-08 13:37:55,1900-01-00 00:00:00,1020-wombat,B8:27:EB:FA:FF:FC,-50, WPA ,0.000000,0.000000,0.000,0.000,AP
2026-04-08 13:37:55,1900-01-00 00:00:00,1020-wombat,B8:27:EB:FA:FF:FC,-52, WPA ,0.000000,0.000000,0.000,0.000,AP
2026-04-08 13:37:55,1900-01-00 00:00:00,1020-wombat,B8:27:EB:FA:FF:FC,-55, WPA ,0.000000,0.000000,0.000,0.000,AP
2026-04-08 13:37:55,1900-01-00 00:00:00,1020-wombat,B8:27:EB:FA:FF:FC,-52, WPA ,0.000000,0.000000,0.000,0.000,AP
2026-04-08 13:37:55,1900-01-00 00:00:00,1020-wombat,B8:27:EB:FA:FF:FC,-49, WPA ,0.000000,0.000000,0.000,0.000,AP
2026-04-08 13:37:55,1900-01-00 00:00:00,1020-wombat,B8:27:EB:FA:FF:FC,-54, WPA ,0.000000,0.000000,0.000,0.000,AP
2026-04-08 13:37:55,1900-01-00 00:00:00,1020-wombat,B8:27:EB:FA:FF:FC,-53, WPA ,0.000000,0.000000,0.000,0.000,AP
2026-04-08 13:37:56,1900-01-00 00:00:00,1020-wombat,B8:27:EB:FA:FF:FC,-50, WPA ,0.000000,0.000000,0.000,0.000,AP
2026-04-08 13:37:56,1900-01-00 00:00:00,1020-wombat,B8:27:EB:FA:FF:FC,-45, WPA ,0.000000,0.000000,0.000,0.000,AP
2026-04-08 13:37:56,1900-01-00 00:00:00,1020-wombat,B8:27:EB:FA:FF:FC,-48, WPA ,0.000000,0.000000,0.000,0.000,AP
2026-04-08 13:37:56,1900-01-00 00:00:00,1020-wombat,B8:27:EB:FA:FF:FC,-53, WPA ,0.000000,0.000000,0.000,0.000,AP
2026-04-08 13:37:56,1900-01-00 00:00:00,1020-wombat,B8:27:EB:FA:FF:FC,-53, WPA ,0.000000,0.000000,0.000,0.000,AP
2026-04-08 13:37:56,1900-01-00 00:00:00,1020-wombat,B8:27:EB:FA:FF:FC,-53, WPA ,0.000000,0.000000,0.000,0.000,AP
2026-04-08 13:37:56,1900-01-00 00:00:00,1020-wombat,B8:27:EB:FA:FF:FC,-54, WPA ,0.000000,0.000000,0.000,0.000,AP
2026-04-08 13:37:56,1900-01-00 00:00:00,1020-wombat,B8:27:EB:FA:FF:FC,-51, WPA ,0.000000,0.000000,0.000,0.000,AP
2026-04-08 13:37:56,1900-01-00 00:00:00,1020-wombat,B8:27:EB:FA:FF:FC,-54, WPA ,0.000000,0.000000,0.000,0.000,AP
2026-04-08 13:37:56,1900-01-00 00:00:00,1020-wombat,B8:27:EB:FA:FF:FC,-53, WPA ,0.000000,0.000000,0.000,0.000,AP
2026-04-08 13:37:56,1900-01-00 00:00:00,1020-wombat,B8:27:EB:FA:FF:FC,-54, WPA ,0.000000,0.000000,0.000,0.000,AP
2026-04-08 13:37:56,1900-01-00 00:00:00,1020-wombat,B8:27:EB:FA:FF:FC,-55, WPA ,0.000000,0.000000,0.000,0.000,AP
2026-04-08 13:37:56,1900-01-00 00:00:00,1020-wombat,B8:27:EB:FA:FF:FC,-53, WPA ,0.000000,0.000000,0.000,0.000,AP
2026-04-08 13:37:56,1900-01-00 00:00:00,1020-wombat,B8:27:EB:FA:FF:FC,-49, WPA ,0.000000,0.000000,0.000,0.000,AP
2026-04-08 13:37:56,1900-01-00 00:00:00,1020-wombat,B8:27:EB:FA:FF:FC,-49, WPA ,0.000000,0.000000,0.000,0.000,AP
2026-04-08 13:37:56,1900-01-00 00:00:00,1020-wombat,B8:27:EB:FA:FF:FC,-49, WPA ,0.000000,0.000000,0.000,0.000,AP
2026-04-08 13:37:57,1900-01-00 00:00:00,1020-wombat,B8:27:EB:FA:FF:FC,-49, WPA ,0.000000,0.000000,0.000,0.000,AP
2026-04-08 13:37:57,1900-01-00 00:00:00,1020-wombat,B8:27:EB:FA:FF:FC,-48, WPA ,0.000000,0.000000,0.000,0.000,AP
2026-04-08 13:37:57,1900-01-00 00:00:00,1020-wombat,B8:27:EB:FA:FF:FC,-46, WPA ,0.000000,0.000000,0.000,0.000,AP
2026-04-08 13:37:57,1900-01-00 00:00:00,1020-wombat,B8:27:EB:FA:FF:FC,-44, WPA ,0.000000,0.000000,0.000,0.000,AP
2026-04-08 13:37:57,1900-01-00 00:00:00,1020-wombat,B8:27:EB:FA:FF:FC,-44, WPA ,0.000000,0.000000,0.000,0.000,AP
2026-04-08 13:37:57,1900-01-00 00:00:00,1020-wombat,B8:27:EB:FA:FF:FC,-45, WPA ,0.000000,0.000000,0.000,0.000,AP
2026-04-08 13:37:57,1900-01-00 00:00:00,1020-wombat,B8:27:EB:FA:FF:FC,-46, WPA ,0.000000,0.000000,0.000,0.000,AP
2026-04-08 13:37:57,1900-01-00 00:00:00,1020-wombat,B8:27:EB:FA:FF:FC,-46, WPA ,0.000000,0.000000,0.000,0.000,AP
2026-04-08 13:37:57,1900-01-00 00:00:00,1020-wombat,B8:27:EB:FA:FF:FC,-46, WPA ,0.000000,0.000000,0.000,0.000,AP
2026-04-08 13:37:57,1900-01-00 00:00:00,1020-wombat,B8:27:EB:FA:FF:FC,-47, WPA ,0.000000,0.000000,0.000,0.000,AP
2026-04-08 13:37:58,1900-01-00 00:00:00,1020-wombat,B8:27:EB:FA:FF:FC,-48, WPA ,0.000000,0.000000,0.000,0.000,AP
2026-04-08 13:37:58,1900-01-00 00:00:00,1020-wombat,B8:27:EB:FA:FF:FC,-47, WPA ,0.000000,0.000000,0.000,0.000,AP
2026-04-08 13:37:58,1900-01-00 00:00:00,1020-wombat,B8:27:EB:FA:FF:FC,-47, WPA ,0.000000,0.000000,0.000,0.000,AP
2026-04-08 13:37:58,1900-01-00 00:00:00,1020-wombat,B8:27:EB:FA:FF:FC,-45, WPA ,0.000000,0.000000,0.000,0.000,AP
2026-04-08 13:37:58,1900-01-00 00:00:00,1020-wombat,B8:27:EB:FA:FF:FC,-46, WPA ,0.000000,0.000000,0.000,0.000,AP
2026-04-08 13:37:58,1900-01-00 00:00:00,1020-wombat,B8:27:EB:FA:FF:FC,-47, WPA ,0.000000,0.000000,0.000,0.000,AP
2026-04-08 13:37:58,1900-01-00 00:00:00,1020-wombat,B8:27:EB:FA:FF:FC,-46, WPA ,0.000000,0.000000,0.000,0.000,AP
2026-04-08 13:37:58,1900-01-00 00:00:00,1020-wombat,B8:27:EB:FA:FF:FC,-45, WPA ,0.000000,0.000000,0.000,0.000,AP
2026-04-08 13:37:58,1900-01-00 00:00:00,1020-wombat,B8:27:EB:FA:FF:FC,-47, WPA ,0.000000,0.000000,0.000,0.000,AP
2026-04-08 13:37:58,1900-01-00 00:00:00,1020-wombat,B8:27:EB:FA:FF:FC,-48, WPA ,0.000000,0.000000,0.000,0.000,AP
2026-04-08 13:37:59,1900-01-00 00:00:00,1020-wombat,B8:27:EB:FA:FF:FC,-47, WPA ,0.000000,0.000000,0.000,0.000,AP
2026-04-08 13:37:59,1900-01-00 00:00:00,1020-wombat,B8:27:EB:FA:FF:FC,-47, WPA ,0.000000,0.000000,0.000,0.000,AP
2026-04-08 13:37:59,1900-01-00 00:00:00,1020-wombat,B8:27:EB:FA:FF:FC,-51, WPA ,0.000000,0.000000,0.000,0.000,AP
2026-04-08 13:37:59,1900-01-00 00:00:00,1020-wombat,B8:27:EB:FA:FF:FC,-48, WPA ,0.000000,0.000000,0.000,0.000,AP
2026-04-08 13:37:59,1900-01-00 00:00:00,1020-wombat,B8:27:EB:FA:FF:FC,-46, WPA ,0.000000,0.000000,0.000,0.000,AP
2026-04-08 13:37:59,1900-01-00 00:00:00,1020-wombat,B8:27:EB:FA:FF:FC,-46, WPA ,0.000000,0.000000,0.000,0.000,AP
2026-04-08 13:37:59,1900-01-00 00:00:00,1020-wombat,B8:27:EB:FA:FF:FC,-45, WPA ,0.000000,0.000000,0.000,0.000,AP
2026-04-08 13:37:59,1900-01-00 00:00:00,1020-wombat,B8:27:EB:FA:FF:FC,-46, WPA ,0.000000,0.000000,0.000,0.000,AP
2026-04-08 13:37:59,1900-01-00 00:00:00,1020-wombat,B8:27:EB:FA:FF:FC,-46, WPA ,0.000000,0.000000,0.000,0.000,AP
2026-04-08 13:37:59,1900-01-00 00:00:00,1020-wombat,B8:27:EB:FA:FF:FC,-44, WPA ,0.000000,0.000000,0.000,0.000,AP
2026-04-08 13:38:00,1900-01-00 00:00:00,1020-wombat,B8:27:EB:FA:FF:FC,-47, WPA ,0.000000,0.000000,0.000,0.000,AP
2026-04-08 13:38:00,1900-01-00 00:00:00,1020-wombat,B8:27:EB:FA:FF:FC,-49, WPA ,0.000000,0.000000,0.000,0.000,AP
2026-04-08 13:38:00,1900-01-00 00:00:00,1020-wombat,B8:27:EB:FA:FF:FC,-51, WPA ,0.000000,0.000000,0.000,0.000,AP
2026-04-08 13:38:00,1900-01-00 00:00:00,1020-wombat,B8:27:EB:FA:FF:FC,-51, WPA ,0.000000,0.000000,0.000,0.000,AP
2026-04-08 13:38:00,1900-01-00 00:00:00,1020-wombat,B8:27:EB:FA:FF:FC,-50, WPA ,0.000000,0.000000,0.000,0.000,AP
2026-04-08 13:38:00,1900-01-00 00:00:00,1020-wombat,B8:27:EB:FA:FF:FC,-49, WPA ,0.000000,0.000000,0.000,0.000,AP
2026-04-08 13:38:00,1900-01-00 00:00:00,1020-wombat,B8:27:EB:FA:FF:FC,-49, WPA ,0.000000,0.000000,0.000,0.000,AP
2026-04-08 13:38:00,1900-01-00 00:00:00,1020-wombat,B8:27:EB:FA:FF:FC,-49, WPA ,0.000000,0.000000,0.000,0.000,AP
2026-04-08 13:38:00,1900-01-00 00:00:00,1020-wombat,B8:27:EB:FA:FF:FC,-49, WPA ,0.000000,0.000000,0.000,0.000,AP
2026-04-08 13:38:00,1900-01-00 00:00:00,1020-wombat,B8:27:EB:FA:FF:FC,-49, WPA ,0.000000,0.000000,0.000,0.000,AP
2026-04-08 13:38:00,1900-01-00 00:00:00,1020-wombat,B8:27:EB:FA:FF:FC,-49, WPA ,0.000000,0.000000,0.000,0.000,AP
2026-04-08 13:38:00,1900-01-00 00:00:00,1020-wombat,B8:27:EB:FA:FF:FC,-48, WPA ,0.000000,0.000000,0.000,0.000,AP
2026-04-08 13:38:00,1900-01-00 00:00:00,1020-wombat,B8:27:EB:FA:FF:FC,-49, WPA ,0.000000,0.000000,0.000,0.000,AP
2026-04-08 13:38:00,1900-01-00 00:00:00,1020-wombat,B8:27:EB:FA:FF:FC,-49, WPA ,0.000000,0.000000,0.000,0.000,AP
2026-04-08 13:38:00,1900-01-00 00:00:00,1020-wombat,B8:27:EB:FA:FF:FC,-49, WPA ,0.000000,0.000000,0.000,0.000,AP
2026-04-08 13:38:01,1900-01-00 00:00:00,1020-wombat,B8:27:EB:FA:FF:FC,-51, WPA ,0.000000,0.000000,0.000,0.000,AP
2026-04-08 13:38:01,1900-01-00 00:00:00,1020-wombat,B8:27:EB:FA:FF:FC,-52, WPA ,0.000000,0.000000,0.000,0.000,AP
2026-04-08 13:38:01,1900-01-00 00:00:00,1020-wombat,B8:27:EB:FA:FF:FC,-55, WPA ,0.000000,0.000000,0.000,0.000,AP
2026-04-08 13:38:01,1900-01-00 00:00:00,1020-wombat,B8:27:EB:FA:FF:FC,-49, WPA ,0.000000,0.000000,0.000,0.000,AP
2026-04-08 13:38:01,1900-01-00 00:00:00,1020-wombat,B8:27:EB:FA:FF:FC,-48, WPA ,0.000000,0.000000,0.000,0.000,AP
2026-04-08 13:38:01,1900-01-00 00:00:00,1020-wombat,B8:27:EB:FA:FF:FC,-47, WPA ,0.000000,0.000000,0.000,0.000,AP
2026-04-08 13:38:01,1900-01-00 00:00:00,1020-wombat,B8:27:EB:FA:FF:FC,-49, WPA ,0.000000,0.000000,0.000,0.000,AP
2026-04-08 13:38:01,1900-01-00 00:00:00,1020-wombat,B8:27:EB:FA:FF:FC,-47, WPA ,0.000000,0.000000,0.000,0.000,AP
2026-04-08 13:38:01,1900-01-00 00:00:00,1020-wombat,B8:27:EB:FA:FF:FC,-47, WPA ,0.000000,0.000000,0.000,0.000,AP
2026-04-08 13:38:01,1900-01-00 00:00:00,1020-wombat,B8:27:EB:FA:FF:FC,-47, WPA ,0.000000,0.000000,0.000,0.000,AP
2026-04-08 13:38:02,1900-01-00 00:00:00,1020-wombat,B8:27:EB:FA:FF:FC,-47, WPA ,0.000000,0.000000,0.000,0.000,AP
2026-04-08 13:38:02,1900-01-00 00:00:00,1020-wombat,B8:27:EB:FA:FF:FC,-47, WPA ,0.000000,0.000000,0.000,0.000,AP
2026-04-08 13:38:02,1900-01-00 00:00:00,1020-wombat,B8:27:EB:FA:FF:FC,-45, WPA ,0.000000,0.000000,0.000,0.000,AP
2026-04-08 13:38:02,1900-01-00 00:00:00,1020-wombat,B8:27:EB:FA:FF:FC,-45, WPA ,0.000000,0.000000,0.000,0.000,AP
2026-04-08 13:38:02,1900-01-00 00:00:00,1020-wombat,B8:27:EB:FA:FF:FC,-46, WPA ,0.000000,0.000000,0.000,0.000,AP
2026-04-08 13:38:02,1900-01-00 00:00:00,1020-wombat,B8:27:EB:FA:FF:FC,-48, WPA ,0.000000,0.000000,0.000,0.000,AP
2026-04-08 13:38:02,1900-01-00 00:00:00,1020-wombat,B8:27:EB:FA:FF:FC,-48, WPA ,0.000000,0.000000,0.000,0.000,AP
2026-04-08 13:38:02,1900-01-00 00:00:00,1020-wombat,B8:27:EB:FA:FF:FC,-47, WPA ,0.000000,0.000000,0.000,0.000,AP
2026-04-08 13:38:02,1900-01-00 00:00:00,1020-wombat,B8:27:EB:FA:FF:FC,-47, WPA ,0.000000,0.000000,0.000,0.000,AP
2026-04-08 13:38:02,1900-01-00 00:00:00,1020-wombat,B8:27:EB:FA:FF:FC,-48, WPA ,0.000000,0.000000,0.000,0.000,AP
2026-04-08 13:38:02,1900-01-00 00:00:00,1020-wombat,B8:27:EB:FA:FF:FC,-48, WPA ,0.000000,0.000000,0.000,0.000,AP
2026-04-08 13:38:02,1900-01-00 00:00:00,1020-wombat,B8:27:EB:FA:FF:FC,-47, WPA ,0.000000,0.000000,0.000,0.000,AP
2026-04-08 13:38:02,1900-01-00 00:00:00,1020-wombat,B8:27:EB:FA:FF:FC,-47, WPA ,0.000000,0.000000,0.000,0.000,AP
2026-04-08 13:38:03,1900-01-00 00:00:00,1020-wombat,B8:27:EB:FA:FF:FC,-46, WPA ,0.000000,0.000000,0.000,0.000,AP
2026-04-08 13:38:03,1900-01-00 00:00:00,1020-wombat,B8:27:EB:FA:FF:FC,-47, WPA ,0.000000,0.000000,0.000,0.000,AP
2026-04-08 13:38:03,1900-01-00 00:00:00,1020-wombat,B8:27:EB:FA:FF:FC,-47, WPA ,0.000000,0.000000,0.000,0.000,AP
2026-04-08 13:38:03,1900-01-00 00:00:00,1020-wombat,B8:27:EB:FA:FF:FC,-47, WPA ,0.000000,0.000000,0.000,0.000,AP
2026-04-08 13:38:03,1900-01-00 00:00:00,1020-wombat,B8:27:EB:FA:FF:FC,-48, WPA ,0.000000,0.000000,0.000,0.000,AP
2026-04-08 13:38:03,1900-01-00 00:00:00,1020-wombat,B8:27:EB:FA:FF:FC,-49, WPA ,0.000000,0.000000,0.000,0.000,AP
2026-04-08 13:38:03,1900-01-00 00:00:00,1020-wombat,B8:27:EB:FA:FF:FC,-49, WPA ,0.000000,0.000000,0.000,0.000,AP
2026-04-08 13:38:03,1900-01-00 00:00:00,1020-wombat,B8:27:EB:FA:FF:FC,-48, WPA ,0.000000,0.000000,0.000,0.000,AP
2026-04-08 13:38:03,1900-01-00 00:00:00,1020-wombat,B8:27:EB:FA:FF:FC,-48, WPA ,0.000000,0.000000,0.000,0.000,AP
2026-04-08 13:38:04,1900-01-00 00:00:00,1020-wombat,B8:27:EB:FA:FF:FC,-48, WPA ,0.000000,0.000000,0.000,0.000,AP
2026-04-08 13:38:04,1900-01-00 00:00:00,1020-wombat,B8:27:EB:FA:FF:FC,-48, WPA ,0.000000,0.000000,0.000,0.000,AP
2026-04-08 13:38:04,1900-01-00 00:00:00,1020-wombat,B8:27:EB:FA:FF:FC,-48, WPA ,0.000000,0.000000,0.000,0.000,AP
2026-04-08 13:38:04,1900-01-00 00:00:00,1020-wombat,B8:27:EB:FA:FF:FC,-46, WPA ,0.000000,0.000000,0.000,0.000,AP
2026-04-08 13:38:04,1900-01-00 00:00:00,1020-wombat,B8:27:EB:FA:FF:FC,-20, WPA ,0.000000,0.000000,0.000,0.000,AP
2026-04-08 13:38:04,1900-01-00 00:00:00,1020-wombat,B8:27:EB:FA:FF:FC,-46, WPA ,0.000000,0.000000,0.000,0.000,AP
2026-04-08 13:38:04,1900-01-00 00:00:00,1020-wombat,B8:27:EB:FA:FF:FC,-47, WPA ,0.000000,0.000000,0.000,0.000,AP
2026-04-08 13:38:04,1900-01-00 00:00:00,1020-wombat,B8:27:EB:FA:FF:FC,-23, WPA ,0.000000,0.000000,0.000,0.000,AP
2026-04-08 13:38:04,1900-01-00 00:00:00,1020-wombat,B8:27:EB:FA:FF:FC,-47, WPA ,0.000000,0.000000,0.000,0.000,AP
2026-04-08 13:38:04,1900-01-00 00:00:00,1020-wombat,B8:27:EB:FA:FF:FC,-47, WPA ,0.000000,0.000000,0.000,0.000,AP
2026-04-08 13:38:04,1900-01-00 00:00:00,1020-wombat,B8:27:EB:FA:FF:FC,-47, WPA ,0.000000,0.000000,0.000,0.000,AP
2026-04-08 13:38:04,1900-01-00 00:00:00,1020-wombat,B8:27:EB:FA:FF:FC,-47, WPA ,0.000000,0.000000,0.000,0.000,AP
2026-04-08 13:38:04,1900-01-00 00:00:00,1020-wombat,B8:27:EB:FA:FF:FC,-54, WPA ,0.000000,0.000000,0.000,0.000,AP
2026-04-08 13:38:04,1900-01-00 00:00:00,1020-wombat,B8:27:EB:FA:FF:FC,-54, WPA ,0.000000,0.000000,0.000,0.000,AP
2026-04-08 13:38:04,1900-01-00 00:00:00,1020-wombat,B8:27:EB:FA:FF:FC,-47, WPA ,0.000000,0.000000,0.000,0.000,AP
2026-04-08 13:38:04,1900-01-00 00:00:00,1020-wombat,B8:27:EB:FA:FF:FC,-47, WPA ,0.000000,0.000000,0.000,0.000,AP
2026-04-08 13:38:04,1900-01-00 00:00:00,1020-wombat,B8:27:EB:FA:FF:FC,-47, WPA ,0.000000,0.000000,0.000,0.000,AP
2026-04-08 13:38:04,1900-01-00 00:00:00,1020-wombat,B8:27:EB:FA:FF:FC,-47, WPA ,0.000000,0.000000,0.000,0.000,AP
2026-04-08 13:38:04,1900-01-00 00:00:00,1020-wombat,B8:27:EB:FA:FF:FC,-47, WPA ,0.000000,0.000000,0.000,0.000,AP
2026-04-08 13:38:04,1900-01-00 00:00:00,1020-wombat,B8:27:EB:FA:FF:FC,-47, WPA ,0.000000,0.000000,0.000,0.000,AP
2026-04-08 13:38:04,1900-01-00 00:00:00,1020-wombat,B8:27:EB:FA:FF:FC,-47, WPA ,0.000000,0.000000,0.000,0.000,AP
2026-04-08 13:38:04,1900-01-00 00:00:00,1020-wombat,B8:27:EB:FA:FF:FC,-48, WPA ,0.000000,0.000000,0.000,0.000,AP
2026-04-08 13:38:04,1900-01-00 00:00:00,1020-wombat,B8:27:EB:FA:FF:FC,-48, WPA ,0.000000,0.000000,0.000,0.000,AP
2026-04-08 13:38:04,1900-01-00 00:00:00,1020-wombat,B8:27:EB:FA:FF:FC,-48, WPA ,0.000000,0.000000,0.000,0.000,AP
2026-04-08 13:38:04,1900-01-00 00:00:00,1020-wombat,B8:27:EB:FA:FF:FC,-48, WPA ,0.000000,0.000000,0.000,0.000,AP
2026-04-08 13:38:04,1900-01-00 00:00:00,1020-wombat,B8:27:EB:FA:FF:FC,-48, WPA ,0.000000,0.000000,0.000,0.000,AP
2026-04-08 13:38:04,1900-01-00 00:00:00,1020-wombat,B8:27:EB:FA:FF:FC,-48, WPA ,0.000000,0.000000,0.000,0.000,AP
2026-04-08 13:38:04,1900-01-00 00:00:00,1020-wombat,B8:27:EB:FA:FF:FC,-48, WPA ,0.000000,0.000000,0.000,0.000,AP
2026-04-08 13:38:04,1900-01-00 00:00:00,1020-wombat,B8:27:EB:FA:FF:FC,-48, WPA ,0.000000,0.000000,0.000,0.000,AP
2026-04-08 13:38:04,1900-01-00 00:00:00,1020-wombat,B8:27:EB:FA:FF:FC,-48, WPA ,0.000000,0.000000,0.000,0.000,AP
2026-04-08 13:38:04,1900-01-00 00:00:00,1020-wombat,B8:27:EB:FA:FF:FC,-48, WPA ,0.000000,0.000000,0.000,0.000,AP
2026-04-08 13:38:04,1900-01-00 00:00:00,1020-wombat,B8:27:EB:FA:FF:FC,-49, WPA ,0.000000,0.000000,0.000,0.000,AP
2026-04-08 13:38:04,1900-01-00 00:00:00,1020-wombat,B8:27:EB:FA:FF:FC,-50, WPA ,0.000000,0.000000,0.000,0.000,AP
2026-04-08 13:38:04,1900-01-00 00:00:00,1020-wombat,B8:27:EB:FA:FF:FC,-50, WPA ,0.000000,0.000000,0.000,0.000,AP
2026-04-08 13:38:04,1900-01-00 00:00:00,1020-wombat,B8:27:EB:FA:FF:FC,-50, WPA ,0.000000,0.000000,0.000,0.000,AP
2026-04-08 13:38:04,1900-01-00 00:00:00,1020-wombat,B8:27:EB:FA:FF:FC,-52, WPA ,0.000000,0.000000,0.000,0.000,AP
2026-04-08 13:38:04,1900-01-00 00:00:00,1020-wombat,B8:27:EB:FA:FF:FC,-51, WPA ,0.000000,0.000000,0.000,0.000,AP
2026-04-08 13:38:04,1900-01-00 00:00:00,1020-wombat,B8:27:EB:FA:FF:FC,-52, WPA ,0.000000,0.000000,0.000,0.000,AP
2026-04-08 13:38:04,1900-01-00 00:00:00,1020-wombat,B8:27:EB:FA:FF:FC,-51, WPA ,0.000000,0.000000,0.000,0.000,AP
2026-04-08 13:38:04,1900-01-00 00:00:00,1020-wombat,B8:27:EB:FA:FF:FC,-50, WPA ,0.000000,0.000000,0.000,0.000,AP
2026-04-08 13:38:04,1900-01-00 00:00:00,1020-wombat,B8:27:EB:FA:FF:FC,-49, WPA ,0.000000,0.000000,0.000,0.000,AP
2026-04-08 13:38:04,1900-01-00 00:00:00,1020-wombat,B8:27:EB:FA:FF:FC,-52, WPA ,0.000000,0.000000,0.000,0.000,AP
2026-04-08 13:38:04,1900-01-00 00:00:00,1020-wombat,B8:27:EB:FA:FF:FC,-52, WPA ,0.000000,0.000000,0.000,0.000,AP
2026-04-08 13:38:04,1900-01-00 00:00:00,1020-wombat,B8:27:EB:FA:FF:FC,-52, WPA ,0.000000,0.000000,0.000,0.000,AP
2026-04-08 13:38:04,1900-01-00 00:00:00,1020-wombat,B8:27:EB:FA:FF:FC,-50, WPA ,0.000000,0.000000,0.000,0.000,AP
2026-04-08 13:38:04,1900-01-00 00:00:00,1020-wombat,B8:27:EB:FA:FF:FC,-51, WPA ,0.000000,0.000000,0.000,0.000,AP
2026-04-08 13:38:04,1900-01-00 00:00:00,1020-wombat,B8:27:EB:FA:FF:FC,-49, WPA ,0.000000,0.000000,0.000,0.000,AP
2026-04-08 13:38:04,1900-01-00 00:00:00,1020-wombat,B8:27:EB:FA:FF:FC,-52, WPA ,0.000000,0.000000,0.000,0.000,AP
2026-04-08 13:38:04,1900-01-00 00:00:00,1020-wombat,B8:27:EB:FA:FF:FC,-50, WPA ,0.000000,0.000000,0.000,0.000,AP
2026-04-08 13:38:04,1900-01-00 00:00:00,1020-wombat,B8:27:EB:FA:FF:FC,-50, WPA ,0.000000,0.000000,0.000,0.000,AP
2026-04-08 13:38:04,1900-01-00 00:00:00,1020-wombat,B8:27:EB:FA:FF:FC,-50, WPA ,0.000000,0.000000,0.000,0.000,AP
2026-04-08 13:38:04,1900-01-00 00:00:00,1020-wombat,B8:27:EB:FA:FF:FC,-50, WPA ,0.000000,0.000000,0.000,0.000,AP
2026-04-08 13:38:04,1900-01-00 00:00:00,1020-wombat,B8:27:EB:FA:FF:FC,-47, WPA ,0.000000,0.000000,0.000,0.000,AP
2026-04-08 13:38:04,1900-01-00 00:00:00,1020-wombat,B8:27:EB:FA:FF:FC,-52, WPA ,0.000000,0.000000,0.000,0.000,AP
2026-04-08 13:38:04,1900-01-00 00:00:00,1020-wombat,B8:27:EB:FA:FF:FC,-49, WPA ,0.000000,0.000000,0.000,0.000,AP
2026-04-08 13:38:04,1900-01-00 00:00:00,1020-wombat,B8:27:EB:FA:FF:FC,-50, WPA ,0.000000,0.000000,0.000,0.000,AP
2026-04-08 13:38:04,1900-01-00 00:00:00,1020-wombat,B8:27:EB:FA:FF:FC,-50, WPA ,0.000000,0.000000,0.000,0.000,AP
2026-04-08 13:38:04,1900-01-00 00:00:00,1020-wombat,B8:27:EB:FA:FF:FC,-50, WPA ,0.000000,0.000000,0.000,0.000,AP
2026-04-08 13:38:04,1900-01-00 00:00:00,1020-wombat,B8:27:EB:FA:FF:FC,-50, WPA ,0.000000,0.000000,0.000,0.000,AP
2026-04-08 13:38:04,1900-01-00 00:00:00,1020-wombat,B8:27:EB:FA:FF:FC,-50, WPA ,0.000000,0.000000,0.000,0.000,AP
2026-04-08 13:38:04,1900-01-00 00:00:00,1020-wombat,B8:27:EB:FA:FF:FC,-50, WPA ,0.000000,0.000000,0.000,0.000,AP
2026-04-08 13:38:04,1900-01-00 00:00:00,1020-wombat,B8:27:EB:FA:FF:FC,-50, WPA ,0.000000,0.000000,0.000,0.000,AP
2026-04-08 13:38:04,1900-01-00 00:00:00,1020-wombat,B8:27:EB:FA:FF:FC,-49, WPA ,0.000000,0.000000,0.000,0.000,AP
2026-04-08 13:38:04,1900-01-00 00:00:00,1020-wombat,B8:27:EB:FA:FF:FC,-53, WPA ,0.000000,0.000000,0.000,0.000,AP
2026-04-08 13:38:04,1900-01-00 00:00:00,1020-wombat,B8:27:EB:FA:FF:FC,-52, WPA ,0.000000,0.000000,0.000,0.000,AP
2026-04-08 13:38:04,1900-01-00 00:00:00,1020-wombat,B8:27:EB:FA:FF:FC,-52, WPA ,0.000000,0.000000,0.000,0.000,AP
2026-04-08 13:38:04,1900-01-00 00:00:00,1020-wombat,B8:27:EB:FA:FF:FC,-52, WPA ,0.000000,0.000000,0.000,0.000,AP
2026-04-08 13:38:04,1900-01-00 00:00:00,1020-wombat,B8:27:EB:FA:FF:FC,-50, WPA ,0.000000,0.000000,0.000,0.000,AP
2026-04-08 13:38:04,1900-01-00 00:00:00,1020-wombat,B8:27:EB:FA:FF:FC,-52, WPA ,0.000000,0.000000,0.000,0.000,AP
2026-04-08 13:38:04,1900-01-00 00:00:00,1020-wombat,B8:27:EB:FA:FF:FC,-50, WPA ,0.000000,0.000000,0.000,0.000,AP
2026-04-08 13:38:04,1900-01-00 00:00:00,1020-wombat,B8:27:EB:FA:FF:FC,-50, WPA ,0.000000,0.000000,0.000,0.000,AP
2026-04-08 13:38:04,1900-01-00 00:00:00,1020-wombat,B8:27:EB:FA:FF:FC,-49, WPA ,0.000000,0.000000,0.000,0.000,AP
2026-04-08 13:38:04,1900-01-00 00:00:00,1020-wombat,B8:27:EB:FA:FF:FC,-50, WPA ,0.000000,0.000000,0.000,0.000,AP
2026-04-08 13:38:04,1900-01-00 00:00:00,1020-wombat,B8:27:EB:FA:FF:FC,-50, WPA ,0.000000,0.000000,0.000,0.000,AP
2026-04-08 13:38:04,1900-01-00 00:00:00,1020-wombat,B8:27:EB:FA:FF:FC,-51, WPA ,0.000000,0.000000,0.000,0.000,AP
2026-04-08 13:38:04,1900-01-00 00:00:00,1020-wombat,B8:27:EB:FA:FF:FC,-52, WPA ,0.000000,0.000000,0.000,0.000,AP
2026-04-08 13:38:04,1900-01-00 00:00:00,1020-wombat,B8:27:EB:FA:FF:FC,-52, WPA ,0.000000,0.000000,0.000,0.000,AP
2026-04-08 13:38:04,1900-01-00 00:00:00,1020-wombat,B8:27:EB:FA:FF:FC,-50, WPA ,0.000000,0.000000,0.000,0.000,AP
2026-04-08 13:38:04,1900-01-00 00:00:00,1020-wombat,B8:27:EB:FA:FF:FC,-52, WPA ,0.000000,0.000000,0.000,0.000,AP
2026-04-08 13:38:04,1900-01-00 00:00:00,1020-wombat,B8:27:EB:FA:FF:FC,-50, WPA ,0.000000,0.000000,0.000,0.000,AP
2026-04-08 13:38:04,1900-01-00 00:00:00,1020-wombat,B8:27:EB:FA:FF:FC,-50, WPA ,0.000000,0.000000,0.000,0.000,AP
2026-04-08 13:38:04,1900-01-00 00:00:00,1020-wombat,B8:27:EB:FA:FF:FC,-51, WPA ,0.000000,0.000000,0.000,0.000,AP
2026-04-08 13:38:04,1900-01-00 00:00:00,1020-wombat,B8:27:EB:FA:FF:FC,-50, WPA ,0.000000,0.000000,0.000,0.000,AP
2026-04-08 13:38:04,1900-01-00 00:00:00,1020-wombat,B8:27:EB:FA:FF:FC,-52, WPA ,0.000000,0.000000,0.000,0.000,AP
2026-04-08 13:38:04,1900-01-00 00:00:00,1020-wombat,B8:27:EB:FA:FF:FC,-50, WPA ,0.000000,0.000000,0.000,0.000,AP
2026-04-08 13:38:04,1900-01-00 00:00:00,1020-wombat,B8:27:EB:FA:FF:FC,-50, WPA ,0.000000,0.000000,0.000,0.000,AP
2026-04-08 13:38:04,1900-01-00 00:00:00,1020-wombat,B8:27:EB:FA:FF:FC,-50, WPA ,0.000000,0.000000,0.000,0.000,AP
2026-04-08 13:38:04,1900-01-00 00:00:00,1020-wombat,B8:27:EB:FA:FF:FC,-50, WPA ,0.000000,0.000000,0.000,0.000,AP
2026-04-08 13:38:04,1900-01-00 00:00:00,1020-wombat,B8:27:EB:FA:FF:FC,-50, WPA ,0.000000,0.000000,0.000,0.000,AP
2026-04-08 13:38:04,1900-01-00 00:00:00,1020-wombat,B8:27:EB:FA:FF:FC,-53, WPA ,0.000000,0.000000,0.000,0.000,AP
2026-04-08 13:38:04,1900-01-00 00:00:00,1020-wombat,B8:27:EB:FA:FF:FC,-53, WPA ,0.000000,0.000000,0.000,0.000,AP
2026-04-08 13:38:04,1900-01-00 00:00:00,1020-wombat,B8:27:EB:FA:FF:FC,-53, WPA ,0.000000,0.000000,0.000,0.000,AP
2026-04-08 13:38:04,1900-01-00 00:00:00,1020-wombat,B8:27:EB:FA:FF:FC,-22, WPA ,0.000000,0.000000,0.000,0.000,AP
2026-04-08 13:38:04,1900-01-00 00:00:00,1020-wombat,B8:27:EB:FA:FF:FC,-22, WPA ,0.000000,0.000000,0.000,0.000,AP
2026-04-08 13:38:04,1900-01-00 00:00:00,1020-wombat,B8:27:EB:FA:FF:FC,-22, WPA ,0.000000,0.000000,0.000,0.000,AP
2026-04-08 13:38:04,1900-01-00 00:00:00,1020-wombat,B8:27:EB:FA:FF:FC,-22, WPA ,0.000000,0.000000,0.000,0.000,AP
2026-04-08 13:38:04,1900-01-00 00:00:00,1020-wombat,B8:27:EB:FA:FF:FC,-22, WPA ,0.000000,0.000000,0.000,0.000,AP
2026-04-08 13:38:04,1900-01-00 00:00:00,1020-wombat,B8:27:EB:FA:FF:FC,-22, WPA ,0.000000,0.000000,0.000,0.000,AP
2026-04-08 13:38:04,1900-01-00 00:00:00,1020-wombat,B8:27:EB:FA:FF:FC,-50, WPA ,0.000000,0.000000,0.000,0.000,AP
2026-04-08 13:38:04,1900-01-00 00:00:00,1020-wombat,B8:27:EB:FA:FF:FC,-50, WPA ,0.000000,0.000000,0.000,0.000,AP
2026-04-08 13:38:04,1900-01-00 00:00:00,1020-wombat,B8:27:EB:FA:FF:FC,-51, WPA ,0.000000,0.000000,0.000,0.000,AP
2026-04-08 13:38:04,1900-01-00 00:00:00,1020-wombat,B8:27:EB:FA:FF:FC,-51, WPA ,0.000000,0.000000,0.000,0.000,AP
2026-04-08 13:38:04,1900-01-00 00:00:00,1020-wombat,B8:27:EB:FA:FF:FC,-51, WPA ,0.000000,0.000000,0.000,0.000,AP
2026-04-08 13:38:04,1900-01-00 00:00:00,1020-wombat,B8:27:EB:FA:FF:FC,-51, WPA ,0.000000,0.000000,0.000,0.000,AP
2026-04-08 13:38:04,1900-01-00 00:00:00,1020-wombat,B8:27:EB:FA:FF:FC,-51, WPA ,0.000000,0.000000,0.000,0.000,AP
2026-04-08 13:38:04,1900-01-00 00:00:00,1020-wombat,B8:27:EB:FA:FF:FC,-22, WPA ,0.000000,0.000000,0.000,0.000,AP
2026-04-08 13:38:04,1900-01-00 00:00:00,1020-wombat,B8:27:EB:FA:FF:FC,-22, WPA ,0.000000,0.000000,0.000,0.000,AP
2026-04-08 13:38:04,1900-01-00 00:00:00,1020-wombat,B8:27:EB:FA:FF:FC,-22, WPA ,0.000000,0.000000,0.000,0.000,AP
2026-04-08 13:38:04,1900-01-00 00:00:00,1020-wombat,B8:27:EB:FA:FF:FC,-22, WPA ,0.000000,0.000000,0.000,0.000,AP
2026-04-08 13:38:04,1900-01-00 00:00:00,1020-wombat,B8:27:EB:FA:FF:FC,-54, WPA ,0.000000,0.000000,0.000,0.000,AP
2026-04-08 13:38:04,1900-01-00 00:00:00,1020-wombat,B8:27:EB:FA:FF:FC,-54, WPA ,0.000000,0.000000,0.000,0.000,AP
2026-04-08 13:38:04,1900-01-00 00:00:00,1020-wombat,B8:27:EB:FA:FF:FC,-54, WPA ,0.000000,0.000000,0.000,0.000,AP
2026-04-08 13:38:04,1900-01-00 00:00:00,1020-wombat,B8:27:EB:FA:FF:FC,-52, WPA ,0.000000,0.000000,0.000,0.000,AP
2026-04-08 13:38:04,1900-01-00 00:00:00,1020-wombat,B8:27:EB:FA:FF:FC,-49, WPA ,0.000000,0.000000,0.000,0.000,AP
2026-04-08 13:38:04,1900-01-00 00:00:00,1020-wombat,B8:27:EB:FA:FF:FC,-49, WPA ,0.000000,0.000000,0.000,0.000,AP
2026-04-08 13:38:04,1900-01-00 00:00:00,1020-wombat,B8:27:EB:FA:FF:FC,-49, WPA ,0.000000,0.000000,0.000,0.000,AP
2026-04-08 13:38:04,1900-01-00 00:00:00,1020-wombat,B8:27:EB:FA:FF:FC,-49, WPA ,0.000000,0.000000,0.000,0.000,AP
2026-04-08 13:38:04,1900-01-00 00:00:00,1020-wombat,B8:27:EB:FA:FF:FC,-49, WPA ,0.000000,0.000000,0.000,0.000,AP
2026-04-08 13:38:04,1900-01-00 00:00:00,1020-wombat,B8:27:EB:FA:FF:FC,-49, WPA ,0.000000,0.000000,0.000,0.000,AP
2026-04-08 13:38:04,1900-01-00 00:00:00,1020-wombat,B8:27:EB:FA:FF:FC,-49, WPA ,0.000000,0.000000,0.000,0.000,AP
2026-04-08 13:38:04,1900-01-00 00:00:00,1020-wombat,B8:27:EB:FA:FF:FC,-49, WPA ,0.000000,0.000000,0.000,0.000,AP
2026-04-08 13:38:04,1900-01-00 00:00:00,1020-wombat,B8:27:EB:FA:FF:FC,-49, WPA ,0.000000,0.000000,0.000,0.000,AP
2026-04-08 13:38:04,1900-01-00 00:00:00,1020-wombat,B8:27:EB:FA:FF:FC,-49, WPA ,0.000000,0.000000,0.000,0.000,AP
2026-04-08 13:38:04,1900-01-00 00:00:00,1020-wombat,B8:27:EB:FA:FF:FC,-49, WPA ,0.000000,0.000000,0.000,0.000,AP
2026-04-08 13:38:04,1900-01-00 00:00:00,1020-wombat,B8:27:EB:FA:FF:FC,-49, WPA ,0.000000,0.000000,0.000,0.000,AP
2026-04-08 13:38:04,1900-01-00 00:00:00,1020-wombat,B8:27:EB:FA:FF:FC,-49, WPA ,0.000000,0.000000,0.000,0.000,AP
2026-04-08 13:38:04,1900-01-00 00:00:00,1020-wombat,B8:27:EB:FA:FF:FC,-49, WPA ,0.000000,0.000000,0.000,0.000,AP
2026-04-08 13:38:04,1900-01-00 00:00:00,1020-wombat,B8:27:EB:FA:FF:FC,-49, WPA ,0.000000,0.000000,0.000,0.000,AP
2026-04-08 13:38:04,1900-01-00 00:00:00,1020-wombat,B8:27:EB:FA:FF:FC,-49, WPA ,0.000000,0.000000,0.000,0.000,AP
2026-04-08 13:38:04,1900-01-00 00:00:00,1020-wombat,B8:27:EB:FA:FF:FC,-49, WPA ,0.000000,0.000000,0.000,0.000,AP
2026-04-08 13:38:04,1900-01-00 00:00:00,1020-wombat,B8:27:EB:FA:FF:FC,-49, WPA ,0.000000,0.000000,0.000,0.000,AP
2026-04-08 13:38:04,1900-01-00 00:00:00,1020-wombat,B8:27:EB:FA:FF:FC,-49, WPA ,0.000000,0.000000,0.000,0.000,AP
2026-04-08 13:38:04,1900-01-00 00:00:00,1020-wombat,B8:27:EB:FA:FF:FC,-49, WPA ,0.000000,0.000000,0.000,0.000,AP
2026-04-08 13:38:04,1900-01-00 00:00:00,1020-wombat,B8:27:EB:FA:FF:FC,-46, WPA ,0.000000,0.000000,0.000,0.000,AP
2026-04-08 13:38:04,1900-01-00 00:00:00,1020-wombat,B8:27:EB:FA:FF:FC,-47, WPA ,0.000000,0.000000,0.000,0.000,AP
2026-04-08 13:38:04,1900-01-00 00:00:00,1020-wombat,B8:27:EB:FA:FF:FC,-47, WPA ,0.000000,0.000000,0.000,0.000,AP
2026-04-08 13:38:04,1900-01-00 00:00:00,1020-wombat,B8:27:EB:FA:FF:FC,-48, WPA ,0.000000,0.000000,0.000,0.000,AP
2026-04-08 13:38:04,1900-01-00 00:00:00,1020-wombat,B8:27:EB:FA:FF:FC,-48, WPA ,0.000000,0.000000,0.000,0.000,AP
2026-04-08 13:38:04,1900-01-00 00:00:00,1020-wombat,B8:27:EB:FA:FF:FC,-48, WPA ,0.000000,0.000000,0.000,0.000,AP
2026-04-08 13:38:04,1900-01-00 00:00:00,1020-wombat,B8:27:EB:FA:FF:FC,-49, WPA ,0.000000,0.000000,0.000,0.000,AP
2026-04-08 13:38:04,1900-01-00 00:00:00,1020-wombat,B8:27:EB:FA:FF:FC,-48, WPA ,0.000000,0.000000,0.000,0.000,AP
2026-04-08 13:38:04,1900-01-00 00:00:00,1020-wombat,B8:27:EB:FA:FF:FC,-54, WPA ,0.000000,0.000000,0.000,0.000,AP
2026-04-08 13:38:04,1900-01-00 00:00:00,1020-wombat,B8:27:EB:FA:FF:FC,-48, WPA ,0.000000,0.000000,0.000,0.000,AP
2026-04-08 13:38:04,1900-01-00 00:00:00,1020-wombat,B8:27:EB:FA:FF:FC,-48, WPA ,0.000000,0.000000,0.000,0.000,AP
2026-04-08 13:38:04,1900-01-00 00:00:00,1020-wombat,B8:27:EB:FA:FF:FC,-48, WPA ,0.000000,0.000000,0.000,0.000,AP
2026-04-08 13:38:04,1900-01-00 00:00:00,1020-wombat,B8:27:EB:FA:FF:FC,-48, WPA ,0.000000,0.000000,0.000,0.000,AP
2026-04-08 13:38:04,1900-01-00 00:00:00,1020-wombat,B8:27:EB:FA:FF:FC,-48, WPA ,0.000000,0.000000,0.000,0.000,AP
2026-04-08 13:38:04,1900-01-00 00:00:00,1020-wombat,B8:27:EB:FA:FF:FC,-50, WPA ,0.000000,0.000000,0.000,0.000,AP
2026-04-08 13:38:04,1900-01-00 00:00:00,1020-wombat,B8:27:EB:FA:FF:FC,-50, WPA ,0.000000,0.000000,0.000,0.000,AP
2026-04-08 13:38:04,1900-01-00 00:00:00,1020-wombat,B8:27:EB:FA:FF:FC,-54, WPA ,0.000000,0.000000,0.000,0.000,AP
2026-04-08 13:38:04,1900-01-00 00:00:00,1020-wombat,B8:27:EB:FA:FF:FC,-54, WPA ,0.000000,0.000000,0.000,0.000,AP
2026-04-08 13:38:04,1900-01-00 00:00:00,1020-wombat,B8:27:EB:FA:FF:FC,-54, WPA ,0.000000,0.000000,0.000,0.000,AP
2026-04-08 13:38:04,1900-01-00 00:00:00,1020-wombat,B8:27:EB:FA:FF:FC,-54, WPA ,0.000000,0.000000,0.000,0.000,AP
2026-04-08 13:38:04,1900-01-00 00:00:00,1020-wombat,B8:27:EB:FA:FF:FC,-49, WPA ,0.000000,0.000000,0.000,0.000,AP
2026-04-08 13:38:04,1900-01-00 00:00:00,1020-wombat,B8:27:EB:FA:FF:FC,-49, WPA ,0.000000,0.000000,0.000,0.000,AP
2026-04-08 13:38:04,1900-01-00 00:00:00,1020-wombat,B8:27:EB:FA:FF:FC,-49, WPA ,0.000000,0.000000,0.000,0.000,AP
2026-04-08 13:38:04,1900-01-00 00:00:00,1020-wombat,B8:27:EB:FA:FF:FC,-49, WPA ,0.000000,0.000000,0.000,0.000,AP
2026-04-08 13:38:04,1900-01-00 00:00:00,1020-wombat,B8:27:EB:FA:FF:FC,-54, WPA ,0.000000,0.000000,0.000,0.000,AP
2026-04-08 13:38:04,1900-01-00 00:00:00,1020-wombat,B8:27:EB:FA:FF:FC,-54, WPA ,0.000000,0.000000,0.000,0.000,AP
2026-04-08 13:38:04,1900-01-00 00:00:00,1020-wombat,B8:27:EB:FA:FF:FC,-54, WPA ,0.000000,0.000000,0.000,0.000,AP
2026-04-08 13:38:04,1900-01-00 00:00:00,1020-wombat,B8:27:EB:FA:FF:FC,-44, WPA ,0.000000,0.000000,0.000,0.000,AP
2026-04-08 13:38:04,1900-01-00 00:00:00,1020-wombat,B8:27:EB:FA:FF:FC,-50, WPA ,0.000000,0.000000,0.000,0.000,AP
2026-04-08 13:38:04,1900-01-00 00:00:00,1020-wombat,B8:27:EB:FA:FF:FC,-50, WPA ,0.000000,0.000000,0.000,0.000,AP
2026-04-08 13:38:04,1900-01-00 00:00:00,1020-wombat,B8:27:EB:FA:FF:FC,-50, WPA ,0.000000,0.000000,0.000,0.000,AP
2026-04-08 13:38:04,1900-01-00 00:00:00,1020-wombat,B8:27:EB:FA:FF:FC,-50, WPA ,0.000000,0.000000,0.000,0.000,AP
2026-04-08 13:38:04,1900-01-00 00:00:00,1020-wombat,B8:27:EB:FA:FF:FC,-50, WPA ,0.000000,0.000000,0.000,0.000,AP
2026-04-08 13:38:04,1900-01-00 00:00:00,1020-wombat,B8:27:EB:FA:FF:FC,-50, WPA ,0.000000,0.000000,0.000,0.000,AP
2026-04-08 13:38:04,1900-01-00 00:00:00,1020-wombat,B8:27:EB:FA:FF:FC,-50, WPA ,0.000000,0.000000,0.000,0.000,AP
2026-04-08 13:38:04,1900-01-00 00:00:00,1020-wombat,B8:27:EB:FA:FF:FC,-50, WPA ,0.000000,0.000000,0.000,0.000,AP
2026-04-08 13:38:04,1900-01-00 00:00:00,1020-wombat,B8:27:EB:FA:FF:FC,-50, WPA ,0.000000,0.000000,0.000,0.000,AP
2026-04-08 13:38:04,1900-01-00 00:00:00,1020-wombat,B8:27:EB:FA:FF:FC,-50, WPA ,0.000000,0.000000,0.000,0.000,AP
2026-04-08 13:38:04,1900-01-00 00:00:00,1020-wombat,B8:27:EB:FA:FF:FC,-50, WPA ,0.000000,0.000000,0.000,0.000,AP
2026-04-08 13:38:04,1900-01-00 00:00:00,1020-wombat,B8:27:EB:FA:FF:FC,-50, WPA ,0.000000,0.000000,0.000,0.000,AP
2026-04-08 13:38:04,1900-01-00 00:00:00,1020-wombat,B8:27:EB:FA:FF:FC,-50, WPA ,0.000000,0.000000,0.000,0.000,AP
2026-04-08 13:38:04,1900-01-00 00:00:00,1020-wombat,B8:27:EB:FA:FF:FC,-50, WPA ,0.000000,0.000000,0.000,0.000,AP
2026-04-08 13:38:04,1900-01-00 00:00:00,1020-wombat,B8:27:EB:FA:FF:FC,-50, WPA ,0.000000,0.000000,0.000,0.000,AP
2026-04-08 13:38:04,1900-01-00 00:00:00,1020-wombat,B8:27:EB:FA:FF:FC,-50, WPA ,0.000000,0.000000,0.000,0.000,AP
2026-04-08 13:38:04,1900-01-00 00:00:00,1020-wombat,B8:27:EB:FA:FF:FC,-50, WPA ,0.000000,0.000000,0.000,0.000,AP
2026-04-08 13:38:04,1900-01-00 00:00:00,1020-wombat,B8:27:EB:FA:FF:FC,-50, WPA ,0.000000,0.000000,0.000,0.000,AP
2026-04-08 13:38:04,1900-01-00 00:00:00,1020-wombat,B8:27:EB:FA:FF:FC,-50, WPA ,0.000000,0.000000,0.000,0.000,AP
2026-04-08 13:38:04,1900-01-00 00:00:00,1020-wombat,B8:27:EB:FA:FF:FC,-50, WPA ,0.000000,0.000000,0.000,0.000,AP
2026-04-08 13:38:04,1900-01-00 00:00:00,1020-wombat,B8:27:EB:FA:FF:FC,-50, WPA ,0.000000,0.000000,0.000,0.000,AP
2026-04-08 13:38:04,1900-01-00 00:00:00,1020-wombat,B8:27:EB:FA:FF:FC,-50, WPA ,0.000000,0.000000,0.000,0.000,AP
2026-04-08 13:38:04,1900-01-00 00:00:00,1020-wombat,B8:27:EB:FA:FF:FC,-48, WPA ,0.000000,0.000000,0.000,0.000,AP
2026-04-08 13:38:04,1900-01-00 00:00:00,1020-wombat,B8:27:EB:FA:FF:FC,-51, WPA ,0.000000,0.000000,0.000,0.000,AP
2026-04-08 13:38:04,1900-01-00 00:00:00,1020-wombat,B8:27:EB:FA:FF:FC,-51, WPA ,0.000000,0.000000,0.000,0.000,AP
2026-04-08 13:38:04,1900-01-00 00:00:00,1020-wombat,B8:27:EB:FA:FF:FC,-51, WPA ,0.000000,0.000000,0.000,0.000,AP
2026-04-08 13:38:04,1900-01-00 00:00:00,1020-wombat,B8:27:EB:FA:FF:FC,-51, WPA ,0.000000,0.000000,0.000,0.000,AP
2026-04-08 13:38:04,1900-01-00 00:00:00,1020-wombat,B8:27:EB:FA:FF:FC,-51, WPA ,0.000000,0.000000,0.000,0.000,AP
2026-04-08 13:38:04,1900-01-00 00:00:00,1020-wombat,B8:27:EB:FA:FF:FC,-51, WPA ,0.000000,0.000000,0.000,0.000,AP
2026-04-08 13:38:04,1900-01-00 00:00:00,1020-wombat,B8:27:EB:FA:FF:FC,-51, WPA ,0.000000,0.000000,0.000,0.000,AP
2026-04-08 13:38:04,1900-01-00 00:00:00,1020-wombat,B8:27:EB:FA:FF:FC,-51, WPA ,0.000000,0.000000,0.000,0.000,AP
2026-04-08 13:38:04,1900-01-00 00:00:00,1020-wombat,B8:27:EB:FA:FF:FC,-47, WPA ,0.000000,0.000000,0.000,0.000,AP
2026-04-08 13:38:04,1900-01-00 00:00:00,1020-wombat,B8:27:EB:FA:FF:FC,-47, WPA ,0.000000,0.000000,0.000,0.000,AP
2026-04-08 13:38:04,1900-01-00 00:00:00,1020-wombat,B8:27:EB:FA:FF:FC,-47, WPA ,0.000000,0.000000,0.000,0.000,AP
2026-04-08 13:38:04,1900-01-00 00:00:00,1020-wombat,B8:27:EB:FA:FF:FC,-47, WPA ,0.000000,0.000000,0.000,0.000,AP
2026-04-08 13:38:04,1900-01-00 00:00:00,1020-wombat,B8:27:EB:FA:FF:FC,-47, WPA ,0.000000,0.000000,0.000,0.000,AP
2026-04-08 13:38:04,1900-01-00 00:00:00,1020-wombat,B8:27:EB:FA:FF:FC,-54, WPA ,0.000000,0.000000,0.000,0.000,AP
2026-04-08 13:38:04,1900-01-00 00:00:00,1020-wombat,B8:27:EB:FA:FF:FC,-54, WPA ,0.000000,0.000000,0.000,0.000,AP
2026-04-08 13:38:04,1900-01-00 00:00:00,1020-wombat,B8:27:EB:FA:FF:FC,-54, WPA ,0.000000,0.000000,0.000,0.000,AP
2026-04-08 13:38:04,1900-01-00 00:00:00,1020-wombat,B8:27:EB:FA:FF:FC,-54, WPA ,0.000000,0.000000,0.000,0.000,AP
2026-04-08 13:38:04,1900-01-00 00:00:00,1020-wombat,B8:27:EB:FA:FF:FC,-54, WPA ,0.000000,0.000000,0.000,0.000,AP
2026-04-08 13:38:04,1900-01-00 00:00:00,1020-wombat,B8:27:EB:FA:FF:FC,-54, WPA ,0.000000,0.000000,0.000,0.000,AP
2026-04-08 13:38:04,1900-01-00 00:00:00,1020-wombat,B8:27:EB:FA:FF:FC,-54, WPA ,0.000000,0.000000,0.000,0.000,AP
2026-04-08 13:38:04,1900-01-00 00:00:00,1020-wombat,B8:27:EB:FA:FF:FC,-54, WPA ,0.000000,0.000000,0.000,0.000,AP
2026-04-08 13:38:04,1900-01-00 00:00:00,1020-wombat,B8:27:EB:FA:FF:FC,-54, WPA ,0.000000,0.000000,0.000,0.000,AP
2026-04-08 13:38:04,1900-01-00 00:00:00,1020-wombat,B8:27:EB:FA:FF:FC,-54, WPA ,0.000000,0.000000,0.000,0.000,AP
2026-04-08 13:38:04,1900-01-00 00:00:00,1020-wombat,B8:27:EB:FA:FF:FC,-54, WPA ,0.000000,0.000000,0.000,0.000,AP
2026-04-08 13:38:04,1900-01-00 00:00:00,1020-wombat,B8:27:EB:FA:FF:FC,-54, WPA ,0.000000,0.000000,0.000,0.000,AP
2026-04-08 13:38:04,1900-01-00 00:00:00,1020-wombat,B8:27:EB:FA:FF:FC,-54, WPA ,0.000000,0.000000,0.000,0.000,AP
2026-04-08 13:38:04,1900-01-00 00:00:00,1020-wombat,B8:27:EB:FA:FF:FC,-44, WPA ,0.000000,0.000000,0.000,0.000,AP
2026-04-08 13:38:04,1900-01-00 00:00:00,1020-wombat,B8:27:EB:FA:FF:FC,-56, WPA ,0.000000,0.000000,0.000,0.000,AP
2026-04-08 13:38:04,1900-01-00 00:00:00,1020-wombat,B8:27:EB:FA:FF:FC,-56, WPA ,0.000000,0.000000,0.000,0.000,AP
2026-04-08 13:38:04,1900-01-00 00:00:00,1020-wombat,B8:27:EB:FA:FF:FC,-56, WPA ,0.000000,0.000000,0.000,0.000,AP
2026-04-08 13:38:04,1900-01-00 00:00:00,1020-wombat,B8:27:EB:FA:FF:FC,-56, WPA ,0.000000,0.000000,0.000,0.000,AP
2026-04-08 13:38:04,1900-01-00 00:00:00,1020-wombat,B8:27:EB:FA:FF:FC,-56, WPA ,0.000000,0.000000,0.000,0.000,AP
2026-04-08 13:38:04,1900-01-00 00:00:00,1020-wombat,B8:27:EB:FA:FF:FC,-56, WPA ,0.000000,0.000000,0.000,0.000,AP
2026-04-08 13:38:04,1900-01-00 00:00:00,1020-wombat,B8:27:EB:FA:FF:FC,-56, WPA ,0.000000,0.000000,0.000,0.000,AP
2026-04-08 13:38:04,1900-01-00 00:00:00,1020-wombat,B8:27:EB:FA:FF:FC,-56, WPA ,0.000000,0.000000,0.000,0.000,AP
2026-04-08 13:38:04,1900-01-00 00:00:00,1020-wombat,B8:27:EB:FA:FF:FC,-56, WPA ,0.000000,0.000000,0.000,0.000,AP
2026-04-08 13:38:04,1900-01-00 00:00:00,1020-wombat,B8:27:EB:FA:FF:FC,-56, WPA ,0.000000,0.000000,0.000,0.000,AP
2026-04-08 13:38:04,1900-01-00 00:00:00,1020-wombat,B8:27:EB:FA:FF:FC,-61, WPA ,0.000000,0.000000,0.000,0.000,AP
2026-04-08 13:38:04,1900-01-00 00:00:00,1020-wombat,B8:27:EB:FA:FF:FC,-61, WPA ,0.000000,0.000000,0.000,0.000,AP
2026-04-08 13:38:04,1900-01-00 00:00:00,1020-wombat,B8:27:EB:FA:FF:FC,-61, WPA ,0.000000,0.000000,0.000,0.000,AP
2026-04-08 13:38:04,1900-01-00 00:00:00,1020-wombat,B8:27:EB:FA:FF:FC,-61, WPA ,0.000000,0.000000,0.000,0.000,AP
2026-04-08 13:38:04,1900-01-00 00:00:00,1020-wombat,B8:27:EB:FA:FF:FC,-61, WPA ,0.000000,0.000000,0.000,0.000,AP
2026-04-08 13:38:04,1900-01-00 00:00:00,1020-wombat,B8:27:EB:FA:FF:FC,-61, WPA ,0.000000,0.000000,0.000,0.000,AP
2026-04-08 13:38:04,1900-01-00 00:00:00,1020-wombat,B8:27:EB:FA:FF:FC,-61, WPA ,0.000000,0.000000,0.000,0.000,AP
2026-04-08 13:38:04,1900-01-00 00:00:00,1020-wombat,B8:27:EB:FA:FF:FC,-61, WPA ,0.000000,0.000000,0.000,0.000,AP
2026-04-08 13:38:04,1900-01-00 00:00:00,1020-wombat,B8:27:EB:FA:FF:FC,-61, WPA ,0.000000,0.000000,0.000,0.000,AP
2026-04-08 13:38:04,1900-01-00 00:00:00,1020-wombat,B8:27:EB:FA:FF:FC,-61, WPA ,0.000000,0.000000,0.000,0.000,AP
2026-04-08 13:38:04,1900-01-00 00:00:00,1020-wombat,B8:27:EB:FA:FF:FC,-61, WPA ,0.000000,0.000000,0.000,0.000,AP
2026-04-08 13:38:04,1900-01-00 00:00:00,1020-wombat,B8:27:EB:FA:FF:FC,-61, WPA ,0.000000,0.000000,0.000,0.000,AP
2026-04-08 13:38:04,1900-01-00 00:00:00,1020-wombat,B8:27:EB:FA:FF:FC,-61, WPA ,0.000000,0.000000,0.000,0.000,AP
2026-04-08 13:38:05,1900-01-00 00:00:00,1020-wombat,B8:27:EB:FA:FF:FC,-49, WPA ,0.000000,0.000000,0.000,0.000,AP
2026-04-08 13:38:05,1900-01-00 00:00:00,1020-wombat,B8:27:EB:FA:FF:FC,-49, WPA ,0.000000,0.000000,0.000,0.000,AP
2026-04-08 13:38:05,1900-01-00 00:00:00,1020-wombat,B8:27:EB:FA:FF:FC,-49, WPA ,0.000000,0.000000,0.000,0.000,AP
2026-04-08 13:38:05,1900-01-00 00:00:00,1020-wombat,B8:27:EB:FA:FF:FC,-49, WPA ,0.000000,0.000000,0.000,0.000,AP
2026-04-08 13:38:05,1900-01-00 00:00:00,1020-wombat,B8:27:EB:FA:FF:FC,-49, WPA ,0.000000,0.000000,0.000,0.000,AP
2026-04-08 13:38:05,1900-01-00 00:00:00,1020-wombat,B8:27:EB:FA:FF:FC,-49, WPA ,0.000000,0.000000,0.000,0.000,AP
2026-04-08 13:38:05,1900-01-00 00:00:00,1020-wombat,B8:27:EB:FA:FF:FC,-49, WPA ,0.000000,0.000000,0.000,0.000,AP
2026-04-08 13:38:05,1900-01-00 00:00:00,1020-wombat,B8:27:EB:FA:FF:FC,-49, WPA ,0.000000,0.000000,0.000,0.000,AP
2026-04-08 13:38:05,1900-01-00 00:00:00,1020-wombat,B8:27:EB:FA:FF:FC,-48, WPA ,0.000000,0.000000,0.000,0.000,AP
2026-04-08 13:38:05,1900-01-00 00:00:00,1020-wombat,B8:27:EB:FA:FF:FC,-48, WPA ,0.000000,0.000000,0.000,0.000,AP
2026-04-08 13:38:05,1900-01-00 00:00:00,1020-wombat,B8:27:EB:FA:FF:FC,-48, WPA ,0.000000,0.000000,0.000,0.000,AP
2026-04-08 13:38:05,1900-01-00 00:00:00,1020-wombat,B8:27:EB:FA:FF:FC,-48, WPA ,0.000000,0.000000,0.000,0.000,AP
2026-04-08 13:38:05,1900-01-00 00:00:00,1020-wombat,B8:27:EB:FA:FF:FC,-48, WPA ,0.000000,0.000000,0.000,0.000,AP
2026-04-08 13:38:05,1900-01-00 00:00:00,1020-wombat,B8:27:EB:FA:FF:FC,-48, WPA ,0.000000,0.000000,0.000,0.000,AP
2026-04-08 13:38:05,1900-01-00 00:00:00,1020-wombat,B8:27:EB:FA:FF:FC,-48, WPA ,0.000000,0.000000,0.000,0.000,AP
2026-04-08 13:38:05,1900-01-00 00:00:00,1020-wombat,B8:27:EB:FA:FF:FC,-48, WPA ,0.000000,0.000000,0.000,0.000,AP
2026-04-08 13:38:05,1900-01-00 00:00:00,1020-wombat,B8:27:EB:FA:FF:FC,-54, WPA ,0.000000,0.000000,0.000,0.000,AP
2026-04-08 13:38:05,1900-01-00 00:00:00,1020-wombat,B8:27:EB:FA:FF:FC,-54, WPA ,0.000000,0.000000,0.000,0.000,AP
2026-04-08 13:38:05,1900-01-00 00:00:00,1020-wombat,B8:27:EB:FA:FF:FC,-54, WPA ,0.000000,0.000000,0.000,0.000,AP
2026-04-08 13:38:05,1900-01-00 00:00:00,1020-wombat,B8:27:EB:FA:FF:FC,-54, WPA ,0.000000,0.000000,0.000,0.000,AP
2026-04-08 13:38:05,1900-01-00 00:00:00,1020-wombat,B8:27:EB:FA:FF:FC,-54, WPA ,0.000000,0.000000,0.000,0.000,AP
2026-04-08 13:38:05,1900-01-00 00:00:00,1020-wombat,B8:27:EB:FA:FF:FC,-54, WPA ,0.000000,0.000000,0.000,0.000,AP
2026-04-08 13:38:05,1900-01-00 00:00:00,1020-wombat,B8:27:EB:FA:FF:FC,-54, WPA ,0.000000,0.000000,0.000,0.000,AP
2026-04-08 13:38:05,1900-01-00 00:00:00,1020-wombat,B8:27:EB:FA:FF:FC,-54, WPA ,0.000000,0.000000,0.000,0.000,AP
2026-04-08 13:38:05,1900-01-00 00:00:00,1020-wombat,B8:27:EB:FA:FF:FC,-54, WPA ,0.000000,0.000000,0.000,0.000,AP
2026-04-08 13:38:05,1900-01-00 00:00:00,1020-wombat,B8:27:EB:FA:FF:FC,-54, WPA ,0.000000,0.000000,0.000,0.000,AP
2026-04-08 13:38:05,1900-01-00 00:00:00,1020-wombat,B8:27:EB:FA:FF:FC,-44, WPA ,0.000000,0.000000,0.000,0.000,AP
2026-04-08 13:38:05,1900-01-00 00:00:00,1020-wombat,B8:27:EB:FA:FF:FC,-55, WPA ,0.000000,0.000000,0.000,0.000,AP
2026-04-08 13:38:05,1900-01-00 00:00:00,1020-wombat,B8:27:EB:FA:FF:FC,-55, WPA ,0.000000,0.000000,0.000,0.000,AP
2026-04-08 13:38:05,1900-01-00 00:00:00,1020-wombat,B8:27:EB:FA:FF:FC,-55, WPA ,0.000000,0.000000,0.000,0.000,AP
2026-04-08 13:38:05,1900-01-00 00:00:00,1020-wombat,B8:27:EB:FA:FF:FC,-55, WPA ,0.000000,0.000000,0.000,0.000,AP
2026-04-08 13:38:05,1900-01-00 00:00:00,1020-wombat,B8:27:EB:FA:FF:FC,-55, WPA ,0.000000,0.000000,0.000,0.000,AP
2026-04-08 13:38:05,1900-01-00 00:00:00,1020-wombat,B8:27:EB:FA:FF:FC,-55, WPA ,0.000000,0.000000,0.000,0.000,AP
2026-04-08 13:38:05,1900-01-00 00:00:00,1020-wombat,B8:27:EB:FA:FF:FC,-55, WPA ,0.000000,0.000000,0.000,0.000,AP
2026-04-08 13:38:05,1900-01-00 00:00:00,1020-wombat,B8:27:EB:FA:FF:FC,-55, WPA ,0.000000,0.000000,0.000,0.000,AP
2026-04-08 13:38:05,1900-01-00 00:00:00,1020-wombat,B8:27:EB:FA:FF:FC,-55, WPA ,0.000000,0.000000,0.000,0.000,AP
2026-04-08 13:38:05,1900-01-00 00:00:00,1020-wombat,B8:27:EB:FA:FF:FC,-57, WPA ,0.000000,0.000000,0.000,0.000,AP
2026-04-08 13:38:05,1900-01-00 00:00:00,1020-wombat,B8:27:EB:FA:FF:FC,-57, WPA ,0.000000,0.000000,0.000,0.000,AP
2026-04-08 13:38:05,1900-01-00 00:00:00,1020-wombat,B8:27:EB:FA:FF:FC,-48, WPA ,0.000000,0.000000,0.000,0.000,AP
2026-04-08 13:38:05,1900-01-00 00:00:00,1020-wombat,B8:27:EB:FA:FF:FC,-46, WPA ,0.000000,0.000000,0.000,0.000,AP
2026-04-08 13:38:05,1900-01-00 00:00:00,1020-wombat,B8:27:EB:FA:FF:FC,-47, WPA ,0.000000,0.000000,0.000,0.000,AP
2026-04-08 13:38:05,1900-01-00 00:00:00,1020-wombat,B8:27:EB:FA:FF:FC,-47, WPA ,0.000000,0.000000,0.000,0.000,AP
2026-04-08 13:38:05,1900-01-00 00:00:00,1020-wombat,B8:27:EB:FA:FF:FC,-48, WPA ,0.000000,0.000000,0.000,0.000,AP
2026-04-08 13:38:05,1900-01-00 00:00:00,1020-wombat,B8:27:EB:FA:FF:FC,-48, WPA ,0.000000,0.000000,0.000,0.000,AP
2026-04-08 13:38:05,1900-01-00 00:00:00,1020-wombat,B8:27:EB:FA:FF:FC,-48, WPA ,0.000000,0.000000,0.000,0.000,AP
2026-04-08 13:38:05,1900-01-00 00:00:00,1020-wombat,B8:27:EB:FA:FF:FC,-45, WPA ,0.000000,0.000000,0.000,0.000,AP
2026-04-08 13:38:05,1900-01-00 00:00:00,1020-wombat,B8:27:EB:FA:FF:FC,-48, WPA ,0.000000,0.000000,0.000,0.000,AP
2026-04-08 13:38:05,1900-01-00 00:00:00,1020-wombat,B8:27:EB:FA:FF:FC,-48, WPA ,0.000000,0.000000,0.000,0.000,AP
2026-04-08 13:38:05,1900-01-00 00:00:00,1020-wombat,B8:27:EB:FA:FF:FC,-51, WPA ,0.000000,0.000000,0.000,0.000,AP
2026-04-08 13:38:05,1900-01-00 00:00:00,1020-wombat,B8:27:EB:FA:FF:FC,-54, WPA ,0.000000,0.000000,0.000,0.000,AP
2026-04-08 13:38:05,1900-01-00 00:00:00,1020-wombat,B8:27:EB:FA:FF:FC,-48, WPA ,0.000000,0.000000,0.000,0.000,AP
2026-04-08 13:38:05,1900-01-00 00:00:00,1020-wombat,B8:27:EB:FA:FF:FC,-51, WPA ,0.000000,0.000000,0.000,0.000,AP
2026-04-08 13:38:05,1900-01-00 00:00:00,1020-wombat,B8:27:EB:FA:FF:FC,-52, WPA ,0.000000,0.000000,0.000,0.000,AP
2026-04-08 13:38:05,1900-01-00 00:00:00,1020-wombat,B8:27:EB:FA:FF:FC,-22, WPA ,0.000000,0.000000,0.000,0.000,AP
2026-04-08 13:38:05,1900-01-00 00:00:00,1020-wombat,B8:27:EB:FA:FF:FC,-21, WPA ,0.000000,0.000000,0.000,0.000,AP
2026-04-08 13:38:05,1900-01-00 00:00:00,1020-wombat,B8:27:EB:FA:FF:FC,-51, WPA ,0.000000,0.000000,0.000,0.000,AP
2026-04-08 13:38:05,1900-01-00 00:00:00,1020-wombat,B8:27:EB:FA:FF:FC,-21, WPA ,0.000000,0.000000,0.000,0.000,AP
2026-04-08 13:38:05,1900-01-00 00:00:00,1020-wombat,B8:27:EB:FA:FF:FC,-51, WPA ,0.000000,0.000000,0.000,0.000,AP
2026-04-08 13:38:05,1900-01-00 00:00:00,1020-wombat,B8:27:EB:FA:FF:FC,-23, WPA ,0.000000,0.000000,0.000,0.000,AP
2026-04-08 13:38:05,1900-01-00 00:00:00,1020-wombat,B8:27:EB:FA:FF:FC,-54, WPA ,0.000000,0.000000,0.000,0.000,AP
2026-04-08 13:38:05,1900-01-00 00:00:00,1020-wombat,B8:27:EB:FA:FF:FC,-53, WPA ,0.000000,0.000000,0.000,0.000,AP
2026-04-08 13:38:05,1900-01-00 00:00:00,1020-wombat,B8:27:EB:FA:FF:FC,-21, WPA ,0.000000,0.000000,0.000,0.000,AP
2026-04-08 13:38:05,1900-01-00 00:00:00,1020-wombat,B8:27:EB:FA:FF:FC,-53, WPA ,0.000000,0.000000,0.000,0.000,AP
2026-04-08 13:38:05,1900-01-00 00:00:00,1020-wombat,B8:27:EB:FA:FF:FC,-20, WPA ,0.000000,0.000000,0.000,0.000,AP
2026-04-08 13:38:05,1900-01-00 00:00:00,1020-wombat,B8:27:EB:FA:FF:FC,-50, WPA ,0.000000,0.000000,0.000,0.000,AP
2026-04-08 13:38:05,1900-01-00 00:00:00,1020-wombat,B8:27:EB:FA:FF:FC,-53, WPA ,0.000000,0.000000,0.000,0.000,AP
2026-04-08 13:38:05,1900-01-00 00:00:00,1020-wombat,B8:27:EB:FA:FF:FC,-21, WPA ,0.000000,0.000000,0.000,0.000,AP
2026-04-08 13:38:05,1900-01-00 00:00:00,1020-wombat,B8:27:EB:FA:FF:FC,-23, WPA ,0.000000,0.000000,0.000,0.000,AP
2026-04-08 13:38:05,1900-01-00 00:00:00,1020-wombat,B8:27:EB:FA:FF:FC,-53, WPA ,0.000000,0.000000,0.000,0.000,AP
2026-04-08 13:38:05,1900-01-00 00:00:00,1020-wombat,B8:27:EB:FA:FF:FC,-23, WPA ,0.000000,0.000000,0.000,0.000,AP
2026-04-08 13:38:05,1900-01-00 00:00:00,1020-wombat,B8:27:EB:FA:FF:FC,-53, WPA ,0.000000,0.000000,0.000,0.000,AP
2026-04-08 13:38:05,1900-01-00 00:00:00,1020-wombat,B8:27:EB:FA:FF:FC,-53, WPA ,0.000000,0.000000,0.000,0.000,AP
2026-04-08 13:38:05,1900-01-00 00:00:00,1020-wombat,B8:27:EB:FA:FF:FC,-53, WPA ,0.000000,0.000000,0.000,0.000,AP
2026-04-08 13:38:05,1900-01-00 00:00:00,1020-wombat,B8:27:EB:FA:FF:FC,-50, WPA ,0.000000,0.000000,0.000,0.000,AP
2026-04-08 13:38:05,1900-01-00 00:00:00,1020-wombat,B8:27:EB:FA:FF:FC,-50, WPA ,0.000000,0.000000,0.000,0.000,AP
2026-04-08 13:38:05,1900-01-00 00:00:00,1020-wombat,B8:27:EB:FA:FF:FC,-22, WPA ,0.000000,0.000000,0.000,0.000,AP
2026-04-08 13:38:05,1900-01-00 00:00:00,1020-wombat,B8:27:EB:FA:FF:FC,-50, WPA ,0.000000,0.000000,0.000,0.000,AP
2026-04-08 13:38:05,1900-01-00 00:00:00,1020-wombat,B8:27:EB:FA:FF:FC,-22, WPA ,0.000000,0.000000,0.000,0.000,AP
2026-04-08 13:38:05,1900-01-00 00:00:00,1020-wombat,B8:27:EB:FA:FF:FC,-22, WPA ,0.000000,0.000000,0.000,0.000,AP
2026-04-08 13:38:05,1900-01-00 00:00:00,1020-wombat,B8:27:EB:FA:FF:FC,-47, WPA ,0.000000,0.000000,0.000,0.000,AP
2026-04-08 13:38:05,1900-01-00 00:00:00,1020-wombat,B8:27:EB:FA:FF:FC,-52, WPA ,0.000000,0.000000,0.000,0.000,AP
2026-04-08 13:38:05,1900-01-00 00:00:00,1020-wombat,B8:27:EB:FA:FF:FC,-47, WPA ,0.000000,0.000000,0.000,0.000,AP
2026-04-08 13:38:05,1900-01-00 00:00:00,1020-wombat,B8:27:EB:FA:FF:FC,-48, WPA ,0.000000,0.000000,0.000,0.000,AP
2026-04-08 13:38:05,1900-01-00 00:00:00,1020-wombat,B8:27:EB:FA:FF:FC,-48, WPA ,0.000000,0.000000,0.000,0.000,AP
2026-04-08 13:38:05,1900-01-00 00:00:00,1020-wombat,B8:27:EB:FA:FF:FC,-48, WPA ,0.000000,0.000000,0.000,0.000,AP
2026-04-08 13:38:05,1900-01-00 00:00:00,1020-wombat,B8:27:EB:FA:FF:FC,-53, WPA ,0.000000,0.000000,0.000,0.000,AP
2026-04-08 13:38:05,1900-01-00 00:00:00,1020-wombat,B8:27:EB:FA:FF:FC,-54, WPA ,0.000000,0.000000,0.000,0.000,AP
2026-04-08 13:38:05,1900-01-00 00:00:00,1020-wombat,B8:27:EB:FA:FF:FC,-54, WPA ,0.000000,0.000000,0.000,0.000,AP
2026-04-08 13:38:05,1900-01-00 00:00:00,1020-wombat,B8:27:EB:FA:FF:FC,-54, WPA ,0.000000,0.000000,0.000,0.000,AP
2026-04-08 13:38:05,1900-01-00 00:00:00,1020-wombat,B8:27:EB:FA:FF:FC,-48, WPA ,0.000000,0.000000,0.000,0.000,AP
2026-04-08 13:38:05,1900-01-00 00:00:00,1020-wombat,B8:27:EB:FA:FF:FC,-57, WPA ,0.000000,0.000000,0.000,0.000,AP
2026-04-08 13:38:05,1900-01-00 00:00:00,1020-wombat,B8:27:EB:FA:FF:FC,-57, WPA ,0.000000,0.000000,0.000,0.000,AP
2026-04-08 13:38:05,1900-01-00 00:00:00,1020-wombat,B8:27:EB:FA:FF:FC,-57, WPA ,0.000000,0.000000,0.000,0.000,AP
2026-04-08 13:38:05,1900-01-00 00:00:00,1020-wombat,B8:27:EB:FA:FF:FC,-57, WPA ,0.000000,0.000000,0.000,0.000,AP
2026-04-08 13:38:05,1900-01-00 00:00:00,1020-wombat,B8:27:EB:FA:FF:FC,-57, WPA ,0.000000,0.000000,0.000,0.000,AP
2026-04-08 13:38:05,1900-01-00 00:00:00,1020-wombat,B8:27:EB:FA:FF:FC,-57, WPA ,0.000000,0.000000,0.000,0.000,AP
2026-04-08 13:38:05,1900-01-00 00:00:00,1020-wombat,B8:27:EB:FA:FF:FC,-57, WPA ,0.000000,0.000000,0.000,0.000,AP
2026-04-08 13:38:05,1900-01-00 00:00:00,1020-wombat,B8:27:EB:FA:FF:FC,-57, WPA ,0.000000,0.000000,0.000,0.000,AP
2026-04-08 13:38:05,1900-01-00 00:00:00,1020-wombat,B8:27:EB:FA:FF:FC,-57, WPA ,0.000000,0.000000,0.000,0.000,AP
2026-04-08 13:38:05,1900-01-00 00:00:00,1020-wombat,B8:27:EB:FA:FF:FC,-54, WPA ,0.000000,0.000000,0.000,0.000,AP
2026-04-08 13:38:05,1900-01-00 00:00:00,1020-wombat,B8:27:EB:FA:FF:FC,-57, WPA ,0.000000,0.000000,0.000,0.000,AP
2026-04-08 13:38:05,1900-01-00 00:00:00,1020-wombat,B8:27:EB:FA:FF:FC,-58, WPA ,0.000000,0.000000,0.000,0.000,AP
2026-04-08 13:38:05,1900-01-00 00:00:00,1020-wombat,B8:27:EB:FA:FF:FC,-58, WPA ,0.000000,0.000000,0.000,0.000,AP
2026-04-08 13:38:05,1900-01-00 00:00:00,1020-wombat,B8:27:EB:FA:FF:FC,-42, WPA ,0.000000,0.000000,0.000,0.000,AP
2026-04-08 13:38:05,1900-01-00 00:00:00,1020-wombat,B8:27:EB:FA:FF:FC,-42, WPA ,0.000000,0.000000,0.000,0.000,AP
2026-04-08 13:38:05,1900-01-00 00:00:00,1020-wombat,B8:27:EB:FA:FF:FC,-45, WPA ,0.000000,0.000000,0.000,0.000,AP
2026-04-08 13:38:05,1900-01-00 00:00:00,1020-wombat,B8:27:EB:FA:FF:FC,-52, WPA ,0.000000,0.000000,0.000,0.000,AP
2026-04-08 13:38:05,1900-01-00 00:00:00,1020-wombat,B8:27:EB:FA:FF:FC,-48, WPA ,0.000000,0.000000,0.000,0.000,AP
2026-04-08 13:38:05,1900-01-00 00:00:00,1020-wombat,B8:27:EB:FA:FF:FC,-57, WPA ,0.000000,0.000000,0.000,0.000,AP
2026-04-08 13:38:05,1900-01-00 00:00:00,1020-wombat,B8:27:EB:FA:FF:FC,-57, WPA ,0.000000,0.000000,0.000,0.000,AP
2026-04-08 13:38:05,1900-01-00 00:00:00,1020-wombat,B8:27:EB:FA:FF:FC,-56, WPA ,0.000000,0.000000,0.000,0.000,AP
2026-04-08 13:38:05,1900-01-00 00:00:00,1020-wombat,B8:27:EB:FA:FF:FC,-42, WPA ,0.000000,0.000000,0.000,0.000,AP
2026-04-08 13:38:05,1900-01-00 00:00:00,1020-wombat,B8:27:EB:FA:FF:FC,-47, WPA ,0.000000,0.000000,0.000,0.000,AP
2026-04-08 13:38:05,1900-01-00 00:00:00,1020-wombat,B8:27:EB:FA:FF:FC,-57, WPA ,0.000000,0.000000,0.000,0.000,AP
2026-04-08 13:38:05,1900-01-00 00:00:00,1020-wombat,B8:27:EB:FA:FF:FC,-55, WPA ,0.000000,0.000000,0.000,0.000,AP
2026-04-08 13:38:05,1900-01-00 00:00:00,1020-wombat,B8:27:EB:FA:FF:FC,-55, WPA ,0.000000,0.000000,0.000,0.000,AP
2026-04-08 13:38:05,1900-01-00 00:00:00,1020-wombat,B8:27:EB:FA:FF:FC,-55, WPA ,0.000000,0.000000,0.000,0.000,AP
2026-04-08 13:38:05,1900-01-00 00:00:00,1020-wombat,B8:27:EB:FA:FF:FC,-57, WPA ,0.000000,0.000000,0.000,0.000,AP
2026-04-08 13:38:05,1900-01-00 00:00:00,1020-wombat,B8:27:EB:FA:FF:FC,-45, WPA ,0.000000,0.000000,0.000,0.000,AP
2026-04-08 13:38:05,1900-01-00 00:00:00,1020-wombat,B8:27:EB:FA:FF:FC,-61, WPA ,0.000000,0.000000,0.000,0.000,AP
2026-04-08 13:38:05,1900-01-00 00:00:00,1020-wombat,B8:27:EB:FA:FF:FC,-45, WPA ,0.000000,0.000000,0.000,0.000,AP
2026-04-08 13:38:05,1900-01-00 00:00:00,1020-wombat,B8:27:EB:FA:FF:FC,-45, WPA ,0.000000,0.000000,0.000,0.000,AP
2026-04-08 13:38:05,1900-01-00 00:00:00,1020-wombat,B8:27:EB:FA:FF:FC,-45, WPA ,0.000000,0.000000,0.000,0.000,AP
2026-04-08 13:38:05,1900-01-00 00:00:00,1020-wombat,B8:27:EB:FA:FF:FC,-46, WPA ,0.000000,0.000000,0.000,0.000,AP
2026-04-08 13:38:05,1900-01-00 00:00:00,1020-wombat,B8:27:EB:FA:FF:FC,-46, WPA ,0.000000,0.000000,0.000,0.000,AP
2026-04-08 13:38:05,1900-01-00 00:00:00,1020-wombat,B8:27:EB:FA:FF:FC,-46, WPA ,0.000000,0.000000,0.000,0.000,AP
2026-04-08 13:38:05,1900-01-00 00:00:00,1020-wombat,B8:27:EB:FA:FF:FC,-48, WPA ,0.000000,0.000000,0.000,0.000,AP
2026-04-08 13:38:05,1900-01-00 00:00:00,1020-wombat,B8:27:EB:FA:FF:FC,-48, WPA ,0.000000,0.000000,0.000,0.000,AP
2026-04-08 13:38:05,1900-01-00 00:00:00,1020-wombat,B8:27:EB:FA:FF:FC,-56, WPA ,0.000000,0.000000,0.000,0.000,AP
2026-04-08 13:38:05,1900-01-00 00:00:00,1020-wombat,B8:27:EB:FA:FF:FC,-56, WPA ,0.000000,0.000000,0.000,0.000,AP
2026-04-08 13:38:05,1900-01-00 00:00:00,1020-wombat,B8:27:EB:FA:FF:FC,-56, WPA ,0.000000,0.000000,0.000,0.000,AP
2026-04-08 13:38:05,1900-01-00 00:00:00,1020-wombat,B8:27:EB:FA:FF:FC,-47, WPA ,0.000000,0.000000,0.000,0.000,AP
2026-04-08 13:38:05,1900-01-00 00:00:00,1020-wombat,B8:27:EB:FA:FF:FC,-47, WPA ,0.000000,0.000000,0.000,0.000,AP
2026-04-08 13:38:05,1900-01-00 00:00:00,1020-wombat,B8:27:EB:FA:FF:FC,-56, WPA ,0.000000,0.000000,0.000,0.000,AP
2026-04-08 13:38:05,1900-01-00 00:00:00,1020-wombat,B8:27:EB:FA:FF:FC,-46, WPA ,0.000000,0.000000,0.000,0.000,AP
2026-04-08 13:38:05,1900-01-00 00:00:00,1020-wombat,B8:27:EB:FA:FF:FC,-46, WPA ,0.000000,0.000000,0.000,0.000,AP
2026-04-08 13:38:05,1900-01-00 00:00:00,1020-wombat,B8:27:EB:FA:FF:FC,-45, WPA ,0.000000,0.000000,0.000,0.000,AP
2026-04-08 13:38:05,1900-01-00 00:00:00,1020-wombat,B8:27:EB:FA:FF:FC,-47, WPA ,0.000000,0.000000,0.000,0.000,AP
2026-04-08 13:38:05,1900-01-00 00:00:00,1020-wombat,B8:27:EB:FA:FF:FC,-47, WPA ,0.000000,0.000000,0.000,0.000,AP
2026-04-08 13:38:05,1900-01-00 00:00:00,1020-wombat,B8:27:EB:FA:FF:FC,-45, WPA ,0.000000,0.000000,0.000,0.000,AP
2026-04-08 13:38:05,1900-01-00 00:00:00,1020-wombat,B8:27:EB:FA:FF:FC,-61, WPA ,0.000000,0.000000,0.000,0.000,AP
2026-04-08 13:38:05,1900-01-00 00:00:00,1020-wombat,B8:27:EB:FA:FF:FC,-47, WPA ,0.000000,0.000000,0.000,0.000,AP
2026-04-08 13:38:05,1900-01-00 00:00:00,1020-wombat,B8:27:EB:FA:FF:FC,-45, WPA ,0.000000,0.000000,0.000,0.000,AP
2026-04-08 13:38:05,1900-01-00 00:00:00,1020-wombat,B8:27:EB:FA:FF:FC,-56, WPA ,0.000000,0.000000,0.000,0.000,AP
2026-04-08 13:38:05,1900-01-00 00:00:00,1020-wombat,B8:27:EB:FA:FF:FC,-57, WPA ,0.000000,0.000000,0.000,0.000,AP
2026-04-08 13:38:05,1900-01-00 00:00:00,1020-wombat,B8:27:EB:FA:FF:FC,-47, WPA ,0.000000,0.000000,0.000,0.000,AP
2026-04-08 13:38:05,1900-01-00 00:00:00,1020-wombat,B8:27:EB:FA:FF:FC,-48, WPA ,0.000000,0.000000,0.000,0.000,AP
2026-04-08 13:38:05,1900-01-00 00:00:00,1020-wombat,B8:27:EB:FA:FF:FC,-53, WPA ,0.000000,0.000000,0.000,0.000,AP
2026-04-08 13:38:05,1900-01-00 00:00:00,1020-wombat,B8:27:EB:FA:FF:FC,-53, WPA ,0.000000,0.000000,0.000,0.000,AP
2026-04-08 13:38:05,1900-01-00 00:00:00,1020-wombat,B8:27:EB:FA:FF:FC,-52, WPA ,0.000000,0.000000,0.000,0.000,AP
2026-04-08 13:38:05,1900-01-00 00:00:00,1020-wombat,B8:27:EB:FA:FF:FC,-54, WPA ,0.000000,0.000000,0.000,0.000,AP
2026-04-08 13:38:05,1900-01-00 00:00:00,1020-wombat,B8:27:EB:FA:FF:FC,-54, WPA ,0.000000,0.000000,0.000,0.000,AP
2026-04-08 13:38:05,1900-01-00 00:00:00,1020-wombat,B8:27:EB:FA:FF:FC,-45, WPA ,0.000000,0.000000,0.000,0.000,AP
2026-04-08 13:38:05,1900-01-00 00:00:00,1020-wombat,B8:27:EB:FA:FF:FC,-47, WPA ,0.000000,0.000000,0.000,0.000,AP
2026-04-08 13:38:05,1900-01-00 00:00:00,1020-wombat,B8:27:EB:FA:FF:FC,-47, WPA ,0.000000,0.000000,0.000,0.000,AP
2026-04-08 13:38:05,1900-01-00 00:00:00,1020-wombat,B8:27:EB:FA:FF:FC,-49, WPA ,0.000000,0.000000,0.000,0.000,AP
2026-04-08 13:38:05,1900-01-00 00:00:00,1020-wombat,B8:27:EB:FA:FF:FC,-47, WPA ,0.000000,0.000000,0.000,0.000,AP
2026-04-08 13:38:05,1900-01-00 00:00:00,1020-wombat,B8:27:EB:FA:FF:FC,-47, WPA ,0.000000,0.000000,0.000,0.000,AP
2026-04-08 13:38:05,1900-01-00 00:00:00,1020-wombat,B8:27:EB:FA:FF:FC,-46, WPA ,0.000000,0.000000,0.000,0.000,AP
2026-04-08 13:38:05,1900-01-00 00:00:00,1020-wombat,B8:27:EB:FA:FF:FC,-46, WPA ,0.000000,0.000000,0.000,0.000,AP
2026-04-08 13:38:05,1900-01-00 00:00:00,1020-wombat,B8:27:EB:FA:FF:FC,-49, WPA ,0.000000,0.000000,0.000,0.000,AP
2026-04-08 13:38:05,1900-01-00 00:00:00,1020-wombat,B8:27:EB:FA:FF:FC,-45, WPA ,0.000000,0.000000,0.000,0.000,AP
2026-04-08 13:38:05,1900-01-00 00:00:00,1020-wombat,B8:27:EB:FA:FF:FC,-48, WPA ,0.000000,0.000000,0.000,0.000,AP
2026-04-08 13:38:05,1900-01-00 00:00:00,1020-wombat,B8:27:EB:FA:FF:FC,-48, WPA ,0.000000,0.000000,0.000,0.000,AP
2026-04-08 13:38:05,1900-01-00 00:00:00,1020-wombat,B8:27:EB:FA:FF:FC,-58, WPA ,0.000000,0.000000,0.000,0.000,AP
2026-04-08 13:38:05,1900-01-00 00:00:00,1020-wombat,B8:27:EB:FA:FF:FC,-50, WPA ,0.000000,0.000000,0.000,0.000,AP
2026-04-08 13:38:05,1900-01-00 00:00:00,1020-wombat,B8:27:EB:FA:FF:FC,-45, WPA ,0.000000,0.000000,0.000,0.000,AP
2026-04-08 13:38:05,1900-01-00 00:00:00,1020-wombat,B8:27:EB:FA:FF:FC,-59, WPA ,0.000000,0.000000,0.000,0.000,AP
2026-04-08 13:38:05,1900-01-00 00:00:00,1020-wombat,B8:27:EB:FA:FF:FC,-46, WPA ,0.000000,0.000000,0.000,0.000,AP
2026-04-08 13:38:05,1900-01-00 00:00:00,1020-wombat,B8:27:EB:FA:FF:FC,-50, WPA ,0.000000,0.000000,0.000,0.000,AP
2026-04-08 13:38:05,1900-01-00 00:00:00,1020-wombat,B8:27:EB:FA:FF:FC,-50, WPA ,0.000000,0.000000,0.000,0.000,AP
2026-04-08 13:38:05,1900-01-00 00:00:00,1020-wombat,B8:27:EB:FA:FF:FC,-45, WPA ,0.000000,0.000000,0.000,0.000,AP
2026-04-08 13:38:05,1900-01-00 00:00:00,1020-wombat,B8:27:EB:FA:FF:FC,-45, WPA ,0.000000,0.000000,0.000,0.000,AP
2026-04-08 13:38:05,1900-01-00 00:00:00,1020-wombat,B8:27:EB:FA:FF:FC,-45, WPA ,0.000000,0.000000,0.000,0.000,AP
2026-04-08 13:38:05,1900-01-00 00:00:00,1020-wombat,B8:27:EB:FA:FF:FC,-49, WPA ,0.000000,0.000000,0.000,0.000,AP
2026-04-08 13:38:05,1900-01-00 00:00:00,1020-wombat,B8:27:EB:FA:FF:FC,-43, WPA ,0.000000,0.000000,0.000,0.000,AP
2026-04-08 13:38:05,1900-01-00 00:00:00,1020-wombat,B8:27:EB:FA:FF:FC,-49, WPA ,0.000000,0.000000,0.000,0.000,AP
2026-04-08 13:38:05,1900-01-00 00:00:00,1020-wombat,B8:27:EB:FA:FF:FC,-49, WPA ,0.000000,0.000000,0.000,0.000,AP
2026-04-08 13:38:05,1900-01-00 00:00:00,1020-wombat,B8:27:EB:FA:FF:FC,-49, WPA ,0.000000,0.000000,0.000,0.000,AP
2026-04-08 13:38:05,1900-01-00 00:00:00,1020-wombat,B8:27:EB:FA:FF:FC,-49, WPA ,0.000000,0.000000,0.000,0.000,AP
2026-04-08 13:38:05,1900-01-00 00:00:00,1020-wombat,B8:27:EB:FA:FF:FC,-49, WPA ,0.000000,0.000000,0.000,0.000,AP
2026-04-08 13:38:05,1900-01-00 00:00:00,1020-wombat,B8:27:EB:FA:FF:FC,-49, WPA ,0.000000,0.000000,0.000,0.000,AP
2026-04-08 13:38:05,1900-01-00 00:00:00,1020-wombat,B8:27:EB:FA:FF:FC,-49, WPA ,0.000000,0.000000,0.000,0.000,AP
2026-04-08 13:38:05,1900-01-00 00:00:00,1020-wombat,B8:27:EB:FA:FF:FC,-54, WPA ,0.000000,0.000000,0.000,0.000,AP
2026-04-08 13:38:05,1900-01-00 00:00:00,1020-wombat,B8:27:EB:FA:FF:FC,-59, WPA ,0.000000,0.000000,0.000,0.000,AP
2026-04-08 13:38:05,1900-01-00 00:00:00,1020-wombat,B8:27:EB:FA:FF:FC,-60, WPA ,0.000000,0.000000,0.000,0.000,AP
2026-04-08 13:38:05,1900-01-00 00:00:00,1020-wombat,B8:27:EB:FA:FF:FC,-60, WPA ,0.000000,0.000000,0.000,0.000,AP
2026-04-08 13:38:05,1900-01-00 00:00:00,1020-wombat,B8:27:EB:FA:FF:FC,-60, WPA ,0.000000,0.000000,0.000,0.000,AP
2026-04-08 13:38:05,1900-01-00 00:00:00,1020-wombat,B8:27:EB:FA:FF:FC,-60, WPA ,0.000000,0.000000,0.000,0.000,AP
2026-04-08 13:38:05,1900-01-00 00:00:00,1020-wombat,B8:27:EB:FA:FF:FC,-60, WPA ,0.000000,0.000000,0.000,0.000,AP
2026-04-08 13:38:05,1900-01-00 00:00:00,1020-wombat,B8:27:EB:FA:FF:FC,-60, WPA ,0.000000,0.000000,0.000,0.000,AP
2026-04-08 13:38:05,1900-01-00 00:00:00,1020-wombat,B8:27:EB:FA:FF:FC,-60, WPA ,0.000000,0.000000,0.000,0.000,AP
2026-04-08 13:38:05,1900-01-00 00:00:00,1020-wombat,B8:27:EB:FA:FF:FC,-60, WPA ,0.000000,0.000000,0.000,0.000,AP
2026-04-08 13:38:05,1900-01-00 00:00:00,1020-wombat,B8:27:EB:FA:FF:FC,-60, WPA ,0.000000,0.000000,0.000,0.000,AP
2026-04-08 13:38:05,1900-01-00 00:00:00,1020-wombat,B8:27:EB:FA:FF:FC,-60, WPA ,0.000000,0.000000,0.000,0.000,AP
2026-04-08 13:38:05,1900-01-00 00:00:00,1020-wombat,B8:27:EB:FA:FF:FC,-60, WPA ,0.000000,0.000000,0.000,0.000,AP
2026-04-08 13:38:05,1900-01-00 00:00:00,1020-wombat,B8:27:EB:FA:FF:FC,-60, WPA ,0.000000,0.000000,0.000,0.000,AP
2026-04-08 13:38:05,1900-01-00 00:00:00,1020-wombat,B8:27:EB:FA:FF:FC,-60, WPA ,0.000000,0.000000,0.000,0.000,AP
2026-04-08 13:38:05,1900-01-00 00:00:00,1020-wombat,B8:27:EB:FA:FF:FC,-48, WPA ,0.000000,0.000000,0.000,0.000,AP
2026-04-08 13:38:05,1900-01-00 00:00:00,1020-wombat,B8:27:EB:FA:FF:FC,-49, WPA ,0.000000,0.000000,0.000,0.000,AP
2026-04-08 13:38:05,1900-01-00 00:00:00,1020-wombat,B8:27:EB:FA:FF:FC,-49, WPA ,0.000000,0.000000,0.000,0.000,AP
2026-04-08 13:38:05,1900-01-00 00:00:00,1020-wombat,B8:27:EB:FA:FF:FC,-49, WPA ,0.000000,0.000000,0.000,0.000,AP
2026-04-08 13:38:05,1900-01-00 00:00:00,1020-wombat,B8:27:EB:FA:FF:FC,-49, WPA ,0.000000,0.000000,0.000,0.000,AP
2026-04-08 13:38:05,1900-01-00 00:00:00,1020-wombat,B8:27:EB:FA:FF:FC,-49, WPA ,0.000000,0.000000,0.000,0.000,AP
2026-04-08 13:38:05,1900-01-00 00:00:00,1020-wombat,B8:27:EB:FA:FF:FC,-49, WPA ,0.000000,0.000000,0.000,0.000,AP
2026-04-08 13:38:05,1900-01-00 00:00:00,1020-wombat,B8:27:EB:FA:FF:FC,-53, WPA ,0.000000,0.000000,0.000,0.000,AP
2026-04-08 13:38:05,1900-01-00 00:00:00,1020-wombat,B8:27:EB:FA:FF:FC,-53, WPA ,0.000000,0.000000,0.000,0.000,AP
2026-04-08 13:38:05,1900-01-00 00:00:00,1020-wombat,B8:27:EB:FA:FF:FC,-48, WPA ,0.000000,0.000000,0.000,0.000,AP
2026-04-08 13:38:05,1900-01-00 00:00:00,1020-wombat,B8:27:EB:FA:FF:FC,-48, WPA ,0.000000,0.000000,0.000,0.000,AP
2026-04-08 13:38:05,1900-01-00 00:00:00,1020-wombat,B8:27:EB:FA:FF:FC,-48, WPA ,0.000000,0.000000,0.000,0.000,AP
2026-04-08 13:38:05,1900-01-00 00:00:00,1020-wombat,B8:27:EB:FA:FF:FC,-48, WPA ,0.000000,0.000000,0.000,0.000,AP
2026-04-08 13:38:05,1900-01-00 00:00:00,1020-wombat,B8:27:EB:FA:FF:FC,-48, WPA ,0.000000,0.000000,0.000,0.000,AP
2026-04-08 13:38:05,1900-01-00 00:00:00,1020-wombat,B8:27:EB:FA:FF:FC,-48, WPA ,0.000000,0.000000,0.000,0.000,AP
2026-04-08 13:38:05,1900-01-00 00:00:00,1020-wombat,B8:27:EB:FA:FF:FC,-48, WPA ,0.000000,0.000000,0.000,0.000,AP
2026-04-08 13:38:05,1900-01-00 00:00:00,1020-wombat,B8:27:EB:FA:FF:FC,-48, WPA ,0.000000,0.000000,0.000,0.000,AP
2026-04-08 13:38:05,1900-01-00 00:00:00,1020-wombat,B8:27:EB:FA:FF:FC,-48, WPA ,0.000000,0.000000,0.000,0.000,AP
2026-04-08 13:38:05,1900-01-00 00:00:00,1020-wombat,B8:27:EB:FA:FF:FC,-48, WPA ,0.000000,0.000000,0.000,0.000,AP
2026-04-08 13:38:05,1900-01-00 00:00:00,1020-wombat,B8:27:EB:FA:FF:FC,-48, WPA ,0.000000,0.000000,0.000,0.000,AP
2026-04-08 13:38:05,1900-01-00 00:00:00,1020-wombat,B8:27:EB:FA:FF:FC,-48, WPA ,0.000000,0.000000,0.000,0.000,AP
2026-04-08 13:38:05,1900-01-00 00:00:00,1020-wombat,B8:27:EB:FA:FF:FC,-48, WPA ,0.000000,0.000000,0.000,0.000,AP
2026-04-08 13:38:05,1900-01-00 00:00:00,1020-wombat,B8:27:EB:FA:FF:FC,-48, WPA ,0.000000,0.000000,0.000,0.000,AP
2026-04-08 13:38:05,1900-01-00 00:00:00,1020-wombat,B8:27:EB:FA:FF:FC,-48, WPA ,0.000000,0.000000,0.000,0.000,AP
2026-04-08 13:38:05,1900-01-00 00:00:00,1020-wombat,B8:27:EB:FA:FF:FC,-48, WPA ,0.000000,0.000000,0.000,0.000,AP
2026-04-08 13:38:06,1900-01-00 00:00:00,1020-wombat,B8:27:EB:FA:FF:FC,-49, WPA ,0.000000,0.000000,0.000,0.000,AP
2026-04-08 13:38:06,1900-01-00 00:00:00,1020-wombat,B8:27:EB:FA:FF:FC,-48, WPA ,0.000000,0.000000,0.000,0.000,AP
2026-04-08 13:38:06,1900-01-00 00:00:00,1020-wombat,B8:27:EB:FA:FF:FC,-48, WPA ,0.000000,0.000000,0.000,0.000,AP
2026-04-08 13:38:06,1900-01-00 00:00:00,1020-wombat,B8:27:EB:FA:FF:FC,-48, WPA ,0.000000,0.000000,0.000,0.000,AP
2026-04-08 13:38:06,1900-01-00 00:00:00,1020-wombat,B8:27:EB:FA:FF:FC,-48, WPA ,0.000000,0.000000,0.000,0.000,AP
2026-04-08 13:38:06,1900-01-00 00:00:00,1020-wombat,B8:27:EB:FA:FF:FC,-47, WPA ,0.000000,0.000000,0.000,0.000,AP
2026-04-08 13:38:06,1900-01-00 00:00:00,1020-wombat,B8:27:EB:FA:FF:FC,-48, WPA ,0.000000,0.000000,0.000,0.000,AP
2026-04-08 13:38:06,1900-01-00 00:00:00,1020-wombat,B8:27:EB:FA:FF:FC,-46, WPA ,0.000000,0.000000,0.000,0.000,AP
2026-04-08 13:38:06,1900-01-00 00:00:00,1020-wombat,B8:27:EB:FA:FF:FC,-46, WPA ,0.000000,0.000000,0.000,0.000,AP
2026-04-08 13:38:07,1900-01-00 00:00:00,1020-wombat,B8:27:EB:FA:FF:FC,-48, WPA ,0.000000,0.000000,0.000,0.000,AP
2026-04-08 13:38:07,1900-01-00 00:00:00,1020-wombat,B8:27:EB:FA:FF:FC,-47, WPA ,0.000000,0.000000,0.000,0.000,AP
2026-04-08 13:38:07,1900-01-00 00:00:00,1020-wombat,B8:27:EB:FA:FF:FC,-47, WPA ,0.000000,0.000000,0.000,0.000,AP
2026-04-08 13:38:07,1900-01-00 00:00:00,1020-wombat,B8:27:EB:FA:FF:FC,-47, WPA ,0.000000,0.000000,0.000,0.000,AP
2026-04-08 13:38:07,1900-01-00 00:00:00,1020-wombat,B8:27:EB:FA:FF:FC,-46, WPA ,0.000000,0.000000,0.000,0.000,AP
2026-04-08 13:38:07,1900-01-00 00:00:00,1020-wombat,B8:27:EB:FA:FF:FC,-47, WPA ,0.000000,0.000000,0.000,0.000,AP
2026-04-08 13:38:07,1900-01-00 00:00:00,1020-wombat,B8:27:EB:FA:FF:FC,-47, WPA ,0.000000,0.000000,0.000,0.000,AP
2026-04-08 13:38:07,1900-01-00 00:00:00,1020-wombat,B8:27:EB:FA:FF:FC,-47, WPA ,0.000000,0.000000,0.000,0.000,AP
2026-04-08 13:38:07,1900-01-00 00:00:00,1020-wombat,B8:27:EB:FA:FF:FC,-47, WPA ,0.000000,0.000000,0.000,0.000,AP
2026-04-08 13:38:08,1900-01-00 00:00:00,1020-wombat,B8:27:EB:FA:FF:FC,-47, WPA ,0.000000,0.000000,0.000,0.000,AP
2026-04-08 13:38:08,1900-01-00 00:00:00,1020-wombat,B8:27:EB:FA:FF:FC,-47, WPA ,0.000000,0.000000,0.000,0.000,AP
2026-04-08 13:38:08,1900-01-00 00:00:00,1020-wombat,B8:27:EB:FA:FF:FC,-47, WPA ,0.000000,0.000000,0.000,0.000,AP
2026-04-08 13:38:08,1900-01-00 00:00:00,1020-wombat,B8:27:EB:FA:FF:FC,-47, WPA ,0.000000,0.000000,0.000,0.000,AP
2026-04-08 13:38:08,1900-01-00 00:00:00,1020-wombat,B8:27:EB:FA:FF:FC,-48, WPA ,0.000000,0.000000,0.000,0.000,AP
2026-04-08 13:38:08,1900-01-00 00:00:00,1020-wombat,B8:27:EB:FA:FF:FC,-47, WPA ,0.000000,0.000000,0.000,0.000,AP
2026-04-08 13:38:08,1900-01-00 00:00:00,1020-wombat,B8:27:EB:FA:FF:FC,-47, WPA ,0.000000,0.000000,0.000,0.000,AP
2026-04-08 13:38:08,1900-01-00 00:00:00,1020-wombat,B8:27:EB:FA:FF:FC,-47, WPA ,0.000000,0.000000,0.000,0.000,AP
2026-04-08 13:38:08,1900-01-00 00:00:00,1020-wombat,B8:27:EB:FA:FF:FC,-47, WPA ,0.000000,0.000000,0.000,0.000,AP
2026-04-08 13:38:08,1900-01-00 00:00:00,1020-wombat,B8:27:EB:FA:FF:FC,-47, WPA ,0.000000,0.000000,0.000,0.000,AP
2026-04-08 13:38:09,1900-01-00 00:00:00,1020-wombat,B8:27:EB:FA:FF:FC,-47, WPA ,0.000000,0.000000,0.000,0.000,AP
2026-04-08 13:38:09,1900-01-00 00:00:00,1020-wombat,B8:27:EB:FA:FF:FC,-47, WPA ,0.000000,0.000000,0.000,0.000,AP
2026-04-08 13:38:09,1900-01-00 00:00:00,1020-wombat,B8:27:EB:FA:FF:FC,-47, WPA ,0.000000,0.000000,0.000,0.000,AP
2026-04-08 13:38:09,1900-01-00 00:00:00,1020-wombat,B8:27:EB:FA:FF:FC,-47, WPA ,0.000000,0.000000,0.000,0.000,AP
2026-04-08 13:38:09,1900-01-00 00:00:00,1020-wombat,B8:27:EB:FA:FF:FC,-47, WPA ,0.000000,0.000000,0.000,0.000,AP
2026-04-08 13:38:09,1900-01-00 00:00:00,1020-wombat,B8:27:EB:FA:FF:FC,-47, WPA ,0.000000,0.000000,0.000,0.000,AP
2026-04-08 13:38:09,1900-01-00 00:00:00,1020-wombat,B8:27:EB:FA:FF:FC,-46, WPA ,0.000000,0.000000,0.000,0.000,AP
2026-04-08 13:38:09,1900-01-00 00:00:00,1020-wombat,B8:27:EB:FA:FF:FC,-47, WPA ,0.000000,0.000000,0.000,0.000,AP
2026-04-08 13:38:09,1900-01-00 00:00:00,1020-wombat,B8:27:EB:FA:FF:FC,-46, WPA ,0.000000,0.000000,0.000,0.000,AP
2026-04-08 13:38:09,1900-01-00 00:00:00,1020-wombat,B8:27:EB:FA:FF:FC,-47, WPA ,0.000000,0.000000,0.000,0.000,AP
2026-04-08 13:38:10,1900-01-00 00:00:00,1020-wombat,B8:27:EB:FA:FF:FC,-47, WPA ,0.000000,0.000000,0.000,0.000,AP
2026-04-08 13:38:10,1900-01-00 00:00:00,1020-wombat,B8:27:EB:FA:FF:FC,-47, WPA ,0.000000,0.000000,0.000,0.000,AP
2026-04-08 13:38:10,1900-01-00 00:00:00,1020-wombat,B8:27:EB:FA:FF:FC,-47, WPA ,0.000000,0.000000,0.000,0.000,AP
2026-04-08 13:38:10,1900-01-00 00:00:00,1020-wombat,B8:27:EB:FA:FF:FC,-47, WPA ,0.000000,0.000000,0.000,0.000,AP
2026-04-08 13:38:10,1900-01-00 00:00:00,1020-wombat,B8:27:EB:FA:FF:FC,-46, WPA ,0.000000,0.000000,0.000,0.000,AP
2026-04-08 13:38:10,1900-01-00 00:00:00,1020-wombat,B8:27:EB:FA:FF:FC,-47, WPA ,0.000000,0.000000,0.000,0.000,AP
2026-04-08 13:38:10,1900-01-00 00:00:00,1020-wombat,B8:27:EB:FA:FF:FC,-47, WPA ,0.000000,0.000000,0.000,0.000,AP
2026-04-08 13:38:10,1900-01-00 00:00:00,1020-wombat,B8:27:EB:FA:FF:FC,-48, WPA ,0.000000,0.000000,0.000,0.000,AP
2026-04-08 13:38:10,1900-01-00 00:00:00,1020-wombat,B8:27:EB:FA:FF:FC,-48, WPA ,0.000000,0.000000,0.000,0.000,AP
2026-04-08 13:38:11,1900-01-00 00:00:00,1020-wombat,B8:27:EB:FA:FF:FC,-49, WPA ,0.000000,0.000000,0.000,0.000,AP
2026-04-08 13:38:11,1900-01-00 00:00:00,1020-wombat,B8:27:EB:FA:FF:FC,-48, WPA ,0.000000,0.000000,0.000,0.000,AP
2026-04-08 13:38:11,1900-01-00 00:00:00,1020-wombat,B8:27:EB:FA:FF:FC,-48, WPA ,0.000000,0.000000,0.000,0.000,AP
2026-04-08 13:38:11,1900-01-00 00:00:00,1020-wombat,B8:27:EB:FA:FF:FC,-48, WPA ,0.000000,0.000000,0.000,0.000,AP
2026-04-08 13:38:11,1900-01-00 00:00:00,1020-wombat,B8:27:EB:FA:FF:FC,-48, WPA ,0.000000,0.000000,0.000,0.000,AP
2026-04-08 13:38:11,1900-01-00 00:00:00,1020-wombat,B8:27:EB:FA:FF:FC,-47, WPA ,0.000000,0.000000,0.000,0.000,AP
2026-04-08 13:38:11,1900-01-00 00:00:00,1020-wombat,B8:27:EB:FA:FF:FC,-47, WPA ,0.000000,0.000000,0.000,0.000,AP
2026-04-08 13:38:11,1900-01-00 00:00:00,1020-wombat,B8:27:EB:FA:FF:FC,-46, WPA ,0.000000,0.000000,0.000,0.000,AP
2026-04-08 13:38:12,1900-01-00 00:00:00,1020-wombat,B8:27:EB:FA:FF:FC,-47, WPA ,0.000000,0.000000,0.000,0.000,AP
2026-04-08 13:38:12,1900-01-00 00:00:00,1020-wombat,B8:27:EB:FA:FF:FC,-47, WPA ,0.000000,0.000000,0.000,0.000,AP
2026-04-08 13:38:12,1900-01-00 00:00:00,1020-wombat,B8:27:EB:FA:FF:FC,-47, WPA ,0.000000,0.000000,0.000,0.000,AP
2026-04-08 13:38:12,1900-01-00 00:00:00,1020-wombat,B8:27:EB:FA:FF:FC,-47, WPA ,0.000000,0.000000,0.000,0.000,AP
2026-04-08 13:38:12,1900-01-00 00:00:00,1020-wombat,B8:27:EB:FA:FF:FC,-47, WPA ,0.000000,0.000000,0.000,0.000,AP
2026-04-08 13:38:12,1900-01-00 00:00:00,1020-wombat,B8:27:EB:FA:FF:FC,-47, WPA ,0.000000,0.000000,0.000,0.000,AP
2026-04-08 13:38:12,1900-01-00 00:00:00,1020-wombat,B8:27:EB:FA:FF:FC,-47, WPA ,0.000000,0.000000,0.000,0.000,AP
2026-04-08 13:38:12,1900-01-00 00:00:00,1020-wombat,B8:27:EB:FA:FF:FC,-47, WPA ,0.000000,0.000000,0.000,0.000,AP
2026-04-08 13:38:12,1900-01-00 00:00:00,1020-wombat,B8:27:EB:FA:FF:FC,-48, WPA ,0.000000,0.000000,0.000,0.000,AP
2026-04-08 13:38:12,1900-01-00 00:00:00,1020-wombat,B8:27:EB:FA:FF:FC,-48, WPA ,0.000000,0.000000,0.000,0.000,AP
2026-04-08 13:38:12,1900-01-00 00:00:00,1020-wombat,B8:27:EB:FA:FF:FC,-48, WPA ,0.000000,0.000000,0.000,0.000,AP
2026-04-08 13:38:13,1900-01-00 00:00:00,1020-wombat,B8:27:EB:FA:FF:FC,-47, WPA ,0.000000,0.000000,0.000,0.000,AP
2026-04-08 13:38:13,1900-01-00 00:00:00,1020-wombat,B8:27:EB:FA:FF:FC,-47, WPA ,0.000000,0.000000,0.000,0.000,AP
2026-04-08 13:38:13,1900-01-00 00:00:00,1020-wombat,B8:27:EB:FA:FF:FC,-47, WPA ,0.000000,0.000000,0.000,0.000,AP
2026-04-08 13:38:13,1900-01-00 00:00:00,1020-wombat,B8:27:EB:FA:FF:FC,-47, WPA ,0.000000,0.000000,0.000,0.000,AP
2026-04-08 13:38:13,1900-01-00 00:00:00,1020-wombat,B8:27:EB:FA:FF:FC,-47, WPA ,0.000000,0.000000,0.000,0.000,AP
2026-04-08 13:38:13,1900-01-00 00:00:00,1020-wombat,B8:27:EB:FA:FF:FC,-46, WPA ,0.000000,0.000000,0.000,0.000,AP
2026-04-08 13:38:13,1900-01-00 00:00:00,1020-wombat,B8:27:EB:FA:FF:FC,-47, WPA ,0.000000,0.000000,0.000,0.000,AP
2026-04-08 13:38:13,1900-01-00 00:00:00,1020-wombat,B8:27:EB:FA:FF:FC,-47, WPA ,0.000000,0.000000,0.000,0.000,AP
2026-04-08 13:38:13,1900-01-00 00:00:00,1020-wombat,B8:27:EB:FA:FF:FC,-47, WPA ,0.000000,0.000000,0.000,0.000,AP
2026-04-08 13:38:13,1900-01-00 00:00:00,1020-wombat,B8:27:EB:FA:FF:FC,-47, WPA ,0.000000,0.000000,0.000,0.000,AP
2026-04-08 13:38:13,1900-01-00 00:00:00,1020-wombat,B8:27:EB:FA:FF:FC,-46, WPA ,0.000000,0.000000,0.000,0.000,AP
2026-04-08 13:38:13,1900-01-00 00:00:00,1020-wombat,B8:27:EB:FA:FF:FC,-46, WPA ,0.000000,0.000000,0.000,0.000,AP
2026-04-08 13:38:13,1900-01-00 00:00:00,1020-wombat,B8:27:EB:FA:FF:FC,-46, WPA ,0.000000,0.000000,0.000,0.000,AP
2026-04-08 13:38:13,1900-01-00 00:00:00,1020-wombat,B8:27:EB:FA:FF:FC,-47, WPA ,0.000000,0.000000,0.000,0.000,AP
2026-04-08 13:38:13,1900-01-00 00:00:00,1020-wombat,B8:27:EB:FA:FF:FC,-46, WPA ,0.000000,0.000000,0.000,0.000,AP
2026-04-08 13:38:13,1900-01-00 00:00:00,1020-wombat,B8:27:EB:FA:FF:FC,-47, WPA ,0.000000,0.000000,0.000,0.000,AP
2026-04-08 13:38:14,1900-01-00 00:00:00,1020-wombat,B8:27:EB:FA:FF:FC,-46, WPA ,0.000000,0.000000,0.000,0.000,AP
2026-04-08 13:38:14,1900-01-00 00:00:00,1020-wombat,B8:27:EB:FA:FF:FC,-45, WPA ,0.000000,0.000000,0.000,0.000,AP
2026-04-08 13:38:14,1900-01-00 00:00:00,1020-wombat,B8:27:EB:FA:FF:FC,-46, WPA ,0.000000,0.000000,0.000,0.000,AP
2026-04-08 13:38:14,1900-01-00 00:00:00,1020-wombat,B8:27:EB:FA:FF:FC,-46, WPA ,0.000000,0.000000,0.000,0.000,AP
2026-04-08 13:38:14,1900-01-00 00:00:00,1020-wombat,B8:27:EB:FA:FF:FC,-46, WPA ,0.000000,0.000000,0.000,0.000,AP
2026-04-08 13:38:14,1900-01-00 00:00:00,1020-wombat,B8:27:EB:FA:FF:FC,-46, WPA ,0.000000,0.000000,0.000,0.000,AP
2026-04-08 13:38:14,1900-01-00 00:00:00,1020-wombat,B8:27:EB:FA:FF:FC,-47, WPA ,0.000000,0.000000,0.000,0.000,AP
2026-04-08 13:38:14,1900-01-00 00:00:00,1020-wombat,B8:27:EB:FA:FF:FC,-48, WPA ,0.000000,0.000000,0.000,0.000,AP
2026-04-08 13:38:14,1900-01-00 00:00:00,1020-wombat,B8:27:EB:FA:FF:FC,-49, WPA ,0.000000,0.000000,0.000,0.000,AP
2026-04-08 13:38:14,1900-01-00 00:00:00,1020-wombat,B8:27:EB:FA:FF:FC,-49, WPA ,0.000000,0.000000,0.000,0.000,AP
2026-04-08 13:38:15,1900-01-00 00:00:00,1020-wombat,B8:27:EB:FA:FF:FC,-51, WPA ,0.000000,0.000000,0.000,0.000,AP
2026-04-08 13:38:15,1900-01-00 00:00:00,1020-wombat,B8:27:EB:FA:FF:FC,-49, WPA ,0.000000,0.000000,0.000,0.000,AP
2026-04-08 13:38:15,1900-01-00 00:00:00,1020-wombat,B8:27:EB:FA:FF:FC,-50, WPA ,0.000000,0.000000,0.000,0.000,AP
2026-04-08 13:38:15,1900-01-00 00:00:00,1020-wombat,B8:27:EB:FA:FF:FC,-49, WPA ,0.000000,0.000000,0.000,0.000,AP
2026-04-08 13:38:15,1900-01-00 00:00:00,1020-wombat,B8:27:EB:FA:FF:FC,-49, WPA ,0.000000,0.000000,0.000,0.000,AP
2026-04-08 13:38:15,1900-01-00 00:00:00,1020-wombat,B8:27:EB:FA:FF:FC,-49, WPA ,0.000000,0.000000,0.000,0.000,AP
2026-04-08 13:38:15,1900-01-00 00:00:00,1020-wombat,B8:27:EB:FA:FF:FC,-50, WPA ,0.000000,0.000000,0.000,0.000,AP
2026-04-08 13:38:15,1900-01-00 00:00:00,1020-wombat,B8:27:EB:FA:FF:FC,-51, WPA ,0.000000,0.000000,0.000,0.000,AP
2026-04-08 13:38:15,1900-01-00 00:00:00,1020-wombat,B8:27:EB:FA:FF:FC,-51, WPA ,0.000000,0.000000,0.000,0.000,AP
2026-04-08 13:38:16,1900-01-00 00:00:00,1020-wombat,B8:27:EB:FA:FF:FC,-49, WPA ,0.000000,0.000000,0.000,0.000,AP
2026-04-08 13:38:16,1900-01-00 00:00:00,1020-wombat,B8:27:EB:FA:FF:FC,-46, WPA ,0.000000,0.000000,0.000,0.000,AP
2026-04-08 13:38:16,1900-01-00 00:00:00,1020-wombat,B8:27:EB:FA:FF:FC,-46, WPA ,0.000000,0.000000,0.000,0.000,AP
2026-04-08 13:38:16,1900-01-00 00:00:00,1020-wombat,B8:27:EB:FA:FF:FC,-47, WPA ,0.000000,0.000000,0.000,0.000,AP
2026-04-08 13:38:16,1900-01-00 00:00:00,1020-wombat,B8:27:EB:FA:FF:FC,-47, WPA ,0.000000,0.000000,0.000,0.000,AP
2026-04-08 13:38:16,1900-01-00 00:00:00,1020-wombat,B8:27:EB:FA:FF:FC,-46, WPA ,0.000000,0.000000,0.000,0.000,AP
2026-04-08 13:38:16,1900-01-00 00:00:00,1020-wombat,B8:27:EB:FA:FF:FC,-46, WPA ,0.000000,0.000000,0.000,0.000,AP
2026-04-08 13:38:16,1900-01-00 00:00:00,1020-wombat,B8:27:EB:FA:FF:FC,-45, WPA ,0.000000,0.000000,0.000,0.000,AP
2026-04-08 13:38:16,1900-01-00 00:00:00,1020-wombat,B8:27:EB:FA:FF:FC,-45, WPA ,0.000000,0.000000,0.000,0.000,AP
2026-04-08 13:38:16,1900-01-00 00:00:00,1020-wombat,B8:27:EB:FA:FF:FC,-46, WPA ,0.000000,0.000000,0.000,0.000,AP
2026-04-08 13:38:17,1900-01-00 00:00:00,1020-wombat,B8:27:EB:FA:FF:FC,-47, WPA ,0.000000,0.000000,0.000,0.000,AP
2026-04-08 13:38:17,1900-01-00 00:00:00,1020-wombat,B8:27:EB:FA:FF:FC,-46, WPA ,0.000000,0.000000,0.000,0.000,AP
2026-04-08 13:38:17,1900-01-00 00:00:00,1020-wombat,B8:27:EB:FA:FF:FC,-46, WPA ,0.000000,0.000000,0.000,0.000,AP
2026-04-08 13:38:17,1900-01-00 00:00:00,1020-wombat,B8:27:EB:FA:FF:FC,-48, WPA ,0.000000,0.000000,0.000,0.000,AP
2026-04-08 13:38:17,1900-01-00 00:00:00,1020-wombat,B8:27:EB:FA:FF:FC,-48, WPA ,0.000000,0.000000,0.000,0.000,AP
2026-04-08 13:38:17,1900-01-00 00:00:00,1020-wombat,B8:27:EB:FA:FF:FC,-47, WPA ,0.000000,0.000000,0.000,0.000,AP
2026-04-08 13:38:17,1900-01-00 00:00:00,1020-wombat,B8:27:EB:FA:FF:FC,-48, WPA ,0.000000,0.000000,0.000,0.000,AP
2026-04-08 13:38:17,1900-01-00 00:00:00,1020-wombat,B8:27:EB:FA:FF:FC,-48, WPA ,0.000000,0.000000,0.000,0.000,AP
2026-04-08 13:38:17,1900-01-00 00:00:00,1020-wombat,B8:27:EB:FA:FF:FC,-46, WPA ,0.000000,0.000000,0.000,0.000,AP
2026-04-08 13:38:18,1900-01-00 00:00:00,1020-wombat,B8:27:EB:FA:FF:FC,-47, WPA ,0.000000,0.000000,0.000,0.000,AP
2026-04-08 13:38:18,1900-01-00 00:00:00,1020-wombat,B8:27:EB:FA:FF:FC,-48, WPA ,0.000000,0.000000,0.000,0.000,AP
2026-04-08 13:38:18,1900-01-00 00:00:00,1020-wombat,B8:27:EB:FA:FF:FC,-48, WPA ,0.000000,0.000000,0.000,0.000,AP
2026-04-08 13:38:18,1900-01-00 00:00:00,1020-wombat,B8:27:EB:FA:FF:FC,-51, WPA ,0.000000,0.000000,0.000,0.000,AP
2026-04-08 13:38:18,1900-01-00 00:00:00,1020-wombat,B8:27:EB:FA:FF:FC,-52, WPA ,0.000000,0.000000,0.000,0.000,AP
2026-04-08 13:38:18,1900-01-00 00:00:00,1020-wombat,B8:27:EB:FA:FF:FC,-51, WPA ,0.000000,0.000000,0.000,0.000,AP
2026-04-08 13:38:18,1900-01-00 00:00:00,1020-wombat,B8:27:EB:FA:FF:FC,-51, WPA ,0.000000,0.000000,0.000,0.000,AP
2026-04-08 13:38:18,1900-01-00 00:00:00,1020-wombat,B8:27:EB:FA:FF:FC,-51, WPA ,0.000000,0.000000,0.000,0.000,AP
2026-04-08 13:38:18,1900-01-00 00:00:00,1020-wombat,B8:27:EB:FA:FF:FC,-50, WPA ,0.000000,0.000000,0.000,0.000,AP
2026-04-08 13:38:18,1900-01-00 00:00:00,1020-wombat,B8:27:EB:FA:FF:FC,-51, WPA ,0.000000,0.000000,0.000,0.000,AP
2026-04-08 13:38:18,1900-01-00 00:00:00,1020-wombat,B8:27:EB:FA:FF:FC,-50, WPA ,0.000000,0.000000,0.000,0.000,AP
2026-04-08 13:38:18,1900-01-00 00:00:00,1020-wombat,B8:27:EB:FA:FF:FC,-52, WPA ,0.000000,0.000000,0.000,0.000,AP
2026-04-08 13:38:18,1900-01-00 00:00:00,1020-wombat,B8:27:EB:FA:FF:FC,-51, WPA ,0.000000,0.000000,0.000,0.000,AP
2026-04-08 13:38:18,1900-01-00 00:00:00,1020-wombat,B8:27:EB:FA:FF:FC,-50, WPA ,0.000000,0.000000,0.000,0.000,AP
2026-04-08 13:38:18,1900-01-00 00:00:00,1020-wombat,B8:27:EB:FA:FF:FC,-53, WPA ,0.000000,0.000000,0.000,0.000,AP
2026-04-08 13:38:19,1900-01-00 00:00:00,1020-wombat,B8:27:EB:FA:FF:FC,-52, WPA ,0.000000,0.000000,0.000,0.000,AP
2026-04-08 13:38:19,1900-01-00 00:00:00,1020-wombat,B8:27:EB:FA:FF:FC,-51, WPA ,0.000000,0.000000,0.000,0.000,AP
2026-04-08 13:38:19,1900-01-00 00:00:00,1020-wombat,B8:27:EB:FA:FF:FC,-53, WPA ,0.000000,0.000000,0.000,0.000,AP
2026-04-08 13:38:19,1900-01-00 00:00:00,1020-wombat,B8:27:EB:FA:FF:FC,-51, WPA ,0.000000,0.000000,0.000,0.000,AP
2026-04-08 13:38:19,1900-01-00 00:00:00,1020-wombat,B8:27:EB:FA:FF:FC,-50, WPA ,0.000000,0.000000,0.000,0.000,AP
2026-04-08 13:38:19,1900-01-00 00:00:00,1020-wombat,B8:27:EB:FA:FF:FC,-50, WPA ,0.000000,0.000000,0.000,0.000,AP
2026-04-08 13:38:19,1900-01-00 00:00:00,1020-wombat,B8:27:EB:FA:FF:FC,-49, WPA ,0.000000,0.000000,0.000,0.000,AP
2026-04-08 13:38:19,1900-01-00 00:00:00,1020-wombat,B8:27:EB:FA:FF:FC,-49, WPA ,0.000000,0.000000,0.000,0.000,AP
2026-04-08 13:38:19,1900-01-00 00:00:00,1020-wombat,B8:27:EB:FA:FF:FC,-50, WPA ,0.000000,0.000000,0.000,0.000,AP
2026-04-08 13:38:19,1900-01-00 00:00:00,1020-wombat,B8:27:EB:FA:FF:FC,-51, WPA ,0.000000,0.000000,0.000,0.000,AP
2026-04-08 13:38:20,1900-01-00 00:00:00,1020-wombat,B8:27:EB:FA:FF:FC,-52, WPA ,0.000000,0.000000,0.000,0.000,AP
2026-04-08 13:38:20,1900-01-00 00:00:00,1020-wombat,B8:27:EB:FA:FF:FC,-53, WPA ,0.000000,0.000000,0.000,0.000,AP
2026-04-08 13:38:20,1900-01-00 00:00:00,1020-wombat,B8:27:EB:FA:FF:FC,-51, WPA ,0.000000,0.000000,0.000,0.000,AP
2026-04-08 13:38:20,1900-01-00 00:00:00,1020-wombat,B8:27:EB:FA:FF:FC,-52, WPA ,0.000000,0.000000,0.000,0.000,AP
2026-04-08 13:38:20,1900-01-00 00:00:00,1020-wombat,B8:27:EB:FA:FF:FC,-52, WPA ,0.000000,0.000000,0.000,0.000,AP
2026-04-08 13:38:20,1900-01-00 00:00:00,1020-wombat,B8:27:EB:FA:FF:FC,-51, WPA ,0.000000,0.000000,0.000,0.000,AP
2026-04-08 13:38:20,1900-01-00 00:00:00,1020-wombat,B8:27:EB:FA:FF:FC,-52, WPA ,0.000000,0.000000,0.000,0.000,AP
2026-04-08 13:38:20,1900-01-00 00:00:00,1020-wombat,B8:27:EB:FA:FF:FC,-52, WPA ,0.000000,0.000000,0.000,0.000,AP
2026-04-08 13:38:20,1900-01-00 00:00:00,1020-wombat,B8:27:EB:FA:FF:FC,-51, WPA ,0.000000,0.000000,0.000,0.000,AP
2026-04-08 13:38:21,1900-01-00 00:00:00,1020-wombat,B8:27:EB:FA:FF:FC,-53, WPA ,0.000000,0.000000,0.000,0.000,AP
2026-04-08 13:38:21,1900-01-00 00:00:00,1020-wombat,B8:27:EB:FA:FF:FC,-53, WPA ,0.000000,0.000000,0.000,0.000,AP
2026-04-08 13:38:21,1900-01-00 00:00:00,1020-wombat,B8:27:EB:FA:FF:FC,-53, WPA ,0.000000,0.000000,0.000,0.000,AP
2026-04-08 13:38:21,1900-01-00 00:00:00,1020-wombat,B8:27:EB:FA:FF:FC,-53, WPA ,0.000000,0.000000,0.000,0.000,AP
2026-04-08 13:38:21,1900-01-00 00:00:00,1020-wombat,B8:27:EB:FA:FF:FC,-53, WPA ,0.000000,0.000000,0.000,0.000,AP
2026-04-08 13:38:21,1900-01-00 00:00:00,1020-wombat,B8:27:EB:FA:FF:FC,-53, WPA ,0.000000,0.000000,0.000,0.000,AP
2026-04-08 13:38:21,1900-01-00 00:00:00,1020-wombat,B8:27:EB:FA:FF:FC,-53, WPA ,0.000000,0.000000,0.000,0.000,AP
2026-04-08 13:38:21,1900-01-00 00:00:00,1020-wombat,B8:27:EB:FA:FF:FC,-53, WPA ,0.000000,0.000000,0.000,0.000,AP
2026-04-08 13:38:21,1900-01-00 00:00:00,1020-wombat,B8:27:EB:FA:FF:FC,-55, WPA ,0.000000,0.000000,0.000,0.000,AP
2026-04-08 13:38:22,1900-01-00 00:00:00,1020-wombat,B8:27:EB:FA:FF:FC,-55, WPA ,0.000000,0.000000,0.000,0.000,AP
2026-04-08 13:38:22,1900-01-00 00:00:00,1020-wombat,B8:27:EB:FA:FF:FC,-56, WPA ,0.000000,0.000000,0.000,0.000,AP
2026-04-08 13:38:22,1900-01-00 00:00:00,1020-wombat,B8:27:EB:FA:FF:FC,-54, WPA ,0.000000,0.000000,0.000,0.000,AP
2026-04-08 13:38:22,1900-01-00 00:00:00,1020-wombat,B8:27:EB:FA:FF:FC,-52, WPA ,0.000000,0.000000,0.000,0.000,AP
2026-04-08 13:38:22,1900-01-00 00:00:00,1020-wombat,B8:27:EB:FA:FF:FC,-53, WPA ,0.000000,0.000000,0.000,0.000,AP
2026-04-08 13:38:22,1900-01-00 00:00:00,1020-wombat,B8:27:EB:FA:FF:FC,-53, WPA ,0.000000,0.000000,0.000,0.000,AP
2026-04-08 13:38:22,1900-01-00 00:00:00,1020-wombat,B8:27:EB:FA:FF:FC,-53, WPA ,0.000000,0.000000,0.000,0.000,AP
2026-04-08 13:38:22,1900-01-00 00:00:00,1020-wombat,B8:27:EB:FA:FF:FC,-53, WPA ,0.000000,0.000000,0.000,0.000,AP
2026-04-08 13:38:22,1900-01-00 00:00:00,1020-wombat,B8:27:EB:FA:FF:FC,-53, WPA ,0.000000,0.000000,0.000,0.000,AP
2026-04-08 13:38:22,1900-01-00 00:00:00,1020-wombat,B8:27:EB:FA:FF:FC,-53, WPA ,0.000000,0.000000,0.000,0.000,AP
2026-04-08 13:38:22,1900-01-00 00:00:00,1020-wombat,B8:27:EB:FA:FF:FC,-54, WPA ,0.000000,0.000000,0.000,0.000,AP
2026-04-08 13:38:22,1900-01-00 00:00:00,1020-wombat,B8:27:EB:FA:FF:FC,-56, WPA ,0.000000,0.000000,0.000,0.000,AP
2026-04-08 13:38:23,1900-01-00 00:00:00,1020-wombat,B8:27:EB:FA:FF:FC,-55, WPA ,0.000000,0.000000,0.000,0.000,AP
2026-04-08 13:38:23,1900-01-00 00:00:00,1020-wombat,B8:27:EB:FA:FF:FC,-54, WPA ,0.000000,0.000000,0.000,0.000,AP
2026-04-08 13:38:23,1900-01-00 00:00:00,1020-wombat,B8:27:EB:FA:FF:FC,-55, WPA ,0.000000,0.000000,0.000,0.000,AP
2026-04-08 13:38:23,1900-01-00 00:00:00,1020-wombat,B8:27:EB:FA:FF:FC,-55, WPA ,0.000000,0.000000,0.000,0.000,AP
2026-04-08 13:38:23,1900-01-00 00:00:00,1020-wombat,B8:27:EB:FA:FF:FC,-54, WPA ,0.000000,0.000000,0.000,0.000,AP
2026-04-08 13:38:23,1900-01-00 00:00:00,1020-wombat,B8:27:EB:FA:FF:FC,-54, WPA ,0.000000,0.000000,0.000,0.000,AP
2026-04-08 13:38:23,1900-01-00 00:00:00,1020-wombat,B8:27:EB:FA:FF:FC,-54, WPA ,0.000000,0.000000,0.000,0.000,AP
2026-04-08 13:38:23,1900-01-00 00:00:00,1020-wombat,B8:27:EB:FA:FF:FC,-55, WPA ,0.000000,0.000000,0.000,0.000,AP
2026-04-08 13:38:23,1900-01-00 00:00:00,1020-wombat,B8:27:EB:FA:FF:FC,-53, WPA ,0.000000,0.000000,0.000,0.000,AP
2026-04-08 13:38:23,1900-01-00 00:00:00,1020-wombat,B8:27:EB:FA:FF:FC,-52, WPA ,0.000000,0.000000,0.000,0.000,AP
2026-04-08 13:38:23,1900-01-00 00:00:00,1020-wombat,B8:27:EB:FA:FF:FC,-53, WPA ,0.000000,0.000000,0.000,0.000,AP
2026-04-08 13:38:23,1900-01-00 00:00:00,1020-wombat,B8:27:EB:FA:FF:FC,-53, WPA ,0.000000,0.000000,0.000,0.000,AP
2026-04-08 13:38:23,1900-01-00 00:00:00,1020-wombat,B8:27:EB:FA:FF:FC,-52, WPA ,0.000000,0.000000,0.000,0.000,AP
2026-04-08 13:38:23,1900-01-00 00:00:00,1020-wombat,B8:27:EB:FA:FF:FC,-52, WPA ,0.000000,0.000000,0.000,0.000,AP
2026-04-08 13:38:24,1900-01-00 00:00:00,1020-wombat,B8:27:EB:FA:FF:FC,-53, WPA ,0.000000,0.000000,0.000,0.000,AP
2026-04-08 13:38:24,1900-01-00 00:00:00,1020-wombat,B8:27:EB:FA:FF:FC,-52, WPA ,0.000000,0.000000,0.000,0.000,AP
2026-04-08 13:38:24,1900-01-00 00:00:00,1020-wombat,B8:27:EB:FA:FF:FC,-53, WPA ,0.000000,0.000000,0.000,0.000,AP
2026-04-08 13:38:24,1900-01-00 00:00:00,1020-wombat,B8:27:EB:FA:FF:FC,-52, WPA ,0.000000,0.000000,0.000,0.000,AP
2026-04-08 13:38:24,1900-01-00 00:00:00,1020-wombat,B8:27:EB:FA:FF:FC,-53, WPA ,0.000000,0.000000,0.000,0.000,AP
2026-04-08 13:38:24,1900-01-00 00:00:00,1020-wombat,B8:27:EB:FA:FF:FC,-52, WPA ,0.000000,0.000000,0.000,0.000,AP
2026-04-08 13:38:24,1900-01-00 00:00:00,1020-wombat,B8:27:EB:FA:FF:FC,-53, WPA ,0.000000,0.000000,0.000,0.000,AP
2026-04-08 13:38:24,1900-01-00 00:00:00,1020-wombat,B8:27:EB:FA:FF:FC,-51, WPA ,0.000000,0.000000,0.000,0.000,AP
2026-04-08 13:38:24,1900-01-00 00:00:00,1020-wombat,B8:27:EB:FA:FF:FC,-52, WPA ,0.000000,0.000000,0.000,0.000,AP
2026-04-08 13:38:24,1900-01-00 00:00:00,1020-wombat,B8:27:EB:FA:FF:FC,-55, WPA ,0.000000,0.000000,0.000,0.000,AP
2026-04-08 13:38:24,1900-01-00 00:00:00,1020-wombat,B8:27:EB:FA:FF:FC,-54, WPA ,0.000000,0.000000,0.000,0.000,AP
2026-04-08 13:38:24,1900-01-00 00:00:00,1020-wombat,B8:27:EB:FA:FF:FC,-54, WPA ,0.000000,0.000000,0.000,0.000,AP
2026-04-08 13:38:24,1900-01-00 00:00:00,1020-wombat,B8:27:EB:FA:FF:FC,-54, WPA ,0.000000,0.000000,0.000,0.000,AP
2026-04-08 13:38:24,1900-01-00 00:00:00,1020-wombat,B8:27:EB:FA:FF:FC,-54, WPA ,0.000000,0.000000,0.000,0.000,AP
2026-04-08 13:38:24,1900-01-00 00:00:00,1020-wombat,B8:27:EB:FA:FF:FC,-53, WPA ,0.000000,0.000000,0.000,0.000,AP
2026-04-08 13:38:24,1900-01-00 00:00:00,1020-wombat,B8:27:EB:FA:FF:FC,-54, WPA ,0.000000,0.000000,0.000,0.000,AP
2026-04-08 13:38:24,1900-01-00 00:00:00,1020-wombat,B8:27:EB:FA:FF:FC,-54, WPA ,0.000000,0.000000,0.000,0.000,AP
2026-04-08 13:38:24,1900-01-00 00:00:00,1020-wombat,B8:27:EB:FA:FF:FC,-54, WPA ,0.000000,0.000000,0.000,0.000,AP
2026-04-08 13:38:24,1900-01-00 00:00:00,1020-wombat,B8:27:EB:FA:FF:FC,-54, WPA ,0.000000,0.000000,0.000,0.000,AP
2026-04-08 13:38:24,1900-01-00 00:00:00,1020-wombat,B8:27:EB:FA:FF:FC,-55, WPA ,0.000000,0.000000,0.000,0.000,AP
2026-04-08 13:38:24,1900-01-00 00:00:00,1020-wombat,B8:27:EB:FA:FF:FC,-55, WPA ,0.000000,0.000000,0.000,0.000,AP
2026-04-08 13:38:24,1900-01-00 00:00:00,1020-wombat,B8:27:EB:FA:FF:FC,-54, WPA ,0.000000,0.000000,0.000,0.000,AP
2026-04-08 13:38:24,1900-01-00 00:00:00,1020-wombat,B8:27:EB:FA:FF:FC,-55, WPA ,0.000000,0.000000,0.000,0.000,AP
2026-04-08 13:38:24,1900-01-00 00:00:00,1020-wombat,B8:27:EB:FA:FF:FC,-54, WPA ,0.000000,0.000000,0.000,0.000,AP
2026-04-08 13:38:24,1900-01-00 00:00:00,1020-wombat,B8:27:EB:FA:FF:FC,-53, WPA ,0.000000,0.000000,0.000,0.000,AP
2026-04-08 13:38:24,1900-01-00 00:00:00,1020-wombat,B8:27:EB:FA:FF:FC,-54, WPA ,0.000000,0.000000,0.000,0.000,AP
2026-04-08 13:38:24,1900-01-00 00:00:00,1020-wombat,B8:27:EB:FA:FF:FC,-54, WPA ,0.000000,0.000000,0.000,0.000,AP
2026-04-08 13:38:24,1900-01-00 00:00:00,1020-wombat,B8:27:EB:FA:FF:FC,-53, WPA ,0.000000,0.000000,0.000,0.000,AP
2026-04-08 13:38:25,1900-01-00 00:00:00,1020-wombat,B8:27:EB:FA:FF:FC,-54, WPA ,0.000000,0.000000,0.000,0.000,AP
2026-04-08 13:38:25,1900-01-00 00:00:00,1020-wombat,B8:27:EB:FA:FF:FC,-54, WPA ,0.000000,0.000000,0.000,0.000,AP
2026-04-08 13:38:25,1900-01-00 00:00:00,1020-wombat,B8:27:EB:FA:FF:FC,-54, WPA ,0.000000,0.000000,0.000,0.000,AP
2026-04-08 13:38:25,1900-01-00 00:00:00,1020-wombat,B8:27:EB:FA:FF:FC,-54, WPA ,0.000000,0.000000,0.000,0.000,AP
2026-04-08 13:38:25,1900-01-00 00:00:00,1020-wombat,B8:27:EB:FA:FF:FC,-54, WPA ,0.000000,0.000000,0.000,0.000,AP
2026-04-08 13:38:25,1900-01-00 00:00:00,1020-wombat,B8:27:EB:FA:FF:FC,-52, WPA ,0.000000,0.000000,0.000,0.000,AP
2026-04-08 13:38:25,1900-01-00 00:00:00,1020-wombat,B8:27:EB:FA:FF:FC,-53, WPA ,0.000000,0.000000,0.000,0.000,AP
2026-04-08 13:38:25,1900-01-00 00:00:00,1020-wombat,B8:27:EB:FA:FF:FC,-53, WPA ,0.000000,0.000000,0.000,0.000,AP
2026-04-08 13:38:25,1900-01-00 00:00:00,1020-wombat,B8:27:EB:FA:FF:FC,-53, WPA ,0.000000,0.000000,0.000,0.000,AP
2026-04-08 13:38:25,1900-01-00 00:00:00,1020-wombat,B8:27:EB:FA:FF:FC,-54, WPA ,0.000000,0.000000,0.000,0.000,AP
2026-04-08 13:38:25,1900-01-00 00:00:00,1020-wombat,B8:27:EB:FA:FF:FC,-54, WPA ,0.000000,0.000000,0.000,0.000,AP
2026-04-08 13:38:25,1900-01-00 00:00:00,1020-wombat,B8:27:EB:FA:FF:FC,-53, WPA ,0.000000,0.000000,0.000,0.000,AP
2026-04-08 13:38:25,1900-01-00 00:00:00,1020-wombat,B8:27:EB:FA:FF:FC,-53, WPA ,0.000000,0.000000,0.000,0.000,AP
2026-04-08 13:38:25,1900-01-00 00:00:00,1020-wombat,B8:27:EB:FA:FF:FC,-53, WPA ,0.000000,0.000000,0.000,0.000,AP
2026-04-08 13:38:26,1900-01-00 00:00:00,1020-wombat,B8:27:EB:FA:FF:FC,-52, WPA ,0.000000,0.000000,0.000,0.000,AP
2026-04-08 13:38:26,1900-01-00 00:00:00,1020-wombat,B8:27:EB:FA:FF:FC,-50, WPA ,0.000000,0.000000,0.000,0.000,AP
2026-04-08 13:38:26,1900-01-00 00:00:00,1020-wombat,B8:27:EB:FA:FF:FC,-53, WPA ,0.000000,0.000000,0.000,0.000,AP
2026-04-08 13:38:26,1900-01-00 00:00:00,1020-wombat,B8:27:EB:FA:FF:FC,-54, WPA ,0.000000,0.000000,0.000,0.000,AP
2026-04-08 13:38:26,1900-01-00 00:00:00,1020-wombat,B8:27:EB:FA:FF:FC,-54, WPA ,0.000000,0.000000,0.000,0.000,AP
2026-04-08 13:38:26,1900-01-00 00:00:00,1020-wombat,B8:27:EB:FA:FF:FC,-54, WPA ,0.000000,0.000000,0.000,0.000,AP
2026-04-08 13:38:26,1900-01-00 00:00:00,1020-wombat,B8:27:EB:FA:FF:FC,-54, WPA ,0.000000,0.000000,0.000,0.000,AP
2026-04-08 13:38:26,1900-01-00 00:00:00,1020-wombat,B8:27:EB:FA:FF:FC,-55, WPA ,0.000000,0.000000,0.000,0.000,AP
2026-04-08 13:38:26,1900-01-00 00:00:00,1020-wombat,B8:27:EB:FA:FF:FC,-54, WPA ,0.000000,0.000000,0.000,0.000,AP
2026-04-08 13:38:26,1900-01-00 00:00:00,1020-wombat,B8:27:EB:FA:FF:FC,-54, WPA ,0.000000,0.000000,0.000,0.000,AP
2026-04-08 13:38:26,1900-01-00 00:00:00,1020-wombat,B8:27:EB:FA:FF:FC,-54, WPA ,0.000000,0.000000,0.000,0.000,AP
2026-04-08 13:38:26,1900-01-00 00:00:00,1020-wombat,B8:27:EB:FA:FF:FC,-55, WPA ,0.000000,0.000000,0.000,0.000,AP
2026-04-08 13:38:26,1900-01-00 00:00:00,1020-wombat,B8:27:EB:FA:FF:FC,-54, WPA ,0.000000,0.000000,0.000,0.000,AP
2026-04-08 13:38:26,1900-01-00 00:00:00,1020-wombat,B8:27:EB:FA:FF:FC,-53, WPA ,0.000000,0.000000,0.000,0.000,AP
2026-04-08 13:38:26,1900-01-00 00:00:00,1020-wombat,B8:27:EB:FA:FF:FC,-53, WPA ,0.000000,0.000000,0.000,0.000,AP
2026-04-08 13:38:27,1900-01-00 00:00:00,1020-wombat,B8:27:EB:FA:FF:FC,-53, WPA ,0.000000,0.000000,0.000,0.000,AP
2026-04-08 13:38:27,1900-01-00 00:00:00,1020-wombat,B8:27:EB:FA:FF:FC,-53, WPA ,0.000000,0.000000,0.000,0.000,AP
2026-04-08 13:38:27,1900-01-00 00:00:00,1020-wombat,B8:27:EB:FA:FF:FC,-53, WPA ,0.000000,0.000000,0.000,0.000,AP
2026-04-08 13:38:27,1900-01-00 00:00:00,1020-wombat,B8:27:EB:FA:FF:FC,-53, WPA ,0.000000,0.000000,0.000,0.000,AP
2026-04-08 13:38:27,1900-01-00 00:00:00,1020-wombat,B8:27:EB:FA:FF:FC,-53, WPA ,0.000000,0.000000,0.000,0.000,AP
2026-04-08 13:38:27,1900-01-00 00:00:00,1020-wombat,B8:27:EB:FA:FF:FC,-53, WPA ,0.000000,0.000000,0.000,0.000,AP
2026-04-08 13:38:27,1900-01-00 00:00:00,1020-wombat,B8:27:EB:FA:FF:FC,-53, WPA ,0.000000,0.000000,0.000,0.000,AP
2026-04-08 13:38:27,1900-01-00 00:00:00,1020-wombat,B8:27:EB:FA:FF:FC,-54, WPA ,0.000000,0.000000,0.000,0.000,AP
2026-04-08 13:38:27,1900-01-00 00:00:00,1020-wombat,B8:27:EB:FA:FF:FC,-54, WPA ,0.000000,0.000000,0.000,0.000,AP
2026-04-08 13:38:27,1900-01-00 00:00:00,1020-wombat,B8:27:EB:FA:FF:FC,-52, WPA ,0.000000,0.000000,0.000,0.000,AP
2026-04-08 13:38:28,1900-01-00 00:00:00,1020-wombat,B8:27:EB:FA:FF:FC,-52, WPA ,0.000000,0.000000,0.000,0.000,AP
2026-04-08 13:38:28,1900-01-00 00:00:00,1020-wombat,B8:27:EB:FA:FF:FC,-53, WPA ,0.000000,0.000000,0.000,0.000,AP
2026-04-08 13:38:28,1900-01-00 00:00:00,1020-wombat,B8:27:EB:FA:FF:FC,-55, WPA ,0.000000,0.000000,0.000,0.000,AP
2026-04-08 13:38:28,1900-01-00 00:00:00,1020-wombat,B8:27:EB:FA:FF:FC,-55, WPA ,0.000000,0.000000,0.000,0.000,AP
2026-04-08 13:38:28,1900-01-00 00:00:00,1020-wombat,B8:27:EB:FA:FF:FC,-55, WPA ,0.000000,0.000000,0.000,0.000,AP
2026-04-08 13:38:28,1900-01-00 00:00:00,1020-wombat,B8:27:EB:FA:FF:FC,-54, WPA ,0.000000,0.000000,0.000,0.000,AP
2026-04-08 13:38:28,1900-01-00 00:00:00,1020-wombat,B8:27:EB:FA:FF:FC,-53, WPA ,0.000000,0.000000,0.000,0.000,AP
2026-04-08 13:38:28,1900-01-00 00:00:00,1020-wombat,B8:27:EB:FA:FF:FC,-53, WPA ,0.000000,0.000000,0.000,0.000,AP
2026-04-08 13:38:28,1900-01-00 00:00:00,1020-wombat,B8:27:EB:FA:FF:FC,-53, WPA ,0.000000,0.000000,0.000,0.000,AP
2026-04-08 13:38:29,1900-01-00 00:00:00,1020-wombat,B8:27:EB:FA:FF:FC,-53, WPA ,0.000000,0.000000,0.000,0.000,AP
2026-04-08 13:38:29,1900-01-00 00:00:00,1020-wombat,B8:27:EB:FA:FF:FC,-52, WPA ,0.000000,0.000000,0.000,0.000,AP
2026-04-08 13:38:29,1900-01-00 00:00:00,1020-wombat,B8:27:EB:FA:FF:FC,-53, WPA ,0.000000,0.000000,0.000,0.000,AP
2026-04-08 13:38:29,1900-01-00 00:00:00,1020-wombat,B8:27:EB:FA:FF:FC,-53, WPA ,0.000000,0.000000,0.000,0.000,AP
2026-04-08 13:38:29,1900-01-00 00:00:00,1020-wombat,B8:27:EB:FA:FF:FC,-52, WPA ,0.000000,0.000000,0.000,0.000,AP
