{"count":1,"self":365.1181056,"total":699.9428755,"children":{"InitializeActuators":{"count":1,"self":0.0010045,"total":0.0010045,"children":null},"InitializeSensors":{"count":1,"self":0.0025101999999999998,"total":0.0025101999999999998,"children":null},"AgentSendState":{"count":564484,"self":0.98058349999999994,"total":3.3984747,"children":{"CollectObservations":{"count":112897,"self":0.85680819999999991,"total":0.85680819999999991,"children":null},"WriteActionMask":{"count":112897,"self":0.0662633,"total":0.0662633,"children":null},"RequestDecision":{"count":112897,"self":0.36161099999999996,"total":1.4948196999999999,"children":{"AgentInfo.ToProto":{"count":112897,"self":0.4594814,"total":1.1332087,"children":{"GenerateSensorData":{"count":112897,"self":0.67372729999999992,"total":0.67372729999999992,"children":null}}}}}}},"DecideAction":{"count":564484,"self":285.5039744,"total":285.5039726,"children":null},"AgentAct":{"count":564484,"self":45.884736,"total":45.9188093,"children":{"AgentInfo.ToProto":{"count":4665,"self":0.0199909,"total":0.0340718,"children":{"GenerateSensorData":{"count":4665,"self":0.014080899999999999,"total":0.014080899999999999,"children":null}}}}}},"gauges":{"beam_control.CumulativeReward":{"count":4665,"max":4.998,"min":0.173188329,"runningAverage":3.89266181,"value":4.998,"weightedAverage":4.20155144}},"metadata":{"timer_format_version":"0.1.0","start_time_seconds":"1768879367","unity_version":"6000.3.4f1","command_line_arguments":"C:\\Program Files\\Unity\\Hub\\Editor\\6000.3.4f1\\Editor\\Unity.exe -projectpath C:\\Users\\malon\\Downloads\\ECE500\\homework1\\homework1_unity -acceptSoftwareTermsForThisRunOnly -useHub -hubIPC -cloudEnvironment production","communication_protocol_version":"1.5.0","com.unity.ml-agents_version":"4.0.1","scene_name":"main","end_time_seconds":"1768880067"}}