{"count":1,"self":160.052416,"total":445.5544589,"children":{"InitializeActuators":{"count":1,"self":0.0015191999999999998,"total":0.0015191999999999998,"children":null},"InitializeSensors":{"count":1,"self":0.0015034999999999998,"total":0.0015034999999999998,"children":null},"AgentSendState":{"count":349117,"self":0.5401498,"total":1.7433097,"children":{"CollectObservations":{"count":69824,"self":0.37384989999999996,"total":0.37384989999999996,"children":null},"WriteActionMask":{"count":69824,"self":0.0480875,"total":0.0480875,"children":null},"RequestDecision":{"count":69824,"self":0.1917143,"total":0.78122249999999993,"children":{"AgentInfo.ToProto":{"count":69824,"self":0.21371189999999998,"total":0.58950819999999993,"children":{"GenerateSensorData":{"count":69824,"self":0.37579629999999997,"total":0.37579629999999997,"children":null}}}}}}},"DecideAction":{"count":349117,"self":281.2671744,"total":281.2671721,"children":null},"AgentAct":{"count":349117,"self":2.4865196,"total":2.4885441999999998,"children":{"AgentInfo.ToProto":{"count":644,"self":0.0020247,"total":0.0020247,"children":{"GenerateSensorData":{"count":644,"self":0,"total":0,"children":null}}}}}},"gauges":{"beam_control.CumulativeReward":{"count":644,"max":-105.492027,"min":-1809.46558,"runningAverage":-368.622437,"value":-826.027466,"weightedAverage":-432.776123}},"metadata":{"timer_format_version":"0.1.0","start_time_seconds":"1768936121","unity_version":"6000.3.4f1","command_line_arguments":"C:\\Program Files\\Unity\\Hub\\Editor\\6000.3.4f1\\Editor\\Unity.exe -projectpath C:\\Users\\malon\\Downloads\\ECE500\\homework1\\homework1_unity -acceptSoftwareTermsForThisRunOnly -useHub -hubIPC -cloudEnvironment production","communication_protocol_version":"1.5.0","com.unity.ml-agents_version":"4.0.1","scene_name":"main","end_time_seconds":"1768936566"}}