LocalTime, GPSTime, ESSID, BSSID, Power, Security, Latitude, Longitude, Latitude Error, Longitude Error, Type
2026-04-01 14:51:05,1900-01-00 00:00:00,,B8:27:EB:6F:ED:ED,-39, ,0.000000,0.000000,0.000,0.000,AP
2026-04-01 14:51:05,1900-01-00 00:00:00,0999-wombat,B8:27:EB:6F:ED:ED,-41, WPA ,0.000000,0.000000,0.000,0.000,AP
2026-04-01 14:51:05,1900-01-00 00:00:00,0999-wombat,B8:27:EB:6F:ED:ED,-41, WPA ,0.000000,0.000000,0.000,0.000,AP
2026-04-01 14:51:06,1900-01-00 00:00:00,0999-wombat,B8:27:EB:6F:ED:ED,-39, WPA ,0.000000,0.000000,0.000,0.000,AP
2026-04-01 14:51:06,1900-01-00 00:00:00,0999-wombat,B8:27:EB:6F:ED:ED,-39, WPA ,0.000000,0.000000,0.000,0.000,AP
2026-04-01 14:51:06,1900-01-00 00:00:00,0999-wombat,B8:27:EB:6F:ED:ED,-40, WPA ,0.000000,0.000000,0.000,0.000,AP
2026-04-01 14:51:06,1900-01-00 00:00:00,0999-wombat,B8:27:EB:6F:ED:ED,-40, WPA ,0.000000,0.000000,0.000,0.000,AP
2026-04-01 14:51:06,1900-01-00 00:00:00,0999-wombat,B8:27:EB:6F:ED:ED,-41, WPA ,0.000000,0.000000,0.000,0.000,AP
2026-04-01 14:51:06,1900-01-00 00:00:00,0999-wombat,B8:27:EB:6F:ED:ED,-43, WPA ,0.000000,0.000000,0.000,0.000,AP
2026-04-01 14:51:06,1900-01-00 00:00:00,0999-wombat,B8:27:EB:6F:ED:ED,-42, WPA ,0.000000,0.000000,0.000,0.000,AP
2026-04-01 14:51:06,1900-01-00 00:00:00,0999-wombat,B8:27:EB:6F:ED:ED,-42, WPA ,0.000000,0.000000,0.000,0.000,AP
2026-04-01 14:51:06,1900-01-00 00:00:00,0999-wombat,B8:27:EB:6F:ED:ED,-43, WPA ,0.000000,0.000000,0.000,0.000,AP
2026-04-01 14:51:06,1900-01-00 00:00:00,0999-wombat,B8:27:EB:6F:ED:ED,-43, WPA ,0.000000,0.000000,0.000,0.000,AP
2026-04-01 14:51:07,1900-01-00 00:00:00,0999-wombat,B8:27:EB:6F:ED:ED,-40, WPA ,0.000000,0.000000,0.000,0.000,AP
2026-04-01 14:51:07,1900-01-00 00:00:00,0999-wombat,B8:27:EB:6F:ED:ED,-40, WPA ,0.000000,0.000000,0.000,0.000,AP
2026-04-01 14:51:07,1900-01-00 00:00:00,0999-wombat,B8:27:EB:6F:ED:ED,-40, WPA ,0.000000,0.000000,0.000,0.000,AP
2026-04-01 14:51:07,1900-01-00 00:00:00,0999-wombat,B8:27:EB:6F:ED:ED,-42, WPA ,0.000000,0.000000,0.000,0.000,AP
2026-04-01 14:51:07,1900-01-00 00:00:00,0999-wombat,B8:27:EB:6F:ED:ED,-40, WPA ,0.000000,0.000000,0.000,0.000,AP
2026-04-01 14:51:07,1900-01-00 00:00:00,0999-wombat,B8:27:EB:6F:ED:ED,-41, WPA ,0.000000,0.000000,0.000,0.000,AP
2026-04-01 14:51:07,1900-01-00 00:00:00,0999-wombat,B8:27:EB:6F:ED:ED,-39, WPA ,0.000000,0.000000,0.000,0.000,AP
2026-04-01 14:51:07,1900-01-00 00:00:00,0999-wombat,B8:27:EB:6F:ED:ED,-41, WPA ,0.000000,0.000000,0.000,0.000,AP
2026-04-01 14:51:07,1900-01-00 00:00:00,0999-wombat,B8:27:EB:6F:ED:ED,-40, WPA ,0.000000,0.000000,0.000,0.000,AP
2026-04-01 14:51:07,1900-01-00 00:00:00,0999-wombat,B8:27:EB:6F:ED:ED,-39, WPA ,0.000000,0.000000,0.000,0.000,AP
2026-04-01 14:51:07,1900-01-00 00:00:00,0999-wombat,B8:27:EB:6F:ED:ED,-40, WPA ,0.000000,0.000000,0.000,0.000,AP
2026-04-01 14:51:07,1900-01-00 00:00:00,0999-wombat,B8:27:EB:6F:ED:ED,-41, WPA ,0.000000,0.000000,0.000,0.000,AP
2026-04-01 14:51:07,1900-01-00 00:00:00,0999-wombat,B8:27:EB:6F:ED:ED,-40, WPA ,0.000000,0.000000,0.000,0.000,AP
2026-04-01 14:51:07,1900-01-00 00:00:00,0999-wombat,B8:27:EB:6F:ED:ED,-40, WPA ,0.000000,0.000000,0.000,0.000,AP
2026-04-01 14:51:07,1900-01-00 00:00:00,0999-wombat,B8:27:EB:6F:ED:ED,-39, WPA ,0.000000,0.000000,0.000,0.000,AP
2026-04-01 14:51:07,1900-01-00 00:00:00,0999-wombat,B8:27:EB:6F:ED:ED,-40, WPA ,0.000000,0.000000,0.000,0.000,AP
2026-04-01 14:51:07,1900-01-00 00:00:00,0999-wombat,B8:27:EB:6F:ED:ED,-79, WPA ,0.000000,0.000000,0.000,0.000,AP
2026-04-01 14:51:07,1900-01-00 00:00:00,0999-wombat,B8:27:EB:6F:ED:ED,-79, WPA ,0.000000,0.000000,0.000,0.000,AP
2026-04-01 14:51:07,1900-01-00 00:00:00,0999-wombat,B8:27:EB:6F:ED:ED,-79, WPA ,0.000000,0.000000,0.000,0.000,AP
2026-04-01 14:51:07,1900-01-00 00:00:00,0999-wombat,B8:27:EB:6F:ED:ED,-79, WPA ,0.000000,0.000000,0.000,0.000,AP
2026-04-01 14:51:07,1900-01-00 00:00:00,0999-wombat,B8:27:EB:6F:ED:ED,-79, WPA ,0.000000,0.000000,0.000,0.000,AP
2026-04-01 14:51:07,1900-01-00 00:00:00,0999-wombat,B8:27:EB:6F:ED:ED,-79, WPA ,0.000000,0.000000,0.000,0.000,AP
2026-04-01 14:51:07,1900-01-00 00:00:00,0999-wombat,B8:27:EB:6F:ED:ED,-82, WPA ,0.000000,0.000000,0.000,0.000,AP
2026-04-01 14:51:07,1900-01-00 00:00:00,0999-wombat,B8:27:EB:6F:ED:ED,-82, WPA ,0.000000,0.000000,0.000,0.000,AP
2026-04-01 14:51:07,1900-01-00 00:00:00,0999-wombat,B8:27:EB:6F:ED:ED,-82, WPA ,0.000000,0.000000,0.000,0.000,AP
2026-04-01 14:51:07,1900-01-00 00:00:00,0999-wombat,B8:27:EB:6F:ED:ED,-82, WPA ,0.000000,0.000000,0.000,0.000,AP
2026-04-01 14:51:07,1900-01-00 00:00:00,0999-wombat,B8:27:EB:6F:ED:ED,-82, WPA ,0.000000,0.000000,0.000,0.000,AP
2026-04-01 14:51:07,1900-01-00 00:00:00,0999-wombat,B8:27:EB:6F:ED:ED,-82, WPA ,0.000000,0.000000,0.000,0.000,AP
2026-04-01 14:51:07,1900-01-00 00:00:00,0999-wombat,B8:27:EB:6F:ED:ED,-82, WPA ,0.000000,0.000000,0.000,0.000,AP
2026-04-01 14:51:07,1900-01-00 00:00:00,0999-wombat,B8:27:EB:6F:ED:ED,-82, WPA ,0.000000,0.000000,0.000,0.000,AP
2026-04-01 14:51:07,1900-01-00 00:00:00,0999-wombat,B8:27:EB:6F:ED:ED,-82, WPA ,0.000000,0.000000,0.000,0.000,AP
2026-04-01 14:51:07,1900-01-00 00:00:00,0999-wombat,B8:27:EB:6F:ED:ED,-82, WPA ,0.000000,0.000000,0.000,0.000,AP
2026-04-01 14:51:07,1900-01-00 00:00:00,0999-wombat,B8:27:EB:6F:ED:ED,-61, WPA ,0.000000,0.000000,0.000,0.000,AP
2026-04-01 14:51:07,1900-01-00 00:00:00,0999-wombat,B8:27:EB:6F:ED:ED,-61, WPA ,0.000000,0.000000,0.000,0.000,AP
2026-04-01 14:51:07,1900-01-00 00:00:00,0999-wombat,B8:27:EB:6F:ED:ED,-61, WPA ,0.000000,0.000000,0.000,0.000,AP
2026-04-01 14:51:07,1900-01-00 00:00:00,0999-wombat,B8:27:EB:6F:ED:ED,-61, WPA ,0.000000,0.000000,0.000,0.000,AP
2026-04-01 14:51:07,1900-01-00 00:00:00,0999-wombat,B8:27:EB:6F:ED:ED,-61, WPA ,0.000000,0.000000,0.000,0.000,AP
2026-04-01 14:51:07,1900-01-00 00:00:00,0999-wombat,B8:27:EB:6F:ED:ED,-61, WPA ,0.000000,0.000000,0.000,0.000,AP
2026-04-01 14:51:07,1900-01-00 00:00:00,0999-wombat,B8:27:EB:6F:ED:ED,-61, WPA ,0.000000,0.000000,0.000,0.000,AP
2026-04-01 14:51:07,1900-01-00 00:00:00,0999-wombat,B8:27:EB:6F:ED:ED,-61, WPA ,0.000000,0.000000,0.000,0.000,AP
2026-04-01 14:51:07,1900-01-00 00:00:00,0999-wombat,B8:27:EB:6F:ED:ED,-61, WPA ,0.000000,0.000000,0.000,0.000,AP
2026-04-01 14:51:07,1900-01-00 00:00:00,0999-wombat,B8:27:EB:6F:ED:ED,-41, WPA ,0.000000,0.000000,0.000,0.000,AP
2026-04-01 14:51:07,1900-01-00 00:00:00,0999-wombat,B8:27:EB:6F:ED:ED,-61, WPA ,0.000000,0.000000,0.000,0.000,AP
2026-04-01 14:51:07,1900-01-00 00:00:00,0999-wombat,B8:27:EB:6F:ED:ED,-61, WPA ,0.000000,0.000000,0.000,0.000,AP
2026-04-01 14:51:07,1900-01-00 00:00:00,0999-wombat,B8:27:EB:6F:ED:ED,-61, WPA ,0.000000,0.000000,0.000,0.000,AP
2026-04-01 14:51:07,1900-01-00 00:00:00,0999-wombat,B8:27:EB:6F:ED:ED,-61, WPA ,0.000000,0.000000,0.000,0.000,AP
2026-04-01 14:51:07,1900-01-00 00:00:00,0999-wombat,B8:27:EB:6F:ED:ED,-61, WPA ,0.000000,0.000000,0.000,0.000,AP
2026-04-01 14:51:07,1900-01-00 00:00:00,0999-wombat,B8:27:EB:6F:ED:ED,-61, WPA ,0.000000,0.000000,0.000,0.000,AP
2026-04-01 14:51:07,1900-01-00 00:00:00,0999-wombat,B8:27:EB:6F:ED:ED,-61, WPA ,0.000000,0.000000,0.000,0.000,AP
2026-04-01 14:51:07,1900-01-00 00:00:00,0999-wombat,B8:27:EB:6F:ED:ED,-50, WPA ,0.000000,0.000000,0.000,0.000,AP
2026-04-01 14:51:07,1900-01-00 00:00:00,0999-wombat,B8:27:EB:6F:ED:ED,-50, WPA ,0.000000,0.000000,0.000,0.000,AP
2026-04-01 14:51:07,1900-01-00 00:00:00,0999-wombat,B8:27:EB:6F:ED:ED,-50, WPA ,0.000000,0.000000,0.000,0.000,AP
2026-04-01 14:51:07,1900-01-00 00:00:00,0999-wombat,B8:27:EB:6F:ED:ED,-50, WPA ,0.000000,0.000000,0.000,0.000,AP
2026-04-01 14:51:07,1900-01-00 00:00:00,0999-wombat,B8:27:EB:6F:ED:ED,-42, WPA ,0.000000,0.000000,0.000,0.000,AP
2026-04-01 14:51:07,1900-01-00 00:00:00,0999-wombat,B8:27:EB:6F:ED:ED,-42, WPA ,0.000000,0.000000,0.000,0.000,AP
2026-04-01 14:51:07,1900-01-00 00:00:00,0999-wombat,B8:27:EB:6F:ED:ED,-42, WPA ,0.000000,0.000000,0.000,0.000,AP
2026-04-01 14:51:07,1900-01-00 00:00:00,0999-wombat,B8:27:EB:6F:ED:ED,-42, WPA ,0.000000,0.000000,0.000,0.000,AP
2026-04-01 14:51:07,1900-01-00 00:00:00,0999-wombat,B8:27:EB:6F:ED:ED,-42, WPA ,0.000000,0.000000,0.000,0.000,AP
2026-04-01 14:51:07,1900-01-00 00:00:00,0999-wombat,B8:27:EB:6F:ED:ED,-42, WPA ,0.000000,0.000000,0.000,0.000,AP
2026-04-01 14:51:07,1900-01-00 00:00:00,0999-wombat,B8:27:EB:6F:ED:ED,-42, WPA ,0.000000,0.000000,0.000,0.000,AP
2026-04-01 14:51:07,1900-01-00 00:00:00,0999-wombat,B8:27:EB:6F:ED:ED,-42, WPA ,0.000000,0.000000,0.000,0.000,AP
2026-04-01 14:51:07,1900-01-00 00:00:00,0999-wombat,B8:27:EB:6F:ED:ED,-42, WPA ,0.000000,0.000000,0.000,0.000,AP
2026-04-01 14:51:07,1900-01-00 00:00:00,0999-wombat,B8:27:EB:6F:ED:ED,-42, WPA ,0.000000,0.000000,0.000,0.000,AP
2026-04-01 14:51:07,1900-01-00 00:00:00,0999-wombat,B8:27:EB:6F:ED:ED,-42, WPA ,0.000000,0.000000,0.000,0.000,AP
2026-04-01 14:51:07,1900-01-00 00:00:00,0999-wombat,B8:27:EB:6F:ED:ED,-42, WPA ,0.000000,0.000000,0.000,0.000,AP
2026-04-01 14:51:07,1900-01-00 00:00:00,0999-wombat,B8:27:EB:6F:ED:ED,-42, WPA ,0.000000,0.000000,0.000,0.000,AP
2026-04-01 14:51:07,1900-01-00 00:00:00,0999-wombat,B8:27:EB:6F:ED:ED,-42, WPA ,0.000000,0.000000,0.000,0.000,AP
2026-04-01 14:51:07,1900-01-00 00:00:00,0999-wombat,B8:27:EB:6F:ED:ED,-42, WPA ,0.000000,0.000000,0.000,0.000,AP
2026-04-01 14:51:07,1900-01-00 00:00:00,0999-wombat,B8:27:EB:6F:ED:ED,-42, WPA ,0.000000,0.000000,0.000,0.000,AP
2026-04-01 14:51:07,1900-01-00 00:00:00,0999-wombat,B8:27:EB:6F:ED:ED,-42, WPA ,0.000000,0.000000,0.000,0.000,AP
2026-04-01 14:51:07,1900-01-00 00:00:00,0999-wombat,B8:27:EB:6F:ED:ED,-42, WPA ,0.000000,0.000000,0.000,0.000,AP
2026-04-01 14:51:07,1900-01-00 00:00:00,0999-wombat,B8:27:EB:6F:ED:ED,-42, WPA ,0.000000,0.000000,0.000,0.000,AP
2026-04-01 14:51:07,1900-01-00 00:00:00,0999-wombat,B8:27:EB:6F:ED:ED,-42, WPA ,0.000000,0.000000,0.000,0.000,AP
2026-04-01 14:51:07,1900-01-00 00:00:00,0999-wombat,B8:27:EB:6F:ED:ED,-77, WPA ,0.000000,0.000000,0.000,0.000,AP
2026-04-01 14:51:07,1900-01-00 00:00:00,0999-wombat,B8:27:EB:6F:ED:ED,-77, WPA ,0.000000,0.000000,0.000,0.000,AP
2026-04-01 14:51:07,1900-01-00 00:00:00,0999-wombat,B8:27:EB:6F:ED:ED,-77, WPA ,0.000000,0.000000,0.000,0.000,AP
2026-04-01 14:51:07,1900-01-00 00:00:00,0999-wombat,B8:27:EB:6F:ED:ED,-77, WPA ,0.000000,0.000000,0.000,0.000,AP
2026-04-01 14:51:07,1900-01-00 00:00:00,0999-wombat,B8:27:EB:6F:ED:ED,-77, WPA ,0.000000,0.000000,0.000,0.000,AP
2026-04-01 14:51:07,1900-01-00 00:00:00,0999-wombat,B8:27:EB:6F:ED:ED,-77, WPA ,0.000000,0.000000,0.000,0.000,AP
2026-04-01 14:51:07,1900-01-00 00:00:00,0999-wombat,B8:27:EB:6F:ED:ED,-78, WPA ,0.000000,0.000000,0.000,0.000,AP
2026-04-01 14:51:07,1900-01-00 00:00:00,0999-wombat,B8:27:EB:6F:ED:ED,-78, WPA ,0.000000,0.000000,0.000,0.000,AP
2026-04-01 14:51:07,1900-01-00 00:00:00,0999-wombat,B8:27:EB:6F:ED:ED,-78, WPA ,0.000000,0.000000,0.000,0.000,AP
2026-04-01 14:51:07,1900-01-00 00:00:00,0999-wombat,B8:27:EB:6F:ED:ED,-78, WPA ,0.000000,0.000000,0.000,0.000,AP
2026-04-01 14:51:07,1900-01-00 00:00:00,0999-wombat,B8:27:EB:6F:ED:ED,-78, WPA ,0.000000,0.000000,0.000,0.000,AP
2026-04-01 14:51:07,1900-01-00 00:00:00,0999-wombat,B8:27:EB:6F:ED:ED,-78, WPA ,0.000000,0.000000,0.000,0.000,AP
2026-04-01 14:51:07,1900-01-00 00:00:00,0999-wombat,B8:27:EB:6F:ED:ED,-78, WPA ,0.000000,0.000000,0.000,0.000,AP
2026-04-01 14:51:07,1900-01-00 00:00:00,0999-wombat,B8:27:EB:6F:ED:ED,-78, WPA ,0.000000,0.000000,0.000,0.000,AP
2026-04-01 14:51:07,1900-01-00 00:00:00,0999-wombat,B8:27:EB:6F:ED:ED,-78, WPA ,0.000000,0.000000,0.000,0.000,AP
2026-04-01 14:51:07,1900-01-00 00:00:00,0999-wombat,B8:27:EB:6F:ED:ED,-78, WPA ,0.000000,0.000000,0.000,0.000,AP
2026-04-01 14:51:07,1900-01-00 00:00:00,0999-wombat,B8:27:EB:6F:ED:ED,-78, WPA ,0.000000,0.000000,0.000,0.000,AP
2026-04-01 14:51:07,1900-01-00 00:00:00,0999-wombat,B8:27:EB:6F:ED:ED,-78, WPA ,0.000000,0.000000,0.000,0.000,AP
2026-04-01 14:51:07,1900-01-00 00:00:00,0999-wombat,B8:27:EB:6F:ED:ED,-78, WPA ,0.000000,0.000000,0.000,0.000,AP
2026-04-01 14:51:07,1900-01-00 00:00:00,0999-wombat,B8:27:EB:6F:ED:ED,-78, WPA ,0.000000,0.000000,0.000,0.000,AP
2026-04-01 14:51:07,1900-01-00 00:00:00,0999-wombat,B8:27:EB:6F:ED:ED,-78, WPA ,0.000000,0.000000,0.000,0.000,AP
2026-04-01 14:51:07,1900-01-00 00:00:00,0999-wombat,B8:27:EB:6F:ED:ED,-78, WPA ,0.000000,0.000000,0.000,0.000,AP
2026-04-01 14:51:07,1900-01-00 00:00:00,0999-wombat,B8:27:EB:6F:ED:ED,-78, WPA ,0.000000,0.000000,0.000,0.000,AP
2026-04-01 14:51:07,1900-01-00 00:00:00,0999-wombat,B8:27:EB:6F:ED:ED,-77, WPA ,0.000000,0.000000,0.000,0.000,AP
2026-04-01 14:51:07,1900-01-00 00:00:00,0999-wombat,B8:27:EB:6F:ED:ED,-63, WPA ,0.000000,0.000000,0.000,0.000,AP
2026-04-01 14:51:07,1900-01-00 00:00:00,0999-wombat,B8:27:EB:6F:ED:ED,-65, WPA ,0.000000,0.000000,0.000,0.000,AP
2026-04-01 14:51:07,1900-01-00 00:00:00,0999-wombat,B8:27:EB:6F:ED:ED,-81, WPA ,0.000000,0.000000,0.000,0.000,AP
2026-04-01 14:51:07,1900-01-00 00:00:00,0999-wombat,B8:27:EB:6F:ED:ED,-81, WPA ,0.000000,0.000000,0.000,0.000,AP
2026-04-01 14:51:07,1900-01-00 00:00:00,0999-wombat,B8:27:EB:6F:ED:ED,-78, WPA ,0.000000,0.000000,0.000,0.000,AP
2026-04-01 14:51:07,1900-01-00 00:00:00,0999-wombat,B8:27:EB:6F:ED:ED,-78, WPA ,0.000000,0.000000,0.000,0.000,AP
2026-04-01 14:51:07,1900-01-00 00:00:00,0999-wombat,B8:27:EB:6F:ED:ED,-78, WPA ,0.000000,0.000000,0.000,0.000,AP
2026-04-01 14:51:07,1900-01-00 00:00:00,0999-wombat,B8:27:EB:6F:ED:ED,-78, WPA ,0.000000,0.000000,0.000,0.000,AP
2026-04-01 14:51:07,1900-01-00 00:00:00,0999-wombat,B8:27:EB:6F:ED:ED,-78, WPA ,0.000000,0.000000,0.000,0.000,AP
2026-04-01 14:51:07,1900-01-00 00:00:00,0999-wombat,B8:27:EB:6F:ED:ED,-78, WPA ,0.000000,0.000000,0.000,0.000,AP
2026-04-01 14:51:07,1900-01-00 00:00:00,0999-wombat,B8:27:EB:6F:ED:ED,-78, WPA ,0.000000,0.000000,0.000,0.000,AP
2026-04-01 14:51:07,1900-01-00 00:00:00,0999-wombat,B8:27:EB:6F:ED:ED,-78, WPA ,0.000000,0.000000,0.000,0.000,AP
2026-04-01 14:51:07,1900-01-00 00:00:00,0999-wombat,B8:27:EB:6F:ED:ED,-78, WPA ,0.000000,0.000000,0.000,0.000,AP
2026-04-01 14:51:07,1900-01-00 00:00:00,0999-wombat,B8:27:EB:6F:ED:ED,-78, WPA ,0.000000,0.000000,0.000,0.000,AP
2026-04-01 14:51:07,1900-01-00 00:00:00,0999-wombat,B8:27:EB:6F:ED:ED,-78, WPA ,0.000000,0.000000,0.000,0.000,AP
2026-04-01 14:51:07,1900-01-00 00:00:00,0999-wombat,B8:27:EB:6F:ED:ED,-78, WPA ,0.000000,0.000000,0.000,0.000,AP
2026-04-01 14:51:07,1900-01-00 00:00:00,0999-wombat,B8:27:EB:6F:ED:ED,-78, WPA ,0.000000,0.000000,0.000,0.000,AP
2026-04-01 14:51:07,1900-01-00 00:00:00,0999-wombat,B8:27:EB:6F:ED:ED,-78, WPA ,0.000000,0.000000,0.000,0.000,AP
2026-04-01 14:51:07,1900-01-00 00:00:00,0999-wombat,B8:27:EB:6F:ED:ED,-78, WPA ,0.000000,0.000000,0.000,0.000,AP
2026-04-01 14:51:07,1900-01-00 00:00:00,0999-wombat,B8:27:EB:6F:ED:ED,-78, WPA ,0.000000,0.000000,0.000,0.000,AP
2026-04-01 14:51:07,1900-01-00 00:00:00,0999-wombat,B8:27:EB:6F:ED:ED,-78, WPA ,0.000000,0.000000,0.000,0.000,AP
2026-04-01 14:51:07,1900-01-00 00:00:00,0999-wombat,B8:27:EB:6F:ED:ED,-78, WPA ,0.000000,0.000000,0.000,0.000,AP
2026-04-01 14:51:07,1900-01-00 00:00:00,0999-wombat,B8:27:EB:6F:ED:ED,-78, WPA ,0.000000,0.000000,0.000,0.000,AP
2026-04-01 14:51:07,1900-01-00 00:00:00,0999-wombat,B8:27:EB:6F:ED:ED,-78, WPA ,0.000000,0.000000,0.000,0.000,AP
2026-04-01 14:51:07,1900-01-00 00:00:00,0999-wombat,B8:27:EB:6F:ED:ED,-78, WPA ,0.000000,0.000000,0.000,0.000,AP
2026-04-01 14:51:07,1900-01-00 00:00:00,0999-wombat,B8:27:EB:6F:ED:ED,-78, WPA ,0.000000,0.000000,0.000,0.000,AP
2026-04-01 14:51:07,1900-01-00 00:00:00,0999-wombat,B8:27:EB:6F:ED:ED,-78, WPA ,0.000000,0.000000,0.000,0.000,AP
2026-04-01 14:51:07,1900-01-00 00:00:00,0999-wombat,B8:27:EB:6F:ED:ED,-78, WPA ,0.000000,0.000000,0.000,0.000,AP
2026-04-01 14:51:07,1900-01-00 00:00:00,0999-wombat,B8:27:EB:6F:ED:ED,-78, WPA ,0.000000,0.000000,0.000,0.000,AP
2026-04-01 14:51:07,1900-01-00 00:00:00,0999-wombat,B8:27:EB:6F:ED:ED,-78, WPA ,0.000000,0.000000,0.000,0.000,AP
2026-04-01 14:51:07,1900-01-00 00:00:00,0999-wombat,B8:27:EB:6F:ED:ED,-78, WPA ,0.000000,0.000000,0.000,0.000,AP
2026-04-01 14:51:07,1900-01-00 00:00:00,0999-wombat,B8:27:EB:6F:ED:ED,-78, WPA ,0.000000,0.000000,0.000,0.000,AP
2026-04-01 14:51:07,1900-01-00 00:00:00,0999-wombat,B8:27:EB:6F:ED:ED,-78, WPA ,0.000000,0.000000,0.000,0.000,AP
2026-04-01 14:51:07,1900-01-00 00:00:00,0999-wombat,B8:27:EB:6F:ED:ED,-78, WPA ,0.000000,0.000000,0.000,0.000,AP
2026-04-01 14:51:07,1900-01-00 00:00:00,0999-wombat,B8:27:EB:6F:ED:ED,-78, WPA ,0.000000,0.000000,0.000,0.000,AP
2026-04-01 14:51:07,1900-01-00 00:00:00,0999-wombat,B8:27:EB:6F:ED:ED,-78, WPA ,0.000000,0.000000,0.000,0.000,AP
2026-04-01 14:51:07,1900-01-00 00:00:00,0999-wombat,B8:27:EB:6F:ED:ED,-78, WPA ,0.000000,0.000000,0.000,0.000,AP
2026-04-01 14:51:07,1900-01-00 00:00:00,0999-wombat,B8:27:EB:6F:ED:ED,-78, WPA ,0.000000,0.000000,0.000,0.000,AP
2026-04-01 14:51:07,1900-01-00 00:00:00,0999-wombat,B8:27:EB:6F:ED:ED,-78, WPA ,0.000000,0.000000,0.000,0.000,AP
2026-04-01 14:51:07,1900-01-00 00:00:00,0999-wombat,B8:27:EB:6F:ED:ED,-78, WPA ,0.000000,0.000000,0.000,0.000,AP
2026-04-01 14:51:07,1900-01-00 00:00:00,0999-wombat,B8:27:EB:6F:ED:ED,-78, WPA ,0.000000,0.000000,0.000,0.000,AP
2026-04-01 14:51:07,1900-01-00 00:00:00,0999-wombat,B8:27:EB:6F:ED:ED,-78, WPA ,0.000000,0.000000,0.000,0.000,AP
2026-04-01 14:51:07,1900-01-00 00:00:00,0999-wombat,B8:27:EB:6F:ED:ED,-78, WPA ,0.000000,0.000000,0.000,0.000,AP
2026-04-01 14:51:07,1900-01-00 00:00:00,0999-wombat,B8:27:EB:6F:ED:ED,-39, WPA ,0.000000,0.000000,0.000,0.000,AP
2026-04-01 14:51:07,1900-01-00 00:00:00,0999-wombat,B8:27:EB:6F:ED:ED,-39, WPA ,0.000000,0.000000,0.000,0.000,AP
2026-04-01 14:51:07,1900-01-00 00:00:00,0999-wombat,B8:27:EB:6F:ED:ED,-39, WPA ,0.000000,0.000000,0.000,0.000,AP
2026-04-01 14:51:07,1900-01-00 00:00:00,0999-wombat,B8:27:EB:6F:ED:ED,-39, WPA ,0.000000,0.000000,0.000,0.000,AP
2026-04-01 14:51:07,1900-01-00 00:00:00,0999-wombat,B8:27:EB:6F:ED:ED,-39, WPA ,0.000000,0.000000,0.000,0.000,AP
2026-04-01 14:51:07,1900-01-00 00:00:00,0999-wombat,B8:27:EB:6F:ED:ED,-39, WPA ,0.000000,0.000000,0.000,0.000,AP
2026-04-01 14:51:07,1900-01-00 00:00:00,0999-wombat,B8:27:EB:6F:ED:ED,-39, WPA ,0.000000,0.000000,0.000,0.000,AP
2026-04-01 14:51:07,1900-01-00 00:00:00,0999-wombat,B8:27:EB:6F:ED:ED,-61, WPA ,0.000000,0.000000,0.000,0.000,AP
2026-04-01 14:51:07,1900-01-00 00:00:00,0999-wombat,B8:27:EB:6F:ED:ED,-61, WPA ,0.000000,0.000000,0.000,0.000,AP
2026-04-01 14:51:07,1900-01-00 00:00:00,0999-wombat,B8:27:EB:6F:ED:ED,-61, WPA ,0.000000,0.000000,0.000,0.000,AP
2026-04-01 14:51:07,1900-01-00 00:00:00,0999-wombat,B8:27:EB:6F:ED:ED,-50, WPA ,0.000000,0.000000,0.000,0.000,AP
2026-04-01 14:51:07,1900-01-00 00:00:00,0999-wombat,B8:27:EB:6F:ED:ED,-50, WPA ,0.000000,0.000000,0.000,0.000,AP
2026-04-01 14:51:07,1900-01-00 00:00:00,0999-wombat,B8:27:EB:6F:ED:ED,-50, WPA ,0.000000,0.000000,0.000,0.000,AP
2026-04-01 14:51:07,1900-01-00 00:00:00,0999-wombat,B8:27:EB:6F:ED:ED,-50, WPA ,0.000000,0.000000,0.000,0.000,AP
2026-04-01 14:51:07,1900-01-00 00:00:00,0999-wombat,B8:27:EB:6F:ED:ED,-50, WPA ,0.000000,0.000000,0.000,0.000,AP
2026-04-01 14:51:07,1900-01-00 00:00:00,0999-wombat,B8:27:EB:6F:ED:ED,-50, WPA ,0.000000,0.000000,0.000,0.000,AP
2026-04-01 14:51:07,1900-01-00 00:00:00,0999-wombat,B8:27:EB:6F:ED:ED,-50, WPA ,0.000000,0.000000,0.000,0.000,AP
2026-04-01 14:51:07,1900-01-00 00:00:00,0999-wombat,B8:27:EB:6F:ED:ED,-50, WPA ,0.000000,0.000000,0.000,0.000,AP
2026-04-01 14:51:07,1900-01-00 00:00:00,0999-wombat,B8:27:EB:6F:ED:ED,-50, WPA ,0.000000,0.000000,0.000,0.000,AP
2026-04-01 14:51:07,1900-01-00 00:00:00,0999-wombat,B8:27:EB:6F:ED:ED,-50, WPA ,0.000000,0.000000,0.000,0.000,AP
2026-04-01 14:51:07,1900-01-00 00:00:00,0999-wombat,B8:27:EB:6F:ED:ED,-79, WPA ,0.000000,0.000000,0.000,0.000,AP
2026-04-01 14:51:07,1900-01-00 00:00:00,0999-wombat,B8:27:EB:6F:ED:ED,-79, WPA ,0.000000,0.000000,0.000,0.000,AP
2026-04-01 14:51:07,1900-01-00 00:00:00,0999-wombat,B8:27:EB:6F:ED:ED,-79, WPA ,0.000000,0.000000,0.000,0.000,AP
2026-04-01 14:51:07,1900-01-00 00:00:00,0999-wombat,B8:27:EB:6F:ED:ED,-79, WPA ,0.000000,0.000000,0.000,0.000,AP
2026-04-01 14:51:07,1900-01-00 00:00:00,0999-wombat,B8:27:EB:6F:ED:ED,-79, WPA ,0.000000,0.000000,0.000,0.000,AP
2026-04-01 14:51:07,1900-01-00 00:00:00,0999-wombat,B8:27:EB:6F:ED:ED,-79, WPA ,0.000000,0.000000,0.000,0.000,AP
2026-04-01 14:51:07,1900-01-00 00:00:00,0999-wombat,B8:27:EB:6F:ED:ED,-79, WPA ,0.000000,0.000000,0.000,0.000,AP
2026-04-01 14:51:07,1900-01-00 00:00:00,0999-wombat,B8:27:EB:6F:ED:ED,-79, WPA ,0.000000,0.000000,0.000,0.000,AP
2026-04-01 14:51:07,1900-01-00 00:00:00,0999-wombat,B8:27:EB:6F:ED:ED,-79, WPA ,0.000000,0.000000,0.000,0.000,AP
2026-04-01 14:51:07,1900-01-00 00:00:00,0999-wombat,B8:27:EB:6F:ED:ED,-79, WPA ,0.000000,0.000000,0.000,0.000,AP
2026-04-01 14:51:07,1900-01-00 00:00:00,0999-wombat,B8:27:EB:6F:ED:ED,-79, WPA ,0.000000,0.000000,0.000,0.000,AP
2026-04-01 14:51:07,1900-01-00 00:00:00,0999-wombat,B8:27:EB:6F:ED:ED,-79, WPA ,0.000000,0.000000,0.000,0.000,AP
2026-04-01 14:51:07,1900-01-00 00:00:00,0999-wombat,B8:27:EB:6F:ED:ED,-79, WPA ,0.000000,0.000000,0.000,0.000,AP
2026-04-01 14:51:07,1900-01-00 00:00:00,0999-wombat,B8:27:EB:6F:ED:ED,-79, WPA ,0.000000,0.000000,0.000,0.000,AP
2026-04-01 14:51:07,1900-01-00 00:00:00,0999-wombat,B8:27:EB:6F:ED:ED,-79, WPA ,0.000000,0.000000,0.000,0.000,AP
2026-04-01 14:51:07,1900-01-00 00:00:00,0999-wombat,B8:27:EB:6F:ED:ED,-79, WPA ,0.000000,0.000000,0.000,0.000,AP
2026-04-01 14:51:07,1900-01-00 00:00:00,0999-wombat,B8:27:EB:6F:ED:ED,-79, WPA ,0.000000,0.000000,0.000,0.000,AP
2026-04-01 14:51:07,1900-01-00 00:00:00,0999-wombat,B8:27:EB:6F:ED:ED,-79, WPA ,0.000000,0.000000,0.000,0.000,AP
2026-04-01 14:51:07,1900-01-00 00:00:00,0999-wombat,B8:27:EB:6F:ED:ED,-79, WPA ,0.000000,0.000000,0.000,0.000,AP
2026-04-01 14:51:07,1900-01-00 00:00:00,0999-wombat,B8:27:EB:6F:ED:ED,-79, WPA ,0.000000,0.000000,0.000,0.000,AP
2026-04-01 14:51:07,1900-01-00 00:00:00,0999-wombat,B8:27:EB:6F:ED:ED,-79, WPA ,0.000000,0.000000,0.000,0.000,AP
2026-04-01 14:51:07,1900-01-00 00:00:00,0999-wombat,B8:27:EB:6F:ED:ED,-79, WPA ,0.000000,0.000000,0.000,0.000,AP
2026-04-01 14:51:07,1900-01-00 00:00:00,0999-wombat,B8:27:EB:6F:ED:ED,-79, WPA ,0.000000,0.000000,0.000,0.000,AP
2026-04-01 14:51:07,1900-01-00 00:00:00,0999-wombat,B8:27:EB:6F:ED:ED,-79, WPA ,0.000000,0.000000,0.000,0.000,AP
2026-04-01 14:51:07,1900-01-00 00:00:00,0999-wombat,B8:27:EB:6F:ED:ED,-79, WPA ,0.000000,0.000000,0.000,0.000,AP
2026-04-01 14:51:07,1900-01-00 00:00:00,0999-wombat,B8:27:EB:6F:ED:ED,-79, WPA ,0.000000,0.000000,0.000,0.000,AP
2026-04-01 14:51:07,1900-01-00 00:00:00,0999-wombat,B8:27:EB:6F:ED:ED,-79, WPA ,0.000000,0.000000,0.000,0.000,AP
2026-04-01 14:51:07,1900-01-00 00:00:00,0999-wombat,B8:27:EB:6F:ED:ED,-79, WPA ,0.000000,0.000000,0.000,0.000,AP
2026-04-01 14:51:07,1900-01-00 00:00:00,0999-wombat,B8:27:EB:6F:ED:ED,-79, WPA ,0.000000,0.000000,0.000,0.000,AP
2026-04-01 14:51:07,1900-01-00 00:00:00,0999-wombat,B8:27:EB:6F:ED:ED,-79, WPA ,0.000000,0.000000,0.000,0.000,AP
2026-04-01 14:51:07,1900-01-00 00:00:00,0999-wombat,B8:27:EB:6F:ED:ED,-79, WPA ,0.000000,0.000000,0.000,0.000,AP
2026-04-01 14:51:07,1900-01-00 00:00:00,0999-wombat,B8:27:EB:6F:ED:ED,-64, WPA ,0.000000,0.000000,0.000,0.000,AP
2026-04-01 14:51:07,1900-01-00 00:00:00,0999-wombat,B8:27:EB:6F:ED:ED,-64, WPA ,0.000000,0.000000,0.000,0.000,AP
2026-04-01 14:51:07,1900-01-00 00:00:00,0999-wombat,B8:27:EB:6F:ED:ED,-64, WPA ,0.000000,0.000000,0.000,0.000,AP
2026-04-01 14:51:07,1900-01-00 00:00:00,0999-wombat,B8:27:EB:6F:ED:ED,-64, WPA ,0.000000,0.000000,0.000,0.000,AP
2026-04-01 14:51:07,1900-01-00 00:00:00,0999-wombat,B8:27:EB:6F:ED:ED,-64, WPA ,0.000000,0.000000,0.000,0.000,AP
2026-04-01 14:51:07,1900-01-00 00:00:00,0999-wombat,B8:27:EB:6F:ED:ED,-64, WPA ,0.000000,0.000000,0.000,0.000,AP
2026-04-01 14:51:07,1900-01-00 00:00:00,0999-wombat,B8:27:EB:6F:ED:ED,-64, WPA ,0.000000,0.000000,0.000,0.000,AP
2026-04-01 14:51:07,1900-01-00 00:00:00,0999-wombat,B8:27:EB:6F:ED:ED,-78, WPA ,0.000000,0.000000,0.000,0.000,AP
2026-04-01 14:51:07,1900-01-00 00:00:00,0999-wombat,B8:27:EB:6F:ED:ED,-78, WPA ,0.000000,0.000000,0.000,0.000,AP
2026-04-01 14:51:07,1900-01-00 00:00:00,0999-wombat,B8:27:EB:6F:ED:ED,-78, WPA ,0.000000,0.000000,0.000,0.000,AP
2026-04-01 14:51:07,1900-01-00 00:00:00,0999-wombat,B8:27:EB:6F:ED:ED,-78, WPA ,0.000000,0.000000,0.000,0.000,AP
2026-04-01 14:51:07,1900-01-00 00:00:00,0999-wombat,B8:27:EB:6F:ED:ED,-78, WPA ,0.000000,0.000000,0.000,0.000,AP
2026-04-01 14:51:07,1900-01-00 00:00:00,0999-wombat,B8:27:EB:6F:ED:ED,-78, WPA ,0.000000,0.000000,0.000,0.000,AP
2026-04-01 14:51:07,1900-01-00 00:00:00,0999-wombat,B8:27:EB:6F:ED:ED,-78, WPA ,0.000000,0.000000,0.000,0.000,AP
2026-04-01 14:51:07,1900-01-00 00:00:00,0999-wombat,B8:27:EB:6F:ED:ED,-78, WPA ,0.000000,0.000000,0.000,0.000,AP
2026-04-01 14:51:07,1900-01-00 00:00:00,0999-wombat,B8:27:EB:6F:ED:ED,-78, WPA ,0.000000,0.000000,0.000,0.000,AP
2026-04-01 14:51:07,1900-01-00 00:00:00,0999-wombat,B8:27:EB:6F:ED:ED,-78, WPA ,0.000000,0.000000,0.000,0.000,AP
2026-04-01 14:51:07,1900-01-00 00:00:00,0999-wombat,B8:27:EB:6F:ED:ED,-78, WPA ,0.000000,0.000000,0.000,0.000,AP
2026-04-01 14:51:07,1900-01-00 00:00:00,0999-wombat,B8:27:EB:6F:ED:ED,-78, WPA ,0.000000,0.000000,0.000,0.000,AP
2026-04-01 14:51:07,1900-01-00 00:00:00,0999-wombat,B8:27:EB:6F:ED:ED,-78, WPA ,0.000000,0.000000,0.000,0.000,AP
2026-04-01 14:51:07,1900-01-00 00:00:00,0999-wombat,B8:27:EB:6F:ED:ED,-78, WPA ,0.000000,0.000000,0.000,0.000,AP
2026-04-01 14:51:07,1900-01-00 00:00:00,0999-wombat,B8:27:EB:6F:ED:ED,-78, WPA ,0.000000,0.000000,0.000,0.000,AP
2026-04-01 14:51:07,1900-01-00 00:00:00,0999-wombat,B8:27:EB:6F:ED:ED,-78, WPA ,0.000000,0.000000,0.000,0.000,AP
2026-04-01 14:51:07,1900-01-00 00:00:00,0999-wombat,B8:27:EB:6F:ED:ED,-78, WPA ,0.000000,0.000000,0.000,0.000,AP
2026-04-01 14:51:07,1900-01-00 00:00:00,0999-wombat,B8:27:EB:6F:ED:ED,-78, WPA ,0.000000,0.000000,0.000,0.000,AP
2026-04-01 14:51:07,1900-01-00 00:00:00,0999-wombat,B8:27:EB:6F:ED:ED,-78, WPA ,0.000000,0.000000,0.000,0.000,AP
2026-04-01 14:51:07,1900-01-00 00:00:00,0999-wombat,B8:27:EB:6F:ED:ED,-78, WPA ,0.000000,0.000000,0.000,0.000,AP
2026-04-01 14:51:07,1900-01-00 00:00:00,0999-wombat,B8:27:EB:6F:ED:ED,-78, WPA ,0.000000,0.000000,0.000,0.000,AP
2026-04-01 14:51:07,1900-01-00 00:00:00,0999-wombat,B8:27:EB:6F:ED:ED,-78, WPA ,0.000000,0.000000,0.000,0.000,AP
2026-04-01 14:51:07,1900-01-00 00:00:00,0999-wombat,B8:27:EB:6F:ED:ED,-78, WPA ,0.000000,0.000000,0.000,0.000,AP
2026-04-01 14:51:07,1900-01-00 00:00:00,0999-wombat,B8:27:EB:6F:ED:ED,-78, WPA ,0.000000,0.000000,0.000,0.000,AP
2026-04-01 14:51:07,1900-01-00 00:00:00,0999-wombat,B8:27:EB:6F:ED:ED,-78, WPA ,0.000000,0.000000,0.000,0.000,AP
2026-04-01 14:51:07,1900-01-00 00:00:00,0999-wombat,B8:27:EB:6F:ED:ED,-78, WPA ,0.000000,0.000000,0.000,0.000,AP
2026-04-01 14:51:07,1900-01-00 00:00:00,0999-wombat,B8:27:EB:6F:ED:ED,-78, WPA ,0.000000,0.000000,0.000,0.000,AP
2026-04-01 14:51:07,1900-01-00 00:00:00,0999-wombat,B8:27:EB:6F:ED:ED,-78, WPA ,0.000000,0.000000,0.000,0.000,AP
2026-04-01 14:51:07,1900-01-00 00:00:00,0999-wombat,B8:27:EB:6F:ED:ED,-78, WPA ,0.000000,0.000000,0.000,0.000,AP
2026-04-01 14:51:07,1900-01-00 00:00:00,0999-wombat,B8:27:EB:6F:ED:ED,-78, WPA ,0.000000,0.000000,0.000,0.000,AP
2026-04-01 14:51:07,1900-01-00 00:00:00,0999-wombat,B8:27:EB:6F:ED:ED,-78, WPA ,0.000000,0.000000,0.000,0.000,AP
2026-04-01 14:51:07,1900-01-00 00:00:00,0999-wombat,B8:27:EB:6F:ED:ED,-78, WPA ,0.000000,0.000000,0.000,0.000,AP
2026-04-01 14:51:07,1900-01-00 00:00:00,0999-wombat,B8:27:EB:6F:ED:ED,-78, WPA ,0.000000,0.000000,0.000,0.000,AP
2026-04-01 14:51:07,1900-01-00 00:00:00,0999-wombat,B8:27:EB:6F:ED:ED,-78, WPA ,0.000000,0.000000,0.000,0.000,AP
2026-04-01 14:51:07,1900-01-00 00:00:00,0999-wombat,B8:27:EB:6F:ED:ED,-78, WPA ,0.000000,0.000000,0.000,0.000,AP
2026-04-01 14:51:07,1900-01-00 00:00:00,0999-wombat,B8:27:EB:6F:ED:ED,-78, WPA ,0.000000,0.000000,0.000,0.000,AP
2026-04-01 14:51:07,1900-01-00 00:00:00,0999-wombat,B8:27:EB:6F:ED:ED,-78, WPA ,0.000000,0.000000,0.000,0.000,AP
2026-04-01 14:51:07,1900-01-00 00:00:00,0999-wombat,B8:27:EB:6F:ED:ED,-78, WPA ,0.000000,0.000000,0.000,0.000,AP
2026-04-01 14:51:07,1900-01-00 00:00:00,0999-wombat,B8:27:EB:6F:ED:ED,-78, WPA ,0.000000,0.000000,0.000,0.000,AP
2026-04-01 14:51:07,1900-01-00 00:00:00,0999-wombat,B8:27:EB:6F:ED:ED,-78, WPA ,0.000000,0.000000,0.000,0.000,AP
2026-04-01 14:51:07,1900-01-00 00:00:00,0999-wombat,B8:27:EB:6F:ED:ED,-78, WPA ,0.000000,0.000000,0.000,0.000,AP
2026-04-01 14:51:07,1900-01-00 00:00:00,0999-wombat,B8:27:EB:6F:ED:ED,-78, WPA ,0.000000,0.000000,0.000,0.000,AP
2026-04-01 14:51:07,1900-01-00 00:00:00,0999-wombat,B8:27:EB:6F:ED:ED,-78, WPA ,0.000000,0.000000,0.000,0.000,AP
2026-04-01 14:51:07,1900-01-00 00:00:00,0999-wombat,B8:27:EB:6F:ED:ED,-78, WPA ,0.000000,0.000000,0.000,0.000,AP
2026-04-01 14:51:07,1900-01-00 00:00:00,0999-wombat,B8:27:EB:6F:ED:ED,-78, WPA ,0.000000,0.000000,0.000,0.000,AP
2026-04-01 14:51:07,1900-01-00 00:00:00,0999-wombat,B8:27:EB:6F:ED:ED,-78, WPA ,0.000000,0.000000,0.000,0.000,AP
2026-04-01 14:51:07,1900-01-00 00:00:00,0999-wombat,B8:27:EB:6F:ED:ED,-78, WPA ,0.000000,0.000000,0.000,0.000,AP
2026-04-01 14:51:07,1900-01-00 00:00:00,0999-wombat,B8:27:EB:6F:ED:ED,-78, WPA ,0.000000,0.000000,0.000,0.000,AP
2026-04-01 14:51:08,1900-01-00 00:00:00,0999-wombat,B8:27:EB:6F:ED:ED,-78, WPA ,0.000000,0.000000,0.000,0.000,AP
2026-04-01 14:51:08,1900-01-00 00:00:00,0999-wombat,B8:27:EB:6F:ED:ED,-78, WPA ,0.000000,0.000000,0.000,0.000,AP
2026-04-01 14:51:08,1900-01-00 00:00:00,0999-wombat,B8:27:EB:6F:ED:ED,-78, WPA ,0.000000,0.000000,0.000,0.000,AP
2026-04-01 14:51:08,1900-01-00 00:00:00,0999-wombat,B8:27:EB:6F:ED:ED,-78, WPA ,0.000000,0.000000,0.000,0.000,AP
2026-04-01 14:51:08,1900-01-00 00:00:00,0999-wombat,B8:27:EB:6F:ED:ED,-78, WPA ,0.000000,0.000000,0.000,0.000,AP
2026-04-01 14:51:08,1900-01-00 00:00:00,0999-wombat,B8:27:EB:6F:ED:ED,-78, WPA ,0.000000,0.000000,0.000,0.000,AP
2026-04-01 14:51:08,1900-01-00 00:00:00,0999-wombat,B8:27:EB:6F:ED:ED,-78, WPA ,0.000000,0.000000,0.000,0.000,AP
2026-04-01 14:51:08,1900-01-00 00:00:00,0999-wombat,B8:27:EB:6F:ED:ED,-78, WPA ,0.000000,0.000000,0.000,0.000,AP
2026-04-01 14:51:08,1900-01-00 00:00:00,0999-wombat,B8:27:EB:6F:ED:ED,-78, WPA ,0.000000,0.000000,0.000,0.000,AP
2026-04-01 14:51:08,1900-01-00 00:00:00,0999-wombat,B8:27:EB:6F:ED:ED,-78, WPA ,0.000000,0.000000,0.000,0.000,AP
2026-04-01 14:51:08,1900-01-00 00:00:00,0999-wombat,B8:27:EB:6F:ED:ED,-78, WPA ,0.000000,0.000000,0.000,0.000,AP
2026-04-01 14:51:08,1900-01-00 00:00:00,0999-wombat,B8:27:EB:6F:ED:ED,-61, WPA ,0.000000,0.000000,0.000,0.000,AP
2026-04-01 14:51:08,1900-01-00 00:00:00,0999-wombat,B8:27:EB:6F:ED:ED,-61, WPA ,0.000000,0.000000,0.000,0.000,AP
2026-04-01 14:51:08,1900-01-00 00:00:00,0999-wombat,B8:27:EB:6F:ED:ED,-61, WPA ,0.000000,0.000000,0.000,0.000,AP
2026-04-01 14:51:08,1900-01-00 00:00:00,0999-wombat,B8:27:EB:6F:ED:ED,-61, WPA ,0.000000,0.000000,0.000,0.000,AP
2026-04-01 14:51:08,1900-01-00 00:00:00,0999-wombat,B8:27:EB:6F:ED:ED,-61, WPA ,0.000000,0.000000,0.000,0.000,AP
2026-04-01 14:51:08,1900-01-00 00:00:00,0999-wombat,B8:27:EB:6F:ED:ED,-61, WPA ,0.000000,0.000000,0.000,0.000,AP
2026-04-01 14:51:08,1900-01-00 00:00:00,0999-wombat,B8:27:EB:6F:ED:ED,-61, WPA ,0.000000,0.000000,0.000,0.000,AP
2026-04-01 14:51:08,1900-01-00 00:00:00,0999-wombat,B8:27:EB:6F:ED:ED,-61, WPA ,0.000000,0.000000,0.000,0.000,AP
2026-04-01 14:51:08,1900-01-00 00:00:00,0999-wombat,B8:27:EB:6F:ED:ED,-61, WPA ,0.000000,0.000000,0.000,0.000,AP
2026-04-01 14:51:08,1900-01-00 00:00:00,0999-wombat,B8:27:EB:6F:ED:ED,-61, WPA ,0.000000,0.000000,0.000,0.000,AP
2026-04-01 14:51:08,1900-01-00 00:00:00,0999-wombat,B8:27:EB:6F:ED:ED,-61, WPA ,0.000000,0.000000,0.000,0.000,AP
2026-04-01 14:51:08,1900-01-00 00:00:00,0999-wombat,B8:27:EB:6F:ED:ED,-61, WPA ,0.000000,0.000000,0.000,0.000,AP
2026-04-01 14:51:08,1900-01-00 00:00:00,0999-wombat,B8:27:EB:6F:ED:ED,-61, WPA ,0.000000,0.000000,0.000,0.000,AP
2026-04-01 14:51:08,1900-01-00 00:00:00,0999-wombat,B8:27:EB:6F:ED:ED,-61, WPA ,0.000000,0.000000,0.000,0.000,AP
2026-04-01 14:51:08,1900-01-00 00:00:00,0999-wombat,B8:27:EB:6F:ED:ED,-61, WPA ,0.000000,0.000000,0.000,0.000,AP
2026-04-01 14:51:08,1900-01-00 00:00:00,0999-wombat,B8:27:EB:6F:ED:ED,-61, WPA ,0.000000,0.000000,0.000,0.000,AP
2026-04-01 14:51:08,1900-01-00 00:00:00,0999-wombat,B8:27:EB:6F:ED:ED,-61, WPA ,0.000000,0.000000,0.000,0.000,AP
2026-04-01 14:51:08,1900-01-00 00:00:00,0999-wombat,B8:27:EB:6F:ED:ED,-39, WPA ,0.000000,0.000000,0.000,0.000,AP
2026-04-01 14:51:08,1900-01-00 00:00:00,0999-wombat,B8:27:EB:6F:ED:ED,-40, WPA ,0.000000,0.000000,0.000,0.000,AP
2026-04-01 14:51:08,1900-01-00 00:00:00,0999-wombat,B8:27:EB:6F:ED:ED,-42, WPA ,0.000000,0.000000,0.000,0.000,AP
2026-04-01 14:51:08,1900-01-00 00:00:00,0999-wombat,B8:27:EB:6F:ED:ED,-41, WPA ,0.000000,0.000000,0.000,0.000,AP
2026-04-01 14:51:08,1900-01-00 00:00:00,0999-wombat,B8:27:EB:6F:ED:ED,-41, WPA ,0.000000,0.000000,0.000,0.000,AP
2026-04-01 14:51:08,1900-01-00 00:00:00,0999-wombat,B8:27:EB:6F:ED:ED,-41, WPA ,0.000000,0.000000,0.000,0.000,AP
2026-04-01 14:51:08,1900-01-00 00:00:00,0999-wombat,B8:27:EB:6F:ED:ED,-42, WPA ,0.000000,0.000000,0.000,0.000,AP
2026-04-01 14:51:08,1900-01-00 00:00:00,0999-wombat,B8:27:EB:6F:ED:ED,-41, WPA ,0.000000,0.000000,0.000,0.000,AP
2026-04-01 14:51:08,1900-01-00 00:00:00,0999-wombat,B8:27:EB:6F:ED:ED,-41, WPA ,0.000000,0.000000,0.000,0.000,AP
2026-04-01 14:51:08,1900-01-00 00:00:00,0999-wombat,B8:27:EB:6F:ED:ED,-41, WPA ,0.000000,0.000000,0.000,0.000,AP
2026-04-01 14:51:08,1900-01-00 00:00:00,0999-wombat,B8:27:EB:6F:ED:ED,-41, WPA ,0.000000,0.000000,0.000,0.000,AP
2026-04-01 14:51:08,1900-01-00 00:00:00,0999-wombat,B8:27:EB:6F:ED:ED,-41, WPA ,0.000000,0.000000,0.000,0.000,AP
2026-04-01 14:51:08,1900-01-00 00:00:00,0999-wombat,B8:27:EB:6F:ED:ED,-41, WPA ,0.000000,0.000000,0.000,0.000,AP
2026-04-01 14:51:08,1900-01-00 00:00:00,0999-wombat,B8:27:EB:6F:ED:ED,-41, WPA ,0.000000,0.000000,0.000,0.000,AP
2026-04-01 14:51:08,1900-01-00 00:00:00,0999-wombat,B8:27:EB:6F:ED:ED,-41, WPA ,0.000000,0.000000,0.000,0.000,AP
2026-04-01 14:51:08,1900-01-00 00:00:00,0999-wombat,B8:27:EB:6F:ED:ED,-41, WPA ,0.000000,0.000000,0.000,0.000,AP
2026-04-01 14:51:08,1900-01-00 00:00:00,0999-wombat,B8:27:EB:6F:ED:ED,-41, WPA ,0.000000,0.000000,0.000,0.000,AP
2026-04-01 14:51:08,1900-01-00 00:00:00,0999-wombat,B8:27:EB:6F:ED:ED,-41, WPA ,0.000000,0.000000,0.000,0.000,AP
2026-04-01 14:51:08,1900-01-00 00:00:00,0999-wombat,B8:27:EB:6F:ED:ED,-41, WPA ,0.000000,0.000000,0.000,0.000,AP
2026-04-01 14:51:08,1900-01-00 00:00:00,0999-wombat,B8:27:EB:6F:ED:ED,-41, WPA ,0.000000,0.000000,0.000,0.000,AP
2026-04-01 14:51:08,1900-01-00 00:00:00,0999-wombat,B8:27:EB:6F:ED:ED,-41, WPA ,0.000000,0.000000,0.000,0.000,AP
2026-04-01 14:51:08,1900-01-00 00:00:00,0999-wombat,B8:27:EB:6F:ED:ED,-41, WPA ,0.000000,0.000000,0.000,0.000,AP
2026-04-01 14:51:08,1900-01-00 00:00:00,0999-wombat,B8:27:EB:6F:ED:ED,-41, WPA ,0.000000,0.000000,0.000,0.000,AP
2026-04-01 14:51:08,1900-01-00 00:00:00,0999-wombat,B8:27:EB:6F:ED:ED,-41, WPA ,0.000000,0.000000,0.000,0.000,AP
2026-04-01 14:51:08,1900-01-00 00:00:00,0999-wombat,B8:27:EB:6F:ED:ED,-41, WPA ,0.000000,0.000000,0.000,0.000,AP
2026-04-01 14:51:08,1900-01-00 00:00:00,0999-wombat,B8:27:EB:6F:ED:ED,-41, WPA ,0.000000,0.000000,0.000,0.000,AP
2026-04-01 14:51:08,1900-01-00 00:00:00,0999-wombat,B8:27:EB:6F:ED:ED,-41, WPA ,0.000000,0.000000,0.000,0.000,AP
2026-04-01 14:51:08,1900-01-00 00:00:00,0999-wombat,B8:27:EB:6F:ED:ED,-41, WPA ,0.000000,0.000000,0.000,0.000,AP
2026-04-01 14:51:08,1900-01-00 00:00:00,0999-wombat,B8:27:EB:6F:ED:ED,-41, WPA ,0.000000,0.000000,0.000,0.000,AP
2026-04-01 14:51:08,1900-01-00 00:00:00,0999-wombat,B8:27:EB:6F:ED:ED,-41, WPA ,0.000000,0.000000,0.000,0.000,AP
2026-04-01 14:51:08,1900-01-00 00:00:00,0999-wombat,B8:27:EB:6F:ED:ED,-41, WPA ,0.000000,0.000000,0.000,0.000,AP
2026-04-01 14:51:08,1900-01-00 00:00:00,0999-wombat,B8:27:EB:6F:ED:ED,-41, WPA ,0.000000,0.000000,0.000,0.000,AP
2026-04-01 14:51:08,1900-01-00 00:00:00,0999-wombat,B8:27:EB:6F:ED:ED,-41, WPA ,0.000000,0.000000,0.000,0.000,AP
2026-04-01 14:51:08,1900-01-00 00:00:00,0999-wombat,B8:27:EB:6F:ED:ED,-41, WPA ,0.000000,0.000000,0.000,0.000,AP
2026-04-01 14:51:08,1900-01-00 00:00:00,0999-wombat,B8:27:EB:6F:ED:ED,-41, WPA ,0.000000,0.000000,0.000,0.000,AP
2026-04-01 14:51:08,1900-01-00 00:00:00,0999-wombat,B8:27:EB:6F:ED:ED,-61, WPA ,0.000000,0.000000,0.000,0.000,AP
2026-04-01 14:51:08,1900-01-00 00:00:00,0999-wombat,B8:27:EB:6F:ED:ED,-61, WPA ,0.000000,0.000000,0.000,0.000,AP
2026-04-01 14:51:08,1900-01-00 00:00:00,0999-wombat,B8:27:EB:6F:ED:ED,-61, WPA ,0.000000,0.000000,0.000,0.000,AP
2026-04-01 14:51:08,1900-01-00 00:00:00,0999-wombat,B8:27:EB:6F:ED:ED,-61, WPA ,0.000000,0.000000,0.000,0.000,AP
2026-04-01 14:51:08,1900-01-00 00:00:00,0999-wombat,B8:27:EB:6F:ED:ED,-61, WPA ,0.000000,0.000000,0.000,0.000,AP
2026-04-01 14:51:08,1900-01-00 00:00:00,0999-wombat,B8:27:EB:6F:ED:ED,-61, WPA ,0.000000,0.000000,0.000,0.000,AP
2026-04-01 14:51:08,1900-01-00 00:00:00,0999-wombat,B8:27:EB:6F:ED:ED,-61, WPA ,0.000000,0.000000,0.000,0.000,AP
2026-04-01 14:51:08,1900-01-00 00:00:00,0999-wombat,B8:27:EB:6F:ED:ED,-61, WPA ,0.000000,0.000000,0.000,0.000,AP
2026-04-01 14:51:08,1900-01-00 00:00:00,0999-wombat,B8:27:EB:6F:ED:ED,-61, WPA ,0.000000,0.000000,0.000,0.000,AP
2026-04-01 14:51:08,1900-01-00 00:00:00,0999-wombat,B8:27:EB:6F:ED:ED,-61, WPA ,0.000000,0.000000,0.000,0.000,AP
2026-04-01 14:51:08,1900-01-00 00:00:00,0999-wombat,B8:27:EB:6F:ED:ED,-61, WPA ,0.000000,0.000000,0.000,0.000,AP
2026-04-01 14:51:08,1900-01-00 00:00:00,0999-wombat,B8:27:EB:6F:ED:ED,-61, WPA ,0.000000,0.000000,0.000,0.000,AP
2026-04-01 14:51:08,1900-01-00 00:00:00,0999-wombat,B8:27:EB:6F:ED:ED,-64, WPA ,0.000000,0.000000,0.000,0.000,AP
2026-04-01 14:51:08,1900-01-00 00:00:00,0999-wombat,B8:27:EB:6F:ED:ED,-64, WPA ,0.000000,0.000000,0.000,0.000,AP
2026-04-01 14:51:08,1900-01-00 00:00:00,0999-wombat,B8:27:EB:6F:ED:ED,-64, WPA ,0.000000,0.000000,0.000,0.000,AP
2026-04-01 14:51:08,1900-01-00 00:00:00,0999-wombat,B8:27:EB:6F:ED:ED,-64, WPA ,0.000000,0.000000,0.000,0.000,AP
2026-04-01 14:51:08,1900-01-00 00:00:00,0999-wombat,B8:27:EB:6F:ED:ED,-64, WPA ,0.000000,0.000000,0.000,0.000,AP
2026-04-01 14:51:08,1900-01-00 00:00:00,0999-wombat,B8:27:EB:6F:ED:ED,-64, WPA ,0.000000,0.000000,0.000,0.000,AP
2026-04-01 14:51:08,1900-01-00 00:00:00,0999-wombat,B8:27:EB:6F:ED:ED,-64, WPA ,0.000000,0.000000,0.000,0.000,AP
2026-04-01 14:51:08,1900-01-00 00:00:00,0999-wombat,B8:27:EB:6F:ED:ED,-77, WPA ,0.000000,0.000000,0.000,0.000,AP
2026-04-01 14:51:08,1900-01-00 00:00:00,0999-wombat,B8:27:EB:6F:ED:ED,-77, WPA ,0.000000,0.000000,0.000,0.000,AP
2026-04-01 14:51:08,1900-01-00 00:00:00,0999-wombat,B8:27:EB:6F:ED:ED,-77, WPA ,0.000000,0.000000,0.000,0.000,AP
2026-04-01 14:51:08,1900-01-00 00:00:00,0999-wombat,B8:27:EB:6F:ED:ED,-77, WPA ,0.000000,0.000000,0.000,0.000,AP
2026-04-01 14:51:08,1900-01-00 00:00:00,0999-wombat,B8:27:EB:6F:ED:ED,-77, WPA ,0.000000,0.000000,0.000,0.000,AP
2026-04-01 14:51:08,1900-01-00 00:00:00,0999-wombat,B8:27:EB:6F:ED:ED,-77, WPA ,0.000000,0.000000,0.000,0.000,AP
2026-04-01 14:51:08,1900-01-00 00:00:00,0999-wombat,B8:27:EB:6F:ED:ED,-77, WPA ,0.000000,0.000000,0.000,0.000,AP
2026-04-01 14:51:08,1900-01-00 00:00:00,0999-wombat,B8:27:EB:6F:ED:ED,-77, WPA ,0.000000,0.000000,0.000,0.000,AP
2026-04-01 14:51:08,1900-01-00 00:00:00,0999-wombat,B8:27:EB:6F:ED:ED,-77, WPA ,0.000000,0.000000,0.000,0.000,AP
2026-04-01 14:51:08,1900-01-00 00:00:00,0999-wombat,B8:27:EB:6F:ED:ED,-77, WPA ,0.000000,0.000000,0.000,0.000,AP
2026-04-01 14:51:08,1900-01-00 00:00:00,0999-wombat,B8:27:EB:6F:ED:ED,-77, WPA ,0.000000,0.000000,0.000,0.000,AP
2026-04-01 14:51:08,1900-01-00 00:00:00,0999-wombat,B8:27:EB:6F:ED:ED,-77, WPA ,0.000000,0.000000,0.000,0.000,AP
2026-04-01 14:51:08,1900-01-00 00:00:00,0999-wombat,B8:27:EB:6F:ED:ED,-77, WPA ,0.000000,0.000000,0.000,0.000,AP
2026-04-01 14:51:08,1900-01-00 00:00:00,0999-wombat,B8:27:EB:6F:ED:ED,-77, WPA ,0.000000,0.000000,0.000,0.000,AP
2026-04-01 14:51:08,1900-01-00 00:00:00,0999-wombat,B8:27:EB:6F:ED:ED,-77, WPA ,0.000000,0.000000,0.000,0.000,AP
2026-04-01 14:51:08,1900-01-00 00:00:00,0999-wombat,B8:27:EB:6F:ED:ED,-77, WPA ,0.000000,0.000000,0.000,0.000,AP
2026-04-01 14:51:08,1900-01-00 00:00:00,0999-wombat,B8:27:EB:6F:ED:ED,-77, WPA ,0.000000,0.000000,0.000,0.000,AP
2026-04-01 14:51:08,1900-01-00 00:00:00,0999-wombat,B8:27:EB:6F:ED:ED,-77, WPA ,0.000000,0.000000,0.000,0.000,AP
2026-04-01 14:51:08,1900-01-00 00:00:00,0999-wombat,B8:27:EB:6F:ED:ED,-77, WPA ,0.000000,0.000000,0.000,0.000,AP
2026-04-01 14:51:08,1900-01-00 00:00:00,0999-wombat,B8:27:EB:6F:ED:ED,-77, WPA ,0.000000,0.000000,0.000,0.000,AP
2026-04-01 14:51:08,1900-01-00 00:00:00,0999-wombat,B8:27:EB:6F:ED:ED,-77, WPA ,0.000000,0.000000,0.000,0.000,AP
2026-04-01 14:51:08,1900-01-00 00:00:00,0999-wombat,B8:27:EB:6F:ED:ED,-77, WPA ,0.000000,0.000000,0.000,0.000,AP
2026-04-01 14:51:08,1900-01-00 00:00:00,0999-wombat,B8:27:EB:6F:ED:ED,-77, WPA ,0.000000,0.000000,0.000,0.000,AP
2026-04-01 14:51:08,1900-01-00 00:00:00,0999-wombat,B8:27:EB:6F:ED:ED,-77, WPA ,0.000000,0.000000,0.000,0.000,AP
2026-04-01 14:51:08,1900-01-00 00:00:00,0999-wombat,B8:27:EB:6F:ED:ED,-77, WPA ,0.000000,0.000000,0.000,0.000,AP
2026-04-01 14:51:08,1900-01-00 00:00:00,0999-wombat,B8:27:EB:6F:ED:ED,-77, WPA ,0.000000,0.000000,0.000,0.000,AP
2026-04-01 14:51:08,1900-01-00 00:00:00,0999-wombat,B8:27:EB:6F:ED:ED,-79, WPA ,0.000000,0.000000,0.000,0.000,AP
2026-04-01 14:51:08,1900-01-00 00:00:00,0999-wombat,B8:27:EB:6F:ED:ED,-79, WPA ,0.000000,0.000000,0.000,0.000,AP
2026-04-01 14:51:08,1900-01-00 00:00:00,0999-wombat,B8:27:EB:6F:ED:ED,-79, WPA ,0.000000,0.000000,0.000,0.000,AP
2026-04-01 14:51:08,1900-01-00 00:00:00,0999-wombat,B8:27:EB:6F:ED:ED,-79, WPA ,0.000000,0.000000,0.000,0.000,AP
2026-04-01 14:51:08,1900-01-00 00:00:00,0999-wombat,B8:27:EB:6F:ED:ED,-79, WPA ,0.000000,0.000000,0.000,0.000,AP
2026-04-01 14:51:08,1900-01-00 00:00:00,0999-wombat,B8:27:EB:6F:ED:ED,-79, WPA ,0.000000,0.000000,0.000,0.000,AP
2026-04-01 14:51:08,1900-01-00 00:00:00,0999-wombat,B8:27:EB:6F:ED:ED,-79, WPA ,0.000000,0.000000,0.000,0.000,AP
2026-04-01 14:51:08,1900-01-00 00:00:00,0999-wombat,B8:27:EB:6F:ED:ED,-77, WPA ,0.000000,0.000000,0.000,0.000,AP
2026-04-01 14:51:08,1900-01-00 00:00:00,0999-wombat,B8:27:EB:6F:ED:ED,-78, WPA ,0.000000,0.000000,0.000,0.000,AP
2026-04-01 14:51:08,1900-01-00 00:00:00,0999-wombat,B8:27:EB:6F:ED:ED,-78, WPA ,0.000000,0.000000,0.000,0.000,AP
2026-04-01 14:51:08,1900-01-00 00:00:00,0999-wombat,B8:27:EB:6F:ED:ED,-78, WPA ,0.000000,0.000000,0.000,0.000,AP
2026-04-01 14:51:08,1900-01-00 00:00:00,0999-wombat,B8:27:EB:6F:ED:ED,-78, WPA ,0.000000,0.000000,0.000,0.000,AP
2026-04-01 14:51:08,1900-01-00 00:00:00,0999-wombat,B8:27:EB:6F:ED:ED,-78, WPA ,0.000000,0.000000,0.000,0.000,AP
2026-04-01 14:51:08,1900-01-00 00:00:00,0999-wombat,B8:27:EB:6F:ED:ED,-78, WPA ,0.000000,0.000000,0.000,0.000,AP
2026-04-01 14:51:08,1900-01-00 00:00:00,0999-wombat,B8:27:EB:6F:ED:ED,-78, WPA ,0.000000,0.000000,0.000,0.000,AP
2026-04-01 14:51:08,1900-01-00 00:00:00,0999-wombat,B8:27:EB:6F:ED:ED,-78, WPA ,0.000000,0.000000,0.000,0.000,AP
2026-04-01 14:51:08,1900-01-00 00:00:00,0999-wombat,B8:27:EB:6F:ED:ED,-78, WPA ,0.000000,0.000000,0.000,0.000,AP
2026-04-01 14:51:08,1900-01-00 00:00:00,0999-wombat,B8:27:EB:6F:ED:ED,-78, WPA ,0.000000,0.000000,0.000,0.000,AP
2026-04-01 14:51:08,1900-01-00 00:00:00,0999-wombat,B8:27:EB:6F:ED:ED,-78, WPA ,0.000000,0.000000,0.000,0.000,AP
2026-04-01 14:51:08,1900-01-00 00:00:00,0999-wombat,B8:27:EB:6F:ED:ED,-78, WPA ,0.000000,0.000000,0.000,0.000,AP
2026-04-01 14:51:08,1900-01-00 00:00:00,0999-wombat,B8:27:EB:6F:ED:ED,-78, WPA ,0.000000,0.000000,0.000,0.000,AP
2026-04-01 14:51:08,1900-01-00 00:00:00,0999-wombat,B8:27:EB:6F:ED:ED,-78, WPA ,0.000000,0.000000,0.000,0.000,AP
2026-04-01 14:51:08,1900-01-00 00:00:00,0999-wombat,B8:27:EB:6F:ED:ED,-78, WPA ,0.000000,0.000000,0.000,0.000,AP
2026-04-01 14:51:08,1900-01-00 00:00:00,0999-wombat,B8:27:EB:6F:ED:ED,-78, WPA ,0.000000,0.000000,0.000,0.000,AP
2026-04-01 14:51:08,1900-01-00 00:00:00,0999-wombat,B8:27:EB:6F:ED:ED,-78, WPA ,0.000000,0.000000,0.000,0.000,AP
2026-04-01 14:51:08,1900-01-00 00:00:00,0999-wombat,B8:27:EB:6F:ED:ED,-78, WPA ,0.000000,0.000000,0.000,0.000,AP
2026-04-01 14:51:08,1900-01-00 00:00:00,0999-wombat,B8:27:EB:6F:ED:ED,-78, WPA ,0.000000,0.000000,0.000,0.000,AP
2026-04-01 14:51:08,1900-01-00 00:00:00,0999-wombat,B8:27:EB:6F:ED:ED,-78, WPA ,0.000000,0.000000,0.000,0.000,AP
2026-04-01 14:51:08,1900-01-00 00:00:00,0999-wombat,B8:27:EB:6F:ED:ED,-78, WPA ,0.000000,0.000000,0.000,0.000,AP
2026-04-01 14:51:08,1900-01-00 00:00:00,0999-wombat,B8:27:EB:6F:ED:ED,-78, WPA ,0.000000,0.000000,0.000,0.000,AP
2026-04-01 14:51:08,1900-01-00 00:00:00,0999-wombat,B8:27:EB:6F:ED:ED,-78, WPA ,0.000000,0.000000,0.000,0.000,AP
2026-04-01 14:51:08,1900-01-00 00:00:00,0999-wombat,B8:27:EB:6F:ED:ED,-78, WPA ,0.000000,0.000000,0.000,0.000,AP
2026-04-01 14:51:08,1900-01-00 00:00:00,0999-wombat,B8:27:EB:6F:ED:ED,-78, WPA ,0.000000,0.000000,0.000,0.000,AP
2026-04-01 14:51:08,1900-01-00 00:00:00,0999-wombat,B8:27:EB:6F:ED:ED,-78, WPA ,0.000000,0.000000,0.000,0.000,AP
2026-04-01 14:51:08,1900-01-00 00:00:00,0999-wombat,B8:27:EB:6F:ED:ED,-78, WPA ,0.000000,0.000000,0.000,0.000,AP
2026-04-01 14:51:08,1900-01-00 00:00:00,0999-wombat,B8:27:EB:6F:ED:ED,-78, WPA ,0.000000,0.000000,0.000,0.000,AP
2026-04-01 14:51:08,1900-01-00 00:00:00,0999-wombat,B8:27:EB:6F:ED:ED,-78, WPA ,0.000000,0.000000,0.000,0.000,AP
2026-04-01 14:51:08,1900-01-00 00:00:00,0999-wombat,B8:27:EB:6F:ED:ED,-78, WPA ,0.000000,0.000000,0.000,0.000,AP
2026-04-01 14:51:08,1900-01-00 00:00:00,0999-wombat,B8:27:EB:6F:ED:ED,-78, WPA ,0.000000,0.000000,0.000,0.000,AP
2026-04-01 14:51:08,1900-01-00 00:00:00,0999-wombat,B8:27:EB:6F:ED:ED,-78, WPA ,0.000000,0.000000,0.000,0.000,AP
2026-04-01 14:51:08,1900-01-00 00:00:00,0999-wombat,B8:27:EB:6F:ED:ED,-78, WPA ,0.000000,0.000000,0.000,0.000,AP
2026-04-01 14:51:08,1900-01-00 00:00:00,0999-wombat,B8:27:EB:6F:ED:ED,-78, WPA ,0.000000,0.000000,0.000,0.000,AP
2026-04-01 14:51:08,1900-01-00 00:00:00,0999-wombat,B8:27:EB:6F:ED:ED,-78, WPA ,0.000000,0.000000,0.000,0.000,AP
2026-04-01 14:51:08,1900-01-00 00:00:00,0999-wombat,B8:27:EB:6F:ED:ED,-78, WPA ,0.000000,0.000000,0.000,0.000,AP
2026-04-01 14:51:08,1900-01-00 00:00:00,0999-wombat,B8:27:EB:6F:ED:ED,-78, WPA ,0.000000,0.000000,0.000,0.000,AP
2026-04-01 14:51:08,1900-01-00 00:00:00,0999-wombat,B8:27:EB:6F:ED:ED,-49, WPA ,0.000000,0.000000,0.000,0.000,AP
2026-04-01 14:51:08,1900-01-00 00:00:00,0999-wombat,B8:27:EB:6F:ED:ED,-49, WPA ,0.000000,0.000000,0.000,0.000,AP
2026-04-01 14:51:08,1900-01-00 00:00:00,0999-wombat,B8:27:EB:6F:ED:ED,-49, WPA ,0.000000,0.000000,0.000,0.000,AP
2026-04-01 14:51:08,1900-01-00 00:00:00,0999-wombat,B8:27:EB:6F:ED:ED,-49, WPA ,0.000000,0.000000,0.000,0.000,AP
2026-04-01 14:51:08,1900-01-00 00:00:00,0999-wombat,B8:27:EB:6F:ED:ED,-49, WPA ,0.000000,0.000000,0.000,0.000,AP
2026-04-01 14:51:08,1900-01-00 00:00:00,0999-wombat,B8:27:EB:6F:ED:ED,-49, WPA ,0.000000,0.000000,0.000,0.000,AP
2026-04-01 14:51:08,1900-01-00 00:00:00,0999-wombat,B8:27:EB:6F:ED:ED,-49, WPA ,0.000000,0.000000,0.000,0.000,AP
2026-04-01 14:51:08,1900-01-00 00:00:00,0999-wombat,B8:27:EB:6F:ED:ED,-49, WPA ,0.000000,0.000000,0.000,0.000,AP
2026-04-01 14:51:08,1900-01-00 00:00:00,0999-wombat,B8:27:EB:6F:ED:ED,-49, WPA ,0.000000,0.000000,0.000,0.000,AP
2026-04-01 14:51:08,1900-01-00 00:00:00,0999-wombat,B8:27:EB:6F:ED:ED,-49, WPA ,0.000000,0.000000,0.000,0.000,AP
2026-04-01 14:51:08,1900-01-00 00:00:00,0999-wombat,B8:27:EB:6F:ED:ED,-49, WPA ,0.000000,0.000000,0.000,0.000,AP
2026-04-01 14:51:08,1900-01-00 00:00:00,0999-wombat,B8:27:EB:6F:ED:ED,-49, WPA ,0.000000,0.000000,0.000,0.000,AP
2026-04-01 14:51:08,1900-01-00 00:00:00,0999-wombat,B8:27:EB:6F:ED:ED,-49, WPA ,0.000000,0.000000,0.000,0.000,AP
2026-04-01 14:51:08,1900-01-00 00:00:00,0999-wombat,B8:27:EB:6F:ED:ED,-49, WPA ,0.000000,0.000000,0.000,0.000,AP
2026-04-01 14:51:08,1900-01-00 00:00:00,0999-wombat,B8:27:EB:6F:ED:ED,-49, WPA ,0.000000,0.000000,0.000,0.000,AP
2026-04-01 14:51:08,1900-01-00 00:00:00,0999-wombat,B8:27:EB:6F:ED:ED,-49, WPA ,0.000000,0.000000,0.000,0.000,AP
2026-04-01 14:51:08,1900-01-00 00:00:00,0999-wombat,B8:27:EB:6F:ED:ED,-49, WPA ,0.000000,0.000000,0.000,0.000,AP
2026-04-01 14:51:08,1900-01-00 00:00:00,0999-wombat,B8:27:EB:6F:ED:ED,-49, WPA ,0.000000,0.000000,0.000,0.000,AP
2026-04-01 14:51:08,1900-01-00 00:00:00,0999-wombat,B8:27:EB:6F:ED:ED,-49, WPA ,0.000000,0.000000,0.000,0.000,AP
2026-04-01 14:51:08,1900-01-00 00:00:00,0999-wombat,B8:27:EB:6F:ED:ED,-49, WPA ,0.000000,0.000000,0.000,0.000,AP
2026-04-01 14:51:08,1900-01-00 00:00:00,0999-wombat,B8:27:EB:6F:ED:ED,-49, WPA ,0.000000,0.000000,0.000,0.000,AP
2026-04-01 14:51:08,1900-01-00 00:00:00,0999-wombat,B8:27:EB:6F:ED:ED,-49, WPA ,0.000000,0.000000,0.000,0.000,AP
2026-04-01 14:51:08,1900-01-00 00:00:00,0999-wombat,B8:27:EB:6F:ED:ED,-49, WPA ,0.000000,0.000000,0.000,0.000,AP
2026-04-01 14:51:08,1900-01-00 00:00:00,0999-wombat,B8:27:EB:6F:ED:ED,-64, WPA ,0.000000,0.000000,0.000,0.000,AP
2026-04-01 14:51:08,1900-01-00 00:00:00,0999-wombat,B8:27:EB:6F:ED:ED,-64, WPA ,0.000000,0.000000,0.000,0.000,AP
2026-04-01 14:51:08,1900-01-00 00:00:00,0999-wombat,B8:27:EB:6F:ED:ED,-64, WPA ,0.000000,0.000000,0.000,0.000,AP
2026-04-01 14:51:08,1900-01-00 00:00:00,0999-wombat,B8:27:EB:6F:ED:ED,-64, WPA ,0.000000,0.000000,0.000,0.000,AP
2026-04-01 14:51:08,1900-01-00 00:00:00,0999-wombat,B8:27:EB:6F:ED:ED,-78, WPA ,0.000000,0.000000,0.000,0.000,AP
2026-04-01 14:51:08,1900-01-00 00:00:00,0999-wombat,B8:27:EB:6F:ED:ED,-78, WPA ,0.000000,0.000000,0.000,0.000,AP
2026-04-01 14:51:08,1900-01-00 00:00:00,0999-wombat,B8:27:EB:6F:ED:ED,-78, WPA ,0.000000,0.000000,0.000,0.000,AP
2026-04-01 14:51:08,1900-01-00 00:00:00,0999-wombat,B8:27:EB:6F:ED:ED,-78, WPA ,0.000000,0.000000,0.000,0.000,AP
2026-04-01 14:51:08,1900-01-00 00:00:00,0999-wombat,B8:27:EB:6F:ED:ED,-64, WPA ,0.000000,0.000000,0.000,0.000,AP
2026-04-01 14:51:08,1900-01-00 00:00:00,0999-wombat,B8:27:EB:6F:ED:ED,-66, WPA ,0.000000,0.000000,0.000,0.000,AP
2026-04-01 14:51:08,1900-01-00 00:00:00,0999-wombat,B8:27:EB:6F:ED:ED,-66, WPA ,0.000000,0.000000,0.000,0.000,AP
2026-04-01 14:51:08,1900-01-00 00:00:00,0999-wombat,B8:27:EB:6F:ED:ED,-65, WPA ,0.000000,0.000000,0.000,0.000,AP
2026-04-01 14:51:08,1900-01-00 00:00:00,0999-wombat,B8:27:EB:6F:ED:ED,-65, WPA ,0.000000,0.000000,0.000,0.000,AP
2026-04-01 14:51:08,1900-01-00 00:00:00,0999-wombat,B8:27:EB:6F:ED:ED,-65, WPA ,0.000000,0.000000,0.000,0.000,AP
2026-04-01 14:51:08,1900-01-00 00:00:00,0999-wombat,B8:27:EB:6F:ED:ED,-65, WPA ,0.000000,0.000000,0.000,0.000,AP
2026-04-01 14:51:08,1900-01-00 00:00:00,0999-wombat,B8:27:EB:6F:ED:ED,-65, WPA ,0.000000,0.000000,0.000,0.000,AP
2026-04-01 14:51:08,1900-01-00 00:00:00,0999-wombat,B8:27:EB:6F:ED:ED,-65, WPA ,0.000000,0.000000,0.000,0.000,AP
2026-04-01 14:51:08,1900-01-00 00:00:00,0999-wombat,B8:27:EB:6F:ED:ED,-65, WPA ,0.000000,0.000000,0.000,0.000,AP
2026-04-01 14:51:08,1900-01-00 00:00:00,0999-wombat,B8:27:EB:6F:ED:ED,-65, WPA ,0.000000,0.000000,0.000,0.000,AP
2026-04-01 14:51:08,1900-01-00 00:00:00,0999-wombat,B8:27:EB:6F:ED:ED,-65, WPA ,0.000000,0.000000,0.000,0.000,AP
2026-04-01 14:51:08,1900-01-00 00:00:00,0999-wombat,B8:27:EB:6F:ED:ED,-65, WPA ,0.000000,0.000000,0.000,0.000,AP
2026-04-01 14:51:08,1900-01-00 00:00:00,0999-wombat,B8:27:EB:6F:ED:ED,-65, WPA ,0.000000,0.000000,0.000,0.000,AP
2026-04-01 14:51:08,1900-01-00 00:00:00,0999-wombat,B8:27:EB:6F:ED:ED,-65, WPA ,0.000000,0.000000,0.000,0.000,AP
2026-04-01 14:51:08,1900-01-00 00:00:00,0999-wombat,B8:27:EB:6F:ED:ED,-65, WPA ,0.000000,0.000000,0.000,0.000,AP
2026-04-01 14:51:08,1900-01-00 00:00:00,0999-wombat,B8:27:EB:6F:ED:ED,-65, WPA ,0.000000,0.000000,0.000,0.000,AP
2026-04-01 14:51:08,1900-01-00 00:00:00,0999-wombat,B8:27:EB:6F:ED:ED,-65, WPA ,0.000000,0.000000,0.000,0.000,AP
2026-04-01 14:51:08,1900-01-00 00:00:00,0999-wombat,B8:27:EB:6F:ED:ED,-65, WPA ,0.000000,0.000000,0.000,0.000,AP
2026-04-01 14:51:08,1900-01-00 00:00:00,0999-wombat,B8:27:EB:6F:ED:ED,-65, WPA ,0.000000,0.000000,0.000,0.000,AP
2026-04-01 14:51:08,1900-01-00 00:00:00,0999-wombat,B8:27:EB:6F:ED:ED,-65, WPA ,0.000000,0.000000,0.000,0.000,AP
2026-04-01 14:51:08,1900-01-00 00:00:00,0999-wombat,B8:27:EB:6F:ED:ED,-65, WPA ,0.000000,0.000000,0.000,0.000,AP
2026-04-01 14:51:08,1900-01-00 00:00:00,0999-wombat,B8:27:EB:6F:ED:ED,-65, WPA ,0.000000,0.000000,0.000,0.000,AP
2026-04-01 14:51:08,1900-01-00 00:00:00,0999-wombat,B8:27:EB:6F:ED:ED,-65, WPA ,0.000000,0.000000,0.000,0.000,AP
2026-04-01 14:51:08,1900-01-00 00:00:00,0999-wombat,B8:27:EB:6F:ED:ED,-65, WPA ,0.000000,0.000000,0.000,0.000,AP
2026-04-01 14:51:08,1900-01-00 00:00:00,0999-wombat,B8:27:EB:6F:ED:ED,-65, WPA ,0.000000,0.000000,0.000,0.000,AP
2026-04-01 14:51:08,1900-01-00 00:00:00,0999-wombat,B8:27:EB:6F:ED:ED,-65, WPA ,0.000000,0.000000,0.000,0.000,AP
2026-04-01 14:51:08,1900-01-00 00:00:00,0999-wombat,B8:27:EB:6F:ED:ED,-65, WPA ,0.000000,0.000000,0.000,0.000,AP
2026-04-01 14:51:08,1900-01-00 00:00:00,0999-wombat,B8:27:EB:6F:ED:ED,-65, WPA ,0.000000,0.000000,0.000,0.000,AP
2026-04-01 14:51:08,1900-01-00 00:00:00,0999-wombat,B8:27:EB:6F:ED:ED,-65, WPA ,0.000000,0.000000,0.000,0.000,AP
2026-04-01 14:51:08,1900-01-00 00:00:00,0999-wombat,B8:27:EB:6F:ED:ED,-65, WPA ,0.000000,0.000000,0.000,0.000,AP
2026-04-01 14:51:08,1900-01-00 00:00:00,0999-wombat,B8:27:EB:6F:ED:ED,-65, WPA ,0.000000,0.000000,0.000,0.000,AP
2026-04-01 14:51:08,1900-01-00 00:00:00,0999-wombat,B8:27:EB:6F:ED:ED,-65, WPA ,0.000000,0.000000,0.000,0.000,AP
2026-04-01 14:51:08,1900-01-00 00:00:00,0999-wombat,B8:27:EB:6F:ED:ED,-65, WPA ,0.000000,0.000000,0.000,0.000,AP
2026-04-01 14:51:08,1900-01-00 00:00:00,0999-wombat,B8:27:EB:6F:ED:ED,-65, WPA ,0.000000,0.000000,0.000,0.000,AP
2026-04-01 14:51:08,1900-01-00 00:00:00,0999-wombat,B8:27:EB:6F:ED:ED,-65, WPA ,0.000000,0.000000,0.000,0.000,AP
2026-04-01 14:51:08,1900-01-00 00:00:00,0999-wombat,B8:27:EB:6F:ED:ED,-65, WPA ,0.000000,0.000000,0.000,0.000,AP
2026-04-01 14:51:08,1900-01-00 00:00:00,0999-wombat,B8:27:EB:6F:ED:ED,-65, WPA ,0.000000,0.000000,0.000,0.000,AP
2026-04-01 14:51:08,1900-01-00 00:00:00,0999-wombat,B8:27:EB:6F:ED:ED,-65, WPA ,0.000000,0.000000,0.000,0.000,AP
2026-04-01 14:51:08,1900-01-00 00:00:00,0999-wombat,B8:27:EB:6F:ED:ED,-65, WPA ,0.000000,0.000000,0.000,0.000,AP
2026-04-01 14:51:08,1900-01-00 00:00:00,0999-wombat,B8:27:EB:6F:ED:ED,-65, WPA ,0.000000,0.000000,0.000,0.000,AP
2026-04-01 14:51:08,1900-01-00 00:00:00,0999-wombat,B8:27:EB:6F:ED:ED,-65, WPA ,0.000000,0.000000,0.000,0.000,AP
2026-04-01 14:51:08,1900-01-00 00:00:00,0999-wombat,B8:27:EB:6F:ED:ED,-65, WPA ,0.000000,0.000000,0.000,0.000,AP
2026-04-01 14:51:08,1900-01-00 00:00:00,0999-wombat,B8:27:EB:6F:ED:ED,-65, WPA ,0.000000,0.000000,0.000,0.000,AP
2026-04-01 14:51:08,1900-01-00 00:00:00,0999-wombat,B8:27:EB:6F:ED:ED,-65, WPA ,0.000000,0.000000,0.000,0.000,AP
2026-04-01 14:51:08,1900-01-00 00:00:00,0999-wombat,B8:27:EB:6F:ED:ED,-65, WPA ,0.000000,0.000000,0.000,0.000,AP
2026-04-01 14:51:08,1900-01-00 00:00:00,0999-wombat,B8:27:EB:6F:ED:ED,-77, WPA ,0.000000,0.000000,0.000,0.000,AP
2026-04-01 14:51:08,1900-01-00 00:00:00,0999-wombat,B8:27:EB:6F:ED:ED,-77, WPA ,0.000000,0.000000,0.000,0.000,AP
2026-04-01 14:51:08,1900-01-00 00:00:00,0999-wombat,B8:27:EB:6F:ED:ED,-77, WPA ,0.000000,0.000000,0.000,0.000,AP
2026-04-01 14:51:08,1900-01-00 00:00:00,0999-wombat,B8:27:EB:6F:ED:ED,-77, WPA ,0.000000,0.000000,0.000,0.000,AP
2026-04-01 14:51:08,1900-01-00 00:00:00,0999-wombat,B8:27:EB:6F:ED:ED,-77, WPA ,0.000000,0.000000,0.000,0.000,AP
2026-04-01 14:51:08,1900-01-00 00:00:00,0999-wombat,B8:27:EB:6F:ED:ED,-77, WPA ,0.000000,0.000000,0.000,0.000,AP
2026-04-01 14:51:08,1900-01-00 00:00:00,0999-wombat,B8:27:EB:6F:ED:ED,-77, WPA ,0.000000,0.000000,0.000,0.000,AP
2026-04-01 14:51:08,1900-01-00 00:00:00,0999-wombat,B8:27:EB:6F:ED:ED,-77, WPA ,0.000000,0.000000,0.000,0.000,AP
2026-04-01 14:51:08,1900-01-00 00:00:00,0999-wombat,B8:27:EB:6F:ED:ED,-77, WPA ,0.000000,0.000000,0.000,0.000,AP
2026-04-01 14:51:08,1900-01-00 00:00:00,0999-wombat,B8:27:EB:6F:ED:ED,-77, WPA ,0.000000,0.000000,0.000,0.000,AP
2026-04-01 14:51:08,1900-01-00 00:00:00,0999-wombat,B8:27:EB:6F:ED:ED,-77, WPA ,0.000000,0.000000,0.000,0.000,AP
2026-04-01 14:51:08,1900-01-00 00:00:00,0999-wombat,B8:27:EB:6F:ED:ED,-77, WPA ,0.000000,0.000000,0.000,0.000,AP
2026-04-01 14:51:08,1900-01-00 00:00:00,0999-wombat,B8:27:EB:6F:ED:ED,-77, WPA ,0.000000,0.000000,0.000,0.000,AP
2026-04-01 14:51:08,1900-01-00 00:00:00,0999-wombat,B8:27:EB:6F:ED:ED,-77, WPA ,0.000000,0.000000,0.000,0.000,AP
2026-04-01 14:51:08,1900-01-00 00:00:00,0999-wombat,B8:27:EB:6F:ED:ED,-77, WPA ,0.000000,0.000000,0.000,0.000,AP
2026-04-01 14:51:08,1900-01-00 00:00:00,0999-wombat,B8:27:EB:6F:ED:ED,-77, WPA ,0.000000,0.000000,0.000,0.000,AP
2026-04-01 14:51:08,1900-01-00 00:00:00,0999-wombat,B8:27:EB:6F:ED:ED,-75, WPA ,0.000000,0.000000,0.000,0.000,AP
2026-04-01 14:51:08,1900-01-00 00:00:00,0999-wombat,B8:27:EB:6F:ED:ED,-75, WPA ,0.000000,0.000000,0.000,0.000,AP
2026-04-01 14:51:08,1900-01-00 00:00:00,0999-wombat,B8:27:EB:6F:ED:ED,-75, WPA ,0.000000,0.000000,0.000,0.000,AP
2026-04-01 14:51:08,1900-01-00 00:00:00,0999-wombat,B8:27:EB:6F:ED:ED,-75, WPA ,0.000000,0.000000,0.000,0.000,AP
2026-04-01 14:51:08,1900-01-00 00:00:00,0999-wombat,B8:27:EB:6F:ED:ED,-75, WPA ,0.000000,0.000000,0.000,0.000,AP
2026-04-01 14:51:08,1900-01-00 00:00:00,0999-wombat,B8:27:EB:6F:ED:ED,-75, WPA ,0.000000,0.000000,0.000,0.000,AP
2026-04-01 14:51:08,1900-01-00 00:00:00,0999-wombat,B8:27:EB:6F:ED:ED,-75, WPA ,0.000000,0.000000,0.000,0.000,AP
2026-04-01 14:51:08,1900-01-00 00:00:00,0999-wombat,B8:27:EB:6F:ED:ED,-75, WPA ,0.000000,0.000000,0.000,0.000,AP
2026-04-01 14:51:08,1900-01-00 00:00:00,0999-wombat,B8:27:EB:6F:ED:ED,-75, WPA ,0.000000,0.000000,0.000,0.000,AP
2026-04-01 14:51:08,1900-01-00 00:00:00,0999-wombat,B8:27:EB:6F:ED:ED,-75, WPA ,0.000000,0.000000,0.000,0.000,AP
2026-04-01 14:51:08,1900-01-00 00:00:00,0999-wombat,B8:27:EB:6F:ED:ED,-75, WPA ,0.000000,0.000000,0.000,0.000,AP
2026-04-01 14:51:08,1900-01-00 00:00:00,0999-wombat,B8:27:EB:6F:ED:ED,-75, WPA ,0.000000,0.000000,0.000,0.000,AP
2026-04-01 14:51:08,1900-01-00 00:00:00,0999-wombat,B8:27:EB:6F:ED:ED,-75, WPA ,0.000000,0.000000,0.000,0.000,AP
2026-04-01 14:51:08,1900-01-00 00:00:00,0999-wombat,B8:27:EB:6F:ED:ED,-75, WPA ,0.000000,0.000000,0.000,0.000,AP
2026-04-01 14:51:08,1900-01-00 00:00:00,0999-wombat,B8:27:EB:6F:ED:ED,-75, WPA ,0.000000,0.000000,0.000,0.000,AP
2026-04-01 14:51:08,1900-01-00 00:00:00,0999-wombat,B8:27:EB:6F:ED:ED,-75, WPA ,0.000000,0.000000,0.000,0.000,AP
2026-04-01 14:51:08,1900-01-00 00:00:00,0999-wombat,B8:27:EB:6F:ED:ED,-75, WPA ,0.000000,0.000000,0.000,0.000,AP
2026-04-01 14:51:08,1900-01-00 00:00:00,0999-wombat,B8:27:EB:6F:ED:ED,-75, WPA ,0.000000,0.000000,0.000,0.000,AP
2026-04-01 14:51:08,1900-01-00 00:00:00,0999-wombat,B8:27:EB:6F:ED:ED,-75, WPA ,0.000000,0.000000,0.000,0.000,AP
2026-04-01 14:51:08,1900-01-00 00:00:00,0999-wombat,B8:27:EB:6F:ED:ED,-75, WPA ,0.000000,0.000000,0.000,0.000,AP
2026-04-01 14:51:08,1900-01-00 00:00:00,0999-wombat,B8:27:EB:6F:ED:ED,-75, WPA ,0.000000,0.000000,0.000,0.000,AP
2026-04-01 14:51:08,1900-01-00 00:00:00,0999-wombat,B8:27:EB:6F:ED:ED,-75, WPA ,0.000000,0.000000,0.000,0.000,AP
2026-04-01 14:51:08,1900-01-00 00:00:00,0999-wombat,B8:27:EB:6F:ED:ED,-75, WPA ,0.000000,0.000000,0.000,0.000,AP
2026-04-01 14:51:08,1900-01-00 00:00:00,0999-wombat,B8:27:EB:6F:ED:ED,-75, WPA ,0.000000,0.000000,0.000,0.000,AP
2026-04-01 14:51:08,1900-01-00 00:00:00,0999-wombat,B8:27:EB:6F:ED:ED,-75, WPA ,0.000000,0.000000,0.000,0.000,AP
2026-04-01 14:51:08,1900-01-00 00:00:00,0999-wombat,B8:27:EB:6F:ED:ED,-64, WPA ,0.000000,0.000000,0.000,0.000,AP
2026-04-01 14:51:08,1900-01-00 00:00:00,0999-wombat,B8:27:EB:6F:ED:ED,-64, WPA ,0.000000,0.000000,0.000,0.000,AP
2026-04-01 14:51:08,1900-01-00 00:00:00,0999-wombat,B8:27:EB:6F:ED:ED,-64, WPA ,0.000000,0.000000,0.000,0.000,AP
2026-04-01 14:51:08,1900-01-00 00:00:00,0999-wombat,B8:27:EB:6F:ED:ED,-64, WPA ,0.000000,0.000000,0.000,0.000,AP
2026-04-01 14:51:08,1900-01-00 00:00:00,0999-wombat,B8:27:EB:6F:ED:ED,-64, WPA ,0.000000,0.000000,0.000,0.000,AP
2026-04-01 14:51:08,1900-01-00 00:00:00,0999-wombat,B8:27:EB:6F:ED:ED,-64, WPA ,0.000000,0.000000,0.000,0.000,AP
2026-04-01 14:51:08,1900-01-00 00:00:00,0999-wombat,B8:27:EB:6F:ED:ED,-64, WPA ,0.000000,0.000000,0.000,0.000,AP
2026-04-01 14:51:08,1900-01-00 00:00:00,0999-wombat,B8:27:EB:6F:ED:ED,-64, WPA ,0.000000,0.000000,0.000,0.000,AP
2026-04-01 14:51:08,1900-01-00 00:00:00,0999-wombat,B8:27:EB:6F:ED:ED,-76, WPA ,0.000000,0.000000,0.000,0.000,AP
2026-04-01 14:51:08,1900-01-00 00:00:00,0999-wombat,B8:27:EB:6F:ED:ED,-76, WPA ,0.000000,0.000000,0.000,0.000,AP
2026-04-01 14:51:08,1900-01-00 00:00:00,0999-wombat,B8:27:EB:6F:ED:ED,-76, WPA ,0.000000,0.000000,0.000,0.000,AP
2026-04-01 14:51:08,1900-01-00 00:00:00,0999-wombat,B8:27:EB:6F:ED:ED,-61, WPA ,0.000000,0.000000,0.000,0.000,AP
2026-04-01 14:51:08,1900-01-00 00:00:00,0999-wombat,B8:27:EB:6F:ED:ED,-61, WPA ,0.000000,0.000000,0.000,0.000,AP
2026-04-01 14:51:08,1900-01-00 00:00:00,0999-wombat,B8:27:EB:6F:ED:ED,-78, WPA ,0.000000,0.000000,0.000,0.000,AP
2026-04-01 14:51:08,1900-01-00 00:00:00,0999-wombat,B8:27:EB:6F:ED:ED,-78, WPA ,0.000000,0.000000,0.000,0.000,AP
2026-04-01 14:51:08,1900-01-00 00:00:00,0999-wombat,B8:27:EB:6F:ED:ED,-78, WPA ,0.000000,0.000000,0.000,0.000,AP
2026-04-01 14:51:08,1900-01-00 00:00:00,0999-wombat,B8:27:EB:6F:ED:ED,-78, WPA ,0.000000,0.000000,0.000,0.000,AP
2026-04-01 14:51:08,1900-01-00 00:00:00,0999-wombat,B8:27:EB:6F:ED:ED,-78, WPA ,0.000000,0.000000,0.000,0.000,AP
2026-04-01 14:51:08,1900-01-00 00:00:00,0999-wombat,B8:27:EB:6F:ED:ED,-78, WPA ,0.000000,0.000000,0.000,0.000,AP
2026-04-01 14:51:08,1900-01-00 00:00:00,0999-wombat,B8:27:EB:6F:ED:ED,-78, WPA ,0.000000,0.000000,0.000,0.000,AP
2026-04-01 14:51:08,1900-01-00 00:00:00,0999-wombat,B8:27:EB:6F:ED:ED,-78, WPA ,0.000000,0.000000,0.000,0.000,AP
2026-04-01 14:51:08,1900-01-00 00:00:00,0999-wombat,B8:27:EB:6F:ED:ED,-59, WPA ,0.000000,0.000000,0.000,0.000,AP
2026-04-01 14:51:08,1900-01-00 00:00:00,0999-wombat,B8:27:EB:6F:ED:ED,-59, WPA ,0.000000,0.000000,0.000,0.000,AP
2026-04-01 14:51:08,1900-01-00 00:00:00,0999-wombat,B8:27:EB:6F:ED:ED,-59, WPA ,0.000000,0.000000,0.000,0.000,AP
2026-04-01 14:51:08,1900-01-00 00:00:00,0999-wombat,B8:27:EB:6F:ED:ED,-59, WPA ,0.000000,0.000000,0.000,0.000,AP
2026-04-01 14:51:08,1900-01-00 00:00:00,0999-wombat,B8:27:EB:6F:ED:ED,-64, WPA ,0.000000,0.000000,0.000,0.000,AP
2026-04-01 14:51:08,1900-01-00 00:00:00,0999-wombat,B8:27:EB:6F:ED:ED,-64, WPA ,0.000000,0.000000,0.000,0.000,AP
2026-04-01 14:51:08,1900-01-00 00:00:00,0999-wombat,B8:27:EB:6F:ED:ED,-64, WPA ,0.000000,0.000000,0.000,0.000,AP
2026-04-01 14:51:08,1900-01-00 00:00:00,0999-wombat,B8:27:EB:6F:ED:ED,-64, WPA ,0.000000,0.000000,0.000,0.000,AP
2026-04-01 14:51:08,1900-01-00 00:00:00,0999-wombat,B8:27:EB:6F:ED:ED,-64, WPA ,0.000000,0.000000,0.000,0.000,AP
2026-04-01 14:51:08,1900-01-00 00:00:00,0999-wombat,B8:27:EB:6F:ED:ED,-64, WPA ,0.000000,0.000000,0.000,0.000,AP
2026-04-01 14:51:08,1900-01-00 00:00:00,0999-wombat,B8:27:EB:6F:ED:ED,-77, WPA ,0.000000,0.000000,0.000,0.000,AP
2026-04-01 14:51:08,1900-01-00 00:00:00,0999-wombat,B8:27:EB:6F:ED:ED,-77, WPA ,0.000000,0.000000,0.000,0.000,AP
2026-04-01 14:51:08,1900-01-00 00:00:00,0999-wombat,B8:27:EB:6F:ED:ED,-77, WPA ,0.000000,0.000000,0.000,0.000,AP
2026-04-01 14:51:08,1900-01-00 00:00:00,0999-wombat,B8:27:EB:6F:ED:ED,-77, WPA ,0.000000,0.000000,0.000,0.000,AP
2026-04-01 14:51:08,1900-01-00 00:00:00,0999-wombat,B8:27:EB:6F:ED:ED,-77, WPA ,0.000000,0.000000,0.000,0.000,AP
2026-04-01 14:51:08,1900-01-00 00:00:00,0999-wombat,B8:27:EB:6F:ED:ED,-77, WPA ,0.000000,0.000000,0.000,0.000,AP
2026-04-01 14:51:08,1900-01-00 00:00:00,0999-wombat,B8:27:EB:6F:ED:ED,-77, WPA ,0.000000,0.000000,0.000,0.000,AP
2026-04-01 14:51:08,1900-01-00 00:00:00,0999-wombat,B8:27:EB:6F:ED:ED,-77, WPA ,0.000000,0.000000,0.000,0.000,AP
2026-04-01 14:51:08,1900-01-00 00:00:00,0999-wombat,B8:27:EB:6F:ED:ED,-77, WPA ,0.000000,0.000000,0.000,0.000,AP
2026-04-01 14:51:08,1900-01-00 00:00:00,0999-wombat,B8:27:EB:6F:ED:ED,-77, WPA ,0.000000,0.000000,0.000,0.000,AP
2026-04-01 14:51:08,1900-01-00 00:00:00,0999-wombat,B8:27:EB:6F:ED:ED,-77, WPA ,0.000000,0.000000,0.000,0.000,AP
2026-04-01 14:51:08,1900-01-00 00:00:00,0999-wombat,B8:27:EB:6F:ED:ED,-77, WPA ,0.000000,0.000000,0.000,0.000,AP
2026-04-01 14:51:08,1900-01-00 00:00:00,0999-wombat,B8:27:EB:6F:ED:ED,-77, WPA ,0.000000,0.000000,0.000,0.000,AP
2026-04-01 14:51:08,1900-01-00 00:00:00,0999-wombat,B8:27:EB:6F:ED:ED,-77, WPA ,0.000000,0.000000,0.000,0.000,AP
2026-04-01 14:51:08,1900-01-00 00:00:00,0999-wombat,B8:27:EB:6F:ED:ED,-77, WPA ,0.000000,0.000000,0.000,0.000,AP
2026-04-01 14:51:08,1900-01-00 00:00:00,0999-wombat,B8:27:EB:6F:ED:ED,-77, WPA ,0.000000,0.000000,0.000,0.000,AP
2026-04-01 14:51:08,1900-01-00 00:00:00,0999-wombat,B8:27:EB:6F:ED:ED,-77, WPA ,0.000000,0.000000,0.000,0.000,AP
2026-04-01 14:51:08,1900-01-00 00:00:00,0999-wombat,B8:27:EB:6F:ED:ED,-77, WPA ,0.000000,0.000000,0.000,0.000,AP
2026-04-01 14:51:08,1900-01-00 00:00:00,0999-wombat,B8:27:EB:6F:ED:ED,-77, WPA ,0.000000,0.000000,0.000,0.000,AP
2026-04-01 14:51:08,1900-01-00 00:00:00,0999-wombat,B8:27:EB:6F:ED:ED,-77, WPA ,0.000000,0.000000,0.000,0.000,AP
2026-04-01 14:51:08,1900-01-00 00:00:00,0999-wombat,B8:27:EB:6F:ED:ED,-77, WPA ,0.000000,0.000000,0.000,0.000,AP
2026-04-01 14:51:08,1900-01-00 00:00:00,0999-wombat,B8:27:EB:6F:ED:ED,-77, WPA ,0.000000,0.000000,0.000,0.000,AP
2026-04-01 14:51:08,1900-01-00 00:00:00,0999-wombat,B8:27:EB:6F:ED:ED,-77, WPA ,0.000000,0.000000,0.000,0.000,AP
2026-04-01 14:51:08,1900-01-00 00:00:00,0999-wombat,B8:27:EB:6F:ED:ED,-77, WPA ,0.000000,0.000000,0.000,0.000,AP
2026-04-01 14:51:08,1900-01-00 00:00:00,0999-wombat,B8:27:EB:6F:ED:ED,-61, WPA ,0.000000,0.000000,0.000,0.000,AP
2026-04-01 14:51:08,1900-01-00 00:00:00,0999-wombat,B8:27:EB:6F:ED:ED,-61, WPA ,0.000000,0.000000,0.000,0.000,AP
2026-04-01 14:51:08,1900-01-00 00:00:00,0999-wombat,B8:27:EB:6F:ED:ED,-61, WPA ,0.000000,0.000000,0.000,0.000,AP
2026-04-01 14:51:08,1900-01-00 00:00:00,0999-wombat,B8:27:EB:6F:ED:ED,-61, WPA ,0.000000,0.000000,0.000,0.000,AP
2026-04-01 14:51:08,1900-01-00 00:00:00,0999-wombat,B8:27:EB:6F:ED:ED,-61, WPA ,0.000000,0.000000,0.000,0.000,AP
2026-04-01 14:51:08,1900-01-00 00:00:00,0999-wombat,B8:27:EB:6F:ED:ED,-61, WPA ,0.000000,0.000000,0.000,0.000,AP
2026-04-01 14:51:08,1900-01-00 00:00:00,0999-wombat,B8:27:EB:6F:ED:ED,-61, WPA ,0.000000,0.000000,0.000,0.000,AP
2026-04-01 14:51:08,1900-01-00 00:00:00,0999-wombat,B8:27:EB:6F:ED:ED,-61, WPA ,0.000000,0.000000,0.000,0.000,AP
2026-04-01 14:51:08,1900-01-00 00:00:00,0999-wombat,B8:27:EB:6F:ED:ED,-61, WPA ,0.000000,0.000000,0.000,0.000,AP
2026-04-01 14:51:08,1900-01-00 00:00:00,0999-wombat,B8:27:EB:6F:ED:ED,-61, WPA ,0.000000,0.000000,0.000,0.000,AP
2026-04-01 14:51:08,1900-01-00 00:00:00,0999-wombat,B8:27:EB:6F:ED:ED,-61, WPA ,0.000000,0.000000,0.000,0.000,AP
2026-04-01 14:51:08,1900-01-00 00:00:00,0999-wombat,B8:27:EB:6F:ED:ED,-61, WPA ,0.000000,0.000000,0.000,0.000,AP
2026-04-01 14:51:08,1900-01-00 00:00:00,0999-wombat,B8:27:EB:6F:ED:ED,-61, WPA ,0.000000,0.000000,0.000,0.000,AP
2026-04-01 14:51:08,1900-01-00 00:00:00,0999-wombat,B8:27:EB:6F:ED:ED,-61, WPA ,0.000000,0.000000,0.000,0.000,AP
2026-04-01 14:51:08,1900-01-00 00:00:00,0999-wombat,B8:27:EB:6F:ED:ED,-61, WPA ,0.000000,0.000000,0.000,0.000,AP
2026-04-01 14:51:08,1900-01-00 00:00:00,0999-wombat,B8:27:EB:6F:ED:ED,-61, WPA ,0.000000,0.000000,0.000,0.000,AP
2026-04-01 14:51:08,1900-01-00 00:00:00,0999-wombat,B8:27:EB:6F:ED:ED,-61, WPA ,0.000000,0.000000,0.000,0.000,AP
2026-04-01 14:51:08,1900-01-00 00:00:00,0999-wombat,B8:27:EB:6F:ED:ED,-39, WPA ,0.000000,0.000000,0.000,0.000,AP
2026-04-01 14:51:08,1900-01-00 00:00:00,0999-wombat,B8:27:EB:6F:ED:ED,-39, WPA ,0.000000,0.000000,0.000,0.000,AP
2026-04-01 14:51:08,1900-01-00 00:00:00,0999-wombat,B8:27:EB:6F:ED:ED,-39, WPA ,0.000000,0.000000,0.000,0.000,AP
2026-04-01 14:51:08,1900-01-00 00:00:00,0999-wombat,B8:27:EB:6F:ED:ED,-39, WPA ,0.000000,0.000000,0.000,0.000,AP
2026-04-01 14:51:08,1900-01-00 00:00:00,0999-wombat,B8:27:EB:6F:ED:ED,-39, WPA ,0.000000,0.000000,0.000,0.000,AP
2026-04-01 14:51:08,1900-01-00 00:00:00,0999-wombat,B8:27:EB:6F:ED:ED,-39, WPA ,0.000000,0.000000,0.000,0.000,AP
2026-04-01 14:51:08,1900-01-00 00:00:00,0999-wombat,B8:27:EB:6F:ED:ED,-39, WPA ,0.000000,0.000000,0.000,0.000,AP
2026-04-01 14:51:08,1900-01-00 00:00:00,0999-wombat,B8:27:EB:6F:ED:ED,-39, WPA ,0.000000,0.000000,0.000,0.000,AP
2026-04-01 14:51:08,1900-01-00 00:00:00,0999-wombat,B8:27:EB:6F:ED:ED,-39, WPA ,0.000000,0.000000,0.000,0.000,AP
2026-04-01 14:51:08,1900-01-00 00:00:00,0999-wombat,B8:27:EB:6F:ED:ED,-39, WPA ,0.000000,0.000000,0.000,0.000,AP
2026-04-01 14:51:08,1900-01-00 00:00:00,0999-wombat,B8:27:EB:6F:ED:ED,-77, WPA ,0.000000,0.000000,0.000,0.000,AP
2026-04-01 14:51:08,1900-01-00 00:00:00,0999-wombat,B8:27:EB:6F:ED:ED,-77, WPA ,0.000000,0.000000,0.000,0.000,AP
2026-04-01 14:51:08,1900-01-00 00:00:00,0999-wombat,B8:27:EB:6F:ED:ED,-77, WPA ,0.000000,0.000000,0.000,0.000,AP
2026-04-01 14:51:08,1900-01-00 00:00:00,0999-wombat,B8:27:EB:6F:ED:ED,-77, WPA ,0.000000,0.000000,0.000,0.000,AP
2026-04-01 14:51:08,1900-01-00 00:00:00,0999-wombat,B8:27:EB:6F:ED:ED,-77, WPA ,0.000000,0.000000,0.000,0.000,AP
2026-04-01 14:51:08,1900-01-00 00:00:00,0999-wombat,B8:27:EB:6F:ED:ED,-77, WPA ,0.000000,0.000000,0.000,0.000,AP
2026-04-01 14:51:08,1900-01-00 00:00:00,0999-wombat,B8:27:EB:6F:ED:ED,-77, WPA ,0.000000,0.000000,0.000,0.000,AP
2026-04-01 14:51:08,1900-01-00 00:00:00,0999-wombat,B8:27:EB:6F:ED:ED,-77, WPA ,0.000000,0.000000,0.000,0.000,AP
2026-04-01 14:51:08,1900-01-00 00:00:00,0999-wombat,B8:27:EB:6F:ED:ED,-77, WPA ,0.000000,0.000000,0.000,0.000,AP
2026-04-01 14:51:08,1900-01-00 00:00:00,0999-wombat,B8:27:EB:6F:ED:ED,-77, WPA ,0.000000,0.000000,0.000,0.000,AP
2026-04-01 14:51:08,1900-01-00 00:00:00,0999-wombat,B8:27:EB:6F:ED:ED,-77, WPA ,0.000000,0.000000,0.000,0.000,AP
2026-04-01 14:51:08,1900-01-00 00:00:00,0999-wombat,B8:27:EB:6F:ED:ED,-77, WPA ,0.000000,0.000000,0.000,0.000,AP
2026-04-01 14:51:08,1900-01-00 00:00:00,0999-wombat,B8:27:EB:6F:ED:ED,-77, WPA ,0.000000,0.000000,0.000,0.000,AP
2026-04-01 14:51:08,1900-01-00 00:00:00,0999-wombat,B8:27:EB:6F:ED:ED,-77, WPA ,0.000000,0.000000,0.000,0.000,AP
2026-04-01 14:51:08,1900-01-00 00:00:00,0999-wombat,B8:27:EB:6F:ED:ED,-77, WPA ,0.000000,0.000000,0.000,0.000,AP
2026-04-01 14:51:08,1900-01-00 00:00:00,0999-wombat,B8:27:EB:6F:ED:ED,-77, WPA ,0.000000,0.000000,0.000,0.000,AP
2026-04-01 14:51:08,1900-01-00 00:00:00,0999-wombat,B8:27:EB:6F:ED:ED,-77, WPA ,0.000000,0.000000,0.000,0.000,AP
2026-04-01 14:51:08,1900-01-00 00:00:00,0999-wombat,B8:27:EB:6F:ED:ED,-77, WPA ,0.000000,0.000000,0.000,0.000,AP
2026-04-01 14:51:08,1900-01-00 00:00:00,0999-wombat,B8:27:EB:6F:ED:ED,-77, WPA ,0.000000,0.000000,0.000,0.000,AP
2026-04-01 14:51:08,1900-01-00 00:00:00,0999-wombat,B8:27:EB:6F:ED:ED,-77, WPA ,0.000000,0.000000,0.000,0.000,AP
2026-04-01 14:51:08,1900-01-00 00:00:00,0999-wombat,B8:27:EB:6F:ED:ED,-77, WPA ,0.000000,0.000000,0.000,0.000,AP
2026-04-01 14:51:08,1900-01-00 00:00:00,0999-wombat,B8:27:EB:6F:ED:ED,-77, WPA ,0.000000,0.000000,0.000,0.000,AP
2026-04-01 14:51:08,1900-01-00 00:00:00,0999-wombat,B8:27:EB:6F:ED:ED,-77, WPA ,0.000000,0.000000,0.000,0.000,AP
2026-04-01 14:51:08,1900-01-00 00:00:00,0999-wombat,B8:27:EB:6F:ED:ED,-77, WPA ,0.000000,0.000000,0.000,0.000,AP
2026-04-01 14:51:08,1900-01-00 00:00:00,0999-wombat,B8:27:EB:6F:ED:ED,-77, WPA ,0.000000,0.000000,0.000,0.000,AP
2026-04-01 14:51:08,1900-01-00 00:00:00,0999-wombat,B8:27:EB:6F:ED:ED,-77, WPA ,0.000000,0.000000,0.000,0.000,AP
2026-04-01 14:51:08,1900-01-00 00:00:00,0999-wombat,B8:27:EB:6F:ED:ED,-77, WPA ,0.000000,0.000000,0.000,0.000,AP
2026-04-01 14:51:08,1900-01-00 00:00:00,0999-wombat,B8:27:EB:6F:ED:ED,-77, WPA ,0.000000,0.000000,0.000,0.000,AP
2026-04-01 14:51:08,1900-01-00 00:00:00,0999-wombat,B8:27:EB:6F:ED:ED,-77, WPA ,0.000000,0.000000,0.000,0.000,AP
2026-04-01 14:51:08,1900-01-00 00:00:00,0999-wombat,B8:27:EB:6F:ED:ED,-77, WPA ,0.000000,0.000000,0.000,0.000,AP
2026-04-01 14:51:08,1900-01-00 00:00:00,0999-wombat,B8:27:EB:6F:ED:ED,-77, WPA ,0.000000,0.000000,0.000,0.000,AP
2026-04-01 14:51:08,1900-01-00 00:00:00,0999-wombat,B8:27:EB:6F:ED:ED,-77, WPA ,0.000000,0.000000,0.000,0.000,AP
2026-04-01 14:51:08,1900-01-00 00:00:00,0999-wombat,B8:27:EB:6F:ED:ED,-77, WPA ,0.000000,0.000000,0.000,0.000,AP
2026-04-01 14:51:08,1900-01-00 00:00:00,0999-wombat,B8:27:EB:6F:ED:ED,-77, WPA ,0.000000,0.000000,0.000,0.000,AP
2026-04-01 14:51:08,1900-01-00 00:00:00,0999-wombat,B8:27:EB:6F:ED:ED,-77, WPA ,0.000000,0.000000,0.000,0.000,AP
2026-04-01 14:51:08,1900-01-00 00:00:00,0999-wombat,B8:27:EB:6F:ED:ED,-77, WPA ,0.000000,0.000000,0.000,0.000,AP
2026-04-01 14:51:08,1900-01-00 00:00:00,0999-wombat,B8:27:EB:6F:ED:ED,-77, WPA ,0.000000,0.000000,0.000,0.000,AP
2026-04-01 14:51:08,1900-01-00 00:00:00,0999-wombat,B8:27:EB:6F:ED:ED,-77, WPA ,0.000000,0.000000,0.000,0.000,AP
2026-04-01 14:51:08,1900-01-00 00:00:00,0999-wombat,B8:27:EB:6F:ED:ED,-50, WPA ,0.000000,0.000000,0.000,0.000,AP
2026-04-01 14:51:08,1900-01-00 00:00:00,0999-wombat,B8:27:EB:6F:ED:ED,-50, WPA ,0.000000,0.000000,0.000,0.000,AP
2026-04-01 14:51:08,1900-01-00 00:00:00,0999-wombat,B8:27:EB:6F:ED:ED,-50, WPA ,0.000000,0.000000,0.000,0.000,AP
2026-04-01 14:51:08,1900-01-00 00:00:00,0999-wombat,B8:27:EB:6F:ED:ED,-50, WPA ,0.000000,0.000000,0.000,0.000,AP
2026-04-01 14:51:08,1900-01-00 00:00:00,0999-wombat,B8:27:EB:6F:ED:ED,-50, WPA ,0.000000,0.000000,0.000,0.000,AP
2026-04-01 14:51:08,1900-01-00 00:00:00,0999-wombat,B8:27:EB:6F:ED:ED,-42, WPA ,0.000000,0.000000,0.000,0.000,AP
2026-04-01 14:51:08,1900-01-00 00:00:00,0999-wombat,B8:27:EB:6F:ED:ED,-64, WPA ,0.000000,0.000000,0.000,0.000,AP
2026-04-01 14:51:08,1900-01-00 00:00:00,0999-wombat,B8:27:EB:6F:ED:ED,-64, WPA ,0.000000,0.000000,0.000,0.000,AP
2026-04-01 14:51:08,1900-01-00 00:00:00,0999-wombat,B8:27:EB:6F:ED:ED,-64, WPA ,0.000000,0.000000,0.000,0.000,AP
2026-04-01 14:51:08,1900-01-00 00:00:00,0999-wombat,B8:27:EB:6F:ED:ED,-64, WPA ,0.000000,0.000000,0.000,0.000,AP
2026-04-01 14:51:08,1900-01-00 00:00:00,0999-wombat,B8:27:EB:6F:ED:ED,-64, WPA ,0.000000,0.000000,0.000,0.000,AP
2026-04-01 14:51:08,1900-01-00 00:00:00,0999-wombat,B8:27:EB:6F:ED:ED,-78, WPA ,0.000000,0.000000,0.000,0.000,AP
2026-04-01 14:51:08,1900-01-00 00:00:00,0999-wombat,B8:27:EB:6F:ED:ED,-78, WPA ,0.000000,0.000000,0.000,0.000,AP
2026-04-01 14:51:08,1900-01-00 00:00:00,0999-wombat,B8:27:EB:6F:ED:ED,-78, WPA ,0.000000,0.000000,0.000,0.000,AP
2026-04-01 14:51:08,1900-01-00 00:00:00,0999-wombat,B8:27:EB:6F:ED:ED,-78, WPA ,0.000000,0.000000,0.000,0.000,AP
2026-04-01 14:51:08,1900-01-00 00:00:00,0999-wombat,B8:27:EB:6F:ED:ED,-78, WPA ,0.000000,0.000000,0.000,0.000,AP
2026-04-01 14:51:08,1900-01-00 00:00:00,0999-wombat,B8:27:EB:6F:ED:ED,-78, WPA ,0.000000,0.000000,0.000,0.000,AP
2026-04-01 14:51:08,1900-01-00 00:00:00,0999-wombat,B8:27:EB:6F:ED:ED,-78, WPA ,0.000000,0.000000,0.000,0.000,AP
2026-04-01 14:51:08,1900-01-00 00:00:00,0999-wombat,B8:27:EB:6F:ED:ED,-78, WPA ,0.000000,0.000000,0.000,0.000,AP
2026-04-01 14:51:08,1900-01-00 00:00:00,0999-wombat,B8:27:EB:6F:ED:ED,-78, WPA ,0.000000,0.000000,0.000,0.000,AP
2026-04-01 14:51:08,1900-01-00 00:00:00,0999-wombat,B8:27:EB:6F:ED:ED,-78, WPA ,0.000000,0.000000,0.000,0.000,AP
2026-04-01 14:51:08,1900-01-00 00:00:00,0999-wombat,B8:27:EB:6F:ED:ED,-78, WPA ,0.000000,0.000000,0.000,0.000,AP
2026-04-01 14:51:08,1900-01-00 00:00:00,0999-wombat,B8:27:EB:6F:ED:ED,-78, WPA ,0.000000,0.000000,0.000,0.000,AP
2026-04-01 14:51:08,1900-01-00 00:00:00,0999-wombat,B8:27:EB:6F:ED:ED,-78, WPA ,0.000000,0.000000,0.000,0.000,AP
2026-04-01 14:51:08,1900-01-00 00:00:00,0999-wombat,B8:27:EB:6F:ED:ED,-78, WPA ,0.000000,0.000000,0.000,0.000,AP
2026-04-01 14:51:08,1900-01-00 00:00:00,0999-wombat,B8:27:EB:6F:ED:ED,-78, WPA ,0.000000,0.000000,0.000,0.000,AP
2026-04-01 14:51:08,1900-01-00 00:00:00,0999-wombat,B8:27:EB:6F:ED:ED,-78, WPA ,0.000000,0.000000,0.000,0.000,AP
2026-04-01 14:51:08,1900-01-00 00:00:00,0999-wombat,B8:27:EB:6F:ED:ED,-78, WPA ,0.000000,0.000000,0.000,0.000,AP
2026-04-01 14:51:08,1900-01-00 00:00:00,0999-wombat,B8:27:EB:6F:ED:ED,-78, WPA ,0.000000,0.000000,0.000,0.000,AP
2026-04-01 14:51:08,1900-01-00 00:00:00,0999-wombat,B8:27:EB:6F:ED:ED,-78, WPA ,0.000000,0.000000,0.000,0.000,AP
2026-04-01 14:51:08,1900-01-00 00:00:00,0999-wombat,B8:27:EB:6F:ED:ED,-78, WPA ,0.000000,0.000000,0.000,0.000,AP
2026-04-01 14:51:08,1900-01-00 00:00:00,0999-wombat,B8:27:EB:6F:ED:ED,-78, WPA ,0.000000,0.000000,0.000,0.000,AP
2026-04-01 14:51:08,1900-01-00 00:00:00,0999-wombat,B8:27:EB:6F:ED:ED,-78, WPA ,0.000000,0.000000,0.000,0.000,AP
2026-04-01 14:51:08,1900-01-00 00:00:00,0999-wombat,B8:27:EB:6F:ED:ED,-78, WPA ,0.000000,0.000000,0.000,0.000,AP
2026-04-01 14:51:08,1900-01-00 00:00:00,0999-wombat,B8:27:EB:6F:ED:ED,-78, WPA ,0.000000,0.000000,0.000,0.000,AP
2026-04-01 14:51:08,1900-01-00 00:00:00,0999-wombat,B8:27:EB:6F:ED:ED,-78, WPA ,0.000000,0.000000,0.000,0.000,AP
2026-04-01 14:51:08,1900-01-00 00:00:00,0999-wombat,B8:27:EB:6F:ED:ED,-78, WPA ,0.000000,0.000000,0.000,0.000,AP
2026-04-01 14:51:08,1900-01-00 00:00:00,0999-wombat,B8:27:EB:6F:ED:ED,-78, WPA ,0.000000,0.000000,0.000,0.000,AP
2026-04-01 14:51:08,1900-01-00 00:00:00,0999-wombat,B8:27:EB:6F:ED:ED,-78, WPA ,0.000000,0.000000,0.000,0.000,AP
2026-04-01 14:51:08,1900-01-00 00:00:00,0999-wombat,B8:27:EB:6F:ED:ED,-78, WPA ,0.000000,0.000000,0.000,0.000,AP
2026-04-01 14:51:08,1900-01-00 00:00:00,0999-wombat,B8:27:EB:6F:ED:ED,-78, WPA ,0.000000,0.000000,0.000,0.000,AP
2026-04-01 14:51:08,1900-01-00 00:00:00,0999-wombat,B8:27:EB:6F:ED:ED,-78, WPA ,0.000000,0.000000,0.000,0.000,AP
2026-04-01 14:51:08,1900-01-00 00:00:00,0999-wombat,B8:27:EB:6F:ED:ED,-78, WPA ,0.000000,0.000000,0.000,0.000,AP
2026-04-01 14:51:08,1900-01-00 00:00:00,0999-wombat,B8:27:EB:6F:ED:ED,-78, WPA ,0.000000,0.000000,0.000,0.000,AP
2026-04-01 14:51:08,1900-01-00 00:00:00,0999-wombat,B8:27:EB:6F:ED:ED,-78, WPA ,0.000000,0.000000,0.000,0.000,AP
2026-04-01 14:51:08,1900-01-00 00:00:00,0999-wombat,B8:27:EB:6F:ED:ED,-78, WPA ,0.000000,0.000000,0.000,0.000,AP
2026-04-01 14:51:08,1900-01-00 00:00:00,0999-wombat,B8:27:EB:6F:ED:ED,-78, WPA ,0.000000,0.000000,0.000,0.000,AP
2026-04-01 14:51:08,1900-01-00 00:00:00,0999-wombat,B8:27:EB:6F:ED:ED,-78, WPA ,0.000000,0.000000,0.000,0.000,AP
2026-04-01 14:51:08,1900-01-00 00:00:00,0999-wombat,B8:27:EB:6F:ED:ED,-78, WPA ,0.000000,0.000000,0.000,0.000,AP
2026-04-01 14:51:08,1900-01-00 00:00:00,0999-wombat,B8:27:EB:6F:ED:ED,-78, WPA ,0.000000,0.000000,0.000,0.000,AP
2026-04-01 14:51:08,1900-01-00 00:00:00,0999-wombat,B8:27:EB:6F:ED:ED,-78, WPA ,0.000000,0.000000,0.000,0.000,AP
2026-04-01 14:51:08,1900-01-00 00:00:00,0999-wombat,B8:27:EB:6F:ED:ED,-78, WPA ,0.000000,0.000000,0.000,0.000,AP
2026-04-01 14:51:08,1900-01-00 00:00:00,0999-wombat,B8:27:EB:6F:ED:ED,-78, WPA ,0.000000,0.000000,0.000,0.000,AP
2026-04-01 14:51:08,1900-01-00 00:00:00,0999-wombat,B8:27:EB:6F:ED:ED,-78, WPA ,0.000000,0.000000,0.000,0.000,AP
2026-04-01 14:51:08,1900-01-00 00:00:00,0999-wombat,B8:27:EB:6F:ED:ED,-78, WPA ,0.000000,0.000000,0.000,0.000,AP
2026-04-01 14:51:08,1900-01-00 00:00:00,0999-wombat,B8:27:EB:6F:ED:ED,-78, WPA ,0.000000,0.000000,0.000,0.000,AP
2026-04-01 14:51:08,1900-01-00 00:00:00,0999-wombat,B8:27:EB:6F:ED:ED,-78, WPA ,0.000000,0.000000,0.000,0.000,AP
2026-04-01 14:51:08,1900-01-00 00:00:00,0999-wombat,B8:27:EB:6F:ED:ED,-78, WPA ,0.000000,0.000000,0.000,0.000,AP
2026-04-01 14:51:08,1900-01-00 00:00:00,0999-wombat,B8:27:EB:6F:ED:ED,-61, WPA ,0.000000,0.000000,0.000,0.000,AP
2026-04-01 14:51:08,1900-01-00 00:00:00,0999-wombat,B8:27:EB:6F:ED:ED,-61, WPA ,0.000000,0.000000,0.000,0.000,AP
2026-04-01 14:51:08,1900-01-00 00:00:00,0999-wombat,B8:27:EB:6F:ED:ED,-61, WPA ,0.000000,0.000000,0.000,0.000,AP
2026-04-01 14:51:08,1900-01-00 00:00:00,0999-wombat,B8:27:EB:6F:ED:ED,-61, WPA ,0.000000,0.000000,0.000,0.000,AP
2026-04-01 14:51:08,1900-01-00 00:00:00,0999-wombat,B8:27:EB:6F:ED:ED,-61, WPA ,0.000000,0.000000,0.000,0.000,AP
2026-04-01 14:51:08,1900-01-00 00:00:00,0999-wombat,B8:27:EB:6F:ED:ED,-61, WPA ,0.000000,0.000000,0.000,0.000,AP
2026-04-01 14:51:08,1900-01-00 00:00:00,0999-wombat,B8:27:EB:6F:ED:ED,-61, WPA ,0.000000,0.000000,0.000,0.000,AP
2026-04-01 14:51:08,1900-01-00 00:00:00,0999-wombat,B8:27:EB:6F:ED:ED,-61, WPA ,0.000000,0.000000,0.000,0.000,AP
2026-04-01 14:51:08,1900-01-00 00:00:00,0999-wombat,B8:27:EB:6F:ED:ED,-61, WPA ,0.000000,0.000000,0.000,0.000,AP
2026-04-01 14:51:08,1900-01-00 00:00:00,0999-wombat,B8:27:EB:6F:ED:ED,-61, WPA ,0.000000,0.000000,0.000,0.000,AP
2026-04-01 14:51:08,1900-01-00 00:00:00,0999-wombat,B8:27:EB:6F:ED:ED,-61, WPA ,0.000000,0.000000,0.000,0.000,AP
2026-04-01 14:51:08,1900-01-00 00:00:00,0999-wombat,B8:27:EB:6F:ED:ED,-61, WPA ,0.000000,0.000000,0.000,0.000,AP
2026-04-01 14:51:08,1900-01-00 00:00:00,0999-wombat,B8:27:EB:6F:ED:ED,-61, WPA ,0.000000,0.000000,0.000,0.000,AP
2026-04-01 14:51:08,1900-01-00 00:00:00,0999-wombat,B8:27:EB:6F:ED:ED,-61, WPA ,0.000000,0.000000,0.000,0.000,AP
2026-04-01 14:51:08,1900-01-00 00:00:00,0999-wombat,B8:27:EB:6F:ED:ED,-61, WPA ,0.000000,0.000000,0.000,0.000,AP
2026-04-01 14:51:08,1900-01-00 00:00:00,0999-wombat,B8:27:EB:6F:ED:ED,-61, WPA ,0.000000,0.000000,0.000,0.000,AP
2026-04-01 14:51:08,1900-01-00 00:00:00,0999-wombat,B8:27:EB:6F:ED:ED,-61, WPA ,0.000000,0.000000,0.000,0.000,AP
2026-04-01 14:51:08,1900-01-00 00:00:00,0999-wombat,B8:27:EB:6F:ED:ED,-61, WPA ,0.000000,0.000000,0.000,0.000,AP
2026-04-01 14:51:08,1900-01-00 00:00:00,0999-wombat,B8:27:EB:6F:ED:ED,-61, WPA ,0.000000,0.000000,0.000,0.000,AP
2026-04-01 14:51:08,1900-01-00 00:00:00,0999-wombat,B8:27:EB:6F:ED:ED,-61, WPA ,0.000000,0.000000,0.000,0.000,AP
2026-04-01 14:51:08,1900-01-00 00:00:00,0999-wombat,B8:27:EB:6F:ED:ED,-61, WPA ,0.000000,0.000000,0.000,0.000,AP
2026-04-01 14:51:08,1900-01-00 00:00:00,0999-wombat,B8:27:EB:6F:ED:ED,-61, WPA ,0.000000,0.000000,0.000,0.000,AP
2026-04-01 14:51:08,1900-01-00 00:00:00,0999-wombat,B8:27:EB:6F:ED:ED,-61, WPA ,0.000000,0.000000,0.000,0.000,AP
2026-04-01 14:51:08,1900-01-00 00:00:00,0999-wombat,B8:27:EB:6F:ED:ED,-61, WPA ,0.000000,0.000000,0.000,0.000,AP
2026-04-01 14:51:08,1900-01-00 00:00:00,0999-wombat,B8:27:EB:6F:ED:ED,-61, WPA ,0.000000,0.000000,0.000,0.000,AP
2026-04-01 14:51:08,1900-01-00 00:00:00,0999-wombat,B8:27:EB:6F:ED:ED,-79, WPA ,0.000000,0.000000,0.000,0.000,AP
2026-04-01 14:51:08,1900-01-00 00:00:00,0999-wombat,B8:27:EB:6F:ED:ED,-79, WPA ,0.000000,0.000000,0.000,0.000,AP
2026-04-01 14:51:08,1900-01-00 00:00:00,0999-wombat,B8:27:EB:6F:ED:ED,-79, WPA ,0.000000,0.000000,0.000,0.000,AP
2026-04-01 14:51:08,1900-01-00 00:00:00,0999-wombat,B8:27:EB:6F:ED:ED,-79, WPA ,0.000000,0.000000,0.000,0.000,AP
2026-04-01 14:51:08,1900-01-00 00:00:00,0999-wombat,B8:27:EB:6F:ED:ED,-79, WPA ,0.000000,0.000000,0.000,0.000,AP
2026-04-01 14:51:08,1900-01-00 00:00:00,0999-wombat,B8:27:EB:6F:ED:ED,-79, WPA ,0.000000,0.000000,0.000,0.000,AP
2026-04-01 14:51:08,1900-01-00 00:00:00,0999-wombat,B8:27:EB:6F:ED:ED,-79, WPA ,0.000000,0.000000,0.000,0.000,AP
2026-04-01 14:51:08,1900-01-00 00:00:00,0999-wombat,B8:27:EB:6F:ED:ED,-79, WPA ,0.000000,0.000000,0.000,0.000,AP
2026-04-01 14:51:08,1900-01-00 00:00:00,0999-wombat,B8:27:EB:6F:ED:ED,-79, WPA ,0.000000,0.000000,0.000,0.000,AP
2026-04-01 14:51:08,1900-01-00 00:00:00,0999-wombat,B8:27:EB:6F:ED:ED,-79, WPA ,0.000000,0.000000,0.000,0.000,AP
2026-04-01 14:51:08,1900-01-00 00:00:00,0999-wombat,B8:27:EB:6F:ED:ED,-79, WPA ,0.000000,0.000000,0.000,0.000,AP
2026-04-01 14:51:08,1900-01-00 00:00:00,0999-wombat,B8:27:EB:6F:ED:ED,-79, WPA ,0.000000,0.000000,0.000,0.000,AP
2026-04-01 14:51:08,1900-01-00 00:00:00,0999-wombat,B8:27:EB:6F:ED:ED,-79, WPA ,0.000000,0.000000,0.000,0.000,AP
2026-04-01 14:51:08,1900-01-00 00:00:00,0999-wombat,B8:27:EB:6F:ED:ED,-79, WPA ,0.000000,0.000000,0.000,0.000,AP
2026-04-01 14:51:08,1900-01-00 00:00:00,0999-wombat,B8:27:EB:6F:ED:ED,-79, WPA ,0.000000,0.000000,0.000,0.000,AP
2026-04-01 14:51:08,1900-01-00 00:00:00,0999-wombat,B8:27:EB:6F:ED:ED,-79, WPA ,0.000000,0.000000,0.000,0.000,AP
2026-04-01 14:51:08,1900-01-00 00:00:00,0999-wombat,B8:27:EB:6F:ED:ED,-79, WPA ,0.000000,0.000000,0.000,0.000,AP
2026-04-01 14:51:08,1900-01-00 00:00:00,0999-wombat,B8:27:EB:6F:ED:ED,-63, WPA ,0.000000,0.000000,0.000,0.000,AP
2026-04-01 14:51:08,1900-01-00 00:00:00,0999-wombat,B8:27:EB:6F:ED:ED,-63, WPA ,0.000000,0.000000,0.000,0.000,AP
2026-04-01 14:51:08,1900-01-00 00:00:00,0999-wombat,B8:27:EB:6F:ED:ED,-63, WPA ,0.000000,0.000000,0.000,0.000,AP
2026-04-01 14:51:08,1900-01-00 00:00:00,0999-wombat,B8:27:EB:6F:ED:ED,-63, WPA ,0.000000,0.000000,0.000,0.000,AP
2026-04-01 14:51:08,1900-01-00 00:00:00,0999-wombat,B8:27:EB:6F:ED:ED,-63, WPA ,0.000000,0.000000,0.000,0.000,AP
2026-04-01 14:51:08,1900-01-00 00:00:00,0999-wombat,B8:27:EB:6F:ED:ED,-63, WPA ,0.000000,0.000000,0.000,0.000,AP
2026-04-01 14:51:08,1900-01-00 00:00:00,0999-wombat,B8:27:EB:6F:ED:ED,-63, WPA ,0.000000,0.000000,0.000,0.000,AP
2026-04-01 14:51:08,1900-01-00 00:00:00,0999-wombat,B8:27:EB:6F:ED:ED,-63, WPA ,0.000000,0.000000,0.000,0.000,AP
2026-04-01 14:51:08,1900-01-00 00:00:00,0999-wombat,B8:27:EB:6F:ED:ED,-63, WPA ,0.000000,0.000000,0.000,0.000,AP
2026-04-01 14:51:08,1900-01-00 00:00:00,0999-wombat,B8:27:EB:6F:ED:ED,-78, WPA ,0.000000,0.000000,0.000,0.000,AP
2026-04-01 14:51:08,1900-01-00 00:00:00,0999-wombat,B8:27:EB:6F:ED:ED,-78, WPA ,0.000000,0.000000,0.000,0.000,AP
2026-04-01 14:51:08,1900-01-00 00:00:00,0999-wombat,B8:27:EB:6F:ED:ED,-78, WPA ,0.000000,0.000000,0.000,0.000,AP
2026-04-01 14:51:08,1900-01-00 00:00:00,0999-wombat,B8:27:EB:6F:ED:ED,-78, WPA ,0.000000,0.000000,0.000,0.000,AP
2026-04-01 14:51:08,1900-01-00 00:00:00,0999-wombat,B8:27:EB:6F:ED:ED,-78, WPA ,0.000000,0.000000,0.000,0.000,AP
2026-04-01 14:51:08,1900-01-00 00:00:00,0999-wombat,B8:27:EB:6F:ED:ED,-78, WPA ,0.000000,0.000000,0.000,0.000,AP
2026-04-01 14:51:08,1900-01-00 00:00:00,0999-wombat,B8:27:EB:6F:ED:ED,-78, WPA ,0.000000,0.000000,0.000,0.000,AP
2026-04-01 14:51:08,1900-01-00 00:00:00,0999-wombat,B8:27:EB:6F:ED:ED,-78, WPA ,0.000000,0.000000,0.000,0.000,AP
2026-04-01 14:51:08,1900-01-00 00:00:00,0999-wombat,B8:27:EB:6F:ED:ED,-78, WPA ,0.000000,0.000000,0.000,0.000,AP
2026-04-01 14:51:08,1900-01-00 00:00:00,0999-wombat,B8:27:EB:6F:ED:ED,-78, WPA ,0.000000,0.000000,0.000,0.000,AP
2026-04-01 14:51:08,1900-01-00 00:00:00,0999-wombat,B8:27:EB:6F:ED:ED,-78, WPA ,0.000000,0.000000,0.000,0.000,AP
2026-04-01 14:51:08,1900-01-00 00:00:00,0999-wombat,B8:27:EB:6F:ED:ED,-78, WPA ,0.000000,0.000000,0.000,0.000,AP
2026-04-01 14:51:08,1900-01-00 00:00:00,0999-wombat,B8:27:EB:6F:ED:ED,-78, WPA ,0.000000,0.000000,0.000,0.000,AP
2026-04-01 14:51:08,1900-01-00 00:00:00,0999-wombat,B8:27:EB:6F:ED:ED,-78, WPA ,0.000000,0.000000,0.000,0.000,AP
2026-04-01 14:51:08,1900-01-00 00:00:00,0999-wombat,B8:27:EB:6F:ED:ED,-78, WPA ,0.000000,0.000000,0.000,0.000,AP
2026-04-01 14:51:08,1900-01-00 00:00:00,0999-wombat,B8:27:EB:6F:ED:ED,-84, WPA ,0.000000,0.000000,0.000,0.000,AP
2026-04-01 14:51:08,1900-01-00 00:00:00,0999-wombat,B8:27:EB:6F:ED:ED,-84, WPA ,0.000000,0.000000,0.000,0.000,AP
2026-04-01 14:51:08,1900-01-00 00:00:00,0999-wombat,B8:27:EB:6F:ED:ED,-81, WPA ,0.000000,0.000000,0.000,0.000,AP
2026-04-01 14:51:08,1900-01-00 00:00:00,0999-wombat,B8:27:EB:6F:ED:ED,-81, WPA ,0.000000,0.000000,0.000,0.000,AP
2026-04-01 14:51:08,1900-01-00 00:00:00,0999-wombat,B8:27:EB:6F:ED:ED,-86, WPA ,0.000000,0.000000,0.000,0.000,AP
2026-04-01 14:51:08,1900-01-00 00:00:00,0999-wombat,B8:27:EB:6F:ED:ED,-86, WPA ,0.000000,0.000000,0.000,0.000,AP
2026-04-01 14:51:08,1900-01-00 00:00:00,0999-wombat,B8:27:EB:6F:ED:ED,-85, WPA ,0.000000,0.000000,0.000,0.000,AP
2026-04-01 14:51:08,1900-01-00 00:00:00,0999-wombat,B8:27:EB:6F:ED:ED,-85, WPA ,0.000000,0.000000,0.000,0.000,AP
2026-04-01 14:51:08,1900-01-00 00:00:00,0999-wombat,B8:27:EB:6F:ED:ED,-85, WPA ,0.000000,0.000000,0.000,0.000,AP
2026-04-01 14:51:08,1900-01-00 00:00:00,0999-wombat,B8:27:EB:6F:ED:ED,-85, WPA ,0.000000,0.000000,0.000,0.000,AP
2026-04-01 14:51:08,1900-01-00 00:00:00,0999-wombat,B8:27:EB:6F:ED:ED,-85, WPA ,0.000000,0.000000,0.000,0.000,AP
2026-04-01 14:51:08,1900-01-00 00:00:00,0999-wombat,B8:27:EB:6F:ED:ED,-85, WPA ,0.000000,0.000000,0.000,0.000,AP
2026-04-01 14:51:08,1900-01-00 00:00:00,0999-wombat,B8:27:EB:6F:ED:ED,-85, WPA ,0.000000,0.000000,0.000,0.000,AP
2026-04-01 14:51:08,1900-01-00 00:00:00,0999-wombat,B8:27:EB:6F:ED:ED,-78, WPA ,0.000000,0.000000,0.000,0.000,AP
2026-04-01 14:51:08,1900-01-00 00:00:00,0999-wombat,B8:27:EB:6F:ED:ED,-78, WPA ,0.000000,0.000000,0.000,0.000,AP
2026-04-01 14:51:08,1900-01-00 00:00:00,0999-wombat,B8:27:EB:6F:ED:ED,-78, WPA ,0.000000,0.000000,0.000,0.000,AP
2026-04-01 14:51:08,1900-01-00 00:00:00,0999-wombat,B8:27:EB:6F:ED:ED,-78, WPA ,0.000000,0.000000,0.000,0.000,AP
2026-04-01 14:51:08,1900-01-00 00:00:00,0999-wombat,B8:27:EB:6F:ED:ED,-78, WPA ,0.000000,0.000000,0.000,0.000,AP
2026-04-01 14:51:08,1900-01-00 00:00:00,0999-wombat,B8:27:EB:6F:ED:ED,-78, WPA ,0.000000,0.000000,0.000,0.000,AP
2026-04-01 14:51:08,1900-01-00 00:00:00,0999-wombat,B8:27:EB:6F:ED:ED,-78, WPA ,0.000000,0.000000,0.000,0.000,AP
2026-04-01 14:51:08,1900-01-00 00:00:00,0999-wombat,B8:27:EB:6F:ED:ED,-78, WPA ,0.000000,0.000000,0.000,0.000,AP
2026-04-01 14:51:08,1900-01-00 00:00:00,0999-wombat,B8:27:EB:6F:ED:ED,-78, WPA ,0.000000,0.000000,0.000,0.000,AP
2026-04-01 14:51:08,1900-01-00 00:00:00,0999-wombat,B8:27:EB:6F:ED:ED,-78, WPA ,0.000000,0.000000,0.000,0.000,AP
2026-04-01 14:51:08,1900-01-00 00:00:00,0999-wombat,B8:27:EB:6F:ED:ED,-72, WPA ,0.000000,0.000000,0.000,0.000,AP
2026-04-01 14:51:08,1900-01-00 00:00:00,0999-wombat,B8:27:EB:6F:ED:ED,-64, WPA ,0.000000,0.000000,0.000,0.000,AP
2026-04-01 14:51:08,1900-01-00 00:00:00,0999-wombat,B8:27:EB:6F:ED:ED,-64, WPA ,0.000000,0.000000,0.000,0.000,AP
2026-04-01 14:51:08,1900-01-00 00:00:00,0999-wombat,B8:27:EB:6F:ED:ED,-64, WPA ,0.000000,0.000000,0.000,0.000,AP
2026-04-01 14:51:08,1900-01-00 00:00:00,0999-wombat,B8:27:EB:6F:ED:ED,-64, WPA ,0.000000,0.000000,0.000,0.000,AP
2026-04-01 14:51:08,1900-01-00 00:00:00,0999-wombat,B8:27:EB:6F:ED:ED,-64, WPA ,0.000000,0.000000,0.000,0.000,AP
2026-04-01 14:51:08,1900-01-00 00:00:00,0999-wombat,B8:27:EB:6F:ED:ED,-64, WPA ,0.000000,0.000000,0.000,0.000,AP
2026-04-01 14:51:08,1900-01-00 00:00:00,0999-wombat,B8:27:EB:6F:ED:ED,-61, WPA ,0.000000,0.000000,0.000,0.000,AP
2026-04-01 14:51:08,1900-01-00 00:00:00,0999-wombat,B8:27:EB:6F:ED:ED,-61, WPA ,0.000000,0.000000,0.000,0.000,AP
2026-04-01 14:51:08,1900-01-00 00:00:00,0999-wombat,B8:27:EB:6F:ED:ED,-61, WPA ,0.000000,0.000000,0.000,0.000,AP
2026-04-01 14:51:08,1900-01-00 00:00:00,0999-wombat,B8:27:EB:6F:ED:ED,-61, WPA ,0.000000,0.000000,0.000,0.000,AP
2026-04-01 14:51:09,1900-01-00 00:00:00,0999-wombat,B8:27:EB:6F:ED:ED,-41, WPA ,0.000000,0.000000,0.000,0.000,AP
2026-04-01 14:51:09,1900-01-00 00:00:00,0999-wombat,B8:27:EB:6F:ED:ED,-79, WPA ,0.000000,0.000000,0.000,0.000,AP
2026-04-01 14:51:09,1900-01-00 00:00:00,0999-wombat,B8:27:EB:6F:ED:ED,-79, WPA ,0.000000,0.000000,0.000,0.000,AP
2026-04-01 14:51:09,1900-01-00 00:00:00,0999-wombat,B8:27:EB:6F:ED:ED,-79, WPA ,0.000000,0.000000,0.000,0.000,AP
2026-04-01 14:51:09,1900-01-00 00:00:00,0999-wombat,B8:27:EB:6F:ED:ED,-79, WPA ,0.000000,0.000000,0.000,0.000,AP
2026-04-01 14:51:09,1900-01-00 00:00:00,0999-wombat,B8:27:EB:6F:ED:ED,-79, WPA ,0.000000,0.000000,0.000,0.000,AP
2026-04-01 14:51:09,1900-01-00 00:00:00,0999-wombat,B8:27:EB:6F:ED:ED,-79, WPA ,0.000000,0.000000,0.000,0.000,AP
2026-04-01 14:51:09,1900-01-00 00:00:00,0999-wombat,B8:27:EB:6F:ED:ED,-79, WPA ,0.000000,0.000000,0.000,0.000,AP
2026-04-01 14:51:09,1900-01-00 00:00:00,0999-wombat,B8:27:EB:6F:ED:ED,-79, WPA ,0.000000,0.000000,0.000,0.000,AP
2026-04-01 14:51:09,1900-01-00 00:00:00,0999-wombat,B8:27:EB:6F:ED:ED,-79, WPA ,0.000000,0.000000,0.000,0.000,AP
2026-04-01 14:51:09,1900-01-00 00:00:00,0999-wombat,B8:27:EB:6F:ED:ED,-79, WPA ,0.000000,0.000000,0.000,0.000,AP
2026-04-01 14:51:09,1900-01-00 00:00:00,0999-wombat,B8:27:EB:6F:ED:ED,-79, WPA ,0.000000,0.000000,0.000,0.000,AP
2026-04-01 14:51:09,1900-01-00 00:00:00,0999-wombat,B8:27:EB:6F:ED:ED,-79, WPA ,0.000000,0.000000,0.000,0.000,AP
2026-04-01 14:51:09,1900-01-00 00:00:00,0999-wombat,B8:27:EB:6F:ED:ED,-79, WPA ,0.000000,0.000000,0.000,0.000,AP
2026-04-01 14:51:09,1900-01-00 00:00:00,0999-wombat,B8:27:EB:6F:ED:ED,-79, WPA ,0.000000,0.000000,0.000,0.000,AP
2026-04-01 14:51:09,1900-01-00 00:00:00,0999-wombat,B8:27:EB:6F:ED:ED,-79, WPA ,0.000000,0.000000,0.000,0.000,AP
2026-04-01 14:51:09,1900-01-00 00:00:00,0999-wombat,B8:27:EB:6F:ED:ED,-79, WPA ,0.000000,0.000000,0.000,0.000,AP
2026-04-01 14:51:09,1900-01-00 00:00:00,0999-wombat,B8:27:EB:6F:ED:ED,-79, WPA ,0.000000,0.000000,0.000,0.000,AP
2026-04-01 14:51:09,1900-01-00 00:00:00,0999-wombat,B8:27:EB:6F:ED:ED,-79, WPA ,0.000000,0.000000,0.000,0.000,AP
2026-04-01 14:51:09,1900-01-00 00:00:00,0999-wombat,B8:27:EB:6F:ED:ED,-79, WPA ,0.000000,0.000000,0.000,0.000,AP
2026-04-01 14:51:09,1900-01-00 00:00:00,0999-wombat,B8:27:EB:6F:ED:ED,-79, WPA ,0.000000,0.000000,0.000,0.000,AP
2026-04-01 14:51:09,1900-01-00 00:00:00,0999-wombat,B8:27:EB:6F:ED:ED,-79, WPA ,0.000000,0.000000,0.000,0.000,AP
2026-04-01 14:51:09,1900-01-00 00:00:00,0999-wombat,B8:27:EB:6F:ED:ED,-79, WPA ,0.000000,0.000000,0.000,0.000,AP
2026-04-01 14:51:09,1900-01-00 00:00:00,0999-wombat,B8:27:EB:6F:ED:ED,-79, WPA ,0.000000,0.000000,0.000,0.000,AP
2026-04-01 14:51:09,1900-01-00 00:00:00,0999-wombat,B8:27:EB:6F:ED:ED,-79, WPA ,0.000000,0.000000,0.000,0.000,AP
2026-04-01 14:51:09,1900-01-00 00:00:00,0999-wombat,B8:27:EB:6F:ED:ED,-79, WPA ,0.000000,0.000000,0.000,0.000,AP
2026-04-01 14:51:09,1900-01-00 00:00:00,0999-wombat,B8:27:EB:6F:ED:ED,-79, WPA ,0.000000,0.000000,0.000,0.000,AP
2026-04-01 14:51:09,1900-01-00 00:00:00,0999-wombat,B8:27:EB:6F:ED:ED,-79, WPA ,0.000000,0.000000,0.000,0.000,AP
2026-04-01 14:51:09,1900-01-00 00:00:00,0999-wombat,B8:27:EB:6F:ED:ED,-79, WPA ,0.000000,0.000000,0.000,0.000,AP
2026-04-01 14:51:09,1900-01-00 00:00:00,0999-wombat,B8:27:EB:6F:ED:ED,-79, WPA ,0.000000,0.000000,0.000,0.000,AP
2026-04-01 14:51:09,1900-01-00 00:00:00,0999-wombat,B8:27:EB:6F:ED:ED,-79, WPA ,0.000000,0.000000,0.000,0.000,AP
2026-04-01 14:51:09,1900-01-00 00:00:00,0999-wombat,B8:27:EB:6F:ED:ED,-79, WPA ,0.000000,0.000000,0.000,0.000,AP
2026-04-01 14:51:09,1900-01-00 00:00:00,0999-wombat,B8:27:EB:6F:ED:ED,-79, WPA ,0.000000,0.000000,0.000,0.000,AP
2026-04-01 14:51:09,1900-01-00 00:00:00,0999-wombat,B8:27:EB:6F:ED:ED,-79, WPA ,0.000000,0.000000,0.000,0.000,AP
2026-04-01 14:51:09,1900-01-00 00:00:00,0999-wombat,B8:27:EB:6F:ED:ED,-79, WPA ,0.000000,0.000000,0.000,0.000,AP
2026-04-01 14:51:09,1900-01-00 00:00:00,0999-wombat,B8:27:EB:6F:ED:ED,-79, WPA ,0.000000,0.000000,0.000,0.000,AP
2026-04-01 14:51:09,1900-01-00 00:00:00,0999-wombat,B8:27:EB:6F:ED:ED,-79, WPA ,0.000000,0.000000,0.000,0.000,AP
2026-04-01 14:51:09,1900-01-00 00:00:00,0999-wombat,B8:27:EB:6F:ED:ED,-79, WPA ,0.000000,0.000000,0.000,0.000,AP
2026-04-01 14:51:09,1900-01-00 00:00:00,0999-wombat,B8:27:EB:6F:ED:ED,-79, WPA ,0.000000,0.000000,0.000,0.000,AP
2026-04-01 14:51:09,1900-01-00 00:00:00,0999-wombat,B8:27:EB:6F:ED:ED,-79, WPA ,0.000000,0.000000,0.000,0.000,AP
2026-04-01 14:51:09,1900-01-00 00:00:00,0999-wombat,B8:27:EB:6F:ED:ED,-79, WPA ,0.000000,0.000000,0.000,0.000,AP
2026-04-01 14:51:09,1900-01-00 00:00:00,0999-wombat,B8:27:EB:6F:ED:ED,-79, WPA ,0.000000,0.000000,0.000,0.000,AP
2026-04-01 14:51:09,1900-01-00 00:00:00,0999-wombat,B8:27:EB:6F:ED:ED,-62, WPA ,0.000000,0.000000,0.000,0.000,AP
2026-04-01 14:51:09,1900-01-00 00:00:00,0999-wombat,B8:27:EB:6F:ED:ED,-62, WPA ,0.000000,0.000000,0.000,0.000,AP
2026-04-01 14:51:09,1900-01-00 00:00:00,0999-wombat,B8:27:EB:6F:ED:ED,-62, WPA ,0.000000,0.000000,0.000,0.000,AP
2026-04-01 14:51:09,1900-01-00 00:00:00,0999-wombat,B8:27:EB:6F:ED:ED,-62, WPA ,0.000000,0.000000,0.000,0.000,AP
2026-04-01 14:51:09,1900-01-00 00:00:00,0999-wombat,B8:27:EB:6F:ED:ED,-62, WPA ,0.000000,0.000000,0.000,0.000,AP
2026-04-01 14:51:09,1900-01-00 00:00:00,0999-wombat,B8:27:EB:6F:ED:ED,-62, WPA ,0.000000,0.000000,0.000,0.000,AP
2026-04-01 14:51:09,1900-01-00 00:00:00,0999-wombat,B8:27:EB:6F:ED:ED,-62, WPA ,0.000000,0.000000,0.000,0.000,AP
2026-04-01 14:51:09,1900-01-00 00:00:00,0999-wombat,B8:27:EB:6F:ED:ED,-62, WPA ,0.000000,0.000000,0.000,0.000,AP
2026-04-01 14:51:09,1900-01-00 00:00:00,0999-wombat,B8:27:EB:6F:ED:ED,-62, WPA ,0.000000,0.000000,0.000,0.000,AP
2026-04-01 14:51:09,1900-01-00 00:00:00,0999-wombat,B8:27:EB:6F:ED:ED,-62, WPA ,0.000000,0.000000,0.000,0.000,AP
2026-04-01 14:51:09,1900-01-00 00:00:00,0999-wombat,B8:27:EB:6F:ED:ED,-62, WPA ,0.000000,0.000000,0.000,0.000,AP
2026-04-01 14:51:09,1900-01-00 00:00:00,0999-wombat,B8:27:EB:6F:ED:ED,-62, WPA ,0.000000,0.000000,0.000,0.000,AP
2026-04-01 14:51:09,1900-01-00 00:00:00,0999-wombat,B8:27:EB:6F:ED:ED,-62, WPA ,0.000000,0.000000,0.000,0.000,AP
2026-04-01 14:51:09,1900-01-00 00:00:00,0999-wombat,B8:27:EB:6F:ED:ED,-62, WPA ,0.000000,0.000000,0.000,0.000,AP
2026-04-01 14:51:09,1900-01-00 00:00:00,0999-wombat,B8:27:EB:6F:ED:ED,-62, WPA ,0.000000,0.000000,0.000,0.000,AP
2026-04-01 14:51:09,1900-01-00 00:00:00,0999-wombat,B8:27:EB:6F:ED:ED,-62, WPA ,0.000000,0.000000,0.000,0.000,AP
2026-04-01 14:51:09,1900-01-00 00:00:00,0999-wombat,B8:27:EB:6F:ED:ED,-62, WPA ,0.000000,0.000000,0.000,0.000,AP
2026-04-01 14:51:09,1900-01-00 00:00:00,0999-wombat,B8:27:EB:6F:ED:ED,-62, WPA ,0.000000,0.000000,0.000,0.000,AP
2026-04-01 14:51:09,1900-01-00 00:00:00,0999-wombat,B8:27:EB:6F:ED:ED,-62, WPA ,0.000000,0.000000,0.000,0.000,AP
2026-04-01 14:51:09,1900-01-00 00:00:00,0999-wombat,B8:27:EB:6F:ED:ED,-62, WPA ,0.000000,0.000000,0.000,0.000,AP
2026-04-01 14:51:09,1900-01-00 00:00:00,0999-wombat,B8:27:EB:6F:ED:ED,-62, WPA ,0.000000,0.000000,0.000,0.000,AP
2026-04-01 14:51:09,1900-01-00 00:00:00,0999-wombat,B8:27:EB:6F:ED:ED,-62, WPA ,0.000000,0.000000,0.000,0.000,AP
2026-04-01 14:51:09,1900-01-00 00:00:00,0999-wombat,B8:27:EB:6F:ED:ED,-62, WPA ,0.000000,0.000000,0.000,0.000,AP
2026-04-01 14:51:09,1900-01-00 00:00:00,0999-wombat,B8:27:EB:6F:ED:ED,-62, WPA ,0.000000,0.000000,0.000,0.000,AP
2026-04-01 14:51:09,1900-01-00 00:00:00,0999-wombat,B8:27:EB:6F:ED:ED,-62, WPA ,0.000000,0.000000,0.000,0.000,AP
2026-04-01 14:51:09,1900-01-00 00:00:00,0999-wombat,B8:27:EB:6F:ED:ED,-63, WPA ,0.000000,0.000000,0.000,0.000,AP
2026-04-01 14:51:09,1900-01-00 00:00:00,0999-wombat,B8:27:EB:6F:ED:ED,-63, WPA ,0.000000,0.000000,0.000,0.000,AP
2026-04-01 14:51:09,1900-01-00 00:00:00,0999-wombat,B8:27:EB:6F:ED:ED,-63, WPA ,0.000000,0.000000,0.000,0.000,AP
2026-04-01 14:51:09,1900-01-00 00:00:00,0999-wombat,B8:27:EB:6F:ED:ED,-63, WPA ,0.000000,0.000000,0.000,0.000,AP
2026-04-01 14:51:09,1900-01-00 00:00:00,0999-wombat,B8:27:EB:6F:ED:ED,-63, WPA ,0.000000,0.000000,0.000,0.000,AP
2026-04-01 14:51:09,1900-01-00 00:00:00,0999-wombat,B8:27:EB:6F:ED:ED,-63, WPA ,0.000000,0.000000,0.000,0.000,AP
2026-04-01 14:51:09,1900-01-00 00:00:00,0999-wombat,B8:27:EB:6F:ED:ED,-63, WPA ,0.000000,0.000000,0.000,0.000,AP
2026-04-01 14:51:09,1900-01-00 00:00:00,0999-wombat,B8:27:EB:6F:ED:ED,-78, WPA ,0.000000,0.000000,0.000,0.000,AP
2026-04-01 14:51:09,1900-01-00 00:00:00,0999-wombat,B8:27:EB:6F:ED:ED,-78, WPA ,0.000000,0.000000,0.000,0.000,AP
2026-04-01 14:51:09,1900-01-00 00:00:00,0999-wombat,B8:27:EB:6F:ED:ED,-78, WPA ,0.000000,0.000000,0.000,0.000,AP
2026-04-01 14:51:09,1900-01-00 00:00:00,0999-wombat,B8:27:EB:6F:ED:ED,-78, WPA ,0.000000,0.000000,0.000,0.000,AP
2026-04-01 14:51:09,1900-01-00 00:00:00,0999-wombat,B8:27:EB:6F:ED:ED,-78, WPA ,0.000000,0.000000,0.000,0.000,AP
2026-04-01 14:51:09,1900-01-00 00:00:00,0999-wombat,B8:27:EB:6F:ED:ED,-78, WPA ,0.000000,0.000000,0.000,0.000,AP
2026-04-01 14:51:09,1900-01-00 00:00:00,0999-wombat,B8:27:EB:6F:ED:ED,-78, WPA ,0.000000,0.000000,0.000,0.000,AP
2026-04-01 14:51:09,1900-01-00 00:00:00,0999-wombat,B8:27:EB:6F:ED:ED,-78, WPA ,0.000000,0.000000,0.000,0.000,AP
2026-04-01 14:51:09,1900-01-00 00:00:00,0999-wombat,B8:27:EB:6F:ED:ED,-78, WPA ,0.000000,0.000000,0.000,0.000,AP
2026-04-01 14:51:09,1900-01-00 00:00:00,0999-wombat,B8:27:EB:6F:ED:ED,-78, WPA ,0.000000,0.000000,0.000,0.000,AP
2026-04-01 14:51:09,1900-01-00 00:00:00,0999-wombat,B8:27:EB:6F:ED:ED,-78, WPA ,0.000000,0.000000,0.000,0.000,AP
2026-04-01 14:51:09,1900-01-00 00:00:00,0999-wombat,B8:27:EB:6F:ED:ED,-78, WPA ,0.000000,0.000000,0.000,0.000,AP
2026-04-01 14:51:09,1900-01-00 00:00:00,0999-wombat,B8:27:EB:6F:ED:ED,-78, WPA ,0.000000,0.000000,0.000,0.000,AP
2026-04-01 14:51:09,1900-01-00 00:00:00,0999-wombat,B8:27:EB:6F:ED:ED,-78, WPA ,0.000000,0.000000,0.000,0.000,AP
2026-04-01 14:51:09,1900-01-00 00:00:00,0999-wombat,B8:27:EB:6F:ED:ED,-78, WPA ,0.000000,0.000000,0.000,0.000,AP
2026-04-01 14:51:09,1900-01-00 00:00:00,0999-wombat,B8:27:EB:6F:ED:ED,-78, WPA ,0.000000,0.000000,0.000,0.000,AP
2026-04-01 14:51:09,1900-01-00 00:00:00,0999-wombat,B8:27:EB:6F:ED:ED,-78, WPA ,0.000000,0.000000,0.000,0.000,AP
2026-04-01 14:51:09,1900-01-00 00:00:00,0999-wombat,B8:27:EB:6F:ED:ED,-78, WPA ,0.000000,0.000000,0.000,0.000,AP
2026-04-01 14:51:09,1900-01-00 00:00:00,0999-wombat,B8:27:EB:6F:ED:ED,-78, WPA ,0.000000,0.000000,0.000,0.000,AP
2026-04-01 14:51:09,1900-01-00 00:00:00,0999-wombat,B8:27:EB:6F:ED:ED,-78, WPA ,0.000000,0.000000,0.000,0.000,AP
2026-04-01 14:51:09,1900-01-00 00:00:00,0999-wombat,B8:27:EB:6F:ED:ED,-78, WPA ,0.000000,0.000000,0.000,0.000,AP
2026-04-01 14:51:09,1900-01-00 00:00:00,0999-wombat,B8:27:EB:6F:ED:ED,-78, WPA ,0.000000,0.000000,0.000,0.000,AP
2026-04-01 14:51:09,1900-01-00 00:00:00,0999-wombat,B8:27:EB:6F:ED:ED,-78, WPA ,0.000000,0.000000,0.000,0.000,AP
2026-04-01 14:51:09,1900-01-00 00:00:00,0999-wombat,B8:27:EB:6F:ED:ED,-78, WPA ,0.000000,0.000000,0.000,0.000,AP
2026-04-01 14:51:09,1900-01-00 00:00:00,0999-wombat,B8:27:EB:6F:ED:ED,-78, WPA ,0.000000,0.000000,0.000,0.000,AP
2026-04-01 14:51:09,1900-01-00 00:00:00,0999-wombat,B8:27:EB:6F:ED:ED,-78, WPA ,0.000000,0.000000,0.000,0.000,AP
2026-04-01 14:51:09,1900-01-00 00:00:00,0999-wombat,B8:27:EB:6F:ED:ED,-78, WPA ,0.000000,0.000000,0.000,0.000,AP
2026-04-01 14:51:09,1900-01-00 00:00:00,0999-wombat,B8:27:EB:6F:ED:ED,-78, WPA ,0.000000,0.000000,0.000,0.000,AP
2026-04-01 14:51:09,1900-01-00 00:00:00,0999-wombat,B8:27:EB:6F:ED:ED,-78, WPA ,0.000000,0.000000,0.000,0.000,AP
2026-04-01 14:51:09,1900-01-00 00:00:00,0999-wombat,B8:27:EB:6F:ED:ED,-78, WPA ,0.000000,0.000000,0.000,0.000,AP
2026-04-01 14:51:09,1900-01-00 00:00:00,0999-wombat,B8:27:EB:6F:ED:ED,-78, WPA ,0.000000,0.000000,0.000,0.000,AP
2026-04-01 14:51:09,1900-01-00 00:00:00,0999-wombat,B8:27:EB:6F:ED:ED,-78, WPA ,0.000000,0.000000,0.000,0.000,AP
2026-04-01 14:51:09,1900-01-00 00:00:00,0999-wombat,B8:27:EB:6F:ED:ED,-78, WPA ,0.000000,0.000000,0.000,0.000,AP
2026-04-01 14:51:09,1900-01-00 00:00:00,0999-wombat,B8:27:EB:6F:ED:ED,-78, WPA ,0.000000,0.000000,0.000,0.000,AP
2026-04-01 14:51:09,1900-01-00 00:00:00,0999-wombat,B8:27:EB:6F:ED:ED,-78, WPA ,0.000000,0.000000,0.000,0.000,AP
2026-04-01 14:51:09,1900-01-00 00:00:00,0999-wombat,B8:27:EB:6F:ED:ED,-78, WPA ,0.000000,0.000000,0.000,0.000,AP
2026-04-01 14:51:09,1900-01-00 00:00:00,0999-wombat,B8:27:EB:6F:ED:ED,-78, WPA ,0.000000,0.000000,0.000,0.000,AP
2026-04-01 14:51:09,1900-01-00 00:00:00,0999-wombat,B8:27:EB:6F:ED:ED,-78, WPA ,0.000000,0.000000,0.000,0.000,AP
2026-04-01 14:51:09,1900-01-00 00:00:00,0999-wombat,B8:27:EB:6F:ED:ED,-78, WPA ,0.000000,0.000000,0.000,0.000,AP
2026-04-01 14:51:09,1900-01-00 00:00:00,0999-wombat,B8:27:EB:6F:ED:ED,-78, WPA ,0.000000,0.000000,0.000,0.000,AP
2026-04-01 14:51:09,1900-01-00 00:00:00,0999-wombat,B8:27:EB:6F:ED:ED,-39, WPA ,0.000000,0.000000,0.000,0.000,AP
2026-04-01 14:51:09,1900-01-00 00:00:00,0999-wombat,B8:27:EB:6F:ED:ED,-39, WPA ,0.000000,0.000000,0.000,0.000,AP
2026-04-01 14:51:09,1900-01-00 00:00:00,0999-wombat,B8:27:EB:6F:ED:ED,-39, WPA ,0.000000,0.000000,0.000,0.000,AP
2026-04-01 14:51:09,1900-01-00 00:00:00,0999-wombat,B8:27:EB:6F:ED:ED,-39, WPA ,0.000000,0.000000,0.000,0.000,AP
2026-04-01 14:51:09,1900-01-00 00:00:00,0999-wombat,B8:27:EB:6F:ED:ED,-39, WPA ,0.000000,0.000000,0.000,0.000,AP
2026-04-01 14:51:09,1900-01-00 00:00:00,0999-wombat,B8:27:EB:6F:ED:ED,-39, WPA ,0.000000,0.000000,0.000,0.000,AP
2026-04-01 14:51:09,1900-01-00 00:00:00,0999-wombat,B8:27:EB:6F:ED:ED,-39, WPA ,0.000000,0.000000,0.000,0.000,AP
2026-04-01 14:51:09,1900-01-00 00:00:00,0999-wombat,B8:27:EB:6F:ED:ED,-39, WPA ,0.000000,0.000000,0.000,0.000,AP
2026-04-01 14:51:09,1900-01-00 00:00:00,0999-wombat,B8:27:EB:6F:ED:ED,-39, WPA ,0.000000,0.000000,0.000,0.000,AP
2026-04-01 14:51:09,1900-01-00 00:00:00,0999-wombat,B8:27:EB:6F:ED:ED,-39, WPA ,0.000000,0.000000,0.000,0.000,AP
2026-04-01 14:51:09,1900-01-00 00:00:00,0999-wombat,B8:27:EB:6F:ED:ED,-39, WPA ,0.000000,0.000000,0.000,0.000,AP
2026-04-01 14:51:09,1900-01-00 00:00:00,0999-wombat,B8:27:EB:6F:ED:ED,-39, WPA ,0.000000,0.000000,0.000,0.000,AP
2026-04-01 14:51:09,1900-01-00 00:00:00,0999-wombat,B8:27:EB:6F:ED:ED,-39, WPA ,0.000000,0.000000,0.000,0.000,AP
2026-04-01 14:51:09,1900-01-00 00:00:00,0999-wombat,B8:27:EB:6F:ED:ED,-39, WPA ,0.000000,0.000000,0.000,0.000,AP
2026-04-01 14:51:09,1900-01-00 00:00:00,0999-wombat,B8:27:EB:6F:ED:ED,-39, WPA ,0.000000,0.000000,0.000,0.000,AP
2026-04-01 14:51:09,1900-01-00 00:00:00,0999-wombat,B8:27:EB:6F:ED:ED,-39, WPA ,0.000000,0.000000,0.000,0.000,AP
2026-04-01 14:51:09,1900-01-00 00:00:00,0999-wombat,B8:27:EB:6F:ED:ED,-39, WPA ,0.000000,0.000000,0.000,0.000,AP
2026-04-01 14:51:09,1900-01-00 00:00:00,0999-wombat,B8:27:EB:6F:ED:ED,-39, WPA ,0.000000,0.000000,0.000,0.000,AP
2026-04-01 14:51:09,1900-01-00 00:00:00,0999-wombat,B8:27:EB:6F:ED:ED,-39, WPA ,0.000000,0.000000,0.000,0.000,AP
2026-04-01 14:51:09,1900-01-00 00:00:00,0999-wombat,B8:27:EB:6F:ED:ED,-39, WPA ,0.000000,0.000000,0.000,0.000,AP
2026-04-01 14:51:09,1900-01-00 00:00:00,0999-wombat,B8:27:EB:6F:ED:ED,-39, WPA ,0.000000,0.000000,0.000,0.000,AP
2026-04-01 14:51:09,1900-01-00 00:00:00,0999-wombat,B8:27:EB:6F:ED:ED,-39, WPA ,0.000000,0.000000,0.000,0.000,AP
2026-04-01 14:51:09,1900-01-00 00:00:00,0999-wombat,B8:27:EB:6F:ED:ED,-39, WPA ,0.000000,0.000000,0.000,0.000,AP
2026-04-01 14:51:09,1900-01-00 00:00:00,0999-wombat,B8:27:EB:6F:ED:ED,-39, WPA ,0.000000,0.000000,0.000,0.000,AP
2026-04-01 14:51:09,1900-01-00 00:00:00,0999-wombat,B8:27:EB:6F:ED:ED,-39, WPA ,0.000000,0.000000,0.000,0.000,AP
2026-04-01 14:51:09,1900-01-00 00:00:00,0999-wombat,B8:27:EB:6F:ED:ED,-39, WPA ,0.000000,0.000000,0.000,0.000,AP
2026-04-01 14:51:09,1900-01-00 00:00:00,0999-wombat,B8:27:EB:6F:ED:ED,-39, WPA ,0.000000,0.000000,0.000,0.000,AP
2026-04-01 14:51:09,1900-01-00 00:00:00,0999-wombat,B8:27:EB:6F:ED:ED,-39, WPA ,0.000000,0.000000,0.000,0.000,AP
2026-04-01 14:51:09,1900-01-00 00:00:00,0999-wombat,B8:27:EB:6F:ED:ED,-39, WPA ,0.000000,0.000000,0.000,0.000,AP
2026-04-01 14:51:09,1900-01-00 00:00:00,0999-wombat,B8:27:EB:6F:ED:ED,-39, WPA ,0.000000,0.000000,0.000,0.000,AP
2026-04-01 14:51:09,1900-01-00 00:00:00,0999-wombat,B8:27:EB:6F:ED:ED,-39, WPA ,0.000000,0.000000,0.000,0.000,AP
2026-04-01 14:51:09,1900-01-00 00:00:00,0999-wombat,B8:27:EB:6F:ED:ED,-39, WPA ,0.000000,0.000000,0.000,0.000,AP
2026-04-01 14:51:09,1900-01-00 00:00:00,0999-wombat,B8:27:EB:6F:ED:ED,-39, WPA ,0.000000,0.000000,0.000,0.000,AP
2026-04-01 14:51:09,1900-01-00 00:00:00,0999-wombat,B8:27:EB:6F:ED:ED,-39, WPA ,0.000000,0.000000,0.000,0.000,AP
2026-04-01 14:51:09,1900-01-00 00:00:00,0999-wombat,B8:27:EB:6F:ED:ED,-39, WPA ,0.000000,0.000000,0.000,0.000,AP
2026-04-01 14:51:09,1900-01-00 00:00:00,0999-wombat,B8:27:EB:6F:ED:ED,-39, WPA ,0.000000,0.000000,0.000,0.000,AP
2026-04-01 14:51:09,1900-01-00 00:00:00,0999-wombat,B8:27:EB:6F:ED:ED,-80, WPA ,0.000000,0.000000,0.000,0.000,AP
2026-04-01 14:51:09,1900-01-00 00:00:00,0999-wombat,B8:27:EB:6F:ED:ED,-80, WPA ,0.000000,0.000000,0.000,0.000,AP
2026-04-01 14:51:09,1900-01-00 00:00:00,0999-wombat,B8:27:EB:6F:ED:ED,-61, WPA ,0.000000,0.000000,0.000,0.000,AP
2026-04-01 14:51:09,1900-01-00 00:00:00,0999-wombat,B8:27:EB:6F:ED:ED,-61, WPA ,0.000000,0.000000,0.000,0.000,AP
2026-04-01 14:51:09,1900-01-00 00:00:00,0999-wombat,B8:27:EB:6F:ED:ED,-61, WPA ,0.000000,0.000000,0.000,0.000,AP
2026-04-01 14:51:09,1900-01-00 00:00:00,0999-wombat,B8:27:EB:6F:ED:ED,-61, WPA ,0.000000,0.000000,0.000,0.000,AP
2026-04-01 14:51:09,1900-01-00 00:00:00,0999-wombat,B8:27:EB:6F:ED:ED,-61, WPA ,0.000000,0.000000,0.000,0.000,AP
2026-04-01 14:51:09,1900-01-00 00:00:00,0999-wombat,B8:27:EB:6F:ED:ED,-61, WPA ,0.000000,0.000000,0.000,0.000,AP
2026-04-01 14:51:09,1900-01-00 00:00:00,0999-wombat,B8:27:EB:6F:ED:ED,-77, WPA ,0.000000,0.000000,0.000,0.000,AP
2026-04-01 14:51:09,1900-01-00 00:00:00,0999-wombat,B8:27:EB:6F:ED:ED,-77, WPA ,0.000000,0.000000,0.000,0.000,AP
2026-04-01 14:51:09,1900-01-00 00:00:00,0999-wombat,B8:27:EB:6F:ED:ED,-74, WPA ,0.000000,0.000000,0.000,0.000,AP
2026-04-01 14:51:09,1900-01-00 00:00:00,0999-wombat,B8:27:EB:6F:ED:ED,-74, WPA ,0.000000,0.000000,0.000,0.000,AP
2026-04-01 14:51:09,1900-01-00 00:00:00,0999-wombat,B8:27:EB:6F:ED:ED,-80, WPA ,0.000000,0.000000,0.000,0.000,AP
2026-04-01 14:51:09,1900-01-00 00:00:00,0999-wombat,B8:27:EB:6F:ED:ED,-80, WPA ,0.000000,0.000000,0.000,0.000,AP
2026-04-01 14:51:09,1900-01-00 00:00:00,0999-wombat,B8:27:EB:6F:ED:ED,-80, WPA ,0.000000,0.000000,0.000,0.000,AP
2026-04-01 14:51:09,1900-01-00 00:00:00,0999-wombat,B8:27:EB:6F:ED:ED,-80, WPA ,0.000000,0.000000,0.000,0.000,AP
2026-04-01 14:51:09,1900-01-00 00:00:00,0999-wombat,B8:27:EB:6F:ED:ED,-63, WPA ,0.000000,0.000000,0.000,0.000,AP
2026-04-01 14:51:09,1900-01-00 00:00:00,0999-wombat,B8:27:EB:6F:ED:ED,-63, WPA ,0.000000,0.000000,0.000,0.000,AP
2026-04-01 14:51:09,1900-01-00 00:00:00,0999-wombat,B8:27:EB:6F:ED:ED,-63, WPA ,0.000000,0.000000,0.000,0.000,AP
2026-04-01 14:51:09,1900-01-00 00:00:00,0999-wombat,B8:27:EB:6F:ED:ED,-63, WPA ,0.000000,0.000000,0.000,0.000,AP
2026-04-01 14:51:09,1900-01-00 00:00:00,0999-wombat,B8:27:EB:6F:ED:ED,-63, WPA ,0.000000,0.000000,0.000,0.000,AP
2026-04-01 14:51:09,1900-01-00 00:00:00,0999-wombat,B8:27:EB:6F:ED:ED,-63, WPA ,0.000000,0.000000,0.000,0.000,AP
2026-04-01 14:51:09,1900-01-00 00:00:00,0999-wombat,B8:27:EB:6F:ED:ED,-63, WPA ,0.000000,0.000000,0.000,0.000,AP
2026-04-01 14:51:09,1900-01-00 00:00:00,0999-wombat,B8:27:EB:6F:ED:ED,-63, WPA ,0.000000,0.000000,0.000,0.000,AP
2026-04-01 14:51:09,1900-01-00 00:00:00,0999-wombat,B8:27:EB:6F:ED:ED,-78, WPA ,0.000000,0.000000,0.000,0.000,AP
2026-04-01 14:51:09,1900-01-00 00:00:00,0999-wombat,B8:27:EB:6F:ED:ED,-78, WPA ,0.000000,0.000000,0.000,0.000,AP
2026-04-01 14:51:09,1900-01-00 00:00:00,0999-wombat,B8:27:EB:6F:ED:ED,-78, WPA ,0.000000,0.000000,0.000,0.000,AP
2026-04-01 14:51:09,1900-01-00 00:00:00,0999-wombat,B8:27:EB:6F:ED:ED,-78, WPA ,0.000000,0.000000,0.000,0.000,AP
2026-04-01 14:51:09,1900-01-00 00:00:00,0999-wombat,B8:27:EB:6F:ED:ED,-75, WPA ,0.000000,0.000000,0.000,0.000,AP
2026-04-01 14:51:09,1900-01-00 00:00:00,0999-wombat,B8:27:EB:6F:ED:ED,-79, WPA ,0.000000,0.000000,0.000,0.000,AP
2026-04-01 14:51:09,1900-01-00 00:00:00,0999-wombat,B8:27:EB:6F:ED:ED,-79, WPA ,0.000000,0.000000,0.000,0.000,AP
2026-04-01 14:51:09,1900-01-00 00:00:00,0999-wombat,B8:27:EB:6F:ED:ED,-79, WPA ,0.000000,0.000000,0.000,0.000,AP
2026-04-01 14:51:09,1900-01-00 00:00:00,0999-wombat,B8:27:EB:6F:ED:ED,-79, WPA ,0.000000,0.000000,0.000,0.000,AP
2026-04-01 14:51:09,1900-01-00 00:00:00,0999-wombat,B8:27:EB:6F:ED:ED,-79, WPA ,0.000000,0.000000,0.000,0.000,AP
2026-04-01 14:51:09,1900-01-00 00:00:00,0999-wombat,B8:27:EB:6F:ED:ED,-79, WPA ,0.000000,0.000000,0.000,0.000,AP
2026-04-01 14:51:09,1900-01-00 00:00:00,0999-wombat,B8:27:EB:6F:ED:ED,-79, WPA ,0.000000,0.000000,0.000,0.000,AP
2026-04-01 14:51:09,1900-01-00 00:00:00,0999-wombat,B8:27:EB:6F:ED:ED,-79, WPA ,0.000000,0.000000,0.000,0.000,AP
2026-04-01 14:51:09,1900-01-00 00:00:00,0999-wombat,B8:27:EB:6F:ED:ED,-79, WPA ,0.000000,0.000000,0.000,0.000,AP
2026-04-01 14:51:09,1900-01-00 00:00:00,0999-wombat,B8:27:EB:6F:ED:ED,-79, WPA ,0.000000,0.000000,0.000,0.000,AP
2026-04-01 14:51:09,1900-01-00 00:00:00,0999-wombat,B8:27:EB:6F:ED:ED,-79, WPA ,0.000000,0.000000,0.000,0.000,AP
2026-04-01 14:51:09,1900-01-00 00:00:00,0999-wombat,B8:27:EB:6F:ED:ED,-79, WPA ,0.000000,0.000000,0.000,0.000,AP
2026-04-01 14:51:09,1900-01-00 00:00:00,0999-wombat,B8:27:EB:6F:ED:ED,-79, WPA ,0.000000,0.000000,0.000,0.000,AP
2026-04-01 14:51:09,1900-01-00 00:00:00,0999-wombat,B8:27:EB:6F:ED:ED,-79, WPA ,0.000000,0.000000,0.000,0.000,AP
2026-04-01 14:51:09,1900-01-00 00:00:00,0999-wombat,B8:27:EB:6F:ED:ED,-79, WPA ,0.000000,0.000000,0.000,0.000,AP
2026-04-01 14:51:09,1900-01-00 00:00:00,0999-wombat,B8:27:EB:6F:ED:ED,-59, WPA ,0.000000,0.000000,0.000,0.000,AP
2026-04-01 14:51:09,1900-01-00 00:00:00,0999-wombat,B8:27:EB:6F:ED:ED,-59, WPA ,0.000000,0.000000,0.000,0.000,AP
2026-04-01 14:51:09,1900-01-00 00:00:00,0999-wombat,B8:27:EB:6F:ED:ED,-59, WPA ,0.000000,0.000000,0.000,0.000,AP
2026-04-01 14:51:09,1900-01-00 00:00:00,0999-wombat,B8:27:EB:6F:ED:ED,-59, WPA ,0.000000,0.000000,0.000,0.000,AP
2026-04-01 14:51:09,1900-01-00 00:00:00,0999-wombat,B8:27:EB:6F:ED:ED,-59, WPA ,0.000000,0.000000,0.000,0.000,AP
2026-04-01 14:51:09,1900-01-00 00:00:00,0999-wombat,B8:27:EB:6F:ED:ED,-59, WPA ,0.000000,0.000000,0.000,0.000,AP
2026-04-01 14:51:09,1900-01-00 00:00:00,0999-wombat,B8:27:EB:6F:ED:ED,-59, WPA ,0.000000,0.000000,0.000,0.000,AP
2026-04-01 14:51:09,1900-01-00 00:00:00,0999-wombat,B8:27:EB:6F:ED:ED,-59, WPA ,0.000000,0.000000,0.000,0.000,AP
2026-04-01 14:51:09,1900-01-00 00:00:00,0999-wombat,B8:27:EB:6F:ED:ED,-78, WPA ,0.000000,0.000000,0.000,0.000,AP
2026-04-01 14:51:09,1900-01-00 00:00:00,0999-wombat,B8:27:EB:6F:ED:ED,-78, WPA ,0.000000,0.000000,0.000,0.000,AP
2026-04-01 14:51:09,1900-01-00 00:00:00,0999-wombat,B8:27:EB:6F:ED:ED,-78, WPA ,0.000000,0.000000,0.000,0.000,AP
2026-04-01 14:51:09,1900-01-00 00:00:00,0999-wombat,B8:27:EB:6F:ED:ED,-78, WPA ,0.000000,0.000000,0.000,0.000,AP
2026-04-01 14:51:09,1900-01-00 00:00:00,0999-wombat,B8:27:EB:6F:ED:ED,-78, WPA ,0.000000,0.000000,0.000,0.000,AP
2026-04-01 14:51:09,1900-01-00 00:00:00,0999-wombat,B8:27:EB:6F:ED:ED,-78, WPA ,0.000000,0.000000,0.000,0.000,AP
2026-04-01 14:51:09,1900-01-00 00:00:00,0999-wombat,B8:27:EB:6F:ED:ED,-78, WPA ,0.000000,0.000000,0.000,0.000,AP
2026-04-01 14:51:09,1900-01-00 00:00:00,0999-wombat,B8:27:EB:6F:ED:ED,-78, WPA ,0.000000,0.000000,0.000,0.000,AP
2026-04-01 14:51:09,1900-01-00 00:00:00,0999-wombat,B8:27:EB:6F:ED:ED,-78, WPA ,0.000000,0.000000,0.000,0.000,AP
2026-04-01 14:51:09,1900-01-00 00:00:00,0999-wombat,B8:27:EB:6F:ED:ED,-78, WPA ,0.000000,0.000000,0.000,0.000,AP
2026-04-01 14:51:09,1900-01-00 00:00:00,0999-wombat,B8:27:EB:6F:ED:ED,-78, WPA ,0.000000,0.000000,0.000,0.000,AP
2026-04-01 14:51:09,1900-01-00 00:00:00,0999-wombat,B8:27:EB:6F:ED:ED,-78, WPA ,0.000000,0.000000,0.000,0.000,AP
2026-04-01 14:51:09,1900-01-00 00:00:00,0999-wombat,B8:27:EB:6F:ED:ED,-78, WPA ,0.000000,0.000000,0.000,0.000,AP
2026-04-01 14:51:09,1900-01-00 00:00:00,0999-wombat,B8:27:EB:6F:ED:ED,-78, WPA ,0.000000,0.000000,0.000,0.000,AP
2026-04-01 14:51:09,1900-01-00 00:00:00,0999-wombat,B8:27:EB:6F:ED:ED,-78, WPA ,0.000000,0.000000,0.000,0.000,AP
2026-04-01 14:51:09,1900-01-00 00:00:00,0999-wombat,B8:27:EB:6F:ED:ED,-78, WPA ,0.000000,0.000000,0.000,0.000,AP
2026-04-01 14:51:09,1900-01-00 00:00:00,0999-wombat,B8:27:EB:6F:ED:ED,-78, WPA ,0.000000,0.000000,0.000,0.000,AP
2026-04-01 14:51:09,1900-01-00 00:00:00,0999-wombat,B8:27:EB:6F:ED:ED,-78, WPA ,0.000000,0.000000,0.000,0.000,AP
2026-04-01 14:51:09,1900-01-00 00:00:00,0999-wombat,B8:27:EB:6F:ED:ED,-78, WPA ,0.000000,0.000000,0.000,0.000,AP
2026-04-01 14:51:09,1900-01-00 00:00:00,0999-wombat,B8:27:EB:6F:ED:ED,-78, WPA ,0.000000,0.000000,0.000,0.000,AP
2026-04-01 14:51:09,1900-01-00 00:00:00,0999-wombat,B8:27:EB:6F:ED:ED,-78, WPA ,0.000000,0.000000,0.000,0.000,AP
2026-04-01 14:51:09,1900-01-00 00:00:00,0999-wombat,B8:27:EB:6F:ED:ED,-78, WPA ,0.000000,0.000000,0.000,0.000,AP
2026-04-01 14:51:09,1900-01-00 00:00:00,0999-wombat,B8:27:EB:6F:ED:ED,-78, WPA ,0.000000,0.000000,0.000,0.000,AP
2026-04-01 14:51:09,1900-01-00 00:00:00,0999-wombat,B8:27:EB:6F:ED:ED,-78, WPA ,0.000000,0.000000,0.000,0.000,AP
2026-04-01 14:51:09,1900-01-00 00:00:00,0999-wombat,B8:27:EB:6F:ED:ED,-78, WPA ,0.000000,0.000000,0.000,0.000,AP
2026-04-01 14:51:09,1900-01-00 00:00:00,0999-wombat,B8:27:EB:6F:ED:ED,-78, WPA ,0.000000,0.000000,0.000,0.000,AP
2026-04-01 14:51:09,1900-01-00 00:00:00,0999-wombat,B8:27:EB:6F:ED:ED,-78, WPA ,0.000000,0.000000,0.000,0.000,AP
2026-04-01 14:51:09,1900-01-00 00:00:00,0999-wombat,B8:27:EB:6F:ED:ED,-78, WPA ,0.000000,0.000000,0.000,0.000,AP
2026-04-01 14:51:09,1900-01-00 00:00:00,0999-wombat,B8:27:EB:6F:ED:ED,-78, WPA ,0.000000,0.000000,0.000,0.000,AP
2026-04-01 14:51:09,1900-01-00 00:00:00,0999-wombat,B8:27:EB:6F:ED:ED,-78, WPA ,0.000000,0.000000,0.000,0.000,AP
2026-04-01 14:51:09,1900-01-00 00:00:00,0999-wombat,B8:27:EB:6F:ED:ED,-78, WPA ,0.000000,0.000000,0.000,0.000,AP
2026-04-01 14:51:09,1900-01-00 00:00:00,0999-wombat,B8:27:EB:6F:ED:ED,-78, WPA ,0.000000,0.000000,0.000,0.000,AP
2026-04-01 14:51:09,1900-01-00 00:00:00,0999-wombat,B8:27:EB:6F:ED:ED,-78, WPA ,0.000000,0.000000,0.000,0.000,AP
2026-04-01 14:51:09,1900-01-00 00:00:00,0999-wombat,B8:27:EB:6F:ED:ED,-78, WPA ,0.000000,0.000000,0.000,0.000,AP
2026-04-01 14:51:09,1900-01-00 00:00:00,0999-wombat,B8:27:EB:6F:ED:ED,-78, WPA ,0.000000,0.000000,0.000,0.000,AP
2026-04-01 14:51:09,1900-01-00 00:00:00,0999-wombat,B8:27:EB:6F:ED:ED,-82, WPA ,0.000000,0.000000,0.000,0.000,AP
2026-04-01 14:51:09,1900-01-00 00:00:00,0999-wombat,B8:27:EB:6F:ED:ED,-82, WPA ,0.000000,0.000000,0.000,0.000,AP
2026-04-01 14:51:09,1900-01-00 00:00:00,0999-wombat,B8:27:EB:6F:ED:ED,-82, WPA ,0.000000,0.000000,0.000,0.000,AP
2026-04-01 14:51:09,1900-01-00 00:00:00,0999-wombat,B8:27:EB:6F:ED:ED,-82, WPA ,0.000000,0.000000,0.000,0.000,AP
2026-04-01 14:51:09,1900-01-00 00:00:00,0999-wombat,B8:27:EB:6F:ED:ED,-82, WPA ,0.000000,0.000000,0.000,0.000,AP
2026-04-01 14:51:09,1900-01-00 00:00:00,0999-wombat,B8:27:EB:6F:ED:ED,-82, WPA ,0.000000,0.000000,0.000,0.000,AP
2026-04-01 14:51:09,1900-01-00 00:00:00,0999-wombat,B8:27:EB:6F:ED:ED,-82, WPA ,0.000000,0.000000,0.000,0.000,AP
2026-04-01 14:51:09,1900-01-00 00:00:00,0999-wombat,B8:27:EB:6F:ED:ED,-82, WPA ,0.000000,0.000000,0.000,0.000,AP
2026-04-01 14:51:09,1900-01-00 00:00:00,0999-wombat,B8:27:EB:6F:ED:ED,-82, WPA ,0.000000,0.000000,0.000,0.000,AP
2026-04-01 14:51:09,1900-01-00 00:00:00,0999-wombat,B8:27:EB:6F:ED:ED,-82, WPA ,0.000000,0.000000,0.000,0.000,AP
2026-04-01 14:51:09,1900-01-00 00:00:00,0999-wombat,B8:27:EB:6F:ED:ED,-82, WPA ,0.000000,0.000000,0.000,0.000,AP
2026-04-01 14:51:09,1900-01-00 00:00:00,0999-wombat,B8:27:EB:6F:ED:ED,-82, WPA ,0.000000,0.000000,0.000,0.000,AP
2026-04-01 14:51:09,1900-01-00 00:00:00,0999-wombat,B8:27:EB:6F:ED:ED,-82, WPA ,0.000000,0.000000,0.000,0.000,AP
2026-04-01 14:51:09,1900-01-00 00:00:00,0999-wombat,B8:27:EB:6F:ED:ED,-48, WPA ,0.000000,0.000000,0.000,0.000,AP
2026-04-01 14:51:09,1900-01-00 00:00:00,0999-wombat,B8:27:EB:6F:ED:ED,-48, WPA ,0.000000,0.000000,0.000,0.000,AP
2026-04-01 14:51:09,1900-01-00 00:00:00,0999-wombat,B8:27:EB:6F:ED:ED,-48, WPA ,0.000000,0.000000,0.000,0.000,AP
2026-04-01 14:51:09,1900-01-00 00:00:00,0999-wombat,B8:27:EB:6F:ED:ED,-48, WPA ,0.000000,0.000000,0.000,0.000,AP
2026-04-01 14:51:09,1900-01-00 00:00:00,0999-wombat,B8:27:EB:6F:ED:ED,-49, WPA ,0.000000,0.000000,0.000,0.000,AP
2026-04-01 14:51:09,1900-01-00 00:00:00,0999-wombat,B8:27:EB:6F:ED:ED,-49, WPA ,0.000000,0.000000,0.000,0.000,AP
2026-04-01 14:51:09,1900-01-00 00:00:00,0999-wombat,B8:27:EB:6F:ED:ED,-49, WPA ,0.000000,0.000000,0.000,0.000,AP
2026-04-01 14:51:09,1900-01-00 00:00:00,0999-wombat,B8:27:EB:6F:ED:ED,-49, WPA ,0.000000,0.000000,0.000,0.000,AP
2026-04-01 14:51:09,1900-01-00 00:00:00,0999-wombat,B8:27:EB:6F:ED:ED,-48, WPA ,0.000000,0.000000,0.000,0.000,AP
2026-04-01 14:51:09,1900-01-00 00:00:00,0999-wombat,B8:27:EB:6F:ED:ED,-48, WPA ,0.000000,0.000000,0.000,0.000,AP
2026-04-01 14:51:09,1900-01-00 00:00:00,0999-wombat,B8:27:EB:6F:ED:ED,-48, WPA ,0.000000,0.000000,0.000,0.000,AP
2026-04-01 14:51:09,1900-01-00 00:00:00,0999-wombat,B8:27:EB:6F:ED:ED,-47, WPA ,0.000000,0.000000,0.000,0.000,AP
2026-04-01 14:51:09,1900-01-00 00:00:00,0999-wombat,B8:27:EB:6F:ED:ED,-43, WPA ,0.000000,0.000000,0.000,0.000,AP
2026-04-01 14:51:09,1900-01-00 00:00:00,0999-wombat,B8:27:EB:6F:ED:ED,-43, WPA ,0.000000,0.000000,0.000,0.000,AP
2026-04-01 14:51:09,1900-01-00 00:00:00,0999-wombat,B8:27:EB:6F:ED:ED,-43, WPA ,0.000000,0.000000,0.000,0.000,AP
2026-04-01 14:51:09,1900-01-00 00:00:00,0999-wombat,B8:27:EB:6F:ED:ED,-43, WPA ,0.000000,0.000000,0.000,0.000,AP
2026-04-01 14:51:09,1900-01-00 00:00:00,0999-wombat,B8:27:EB:6F:ED:ED,-43, WPA ,0.000000,0.000000,0.000,0.000,AP
2026-04-01 14:51:09,1900-01-00 00:00:00,0999-wombat,B8:27:EB:6F:ED:ED,-43, WPA ,0.000000,0.000000,0.000,0.000,AP
2026-04-01 14:51:09,1900-01-00 00:00:00,0999-wombat,B8:27:EB:6F:ED:ED,-43, WPA ,0.000000,0.000000,0.000,0.000,AP
2026-04-01 14:51:09,1900-01-00 00:00:00,0999-wombat,B8:27:EB:6F:ED:ED,-43, WPA ,0.000000,0.000000,0.000,0.000,AP
2026-04-01 14:51:09,1900-01-00 00:00:00,0999-wombat,B8:27:EB:6F:ED:ED,-42, WPA ,0.000000,0.000000,0.000,0.000,AP
2026-04-01 14:51:09,1900-01-00 00:00:00,0999-wombat,B8:27:EB:6F:ED:ED,-42, WPA ,0.000000,0.000000,0.000,0.000,AP
2026-04-01 14:51:09,1900-01-00 00:00:00,0999-wombat,B8:27:EB:6F:ED:ED,-77, WPA ,0.000000,0.000000,0.000,0.000,AP
2026-04-01 14:51:09,1900-01-00 00:00:00,0999-wombat,B8:27:EB:6F:ED:ED,-77, WPA ,0.000000,0.000000,0.000,0.000,AP
2026-04-01 14:51:09,1900-01-00 00:00:00,0999-wombat,B8:27:EB:6F:ED:ED,-77, WPA ,0.000000,0.000000,0.000,0.000,AP
2026-04-01 14:51:09,1900-01-00 00:00:00,0999-wombat,B8:27:EB:6F:ED:ED,-77, WPA ,0.000000,0.000000,0.000,0.000,AP
2026-04-01 14:51:09,1900-01-00 00:00:00,0999-wombat,B8:27:EB:6F:ED:ED,-77, WPA ,0.000000,0.000000,0.000,0.000,AP
2026-04-01 14:51:09,1900-01-00 00:00:00,0999-wombat,B8:27:EB:6F:ED:ED,-77, WPA ,0.000000,0.000000,0.000,0.000,AP
2026-04-01 14:51:09,1900-01-00 00:00:00,0999-wombat,B8:27:EB:6F:ED:ED,-77, WPA ,0.000000,0.000000,0.000,0.000,AP
2026-04-01 14:51:09,1900-01-00 00:00:00,0999-wombat,B8:27:EB:6F:ED:ED,-77, WPA ,0.000000,0.000000,0.000,0.000,AP
2026-04-01 14:51:09,1900-01-00 00:00:00,0999-wombat,B8:27:EB:6F:ED:ED,-77, WPA ,0.000000,0.000000,0.000,0.000,AP
2026-04-01 14:51:09,1900-01-00 00:00:00,0999-wombat,B8:27:EB:6F:ED:ED,-77, WPA ,0.000000,0.000000,0.000,0.000,AP
2026-04-01 14:51:09,1900-01-00 00:00:00,0999-wombat,B8:27:EB:6F:ED:ED,-77, WPA ,0.000000,0.000000,0.000,0.000,AP
2026-04-01 14:51:09,1900-01-00 00:00:00,0999-wombat,B8:27:EB:6F:ED:ED,-77, WPA ,0.000000,0.000000,0.000,0.000,AP
2026-04-01 14:51:09,1900-01-00 00:00:00,0999-wombat,B8:27:EB:6F:ED:ED,-77, WPA ,0.000000,0.000000,0.000,0.000,AP
2026-04-01 14:51:09,1900-01-00 00:00:00,0999-wombat,B8:27:EB:6F:ED:ED,-77, WPA ,0.000000,0.000000,0.000,0.000,AP
2026-04-01 14:51:09,1900-01-00 00:00:00,0999-wombat,B8:27:EB:6F:ED:ED,-77, WPA ,0.000000,0.000000,0.000,0.000,AP
2026-04-01 14:51:09,1900-01-00 00:00:00,0999-wombat,B8:27:EB:6F:ED:ED,-62, WPA ,0.000000,0.000000,0.000,0.000,AP
2026-04-01 14:51:09,1900-01-00 00:00:00,0999-wombat,B8:27:EB:6F:ED:ED,-62, WPA ,0.000000,0.000000,0.000,0.000,AP
2026-04-01 14:51:09,1900-01-00 00:00:00,0999-wombat,B8:27:EB:6F:ED:ED,-62, WPA ,0.000000,0.000000,0.000,0.000,AP
2026-04-01 14:51:09,1900-01-00 00:00:00,0999-wombat,B8:27:EB:6F:ED:ED,-63, WPA ,0.000000,0.000000,0.000,0.000,AP
2026-04-01 14:51:09,1900-01-00 00:00:00,0999-wombat,B8:27:EB:6F:ED:ED,-63, WPA ,0.000000,0.000000,0.000,0.000,AP
2026-04-01 14:51:09,1900-01-00 00:00:00,0999-wombat,B8:27:EB:6F:ED:ED,-63, WPA ,0.000000,0.000000,0.000,0.000,AP
2026-04-01 14:51:09,1900-01-00 00:00:00,0999-wombat,B8:27:EB:6F:ED:ED,-63, WPA ,0.000000,0.000000,0.000,0.000,AP
2026-04-01 14:51:09,1900-01-00 00:00:00,0999-wombat,B8:27:EB:6F:ED:ED,-63, WPA ,0.000000,0.000000,0.000,0.000,AP
2026-04-01 14:51:09,1900-01-00 00:00:00,0999-wombat,B8:27:EB:6F:ED:ED,-79, WPA ,0.000000,0.000000,0.000,0.000,AP
2026-04-01 14:51:09,1900-01-00 00:00:00,0999-wombat,B8:27:EB:6F:ED:ED,-79, WPA ,0.000000,0.000000,0.000,0.000,AP
2026-04-01 14:51:09,1900-01-00 00:00:00,0999-wombat,B8:27:EB:6F:ED:ED,-79, WPA ,0.000000,0.000000,0.000,0.000,AP
2026-04-01 14:51:09,1900-01-00 00:00:00,0999-wombat,B8:27:EB:6F:ED:ED,-79, WPA ,0.000000,0.000000,0.000,0.000,AP
2026-04-01 14:51:09,1900-01-00 00:00:00,0999-wombat,B8:27:EB:6F:ED:ED,-79, WPA ,0.000000,0.000000,0.000,0.000,AP
2026-04-01 14:51:09,1900-01-00 00:00:00,0999-wombat,B8:27:EB:6F:ED:ED,-79, WPA ,0.000000,0.000000,0.000,0.000,AP
2026-04-01 14:51:09,1900-01-00 00:00:00,0999-wombat,B8:27:EB:6F:ED:ED,-79, WPA ,0.000000,0.000000,0.000,0.000,AP
2026-04-01 14:51:09,1900-01-00 00:00:00,0999-wombat,B8:27:EB:6F:ED:ED,-79, WPA ,0.000000,0.000000,0.000,0.000,AP
2026-04-01 14:51:09,1900-01-00 00:00:00,0999-wombat,B8:27:EB:6F:ED:ED,-62, WPA ,0.000000,0.000000,0.000,0.000,AP
2026-04-01 14:51:09,1900-01-00 00:00:00,0999-wombat,B8:27:EB:6F:ED:ED,-62, WPA ,0.000000,0.000000,0.000,0.000,AP
2026-04-01 14:51:09,1900-01-00 00:00:00,0999-wombat,B8:27:EB:6F:ED:ED,-62, WPA ,0.000000,0.000000,0.000,0.000,AP
2026-04-01 14:51:09,1900-01-00 00:00:00,0999-wombat,B8:27:EB:6F:ED:ED,-62, WPA ,0.000000,0.000000,0.000,0.000,AP
2026-04-01 14:51:09,1900-01-00 00:00:00,0999-wombat,B8:27:EB:6F:ED:ED,-62, WPA ,0.000000,0.000000,0.000,0.000,AP
2026-04-01 14:51:09,1900-01-00 00:00:00,0999-wombat,B8:27:EB:6F:ED:ED,-62, WPA ,0.000000,0.000000,0.000,0.000,AP
2026-04-01 14:51:09,1900-01-00 00:00:00,0999-wombat,B8:27:EB:6F:ED:ED,-62, WPA ,0.000000,0.000000,0.000,0.000,AP
2026-04-01 14:51:09,1900-01-00 00:00:00,0999-wombat,B8:27:EB:6F:ED:ED,-62, WPA ,0.000000,0.000000,0.000,0.000,AP
2026-04-01 14:51:09,1900-01-00 00:00:00,0999-wombat,B8:27:EB:6F:ED:ED,-62, WPA ,0.000000,0.000000,0.000,0.000,AP
2026-04-01 14:51:09,1900-01-00 00:00:00,0999-wombat,B8:27:EB:6F:ED:ED,-62, WPA ,0.000000,0.000000,0.000,0.000,AP
2026-04-01 14:51:09,1900-01-00 00:00:00,0999-wombat,B8:27:EB:6F:ED:ED,-62, WPA ,0.000000,0.000000,0.000,0.000,AP
2026-04-01 14:51:09,1900-01-00 00:00:00,0999-wombat,B8:27:EB:6F:ED:ED,-62, WPA ,0.000000,0.000000,0.000,0.000,AP
2026-04-01 14:51:09,1900-01-00 00:00:00,0999-wombat,B8:27:EB:6F:ED:ED,-62, WPA ,0.000000,0.000000,0.000,0.000,AP
2026-04-01 14:51:09,1900-01-00 00:00:00,0999-wombat,B8:27:EB:6F:ED:ED,-62, WPA ,0.000000,0.000000,0.000,0.000,AP
2026-04-01 14:51:09,1900-01-00 00:00:00,0999-wombat,B8:27:EB:6F:ED:ED,-62, WPA ,0.000000,0.000000,0.000,0.000,AP
2026-04-01 14:51:09,1900-01-00 00:00:00,0999-wombat,B8:27:EB:6F:ED:ED,-62, WPA ,0.000000,0.000000,0.000,0.000,AP
2026-04-01 14:51:09,1900-01-00 00:00:00,0999-wombat,B8:27:EB:6F:ED:ED,-62, WPA ,0.000000,0.000000,0.000,0.000,AP
2026-04-01 14:51:09,1900-01-00 00:00:00,0999-wombat,B8:27:EB:6F:ED:ED,-62, WPA ,0.000000,0.000000,0.000,0.000,AP
2026-04-01 14:51:09,1900-01-00 00:00:00,0999-wombat,B8:27:EB:6F:ED:ED,-78, WPA ,0.000000,0.000000,0.000,0.000,AP
2026-04-01 14:51:09,1900-01-00 00:00:00,0999-wombat,B8:27:EB:6F:ED:ED,-78, WPA ,0.000000,0.000000,0.000,0.000,AP
2026-04-01 14:51:09,1900-01-00 00:00:00,0999-wombat,B8:27:EB:6F:ED:ED,-78, WPA ,0.000000,0.000000,0.000,0.000,AP
2026-04-01 14:51:09,1900-01-00 00:00:00,0999-wombat,B8:27:EB:6F:ED:ED,-47, WPA ,0.000000,0.000000,0.000,0.000,AP
2026-04-01 14:51:09,1900-01-00 00:00:00,0999-wombat,B8:27:EB:6F:ED:ED,-47, WPA ,0.000000,0.000000,0.000,0.000,AP
2026-04-01 14:51:09,1900-01-00 00:00:00,0999-wombat,B8:27:EB:6F:ED:ED,-87, WPA ,0.000000,0.000000,0.000,0.000,AP
2026-04-01 14:51:09,1900-01-00 00:00:00,0999-wombat,B8:27:EB:6F:ED:ED,-87, WPA ,0.000000,0.000000,0.000,0.000,AP
2026-04-01 14:51:09,1900-01-00 00:00:00,0999-wombat,B8:27:EB:6F:ED:ED,-49, WPA ,0.000000,0.000000,0.000,0.000,AP
2026-04-01 14:51:09,1900-01-00 00:00:00,0999-wombat,B8:27:EB:6F:ED:ED,-49, WPA ,0.000000,0.000000,0.000,0.000,AP
2026-04-01 14:51:09,1900-01-00 00:00:00,0999-wombat,B8:27:EB:6F:ED:ED,-49, WPA ,0.000000,0.000000,0.000,0.000,AP
2026-04-01 14:51:09,1900-01-00 00:00:00,0999-wombat,B8:27:EB:6F:ED:ED,-78, WPA ,0.000000,0.000000,0.000,0.000,AP
2026-04-01 14:51:09,1900-01-00 00:00:00,0999-wombat,B8:27:EB:6F:ED:ED,-78, WPA ,0.000000,0.000000,0.000,0.000,AP
2026-04-01 14:51:09,1900-01-00 00:00:00,0999-wombat,B8:27:EB:6F:ED:ED,-78, WPA ,0.000000,0.000000,0.000,0.000,AP
2026-04-01 14:51:09,1900-01-00 00:00:00,0999-wombat,B8:27:EB:6F:ED:ED,-78, WPA ,0.000000,0.000000,0.000,0.000,AP
2026-04-01 14:51:09,1900-01-00 00:00:00,0999-wombat,B8:27:EB:6F:ED:ED,-78, WPA ,0.000000,0.000000,0.000,0.000,AP
2026-04-01 14:51:09,1900-01-00 00:00:00,0999-wombat,B8:27:EB:6F:ED:ED,-78, WPA ,0.000000,0.000000,0.000,0.000,AP
2026-04-01 14:51:09,1900-01-00 00:00:00,0999-wombat,B8:27:EB:6F:ED:ED,-78, WPA ,0.000000,0.000000,0.000,0.000,AP
2026-04-01 14:51:09,1900-01-00 00:00:00,0999-wombat,B8:27:EB:6F:ED:ED,-47, WPA ,0.000000,0.000000,0.000,0.000,AP
2026-04-01 14:51:09,1900-01-00 00:00:00,0999-wombat,B8:27:EB:6F:ED:ED,-47, WPA ,0.000000,0.000000,0.000,0.000,AP
2026-04-01 14:51:09,1900-01-00 00:00:00,0999-wombat,B8:27:EB:6F:ED:ED,-50, WPA ,0.000000,0.000000,0.000,0.000,AP
2026-04-01 14:51:09,1900-01-00 00:00:00,0999-wombat,B8:27:EB:6F:ED:ED,-50, WPA ,0.000000,0.000000,0.000,0.000,AP
2026-04-01 14:51:09,1900-01-00 00:00:00,0999-wombat,B8:27:EB:6F:ED:ED,-50, WPA ,0.000000,0.000000,0.000,0.000,AP
2026-04-01 14:51:09,1900-01-00 00:00:00,0999-wombat,B8:27:EB:6F:ED:ED,-50, WPA ,0.000000,0.000000,0.000,0.000,AP
2026-04-01 14:51:09,1900-01-00 00:00:00,0999-wombat,B8:27:EB:6F:ED:ED,-50, WPA ,0.000000,0.000000,0.000,0.000,AP
2026-04-01 14:51:09,1900-01-00 00:00:00,0999-wombat,B8:27:EB:6F:ED:ED,-50, WPA ,0.000000,0.000000,0.000,0.000,AP
2026-04-01 14:51:09,1900-01-00 00:00:00,0999-wombat,B8:27:EB:6F:ED:ED,-50, WPA ,0.000000,0.000000,0.000,0.000,AP
2026-04-01 14:51:09,1900-01-00 00:00:00,0999-wombat,B8:27:EB:6F:ED:ED,-50, WPA ,0.000000,0.000000,0.000,0.000,AP
2026-04-01 14:51:09,1900-01-00 00:00:00,0999-wombat,B8:27:EB:6F:ED:ED,-50, WPA ,0.000000,0.000000,0.000,0.000,AP
2026-04-01 14:51:09,1900-01-00 00:00:00,0999-wombat,B8:27:EB:6F:ED:ED,-50, WPA ,0.000000,0.000000,0.000,0.000,AP
2026-04-01 14:51:09,1900-01-00 00:00:00,0999-wombat,B8:27:EB:6F:ED:ED,-50, WPA ,0.000000,0.000000,0.000,0.000,AP
2026-04-01 14:51:09,1900-01-00 00:00:00,0999-wombat,B8:27:EB:6F:ED:ED,-50, WPA ,0.000000,0.000000,0.000,0.000,AP
2026-04-01 14:51:09,1900-01-00 00:00:00,0999-wombat,B8:27:EB:6F:ED:ED,-50, WPA ,0.000000,0.000000,0.000,0.000,AP
2026-04-01 14:51:09,1900-01-00 00:00:00,0999-wombat,B8:27:EB:6F:ED:ED,-50, WPA ,0.000000,0.000000,0.000,0.000,AP
2026-04-01 14:51:09,1900-01-00 00:00:00,0999-wombat,B8:27:EB:6F:ED:ED,-50, WPA ,0.000000,0.000000,0.000,0.000,AP
2026-04-01 14:51:09,1900-01-00 00:00:00,0999-wombat,B8:27:EB:6F:ED:ED,-50, WPA ,0.000000,0.000000,0.000,0.000,AP
2026-04-01 14:51:09,1900-01-00 00:00:00,0999-wombat,B8:27:EB:6F:ED:ED,-50, WPA ,0.000000,0.000000,0.000,0.000,AP
2026-04-01 14:51:09,1900-01-00 00:00:00,0999-wombat,B8:27:EB:6F:ED:ED,-50, WPA ,0.000000,0.000000,0.000,0.000,AP
2026-04-01 14:51:09,1900-01-00 00:00:00,0999-wombat,B8:27:EB:6F:ED:ED,-50, WPA ,0.000000,0.000000,0.000,0.000,AP
2026-04-01 14:51:09,1900-01-00 00:00:00,0999-wombat,B8:27:EB:6F:ED:ED,-50, WPA ,0.000000,0.000000,0.000,0.000,AP
2026-04-01 14:51:09,1900-01-00 00:00:00,0999-wombat,B8:27:EB:6F:ED:ED,-50, WPA ,0.000000,0.000000,0.000,0.000,AP
2026-04-01 14:51:09,1900-01-00 00:00:00,0999-wombat,B8:27:EB:6F:ED:ED,-50, WPA ,0.000000,0.000000,0.000,0.000,AP
2026-04-01 14:51:09,1900-01-00 00:00:00,0999-wombat,B8:27:EB:6F:ED:ED,-50, WPA ,0.000000,0.000000,0.000,0.000,AP
2026-04-01 14:51:09,1900-01-00 00:00:00,0999-wombat,B8:27:EB:6F:ED:ED,-50, WPA ,0.000000,0.000000,0.000,0.000,AP
2026-04-01 14:51:09,1900-01-00 00:00:00,0999-wombat,B8:27:EB:6F:ED:ED,-50, WPA ,0.000000,0.000000,0.000,0.000,AP
2026-04-01 14:51:09,1900-01-00 00:00:00,0999-wombat,B8:27:EB:6F:ED:ED,-50, WPA ,0.000000,0.000000,0.000,0.000,AP
2026-04-01 14:51:09,1900-01-00 00:00:00,0999-wombat,B8:27:EB:6F:ED:ED,-50, WPA ,0.000000,0.000000,0.000,0.000,AP
2026-04-01 14:51:09,1900-01-00 00:00:00,0999-wombat,B8:27:EB:6F:ED:ED,-50, WPA ,0.000000,0.000000,0.000,0.000,AP
2026-04-01 14:51:09,1900-01-00 00:00:00,0999-wombat,B8:27:EB:6F:ED:ED,-65, WPA ,0.000000,0.000000,0.000,0.000,AP
2026-04-01 14:51:09,1900-01-00 00:00:00,0999-wombat,B8:27:EB:6F:ED:ED,-65, WPA ,0.000000,0.000000,0.000,0.000,AP
2026-04-01 14:51:09,1900-01-00 00:00:00,0999-wombat,B8:27:EB:6F:ED:ED,-65, WPA ,0.000000,0.000000,0.000,0.000,AP
2026-04-01 14:51:09,1900-01-00 00:00:00,0999-wombat,B8:27:EB:6F:ED:ED,-65, WPA ,0.000000,0.000000,0.000,0.000,AP
2026-04-01 14:51:09,1900-01-00 00:00:00,0999-wombat,B8:27:EB:6F:ED:ED,-65, WPA ,0.000000,0.000000,0.000,0.000,AP
2026-04-01 14:51:09,1900-01-00 00:00:00,0999-wombat,B8:27:EB:6F:ED:ED,-65, WPA ,0.000000,0.000000,0.000,0.000,AP
2026-04-01 14:51:09,1900-01-00 00:00:00,0999-wombat,B8:27:EB:6F:ED:ED,-65, WPA ,0.000000,0.000000,0.000,0.000,AP
2026-04-01 14:51:09,1900-01-00 00:00:00,0999-wombat,B8:27:EB:6F:ED:ED,-65, WPA ,0.000000,0.000000,0.000,0.000,AP
2026-04-01 14:51:09,1900-01-00 00:00:00,0999-wombat,B8:27:EB:6F:ED:ED,-65, WPA ,0.000000,0.000000,0.000,0.000,AP
2026-04-01 14:51:09,1900-01-00 00:00:00,0999-wombat,B8:27:EB:6F:ED:ED,-79, WPA ,0.000000,0.000000,0.000,0.000,AP
2026-04-01 14:51:09,1900-01-00 00:00:00,0999-wombat,B8:27:EB:6F:ED:ED,-78, WPA ,0.000000,0.000000,0.000,0.000,AP
2026-04-01 14:51:09,1900-01-00 00:00:00,0999-wombat,B8:27:EB:6F:ED:ED,-65, WPA ,0.000000,0.000000,0.000,0.000,AP
2026-04-01 14:51:09,1900-01-00 00:00:00,0999-wombat,B8:27:EB:6F:ED:ED,-65, WPA ,0.000000,0.000000,0.000,0.000,AP
2026-04-01 14:51:09,1900-01-00 00:00:00,0999-wombat,B8:27:EB:6F:ED:ED,-65, WPA ,0.000000,0.000000,0.000,0.000,AP
2026-04-01 14:51:09,1900-01-00 00:00:00,0999-wombat,B8:27:EB:6F:ED:ED,-65, WPA ,0.000000,0.000000,0.000,0.000,AP
2026-04-01 14:51:09,1900-01-00 00:00:00,0999-wombat,B8:27:EB:6F:ED:ED,-65, WPA ,0.000000,0.000000,0.000,0.000,AP
2026-04-01 14:51:09,1900-01-00 00:00:00,0999-wombat,B8:27:EB:6F:ED:ED,-65, WPA ,0.000000,0.000000,0.000,0.000,AP
2026-04-01 14:51:09,1900-01-00 00:00:00,0999-wombat,B8:27:EB:6F:ED:ED,-65, WPA ,0.000000,0.000000,0.000,0.000,AP
2026-04-01 14:51:09,1900-01-00 00:00:00,0999-wombat,B8:27:EB:6F:ED:ED,-63, WPA ,0.000000,0.000000,0.000,0.000,AP
2026-04-01 14:51:09,1900-01-00 00:00:00,0999-wombat,B8:27:EB:6F:ED:ED,-65, WPA ,0.000000,0.000000,0.000,0.000,AP
2026-04-01 14:51:09,1900-01-00 00:00:00,0999-wombat,B8:27:EB:6F:ED:ED,-65, WPA ,0.000000,0.000000,0.000,0.000,AP
2026-04-01 14:51:09,1900-01-00 00:00:00,0999-wombat,B8:27:EB:6F:ED:ED,-65, WPA ,0.000000,0.000000,0.000,0.000,AP
2026-04-01 14:51:09,1900-01-00 00:00:00,0999-wombat,B8:27:EB:6F:ED:ED,-65, WPA ,0.000000,0.000000,0.000,0.000,AP
2026-04-01 14:51:09,1900-01-00 00:00:00,0999-wombat,B8:27:EB:6F:ED:ED,-65, WPA ,0.000000,0.000000,0.000,0.000,AP
2026-04-01 14:51:09,1900-01-00 00:00:00,0999-wombat,B8:27:EB:6F:ED:ED,-65, WPA ,0.000000,0.000000,0.000,0.000,AP
2026-04-01 14:51:09,1900-01-00 00:00:00,0999-wombat,B8:27:EB:6F:ED:ED,-79, WPA ,0.000000,0.000000,0.000,0.000,AP
2026-04-01 14:51:09,1900-01-00 00:00:00,0999-wombat,B8:27:EB:6F:ED:ED,-78, WPA ,0.000000,0.000000,0.000,0.000,AP
2026-04-01 14:51:09,1900-01-00 00:00:00,0999-wombat,B8:27:EB:6F:ED:ED,-78, WPA ,0.000000,0.000000,0.000,0.000,AP
2026-04-01 14:51:09,1900-01-00 00:00:00,0999-wombat,B8:27:EB:6F:ED:ED,-78, WPA ,0.000000,0.000000,0.000,0.000,AP
2026-04-01 14:51:09,1900-01-00 00:00:00,0999-wombat,B8:27:EB:6F:ED:ED,-78, WPA ,0.000000,0.000000,0.000,0.000,AP
2026-04-01 14:51:09,1900-01-00 00:00:00,0999-wombat,B8:27:EB:6F:ED:ED,-78, WPA ,0.000000,0.000000,0.000,0.000,AP
2026-04-01 14:51:09,1900-01-00 00:00:00,0999-wombat,B8:27:EB:6F:ED:ED,-78, WPA ,0.000000,0.000000,0.000,0.000,AP
2026-04-01 14:51:09,1900-01-00 00:00:00,0999-wombat,B8:27:EB:6F:ED:ED,-78, WPA ,0.000000,0.000000,0.000,0.000,AP
2026-04-01 14:51:09,1900-01-00 00:00:00,0999-wombat,B8:27:EB:6F:ED:ED,-78, WPA ,0.000000,0.000000,0.000,0.000,AP
2026-04-01 14:51:09,1900-01-00 00:00:00,0999-wombat,B8:27:EB:6F:ED:ED,-78, WPA ,0.000000,0.000000,0.000,0.000,AP
2026-04-01 14:51:09,1900-01-00 00:00:00,0999-wombat,B8:27:EB:6F:ED:ED,-78, WPA ,0.000000,0.000000,0.000,0.000,AP
2026-04-01 14:51:09,1900-01-00 00:00:00,0999-wombat,B8:27:EB:6F:ED:ED,-78, WPA ,0.000000,0.000000,0.000,0.000,AP
2026-04-01 14:51:09,1900-01-00 00:00:00,0999-wombat,B8:27:EB:6F:ED:ED,-78, WPA ,0.000000,0.000000,0.000,0.000,AP
2026-04-01 14:51:09,1900-01-00 00:00:00,0999-wombat,B8:27:EB:6F:ED:ED,-65, WPA ,0.000000,0.000000,0.000,0.000,AP
2026-04-01 14:51:09,1900-01-00 00:00:00,0999-wombat,B8:27:EB:6F:ED:ED,-65, WPA ,0.000000,0.000000,0.000,0.000,AP
2026-04-01 14:51:09,1900-01-00 00:00:00,0999-wombat,B8:27:EB:6F:ED:ED,-65, WPA ,0.000000,0.000000,0.000,0.000,AP
2026-04-01 14:51:09,1900-01-00 00:00:00,0999-wombat,B8:27:EB:6F:ED:ED,-65, WPA ,0.000000,0.000000,0.000,0.000,AP
2026-04-01 14:51:09,1900-01-00 00:00:00,0999-wombat,B8:27:EB:6F:ED:ED,-65, WPA ,0.000000,0.000000,0.000,0.000,AP
2026-04-01 14:51:09,1900-01-00 00:00:00,0999-wombat,B8:27:EB:6F:ED:ED,-65, WPA ,0.000000,0.000000,0.000,0.000,AP
2026-04-01 14:51:09,1900-01-00 00:00:00,0999-wombat,B8:27:EB:6F:ED:ED,-63, WPA ,0.000000,0.000000,0.000,0.000,AP
2026-04-01 14:51:09,1900-01-00 00:00:00,0999-wombat,B8:27:EB:6F:ED:ED,-65, WPA ,0.000000,0.000000,0.000,0.000,AP
2026-04-01 14:51:09,1900-01-00 00:00:00,0999-wombat,B8:27:EB:6F:ED:ED,-65, WPA ,0.000000,0.000000,0.000,0.000,AP
2026-04-01 14:51:09,1900-01-00 00:00:00,0999-wombat,B8:27:EB:6F:ED:ED,-65, WPA ,0.000000,0.000000,0.000,0.000,AP
2026-04-01 14:51:09,1900-01-00 00:00:00,0999-wombat,B8:27:EB:6F:ED:ED,-65, WPA ,0.000000,0.000000,0.000,0.000,AP
2026-04-01 14:51:09,1900-01-00 00:00:00,0999-wombat,B8:27:EB:6F:ED:ED,-65, WPA ,0.000000,0.000000,0.000,0.000,AP
2026-04-01 14:51:09,1900-01-00 00:00:00,0999-wombat,B8:27:EB:6F:ED:ED,-65, WPA ,0.000000,0.000000,0.000,0.000,AP
2026-04-01 14:51:09,1900-01-00 00:00:00,0999-wombat,B8:27:EB:6F:ED:ED,-65, WPA ,0.000000,0.000000,0.000,0.000,AP
2026-04-01 14:51:09,1900-01-00 00:00:00,0999-wombat,B8:27:EB:6F:ED:ED,-65, WPA ,0.000000,0.000000,0.000,0.000,AP
2026-04-01 14:51:09,1900-01-00 00:00:00,0999-wombat,B8:27:EB:6F:ED:ED,-65, WPA ,0.000000,0.000000,0.000,0.000,AP
2026-04-01 14:51:09,1900-01-00 00:00:00,0999-wombat,B8:27:EB:6F:ED:ED,-65, WPA ,0.000000,0.000000,0.000,0.000,AP
2026-04-01 14:51:09,1900-01-00 00:00:00,0999-wombat,B8:27:EB:6F:ED:ED,-65, WPA ,0.000000,0.000000,0.000,0.000,AP
2026-04-01 14:51:09,1900-01-00 00:00:00,0999-wombat,B8:27:EB:6F:ED:ED,-65, WPA ,0.000000,0.000000,0.000,0.000,AP
2026-04-01 14:51:09,1900-01-00 00:00:00,0999-wombat,B8:27:EB:6F:ED:ED,-65, WPA ,0.000000,0.000000,0.000,0.000,AP
2026-04-01 14:51:09,1900-01-00 00:00:00,0999-wombat,B8:27:EB:6F:ED:ED,-65, WPA ,0.000000,0.000000,0.000,0.000,AP
2026-04-01 14:51:09,1900-01-00 00:00:00,0999-wombat,B8:27:EB:6F:ED:ED,-65, WPA ,0.000000,0.000000,0.000,0.000,AP
2026-04-01 14:51:09,1900-01-00 00:00:00,0999-wombat,B8:27:EB:6F:ED:ED,-65, WPA ,0.000000,0.000000,0.000,0.000,AP
2026-04-01 14:51:09,1900-01-00 00:00:00,0999-wombat,B8:27:EB:6F:ED:ED,-65, WPA ,0.000000,0.000000,0.000,0.000,AP
2026-04-01 14:51:09,1900-01-00 00:00:00,0999-wombat,B8:27:EB:6F:ED:ED,-65, WPA ,0.000000,0.000000,0.000,0.000,AP
2026-04-01 14:51:09,1900-01-00 00:00:00,0999-wombat,B8:27:EB:6F:ED:ED,-65, WPA ,0.000000,0.000000,0.000,0.000,AP
2026-04-01 14:51:09,1900-01-00 00:00:00,0999-wombat,B8:27:EB:6F:ED:ED,-65, WPA ,0.000000,0.000000,0.000,0.000,AP
2026-04-01 14:51:09,1900-01-00 00:00:00,0999-wombat,B8:27:EB:6F:ED:ED,-65, WPA ,0.000000,0.000000,0.000,0.000,AP
2026-04-01 14:51:09,1900-01-00 00:00:00,0999-wombat,B8:27:EB:6F:ED:ED,-65, WPA ,0.000000,0.000000,0.000,0.000,AP
2026-04-01 14:51:09,1900-01-00 00:00:00,0999-wombat,B8:27:EB:6F:ED:ED,-65, WPA ,0.000000,0.000000,0.000,0.000,AP
2026-04-01 14:51:09,1900-01-00 00:00:00,0999-wombat,B8:27:EB:6F:ED:ED,-47, WPA ,0.000000,0.000000,0.000,0.000,AP
2026-04-01 14:51:09,1900-01-00 00:00:00,0999-wombat,B8:27:EB:6F:ED:ED,-47, WPA ,0.000000,0.000000,0.000,0.000,AP
2026-04-01 14:51:09,1900-01-00 00:00:00,0999-wombat,B8:27:EB:6F:ED:ED,-65, WPA ,0.000000,0.000000,0.000,0.000,AP
2026-04-01 14:51:09,1900-01-00 00:00:00,0999-wombat,B8:27:EB:6F:ED:ED,-65, WPA ,0.000000,0.000000,0.000,0.000,AP
2026-04-01 14:51:09,1900-01-00 00:00:00,0999-wombat,B8:27:EB:6F:ED:ED,-65, WPA ,0.000000,0.000000,0.000,0.000,AP
2026-04-01 14:51:09,1900-01-00 00:00:00,0999-wombat,B8:27:EB:6F:ED:ED,-65, WPA ,0.000000,0.000000,0.000,0.000,AP
2026-04-01 14:51:09,1900-01-00 00:00:00,0999-wombat,B8:27:EB:6F:ED:ED,-65, WPA ,0.000000,0.000000,0.000,0.000,AP
2026-04-01 14:51:09,1900-01-00 00:00:00,0999-wombat,B8:27:EB:6F:ED:ED,-65, WPA ,0.000000,0.000000,0.000,0.000,AP
2026-04-01 14:51:09,1900-01-00 00:00:00,0999-wombat,B8:27:EB:6F:ED:ED,-65, WPA ,0.000000,0.000000,0.000,0.000,AP
2026-04-01 14:51:09,1900-01-00 00:00:00,0999-wombat,B8:27:EB:6F:ED:ED,-65, WPA ,0.000000,0.000000,0.000,0.000,AP
2026-04-01 14:51:09,1900-01-00 00:00:00,0999-wombat,B8:27:EB:6F:ED:ED,-65, WPA ,0.000000,0.000000,0.000,0.000,AP
2026-04-01 14:51:09,1900-01-00 00:00:00,0999-wombat,B8:27:EB:6F:ED:ED,-65, WPA ,0.000000,0.000000,0.000,0.000,AP
2026-04-01 14:51:09,1900-01-00 00:00:00,0999-wombat,B8:27:EB:6F:ED:ED,-65, WPA ,0.000000,0.000000,0.000,0.000,AP
2026-04-01 14:51:09,1900-01-00 00:00:00,0999-wombat,B8:27:EB:6F:ED:ED,-65, WPA ,0.000000,0.000000,0.000,0.000,AP
2026-04-01 14:51:09,1900-01-00 00:00:00,0999-wombat,B8:27:EB:6F:ED:ED,-65, WPA ,0.000000,0.000000,0.000,0.000,AP
2026-04-01 14:51:09,1900-01-00 00:00:00,0999-wombat,B8:27:EB:6F:ED:ED,-65, WPA ,0.000000,0.000000,0.000,0.000,AP
2026-04-01 14:51:09,1900-01-00 00:00:00,0999-wombat,B8:27:EB:6F:ED:ED,-65, WPA ,0.000000,0.000000,0.000,0.000,AP
2026-04-01 14:51:09,1900-01-00 00:00:00,0999-wombat,B8:27:EB:6F:ED:ED,-65, WPA ,0.000000,0.000000,0.000,0.000,AP
2026-04-01 14:51:09,1900-01-00 00:00:00,0999-wombat,B8:27:EB:6F:ED:ED,-65, WPA ,0.000000,0.000000,0.000,0.000,AP
2026-04-01 14:51:09,1900-01-00 00:00:00,0999-wombat,B8:27:EB:6F:ED:ED,-65, WPA ,0.000000,0.000000,0.000,0.000,AP
2026-04-01 14:51:09,1900-01-00 00:00:00,0999-wombat,B8:27:EB:6F:ED:ED,-65, WPA ,0.000000,0.000000,0.000,0.000,AP
2026-04-01 14:51:09,1900-01-00 00:00:00,0999-wombat,B8:27:EB:6F:ED:ED,-65, WPA ,0.000000,0.000000,0.000,0.000,AP
2026-04-01 14:51:09,1900-01-00 00:00:00,0999-wombat,B8:27:EB:6F:ED:ED,-65, WPA ,0.000000,0.000000,0.000,0.000,AP
2026-04-01 14:51:09,1900-01-00 00:00:00,0999-wombat,B8:27:EB:6F:ED:ED,-65, WPA ,0.000000,0.000000,0.000,0.000,AP
2026-04-01 14:51:09,1900-01-00 00:00:00,0999-wombat,B8:27:EB:6F:ED:ED,-65, WPA ,0.000000,0.000000,0.000,0.000,AP
2026-04-01 14:51:09,1900-01-00 00:00:00,0999-wombat,B8:27:EB:6F:ED:ED,-65, WPA ,0.000000,0.000000,0.000,0.000,AP
2026-04-01 14:51:09,1900-01-00 00:00:00,0999-wombat,B8:27:EB:6F:ED:ED,-65, WPA ,0.000000,0.000000,0.000,0.000,AP
2026-04-01 14:51:09,1900-01-00 00:00:00,0999-wombat,B8:27:EB:6F:ED:ED,-65, WPA ,0.000000,0.000000,0.000,0.000,AP
2026-04-01 14:51:09,1900-01-00 00:00:00,0999-wombat,B8:27:EB:6F:ED:ED,-65, WPA ,0.000000,0.000000,0.000,0.000,AP
2026-04-01 14:51:09,1900-01-00 00:00:00,0999-wombat,B8:27:EB:6F:ED:ED,-65, WPA ,0.000000,0.000000,0.000,0.000,AP
2026-04-01 14:51:09,1900-01-00 00:00:00,0999-wombat,B8:27:EB:6F:ED:ED,-65, WPA ,0.000000,0.000000,0.000,0.000,AP
2026-04-01 14:51:09,1900-01-00 00:00:00,0999-wombat,B8:27:EB:6F:ED:ED,-65, WPA ,0.000000,0.000000,0.000,0.000,AP
2026-04-01 14:51:09,1900-01-00 00:00:00,0999-wombat,B8:27:EB:6F:ED:ED,-65, WPA ,0.000000,0.000000,0.000,0.000,AP
2026-04-01 14:51:09,1900-01-00 00:00:00,0999-wombat,B8:27:EB:6F:ED:ED,-65, WPA ,0.000000,0.000000,0.000,0.000,AP
2026-04-01 14:51:09,1900-01-00 00:00:00,0999-wombat,B8:27:EB:6F:ED:ED,-65, WPA ,0.000000,0.000000,0.000,0.000,AP
2026-04-01 14:51:09,1900-01-00 00:00:00,0999-wombat,B8:27:EB:6F:ED:ED,-65, WPA ,0.000000,0.000000,0.000,0.000,AP
2026-04-01 14:51:09,1900-01-00 00:00:00,0999-wombat,B8:27:EB:6F:ED:ED,-65, WPA ,0.000000,0.000000,0.000,0.000,AP
2026-04-01 14:51:09,1900-01-00 00:00:00,0999-wombat,B8:27:EB:6F:ED:ED,-65, WPA ,0.000000,0.000000,0.000,0.000,AP
2026-04-01 14:51:09,1900-01-00 00:00:00,0999-wombat,B8:27:EB:6F:ED:ED,-65, WPA ,0.000000,0.000000,0.000,0.000,AP
2026-04-01 14:51:09,1900-01-00 00:00:00,0999-wombat,B8:27:EB:6F:ED:ED,-65, WPA ,0.000000,0.000000,0.000,0.000,AP
2026-04-01 14:51:09,1900-01-00 00:00:00,0999-wombat,B8:27:EB:6F:ED:ED,-65, WPA ,0.000000,0.000000,0.000,0.000,AP
2026-04-01 14:51:09,1900-01-00 00:00:00,0999-wombat,B8:27:EB:6F:ED:ED,-65, WPA ,0.000000,0.000000,0.000,0.000,AP
2026-04-01 14:51:09,1900-01-00 00:00:00,0999-wombat,B8:27:EB:6F:ED:ED,-65, WPA ,0.000000,0.000000,0.000,0.000,AP
2026-04-01 14:51:09,1900-01-00 00:00:00,0999-wombat,B8:27:EB:6F:ED:ED,-65, WPA ,0.000000,0.000000,0.000,0.000,AP
2026-04-01 14:51:09,1900-01-00 00:00:00,0999-wombat,B8:27:EB:6F:ED:ED,-65, WPA ,0.000000,0.000000,0.000,0.000,AP
2026-04-01 14:51:09,1900-01-00 00:00:00,0999-wombat,B8:27:EB:6F:ED:ED,-65, WPA ,0.000000,0.000000,0.000,0.000,AP
2026-04-01 14:51:09,1900-01-00 00:00:00,0999-wombat,B8:27:EB:6F:ED:ED,-65, WPA ,0.000000,0.000000,0.000,0.000,AP
2026-04-01 14:51:09,1900-01-00 00:00:00,0999-wombat,B8:27:EB:6F:ED:ED,-65, WPA ,0.000000,0.000000,0.000,0.000,AP
2026-04-01 14:51:09,1900-01-00 00:00:00,0999-wombat,B8:27:EB:6F:ED:ED,-64, WPA ,0.000000,0.000000,0.000,0.000,AP
2026-04-01 14:51:09,1900-01-00 00:00:00,0999-wombat,B8:27:EB:6F:ED:ED,-73, WPA ,0.000000,0.000000,0.000,0.000,AP
2026-04-01 14:51:09,1900-01-00 00:00:00,0999-wombat,B8:27:EB:6F:ED:ED,-65, WPA ,0.000000,0.000000,0.000,0.000,AP
2026-04-01 14:51:09,1900-01-00 00:00:00,0999-wombat,B8:27:EB:6F:ED:ED,-65, WPA ,0.000000,0.000000,0.000,0.000,AP
2026-04-01 14:51:09,1900-01-00 00:00:00,0999-wombat,B8:27:EB:6F:ED:ED,-65, WPA ,0.000000,0.000000,0.000,0.000,AP
2026-04-01 14:51:09,1900-01-00 00:00:00,0999-wombat,B8:27:EB:6F:ED:ED,-65, WPA ,0.000000,0.000000,0.000,0.000,AP
2026-04-01 14:51:09,1900-01-00 00:00:00,0999-wombat,B8:27:EB:6F:ED:ED,-65, WPA ,0.000000,0.000000,0.000,0.000,AP
2026-04-01 14:51:09,1900-01-00 00:00:00,0999-wombat,B8:27:EB:6F:ED:ED,-65, WPA ,0.000000,0.000000,0.000,0.000,AP
2026-04-01 14:51:09,1900-01-00 00:00:00,0999-wombat,B8:27:EB:6F:ED:ED,-79, WPA ,0.000000,0.000000,0.000,0.000,AP
2026-04-01 14:51:09,1900-01-00 00:00:00,0999-wombat,B8:27:EB:6F:ED:ED,-79, WPA ,0.000000,0.000000,0.000,0.000,AP
2026-04-01 14:51:09,1900-01-00 00:00:00,0999-wombat,B8:27:EB:6F:ED:ED,-79, WPA ,0.000000,0.000000,0.000,0.000,AP
2026-04-01 14:51:09,1900-01-00 00:00:00,0999-wombat,B8:27:EB:6F:ED:ED,-65, WPA ,0.000000,0.000000,0.000,0.000,AP
2026-04-01 14:51:09,1900-01-00 00:00:00,0999-wombat,B8:27:EB:6F:ED:ED,-65, WPA ,0.000000,0.000000,0.000,0.000,AP
2026-04-01 14:51:09,1900-01-00 00:00:00,0999-wombat,B8:27:EB:6F:ED:ED,-65, WPA ,0.000000,0.000000,0.000,0.000,AP
2026-04-01 14:51:09,1900-01-00 00:00:00,0999-wombat,B8:27:EB:6F:ED:ED,-65, WPA ,0.000000,0.000000,0.000,0.000,AP
2026-04-01 14:51:09,1900-01-00 00:00:00,0999-wombat,B8:27:EB:6F:ED:ED,-65, WPA ,0.000000,0.000000,0.000,0.000,AP
2026-04-01 14:51:09,1900-01-00 00:00:00,0999-wombat,B8:27:EB:6F:ED:ED,-65, WPA ,0.000000,0.000000,0.000,0.000,AP
2026-04-01 14:51:09,1900-01-00 00:00:00,0999-wombat,B8:27:EB:6F:ED:ED,-65, WPA ,0.000000,0.000000,0.000,0.000,AP
2026-04-01 14:51:09,1900-01-00 00:00:00,0999-wombat,B8:27:EB:6F:ED:ED,-65, WPA ,0.000000,0.000000,0.000,0.000,AP
2026-04-01 14:51:09,1900-01-00 00:00:00,0999-wombat,B8:27:EB:6F:ED:ED,-65, WPA ,0.000000,0.000000,0.000,0.000,AP
2026-04-01 14:51:09,1900-01-00 00:00:00,0999-wombat,B8:27:EB:6F:ED:ED,-65, WPA ,0.000000,0.000000,0.000,0.000,AP
2026-04-01 14:51:09,1900-01-00 00:00:00,0999-wombat,B8:27:EB:6F:ED:ED,-65, WPA ,0.000000,0.000000,0.000,0.000,AP
2026-04-01 14:51:09,1900-01-00 00:00:00,0999-wombat,B8:27:EB:6F:ED:ED,-65, WPA ,0.000000,0.000000,0.000,0.000,AP
2026-04-01 14:51:09,1900-01-00 00:00:00,0999-wombat,B8:27:EB:6F:ED:ED,-65, WPA ,0.000000,0.000000,0.000,0.000,AP
2026-04-01 14:51:09,1900-01-00 00:00:00,0999-wombat,B8:27:EB:6F:ED:ED,-65, WPA ,0.000000,0.000000,0.000,0.000,AP
2026-04-01 14:51:09,1900-01-00 00:00:00,0999-wombat,B8:27:EB:6F:ED:ED,-65, WPA ,0.000000,0.000000,0.000,0.000,AP
2026-04-01 14:51:09,1900-01-00 00:00:00,0999-wombat,B8:27:EB:6F:ED:ED,-65, WPA ,0.000000,0.000000,0.000,0.000,AP
2026-04-01 14:51:09,1900-01-00 00:00:00,0999-wombat,B8:27:EB:6F:ED:ED,-65, WPA ,0.000000,0.000000,0.000,0.000,AP
2026-04-01 14:51:09,1900-01-00 00:00:00,0999-wombat,B8:27:EB:6F:ED:ED,-65, WPA ,0.000000,0.000000,0.000,0.000,AP
2026-04-01 14:51:09,1900-01-00 00:00:00,0999-wombat,B8:27:EB:6F:ED:ED,-65, WPA ,0.000000,0.000000,0.000,0.000,AP
2026-04-01 14:51:10,1900-01-00 00:00:00,0999-wombat,B8:27:EB:6F:ED:ED,-63, WPA ,0.000000,0.000000,0.000,0.000,AP
2026-04-01 14:51:10,1900-01-00 00:00:00,0999-wombat,B8:27:EB:6F:ED:ED,-78, WPA ,0.000000,0.000000,0.000,0.000,AP
2026-04-01 14:51:10,1900-01-00 00:00:00,0999-wombat,B8:27:EB:6F:ED:ED,-78, WPA ,0.000000,0.000000,0.000,0.000,AP
2026-04-01 14:51:10,1900-01-00 00:00:00,0999-wombat,B8:27:EB:6F:ED:ED,-78, WPA ,0.000000,0.000000,0.000,0.000,AP
2026-04-01 14:51:10,1900-01-00 00:00:00,0999-wombat,B8:27:EB:6F:ED:ED,-78, WPA ,0.000000,0.000000,0.000,0.000,AP
2026-04-01 14:51:10,1900-01-00 00:00:00,0999-wombat,B8:27:EB:6F:ED:ED,-78, WPA ,0.000000,0.000000,0.000,0.000,AP
2026-04-01 14:51:10,1900-01-00 00:00:00,0999-wombat,B8:27:EB:6F:ED:ED,-78, WPA ,0.000000,0.000000,0.000,0.000,AP
2026-04-01 14:51:10,1900-01-00 00:00:00,0999-wombat,B8:27:EB:6F:ED:ED,-78, WPA ,0.000000,0.000000,0.000,0.000,AP
2026-04-01 14:51:10,1900-01-00 00:00:00,0999-wombat,B8:27:EB:6F:ED:ED,-78, WPA ,0.000000,0.000000,0.000,0.000,AP
2026-04-01 14:51:10,1900-01-00 00:00:00,0999-wombat,B8:27:EB:6F:ED:ED,-78, WPA ,0.000000,0.000000,0.000,0.000,AP
2026-04-01 14:51:10,1900-01-00 00:00:00,0999-wombat,B8:27:EB:6F:ED:ED,-78, WPA ,0.000000,0.000000,0.000,0.000,AP
2026-04-01 14:51:10,1900-01-00 00:00:00,0999-wombat,B8:27:EB:6F:ED:ED,-78, WPA ,0.000000,0.000000,0.000,0.000,AP
2026-04-01 14:51:10,1900-01-00 00:00:00,0999-wombat,B8:27:EB:6F:ED:ED,-78, WPA ,0.000000,0.000000,0.000,0.000,AP
2026-04-01 14:51:10,1900-01-00 00:00:00,0999-wombat,B8:27:EB:6F:ED:ED,-78, WPA ,0.000000,0.000000,0.000,0.000,AP
2026-04-01 14:51:10,1900-01-00 00:00:00,0999-wombat,B8:27:EB:6F:ED:ED,-78, WPA ,0.000000,0.000000,0.000,0.000,AP
2026-04-01 14:51:10,1900-01-00 00:00:00,0999-wombat,B8:27:EB:6F:ED:ED,-78, WPA ,0.000000,0.000000,0.000,0.000,AP
2026-04-01 14:51:10,1900-01-00 00:00:00,0999-wombat,B8:27:EB:6F:ED:ED,-64, WPA ,0.000000,0.000000,0.000,0.000,AP
2026-04-01 14:51:10,1900-01-00 00:00:00,0999-wombat,B8:27:EB:6F:ED:ED,-64, WPA ,0.000000,0.000000,0.000,0.000,AP
2026-04-01 14:51:10,1900-01-00 00:00:00,0999-wombat,B8:27:EB:6F:ED:ED,-64, WPA ,0.000000,0.000000,0.000,0.000,AP
2026-04-01 14:51:10,1900-01-00 00:00:00,0999-wombat,B8:27:EB:6F:ED:ED,-64, WPA ,0.000000,0.000000,0.000,0.000,AP
2026-04-01 14:51:10,1900-01-00 00:00:00,0999-wombat,B8:27:EB:6F:ED:ED,-64, WPA ,0.000000,0.000000,0.000,0.000,AP
2026-04-01 14:51:10,1900-01-00 00:00:00,0999-wombat,B8:27:EB:6F:ED:ED,-64, WPA ,0.000000,0.000000,0.000,0.000,AP
2026-04-01 14:51:10,1900-01-00 00:00:00,0999-wombat,B8:27:EB:6F:ED:ED,-64, WPA ,0.000000,0.000000,0.000,0.000,AP
2026-04-01 14:51:10,1900-01-00 00:00:00,0999-wombat,B8:27:EB:6F:ED:ED,-64, WPA ,0.000000,0.000000,0.000,0.000,AP
2026-04-01 14:51:10,1900-01-00 00:00:00,0999-wombat,B8:27:EB:6F:ED:ED,-64, WPA ,0.000000,0.000000,0.000,0.000,AP
2026-04-01 14:51:10,1900-01-00 00:00:00,0999-wombat,B8:27:EB:6F:ED:ED,-64, WPA ,0.000000,0.000000,0.000,0.000,AP
2026-04-01 14:51:10,1900-01-00 00:00:00,0999-wombat,B8:27:EB:6F:ED:ED,-64, WPA ,0.000000,0.000000,0.000,0.000,AP
2026-04-01 14:51:10,1900-01-00 00:00:00,0999-wombat,B8:27:EB:6F:ED:ED,-64, WPA ,0.000000,0.000000,0.000,0.000,AP
2026-04-01 14:51:10,1900-01-00 00:00:00,0999-wombat,B8:27:EB:6F:ED:ED,-64, WPA ,0.000000,0.000000,0.000,0.000,AP
2026-04-01 14:51:10,1900-01-00 00:00:00,0999-wombat,B8:27:EB:6F:ED:ED,-64, WPA ,0.000000,0.000000,0.000,0.000,AP
2026-04-01 14:51:10,1900-01-00 00:00:00,0999-wombat,B8:27:EB:6F:ED:ED,-64, WPA ,0.000000,0.000000,0.000,0.000,AP
2026-04-01 14:51:10,1900-01-00 00:00:00,0999-wombat,B8:27:EB:6F:ED:ED,-64, WPA ,0.000000,0.000000,0.000,0.000,AP
2026-04-01 14:51:10,1900-01-00 00:00:00,0999-wombat,B8:27:EB:6F:ED:ED,-64, WPA ,0.000000,0.000000,0.000,0.000,AP
2026-04-01 14:51:10,1900-01-00 00:00:00,0999-wombat,B8:27:EB:6F:ED:ED,-64, WPA ,0.000000,0.000000,0.000,0.000,AP
2026-04-01 14:51:10,1900-01-00 00:00:00,0999-wombat,B8:27:EB:6F:ED:ED,-64, WPA ,0.000000,0.000000,0.000,0.000,AP
2026-04-01 14:51:10,1900-01-00 00:00:00,0999-wombat,B8:27:EB:6F:ED:ED,-64, WPA ,0.000000,0.000000,0.000,0.000,AP
2026-04-01 14:51:10,1900-01-00 00:00:00,0999-wombat,B8:27:EB:6F:ED:ED,-64, WPA ,0.000000,0.000000,0.000,0.000,AP
2026-04-01 14:51:10,1900-01-00 00:00:00,0999-wombat,B8:27:EB:6F:ED:ED,-64, WPA ,0.000000,0.000000,0.000,0.000,AP
2026-04-01 14:51:10,1900-01-00 00:00:00,0999-wombat,B8:27:EB:6F:ED:ED,-64, WPA ,0.000000,0.000000,0.000,0.000,AP
2026-04-01 14:51:10,1900-01-00 00:00:00,0999-wombat,B8:27:EB:6F:ED:ED,-64, WPA ,0.000000,0.000000,0.000,0.000,AP
2026-04-01 14:51:10,1900-01-00 00:00:00,0999-wombat,B8:27:EB:6F:ED:ED,-64, WPA ,0.000000,0.000000,0.000,0.000,AP
2026-04-01 14:51:10,1900-01-00 00:00:00,0999-wombat,B8:27:EB:6F:ED:ED,-64, WPA ,0.000000,0.000000,0.000,0.000,AP
2026-04-01 14:51:10,1900-01-00 00:00:00,0999-wombat,B8:27:EB:6F:ED:ED,-64, WPA ,0.000000,0.000000,0.000,0.000,AP
2026-04-01 14:51:10,1900-01-00 00:00:00,0999-wombat,B8:27:EB:6F:ED:ED,-64, WPA ,0.000000,0.000000,0.000,0.000,AP
2026-04-01 14:51:10,1900-01-00 00:00:00,0999-wombat,B8:27:EB:6F:ED:ED,-64, WPA ,0.000000,0.000000,0.000,0.000,AP
2026-04-01 14:51:10,1900-01-00 00:00:00,0999-wombat,B8:27:EB:6F:ED:ED,-64, WPA ,0.000000,0.000000,0.000,0.000,AP
2026-04-01 14:51:10,1900-01-00 00:00:00,0999-wombat,B8:27:EB:6F:ED:ED,-64, WPA ,0.000000,0.000000,0.000,0.000,AP
2026-04-01 14:51:10,1900-01-00 00:00:00,0999-wombat,B8:27:EB:6F:ED:ED,-64, WPA ,0.000000,0.000000,0.000,0.000,AP
2026-04-01 14:51:10,1900-01-00 00:00:00,0999-wombat,B8:27:EB:6F:ED:ED,-64, WPA ,0.000000,0.000000,0.000,0.000,AP
2026-04-01 14:51:10,1900-01-00 00:00:00,0999-wombat,B8:27:EB:6F:ED:ED,-64, WPA ,0.000000,0.000000,0.000,0.000,AP
2026-04-01 14:51:10,1900-01-00 00:00:00,0999-wombat,B8:27:EB:6F:ED:ED,-60, WPA ,0.000000,0.000000,0.000,0.000,AP
2026-04-01 14:51:10,1900-01-00 00:00:00,0999-wombat,B8:27:EB:6F:ED:ED,-60, WPA ,0.000000,0.000000,0.000,0.000,AP
2026-04-01 14:51:10,1900-01-00 00:00:00,0999-wombat,B8:27:EB:6F:ED:ED,-60, WPA ,0.000000,0.000000,0.000,0.000,AP
2026-04-01 14:51:10,1900-01-00 00:00:00,0999-wombat,B8:27:EB:6F:ED:ED,-60, WPA ,0.000000,0.000000,0.000,0.000,AP
2026-04-01 14:51:10,1900-01-00 00:00:00,0999-wombat,B8:27:EB:6F:ED:ED,-57, WPA ,0.000000,0.000000,0.000,0.000,AP
2026-04-01 14:51:10,1900-01-00 00:00:00,0999-wombat,B8:27:EB:6F:ED:ED,-58, WPA ,0.000000,0.000000,0.000,0.000,AP
2026-04-01 14:51:10,1900-01-00 00:00:00,0999-wombat,B8:27:EB:6F:ED:ED,-58, WPA ,0.000000,0.000000,0.000,0.000,AP
2026-04-01 14:51:10,1900-01-00 00:00:00,0999-wombat,B8:27:EB:6F:ED:ED,-58, WPA ,0.000000,0.000000,0.000,0.000,AP
2026-04-01 14:51:10,1900-01-00 00:00:00,0999-wombat,B8:27:EB:6F:ED:ED,-58, WPA ,0.000000,0.000000,0.000,0.000,AP
2026-04-01 14:51:10,1900-01-00 00:00:00,0999-wombat,B8:27:EB:6F:ED:ED,-58, WPA ,0.000000,0.000000,0.000,0.000,AP
2026-04-01 14:51:10,1900-01-00 00:00:00,0999-wombat,B8:27:EB:6F:ED:ED,-58, WPA ,0.000000,0.000000,0.000,0.000,AP
2026-04-01 14:51:10,1900-01-00 00:00:00,0999-wombat,B8:27:EB:6F:ED:ED,-58, WPA ,0.000000,0.000000,0.000,0.000,AP
2026-04-01 14:51:10,1900-01-00 00:00:00,0999-wombat,B8:27:EB:6F:ED:ED,-58, WPA ,0.000000,0.000000,0.000,0.000,AP
2026-04-01 14:51:10,1900-01-00 00:00:00,0999-wombat,B8:27:EB:6F:ED:ED,-58, WPA ,0.000000,0.000000,0.000,0.000,AP
2026-04-01 14:51:10,1900-01-00 00:00:00,0999-wombat,B8:27:EB:6F:ED:ED,-58, WPA ,0.000000,0.000000,0.000,0.000,AP
2026-04-01 14:51:10,1900-01-00 00:00:00,0999-wombat,B8:27:EB:6F:ED:ED,-58, WPA ,0.000000,0.000000,0.000,0.000,AP
2026-04-01 14:51:10,1900-01-00 00:00:00,0999-wombat,B8:27:EB:6F:ED:ED,-58, WPA ,0.000000,0.000000,0.000,0.000,AP
2026-04-01 14:51:10,1900-01-00 00:00:00,0999-wombat,B8:27:EB:6F:ED:ED,-58, WPA ,0.000000,0.000000,0.000,0.000,AP
2026-04-01 14:51:10,1900-01-00 00:00:00,0999-wombat,B8:27:EB:6F:ED:ED,-58, WPA ,0.000000,0.000000,0.000,0.000,AP
2026-04-01 14:51:10,1900-01-00 00:00:00,0999-wombat,B8:27:EB:6F:ED:ED,-58, WPA ,0.000000,0.000000,0.000,0.000,AP
2026-04-01 14:51:10,1900-01-00 00:00:00,0999-wombat,B8:27:EB:6F:ED:ED,-58, WPA ,0.000000,0.000000,0.000,0.000,AP
2026-04-01 14:51:10,1900-01-00 00:00:00,0999-wombat,B8:27:EB:6F:ED:ED,-58, WPA ,0.000000,0.000000,0.000,0.000,AP
2026-04-01 14:51:10,1900-01-00 00:00:00,0999-wombat,B8:27:EB:6F:ED:ED,-58, WPA ,0.000000,0.000000,0.000,0.000,AP
2026-04-01 14:51:10,1900-01-00 00:00:00,0999-wombat,B8:27:EB:6F:ED:ED,-58, WPA ,0.000000,0.000000,0.000,0.000,AP
2026-04-01 14:51:10,1900-01-00 00:00:00,0999-wombat,B8:27:EB:6F:ED:ED,-58, WPA ,0.000000,0.000000,0.000,0.000,AP
2026-04-01 14:51:10,1900-01-00 00:00:00,0999-wombat,B8:27:EB:6F:ED:ED,-58, WPA ,0.000000,0.000000,0.000,0.000,AP
2026-04-01 14:51:10,1900-01-00 00:00:00,0999-wombat,B8:27:EB:6F:ED:ED,-58, WPA ,0.000000,0.000000,0.000,0.000,AP
2026-04-01 14:51:10,1900-01-00 00:00:00,0999-wombat,B8:27:EB:6F:ED:ED,-58, WPA ,0.000000,0.000000,0.000,0.000,AP
2026-04-01 14:51:10,1900-01-00 00:00:00,0999-wombat,B8:27:EB:6F:ED:ED,-58, WPA ,0.000000,0.000000,0.000,0.000,AP
2026-04-01 14:51:10,1900-01-00 00:00:00,0999-wombat,B8:27:EB:6F:ED:ED,-58, WPA ,0.000000,0.000000,0.000,0.000,AP
2026-04-01 14:51:10,1900-01-00 00:00:00,0999-wombat,B8:27:EB:6F:ED:ED,-58, WPA ,0.000000,0.000000,0.000,0.000,AP
2026-04-01 14:51:10,1900-01-00 00:00:00,0999-wombat,B8:27:EB:6F:ED:ED,-58, WPA ,0.000000,0.000000,0.000,0.000,AP
2026-04-01 14:51:10,1900-01-00 00:00:00,0999-wombat,B8:27:EB:6F:ED:ED,-58, WPA ,0.000000,0.000000,0.000,0.000,AP
2026-04-01 14:51:10,1900-01-00 00:00:00,0999-wombat,B8:27:EB:6F:ED:ED,-58, WPA ,0.000000,0.000000,0.000,0.000,AP
2026-04-01 14:51:10,1900-01-00 00:00:00,0999-wombat,B8:27:EB:6F:ED:ED,-58, WPA ,0.000000,0.000000,0.000,0.000,AP
2026-04-01 14:51:10,1900-01-00 00:00:00,0999-wombat,B8:27:EB:6F:ED:ED,-58, WPA ,0.000000,0.000000,0.000,0.000,AP
2026-04-01 14:51:10,1900-01-00 00:00:00,0999-wombat,B8:27:EB:6F:ED:ED,-58, WPA ,0.000000,0.000000,0.000,0.000,AP
2026-04-01 14:51:10,1900-01-00 00:00:00,0999-wombat,B8:27:EB:6F:ED:ED,-58, WPA ,0.000000,0.000000,0.000,0.000,AP
2026-04-01 14:51:10,1900-01-00 00:00:00,0999-wombat,B8:27:EB:6F:ED:ED,-58, WPA ,0.000000,0.000000,0.000,0.000,AP
2026-04-01 14:51:10,1900-01-00 00:00:00,0999-wombat,B8:27:EB:6F:ED:ED,-58, WPA ,0.000000,0.000000,0.000,0.000,AP
2026-04-01 14:51:10,1900-01-00 00:00:00,0999-wombat,B8:27:EB:6F:ED:ED,-58, WPA ,0.000000,0.000000,0.000,0.000,AP
2026-04-01 14:51:10,1900-01-00 00:00:00,0999-wombat,B8:27:EB:6F:ED:ED,-58, WPA ,0.000000,0.000000,0.000,0.000,AP
2026-04-01 14:51:10,1900-01-00 00:00:00,0999-wombat,B8:27:EB:6F:ED:ED,-58, WPA ,0.000000,0.000000,0.000,0.000,AP
2026-04-01 14:51:10,1900-01-00 00:00:00,0999-wombat,B8:27:EB:6F:ED:ED,-58, WPA ,0.000000,0.000000,0.000,0.000,AP
2026-04-01 14:51:10,1900-01-00 00:00:00,0999-wombat,B8:27:EB:6F:ED:ED,-63, WPA ,0.000000,0.000000,0.000,0.000,AP
2026-04-01 14:51:10,1900-01-00 00:00:00,0999-wombat,B8:27:EB:6F:ED:ED,-63, WPA ,0.000000,0.000000,0.000,0.000,AP
2026-04-01 14:51:10,1900-01-00 00:00:00,0999-wombat,B8:27:EB:6F:ED:ED,-63, WPA ,0.000000,0.000000,0.000,0.000,AP
2026-04-01 14:51:10,1900-01-00 00:00:00,0999-wombat,B8:27:EB:6F:ED:ED,-63, WPA ,0.000000,0.000000,0.000,0.000,AP
2026-04-01 14:51:10,1900-01-00 00:00:00,0999-wombat,B8:27:EB:6F:ED:ED,-63, WPA ,0.000000,0.000000,0.000,0.000,AP
2026-04-01 14:51:10,1900-01-00 00:00:00,0999-wombat,B8:27:EB:6F:ED:ED,-63, WPA ,0.000000,0.000000,0.000,0.000,AP
2026-04-01 14:51:10,1900-01-00 00:00:00,0999-wombat,B8:27:EB:6F:ED:ED,-78, WPA ,0.000000,0.000000,0.000,0.000,AP
2026-04-01 14:51:10,1900-01-00 00:00:00,0999-wombat,B8:27:EB:6F:ED:ED,-78, WPA ,0.000000,0.000000,0.000,0.000,AP
2026-04-01 14:51:10,1900-01-00 00:00:00,0999-wombat,B8:27:EB:6F:ED:ED,-78, WPA ,0.000000,0.000000,0.000,0.000,AP
2026-04-01 14:51:10,1900-01-00 00:00:00,0999-wombat,B8:27:EB:6F:ED:ED,-78, WPA ,0.000000,0.000000,0.000,0.000,AP
2026-04-01 14:51:10,1900-01-00 00:00:00,0999-wombat,B8:27:EB:6F:ED:ED,-78, WPA ,0.000000,0.000000,0.000,0.000,AP
2026-04-01 14:51:10,1900-01-00 00:00:00,0999-wombat,B8:27:EB:6F:ED:ED,-78, WPA ,0.000000,0.000000,0.000,0.000,AP
2026-04-01 14:51:10,1900-01-00 00:00:00,0999-wombat,B8:27:EB:6F:ED:ED,-78, WPA ,0.000000,0.000000,0.000,0.000,AP
2026-04-01 14:51:10,1900-01-00 00:00:00,0999-wombat,B8:27:EB:6F:ED:ED,-78, WPA ,0.000000,0.000000,0.000,0.000,AP
2026-04-01 14:51:10,1900-01-00 00:00:00,0999-wombat,B8:27:EB:6F:ED:ED,-78, WPA ,0.000000,0.000000,0.000,0.000,AP
2026-04-01 14:51:10,1900-01-00 00:00:00,0999-wombat,B8:27:EB:6F:ED:ED,-78, WPA ,0.000000,0.000000,0.000,0.000,AP
2026-04-01 14:51:10,1900-01-00 00:00:00,0999-wombat,B8:27:EB:6F:ED:ED,-78, WPA ,0.000000,0.000000,0.000,0.000,AP
2026-04-01 14:51:10,1900-01-00 00:00:00,0999-wombat,B8:27:EB:6F:ED:ED,-78, WPA ,0.000000,0.000000,0.000,0.000,AP
2026-04-01 14:51:10,1900-01-00 00:00:00,0999-wombat,B8:27:EB:6F:ED:ED,-78, WPA ,0.000000,0.000000,0.000,0.000,AP
2026-04-01 14:51:10,1900-01-00 00:00:00,0999-wombat,B8:27:EB:6F:ED:ED,-78, WPA ,0.000000,0.000000,0.000,0.000,AP
2026-04-01 14:51:10,1900-01-00 00:00:00,0999-wombat,B8:27:EB:6F:ED:ED,-78, WPA ,0.000000,0.000000,0.000,0.000,AP
2026-04-01 14:51:10,1900-01-00 00:00:00,0999-wombat,B8:27:EB:6F:ED:ED,-78, WPA ,0.000000,0.000000,0.000,0.000,AP
2026-04-01 14:51:10,1900-01-00 00:00:00,0999-wombat,B8:27:EB:6F:ED:ED,-78, WPA ,0.000000,0.000000,0.000,0.000,AP
2026-04-01 14:51:10,1900-01-00 00:00:00,0999-wombat,B8:27:EB:6F:ED:ED,-78, WPA ,0.000000,0.000000,0.000,0.000,AP
2026-04-01 14:51:10,1900-01-00 00:00:00,0999-wombat,B8:27:EB:6F:ED:ED,-78, WPA ,0.000000,0.000000,0.000,0.000,AP
2026-04-01 14:51:10,1900-01-00 00:00:00,0999-wombat,B8:27:EB:6F:ED:ED,-78, WPA ,0.000000,0.000000,0.000,0.000,AP
2026-04-01 14:51:10,1900-01-00 00:00:00,0999-wombat,B8:27:EB:6F:ED:ED,-78, WPA ,0.000000,0.000000,0.000,0.000,AP
2026-04-01 14:51:10,1900-01-00 00:00:00,0999-wombat,B8:27:EB:6F:ED:ED,-78, WPA ,0.000000,0.000000,0.000,0.000,AP
2026-04-01 14:51:10,1900-01-00 00:00:00,0999-wombat,B8:27:EB:6F:ED:ED,-78, WPA ,0.000000,0.000000,0.000,0.000,AP
2026-04-01 14:51:10,1900-01-00 00:00:00,0999-wombat,B8:27:EB:6F:ED:ED,-78, WPA ,0.000000,0.000000,0.000,0.000,AP
2026-04-01 14:51:10,1900-01-00 00:00:00,0999-wombat,B8:27:EB:6F:ED:ED,-78, WPA ,0.000000,0.000000,0.000,0.000,AP
2026-04-01 14:51:10,1900-01-00 00:00:00,0999-wombat,B8:27:EB:6F:ED:ED,-78, WPA ,0.000000,0.000000,0.000,0.000,AP
2026-04-01 14:51:10,1900-01-00 00:00:00,0999-wombat,B8:27:EB:6F:ED:ED,-78, WPA ,0.000000,0.000000,0.000,0.000,AP
2026-04-01 14:51:10,1900-01-00 00:00:00,0999-wombat,B8:27:EB:6F:ED:ED,-78, WPA ,0.000000,0.000000,0.000,0.000,AP
2026-04-01 14:51:10,1900-01-00 00:00:00,0999-wombat,B8:27:EB:6F:ED:ED,-64, WPA ,0.000000,0.000000,0.000,0.000,AP
2026-04-01 14:51:10,1900-01-00 00:00:00,0999-wombat,B8:27:EB:6F:ED:ED,-64, WPA ,0.000000,0.000000,0.000,0.000,AP
2026-04-01 14:51:10,1900-01-00 00:00:00,0999-wombat,B8:27:EB:6F:ED:ED,-64, WPA ,0.000000,0.000000,0.000,0.000,AP
2026-04-01 14:51:10,1900-01-00 00:00:00,0999-wombat,B8:27:EB:6F:ED:ED,-64, WPA ,0.000000,0.000000,0.000,0.000,AP
2026-04-01 14:51:10,1900-01-00 00:00:00,0999-wombat,B8:27:EB:6F:ED:ED,-64, WPA ,0.000000,0.000000,0.000,0.000,AP
2026-04-01 14:51:10,1900-01-00 00:00:00,0999-wombat,B8:27:EB:6F:ED:ED,-64, WPA ,0.000000,0.000000,0.000,0.000,AP
2026-04-01 14:51:10,1900-01-00 00:00:00,0999-wombat,B8:27:EB:6F:ED:ED,-64, WPA ,0.000000,0.000000,0.000,0.000,AP
2026-04-01 14:51:10,1900-01-00 00:00:00,0999-wombat,B8:27:EB:6F:ED:ED,-64, WPA ,0.000000,0.000000,0.000,0.000,AP
2026-04-01 14:51:10,1900-01-00 00:00:00,0999-wombat,B8:27:EB:6F:ED:ED,-64, WPA ,0.000000,0.000000,0.000,0.000,AP
2026-04-01 14:51:10,1900-01-00 00:00:00,0999-wombat,B8:27:EB:6F:ED:ED,-64, WPA ,0.000000,0.000000,0.000,0.000,AP
2026-04-01 14:51:10,1900-01-00 00:00:00,0999-wombat,B8:27:EB:6F:ED:ED,-64, WPA ,0.000000,0.000000,0.000,0.000,AP
2026-04-01 14:51:10,1900-01-00 00:00:00,0999-wombat,B8:27:EB:6F:ED:ED,-64, WPA ,0.000000,0.000000,0.000,0.000,AP
2026-04-01 14:51:10,1900-01-00 00:00:00,0999-wombat,B8:27:EB:6F:ED:ED,-64, WPA ,0.000000,0.000000,0.000,0.000,AP
2026-04-01 14:51:10,1900-01-00 00:00:00,0999-wombat,B8:27:EB:6F:ED:ED,-64, WPA ,0.000000,0.000000,0.000,0.000,AP
2026-04-01 14:51:10,1900-01-00 00:00:00,0999-wombat,B8:27:EB:6F:ED:ED,-64, WPA ,0.000000,0.000000,0.000,0.000,AP
2026-04-01 14:51:10,1900-01-00 00:00:00,0999-wombat,B8:27:EB:6F:ED:ED,-64, WPA ,0.000000,0.000000,0.000,0.000,AP
2026-04-01 14:51:10,1900-01-00 00:00:00,0999-wombat,B8:27:EB:6F:ED:ED,-64, WPA ,0.000000,0.000000,0.000,0.000,AP
2026-04-01 14:51:10,1900-01-00 00:00:00,0999-wombat,B8:27:EB:6F:ED:ED,-64, WPA ,0.000000,0.000000,0.000,0.000,AP
2026-04-01 14:51:10,1900-01-00 00:00:00,0999-wombat,B8:27:EB:6F:ED:ED,-64, WPA ,0.000000,0.000000,0.000,0.000,AP
2026-04-01 14:51:10,1900-01-00 00:00:00,0999-wombat,B8:27:EB:6F:ED:ED,-64, WPA ,0.000000,0.000000,0.000,0.000,AP
2026-04-01 14:51:10,1900-01-00 00:00:00,0999-wombat,B8:27:EB:6F:ED:ED,-64, WPA ,0.000000,0.000000,0.000,0.000,AP
2026-04-01 14:51:10,1900-01-00 00:00:00,0999-wombat,B8:27:EB:6F:ED:ED,-64, WPA ,0.000000,0.000000,0.000,0.000,AP
2026-04-01 14:51:10,1900-01-00 00:00:00,0999-wombat,B8:27:EB:6F:ED:ED,-64, WPA ,0.000000,0.000000,0.000,0.000,AP
2026-04-01 14:51:10,1900-01-00 00:00:00,0999-wombat,B8:27:EB:6F:ED:ED,-64, WPA ,0.000000,0.000000,0.000,0.000,AP
2026-04-01 14:51:10,1900-01-00 00:00:00,0999-wombat,B8:27:EB:6F:ED:ED,-64, WPA ,0.000000,0.000000,0.000,0.000,AP
2026-04-01 14:51:10,1900-01-00 00:00:00,0999-wombat,B8:27:EB:6F:ED:ED,-64, WPA ,0.000000,0.000000,0.000,0.000,AP
2026-04-01 14:51:10,1900-01-00 00:00:00,0999-wombat,B8:27:EB:6F:ED:ED,-64, WPA ,0.000000,0.000000,0.000,0.000,AP
2026-04-01 14:51:10,1900-01-00 00:00:00,0999-wombat,B8:27:EB:6F:ED:ED,-64, WPA ,0.000000,0.000000,0.000,0.000,AP
2026-04-01 14:51:10,1900-01-00 00:00:00,0999-wombat,B8:27:EB:6F:ED:ED,-64, WPA ,0.000000,0.000000,0.000,0.000,AP
2026-04-01 14:51:10,1900-01-00 00:00:00,0999-wombat,B8:27:EB:6F:ED:ED,-64, WPA ,0.000000,0.000000,0.000,0.000,AP
2026-04-01 14:51:10,1900-01-00 00:00:00,0999-wombat,B8:27:EB:6F:ED:ED,-62, WPA ,0.000000,0.000000,0.000,0.000,AP
2026-04-01 14:51:10,1900-01-00 00:00:00,0999-wombat,B8:27:EB:6F:ED:ED,-62, WPA ,0.000000,0.000000,0.000,0.000,AP
2026-04-01 14:51:10,1900-01-00 00:00:00,0999-wombat,B8:27:EB:6F:ED:ED,-62, WPA ,0.000000,0.000000,0.000,0.000,AP
2026-04-01 14:51:10,1900-01-00 00:00:00,0999-wombat,B8:27:EB:6F:ED:ED,-62, WPA ,0.000000,0.000000,0.000,0.000,AP
2026-04-01 14:51:10,1900-01-00 00:00:00,0999-wombat,B8:27:EB:6F:ED:ED,-62, WPA ,0.000000,0.000000,0.000,0.000,AP
2026-04-01 14:51:10,1900-01-00 00:00:00,0999-wombat,B8:27:EB:6F:ED:ED,-62, WPA ,0.000000,0.000000,0.000,0.000,AP
2026-04-01 14:51:10,1900-01-00 00:00:00,0999-wombat,B8:27:EB:6F:ED:ED,-62, WPA ,0.000000,0.000000,0.000,0.000,AP
2026-04-01 14:51:10,1900-01-00 00:00:00,0999-wombat,B8:27:EB:6F:ED:ED,-62, WPA ,0.000000,0.000000,0.000,0.000,AP
2026-04-01 14:51:10,1900-01-00 00:00:00,0999-wombat,B8:27:EB:6F:ED:ED,-62, WPA ,0.000000,0.000000,0.000,0.000,AP
2026-04-01 14:51:10,1900-01-00 00:00:00,0999-wombat,B8:27:EB:6F:ED:ED,-62, WPA ,0.000000,0.000000,0.000,0.000,AP
2026-04-01 14:51:10,1900-01-00 00:00:00,0999-wombat,B8:27:EB:6F:ED:ED,-62, WPA ,0.000000,0.000000,0.000,0.000,AP
2026-04-01 14:51:10,1900-01-00 00:00:00,0999-wombat,B8:27:EB:6F:ED:ED,-62, WPA ,0.000000,0.000000,0.000,0.000,AP
2026-04-01 14:51:10,1900-01-00 00:00:00,0999-wombat,B8:27:EB:6F:ED:ED,-62, WPA ,0.000000,0.000000,0.000,0.000,AP
2026-04-01 14:51:10,1900-01-00 00:00:00,0999-wombat,B8:27:EB:6F:ED:ED,-62, WPA ,0.000000,0.000000,0.000,0.000,AP
2026-04-01 14:51:10,1900-01-00 00:00:00,0999-wombat,B8:27:EB:6F:ED:ED,-65, WPA ,0.000000,0.000000,0.000,0.000,AP
2026-04-01 14:51:10,1900-01-00 00:00:00,0999-wombat,B8:27:EB:6F:ED:ED,-65, WPA ,0.000000,0.000000,0.000,0.000,AP
2026-04-01 14:51:10,1900-01-00 00:00:00,0999-wombat,B8:27:EB:6F:ED:ED,-64, WPA ,0.000000,0.000000,0.000,0.000,AP
2026-04-01 14:51:10,1900-01-00 00:00:00,0999-wombat,B8:27:EB:6F:ED:ED,-64, WPA ,0.000000,0.000000,0.000,0.000,AP
2026-04-01 14:51:10,1900-01-00 00:00:00,0999-wombat,B8:27:EB:6F:ED:ED,-59, WPA ,0.000000,0.000000,0.000,0.000,AP
2026-04-01 14:51:10,1900-01-00 00:00:00,0999-wombat,B8:27:EB:6F:ED:ED,-59, WPA ,0.000000,0.000000,0.000,0.000,AP
2026-04-01 14:51:10,1900-01-00 00:00:00,0999-wombat,B8:27:EB:6F:ED:ED,-59, WPA ,0.000000,0.000000,0.000,0.000,AP
2026-04-01 14:51:10,1900-01-00 00:00:00,0999-wombat,B8:27:EB:6F:ED:ED,-59, WPA ,0.000000,0.000000,0.000,0.000,AP
2026-04-01 14:51:10,1900-01-00 00:00:00,0999-wombat,B8:27:EB:6F:ED:ED,-59, WPA ,0.000000,0.000000,0.000,0.000,AP
2026-04-01 14:51:10,1900-01-00 00:00:00,0999-wombat,B8:27:EB:6F:ED:ED,-55, WPA ,0.000000,0.000000,0.000,0.000,AP
2026-04-01 14:51:10,1900-01-00 00:00:00,0999-wombat,B8:27:EB:6F:ED:ED,-55, WPA ,0.000000,0.000000,0.000,0.000,AP
2026-04-01 14:51:10,1900-01-00 00:00:00,0999-wombat,B8:27:EB:6F:ED:ED,-55, WPA ,0.000000,0.000000,0.000,0.000,AP
2026-04-01 14:51:10,1900-01-00 00:00:00,0999-wombat,B8:27:EB:6F:ED:ED,-55, WPA ,0.000000,0.000000,0.000,0.000,AP
2026-04-01 14:51:10,1900-01-00 00:00:00,0999-wombat,B8:27:EB:6F:ED:ED,-55, WPA ,0.000000,0.000000,0.000,0.000,AP
2026-04-01 14:51:10,1900-01-00 00:00:00,0999-wombat,B8:27:EB:6F:ED:ED,-56, WPA ,0.000000,0.000000,0.000,0.000,AP
2026-04-01 14:51:10,1900-01-00 00:00:00,0999-wombat,B8:27:EB:6F:ED:ED,-56, WPA ,0.000000,0.000000,0.000,0.000,AP
2026-04-01 14:51:10,1900-01-00 00:00:00,0999-wombat,B8:27:EB:6F:ED:ED,-56, WPA ,0.000000,0.000000,0.000,0.000,AP
2026-04-01 14:51:10,1900-01-00 00:00:00,0999-wombat,B8:27:EB:6F:ED:ED,-56, WPA ,0.000000,0.000000,0.000,0.000,AP
2026-04-01 14:51:10,1900-01-00 00:00:00,0999-wombat,B8:27:EB:6F:ED:ED,-56, WPA ,0.000000,0.000000,0.000,0.000,AP
2026-04-01 14:51:10,1900-01-00 00:00:00,0999-wombat,B8:27:EB:6F:ED:ED,-63, WPA ,0.000000,0.000000,0.000,0.000,AP
2026-04-01 14:51:10,1900-01-00 00:00:00,0999-wombat,B8:27:EB:6F:ED:ED,-63, WPA ,0.000000,0.000000,0.000,0.000,AP
2026-04-01 14:51:10,1900-01-00 00:00:00,0999-wombat,B8:27:EB:6F:ED:ED,-63, WPA ,0.000000,0.000000,0.000,0.000,AP
2026-04-01 14:51:10,1900-01-00 00:00:00,0999-wombat,B8:27:EB:6F:ED:ED,-63, WPA ,0.000000,0.000000,0.000,0.000,AP
2026-04-01 14:51:10,1900-01-00 00:00:00,0999-wombat,B8:27:EB:6F:ED:ED,-63, WPA ,0.000000,0.000000,0.000,0.000,AP
2026-04-01 14:51:10,1900-01-00 00:00:00,0999-wombat,B8:27:EB:6F:ED:ED,-63, WPA ,0.000000,0.000000,0.000,0.000,AP
2026-04-01 14:51:10,1900-01-00 00:00:00,0999-wombat,B8:27:EB:6F:ED:ED,-63, WPA ,0.000000,0.000000,0.000,0.000,AP
2026-04-01 14:51:10,1900-01-00 00:00:00,0999-wombat,B8:27:EB:6F:ED:ED,-78, WPA ,0.000000,0.000000,0.000,0.000,AP
2026-04-01 14:51:10,1900-01-00 00:00:00,0999-wombat,B8:27:EB:6F:ED:ED,-78, WPA ,0.000000,0.000000,0.000,0.000,AP
2026-04-01 14:51:10,1900-01-00 00:00:00,0999-wombat,B8:27:EB:6F:ED:ED,-78, WPA ,0.000000,0.000000,0.000,0.000,AP
2026-04-01 14:51:10,1900-01-00 00:00:00,0999-wombat,B8:27:EB:6F:ED:ED,-78, WPA ,0.000000,0.000000,0.000,0.000,AP
2026-04-01 14:51:10,1900-01-00 00:00:00,0999-wombat,B8:27:EB:6F:ED:ED,-78, WPA ,0.000000,0.000000,0.000,0.000,AP
2026-04-01 14:51:10,1900-01-00 00:00:00,0999-wombat,B8:27:EB:6F:ED:ED,-78, WPA ,0.000000,0.000000,0.000,0.000,AP
2026-04-01 14:51:10,1900-01-00 00:00:00,0999-wombat,B8:27:EB:6F:ED:ED,-78, WPA ,0.000000,0.000000,0.000,0.000,AP
2026-04-01 14:51:10,1900-01-00 00:00:00,0999-wombat,B8:27:EB:6F:ED:ED,-78, WPA ,0.000000,0.000000,0.000,0.000,AP
2026-04-01 14:51:10,1900-01-00 00:00:00,0999-wombat,B8:27:EB:6F:ED:ED,-78, WPA ,0.000000,0.000000,0.000,0.000,AP
2026-04-01 14:51:10,1900-01-00 00:00:00,0999-wombat,B8:27:EB:6F:ED:ED,-78, WPA ,0.000000,0.000000,0.000,0.000,AP
2026-04-01 14:51:10,1900-01-00 00:00:00,0999-wombat,B8:27:EB:6F:ED:ED,-78, WPA ,0.000000,0.000000,0.000,0.000,AP
2026-04-01 14:51:10,1900-01-00 00:00:00,0999-wombat,B8:27:EB:6F:ED:ED,-78, WPA ,0.000000,0.000000,0.000,0.000,AP
2026-04-01 14:51:10,1900-01-00 00:00:00,0999-wombat,B8:27:EB:6F:ED:ED,-78, WPA ,0.000000,0.000000,0.000,0.000,AP
2026-04-01 14:51:10,1900-01-00 00:00:00,0999-wombat,B8:27:EB:6F:ED:ED,-78, WPA ,0.000000,0.000000,0.000,0.000,AP
2026-04-01 14:51:10,1900-01-00 00:00:00,0999-wombat,B8:27:EB:6F:ED:ED,-78, WPA ,0.000000,0.000000,0.000,0.000,AP
2026-04-01 14:51:10,1900-01-00 00:00:00,0999-wombat,B8:27:EB:6F:ED:ED,-78, WPA ,0.000000,0.000000,0.000,0.000,AP
2026-04-01 14:51:10,1900-01-00 00:00:00,0999-wombat,B8:27:EB:6F:ED:ED,-78, WPA ,0.000000,0.000000,0.000,0.000,AP
2026-04-01 14:51:10,1900-01-00 00:00:00,0999-wombat,B8:27:EB:6F:ED:ED,-78, WPA ,0.000000,0.000000,0.000,0.000,AP
2026-04-01 14:51:10,1900-01-00 00:00:00,0999-wombat,B8:27:EB:6F:ED:ED,-78, WPA ,0.000000,0.000000,0.000,0.000,AP
2026-04-01 14:51:10,1900-01-00 00:00:00,0999-wombat,B8:27:EB:6F:ED:ED,-78, WPA ,0.000000,0.000000,0.000,0.000,AP
2026-04-01 14:51:10,1900-01-00 00:00:00,0999-wombat,B8:27:EB:6F:ED:ED,-78, WPA ,0.000000,0.000000,0.000,0.000,AP
2026-04-01 14:51:10,1900-01-00 00:00:00,0999-wombat,B8:27:EB:6F:ED:ED,-78, WPA ,0.000000,0.000000,0.000,0.000,AP
2026-04-01 14:51:10,1900-01-00 00:00:00,0999-wombat,B8:27:EB:6F:ED:ED,-78, WPA ,0.000000,0.000000,0.000,0.000,AP
2026-04-01 14:51:10,1900-01-00 00:00:00,0999-wombat,B8:27:EB:6F:ED:ED,-78, WPA ,0.000000,0.000000,0.000,0.000,AP
2026-04-01 14:51:10,1900-01-00 00:00:00,0999-wombat,B8:27:EB:6F:ED:ED,-78, WPA ,0.000000,0.000000,0.000,0.000,AP
2026-04-01 14:51:10,1900-01-00 00:00:00,0999-wombat,B8:27:EB:6F:ED:ED,-78, WPA ,0.000000,0.000000,0.000,0.000,AP
2026-04-01 14:51:10,1900-01-00 00:00:00,0999-wombat,B8:27:EB:6F:ED:ED,-78, WPA ,0.000000,0.000000,0.000,0.000,AP
2026-04-01 14:51:10,1900-01-00 00:00:00,0999-wombat,B8:27:EB:6F:ED:ED,-78, WPA ,0.000000,0.000000,0.000,0.000,AP
2026-04-01 14:51:10,1900-01-00 00:00:00,0999-wombat,B8:27:EB:6F:ED:ED,-78, WPA ,0.000000,0.000000,0.000,0.000,AP
2026-04-01 14:51:10,1900-01-00 00:00:00,0999-wombat,B8:27:EB:6F:ED:ED,-78, WPA ,0.000000,0.000000,0.000,0.000,AP
2026-04-01 14:51:10,1900-01-00 00:00:00,0999-wombat,B8:27:EB:6F:ED:ED,-78, WPA ,0.000000,0.000000,0.000,0.000,AP
2026-04-01 14:51:10,1900-01-00 00:00:00,0999-wombat,B8:27:EB:6F:ED:ED,-78, WPA ,0.000000,0.000000,0.000,0.000,AP
2026-04-01 14:51:10,1900-01-00 00:00:00,0999-wombat,B8:27:EB:6F:ED:ED,-78, WPA ,0.000000,0.000000,0.000,0.000,AP
2026-04-01 14:51:10,1900-01-00 00:00:00,0999-wombat,B8:27:EB:6F:ED:ED,-78, WPA ,0.000000,0.000000,0.000,0.000,AP
2026-04-01 14:51:10,1900-01-00 00:00:00,0999-wombat,B8:27:EB:6F:ED:ED,-78, WPA ,0.000000,0.000000,0.000,0.000,AP
2026-04-01 14:51:10,1900-01-00 00:00:00,0999-wombat,B8:27:EB:6F:ED:ED,-78, WPA ,0.000000,0.000000,0.000,0.000,AP
2026-04-01 14:51:10,1900-01-00 00:00:00,0999-wombat,B8:27:EB:6F:ED:ED,-78, WPA ,0.000000,0.000000,0.000,0.000,AP
2026-04-01 14:51:10,1900-01-00 00:00:00,0999-wombat,B8:27:EB:6F:ED:ED,-78, WPA ,0.000000,0.000000,0.000,0.000,AP
2026-04-01 14:51:10,1900-01-00 00:00:00,0999-wombat,B8:27:EB:6F:ED:ED,-78, WPA ,0.000000,0.000000,0.000,0.000,AP
2026-04-01 14:51:10,1900-01-00 00:00:00,0999-wombat,B8:27:EB:6F:ED:ED,-78, WPA ,0.000000,0.000000,0.000,0.000,AP
2026-04-01 14:51:10,1900-01-00 00:00:00,0999-wombat,B8:27:EB:6F:ED:ED,-78, WPA ,0.000000,0.000000,0.000,0.000,AP
2026-04-01 14:51:10,1900-01-00 00:00:00,0999-wombat,B8:27:EB:6F:ED:ED,-78, WPA ,0.000000,0.000000,0.000,0.000,AP
2026-04-01 14:51:10,1900-01-00 00:00:00,0999-wombat,B8:27:EB:6F:ED:ED,-78, WPA ,0.000000,0.000000,0.000,0.000,AP
2026-04-01 14:51:10,1900-01-00 00:00:00,0999-wombat,B8:27:EB:6F:ED:ED,-78, WPA ,0.000000,0.000000,0.000,0.000,AP
2026-04-01 14:51:10,1900-01-00 00:00:00,0999-wombat,B8:27:EB:6F:ED:ED,-78, WPA ,0.000000,0.000000,0.000,0.000,AP
2026-04-01 14:51:10,1900-01-00 00:00:00,0999-wombat,B8:27:EB:6F:ED:ED,-78, WPA ,0.000000,0.000000,0.000,0.000,AP
2026-04-01 14:51:10,1900-01-00 00:00:00,0999-wombat,B8:27:EB:6F:ED:ED,-78, WPA ,0.000000,0.000000,0.000,0.000,AP
2026-04-01 14:51:10,1900-01-00 00:00:00,0999-wombat,B8:27:EB:6F:ED:ED,-78, WPA ,0.000000,0.000000,0.000,0.000,AP
2026-04-01 14:51:10,1900-01-00 00:00:00,0999-wombat,B8:27:EB:6F:ED:ED,-78, WPA ,0.000000,0.000000,0.000,0.000,AP
2026-04-01 14:51:10,1900-01-00 00:00:00,0999-wombat,B8:27:EB:6F:ED:ED,-78, WPA ,0.000000,0.000000,0.000,0.000,AP
2026-04-01 14:51:10,1900-01-00 00:00:00,0999-wombat,B8:27:EB:6F:ED:ED,-78, WPA ,0.000000,0.000000,0.000,0.000,AP
2026-04-01 14:51:10,1900-01-00 00:00:00,0999-wombat,B8:27:EB:6F:ED:ED,-78, WPA ,0.000000,0.000000,0.000,0.000,AP
2026-04-01 14:51:10,1900-01-00 00:00:00,0999-wombat,B8:27:EB:6F:ED:ED,-78, WPA ,0.000000,0.000000,0.000,0.000,AP
2026-04-01 14:51:10,1900-01-00 00:00:00,0999-wombat,B8:27:EB:6F:ED:ED,-78, WPA ,0.000000,0.000000,0.000,0.000,AP
2026-04-01 14:51:10,1900-01-00 00:00:00,0999-wombat,B8:27:EB:6F:ED:ED,-78, WPA ,0.000000,0.000000,0.000,0.000,AP
2026-04-01 14:51:10,1900-01-00 00:00:00,0999-wombat,B8:27:EB:6F:ED:ED,-78, WPA ,0.000000,0.000000,0.000,0.000,AP
2026-04-01 14:51:10,1900-01-00 00:00:00,0999-wombat,B8:27:EB:6F:ED:ED,-78, WPA ,0.000000,0.000000,0.000,0.000,AP
2026-04-01 14:51:10,1900-01-00 00:00:00,0999-wombat,B8:27:EB:6F:ED:ED,-78, WPA ,0.000000,0.000000,0.000,0.000,AP
2026-04-01 14:51:10,1900-01-00 00:00:00,0999-wombat,B8:27:EB:6F:ED:ED,-64, WPA ,0.000000,0.000000,0.000,0.000,AP
2026-04-01 14:51:10,1900-01-00 00:00:00,0999-wombat,B8:27:EB:6F:ED:ED,-64, WPA ,0.000000,0.000000,0.000,0.000,AP
2026-04-01 14:51:10,1900-01-00 00:00:00,0999-wombat,B8:27:EB:6F:ED:ED,-64, WPA ,0.000000,0.000000,0.000,0.000,AP
2026-04-01 14:51:10,1900-01-00 00:00:00,0999-wombat,B8:27:EB:6F:ED:ED,-64, WPA ,0.000000,0.000000,0.000,0.000,AP
2026-04-01 14:51:10,1900-01-00 00:00:00,0999-wombat,B8:27:EB:6F:ED:ED,-64, WPA ,0.000000,0.000000,0.000,0.000,AP
2026-04-01 14:51:10,1900-01-00 00:00:00,0999-wombat,B8:27:EB:6F:ED:ED,-64, WPA ,0.000000,0.000000,0.000,0.000,AP
2026-04-01 14:51:10,1900-01-00 00:00:00,0999-wombat,B8:27:EB:6F:ED:ED,-64, WPA ,0.000000,0.000000,0.000,0.000,AP
2026-04-01 14:51:10,1900-01-00 00:00:00,0999-wombat,B8:27:EB:6F:ED:ED,-64, WPA ,0.000000,0.000000,0.000,0.000,AP
2026-04-01 14:51:10,1900-01-00 00:00:00,0999-wombat,B8:27:EB:6F:ED:ED,-64, WPA ,0.000000,0.000000,0.000,0.000,AP
2026-04-01 14:51:10,1900-01-00 00:00:00,0999-wombat,B8:27:EB:6F:ED:ED,-64, WPA ,0.000000,0.000000,0.000,0.000,AP
2026-04-01 14:51:10,1900-01-00 00:00:00,0999-wombat,B8:27:EB:6F:ED:ED,-64, WPA ,0.000000,0.000000,0.000,0.000,AP
2026-04-01 14:51:10,1900-01-00 00:00:00,0999-wombat,B8:27:EB:6F:ED:ED,-64, WPA ,0.000000,0.000000,0.000,0.000,AP
2026-04-01 14:51:10,1900-01-00 00:00:00,0999-wombat,B8:27:EB:6F:ED:ED,-64, WPA ,0.000000,0.000000,0.000,0.000,AP
2026-04-01 14:51:10,1900-01-00 00:00:00,0999-wombat,B8:27:EB:6F:ED:ED,-64, WPA ,0.000000,0.000000,0.000,0.000,AP
2026-04-01 14:51:10,1900-01-00 00:00:00,0999-wombat,B8:27:EB:6F:ED:ED,-64, WPA ,0.000000,0.000000,0.000,0.000,AP
2026-04-01 14:51:10,1900-01-00 00:00:00,0999-wombat,B8:27:EB:6F:ED:ED,-64, WPA ,0.000000,0.000000,0.000,0.000,AP
2026-04-01 14:51:10,1900-01-00 00:00:00,0999-wombat,B8:27:EB:6F:ED:ED,-64, WPA ,0.000000,0.000000,0.000,0.000,AP
2026-04-01 14:51:10,1900-01-00 00:00:00,0999-wombat,B8:27:EB:6F:ED:ED,-64, WPA ,0.000000,0.000000,0.000,0.000,AP
2026-04-01 14:51:10,1900-01-00 00:00:00,0999-wombat,B8:27:EB:6F:ED:ED,-64, WPA ,0.000000,0.000000,0.000,0.000,AP
2026-04-01 14:51:10,1900-01-00 00:00:00,0999-wombat,B8:27:EB:6F:ED:ED,-64, WPA ,0.000000,0.000000,0.000,0.000,AP
2026-04-01 14:51:10,1900-01-00 00:00:00,0999-wombat,B8:27:EB:6F:ED:ED,-64, WPA ,0.000000,0.000000,0.000,0.000,AP
2026-04-01 14:51:10,1900-01-00 00:00:00,0999-wombat,B8:27:EB:6F:ED:ED,-64, WPA ,0.000000,0.000000,0.000,0.000,AP
2026-04-01 14:51:10,1900-01-00 00:00:00,0999-wombat,B8:27:EB:6F:ED:ED,-64, WPA ,0.000000,0.000000,0.000,0.000,AP
2026-04-01 14:51:10,1900-01-00 00:00:00,0999-wombat,B8:27:EB:6F:ED:ED,-64, WPA ,0.000000,0.000000,0.000,0.000,AP
2026-04-01 14:51:10,1900-01-00 00:00:00,0999-wombat,B8:27:EB:6F:ED:ED,-64, WPA ,0.000000,0.000000,0.000,0.000,AP
2026-04-01 14:51:10,1900-01-00 00:00:00,0999-wombat,B8:27:EB:6F:ED:ED,-64, WPA ,0.000000,0.000000,0.000,0.000,AP
2026-04-01 14:51:10,1900-01-00 00:00:00,0999-wombat,B8:27:EB:6F:ED:ED,-64, WPA ,0.000000,0.000000,0.000,0.000,AP
2026-04-01 14:51:10,1900-01-00 00:00:00,0999-wombat,B8:27:EB:6F:ED:ED,-64, WPA ,0.000000,0.000000,0.000,0.000,AP
2026-04-01 14:51:10,1900-01-00 00:00:00,0999-wombat,B8:27:EB:6F:ED:ED,-64, WPA ,0.000000,0.000000,0.000,0.000,AP
2026-04-01 14:51:10,1900-01-00 00:00:00,0999-wombat,B8:27:EB:6F:ED:ED,-64, WPA ,0.000000,0.000000,0.000,0.000,AP
2026-04-01 14:51:10,1900-01-00 00:00:00,0999-wombat,B8:27:EB:6F:ED:ED,-64, WPA ,0.000000,0.000000,0.000,0.000,AP
2026-04-01 14:51:10,1900-01-00 00:00:00,0999-wombat,B8:27:EB:6F:ED:ED,-64, WPA ,0.000000,0.000000,0.000,0.000,AP
2026-04-01 14:51:10,1900-01-00 00:00:00,0999-wombat,B8:27:EB:6F:ED:ED,-64, WPA ,0.000000,0.000000,0.000,0.000,AP
2026-04-01 14:51:10,1900-01-00 00:00:00,0999-wombat,B8:27:EB:6F:ED:ED,-64, WPA ,0.000000,0.000000,0.000,0.000,AP
2026-04-01 14:51:10,1900-01-00 00:00:00,0999-wombat,B8:27:EB:6F:ED:ED,-64, WPA ,0.000000,0.000000,0.000,0.000,AP
2026-04-01 14:51:10,1900-01-00 00:00:00,0999-wombat,B8:27:EB:6F:ED:ED,-64, WPA ,0.000000,0.000000,0.000,0.000,AP
2026-04-01 14:51:10,1900-01-00 00:00:00,0999-wombat,B8:27:EB:6F:ED:ED,-64, WPA ,0.000000,0.000000,0.000,0.000,AP
2026-04-01 14:51:10,1900-01-00 00:00:00,0999-wombat,B8:27:EB:6F:ED:ED,-64, WPA ,0.000000,0.000000,0.000,0.000,AP
2026-04-01 14:51:10,1900-01-00 00:00:00,0999-wombat,B8:27:EB:6F:ED:ED,-64, WPA ,0.000000,0.000000,0.000,0.000,AP
2026-04-01 14:51:10,1900-01-00 00:00:00,0999-wombat,B8:27:EB:6F:ED:ED,-64, WPA ,0.000000,0.000000,0.000,0.000,AP
2026-04-01 14:51:10,1900-01-00 00:00:00,0999-wombat,B8:27:EB:6F:ED:ED,-64, WPA ,0.000000,0.000000,0.000,0.000,AP
2026-04-01 14:51:10,1900-01-00 00:00:00,0999-wombat,B8:27:EB:6F:ED:ED,-64, WPA ,0.000000,0.000000,0.000,0.000,AP
2026-04-01 14:51:10,1900-01-00 00:00:00,0999-wombat,B8:27:EB:6F:ED:ED,-64, WPA ,0.000000,0.000000,0.000,0.000,AP
2026-04-01 14:51:10,1900-01-00 00:00:00,0999-wombat,B8:27:EB:6F:ED:ED,-64, WPA ,0.000000,0.000000,0.000,0.000,AP
2026-04-01 14:51:10,1900-01-00 00:00:00,0999-wombat,B8:27:EB:6F:ED:ED,-64, WPA ,0.000000,0.000000,0.000,0.000,AP
2026-04-01 14:51:10,1900-01-00 00:00:00,0999-wombat,B8:27:EB:6F:ED:ED,-64, WPA ,0.000000,0.000000,0.000,0.000,AP
2026-04-01 14:51:10,1900-01-00 00:00:00,0999-wombat,B8:27:EB:6F:ED:ED,-64, WPA ,0.000000,0.000000,0.000,0.000,AP
2026-04-01 14:51:10,1900-01-00 00:00:00,0999-wombat,B8:27:EB:6F:ED:ED,-64, WPA ,0.000000,0.000000,0.000,0.000,AP
2026-04-01 14:51:10,1900-01-00 00:00:00,0999-wombat,B8:27:EB:6F:ED:ED,-64, WPA ,0.000000,0.000000,0.000,0.000,AP
2026-04-01 14:51:10,1900-01-00 00:00:00,0999-wombat,B8:27:EB:6F:ED:ED,-64, WPA ,0.000000,0.000000,0.000,0.000,AP
2026-04-01 14:51:10,1900-01-00 00:00:00,0999-wombat,B8:27:EB:6F:ED:ED,-64, WPA ,0.000000,0.000000,0.000,0.000,AP
2026-04-01 14:51:10,1900-01-00 00:00:00,0999-wombat,B8:27:EB:6F:ED:ED,-64, WPA ,0.000000,0.000000,0.000,0.000,AP
2026-04-01 14:51:10,1900-01-00 00:00:00,0999-wombat,B8:27:EB:6F:ED:ED,-64, WPA ,0.000000,0.000000,0.000,0.000,AP
2026-04-01 14:51:10,1900-01-00 00:00:00,0999-wombat,B8:27:EB:6F:ED:ED,-64, WPA ,0.000000,0.000000,0.000,0.000,AP
2026-04-01 14:51:10,1900-01-00 00:00:00,0999-wombat,B8:27:EB:6F:ED:ED,-64, WPA ,0.000000,0.000000,0.000,0.000,AP
2026-04-01 14:51:10,1900-01-00 00:00:00,0999-wombat,B8:27:EB:6F:ED:ED,-64, WPA ,0.000000,0.000000,0.000,0.000,AP
2026-04-01 14:51:10,1900-01-00 00:00:00,0999-wombat,B8:27:EB:6F:ED:ED,-63, WPA ,0.000000,0.000000,0.000,0.000,AP
2026-04-01 14:51:10,1900-01-00 00:00:00,0999-wombat,B8:27:EB:6F:ED:ED,-63, WPA ,0.000000,0.000000,0.000,0.000,AP
2026-04-01 14:51:10,1900-01-00 00:00:00,0999-wombat,B8:27:EB:6F:ED:ED,-63, WPA ,0.000000,0.000000,0.000,0.000,AP
2026-04-01 14:51:10,1900-01-00 00:00:00,0999-wombat,B8:27:EB:6F:ED:ED,-63, WPA ,0.000000,0.000000,0.000,0.000,AP
2026-04-01 14:51:10,1900-01-00 00:00:00,0999-wombat,B8:27:EB:6F:ED:ED,-63, WPA ,0.000000,0.000000,0.000,0.000,AP
2026-04-01 14:51:10,1900-01-00 00:00:00,0999-wombat,B8:27:EB:6F:ED:ED,-63, WPA ,0.000000,0.000000,0.000,0.000,AP
2026-04-01 14:51:10,1900-01-00 00:00:00,0999-wombat,B8:27:EB:6F:ED:ED,-63, WPA ,0.000000,0.000000,0.000,0.000,AP
2026-04-01 14:51:10,1900-01-00 00:00:00,0999-wombat,B8:27:EB:6F:ED:ED,-63, WPA ,0.000000,0.000000,0.000,0.000,AP
2026-04-01 14:51:10,1900-01-00 00:00:00,0999-wombat,B8:27:EB:6F:ED:ED,-79, WPA ,0.000000,0.000000,0.000,0.000,AP
2026-04-01 14:51:10,1900-01-00 00:00:00,0999-wombat,B8:27:EB:6F:ED:ED,-79, WPA ,0.000000,0.000000,0.000,0.000,AP
2026-04-01 14:51:10,1900-01-00 00:00:00,0999-wombat,B8:27:EB:6F:ED:ED,-79, WPA ,0.000000,0.000000,0.000,0.000,AP
2026-04-01 14:51:10,1900-01-00 00:00:00,0999-wombat,B8:27:EB:6F:ED:ED,-79, WPA ,0.000000,0.000000,0.000,0.000,AP
2026-04-01 14:51:10,1900-01-00 00:00:00,0999-wombat,B8:27:EB:6F:ED:ED,-79, WPA ,0.000000,0.000000,0.000,0.000,AP
2026-04-01 14:51:10,1900-01-00 00:00:00,0999-wombat,B8:27:EB:6F:ED:ED,-79, WPA ,0.000000,0.000000,0.000,0.000,AP
2026-04-01 14:51:10,1900-01-00 00:00:00,0999-wombat,B8:27:EB:6F:ED:ED,-79, WPA ,0.000000,0.000000,0.000,0.000,AP
2026-04-01 14:51:10,1900-01-00 00:00:00,0999-wombat,B8:27:EB:6F:ED:ED,-79, WPA ,0.000000,0.000000,0.000,0.000,AP
2026-04-01 14:51:10,1900-01-00 00:00:00,0999-wombat,B8:27:EB:6F:ED:ED,-79, WPA ,0.000000,0.000000,0.000,0.000,AP
2026-04-01 14:51:10,1900-01-00 00:00:00,0999-wombat,B8:27:EB:6F:ED:ED,-79, WPA ,0.000000,0.000000,0.000,0.000,AP
2026-04-01 14:51:10,1900-01-00 00:00:00,0999-wombat,B8:27:EB:6F:ED:ED,-79, WPA ,0.000000,0.000000,0.000,0.000,AP
2026-04-01 14:51:10,1900-01-00 00:00:00,0999-wombat,B8:27:EB:6F:ED:ED,-79, WPA ,0.000000,0.000000,0.000,0.000,AP
2026-04-01 14:51:10,1900-01-00 00:00:00,0999-wombat,B8:27:EB:6F:ED:ED,-79, WPA ,0.000000,0.000000,0.000,0.000,AP
2026-04-01 14:51:10,1900-01-00 00:00:00,0999-wombat,B8:27:EB:6F:ED:ED,-79, WPA ,0.000000,0.000000,0.000,0.000,AP
2026-04-01 14:51:10,1900-01-00 00:00:00,0999-wombat,B8:27:EB:6F:ED:ED,-79, WPA ,0.000000,0.000000,0.000,0.000,AP
2026-04-01 14:51:10,1900-01-00 00:00:00,0999-wombat,B8:27:EB:6F:ED:ED,-79, WPA ,0.000000,0.000000,0.000,0.000,AP
2026-04-01 14:51:10,1900-01-00 00:00:00,0999-wombat,B8:27:EB:6F:ED:ED,-79, WPA ,0.000000,0.000000,0.000,0.000,AP
2026-04-01 14:51:10,1900-01-00 00:00:00,0999-wombat,B8:27:EB:6F:ED:ED,-79, WPA ,0.000000,0.000000,0.000,0.000,AP
2026-04-01 14:51:10,1900-01-00 00:00:00,0999-wombat,B8:27:EB:6F:ED:ED,-79, WPA ,0.000000,0.000000,0.000,0.000,AP
2026-04-01 14:51:10,1900-01-00 00:00:00,0999-wombat,B8:27:EB:6F:ED:ED,-79, WPA ,0.000000,0.000000,0.000,0.000,AP
2026-04-01 14:51:10,1900-01-00 00:00:00,0999-wombat,B8:27:EB:6F:ED:ED,-79, WPA ,0.000000,0.000000,0.000,0.000,AP
2026-04-01 14:51:10,1900-01-00 00:00:00,0999-wombat,B8:27:EB:6F:ED:ED,-79, WPA ,0.000000,0.000000,0.000,0.000,AP
2026-04-01 14:51:10,1900-01-00 00:00:00,0999-wombat,B8:27:EB:6F:ED:ED,-79, WPA ,0.000000,0.000000,0.000,0.000,AP
2026-04-01 14:51:10,1900-01-00 00:00:00,0999-wombat,B8:27:EB:6F:ED:ED,-79, WPA ,0.000000,0.000000,0.000,0.000,AP
2026-04-01 14:51:10,1900-01-00 00:00:00,0999-wombat,B8:27:EB:6F:ED:ED,-79, WPA ,0.000000,0.000000,0.000,0.000,AP
2026-04-01 14:51:10,1900-01-00 00:00:00,0999-wombat,B8:27:EB:6F:ED:ED,-79, WPA ,0.000000,0.000000,0.000,0.000,AP
2026-04-01 14:51:10,1900-01-00 00:00:00,0999-wombat,B8:27:EB:6F:ED:ED,-65, WPA ,0.000000,0.000000,0.000,0.000,AP
2026-04-01 14:51:10,1900-01-00 00:00:00,0999-wombat,B8:27:EB:6F:ED:ED,-65, WPA ,0.000000,0.000000,0.000,0.000,AP
2026-04-01 14:51:10,1900-01-00 00:00:00,0999-wombat,B8:27:EB:6F:ED:ED,-65, WPA ,0.000000,0.000000,0.000,0.000,AP
2026-04-01 14:51:10,1900-01-00 00:00:00,0999-wombat,B8:27:EB:6F:ED:ED,-65, WPA ,0.000000,0.000000,0.000,0.000,AP
2026-04-01 14:51:10,1900-01-00 00:00:00,0999-wombat,B8:27:EB:6F:ED:ED,-65, WPA ,0.000000,0.000000,0.000,0.000,AP
2026-04-01 14:51:10,1900-01-00 00:00:00,0999-wombat,B8:27:EB:6F:ED:ED,-65, WPA ,0.000000,0.000000,0.000,0.000,AP
2026-04-01 14:51:10,1900-01-00 00:00:00,0999-wombat,B8:27:EB:6F:ED:ED,-65, WPA ,0.000000,0.000000,0.000,0.000,AP
2026-04-01 14:51:10,1900-01-00 00:00:00,0999-wombat,B8:27:EB:6F:ED:ED,-65, WPA ,0.000000,0.000000,0.000,0.000,AP
2026-04-01 14:51:10,1900-01-00 00:00:00,0999-wombat,B8:27:EB:6F:ED:ED,-65, WPA ,0.000000,0.000000,0.000,0.000,AP
2026-04-01 14:51:10,1900-01-00 00:00:00,0999-wombat,B8:27:EB:6F:ED:ED,-65, WPA ,0.000000,0.000000,0.000,0.000,AP
2026-04-01 14:51:10,1900-01-00 00:00:00,0999-wombat,B8:27:EB:6F:ED:ED,-65, WPA ,0.000000,0.000000,0.000,0.000,AP
2026-04-01 14:51:10,1900-01-00 00:00:00,0999-wombat,B8:27:EB:6F:ED:ED,-65, WPA ,0.000000,0.000000,0.000,0.000,AP
2026-04-01 14:51:10,1900-01-00 00:00:00,0999-wombat,B8:27:EB:6F:ED:ED,-65, WPA ,0.000000,0.000000,0.000,0.000,AP
2026-04-01 14:51:10,1900-01-00 00:00:00,0999-wombat,B8:27:EB:6F:ED:ED,-65, WPA ,0.000000,0.000000,0.000,0.000,AP
2026-04-01 14:51:10,1900-01-00 00:00:00,0999-wombat,B8:27:EB:6F:ED:ED,-65, WPA ,0.000000,0.000000,0.000,0.000,AP
2026-04-01 14:51:10,1900-01-00 00:00:00,0999-wombat,B8:27:EB:6F:ED:ED,-65, WPA ,0.000000,0.000000,0.000,0.000,AP
2026-04-01 14:51:10,1900-01-00 00:00:00,0999-wombat,B8:27:EB:6F:ED:ED,-65, WPA ,0.000000,0.000000,0.000,0.000,AP
2026-04-01 14:51:10,1900-01-00 00:00:00,0999-wombat,B8:27:EB:6F:ED:ED,-65, WPA ,0.000000,0.000000,0.000,0.000,AP
2026-04-01 14:51:10,1900-01-00 00:00:00,0999-wombat,B8:27:EB:6F:ED:ED,-65, WPA ,0.000000,0.000000,0.000,0.000,AP
2026-04-01 14:51:10,1900-01-00 00:00:00,0999-wombat,B8:27:EB:6F:ED:ED,-65, WPA ,0.000000,0.000000,0.000,0.000,AP
2026-04-01 14:51:10,1900-01-00 00:00:00,0999-wombat,B8:27:EB:6F:ED:ED,-65, WPA ,0.000000,0.000000,0.000,0.000,AP
2026-04-01 14:51:10,1900-01-00 00:00:00,0999-wombat,B8:27:EB:6F:ED:ED,-65, WPA ,0.000000,0.000000,0.000,0.000,AP
2026-04-01 14:51:10,1900-01-00 00:00:00,0999-wombat,B8:27:EB:6F:ED:ED,-65, WPA ,0.000000,0.000000,0.000,0.000,AP
2026-04-01 14:51:10,1900-01-00 00:00:00,0999-wombat,B8:27:EB:6F:ED:ED,-65, WPA ,0.000000,0.000000,0.000,0.000,AP
2026-04-01 14:51:10,1900-01-00 00:00:00,0999-wombat,B8:27:EB:6F:ED:ED,-65, WPA ,0.000000,0.000000,0.000,0.000,AP
2026-04-01 14:51:10,1900-01-00 00:00:00,0999-wombat,B8:27:EB:6F:ED:ED,-65, WPA ,0.000000,0.000000,0.000,0.000,AP
2026-04-01 14:51:10,1900-01-00 00:00:00,0999-wombat,B8:27:EB:6F:ED:ED,-65, WPA ,0.000000,0.000000,0.000,0.000,AP
2026-04-01 14:51:10,1900-01-00 00:00:00,0999-wombat,B8:27:EB:6F:ED:ED,-65, WPA ,0.000000,0.000000,0.000,0.000,AP
2026-04-01 14:51:10,1900-01-00 00:00:00,0999-wombat,B8:27:EB:6F:ED:ED,-65, WPA ,0.000000,0.000000,0.000,0.000,AP
2026-04-01 14:51:10,1900-01-00 00:00:00,0999-wombat,B8:27:EB:6F:ED:ED,-65, WPA ,0.000000,0.000000,0.000,0.000,AP
2026-04-01 14:51:10,1900-01-00 00:00:00,0999-wombat,B8:27:EB:6F:ED:ED,-65, WPA ,0.000000,0.000000,0.000,0.000,AP
2026-04-01 14:51:10,1900-01-00 00:00:00,0999-wombat,B8:27:EB:6F:ED:ED,-65, WPA ,0.000000,0.000000,0.000,0.000,AP
2026-04-01 14:51:10,1900-01-00 00:00:00,0999-wombat,B8:27:EB:6F:ED:ED,-65, WPA ,0.000000,0.000000,0.000,0.000,AP
2026-04-01 14:51:10,1900-01-00 00:00:00,0999-wombat,B8:27:EB:6F:ED:ED,-65, WPA ,0.000000,0.000000,0.000,0.000,AP
2026-04-01 14:51:10,1900-01-00 00:00:00,0999-wombat,B8:27:EB:6F:ED:ED,-65, WPA ,0.000000,0.000000,0.000,0.000,AP
2026-04-01 14:51:10,1900-01-00 00:00:00,0999-wombat,B8:27:EB:6F:ED:ED,-65, WPA ,0.000000,0.000000,0.000,0.000,AP
2026-04-01 14:51:10,1900-01-00 00:00:00,0999-wombat,B8:27:EB:6F:ED:ED,-65, WPA ,0.000000,0.000000,0.000,0.000,AP
2026-04-01 14:51:10,1900-01-00 00:00:00,0999-wombat,B8:27:EB:6F:ED:ED,-65, WPA ,0.000000,0.000000,0.000,0.000,AP
2026-04-01 14:51:10,1900-01-00 00:00:00,0999-wombat,B8:27:EB:6F:ED:ED,-65, WPA ,0.000000,0.000000,0.000,0.000,AP
2026-04-01 14:51:10,1900-01-00 00:00:00,0999-wombat,B8:27:EB:6F:ED:ED,-65, WPA ,0.000000,0.000000,0.000,0.000,AP
2026-04-01 14:51:10,1900-01-00 00:00:00,0999-wombat,B8:27:EB:6F:ED:ED,-65, WPA ,0.000000,0.000000,0.000,0.000,AP
2026-04-01 14:51:10,1900-01-00 00:00:00,0999-wombat,B8:27:EB:6F:ED:ED,-65, WPA ,0.000000,0.000000,0.000,0.000,AP
2026-04-01 14:51:10,1900-01-00 00:00:00,0999-wombat,B8:27:EB:6F:ED:ED,-65, WPA ,0.000000,0.000000,0.000,0.000,AP
2026-04-01 14:51:10,1900-01-00 00:00:00,0999-wombat,B8:27:EB:6F:ED:ED,-65, WPA ,0.000000,0.000000,0.000,0.000,AP
2026-04-01 14:51:10,1900-01-00 00:00:00,0999-wombat,B8:27:EB:6F:ED:ED,-65, WPA ,0.000000,0.000000,0.000,0.000,AP
2026-04-01 14:51:10,1900-01-00 00:00:00,0999-wombat,B8:27:EB:6F:ED:ED,-65, WPA ,0.000000,0.000000,0.000,0.000,AP
2026-04-01 14:51:10,1900-01-00 00:00:00,0999-wombat,B8:27:EB:6F:ED:ED,-65, WPA ,0.000000,0.000000,0.000,0.000,AP
2026-04-01 14:51:10,1900-01-00 00:00:00,0999-wombat,B8:27:EB:6F:ED:ED,-65, WPA ,0.000000,0.000000,0.000,0.000,AP
2026-04-01 14:51:10,1900-01-00 00:00:00,0999-wombat,B8:27:EB:6F:ED:ED,-65, WPA ,0.000000,0.000000,0.000,0.000,AP
2026-04-01 14:51:10,1900-01-00 00:00:00,0999-wombat,B8:27:EB:6F:ED:ED,-65, WPA ,0.000000,0.000000,0.000,0.000,AP
2026-04-01 14:51:10,1900-01-00 00:00:00,0999-wombat,B8:27:EB:6F:ED:ED,-65, WPA ,0.000000,0.000000,0.000,0.000,AP
2026-04-01 14:51:10,1900-01-00 00:00:00,0999-wombat,B8:27:EB:6F:ED:ED,-65, WPA ,0.000000,0.000000,0.000,0.000,AP
2026-04-01 14:51:10,1900-01-00 00:00:00,0999-wombat,B8:27:EB:6F:ED:ED,-65, WPA ,0.000000,0.000000,0.000,0.000,AP
2026-04-01 14:51:10,1900-01-00 00:00:00,0999-wombat,B8:27:EB:6F:ED:ED,-65, WPA ,0.000000,0.000000,0.000,0.000,AP
2026-04-01 14:51:10,1900-01-00 00:00:00,0999-wombat,B8:27:EB:6F:ED:ED,-65, WPA ,0.000000,0.000000,0.000,0.000,AP
2026-04-01 14:51:10,1900-01-00 00:00:00,0999-wombat,B8:27:EB:6F:ED:ED,-65, WPA ,0.000000,0.000000,0.000,0.000,AP
2026-04-01 14:51:10,1900-01-00 00:00:00,0999-wombat,B8:27:EB:6F:ED:ED,-65, WPA ,0.000000,0.000000,0.000,0.000,AP
2026-04-01 14:51:10,1900-01-00 00:00:00,0999-wombat,B8:27:EB:6F:ED:ED,-65, WPA ,0.000000,0.000000,0.000,0.000,AP
2026-04-01 14:51:10,1900-01-00 00:00:00,0999-wombat,B8:27:EB:6F:ED:ED,-65, WPA ,0.000000,0.000000,0.000,0.000,AP
2026-04-01 14:51:10,1900-01-00 00:00:00,0999-wombat,B8:27:EB:6F:ED:ED,-65, WPA ,0.000000,0.000000,0.000,0.000,AP
2026-04-01 14:51:10,1900-01-00 00:00:00,0999-wombat,B8:27:EB:6F:ED:ED,-65, WPA ,0.000000,0.000000,0.000,0.000,AP
2026-04-01 14:51:10,1900-01-00 00:00:00,0999-wombat,B8:27:EB:6F:ED:ED,-65, WPA ,0.000000,0.000000,0.000,0.000,AP
2026-04-01 14:51:10,1900-01-00 00:00:00,0999-wombat,B8:27:EB:6F:ED:ED,-65, WPA ,0.000000,0.000000,0.000,0.000,AP
2026-04-01 14:51:10,1900-01-00 00:00:00,0999-wombat,B8:27:EB:6F:ED:ED,-64, WPA ,0.000000,0.000000,0.000,0.000,AP
2026-04-01 14:51:10,1900-01-00 00:00:00,0999-wombat,B8:27:EB:6F:ED:ED,-64, WPA ,0.000000,0.000000,0.000,0.000,AP
2026-04-01 14:51:10,1900-01-00 00:00:00,0999-wombat,B8:27:EB:6F:ED:ED,-64, WPA ,0.000000,0.000000,0.000,0.000,AP
2026-04-01 14:51:10,1900-01-00 00:00:00,0999-wombat,B8:27:EB:6F:ED:ED,-64, WPA ,0.000000,0.000000,0.000,0.000,AP
2026-04-01 14:51:10,1900-01-00 00:00:00,0999-wombat,B8:27:EB:6F:ED:ED,-64, WPA ,0.000000,0.000000,0.000,0.000,AP
2026-04-01 14:51:10,1900-01-00 00:00:00,0999-wombat,B8:27:EB:6F:ED:ED,-64, WPA ,0.000000,0.000000,0.000,0.000,AP
2026-04-01 14:51:10,1900-01-00 00:00:00,0999-wombat,B8:27:EB:6F:ED:ED,-64, WPA ,0.000000,0.000000,0.000,0.000,AP
2026-04-01 14:51:10,1900-01-00 00:00:00,0999-wombat,B8:27:EB:6F:ED:ED,-64, WPA ,0.000000,0.000000,0.000,0.000,AP
2026-04-01 14:51:10,1900-01-00 00:00:00,0999-wombat,B8:27:EB:6F:ED:ED,-64, WPA ,0.000000,0.000000,0.000,0.000,AP
2026-04-01 14:51:10,1900-01-00 00:00:00,0999-wombat,B8:27:EB:6F:ED:ED,-64, WPA ,0.000000,0.000000,0.000,0.000,AP
2026-04-01 14:51:10,1900-01-00 00:00:00,0999-wombat,B8:27:EB:6F:ED:ED,-64, WPA ,0.000000,0.000000,0.000,0.000,AP
2026-04-01 14:51:10,1900-01-00 00:00:00,0999-wombat,B8:27:EB:6F:ED:ED,-64, WPA ,0.000000,0.000000,0.000,0.000,AP
2026-04-01 14:51:10,1900-01-00 00:00:00,0999-wombat,B8:27:EB:6F:ED:ED,-64, WPA ,0.000000,0.000000,0.000,0.000,AP
2026-04-01 14:51:10,1900-01-00 00:00:00,0999-wombat,B8:27:EB:6F:ED:ED,-64, WPA ,0.000000,0.000000,0.000,0.000,AP
2026-04-01 14:51:10,1900-01-00 00:00:00,0999-wombat,B8:27:EB:6F:ED:ED,-64, WPA ,0.000000,0.000000,0.000,0.000,AP
2026-04-01 14:51:10,1900-01-00 00:00:00,0999-wombat,B8:27:EB:6F:ED:ED,-64, WPA ,0.000000,0.000000,0.000,0.000,AP
2026-04-01 14:51:10,1900-01-00 00:00:00,0999-wombat,B8:27:EB:6F:ED:ED,-64, WPA ,0.000000,0.000000,0.000,0.000,AP
2026-04-01 14:51:10,1900-01-00 00:00:00,0999-wombat,B8:27:EB:6F:ED:ED,-64, WPA ,0.000000,0.000000,0.000,0.000,AP
2026-04-01 14:51:10,1900-01-00 00:00:00,0999-wombat,B8:27:EB:6F:ED:ED,-64, WPA ,0.000000,0.000000,0.000,0.000,AP
2026-04-01 14:51:10,1900-01-00 00:00:00,0999-wombat,B8:27:EB:6F:ED:ED,-64, WPA ,0.000000,0.000000,0.000,0.000,AP
2026-04-01 14:51:10,1900-01-00 00:00:00,0999-wombat,B8:27:EB:6F:ED:ED,-64, WPA ,0.000000,0.000000,0.000,0.000,AP
2026-04-01 14:51:10,1900-01-00 00:00:00,0999-wombat,B8:27:EB:6F:ED:ED,-64, WPA ,0.000000,0.000000,0.000,0.000,AP
2026-04-01 14:51:10,1900-01-00 00:00:00,0999-wombat,B8:27:EB:6F:ED:ED,-64, WPA ,0.000000,0.000000,0.000,0.000,AP
2026-04-01 14:51:10,1900-01-00 00:00:00,0999-wombat,B8:27:EB:6F:ED:ED,-64, WPA ,0.000000,0.000000,0.000,0.000,AP
2026-04-01 14:51:10,1900-01-00 00:00:00,0999-wombat,B8:27:EB:6F:ED:ED,-64, WPA ,0.000000,0.000000,0.000,0.000,AP
2026-04-01 14:51:10,1900-01-00 00:00:00,0999-wombat,B8:27:EB:6F:ED:ED,-64, WPA ,0.000000,0.000000,0.000,0.000,AP
2026-04-01 14:51:10,1900-01-00 00:00:00,0999-wombat,B8:27:EB:6F:ED:ED,-64, WPA ,0.000000,0.000000,0.000,0.000,AP
2026-04-01 14:51:10,1900-01-00 00:00:00,0999-wombat,B8:27:EB:6F:ED:ED,-64, WPA ,0.000000,0.000000,0.000,0.000,AP
2026-04-01 14:51:10,1900-01-00 00:00:00,0999-wombat,B8:27:EB:6F:ED:ED,-64, WPA ,0.000000,0.000000,0.000,0.000,AP
2026-04-01 14:51:10,1900-01-00 00:00:00,0999-wombat,B8:27:EB:6F:ED:ED,-64, WPA ,0.000000,0.000000,0.000,0.000,AP
2026-04-01 14:51:10,1900-01-00 00:00:00,0999-wombat,B8:27:EB:6F:ED:ED,-64, WPA ,0.000000,0.000000,0.000,0.000,AP
2026-04-01 14:51:10,1900-01-00 00:00:00,0999-wombat,B8:27:EB:6F:ED:ED,-64, WPA ,0.000000,0.000000,0.000,0.000,AP
2026-04-01 14:51:10,1900-01-00 00:00:00,0999-wombat,B8:27:EB:6F:ED:ED,-64, WPA ,0.000000,0.000000,0.000,0.000,AP
2026-04-01 14:51:10,1900-01-00 00:00:00,0999-wombat,B8:27:EB:6F:ED:ED,-64, WPA ,0.000000,0.000000,0.000,0.000,AP
2026-04-01 14:51:10,1900-01-00 00:00:00,0999-wombat,B8:27:EB:6F:ED:ED,-64, WPA ,0.000000,0.000000,0.000,0.000,AP
2026-04-01 14:51:10,1900-01-00 00:00:00,0999-wombat,B8:27:EB:6F:ED:ED,-64, WPA ,0.000000,0.000000,0.000,0.000,AP
2026-04-01 14:51:10,1900-01-00 00:00:00,0999-wombat,B8:27:EB:6F:ED:ED,-64, WPA ,0.000000,0.000000,0.000,0.000,AP
2026-04-01 14:51:10,1900-01-00 00:00:00,0999-wombat,B8:27:EB:6F:ED:ED,-64, WPA ,0.000000,0.000000,0.000,0.000,AP
2026-04-01 14:51:10,1900-01-00 00:00:00,0999-wombat,B8:27:EB:6F:ED:ED,-64, WPA ,0.000000,0.000000,0.000,0.000,AP
2026-04-01 14:51:10,1900-01-00 00:00:00,0999-wombat,B8:27:EB:6F:ED:ED,-64, WPA ,0.000000,0.000000,0.000,0.000,AP
2026-04-01 14:51:10,1900-01-00 00:00:00,0999-wombat,B8:27:EB:6F:ED:ED,-64, WPA ,0.000000,0.000000,0.000,0.000,AP
2026-04-01 14:51:10,1900-01-00 00:00:00,0999-wombat,B8:27:EB:6F:ED:ED,-64, WPA ,0.000000,0.000000,0.000,0.000,AP
2026-04-01 14:51:10,1900-01-00 00:00:00,0999-wombat,B8:27:EB:6F:ED:ED,-64, WPA ,0.000000,0.000000,0.000,0.000,AP
2026-04-01 14:51:10,1900-01-00 00:00:00,0999-wombat,B8:27:EB:6F:ED:ED,-64, WPA ,0.000000,0.000000,0.000,0.000,AP
2026-04-01 14:51:10,1900-01-00 00:00:00,0999-wombat,B8:27:EB:6F:ED:ED,-64, WPA ,0.000000,0.000000,0.000,0.000,AP
2026-04-01 14:51:10,1900-01-00 00:00:00,0999-wombat,B8:27:EB:6F:ED:ED,-64, WPA ,0.000000,0.000000,0.000,0.000,AP
2026-04-01 14:51:10,1900-01-00 00:00:00,0999-wombat,B8:27:EB:6F:ED:ED,-64, WPA ,0.000000,0.000000,0.000,0.000,AP
2026-04-01 14:51:10,1900-01-00 00:00:00,0999-wombat,B8:27:EB:6F:ED:ED,-64, WPA ,0.000000,0.000000,0.000,0.000,AP
2026-04-01 14:51:10,1900-01-00 00:00:00,0999-wombat,B8:27:EB:6F:ED:ED,-64, WPA ,0.000000,0.000000,0.000,0.000,AP
2026-04-01 14:51:10,1900-01-00 00:00:00,0999-wombat,B8:27:EB:6F:ED:ED,-64, WPA ,0.000000,0.000000,0.000,0.000,AP
2026-04-01 14:51:10,1900-01-00 00:00:00,0999-wombat,B8:27:EB:6F:ED:ED,-64, WPA ,0.000000,0.000000,0.000,0.000,AP
2026-04-01 14:51:10,1900-01-00 00:00:00,0999-wombat,B8:27:EB:6F:ED:ED,-64, WPA ,0.000000,0.000000,0.000,0.000,AP
2026-04-01 14:51:10,1900-01-00 00:00:00,0999-wombat,B8:27:EB:6F:ED:ED,-64, WPA ,0.000000,0.000000,0.000,0.000,AP
2026-04-01 14:51:10,1900-01-00 00:00:00,0999-wombat,B8:27:EB:6F:ED:ED,-64, WPA ,0.000000,0.000000,0.000,0.000,AP
2026-04-01 14:51:10,1900-01-00 00:00:00,0999-wombat,B8:27:EB:6F:ED:ED,-64, WPA ,0.000000,0.000000,0.000,0.000,AP
2026-04-01 14:51:10,1900-01-00 00:00:00,0999-wombat,B8:27:EB:6F:ED:ED,-64, WPA ,0.000000,0.000000,0.000,0.000,AP
2026-04-01 14:51:10,1900-01-00 00:00:00,0999-wombat,B8:27:EB:6F:ED:ED,-64, WPA ,0.000000,0.000000,0.000,0.000,AP
2026-04-01 14:51:10,1900-01-00 00:00:00,0999-wombat,B8:27:EB:6F:ED:ED,-64, WPA ,0.000000,0.000000,0.000,0.000,AP
2026-04-01 14:51:10,1900-01-00 00:00:00,0999-wombat,B8:27:EB:6F:ED:ED,-64, WPA ,0.000000,0.000000,0.000,0.000,AP
2026-04-01 14:51:10,1900-01-00 00:00:00,0999-wombat,B8:27:EB:6F:ED:ED,-64, WPA ,0.000000,0.000000,0.000,0.000,AP
2026-04-01 14:51:10,1900-01-00 00:00:00,0999-wombat,B8:27:EB:6F:ED:ED,-64, WPA ,0.000000,0.000000,0.000,0.000,AP
2026-04-01 14:51:10,1900-01-00 00:00:00,0999-wombat,B8:27:EB:6F:ED:ED,-64, WPA ,0.000000,0.000000,0.000,0.000,AP
2026-04-01 14:51:10,1900-01-00 00:00:00,0999-wombat,B8:27:EB:6F:ED:ED,-64, WPA ,0.000000,0.000000,0.000,0.000,AP
2026-04-01 14:51:10,1900-01-00 00:00:00,0999-wombat,B8:27:EB:6F:ED:ED,-64, WPA ,0.000000,0.000000,0.000,0.000,AP
2026-04-01 14:51:10,1900-01-00 00:00:00,0999-wombat,B8:27:EB:6F:ED:ED,-64, WPA ,0.000000,0.000000,0.000,0.000,AP
2026-04-01 14:51:10,1900-01-00 00:00:00,0999-wombat,B8:27:EB:6F:ED:ED,-64, WPA ,0.000000,0.000000,0.000,0.000,AP
2026-04-01 14:51:10,1900-01-00 00:00:00,0999-wombat,B8:27:EB:6F:ED:ED,-64, WPA ,0.000000,0.000000,0.000,0.000,AP
2026-04-01 14:51:10,1900-01-00 00:00:00,0999-wombat,B8:27:EB:6F:ED:ED,-64, WPA ,0.000000,0.000000,0.000,0.000,AP
2026-04-01 14:51:10,1900-01-00 00:00:00,0999-wombat,B8:27:EB:6F:ED:ED,-64, WPA ,0.000000,0.000000,0.000,0.000,AP
2026-04-01 14:51:10,1900-01-00 00:00:00,0999-wombat,B8:27:EB:6F:ED:ED,-64, WPA ,0.000000,0.000000,0.000,0.000,AP
2026-04-01 14:51:10,1900-01-00 00:00:00,0999-wombat,B8:27:EB:6F:ED:ED,-64, WPA ,0.000000,0.000000,0.000,0.000,AP
2026-04-01 14:51:10,1900-01-00 00:00:00,0999-wombat,B8:27:EB:6F:ED:ED,-64, WPA ,0.000000,0.000000,0.000,0.000,AP
2026-04-01 14:51:10,1900-01-00 00:00:00,0999-wombat,B8:27:EB:6F:ED:ED,-64, WPA ,0.000000,0.000000,0.000,0.000,AP
2026-04-01 14:51:10,1900-01-00 00:00:00,0999-wombat,B8:27:EB:6F:ED:ED,-64, WPA ,0.000000,0.000000,0.000,0.000,AP
2026-04-01 14:51:10,1900-01-00 00:00:00,0999-wombat,B8:27:EB:6F:ED:ED,-64, WPA ,0.000000,0.000000,0.000,0.000,AP
2026-04-01 14:51:10,1900-01-00 00:00:00,0999-wombat,B8:27:EB:6F:ED:ED,-64, WPA ,0.000000,0.000000,0.000,0.000,AP
2026-04-01 14:51:10,1900-01-00 00:00:00,0999-wombat,B8:27:EB:6F:ED:ED,-64, WPA ,0.000000,0.000000,0.000,0.000,AP
2026-04-01 14:51:10,1900-01-00 00:00:00,0999-wombat,B8:27:EB:6F:ED:ED,-64, WPA ,0.000000,0.000000,0.000,0.000,AP
2026-04-01 14:51:10,1900-01-00 00:00:00,0999-wombat,B8:27:EB:6F:ED:ED,-64, WPA ,0.000000,0.000000,0.000,0.000,AP
2026-04-01 14:51:10,1900-01-00 00:00:00,0999-wombat,B8:27:EB:6F:ED:ED,-64, WPA ,0.000000,0.000000,0.000,0.000,AP
2026-04-01 14:51:10,1900-01-00 00:00:00,0999-wombat,B8:27:EB:6F:ED:ED,-64, WPA ,0.000000,0.000000,0.000,0.000,AP
2026-04-01 14:51:10,1900-01-00 00:00:00,0999-wombat,B8:27:EB:6F:ED:ED,-64, WPA ,0.000000,0.000000,0.000,0.000,AP
2026-04-01 14:51:10,1900-01-00 00:00:00,0999-wombat,B8:27:EB:6F:ED:ED,-64, WPA ,0.000000,0.000000,0.000,0.000,AP
2026-04-01 14:51:10,1900-01-00 00:00:00,0999-wombat,B8:27:EB:6F:ED:ED,-64, WPA ,0.000000,0.000000,0.000,0.000,AP
2026-04-01 14:51:10,1900-01-00 00:00:00,0999-wombat,B8:27:EB:6F:ED:ED,-64, WPA ,0.000000,0.000000,0.000,0.000,AP
2026-04-01 14:51:10,1900-01-00 00:00:00,0999-wombat,B8:27:EB:6F:ED:ED,-64, WPA ,0.000000,0.000000,0.000,0.000,AP
2026-04-01 14:51:10,1900-01-00 00:00:00,0999-wombat,B8:27:EB:6F:ED:ED,-64, WPA ,0.000000,0.000000,0.000,0.000,AP
2026-04-01 14:51:10,1900-01-00 00:00:00,0999-wombat,B8:27:EB:6F:ED:ED,-64, WPA ,0.000000,0.000000,0.000,0.000,AP
2026-04-01 14:51:10,1900-01-00 00:00:00,0999-wombat,B8:27:EB:6F:ED:ED,-64, WPA ,0.000000,0.000000,0.000,0.000,AP
2026-04-01 14:51:10,1900-01-00 00:00:00,0999-wombat,B8:27:EB:6F:ED:ED,-64, WPA ,0.000000,0.000000,0.000,0.000,AP
2026-04-01 14:51:10,1900-01-00 00:00:00,0999-wombat,B8:27:EB:6F:ED:ED,-64, WPA ,0.000000,0.000000,0.000,0.000,AP
2026-04-01 14:51:10,1900-01-00 00:00:00,0999-wombat,B8:27:EB:6F:ED:ED,-64, WPA ,0.000000,0.000000,0.000,0.000,AP
2026-04-01 14:51:10,1900-01-00 00:00:00,0999-wombat,B8:27:EB:6F:ED:ED,-64, WPA ,0.000000,0.000000,0.000,0.000,AP
2026-04-01 14:51:10,1900-01-00 00:00:00,0999-wombat,B8:27:EB:6F:ED:ED,-64, WPA ,0.000000,0.000000,0.000,0.000,AP
2026-04-01 14:51:10,1900-01-00 00:00:00,0999-wombat,B8:27:EB:6F:ED:ED,-64, WPA ,0.000000,0.000000,0.000,0.000,AP
2026-04-01 14:51:10,1900-01-00 00:00:00,0999-wombat,B8:27:EB:6F:ED:ED,-64, WPA ,0.000000,0.000000,0.000,0.000,AP
2026-04-01 14:51:10,1900-01-00 00:00:00,0999-wombat,B8:27:EB:6F:ED:ED,-64, WPA ,0.000000,0.000000,0.000,0.000,AP
2026-04-01 14:51:10,1900-01-00 00:00:00,0999-wombat,B8:27:EB:6F:ED:ED,-64, WPA ,0.000000,0.000000,0.000,0.000,AP
2026-04-01 14:51:10,1900-01-00 00:00:00,0999-wombat,B8:27:EB:6F:ED:ED,-64, WPA ,0.000000,0.000000,0.000,0.000,AP
2026-04-01 14:51:10,1900-01-00 00:00:00,0999-wombat,B8:27:EB:6F:ED:ED,-64, WPA ,0.000000,0.000000,0.000,0.000,AP
2026-04-01 14:51:10,1900-01-00 00:00:00,0999-wombat,B8:27:EB:6F:ED:ED,-65, WPA ,0.000000,0.000000,0.000,0.000,AP
2026-04-01 14:51:10,1900-01-00 00:00:00,0999-wombat,B8:27:EB:6F:ED:ED,-65, WPA ,0.000000,0.000000,0.000,0.000,AP
2026-04-01 14:51:10,1900-01-00 00:00:00,0999-wombat,B8:27:EB:6F:ED:ED,-65, WPA ,0.000000,0.000000,0.000,0.000,AP
2026-04-01 14:51:10,1900-01-00 00:00:00,0999-wombat,B8:27:EB:6F:ED:ED,-41, WPA ,0.000000,0.000000,0.000,0.000,AP
2026-04-01 14:51:10,1900-01-00 00:00:00,0999-wombat,B8:27:EB:6F:ED:ED,-66, WPA ,0.000000,0.000000,0.000,0.000,AP
2026-04-01 14:51:10,1900-01-00 00:00:00,0999-wombat,B8:27:EB:6F:ED:ED,-66, WPA ,0.000000,0.000000,0.000,0.000,AP
2026-04-01 14:51:10,1900-01-00 00:00:00,0999-wombat,B8:27:EB:6F:ED:ED,-66, WPA ,0.000000,0.000000,0.000,0.000,AP
2026-04-01 14:51:10,1900-01-00 00:00:00,0999-wombat,B8:27:EB:6F:ED:ED,-66, WPA ,0.000000,0.000000,0.000,0.000,AP
2026-04-01 14:51:10,1900-01-00 00:00:00,0999-wombat,B8:27:EB:6F:ED:ED,-66, WPA ,0.000000,0.000000,0.000,0.000,AP
2026-04-01 14:51:10,1900-01-00 00:00:00,0999-wombat,B8:27:EB:6F:ED:ED,-66, WPA ,0.000000,0.000000,0.000,0.000,AP
2026-04-01 14:51:10,1900-01-00 00:00:00,0999-wombat,B8:27:EB:6F:ED:ED,-66, WPA ,0.000000,0.000000,0.000,0.000,AP
2026-04-01 14:51:10,1900-01-00 00:00:00,0999-wombat,B8:27:EB:6F:ED:ED,-66, WPA ,0.000000,0.000000,0.000,0.000,AP
2026-04-01 14:51:10,1900-01-00 00:00:00,0999-wombat,B8:27:EB:6F:ED:ED,-66, WPA ,0.000000,0.000000,0.000,0.000,AP
2026-04-01 14:51:10,1900-01-00 00:00:00,0999-wombat,B8:27:EB:6F:ED:ED,-66, WPA ,0.000000,0.000000,0.000,0.000,AP
2026-04-01 14:51:10,1900-01-00 00:00:00,0999-wombat,B8:27:EB:6F:ED:ED,-66, WPA ,0.000000,0.000000,0.000,0.000,AP
2026-04-01 14:51:10,1900-01-00 00:00:00,0999-wombat,B8:27:EB:6F:ED:ED,-66, WPA ,0.000000,0.000000,0.000,0.000,AP
2026-04-01 14:51:10,1900-01-00 00:00:00,0999-wombat,B8:27:EB:6F:ED:ED,-66, WPA ,0.000000,0.000000,0.000,0.000,AP
2026-04-01 14:51:10,1900-01-00 00:00:00,0999-wombat,B8:27:EB:6F:ED:ED,-66, WPA ,0.000000,0.000000,0.000,0.000,AP
2026-04-01 14:51:10,1900-01-00 00:00:00,0999-wombat,B8:27:EB:6F:ED:ED,-66, WPA ,0.000000,0.000000,0.000,0.000,AP
2026-04-01 14:51:10,1900-01-00 00:00:00,0999-wombat,B8:27:EB:6F:ED:ED,-66, WPA ,0.000000,0.000000,0.000,0.000,AP
2026-04-01 14:51:10,1900-01-00 00:00:00,0999-wombat,B8:27:EB:6F:ED:ED,-66, WPA ,0.000000,0.000000,0.000,0.000,AP
2026-04-01 14:51:10,1900-01-00 00:00:00,0999-wombat,B8:27:EB:6F:ED:ED,-66, WPA ,0.000000,0.000000,0.000,0.000,AP
2026-04-01 14:51:10,1900-01-00 00:00:00,0999-wombat,B8:27:EB:6F:ED:ED,-66, WPA ,0.000000,0.000000,0.000,0.000,AP
2026-04-01 14:51:10,1900-01-00 00:00:00,0999-wombat,B8:27:EB:6F:ED:ED,-65, WPA ,0.000000,0.000000,0.000,0.000,AP
2026-04-01 14:51:10,1900-01-00 00:00:00,0999-wombat,B8:27:EB:6F:ED:ED,-65, WPA ,0.000000,0.000000,0.000,0.000,AP
2026-04-01 14:51:10,1900-01-00 00:00:00,0999-wombat,B8:27:EB:6F:ED:ED,-65, WPA ,0.000000,0.000000,0.000,0.000,AP
2026-04-01 14:51:10,1900-01-00 00:00:00,0999-wombat,B8:27:EB:6F:ED:ED,-65, WPA ,0.000000,0.000000,0.000,0.000,AP
2026-04-01 14:51:10,1900-01-00 00:00:00,0999-wombat,B8:27:EB:6F:ED:ED,-65, WPA ,0.000000,0.000000,0.000,0.000,AP
2026-04-01 14:51:10,1900-01-00 00:00:00,0999-wombat,B8:27:EB:6F:ED:ED,-65, WPA ,0.000000,0.000000,0.000,0.000,AP
2026-04-01 14:51:10,1900-01-00 00:00:00,0999-wombat,B8:27:EB:6F:ED:ED,-65, WPA ,0.000000,0.000000,0.000,0.000,AP
2026-04-01 14:51:10,1900-01-00 00:00:00,0999-wombat,B8:27:EB:6F:ED:ED,-65, WPA ,0.000000,0.000000,0.000,0.000,AP
2026-04-01 14:51:10,1900-01-00 00:00:00,0999-wombat,B8:27:EB:6F:ED:ED,-65, WPA ,0.000000,0.000000,0.000,0.000,AP
2026-04-01 14:51:10,1900-01-00 00:00:00,0999-wombat,B8:27:EB:6F:ED:ED,-78, WPA ,0.000000,0.000000,0.000,0.000,AP
2026-04-01 14:51:10,1900-01-00 00:00:00,0999-wombat,B8:27:EB:6F:ED:ED,-78, WPA ,0.000000,0.000000,0.000,0.000,AP
2026-04-01 14:51:10,1900-01-00 00:00:00,0999-wombat,B8:27:EB:6F:ED:ED,-78, WPA ,0.000000,0.000000,0.000,0.000,AP
2026-04-01 14:51:10,1900-01-00 00:00:00,0999-wombat,B8:27:EB:6F:ED:ED,-62, WPA ,0.000000,0.000000,0.000,0.000,AP
2026-04-01 14:51:10,1900-01-00 00:00:00,0999-wombat,B8:27:EB:6F:ED:ED,-62, WPA ,0.000000,0.000000,0.000,0.000,AP
2026-04-01 14:51:10,1900-01-00 00:00:00,0999-wombat,B8:27:EB:6F:ED:ED,-62, WPA ,0.000000,0.000000,0.000,0.000,AP
2026-04-01 14:51:10,1900-01-00 00:00:00,0999-wombat,B8:27:EB:6F:ED:ED,-62, WPA ,0.000000,0.000000,0.000,0.000,AP
2026-04-01 14:51:10,1900-01-00 00:00:00,0999-wombat,B8:27:EB:6F:ED:ED,-62, WPA ,0.000000,0.000000,0.000,0.000,AP
2026-04-01 14:51:10,1900-01-00 00:00:00,0999-wombat,B8:27:EB:6F:ED:ED,-62, WPA ,0.000000,0.000000,0.000,0.000,AP
2026-04-01 14:51:10,1900-01-00 00:00:00,0999-wombat,B8:27:EB:6F:ED:ED,-62, WPA ,0.000000,0.000000,0.000,0.000,AP
2026-04-01 14:51:10,1900-01-00 00:00:00,0999-wombat,B8:27:EB:6F:ED:ED,-62, WPA ,0.000000,0.000000,0.000,0.000,AP
2026-04-01 14:51:10,1900-01-00 00:00:00,0999-wombat,B8:27:EB:6F:ED:ED,-62, WPA ,0.000000,0.000000,0.000,0.000,AP
2026-04-01 14:51:10,1900-01-00 00:00:00,0999-wombat,B8:27:EB:6F:ED:ED,-62, WPA ,0.000000,0.000000,0.000,0.000,AP
2026-04-01 14:51:10,1900-01-00 00:00:00,0999-wombat,B8:27:EB:6F:ED:ED,-62, WPA ,0.000000,0.000000,0.000,0.000,AP
2026-04-01 14:51:10,1900-01-00 00:00:00,0999-wombat,B8:27:EB:6F:ED:ED,-62, WPA ,0.000000,0.000000,0.000,0.000,AP
2026-04-01 14:51:10,1900-01-00 00:00:00,0999-wombat,B8:27:EB:6F:ED:ED,-62, WPA ,0.000000,0.000000,0.000,0.000,AP
2026-04-01 14:51:10,1900-01-00 00:00:00,0999-wombat,B8:27:EB:6F:ED:ED,-62, WPA ,0.000000,0.000000,0.000,0.000,AP
2026-04-01 14:51:10,1900-01-00 00:00:00,0999-wombat,B8:27:EB:6F:ED:ED,-62, WPA ,0.000000,0.000000,0.000,0.000,AP
2026-04-01 14:51:10,1900-01-00 00:00:00,0999-wombat,B8:27:EB:6F:ED:ED,-62, WPA ,0.000000,0.000000,0.000,0.000,AP
2026-04-01 14:51:10,1900-01-00 00:00:00,0999-wombat,B8:27:EB:6F:ED:ED,-62, WPA ,0.000000,0.000000,0.000,0.000,AP
2026-04-01 14:51:10,1900-01-00 00:00:00,0999-wombat,B8:27:EB:6F:ED:ED,-62, WPA ,0.000000,0.000000,0.000,0.000,AP
2026-04-01 14:51:10,1900-01-00 00:00:00,0999-wombat,B8:27:EB:6F:ED:ED,-62, WPA ,0.000000,0.000000,0.000,0.000,AP
2026-04-01 14:51:10,1900-01-00 00:00:00,0999-wombat,B8:27:EB:6F:ED:ED,-62, WPA ,0.000000,0.000000,0.000,0.000,AP
2026-04-01 14:51:10,1900-01-00 00:00:00,0999-wombat,B8:27:EB:6F:ED:ED,-62, WPA ,0.000000,0.000000,0.000,0.000,AP
2026-04-01 14:51:10,1900-01-00 00:00:00,0999-wombat,B8:27:EB:6F:ED:ED,-62, WPA ,0.000000,0.000000,0.000,0.000,AP
2026-04-01 14:51:10,1900-01-00 00:00:00,0999-wombat,B8:27:EB:6F:ED:ED,-62, WPA ,0.000000,0.000000,0.000,0.000,AP
2026-04-01 14:51:10,1900-01-00 00:00:00,0999-wombat,B8:27:EB:6F:ED:ED,-62, WPA ,0.000000,0.000000,0.000,0.000,AP
2026-04-01 14:51:10,1900-01-00 00:00:00,0999-wombat,B8:27:EB:6F:ED:ED,-62, WPA ,0.000000,0.000000,0.000,0.000,AP
2026-04-01 14:51:10,1900-01-00 00:00:00,0999-wombat,B8:27:EB:6F:ED:ED,-62, WPA ,0.000000,0.000000,0.000,0.000,AP
2026-04-01 14:51:10,1900-01-00 00:00:00,0999-wombat,B8:27:EB:6F:ED:ED,-62, WPA ,0.000000,0.000000,0.000,0.000,AP
2026-04-01 14:51:10,1900-01-00 00:00:00,0999-wombat,B8:27:EB:6F:ED:ED,-62, WPA ,0.000000,0.000000,0.000,0.000,AP
2026-04-01 14:51:10,1900-01-00 00:00:00,0999-wombat,B8:27:EB:6F:ED:ED,-62, WPA ,0.000000,0.000000,0.000,0.000,AP
2026-04-01 14:51:10,1900-01-00 00:00:00,0999-wombat,B8:27:EB:6F:ED:ED,-63, WPA ,0.000000,0.000000,0.000,0.000,AP
2026-04-01 14:51:10,1900-01-00 00:00:00,0999-wombat,B8:27:EB:6F:ED:ED,-63, WPA ,0.000000,0.000000,0.000,0.000,AP
2026-04-01 14:51:10,1900-01-00 00:00:00,0999-wombat,B8:27:EB:6F:ED:ED,-63, WPA ,0.000000,0.000000,0.000,0.000,AP
2026-04-01 14:51:10,1900-01-00 00:00:00,0999-wombat,B8:27:EB:6F:ED:ED,-63, WPA ,0.000000,0.000000,0.000,0.000,AP
2026-04-01 14:51:10,1900-01-00 00:00:00,0999-wombat,B8:27:EB:6F:ED:ED,-63, WPA ,0.000000,0.000000,0.000,0.000,AP
2026-04-01 14:51:10,1900-01-00 00:00:00,0999-wombat,B8:27:EB:6F:ED:ED,-63, WPA ,0.000000,0.000000,0.000,0.000,AP
2026-04-01 14:51:10,1900-01-00 00:00:00,0999-wombat,B8:27:EB:6F:ED:ED,-63, WPA ,0.000000,0.000000,0.000,0.000,AP
2026-04-01 14:51:10,1900-01-00 00:00:00,0999-wombat,B8:27:EB:6F:ED:ED,-63, WPA ,0.000000,0.000000,0.000,0.000,AP
2026-04-01 14:51:10,1900-01-00 00:00:00,0999-wombat,B8:27:EB:6F:ED:ED,-63, WPA ,0.000000,0.000000,0.000,0.000,AP
2026-04-01 14:51:10,1900-01-00 00:00:00,0999-wombat,B8:27:EB:6F:ED:ED,-63, WPA ,0.000000,0.000000,0.000,0.000,AP
2026-04-01 14:51:10,1900-01-00 00:00:00,0999-wombat,B8:27:EB:6F:ED:ED,-63, WPA ,0.000000,0.000000,0.000,0.000,AP
2026-04-01 14:51:10,1900-01-00 00:00:00,0999-wombat,B8:27:EB:6F:ED:ED,-63, WPA ,0.000000,0.000000,0.000,0.000,AP
2026-04-01 14:51:10,1900-01-00 00:00:00,0999-wombat,B8:27:EB:6F:ED:ED,-63, WPA ,0.000000,0.000000,0.000,0.000,AP
2026-04-01 14:51:10,1900-01-00 00:00:00,0999-wombat,B8:27:EB:6F:ED:ED,-63, WPA ,0.000000,0.000000,0.000,0.000,AP
2026-04-01 14:51:10,1900-01-00 00:00:00,0999-wombat,B8:27:EB:6F:ED:ED,-63, WPA ,0.000000,0.000000,0.000,0.000,AP
2026-04-01 14:51:10,1900-01-00 00:00:00,0999-wombat,B8:27:EB:6F:ED:ED,-63, WPA ,0.000000,0.000000,0.000,0.000,AP
2026-04-01 14:51:10,1900-01-00 00:00:00,0999-wombat,B8:27:EB:6F:ED:ED,-63, WPA ,0.000000,0.000000,0.000,0.000,AP
2026-04-01 14:51:10,1900-01-00 00:00:00,0999-wombat,B8:27:EB:6F:ED:ED,-63, WPA ,0.000000,0.000000,0.000,0.000,AP
2026-04-01 14:51:10,1900-01-00 00:00:00,0999-wombat,B8:27:EB:6F:ED:ED,-63, WPA ,0.000000,0.000000,0.000,0.000,AP
2026-04-01 14:51:10,1900-01-00 00:00:00,0999-wombat,B8:27:EB:6F:ED:ED,-63, WPA ,0.000000,0.000000,0.000,0.000,AP
2026-04-01 14:51:10,1900-01-00 00:00:00,0999-wombat,B8:27:EB:6F:ED:ED,-63, WPA ,0.000000,0.000000,0.000,0.000,AP
2026-04-01 14:51:10,1900-01-00 00:00:00,0999-wombat,B8:27:EB:6F:ED:ED,-63, WPA ,0.000000,0.000000,0.000,0.000,AP
2026-04-01 14:51:10,1900-01-00 00:00:00,0999-wombat,B8:27:EB:6F:ED:ED,-63, WPA ,0.000000,0.000000,0.000,0.000,AP
2026-04-01 14:51:10,1900-01-00 00:00:00,0999-wombat,B8:27:EB:6F:ED:ED,-63, WPA ,0.000000,0.000000,0.000,0.000,AP
2026-04-01 14:51:10,1900-01-00 00:00:00,0999-wombat,B8:27:EB:6F:ED:ED,-63, WPA ,0.000000,0.000000,0.000,0.000,AP
2026-04-01 14:51:10,1900-01-00 00:00:00,0999-wombat,B8:27:EB:6F:ED:ED,-63, WPA ,0.000000,0.000000,0.000,0.000,AP
2026-04-01 14:51:10,1900-01-00 00:00:00,0999-wombat,B8:27:EB:6F:ED:ED,-63, WPA ,0.000000,0.000000,0.000,0.000,AP
2026-04-01 14:51:10,1900-01-00 00:00:00,0999-wombat,B8:27:EB:6F:ED:ED,-63, WPA ,0.000000,0.000000,0.000,0.000,AP
2026-04-01 14:51:10,1900-01-00 00:00:00,0999-wombat,B8:27:EB:6F:ED:ED,-63, WPA ,0.000000,0.000000,0.000,0.000,AP
2026-04-01 14:51:10,1900-01-00 00:00:00,0999-wombat,B8:27:EB:6F:ED:ED,-63, WPA ,0.000000,0.000000,0.000,0.000,AP
2026-04-01 14:51:10,1900-01-00 00:00:00,0999-wombat,B8:27:EB:6F:ED:ED,-63, WPA ,0.000000,0.000000,0.000,0.000,AP
2026-04-01 14:51:10,1900-01-00 00:00:00,0999-wombat,B8:27:EB:6F:ED:ED,-63, WPA ,0.000000,0.000000,0.000,0.000,AP
2026-04-01 14:51:10,1900-01-00 00:00:00,0999-wombat,B8:27:EB:6F:ED:ED,-63, WPA ,0.000000,0.000000,0.000,0.000,AP
2026-04-01 14:51:10,1900-01-00 00:00:00,0999-wombat,B8:27:EB:6F:ED:ED,-63, WPA ,0.000000,0.000000,0.000,0.000,AP
2026-04-01 14:51:10,1900-01-00 00:00:00,0999-wombat,B8:27:EB:6F:ED:ED,-63, WPA ,0.000000,0.000000,0.000,0.000,AP
2026-04-01 14:51:10,1900-01-00 00:00:00,0999-wombat,B8:27:EB:6F:ED:ED,-63, WPA ,0.000000,0.000000,0.000,0.000,AP
2026-04-01 14:51:10,1900-01-00 00:00:00,0999-wombat,B8:27:EB:6F:ED:ED,-63, WPA ,0.000000,0.000000,0.000,0.000,AP
2026-04-01 14:51:10,1900-01-00 00:00:00,0999-wombat,B8:27:EB:6F:ED:ED,-63, WPA ,0.000000,0.000000,0.000,0.000,AP
2026-04-01 14:51:10,1900-01-00 00:00:00,0999-wombat,B8:27:EB:6F:ED:ED,-63, WPA ,0.000000,0.000000,0.000,0.000,AP
2026-04-01 14:51:10,1900-01-00 00:00:00,0999-wombat,B8:27:EB:6F:ED:ED,-63, WPA ,0.000000,0.000000,0.000,0.000,AP
2026-04-01 14:51:10,1900-01-00 00:00:00,0999-wombat,B8:27:EB:6F:ED:ED,-63, WPA ,0.000000,0.000000,0.000,0.000,AP
2026-04-01 14:51:10,1900-01-00 00:00:00,0999-wombat,B8:27:EB:6F:ED:ED,-63, WPA ,0.000000,0.000000,0.000,0.000,AP
2026-04-01 14:51:10,1900-01-00 00:00:00,0999-wombat,B8:27:EB:6F:ED:ED,-63, WPA ,0.000000,0.000000,0.000,0.000,AP
2026-04-01 14:51:10,1900-01-00 00:00:00,0999-wombat,B8:27:EB:6F:ED:ED,-63, WPA ,0.000000,0.000000,0.000,0.000,AP
2026-04-01 14:51:10,1900-01-00 00:00:00,0999-wombat,B8:27:EB:6F:ED:ED,-63, WPA ,0.000000,0.000000,0.000,0.000,AP
2026-04-01 14:51:11,1900-01-00 00:00:00,0999-wombat,B8:27:EB:6F:ED:ED,-63, WPA ,0.000000,0.000000,0.000,0.000,AP
2026-04-01 14:51:11,1900-01-00 00:00:00,0999-wombat,B8:27:EB:6F:ED:ED,-63, WPA ,0.000000,0.000000,0.000,0.000,AP
2026-04-01 14:51:11,1900-01-00 00:00:00,0999-wombat,B8:27:EB:6F:ED:ED,-63, WPA ,0.000000,0.000000,0.000,0.000,AP
2026-04-01 14:51:11,1900-01-00 00:00:00,0999-wombat,B8:27:EB:6F:ED:ED,-63, WPA ,0.000000,0.000000,0.000,0.000,AP
2026-04-01 14:51:11,1900-01-00 00:00:00,0999-wombat,B8:27:EB:6F:ED:ED,-63, WPA ,0.000000,0.000000,0.000,0.000,AP
2026-04-01 14:51:11,1900-01-00 00:00:00,0999-wombat,B8:27:EB:6F:ED:ED,-63, WPA ,0.000000,0.000000,0.000,0.000,AP
2026-04-01 14:51:11,1900-01-00 00:00:00,0999-wombat,B8:27:EB:6F:ED:ED,-63, WPA ,0.000000,0.000000,0.000,0.000,AP
2026-04-01 14:51:11,1900-01-00 00:00:00,0999-wombat,B8:27:EB:6F:ED:ED,-63, WPA ,0.000000,0.000000,0.000,0.000,AP
2026-04-01 14:51:11,1900-01-00 00:00:00,0999-wombat,B8:27:EB:6F:ED:ED,-63, WPA ,0.000000,0.000000,0.000,0.000,AP
2026-04-01 14:51:11,1900-01-00 00:00:00,0999-wombat,B8:27:EB:6F:ED:ED,-63, WPA ,0.000000,0.000000,0.000,0.000,AP
2026-04-01 14:51:11,1900-01-00 00:00:00,0999-wombat,B8:27:EB:6F:ED:ED,-63, WPA ,0.000000,0.000000,0.000,0.000,AP
2026-04-01 14:51:11,1900-01-00 00:00:00,0999-wombat,B8:27:EB:6F:ED:ED,-63, WPA ,0.000000,0.000000,0.000,0.000,AP
2026-04-01 14:51:11,1900-01-00 00:00:00,0999-wombat,B8:27:EB:6F:ED:ED,-63, WPA ,0.000000,0.000000,0.000,0.000,AP
2026-04-01 14:51:11,1900-01-00 00:00:00,0999-wombat,B8:27:EB:6F:ED:ED,-64, WPA ,0.000000,0.000000,0.000,0.000,AP
2026-04-01 14:51:11,1900-01-00 00:00:00,0999-wombat,B8:27:EB:6F:ED:ED,-64, WPA ,0.000000,0.000000,0.000,0.000,AP
2026-04-01 14:51:11,1900-01-00 00:00:00,0999-wombat,B8:27:EB:6F:ED:ED,-64, WPA ,0.000000,0.000000,0.000,0.000,AP
2026-04-01 14:51:11,1900-01-00 00:00:00,0999-wombat,B8:27:EB:6F:ED:ED,-64, WPA ,0.000000,0.000000,0.000,0.000,AP
2026-04-01 14:51:11,1900-01-00 00:00:00,0999-wombat,B8:27:EB:6F:ED:ED,-64, WPA ,0.000000,0.000000,0.000,0.000,AP
2026-04-01 14:51:11,1900-01-00 00:00:00,0999-wombat,B8:27:EB:6F:ED:ED,-64, WPA ,0.000000,0.000000,0.000,0.000,AP
2026-04-01 14:51:11,1900-01-00 00:00:00,0999-wombat,B8:27:EB:6F:ED:ED,-64, WPA ,0.000000,0.000000,0.000,0.000,AP
2026-04-01 14:51:11,1900-01-00 00:00:00,0999-wombat,B8:27:EB:6F:ED:ED,-64, WPA ,0.000000,0.000000,0.000,0.000,AP
2026-04-01 14:51:11,1900-01-00 00:00:00,0999-wombat,B8:27:EB:6F:ED:ED,-79, WPA ,0.000000,0.000000,0.000,0.000,AP
2026-04-01 14:51:11,1900-01-00 00:00:00,0999-wombat,B8:27:EB:6F:ED:ED,-79, WPA ,0.000000,0.000000,0.000,0.000,AP
2026-04-01 14:51:11,1900-01-00 00:00:00,0999-wombat,B8:27:EB:6F:ED:ED,-79, WPA ,0.000000,0.000000,0.000,0.000,AP
2026-04-01 14:51:11,1900-01-00 00:00:00,0999-wombat,B8:27:EB:6F:ED:ED,-79, WPA ,0.000000,0.000000,0.000,0.000,AP
2026-04-01 14:51:11,1900-01-00 00:00:00,0999-wombat,B8:27:EB:6F:ED:ED,-79, WPA ,0.000000,0.000000,0.000,0.000,AP
2026-04-01 14:51:11,1900-01-00 00:00:00,0999-wombat,B8:27:EB:6F:ED:ED,-79, WPA ,0.000000,0.000000,0.000,0.000,AP
2026-04-01 14:51:11,1900-01-00 00:00:00,0999-wombat,B8:27:EB:6F:ED:ED,-79, WPA ,0.000000,0.000000,0.000,0.000,AP
2026-04-01 14:51:11,1900-01-00 00:00:00,0999-wombat,B8:27:EB:6F:ED:ED,-79, WPA ,0.000000,0.000000,0.000,0.000,AP
2026-04-01 14:51:11,1900-01-00 00:00:00,0999-wombat,B8:27:EB:6F:ED:ED,-79, WPA ,0.000000,0.000000,0.000,0.000,AP
2026-04-01 14:51:11,1900-01-00 00:00:00,0999-wombat,B8:27:EB:6F:ED:ED,-79, WPA ,0.000000,0.000000,0.000,0.000,AP
2026-04-01 14:51:11,1900-01-00 00:00:00,0999-wombat,B8:27:EB:6F:ED:ED,-79, WPA ,0.000000,0.000000,0.000,0.000,AP
2026-04-01 14:51:11,1900-01-00 00:00:00,0999-wombat,B8:27:EB:6F:ED:ED,-79, WPA ,0.000000,0.000000,0.000,0.000,AP
2026-04-01 14:51:11,1900-01-00 00:00:00,0999-wombat,B8:27:EB:6F:ED:ED,-79, WPA ,0.000000,0.000000,0.000,0.000,AP
2026-04-01 14:51:11,1900-01-00 00:00:00,0999-wombat,B8:27:EB:6F:ED:ED,-79, WPA ,0.000000,0.000000,0.000,0.000,AP
2026-04-01 14:51:11,1900-01-00 00:00:00,0999-wombat,B8:27:EB:6F:ED:ED,-79, WPA ,0.000000,0.000000,0.000,0.000,AP
2026-04-01 14:51:11,1900-01-00 00:00:00,0999-wombat,B8:27:EB:6F:ED:ED,-79, WPA ,0.000000,0.000000,0.000,0.000,AP
2026-04-01 14:51:11,1900-01-00 00:00:00,0999-wombat,B8:27:EB:6F:ED:ED,-79, WPA ,0.000000,0.000000,0.000,0.000,AP
2026-04-01 14:51:11,1900-01-00 00:00:00,0999-wombat,B8:27:EB:6F:ED:ED,-79, WPA ,0.000000,0.000000,0.000,0.000,AP
2026-04-01 14:51:11,1900-01-00 00:00:00,0999-wombat,B8:27:EB:6F:ED:ED,-79, WPA ,0.000000,0.000000,0.000,0.000,AP
2026-04-01 14:51:11,1900-01-00 00:00:00,0999-wombat,B8:27:EB:6F:ED:ED,-79, WPA ,0.000000,0.000000,0.000,0.000,AP
2026-04-01 14:51:11,1900-01-00 00:00:00,0999-wombat,B8:27:EB:6F:ED:ED,-79, WPA ,0.000000,0.000000,0.000,0.000,AP
2026-04-01 14:51:11,1900-01-00 00:00:00,0999-wombat,B8:27:EB:6F:ED:ED,-79, WPA ,0.000000,0.000000,0.000,0.000,AP
2026-04-01 14:51:11,1900-01-00 00:00:00,0999-wombat,B8:27:EB:6F:ED:ED,-79, WPA ,0.000000,0.000000,0.000,0.000,AP
2026-04-01 14:51:11,1900-01-00 00:00:00,0999-wombat,B8:27:EB:6F:ED:ED,-79, WPA ,0.000000,0.000000,0.000,0.000,AP
2026-04-01 14:51:11,1900-01-00 00:00:00,0999-wombat,B8:27:EB:6F:ED:ED,-79, WPA ,0.000000,0.000000,0.000,0.000,AP
2026-04-01 14:51:11,1900-01-00 00:00:00,0999-wombat,B8:27:EB:6F:ED:ED,-79, WPA ,0.000000,0.000000,0.000,0.000,AP
2026-04-01 14:51:11,1900-01-00 00:00:00,0999-wombat,B8:27:EB:6F:ED:ED,-79, WPA ,0.000000,0.000000,0.000,0.000,AP
2026-04-01 14:51:11,1900-01-00 00:00:00,0999-wombat,B8:27:EB:6F:ED:ED,-79, WPA ,0.000000,0.000000,0.000,0.000,AP
2026-04-01 14:51:11,1900-01-00 00:00:00,0999-wombat,B8:27:EB:6F:ED:ED,-79, WPA ,0.000000,0.000000,0.000,0.000,AP
2026-04-01 14:51:11,1900-01-00 00:00:00,0999-wombat,B8:27:EB:6F:ED:ED,-79, WPA ,0.000000,0.000000,0.000,0.000,AP
2026-04-01 14:51:11,1900-01-00 00:00:00,0999-wombat,B8:27:EB:6F:ED:ED,-79, WPA ,0.000000,0.000000,0.000,0.000,AP
2026-04-01 14:51:11,1900-01-00 00:00:00,0999-wombat,B8:27:EB:6F:ED:ED,-79, WPA ,0.000000,0.000000,0.000,0.000,AP
2026-04-01 14:51:11,1900-01-00 00:00:00,0999-wombat,B8:27:EB:6F:ED:ED,-79, WPA ,0.000000,0.000000,0.000,0.000,AP
2026-04-01 14:51:11,1900-01-00 00:00:00,0999-wombat,B8:27:EB:6F:ED:ED,-79, WPA ,0.000000,0.000000,0.000,0.000,AP
2026-04-01 14:51:11,1900-01-00 00:00:00,0999-wombat,B8:27:EB:6F:ED:ED,-79, WPA ,0.000000,0.000000,0.000,0.000,AP
2026-04-01 14:51:11,1900-01-00 00:00:00,0999-wombat,B8:27:EB:6F:ED:ED,-79, WPA ,0.000000,0.000000,0.000,0.000,AP
2026-04-01 14:51:11,1900-01-00 00:00:00,0999-wombat,B8:27:EB:6F:ED:ED,-79, WPA ,0.000000,0.000000,0.000,0.000,AP
2026-04-01 14:51:11,1900-01-00 00:00:00,0999-wombat,B8:27:EB:6F:ED:ED,-79, WPA ,0.000000,0.000000,0.000,0.000,AP
2026-04-01 14:51:11,1900-01-00 00:00:00,0999-wombat,B8:27:EB:6F:ED:ED,-79, WPA ,0.000000,0.000000,0.000,0.000,AP
2026-04-01 14:51:11,1900-01-00 00:00:00,0999-wombat,B8:27:EB:6F:ED:ED,-79, WPA ,0.000000,0.000000,0.000,0.000,AP
2026-04-01 14:51:11,1900-01-00 00:00:00,0999-wombat,B8:27:EB:6F:ED:ED,-79, WPA ,0.000000,0.000000,0.000,0.000,AP
2026-04-01 14:51:11,1900-01-00 00:00:00,0999-wombat,B8:27:EB:6F:ED:ED,-79, WPA ,0.000000,0.000000,0.000,0.000,AP
2026-04-01 14:51:11,1900-01-00 00:00:00,0999-wombat,B8:27:EB:6F:ED:ED,-62, WPA ,0.000000,0.000000,0.000,0.000,AP
2026-04-01 14:51:11,1900-01-00 00:00:00,0999-wombat,B8:27:EB:6F:ED:ED,-62, WPA ,0.000000,0.000000,0.000,0.000,AP
2026-04-01 14:51:11,1900-01-00 00:00:00,0999-wombat,B8:27:EB:6F:ED:ED,-62, WPA ,0.000000,0.000000,0.000,0.000,AP
2026-04-01 14:51:11,1900-01-00 00:00:00,0999-wombat,B8:27:EB:6F:ED:ED,-62, WPA ,0.000000,0.000000,0.000,0.000,AP
2026-04-01 14:51:11,1900-01-00 00:00:00,0999-wombat,B8:27:EB:6F:ED:ED,-62, WPA ,0.000000,0.000000,0.000,0.000,AP
2026-04-01 14:51:11,1900-01-00 00:00:00,0999-wombat,B8:27:EB:6F:ED:ED,-62, WPA ,0.000000,0.000000,0.000,0.000,AP
2026-04-01 14:51:11,1900-01-00 00:00:00,0999-wombat,B8:27:EB:6F:ED:ED,-62, WPA ,0.000000,0.000000,0.000,0.000,AP
2026-04-01 14:51:11,1900-01-00 00:00:00,0999-wombat,B8:27:EB:6F:ED:ED,-62, WPA ,0.000000,0.000000,0.000,0.000,AP
2026-04-01 14:51:11,1900-01-00 00:00:00,0999-wombat,B8:27:EB:6F:ED:ED,-62, WPA ,0.000000,0.000000,0.000,0.000,AP
2026-04-01 14:51:11,1900-01-00 00:00:00,0999-wombat,B8:27:EB:6F:ED:ED,-62, WPA ,0.000000,0.000000,0.000,0.000,AP
2026-04-01 14:51:11,1900-01-00 00:00:00,0999-wombat,B8:27:EB:6F:ED:ED,-62, WPA ,0.000000,0.000000,0.000,0.000,AP
2026-04-01 14:51:11,1900-01-00 00:00:00,0999-wombat,B8:27:EB:6F:ED:ED,-62, WPA ,0.000000,0.000000,0.000,0.000,AP
2026-04-01 14:51:11,1900-01-00 00:00:00,0999-wombat,B8:27:EB:6F:ED:ED,-62, WPA ,0.000000,0.000000,0.000,0.000,AP
2026-04-01 14:51:11,1900-01-00 00:00:00,0999-wombat,B8:27:EB:6F:ED:ED,-62, WPA ,0.000000,0.000000,0.000,0.000,AP
2026-04-01 14:51:11,1900-01-00 00:00:00,0999-wombat,B8:27:EB:6F:ED:ED,-62, WPA ,0.000000,0.000000,0.000,0.000,AP
2026-04-01 14:51:11,1900-01-00 00:00:00,0999-wombat,B8:27:EB:6F:ED:ED,-62, WPA ,0.000000,0.000000,0.000,0.000,AP
2026-04-01 14:51:11,1900-01-00 00:00:00,0999-wombat,B8:27:EB:6F:ED:ED,-62, WPA ,0.000000,0.000000,0.000,0.000,AP
2026-04-01 14:51:11,1900-01-00 00:00:00,0999-wombat,B8:27:EB:6F:ED:ED,-62, WPA ,0.000000,0.000000,0.000,0.000,AP
2026-04-01 14:51:11,1900-01-00 00:00:00,0999-wombat,B8:27:EB:6F:ED:ED,-62, WPA ,0.000000,0.000000,0.000,0.000,AP
2026-04-01 14:51:11,1900-01-00 00:00:00,0999-wombat,B8:27:EB:6F:ED:ED,-62, WPA ,0.000000,0.000000,0.000,0.000,AP
2026-04-01 14:51:11,1900-01-00 00:00:00,0999-wombat,B8:27:EB:6F:ED:ED,-62, WPA ,0.000000,0.000000,0.000,0.000,AP
2026-04-01 14:51:11,1900-01-00 00:00:00,0999-wombat,B8:27:EB:6F:ED:ED,-62, WPA ,0.000000,0.000000,0.000,0.000,AP
2026-04-01 14:51:11,1900-01-00 00:00:00,0999-wombat,B8:27:EB:6F:ED:ED,-62, WPA ,0.000000,0.000000,0.000,0.000,AP
2026-04-01 14:51:11,1900-01-00 00:00:00,0999-wombat,B8:27:EB:6F:ED:ED,-62, WPA ,0.000000,0.000000,0.000,0.000,AP
2026-04-01 14:51:11,1900-01-00 00:00:00,0999-wombat,B8:27:EB:6F:ED:ED,-62, WPA ,0.000000,0.000000,0.000,0.000,AP
2026-04-01 14:51:11,1900-01-00 00:00:00,0999-wombat,B8:27:EB:6F:ED:ED,-62, WPA ,0.000000,0.000000,0.000,0.000,AP
2026-04-01 14:51:11,1900-01-00 00:00:00,0999-wombat,B8:27:EB:6F:ED:ED,-62, WPA ,0.000000,0.000000,0.000,0.000,AP
2026-04-01 14:51:11,1900-01-00 00:00:00,0999-wombat,B8:27:EB:6F:ED:ED,-62, WPA ,0.000000,0.000000,0.000,0.000,AP
2026-04-01 14:51:11,1900-01-00 00:00:00,0999-wombat,B8:27:EB:6F:ED:ED,-62, WPA ,0.000000,0.000000,0.000,0.000,AP
2026-04-01 14:51:11,1900-01-00 00:00:00,0999-wombat,B8:27:EB:6F:ED:ED,-62, WPA ,0.000000,0.000000,0.000,0.000,AP
2026-04-01 14:51:11,1900-01-00 00:00:00,0999-wombat,B8:27:EB:6F:ED:ED,-62, WPA ,0.000000,0.000000,0.000,0.000,AP
2026-04-01 14:51:11,1900-01-00 00:00:00,0999-wombat,B8:27:EB:6F:ED:ED,-62, WPA ,0.000000,0.000000,0.000,0.000,AP
2026-04-01 14:51:11,1900-01-00 00:00:00,0999-wombat,B8:27:EB:6F:ED:ED,-62, WPA ,0.000000,0.000000,0.000,0.000,AP
2026-04-01 14:51:11,1900-01-00 00:00:00,0999-wombat,B8:27:EB:6F:ED:ED,-62, WPA ,0.000000,0.000000,0.000,0.000,AP
2026-04-01 14:51:11,1900-01-00 00:00:00,0999-wombat,B8:27:EB:6F:ED:ED,-62, WPA ,0.000000,0.000000,0.000,0.000,AP
2026-04-01 14:51:11,1900-01-00 00:00:00,0999-wombat,B8:27:EB:6F:ED:ED,-62, WPA ,0.000000,0.000000,0.000,0.000,AP
2026-04-01 14:51:11,1900-01-00 00:00:00,0999-wombat,B8:27:EB:6F:ED:ED,-62, WPA ,0.000000,0.000000,0.000,0.000,AP
2026-04-01 14:51:11,1900-01-00 00:00:00,0999-wombat,B8:27:EB:6F:ED:ED,-62, WPA ,0.000000,0.000000,0.000,0.000,AP
2026-04-01 14:51:11,1900-01-00 00:00:00,0999-wombat,B8:27:EB:6F:ED:ED,-62, WPA ,0.000000,0.000000,0.000,0.000,AP
2026-04-01 14:51:11,1900-01-00 00:00:00,0999-wombat,B8:27:EB:6F:ED:ED,-62, WPA ,0.000000,0.000000,0.000,0.000,AP
2026-04-01 14:51:11,1900-01-00 00:00:00,0999-wombat,B8:27:EB:6F:ED:ED,-62, WPA ,0.000000,0.000000,0.000,0.000,AP
2026-04-01 14:51:11,1900-01-00 00:00:00,0999-wombat,B8:27:EB:6F:ED:ED,-62, WPA ,0.000000,0.000000,0.000,0.000,AP
2026-04-01 14:51:11,1900-01-00 00:00:00,0999-wombat,B8:27:EB:6F:ED:ED,-62, WPA ,0.000000,0.000000,0.000,0.000,AP
2026-04-01 14:51:11,1900-01-00 00:00:00,0999-wombat,B8:27:EB:6F:ED:ED,-62, WPA ,0.000000,0.000000,0.000,0.000,AP
2026-04-01 14:51:11,1900-01-00 00:00:00,0999-wombat,B8:27:EB:6F:ED:ED,-62, WPA ,0.000000,0.000000,0.000,0.000,AP
2026-04-01 14:51:11,1900-01-00 00:00:00,0999-wombat,B8:27:EB:6F:ED:ED,-62, WPA ,0.000000,0.000000,0.000,0.000,AP
2026-04-01 14:51:11,1900-01-00 00:00:00,0999-wombat,B8:27:EB:6F:ED:ED,-62, WPA ,0.000000,0.000000,0.000,0.000,AP
2026-04-01 14:51:11,1900-01-00 00:00:00,0999-wombat,B8:27:EB:6F:ED:ED,-62, WPA ,0.000000,0.000000,0.000,0.000,AP
2026-04-01 14:51:11,1900-01-00 00:00:00,0999-wombat,B8:27:EB:6F:ED:ED,-62, WPA ,0.000000,0.000000,0.000,0.000,AP
2026-04-01 14:51:11,1900-01-00 00:00:00,0999-wombat,B8:27:EB:6F:ED:ED,-62, WPA ,0.000000,0.000000,0.000,0.000,AP
2026-04-01 14:51:11,1900-01-00 00:00:00,0999-wombat,B8:27:EB:6F:ED:ED,-64, WPA ,0.000000,0.000000,0.000,0.000,AP
2026-04-01 14:51:11,1900-01-00 00:00:00,0999-wombat,B8:27:EB:6F:ED:ED,-64, WPA ,0.000000,0.000000,0.000,0.000,AP
2026-04-01 14:51:11,1900-01-00 00:00:00,0999-wombat,B8:27:EB:6F:ED:ED,-64, WPA ,0.000000,0.000000,0.000,0.000,AP
2026-04-01 14:51:11,1900-01-00 00:00:00,0999-wombat,B8:27:EB:6F:ED:ED,-64, WPA ,0.000000,0.000000,0.000,0.000,AP
2026-04-01 14:51:11,1900-01-00 00:00:00,0999-wombat,B8:27:EB:6F:ED:ED,-64, WPA ,0.000000,0.000000,0.000,0.000,AP
2026-04-01 14:51:11,1900-01-00 00:00:00,0999-wombat,B8:27:EB:6F:ED:ED,-64, WPA ,0.000000,0.000000,0.000,0.000,AP
2026-04-01 14:51:11,1900-01-00 00:00:00,0999-wombat,B8:27:EB:6F:ED:ED,-80, WPA ,0.000000,0.000000,0.000,0.000,AP
2026-04-01 14:51:11,1900-01-00 00:00:00,0999-wombat,B8:27:EB:6F:ED:ED,-80, WPA ,0.000000,0.000000,0.000,0.000,AP
2026-04-01 14:51:11,1900-01-00 00:00:00,0999-wombat,B8:27:EB:6F:ED:ED,-80, WPA ,0.000000,0.000000,0.000,0.000,AP
2026-04-01 14:51:11,1900-01-00 00:00:00,0999-wombat,B8:27:EB:6F:ED:ED,-80, WPA ,0.000000,0.000000,0.000,0.000,AP
2026-04-01 14:51:11,1900-01-00 00:00:00,0999-wombat,B8:27:EB:6F:ED:ED,-80, WPA ,0.000000,0.000000,0.000,0.000,AP
2026-04-01 14:51:11,1900-01-00 00:00:00,0999-wombat,B8:27:EB:6F:ED:ED,-80, WPA ,0.000000,0.000000,0.000,0.000,AP
2026-04-01 14:51:11,1900-01-00 00:00:00,0999-wombat,B8:27:EB:6F:ED:ED,-80, WPA ,0.000000,0.000000,0.000,0.000,AP
2026-04-01 14:51:11,1900-01-00 00:00:00,0999-wombat,B8:27:EB:6F:ED:ED,-80, WPA ,0.000000,0.000000,0.000,0.000,AP
2026-04-01 14:51:11,1900-01-00 00:00:00,0999-wombat,B8:27:EB:6F:ED:ED,-80, WPA ,0.000000,0.000000,0.000,0.000,AP
2026-04-01 14:51:11,1900-01-00 00:00:00,0999-wombat,B8:27:EB:6F:ED:ED,-80, WPA ,0.000000,0.000000,0.000,0.000,AP
2026-04-01 14:51:11,1900-01-00 00:00:00,0999-wombat,B8:27:EB:6F:ED:ED,-80, WPA ,0.000000,0.000000,0.000,0.000,AP
2026-04-01 14:51:11,1900-01-00 00:00:00,0999-wombat,B8:27:EB:6F:ED:ED,-80, WPA ,0.000000,0.000000,0.000,0.000,AP
2026-04-01 14:51:11,1900-01-00 00:00:00,0999-wombat,B8:27:EB:6F:ED:ED,-80, WPA ,0.000000,0.000000,0.000,0.000,AP
2026-04-01 14:51:11,1900-01-00 00:00:00,0999-wombat,B8:27:EB:6F:ED:ED,-80, WPA ,0.000000,0.000000,0.000,0.000,AP
2026-04-01 14:51:11,1900-01-00 00:00:00,0999-wombat,B8:27:EB:6F:ED:ED,-80, WPA ,0.000000,0.000000,0.000,0.000,AP
2026-04-01 14:51:11,1900-01-00 00:00:00,0999-wombat,B8:27:EB:6F:ED:ED,-80, WPA ,0.000000,0.000000,0.000,0.000,AP
2026-04-01 14:51:11,1900-01-00 00:00:00,0999-wombat,B8:27:EB:6F:ED:ED,-80, WPA ,0.000000,0.000000,0.000,0.000,AP
2026-04-01 14:51:11,1900-01-00 00:00:00,0999-wombat,B8:27:EB:6F:ED:ED,-80, WPA ,0.000000,0.000000,0.000,0.000,AP
2026-04-01 14:51:11,1900-01-00 00:00:00,0999-wombat,B8:27:EB:6F:ED:ED,-80, WPA ,0.000000,0.000000,0.000,0.000,AP
2026-04-01 14:51:11,1900-01-00 00:00:00,0999-wombat,B8:27:EB:6F:ED:ED,-80, WPA ,0.000000,0.000000,0.000,0.000,AP
2026-04-01 14:51:11,1900-01-00 00:00:00,0999-wombat,B8:27:EB:6F:ED:ED,-80, WPA ,0.000000,0.000000,0.000,0.000,AP
2026-04-01 14:51:11,1900-01-00 00:00:00,0999-wombat,B8:27:EB:6F:ED:ED,-80, WPA ,0.000000,0.000000,0.000,0.000,AP
2026-04-01 14:51:11,1900-01-00 00:00:00,0999-wombat,B8:27:EB:6F:ED:ED,-80, WPA ,0.000000,0.000000,0.000,0.000,AP
2026-04-01 14:51:11,1900-01-00 00:00:00,0999-wombat,B8:27:EB:6F:ED:ED,-80, WPA ,0.000000,0.000000,0.000,0.000,AP
2026-04-01 14:51:11,1900-01-00 00:00:00,0999-wombat,B8:27:EB:6F:ED:ED,-80, WPA ,0.000000,0.000000,0.000,0.000,AP
2026-04-01 14:51:11,1900-01-00 00:00:00,0999-wombat,B8:27:EB:6F:ED:ED,-80, WPA ,0.000000,0.000000,0.000,0.000,AP
2026-04-01 14:51:11,1900-01-00 00:00:00,0999-wombat,B8:27:EB:6F:ED:ED,-80, WPA ,0.000000,0.000000,0.000,0.000,AP
2026-04-01 14:51:11,1900-01-00 00:00:00,0999-wombat,B8:27:EB:6F:ED:ED,-80, WPA ,0.000000,0.000000,0.000,0.000,AP
2026-04-01 14:51:11,1900-01-00 00:00:00,0999-wombat,B8:27:EB:6F:ED:ED,-80, WPA ,0.000000,0.000000,0.000,0.000,AP
2026-04-01 14:51:11,1900-01-00 00:00:00,0999-wombat,B8:27:EB:6F:ED:ED,-80, WPA ,0.000000,0.000000,0.000,0.000,AP
2026-04-01 14:51:11,1900-01-00 00:00:00,0999-wombat,B8:27:EB:6F:ED:ED,-80, WPA ,0.000000,0.000000,0.000,0.000,AP
2026-04-01 14:51:11,1900-01-00 00:00:00,0999-wombat,B8:27:EB:6F:ED:ED,-80, WPA ,0.000000,0.000000,0.000,0.000,AP
2026-04-01 14:51:11,1900-01-00 00:00:00,0999-wombat,B8:27:EB:6F:ED:ED,-40, WPA ,0.000000,0.000000,0.000,0.000,AP
2026-04-01 14:51:11,1900-01-00 00:00:00,0999-wombat,B8:27:EB:6F:ED:ED,-67, WPA ,0.000000,0.000000,0.000,0.000,AP
2026-04-01 14:51:11,1900-01-00 00:00:00,0999-wombat,B8:27:EB:6F:ED:ED,-67, WPA ,0.000000,0.000000,0.000,0.000,AP
2026-04-01 14:51:11,1900-01-00 00:00:00,0999-wombat,B8:27:EB:6F:ED:ED,-67, WPA ,0.000000,0.000000,0.000,0.000,AP
2026-04-01 14:51:11,1900-01-00 00:00:00,0999-wombat,B8:27:EB:6F:ED:ED,-67, WPA ,0.000000,0.000000,0.000,0.000,AP
2026-04-01 14:51:11,1900-01-00 00:00:00,0999-wombat,B8:27:EB:6F:ED:ED,-67, WPA ,0.000000,0.000000,0.000,0.000,AP
2026-04-01 14:51:11,1900-01-00 00:00:00,0999-wombat,B8:27:EB:6F:ED:ED,-67, WPA ,0.000000,0.000000,0.000,0.000,AP
2026-04-01 14:51:11,1900-01-00 00:00:00,0999-wombat,B8:27:EB:6F:ED:ED,-67, WPA ,0.000000,0.000000,0.000,0.000,AP
2026-04-01 14:51:11,1900-01-00 00:00:00,0999-wombat,B8:27:EB:6F:ED:ED,-67, WPA ,0.000000,0.000000,0.000,0.000,AP
2026-04-01 14:51:11,1900-01-00 00:00:00,0999-wombat,B8:27:EB:6F:ED:ED,-67, WPA ,0.000000,0.000000,0.000,0.000,AP
2026-04-01 14:51:11,1900-01-00 00:00:00,0999-wombat,B8:27:EB:6F:ED:ED,-67, WPA ,0.000000,0.000000,0.000,0.000,AP
2026-04-01 14:51:11,1900-01-00 00:00:00,0999-wombat,B8:27:EB:6F:ED:ED,-67, WPA ,0.000000,0.000000,0.000,0.000,AP
2026-04-01 14:51:11,1900-01-00 00:00:00,0999-wombat,B8:27:EB:6F:ED:ED,-67, WPA ,0.000000,0.000000,0.000,0.000,AP
2026-04-01 14:51:11,1900-01-00 00:00:00,0999-wombat,B8:27:EB:6F:ED:ED,-67, WPA ,0.000000,0.000000,0.000,0.000,AP
2026-04-01 14:51:11,1900-01-00 00:00:00,0999-wombat,B8:27:EB:6F:ED:ED,-67, WPA ,0.000000,0.000000,0.000,0.000,AP
2026-04-01 14:51:11,1900-01-00 00:00:00,0999-wombat,B8:27:EB:6F:ED:ED,-67, WPA ,0.000000,0.000000,0.000,0.000,AP
2026-04-01 14:51:11,1900-01-00 00:00:00,0999-wombat,B8:27:EB:6F:ED:ED,-67, WPA ,0.000000,0.000000,0.000,0.000,AP
2026-04-01 14:51:11,1900-01-00 00:00:00,0999-wombat,B8:27:EB:6F:ED:ED,-67, WPA ,0.000000,0.000000,0.000,0.000,AP
2026-04-01 14:51:11,1900-01-00 00:00:00,0999-wombat,B8:27:EB:6F:ED:ED,-67, WPA ,0.000000,0.000000,0.000,0.000,AP
2026-04-01 14:51:11,1900-01-00 00:00:00,0999-wombat,B8:27:EB:6F:ED:ED,-67, WPA ,0.000000,0.000000,0.000,0.000,AP
2026-04-01 14:51:11,1900-01-00 00:00:00,0999-wombat,B8:27:EB:6F:ED:ED,-67, WPA ,0.000000,0.000000,0.000,0.000,AP
2026-04-01 14:51:11,1900-01-00 00:00:00,0999-wombat,B8:27:EB:6F:ED:ED,-67, WPA ,0.000000,0.000000,0.000,0.000,AP
2026-04-01 14:51:11,1900-01-00 00:00:00,0999-wombat,B8:27:EB:6F:ED:ED,-67, WPA ,0.000000,0.000000,0.000,0.000,AP
2026-04-01 14:51:11,1900-01-00 00:00:00,0999-wombat,B8:27:EB:6F:ED:ED,-67, WPA ,0.000000,0.000000,0.000,0.000,AP
2026-04-01 14:51:11,1900-01-00 00:00:00,0999-wombat,B8:27:EB:6F:ED:ED,-67, WPA ,0.000000,0.000000,0.000,0.000,AP
2026-04-01 14:51:11,1900-01-00 00:00:00,0999-wombat,B8:27:EB:6F:ED:ED,-67, WPA ,0.000000,0.000000,0.000,0.000,AP
2026-04-01 14:51:11,1900-01-00 00:00:00,0999-wombat,B8:27:EB:6F:ED:ED,-67, WPA ,0.000000,0.000000,0.000,0.000,AP
2026-04-01 14:51:11,1900-01-00 00:00:00,0999-wombat,B8:27:EB:6F:ED:ED,-67, WPA ,0.000000,0.000000,0.000,0.000,AP
2026-04-01 14:51:11,1900-01-00 00:00:00,0999-wombat,B8:27:EB:6F:ED:ED,-67, WPA ,0.000000,0.000000,0.000,0.000,AP
2026-04-01 14:51:11,1900-01-00 00:00:00,0999-wombat,B8:27:EB:6F:ED:ED,-67, WPA ,0.000000,0.000000,0.000,0.000,AP
2026-04-01 14:51:11,1900-01-00 00:00:00,0999-wombat,B8:27:EB:6F:ED:ED,-67, WPA ,0.000000,0.000000,0.000,0.000,AP
2026-04-01 14:51:11,1900-01-00 00:00:00,0999-wombat,B8:27:EB:6F:ED:ED,-67, WPA ,0.000000,0.000000,0.000,0.000,AP
2026-04-01 14:51:11,1900-01-00 00:00:00,0999-wombat,B8:27:EB:6F:ED:ED,-37, WPA ,0.000000,0.000000,0.000,0.000,AP
2026-04-01 14:51:11,1900-01-00 00:00:00,0999-wombat,B8:27:EB:6F:ED:ED,-37, WPA ,0.000000,0.000000,0.000,0.000,AP
2026-04-01 14:51:11,1900-01-00 00:00:00,0999-wombat,B8:27:EB:6F:ED:ED,-37, WPA ,0.000000,0.000000,0.000,0.000,AP
2026-04-01 14:51:11,1900-01-00 00:00:00,0999-wombat,B8:27:EB:6F:ED:ED,-37, WPA ,0.000000,0.000000,0.000,0.000,AP
2026-04-01 14:51:11,1900-01-00 00:00:00,0999-wombat,B8:27:EB:6F:ED:ED,-37, WPA ,0.000000,0.000000,0.000,0.000,AP
2026-04-01 14:51:11,1900-01-00 00:00:00,0999-wombat,B8:27:EB:6F:ED:ED,-37, WPA ,0.000000,0.000000,0.000,0.000,AP
2026-04-01 14:51:11,1900-01-00 00:00:00,0999-wombat,B8:27:EB:6F:ED:ED,-37, WPA ,0.000000,0.000000,0.000,0.000,AP
2026-04-01 14:51:11,1900-01-00 00:00:00,0999-wombat,B8:27:EB:6F:ED:ED,-37, WPA ,0.000000,0.000000,0.000,0.000,AP
2026-04-01 14:51:11,1900-01-00 00:00:00,0999-wombat,B8:27:EB:6F:ED:ED,-37, WPA ,0.000000,0.000000,0.000,0.000,AP
2026-04-01 14:51:11,1900-01-00 00:00:00,0999-wombat,B8:27:EB:6F:ED:ED,-37, WPA ,0.000000,0.000000,0.000,0.000,AP
2026-04-01 14:51:11,1900-01-00 00:00:00,0999-wombat,B8:27:EB:6F:ED:ED,-37, WPA ,0.000000,0.000000,0.000,0.000,AP
2026-04-01 14:51:11,1900-01-00 00:00:00,0999-wombat,B8:27:EB:6F:ED:ED,-37, WPA ,0.000000,0.000000,0.000,0.000,AP
2026-04-01 14:51:11,1900-01-00 00:00:00,0999-wombat,B8:27:EB:6F:ED:ED,-37, WPA ,0.000000,0.000000,0.000,0.000,AP
2026-04-01 14:51:11,1900-01-00 00:00:00,0999-wombat,B8:27:EB:6F:ED:ED,-37, WPA ,0.000000,0.000000,0.000,0.000,AP
2026-04-01 14:51:11,1900-01-00 00:00:00,0999-wombat,B8:27:EB:6F:ED:ED,-37, WPA ,0.000000,0.000000,0.000,0.000,AP
2026-04-01 14:51:11,1900-01-00 00:00:00,0999-wombat,B8:27:EB:6F:ED:ED,-37, WPA ,0.000000,0.000000,0.000,0.000,AP
2026-04-01 14:51:11,1900-01-00 00:00:00,0999-wombat,B8:27:EB:6F:ED:ED,-37, WPA ,0.000000,0.000000,0.000,0.000,AP
2026-04-01 14:51:11,1900-01-00 00:00:00,0999-wombat,B8:27:EB:6F:ED:ED,-37, WPA ,0.000000,0.000000,0.000,0.000,AP
2026-04-01 14:51:11,1900-01-00 00:00:00,0999-wombat,B8:27:EB:6F:ED:ED,-37, WPA ,0.000000,0.000000,0.000,0.000,AP
2026-04-01 14:51:11,1900-01-00 00:00:00,0999-wombat,B8:27:EB:6F:ED:ED,-37, WPA ,0.000000,0.000000,0.000,0.000,AP
2026-04-01 14:51:11,1900-01-00 00:00:00,0999-wombat,B8:27:EB:6F:ED:ED,-37, WPA ,0.000000,0.000000,0.000,0.000,AP
2026-04-01 14:51:11,1900-01-00 00:00:00,0999-wombat,B8:27:EB:6F:ED:ED,-37, WPA ,0.000000,0.000000,0.000,0.000,AP
2026-04-01 14:51:11,1900-01-00 00:00:00,0999-wombat,B8:27:EB:6F:ED:ED,-37, WPA ,0.000000,0.000000,0.000,0.000,AP
2026-04-01 14:51:11,1900-01-00 00:00:00,0999-wombat,B8:27:EB:6F:ED:ED,-37, WPA ,0.000000,0.000000,0.000,0.000,AP
2026-04-01 14:51:11,1900-01-00 00:00:00,0999-wombat,B8:27:EB:6F:ED:ED,-37, WPA ,0.000000,0.000000,0.000,0.000,AP
2026-04-01 14:51:11,1900-01-00 00:00:00,0999-wombat,B8:27:EB:6F:ED:ED,-37, WPA ,0.000000,0.000000,0.000,0.000,AP
2026-04-01 14:51:11,1900-01-00 00:00:00,0999-wombat,B8:27:EB:6F:ED:ED,-37, WPA ,0.000000,0.000000,0.000,0.000,AP
2026-04-01 14:51:11,1900-01-00 00:00:00,0999-wombat,B8:27:EB:6F:ED:ED,-37, WPA ,0.000000,0.000000,0.000,0.000,AP
2026-04-01 14:51:11,1900-01-00 00:00:00,0999-wombat,B8:27:EB:6F:ED:ED,-37, WPA ,0.000000,0.000000,0.000,0.000,AP
2026-04-01 14:51:11,1900-01-00 00:00:00,0999-wombat,B8:27:EB:6F:ED:ED,-37, WPA ,0.000000,0.000000,0.000,0.000,AP
2026-04-01 14:51:11,1900-01-00 00:00:00,0999-wombat,B8:27:EB:6F:ED:ED,-37, WPA ,0.000000,0.000000,0.000,0.000,AP
2026-04-01 14:51:11,1900-01-00 00:00:00,0999-wombat,B8:27:EB:6F:ED:ED,-37, WPA ,0.000000,0.000000,0.000,0.000,AP
2026-04-01 14:51:11,1900-01-00 00:00:00,0999-wombat,B8:27:EB:6F:ED:ED,-37, WPA ,0.000000,0.000000,0.000,0.000,AP
2026-04-01 14:51:11,1900-01-00 00:00:00,0999-wombat,B8:27:EB:6F:ED:ED,-37, WPA ,0.000000,0.000000,0.000,0.000,AP
2026-04-01 14:51:11,1900-01-00 00:00:00,0999-wombat,B8:27:EB:6F:ED:ED,-62, WPA ,0.000000,0.000000,0.000,0.000,AP
2026-04-01 14:51:11,1900-01-00 00:00:00,0999-wombat,B8:27:EB:6F:ED:ED,-49, WPA ,0.000000,0.000000,0.000,0.000,AP
2026-04-01 14:51:11,1900-01-00 00:00:00,0999-wombat,B8:27:EB:6F:ED:ED,-42, WPA ,0.000000,0.000000,0.000,0.000,AP
2026-04-01 14:51:11,1900-01-00 00:00:00,0999-wombat,B8:27:EB:6F:ED:ED,-42, WPA ,0.000000,0.000000,0.000,0.000,AP
2026-04-01 14:51:11,1900-01-00 00:00:00,0999-wombat,B8:27:EB:6F:ED:ED,-42, WPA ,0.000000,0.000000,0.000,0.000,AP
2026-04-01 14:51:11,1900-01-00 00:00:00,0999-wombat,B8:27:EB:6F:ED:ED,-42, WPA ,0.000000,0.000000,0.000,0.000,AP
2026-04-01 14:51:11,1900-01-00 00:00:00,0999-wombat,B8:27:EB:6F:ED:ED,-42, WPA ,0.000000,0.000000,0.000,0.000,AP
2026-04-01 14:51:11,1900-01-00 00:00:00,0999-wombat,B8:27:EB:6F:ED:ED,-42, WPA ,0.000000,0.000000,0.000,0.000,AP
2026-04-01 14:51:11,1900-01-00 00:00:00,0999-wombat,B8:27:EB:6F:ED:ED,-42, WPA ,0.000000,0.000000,0.000,0.000,AP
2026-04-01 14:51:11,1900-01-00 00:00:00,0999-wombat,B8:27:EB:6F:ED:ED,-42, WPA ,0.000000,0.000000,0.000,0.000,AP
2026-04-01 14:51:11,1900-01-00 00:00:00,0999-wombat,B8:27:EB:6F:ED:ED,-42, WPA ,0.000000,0.000000,0.000,0.000,AP
2026-04-01 14:51:11,1900-01-00 00:00:00,0999-wombat,B8:27:EB:6F:ED:ED,-42, WPA ,0.000000,0.000000,0.000,0.000,AP
2026-04-01 14:51:11,1900-01-00 00:00:00,0999-wombat,B8:27:EB:6F:ED:ED,-42, WPA ,0.000000,0.000000,0.000,0.000,AP
2026-04-01 14:51:11,1900-01-00 00:00:00,0999-wombat,B8:27:EB:6F:ED:ED,-42, WPA ,0.000000,0.000000,0.000,0.000,AP
2026-04-01 14:51:11,1900-01-00 00:00:00,0999-wombat,B8:27:EB:6F:ED:ED,-42, WPA ,0.000000,0.000000,0.000,0.000,AP
2026-04-01 14:51:11,1900-01-00 00:00:00,0999-wombat,B8:27:EB:6F:ED:ED,-42, WPA ,0.000000,0.000000,0.000,0.000,AP
2026-04-01 14:51:11,1900-01-00 00:00:00,0999-wombat,B8:27:EB:6F:ED:ED,-42, WPA ,0.000000,0.000000,0.000,0.000,AP
2026-04-01 14:51:11,1900-01-00 00:00:00,0999-wombat,B8:27:EB:6F:ED:ED,-42, WPA ,0.000000,0.000000,0.000,0.000,AP
2026-04-01 14:51:11,1900-01-00 00:00:00,0999-wombat,B8:27:EB:6F:ED:ED,-42, WPA ,0.000000,0.000000,0.000,0.000,AP
2026-04-01 14:51:11,1900-01-00 00:00:00,0999-wombat,B8:27:EB:6F:ED:ED,-65, WPA ,0.000000,0.000000,0.000,0.000,AP
2026-04-01 14:51:11,1900-01-00 00:00:00,0999-wombat,B8:27:EB:6F:ED:ED,-65, WPA ,0.000000,0.000000,0.000,0.000,AP
2026-04-01 14:51:11,1900-01-00 00:00:00,0999-wombat,B8:27:EB:6F:ED:ED,-65, WPA ,0.000000,0.000000,0.000,0.000,AP
2026-04-01 14:51:11,1900-01-00 00:00:00,0999-wombat,B8:27:EB:6F:ED:ED,-65, WPA ,0.000000,0.000000,0.000,0.000,AP
2026-04-01 14:51:11,1900-01-00 00:00:00,0999-wombat,B8:27:EB:6F:ED:ED,-65, WPA ,0.000000,0.000000,0.000,0.000,AP
2026-04-01 14:51:11,1900-01-00 00:00:00,0999-wombat,B8:27:EB:6F:ED:ED,-65, WPA ,0.000000,0.000000,0.000,0.000,AP
2026-04-01 14:51:11,1900-01-00 00:00:00,0999-wombat,B8:27:EB:6F:ED:ED,-65, WPA ,0.000000,0.000000,0.000,0.000,AP
2026-04-01 14:51:11,1900-01-00 00:00:00,0999-wombat,B8:27:EB:6F:ED:ED,-79, WPA ,0.000000,0.000000,0.000,0.000,AP
2026-04-01 14:51:11,1900-01-00 00:00:00,0999-wombat,B8:27:EB:6F:ED:ED,-79, WPA ,0.000000,0.000000,0.000,0.000,AP
2026-04-01 14:51:11,1900-01-00 00:00:00,0999-wombat,B8:27:EB:6F:ED:ED,-79, WPA ,0.000000,0.000000,0.000,0.000,AP
2026-04-01 14:51:11,1900-01-00 00:00:00,0999-wombat,B8:27:EB:6F:ED:ED,-79, WPA ,0.000000,0.000000,0.000,0.000,AP
2026-04-01 14:51:11,1900-01-00 00:00:00,0999-wombat,B8:27:EB:6F:ED:ED,-79, WPA ,0.000000,0.000000,0.000,0.000,AP
2026-04-01 14:51:11,1900-01-00 00:00:00,0999-wombat,B8:27:EB:6F:ED:ED,-79, WPA ,0.000000,0.000000,0.000,0.000,AP
2026-04-01 14:51:11,1900-01-00 00:00:00,0999-wombat,B8:27:EB:6F:ED:ED,-79, WPA ,0.000000,0.000000,0.000,0.000,AP
2026-04-01 14:51:11,1900-01-00 00:00:00,0999-wombat,B8:27:EB:6F:ED:ED,-79, WPA ,0.000000,0.000000,0.000,0.000,AP
2026-04-01 14:51:11,1900-01-00 00:00:00,0999-wombat,B8:27:EB:6F:ED:ED,-79, WPA ,0.000000,0.000000,0.000,0.000,AP
2026-04-01 14:51:11,1900-01-00 00:00:00,0999-wombat,B8:27:EB:6F:ED:ED,-79, WPA ,0.000000,0.000000,0.000,0.000,AP
2026-04-01 14:51:11,1900-01-00 00:00:00,0999-wombat,B8:27:EB:6F:ED:ED,-79, WPA ,0.000000,0.000000,0.000,0.000,AP
2026-04-01 14:51:11,1900-01-00 00:00:00,0999-wombat,B8:27:EB:6F:ED:ED,-79, WPA ,0.000000,0.000000,0.000,0.000,AP
2026-04-01 14:51:11,1900-01-00 00:00:00,0999-wombat,B8:27:EB:6F:ED:ED,-79, WPA ,0.000000,0.000000,0.000,0.000,AP
2026-04-01 14:51:11,1900-01-00 00:00:00,0999-wombat,B8:27:EB:6F:ED:ED,-79, WPA ,0.000000,0.000000,0.000,0.000,AP
2026-04-01 14:51:11,1900-01-00 00:00:00,0999-wombat,B8:27:EB:6F:ED:ED,-79, WPA ,0.000000,0.000000,0.000,0.000,AP
2026-04-01 14:51:11,1900-01-00 00:00:00,0999-wombat,B8:27:EB:6F:ED:ED,-79, WPA ,0.000000,0.000000,0.000,0.000,AP
2026-04-01 14:51:11,1900-01-00 00:00:00,0999-wombat,B8:27:EB:6F:ED:ED,-79, WPA ,0.000000,0.000000,0.000,0.000,AP
2026-04-01 14:51:11,1900-01-00 00:00:00,0999-wombat,B8:27:EB:6F:ED:ED,-79, WPA ,0.000000,0.000000,0.000,0.000,AP
2026-04-01 14:51:11,1900-01-00 00:00:00,0999-wombat,B8:27:EB:6F:ED:ED,-79, WPA ,0.000000,0.000000,0.000,0.000,AP
2026-04-01 14:51:11,1900-01-00 00:00:00,0999-wombat,B8:27:EB:6F:ED:ED,-79, WPA ,0.000000,0.000000,0.000,0.000,AP
2026-04-01 14:51:11,1900-01-00 00:00:00,0999-wombat,B8:27:EB:6F:ED:ED,-79, WPA ,0.000000,0.000000,0.000,0.000,AP
2026-04-01 14:51:11,1900-01-00 00:00:00,0999-wombat,B8:27:EB:6F:ED:ED,-79, WPA ,0.000000,0.000000,0.000,0.000,AP
2026-04-01 14:51:11,1900-01-00 00:00:00,0999-wombat,B8:27:EB:6F:ED:ED,-79, WPA ,0.000000,0.000000,0.000,0.000,AP
2026-04-01 14:51:11,1900-01-00 00:00:00,0999-wombat,B8:27:EB:6F:ED:ED,-79, WPA ,0.000000,0.000000,0.000,0.000,AP
2026-04-01 14:51:11,1900-01-00 00:00:00,0999-wombat,B8:27:EB:6F:ED:ED,-79, WPA ,0.000000,0.000000,0.000,0.000,AP
2026-04-01 14:51:11,1900-01-00 00:00:00,0999-wombat,B8:27:EB:6F:ED:ED,-79, WPA ,0.000000,0.000000,0.000,0.000,AP
2026-04-01 14:51:11,1900-01-00 00:00:00,0999-wombat,B8:27:EB:6F:ED:ED,-79, WPA ,0.000000,0.000000,0.000,0.000,AP
2026-04-01 14:51:11,1900-01-00 00:00:00,0999-wombat,B8:27:EB:6F:ED:ED,-79, WPA ,0.000000,0.000000,0.000,0.000,AP
2026-04-01 14:51:11,1900-01-00 00:00:00,0999-wombat,B8:27:EB:6F:ED:ED,-66, WPA ,0.000000,0.000000,0.000,0.000,AP
2026-04-01 14:51:11,1900-01-00 00:00:00,0999-wombat,B8:27:EB:6F:ED:ED,-67, WPA ,0.000000,0.000000,0.000,0.000,AP
2026-04-01 14:51:11,1900-01-00 00:00:00,0999-wombat,B8:27:EB:6F:ED:ED,-67, WPA ,0.000000,0.000000,0.000,0.000,AP
2026-04-01 14:51:11,1900-01-00 00:00:00,0999-wombat,B8:27:EB:6F:ED:ED,-67, WPA ,0.000000,0.000000,0.000,0.000,AP
2026-04-01 14:51:11,1900-01-00 00:00:00,0999-wombat,B8:27:EB:6F:ED:ED,-67, WPA ,0.000000,0.000000,0.000,0.000,AP
2026-04-01 14:51:11,1900-01-00 00:00:00,0999-wombat,B8:27:EB:6F:ED:ED,-67, WPA ,0.000000,0.000000,0.000,0.000,AP
2026-04-01 14:51:11,1900-01-00 00:00:00,0999-wombat,B8:27:EB:6F:ED:ED,-67, WPA ,0.000000,0.000000,0.000,0.000,AP
2026-04-01 14:51:11,1900-01-00 00:00:00,0999-wombat,B8:27:EB:6F:ED:ED,-67, WPA ,0.000000,0.000000,0.000,0.000,AP
2026-04-01 14:51:11,1900-01-00 00:00:00,0999-wombat,B8:27:EB:6F:ED:ED,-67, WPA ,0.000000,0.000000,0.000,0.000,AP
2026-04-01 14:51:11,1900-01-00 00:00:00,0999-wombat,B8:27:EB:6F:ED:ED,-67, WPA ,0.000000,0.000000,0.000,0.000,AP
2026-04-01 14:51:11,1900-01-00 00:00:00,0999-wombat,B8:27:EB:6F:ED:ED,-67, WPA ,0.000000,0.000000,0.000,0.000,AP
2026-04-01 14:51:11,1900-01-00 00:00:00,0999-wombat,B8:27:EB:6F:ED:ED,-67, WPA ,0.000000,0.000000,0.000,0.000,AP
2026-04-01 14:51:11,1900-01-00 00:00:00,0999-wombat,B8:27:EB:6F:ED:ED,-67, WPA ,0.000000,0.000000,0.000,0.000,AP
2026-04-01 14:51:11,1900-01-00 00:00:00,0999-wombat,B8:27:EB:6F:ED:ED,-67, WPA ,0.000000,0.000000,0.000,0.000,AP
2026-04-01 14:51:11,1900-01-00 00:00:00,0999-wombat,B8:27:EB:6F:ED:ED,-67, WPA ,0.000000,0.000000,0.000,0.000,AP
2026-04-01 14:51:11,1900-01-00 00:00:00,0999-wombat,B8:27:EB:6F:ED:ED,-67, WPA ,0.000000,0.000000,0.000,0.000,AP
2026-04-01 14:51:11,1900-01-00 00:00:00,0999-wombat,B8:27:EB:6F:ED:ED,-67, WPA ,0.000000,0.000000,0.000,0.000,AP
2026-04-01 14:51:11,1900-01-00 00:00:00,0999-wombat,B8:27:EB:6F:ED:ED,-67, WPA ,0.000000,0.000000,0.000,0.000,AP
2026-04-01 14:51:11,1900-01-00 00:00:00,0999-wombat,B8:27:EB:6F:ED:ED,-67, WPA ,0.000000,0.000000,0.000,0.000,AP
2026-04-01 14:51:11,1900-01-00 00:00:00,0999-wombat,B8:27:EB:6F:ED:ED,-67, WPA ,0.000000,0.000000,0.000,0.000,AP
2026-04-01 14:51:11,1900-01-00 00:00:00,0999-wombat,B8:27:EB:6F:ED:ED,-67, WPA ,0.000000,0.000000,0.000,0.000,AP
2026-04-01 14:51:11,1900-01-00 00:00:00,0999-wombat,B8:27:EB:6F:ED:ED,-67, WPA ,0.000000,0.000000,0.000,0.000,AP
2026-04-01 14:51:11,1900-01-00 00:00:00,0999-wombat,B8:27:EB:6F:ED:ED,-67, WPA ,0.000000,0.000000,0.000,0.000,AP
2026-04-01 14:51:11,1900-01-00 00:00:00,0999-wombat,B8:27:EB:6F:ED:ED,-67, WPA ,0.000000,0.000000,0.000,0.000,AP
2026-04-01 14:51:11,1900-01-00 00:00:00,0999-wombat,B8:27:EB:6F:ED:ED,-67, WPA ,0.000000,0.000000,0.000,0.000,AP
2026-04-01 14:51:11,1900-01-00 00:00:00,0999-wombat,B8:27:EB:6F:ED:ED,-67, WPA ,0.000000,0.000000,0.000,0.000,AP
2026-04-01 14:51:11,1900-01-00 00:00:00,0999-wombat,B8:27:EB:6F:ED:ED,-67, WPA ,0.000000,0.000000,0.000,0.000,AP
2026-04-01 14:51:11,1900-01-00 00:00:00,0999-wombat,B8:27:EB:6F:ED:ED,-67, WPA ,0.000000,0.000000,0.000,0.000,AP
2026-04-01 14:51:11,1900-01-00 00:00:00,0999-wombat,B8:27:EB:6F:ED:ED,-67, WPA ,0.000000,0.000000,0.000,0.000,AP
2026-04-01 14:51:11,1900-01-00 00:00:00,0999-wombat,B8:27:EB:6F:ED:ED,-67, WPA ,0.000000,0.000000,0.000,0.000,AP
2026-04-01 14:51:11,1900-01-00 00:00:00,0999-wombat,B8:27:EB:6F:ED:ED,-67, WPA ,0.000000,0.000000,0.000,0.000,AP
2026-04-01 14:51:11,1900-01-00 00:00:00,0999-wombat,B8:27:EB:6F:ED:ED,-67, WPA ,0.000000,0.000000,0.000,0.000,AP
2026-04-01 14:51:11,1900-01-00 00:00:00,0999-wombat,B8:27:EB:6F:ED:ED,-67, WPA ,0.000000,0.000000,0.000,0.000,AP
2026-04-01 14:51:11,1900-01-00 00:00:00,0999-wombat,B8:27:EB:6F:ED:ED,-67, WPA ,0.000000,0.000000,0.000,0.000,AP
2026-04-01 14:51:11,1900-01-00 00:00:00,0999-wombat,B8:27:EB:6F:ED:ED,-67, WPA ,0.000000,0.000000,0.000,0.000,AP
2026-04-01 14:51:11,1900-01-00 00:00:00,0999-wombat,B8:27:EB:6F:ED:ED,-67, WPA ,0.000000,0.000000,0.000,0.000,AP
2026-04-01 14:51:11,1900-01-00 00:00:00,0999-wombat,B8:27:EB:6F:ED:ED,-67, WPA ,0.000000,0.000000,0.000,0.000,AP
2026-04-01 14:51:11,1900-01-00 00:00:00,0999-wombat,B8:27:EB:6F:ED:ED,-67, WPA ,0.000000,0.000000,0.000,0.000,AP
2026-04-01 14:51:11,1900-01-00 00:00:00,0999-wombat,B8:27:EB:6F:ED:ED,-67, WPA ,0.000000,0.000000,0.000,0.000,AP
2026-04-01 14:51:11,1900-01-00 00:00:00,0999-wombat,B8:27:EB:6F:ED:ED,-67, WPA ,0.000000,0.000000,0.000,0.000,AP
2026-04-01 14:51:11,1900-01-00 00:00:00,0999-wombat,B8:27:EB:6F:ED:ED,-67, WPA ,0.000000,0.000000,0.000,0.000,AP
2026-04-01 14:51:11,1900-01-00 00:00:00,0999-wombat,B8:27:EB:6F:ED:ED,-67, WPA ,0.000000,0.000000,0.000,0.000,AP
2026-04-01 14:51:11,1900-01-00 00:00:00,0999-wombat,B8:27:EB:6F:ED:ED,-67, WPA ,0.000000,0.000000,0.000,0.000,AP
2026-04-01 14:51:11,1900-01-00 00:00:00,0999-wombat,B8:27:EB:6F:ED:ED,-67, WPA ,0.000000,0.000000,0.000,0.000,AP
2026-04-01 14:51:11,1900-01-00 00:00:00,0999-wombat,B8:27:EB:6F:ED:ED,-67, WPA ,0.000000,0.000000,0.000,0.000,AP
2026-04-01 14:51:11,1900-01-00 00:00:00,0999-wombat,B8:27:EB:6F:ED:ED,-42, WPA ,0.000000,0.000000,0.000,0.000,AP
2026-04-01 14:51:11,1900-01-00 00:00:00,0999-wombat,B8:27:EB:6F:ED:ED,-66, WPA ,0.000000,0.000000,0.000,0.000,AP
2026-04-01 14:51:11,1900-01-00 00:00:00,0999-wombat,B8:27:EB:6F:ED:ED,-66, WPA ,0.000000,0.000000,0.000,0.000,AP
2026-04-01 14:51:11,1900-01-00 00:00:00,0999-wombat,B8:27:EB:6F:ED:ED,-66, WPA ,0.000000,0.000000,0.000,0.000,AP
2026-04-01 14:51:11,1900-01-00 00:00:00,0999-wombat,B8:27:EB:6F:ED:ED,-67, WPA ,0.000000,0.000000,0.000,0.000,AP
2026-04-01 14:51:11,1900-01-00 00:00:00,0999-wombat,B8:27:EB:6F:ED:ED,-67, WPA ,0.000000,0.000000,0.000,0.000,AP
2026-04-01 14:51:11,1900-01-00 00:00:00,0999-wombat,B8:27:EB:6F:ED:ED,-67, WPA ,0.000000,0.000000,0.000,0.000,AP
2026-04-01 14:51:11,1900-01-00 00:00:00,0999-wombat,B8:27:EB:6F:ED:ED,-67, WPA ,0.000000,0.000000,0.000,0.000,AP
2026-04-01 14:51:11,1900-01-00 00:00:00,0999-wombat,B8:27:EB:6F:ED:ED,-67, WPA ,0.000000,0.000000,0.000,0.000,AP
2026-04-01 14:51:11,1900-01-00 00:00:00,0999-wombat,B8:27:EB:6F:ED:ED,-66, WPA ,0.000000,0.000000,0.000,0.000,AP
2026-04-01 14:51:11,1900-01-00 00:00:00,0999-wombat,B8:27:EB:6F:ED:ED,-66, WPA ,0.000000,0.000000,0.000,0.000,AP
2026-04-01 14:51:11,1900-01-00 00:00:00,0999-wombat,B8:27:EB:6F:ED:ED,-66, WPA ,0.000000,0.000000,0.000,0.000,AP
2026-04-01 14:51:11,1900-01-00 00:00:00,0999-wombat,B8:27:EB:6F:ED:ED,-66, WPA ,0.000000,0.000000,0.000,0.000,AP
2026-04-01 14:51:11,1900-01-00 00:00:00,0999-wombat,B8:27:EB:6F:ED:ED,-66, WPA ,0.000000,0.000000,0.000,0.000,AP
2026-04-01 14:51:11,1900-01-00 00:00:00,0999-wombat,B8:27:EB:6F:ED:ED,-66, WPA ,0.000000,0.000000,0.000,0.000,AP
2026-04-01 14:51:11,1900-01-00 00:00:00,0999-wombat,B8:27:EB:6F:ED:ED,-66, WPA ,0.000000,0.000000,0.000,0.000,AP
2026-04-01 14:51:11,1900-01-00 00:00:00,0999-wombat,B8:27:EB:6F:ED:ED,-66, WPA ,0.000000,0.000000,0.000,0.000,AP
2026-04-01 14:51:11,1900-01-00 00:00:00,0999-wombat,B8:27:EB:6F:ED:ED,-66, WPA ,0.000000,0.000000,0.000,0.000,AP
2026-04-01 14:51:11,1900-01-00 00:00:00,0999-wombat,B8:27:EB:6F:ED:ED,-65, WPA ,0.000000,0.000000,0.000,0.000,AP
2026-04-01 14:51:11,1900-01-00 00:00:00,0999-wombat,B8:27:EB:6F:ED:ED,-65, WPA ,0.000000,0.000000,0.000,0.000,AP
2026-04-01 14:51:11,1900-01-00 00:00:00,0999-wombat,B8:27:EB:6F:ED:ED,-65, WPA ,0.000000,0.000000,0.000,0.000,AP
2026-04-01 14:51:11,1900-01-00 00:00:00,0999-wombat,B8:27:EB:6F:ED:ED,-67, WPA ,0.000000,0.000000,0.000,0.000,AP
2026-04-01 14:51:11,1900-01-00 00:00:00,0999-wombat,B8:27:EB:6F:ED:ED,-67, WPA ,0.000000,0.000000,0.000,0.000,AP
2026-04-01 14:51:11,1900-01-00 00:00:00,0999-wombat,B8:27:EB:6F:ED:ED,-67, WPA ,0.000000,0.000000,0.000,0.000,AP
2026-04-01 14:51:11,1900-01-00 00:00:00,0999-wombat,B8:27:EB:6F:ED:ED,-67, WPA ,0.000000,0.000000,0.000,0.000,AP
2026-04-01 14:51:11,1900-01-00 00:00:00,0999-wombat,B8:27:EB:6F:ED:ED,-80, WPA ,0.000000,0.000000,0.000,0.000,AP
2026-04-01 14:51:11,1900-01-00 00:00:00,0999-wombat,B8:27:EB:6F:ED:ED,-79, WPA ,0.000000,0.000000,0.000,0.000,AP
2026-04-01 14:51:11,1900-01-00 00:00:00,0999-wombat,B8:27:EB:6F:ED:ED,-66, WPA ,0.000000,0.000000,0.000,0.000,AP
2026-04-01 14:51:11,1900-01-00 00:00:00,0999-wombat,B8:27:EB:6F:ED:ED,-66, WPA ,0.000000,0.000000,0.000,0.000,AP
2026-04-01 14:51:11,1900-01-00 00:00:00,0999-wombat,B8:27:EB:6F:ED:ED,-66, WPA ,0.000000,0.000000,0.000,0.000,AP
2026-04-01 14:51:11,1900-01-00 00:00:00,0999-wombat,B8:27:EB:6F:ED:ED,-66, WPA ,0.000000,0.000000,0.000,0.000,AP
2026-04-01 14:51:11,1900-01-00 00:00:00,0999-wombat,B8:27:EB:6F:ED:ED,-66, WPA ,0.000000,0.000000,0.000,0.000,AP
2026-04-01 14:51:11,1900-01-00 00:00:00,0999-wombat,B8:27:EB:6F:ED:ED,-66, WPA ,0.000000,0.000000,0.000,0.000,AP
2026-04-01 14:51:11,1900-01-00 00:00:00,0999-wombat,B8:27:EB:6F:ED:ED,-66, WPA ,0.000000,0.000000,0.000,0.000,AP
2026-04-01 14:51:11,1900-01-00 00:00:00,0999-wombat,B8:27:EB:6F:ED:ED,-66, WPA ,0.000000,0.000000,0.000,0.000,AP
2026-04-01 14:51:11,1900-01-00 00:00:00,0999-wombat,B8:27:EB:6F:ED:ED,-66, WPA ,0.000000,0.000000,0.000,0.000,AP
2026-04-01 14:51:11,1900-01-00 00:00:00,0999-wombat,B8:27:EB:6F:ED:ED,-66, WPA ,0.000000,0.000000,0.000,0.000,AP
2026-04-01 14:51:11,1900-01-00 00:00:00,0999-wombat,B8:27:EB:6F:ED:ED,-66, WPA ,0.000000,0.000000,0.000,0.000,AP
2026-04-01 14:51:11,1900-01-00 00:00:00,0999-wombat,B8:27:EB:6F:ED:ED,-66, WPA ,0.000000,0.000000,0.000,0.000,AP
2026-04-01 14:51:11,1900-01-00 00:00:00,0999-wombat,B8:27:EB:6F:ED:ED,-66, WPA ,0.000000,0.000000,0.000,0.000,AP
2026-04-01 14:51:11,1900-01-00 00:00:00,0999-wombat,B8:27:EB:6F:ED:ED,-66, WPA ,0.000000,0.000000,0.000,0.000,AP
2026-04-01 14:51:11,1900-01-00 00:00:00,0999-wombat,B8:27:EB:6F:ED:ED,-66, WPA ,0.000000,0.000000,0.000,0.000,AP
2026-04-01 14:51:11,1900-01-00 00:00:00,0999-wombat,B8:27:EB:6F:ED:ED,-66, WPA ,0.000000,0.000000,0.000,0.000,AP
2026-04-01 14:51:11,1900-01-00 00:00:00,0999-wombat,B8:27:EB:6F:ED:ED,-66, WPA ,0.000000,0.000000,0.000,0.000,AP
2026-04-01 14:51:11,1900-01-00 00:00:00,0999-wombat,B8:27:EB:6F:ED:ED,-66, WPA ,0.000000,0.000000,0.000,0.000,AP
2026-04-01 14:51:11,1900-01-00 00:00:00,0999-wombat,B8:27:EB:6F:ED:ED,-66, WPA ,0.000000,0.000000,0.000,0.000,AP
2026-04-01 14:51:11,1900-01-00 00:00:00,0999-wombat,B8:27:EB:6F:ED:ED,-66, WPA ,0.000000,0.000000,0.000,0.000,AP
2026-04-01 14:51:11,1900-01-00 00:00:00,0999-wombat,B8:27:EB:6F:ED:ED,-66, WPA ,0.000000,0.000000,0.000,0.000,AP
2026-04-01 14:51:11,1900-01-00 00:00:00,0999-wombat,B8:27:EB:6F:ED:ED,-66, WPA ,0.000000,0.000000,0.000,0.000,AP
2026-04-01 14:51:11,1900-01-00 00:00:00,0999-wombat,B8:27:EB:6F:ED:ED,-66, WPA ,0.000000,0.000000,0.000,0.000,AP
2026-04-01 14:51:11,1900-01-00 00:00:00,0999-wombat,B8:27:EB:6F:ED:ED,-66, WPA ,0.000000,0.000000,0.000,0.000,AP
2026-04-01 14:51:11,1900-01-00 00:00:00,0999-wombat,B8:27:EB:6F:ED:ED,-66, WPA ,0.000000,0.000000,0.000,0.000,AP
2026-04-01 14:51:11,1900-01-00 00:00:00,0999-wombat,B8:27:EB:6F:ED:ED,-66, WPA ,0.000000,0.000000,0.000,0.000,AP
2026-04-01 14:51:11,1900-01-00 00:00:00,0999-wombat,B8:27:EB:6F:ED:ED,-66, WPA ,0.000000,0.000000,0.000,0.000,AP
2026-04-01 14:51:11,1900-01-00 00:00:00,0999-wombat,B8:27:EB:6F:ED:ED,-66, WPA ,0.000000,0.000000,0.000,0.000,AP
2026-04-01 14:51:11,1900-01-00 00:00:00,0999-wombat,B8:27:EB:6F:ED:ED,-66, WPA ,0.000000,0.000000,0.000,0.000,AP
2026-04-01 14:51:11,1900-01-00 00:00:00,0999-wombat,B8:27:EB:6F:ED:ED,-66, WPA ,0.000000,0.000000,0.000,0.000,AP
2026-04-01 14:51:11,1900-01-00 00:00:00,0999-wombat,B8:27:EB:6F:ED:ED,-86, WPA ,0.000000,0.000000,0.000,0.000,AP
2026-04-01 14:51:11,1900-01-00 00:00:00,0999-wombat,B8:27:EB:6F:ED:ED,-86, WPA ,0.000000,0.000000,0.000,0.000,AP
2026-04-01 14:51:11,1900-01-00 00:00:00,0999-wombat,B8:27:EB:6F:ED:ED,-66, WPA ,0.000000,0.000000,0.000,0.000,AP
2026-04-01 14:51:11,1900-01-00 00:00:00,0999-wombat,B8:27:EB:6F:ED:ED,-66, WPA ,0.000000,0.000000,0.000,0.000,AP
2026-04-01 14:51:11,1900-01-00 00:00:00,0999-wombat,B8:27:EB:6F:ED:ED,-66, WPA ,0.000000,0.000000,0.000,0.000,AP
2026-04-01 14:51:11,1900-01-00 00:00:00,0999-wombat,B8:27:EB:6F:ED:ED,-66, WPA ,0.000000,0.000000,0.000,0.000,AP
2026-04-01 14:51:11,1900-01-00 00:00:00,0999-wombat,B8:27:EB:6F:ED:ED,-66, WPA ,0.000000,0.000000,0.000,0.000,AP
2026-04-01 14:51:11,1900-01-00 00:00:00,0999-wombat,B8:27:EB:6F:ED:ED,-66, WPA ,0.000000,0.000000,0.000,0.000,AP
2026-04-01 14:51:11,1900-01-00 00:00:00,0999-wombat,B8:27:EB:6F:ED:ED,-66, WPA ,0.000000,0.000000,0.000,0.000,AP
2026-04-01 14:51:11,1900-01-00 00:00:00,0999-wombat,B8:27:EB:6F:ED:ED,-66, WPA ,0.000000,0.000000,0.000,0.000,AP
2026-04-01 14:51:11,1900-01-00 00:00:00,0999-wombat,B8:27:EB:6F:ED:ED,-66, WPA ,0.000000,0.000000,0.000,0.000,AP
2026-04-01 14:51:11,1900-01-00 00:00:00,0999-wombat,B8:27:EB:6F:ED:ED,-66, WPA ,0.000000,0.000000,0.000,0.000,AP
2026-04-01 14:51:11,1900-01-00 00:00:00,0999-wombat,B8:27:EB:6F:ED:ED,-67, WPA ,0.000000,0.000000,0.000,0.000,AP
2026-04-01 14:51:11,1900-01-00 00:00:00,0999-wombat,B8:27:EB:6F:ED:ED,-67, WPA ,0.000000,0.000000,0.000,0.000,AP
2026-04-01 14:51:11,1900-01-00 00:00:00,0999-wombat,B8:27:EB:6F:ED:ED,-67, WPA ,0.000000,0.000000,0.000,0.000,AP
2026-04-01 14:51:11,1900-01-00 00:00:00,0999-wombat,B8:27:EB:6F:ED:ED,-66, WPA ,0.000000,0.000000,0.000,0.000,AP
2026-04-01 14:51:11,1900-01-00 00:00:00,0999-wombat,B8:27:EB:6F:ED:ED,-66, WPA ,0.000000,0.000000,0.000,0.000,AP
2026-04-01 14:51:11,1900-01-00 00:00:00,0999-wombat,B8:27:EB:6F:ED:ED,-66, WPA ,0.000000,0.000000,0.000,0.000,AP
2026-04-01 14:51:11,1900-01-00 00:00:00,0999-wombat,B8:27:EB:6F:ED:ED,-66, WPA ,0.000000,0.000000,0.000,0.000,AP
2026-04-01 14:51:11,1900-01-00 00:00:00,0999-wombat,B8:27:EB:6F:ED:ED,-67, WPA ,0.000000,0.000000,0.000,0.000,AP
2026-04-01 14:51:11,1900-01-00 00:00:00,0999-wombat,B8:27:EB:6F:ED:ED,-66, WPA ,0.000000,0.000000,0.000,0.000,AP
2026-04-01 14:51:11,1900-01-00 00:00:00,0999-wombat,B8:27:EB:6F:ED:ED,-66, WPA ,0.000000,0.000000,0.000,0.000,AP
2026-04-01 14:51:11,1900-01-00 00:00:00,0999-wombat,B8:27:EB:6F:ED:ED,-66, WPA ,0.000000,0.000000,0.000,0.000,AP
2026-04-01 14:51:11,1900-01-00 00:00:00,0999-wombat,B8:27:EB:6F:ED:ED,-66, WPA ,0.000000,0.000000,0.000,0.000,AP
2026-04-01 14:51:11,1900-01-00 00:00:00,0999-wombat,B8:27:EB:6F:ED:ED,-66, WPA ,0.000000,0.000000,0.000,0.000,AP
2026-04-01 14:51:11,1900-01-00 00:00:00,0999-wombat,B8:27:EB:6F:ED:ED,-66, WPA ,0.000000,0.000000,0.000,0.000,AP
2026-04-01 14:51:11,1900-01-00 00:00:00,0999-wombat,B8:27:EB:6F:ED:ED,-66, WPA ,0.000000,0.000000,0.000,0.000,AP
2026-04-01 14:51:11,1900-01-00 00:00:00,0999-wombat,B8:27:EB:6F:ED:ED,-66, WPA ,0.000000,0.000000,0.000,0.000,AP
2026-04-01 14:51:11,1900-01-00 00:00:00,0999-wombat,B8:27:EB:6F:ED:ED,-66, WPA ,0.000000,0.000000,0.000,0.000,AP
2026-04-01 14:51:11,1900-01-00 00:00:00,0999-wombat,B8:27:EB:6F:ED:ED,-66, WPA ,0.000000,0.000000,0.000,0.000,AP
2026-04-01 14:51:11,1900-01-00 00:00:00,0999-wombat,B8:27:EB:6F:ED:ED,-66, WPA ,0.000000,0.000000,0.000,0.000,AP
2026-04-01 14:51:11,1900-01-00 00:00:00,0999-wombat,B8:27:EB:6F:ED:ED,-66, WPA ,0.000000,0.000000,0.000,0.000,AP
2026-04-01 14:51:11,1900-01-00 00:00:00,0999-wombat,B8:27:EB:6F:ED:ED,-66, WPA ,0.000000,0.000000,0.000,0.000,AP
2026-04-01 14:51:11,1900-01-00 00:00:00,0999-wombat,B8:27:EB:6F:ED:ED,-66, WPA ,0.000000,0.000000,0.000,0.000,AP
2026-04-01 14:51:11,1900-01-00 00:00:00,0999-wombat,B8:27:EB:6F:ED:ED,-66, WPA ,0.000000,0.000000,0.000,0.000,AP
2026-04-01 14:51:11,1900-01-00 00:00:00,0999-wombat,B8:27:EB:6F:ED:ED,-56, WPA ,0.000000,0.000000,0.000,0.000,AP
2026-04-01 14:51:11,1900-01-00 00:00:00,0999-wombat,B8:27:EB:6F:ED:ED,-87, WPA ,0.000000,0.000000,0.000,0.000,AP
2026-04-01 14:51:11,1900-01-00 00:00:00,0999-wombat,B8:27:EB:6F:ED:ED,-87, WPA ,0.000000,0.000000,0.000,0.000,AP
2026-04-01 14:51:11,1900-01-00 00:00:00,0999-wombat,B8:27:EB:6F:ED:ED,-87, WPA ,0.000000,0.000000,0.000,0.000,AP
2026-04-01 14:51:11,1900-01-00 00:00:00,0999-wombat,B8:27:EB:6F:ED:ED,-87, WPA ,0.000000,0.000000,0.000,0.000,AP
2026-04-01 14:51:11,1900-01-00 00:00:00,0999-wombat,B8:27:EB:6F:ED:ED,-87, WPA ,0.000000,0.000000,0.000,0.000,AP
2026-04-01 14:51:11,1900-01-00 00:00:00,0999-wombat,B8:27:EB:6F:ED:ED,-87, WPA ,0.000000,0.000000,0.000,0.000,AP
2026-04-01 14:51:11,1900-01-00 00:00:00,0999-wombat,B8:27:EB:6F:ED:ED,-87, WPA ,0.000000,0.000000,0.000,0.000,AP
2026-04-01 14:51:11,1900-01-00 00:00:00,0999-wombat,B8:27:EB:6F:ED:ED,-87, WPA ,0.000000,0.000000,0.000,0.000,AP
2026-04-01 14:51:11,1900-01-00 00:00:00,0999-wombat,B8:27:EB:6F:ED:ED,-87, WPA ,0.000000,0.000000,0.000,0.000,AP
2026-04-01 14:51:11,1900-01-00 00:00:00,0999-wombat,B8:27:EB:6F:ED:ED,-87, WPA ,0.000000,0.000000,0.000,0.000,AP
2026-04-01 14:51:11,1900-01-00 00:00:00,0999-wombat,B8:27:EB:6F:ED:ED,-87, WPA ,0.000000,0.000000,0.000,0.000,AP
2026-04-01 14:51:11,1900-01-00 00:00:00,0999-wombat,B8:27:EB:6F:ED:ED,-87, WPA ,0.000000,0.000000,0.000,0.000,AP
2026-04-01 14:51:11,1900-01-00 00:00:00,0999-wombat,B8:27:EB:6F:ED:ED,-87, WPA ,0.000000,0.000000,0.000,0.000,AP
2026-04-01 14:51:11,1900-01-00 00:00:00,0999-wombat,B8:27:EB:6F:ED:ED,-87, WPA ,0.000000,0.000000,0.000,0.000,AP
2026-04-01 14:51:11,1900-01-00 00:00:00,0999-wombat,B8:27:EB:6F:ED:ED,-87, WPA ,0.000000,0.000000,0.000,0.000,AP
2026-04-01 14:51:11,1900-01-00 00:00:00,0999-wombat,B8:27:EB:6F:ED:ED,-87, WPA ,0.000000,0.000000,0.000,0.000,AP
2026-04-01 14:51:11,1900-01-00 00:00:00,0999-wombat,B8:27:EB:6F:ED:ED,-87, WPA ,0.000000,0.000000,0.000,0.000,AP
2026-04-01 14:51:11,1900-01-00 00:00:00,0999-wombat,B8:27:EB:6F:ED:ED,-87, WPA ,0.000000,0.000000,0.000,0.000,AP
2026-04-01 14:51:11,1900-01-00 00:00:00,0999-wombat,B8:27:EB:6F:ED:ED,-87, WPA ,0.000000,0.000000,0.000,0.000,AP
2026-04-01 14:51:11,1900-01-00 00:00:00,0999-wombat,B8:27:EB:6F:ED:ED,-87, WPA ,0.000000,0.000000,0.000,0.000,AP
2026-04-01 14:51:11,1900-01-00 00:00:00,0999-wombat,B8:27:EB:6F:ED:ED,-87, WPA ,0.000000,0.000000,0.000,0.000,AP
2026-04-01 14:51:11,1900-01-00 00:00:00,0999-wombat,B8:27:EB:6F:ED:ED,-87, WPA ,0.000000,0.000000,0.000,0.000,AP
2026-04-01 14:51:11,1900-01-00 00:00:00,0999-wombat,B8:27:EB:6F:ED:ED,-87, WPA ,0.000000,0.000000,0.000,0.000,AP
2026-04-01 14:51:11,1900-01-00 00:00:00,0999-wombat,B8:27:EB:6F:ED:ED,-87, WPA ,0.000000,0.000000,0.000,0.000,AP
2026-04-01 14:51:11,1900-01-00 00:00:00,0999-wombat,B8:27:EB:6F:ED:ED,-87, WPA ,0.000000,0.000000,0.000,0.000,AP
2026-04-01 14:51:11,1900-01-00 00:00:00,0999-wombat,B8:27:EB:6F:ED:ED,-87, WPA ,0.000000,0.000000,0.000,0.000,AP
2026-04-01 14:51:11,1900-01-00 00:00:00,0999-wombat,B8:27:EB:6F:ED:ED,-87, WPA ,0.000000,0.000000,0.000,0.000,AP
2026-04-01 14:51:11,1900-01-00 00:00:00,0999-wombat,B8:27:EB:6F:ED:ED,-87, WPA ,0.000000,0.000000,0.000,0.000,AP
2026-04-01 14:51:11,1900-01-00 00:00:00,0999-wombat,B8:27:EB:6F:ED:ED,-87, WPA ,0.000000,0.000000,0.000,0.000,AP
2026-04-01 14:51:11,1900-01-00 00:00:00,0999-wombat,B8:27:EB:6F:ED:ED,-87, WPA ,0.000000,0.000000,0.000,0.000,AP
2026-04-01 14:51:11,1900-01-00 00:00:00,0999-wombat,B8:27:EB:6F:ED:ED,-87, WPA ,0.000000,0.000000,0.000,0.000,AP
2026-04-01 14:51:11,1900-01-00 00:00:00,0999-wombat,B8:27:EB:6F:ED:ED,-87, WPA ,0.000000,0.000000,0.000,0.000,AP
2026-04-01 14:51:11,1900-01-00 00:00:00,0999-wombat,B8:27:EB:6F:ED:ED,-87, WPA ,0.000000,0.000000,0.000,0.000,AP
2026-04-01 14:51:11,1900-01-00 00:00:00,0999-wombat,B8:27:EB:6F:ED:ED,-87, WPA ,0.000000,0.000000,0.000,0.000,AP
2026-04-01 14:51:11,1900-01-00 00:00:00,0999-wombat,B8:27:EB:6F:ED:ED,-87, WPA ,0.000000,0.000000,0.000,0.000,AP
2026-04-01 14:51:11,1900-01-00 00:00:00,0999-wombat,B8:27:EB:6F:ED:ED,-87, WPA ,0.000000,0.000000,0.000,0.000,AP
2026-04-01 14:51:11,1900-01-00 00:00:00,0999-wombat,B8:27:EB:6F:ED:ED,-87, WPA ,0.000000,0.000000,0.000,0.000,AP
2026-04-01 14:51:11,1900-01-00 00:00:00,0999-wombat,B8:27:EB:6F:ED:ED,-87, WPA ,0.000000,0.000000,0.000,0.000,AP
2026-04-01 14:51:11,1900-01-00 00:00:00,0999-wombat,B8:27:EB:6F:ED:ED,-87, WPA ,0.000000,0.000000,0.000,0.000,AP
2026-04-01 14:51:11,1900-01-00 00:00:00,0999-wombat,B8:27:EB:6F:ED:ED,-87, WPA ,0.000000,0.000000,0.000,0.000,AP
2026-04-01 14:51:11,1900-01-00 00:00:00,0999-wombat,B8:27:EB:6F:ED:ED,-87, WPA ,0.000000,0.000000,0.000,0.000,AP
2026-04-01 14:51:11,1900-01-00 00:00:00,0999-wombat,B8:27:EB:6F:ED:ED,-87, WPA ,0.000000,0.000000,0.000,0.000,AP
2026-04-01 14:51:11,1900-01-00 00:00:00,0999-wombat,B8:27:EB:6F:ED:ED,-66, WPA ,0.000000,0.000000,0.000,0.000,AP
2026-04-01 14:51:11,1900-01-00 00:00:00,0999-wombat,B8:27:EB:6F:ED:ED,-66, WPA ,0.000000,0.000000,0.000,0.000,AP
2026-04-01 14:51:11,1900-01-00 00:00:00,0999-wombat,B8:27:EB:6F:ED:ED,-66, WPA ,0.000000,0.000000,0.000,0.000,AP
2026-04-01 14:51:11,1900-01-00 00:00:00,0999-wombat,B8:27:EB:6F:ED:ED,-66, WPA ,0.000000,0.000000,0.000,0.000,AP
2026-04-01 14:51:11,1900-01-00 00:00:00,0999-wombat,B8:27:EB:6F:ED:ED,-64, WPA ,0.000000,0.000000,0.000,0.000,AP
2026-04-01 14:51:11,1900-01-00 00:00:00,0999-wombat,B8:27:EB:6F:ED:ED,-64, WPA ,0.000000,0.000000,0.000,0.000,AP
2026-04-01 14:51:11,1900-01-00 00:00:00,0999-wombat,B8:27:EB:6F:ED:ED,-64, WPA ,0.000000,0.000000,0.000,0.000,AP
2026-04-01 14:51:11,1900-01-00 00:00:00,0999-wombat,B8:27:EB:6F:ED:ED,-64, WPA ,0.000000,0.000000,0.000,0.000,AP
2026-04-01 14:51:11,1900-01-00 00:00:00,0999-wombat,B8:27:EB:6F:ED:ED,-64, WPA ,0.000000,0.000000,0.000,0.000,AP
2026-04-01 14:51:11,1900-01-00 00:00:00,0999-wombat,B8:27:EB:6F:ED:ED,-64, WPA ,0.000000,0.000000,0.000,0.000,AP
2026-04-01 14:51:11,1900-01-00 00:00:00,0999-wombat,B8:27:EB:6F:ED:ED,-64, WPA ,0.000000,0.000000,0.000,0.000,AP
2026-04-01 14:51:11,1900-01-00 00:00:00,0999-wombat,B8:27:EB:6F:ED:ED,-64, WPA ,0.000000,0.000000,0.000,0.000,AP
2026-04-01 14:51:11,1900-01-00 00:00:00,0999-wombat,B8:27:EB:6F:ED:ED,-80, WPA ,0.000000,0.000000,0.000,0.000,AP
2026-04-01 14:51:11,1900-01-00 00:00:00,0999-wombat,B8:27:EB:6F:ED:ED,-80, WPA ,0.000000,0.000000,0.000,0.000,AP
2026-04-01 14:51:11,1900-01-00 00:00:00,0999-wombat,B8:27:EB:6F:ED:ED,-80, WPA ,0.000000,0.000000,0.000,0.000,AP
2026-04-01 14:51:11,1900-01-00 00:00:00,0999-wombat,B8:27:EB:6F:ED:ED,-80, WPA ,0.000000,0.000000,0.000,0.000,AP
2026-04-01 14:51:11,1900-01-00 00:00:00,0999-wombat,B8:27:EB:6F:ED:ED,-80, WPA ,0.000000,0.000000,0.000,0.000,AP
2026-04-01 14:51:11,1900-01-00 00:00:00,0999-wombat,B8:27:EB:6F:ED:ED,-80, WPA ,0.000000,0.000000,0.000,0.000,AP
2026-04-01 14:51:11,1900-01-00 00:00:00,0999-wombat,B8:27:EB:6F:ED:ED,-80, WPA ,0.000000,0.000000,0.000,0.000,AP
2026-04-01 14:51:11,1900-01-00 00:00:00,0999-wombat,B8:27:EB:6F:ED:ED,-80, WPA ,0.000000,0.000000,0.000,0.000,AP
2026-04-01 14:51:11,1900-01-00 00:00:00,0999-wombat,B8:27:EB:6F:ED:ED,-80, WPA ,0.000000,0.000000,0.000,0.000,AP
2026-04-01 14:51:11,1900-01-00 00:00:00,0999-wombat,B8:27:EB:6F:ED:ED,-80, WPA ,0.000000,0.000000,0.000,0.000,AP
2026-04-01 14:51:11,1900-01-00 00:00:00,0999-wombat,B8:27:EB:6F:ED:ED,-80, WPA ,0.000000,0.000000,0.000,0.000,AP
2026-04-01 14:51:11,1900-01-00 00:00:00,0999-wombat,B8:27:EB:6F:ED:ED,-80, WPA ,0.000000,0.000000,0.000,0.000,AP
2026-04-01 14:51:11,1900-01-00 00:00:00,0999-wombat,B8:27:EB:6F:ED:ED,-80, WPA ,0.000000,0.000000,0.000,0.000,AP
2026-04-01 14:51:11,1900-01-00 00:00:00,0999-wombat,B8:27:EB:6F:ED:ED,-80, WPA ,0.000000,0.000000,0.000,0.000,AP
2026-04-01 14:51:11,1900-01-00 00:00:00,0999-wombat,B8:27:EB:6F:ED:ED,-61, WPA ,0.000000,0.000000,0.000,0.000,AP
2026-04-01 14:51:11,1900-01-00 00:00:00,0999-wombat,B8:27:EB:6F:ED:ED,-61, WPA ,0.000000,0.000000,0.000,0.000,AP
2026-04-01 14:51:11,1900-01-00 00:00:00,0999-wombat,B8:27:EB:6F:ED:ED,-61, WPA ,0.000000,0.000000,0.000,0.000,AP
2026-04-01 14:51:11,1900-01-00 00:00:00,0999-wombat,B8:27:EB:6F:ED:ED,-61, WPA ,0.000000,0.000000,0.000,0.000,AP
2026-04-01 14:51:11,1900-01-00 00:00:00,0999-wombat,B8:27:EB:6F:ED:ED,-61, WPA ,0.000000,0.000000,0.000,0.000,AP
2026-04-01 14:51:11,1900-01-00 00:00:00,0999-wombat,B8:27:EB:6F:ED:ED,-61, WPA ,0.000000,0.000000,0.000,0.000,AP
2026-04-01 14:51:11,1900-01-00 00:00:00,0999-wombat,B8:27:EB:6F:ED:ED,-61, WPA ,0.000000,0.000000,0.000,0.000,AP
2026-04-01 14:51:11,1900-01-00 00:00:00,0999-wombat,B8:27:EB:6F:ED:ED,-61, WPA ,0.000000,0.000000,0.000,0.000,AP
2026-04-01 14:51:11,1900-01-00 00:00:00,0999-wombat,B8:27:EB:6F:ED:ED,-61, WPA ,0.000000,0.000000,0.000,0.000,AP
2026-04-01 14:51:11,1900-01-00 00:00:00,0999-wombat,B8:27:EB:6F:ED:ED,-61, WPA ,0.000000,0.000000,0.000,0.000,AP
2026-04-01 14:51:11,1900-01-00 00:00:00,0999-wombat,B8:27:EB:6F:ED:ED,-61, WPA ,0.000000,0.000000,0.000,0.000,AP
2026-04-01 14:51:11,1900-01-00 00:00:00,0999-wombat,B8:27:EB:6F:ED:ED,-61, WPA ,0.000000,0.000000,0.000,0.000,AP
2026-04-01 14:51:11,1900-01-00 00:00:00,0999-wombat,B8:27:EB:6F:ED:ED,-61, WPA ,0.000000,0.000000,0.000,0.000,AP
2026-04-01 14:51:11,1900-01-00 00:00:00,0999-wombat,B8:27:EB:6F:ED:ED,-61, WPA ,0.000000,0.000000,0.000,0.000,AP
2026-04-01 14:51:11,1900-01-00 00:00:00,0999-wombat,B8:27:EB:6F:ED:ED,-61, WPA ,0.000000,0.000000,0.000,0.000,AP
2026-04-01 14:51:11,1900-01-00 00:00:00,0999-wombat,B8:27:EB:6F:ED:ED,-61, WPA ,0.000000,0.000000,0.000,0.000,AP
2026-04-01 14:51:11,1900-01-00 00:00:00,0999-wombat,B8:27:EB:6F:ED:ED,-61, WPA ,0.000000,0.000000,0.000,0.000,AP
2026-04-01 14:51:11,1900-01-00 00:00:00,0999-wombat,B8:27:EB:6F:ED:ED,-61, WPA ,0.000000,0.000000,0.000,0.000,AP
2026-04-01 14:51:11,1900-01-00 00:00:00,0999-wombat,B8:27:EB:6F:ED:ED,-61, WPA ,0.000000,0.000000,0.000,0.000,AP
2026-04-01 14:51:11,1900-01-00 00:00:00,0999-wombat,B8:27:EB:6F:ED:ED,-61, WPA ,0.000000,0.000000,0.000,0.000,AP
2026-04-01 14:51:11,1900-01-00 00:00:00,0999-wombat,B8:27:EB:6F:ED:ED,-87, WPA ,0.000000,0.000000,0.000,0.000,AP
2026-04-01 14:51:11,1900-01-00 00:00:00,0999-wombat,B8:27:EB:6F:ED:ED,-87, WPA ,0.000000,0.000000,0.000,0.000,AP
2026-04-01 14:51:11,1900-01-00 00:00:00,0999-wombat,B8:27:EB:6F:ED:ED,-87, WPA ,0.000000,0.000000,0.000,0.000,AP
2026-04-01 14:51:11,1900-01-00 00:00:00,0999-wombat,B8:27:EB:6F:ED:ED,-87, WPA ,0.000000,0.000000,0.000,0.000,AP
2026-04-01 14:51:11,1900-01-00 00:00:00,0999-wombat,B8:27:EB:6F:ED:ED,-87, WPA ,0.000000,0.000000,0.000,0.000,AP
2026-04-01 14:51:11,1900-01-00 00:00:00,0999-wombat,B8:27:EB:6F:ED:ED,-87, WPA ,0.000000,0.000000,0.000,0.000,AP
2026-04-01 14:51:11,1900-01-00 00:00:00,0999-wombat,B8:27:EB:6F:ED:ED,-87, WPA ,0.000000,0.000000,0.000,0.000,AP
2026-04-01 14:51:11,1900-01-00 00:00:00,0999-wombat,B8:27:EB:6F:ED:ED,-41, WPA ,0.000000,0.000000,0.000,0.000,AP
2026-04-01 14:51:11,1900-01-00 00:00:00,0999-wombat,B8:27:EB:6F:ED:ED,-41, WPA ,0.000000,0.000000,0.000,0.000,AP
2026-04-01 14:51:11,1900-01-00 00:00:00,0999-wombat,B8:27:EB:6F:ED:ED,-41, WPA ,0.000000,0.000000,0.000,0.000,AP
2026-04-01 14:51:11,1900-01-00 00:00:00,0999-wombat,B8:27:EB:6F:ED:ED,-41, WPA ,0.000000,0.000000,0.000,0.000,AP
2026-04-01 14:51:11,1900-01-00 00:00:00,0999-wombat,B8:27:EB:6F:ED:ED,-41, WPA ,0.000000,0.000000,0.000,0.000,AP
2026-04-01 14:51:11,1900-01-00 00:00:00,0999-wombat,B8:27:EB:6F:ED:ED,-41, WPA ,0.000000,0.000000,0.000,0.000,AP
2026-04-01 14:51:11,1900-01-00 00:00:00,0999-wombat,B8:27:EB:6F:ED:ED,-41, WPA ,0.000000,0.000000,0.000,0.000,AP
2026-04-01 14:51:11,1900-01-00 00:00:00,0999-wombat,B8:27:EB:6F:ED:ED,-41, WPA ,0.000000,0.000000,0.000,0.000,AP
2026-04-01 14:51:11,1900-01-00 00:00:00,0999-wombat,B8:27:EB:6F:ED:ED,-41, WPA ,0.000000,0.000000,0.000,0.000,AP
2026-04-01 14:51:11,1900-01-00 00:00:00,0999-wombat,B8:27:EB:6F:ED:ED,-41, WPA ,0.000000,0.000000,0.000,0.000,AP
2026-04-01 14:51:11,1900-01-00 00:00:00,0999-wombat,B8:27:EB:6F:ED:ED,-41, WPA ,0.000000,0.000000,0.000,0.000,AP
2026-04-01 14:51:11,1900-01-00 00:00:00,0999-wombat,B8:27:EB:6F:ED:ED,-41, WPA ,0.000000,0.000000,0.000,0.000,AP
2026-04-01 14:51:11,1900-01-00 00:00:00,0999-wombat,B8:27:EB:6F:ED:ED,-41, WPA ,0.000000,0.000000,0.000,0.000,AP
2026-04-01 14:51:11,1900-01-00 00:00:00,0999-wombat,B8:27:EB:6F:ED:ED,-41, WPA ,0.000000,0.000000,0.000,0.000,AP
2026-04-01 14:51:11,1900-01-00 00:00:00,0999-wombat,B8:27:EB:6F:ED:ED,-41, WPA ,0.000000,0.000000,0.000,0.000,AP
2026-04-01 14:51:11,1900-01-00 00:00:00,0999-wombat,B8:27:EB:6F:ED:ED,-41, WPA ,0.000000,0.000000,0.000,0.000,AP
2026-04-01 14:51:11,1900-01-00 00:00:00,0999-wombat,B8:27:EB:6F:ED:ED,-41, WPA ,0.000000,0.000000,0.000,0.000,AP
2026-04-01 14:51:11,1900-01-00 00:00:00,0999-wombat,B8:27:EB:6F:ED:ED,-41, WPA ,0.000000,0.000000,0.000,0.000,AP
2026-04-01 14:51:11,1900-01-00 00:00:00,0999-wombat,B8:27:EB:6F:ED:ED,-41, WPA ,0.000000,0.000000,0.000,0.000,AP
2026-04-01 14:51:11,1900-01-00 00:00:00,0999-wombat,B8:27:EB:6F:ED:ED,-41, WPA ,0.000000,0.000000,0.000,0.000,AP
2026-04-01 14:51:11,1900-01-00 00:00:00,0999-wombat,B8:27:EB:6F:ED:ED,-41, WPA ,0.000000,0.000000,0.000,0.000,AP
2026-04-01 14:51:11,1900-01-00 00:00:00,0999-wombat,B8:27:EB:6F:ED:ED,-41, WPA ,0.000000,0.000000,0.000,0.000,AP
2026-04-01 14:51:11,1900-01-00 00:00:00,0999-wombat,B8:27:EB:6F:ED:ED,-41, WPA ,0.000000,0.000000,0.000,0.000,AP
2026-04-01 14:51:11,1900-01-00 00:00:00,0999-wombat,B8:27:EB:6F:ED:ED,-41, WPA ,0.000000,0.000000,0.000,0.000,AP
2026-04-01 14:51:11,1900-01-00 00:00:00,0999-wombat,B8:27:EB:6F:ED:ED,-41, WPA ,0.000000,0.000000,0.000,0.000,AP
2026-04-01 14:51:11,1900-01-00 00:00:00,0999-wombat,B8:27:EB:6F:ED:ED,-41, WPA ,0.000000,0.000000,0.000,0.000,AP
2026-04-01 14:51:11,1900-01-00 00:00:00,0999-wombat,B8:27:EB:6F:ED:ED,-41, WPA ,0.000000,0.000000,0.000,0.000,AP
2026-04-01 14:51:11,1900-01-00 00:00:00,0999-wombat,B8:27:EB:6F:ED:ED,-41, WPA ,0.000000,0.000000,0.000,0.000,AP
2026-04-01 14:51:11,1900-01-00 00:00:00,0999-wombat,B8:27:EB:6F:ED:ED,-41, WPA ,0.000000,0.000000,0.000,0.000,AP
2026-04-01 14:51:11,1900-01-00 00:00:00,0999-wombat,B8:27:EB:6F:ED:ED,-41, WPA ,0.000000,0.000000,0.000,0.000,AP
2026-04-01 14:51:11,1900-01-00 00:00:00,0999-wombat,B8:27:EB:6F:ED:ED,-41, WPA ,0.000000,0.000000,0.000,0.000,AP
2026-04-01 14:51:11,1900-01-00 00:00:00,0999-wombat,B8:27:EB:6F:ED:ED,-41, WPA ,0.000000,0.000000,0.000,0.000,AP
2026-04-01 14:51:11,1900-01-00 00:00:00,0999-wombat,B8:27:EB:6F:ED:ED,-41, WPA ,0.000000,0.000000,0.000,0.000,AP
2026-04-01 14:51:11,1900-01-00 00:00:00,0999-wombat,B8:27:EB:6F:ED:ED,-41, WPA ,0.000000,0.000000,0.000,0.000,AP
2026-04-01 14:51:11,1900-01-00 00:00:00,0999-wombat,B8:27:EB:6F:ED:ED,-41, WPA ,0.000000,0.000000,0.000,0.000,AP
2026-04-01 14:51:11,1900-01-00 00:00:00,0999-wombat,B8:27:EB:6F:ED:ED,-41, WPA ,0.000000,0.000000,0.000,0.000,AP
2026-04-01 14:51:11,1900-01-00 00:00:00,0999-wombat,B8:27:EB:6F:ED:ED,-80, WPA ,0.000000,0.000000,0.000,0.000,AP
2026-04-01 14:51:11,1900-01-00 00:00:00,0999-wombat,B8:27:EB:6F:ED:ED,-80, WPA ,0.000000,0.000000,0.000,0.000,AP
2026-04-01 14:51:11,1900-01-00 00:00:00,0999-wombat,B8:27:EB:6F:ED:ED,-80, WPA ,0.000000,0.000000,0.000,0.000,AP
2026-04-01 14:51:11,1900-01-00 00:00:00,0999-wombat,B8:27:EB:6F:ED:ED,-80, WPA ,0.000000,0.000000,0.000,0.000,AP
2026-04-01 14:51:11,1900-01-00 00:00:00,0999-wombat,B8:27:EB:6F:ED:ED,-80, WPA ,0.000000,0.000000,0.000,0.000,AP
2026-04-01 14:51:11,1900-01-00 00:00:00,0999-wombat,B8:27:EB:6F:ED:ED,-80, WPA ,0.000000,0.000000,0.000,0.000,AP
2026-04-01 14:51:11,1900-01-00 00:00:00,0999-wombat,B8:27:EB:6F:ED:ED,-80, WPA ,0.000000,0.000000,0.000,0.000,AP
2026-04-01 14:51:11,1900-01-00 00:00:00,0999-wombat,B8:27:EB:6F:ED:ED,-80, WPA ,0.000000,0.000000,0.000,0.000,AP
2026-04-01 14:51:11,1900-01-00 00:00:00,0999-wombat,B8:27:EB:6F:ED:ED,-80, WPA ,0.000000,0.000000,0.000,0.000,AP
2026-04-01 14:51:11,1900-01-00 00:00:00,0999-wombat,B8:27:EB:6F:ED:ED,-80, WPA ,0.000000,0.000000,0.000,0.000,AP
2026-04-01 14:51:11,1900-01-00 00:00:00,0999-wombat,B8:27:EB:6F:ED:ED,-80, WPA ,0.000000,0.000000,0.000,0.000,AP
2026-04-01 14:51:11,1900-01-00 00:00:00,0999-wombat,B8:27:EB:6F:ED:ED,-80, WPA ,0.000000,0.000000,0.000,0.000,AP
2026-04-01 14:51:11,1900-01-00 00:00:00,0999-wombat,B8:27:EB:6F:ED:ED,-65, WPA ,0.000000,0.000000,0.000,0.000,AP
2026-04-01 14:51:11,1900-01-00 00:00:00,0999-wombat,B8:27:EB:6F:ED:ED,-65, WPA ,0.000000,0.000000,0.000,0.000,AP
2026-04-01 14:51:11,1900-01-00 00:00:00,0999-wombat,B8:27:EB:6F:ED:ED,-64, WPA ,0.000000,0.000000,0.000,0.000,AP
2026-04-01 14:51:11,1900-01-00 00:00:00,0999-wombat,B8:27:EB:6F:ED:ED,-64, WPA ,0.000000,0.000000,0.000,0.000,AP
2026-04-01 14:51:11,1900-01-00 00:00:00,0999-wombat,B8:27:EB:6F:ED:ED,-64, WPA ,0.000000,0.000000,0.000,0.000,AP
2026-04-01 14:51:11,1900-01-00 00:00:00,0999-wombat,B8:27:EB:6F:ED:ED,-64, WPA ,0.000000,0.000000,0.000,0.000,AP
2026-04-01 14:51:11,1900-01-00 00:00:00,0999-wombat,B8:27:EB:6F:ED:ED,-64, WPA ,0.000000,0.000000,0.000,0.000,AP
2026-04-01 14:51:11,1900-01-00 00:00:00,0999-wombat,B8:27:EB:6F:ED:ED,-64, WPA ,0.000000,0.000000,0.000,0.000,AP
2026-04-01 14:51:11,1900-01-00 00:00:00,0999-wombat,B8:27:EB:6F:ED:ED,-65, WPA ,0.000000,0.000000,0.000,0.000,AP
2026-04-01 14:51:11,1900-01-00 00:00:00,0999-wombat,B8:27:EB:6F:ED:ED,-65, WPA ,0.000000,0.000000,0.000,0.000,AP
2026-04-01 14:51:11,1900-01-00 00:00:00,0999-wombat,B8:27:EB:6F:ED:ED,-80, WPA ,0.000000,0.000000,0.000,0.000,AP
2026-04-01 14:51:11,1900-01-00 00:00:00,0999-wombat,B8:27:EB:6F:ED:ED,-80, WPA ,0.000000,0.000000,0.000,0.000,AP
2026-04-01 14:51:11,1900-01-00 00:00:00,0999-wombat,B8:27:EB:6F:ED:ED,-65, WPA ,0.000000,0.000000,0.000,0.000,AP
2026-04-01 14:51:11,1900-01-00 00:00:00,0999-wombat,B8:27:EB:6F:ED:ED,-65, WPA ,0.000000,0.000000,0.000,0.000,AP
2026-04-01 14:51:11,1900-01-00 00:00:00,0999-wombat,B8:27:EB:6F:ED:ED,-65, WPA ,0.000000,0.000000,0.000,0.000,AP
2026-04-01 14:51:11,1900-01-00 00:00:00,0999-wombat,B8:27:EB:6F:ED:ED,-65, WPA ,0.000000,0.000000,0.000,0.000,AP
2026-04-01 14:51:11,1900-01-00 00:00:00,0999-wombat,B8:27:EB:6F:ED:ED,-65, WPA ,0.000000,0.000000,0.000,0.000,AP
2026-04-01 14:51:11,1900-01-00 00:00:00,0999-wombat,B8:27:EB:6F:ED:ED,-65, WPA ,0.000000,0.000000,0.000,0.000,AP
2026-04-01 14:51:11,1900-01-00 00:00:00,0999-wombat,B8:27:EB:6F:ED:ED,-48, WPA ,0.000000,0.000000,0.000,0.000,AP
2026-04-01 14:51:11,1900-01-00 00:00:00,0999-wombat,B8:27:EB:6F:ED:ED,-48, WPA ,0.000000,0.000000,0.000,0.000,AP
2026-04-01 14:51:11,1900-01-00 00:00:00,0999-wombat,B8:27:EB:6F:ED:ED,-65, WPA ,0.000000,0.000000,0.000,0.000,AP
2026-04-01 14:51:11,1900-01-00 00:00:00,0999-wombat,B8:27:EB:6F:ED:ED,-65, WPA ,0.000000,0.000000,0.000,0.000,AP
2026-04-01 14:51:11,1900-01-00 00:00:00,0999-wombat,B8:27:EB:6F:ED:ED,-65, WPA ,0.000000,0.000000,0.000,0.000,AP
2026-04-01 14:51:11,1900-01-00 00:00:00,0999-wombat,B8:27:EB:6F:ED:ED,-65, WPA ,0.000000,0.000000,0.000,0.000,AP
2026-04-01 14:51:11,1900-01-00 00:00:00,0999-wombat,B8:27:EB:6F:ED:ED,-65, WPA ,0.000000,0.000000,0.000,0.000,AP
2026-04-01 14:51:11,1900-01-00 00:00:00,0999-wombat,B8:27:EB:6F:ED:ED,-65, WPA ,0.000000,0.000000,0.000,0.000,AP
2026-04-01 14:51:11,1900-01-00 00:00:00,0999-wombat,B8:27:EB:6F:ED:ED,-65, WPA ,0.000000,0.000000,0.000,0.000,AP
2026-04-01 14:51:11,1900-01-00 00:00:00,0999-wombat,B8:27:EB:6F:ED:ED,-65, WPA ,0.000000,0.000000,0.000,0.000,AP
2026-04-01 14:51:11,1900-01-00 00:00:00,0999-wombat,B8:27:EB:6F:ED:ED,-65, WPA ,0.000000,0.000000,0.000,0.000,AP
2026-04-01 14:51:11,1900-01-00 00:00:00,0999-wombat,B8:27:EB:6F:ED:ED,-65, WPA ,0.000000,0.000000,0.000,0.000,AP
2026-04-01 14:51:11,1900-01-00 00:00:00,0999-wombat,B8:27:EB:6F:ED:ED,-65, WPA ,0.000000,0.000000,0.000,0.000,AP
2026-04-01 14:51:11,1900-01-00 00:00:00,0999-wombat,B8:27:EB:6F:ED:ED,-65, WPA ,0.000000,0.000000,0.000,0.000,AP
2026-04-01 14:51:11,1900-01-00 00:00:00,0999-wombat,B8:27:EB:6F:ED:ED,-65, WPA ,0.000000,0.000000,0.000,0.000,AP
2026-04-01 14:51:11,1900-01-00 00:00:00,0999-wombat,B8:27:EB:6F:ED:ED,-65, WPA ,0.000000,0.000000,0.000,0.000,AP
2026-04-01 14:51:11,1900-01-00 00:00:00,0999-wombat,B8:27:EB:6F:ED:ED,-65, WPA ,0.000000,0.000000,0.000,0.000,AP
2026-04-01 14:51:11,1900-01-00 00:00:00,0999-wombat,B8:27:EB:6F:ED:ED,-65, WPA ,0.000000,0.000000,0.000,0.000,AP
2026-04-01 14:51:11,1900-01-00 00:00:00,0999-wombat,B8:27:EB:6F:ED:ED,-61, WPA ,0.000000,0.000000,0.000,0.000,AP
2026-04-01 14:51:11,1900-01-00 00:00:00,0999-wombat,B8:27:EB:6F:ED:ED,-61, WPA ,0.000000,0.000000,0.000,0.000,AP
2026-04-01 14:51:11,1900-01-00 00:00:00,0999-wombat,B8:27:EB:6F:ED:ED,-61, WPA ,0.000000,0.000000,0.000,0.000,AP
2026-04-01 14:51:11,1900-01-00 00:00:00,0999-wombat,B8:27:EB:6F:ED:ED,-61, WPA ,0.000000,0.000000,0.000,0.000,AP
2026-04-01 14:51:11,1900-01-00 00:00:00,0999-wombat,B8:27:EB:6F:ED:ED,-61, WPA ,0.000000,0.000000,0.000,0.000,AP
2026-04-01 14:51:11,1900-01-00 00:00:00,0999-wombat,B8:27:EB:6F:ED:ED,-61, WPA ,0.000000,0.000000,0.000,0.000,AP
2026-04-01 14:51:11,1900-01-00 00:00:00,0999-wombat,B8:27:EB:6F:ED:ED,-85, WPA ,0.000000,0.000000,0.000,0.000,AP
2026-04-01 14:51:11,1900-01-00 00:00:00,0999-wombat,B8:27:EB:6F:ED:ED,-85, WPA ,0.000000,0.000000,0.000,0.000,AP
2026-04-01 14:51:11,1900-01-00 00:00:00,0999-wombat,B8:27:EB:6F:ED:ED,-85, WPA ,0.000000,0.000000,0.000,0.000,AP
2026-04-01 14:51:11,1900-01-00 00:00:00,0999-wombat,B8:27:EB:6F:ED:ED,-85, WPA ,0.000000,0.000000,0.000,0.000,AP
2026-04-01 14:51:11,1900-01-00 00:00:00,0999-wombat,B8:27:EB:6F:ED:ED,-61, WPA ,0.000000,0.000000,0.000,0.000,AP
2026-04-01 14:51:11,1900-01-00 00:00:00,0999-wombat,B8:27:EB:6F:ED:ED,-61, WPA ,0.000000,0.000000,0.000,0.000,AP
2026-04-01 14:51:11,1900-01-00 00:00:00,0999-wombat,B8:27:EB:6F:ED:ED,-61, WPA ,0.000000,0.000000,0.000,0.000,AP
2026-04-01 14:51:11,1900-01-00 00:00:00,0999-wombat,B8:27:EB:6F:ED:ED,-61, WPA ,0.000000,0.000000,0.000,0.000,AP
2026-04-01 14:51:11,1900-01-00 00:00:00,0999-wombat,B8:27:EB:6F:ED:ED,-61, WPA ,0.000000,0.000000,0.000,0.000,AP
2026-04-01 14:51:11,1900-01-00 00:00:00,0999-wombat,B8:27:EB:6F:ED:ED,-37, WPA ,0.000000,0.000000,0.000,0.000,AP
2026-04-01 14:51:11,1900-01-00 00:00:00,0999-wombat,B8:27:EB:6F:ED:ED,-37, WPA ,0.000000,0.000000,0.000,0.000,AP
2026-04-01 14:51:11,1900-01-00 00:00:00,0999-wombat,B8:27:EB:6F:ED:ED,-37, WPA ,0.000000,0.000000,0.000,0.000,AP
2026-04-01 14:51:11,1900-01-00 00:00:00,0999-wombat,B8:27:EB:6F:ED:ED,-37, WPA ,0.000000,0.000000,0.000,0.000,AP
2026-04-01 14:51:11,1900-01-00 00:00:00,0999-wombat,B8:27:EB:6F:ED:ED,-37, WPA ,0.000000,0.000000,0.000,0.000,AP
2026-04-01 14:51:11,1900-01-00 00:00:00,0999-wombat,B8:27:EB:6F:ED:ED,-37, WPA ,0.000000,0.000000,0.000,0.000,AP
2026-04-01 14:51:11,1900-01-00 00:00:00,0999-wombat,B8:27:EB:6F:ED:ED,-37, WPA ,0.000000,0.000000,0.000,0.000,AP
2026-04-01 14:51:11,1900-01-00 00:00:00,0999-wombat,B8:27:EB:6F:ED:ED,-37, WPA ,0.000000,0.000000,0.000,0.000,AP
2026-04-01 14:51:11,1900-01-00 00:00:00,0999-wombat,B8:27:EB:6F:ED:ED,-37, WPA ,0.000000,0.000000,0.000,0.000,AP
2026-04-01 14:51:11,1900-01-00 00:00:00,0999-wombat,B8:27:EB:6F:ED:ED,-37, WPA ,0.000000,0.000000,0.000,0.000,AP
2026-04-01 14:51:11,1900-01-00 00:00:00,0999-wombat,B8:27:EB:6F:ED:ED,-37, WPA ,0.000000,0.000000,0.000,0.000,AP
2026-04-01 14:51:11,1900-01-00 00:00:00,0999-wombat,B8:27:EB:6F:ED:ED,-37, WPA ,0.000000,0.000000,0.000,0.000,AP
2026-04-01 14:51:11,1900-01-00 00:00:00,0999-wombat,B8:27:EB:6F:ED:ED,-37, WPA ,0.000000,0.000000,0.000,0.000,AP
2026-04-01 14:51:11,1900-01-00 00:00:00,0999-wombat,B8:27:EB:6F:ED:ED,-37, WPA ,0.000000,0.000000,0.000,0.000,AP
2026-04-01 14:51:12,1900-01-00 00:00:00,0999-wombat,B8:27:EB:6F:ED:ED,-46, WPA ,0.000000,0.000000,0.000,0.000,AP
2026-04-01 14:51:12,1900-01-00 00:00:00,0999-wombat,B8:27:EB:6F:ED:ED,-46, WPA ,0.000000,0.000000,0.000,0.000,AP
2026-04-01 14:51:12,1900-01-00 00:00:00,0999-wombat,B8:27:EB:6F:ED:ED,-46, WPA ,0.000000,0.000000,0.000,0.000,AP
2026-04-01 14:51:12,1900-01-00 00:00:00,0999-wombat,B8:27:EB:6F:ED:ED,-46, WPA ,0.000000,0.000000,0.000,0.000,AP
2026-04-01 14:51:12,1900-01-00 00:00:00,0999-wombat,B8:27:EB:6F:ED:ED,-41, WPA ,0.000000,0.000000,0.000,0.000,AP
2026-04-01 14:51:12,1900-01-00 00:00:00,0999-wombat,B8:27:EB:6F:ED:ED,-41, WPA ,0.000000,0.000000,0.000,0.000,AP
2026-04-01 14:51:12,1900-01-00 00:00:00,0999-wombat,B8:27:EB:6F:ED:ED,-41, WPA ,0.000000,0.000000,0.000,0.000,AP
2026-04-01 14:51:12,1900-01-00 00:00:00,0999-wombat,B8:27:EB:6F:ED:ED,-41, WPA ,0.000000,0.000000,0.000,0.000,AP
2026-04-01 14:51:12,1900-01-00 00:00:00,0999-wombat,B8:27:EB:6F:ED:ED,-41, WPA ,0.000000,0.000000,0.000,0.000,AP
2026-04-01 14:51:12,1900-01-00 00:00:00,0999-wombat,B8:27:EB:6F:ED:ED,-41, WPA ,0.000000,0.000000,0.000,0.000,AP
2026-04-01 14:51:12,1900-01-00 00:00:00,0999-wombat,B8:27:EB:6F:ED:ED,-41, WPA ,0.000000,0.000000,0.000,0.000,AP
2026-04-01 14:51:12,1900-01-00 00:00:00,0999-wombat,B8:27:EB:6F:ED:ED,-41, WPA ,0.000000,0.000000,0.000,0.000,AP
2026-04-01 14:51:12,1900-01-00 00:00:00,0999-wombat,B8:27:EB:6F:ED:ED,-41, WPA ,0.000000,0.000000,0.000,0.000,AP
2026-04-01 14:51:12,1900-01-00 00:00:00,0999-wombat,B8:27:EB:6F:ED:ED,-41, WPA ,0.000000,0.000000,0.000,0.000,AP
2026-04-01 14:51:12,1900-01-00 00:00:00,0999-wombat,B8:27:EB:6F:ED:ED,-41, WPA ,0.000000,0.000000,0.000,0.000,AP
2026-04-01 14:51:12,1900-01-00 00:00:00,0999-wombat,B8:27:EB:6F:ED:ED,-41, WPA ,0.000000,0.000000,0.000,0.000,AP
2026-04-01 14:51:12,1900-01-00 00:00:00,0999-wombat,B8:27:EB:6F:ED:ED,-41, WPA ,0.000000,0.000000,0.000,0.000,AP
2026-04-01 14:51:12,1900-01-00 00:00:00,0999-wombat,B8:27:EB:6F:ED:ED,-41, WPA ,0.000000,0.000000,0.000,0.000,AP
2026-04-01 14:51:12,1900-01-00 00:00:00,0999-wombat,B8:27:EB:6F:ED:ED,-41, WPA ,0.000000,0.000000,0.000,0.000,AP
2026-04-01 14:51:12,1900-01-00 00:00:00,0999-wombat,B8:27:EB:6F:ED:ED,-41, WPA ,0.000000,0.000000,0.000,0.000,AP
2026-04-01 14:51:12,1900-01-00 00:00:00,0999-wombat,B8:27:EB:6F:ED:ED,-41, WPA ,0.000000,0.000000,0.000,0.000,AP
2026-04-01 14:51:12,1900-01-00 00:00:00,0999-wombat,B8:27:EB:6F:ED:ED,-41, WPA ,0.000000,0.000000,0.000,0.000,AP
2026-04-01 14:51:12,1900-01-00 00:00:00,0999-wombat,B8:27:EB:6F:ED:ED,-41, WPA ,0.000000,0.000000,0.000,0.000,AP
2026-04-01 14:51:12,1900-01-00 00:00:00,0999-wombat,B8:27:EB:6F:ED:ED,-41, WPA ,0.000000,0.000000,0.000,0.000,AP
2026-04-01 14:51:12,1900-01-00 00:00:00,0999-wombat,B8:27:EB:6F:ED:ED,-41, WPA ,0.000000,0.000000,0.000,0.000,AP
2026-04-01 14:51:12,1900-01-00 00:00:00,0999-wombat,B8:27:EB:6F:ED:ED,-41, WPA ,0.000000,0.000000,0.000,0.000,AP
2026-04-01 14:51:12,1900-01-00 00:00:00,0999-wombat,B8:27:EB:6F:ED:ED,-41, WPA ,0.000000,0.000000,0.000,0.000,AP
2026-04-01 14:51:12,1900-01-00 00:00:00,0999-wombat,B8:27:EB:6F:ED:ED,-41, WPA ,0.000000,0.000000,0.000,0.000,AP
2026-04-01 14:51:12,1900-01-00 00:00:00,0999-wombat,B8:27:EB:6F:ED:ED,-41, WPA ,0.000000,0.000000,0.000,0.000,AP
2026-04-01 14:51:12,1900-01-00 00:00:00,0999-wombat,B8:27:EB:6F:ED:ED,-41, WPA ,0.000000,0.000000,0.000,0.000,AP
2026-04-01 14:51:12,1900-01-00 00:00:00,0999-wombat,B8:27:EB:6F:ED:ED,-41, WPA ,0.000000,0.000000,0.000,0.000,AP
2026-04-01 14:51:12,1900-01-00 00:00:00,0999-wombat,B8:27:EB:6F:ED:ED,-41, WPA ,0.000000,0.000000,0.000,0.000,AP
2026-04-01 14:51:12,1900-01-00 00:00:00,0999-wombat,B8:27:EB:6F:ED:ED,-41, WPA ,0.000000,0.000000,0.000,0.000,AP
2026-04-01 14:51:12,1900-01-00 00:00:00,0999-wombat,B8:27:EB:6F:ED:ED,-41, WPA ,0.000000,0.000000,0.000,0.000,AP
2026-04-01 14:51:12,1900-01-00 00:00:00,0999-wombat,B8:27:EB:6F:ED:ED,-41, WPA ,0.000000,0.000000,0.000,0.000,AP
2026-04-01 14:51:12,1900-01-00 00:00:00,0999-wombat,B8:27:EB:6F:ED:ED,-41, WPA ,0.000000,0.000000,0.000,0.000,AP
2026-04-01 14:51:12,1900-01-00 00:00:00,0999-wombat,B8:27:EB:6F:ED:ED,-41, WPA ,0.000000,0.000000,0.000,0.000,AP
2026-04-01 14:51:12,1900-01-00 00:00:00,0999-wombat,B8:27:EB:6F:ED:ED,-63, WPA ,0.000000,0.000000,0.000,0.000,AP
2026-04-01 14:51:12,1900-01-00 00:00:00,0999-wombat,B8:27:EB:6F:ED:ED,-63, WPA ,0.000000,0.000000,0.000,0.000,AP
2026-04-01 14:51:12,1900-01-00 00:00:00,0999-wombat,B8:27:EB:6F:ED:ED,-63, WPA ,0.000000,0.000000,0.000,0.000,AP
2026-04-01 14:51:12,1900-01-00 00:00:00,0999-wombat,B8:27:EB:6F:ED:ED,-63, WPA ,0.000000,0.000000,0.000,0.000,AP
2026-04-01 14:51:12,1900-01-00 00:00:00,0999-wombat,B8:27:EB:6F:ED:ED,-63, WPA ,0.000000,0.000000,0.000,0.000,AP
2026-04-01 14:51:12,1900-01-00 00:00:00,0999-wombat,B8:27:EB:6F:ED:ED,-63, WPA ,0.000000,0.000000,0.000,0.000,AP
2026-04-01 14:51:12,1900-01-00 00:00:00,0999-wombat,B8:27:EB:6F:ED:ED,-63, WPA ,0.000000,0.000000,0.000,0.000,AP
2026-04-01 14:51:12,1900-01-00 00:00:00,0999-wombat,B8:27:EB:6F:ED:ED,-81, WPA ,0.000000,0.000000,0.000,0.000,AP
2026-04-01 14:51:12,1900-01-00 00:00:00,0999-wombat,B8:27:EB:6F:ED:ED,-81, WPA ,0.000000,0.000000,0.000,0.000,AP
2026-04-01 14:51:12,1900-01-00 00:00:00,0999-wombat,B8:27:EB:6F:ED:ED,-81, WPA ,0.000000,0.000000,0.000,0.000,AP
2026-04-01 14:51:12,1900-01-00 00:00:00,0999-wombat,B8:27:EB:6F:ED:ED,-81, WPA ,0.000000,0.000000,0.000,0.000,AP
2026-04-01 14:51:12,1900-01-00 00:00:00,0999-wombat,B8:27:EB:6F:ED:ED,-81, WPA ,0.000000,0.000000,0.000,0.000,AP
2026-04-01 14:51:12,1900-01-00 00:00:00,0999-wombat,B8:27:EB:6F:ED:ED,-81, WPA ,0.000000,0.000000,0.000,0.000,AP
2026-04-01 14:51:12,1900-01-00 00:00:00,0999-wombat,B8:27:EB:6F:ED:ED,-38, WPA ,0.000000,0.000000,0.000,0.000,AP
2026-04-01 14:51:13,1900-01-00 00:00:00,0999-wombat,B8:27:EB:6F:ED:ED,-40, WPA ,0.000000,0.000000,0.000,0.000,AP
2026-04-01 14:51:13,1900-01-00 00:00:00,0999-wombat,B8:27:EB:6F:ED:ED,-37, WPA ,0.000000,0.000000,0.000,0.000,AP
2026-04-01 14:51:13,1900-01-00 00:00:00,0999-wombat,B8:27:EB:6F:ED:ED,-41, WPA ,0.000000,0.000000,0.000,0.000,AP
2026-04-01 14:51:13,1900-01-00 00:00:00,0999-wombat,B8:27:EB:6F:ED:ED,-38, WPA ,0.000000,0.000000,0.000,0.000,AP
2026-04-01 14:51:14,1900-01-00 00:00:00,0999-wombat,B8:27:EB:6F:ED:ED,-39, WPA ,0.000000,0.000000,0.000,0.000,AP
2026-04-01 14:51:14,1900-01-00 00:00:00,0999-wombat,B8:27:EB:6F:ED:ED,-37, WPA ,0.000000,0.000000,0.000,0.000,AP
2026-04-01 14:51:14,1900-01-00 00:00:00,0999-wombat,B8:27:EB:6F:ED:ED,-38, WPA ,0.000000,0.000000,0.000,0.000,AP
2026-04-01 14:51:14,1900-01-00 00:00:00,0999-wombat,B8:27:EB:6F:ED:ED,-38, WPA ,0.000000,0.000000,0.000,0.000,AP
2026-04-01 14:51:15,1900-01-00 00:00:00,0999-wombat,B8:27:EB:6F:ED:ED,-41, WPA ,0.000000,0.000000,0.000,0.000,AP
2026-04-01 14:51:15,1900-01-00 00:00:00,0999-wombat,B8:27:EB:6F:ED:ED,-41, WPA ,0.000000,0.000000,0.000,0.000,AP
2026-04-01 14:51:15,1900-01-00 00:00:00,0999-wombat,B8:27:EB:6F:ED:ED,-42, WPA ,0.000000,0.000000,0.000,0.000,AP
2026-04-01 14:51:16,1900-01-00 00:00:00,0999-wombat,B8:27:EB:6F:ED:ED,-38, WPA ,0.000000,0.000000,0.000,0.000,AP
2026-04-01 14:51:16,1900-01-00 00:00:00,0999-wombat,B8:27:EB:6F:ED:ED,-39, WPA ,0.000000,0.000000,0.000,0.000,AP
2026-04-01 14:51:16,1900-01-00 00:00:00,0999-wombat,B8:27:EB:6F:ED:ED,-44, WPA ,0.000000,0.000000,0.000,0.000,AP
2026-04-01 14:51:16,1900-01-00 00:00:00,0999-wombat,B8:27:EB:6F:ED:ED,-44, WPA ,0.000000,0.000000,0.000,0.000,AP
2026-04-01 14:51:16,1900-01-00 00:00:00,0999-wombat,B8:27:EB:6F:ED:ED,-42, WPA ,0.000000,0.000000,0.000,0.000,AP
2026-04-01 14:51:17,1900-01-00 00:00:00,0999-wombat,B8:27:EB:6F:ED:ED,-42, WPA ,0.000000,0.000000,0.000,0.000,AP
2026-04-01 14:51:17,1900-01-00 00:00:00,0999-wombat,B8:27:EB:6F:ED:ED,-40, WPA ,0.000000,0.000000,0.000,0.000,AP
2026-04-01 14:51:18,1900-01-00 00:00:00,0999-wombat,B8:27:EB:6F:ED:ED,-40, WPA ,0.000000,0.000000,0.000,0.000,AP
2026-04-01 14:51:19,1900-01-00 00:00:00,0999-wombat,B8:27:EB:6F:ED:ED,-37, WPA ,0.000000,0.000000,0.000,0.000,AP
2026-04-01 14:51:19,1900-01-00 00:00:00,0999-wombat,B8:27:EB:6F:ED:ED,-45, WPA ,0.000000,0.000000,0.000,0.000,AP
2026-04-01 14:51:19,1900-01-00 00:00:00,0999-wombat,B8:27:EB:6F:ED:ED,-44, WPA ,0.000000,0.000000,0.000,0.000,AP
2026-04-01 14:51:22,1900-01-00 00:00:00,0999-wombat,B8:27:EB:6F:ED:ED,-41, WPA ,0.000000,0.000000,0.000,0.000,AP
2026-04-01 14:51:23,1900-01-00 00:00:00,0999-wombat,B8:27:EB:6F:ED:ED,-37, WPA ,0.000000,0.000000,0.000,0.000,AP
2026-04-01 14:51:23,1900-01-00 00:00:00,0999-wombat,B8:27:EB:6F:ED:ED,-37, WPA ,0.000000,0.000000,0.000,0.000,AP
2026-04-01 14:51:23,1900-01-00 00:00:00,0999-wombat,B8:27:EB:6F:ED:ED,-42, WPA ,0.000000,0.000000,0.000,0.000,AP
2026-04-01 14:51:24,1900-01-00 00:00:00,0999-wombat,B8:27:EB:6F:ED:ED,-36, WPA ,0.000000,0.000000,0.000,0.000,AP
2026-04-01 14:51:24,1900-01-00 00:00:00,0999-wombat,B8:27:EB:6F:ED:ED,-37, WPA ,0.000000,0.000000,0.000,0.000,AP
2026-04-01 14:51:24,1900-01-00 00:00:00,0999-wombat,B8:27:EB:6F:ED:ED,-36, WPA ,0.000000,0.000000,0.000,0.000,AP
2026-04-01 14:51:24,1900-01-00 00:00:00,0999-wombat,B8:27:EB:6F:ED:ED,-36, WPA ,0.000000,0.000000,0.000,0.000,AP
2026-04-01 14:51:24,1900-01-00 00:00:00,0999-wombat,B8:27:EB:6F:ED:ED,-37, WPA ,0.000000,0.000000,0.000,0.000,AP
2026-04-01 14:51:24,1900-01-00 00:00:00,0999-wombat,B8:27:EB:6F:ED:ED,-36, WPA ,0.000000,0.000000,0.000,0.000,AP
2026-04-01 14:51:24,1900-01-00 00:00:00,0999-wombat,B8:27:EB:6F:ED:ED,-35, WPA ,0.000000,0.000000,0.000,0.000,AP
2026-04-01 14:51:24,1900-01-00 00:00:00,0999-wombat,B8:27:EB:6F:ED:ED,-36, WPA ,0.000000,0.000000,0.000,0.000,AP
2026-04-01 14:51:24,1900-01-00 00:00:00,0999-wombat,B8:27:EB:6F:ED:ED,-36, WPA ,0.000000,0.000000,0.000,0.000,AP
2026-04-01 14:51:24,1900-01-00 00:00:00,0999-wombat,B8:27:EB:6F:ED:ED,-35, WPA ,0.000000,0.000000,0.000,0.000,AP
2026-04-01 14:51:25,1900-01-00 00:00:00,0999-wombat,B8:27:EB:6F:ED:ED,-37, WPA ,0.000000,0.000000,0.000,0.000,AP
2026-04-01 14:51:25,1900-01-00 00:00:00,0999-wombat,B8:27:EB:6F:ED:ED,-37, WPA ,0.000000,0.000000,0.000,0.000,AP
2026-04-01 14:51:27,1900-01-00 00:00:00,0999-wombat,B8:27:EB:6F:ED:ED,-35, WPA ,0.000000,0.000000,0.000,0.000,AP
2026-04-01 14:51:27,1900-01-00 00:00:00,0999-wombat,B8:27:EB:6F:ED:ED,-35, WPA ,0.000000,0.000000,0.000,0.000,AP
2026-04-01 14:51:27,1900-01-00 00:00:00,0999-wombat,B8:27:EB:6F:ED:ED,-36, WPA ,0.000000,0.000000,0.000,0.000,AP
2026-04-01 14:51:27,1900-01-00 00:00:00,0999-wombat,B8:27:EB:6F:ED:ED,-35, WPA ,0.000000,0.000000,0.000,0.000,AP
2026-04-01 14:51:27,1900-01-00 00:00:00,0999-wombat,B8:27:EB:6F:ED:ED,-37, WPA ,0.000000,0.000000,0.000,0.000,AP
2026-04-01 14:51:27,1900-01-00 00:00:00,0999-wombat,B8:27:EB:6F:ED:ED,-36, WPA ,0.000000,0.000000,0.000,0.000,AP
2026-04-01 14:51:27,1900-01-00 00:00:00,0999-wombat,B8:27:EB:6F:ED:ED,-36, WPA ,0.000000,0.000000,0.000,0.000,AP
2026-04-01 14:51:27,1900-01-00 00:00:00,0999-wombat,B8:27:EB:6F:ED:ED,-37, WPA ,0.000000,0.000000,0.000,0.000,AP
2026-04-01 14:51:28,1900-01-00 00:00:00,0999-wombat,B8:27:EB:6F:ED:ED,-35, WPA ,0.000000,0.000000,0.000,0.000,AP
2026-04-01 14:51:28,1900-01-00 00:00:00,0999-wombat,B8:27:EB:6F:ED:ED,-36, WPA ,0.000000,0.000000,0.000,0.000,AP
2026-04-01 14:51:28,1900-01-00 00:00:00,0999-wombat,B8:27:EB:6F:ED:ED,-36, WPA ,0.000000,0.000000,0.000,0.000,AP
2026-04-01 14:51:28,1900-01-00 00:00:00,0999-wombat,B8:27:EB:6F:ED:ED,-36, WPA ,0.000000,0.000000,0.000,0.000,AP
2026-04-01 14:51:28,1900-01-00 00:00:00,0999-wombat,B8:27:EB:6F:ED:ED,-36, WPA ,0.000000,0.000000,0.000,0.000,AP
2026-04-01 14:51:28,1900-01-00 00:00:00,0999-wombat,B8:27:EB:6F:ED:ED,-36, WPA ,0.000000,0.000000,0.000,0.000,AP
2026-04-01 14:51:28,1900-01-00 00:00:00,0999-wombat,B8:27:EB:6F:ED:ED,-36, WPA ,0.000000,0.000000,0.000,0.000,AP
2026-04-01 14:51:28,1900-01-00 00:00:00,0999-wombat,B8:27:EB:6F:ED:ED,-37, WPA ,0.000000,0.000000,0.000,0.000,AP
2026-04-01 14:51:28,1900-01-00 00:00:00,0999-wombat,B8:27:EB:6F:ED:ED,-37, WPA ,0.000000,0.000000,0.000,0.000,AP
2026-04-01 14:51:28,1900-01-00 00:00:00,0999-wombat,B8:27:EB:6F:ED:ED,-36, WPA ,0.000000,0.000000,0.000,0.000,AP
2026-04-01 14:51:29,1900-01-00 00:00:00,0999-wombat,B8:27:EB:6F:ED:ED,-38, WPA ,0.000000,0.000000,0.000,0.000,AP
2026-04-01 14:51:30,1900-01-00 00:00:00,0999-wombat,B8:27:EB:6F:ED:ED,-38, WPA ,0.000000,0.000000,0.000,0.000,AP
2026-04-01 14:51:32,1900-01-00 00:00:00,0999-wombat,B8:27:EB:6F:ED:ED,-38, WPA ,0.000000,0.000000,0.000,0.000,AP
2026-04-01 14:51:32,1900-01-00 00:00:00,0999-wombat,B8:27:EB:6F:ED:ED,-37, WPA ,0.000000,0.000000,0.000,0.000,AP
2026-04-01 14:51:33,1900-01-00 00:00:00,0999-wombat,B8:27:EB:6F:ED:ED,-39, WPA ,0.000000,0.000000,0.000,0.000,AP
2026-04-01 14:51:34,1900-01-00 00:00:00,0999-wombat,B8:27:EB:6F:ED:ED,-40, WPA ,0.000000,0.000000,0.000,0.000,AP
2026-04-01 14:51:34,1900-01-00 00:00:00,0999-wombat,B8:27:EB:6F:ED:ED,-39, WPA ,0.000000,0.000000,0.000,0.000,AP
2026-04-01 14:51:34,1900-01-00 00:00:00,0999-wombat,B8:27:EB:6F:ED:ED,-38, WPA ,0.000000,0.000000,0.000,0.000,AP
2026-04-01 14:51:35,1900-01-00 00:00:00,0999-wombat,B8:27:EB:6F:ED:ED,-38, WPA ,0.000000,0.000000,0.000,0.000,AP
2026-04-01 14:51:35,1900-01-00 00:00:00,0999-wombat,B8:27:EB:6F:ED:ED,-38, WPA ,0.000000,0.000000,0.000,0.000,AP
2026-04-01 14:51:35,1900-01-00 00:00:00,0999-wombat,B8:27:EB:6F:ED:ED,-37, WPA ,0.000000,0.000000,0.000,0.000,AP
2026-04-01 14:51:36,1900-01-00 00:00:00,0999-wombat,B8:27:EB:6F:ED:ED,-37, WPA ,0.000000,0.000000,0.000,0.000,AP
2026-04-01 14:51:36,1900-01-00 00:00:00,0999-wombat,B8:27:EB:6F:ED:ED,-38, WPA ,0.000000,0.000000,0.000,0.000,AP
2026-04-01 14:51:36,1900-01-00 00:00:00,0999-wombat,B8:27:EB:6F:ED:ED,-38, WPA ,0.000000,0.000000,0.000,0.000,AP
2026-04-01 14:51:36,1900-01-00 00:00:00,0999-wombat,B8:27:EB:6F:ED:ED,-39, WPA ,0.000000,0.000000,0.000,0.000,AP
2026-04-01 14:51:36,1900-01-00 00:00:00,0999-wombat,B8:27:EB:6F:ED:ED,-38, WPA ,0.000000,0.000000,0.000,0.000,AP
2026-04-01 14:51:36,1900-01-00 00:00:00,0999-wombat,B8:27:EB:6F:ED:ED,-38, WPA ,0.000000,0.000000,0.000,0.000,AP
2026-04-01 14:51:36,1900-01-00 00:00:00,0999-wombat,B8:27:EB:6F:ED:ED,-39, WPA ,0.000000,0.000000,0.000,0.000,AP
2026-04-01 14:51:36,1900-01-00 00:00:00,0999-wombat,B8:27:EB:6F:ED:ED,-39, WPA ,0.000000,0.000000,0.000,0.000,AP
2026-04-01 14:51:36,1900-01-00 00:00:00,0999-wombat,B8:27:EB:6F:ED:ED,-39, WPA ,0.000000,0.000000,0.000,0.000,AP
2026-04-01 14:51:36,1900-01-00 00:00:00,0999-wombat,B8:27:EB:6F:ED:ED,-39, WPA ,0.000000,0.000000,0.000,0.000,AP
2026-04-01 14:51:37,1900-01-00 00:00:00,0999-wombat,B8:27:EB:6F:ED:ED,-40, WPA ,0.000000,0.000000,0.000,0.000,AP
2026-04-01 14:51:37,1900-01-00 00:00:00,0999-wombat,B8:27:EB:6F:ED:ED,-39, WPA ,0.000000,0.000000,0.000,0.000,AP
2026-04-01 14:51:37,1900-01-00 00:00:00,0999-wombat,B8:27:EB:6F:ED:ED,-40, WPA ,0.000000,0.000000,0.000,0.000,AP
2026-04-01 14:51:37,1900-01-00 00:00:00,0999-wombat,B8:27:EB:6F:ED:ED,-40, WPA ,0.000000,0.000000,0.000,0.000,AP
2026-04-01 14:51:37,1900-01-00 00:00:00,0999-wombat,B8:27:EB:6F:ED:ED,-41, WPA ,0.000000,0.000000,0.000,0.000,AP
2026-04-01 14:51:37,1900-01-00 00:00:00,0999-wombat,B8:27:EB:6F:ED:ED,-42, WPA ,0.000000,0.000000,0.000,0.000,AP
2026-04-01 14:51:37,1900-01-00 00:00:00,0999-wombat,B8:27:EB:6F:ED:ED,-40, WPA ,0.000000,0.000000,0.000,0.000,AP
2026-04-01 14:51:37,1900-01-00 00:00:00,0999-wombat,B8:27:EB:6F:ED:ED,-42, WPA ,0.000000,0.000000,0.000,0.000,AP
2026-04-01 14:51:37,1900-01-00 00:00:00,0999-wombat,B8:27:EB:6F:ED:ED,-39, WPA ,0.000000,0.000000,0.000,0.000,AP
2026-04-01 14:51:37,1900-01-00 00:00:00,0999-wombat,B8:27:EB:6F:ED:ED,-40, WPA ,0.000000,0.000000,0.000,0.000,AP
2026-04-01 14:51:38,1900-01-00 00:00:00,0999-wombat,B8:27:EB:6F:ED:ED,-41, WPA ,0.000000,0.000000,0.000,0.000,AP
2026-04-01 14:51:38,1900-01-00 00:00:00,0999-wombat,B8:27:EB:6F:ED:ED,-41, WPA ,0.000000,0.000000,0.000,0.000,AP
2026-04-01 14:51:38,1900-01-00 00:00:00,0999-wombat,B8:27:EB:6F:ED:ED,-41, WPA ,0.000000,0.000000,0.000,0.000,AP
2026-04-01 14:51:38,1900-01-00 00:00:00,0999-wombat,B8:27:EB:6F:ED:ED,-42, WPA ,0.000000,0.000000,0.000,0.000,AP
2026-04-01 14:51:38,1900-01-00 00:00:00,0999-wombat,B8:27:EB:6F:ED:ED,-42, WPA ,0.000000,0.000000,0.000,0.000,AP
2026-04-01 14:51:38,1900-01-00 00:00:00,0999-wombat,B8:27:EB:6F:ED:ED,-41, WPA ,0.000000,0.000000,0.000,0.000,AP
2026-04-01 14:51:38,1900-01-00 00:00:00,0999-wombat,B8:27:EB:6F:ED:ED,-43, WPA ,0.000000,0.000000,0.000,0.000,AP
2026-04-01 14:51:38,1900-01-00 00:00:00,0999-wombat,B8:27:EB:6F:ED:ED,-41, WPA ,0.000000,0.000000,0.000,0.000,AP
2026-04-01 14:51:38,1900-01-00 00:00:00,0999-wombat,B8:27:EB:6F:ED:ED,-42, WPA ,0.000000,0.000000,0.000,0.000,AP
2026-04-01 14:51:38,1900-01-00 00:00:00,0999-wombat,B8:27:EB:6F:ED:ED,-42, WPA ,0.000000,0.000000,0.000,0.000,AP
2026-04-01 14:51:38,1900-01-00 00:00:00,0999-wombat,B8:27:EB:6F:ED:ED,-39, WPA ,0.000000,0.000000,0.000,0.000,AP
2026-04-01 14:51:39,1900-01-00 00:00:00,0999-wombat,B8:27:EB:6F:ED:ED,-41, WPA ,0.000000,0.000000,0.000,0.000,AP
2026-04-01 14:51:39,1900-01-00 00:00:00,0999-wombat,B8:27:EB:6F:ED:ED,-40, WPA ,0.000000,0.000000,0.000,0.000,AP
2026-04-01 14:51:39,1900-01-00 00:00:00,0999-wombat,B8:27:EB:6F:ED:ED,-40, WPA ,0.000000,0.000000,0.000,0.000,AP
2026-04-01 14:51:39,1900-01-00 00:00:00,0999-wombat,B8:27:EB:6F:ED:ED,-40, WPA ,0.000000,0.000000,0.000,0.000,AP
2026-04-01 14:51:39,1900-01-00 00:00:00,0999-wombat,B8:27:EB:6F:ED:ED,-40, WPA ,0.000000,0.000000,0.000,0.000,AP
2026-04-01 14:51:39,1900-01-00 00:00:00,0999-wombat,B8:27:EB:6F:ED:ED,-39, WPA ,0.000000,0.000000,0.000,0.000,AP
2026-04-01 14:51:39,1900-01-00 00:00:00,0999-wombat,B8:27:EB:6F:ED:ED,-39, WPA ,0.000000,0.000000,0.000,0.000,AP
2026-04-01 14:51:39,1900-01-00 00:00:00,0999-wombat,B8:27:EB:6F:ED:ED,-41, WPA ,0.000000,0.000000,0.000,0.000,AP
2026-04-01 14:51:39,1900-01-00 00:00:00,0999-wombat,B8:27:EB:6F:ED:ED,-40, WPA ,0.000000,0.000000,0.000,0.000,AP
2026-04-01 14:51:39,1900-01-00 00:00:00,0999-wombat,B8:27:EB:6F:ED:ED,-40, WPA ,0.000000,0.000000,0.000,0.000,AP
2026-04-01 14:51:39,1900-01-00 00:00:00,0999-wombat,B8:27:EB:6F:ED:ED,-39, WPA ,0.000000,0.000000,0.000,0.000,AP
2026-04-01 14:51:39,1900-01-00 00:00:00,0999-wombat,B8:27:EB:6F:ED:ED,-40, WPA ,0.000000,0.000000,0.000,0.000,AP
2026-04-01 14:51:39,1900-01-00 00:00:00,0999-wombat,B8:27:EB:6F:ED:ED,-40, WPA ,0.000000,0.000000,0.000,0.000,AP
2026-04-01 14:51:39,1900-01-00 00:00:00,0999-wombat,B8:27:EB:6F:ED:ED,-40, WPA ,0.000000,0.000000,0.000,0.000,AP
2026-04-01 14:51:39,1900-01-00 00:00:00,0999-wombat,B8:27:EB:6F:ED:ED,-39, WPA ,0.000000,0.000000,0.000,0.000,AP
2026-04-01 14:51:39,1900-01-00 00:00:00,0999-wombat,B8:27:EB:6F:ED:ED,-39, WPA ,0.000000,0.000000,0.000,0.000,AP
2026-04-01 14:51:39,1900-01-00 00:00:00,0999-wombat,B8:27:EB:6F:ED:ED,-39, WPA ,0.000000,0.000000,0.000,0.000,AP
2026-04-01 14:51:39,1900-01-00 00:00:00,0999-wombat,B8:27:EB:6F:ED:ED,-39, WPA ,0.000000,0.000000,0.000,0.000,AP
2026-04-01 14:51:39,1900-01-00 00:00:00,0999-wombat,B8:27:EB:6F:ED:ED,-38, WPA ,0.000000,0.000000,0.000,0.000,AP
2026-04-01 14:51:39,1900-01-00 00:00:00,0999-wombat,B8:27:EB:6F:ED:ED,-38, WPA ,0.000000,0.000000,0.000,0.000,AP
2026-04-01 14:51:39,1900-01-00 00:00:00,0999-wombat,B8:27:EB:6F:ED:ED,-40, WPA ,0.000000,0.000000,0.000,0.000,AP
2026-04-01 14:51:39,1900-01-00 00:00:00,0999-wombat,B8:27:EB:6F:ED:ED,-38, WPA ,0.000000,0.000000,0.000,0.000,AP
2026-04-01 14:51:39,1900-01-00 00:00:00,0999-wombat,B8:27:EB:6F:ED:ED,-39, WPA ,0.000000,0.000000,0.000,0.000,AP
2026-04-01 14:51:40,1900-01-00 00:00:00,0999-wombat,B8:27:EB:6F:ED:ED,-38, WPA ,0.000000,0.000000,0.000,0.000,AP
2026-04-01 14:51:40,1900-01-00 00:00:00,0999-wombat,B8:27:EB:6F:ED:ED,-37, WPA ,0.000000,0.000000,0.000,0.000,AP
2026-04-01 14:51:40,1900-01-00 00:00:00,0999-wombat,B8:27:EB:6F:ED:ED,-39, WPA ,0.000000,0.000000,0.000,0.000,AP
2026-04-01 14:51:40,1900-01-00 00:00:00,0999-wombat,B8:27:EB:6F:ED:ED,-38, WPA ,0.000000,0.000000,0.000,0.000,AP
2026-04-01 14:51:40,1900-01-00 00:00:00,0999-wombat,B8:27:EB:6F:ED:ED,-38, WPA ,0.000000,0.000000,0.000,0.000,AP
2026-04-01 14:51:40,1900-01-00 00:00:00,0999-wombat,B8:27:EB:6F:ED:ED,-38, WPA ,0.000000,0.000000,0.000,0.000,AP
2026-04-01 14:51:40,1900-01-00 00:00:00,0999-wombat,B8:27:EB:6F:ED:ED,-38, WPA ,0.000000,0.000000,0.000,0.000,AP
2026-04-01 14:51:40,1900-01-00 00:00:00,0999-wombat,B8:27:EB:6F:ED:ED,-37, WPA ,0.000000,0.000000,0.000,0.000,AP
2026-04-01 14:51:40,1900-01-00 00:00:00,0999-wombat,B8:27:EB:6F:ED:ED,-38, WPA ,0.000000,0.000000,0.000,0.000,AP
2026-04-01 14:51:40,1900-01-00 00:00:00,0999-wombat,B8:27:EB:6F:ED:ED,-38, WPA ,0.000000,0.000000,0.000,0.000,AP
2026-04-01 14:51:41,1900-01-00 00:00:00,0999-wombat,B8:27:EB:6F:ED:ED,-37, WPA ,0.000000,0.000000,0.000,0.000,AP
2026-04-01 14:51:41,1900-01-00 00:00:00,0999-wombat,B8:27:EB:6F:ED:ED,-39, WPA ,0.000000,0.000000,0.000,0.000,AP
2026-04-01 14:51:41,1900-01-00 00:00:00,0999-wombat,B8:27:EB:6F:ED:ED,-39, WPA ,0.000000,0.000000,0.000,0.000,AP
2026-04-01 14:51:41,1900-01-00 00:00:00,0999-wombat,B8:27:EB:6F:ED:ED,-39, WPA ,0.000000,0.000000,0.000,0.000,AP
2026-04-01 14:51:41,1900-01-00 00:00:00,0999-wombat,B8:27:EB:6F:ED:ED,-39, WPA ,0.000000,0.000000,0.000,0.000,AP
2026-04-01 14:51:41,1900-01-00 00:00:00,0999-wombat,B8:27:EB:6F:ED:ED,-39, WPA ,0.000000,0.000000,0.000,0.000,AP
2026-04-01 14:51:41,1900-01-00 00:00:00,0999-wombat,B8:27:EB:6F:ED:ED,-39, WPA ,0.000000,0.000000,0.000,0.000,AP
2026-04-01 14:51:41,1900-01-00 00:00:00,0999-wombat,B8:27:EB:6F:ED:ED,-39, WPA ,0.000000,0.000000,0.000,0.000,AP
2026-04-01 14:51:41,1900-01-00 00:00:00,0999-wombat,B8:27:EB:6F:ED:ED,-38, WPA ,0.000000,0.000000,0.000,0.000,AP
2026-04-01 14:51:41,1900-01-00 00:00:00,0999-wombat,B8:27:EB:6F:ED:ED,-39, WPA ,0.000000,0.000000,0.000,0.000,AP
2026-04-01 14:51:41,1900-01-00 00:00:00,0999-wombat,B8:27:EB:6F:ED:ED,-38, WPA ,0.000000,0.000000,0.000,0.000,AP
2026-04-01 14:51:41,1900-01-00 00:00:00,0999-wombat,B8:27:EB:6F:ED:ED,-38, WPA ,0.000000,0.000000,0.000,0.000,AP
2026-04-01 14:51:41,1900-01-00 00:00:00,0999-wombat,B8:27:EB:6F:ED:ED,-39, WPA ,0.000000,0.000000,0.000,0.000,AP
2026-04-01 14:51:41,1900-01-00 00:00:00,0999-wombat,B8:27:EB:6F:ED:ED,-38, WPA ,0.000000,0.000000,0.000,0.000,AP
2026-04-01 14:51:41,1900-01-00 00:00:00,0999-wombat,B8:27:EB:6F:ED:ED,-36, WPA ,0.000000,0.000000,0.000,0.000,AP
2026-04-01 14:51:41,1900-01-00 00:00:00,0999-wombat,B8:27:EB:6F:ED:ED,-37, WPA ,0.000000,0.000000,0.000,0.000,AP
2026-04-01 14:51:41,1900-01-00 00:00:00,0999-wombat,B8:27:EB:6F:ED:ED,-38, WPA ,0.000000,0.000000,0.000,0.000,AP
2026-04-01 14:51:41,1900-01-00 00:00:00,0999-wombat,B8:27:EB:6F:ED:ED,-38, WPA ,0.000000,0.000000,0.000,0.000,AP
2026-04-01 14:51:42,1900-01-00 00:00:00,0999-wombat,B8:27:EB:6F:ED:ED,-38, WPA ,0.000000,0.000000,0.000,0.000,AP
2026-04-01 14:51:42,1900-01-00 00:00:00,0999-wombat,B8:27:EB:6F:ED:ED,-38, WPA ,0.000000,0.000000,0.000,0.000,AP
2026-04-01 14:51:42,1900-01-00 00:00:00,0999-wombat,B8:27:EB:6F:ED:ED,-38, WPA ,0.000000,0.000000,0.000,0.000,AP
2026-04-01 14:51:42,1900-01-00 00:00:00,0999-wombat,B8:27:EB:6F:ED:ED,-38, WPA ,0.000000,0.000000,0.000,0.000,AP
2026-04-01 14:51:42,1900-01-00 00:00:00,0999-wombat,B8:27:EB:6F:ED:ED,-38, WPA ,0.000000,0.000000,0.000,0.000,AP
2026-04-01 14:51:42,1900-01-00 00:00:00,0999-wombat,B8:27:EB:6F:ED:ED,-38, WPA ,0.000000,0.000000,0.000,0.000,AP
2026-04-01 14:51:42,1900-01-00 00:00:00,0999-wombat,B8:27:EB:6F:ED:ED,-40, WPA ,0.000000,0.000000,0.000,0.000,AP
2026-04-01 14:51:42,1900-01-00 00:00:00,0999-wombat,B8:27:EB:6F:ED:ED,-38, WPA ,0.000000,0.000000,0.000,0.000,AP
2026-04-01 14:51:43,1900-01-00 00:00:00,0999-wombat,B8:27:EB:6F:ED:ED,-39, WPA ,0.000000,0.000000,0.000,0.000,AP
2026-04-01 14:51:43,1900-01-00 00:00:00,0999-wombat,B8:27:EB:6F:ED:ED,-39, WPA ,0.000000,0.000000,0.000,0.000,AP
2026-04-01 14:51:44,1900-01-00 00:00:00,0999-wombat,B8:27:EB:6F:ED:ED,-41, WPA ,0.000000,0.000000,0.000,0.000,AP
2026-04-01 14:51:45,1900-01-00 00:00:00,0999-wombat,B8:27:EB:6F:ED:ED,-43, WPA ,0.000000,0.000000,0.000,0.000,AP
2026-04-01 14:51:46,1900-01-00 00:00:00,0999-wombat,B8:27:EB:6F:ED:ED,-38, WPA ,0.000000,0.000000,0.000,0.000,AP
2026-04-01 14:51:46,1900-01-00 00:00:00,0999-wombat,B8:27:EB:6F:ED:ED,-36, WPA ,0.000000,0.000000,0.000,0.000,AP
2026-04-01 14:51:46,1900-01-00 00:00:00,0999-wombat,B8:27:EB:6F:ED:ED,-38, WPA ,0.000000,0.000000,0.000,0.000,AP
2026-04-01 14:51:47,1900-01-00 00:00:00,0999-wombat,B8:27:EB:6F:ED:ED,-38, WPA ,0.000000,0.000000,0.000,0.000,AP
2026-04-01 14:51:47,1900-01-00 00:00:00,0999-wombat,B8:27:EB:6F:ED:ED,-38, WPA ,0.000000,0.000000,0.000,0.000,AP
2026-04-01 14:51:47,1900-01-00 00:00:00,0999-wombat,B8:27:EB:6F:ED:ED,-37, WPA ,0.000000,0.000000,0.000,0.000,AP
2026-04-01 14:51:47,1900-01-00 00:00:00,0999-wombat,B8:27:EB:6F:ED:ED,-37, WPA ,0.000000,0.000000,0.000,0.000,AP
2026-04-01 14:51:47,1900-01-00 00:00:00,0999-wombat,B8:27:EB:6F:ED:ED,-37, WPA ,0.000000,0.000000,0.000,0.000,AP
2026-04-01 14:51:47,1900-01-00 00:00:00,0999-wombat,B8:27:EB:6F:ED:ED,-38, WPA ,0.000000,0.000000,0.000,0.000,AP
2026-04-01 14:51:47,1900-01-00 00:00:00,0999-wombat,B8:27:EB:6F:ED:ED,-37, WPA ,0.000000,0.000000,0.000,0.000,AP
2026-04-01 14:51:47,1900-01-00 00:00:00,0999-wombat,B8:27:EB:6F:ED:ED,-36, WPA ,0.000000,0.000000,0.000,0.000,AP
2026-04-01 14:51:47,1900-01-00 00:00:00,0999-wombat,B8:27:EB:6F:ED:ED,-39, WPA ,0.000000,0.000000,0.000,0.000,AP
2026-04-01 14:51:47,1900-01-00 00:00:00,0999-wombat,B8:27:EB:6F:ED:ED,-38, WPA ,0.000000,0.000000,0.000,0.000,AP
2026-04-01 14:51:47,1900-01-00 00:00:00,0999-wombat,B8:27:EB:6F:ED:ED,-38, WPA ,0.000000,0.000000,0.000,0.000,AP
2026-04-01 14:51:47,1900-01-00 00:00:00,0999-wombat,B8:27:EB:6F:ED:ED,-38, WPA ,0.000000,0.000000,0.000,0.000,AP
2026-04-01 14:51:47,1900-01-00 00:00:00,0999-wombat,B8:27:EB:6F:ED:ED,-38, WPA ,0.000000,0.000000,0.000,0.000,AP
2026-04-01 14:51:47,1900-01-00 00:00:00,0999-wombat,B8:27:EB:6F:ED:ED,-39, WPA ,0.000000,0.000000,0.000,0.000,AP
2026-04-01 14:51:47,1900-01-00 00:00:00,0999-wombat,B8:27:EB:6F:ED:ED,-39, WPA ,0.000000,0.000000,0.000,0.000,AP
2026-04-01 14:51:47,1900-01-00 00:00:00,0999-wombat,B8:27:EB:6F:ED:ED,-38, WPA ,0.000000,0.000000,0.000,0.000,AP
2026-04-01 14:51:47,1900-01-00 00:00:00,0999-wombat,B8:27:EB:6F:ED:ED,-38, WPA ,0.000000,0.000000,0.000,0.000,AP
2026-04-01 14:51:47,1900-01-00 00:00:00,0999-wombat,B8:27:EB:6F:ED:ED,-38, WPA ,0.000000,0.000000,0.000,0.000,AP
2026-04-01 14:51:47,1900-01-00 00:00:00,0999-wombat,B8:27:EB:6F:ED:ED,-38, WPA ,0.000000,0.000000,0.000,0.000,AP
2026-04-01 14:51:47,1900-01-00 00:00:00,0999-wombat,B8:27:EB:6F:ED:ED,-38, WPA ,0.000000,0.000000,0.000,0.000,AP
2026-04-01 14:51:47,1900-01-00 00:00:00,0999-wombat,B8:27:EB:6F:ED:ED,-38, WPA ,0.000000,0.000000,0.000,0.000,AP
2026-04-01 14:51:47,1900-01-00 00:00:00,0999-wombat,B8:27:EB:6F:ED:ED,-41, WPA ,0.000000,0.000000,0.000,0.000,AP
2026-04-01 14:51:48,1900-01-00 00:00:00,0999-wombat,B8:27:EB:6F:ED:ED,-41, WPA ,0.000000,0.000000,0.000,0.000,AP
2026-04-01 14:51:49,1900-01-00 00:00:00,0999-wombat,B8:27:EB:6F:ED:ED,-45, WPA ,0.000000,0.000000,0.000,0.000,AP
2026-04-01 14:51:51,1900-01-00 00:00:00,0999-wombat,B8:27:EB:6F:ED:ED,-40, WPA ,0.000000,0.000000,0.000,0.000,AP
2026-04-01 14:51:51,1900-01-00 00:00:00,0999-wombat,B8:27:EB:6F:ED:ED,-40, WPA ,0.000000,0.000000,0.000,0.000,AP
2026-04-01 14:51:52,1900-01-00 00:00:00,0999-wombat,B8:27:EB:6F:ED:ED,-40, WPA ,0.000000,0.000000,0.000,0.000,AP
2026-04-01 14:51:52,1900-01-00 00:00:00,0999-wombat,B8:27:EB:6F:ED:ED,-41, WPA ,0.000000,0.000000,0.000,0.000,AP
2026-04-01 14:51:52,1900-01-00 00:00:00,0999-wombat,B8:27:EB:6F:ED:ED,-41, WPA ,0.000000,0.000000,0.000,0.000,AP
2026-04-01 14:51:53,1900-01-00 00:00:00,0999-wombat,B8:27:EB:6F:ED:ED,-40, WPA ,0.000000,0.000000,0.000,0.000,AP
2026-04-01 14:51:54,1900-01-00 00:00:00,0999-wombat,B8:27:EB:6F:ED:ED,-40, WPA ,0.000000,0.000000,0.000,0.000,AP
2026-04-01 14:51:54,1900-01-00 00:00:00,0999-wombat,B8:27:EB:6F:ED:ED,-35, WPA ,0.000000,0.000000,0.000,0.000,AP
2026-04-01 14:51:55,1900-01-00 00:00:00,0999-wombat,B8:27:EB:6F:ED:ED,-37, WPA ,0.000000,0.000000,0.000,0.000,AP
2026-04-01 14:51:56,1900-01-00 00:00:00,0999-wombat,B8:27:EB:6F:ED:ED,-39, WPA ,0.000000,0.000000,0.000,0.000,AP
2026-04-01 14:51:56,1900-01-00 00:00:00,0999-wombat,B8:27:EB:6F:ED:ED,-38, WPA ,0.000000,0.000000,0.000,0.000,AP
2026-04-01 14:51:56,1900-01-00 00:00:00,0999-wombat,B8:27:EB:6F:ED:ED,-38, WPA ,0.000000,0.000000,0.000,0.000,AP
2026-04-01 14:51:56,1900-01-00 00:00:00,0999-wombat,B8:27:EB:6F:ED:ED,-39, WPA ,0.000000,0.000000,0.000,0.000,AP
2026-04-01 14:51:56,1900-01-00 00:00:00,0999-wombat,B8:27:EB:6F:ED:ED,-39, WPA ,0.000000,0.000000,0.000,0.000,AP
2026-04-01 14:51:56,1900-01-00 00:00:00,0999-wombat,B8:27:EB:6F:ED:ED,-38, WPA ,0.000000,0.000000,0.000,0.000,AP
2026-04-01 14:51:56,1900-01-00 00:00:00,0999-wombat,B8:27:EB:6F:ED:ED,-39, WPA ,0.000000,0.000000,0.000,0.000,AP
2026-04-01 14:51:56,1900-01-00 00:00:00,0999-wombat,B8:27:EB:6F:ED:ED,-37, WPA ,0.000000,0.000000,0.000,0.000,AP
2026-04-01 14:51:57,1900-01-00 00:00:00,0999-wombat,B8:27:EB:6F:ED:ED,-38, WPA ,0.000000,0.000000,0.000,0.000,AP
2026-04-01 14:51:57,1900-01-00 00:00:00,0999-wombat,B8:27:EB:6F:ED:ED,-38, WPA ,0.000000,0.000000,0.000,0.000,AP
2026-04-01 14:51:57,1900-01-00 00:00:00,0999-wombat,B8:27:EB:6F:ED:ED,-38, WPA ,0.000000,0.000000,0.000,0.000,AP
2026-04-01 14:51:57,1900-01-00 00:00:00,0999-wombat,B8:27:EB:6F:ED:ED,-41, WPA ,0.000000,0.000000,0.000,0.000,AP
2026-04-01 14:51:57,1900-01-00 00:00:00,0999-wombat,B8:27:EB:6F:ED:ED,-40, WPA ,0.000000,0.000000,0.000,0.000,AP
2026-04-01 14:51:57,1900-01-00 00:00:00,0999-wombat,B8:27:EB:6F:ED:ED,-40, WPA ,0.000000,0.000000,0.000,0.000,AP
2026-04-01 14:51:57,1900-01-00 00:00:00,0999-wombat,B8:27:EB:6F:ED:ED,-39, WPA ,0.000000,0.000000,0.000,0.000,AP
2026-04-01 14:51:57,1900-01-00 00:00:00,0999-wombat,B8:27:EB:6F:ED:ED,-39, WPA ,0.000000,0.000000,0.000,0.000,AP
2026-04-01 14:51:57,1900-01-00 00:00:00,0999-wombat,B8:27:EB:6F:ED:ED,-40, WPA ,0.000000,0.000000,0.000,0.000,AP
2026-04-01 14:51:58,1900-01-00 00:00:00,0999-wombat,B8:27:EB:6F:ED:ED,-40, WPA ,0.000000,0.000000,0.000,0.000,AP
2026-04-01 14:51:58,1900-01-00 00:00:00,0999-wombat,B8:27:EB:6F:ED:ED,-40, WPA ,0.000000,0.000000,0.000,0.000,AP
2026-04-01 14:52:00,1900-01-00 00:00:00,0999-wombat,B8:27:EB:6F:ED:ED,-41, WPA ,0.000000,0.000000,0.000,0.000,AP
2026-04-01 14:52:00,1900-01-00 00:00:00,0999-wombat,B8:27:EB:6F:ED:ED,-41, WPA ,0.000000,0.000000,0.000,0.000,AP
2026-04-01 14:52:00,1900-01-00 00:00:00,0999-wombat,B8:27:EB:6F:ED:ED,-41, WPA ,0.000000,0.000000,0.000,0.000,AP
2026-04-01 14:52:00,1900-01-00 00:00:00,0999-wombat,B8:27:EB:6F:ED:ED,-45, WPA ,0.000000,0.000000,0.000,0.000,AP
2026-04-01 14:52:01,1900-01-00 00:00:00,0999-wombat,B8:27:EB:6F:ED:ED,-43, WPA ,0.000000,0.000000,0.000,0.000,AP
2026-04-01 14:52:01,1900-01-00 00:00:00,0999-wombat,B8:27:EB:6F:ED:ED,-44, WPA ,0.000000,0.000000,0.000,0.000,AP
2026-04-01 14:52:01,1900-01-00 00:00:00,0999-wombat,B8:27:EB:6F:ED:ED,-44, WPA ,0.000000,0.000000,0.000,0.000,AP
2026-04-01 14:52:02,1900-01-00 00:00:00,0999-wombat,B8:27:EB:6F:ED:ED,-43, WPA ,0.000000,0.000000,0.000,0.000,AP
2026-04-01 14:52:02,1900-01-00 00:00:00,0999-wombat,B8:27:EB:6F:ED:ED,-43, WPA ,0.000000,0.000000,0.000,0.000,AP
2026-04-01 14:52:02,1900-01-00 00:00:00,0999-wombat,B8:27:EB:6F:ED:ED,-44, WPA ,0.000000,0.000000,0.000,0.000,AP
2026-04-01 14:52:02,1900-01-00 00:00:00,0999-wombat,B8:27:EB:6F:ED:ED,-44, WPA ,0.000000,0.000000,0.000,0.000,AP
2026-04-01 14:52:02,1900-01-00 00:00:00,0999-wombat,B8:27:EB:6F:ED:ED,-43, WPA ,0.000000,0.000000,0.000,0.000,AP
2026-04-01 14:52:02,1900-01-00 00:00:00,0999-wombat,B8:27:EB:6F:ED:ED,-43, WPA ,0.000000,0.000000,0.000,0.000,AP
2026-04-01 14:52:03,1900-01-00 00:00:00,0999-wombat,B8:27:EB:6F:ED:ED,-42, WPA ,0.000000,0.000000,0.000,0.000,AP
2026-04-01 14:52:03,1900-01-00 00:00:00,0999-wombat,B8:27:EB:6F:ED:ED,-40, WPA ,0.000000,0.000000,0.000,0.000,AP
2026-04-01 14:52:03,1900-01-00 00:00:00,0999-wombat,B8:27:EB:6F:ED:ED,-39, WPA ,0.000000,0.000000,0.000,0.000,AP
2026-04-01 14:52:03,1900-01-00 00:00:00,0999-wombat,B8:27:EB:6F:ED:ED,-39, WPA ,0.000000,0.000000,0.000,0.000,AP
2026-04-01 14:52:03,1900-01-00 00:00:00,0999-wombat,B8:27:EB:6F:ED:ED,-42, WPA ,0.000000,0.000000,0.000,0.000,AP
2026-04-01 14:52:03,1900-01-00 00:00:00,0999-wombat,B8:27:EB:6F:ED:ED,-42, WPA ,0.000000,0.000000,0.000,0.000,AP
2026-04-01 14:52:03,1900-01-00 00:00:00,0999-wombat,B8:27:EB:6F:ED:ED,-41, WPA ,0.000000,0.000000,0.000,0.000,AP
2026-04-01 14:52:03,1900-01-00 00:00:00,0999-wombat,B8:27:EB:6F:ED:ED,-42, WPA ,0.000000,0.000000,0.000,0.000,AP
2026-04-01 14:52:04,1900-01-00 00:00:00,0999-wombat,B8:27:EB:6F:ED:ED,-44, WPA ,0.000000,0.000000,0.000,0.000,AP
2026-04-01 14:52:04,1900-01-00 00:00:00,0999-wombat,B8:27:EB:6F:ED:ED,-43, WPA ,0.000000,0.000000,0.000,0.000,AP
2026-04-01 14:52:05,1900-01-00 00:00:00,0999-wombat,B8:27:EB:6F:ED:ED,-41, WPA ,0.000000,0.000000,0.000,0.000,AP
2026-04-01 14:52:05,1900-01-00 00:00:00,0999-wombat,B8:27:EB:6F:ED:ED,-44, WPA ,0.000000,0.000000,0.000,0.000,AP
2026-04-01 14:52:06,1900-01-00 00:00:00,0999-wombat,B8:27:EB:6F:ED:ED,-41, WPA ,0.000000,0.000000,0.000,0.000,AP
2026-04-01 14:52:06,1900-01-00 00:00:00,0999-wombat,B8:27:EB:6F:ED:ED,-38, WPA ,0.000000,0.000000,0.000,0.000,AP
2026-04-01 14:52:06,1900-01-00 00:00:00,0999-wombat,B8:27:EB:6F:ED:ED,-42, WPA ,0.000000,0.000000,0.000,0.000,AP
2026-04-01 14:52:06,1900-01-00 00:00:00,0999-wombat,B8:27:EB:6F:ED:ED,-41, WPA ,0.000000,0.000000,0.000,0.000,AP
2026-04-01 14:52:07,1900-01-00 00:00:00,0999-wombat,B8:27:EB:6F:ED:ED,-37, WPA ,0.000000,0.000000,0.000,0.000,AP
2026-04-01 14:52:07,1900-01-00 00:00:00,0999-wombat,B8:27:EB:6F:ED:ED,-41, WPA ,0.000000,0.000000,0.000,0.000,AP
2026-04-01 14:52:07,1900-01-00 00:00:00,0999-wombat,B8:27:EB:6F:ED:ED,-38, WPA ,0.000000,0.000000,0.000,0.000,AP
2026-04-01 14:52:07,1900-01-00 00:00:00,0999-wombat,B8:27:EB:6F:ED:ED,-37, WPA ,0.000000,0.000000,0.000,0.000,AP
2026-04-01 14:52:07,1900-01-00 00:00:00,0999-wombat,B8:27:EB:6F:ED:ED,-36, WPA ,0.000000,0.000000,0.000,0.000,AP
2026-04-01 14:52:08,1900-01-00 00:00:00,0999-wombat,B8:27:EB:6F:ED:ED,-41, WPA ,0.000000,0.000000,0.000,0.000,AP
2026-04-01 14:52:08,1900-01-00 00:00:00,0999-wombat,B8:27:EB:6F:ED:ED,-42, WPA ,0.000000,0.000000,0.000,0.000,AP
2026-04-01 14:52:08,1900-01-00 00:00:00,0999-wombat,B8:27:EB:6F:ED:ED,-42, WPA ,0.000000,0.000000,0.000,0.000,AP
2026-04-01 14:52:09,1900-01-00 00:00:00,0999-wombat,B8:27:EB:6F:ED:ED,-40, WPA ,0.000000,0.000000,0.000,0.000,AP
2026-04-01 14:52:09,1900-01-00 00:00:00,0999-wombat,B8:27:EB:6F:ED:ED,-42, WPA ,0.000000,0.000000,0.000,0.000,AP
2026-04-01 14:52:10,1900-01-00 00:00:00,0999-wombat,B8:27:EB:6F:ED:ED,-43, WPA ,0.000000,0.000000,0.000,0.000,AP
2026-04-01 14:52:10,1900-01-00 00:00:00,0999-wombat,B8:27:EB:6F:ED:ED,-43, WPA ,0.000000,0.000000,0.000,0.000,AP
2026-04-01 14:52:10,1900-01-00 00:00:00,0999-wombat,B8:27:EB:6F:ED:ED,-41, WPA ,0.000000,0.000000,0.000,0.000,AP
2026-04-01 14:52:11,1900-01-00 00:00:00,0999-wombat,B8:27:EB:6F:ED:ED,-38, WPA ,0.000000,0.000000,0.000,0.000,AP
2026-04-01 14:52:11,1900-01-00 00:00:00,0999-wombat,B8:27:EB:6F:ED:ED,-38, WPA ,0.000000,0.000000,0.000,0.000,AP
2026-04-01 14:52:11,1900-01-00 00:00:00,0999-wombat,B8:27:EB:6F:ED:ED,-38, WPA ,0.000000,0.000000,0.000,0.000,AP
2026-04-01 14:52:11,1900-01-00 00:00:00,0999-wombat,B8:27:EB:6F:ED:ED,-40, WPA ,0.000000,0.000000,0.000,0.000,AP
2026-04-01 14:52:11,1900-01-00 00:00:00,0999-wombat,B8:27:EB:6F:ED:ED,-40, WPA ,0.000000,0.000000,0.000,0.000,AP
2026-04-01 14:52:11,1900-01-00 00:00:00,0999-wombat,B8:27:EB:6F:ED:ED,-37, WPA ,0.000000,0.000000,0.000,0.000,AP
