LocalTime, GPSTime, ESSID, BSSID, Power, Security, Latitude, Longitude, Latitude Error, Longitude Error, Type
2026-04-10 13:20:49,1900-01-00 00:00:00,,B8:27:EB:CA:A1:3C,-42, ,0.000000,0.000000,0.000,0.000,AP
2026-04-10 13:20:49,1900-01-00 00:00:00,1008-wombat,B8:27:EB:CA:A1:3C,-43, WPA ,0.000000,0.000000,0.000,0.000,AP
2026-04-10 13:20:49,1900-01-00 00:00:00,1008-wombat,B8:27:EB:CA:A1:3C,-44, WPA ,0.000000,0.000000,0.000,0.000,AP
2026-04-10 13:20:49,1900-01-00 00:00:00,1008-wombat,B8:27:EB:CA:A1:3C,-44, WPA ,0.000000,0.000000,0.000,0.000,AP
2026-04-10 13:20:49,1900-01-00 00:00:00,1008-wombat,B8:27:EB:CA:A1:3C,-44, WPA ,0.000000,0.000000,0.000,0.000,AP
2026-04-10 13:20:49,1900-01-00 00:00:00,1008-wombat,B8:27:EB:CA:A1:3C,-44, WPA ,0.000000,0.000000,0.000,0.000,AP
2026-04-10 13:20:49,1900-01-00 00:00:00,1008-wombat,B8:27:EB:CA:A1:3C,-44, WPA ,0.000000,0.000000,0.000,0.000,AP
2026-04-10 13:20:49,1900-01-00 00:00:00,1008-wombat,B8:27:EB:CA:A1:3C,-44, WPA ,0.000000,0.000000,0.000,0.000,AP
2026-04-10 13:20:49,1900-01-00 00:00:00,1008-wombat,B8:27:EB:CA:A1:3C,-42, WPA ,0.000000,0.000000,0.000,0.000,AP
2026-04-10 13:20:49,1900-01-00 00:00:00,1008-wombat,B8:27:EB:CA:A1:3C,-45, WPA ,0.000000,0.000000,0.000,0.000,AP
2026-04-10 13:20:50,1900-01-00 00:00:00,1008-wombat,B8:27:EB:CA:A1:3C,-45, WPA ,0.000000,0.000000,0.000,0.000,AP
2026-04-10 13:20:50,1900-01-00 00:00:00,1008-wombat,B8:27:EB:CA:A1:3C,-45, WPA ,0.000000,0.000000,0.000,0.000,AP
2026-04-10 13:20:50,1900-01-00 00:00:00,1008-wombat,B8:27:EB:CA:A1:3C,-45, WPA ,0.000000,0.000000,0.000,0.000,AP
2026-04-10 13:20:50,1900-01-00 00:00:00,1008-wombat,B8:27:EB:CA:A1:3C,-45, WPA ,0.000000,0.000000,0.000,0.000,AP
2026-04-10 13:20:50,1900-01-00 00:00:00,1008-wombat,B8:27:EB:CA:A1:3C,-46, WPA ,0.000000,0.000000,0.000,0.000,AP
2026-04-10 13:20:50,1900-01-00 00:00:00,,C8:15:4E:20:C7:81,-47,,0.000000,0.000000,0.000,0.000,Client
2026-04-10 13:20:50,1900-01-00 00:00:00,1008-wombat,B8:27:EB:CA:A1:3C,-47, WPA ,0.000000,0.000000,0.000,0.000,AP
2026-04-10 13:20:50,1900-01-00 00:00:00,1008-wombat,B8:27:EB:CA:A1:3C,-46, WPA ,0.000000,0.000000,0.000,0.000,AP
2026-04-10 13:20:50,1900-01-00 00:00:00,1008-wombat,B8:27:EB:CA:A1:3C,-48, WPA ,0.000000,0.000000,0.000,0.000,AP
2026-04-10 13:20:50,1900-01-00 00:00:00,1008-wombat,B8:27:EB:CA:A1:3C,-47, WPA ,0.000000,0.000000,0.000,0.000,AP
2026-04-10 13:20:50,1900-01-00 00:00:00,1008-wombat,B8:27:EB:CA:A1:3C,-47, WPA ,0.000000,0.000000,0.000,0.000,AP
2026-04-10 13:20:50,1900-01-00 00:00:00,1008-wombat,B8:27:EB:CA:A1:3C,-47, WPA ,0.000000,0.000000,0.000,0.000,AP
2026-04-10 13:20:50,1900-01-00 00:00:00,1008-wombat,B8:27:EB:CA:A1:3C,-46, WPA ,0.000000,0.000000,0.000,0.000,AP
2026-04-10 13:20:50,1900-01-00 00:00:00,1008-wombat,B8:27:EB:CA:A1:3C,-47, WPA ,0.000000,0.000000,0.000,0.000,AP
2026-04-10 13:20:50,1900-01-00 00:00:00,1008-wombat,B8:27:EB:CA:A1:3C,-45, WPA ,0.000000,0.000000,0.000,0.000,AP
2026-04-10 13:20:50,1900-01-00 00:00:00,1008-wombat,B8:27:EB:CA:A1:3C,-47, WPA ,0.000000,0.000000,0.000,0.000,AP
2026-04-10 13:20:50,1900-01-00 00:00:00,1008-wombat,B8:27:EB:CA:A1:3C,-47, WPA ,0.000000,0.000000,0.000,0.000,AP
2026-04-10 13:20:50,1900-01-00 00:00:00,1008-wombat,B8:27:EB:CA:A1:3C,-47, WPA ,0.000000,0.000000,0.000,0.000,AP
2026-04-10 13:20:50,1900-01-00 00:00:00,1008-wombat,B8:27:EB:CA:A1:3C,-48, WPA ,0.000000,0.000000,0.000,0.000,AP
2026-04-10 13:20:50,1900-01-00 00:00:00,1008-wombat,B8:27:EB:CA:A1:3C,-47, WPA ,0.000000,0.000000,0.000,0.000,AP
2026-04-10 13:20:50,1900-01-00 00:00:00,1008-wombat,B8:27:EB:CA:A1:3C,-47, WPA ,0.000000,0.000000,0.000,0.000,AP
2026-04-10 13:20:50,1900-01-00 00:00:00,1008-wombat,B8:27:EB:CA:A1:3C,-47, WPA ,0.000000,0.000000,0.000,0.000,AP
2026-04-10 13:20:50,1900-01-00 00:00:00,1008-wombat,B8:27:EB:CA:A1:3C,-46, WPA ,0.000000,0.000000,0.000,0.000,AP
2026-04-10 13:20:50,1900-01-00 00:00:00,1008-wombat,B8:27:EB:CA:A1:3C,-47, WPA ,0.000000,0.000000,0.000,0.000,AP
2026-04-10 13:20:50,1900-01-00 00:00:00,1008-wombat,B8:27:EB:CA:A1:3C,-47, WPA ,0.000000,0.000000,0.000,0.000,AP
2026-04-10 13:20:50,1900-01-00 00:00:00,1008-wombat,B8:27:EB:CA:A1:3C,-46, WPA ,0.000000,0.000000,0.000,0.000,AP
2026-04-10 13:20:50,1900-01-00 00:00:00,1008-wombat,B8:27:EB:CA:A1:3C,-48, WPA ,0.000000,0.000000,0.000,0.000,AP
2026-04-10 13:20:50,1900-01-00 00:00:00,1008-wombat,B8:27:EB:CA:A1:3C,-48, WPA ,0.000000,0.000000,0.000,0.000,AP
2026-04-10 13:20:50,1900-01-00 00:00:00,1008-wombat,B8:27:EB:CA:A1:3C,-48, WPA ,0.000000,0.000000,0.000,0.000,AP
2026-04-10 13:20:50,1900-01-00 00:00:00,1008-wombat,B8:27:EB:CA:A1:3C,-47, WPA ,0.000000,0.000000,0.000,0.000,AP
2026-04-10 13:20:50,1900-01-00 00:00:00,1008-wombat,B8:27:EB:CA:A1:3C,-48, WPA ,0.000000,0.000000,0.000,0.000,AP
2026-04-10 13:20:50,1900-01-00 00:00:00,1008-wombat,B8:27:EB:CA:A1:3C,-47, WPA ,0.000000,0.000000,0.000,0.000,AP
2026-04-10 13:20:50,1900-01-00 00:00:00,1008-wombat,B8:27:EB:CA:A1:3C,-47, WPA ,0.000000,0.000000,0.000,0.000,AP
2026-04-10 13:20:50,1900-01-00 00:00:00,1008-wombat,B8:27:EB:CA:A1:3C,-47, WPA ,0.000000,0.000000,0.000,0.000,AP
2026-04-10 13:20:50,1900-01-00 00:00:00,1008-wombat,B8:27:EB:CA:A1:3C,-47, WPA ,0.000000,0.000000,0.000,0.000,AP
2026-04-10 13:20:50,1900-01-00 00:00:00,1008-wombat,B8:27:EB:CA:A1:3C,-47, WPA ,0.000000,0.000000,0.000,0.000,AP
2026-04-10 13:20:50,1900-01-00 00:00:00,1008-wombat,B8:27:EB:CA:A1:3C,-48, WPA ,0.000000,0.000000,0.000,0.000,AP
2026-04-10 13:20:50,1900-01-00 00:00:00,1008-wombat,B8:27:EB:CA:A1:3C,-48, WPA ,0.000000,0.000000,0.000,0.000,AP
2026-04-10 13:20:50,1900-01-00 00:00:00,1008-wombat,B8:27:EB:CA:A1:3C,-47, WPA ,0.000000,0.000000,0.000,0.000,AP
2026-04-10 13:20:50,1900-01-00 00:00:00,1008-wombat,B8:27:EB:CA:A1:3C,-47, WPA ,0.000000,0.000000,0.000,0.000,AP
2026-04-10 13:20:50,1900-01-00 00:00:00,1008-wombat,B8:27:EB:CA:A1:3C,-48, WPA ,0.000000,0.000000,0.000,0.000,AP
2026-04-10 13:20:50,1900-01-00 00:00:00,1008-wombat,B8:27:EB:CA:A1:3C,-46, WPA ,0.000000,0.000000,0.000,0.000,AP
2026-04-10 13:20:50,1900-01-00 00:00:00,1008-wombat,B8:27:EB:CA:A1:3C,-47, WPA ,0.000000,0.000000,0.000,0.000,AP
2026-04-10 13:20:50,1900-01-00 00:00:00,1008-wombat,B8:27:EB:CA:A1:3C,-47, WPA ,0.000000,0.000000,0.000,0.000,AP
2026-04-10 13:20:50,1900-01-00 00:00:00,1008-wombat,B8:27:EB:CA:A1:3C,-47, WPA ,0.000000,0.000000,0.000,0.000,AP
2026-04-10 13:20:50,1900-01-00 00:00:00,1008-wombat,B8:27:EB:CA:A1:3C,-47, WPA ,0.000000,0.000000,0.000,0.000,AP
2026-04-10 13:20:50,1900-01-00 00:00:00,1008-wombat,B8:27:EB:CA:A1:3C,-47, WPA ,0.000000,0.000000,0.000,0.000,AP
2026-04-10 13:20:50,1900-01-00 00:00:00,1008-wombat,B8:27:EB:CA:A1:3C,-47, WPA ,0.000000,0.000000,0.000,0.000,AP
2026-04-10 13:20:50,1900-01-00 00:00:00,1008-wombat,B8:27:EB:CA:A1:3C,-47, WPA ,0.000000,0.000000,0.000,0.000,AP
2026-04-10 13:20:50,1900-01-00 00:00:00,1008-wombat,B8:27:EB:CA:A1:3C,-47, WPA ,0.000000,0.000000,0.000,0.000,AP
2026-04-10 13:20:50,1900-01-00 00:00:00,1008-wombat,B8:27:EB:CA:A1:3C,-47, WPA ,0.000000,0.000000,0.000,0.000,AP
2026-04-10 13:20:50,1900-01-00 00:00:00,1008-wombat,B8:27:EB:CA:A1:3C,-48, WPA ,0.000000,0.000000,0.000,0.000,AP
2026-04-10 13:20:50,1900-01-00 00:00:00,1008-wombat,B8:27:EB:CA:A1:3C,-47, WPA ,0.000000,0.000000,0.000,0.000,AP
2026-04-10 13:20:50,1900-01-00 00:00:00,1008-wombat,B8:27:EB:CA:A1:3C,-47, WPA ,0.000000,0.000000,0.000,0.000,AP
2026-04-10 13:20:50,1900-01-00 00:00:00,1008-wombat,B8:27:EB:CA:A1:3C,-47, WPA ,0.000000,0.000000,0.000,0.000,AP
2026-04-10 13:20:50,1900-01-00 00:00:00,1008-wombat,B8:27:EB:CA:A1:3C,-47, WPA ,0.000000,0.000000,0.000,0.000,AP
2026-04-10 13:20:50,1900-01-00 00:00:00,1008-wombat,B8:27:EB:CA:A1:3C,-47, WPA ,0.000000,0.000000,0.000,0.000,AP
2026-04-10 13:20:50,1900-01-00 00:00:00,1008-wombat,B8:27:EB:CA:A1:3C,-47, WPA ,0.000000,0.000000,0.000,0.000,AP
2026-04-10 13:20:50,1900-01-00 00:00:00,1008-wombat,B8:27:EB:CA:A1:3C,-48, WPA ,0.000000,0.000000,0.000,0.000,AP
2026-04-10 13:20:50,1900-01-00 00:00:00,1008-wombat,B8:27:EB:CA:A1:3C,-47, WPA ,0.000000,0.000000,0.000,0.000,AP
2026-04-10 13:20:50,1900-01-00 00:00:00,1008-wombat,B8:27:EB:CA:A1:3C,-47, WPA ,0.000000,0.000000,0.000,0.000,AP
2026-04-10 13:20:50,1900-01-00 00:00:00,1008-wombat,B8:27:EB:CA:A1:3C,-47, WPA ,0.000000,0.000000,0.000,0.000,AP
2026-04-10 13:20:50,1900-01-00 00:00:00,1008-wombat,B8:27:EB:CA:A1:3C,-47, WPA ,0.000000,0.000000,0.000,0.000,AP
2026-04-10 13:20:50,1900-01-00 00:00:00,1008-wombat,B8:27:EB:CA:A1:3C,-47, WPA ,0.000000,0.000000,0.000,0.000,AP
2026-04-10 13:20:50,1900-01-00 00:00:00,1008-wombat,B8:27:EB:CA:A1:3C,-47, WPA ,0.000000,0.000000,0.000,0.000,AP
2026-04-10 13:20:50,1900-01-00 00:00:00,1008-wombat,B8:27:EB:CA:A1:3C,-48, WPA ,0.000000,0.000000,0.000,0.000,AP
2026-04-10 13:20:50,1900-01-00 00:00:00,1008-wombat,B8:27:EB:CA:A1:3C,-47, WPA ,0.000000,0.000000,0.000,0.000,AP
2026-04-10 13:20:50,1900-01-00 00:00:00,1008-wombat,B8:27:EB:CA:A1:3C,-47, WPA ,0.000000,0.000000,0.000,0.000,AP
2026-04-10 13:20:50,1900-01-00 00:00:00,1008-wombat,B8:27:EB:CA:A1:3C,-47, WPA ,0.000000,0.000000,0.000,0.000,AP
2026-04-10 13:20:50,1900-01-00 00:00:00,1008-wombat,B8:27:EB:CA:A1:3C,-47, WPA ,0.000000,0.000000,0.000,0.000,AP
2026-04-10 13:20:50,1900-01-00 00:00:00,1008-wombat,B8:27:EB:CA:A1:3C,-47, WPA ,0.000000,0.000000,0.000,0.000,AP
2026-04-10 13:20:50,1900-01-00 00:00:00,1008-wombat,B8:27:EB:CA:A1:3C,-47, WPA ,0.000000,0.000000,0.000,0.000,AP
2026-04-10 13:20:50,1900-01-00 00:00:00,1008-wombat,B8:27:EB:CA:A1:3C,-48, WPA ,0.000000,0.000000,0.000,0.000,AP
2026-04-10 13:20:50,1900-01-00 00:00:00,1008-wombat,B8:27:EB:CA:A1:3C,-47, WPA ,0.000000,0.000000,0.000,0.000,AP
2026-04-10 13:20:50,1900-01-00 00:00:00,1008-wombat,B8:27:EB:CA:A1:3C,-47, WPA ,0.000000,0.000000,0.000,0.000,AP
2026-04-10 13:20:50,1900-01-00 00:00:00,1008-wombat,B8:27:EB:CA:A1:3C,-47, WPA ,0.000000,0.000000,0.000,0.000,AP
2026-04-10 13:20:50,1900-01-00 00:00:00,1008-wombat,B8:27:EB:CA:A1:3C,-47, WPA ,0.000000,0.000000,0.000,0.000,AP
2026-04-10 13:20:50,1900-01-00 00:00:00,1008-wombat,B8:27:EB:CA:A1:3C,-47, WPA ,0.000000,0.000000,0.000,0.000,AP
2026-04-10 13:20:50,1900-01-00 00:00:00,1008-wombat,B8:27:EB:CA:A1:3C,-47, WPA ,0.000000,0.000000,0.000,0.000,AP
2026-04-10 13:20:50,1900-01-00 00:00:00,1008-wombat,B8:27:EB:CA:A1:3C,-47, WPA ,0.000000,0.000000,0.000,0.000,AP
2026-04-10 13:20:50,1900-01-00 00:00:00,1008-wombat,B8:27:EB:CA:A1:3C,-48, WPA ,0.000000,0.000000,0.000,0.000,AP
2026-04-10 13:20:50,1900-01-00 00:00:00,1008-wombat,B8:27:EB:CA:A1:3C,-47, WPA ,0.000000,0.000000,0.000,0.000,AP
2026-04-10 13:20:50,1900-01-00 00:00:00,1008-wombat,B8:27:EB:CA:A1:3C,-46, WPA ,0.000000,0.000000,0.000,0.000,AP
2026-04-10 13:20:50,1900-01-00 00:00:00,1008-wombat,B8:27:EB:CA:A1:3C,-46, WPA ,0.000000,0.000000,0.000,0.000,AP
2026-04-10 13:20:50,1900-01-00 00:00:00,1008-wombat,B8:27:EB:CA:A1:3C,-47, WPA ,0.000000,0.000000,0.000,0.000,AP
2026-04-10 13:20:50,1900-01-00 00:00:00,1008-wombat,B8:27:EB:CA:A1:3C,-47, WPA ,0.000000,0.000000,0.000,0.000,AP
2026-04-10 13:20:50,1900-01-00 00:00:00,1008-wombat,B8:27:EB:CA:A1:3C,-47, WPA ,0.000000,0.000000,0.000,0.000,AP
2026-04-10 13:20:50,1900-01-00 00:00:00,1008-wombat,B8:27:EB:CA:A1:3C,-48, WPA ,0.000000,0.000000,0.000,0.000,AP
2026-04-10 13:20:50,1900-01-00 00:00:00,1008-wombat,B8:27:EB:CA:A1:3C,-48, WPA ,0.000000,0.000000,0.000,0.000,AP
2026-04-10 13:20:50,1900-01-00 00:00:00,1008-wombat,B8:27:EB:CA:A1:3C,-47, WPA ,0.000000,0.000000,0.000,0.000,AP
2026-04-10 13:20:50,1900-01-00 00:00:00,1008-wombat,B8:27:EB:CA:A1:3C,-44, WPA ,0.000000,0.000000,0.000,0.000,AP
2026-04-10 13:20:50,1900-01-00 00:00:00,,C8:15:4E:20:C7:81,-49,,0.000000,0.000000,0.000,0.000,Client
2026-04-10 13:20:50,1900-01-00 00:00:00,1008-wombat,B8:27:EB:CA:A1:3C,-45, WPA ,0.000000,0.000000,0.000,0.000,AP
2026-04-10 13:20:50,1900-01-00 00:00:00,1008-wombat,B8:27:EB:CA:A1:3C,-43, WPA ,0.000000,0.000000,0.000,0.000,AP
2026-04-10 13:20:50,1900-01-00 00:00:00,1008-wombat,B8:27:EB:CA:A1:3C,-44, WPA ,0.000000,0.000000,0.000,0.000,AP
2026-04-10 13:20:51,1900-01-00 00:00:00,1008-wombat,B8:27:EB:CA:A1:3C,-44, WPA ,0.000000,0.000000,0.000,0.000,AP
2026-04-10 13:20:51,1900-01-00 00:00:00,1008-wombat,B8:27:EB:CA:A1:3C,-44, WPA ,0.000000,0.000000,0.000,0.000,AP
2026-04-10 13:20:51,1900-01-00 00:00:00,1008-wombat,B8:27:EB:CA:A1:3C,-46, WPA ,0.000000,0.000000,0.000,0.000,AP
2026-04-10 13:20:51,1900-01-00 00:00:00,1008-wombat,B8:27:EB:CA:A1:3C,-45, WPA ,0.000000,0.000000,0.000,0.000,AP
2026-04-10 13:20:51,1900-01-00 00:00:00,1008-wombat,B8:27:EB:CA:A1:3C,-45, WPA ,0.000000,0.000000,0.000,0.000,AP
2026-04-10 13:20:51,1900-01-00 00:00:00,1008-wombat,B8:27:EB:CA:A1:3C,-46, WPA ,0.000000,0.000000,0.000,0.000,AP
2026-04-10 13:20:51,1900-01-00 00:00:00,1008-wombat,B8:27:EB:CA:A1:3C,-46, WPA ,0.000000,0.000000,0.000,0.000,AP
2026-04-10 13:20:51,1900-01-00 00:00:00,,C8:15:4E:20:C7:81,-50,,0.000000,0.000000,0.000,0.000,Client
2026-04-10 13:20:51,1900-01-00 00:00:00,1008-wombat,B8:27:EB:CA:A1:3C,-48, WPA ,0.000000,0.000000,0.000,0.000,AP
2026-04-10 13:20:51,1900-01-00 00:00:00,1008-wombat,B8:27:EB:CA:A1:3C,-46, WPA ,0.000000,0.000000,0.000,0.000,AP
2026-04-10 13:20:51,1900-01-00 00:00:00,,C8:15:4E:20:C7:81,-51,,0.000000,0.000000,0.000,0.000,Client
2026-04-10 13:20:52,1900-01-00 00:00:00,1008-wombat,B8:27:EB:CA:A1:3C,-47, WPA ,0.000000,0.000000,0.000,0.000,AP
2026-04-10 13:20:52,1900-01-00 00:00:00,,C8:15:4E:20:C7:81,-48,,0.000000,0.000000,0.000,0.000,Client
2026-04-10 13:20:52,1900-01-00 00:00:00,1008-wombat,B8:27:EB:CA:A1:3C,-49, WPA ,0.000000,0.000000,0.000,0.000,AP
2026-04-10 13:20:52,1900-01-00 00:00:00,1008-wombat,B8:27:EB:CA:A1:3C,-47, WPA ,0.000000,0.000000,0.000,0.000,AP
2026-04-10 13:20:52,1900-01-00 00:00:00,,C8:15:4E:20:C7:81,-47,,0.000000,0.000000,0.000,0.000,Client
2026-04-10 13:20:52,1900-01-00 00:00:00,1008-wombat,B8:27:EB:CA:A1:3C,-45, WPA ,0.000000,0.000000,0.000,0.000,AP
2026-04-10 13:20:52,1900-01-00 00:00:00,1008-wombat,B8:27:EB:CA:A1:3C,-45, WPA ,0.000000,0.000000,0.000,0.000,AP
2026-04-10 13:20:52,1900-01-00 00:00:00,1008-wombat,B8:27:EB:CA:A1:3C,-44, WPA ,0.000000,0.000000,0.000,0.000,AP
2026-04-10 13:20:52,1900-01-00 00:00:00,1008-wombat,B8:27:EB:CA:A1:3C,-46, WPA ,0.000000,0.000000,0.000,0.000,AP
2026-04-10 13:20:52,1900-01-00 00:00:00,,C8:15:4E:20:C7:81,-48,,0.000000,0.000000,0.000,0.000,Client
2026-04-10 13:20:52,1900-01-00 00:00:00,1008-wombat,B8:27:EB:CA:A1:3C,-48, WPA ,0.000000,0.000000,0.000,0.000,AP
2026-04-10 13:20:52,1900-01-00 00:00:00,1008-wombat,B8:27:EB:CA:A1:3C,-46, WPA ,0.000000,0.000000,0.000,0.000,AP
2026-04-10 13:20:52,1900-01-00 00:00:00,,C8:15:4E:20:C7:81,-48,,0.000000,0.000000,0.000,0.000,Client
2026-04-10 13:20:52,1900-01-00 00:00:00,1008-wombat,B8:27:EB:CA:A1:3C,-44, WPA ,0.000000,0.000000,0.000,0.000,AP
2026-04-10 13:20:52,1900-01-00 00:00:00,1008-wombat,B8:27:EB:CA:A1:3C,-44, WPA ,0.000000,0.000000,0.000,0.000,AP
2026-04-10 13:20:52,1900-01-00 00:00:00,,C8:15:4E:20:C7:81,-46,,0.000000,0.000000,0.000,0.000,Client
2026-04-10 13:20:52,1900-01-00 00:00:00,1008-wombat,B8:27:EB:CA:A1:3C,-47, WPA ,0.000000,0.000000,0.000,0.000,AP
2026-04-10 13:20:52,1900-01-00 00:00:00,1008-wombat,B8:27:EB:CA:A1:3C,-44, WPA ,0.000000,0.000000,0.000,0.000,AP
2026-04-10 13:20:52,1900-01-00 00:00:00,,C8:15:4E:20:C7:81,-45,,0.000000,0.000000,0.000,0.000,Client
2026-04-10 13:20:52,1900-01-00 00:00:00,1008-wombat,B8:27:EB:CA:A1:3C,-44, WPA ,0.000000,0.000000,0.000,0.000,AP
2026-04-10 13:20:52,1900-01-00 00:00:00,1008-wombat,B8:27:EB:CA:A1:3C,-45, WPA ,0.000000,0.000000,0.000,0.000,AP
2026-04-10 13:20:52,1900-01-00 00:00:00,1008-wombat,B8:27:EB:CA:A1:3C,-44, WPA ,0.000000,0.000000,0.000,0.000,AP
2026-04-10 13:20:52,1900-01-00 00:00:00,1008-wombat,B8:27:EB:CA:A1:3C,-43, WPA ,0.000000,0.000000,0.000,0.000,AP
2026-04-10 13:20:53,1900-01-00 00:00:00,1008-wombat,B8:27:EB:CA:A1:3C,-44, WPA ,0.000000,0.000000,0.000,0.000,AP
2026-04-10 13:20:53,1900-01-00 00:00:00,1008-wombat,B8:27:EB:CA:A1:3C,-45, WPA ,0.000000,0.000000,0.000,0.000,AP
2026-04-10 13:20:53,1900-01-00 00:00:00,1008-wombat,B8:27:EB:CA:A1:3C,-44, WPA ,0.000000,0.000000,0.000,0.000,AP
2026-04-10 13:20:53,1900-01-00 00:00:00,1008-wombat,B8:27:EB:CA:A1:3C,-45, WPA ,0.000000,0.000000,0.000,0.000,AP
2026-04-10 13:20:53,1900-01-00 00:00:00,1008-wombat,B8:27:EB:CA:A1:3C,-44, WPA ,0.000000,0.000000,0.000,0.000,AP
2026-04-10 13:20:53,1900-01-00 00:00:00,1008-wombat,B8:27:EB:CA:A1:3C,-44, WPA ,0.000000,0.000000,0.000,0.000,AP
2026-04-10 13:20:53,1900-01-00 00:00:00,1008-wombat,B8:27:EB:CA:A1:3C,-44, WPA ,0.000000,0.000000,0.000,0.000,AP
2026-04-10 13:20:53,1900-01-00 00:00:00,1008-wombat,B8:27:EB:CA:A1:3C,-44, WPA ,0.000000,0.000000,0.000,0.000,AP
2026-04-10 13:20:53,1900-01-00 00:00:00,1008-wombat,B8:27:EB:CA:A1:3C,-45, WPA ,0.000000,0.000000,0.000,0.000,AP
2026-04-10 13:20:53,1900-01-00 00:00:00,1008-wombat,B8:27:EB:CA:A1:3C,-45, WPA ,0.000000,0.000000,0.000,0.000,AP
2026-04-10 13:20:54,1900-01-00 00:00:00,1008-wombat,B8:27:EB:CA:A1:3C,-43, WPA ,0.000000,0.000000,0.000,0.000,AP
2026-04-10 13:20:54,1900-01-00 00:00:00,1008-wombat,B8:27:EB:CA:A1:3C,-44, WPA ,0.000000,0.000000,0.000,0.000,AP
2026-04-10 13:20:54,1900-01-00 00:00:00,1008-wombat,B8:27:EB:CA:A1:3C,-45, WPA ,0.000000,0.000000,0.000,0.000,AP
2026-04-10 13:20:54,1900-01-00 00:00:00,1008-wombat,B8:27:EB:CA:A1:3C,-45, WPA ,0.000000,0.000000,0.000,0.000,AP
2026-04-10 13:20:54,1900-01-00 00:00:00,1008-wombat,B8:27:EB:CA:A1:3C,-44, WPA ,0.000000,0.000000,0.000,0.000,AP
2026-04-10 13:20:54,1900-01-00 00:00:00,1008-wombat,B8:27:EB:CA:A1:3C,-44, WPA ,0.000000,0.000000,0.000,0.000,AP
2026-04-10 13:20:54,1900-01-00 00:00:00,1008-wombat,B8:27:EB:CA:A1:3C,-44, WPA ,0.000000,0.000000,0.000,0.000,AP
2026-04-10 13:20:54,1900-01-00 00:00:00,1008-wombat,B8:27:EB:CA:A1:3C,-53, WPA ,0.000000,0.000000,0.000,0.000,AP
2026-04-10 13:20:54,1900-01-00 00:00:00,,C8:15:4E:20:C7:81,-53,,0.000000,0.000000,0.000,0.000,Client
2026-04-10 13:20:54,1900-01-00 00:00:00,1008-wombat,B8:27:EB:CA:A1:3C,-44, WPA ,0.000000,0.000000,0.000,0.000,AP
2026-04-10 13:20:54,1900-01-00 00:00:00,,C8:15:4E:20:C7:81,-44,,0.000000,0.000000,0.000,0.000,Client
2026-04-10 13:20:54,1900-01-00 00:00:00,1008-wombat,B8:27:EB:CA:A1:3C,-44, WPA ,0.000000,0.000000,0.000,0.000,AP
2026-04-10 13:20:54,1900-01-00 00:00:00,,C8:15:4E:20:C7:81,-44,,0.000000,0.000000,0.000,0.000,Client
2026-04-10 13:20:54,1900-01-00 00:00:00,1008-wombat,B8:27:EB:CA:A1:3C,-44, WPA ,0.000000,0.000000,0.000,0.000,AP
2026-04-10 13:20:54,1900-01-00 00:00:00,,C8:15:4E:20:C7:81,-44,,0.000000,0.000000,0.000,0.000,Client
2026-04-10 13:20:54,1900-01-00 00:00:00,1008-wombat,B8:27:EB:CA:A1:3C,-66, WPA ,0.000000,0.000000,0.000,0.000,AP
2026-04-10 13:20:54,1900-01-00 00:00:00,,C8:15:4E:20:C7:81,-66,,0.000000,0.000000,0.000,0.000,Client
2026-04-10 13:20:54,1900-01-00 00:00:00,1008-wombat,B8:27:EB:CA:A1:3C,-44, WPA ,0.000000,0.000000,0.000,0.000,AP
2026-04-10 13:20:54,1900-01-00 00:00:00,,C8:15:4E:20:C7:81,-44,,0.000000,0.000000,0.000,0.000,Client
2026-04-10 13:20:54,1900-01-00 00:00:00,1008-wombat,B8:27:EB:CA:A1:3C,-53, WPA ,0.000000,0.000000,0.000,0.000,AP
2026-04-10 13:20:54,1900-01-00 00:00:00,,C8:15:4E:20:C7:81,-53,,0.000000,0.000000,0.000,0.000,Client
2026-04-10 13:20:54,1900-01-00 00:00:00,1008-wombat,B8:27:EB:CA:A1:3C,-44, WPA ,0.000000,0.000000,0.000,0.000,AP
2026-04-10 13:20:54,1900-01-00 00:00:00,,C8:15:4E:20:C7:81,-49,,0.000000,0.000000,0.000,0.000,Client
2026-04-10 13:20:54,1900-01-00 00:00:00,1008-wombat,B8:27:EB:CA:A1:3C,-48, WPA ,0.000000,0.000000,0.000,0.000,AP
2026-04-10 13:20:54,1900-01-00 00:00:00,1008-wombat,B8:27:EB:CA:A1:3C,-44, WPA ,0.000000,0.000000,0.000,0.000,AP
2026-04-10 13:20:54,1900-01-00 00:00:00,,C8:15:4E:20:C7:81,-44,,0.000000,0.000000,0.000,0.000,Client
2026-04-10 13:20:54,1900-01-00 00:00:00,1008-wombat,B8:27:EB:CA:A1:3C,-44, WPA ,0.000000,0.000000,0.000,0.000,AP
2026-04-10 13:20:54,1900-01-00 00:00:00,,C8:15:4E:20:C7:81,-44,,0.000000,0.000000,0.000,0.000,Client
2026-04-10 13:20:54,1900-01-00 00:00:00,1008-wombat,B8:27:EB:CA:A1:3C,-44, WPA ,0.000000,0.000000,0.000,0.000,AP
2026-04-10 13:20:54,1900-01-00 00:00:00,,C8:15:4E:20:C7:81,-44,,0.000000,0.000000,0.000,0.000,Client
2026-04-10 13:20:54,1900-01-00 00:00:00,1008-wombat,B8:27:EB:CA:A1:3C,-44, WPA ,0.000000,0.000000,0.000,0.000,AP
2026-04-10 13:20:54,1900-01-00 00:00:00,,C8:15:4E:20:C7:81,-44,,0.000000,0.000000,0.000,0.000,Client
2026-04-10 13:20:54,1900-01-00 00:00:00,1008-wombat,B8:27:EB:CA:A1:3C,-48, WPA ,0.000000,0.000000,0.000,0.000,AP
2026-04-10 13:20:54,1900-01-00 00:00:00,,C8:15:4E:20:C7:81,-48,,0.000000,0.000000,0.000,0.000,Client
2026-04-10 13:20:54,1900-01-00 00:00:00,1008-wombat,B8:27:EB:CA:A1:3C,-44, WPA ,0.000000,0.000000,0.000,0.000,AP
2026-04-10 13:20:54,1900-01-00 00:00:00,,C8:15:4E:20:C7:81,-44,,0.000000,0.000000,0.000,0.000,Client
2026-04-10 13:20:54,1900-01-00 00:00:00,1008-wombat,B8:27:EB:CA:A1:3C,-44, WPA ,0.000000,0.000000,0.000,0.000,AP
2026-04-10 13:20:54,1900-01-00 00:00:00,,C8:15:4E:20:C7:81,-44,,0.000000,0.000000,0.000,0.000,Client
2026-04-10 13:20:54,1900-01-00 00:00:00,1008-wombat,B8:27:EB:CA:A1:3C,-43, WPA ,0.000000,0.000000,0.000,0.000,AP
2026-04-10 13:20:54,1900-01-00 00:00:00,,C8:15:4E:20:C7:81,-43,,0.000000,0.000000,0.000,0.000,Client
2026-04-10 13:20:54,1900-01-00 00:00:00,1008-wombat,B8:27:EB:CA:A1:3C,-44, WPA ,0.000000,0.000000,0.000,0.000,AP
2026-04-10 13:20:54,1900-01-00 00:00:00,,C8:15:4E:20:C7:81,-44,,0.000000,0.000000,0.000,0.000,Client
2026-04-10 13:20:54,1900-01-00 00:00:00,1008-wombat,B8:27:EB:CA:A1:3C,-40, WPA ,0.000000,0.000000,0.000,0.000,AP
2026-04-10 13:20:54,1900-01-00 00:00:00,1008-wombat,B8:27:EB:CA:A1:3C,-49, WPA ,0.000000,0.000000,0.000,0.000,AP
2026-04-10 13:20:54,1900-01-00 00:00:00,,C8:15:4E:20:C7:81,-52,,0.000000,0.000000,0.000,0.000,Client
2026-04-10 13:20:54,1900-01-00 00:00:00,1008-wombat,B8:27:EB:CA:A1:3C,-41, WPA ,0.000000,0.000000,0.000,0.000,AP
2026-04-10 13:20:54,1900-01-00 00:00:00,,C8:15:4E:20:C7:81,-41,,0.000000,0.000000,0.000,0.000,Client
2026-04-10 13:20:54,1900-01-00 00:00:00,1008-wombat,B8:27:EB:CA:A1:3C,-49, WPA ,0.000000,0.000000,0.000,0.000,AP
2026-04-10 13:20:54,1900-01-00 00:00:00,,C8:15:4E:20:C7:81,-49,,0.000000,0.000000,0.000,0.000,Client
2026-04-10 13:20:54,1900-01-00 00:00:00,1008-wombat,B8:27:EB:CA:A1:3C,-45, WPA ,0.000000,0.000000,0.000,0.000,AP
2026-04-10 13:20:54,1900-01-00 00:00:00,,C8:15:4E:20:C7:81,-45,,0.000000,0.000000,0.000,0.000,Client
2026-04-10 13:20:54,1900-01-00 00:00:00,1008-wombat,B8:27:EB:CA:A1:3C,-45, WPA ,0.000000,0.000000,0.000,0.000,AP
2026-04-10 13:20:54,1900-01-00 00:00:00,,C8:15:4E:20:C7:81,-45,,0.000000,0.000000,0.000,0.000,Client
2026-04-10 13:20:54,1900-01-00 00:00:00,1008-wombat,B8:27:EB:CA:A1:3C,-44, WPA ,0.000000,0.000000,0.000,0.000,AP
2026-04-10 13:20:54,1900-01-00 00:00:00,,C8:15:4E:20:C7:81,-44,,0.000000,0.000000,0.000,0.000,Client
2026-04-10 13:20:54,1900-01-00 00:00:00,1008-wombat,B8:27:EB:CA:A1:3C,-44, WPA ,0.000000,0.000000,0.000,0.000,AP
2026-04-10 13:20:54,1900-01-00 00:00:00,,C8:15:4E:20:C7:81,-44,,0.000000,0.000000,0.000,0.000,Client
2026-04-10 13:20:54,1900-01-00 00:00:00,1008-wombat,B8:27:EB:CA:A1:3C,-44, WPA ,0.000000,0.000000,0.000,0.000,AP
2026-04-10 13:20:54,1900-01-00 00:00:00,,C8:15:4E:20:C7:81,-44,,0.000000,0.000000,0.000,0.000,Client
2026-04-10 13:20:54,1900-01-00 00:00:00,1008-wombat,B8:27:EB:CA:A1:3C,-44, WPA ,0.000000,0.000000,0.000,0.000,AP
2026-04-10 13:20:54,1900-01-00 00:00:00,,C8:15:4E:20:C7:81,-44,,0.000000,0.000000,0.000,0.000,Client
2026-04-10 13:20:54,1900-01-00 00:00:00,1008-wombat,B8:27:EB:CA:A1:3C,-44, WPA ,0.000000,0.000000,0.000,0.000,AP
2026-04-10 13:20:54,1900-01-00 00:00:00,,C8:15:4E:20:C7:81,-44,,0.000000,0.000000,0.000,0.000,Client
2026-04-10 13:20:54,1900-01-00 00:00:00,1008-wombat,B8:27:EB:CA:A1:3C,-66, WPA ,0.000000,0.000000,0.000,0.000,AP
2026-04-10 13:20:54,1900-01-00 00:00:00,1008-wombat,B8:27:EB:CA:A1:3C,-44, WPA ,0.000000,0.000000,0.000,0.000,AP
2026-04-10 13:20:54,1900-01-00 00:00:00,,C8:15:4E:20:C7:81,-44,,0.000000,0.000000,0.000,0.000,Client
2026-04-10 13:20:54,1900-01-00 00:00:00,1008-wombat,B8:27:EB:CA:A1:3C,-44, WPA ,0.000000,0.000000,0.000,0.000,AP
2026-04-10 13:20:54,1900-01-00 00:00:00,,C8:15:4E:20:C7:81,-44,,0.000000,0.000000,0.000,0.000,Client
2026-04-10 13:20:54,1900-01-00 00:00:00,1008-wombat,B8:27:EB:CA:A1:3C,-44, WPA ,0.000000,0.000000,0.000,0.000,AP
2026-04-10 13:20:54,1900-01-00 00:00:00,,C8:15:4E:20:C7:81,-44,,0.000000,0.000000,0.000,0.000,Client
2026-04-10 13:20:54,1900-01-00 00:00:00,1008-wombat,B8:27:EB:CA:A1:3C,-46, WPA ,0.000000,0.000000,0.000,0.000,AP
2026-04-10 13:20:54,1900-01-00 00:00:00,,C8:15:4E:20:C7:81,-46,,0.000000,0.000000,0.000,0.000,Client
2026-04-10 13:20:54,1900-01-00 00:00:00,1008-wombat,B8:27:EB:CA:A1:3C,-41, WPA ,0.000000,0.000000,0.000,0.000,AP
2026-04-10 13:20:54,1900-01-00 00:00:00,,C8:15:4E:20:C7:81,-46,,0.000000,0.000000,0.000,0.000,Client
2026-04-10 13:20:54,1900-01-00 00:00:00,1008-wombat,B8:27:EB:CA:A1:3C,-51, WPA ,0.000000,0.000000,0.000,0.000,AP
2026-04-10 13:20:54,1900-01-00 00:00:00,,C8:15:4E:20:C7:81,-51,,0.000000,0.000000,0.000,0.000,Client
2026-04-10 13:20:54,1900-01-00 00:00:00,1008-wombat,B8:27:EB:CA:A1:3C,-44, WPA ,0.000000,0.000000,0.000,0.000,AP
2026-04-10 13:20:54,1900-01-00 00:00:00,,C8:15:4E:20:C7:81,-44,,0.000000,0.000000,0.000,0.000,Client
2026-04-10 13:20:54,1900-01-00 00:00:00,1008-wombat,B8:27:EB:CA:A1:3C,-44, WPA ,0.000000,0.000000,0.000,0.000,AP
2026-04-10 13:20:54,1900-01-00 00:00:00,,C8:15:4E:20:C7:81,-44,,0.000000,0.000000,0.000,0.000,Client
2026-04-10 13:20:54,1900-01-00 00:00:00,1008-wombat,B8:27:EB:CA:A1:3C,-44, WPA ,0.000000,0.000000,0.000,0.000,AP
2026-04-10 13:20:54,1900-01-00 00:00:00,,C8:15:4E:20:C7:81,-44,,0.000000,0.000000,0.000,0.000,Client
2026-04-10 13:20:54,1900-01-00 00:00:00,1008-wombat,B8:27:EB:CA:A1:3C,-45, WPA ,0.000000,0.000000,0.000,0.000,AP
2026-04-10 13:20:54,1900-01-00 00:00:00,,C8:15:4E:20:C7:81,-45,,0.000000,0.000000,0.000,0.000,Client
2026-04-10 13:20:54,1900-01-00 00:00:00,1008-wombat,B8:27:EB:CA:A1:3C,-45, WPA ,0.000000,0.000000,0.000,0.000,AP
2026-04-10 13:20:54,1900-01-00 00:00:00,,C8:15:4E:20:C7:81,-45,,0.000000,0.000000,0.000,0.000,Client
2026-04-10 13:20:54,1900-01-00 00:00:00,1008-wombat,B8:27:EB:CA:A1:3C,-44, WPA ,0.000000,0.000000,0.000,0.000,AP
2026-04-10 13:20:54,1900-01-00 00:00:00,,C8:15:4E:20:C7:81,-44,,0.000000,0.000000,0.000,0.000,Client
2026-04-10 13:20:54,1900-01-00 00:00:00,1008-wombat,B8:27:EB:CA:A1:3C,-44, WPA ,0.000000,0.000000,0.000,0.000,AP
2026-04-10 13:20:54,1900-01-00 00:00:00,,C8:15:4E:20:C7:81,-44,,0.000000,0.000000,0.000,0.000,Client
2026-04-10 13:20:54,1900-01-00 00:00:00,1008-wombat,B8:27:EB:CA:A1:3C,-44, WPA ,0.000000,0.000000,0.000,0.000,AP
2026-04-10 13:20:54,1900-01-00 00:00:00,,C8:15:4E:20:C7:81,-44,,0.000000,0.000000,0.000,0.000,Client
2026-04-10 13:20:54,1900-01-00 00:00:00,1008-wombat,B8:27:EB:CA:A1:3C,-44, WPA ,0.000000,0.000000,0.000,0.000,AP
2026-04-10 13:20:54,1900-01-00 00:00:00,,C8:15:4E:20:C7:81,-44,,0.000000,0.000000,0.000,0.000,Client
2026-04-10 13:20:54,1900-01-00 00:00:00,1008-wombat,B8:27:EB:CA:A1:3C,-44, WPA ,0.000000,0.000000,0.000,0.000,AP
2026-04-10 13:20:54,1900-01-00 00:00:00,,C8:15:4E:20:C7:81,-44,,0.000000,0.000000,0.000,0.000,Client
2026-04-10 13:20:54,1900-01-00 00:00:00,1008-wombat,B8:27:EB:CA:A1:3C,-44, WPA ,0.000000,0.000000,0.000,0.000,AP
2026-04-10 13:20:54,1900-01-00 00:00:00,,C8:15:4E:20:C7:81,-44,,0.000000,0.000000,0.000,0.000,Client
2026-04-10 13:20:54,1900-01-00 00:00:00,1008-wombat,B8:27:EB:CA:A1:3C,-44, WPA ,0.000000,0.000000,0.000,0.000,AP
2026-04-10 13:20:54,1900-01-00 00:00:00,,C8:15:4E:20:C7:81,-44,,0.000000,0.000000,0.000,0.000,Client
2026-04-10 13:20:54,1900-01-00 00:00:00,1008-wombat,B8:27:EB:CA:A1:3C,-44, WPA ,0.000000,0.000000,0.000,0.000,AP
2026-04-10 13:20:54,1900-01-00 00:00:00,,C8:15:4E:20:C7:81,-44,,0.000000,0.000000,0.000,0.000,Client
2026-04-10 13:20:54,1900-01-00 00:00:00,1008-wombat,B8:27:EB:CA:A1:3C,-44, WPA ,0.000000,0.000000,0.000,0.000,AP
2026-04-10 13:20:54,1900-01-00 00:00:00,,C8:15:4E:20:C7:81,-44,,0.000000,0.000000,0.000,0.000,Client
2026-04-10 13:20:54,1900-01-00 00:00:00,1008-wombat,B8:27:EB:CA:A1:3C,-44, WPA ,0.000000,0.000000,0.000,0.000,AP
2026-04-10 13:20:54,1900-01-00 00:00:00,1008-wombat,B8:27:EB:CA:A1:3C,-44, WPA ,0.000000,0.000000,0.000,0.000,AP
2026-04-10 13:20:54,1900-01-00 00:00:00,,C8:15:4E:20:C7:81,-44,,0.000000,0.000000,0.000,0.000,Client
2026-04-10 13:20:54,1900-01-00 00:00:00,1008-wombat,B8:27:EB:CA:A1:3C,-44, WPA ,0.000000,0.000000,0.000,0.000,AP
2026-04-10 13:20:54,1900-01-00 00:00:00,,C8:15:4E:20:C7:81,-44,,0.000000,0.000000,0.000,0.000,Client
2026-04-10 13:20:54,1900-01-00 00:00:00,1008-wombat,B8:27:EB:CA:A1:3C,-44, WPA ,0.000000,0.000000,0.000,0.000,AP
2026-04-10 13:20:54,1900-01-00 00:00:00,,C8:15:4E:20:C7:81,-44,,0.000000,0.000000,0.000,0.000,Client
2026-04-10 13:20:54,1900-01-00 00:00:00,1008-wombat,B8:27:EB:CA:A1:3C,-43, WPA ,0.000000,0.000000,0.000,0.000,AP
2026-04-10 13:20:54,1900-01-00 00:00:00,,C8:15:4E:20:C7:81,-43,,0.000000,0.000000,0.000,0.000,Client
2026-04-10 13:20:54,1900-01-00 00:00:00,1008-wombat,B8:27:EB:CA:A1:3C,-44, WPA ,0.000000,0.000000,0.000,0.000,AP
2026-04-10 13:20:54,1900-01-00 00:00:00,,C8:15:4E:20:C7:81,-52,,0.000000,0.000000,0.000,0.000,Client
2026-04-10 13:20:54,1900-01-00 00:00:00,1008-wombat,B8:27:EB:CA:A1:3C,-44, WPA ,0.000000,0.000000,0.000,0.000,AP
2026-04-10 13:20:55,1900-01-00 00:00:00,,C8:15:4E:20:C7:81,-44,,0.000000,0.000000,0.000,0.000,Client
2026-04-10 13:20:55,1900-01-00 00:00:00,1008-wombat,B8:27:EB:CA:A1:3C,-44, WPA ,0.000000,0.000000,0.000,0.000,AP
2026-04-10 13:20:55,1900-01-00 00:00:00,,C8:15:4E:20:C7:81,-53,,0.000000,0.000000,0.000,0.000,Client
2026-04-10 13:20:55,1900-01-00 00:00:00,1008-wombat,B8:27:EB:CA:A1:3C,-44, WPA ,0.000000,0.000000,0.000,0.000,AP
2026-04-10 13:20:55,1900-01-00 00:00:00,,C8:15:4E:20:C7:81,-44,,0.000000,0.000000,0.000,0.000,Client
2026-04-10 13:20:55,1900-01-00 00:00:00,1008-wombat,B8:27:EB:CA:A1:3C,-44, WPA ,0.000000,0.000000,0.000,0.000,AP
2026-04-10 13:20:55,1900-01-00 00:00:00,,C8:15:4E:20:C7:81,-44,,0.000000,0.000000,0.000,0.000,Client
2026-04-10 13:20:55,1900-01-00 00:00:00,1008-wombat,B8:27:EB:CA:A1:3C,-44, WPA ,0.000000,0.000000,0.000,0.000,AP
2026-04-10 13:20:55,1900-01-00 00:00:00,,C8:15:4E:20:C7:81,-51,,0.000000,0.000000,0.000,0.000,Client
2026-04-10 13:20:55,1900-01-00 00:00:00,1008-wombat,B8:27:EB:CA:A1:3C,-44, WPA ,0.000000,0.000000,0.000,0.000,AP
2026-04-10 13:20:55,1900-01-00 00:00:00,,C8:15:4E:20:C7:81,-54,,0.000000,0.000000,0.000,0.000,Client
2026-04-10 13:20:55,1900-01-00 00:00:00,1008-wombat,B8:27:EB:CA:A1:3C,-44, WPA ,0.000000,0.000000,0.000,0.000,AP
2026-04-10 13:20:55,1900-01-00 00:00:00,,C8:15:4E:20:C7:81,-44,,0.000000,0.000000,0.000,0.000,Client
2026-04-10 13:20:55,1900-01-00 00:00:00,1008-wombat,B8:27:EB:CA:A1:3C,-44, WPA ,0.000000,0.000000,0.000,0.000,AP
2026-04-10 13:20:55,1900-01-00 00:00:00,,C8:15:4E:20:C7:81,-44,,0.000000,0.000000,0.000,0.000,Client
2026-04-10 13:20:55,1900-01-00 00:00:00,1008-wombat,B8:27:EB:CA:A1:3C,-44, WPA ,0.000000,0.000000,0.000,0.000,AP
2026-04-10 13:20:55,1900-01-00 00:00:00,,C8:15:4E:20:C7:81,-44,,0.000000,0.000000,0.000,0.000,Client
2026-04-10 13:20:55,1900-01-00 00:00:00,1008-wombat,B8:27:EB:CA:A1:3C,-44, WPA ,0.000000,0.000000,0.000,0.000,AP
2026-04-10 13:20:55,1900-01-00 00:00:00,,C8:15:4E:20:C7:81,-44,,0.000000,0.000000,0.000,0.000,Client
2026-04-10 13:20:55,1900-01-00 00:00:00,1008-wombat,B8:27:EB:CA:A1:3C,-44, WPA ,0.000000,0.000000,0.000,0.000,AP
2026-04-10 13:20:55,1900-01-00 00:00:00,,C8:15:4E:20:C7:81,-44,,0.000000,0.000000,0.000,0.000,Client
2026-04-10 13:20:55,1900-01-00 00:00:00,1008-wombat,B8:27:EB:CA:A1:3C,-45, WPA ,0.000000,0.000000,0.000,0.000,AP
2026-04-10 13:20:55,1900-01-00 00:00:00,,C8:15:4E:20:C7:81,-45,,0.000000,0.000000,0.000,0.000,Client
2026-04-10 13:20:55,1900-01-00 00:00:00,1008-wombat,B8:27:EB:CA:A1:3C,-45, WPA ,0.000000,0.000000,0.000,0.000,AP
2026-04-10 13:20:55,1900-01-00 00:00:00,1008-wombat,B8:27:EB:CA:A1:3C,-45, WPA ,0.000000,0.000000,0.000,0.000,AP
2026-04-10 13:20:55,1900-01-00 00:00:00,1008-wombat,B8:27:EB:CA:A1:3C,-52, WPA ,0.000000,0.000000,0.000,0.000,AP
2026-04-10 13:20:55,1900-01-00 00:00:00,,C8:15:4E:20:C7:81,-52,,0.000000,0.000000,0.000,0.000,Client
2026-04-10 13:20:55,1900-01-00 00:00:00,1008-wombat,B8:27:EB:CA:A1:3C,-45, WPA ,0.000000,0.000000,0.000,0.000,AP
2026-04-10 13:20:55,1900-01-00 00:00:00,,C8:15:4E:20:C7:81,-45,,0.000000,0.000000,0.000,0.000,Client
2026-04-10 13:20:55,1900-01-00 00:00:00,1008-wombat,B8:27:EB:CA:A1:3C,-44, WPA ,0.000000,0.000000,0.000,0.000,AP
2026-04-10 13:20:55,1900-01-00 00:00:00,,C8:15:4E:20:C7:81,-44,,0.000000,0.000000,0.000,0.000,Client
2026-04-10 13:20:55,1900-01-00 00:00:00,1008-wombat,B8:27:EB:CA:A1:3C,-45, WPA ,0.000000,0.000000,0.000,0.000,AP
2026-04-10 13:20:55,1900-01-00 00:00:00,,C8:15:4E:20:C7:81,-45,,0.000000,0.000000,0.000,0.000,Client
2026-04-10 13:20:55,1900-01-00 00:00:00,1008-wombat,B8:27:EB:CA:A1:3C,-45, WPA ,0.000000,0.000000,0.000,0.000,AP
2026-04-10 13:20:55,1900-01-00 00:00:00,,C8:15:4E:20:C7:81,-45,,0.000000,0.000000,0.000,0.000,Client
2026-04-10 13:20:55,1900-01-00 00:00:00,1008-wombat,B8:27:EB:CA:A1:3C,-45, WPA ,0.000000,0.000000,0.000,0.000,AP
2026-04-10 13:20:55,1900-01-00 00:00:00,,C8:15:4E:20:C7:81,-45,,0.000000,0.000000,0.000,0.000,Client
2026-04-10 13:20:55,1900-01-00 00:00:00,1008-wombat,B8:27:EB:CA:A1:3C,-45, WPA ,0.000000,0.000000,0.000,0.000,AP
2026-04-10 13:20:55,1900-01-00 00:00:00,,C8:15:4E:20:C7:81,-45,,0.000000,0.000000,0.000,0.000,Client
2026-04-10 13:20:55,1900-01-00 00:00:00,1008-wombat,B8:27:EB:CA:A1:3C,-44, WPA ,0.000000,0.000000,0.000,0.000,AP
2026-04-10 13:20:55,1900-01-00 00:00:00,1008-wombat,B8:27:EB:CA:A1:3C,-45, WPA ,0.000000,0.000000,0.000,0.000,AP
2026-04-10 13:20:55,1900-01-00 00:00:00,,C8:15:4E:20:C7:81,-45,,0.000000,0.000000,0.000,0.000,Client
2026-04-10 13:20:55,1900-01-00 00:00:00,1008-wombat,B8:27:EB:CA:A1:3C,-45, WPA ,0.000000,0.000000,0.000,0.000,AP
2026-04-10 13:20:55,1900-01-00 00:00:00,,C8:15:4E:20:C7:81,-45,,0.000000,0.000000,0.000,0.000,Client
2026-04-10 13:20:55,1900-01-00 00:00:00,1008-wombat,B8:27:EB:CA:A1:3C,-45, WPA ,0.000000,0.000000,0.000,0.000,AP
2026-04-10 13:20:55,1900-01-00 00:00:00,,C8:15:4E:20:C7:81,-45,,0.000000,0.000000,0.000,0.000,Client
2026-04-10 13:20:55,1900-01-00 00:00:00,1008-wombat,B8:27:EB:CA:A1:3C,-45, WPA ,0.000000,0.000000,0.000,0.000,AP
2026-04-10 13:20:55,1900-01-00 00:00:00,,C8:15:4E:20:C7:81,-45,,0.000000,0.000000,0.000,0.000,Client
2026-04-10 13:20:55,1900-01-00 00:00:00,1008-wombat,B8:27:EB:CA:A1:3C,-45, WPA ,0.000000,0.000000,0.000,0.000,AP
2026-04-10 13:20:55,1900-01-00 00:00:00,,C8:15:4E:20:C7:81,-45,,0.000000,0.000000,0.000,0.000,Client
2026-04-10 13:20:55,1900-01-00 00:00:00,1008-wombat,B8:27:EB:CA:A1:3C,-45, WPA ,0.000000,0.000000,0.000,0.000,AP
2026-04-10 13:20:55,1900-01-00 00:00:00,,C8:15:4E:20:C7:81,-45,,0.000000,0.000000,0.000,0.000,Client
2026-04-10 13:20:55,1900-01-00 00:00:00,1008-wombat,B8:27:EB:CA:A1:3C,-45, WPA ,0.000000,0.000000,0.000,0.000,AP
2026-04-10 13:20:55,1900-01-00 00:00:00,,C8:15:4E:20:C7:81,-45,,0.000000,0.000000,0.000,0.000,Client
2026-04-10 13:20:55,1900-01-00 00:00:00,1008-wombat,B8:27:EB:CA:A1:3C,-45, WPA ,0.000000,0.000000,0.000,0.000,AP
2026-04-10 13:20:55,1900-01-00 00:00:00,,C8:15:4E:20:C7:81,-45,,0.000000,0.000000,0.000,0.000,Client
2026-04-10 13:20:55,1900-01-00 00:00:00,1008-wombat,B8:27:EB:CA:A1:3C,-45, WPA ,0.000000,0.000000,0.000,0.000,AP
2026-04-10 13:20:55,1900-01-00 00:00:00,,C8:15:4E:20:C7:81,-45,,0.000000,0.000000,0.000,0.000,Client
2026-04-10 13:20:55,1900-01-00 00:00:00,1008-wombat,B8:27:EB:CA:A1:3C,-52, WPA ,0.000000,0.000000,0.000,0.000,AP
2026-04-10 13:20:55,1900-01-00 00:00:00,,C8:15:4E:20:C7:81,-49,,0.000000,0.000000,0.000,0.000,Client
2026-04-10 13:20:55,1900-01-00 00:00:00,1008-wombat,B8:27:EB:CA:A1:3C,-45, WPA ,0.000000,0.000000,0.000,0.000,AP
2026-04-10 13:20:55,1900-01-00 00:00:00,,C8:15:4E:20:C7:81,-54,,0.000000,0.000000,0.000,0.000,Client
2026-04-10 13:20:55,1900-01-00 00:00:00,1008-wombat,B8:27:EB:CA:A1:3C,-45, WPA ,0.000000,0.000000,0.000,0.000,AP
2026-04-10 13:20:55,1900-01-00 00:00:00,,C8:15:4E:20:C7:81,-45,,0.000000,0.000000,0.000,0.000,Client
2026-04-10 13:20:55,1900-01-00 00:00:00,1008-wombat,B8:27:EB:CA:A1:3C,-45, WPA ,0.000000,0.000000,0.000,0.000,AP
2026-04-10 13:20:55,1900-01-00 00:00:00,,C8:15:4E:20:C7:81,-45,,0.000000,0.000000,0.000,0.000,Client
2026-04-10 13:20:55,1900-01-00 00:00:00,1008-wombat,B8:27:EB:CA:A1:3C,-45, WPA ,0.000000,0.000000,0.000,0.000,AP
2026-04-10 13:20:55,1900-01-00 00:00:00,,C8:15:4E:20:C7:81,-45,,0.000000,0.000000,0.000,0.000,Client
2026-04-10 13:20:55,1900-01-00 00:00:00,1008-wombat,B8:27:EB:CA:A1:3C,-45, WPA ,0.000000,0.000000,0.000,0.000,AP
2026-04-10 13:20:55,1900-01-00 00:00:00,,C8:15:4E:20:C7:81,-45,,0.000000,0.000000,0.000,0.000,Client
2026-04-10 13:20:55,1900-01-00 00:00:00,1008-wombat,B8:27:EB:CA:A1:3C,-45, WPA ,0.000000,0.000000,0.000,0.000,AP
2026-04-10 13:20:55,1900-01-00 00:00:00,,C8:15:4E:20:C7:81,-45,,0.000000,0.000000,0.000,0.000,Client
2026-04-10 13:20:55,1900-01-00 00:00:00,1008-wombat,B8:27:EB:CA:A1:3C,-45, WPA ,0.000000,0.000000,0.000,0.000,AP
2026-04-10 13:20:55,1900-01-00 00:00:00,,C8:15:4E:20:C7:81,-45,,0.000000,0.000000,0.000,0.000,Client
2026-04-10 13:20:55,1900-01-00 00:00:00,1008-wombat,B8:27:EB:CA:A1:3C,-44, WPA ,0.000000,0.000000,0.000,0.000,AP
2026-04-10 13:20:55,1900-01-00 00:00:00,,C8:15:4E:20:C7:81,-44,,0.000000,0.000000,0.000,0.000,Client
2026-04-10 13:20:55,1900-01-00 00:00:00,1008-wombat,B8:27:EB:CA:A1:3C,-45, WPA ,0.000000,0.000000,0.000,0.000,AP
2026-04-10 13:20:55,1900-01-00 00:00:00,,C8:15:4E:20:C7:81,-45,,0.000000,0.000000,0.000,0.000,Client
2026-04-10 13:20:55,1900-01-00 00:00:00,1008-wombat,B8:27:EB:CA:A1:3C,-45, WPA ,0.000000,0.000000,0.000,0.000,AP
2026-04-10 13:20:55,1900-01-00 00:00:00,1008-wombat,B8:27:EB:CA:A1:3C,-45, WPA ,0.000000,0.000000,0.000,0.000,AP
2026-04-10 13:20:55,1900-01-00 00:00:00,,C8:15:4E:20:C7:81,-45,,0.000000,0.000000,0.000,0.000,Client
2026-04-10 13:20:55,1900-01-00 00:00:00,1008-wombat,B8:27:EB:CA:A1:3C,-45, WPA ,0.000000,0.000000,0.000,0.000,AP
2026-04-10 13:20:55,1900-01-00 00:00:00,,C8:15:4E:20:C7:81,-45,,0.000000,0.000000,0.000,0.000,Client
2026-04-10 13:20:55,1900-01-00 00:00:00,1008-wombat,B8:27:EB:CA:A1:3C,-45, WPA ,0.000000,0.000000,0.000,0.000,AP
2026-04-10 13:20:55,1900-01-00 00:00:00,,C8:15:4E:20:C7:81,-45,,0.000000,0.000000,0.000,0.000,Client
2026-04-10 13:20:55,1900-01-00 00:00:00,1008-wombat,B8:27:EB:CA:A1:3C,-45, WPA ,0.000000,0.000000,0.000,0.000,AP
2026-04-10 13:20:55,1900-01-00 00:00:00,,C8:15:4E:20:C7:81,-45,,0.000000,0.000000,0.000,0.000,Client
2026-04-10 13:20:55,1900-01-00 00:00:00,1008-wombat,B8:27:EB:CA:A1:3C,-45, WPA ,0.000000,0.000000,0.000,0.000,AP
2026-04-10 13:20:55,1900-01-00 00:00:00,,C8:15:4E:20:C7:81,-46,,0.000000,0.000000,0.000,0.000,Client
2026-04-10 13:20:55,1900-01-00 00:00:00,1008-wombat,B8:27:EB:CA:A1:3C,-52, WPA ,0.000000,0.000000,0.000,0.000,AP
2026-04-10 13:20:55,1900-01-00 00:00:00,,C8:15:4E:20:C7:81,-52,,0.000000,0.000000,0.000,0.000,Client
2026-04-10 13:20:55,1900-01-00 00:00:00,1008-wombat,B8:27:EB:CA:A1:3C,-45, WPA ,0.000000,0.000000,0.000,0.000,AP
2026-04-10 13:20:55,1900-01-00 00:00:00,,C8:15:4E:20:C7:81,-45,,0.000000,0.000000,0.000,0.000,Client
2026-04-10 13:20:55,1900-01-00 00:00:00,1008-wombat,B8:27:EB:CA:A1:3C,-45, WPA ,0.000000,0.000000,0.000,0.000,AP
2026-04-10 13:20:55,1900-01-00 00:00:00,,C8:15:4E:20:C7:81,-45,,0.000000,0.000000,0.000,0.000,Client
2026-04-10 13:20:55,1900-01-00 00:00:00,1008-wombat,B8:27:EB:CA:A1:3C,-45, WPA ,0.000000,0.000000,0.000,0.000,AP
2026-04-10 13:20:55,1900-01-00 00:00:00,,C8:15:4E:20:C7:81,-45,,0.000000,0.000000,0.000,0.000,Client
2026-04-10 13:20:55,1900-01-00 00:00:00,1008-wombat,B8:27:EB:CA:A1:3C,-44, WPA ,0.000000,0.000000,0.000,0.000,AP
2026-04-10 13:20:55,1900-01-00 00:00:00,,C8:15:4E:20:C7:81,-66,,0.000000,0.000000,0.000,0.000,Client
2026-04-10 13:20:55,1900-01-00 00:00:00,1008-wombat,B8:27:EB:CA:A1:3C,-44, WPA ,0.000000,0.000000,0.000,0.000,AP
2026-04-10 13:20:55,1900-01-00 00:00:00,,C8:15:4E:20:C7:81,-44,,0.000000,0.000000,0.000,0.000,Client
2026-04-10 13:20:55,1900-01-00 00:00:00,1008-wombat,B8:27:EB:CA:A1:3C,-45, WPA ,0.000000,0.000000,0.000,0.000,AP
2026-04-10 13:20:55,1900-01-00 00:00:00,,C8:15:4E:20:C7:81,-45,,0.000000,0.000000,0.000,0.000,Client
2026-04-10 13:20:55,1900-01-00 00:00:00,1008-wombat,B8:27:EB:CA:A1:3C,-52, WPA ,0.000000,0.000000,0.000,0.000,AP
2026-04-10 13:20:55,1900-01-00 00:00:00,,C8:15:4E:20:C7:81,-52,,0.000000,0.000000,0.000,0.000,Client
2026-04-10 13:20:55,1900-01-00 00:00:00,1008-wombat,B8:27:EB:CA:A1:3C,-44, WPA ,0.000000,0.000000,0.000,0.000,AP
2026-04-10 13:20:55,1900-01-00 00:00:00,,C8:15:4E:20:C7:81,-44,,0.000000,0.000000,0.000,0.000,Client
2026-04-10 13:20:55,1900-01-00 00:00:00,1008-wombat,B8:27:EB:CA:A1:3C,-45, WPA ,0.000000,0.000000,0.000,0.000,AP
2026-04-10 13:20:55,1900-01-00 00:00:00,,C8:15:4E:20:C7:81,-45,,0.000000,0.000000,0.000,0.000,Client
2026-04-10 13:20:55,1900-01-00 00:00:00,1008-wombat,B8:27:EB:CA:A1:3C,-45, WPA ,0.000000,0.000000,0.000,0.000,AP
2026-04-10 13:20:55,1900-01-00 00:00:00,,C8:15:4E:20:C7:81,-45,,0.000000,0.000000,0.000,0.000,Client
2026-04-10 13:20:55,1900-01-00 00:00:00,1008-wombat,B8:27:EB:CA:A1:3C,-45, WPA ,0.000000,0.000000,0.000,0.000,AP
2026-04-10 13:20:55,1900-01-00 00:00:00,,C8:15:4E:20:C7:81,-45,,0.000000,0.000000,0.000,0.000,Client
2026-04-10 13:20:55,1900-01-00 00:00:00,1008-wombat,B8:27:EB:CA:A1:3C,-45, WPA ,0.000000,0.000000,0.000,0.000,AP
2026-04-10 13:20:55,1900-01-00 00:00:00,,C8:15:4E:20:C7:81,-45,,0.000000,0.000000,0.000,0.000,Client
2026-04-10 13:20:55,1900-01-00 00:00:00,1008-wombat,B8:27:EB:CA:A1:3C,-45, WPA ,0.000000,0.000000,0.000,0.000,AP
2026-04-10 13:20:55,1900-01-00 00:00:00,,C8:15:4E:20:C7:81,-45,,0.000000,0.000000,0.000,0.000,Client
2026-04-10 13:20:55,1900-01-00 00:00:00,1008-wombat,B8:27:EB:CA:A1:3C,-45, WPA ,0.000000,0.000000,0.000,0.000,AP
2026-04-10 13:20:55,1900-01-00 00:00:00,,C8:15:4E:20:C7:81,-45,,0.000000,0.000000,0.000,0.000,Client
2026-04-10 13:20:55,1900-01-00 00:00:00,1008-wombat,B8:27:EB:CA:A1:3C,-45, WPA ,0.000000,0.000000,0.000,0.000,AP
2026-04-10 13:20:55,1900-01-00 00:00:00,1008-wombat,B8:27:EB:CA:A1:3C,-45, WPA ,0.000000,0.000000,0.000,0.000,AP
2026-04-10 13:20:55,1900-01-00 00:00:00,,C8:15:4E:20:C7:81,-45,,0.000000,0.000000,0.000,0.000,Client
2026-04-10 13:20:55,1900-01-00 00:00:00,1008-wombat,B8:27:EB:CA:A1:3C,-45, WPA ,0.000000,0.000000,0.000,0.000,AP
2026-04-10 13:20:55,1900-01-00 00:00:00,,C8:15:4E:20:C7:81,-45,,0.000000,0.000000,0.000,0.000,Client
2026-04-10 13:20:55,1900-01-00 00:00:00,1008-wombat,B8:27:EB:CA:A1:3C,-40, WPA ,0.000000,0.000000,0.000,0.000,AP
2026-04-10 13:20:55,1900-01-00 00:00:00,,C8:15:4E:20:C7:81,-40,,0.000000,0.000000,0.000,0.000,Client
2026-04-10 13:20:55,1900-01-00 00:00:00,1008-wombat,B8:27:EB:CA:A1:3C,-45, WPA ,0.000000,0.000000,0.000,0.000,AP
2026-04-10 13:20:55,1900-01-00 00:00:00,,C8:15:4E:20:C7:81,-45,,0.000000,0.000000,0.000,0.000,Client
2026-04-10 13:20:55,1900-01-00 00:00:00,1008-wombat,B8:27:EB:CA:A1:3C,-45, WPA ,0.000000,0.000000,0.000,0.000,AP
2026-04-10 13:20:55,1900-01-00 00:00:00,,C8:15:4E:20:C7:81,-51,,0.000000,0.000000,0.000,0.000,Client
2026-04-10 13:20:55,1900-01-00 00:00:00,1008-wombat,B8:27:EB:CA:A1:3C,-45, WPA ,0.000000,0.000000,0.000,0.000,AP
2026-04-10 13:20:55,1900-01-00 00:00:00,,C8:15:4E:20:C7:81,-45,,0.000000,0.000000,0.000,0.000,Client
2026-04-10 13:20:55,1900-01-00 00:00:00,1008-wombat,B8:27:EB:CA:A1:3C,-45, WPA ,0.000000,0.000000,0.000,0.000,AP
2026-04-10 13:20:55,1900-01-00 00:00:00,,C8:15:4E:20:C7:81,-53,,0.000000,0.000000,0.000,0.000,Client
2026-04-10 13:20:55,1900-01-00 00:00:00,1008-wombat,B8:27:EB:CA:A1:3C,-45, WPA ,0.000000,0.000000,0.000,0.000,AP
2026-04-10 13:20:55,1900-01-00 00:00:00,,C8:15:4E:20:C7:81,-45,,0.000000,0.000000,0.000,0.000,Client
2026-04-10 13:20:55,1900-01-00 00:00:00,1008-wombat,B8:27:EB:CA:A1:3C,-45, WPA ,0.000000,0.000000,0.000,0.000,AP
2026-04-10 13:20:55,1900-01-00 00:00:00,,C8:15:4E:20:C7:81,-45,,0.000000,0.000000,0.000,0.000,Client
2026-04-10 13:20:55,1900-01-00 00:00:00,1008-wombat,B8:27:EB:CA:A1:3C,-45, WPA ,0.000000,0.000000,0.000,0.000,AP
2026-04-10 13:20:55,1900-01-00 00:00:00,,C8:15:4E:20:C7:81,-54,,0.000000,0.000000,0.000,0.000,Client
2026-04-10 13:20:55,1900-01-00 00:00:00,1008-wombat,B8:27:EB:CA:A1:3C,-53, WPA ,0.000000,0.000000,0.000,0.000,AP
2026-04-10 13:20:55,1900-01-00 00:00:00,,C8:15:4E:20:C7:81,-53,,0.000000,0.000000,0.000,0.000,Client
2026-04-10 13:20:55,1900-01-00 00:00:00,1008-wombat,B8:27:EB:CA:A1:3C,-45, WPA ,0.000000,0.000000,0.000,0.000,AP
2026-04-10 13:20:55,1900-01-00 00:00:00,,C8:15:4E:20:C7:81,-45,,0.000000,0.000000,0.000,0.000,Client
2026-04-10 13:20:55,1900-01-00 00:00:00,1008-wombat,B8:27:EB:CA:A1:3C,-54, WPA ,0.000000,0.000000,0.000,0.000,AP
2026-04-10 13:20:55,1900-01-00 00:00:00,,C8:15:4E:20:C7:81,-54,,0.000000,0.000000,0.000,0.000,Client
2026-04-10 13:20:55,1900-01-00 00:00:00,1008-wombat,B8:27:EB:CA:A1:3C,-45, WPA ,0.000000,0.000000,0.000,0.000,AP
2026-04-10 13:20:55,1900-01-00 00:00:00,,C8:15:4E:20:C7:81,-45,,0.000000,0.000000,0.000,0.000,Client
2026-04-10 13:20:55,1900-01-00 00:00:00,1008-wombat,B8:27:EB:CA:A1:3C,-45, WPA ,0.000000,0.000000,0.000,0.000,AP
2026-04-10 13:20:55,1900-01-00 00:00:00,,C8:15:4E:20:C7:81,-45,,0.000000,0.000000,0.000,0.000,Client
2026-04-10 13:20:55,1900-01-00 00:00:00,1008-wombat,B8:27:EB:CA:A1:3C,-45, WPA ,0.000000,0.000000,0.000,0.000,AP
2026-04-10 13:20:55,1900-01-00 00:00:00,,C8:15:4E:20:C7:81,-45,,0.000000,0.000000,0.000,0.000,Client
2026-04-10 13:20:55,1900-01-00 00:00:00,1008-wombat,B8:27:EB:CA:A1:3C,-45, WPA ,0.000000,0.000000,0.000,0.000,AP
2026-04-10 13:20:55,1900-01-00 00:00:00,,C8:15:4E:20:C7:81,-45,,0.000000,0.000000,0.000,0.000,Client
2026-04-10 13:20:55,1900-01-00 00:00:00,1008-wombat,B8:27:EB:CA:A1:3C,-44, WPA ,0.000000,0.000000,0.000,0.000,AP
2026-04-10 13:20:55,1900-01-00 00:00:00,,C8:15:4E:20:C7:81,-44,,0.000000,0.000000,0.000,0.000,Client
2026-04-10 13:20:55,1900-01-00 00:00:00,1008-wombat,B8:27:EB:CA:A1:3C,-45, WPA ,0.000000,0.000000,0.000,0.000,AP
2026-04-10 13:20:55,1900-01-00 00:00:00,1008-wombat,B8:27:EB:CA:A1:3C,-45, WPA ,0.000000,0.000000,0.000,0.000,AP
2026-04-10 13:20:55,1900-01-00 00:00:00,1008-wombat,B8:27:EB:CA:A1:3C,-48, WPA ,0.000000,0.000000,0.000,0.000,AP
2026-04-10 13:20:55,1900-01-00 00:00:00,,C8:15:4E:20:C7:81,-66,,0.000000,0.000000,0.000,0.000,Client
2026-04-10 13:20:55,1900-01-00 00:00:00,1008-wombat,B8:27:EB:CA:A1:3C,-45, WPA ,0.000000,0.000000,0.000,0.000,AP
2026-04-10 13:20:55,1900-01-00 00:00:00,,C8:15:4E:20:C7:81,-45,,0.000000,0.000000,0.000,0.000,Client
2026-04-10 13:20:55,1900-01-00 00:00:00,1008-wombat,B8:27:EB:CA:A1:3C,-44, WPA ,0.000000,0.000000,0.000,0.000,AP
2026-04-10 13:20:55,1900-01-00 00:00:00,,C8:15:4E:20:C7:81,-44,,0.000000,0.000000,0.000,0.000,Client
2026-04-10 13:20:55,1900-01-00 00:00:00,1008-wombat,B8:27:EB:CA:A1:3C,-44, WPA ,0.000000,0.000000,0.000,0.000,AP
2026-04-10 13:20:55,1900-01-00 00:00:00,,C8:15:4E:20:C7:81,-44,,0.000000,0.000000,0.000,0.000,Client
2026-04-10 13:20:55,1900-01-00 00:00:00,1008-wombat,B8:27:EB:CA:A1:3C,-45, WPA ,0.000000,0.000000,0.000,0.000,AP
2026-04-10 13:20:55,1900-01-00 00:00:00,,C8:15:4E:20:C7:81,-45,,0.000000,0.000000,0.000,0.000,Client
2026-04-10 13:20:55,1900-01-00 00:00:00,1008-wombat,B8:27:EB:CA:A1:3C,-45, WPA ,0.000000,0.000000,0.000,0.000,AP
2026-04-10 13:20:55,1900-01-00 00:00:00,,C8:15:4E:20:C7:81,-45,,0.000000,0.000000,0.000,0.000,Client
2026-04-10 13:20:55,1900-01-00 00:00:00,1008-wombat,B8:27:EB:CA:A1:3C,-45, WPA ,0.000000,0.000000,0.000,0.000,AP
2026-04-10 13:20:55,1900-01-00 00:00:00,1008-wombat,B8:27:EB:CA:A1:3C,-45, WPA ,0.000000,0.000000,0.000,0.000,AP
2026-04-10 13:20:55,1900-01-00 00:00:00,,C8:15:4E:20:C7:81,-45,,0.000000,0.000000,0.000,0.000,Client
2026-04-10 13:20:55,1900-01-00 00:00:00,1008-wombat,B8:27:EB:CA:A1:3C,-45, WPA ,0.000000,0.000000,0.000,0.000,AP
2026-04-10 13:20:55,1900-01-00 00:00:00,,C8:15:4E:20:C7:81,-45,,0.000000,0.000000,0.000,0.000,Client
2026-04-10 13:20:55,1900-01-00 00:00:00,1008-wombat,B8:27:EB:CA:A1:3C,-54, WPA ,0.000000,0.000000,0.000,0.000,AP
2026-04-10 13:20:55,1900-01-00 00:00:00,,C8:15:4E:20:C7:81,-54,,0.000000,0.000000,0.000,0.000,Client
2026-04-10 13:20:55,1900-01-00 00:00:00,1008-wombat,B8:27:EB:CA:A1:3C,-45, WPA ,0.000000,0.000000,0.000,0.000,AP
2026-04-10 13:20:55,1900-01-00 00:00:00,,C8:15:4E:20:C7:81,-45,,0.000000,0.000000,0.000,0.000,Client
2026-04-10 13:20:55,1900-01-00 00:00:00,1008-wombat,B8:27:EB:CA:A1:3C,-44, WPA ,0.000000,0.000000,0.000,0.000,AP
2026-04-10 13:20:55,1900-01-00 00:00:00,,C8:15:4E:20:C7:81,-51,,0.000000,0.000000,0.000,0.000,Client
2026-04-10 13:20:55,1900-01-00 00:00:00,1008-wombat,B8:27:EB:CA:A1:3C,-44, WPA ,0.000000,0.000000,0.000,0.000,AP
2026-04-10 13:20:55,1900-01-00 00:00:00,,C8:15:4E:20:C7:81,-44,,0.000000,0.000000,0.000,0.000,Client
2026-04-10 13:20:55,1900-01-00 00:00:00,1008-wombat,B8:27:EB:CA:A1:3C,-44, WPA ,0.000000,0.000000,0.000,0.000,AP
2026-04-10 13:20:55,1900-01-00 00:00:00,,C8:15:4E:20:C7:81,-52,,0.000000,0.000000,0.000,0.000,Client
2026-04-10 13:20:55,1900-01-00 00:00:00,1008-wombat,B8:27:EB:CA:A1:3C,-45, WPA ,0.000000,0.000000,0.000,0.000,AP
2026-04-10 13:20:55,1900-01-00 00:00:00,,C8:15:4E:20:C7:81,-45,,0.000000,0.000000,0.000,0.000,Client
2026-04-10 13:20:55,1900-01-00 00:00:00,1008-wombat,B8:27:EB:CA:A1:3C,-45, WPA ,0.000000,0.000000,0.000,0.000,AP
2026-04-10 13:20:55,1900-01-00 00:00:00,,C8:15:4E:20:C7:81,-45,,0.000000,0.000000,0.000,0.000,Client
2026-04-10 13:20:55,1900-01-00 00:00:00,1008-wombat,B8:27:EB:CA:A1:3C,-54, WPA ,0.000000,0.000000,0.000,0.000,AP
2026-04-10 13:20:55,1900-01-00 00:00:00,,C8:15:4E:20:C7:81,-54,,0.000000,0.000000,0.000,0.000,Client
2026-04-10 13:20:55,1900-01-00 00:00:00,1008-wombat,B8:27:EB:CA:A1:3C,-54, WPA ,0.000000,0.000000,0.000,0.000,AP
2026-04-10 13:20:55,1900-01-00 00:00:00,,C8:15:4E:20:C7:81,-54,,0.000000,0.000000,0.000,0.000,Client
2026-04-10 13:20:55,1900-01-00 00:00:00,1008-wombat,B8:27:EB:CA:A1:3C,-45, WPA ,0.000000,0.000000,0.000,0.000,AP
2026-04-10 13:20:55,1900-01-00 00:00:00,,C8:15:4E:20:C7:81,-45,,0.000000,0.000000,0.000,0.000,Client
2026-04-10 13:20:55,1900-01-00 00:00:00,1008-wombat,B8:27:EB:CA:A1:3C,-45, WPA ,0.000000,0.000000,0.000,0.000,AP
2026-04-10 13:20:55,1900-01-00 00:00:00,,C8:15:4E:20:C7:81,-45,,0.000000,0.000000,0.000,0.000,Client
2026-04-10 13:20:55,1900-01-00 00:00:00,1008-wombat,B8:27:EB:CA:A1:3C,-44, WPA ,0.000000,0.000000,0.000,0.000,AP
2026-04-10 13:20:55,1900-01-00 00:00:00,,C8:15:4E:20:C7:81,-44,,0.000000,0.000000,0.000,0.000,Client
2026-04-10 13:20:55,1900-01-00 00:00:00,1008-wombat,B8:27:EB:CA:A1:3C,-44, WPA ,0.000000,0.000000,0.000,0.000,AP
2026-04-10 13:20:55,1900-01-00 00:00:00,,C8:15:4E:20:C7:81,-44,,0.000000,0.000000,0.000,0.000,Client
2026-04-10 13:20:55,1900-01-00 00:00:00,1008-wombat,B8:27:EB:CA:A1:3C,-44, WPA ,0.000000,0.000000,0.000,0.000,AP
2026-04-10 13:20:55,1900-01-00 00:00:00,,C8:15:4E:20:C7:81,-44,,0.000000,0.000000,0.000,0.000,Client
2026-04-10 13:20:55,1900-01-00 00:00:00,1008-wombat,B8:27:EB:CA:A1:3C,-45, WPA ,0.000000,0.000000,0.000,0.000,AP
2026-04-10 13:20:55,1900-01-00 00:00:00,,C8:15:4E:20:C7:81,-45,,0.000000,0.000000,0.000,0.000,Client
2026-04-10 13:20:55,1900-01-00 00:00:00,1008-wombat,B8:27:EB:CA:A1:3C,-44, WPA ,0.000000,0.000000,0.000,0.000,AP
2026-04-10 13:20:55,1900-01-00 00:00:00,,C8:15:4E:20:C7:81,-44,,0.000000,0.000000,0.000,0.000,Client
2026-04-10 13:20:55,1900-01-00 00:00:00,1008-wombat,B8:27:EB:CA:A1:3C,-54, WPA ,0.000000,0.000000,0.000,0.000,AP
2026-04-10 13:20:55,1900-01-00 00:00:00,,C8:15:4E:20:C7:81,-54,,0.000000,0.000000,0.000,0.000,Client
2026-04-10 13:20:55,1900-01-00 00:00:00,1008-wombat,B8:27:EB:CA:A1:3C,-44, WPA ,0.000000,0.000000,0.000,0.000,AP
2026-04-10 13:20:55,1900-01-00 00:00:00,1008-wombat,B8:27:EB:CA:A1:3C,-44, WPA ,0.000000,0.000000,0.000,0.000,AP
2026-04-10 13:20:55,1900-01-00 00:00:00,,C8:15:4E:20:C7:81,-44,,0.000000,0.000000,0.000,0.000,Client
2026-04-10 13:20:55,1900-01-00 00:00:00,1008-wombat,B8:27:EB:CA:A1:3C,-45, WPA ,0.000000,0.000000,0.000,0.000,AP
2026-04-10 13:20:55,1900-01-00 00:00:00,,C8:15:4E:20:C7:81,-45,,0.000000,0.000000,0.000,0.000,Client
2026-04-10 13:20:55,1900-01-00 00:00:00,1008-wombat,B8:27:EB:CA:A1:3C,-44, WPA ,0.000000,0.000000,0.000,0.000,AP
2026-04-10 13:20:55,1900-01-00 00:00:00,,C8:15:4E:20:C7:81,-44,,0.000000,0.000000,0.000,0.000,Client
2026-04-10 13:20:55,1900-01-00 00:00:00,1008-wombat,B8:27:EB:CA:A1:3C,-45, WPA ,0.000000,0.000000,0.000,0.000,AP
2026-04-10 13:20:55,1900-01-00 00:00:00,,C8:15:4E:20:C7:81,-45,,0.000000,0.000000,0.000,0.000,Client
2026-04-10 13:20:55,1900-01-00 00:00:00,1008-wombat,B8:27:EB:CA:A1:3C,-44, WPA ,0.000000,0.000000,0.000,0.000,AP
2026-04-10 13:20:55,1900-01-00 00:00:00,,C8:15:4E:20:C7:81,-52,,0.000000,0.000000,0.000,0.000,Client
2026-04-10 13:20:55,1900-01-00 00:00:00,1008-wombat,B8:27:EB:CA:A1:3C,-44, WPA ,0.000000,0.000000,0.000,0.000,AP
2026-04-10 13:20:55,1900-01-00 00:00:00,,C8:15:4E:20:C7:81,-44,,0.000000,0.000000,0.000,0.000,Client
2026-04-10 13:20:55,1900-01-00 00:00:00,1008-wombat,B8:27:EB:CA:A1:3C,-44, WPA ,0.000000,0.000000,0.000,0.000,AP
2026-04-10 13:20:55,1900-01-00 00:00:00,,C8:15:4E:20:C7:81,-51,,0.000000,0.000000,0.000,0.000,Client
2026-04-10 13:20:55,1900-01-00 00:00:00,1008-wombat,B8:27:EB:CA:A1:3C,-44, WPA ,0.000000,0.000000,0.000,0.000,AP
2026-04-10 13:20:55,1900-01-00 00:00:00,,C8:15:4E:20:C7:81,-44,,0.000000,0.000000,0.000,0.000,Client
2026-04-10 13:20:55,1900-01-00 00:00:00,1008-wombat,B8:27:EB:CA:A1:3C,-45, WPA ,0.000000,0.000000,0.000,0.000,AP
2026-04-10 13:20:55,1900-01-00 00:00:00,,C8:15:4E:20:C7:81,-45,,0.000000,0.000000,0.000,0.000,Client
2026-04-10 13:20:55,1900-01-00 00:00:00,1008-wombat,B8:27:EB:CA:A1:3C,-55, WPA ,0.000000,0.000000,0.000,0.000,AP
2026-04-10 13:20:55,1900-01-00 00:00:00,,C8:15:4E:20:C7:81,-54,,0.000000,0.000000,0.000,0.000,Client
2026-04-10 13:20:55,1900-01-00 00:00:00,1008-wombat,B8:27:EB:CA:A1:3C,-44, WPA ,0.000000,0.000000,0.000,0.000,AP
2026-04-10 13:20:55,1900-01-00 00:00:00,,C8:15:4E:20:C7:81,-44,,0.000000,0.000000,0.000,0.000,Client
2026-04-10 13:20:55,1900-01-00 00:00:00,1008-wombat,B8:27:EB:CA:A1:3C,-45, WPA ,0.000000,0.000000,0.000,0.000,AP
2026-04-10 13:20:55,1900-01-00 00:00:00,,C8:15:4E:20:C7:81,-45,,0.000000,0.000000,0.000,0.000,Client
2026-04-10 13:20:55,1900-01-00 00:00:00,1008-wombat,B8:27:EB:CA:A1:3C,-44, WPA ,0.000000,0.000000,0.000,0.000,AP
2026-04-10 13:20:55,1900-01-00 00:00:00,,C8:15:4E:20:C7:81,-44,,0.000000,0.000000,0.000,0.000,Client
2026-04-10 13:20:55,1900-01-00 00:00:00,1008-wombat,B8:27:EB:CA:A1:3C,-44, WPA ,0.000000,0.000000,0.000,0.000,AP
2026-04-10 13:20:55,1900-01-00 00:00:00,,C8:15:4E:20:C7:81,-66,,0.000000,0.000000,0.000,0.000,Client
2026-04-10 13:20:55,1900-01-00 00:00:00,1008-wombat,B8:27:EB:CA:A1:3C,-45, WPA ,0.000000,0.000000,0.000,0.000,AP
2026-04-10 13:20:55,1900-01-00 00:00:00,,C8:15:4E:20:C7:81,-45,,0.000000,0.000000,0.000,0.000,Client
2026-04-10 13:20:55,1900-01-00 00:00:00,1008-wombat,B8:27:EB:CA:A1:3C,-44, WPA ,0.000000,0.000000,0.000,0.000,AP
2026-04-10 13:20:55,1900-01-00 00:00:00,,C8:15:4E:20:C7:81,-44,,0.000000,0.000000,0.000,0.000,Client
2026-04-10 13:20:55,1900-01-00 00:00:00,1008-wombat,B8:27:EB:CA:A1:3C,-44, WPA ,0.000000,0.000000,0.000,0.000,AP
2026-04-10 13:20:55,1900-01-00 00:00:00,,C8:15:4E:20:C7:81,-44,,0.000000,0.000000,0.000,0.000,Client
2026-04-10 13:20:55,1900-01-00 00:00:00,1008-wombat,B8:27:EB:CA:A1:3C,-44, WPA ,0.000000,0.000000,0.000,0.000,AP
2026-04-10 13:20:55,1900-01-00 00:00:00,,C8:15:4E:20:C7:81,-44,,0.000000,0.000000,0.000,0.000,Client
2026-04-10 13:20:55,1900-01-00 00:00:00,1008-wombat,B8:27:EB:CA:A1:3C,-45, WPA ,0.000000,0.000000,0.000,0.000,AP
2026-04-10 13:20:55,1900-01-00 00:00:00,,C8:15:4E:20:C7:81,-45,,0.000000,0.000000,0.000,0.000,Client
2026-04-10 13:20:55,1900-01-00 00:00:00,1008-wombat,B8:27:EB:CA:A1:3C,-45, WPA ,0.000000,0.000000,0.000,0.000,AP
2026-04-10 13:20:55,1900-01-00 00:00:00,1008-wombat,B8:27:EB:CA:A1:3C,-45, WPA ,0.000000,0.000000,0.000,0.000,AP
2026-04-10 13:20:55,1900-01-00 00:00:00,,C8:15:4E:20:C7:81,-45,,0.000000,0.000000,0.000,0.000,Client
2026-04-10 13:20:56,1900-01-00 00:00:00,1008-wombat,B8:27:EB:CA:A1:3C,-44, WPA ,0.000000,0.000000,0.000,0.000,AP
2026-04-10 13:20:56,1900-01-00 00:00:00,,C8:15:4E:20:C7:81,-44,,0.000000,0.000000,0.000,0.000,Client
2026-04-10 13:20:56,1900-01-00 00:00:00,1008-wombat,B8:27:EB:CA:A1:3C,-44, WPA ,0.000000,0.000000,0.000,0.000,AP
2026-04-10 13:20:56,1900-01-00 00:00:00,,C8:15:4E:20:C7:81,-44,,0.000000,0.000000,0.000,0.000,Client
2026-04-10 13:20:56,1900-01-00 00:00:00,1008-wombat,B8:27:EB:CA:A1:3C,-44, WPA ,0.000000,0.000000,0.000,0.000,AP
2026-04-10 13:20:56,1900-01-00 00:00:00,,C8:15:4E:20:C7:81,-44,,0.000000,0.000000,0.000,0.000,Client
2026-04-10 13:20:56,1900-01-00 00:00:00,1008-wombat,B8:27:EB:CA:A1:3C,-44, WPA ,0.000000,0.000000,0.000,0.000,AP
2026-04-10 13:20:56,1900-01-00 00:00:00,,C8:15:4E:20:C7:81,-52,,0.000000,0.000000,0.000,0.000,Client
2026-04-10 13:20:56,1900-01-00 00:00:00,1008-wombat,B8:27:EB:CA:A1:3C,-44, WPA ,0.000000,0.000000,0.000,0.000,AP
2026-04-10 13:20:56,1900-01-00 00:00:00,,C8:15:4E:20:C7:81,-44,,0.000000,0.000000,0.000,0.000,Client
2026-04-10 13:20:56,1900-01-00 00:00:00,1008-wombat,B8:27:EB:CA:A1:3C,-44, WPA ,0.000000,0.000000,0.000,0.000,AP
2026-04-10 13:20:56,1900-01-00 00:00:00,,C8:15:4E:20:C7:81,-66,,0.000000,0.000000,0.000,0.000,Client
2026-04-10 13:20:56,1900-01-00 00:00:00,1008-wombat,B8:27:EB:CA:A1:3C,-44, WPA ,0.000000,0.000000,0.000,0.000,AP
2026-04-10 13:20:56,1900-01-00 00:00:00,,C8:15:4E:20:C7:81,-44,,0.000000,0.000000,0.000,0.000,Client
2026-04-10 13:20:56,1900-01-00 00:00:00,1008-wombat,B8:27:EB:CA:A1:3C,-44, WPA ,0.000000,0.000000,0.000,0.000,AP
2026-04-10 13:20:56,1900-01-00 00:00:00,,C8:15:4E:20:C7:81,-54,,0.000000,0.000000,0.000,0.000,Client
2026-04-10 13:20:56,1900-01-00 00:00:00,1008-wombat,B8:27:EB:CA:A1:3C,-45, WPA ,0.000000,0.000000,0.000,0.000,AP
2026-04-10 13:20:56,1900-01-00 00:00:00,,C8:15:4E:20:C7:81,-55,,0.000000,0.000000,0.000,0.000,Client
2026-04-10 13:20:56,1900-01-00 00:00:00,1008-wombat,B8:27:EB:CA:A1:3C,-45, WPA ,0.000000,0.000000,0.000,0.000,AP
2026-04-10 13:20:56,1900-01-00 00:00:00,,C8:15:4E:20:C7:81,-45,,0.000000,0.000000,0.000,0.000,Client
2026-04-10 13:20:56,1900-01-00 00:00:00,1008-wombat,B8:27:EB:CA:A1:3C,-44, WPA ,0.000000,0.000000,0.000,0.000,AP
2026-04-10 13:20:56,1900-01-00 00:00:00,,C8:15:4E:20:C7:81,-44,,0.000000,0.000000,0.000,0.000,Client
2026-04-10 13:20:56,1900-01-00 00:00:00,1008-wombat,B8:27:EB:CA:A1:3C,-44, WPA ,0.000000,0.000000,0.000,0.000,AP
2026-04-10 13:20:56,1900-01-00 00:00:00,,C8:15:4E:20:C7:81,-44,,0.000000,0.000000,0.000,0.000,Client
2026-04-10 13:20:56,1900-01-00 00:00:00,1008-wombat,B8:27:EB:CA:A1:3C,-44, WPA ,0.000000,0.000000,0.000,0.000,AP
2026-04-10 13:20:56,1900-01-00 00:00:00,,C8:15:4E:20:C7:81,-44,,0.000000,0.000000,0.000,0.000,Client
2026-04-10 13:20:56,1900-01-00 00:00:00,1008-wombat,B8:27:EB:CA:A1:3C,-44, WPA ,0.000000,0.000000,0.000,0.000,AP
2026-04-10 13:20:56,1900-01-00 00:00:00,,C8:15:4E:20:C7:81,-44,,0.000000,0.000000,0.000,0.000,Client
2026-04-10 13:20:56,1900-01-00 00:00:00,1008-wombat,B8:27:EB:CA:A1:3C,-44, WPA ,0.000000,0.000000,0.000,0.000,AP
2026-04-10 13:20:56,1900-01-00 00:00:00,,C8:15:4E:20:C7:81,-44,,0.000000,0.000000,0.000,0.000,Client
2026-04-10 13:20:56,1900-01-00 00:00:00,1008-wombat,B8:27:EB:CA:A1:3C,-45, WPA ,0.000000,0.000000,0.000,0.000,AP
2026-04-10 13:20:56,1900-01-00 00:00:00,,C8:15:4E:20:C7:81,-45,,0.000000,0.000000,0.000,0.000,Client
2026-04-10 13:20:56,1900-01-00 00:00:00,1008-wombat,B8:27:EB:CA:A1:3C,-44, WPA ,0.000000,0.000000,0.000,0.000,AP
2026-04-10 13:20:56,1900-01-00 00:00:00,,C8:15:4E:20:C7:81,-44,,0.000000,0.000000,0.000,0.000,Client
2026-04-10 13:20:56,1900-01-00 00:00:00,1008-wombat,B8:27:EB:CA:A1:3C,-44, WPA ,0.000000,0.000000,0.000,0.000,AP
2026-04-10 13:20:56,1900-01-00 00:00:00,,C8:15:4E:20:C7:81,-44,,0.000000,0.000000,0.000,0.000,Client
2026-04-10 13:20:56,1900-01-00 00:00:00,1008-wombat,B8:27:EB:CA:A1:3C,-44, WPA ,0.000000,0.000000,0.000,0.000,AP
2026-04-10 13:20:56,1900-01-00 00:00:00,1008-wombat,B8:27:EB:CA:A1:3C,-44, WPA ,0.000000,0.000000,0.000,0.000,AP
2026-04-10 13:20:56,1900-01-00 00:00:00,,C8:15:4E:20:C7:81,-44,,0.000000,0.000000,0.000,0.000,Client
2026-04-10 13:20:56,1900-01-00 00:00:00,1008-wombat,B8:27:EB:CA:A1:3C,-44, WPA ,0.000000,0.000000,0.000,0.000,AP
2026-04-10 13:20:56,1900-01-00 00:00:00,1008-wombat,B8:27:EB:CA:A1:3C,-44, WPA ,0.000000,0.000000,0.000,0.000,AP
2026-04-10 13:20:56,1900-01-00 00:00:00,1008-wombat,B8:27:EB:CA:A1:3C,-43, WPA ,0.000000,0.000000,0.000,0.000,AP
2026-04-10 13:20:56,1900-01-00 00:00:00,1008-wombat,B8:27:EB:CA:A1:3C,-44, WPA ,0.000000,0.000000,0.000,0.000,AP
2026-04-10 13:20:56,1900-01-00 00:00:00,1008-wombat,B8:27:EB:CA:A1:3C,-46, WPA ,0.000000,0.000000,0.000,0.000,AP
2026-04-10 13:20:56,1900-01-00 00:00:00,1008-wombat,B8:27:EB:CA:A1:3C,-45, WPA ,0.000000,0.000000,0.000,0.000,AP
2026-04-10 13:20:56,1900-01-00 00:00:00,1008-wombat,B8:27:EB:CA:A1:3C,-44, WPA ,0.000000,0.000000,0.000,0.000,AP
2026-04-10 13:20:56,1900-01-00 00:00:00,,C8:15:4E:20:C7:81,-49,,0.000000,0.000000,0.000,0.000,Client
2026-04-10 13:20:56,1900-01-00 00:00:00,1008-wombat,B8:27:EB:CA:A1:3C,-44, WPA ,0.000000,0.000000,0.000,0.000,AP
2026-04-10 13:20:56,1900-01-00 00:00:00,,C8:15:4E:20:C7:81,-48,,0.000000,0.000000,0.000,0.000,Client
2026-04-10 13:20:56,1900-01-00 00:00:00,1008-wombat,B8:27:EB:CA:A1:3C,-44, WPA ,0.000000,0.000000,0.000,0.000,AP
2026-04-10 13:20:56,1900-01-00 00:00:00,1008-wombat,B8:27:EB:CA:A1:3C,-44, WPA ,0.000000,0.000000,0.000,0.000,AP
2026-04-10 13:20:56,1900-01-00 00:00:00,,C8:15:4E:20:C7:81,-48,,0.000000,0.000000,0.000,0.000,Client
2026-04-10 13:20:56,1900-01-00 00:00:00,1008-wombat,B8:27:EB:CA:A1:3C,-44, WPA ,0.000000,0.000000,0.000,0.000,AP
2026-04-10 13:20:56,1900-01-00 00:00:00,,C8:15:4E:20:C7:81,-48,,0.000000,0.000000,0.000,0.000,Client
2026-04-10 13:20:56,1900-01-00 00:00:00,1008-wombat,B8:27:EB:CA:A1:3C,-44, WPA ,0.000000,0.000000,0.000,0.000,AP
2026-04-10 13:20:56,1900-01-00 00:00:00,,C8:15:4E:20:C7:81,-48,,0.000000,0.000000,0.000,0.000,Client
2026-04-10 13:20:56,1900-01-00 00:00:00,1008-wombat,B8:27:EB:CA:A1:3C,-44, WPA ,0.000000,0.000000,0.000,0.000,AP
2026-04-10 13:20:56,1900-01-00 00:00:00,1008-wombat,B8:27:EB:CA:A1:3C,-44, WPA ,0.000000,0.000000,0.000,0.000,AP
2026-04-10 13:20:56,1900-01-00 00:00:00,,C8:15:4E:20:C7:81,-48,,0.000000,0.000000,0.000,0.000,Client
2026-04-10 13:20:56,1900-01-00 00:00:00,,C8:15:4E:20:C7:81,-48,,0.000000,0.000000,0.000,0.000,Client
2026-04-10 13:20:56,1900-01-00 00:00:00,1008-wombat,B8:27:EB:CA:A1:3C,-45, WPA ,0.000000,0.000000,0.000,0.000,AP
2026-04-10 13:20:56,1900-01-00 00:00:00,1008-wombat,B8:27:EB:CA:A1:3C,-45, WPA ,0.000000,0.000000,0.000,0.000,AP
2026-04-10 13:20:56,1900-01-00 00:00:00,1008-wombat,B8:27:EB:CA:A1:3C,-45, WPA ,0.000000,0.000000,0.000,0.000,AP
2026-04-10 13:20:56,1900-01-00 00:00:00,,C8:15:4E:20:C7:81,-48,,0.000000,0.000000,0.000,0.000,Client
2026-04-10 13:20:56,1900-01-00 00:00:00,1008-wombat,B8:27:EB:CA:A1:3C,-43, WPA ,0.000000,0.000000,0.000,0.000,AP
2026-04-10 13:20:56,1900-01-00 00:00:00,1008-wombat,B8:27:EB:CA:A1:3C,-44, WPA ,0.000000,0.000000,0.000,0.000,AP
2026-04-10 13:20:56,1900-01-00 00:00:00,,C8:15:4E:20:C7:81,-49,,0.000000,0.000000,0.000,0.000,Client
2026-04-10 13:20:56,1900-01-00 00:00:00,,C8:15:4E:20:C7:81,-49,,0.000000,0.000000,0.000,0.000,Client
2026-04-10 13:20:56,1900-01-00 00:00:00,1008-wombat,B8:27:EB:CA:A1:3C,-44, WPA ,0.000000,0.000000,0.000,0.000,AP
2026-04-10 13:20:56,1900-01-00 00:00:00,1008-wombat,B8:27:EB:CA:A1:3C,-44, WPA ,0.000000,0.000000,0.000,0.000,AP
2026-04-10 13:20:56,1900-01-00 00:00:00,,C8:15:4E:20:C7:81,-48,,0.000000,0.000000,0.000,0.000,Client
2026-04-10 13:20:56,1900-01-00 00:00:00,1008-wombat,B8:27:EB:CA:A1:3C,-44, WPA ,0.000000,0.000000,0.000,0.000,AP
2026-04-10 13:20:56,1900-01-00 00:00:00,,C8:15:4E:20:C7:81,-48,,0.000000,0.000000,0.000,0.000,Client
2026-04-10 13:20:56,1900-01-00 00:00:00,1008-wombat,B8:27:EB:CA:A1:3C,-44, WPA ,0.000000,0.000000,0.000,0.000,AP
2026-04-10 13:20:56,1900-01-00 00:00:00,1008-wombat,B8:27:EB:CA:A1:3C,-44, WPA ,0.000000,0.000000,0.000,0.000,AP
2026-04-10 13:20:56,1900-01-00 00:00:00,1008-wombat,B8:27:EB:CA:A1:3C,-44, WPA ,0.000000,0.000000,0.000,0.000,AP
2026-04-10 13:20:56,1900-01-00 00:00:00,1008-wombat,B8:27:EB:CA:A1:3C,-44, WPA ,0.000000,0.000000,0.000,0.000,AP
2026-04-10 13:20:56,1900-01-00 00:00:00,1008-wombat,B8:27:EB:CA:A1:3C,-43, WPA ,0.000000,0.000000,0.000,0.000,AP
2026-04-10 13:20:56,1900-01-00 00:00:00,,C8:15:4E:20:C7:81,-49,,0.000000,0.000000,0.000,0.000,Client
2026-04-10 13:20:56,1900-01-00 00:00:00,1008-wombat,B8:27:EB:CA:A1:3C,-42, WPA ,0.000000,0.000000,0.000,0.000,AP
2026-04-10 13:20:56,1900-01-00 00:00:00,1008-wombat,B8:27:EB:CA:A1:3C,-47, WPA ,0.000000,0.000000,0.000,0.000,AP
2026-04-10 13:20:56,1900-01-00 00:00:00,,C8:15:4E:20:C7:81,-49,,0.000000,0.000000,0.000,0.000,Client
2026-04-10 13:20:56,1900-01-00 00:00:00,1008-wombat,B8:27:EB:CA:A1:3C,-46, WPA ,0.000000,0.000000,0.000,0.000,AP
2026-04-10 13:20:56,1900-01-00 00:00:00,,C8:15:4E:20:C7:81,-48,,0.000000,0.000000,0.000,0.000,Client
2026-04-10 13:20:56,1900-01-00 00:00:00,,C8:15:4E:20:C7:81,-49,,0.000000,0.000000,0.000,0.000,Client
2026-04-10 13:20:56,1900-01-00 00:00:00,,C8:15:4E:20:C7:81,-49,,0.000000,0.000000,0.000,0.000,Client
2026-04-10 13:20:56,1900-01-00 00:00:00,1008-wombat,B8:27:EB:CA:A1:3C,-46, WPA ,0.000000,0.000000,0.000,0.000,AP
2026-04-10 13:20:56,1900-01-00 00:00:00,1008-wombat,B8:27:EB:CA:A1:3C,-46, WPA ,0.000000,0.000000,0.000,0.000,AP
2026-04-10 13:20:56,1900-01-00 00:00:00,1008-wombat,B8:27:EB:CA:A1:3C,-46, WPA ,0.000000,0.000000,0.000,0.000,AP
2026-04-10 13:20:56,1900-01-00 00:00:00,,C8:15:4E:20:C7:81,-49,,0.000000,0.000000,0.000,0.000,Client
2026-04-10 13:20:56,1900-01-00 00:00:00,1008-wombat,B8:27:EB:CA:A1:3C,-46, WPA ,0.000000,0.000000,0.000,0.000,AP
2026-04-10 13:20:56,1900-01-00 00:00:00,,C8:15:4E:20:C7:81,-49,,0.000000,0.000000,0.000,0.000,Client
2026-04-10 13:20:56,1900-01-00 00:00:00,,C8:15:4E:20:C7:81,-48,,0.000000,0.000000,0.000,0.000,Client
2026-04-10 13:20:56,1900-01-00 00:00:00,,C8:15:4E:20:C7:81,-49,,0.000000,0.000000,0.000,0.000,Client
2026-04-10 13:20:56,1900-01-00 00:00:00,1008-wombat,B8:27:EB:CA:A1:3C,-46, WPA ,0.000000,0.000000,0.000,0.000,AP
2026-04-10 13:20:56,1900-01-00 00:00:00,1008-wombat,B8:27:EB:CA:A1:3C,-46, WPA ,0.000000,0.000000,0.000,0.000,AP
2026-04-10 13:20:56,1900-01-00 00:00:00,1008-wombat,B8:27:EB:CA:A1:3C,-46, WPA ,0.000000,0.000000,0.000,0.000,AP
2026-04-10 13:20:56,1900-01-00 00:00:00,,C8:15:4E:20:C7:81,-48,,0.000000,0.000000,0.000,0.000,Client
2026-04-10 13:20:56,1900-01-00 00:00:00,,C8:15:4E:20:C7:81,-48,,0.000000,0.000000,0.000,0.000,Client
2026-04-10 13:20:56,1900-01-00 00:00:00,1008-wombat,B8:27:EB:CA:A1:3C,-47, WPA ,0.000000,0.000000,0.000,0.000,AP
2026-04-10 13:20:56,1900-01-00 00:00:00,1008-wombat,B8:27:EB:CA:A1:3C,-47, WPA ,0.000000,0.000000,0.000,0.000,AP
2026-04-10 13:20:56,1900-01-00 00:00:00,,C8:15:4E:20:C7:81,-48,,0.000000,0.000000,0.000,0.000,Client
2026-04-10 13:20:56,1900-01-00 00:00:00,,C8:15:4E:20:C7:81,-48,,0.000000,0.000000,0.000,0.000,Client
2026-04-10 13:20:56,1900-01-00 00:00:00,1008-wombat,B8:27:EB:CA:A1:3C,-42, WPA ,0.000000,0.000000,0.000,0.000,AP
2026-04-10 13:20:56,1900-01-00 00:00:00,1008-wombat,B8:27:EB:CA:A1:3C,-47, WPA ,0.000000,0.000000,0.000,0.000,AP
2026-04-10 13:20:56,1900-01-00 00:00:00,,C8:15:4E:20:C7:81,-49,,0.000000,0.000000,0.000,0.000,Client
2026-04-10 13:20:56,1900-01-00 00:00:00,1008-wombat,B8:27:EB:CA:A1:3C,-48, WPA ,0.000000,0.000000,0.000,0.000,AP
2026-04-10 13:20:56,1900-01-00 00:00:00,,C8:15:4E:20:C7:81,-49,,0.000000,0.000000,0.000,0.000,Client
2026-04-10 13:20:56,1900-01-00 00:00:00,1008-wombat,B8:27:EB:CA:A1:3C,-47, WPA ,0.000000,0.000000,0.000,0.000,AP
2026-04-10 13:20:56,1900-01-00 00:00:00,,C8:15:4E:20:C7:81,-49,,0.000000,0.000000,0.000,0.000,Client
2026-04-10 13:20:56,1900-01-00 00:00:00,,C8:15:4E:20:C7:81,-49,,0.000000,0.000000,0.000,0.000,Client
2026-04-10 13:20:56,1900-01-00 00:00:00,1008-wombat,B8:27:EB:CA:A1:3C,-47, WPA ,0.000000,0.000000,0.000,0.000,AP
2026-04-10 13:20:56,1900-01-00 00:00:00,1008-wombat,B8:27:EB:CA:A1:3C,-47, WPA ,0.000000,0.000000,0.000,0.000,AP
2026-04-10 13:20:56,1900-01-00 00:00:00,,C8:15:4E:20:C7:81,-48,,0.000000,0.000000,0.000,0.000,Client
2026-04-10 13:20:56,1900-01-00 00:00:00,1008-wombat,B8:27:EB:CA:A1:3C,-47, WPA ,0.000000,0.000000,0.000,0.000,AP
2026-04-10 13:20:56,1900-01-00 00:00:00,,C8:15:4E:20:C7:81,-49,,0.000000,0.000000,0.000,0.000,Client
2026-04-10 13:20:56,1900-01-00 00:00:00,,C8:15:4E:20:C7:81,-49,,0.000000,0.000000,0.000,0.000,Client
2026-04-10 13:20:56,1900-01-00 00:00:00,,C8:15:4E:20:C7:81,-48,,0.000000,0.000000,0.000,0.000,Client
2026-04-10 13:20:56,1900-01-00 00:00:00,,C8:15:4E:20:C7:81,-49,,0.000000,0.000000,0.000,0.000,Client
2026-04-10 13:20:56,1900-01-00 00:00:00,,C8:15:4E:20:C7:81,-48,,0.000000,0.000000,0.000,0.000,Client
2026-04-10 13:20:56,1900-01-00 00:00:00,1008-wombat,B8:27:EB:CA:A1:3C,-48, WPA ,0.000000,0.000000,0.000,0.000,AP
2026-04-10 13:20:56,1900-01-00 00:00:00,1008-wombat,B8:27:EB:CA:A1:3C,-47, WPA ,0.000000,0.000000,0.000,0.000,AP
2026-04-10 13:20:56,1900-01-00 00:00:00,,C8:15:4E:20:C7:81,-49,,0.000000,0.000000,0.000,0.000,Client
2026-04-10 13:20:56,1900-01-00 00:00:00,1008-wombat,B8:27:EB:CA:A1:3C,-47, WPA ,0.000000,0.000000,0.000,0.000,AP
2026-04-10 13:20:56,1900-01-00 00:00:00,1008-wombat,B8:27:EB:CA:A1:3C,-47, WPA ,0.000000,0.000000,0.000,0.000,AP
2026-04-10 13:20:56,1900-01-00 00:00:00,1008-wombat,B8:27:EB:CA:A1:3C,-47, WPA ,0.000000,0.000000,0.000,0.000,AP
2026-04-10 13:20:56,1900-01-00 00:00:00,1008-wombat,B8:27:EB:CA:A1:3C,-47, WPA ,0.000000,0.000000,0.000,0.000,AP
2026-04-10 13:20:56,1900-01-00 00:00:00,,C8:15:4E:20:C7:81,-49,,0.000000,0.000000,0.000,0.000,Client
2026-04-10 13:20:56,1900-01-00 00:00:00,,C8:15:4E:20:C7:81,-49,,0.000000,0.000000,0.000,0.000,Client
2026-04-10 13:20:56,1900-01-00 00:00:00,1008-wombat,B8:27:EB:CA:A1:3C,-47, WPA ,0.000000,0.000000,0.000,0.000,AP
2026-04-10 13:20:56,1900-01-00 00:00:00,1008-wombat,B8:27:EB:CA:A1:3C,-47, WPA ,0.000000,0.000000,0.000,0.000,AP
2026-04-10 13:20:56,1900-01-00 00:00:00,,C8:15:4E:20:C7:81,-49,,0.000000,0.000000,0.000,0.000,Client
2026-04-10 13:20:56,1900-01-00 00:00:00,,C8:15:4E:20:C7:81,-49,,0.000000,0.000000,0.000,0.000,Client
2026-04-10 13:20:56,1900-01-00 00:00:00,,C8:15:4E:20:C7:81,-49,,0.000000,0.000000,0.000,0.000,Client
2026-04-10 13:20:56,1900-01-00 00:00:00,,C8:15:4E:20:C7:81,-49,,0.000000,0.000000,0.000,0.000,Client
2026-04-10 13:20:56,1900-01-00 00:00:00,,C8:15:4E:20:C7:81,-48,,0.000000,0.000000,0.000,0.000,Client
2026-04-10 13:20:56,1900-01-00 00:00:00,,C8:15:4E:20:C7:81,-48,,0.000000,0.000000,0.000,0.000,Client
2026-04-10 13:20:56,1900-01-00 00:00:00,1008-wombat,B8:27:EB:CA:A1:3C,-47, WPA ,0.000000,0.000000,0.000,0.000,AP
2026-04-10 13:20:56,1900-01-00 00:00:00,1008-wombat,B8:27:EB:CA:A1:3C,-47, WPA ,0.000000,0.000000,0.000,0.000,AP
2026-04-10 13:20:56,1900-01-00 00:00:00,1008-wombat,B8:27:EB:CA:A1:3C,-47, WPA ,0.000000,0.000000,0.000,0.000,AP
2026-04-10 13:20:56,1900-01-00 00:00:00,1008-wombat,B8:27:EB:CA:A1:3C,-47, WPA ,0.000000,0.000000,0.000,0.000,AP
2026-04-10 13:20:56,1900-01-00 00:00:00,1008-wombat,B8:27:EB:CA:A1:3C,-47, WPA ,0.000000,0.000000,0.000,0.000,AP
2026-04-10 13:20:56,1900-01-00 00:00:00,,C8:15:4E:20:C7:81,-49,,0.000000,0.000000,0.000,0.000,Client
2026-04-10 13:20:56,1900-01-00 00:00:00,1008-wombat,B8:27:EB:CA:A1:3C,-46, WPA ,0.000000,0.000000,0.000,0.000,AP
2026-04-10 13:20:56,1900-01-00 00:00:00,,C8:15:4E:20:C7:81,-49,,0.000000,0.000000,0.000,0.000,Client
2026-04-10 13:20:56,1900-01-00 00:00:00,,C8:15:4E:20:C7:81,-48,,0.000000,0.000000,0.000,0.000,Client
2026-04-10 13:20:56,1900-01-00 00:00:00,1008-wombat,B8:27:EB:CA:A1:3C,-47, WPA ,0.000000,0.000000,0.000,0.000,AP
2026-04-10 13:20:56,1900-01-00 00:00:00,,C8:15:4E:20:C7:81,-48,,0.000000,0.000000,0.000,0.000,Client
2026-04-10 13:20:56,1900-01-00 00:00:00,1008-wombat,B8:27:EB:CA:A1:3C,-47, WPA ,0.000000,0.000000,0.000,0.000,AP
2026-04-10 13:20:56,1900-01-00 00:00:00,1008-wombat,B8:27:EB:CA:A1:3C,-47, WPA ,0.000000,0.000000,0.000,0.000,AP
2026-04-10 13:20:56,1900-01-00 00:00:00,,C8:15:4E:20:C7:81,-48,,0.000000,0.000000,0.000,0.000,Client
2026-04-10 13:20:56,1900-01-00 00:00:00,,C8:15:4E:20:C7:81,-48,,0.000000,0.000000,0.000,0.000,Client
2026-04-10 13:20:56,1900-01-00 00:00:00,1008-wombat,B8:27:EB:CA:A1:3C,-47, WPA ,0.000000,0.000000,0.000,0.000,AP
2026-04-10 13:20:56,1900-01-00 00:00:00,,C8:15:4E:20:C7:81,-48,,0.000000,0.000000,0.000,0.000,Client
2026-04-10 13:20:56,1900-01-00 00:00:00,,C8:15:4E:20:C7:81,-48,,0.000000,0.000000,0.000,0.000,Client
2026-04-10 13:20:56,1900-01-00 00:00:00,1008-wombat,B8:27:EB:CA:A1:3C,-43, WPA ,0.000000,0.000000,0.000,0.000,AP
2026-04-10 13:20:56,1900-01-00 00:00:00,,C8:15:4E:20:C7:81,-48,,0.000000,0.000000,0.000,0.000,Client
2026-04-10 13:20:56,1900-01-00 00:00:00,1008-wombat,B8:27:EB:CA:A1:3C,-46, WPA ,0.000000,0.000000,0.000,0.000,AP
2026-04-10 13:20:56,1900-01-00 00:00:00,1008-wombat,B8:27:EB:CA:A1:3C,-47, WPA ,0.000000,0.000000,0.000,0.000,AP
2026-04-10 13:20:56,1900-01-00 00:00:00,1008-wombat,B8:27:EB:CA:A1:3C,-48, WPA ,0.000000,0.000000,0.000,0.000,AP
2026-04-10 13:20:56,1900-01-00 00:00:00,,C8:15:4E:20:C7:81,-49,,0.000000,0.000000,0.000,0.000,Client
2026-04-10 13:20:56,1900-01-00 00:00:00,,C8:15:4E:20:C7:81,-48,,0.000000,0.000000,0.000,0.000,Client
2026-04-10 13:20:56,1900-01-00 00:00:00,1008-wombat,B8:27:EB:CA:A1:3C,-48, WPA ,0.000000,0.000000,0.000,0.000,AP
2026-04-10 13:20:56,1900-01-00 00:00:00,1008-wombat,B8:27:EB:CA:A1:3C,-48, WPA ,0.000000,0.000000,0.000,0.000,AP
2026-04-10 13:20:56,1900-01-00 00:00:00,,C8:15:4E:20:C7:81,-49,,0.000000,0.000000,0.000,0.000,Client
2026-04-10 13:20:56,1900-01-00 00:00:00,,C8:15:4E:20:C7:81,-49,,0.000000,0.000000,0.000,0.000,Client
2026-04-10 13:20:56,1900-01-00 00:00:00,,C8:15:4E:20:C7:81,-48,,0.000000,0.000000,0.000,0.000,Client
2026-04-10 13:20:56,1900-01-00 00:00:00,,C8:15:4E:20:C7:81,-49,,0.000000,0.000000,0.000,0.000,Client
2026-04-10 13:20:56,1900-01-00 00:00:00,,C8:15:4E:20:C7:81,-49,,0.000000,0.000000,0.000,0.000,Client
2026-04-10 13:20:56,1900-01-00 00:00:00,,C8:15:4E:20:C7:81,-49,,0.000000,0.000000,0.000,0.000,Client
2026-04-10 13:20:56,1900-01-00 00:00:00,,C8:15:4E:20:C7:81,-48,,0.000000,0.000000,0.000,0.000,Client
2026-04-10 13:20:56,1900-01-00 00:00:00,1008-wombat,B8:27:EB:CA:A1:3C,-48, WPA ,0.000000,0.000000,0.000,0.000,AP
2026-04-10 13:20:56,1900-01-00 00:00:00,,C8:15:4E:20:C7:81,-49,,0.000000,0.000000,0.000,0.000,Client
2026-04-10 13:20:56,1900-01-00 00:00:00,1008-wombat,B8:27:EB:CA:A1:3C,-49, WPA ,0.000000,0.000000,0.000,0.000,AP
2026-04-10 13:20:56,1900-01-00 00:00:00,1008-wombat,B8:27:EB:CA:A1:3C,-48, WPA ,0.000000,0.000000,0.000,0.000,AP
2026-04-10 13:20:56,1900-01-00 00:00:00,1008-wombat,B8:27:EB:CA:A1:3C,-48, WPA ,0.000000,0.000000,0.000,0.000,AP
2026-04-10 13:20:56,1900-01-00 00:00:00,,C8:15:4E:20:C7:81,-48,,0.000000,0.000000,0.000,0.000,Client
2026-04-10 13:20:56,1900-01-00 00:00:00,,C8:15:4E:20:C7:81,-49,,0.000000,0.000000,0.000,0.000,Client
2026-04-10 13:20:56,1900-01-00 00:00:00,1008-wombat,B8:27:EB:CA:A1:3C,-44, WPA ,0.000000,0.000000,0.000,0.000,AP
2026-04-10 13:20:56,1900-01-00 00:00:00,1008-wombat,B8:27:EB:CA:A1:3C,-46, WPA ,0.000000,0.000000,0.000,0.000,AP
2026-04-10 13:20:56,1900-01-00 00:00:00,,C8:15:4E:20:C7:81,-49,,0.000000,0.000000,0.000,0.000,Client
2026-04-10 13:20:56,1900-01-00 00:00:00,1008-wombat,B8:27:EB:CA:A1:3C,-46, WPA ,0.000000,0.000000,0.000,0.000,AP
2026-04-10 13:20:56,1900-01-00 00:00:00,1008-wombat,B8:27:EB:CA:A1:3C,-47, WPA ,0.000000,0.000000,0.000,0.000,AP
2026-04-10 13:20:56,1900-01-00 00:00:00,1008-wombat,B8:27:EB:CA:A1:3C,-48, WPA ,0.000000,0.000000,0.000,0.000,AP
2026-04-10 13:20:56,1900-01-00 00:00:00,1008-wombat,B8:27:EB:CA:A1:3C,-49, WPA ,0.000000,0.000000,0.000,0.000,AP
2026-04-10 13:20:56,1900-01-00 00:00:00,1008-wombat,B8:27:EB:CA:A1:3C,-46, WPA ,0.000000,0.000000,0.000,0.000,AP
2026-04-10 13:20:56,1900-01-00 00:00:00,,C8:15:4E:20:C7:81,-49,,0.000000,0.000000,0.000,0.000,Client
2026-04-10 13:20:56,1900-01-00 00:00:00,,C8:15:4E:20:C7:81,-49,,0.000000,0.000000,0.000,0.000,Client
2026-04-10 13:20:56,1900-01-00 00:00:00,1008-wombat,B8:27:EB:CA:A1:3C,-43, WPA ,0.000000,0.000000,0.000,0.000,AP
2026-04-10 13:20:56,1900-01-00 00:00:00,,C8:15:4E:20:C7:81,-49,,0.000000,0.000000,0.000,0.000,Client
2026-04-10 13:20:56,1900-01-00 00:00:00,,C8:15:4E:20:C7:81,-49,,0.000000,0.000000,0.000,0.000,Client
2026-04-10 13:20:56,1900-01-00 00:00:00,1008-wombat,B8:27:EB:CA:A1:3C,-47, WPA ,0.000000,0.000000,0.000,0.000,AP
2026-04-10 13:20:56,1900-01-00 00:00:00,1008-wombat,B8:27:EB:CA:A1:3C,-48, WPA ,0.000000,0.000000,0.000,0.000,AP
2026-04-10 13:20:56,1900-01-00 00:00:00,1008-wombat,B8:27:EB:CA:A1:3C,-49, WPA ,0.000000,0.000000,0.000,0.000,AP
2026-04-10 13:20:56,1900-01-00 00:00:00,,C8:15:4E:20:C7:81,-49,,0.000000,0.000000,0.000,0.000,Client
2026-04-10 13:20:56,1900-01-00 00:00:00,,C8:15:4E:20:C7:81,-48,,0.000000,0.000000,0.000,0.000,Client
2026-04-10 13:20:56,1900-01-00 00:00:00,,C8:15:4E:20:C7:81,-49,,0.000000,0.000000,0.000,0.000,Client
2026-04-10 13:20:56,1900-01-00 00:00:00,,C8:15:4E:20:C7:81,-49,,0.000000,0.000000,0.000,0.000,Client
2026-04-10 13:20:56,1900-01-00 00:00:00,,C8:15:4E:20:C7:81,-50,,0.000000,0.000000,0.000,0.000,Client
2026-04-10 13:20:56,1900-01-00 00:00:00,,C8:15:4E:20:C7:81,-50,,0.000000,0.000000,0.000,0.000,Client
2026-04-10 13:20:56,1900-01-00 00:00:00,1008-wombat,B8:27:EB:CA:A1:3C,-48, WPA ,0.000000,0.000000,0.000,0.000,AP
2026-04-10 13:20:56,1900-01-00 00:00:00,1008-wombat,B8:27:EB:CA:A1:3C,-49, WPA ,0.000000,0.000000,0.000,0.000,AP
2026-04-10 13:20:56,1900-01-00 00:00:00,1008-wombat,B8:27:EB:CA:A1:3C,-48, WPA ,0.000000,0.000000,0.000,0.000,AP
2026-04-10 13:20:56,1900-01-00 00:00:00,1008-wombat,B8:27:EB:CA:A1:3C,-48, WPA ,0.000000,0.000000,0.000,0.000,AP
2026-04-10 13:20:56,1900-01-00 00:00:00,1008-wombat,B8:27:EB:CA:A1:3C,-48, WPA ,0.000000,0.000000,0.000,0.000,AP
2026-04-10 13:20:56,1900-01-00 00:00:00,1008-wombat,B8:27:EB:CA:A1:3C,-47, WPA ,0.000000,0.000000,0.000,0.000,AP
2026-04-10 13:20:56,1900-01-00 00:00:00,,C8:15:4E:20:C7:81,-50,,0.000000,0.000000,0.000,0.000,Client
2026-04-10 13:20:56,1900-01-00 00:00:00,,C8:15:4E:20:C7:81,-50,,0.000000,0.000000,0.000,0.000,Client
2026-04-10 13:20:56,1900-01-00 00:00:00,,C8:15:4E:20:C7:81,-50,,0.000000,0.000000,0.000,0.000,Client
2026-04-10 13:20:56,1900-01-00 00:00:00,,C8:15:4E:20:C7:81,-50,,0.000000,0.000000,0.000,0.000,Client
2026-04-10 13:20:56,1900-01-00 00:00:00,1008-wombat,B8:27:EB:CA:A1:3C,-48, WPA ,0.000000,0.000000,0.000,0.000,AP
2026-04-10 13:20:56,1900-01-00 00:00:00,1008-wombat,B8:27:EB:CA:A1:3C,-48, WPA ,0.000000,0.000000,0.000,0.000,AP
2026-04-10 13:20:56,1900-01-00 00:00:00,1008-wombat,B8:27:EB:CA:A1:3C,-48, WPA ,0.000000,0.000000,0.000,0.000,AP
2026-04-10 13:20:56,1900-01-00 00:00:00,1008-wombat,B8:27:EB:CA:A1:3C,-47, WPA ,0.000000,0.000000,0.000,0.000,AP
2026-04-10 13:20:56,1900-01-00 00:00:00,,C8:15:4E:20:C7:81,-48,,0.000000,0.000000,0.000,0.000,Client
2026-04-10 13:20:56,1900-01-00 00:00:00,,C8:15:4E:20:C7:81,-49,,0.000000,0.000000,0.000,0.000,Client
2026-04-10 13:20:56,1900-01-00 00:00:00,,C8:15:4E:20:C7:81,-50,,0.000000,0.000000,0.000,0.000,Client
2026-04-10 13:20:56,1900-01-00 00:00:00,,C8:15:4E:20:C7:81,-50,,0.000000,0.000000,0.000,0.000,Client
2026-04-10 13:20:56,1900-01-00 00:00:00,1008-wombat,B8:27:EB:CA:A1:3C,-49, WPA ,0.000000,0.000000,0.000,0.000,AP
2026-04-10 13:20:56,1900-01-00 00:00:00,1008-wombat,B8:27:EB:CA:A1:3C,-47, WPA ,0.000000,0.000000,0.000,0.000,AP
2026-04-10 13:20:56,1900-01-00 00:00:00,1008-wombat,B8:27:EB:CA:A1:3C,-48, WPA ,0.000000,0.000000,0.000,0.000,AP
2026-04-10 13:20:57,1900-01-00 00:00:00,1008-wombat,B8:27:EB:CA:A1:3C,-47, WPA ,0.000000,0.000000,0.000,0.000,AP
2026-04-10 13:20:57,1900-01-00 00:00:00,1008-wombat,B8:27:EB:CA:A1:3C,-45, WPA ,0.000000,0.000000,0.000,0.000,AP
2026-04-10 13:20:57,1900-01-00 00:00:00,1008-wombat,B8:27:EB:CA:A1:3C,-45, WPA ,0.000000,0.000000,0.000,0.000,AP
2026-04-10 13:20:57,1900-01-00 00:00:00,1008-wombat,B8:27:EB:CA:A1:3C,-45, WPA ,0.000000,0.000000,0.000,0.000,AP
2026-04-10 13:20:57,1900-01-00 00:00:00,,C8:15:4E:20:C7:81,-50,,0.000000,0.000000,0.000,0.000,Client
2026-04-10 13:20:57,1900-01-00 00:00:00,,C8:15:4E:20:C7:81,-50,,0.000000,0.000000,0.000,0.000,Client
2026-04-10 13:20:57,1900-01-00 00:00:00,1008-wombat,B8:27:EB:CA:A1:3C,-45, WPA ,0.000000,0.000000,0.000,0.000,AP
2026-04-10 13:20:57,1900-01-00 00:00:00,,C8:15:4E:20:C7:81,-49,,0.000000,0.000000,0.000,0.000,Client
2026-04-10 13:20:57,1900-01-00 00:00:00,1008-wombat,B8:27:EB:CA:A1:3C,-46, WPA ,0.000000,0.000000,0.000,0.000,AP
2026-04-10 13:20:57,1900-01-00 00:00:00,,C8:15:4E:20:C7:81,-49,,0.000000,0.000000,0.000,0.000,Client
2026-04-10 13:20:57,1900-01-00 00:00:00,,C8:15:4E:20:C7:81,-49,,0.000000,0.000000,0.000,0.000,Client
2026-04-10 13:20:57,1900-01-00 00:00:00,1008-wombat,B8:27:EB:CA:A1:3C,-45, WPA ,0.000000,0.000000,0.000,0.000,AP
2026-04-10 13:20:57,1900-01-00 00:00:00,,C8:15:4E:20:C7:81,-50,,0.000000,0.000000,0.000,0.000,Client
2026-04-10 13:20:57,1900-01-00 00:00:00,1008-wombat,B8:27:EB:CA:A1:3C,-43, WPA ,0.000000,0.000000,0.000,0.000,AP
2026-04-10 13:20:57,1900-01-00 00:00:00,1008-wombat,B8:27:EB:CA:A1:3C,-46, WPA ,0.000000,0.000000,0.000,0.000,AP
2026-04-10 13:20:57,1900-01-00 00:00:00,1008-wombat,B8:27:EB:CA:A1:3C,-45, WPA ,0.000000,0.000000,0.000,0.000,AP
2026-04-10 13:20:57,1900-01-00 00:00:00,1008-wombat,B8:27:EB:CA:A1:3C,-47, WPA ,0.000000,0.000000,0.000,0.000,AP
2026-04-10 13:20:57,1900-01-00 00:00:00,,C8:15:4E:20:C7:81,-50,,0.000000,0.000000,0.000,0.000,Client
2026-04-10 13:20:57,1900-01-00 00:00:00,,C8:15:4E:20:C7:81,-49,,0.000000,0.000000,0.000,0.000,Client
2026-04-10 13:20:57,1900-01-00 00:00:00,1008-wombat,B8:27:EB:CA:A1:3C,-47, WPA ,0.000000,0.000000,0.000,0.000,AP
2026-04-10 13:20:57,1900-01-00 00:00:00,1008-wombat,B8:27:EB:CA:A1:3C,-47, WPA ,0.000000,0.000000,0.000,0.000,AP
2026-04-10 13:20:57,1900-01-00 00:00:00,1008-wombat,B8:27:EB:CA:A1:3C,-44, WPA ,0.000000,0.000000,0.000,0.000,AP
2026-04-10 13:20:57,1900-01-00 00:00:00,1008-wombat,B8:27:EB:CA:A1:3C,-45, WPA ,0.000000,0.000000,0.000,0.000,AP
2026-04-10 13:20:57,1900-01-00 00:00:00,,C8:15:4E:20:C7:81,-50,,0.000000,0.000000,0.000,0.000,Client
2026-04-10 13:20:57,1900-01-00 00:00:00,1008-wombat,B8:27:EB:CA:A1:3C,-45, WPA ,0.000000,0.000000,0.000,0.000,AP
2026-04-10 13:20:57,1900-01-00 00:00:00,,C8:15:4E:20:C7:81,-49,,0.000000,0.000000,0.000,0.000,Client
2026-04-10 13:20:57,1900-01-00 00:00:00,,C8:15:4E:20:C7:81,-49,,0.000000,0.000000,0.000,0.000,Client
2026-04-10 13:20:57,1900-01-00 00:00:00,1008-wombat,B8:27:EB:CA:A1:3C,-48, WPA ,0.000000,0.000000,0.000,0.000,AP
2026-04-10 13:20:57,1900-01-00 00:00:00,1008-wombat,B8:27:EB:CA:A1:3C,-47, WPA ,0.000000,0.000000,0.000,0.000,AP
2026-04-10 13:20:57,1900-01-00 00:00:00,,C8:15:4E:20:C7:81,-50,,0.000000,0.000000,0.000,0.000,Client
2026-04-10 13:20:57,1900-01-00 00:00:00,,C8:15:4E:20:C7:81,-50,,0.000000,0.000000,0.000,0.000,Client
2026-04-10 13:20:57,1900-01-00 00:00:00,,C8:15:4E:20:C7:81,-50,,0.000000,0.000000,0.000,0.000,Client
2026-04-10 13:20:57,1900-01-00 00:00:00,,C8:15:4E:20:C7:81,-49,,0.000000,0.000000,0.000,0.000,Client
2026-04-10 13:20:57,1900-01-00 00:00:00,1008-wombat,B8:27:EB:CA:A1:3C,-48, WPA ,0.000000,0.000000,0.000,0.000,AP
2026-04-10 13:20:57,1900-01-00 00:00:00,1008-wombat,B8:27:EB:CA:A1:3C,-48, WPA ,0.000000,0.000000,0.000,0.000,AP
2026-04-10 13:20:57,1900-01-00 00:00:00,1008-wombat,B8:27:EB:CA:A1:3C,-47, WPA ,0.000000,0.000000,0.000,0.000,AP
2026-04-10 13:20:57,1900-01-00 00:00:00,1008-wombat,B8:27:EB:CA:A1:3C,-47, WPA ,0.000000,0.000000,0.000,0.000,AP
2026-04-10 13:20:57,1900-01-00 00:00:00,1008-wombat,B8:27:EB:CA:A1:3C,-46, WPA ,0.000000,0.000000,0.000,0.000,AP
2026-04-10 13:20:57,1900-01-00 00:00:00,1008-wombat,B8:27:EB:CA:A1:3C,-47, WPA ,0.000000,0.000000,0.000,0.000,AP
2026-04-10 13:20:57,1900-01-00 00:00:00,,C8:15:4E:20:C7:81,-49,,0.000000,0.000000,0.000,0.000,Client
2026-04-10 13:20:57,1900-01-00 00:00:00,1008-wombat,B8:27:EB:CA:A1:3C,-47, WPA ,0.000000,0.000000,0.000,0.000,AP
2026-04-10 13:20:57,1900-01-00 00:00:00,,C8:15:4E:20:C7:81,-50,,0.000000,0.000000,0.000,0.000,Client
2026-04-10 13:20:57,1900-01-00 00:00:00,,C8:15:4E:20:C7:81,-50,,0.000000,0.000000,0.000,0.000,Client
2026-04-10 13:20:57,1900-01-00 00:00:00,,C8:15:4E:20:C7:81,-50,,0.000000,0.000000,0.000,0.000,Client
2026-04-10 13:20:57,1900-01-00 00:00:00,1008-wombat,B8:27:EB:CA:A1:3C,-48, WPA ,0.000000,0.000000,0.000,0.000,AP
2026-04-10 13:20:57,1900-01-00 00:00:00,1008-wombat,B8:27:EB:CA:A1:3C,-47, WPA ,0.000000,0.000000,0.000,0.000,AP
2026-04-10 13:20:57,1900-01-00 00:00:00,1008-wombat,B8:27:EB:CA:A1:3C,-47, WPA ,0.000000,0.000000,0.000,0.000,AP
2026-04-10 13:20:57,1900-01-00 00:00:00,1008-wombat,B8:27:EB:CA:A1:3C,-48, WPA ,0.000000,0.000000,0.000,0.000,AP
2026-04-10 13:20:57,1900-01-00 00:00:00,1008-wombat,B8:27:EB:CA:A1:3C,-47, WPA ,0.000000,0.000000,0.000,0.000,AP
2026-04-10 13:20:57,1900-01-00 00:00:00,1008-wombat,B8:27:EB:CA:A1:3C,-47, WPA ,0.000000,0.000000,0.000,0.000,AP
2026-04-10 13:20:57,1900-01-00 00:00:00,1008-wombat,B8:27:EB:CA:A1:3C,-47, WPA ,0.000000,0.000000,0.000,0.000,AP
2026-04-10 13:20:57,1900-01-00 00:00:00,1008-wombat,B8:27:EB:CA:A1:3C,-47, WPA ,0.000000,0.000000,0.000,0.000,AP
2026-04-10 13:20:57,1900-01-00 00:00:00,1008-wombat,B8:27:EB:CA:A1:3C,-47, WPA ,0.000000,0.000000,0.000,0.000,AP
2026-04-10 13:20:57,1900-01-00 00:00:00,1008-wombat,B8:27:EB:CA:A1:3C,-47, WPA ,0.000000,0.000000,0.000,0.000,AP
2026-04-10 13:20:57,1900-01-00 00:00:00,1008-wombat,B8:27:EB:CA:A1:3C,-45, WPA ,0.000000,0.000000,0.000,0.000,AP
2026-04-10 13:20:57,1900-01-00 00:00:00,1008-wombat,B8:27:EB:CA:A1:3C,-47, WPA ,0.000000,0.000000,0.000,0.000,AP
2026-04-10 13:20:57,1900-01-00 00:00:00,1008-wombat,B8:27:EB:CA:A1:3C,-47, WPA ,0.000000,0.000000,0.000,0.000,AP
2026-04-10 13:20:57,1900-01-00 00:00:00,1008-wombat,B8:27:EB:CA:A1:3C,-47, WPA ,0.000000,0.000000,0.000,0.000,AP
2026-04-10 13:20:57,1900-01-00 00:00:00,1008-wombat,B8:27:EB:CA:A1:3C,-48, WPA ,0.000000,0.000000,0.000,0.000,AP
2026-04-10 13:20:57,1900-01-00 00:00:00,1008-wombat,B8:27:EB:CA:A1:3C,-48, WPA ,0.000000,0.000000,0.000,0.000,AP
2026-04-10 13:20:57,1900-01-00 00:00:00,,C8:15:4E:20:C7:81,-50,,0.000000,0.000000,0.000,0.000,Client
2026-04-10 13:20:57,1900-01-00 00:00:00,1008-wombat,B8:27:EB:CA:A1:3C,-47, WPA ,0.000000,0.000000,0.000,0.000,AP
2026-04-10 13:20:57,1900-01-00 00:00:00,1008-wombat,B8:27:EB:CA:A1:3C,-47, WPA ,0.000000,0.000000,0.000,0.000,AP
2026-04-10 13:20:57,1900-01-00 00:00:00,1008-wombat,B8:27:EB:CA:A1:3C,-48, WPA ,0.000000,0.000000,0.000,0.000,AP
2026-04-10 13:20:57,1900-01-00 00:00:00,1008-wombat,B8:27:EB:CA:A1:3C,-47, WPA ,0.000000,0.000000,0.000,0.000,AP
2026-04-10 13:20:57,1900-01-00 00:00:00,1008-wombat,B8:27:EB:CA:A1:3C,-47, WPA ,0.000000,0.000000,0.000,0.000,AP
2026-04-10 13:20:57,1900-01-00 00:00:00,1008-wombat,B8:27:EB:CA:A1:3C,-47, WPA ,0.000000,0.000000,0.000,0.000,AP
2026-04-10 13:20:57,1900-01-00 00:00:00,1008-wombat,B8:27:EB:CA:A1:3C,-47, WPA ,0.000000,0.000000,0.000,0.000,AP
2026-04-10 13:20:57,1900-01-00 00:00:00,,C8:15:4E:20:C7:81,-50,,0.000000,0.000000,0.000,0.000,Client
2026-04-10 13:20:57,1900-01-00 00:00:00,,C8:15:4E:20:C7:81,-50,,0.000000,0.000000,0.000,0.000,Client
2026-04-10 13:20:57,1900-01-00 00:00:00,,C8:15:4E:20:C7:81,-50,,0.000000,0.000000,0.000,0.000,Client
2026-04-10 13:20:57,1900-01-00 00:00:00,1008-wombat,B8:27:EB:CA:A1:3C,-48, WPA ,0.000000,0.000000,0.000,0.000,AP
2026-04-10 13:20:57,1900-01-00 00:00:00,1008-wombat,B8:27:EB:CA:A1:3C,-47, WPA ,0.000000,0.000000,0.000,0.000,AP
2026-04-10 13:20:57,1900-01-00 00:00:00,1008-wombat,B8:27:EB:CA:A1:3C,-47, WPA ,0.000000,0.000000,0.000,0.000,AP
2026-04-10 13:20:57,1900-01-00 00:00:00,,C8:15:4E:20:C7:81,-49,,0.000000,0.000000,0.000,0.000,Client
2026-04-10 13:20:57,1900-01-00 00:00:00,,C8:15:4E:20:C7:81,-50,,0.000000,0.000000,0.000,0.000,Client
2026-04-10 13:20:57,1900-01-00 00:00:00,,C8:15:4E:20:C7:81,-49,,0.000000,0.000000,0.000,0.000,Client
2026-04-10 13:20:57,1900-01-00 00:00:00,1008-wombat,B8:27:EB:CA:A1:3C,-48, WPA ,0.000000,0.000000,0.000,0.000,AP
2026-04-10 13:20:57,1900-01-00 00:00:00,1008-wombat,B8:27:EB:CA:A1:3C,-47, WPA ,0.000000,0.000000,0.000,0.000,AP
2026-04-10 13:20:57,1900-01-00 00:00:00,1008-wombat,B8:27:EB:CA:A1:3C,-47, WPA ,0.000000,0.000000,0.000,0.000,AP
2026-04-10 13:20:57,1900-01-00 00:00:00,1008-wombat,B8:27:EB:CA:A1:3C,-47, WPA ,0.000000,0.000000,0.000,0.000,AP
2026-04-10 13:20:57,1900-01-00 00:00:00,,C8:15:4E:20:C7:81,-50,,0.000000,0.000000,0.000,0.000,Client
2026-04-10 13:20:57,1900-01-00 00:00:00,1008-wombat,B8:27:EB:CA:A1:3C,-47, WPA ,0.000000,0.000000,0.000,0.000,AP
2026-04-10 13:20:57,1900-01-00 00:00:00,,C8:15:4E:20:C7:81,-50,,0.000000,0.000000,0.000,0.000,Client
2026-04-10 13:20:57,1900-01-00 00:00:00,1008-wombat,B8:27:EB:CA:A1:3C,-48, WPA ,0.000000,0.000000,0.000,0.000,AP
2026-04-10 13:20:57,1900-01-00 00:00:00,1008-wombat,B8:27:EB:CA:A1:3C,-47, WPA ,0.000000,0.000000,0.000,0.000,AP
2026-04-10 13:20:57,1900-01-00 00:00:00,1008-wombat,B8:27:EB:CA:A1:3C,-47, WPA ,0.000000,0.000000,0.000,0.000,AP
2026-04-10 13:20:57,1900-01-00 00:00:00,,C8:15:4E:20:C7:81,-49,,0.000000,0.000000,0.000,0.000,Client
2026-04-10 13:20:57,1900-01-00 00:00:00,,C8:15:4E:20:C7:81,-49,,0.000000,0.000000,0.000,0.000,Client
2026-04-10 13:20:57,1900-01-00 00:00:00,1008-wombat,B8:27:EB:CA:A1:3C,-48, WPA ,0.000000,0.000000,0.000,0.000,AP
2026-04-10 13:20:57,1900-01-00 00:00:00,,C8:15:4E:20:C7:81,-49,,0.000000,0.000000,0.000,0.000,Client
2026-04-10 13:20:57,1900-01-00 00:00:00,1008-wombat,B8:27:EB:CA:A1:3C,-44, WPA ,0.000000,0.000000,0.000,0.000,AP
2026-04-10 13:20:57,1900-01-00 00:00:00,,C8:15:4E:20:C7:81,-49,,0.000000,0.000000,0.000,0.000,Client
2026-04-10 13:20:57,1900-01-00 00:00:00,,C8:15:4E:20:C7:81,-50,,0.000000,0.000000,0.000,0.000,Client
2026-04-10 13:20:57,1900-01-00 00:00:00,1008-wombat,B8:27:EB:CA:A1:3C,-45, WPA ,0.000000,0.000000,0.000,0.000,AP
2026-04-10 13:20:57,1900-01-00 00:00:00,,C8:15:4E:20:C7:81,-49,,0.000000,0.000000,0.000,0.000,Client
2026-04-10 13:20:57,1900-01-00 00:00:00,1008-wombat,B8:27:EB:CA:A1:3C,-42, WPA ,0.000000,0.000000,0.000,0.000,AP
2026-04-10 13:20:57,1900-01-00 00:00:00,1008-wombat,B8:27:EB:CA:A1:3C,-45, WPA ,0.000000,0.000000,0.000,0.000,AP
2026-04-10 13:20:57,1900-01-00 00:00:00,,C8:15:4E:20:C7:81,-49,,0.000000,0.000000,0.000,0.000,Client
2026-04-10 13:20:57,1900-01-00 00:00:00,1008-wombat,B8:27:EB:CA:A1:3C,-42, WPA ,0.000000,0.000000,0.000,0.000,AP
2026-04-10 13:20:57,1900-01-00 00:00:00,1008-wombat,B8:27:EB:CA:A1:3C,-47, WPA ,0.000000,0.000000,0.000,0.000,AP
2026-04-10 13:20:57,1900-01-00 00:00:00,1008-wombat,B8:27:EB:CA:A1:3C,-43, WPA ,0.000000,0.000000,0.000,0.000,AP
2026-04-10 13:20:57,1900-01-00 00:00:00,,C8:15:4E:20:C7:81,-50,,0.000000,0.000000,0.000,0.000,Client
2026-04-10 13:20:57,1900-01-00 00:00:00,1008-wombat,B8:27:EB:CA:A1:3C,-47, WPA ,0.000000,0.000000,0.000,0.000,AP
2026-04-10 13:20:57,1900-01-00 00:00:00,,C8:15:4E:20:C7:81,-50,,0.000000,0.000000,0.000,0.000,Client
2026-04-10 13:20:57,1900-01-00 00:00:00,1008-wombat,B8:27:EB:CA:A1:3C,-47, WPA ,0.000000,0.000000,0.000,0.000,AP
2026-04-10 13:20:57,1900-01-00 00:00:00,1008-wombat,B8:27:EB:CA:A1:3C,-44, WPA ,0.000000,0.000000,0.000,0.000,AP
2026-04-10 13:20:57,1900-01-00 00:00:00,1008-wombat,B8:27:EB:CA:A1:3C,-44, WPA ,0.000000,0.000000,0.000,0.000,AP
2026-04-10 13:20:58,1900-01-00 00:00:00,1008-wombat,B8:27:EB:CA:A1:3C,-45, WPA ,0.000000,0.000000,0.000,0.000,AP
2026-04-10 13:20:58,1900-01-00 00:00:00,1008-wombat,B8:27:EB:CA:A1:3C,-44, WPA ,0.000000,0.000000,0.000,0.000,AP
2026-04-10 13:20:58,1900-01-00 00:00:00,1008-wombat,B8:27:EB:CA:A1:3C,-45, WPA ,0.000000,0.000000,0.000,0.000,AP
2026-04-10 13:20:58,1900-01-00 00:00:00,1008-wombat,B8:27:EB:CA:A1:3C,-45, WPA ,0.000000,0.000000,0.000,0.000,AP
2026-04-10 13:20:58,1900-01-00 00:00:00,,C8:34:8E:2C:B6:E4,-48,,0.000000,0.000000,0.000,0.000,Client
2026-04-10 13:20:58,1900-01-00 00:00:00,1008-wombat,B8:27:EB:CA:A1:3C,-45, WPA ,0.000000,0.000000,0.000,0.000,AP
2026-04-10 13:20:58,1900-01-00 00:00:00,,C8:34:8E:2C:B6:E4,-48,,0.000000,0.000000,0.000,0.000,Client
2026-04-10 13:20:58,1900-01-00 00:00:00,1008-wombat,B8:27:EB:CA:A1:3C,-45, WPA ,0.000000,0.000000,0.000,0.000,AP
2026-04-10 13:20:58,1900-01-00 00:00:00,1008-wombat,B8:27:EB:CA:A1:3C,-45, WPA ,0.000000,0.000000,0.000,0.000,AP
2026-04-10 13:20:58,1900-01-00 00:00:00,,C8:34:8E:2C:B6:E4,-48,,0.000000,0.000000,0.000,0.000,Client
2026-04-10 13:20:58,1900-01-00 00:00:00,1008-wombat,B8:27:EB:CA:A1:3C,-46, WPA ,0.000000,0.000000,0.000,0.000,AP
2026-04-10 13:20:58,1900-01-00 00:00:00,,C8:34:8E:2C:B6:E4,-47,,0.000000,0.000000,0.000,0.000,Client
2026-04-10 13:20:58,1900-01-00 00:00:00,1008-wombat,B8:27:EB:CA:A1:3C,-46, WPA ,0.000000,0.000000,0.000,0.000,AP
2026-04-10 13:20:58,1900-01-00 00:00:00,1008-wombat,B8:27:EB:CA:A1:3C,-45, WPA ,0.000000,0.000000,0.000,0.000,AP
2026-04-10 13:20:58,1900-01-00 00:00:00,1008-wombat,B8:27:EB:CA:A1:3C,-46, WPA ,0.000000,0.000000,0.000,0.000,AP
2026-04-10 13:20:58,1900-01-00 00:00:00,,C8:34:8E:2C:B6:E4,-48,,0.000000,0.000000,0.000,0.000,Client
2026-04-10 13:20:58,1900-01-00 00:00:00,,C8:34:8E:2C:B6:E4,-47,,0.000000,0.000000,0.000,0.000,Client
2026-04-10 13:20:58,1900-01-00 00:00:00,1008-wombat,B8:27:EB:CA:A1:3C,-45, WPA ,0.000000,0.000000,0.000,0.000,AP
2026-04-10 13:20:58,1900-01-00 00:00:00,,C8:34:8E:2C:B6:E4,-47,,0.000000,0.000000,0.000,0.000,Client
2026-04-10 13:20:58,1900-01-00 00:00:00,,C8:34:8E:2C:B6:E4,-47,,0.000000,0.000000,0.000,0.000,Client
2026-04-10 13:20:58,1900-01-00 00:00:00,1008-wombat,B8:27:EB:CA:A1:3C,-46, WPA ,0.000000,0.000000,0.000,0.000,AP
2026-04-10 13:20:58,1900-01-00 00:00:00,,C8:34:8E:2C:B6:E4,-48,,0.000000,0.000000,0.000,0.000,Client
2026-04-10 13:20:58,1900-01-00 00:00:00,,C8:34:8E:2C:B6:E4,-48,,0.000000,0.000000,0.000,0.000,Client
2026-04-10 13:20:58,1900-01-00 00:00:00,1008-wombat,B8:27:EB:CA:A1:3C,-47, WPA ,0.000000,0.000000,0.000,0.000,AP
2026-04-10 13:20:58,1900-01-00 00:00:00,,C8:34:8E:2C:B6:E4,-49,,0.000000,0.000000,0.000,0.000,Client
2026-04-10 13:20:58,1900-01-00 00:00:00,1008-wombat,B8:27:EB:CA:A1:3C,-47, WPA ,0.000000,0.000000,0.000,0.000,AP
2026-04-10 13:20:58,1900-01-00 00:00:00,,C8:34:8E:2C:B6:E4,-49,,0.000000,0.000000,0.000,0.000,Client
2026-04-10 13:20:58,1900-01-00 00:00:00,1008-wombat,B8:27:EB:CA:A1:3C,-45, WPA ,0.000000,0.000000,0.000,0.000,AP
2026-04-10 13:20:58,1900-01-00 00:00:00,,C8:34:8E:2C:B6:E4,-48,,0.000000,0.000000,0.000,0.000,Client
2026-04-10 13:20:58,1900-01-00 00:00:00,1008-wombat,B8:27:EB:CA:A1:3C,-44, WPA ,0.000000,0.000000,0.000,0.000,AP
2026-04-10 13:20:58,1900-01-00 00:00:00,1008-wombat,B8:27:EB:CA:A1:3C,-49, WPA ,0.000000,0.000000,0.000,0.000,AP
2026-04-10 13:20:58,1900-01-00 00:00:00,,C8:34:8E:2C:B6:E4,-49,,0.000000,0.000000,0.000,0.000,Client
2026-04-10 13:20:58,1900-01-00 00:00:00,1008-wombat,B8:27:EB:CA:A1:3C,-48, WPA ,0.000000,0.000000,0.000,0.000,AP
2026-04-10 13:20:58,1900-01-00 00:00:00,1008-wombat,B8:27:EB:CA:A1:3C,-48, WPA ,0.000000,0.000000,0.000,0.000,AP
2026-04-10 13:20:58,1900-01-00 00:00:00,1008-wombat,B8:27:EB:CA:A1:3C,-48, WPA ,0.000000,0.000000,0.000,0.000,AP
2026-04-10 13:20:58,1900-01-00 00:00:00,,C8:34:8E:2C:B6:E4,-49,,0.000000,0.000000,0.000,0.000,Client
2026-04-10 13:20:58,1900-01-00 00:00:00,1008-wombat,B8:27:EB:CA:A1:3C,-46, WPA ,0.000000,0.000000,0.000,0.000,AP
2026-04-10 13:20:58,1900-01-00 00:00:00,,C8:34:8E:2C:B6:E4,-49,,0.000000,0.000000,0.000,0.000,Client
2026-04-10 13:20:58,1900-01-00 00:00:00,,C8:15:4E:20:C7:81,-49,,0.000000,0.000000,0.000,0.000,Client
2026-04-10 13:20:58,1900-01-00 00:00:00,1008-wombat,B8:27:EB:CA:A1:3C,-48, WPA ,0.000000,0.000000,0.000,0.000,AP
2026-04-10 13:20:58,1900-01-00 00:00:00,,C8:34:8E:2C:B6:E4,-49,,0.000000,0.000000,0.000,0.000,Client
2026-04-10 13:20:58,1900-01-00 00:00:00,,C8:34:8E:2C:B6:E4,-48,,0.000000,0.000000,0.000,0.000,Client
2026-04-10 13:20:58,1900-01-00 00:00:00,1008-wombat,B8:27:EB:CA:A1:3C,-45, WPA ,0.000000,0.000000,0.000,0.000,AP
2026-04-10 13:20:58,1900-01-00 00:00:00,1008-wombat,B8:27:EB:CA:A1:3C,-47, WPA ,0.000000,0.000000,0.000,0.000,AP
2026-04-10 13:20:58,1900-01-00 00:00:00,1008-wombat,B8:27:EB:CA:A1:3C,-48, WPA ,0.000000,0.000000,0.000,0.000,AP
2026-04-10 13:20:58,1900-01-00 00:00:00,1008-wombat,B8:27:EB:CA:A1:3C,-46, WPA ,0.000000,0.000000,0.000,0.000,AP
2026-04-10 13:20:58,1900-01-00 00:00:00,,C8:34:8E:2C:B6:E4,-49,,0.000000,0.000000,0.000,0.000,Client
2026-04-10 13:20:58,1900-01-00 00:00:00,,C8:34:8E:2C:B6:E4,-49,,0.000000,0.000000,0.000,0.000,Client
2026-04-10 13:20:58,1900-01-00 00:00:00,,C8:34:8E:2C:B6:E4,-49,,0.000000,0.000000,0.000,0.000,Client
2026-04-10 13:20:58,1900-01-00 00:00:00,1008-wombat,B8:27:EB:CA:A1:3C,-44, WPA ,0.000000,0.000000,0.000,0.000,AP
2026-04-10 13:20:58,1900-01-00 00:00:00,1008-wombat,B8:27:EB:CA:A1:3C,-48, WPA ,0.000000,0.000000,0.000,0.000,AP
2026-04-10 13:20:58,1900-01-00 00:00:00,1008-wombat,B8:27:EB:CA:A1:3C,-48, WPA ,0.000000,0.000000,0.000,0.000,AP
2026-04-10 13:20:58,1900-01-00 00:00:00,,C8:34:8E:2C:B6:E4,-49,,0.000000,0.000000,0.000,0.000,Client
2026-04-10 13:20:58,1900-01-00 00:00:00,1008-wombat,B8:27:EB:CA:A1:3C,-47, WPA ,0.000000,0.000000,0.000,0.000,AP
2026-04-10 13:20:58,1900-01-00 00:00:00,,C8:34:8E:2C:B6:E4,-49,,0.000000,0.000000,0.000,0.000,Client
2026-04-10 13:20:58,1900-01-00 00:00:00,,C8:34:8E:2C:B6:E4,-49,,0.000000,0.000000,0.000,0.000,Client
2026-04-10 13:20:58,1900-01-00 00:00:00,1008-wombat,B8:27:EB:CA:A1:3C,-47, WPA ,0.000000,0.000000,0.000,0.000,AP
2026-04-10 13:20:58,1900-01-00 00:00:00,1008-wombat,B8:27:EB:CA:A1:3C,-45, WPA ,0.000000,0.000000,0.000,0.000,AP
2026-04-10 13:20:58,1900-01-00 00:00:00,,C8:34:8E:2C:B6:E4,-50,,0.000000,0.000000,0.000,0.000,Client
2026-04-10 13:20:58,1900-01-00 00:00:00,1008-wombat,B8:27:EB:CA:A1:3C,-45, WPA ,0.000000,0.000000,0.000,0.000,AP
2026-04-10 13:20:58,1900-01-00 00:00:00,,C8:34:8E:2C:B6:E4,-50,,0.000000,0.000000,0.000,0.000,Client
2026-04-10 13:20:58,1900-01-00 00:00:00,1008-wombat,B8:27:EB:CA:A1:3C,-49, WPA ,0.000000,0.000000,0.000,0.000,AP
2026-04-10 13:20:58,1900-01-00 00:00:00,,C8:34:8E:2C:B6:E4,-51,,0.000000,0.000000,0.000,0.000,Client
2026-04-10 13:20:58,1900-01-00 00:00:00,,C8:34:8E:2C:B6:E4,-50,,0.000000,0.000000,0.000,0.000,Client
2026-04-10 13:20:58,1900-01-00 00:00:00,,C8:34:8E:2C:B6:E4,-50,,0.000000,0.000000,0.000,0.000,Client
2026-04-10 13:20:58,1900-01-00 00:00:00,1008-wombat,B8:27:EB:CA:A1:3C,-44, WPA ,0.000000,0.000000,0.000,0.000,AP
2026-04-10 13:20:58,1900-01-00 00:00:00,,C8:34:8E:2C:B6:E4,-50,,0.000000,0.000000,0.000,0.000,Client
2026-04-10 13:20:58,1900-01-00 00:00:00,1008-wombat,B8:27:EB:CA:A1:3C,-47, WPA ,0.000000,0.000000,0.000,0.000,AP
2026-04-10 13:20:58,1900-01-00 00:00:00,,C8:34:8E:2C:B6:E4,-50,,0.000000,0.000000,0.000,0.000,Client
2026-04-10 13:20:58,1900-01-00 00:00:00,,C8:34:8E:2C:B6:E4,-51,,0.000000,0.000000,0.000,0.000,Client
2026-04-10 13:20:58,1900-01-00 00:00:00,1008-wombat,B8:27:EB:CA:A1:3C,-47, WPA ,0.000000,0.000000,0.000,0.000,AP
2026-04-10 13:20:58,1900-01-00 00:00:00,1008-wombat,B8:27:EB:CA:A1:3C,-46, WPA ,0.000000,0.000000,0.000,0.000,AP
2026-04-10 13:20:58,1900-01-00 00:00:00,1008-wombat,B8:27:EB:CA:A1:3C,-45, WPA ,0.000000,0.000000,0.000,0.000,AP
2026-04-10 13:20:58,1900-01-00 00:00:00,1008-wombat,B8:27:EB:CA:A1:3C,-46, WPA ,0.000000,0.000000,0.000,0.000,AP
2026-04-10 13:20:58,1900-01-00 00:00:00,1008-wombat,B8:27:EB:CA:A1:3C,-46, WPA ,0.000000,0.000000,0.000,0.000,AP
2026-04-10 13:20:58,1900-01-00 00:00:00,1008-wombat,B8:27:EB:CA:A1:3C,-45, WPA ,0.000000,0.000000,0.000,0.000,AP
2026-04-10 13:20:58,1900-01-00 00:00:00,1008-wombat,B8:27:EB:CA:A1:3C,-46, WPA ,0.000000,0.000000,0.000,0.000,AP
2026-04-10 13:20:58,1900-01-00 00:00:00,1008-wombat,B8:27:EB:CA:A1:3C,-45, WPA ,0.000000,0.000000,0.000,0.000,AP
2026-04-10 13:20:58,1900-01-00 00:00:00,1008-wombat,B8:27:EB:CA:A1:3C,-46, WPA ,0.000000,0.000000,0.000,0.000,AP
2026-04-10 13:20:58,1900-01-00 00:00:00,1008-wombat,B8:27:EB:CA:A1:3C,-46, WPA ,0.000000,0.000000,0.000,0.000,AP
2026-04-10 13:20:58,1900-01-00 00:00:00,,C8:34:8E:2C:B6:E4,-51,,0.000000,0.000000,0.000,0.000,Client
2026-04-10 13:20:58,1900-01-00 00:00:00,1008-wombat,B8:27:EB:CA:A1:3C,-48, WPA ,0.000000,0.000000,0.000,0.000,AP
2026-04-10 13:20:58,1900-01-00 00:00:00,,C8:34:8E:2C:B6:E4,-49,,0.000000,0.000000,0.000,0.000,Client
2026-04-10 13:20:58,1900-01-00 00:00:00,,C8:34:8E:2C:B6:E4,-49,,0.000000,0.000000,0.000,0.000,Client
2026-04-10 13:20:58,1900-01-00 00:00:00,,C8:34:8E:2C:B6:E4,-49,,0.000000,0.000000,0.000,0.000,Client
2026-04-10 13:20:58,1900-01-00 00:00:00,,C8:34:8E:2C:B6:E4,-50,,0.000000,0.000000,0.000,0.000,Client
2026-04-10 13:20:58,1900-01-00 00:00:00,1008-wombat,B8:27:EB:CA:A1:3C,-48, WPA ,0.000000,0.000000,0.000,0.000,AP
2026-04-10 13:20:58,1900-01-00 00:00:00,1008-wombat,B8:27:EB:CA:A1:3C,-47, WPA ,0.000000,0.000000,0.000,0.000,AP
2026-04-10 13:20:58,1900-01-00 00:00:00,,C8:34:8E:2C:B6:E4,-50,,0.000000,0.000000,0.000,0.000,Client
2026-04-10 13:20:58,1900-01-00 00:00:00,1008-wombat,B8:27:EB:CA:A1:3C,-43, WPA ,0.000000,0.000000,0.000,0.000,AP
2026-04-10 13:20:58,1900-01-00 00:00:00,1008-wombat,B8:27:EB:CA:A1:3C,-48, WPA ,0.000000,0.000000,0.000,0.000,AP
2026-04-10 13:20:58,1900-01-00 00:00:00,,C8:34:8E:2C:B6:E4,-50,,0.000000,0.000000,0.000,0.000,Client
2026-04-10 13:20:58,1900-01-00 00:00:00,1008-wombat,B8:27:EB:CA:A1:3C,-47, WPA ,0.000000,0.000000,0.000,0.000,AP
2026-04-10 13:20:58,1900-01-00 00:00:00,1008-wombat,B8:27:EB:CA:A1:3C,-47, WPA ,0.000000,0.000000,0.000,0.000,AP
2026-04-10 13:20:58,1900-01-00 00:00:00,,C8:15:4E:20:C7:81,-50,,0.000000,0.000000,0.000,0.000,Client
2026-04-10 13:20:58,1900-01-00 00:00:00,1008-wombat,B8:27:EB:CA:A1:3C,-46, WPA ,0.000000,0.000000,0.000,0.000,AP
2026-04-10 13:20:58,1900-01-00 00:00:00,1008-wombat,B8:27:EB:CA:A1:3C,-46, WPA ,0.000000,0.000000,0.000,0.000,AP
2026-04-10 13:20:58,1900-01-00 00:00:00,,C8:34:8E:2C:B6:E4,-51,,0.000000,0.000000,0.000,0.000,Client
2026-04-10 13:20:58,1900-01-00 00:00:00,,C8:34:8E:2C:B6:E4,-51,,0.000000,0.000000,0.000,0.000,Client
2026-04-10 13:20:58,1900-01-00 00:00:00,1008-wombat,B8:27:EB:CA:A1:3C,-46, WPA ,0.000000,0.000000,0.000,0.000,AP
2026-04-10 13:20:58,1900-01-00 00:00:00,,C8:34:8E:2C:B6:E4,-51,,0.000000,0.000000,0.000,0.000,Client
2026-04-10 13:20:58,1900-01-00 00:00:00,1008-wombat,B8:27:EB:CA:A1:3C,-49, WPA ,0.000000,0.000000,0.000,0.000,AP
2026-04-10 13:20:58,1900-01-00 00:00:00,,C8:15:4E:20:C7:81,-51,,0.000000,0.000000,0.000,0.000,Client
2026-04-10 13:20:58,1900-01-00 00:00:00,1008-wombat,B8:27:EB:CA:A1:3C,-47, WPA ,0.000000,0.000000,0.000,0.000,AP
2026-04-10 13:20:58,1900-01-00 00:00:00,1008-wombat,B8:27:EB:CA:A1:3C,-45, WPA ,0.000000,0.000000,0.000,0.000,AP
2026-04-10 13:20:58,1900-01-00 00:00:00,,C8:34:8E:2C:B6:E4,-51,,0.000000,0.000000,0.000,0.000,Client
2026-04-10 13:20:59,1900-01-00 00:00:00,,C8:34:8E:2C:B6:E4,-51,,0.000000,0.000000,0.000,0.000,Client
2026-04-10 13:20:59,1900-01-00 00:00:00,,C8:34:8E:2C:B6:E4,-51,,0.000000,0.000000,0.000,0.000,Client
2026-04-10 13:20:59,1900-01-00 00:00:00,1008-wombat,B8:27:EB:CA:A1:3C,-47, WPA ,0.000000,0.000000,0.000,0.000,AP
2026-04-10 13:20:59,1900-01-00 00:00:00,1008-wombat,B8:27:EB:CA:A1:3C,-45, WPA ,0.000000,0.000000,0.000,0.000,AP
2026-04-10 13:20:59,1900-01-00 00:00:00,,C8:34:8E:2C:B6:E4,-52,,0.000000,0.000000,0.000,0.000,Client
2026-04-10 13:20:59,1900-01-00 00:00:00,1008-wombat,B8:27:EB:CA:A1:3C,-47, WPA ,0.000000,0.000000,0.000,0.000,AP
2026-04-10 13:20:59,1900-01-00 00:00:00,1008-wombat,B8:27:EB:CA:A1:3C,-47, WPA ,0.000000,0.000000,0.000,0.000,AP
2026-04-10 13:20:59,1900-01-00 00:00:00,1008-wombat,B8:27:EB:CA:A1:3C,-47, WPA ,0.000000,0.000000,0.000,0.000,AP
2026-04-10 13:20:59,1900-01-00 00:00:00,,C8:34:8E:2C:B6:E4,-53,,0.000000,0.000000,0.000,0.000,Client
2026-04-10 13:20:59,1900-01-00 00:00:00,1008-wombat,B8:27:EB:CA:A1:3C,-47, WPA ,0.000000,0.000000,0.000,0.000,AP
2026-04-10 13:20:59,1900-01-00 00:00:00,,C8:34:8E:2C:B6:E4,-52,,0.000000,0.000000,0.000,0.000,Client
2026-04-10 13:20:59,1900-01-00 00:00:00,1008-wombat,B8:27:EB:CA:A1:3C,-47, WPA ,0.000000,0.000000,0.000,0.000,AP
2026-04-10 13:20:59,1900-01-00 00:00:00,,C8:34:8E:2C:B6:E4,-53,,0.000000,0.000000,0.000,0.000,Client
2026-04-10 13:20:59,1900-01-00 00:00:00,1008-wombat,B8:27:EB:CA:A1:3C,-47, WPA ,0.000000,0.000000,0.000,0.000,AP
2026-04-10 13:20:59,1900-01-00 00:00:00,,C8:34:8E:2C:B6:E4,-51,,0.000000,0.000000,0.000,0.000,Client
2026-04-10 13:20:59,1900-01-00 00:00:00,,C8:34:8E:2C:B6:E4,-53,,0.000000,0.000000,0.000,0.000,Client
2026-04-10 13:20:59,1900-01-00 00:00:00,1008-wombat,B8:27:EB:CA:A1:3C,-47, WPA ,0.000000,0.000000,0.000,0.000,AP
2026-04-10 13:20:59,1900-01-00 00:00:00,1008-wombat,B8:27:EB:CA:A1:3C,-47, WPA ,0.000000,0.000000,0.000,0.000,AP
2026-04-10 13:20:59,1900-01-00 00:00:00,1008-wombat,B8:27:EB:CA:A1:3C,-46, WPA ,0.000000,0.000000,0.000,0.000,AP
2026-04-10 13:20:59,1900-01-00 00:00:00,,C8:34:8E:2C:B6:E4,-51,,0.000000,0.000000,0.000,0.000,Client
2026-04-10 13:20:59,1900-01-00 00:00:00,,C8:34:8E:2C:B6:E4,-52,,0.000000,0.000000,0.000,0.000,Client
2026-04-10 13:20:59,1900-01-00 00:00:00,1008-wombat,B8:27:EB:CA:A1:3C,-47, WPA ,0.000000,0.000000,0.000,0.000,AP
2026-04-10 13:20:59,1900-01-00 00:00:00,,C8:34:8E:2C:B6:E4,-51,,0.000000,0.000000,0.000,0.000,Client
2026-04-10 13:20:59,1900-01-00 00:00:00,1008-wombat,B8:27:EB:CA:A1:3C,-44, WPA ,0.000000,0.000000,0.000,0.000,AP
2026-04-10 13:20:59,1900-01-00 00:00:00,,C8:34:8E:2C:B6:E4,-51,,0.000000,0.000000,0.000,0.000,Client
2026-04-10 13:20:59,1900-01-00 00:00:00,,C8:34:8E:2C:B6:E4,-51,,0.000000,0.000000,0.000,0.000,Client
2026-04-10 13:20:59,1900-01-00 00:00:00,,C8:34:8E:2C:B6:E4,-51,,0.000000,0.000000,0.000,0.000,Client
2026-04-10 13:20:59,1900-01-00 00:00:00,1008-wombat,B8:27:EB:CA:A1:3C,-42, WPA ,0.000000,0.000000,0.000,0.000,AP
2026-04-10 13:20:59,1900-01-00 00:00:00,1008-wombat,B8:27:EB:CA:A1:3C,-43, WPA ,0.000000,0.000000,0.000,0.000,AP
2026-04-10 13:20:59,1900-01-00 00:00:00,,C8:34:8E:2C:B6:E4,-51,,0.000000,0.000000,0.000,0.000,Client
2026-04-10 13:20:59,1900-01-00 00:00:00,1008-wombat,B8:27:EB:CA:A1:3C,-45, WPA ,0.000000,0.000000,0.000,0.000,AP
2026-04-10 13:20:59,1900-01-00 00:00:00,,C8:34:8E:2C:B6:E4,-51,,0.000000,0.000000,0.000,0.000,Client
2026-04-10 13:20:59,1900-01-00 00:00:00,1008-wombat,B8:27:EB:CA:A1:3C,-42, WPA ,0.000000,0.000000,0.000,0.000,AP
2026-04-10 13:20:59,1900-01-00 00:00:00,,C8:34:8E:2C:B6:E4,-51,,0.000000,0.000000,0.000,0.000,Client
2026-04-10 13:20:59,1900-01-00 00:00:00,,C8:34:8E:2C:B6:E4,-51,,0.000000,0.000000,0.000,0.000,Client
2026-04-10 13:20:59,1900-01-00 00:00:00,,C8:34:8E:2C:B6:E4,-51,,0.000000,0.000000,0.000,0.000,Client
2026-04-10 13:20:59,1900-01-00 00:00:00,1008-wombat,B8:27:EB:CA:A1:3C,-46, WPA ,0.000000,0.000000,0.000,0.000,AP
2026-04-10 13:20:59,1900-01-00 00:00:00,1008-wombat,B8:27:EB:CA:A1:3C,-46, WPA ,0.000000,0.000000,0.000,0.000,AP
2026-04-10 13:20:59,1900-01-00 00:00:00,,C8:34:8E:2C:B6:E4,-51,,0.000000,0.000000,0.000,0.000,Client
2026-04-10 13:20:59,1900-01-00 00:00:00,1008-wombat,B8:27:EB:CA:A1:3C,-44, WPA ,0.000000,0.000000,0.000,0.000,AP
2026-04-10 13:20:59,1900-01-00 00:00:00,,C8:34:8E:2C:B6:E4,-50,,0.000000,0.000000,0.000,0.000,Client
2026-04-10 13:20:59,1900-01-00 00:00:00,1008-wombat,B8:27:EB:CA:A1:3C,-44, WPA ,0.000000,0.000000,0.000,0.000,AP
2026-04-10 13:20:59,1900-01-00 00:00:00,1008-wombat,B8:27:EB:CA:A1:3C,-44, WPA ,0.000000,0.000000,0.000,0.000,AP
2026-04-10 13:20:59,1900-01-00 00:00:00,,C8:34:8E:2C:B6:E4,-51,,0.000000,0.000000,0.000,0.000,Client
2026-04-10 13:20:59,1900-01-00 00:00:00,,C8:34:8E:2C:B6:E4,-51,,0.000000,0.000000,0.000,0.000,Client
2026-04-10 13:20:59,1900-01-00 00:00:00,1008-wombat,B8:27:EB:CA:A1:3C,-44, WPA ,0.000000,0.000000,0.000,0.000,AP
2026-04-10 13:20:59,1900-01-00 00:00:00,,C8:34:8E:2C:B6:E4,-51,,0.000000,0.000000,0.000,0.000,Client
2026-04-10 13:20:59,1900-01-00 00:00:00,1008-wombat,B8:27:EB:CA:A1:3C,-43, WPA ,0.000000,0.000000,0.000,0.000,AP
2026-04-10 13:20:59,1900-01-00 00:00:00,1008-wombat,B8:27:EB:CA:A1:3C,-44, WPA ,0.000000,0.000000,0.000,0.000,AP
2026-04-10 13:20:59,1900-01-00 00:00:00,,C8:34:8E:2C:B6:E4,-51,,0.000000,0.000000,0.000,0.000,Client
2026-04-10 13:20:59,1900-01-00 00:00:00,1008-wombat,B8:27:EB:CA:A1:3C,-45, WPA ,0.000000,0.000000,0.000,0.000,AP
2026-04-10 13:20:59,1900-01-00 00:00:00,1008-wombat,B8:27:EB:CA:A1:3C,-44, WPA ,0.000000,0.000000,0.000,0.000,AP
2026-04-10 13:20:59,1900-01-00 00:00:00,,C8:34:8E:2C:B6:E4,-50,,0.000000,0.000000,0.000,0.000,Client
2026-04-10 13:20:59,1900-01-00 00:00:00,1008-wombat,B8:27:EB:CA:A1:3C,-47, WPA ,0.000000,0.000000,0.000,0.000,AP
2026-04-10 13:20:59,1900-01-00 00:00:00,,C8:34:8E:2C:B6:E4,-49,,0.000000,0.000000,0.000,0.000,Client
2026-04-10 13:20:59,1900-01-00 00:00:00,,C8:34:8E:2C:B6:E4,-50,,0.000000,0.000000,0.000,0.000,Client
2026-04-10 13:20:59,1900-01-00 00:00:00,1008-wombat,B8:27:EB:CA:A1:3C,-43, WPA ,0.000000,0.000000,0.000,0.000,AP
2026-04-10 13:20:59,1900-01-00 00:00:00,,C8:34:8E:2C:B6:E4,-50,,0.000000,0.000000,0.000,0.000,Client
2026-04-10 13:20:59,1900-01-00 00:00:00,,C8:34:8E:2C:B6:E4,-49,,0.000000,0.000000,0.000,0.000,Client
2026-04-10 13:20:59,1900-01-00 00:00:00,1008-wombat,B8:27:EB:CA:A1:3C,-43, WPA ,0.000000,0.000000,0.000,0.000,AP
2026-04-10 13:20:59,1900-01-00 00:00:00,1008-wombat,B8:27:EB:CA:A1:3C,-44, WPA ,0.000000,0.000000,0.000,0.000,AP
2026-04-10 13:20:59,1900-01-00 00:00:00,1008-wombat,B8:27:EB:CA:A1:3C,-47, WPA ,0.000000,0.000000,0.000,0.000,AP
2026-04-10 13:20:59,1900-01-00 00:00:00,,C8:34:8E:2C:B6:E4,-49,,0.000000,0.000000,0.000,0.000,Client
2026-04-10 13:20:59,1900-01-00 00:00:00,1008-wombat,B8:27:EB:CA:A1:3C,-46, WPA ,0.000000,0.000000,0.000,0.000,AP
2026-04-10 13:20:59,1900-01-00 00:00:00,,C8:34:8E:2C:B6:E4,-49,,0.000000,0.000000,0.000,0.000,Client
2026-04-10 13:20:59,1900-01-00 00:00:00,1008-wombat,B8:27:EB:CA:A1:3C,-46, WPA ,0.000000,0.000000,0.000,0.000,AP
2026-04-10 13:20:59,1900-01-00 00:00:00,,C8:34:8E:2C:B6:E4,-49,,0.000000,0.000000,0.000,0.000,Client
2026-04-10 13:20:59,1900-01-00 00:00:00,,C8:34:8E:2C:B6:E4,-48,,0.000000,0.000000,0.000,0.000,Client
2026-04-10 13:20:59,1900-01-00 00:00:00,1008-wombat,B8:27:EB:CA:A1:3C,-46, WPA ,0.000000,0.000000,0.000,0.000,AP
2026-04-10 13:20:59,1900-01-00 00:00:00,1008-wombat,B8:27:EB:CA:A1:3C,-46, WPA ,0.000000,0.000000,0.000,0.000,AP
2026-04-10 13:20:59,1900-01-00 00:00:00,,C8:34:8E:2C:B6:E4,-49,,0.000000,0.000000,0.000,0.000,Client
2026-04-10 13:20:59,1900-01-00 00:00:00,1008-wombat,B8:27:EB:CA:A1:3C,-45, WPA ,0.000000,0.000000,0.000,0.000,AP
2026-04-10 13:20:59,1900-01-00 00:00:00,,C8:34:8E:2C:B6:E4,-48,,0.000000,0.000000,0.000,0.000,Client
2026-04-10 13:20:59,1900-01-00 00:00:00,1008-wombat,B8:27:EB:CA:A1:3C,-42, WPA ,0.000000,0.000000,0.000,0.000,AP
2026-04-10 13:20:59,1900-01-00 00:00:00,,C8:34:8E:2C:B6:E4,-49,,0.000000,0.000000,0.000,0.000,Client
2026-04-10 13:20:59,1900-01-00 00:00:00,1008-wombat,B8:27:EB:CA:A1:3C,-45, WPA ,0.000000,0.000000,0.000,0.000,AP
2026-04-10 13:20:59,1900-01-00 00:00:00,1008-wombat,B8:27:EB:CA:A1:3C,-45, WPA ,0.000000,0.000000,0.000,0.000,AP
2026-04-10 13:20:59,1900-01-00 00:00:00,,C8:34:8E:2C:B6:E4,-49,,0.000000,0.000000,0.000,0.000,Client
2026-04-10 13:20:59,1900-01-00 00:00:00,,C8:34:8E:2C:B6:E4,-50,,0.000000,0.000000,0.000,0.000,Client
2026-04-10 13:20:59,1900-01-00 00:00:00,1008-wombat,B8:27:EB:CA:A1:3C,-43, WPA ,0.000000,0.000000,0.000,0.000,AP
2026-04-10 13:20:59,1900-01-00 00:00:00,,C8:34:8E:2C:B6:E4,-50,,0.000000,0.000000,0.000,0.000,Client
2026-04-10 13:20:59,1900-01-00 00:00:00,1008-wombat,B8:27:EB:CA:A1:3C,-47, WPA ,0.000000,0.000000,0.000,0.000,AP
2026-04-10 13:20:59,1900-01-00 00:00:00,,C8:34:8E:2C:B6:E4,-49,,0.000000,0.000000,0.000,0.000,Client
2026-04-10 13:20:59,1900-01-00 00:00:00,1008-wombat,B8:27:EB:CA:A1:3C,-47, WPA ,0.000000,0.000000,0.000,0.000,AP
2026-04-10 13:20:59,1900-01-00 00:00:00,,C8:34:8E:2C:B6:E4,-50,,0.000000,0.000000,0.000,0.000,Client
2026-04-10 13:20:59,1900-01-00 00:00:00,1008-wombat,B8:27:EB:CA:A1:3C,-47, WPA ,0.000000,0.000000,0.000,0.000,AP
2026-04-10 13:20:59,1900-01-00 00:00:00,,C8:34:8E:2C:B6:E4,-49,,0.000000,0.000000,0.000,0.000,Client
2026-04-10 13:20:59,1900-01-00 00:00:00,1008-wombat,B8:27:EB:CA:A1:3C,-42, WPA ,0.000000,0.000000,0.000,0.000,AP
2026-04-10 13:20:59,1900-01-00 00:00:00,1008-wombat,B8:27:EB:CA:A1:3C,-46, WPA ,0.000000,0.000000,0.000,0.000,AP
2026-04-10 13:20:59,1900-01-00 00:00:00,,C8:34:8E:2C:B6:E4,-49,,0.000000,0.000000,0.000,0.000,Client
2026-04-10 13:20:59,1900-01-00 00:00:00,1008-wombat,B8:27:EB:CA:A1:3C,-45, WPA ,0.000000,0.000000,0.000,0.000,AP
2026-04-10 13:20:59,1900-01-00 00:00:00,,C8:34:8E:2C:B6:E4,-50,,0.000000,0.000000,0.000,0.000,Client
2026-04-10 13:20:59,1900-01-00 00:00:00,,C8:34:8E:2C:B6:E4,-49,,0.000000,0.000000,0.000,0.000,Client
2026-04-10 13:20:59,1900-01-00 00:00:00,1008-wombat,B8:27:EB:CA:A1:3C,-46, WPA ,0.000000,0.000000,0.000,0.000,AP
2026-04-10 13:20:59,1900-01-00 00:00:00,1008-wombat,B8:27:EB:CA:A1:3C,-46, WPA ,0.000000,0.000000,0.000,0.000,AP
2026-04-10 13:20:59,1900-01-00 00:00:00,,C8:34:8E:2C:B6:E4,-49,,0.000000,0.000000,0.000,0.000,Client
2026-04-10 13:20:59,1900-01-00 00:00:00,1008-wombat,B8:27:EB:CA:A1:3C,-46, WPA ,0.000000,0.000000,0.000,0.000,AP
2026-04-10 13:20:59,1900-01-00 00:00:00,,C8:34:8E:2C:B6:E4,-49,,0.000000,0.000000,0.000,0.000,Client
2026-04-10 13:20:59,1900-01-00 00:00:00,1008-wombat,B8:27:EB:CA:A1:3C,-47, WPA ,0.000000,0.000000,0.000,0.000,AP
2026-04-10 13:20:59,1900-01-00 00:00:00,1008-wombat,B8:27:EB:CA:A1:3C,-46, WPA ,0.000000,0.000000,0.000,0.000,AP
2026-04-10 13:20:59,1900-01-00 00:00:00,,C8:34:8E:2C:B6:E4,-51,,0.000000,0.000000,0.000,0.000,Client
2026-04-10 13:20:59,1900-01-00 00:00:00,,C8:34:8E:2C:B6:E4,-51,,0.000000,0.000000,0.000,0.000,Client
2026-04-10 13:20:59,1900-01-00 00:00:00,1008-wombat,B8:27:EB:CA:A1:3C,-42, WPA ,0.000000,0.000000,0.000,0.000,AP
2026-04-10 13:20:59,1900-01-00 00:00:00,,C8:34:8E:2C:B6:E4,-50,,0.000000,0.000000,0.000,0.000,Client
2026-04-10 13:20:59,1900-01-00 00:00:00,,C8:34:8E:2C:B6:E4,-50,,0.000000,0.000000,0.000,0.000,Client
2026-04-10 13:20:59,1900-01-00 00:00:00,1008-wombat,B8:27:EB:CA:A1:3C,-46, WPA ,0.000000,0.000000,0.000,0.000,AP
2026-04-10 13:20:59,1900-01-00 00:00:00,1008-wombat,B8:27:EB:CA:A1:3C,-45, WPA ,0.000000,0.000000,0.000,0.000,AP
2026-04-10 13:20:59,1900-01-00 00:00:00,,C8:34:8E:2C:B6:E4,-51,,0.000000,0.000000,0.000,0.000,Client
2026-04-10 13:20:59,1900-01-00 00:00:00,,C8:34:8E:2C:B6:E4,-51,,0.000000,0.000000,0.000,0.000,Client
2026-04-10 13:20:59,1900-01-00 00:00:00,1008-wombat,B8:27:EB:CA:A1:3C,-43, WPA ,0.000000,0.000000,0.000,0.000,AP
2026-04-10 13:20:59,1900-01-00 00:00:00,,C8:34:8E:2C:B6:E4,-50,,0.000000,0.000000,0.000,0.000,Client
2026-04-10 13:20:59,1900-01-00 00:00:00,,C8:34:8E:2C:B6:E4,-50,,0.000000,0.000000,0.000,0.000,Client
2026-04-10 13:20:59,1900-01-00 00:00:00,,C8:34:8E:2C:B6:E4,-51,,0.000000,0.000000,0.000,0.000,Client
2026-04-10 13:20:59,1900-01-00 00:00:00,,C8:34:8E:2C:B6:E4,-51,,0.000000,0.000000,0.000,0.000,Client
2026-04-10 13:20:59,1900-01-00 00:00:00,1008-wombat,B8:27:EB:CA:A1:3C,-45, WPA ,0.000000,0.000000,0.000,0.000,AP
2026-04-10 13:20:59,1900-01-00 00:00:00,1008-wombat,B8:27:EB:CA:A1:3C,-45, WPA ,0.000000,0.000000,0.000,0.000,AP
2026-04-10 13:20:59,1900-01-00 00:00:00,,C8:34:8E:2C:B6:E4,-51,,0.000000,0.000000,0.000,0.000,Client
2026-04-10 13:20:59,1900-01-00 00:00:00,,C8:34:8E:2C:B6:E4,-51,,0.000000,0.000000,0.000,0.000,Client
2026-04-10 13:20:59,1900-01-00 00:00:00,,C8:34:8E:2C:B6:E4,-51,,0.000000,0.000000,0.000,0.000,Client
2026-04-10 13:20:59,1900-01-00 00:00:00,,C8:34:8E:2C:B6:E4,-51,,0.000000,0.000000,0.000,0.000,Client
2026-04-10 13:20:59,1900-01-00 00:00:00,,C8:34:8E:2C:B6:E4,-51,,0.000000,0.000000,0.000,0.000,Client
2026-04-10 13:20:59,1900-01-00 00:00:00,,C8:34:8E:2C:B6:E4,-51,,0.000000,0.000000,0.000,0.000,Client
2026-04-10 13:20:59,1900-01-00 00:00:00,1008-wombat,B8:27:EB:CA:A1:3C,-44, WPA ,0.000000,0.000000,0.000,0.000,AP
2026-04-10 13:20:59,1900-01-00 00:00:00,1008-wombat,B8:27:EB:CA:A1:3C,-44, WPA ,0.000000,0.000000,0.000,0.000,AP
2026-04-10 13:20:59,1900-01-00 00:00:00,1008-wombat,B8:27:EB:CA:A1:3C,-45, WPA ,0.000000,0.000000,0.000,0.000,AP
2026-04-10 13:20:59,1900-01-00 00:00:00,1008-wombat,B8:27:EB:CA:A1:3C,-45, WPA ,0.000000,0.000000,0.000,0.000,AP
2026-04-10 13:20:59,1900-01-00 00:00:00,1008-wombat,B8:27:EB:CA:A1:3C,-45, WPA ,0.000000,0.000000,0.000,0.000,AP
2026-04-10 13:20:59,1900-01-00 00:00:00,1008-wombat,B8:27:EB:CA:A1:3C,-45, WPA ,0.000000,0.000000,0.000,0.000,AP
2026-04-10 13:20:59,1900-01-00 00:00:00,1008-wombat,B8:27:EB:CA:A1:3C,-44, WPA ,0.000000,0.000000,0.000,0.000,AP
2026-04-10 13:20:59,1900-01-00 00:00:00,1008-wombat,B8:27:EB:CA:A1:3C,-44, WPA ,0.000000,0.000000,0.000,0.000,AP
2026-04-10 13:20:59,1900-01-00 00:00:00,1008-wombat,B8:27:EB:CA:A1:3C,-44, WPA ,0.000000,0.000000,0.000,0.000,AP
2026-04-10 13:20:59,1900-01-00 00:00:00,1008-wombat,B8:27:EB:CA:A1:3C,-44, WPA ,0.000000,0.000000,0.000,0.000,AP
2026-04-10 13:20:59,1900-01-00 00:00:00,,C8:34:8E:2C:B6:E4,-51,,0.000000,0.000000,0.000,0.000,Client
2026-04-10 13:20:59,1900-01-00 00:00:00,1008-wombat,B8:27:EB:CA:A1:3C,-47, WPA ,0.000000,0.000000,0.000,0.000,AP
2026-04-10 13:20:59,1900-01-00 00:00:00,,C8:34:8E:2C:B6:E4,-52,,0.000000,0.000000,0.000,0.000,Client
2026-04-10 13:20:59,1900-01-00 00:00:00,1008-wombat,B8:27:EB:CA:A1:3C,-46, WPA ,0.000000,0.000000,0.000,0.000,AP
2026-04-10 13:20:59,1900-01-00 00:00:00,1008-wombat,B8:27:EB:CA:A1:3C,-43, WPA ,0.000000,0.000000,0.000,0.000,AP
2026-04-10 13:20:59,1900-01-00 00:00:00,,C8:34:8E:2C:B6:E4,-52,,0.000000,0.000000,0.000,0.000,Client
2026-04-10 13:20:59,1900-01-00 00:00:00,1008-wombat,B8:27:EB:CA:A1:3C,-47, WPA ,0.000000,0.000000,0.000,0.000,AP
2026-04-10 13:20:59,1900-01-00 00:00:00,,C8:34:8E:2C:B6:E4,-51,,0.000000,0.000000,0.000,0.000,Client
2026-04-10 13:20:59,1900-01-00 00:00:00,,C8:34:8E:2C:B6:E4,-52,,0.000000,0.000000,0.000,0.000,Client
2026-04-10 13:20:59,1900-01-00 00:00:00,1008-wombat,B8:27:EB:CA:A1:3C,-46, WPA ,0.000000,0.000000,0.000,0.000,AP
2026-04-10 13:20:59,1900-01-00 00:00:00,1008-wombat,B8:27:EB:CA:A1:3C,-47, WPA ,0.000000,0.000000,0.000,0.000,AP
2026-04-10 13:20:59,1900-01-00 00:00:00,,C8:34:8E:2C:B6:E4,-51,,0.000000,0.000000,0.000,0.000,Client
2026-04-10 13:20:59,1900-01-00 00:00:00,1008-wombat,B8:27:EB:CA:A1:3C,-47, WPA ,0.000000,0.000000,0.000,0.000,AP
2026-04-10 13:20:59,1900-01-00 00:00:00,,C8:34:8E:2C:B6:E4,-51,,0.000000,0.000000,0.000,0.000,Client
2026-04-10 13:20:59,1900-01-00 00:00:00,,C8:34:8E:2C:B6:E4,-52,,0.000000,0.000000,0.000,0.000,Client
2026-04-10 13:20:59,1900-01-00 00:00:00,,C8:34:8E:2C:B6:E4,-51,,0.000000,0.000000,0.000,0.000,Client
2026-04-10 13:20:59,1900-01-00 00:00:00,1008-wombat,B8:27:EB:CA:A1:3C,-44, WPA ,0.000000,0.000000,0.000,0.000,AP
2026-04-10 13:20:59,1900-01-00 00:00:00,1008-wombat,B8:27:EB:CA:A1:3C,-46, WPA ,0.000000,0.000000,0.000,0.000,AP
2026-04-10 13:20:59,1900-01-00 00:00:00,1008-wombat,B8:27:EB:CA:A1:3C,-44, WPA ,0.000000,0.000000,0.000,0.000,AP
2026-04-10 13:20:59,1900-01-00 00:00:00,,C8:34:8E:2C:B6:E4,-52,,0.000000,0.000000,0.000,0.000,Client
2026-04-10 13:20:59,1900-01-00 00:00:00,,C8:34:8E:2C:B6:E4,-52,,0.000000,0.000000,0.000,0.000,Client
2026-04-10 13:20:59,1900-01-00 00:00:00,,C8:34:8E:2C:B6:E4,-52,,0.000000,0.000000,0.000,0.000,Client
2026-04-10 13:20:59,1900-01-00 00:00:00,1008-wombat,B8:27:EB:CA:A1:3C,-46, WPA ,0.000000,0.000000,0.000,0.000,AP
2026-04-10 13:20:59,1900-01-00 00:00:00,1008-wombat,B8:27:EB:CA:A1:3C,-47, WPA ,0.000000,0.000000,0.000,0.000,AP
2026-04-10 13:20:59,1900-01-00 00:00:00,,C8:34:8E:2C:B6:E4,-52,,0.000000,0.000000,0.000,0.000,Client
2026-04-10 13:20:59,1900-01-00 00:00:00,1008-wombat,B8:27:EB:CA:A1:3C,-42, WPA ,0.000000,0.000000,0.000,0.000,AP
2026-04-10 13:20:59,1900-01-00 00:00:00,1008-wombat,B8:27:EB:CA:A1:3C,-44, WPA ,0.000000,0.000000,0.000,0.000,AP
2026-04-10 13:20:59,1900-01-00 00:00:00,,C8:34:8E:2C:B6:E4,-52,,0.000000,0.000000,0.000,0.000,Client
2026-04-10 13:21:00,1900-01-00 00:00:00,1008-wombat,B8:27:EB:CA:A1:3C,-46, WPA ,0.000000,0.000000,0.000,0.000,AP
2026-04-10 13:21:00,1900-01-00 00:00:00,,C8:34:8E:2C:B6:E4,-52,,0.000000,0.000000,0.000,0.000,Client
2026-04-10 13:21:00,1900-01-00 00:00:00,1008-wombat,B8:27:EB:CA:A1:3C,-45, WPA ,0.000000,0.000000,0.000,0.000,AP
2026-04-10 13:21:00,1900-01-00 00:00:00,1008-wombat,B8:27:EB:CA:A1:3C,-47, WPA ,0.000000,0.000000,0.000,0.000,AP
2026-04-10 13:21:00,1900-01-00 00:00:00,,C8:34:8E:2C:B6:E4,-52,,0.000000,0.000000,0.000,0.000,Client
2026-04-10 13:21:00,1900-01-00 00:00:00,1008-wombat,B8:27:EB:CA:A1:3C,-47, WPA ,0.000000,0.000000,0.000,0.000,AP
2026-04-10 13:21:00,1900-01-00 00:00:00,,C8:34:8E:2C:B6:E4,-52,,0.000000,0.000000,0.000,0.000,Client
2026-04-10 13:21:00,1900-01-00 00:00:00,1008-wombat,B8:27:EB:CA:A1:3C,-47, WPA ,0.000000,0.000000,0.000,0.000,AP
2026-04-10 13:21:00,1900-01-00 00:00:00,,C8:34:8E:2C:B6:E4,-52,,0.000000,0.000000,0.000,0.000,Client
2026-04-10 13:21:00,1900-01-00 00:00:00,,C8:34:8E:2C:B6:E4,-52,,0.000000,0.000000,0.000,0.000,Client
2026-04-10 13:21:00,1900-01-00 00:00:00,1008-wombat,B8:27:EB:CA:A1:3C,-47, WPA ,0.000000,0.000000,0.000,0.000,AP
2026-04-10 13:21:00,1900-01-00 00:00:00,,C8:34:8E:2C:B6:E4,-52,,0.000000,0.000000,0.000,0.000,Client
2026-04-10 13:21:00,1900-01-00 00:00:00,1008-wombat,B8:27:EB:CA:A1:3C,-47, WPA ,0.000000,0.000000,0.000,0.000,AP
2026-04-10 13:21:00,1900-01-00 00:00:00,,C8:34:8E:2C:B6:E4,-52,,0.000000,0.000000,0.000,0.000,Client
2026-04-10 13:21:00,1900-01-00 00:00:00,1008-wombat,B8:27:EB:CA:A1:3C,-46, WPA ,0.000000,0.000000,0.000,0.000,AP
2026-04-10 13:21:00,1900-01-00 00:00:00,1008-wombat,B8:27:EB:CA:A1:3C,-46, WPA ,0.000000,0.000000,0.000,0.000,AP
2026-04-10 13:21:00,1900-01-00 00:00:00,,C8:34:8E:2C:B6:E4,-51,,0.000000,0.000000,0.000,0.000,Client
2026-04-10 13:21:00,1900-01-00 00:00:00,,C8:34:8E:2C:B6:E4,-52,,0.000000,0.000000,0.000,0.000,Client
2026-04-10 13:21:00,1900-01-00 00:00:00,1008-wombat,B8:27:EB:CA:A1:3C,-45, WPA ,0.000000,0.000000,0.000,0.000,AP
2026-04-10 13:21:00,1900-01-00 00:00:00,1008-wombat,B8:27:EB:CA:A1:3C,-48, WPA ,0.000000,0.000000,0.000,0.000,AP
2026-04-10 13:21:00,1900-01-00 00:00:00,,C8:15:4E:20:C7:81,-51,,0.000000,0.000000,0.000,0.000,Client
2026-04-10 13:21:00,1900-01-00 00:00:00,1008-wombat,B8:27:EB:CA:A1:3C,-47, WPA ,0.000000,0.000000,0.000,0.000,AP
2026-04-10 13:21:00,1900-01-00 00:00:00,1008-wombat,B8:27:EB:CA:A1:3C,-46, WPA ,0.000000,0.000000,0.000,0.000,AP
2026-04-10 13:21:00,1900-01-00 00:00:00,,C8:34:8E:2C:B6:E4,-50,,0.000000,0.000000,0.000,0.000,Client
2026-04-10 13:21:00,1900-01-00 00:00:00,,C8:34:8E:2C:B6:E4,-51,,0.000000,0.000000,0.000,0.000,Client
2026-04-10 13:21:00,1900-01-00 00:00:00,1008-wombat,B8:27:EB:CA:A1:3C,-45, WPA ,0.000000,0.000000,0.000,0.000,AP
2026-04-10 13:21:00,1900-01-00 00:00:00,,C8:34:8E:2C:B6:E4,-51,,0.000000,0.000000,0.000,0.000,Client
2026-04-10 13:21:00,1900-01-00 00:00:00,1008-wombat,B8:27:EB:CA:A1:3C,-44, WPA ,0.000000,0.000000,0.000,0.000,AP
2026-04-10 13:21:00,1900-01-00 00:00:00,1008-wombat,B8:27:EB:CA:A1:3C,-46, WPA ,0.000000,0.000000,0.000,0.000,AP
2026-04-10 13:21:00,1900-01-00 00:00:00,1008-wombat,B8:27:EB:CA:A1:3C,-45, WPA ,0.000000,0.000000,0.000,0.000,AP
2026-04-10 13:21:00,1900-01-00 00:00:00,,C8:34:8E:2C:B6:E4,-50,,0.000000,0.000000,0.000,0.000,Client
2026-04-10 13:21:00,1900-01-00 00:00:00,,C8:34:8E:2C:B6:E4,-50,,0.000000,0.000000,0.000,0.000,Client
2026-04-10 13:21:00,1900-01-00 00:00:00,1008-wombat,B8:27:EB:CA:A1:3C,-43, WPA ,0.000000,0.000000,0.000,0.000,AP
2026-04-10 13:21:00,1900-01-00 00:00:00,,C8:34:8E:2C:B6:E4,-50,,0.000000,0.000000,0.000,0.000,Client
2026-04-10 13:21:00,1900-01-00 00:00:00,1008-wombat,B8:27:EB:CA:A1:3C,-46, WPA ,0.000000,0.000000,0.000,0.000,AP
2026-04-10 13:21:00,1900-01-00 00:00:00,,C8:34:8E:2C:B6:E4,-50,,0.000000,0.000000,0.000,0.000,Client
2026-04-10 13:21:00,1900-01-00 00:00:00,,C8:34:8E:2C:B6:E4,-50,,0.000000,0.000000,0.000,0.000,Client
2026-04-10 13:21:00,1900-01-00 00:00:00,1008-wombat,B8:27:EB:CA:A1:3C,-46, WPA ,0.000000,0.000000,0.000,0.000,AP
2026-04-10 13:21:00,1900-01-00 00:00:00,1008-wombat,B8:27:EB:CA:A1:3C,-45, WPA ,0.000000,0.000000,0.000,0.000,AP
2026-04-10 13:21:00,1900-01-00 00:00:00,1008-wombat,B8:27:EB:CA:A1:3C,-44, WPA ,0.000000,0.000000,0.000,0.000,AP
2026-04-10 13:21:00,1900-01-00 00:00:00,,C8:34:8E:2C:B6:E4,-50,,0.000000,0.000000,0.000,0.000,Client
2026-04-10 13:21:00,1900-01-00 00:00:00,1008-wombat,B8:27:EB:CA:A1:3C,-45, WPA ,0.000000,0.000000,0.000,0.000,AP
2026-04-10 13:21:00,1900-01-00 00:00:00,1008-wombat,B8:27:EB:CA:A1:3C,-45, WPA ,0.000000,0.000000,0.000,0.000,AP
2026-04-10 13:21:00,1900-01-00 00:00:00,1008-wombat,B8:27:EB:CA:A1:3C,-43, WPA ,0.000000,0.000000,0.000,0.000,AP
2026-04-10 13:21:00,1900-01-00 00:00:00,1008-wombat,B8:27:EB:CA:A1:3C,-45, WPA ,0.000000,0.000000,0.000,0.000,AP
2026-04-10 13:21:00,1900-01-00 00:00:00,1008-wombat,B8:27:EB:CA:A1:3C,-45, WPA ,0.000000,0.000000,0.000,0.000,AP
2026-04-10 13:21:00,1900-01-00 00:00:00,1008-wombat,B8:27:EB:CA:A1:3C,-45, WPA ,0.000000,0.000000,0.000,0.000,AP
2026-04-10 13:21:00,1900-01-00 00:00:00,,C8:34:8E:2C:B6:E4,-51,,0.000000,0.000000,0.000,0.000,Client
2026-04-10 13:21:00,1900-01-00 00:00:00,,C8:34:8E:2C:B6:E4,-52,,0.000000,0.000000,0.000,0.000,Client
2026-04-10 13:21:00,1900-01-00 00:00:00,1008-wombat,B8:27:EB:CA:A1:3C,-45, WPA ,0.000000,0.000000,0.000,0.000,AP
2026-04-10 13:21:00,1900-01-00 00:00:00,1008-wombat,B8:27:EB:CA:A1:3C,-45, WPA ,0.000000,0.000000,0.000,0.000,AP
2026-04-10 13:21:00,1900-01-00 00:00:00,1008-wombat,B8:27:EB:CA:A1:3C,-46, WPA ,0.000000,0.000000,0.000,0.000,AP
2026-04-10 13:21:00,1900-01-00 00:00:00,,C8:34:8E:2C:B6:E4,-50,,0.000000,0.000000,0.000,0.000,Client
2026-04-10 13:21:00,1900-01-00 00:00:00,1008-wombat,B8:27:EB:CA:A1:3C,-49, WPA ,0.000000,0.000000,0.000,0.000,AP
2026-04-10 13:21:00,1900-01-00 00:00:00,1008-wombat,B8:27:EB:CA:A1:3C,-46, WPA ,0.000000,0.000000,0.000,0.000,AP
2026-04-10 13:21:00,1900-01-00 00:00:00,,C8:34:8E:2C:B6:E4,-49,,0.000000,0.000000,0.000,0.000,Client
2026-04-10 13:21:00,1900-01-00 00:00:00,,C8:34:8E:2C:B6:E4,-49,,0.000000,0.000000,0.000,0.000,Client
2026-04-10 13:21:00,1900-01-00 00:00:00,,C8:34:8E:2C:B6:E4,-48,,0.000000,0.000000,0.000,0.000,Client
2026-04-10 13:21:00,1900-01-00 00:00:00,,C8:34:8E:2C:B6:E4,-49,,0.000000,0.000000,0.000,0.000,Client
2026-04-10 13:21:00,1900-01-00 00:00:00,1008-wombat,B8:27:EB:CA:A1:3C,-49, WPA ,0.000000,0.000000,0.000,0.000,AP
2026-04-10 13:21:00,1900-01-00 00:00:00,1008-wombat,B8:27:EB:CA:A1:3C,-49, WPA ,0.000000,0.000000,0.000,0.000,AP
2026-04-10 13:21:00,1900-01-00 00:00:00,1008-wombat,B8:27:EB:CA:A1:3C,-48, WPA ,0.000000,0.000000,0.000,0.000,AP
2026-04-10 13:21:00,1900-01-00 00:00:00,1008-wombat,B8:27:EB:CA:A1:3C,-48, WPA ,0.000000,0.000000,0.000,0.000,AP
2026-04-10 13:21:00,1900-01-00 00:00:00,,C8:34:8E:2C:B6:E4,-51,,0.000000,0.000000,0.000,0.000,Client
2026-04-10 13:21:00,1900-01-00 00:00:00,,C8:34:8E:2C:B6:E4,-51,,0.000000,0.000000,0.000,0.000,Client
2026-04-10 13:21:00,1900-01-00 00:00:00,1008-wombat,B8:27:EB:CA:A1:3C,-49, WPA ,0.000000,0.000000,0.000,0.000,AP
2026-04-10 13:21:00,1900-01-00 00:00:00,,C8:34:8E:2C:B6:E4,-51,,0.000000,0.000000,0.000,0.000,Client
2026-04-10 13:21:00,1900-01-00 00:00:00,1008-wombat,B8:27:EB:CA:A1:3C,-48, WPA ,0.000000,0.000000,0.000,0.000,AP
2026-04-10 13:21:00,1900-01-00 00:00:00,1008-wombat,B8:27:EB:CA:A1:3C,-49, WPA ,0.000000,0.000000,0.000,0.000,AP
2026-04-10 13:21:00,1900-01-00 00:00:00,1008-wombat,B8:27:EB:CA:A1:3C,-48, WPA ,0.000000,0.000000,0.000,0.000,AP
2026-04-10 13:21:00,1900-01-00 00:00:00,,C8:34:8E:2C:B6:E4,-51,,0.000000,0.000000,0.000,0.000,Client
2026-04-10 13:21:00,1900-01-00 00:00:00,,C8:34:8E:2C:B6:E4,-51,,0.000000,0.000000,0.000,0.000,Client
2026-04-10 13:21:00,1900-01-00 00:00:00,1008-wombat,B8:27:EB:CA:A1:3C,-49, WPA ,0.000000,0.000000,0.000,0.000,AP
2026-04-10 13:21:00,1900-01-00 00:00:00,1008-wombat,B8:27:EB:CA:A1:3C,-50, WPA ,0.000000,0.000000,0.000,0.000,AP
2026-04-10 13:21:00,1900-01-00 00:00:00,,C8:34:8E:2C:B6:E4,-51,,0.000000,0.000000,0.000,0.000,Client
2026-04-10 13:21:00,1900-01-00 00:00:00,,C8:34:8E:2C:B6:E4,-51,,0.000000,0.000000,0.000,0.000,Client
2026-04-10 13:21:00,1900-01-00 00:00:00,,C8:34:8E:2C:B6:E4,-52,,0.000000,0.000000,0.000,0.000,Client
2026-04-10 13:21:00,1900-01-00 00:00:00,1008-wombat,B8:27:EB:CA:A1:3C,-50, WPA ,0.000000,0.000000,0.000,0.000,AP
2026-04-10 13:21:00,1900-01-00 00:00:00,1008-wombat,B8:27:EB:CA:A1:3C,-49, WPA ,0.000000,0.000000,0.000,0.000,AP
2026-04-10 13:21:00,1900-01-00 00:00:00,1008-wombat,B8:27:EB:CA:A1:3C,-48, WPA ,0.000000,0.000000,0.000,0.000,AP
2026-04-10 13:21:00,1900-01-00 00:00:00,1008-wombat,B8:27:EB:CA:A1:3C,-48, WPA ,0.000000,0.000000,0.000,0.000,AP
2026-04-10 13:21:00,1900-01-00 00:00:00,,C8:34:8E:2C:B6:E4,-51,,0.000000,0.000000,0.000,0.000,Client
2026-04-10 13:21:00,1900-01-00 00:00:00,,C8:34:8E:2C:B6:E4,-51,,0.000000,0.000000,0.000,0.000,Client
2026-04-10 13:21:00,1900-01-00 00:00:00,,C8:34:8E:2C:B6:E4,-50,,0.000000,0.000000,0.000,0.000,Client
2026-04-10 13:21:00,1900-01-00 00:00:00,,C8:34:8E:2C:B6:E4,-51,,0.000000,0.000000,0.000,0.000,Client
2026-04-10 13:21:00,1900-01-00 00:00:00,1008-wombat,B8:27:EB:CA:A1:3C,-49, WPA ,0.000000,0.000000,0.000,0.000,AP
2026-04-10 13:21:00,1900-01-00 00:00:00,1008-wombat,B8:27:EB:CA:A1:3C,-49, WPA ,0.000000,0.000000,0.000,0.000,AP
2026-04-10 13:21:00,1900-01-00 00:00:00,1008-wombat,B8:27:EB:CA:A1:3C,-48, WPA ,0.000000,0.000000,0.000,0.000,AP
2026-04-10 13:21:00,1900-01-00 00:00:00,1008-wombat,B8:27:EB:CA:A1:3C,-49, WPA ,0.000000,0.000000,0.000,0.000,AP
2026-04-10 13:21:00,1900-01-00 00:00:00,,C8:34:8E:2C:B6:E4,-51,,0.000000,0.000000,0.000,0.000,Client
2026-04-10 13:21:00,1900-01-00 00:00:00,,C8:34:8E:2C:B6:E4,-51,,0.000000,0.000000,0.000,0.000,Client
2026-04-10 13:21:00,1900-01-00 00:00:00,1008-wombat,B8:27:EB:CA:A1:3C,-50, WPA ,0.000000,0.000000,0.000,0.000,AP
2026-04-10 13:21:00,1900-01-00 00:00:00,1008-wombat,B8:27:EB:CA:A1:3C,-50, WPA ,0.000000,0.000000,0.000,0.000,AP
2026-04-10 13:21:00,1900-01-00 00:00:00,,C8:34:8E:2C:B6:E4,-51,,0.000000,0.000000,0.000,0.000,Client
2026-04-10 13:21:00,1900-01-00 00:00:00,,C8:34:8E:2C:B6:E4,-50,,0.000000,0.000000,0.000,0.000,Client
2026-04-10 13:21:00,1900-01-00 00:00:00,,C8:34:8E:2C:B6:E4,-51,,0.000000,0.000000,0.000,0.000,Client
2026-04-10 13:21:00,1900-01-00 00:00:00,,C8:34:8E:2C:B6:E4,-51,,0.000000,0.000000,0.000,0.000,Client
2026-04-10 13:21:00,1900-01-00 00:00:00,1008-wombat,B8:27:EB:CA:A1:3C,-49, WPA ,0.000000,0.000000,0.000,0.000,AP
2026-04-10 13:21:00,1900-01-00 00:00:00,1008-wombat,B8:27:EB:CA:A1:3C,-49, WPA ,0.000000,0.000000,0.000,0.000,AP
2026-04-10 13:21:00,1900-01-00 00:00:00,1008-wombat,B8:27:EB:CA:A1:3C,-49, WPA ,0.000000,0.000000,0.000,0.000,AP
2026-04-10 13:21:00,1900-01-00 00:00:00,,C8:34:8E:2C:B6:E4,-50,,0.000000,0.000000,0.000,0.000,Client
2026-04-10 13:21:00,1900-01-00 00:00:00,1008-wombat,B8:27:EB:CA:A1:3C,-50, WPA ,0.000000,0.000000,0.000,0.000,AP
2026-04-10 13:21:00,1900-01-00 00:00:00,,C8:34:8E:2C:B6:E4,-51,,0.000000,0.000000,0.000,0.000,Client
2026-04-10 13:21:00,1900-01-00 00:00:00,1008-wombat,B8:27:EB:CA:A1:3C,-50, WPA ,0.000000,0.000000,0.000,0.000,AP
2026-04-10 13:21:00,1900-01-00 00:00:00,1008-wombat,B8:27:EB:CA:A1:3C,-50, WPA ,0.000000,0.000000,0.000,0.000,AP
2026-04-10 13:21:00,1900-01-00 00:00:00,1008-wombat,B8:27:EB:CA:A1:3C,-48, WPA ,0.000000,0.000000,0.000,0.000,AP
2026-04-10 13:21:00,1900-01-00 00:00:00,1008-wombat,B8:27:EB:CA:A1:3C,-48, WPA ,0.000000,0.000000,0.000,0.000,AP
2026-04-10 13:21:00,1900-01-00 00:00:00,,C8:34:8E:2C:B6:E4,-50,,0.000000,0.000000,0.000,0.000,Client
2026-04-10 13:21:00,1900-01-00 00:00:00,,C8:34:8E:2C:B6:E4,-51,,0.000000,0.000000,0.000,0.000,Client
2026-04-10 13:21:00,1900-01-00 00:00:00,1008-wombat,B8:27:EB:CA:A1:3C,-50, WPA ,0.000000,0.000000,0.000,0.000,AP
2026-04-10 13:21:00,1900-01-00 00:00:00,1008-wombat,B8:27:EB:CA:A1:3C,-50, WPA ,0.000000,0.000000,0.000,0.000,AP
2026-04-10 13:21:00,1900-01-00 00:00:00,,C8:34:8E:2C:B6:E4,-50,,0.000000,0.000000,0.000,0.000,Client
2026-04-10 13:21:00,1900-01-00 00:00:00,,C8:34:8E:2C:B6:E4,-51,,0.000000,0.000000,0.000,0.000,Client
2026-04-10 13:21:00,1900-01-00 00:00:00,1008-wombat,B8:27:EB:CA:A1:3C,-50, WPA ,0.000000,0.000000,0.000,0.000,AP
2026-04-10 13:21:00,1900-01-00 00:00:00,1008-wombat,B8:27:EB:CA:A1:3C,-50, WPA ,0.000000,0.000000,0.000,0.000,AP
2026-04-10 13:21:00,1900-01-00 00:00:00,,C8:34:8E:2C:B6:E4,-51,,0.000000,0.000000,0.000,0.000,Client
2026-04-10 13:21:00,1900-01-00 00:00:00,,C8:34:8E:2C:B6:E4,-51,,0.000000,0.000000,0.000,0.000,Client
2026-04-10 13:21:00,1900-01-00 00:00:00,1008-wombat,B8:27:EB:CA:A1:3C,-50, WPA ,0.000000,0.000000,0.000,0.000,AP
2026-04-10 13:21:00,1900-01-00 00:00:00,1008-wombat,B8:27:EB:CA:A1:3C,-50, WPA ,0.000000,0.000000,0.000,0.000,AP
2026-04-10 13:21:00,1900-01-00 00:00:00,1008-wombat,B8:27:EB:CA:A1:3C,-49, WPA ,0.000000,0.000000,0.000,0.000,AP
2026-04-10 13:21:00,1900-01-00 00:00:00,,C8:34:8E:2C:B6:E4,-51,,0.000000,0.000000,0.000,0.000,Client
2026-04-10 13:21:00,1900-01-00 00:00:00,1008-wombat,B8:27:EB:CA:A1:3C,-50, WPA ,0.000000,0.000000,0.000,0.000,AP
2026-04-10 13:21:00,1900-01-00 00:00:00,1008-wombat,B8:27:EB:CA:A1:3C,-49, WPA ,0.000000,0.000000,0.000,0.000,AP
2026-04-10 13:21:00,1900-01-00 00:00:00,,C8:34:8E:2C:B6:E4,-50,,0.000000,0.000000,0.000,0.000,Client
2026-04-10 13:21:00,1900-01-00 00:00:00,,C8:34:8E:2C:B6:E4,-50,,0.000000,0.000000,0.000,0.000,Client
2026-04-10 13:21:00,1900-01-00 00:00:00,,C8:34:8E:2C:B6:E4,-50,,0.000000,0.000000,0.000,0.000,Client
2026-04-10 13:21:00,1900-01-00 00:00:00,,C8:34:8E:2C:B6:E4,-50,,0.000000,0.000000,0.000,0.000,Client
2026-04-10 13:21:00,1900-01-00 00:00:00,1008-wombat,B8:27:EB:CA:A1:3C,-49, WPA ,0.000000,0.000000,0.000,0.000,AP
2026-04-10 13:21:00,1900-01-00 00:00:00,1008-wombat,B8:27:EB:CA:A1:3C,-49, WPA ,0.000000,0.000000,0.000,0.000,AP
2026-04-10 13:21:00,1900-01-00 00:00:00,,C8:34:8E:2C:B6:E4,-49,,0.000000,0.000000,0.000,0.000,Client
2026-04-10 13:21:00,1900-01-00 00:00:00,,C8:34:8E:2C:B6:E4,-50,,0.000000,0.000000,0.000,0.000,Client
2026-04-10 13:21:00,1900-01-00 00:00:00,,C8:34:8E:2C:B6:E4,-50,,0.000000,0.000000,0.000,0.000,Client
2026-04-10 13:21:00,1900-01-00 00:00:00,1008-wombat,B8:27:EB:CA:A1:3C,-47, WPA ,0.000000,0.000000,0.000,0.000,AP
2026-04-10 13:21:00,1900-01-00 00:00:00,1008-wombat,B8:27:EB:CA:A1:3C,-49, WPA ,0.000000,0.000000,0.000,0.000,AP
2026-04-10 13:21:00,1900-01-00 00:00:00,1008-wombat,B8:27:EB:CA:A1:3C,-49, WPA ,0.000000,0.000000,0.000,0.000,AP
2026-04-10 13:21:00,1900-01-00 00:00:00,1008-wombat,B8:27:EB:CA:A1:3C,-47, WPA ,0.000000,0.000000,0.000,0.000,AP
2026-04-10 13:21:00,1900-01-00 00:00:00,,C8:34:8E:2C:B6:E4,-50,,0.000000,0.000000,0.000,0.000,Client
2026-04-10 13:21:00,1900-01-00 00:00:00,1008-wombat,B8:27:EB:CA:A1:3C,-47, WPA ,0.000000,0.000000,0.000,0.000,AP
2026-04-10 13:21:00,1900-01-00 00:00:00,,C8:34:8E:2C:B6:E4,-50,,0.000000,0.000000,0.000,0.000,Client
2026-04-10 13:21:00,1900-01-00 00:00:00,1008-wombat,B8:27:EB:CA:A1:3C,-50, WPA ,0.000000,0.000000,0.000,0.000,AP
2026-04-10 13:21:00,1900-01-00 00:00:00,1008-wombat,B8:27:EB:CA:A1:3C,-49, WPA ,0.000000,0.000000,0.000,0.000,AP
2026-04-10 13:21:00,1900-01-00 00:00:00,,C8:34:8E:2C:B6:E4,-50,,0.000000,0.000000,0.000,0.000,Client
2026-04-10 13:21:00,1900-01-00 00:00:00,1008-wombat,B8:27:EB:CA:A1:3C,-49, WPA ,0.000000,0.000000,0.000,0.000,AP
2026-04-10 13:21:00,1900-01-00 00:00:00,1008-wombat,B8:27:EB:CA:A1:3C,-46, WPA ,0.000000,0.000000,0.000,0.000,AP
2026-04-10 13:21:00,1900-01-00 00:00:00,1008-wombat,B8:27:EB:CA:A1:3C,-49, WPA ,0.000000,0.000000,0.000,0.000,AP
2026-04-10 13:21:00,1900-01-00 00:00:00,,C8:34:8E:2C:B6:E4,-50,,0.000000,0.000000,0.000,0.000,Client
2026-04-10 13:21:00,1900-01-00 00:00:00,,C8:34:8E:2C:B6:E4,-50,,0.000000,0.000000,0.000,0.000,Client
2026-04-10 13:21:00,1900-01-00 00:00:00,1008-wombat,B8:27:EB:CA:A1:3C,-50, WPA ,0.000000,0.000000,0.000,0.000,AP
2026-04-10 13:21:00,1900-01-00 00:00:00,1008-wombat,B8:27:EB:CA:A1:3C,-50, WPA ,0.000000,0.000000,0.000,0.000,AP
2026-04-10 13:21:00,1900-01-00 00:00:00,,C8:34:8E:2C:B6:E4,-51,,0.000000,0.000000,0.000,0.000,Client
2026-04-10 13:21:00,1900-01-00 00:00:00,1008-wombat,B8:27:EB:CA:A1:3C,-49, WPA ,0.000000,0.000000,0.000,0.000,AP
2026-04-10 13:21:00,1900-01-00 00:00:00,1008-wombat,B8:27:EB:CA:A1:3C,-49, WPA ,0.000000,0.000000,0.000,0.000,AP
2026-04-10 13:21:00,1900-01-00 00:00:00,,C8:34:8E:2C:B6:E4,-50,,0.000000,0.000000,0.000,0.000,Client
2026-04-10 13:21:00,1900-01-00 00:00:00,1008-wombat,B8:27:EB:CA:A1:3C,-49, WPA ,0.000000,0.000000,0.000,0.000,AP
2026-04-10 13:21:00,1900-01-00 00:00:00,1008-wombat,B8:27:EB:CA:A1:3C,-46, WPA ,0.000000,0.000000,0.000,0.000,AP
2026-04-10 13:21:00,1900-01-00 00:00:00,,C8:34:8E:2C:B6:E4,-51,,0.000000,0.000000,0.000,0.000,Client
2026-04-10 13:21:00,1900-01-00 00:00:00,,C8:34:8E:2C:B6:E4,-51,,0.000000,0.000000,0.000,0.000,Client
2026-04-10 13:21:00,1900-01-00 00:00:00,1008-wombat,B8:27:EB:CA:A1:3C,-46, WPA ,0.000000,0.000000,0.000,0.000,AP
2026-04-10 13:21:00,1900-01-00 00:00:00,,C8:34:8E:2C:B6:E4,-51,,0.000000,0.000000,0.000,0.000,Client
2026-04-10 13:21:00,1900-01-00 00:00:00,1008-wombat,B8:27:EB:CA:A1:3C,-45, WPA ,0.000000,0.000000,0.000,0.000,AP
2026-04-10 13:21:00,1900-01-00 00:00:00,1008-wombat,B8:27:EB:CA:A1:3C,-46, WPA ,0.000000,0.000000,0.000,0.000,AP
2026-04-10 13:21:00,1900-01-00 00:00:00,,C8:34:8E:2C:B6:E4,-50,,0.000000,0.000000,0.000,0.000,Client
2026-04-10 13:21:00,1900-01-00 00:00:00,,C8:34:8E:2C:B6:E4,-51,,0.000000,0.000000,0.000,0.000,Client
2026-04-10 13:21:00,1900-01-00 00:00:00,1008-wombat,B8:27:EB:CA:A1:3C,-48, WPA ,0.000000,0.000000,0.000,0.000,AP
2026-04-10 13:21:00,1900-01-00 00:00:00,1008-wombat,B8:27:EB:CA:A1:3C,-48, WPA ,0.000000,0.000000,0.000,0.000,AP
2026-04-10 13:21:00,1900-01-00 00:00:00,,C8:34:8E:2C:B6:E4,-52,,0.000000,0.000000,0.000,0.000,Client
2026-04-10 13:21:00,1900-01-00 00:00:00,,C8:34:8E:2C:B6:E4,-50,,0.000000,0.000000,0.000,0.000,Client
2026-04-10 13:21:00,1900-01-00 00:00:00,1008-wombat,B8:27:EB:CA:A1:3C,-48, WPA ,0.000000,0.000000,0.000,0.000,AP
2026-04-10 13:21:00,1900-01-00 00:00:00,1008-wombat,B8:27:EB:CA:A1:3C,-48, WPA ,0.000000,0.000000,0.000,0.000,AP
2026-04-10 13:21:00,1900-01-00 00:00:00,,C8:34:8E:2C:B6:E4,-52,,0.000000,0.000000,0.000,0.000,Client
2026-04-10 13:21:00,1900-01-00 00:00:00,1008-wombat,B8:27:EB:CA:A1:3C,-47, WPA ,0.000000,0.000000,0.000,0.000,AP
2026-04-10 13:21:00,1900-01-00 00:00:00,,C8:34:8E:2C:B6:E4,-50,,0.000000,0.000000,0.000,0.000,Client
2026-04-10 13:21:00,1900-01-00 00:00:00,,C8:34:8E:2C:B6:E4,-51,,0.000000,0.000000,0.000,0.000,Client
2026-04-10 13:21:00,1900-01-00 00:00:00,1008-wombat,B8:27:EB:CA:A1:3C,-48, WPA ,0.000000,0.000000,0.000,0.000,AP
2026-04-10 13:21:00,1900-01-00 00:00:00,1008-wombat,B8:27:EB:CA:A1:3C,-49, WPA ,0.000000,0.000000,0.000,0.000,AP
2026-04-10 13:21:00,1900-01-00 00:00:00,,C8:34:8E:2C:B6:E4,-51,,0.000000,0.000000,0.000,0.000,Client
2026-04-10 13:21:00,1900-01-00 00:00:00,,C8:34:8E:2C:B6:E4,-51,,0.000000,0.000000,0.000,0.000,Client
2026-04-10 13:21:00,1900-01-00 00:00:00,1008-wombat,B8:27:EB:CA:A1:3C,-49, WPA ,0.000000,0.000000,0.000,0.000,AP
2026-04-10 13:21:00,1900-01-00 00:00:00,1008-wombat,B8:27:EB:CA:A1:3C,-48, WPA ,0.000000,0.000000,0.000,0.000,AP
2026-04-10 13:21:00,1900-01-00 00:00:00,,C8:34:8E:2C:B6:E4,-51,,0.000000,0.000000,0.000,0.000,Client
2026-04-10 13:21:00,1900-01-00 00:00:00,1008-wombat,B8:27:EB:CA:A1:3C,-48, WPA ,0.000000,0.000000,0.000,0.000,AP
2026-04-10 13:21:00,1900-01-00 00:00:00,,C8:34:8E:2C:B6:E4,-52,,0.000000,0.000000,0.000,0.000,Client
2026-04-10 13:21:00,1900-01-00 00:00:00,1008-wombat,B8:27:EB:CA:A1:3C,-43, WPA ,0.000000,0.000000,0.000,0.000,AP
2026-04-10 13:21:00,1900-01-00 00:00:00,,C8:34:8E:2C:B6:E4,-53,,0.000000,0.000000,0.000,0.000,Client
2026-04-10 13:21:00,1900-01-00 00:00:00,,C8:34:8E:2C:B6:E4,-53,,0.000000,0.000000,0.000,0.000,Client
2026-04-10 13:21:00,1900-01-00 00:00:00,1008-wombat,B8:27:EB:CA:A1:3C,-48, WPA ,0.000000,0.000000,0.000,0.000,AP
2026-04-10 13:21:00,1900-01-00 00:00:00,1008-wombat,B8:27:EB:CA:A1:3C,-48, WPA ,0.000000,0.000000,0.000,0.000,AP
2026-04-10 13:21:00,1900-01-00 00:00:00,,C8:34:8E:2C:B6:E4,-53,,0.000000,0.000000,0.000,0.000,Client
2026-04-10 13:21:00,1900-01-00 00:00:00,,C8:34:8E:2C:B6:E4,-52,,0.000000,0.000000,0.000,0.000,Client
2026-04-10 13:21:00,1900-01-00 00:00:00,1008-wombat,B8:27:EB:CA:A1:3C,-48, WPA ,0.000000,0.000000,0.000,0.000,AP
2026-04-10 13:21:00,1900-01-00 00:00:00,1008-wombat,B8:27:EB:CA:A1:3C,-48, WPA ,0.000000,0.000000,0.000,0.000,AP
2026-04-10 13:21:00,1900-01-00 00:00:00,,C8:34:8E:2C:B6:E4,-53,,0.000000,0.000000,0.000,0.000,Client
2026-04-10 13:21:00,1900-01-00 00:00:00,1008-wombat,B8:27:EB:CA:A1:3C,-48, WPA ,0.000000,0.000000,0.000,0.000,AP
2026-04-10 13:21:00,1900-01-00 00:00:00,,C8:34:8E:2C:B6:E4,-53,,0.000000,0.000000,0.000,0.000,Client
2026-04-10 13:21:00,1900-01-00 00:00:00,,C8:34:8E:2C:B6:E4,-53,,0.000000,0.000000,0.000,0.000,Client
2026-04-10 13:21:00,1900-01-00 00:00:00,1008-wombat,B8:27:EB:CA:A1:3C,-48, WPA ,0.000000,0.000000,0.000,0.000,AP
2026-04-10 13:21:00,1900-01-00 00:00:00,1008-wombat,B8:27:EB:CA:A1:3C,-48, WPA ,0.000000,0.000000,0.000,0.000,AP
2026-04-10 13:21:00,1900-01-00 00:00:00,,C8:34:8E:2C:B6:E4,-52,,0.000000,0.000000,0.000,0.000,Client
2026-04-10 13:21:00,1900-01-00 00:00:00,,C8:34:8E:2C:B6:E4,-53,,0.000000,0.000000,0.000,0.000,Client
2026-04-10 13:21:00,1900-01-00 00:00:00,1008-wombat,B8:27:EB:CA:A1:3C,-47, WPA ,0.000000,0.000000,0.000,0.000,AP
2026-04-10 13:21:00,1900-01-00 00:00:00,1008-wombat,B8:27:EB:CA:A1:3C,-48, WPA ,0.000000,0.000000,0.000,0.000,AP
2026-04-10 13:21:00,1900-01-00 00:00:00,,C8:34:8E:2C:B6:E4,-52,,0.000000,0.000000,0.000,0.000,Client
2026-04-10 13:21:00,1900-01-00 00:00:00,1008-wombat,B8:27:EB:CA:A1:3C,-47, WPA ,0.000000,0.000000,0.000,0.000,AP
2026-04-10 13:21:01,1900-01-00 00:00:00,1008-wombat,B8:27:EB:CA:A1:3C,-45, WPA ,0.000000,0.000000,0.000,0.000,AP
2026-04-10 13:21:01,1900-01-00 00:00:00,,C8:34:8E:2C:B6:E4,-51,,0.000000,0.000000,0.000,0.000,Client
2026-04-10 13:21:01,1900-01-00 00:00:00,,C8:34:8E:2C:B6:E4,-51,,0.000000,0.000000,0.000,0.000,Client
2026-04-10 13:21:01,1900-01-00 00:00:00,1008-wombat,B8:27:EB:CA:A1:3C,-49, WPA ,0.000000,0.000000,0.000,0.000,AP
2026-04-10 13:21:01,1900-01-00 00:00:00,1008-wombat,B8:27:EB:CA:A1:3C,-48, WPA ,0.000000,0.000000,0.000,0.000,AP
2026-04-10 13:21:01,1900-01-00 00:00:00,,C8:34:8E:2C:B6:E4,-51,,0.000000,0.000000,0.000,0.000,Client
2026-04-10 13:21:01,1900-01-00 00:00:00,,C8:34:8E:2C:B6:E4,-50,,0.000000,0.000000,0.000,0.000,Client
2026-04-10 13:21:01,1900-01-00 00:00:00,1008-wombat,B8:27:EB:CA:A1:3C,-48, WPA ,0.000000,0.000000,0.000,0.000,AP
2026-04-10 13:21:01,1900-01-00 00:00:00,1008-wombat,B8:27:EB:CA:A1:3C,-49, WPA ,0.000000,0.000000,0.000,0.000,AP
2026-04-10 13:21:01,1900-01-00 00:00:00,,C8:34:8E:2C:B6:E4,-51,,0.000000,0.000000,0.000,0.000,Client
2026-04-10 13:21:01,1900-01-00 00:00:00,1008-wombat,B8:27:EB:CA:A1:3C,-48, WPA ,0.000000,0.000000,0.000,0.000,AP
2026-04-10 13:21:01,1900-01-00 00:00:00,1008-wombat,B8:27:EB:CA:A1:3C,-45, WPA ,0.000000,0.000000,0.000,0.000,AP
2026-04-10 13:21:01,1900-01-00 00:00:00,1008-wombat,B8:27:EB:CA:A1:3C,-47, WPA ,0.000000,0.000000,0.000,0.000,AP
2026-04-10 13:21:01,1900-01-00 00:00:00,,C8:34:8E:2C:B6:E4,-51,,0.000000,0.000000,0.000,0.000,Client
2026-04-10 13:21:01,1900-01-00 00:00:00,1008-wombat,B8:27:EB:CA:A1:3C,-45, WPA ,0.000000,0.000000,0.000,0.000,AP
2026-04-10 13:21:01,1900-01-00 00:00:00,1008-wombat,B8:27:EB:CA:A1:3C,-45, WPA ,0.000000,0.000000,0.000,0.000,AP
2026-04-10 13:21:01,1900-01-00 00:00:00,,C8:34:8E:2C:B6:E4,-51,,0.000000,0.000000,0.000,0.000,Client
2026-04-10 13:21:01,1900-01-00 00:00:00,1008-wombat,B8:27:EB:CA:A1:3C,-49, WPA ,0.000000,0.000000,0.000,0.000,AP
2026-04-10 13:21:01,1900-01-00 00:00:00,,C8:34:8E:2C:B6:E4,-51,,0.000000,0.000000,0.000,0.000,Client
2026-04-10 13:21:01,1900-01-00 00:00:00,1008-wombat,B8:27:EB:CA:A1:3C,-49, WPA ,0.000000,0.000000,0.000,0.000,AP
2026-04-10 13:21:01,1900-01-00 00:00:00,1008-wombat,B8:27:EB:CA:A1:3C,-46, WPA ,0.000000,0.000000,0.000,0.000,AP
2026-04-10 13:21:01,1900-01-00 00:00:00,,C8:34:8E:2C:B6:E4,-50,,0.000000,0.000000,0.000,0.000,Client
2026-04-10 13:21:01,1900-01-00 00:00:00,1008-wombat,B8:27:EB:CA:A1:3C,-43, WPA ,0.000000,0.000000,0.000,0.000,AP
2026-04-10 13:21:01,1900-01-00 00:00:00,1008-wombat,B8:27:EB:CA:A1:3C,-44, WPA ,0.000000,0.000000,0.000,0.000,AP
2026-04-10 13:21:01,1900-01-00 00:00:00,1008-wombat,B8:27:EB:CA:A1:3C,-47, WPA ,0.000000,0.000000,0.000,0.000,AP
2026-04-10 13:21:01,1900-01-00 00:00:00,,C8:34:8E:2C:B6:E4,-51,,0.000000,0.000000,0.000,0.000,Client
2026-04-10 13:21:01,1900-01-00 00:00:00,,C8:34:8E:2C:B6:E4,-52,,0.000000,0.000000,0.000,0.000,Client
2026-04-10 13:21:01,1900-01-00 00:00:00,1008-wombat,B8:27:EB:CA:A1:3C,-50, WPA ,0.000000,0.000000,0.000,0.000,AP
2026-04-10 13:21:01,1900-01-00 00:00:00,1008-wombat,B8:27:EB:CA:A1:3C,-49, WPA ,0.000000,0.000000,0.000,0.000,AP
2026-04-10 13:21:01,1900-01-00 00:00:00,,C8:34:8E:2C:B6:E4,-51,,0.000000,0.000000,0.000,0.000,Client
2026-04-10 13:21:01,1900-01-00 00:00:00,,C8:34:8E:2C:B6:E4,-52,,0.000000,0.000000,0.000,0.000,Client
2026-04-10 13:21:01,1900-01-00 00:00:00,1008-wombat,B8:27:EB:CA:A1:3C,-50, WPA ,0.000000,0.000000,0.000,0.000,AP
2026-04-10 13:21:01,1900-01-00 00:00:00,1008-wombat,B8:27:EB:CA:A1:3C,-49, WPA ,0.000000,0.000000,0.000,0.000,AP
2026-04-10 13:21:01,1900-01-00 00:00:00,,C8:34:8E:2C:B6:E4,-50,,0.000000,0.000000,0.000,0.000,Client
2026-04-10 13:21:01,1900-01-00 00:00:00,1008-wombat,B8:27:EB:CA:A1:3C,-50, WPA ,0.000000,0.000000,0.000,0.000,AP
2026-04-10 13:21:01,1900-01-00 00:00:00,1008-wombat,B8:27:EB:CA:A1:3C,-50, WPA ,0.000000,0.000000,0.000,0.000,AP
2026-04-10 13:21:01,1900-01-00 00:00:00,,C8:34:8E:2C:B6:E4,-51,,0.000000,0.000000,0.000,0.000,Client
2026-04-10 13:21:01,1900-01-00 00:00:00,,C8:34:8E:2C:B6:E4,-51,,0.000000,0.000000,0.000,0.000,Client
2026-04-10 13:21:01,1900-01-00 00:00:00,1008-wombat,B8:27:EB:CA:A1:3C,-51, WPA ,0.000000,0.000000,0.000,0.000,AP
2026-04-10 13:21:01,1900-01-00 00:00:00,1008-wombat,B8:27:EB:CA:A1:3C,-51, WPA ,0.000000,0.000000,0.000,0.000,AP
2026-04-10 13:21:01,1900-01-00 00:00:00,,C8:34:8E:2C:B6:E4,-50,,0.000000,0.000000,0.000,0.000,Client
2026-04-10 13:21:01,1900-01-00 00:00:00,1008-wombat,B8:27:EB:CA:A1:3C,-49, WPA ,0.000000,0.000000,0.000,0.000,AP
2026-04-10 13:21:01,1900-01-00 00:00:00,,C8:34:8E:2C:B6:E4,-51,,0.000000,0.000000,0.000,0.000,Client
2026-04-10 13:21:01,1900-01-00 00:00:00,1008-wombat,B8:27:EB:CA:A1:3C,-51, WPA ,0.000000,0.000000,0.000,0.000,AP
2026-04-10 13:21:01,1900-01-00 00:00:00,,C8:34:8E:2C:B6:E4,-51,,0.000000,0.000000,0.000,0.000,Client
2026-04-10 13:21:01,1900-01-00 00:00:00,1008-wombat,B8:27:EB:CA:A1:3C,-49, WPA ,0.000000,0.000000,0.000,0.000,AP
2026-04-10 13:21:01,1900-01-00 00:00:00,1008-wombat,B8:27:EB:CA:A1:3C,-50, WPA ,0.000000,0.000000,0.000,0.000,AP
2026-04-10 13:21:01,1900-01-00 00:00:00,,C8:34:8E:2C:B6:E4,-51,,0.000000,0.000000,0.000,0.000,Client
2026-04-10 13:21:01,1900-01-00 00:00:00,1008-wombat,B8:27:EB:CA:A1:3C,-46, WPA ,0.000000,0.000000,0.000,0.000,AP
2026-04-10 13:21:01,1900-01-00 00:00:00,,C8:15:4E:20:C7:81,-48,,0.000000,0.000000,0.000,0.000,Client
2026-04-10 13:21:01,1900-01-00 00:00:00,1008-wombat,B8:27:EB:CA:A1:3C,-45, WPA ,0.000000,0.000000,0.000,0.000,AP
2026-04-10 13:21:01,1900-01-00 00:00:00,1008-wombat,B8:27:EB:CA:A1:3C,-47, WPA ,0.000000,0.000000,0.000,0.000,AP
2026-04-10 13:21:01,1900-01-00 00:00:00,,C8:34:8E:2C:B6:E4,-51,,0.000000,0.000000,0.000,0.000,Client
2026-04-10 13:21:01,1900-01-00 00:00:00,1008-wombat,B8:27:EB:CA:A1:3C,-44, WPA ,0.000000,0.000000,0.000,0.000,AP
2026-04-10 13:21:01,1900-01-00 00:00:00,,C8:15:4E:20:C7:81,-48,,0.000000,0.000000,0.000,0.000,Client
2026-04-10 13:21:01,1900-01-00 00:00:00,1008-wombat,B8:27:EB:CA:A1:3C,-47, WPA ,0.000000,0.000000,0.000,0.000,AP
2026-04-10 13:21:01,1900-01-00 00:00:00,1008-wombat,B8:27:EB:CA:A1:3C,-47, WPA ,0.000000,0.000000,0.000,0.000,AP
2026-04-10 13:21:01,1900-01-00 00:00:00,,C8:34:8E:2C:B6:E4,-50,,0.000000,0.000000,0.000,0.000,Client
2026-04-10 13:21:01,1900-01-00 00:00:00,1008-wombat,B8:27:EB:CA:A1:3C,-45, WPA ,0.000000,0.000000,0.000,0.000,AP
2026-04-10 13:21:01,1900-01-00 00:00:00,,C8:15:4E:20:C7:81,-48,,0.000000,0.000000,0.000,0.000,Client
2026-04-10 13:21:01,1900-01-00 00:00:00,1008-wombat,B8:27:EB:CA:A1:3C,-44, WPA ,0.000000,0.000000,0.000,0.000,AP
2026-04-10 13:21:01,1900-01-00 00:00:00,,C8:15:4E:20:C7:81,-47,,0.000000,0.000000,0.000,0.000,Client
2026-04-10 13:21:01,1900-01-00 00:00:00,,C8:15:4E:20:C7:81,-47,,0.000000,0.000000,0.000,0.000,Client
2026-04-10 13:21:01,1900-01-00 00:00:00,1008-wombat,B8:27:EB:CA:A1:3C,-47, WPA ,0.000000,0.000000,0.000,0.000,AP
2026-04-10 13:21:01,1900-01-00 00:00:00,1008-wombat,B8:27:EB:CA:A1:3C,-47, WPA ,0.000000,0.000000,0.000,0.000,AP
2026-04-10 13:21:01,1900-01-00 00:00:00,,C8:15:4E:20:C7:81,-47,,0.000000,0.000000,0.000,0.000,Client
2026-04-10 13:21:01,1900-01-00 00:00:00,,C8:15:4E:20:C7:81,-47,,0.000000,0.000000,0.000,0.000,Client
2026-04-10 13:21:01,1900-01-00 00:00:00,,C8:15:4E:20:C7:81,-47,,0.000000,0.000000,0.000,0.000,Client
2026-04-10 13:21:01,1900-01-00 00:00:00,,C8:15:4E:20:C7:81,-47,,0.000000,0.000000,0.000,0.000,Client
2026-04-10 13:21:01,1900-01-00 00:00:00,,C8:15:4E:20:C7:81,-46,,0.000000,0.000000,0.000,0.000,Client
2026-04-10 13:21:01,1900-01-00 00:00:00,,C8:15:4E:20:C7:81,-47,,0.000000,0.000000,0.000,0.000,Client
2026-04-10 13:21:01,1900-01-00 00:00:00,1008-wombat,B8:27:EB:CA:A1:3C,-48, WPA ,0.000000,0.000000,0.000,0.000,AP
2026-04-10 13:21:01,1900-01-00 00:00:00,1008-wombat,B8:27:EB:CA:A1:3C,-49, WPA ,0.000000,0.000000,0.000,0.000,AP
2026-04-10 13:21:01,1900-01-00 00:00:00,1008-wombat,B8:27:EB:CA:A1:3C,-47, WPA ,0.000000,0.000000,0.000,0.000,AP
2026-04-10 13:21:01,1900-01-00 00:00:00,1008-wombat,B8:27:EB:CA:A1:3C,-47, WPA ,0.000000,0.000000,0.000,0.000,AP
2026-04-10 13:21:01,1900-01-00 00:00:00,1008-wombat,B8:27:EB:CA:A1:3C,-48, WPA ,0.000000,0.000000,0.000,0.000,AP
2026-04-10 13:21:01,1900-01-00 00:00:00,1008-wombat,B8:27:EB:CA:A1:3C,-47, WPA ,0.000000,0.000000,0.000,0.000,AP
2026-04-10 13:21:01,1900-01-00 00:00:00,,C8:15:4E:20:C7:81,-47,,0.000000,0.000000,0.000,0.000,Client
2026-04-10 13:21:01,1900-01-00 00:00:00,,C8:15:4E:20:C7:81,-47,,0.000000,0.000000,0.000,0.000,Client
2026-04-10 13:21:01,1900-01-00 00:00:00,1008-wombat,B8:27:EB:CA:A1:3C,-48, WPA ,0.000000,0.000000,0.000,0.000,AP
2026-04-10 13:21:01,1900-01-00 00:00:00,1008-wombat,B8:27:EB:CA:A1:3C,-49, WPA ,0.000000,0.000000,0.000,0.000,AP
2026-04-10 13:21:01,1900-01-00 00:00:00,,C8:15:4E:20:C7:81,-47,,0.000000,0.000000,0.000,0.000,Client
2026-04-10 13:21:01,1900-01-00 00:00:00,,C8:15:4E:20:C7:81,-47,,0.000000,0.000000,0.000,0.000,Client
2026-04-10 13:21:01,1900-01-00 00:00:00,,C8:15:4E:20:C7:81,-47,,0.000000,0.000000,0.000,0.000,Client
2026-04-10 13:21:01,1900-01-00 00:00:00,,C8:15:4E:20:C7:81,-46,,0.000000,0.000000,0.000,0.000,Client
2026-04-10 13:21:01,1900-01-00 00:00:00,,C8:15:4E:20:C7:81,-47,,0.000000,0.000000,0.000,0.000,Client
2026-04-10 13:21:01,1900-01-00 00:00:00,,C8:15:4E:20:C7:81,-47,,0.000000,0.000000,0.000,0.000,Client
2026-04-10 13:21:01,1900-01-00 00:00:00,1008-wombat,B8:27:EB:CA:A1:3C,-49, WPA ,0.000000,0.000000,0.000,0.000,AP
2026-04-10 13:21:01,1900-01-00 00:00:00,1008-wombat,B8:27:EB:CA:A1:3C,-48, WPA ,0.000000,0.000000,0.000,0.000,AP
2026-04-10 13:21:01,1900-01-00 00:00:00,1008-wombat,B8:27:EB:CA:A1:3C,-47, WPA ,0.000000,0.000000,0.000,0.000,AP
2026-04-10 13:21:01,1900-01-00 00:00:00,1008-wombat,B8:27:EB:CA:A1:3C,-47, WPA ,0.000000,0.000000,0.000,0.000,AP
2026-04-10 13:21:01,1900-01-00 00:00:00,1008-wombat,B8:27:EB:CA:A1:3C,-48, WPA ,0.000000,0.000000,0.000,0.000,AP
2026-04-10 13:21:01,1900-01-00 00:00:00,,C8:15:4E:20:C7:81,-48,,0.000000,0.000000,0.000,0.000,Client
2026-04-10 13:21:01,1900-01-00 00:00:00,1008-wombat,B8:27:EB:CA:A1:3C,-48, WPA ,0.000000,0.000000,0.000,0.000,AP
2026-04-10 13:21:01,1900-01-00 00:00:00,,C8:15:4E:20:C7:81,-48,,0.000000,0.000000,0.000,0.000,Client
2026-04-10 13:21:01,1900-01-00 00:00:00,,C8:15:4E:20:C7:81,-47,,0.000000,0.000000,0.000,0.000,Client
2026-04-10 13:21:01,1900-01-00 00:00:00,1008-wombat,B8:27:EB:CA:A1:3C,-48, WPA ,0.000000,0.000000,0.000,0.000,AP
2026-04-10 13:21:01,1900-01-00 00:00:00,,C8:15:4E:20:C7:81,-48,,0.000000,0.000000,0.000,0.000,Client
2026-04-10 13:21:01,1900-01-00 00:00:00,,C8:15:4E:20:C7:81,-47,,0.000000,0.000000,0.000,0.000,Client
2026-04-10 13:21:01,1900-01-00 00:00:00,1008-wombat,B8:27:EB:CA:A1:3C,-49, WPA ,0.000000,0.000000,0.000,0.000,AP
2026-04-10 13:21:01,1900-01-00 00:00:00,,C8:15:4E:20:C7:81,-47,,0.000000,0.000000,0.000,0.000,Client
2026-04-10 13:21:01,1900-01-00 00:00:00,,C8:15:4E:20:C7:81,-48,,0.000000,0.000000,0.000,0.000,Client
2026-04-10 13:21:01,1900-01-00 00:00:00,1008-wombat,B8:27:EB:CA:A1:3C,-48, WPA ,0.000000,0.000000,0.000,0.000,AP
2026-04-10 13:21:01,1900-01-00 00:00:00,1008-wombat,B8:27:EB:CA:A1:3C,-48, WPA ,0.000000,0.000000,0.000,0.000,AP
2026-04-10 13:21:01,1900-01-00 00:00:00,1008-wombat,B8:27:EB:CA:A1:3C,-48, WPA ,0.000000,0.000000,0.000,0.000,AP
2026-04-10 13:21:01,1900-01-00 00:00:00,1008-wombat,B8:27:EB:CA:A1:3C,-47, WPA ,0.000000,0.000000,0.000,0.000,AP
2026-04-10 13:21:01,1900-01-00 00:00:00,,C8:15:4E:20:C7:81,-48,,0.000000,0.000000,0.000,0.000,Client
2026-04-10 13:21:01,1900-01-00 00:00:00,,C8:15:4E:20:C7:81,-48,,0.000000,0.000000,0.000,0.000,Client
2026-04-10 13:21:01,1900-01-00 00:00:00,,C8:15:4E:20:C7:81,-47,,0.000000,0.000000,0.000,0.000,Client
2026-04-10 13:21:01,1900-01-00 00:00:00,,C8:15:4E:20:C7:81,-48,,0.000000,0.000000,0.000,0.000,Client
2026-04-10 13:21:01,1900-01-00 00:00:00,1008-wombat,B8:27:EB:CA:A1:3C,-47, WPA ,0.000000,0.000000,0.000,0.000,AP
2026-04-10 13:21:01,1900-01-00 00:00:00,1008-wombat,B8:27:EB:CA:A1:3C,-48, WPA ,0.000000,0.000000,0.000,0.000,AP
2026-04-10 13:21:01,1900-01-00 00:00:00,,C8:15:4E:20:C7:81,-48,,0.000000,0.000000,0.000,0.000,Client
2026-04-10 13:21:01,1900-01-00 00:00:00,,C8:15:4E:20:C7:81,-47,,0.000000,0.000000,0.000,0.000,Client
2026-04-10 13:21:01,1900-01-00 00:00:00,,C8:15:4E:20:C7:81,-48,,0.000000,0.000000,0.000,0.000,Client
2026-04-10 13:21:01,1900-01-00 00:00:00,,C8:15:4E:20:C7:81,-48,,0.000000,0.000000,0.000,0.000,Client
2026-04-10 13:21:01,1900-01-00 00:00:00,,C8:15:4E:20:C7:81,-48,,0.000000,0.000000,0.000,0.000,Client
2026-04-10 13:21:01,1900-01-00 00:00:00,,C8:15:4E:20:C7:81,-48,,0.000000,0.000000,0.000,0.000,Client
2026-04-10 13:21:01,1900-01-00 00:00:00,1008-wombat,B8:27:EB:CA:A1:3C,-48, WPA ,0.000000,0.000000,0.000,0.000,AP
2026-04-10 13:21:01,1900-01-00 00:00:00,1008-wombat,B8:27:EB:CA:A1:3C,-47, WPA ,0.000000,0.000000,0.000,0.000,AP
2026-04-10 13:21:01,1900-01-00 00:00:00,1008-wombat,B8:27:EB:CA:A1:3C,-46, WPA ,0.000000,0.000000,0.000,0.000,AP
2026-04-10 13:21:01,1900-01-00 00:00:00,1008-wombat,B8:27:EB:CA:A1:3C,-47, WPA ,0.000000,0.000000,0.000,0.000,AP
2026-04-10 13:21:01,1900-01-00 00:00:00,1008-wombat,B8:27:EB:CA:A1:3C,-46, WPA ,0.000000,0.000000,0.000,0.000,AP
2026-04-10 13:21:01,1900-01-00 00:00:00,1008-wombat,B8:27:EB:CA:A1:3C,-47, WPA ,0.000000,0.000000,0.000,0.000,AP
2026-04-10 13:21:01,1900-01-00 00:00:00,,C8:15:4E:20:C7:81,-48,,0.000000,0.000000,0.000,0.000,Client
2026-04-10 13:21:01,1900-01-00 00:00:00,,C8:15:4E:20:C7:81,-48,,0.000000,0.000000,0.000,0.000,Client
2026-04-10 13:21:01,1900-01-00 00:00:00,1008-wombat,B8:27:EB:CA:A1:3C,-47, WPA ,0.000000,0.000000,0.000,0.000,AP
2026-04-10 13:21:01,1900-01-00 00:00:00,1008-wombat,B8:27:EB:CA:A1:3C,-46, WPA ,0.000000,0.000000,0.000,0.000,AP
2026-04-10 13:21:01,1900-01-00 00:00:00,,C8:15:4E:20:C7:81,-48,,0.000000,0.000000,0.000,0.000,Client
2026-04-10 13:21:01,1900-01-00 00:00:00,,C8:15:4E:20:C7:81,-48,,0.000000,0.000000,0.000,0.000,Client
2026-04-10 13:21:01,1900-01-00 00:00:00,,C8:15:4E:20:C7:81,-49,,0.000000,0.000000,0.000,0.000,Client
2026-04-10 13:21:01,1900-01-00 00:00:00,,C8:15:4E:20:C7:81,-48,,0.000000,0.000000,0.000,0.000,Client
2026-04-10 13:21:01,1900-01-00 00:00:00,,C8:15:4E:20:C7:81,-48,,0.000000,0.000000,0.000,0.000,Client
2026-04-10 13:21:01,1900-01-00 00:00:00,,C8:15:4E:20:C7:81,-48,,0.000000,0.000000,0.000,0.000,Client
2026-04-10 13:21:01,1900-01-00 00:00:00,1008-wombat,B8:27:EB:CA:A1:3C,-47, WPA ,0.000000,0.000000,0.000,0.000,AP
2026-04-10 13:21:01,1900-01-00 00:00:00,1008-wombat,B8:27:EB:CA:A1:3C,-44, WPA ,0.000000,0.000000,0.000,0.000,AP
2026-04-10 13:21:01,1900-01-00 00:00:00,1008-wombat,B8:27:EB:CA:A1:3C,-46, WPA ,0.000000,0.000000,0.000,0.000,AP
2026-04-10 13:21:01,1900-01-00 00:00:00,1008-wombat,B8:27:EB:CA:A1:3C,-46, WPA ,0.000000,0.000000,0.000,0.000,AP
2026-04-10 13:21:01,1900-01-00 00:00:00,1008-wombat,B8:27:EB:CA:A1:3C,-46, WPA ,0.000000,0.000000,0.000,0.000,AP
2026-04-10 13:21:01,1900-01-00 00:00:00,1008-wombat,B8:27:EB:CA:A1:3C,-46, WPA ,0.000000,0.000000,0.000,0.000,AP
2026-04-10 13:21:01,1900-01-00 00:00:00,1008-wombat,B8:27:EB:CA:A1:3C,-45, WPA ,0.000000,0.000000,0.000,0.000,AP
2026-04-10 13:21:01,1900-01-00 00:00:00,,C8:15:4E:20:C7:81,-49,,0.000000,0.000000,0.000,0.000,Client
2026-04-10 13:21:01,1900-01-00 00:00:00,,C8:15:4E:20:C7:81,-49,,0.000000,0.000000,0.000,0.000,Client
2026-04-10 13:21:01,1900-01-00 00:00:00,,C8:15:4E:20:C7:81,-49,,0.000000,0.000000,0.000,0.000,Client
2026-04-10 13:21:01,1900-01-00 00:00:00,,C8:15:4E:20:C7:81,-49,,0.000000,0.000000,0.000,0.000,Client
2026-04-10 13:21:01,1900-01-00 00:00:00,,C8:15:4E:20:C7:81,-49,,0.000000,0.000000,0.000,0.000,Client
2026-04-10 13:21:01,1900-01-00 00:00:00,1008-wombat,B8:27:EB:CA:A1:3C,-47, WPA ,0.000000,0.000000,0.000,0.000,AP
2026-04-10 13:21:01,1900-01-00 00:00:00,1008-wombat,B8:27:EB:CA:A1:3C,-47, WPA ,0.000000,0.000000,0.000,0.000,AP
2026-04-10 13:21:01,1900-01-00 00:00:00,,C8:15:4E:20:C7:81,-49,,0.000000,0.000000,0.000,0.000,Client
2026-04-10 13:21:01,1900-01-00 00:00:00,1008-wombat,B8:27:EB:CA:A1:3C,-46, WPA ,0.000000,0.000000,0.000,0.000,AP
2026-04-10 13:21:01,1900-01-00 00:00:00,1008-wombat,B8:27:EB:CA:A1:3C,-46, WPA ,0.000000,0.000000,0.000,0.000,AP
2026-04-10 13:21:01,1900-01-00 00:00:00,,C8:15:4E:20:C7:81,-49,,0.000000,0.000000,0.000,0.000,Client
2026-04-10 13:21:01,1900-01-00 00:00:00,,C8:15:4E:20:C7:81,-49,,0.000000,0.000000,0.000,0.000,Client
2026-04-10 13:21:01,1900-01-00 00:00:00,1008-wombat,B8:27:EB:CA:A1:3C,-46, WPA ,0.000000,0.000000,0.000,0.000,AP
2026-04-10 13:21:01,1900-01-00 00:00:00,,C8:15:4E:20:C7:81,-49,,0.000000,0.000000,0.000,0.000,Client
2026-04-10 13:21:02,1900-01-00 00:00:00,1008-wombat,B8:27:EB:CA:A1:3C,-45, WPA ,0.000000,0.000000,0.000,0.000,AP
2026-04-10 13:21:02,1900-01-00 00:00:00,1008-wombat,B8:27:EB:CA:A1:3C,-45, WPA ,0.000000,0.000000,0.000,0.000,AP
2026-04-10 13:21:02,1900-01-00 00:00:00,1008-wombat,B8:27:EB:CA:A1:3C,-45, WPA ,0.000000,0.000000,0.000,0.000,AP
2026-04-10 13:21:02,1900-01-00 00:00:00,1008-wombat,B8:27:EB:CA:A1:3C,-45, WPA ,0.000000,0.000000,0.000,0.000,AP
2026-04-10 13:21:02,1900-01-00 00:00:00,1008-wombat,B8:27:EB:CA:A1:3C,-44, WPA ,0.000000,0.000000,0.000,0.000,AP
2026-04-10 13:21:02,1900-01-00 00:00:00,1008-wombat,B8:27:EB:CA:A1:3C,-45, WPA ,0.000000,0.000000,0.000,0.000,AP
2026-04-10 13:21:02,1900-01-00 00:00:00,1008-wombat,B8:27:EB:CA:A1:3C,-43, WPA ,0.000000,0.000000,0.000,0.000,AP
2026-04-10 13:21:02,1900-01-00 00:00:00,1008-wombat,B8:27:EB:CA:A1:3C,-44, WPA ,0.000000,0.000000,0.000,0.000,AP
2026-04-10 13:21:02,1900-01-00 00:00:00,1008-wombat,B8:27:EB:CA:A1:3C,-45, WPA ,0.000000,0.000000,0.000,0.000,AP
2026-04-10 13:21:02,1900-01-00 00:00:00,1008-wombat,B8:27:EB:CA:A1:3C,-45, WPA ,0.000000,0.000000,0.000,0.000,AP
2026-04-10 13:21:02,1900-01-00 00:00:00,,C8:34:8E:2C:B6:E4,-52,,0.000000,0.000000,0.000,0.000,Client
2026-04-10 13:21:02,1900-01-00 00:00:00,1008-wombat,B8:27:EB:CA:A1:3C,-44, WPA ,0.000000,0.000000,0.000,0.000,AP
2026-04-10 13:21:02,1900-01-00 00:00:00,1008-wombat,B8:27:EB:CA:A1:3C,-44, WPA ,0.000000,0.000000,0.000,0.000,AP
2026-04-10 13:21:02,1900-01-00 00:00:00,1008-wombat,B8:27:EB:CA:A1:3C,-45, WPA ,0.000000,0.000000,0.000,0.000,AP
2026-04-10 13:21:02,1900-01-00 00:00:00,1008-wombat,B8:27:EB:CA:A1:3C,-44, WPA ,0.000000,0.000000,0.000,0.000,AP
2026-04-10 13:21:02,1900-01-00 00:00:00,1008-wombat,B8:27:EB:CA:A1:3C,-45, WPA ,0.000000,0.000000,0.000,0.000,AP
2026-04-10 13:21:02,1900-01-00 00:00:00,,C8:34:8E:2C:B6:E4,-51,,0.000000,0.000000,0.000,0.000,Client
2026-04-10 13:21:02,1900-01-00 00:00:00,1008-wombat,B8:27:EB:CA:A1:3C,-44, WPA ,0.000000,0.000000,0.000,0.000,AP
2026-04-10 13:21:02,1900-01-00 00:00:00,1008-wombat,B8:27:EB:CA:A1:3C,-44, WPA ,0.000000,0.000000,0.000,0.000,AP
2026-04-10 13:21:02,1900-01-00 00:00:00,1008-wombat,B8:27:EB:CA:A1:3C,-44, WPA ,0.000000,0.000000,0.000,0.000,AP
2026-04-10 13:21:02,1900-01-00 00:00:00,,C8:34:8E:2C:B6:E4,-51,,0.000000,0.000000,0.000,0.000,Client
2026-04-10 13:21:02,1900-01-00 00:00:00,1008-wombat,B8:27:EB:CA:A1:3C,-42, WPA ,0.000000,0.000000,0.000,0.000,AP
2026-04-10 13:21:03,1900-01-00 00:00:00,1008-wombat,B8:27:EB:CA:A1:3C,-44, WPA ,0.000000,0.000000,0.000,0.000,AP
2026-04-10 13:21:03,1900-01-00 00:00:00,,C8:34:8E:2C:B6:E4,-50,,0.000000,0.000000,0.000,0.000,Client
2026-04-10 13:21:03,1900-01-00 00:00:00,1008-wombat,B8:27:EB:CA:A1:3C,-45, WPA ,0.000000,0.000000,0.000,0.000,AP
2026-04-10 13:21:03,1900-01-00 00:00:00,,C8:34:8E:2C:B6:E4,-50,,0.000000,0.000000,0.000,0.000,Client
2026-04-10 13:21:03,1900-01-00 00:00:00,,C8:34:8E:2C:B6:E4,-50,,0.000000,0.000000,0.000,0.000,Client
2026-04-10 13:21:03,1900-01-00 00:00:00,,C8:34:8E:2C:B6:E4,-50,,0.000000,0.000000,0.000,0.000,Client
2026-04-10 13:21:03,1900-01-00 00:00:00,1008-wombat,B8:27:EB:CA:A1:3C,-45, WPA ,0.000000,0.000000,0.000,0.000,AP
2026-04-10 13:21:03,1900-01-00 00:00:00,1008-wombat,B8:27:EB:CA:A1:3C,-44, WPA ,0.000000,0.000000,0.000,0.000,AP
2026-04-10 13:21:03,1900-01-00 00:00:00,1008-wombat,B8:27:EB:CA:A1:3C,-44, WPA ,0.000000,0.000000,0.000,0.000,AP
2026-04-10 13:21:03,1900-01-00 00:00:00,1008-wombat,B8:27:EB:CA:A1:3C,-44, WPA ,0.000000,0.000000,0.000,0.000,AP
2026-04-10 13:21:03,1900-01-00 00:00:00,,C8:34:8E:2C:B6:E4,-49,,0.000000,0.000000,0.000,0.000,Client
2026-04-10 13:21:03,1900-01-00 00:00:00,1008-wombat,B8:27:EB:CA:A1:3C,-44, WPA ,0.000000,0.000000,0.000,0.000,AP
2026-04-10 13:21:03,1900-01-00 00:00:00,1008-wombat,B8:27:EB:CA:A1:3C,-44, WPA ,0.000000,0.000000,0.000,0.000,AP
2026-04-10 13:21:03,1900-01-00 00:00:00,,C8:34:8E:2C:B6:E4,-49,,0.000000,0.000000,0.000,0.000,Client
2026-04-10 13:21:03,1900-01-00 00:00:00,1008-wombat,B8:27:EB:CA:A1:3C,-44, WPA ,0.000000,0.000000,0.000,0.000,AP
2026-04-10 13:21:03,1900-01-00 00:00:00,1008-wombat,B8:27:EB:CA:A1:3C,-46, WPA ,0.000000,0.000000,0.000,0.000,AP
2026-04-10 13:21:03,1900-01-00 00:00:00,1008-wombat,B8:27:EB:CA:A1:3C,-43, WPA ,0.000000,0.000000,0.000,0.000,AP
2026-04-10 13:21:03,1900-01-00 00:00:00,1008-wombat,B8:27:EB:CA:A1:3C,-44, WPA ,0.000000,0.000000,0.000,0.000,AP
2026-04-10 13:21:03,1900-01-00 00:00:00,,C8:34:8E:2C:B6:E4,-50,,0.000000,0.000000,0.000,0.000,Client
2026-04-10 13:21:03,1900-01-00 00:00:00,1008-wombat,B8:27:EB:CA:A1:3C,-42, WPA ,0.000000,0.000000,0.000,0.000,AP
2026-04-10 13:21:03,1900-01-00 00:00:00,,C8:15:4E:20:C7:81,-53,,0.000000,0.000000,0.000,0.000,Client
2026-04-10 13:21:03,1900-01-00 00:00:00,,C8:15:4E:20:C7:81,-53,,0.000000,0.000000,0.000,0.000,Client
2026-04-10 13:21:03,1900-01-00 00:00:00,1008-wombat,B8:27:EB:CA:A1:3C,-46, WPA ,0.000000,0.000000,0.000,0.000,AP
2026-04-10 13:21:03,1900-01-00 00:00:00,1008-wombat,B8:27:EB:CA:A1:3C,-46, WPA ,0.000000,0.000000,0.000,0.000,AP
2026-04-10 13:21:03,1900-01-00 00:00:00,,C8:15:4E:20:C7:81,-53,,0.000000,0.000000,0.000,0.000,Client
2026-04-10 13:21:03,1900-01-00 00:00:00,,C8:15:4E:20:C7:81,-53,,0.000000,0.000000,0.000,0.000,Client
2026-04-10 13:21:03,1900-01-00 00:00:00,,C8:15:4E:20:C7:81,-53,,0.000000,0.000000,0.000,0.000,Client
2026-04-10 13:21:03,1900-01-00 00:00:00,1008-wombat,B8:27:EB:CA:A1:3C,-47, WPA ,0.000000,0.000000,0.000,0.000,AP
2026-04-10 13:21:03,1900-01-00 00:00:00,1008-wombat,B8:27:EB:CA:A1:3C,-46, WPA ,0.000000,0.000000,0.000,0.000,AP
2026-04-10 13:21:03,1900-01-00 00:00:00,1008-wombat,B8:27:EB:CA:A1:3C,-46, WPA ,0.000000,0.000000,0.000,0.000,AP
2026-04-10 13:21:03,1900-01-00 00:00:00,1008-wombat,B8:27:EB:CA:A1:3C,-47, WPA ,0.000000,0.000000,0.000,0.000,AP
2026-04-10 13:21:03,1900-01-00 00:00:00,1008-wombat,B8:27:EB:CA:A1:3C,-47, WPA ,0.000000,0.000000,0.000,0.000,AP
2026-04-10 13:21:03,1900-01-00 00:00:00,1008-wombat,B8:27:EB:CA:A1:3C,-46, WPA ,0.000000,0.000000,0.000,0.000,AP
2026-04-10 13:21:03,1900-01-00 00:00:00,,C8:15:4E:20:C7:81,-54,,0.000000,0.000000,0.000,0.000,Client
2026-04-10 13:21:03,1900-01-00 00:00:00,,C8:15:4E:20:C7:81,-54,,0.000000,0.000000,0.000,0.000,Client
2026-04-10 13:21:03,1900-01-00 00:00:00,1008-wombat,B8:27:EB:CA:A1:3C,-48, WPA ,0.000000,0.000000,0.000,0.000,AP
2026-04-10 13:21:03,1900-01-00 00:00:00,1008-wombat,B8:27:EB:CA:A1:3C,-47, WPA ,0.000000,0.000000,0.000,0.000,AP
2026-04-10 13:21:03,1900-01-00 00:00:00,,C8:15:4E:20:C7:81,-54,,0.000000,0.000000,0.000,0.000,Client
2026-04-10 13:21:03,1900-01-00 00:00:00,,C8:15:4E:20:C7:81,-54,,0.000000,0.000000,0.000,0.000,Client
2026-04-10 13:21:03,1900-01-00 00:00:00,,C8:15:4E:20:C7:81,-54,,0.000000,0.000000,0.000,0.000,Client
2026-04-10 13:21:03,1900-01-00 00:00:00,1008-wombat,B8:27:EB:CA:A1:3C,-47, WPA ,0.000000,0.000000,0.000,0.000,AP
2026-04-10 13:21:03,1900-01-00 00:00:00,1008-wombat,B8:27:EB:CA:A1:3C,-47, WPA ,0.000000,0.000000,0.000,0.000,AP
2026-04-10 13:21:03,1900-01-00 00:00:00,1008-wombat,B8:27:EB:CA:A1:3C,-46, WPA ,0.000000,0.000000,0.000,0.000,AP
2026-04-10 13:21:03,1900-01-00 00:00:00,1008-wombat,B8:27:EB:CA:A1:3C,-47, WPA ,0.000000,0.000000,0.000,0.000,AP
2026-04-10 13:21:03,1900-01-00 00:00:00,1008-wombat,B8:27:EB:CA:A1:3C,-46, WPA ,0.000000,0.000000,0.000,0.000,AP
2026-04-10 13:21:03,1900-01-00 00:00:00,1008-wombat,B8:27:EB:CA:A1:3C,-47, WPA ,0.000000,0.000000,0.000,0.000,AP
2026-04-10 13:21:03,1900-01-00 00:00:00,,C8:15:4E:20:C7:81,-54,,0.000000,0.000000,0.000,0.000,Client
2026-04-10 13:21:03,1900-01-00 00:00:00,,C8:15:4E:20:C7:81,-54,,0.000000,0.000000,0.000,0.000,Client
2026-04-10 13:21:03,1900-01-00 00:00:00,1008-wombat,B8:27:EB:CA:A1:3C,-46, WPA ,0.000000,0.000000,0.000,0.000,AP
2026-04-10 13:21:03,1900-01-00 00:00:00,1008-wombat,B8:27:EB:CA:A1:3C,-46, WPA ,0.000000,0.000000,0.000,0.000,AP
2026-04-10 13:21:03,1900-01-00 00:00:00,,C8:15:4E:20:C7:81,-54,,0.000000,0.000000,0.000,0.000,Client
2026-04-10 13:21:03,1900-01-00 00:00:00,1008-wombat,B8:27:EB:CA:A1:3C,-47, WPA ,0.000000,0.000000,0.000,0.000,AP
2026-04-10 13:21:03,1900-01-00 00:00:00,1008-wombat,B8:27:EB:CA:A1:3C,-47, WPA ,0.000000,0.000000,0.000,0.000,AP
2026-04-10 13:21:03,1900-01-00 00:00:00,1008-wombat,B8:27:EB:CA:A1:3C,-46, WPA ,0.000000,0.000000,0.000,0.000,AP
2026-04-10 13:21:03,1900-01-00 00:00:00,,C8:34:8E:2C:B6:E4,-50,,0.000000,0.000000,0.000,0.000,Client
2026-04-10 13:21:03,1900-01-00 00:00:00,1008-wombat,B8:27:EB:CA:A1:3C,-44, WPA ,0.000000,0.000000,0.000,0.000,AP
2026-04-10 13:21:03,1900-01-00 00:00:00,,C8:15:4E:20:C7:81,-53,,0.000000,0.000000,0.000,0.000,Client
2026-04-10 13:21:03,1900-01-00 00:00:00,,C8:15:4E:20:C7:81,-53,,0.000000,0.000000,0.000,0.000,Client
2026-04-10 13:21:03,1900-01-00 00:00:00,1008-wombat,B8:27:EB:CA:A1:3C,-46, WPA ,0.000000,0.000000,0.000,0.000,AP
2026-04-10 13:21:03,1900-01-00 00:00:00,,C8:15:4E:20:C7:81,-53,,0.000000,0.000000,0.000,0.000,Client
2026-04-10 13:21:03,1900-01-00 00:00:00,1008-wombat,B8:27:EB:CA:A1:3C,-47, WPA ,0.000000,0.000000,0.000,0.000,AP
2026-04-10 13:21:03,1900-01-00 00:00:00,1008-wombat,B8:27:EB:CA:A1:3C,-47, WPA ,0.000000,0.000000,0.000,0.000,AP
2026-04-10 13:21:03,1900-01-00 00:00:00,,C8:15:4E:20:C7:81,-54,,0.000000,0.000000,0.000,0.000,Client
2026-04-10 13:21:03,1900-01-00 00:00:00,,C8:15:4E:20:C7:81,-54,,0.000000,0.000000,0.000,0.000,Client
2026-04-10 13:21:03,1900-01-00 00:00:00,1008-wombat,B8:27:EB:CA:A1:3C,-46, WPA ,0.000000,0.000000,0.000,0.000,AP
2026-04-10 13:21:03,1900-01-00 00:00:00,1008-wombat,B8:27:EB:CA:A1:3C,-46, WPA ,0.000000,0.000000,0.000,0.000,AP
2026-04-10 13:21:03,1900-01-00 00:00:00,1008-wombat,B8:27:EB:CA:A1:3C,-46, WPA ,0.000000,0.000000,0.000,0.000,AP
2026-04-10 13:21:03,1900-01-00 00:00:00,1008-wombat,B8:27:EB:CA:A1:3C,-46, WPA ,0.000000,0.000000,0.000,0.000,AP
2026-04-10 13:21:03,1900-01-00 00:00:00,1008-wombat,B8:27:EB:CA:A1:3C,-47, WPA ,0.000000,0.000000,0.000,0.000,AP
2026-04-10 13:21:03,1900-01-00 00:00:00,1008-wombat,B8:27:EB:CA:A1:3C,-46, WPA ,0.000000,0.000000,0.000,0.000,AP
2026-04-10 13:21:03,1900-01-00 00:00:00,,C8:15:4E:20:C7:81,-53,,0.000000,0.000000,0.000,0.000,Client
2026-04-10 13:21:03,1900-01-00 00:00:00,1008-wombat,B8:27:EB:CA:A1:3C,-47, WPA ,0.000000,0.000000,0.000,0.000,AP
2026-04-10 13:21:03,1900-01-00 00:00:00,1008-wombat,B8:27:EB:CA:A1:3C,-46, WPA ,0.000000,0.000000,0.000,0.000,AP
2026-04-10 13:21:03,1900-01-00 00:00:00,,C8:15:4E:20:C7:81,-53,,0.000000,0.000000,0.000,0.000,Client
2026-04-10 13:21:03,1900-01-00 00:00:00,1008-wombat,B8:27:EB:CA:A1:3C,-45, WPA ,0.000000,0.000000,0.000,0.000,AP
2026-04-10 13:21:03,1900-01-00 00:00:00,1008-wombat,B8:27:EB:CA:A1:3C,-45, WPA ,0.000000,0.000000,0.000,0.000,AP
2026-04-10 13:21:03,1900-01-00 00:00:00,1008-wombat,B8:27:EB:CA:A1:3C,-45, WPA ,0.000000,0.000000,0.000,0.000,AP
2026-04-10 13:21:03,1900-01-00 00:00:00,1008-wombat,B8:27:EB:CA:A1:3C,-44, WPA ,0.000000,0.000000,0.000,0.000,AP
2026-04-10 13:21:03,1900-01-00 00:00:00,1008-wombat,B8:27:EB:CA:A1:3C,-44, WPA ,0.000000,0.000000,0.000,0.000,AP
2026-04-10 13:21:03,1900-01-00 00:00:00,1008-wombat,B8:27:EB:CA:A1:3C,-44, WPA ,0.000000,0.000000,0.000,0.000,AP
2026-04-10 13:21:03,1900-01-00 00:00:00,1008-wombat,B8:27:EB:CA:A1:3C,-47, WPA ,0.000000,0.000000,0.000,0.000,AP
2026-04-10 13:21:03,1900-01-00 00:00:00,1008-wombat,B8:27:EB:CA:A1:3C,-45, WPA ,0.000000,0.000000,0.000,0.000,AP
2026-04-10 13:21:03,1900-01-00 00:00:00,1008-wombat,B8:27:EB:CA:A1:3C,-47, WPA ,0.000000,0.000000,0.000,0.000,AP
2026-04-10 13:21:03,1900-01-00 00:00:00,1008-wombat,B8:27:EB:CA:A1:3C,-46, WPA ,0.000000,0.000000,0.000,0.000,AP
2026-04-10 13:21:03,1900-01-00 00:00:00,1008-wombat,B8:27:EB:CA:A1:3C,-46, WPA ,0.000000,0.000000,0.000,0.000,AP
2026-04-10 13:21:03,1900-01-00 00:00:00,1008-wombat,B8:27:EB:CA:A1:3C,-46, WPA ,0.000000,0.000000,0.000,0.000,AP
2026-04-10 13:21:03,1900-01-00 00:00:00,1008-wombat,B8:27:EB:CA:A1:3C,-46, WPA ,0.000000,0.000000,0.000,0.000,AP
2026-04-10 13:21:03,1900-01-00 00:00:00,1008-wombat,B8:27:EB:CA:A1:3C,-46, WPA ,0.000000,0.000000,0.000,0.000,AP
2026-04-10 13:21:03,1900-01-00 00:00:00,1008-wombat,B8:27:EB:CA:A1:3C,-46, WPA ,0.000000,0.000000,0.000,0.000,AP
2026-04-10 13:21:03,1900-01-00 00:00:00,1008-wombat,B8:27:EB:CA:A1:3C,-46, WPA ,0.000000,0.000000,0.000,0.000,AP
2026-04-10 13:21:03,1900-01-00 00:00:00,1008-wombat,B8:27:EB:CA:A1:3C,-46, WPA ,0.000000,0.000000,0.000,0.000,AP
2026-04-10 13:21:03,1900-01-00 00:00:00,1008-wombat,B8:27:EB:CA:A1:3C,-46, WPA ,0.000000,0.000000,0.000,0.000,AP
2026-04-10 13:21:03,1900-01-00 00:00:00,1008-wombat,B8:27:EB:CA:A1:3C,-42, WPA ,0.000000,0.000000,0.000,0.000,AP
2026-04-10 13:21:03,1900-01-00 00:00:00,1008-wombat,B8:27:EB:CA:A1:3C,-44, WPA ,0.000000,0.000000,0.000,0.000,AP
2026-04-10 13:21:03,1900-01-00 00:00:00,1008-wombat,B8:27:EB:CA:A1:3C,-45, WPA ,0.000000,0.000000,0.000,0.000,AP
2026-04-10 13:21:03,1900-01-00 00:00:00,1008-wombat,B8:27:EB:CA:A1:3C,-45, WPA ,0.000000,0.000000,0.000,0.000,AP
2026-04-10 13:21:03,1900-01-00 00:00:00,1008-wombat,B8:27:EB:CA:A1:3C,-44, WPA ,0.000000,0.000000,0.000,0.000,AP
2026-04-10 13:21:03,1900-01-00 00:00:00,1008-wombat,B8:27:EB:CA:A1:3C,-44, WPA ,0.000000,0.000000,0.000,0.000,AP
2026-04-10 13:21:03,1900-01-00 00:00:00,1008-wombat,B8:27:EB:CA:A1:3C,-44, WPA ,0.000000,0.000000,0.000,0.000,AP
2026-04-10 13:21:03,1900-01-00 00:00:00,1008-wombat,B8:27:EB:CA:A1:3C,-44, WPA ,0.000000,0.000000,0.000,0.000,AP
2026-04-10 13:21:03,1900-01-00 00:00:00,,C8:34:8E:2C:B6:E4,-52,,0.000000,0.000000,0.000,0.000,Client
2026-04-10 13:21:03,1900-01-00 00:00:00,,C8:34:8E:2C:B6:E4,-51,,0.000000,0.000000,0.000,0.000,Client
2026-04-10 13:21:03,1900-01-00 00:00:00,1008-wombat,B8:27:EB:CA:A1:3C,-47, WPA ,0.000000,0.000000,0.000,0.000,AP
2026-04-10 13:21:03,1900-01-00 00:00:00,1008-wombat,B8:27:EB:CA:A1:3C,-47, WPA ,0.000000,0.000000,0.000,0.000,AP
2026-04-10 13:21:03,1900-01-00 00:00:00,,C8:34:8E:2C:B6:E4,-50,,0.000000,0.000000,0.000,0.000,Client
2026-04-10 13:21:03,1900-01-00 00:00:00,1008-wombat,B8:27:EB:CA:A1:3C,-44, WPA ,0.000000,0.000000,0.000,0.000,AP
2026-04-10 13:21:03,1900-01-00 00:00:00,,C8:34:8E:2C:B6:E4,-50,,0.000000,0.000000,0.000,0.000,Client
2026-04-10 13:21:03,1900-01-00 00:00:00,,C8:34:8E:2C:B6:E4,-50,,0.000000,0.000000,0.000,0.000,Client
2026-04-10 13:21:03,1900-01-00 00:00:00,1008-wombat,B8:27:EB:CA:A1:3C,-47, WPA ,0.000000,0.000000,0.000,0.000,AP
2026-04-10 13:21:03,1900-01-00 00:00:00,1008-wombat,B8:27:EB:CA:A1:3C,-46, WPA ,0.000000,0.000000,0.000,0.000,AP
2026-04-10 13:21:03,1900-01-00 00:00:00,,C8:34:8E:2C:B6:E4,-50,,0.000000,0.000000,0.000,0.000,Client
2026-04-10 13:21:03,1900-01-00 00:00:00,1008-wombat,B8:27:EB:CA:A1:3C,-46, WPA ,0.000000,0.000000,0.000,0.000,AP
2026-04-10 13:21:03,1900-01-00 00:00:00,1008-wombat,B8:27:EB:CA:A1:3C,-42, WPA ,0.000000,0.000000,0.000,0.000,AP
2026-04-10 13:21:03,1900-01-00 00:00:00,1008-wombat,B8:27:EB:CA:A1:3C,-46, WPA ,0.000000,0.000000,0.000,0.000,AP
2026-04-10 13:21:03,1900-01-00 00:00:00,1008-wombat,B8:27:EB:CA:A1:3C,-45, WPA ,0.000000,0.000000,0.000,0.000,AP
2026-04-10 13:21:03,1900-01-00 00:00:00,,C8:34:8E:2C:B6:E4,-50,,0.000000,0.000000,0.000,0.000,Client
2026-04-10 13:21:03,1900-01-00 00:00:00,,C8:34:8E:2C:B6:E4,-51,,0.000000,0.000000,0.000,0.000,Client
2026-04-10 13:21:03,1900-01-00 00:00:00,1008-wombat,B8:27:EB:CA:A1:3C,-46, WPA ,0.000000,0.000000,0.000,0.000,AP
2026-04-10 13:21:03,1900-01-00 00:00:00,1008-wombat,B8:27:EB:CA:A1:3C,-46, WPA ,0.000000,0.000000,0.000,0.000,AP
2026-04-10 13:21:03,1900-01-00 00:00:00,,C8:34:8E:2C:B6:E4,-51,,0.000000,0.000000,0.000,0.000,Client
2026-04-10 13:21:03,1900-01-00 00:00:00,1008-wombat,B8:27:EB:CA:A1:3C,-45, WPA ,0.000000,0.000000,0.000,0.000,AP
2026-04-10 13:21:03,1900-01-00 00:00:00,,C8:34:8E:2C:B6:E4,-50,,0.000000,0.000000,0.000,0.000,Client
2026-04-10 13:21:03,1900-01-00 00:00:00,1008-wombat,B8:27:EB:CA:A1:3C,-47, WPA ,0.000000,0.000000,0.000,0.000,AP
2026-04-10 13:21:03,1900-01-00 00:00:00,,C8:34:8E:2C:B6:E4,-51,,0.000000,0.000000,0.000,0.000,Client
2026-04-10 13:21:03,1900-01-00 00:00:00,1008-wombat,B8:27:EB:CA:A1:3C,-46, WPA ,0.000000,0.000000,0.000,0.000,AP
2026-04-10 13:21:03,1900-01-00 00:00:00,,C8:34:8E:2C:B6:E4,-50,,0.000000,0.000000,0.000,0.000,Client
2026-04-10 13:21:03,1900-01-00 00:00:00,1008-wombat,B8:27:EB:CA:A1:3C,-45, WPA ,0.000000,0.000000,0.000,0.000,AP
2026-04-10 13:21:03,1900-01-00 00:00:00,,C8:34:8E:2C:B6:E4,-50,,0.000000,0.000000,0.000,0.000,Client
2026-04-10 13:21:03,1900-01-00 00:00:00,1008-wombat,B8:27:EB:CA:A1:3C,-46, WPA ,0.000000,0.000000,0.000,0.000,AP
2026-04-10 13:21:03,1900-01-00 00:00:00,,C8:34:8E:2C:B6:E4,-50,,0.000000,0.000000,0.000,0.000,Client
2026-04-10 13:21:03,1900-01-00 00:00:00,,C8:34:8E:2C:B6:E4,-50,,0.000000,0.000000,0.000,0.000,Client
2026-04-10 13:21:03,1900-01-00 00:00:00,1008-wombat,B8:27:EB:CA:A1:3C,-46, WPA ,0.000000,0.000000,0.000,0.000,AP
2026-04-10 13:21:03,1900-01-00 00:00:00,1008-wombat,B8:27:EB:CA:A1:3C,-46, WPA ,0.000000,0.000000,0.000,0.000,AP
2026-04-10 13:21:03,1900-01-00 00:00:00,,C8:34:8E:2C:B6:E4,-50,,0.000000,0.000000,0.000,0.000,Client
2026-04-10 13:21:03,1900-01-00 00:00:00,1008-wombat,B8:27:EB:CA:A1:3C,-46, WPA ,0.000000,0.000000,0.000,0.000,AP
2026-04-10 13:21:03,1900-01-00 00:00:00,,C8:34:8E:2C:B6:E4,-50,,0.000000,0.000000,0.000,0.000,Client
2026-04-10 13:21:03,1900-01-00 00:00:00,1008-wombat,B8:27:EB:CA:A1:3C,-47, WPA ,0.000000,0.000000,0.000,0.000,AP
2026-04-10 13:21:03,1900-01-00 00:00:00,1008-wombat,B8:27:EB:CA:A1:3C,-43, WPA ,0.000000,0.000000,0.000,0.000,AP
2026-04-10 13:21:04,1900-01-00 00:00:00,1008-wombat,B8:27:EB:CA:A1:3C,-43, WPA ,0.000000,0.000000,0.000,0.000,AP
2026-04-10 13:21:04,1900-01-00 00:00:00,1008-wombat,B8:27:EB:CA:A1:3C,-44, WPA ,0.000000,0.000000,0.000,0.000,AP
2026-04-10 13:21:04,1900-01-00 00:00:00,,C8:34:8E:2C:B6:E4,-50,,0.000000,0.000000,0.000,0.000,Client
2026-04-10 13:21:04,1900-01-00 00:00:00,1008-wombat,B8:27:EB:CA:A1:3C,-44, WPA ,0.000000,0.000000,0.000,0.000,AP
2026-04-10 13:21:04,1900-01-00 00:00:00,1008-wombat,B8:27:EB:CA:A1:3C,-45, WPA ,0.000000,0.000000,0.000,0.000,AP
2026-04-10 13:21:04,1900-01-00 00:00:00,1008-wombat,B8:27:EB:CA:A1:3C,-47, WPA ,0.000000,0.000000,0.000,0.000,AP
2026-04-10 13:21:04,1900-01-00 00:00:00,1008-wombat,B8:27:EB:CA:A1:3C,-44, WPA ,0.000000,0.000000,0.000,0.000,AP
2026-04-10 13:21:04,1900-01-00 00:00:00,1008-wombat,B8:27:EB:CA:A1:3C,-43, WPA ,0.000000,0.000000,0.000,0.000,AP
2026-04-10 13:21:04,1900-01-00 00:00:00,1008-wombat,B8:27:EB:CA:A1:3C,-41, WPA ,0.000000,0.000000,0.000,0.000,AP
2026-04-10 13:21:04,1900-01-00 00:00:00,1008-wombat,B8:27:EB:CA:A1:3C,-43, WPA ,0.000000,0.000000,0.000,0.000,AP
2026-04-10 13:21:04,1900-01-00 00:00:00,1008-wombat,B8:27:EB:CA:A1:3C,-45, WPA ,0.000000,0.000000,0.000,0.000,AP
2026-04-10 13:21:04,1900-01-00 00:00:00,1008-wombat,B8:27:EB:CA:A1:3C,-44, WPA ,0.000000,0.000000,0.000,0.000,AP
2026-04-10 13:21:04,1900-01-00 00:00:00,1008-wombat,B8:27:EB:CA:A1:3C,-44, WPA ,0.000000,0.000000,0.000,0.000,AP
2026-04-10 13:21:04,1900-01-00 00:00:00,1008-wombat,B8:27:EB:CA:A1:3C,-43, WPA ,0.000000,0.000000,0.000,0.000,AP
2026-04-10 13:21:04,1900-01-00 00:00:00,1008-wombat,B8:27:EB:CA:A1:3C,-43, WPA ,0.000000,0.000000,0.000,0.000,AP
2026-04-10 13:21:04,1900-01-00 00:00:00,1008-wombat,B8:27:EB:CA:A1:3C,-45, WPA ,0.000000,0.000000,0.000,0.000,AP
2026-04-10 13:21:04,1900-01-00 00:00:00,,C8:34:8E:2C:B6:E4,-50,,0.000000,0.000000,0.000,0.000,Client
2026-04-10 13:21:04,1900-01-00 00:00:00,1008-wombat,B8:27:EB:CA:A1:3C,-46, WPA ,0.000000,0.000000,0.000,0.000,AP
2026-04-10 13:21:05,1900-01-00 00:00:00,1008-wombat,B8:27:EB:CA:A1:3C,-45, WPA ,0.000000,0.000000,0.000,0.000,AP
2026-04-10 13:21:05,1900-01-00 00:00:00,,C8:34:8E:2C:B6:E4,-50,,0.000000,0.000000,0.000,0.000,Client
2026-04-10 13:21:05,1900-01-00 00:00:00,,C8:34:8E:2C:B6:E4,-50,,0.000000,0.000000,0.000,0.000,Client
2026-04-10 13:21:05,1900-01-00 00:00:00,,C8:34:8E:2C:B6:E4,-50,,0.000000,0.000000,0.000,0.000,Client
2026-04-10 13:21:05,1900-01-00 00:00:00,,C8:34:8E:2C:B6:E4,-50,,0.000000,0.000000,0.000,0.000,Client
2026-04-10 13:21:05,1900-01-00 00:00:00,1008-wombat,B8:27:EB:CA:A1:3C,-47, WPA ,0.000000,0.000000,0.000,0.000,AP
2026-04-10 13:21:05,1900-01-00 00:00:00,1008-wombat,B8:27:EB:CA:A1:3C,-47, WPA ,0.000000,0.000000,0.000,0.000,AP
2026-04-10 13:21:05,1900-01-00 00:00:00,,C8:34:8E:2C:B6:E4,-50,,0.000000,0.000000,0.000,0.000,Client
2026-04-10 13:21:05,1900-01-00 00:00:00,,C8:34:8E:2C:B6:E4,-50,,0.000000,0.000000,0.000,0.000,Client
2026-04-10 13:21:05,1900-01-00 00:00:00,1008-wombat,B8:27:EB:CA:A1:3C,-47, WPA ,0.000000,0.000000,0.000,0.000,AP
2026-04-10 13:21:05,1900-01-00 00:00:00,1008-wombat,B8:27:EB:CA:A1:3C,-47, WPA ,0.000000,0.000000,0.000,0.000,AP
2026-04-10 13:21:05,1900-01-00 00:00:00,,C8:34:8E:2C:B6:E4,-50,,0.000000,0.000000,0.000,0.000,Client
2026-04-10 13:21:05,1900-01-00 00:00:00,1008-wombat,B8:27:EB:CA:A1:3C,-47, WPA ,0.000000,0.000000,0.000,0.000,AP
2026-04-10 13:21:05,1900-01-00 00:00:00,,C8:34:8E:2C:B6:E4,-50,,0.000000,0.000000,0.000,0.000,Client
2026-04-10 13:21:05,1900-01-00 00:00:00,1008-wombat,B8:27:EB:CA:A1:3C,-46, WPA ,0.000000,0.000000,0.000,0.000,AP
2026-04-10 13:21:05,1900-01-00 00:00:00,,C8:34:8E:2C:B6:E4,-50,,0.000000,0.000000,0.000,0.000,Client
2026-04-10 13:21:05,1900-01-00 00:00:00,1008-wombat,B8:27:EB:CA:A1:3C,-46, WPA ,0.000000,0.000000,0.000,0.000,AP
2026-04-10 13:21:05,1900-01-00 00:00:00,,C8:34:8E:2C:B6:E4,-50,,0.000000,0.000000,0.000,0.000,Client
2026-04-10 13:21:05,1900-01-00 00:00:00,1008-wombat,B8:27:EB:CA:A1:3C,-46, WPA ,0.000000,0.000000,0.000,0.000,AP
2026-04-10 13:21:05,1900-01-00 00:00:00,,C8:34:8E:2C:B6:E4,-50,,0.000000,0.000000,0.000,0.000,Client
2026-04-10 13:21:05,1900-01-00 00:00:00,1008-wombat,B8:27:EB:CA:A1:3C,-46, WPA ,0.000000,0.000000,0.000,0.000,AP
2026-04-10 13:21:05,1900-01-00 00:00:00,,C8:34:8E:2C:B6:E4,-50,,0.000000,0.000000,0.000,0.000,Client
2026-04-10 13:21:05,1900-01-00 00:00:00,1008-wombat,B8:27:EB:CA:A1:3C,-46, WPA ,0.000000,0.000000,0.000,0.000,AP
2026-04-10 13:21:05,1900-01-00 00:00:00,1008-wombat,B8:27:EB:CA:A1:3C,-44, WPA ,0.000000,0.000000,0.000,0.000,AP
2026-04-10 13:21:05,1900-01-00 00:00:00,1008-wombat,B8:27:EB:CA:A1:3C,-44, WPA ,0.000000,0.000000,0.000,0.000,AP
2026-04-10 13:21:05,1900-01-00 00:00:00,,C8:34:8E:2C:B6:E4,-50,,0.000000,0.000000,0.000,0.000,Client
2026-04-10 13:21:05,1900-01-00 00:00:00,1008-wombat,B8:27:EB:CA:A1:3C,-44, WPA ,0.000000,0.000000,0.000,0.000,AP
2026-04-10 13:21:05,1900-01-00 00:00:00,1008-wombat,B8:27:EB:CA:A1:3C,-45, WPA ,0.000000,0.000000,0.000,0.000,AP
2026-04-10 13:21:05,1900-01-00 00:00:00,,C8:34:8E:2C:B6:E4,-50,,0.000000,0.000000,0.000,0.000,Client
2026-04-10 13:21:05,1900-01-00 00:00:00,1008-wombat,B8:27:EB:CA:A1:3C,-47, WPA ,0.000000,0.000000,0.000,0.000,AP
2026-04-10 13:21:05,1900-01-00 00:00:00,,C8:34:8E:2C:B6:E4,-50,,0.000000,0.000000,0.000,0.000,Client
2026-04-10 13:21:05,1900-01-00 00:00:00,1008-wombat,B8:27:EB:CA:A1:3C,-48, WPA ,0.000000,0.000000,0.000,0.000,AP
2026-04-10 13:21:05,1900-01-00 00:00:00,1008-wombat,B8:27:EB:CA:A1:3C,-45, WPA ,0.000000,0.000000,0.000,0.000,AP
2026-04-10 13:21:05,1900-01-00 00:00:00,1008-wombat,B8:27:EB:CA:A1:3C,-48, WPA ,0.000000,0.000000,0.000,0.000,AP
2026-04-10 13:21:05,1900-01-00 00:00:00,,C8:34:8E:2C:B6:E4,-49,,0.000000,0.000000,0.000,0.000,Client
2026-04-10 13:21:05,1900-01-00 00:00:00,1008-wombat,B8:27:EB:CA:A1:3C,-45, WPA ,0.000000,0.000000,0.000,0.000,AP
2026-04-10 13:21:05,1900-01-00 00:00:00,1008-wombat,B8:27:EB:CA:A1:3C,-44, WPA ,0.000000,0.000000,0.000,0.000,AP
2026-04-10 13:21:05,1900-01-00 00:00:00,1008-wombat,B8:27:EB:CA:A1:3C,-45, WPA ,0.000000,0.000000,0.000,0.000,AP
2026-04-10 13:21:05,1900-01-00 00:00:00,1008-wombat,B8:27:EB:CA:A1:3C,-45, WPA ,0.000000,0.000000,0.000,0.000,AP
2026-04-10 13:21:05,1900-01-00 00:00:00,1008-wombat,B8:27:EB:CA:A1:3C,-45, WPA ,0.000000,0.000000,0.000,0.000,AP
2026-04-10 13:21:05,1900-01-00 00:00:00,1008-wombat,B8:27:EB:CA:A1:3C,-45, WPA ,0.000000,0.000000,0.000,0.000,AP
2026-04-10 13:21:05,1900-01-00 00:00:00,1008-wombat,B8:27:EB:CA:A1:3C,-44, WPA ,0.000000,0.000000,0.000,0.000,AP
2026-04-10 13:21:05,1900-01-00 00:00:00,1008-wombat,B8:27:EB:CA:A1:3C,-45, WPA ,0.000000,0.000000,0.000,0.000,AP
2026-04-10 13:21:05,1900-01-00 00:00:00,1008-wombat,B8:27:EB:CA:A1:3C,-44, WPA ,0.000000,0.000000,0.000,0.000,AP
2026-04-10 13:21:05,1900-01-00 00:00:00,1008-wombat,B8:27:EB:CA:A1:3C,-44, WPA ,0.000000,0.000000,0.000,0.000,AP
2026-04-10 13:21:05,1900-01-00 00:00:00,1008-wombat,B8:27:EB:CA:A1:3C,-45, WPA ,0.000000,0.000000,0.000,0.000,AP
2026-04-10 13:21:05,1900-01-00 00:00:00,1008-wombat,B8:27:EB:CA:A1:3C,-45, WPA ,0.000000,0.000000,0.000,0.000,AP
2026-04-10 13:21:05,1900-01-00 00:00:00,1008-wombat,B8:27:EB:CA:A1:3C,-45, WPA ,0.000000,0.000000,0.000,0.000,AP
2026-04-10 13:21:05,1900-01-00 00:00:00,1008-wombat,B8:27:EB:CA:A1:3C,-45, WPA ,0.000000,0.000000,0.000,0.000,AP
2026-04-10 13:21:05,1900-01-00 00:00:00,1008-wombat,B8:27:EB:CA:A1:3C,-44, WPA ,0.000000,0.000000,0.000,0.000,AP
2026-04-10 13:21:05,1900-01-00 00:00:00,1008-wombat,B8:27:EB:CA:A1:3C,-45, WPA ,0.000000,0.000000,0.000,0.000,AP
2026-04-10 13:21:05,1900-01-00 00:00:00,,C8:34:8E:2C:B6:E4,-49,,0.000000,0.000000,0.000,0.000,Client
2026-04-10 13:21:05,1900-01-00 00:00:00,1008-wombat,B8:27:EB:CA:A1:3C,-45, WPA ,0.000000,0.000000,0.000,0.000,AP
2026-04-10 13:21:05,1900-01-00 00:00:00,,C8:15:4E:20:C7:81,-52,,0.000000,0.000000,0.000,0.000,Client
2026-04-10 13:21:05,1900-01-00 00:00:00,1008-wombat,B8:27:EB:CA:A1:3C,-48, WPA ,0.000000,0.000000,0.000,0.000,AP
2026-04-10 13:21:06,1900-01-00 00:00:00,1008-wombat,B8:27:EB:CA:A1:3C,-44, WPA ,0.000000,0.000000,0.000,0.000,AP
2026-04-10 13:21:06,1900-01-00 00:00:00,1008-wombat,B8:27:EB:CA:A1:3C,-44, WPA ,0.000000,0.000000,0.000,0.000,AP
2026-04-10 13:21:06,1900-01-00 00:00:00,,C8:34:8E:2C:B6:E4,-49,,0.000000,0.000000,0.000,0.000,Client
2026-04-10 13:21:06,1900-01-00 00:00:00,,C8:34:8E:2C:B6:E4,-49,,0.000000,0.000000,0.000,0.000,Client
2026-04-10 13:21:06,1900-01-00 00:00:00,1008-wombat,B8:27:EB:CA:A1:3C,-47, WPA ,0.000000,0.000000,0.000,0.000,AP
2026-04-10 13:21:06,1900-01-00 00:00:00,1008-wombat,B8:27:EB:CA:A1:3C,-47, WPA ,0.000000,0.000000,0.000,0.000,AP
2026-04-10 13:21:06,1900-01-00 00:00:00,,C8:34:8E:2C:B6:E4,-49,,0.000000,0.000000,0.000,0.000,Client
2026-04-10 13:21:06,1900-01-00 00:00:00,,C8:34:8E:2C:B6:E4,-49,,0.000000,0.000000,0.000,0.000,Client
2026-04-10 13:21:06,1900-01-00 00:00:00,1008-wombat,B8:27:EB:CA:A1:3C,-47, WPA ,0.000000,0.000000,0.000,0.000,AP
2026-04-10 13:21:06,1900-01-00 00:00:00,1008-wombat,B8:27:EB:CA:A1:3C,-47, WPA ,0.000000,0.000000,0.000,0.000,AP
2026-04-10 13:21:06,1900-01-00 00:00:00,,C8:34:8E:2C:B6:E4,-49,,0.000000,0.000000,0.000,0.000,Client
2026-04-10 13:21:06,1900-01-00 00:00:00,1008-wombat,B8:27:EB:CA:A1:3C,-46, WPA ,0.000000,0.000000,0.000,0.000,AP
2026-04-10 13:21:06,1900-01-00 00:00:00,,C8:34:8E:2C:B6:E4,-49,,0.000000,0.000000,0.000,0.000,Client
2026-04-10 13:21:06,1900-01-00 00:00:00,,C8:34:8E:2C:B6:E4,-49,,0.000000,0.000000,0.000,0.000,Client
2026-04-10 13:21:06,1900-01-00 00:00:00,1008-wombat,B8:27:EB:CA:A1:3C,-47, WPA ,0.000000,0.000000,0.000,0.000,AP
2026-04-10 13:21:06,1900-01-00 00:00:00,,C8:34:8E:2C:B6:E4,-49,,0.000000,0.000000,0.000,0.000,Client
2026-04-10 13:21:06,1900-01-00 00:00:00,1008-wombat,B8:27:EB:CA:A1:3C,-47, WPA ,0.000000,0.000000,0.000,0.000,AP
2026-04-10 13:21:06,1900-01-00 00:00:00,1008-wombat,B8:27:EB:CA:A1:3C,-46, WPA ,0.000000,0.000000,0.000,0.000,AP
2026-04-10 13:21:06,1900-01-00 00:00:00,,C8:34:8E:2C:B6:E4,-49,,0.000000,0.000000,0.000,0.000,Client
2026-04-10 13:21:06,1900-01-00 00:00:00,1008-wombat,B8:27:EB:CA:A1:3C,-45, WPA ,0.000000,0.000000,0.000,0.000,AP
2026-04-10 13:21:06,1900-01-00 00:00:00,,C8:34:8E:2C:B6:E4,-49,,0.000000,0.000000,0.000,0.000,Client
2026-04-10 13:21:06,1900-01-00 00:00:00,1008-wombat,B8:27:EB:CA:A1:3C,-47, WPA ,0.000000,0.000000,0.000,0.000,AP
2026-04-10 13:21:06,1900-01-00 00:00:00,,C8:34:8E:2C:B6:E4,-49,,0.000000,0.000000,0.000,0.000,Client
2026-04-10 13:21:06,1900-01-00 00:00:00,,C8:34:8E:2C:B6:E4,-49,,0.000000,0.000000,0.000,0.000,Client
2026-04-10 13:21:06,1900-01-00 00:00:00,1008-wombat,B8:27:EB:CA:A1:3C,-46, WPA ,0.000000,0.000000,0.000,0.000,AP
2026-04-10 13:21:06,1900-01-00 00:00:00,1008-wombat,B8:27:EB:CA:A1:3C,-47, WPA ,0.000000,0.000000,0.000,0.000,AP
2026-04-10 13:21:06,1900-01-00 00:00:00,,C8:34:8E:2C:B6:E4,-49,,0.000000,0.000000,0.000,0.000,Client
2026-04-10 13:21:06,1900-01-00 00:00:00,,C8:34:8E:2C:B6:E4,-49,,0.000000,0.000000,0.000,0.000,Client
2026-04-10 13:21:06,1900-01-00 00:00:00,1008-wombat,B8:27:EB:CA:A1:3C,-46, WPA ,0.000000,0.000000,0.000,0.000,AP
2026-04-10 13:21:06,1900-01-00 00:00:00,,C8:34:8E:2C:B6:E4,-48,,0.000000,0.000000,0.000,0.000,Client
2026-04-10 13:21:06,1900-01-00 00:00:00,1008-wombat,B8:27:EB:CA:A1:3C,-46, WPA ,0.000000,0.000000,0.000,0.000,AP
2026-04-10 13:21:06,1900-01-00 00:00:00,1008-wombat,B8:27:EB:CA:A1:3C,-46, WPA ,0.000000,0.000000,0.000,0.000,AP
2026-04-10 13:21:06,1900-01-00 00:00:00,,C8:34:8E:2C:B6:E4,-49,,0.000000,0.000000,0.000,0.000,Client
2026-04-10 13:21:06,1900-01-00 00:00:00,1008-wombat,B8:27:EB:CA:A1:3C,-46, WPA ,0.000000,0.000000,0.000,0.000,AP
2026-04-10 13:21:06,1900-01-00 00:00:00,,C8:34:8E:2C:B6:E4,-49,,0.000000,0.000000,0.000,0.000,Client
2026-04-10 13:21:06,1900-01-00 00:00:00,1008-wombat,B8:27:EB:CA:A1:3C,-47, WPA ,0.000000,0.000000,0.000,0.000,AP
2026-04-10 13:21:06,1900-01-00 00:00:00,,C8:34:8E:2C:B6:E4,-49,,0.000000,0.000000,0.000,0.000,Client
2026-04-10 13:21:06,1900-01-00 00:00:00,,C8:34:8E:2C:B6:E4,-49,,0.000000,0.000000,0.000,0.000,Client
2026-04-10 13:21:06,1900-01-00 00:00:00,1008-wombat,B8:27:EB:CA:A1:3C,-48, WPA ,0.000000,0.000000,0.000,0.000,AP
2026-04-10 13:21:06,1900-01-00 00:00:00,1008-wombat,B8:27:EB:CA:A1:3C,-46, WPA ,0.000000,0.000000,0.000,0.000,AP
2026-04-10 13:21:06,1900-01-00 00:00:00,,C8:34:8E:2C:B6:E4,-50,,0.000000,0.000000,0.000,0.000,Client
2026-04-10 13:21:06,1900-01-00 00:00:00,,C8:34:8E:2C:B6:E4,-50,,0.000000,0.000000,0.000,0.000,Client
2026-04-10 13:21:06,1900-01-00 00:00:00,1008-wombat,B8:27:EB:CA:A1:3C,-47, WPA ,0.000000,0.000000,0.000,0.000,AP
2026-04-10 13:21:06,1900-01-00 00:00:00,1008-wombat,B8:27:EB:CA:A1:3C,-47, WPA ,0.000000,0.000000,0.000,0.000,AP
2026-04-10 13:21:06,1900-01-00 00:00:00,,C8:34:8E:2C:B6:E4,-50,,0.000000,0.000000,0.000,0.000,Client
2026-04-10 13:21:06,1900-01-00 00:00:00,1008-wombat,B8:27:EB:CA:A1:3C,-46, WPA ,0.000000,0.000000,0.000,0.000,AP
2026-04-10 13:21:06,1900-01-00 00:00:00,1008-wombat,B8:27:EB:CA:A1:3C,-44, WPA ,0.000000,0.000000,0.000,0.000,AP
2026-04-10 13:21:06,1900-01-00 00:00:00,,C8:34:8E:2C:B6:E4,-49,,0.000000,0.000000,0.000,0.000,Client
2026-04-10 13:21:06,1900-01-00 00:00:00,,C8:34:8E:2C:B6:E4,-49,,0.000000,0.000000,0.000,0.000,Client
2026-04-10 13:21:06,1900-01-00 00:00:00,1008-wombat,B8:27:EB:CA:A1:3C,-44, WPA ,0.000000,0.000000,0.000,0.000,AP
2026-04-10 13:21:06,1900-01-00 00:00:00,,C8:34:8E:2C:B6:E4,-50,,0.000000,0.000000,0.000,0.000,Client
2026-04-10 13:21:06,1900-01-00 00:00:00,,C8:34:8E:2C:B6:E4,-49,,0.000000,0.000000,0.000,0.000,Client
2026-04-10 13:21:06,1900-01-00 00:00:00,1008-wombat,B8:27:EB:CA:A1:3C,-43, WPA ,0.000000,0.000000,0.000,0.000,AP
2026-04-10 13:21:06,1900-01-00 00:00:00,1008-wombat,B8:27:EB:CA:A1:3C,-43, WPA ,0.000000,0.000000,0.000,0.000,AP
2026-04-10 13:21:06,1900-01-00 00:00:00,1008-wombat,B8:27:EB:CA:A1:3C,-43, WPA ,0.000000,0.000000,0.000,0.000,AP
2026-04-10 13:21:06,1900-01-00 00:00:00,1008-wombat,B8:27:EB:CA:A1:3C,-44, WPA ,0.000000,0.000000,0.000,0.000,AP
2026-04-10 13:21:06,1900-01-00 00:00:00,,C8:34:8E:2C:B6:E4,-48,,0.000000,0.000000,0.000,0.000,Client
2026-04-10 13:21:06,1900-01-00 00:00:00,,C8:34:8E:2C:B6:E4,-49,,0.000000,0.000000,0.000,0.000,Client
2026-04-10 13:21:06,1900-01-00 00:00:00,,C8:34:8E:2C:B6:E4,-48,,0.000000,0.000000,0.000,0.000,Client
2026-04-10 13:21:06,1900-01-00 00:00:00,1008-wombat,B8:27:EB:CA:A1:3C,-41, WPA ,0.000000,0.000000,0.000,0.000,AP
2026-04-10 13:21:06,1900-01-00 00:00:00,,C8:34:8E:2C:B6:E4,-49,,0.000000,0.000000,0.000,0.000,Client
2026-04-10 13:21:06,1900-01-00 00:00:00,1008-wombat,B8:27:EB:CA:A1:3C,-44, WPA ,0.000000,0.000000,0.000,0.000,AP
2026-04-10 13:21:06,1900-01-00 00:00:00,1008-wombat,B8:27:EB:CA:A1:3C,-44, WPA ,0.000000,0.000000,0.000,0.000,AP
2026-04-10 13:21:06,1900-01-00 00:00:00,,C8:34:8E:2C:B6:E4,-49,,0.000000,0.000000,0.000,0.000,Client
2026-04-10 13:21:06,1900-01-00 00:00:00,1008-wombat,B8:27:EB:CA:A1:3C,-46, WPA ,0.000000,0.000000,0.000,0.000,AP
2026-04-10 13:21:06,1900-01-00 00:00:00,,C8:34:8E:2C:B6:E4,-49,,0.000000,0.000000,0.000,0.000,Client
2026-04-10 13:21:06,1900-01-00 00:00:00,1008-wombat,B8:27:EB:CA:A1:3C,-46, WPA ,0.000000,0.000000,0.000,0.000,AP
2026-04-10 13:21:06,1900-01-00 00:00:00,1008-wombat,B8:27:EB:CA:A1:3C,-42, WPA ,0.000000,0.000000,0.000,0.000,AP
2026-04-10 13:21:06,1900-01-00 00:00:00,1008-wombat,B8:27:EB:CA:A1:3C,-43, WPA ,0.000000,0.000000,0.000,0.000,AP
2026-04-10 13:21:06,1900-01-00 00:00:00,,C8:15:4E:20:C7:81,-52,,0.000000,0.000000,0.000,0.000,Client
2026-04-10 13:21:06,1900-01-00 00:00:00,1008-wombat,B8:27:EB:CA:A1:3C,-43, WPA ,0.000000,0.000000,0.000,0.000,AP
2026-04-10 13:21:06,1900-01-00 00:00:00,1008-wombat,B8:27:EB:CA:A1:3C,-45, WPA ,0.000000,0.000000,0.000,0.000,AP
2026-04-10 13:21:06,1900-01-00 00:00:00,1008-wombat,B8:27:EB:CA:A1:3C,-45, WPA ,0.000000,0.000000,0.000,0.000,AP
2026-04-10 13:21:06,1900-01-00 00:00:00,1008-wombat,B8:27:EB:CA:A1:3C,-45, WPA ,0.000000,0.000000,0.000,0.000,AP
2026-04-10 13:21:06,1900-01-00 00:00:00,1008-wombat,B8:27:EB:CA:A1:3C,-43, WPA ,0.000000,0.000000,0.000,0.000,AP
2026-04-10 13:21:06,1900-01-00 00:00:00,1008-wombat,B8:27:EB:CA:A1:3C,-45, WPA ,0.000000,0.000000,0.000,0.000,AP
2026-04-10 13:21:06,1900-01-00 00:00:00,1008-wombat,B8:27:EB:CA:A1:3C,-45, WPA ,0.000000,0.000000,0.000,0.000,AP
2026-04-10 13:21:06,1900-01-00 00:00:00,1008-wombat,B8:27:EB:CA:A1:3C,-45, WPA ,0.000000,0.000000,0.000,0.000,AP
2026-04-10 13:21:06,1900-01-00 00:00:00,1008-wombat,B8:27:EB:CA:A1:3C,-46, WPA ,0.000000,0.000000,0.000,0.000,AP
2026-04-10 13:21:06,1900-01-00 00:00:00,1008-wombat,B8:27:EB:CA:A1:3C,-45, WPA ,0.000000,0.000000,0.000,0.000,AP
2026-04-10 13:21:06,1900-01-00 00:00:00,1008-wombat,B8:27:EB:CA:A1:3C,-45, WPA ,0.000000,0.000000,0.000,0.000,AP
2026-04-10 13:21:06,1900-01-00 00:00:00,1008-wombat,B8:27:EB:CA:A1:3C,-45, WPA ,0.000000,0.000000,0.000,0.000,AP
2026-04-10 13:21:06,1900-01-00 00:00:00,1008-wombat,B8:27:EB:CA:A1:3C,-46, WPA ,0.000000,0.000000,0.000,0.000,AP
2026-04-10 13:21:06,1900-01-00 00:00:00,1008-wombat,B8:27:EB:CA:A1:3C,-45, WPA ,0.000000,0.000000,0.000,0.000,AP
2026-04-10 13:21:06,1900-01-00 00:00:00,,C8:34:8E:2C:B6:E4,-49,,0.000000,0.000000,0.000,0.000,Client
2026-04-10 13:21:06,1900-01-00 00:00:00,1008-wombat,B8:27:EB:CA:A1:3C,-46, WPA ,0.000000,0.000000,0.000,0.000,AP
2026-04-10 13:21:06,1900-01-00 00:00:00,1008-wombat,B8:27:EB:CA:A1:3C,-44, WPA ,0.000000,0.000000,0.000,0.000,AP
2026-04-10 13:21:06,1900-01-00 00:00:00,,C8:15:4E:20:C7:81,-50,,0.000000,0.000000,0.000,0.000,Client
2026-04-10 13:21:06,1900-01-00 00:00:00,1008-wombat,B8:27:EB:CA:A1:3C,-44, WPA ,0.000000,0.000000,0.000,0.000,AP
2026-04-10 13:21:06,1900-01-00 00:00:00,,C8:34:8E:2C:B6:E4,-48,,0.000000,0.000000,0.000,0.000,Client
2026-04-10 13:21:06,1900-01-00 00:00:00,1008-wombat,B8:27:EB:CA:A1:3C,-46, WPA ,0.000000,0.000000,0.000,0.000,AP
2026-04-10 13:21:06,1900-01-00 00:00:00,,C8:34:8E:2C:B6:E4,-48,,0.000000,0.000000,0.000,0.000,Client
2026-04-10 13:21:06,1900-01-00 00:00:00,1008-wombat,B8:27:EB:CA:A1:3C,-43, WPA ,0.000000,0.000000,0.000,0.000,AP
2026-04-10 13:21:07,1900-01-00 00:00:00,,C8:15:4E:20:C7:81,-49,,0.000000,0.000000,0.000,0.000,Client
2026-04-10 13:21:07,1900-01-00 00:00:00,,C8:15:4E:20:C7:81,-51,,0.000000,0.000000,0.000,0.000,Client
2026-04-10 13:21:07,1900-01-00 00:00:00,1008-wombat,B8:27:EB:CA:A1:3C,-47, WPA ,0.000000,0.000000,0.000,0.000,AP
2026-04-10 13:21:07,1900-01-00 00:00:00,1008-wombat,B8:27:EB:CA:A1:3C,-43, WPA ,0.000000,0.000000,0.000,0.000,AP
2026-04-10 13:21:07,1900-01-00 00:00:00,,C8:34:8E:2C:B6:E4,-48,,0.000000,0.000000,0.000,0.000,Client
2026-04-10 13:21:07,1900-01-00 00:00:00,1008-wombat,B8:27:EB:CA:A1:3C,-46, WPA ,0.000000,0.000000,0.000,0.000,AP
2026-04-10 13:21:07,1900-01-00 00:00:00,,C8:15:4E:20:C7:81,-50,,0.000000,0.000000,0.000,0.000,Client
2026-04-10 13:21:07,1900-01-00 00:00:00,1008-wombat,B8:27:EB:CA:A1:3C,-46, WPA ,0.000000,0.000000,0.000,0.000,AP
2026-04-10 13:21:07,1900-01-00 00:00:00,1008-wombat,B8:27:EB:CA:A1:3C,-45, WPA ,0.000000,0.000000,0.000,0.000,AP
2026-04-10 13:21:07,1900-01-00 00:00:00,,C8:34:8E:2C:B6:E4,-48,,0.000000,0.000000,0.000,0.000,Client
2026-04-10 13:21:07,1900-01-00 00:00:00,1008-wombat,B8:27:EB:CA:A1:3C,-40, WPA ,0.000000,0.000000,0.000,0.000,AP
2026-04-10 13:21:07,1900-01-00 00:00:00,1008-wombat,B8:27:EB:CA:A1:3C,-45, WPA ,0.000000,0.000000,0.000,0.000,AP
2026-04-10 13:21:07,1900-01-00 00:00:00,,C8:15:4E:20:C7:81,-49,,0.000000,0.000000,0.000,0.000,Client
2026-04-10 13:21:07,1900-01-00 00:00:00,1008-wombat,B8:27:EB:CA:A1:3C,-44, WPA ,0.000000,0.000000,0.000,0.000,AP
2026-04-10 13:21:07,1900-01-00 00:00:00,,C8:34:8E:2C:B6:E4,-48,,0.000000,0.000000,0.000,0.000,Client
2026-04-10 13:21:07,1900-01-00 00:00:00,,C8:34:8E:2C:B6:E4,-48,,0.000000,0.000000,0.000,0.000,Client
2026-04-10 13:21:07,1900-01-00 00:00:00,,C8:34:8E:2C:B6:E4,-48,,0.000000,0.000000,0.000,0.000,Client
2026-04-10 13:21:07,1900-01-00 00:00:00,,C8:34:8E:2C:B6:E4,-48,,0.000000,0.000000,0.000,0.000,Client
2026-04-10 13:21:07,1900-01-00 00:00:00,,C8:34:8E:2C:B6:E4,-48,,0.000000,0.000000,0.000,0.000,Client
2026-04-10 13:21:07,1900-01-00 00:00:00,,C8:34:8E:2C:B6:E4,-48,,0.000000,0.000000,0.000,0.000,Client
2026-04-10 13:21:07,1900-01-00 00:00:00,,C8:34:8E:2C:B6:E4,-48,,0.000000,0.000000,0.000,0.000,Client
2026-04-10 13:21:07,1900-01-00 00:00:00,,C8:34:8E:2C:B6:E4,-48,,0.000000,0.000000,0.000,0.000,Client
2026-04-10 13:21:07,1900-01-00 00:00:00,1008-wombat,B8:27:EB:CA:A1:3C,-51, WPA ,0.000000,0.000000,0.000,0.000,AP
2026-04-10 13:21:07,1900-01-00 00:00:00,1008-wombat,B8:27:EB:CA:A1:3C,-51, WPA ,0.000000,0.000000,0.000,0.000,AP
2026-04-10 13:21:07,1900-01-00 00:00:00,1008-wombat,B8:27:EB:CA:A1:3C,-51, WPA ,0.000000,0.000000,0.000,0.000,AP
2026-04-10 13:21:07,1900-01-00 00:00:00,,C8:15:4E:20:C7:81,-49,,0.000000,0.000000,0.000,0.000,Client
2026-04-10 13:21:07,1900-01-00 00:00:00,1008-wombat,B8:27:EB:CA:A1:3C,-42, WPA ,0.000000,0.000000,0.000,0.000,AP
2026-04-10 13:21:07,1900-01-00 00:00:00,1008-wombat,B8:27:EB:CA:A1:3C,-43, WPA ,0.000000,0.000000,0.000,0.000,AP
2026-04-10 13:21:07,1900-01-00 00:00:00,1008-wombat,B8:27:EB:CA:A1:3C,-43, WPA ,0.000000,0.000000,0.000,0.000,AP
2026-04-10 13:21:07,1900-01-00 00:00:00,1008-wombat,B8:27:EB:CA:A1:3C,-42, WPA ,0.000000,0.000000,0.000,0.000,AP
2026-04-10 13:21:07,1900-01-00 00:00:00,1008-wombat,B8:27:EB:CA:A1:3C,-42, WPA ,0.000000,0.000000,0.000,0.000,AP
2026-04-10 13:21:07,1900-01-00 00:00:00,1008-wombat,B8:27:EB:CA:A1:3C,-51, WPA ,0.000000,0.000000,0.000,0.000,AP
2026-04-10 13:21:07,1900-01-00 00:00:00,1008-wombat,B8:27:EB:CA:A1:3C,-42, WPA ,0.000000,0.000000,0.000,0.000,AP
2026-04-10 13:21:07,1900-01-00 00:00:00,1008-wombat,B8:27:EB:CA:A1:3C,-42, WPA ,0.000000,0.000000,0.000,0.000,AP
2026-04-10 13:21:07,1900-01-00 00:00:00,1008-wombat,B8:27:EB:CA:A1:3C,-43, WPA ,0.000000,0.000000,0.000,0.000,AP
2026-04-10 13:21:07,1900-01-00 00:00:00,1008-wombat,B8:27:EB:CA:A1:3C,-42, WPA ,0.000000,0.000000,0.000,0.000,AP
2026-04-10 13:21:07,1900-01-00 00:00:00,1008-wombat,B8:27:EB:CA:A1:3C,-42, WPA ,0.000000,0.000000,0.000,0.000,AP
2026-04-10 13:21:07,1900-01-00 00:00:00,1008-wombat,B8:27:EB:CA:A1:3C,-43, WPA ,0.000000,0.000000,0.000,0.000,AP
2026-04-10 13:21:07,1900-01-00 00:00:00,1008-wombat,B8:27:EB:CA:A1:3C,-43, WPA ,0.000000,0.000000,0.000,0.000,AP
2026-04-10 13:21:07,1900-01-00 00:00:00,1008-wombat,B8:27:EB:CA:A1:3C,-43, WPA ,0.000000,0.000000,0.000,0.000,AP
2026-04-10 13:21:07,1900-01-00 00:00:00,1008-wombat,B8:27:EB:CA:A1:3C,-43, WPA ,0.000000,0.000000,0.000,0.000,AP
2026-04-10 13:21:07,1900-01-00 00:00:00,1008-wombat,B8:27:EB:CA:A1:3C,-51, WPA ,0.000000,0.000000,0.000,0.000,AP
2026-04-10 13:21:07,1900-01-00 00:00:00,1008-wombat,B8:27:EB:CA:A1:3C,-42, WPA ,0.000000,0.000000,0.000,0.000,AP
2026-04-10 13:21:07,1900-01-00 00:00:00,1008-wombat,B8:27:EB:CA:A1:3C,-46, WPA ,0.000000,0.000000,0.000,0.000,AP
2026-04-10 13:21:07,1900-01-00 00:00:00,1008-wombat,B8:27:EB:CA:A1:3C,-45, WPA ,0.000000,0.000000,0.000,0.000,AP
2026-04-10 13:21:07,1900-01-00 00:00:00,1008-wombat,B8:27:EB:CA:A1:3C,-45, WPA ,0.000000,0.000000,0.000,0.000,AP
2026-04-10 13:21:07,1900-01-00 00:00:00,1008-wombat,B8:27:EB:CA:A1:3C,-42, WPA ,0.000000,0.000000,0.000,0.000,AP
2026-04-10 13:21:07,1900-01-00 00:00:00,1008-wombat,B8:27:EB:CA:A1:3C,-49, WPA ,0.000000,0.000000,0.000,0.000,AP
2026-04-10 13:21:07,1900-01-00 00:00:00,1008-wombat,B8:27:EB:CA:A1:3C,-49, WPA ,0.000000,0.000000,0.000,0.000,AP
2026-04-10 13:21:07,1900-01-00 00:00:00,1008-wombat,B8:27:EB:CA:A1:3C,-43, WPA ,0.000000,0.000000,0.000,0.000,AP
2026-04-10 13:21:07,1900-01-00 00:00:00,1008-wombat,B8:27:EB:CA:A1:3C,-45, WPA ,0.000000,0.000000,0.000,0.000,AP
2026-04-10 13:21:07,1900-01-00 00:00:00,1008-wombat,B8:27:EB:CA:A1:3C,-42, WPA ,0.000000,0.000000,0.000,0.000,AP
2026-04-10 13:21:07,1900-01-00 00:00:00,1008-wombat,B8:27:EB:CA:A1:3C,-42, WPA ,0.000000,0.000000,0.000,0.000,AP
2026-04-10 13:21:07,1900-01-00 00:00:00,1008-wombat,B8:27:EB:CA:A1:3C,-42, WPA ,0.000000,0.000000,0.000,0.000,AP
2026-04-10 13:21:07,1900-01-00 00:00:00,1008-wombat,B8:27:EB:CA:A1:3C,-42, WPA ,0.000000,0.000000,0.000,0.000,AP
2026-04-10 13:21:07,1900-01-00 00:00:00,1008-wombat,B8:27:EB:CA:A1:3C,-43, WPA ,0.000000,0.000000,0.000,0.000,AP
2026-04-10 13:21:07,1900-01-00 00:00:00,1008-wombat,B8:27:EB:CA:A1:3C,-43, WPA ,0.000000,0.000000,0.000,0.000,AP
2026-04-10 13:21:07,1900-01-00 00:00:00,1008-wombat,B8:27:EB:CA:A1:3C,-42, WPA ,0.000000,0.000000,0.000,0.000,AP
2026-04-10 13:21:07,1900-01-00 00:00:00,1008-wombat,B8:27:EB:CA:A1:3C,-51, WPA ,0.000000,0.000000,0.000,0.000,AP
2026-04-10 13:21:07,1900-01-00 00:00:00,1008-wombat,B8:27:EB:CA:A1:3C,-51, WPA ,0.000000,0.000000,0.000,0.000,AP
2026-04-10 13:21:07,1900-01-00 00:00:00,1008-wombat,B8:27:EB:CA:A1:3C,-51, WPA ,0.000000,0.000000,0.000,0.000,AP
2026-04-10 13:21:07,1900-01-00 00:00:00,1008-wombat,B8:27:EB:CA:A1:3C,-51, WPA ,0.000000,0.000000,0.000,0.000,AP
2026-04-10 13:21:07,1900-01-00 00:00:00,1008-wombat,B8:27:EB:CA:A1:3C,-51, WPA ,0.000000,0.000000,0.000,0.000,AP
2026-04-10 13:21:07,1900-01-00 00:00:00,1008-wombat,B8:27:EB:CA:A1:3C,-51, WPA ,0.000000,0.000000,0.000,0.000,AP
2026-04-10 13:21:07,1900-01-00 00:00:00,1008-wombat,B8:27:EB:CA:A1:3C,-51, WPA ,0.000000,0.000000,0.000,0.000,AP
2026-04-10 13:21:07,1900-01-00 00:00:00,1008-wombat,B8:27:EB:CA:A1:3C,-47, WPA ,0.000000,0.000000,0.000,0.000,AP
2026-04-10 13:21:07,1900-01-00 00:00:00,1008-wombat,B8:27:EB:CA:A1:3C,-47, WPA ,0.000000,0.000000,0.000,0.000,AP
2026-04-10 13:21:07,1900-01-00 00:00:00,1008-wombat,B8:27:EB:CA:A1:3C,-49, WPA ,0.000000,0.000000,0.000,0.000,AP
2026-04-10 13:21:07,1900-01-00 00:00:00,1008-wombat,B8:27:EB:CA:A1:3C,-49, WPA ,0.000000,0.000000,0.000,0.000,AP
2026-04-10 13:21:07,1900-01-00 00:00:00,1008-wombat,B8:27:EB:CA:A1:3C,-49, WPA ,0.000000,0.000000,0.000,0.000,AP
2026-04-10 13:21:07,1900-01-00 00:00:00,1008-wombat,B8:27:EB:CA:A1:3C,-49, WPA ,0.000000,0.000000,0.000,0.000,AP
2026-04-10 13:21:07,1900-01-00 00:00:00,1008-wombat,B8:27:EB:CA:A1:3C,-49, WPA ,0.000000,0.000000,0.000,0.000,AP
2026-04-10 13:21:07,1900-01-00 00:00:00,1008-wombat,B8:27:EB:CA:A1:3C,-51, WPA ,0.000000,0.000000,0.000,0.000,AP
2026-04-10 13:21:07,1900-01-00 00:00:00,1008-wombat,B8:27:EB:CA:A1:3C,-51, WPA ,0.000000,0.000000,0.000,0.000,AP
2026-04-10 13:21:07,1900-01-00 00:00:00,1008-wombat,B8:27:EB:CA:A1:3C,-51, WPA ,0.000000,0.000000,0.000,0.000,AP
2026-04-10 13:21:07,1900-01-00 00:00:00,1008-wombat,B8:27:EB:CA:A1:3C,-51, WPA ,0.000000,0.000000,0.000,0.000,AP
2026-04-10 13:21:07,1900-01-00 00:00:00,1008-wombat,B8:27:EB:CA:A1:3C,-51, WPA ,0.000000,0.000000,0.000,0.000,AP
2026-04-10 13:21:07,1900-01-00 00:00:00,1008-wombat,B8:27:EB:CA:A1:3C,-51, WPA ,0.000000,0.000000,0.000,0.000,AP
2026-04-10 13:21:07,1900-01-00 00:00:00,1008-wombat,B8:27:EB:CA:A1:3C,-51, WPA ,0.000000,0.000000,0.000,0.000,AP
2026-04-10 13:21:07,1900-01-00 00:00:00,1008-wombat,B8:27:EB:CA:A1:3C,-56, WPA ,0.000000,0.000000,0.000,0.000,AP
2026-04-10 13:21:07,1900-01-00 00:00:00,1008-wombat,B8:27:EB:CA:A1:3C,-56, WPA ,0.000000,0.000000,0.000,0.000,AP
2026-04-10 13:21:07,1900-01-00 00:00:00,1008-wombat,B8:27:EB:CA:A1:3C,-56, WPA ,0.000000,0.000000,0.000,0.000,AP
2026-04-10 13:21:07,1900-01-00 00:00:00,1008-wombat,B8:27:EB:CA:A1:3C,-57, WPA ,0.000000,0.000000,0.000,0.000,AP
2026-04-10 13:21:07,1900-01-00 00:00:00,1008-wombat,B8:27:EB:CA:A1:3C,-57, WPA ,0.000000,0.000000,0.000,0.000,AP
2026-04-10 13:21:07,1900-01-00 00:00:00,1008-wombat,B8:27:EB:CA:A1:3C,-42, WPA ,0.000000,0.000000,0.000,0.000,AP
2026-04-10 13:21:07,1900-01-00 00:00:00,1008-wombat,B8:27:EB:CA:A1:3C,-50, WPA ,0.000000,0.000000,0.000,0.000,AP
2026-04-10 13:21:07,1900-01-00 00:00:00,1008-wombat,B8:27:EB:CA:A1:3C,-50, WPA ,0.000000,0.000000,0.000,0.000,AP
2026-04-10 13:21:07,1900-01-00 00:00:00,1008-wombat,B8:27:EB:CA:A1:3C,-50, WPA ,0.000000,0.000000,0.000,0.000,AP
2026-04-10 13:21:07,1900-01-00 00:00:00,1008-wombat,B8:27:EB:CA:A1:3C,-50, WPA ,0.000000,0.000000,0.000,0.000,AP
2026-04-10 13:21:07,1900-01-00 00:00:00,1008-wombat,B8:27:EB:CA:A1:3C,-43, WPA ,0.000000,0.000000,0.000,0.000,AP
2026-04-10 13:21:07,1900-01-00 00:00:00,1008-wombat,B8:27:EB:CA:A1:3C,-51, WPA ,0.000000,0.000000,0.000,0.000,AP
2026-04-10 13:21:07,1900-01-00 00:00:00,1008-wombat,B8:27:EB:CA:A1:3C,-51, WPA ,0.000000,0.000000,0.000,0.000,AP
2026-04-10 13:21:07,1900-01-00 00:00:00,1008-wombat,B8:27:EB:CA:A1:3C,-51, WPA ,0.000000,0.000000,0.000,0.000,AP
2026-04-10 13:21:07,1900-01-00 00:00:00,1008-wombat,B8:27:EB:CA:A1:3C,-51, WPA ,0.000000,0.000000,0.000,0.000,AP
2026-04-10 13:21:07,1900-01-00 00:00:00,1008-wombat,B8:27:EB:CA:A1:3C,-51, WPA ,0.000000,0.000000,0.000,0.000,AP
2026-04-10 13:21:07,1900-01-00 00:00:00,1008-wombat,B8:27:EB:CA:A1:3C,-51, WPA ,0.000000,0.000000,0.000,0.000,AP
2026-04-10 13:21:07,1900-01-00 00:00:00,1008-wombat,B8:27:EB:CA:A1:3C,-51, WPA ,0.000000,0.000000,0.000,0.000,AP
2026-04-10 13:21:07,1900-01-00 00:00:00,1008-wombat,B8:27:EB:CA:A1:3C,-51, WPA ,0.000000,0.000000,0.000,0.000,AP
2026-04-10 13:21:07,1900-01-00 00:00:00,1008-wombat,B8:27:EB:CA:A1:3C,-51, WPA ,0.000000,0.000000,0.000,0.000,AP
2026-04-10 13:21:07,1900-01-00 00:00:00,1008-wombat,B8:27:EB:CA:A1:3C,-51, WPA ,0.000000,0.000000,0.000,0.000,AP
2026-04-10 13:21:07,1900-01-00 00:00:00,1008-wombat,B8:27:EB:CA:A1:3C,-51, WPA ,0.000000,0.000000,0.000,0.000,AP
2026-04-10 13:21:07,1900-01-00 00:00:00,1008-wombat,B8:27:EB:CA:A1:3C,-51, WPA ,0.000000,0.000000,0.000,0.000,AP
2026-04-10 13:21:07,1900-01-00 00:00:00,1008-wombat,B8:27:EB:CA:A1:3C,-55, WPA ,0.000000,0.000000,0.000,0.000,AP
2026-04-10 13:21:07,1900-01-00 00:00:00,1008-wombat,B8:27:EB:CA:A1:3C,-55, WPA ,0.000000,0.000000,0.000,0.000,AP
2026-04-10 13:21:07,1900-01-00 00:00:00,1008-wombat,B8:27:EB:CA:A1:3C,-55, WPA ,0.000000,0.000000,0.000,0.000,AP
2026-04-10 13:21:07,1900-01-00 00:00:00,1008-wombat,B8:27:EB:CA:A1:3C,-55, WPA ,0.000000,0.000000,0.000,0.000,AP
2026-04-10 13:21:07,1900-01-00 00:00:00,1008-wombat,B8:27:EB:CA:A1:3C,-55, WPA ,0.000000,0.000000,0.000,0.000,AP
2026-04-10 13:21:07,1900-01-00 00:00:00,1008-wombat,B8:27:EB:CA:A1:3C,-44, WPA ,0.000000,0.000000,0.000,0.000,AP
2026-04-10 13:21:07,1900-01-00 00:00:00,1008-wombat,B8:27:EB:CA:A1:3C,-44, WPA ,0.000000,0.000000,0.000,0.000,AP
2026-04-10 13:21:07,1900-01-00 00:00:00,1008-wombat,B8:27:EB:CA:A1:3C,-44, WPA ,0.000000,0.000000,0.000,0.000,AP
2026-04-10 13:21:07,1900-01-00 00:00:00,1008-wombat,B8:27:EB:CA:A1:3C,-44, WPA ,0.000000,0.000000,0.000,0.000,AP
2026-04-10 13:21:07,1900-01-00 00:00:00,1008-wombat,B8:27:EB:CA:A1:3C,-44, WPA ,0.000000,0.000000,0.000,0.000,AP
2026-04-10 13:21:07,1900-01-00 00:00:00,1008-wombat,B8:27:EB:CA:A1:3C,-44, WPA ,0.000000,0.000000,0.000,0.000,AP
2026-04-10 13:21:07,1900-01-00 00:00:00,1008-wombat,B8:27:EB:CA:A1:3C,-44, WPA ,0.000000,0.000000,0.000,0.000,AP
2026-04-10 13:21:07,1900-01-00 00:00:00,1008-wombat,B8:27:EB:CA:A1:3C,-44, WPA ,0.000000,0.000000,0.000,0.000,AP
2026-04-10 13:21:07,1900-01-00 00:00:00,1008-wombat,B8:27:EB:CA:A1:3C,-44, WPA ,0.000000,0.000000,0.000,0.000,AP
2026-04-10 13:21:07,1900-01-00 00:00:00,1008-wombat,B8:27:EB:CA:A1:3C,-44, WPA ,0.000000,0.000000,0.000,0.000,AP
2026-04-10 13:21:07,1900-01-00 00:00:00,1008-wombat,B8:27:EB:CA:A1:3C,-44, WPA ,0.000000,0.000000,0.000,0.000,AP
2026-04-10 13:21:07,1900-01-00 00:00:00,1008-wombat,B8:27:EB:CA:A1:3C,-48, WPA ,0.000000,0.000000,0.000,0.000,AP
2026-04-10 13:21:07,1900-01-00 00:00:00,1008-wombat,B8:27:EB:CA:A1:3C,-48, WPA ,0.000000,0.000000,0.000,0.000,AP
2026-04-10 13:21:07,1900-01-00 00:00:00,1008-wombat,B8:27:EB:CA:A1:3C,-50, WPA ,0.000000,0.000000,0.000,0.000,AP
2026-04-10 13:21:07,1900-01-00 00:00:00,1008-wombat,B8:27:EB:CA:A1:3C,-50, WPA ,0.000000,0.000000,0.000,0.000,AP
2026-04-10 13:21:07,1900-01-00 00:00:00,1008-wombat,B8:27:EB:CA:A1:3C,-50, WPA ,0.000000,0.000000,0.000,0.000,AP
2026-04-10 13:21:07,1900-01-00 00:00:00,1008-wombat,B8:27:EB:CA:A1:3C,-50, WPA ,0.000000,0.000000,0.000,0.000,AP
2026-04-10 13:21:07,1900-01-00 00:00:00,1008-wombat,B8:27:EB:CA:A1:3C,-50, WPA ,0.000000,0.000000,0.000,0.000,AP
2026-04-10 13:21:07,1900-01-00 00:00:00,1008-wombat,B8:27:EB:CA:A1:3C,-51, WPA ,0.000000,0.000000,0.000,0.000,AP
2026-04-10 13:21:07,1900-01-00 00:00:00,1008-wombat,B8:27:EB:CA:A1:3C,-51, WPA ,0.000000,0.000000,0.000,0.000,AP
2026-04-10 13:21:07,1900-01-00 00:00:00,1008-wombat,B8:27:EB:CA:A1:3C,-51, WPA ,0.000000,0.000000,0.000,0.000,AP
2026-04-10 13:21:07,1900-01-00 00:00:00,1008-wombat,B8:27:EB:CA:A1:3C,-51, WPA ,0.000000,0.000000,0.000,0.000,AP
2026-04-10 13:21:07,1900-01-00 00:00:00,1008-wombat,B8:27:EB:CA:A1:3C,-51, WPA ,0.000000,0.000000,0.000,0.000,AP
2026-04-10 13:21:07,1900-01-00 00:00:00,1008-wombat,B8:27:EB:CA:A1:3C,-51, WPA ,0.000000,0.000000,0.000,0.000,AP
2026-04-10 13:21:07,1900-01-00 00:00:00,1008-wombat,B8:27:EB:CA:A1:3C,-51, WPA ,0.000000,0.000000,0.000,0.000,AP
2026-04-10 13:21:07,1900-01-00 00:00:00,1008-wombat,B8:27:EB:CA:A1:3C,-54, WPA ,0.000000,0.000000,0.000,0.000,AP
2026-04-10 13:21:07,1900-01-00 00:00:00,1008-wombat,B8:27:EB:CA:A1:3C,-54, WPA ,0.000000,0.000000,0.000,0.000,AP
2026-04-10 13:21:07,1900-01-00 00:00:00,1008-wombat,B8:27:EB:CA:A1:3C,-56, WPA ,0.000000,0.000000,0.000,0.000,AP
2026-04-10 13:21:07,1900-01-00 00:00:00,1008-wombat,B8:27:EB:CA:A1:3C,-56, WPA ,0.000000,0.000000,0.000,0.000,AP
2026-04-10 13:21:07,1900-01-00 00:00:00,1008-wombat,B8:27:EB:CA:A1:3C,-56, WPA ,0.000000,0.000000,0.000,0.000,AP
2026-04-10 13:21:07,1900-01-00 00:00:00,1008-wombat,B8:27:EB:CA:A1:3C,-56, WPA ,0.000000,0.000000,0.000,0.000,AP
2026-04-10 13:21:07,1900-01-00 00:00:00,1008-wombat,B8:27:EB:CA:A1:3C,-56, WPA ,0.000000,0.000000,0.000,0.000,AP
2026-04-10 13:21:07,1900-01-00 00:00:00,1008-wombat,B8:27:EB:CA:A1:3C,-56, WPA ,0.000000,0.000000,0.000,0.000,AP
2026-04-10 13:21:07,1900-01-00 00:00:00,1008-wombat,B8:27:EB:CA:A1:3C,-56, WPA ,0.000000,0.000000,0.000,0.000,AP
2026-04-10 13:21:07,1900-01-00 00:00:00,1008-wombat,B8:27:EB:CA:A1:3C,-56, WPA ,0.000000,0.000000,0.000,0.000,AP
2026-04-10 13:21:07,1900-01-00 00:00:00,1008-wombat,B8:27:EB:CA:A1:3C,-56, WPA ,0.000000,0.000000,0.000,0.000,AP
2026-04-10 13:21:07,1900-01-00 00:00:00,1008-wombat,B8:27:EB:CA:A1:3C,-56, WPA ,0.000000,0.000000,0.000,0.000,AP
2026-04-10 13:21:07,1900-01-00 00:00:00,1008-wombat,B8:27:EB:CA:A1:3C,-56, WPA ,0.000000,0.000000,0.000,0.000,AP
2026-04-10 13:21:07,1900-01-00 00:00:00,1008-wombat,B8:27:EB:CA:A1:3C,-56, WPA ,0.000000,0.000000,0.000,0.000,AP
2026-04-10 13:21:07,1900-01-00 00:00:00,1008-wombat,B8:27:EB:CA:A1:3C,-56, WPA ,0.000000,0.000000,0.000,0.000,AP
2026-04-10 13:21:07,1900-01-00 00:00:00,1008-wombat,B8:27:EB:CA:A1:3C,-56, WPA ,0.000000,0.000000,0.000,0.000,AP
2026-04-10 13:21:07,1900-01-00 00:00:00,1008-wombat,B8:27:EB:CA:A1:3C,-56, WPA ,0.000000,0.000000,0.000,0.000,AP
2026-04-10 13:21:07,1900-01-00 00:00:00,1008-wombat,B8:27:EB:CA:A1:3C,-56, WPA ,0.000000,0.000000,0.000,0.000,AP
2026-04-10 13:21:07,1900-01-00 00:00:00,1008-wombat,B8:27:EB:CA:A1:3C,-56, WPA ,0.000000,0.000000,0.000,0.000,AP
2026-04-10 13:21:07,1900-01-00 00:00:00,1008-wombat,B8:27:EB:CA:A1:3C,-56, WPA ,0.000000,0.000000,0.000,0.000,AP
2026-04-10 13:21:07,1900-01-00 00:00:00,1008-wombat,B8:27:EB:CA:A1:3C,-56, WPA ,0.000000,0.000000,0.000,0.000,AP
2026-04-10 13:21:07,1900-01-00 00:00:00,1008-wombat,B8:27:EB:CA:A1:3C,-56, WPA ,0.000000,0.000000,0.000,0.000,AP
2026-04-10 13:21:07,1900-01-00 00:00:00,1008-wombat,B8:27:EB:CA:A1:3C,-56, WPA ,0.000000,0.000000,0.000,0.000,AP
2026-04-10 13:21:07,1900-01-00 00:00:00,1008-wombat,B8:27:EB:CA:A1:3C,-56, WPA ,0.000000,0.000000,0.000,0.000,AP
2026-04-10 13:21:07,1900-01-00 00:00:00,1008-wombat,B8:27:EB:CA:A1:3C,-56, WPA ,0.000000,0.000000,0.000,0.000,AP
2026-04-10 13:21:07,1900-01-00 00:00:00,1008-wombat,B8:27:EB:CA:A1:3C,-56, WPA ,0.000000,0.000000,0.000,0.000,AP
2026-04-10 13:21:07,1900-01-00 00:00:00,1008-wombat,B8:27:EB:CA:A1:3C,-43, WPA ,0.000000,0.000000,0.000,0.000,AP
2026-04-10 13:21:07,1900-01-00 00:00:00,1008-wombat,B8:27:EB:CA:A1:3C,-43, WPA ,0.000000,0.000000,0.000,0.000,AP
2026-04-10 13:21:07,1900-01-00 00:00:00,1008-wombat,B8:27:EB:CA:A1:3C,-43, WPA ,0.000000,0.000000,0.000,0.000,AP
2026-04-10 13:21:07,1900-01-00 00:00:00,1008-wombat,B8:27:EB:CA:A1:3C,-43, WPA ,0.000000,0.000000,0.000,0.000,AP
2026-04-10 13:21:07,1900-01-00 00:00:00,1008-wombat,B8:27:EB:CA:A1:3C,-43, WPA ,0.000000,0.000000,0.000,0.000,AP
2026-04-10 13:21:07,1900-01-00 00:00:00,1008-wombat,B8:27:EB:CA:A1:3C,-43, WPA ,0.000000,0.000000,0.000,0.000,AP
2026-04-10 13:21:07,1900-01-00 00:00:00,,C8:34:8E:2C:B6:E4,-52,,0.000000,0.000000,0.000,0.000,Client
2026-04-10 13:21:07,1900-01-00 00:00:00,1008-wombat,B8:27:EB:CA:A1:3C,-44, WPA ,0.000000,0.000000,0.000,0.000,AP
2026-04-10 13:21:07,1900-01-00 00:00:00,1008-wombat,B8:27:EB:CA:A1:3C,-44, WPA ,0.000000,0.000000,0.000,0.000,AP
2026-04-10 13:21:07,1900-01-00 00:00:00,,C8:15:4E:20:C7:81,-50,,0.000000,0.000000,0.000,0.000,Client
2026-04-10 13:21:07,1900-01-00 00:00:00,1008-wombat,B8:27:EB:CA:A1:3C,-44, WPA ,0.000000,0.000000,0.000,0.000,AP
2026-04-10 13:21:07,1900-01-00 00:00:00,1008-wombat,B8:27:EB:CA:A1:3C,-44, WPA ,0.000000,0.000000,0.000,0.000,AP
2026-04-10 13:21:07,1900-01-00 00:00:00,1008-wombat,B8:27:EB:CA:A1:3C,-49, WPA ,0.000000,0.000000,0.000,0.000,AP
2026-04-10 13:21:07,1900-01-00 00:00:00,1008-wombat,B8:27:EB:CA:A1:3C,-49, WPA ,0.000000,0.000000,0.000,0.000,AP
2026-04-10 13:21:07,1900-01-00 00:00:00,1008-wombat,B8:27:EB:CA:A1:3C,-49, WPA ,0.000000,0.000000,0.000,0.000,AP
2026-04-10 13:21:07,1900-01-00 00:00:00,1008-wombat,B8:27:EB:CA:A1:3C,-44, WPA ,0.000000,0.000000,0.000,0.000,AP
2026-04-10 13:21:07,1900-01-00 00:00:00,1008-wombat,B8:27:EB:CA:A1:3C,-46, WPA ,0.000000,0.000000,0.000,0.000,AP
2026-04-10 13:21:07,1900-01-00 00:00:00,1008-wombat,B8:27:EB:CA:A1:3C,-44, WPA ,0.000000,0.000000,0.000,0.000,AP
2026-04-10 13:21:07,1900-01-00 00:00:00,1008-wombat,B8:27:EB:CA:A1:3C,-44, WPA ,0.000000,0.000000,0.000,0.000,AP
2026-04-10 13:21:07,1900-01-00 00:00:00,1008-wombat,B8:27:EB:CA:A1:3C,-44, WPA ,0.000000,0.000000,0.000,0.000,AP
2026-04-10 13:21:07,1900-01-00 00:00:00,1008-wombat,B8:27:EB:CA:A1:3C,-44, WPA ,0.000000,0.000000,0.000,0.000,AP
2026-04-10 13:21:07,1900-01-00 00:00:00,1008-wombat,B8:27:EB:CA:A1:3C,-44, WPA ,0.000000,0.000000,0.000,0.000,AP
2026-04-10 13:21:07,1900-01-00 00:00:00,1008-wombat,B8:27:EB:CA:A1:3C,-44, WPA ,0.000000,0.000000,0.000,0.000,AP
2026-04-10 13:21:07,1900-01-00 00:00:00,1008-wombat,B8:27:EB:CA:A1:3C,-44, WPA ,0.000000,0.000000,0.000,0.000,AP
2026-04-10 13:21:07,1900-01-00 00:00:00,1008-wombat,B8:27:EB:CA:A1:3C,-44, WPA ,0.000000,0.000000,0.000,0.000,AP
2026-04-10 13:21:07,1900-01-00 00:00:00,1008-wombat,B8:27:EB:CA:A1:3C,-44, WPA ,0.000000,0.000000,0.000,0.000,AP
2026-04-10 13:21:07,1900-01-00 00:00:00,1008-wombat,B8:27:EB:CA:A1:3C,-44, WPA ,0.000000,0.000000,0.000,0.000,AP
2026-04-10 13:21:07,1900-01-00 00:00:00,,C8:15:4E:20:C7:81,-50,,0.000000,0.000000,0.000,0.000,Client
2026-04-10 13:21:07,1900-01-00 00:00:00,1008-wombat,B8:27:EB:CA:A1:3C,-44, WPA ,0.000000,0.000000,0.000,0.000,AP
2026-04-10 13:21:07,1900-01-00 00:00:00,,C8:15:4E:20:C7:81,-49,,0.000000,0.000000,0.000,0.000,Client
2026-04-10 13:21:07,1900-01-00 00:00:00,1008-wombat,B8:27:EB:CA:A1:3C,-44, WPA ,0.000000,0.000000,0.000,0.000,AP
2026-04-10 13:21:07,1900-01-00 00:00:00,1008-wombat,B8:27:EB:CA:A1:3C,-44, WPA ,0.000000,0.000000,0.000,0.000,AP
2026-04-10 13:21:07,1900-01-00 00:00:00,,C8:15:4E:20:C7:81,-49,,0.000000,0.000000,0.000,0.000,Client
2026-04-10 13:21:07,1900-01-00 00:00:00,1008-wombat,B8:27:EB:CA:A1:3C,-44, WPA ,0.000000,0.000000,0.000,0.000,AP
2026-04-10 13:21:07,1900-01-00 00:00:00,,C8:15:4E:20:C7:81,-49,,0.000000,0.000000,0.000,0.000,Client
2026-04-10 13:21:07,1900-01-00 00:00:00,1008-wombat,B8:27:EB:CA:A1:3C,-44, WPA ,0.000000,0.000000,0.000,0.000,AP
2026-04-10 13:21:07,1900-01-00 00:00:00,,C8:15:4E:20:C7:81,-49,,0.000000,0.000000,0.000,0.000,Client
2026-04-10 13:21:07,1900-01-00 00:00:00,,C8:15:4E:20:C7:81,-49,,0.000000,0.000000,0.000,0.000,Client
2026-04-10 13:21:07,1900-01-00 00:00:00,,C8:15:4E:20:C7:81,-49,,0.000000,0.000000,0.000,0.000,Client
2026-04-10 13:21:07,1900-01-00 00:00:00,1008-wombat,B8:27:EB:CA:A1:3C,-43, WPA ,0.000000,0.000000,0.000,0.000,AP
2026-04-10 13:21:07,1900-01-00 00:00:00,1008-wombat,B8:27:EB:CA:A1:3C,-44, WPA ,0.000000,0.000000,0.000,0.000,AP
2026-04-10 13:21:07,1900-01-00 00:00:00,,C8:15:4E:20:C7:81,-49,,0.000000,0.000000,0.000,0.000,Client
2026-04-10 13:21:07,1900-01-00 00:00:00,1008-wombat,B8:27:EB:CA:A1:3C,-44, WPA ,0.000000,0.000000,0.000,0.000,AP
2026-04-10 13:21:07,1900-01-00 00:00:00,,C8:15:4E:20:C7:81,-50,,0.000000,0.000000,0.000,0.000,Client
2026-04-10 13:21:07,1900-01-00 00:00:00,,C8:15:4E:20:C7:81,-50,,0.000000,0.000000,0.000,0.000,Client
2026-04-10 13:21:07,1900-01-00 00:00:00,1008-wombat,B8:27:EB:CA:A1:3C,-42, WPA ,0.000000,0.000000,0.000,0.000,AP
2026-04-10 13:21:07,1900-01-00 00:00:00,,C8:15:4E:20:C7:81,-49,,0.000000,0.000000,0.000,0.000,Client
2026-04-10 13:21:07,1900-01-00 00:00:00,1008-wombat,B8:27:EB:CA:A1:3C,-47, WPA ,0.000000,0.000000,0.000,0.000,AP
2026-04-10 13:21:07,1900-01-00 00:00:00,,C8:15:4E:20:C7:81,-49,,0.000000,0.000000,0.000,0.000,Client
2026-04-10 13:21:07,1900-01-00 00:00:00,1008-wombat,B8:27:EB:CA:A1:3C,-47, WPA ,0.000000,0.000000,0.000,0.000,AP
2026-04-10 13:21:07,1900-01-00 00:00:00,1008-wombat,B8:27:EB:CA:A1:3C,-46, WPA ,0.000000,0.000000,0.000,0.000,AP
2026-04-10 13:21:07,1900-01-00 00:00:00,,C8:15:4E:20:C7:81,-49,,0.000000,0.000000,0.000,0.000,Client
2026-04-10 13:21:07,1900-01-00 00:00:00,1008-wombat,B8:27:EB:CA:A1:3C,-44, WPA ,0.000000,0.000000,0.000,0.000,AP
2026-04-10 13:21:07,1900-01-00 00:00:00,1008-wombat,B8:27:EB:CA:A1:3C,-46, WPA ,0.000000,0.000000,0.000,0.000,AP
2026-04-10 13:21:07,1900-01-00 00:00:00,,C8:15:4E:20:C7:81,-50,,0.000000,0.000000,0.000,0.000,Client
2026-04-10 13:21:07,1900-01-00 00:00:00,,C8:15:4E:20:C7:81,-49,,0.000000,0.000000,0.000,0.000,Client
2026-04-10 13:21:07,1900-01-00 00:00:00,1008-wombat,B8:27:EB:CA:A1:3C,-42, WPA ,0.000000,0.000000,0.000,0.000,AP
2026-04-10 13:21:07,1900-01-00 00:00:00,,C8:15:4E:20:C7:81,-49,,0.000000,0.000000,0.000,0.000,Client
2026-04-10 13:21:07,1900-01-00 00:00:00,1008-wombat,B8:27:EB:CA:A1:3C,-45, WPA ,0.000000,0.000000,0.000,0.000,AP
2026-04-10 13:21:07,1900-01-00 00:00:00,1008-wombat,B8:27:EB:CA:A1:3C,-46, WPA ,0.000000,0.000000,0.000,0.000,AP
2026-04-10 13:21:07,1900-01-00 00:00:00,1008-wombat,B8:27:EB:CA:A1:3C,-45, WPA ,0.000000,0.000000,0.000,0.000,AP
2026-04-10 13:21:07,1900-01-00 00:00:00,1008-wombat,B8:27:EB:CA:A1:3C,-47, WPA ,0.000000,0.000000,0.000,0.000,AP
2026-04-10 13:21:07,1900-01-00 00:00:00,,C8:15:4E:20:C7:81,-49,,0.000000,0.000000,0.000,0.000,Client
2026-04-10 13:21:07,1900-01-00 00:00:00,1008-wombat,B8:27:EB:CA:A1:3C,-46, WPA ,0.000000,0.000000,0.000,0.000,AP
2026-04-10 13:21:07,1900-01-00 00:00:00,1008-wombat,B8:27:EB:CA:A1:3C,-44, WPA ,0.000000,0.000000,0.000,0.000,AP
2026-04-10 13:21:07,1900-01-00 00:00:00,,C8:15:4E:20:C7:81,-49,,0.000000,0.000000,0.000,0.000,Client
2026-04-10 13:21:07,1900-01-00 00:00:00,,C8:15:4E:20:C7:81,-48,,0.000000,0.000000,0.000,0.000,Client
2026-04-10 13:21:07,1900-01-00 00:00:00,1008-wombat,B8:27:EB:CA:A1:3C,-47, WPA ,0.000000,0.000000,0.000,0.000,AP
2026-04-10 13:21:07,1900-01-00 00:00:00,1008-wombat,B8:27:EB:CA:A1:3C,-46, WPA ,0.000000,0.000000,0.000,0.000,AP
2026-04-10 13:21:07,1900-01-00 00:00:00,,C8:15:4E:20:C7:81,-49,,0.000000,0.000000,0.000,0.000,Client
2026-04-10 13:21:07,1900-01-00 00:00:00,,C8:15:4E:20:C7:81,-49,,0.000000,0.000000,0.000,0.000,Client
2026-04-10 13:21:07,1900-01-00 00:00:00,,C8:15:4E:20:C7:81,-49,,0.000000,0.000000,0.000,0.000,Client
2026-04-10 13:21:07,1900-01-00 00:00:00,,C8:15:4E:20:C7:81,-49,,0.000000,0.000000,0.000,0.000,Client
2026-04-10 13:21:07,1900-01-00 00:00:00,,C8:15:4E:20:C7:81,-48,,0.000000,0.000000,0.000,0.000,Client
2026-04-10 13:21:07,1900-01-00 00:00:00,,C8:15:4E:20:C7:81,-49,,0.000000,0.000000,0.000,0.000,Client
2026-04-10 13:21:07,1900-01-00 00:00:00,1008-wombat,B8:27:EB:CA:A1:3C,-46, WPA ,0.000000,0.000000,0.000,0.000,AP
2026-04-10 13:21:07,1900-01-00 00:00:00,1008-wombat,B8:27:EB:CA:A1:3C,-46, WPA ,0.000000,0.000000,0.000,0.000,AP
2026-04-10 13:21:07,1900-01-00 00:00:00,1008-wombat,B8:27:EB:CA:A1:3C,-46, WPA ,0.000000,0.000000,0.000,0.000,AP
2026-04-10 13:21:07,1900-01-00 00:00:00,1008-wombat,B8:27:EB:CA:A1:3C,-46, WPA ,0.000000,0.000000,0.000,0.000,AP
2026-04-10 13:21:07,1900-01-00 00:00:00,1008-wombat,B8:27:EB:CA:A1:3C,-46, WPA ,0.000000,0.000000,0.000,0.000,AP
2026-04-10 13:21:07,1900-01-00 00:00:00,1008-wombat,B8:27:EB:CA:A1:3C,-46, WPA ,0.000000,0.000000,0.000,0.000,AP
2026-04-10 13:21:07,1900-01-00 00:00:00,1008-wombat,B8:27:EB:CA:A1:3C,-46, WPA ,0.000000,0.000000,0.000,0.000,AP
2026-04-10 13:21:07,1900-01-00 00:00:00,,C8:15:4E:20:C7:81,-48,,0.000000,0.000000,0.000,0.000,Client
2026-04-10 13:21:07,1900-01-00 00:00:00,,C8:15:4E:20:C7:81,-49,,0.000000,0.000000,0.000,0.000,Client
2026-04-10 13:21:07,1900-01-00 00:00:00,,C8:15:4E:20:C7:81,-49,,0.000000,0.000000,0.000,0.000,Client
2026-04-10 13:21:07,1900-01-00 00:00:00,1008-wombat,B8:27:EB:CA:A1:3C,-46, WPA ,0.000000,0.000000,0.000,0.000,AP
2026-04-10 13:21:07,1900-01-00 00:00:00,,C8:15:4E:20:C7:81,-49,,0.000000,0.000000,0.000,0.000,Client
2026-04-10 13:21:07,1900-01-00 00:00:00,1008-wombat,B8:27:EB:CA:A1:3C,-46, WPA ,0.000000,0.000000,0.000,0.000,AP
2026-04-10 13:21:07,1900-01-00 00:00:00,,C8:15:4E:20:C7:81,-49,,0.000000,0.000000,0.000,0.000,Client
2026-04-10 13:21:07,1900-01-00 00:00:00,1008-wombat,B8:27:EB:CA:A1:3C,-46, WPA ,0.000000,0.000000,0.000,0.000,AP
2026-04-10 13:21:07,1900-01-00 00:00:00,,C8:15:4E:20:C7:81,-48,,0.000000,0.000000,0.000,0.000,Client
2026-04-10 13:21:07,1900-01-00 00:00:00,1008-wombat,B8:27:EB:CA:A1:3C,-47, WPA ,0.000000,0.000000,0.000,0.000,AP
2026-04-10 13:21:07,1900-01-00 00:00:00,,C8:15:4E:20:C7:81,-49,,0.000000,0.000000,0.000,0.000,Client
2026-04-10 13:21:07,1900-01-00 00:00:00,,C8:15:4E:20:C7:81,-49,,0.000000,0.000000,0.000,0.000,Client
2026-04-10 13:21:07,1900-01-00 00:00:00,1008-wombat,B8:27:EB:CA:A1:3C,-46, WPA ,0.000000,0.000000,0.000,0.000,AP
2026-04-10 13:21:07,1900-01-00 00:00:00,,C8:15:4E:20:C7:81,-49,,0.000000,0.000000,0.000,0.000,Client
2026-04-10 13:21:07,1900-01-00 00:00:00,,C8:15:4E:20:C7:81,-49,,0.000000,0.000000,0.000,0.000,Client
2026-04-10 13:21:07,1900-01-00 00:00:00,1008-wombat,B8:27:EB:CA:A1:3C,-43, WPA ,0.000000,0.000000,0.000,0.000,AP
2026-04-10 13:21:07,1900-01-00 00:00:00,1008-wombat,B8:27:EB:CA:A1:3C,-45, WPA ,0.000000,0.000000,0.000,0.000,AP
2026-04-10 13:21:07,1900-01-00 00:00:00,1008-wombat,B8:27:EB:CA:A1:3C,-44, WPA ,0.000000,0.000000,0.000,0.000,AP
2026-04-10 13:21:07,1900-01-00 00:00:00,,C8:15:4E:20:C7:81,-49,,0.000000,0.000000,0.000,0.000,Client
2026-04-10 13:21:07,1900-01-00 00:00:00,1008-wombat,B8:27:EB:CA:A1:3C,-42, WPA ,0.000000,0.000000,0.000,0.000,AP
2026-04-10 13:21:07,1900-01-00 00:00:00,,C8:15:4E:20:C7:81,-49,,0.000000,0.000000,0.000,0.000,Client
2026-04-10 13:21:07,1900-01-00 00:00:00,1008-wombat,B8:27:EB:CA:A1:3C,-42, WPA ,0.000000,0.000000,0.000,0.000,AP
2026-04-10 13:21:07,1900-01-00 00:00:00,1008-wombat,B8:27:EB:CA:A1:3C,-42, WPA ,0.000000,0.000000,0.000,0.000,AP
2026-04-10 13:21:07,1900-01-00 00:00:00,1008-wombat,B8:27:EB:CA:A1:3C,-42, WPA ,0.000000,0.000000,0.000,0.000,AP
2026-04-10 13:21:07,1900-01-00 00:00:00,1008-wombat,B8:27:EB:CA:A1:3C,-42, WPA ,0.000000,0.000000,0.000,0.000,AP
2026-04-10 13:21:07,1900-01-00 00:00:00,1008-wombat,B8:27:EB:CA:A1:3C,-42, WPA ,0.000000,0.000000,0.000,0.000,AP
2026-04-10 13:21:07,1900-01-00 00:00:00,1008-wombat,B8:27:EB:CA:A1:3C,-42, WPA ,0.000000,0.000000,0.000,0.000,AP
2026-04-10 13:21:07,1900-01-00 00:00:00,1008-wombat,B8:27:EB:CA:A1:3C,-42, WPA ,0.000000,0.000000,0.000,0.000,AP
2026-04-10 13:21:07,1900-01-00 00:00:00,1008-wombat,B8:27:EB:CA:A1:3C,-42, WPA ,0.000000,0.000000,0.000,0.000,AP
2026-04-10 13:21:07,1900-01-00 00:00:00,1008-wombat,B8:27:EB:CA:A1:3C,-42, WPA ,0.000000,0.000000,0.000,0.000,AP
2026-04-10 13:21:07,1900-01-00 00:00:00,1008-wombat,B8:27:EB:CA:A1:3C,-48, WPA ,0.000000,0.000000,0.000,0.000,AP
2026-04-10 13:21:07,1900-01-00 00:00:00,1008-wombat,B8:27:EB:CA:A1:3C,-50, WPA ,0.000000,0.000000,0.000,0.000,AP
2026-04-10 13:21:07,1900-01-00 00:00:00,1008-wombat,B8:27:EB:CA:A1:3C,-50, WPA ,0.000000,0.000000,0.000,0.000,AP
2026-04-10 13:21:07,1900-01-00 00:00:00,1008-wombat,B8:27:EB:CA:A1:3C,-54, WPA ,0.000000,0.000000,0.000,0.000,AP
2026-04-10 13:21:07,1900-01-00 00:00:00,1008-wombat,B8:27:EB:CA:A1:3C,-54, WPA ,0.000000,0.000000,0.000,0.000,AP
2026-04-10 13:21:07,1900-01-00 00:00:00,1008-wombat,B8:27:EB:CA:A1:3C,-54, WPA ,0.000000,0.000000,0.000,0.000,AP
2026-04-10 13:21:07,1900-01-00 00:00:00,1008-wombat,B8:27:EB:CA:A1:3C,-51, WPA ,0.000000,0.000000,0.000,0.000,AP
2026-04-10 13:21:07,1900-01-00 00:00:00,1008-wombat,B8:27:EB:CA:A1:3C,-51, WPA ,0.000000,0.000000,0.000,0.000,AP
2026-04-10 13:21:07,1900-01-00 00:00:00,,C8:34:8E:2C:B6:E4,-50,,0.000000,0.000000,0.000,0.000,Client
2026-04-10 13:21:07,1900-01-00 00:00:00,1008-wombat,B8:27:EB:CA:A1:3C,-42, WPA ,0.000000,0.000000,0.000,0.000,AP
2026-04-10 13:21:07,1900-01-00 00:00:00,1008-wombat,B8:27:EB:CA:A1:3C,-45, WPA ,0.000000,0.000000,0.000,0.000,AP
2026-04-10 13:21:07,1900-01-00 00:00:00,1008-wombat,B8:27:EB:CA:A1:3C,-45, WPA ,0.000000,0.000000,0.000,0.000,AP
2026-04-10 13:21:07,1900-01-00 00:00:00,1008-wombat,B8:27:EB:CA:A1:3C,-45, WPA ,0.000000,0.000000,0.000,0.000,AP
2026-04-10 13:21:07,1900-01-00 00:00:00,1008-wombat,B8:27:EB:CA:A1:3C,-45, WPA ,0.000000,0.000000,0.000,0.000,AP
2026-04-10 13:21:07,1900-01-00 00:00:00,1008-wombat,B8:27:EB:CA:A1:3C,-45, WPA ,0.000000,0.000000,0.000,0.000,AP
2026-04-10 13:21:07,1900-01-00 00:00:00,1008-wombat,B8:27:EB:CA:A1:3C,-54, WPA ,0.000000,0.000000,0.000,0.000,AP
2026-04-10 13:21:07,1900-01-00 00:00:00,1008-wombat,B8:27:EB:CA:A1:3C,-54, WPA ,0.000000,0.000000,0.000,0.000,AP
2026-04-10 13:21:07,1900-01-00 00:00:00,1008-wombat,B8:27:EB:CA:A1:3C,-45, WPA ,0.000000,0.000000,0.000,0.000,AP
2026-04-10 13:21:07,1900-01-00 00:00:00,1008-wombat,B8:27:EB:CA:A1:3C,-45, WPA ,0.000000,0.000000,0.000,0.000,AP
2026-04-10 13:21:07,1900-01-00 00:00:00,1008-wombat,B8:27:EB:CA:A1:3C,-46, WPA ,0.000000,0.000000,0.000,0.000,AP
2026-04-10 13:21:07,1900-01-00 00:00:00,1008-wombat,B8:27:EB:CA:A1:3C,-46, WPA ,0.000000,0.000000,0.000,0.000,AP
2026-04-10 13:21:07,1900-01-00 00:00:00,,C8:15:4E:20:C7:81,-50,,0.000000,0.000000,0.000,0.000,Client
2026-04-10 13:21:07,1900-01-00 00:00:00,1008-wombat,B8:27:EB:CA:A1:3C,-46, WPA ,0.000000,0.000000,0.000,0.000,AP
2026-04-10 13:21:07,1900-01-00 00:00:00,1008-wombat,B8:27:EB:CA:A1:3C,-45, WPA ,0.000000,0.000000,0.000,0.000,AP
2026-04-10 13:21:07,1900-01-00 00:00:00,1008-wombat,B8:27:EB:CA:A1:3C,-49, WPA ,0.000000,0.000000,0.000,0.000,AP
2026-04-10 13:21:07,1900-01-00 00:00:00,,C8:15:4E:20:C7:81,-49,,0.000000,0.000000,0.000,0.000,Client
2026-04-10 13:21:07,1900-01-00 00:00:00,1008-wombat,B8:27:EB:CA:A1:3C,-45, WPA ,0.000000,0.000000,0.000,0.000,AP
2026-04-10 13:21:07,1900-01-00 00:00:00,1008-wombat,B8:27:EB:CA:A1:3C,-44, WPA ,0.000000,0.000000,0.000,0.000,AP
2026-04-10 13:21:07,1900-01-00 00:00:00,1008-wombat,B8:27:EB:CA:A1:3C,-49, WPA ,0.000000,0.000000,0.000,0.000,AP
2026-04-10 13:21:07,1900-01-00 00:00:00,1008-wombat,B8:27:EB:CA:A1:3C,-43, WPA ,0.000000,0.000000,0.000,0.000,AP
2026-04-10 13:21:07,1900-01-00 00:00:00,1008-wombat,B8:27:EB:CA:A1:3C,-43, WPA ,0.000000,0.000000,0.000,0.000,AP
2026-04-10 13:21:07,1900-01-00 00:00:00,1008-wombat,B8:27:EB:CA:A1:3C,-43, WPA ,0.000000,0.000000,0.000,0.000,AP
2026-04-10 13:21:07,1900-01-00 00:00:00,1008-wombat,B8:27:EB:CA:A1:3C,-44, WPA ,0.000000,0.000000,0.000,0.000,AP
2026-04-10 13:21:07,1900-01-00 00:00:00,1008-wombat,B8:27:EB:CA:A1:3C,-44, WPA ,0.000000,0.000000,0.000,0.000,AP
2026-04-10 13:21:07,1900-01-00 00:00:00,1008-wombat,B8:27:EB:CA:A1:3C,-44, WPA ,0.000000,0.000000,0.000,0.000,AP
2026-04-10 13:21:07,1900-01-00 00:00:00,1008-wombat,B8:27:EB:CA:A1:3C,-44, WPA ,0.000000,0.000000,0.000,0.000,AP
2026-04-10 13:21:07,1900-01-00 00:00:00,1008-wombat,B8:27:EB:CA:A1:3C,-44, WPA ,0.000000,0.000000,0.000,0.000,AP
2026-04-10 13:21:07,1900-01-00 00:00:00,1008-wombat,B8:27:EB:CA:A1:3C,-44, WPA ,0.000000,0.000000,0.000,0.000,AP
2026-04-10 13:21:07,1900-01-00 00:00:00,1008-wombat,B8:27:EB:CA:A1:3C,-44, WPA ,0.000000,0.000000,0.000,0.000,AP
2026-04-10 13:21:07,1900-01-00 00:00:00,1008-wombat,B8:27:EB:CA:A1:3C,-44, WPA ,0.000000,0.000000,0.000,0.000,AP
2026-04-10 13:21:07,1900-01-00 00:00:00,1008-wombat,B8:27:EB:CA:A1:3C,-44, WPA ,0.000000,0.000000,0.000,0.000,AP
2026-04-10 13:21:07,1900-01-00 00:00:00,1008-wombat,B8:27:EB:CA:A1:3C,-44, WPA ,0.000000,0.000000,0.000,0.000,AP
2026-04-10 13:21:07,1900-01-00 00:00:00,1008-wombat,B8:27:EB:CA:A1:3C,-44, WPA ,0.000000,0.000000,0.000,0.000,AP
2026-04-10 13:21:07,1900-01-00 00:00:00,1008-wombat,B8:27:EB:CA:A1:3C,-44, WPA ,0.000000,0.000000,0.000,0.000,AP
2026-04-10 13:21:07,1900-01-00 00:00:00,1008-wombat,B8:27:EB:CA:A1:3C,-44, WPA ,0.000000,0.000000,0.000,0.000,AP
2026-04-10 13:21:07,1900-01-00 00:00:00,1008-wombat,B8:27:EB:CA:A1:3C,-44, WPA ,0.000000,0.000000,0.000,0.000,AP
2026-04-10 13:21:07,1900-01-00 00:00:00,1008-wombat,B8:27:EB:CA:A1:3C,-44, WPA ,0.000000,0.000000,0.000,0.000,AP
2026-04-10 13:21:07,1900-01-00 00:00:00,1008-wombat,B8:27:EB:CA:A1:3C,-43, WPA ,0.000000,0.000000,0.000,0.000,AP
2026-04-10 13:21:07,1900-01-00 00:00:00,1008-wombat,B8:27:EB:CA:A1:3C,-43, WPA ,0.000000,0.000000,0.000,0.000,AP
2026-04-10 13:21:07,1900-01-00 00:00:00,1008-wombat,B8:27:EB:CA:A1:3C,-43, WPA ,0.000000,0.000000,0.000,0.000,AP
2026-04-10 13:21:07,1900-01-00 00:00:00,1008-wombat,B8:27:EB:CA:A1:3C,-44, WPA ,0.000000,0.000000,0.000,0.000,AP
2026-04-10 13:21:07,1900-01-00 00:00:00,,C8:15:4E:20:C7:81,-51,,0.000000,0.000000,0.000,0.000,Client
2026-04-10 13:21:07,1900-01-00 00:00:00,1008-wombat,B8:27:EB:CA:A1:3C,-44, WPA ,0.000000,0.000000,0.000,0.000,AP
2026-04-10 13:21:07,1900-01-00 00:00:00,1008-wombat,B8:27:EB:CA:A1:3C,-44, WPA ,0.000000,0.000000,0.000,0.000,AP
2026-04-10 13:21:07,1900-01-00 00:00:00,1008-wombat,B8:27:EB:CA:A1:3C,-49, WPA ,0.000000,0.000000,0.000,0.000,AP
2026-04-10 13:21:07,1900-01-00 00:00:00,1008-wombat,B8:27:EB:CA:A1:3C,-49, WPA ,0.000000,0.000000,0.000,0.000,AP
2026-04-10 13:21:07,1900-01-00 00:00:00,1008-wombat,B8:27:EB:CA:A1:3C,-49, WPA ,0.000000,0.000000,0.000,0.000,AP
2026-04-10 13:21:07,1900-01-00 00:00:00,1008-wombat,B8:27:EB:CA:A1:3C,-49, WPA ,0.000000,0.000000,0.000,0.000,AP
2026-04-10 13:21:07,1900-01-00 00:00:00,1008-wombat,B8:27:EB:CA:A1:3C,-49, WPA ,0.000000,0.000000,0.000,0.000,AP
2026-04-10 13:21:07,1900-01-00 00:00:00,,C8:15:4E:20:C7:81,-50,,0.000000,0.000000,0.000,0.000,Client
2026-04-10 13:21:07,1900-01-00 00:00:00,1008-wombat,B8:27:EB:CA:A1:3C,-50, WPA ,0.000000,0.000000,0.000,0.000,AP
2026-04-10 13:21:07,1900-01-00 00:00:00,1008-wombat,B8:27:EB:CA:A1:3C,-44, WPA ,0.000000,0.000000,0.000,0.000,AP
2026-04-10 13:21:07,1900-01-00 00:00:00,1008-wombat,B8:27:EB:CA:A1:3C,-44, WPA ,0.000000,0.000000,0.000,0.000,AP
2026-04-10 13:21:07,1900-01-00 00:00:00,1008-wombat,B8:27:EB:CA:A1:3C,-44, WPA ,0.000000,0.000000,0.000,0.000,AP
2026-04-10 13:21:07,1900-01-00 00:00:00,1008-wombat,B8:27:EB:CA:A1:3C,-49, WPA ,0.000000,0.000000,0.000,0.000,AP
2026-04-10 13:21:07,1900-01-00 00:00:00,,C8:15:4E:20:C7:81,-49,,0.000000,0.000000,0.000,0.000,Client
2026-04-10 13:21:07,1900-01-00 00:00:00,1008-wombat,B8:27:EB:CA:A1:3C,-44, WPA ,0.000000,0.000000,0.000,0.000,AP
2026-04-10 13:21:07,1900-01-00 00:00:00,1008-wombat,B8:27:EB:CA:A1:3C,-44, WPA ,0.000000,0.000000,0.000,0.000,AP
2026-04-10 13:21:07,1900-01-00 00:00:00,1008-wombat,B8:27:EB:CA:A1:3C,-49, WPA ,0.000000,0.000000,0.000,0.000,AP
2026-04-10 13:21:07,1900-01-00 00:00:00,1008-wombat,B8:27:EB:CA:A1:3C,-49, WPA ,0.000000,0.000000,0.000,0.000,AP
2026-04-10 13:21:07,1900-01-00 00:00:00,1008-wombat,B8:27:EB:CA:A1:3C,-49, WPA ,0.000000,0.000000,0.000,0.000,AP
2026-04-10 13:21:07,1900-01-00 00:00:00,1008-wombat,B8:27:EB:CA:A1:3C,-43, WPA ,0.000000,0.000000,0.000,0.000,AP
2026-04-10 13:21:07,1900-01-00 00:00:00,1008-wombat,B8:27:EB:CA:A1:3C,-48, WPA ,0.000000,0.000000,0.000,0.000,AP
2026-04-10 13:21:07,1900-01-00 00:00:00,1008-wombat,B8:27:EB:CA:A1:3C,-42, WPA ,0.000000,0.000000,0.000,0.000,AP
2026-04-10 13:21:07,1900-01-00 00:00:00,1008-wombat,B8:27:EB:CA:A1:3C,-42, WPA ,0.000000,0.000000,0.000,0.000,AP
2026-04-10 13:21:07,1900-01-00 00:00:00,1008-wombat,B8:27:EB:CA:A1:3C,-43, WPA ,0.000000,0.000000,0.000,0.000,AP
2026-04-10 13:21:07,1900-01-00 00:00:00,,C8:15:4E:20:C7:81,-50,,0.000000,0.000000,0.000,0.000,Client
2026-04-10 13:21:07,1900-01-00 00:00:00,1008-wombat,B8:27:EB:CA:A1:3C,-50, WPA ,0.000000,0.000000,0.000,0.000,AP
2026-04-10 13:21:07,1900-01-00 00:00:00,1008-wombat,B8:27:EB:CA:A1:3C,-44, WPA ,0.000000,0.000000,0.000,0.000,AP
2026-04-10 13:21:07,1900-01-00 00:00:00,1008-wombat,B8:27:EB:CA:A1:3C,-49, WPA ,0.000000,0.000000,0.000,0.000,AP
2026-04-10 13:21:07,1900-01-00 00:00:00,1008-wombat,B8:27:EB:CA:A1:3C,-44, WPA ,0.000000,0.000000,0.000,0.000,AP
2026-04-10 13:21:07,1900-01-00 00:00:00,1008-wombat,B8:27:EB:CA:A1:3C,-44, WPA ,0.000000,0.000000,0.000,0.000,AP
2026-04-10 13:21:07,1900-01-00 00:00:00,1008-wombat,B8:27:EB:CA:A1:3C,-45, WPA ,0.000000,0.000000,0.000,0.000,AP
2026-04-10 13:21:07,1900-01-00 00:00:00,1008-wombat,B8:27:EB:CA:A1:3C,-44, WPA ,0.000000,0.000000,0.000,0.000,AP
2026-04-10 13:21:07,1900-01-00 00:00:00,1008-wombat,B8:27:EB:CA:A1:3C,-44, WPA ,0.000000,0.000000,0.000,0.000,AP
2026-04-10 13:21:07,1900-01-00 00:00:00,1008-wombat,B8:27:EB:CA:A1:3C,-44, WPA ,0.000000,0.000000,0.000,0.000,AP
2026-04-10 13:21:07,1900-01-00 00:00:00,1008-wombat,B8:27:EB:CA:A1:3C,-44, WPA ,0.000000,0.000000,0.000,0.000,AP
2026-04-10 13:21:07,1900-01-00 00:00:00,1008-wombat,B8:27:EB:CA:A1:3C,-44, WPA ,0.000000,0.000000,0.000,0.000,AP
2026-04-10 13:21:07,1900-01-00 00:00:00,1008-wombat,B8:27:EB:CA:A1:3C,-43, WPA ,0.000000,0.000000,0.000,0.000,AP
2026-04-10 13:21:07,1900-01-00 00:00:00,1008-wombat,B8:27:EB:CA:A1:3C,-43, WPA ,0.000000,0.000000,0.000,0.000,AP
2026-04-10 13:21:07,1900-01-00 00:00:00,1008-wombat,B8:27:EB:CA:A1:3C,-43, WPA ,0.000000,0.000000,0.000,0.000,AP
2026-04-10 13:21:07,1900-01-00 00:00:00,1008-wombat,B8:27:EB:CA:A1:3C,-44, WPA ,0.000000,0.000000,0.000,0.000,AP
2026-04-10 13:21:07,1900-01-00 00:00:00,1008-wombat,B8:27:EB:CA:A1:3C,-44, WPA ,0.000000,0.000000,0.000,0.000,AP
2026-04-10 13:21:07,1900-01-00 00:00:00,1008-wombat,B8:27:EB:CA:A1:3C,-44, WPA ,0.000000,0.000000,0.000,0.000,AP
2026-04-10 13:21:07,1900-01-00 00:00:00,1008-wombat,B8:27:EB:CA:A1:3C,-44, WPA ,0.000000,0.000000,0.000,0.000,AP
2026-04-10 13:21:07,1900-01-00 00:00:00,1008-wombat,B8:27:EB:CA:A1:3C,-44, WPA ,0.000000,0.000000,0.000,0.000,AP
2026-04-10 13:21:07,1900-01-00 00:00:00,1008-wombat,B8:27:EB:CA:A1:3C,-51, WPA ,0.000000,0.000000,0.000,0.000,AP
2026-04-10 13:21:07,1900-01-00 00:00:00,1008-wombat,B8:27:EB:CA:A1:3C,-51, WPA ,0.000000,0.000000,0.000,0.000,AP
2026-04-10 13:21:07,1900-01-00 00:00:00,1008-wombat,B8:27:EB:CA:A1:3C,-51, WPA ,0.000000,0.000000,0.000,0.000,AP
2026-04-10 13:21:07,1900-01-00 00:00:00,1008-wombat,B8:27:EB:CA:A1:3C,-51, WPA ,0.000000,0.000000,0.000,0.000,AP
2026-04-10 13:21:07,1900-01-00 00:00:00,1008-wombat,B8:27:EB:CA:A1:3C,-51, WPA ,0.000000,0.000000,0.000,0.000,AP
2026-04-10 13:21:07,1900-01-00 00:00:00,1008-wombat,B8:27:EB:CA:A1:3C,-51, WPA ,0.000000,0.000000,0.000,0.000,AP
2026-04-10 13:21:07,1900-01-00 00:00:00,1008-wombat,B8:27:EB:CA:A1:3C,-51, WPA ,0.000000,0.000000,0.000,0.000,AP
2026-04-10 13:21:07,1900-01-00 00:00:00,1008-wombat,B8:27:EB:CA:A1:3C,-57, WPA ,0.000000,0.000000,0.000,0.000,AP
2026-04-10 13:21:07,1900-01-00 00:00:00,1008-wombat,B8:27:EB:CA:A1:3C,-57, WPA ,0.000000,0.000000,0.000,0.000,AP
2026-04-10 13:21:07,1900-01-00 00:00:00,1008-wombat,B8:27:EB:CA:A1:3C,-55, WPA ,0.000000,0.000000,0.000,0.000,AP
2026-04-10 13:21:07,1900-01-00 00:00:00,1008-wombat,B8:27:EB:CA:A1:3C,-55, WPA ,0.000000,0.000000,0.000,0.000,AP
2026-04-10 13:21:07,1900-01-00 00:00:00,1008-wombat,B8:27:EB:CA:A1:3C,-55, WPA ,0.000000,0.000000,0.000,0.000,AP
2026-04-10 13:21:07,1900-01-00 00:00:00,1008-wombat,B8:27:EB:CA:A1:3C,-55, WPA ,0.000000,0.000000,0.000,0.000,AP
2026-04-10 13:21:07,1900-01-00 00:00:00,1008-wombat,B8:27:EB:CA:A1:3C,-55, WPA ,0.000000,0.000000,0.000,0.000,AP
2026-04-10 13:21:07,1900-01-00 00:00:00,1008-wombat,B8:27:EB:CA:A1:3C,-55, WPA ,0.000000,0.000000,0.000,0.000,AP
2026-04-10 13:21:07,1900-01-00 00:00:00,1008-wombat,B8:27:EB:CA:A1:3C,-55, WPA ,0.000000,0.000000,0.000,0.000,AP
2026-04-10 13:21:07,1900-01-00 00:00:00,1008-wombat,B8:27:EB:CA:A1:3C,-55, WPA ,0.000000,0.000000,0.000,0.000,AP
2026-04-10 13:21:07,1900-01-00 00:00:00,1008-wombat,B8:27:EB:CA:A1:3C,-55, WPA ,0.000000,0.000000,0.000,0.000,AP
2026-04-10 13:21:07,1900-01-00 00:00:00,1008-wombat,B8:27:EB:CA:A1:3C,-55, WPA ,0.000000,0.000000,0.000,0.000,AP
2026-04-10 13:21:07,1900-01-00 00:00:00,1008-wombat,B8:27:EB:CA:A1:3C,-55, WPA ,0.000000,0.000000,0.000,0.000,AP
2026-04-10 13:21:07,1900-01-00 00:00:00,1008-wombat,B8:27:EB:CA:A1:3C,-55, WPA ,0.000000,0.000000,0.000,0.000,AP
2026-04-10 13:21:07,1900-01-00 00:00:00,1008-wombat,B8:27:EB:CA:A1:3C,-55, WPA ,0.000000,0.000000,0.000,0.000,AP
2026-04-10 13:21:07,1900-01-00 00:00:00,1008-wombat,B8:27:EB:CA:A1:3C,-55, WPA ,0.000000,0.000000,0.000,0.000,AP
2026-04-10 13:21:07,1900-01-00 00:00:00,1008-wombat,B8:27:EB:CA:A1:3C,-55, WPA ,0.000000,0.000000,0.000,0.000,AP
2026-04-10 13:21:07,1900-01-00 00:00:00,1008-wombat,B8:27:EB:CA:A1:3C,-55, WPA ,0.000000,0.000000,0.000,0.000,AP
2026-04-10 13:21:07,1900-01-00 00:00:00,1008-wombat,B8:27:EB:CA:A1:3C,-55, WPA ,0.000000,0.000000,0.000,0.000,AP
2026-04-10 13:21:07,1900-01-00 00:00:00,1008-wombat,B8:27:EB:CA:A1:3C,-55, WPA ,0.000000,0.000000,0.000,0.000,AP
2026-04-10 13:21:07,1900-01-00 00:00:00,1008-wombat,B8:27:EB:CA:A1:3C,-55, WPA ,0.000000,0.000000,0.000,0.000,AP
2026-04-10 13:21:07,1900-01-00 00:00:00,1008-wombat,B8:27:EB:CA:A1:3C,-55, WPA ,0.000000,0.000000,0.000,0.000,AP
2026-04-10 13:21:07,1900-01-00 00:00:00,1008-wombat,B8:27:EB:CA:A1:3C,-55, WPA ,0.000000,0.000000,0.000,0.000,AP
2026-04-10 13:21:07,1900-01-00 00:00:00,1008-wombat,B8:27:EB:CA:A1:3C,-43, WPA ,0.000000,0.000000,0.000,0.000,AP
2026-04-10 13:21:07,1900-01-00 00:00:00,1008-wombat,B8:27:EB:CA:A1:3C,-62, WPA ,0.000000,0.000000,0.000,0.000,AP
2026-04-10 13:21:07,1900-01-00 00:00:00,1008-wombat,B8:27:EB:CA:A1:3C,-62, WPA ,0.000000,0.000000,0.000,0.000,AP
2026-04-10 13:21:07,1900-01-00 00:00:00,1008-wombat,B8:27:EB:CA:A1:3C,-62, WPA ,0.000000,0.000000,0.000,0.000,AP
2026-04-10 13:21:07,1900-01-00 00:00:00,1008-wombat,B8:27:EB:CA:A1:3C,-44, WPA ,0.000000,0.000000,0.000,0.000,AP
2026-04-10 13:21:07,1900-01-00 00:00:00,1008-wombat,B8:27:EB:CA:A1:3C,-44, WPA ,0.000000,0.000000,0.000,0.000,AP
2026-04-10 13:21:07,1900-01-00 00:00:00,1008-wombat,B8:27:EB:CA:A1:3C,-44, WPA ,0.000000,0.000000,0.000,0.000,AP
2026-04-10 13:21:07,1900-01-00 00:00:00,1008-wombat,B8:27:EB:CA:A1:3C,-44, WPA ,0.000000,0.000000,0.000,0.000,AP
2026-04-10 13:21:07,1900-01-00 00:00:00,1008-wombat,B8:27:EB:CA:A1:3C,-44, WPA ,0.000000,0.000000,0.000,0.000,AP
2026-04-10 13:21:07,1900-01-00 00:00:00,1008-wombat,B8:27:EB:CA:A1:3C,-44, WPA ,0.000000,0.000000,0.000,0.000,AP
2026-04-10 13:21:07,1900-01-00 00:00:00,1008-wombat,B8:27:EB:CA:A1:3C,-44, WPA ,0.000000,0.000000,0.000,0.000,AP
2026-04-10 13:21:07,1900-01-00 00:00:00,1008-wombat,B8:27:EB:CA:A1:3C,-44, WPA ,0.000000,0.000000,0.000,0.000,AP
2026-04-10 13:21:07,1900-01-00 00:00:00,1008-wombat,B8:27:EB:CA:A1:3C,-44, WPA ,0.000000,0.000000,0.000,0.000,AP
2026-04-10 13:21:07,1900-01-00 00:00:00,1008-wombat,B8:27:EB:CA:A1:3C,-44, WPA ,0.000000,0.000000,0.000,0.000,AP
2026-04-10 13:21:07,1900-01-00 00:00:00,1008-wombat,B8:27:EB:CA:A1:3C,-47, WPA ,0.000000,0.000000,0.000,0.000,AP
2026-04-10 13:21:07,1900-01-00 00:00:00,1008-wombat,B8:27:EB:CA:A1:3C,-47, WPA ,0.000000,0.000000,0.000,0.000,AP
2026-04-10 13:21:08,1900-01-00 00:00:00,1008-wombat,B8:27:EB:CA:A1:3C,-50, WPA ,0.000000,0.000000,0.000,0.000,AP
2026-04-10 13:21:08,1900-01-00 00:00:00,1008-wombat,B8:27:EB:CA:A1:3C,-50, WPA ,0.000000,0.000000,0.000,0.000,AP
2026-04-10 13:21:08,1900-01-00 00:00:00,1008-wombat,B8:27:EB:CA:A1:3C,-55, WPA ,0.000000,0.000000,0.000,0.000,AP
2026-04-10 13:21:08,1900-01-00 00:00:00,1008-wombat,B8:27:EB:CA:A1:3C,-55, WPA ,0.000000,0.000000,0.000,0.000,AP
2026-04-10 13:21:08,1900-01-00 00:00:00,1008-wombat,B8:27:EB:CA:A1:3C,-55, WPA ,0.000000,0.000000,0.000,0.000,AP
2026-04-10 13:21:08,1900-01-00 00:00:00,1008-wombat,B8:27:EB:CA:A1:3C,-51, WPA ,0.000000,0.000000,0.000,0.000,AP
2026-04-10 13:21:08,1900-01-00 00:00:00,1008-wombat,B8:27:EB:CA:A1:3C,-51, WPA ,0.000000,0.000000,0.000,0.000,AP
2026-04-10 13:21:08,1900-01-00 00:00:00,1008-wombat,B8:27:EB:CA:A1:3C,-51, WPA ,0.000000,0.000000,0.000,0.000,AP
2026-04-10 13:21:08,1900-01-00 00:00:00,1008-wombat,B8:27:EB:CA:A1:3C,-51, WPA ,0.000000,0.000000,0.000,0.000,AP
2026-04-10 13:21:08,1900-01-00 00:00:00,1008-wombat,B8:27:EB:CA:A1:3C,-51, WPA ,0.000000,0.000000,0.000,0.000,AP
2026-04-10 13:21:08,1900-01-00 00:00:00,1008-wombat,B8:27:EB:CA:A1:3C,-51, WPA ,0.000000,0.000000,0.000,0.000,AP
2026-04-10 13:21:08,1900-01-00 00:00:00,1008-wombat,B8:27:EB:CA:A1:3C,-51, WPA ,0.000000,0.000000,0.000,0.000,AP
2026-04-10 13:21:08,1900-01-00 00:00:00,1008-wombat,B8:27:EB:CA:A1:3C,-57, WPA ,0.000000,0.000000,0.000,0.000,AP
2026-04-10 13:21:08,1900-01-00 00:00:00,1008-wombat,B8:27:EB:CA:A1:3C,-57, WPA ,0.000000,0.000000,0.000,0.000,AP
2026-04-10 13:21:08,1900-01-00 00:00:00,1008-wombat,B8:27:EB:CA:A1:3C,-54, WPA ,0.000000,0.000000,0.000,0.000,AP
2026-04-10 13:21:08,1900-01-00 00:00:00,1008-wombat,B8:27:EB:CA:A1:3C,-54, WPA ,0.000000,0.000000,0.000,0.000,AP
2026-04-10 13:21:08,1900-01-00 00:00:00,1008-wombat,B8:27:EB:CA:A1:3C,-54, WPA ,0.000000,0.000000,0.000,0.000,AP
2026-04-10 13:21:08,1900-01-00 00:00:00,1008-wombat,B8:27:EB:CA:A1:3C,-54, WPA ,0.000000,0.000000,0.000,0.000,AP
2026-04-10 13:21:08,1900-01-00 00:00:00,1008-wombat,B8:27:EB:CA:A1:3C,-54, WPA ,0.000000,0.000000,0.000,0.000,AP
2026-04-10 13:21:08,1900-01-00 00:00:00,,C8:34:8E:2C:B6:E4,-50,,0.000000,0.000000,0.000,0.000,Client
2026-04-10 13:21:08,1900-01-00 00:00:00,1008-wombat,B8:27:EB:CA:A1:3C,-44, WPA ,0.000000,0.000000,0.000,0.000,AP
2026-04-10 13:21:08,1900-01-00 00:00:00,1008-wombat,B8:27:EB:CA:A1:3C,-42, WPA ,0.000000,0.000000,0.000,0.000,AP
2026-04-10 13:21:08,1900-01-00 00:00:00,1008-wombat,B8:27:EB:CA:A1:3C,-45, WPA ,0.000000,0.000000,0.000,0.000,AP
2026-04-10 13:21:08,1900-01-00 00:00:00,1008-wombat,B8:27:EB:CA:A1:3C,-44, WPA ,0.000000,0.000000,0.000,0.000,AP
2026-04-10 13:21:08,1900-01-00 00:00:00,1008-wombat,B8:27:EB:CA:A1:3C,-44, WPA ,0.000000,0.000000,0.000,0.000,AP
2026-04-10 13:21:08,1900-01-00 00:00:00,1008-wombat,B8:27:EB:CA:A1:3C,-44, WPA ,0.000000,0.000000,0.000,0.000,AP
2026-04-10 13:21:08,1900-01-00 00:00:00,1008-wombat,B8:27:EB:CA:A1:3C,-44, WPA ,0.000000,0.000000,0.000,0.000,AP
2026-04-10 13:21:08,1900-01-00 00:00:00,,C8:34:8E:2C:B6:E4,-50,,0.000000,0.000000,0.000,0.000,Client
2026-04-10 13:21:08,1900-01-00 00:00:00,1008-wombat,B8:27:EB:CA:A1:3C,-45, WPA ,0.000000,0.000000,0.000,0.000,AP
2026-04-10 13:21:08,1900-01-00 00:00:00,,C8:34:8E:2C:B6:E4,-49,,0.000000,0.000000,0.000,0.000,Client
2026-04-10 13:21:08,1900-01-00 00:00:00,1008-wombat,B8:27:EB:CA:A1:3C,-52, WPA ,0.000000,0.000000,0.000,0.000,AP
2026-04-10 13:21:08,1900-01-00 00:00:00,1008-wombat,B8:27:EB:CA:A1:3C,-52, WPA ,0.000000,0.000000,0.000,0.000,AP
2026-04-10 13:21:08,1900-01-00 00:00:00,1008-wombat,B8:27:EB:CA:A1:3C,-52, WPA ,0.000000,0.000000,0.000,0.000,AP
2026-04-10 13:21:08,1900-01-00 00:00:00,1008-wombat,B8:27:EB:CA:A1:3C,-52, WPA ,0.000000,0.000000,0.000,0.000,AP
2026-04-10 13:21:08,1900-01-00 00:00:00,1008-wombat,B8:27:EB:CA:A1:3C,-56, WPA ,0.000000,0.000000,0.000,0.000,AP
2026-04-10 13:21:08,1900-01-00 00:00:00,1008-wombat,B8:27:EB:CA:A1:3C,-56, WPA ,0.000000,0.000000,0.000,0.000,AP
2026-04-10 13:21:08,1900-01-00 00:00:00,1008-wombat,B8:27:EB:CA:A1:3C,-42, WPA ,0.000000,0.000000,0.000,0.000,AP
2026-04-10 13:21:08,1900-01-00 00:00:00,1008-wombat,B8:27:EB:CA:A1:3C,-42, WPA ,0.000000,0.000000,0.000,0.000,AP
2026-04-10 13:21:08,1900-01-00 00:00:00,1008-wombat,B8:27:EB:CA:A1:3C,-45, WPA ,0.000000,0.000000,0.000,0.000,AP
2026-04-10 13:21:08,1900-01-00 00:00:00,1008-wombat,B8:27:EB:CA:A1:3C,-45, WPA ,0.000000,0.000000,0.000,0.000,AP
2026-04-10 13:21:08,1900-01-00 00:00:00,1008-wombat,B8:27:EB:CA:A1:3C,-45, WPA ,0.000000,0.000000,0.000,0.000,AP
2026-04-10 13:21:08,1900-01-00 00:00:00,1008-wombat,B8:27:EB:CA:A1:3C,-45, WPA ,0.000000,0.000000,0.000,0.000,AP
2026-04-10 13:21:08,1900-01-00 00:00:00,1008-wombat,B8:27:EB:CA:A1:3C,-45, WPA ,0.000000,0.000000,0.000,0.000,AP
2026-04-10 13:21:08,1900-01-00 00:00:00,1008-wombat,B8:27:EB:CA:A1:3C,-45, WPA ,0.000000,0.000000,0.000,0.000,AP
2026-04-10 13:21:08,1900-01-00 00:00:00,1008-wombat,B8:27:EB:CA:A1:3C,-45, WPA ,0.000000,0.000000,0.000,0.000,AP
2026-04-10 13:21:08,1900-01-00 00:00:00,1008-wombat,B8:27:EB:CA:A1:3C,-49, WPA ,0.000000,0.000000,0.000,0.000,AP
2026-04-10 13:21:08,1900-01-00 00:00:00,1008-wombat,B8:27:EB:CA:A1:3C,-45, WPA ,0.000000,0.000000,0.000,0.000,AP
2026-04-10 13:21:08,1900-01-00 00:00:00,1008-wombat,B8:27:EB:CA:A1:3C,-47, WPA ,0.000000,0.000000,0.000,0.000,AP
2026-04-10 13:21:08,1900-01-00 00:00:00,1008-wombat,B8:27:EB:CA:A1:3C,-44, WPA ,0.000000,0.000000,0.000,0.000,AP
2026-04-10 13:21:08,1900-01-00 00:00:00,1008-wombat,B8:27:EB:CA:A1:3C,-47, WPA ,0.000000,0.000000,0.000,0.000,AP
2026-04-10 13:21:08,1900-01-00 00:00:00,1008-wombat,B8:27:EB:CA:A1:3C,-47, WPA ,0.000000,0.000000,0.000,0.000,AP
2026-04-10 13:21:08,1900-01-00 00:00:00,1008-wombat,B8:27:EB:CA:A1:3C,-47, WPA ,0.000000,0.000000,0.000,0.000,AP
2026-04-10 13:21:08,1900-01-00 00:00:00,1008-wombat,B8:27:EB:CA:A1:3C,-47, WPA ,0.000000,0.000000,0.000,0.000,AP
2026-04-10 13:21:08,1900-01-00 00:00:00,1008-wombat,B8:27:EB:CA:A1:3C,-47, WPA ,0.000000,0.000000,0.000,0.000,AP
2026-04-10 13:21:08,1900-01-00 00:00:00,1008-wombat,B8:27:EB:CA:A1:3C,-47, WPA ,0.000000,0.000000,0.000,0.000,AP
2026-04-10 13:21:08,1900-01-00 00:00:00,1008-wombat,B8:27:EB:CA:A1:3C,-47, WPA ,0.000000,0.000000,0.000,0.000,AP
2026-04-10 13:21:08,1900-01-00 00:00:00,1008-wombat,B8:27:EB:CA:A1:3C,-47, WPA ,0.000000,0.000000,0.000,0.000,AP
2026-04-10 13:21:08,1900-01-00 00:00:00,1008-wombat,B8:27:EB:CA:A1:3C,-47, WPA ,0.000000,0.000000,0.000,0.000,AP
2026-04-10 13:21:08,1900-01-00 00:00:00,1008-wombat,B8:27:EB:CA:A1:3C,-47, WPA ,0.000000,0.000000,0.000,0.000,AP
2026-04-10 13:21:08,1900-01-00 00:00:00,1008-wombat,B8:27:EB:CA:A1:3C,-47, WPA ,0.000000,0.000000,0.000,0.000,AP
2026-04-10 13:21:08,1900-01-00 00:00:00,1008-wombat,B8:27:EB:CA:A1:3C,-47, WPA ,0.000000,0.000000,0.000,0.000,AP
2026-04-10 13:21:08,1900-01-00 00:00:00,1008-wombat,B8:27:EB:CA:A1:3C,-47, WPA ,0.000000,0.000000,0.000,0.000,AP
2026-04-10 13:21:08,1900-01-00 00:00:00,1008-wombat,B8:27:EB:CA:A1:3C,-47, WPA ,0.000000,0.000000,0.000,0.000,AP
2026-04-10 13:21:08,1900-01-00 00:00:00,1008-wombat,B8:27:EB:CA:A1:3C,-47, WPA ,0.000000,0.000000,0.000,0.000,AP
2026-04-10 13:21:08,1900-01-00 00:00:00,1008-wombat,B8:27:EB:CA:A1:3C,-47, WPA ,0.000000,0.000000,0.000,0.000,AP
2026-04-10 13:21:08,1900-01-00 00:00:00,1008-wombat,B8:27:EB:CA:A1:3C,-44, WPA ,0.000000,0.000000,0.000,0.000,AP
2026-04-10 13:21:08,1900-01-00 00:00:00,1008-wombat,B8:27:EB:CA:A1:3C,-44, WPA ,0.000000,0.000000,0.000,0.000,AP
2026-04-10 13:21:08,1900-01-00 00:00:00,1008-wombat,B8:27:EB:CA:A1:3C,-44, WPA ,0.000000,0.000000,0.000,0.000,AP
2026-04-10 13:21:08,1900-01-00 00:00:00,1008-wombat,B8:27:EB:CA:A1:3C,-44, WPA ,0.000000,0.000000,0.000,0.000,AP
2026-04-10 13:21:08,1900-01-00 00:00:00,1008-wombat,B8:27:EB:CA:A1:3C,-44, WPA ,0.000000,0.000000,0.000,0.000,AP
2026-04-10 13:21:08,1900-01-00 00:00:00,1008-wombat,B8:27:EB:CA:A1:3C,-44, WPA ,0.000000,0.000000,0.000,0.000,AP
2026-04-10 13:21:08,1900-01-00 00:00:00,1008-wombat,B8:27:EB:CA:A1:3C,-44, WPA ,0.000000,0.000000,0.000,0.000,AP
2026-04-10 13:21:08,1900-01-00 00:00:00,1008-wombat,B8:27:EB:CA:A1:3C,-44, WPA ,0.000000,0.000000,0.000,0.000,AP
2026-04-10 13:21:08,1900-01-00 00:00:00,1008-wombat,B8:27:EB:CA:A1:3C,-44, WPA ,0.000000,0.000000,0.000,0.000,AP
2026-04-10 13:21:08,1900-01-00 00:00:00,1008-wombat,B8:27:EB:CA:A1:3C,-44, WPA ,0.000000,0.000000,0.000,0.000,AP
2026-04-10 13:21:08,1900-01-00 00:00:00,1008-wombat,B8:27:EB:CA:A1:3C,-44, WPA ,0.000000,0.000000,0.000,0.000,AP
2026-04-10 13:21:08,1900-01-00 00:00:00,1008-wombat,B8:27:EB:CA:A1:3C,-44, WPA ,0.000000,0.000000,0.000,0.000,AP
2026-04-10 13:21:08,1900-01-00 00:00:00,1008-wombat,B8:27:EB:CA:A1:3C,-52, WPA ,0.000000,0.000000,0.000,0.000,AP
2026-04-10 13:21:08,1900-01-00 00:00:00,1008-wombat,B8:27:EB:CA:A1:3C,-52, WPA ,0.000000,0.000000,0.000,0.000,AP
2026-04-10 13:21:08,1900-01-00 00:00:00,1008-wombat,B8:27:EB:CA:A1:3C,-43, WPA ,0.000000,0.000000,0.000,0.000,AP
2026-04-10 13:21:08,1900-01-00 00:00:00,1008-wombat,B8:27:EB:CA:A1:3C,-49, WPA ,0.000000,0.000000,0.000,0.000,AP
2026-04-10 13:21:08,1900-01-00 00:00:00,1008-wombat,B8:27:EB:CA:A1:3C,-49, WPA ,0.000000,0.000000,0.000,0.000,AP
2026-04-10 13:21:08,1900-01-00 00:00:00,1008-wombat,B8:27:EB:CA:A1:3C,-49, WPA ,0.000000,0.000000,0.000,0.000,AP
2026-04-10 13:21:08,1900-01-00 00:00:00,1008-wombat,B8:27:EB:CA:A1:3C,-49, WPA ,0.000000,0.000000,0.000,0.000,AP
2026-04-10 13:21:08,1900-01-00 00:00:00,1008-wombat,B8:27:EB:CA:A1:3C,-52, WPA ,0.000000,0.000000,0.000,0.000,AP
2026-04-10 13:21:08,1900-01-00 00:00:00,1008-wombat,B8:27:EB:CA:A1:3C,-52, WPA ,0.000000,0.000000,0.000,0.000,AP
2026-04-10 13:21:08,1900-01-00 00:00:00,1008-wombat,B8:27:EB:CA:A1:3C,-52, WPA ,0.000000,0.000000,0.000,0.000,AP
2026-04-10 13:21:08,1900-01-00 00:00:00,1008-wombat,B8:27:EB:CA:A1:3C,-52, WPA ,0.000000,0.000000,0.000,0.000,AP
2026-04-10 13:21:08,1900-01-00 00:00:00,1008-wombat,B8:27:EB:CA:A1:3C,-54, WPA ,0.000000,0.000000,0.000,0.000,AP
2026-04-10 13:21:08,1900-01-00 00:00:00,1008-wombat,B8:27:EB:CA:A1:3C,-54, WPA ,0.000000,0.000000,0.000,0.000,AP
2026-04-10 13:21:08,1900-01-00 00:00:00,1008-wombat,B8:27:EB:CA:A1:3C,-54, WPA ,0.000000,0.000000,0.000,0.000,AP
2026-04-10 13:21:08,1900-01-00 00:00:00,1008-wombat,B8:27:EB:CA:A1:3C,-54, WPA ,0.000000,0.000000,0.000,0.000,AP
2026-04-10 13:21:08,1900-01-00 00:00:00,1008-wombat,B8:27:EB:CA:A1:3C,-52, WPA ,0.000000,0.000000,0.000,0.000,AP
2026-04-10 13:21:08,1900-01-00 00:00:00,1008-wombat,B8:27:EB:CA:A1:3C,-55, WPA ,0.000000,0.000000,0.000,0.000,AP
2026-04-10 13:21:08,1900-01-00 00:00:00,1008-wombat,B8:27:EB:CA:A1:3C,-55, WPA ,0.000000,0.000000,0.000,0.000,AP
2026-04-10 13:21:08,1900-01-00 00:00:00,1008-wombat,B8:27:EB:CA:A1:3C,-55, WPA ,0.000000,0.000000,0.000,0.000,AP
2026-04-10 13:21:08,1900-01-00 00:00:00,1008-wombat,B8:27:EB:CA:A1:3C,-55, WPA ,0.000000,0.000000,0.000,0.000,AP
2026-04-10 13:21:08,1900-01-00 00:00:00,1008-wombat,B8:27:EB:CA:A1:3C,-45, WPA ,0.000000,0.000000,0.000,0.000,AP
2026-04-10 13:21:08,1900-01-00 00:00:00,1008-wombat,B8:27:EB:CA:A1:3C,-47, WPA ,0.000000,0.000000,0.000,0.000,AP
2026-04-10 13:21:08,1900-01-00 00:00:00,1008-wombat,B8:27:EB:CA:A1:3C,-47, WPA ,0.000000,0.000000,0.000,0.000,AP
2026-04-10 13:21:08,1900-01-00 00:00:00,1008-wombat,B8:27:EB:CA:A1:3C,-47, WPA ,0.000000,0.000000,0.000,0.000,AP
2026-04-10 13:21:08,1900-01-00 00:00:00,1008-wombat,B8:27:EB:CA:A1:3C,-47, WPA ,0.000000,0.000000,0.000,0.000,AP
2026-04-10 13:21:08,1900-01-00 00:00:00,1008-wombat,B8:27:EB:CA:A1:3C,-47, WPA ,0.000000,0.000000,0.000,0.000,AP
2026-04-10 13:21:08,1900-01-00 00:00:00,1008-wombat,B8:27:EB:CA:A1:3C,-47, WPA ,0.000000,0.000000,0.000,0.000,AP
2026-04-10 13:21:08,1900-01-00 00:00:00,1008-wombat,B8:27:EB:CA:A1:3C,-47, WPA ,0.000000,0.000000,0.000,0.000,AP
2026-04-10 13:21:08,1900-01-00 00:00:00,1008-wombat,B8:27:EB:CA:A1:3C,-47, WPA ,0.000000,0.000000,0.000,0.000,AP
2026-04-10 13:21:08,1900-01-00 00:00:00,1008-wombat,B8:27:EB:CA:A1:3C,-47, WPA ,0.000000,0.000000,0.000,0.000,AP
2026-04-10 13:21:08,1900-01-00 00:00:00,1008-wombat,B8:27:EB:CA:A1:3C,-47, WPA ,0.000000,0.000000,0.000,0.000,AP
2026-04-10 13:21:08,1900-01-00 00:00:00,1008-wombat,B8:27:EB:CA:A1:3C,-47, WPA ,0.000000,0.000000,0.000,0.000,AP
2026-04-10 13:21:08,1900-01-00 00:00:00,1008-wombat,B8:27:EB:CA:A1:3C,-44, WPA ,0.000000,0.000000,0.000,0.000,AP
2026-04-10 13:21:08,1900-01-00 00:00:00,1008-wombat,B8:27:EB:CA:A1:3C,-50, WPA ,0.000000,0.000000,0.000,0.000,AP
2026-04-10 13:21:08,1900-01-00 00:00:00,1008-wombat,B8:27:EB:CA:A1:3C,-50, WPA ,0.000000,0.000000,0.000,0.000,AP
2026-04-10 13:21:08,1900-01-00 00:00:00,1008-wombat,B8:27:EB:CA:A1:3C,-50, WPA ,0.000000,0.000000,0.000,0.000,AP
2026-04-10 13:21:08,1900-01-00 00:00:00,1008-wombat,B8:27:EB:CA:A1:3C,-50, WPA ,0.000000,0.000000,0.000,0.000,AP
2026-04-10 13:21:08,1900-01-00 00:00:00,1008-wombat,B8:27:EB:CA:A1:3C,-50, WPA ,0.000000,0.000000,0.000,0.000,AP
2026-04-10 13:21:08,1900-01-00 00:00:00,1008-wombat,B8:27:EB:CA:A1:3C,-50, WPA ,0.000000,0.000000,0.000,0.000,AP
2026-04-10 13:21:08,1900-01-00 00:00:00,1008-wombat,B8:27:EB:CA:A1:3C,-50, WPA ,0.000000,0.000000,0.000,0.000,AP
2026-04-10 13:21:08,1900-01-00 00:00:00,1008-wombat,B8:27:EB:CA:A1:3C,-50, WPA ,0.000000,0.000000,0.000,0.000,AP
2026-04-10 13:21:08,1900-01-00 00:00:00,1008-wombat,B8:27:EB:CA:A1:3C,-50, WPA ,0.000000,0.000000,0.000,0.000,AP
2026-04-10 13:21:08,1900-01-00 00:00:00,1008-wombat,B8:27:EB:CA:A1:3C,-42, WPA ,0.000000,0.000000,0.000,0.000,AP
2026-04-10 13:21:08,1900-01-00 00:00:00,1008-wombat,B8:27:EB:CA:A1:3C,-42, WPA ,0.000000,0.000000,0.000,0.000,AP
2026-04-10 13:21:08,1900-01-00 00:00:00,1008-wombat,B8:27:EB:CA:A1:3C,-42, WPA ,0.000000,0.000000,0.000,0.000,AP
2026-04-10 13:21:08,1900-01-00 00:00:00,1008-wombat,B8:27:EB:CA:A1:3C,-42, WPA ,0.000000,0.000000,0.000,0.000,AP
2026-04-10 13:21:08,1900-01-00 00:00:00,1008-wombat,B8:27:EB:CA:A1:3C,-42, WPA ,0.000000,0.000000,0.000,0.000,AP
2026-04-10 13:21:08,1900-01-00 00:00:00,1008-wombat,B8:27:EB:CA:A1:3C,-42, WPA ,0.000000,0.000000,0.000,0.000,AP
2026-04-10 13:21:08,1900-01-00 00:00:00,1008-wombat,B8:27:EB:CA:A1:3C,-42, WPA ,0.000000,0.000000,0.000,0.000,AP
2026-04-10 13:21:08,1900-01-00 00:00:00,1008-wombat,B8:27:EB:CA:A1:3C,-42, WPA ,0.000000,0.000000,0.000,0.000,AP
2026-04-10 13:21:08,1900-01-00 00:00:00,1008-wombat,B8:27:EB:CA:A1:3C,-42, WPA ,0.000000,0.000000,0.000,0.000,AP
2026-04-10 13:21:08,1900-01-00 00:00:00,1008-wombat,B8:27:EB:CA:A1:3C,-42, WPA ,0.000000,0.000000,0.000,0.000,AP
2026-04-10 13:21:08,1900-01-00 00:00:00,1008-wombat,B8:27:EB:CA:A1:3C,-42, WPA ,0.000000,0.000000,0.000,0.000,AP
2026-04-10 13:21:08,1900-01-00 00:00:00,1008-wombat,B8:27:EB:CA:A1:3C,-55, WPA ,0.000000,0.000000,0.000,0.000,AP
2026-04-10 13:21:08,1900-01-00 00:00:00,1008-wombat,B8:27:EB:CA:A1:3C,-55, WPA ,0.000000,0.000000,0.000,0.000,AP
2026-04-10 13:21:08,1900-01-00 00:00:00,1008-wombat,B8:27:EB:CA:A1:3C,-51, WPA ,0.000000,0.000000,0.000,0.000,AP
2026-04-10 13:21:08,1900-01-00 00:00:00,1008-wombat,B8:27:EB:CA:A1:3C,-54, WPA ,0.000000,0.000000,0.000,0.000,AP
2026-04-10 13:21:08,1900-01-00 00:00:00,1008-wombat,B8:27:EB:CA:A1:3C,-52, WPA ,0.000000,0.000000,0.000,0.000,AP
2026-04-10 13:21:08,1900-01-00 00:00:00,1008-wombat,B8:27:EB:CA:A1:3C,-51, WPA ,0.000000,0.000000,0.000,0.000,AP
2026-04-10 13:21:08,1900-01-00 00:00:00,1008-wombat,B8:27:EB:CA:A1:3C,-51, WPA ,0.000000,0.000000,0.000,0.000,AP
2026-04-10 13:21:08,1900-01-00 00:00:00,1008-wombat,B8:27:EB:CA:A1:3C,-60, WPA ,0.000000,0.000000,0.000,0.000,AP
2026-04-10 13:21:08,1900-01-00 00:00:00,1008-wombat,B8:27:EB:CA:A1:3C,-51, WPA ,0.000000,0.000000,0.000,0.000,AP
2026-04-10 13:21:08,1900-01-00 00:00:00,1008-wombat,B8:27:EB:CA:A1:3C,-53, WPA ,0.000000,0.000000,0.000,0.000,AP
2026-04-10 13:21:08,1900-01-00 00:00:00,1008-wombat,B8:27:EB:CA:A1:3C,-53, WPA ,0.000000,0.000000,0.000,0.000,AP
2026-04-10 13:21:08,1900-01-00 00:00:00,1008-wombat,B8:27:EB:CA:A1:3C,-53, WPA ,0.000000,0.000000,0.000,0.000,AP
2026-04-10 13:21:08,1900-01-00 00:00:00,1008-wombat,B8:27:EB:CA:A1:3C,-53, WPA ,0.000000,0.000000,0.000,0.000,AP
2026-04-10 13:21:08,1900-01-00 00:00:00,1008-wombat,B8:27:EB:CA:A1:3C,-53, WPA ,0.000000,0.000000,0.000,0.000,AP
2026-04-10 13:21:08,1900-01-00 00:00:00,1008-wombat,B8:27:EB:CA:A1:3C,-55, WPA ,0.000000,0.000000,0.000,0.000,AP
2026-04-10 13:21:08,1900-01-00 00:00:00,1008-wombat,B8:27:EB:CA:A1:3C,-55, WPA ,0.000000,0.000000,0.000,0.000,AP
2026-04-10 13:21:08,1900-01-00 00:00:00,1008-wombat,B8:27:EB:CA:A1:3C,-55, WPA ,0.000000,0.000000,0.000,0.000,AP
2026-04-10 13:21:08,1900-01-00 00:00:00,1008-wombat,B8:27:EB:CA:A1:3C,-55, WPA ,0.000000,0.000000,0.000,0.000,AP
2026-04-10 13:21:08,1900-01-00 00:00:00,1008-wombat,B8:27:EB:CA:A1:3C,-55, WPA ,0.000000,0.000000,0.000,0.000,AP
2026-04-10 13:21:08,1900-01-00 00:00:00,1008-wombat,B8:27:EB:CA:A1:3C,-55, WPA ,0.000000,0.000000,0.000,0.000,AP
2026-04-10 13:21:08,1900-01-00 00:00:00,1008-wombat,B8:27:EB:CA:A1:3C,-55, WPA ,0.000000,0.000000,0.000,0.000,AP
2026-04-10 13:21:08,1900-01-00 00:00:00,1008-wombat,B8:27:EB:CA:A1:3C,-55, WPA ,0.000000,0.000000,0.000,0.000,AP
2026-04-10 13:21:08,1900-01-00 00:00:00,1008-wombat,B8:27:EB:CA:A1:3C,-54, WPA ,0.000000,0.000000,0.000,0.000,AP
2026-04-10 13:21:08,1900-01-00 00:00:00,1008-wombat,B8:27:EB:CA:A1:3C,-54, WPA ,0.000000,0.000000,0.000,0.000,AP
2026-04-10 13:21:08,1900-01-00 00:00:00,1008-wombat,B8:27:EB:CA:A1:3C,-54, WPA ,0.000000,0.000000,0.000,0.000,AP
2026-04-10 13:21:08,1900-01-00 00:00:00,1008-wombat,B8:27:EB:CA:A1:3C,-54, WPA ,0.000000,0.000000,0.000,0.000,AP
2026-04-10 13:21:08,1900-01-00 00:00:00,1008-wombat,B8:27:EB:CA:A1:3C,-54, WPA ,0.000000,0.000000,0.000,0.000,AP
2026-04-10 13:21:08,1900-01-00 00:00:00,1008-wombat,B8:27:EB:CA:A1:3C,-54, WPA ,0.000000,0.000000,0.000,0.000,AP
2026-04-10 13:21:08,1900-01-00 00:00:00,1008-wombat,B8:27:EB:CA:A1:3C,-54, WPA ,0.000000,0.000000,0.000,0.000,AP
2026-04-10 13:21:08,1900-01-00 00:00:00,1008-wombat,B8:27:EB:CA:A1:3C,-54, WPA ,0.000000,0.000000,0.000,0.000,AP
2026-04-10 13:21:08,1900-01-00 00:00:00,1008-wombat,B8:27:EB:CA:A1:3C,-54, WPA ,0.000000,0.000000,0.000,0.000,AP
2026-04-10 13:21:08,1900-01-00 00:00:00,1008-wombat,B8:27:EB:CA:A1:3C,-54, WPA ,0.000000,0.000000,0.000,0.000,AP
2026-04-10 13:21:08,1900-01-00 00:00:00,1008-wombat,B8:27:EB:CA:A1:3C,-54, WPA ,0.000000,0.000000,0.000,0.000,AP
2026-04-10 13:21:08,1900-01-00 00:00:00,1008-wombat,B8:27:EB:CA:A1:3C,-54, WPA ,0.000000,0.000000,0.000,0.000,AP
2026-04-10 13:21:08,1900-01-00 00:00:00,1008-wombat,B8:27:EB:CA:A1:3C,-54, WPA ,0.000000,0.000000,0.000,0.000,AP
2026-04-10 13:21:08,1900-01-00 00:00:00,1008-wombat,B8:27:EB:CA:A1:3C,-54, WPA ,0.000000,0.000000,0.000,0.000,AP
2026-04-10 13:21:08,1900-01-00 00:00:00,1008-wombat,B8:27:EB:CA:A1:3C,-54, WPA ,0.000000,0.000000,0.000,0.000,AP
2026-04-10 13:21:08,1900-01-00 00:00:00,1008-wombat,B8:27:EB:CA:A1:3C,-54, WPA ,0.000000,0.000000,0.000,0.000,AP
2026-04-10 13:21:08,1900-01-00 00:00:00,1008-wombat,B8:27:EB:CA:A1:3C,-54, WPA ,0.000000,0.000000,0.000,0.000,AP
2026-04-10 13:21:08,1900-01-00 00:00:00,1008-wombat,B8:27:EB:CA:A1:3C,-44, WPA ,0.000000,0.000000,0.000,0.000,AP
2026-04-10 13:21:08,1900-01-00 00:00:00,1008-wombat,B8:27:EB:CA:A1:3C,-45, WPA ,0.000000,0.000000,0.000,0.000,AP
2026-04-10 13:21:08,1900-01-00 00:00:00,1008-wombat,B8:27:EB:CA:A1:3C,-54, WPA ,0.000000,0.000000,0.000,0.000,AP
2026-04-10 13:21:08,1900-01-00 00:00:00,1008-wombat,B8:27:EB:CA:A1:3C,-54, WPA ,0.000000,0.000000,0.000,0.000,AP
2026-04-10 13:21:08,1900-01-00 00:00:00,1008-wombat,B8:27:EB:CA:A1:3C,-54, WPA ,0.000000,0.000000,0.000,0.000,AP
2026-04-10 13:21:08,1900-01-00 00:00:00,1008-wombat,B8:27:EB:CA:A1:3C,-54, WPA ,0.000000,0.000000,0.000,0.000,AP
2026-04-10 13:21:08,1900-01-00 00:00:00,1008-wombat,B8:27:EB:CA:A1:3C,-54, WPA ,0.000000,0.000000,0.000,0.000,AP
2026-04-10 13:21:08,1900-01-00 00:00:00,1008-wombat,B8:27:EB:CA:A1:3C,-54, WPA ,0.000000,0.000000,0.000,0.000,AP
2026-04-10 13:21:08,1900-01-00 00:00:00,1008-wombat,B8:27:EB:CA:A1:3C,-54, WPA ,0.000000,0.000000,0.000,0.000,AP
2026-04-10 13:21:08,1900-01-00 00:00:00,1008-wombat,B8:27:EB:CA:A1:3C,-54, WPA ,0.000000,0.000000,0.000,0.000,AP
2026-04-10 13:21:08,1900-01-00 00:00:00,1008-wombat,B8:27:EB:CA:A1:3C,-54, WPA ,0.000000,0.000000,0.000,0.000,AP
2026-04-10 13:21:08,1900-01-00 00:00:00,1008-wombat,B8:27:EB:CA:A1:3C,-54, WPA ,0.000000,0.000000,0.000,0.000,AP
2026-04-10 13:21:08,1900-01-00 00:00:00,1008-wombat,B8:27:EB:CA:A1:3C,-54, WPA ,0.000000,0.000000,0.000,0.000,AP
2026-04-10 13:21:08,1900-01-00 00:00:00,1008-wombat,B8:27:EB:CA:A1:3C,-54, WPA ,0.000000,0.000000,0.000,0.000,AP
2026-04-10 13:21:08,1900-01-00 00:00:00,1008-wombat,B8:27:EB:CA:A1:3C,-44, WPA ,0.000000,0.000000,0.000,0.000,AP
2026-04-10 13:21:08,1900-01-00 00:00:00,1008-wombat,B8:27:EB:CA:A1:3C,-44, WPA ,0.000000,0.000000,0.000,0.000,AP
2026-04-10 13:21:08,1900-01-00 00:00:00,1008-wombat,B8:27:EB:CA:A1:3C,-44, WPA ,0.000000,0.000000,0.000,0.000,AP
2026-04-10 13:21:08,1900-01-00 00:00:00,1008-wombat,B8:27:EB:CA:A1:3C,-44, WPA ,0.000000,0.000000,0.000,0.000,AP
2026-04-10 13:21:08,1900-01-00 00:00:00,1008-wombat,B8:27:EB:CA:A1:3C,-44, WPA ,0.000000,0.000000,0.000,0.000,AP
2026-04-10 13:21:08,1900-01-00 00:00:00,1008-wombat,B8:27:EB:CA:A1:3C,-44, WPA ,0.000000,0.000000,0.000,0.000,AP
2026-04-10 13:21:08,1900-01-00 00:00:00,1008-wombat,B8:27:EB:CA:A1:3C,-44, WPA ,0.000000,0.000000,0.000,0.000,AP
2026-04-10 13:21:08,1900-01-00 00:00:00,1008-wombat,B8:27:EB:CA:A1:3C,-44, WPA ,0.000000,0.000000,0.000,0.000,AP
2026-04-10 13:21:08,1900-01-00 00:00:00,1008-wombat,B8:27:EB:CA:A1:3C,-44, WPA ,0.000000,0.000000,0.000,0.000,AP
2026-04-10 13:21:08,1900-01-00 00:00:00,1008-wombat,B8:27:EB:CA:A1:3C,-44, WPA ,0.000000,0.000000,0.000,0.000,AP
2026-04-10 13:21:08,1900-01-00 00:00:00,1008-wombat,B8:27:EB:CA:A1:3C,-44, WPA ,0.000000,0.000000,0.000,0.000,AP
2026-04-10 13:21:08,1900-01-00 00:00:00,1008-wombat,B8:27:EB:CA:A1:3C,-44, WPA ,0.000000,0.000000,0.000,0.000,AP
2026-04-10 13:21:08,1900-01-00 00:00:00,1008-wombat,B8:27:EB:CA:A1:3C,-44, WPA ,0.000000,0.000000,0.000,0.000,AP
2026-04-10 13:21:08,1900-01-00 00:00:00,1008-wombat,B8:27:EB:CA:A1:3C,-48, WPA ,0.000000,0.000000,0.000,0.000,AP
2026-04-10 13:21:08,1900-01-00 00:00:00,1008-wombat,B8:27:EB:CA:A1:3C,-49, WPA ,0.000000,0.000000,0.000,0.000,AP
2026-04-10 13:21:08,1900-01-00 00:00:00,1008-wombat,B8:27:EB:CA:A1:3C,-49, WPA ,0.000000,0.000000,0.000,0.000,AP
2026-04-10 13:21:08,1900-01-00 00:00:00,1008-wombat,B8:27:EB:CA:A1:3C,-49, WPA ,0.000000,0.000000,0.000,0.000,AP
2026-04-10 13:21:08,1900-01-00 00:00:00,1008-wombat,B8:27:EB:CA:A1:3C,-49, WPA ,0.000000,0.000000,0.000,0.000,AP
2026-04-10 13:21:08,1900-01-00 00:00:00,1008-wombat,B8:27:EB:CA:A1:3C,-51, WPA ,0.000000,0.000000,0.000,0.000,AP
2026-04-10 13:21:08,1900-01-00 00:00:00,1008-wombat,B8:27:EB:CA:A1:3C,-51, WPA ,0.000000,0.000000,0.000,0.000,AP
2026-04-10 13:21:08,1900-01-00 00:00:00,1008-wombat,B8:27:EB:CA:A1:3C,-51, WPA ,0.000000,0.000000,0.000,0.000,AP
2026-04-10 13:21:08,1900-01-00 00:00:00,1008-wombat,B8:27:EB:CA:A1:3C,-51, WPA ,0.000000,0.000000,0.000,0.000,AP
2026-04-10 13:21:08,1900-01-00 00:00:00,1008-wombat,B8:27:EB:CA:A1:3C,-51, WPA ,0.000000,0.000000,0.000,0.000,AP
2026-04-10 13:21:08,1900-01-00 00:00:00,1008-wombat,B8:27:EB:CA:A1:3C,-51, WPA ,0.000000,0.000000,0.000,0.000,AP
2026-04-10 13:21:08,1900-01-00 00:00:00,1008-wombat,B8:27:EB:CA:A1:3C,-51, WPA ,0.000000,0.000000,0.000,0.000,AP
2026-04-10 13:21:08,1900-01-00 00:00:00,1008-wombat,B8:27:EB:CA:A1:3C,-51, WPA ,0.000000,0.000000,0.000,0.000,AP
2026-04-10 13:21:08,1900-01-00 00:00:00,1008-wombat,B8:27:EB:CA:A1:3C,-55, WPA ,0.000000,0.000000,0.000,0.000,AP
2026-04-10 13:21:08,1900-01-00 00:00:00,1008-wombat,B8:27:EB:CA:A1:3C,-55, WPA ,0.000000,0.000000,0.000,0.000,AP
2026-04-10 13:21:08,1900-01-00 00:00:00,1008-wombat,B8:27:EB:CA:A1:3C,-54, WPA ,0.000000,0.000000,0.000,0.000,AP
2026-04-10 13:21:08,1900-01-00 00:00:00,1008-wombat,B8:27:EB:CA:A1:3C,-54, WPA ,0.000000,0.000000,0.000,0.000,AP
2026-04-10 13:21:08,1900-01-00 00:00:00,1008-wombat,B8:27:EB:CA:A1:3C,-54, WPA ,0.000000,0.000000,0.000,0.000,AP
2026-04-10 13:21:08,1900-01-00 00:00:00,1008-wombat,B8:27:EB:CA:A1:3C,-54, WPA ,0.000000,0.000000,0.000,0.000,AP
2026-04-10 13:21:08,1900-01-00 00:00:00,1008-wombat,B8:27:EB:CA:A1:3C,-46, WPA ,0.000000,0.000000,0.000,0.000,AP
2026-04-10 13:21:08,1900-01-00 00:00:00,1008-wombat,B8:27:EB:CA:A1:3C,-50, WPA ,0.000000,0.000000,0.000,0.000,AP
2026-04-10 13:21:08,1900-01-00 00:00:00,1008-wombat,B8:27:EB:CA:A1:3C,-50, WPA ,0.000000,0.000000,0.000,0.000,AP
2026-04-10 13:21:08,1900-01-00 00:00:00,1008-wombat,B8:27:EB:CA:A1:3C,-50, WPA ,0.000000,0.000000,0.000,0.000,AP
2026-04-10 13:21:08,1900-01-00 00:00:00,1008-wombat,B8:27:EB:CA:A1:3C,-50, WPA ,0.000000,0.000000,0.000,0.000,AP
2026-04-10 13:21:08,1900-01-00 00:00:00,1008-wombat,B8:27:EB:CA:A1:3C,-50, WPA ,0.000000,0.000000,0.000,0.000,AP
2026-04-10 13:21:08,1900-01-00 00:00:00,1008-wombat,B8:27:EB:CA:A1:3C,-50, WPA ,0.000000,0.000000,0.000,0.000,AP
2026-04-10 13:21:08,1900-01-00 00:00:00,1008-wombat,B8:27:EB:CA:A1:3C,-50, WPA ,0.000000,0.000000,0.000,0.000,AP
2026-04-10 13:21:08,1900-01-00 00:00:00,1008-wombat,B8:27:EB:CA:A1:3C,-50, WPA ,0.000000,0.000000,0.000,0.000,AP
2026-04-10 13:21:08,1900-01-00 00:00:00,1008-wombat,B8:27:EB:CA:A1:3C,-50, WPA ,0.000000,0.000000,0.000,0.000,AP
2026-04-10 13:21:08,1900-01-00 00:00:00,1008-wombat,B8:27:EB:CA:A1:3C,-50, WPA ,0.000000,0.000000,0.000,0.000,AP
2026-04-10 13:21:08,1900-01-00 00:00:00,1008-wombat,B8:27:EB:CA:A1:3C,-50, WPA ,0.000000,0.000000,0.000,0.000,AP
2026-04-10 13:21:08,1900-01-00 00:00:00,1008-wombat,B8:27:EB:CA:A1:3C,-50, WPA ,0.000000,0.000000,0.000,0.000,AP
2026-04-10 13:21:08,1900-01-00 00:00:00,1008-wombat,B8:27:EB:CA:A1:3C,-50, WPA ,0.000000,0.000000,0.000,0.000,AP
2026-04-10 13:21:08,1900-01-00 00:00:00,1008-wombat,B8:27:EB:CA:A1:3C,-50, WPA ,0.000000,0.000000,0.000,0.000,AP
2026-04-10 13:21:08,1900-01-00 00:00:00,1008-wombat,B8:27:EB:CA:A1:3C,-43, WPA ,0.000000,0.000000,0.000,0.000,AP
2026-04-10 13:21:08,1900-01-00 00:00:00,1008-wombat,B8:27:EB:CA:A1:3C,-49, WPA ,0.000000,0.000000,0.000,0.000,AP
2026-04-10 13:21:08,1900-01-00 00:00:00,1008-wombat,B8:27:EB:CA:A1:3C,-49, WPA ,0.000000,0.000000,0.000,0.000,AP
2026-04-10 13:21:08,1900-01-00 00:00:00,1008-wombat,B8:27:EB:CA:A1:3C,-49, WPA ,0.000000,0.000000,0.000,0.000,AP
2026-04-10 13:21:08,1900-01-00 00:00:00,1008-wombat,B8:27:EB:CA:A1:3C,-49, WPA ,0.000000,0.000000,0.000,0.000,AP
2026-04-10 13:21:08,1900-01-00 00:00:00,1008-wombat,B8:27:EB:CA:A1:3C,-49, WPA ,0.000000,0.000000,0.000,0.000,AP
2026-04-10 13:21:08,1900-01-00 00:00:00,1008-wombat,B8:27:EB:CA:A1:3C,-49, WPA ,0.000000,0.000000,0.000,0.000,AP
2026-04-10 13:21:08,1900-01-00 00:00:00,1008-wombat,B8:27:EB:CA:A1:3C,-40, WPA ,0.000000,0.000000,0.000,0.000,AP
2026-04-10 13:21:08,1900-01-00 00:00:00,1008-wombat,B8:27:EB:CA:A1:3C,-40, WPA ,0.000000,0.000000,0.000,0.000,AP
2026-04-10 13:21:08,1900-01-00 00:00:00,1008-wombat,B8:27:EB:CA:A1:3C,-40, WPA ,0.000000,0.000000,0.000,0.000,AP
2026-04-10 13:21:08,1900-01-00 00:00:00,1008-wombat,B8:27:EB:CA:A1:3C,-40, WPA ,0.000000,0.000000,0.000,0.000,AP
2026-04-10 13:21:08,1900-01-00 00:00:00,1008-wombat,B8:27:EB:CA:A1:3C,-40, WPA ,0.000000,0.000000,0.000,0.000,AP
2026-04-10 13:21:08,1900-01-00 00:00:00,1008-wombat,B8:27:EB:CA:A1:3C,-40, WPA ,0.000000,0.000000,0.000,0.000,AP
2026-04-10 13:21:08,1900-01-00 00:00:00,1008-wombat,B8:27:EB:CA:A1:3C,-40, WPA ,0.000000,0.000000,0.000,0.000,AP
2026-04-10 13:21:08,1900-01-00 00:00:00,1008-wombat,B8:27:EB:CA:A1:3C,-40, WPA ,0.000000,0.000000,0.000,0.000,AP
2026-04-10 13:21:08,1900-01-00 00:00:00,1008-wombat,B8:27:EB:CA:A1:3C,-40, WPA ,0.000000,0.000000,0.000,0.000,AP
2026-04-10 13:21:08,1900-01-00 00:00:00,1008-wombat,B8:27:EB:CA:A1:3C,-40, WPA ,0.000000,0.000000,0.000,0.000,AP
2026-04-10 13:21:08,1900-01-00 00:00:00,1008-wombat,B8:27:EB:CA:A1:3C,-47, WPA ,0.000000,0.000000,0.000,0.000,AP
2026-04-10 13:21:08,1900-01-00 00:00:00,1008-wombat,B8:27:EB:CA:A1:3C,-47, WPA ,0.000000,0.000000,0.000,0.000,AP
2026-04-10 13:21:08,1900-01-00 00:00:00,1008-wombat,B8:27:EB:CA:A1:3C,-50, WPA ,0.000000,0.000000,0.000,0.000,AP
2026-04-10 13:21:08,1900-01-00 00:00:00,1008-wombat,B8:27:EB:CA:A1:3C,-50, WPA ,0.000000,0.000000,0.000,0.000,AP
2026-04-10 13:21:08,1900-01-00 00:00:00,1008-wombat,B8:27:EB:CA:A1:3C,-50, WPA ,0.000000,0.000000,0.000,0.000,AP
2026-04-10 13:21:08,1900-01-00 00:00:00,1008-wombat,B8:27:EB:CA:A1:3C,-50, WPA ,0.000000,0.000000,0.000,0.000,AP
2026-04-10 13:21:08,1900-01-00 00:00:00,1008-wombat,B8:27:EB:CA:A1:3C,-51, WPA ,0.000000,0.000000,0.000,0.000,AP
2026-04-10 13:21:08,1900-01-00 00:00:00,1008-wombat,B8:27:EB:CA:A1:3C,-51, WPA ,0.000000,0.000000,0.000,0.000,AP
2026-04-10 13:21:08,1900-01-00 00:00:00,1008-wombat,B8:27:EB:CA:A1:3C,-51, WPA ,0.000000,0.000000,0.000,0.000,AP
2026-04-10 13:21:08,1900-01-00 00:00:00,1008-wombat,B8:27:EB:CA:A1:3C,-51, WPA ,0.000000,0.000000,0.000,0.000,AP
2026-04-10 13:21:08,1900-01-00 00:00:00,1008-wombat,B8:27:EB:CA:A1:3C,-51, WPA ,0.000000,0.000000,0.000,0.000,AP
2026-04-10 13:21:08,1900-01-00 00:00:00,1008-wombat,B8:27:EB:CA:A1:3C,-51, WPA ,0.000000,0.000000,0.000,0.000,AP
2026-04-10 13:21:08,1900-01-00 00:00:00,1008-wombat,B8:27:EB:CA:A1:3C,-51, WPA ,0.000000,0.000000,0.000,0.000,AP
2026-04-10 13:21:08,1900-01-00 00:00:00,1008-wombat,B8:27:EB:CA:A1:3C,-51, WPA ,0.000000,0.000000,0.000,0.000,AP
2026-04-10 13:21:08,1900-01-00 00:00:00,1008-wombat,B8:27:EB:CA:A1:3C,-53, WPA ,0.000000,0.000000,0.000,0.000,AP
2026-04-10 13:21:08,1900-01-00 00:00:00,1008-wombat,B8:27:EB:CA:A1:3C,-54, WPA ,0.000000,0.000000,0.000,0.000,AP
2026-04-10 13:21:08,1900-01-00 00:00:00,1008-wombat,B8:27:EB:CA:A1:3C,-54, WPA ,0.000000,0.000000,0.000,0.000,AP
2026-04-10 13:21:08,1900-01-00 00:00:00,1008-wombat,B8:27:EB:CA:A1:3C,-54, WPA ,0.000000,0.000000,0.000,0.000,AP
2026-04-10 13:21:08,1900-01-00 00:00:00,1008-wombat,B8:27:EB:CA:A1:3C,-54, WPA ,0.000000,0.000000,0.000,0.000,AP
2026-04-10 13:21:08,1900-01-00 00:00:00,1008-wombat,B8:27:EB:CA:A1:3C,-54, WPA ,0.000000,0.000000,0.000,0.000,AP
2026-04-10 13:21:08,1900-01-00 00:00:00,1008-wombat,B8:27:EB:CA:A1:3C,-54, WPA ,0.000000,0.000000,0.000,0.000,AP
2026-04-10 13:21:08,1900-01-00 00:00:00,1008-wombat,B8:27:EB:CA:A1:3C,-54, WPA ,0.000000,0.000000,0.000,0.000,AP
2026-04-10 13:21:08,1900-01-00 00:00:00,1008-wombat,B8:27:EB:CA:A1:3C,-54, WPA ,0.000000,0.000000,0.000,0.000,AP
2026-04-10 13:21:08,1900-01-00 00:00:00,1008-wombat,B8:27:EB:CA:A1:3C,-54, WPA ,0.000000,0.000000,0.000,0.000,AP
2026-04-10 13:21:08,1900-01-00 00:00:00,1008-wombat,B8:27:EB:CA:A1:3C,-54, WPA ,0.000000,0.000000,0.000,0.000,AP
2026-04-10 13:21:08,1900-01-00 00:00:00,1008-wombat,B8:27:EB:CA:A1:3C,-54, WPA ,0.000000,0.000000,0.000,0.000,AP
2026-04-10 13:21:08,1900-01-00 00:00:00,1008-wombat,B8:27:EB:CA:A1:3C,-54, WPA ,0.000000,0.000000,0.000,0.000,AP
2026-04-10 13:21:08,1900-01-00 00:00:00,1008-wombat,B8:27:EB:CA:A1:3C,-54, WPA ,0.000000,0.000000,0.000,0.000,AP
2026-04-10 13:21:08,1900-01-00 00:00:00,1008-wombat,B8:27:EB:CA:A1:3C,-54, WPA ,0.000000,0.000000,0.000,0.000,AP
2026-04-10 13:21:08,1900-01-00 00:00:00,1008-wombat,B8:27:EB:CA:A1:3C,-54, WPA ,0.000000,0.000000,0.000,0.000,AP
2026-04-10 13:21:08,1900-01-00 00:00:00,1008-wombat,B8:27:EB:CA:A1:3C,-54, WPA ,0.000000,0.000000,0.000,0.000,AP
2026-04-10 13:21:08,1900-01-00 00:00:00,1008-wombat,B8:27:EB:CA:A1:3C,-54, WPA ,0.000000,0.000000,0.000,0.000,AP
2026-04-10 13:21:08,1900-01-00 00:00:00,1008-wombat,B8:27:EB:CA:A1:3C,-54, WPA ,0.000000,0.000000,0.000,0.000,AP
2026-04-10 13:21:08,1900-01-00 00:00:00,1008-wombat,B8:27:EB:CA:A1:3C,-54, WPA ,0.000000,0.000000,0.000,0.000,AP
2026-04-10 13:21:08,1900-01-00 00:00:00,1008-wombat,B8:27:EB:CA:A1:3C,-54, WPA ,0.000000,0.000000,0.000,0.000,AP
2026-04-10 13:21:08,1900-01-00 00:00:00,1008-wombat,B8:27:EB:CA:A1:3C,-54, WPA ,0.000000,0.000000,0.000,0.000,AP
2026-04-10 13:21:08,1900-01-00 00:00:00,1008-wombat,B8:27:EB:CA:A1:3C,-54, WPA ,0.000000,0.000000,0.000,0.000,AP
2026-04-10 13:21:08,1900-01-00 00:00:00,1008-wombat,B8:27:EB:CA:A1:3C,-54, WPA ,0.000000,0.000000,0.000,0.000,AP
2026-04-10 13:21:08,1900-01-00 00:00:00,1008-wombat,B8:27:EB:CA:A1:3C,-54, WPA ,0.000000,0.000000,0.000,0.000,AP
2026-04-10 13:21:08,1900-01-00 00:00:00,1008-wombat,B8:27:EB:CA:A1:3C,-54, WPA ,0.000000,0.000000,0.000,0.000,AP
2026-04-10 13:21:08,1900-01-00 00:00:00,1008-wombat,B8:27:EB:CA:A1:3C,-43, WPA ,0.000000,0.000000,0.000,0.000,AP
2026-04-10 13:21:08,1900-01-00 00:00:00,1008-wombat,B8:27:EB:CA:A1:3C,-43, WPA ,0.000000,0.000000,0.000,0.000,AP
2026-04-10 13:21:08,1900-01-00 00:00:00,1008-wombat,B8:27:EB:CA:A1:3C,-43, WPA ,0.000000,0.000000,0.000,0.000,AP
2026-04-10 13:21:08,1900-01-00 00:00:00,1008-wombat,B8:27:EB:CA:A1:3C,-43, WPA ,0.000000,0.000000,0.000,0.000,AP
2026-04-10 13:21:08,1900-01-00 00:00:00,1008-wombat,B8:27:EB:CA:A1:3C,-43, WPA ,0.000000,0.000000,0.000,0.000,AP
2026-04-10 13:21:08,1900-01-00 00:00:00,1008-wombat,B8:27:EB:CA:A1:3C,-43, WPA ,0.000000,0.000000,0.000,0.000,AP
2026-04-10 13:21:08,1900-01-00 00:00:00,1008-wombat,B8:27:EB:CA:A1:3C,-43, WPA ,0.000000,0.000000,0.000,0.000,AP
2026-04-10 13:21:08,1900-01-00 00:00:00,1008-wombat,B8:27:EB:CA:A1:3C,-43, WPA ,0.000000,0.000000,0.000,0.000,AP
2026-04-10 13:21:08,1900-01-00 00:00:00,1008-wombat,B8:27:EB:CA:A1:3C,-43, WPA ,0.000000,0.000000,0.000,0.000,AP
2026-04-10 13:21:08,1900-01-00 00:00:00,1008-wombat,B8:27:EB:CA:A1:3C,-43, WPA ,0.000000,0.000000,0.000,0.000,AP
2026-04-10 13:21:08,1900-01-00 00:00:00,1008-wombat,B8:27:EB:CA:A1:3C,-47, WPA ,0.000000,0.000000,0.000,0.000,AP
2026-04-10 13:21:08,1900-01-00 00:00:00,1008-wombat,B8:27:EB:CA:A1:3C,-47, WPA ,0.000000,0.000000,0.000,0.000,AP
2026-04-10 13:21:08,1900-01-00 00:00:00,1008-wombat,B8:27:EB:CA:A1:3C,-47, WPA ,0.000000,0.000000,0.000,0.000,AP
2026-04-10 13:21:08,1900-01-00 00:00:00,1008-wombat,B8:27:EB:CA:A1:3C,-50, WPA ,0.000000,0.000000,0.000,0.000,AP
2026-04-10 13:21:08,1900-01-00 00:00:00,1008-wombat,B8:27:EB:CA:A1:3C,-50, WPA ,0.000000,0.000000,0.000,0.000,AP
2026-04-10 13:21:08,1900-01-00 00:00:00,1008-wombat,B8:27:EB:CA:A1:3C,-50, WPA ,0.000000,0.000000,0.000,0.000,AP
2026-04-10 13:21:08,1900-01-00 00:00:00,1008-wombat,B8:27:EB:CA:A1:3C,-50, WPA ,0.000000,0.000000,0.000,0.000,AP
2026-04-10 13:21:08,1900-01-00 00:00:00,1008-wombat,B8:27:EB:CA:A1:3C,-51, WPA ,0.000000,0.000000,0.000,0.000,AP
2026-04-10 13:21:09,1900-01-00 00:00:00,1008-wombat,B8:27:EB:CA:A1:3C,-43, WPA ,0.000000,0.000000,0.000,0.000,AP
2026-04-10 13:21:09,1900-01-00 00:00:00,1008-wombat,B8:27:EB:CA:A1:3C,-43, WPA ,0.000000,0.000000,0.000,0.000,AP
2026-04-10 13:21:09,1900-01-00 00:00:00,1008-wombat,B8:27:EB:CA:A1:3C,-43, WPA ,0.000000,0.000000,0.000,0.000,AP
2026-04-10 13:21:09,1900-01-00 00:00:00,1008-wombat,B8:27:EB:CA:A1:3C,-44, WPA ,0.000000,0.000000,0.000,0.000,AP
2026-04-10 13:21:09,1900-01-00 00:00:00,1008-wombat,B8:27:EB:CA:A1:3C,-44, WPA ,0.000000,0.000000,0.000,0.000,AP
2026-04-10 13:21:09,1900-01-00 00:00:00,1008-wombat,B8:27:EB:CA:A1:3C,-44, WPA ,0.000000,0.000000,0.000,0.000,AP
2026-04-10 13:21:09,1900-01-00 00:00:00,1008-wombat,B8:27:EB:CA:A1:3C,-44, WPA ,0.000000,0.000000,0.000,0.000,AP
2026-04-10 13:21:09,1900-01-00 00:00:00,1008-wombat,B8:27:EB:CA:A1:3C,-44, WPA ,0.000000,0.000000,0.000,0.000,AP
2026-04-10 13:21:09,1900-01-00 00:00:00,1008-wombat,B8:27:EB:CA:A1:3C,-44, WPA ,0.000000,0.000000,0.000,0.000,AP
2026-04-10 13:21:09,1900-01-00 00:00:00,1008-wombat,B8:27:EB:CA:A1:3C,-43, WPA ,0.000000,0.000000,0.000,0.000,AP
2026-04-10 13:21:09,1900-01-00 00:00:00,1008-wombat,B8:27:EB:CA:A1:3C,-44, WPA ,0.000000,0.000000,0.000,0.000,AP
2026-04-10 13:21:09,1900-01-00 00:00:00,1008-wombat,B8:27:EB:CA:A1:3C,-43, WPA ,0.000000,0.000000,0.000,0.000,AP
2026-04-10 13:21:09,1900-01-00 00:00:00,1008-wombat,B8:27:EB:CA:A1:3C,-43, WPA ,0.000000,0.000000,0.000,0.000,AP
2026-04-10 13:21:09,1900-01-00 00:00:00,1008-wombat,B8:27:EB:CA:A1:3C,-43, WPA ,0.000000,0.000000,0.000,0.000,AP
2026-04-10 13:21:09,1900-01-00 00:00:00,1008-wombat,B8:27:EB:CA:A1:3C,-44, WPA ,0.000000,0.000000,0.000,0.000,AP
2026-04-10 13:21:09,1900-01-00 00:00:00,1008-wombat,B8:27:EB:CA:A1:3C,-46, WPA ,0.000000,0.000000,0.000,0.000,AP
2026-04-10 13:21:09,1900-01-00 00:00:00,1008-wombat,B8:27:EB:CA:A1:3C,-45, WPA ,0.000000,0.000000,0.000,0.000,AP
2026-04-10 13:21:09,1900-01-00 00:00:00,1008-wombat,B8:27:EB:CA:A1:3C,-46, WPA ,0.000000,0.000000,0.000,0.000,AP
2026-04-10 13:21:09,1900-01-00 00:00:00,1008-wombat,B8:27:EB:CA:A1:3C,-42, WPA ,0.000000,0.000000,0.000,0.000,AP
2026-04-10 13:21:09,1900-01-00 00:00:00,1008-wombat,B8:27:EB:CA:A1:3C,-42, WPA ,0.000000,0.000000,0.000,0.000,AP
2026-04-10 13:21:09,1900-01-00 00:00:00,1008-wombat,B8:27:EB:CA:A1:3C,-43, WPA ,0.000000,0.000000,0.000,0.000,AP
2026-04-10 13:21:09,1900-01-00 00:00:00,1008-wombat,B8:27:EB:CA:A1:3C,-43, WPA ,0.000000,0.000000,0.000,0.000,AP
2026-04-10 13:21:09,1900-01-00 00:00:00,1008-wombat,B8:27:EB:CA:A1:3C,-43, WPA ,0.000000,0.000000,0.000,0.000,AP
2026-04-10 13:21:09,1900-01-00 00:00:00,1008-wombat,B8:27:EB:CA:A1:3C,-43, WPA ,0.000000,0.000000,0.000,0.000,AP
2026-04-10 13:21:09,1900-01-00 00:00:00,1008-wombat,B8:27:EB:CA:A1:3C,-44, WPA ,0.000000,0.000000,0.000,0.000,AP
2026-04-10 13:21:09,1900-01-00 00:00:00,1008-wombat,B8:27:EB:CA:A1:3C,-44, WPA ,0.000000,0.000000,0.000,0.000,AP
2026-04-10 13:21:09,1900-01-00 00:00:00,1008-wombat,B8:27:EB:CA:A1:3C,-44, WPA ,0.000000,0.000000,0.000,0.000,AP
2026-04-10 13:21:09,1900-01-00 00:00:00,1008-wombat,B8:27:EB:CA:A1:3C,-43, WPA ,0.000000,0.000000,0.000,0.000,AP
2026-04-10 13:21:09,1900-01-00 00:00:00,1008-wombat,B8:27:EB:CA:A1:3C,-44, WPA ,0.000000,0.000000,0.000,0.000,AP
2026-04-10 13:21:09,1900-01-00 00:00:00,1008-wombat,B8:27:EB:CA:A1:3C,-44, WPA ,0.000000,0.000000,0.000,0.000,AP
2026-04-10 13:21:10,1900-01-00 00:00:00,1008-wombat,B8:27:EB:CA:A1:3C,-44, WPA ,0.000000,0.000000,0.000,0.000,AP
2026-04-10 13:21:10,1900-01-00 00:00:00,1008-wombat,B8:27:EB:CA:A1:3C,-43, WPA ,0.000000,0.000000,0.000,0.000,AP
2026-04-10 13:21:10,1900-01-00 00:00:00,1008-wombat,B8:27:EB:CA:A1:3C,-44, WPA ,0.000000,0.000000,0.000,0.000,AP
2026-04-10 13:21:10,1900-01-00 00:00:00,1008-wombat,B8:27:EB:CA:A1:3C,-43, WPA ,0.000000,0.000000,0.000,0.000,AP
2026-04-10 13:21:10,1900-01-00 00:00:00,1008-wombat,B8:27:EB:CA:A1:3C,-44, WPA ,0.000000,0.000000,0.000,0.000,AP
2026-04-10 13:21:10,1900-01-00 00:00:00,1008-wombat,B8:27:EB:CA:A1:3C,-44, WPA ,0.000000,0.000000,0.000,0.000,AP
2026-04-10 13:21:10,1900-01-00 00:00:00,1008-wombat,B8:27:EB:CA:A1:3C,-44, WPA ,0.000000,0.000000,0.000,0.000,AP
2026-04-10 13:21:10,1900-01-00 00:00:00,1008-wombat,B8:27:EB:CA:A1:3C,-43, WPA ,0.000000,0.000000,0.000,0.000,AP
2026-04-10 13:21:10,1900-01-00 00:00:00,1008-wombat,B8:27:EB:CA:A1:3C,-44, WPA ,0.000000,0.000000,0.000,0.000,AP
2026-04-10 13:21:10,1900-01-00 00:00:00,1008-wombat,B8:27:EB:CA:A1:3C,-43, WPA ,0.000000,0.000000,0.000,0.000,AP
2026-04-10 13:21:10,1900-01-00 00:00:00,1008-wombat,B8:27:EB:CA:A1:3C,-43, WPA ,0.000000,0.000000,0.000,0.000,AP
2026-04-10 13:21:10,1900-01-00 00:00:00,1008-wombat,B8:27:EB:CA:A1:3C,-43, WPA ,0.000000,0.000000,0.000,0.000,AP
2026-04-10 13:21:10,1900-01-00 00:00:00,1008-wombat,B8:27:EB:CA:A1:3C,-44, WPA ,0.000000,0.000000,0.000,0.000,AP
2026-04-10 13:21:10,1900-01-00 00:00:00,1008-wombat,B8:27:EB:CA:A1:3C,-43, WPA ,0.000000,0.000000,0.000,0.000,AP
2026-04-10 13:21:10,1900-01-00 00:00:00,1008-wombat,B8:27:EB:CA:A1:3C,-43, WPA ,0.000000,0.000000,0.000,0.000,AP
2026-04-10 13:21:10,1900-01-00 00:00:00,1008-wombat,B8:27:EB:CA:A1:3C,-41, WPA ,0.000000,0.000000,0.000,0.000,AP
2026-04-10 13:21:10,1900-01-00 00:00:00,1008-wombat,B8:27:EB:CA:A1:3C,-43, WPA ,0.000000,0.000000,0.000,0.000,AP
2026-04-10 13:21:10,1900-01-00 00:00:00,1008-wombat,B8:27:EB:CA:A1:3C,-43, WPA ,0.000000,0.000000,0.000,0.000,AP
2026-04-10 13:21:10,1900-01-00 00:00:00,1008-wombat,B8:27:EB:CA:A1:3C,-43, WPA ,0.000000,0.000000,0.000,0.000,AP
2026-04-10 13:21:10,1900-01-00 00:00:00,1008-wombat,B8:27:EB:CA:A1:3C,-43, WPA ,0.000000,0.000000,0.000,0.000,AP
2026-04-10 13:21:10,1900-01-00 00:00:00,1008-wombat,B8:27:EB:CA:A1:3C,-43, WPA ,0.000000,0.000000,0.000,0.000,AP
2026-04-10 13:21:10,1900-01-00 00:00:00,1008-wombat,B8:27:EB:CA:A1:3C,-43, WPA ,0.000000,0.000000,0.000,0.000,AP
2026-04-10 13:21:10,1900-01-00 00:00:00,1008-wombat,B8:27:EB:CA:A1:3C,-43, WPA ,0.000000,0.000000,0.000,0.000,AP
2026-04-10 13:21:10,1900-01-00 00:00:00,1008-wombat,B8:27:EB:CA:A1:3C,-44, WPA ,0.000000,0.000000,0.000,0.000,AP
2026-04-10 13:21:10,1900-01-00 00:00:00,1008-wombat,B8:27:EB:CA:A1:3C,-43, WPA ,0.000000,0.000000,0.000,0.000,AP
2026-04-10 13:21:10,1900-01-00 00:00:00,1008-wombat,B8:27:EB:CA:A1:3C,-43, WPA ,0.000000,0.000000,0.000,0.000,AP
2026-04-10 13:21:10,1900-01-00 00:00:00,1008-wombat,B8:27:EB:CA:A1:3C,-43, WPA ,0.000000,0.000000,0.000,0.000,AP
2026-04-10 13:21:10,1900-01-00 00:00:00,1008-wombat,B8:27:EB:CA:A1:3C,-43, WPA ,0.000000,0.000000,0.000,0.000,AP
2026-04-10 13:21:10,1900-01-00 00:00:00,1008-wombat,B8:27:EB:CA:A1:3C,-43, WPA ,0.000000,0.000000,0.000,0.000,AP
2026-04-10 13:21:10,1900-01-00 00:00:00,1008-wombat,B8:27:EB:CA:A1:3C,-43, WPA ,0.000000,0.000000,0.000,0.000,AP
2026-04-10 13:21:10,1900-01-00 00:00:00,1008-wombat,B8:27:EB:CA:A1:3C,-41, WPA ,0.000000,0.000000,0.000,0.000,AP
2026-04-10 13:21:10,1900-01-00 00:00:00,1008-wombat,B8:27:EB:CA:A1:3C,-46, WPA ,0.000000,0.000000,0.000,0.000,AP
2026-04-10 13:21:10,1900-01-00 00:00:00,1008-wombat,B8:27:EB:CA:A1:3C,-44, WPA ,0.000000,0.000000,0.000,0.000,AP
2026-04-10 13:21:10,1900-01-00 00:00:00,1008-wombat,B8:27:EB:CA:A1:3C,-43, WPA ,0.000000,0.000000,0.000,0.000,AP
2026-04-10 13:21:10,1900-01-00 00:00:00,1008-wombat,B8:27:EB:CA:A1:3C,-43, WPA ,0.000000,0.000000,0.000,0.000,AP
2026-04-10 13:21:10,1900-01-00 00:00:00,1008-wombat,B8:27:EB:CA:A1:3C,-45, WPA ,0.000000,0.000000,0.000,0.000,AP
2026-04-10 13:21:10,1900-01-00 00:00:00,1008-wombat,B8:27:EB:CA:A1:3C,-42, WPA ,0.000000,0.000000,0.000,0.000,AP
2026-04-10 13:21:10,1900-01-00 00:00:00,1008-wombat,B8:27:EB:CA:A1:3C,-43, WPA ,0.000000,0.000000,0.000,0.000,AP
2026-04-10 13:21:10,1900-01-00 00:00:00,1008-wombat,B8:27:EB:CA:A1:3C,-43, WPA ,0.000000,0.000000,0.000,0.000,AP
2026-04-10 13:21:10,1900-01-00 00:00:00,1008-wombat,B8:27:EB:CA:A1:3C,-46, WPA ,0.000000,0.000000,0.000,0.000,AP
2026-04-10 13:21:10,1900-01-00 00:00:00,1008-wombat,B8:27:EB:CA:A1:3C,-42, WPA ,0.000000,0.000000,0.000,0.000,AP
2026-04-10 13:21:10,1900-01-00 00:00:00,1008-wombat,B8:27:EB:CA:A1:3C,-42, WPA ,0.000000,0.000000,0.000,0.000,AP
2026-04-10 13:21:10,1900-01-00 00:00:00,1008-wombat,B8:27:EB:CA:A1:3C,-43, WPA ,0.000000,0.000000,0.000,0.000,AP
2026-04-10 13:21:10,1900-01-00 00:00:00,1008-wombat,B8:27:EB:CA:A1:3C,-43, WPA ,0.000000,0.000000,0.000,0.000,AP
2026-04-10 13:21:10,1900-01-00 00:00:00,1008-wombat,B8:27:EB:CA:A1:3C,-41, WPA ,0.000000,0.000000,0.000,0.000,AP
2026-04-10 13:21:10,1900-01-00 00:00:00,1008-wombat,B8:27:EB:CA:A1:3C,-44, WPA ,0.000000,0.000000,0.000,0.000,AP
2026-04-10 13:21:10,1900-01-00 00:00:00,1008-wombat,B8:27:EB:CA:A1:3C,-43, WPA ,0.000000,0.000000,0.000,0.000,AP
2026-04-10 13:21:10,1900-01-00 00:00:00,1008-wombat,B8:27:EB:CA:A1:3C,-44, WPA ,0.000000,0.000000,0.000,0.000,AP
2026-04-10 13:21:11,1900-01-00 00:00:00,1008-wombat,B8:27:EB:CA:A1:3C,-43, WPA ,0.000000,0.000000,0.000,0.000,AP
2026-04-10 13:21:11,1900-01-00 00:00:00,1008-wombat,B8:27:EB:CA:A1:3C,-44, WPA ,0.000000,0.000000,0.000,0.000,AP
2026-04-10 13:21:11,1900-01-00 00:00:00,,C8:34:8E:2C:B6:E4,-49,,0.000000,0.000000,0.000,0.000,Client
2026-04-10 13:21:11,1900-01-00 00:00:00,1008-wombat,B8:27:EB:CA:A1:3C,-44, WPA ,0.000000,0.000000,0.000,0.000,AP
2026-04-10 13:21:11,1900-01-00 00:00:00,,C8:34:8E:2C:B6:E4,-47,,0.000000,0.000000,0.000,0.000,Client
2026-04-10 13:21:11,1900-01-00 00:00:00,1008-wombat,B8:27:EB:CA:A1:3C,-44, WPA ,0.000000,0.000000,0.000,0.000,AP
2026-04-10 13:21:11,1900-01-00 00:00:00,1008-wombat,B8:27:EB:CA:A1:3C,-44, WPA ,0.000000,0.000000,0.000,0.000,AP
2026-04-10 13:21:11,1900-01-00 00:00:00,,C8:34:8E:2C:B6:E4,-48,,0.000000,0.000000,0.000,0.000,Client
2026-04-10 13:21:11,1900-01-00 00:00:00,1008-wombat,B8:27:EB:CA:A1:3C,-43, WPA ,0.000000,0.000000,0.000,0.000,AP
2026-04-10 13:21:11,1900-01-00 00:00:00,,C8:34:8E:2C:B6:E4,-47,,0.000000,0.000000,0.000,0.000,Client
2026-04-10 13:21:11,1900-01-00 00:00:00,1008-wombat,B8:27:EB:CA:A1:3C,-43, WPA ,0.000000,0.000000,0.000,0.000,AP
2026-04-10 13:21:11,1900-01-00 00:00:00,1008-wombat,B8:27:EB:CA:A1:3C,-43, WPA ,0.000000,0.000000,0.000,0.000,AP
2026-04-10 13:21:11,1900-01-00 00:00:00,,C8:34:8E:2C:B6:E4,-47,,0.000000,0.000000,0.000,0.000,Client
2026-04-10 13:21:11,1900-01-00 00:00:00,1008-wombat,B8:27:EB:CA:A1:3C,-41, WPA ,0.000000,0.000000,0.000,0.000,AP
2026-04-10 13:21:11,1900-01-00 00:00:00,,C8:34:8E:2C:B6:E4,-46,,0.000000,0.000000,0.000,0.000,Client
2026-04-10 13:21:11,1900-01-00 00:00:00,1008-wombat,B8:27:EB:CA:A1:3C,-44, WPA ,0.000000,0.000000,0.000,0.000,AP
2026-04-10 13:21:11,1900-01-00 00:00:00,,C8:34:8E:2C:B6:E4,-46,,0.000000,0.000000,0.000,0.000,Client
2026-04-10 13:21:11,1900-01-00 00:00:00,,C8:34:8E:2C:B6:E4,-47,,0.000000,0.000000,0.000,0.000,Client
2026-04-10 13:21:11,1900-01-00 00:00:00,,C8:34:8E:2C:B6:E4,-47,,0.000000,0.000000,0.000,0.000,Client
2026-04-10 13:21:11,1900-01-00 00:00:00,,C8:34:8E:2C:B6:E4,-47,,0.000000,0.000000,0.000,0.000,Client
2026-04-10 13:21:11,1900-01-00 00:00:00,1008-wombat,B8:27:EB:CA:A1:3C,-44, WPA ,0.000000,0.000000,0.000,0.000,AP
2026-04-10 13:21:11,1900-01-00 00:00:00,1008-wombat,B8:27:EB:CA:A1:3C,-46, WPA ,0.000000,0.000000,0.000,0.000,AP
2026-04-10 13:21:11,1900-01-00 00:00:00,,C8:34:8E:2C:B6:E4,-46,,0.000000,0.000000,0.000,0.000,Client
2026-04-10 13:21:11,1900-01-00 00:00:00,1008-wombat,B8:27:EB:CA:A1:3C,-45, WPA ,0.000000,0.000000,0.000,0.000,AP
2026-04-10 13:21:11,1900-01-00 00:00:00,1008-wombat,B8:27:EB:CA:A1:3C,-46, WPA ,0.000000,0.000000,0.000,0.000,AP
2026-04-10 13:21:11,1900-01-00 00:00:00,,C8:34:8E:2C:B6:E4,-46,,0.000000,0.000000,0.000,0.000,Client
2026-04-10 13:21:11,1900-01-00 00:00:00,1008-wombat,B8:27:EB:CA:A1:3C,-44, WPA ,0.000000,0.000000,0.000,0.000,AP
2026-04-10 13:21:11,1900-01-00 00:00:00,,C8:34:8E:2C:B6:E4,-47,,0.000000,0.000000,0.000,0.000,Client
2026-04-10 13:21:11,1900-01-00 00:00:00,1008-wombat,B8:27:EB:CA:A1:3C,-46, WPA ,0.000000,0.000000,0.000,0.000,AP
2026-04-10 13:21:11,1900-01-00 00:00:00,,C8:34:8E:2C:B6:E4,-46,,0.000000,0.000000,0.000,0.000,Client
2026-04-10 13:21:11,1900-01-00 00:00:00,1008-wombat,B8:27:EB:CA:A1:3C,-46, WPA ,0.000000,0.000000,0.000,0.000,AP
2026-04-10 13:21:11,1900-01-00 00:00:00,,C8:34:8E:2C:B6:E4,-46,,0.000000,0.000000,0.000,0.000,Client
2026-04-10 13:21:11,1900-01-00 00:00:00,,C8:34:8E:2C:B6:E4,-46,,0.000000,0.000000,0.000,0.000,Client
2026-04-10 13:21:11,1900-01-00 00:00:00,,C8:34:8E:2C:B6:E4,-47,,0.000000,0.000000,0.000,0.000,Client
2026-04-10 13:21:11,1900-01-00 00:00:00,1008-wombat,B8:27:EB:CA:A1:3C,-46, WPA ,0.000000,0.000000,0.000,0.000,AP
2026-04-10 13:21:11,1900-01-00 00:00:00,,C8:34:8E:2C:B6:E4,-47,,0.000000,0.000000,0.000,0.000,Client
2026-04-10 13:21:11,1900-01-00 00:00:00,,C8:34:8E:2C:B6:E4,-47,,0.000000,0.000000,0.000,0.000,Client
2026-04-10 13:21:11,1900-01-00 00:00:00,,C8:34:8E:2C:B6:E4,-47,,0.000000,0.000000,0.000,0.000,Client
2026-04-10 13:21:11,1900-01-00 00:00:00,1008-wombat,B8:27:EB:CA:A1:3C,-46, WPA ,0.000000,0.000000,0.000,0.000,AP
2026-04-10 13:21:11,1900-01-00 00:00:00,,C8:34:8E:2C:B6:E4,-48,,0.000000,0.000000,0.000,0.000,Client
2026-04-10 13:21:11,1900-01-00 00:00:00,,C8:34:8E:2C:B6:E4,-47,,0.000000,0.000000,0.000,0.000,Client
2026-04-10 13:21:11,1900-01-00 00:00:00,,C8:34:8E:2C:B6:E4,-47,,0.000000,0.000000,0.000,0.000,Client
2026-04-10 13:21:11,1900-01-00 00:00:00,1008-wombat,B8:27:EB:CA:A1:3C,-46, WPA ,0.000000,0.000000,0.000,0.000,AP
2026-04-10 13:21:11,1900-01-00 00:00:00,1008-wombat,B8:27:EB:CA:A1:3C,-45, WPA ,0.000000,0.000000,0.000,0.000,AP
2026-04-10 13:21:11,1900-01-00 00:00:00,1008-wombat,B8:27:EB:CA:A1:3C,-45, WPA ,0.000000,0.000000,0.000,0.000,AP
2026-04-10 13:21:11,1900-01-00 00:00:00,1008-wombat,B8:27:EB:CA:A1:3C,-45, WPA ,0.000000,0.000000,0.000,0.000,AP
2026-04-10 13:21:11,1900-01-00 00:00:00,1008-wombat,B8:27:EB:CA:A1:3C,-45, WPA ,0.000000,0.000000,0.000,0.000,AP
2026-04-10 13:21:11,1900-01-00 00:00:00,,C8:34:8E:2C:B6:E4,-47,,0.000000,0.000000,0.000,0.000,Client
2026-04-10 13:21:11,1900-01-00 00:00:00,,C8:34:8E:2C:B6:E4,-46,,0.000000,0.000000,0.000,0.000,Client
2026-04-10 13:21:11,1900-01-00 00:00:00,1008-wombat,B8:27:EB:CA:A1:3C,-44, WPA ,0.000000,0.000000,0.000,0.000,AP
2026-04-10 13:21:11,1900-01-00 00:00:00,1008-wombat,B8:27:EB:CA:A1:3C,-44, WPA ,0.000000,0.000000,0.000,0.000,AP
2026-04-10 13:21:11,1900-01-00 00:00:00,,C8:34:8E:2C:B6:E4,-47,,0.000000,0.000000,0.000,0.000,Client
2026-04-10 13:21:11,1900-01-00 00:00:00,1008-wombat,B8:27:EB:CA:A1:3C,-43, WPA ,0.000000,0.000000,0.000,0.000,AP
2026-04-10 13:21:11,1900-01-00 00:00:00,,C8:34:8E:2C:B6:E4,-47,,0.000000,0.000000,0.000,0.000,Client
2026-04-10 13:21:11,1900-01-00 00:00:00,,C8:34:8E:2C:B6:E4,-47,,0.000000,0.000000,0.000,0.000,Client
2026-04-10 13:21:11,1900-01-00 00:00:00,,C8:34:8E:2C:B6:E4,-47,,0.000000,0.000000,0.000,0.000,Client
2026-04-10 13:21:11,1900-01-00 00:00:00,,C8:34:8E:2C:B6:E4,-48,,0.000000,0.000000,0.000,0.000,Client
2026-04-10 13:21:11,1900-01-00 00:00:00,1008-wombat,B8:27:EB:CA:A1:3C,-43, WPA ,0.000000,0.000000,0.000,0.000,AP
2026-04-10 13:21:11,1900-01-00 00:00:00,,C8:34:8E:2C:B6:E4,-47,,0.000000,0.000000,0.000,0.000,Client
2026-04-10 13:21:11,1900-01-00 00:00:00,1008-wombat,B8:27:EB:CA:A1:3C,-41, WPA ,0.000000,0.000000,0.000,0.000,AP
2026-04-10 13:21:11,1900-01-00 00:00:00,,C8:34:8E:2C:B6:E4,-47,,0.000000,0.000000,0.000,0.000,Client
2026-04-10 13:21:11,1900-01-00 00:00:00,,C8:34:8E:2C:B6:E4,-47,,0.000000,0.000000,0.000,0.000,Client
2026-04-10 13:21:11,1900-01-00 00:00:00,,C8:34:8E:2C:B6:E4,-47,,0.000000,0.000000,0.000,0.000,Client
2026-04-10 13:21:11,1900-01-00 00:00:00,1008-wombat,B8:27:EB:CA:A1:3C,-43, WPA ,0.000000,0.000000,0.000,0.000,AP
2026-04-10 13:21:11,1900-01-00 00:00:00,,C8:34:8E:2C:B6:E4,-47,,0.000000,0.000000,0.000,0.000,Client
2026-04-10 13:21:11,1900-01-00 00:00:00,,C8:34:8E:2C:B6:E4,-47,,0.000000,0.000000,0.000,0.000,Client
2026-04-10 13:21:11,1900-01-00 00:00:00,,C8:34:8E:2C:B6:E4,-47,,0.000000,0.000000,0.000,0.000,Client
2026-04-10 13:21:11,1900-01-00 00:00:00,,C8:34:8E:2C:B6:E4,-47,,0.000000,0.000000,0.000,0.000,Client
2026-04-10 13:21:11,1900-01-00 00:00:00,1008-wombat,B8:27:EB:CA:A1:3C,-45, WPA ,0.000000,0.000000,0.000,0.000,AP
2026-04-10 13:21:11,1900-01-00 00:00:00,,C8:34:8E:2C:B6:E4,-47,,0.000000,0.000000,0.000,0.000,Client
2026-04-10 13:21:11,1900-01-00 00:00:00,,C8:34:8E:2C:B6:E4,-48,,0.000000,0.000000,0.000,0.000,Client
2026-04-10 13:21:11,1900-01-00 00:00:00,1008-wombat,B8:27:EB:CA:A1:3C,-46, WPA ,0.000000,0.000000,0.000,0.000,AP
2026-04-10 13:21:11,1900-01-00 00:00:00,1008-wombat,B8:27:EB:CA:A1:3C,-45, WPA ,0.000000,0.000000,0.000,0.000,AP
2026-04-10 13:21:11,1900-01-00 00:00:00,1008-wombat,B8:27:EB:CA:A1:3C,-44, WPA ,0.000000,0.000000,0.000,0.000,AP
2026-04-10 13:21:11,1900-01-00 00:00:00,1008-wombat,B8:27:EB:CA:A1:3C,-44, WPA ,0.000000,0.000000,0.000,0.000,AP
2026-04-10 13:21:11,1900-01-00 00:00:00,1008-wombat,B8:27:EB:CA:A1:3C,-44, WPA ,0.000000,0.000000,0.000,0.000,AP
2026-04-10 13:21:11,1900-01-00 00:00:00,1008-wombat,B8:27:EB:CA:A1:3C,-44, WPA ,0.000000,0.000000,0.000,0.000,AP
2026-04-10 13:21:11,1900-01-00 00:00:00,,C8:34:8E:2C:B6:E4,-47,,0.000000,0.000000,0.000,0.000,Client
2026-04-10 13:21:11,1900-01-00 00:00:00,,C8:34:8E:2C:B6:E4,-47,,0.000000,0.000000,0.000,0.000,Client
2026-04-10 13:21:11,1900-01-00 00:00:00,1008-wombat,B8:27:EB:CA:A1:3C,-43, WPA ,0.000000,0.000000,0.000,0.000,AP
2026-04-10 13:21:11,1900-01-00 00:00:00,,C8:34:8E:2C:B6:E4,-47,,0.000000,0.000000,0.000,0.000,Client
2026-04-10 13:21:11,1900-01-00 00:00:00,,C8:34:8E:2C:B6:E4,-47,,0.000000,0.000000,0.000,0.000,Client
2026-04-10 13:21:11,1900-01-00 00:00:00,1008-wombat,B8:27:EB:CA:A1:3C,-43, WPA ,0.000000,0.000000,0.000,0.000,AP
2026-04-10 13:21:11,1900-01-00 00:00:00,1008-wombat,B8:27:EB:CA:A1:3C,-42, WPA ,0.000000,0.000000,0.000,0.000,AP
2026-04-10 13:21:11,1900-01-00 00:00:00,1008-wombat,B8:27:EB:CA:A1:3C,-42, WPA ,0.000000,0.000000,0.000,0.000,AP
2026-04-10 13:21:11,1900-01-00 00:00:00,1008-wombat,B8:27:EB:CA:A1:3C,-43, WPA ,0.000000,0.000000,0.000,0.000,AP
2026-04-10 13:21:11,1900-01-00 00:00:00,1008-wombat,B8:27:EB:CA:A1:3C,-43, WPA ,0.000000,0.000000,0.000,0.000,AP
2026-04-10 13:21:11,1900-01-00 00:00:00,1008-wombat,B8:27:EB:CA:A1:3C,-43, WPA ,0.000000,0.000000,0.000,0.000,AP
2026-04-10 13:21:11,1900-01-00 00:00:00,1008-wombat,B8:27:EB:CA:A1:3C,-42, WPA ,0.000000,0.000000,0.000,0.000,AP
2026-04-10 13:21:11,1900-01-00 00:00:00,1008-wombat,B8:27:EB:CA:A1:3C,-42, WPA ,0.000000,0.000000,0.000,0.000,AP
2026-04-10 13:21:11,1900-01-00 00:00:00,,C8:34:8E:2C:B6:E4,-47,,0.000000,0.000000,0.000,0.000,Client
2026-04-10 13:21:11,1900-01-00 00:00:00,,C8:34:8E:2C:B6:E4,-47,,0.000000,0.000000,0.000,0.000,Client
2026-04-10 13:21:11,1900-01-00 00:00:00,1008-wombat,B8:27:EB:CA:A1:3C,-42, WPA ,0.000000,0.000000,0.000,0.000,AP
2026-04-10 13:21:11,1900-01-00 00:00:00,1008-wombat,B8:27:EB:CA:A1:3C,-43, WPA ,0.000000,0.000000,0.000,0.000,AP
2026-04-10 13:21:11,1900-01-00 00:00:00,,C8:34:8E:2C:B6:E4,-47,,0.000000,0.000000,0.000,0.000,Client
2026-04-10 13:21:11,1900-01-00 00:00:00,,C8:34:8E:2C:B6:E4,-47,,0.000000,0.000000,0.000,0.000,Client
2026-04-10 13:21:11,1900-01-00 00:00:00,,C8:34:8E:2C:B6:E4,-47,,0.000000,0.000000,0.000,0.000,Client
2026-04-10 13:21:11,1900-01-00 00:00:00,1008-wombat,B8:27:EB:CA:A1:3C,-40, WPA ,0.000000,0.000000,0.000,0.000,AP
2026-04-10 13:21:11,1900-01-00 00:00:00,,C8:34:8E:2C:B6:E4,-47,,0.000000,0.000000,0.000,0.000,Client
2026-04-10 13:21:11,1900-01-00 00:00:00,1008-wombat,B8:27:EB:CA:A1:3C,-42, WPA ,0.000000,0.000000,0.000,0.000,AP
2026-04-10 13:21:11,1900-01-00 00:00:00,,C8:34:8E:2C:B6:E4,-47,,0.000000,0.000000,0.000,0.000,Client
2026-04-10 13:21:11,1900-01-00 00:00:00,,C8:34:8E:2C:B6:E4,-48,,0.000000,0.000000,0.000,0.000,Client
2026-04-10 13:21:11,1900-01-00 00:00:00,,C8:34:8E:2C:B6:E4,-47,,0.000000,0.000000,0.000,0.000,Client
2026-04-10 13:21:11,1900-01-00 00:00:00,,C8:34:8E:2C:B6:E4,-48,,0.000000,0.000000,0.000,0.000,Client
2026-04-10 13:21:11,1900-01-00 00:00:00,1008-wombat,B8:27:EB:CA:A1:3C,-42, WPA ,0.000000,0.000000,0.000,0.000,AP
2026-04-10 13:21:11,1900-01-00 00:00:00,1008-wombat,B8:27:EB:CA:A1:3C,-44, WPA ,0.000000,0.000000,0.000,0.000,AP
2026-04-10 13:21:11,1900-01-00 00:00:00,1008-wombat,B8:27:EB:CA:A1:3C,-42, WPA ,0.000000,0.000000,0.000,0.000,AP
2026-04-10 13:21:11,1900-01-00 00:00:00,,C8:34:8E:2C:B6:E4,-48,,0.000000,0.000000,0.000,0.000,Client
2026-04-10 13:21:11,1900-01-00 00:00:00,1008-wombat,B8:27:EB:CA:A1:3C,-42, WPA ,0.000000,0.000000,0.000,0.000,AP
2026-04-10 13:21:11,1900-01-00 00:00:00,1008-wombat,B8:27:EB:CA:A1:3C,-42, WPA ,0.000000,0.000000,0.000,0.000,AP
2026-04-10 13:21:11,1900-01-00 00:00:00,1008-wombat,B8:27:EB:CA:A1:3C,-44, WPA ,0.000000,0.000000,0.000,0.000,AP
2026-04-10 13:21:11,1900-01-00 00:00:00,,C8:34:8E:2C:B6:E4,-47,,0.000000,0.000000,0.000,0.000,Client
2026-04-10 13:21:11,1900-01-00 00:00:00,,C8:34:8E:2C:B6:E4,-47,,0.000000,0.000000,0.000,0.000,Client
2026-04-10 13:21:11,1900-01-00 00:00:00,,C8:34:8E:2C:B6:E4,-48,,0.000000,0.000000,0.000,0.000,Client
2026-04-10 13:21:11,1900-01-00 00:00:00,1008-wombat,B8:27:EB:CA:A1:3C,-42, WPA ,0.000000,0.000000,0.000,0.000,AP
2026-04-10 13:21:11,1900-01-00 00:00:00,,C8:34:8E:2C:B6:E4,-47,,0.000000,0.000000,0.000,0.000,Client
2026-04-10 13:21:11,1900-01-00 00:00:00,,C8:34:8E:2C:B6:E4,-47,,0.000000,0.000000,0.000,0.000,Client
2026-04-10 13:21:11,1900-01-00 00:00:00,1008-wombat,B8:27:EB:CA:A1:3C,-41, WPA ,0.000000,0.000000,0.000,0.000,AP
2026-04-10 13:21:11,1900-01-00 00:00:00,,C8:34:8E:2C:B6:E4,-47,,0.000000,0.000000,0.000,0.000,Client
2026-04-10 13:21:11,1900-01-00 00:00:00,1008-wombat,B8:27:EB:CA:A1:3C,-42, WPA ,0.000000,0.000000,0.000,0.000,AP
2026-04-10 13:21:11,1900-01-00 00:00:00,1008-wombat,B8:27:EB:CA:A1:3C,-44, WPA ,0.000000,0.000000,0.000,0.000,AP
2026-04-10 13:21:11,1900-01-00 00:00:00,,C8:34:8E:2C:B6:E4,-47,,0.000000,0.000000,0.000,0.000,Client
2026-04-10 13:21:11,1900-01-00 00:00:00,,C8:34:8E:2C:B6:E4,-47,,0.000000,0.000000,0.000,0.000,Client
2026-04-10 13:21:11,1900-01-00 00:00:00,1008-wombat,B8:27:EB:CA:A1:3C,-42, WPA ,0.000000,0.000000,0.000,0.000,AP
2026-04-10 13:21:11,1900-01-00 00:00:00,,C8:34:8E:2C:B6:E4,-48,,0.000000,0.000000,0.000,0.000,Client
2026-04-10 13:21:11,1900-01-00 00:00:00,1008-wombat,B8:27:EB:CA:A1:3C,-43, WPA ,0.000000,0.000000,0.000,0.000,AP
2026-04-10 13:21:11,1900-01-00 00:00:00,,C8:34:8E:2C:B6:E4,-47,,0.000000,0.000000,0.000,0.000,Client
2026-04-10 13:21:11,1900-01-00 00:00:00,,C8:34:8E:2C:B6:E4,-47,,0.000000,0.000000,0.000,0.000,Client
2026-04-10 13:21:11,1900-01-00 00:00:00,1008-wombat,B8:27:EB:CA:A1:3C,-40, WPA ,0.000000,0.000000,0.000,0.000,AP
2026-04-10 13:21:11,1900-01-00 00:00:00,,C8:34:8E:2C:B6:E4,-47,,0.000000,0.000000,0.000,0.000,Client
2026-04-10 13:21:11,1900-01-00 00:00:00,1008-wombat,B8:27:EB:CA:A1:3C,-43, WPA ,0.000000,0.000000,0.000,0.000,AP
2026-04-10 13:21:11,1900-01-00 00:00:00,1008-wombat,B8:27:EB:CA:A1:3C,-43, WPA ,0.000000,0.000000,0.000,0.000,AP
2026-04-10 13:21:11,1900-01-00 00:00:00,1008-wombat,B8:27:EB:CA:A1:3C,-42, WPA ,0.000000,0.000000,0.000,0.000,AP
2026-04-10 13:21:11,1900-01-00 00:00:00,,C8:34:8E:2C:B6:E4,-47,,0.000000,0.000000,0.000,0.000,Client
2026-04-10 13:21:11,1900-01-00 00:00:00,,C8:34:8E:2C:B6:E4,-47,,0.000000,0.000000,0.000,0.000,Client
2026-04-10 13:21:11,1900-01-00 00:00:00,,C8:34:8E:2C:B6:E4,-47,,0.000000,0.000000,0.000,0.000,Client
2026-04-10 13:21:11,1900-01-00 00:00:00,,C8:34:8E:2C:B6:E4,-47,,0.000000,0.000000,0.000,0.000,Client
2026-04-10 13:21:11,1900-01-00 00:00:00,,C8:34:8E:2C:B6:E4,-48,,0.000000,0.000000,0.000,0.000,Client
2026-04-10 13:21:11,1900-01-00 00:00:00,,C8:34:8E:2C:B6:E4,-47,,0.000000,0.000000,0.000,0.000,Client
2026-04-10 13:21:11,1900-01-00 00:00:00,,C8:34:8E:2C:B6:E4,-48,,0.000000,0.000000,0.000,0.000,Client
2026-04-10 13:21:11,1900-01-00 00:00:00,,C8:34:8E:2C:B6:E4,-47,,0.000000,0.000000,0.000,0.000,Client
2026-04-10 13:21:11,1900-01-00 00:00:00,,C8:34:8E:2C:B6:E4,-48,,0.000000,0.000000,0.000,0.000,Client
2026-04-10 13:21:11,1900-01-00 00:00:00,1008-wombat,B8:27:EB:CA:A1:3C,-43, WPA ,0.000000,0.000000,0.000,0.000,AP
2026-04-10 13:21:11,1900-01-00 00:00:00,,C8:34:8E:2C:B6:E4,-47,,0.000000,0.000000,0.000,0.000,Client
2026-04-10 13:21:11,1900-01-00 00:00:00,,C8:34:8E:2C:B6:E4,-47,,0.000000,0.000000,0.000,0.000,Client
2026-04-10 13:21:11,1900-01-00 00:00:00,1008-wombat,B8:27:EB:CA:A1:3C,-43, WPA ,0.000000,0.000000,0.000,0.000,AP
2026-04-10 13:21:11,1900-01-00 00:00:00,1008-wombat,B8:27:EB:CA:A1:3C,-42, WPA ,0.000000,0.000000,0.000,0.000,AP
2026-04-10 13:21:11,1900-01-00 00:00:00,,C8:34:8E:2C:B6:E4,-47,,0.000000,0.000000,0.000,0.000,Client
2026-04-10 13:21:11,1900-01-00 00:00:00,,C8:34:8E:2C:B6:E4,-47,,0.000000,0.000000,0.000,0.000,Client
2026-04-10 13:21:11,1900-01-00 00:00:00,1008-wombat,B8:27:EB:CA:A1:3C,-43, WPA ,0.000000,0.000000,0.000,0.000,AP
2026-04-10 13:21:11,1900-01-00 00:00:00,,C8:34:8E:2C:B6:E4,-48,,0.000000,0.000000,0.000,0.000,Client
2026-04-10 13:21:11,1900-01-00 00:00:00,,C8:34:8E:2C:B6:E4,-47,,0.000000,0.000000,0.000,0.000,Client
2026-04-10 13:21:11,1900-01-00 00:00:00,1008-wombat,B8:27:EB:CA:A1:3C,-43, WPA ,0.000000,0.000000,0.000,0.000,AP
2026-04-10 13:21:11,1900-01-00 00:00:00,1008-wombat,B8:27:EB:CA:A1:3C,-40, WPA ,0.000000,0.000000,0.000,0.000,AP
2026-04-10 13:21:11,1900-01-00 00:00:00,1008-wombat,B8:27:EB:CA:A1:3C,-43, WPA ,0.000000,0.000000,0.000,0.000,AP
2026-04-10 13:21:11,1900-01-00 00:00:00,1008-wombat,B8:27:EB:CA:A1:3C,-44, WPA ,0.000000,0.000000,0.000,0.000,AP
2026-04-10 13:21:11,1900-01-00 00:00:00,,C8:34:8E:2C:B6:E4,-47,,0.000000,0.000000,0.000,0.000,Client
2026-04-10 13:21:11,1900-01-00 00:00:00,,C8:34:8E:2C:B6:E4,-47,,0.000000,0.000000,0.000,0.000,Client
2026-04-10 13:21:11,1900-01-00 00:00:00,1008-wombat,B8:27:EB:CA:A1:3C,-44, WPA ,0.000000,0.000000,0.000,0.000,AP
2026-04-10 13:21:11,1900-01-00 00:00:00,,C8:34:8E:2C:B6:E4,-47,,0.000000,0.000000,0.000,0.000,Client
2026-04-10 13:21:11,1900-01-00 00:00:00,1008-wombat,B8:27:EB:CA:A1:3C,-44, WPA ,0.000000,0.000000,0.000,0.000,AP
2026-04-10 13:21:11,1900-01-00 00:00:00,,C8:34:8E:2C:B6:E4,-47,,0.000000,0.000000,0.000,0.000,Client
2026-04-10 13:21:11,1900-01-00 00:00:00,1008-wombat,B8:27:EB:CA:A1:3C,-43, WPA ,0.000000,0.000000,0.000,0.000,AP
2026-04-10 13:21:11,1900-01-00 00:00:00,1008-wombat,B8:27:EB:CA:A1:3C,-42, WPA ,0.000000,0.000000,0.000,0.000,AP
2026-04-10 13:21:11,1900-01-00 00:00:00,1008-wombat,B8:27:EB:CA:A1:3C,-43, WPA ,0.000000,0.000000,0.000,0.000,AP
2026-04-10 13:21:11,1900-01-00 00:00:00,1008-wombat,B8:27:EB:CA:A1:3C,-43, WPA ,0.000000,0.000000,0.000,0.000,AP
2026-04-10 13:21:11,1900-01-00 00:00:00,1008-wombat,B8:27:EB:CA:A1:3C,-43, WPA ,0.000000,0.000000,0.000,0.000,AP
2026-04-10 13:21:11,1900-01-00 00:00:00,,C8:34:8E:2C:B6:E4,-47,,0.000000,0.000000,0.000,0.000,Client
2026-04-10 13:21:11,1900-01-00 00:00:00,,C8:34:8E:2C:B6:E4,-47,,0.000000,0.000000,0.000,0.000,Client
2026-04-10 13:21:11,1900-01-00 00:00:00,1008-wombat,B8:27:EB:CA:A1:3C,-43, WPA ,0.000000,0.000000,0.000,0.000,AP
2026-04-10 13:21:11,1900-01-00 00:00:00,,C8:34:8E:2C:B6:E4,-48,,0.000000,0.000000,0.000,0.000,Client
2026-04-10 13:21:11,1900-01-00 00:00:00,1008-wombat,B8:27:EB:CA:A1:3C,-43, WPA ,0.000000,0.000000,0.000,0.000,AP
2026-04-10 13:21:11,1900-01-00 00:00:00,,C8:34:8E:2C:B6:E4,-48,,0.000000,0.000000,0.000,0.000,Client
2026-04-10 13:21:11,1900-01-00 00:00:00,1008-wombat,B8:27:EB:CA:A1:3C,-41, WPA ,0.000000,0.000000,0.000,0.000,AP
2026-04-10 13:21:11,1900-01-00 00:00:00,1008-wombat,B8:27:EB:CA:A1:3C,-44, WPA ,0.000000,0.000000,0.000,0.000,AP
2026-04-10 13:21:11,1900-01-00 00:00:00,1008-wombat,B8:27:EB:CA:A1:3C,-44, WPA ,0.000000,0.000000,0.000,0.000,AP
2026-04-10 13:21:11,1900-01-00 00:00:00,1008-wombat,B8:27:EB:CA:A1:3C,-43, WPA ,0.000000,0.000000,0.000,0.000,AP
2026-04-10 13:21:11,1900-01-00 00:00:00,1008-wombat,B8:27:EB:CA:A1:3C,-43, WPA ,0.000000,0.000000,0.000,0.000,AP
2026-04-10 13:21:11,1900-01-00 00:00:00,1008-wombat,B8:27:EB:CA:A1:3C,-43, WPA ,0.000000,0.000000,0.000,0.000,AP
2026-04-10 13:21:11,1900-01-00 00:00:00,1008-wombat,B8:27:EB:CA:A1:3C,-43, WPA ,0.000000,0.000000,0.000,0.000,AP
2026-04-10 13:21:11,1900-01-00 00:00:00,1008-wombat,B8:27:EB:CA:A1:3C,-43, WPA ,0.000000,0.000000,0.000,0.000,AP
2026-04-10 13:21:11,1900-01-00 00:00:00,,C8:34:8E:2C:B6:E4,-48,,0.000000,0.000000,0.000,0.000,Client
2026-04-10 13:21:11,1900-01-00 00:00:00,,C8:34:8E:2C:B6:E4,-47,,0.000000,0.000000,0.000,0.000,Client
2026-04-10 13:21:11,1900-01-00 00:00:00,1008-wombat,B8:27:EB:CA:A1:3C,-43, WPA ,0.000000,0.000000,0.000,0.000,AP
2026-04-10 13:21:11,1900-01-00 00:00:00,1008-wombat,B8:27:EB:CA:A1:3C,-43, WPA ,0.000000,0.000000,0.000,0.000,AP
2026-04-10 13:21:11,1900-01-00 00:00:00,,C8:34:8E:2C:B6:E4,-47,,0.000000,0.000000,0.000,0.000,Client
2026-04-10 13:21:11,1900-01-00 00:00:00,1008-wombat,B8:27:EB:CA:A1:3C,-42, WPA ,0.000000,0.000000,0.000,0.000,AP
2026-04-10 13:21:11,1900-01-00 00:00:00,,C8:34:8E:2C:B6:E4,-47,,0.000000,0.000000,0.000,0.000,Client
2026-04-10 13:21:11,1900-01-00 00:00:00,,C8:34:8E:2C:B6:E4,-47,,0.000000,0.000000,0.000,0.000,Client
2026-04-10 13:21:11,1900-01-00 00:00:00,,C8:34:8E:2C:B6:E4,-47,,0.000000,0.000000,0.000,0.000,Client
2026-04-10 13:21:11,1900-01-00 00:00:00,1008-wombat,B8:27:EB:CA:A1:3C,-40, WPA ,0.000000,0.000000,0.000,0.000,AP
2026-04-10 13:21:11,1900-01-00 00:00:00,,C8:34:8E:2C:B6:E4,-47,,0.000000,0.000000,0.000,0.000,Client
2026-04-10 13:21:11,1900-01-00 00:00:00,,C8:34:8E:2C:B6:E4,-48,,0.000000,0.000000,0.000,0.000,Client
2026-04-10 13:21:11,1900-01-00 00:00:00,,C8:34:8E:2C:B6:E4,-47,,0.000000,0.000000,0.000,0.000,Client
2026-04-10 13:21:11,1900-01-00 00:00:00,,C8:34:8E:2C:B6:E4,-47,,0.000000,0.000000,0.000,0.000,Client
2026-04-10 13:21:11,1900-01-00 00:00:00,1008-wombat,B8:27:EB:CA:A1:3C,-43, WPA ,0.000000,0.000000,0.000,0.000,AP
2026-04-10 13:21:11,1900-01-00 00:00:00,1008-wombat,B8:27:EB:CA:A1:3C,-44, WPA ,0.000000,0.000000,0.000,0.000,AP
2026-04-10 13:21:11,1900-01-00 00:00:00,1008-wombat,B8:27:EB:CA:A1:3C,-44, WPA ,0.000000,0.000000,0.000,0.000,AP
2026-04-10 13:21:11,1900-01-00 00:00:00,,C8:34:8E:2C:B6:E4,-51,,0.000000,0.000000,0.000,0.000,Client
2026-04-10 13:21:11,1900-01-00 00:00:00,1008-wombat,B8:27:EB:CA:A1:3C,-43, WPA ,0.000000,0.000000,0.000,0.000,AP
2026-04-10 13:21:11,1900-01-00 00:00:00,1008-wombat,B8:27:EB:CA:A1:3C,-43, WPA ,0.000000,0.000000,0.000,0.000,AP
2026-04-10 13:21:11,1900-01-00 00:00:00,,C8:34:8E:2C:B6:E4,-49,,0.000000,0.000000,0.000,0.000,Client
2026-04-10 13:21:11,1900-01-00 00:00:00,,C8:34:8E:2C:B6:E4,-49,,0.000000,0.000000,0.000,0.000,Client
2026-04-10 13:21:11,1900-01-00 00:00:00,1008-wombat,B8:27:EB:CA:A1:3C,-43, WPA ,0.000000,0.000000,0.000,0.000,AP
2026-04-10 13:21:11,1900-01-00 00:00:00,1008-wombat,B8:27:EB:CA:A1:3C,-43, WPA ,0.000000,0.000000,0.000,0.000,AP
2026-04-10 13:21:11,1900-01-00 00:00:00,1008-wombat,B8:27:EB:CA:A1:3C,-43, WPA ,0.000000,0.000000,0.000,0.000,AP
2026-04-10 13:21:11,1900-01-00 00:00:00,1008-wombat,B8:27:EB:CA:A1:3C,-43, WPA ,0.000000,0.000000,0.000,0.000,AP
2026-04-10 13:21:11,1900-01-00 00:00:00,,C8:34:8E:2C:B6:E4,-48,,0.000000,0.000000,0.000,0.000,Client
2026-04-10 13:21:11,1900-01-00 00:00:00,1008-wombat,B8:27:EB:CA:A1:3C,-43, WPA ,0.000000,0.000000,0.000,0.000,AP
2026-04-10 13:21:11,1900-01-00 00:00:00,,C8:34:8E:2C:B6:E4,-49,,0.000000,0.000000,0.000,0.000,Client
2026-04-10 13:21:11,1900-01-00 00:00:00,,C8:34:8E:2C:B6:E4,-49,,0.000000,0.000000,0.000,0.000,Client
2026-04-10 13:21:11,1900-01-00 00:00:00,,C8:34:8E:2C:B6:E4,-49,,0.000000,0.000000,0.000,0.000,Client
2026-04-10 13:21:11,1900-01-00 00:00:00,1008-wombat,B8:27:EB:CA:A1:3C,-43, WPA ,0.000000,0.000000,0.000,0.000,AP
2026-04-10 13:21:11,1900-01-00 00:00:00,1008-wombat,B8:27:EB:CA:A1:3C,-43, WPA ,0.000000,0.000000,0.000,0.000,AP
2026-04-10 13:21:11,1900-01-00 00:00:00,1008-wombat,B8:27:EB:CA:A1:3C,-43, WPA ,0.000000,0.000000,0.000,0.000,AP
2026-04-10 13:21:11,1900-01-00 00:00:00,1008-wombat,B8:27:EB:CA:A1:3C,-43, WPA ,0.000000,0.000000,0.000,0.000,AP
2026-04-10 13:21:11,1900-01-00 00:00:00,1008-wombat,B8:27:EB:CA:A1:3C,-43, WPA ,0.000000,0.000000,0.000,0.000,AP
2026-04-10 13:21:11,1900-01-00 00:00:00,,C8:34:8E:2C:B6:E4,-49,,0.000000,0.000000,0.000,0.000,Client
2026-04-10 13:21:11,1900-01-00 00:00:00,1008-wombat,B8:27:EB:CA:A1:3C,-43, WPA ,0.000000,0.000000,0.000,0.000,AP
2026-04-10 13:21:11,1900-01-00 00:00:00,,C8:34:8E:2C:B6:E4,-50,,0.000000,0.000000,0.000,0.000,Client
2026-04-10 13:21:11,1900-01-00 00:00:00,1008-wombat,B8:27:EB:CA:A1:3C,-42, WPA ,0.000000,0.000000,0.000,0.000,AP
2026-04-10 13:21:11,1900-01-00 00:00:00,,C8:34:8E:2C:B6:E4,-50,,0.000000,0.000000,0.000,0.000,Client
2026-04-10 13:21:11,1900-01-00 00:00:00,,C8:34:8E:2C:B6:E4,-50,,0.000000,0.000000,0.000,0.000,Client
2026-04-10 13:21:11,1900-01-00 00:00:00,,C8:34:8E:2C:B6:E4,-49,,0.000000,0.000000,0.000,0.000,Client
2026-04-10 13:21:11,1900-01-00 00:00:00,1008-wombat,B8:27:EB:CA:A1:3C,-43, WPA ,0.000000,0.000000,0.000,0.000,AP
2026-04-10 13:21:11,1900-01-00 00:00:00,1008-wombat,B8:27:EB:CA:A1:3C,-44, WPA ,0.000000,0.000000,0.000,0.000,AP
2026-04-10 13:21:11,1900-01-00 00:00:00,1008-wombat,B8:27:EB:CA:A1:3C,-42, WPA ,0.000000,0.000000,0.000,0.000,AP
2026-04-10 13:21:11,1900-01-00 00:00:00,1008-wombat,B8:27:EB:CA:A1:3C,-42, WPA ,0.000000,0.000000,0.000,0.000,AP
2026-04-10 13:21:11,1900-01-00 00:00:00,1008-wombat,B8:27:EB:CA:A1:3C,-42, WPA ,0.000000,0.000000,0.000,0.000,AP
2026-04-10 13:21:11,1900-01-00 00:00:00,1008-wombat,B8:27:EB:CA:A1:3C,-40, WPA ,0.000000,0.000000,0.000,0.000,AP
2026-04-10 13:21:11,1900-01-00 00:00:00,,C8:34:8E:2C:B6:E4,-49,,0.000000,0.000000,0.000,0.000,Client
2026-04-10 13:21:11,1900-01-00 00:00:00,1008-wombat,B8:27:EB:CA:A1:3C,-42, WPA ,0.000000,0.000000,0.000,0.000,AP
2026-04-10 13:21:11,1900-01-00 00:00:00,1008-wombat,B8:27:EB:CA:A1:3C,-43, WPA ,0.000000,0.000000,0.000,0.000,AP
2026-04-10 13:21:12,1900-01-00 00:00:00,1008-wombat,B8:27:EB:CA:A1:3C,-44, WPA ,0.000000,0.000000,0.000,0.000,AP
2026-04-10 13:21:12,1900-01-00 00:00:00,1008-wombat,B8:27:EB:CA:A1:3C,-44, WPA ,0.000000,0.000000,0.000,0.000,AP
2026-04-10 13:21:12,1900-01-00 00:00:00,,C8:34:8E:2C:B6:E4,-50,,0.000000,0.000000,0.000,0.000,Client
2026-04-10 13:21:12,1900-01-00 00:00:00,,C8:34:8E:2C:B6:E4,-50,,0.000000,0.000000,0.000,0.000,Client
2026-04-10 13:21:12,1900-01-00 00:00:00,1008-wombat,B8:27:EB:CA:A1:3C,-42, WPA ,0.000000,0.000000,0.000,0.000,AP
2026-04-10 13:21:12,1900-01-00 00:00:00,1008-wombat,B8:27:EB:CA:A1:3C,-42, WPA ,0.000000,0.000000,0.000,0.000,AP
2026-04-10 13:21:12,1900-01-00 00:00:00,,C8:34:8E:2C:B6:E4,-49,,0.000000,0.000000,0.000,0.000,Client
2026-04-10 13:21:12,1900-01-00 00:00:00,1008-wombat,B8:27:EB:CA:A1:3C,-42, WPA ,0.000000,0.000000,0.000,0.000,AP
2026-04-10 13:21:12,1900-01-00 00:00:00,,C8:34:8E:2C:B6:E4,-50,,0.000000,0.000000,0.000,0.000,Client
2026-04-10 13:21:12,1900-01-00 00:00:00,1008-wombat,B8:27:EB:CA:A1:3C,-42, WPA ,0.000000,0.000000,0.000,0.000,AP
2026-04-10 13:21:12,1900-01-00 00:00:00,,C8:34:8E:2C:B6:E4,-49,,0.000000,0.000000,0.000,0.000,Client
2026-04-10 13:21:12,1900-01-00 00:00:00,,C8:34:8E:2C:B6:E4,-49,,0.000000,0.000000,0.000,0.000,Client
2026-04-10 13:21:12,1900-01-00 00:00:00,,C8:34:8E:2C:B6:E4,-49,,0.000000,0.000000,0.000,0.000,Client
2026-04-10 13:21:12,1900-01-00 00:00:00,1008-wombat,B8:27:EB:CA:A1:3C,-42, WPA ,0.000000,0.000000,0.000,0.000,AP
2026-04-10 13:21:12,1900-01-00 00:00:00,1008-wombat,B8:27:EB:CA:A1:3C,-43, WPA ,0.000000,0.000000,0.000,0.000,AP
2026-04-10 13:21:12,1900-01-00 00:00:00,,C8:34:8E:2C:B6:E4,-48,,0.000000,0.000000,0.000,0.000,Client
2026-04-10 13:21:12,1900-01-00 00:00:00,1008-wombat,B8:27:EB:CA:A1:3C,-42, WPA ,0.000000,0.000000,0.000,0.000,AP
2026-04-10 13:21:12,1900-01-00 00:00:00,,C8:34:8E:2C:B6:E4,-48,,0.000000,0.000000,0.000,0.000,Client
2026-04-10 13:21:12,1900-01-00 00:00:00,,C8:34:8E:2C:B6:E4,-49,,0.000000,0.000000,0.000,0.000,Client
2026-04-10 13:21:12,1900-01-00 00:00:00,1008-wombat,B8:27:EB:CA:A1:3C,-40, WPA ,0.000000,0.000000,0.000,0.000,AP
2026-04-10 13:21:12,1900-01-00 00:00:00,,C8:34:8E:2C:B6:E4,-49,,0.000000,0.000000,0.000,0.000,Client
2026-04-10 13:21:12,1900-01-00 00:00:00,,C8:34:8E:2C:B6:E4,-48,,0.000000,0.000000,0.000,0.000,Client
2026-04-10 13:21:12,1900-01-00 00:00:00,1008-wombat,B8:27:EB:CA:A1:3C,-40, WPA ,0.000000,0.000000,0.000,0.000,AP
2026-04-10 13:21:12,1900-01-00 00:00:00,1008-wombat,B8:27:EB:CA:A1:3C,-44, WPA ,0.000000,0.000000,0.000,0.000,AP
2026-04-10 13:21:12,1900-01-00 00:00:00,,C8:34:8E:2C:B6:E4,-49,,0.000000,0.000000,0.000,0.000,Client
2026-04-10 13:21:12,1900-01-00 00:00:00,1008-wombat,B8:27:EB:CA:A1:3C,-42, WPA ,0.000000,0.000000,0.000,0.000,AP
2026-04-10 13:21:12,1900-01-00 00:00:00,,C8:34:8E:2C:B6:E4,-48,,0.000000,0.000000,0.000,0.000,Client
2026-04-10 13:21:12,1900-01-00 00:00:00,1008-wombat,B8:27:EB:CA:A1:3C,-41, WPA ,0.000000,0.000000,0.000,0.000,AP
2026-04-10 13:21:12,1900-01-00 00:00:00,1008-wombat,B8:27:EB:CA:A1:3C,-45, WPA ,0.000000,0.000000,0.000,0.000,AP
2026-04-10 13:21:12,1900-01-00 00:00:00,,C8:34:8E:2C:B6:E4,-48,,0.000000,0.000000,0.000,0.000,Client
2026-04-10 13:21:12,1900-01-00 00:00:00,1008-wombat,B8:27:EB:CA:A1:3C,-41, WPA ,0.000000,0.000000,0.000,0.000,AP
2026-04-10 13:21:12,1900-01-00 00:00:00,,C8:34:8E:2C:B6:E4,-49,,0.000000,0.000000,0.000,0.000,Client
2026-04-10 13:21:12,1900-01-00 00:00:00,1008-wombat,B8:27:EB:CA:A1:3C,-42, WPA ,0.000000,0.000000,0.000,0.000,AP
2026-04-10 13:21:12,1900-01-00 00:00:00,,C8:34:8E:2C:B6:E4,-48,,0.000000,0.000000,0.000,0.000,Client
2026-04-10 13:21:12,1900-01-00 00:00:00,,C8:34:8E:2C:B6:E4,-49,,0.000000,0.000000,0.000,0.000,Client
2026-04-10 13:21:12,1900-01-00 00:00:00,1008-wombat,B8:27:EB:CA:A1:3C,-43, WPA ,0.000000,0.000000,0.000,0.000,AP
2026-04-10 13:21:12,1900-01-00 00:00:00,1008-wombat,B8:27:EB:CA:A1:3C,-42, WPA ,0.000000,0.000000,0.000,0.000,AP
2026-04-10 13:21:12,1900-01-00 00:00:00,1008-wombat,B8:27:EB:CA:A1:3C,-42, WPA ,0.000000,0.000000,0.000,0.000,AP
2026-04-10 13:21:12,1900-01-00 00:00:00,,C8:34:8E:2C:B6:E4,-49,,0.000000,0.000000,0.000,0.000,Client
2026-04-10 13:21:12,1900-01-00 00:00:00,,C8:34:8E:2C:B6:E4,-48,,0.000000,0.000000,0.000,0.000,Client
2026-04-10 13:21:12,1900-01-00 00:00:00,1008-wombat,B8:27:EB:CA:A1:3C,-42, WPA ,0.000000,0.000000,0.000,0.000,AP
2026-04-10 13:21:12,1900-01-00 00:00:00,1008-wombat,B8:27:EB:CA:A1:3C,-42, WPA ,0.000000,0.000000,0.000,0.000,AP
2026-04-10 13:21:12,1900-01-00 00:00:00,,C8:34:8E:2C:B6:E4,-49,,0.000000,0.000000,0.000,0.000,Client
2026-04-10 13:21:12,1900-01-00 00:00:00,1008-wombat,B8:27:EB:CA:A1:3C,-42, WPA ,0.000000,0.000000,0.000,0.000,AP
2026-04-10 13:21:12,1900-01-00 00:00:00,,C8:34:8E:2C:B6:E4,-48,,0.000000,0.000000,0.000,0.000,Client
2026-04-10 13:21:12,1900-01-00 00:00:00,1008-wombat,B8:27:EB:CA:A1:3C,-45, WPA ,0.000000,0.000000,0.000,0.000,AP
2026-04-10 13:21:12,1900-01-00 00:00:00,1008-wombat,B8:27:EB:CA:A1:3C,-44, WPA ,0.000000,0.000000,0.000,0.000,AP
2026-04-10 13:21:12,1900-01-00 00:00:00,1008-wombat,B8:27:EB:CA:A1:3C,-43, WPA ,0.000000,0.000000,0.000,0.000,AP
2026-04-10 13:21:12,1900-01-00 00:00:00,,C8:34:8E:2C:B6:E4,-49,,0.000000,0.000000,0.000,0.000,Client
2026-04-10 13:21:12,1900-01-00 00:00:00,1008-wombat,B8:27:EB:CA:A1:3C,-40, WPA ,0.000000,0.000000,0.000,0.000,AP
2026-04-10 13:21:12,1900-01-00 00:00:00,,C8:15:4E:20:C7:81,-48,,0.000000,0.000000,0.000,0.000,Client
2026-04-10 13:21:12,1900-01-00 00:00:00,1008-wombat,B8:27:EB:CA:A1:3C,-44, WPA ,0.000000,0.000000,0.000,0.000,AP
2026-04-10 13:21:12,1900-01-00 00:00:00,,C8:15:4E:20:C7:81,-47,,0.000000,0.000000,0.000,0.000,Client
2026-04-10 13:21:12,1900-01-00 00:00:00,1008-wombat,B8:27:EB:CA:A1:3C,-42, WPA ,0.000000,0.000000,0.000,0.000,AP
2026-04-10 13:21:12,1900-01-00 00:00:00,1008-wombat,B8:27:EB:CA:A1:3C,-43, WPA ,0.000000,0.000000,0.000,0.000,AP
2026-04-10 13:21:12,1900-01-00 00:00:00,,C8:15:4E:20:C7:81,-47,,0.000000,0.000000,0.000,0.000,Client
2026-04-10 13:21:12,1900-01-00 00:00:00,1008-wombat,B8:27:EB:CA:A1:3C,-42, WPA ,0.000000,0.000000,0.000,0.000,AP
2026-04-10 13:21:12,1900-01-00 00:00:00,,C8:15:4E:20:C7:81,-47,,0.000000,0.000000,0.000,0.000,Client
2026-04-10 13:21:12,1900-01-00 00:00:00,1008-wombat,B8:27:EB:CA:A1:3C,-43, WPA ,0.000000,0.000000,0.000,0.000,AP
2026-04-10 13:21:12,1900-01-00 00:00:00,,C8:15:4E:20:C7:81,-47,,0.000000,0.000000,0.000,0.000,Client
2026-04-10 13:21:12,1900-01-00 00:00:00,,C8:15:4E:20:C7:81,-47,,0.000000,0.000000,0.000,0.000,Client
2026-04-10 13:21:12,1900-01-00 00:00:00,,C8:15:4E:20:C7:81,-47,,0.000000,0.000000,0.000,0.000,Client
2026-04-10 13:21:12,1900-01-00 00:00:00,1008-wombat,B8:27:EB:CA:A1:3C,-43, WPA ,0.000000,0.000000,0.000,0.000,AP
2026-04-10 13:21:12,1900-01-00 00:00:00,,C8:15:4E:20:C7:81,-47,,0.000000,0.000000,0.000,0.000,Client
2026-04-10 13:21:12,1900-01-00 00:00:00,,C8:15:4E:20:C7:81,-46,,0.000000,0.000000,0.000,0.000,Client
2026-04-10 13:21:12,1900-01-00 00:00:00,,C8:15:4E:20:C7:81,-47,,0.000000,0.000000,0.000,0.000,Client
2026-04-10 13:21:12,1900-01-00 00:00:00,,C8:15:4E:20:C7:81,-47,,0.000000,0.000000,0.000,0.000,Client
2026-04-10 13:21:12,1900-01-00 00:00:00,,C8:15:4E:20:C7:81,-47,,0.000000,0.000000,0.000,0.000,Client
2026-04-10 13:21:12,1900-01-00 00:00:00,1008-wombat,B8:27:EB:CA:A1:3C,-40, WPA ,0.000000,0.000000,0.000,0.000,AP
2026-04-10 13:21:12,1900-01-00 00:00:00,,C8:15:4E:20:C7:81,-47,,0.000000,0.000000,0.000,0.000,Client
2026-04-10 13:21:12,1900-01-00 00:00:00,1008-wombat,B8:27:EB:CA:A1:3C,-44, WPA ,0.000000,0.000000,0.000,0.000,AP
2026-04-10 13:21:12,1900-01-00 00:00:00,,C8:15:4E:20:C7:81,-47,,0.000000,0.000000,0.000,0.000,Client
2026-04-10 13:21:12,1900-01-00 00:00:00,1008-wombat,B8:27:EB:CA:A1:3C,-42, WPA ,0.000000,0.000000,0.000,0.000,AP
2026-04-10 13:21:12,1900-01-00 00:00:00,1008-wombat,B8:27:EB:CA:A1:3C,-43, WPA ,0.000000,0.000000,0.000,0.000,AP
2026-04-10 13:21:12,1900-01-00 00:00:00,,C8:15:4E:20:C7:81,-46,,0.000000,0.000000,0.000,0.000,Client
2026-04-10 13:21:12,1900-01-00 00:00:00,1008-wombat,B8:27:EB:CA:A1:3C,-45, WPA ,0.000000,0.000000,0.000,0.000,AP
2026-04-10 13:21:12,1900-01-00 00:00:00,1008-wombat,B8:27:EB:CA:A1:3C,-45, WPA ,0.000000,0.000000,0.000,0.000,AP
2026-04-10 13:21:12,1900-01-00 00:00:00,1008-wombat,B8:27:EB:CA:A1:3C,-45, WPA ,0.000000,0.000000,0.000,0.000,AP
2026-04-10 13:21:12,1900-01-00 00:00:00,1008-wombat,B8:27:EB:CA:A1:3C,-44, WPA ,0.000000,0.000000,0.000,0.000,AP
2026-04-10 13:21:12,1900-01-00 00:00:00,,C8:15:4E:20:C7:81,-47,,0.000000,0.000000,0.000,0.000,Client
2026-04-10 13:21:12,1900-01-00 00:00:00,,C8:15:4E:20:C7:81,-47,,0.000000,0.000000,0.000,0.000,Client
2026-04-10 13:21:12,1900-01-00 00:00:00,,C8:15:4E:20:C7:81,-47,,0.000000,0.000000,0.000,0.000,Client
2026-04-10 13:21:12,1900-01-00 00:00:00,1008-wombat,B8:27:EB:CA:A1:3C,-40, WPA ,0.000000,0.000000,0.000,0.000,AP
2026-04-10 13:21:12,1900-01-00 00:00:00,,C8:15:4E:20:C7:81,-47,,0.000000,0.000000,0.000,0.000,Client
2026-04-10 13:21:12,1900-01-00 00:00:00,1008-wombat,B8:27:EB:CA:A1:3C,-43, WPA ,0.000000,0.000000,0.000,0.000,AP
2026-04-10 13:21:12,1900-01-00 00:00:00,,C8:15:4E:20:C7:81,-47,,0.000000,0.000000,0.000,0.000,Client
2026-04-10 13:21:12,1900-01-00 00:00:00,,C8:15:4E:20:C7:81,-47,,0.000000,0.000000,0.000,0.000,Client
2026-04-10 13:21:12,1900-01-00 00:00:00,,C8:15:4E:20:C7:81,-47,,0.000000,0.000000,0.000,0.000,Client
2026-04-10 13:21:12,1900-01-00 00:00:00,,C8:15:4E:20:C7:81,-47,,0.000000,0.000000,0.000,0.000,Client
2026-04-10 13:21:12,1900-01-00 00:00:00,,C8:15:4E:20:C7:81,-47,,0.000000,0.000000,0.000,0.000,Client
2026-04-10 13:21:12,1900-01-00 00:00:00,1008-wombat,B8:27:EB:CA:A1:3C,-44, WPA ,0.000000,0.000000,0.000,0.000,AP
2026-04-10 13:21:12,1900-01-00 00:00:00,,C8:15:4E:20:C7:81,-47,,0.000000,0.000000,0.000,0.000,Client
2026-04-10 13:21:12,1900-01-00 00:00:00,,C8:15:4E:20:C7:81,-47,,0.000000,0.000000,0.000,0.000,Client
2026-04-10 13:21:12,1900-01-00 00:00:00,1008-wombat,B8:27:EB:CA:A1:3C,-44, WPA ,0.000000,0.000000,0.000,0.000,AP
2026-04-10 13:21:12,1900-01-00 00:00:00,,C8:15:4E:20:C7:81,-47,,0.000000,0.000000,0.000,0.000,Client
2026-04-10 13:21:12,1900-01-00 00:00:00,1008-wombat,B8:27:EB:CA:A1:3C,-44, WPA ,0.000000,0.000000,0.000,0.000,AP
2026-04-10 13:21:12,1900-01-00 00:00:00,,C8:15:4E:20:C7:81,-47,,0.000000,0.000000,0.000,0.000,Client
2026-04-10 13:21:12,1900-01-00 00:00:00,,C8:15:4E:20:C7:81,-47,,0.000000,0.000000,0.000,0.000,Client
2026-04-10 13:21:12,1900-01-00 00:00:00,,C8:15:4E:20:C7:81,-47,,0.000000,0.000000,0.000,0.000,Client
2026-04-10 13:21:12,1900-01-00 00:00:00,,C8:15:4E:20:C7:81,-47,,0.000000,0.000000,0.000,0.000,Client
2026-04-10 13:21:12,1900-01-00 00:00:00,,C8:15:4E:20:C7:81,-47,,0.000000,0.000000,0.000,0.000,Client
2026-04-10 13:21:12,1900-01-00 00:00:00,,C8:15:4E:20:C7:81,-47,,0.000000,0.000000,0.000,0.000,Client
2026-04-10 13:21:12,1900-01-00 00:00:00,1008-wombat,B8:27:EB:CA:A1:3C,-42, WPA ,0.000000,0.000000,0.000,0.000,AP
2026-04-10 13:21:12,1900-01-00 00:00:00,,C8:15:4E:20:C7:81,-47,,0.000000,0.000000,0.000,0.000,Client
2026-04-10 13:21:12,1900-01-00 00:00:00,,C8:15:4E:20:C7:81,-47,,0.000000,0.000000,0.000,0.000,Client
2026-04-10 13:21:12,1900-01-00 00:00:00,,C8:15:4E:20:C7:81,-47,,0.000000,0.000000,0.000,0.000,Client
2026-04-10 13:21:12,1900-01-00 00:00:00,,C8:15:4E:20:C7:81,-47,,0.000000,0.000000,0.000,0.000,Client
2026-04-10 13:21:12,1900-01-00 00:00:00,,C8:15:4E:20:C7:81,-47,,0.000000,0.000000,0.000,0.000,Client
2026-04-10 13:21:12,1900-01-00 00:00:00,1008-wombat,B8:27:EB:CA:A1:3C,-42, WPA ,0.000000,0.000000,0.000,0.000,AP
2026-04-10 13:21:12,1900-01-00 00:00:00,1008-wombat,B8:27:EB:CA:A1:3C,-42, WPA ,0.000000,0.000000,0.000,0.000,AP
2026-04-10 13:21:12,1900-01-00 00:00:00,,C8:15:4E:20:C7:81,-47,,0.000000,0.000000,0.000,0.000,Client
2026-04-10 13:21:12,1900-01-00 00:00:00,,C8:15:4E:20:C7:81,-47,,0.000000,0.000000,0.000,0.000,Client
2026-04-10 13:21:12,1900-01-00 00:00:00,1008-wombat,B8:27:EB:CA:A1:3C,-42, WPA ,0.000000,0.000000,0.000,0.000,AP
2026-04-10 13:21:12,1900-01-00 00:00:00,,C8:15:4E:20:C7:81,-47,,0.000000,0.000000,0.000,0.000,Client
2026-04-10 13:21:12,1900-01-00 00:00:00,,C8:15:4E:20:C7:81,-47,,0.000000,0.000000,0.000,0.000,Client
2026-04-10 13:21:12,1900-01-00 00:00:00,1008-wombat,B8:27:EB:CA:A1:3C,-41, WPA ,0.000000,0.000000,0.000,0.000,AP
2026-04-10 13:21:12,1900-01-00 00:00:00,,C8:15:4E:20:C7:81,-47,,0.000000,0.000000,0.000,0.000,Client
2026-04-10 13:21:12,1900-01-00 00:00:00,,C8:15:4E:20:C7:81,-47,,0.000000,0.000000,0.000,0.000,Client
2026-04-10 13:21:12,1900-01-00 00:00:00,,C8:15:4E:20:C7:81,-48,,0.000000,0.000000,0.000,0.000,Client
2026-04-10 13:21:12,1900-01-00 00:00:00,,C8:15:4E:20:C7:81,-48,,0.000000,0.000000,0.000,0.000,Client
2026-04-10 13:21:12,1900-01-00 00:00:00,,C8:15:4E:20:C7:81,-48,,0.000000,0.000000,0.000,0.000,Client
2026-04-10 13:21:12,1900-01-00 00:00:00,1008-wombat,B8:27:EB:CA:A1:3C,-45, WPA ,0.000000,0.000000,0.000,0.000,AP
2026-04-10 13:21:12,1900-01-00 00:00:00,1008-wombat,B8:27:EB:CA:A1:3C,-42, WPA ,0.000000,0.000000,0.000,0.000,AP
2026-04-10 13:21:12,1900-01-00 00:00:00,1008-wombat,B8:27:EB:CA:A1:3C,-44, WPA ,0.000000,0.000000,0.000,0.000,AP
2026-04-10 13:21:12,1900-01-00 00:00:00,,C8:15:4E:20:C7:81,-47,,0.000000,0.000000,0.000,0.000,Client
2026-04-10 13:21:12,1900-01-00 00:00:00,,C8:15:4E:20:C7:81,-48,,0.000000,0.000000,0.000,0.000,Client
2026-04-10 13:21:12,1900-01-00 00:00:00,1008-wombat,B8:27:EB:CA:A1:3C,-40, WPA ,0.000000,0.000000,0.000,0.000,AP
2026-04-10 13:21:12,1900-01-00 00:00:00,1008-wombat,B8:27:EB:CA:A1:3C,-44, WPA ,0.000000,0.000000,0.000,0.000,AP
2026-04-10 13:21:12,1900-01-00 00:00:00,,C8:15:4E:20:C7:81,-47,,0.000000,0.000000,0.000,0.000,Client
2026-04-10 13:21:12,1900-01-00 00:00:00,,C8:15:4E:20:C7:81,-47,,0.000000,0.000000,0.000,0.000,Client
2026-04-10 13:21:12,1900-01-00 00:00:00,,C8:15:4E:20:C7:81,-47,,0.000000,0.000000,0.000,0.000,Client
2026-04-10 13:21:12,1900-01-00 00:00:00,,C8:15:4E:20:C7:81,-48,,0.000000,0.000000,0.000,0.000,Client
2026-04-10 13:21:12,1900-01-00 00:00:00,1008-wombat,B8:27:EB:CA:A1:3C,-40, WPA ,0.000000,0.000000,0.000,0.000,AP
2026-04-10 13:21:12,1900-01-00 00:00:00,,C8:15:4E:20:C7:81,-48,,0.000000,0.000000,0.000,0.000,Client
2026-04-10 13:21:12,1900-01-00 00:00:00,,C8:15:4E:20:C7:81,-47,,0.000000,0.000000,0.000,0.000,Client
2026-04-10 13:21:12,1900-01-00 00:00:00,,C8:15:4E:20:C7:81,-47,,0.000000,0.000000,0.000,0.000,Client
2026-04-10 13:21:12,1900-01-00 00:00:00,1008-wombat,B8:27:EB:CA:A1:3C,-39, WPA ,0.000000,0.000000,0.000,0.000,AP
2026-04-10 13:21:12,1900-01-00 00:00:00,1008-wombat,B8:27:EB:CA:A1:3C,-44, WPA ,0.000000,0.000000,0.000,0.000,AP
2026-04-10 13:21:12,1900-01-00 00:00:00,1008-wombat,B8:27:EB:CA:A1:3C,-45, WPA ,0.000000,0.000000,0.000,0.000,AP
2026-04-10 13:21:12,1900-01-00 00:00:00,,C8:34:8E:2C:B6:E4,-48,,0.000000,0.000000,0.000,0.000,Client
2026-04-10 13:21:12,1900-01-00 00:00:00,,C8:15:4E:20:C7:81,-47,,0.000000,0.000000,0.000,0.000,Client
2026-04-10 13:21:12,1900-01-00 00:00:00,,C8:15:4E:20:C7:81,-47,,0.000000,0.000000,0.000,0.000,Client
2026-04-10 13:21:12,1900-01-00 00:00:00,,C8:15:4E:20:C7:81,-47,,0.000000,0.000000,0.000,0.000,Client
2026-04-10 13:21:12,1900-01-00 00:00:00,1008-wombat,B8:27:EB:CA:A1:3C,-42, WPA ,0.000000,0.000000,0.000,0.000,AP
2026-04-10 13:21:12,1900-01-00 00:00:00,1008-wombat,B8:27:EB:CA:A1:3C,-42, WPA ,0.000000,0.000000,0.000,0.000,AP
2026-04-10 13:21:12,1900-01-00 00:00:00,1008-wombat,B8:27:EB:CA:A1:3C,-43, WPA ,0.000000,0.000000,0.000,0.000,AP
2026-04-10 13:21:12,1900-01-00 00:00:00,1008-wombat,B8:27:EB:CA:A1:3C,-46, WPA ,0.000000,0.000000,0.000,0.000,AP
2026-04-10 13:21:12,1900-01-00 00:00:00,,C8:15:4E:20:C7:81,-49,,0.000000,0.000000,0.000,0.000,Client
2026-04-10 13:21:12,1900-01-00 00:00:00,,C8:15:4E:20:C7:81,-47,,0.000000,0.000000,0.000,0.000,Client
2026-04-10 13:21:12,1900-01-00 00:00:00,,C8:15:4E:20:C7:81,-49,,0.000000,0.000000,0.000,0.000,Client
2026-04-10 13:21:12,1900-01-00 00:00:00,,C8:15:4E:20:C7:81,-49,,0.000000,0.000000,0.000,0.000,Client
2026-04-10 13:21:12,1900-01-00 00:00:00,,C8:15:4E:20:C7:81,-49,,0.000000,0.000000,0.000,0.000,Client
2026-04-10 13:21:12,1900-01-00 00:00:00,,C8:15:4E:20:C7:81,-48,,0.000000,0.000000,0.000,0.000,Client
2026-04-10 13:21:12,1900-01-00 00:00:00,1008-wombat,B8:27:EB:CA:A1:3C,-42, WPA ,0.000000,0.000000,0.000,0.000,AP
2026-04-10 13:21:12,1900-01-00 00:00:00,1008-wombat,B8:27:EB:CA:A1:3C,-44, WPA ,0.000000,0.000000,0.000,0.000,AP
2026-04-10 13:21:12,1900-01-00 00:00:00,1008-wombat,B8:27:EB:CA:A1:3C,-45, WPA ,0.000000,0.000000,0.000,0.000,AP
2026-04-10 13:21:12,1900-01-00 00:00:00,1008-wombat,B8:27:EB:CA:A1:3C,-45, WPA ,0.000000,0.000000,0.000,0.000,AP
2026-04-10 13:21:12,1900-01-00 00:00:00,,C8:15:4E:20:C7:81,-48,,0.000000,0.000000,0.000,0.000,Client
2026-04-10 13:21:12,1900-01-00 00:00:00,,C8:15:4E:20:C7:81,-48,,0.000000,0.000000,0.000,0.000,Client
2026-04-10 13:21:12,1900-01-00 00:00:00,,C8:15:4E:20:C7:81,-48,,0.000000,0.000000,0.000,0.000,Client
2026-04-10 13:21:12,1900-01-00 00:00:00,,C8:15:4E:20:C7:81,-48,,0.000000,0.000000,0.000,0.000,Client
2026-04-10 13:21:12,1900-01-00 00:00:00,,C8:15:4E:20:C7:81,-48,,0.000000,0.000000,0.000,0.000,Client
2026-04-10 13:21:12,1900-01-00 00:00:00,1008-wombat,B8:27:EB:CA:A1:3C,-45, WPA ,0.000000,0.000000,0.000,0.000,AP
2026-04-10 13:21:12,1900-01-00 00:00:00,,C8:15:4E:20:C7:81,-48,,0.000000,0.000000,0.000,0.000,Client
2026-04-10 13:21:12,1900-01-00 00:00:00,,C8:15:4E:20:C7:81,-49,,0.000000,0.000000,0.000,0.000,Client
2026-04-10 13:21:12,1900-01-00 00:00:00,1008-wombat,B8:27:EB:CA:A1:3C,-46, WPA ,0.000000,0.000000,0.000,0.000,AP
2026-04-10 13:21:12,1900-01-00 00:00:00,1008-wombat,B8:27:EB:CA:A1:3C,-45, WPA ,0.000000,0.000000,0.000,0.000,AP
2026-04-10 13:21:12,1900-01-00 00:00:00,,C8:15:4E:20:C7:81,-48,,0.000000,0.000000,0.000,0.000,Client
2026-04-10 13:21:12,1900-01-00 00:00:00,,C8:15:4E:20:C7:81,-48,,0.000000,0.000000,0.000,0.000,Client
2026-04-10 13:21:12,1900-01-00 00:00:00,,C8:15:4E:20:C7:81,-49,,0.000000,0.000000,0.000,0.000,Client
2026-04-10 13:21:12,1900-01-00 00:00:00,,C8:15:4E:20:C7:81,-48,,0.000000,0.000000,0.000,0.000,Client
2026-04-10 13:21:12,1900-01-00 00:00:00,,C8:15:4E:20:C7:81,-49,,0.000000,0.000000,0.000,0.000,Client
2026-04-10 13:21:12,1900-01-00 00:00:00,,C8:15:4E:20:C7:81,-48,,0.000000,0.000000,0.000,0.000,Client
2026-04-10 13:21:12,1900-01-00 00:00:00,1008-wombat,B8:27:EB:CA:A1:3C,-45, WPA ,0.000000,0.000000,0.000,0.000,AP
2026-04-10 13:21:12,1900-01-00 00:00:00,,C8:15:4E:20:C7:81,-48,,0.000000,0.000000,0.000,0.000,Client
2026-04-10 13:21:12,1900-01-00 00:00:00,,C8:15:4E:20:C7:81,-49,,0.000000,0.000000,0.000,0.000,Client
2026-04-10 13:21:12,1900-01-00 00:00:00,,C8:15:4E:20:C7:81,-48,,0.000000,0.000000,0.000,0.000,Client
2026-04-10 13:21:12,1900-01-00 00:00:00,1008-wombat,B8:27:EB:CA:A1:3C,-45, WPA ,0.000000,0.000000,0.000,0.000,AP
2026-04-10 13:21:12,1900-01-00 00:00:00,1008-wombat,B8:27:EB:CA:A1:3C,-45, WPA ,0.000000,0.000000,0.000,0.000,AP
2026-04-10 13:21:12,1900-01-00 00:00:00,1008-wombat,B8:27:EB:CA:A1:3C,-44, WPA ,0.000000,0.000000,0.000,0.000,AP
2026-04-10 13:21:12,1900-01-00 00:00:00,1008-wombat,B8:27:EB:CA:A1:3C,-43, WPA ,0.000000,0.000000,0.000,0.000,AP
2026-04-10 13:21:12,1900-01-00 00:00:00,1008-wombat,B8:27:EB:CA:A1:3C,-43, WPA ,0.000000,0.000000,0.000,0.000,AP
2026-04-10 13:21:12,1900-01-00 00:00:00,1008-wombat,B8:27:EB:CA:A1:3C,-44, WPA ,0.000000,0.000000,0.000,0.000,AP
2026-04-10 13:21:12,1900-01-00 00:00:00,1008-wombat,B8:27:EB:CA:A1:3C,-44, WPA ,0.000000,0.000000,0.000,0.000,AP
2026-04-10 13:21:12,1900-01-00 00:00:00,1008-wombat,B8:27:EB:CA:A1:3C,-44, WPA ,0.000000,0.000000,0.000,0.000,AP
2026-04-10 13:21:12,1900-01-00 00:00:00,1008-wombat,B8:27:EB:CA:A1:3C,-43, WPA ,0.000000,0.000000,0.000,0.000,AP
2026-04-10 13:21:12,1900-01-00 00:00:00,1008-wombat,B8:27:EB:CA:A1:3C,-44, WPA ,0.000000,0.000000,0.000,0.000,AP
2026-04-10 13:21:12,1900-01-00 00:00:00,1008-wombat,B8:27:EB:CA:A1:3C,-43, WPA ,0.000000,0.000000,0.000,0.000,AP
2026-04-10 13:21:12,1900-01-00 00:00:00,1008-wombat,B8:27:EB:CA:A1:3C,-44, WPA ,0.000000,0.000000,0.000,0.000,AP
2026-04-10 13:21:12,1900-01-00 00:00:00,1008-wombat,B8:27:EB:CA:A1:3C,-44, WPA ,0.000000,0.000000,0.000,0.000,AP
2026-04-10 13:21:12,1900-01-00 00:00:00,1008-wombat,B8:27:EB:CA:A1:3C,-44, WPA ,0.000000,0.000000,0.000,0.000,AP
2026-04-10 13:21:12,1900-01-00 00:00:00,1008-wombat,B8:27:EB:CA:A1:3C,-44, WPA ,0.000000,0.000000,0.000,0.000,AP
2026-04-10 13:21:12,1900-01-00 00:00:00,1008-wombat,B8:27:EB:CA:A1:3C,-44, WPA ,0.000000,0.000000,0.000,0.000,AP
2026-04-10 13:21:12,1900-01-00 00:00:00,1008-wombat,B8:27:EB:CA:A1:3C,-42, WPA ,0.000000,0.000000,0.000,0.000,AP
2026-04-10 13:21:12,1900-01-00 00:00:00,1008-wombat,B8:27:EB:CA:A1:3C,-44, WPA ,0.000000,0.000000,0.000,0.000,AP
2026-04-10 13:21:12,1900-01-00 00:00:00,1008-wombat,B8:27:EB:CA:A1:3C,-44, WPA ,0.000000,0.000000,0.000,0.000,AP
2026-04-10 13:21:12,1900-01-00 00:00:00,1008-wombat,B8:27:EB:CA:A1:3C,-43, WPA ,0.000000,0.000000,0.000,0.000,AP
2026-04-10 13:21:12,1900-01-00 00:00:00,1008-wombat,B8:27:EB:CA:A1:3C,-43, WPA ,0.000000,0.000000,0.000,0.000,AP
2026-04-10 13:21:12,1900-01-00 00:00:00,1008-wombat,B8:27:EB:CA:A1:3C,-42, WPA ,0.000000,0.000000,0.000,0.000,AP
2026-04-10 13:21:12,1900-01-00 00:00:00,1008-wombat,B8:27:EB:CA:A1:3C,-43, WPA ,0.000000,0.000000,0.000,0.000,AP
2026-04-10 13:21:12,1900-01-00 00:00:00,1008-wombat,B8:27:EB:CA:A1:3C,-43, WPA ,0.000000,0.000000,0.000,0.000,AP
2026-04-10 13:21:12,1900-01-00 00:00:00,1008-wombat,B8:27:EB:CA:A1:3C,-43, WPA ,0.000000,0.000000,0.000,0.000,AP
2026-04-10 13:21:12,1900-01-00 00:00:00,1008-wombat,B8:27:EB:CA:A1:3C,-45, WPA ,0.000000,0.000000,0.000,0.000,AP
2026-04-10 13:21:12,1900-01-00 00:00:00,1008-wombat,B8:27:EB:CA:A1:3C,-43, WPA ,0.000000,0.000000,0.000,0.000,AP
2026-04-10 13:21:12,1900-01-00 00:00:00,,C8:15:4E:20:C7:81,-49,,0.000000,0.000000,0.000,0.000,Client
2026-04-10 13:21:12,1900-01-00 00:00:00,1008-wombat,B8:27:EB:CA:A1:3C,-44, WPA ,0.000000,0.000000,0.000,0.000,AP
2026-04-10 13:21:12,1900-01-00 00:00:00,,C8:15:4E:20:C7:81,-48,,0.000000,0.000000,0.000,0.000,Client
2026-04-10 13:21:12,1900-01-00 00:00:00,,C8:15:4E:20:C7:81,-48,,0.000000,0.000000,0.000,0.000,Client
2026-04-10 13:21:12,1900-01-00 00:00:00,1008-wombat,B8:27:EB:CA:A1:3C,-44, WPA ,0.000000,0.000000,0.000,0.000,AP
2026-04-10 13:21:12,1900-01-00 00:00:00,,C8:15:4E:20:C7:81,-48,,0.000000,0.000000,0.000,0.000,Client
2026-04-10 13:21:12,1900-01-00 00:00:00,1008-wombat,B8:27:EB:CA:A1:3C,-44, WPA ,0.000000,0.000000,0.000,0.000,AP
2026-04-10 13:21:12,1900-01-00 00:00:00,1008-wombat,B8:27:EB:CA:A1:3C,-45, WPA ,0.000000,0.000000,0.000,0.000,AP
2026-04-10 13:21:12,1900-01-00 00:00:00,1008-wombat,B8:27:EB:CA:A1:3C,-43, WPA ,0.000000,0.000000,0.000,0.000,AP
2026-04-10 13:21:12,1900-01-00 00:00:00,,C8:15:4E:20:C7:81,-48,,0.000000,0.000000,0.000,0.000,Client
2026-04-10 13:21:12,1900-01-00 00:00:00,,C8:15:4E:20:C7:81,-48,,0.000000,0.000000,0.000,0.000,Client
2026-04-10 13:21:12,1900-01-00 00:00:00,1008-wombat,B8:27:EB:CA:A1:3C,-45, WPA ,0.000000,0.000000,0.000,0.000,AP
2026-04-10 13:21:12,1900-01-00 00:00:00,1008-wombat,B8:27:EB:CA:A1:3C,-44, WPA ,0.000000,0.000000,0.000,0.000,AP
2026-04-10 13:21:12,1900-01-00 00:00:00,1008-wombat,B8:27:EB:CA:A1:3C,-41, WPA ,0.000000,0.000000,0.000,0.000,AP
2026-04-10 13:21:12,1900-01-00 00:00:00,1008-wombat,B8:27:EB:CA:A1:3C,-44, WPA ,0.000000,0.000000,0.000,0.000,AP
2026-04-10 13:21:12,1900-01-00 00:00:00,1008-wombat,B8:27:EB:CA:A1:3C,-44, WPA ,0.000000,0.000000,0.000,0.000,AP
2026-04-10 13:21:12,1900-01-00 00:00:00,1008-wombat,B8:27:EB:CA:A1:3C,-42, WPA ,0.000000,0.000000,0.000,0.000,AP
2026-04-10 13:21:12,1900-01-00 00:00:00,1008-wombat,B8:27:EB:CA:A1:3C,-43, WPA ,0.000000,0.000000,0.000,0.000,AP
2026-04-10 13:21:12,1900-01-00 00:00:00,1008-wombat,B8:27:EB:CA:A1:3C,-43, WPA ,0.000000,0.000000,0.000,0.000,AP
2026-04-10 13:21:12,1900-01-00 00:00:00,1008-wombat,B8:27:EB:CA:A1:3C,-43, WPA ,0.000000,0.000000,0.000,0.000,AP
2026-04-10 13:21:12,1900-01-00 00:00:00,,C8:15:4E:20:C7:81,-47,,0.000000,0.000000,0.000,0.000,Client
2026-04-10 13:21:12,1900-01-00 00:00:00,,C8:15:4E:20:C7:81,-47,,0.000000,0.000000,0.000,0.000,Client
2026-04-10 13:21:12,1900-01-00 00:00:00,1008-wombat,B8:27:EB:CA:A1:3C,-44, WPA ,0.000000,0.000000,0.000,0.000,AP
2026-04-10 13:21:12,1900-01-00 00:00:00,1008-wombat,B8:27:EB:CA:A1:3C,-46, WPA ,0.000000,0.000000,0.000,0.000,AP
2026-04-10 13:21:13,1900-01-00 00:00:00,1008-wombat,B8:27:EB:CA:A1:3C,-45, WPA ,0.000000,0.000000,0.000,0.000,AP
2026-04-10 13:21:13,1900-01-00 00:00:00,1008-wombat,B8:27:EB:CA:A1:3C,-44, WPA ,0.000000,0.000000,0.000,0.000,AP
2026-04-10 13:21:13,1900-01-00 00:00:00,1008-wombat,B8:27:EB:CA:A1:3C,-45, WPA ,0.000000,0.000000,0.000,0.000,AP
2026-04-10 13:21:13,1900-01-00 00:00:00,1008-wombat,B8:27:EB:CA:A1:3C,-44, WPA ,0.000000,0.000000,0.000,0.000,AP
2026-04-10 13:21:13,1900-01-00 00:00:00,1008-wombat,B8:27:EB:CA:A1:3C,-44, WPA ,0.000000,0.000000,0.000,0.000,AP
2026-04-10 13:21:13,1900-01-00 00:00:00,1008-wombat,B8:27:EB:CA:A1:3C,-45, WPA ,0.000000,0.000000,0.000,0.000,AP
2026-04-10 13:21:13,1900-01-00 00:00:00,1008-wombat,B8:27:EB:CA:A1:3C,-44, WPA ,0.000000,0.000000,0.000,0.000,AP
2026-04-10 13:21:13,1900-01-00 00:00:00,1008-wombat,B8:27:EB:CA:A1:3C,-45, WPA ,0.000000,0.000000,0.000,0.000,AP
2026-04-10 13:21:13,1900-01-00 00:00:00,1008-wombat,B8:27:EB:CA:A1:3C,-46, WPA ,0.000000,0.000000,0.000,0.000,AP
2026-04-10 13:21:13,1900-01-00 00:00:00,1008-wombat,B8:27:EB:CA:A1:3C,-45, WPA ,0.000000,0.000000,0.000,0.000,AP
2026-04-10 13:21:13,1900-01-00 00:00:00,1008-wombat,B8:27:EB:CA:A1:3C,-44, WPA ,0.000000,0.000000,0.000,0.000,AP
2026-04-10 13:21:13,1900-01-00 00:00:00,1008-wombat,B8:27:EB:CA:A1:3C,-45, WPA ,0.000000,0.000000,0.000,0.000,AP
2026-04-10 13:21:13,1900-01-00 00:00:00,1008-wombat,B8:27:EB:CA:A1:3C,-45, WPA ,0.000000,0.000000,0.000,0.000,AP
2026-04-10 13:21:13,1900-01-00 00:00:00,1008-wombat,B8:27:EB:CA:A1:3C,-45, WPA ,0.000000,0.000000,0.000,0.000,AP
2026-04-10 13:21:13,1900-01-00 00:00:00,1008-wombat,B8:27:EB:CA:A1:3C,-46, WPA ,0.000000,0.000000,0.000,0.000,AP
2026-04-10 13:21:13,1900-01-00 00:00:00,1008-wombat,B8:27:EB:CA:A1:3C,-41, WPA ,0.000000,0.000000,0.000,0.000,AP
2026-04-10 13:21:13,1900-01-00 00:00:00,1008-wombat,B8:27:EB:CA:A1:3C,-43, WPA ,0.000000,0.000000,0.000,0.000,AP
2026-04-10 13:21:13,1900-01-00 00:00:00,1008-wombat,B8:27:EB:CA:A1:3C,-46, WPA ,0.000000,0.000000,0.000,0.000,AP
2026-04-10 13:21:13,1900-01-00 00:00:00,1008-wombat,B8:27:EB:CA:A1:3C,-46, WPA ,0.000000,0.000000,0.000,0.000,AP
2026-04-10 13:21:13,1900-01-00 00:00:00,1008-wombat,B8:27:EB:CA:A1:3C,-44, WPA ,0.000000,0.000000,0.000,0.000,AP
2026-04-10 13:21:13,1900-01-00 00:00:00,1008-wombat,B8:27:EB:CA:A1:3C,-46, WPA ,0.000000,0.000000,0.000,0.000,AP
2026-04-10 13:21:13,1900-01-00 00:00:00,1008-wombat,B8:27:EB:CA:A1:3C,-45, WPA ,0.000000,0.000000,0.000,0.000,AP
2026-04-10 13:21:13,1900-01-00 00:00:00,1008-wombat,B8:27:EB:CA:A1:3C,-44, WPA ,0.000000,0.000000,0.000,0.000,AP
2026-04-10 13:21:13,1900-01-00 00:00:00,1008-wombat,B8:27:EB:CA:A1:3C,-44, WPA ,0.000000,0.000000,0.000,0.000,AP
2026-04-10 13:21:13,1900-01-00 00:00:00,,C8:34:8E:2C:B6:E4,-47,,0.000000,0.000000,0.000,0.000,Client
2026-04-10 13:21:13,1900-01-00 00:00:00,1008-wombat,B8:27:EB:CA:A1:3C,-41, WPA ,0.000000,0.000000,0.000,0.000,AP
2026-04-10 13:21:13,1900-01-00 00:00:00,,C8:34:8E:2C:B6:E4,-47,,0.000000,0.000000,0.000,0.000,Client
2026-04-10 13:21:13,1900-01-00 00:00:00,,C8:34:8E:2C:B6:E4,-48,,0.000000,0.000000,0.000,0.000,Client
2026-04-10 13:21:13,1900-01-00 00:00:00,1008-wombat,B8:27:EB:CA:A1:3C,-44, WPA ,0.000000,0.000000,0.000,0.000,AP
2026-04-10 13:21:13,1900-01-00 00:00:00,1008-wombat,B8:27:EB:CA:A1:3C,-44, WPA ,0.000000,0.000000,0.000,0.000,AP
2026-04-10 13:21:13,1900-01-00 00:00:00,,C8:34:8E:2C:B6:E4,-48,,0.000000,0.000000,0.000,0.000,Client
2026-04-10 13:21:13,1900-01-00 00:00:00,1008-wombat,B8:27:EB:CA:A1:3C,-41, WPA ,0.000000,0.000000,0.000,0.000,AP
2026-04-10 13:21:13,1900-01-00 00:00:00,1008-wombat,B8:27:EB:CA:A1:3C,-45, WPA ,0.000000,0.000000,0.000,0.000,AP
2026-04-10 13:21:13,1900-01-00 00:00:00,1008-wombat,B8:27:EB:CA:A1:3C,-45, WPA ,0.000000,0.000000,0.000,0.000,AP
2026-04-10 13:21:13,1900-01-00 00:00:00,1008-wombat,B8:27:EB:CA:A1:3C,-43, WPA ,0.000000,0.000000,0.000,0.000,AP
2026-04-10 13:21:13,1900-01-00 00:00:00,1008-wombat,B8:27:EB:CA:A1:3C,-43, WPA ,0.000000,0.000000,0.000,0.000,AP
2026-04-10 13:21:13,1900-01-00 00:00:00,1008-wombat,B8:27:EB:CA:A1:3C,-46, WPA ,0.000000,0.000000,0.000,0.000,AP
2026-04-10 13:21:13,1900-01-00 00:00:00,1008-wombat,B8:27:EB:CA:A1:3C,-42, WPA ,0.000000,0.000000,0.000,0.000,AP
2026-04-10 13:21:13,1900-01-00 00:00:00,1008-wombat,B8:27:EB:CA:A1:3C,-43, WPA ,0.000000,0.000000,0.000,0.000,AP
2026-04-10 13:21:13,1900-01-00 00:00:00,1008-wombat,B8:27:EB:CA:A1:3C,-43, WPA ,0.000000,0.000000,0.000,0.000,AP
2026-04-10 13:21:13,1900-01-00 00:00:00,1008-wombat,B8:27:EB:CA:A1:3C,-44, WPA ,0.000000,0.000000,0.000,0.000,AP
2026-04-10 13:21:13,1900-01-00 00:00:00,1008-wombat,B8:27:EB:CA:A1:3C,-44, WPA ,0.000000,0.000000,0.000,0.000,AP
2026-04-10 13:21:13,1900-01-00 00:00:00,1008-wombat,B8:27:EB:CA:A1:3C,-44, WPA ,0.000000,0.000000,0.000,0.000,AP
2026-04-10 13:21:13,1900-01-00 00:00:00,1008-wombat,B8:27:EB:CA:A1:3C,-43, WPA ,0.000000,0.000000,0.000,0.000,AP
2026-04-10 13:21:13,1900-01-00 00:00:00,1008-wombat,B8:27:EB:CA:A1:3C,-46, WPA ,0.000000,0.000000,0.000,0.000,AP
2026-04-10 13:21:13,1900-01-00 00:00:00,1008-wombat,B8:27:EB:CA:A1:3C,-45, WPA ,0.000000,0.000000,0.000,0.000,AP
2026-04-10 13:21:13,1900-01-00 00:00:00,1008-wombat,B8:27:EB:CA:A1:3C,-44, WPA ,0.000000,0.000000,0.000,0.000,AP
2026-04-10 13:21:13,1900-01-00 00:00:00,1008-wombat,B8:27:EB:CA:A1:3C,-43, WPA ,0.000000,0.000000,0.000,0.000,AP
2026-04-10 13:21:13,1900-01-00 00:00:00,,C8:34:8E:2C:B6:E4,-47,,0.000000,0.000000,0.000,0.000,Client
2026-04-10 13:21:13,1900-01-00 00:00:00,1008-wombat,B8:27:EB:CA:A1:3C,-42, WPA ,0.000000,0.000000,0.000,0.000,AP
2026-04-10 13:21:13,1900-01-00 00:00:00,1008-wombat,B8:27:EB:CA:A1:3C,-45, WPA ,0.000000,0.000000,0.000,0.000,AP
2026-04-10 13:21:13,1900-01-00 00:00:00,,C8:34:8E:2C:B6:E4,-48,,0.000000,0.000000,0.000,0.000,Client
2026-04-10 13:21:13,1900-01-00 00:00:00,1008-wombat,B8:27:EB:CA:A1:3C,-45, WPA ,0.000000,0.000000,0.000,0.000,AP
2026-04-10 13:21:13,1900-01-00 00:00:00,1008-wombat,B8:27:EB:CA:A1:3C,-45, WPA ,0.000000,0.000000,0.000,0.000,AP
2026-04-10 13:21:13,1900-01-00 00:00:00,1008-wombat,B8:27:EB:CA:A1:3C,-43, WPA ,0.000000,0.000000,0.000,0.000,AP
2026-04-10 13:21:13,1900-01-00 00:00:00,1008-wombat,B8:27:EB:CA:A1:3C,-43, WPA ,0.000000,0.000000,0.000,0.000,AP
2026-04-10 13:21:13,1900-01-00 00:00:00,1008-wombat,B8:27:EB:CA:A1:3C,-43, WPA ,0.000000,0.000000,0.000,0.000,AP
2026-04-10 13:21:13,1900-01-00 00:00:00,,C8:34:8E:2C:B6:E4,-48,,0.000000,0.000000,0.000,0.000,Client
2026-04-10 13:21:13,1900-01-00 00:00:00,,C8:34:8E:2C:B6:E4,-47,,0.000000,0.000000,0.000,0.000,Client
2026-04-10 13:21:13,1900-01-00 00:00:00,1008-wombat,B8:27:EB:CA:A1:3C,-43, WPA ,0.000000,0.000000,0.000,0.000,AP
2026-04-10 13:21:13,1900-01-00 00:00:00,1008-wombat,B8:27:EB:CA:A1:3C,-43, WPA ,0.000000,0.000000,0.000,0.000,AP
2026-04-10 13:21:13,1900-01-00 00:00:00,1008-wombat,B8:27:EB:CA:A1:3C,-43, WPA ,0.000000,0.000000,0.000,0.000,AP
2026-04-10 13:21:13,1900-01-00 00:00:00,1008-wombat,B8:27:EB:CA:A1:3C,-43, WPA ,0.000000,0.000000,0.000,0.000,AP
2026-04-10 13:21:13,1900-01-00 00:00:00,1008-wombat,B8:27:EB:CA:A1:3C,-43, WPA ,0.000000,0.000000,0.000,0.000,AP
2026-04-10 13:21:13,1900-01-00 00:00:00,1008-wombat,B8:27:EB:CA:A1:3C,-43, WPA ,0.000000,0.000000,0.000,0.000,AP
2026-04-10 13:21:13,1900-01-00 00:00:00,1008-wombat,B8:27:EB:CA:A1:3C,-43, WPA ,0.000000,0.000000,0.000,0.000,AP
2026-04-10 13:21:13,1900-01-00 00:00:00,1008-wombat,B8:27:EB:CA:A1:3C,-43, WPA ,0.000000,0.000000,0.000,0.000,AP
2026-04-10 13:21:13,1900-01-00 00:00:00,1008-wombat,B8:27:EB:CA:A1:3C,-43, WPA ,0.000000,0.000000,0.000,0.000,AP
2026-04-10 13:21:14,1900-01-00 00:00:00,1008-wombat,B8:27:EB:CA:A1:3C,-42, WPA ,0.000000,0.000000,0.000,0.000,AP
2026-04-10 13:21:14,1900-01-00 00:00:00,1008-wombat,B8:27:EB:CA:A1:3C,-43, WPA ,0.000000,0.000000,0.000,0.000,AP
2026-04-10 13:21:14,1900-01-00 00:00:00,,C8:34:8E:2C:B6:E4,-48,,0.000000,0.000000,0.000,0.000,Client
2026-04-10 13:21:14,1900-01-00 00:00:00,1008-wombat,B8:27:EB:CA:A1:3C,-43, WPA ,0.000000,0.000000,0.000,0.000,AP
2026-04-10 13:21:14,1900-01-00 00:00:00,1008-wombat,B8:27:EB:CA:A1:3C,-43, WPA ,0.000000,0.000000,0.000,0.000,AP
2026-04-10 13:21:14,1900-01-00 00:00:00,,C8:34:8E:2C:B6:E4,-48,,0.000000,0.000000,0.000,0.000,Client
2026-04-10 13:21:14,1900-01-00 00:00:00,1008-wombat,B8:27:EB:CA:A1:3C,-43, WPA ,0.000000,0.000000,0.000,0.000,AP
2026-04-10 13:21:14,1900-01-00 00:00:00,,C8:34:8E:2C:B6:E4,-48,,0.000000,0.000000,0.000,0.000,Client
2026-04-10 13:21:14,1900-01-00 00:00:00,1008-wombat,B8:27:EB:CA:A1:3C,-43, WPA ,0.000000,0.000000,0.000,0.000,AP
2026-04-10 13:21:14,1900-01-00 00:00:00,,C8:34:8E:2C:B6:E4,-48,,0.000000,0.000000,0.000,0.000,Client
2026-04-10 13:21:14,1900-01-00 00:00:00,1008-wombat,B8:27:EB:CA:A1:3C,-43, WPA ,0.000000,0.000000,0.000,0.000,AP
2026-04-10 13:21:14,1900-01-00 00:00:00,1008-wombat,B8:27:EB:CA:A1:3C,-43, WPA ,0.000000,0.000000,0.000,0.000,AP
2026-04-10 13:21:14,1900-01-00 00:00:00,,C8:34:8E:2C:B6:E4,-48,,0.000000,0.000000,0.000,0.000,Client
2026-04-10 13:21:14,1900-01-00 00:00:00,1008-wombat,B8:27:EB:CA:A1:3C,-43, WPA ,0.000000,0.000000,0.000,0.000,AP
2026-04-10 13:21:14,1900-01-00 00:00:00,,C8:34:8E:2C:B6:E4,-49,,0.000000,0.000000,0.000,0.000,Client
2026-04-10 13:21:14,1900-01-00 00:00:00,1008-wombat,B8:27:EB:CA:A1:3C,-43, WPA ,0.000000,0.000000,0.000,0.000,AP
2026-04-10 13:21:14,1900-01-00 00:00:00,1008-wombat,B8:27:EB:CA:A1:3C,-45, WPA ,0.000000,0.000000,0.000,0.000,AP
2026-04-10 13:21:14,1900-01-00 00:00:00,1008-wombat,B8:27:EB:CA:A1:3C,-42, WPA ,0.000000,0.000000,0.000,0.000,AP
2026-04-10 13:21:14,1900-01-00 00:00:00,,C8:34:8E:2C:B6:E4,-49,,0.000000,0.000000,0.000,0.000,Client
2026-04-10 13:21:14,1900-01-00 00:00:00,1008-wombat,B8:27:EB:CA:A1:3C,-41, WPA ,0.000000,0.000000,0.000,0.000,AP
2026-04-10 13:21:14,1900-01-00 00:00:00,1008-wombat,B8:27:EB:CA:A1:3C,-44, WPA ,0.000000,0.000000,0.000,0.000,AP
2026-04-10 13:21:14,1900-01-00 00:00:00,,C8:34:8E:2C:B6:E4,-48,,0.000000,0.000000,0.000,0.000,Client
2026-04-10 13:21:14,1900-01-00 00:00:00,1008-wombat,B8:27:EB:CA:A1:3C,-40, WPA ,0.000000,0.000000,0.000,0.000,AP
2026-04-10 13:21:14,1900-01-00 00:00:00,1008-wombat,B8:27:EB:CA:A1:3C,-44, WPA ,0.000000,0.000000,0.000,0.000,AP
2026-04-10 13:21:14,1900-01-00 00:00:00,1008-wombat,B8:27:EB:CA:A1:3C,-44, WPA ,0.000000,0.000000,0.000,0.000,AP
2026-04-10 13:21:14,1900-01-00 00:00:00,1008-wombat,B8:27:EB:CA:A1:3C,-43, WPA ,0.000000,0.000000,0.000,0.000,AP
2026-04-10 13:21:14,1900-01-00 00:00:00,1008-wombat,B8:27:EB:CA:A1:3C,-43, WPA ,0.000000,0.000000,0.000,0.000,AP
2026-04-10 13:21:14,1900-01-00 00:00:00,,C8:34:8E:2C:B6:E4,-49,,0.000000,0.000000,0.000,0.000,Client
2026-04-10 13:21:14,1900-01-00 00:00:00,1008-wombat,B8:27:EB:CA:A1:3C,-42, WPA ,0.000000,0.000000,0.000,0.000,AP
2026-04-10 13:21:15,1900-01-00 00:00:00,1008-wombat,B8:27:EB:CA:A1:3C,-43, WPA ,0.000000,0.000000,0.000,0.000,AP
2026-04-10 13:21:15,1900-01-00 00:00:00,,C8:34:8E:2C:B6:E4,-49,,0.000000,0.000000,0.000,0.000,Client
2026-04-10 13:21:15,1900-01-00 00:00:00,1008-wombat,B8:27:EB:CA:A1:3C,-44, WPA ,0.000000,0.000000,0.000,0.000,AP
2026-04-10 13:21:15,1900-01-00 00:00:00,,C8:34:8E:2C:B6:E4,-49,,0.000000,0.000000,0.000,0.000,Client
2026-04-10 13:21:15,1900-01-00 00:00:00,1008-wombat,B8:27:EB:CA:A1:3C,-42, WPA ,0.000000,0.000000,0.000,0.000,AP
2026-04-10 13:21:15,1900-01-00 00:00:00,,C8:34:8E:2C:B6:E4,-49,,0.000000,0.000000,0.000,0.000,Client
2026-04-10 13:21:15,1900-01-00 00:00:00,1008-wombat,B8:27:EB:CA:A1:3C,-44, WPA ,0.000000,0.000000,0.000,0.000,AP
2026-04-10 13:21:15,1900-01-00 00:00:00,1008-wombat,B8:27:EB:CA:A1:3C,-45, WPA ,0.000000,0.000000,0.000,0.000,AP
2026-04-10 13:21:15,1900-01-00 00:00:00,1008-wombat,B8:27:EB:CA:A1:3C,-41, WPA ,0.000000,0.000000,0.000,0.000,AP
2026-04-10 13:21:15,1900-01-00 00:00:00,1008-wombat,B8:27:EB:CA:A1:3C,-43, WPA ,0.000000,0.000000,0.000,0.000,AP
2026-04-10 13:21:15,1900-01-00 00:00:00,1008-wombat,B8:27:EB:CA:A1:3C,-42, WPA ,0.000000,0.000000,0.000,0.000,AP
2026-04-10 13:21:15,1900-01-00 00:00:00,1008-wombat,B8:27:EB:CA:A1:3C,-44, WPA ,0.000000,0.000000,0.000,0.000,AP
2026-04-10 13:21:15,1900-01-00 00:00:00,1008-wombat,B8:27:EB:CA:A1:3C,-45, WPA ,0.000000,0.000000,0.000,0.000,AP
2026-04-10 13:21:15,1900-01-00 00:00:00,1008-wombat,B8:27:EB:CA:A1:3C,-45, WPA ,0.000000,0.000000,0.000,0.000,AP
2026-04-10 13:21:15,1900-01-00 00:00:00,1008-wombat,B8:27:EB:CA:A1:3C,-45, WPA ,0.000000,0.000000,0.000,0.000,AP
2026-04-10 13:21:15,1900-01-00 00:00:00,1008-wombat,B8:27:EB:CA:A1:3C,-45, WPA ,0.000000,0.000000,0.000,0.000,AP
2026-04-10 13:21:15,1900-01-00 00:00:00,1008-wombat,B8:27:EB:CA:A1:3C,-45, WPA ,0.000000,0.000000,0.000,0.000,AP
2026-04-10 13:21:15,1900-01-00 00:00:00,1008-wombat,B8:27:EB:CA:A1:3C,-43, WPA ,0.000000,0.000000,0.000,0.000,AP
2026-04-10 13:21:15,1900-01-00 00:00:00,1008-wombat,B8:27:EB:CA:A1:3C,-45, WPA ,0.000000,0.000000,0.000,0.000,AP
2026-04-10 13:21:15,1900-01-00 00:00:00,1008-wombat,B8:27:EB:CA:A1:3C,-45, WPA ,0.000000,0.000000,0.000,0.000,AP
2026-04-10 13:21:15,1900-01-00 00:00:00,1008-wombat,B8:27:EB:CA:A1:3C,-45, WPA ,0.000000,0.000000,0.000,0.000,AP
2026-04-10 13:21:15,1900-01-00 00:00:00,,C8:34:8E:2C:B6:E4,-49,,0.000000,0.000000,0.000,0.000,Client
2026-04-10 13:21:15,1900-01-00 00:00:00,1008-wombat,B8:27:EB:CA:A1:3C,-43, WPA ,0.000000,0.000000,0.000,0.000,AP
2026-04-10 13:21:15,1900-01-00 00:00:00,1008-wombat,B8:27:EB:CA:A1:3C,-46, WPA ,0.000000,0.000000,0.000,0.000,AP
2026-04-10 13:21:15,1900-01-00 00:00:00,1008-wombat,B8:27:EB:CA:A1:3C,-43, WPA ,0.000000,0.000000,0.000,0.000,AP
2026-04-10 13:21:15,1900-01-00 00:00:00,,C8:34:8E:2C:B6:E4,-48,,0.000000,0.000000,0.000,0.000,Client
2026-04-10 13:21:15,1900-01-00 00:00:00,1008-wombat,B8:27:EB:CA:A1:3C,-44, WPA ,0.000000,0.000000,0.000,0.000,AP
2026-04-10 13:21:15,1900-01-00 00:00:00,,C8:34:8E:2C:B6:E4,-48,,0.000000,0.000000,0.000,0.000,Client
2026-04-10 13:21:15,1900-01-00 00:00:00,1008-wombat,B8:27:EB:CA:A1:3C,-41, WPA ,0.000000,0.000000,0.000,0.000,AP
2026-04-10 13:21:15,1900-01-00 00:00:00,1008-wombat,B8:27:EB:CA:A1:3C,-43, WPA ,0.000000,0.000000,0.000,0.000,AP
2026-04-10 13:21:15,1900-01-00 00:00:00,1008-wombat,B8:27:EB:CA:A1:3C,-45, WPA ,0.000000,0.000000,0.000,0.000,AP
2026-04-10 13:21:15,1900-01-00 00:00:00,1008-wombat,B8:27:EB:CA:A1:3C,-41, WPA ,0.000000,0.000000,0.000,0.000,AP
2026-04-10 13:21:15,1900-01-00 00:00:00,1008-wombat,B8:27:EB:CA:A1:3C,-45, WPA ,0.000000,0.000000,0.000,0.000,AP
2026-04-10 13:21:16,1900-01-00 00:00:00,1008-wombat,B8:27:EB:CA:A1:3C,-45, WPA ,0.000000,0.000000,0.000,0.000,AP
2026-04-10 13:21:16,1900-01-00 00:00:00,1008-wombat,B8:27:EB:CA:A1:3C,-43, WPA ,0.000000,0.000000,0.000,0.000,AP
2026-04-10 13:21:16,1900-01-00 00:00:00,,C8:34:8E:2C:B6:E4,-48,,0.000000,0.000000,0.000,0.000,Client
2026-04-10 13:21:16,1900-01-00 00:00:00,,C8:34:8E:2C:B6:E4,-47,,0.000000,0.000000,0.000,0.000,Client
2026-04-10 13:21:16,1900-01-00 00:00:00,1008-wombat,B8:27:EB:CA:A1:3C,-42, WPA ,0.000000,0.000000,0.000,0.000,AP
2026-04-10 13:21:16,1900-01-00 00:00:00,1008-wombat,B8:27:EB:CA:A1:3C,-42, WPA ,0.000000,0.000000,0.000,0.000,AP
2026-04-10 13:21:16,1900-01-00 00:00:00,,C8:34:8E:2C:B6:E4,-47,,0.000000,0.000000,0.000,0.000,Client
2026-04-10 13:21:16,1900-01-00 00:00:00,,C8:34:8E:2C:B6:E4,-47,,0.000000,0.000000,0.000,0.000,Client
2026-04-10 13:21:16,1900-01-00 00:00:00,1008-wombat,B8:27:EB:CA:A1:3C,-42, WPA ,0.000000,0.000000,0.000,0.000,AP
2026-04-10 13:21:16,1900-01-00 00:00:00,1008-wombat,B8:27:EB:CA:A1:3C,-42, WPA ,0.000000,0.000000,0.000,0.000,AP
2026-04-10 13:21:16,1900-01-00 00:00:00,,C8:34:8E:2C:B6:E4,-47,,0.000000,0.000000,0.000,0.000,Client
2026-04-10 13:21:16,1900-01-00 00:00:00,1008-wombat,B8:27:EB:CA:A1:3C,-42, WPA ,0.000000,0.000000,0.000,0.000,AP
2026-04-10 13:21:16,1900-01-00 00:00:00,1008-wombat,B8:27:EB:CA:A1:3C,-41, WPA ,0.000000,0.000000,0.000,0.000,AP
2026-04-10 13:21:16,1900-01-00 00:00:00,,C8:34:8E:2C:B6:E4,-48,,0.000000,0.000000,0.000,0.000,Client
2026-04-10 13:21:16,1900-01-00 00:00:00,,C8:34:8E:2C:B6:E4,-48,,0.000000,0.000000,0.000,0.000,Client
2026-04-10 13:21:16,1900-01-00 00:00:00,1008-wombat,B8:27:EB:CA:A1:3C,-43, WPA ,0.000000,0.000000,0.000,0.000,AP
2026-04-10 13:21:16,1900-01-00 00:00:00,1008-wombat,B8:27:EB:CA:A1:3C,-43, WPA ,0.000000,0.000000,0.000,0.000,AP
2026-04-10 13:21:16,1900-01-00 00:00:00,,C8:34:8E:2C:B6:E4,-47,,0.000000,0.000000,0.000,0.000,Client
2026-04-10 13:21:16,1900-01-00 00:00:00,,C8:34:8E:2C:B6:E4,-47,,0.000000,0.000000,0.000,0.000,Client
2026-04-10 13:21:16,1900-01-00 00:00:00,1008-wombat,B8:27:EB:CA:A1:3C,-42, WPA ,0.000000,0.000000,0.000,0.000,AP
2026-04-10 13:21:16,1900-01-00 00:00:00,1008-wombat,B8:27:EB:CA:A1:3C,-42, WPA ,0.000000,0.000000,0.000,0.000,AP
2026-04-10 13:21:16,1900-01-00 00:00:00,,C8:34:8E:2C:B6:E4,-48,,0.000000,0.000000,0.000,0.000,Client
2026-04-10 13:21:16,1900-01-00 00:00:00,,C8:34:8E:2C:B6:E4,-47,,0.000000,0.000000,0.000,0.000,Client
2026-04-10 13:21:16,1900-01-00 00:00:00,1008-wombat,B8:27:EB:CA:A1:3C,-44, WPA ,0.000000,0.000000,0.000,0.000,AP
2026-04-10 13:21:16,1900-01-00 00:00:00,1008-wombat,B8:27:EB:CA:A1:3C,-43, WPA ,0.000000,0.000000,0.000,0.000,AP
2026-04-10 13:21:16,1900-01-00 00:00:00,,C8:34:8E:2C:B6:E4,-47,,0.000000,0.000000,0.000,0.000,Client
2026-04-10 13:21:16,1900-01-00 00:00:00,,C8:34:8E:2C:B6:E4,-47,,0.000000,0.000000,0.000,0.000,Client
2026-04-10 13:21:16,1900-01-00 00:00:00,1008-wombat,B8:27:EB:CA:A1:3C,-42, WPA ,0.000000,0.000000,0.000,0.000,AP
2026-04-10 13:21:16,1900-01-00 00:00:00,1008-wombat,B8:27:EB:CA:A1:3C,-43, WPA ,0.000000,0.000000,0.000,0.000,AP
2026-04-10 13:21:16,1900-01-00 00:00:00,1008-wombat,B8:27:EB:CA:A1:3C,-42, WPA ,0.000000,0.000000,0.000,0.000,AP
2026-04-10 13:21:16,1900-01-00 00:00:00,,C8:34:8E:2C:B6:E4,-48,,0.000000,0.000000,0.000,0.000,Client
2026-04-10 13:21:16,1900-01-00 00:00:00,,C8:34:8E:2C:B6:E4,-48,,0.000000,0.000000,0.000,0.000,Client
2026-04-10 13:21:16,1900-01-00 00:00:00,1008-wombat,B8:27:EB:CA:A1:3C,-43, WPA ,0.000000,0.000000,0.000,0.000,AP
2026-04-10 13:21:16,1900-01-00 00:00:00,1008-wombat,B8:27:EB:CA:A1:3C,-42, WPA ,0.000000,0.000000,0.000,0.000,AP
2026-04-10 13:21:16,1900-01-00 00:00:00,,C8:34:8E:2C:B6:E4,-48,,0.000000,0.000000,0.000,0.000,Client
2026-04-10 13:21:16,1900-01-00 00:00:00,1008-wombat,B8:27:EB:CA:A1:3C,-43, WPA ,0.000000,0.000000,0.000,0.000,AP
2026-04-10 13:21:16,1900-01-00 00:00:00,,C8:34:8E:2C:B6:E4,-47,,0.000000,0.000000,0.000,0.000,Client
2026-04-10 13:21:16,1900-01-00 00:00:00,,C8:34:8E:2C:B6:E4,-48,,0.000000,0.000000,0.000,0.000,Client
2026-04-10 13:21:16,1900-01-00 00:00:00,1008-wombat,B8:27:EB:CA:A1:3C,-42, WPA ,0.000000,0.000000,0.000,0.000,AP
2026-04-10 13:21:16,1900-01-00 00:00:00,1008-wombat,B8:27:EB:CA:A1:3C,-43, WPA ,0.000000,0.000000,0.000,0.000,AP
2026-04-10 13:21:16,1900-01-00 00:00:00,,C8:34:8E:2C:B6:E4,-47,,0.000000,0.000000,0.000,0.000,Client
2026-04-10 13:21:16,1900-01-00 00:00:00,,C8:34:8E:2C:B6:E4,-48,,0.000000,0.000000,0.000,0.000,Client
2026-04-10 13:21:16,1900-01-00 00:00:00,1008-wombat,B8:27:EB:CA:A1:3C,-43, WPA ,0.000000,0.000000,0.000,0.000,AP
2026-04-10 13:21:16,1900-01-00 00:00:00,1008-wombat,B8:27:EB:CA:A1:3C,-43, WPA ,0.000000,0.000000,0.000,0.000,AP
2026-04-10 13:21:16,1900-01-00 00:00:00,,C8:34:8E:2C:B6:E4,-47,,0.000000,0.000000,0.000,0.000,Client
2026-04-10 13:21:16,1900-01-00 00:00:00,1008-wombat,B8:27:EB:CA:A1:3C,-43, WPA ,0.000000,0.000000,0.000,0.000,AP
2026-04-10 13:21:16,1900-01-00 00:00:00,,C8:34:8E:2C:B6:E4,-47,,0.000000,0.000000,0.000,0.000,Client
2026-04-10 13:21:16,1900-01-00 00:00:00,,C8:34:8E:2C:B6:E4,-48,,0.000000,0.000000,0.000,0.000,Client
2026-04-10 13:21:16,1900-01-00 00:00:00,1008-wombat,B8:27:EB:CA:A1:3C,-43, WPA ,0.000000,0.000000,0.000,0.000,AP
2026-04-10 13:21:16,1900-01-00 00:00:00,1008-wombat,B8:27:EB:CA:A1:3C,-43, WPA ,0.000000,0.000000,0.000,0.000,AP
2026-04-10 13:21:16,1900-01-00 00:00:00,,C8:34:8E:2C:B6:E4,-47,,0.000000,0.000000,0.000,0.000,Client
2026-04-10 13:21:16,1900-01-00 00:00:00,,C8:34:8E:2C:B6:E4,-47,,0.000000,0.000000,0.000,0.000,Client
2026-04-10 13:21:16,1900-01-00 00:00:00,1008-wombat,B8:27:EB:CA:A1:3C,-43, WPA ,0.000000,0.000000,0.000,0.000,AP
2026-04-10 13:21:16,1900-01-00 00:00:00,1008-wombat,B8:27:EB:CA:A1:3C,-43, WPA ,0.000000,0.000000,0.000,0.000,AP
2026-04-10 13:21:16,1900-01-00 00:00:00,,C8:34:8E:2C:B6:E4,-47,,0.000000,0.000000,0.000,0.000,Client
2026-04-10 13:21:16,1900-01-00 00:00:00,1008-wombat,B8:27:EB:CA:A1:3C,-42, WPA ,0.000000,0.000000,0.000,0.000,AP
2026-04-10 13:21:16,1900-01-00 00:00:00,,C8:34:8E:2C:B6:E4,-48,,0.000000,0.000000,0.000,0.000,Client
2026-04-10 13:21:16,1900-01-00 00:00:00,1008-wombat,B8:27:EB:CA:A1:3C,-43, WPA ,0.000000,0.000000,0.000,0.000,AP
2026-04-10 13:21:16,1900-01-00 00:00:00,1008-wombat,B8:27:EB:CA:A1:3C,-46, WPA ,0.000000,0.000000,0.000,0.000,AP
2026-04-10 13:21:16,1900-01-00 00:00:00,,C8:34:8E:2C:B6:E4,-47,,0.000000,0.000000,0.000,0.000,Client
2026-04-10 13:21:16,1900-01-00 00:00:00,1008-wombat,B8:27:EB:CA:A1:3C,-42, WPA ,0.000000,0.000000,0.000,0.000,AP
2026-04-10 13:21:16,1900-01-00 00:00:00,1008-wombat,B8:27:EB:CA:A1:3C,-45, WPA ,0.000000,0.000000,0.000,0.000,AP
2026-04-10 13:21:16,1900-01-00 00:00:00,,C8:34:8E:2C:B6:E4,-48,,0.000000,0.000000,0.000,0.000,Client
2026-04-10 13:21:16,1900-01-00 00:00:00,1008-wombat,B8:27:EB:CA:A1:3C,-43, WPA ,0.000000,0.000000,0.000,0.000,AP
2026-04-10 13:21:16,1900-01-00 00:00:00,1008-wombat,B8:27:EB:CA:A1:3C,-43, WPA ,0.000000,0.000000,0.000,0.000,AP
2026-04-10 13:21:16,1900-01-00 00:00:00,1008-wombat,B8:27:EB:CA:A1:3C,-43, WPA ,0.000000,0.000000,0.000,0.000,AP
2026-04-10 13:21:16,1900-01-00 00:00:00,1008-wombat,B8:27:EB:CA:A1:3C,-43, WPA ,0.000000,0.000000,0.000,0.000,AP
2026-04-10 13:21:16,1900-01-00 00:00:00,1008-wombat,B8:27:EB:CA:A1:3C,-43, WPA ,0.000000,0.000000,0.000,0.000,AP
2026-04-10 13:21:16,1900-01-00 00:00:00,1008-wombat,B8:27:EB:CA:A1:3C,-43, WPA ,0.000000,0.000000,0.000,0.000,AP
2026-04-10 13:21:16,1900-01-00 00:00:00,,C8:34:8E:2C:B6:E4,-47,,0.000000,0.000000,0.000,0.000,Client
2026-04-10 13:21:16,1900-01-00 00:00:00,1008-wombat,B8:27:EB:CA:A1:3C,-41, WPA ,0.000000,0.000000,0.000,0.000,AP
2026-04-10 13:21:16,1900-01-00 00:00:00,1008-wombat,B8:27:EB:CA:A1:3C,-43, WPA ,0.000000,0.000000,0.000,0.000,AP
2026-04-10 13:21:16,1900-01-00 00:00:00,1008-wombat,B8:27:EB:CA:A1:3C,-46, WPA ,0.000000,0.000000,0.000,0.000,AP
2026-04-10 13:21:16,1900-01-00 00:00:00,,C8:34:8E:2C:B6:E4,-48,,0.000000,0.000000,0.000,0.000,Client
2026-04-10 13:21:16,1900-01-00 00:00:00,1008-wombat,B8:27:EB:CA:A1:3C,-44, WPA ,0.000000,0.000000,0.000,0.000,AP
2026-04-10 13:21:16,1900-01-00 00:00:00,1008-wombat,B8:27:EB:CA:A1:3C,-44, WPA ,0.000000,0.000000,0.000,0.000,AP
2026-04-10 13:21:16,1900-01-00 00:00:00,1008-wombat,B8:27:EB:CA:A1:3C,-46, WPA ,0.000000,0.000000,0.000,0.000,AP
2026-04-10 13:21:16,1900-01-00 00:00:00,1008-wombat,B8:27:EB:CA:A1:3C,-46, WPA ,0.000000,0.000000,0.000,0.000,AP
2026-04-10 13:21:16,1900-01-00 00:00:00,1008-wombat,B8:27:EB:CA:A1:3C,-44, WPA ,0.000000,0.000000,0.000,0.000,AP
2026-04-10 13:21:16,1900-01-00 00:00:00,,C8:34:8E:2C:B6:E4,-47,,0.000000,0.000000,0.000,0.000,Client
2026-04-10 13:21:16,1900-01-00 00:00:00,1008-wombat,B8:27:EB:CA:A1:3C,-42, WPA ,0.000000,0.000000,0.000,0.000,AP
2026-04-10 13:21:16,1900-01-00 00:00:00,1008-wombat,B8:27:EB:CA:A1:3C,-45, WPA ,0.000000,0.000000,0.000,0.000,AP
2026-04-10 13:21:16,1900-01-00 00:00:00,1008-wombat,B8:27:EB:CA:A1:3C,-45, WPA ,0.000000,0.000000,0.000,0.000,AP
2026-04-10 13:21:17,1900-01-00 00:00:00,,C8:34:8E:2C:B6:E4,-47,,0.000000,0.000000,0.000,0.000,Client
2026-04-10 13:21:17,1900-01-00 00:00:00,1008-wombat,B8:27:EB:CA:A1:3C,-44, WPA ,0.000000,0.000000,0.000,0.000,AP
2026-04-10 13:21:17,1900-01-00 00:00:00,,C8:34:8E:2C:B6:E4,-47,,0.000000,0.000000,0.000,0.000,Client
2026-04-10 13:21:17,1900-01-00 00:00:00,1008-wombat,B8:27:EB:CA:A1:3C,-43, WPA ,0.000000,0.000000,0.000,0.000,AP
2026-04-10 13:21:17,1900-01-00 00:00:00,,C8:34:8E:2C:B6:E4,-47,,0.000000,0.000000,0.000,0.000,Client
2026-04-10 13:21:17,1900-01-00 00:00:00,1008-wombat,B8:27:EB:CA:A1:3C,-43, WPA ,0.000000,0.000000,0.000,0.000,AP
2026-04-10 13:21:17,1900-01-00 00:00:00,1008-wombat,B8:27:EB:CA:A1:3C,-47, WPA ,0.000000,0.000000,0.000,0.000,AP
2026-04-10 13:21:17,1900-01-00 00:00:00,,C8:34:8E:2C:B6:E4,-47,,0.000000,0.000000,0.000,0.000,Client
2026-04-10 13:21:17,1900-01-00 00:00:00,1008-wombat,B8:27:EB:CA:A1:3C,-43, WPA ,0.000000,0.000000,0.000,0.000,AP
2026-04-10 13:21:17,1900-01-00 00:00:00,,C8:34:8E:2C:B6:E4,-48,,0.000000,0.000000,0.000,0.000,Client
2026-04-10 13:21:17,1900-01-00 00:00:00,1008-wombat,B8:27:EB:CA:A1:3C,-44, WPA ,0.000000,0.000000,0.000,0.000,AP
2026-04-10 13:21:17,1900-01-00 00:00:00,,C8:34:8E:2C:B6:E4,-47,,0.000000,0.000000,0.000,0.000,Client
2026-04-10 13:21:17,1900-01-00 00:00:00,,C8:34:8E:2C:B6:E4,-48,,0.000000,0.000000,0.000,0.000,Client
2026-04-10 13:21:17,1900-01-00 00:00:00,1008-wombat,B8:27:EB:CA:A1:3C,-45, WPA ,0.000000,0.000000,0.000,0.000,AP
2026-04-10 13:21:17,1900-01-00 00:00:00,1008-wombat,B8:27:EB:CA:A1:3C,-43, WPA ,0.000000,0.000000,0.000,0.000,AP
2026-04-10 13:21:17,1900-01-00 00:00:00,,C8:34:8E:2C:B6:E4,-47,,0.000000,0.000000,0.000,0.000,Client
2026-04-10 13:21:17,1900-01-00 00:00:00,,C8:34:8E:2C:B6:E4,-47,,0.000000,0.000000,0.000,0.000,Client
2026-04-10 13:21:17,1900-01-00 00:00:00,1008-wombat,B8:27:EB:CA:A1:3C,-43, WPA ,0.000000,0.000000,0.000,0.000,AP
2026-04-10 13:21:17,1900-01-00 00:00:00,1008-wombat,B8:27:EB:CA:A1:3C,-44, WPA ,0.000000,0.000000,0.000,0.000,AP
2026-04-10 13:21:17,1900-01-00 00:00:00,,C8:34:8E:2C:B6:E4,-47,,0.000000,0.000000,0.000,0.000,Client
2026-04-10 13:21:17,1900-01-00 00:00:00,1008-wombat,B8:27:EB:CA:A1:3C,-43, WPA ,0.000000,0.000000,0.000,0.000,AP
2026-04-10 13:21:17,1900-01-00 00:00:00,1008-wombat,B8:27:EB:CA:A1:3C,-44, WPA ,0.000000,0.000000,0.000,0.000,AP
2026-04-10 13:21:17,1900-01-00 00:00:00,,C8:34:8E:2C:B6:E4,-48,,0.000000,0.000000,0.000,0.000,Client
2026-04-10 13:21:17,1900-01-00 00:00:00,,C8:34:8E:2C:B6:E4,-48,,0.000000,0.000000,0.000,0.000,Client
2026-04-10 13:21:17,1900-01-00 00:00:00,1008-wombat,B8:27:EB:CA:A1:3C,-44, WPA ,0.000000,0.000000,0.000,0.000,AP
2026-04-10 13:21:17,1900-01-00 00:00:00,1008-wombat,B8:27:EB:CA:A1:3C,-43, WPA ,0.000000,0.000000,0.000,0.000,AP
2026-04-10 13:21:17,1900-01-00 00:00:00,,C8:34:8E:2C:B6:E4,-47,,0.000000,0.000000,0.000,0.000,Client
2026-04-10 13:21:17,1900-01-00 00:00:00,,C8:34:8E:2C:B6:E4,-47,,0.000000,0.000000,0.000,0.000,Client
2026-04-10 13:21:17,1900-01-00 00:00:00,1008-wombat,B8:27:EB:CA:A1:3C,-46, WPA ,0.000000,0.000000,0.000,0.000,AP
2026-04-10 13:21:17,1900-01-00 00:00:00,1008-wombat,B8:27:EB:CA:A1:3C,-46, WPA ,0.000000,0.000000,0.000,0.000,AP
2026-04-10 13:21:17,1900-01-00 00:00:00,,C8:34:8E:2C:B6:E4,-48,,0.000000,0.000000,0.000,0.000,Client
2026-04-10 13:21:17,1900-01-00 00:00:00,1008-wombat,B8:27:EB:CA:A1:3C,-46, WPA ,0.000000,0.000000,0.000,0.000,AP
2026-04-10 13:21:17,1900-01-00 00:00:00,,C8:34:8E:2C:B6:E4,-48,,0.000000,0.000000,0.000,0.000,Client
2026-04-10 13:21:17,1900-01-00 00:00:00,,C8:34:8E:2C:B6:E4,-47,,0.000000,0.000000,0.000,0.000,Client
2026-04-10 13:21:17,1900-01-00 00:00:00,1008-wombat,B8:27:EB:CA:A1:3C,-46, WPA ,0.000000,0.000000,0.000,0.000,AP
2026-04-10 13:21:17,1900-01-00 00:00:00,1008-wombat,B8:27:EB:CA:A1:3C,-46, WPA ,0.000000,0.000000,0.000,0.000,AP
2026-04-10 13:21:17,1900-01-00 00:00:00,,C8:34:8E:2C:B6:E4,-48,,0.000000,0.000000,0.000,0.000,Client
2026-04-10 13:21:17,1900-01-00 00:00:00,,C8:34:8E:2C:B6:E4,-47,,0.000000,0.000000,0.000,0.000,Client
2026-04-10 13:21:17,1900-01-00 00:00:00,1008-wombat,B8:27:EB:CA:A1:3C,-47, WPA ,0.000000,0.000000,0.000,0.000,AP
2026-04-10 13:21:17,1900-01-00 00:00:00,1008-wombat,B8:27:EB:CA:A1:3C,-46, WPA ,0.000000,0.000000,0.000,0.000,AP
2026-04-10 13:21:17,1900-01-00 00:00:00,,C8:34:8E:2C:B6:E4,-47,,0.000000,0.000000,0.000,0.000,Client
2026-04-10 13:21:17,1900-01-00 00:00:00,1008-wombat,B8:27:EB:CA:A1:3C,-46, WPA ,0.000000,0.000000,0.000,0.000,AP
2026-04-10 13:21:17,1900-01-00 00:00:00,,C8:34:8E:2C:B6:E4,-47,,0.000000,0.000000,0.000,0.000,Client
2026-04-10 13:21:17,1900-01-00 00:00:00,,C8:34:8E:2C:B6:E4,-47,,0.000000,0.000000,0.000,0.000,Client
2026-04-10 13:21:17,1900-01-00 00:00:00,1008-wombat,B8:27:EB:CA:A1:3C,-46, WPA ,0.000000,0.000000,0.000,0.000,AP
2026-04-10 13:21:17,1900-01-00 00:00:00,1008-wombat,B8:27:EB:CA:A1:3C,-46, WPA ,0.000000,0.000000,0.000,0.000,AP
2026-04-10 13:21:17,1900-01-00 00:00:00,,C8:34:8E:2C:B6:E4,-48,,0.000000,0.000000,0.000,0.000,Client
2026-04-10 13:21:17,1900-01-00 00:00:00,,C8:34:8E:2C:B6:E4,-48,,0.000000,0.000000,0.000,0.000,Client
2026-04-10 13:21:17,1900-01-00 00:00:00,1008-wombat,B8:27:EB:CA:A1:3C,-47, WPA ,0.000000,0.000000,0.000,0.000,AP
2026-04-10 13:21:17,1900-01-00 00:00:00,1008-wombat,B8:27:EB:CA:A1:3C,-47, WPA ,0.000000,0.000000,0.000,0.000,AP
2026-04-10 13:21:17,1900-01-00 00:00:00,,C8:34:8E:2C:B6:E4,-48,,0.000000,0.000000,0.000,0.000,Client
2026-04-10 13:21:17,1900-01-00 00:00:00,1008-wombat,B8:27:EB:CA:A1:3C,-45, WPA ,0.000000,0.000000,0.000,0.000,AP
2026-04-10 13:21:17,1900-01-00 00:00:00,,C8:34:8E:2C:B6:E4,-47,,0.000000,0.000000,0.000,0.000,Client
2026-04-10 13:21:17,1900-01-00 00:00:00,1008-wombat,B8:27:EB:CA:A1:3C,-47, WPA ,0.000000,0.000000,0.000,0.000,AP
2026-04-10 13:21:17,1900-01-00 00:00:00,,C8:34:8E:2C:B6:E4,-46,,0.000000,0.000000,0.000,0.000,Client
2026-04-10 13:21:17,1900-01-00 00:00:00,,C8:34:8E:2C:B6:E4,-49,,0.000000,0.000000,0.000,0.000,Client
2026-04-10 13:21:17,1900-01-00 00:00:00,1008-wombat,B8:27:EB:CA:A1:3C,-46, WPA ,0.000000,0.000000,0.000,0.000,AP
2026-04-10 13:21:17,1900-01-00 00:00:00,1008-wombat,B8:27:EB:CA:A1:3C,-46, WPA ,0.000000,0.000000,0.000,0.000,AP
2026-04-10 13:21:17,1900-01-00 00:00:00,,C8:34:8E:2C:B6:E4,-48,,0.000000,0.000000,0.000,0.000,Client
2026-04-10 13:21:17,1900-01-00 00:00:00,1008-wombat,B8:27:EB:CA:A1:3C,-45, WPA ,0.000000,0.000000,0.000,0.000,AP
2026-04-10 13:21:17,1900-01-00 00:00:00,,C8:34:8E:2C:B6:E4,-47,,0.000000,0.000000,0.000,0.000,Client
2026-04-10 13:21:17,1900-01-00 00:00:00,1008-wombat,B8:27:EB:CA:A1:3C,-46, WPA ,0.000000,0.000000,0.000,0.000,AP
2026-04-10 13:21:17,1900-01-00 00:00:00,1008-wombat,B8:27:EB:CA:A1:3C,-44, WPA ,0.000000,0.000000,0.000,0.000,AP
2026-04-10 13:21:17,1900-01-00 00:00:00,,C8:34:8E:2C:B6:E4,-48,,0.000000,0.000000,0.000,0.000,Client
2026-04-10 13:21:17,1900-01-00 00:00:00,,C8:34:8E:2C:B6:E4,-48,,0.000000,0.000000,0.000,0.000,Client
2026-04-10 13:21:17,1900-01-00 00:00:00,1008-wombat,B8:27:EB:CA:A1:3C,-47, WPA ,0.000000,0.000000,0.000,0.000,AP
2026-04-10 13:21:17,1900-01-00 00:00:00,1008-wombat,B8:27:EB:CA:A1:3C,-46, WPA ,0.000000,0.000000,0.000,0.000,AP
2026-04-10 13:21:17,1900-01-00 00:00:00,,C8:34:8E:2C:B6:E4,-48,,0.000000,0.000000,0.000,0.000,Client
2026-04-10 13:21:17,1900-01-00 00:00:00,,C8:34:8E:2C:B6:E4,-48,,0.000000,0.000000,0.000,0.000,Client
2026-04-10 13:21:17,1900-01-00 00:00:00,1008-wombat,B8:27:EB:CA:A1:3C,-46, WPA ,0.000000,0.000000,0.000,0.000,AP
2026-04-10 13:21:17,1900-01-00 00:00:00,1008-wombat,B8:27:EB:CA:A1:3C,-46, WPA ,0.000000,0.000000,0.000,0.000,AP
2026-04-10 13:21:17,1900-01-00 00:00:00,,C8:34:8E:2C:B6:E4,-48,,0.000000,0.000000,0.000,0.000,Client
2026-04-10 13:21:17,1900-01-00 00:00:00,1008-wombat,B8:27:EB:CA:A1:3C,-46, WPA ,0.000000,0.000000,0.000,0.000,AP
2026-04-10 13:21:17,1900-01-00 00:00:00,,C8:34:8E:2C:B6:E4,-47,,0.000000,0.000000,0.000,0.000,Client
2026-04-10 13:21:17,1900-01-00 00:00:00,,C8:34:8E:2C:B6:E4,-47,,0.000000,0.000000,0.000,0.000,Client
2026-04-10 13:21:17,1900-01-00 00:00:00,1008-wombat,B8:27:EB:CA:A1:3C,-46, WPA ,0.000000,0.000000,0.000,0.000,AP
2026-04-10 13:21:17,1900-01-00 00:00:00,1008-wombat,B8:27:EB:CA:A1:3C,-46, WPA ,0.000000,0.000000,0.000,0.000,AP
2026-04-10 13:21:17,1900-01-00 00:00:00,,C8:34:8E:2C:B6:E4,-48,,0.000000,0.000000,0.000,0.000,Client
2026-04-10 13:21:17,1900-01-00 00:00:00,,C8:34:8E:2C:B6:E4,-48,,0.000000,0.000000,0.000,0.000,Client
2026-04-10 13:21:17,1900-01-00 00:00:00,1008-wombat,B8:27:EB:CA:A1:3C,-47, WPA ,0.000000,0.000000,0.000,0.000,AP
2026-04-10 13:21:17,1900-01-00 00:00:00,1008-wombat,B8:27:EB:CA:A1:3C,-46, WPA ,0.000000,0.000000,0.000,0.000,AP
2026-04-10 13:21:17,1900-01-00 00:00:00,,C8:34:8E:2C:B6:E4,-47,,0.000000,0.000000,0.000,0.000,Client
2026-04-10 13:21:17,1900-01-00 00:00:00,1008-wombat,B8:27:EB:CA:A1:3C,-46, WPA ,0.000000,0.000000,0.000,0.000,AP
2026-04-10 13:21:17,1900-01-00 00:00:00,,C8:34:8E:2C:B6:E4,-48,,0.000000,0.000000,0.000,0.000,Client
2026-04-10 13:21:17,1900-01-00 00:00:00,1008-wombat,B8:27:EB:CA:A1:3C,-44, WPA ,0.000000,0.000000,0.000,0.000,AP
2026-04-10 13:21:17,1900-01-00 00:00:00,1008-wombat,B8:27:EB:CA:A1:3C,-43, WPA ,0.000000,0.000000,0.000,0.000,AP
2026-04-10 13:21:17,1900-01-00 00:00:00,1008-wombat,B8:27:EB:CA:A1:3C,-44, WPA ,0.000000,0.000000,0.000,0.000,AP
2026-04-10 13:21:17,1900-01-00 00:00:00,1008-wombat,B8:27:EB:CA:A1:3C,-44, WPA ,0.000000,0.000000,0.000,0.000,AP
2026-04-10 13:21:17,1900-01-00 00:00:00,,C8:34:8E:2C:B6:E4,-46,,0.000000,0.000000,0.000,0.000,Client
2026-04-10 13:21:17,1900-01-00 00:00:00,1008-wombat,B8:27:EB:CA:A1:3C,-43, WPA ,0.000000,0.000000,0.000,0.000,AP
2026-04-10 13:21:17,1900-01-00 00:00:00,1008-wombat,B8:27:EB:CA:A1:3C,-44, WPA ,0.000000,0.000000,0.000,0.000,AP
2026-04-10 13:21:17,1900-01-00 00:00:00,1008-wombat,B8:27:EB:CA:A1:3C,-45, WPA ,0.000000,0.000000,0.000,0.000,AP
2026-04-10 13:21:17,1900-01-00 00:00:00,1008-wombat,B8:27:EB:CA:A1:3C,-47, WPA ,0.000000,0.000000,0.000,0.000,AP
2026-04-10 13:21:17,1900-01-00 00:00:00,1008-wombat,B8:27:EB:CA:A1:3C,-44, WPA ,0.000000,0.000000,0.000,0.000,AP
2026-04-10 13:21:17,1900-01-00 00:00:00,1008-wombat,B8:27:EB:CA:A1:3C,-44, WPA ,0.000000,0.000000,0.000,0.000,AP
2026-04-10 13:21:17,1900-01-00 00:00:00,1008-wombat,B8:27:EB:CA:A1:3C,-43, WPA ,0.000000,0.000000,0.000,0.000,AP
2026-04-10 13:21:17,1900-01-00 00:00:00,1008-wombat,B8:27:EB:CA:A1:3C,-43, WPA ,0.000000,0.000000,0.000,0.000,AP
2026-04-10 13:21:17,1900-01-00 00:00:00,1008-wombat,B8:27:EB:CA:A1:3C,-44, WPA ,0.000000,0.000000,0.000,0.000,AP
2026-04-10 13:21:17,1900-01-00 00:00:00,1008-wombat,B8:27:EB:CA:A1:3C,-43, WPA ,0.000000,0.000000,0.000,0.000,AP
2026-04-10 13:21:17,1900-01-00 00:00:00,1008-wombat,B8:27:EB:CA:A1:3C,-44, WPA ,0.000000,0.000000,0.000,0.000,AP
2026-04-10 13:21:17,1900-01-00 00:00:00,1008-wombat,B8:27:EB:CA:A1:3C,-44, WPA ,0.000000,0.000000,0.000,0.000,AP
2026-04-10 13:21:17,1900-01-00 00:00:00,1008-wombat,B8:27:EB:CA:A1:3C,-44, WPA ,0.000000,0.000000,0.000,0.000,AP
2026-04-10 13:21:17,1900-01-00 00:00:00,1008-wombat,B8:27:EB:CA:A1:3C,-43, WPA ,0.000000,0.000000,0.000,0.000,AP
2026-04-10 13:21:17,1900-01-00 00:00:00,1008-wombat,B8:27:EB:CA:A1:3C,-44, WPA ,0.000000,0.000000,0.000,0.000,AP
2026-04-10 13:21:17,1900-01-00 00:00:00,1008-wombat,B8:27:EB:CA:A1:3C,-44, WPA ,0.000000,0.000000,0.000,0.000,AP
2026-04-10 13:21:17,1900-01-00 00:00:00,1008-wombat,B8:27:EB:CA:A1:3C,-42, WPA ,0.000000,0.000000,0.000,0.000,AP
2026-04-10 13:21:17,1900-01-00 00:00:00,1008-wombat,B8:27:EB:CA:A1:3C,-43, WPA ,0.000000,0.000000,0.000,0.000,AP
2026-04-10 13:21:17,1900-01-00 00:00:00,1008-wombat,B8:27:EB:CA:A1:3C,-43, WPA ,0.000000,0.000000,0.000,0.000,AP
2026-04-10 13:21:17,1900-01-00 00:00:00,1008-wombat,B8:27:EB:CA:A1:3C,-43, WPA ,0.000000,0.000000,0.000,0.000,AP
2026-04-10 13:21:17,1900-01-00 00:00:00,1008-wombat,B8:27:EB:CA:A1:3C,-42, WPA ,0.000000,0.000000,0.000,0.000,AP
2026-04-10 13:21:17,1900-01-00 00:00:00,1008-wombat,B8:27:EB:CA:A1:3C,-43, WPA ,0.000000,0.000000,0.000,0.000,AP
2026-04-10 13:21:17,1900-01-00 00:00:00,1008-wombat,B8:27:EB:CA:A1:3C,-43, WPA ,0.000000,0.000000,0.000,0.000,AP
2026-04-10 13:21:17,1900-01-00 00:00:00,1008-wombat,B8:27:EB:CA:A1:3C,-42, WPA ,0.000000,0.000000,0.000,0.000,AP
2026-04-10 13:21:17,1900-01-00 00:00:00,,C8:34:8E:2C:B6:E4,-47,,0.000000,0.000000,0.000,0.000,Client
2026-04-10 13:21:17,1900-01-00 00:00:00,1008-wombat,B8:27:EB:CA:A1:3C,-40, WPA ,0.000000,0.000000,0.000,0.000,AP
2026-04-10 13:21:17,1900-01-00 00:00:00,1008-wombat,B8:27:EB:CA:A1:3C,-40, WPA ,0.000000,0.000000,0.000,0.000,AP
2026-04-10 13:21:17,1900-01-00 00:00:00,1008-wombat,B8:27:EB:CA:A1:3C,-45, WPA ,0.000000,0.000000,0.000,0.000,AP
2026-04-10 13:21:17,1900-01-00 00:00:00,1008-wombat,B8:27:EB:CA:A1:3C,-45, WPA ,0.000000,0.000000,0.000,0.000,AP
2026-04-10 13:21:17,1900-01-00 00:00:00,1008-wombat,B8:27:EB:CA:A1:3C,-45, WPA ,0.000000,0.000000,0.000,0.000,AP
2026-04-10 13:21:17,1900-01-00 00:00:00,1008-wombat,B8:27:EB:CA:A1:3C,-45, WPA ,0.000000,0.000000,0.000,0.000,AP
2026-04-10 13:21:17,1900-01-00 00:00:00,1008-wombat,B8:27:EB:CA:A1:3C,-45, WPA ,0.000000,0.000000,0.000,0.000,AP
2026-04-10 13:21:17,1900-01-00 00:00:00,1008-wombat,B8:27:EB:CA:A1:3C,-45, WPA ,0.000000,0.000000,0.000,0.000,AP
2026-04-10 13:21:17,1900-01-00 00:00:00,1008-wombat,B8:27:EB:CA:A1:3C,-44, WPA ,0.000000,0.000000,0.000,0.000,AP
2026-04-10 13:21:17,1900-01-00 00:00:00,1008-wombat,B8:27:EB:CA:A1:3C,-45, WPA ,0.000000,0.000000,0.000,0.000,AP
2026-04-10 13:21:17,1900-01-00 00:00:00,1008-wombat,B8:27:EB:CA:A1:3C,-45, WPA ,0.000000,0.000000,0.000,0.000,AP
2026-04-10 13:21:17,1900-01-00 00:00:00,1008-wombat,B8:27:EB:CA:A1:3C,-45, WPA ,0.000000,0.000000,0.000,0.000,AP
2026-04-10 13:21:17,1900-01-00 00:00:00,1008-wombat,B8:27:EB:CA:A1:3C,-45, WPA ,0.000000,0.000000,0.000,0.000,AP
2026-04-10 13:21:17,1900-01-00 00:00:00,1008-wombat,B8:27:EB:CA:A1:3C,-45, WPA ,0.000000,0.000000,0.000,0.000,AP
2026-04-10 13:21:17,1900-01-00 00:00:00,1008-wombat,B8:27:EB:CA:A1:3C,-45, WPA ,0.000000,0.000000,0.000,0.000,AP
2026-04-10 13:21:17,1900-01-00 00:00:00,1008-wombat,B8:27:EB:CA:A1:3C,-44, WPA ,0.000000,0.000000,0.000,0.000,AP
2026-04-10 13:21:17,1900-01-00 00:00:00,1008-wombat,B8:27:EB:CA:A1:3C,-46, WPA ,0.000000,0.000000,0.000,0.000,AP
2026-04-10 13:21:18,1900-01-00 00:00:00,1008-wombat,B8:27:EB:CA:A1:3C,-44, WPA ,0.000000,0.000000,0.000,0.000,AP
2026-04-10 13:21:18,1900-01-00 00:00:00,1008-wombat,B8:27:EB:CA:A1:3C,-43, WPA ,0.000000,0.000000,0.000,0.000,AP
2026-04-10 13:21:18,1900-01-00 00:00:00,1008-wombat,B8:27:EB:CA:A1:3C,-45, WPA ,0.000000,0.000000,0.000,0.000,AP
2026-04-10 13:21:18,1900-01-00 00:00:00,,C8:34:8E:2C:B6:E4,-47,,0.000000,0.000000,0.000,0.000,Client
2026-04-10 13:21:18,1900-01-00 00:00:00,1008-wombat,B8:27:EB:CA:A1:3C,-44, WPA ,0.000000,0.000000,0.000,0.000,AP
2026-04-10 13:21:18,1900-01-00 00:00:00,1008-wombat,B8:27:EB:CA:A1:3C,-43, WPA ,0.000000,0.000000,0.000,0.000,AP
2026-04-10 13:21:18,1900-01-00 00:00:00,1008-wombat,B8:27:EB:CA:A1:3C,-42, WPA ,0.000000,0.000000,0.000,0.000,AP
2026-04-10 13:21:18,1900-01-00 00:00:00,1008-wombat,B8:27:EB:CA:A1:3C,-44, WPA ,0.000000,0.000000,0.000,0.000,AP
2026-04-10 13:21:18,1900-01-00 00:00:00,,C8:34:8E:2C:B6:E4,-47,,0.000000,0.000000,0.000,0.000,Client
2026-04-10 13:21:18,1900-01-00 00:00:00,1008-wombat,B8:27:EB:CA:A1:3C,-41, WPA ,0.000000,0.000000,0.000,0.000,AP
2026-04-10 13:21:18,1900-01-00 00:00:00,1008-wombat,B8:27:EB:CA:A1:3C,-42, WPA ,0.000000,0.000000,0.000,0.000,AP
2026-04-10 13:21:18,1900-01-00 00:00:00,1008-wombat,B8:27:EB:CA:A1:3C,-45, WPA ,0.000000,0.000000,0.000,0.000,AP
2026-04-10 13:21:18,1900-01-00 00:00:00,1008-wombat,B8:27:EB:CA:A1:3C,-45, WPA ,0.000000,0.000000,0.000,0.000,AP
2026-04-10 13:21:18,1900-01-00 00:00:00,1008-wombat,B8:27:EB:CA:A1:3C,-47, WPA ,0.000000,0.000000,0.000,0.000,AP
2026-04-10 13:21:18,1900-01-00 00:00:00,1008-wombat,B8:27:EB:CA:A1:3C,-47, WPA ,0.000000,0.000000,0.000,0.000,AP
2026-04-10 13:21:18,1900-01-00 00:00:00,1008-wombat,B8:27:EB:CA:A1:3C,-47, WPA ,0.000000,0.000000,0.000,0.000,AP
2026-04-10 13:21:18,1900-01-00 00:00:00,1008-wombat,B8:27:EB:CA:A1:3C,-47, WPA ,0.000000,0.000000,0.000,0.000,AP
2026-04-10 13:21:18,1900-01-00 00:00:00,1008-wombat,B8:27:EB:CA:A1:3C,-45, WPA ,0.000000,0.000000,0.000,0.000,AP
2026-04-10 13:21:18,1900-01-00 00:00:00,1008-wombat,B8:27:EB:CA:A1:3C,-46, WPA ,0.000000,0.000000,0.000,0.000,AP
2026-04-10 13:21:18,1900-01-00 00:00:00,1008-wombat,B8:27:EB:CA:A1:3C,-46, WPA ,0.000000,0.000000,0.000,0.000,AP
2026-04-10 13:21:18,1900-01-00 00:00:00,1008-wombat,B8:27:EB:CA:A1:3C,-46, WPA ,0.000000,0.000000,0.000,0.000,AP
2026-04-10 13:21:18,1900-01-00 00:00:00,1008-wombat,B8:27:EB:CA:A1:3C,-46, WPA ,0.000000,0.000000,0.000,0.000,AP
2026-04-10 13:21:18,1900-01-00 00:00:00,1008-wombat,B8:27:EB:CA:A1:3C,-46, WPA ,0.000000,0.000000,0.000,0.000,AP
2026-04-10 13:21:18,1900-01-00 00:00:00,1008-wombat,B8:27:EB:CA:A1:3C,-46, WPA ,0.000000,0.000000,0.000,0.000,AP
2026-04-10 13:21:18,1900-01-00 00:00:00,1008-wombat,B8:27:EB:CA:A1:3C,-45, WPA ,0.000000,0.000000,0.000,0.000,AP
2026-04-10 13:21:18,1900-01-00 00:00:00,1008-wombat,B8:27:EB:CA:A1:3C,-45, WPA ,0.000000,0.000000,0.000,0.000,AP
2026-04-10 13:21:18,1900-01-00 00:00:00,1008-wombat,B8:27:EB:CA:A1:3C,-45, WPA ,0.000000,0.000000,0.000,0.000,AP
2026-04-10 13:21:18,1900-01-00 00:00:00,1008-wombat,B8:27:EB:CA:A1:3C,-45, WPA ,0.000000,0.000000,0.000,0.000,AP
2026-04-10 13:21:18,1900-01-00 00:00:00,1008-wombat,B8:27:EB:CA:A1:3C,-45, WPA ,0.000000,0.000000,0.000,0.000,AP
2026-04-10 13:21:18,1900-01-00 00:00:00,1008-wombat,B8:27:EB:CA:A1:3C,-45, WPA ,0.000000,0.000000,0.000,0.000,AP
2026-04-10 13:21:18,1900-01-00 00:00:00,1008-wombat,B8:27:EB:CA:A1:3C,-46, WPA ,0.000000,0.000000,0.000,0.000,AP
2026-04-10 13:21:18,1900-01-00 00:00:00,1008-wombat,B8:27:EB:CA:A1:3C,-44, WPA ,0.000000,0.000000,0.000,0.000,AP
2026-04-10 13:21:18,1900-01-00 00:00:00,1008-wombat,B8:27:EB:CA:A1:3C,-44, WPA ,0.000000,0.000000,0.000,0.000,AP
2026-04-10 13:21:18,1900-01-00 00:00:00,1008-wombat,B8:27:EB:CA:A1:3C,-45, WPA ,0.000000,0.000000,0.000,0.000,AP
2026-04-10 13:21:18,1900-01-00 00:00:00,,C8:34:8E:2C:B6:E4,-46,,0.000000,0.000000,0.000,0.000,Client
2026-04-10 13:21:18,1900-01-00 00:00:00,,C8:34:8E:2C:B6:E4,-46,,0.000000,0.000000,0.000,0.000,Client
2026-04-10 13:21:18,1900-01-00 00:00:00,,C8:34:8E:2C:B6:E4,-46,,0.000000,0.000000,0.000,0.000,Client
2026-04-10 13:21:18,1900-01-00 00:00:00,1008-wombat,B8:27:EB:CA:A1:3C,-43, WPA ,0.000000,0.000000,0.000,0.000,AP
2026-04-10 13:21:18,1900-01-00 00:00:00,1008-wombat,B8:27:EB:CA:A1:3C,-46, WPA ,0.000000,0.000000,0.000,0.000,AP
2026-04-10 13:21:18,1900-01-00 00:00:00,1008-wombat,B8:27:EB:CA:A1:3C,-46, WPA ,0.000000,0.000000,0.000,0.000,AP
2026-04-10 13:21:18,1900-01-00 00:00:00,1008-wombat,B8:27:EB:CA:A1:3C,-46, WPA ,0.000000,0.000000,0.000,0.000,AP
2026-04-10 13:21:18,1900-01-00 00:00:00,1008-wombat,B8:27:EB:CA:A1:3C,-44, WPA ,0.000000,0.000000,0.000,0.000,AP
2026-04-10 13:21:18,1900-01-00 00:00:00,1008-wombat,B8:27:EB:CA:A1:3C,-44, WPA ,0.000000,0.000000,0.000,0.000,AP
2026-04-10 13:21:18,1900-01-00 00:00:00,,C8:34:8E:2C:B6:E4,-47,,0.000000,0.000000,0.000,0.000,Client
2026-04-10 13:21:18,1900-01-00 00:00:00,,C8:34:8E:2C:B6:E4,-47,,0.000000,0.000000,0.000,0.000,Client
2026-04-10 13:21:18,1900-01-00 00:00:00,,C8:34:8E:2C:B6:E4,-46,,0.000000,0.000000,0.000,0.000,Client
2026-04-10 13:21:18,1900-01-00 00:00:00,1008-wombat,B8:27:EB:CA:A1:3C,-45, WPA ,0.000000,0.000000,0.000,0.000,AP
2026-04-10 13:21:18,1900-01-00 00:00:00,1008-wombat,B8:27:EB:CA:A1:3C,-44, WPA ,0.000000,0.000000,0.000,0.000,AP
2026-04-10 13:21:18,1900-01-00 00:00:00,1008-wombat,B8:27:EB:CA:A1:3C,-45, WPA ,0.000000,0.000000,0.000,0.000,AP
2026-04-10 13:21:18,1900-01-00 00:00:00,1008-wombat,B8:27:EB:CA:A1:3C,-43, WPA ,0.000000,0.000000,0.000,0.000,AP
2026-04-10 13:21:18,1900-01-00 00:00:00,1008-wombat,B8:27:EB:CA:A1:3C,-44, WPA ,0.000000,0.000000,0.000,0.000,AP
2026-04-10 13:21:18,1900-01-00 00:00:00,1008-wombat,B8:27:EB:CA:A1:3C,-46, WPA ,0.000000,0.000000,0.000,0.000,AP
2026-04-10 13:21:18,1900-01-00 00:00:00,1008-wombat,B8:27:EB:CA:A1:3C,-45, WPA ,0.000000,0.000000,0.000,0.000,AP
2026-04-10 13:21:18,1900-01-00 00:00:00,1008-wombat,B8:27:EB:CA:A1:3C,-45, WPA ,0.000000,0.000000,0.000,0.000,AP
2026-04-10 13:21:18,1900-01-00 00:00:00,1008-wombat,B8:27:EB:CA:A1:3C,-48, WPA ,0.000000,0.000000,0.000,0.000,AP
2026-04-10 13:21:18,1900-01-00 00:00:00,1008-wombat,B8:27:EB:CA:A1:3C,-47, WPA ,0.000000,0.000000,0.000,0.000,AP
2026-04-10 13:21:18,1900-01-00 00:00:00,1008-wombat,B8:27:EB:CA:A1:3C,-45, WPA ,0.000000,0.000000,0.000,0.000,AP
2026-04-10 13:21:18,1900-01-00 00:00:00,1008-wombat,B8:27:EB:CA:A1:3C,-45, WPA ,0.000000,0.000000,0.000,0.000,AP
2026-04-10 13:21:18,1900-01-00 00:00:00,1008-wombat,B8:27:EB:CA:A1:3C,-42, WPA ,0.000000,0.000000,0.000,0.000,AP
2026-04-10 13:21:18,1900-01-00 00:00:00,1008-wombat,B8:27:EB:CA:A1:3C,-45, WPA ,0.000000,0.000000,0.000,0.000,AP
2026-04-10 13:21:18,1900-01-00 00:00:00,1008-wombat,B8:27:EB:CA:A1:3C,-46, WPA ,0.000000,0.000000,0.000,0.000,AP
2026-04-10 13:21:18,1900-01-00 00:00:00,1008-wombat,B8:27:EB:CA:A1:3C,-47, WPA ,0.000000,0.000000,0.000,0.000,AP
2026-04-10 13:21:18,1900-01-00 00:00:00,1008-wombat,B8:27:EB:CA:A1:3C,-47, WPA ,0.000000,0.000000,0.000,0.000,AP
2026-04-10 13:21:18,1900-01-00 00:00:00,1008-wombat,B8:27:EB:CA:A1:3C,-47, WPA ,0.000000,0.000000,0.000,0.000,AP
2026-04-10 13:21:18,1900-01-00 00:00:00,1008-wombat,B8:27:EB:CA:A1:3C,-48, WPA ,0.000000,0.000000,0.000,0.000,AP
2026-04-10 13:21:18,1900-01-00 00:00:00,1008-wombat,B8:27:EB:CA:A1:3C,-47, WPA ,0.000000,0.000000,0.000,0.000,AP
2026-04-10 13:21:18,1900-01-00 00:00:00,1008-wombat,B8:27:EB:CA:A1:3C,-48, WPA ,0.000000,0.000000,0.000,0.000,AP
2026-04-10 13:21:18,1900-01-00 00:00:00,1008-wombat,B8:27:EB:CA:A1:3C,-48, WPA ,0.000000,0.000000,0.000,0.000,AP
2026-04-10 13:21:18,1900-01-00 00:00:00,1008-wombat,B8:27:EB:CA:A1:3C,-47, WPA ,0.000000,0.000000,0.000,0.000,AP
2026-04-10 13:21:18,1900-01-00 00:00:00,1008-wombat,B8:27:EB:CA:A1:3C,-46, WPA ,0.000000,0.000000,0.000,0.000,AP
2026-04-10 13:21:19,1900-01-00 00:00:00,1008-wombat,B8:27:EB:CA:A1:3C,-45, WPA ,0.000000,0.000000,0.000,0.000,AP
2026-04-10 13:21:19,1900-01-00 00:00:00,1008-wombat,B8:27:EB:CA:A1:3C,-46, WPA ,0.000000,0.000000,0.000,0.000,AP
2026-04-10 13:21:19,1900-01-00 00:00:00,1008-wombat,B8:27:EB:CA:A1:3C,-48, WPA ,0.000000,0.000000,0.000,0.000,AP
2026-04-10 13:21:19,1900-01-00 00:00:00,,C8:34:8E:2C:B6:E4,-46,,0.000000,0.000000,0.000,0.000,Client
2026-04-10 13:21:19,1900-01-00 00:00:00,1008-wombat,B8:27:EB:CA:A1:3C,-45, WPA ,0.000000,0.000000,0.000,0.000,AP
2026-04-10 13:21:19,1900-01-00 00:00:00,1008-wombat,B8:27:EB:CA:A1:3C,-46, WPA ,0.000000,0.000000,0.000,0.000,AP
2026-04-10 13:21:19,1900-01-00 00:00:00,,C8:34:8E:2C:B6:E4,-45,,0.000000,0.000000,0.000,0.000,Client
2026-04-10 13:21:19,1900-01-00 00:00:00,1008-wombat,B8:27:EB:CA:A1:3C,-46, WPA ,0.000000,0.000000,0.000,0.000,AP
2026-04-10 13:21:19,1900-01-00 00:00:00,1008-wombat,B8:27:EB:CA:A1:3C,-45, WPA ,0.000000,0.000000,0.000,0.000,AP
2026-04-10 13:21:19,1900-01-00 00:00:00,1008-wombat,B8:27:EB:CA:A1:3C,-46, WPA ,0.000000,0.000000,0.000,0.000,AP
2026-04-10 13:21:19,1900-01-00 00:00:00,1008-wombat,B8:27:EB:CA:A1:3C,-49, WPA ,0.000000,0.000000,0.000,0.000,AP
2026-04-10 13:21:19,1900-01-00 00:00:00,1008-wombat,B8:27:EB:CA:A1:3C,-49, WPA ,0.000000,0.000000,0.000,0.000,AP
2026-04-10 13:21:19,1900-01-00 00:00:00,1008-wombat,B8:27:EB:CA:A1:3C,-48, WPA ,0.000000,0.000000,0.000,0.000,AP
2026-04-10 13:21:19,1900-01-00 00:00:00,1008-wombat,B8:27:EB:CA:A1:3C,-46, WPA ,0.000000,0.000000,0.000,0.000,AP
2026-04-10 13:21:19,1900-01-00 00:00:00,1008-wombat,B8:27:EB:CA:A1:3C,-48, WPA ,0.000000,0.000000,0.000,0.000,AP
2026-04-10 13:21:19,1900-01-00 00:00:00,1008-wombat,B8:27:EB:CA:A1:3C,-48, WPA ,0.000000,0.000000,0.000,0.000,AP
2026-04-10 13:21:19,1900-01-00 00:00:00,1008-wombat,B8:27:EB:CA:A1:3C,-48, WPA ,0.000000,0.000000,0.000,0.000,AP
2026-04-10 13:21:19,1900-01-00 00:00:00,1008-wombat,B8:27:EB:CA:A1:3C,-45, WPA ,0.000000,0.000000,0.000,0.000,AP
2026-04-10 13:21:19,1900-01-00 00:00:00,,C8:34:8E:2C:B6:E4,-46,,0.000000,0.000000,0.000,0.000,Client
2026-04-10 13:21:19,1900-01-00 00:00:00,,C8:34:8E:2C:B6:E4,-46,,0.000000,0.000000,0.000,0.000,Client
2026-04-10 13:21:19,1900-01-00 00:00:00,1008-wombat,B8:27:EB:CA:A1:3C,-45, WPA ,0.000000,0.000000,0.000,0.000,AP
2026-04-10 13:21:19,1900-01-00 00:00:00,,C8:34:8E:2C:B6:E4,-46,,0.000000,0.000000,0.000,0.000,Client
2026-04-10 13:21:19,1900-01-00 00:00:00,,C8:34:8E:2C:B6:E4,-46,,0.000000,0.000000,0.000,0.000,Client
2026-04-10 13:21:19,1900-01-00 00:00:00,1008-wombat,B8:27:EB:CA:A1:3C,-44, WPA ,0.000000,0.000000,0.000,0.000,AP
2026-04-10 13:21:19,1900-01-00 00:00:00,1008-wombat,B8:27:EB:CA:A1:3C,-45, WPA ,0.000000,0.000000,0.000,0.000,AP
2026-04-10 13:21:19,1900-01-00 00:00:00,1008-wombat,B8:27:EB:CA:A1:3C,-44, WPA ,0.000000,0.000000,0.000,0.000,AP
2026-04-10 13:21:19,1900-01-00 00:00:00,,C8:34:8E:2C:B6:E4,-47,,0.000000,0.000000,0.000,0.000,Client
2026-04-10 13:21:19,1900-01-00 00:00:00,1008-wombat,B8:27:EB:CA:A1:3C,-44, WPA ,0.000000,0.000000,0.000,0.000,AP
2026-04-10 13:21:19,1900-01-00 00:00:00,,C8:34:8E:2C:B6:E4,-47,,0.000000,0.000000,0.000,0.000,Client
2026-04-10 13:21:19,1900-01-00 00:00:00,,C8:34:8E:2C:B6:E4,-46,,0.000000,0.000000,0.000,0.000,Client
2026-04-10 13:21:19,1900-01-00 00:00:00,1008-wombat,B8:27:EB:CA:A1:3C,-44, WPA ,0.000000,0.000000,0.000,0.000,AP
2026-04-10 13:21:19,1900-01-00 00:00:00,,C8:34:8E:2C:B6:E4,-46,,0.000000,0.000000,0.000,0.000,Client
2026-04-10 13:21:19,1900-01-00 00:00:00,1008-wombat,B8:27:EB:CA:A1:3C,-44, WPA ,0.000000,0.000000,0.000,0.000,AP
2026-04-10 13:21:19,1900-01-00 00:00:00,1008-wombat,B8:27:EB:CA:A1:3C,-44, WPA ,0.000000,0.000000,0.000,0.000,AP
2026-04-10 13:21:19,1900-01-00 00:00:00,1008-wombat,B8:27:EB:CA:A1:3C,-44, WPA ,0.000000,0.000000,0.000,0.000,AP
2026-04-10 13:21:19,1900-01-00 00:00:00,1008-wombat,B8:27:EB:CA:A1:3C,-42, WPA ,0.000000,0.000000,0.000,0.000,AP
2026-04-10 13:21:20,1900-01-00 00:00:00,1008-wombat,B8:27:EB:CA:A1:3C,-44, WPA ,0.000000,0.000000,0.000,0.000,AP
2026-04-10 13:21:20,1900-01-00 00:00:00,1008-wombat,B8:27:EB:CA:A1:3C,-45, WPA ,0.000000,0.000000,0.000,0.000,AP
2026-04-10 13:21:20,1900-01-00 00:00:00,1008-wombat,B8:27:EB:CA:A1:3C,-45, WPA ,0.000000,0.000000,0.000,0.000,AP
2026-04-10 13:21:20,1900-01-00 00:00:00,1008-wombat,B8:27:EB:CA:A1:3C,-48, WPA ,0.000000,0.000000,0.000,0.000,AP
2026-04-10 13:21:20,1900-01-00 00:00:00,1008-wombat,B8:27:EB:CA:A1:3C,-45, WPA ,0.000000,0.000000,0.000,0.000,AP
2026-04-10 13:21:20,1900-01-00 00:00:00,1008-wombat,B8:27:EB:CA:A1:3C,-45, WPA ,0.000000,0.000000,0.000,0.000,AP
2026-04-10 13:21:20,1900-01-00 00:00:00,1008-wombat,B8:27:EB:CA:A1:3C,-44, WPA ,0.000000,0.000000,0.000,0.000,AP
2026-04-10 13:21:20,1900-01-00 00:00:00,1008-wombat,B8:27:EB:CA:A1:3C,-42, WPA ,0.000000,0.000000,0.000,0.000,AP
2026-04-10 13:21:20,1900-01-00 00:00:00,1008-wombat,B8:27:EB:CA:A1:3C,-42, WPA ,0.000000,0.000000,0.000,0.000,AP
2026-04-10 13:21:20,1900-01-00 00:00:00,1008-wombat,B8:27:EB:CA:A1:3C,-45, WPA ,0.000000,0.000000,0.000,0.000,AP
2026-04-10 13:21:20,1900-01-00 00:00:00,1008-wombat,B8:27:EB:CA:A1:3C,-46, WPA ,0.000000,0.000000,0.000,0.000,AP
2026-04-10 13:21:20,1900-01-00 00:00:00,,C8:34:8E:2C:B6:E4,-46,,0.000000,0.000000,0.000,0.000,Client
2026-04-10 13:21:20,1900-01-00 00:00:00,1008-wombat,B8:27:EB:CA:A1:3C,-46, WPA ,0.000000,0.000000,0.000,0.000,AP
2026-04-10 13:21:20,1900-01-00 00:00:00,1008-wombat,B8:27:EB:CA:A1:3C,-43, WPA ,0.000000,0.000000,0.000,0.000,AP
2026-04-10 13:21:20,1900-01-00 00:00:00,1008-wombat,B8:27:EB:CA:A1:3C,-45, WPA ,0.000000,0.000000,0.000,0.000,AP
2026-04-10 13:21:20,1900-01-00 00:00:00,1008-wombat,B8:27:EB:CA:A1:3C,-47, WPA ,0.000000,0.000000,0.000,0.000,AP
2026-04-10 13:21:20,1900-01-00 00:00:00,1008-wombat,B8:27:EB:CA:A1:3C,-47, WPA ,0.000000,0.000000,0.000,0.000,AP
2026-04-10 13:21:20,1900-01-00 00:00:00,1008-wombat,B8:27:EB:CA:A1:3C,-47, WPA ,0.000000,0.000000,0.000,0.000,AP
2026-04-10 13:21:20,1900-01-00 00:00:00,1008-wombat,B8:27:EB:CA:A1:3C,-47, WPA ,0.000000,0.000000,0.000,0.000,AP
2026-04-10 13:21:20,1900-01-00 00:00:00,1008-wombat,B8:27:EB:CA:A1:3C,-46, WPA ,0.000000,0.000000,0.000,0.000,AP
2026-04-10 13:21:20,1900-01-00 00:00:00,1008-wombat,B8:27:EB:CA:A1:3C,-46, WPA ,0.000000,0.000000,0.000,0.000,AP
2026-04-10 13:21:20,1900-01-00 00:00:00,1008-wombat,B8:27:EB:CA:A1:3C,-46, WPA ,0.000000,0.000000,0.000,0.000,AP
2026-04-10 13:21:20,1900-01-00 00:00:00,1008-wombat,B8:27:EB:CA:A1:3C,-47, WPA ,0.000000,0.000000,0.000,0.000,AP
2026-04-10 13:21:20,1900-01-00 00:00:00,1008-wombat,B8:27:EB:CA:A1:3C,-46, WPA ,0.000000,0.000000,0.000,0.000,AP
2026-04-10 13:21:20,1900-01-00 00:00:00,1008-wombat,B8:27:EB:CA:A1:3C,-46, WPA ,0.000000,0.000000,0.000,0.000,AP
2026-04-10 13:21:20,1900-01-00 00:00:00,1008-wombat,B8:27:EB:CA:A1:3C,-47, WPA ,0.000000,0.000000,0.000,0.000,AP
2026-04-10 13:21:20,1900-01-00 00:00:00,1008-wombat,B8:27:EB:CA:A1:3C,-46, WPA ,0.000000,0.000000,0.000,0.000,AP
2026-04-10 13:21:20,1900-01-00 00:00:00,1008-wombat,B8:27:EB:CA:A1:3C,-48, WPA ,0.000000,0.000000,0.000,0.000,AP
2026-04-10 13:21:20,1900-01-00 00:00:00,1008-wombat,B8:27:EB:CA:A1:3C,-47, WPA ,0.000000,0.000000,0.000,0.000,AP
2026-04-10 13:21:20,1900-01-00 00:00:00,1008-wombat,B8:27:EB:CA:A1:3C,-46, WPA ,0.000000,0.000000,0.000,0.000,AP
2026-04-10 13:21:20,1900-01-00 00:00:00,1008-wombat,B8:27:EB:CA:A1:3C,-48, WPA ,0.000000,0.000000,0.000,0.000,AP
2026-04-10 13:21:20,1900-01-00 00:00:00,1008-wombat,B8:27:EB:CA:A1:3C,-47, WPA ,0.000000,0.000000,0.000,0.000,AP
2026-04-10 13:21:20,1900-01-00 00:00:00,1008-wombat,B8:27:EB:CA:A1:3C,-47, WPA ,0.000000,0.000000,0.000,0.000,AP
2026-04-10 13:21:20,1900-01-00 00:00:00,1008-wombat,B8:27:EB:CA:A1:3C,-47, WPA ,0.000000,0.000000,0.000,0.000,AP
2026-04-10 13:21:20,1900-01-00 00:00:00,1008-wombat,B8:27:EB:CA:A1:3C,-47, WPA ,0.000000,0.000000,0.000,0.000,AP
2026-04-10 13:21:20,1900-01-00 00:00:00,1008-wombat,B8:27:EB:CA:A1:3C,-46, WPA ,0.000000,0.000000,0.000,0.000,AP
2026-04-10 13:21:20,1900-01-00 00:00:00,,C8:34:8E:2C:B6:E4,-46,,0.000000,0.000000,0.000,0.000,Client
2026-04-10 13:21:20,1900-01-00 00:00:00,,C8:34:8E:2C:B6:E4,-47,,0.000000,0.000000,0.000,0.000,Client
2026-04-10 13:21:20,1900-01-00 00:00:00,,C8:34:8E:2C:B6:E4,-46,,0.000000,0.000000,0.000,0.000,Client
2026-04-10 13:21:20,1900-01-00 00:00:00,1008-wombat,B8:27:EB:CA:A1:3C,-47, WPA ,0.000000,0.000000,0.000,0.000,AP
2026-04-10 13:21:20,1900-01-00 00:00:00,1008-wombat,B8:27:EB:CA:A1:3C,-47, WPA ,0.000000,0.000000,0.000,0.000,AP
2026-04-10 13:21:20,1900-01-00 00:00:00,1008-wombat,B8:27:EB:CA:A1:3C,-45, WPA ,0.000000,0.000000,0.000,0.000,AP
2026-04-10 13:21:20,1900-01-00 00:00:00,1008-wombat,B8:27:EB:CA:A1:3C,-44, WPA ,0.000000,0.000000,0.000,0.000,AP
2026-04-10 13:21:21,1900-01-00 00:00:00,1008-wombat,B8:27:EB:CA:A1:3C,-44, WPA ,0.000000,0.000000,0.000,0.000,AP
2026-04-10 13:21:21,1900-01-00 00:00:00,,C8:34:8E:2C:B6:E4,-46,,0.000000,0.000000,0.000,0.000,Client
2026-04-10 13:21:21,1900-01-00 00:00:00,,C8:34:8E:2C:B6:E4,-47,,0.000000,0.000000,0.000,0.000,Client
2026-04-10 13:21:21,1900-01-00 00:00:00,1008-wombat,B8:27:EB:CA:A1:3C,-46, WPA ,0.000000,0.000000,0.000,0.000,AP
2026-04-10 13:21:21,1900-01-00 00:00:00,1008-wombat,B8:27:EB:CA:A1:3C,-47, WPA ,0.000000,0.000000,0.000,0.000,AP
2026-04-10 13:21:21,1900-01-00 00:00:00,1008-wombat,B8:27:EB:CA:A1:3C,-47, WPA ,0.000000,0.000000,0.000,0.000,AP
2026-04-10 13:21:21,1900-01-00 00:00:00,1008-wombat,B8:27:EB:CA:A1:3C,-46, WPA ,0.000000,0.000000,0.000,0.000,AP
2026-04-10 13:21:21,1900-01-00 00:00:00,,C8:34:8E:2C:B6:E4,-46,,0.000000,0.000000,0.000,0.000,Client
2026-04-10 13:21:21,1900-01-00 00:00:00,,C8:34:8E:2C:B6:E4,-46,,0.000000,0.000000,0.000,0.000,Client
2026-04-10 13:21:21,1900-01-00 00:00:00,1008-wombat,B8:27:EB:CA:A1:3C,-47, WPA ,0.000000,0.000000,0.000,0.000,AP
2026-04-10 13:21:21,1900-01-00 00:00:00,1008-wombat,B8:27:EB:CA:A1:3C,-47, WPA ,0.000000,0.000000,0.000,0.000,AP
2026-04-10 13:21:21,1900-01-00 00:00:00,,C8:34:8E:2C:B6:E4,-47,,0.000000,0.000000,0.000,0.000,Client
2026-04-10 13:21:21,1900-01-00 00:00:00,1008-wombat,B8:27:EB:CA:A1:3C,-47, WPA ,0.000000,0.000000,0.000,0.000,AP
2026-04-10 13:21:21,1900-01-00 00:00:00,,C8:34:8E:2C:B6:E4,-47,,0.000000,0.000000,0.000,0.000,Client
2026-04-10 13:21:21,1900-01-00 00:00:00,,C8:34:8E:2C:B6:E4,-47,,0.000000,0.000000,0.000,0.000,Client
2026-04-10 13:21:21,1900-01-00 00:00:00,1008-wombat,B8:27:EB:CA:A1:3C,-47, WPA ,0.000000,0.000000,0.000,0.000,AP
2026-04-10 13:21:21,1900-01-00 00:00:00,1008-wombat,B8:27:EB:CA:A1:3C,-46, WPA ,0.000000,0.000000,0.000,0.000,AP
2026-04-10 13:21:21,1900-01-00 00:00:00,,C8:34:8E:2C:B6:E4,-46,,0.000000,0.000000,0.000,0.000,Client
2026-04-10 13:21:21,1900-01-00 00:00:00,,C8:34:8E:2C:B6:E4,-46,,0.000000,0.000000,0.000,0.000,Client
2026-04-10 13:21:21,1900-01-00 00:00:00,1008-wombat,B8:27:EB:CA:A1:3C,-47, WPA ,0.000000,0.000000,0.000,0.000,AP
2026-04-10 13:21:21,1900-01-00 00:00:00,,C8:34:8E:2C:B6:E4,-46,,0.000000,0.000000,0.000,0.000,Client
2026-04-10 13:21:21,1900-01-00 00:00:00,1008-wombat,B8:27:EB:CA:A1:3C,-46, WPA ,0.000000,0.000000,0.000,0.000,AP
2026-04-10 13:21:21,1900-01-00 00:00:00,1008-wombat,B8:27:EB:CA:A1:3C,-44, WPA ,0.000000,0.000000,0.000,0.000,AP
2026-04-10 13:21:21,1900-01-00 00:00:00,,C8:34:8E:2C:B6:E4,-46,,0.000000,0.000000,0.000,0.000,Client
2026-04-10 13:21:21,1900-01-00 00:00:00,1008-wombat,B8:27:EB:CA:A1:3C,-47, WPA ,0.000000,0.000000,0.000,0.000,AP
2026-04-10 13:21:21,1900-01-00 00:00:00,1008-wombat,B8:27:EB:CA:A1:3C,-45, WPA ,0.000000,0.000000,0.000,0.000,AP
2026-04-10 13:21:21,1900-01-00 00:00:00,,C8:34:8E:2C:B6:E4,-45,,0.000000,0.000000,0.000,0.000,Client
2026-04-10 13:21:21,1900-01-00 00:00:00,1008-wombat,B8:27:EB:CA:A1:3C,-45, WPA ,0.000000,0.000000,0.000,0.000,AP
2026-04-10 13:21:21,1900-01-00 00:00:00,1008-wombat,B8:27:EB:CA:A1:3C,-45, WPA ,0.000000,0.000000,0.000,0.000,AP
2026-04-10 13:21:21,1900-01-00 00:00:00,1008-wombat,B8:27:EB:CA:A1:3C,-45, WPA ,0.000000,0.000000,0.000,0.000,AP
2026-04-10 13:21:21,1900-01-00 00:00:00,1008-wombat,B8:27:EB:CA:A1:3C,-45, WPA ,0.000000,0.000000,0.000,0.000,AP
2026-04-10 13:21:21,1900-01-00 00:00:00,1008-wombat,B8:27:EB:CA:A1:3C,-45, WPA ,0.000000,0.000000,0.000,0.000,AP
2026-04-10 13:21:21,1900-01-00 00:00:00,1008-wombat,B8:27:EB:CA:A1:3C,-45, WPA ,0.000000,0.000000,0.000,0.000,AP
2026-04-10 13:21:21,1900-01-00 00:00:00,1008-wombat,B8:27:EB:CA:A1:3C,-47, WPA ,0.000000,0.000000,0.000,0.000,AP
2026-04-10 13:21:21,1900-01-00 00:00:00,1008-wombat,B8:27:EB:CA:A1:3C,-47, WPA ,0.000000,0.000000,0.000,0.000,AP
2026-04-10 13:21:21,1900-01-00 00:00:00,1008-wombat,B8:27:EB:CA:A1:3C,-47, WPA ,0.000000,0.000000,0.000,0.000,AP
2026-04-10 13:21:21,1900-01-00 00:00:00,1008-wombat,B8:27:EB:CA:A1:3C,-47, WPA ,0.000000,0.000000,0.000,0.000,AP
2026-04-10 13:21:21,1900-01-00 00:00:00,1008-wombat,B8:27:EB:CA:A1:3C,-46, WPA ,0.000000,0.000000,0.000,0.000,AP
2026-04-10 13:21:21,1900-01-00 00:00:00,1008-wombat,B8:27:EB:CA:A1:3C,-47, WPA ,0.000000,0.000000,0.000,0.000,AP
2026-04-10 13:21:21,1900-01-00 00:00:00,1008-wombat,B8:27:EB:CA:A1:3C,-47, WPA ,0.000000,0.000000,0.000,0.000,AP
2026-04-10 13:21:21,1900-01-00 00:00:00,1008-wombat,B8:27:EB:CA:A1:3C,-47, WPA ,0.000000,0.000000,0.000,0.000,AP
2026-04-10 13:21:21,1900-01-00 00:00:00,1008-wombat,B8:27:EB:CA:A1:3C,-47, WPA ,0.000000,0.000000,0.000,0.000,AP
2026-04-10 13:21:21,1900-01-00 00:00:00,1008-wombat,B8:27:EB:CA:A1:3C,-46, WPA ,0.000000,0.000000,0.000,0.000,AP
2026-04-10 13:21:21,1900-01-00 00:00:00,1008-wombat,B8:27:EB:CA:A1:3C,-47, WPA ,0.000000,0.000000,0.000,0.000,AP
2026-04-10 13:21:21,1900-01-00 00:00:00,1008-wombat,B8:27:EB:CA:A1:3C,-47, WPA ,0.000000,0.000000,0.000,0.000,AP
2026-04-10 13:21:21,1900-01-00 00:00:00,1008-wombat,B8:27:EB:CA:A1:3C,-47, WPA ,0.000000,0.000000,0.000,0.000,AP
2026-04-10 13:21:21,1900-01-00 00:00:00,1008-wombat,B8:27:EB:CA:A1:3C,-47, WPA ,0.000000,0.000000,0.000,0.000,AP
2026-04-10 13:21:21,1900-01-00 00:00:00,1008-wombat,B8:27:EB:CA:A1:3C,-46, WPA ,0.000000,0.000000,0.000,0.000,AP
2026-04-10 13:21:21,1900-01-00 00:00:00,1008-wombat,B8:27:EB:CA:A1:3C,-43, WPA ,0.000000,0.000000,0.000,0.000,AP
2026-04-10 13:21:21,1900-01-00 00:00:00,1008-wombat,B8:27:EB:CA:A1:3C,-44, WPA ,0.000000,0.000000,0.000,0.000,AP
2026-04-10 13:21:21,1900-01-00 00:00:00,,C8:34:8E:2C:B6:E4,-46,,0.000000,0.000000,0.000,0.000,Client
2026-04-10 13:21:21,1900-01-00 00:00:00,,C8:34:8E:2C:B6:E4,-47,,0.000000,0.000000,0.000,0.000,Client
2026-04-10 13:21:21,1900-01-00 00:00:00,,C8:34:8E:2C:B6:E4,-47,,0.000000,0.000000,0.000,0.000,Client
2026-04-10 13:21:21,1900-01-00 00:00:00,1008-wombat,B8:27:EB:CA:A1:3C,-42, WPA ,0.000000,0.000000,0.000,0.000,AP
2026-04-10 13:21:21,1900-01-00 00:00:00,1008-wombat,B8:27:EB:CA:A1:3C,-45, WPA ,0.000000,0.000000,0.000,0.000,AP
2026-04-10 13:21:21,1900-01-00 00:00:00,,C8:34:8E:2C:B6:E4,-46,,0.000000,0.000000,0.000,0.000,Client
2026-04-10 13:21:21,1900-01-00 00:00:00,,C8:34:8E:2C:B6:E4,-46,,0.000000,0.000000,0.000,0.000,Client
2026-04-10 13:21:21,1900-01-00 00:00:00,1008-wombat,B8:27:EB:CA:A1:3C,-41, WPA ,0.000000,0.000000,0.000,0.000,AP
2026-04-10 13:21:21,1900-01-00 00:00:00,1008-wombat,B8:27:EB:CA:A1:3C,-45, WPA ,0.000000,0.000000,0.000,0.000,AP
2026-04-10 13:21:21,1900-01-00 00:00:00,,C8:34:8E:2C:B6:E4,-47,,0.000000,0.000000,0.000,0.000,Client
2026-04-10 13:21:21,1900-01-00 00:00:00,1008-wombat,B8:27:EB:CA:A1:3C,-45, WPA ,0.000000,0.000000,0.000,0.000,AP
2026-04-10 13:21:21,1900-01-00 00:00:00,,C8:34:8E:2C:B6:E4,-46,,0.000000,0.000000,0.000,0.000,Client
2026-04-10 13:21:21,1900-01-00 00:00:00,,C8:34:8E:2C:B6:E4,-46,,0.000000,0.000000,0.000,0.000,Client
2026-04-10 13:21:21,1900-01-00 00:00:00,,C8:34:8E:2C:B6:E4,-46,,0.000000,0.000000,0.000,0.000,Client
2026-04-10 13:21:21,1900-01-00 00:00:00,1008-wombat,B8:27:EB:CA:A1:3C,-44, WPA ,0.000000,0.000000,0.000,0.000,AP
2026-04-10 13:21:21,1900-01-00 00:00:00,,C8:34:8E:2C:B6:E4,-47,,0.000000,0.000000,0.000,0.000,Client
2026-04-10 13:21:21,1900-01-00 00:00:00,,C8:34:8E:2C:B6:E4,-47,,0.000000,0.000000,0.000,0.000,Client
2026-04-10 13:21:21,1900-01-00 00:00:00,1008-wombat,B8:27:EB:CA:A1:3C,-43, WPA ,0.000000,0.000000,0.000,0.000,AP
2026-04-10 13:21:21,1900-01-00 00:00:00,1008-wombat,B8:27:EB:CA:A1:3C,-44, WPA ,0.000000,0.000000,0.000,0.000,AP
2026-04-10 13:21:21,1900-01-00 00:00:00,,C8:34:8E:2C:B6:E4,-47,,0.000000,0.000000,0.000,0.000,Client
2026-04-10 13:21:21,1900-01-00 00:00:00,1008-wombat,B8:27:EB:CA:A1:3C,-44, WPA ,0.000000,0.000000,0.000,0.000,AP
2026-04-10 13:21:21,1900-01-00 00:00:00,1008-wombat,B8:27:EB:CA:A1:3C,-44, WPA ,0.000000,0.000000,0.000,0.000,AP
2026-04-10 13:21:21,1900-01-00 00:00:00,,C8:34:8E:2C:B6:E4,-46,,0.000000,0.000000,0.000,0.000,Client
2026-04-10 13:21:22,1900-01-00 00:00:00,1008-wombat,B8:27:EB:CA:A1:3C,-42, WPA ,0.000000,0.000000,0.000,0.000,AP
2026-04-10 13:21:22,1900-01-00 00:00:00,1008-wombat,B8:27:EB:CA:A1:3C,-46, WPA ,0.000000,0.000000,0.000,0.000,AP
2026-04-10 13:21:22,1900-01-00 00:00:00,1008-wombat,B8:27:EB:CA:A1:3C,-46, WPA ,0.000000,0.000000,0.000,0.000,AP
2026-04-10 13:21:22,1900-01-00 00:00:00,,C8:34:8E:2C:B6:E4,-45,,0.000000,0.000000,0.000,0.000,Client
2026-04-10 13:21:22,1900-01-00 00:00:00,,C8:34:8E:2C:B6:E4,-46,,0.000000,0.000000,0.000,0.000,Client
2026-04-10 13:21:22,1900-01-00 00:00:00,,C8:34:8E:2C:B6:E4,-45,,0.000000,0.000000,0.000,0.000,Client
2026-04-10 13:21:22,1900-01-00 00:00:00,1008-wombat,B8:27:EB:CA:A1:3C,-49, WPA ,0.000000,0.000000,0.000,0.000,AP
2026-04-10 13:21:22,1900-01-00 00:00:00,1008-wombat,B8:27:EB:CA:A1:3C,-48, WPA ,0.000000,0.000000,0.000,0.000,AP
2026-04-10 13:21:22,1900-01-00 00:00:00,,C8:34:8E:2C:B6:E4,-45,,0.000000,0.000000,0.000,0.000,Client
2026-04-10 13:21:22,1900-01-00 00:00:00,,C8:34:8E:2C:B6:E4,-45,,0.000000,0.000000,0.000,0.000,Client
2026-04-10 13:21:22,1900-01-00 00:00:00,1008-wombat,B8:27:EB:CA:A1:3C,-48, WPA ,0.000000,0.000000,0.000,0.000,AP
2026-04-10 13:21:22,1900-01-00 00:00:00,1008-wombat,B8:27:EB:CA:A1:3C,-48, WPA ,0.000000,0.000000,0.000,0.000,AP
2026-04-10 13:21:22,1900-01-00 00:00:00,,C8:34:8E:2C:B6:E4,-46,,0.000000,0.000000,0.000,0.000,Client
2026-04-10 13:21:22,1900-01-00 00:00:00,1008-wombat,B8:27:EB:CA:A1:3C,-47, WPA ,0.000000,0.000000,0.000,0.000,AP
2026-04-10 13:21:22,1900-01-00 00:00:00,,C8:34:8E:2C:B6:E4,-46,,0.000000,0.000000,0.000,0.000,Client
2026-04-10 13:21:22,1900-01-00 00:00:00,,C8:34:8E:2C:B6:E4,-46,,0.000000,0.000000,0.000,0.000,Client
2026-04-10 13:21:22,1900-01-00 00:00:00,1008-wombat,B8:27:EB:CA:A1:3C,-48, WPA ,0.000000,0.000000,0.000,0.000,AP
2026-04-10 13:21:22,1900-01-00 00:00:00,1008-wombat,B8:27:EB:CA:A1:3C,-48, WPA ,0.000000,0.000000,0.000,0.000,AP
2026-04-10 13:21:22,1900-01-00 00:00:00,,C8:34:8E:2C:B6:E4,-45,,0.000000,0.000000,0.000,0.000,Client
2026-04-10 13:21:22,1900-01-00 00:00:00,,C8:34:8E:2C:B6:E4,-46,,0.000000,0.000000,0.000,0.000,Client
2026-04-10 13:21:22,1900-01-00 00:00:00,1008-wombat,B8:27:EB:CA:A1:3C,-48, WPA ,0.000000,0.000000,0.000,0.000,AP
2026-04-10 13:21:22,1900-01-00 00:00:00,1008-wombat,B8:27:EB:CA:A1:3C,-49, WPA ,0.000000,0.000000,0.000,0.000,AP
2026-04-10 13:21:22,1900-01-00 00:00:00,,C8:34:8E:2C:B6:E4,-45,,0.000000,0.000000,0.000,0.000,Client
2026-04-10 13:21:22,1900-01-00 00:00:00,1008-wombat,B8:27:EB:CA:A1:3C,-47, WPA ,0.000000,0.000000,0.000,0.000,AP
2026-04-10 13:21:22,1900-01-00 00:00:00,,C8:34:8E:2C:B6:E4,-46,,0.000000,0.000000,0.000,0.000,Client
2026-04-10 13:21:22,1900-01-00 00:00:00,,C8:34:8E:2C:B6:E4,-46,,0.000000,0.000000,0.000,0.000,Client
2026-04-10 13:21:22,1900-01-00 00:00:00,1008-wombat,B8:27:EB:CA:A1:3C,-48, WPA ,0.000000,0.000000,0.000,0.000,AP
2026-04-10 13:21:22,1900-01-00 00:00:00,1008-wombat,B8:27:EB:CA:A1:3C,-48, WPA ,0.000000,0.000000,0.000,0.000,AP
2026-04-10 13:21:22,1900-01-00 00:00:00,,C8:34:8E:2C:B6:E4,-46,,0.000000,0.000000,0.000,0.000,Client
2026-04-10 13:21:22,1900-01-00 00:00:00,,C8:34:8E:2C:B6:E4,-46,,0.000000,0.000000,0.000,0.000,Client
2026-04-10 13:21:22,1900-01-00 00:00:00,1008-wombat,B8:27:EB:CA:A1:3C,-49, WPA ,0.000000,0.000000,0.000,0.000,AP
2026-04-10 13:21:22,1900-01-00 00:00:00,1008-wombat,B8:27:EB:CA:A1:3C,-48, WPA ,0.000000,0.000000,0.000,0.000,AP
2026-04-10 13:21:22,1900-01-00 00:00:00,,C8:34:8E:2C:B6:E4,-45,,0.000000,0.000000,0.000,0.000,Client
2026-04-10 13:21:22,1900-01-00 00:00:00,1008-wombat,B8:27:EB:CA:A1:3C,-47, WPA ,0.000000,0.000000,0.000,0.000,AP
2026-04-10 13:21:22,1900-01-00 00:00:00,,C8:34:8E:2C:B6:E4,-46,,0.000000,0.000000,0.000,0.000,Client
2026-04-10 13:21:22,1900-01-00 00:00:00,,C8:34:8E:2C:B6:E4,-47,,0.000000,0.000000,0.000,0.000,Client
2026-04-10 13:21:22,1900-01-00 00:00:00,1008-wombat,B8:27:EB:CA:A1:3C,-48, WPA ,0.000000,0.000000,0.000,0.000,AP
2026-04-10 13:21:22,1900-01-00 00:00:00,1008-wombat,B8:27:EB:CA:A1:3C,-48, WPA ,0.000000,0.000000,0.000,0.000,AP
2026-04-10 13:21:22,1900-01-00 00:00:00,,C8:34:8E:2C:B6:E4,-46,,0.000000,0.000000,0.000,0.000,Client
2026-04-10 13:21:22,1900-01-00 00:00:00,,C8:34:8E:2C:B6:E4,-46,,0.000000,0.000000,0.000,0.000,Client
2026-04-10 13:21:22,1900-01-00 00:00:00,1008-wombat,B8:27:EB:CA:A1:3C,-48, WPA ,0.000000,0.000000,0.000,0.000,AP
2026-04-10 13:21:22,1900-01-00 00:00:00,1008-wombat,B8:27:EB:CA:A1:3C,-48, WPA ,0.000000,0.000000,0.000,0.000,AP
2026-04-10 13:21:22,1900-01-00 00:00:00,,C8:34:8E:2C:B6:E4,-46,,0.000000,0.000000,0.000,0.000,Client
2026-04-10 13:21:22,1900-01-00 00:00:00,1008-wombat,B8:27:EB:CA:A1:3C,-47, WPA ,0.000000,0.000000,0.000,0.000,AP
2026-04-10 13:21:22,1900-01-00 00:00:00,1008-wombat,B8:27:EB:CA:A1:3C,-46, WPA ,0.000000,0.000000,0.000,0.000,AP
2026-04-10 13:21:22,1900-01-00 00:00:00,,C8:34:8E:2C:B6:E4,-45,,0.000000,0.000000,0.000,0.000,Client
2026-04-10 13:21:22,1900-01-00 00:00:00,1008-wombat,B8:27:EB:CA:A1:3C,-46, WPA ,0.000000,0.000000,0.000,0.000,AP
2026-04-10 13:21:22,1900-01-00 00:00:00,1008-wombat,B8:27:EB:CA:A1:3C,-47, WPA ,0.000000,0.000000,0.000,0.000,AP
2026-04-10 13:21:22,1900-01-00 00:00:00,1008-wombat,B8:27:EB:CA:A1:3C,-44, WPA ,0.000000,0.000000,0.000,0.000,AP
2026-04-10 13:21:22,1900-01-00 00:00:00,1008-wombat,B8:27:EB:CA:A1:3C,-45, WPA ,0.000000,0.000000,0.000,0.000,AP
2026-04-10 13:21:22,1900-01-00 00:00:00,,C8:34:8E:2C:B6:E4,-46,,0.000000,0.000000,0.000,0.000,Client
2026-04-10 13:21:22,1900-01-00 00:00:00,,C8:34:8E:2C:B6:E4,-46,,0.000000,0.000000,0.000,0.000,Client
2026-04-10 13:21:22,1900-01-00 00:00:00,1008-wombat,B8:27:EB:CA:A1:3C,-47, WPA ,0.000000,0.000000,0.000,0.000,AP
2026-04-10 13:21:22,1900-01-00 00:00:00,1008-wombat,B8:27:EB:CA:A1:3C,-46, WPA ,0.000000,0.000000,0.000,0.000,AP
2026-04-10 13:21:22,1900-01-00 00:00:00,,C8:34:8E:2C:B6:E4,-46,,0.000000,0.000000,0.000,0.000,Client
2026-04-10 13:21:22,1900-01-00 00:00:00,1008-wombat,B8:27:EB:CA:A1:3C,-48, WPA ,0.000000,0.000000,0.000,0.000,AP
2026-04-10 13:21:22,1900-01-00 00:00:00,,C8:15:4E:20:C7:81,-42,,0.000000,0.000000,0.000,0.000,Client
2026-04-10 13:21:22,1900-01-00 00:00:00,1008-wombat,B8:27:EB:CA:A1:3C,-46, WPA ,0.000000,0.000000,0.000,0.000,AP
2026-04-10 13:21:22,1900-01-00 00:00:00,,C8:34:8E:2C:B6:E4,-46,,0.000000,0.000000,0.000,0.000,Client
2026-04-10 13:21:23,1900-01-00 00:00:00,1008-wombat,B8:27:EB:CA:A1:3C,-46, WPA ,0.000000,0.000000,0.000,0.000,AP
2026-04-10 13:21:23,1900-01-00 00:00:00,,C8:15:4E:20:C7:81,-43,,0.000000,0.000000,0.000,0.000,Client
2026-04-10 13:21:23,1900-01-00 00:00:00,1008-wombat,B8:27:EB:CA:A1:3C,-48, WPA ,0.000000,0.000000,0.000,0.000,AP
2026-04-10 13:21:23,1900-01-00 00:00:00,1008-wombat,B8:27:EB:CA:A1:3C,-46, WPA ,0.000000,0.000000,0.000,0.000,AP
2026-04-10 13:21:23,1900-01-00 00:00:00,,C8:15:4E:20:C7:81,-42,,0.000000,0.000000,0.000,0.000,Client
2026-04-10 13:21:23,1900-01-00 00:00:00,1008-wombat,B8:27:EB:CA:A1:3C,-46, WPA ,0.000000,0.000000,0.000,0.000,AP
2026-04-10 13:21:23,1900-01-00 00:00:00,,C8:34:8E:2C:B6:E4,-46,,0.000000,0.000000,0.000,0.000,Client
2026-04-10 13:21:23,1900-01-00 00:00:00,,C8:34:8E:2C:B6:E4,-46,,0.000000,0.000000,0.000,0.000,Client
2026-04-10 13:21:23,1900-01-00 00:00:00,1008-wombat,B8:27:EB:CA:A1:3C,-43, WPA ,0.000000,0.000000,0.000,0.000,AP
2026-04-10 13:21:23,1900-01-00 00:00:00,1008-wombat,B8:27:EB:CA:A1:3C,-47, WPA ,0.000000,0.000000,0.000,0.000,AP
2026-04-10 13:21:23,1900-01-00 00:00:00,,C8:34:8E:2C:B6:E4,-46,,0.000000,0.000000,0.000,0.000,Client
2026-04-10 13:21:23,1900-01-00 00:00:00,1008-wombat,B8:27:EB:CA:A1:3C,-46, WPA ,0.000000,0.000000,0.000,0.000,AP
2026-04-10 13:21:23,1900-01-00 00:00:00,,C8:34:8E:2C:B6:E4,-46,,0.000000,0.000000,0.000,0.000,Client
2026-04-10 13:21:23,1900-01-00 00:00:00,1008-wombat,B8:27:EB:CA:A1:3C,-46, WPA ,0.000000,0.000000,0.000,0.000,AP
2026-04-10 13:21:23,1900-01-00 00:00:00,1008-wombat,B8:27:EB:CA:A1:3C,-44, WPA ,0.000000,0.000000,0.000,0.000,AP
2026-04-10 13:21:23,1900-01-00 00:00:00,,C8:34:8E:2C:B6:E4,-46,,0.000000,0.000000,0.000,0.000,Client
2026-04-10 13:21:23,1900-01-00 00:00:00,1008-wombat,B8:27:EB:CA:A1:3C,-41, WPA ,0.000000,0.000000,0.000,0.000,AP
2026-04-10 13:21:23,1900-01-00 00:00:00,,C8:15:4E:20:C7:81,-44,,0.000000,0.000000,0.000,0.000,Client
2026-04-10 13:21:23,1900-01-00 00:00:00,,C8:15:4E:20:C7:81,-43,,0.000000,0.000000,0.000,0.000,Client
2026-04-10 13:21:23,1900-01-00 00:00:00,,C8:15:4E:20:C7:81,-44,,0.000000,0.000000,0.000,0.000,Client
2026-04-10 13:21:23,1900-01-00 00:00:00,1008-wombat,B8:27:EB:CA:A1:3C,-46, WPA ,0.000000,0.000000,0.000,0.000,AP
2026-04-10 13:21:23,1900-01-00 00:00:00,1008-wombat,B8:27:EB:CA:A1:3C,-46, WPA ,0.000000,0.000000,0.000,0.000,AP
2026-04-10 13:21:23,1900-01-00 00:00:00,1008-wombat,B8:27:EB:CA:A1:3C,-47, WPA ,0.000000,0.000000,0.000,0.000,AP
2026-04-10 13:21:23,1900-01-00 00:00:00,1008-wombat,B8:27:EB:CA:A1:3C,-46, WPA ,0.000000,0.000000,0.000,0.000,AP
2026-04-10 13:21:23,1900-01-00 00:00:00,1008-wombat,B8:27:EB:CA:A1:3C,-46, WPA ,0.000000,0.000000,0.000,0.000,AP
2026-04-10 13:21:23,1900-01-00 00:00:00,1008-wombat,B8:27:EB:CA:A1:3C,-45, WPA ,0.000000,0.000000,0.000,0.000,AP
2026-04-10 13:21:23,1900-01-00 00:00:00,1008-wombat,B8:27:EB:CA:A1:3C,-44, WPA ,0.000000,0.000000,0.000,0.000,AP
2026-04-10 13:21:23,1900-01-00 00:00:00,1008-wombat,B8:27:EB:CA:A1:3C,-44, WPA ,0.000000,0.000000,0.000,0.000,AP
2026-04-10 13:21:23,1900-01-00 00:00:00,1008-wombat,B8:27:EB:CA:A1:3C,-44, WPA ,0.000000,0.000000,0.000,0.000,AP
2026-04-10 13:21:23,1900-01-00 00:00:00,1008-wombat,B8:27:EB:CA:A1:3C,-46, WPA ,0.000000,0.000000,0.000,0.000,AP
2026-04-10 13:21:23,1900-01-00 00:00:00,1008-wombat,B8:27:EB:CA:A1:3C,-46, WPA ,0.000000,0.000000,0.000,0.000,AP
2026-04-10 13:21:23,1900-01-00 00:00:00,1008-wombat,B8:27:EB:CA:A1:3C,-46, WPA ,0.000000,0.000000,0.000,0.000,AP
2026-04-10 13:21:23,1900-01-00 00:00:00,1008-wombat,B8:27:EB:CA:A1:3C,-45, WPA ,0.000000,0.000000,0.000,0.000,AP
2026-04-10 13:21:23,1900-01-00 00:00:00,1008-wombat,B8:27:EB:CA:A1:3C,-46, WPA ,0.000000,0.000000,0.000,0.000,AP
2026-04-10 13:21:23,1900-01-00 00:00:00,1008-wombat,B8:27:EB:CA:A1:3C,-46, WPA ,0.000000,0.000000,0.000,0.000,AP
2026-04-10 13:21:23,1900-01-00 00:00:00,1008-wombat,B8:27:EB:CA:A1:3C,-46, WPA ,0.000000,0.000000,0.000,0.000,AP
2026-04-10 13:21:23,1900-01-00 00:00:00,1008-wombat,B8:27:EB:CA:A1:3C,-43, WPA ,0.000000,0.000000,0.000,0.000,AP
2026-04-10 13:21:23,1900-01-00 00:00:00,,C8:15:4E:20:C7:81,-44,,0.000000,0.000000,0.000,0.000,Client
2026-04-10 13:21:23,1900-01-00 00:00:00,1008-wombat,B8:27:EB:CA:A1:3C,-44, WPA ,0.000000,0.000000,0.000,0.000,AP
2026-04-10 13:21:23,1900-01-00 00:00:00,1008-wombat,B8:27:EB:CA:A1:3C,-44, WPA ,0.000000,0.000000,0.000,0.000,AP
2026-04-10 13:21:23,1900-01-00 00:00:00,1008-wombat,B8:27:EB:CA:A1:3C,-44, WPA ,0.000000,0.000000,0.000,0.000,AP
2026-04-10 13:21:23,1900-01-00 00:00:00,1008-wombat,B8:27:EB:CA:A1:3C,-42, WPA ,0.000000,0.000000,0.000,0.000,AP
2026-04-10 13:21:23,1900-01-00 00:00:00,1008-wombat,B8:27:EB:CA:A1:3C,-44, WPA ,0.000000,0.000000,0.000,0.000,AP
2026-04-10 13:21:23,1900-01-00 00:00:00,,C8:34:8E:2C:B6:E4,-46,,0.000000,0.000000,0.000,0.000,Client
2026-04-10 13:21:23,1900-01-00 00:00:00,,C8:34:8E:2C:B6:E4,-46,,0.000000,0.000000,0.000,0.000,Client
2026-04-10 13:21:23,1900-01-00 00:00:00,1008-wombat,B8:27:EB:CA:A1:3C,-44, WPA ,0.000000,0.000000,0.000,0.000,AP
2026-04-10 13:21:23,1900-01-00 00:00:00,,C8:34:8E:2C:B6:E4,-47,,0.000000,0.000000,0.000,0.000,Client
2026-04-10 13:21:23,1900-01-00 00:00:00,1008-wombat,B8:27:EB:CA:A1:3C,-44, WPA ,0.000000,0.000000,0.000,0.000,AP
2026-04-10 13:21:24,1900-01-00 00:00:00,1008-wombat,B8:27:EB:CA:A1:3C,-44, WPA ,0.000000,0.000000,0.000,0.000,AP
2026-04-10 13:21:24,1900-01-00 00:00:00,1008-wombat,B8:27:EB:CA:A1:3C,-44, WPA ,0.000000,0.000000,0.000,0.000,AP
2026-04-10 13:21:24,1900-01-00 00:00:00,1008-wombat,B8:27:EB:CA:A1:3C,-44, WPA ,0.000000,0.000000,0.000,0.000,AP
2026-04-10 13:21:24,1900-01-00 00:00:00,,C8:34:8E:2C:B6:E4,-47,,0.000000,0.000000,0.000,0.000,Client
2026-04-10 13:21:24,1900-01-00 00:00:00,,C8:34:8E:2C:B6:E4,-47,,0.000000,0.000000,0.000,0.000,Client
2026-04-10 13:21:24,1900-01-00 00:00:00,,C8:34:8E:2C:B6:E4,-47,,0.000000,0.000000,0.000,0.000,Client
2026-04-10 13:21:24,1900-01-00 00:00:00,1008-wombat,B8:27:EB:CA:A1:3C,-44, WPA ,0.000000,0.000000,0.000,0.000,AP
2026-04-10 13:21:24,1900-01-00 00:00:00,1008-wombat,B8:27:EB:CA:A1:3C,-44, WPA ,0.000000,0.000000,0.000,0.000,AP
2026-04-10 13:21:24,1900-01-00 00:00:00,1008-wombat,B8:27:EB:CA:A1:3C,-45, WPA ,0.000000,0.000000,0.000,0.000,AP
2026-04-10 13:21:24,1900-01-00 00:00:00,1008-wombat,B8:27:EB:CA:A1:3C,-44, WPA ,0.000000,0.000000,0.000,0.000,AP
2026-04-10 13:21:24,1900-01-00 00:00:00,1008-wombat,B8:27:EB:CA:A1:3C,-44, WPA ,0.000000,0.000000,0.000,0.000,AP
2026-04-10 13:21:24,1900-01-00 00:00:00,1008-wombat,B8:27:EB:CA:A1:3C,-44, WPA ,0.000000,0.000000,0.000,0.000,AP
2026-04-10 13:21:24,1900-01-00 00:00:00,,C8:15:4E:20:C7:81,-46,,0.000000,0.000000,0.000,0.000,Client
2026-04-10 13:21:24,1900-01-00 00:00:00,1008-wombat,B8:27:EB:CA:A1:3C,-47, WPA ,0.000000,0.000000,0.000,0.000,AP
2026-04-10 13:21:24,1900-01-00 00:00:00,1008-wombat,B8:27:EB:CA:A1:3C,-46, WPA ,0.000000,0.000000,0.000,0.000,AP
2026-04-10 13:21:24,1900-01-00 00:00:00,,C8:15:4E:20:C7:81,-45,,0.000000,0.000000,0.000,0.000,Client
2026-04-10 13:21:24,1900-01-00 00:00:00,,C8:15:4E:20:C7:81,-44,,0.000000,0.000000,0.000,0.000,Client
2026-04-10 13:21:24,1900-01-00 00:00:00,1008-wombat,B8:27:EB:CA:A1:3C,-49, WPA ,0.000000,0.000000,0.000,0.000,AP
2026-04-10 13:21:24,1900-01-00 00:00:00,1008-wombat,B8:27:EB:CA:A1:3C,-47, WPA ,0.000000,0.000000,0.000,0.000,AP
2026-04-10 13:21:25,1900-01-00 00:00:00,,C8:15:4E:20:C7:81,-45,,0.000000,0.000000,0.000,0.000,Client
2026-04-10 13:21:25,1900-01-00 00:00:00,1008-wombat,B8:27:EB:CA:A1:3C,-46, WPA ,0.000000,0.000000,0.000,0.000,AP
2026-04-10 13:21:25,1900-01-00 00:00:00,,C8:15:4E:20:C7:81,-46,,0.000000,0.000000,0.000,0.000,Client
2026-04-10 13:21:25,1900-01-00 00:00:00,1008-wombat,B8:27:EB:CA:A1:3C,-48, WPA ,0.000000,0.000000,0.000,0.000,AP
2026-04-10 13:21:25,1900-01-00 00:00:00,1008-wombat,B8:27:EB:CA:A1:3C,-46, WPA ,0.000000,0.000000,0.000,0.000,AP
2026-04-10 13:21:25,1900-01-00 00:00:00,,C8:15:4E:20:C7:81,-46,,0.000000,0.000000,0.000,0.000,Client
2026-04-10 13:21:25,1900-01-00 00:00:00,1008-wombat,B8:27:EB:CA:A1:3C,-46, WPA ,0.000000,0.000000,0.000,0.000,AP
2026-04-10 13:21:25,1900-01-00 00:00:00,1008-wombat,B8:27:EB:CA:A1:3C,-46, WPA ,0.000000,0.000000,0.000,0.000,AP
2026-04-10 13:21:25,1900-01-00 00:00:00,1008-wombat,B8:27:EB:CA:A1:3C,-47, WPA ,0.000000,0.000000,0.000,0.000,AP
2026-04-10 13:21:25,1900-01-00 00:00:00,1008-wombat,B8:27:EB:CA:A1:3C,-47, WPA ,0.000000,0.000000,0.000,0.000,AP
2026-04-10 13:21:25,1900-01-00 00:00:00,1008-wombat,B8:27:EB:CA:A1:3C,-46, WPA ,0.000000,0.000000,0.000,0.000,AP
2026-04-10 13:21:25,1900-01-00 00:00:00,1008-wombat,B8:27:EB:CA:A1:3C,-46, WPA ,0.000000,0.000000,0.000,0.000,AP
2026-04-10 13:21:25,1900-01-00 00:00:00,1008-wombat,B8:27:EB:CA:A1:3C,-45, WPA ,0.000000,0.000000,0.000,0.000,AP
2026-04-10 13:21:25,1900-01-00 00:00:00,1008-wombat,B8:27:EB:CA:A1:3C,-46, WPA ,0.000000,0.000000,0.000,0.000,AP
2026-04-10 13:21:25,1900-01-00 00:00:00,1008-wombat,B8:27:EB:CA:A1:3C,-46, WPA ,0.000000,0.000000,0.000,0.000,AP
2026-04-10 13:21:25,1900-01-00 00:00:00,1008-wombat,B8:27:EB:CA:A1:3C,-46, WPA ,0.000000,0.000000,0.000,0.000,AP
2026-04-10 13:21:26,1900-01-00 00:00:00,1008-wombat,B8:27:EB:CA:A1:3C,-46, WPA ,0.000000,0.000000,0.000,0.000,AP
2026-04-10 13:21:26,1900-01-00 00:00:00,,C8:34:8E:2C:B6:E4,-47,,0.000000,0.000000,0.000,0.000,Client
2026-04-10 13:21:26,1900-01-00 00:00:00,1008-wombat,B8:27:EB:CA:A1:3C,-45, WPA ,0.000000,0.000000,0.000,0.000,AP
2026-04-10 13:21:26,1900-01-00 00:00:00,,C8:34:8E:2C:B6:E4,-48,,0.000000,0.000000,0.000,0.000,Client
2026-04-10 13:21:26,1900-01-00 00:00:00,,C8:34:8E:2C:B6:E4,-48,,0.000000,0.000000,0.000,0.000,Client
2026-04-10 13:21:26,1900-01-00 00:00:00,,C8:34:8E:2C:B6:E4,-49,,0.000000,0.000000,0.000,0.000,Client
2026-04-10 13:21:26,1900-01-00 00:00:00,1008-wombat,B8:27:EB:CA:A1:3C,-47, WPA ,0.000000,0.000000,0.000,0.000,AP
2026-04-10 13:21:26,1900-01-00 00:00:00,1008-wombat,B8:27:EB:CA:A1:3C,-47, WPA ,0.000000,0.000000,0.000,0.000,AP
2026-04-10 13:21:26,1900-01-00 00:00:00,,C8:34:8E:2C:B6:E4,-48,,0.000000,0.000000,0.000,0.000,Client
2026-04-10 13:21:26,1900-01-00 00:00:00,1008-wombat,B8:27:EB:CA:A1:3C,-45, WPA ,0.000000,0.000000,0.000,0.000,AP
2026-04-10 13:21:26,1900-01-00 00:00:00,,C8:34:8E:2C:B6:E4,-48,,0.000000,0.000000,0.000,0.000,Client
2026-04-10 13:21:26,1900-01-00 00:00:00,,C8:34:8E:2C:B6:E4,-48,,0.000000,0.000000,0.000,0.000,Client
2026-04-10 13:21:26,1900-01-00 00:00:00,1008-wombat,B8:27:EB:CA:A1:3C,-45, WPA ,0.000000,0.000000,0.000,0.000,AP
2026-04-10 13:21:26,1900-01-00 00:00:00,1008-wombat,B8:27:EB:CA:A1:3C,-45, WPA ,0.000000,0.000000,0.000,0.000,AP
2026-04-10 13:21:26,1900-01-00 00:00:00,,C8:34:8E:2C:B6:E4,-48,,0.000000,0.000000,0.000,0.000,Client
2026-04-10 13:21:26,1900-01-00 00:00:00,,C8:34:8E:2C:B6:E4,-48,,0.000000,0.000000,0.000,0.000,Client
2026-04-10 13:21:26,1900-01-00 00:00:00,1008-wombat,B8:27:EB:CA:A1:3C,-47, WPA ,0.000000,0.000000,0.000,0.000,AP
2026-04-10 13:21:26,1900-01-00 00:00:00,1008-wombat,B8:27:EB:CA:A1:3C,-45, WPA ,0.000000,0.000000,0.000,0.000,AP
2026-04-10 13:21:26,1900-01-00 00:00:00,,C8:34:8E:2C:B6:E4,-46,,0.000000,0.000000,0.000,0.000,Client
2026-04-10 13:21:26,1900-01-00 00:00:00,1008-wombat,B8:27:EB:CA:A1:3C,-45, WPA ,0.000000,0.000000,0.000,0.000,AP
2026-04-10 13:21:26,1900-01-00 00:00:00,1008-wombat,B8:27:EB:CA:A1:3C,-46, WPA ,0.000000,0.000000,0.000,0.000,AP
2026-04-10 13:21:26,1900-01-00 00:00:00,1008-wombat,B8:27:EB:CA:A1:3C,-46, WPA ,0.000000,0.000000,0.000,0.000,AP
2026-04-10 13:21:26,1900-01-00 00:00:00,1008-wombat,B8:27:EB:CA:A1:3C,-46, WPA ,0.000000,0.000000,0.000,0.000,AP
2026-04-10 13:21:27,1900-01-00 00:00:00,1008-wombat,B8:27:EB:CA:A1:3C,-45, WPA ,0.000000,0.000000,0.000,0.000,AP
2026-04-10 13:21:27,1900-01-00 00:00:00,,C8:15:4E:20:C7:81,-45,,0.000000,0.000000,0.000,0.000,Client
2026-04-10 13:21:27,1900-01-00 00:00:00,,C8:15:4E:20:C7:81,-45,,0.000000,0.000000,0.000,0.000,Client
2026-04-10 13:21:27,1900-01-00 00:00:00,1008-wombat,B8:27:EB:CA:A1:3C,-49, WPA ,0.000000,0.000000,0.000,0.000,AP
2026-04-10 13:21:27,1900-01-00 00:00:00,1008-wombat,B8:27:EB:CA:A1:3C,-45, WPA ,0.000000,0.000000,0.000,0.000,AP
2026-04-10 13:21:27,1900-01-00 00:00:00,,C8:15:4E:20:C7:81,-45,,0.000000,0.000000,0.000,0.000,Client
2026-04-10 13:21:27,1900-01-00 00:00:00,,C8:34:8E:2C:B6:E4,-48,,0.000000,0.000000,0.000,0.000,Client
2026-04-10 13:21:27,1900-01-00 00:00:00,,C8:34:8E:2C:B6:E4,-48,,0.000000,0.000000,0.000,0.000,Client
2026-04-10 13:21:27,1900-01-00 00:00:00,,C8:34:8E:2C:B6:E4,-47,,0.000000,0.000000,0.000,0.000,Client
2026-04-10 13:21:27,1900-01-00 00:00:00,1008-wombat,B8:27:EB:CA:A1:3C,-48, WPA ,0.000000,0.000000,0.000,0.000,AP
2026-04-10 13:21:27,1900-01-00 00:00:00,1008-wombat,B8:27:EB:CA:A1:3C,-45, WPA ,0.000000,0.000000,0.000,0.000,AP
2026-04-10 13:21:27,1900-01-00 00:00:00,,C8:34:8E:2C:B6:E4,-48,,0.000000,0.000000,0.000,0.000,Client
2026-04-10 13:21:27,1900-01-00 00:00:00,1008-wombat,B8:27:EB:CA:A1:3C,-42, WPA ,0.000000,0.000000,0.000,0.000,AP
2026-04-10 13:21:27,1900-01-00 00:00:00,,C8:34:8E:2C:B6:E4,-47,,0.000000,0.000000,0.000,0.000,Client
2026-04-10 13:21:27,1900-01-00 00:00:00,,C8:15:4E:20:C7:81,-46,,0.000000,0.000000,0.000,0.000,Client
2026-04-10 13:21:27,1900-01-00 00:00:00,1008-wombat,B8:27:EB:CA:A1:3C,-48, WPA ,0.000000,0.000000,0.000,0.000,AP
2026-04-10 13:21:27,1900-01-00 00:00:00,1008-wombat,B8:27:EB:CA:A1:3C,-48, WPA ,0.000000,0.000000,0.000,0.000,AP
2026-04-10 13:21:27,1900-01-00 00:00:00,1008-wombat,B8:27:EB:CA:A1:3C,-48, WPA ,0.000000,0.000000,0.000,0.000,AP
2026-04-10 13:21:27,1900-01-00 00:00:00,1008-wombat,B8:27:EB:CA:A1:3C,-47, WPA ,0.000000,0.000000,0.000,0.000,AP
2026-04-10 13:21:27,1900-01-00 00:00:00,1008-wombat,B8:27:EB:CA:A1:3C,-42, WPA ,0.000000,0.000000,0.000,0.000,AP
2026-04-10 13:21:27,1900-01-00 00:00:00,,C8:34:8E:2C:B6:E4,-47,,0.000000,0.000000,0.000,0.000,Client
2026-04-10 13:21:27,1900-01-00 00:00:00,,C8:34:8E:2C:B6:E4,-47,,0.000000,0.000000,0.000,0.000,Client
2026-04-10 13:21:27,1900-01-00 00:00:00,,C8:34:8E:2C:B6:E4,-48,,0.000000,0.000000,0.000,0.000,Client
2026-04-10 13:21:27,1900-01-00 00:00:00,1008-wombat,B8:27:EB:CA:A1:3C,-48, WPA ,0.000000,0.000000,0.000,0.000,AP
2026-04-10 13:21:27,1900-01-00 00:00:00,1008-wombat,B8:27:EB:CA:A1:3C,-48, WPA ,0.000000,0.000000,0.000,0.000,AP
2026-04-10 13:21:27,1900-01-00 00:00:00,,C8:34:8E:2C:B6:E4,-47,,0.000000,0.000000,0.000,0.000,Client
2026-04-10 13:21:27,1900-01-00 00:00:00,,C8:34:8E:2C:B6:E4,-48,,0.000000,0.000000,0.000,0.000,Client
2026-04-10 13:21:27,1900-01-00 00:00:00,1008-wombat,B8:27:EB:CA:A1:3C,-48, WPA ,0.000000,0.000000,0.000,0.000,AP
2026-04-10 13:21:27,1900-01-00 00:00:00,1008-wombat,B8:27:EB:CA:A1:3C,-48, WPA ,0.000000,0.000000,0.000,0.000,AP
2026-04-10 13:21:27,1900-01-00 00:00:00,,C8:34:8E:2C:B6:E4,-48,,0.000000,0.000000,0.000,0.000,Client
2026-04-10 13:21:27,1900-01-00 00:00:00,1008-wombat,B8:27:EB:CA:A1:3C,-48, WPA ,0.000000,0.000000,0.000,0.000,AP
2026-04-10 13:21:27,1900-01-00 00:00:00,,C8:15:4E:20:C7:81,-45,,0.000000,0.000000,0.000,0.000,Client
2026-04-10 13:21:27,1900-01-00 00:00:00,1008-wombat,B8:27:EB:CA:A1:3C,-47, WPA ,0.000000,0.000000,0.000,0.000,AP
2026-04-10 13:21:27,1900-01-00 00:00:00,,C8:34:8E:2C:B6:E4,-48,,0.000000,0.000000,0.000,0.000,Client
2026-04-10 13:21:27,1900-01-00 00:00:00,,C8:34:8E:2C:B6:E4,-48,,0.000000,0.000000,0.000,0.000,Client
2026-04-10 13:21:27,1900-01-00 00:00:00,1008-wombat,B8:27:EB:CA:A1:3C,-46, WPA ,0.000000,0.000000,0.000,0.000,AP
2026-04-10 13:21:27,1900-01-00 00:00:00,1008-wombat,B8:27:EB:CA:A1:3C,-47, WPA ,0.000000,0.000000,0.000,0.000,AP
2026-04-10 13:21:27,1900-01-00 00:00:00,,C8:34:8E:2C:B6:E4,-48,,0.000000,0.000000,0.000,0.000,Client
2026-04-10 13:21:27,1900-01-00 00:00:00,,C8:34:8E:2C:B6:E4,-47,,0.000000,0.000000,0.000,0.000,Client
2026-04-10 13:21:27,1900-01-00 00:00:00,1008-wombat,B8:27:EB:CA:A1:3C,-47, WPA ,0.000000,0.000000,0.000,0.000,AP
2026-04-10 13:21:27,1900-01-00 00:00:00,1008-wombat,B8:27:EB:CA:A1:3C,-46, WPA ,0.000000,0.000000,0.000,0.000,AP
2026-04-10 13:21:27,1900-01-00 00:00:00,,C8:34:8E:2C:B6:E4,-47,,0.000000,0.000000,0.000,0.000,Client
2026-04-10 13:21:27,1900-01-00 00:00:00,1008-wombat,B8:27:EB:CA:A1:3C,-46, WPA ,0.000000,0.000000,0.000,0.000,AP
2026-04-10 13:21:27,1900-01-00 00:00:00,,C8:34:8E:2C:B6:E4,-48,,0.000000,0.000000,0.000,0.000,Client
2026-04-10 13:21:27,1900-01-00 00:00:00,,C8:34:8E:2C:B6:E4,-48,,0.000000,0.000000,0.000,0.000,Client
2026-04-10 13:21:27,1900-01-00 00:00:00,1008-wombat,B8:27:EB:CA:A1:3C,-47, WPA ,0.000000,0.000000,0.000,0.000,AP
2026-04-10 13:21:27,1900-01-00 00:00:00,1008-wombat,B8:27:EB:CA:A1:3C,-47, WPA ,0.000000,0.000000,0.000,0.000,AP
2026-04-10 13:21:27,1900-01-00 00:00:00,,C8:34:8E:2C:B6:E4,-48,,0.000000,0.000000,0.000,0.000,Client
2026-04-10 13:21:27,1900-01-00 00:00:00,,C8:34:8E:2C:B6:E4,-48,,0.000000,0.000000,0.000,0.000,Client
2026-04-10 13:21:27,1900-01-00 00:00:00,1008-wombat,B8:27:EB:CA:A1:3C,-46, WPA ,0.000000,0.000000,0.000,0.000,AP
2026-04-10 13:21:27,1900-01-00 00:00:00,1008-wombat,B8:27:EB:CA:A1:3C,-46, WPA ,0.000000,0.000000,0.000,0.000,AP
2026-04-10 13:21:27,1900-01-00 00:00:00,,C8:34:8E:2C:B6:E4,-47,,0.000000,0.000000,0.000,0.000,Client
2026-04-10 13:21:27,1900-01-00 00:00:00,1008-wombat,B8:27:EB:CA:A1:3C,-46, WPA ,0.000000,0.000000,0.000,0.000,AP
2026-04-10 13:21:27,1900-01-00 00:00:00,1008-wombat,B8:27:EB:CA:A1:3C,-46, WPA ,0.000000,0.000000,0.000,0.000,AP
2026-04-10 13:21:27,1900-01-00 00:00:00,,C8:15:4E:20:C7:81,-44,,0.000000,0.000000,0.000,0.000,Client
2026-04-10 13:21:27,1900-01-00 00:00:00,1008-wombat,B8:27:EB:CA:A1:3C,-47, WPA ,0.000000,0.000000,0.000,0.000,AP
2026-04-10 13:21:27,1900-01-00 00:00:00,1008-wombat,B8:27:EB:CA:A1:3C,-47, WPA ,0.000000,0.000000,0.000,0.000,AP
2026-04-10 13:21:27,1900-01-00 00:00:00,1008-wombat,B8:27:EB:CA:A1:3C,-46, WPA ,0.000000,0.000000,0.000,0.000,AP
2026-04-10 13:21:27,1900-01-00 00:00:00,1008-wombat,B8:27:EB:CA:A1:3C,-46, WPA ,0.000000,0.000000,0.000,0.000,AP
2026-04-10 13:21:27,1900-01-00 00:00:00,1008-wombat,B8:27:EB:CA:A1:3C,-46, WPA ,0.000000,0.000000,0.000,0.000,AP
2026-04-10 13:21:27,1900-01-00 00:00:00,1008-wombat,B8:27:EB:CA:A1:3C,-47, WPA ,0.000000,0.000000,0.000,0.000,AP
2026-04-10 13:21:27,1900-01-00 00:00:00,,C8:34:8E:2C:B6:E4,-47,,0.000000,0.000000,0.000,0.000,Client
2026-04-10 13:21:27,1900-01-00 00:00:00,1008-wombat,B8:27:EB:CA:A1:3C,-44, WPA ,0.000000,0.000000,0.000,0.000,AP
2026-04-10 13:21:27,1900-01-00 00:00:00,,C8:15:4E:20:C7:81,-44,,0.000000,0.000000,0.000,0.000,Client
2026-04-10 13:21:27,1900-01-00 00:00:00,,C8:34:8E:2C:B6:E4,-47,,0.000000,0.000000,0.000,0.000,Client
2026-04-10 13:21:27,1900-01-00 00:00:00,,C8:34:8E:2C:B6:E4,-48,,0.000000,0.000000,0.000,0.000,Client
2026-04-10 13:21:27,1900-01-00 00:00:00,1008-wombat,B8:27:EB:CA:A1:3C,-47, WPA ,0.000000,0.000000,0.000,0.000,AP
2026-04-10 13:21:27,1900-01-00 00:00:00,,C8:34:8E:2C:B6:E4,-48,,0.000000,0.000000,0.000,0.000,Client
2026-04-10 13:21:27,1900-01-00 00:00:00,1008-wombat,B8:27:EB:CA:A1:3C,-44, WPA ,0.000000,0.000000,0.000,0.000,AP
2026-04-10 13:21:27,1900-01-00 00:00:00,1008-wombat,B8:27:EB:CA:A1:3C,-41, WPA ,0.000000,0.000000,0.000,0.000,AP
2026-04-10 13:21:27,1900-01-00 00:00:00,1008-wombat,B8:27:EB:CA:A1:3C,-44, WPA ,0.000000,0.000000,0.000,0.000,AP
2026-04-10 13:21:27,1900-01-00 00:00:00,,C8:15:4E:20:C7:81,-44,,0.000000,0.000000,0.000,0.000,Client
2026-04-10 13:21:27,1900-01-00 00:00:00,1008-wombat,B8:27:EB:CA:A1:3C,-45, WPA ,0.000000,0.000000,0.000,0.000,AP
2026-04-10 13:21:27,1900-01-00 00:00:00,1008-wombat,B8:27:EB:CA:A1:3C,-47, WPA ,0.000000,0.000000,0.000,0.000,AP
2026-04-10 13:21:27,1900-01-00 00:00:00,1008-wombat,B8:27:EB:CA:A1:3C,-44, WPA ,0.000000,0.000000,0.000,0.000,AP
2026-04-10 13:21:27,1900-01-00 00:00:00,1008-wombat,B8:27:EB:CA:A1:3C,-45, WPA ,0.000000,0.000000,0.000,0.000,AP
2026-04-10 13:21:27,1900-01-00 00:00:00,,C8:34:8E:2C:B6:E4,-46,,0.000000,0.000000,0.000,0.000,Client
2026-04-10 13:21:27,1900-01-00 00:00:00,1008-wombat,B8:27:EB:CA:A1:3C,-45, WPA ,0.000000,0.000000,0.000,0.000,AP
2026-04-10 13:21:27,1900-01-00 00:00:00,1008-wombat,B8:27:EB:CA:A1:3C,-44, WPA ,0.000000,0.000000,0.000,0.000,AP
2026-04-10 13:21:27,1900-01-00 00:00:00,1008-wombat,B8:27:EB:CA:A1:3C,-45, WPA ,0.000000,0.000000,0.000,0.000,AP
2026-04-10 13:21:28,1900-01-00 00:00:00,,C8:15:4E:20:C7:81,-45,,0.000000,0.000000,0.000,0.000,Client
2026-04-10 13:21:28,1900-01-00 00:00:00,1008-wombat,B8:27:EB:CA:A1:3C,-43, WPA ,0.000000,0.000000,0.000,0.000,AP
2026-04-10 13:21:28,1900-01-00 00:00:00,1008-wombat,B8:27:EB:CA:A1:3C,-44, WPA ,0.000000,0.000000,0.000,0.000,AP
2026-04-10 13:21:28,1900-01-00 00:00:00,,C8:34:8E:2C:B6:E4,-46,,0.000000,0.000000,0.000,0.000,Client
2026-04-10 13:21:28,1900-01-00 00:00:00,,C8:34:8E:2C:B6:E4,-47,,0.000000,0.000000,0.000,0.000,Client
2026-04-10 13:21:28,1900-01-00 00:00:00,1008-wombat,B8:27:EB:CA:A1:3C,-46, WPA ,0.000000,0.000000,0.000,0.000,AP
2026-04-10 13:21:28,1900-01-00 00:00:00,1008-wombat,B8:27:EB:CA:A1:3C,-43, WPA ,0.000000,0.000000,0.000,0.000,AP
2026-04-10 13:21:28,1900-01-00 00:00:00,,C8:34:8E:2C:B6:E4,-47,,0.000000,0.000000,0.000,0.000,Client
2026-04-10 13:21:28,1900-01-00 00:00:00,1008-wombat,B8:27:EB:CA:A1:3C,-41, WPA ,0.000000,0.000000,0.000,0.000,AP
2026-04-10 13:21:28,1900-01-00 00:00:00,1008-wombat,B8:27:EB:CA:A1:3C,-43, WPA ,0.000000,0.000000,0.000,0.000,AP
2026-04-10 13:21:28,1900-01-00 00:00:00,1008-wombat,B8:27:EB:CA:A1:3C,-44, WPA ,0.000000,0.000000,0.000,0.000,AP
2026-04-10 13:21:28,1900-01-00 00:00:00,1008-wombat,B8:27:EB:CA:A1:3C,-42, WPA ,0.000000,0.000000,0.000,0.000,AP
2026-04-10 13:21:28,1900-01-00 00:00:00,1008-wombat,B8:27:EB:CA:A1:3C,-43, WPA ,0.000000,0.000000,0.000,0.000,AP
2026-04-10 13:21:28,1900-01-00 00:00:00,1008-wombat,B8:27:EB:CA:A1:3C,-43, WPA ,0.000000,0.000000,0.000,0.000,AP
2026-04-10 13:21:28,1900-01-00 00:00:00,1008-wombat,B8:27:EB:CA:A1:3C,-43, WPA ,0.000000,0.000000,0.000,0.000,AP
2026-04-10 13:21:28,1900-01-00 00:00:00,1008-wombat,B8:27:EB:CA:A1:3C,-42, WPA ,0.000000,0.000000,0.000,0.000,AP
2026-04-10 13:21:28,1900-01-00 00:00:00,1008-wombat,B8:27:EB:CA:A1:3C,-42, WPA ,0.000000,0.000000,0.000,0.000,AP
2026-04-10 13:21:28,1900-01-00 00:00:00,1008-wombat,B8:27:EB:CA:A1:3C,-43, WPA ,0.000000,0.000000,0.000,0.000,AP
2026-04-10 13:21:28,1900-01-00 00:00:00,1008-wombat,B8:27:EB:CA:A1:3C,-42, WPA ,0.000000,0.000000,0.000,0.000,AP
2026-04-10 13:21:28,1900-01-00 00:00:00,1008-wombat,B8:27:EB:CA:A1:3C,-41, WPA ,0.000000,0.000000,0.000,0.000,AP
2026-04-10 13:21:28,1900-01-00 00:00:00,1008-wombat,B8:27:EB:CA:A1:3C,-43, WPA ,0.000000,0.000000,0.000,0.000,AP
2026-04-10 13:21:28,1900-01-00 00:00:00,1008-wombat,B8:27:EB:CA:A1:3C,-43, WPA ,0.000000,0.000000,0.000,0.000,AP
2026-04-10 13:21:28,1900-01-00 00:00:00,1008-wombat,B8:27:EB:CA:A1:3C,-43, WPA ,0.000000,0.000000,0.000,0.000,AP
2026-04-10 13:21:28,1900-01-00 00:00:00,1008-wombat,B8:27:EB:CA:A1:3C,-42, WPA ,0.000000,0.000000,0.000,0.000,AP
2026-04-10 13:21:28,1900-01-00 00:00:00,1008-wombat,B8:27:EB:CA:A1:3C,-42, WPA ,0.000000,0.000000,0.000,0.000,AP
2026-04-10 13:21:28,1900-01-00 00:00:00,1008-wombat,B8:27:EB:CA:A1:3C,-43, WPA ,0.000000,0.000000,0.000,0.000,AP
2026-04-10 13:21:28,1900-01-00 00:00:00,1008-wombat,B8:27:EB:CA:A1:3C,-43, WPA ,0.000000,0.000000,0.000,0.000,AP
2026-04-10 13:21:28,1900-01-00 00:00:00,,C8:34:8E:2C:B6:E4,-48,,0.000000,0.000000,0.000,0.000,Client
2026-04-10 13:21:28,1900-01-00 00:00:00,,C8:34:8E:2C:B6:E4,-48,,0.000000,0.000000,0.000,0.000,Client
2026-04-10 13:21:28,1900-01-00 00:00:00,1008-wombat,B8:27:EB:CA:A1:3C,-45, WPA ,0.000000,0.000000,0.000,0.000,AP
2026-04-10 13:21:28,1900-01-00 00:00:00,1008-wombat,B8:27:EB:CA:A1:3C,-43, WPA ,0.000000,0.000000,0.000,0.000,AP
2026-04-10 13:21:28,1900-01-00 00:00:00,,C8:34:8E:2C:B6:E4,-48,,0.000000,0.000000,0.000,0.000,Client
2026-04-10 13:21:28,1900-01-00 00:00:00,1008-wombat,B8:27:EB:CA:A1:3C,-44, WPA ,0.000000,0.000000,0.000,0.000,AP
2026-04-10 13:21:28,1900-01-00 00:00:00,1008-wombat,B8:27:EB:CA:A1:3C,-42, WPA ,0.000000,0.000000,0.000,0.000,AP
2026-04-10 13:21:28,1900-01-00 00:00:00,,C8:34:8E:2C:B6:E4,-48,,0.000000,0.000000,0.000,0.000,Client
2026-04-10 13:21:28,1900-01-00 00:00:00,1008-wombat,B8:27:EB:CA:A1:3C,-43, WPA ,0.000000,0.000000,0.000,0.000,AP
2026-04-10 13:21:28,1900-01-00 00:00:00,,C8:15:4E:20:C7:81,-46,,0.000000,0.000000,0.000,0.000,Client
2026-04-10 13:21:28,1900-01-00 00:00:00,1008-wombat,B8:27:EB:CA:A1:3C,-46, WPA ,0.000000,0.000000,0.000,0.000,AP
2026-04-10 13:21:29,1900-01-00 00:00:00,1008-wombat,B8:27:EB:CA:A1:3C,-43, WPA ,0.000000,0.000000,0.000,0.000,AP
2026-04-10 13:21:29,1900-01-00 00:00:00,,C8:15:4E:20:C7:81,-44,,0.000000,0.000000,0.000,0.000,Client
2026-04-10 13:21:29,1900-01-00 00:00:00,1008-wombat,B8:27:EB:CA:A1:3C,-43, WPA ,0.000000,0.000000,0.000,0.000,AP
2026-04-10 13:21:29,1900-01-00 00:00:00,,C8:34:8E:2C:B6:E4,-46,,0.000000,0.000000,0.000,0.000,Client
2026-04-10 13:21:29,1900-01-00 00:00:00,,C8:34:8E:2C:B6:E4,-47,,0.000000,0.000000,0.000,0.000,Client
2026-04-10 13:21:29,1900-01-00 00:00:00,1008-wombat,B8:27:EB:CA:A1:3C,-43, WPA ,0.000000,0.000000,0.000,0.000,AP
2026-04-10 13:21:29,1900-01-00 00:00:00,,C8:34:8E:2C:B6:E4,-47,,0.000000,0.000000,0.000,0.000,Client
2026-04-10 13:21:29,1900-01-00 00:00:00,1008-wombat,B8:27:EB:CA:A1:3C,-44, WPA ,0.000000,0.000000,0.000,0.000,AP
2026-04-10 13:21:29,1900-01-00 00:00:00,1008-wombat,B8:27:EB:CA:A1:3C,-44, WPA ,0.000000,0.000000,0.000,0.000,AP
2026-04-10 13:21:29,1900-01-00 00:00:00,,C8:15:4E:20:C7:81,-44,,0.000000,0.000000,0.000,0.000,Client
2026-04-10 13:21:29,1900-01-00 00:00:00,1008-wombat,B8:27:EB:CA:A1:3C,-47, WPA ,0.000000,0.000000,0.000,0.000,AP
2026-04-10 13:21:29,1900-01-00 00:00:00,,C8:34:8E:2C:B6:E4,-47,,0.000000,0.000000,0.000,0.000,Client
2026-04-10 13:21:29,1900-01-00 00:00:00,,C8:34:8E:2C:B6:E4,-47,,0.000000,0.000000,0.000,0.000,Client
2026-04-10 13:21:29,1900-01-00 00:00:00,,C8:34:8E:2C:B6:E4,-47,,0.000000,0.000000,0.000,0.000,Client
2026-04-10 13:21:29,1900-01-00 00:00:00,1008-wombat,B8:27:EB:CA:A1:3C,-47, WPA ,0.000000,0.000000,0.000,0.000,AP
2026-04-10 13:21:29,1900-01-00 00:00:00,1008-wombat,B8:27:EB:CA:A1:3C,-46, WPA ,0.000000,0.000000,0.000,0.000,AP
2026-04-10 13:21:29,1900-01-00 00:00:00,,C8:34:8E:2C:B6:E4,-47,,0.000000,0.000000,0.000,0.000,Client
2026-04-10 13:21:29,1900-01-00 00:00:00,1008-wombat,B8:27:EB:CA:A1:3C,-46, WPA ,0.000000,0.000000,0.000,0.000,AP
2026-04-10 13:21:29,1900-01-00 00:00:00,,C8:34:8E:2C:B6:E4,-47,,0.000000,0.000000,0.000,0.000,Client
2026-04-10 13:21:29,1900-01-00 00:00:00,1008-wombat,B8:27:EB:CA:A1:3C,-47, WPA ,0.000000,0.000000,0.000,0.000,AP
2026-04-10 13:21:29,1900-01-00 00:00:00,,C8:34:8E:2C:B6:E4,-47,,0.000000,0.000000,0.000,0.000,Client
2026-04-10 13:21:29,1900-01-00 00:00:00,1008-wombat,B8:27:EB:CA:A1:3C,-46, WPA ,0.000000,0.000000,0.000,0.000,AP
2026-04-10 13:21:29,1900-01-00 00:00:00,,C8:34:8E:2C:B6:E4,-47,,0.000000,0.000000,0.000,0.000,Client
2026-04-10 13:21:29,1900-01-00 00:00:00,,C8:34:8E:2C:B6:E4,-47,,0.000000,0.000000,0.000,0.000,Client
2026-04-10 13:21:29,1900-01-00 00:00:00,1008-wombat,B8:27:EB:CA:A1:3C,-46, WPA ,0.000000,0.000000,0.000,0.000,AP
2026-04-10 13:21:29,1900-01-00 00:00:00,1008-wombat,B8:27:EB:CA:A1:3C,-46, WPA ,0.000000,0.000000,0.000,0.000,AP
2026-04-10 13:21:29,1900-01-00 00:00:00,,C8:34:8E:2C:B6:E4,-47,,0.000000,0.000000,0.000,0.000,Client
2026-04-10 13:21:29,1900-01-00 00:00:00,,C8:34:8E:2C:B6:E4,-48,,0.000000,0.000000,0.000,0.000,Client
2026-04-10 13:21:29,1900-01-00 00:00:00,1008-wombat,B8:27:EB:CA:A1:3C,-46, WPA ,0.000000,0.000000,0.000,0.000,AP
2026-04-10 13:21:29,1900-01-00 00:00:00,1008-wombat,B8:27:EB:CA:A1:3C,-46, WPA ,0.000000,0.000000,0.000,0.000,AP
2026-04-10 13:21:29,1900-01-00 00:00:00,,C8:34:8E:2C:B6:E4,-47,,0.000000,0.000000,0.000,0.000,Client
2026-04-10 13:21:29,1900-01-00 00:00:00,1008-wombat,B8:27:EB:CA:A1:3C,-46, WPA ,0.000000,0.000000,0.000,0.000,AP
2026-04-10 13:21:29,1900-01-00 00:00:00,1008-wombat,B8:27:EB:CA:A1:3C,-44, WPA ,0.000000,0.000000,0.000,0.000,AP
2026-04-10 13:21:29,1900-01-00 00:00:00,,C8:34:8E:2C:B6:E4,-47,,0.000000,0.000000,0.000,0.000,Client
2026-04-10 13:21:29,1900-01-00 00:00:00,,C8:34:8E:2C:B6:E4,-47,,0.000000,0.000000,0.000,0.000,Client
2026-04-10 13:21:29,1900-01-00 00:00:00,1008-wombat,B8:27:EB:CA:A1:3C,-46, WPA ,0.000000,0.000000,0.000,0.000,AP
2026-04-10 13:21:29,1900-01-00 00:00:00,1008-wombat,B8:27:EB:CA:A1:3C,-46, WPA ,0.000000,0.000000,0.000,0.000,AP
2026-04-10 13:21:29,1900-01-00 00:00:00,,C8:34:8E:2C:B6:E4,-47,,0.000000,0.000000,0.000,0.000,Client
2026-04-10 13:21:29,1900-01-00 00:00:00,,C8:34:8E:2C:B6:E4,-47,,0.000000,0.000000,0.000,0.000,Client
2026-04-10 13:21:29,1900-01-00 00:00:00,1008-wombat,B8:27:EB:CA:A1:3C,-46, WPA ,0.000000,0.000000,0.000,0.000,AP
2026-04-10 13:21:29,1900-01-00 00:00:00,1008-wombat,B8:27:EB:CA:A1:3C,-46, WPA ,0.000000,0.000000,0.000,0.000,AP
2026-04-10 13:21:29,1900-01-00 00:00:00,,C8:34:8E:2C:B6:E4,-47,,0.000000,0.000000,0.000,0.000,Client
2026-04-10 13:21:29,1900-01-00 00:00:00,1008-wombat,B8:27:EB:CA:A1:3C,-46, WPA ,0.000000,0.000000,0.000,0.000,AP
2026-04-10 13:21:29,1900-01-00 00:00:00,,C8:34:8E:2C:B6:E4,-47,,0.000000,0.000000,0.000,0.000,Client
2026-04-10 13:21:29,1900-01-00 00:00:00,,C8:34:8E:2C:B6:E4,-48,,0.000000,0.000000,0.000,0.000,Client
2026-04-10 13:21:29,1900-01-00 00:00:00,1008-wombat,B8:27:EB:CA:A1:3C,-46, WPA ,0.000000,0.000000,0.000,0.000,AP
2026-04-10 13:21:29,1900-01-00 00:00:00,1008-wombat,B8:27:EB:CA:A1:3C,-46, WPA ,0.000000,0.000000,0.000,0.000,AP
2026-04-10 13:21:29,1900-01-00 00:00:00,,C8:34:8E:2C:B6:E4,-48,,0.000000,0.000000,0.000,0.000,Client
2026-04-10 13:21:29,1900-01-00 00:00:00,,C8:34:8E:2C:B6:E4,-48,,0.000000,0.000000,0.000,0.000,Client
2026-04-10 13:21:29,1900-01-00 00:00:00,1008-wombat,B8:27:EB:CA:A1:3C,-46, WPA ,0.000000,0.000000,0.000,0.000,AP
2026-04-10 13:21:29,1900-01-00 00:00:00,1008-wombat,B8:27:EB:CA:A1:3C,-46, WPA ,0.000000,0.000000,0.000,0.000,AP
2026-04-10 13:21:29,1900-01-00 00:00:00,,C8:34:8E:2C:B6:E4,-47,,0.000000,0.000000,0.000,0.000,Client
2026-04-10 13:21:29,1900-01-00 00:00:00,1008-wombat,B8:27:EB:CA:A1:3C,-46, WPA ,0.000000,0.000000,0.000,0.000,AP
2026-04-10 13:21:29,1900-01-00 00:00:00,1008-wombat,B8:27:EB:CA:A1:3C,-42, WPA ,0.000000,0.000000,0.000,0.000,AP
2026-04-10 13:21:29,1900-01-00 00:00:00,1008-wombat,B8:27:EB:CA:A1:3C,-44, WPA ,0.000000,0.000000,0.000,0.000,AP
2026-04-10 13:21:29,1900-01-00 00:00:00,1008-wombat,B8:27:EB:CA:A1:3C,-43, WPA ,0.000000,0.000000,0.000,0.000,AP
2026-04-10 13:21:29,1900-01-00 00:00:00,1008-wombat,B8:27:EB:CA:A1:3C,-43, WPA ,0.000000,0.000000,0.000,0.000,AP
2026-04-10 13:21:29,1900-01-00 00:00:00,1008-wombat,B8:27:EB:CA:A1:3C,-44, WPA ,0.000000,0.000000,0.000,0.000,AP
2026-04-10 13:21:29,1900-01-00 00:00:00,,C8:15:4E:20:C7:81,-48,,0.000000,0.000000,0.000,0.000,Client
2026-04-10 13:21:29,1900-01-00 00:00:00,1008-wombat,B8:27:EB:CA:A1:3C,-42, WPA ,0.000000,0.000000,0.000,0.000,AP
2026-04-10 13:21:29,1900-01-00 00:00:00,1008-wombat,B8:27:EB:CA:A1:3C,-43, WPA ,0.000000,0.000000,0.000,0.000,AP
2026-04-10 13:21:29,1900-01-00 00:00:00,1008-wombat,B8:27:EB:CA:A1:3C,-43, WPA ,0.000000,0.000000,0.000,0.000,AP
2026-04-10 13:21:29,1900-01-00 00:00:00,1008-wombat,B8:27:EB:CA:A1:3C,-44, WPA ,0.000000,0.000000,0.000,0.000,AP
2026-04-10 13:21:29,1900-01-00 00:00:00,1008-wombat,B8:27:EB:CA:A1:3C,-44, WPA ,0.000000,0.000000,0.000,0.000,AP
2026-04-10 13:21:29,1900-01-00 00:00:00,1008-wombat,B8:27:EB:CA:A1:3C,-44, WPA ,0.000000,0.000000,0.000,0.000,AP
2026-04-10 13:21:29,1900-01-00 00:00:00,1008-wombat,B8:27:EB:CA:A1:3C,-44, WPA ,0.000000,0.000000,0.000,0.000,AP
2026-04-10 13:21:29,1900-01-00 00:00:00,,C8:34:8E:2C:B6:E4,-47,,0.000000,0.000000,0.000,0.000,Client
2026-04-10 13:21:29,1900-01-00 00:00:00,1008-wombat,B8:27:EB:CA:A1:3C,-41, WPA ,0.000000,0.000000,0.000,0.000,AP
2026-04-10 13:21:29,1900-01-00 00:00:00,1008-wombat,B8:27:EB:CA:A1:3C,-43, WPA ,0.000000,0.000000,0.000,0.000,AP
2026-04-10 13:21:29,1900-01-00 00:00:00,1008-wombat,B8:27:EB:CA:A1:3C,-45, WPA ,0.000000,0.000000,0.000,0.000,AP
2026-04-10 13:21:29,1900-01-00 00:00:00,1008-wombat,B8:27:EB:CA:A1:3C,-45, WPA ,0.000000,0.000000,0.000,0.000,AP
2026-04-10 13:21:29,1900-01-00 00:00:00,1008-wombat,B8:27:EB:CA:A1:3C,-43, WPA ,0.000000,0.000000,0.000,0.000,AP
2026-04-10 13:21:29,1900-01-00 00:00:00,1008-wombat,B8:27:EB:CA:A1:3C,-42, WPA ,0.000000,0.000000,0.000,0.000,AP
2026-04-10 13:21:29,1900-01-00 00:00:00,1008-wombat,B8:27:EB:CA:A1:3C,-43, WPA ,0.000000,0.000000,0.000,0.000,AP
2026-04-10 13:21:29,1900-01-00 00:00:00,1008-wombat,B8:27:EB:CA:A1:3C,-43, WPA ,0.000000,0.000000,0.000,0.000,AP
2026-04-10 13:21:29,1900-01-00 00:00:00,1008-wombat,B8:27:EB:CA:A1:3C,-43, WPA ,0.000000,0.000000,0.000,0.000,AP
2026-04-10 13:21:29,1900-01-00 00:00:00,1008-wombat,B8:27:EB:CA:A1:3C,-44, WPA ,0.000000,0.000000,0.000,0.000,AP
2026-04-10 13:21:29,1900-01-00 00:00:00,1008-wombat,B8:27:EB:CA:A1:3C,-43, WPA ,0.000000,0.000000,0.000,0.000,AP
2026-04-10 13:21:29,1900-01-00 00:00:00,1008-wombat,B8:27:EB:CA:A1:3C,-44, WPA ,0.000000,0.000000,0.000,0.000,AP
2026-04-10 13:21:29,1900-01-00 00:00:00,1008-wombat,B8:27:EB:CA:A1:3C,-43, WPA ,0.000000,0.000000,0.000,0.000,AP
2026-04-10 13:21:29,1900-01-00 00:00:00,1008-wombat,B8:27:EB:CA:A1:3C,-44, WPA ,0.000000,0.000000,0.000,0.000,AP
2026-04-10 13:21:29,1900-01-00 00:00:00,1008-wombat,B8:27:EB:CA:A1:3C,-42, WPA ,0.000000,0.000000,0.000,0.000,AP
2026-04-10 13:21:29,1900-01-00 00:00:00,1008-wombat,B8:27:EB:CA:A1:3C,-44, WPA ,0.000000,0.000000,0.000,0.000,AP
2026-04-10 13:21:29,1900-01-00 00:00:00,1008-wombat,B8:27:EB:CA:A1:3C,-44, WPA ,0.000000,0.000000,0.000,0.000,AP
2026-04-10 13:21:29,1900-01-00 00:00:00,1008-wombat,B8:27:EB:CA:A1:3C,-44, WPA ,0.000000,0.000000,0.000,0.000,AP
2026-04-10 13:21:29,1900-01-00 00:00:00,1008-wombat,B8:27:EB:CA:A1:3C,-44, WPA ,0.000000,0.000000,0.000,0.000,AP
2026-04-10 13:21:29,1900-01-00 00:00:00,1008-wombat,B8:27:EB:CA:A1:3C,-44, WPA ,0.000000,0.000000,0.000,0.000,AP
2026-04-10 13:21:29,1900-01-00 00:00:00,1008-wombat,B8:27:EB:CA:A1:3C,-44, WPA ,0.000000,0.000000,0.000,0.000,AP
2026-04-10 13:21:29,1900-01-00 00:00:00,1008-wombat,B8:27:EB:CA:A1:3C,-44, WPA ,0.000000,0.000000,0.000,0.000,AP
2026-04-10 13:21:29,1900-01-00 00:00:00,1008-wombat,B8:27:EB:CA:A1:3C,-45, WPA ,0.000000,0.000000,0.000,0.000,AP
2026-04-10 13:21:29,1900-01-00 00:00:00,1008-wombat,B8:27:EB:CA:A1:3C,-44, WPA ,0.000000,0.000000,0.000,0.000,AP
2026-04-10 13:21:29,1900-01-00 00:00:00,1008-wombat,B8:27:EB:CA:A1:3C,-45, WPA ,0.000000,0.000000,0.000,0.000,AP
2026-04-10 13:21:29,1900-01-00 00:00:00,1008-wombat,B8:27:EB:CA:A1:3C,-45, WPA ,0.000000,0.000000,0.000,0.000,AP
2026-04-10 13:21:30,1900-01-00 00:00:00,1008-wombat,B8:27:EB:CA:A1:3C,-45, WPA ,0.000000,0.000000,0.000,0.000,AP
2026-04-10 13:21:30,1900-01-00 00:00:00,1008-wombat,B8:27:EB:CA:A1:3C,-44, WPA ,0.000000,0.000000,0.000,0.000,AP
2026-04-10 13:21:30,1900-01-00 00:00:00,,C8:15:4E:20:C7:81,-48,,0.000000,0.000000,0.000,0.000,Client
2026-04-10 13:21:30,1900-01-00 00:00:00,,C8:15:4E:20:C7:81,-59,,0.000000,0.000000,0.000,0.000,Client
2026-04-10 13:21:30,1900-01-00 00:00:00,1008-wombat,B8:27:EB:CA:A1:3C,-47, WPA ,0.000000,0.000000,0.000,0.000,AP
2026-04-10 13:21:30,1900-01-00 00:00:00,1008-wombat,B8:27:EB:CA:A1:3C,-44, WPA ,0.000000,0.000000,0.000,0.000,AP
2026-04-10 13:21:30,1900-01-00 00:00:00,,C8:15:4E:20:C7:81,-46,,0.000000,0.000000,0.000,0.000,Client
2026-04-10 13:21:30,1900-01-00 00:00:00,1008-wombat,B8:27:EB:CA:A1:3C,-44, WPA ,0.000000,0.000000,0.000,0.000,AP
2026-04-10 13:21:30,1900-01-00 00:00:00,1008-wombat,B8:27:EB:CA:A1:3C,-45, WPA ,0.000000,0.000000,0.000,0.000,AP
2026-04-10 13:21:30,1900-01-00 00:00:00,1008-wombat,B8:27:EB:CA:A1:3C,-45, WPA ,0.000000,0.000000,0.000,0.000,AP
2026-04-10 13:21:30,1900-01-00 00:00:00,1008-wombat,B8:27:EB:CA:A1:3C,-45, WPA ,0.000000,0.000000,0.000,0.000,AP
2026-04-10 13:21:30,1900-01-00 00:00:00,1008-wombat,B8:27:EB:CA:A1:3C,-44, WPA ,0.000000,0.000000,0.000,0.000,AP
2026-04-10 13:21:30,1900-01-00 00:00:00,1008-wombat,B8:27:EB:CA:A1:3C,-44, WPA ,0.000000,0.000000,0.000,0.000,AP
2026-04-10 13:21:30,1900-01-00 00:00:00,1008-wombat,B8:27:EB:CA:A1:3C,-44, WPA ,0.000000,0.000000,0.000,0.000,AP
2026-04-10 13:21:30,1900-01-00 00:00:00,1008-wombat,B8:27:EB:CA:A1:3C,-45, WPA ,0.000000,0.000000,0.000,0.000,AP
2026-04-10 13:21:30,1900-01-00 00:00:00,1008-wombat,B8:27:EB:CA:A1:3C,-45, WPA ,0.000000,0.000000,0.000,0.000,AP
2026-04-10 13:21:30,1900-01-00 00:00:00,1008-wombat,B8:27:EB:CA:A1:3C,-44, WPA ,0.000000,0.000000,0.000,0.000,AP
2026-04-10 13:21:30,1900-01-00 00:00:00,1008-wombat,B8:27:EB:CA:A1:3C,-44, WPA ,0.000000,0.000000,0.000,0.000,AP
2026-04-10 13:21:30,1900-01-00 00:00:00,1008-wombat,B8:27:EB:CA:A1:3C,-44, WPA ,0.000000,0.000000,0.000,0.000,AP
2026-04-10 13:21:30,1900-01-00 00:00:00,1008-wombat,B8:27:EB:CA:A1:3C,-44, WPA ,0.000000,0.000000,0.000,0.000,AP
2026-04-10 13:21:30,1900-01-00 00:00:00,1008-wombat,B8:27:EB:CA:A1:3C,-43, WPA ,0.000000,0.000000,0.000,0.000,AP
2026-04-10 13:21:30,1900-01-00 00:00:00,1008-wombat,B8:27:EB:CA:A1:3C,-44, WPA ,0.000000,0.000000,0.000,0.000,AP
2026-04-10 13:21:30,1900-01-00 00:00:00,1008-wombat,B8:27:EB:CA:A1:3C,-43, WPA ,0.000000,0.000000,0.000,0.000,AP
2026-04-10 13:21:30,1900-01-00 00:00:00,1008-wombat,B8:27:EB:CA:A1:3C,-44, WPA ,0.000000,0.000000,0.000,0.000,AP
2026-04-10 13:21:30,1900-01-00 00:00:00,1008-wombat,B8:27:EB:CA:A1:3C,-43, WPA ,0.000000,0.000000,0.000,0.000,AP
2026-04-10 13:21:30,1900-01-00 00:00:00,1008-wombat,B8:27:EB:CA:A1:3C,-44, WPA ,0.000000,0.000000,0.000,0.000,AP
2026-04-10 13:21:30,1900-01-00 00:00:00,,C8:15:4E:20:C7:81,-45,,0.000000,0.000000,0.000,0.000,Client
2026-04-10 13:21:30,1900-01-00 00:00:00,1008-wombat,B8:27:EB:CA:A1:3C,-46, WPA ,0.000000,0.000000,0.000,0.000,AP
2026-04-10 13:21:30,1900-01-00 00:00:00,1008-wombat,B8:27:EB:CA:A1:3C,-44, WPA ,0.000000,0.000000,0.000,0.000,AP
2026-04-10 13:21:30,1900-01-00 00:00:00,,C8:15:4E:20:C7:81,-45,,0.000000,0.000000,0.000,0.000,Client
2026-04-10 13:21:30,1900-01-00 00:00:00,1008-wombat,B8:27:EB:CA:A1:3C,-44, WPA ,0.000000,0.000000,0.000,0.000,AP
2026-04-10 13:21:30,1900-01-00 00:00:00,1008-wombat,B8:27:EB:CA:A1:3C,-44, WPA ,0.000000,0.000000,0.000,0.000,AP
2026-04-10 13:21:31,1900-01-00 00:00:00,1008-wombat,B8:27:EB:CA:A1:3C,-44, WPA ,0.000000,0.000000,0.000,0.000,AP
2026-04-10 13:21:31,1900-01-00 00:00:00,1008-wombat,B8:27:EB:CA:A1:3C,-43, WPA ,0.000000,0.000000,0.000,0.000,AP
2026-04-10 13:21:31,1900-01-00 00:00:00,,C8:15:4E:20:C7:81,-45,,0.000000,0.000000,0.000,0.000,Client
2026-04-10 13:21:31,1900-01-00 00:00:00,1008-wombat,B8:27:EB:CA:A1:3C,-46, WPA ,0.000000,0.000000,0.000,0.000,AP
2026-04-10 13:21:31,1900-01-00 00:00:00,1008-wombat,B8:27:EB:CA:A1:3C,-45, WPA ,0.000000,0.000000,0.000,0.000,AP
2026-04-10 13:21:31,1900-01-00 00:00:00,1008-wombat,B8:27:EB:CA:A1:3C,-43, WPA ,0.000000,0.000000,0.000,0.000,AP
2026-04-10 13:21:31,1900-01-00 00:00:00,,C8:15:4E:20:C7:81,-46,,0.000000,0.000000,0.000,0.000,Client
2026-04-10 13:21:31,1900-01-00 00:00:00,1008-wombat,B8:27:EB:CA:A1:3C,-43, WPA ,0.000000,0.000000,0.000,0.000,AP
2026-04-10 13:21:31,1900-01-00 00:00:00,1008-wombat,B8:27:EB:CA:A1:3C,-44, WPA ,0.000000,0.000000,0.000,0.000,AP
2026-04-10 13:21:31,1900-01-00 00:00:00,1008-wombat,B8:27:EB:CA:A1:3C,-45, WPA ,0.000000,0.000000,0.000,0.000,AP
2026-04-10 13:21:31,1900-01-00 00:00:00,1008-wombat,B8:27:EB:CA:A1:3C,-45, WPA ,0.000000,0.000000,0.000,0.000,AP
2026-04-10 13:21:31,1900-01-00 00:00:00,1008-wombat,B8:27:EB:CA:A1:3C,-44, WPA ,0.000000,0.000000,0.000,0.000,AP
2026-04-10 13:21:31,1900-01-00 00:00:00,1008-wombat,B8:27:EB:CA:A1:3C,-44, WPA ,0.000000,0.000000,0.000,0.000,AP
2026-04-10 13:21:31,1900-01-00 00:00:00,1008-wombat,B8:27:EB:CA:A1:3C,-44, WPA ,0.000000,0.000000,0.000,0.000,AP
2026-04-10 13:21:31,1900-01-00 00:00:00,1008-wombat,B8:27:EB:CA:A1:3C,-45, WPA ,0.000000,0.000000,0.000,0.000,AP
2026-04-10 13:21:31,1900-01-00 00:00:00,1008-wombat,B8:27:EB:CA:A1:3C,-45, WPA ,0.000000,0.000000,0.000,0.000,AP
2026-04-10 13:21:31,1900-01-00 00:00:00,1008-wombat,B8:27:EB:CA:A1:3C,-45, WPA ,0.000000,0.000000,0.000,0.000,AP
2026-04-10 13:21:31,1900-01-00 00:00:00,1008-wombat,B8:27:EB:CA:A1:3C,-44, WPA ,0.000000,0.000000,0.000,0.000,AP
2026-04-10 13:21:31,1900-01-00 00:00:00,1008-wombat,B8:27:EB:CA:A1:3C,-45, WPA ,0.000000,0.000000,0.000,0.000,AP
2026-04-10 13:21:31,1900-01-00 00:00:00,,C8:15:4E:20:C7:81,-47,,0.000000,0.000000,0.000,0.000,Client
2026-04-10 13:21:31,1900-01-00 00:00:00,,C8:15:4E:20:C7:81,-57,,0.000000,0.000000,0.000,0.000,Client
2026-04-10 13:21:31,1900-01-00 00:00:00,1008-wombat,B8:27:EB:CA:A1:3C,-47, WPA ,0.000000,0.000000,0.000,0.000,AP
2026-04-10 13:21:31,1900-01-00 00:00:00,,C8:34:8E:2C:B6:E4,-48,,0.000000,0.000000,0.000,0.000,Client
2026-04-10 13:21:31,1900-01-00 00:00:00,,C8:34:8E:2C:B6:E4,-48,,0.000000,0.000000,0.000,0.000,Client
2026-04-10 13:21:31,1900-01-00 00:00:00,1008-wombat,B8:27:EB:CA:A1:3C,-46, WPA ,0.000000,0.000000,0.000,0.000,AP
2026-04-10 13:21:31,1900-01-00 00:00:00,,C8:34:8E:2C:B6:E4,-48,,0.000000,0.000000,0.000,0.000,Client
2026-04-10 13:21:31,1900-01-00 00:00:00,,C8:15:4E:20:C7:81,-57,,0.000000,0.000000,0.000,0.000,Client
2026-04-10 13:21:31,1900-01-00 00:00:00,1008-wombat,B8:27:EB:CA:A1:3C,-49, WPA ,0.000000,0.000000,0.000,0.000,AP
2026-04-10 13:21:31,1900-01-00 00:00:00,1008-wombat,B8:27:EB:CA:A1:3C,-45, WPA ,0.000000,0.000000,0.000,0.000,AP
2026-04-10 13:21:31,1900-01-00 00:00:00,,C8:15:4E:20:C7:81,-46,,0.000000,0.000000,0.000,0.000,Client
2026-04-10 13:21:31,1900-01-00 00:00:00,1008-wombat,B8:27:EB:CA:A1:3C,-45, WPA ,0.000000,0.000000,0.000,0.000,AP
2026-04-10 13:21:32,1900-01-00 00:00:00,,C8:34:8E:2C:B6:E4,-46,,0.000000,0.000000,0.000,0.000,Client
2026-04-10 13:21:32,1900-01-00 00:00:00,,C8:34:8E:2C:B6:E4,-47,,0.000000,0.000000,0.000,0.000,Client
2026-04-10 13:21:32,1900-01-00 00:00:00,1008-wombat,B8:27:EB:CA:A1:3C,-47, WPA ,0.000000,0.000000,0.000,0.000,AP
2026-04-10 13:21:32,1900-01-00 00:00:00,1008-wombat,B8:27:EB:CA:A1:3C,-47, WPA ,0.000000,0.000000,0.000,0.000,AP
2026-04-10 13:21:32,1900-01-00 00:00:00,1008-wombat,B8:27:EB:CA:A1:3C,-43, WPA ,0.000000,0.000000,0.000,0.000,AP
2026-04-10 13:21:32,1900-01-00 00:00:00,,C8:34:8E:2C:B6:E4,-46,,0.000000,0.000000,0.000,0.000,Client
2026-04-10 13:21:32,1900-01-00 00:00:00,1008-wombat,B8:27:EB:CA:A1:3C,-44, WPA ,0.000000,0.000000,0.000,0.000,AP
2026-04-10 13:21:32,1900-01-00 00:00:00,1008-wombat,B8:27:EB:CA:A1:3C,-44, WPA ,0.000000,0.000000,0.000,0.000,AP
2026-04-10 13:21:32,1900-01-00 00:00:00,1008-wombat,B8:27:EB:CA:A1:3C,-43, WPA ,0.000000,0.000000,0.000,0.000,AP
2026-04-10 13:21:32,1900-01-00 00:00:00,1008-wombat,B8:27:EB:CA:A1:3C,-44, WPA ,0.000000,0.000000,0.000,0.000,AP
2026-04-10 13:21:32,1900-01-00 00:00:00,1008-wombat,B8:27:EB:CA:A1:3C,-46, WPA ,0.000000,0.000000,0.000,0.000,AP
2026-04-10 13:21:32,1900-01-00 00:00:00,,C8:34:8E:2C:B6:E4,-46,,0.000000,0.000000,0.000,0.000,Client
2026-04-10 13:21:32,1900-01-00 00:00:00,,C8:34:8E:2C:B6:E4,-47,,0.000000,0.000000,0.000,0.000,Client
2026-04-10 13:21:32,1900-01-00 00:00:00,,C8:34:8E:2C:B6:E4,-46,,0.000000,0.000000,0.000,0.000,Client
2026-04-10 13:21:32,1900-01-00 00:00:00,1008-wombat,B8:27:EB:CA:A1:3C,-48, WPA ,0.000000,0.000000,0.000,0.000,AP
2026-04-10 13:21:32,1900-01-00 00:00:00,1008-wombat,B8:27:EB:CA:A1:3C,-47, WPA ,0.000000,0.000000,0.000,0.000,AP
2026-04-10 13:21:32,1900-01-00 00:00:00,,C8:34:8E:2C:B6:E4,-46,,0.000000,0.000000,0.000,0.000,Client
2026-04-10 13:21:32,1900-01-00 00:00:00,1008-wombat,B8:27:EB:CA:A1:3C,-47, WPA ,0.000000,0.000000,0.000,0.000,AP
2026-04-10 13:21:32,1900-01-00 00:00:00,1008-wombat,B8:27:EB:CA:A1:3C,-46, WPA ,0.000000,0.000000,0.000,0.000,AP
2026-04-10 13:21:32,1900-01-00 00:00:00,,C8:34:8E:2C:B6:E4,-47,,0.000000,0.000000,0.000,0.000,Client
2026-04-10 13:21:32,1900-01-00 00:00:00,1008-wombat,B8:27:EB:CA:A1:3C,-47, WPA ,0.000000,0.000000,0.000,0.000,AP
2026-04-10 13:21:32,1900-01-00 00:00:00,,C8:34:8E:2C:B6:E4,-46,,0.000000,0.000000,0.000,0.000,Client
2026-04-10 13:21:32,1900-01-00 00:00:00,,C8:34:8E:2C:B6:E4,-46,,0.000000,0.000000,0.000,0.000,Client
2026-04-10 13:21:32,1900-01-00 00:00:00,1008-wombat,B8:27:EB:CA:A1:3C,-47, WPA ,0.000000,0.000000,0.000,0.000,AP
2026-04-10 13:21:32,1900-01-00 00:00:00,1008-wombat,B8:27:EB:CA:A1:3C,-47, WPA ,0.000000,0.000000,0.000,0.000,AP
2026-04-10 13:21:32,1900-01-00 00:00:00,,C8:34:8E:2C:B6:E4,-46,,0.000000,0.000000,0.000,0.000,Client
2026-04-10 13:21:32,1900-01-00 00:00:00,1008-wombat,B8:27:EB:CA:A1:3C,-48, WPA ,0.000000,0.000000,0.000,0.000,AP
2026-04-10 13:21:32,1900-01-00 00:00:00,,C8:34:8E:2C:B6:E4,-46,,0.000000,0.000000,0.000,0.000,Client
2026-04-10 13:21:32,1900-01-00 00:00:00,1008-wombat,B8:27:EB:CA:A1:3C,-48, WPA ,0.000000,0.000000,0.000,0.000,AP
2026-04-10 13:21:32,1900-01-00 00:00:00,,C8:34:8E:2C:B6:E4,-46,,0.000000,0.000000,0.000,0.000,Client
2026-04-10 13:21:32,1900-01-00 00:00:00,1008-wombat,B8:27:EB:CA:A1:3C,-47, WPA ,0.000000,0.000000,0.000,0.000,AP
2026-04-10 13:21:32,1900-01-00 00:00:00,1008-wombat,B8:27:EB:CA:A1:3C,-45, WPA ,0.000000,0.000000,0.000,0.000,AP
2026-04-10 13:21:32,1900-01-00 00:00:00,,C8:34:8E:2C:B6:E4,-46,,0.000000,0.000000,0.000,0.000,Client
2026-04-10 13:21:32,1900-01-00 00:00:00,,C8:34:8E:2C:B6:E4,-46,,0.000000,0.000000,0.000,0.000,Client
2026-04-10 13:21:32,1900-01-00 00:00:00,1008-wombat,B8:27:EB:CA:A1:3C,-48, WPA ,0.000000,0.000000,0.000,0.000,AP
2026-04-10 13:21:32,1900-01-00 00:00:00,1008-wombat,B8:27:EB:CA:A1:3C,-48, WPA ,0.000000,0.000000,0.000,0.000,AP
2026-04-10 13:21:32,1900-01-00 00:00:00,,C8:34:8E:2C:B6:E4,-46,,0.000000,0.000000,0.000,0.000,Client
2026-04-10 13:21:32,1900-01-00 00:00:00,,C8:34:8E:2C:B6:E4,-47,,0.000000,0.000000,0.000,0.000,Client
2026-04-10 13:21:32,1900-01-00 00:00:00,1008-wombat,B8:27:EB:CA:A1:3C,-47, WPA ,0.000000,0.000000,0.000,0.000,AP
2026-04-10 13:21:32,1900-01-00 00:00:00,1008-wombat,B8:27:EB:CA:A1:3C,-47, WPA ,0.000000,0.000000,0.000,0.000,AP
2026-04-10 13:21:32,1900-01-00 00:00:00,,C8:34:8E:2C:B6:E4,-45,,0.000000,0.000000,0.000,0.000,Client
2026-04-10 13:21:32,1900-01-00 00:00:00,1008-wombat,B8:27:EB:CA:A1:3C,-48, WPA ,0.000000,0.000000,0.000,0.000,AP
2026-04-10 13:21:32,1900-01-00 00:00:00,,C8:34:8E:2C:B6:E4,-46,,0.000000,0.000000,0.000,0.000,Client
2026-04-10 13:21:32,1900-01-00 00:00:00,,C8:34:8E:2C:B6:E4,-46,,0.000000,0.000000,0.000,0.000,Client
2026-04-10 13:21:32,1900-01-00 00:00:00,1008-wombat,B8:27:EB:CA:A1:3C,-48, WPA ,0.000000,0.000000,0.000,0.000,AP
2026-04-10 13:21:32,1900-01-00 00:00:00,1008-wombat,B8:27:EB:CA:A1:3C,-48, WPA ,0.000000,0.000000,0.000,0.000,AP
2026-04-10 13:21:32,1900-01-00 00:00:00,,C8:34:8E:2C:B6:E4,-46,,0.000000,0.000000,0.000,0.000,Client
2026-04-10 13:21:32,1900-01-00 00:00:00,1008-wombat,B8:27:EB:CA:A1:3C,-47, WPA ,0.000000,0.000000,0.000,0.000,AP
2026-04-10 13:21:32,1900-01-00 00:00:00,,C8:34:8E:2C:B6:E4,-47,,0.000000,0.000000,0.000,0.000,Client
2026-04-10 13:21:32,1900-01-00 00:00:00,1008-wombat,B8:27:EB:CA:A1:3C,-47, WPA ,0.000000,0.000000,0.000,0.000,AP
2026-04-10 13:21:32,1900-01-00 00:00:00,1008-wombat,B8:27:EB:CA:A1:3C,-47, WPA ,0.000000,0.000000,0.000,0.000,AP
2026-04-10 13:21:32,1900-01-00 00:00:00,,C8:34:8E:2C:B6:E4,-47,,0.000000,0.000000,0.000,0.000,Client
2026-04-10 13:21:32,1900-01-00 00:00:00,1008-wombat,B8:27:EB:CA:A1:3C,-47, WPA ,0.000000,0.000000,0.000,0.000,AP
2026-04-10 13:21:32,1900-01-00 00:00:00,1008-wombat,B8:27:EB:CA:A1:3C,-44, WPA ,0.000000,0.000000,0.000,0.000,AP
2026-04-10 13:21:32,1900-01-00 00:00:00,,C8:34:8E:2C:B6:E4,-46,,0.000000,0.000000,0.000,0.000,Client
2026-04-10 13:21:32,1900-01-00 00:00:00,,C8:15:4E:20:C7:81,-46,,0.000000,0.000000,0.000,0.000,Client
2026-04-10 13:21:32,1900-01-00 00:00:00,1008-wombat,B8:27:EB:CA:A1:3C,-47, WPA ,0.000000,0.000000,0.000,0.000,AP
2026-04-10 13:21:32,1900-01-00 00:00:00,1008-wombat,B8:27:EB:CA:A1:3C,-47, WPA ,0.000000,0.000000,0.000,0.000,AP
2026-04-10 13:21:32,1900-01-00 00:00:00,1008-wombat,B8:27:EB:CA:A1:3C,-46, WPA ,0.000000,0.000000,0.000,0.000,AP
2026-04-10 13:21:32,1900-01-00 00:00:00,1008-wombat,B8:27:EB:CA:A1:3C,-47, WPA ,0.000000,0.000000,0.000,0.000,AP
2026-04-10 13:21:32,1900-01-00 00:00:00,1008-wombat,B8:27:EB:CA:A1:3C,-47, WPA ,0.000000,0.000000,0.000,0.000,AP
2026-04-10 13:21:32,1900-01-00 00:00:00,1008-wombat,B8:27:EB:CA:A1:3C,-47, WPA ,0.000000,0.000000,0.000,0.000,AP
2026-04-10 13:21:32,1900-01-00 00:00:00,1008-wombat,B8:27:EB:CA:A1:3C,-47, WPA ,0.000000,0.000000,0.000,0.000,AP
2026-04-10 13:21:32,1900-01-00 00:00:00,,C8:15:4E:20:C7:81,-56,,0.000000,0.000000,0.000,0.000,Client
2026-04-10 13:21:32,1900-01-00 00:00:00,1008-wombat,B8:27:EB:CA:A1:3C,-47, WPA ,0.000000,0.000000,0.000,0.000,AP
2026-04-10 13:21:32,1900-01-00 00:00:00,1008-wombat,B8:27:EB:CA:A1:3C,-47, WPA ,0.000000,0.000000,0.000,0.000,AP
2026-04-10 13:21:32,1900-01-00 00:00:00,1008-wombat,B8:27:EB:CA:A1:3C,-47, WPA ,0.000000,0.000000,0.000,0.000,AP
2026-04-10 13:21:32,1900-01-00 00:00:00,1008-wombat,B8:27:EB:CA:A1:3C,-47, WPA ,0.000000,0.000000,0.000,0.000,AP
2026-04-10 13:21:32,1900-01-00 00:00:00,1008-wombat,B8:27:EB:CA:A1:3C,-47, WPA ,0.000000,0.000000,0.000,0.000,AP
2026-04-10 13:21:32,1900-01-00 00:00:00,1008-wombat,B8:27:EB:CA:A1:3C,-42, WPA ,0.000000,0.000000,0.000,0.000,AP
2026-04-10 13:21:32,1900-01-00 00:00:00,1008-wombat,B8:27:EB:CA:A1:3C,-47, WPA ,0.000000,0.000000,0.000,0.000,AP
2026-04-10 13:21:32,1900-01-00 00:00:00,1008-wombat,B8:27:EB:CA:A1:3C,-47, WPA ,0.000000,0.000000,0.000,0.000,AP
2026-04-10 13:21:32,1900-01-00 00:00:00,1008-wombat,B8:27:EB:CA:A1:3C,-45, WPA ,0.000000,0.000000,0.000,0.000,AP
2026-04-10 13:21:32,1900-01-00 00:00:00,1008-wombat,B8:27:EB:CA:A1:3C,-47, WPA ,0.000000,0.000000,0.000,0.000,AP
2026-04-10 13:21:32,1900-01-00 00:00:00,1008-wombat,B8:27:EB:CA:A1:3C,-47, WPA ,0.000000,0.000000,0.000,0.000,AP
2026-04-10 13:21:32,1900-01-00 00:00:00,1008-wombat,B8:27:EB:CA:A1:3C,-45, WPA ,0.000000,0.000000,0.000,0.000,AP
2026-04-10 13:21:32,1900-01-00 00:00:00,,C8:15:4E:20:C7:81,-46,,0.000000,0.000000,0.000,0.000,Client
2026-04-10 13:21:32,1900-01-00 00:00:00,1008-wombat,B8:27:EB:CA:A1:3C,-46, WPA ,0.000000,0.000000,0.000,0.000,AP
2026-04-10 13:21:32,1900-01-00 00:00:00,1008-wombat,B8:27:EB:CA:A1:3C,-45, WPA ,0.000000,0.000000,0.000,0.000,AP
2026-04-10 13:21:32,1900-01-00 00:00:00,1008-wombat,B8:27:EB:CA:A1:3C,-43, WPA ,0.000000,0.000000,0.000,0.000,AP
2026-04-10 13:21:33,1900-01-00 00:00:00,1008-wombat,B8:27:EB:CA:A1:3C,-43, WPA ,0.000000,0.000000,0.000,0.000,AP
2026-04-10 13:21:33,1900-01-00 00:00:00,1008-wombat,B8:27:EB:CA:A1:3C,-44, WPA ,0.000000,0.000000,0.000,0.000,AP
2026-04-10 13:21:33,1900-01-00 00:00:00,,C8:34:8E:2C:B6:E4,-45,,0.000000,0.000000,0.000,0.000,Client
2026-04-10 13:21:33,1900-01-00 00:00:00,,C8:34:8E:2C:B6:E4,-45,,0.000000,0.000000,0.000,0.000,Client
2026-04-10 13:21:33,1900-01-00 00:00:00,,C8:34:8E:2C:B6:E4,-45,,0.000000,0.000000,0.000,0.000,Client
2026-04-10 13:21:33,1900-01-00 00:00:00,1008-wombat,B8:27:EB:CA:A1:3C,-46, WPA ,0.000000,0.000000,0.000,0.000,AP
2026-04-10 13:21:33,1900-01-00 00:00:00,,C8:34:8E:2C:B6:E4,-45,,0.000000,0.000000,0.000,0.000,Client
2026-04-10 13:21:33,1900-01-00 00:00:00,1008-wombat,B8:27:EB:CA:A1:3C,-45, WPA ,0.000000,0.000000,0.000,0.000,AP
2026-04-10 13:21:33,1900-01-00 00:00:00,,C8:34:8E:2C:B6:E4,-45,,0.000000,0.000000,0.000,0.000,Client
2026-04-10 13:21:33,1900-01-00 00:00:00,1008-wombat,B8:27:EB:CA:A1:3C,-46, WPA ,0.000000,0.000000,0.000,0.000,AP
2026-04-10 13:21:33,1900-01-00 00:00:00,1008-wombat,B8:27:EB:CA:A1:3C,-43, WPA ,0.000000,0.000000,0.000,0.000,AP
2026-04-10 13:21:33,1900-01-00 00:00:00,,C8:34:8E:2C:B6:E4,-44,,0.000000,0.000000,0.000,0.000,Client
2026-04-10 13:21:33,1900-01-00 00:00:00,1008-wombat,B8:27:EB:CA:A1:3C,-42, WPA ,0.000000,0.000000,0.000,0.000,AP
2026-04-10 13:21:33,1900-01-00 00:00:00,1008-wombat,B8:27:EB:CA:A1:3C,-44, WPA ,0.000000,0.000000,0.000,0.000,AP
2026-04-10 13:21:33,1900-01-00 00:00:00,1008-wombat,B8:27:EB:CA:A1:3C,-45, WPA ,0.000000,0.000000,0.000,0.000,AP
2026-04-10 13:21:33,1900-01-00 00:00:00,1008-wombat,B8:27:EB:CA:A1:3C,-45, WPA ,0.000000,0.000000,0.000,0.000,AP
2026-04-10 13:21:33,1900-01-00 00:00:00,1008-wombat,B8:27:EB:CA:A1:3C,-43, WPA ,0.000000,0.000000,0.000,0.000,AP
2026-04-10 13:21:33,1900-01-00 00:00:00,1008-wombat,B8:27:EB:CA:A1:3C,-43, WPA ,0.000000,0.000000,0.000,0.000,AP
2026-04-10 13:21:33,1900-01-00 00:00:00,1008-wombat,B8:27:EB:CA:A1:3C,-44, WPA ,0.000000,0.000000,0.000,0.000,AP
2026-04-10 13:21:33,1900-01-00 00:00:00,1008-wombat,B8:27:EB:CA:A1:3C,-44, WPA ,0.000000,0.000000,0.000,0.000,AP
2026-04-10 13:21:33,1900-01-00 00:00:00,1008-wombat,B8:27:EB:CA:A1:3C,-44, WPA ,0.000000,0.000000,0.000,0.000,AP
2026-04-10 13:21:33,1900-01-00 00:00:00,1008-wombat,B8:27:EB:CA:A1:3C,-43, WPA ,0.000000,0.000000,0.000,0.000,AP
2026-04-10 13:21:33,1900-01-00 00:00:00,1008-wombat,B8:27:EB:CA:A1:3C,-44, WPA ,0.000000,0.000000,0.000,0.000,AP
2026-04-10 13:21:33,1900-01-00 00:00:00,1008-wombat,B8:27:EB:CA:A1:3C,-44, WPA ,0.000000,0.000000,0.000,0.000,AP
2026-04-10 13:21:33,1900-01-00 00:00:00,1008-wombat,B8:27:EB:CA:A1:3C,-43, WPA ,0.000000,0.000000,0.000,0.000,AP
2026-04-10 13:21:33,1900-01-00 00:00:00,1008-wombat,B8:27:EB:CA:A1:3C,-44, WPA ,0.000000,0.000000,0.000,0.000,AP
2026-04-10 13:21:33,1900-01-00 00:00:00,1008-wombat,B8:27:EB:CA:A1:3C,-44, WPA ,0.000000,0.000000,0.000,0.000,AP
2026-04-10 13:21:33,1900-01-00 00:00:00,1008-wombat,B8:27:EB:CA:A1:3C,-44, WPA ,0.000000,0.000000,0.000,0.000,AP
2026-04-10 13:21:34,1900-01-00 00:00:00,1008-wombat,B8:27:EB:CA:A1:3C,-43, WPA ,0.000000,0.000000,0.000,0.000,AP
2026-04-10 13:21:34,1900-01-00 00:00:00,1008-wombat,B8:27:EB:CA:A1:3C,-44, WPA ,0.000000,0.000000,0.000,0.000,AP
2026-04-10 13:21:34,1900-01-00 00:00:00,1008-wombat,B8:27:EB:CA:A1:3C,-44, WPA ,0.000000,0.000000,0.000,0.000,AP
2026-04-10 13:21:34,1900-01-00 00:00:00,1008-wombat,B8:27:EB:CA:A1:3C,-44, WPA ,0.000000,0.000000,0.000,0.000,AP
2026-04-10 13:21:34,1900-01-00 00:00:00,1008-wombat,B8:27:EB:CA:A1:3C,-44, WPA ,0.000000,0.000000,0.000,0.000,AP
2026-04-10 13:21:34,1900-01-00 00:00:00,1008-wombat,B8:27:EB:CA:A1:3C,-44, WPA ,0.000000,0.000000,0.000,0.000,AP
2026-04-10 13:21:34,1900-01-00 00:00:00,1008-wombat,B8:27:EB:CA:A1:3C,-44, WPA ,0.000000,0.000000,0.000,0.000,AP
2026-04-10 13:21:34,1900-01-00 00:00:00,,C8:34:8E:2C:B6:E4,-46,,0.000000,0.000000,0.000,0.000,Client
2026-04-10 13:21:34,1900-01-00 00:00:00,1008-wombat,B8:27:EB:CA:A1:3C,-42, WPA ,0.000000,0.000000,0.000,0.000,AP
2026-04-10 13:21:34,1900-01-00 00:00:00,,C8:34:8E:2C:B6:E4,-45,,0.000000,0.000000,0.000,0.000,Client
2026-04-10 13:21:34,1900-01-00 00:00:00,1008-wombat,B8:27:EB:CA:A1:3C,-47, WPA ,0.000000,0.000000,0.000,0.000,AP
2026-04-10 13:21:34,1900-01-00 00:00:00,1008-wombat,B8:27:EB:CA:A1:3C,-45, WPA ,0.000000,0.000000,0.000,0.000,AP
2026-04-10 13:21:34,1900-01-00 00:00:00,,C8:34:8E:2C:B6:E4,-45,,0.000000,0.000000,0.000,0.000,Client
2026-04-10 13:21:34,1900-01-00 00:00:00,1008-wombat,B8:27:EB:CA:A1:3C,-46, WPA ,0.000000,0.000000,0.000,0.000,AP
2026-04-10 13:21:34,1900-01-00 00:00:00,1008-wombat,B8:27:EB:CA:A1:3C,-44, WPA ,0.000000,0.000000,0.000,0.000,AP
2026-04-10 13:21:34,1900-01-00 00:00:00,,C8:34:8E:2C:B6:E4,-45,,0.000000,0.000000,0.000,0.000,Client
2026-04-10 13:21:34,1900-01-00 00:00:00,1008-wombat,B8:27:EB:CA:A1:3C,-45, WPA ,0.000000,0.000000,0.000,0.000,AP
2026-04-10 13:21:34,1900-01-00 00:00:00,1008-wombat,B8:27:EB:CA:A1:3C,-44, WPA ,0.000000,0.000000,0.000,0.000,AP
2026-04-10 13:21:34,1900-01-00 00:00:00,1008-wombat,B8:27:EB:CA:A1:3C,-44, WPA ,0.000000,0.000000,0.000,0.000,AP
