{
    "name": "root",
    "gauges": {
        "beam_control.Policy.Entropy.mean": {
            "value": 1.3699570894241333,
            "min": 1.3699570894241333,
            "max": 1.4189386367797852,
            "count": 13
        },
        "beam_control.Policy.Entropy.sum": {
            "value": 6973.08154296875,
            "min": 6843.66064453125,
            "max": 7208.2080078125,
            "count": 13
        },
        "beam_control.Environment.EpisodeLength.mean": {
            "value": 86.75862068965517,
            "min": 86.75862068965517,
            "max": 141.6,
            "count": 13
        },
        "beam_control.Environment.EpisodeLength.sum": {
            "value": 5032.0,
            "min": 4857.0,
            "max": 5054.0,
            "count": 13
        },
        "beam_control.Step.mean": {
            "value": 64988.0,
            "min": 4998.0,
            "max": 64988.0,
            "count": 13
        },
        "beam_control.Step.sum": {
            "value": 64988.0,
            "min": 4998.0,
            "max": 64988.0,
            "count": 13
        },
        "beam_control.Policy.ExtrinsicValueEstimate.mean": {
            "value": -1.0886934995651245,
            "min": -1.0886934995651245,
            "max": -0.050342027097940445,
            "count": 13
        },
        "beam_control.Policy.ExtrinsicValueEstimate.sum": {
            "value": -63.14422607421875,
            "min": -63.14422607421875,
            "max": -2.7688114643096924,
            "count": 13
        },
        "beam_control.Environment.CumulativeReward.mean": {
            "value": -308.53098165577853,
            "min": -433.6460329691569,
            "max": -308.53098165577853,
            "count": 13
        },
        "beam_control.Environment.CumulativeReward.sum": {
            "value": -17894.796936035156,
            "min": -19160.683853149414,
            "max": -14824.777099609375,
            "count": 13
        },
        "beam_control.Policy.ExtrinsicReward.mean": {
            "value": -308.53098165577853,
            "min": -433.6460329691569,
            "max": -308.53098165577853,
            "count": 13
        },
        "beam_control.Policy.ExtrinsicReward.sum": {
            "value": -17894.796936035156,
            "min": -19160.683853149414,
            "max": -14824.777099609375,
            "count": 13
        },
        "beam_control.IsTraining.mean": {
            "value": 1.0,
            "min": 1.0,
            "max": 1.0,
            "count": 13
        },
        "beam_control.IsTraining.sum": {
            "value": 1.0,
            "min": 1.0,
            "max": 1.0,
            "count": 13
        },
        "beam_control.Losses.PolicyLoss.mean": {
            "value": 0.01903424458578229,
            "min": 0.01903424458578229,
            "max": 0.025861836640009035,
            "count": 7
        },
        "beam_control.Losses.PolicyLoss.sum": {
            "value": 0.01903424458578229,
            "min": 0.01903424458578229,
            "max": 0.025861836640009035,
            "count": 7
        },
        "beam_control.Losses.ValueLoss.mean": {
            "value": 2827.137034098307,
            "min": 2827.137034098307,
            "max": 3981.8194173177085,
            "count": 7
        },
        "beam_control.Losses.ValueLoss.sum": {
            "value": 2827.137034098307,
            "min": 2827.137034098307,
            "max": 3981.8194173177085,
            "count": 7
        },
        "beam_control.Policy.LearningRate.mean": {
            "value": 0.0002965047011651,
            "min": 0.0002965047011651,
            "max": 0.00029949756016747997,
            "count": 7
        },
        "beam_control.Policy.LearningRate.sum": {
            "value": 0.0002965047011651,
            "min": 0.0002965047011651,
            "max": 0.00029949756016747997,
            "count": 7
        },
        "beam_control.Policy.Epsilon.mean": {
            "value": 0.10000000000000002,
            "min": 0.10000000000000002,
            "max": 0.10000000000000002,
            "count": 7
        },
        "beam_control.Policy.Epsilon.sum": {
            "value": 0.10000000000000002,
            "min": 0.10000000000000002,
            "max": 0.10000000000000002,
            "count": 7
        },
        "beam_control.Policy.Beta.mean": {
            "value": 0.0009884655100000001,
            "min": 0.0009884655100000001,
            "max": 0.0009983419480000001,
            "count": 7
        },
        "beam_control.Policy.Beta.sum": {
            "value": 0.0009884655100000001,
            "min": 0.0009884655100000001,
            "max": 0.0009983419480000001,
            "count": 7
        }
    },
    "metadata": {
        "timer_format_version": "0.1.0",
        "start_time_seconds": "1768936113",
        "python_version": "3.10.11 (tags/v3.10.11:7d4cc5a, Apr  5 2023, 00:38:17) [MSC v.1929 64 bit (AMD64)]",
        "command_line_arguments": "C:\\Users\\malon\\Downloads\\ECE500\\.venv\\Scripts\\mlagents-learn .\\Assets\\scripts\\configuration.yaml --run-id=beam6 --force",
        "mlagents_version": "1.2.0.dev0",
        "mlagents_envs_version": "1.2.0.dev0",
        "communication_protocol_version": "1.5.0",
        "pytorch_version": "2.2.2+cu121",
        "numpy_version": "1.23.5",
        "end_time_seconds": "1768936570"
    },
    "total": 457.07061090000207,
    "count": 1,
    "self": 0.004183199998806231,
    "children": {
        "run_training.setup": {
            "total": 0.09482090000528842,
            "count": 1,
            "self": 0.09482090000528842
        },
        "TrainerController.start_learning": {
            "total": 456.97160679999797,
            "count": 1,
            "self": 0.7949721031764057,
            "children": {
                "TrainerController._reset_env": {
                    "total": 9.65999999998894,
                    "count": 1,
                    "self": 9.65999999998894
                },
                "TrainerController.advance": {
                    "total": 446.42997449683025,
                    "count": 70342,
                    "self": 0.7320063944789581,
                    "children": {
                        "env_step": {
                            "total": 432.925343201161,
                            "count": 70342,
                            "self": 268.56737080190214,
                            "children": {
                                "SubprocessEnvManager._take_step": {
                                    "total": 163.83592650003266,
                                    "count": 70342,
                                    "self": 2.31626820191741,
                                    "children": {
                                        "TorchPolicy.evaluate": {
                                            "total": 161.51965829811525,
                                            "count": 69821,
                                            "self": 161.51965829811525
                                        }
                                    }
                                },
                                "workers": {
                                    "total": 0.5220458992262138,
                                    "count": 70341,
                                    "self": 0.0,
                                    "children": {
                                        "worker_root": {
                                            "total": 443.7089709993452,
                                            "count": 70341,
                                            "is_parallel": true,
                                            "self": 220.08266060001915,
                                            "children": {
                                                "steps_from_proto": {
                                                    "total": 0.0002980000135721639,