{
    "name": "root",
    "gauges": {
        "beam_control.Policy.Entropy.mean": {
            "value": 1.2821427583694458,
            "min": 1.2821427583694458,
            "max": 1.4189382791519165,
            "count": 28
        },
        "beam_control.Policy.Entropy.sum": {
            "value": 16326.806640625,
            "min": 13275.42578125,
            "max": 23115.923828125,
            "count": 28
        },
        "beam_control.Environment.EpisodeLength.mean": {
            "value": 819.3333333333334,
            "min": 348.20588235294116,
            "max": 867.0,
            "count": 28
        },
        "beam_control.Environment.EpisodeLength.sum": {
            "value": 12290.0,
            "min": 10700.0,
            "max": 13113.0,
            "count": 28
        },
        "beam_control.Step.mean": {
            "value": 335423.0,
            "min": 11426.0,
            "max": 335423.0,
            "count": 28
        },
        "beam_control.Step.sum": {
            "value": 335423.0,
            "min": 11426.0,
            "max": 335423.0,
            "count": 28
        },
        "beam_control.Policy.ExtrinsicValueEstimate.mean": {
            "value": -0.5706282258033752,
            "min": -2.5522947311401367,
            "max": -0.2279444932937622,
            "count": 28
        },
        "beam_control.Policy.ExtrinsicValueEstimate.sum": {
            "value": -8.559423446655273,
            "min": -80.7474365234375,
            "max": -7.750113010406494,
            "count": 28
        },
        "beam_control.Environment.CumulativeReward.mean": {
            "value": -2.554183163245519,
            "min": -10.44765092344845,
            "max": -2.554183163245519,
            "count": 28
        },
        "beam_control.Environment.CumulativeReward.sum": {
            "value": -38.312747448682785,
            "min": -355.2201313972473,
            "max": -33.56742508709431,
            "count": 28
        },
        "beam_control.Policy.ExtrinsicReward.mean": {
            "value": -2.554183163245519,
            "min": -10.44765092344845,
            "max": -2.554183163245519,
            "count": 28
        },
        "beam_control.Policy.ExtrinsicReward.sum": {
            "value": -38.312747448682785,
            "min": -355.2201313972473,
            "max": -33.56742508709431,
            "count": 28
        },
        "beam_control.IsTraining.mean": {
            "value": 1.0,
            "min": 1.0,
            "max": 1.0,
            "count": 28
        },
        "beam_control.IsTraining.sum": {
            "value": 1.0,
            "min": 1.0,
            "max": 1.0,
            "count": 28
        },
        "beam_control.Losses.PolicyLoss.mean": {
            "value": 0.06812694564319423,
            "min": 0.06598527870988215,
            "max": 0.07610503846296558,
            "count": 26
        },
        "beam_control.Losses.PolicyLoss.sum": {
            "value": 0.06812694564319423,
            "min": 0.06598527870988215,
            "max": 0.07610503846296558,
            "count": 26
        },
        "beam_control.Losses.ValueLoss.mean": {
            "value": 0.9156633147762882,
            "min": 0.7969825362377133,
            "max": 3.0104191839899803,
            "count": 26
        },
        "beam_control.Losses.ValueLoss.sum": {
            "value": 0.9156633147762882,
            "min": 0.7969825362377133,
            "max": 3.0104191839899803,
            "count": 26
        },
        "beam_control.Policy.LearningRate.mean": {
            "value": 0.00010552926482359996,
            "min": 0.00010552926482359996,
            "max": 0.00029254440248520006,
            "count": 26
        },
        "beam_control.Policy.LearningRate.sum": {
            "value": 0.00010552926482359996,
            "min": 0.00010552926482359996,
            "max": 0.00029254440248520006,
            "count": 26
        },
        "beam_control.Policy.Epsilon.mean": {
            "value": 0.1351764,
            "min": 0.1351764,
            "max": 0.19751480000000002,
            "count": 26
        },
        "beam_control.Policy.Epsilon.sum": {
            "value": 0.1351764,
            "min": 0.1351764,
            "max": 0.19751480000000002,
            "count": 26
        },
        "beam_control.Policy.Beta.mean": {
            "value": 0.0003582463599999999,
            "min": 0.0003582463599999999,
            "max": 0.0009753965199999998,
            "count": 26
        },
        "beam_control.Policy.Beta.sum": {
            "value": 0.0003582463599999999,
            "min": 0.0003582463599999999,
            "max": 0.0009753965199999998,
            "count": 26
        }
    },
    "metadata": {
        "timer_format_version": "0.1.0",
        "start_time_seconds": "1768938477",
        "python_version": "3.10.11 (tags/v3.10.11:7d4cc5a, Apr  5 2023, 00:38:17) [MSC v.1929 64 bit (AMD64)]",
        "command_line_arguments": "C:\\Users\\malon\\Downloads\\ECE500\\.venv\\Scripts\\mlagents-learn .\\Assets\\scripts\\configuration.yaml --run-id=beam6 --force --num-envs=8 --env=.\\builds\\homework1_unity.exe",
        "mlagents_version": "1.2.0.dev0",
        "mlagents_envs_version": "1.2.0.dev0",
        "communication_protocol_version": "1.5.0",
        "pytorch_version": "2.2.2+cu121",
        "numpy_version": "1.23.5",
        "end_time_seconds": "1768939530"
    },
    "total": 1052.748562000008,
    "count": 1,
    "self": 1.1021237000095425,
    "children": {
        "run_training.setup": {
            "total": 0.49927309999475256,
            "count": 1,
            "self": 0.49927309999475256
        },
        "TrainerController.start_learning": {
            "total": 1051.1471652000037,
            "count": 1,
            "self": 1.4053109021915589,
            "children": {
                "TrainerController._reset_env": {
                    "total": 8.717100699999719,
                    "count": 1,
                    "self": 8.717100699999719
                },
                "TrainerController.advance": {
                    "total": 1040.9178261978232,
                    "count": 51515,
                    "self": 0.7819131990108872,
                    "children": {
                        "env_step": {
                            "total": 914.3642115991534,
                            "count": 51515,
                            "self": 89.86234120183508,
                            "children": {
                                "SubprocessEnvManager._take_step": {
                                    "total": 822.862511895888,
                                    "count": 340739,
                                    "self": 13.527647897732095,
                                    "children": {
                                        "TorchPolicy.evaluate": {
                                            "total": 809.3348639981559,
                                            "count": 340249,
                                            "self": 809.3348639981559
                                        }
                                    }
                                },
                                "workers": {
                                    "total": 1.6393585014302516,
                                    "count": 51514,
                                    "self": 0.0,
                                    "children": {
                                        "worker_root": {
                                            "total": 8338.669050897006,
                                            "count": 340737,
                                            "is_parallel": true,
                                            "self": 7544.320973294263,
                                            "children": {
                                                "steps_from_proto": {
                                                    "total": 0.002282300003571436,