LocalTime, GPSTime, ESSID, BSSID, Power, Security, Latitude, Longitude, Latitude Error, Longitude Error, Type
2026-04-01 13:28:49,1900-01-00 00:00:00,,B8:27:EB:A2:CD:A4,-52, ,0.000000,0.000000,0.000,0.000,AP
2026-04-01 13:28:49,1900-01-00 00:00:00,1032-wombat,B8:27:EB:A2:CD:A4,-52, WPA ,0.000000,0.000000,0.000,0.000,AP
2026-04-01 13:28:49,1900-01-00 00:00:00,1032-wombat,B8:27:EB:A2:CD:A4,-51, WPA ,0.000000,0.000000,0.000,0.000,AP
2026-04-01 13:28:49,1900-01-00 00:00:00,1032-wombat,B8:27:EB:A2:CD:A4,-51, WPA ,0.000000,0.000000,0.000,0.000,AP
2026-04-01 13:28:50,1900-01-00 00:00:00,1032-wombat,B8:27:EB:A2:CD:A4,-53, WPA ,0.000000,0.000000,0.000,0.000,AP
2026-04-01 13:28:50,1900-01-00 00:00:00,1032-wombat,B8:27:EB:A2:CD:A4,-53, WPA ,0.000000,0.000000,0.000,0.000,AP
2026-04-01 13:28:50,1900-01-00 00:00:00,1032-wombat,B8:27:EB:A2:CD:A4,-53, WPA ,0.000000,0.000000,0.000,0.000,AP
2026-04-01 13:28:50,1900-01-00 00:00:00,1032-wombat,B8:27:EB:A2:CD:A4,-53, WPA ,0.000000,0.000000,0.000,0.000,AP
2026-04-01 13:28:50,1900-01-00 00:00:00,1032-wombat,B8:27:EB:A2:CD:A4,-54, WPA ,0.000000,0.000000,0.000,0.000,AP
2026-04-01 13:28:50,1900-01-00 00:00:00,1032-wombat,B8:27:EB:A2:CD:A4,-53, WPA ,0.000000,0.000000,0.000,0.000,AP
2026-04-01 13:28:50,1900-01-00 00:00:00,1032-wombat,B8:27:EB:A2:CD:A4,-54, WPA ,0.000000,0.000000,0.000,0.000,AP
2026-04-01 13:28:50,1900-01-00 00:00:00,1032-wombat,B8:27:EB:A2:CD:A4,-54, WPA ,0.000000,0.000000,0.000,0.000,AP
2026-04-01 13:28:50,1900-01-00 00:00:00,1032-wombat,B8:27:EB:A2:CD:A4,-53, WPA ,0.000000,0.000000,0.000,0.000,AP
2026-04-01 13:28:50,1900-01-00 00:00:00,1032-wombat,B8:27:EB:A2:CD:A4,-54, WPA ,0.000000,0.000000,0.000,0.000,AP
2026-04-01 13:28:50,1900-01-00 00:00:00,1032-wombat,B8:27:EB:A2:CD:A4,-54, WPA ,0.000000,0.000000,0.000,0.000,AP
2026-04-01 13:28:50,1900-01-00 00:00:00,1032-wombat,B8:27:EB:A2:CD:A4,-54, WPA ,0.000000,0.000000,0.000,0.000,AP
2026-04-01 13:28:50,1900-01-00 00:00:00,1032-wombat,B8:27:EB:A2:CD:A4,-53, WPA ,0.000000,0.000000,0.000,0.000,AP
2026-04-01 13:28:50,1900-01-00 00:00:00,1032-wombat,B8:27:EB:A2:CD:A4,-53, WPA ,0.000000,0.000000,0.000,0.000,AP
2026-04-01 13:28:50,1900-01-00 00:00:00,1032-wombat,B8:27:EB:A2:CD:A4,-54, WPA ,0.000000,0.000000,0.000,0.000,AP
2026-04-01 13:28:50,1900-01-00 00:00:00,1032-wombat,B8:27:EB:A2:CD:A4,-55, WPA ,0.000000,0.000000,0.000,0.000,AP
2026-04-01 13:28:50,1900-01-00 00:00:00,1032-wombat,B8:27:EB:A2:CD:A4,-56, WPA ,0.000000,0.000000,0.000,0.000,AP
2026-04-01 13:28:50,1900-01-00 00:00:00,1032-wombat,B8:27:EB:A2:CD:A4,-54, WPA ,0.000000,0.000000,0.000,0.000,AP
2026-04-01 13:28:50,1900-01-00 00:00:00,1032-wombat,B8:27:EB:A2:CD:A4,-53, WPA ,0.000000,0.000000,0.000,0.000,AP
2026-04-01 13:28:51,1900-01-00 00:00:00,1032-wombat,B8:27:EB:A2:CD:A4,-55, WPA ,0.000000,0.000000,0.000,0.000,AP
2026-04-01 13:28:51,1900-01-00 00:00:00,1032-wombat,B8:27:EB:A2:CD:A4,-53, WPA ,0.000000,0.000000,0.000,0.000,AP
2026-04-01 13:28:51,1900-01-00 00:00:00,1032-wombat,B8:27:EB:A2:CD:A4,-54, WPA ,0.000000,0.000000,0.000,0.000,AP
2026-04-01 13:28:51,1900-01-00 00:00:00,1032-wombat,B8:27:EB:A2:CD:A4,-52, WPA ,0.000000,0.000000,0.000,0.000,AP
2026-04-01 13:28:51,1900-01-00 00:00:00,1032-wombat,B8:27:EB:A2:CD:A4,-51, WPA ,0.000000,0.000000,0.000,0.000,AP
2026-04-01 13:28:51,1900-01-00 00:00:00,1032-wombat,B8:27:EB:A2:CD:A4,-55, WPA ,0.000000,0.000000,0.000,0.000,AP
2026-04-01 13:28:51,1900-01-00 00:00:00,1032-wombat,B8:27:EB:A2:CD:A4,-55, WPA ,0.000000,0.000000,0.000,0.000,AP
2026-04-01 13:28:51,1900-01-00 00:00:00,1032-wombat,B8:27:EB:A2:CD:A4,-55, WPA ,0.000000,0.000000,0.000,0.000,AP
2026-04-01 13:28:51,1900-01-00 00:00:00,1032-wombat,B8:27:EB:A2:CD:A4,-53, WPA ,0.000000,0.000000,0.000,0.000,AP
2026-04-01 13:28:51,1900-01-00 00:00:00,1032-wombat,B8:27:EB:A2:CD:A4,-51, WPA ,0.000000,0.000000,0.000,0.000,AP
2026-04-01 13:28:51,1900-01-00 00:00:00,1032-wombat,B8:27:EB:A2:CD:A4,-54, WPA ,0.000000,0.000000,0.000,0.000,AP
2026-04-01 13:28:51,1900-01-00 00:00:00,1032-wombat,B8:27:EB:A2:CD:A4,-54, WPA ,0.000000,0.000000,0.000,0.000,AP
2026-04-01 13:28:51,1900-01-00 00:00:00,1032-wombat,B8:27:EB:A2:CD:A4,-54, WPA ,0.000000,0.000000,0.000,0.000,AP
2026-04-01 13:28:51,1900-01-00 00:00:00,1032-wombat,B8:27:EB:A2:CD:A4,-55, WPA ,0.000000,0.000000,0.000,0.000,AP
2026-04-01 13:28:51,1900-01-00 00:00:00,1032-wombat,B8:27:EB:A2:CD:A4,-55, WPA ,0.000000,0.000000,0.000,0.000,AP
2026-04-01 13:28:51,1900-01-00 00:00:00,1032-wombat,B8:27:EB:A2:CD:A4,-51, WPA ,0.000000,0.000000,0.000,0.000,AP
2026-04-01 13:28:51,1900-01-00 00:00:00,1032-wombat,B8:27:EB:A2:CD:A4,-51, WPA ,0.000000,0.000000,0.000,0.000,AP
2026-04-01 13:28:51,1900-01-00 00:00:00,1032-wombat,B8:27:EB:A2:CD:A4,-53, WPA ,0.000000,0.000000,0.000,0.000,AP
2026-04-01 13:28:51,1900-01-00 00:00:00,1032-wombat,B8:27:EB:A2:CD:A4,-54, WPA ,0.000000,0.000000,0.000,0.000,AP
2026-04-01 13:28:51,1900-01-00 00:00:00,1032-wombat,B8:27:EB:A2:CD:A4,-55, WPA ,0.000000,0.000000,0.000,0.000,AP
2026-04-01 13:28:51,1900-01-00 00:00:00,1032-wombat,B8:27:EB:A2:CD:A4,-55, WPA ,0.000000,0.000000,0.000,0.000,AP
2026-04-01 13:28:51,1900-01-00 00:00:00,1032-wombat,B8:27:EB:A2:CD:A4,-54, WPA ,0.000000,0.000000,0.000,0.000,AP
2026-04-01 13:28:51,1900-01-00 00:00:00,1032-wombat,B8:27:EB:A2:CD:A4,-54, WPA ,0.000000,0.000000,0.000,0.000,AP
2026-04-01 13:28:51,1900-01-00 00:00:00,1032-wombat,B8:27:EB:A2:CD:A4,-56, WPA ,0.000000,0.000000,0.000,0.000,AP
2026-04-01 13:28:51,1900-01-00 00:00:00,1032-wombat,B8:27:EB:A2:CD:A4,-33, WPA ,0.000000,0.000000,0.000,0.000,AP
2026-04-01 13:28:51,1900-01-00 00:00:00,1032-wombat,B8:27:EB:A2:CD:A4,-53, WPA ,0.000000,0.000000,0.000,0.000,AP
2026-04-01 13:28:51,1900-01-00 00:00:00,1032-wombat,B8:27:EB:A2:CD:A4,-53, WPA ,0.000000,0.000000,0.000,0.000,AP
2026-04-01 13:28:51,1900-01-00 00:00:00,1032-wombat,B8:27:EB:A2:CD:A4,-54, WPA ,0.000000,0.000000,0.000,0.000,AP
2026-04-01 13:28:51,1900-01-00 00:00:00,1032-wombat,B8:27:EB:A2:CD:A4,-54, WPA ,0.000000,0.000000,0.000,0.000,AP
2026-04-01 13:28:51,1900-01-00 00:00:00,1032-wombat,B8:27:EB:A2:CD:A4,-55, WPA ,0.000000,0.000000,0.000,0.000,AP
2026-04-01 13:28:51,1900-01-00 00:00:00,1032-wombat,B8:27:EB:A2:CD:A4,-53, WPA ,0.000000,0.000000,0.000,0.000,AP
2026-04-01 13:28:51,1900-01-00 00:00:00,,14:13:33:29:51:53,-39,,0.000000,0.000000,0.000,0.000,Client
2026-04-01 13:28:51,1900-01-00 00:00:00,1032-wombat,B8:27:EB:A2:CD:A4,-56, WPA ,0.000000,0.000000,0.000,0.000,AP
2026-04-01 13:28:51,1900-01-00 00:00:00,,14:13:33:29:51:53,-46,,0.000000,0.000000,0.000,0.000,Client
2026-04-01 13:28:51,1900-01-00 00:00:00,,14:13:33:29:51:53,-46,,0.000000,0.000000,0.000,0.000,Client
2026-04-01 13:28:51,1900-01-00 00:00:00,1032-wombat,B8:27:EB:A2:CD:A4,-56, WPA ,0.000000,0.000000,0.000,0.000,AP
2026-04-01 13:28:51,1900-01-00 00:00:00,1032-wombat,B8:27:EB:A2:CD:A4,-78, WPA ,0.000000,0.000000,0.000,0.000,AP
2026-04-01 13:28:51,1900-01-00 00:00:00,1032-wombat,B8:27:EB:A2:CD:A4,-78, WPA ,0.000000,0.000000,0.000,0.000,AP
2026-04-01 13:28:51,1900-01-00 00:00:00,1032-wombat,B8:27:EB:A2:CD:A4,-78, WPA ,0.000000,0.000000,0.000,0.000,AP
2026-04-01 13:28:51,1900-01-00 00:00:00,1032-wombat,B8:27:EB:A2:CD:A4,-78, WPA ,0.000000,0.000000,0.000,0.000,AP
2026-04-01 13:28:51,1900-01-00 00:00:00,1032-wombat,B8:27:EB:A2:CD:A4,-78, WPA ,0.000000,0.000000,0.000,0.000,AP
2026-04-01 13:28:51,1900-01-00 00:00:00,1032-wombat,B8:27:EB:A2:CD:A4,-78, WPA ,0.000000,0.000000,0.000,0.000,AP
2026-04-01 13:28:51,1900-01-00 00:00:00,1032-wombat,B8:27:EB:A2:CD:A4,-78, WPA ,0.000000,0.000000,0.000,0.000,AP
2026-04-01 13:28:51,1900-01-00 00:00:00,1032-wombat,B8:27:EB:A2:CD:A4,-78, WPA ,0.000000,0.000000,0.000,0.000,AP
2026-04-01 13:28:51,1900-01-00 00:00:00,1032-wombat,B8:27:EB:A2:CD:A4,-84, WPA ,0.000000,0.000000,0.000,0.000,AP
2026-04-01 13:28:51,1900-01-00 00:00:00,1032-wombat,B8:27:EB:A2:CD:A4,-84, WPA ,0.000000,0.000000,0.000,0.000,AP
2026-04-01 13:28:51,1900-01-00 00:00:00,1032-wombat,B8:27:EB:A2:CD:A4,-84, WPA ,0.000000,0.000000,0.000,0.000,AP
2026-04-01 13:28:51,1900-01-00 00:00:00,1032-wombat,B8:27:EB:A2:CD:A4,-84, WPA ,0.000000,0.000000,0.000,0.000,AP
2026-04-01 13:28:51,1900-01-00 00:00:00,1032-wombat,B8:27:EB:A2:CD:A4,-84, WPA ,0.000000,0.000000,0.000,0.000,AP
2026-04-01 13:28:51,1900-01-00 00:00:00,1032-wombat,B8:27:EB:A2:CD:A4,-84, WPA ,0.000000,0.000000,0.000,0.000,AP
2026-04-01 13:28:51,1900-01-00 00:00:00,1032-wombat,B8:27:EB:A2:CD:A4,-84, WPA ,0.000000,0.000000,0.000,0.000,AP
2026-04-01 13:28:51,1900-01-00 00:00:00,1032-wombat,B8:27:EB:A2:CD:A4,-84, WPA ,0.000000,0.000000,0.000,0.000,AP
2026-04-01 13:28:51,1900-01-00 00:00:00,1032-wombat,B8:27:EB:A2:CD:A4,-84, WPA ,0.000000,0.000000,0.000,0.000,AP
2026-04-01 13:28:51,1900-01-00 00:00:00,1032-wombat,B8:27:EB:A2:CD:A4,-84, WPA ,0.000000,0.000000,0.000,0.000,AP
2026-04-01 13:28:51,1900-01-00 00:00:00,1032-wombat,B8:27:EB:A2:CD:A4,-84, WPA ,0.000000,0.000000,0.000,0.000,AP
2026-04-01 13:28:51,1900-01-00 00:00:00,1032-wombat,B8:27:EB:A2:CD:A4,-84, WPA ,0.000000,0.000000,0.000,0.000,AP
2026-04-01 13:28:51,1900-01-00 00:00:00,1032-wombat,B8:27:EB:A2:CD:A4,-84, WPA ,0.000000,0.000000,0.000,0.000,AP
2026-04-01 13:28:51,1900-01-00 00:00:00,1032-wombat,B8:27:EB:A2:CD:A4,-84, WPA ,0.000000,0.000000,0.000,0.000,AP
2026-04-01 13:28:51,1900-01-00 00:00:00,1032-wombat,B8:27:EB:A2:CD:A4,-84, WPA ,0.000000,0.000000,0.000,0.000,AP
2026-04-01 13:28:51,1900-01-00 00:00:00,1032-wombat,B8:27:EB:A2:CD:A4,-84, WPA ,0.000000,0.000000,0.000,0.000,AP
2026-04-01 13:28:51,1900-01-00 00:00:00,1032-wombat,B8:27:EB:A2:CD:A4,-84, WPA ,0.000000,0.000000,0.000,0.000,AP
2026-04-01 13:28:51,1900-01-00 00:00:00,1032-wombat,B8:27:EB:A2:CD:A4,-84, WPA ,0.000000,0.000000,0.000,0.000,AP
2026-04-01 13:28:51,1900-01-00 00:00:00,1032-wombat,B8:27:EB:A2:CD:A4,-84, WPA ,0.000000,0.000000,0.000,0.000,AP
2026-04-01 13:28:51,1900-01-00 00:00:00,1032-wombat,B8:27:EB:A2:CD:A4,-84, WPA ,0.000000,0.000000,0.000,0.000,AP
2026-04-01 13:28:51,1900-01-00 00:00:00,1032-wombat,B8:27:EB:A2:CD:A4,-84, WPA ,0.000000,0.000000,0.000,0.000,AP
2026-04-01 13:28:51,1900-01-00 00:00:00,1032-wombat,B8:27:EB:A2:CD:A4,-84, WPA ,0.000000,0.000000,0.000,0.000,AP
2026-04-01 13:28:51,1900-01-00 00:00:00,1032-wombat,B8:27:EB:A2:CD:A4,-84, WPA ,0.000000,0.000000,0.000,0.000,AP
2026-04-01 13:28:51,1900-01-00 00:00:00,1032-wombat,B8:27:EB:A2:CD:A4,-54, WPA ,0.000000,0.000000,0.000,0.000,AP
2026-04-01 13:28:51,1900-01-00 00:00:00,1032-wombat,B8:27:EB:A2:CD:A4,-54, WPA ,0.000000,0.000000,0.000,0.000,AP
2026-04-01 13:28:51,1900-01-00 00:00:00,1032-wombat,B8:27:EB:A2:CD:A4,-54, WPA ,0.000000,0.000000,0.000,0.000,AP
2026-04-01 13:28:51,1900-01-00 00:00:00,1032-wombat,B8:27:EB:A2:CD:A4,-55, WPA ,0.000000,0.000000,0.000,0.000,AP
2026-04-01 13:28:51,1900-01-00 00:00:00,1032-wombat,B8:27:EB:A2:CD:A4,-55, WPA ,0.000000,0.000000,0.000,0.000,AP
2026-04-01 13:28:51,1900-01-00 00:00:00,1032-wombat,B8:27:EB:A2:CD:A4,-55, WPA ,0.000000,0.000000,0.000,0.000,AP
2026-04-01 13:28:51,1900-01-00 00:00:00,1032-wombat,B8:27:EB:A2:CD:A4,-54, WPA ,0.000000,0.000000,0.000,0.000,AP
2026-04-01 13:28:51,1900-01-00 00:00:00,1032-wombat,B8:27:EB:A2:CD:A4,-54, WPA ,0.000000,0.000000,0.000,0.000,AP
2026-04-01 13:28:51,1900-01-00 00:00:00,1032-wombat,B8:27:EB:A2:CD:A4,-54, WPA ,0.000000,0.000000,0.000,0.000,AP
2026-04-01 13:28:51,1900-01-00 00:00:00,1032-wombat,B8:27:EB:A2:CD:A4,-55, WPA ,0.000000,0.000000,0.000,0.000,AP
2026-04-01 13:28:51,1900-01-00 00:00:00,1032-wombat,B8:27:EB:A2:CD:A4,-55, WPA ,0.000000,0.000000,0.000,0.000,AP
2026-04-01 13:28:51,1900-01-00 00:00:00,1032-wombat,B8:27:EB:A2:CD:A4,-55, WPA ,0.000000,0.000000,0.000,0.000,AP
2026-04-01 13:28:51,1900-01-00 00:00:00,1032-wombat,B8:27:EB:A2:CD:A4,-56, WPA ,0.000000,0.000000,0.000,0.000,AP
2026-04-01 13:28:51,1900-01-00 00:00:00,1032-wombat,B8:27:EB:A2:CD:A4,-56, WPA ,0.000000,0.000000,0.000,0.000,AP
2026-04-01 13:28:51,1900-01-00 00:00:00,1032-wombat,B8:27:EB:A2:CD:A4,-56, WPA ,0.000000,0.000000,0.000,0.000,AP
2026-04-01 13:28:51,1900-01-00 00:00:00,1032-wombat,B8:27:EB:A2:CD:A4,-57, WPA ,0.000000,0.000000,0.000,0.000,AP
2026-04-01 13:28:51,1900-01-00 00:00:00,1032-wombat,B8:27:EB:A2:CD:A4,-57, WPA ,0.000000,0.000000,0.000,0.000,AP
2026-04-01 13:28:51,1900-01-00 00:00:00,1032-wombat,B8:27:EB:A2:CD:A4,-57, WPA ,0.000000,0.000000,0.000,0.000,AP
2026-04-01 13:28:51,1900-01-00 00:00:00,1032-wombat,B8:27:EB:A2:CD:A4,-57, WPA ,0.000000,0.000000,0.000,0.000,AP
2026-04-01 13:28:51,1900-01-00 00:00:00,1032-wombat,B8:27:EB:A2:CD:A4,-57, WPA ,0.000000,0.000000,0.000,0.000,AP
2026-04-01 13:28:51,1900-01-00 00:00:00,1032-wombat,B8:27:EB:A2:CD:A4,-56, WPA ,0.000000,0.000000,0.000,0.000,AP
2026-04-01 13:28:51,1900-01-00 00:00:00,1032-wombat,B8:27:EB:A2:CD:A4,-56, WPA ,0.000000,0.000000,0.000,0.000,AP
2026-04-01 13:28:51,1900-01-00 00:00:00,1032-wombat,B8:27:EB:A2:CD:A4,-56, WPA ,0.000000,0.000000,0.000,0.000,AP
2026-04-01 13:28:51,1900-01-00 00:00:00,1032-wombat,B8:27:EB:A2:CD:A4,-56, WPA ,0.000000,0.000000,0.000,0.000,AP
2026-04-01 13:28:51,1900-01-00 00:00:00,1032-wombat,B8:27:EB:A2:CD:A4,-56, WPA ,0.000000,0.000000,0.000,0.000,AP
2026-04-01 13:28:51,1900-01-00 00:00:00,1032-wombat,B8:27:EB:A2:CD:A4,-56, WPA ,0.000000,0.000000,0.000,0.000,AP
2026-04-01 13:28:51,1900-01-00 00:00:00,1032-wombat,B8:27:EB:A2:CD:A4,-56, WPA ,0.000000,0.000000,0.000,0.000,AP
2026-04-01 13:28:51,1900-01-00 00:00:00,1032-wombat,B8:27:EB:A2:CD:A4,-56, WPA ,0.000000,0.000000,0.000,0.000,AP
2026-04-01 13:28:51,1900-01-00 00:00:00,1032-wombat,B8:27:EB:A2:CD:A4,-56, WPA ,0.000000,0.000000,0.000,0.000,AP
2026-04-01 13:28:51,1900-01-00 00:00:00,1032-wombat,B8:27:EB:A2:CD:A4,-56, WPA ,0.000000,0.000000,0.000,0.000,AP
2026-04-01 13:28:51,1900-01-00 00:00:00,1032-wombat,B8:27:EB:A2:CD:A4,-56, WPA ,0.000000,0.000000,0.000,0.000,AP
2026-04-01 13:28:51,1900-01-00 00:00:00,1032-wombat,B8:27:EB:A2:CD:A4,-56, WPA ,0.000000,0.000000,0.000,0.000,AP
2026-04-01 13:28:51,1900-01-00 00:00:00,1032-wombat,B8:27:EB:A2:CD:A4,-56, WPA ,0.000000,0.000000,0.000,0.000,AP
2026-04-01 13:28:51,1900-01-00 00:00:00,1032-wombat,B8:27:EB:A2:CD:A4,-56, WPA ,0.000000,0.000000,0.000,0.000,AP
2026-04-01 13:28:51,1900-01-00 00:00:00,1032-wombat,B8:27:EB:A2:CD:A4,-56, WPA ,0.000000,0.000000,0.000,0.000,AP
2026-04-01 13:28:51,1900-01-00 00:00:00,1032-wombat,B8:27:EB:A2:CD:A4,-56, WPA ,0.000000,0.000000,0.000,0.000,AP
2026-04-01 13:28:51,1900-01-00 00:00:00,1032-wombat,B8:27:EB:A2:CD:A4,-56, WPA ,0.000000,0.000000,0.000,0.000,AP
2026-04-01 13:28:51,1900-01-00 00:00:00,1032-wombat,B8:27:EB:A2:CD:A4,-56, WPA ,0.000000,0.000000,0.000,0.000,AP
2026-04-01 13:28:51,1900-01-00 00:00:00,1032-wombat,B8:27:EB:A2:CD:A4,-56, WPA ,0.000000,0.000000,0.000,0.000,AP
2026-04-01 13:28:51,1900-01-00 00:00:00,1032-wombat,B8:27:EB:A2:CD:A4,-56, WPA ,0.000000,0.000000,0.000,0.000,AP
2026-04-01 13:28:51,1900-01-00 00:00:00,1032-wombat,B8:27:EB:A2:CD:A4,-56, WPA ,0.000000,0.000000,0.000,0.000,AP
2026-04-01 13:28:51,1900-01-00 00:00:00,1032-wombat,B8:27:EB:A2:CD:A4,-56, WPA ,0.000000,0.000000,0.000,0.000,AP
2026-04-01 13:28:51,1900-01-00 00:00:00,1032-wombat,B8:27:EB:A2:CD:A4,-56, WPA ,0.000000,0.000000,0.000,0.000,AP
2026-04-01 13:28:51,1900-01-00 00:00:00,1032-wombat,B8:27:EB:A2:CD:A4,-56, WPA ,0.000000,0.000000,0.000,0.000,AP
2026-04-01 13:28:51,1900-01-00 00:00:00,1032-wombat,B8:27:EB:A2:CD:A4,-62, WPA ,0.000000,0.000000,0.000,0.000,AP
2026-04-01 13:28:51,1900-01-00 00:00:00,1032-wombat,B8:27:EB:A2:CD:A4,-78, WPA ,0.000000,0.000000,0.000,0.000,AP
2026-04-01 13:28:51,1900-01-00 00:00:00,1032-wombat,B8:27:EB:A2:CD:A4,-78, WPA ,0.000000,0.000000,0.000,0.000,AP
2026-04-01 13:28:51,1900-01-00 00:00:00,1032-wombat,B8:27:EB:A2:CD:A4,-78, WPA ,0.000000,0.000000,0.000,0.000,AP
2026-04-01 13:28:51,1900-01-00 00:00:00,1032-wombat,B8:27:EB:A2:CD:A4,-78, WPA ,0.000000,0.000000,0.000,0.000,AP
2026-04-01 13:28:51,1900-01-00 00:00:00,1032-wombat,B8:27:EB:A2:CD:A4,-78, WPA ,0.000000,0.000000,0.000,0.000,AP
2026-04-01 13:28:51,1900-01-00 00:00:00,1032-wombat,B8:27:EB:A2:CD:A4,-78, WPA ,0.000000,0.000000,0.000,0.000,AP
2026-04-01 13:28:51,1900-01-00 00:00:00,1032-wombat,B8:27:EB:A2:CD:A4,-78, WPA ,0.000000,0.000000,0.000,0.000,AP
2026-04-01 13:28:51,1900-01-00 00:00:00,1032-wombat,B8:27:EB:A2:CD:A4,-78, WPA ,0.000000,0.000000,0.000,0.000,AP
2026-04-01 13:28:51,1900-01-00 00:00:00,1032-wombat,B8:27:EB:A2:CD:A4,-78, WPA ,0.000000,0.000000,0.000,0.000,AP
2026-04-01 13:28:51,1900-01-00 00:00:00,1032-wombat,B8:27:EB:A2:CD:A4,-78, WPA ,0.000000,0.000000,0.000,0.000,AP
2026-04-01 13:28:51,1900-01-00 00:00:00,1032-wombat,B8:27:EB:A2:CD:A4,-78, WPA ,0.000000,0.000000,0.000,0.000,AP
2026-04-01 13:28:51,1900-01-00 00:00:00,1032-wombat,B8:27:EB:A2:CD:A4,-78, WPA ,0.000000,0.000000,0.000,0.000,AP
2026-04-01 13:28:51,1900-01-00 00:00:00,1032-wombat,B8:27:EB:A2:CD:A4,-78, WPA ,0.000000,0.000000,0.000,0.000,AP
2026-04-01 13:28:51,1900-01-00 00:00:00,1032-wombat,B8:27:EB:A2:CD:A4,-78, WPA ,0.000000,0.000000,0.000,0.000,AP
2026-04-01 13:28:51,1900-01-00 00:00:00,1032-wombat,B8:27:EB:A2:CD:A4,-78, WPA ,0.000000,0.000000,0.000,0.000,AP
2026-04-01 13:28:51,1900-01-00 00:00:00,1032-wombat,B8:27:EB:A2:CD:A4,-78, WPA ,0.000000,0.000000,0.000,0.000,AP
2026-04-01 13:28:51,1900-01-00 00:00:00,1032-wombat,B8:27:EB:A2:CD:A4,-78, WPA ,0.000000,0.000000,0.000,0.000,AP
2026-04-01 13:28:51,1900-01-00 00:00:00,1032-wombat,B8:27:EB:A2:CD:A4,-78, WPA ,0.000000,0.000000,0.000,0.000,AP
2026-04-01 13:28:51,1900-01-00 00:00:00,1032-wombat,B8:27:EB:A2:CD:A4,-78, WPA ,0.000000,0.000000,0.000,0.000,AP
2026-04-01 13:28:51,1900-01-00 00:00:00,1032-wombat,B8:27:EB:A2:CD:A4,-78, WPA ,0.000000,0.000000,0.000,0.000,AP
2026-04-01 13:28:51,1900-01-00 00:00:00,1032-wombat,B8:27:EB:A2:CD:A4,-78, WPA ,0.000000,0.000000,0.000,0.000,AP
2026-04-01 13:28:51,1900-01-00 00:00:00,1032-wombat,B8:27:EB:A2:CD:A4,-78, WPA ,0.000000,0.000000,0.000,0.000,AP
2026-04-01 13:28:51,1900-01-00 00:00:00,1032-wombat,B8:27:EB:A2:CD:A4,-78, WPA ,0.000000,0.000000,0.000,0.000,AP
2026-04-01 13:28:51,1900-01-00 00:00:00,1032-wombat,B8:27:EB:A2:CD:A4,-78, WPA ,0.000000,0.000000,0.000,0.000,AP
2026-04-01 13:28:51,1900-01-00 00:00:00,1032-wombat,B8:27:EB:A2:CD:A4,-78, WPA ,0.000000,0.000000,0.000,0.000,AP
2026-04-01 13:28:51,1900-01-00 00:00:00,1032-wombat,B8:27:EB:A2:CD:A4,-78, WPA ,0.000000,0.000000,0.000,0.000,AP
2026-04-01 13:28:51,1900-01-00 00:00:00,1032-wombat,B8:27:EB:A2:CD:A4,-78, WPA ,0.000000,0.000000,0.000,0.000,AP
2026-04-01 13:28:51,1900-01-00 00:00:00,1032-wombat,B8:27:EB:A2:CD:A4,-78, WPA ,0.000000,0.000000,0.000,0.000,AP
2026-04-01 13:28:51,1900-01-00 00:00:00,1032-wombat,B8:27:EB:A2:CD:A4,-78, WPA ,0.000000,0.000000,0.000,0.000,AP
2026-04-01 13:28:51,1900-01-00 00:00:00,1032-wombat,B8:27:EB:A2:CD:A4,-78, WPA ,0.000000,0.000000,0.000,0.000,AP
2026-04-01 13:28:51,1900-01-00 00:00:00,1032-wombat,B8:27:EB:A2:CD:A4,-78, WPA ,0.000000,0.000000,0.000,0.000,AP
2026-04-01 13:28:51,1900-01-00 00:00:00,1032-wombat,B8:27:EB:A2:CD:A4,-78, WPA ,0.000000,0.000000,0.000,0.000,AP
2026-04-01 13:28:51,1900-01-00 00:00:00,1032-wombat,B8:27:EB:A2:CD:A4,-78, WPA ,0.000000,0.000000,0.000,0.000,AP
2026-04-01 13:28:51,1900-01-00 00:00:00,1032-wombat,B8:27:EB:A2:CD:A4,-78, WPA ,0.000000,0.000000,0.000,0.000,AP
2026-04-01 13:28:51,1900-01-00 00:00:00,1032-wombat,B8:27:EB:A2:CD:A4,-78, WPA ,0.000000,0.000000,0.000,0.000,AP
2026-04-01 13:28:51,1900-01-00 00:00:00,1032-wombat,B8:27:EB:A2:CD:A4,-83, WPA ,0.000000,0.000000,0.000,0.000,AP
2026-04-01 13:28:51,1900-01-00 00:00:00,1032-wombat,B8:27:EB:A2:CD:A4,-82, WPA ,0.000000,0.000000,0.000,0.000,AP
2026-04-01 13:28:51,1900-01-00 00:00:00,1032-wombat,B8:27:EB:A2:CD:A4,-82, WPA ,0.000000,0.000000,0.000,0.000,AP
2026-04-01 13:28:51,1900-01-00 00:00:00,1032-wombat,B8:27:EB:A2:CD:A4,-82, WPA ,0.000000,0.000000,0.000,0.000,AP
2026-04-01 13:28:51,1900-01-00 00:00:00,1032-wombat,B8:27:EB:A2:CD:A4,-82, WPA ,0.000000,0.000000,0.000,0.000,AP
2026-04-01 13:28:51,1900-01-00 00:00:00,1032-wombat,B8:27:EB:A2:CD:A4,-82, WPA ,0.000000,0.000000,0.000,0.000,AP
2026-04-01 13:28:51,1900-01-00 00:00:00,1032-wombat,B8:27:EB:A2:CD:A4,-82, WPA ,0.000000,0.000000,0.000,0.000,AP
2026-04-01 13:28:51,1900-01-00 00:00:00,1032-wombat,B8:27:EB:A2:CD:A4,-82, WPA ,0.000000,0.000000,0.000,0.000,AP
2026-04-01 13:28:51,1900-01-00 00:00:00,1032-wombat,B8:27:EB:A2:CD:A4,-82, WPA ,0.000000,0.000000,0.000,0.000,AP
2026-04-01 13:28:51,1900-01-00 00:00:00,1032-wombat,B8:27:EB:A2:CD:A4,-82, WPA ,0.000000,0.000000,0.000,0.000,AP
2026-04-01 13:28:51,1900-01-00 00:00:00,1032-wombat,B8:27:EB:A2:CD:A4,-82, WPA ,0.000000,0.000000,0.000,0.000,AP
2026-04-01 13:28:51,1900-01-00 00:00:00,1032-wombat,B8:27:EB:A2:CD:A4,-55, WPA ,0.000000,0.000000,0.000,0.000,AP
2026-04-01 13:28:51,1900-01-00 00:00:00,1032-wombat,B8:27:EB:A2:CD:A4,-55, WPA ,0.000000,0.000000,0.000,0.000,AP
2026-04-01 13:28:51,1900-01-00 00:00:00,1032-wombat,B8:27:EB:A2:CD:A4,-55, WPA ,0.000000,0.000000,0.000,0.000,AP
2026-04-01 13:28:51,1900-01-00 00:00:00,1032-wombat,B8:27:EB:A2:CD:A4,-55, WPA ,0.000000,0.000000,0.000,0.000,AP
2026-04-01 13:28:51,1900-01-00 00:00:00,1032-wombat,B8:27:EB:A2:CD:A4,-55, WPA ,0.000000,0.000000,0.000,0.000,AP
2026-04-01 13:28:51,1900-01-00 00:00:00,1032-wombat,B8:27:EB:A2:CD:A4,-55, WPA ,0.000000,0.000000,0.000,0.000,AP
2026-04-01 13:28:51,1900-01-00 00:00:00,1032-wombat,B8:27:EB:A2:CD:A4,-55, WPA ,0.000000,0.000000,0.000,0.000,AP
2026-04-01 13:28:51,1900-01-00 00:00:00,1032-wombat,B8:27:EB:A2:CD:A4,-55, WPA ,0.000000,0.000000,0.000,0.000,AP
2026-04-01 13:28:51,1900-01-00 00:00:00,1032-wombat,B8:27:EB:A2:CD:A4,-55, WPA ,0.000000,0.000000,0.000,0.000,AP
2026-04-01 13:28:51,1900-01-00 00:00:00,1032-wombat,B8:27:EB:A2:CD:A4,-55, WPA ,0.000000,0.000000,0.000,0.000,AP
2026-04-01 13:28:51,1900-01-00 00:00:00,1032-wombat,B8:27:EB:A2:CD:A4,-55, WPA ,0.000000,0.000000,0.000,0.000,AP
2026-04-01 13:28:51,1900-01-00 00:00:00,1032-wombat,B8:27:EB:A2:CD:A4,-55, WPA ,0.000000,0.000000,0.000,0.000,AP
2026-04-01 13:28:51,1900-01-00 00:00:00,1032-wombat,B8:27:EB:A2:CD:A4,-55, WPA ,0.000000,0.000000,0.000,0.000,AP
2026-04-01 13:28:51,1900-01-00 00:00:00,1032-wombat,B8:27:EB:A2:CD:A4,-55, WPA ,0.000000,0.000000,0.000,0.000,AP
2026-04-01 13:28:51,1900-01-00 00:00:00,1032-wombat,B8:27:EB:A2:CD:A4,-55, WPA ,0.000000,0.000000,0.000,0.000,AP
2026-04-01 13:28:51,1900-01-00 00:00:00,1032-wombat,B8:27:EB:A2:CD:A4,-55, WPA ,0.000000,0.000000,0.000,0.000,AP
2026-04-01 13:28:51,1900-01-00 00:00:00,1032-wombat,B8:27:EB:A2:CD:A4,-55, WPA ,0.000000,0.000000,0.000,0.000,AP
2026-04-01 13:28:51,1900-01-00 00:00:00,1032-wombat,B8:27:EB:A2:CD:A4,-55, WPA ,0.000000,0.000000,0.000,0.000,AP
2026-04-01 13:28:51,1900-01-00 00:00:00,1032-wombat,B8:27:EB:A2:CD:A4,-85, WPA ,0.000000,0.000000,0.000,0.000,AP
2026-04-01 13:28:51,1900-01-00 00:00:00,1032-wombat,B8:27:EB:A2:CD:A4,-85, WPA ,0.000000,0.000000,0.000,0.000,AP
2026-04-01 13:28:51,1900-01-00 00:00:00,1032-wombat,B8:27:EB:A2:CD:A4,-85, WPA ,0.000000,0.000000,0.000,0.000,AP
2026-04-01 13:28:51,1900-01-00 00:00:00,1032-wombat,B8:27:EB:A2:CD:A4,-85, WPA ,0.000000,0.000000,0.000,0.000,AP
2026-04-01 13:28:51,1900-01-00 00:00:00,1032-wombat,B8:27:EB:A2:CD:A4,-85, WPA ,0.000000,0.000000,0.000,0.000,AP
2026-04-01 13:28:51,1900-01-00 00:00:00,1032-wombat,B8:27:EB:A2:CD:A4,-85, WPA ,0.000000,0.000000,0.000,0.000,AP
2026-04-01 13:28:51,1900-01-00 00:00:00,1032-wombat,B8:27:EB:A2:CD:A4,-85, WPA ,0.000000,0.000000,0.000,0.000,AP
2026-04-01 13:28:51,1900-01-00 00:00:00,1032-wombat,B8:27:EB:A2:CD:A4,-85, WPA ,0.000000,0.000000,0.000,0.000,AP
2026-04-01 13:28:51,1900-01-00 00:00:00,1032-wombat,B8:27:EB:A2:CD:A4,-85, WPA ,0.000000,0.000000,0.000,0.000,AP
2026-04-01 13:28:51,1900-01-00 00:00:00,1032-wombat,B8:27:EB:A2:CD:A4,-85, WPA ,0.000000,0.000000,0.000,0.000,AP
2026-04-01 13:28:51,1900-01-00 00:00:00,1032-wombat,B8:27:EB:A2:CD:A4,-85, WPA ,0.000000,0.000000,0.000,0.000,AP
2026-04-01 13:28:51,1900-01-00 00:00:00,1032-wombat,B8:27:EB:A2:CD:A4,-85, WPA ,0.000000,0.000000,0.000,0.000,AP
2026-04-01 13:28:51,1900-01-00 00:00:00,1032-wombat,B8:27:EB:A2:CD:A4,-85, WPA ,0.000000,0.000000,0.000,0.000,AP
2026-04-01 13:28:51,1900-01-00 00:00:00,1032-wombat,B8:27:EB:A2:CD:A4,-85, WPA ,0.000000,0.000000,0.000,0.000,AP
2026-04-01 13:28:51,1900-01-00 00:00:00,1032-wombat,B8:27:EB:A2:CD:A4,-85, WPA ,0.000000,0.000000,0.000,0.000,AP
2026-04-01 13:28:51,1900-01-00 00:00:00,1032-wombat,B8:27:EB:A2:CD:A4,-85, WPA ,0.000000,0.000000,0.000,0.000,AP
2026-04-01 13:28:51,1900-01-00 00:00:00,1032-wombat,B8:27:EB:A2:CD:A4,-85, WPA ,0.000000,0.000000,0.000,0.000,AP
2026-04-01 13:28:51,1900-01-00 00:00:00,1032-wombat,B8:27:EB:A2:CD:A4,-85, WPA ,0.000000,0.000000,0.000,0.000,AP
2026-04-01 13:28:51,1900-01-00 00:00:00,1032-wombat,B8:27:EB:A2:CD:A4,-85, WPA ,0.000000,0.000000,0.000,0.000,AP
2026-04-01 13:28:51,1900-01-00 00:00:00,1032-wombat,B8:27:EB:A2:CD:A4,-85, WPA ,0.000000,0.000000,0.000,0.000,AP
2026-04-01 13:28:51,1900-01-00 00:00:00,1032-wombat,B8:27:EB:A2:CD:A4,-85, WPA ,0.000000,0.000000,0.000,0.000,AP
2026-04-01 13:28:51,1900-01-00 00:00:00,1032-wombat,B8:27:EB:A2:CD:A4,-85, WPA ,0.000000,0.000000,0.000,0.000,AP
2026-04-01 13:28:51,1900-01-00 00:00:00,1032-wombat,B8:27:EB:A2:CD:A4,-85, WPA ,0.000000,0.000000,0.000,0.000,AP
2026-04-01 13:28:51,1900-01-00 00:00:00,1032-wombat,B8:27:EB:A2:CD:A4,-85, WPA ,0.000000,0.000000,0.000,0.000,AP
2026-04-01 13:28:51,1900-01-00 00:00:00,1032-wombat,B8:27:EB:A2:CD:A4,-85, WPA ,0.000000,0.000000,0.000,0.000,AP
2026-04-01 13:28:51,1900-01-00 00:00:00,1032-wombat,B8:27:EB:A2:CD:A4,-85, WPA ,0.000000,0.000000,0.000,0.000,AP
2026-04-01 13:28:51,1900-01-00 00:00:00,1032-wombat,B8:27:EB:A2:CD:A4,-85, WPA ,0.000000,0.000000,0.000,0.000,AP
2026-04-01 13:28:51,1900-01-00 00:00:00,1032-wombat,B8:27:EB:A2:CD:A4,-85, WPA ,0.000000,0.000000,0.000,0.000,AP
2026-04-01 13:28:51,1900-01-00 00:00:00,1032-wombat,B8:27:EB:A2:CD:A4,-85, WPA ,0.000000,0.000000,0.000,0.000,AP
2026-04-01 13:28:51,1900-01-00 00:00:00,1032-wombat,B8:27:EB:A2:CD:A4,-85, WPA ,0.000000,0.000000,0.000,0.000,AP
2026-04-01 13:28:51,1900-01-00 00:00:00,1032-wombat,B8:27:EB:A2:CD:A4,-85, WPA ,0.000000,0.000000,0.000,0.000,AP
2026-04-01 13:28:51,1900-01-00 00:00:00,1032-wombat,B8:27:EB:A2:CD:A4,-85, WPA ,0.000000,0.000000,0.000,0.000,AP
2026-04-01 13:28:51,1900-01-00 00:00:00,1032-wombat,B8:27:EB:A2:CD:A4,-62, WPA ,0.000000,0.000000,0.000,0.000,AP
2026-04-01 13:28:51,1900-01-00 00:00:00,1032-wombat,B8:27:EB:A2:CD:A4,-62, WPA ,0.000000,0.000000,0.000,0.000,AP
2026-04-01 13:28:51,1900-01-00 00:00:00,1032-wombat,B8:27:EB:A2:CD:A4,-76, WPA ,0.000000,0.000000,0.000,0.000,AP
2026-04-01 13:28:51,1900-01-00 00:00:00,1032-wombat,B8:27:EB:A2:CD:A4,-77, WPA ,0.000000,0.000000,0.000,0.000,AP
2026-04-01 13:28:51,1900-01-00 00:00:00,1032-wombat,B8:27:EB:A2:CD:A4,-77, WPA ,0.000000,0.000000,0.000,0.000,AP
2026-04-01 13:28:51,1900-01-00 00:00:00,1032-wombat,B8:27:EB:A2:CD:A4,-77, WPA ,0.000000,0.000000,0.000,0.000,AP
2026-04-01 13:28:51,1900-01-00 00:00:00,1032-wombat,B8:27:EB:A2:CD:A4,-77, WPA ,0.000000,0.000000,0.000,0.000,AP
2026-04-01 13:28:51,1900-01-00 00:00:00,1032-wombat,B8:27:EB:A2:CD:A4,-77, WPA ,0.000000,0.000000,0.000,0.000,AP
2026-04-01 13:28:52,1900-01-00 00:00:00,1032-wombat,B8:27:EB:A2:CD:A4,-77, WPA ,0.000000,0.000000,0.000,0.000,AP
2026-04-01 13:28:52,1900-01-00 00:00:00,1032-wombat,B8:27:EB:A2:CD:A4,-77, WPA ,0.000000,0.000000,0.000,0.000,AP
2026-04-01 13:28:52,1900-01-00 00:00:00,1032-wombat,B8:27:EB:A2:CD:A4,-77, WPA ,0.000000,0.000000,0.000,0.000,AP
2026-04-01 13:28:52,1900-01-00 00:00:00,1032-wombat,B8:27:EB:A2:CD:A4,-77, WPA ,0.000000,0.000000,0.000,0.000,AP
2026-04-01 13:28:52,1900-01-00 00:00:00,1032-wombat,B8:27:EB:A2:CD:A4,-77, WPA ,0.000000,0.000000,0.000,0.000,AP
2026-04-01 13:28:52,1900-01-00 00:00:00,1032-wombat,B8:27:EB:A2:CD:A4,-77, WPA ,0.000000,0.000000,0.000,0.000,AP
2026-04-01 13:28:52,1900-01-00 00:00:00,1032-wombat,B8:27:EB:A2:CD:A4,-77, WPA ,0.000000,0.000000,0.000,0.000,AP
2026-04-01 13:28:52,1900-01-00 00:00:00,1032-wombat,B8:27:EB:A2:CD:A4,-77, WPA ,0.000000,0.000000,0.000,0.000,AP
2026-04-01 13:28:52,1900-01-00 00:00:00,1032-wombat,B8:27:EB:A2:CD:A4,-77, WPA ,0.000000,0.000000,0.000,0.000,AP
2026-04-01 13:28:52,1900-01-00 00:00:00,1032-wombat,B8:27:EB:A2:CD:A4,-77, WPA ,0.000000,0.000000,0.000,0.000,AP
2026-04-01 13:28:52,1900-01-00 00:00:00,1032-wombat,B8:27:EB:A2:CD:A4,-77, WPA ,0.000000,0.000000,0.000,0.000,AP
2026-04-01 13:28:52,1900-01-00 00:00:00,1032-wombat,B8:27:EB:A2:CD:A4,-77, WPA ,0.000000,0.000000,0.000,0.000,AP
2026-04-01 13:28:52,1900-01-00 00:00:00,1032-wombat,B8:27:EB:A2:CD:A4,-77, WPA ,0.000000,0.000000,0.000,0.000,AP
2026-04-01 13:28:52,1900-01-00 00:00:00,1032-wombat,B8:27:EB:A2:CD:A4,-77, WPA ,0.000000,0.000000,0.000,0.000,AP
2026-04-01 13:28:52,1900-01-00 00:00:00,1032-wombat,B8:27:EB:A2:CD:A4,-77, WPA ,0.000000,0.000000,0.000,0.000,AP
2026-04-01 13:28:52,1900-01-00 00:00:00,1032-wombat,B8:27:EB:A2:CD:A4,-77, WPA ,0.000000,0.000000,0.000,0.000,AP
2026-04-01 13:28:52,1900-01-00 00:00:00,1032-wombat,B8:27:EB:A2:CD:A4,-77, WPA ,0.000000,0.000000,0.000,0.000,AP
2026-04-01 13:28:52,1900-01-00 00:00:00,1032-wombat,B8:27:EB:A2:CD:A4,-77, WPA ,0.000000,0.000000,0.000,0.000,AP
2026-04-01 13:28:52,1900-01-00 00:00:00,1032-wombat,B8:27:EB:A2:CD:A4,-77, WPA ,0.000000,0.000000,0.000,0.000,AP
2026-04-01 13:28:52,1900-01-00 00:00:00,1032-wombat,B8:27:EB:A2:CD:A4,-77, WPA ,0.000000,0.000000,0.000,0.000,AP
2026-04-01 13:28:52,1900-01-00 00:00:00,1032-wombat,B8:27:EB:A2:CD:A4,-77, WPA ,0.000000,0.000000,0.000,0.000,AP
2026-04-01 13:28:52,1900-01-00 00:00:00,1032-wombat,B8:27:EB:A2:CD:A4,-77, WPA ,0.000000,0.000000,0.000,0.000,AP
2026-04-01 13:28:52,1900-01-00 00:00:00,1032-wombat,B8:27:EB:A2:CD:A4,-77, WPA ,0.000000,0.000000,0.000,0.000,AP
2026-04-01 13:28:52,1900-01-00 00:00:00,1032-wombat,B8:27:EB:A2:CD:A4,-77, WPA ,0.000000,0.000000,0.000,0.000,AP
2026-04-01 13:28:52,1900-01-00 00:00:00,1032-wombat,B8:27:EB:A2:CD:A4,-77, WPA ,0.000000,0.000000,0.000,0.000,AP
2026-04-01 13:28:52,1900-01-00 00:00:00,1032-wombat,B8:27:EB:A2:CD:A4,-77, WPA ,0.000000,0.000000,0.000,0.000,AP
2026-04-01 13:28:52,1900-01-00 00:00:00,1032-wombat,B8:27:EB:A2:CD:A4,-77, WPA ,0.000000,0.000000,0.000,0.000,AP
2026-04-01 13:28:52,1900-01-00 00:00:00,1032-wombat,B8:27:EB:A2:CD:A4,-77, WPA ,0.000000,0.000000,0.000,0.000,AP
2026-04-01 13:28:52,1900-01-00 00:00:00,1032-wombat,B8:27:EB:A2:CD:A4,-77, WPA ,0.000000,0.000000,0.000,0.000,AP
2026-04-01 13:28:52,1900-01-00 00:00:00,1032-wombat,B8:27:EB:A2:CD:A4,-77, WPA ,0.000000,0.000000,0.000,0.000,AP
2026-04-01 13:28:52,1900-01-00 00:00:00,1032-wombat,B8:27:EB:A2:CD:A4,-82, WPA ,0.000000,0.000000,0.000,0.000,AP
2026-04-01 13:28:52,1900-01-00 00:00:00,1032-wombat,B8:27:EB:A2:CD:A4,-82, WPA ,0.000000,0.000000,0.000,0.000,AP
2026-04-01 13:28:52,1900-01-00 00:00:00,1032-wombat,B8:27:EB:A2:CD:A4,-82, WPA ,0.000000,0.000000,0.000,0.000,AP
2026-04-01 13:28:52,1900-01-00 00:00:00,1032-wombat,B8:27:EB:A2:CD:A4,-82, WPA ,0.000000,0.000000,0.000,0.000,AP
2026-04-01 13:28:52,1900-01-00 00:00:00,1032-wombat,B8:27:EB:A2:CD:A4,-82, WPA ,0.000000,0.000000,0.000,0.000,AP
2026-04-01 13:28:52,1900-01-00 00:00:00,1032-wombat,B8:27:EB:A2:CD:A4,-82, WPA ,0.000000,0.000000,0.000,0.000,AP
2026-04-01 13:28:52,1900-01-00 00:00:00,1032-wombat,B8:27:EB:A2:CD:A4,-82, WPA ,0.000000,0.000000,0.000,0.000,AP
2026-04-01 13:28:52,1900-01-00 00:00:00,1032-wombat,B8:27:EB:A2:CD:A4,-82, WPA ,0.000000,0.000000,0.000,0.000,AP
2026-04-01 13:28:52,1900-01-00 00:00:00,1032-wombat,B8:27:EB:A2:CD:A4,-82, WPA ,0.000000,0.000000,0.000,0.000,AP
2026-04-01 13:28:52,1900-01-00 00:00:00,1032-wombat,B8:27:EB:A2:CD:A4,-51, WPA ,0.000000,0.000000,0.000,0.000,AP
2026-04-01 13:28:52,1900-01-00 00:00:00,1032-wombat,B8:27:EB:A2:CD:A4,-51, WPA ,0.000000,0.000000,0.000,0.000,AP
2026-04-01 13:28:52,1900-01-00 00:00:00,1032-wombat,B8:27:EB:A2:CD:A4,-51, WPA ,0.000000,0.000000,0.000,0.000,AP
2026-04-01 13:28:52,1900-01-00 00:00:00,1032-wombat,B8:27:EB:A2:CD:A4,-50, WPA ,0.000000,0.000000,0.000,0.000,AP
2026-04-01 13:28:52,1900-01-00 00:00:00,1032-wombat,B8:27:EB:A2:CD:A4,-50, WPA ,0.000000,0.000000,0.000,0.000,AP
2026-04-01 13:28:52,1900-01-00 00:00:00,1032-wombat,B8:27:EB:A2:CD:A4,-50, WPA ,0.000000,0.000000,0.000,0.000,AP
2026-04-01 13:28:52,1900-01-00 00:00:00,1032-wombat,B8:27:EB:A2:CD:A4,-48, WPA ,0.000000,0.000000,0.000,0.000,AP
2026-04-01 13:28:52,1900-01-00 00:00:00,1032-wombat,B8:27:EB:A2:CD:A4,-48, WPA ,0.000000,0.000000,0.000,0.000,AP
2026-04-01 13:28:52,1900-01-00 00:00:00,1032-wombat,B8:27:EB:A2:CD:A4,-48, WPA ,0.000000,0.000000,0.000,0.000,AP
2026-04-01 13:28:52,1900-01-00 00:00:00,1032-wombat,B8:27:EB:A2:CD:A4,-48, WPA ,0.000000,0.000000,0.000,0.000,AP
2026-04-01 13:28:52,1900-01-00 00:00:00,1032-wombat,B8:27:EB:A2:CD:A4,-48, WPA ,0.000000,0.000000,0.000,0.000,AP
2026-04-01 13:28:52,1900-01-00 00:00:00,1032-wombat,B8:27:EB:A2:CD:A4,-48, WPA ,0.000000,0.000000,0.000,0.000,AP
2026-04-01 13:28:52,1900-01-00 00:00:00,1032-wombat,B8:27:EB:A2:CD:A4,-49, WPA ,0.000000,0.000000,0.000,0.000,AP
2026-04-01 13:28:52,1900-01-00 00:00:00,1032-wombat,B8:27:EB:A2:CD:A4,-49, WPA ,0.000000,0.000000,0.000,0.000,AP
2026-04-01 13:28:52,1900-01-00 00:00:00,1032-wombat,B8:27:EB:A2:CD:A4,-49, WPA ,0.000000,0.000000,0.000,0.000,AP
2026-04-01 13:28:52,1900-01-00 00:00:00,1032-wombat,B8:27:EB:A2:CD:A4,-49, WPA ,0.000000,0.000000,0.000,0.000,AP
2026-04-01 13:28:52,1900-01-00 00:00:00,1032-wombat,B8:27:EB:A2:CD:A4,-49, WPA ,0.000000,0.000000,0.000,0.000,AP
2026-04-01 13:28:52,1900-01-00 00:00:00,1032-wombat,B8:27:EB:A2:CD:A4,-50, WPA ,0.000000,0.000000,0.000,0.000,AP
2026-04-01 13:28:52,1900-01-00 00:00:00,1032-wombat,B8:27:EB:A2:CD:A4,-50, WPA ,0.000000,0.000000,0.000,0.000,AP
2026-04-01 13:28:52,1900-01-00 00:00:00,1032-wombat,B8:27:EB:A2:CD:A4,-50, WPA ,0.000000,0.000000,0.000,0.000,AP
2026-04-01 13:28:52,1900-01-00 00:00:00,1032-wombat,B8:27:EB:A2:CD:A4,-50, WPA ,0.000000,0.000000,0.000,0.000,AP
2026-04-01 13:28:52,1900-01-00 00:00:00,1032-wombat,B8:27:EB:A2:CD:A4,-49, WPA ,0.000000,0.000000,0.000,0.000,AP
2026-04-01 13:28:52,1900-01-00 00:00:00,1032-wombat,B8:27:EB:A2:CD:A4,-49, WPA ,0.000000,0.000000,0.000,0.000,AP
2026-04-01 13:28:52,1900-01-00 00:00:00,1032-wombat,B8:27:EB:A2:CD:A4,-49, WPA ,0.000000,0.000000,0.000,0.000,AP
2026-04-01 13:28:52,1900-01-00 00:00:00,1032-wombat,B8:27:EB:A2:CD:A4,-49, WPA ,0.000000,0.000000,0.000,0.000,AP
2026-04-01 13:28:52,1900-01-00 00:00:00,1032-wombat,B8:27:EB:A2:CD:A4,-49, WPA ,0.000000,0.000000,0.000,0.000,AP
2026-04-01 13:28:52,1900-01-00 00:00:00,1032-wombat,B8:27:EB:A2:CD:A4,-49, WPA ,0.000000,0.000000,0.000,0.000,AP
2026-04-01 13:28:52,1900-01-00 00:00:00,1032-wombat,B8:27:EB:A2:CD:A4,-49, WPA ,0.000000,0.000000,0.000,0.000,AP
2026-04-01 13:28:52,1900-01-00 00:00:00,1032-wombat,B8:27:EB:A2:CD:A4,-49, WPA ,0.000000,0.000000,0.000,0.000,AP
2026-04-01 13:28:52,1900-01-00 00:00:00,1032-wombat,B8:27:EB:A2:CD:A4,-49, WPA ,0.000000,0.000000,0.000,0.000,AP
2026-04-01 13:28:52,1900-01-00 00:00:00,1032-wombat,B8:27:EB:A2:CD:A4,-49, WPA ,0.000000,0.000000,0.000,0.000,AP
2026-04-01 13:28:52,1900-01-00 00:00:00,1032-wombat,B8:27:EB:A2:CD:A4,-49, WPA ,0.000000,0.000000,0.000,0.000,AP
2026-04-01 13:28:52,1900-01-00 00:00:00,1032-wombat,B8:27:EB:A2:CD:A4,-49, WPA ,0.000000,0.000000,0.000,0.000,AP
2026-04-01 13:28:52,1900-01-00 00:00:00,1032-wombat,B8:27:EB:A2:CD:A4,-49, WPA ,0.000000,0.000000,0.000,0.000,AP
2026-04-01 13:28:52,1900-01-00 00:00:00,1032-wombat,B8:27:EB:A2:CD:A4,-49, WPA ,0.000000,0.000000,0.000,0.000,AP
2026-04-01 13:28:52,1900-01-00 00:00:00,1032-wombat,B8:27:EB:A2:CD:A4,-49, WPA ,0.000000,0.000000,0.000,0.000,AP
2026-04-01 13:28:52,1900-01-00 00:00:00,1032-wombat,B8:27:EB:A2:CD:A4,-49, WPA ,0.000000,0.000000,0.000,0.000,AP
2026-04-01 13:28:52,1900-01-00 00:00:00,1032-wombat,B8:27:EB:A2:CD:A4,-49, WPA ,0.000000,0.000000,0.000,0.000,AP
2026-04-01 13:28:52,1900-01-00 00:00:00,1032-wombat,B8:27:EB:A2:CD:A4,-49, WPA ,0.000000,0.000000,0.000,0.000,AP
2026-04-01 13:28:52,1900-01-00 00:00:00,1032-wombat,B8:27:EB:A2:CD:A4,-49, WPA ,0.000000,0.000000,0.000,0.000,AP
2026-04-01 13:28:52,1900-01-00 00:00:00,1032-wombat,B8:27:EB:A2:CD:A4,-49, WPA ,0.000000,0.000000,0.000,0.000,AP
2026-04-01 13:28:52,1900-01-00 00:00:00,1032-wombat,B8:27:EB:A2:CD:A4,-49, WPA ,0.000000,0.000000,0.000,0.000,AP
2026-04-01 13:28:52,1900-01-00 00:00:00,1032-wombat,B8:27:EB:A2:CD:A4,-49, WPA ,0.000000,0.000000,0.000,0.000,AP
2026-04-01 13:28:52,1900-01-00 00:00:00,1032-wombat,B8:27:EB:A2:CD:A4,-49, WPA ,0.000000,0.000000,0.000,0.000,AP
2026-04-01 13:28:52,1900-01-00 00:00:00,1032-wombat,B8:27:EB:A2:CD:A4,-49, WPA ,0.000000,0.000000,0.000,0.000,AP
2026-04-01 13:28:52,1900-01-00 00:00:00,1032-wombat,B8:27:EB:A2:CD:A4,-49, WPA ,0.000000,0.000000,0.000,0.000,AP
2026-04-01 13:28:52,1900-01-00 00:00:00,1032-wombat,B8:27:EB:A2:CD:A4,-49, WPA ,0.000000,0.000000,0.000,0.000,AP
2026-04-01 13:28:52,1900-01-00 00:00:00,1032-wombat,B8:27:EB:A2:CD:A4,-49, WPA ,0.000000,0.000000,0.000,0.000,AP
2026-04-01 13:28:52,1900-01-00 00:00:00,1032-wombat,B8:27:EB:A2:CD:A4,-49, WPA ,0.000000,0.000000,0.000,0.000,AP
2026-04-01 13:28:52,1900-01-00 00:00:00,1032-wombat,B8:27:EB:A2:CD:A4,-54, WPA ,0.000000,0.000000,0.000,0.000,AP
2026-04-01 13:28:52,1900-01-00 00:00:00,1032-wombat,B8:27:EB:A2:CD:A4,-54, WPA ,0.000000,0.000000,0.000,0.000,AP
2026-04-01 13:28:52,1900-01-00 00:00:00,1032-wombat,B8:27:EB:A2:CD:A4,-54, WPA ,0.000000,0.000000,0.000,0.000,AP
2026-04-01 13:28:52,1900-01-00 00:00:00,1032-wombat,B8:27:EB:A2:CD:A4,-54, WPA ,0.000000,0.000000,0.000,0.000,AP
2026-04-01 13:28:52,1900-01-00 00:00:00,1032-wombat,B8:27:EB:A2:CD:A4,-53, WPA ,0.000000,0.000000,0.000,0.000,AP
2026-04-01 13:28:52,1900-01-00 00:00:00,1032-wombat,B8:27:EB:A2:CD:A4,-51, WPA ,0.000000,0.000000,0.000,0.000,AP
2026-04-01 13:28:52,1900-01-00 00:00:00,1032-wombat,B8:27:EB:A2:CD:A4,-51, WPA ,0.000000,0.000000,0.000,0.000,AP
2026-04-01 13:28:52,1900-01-00 00:00:00,1032-wombat,B8:27:EB:A2:CD:A4,-50, WPA ,0.000000,0.000000,0.000,0.000,AP
2026-04-01 13:28:52,1900-01-00 00:00:00,1032-wombat,B8:27:EB:A2:CD:A4,-51, WPA ,0.000000,0.000000,0.000,0.000,AP
2026-04-01 13:28:52,1900-01-00 00:00:00,1032-wombat,B8:27:EB:A2:CD:A4,-50, WPA ,0.000000,0.000000,0.000,0.000,AP
2026-04-01 13:28:52,1900-01-00 00:00:00,1032-wombat,B8:27:EB:A2:CD:A4,-50, WPA ,0.000000,0.000000,0.000,0.000,AP
2026-04-01 13:28:52,1900-01-00 00:00:00,1032-wombat,B8:27:EB:A2:CD:A4,-53, WPA ,0.000000,0.000000,0.000,0.000,AP
2026-04-01 13:28:52,1900-01-00 00:00:00,1032-wombat,B8:27:EB:A2:CD:A4,-53, WPA ,0.000000,0.000000,0.000,0.000,AP
2026-04-01 13:28:52,1900-01-00 00:00:00,1032-wombat,B8:27:EB:A2:CD:A4,-39, WPA ,0.000000,0.000000,0.000,0.000,AP
2026-04-01 13:28:52,1900-01-00 00:00:00,1032-wombat,B8:27:EB:A2:CD:A4,-39, WPA ,0.000000,0.000000,0.000,0.000,AP
2026-04-01 13:28:52,1900-01-00 00:00:00,1032-wombat,B8:27:EB:A2:CD:A4,-39, WPA ,0.000000,0.000000,0.000,0.000,AP
2026-04-01 13:28:52,1900-01-00 00:00:00,1032-wombat,B8:27:EB:A2:CD:A4,-39, WPA ,0.000000,0.000000,0.000,0.000,AP
2026-04-01 13:28:52,1900-01-00 00:00:00,1032-wombat,B8:27:EB:A2:CD:A4,-39, WPA ,0.000000,0.000000,0.000,0.000,AP
2026-04-01 13:28:52,1900-01-00 00:00:00,1032-wombat,B8:27:EB:A2:CD:A4,-39, WPA ,0.000000,0.000000,0.000,0.000,AP
2026-04-01 13:28:52,1900-01-00 00:00:00,1032-wombat,B8:27:EB:A2:CD:A4,-39, WPA ,0.000000,0.000000,0.000,0.000,AP
2026-04-01 13:28:52,1900-01-00 00:00:00,1032-wombat,B8:27:EB:A2:CD:A4,-39, WPA ,0.000000,0.000000,0.000,0.000,AP
2026-04-01 13:28:52,1900-01-00 00:00:00,1032-wombat,B8:27:EB:A2:CD:A4,-39, WPA ,0.000000,0.000000,0.000,0.000,AP
2026-04-01 13:28:52,1900-01-00 00:00:00,1032-wombat,B8:27:EB:A2:CD:A4,-39, WPA ,0.000000,0.000000,0.000,0.000,AP
2026-04-01 13:28:52,1900-01-00 00:00:00,1032-wombat,B8:27:EB:A2:CD:A4,-39, WPA ,0.000000,0.000000,0.000,0.000,AP
2026-04-01 13:28:52,1900-01-00 00:00:00,1032-wombat,B8:27:EB:A2:CD:A4,-39, WPA ,0.000000,0.000000,0.000,0.000,AP
2026-04-01 13:28:52,1900-01-00 00:00:00,1032-wombat,B8:27:EB:A2:CD:A4,-39, WPA ,0.000000,0.000000,0.000,0.000,AP
2026-04-01 13:28:52,1900-01-00 00:00:00,1032-wombat,B8:27:EB:A2:CD:A4,-39, WPA ,0.000000,0.000000,0.000,0.000,AP
2026-04-01 13:28:52,1900-01-00 00:00:00,1032-wombat,B8:27:EB:A2:CD:A4,-39, WPA ,0.000000,0.000000,0.000,0.000,AP
2026-04-01 13:28:52,1900-01-00 00:00:00,1032-wombat,B8:27:EB:A2:CD:A4,-39, WPA ,0.000000,0.000000,0.000,0.000,AP
2026-04-01 13:28:52,1900-01-00 00:00:00,1032-wombat,B8:27:EB:A2:CD:A4,-39, WPA ,0.000000,0.000000,0.000,0.000,AP
2026-04-01 13:28:52,1900-01-00 00:00:00,1032-wombat,B8:27:EB:A2:CD:A4,-39, WPA ,0.000000,0.000000,0.000,0.000,AP
2026-04-01 13:28:52,1900-01-00 00:00:00,1032-wombat,B8:27:EB:A2:CD:A4,-39, WPA ,0.000000,0.000000,0.000,0.000,AP
2026-04-01 13:28:52,1900-01-00 00:00:00,1032-wombat,B8:27:EB:A2:CD:A4,-39, WPA ,0.000000,0.000000,0.000,0.000,AP
2026-04-01 13:28:52,1900-01-00 00:00:00,1032-wombat,B8:27:EB:A2:CD:A4,-39, WPA ,0.000000,0.000000,0.000,0.000,AP
2026-04-01 13:28:52,1900-01-00 00:00:00,1032-wombat,B8:27:EB:A2:CD:A4,-39, WPA ,0.000000,0.000000,0.000,0.000,AP
2026-04-01 13:28:52,1900-01-00 00:00:00,1032-wombat,B8:27:EB:A2:CD:A4,-39, WPA ,0.000000,0.000000,0.000,0.000,AP
2026-04-01 13:28:52,1900-01-00 00:00:00,1032-wombat,B8:27:EB:A2:CD:A4,-39, WPA ,0.000000,0.000000,0.000,0.000,AP
2026-04-01 13:28:52,1900-01-00 00:00:00,1032-wombat,B8:27:EB:A2:CD:A4,-39, WPA ,0.000000,0.000000,0.000,0.000,AP
2026-04-01 13:28:52,1900-01-00 00:00:00,1032-wombat,B8:27:EB:A2:CD:A4,-39, WPA ,0.000000,0.000000,0.000,0.000,AP
2026-04-01 13:28:52,1900-01-00 00:00:00,1032-wombat,B8:27:EB:A2:CD:A4,-39, WPA ,0.000000,0.000000,0.000,0.000,AP
2026-04-01 13:28:52,1900-01-00 00:00:00,1032-wombat,B8:27:EB:A2:CD:A4,-39, WPA ,0.000000,0.000000,0.000,0.000,AP
2026-04-01 13:28:52,1900-01-00 00:00:00,1032-wombat,B8:27:EB:A2:CD:A4,-39, WPA ,0.000000,0.000000,0.000,0.000,AP
2026-04-01 13:28:52,1900-01-00 00:00:00,1032-wombat,B8:27:EB:A2:CD:A4,-63, WPA ,0.000000,0.000000,0.000,0.000,AP
2026-04-01 13:28:52,1900-01-00 00:00:00,1032-wombat,B8:27:EB:A2:CD:A4,-78, WPA ,0.000000,0.000000,0.000,0.000,AP
2026-04-01 13:28:52,1900-01-00 00:00:00,1032-wombat,B8:27:EB:A2:CD:A4,-78, WPA ,0.000000,0.000000,0.000,0.000,AP
2026-04-01 13:28:52,1900-01-00 00:00:00,1032-wombat,B8:27:EB:A2:CD:A4,-78, WPA ,0.000000,0.000000,0.000,0.000,AP
2026-04-01 13:28:52,1900-01-00 00:00:00,1032-wombat,B8:27:EB:A2:CD:A4,-78, WPA ,0.000000,0.000000,0.000,0.000,AP
2026-04-01 13:28:52,1900-01-00 00:00:00,1032-wombat,B8:27:EB:A2:CD:A4,-78, WPA ,0.000000,0.000000,0.000,0.000,AP
2026-04-01 13:28:52,1900-01-00 00:00:00,1032-wombat,B8:27:EB:A2:CD:A4,-78, WPA ,0.000000,0.000000,0.000,0.000,AP
2026-04-01 13:28:52,1900-01-00 00:00:00,1032-wombat,B8:27:EB:A2:CD:A4,-78, WPA ,0.000000,0.000000,0.000,0.000,AP
2026-04-01 13:28:52,1900-01-00 00:00:00,1032-wombat,B8:27:EB:A2:CD:A4,-78, WPA ,0.000000,0.000000,0.000,0.000,AP
2026-04-01 13:28:52,1900-01-00 00:00:00,1032-wombat,B8:27:EB:A2:CD:A4,-78, WPA ,0.000000,0.000000,0.000,0.000,AP
2026-04-01 13:28:52,1900-01-00 00:00:00,1032-wombat,B8:27:EB:A2:CD:A4,-78, WPA ,0.000000,0.000000,0.000,0.000,AP
2026-04-01 13:28:52,1900-01-00 00:00:00,1032-wombat,B8:27:EB:A2:CD:A4,-78, WPA ,0.000000,0.000000,0.000,0.000,AP
2026-04-01 13:28:52,1900-01-00 00:00:00,1032-wombat,B8:27:EB:A2:CD:A4,-78, WPA ,0.000000,0.000000,0.000,0.000,AP
2026-04-01 13:28:52,1900-01-00 00:00:00,1032-wombat,B8:27:EB:A2:CD:A4,-78, WPA ,0.000000,0.000000,0.000,0.000,AP
2026-04-01 13:28:52,1900-01-00 00:00:00,1032-wombat,B8:27:EB:A2:CD:A4,-78, WPA ,0.000000,0.000000,0.000,0.000,AP
2026-04-01 13:28:52,1900-01-00 00:00:00,1032-wombat,B8:27:EB:A2:CD:A4,-78, WPA ,0.000000,0.000000,0.000,0.000,AP
2026-04-01 13:28:52,1900-01-00 00:00:00,1032-wombat,B8:27:EB:A2:CD:A4,-78, WPA ,0.000000,0.000000,0.000,0.000,AP
2026-04-01 13:28:52,1900-01-00 00:00:00,1032-wombat,B8:27:EB:A2:CD:A4,-78, WPA ,0.000000,0.000000,0.000,0.000,AP
2026-04-01 13:28:52,1900-01-00 00:00:00,1032-wombat,B8:27:EB:A2:CD:A4,-78, WPA ,0.000000,0.000000,0.000,0.000,AP
2026-04-01 13:28:52,1900-01-00 00:00:00,1032-wombat,B8:27:EB:A2:CD:A4,-78, WPA ,0.000000,0.000000,0.000,0.000,AP
2026-04-01 13:28:52,1900-01-00 00:00:00,1032-wombat,B8:27:EB:A2:CD:A4,-84, WPA ,0.000000,0.000000,0.000,0.000,AP
2026-04-01 13:28:52,1900-01-00 00:00:00,1032-wombat,B8:27:EB:A2:CD:A4,-84, WPA ,0.000000,0.000000,0.000,0.000,AP
2026-04-01 13:28:52,1900-01-00 00:00:00,1032-wombat,B8:27:EB:A2:CD:A4,-64, WPA ,0.000000,0.000000,0.000,0.000,AP
2026-04-01 13:28:52,1900-01-00 00:00:00,1032-wombat,B8:27:EB:A2:CD:A4,-64, WPA ,0.000000,0.000000,0.000,0.000,AP
2026-04-01 13:28:52,1900-01-00 00:00:00,1032-wombat,B8:27:EB:A2:CD:A4,-64, WPA ,0.000000,0.000000,0.000,0.000,AP
2026-04-01 13:28:52,1900-01-00 00:00:00,1032-wombat,B8:27:EB:A2:CD:A4,-78, WPA ,0.000000,0.000000,0.000,0.000,AP
2026-04-01 13:28:52,1900-01-00 00:00:00,1032-wombat,B8:27:EB:A2:CD:A4,-63, WPA ,0.000000,0.000000,0.000,0.000,AP
2026-04-01 13:28:52,1900-01-00 00:00:00,1032-wombat,B8:27:EB:A2:CD:A4,-63, WPA ,0.000000,0.000000,0.000,0.000,AP
2026-04-01 13:28:52,1900-01-00 00:00:00,1032-wombat,B8:27:EB:A2:CD:A4,-63, WPA ,0.000000,0.000000,0.000,0.000,AP
2026-04-01 13:28:52,1900-01-00 00:00:00,1032-wombat,B8:27:EB:A2:CD:A4,-63, WPA ,0.000000,0.000000,0.000,0.000,AP
2026-04-01 13:28:52,1900-01-00 00:00:00,1032-wombat,B8:27:EB:A2:CD:A4,-39, WPA ,0.000000,0.000000,0.000,0.000,AP
2026-04-01 13:28:52,1900-01-00 00:00:00,1032-wombat,B8:27:EB:A2:CD:A4,-39, WPA ,0.000000,0.000000,0.000,0.000,AP
2026-04-01 13:28:52,1900-01-00 00:00:00,1032-wombat,B8:27:EB:A2:CD:A4,-39, WPA ,0.000000,0.000000,0.000,0.000,AP
2026-04-01 13:28:52,1900-01-00 00:00:00,1032-wombat,B8:27:EB:A2:CD:A4,-39, WPA ,0.000000,0.000000,0.000,0.000,AP
2026-04-01 13:28:52,1900-01-00 00:00:00,1032-wombat,B8:27:EB:A2:CD:A4,-39, WPA ,0.000000,0.000000,0.000,0.000,AP
2026-04-01 13:28:52,1900-01-00 00:00:00,1032-wombat,B8:27:EB:A2:CD:A4,-53, WPA ,0.000000,0.000000,0.000,0.000,AP
2026-04-01 13:28:52,1900-01-00 00:00:00,1032-wombat,B8:27:EB:A2:CD:A4,-53, WPA ,0.000000,0.000000,0.000,0.000,AP
2026-04-01 13:28:52,1900-01-00 00:00:00,1032-wombat,B8:27:EB:A2:CD:A4,-84, WPA ,0.000000,0.000000,0.000,0.000,AP
2026-04-01 13:28:52,1900-01-00 00:00:00,1032-wombat,B8:27:EB:A2:CD:A4,-84, WPA ,0.000000,0.000000,0.000,0.000,AP
2026-04-01 13:28:52,1900-01-00 00:00:00,1032-wombat,B8:27:EB:A2:CD:A4,-84, WPA ,0.000000,0.000000,0.000,0.000,AP
2026-04-01 13:28:52,1900-01-00 00:00:00,1032-wombat,B8:27:EB:A2:CD:A4,-84, WPA ,0.000000,0.000000,0.000,0.000,AP
2026-04-01 13:28:52,1900-01-00 00:00:00,1032-wombat,B8:27:EB:A2:CD:A4,-84, WPA ,0.000000,0.000000,0.000,0.000,AP
2026-04-01 13:28:52,1900-01-00 00:00:00,1032-wombat,B8:27:EB:A2:CD:A4,-84, WPA ,0.000000,0.000000,0.000,0.000,AP
2026-04-01 13:28:52,1900-01-00 00:00:00,1032-wombat,B8:27:EB:A2:CD:A4,-53, WPA ,0.000000,0.000000,0.000,0.000,AP
2026-04-01 13:28:52,1900-01-00 00:00:00,1032-wombat,B8:27:EB:A2:CD:A4,-40, WPA ,0.000000,0.000000,0.000,0.000,AP
2026-04-01 13:28:52,1900-01-00 00:00:00,1032-wombat,B8:27:EB:A2:CD:A4,-40, WPA ,0.000000,0.000000,0.000,0.000,AP
2026-04-01 13:28:52,1900-01-00 00:00:00,1032-wombat,B8:27:EB:A2:CD:A4,-40, WPA ,0.000000,0.000000,0.000,0.000,AP
2026-04-01 13:28:52,1900-01-00 00:00:00,1032-wombat,B8:27:EB:A2:CD:A4,-40, WPA ,0.000000,0.000000,0.000,0.000,AP
2026-04-01 13:28:52,1900-01-00 00:00:00,1032-wombat,B8:27:EB:A2:CD:A4,-40, WPA ,0.000000,0.000000,0.000,0.000,AP
2026-04-01 13:28:52,1900-01-00 00:00:00,1032-wombat,B8:27:EB:A2:CD:A4,-40, WPA ,0.000000,0.000000,0.000,0.000,AP
2026-04-01 13:28:52,1900-01-00 00:00:00,1032-wombat,B8:27:EB:A2:CD:A4,-52, WPA ,0.000000,0.000000,0.000,0.000,AP
2026-04-01 13:28:52,1900-01-00 00:00:00,1032-wombat,B8:27:EB:A2:CD:A4,-52, WPA ,0.000000,0.000000,0.000,0.000,AP
2026-04-01 13:28:52,1900-01-00 00:00:00,1032-wombat,B8:27:EB:A2:CD:A4,-52, WPA ,0.000000,0.000000,0.000,0.000,AP
2026-04-01 13:28:52,1900-01-00 00:00:00,1032-wombat,B8:27:EB:A2:CD:A4,-52, WPA ,0.000000,0.000000,0.000,0.000,AP
2026-04-01 13:28:52,1900-01-00 00:00:00,1032-wombat,B8:27:EB:A2:CD:A4,-52, WPA ,0.000000,0.000000,0.000,0.000,AP
2026-04-01 13:28:52,1900-01-00 00:00:00,1032-wombat,B8:27:EB:A2:CD:A4,-52, WPA ,0.000000,0.000000,0.000,0.000,AP
2026-04-01 13:28:52,1900-01-00 00:00:00,1032-wombat,B8:27:EB:A2:CD:A4,-52, WPA ,0.000000,0.000000,0.000,0.000,AP
2026-04-01 13:28:52,1900-01-00 00:00:00,1032-wombat,B8:27:EB:A2:CD:A4,-52, WPA ,0.000000,0.000000,0.000,0.000,AP
2026-04-01 13:28:52,1900-01-00 00:00:00,1032-wombat,B8:27:EB:A2:CD:A4,-52, WPA ,0.000000,0.000000,0.000,0.000,AP
2026-04-01 13:28:52,1900-01-00 00:00:00,1032-wombat,B8:27:EB:A2:CD:A4,-52, WPA ,0.000000,0.000000,0.000,0.000,AP
2026-04-01 13:28:52,1900-01-00 00:00:00,1032-wombat,B8:27:EB:A2:CD:A4,-52, WPA ,0.000000,0.000000,0.000,0.000,AP
2026-04-01 13:28:52,1900-01-00 00:00:00,1032-wombat,B8:27:EB:A2:CD:A4,-52, WPA ,0.000000,0.000000,0.000,0.000,AP
2026-04-01 13:28:52,1900-01-00 00:00:00,1032-wombat,B8:27:EB:A2:CD:A4,-52, WPA ,0.000000,0.000000,0.000,0.000,AP
2026-04-01 13:28:52,1900-01-00 00:00:00,1032-wombat,B8:27:EB:A2:CD:A4,-52, WPA ,0.000000,0.000000,0.000,0.000,AP
2026-04-01 13:28:52,1900-01-00 00:00:00,1032-wombat,B8:27:EB:A2:CD:A4,-52, WPA ,0.000000,0.000000,0.000,0.000,AP
2026-04-01 13:28:52,1900-01-00 00:00:00,1032-wombat,B8:27:EB:A2:CD:A4,-52, WPA ,0.000000,0.000000,0.000,0.000,AP
2026-04-01 13:28:52,1900-01-00 00:00:00,1032-wombat,B8:27:EB:A2:CD:A4,-52, WPA ,0.000000,0.000000,0.000,0.000,AP
2026-04-01 13:28:52,1900-01-00 00:00:00,1032-wombat,B8:27:EB:A2:CD:A4,-52, WPA ,0.000000,0.000000,0.000,0.000,AP
2026-04-01 13:28:52,1900-01-00 00:00:00,1032-wombat,B8:27:EB:A2:CD:A4,-52, WPA ,0.000000,0.000000,0.000,0.000,AP
2026-04-01 13:28:52,1900-01-00 00:00:00,1032-wombat,B8:27:EB:A2:CD:A4,-52, WPA ,0.000000,0.000000,0.000,0.000,AP
2026-04-01 13:28:52,1900-01-00 00:00:00,1032-wombat,B8:27:EB:A2:CD:A4,-52, WPA ,0.000000,0.000000,0.000,0.000,AP
2026-04-01 13:28:52,1900-01-00 00:00:00,1032-wombat,B8:27:EB:A2:CD:A4,-52, WPA ,0.000000,0.000000,0.000,0.000,AP
2026-04-01 13:28:52,1900-01-00 00:00:00,1032-wombat,B8:27:EB:A2:CD:A4,-52, WPA ,0.000000,0.000000,0.000,0.000,AP
2026-04-01 13:28:52,1900-01-00 00:00:00,1032-wombat,B8:27:EB:A2:CD:A4,-52, WPA ,0.000000,0.000000,0.000,0.000,AP
2026-04-01 13:28:52,1900-01-00 00:00:00,1032-wombat,B8:27:EB:A2:CD:A4,-52, WPA ,0.000000,0.000000,0.000,0.000,AP
2026-04-01 13:28:52,1900-01-00 00:00:00,1032-wombat,B8:27:EB:A2:CD:A4,-52, WPA ,0.000000,0.000000,0.000,0.000,AP
2026-04-01 13:28:52,1900-01-00 00:00:00,1032-wombat,B8:27:EB:A2:CD:A4,-52, WPA ,0.000000,0.000000,0.000,0.000,AP
2026-04-01 13:28:52,1900-01-00 00:00:00,1032-wombat,B8:27:EB:A2:CD:A4,-52, WPA ,0.000000,0.000000,0.000,0.000,AP
2026-04-01 13:28:52,1900-01-00 00:00:00,1032-wombat,B8:27:EB:A2:CD:A4,-52, WPA ,0.000000,0.000000,0.000,0.000,AP
2026-04-01 13:28:52,1900-01-00 00:00:00,1032-wombat,B8:27:EB:A2:CD:A4,-52, WPA ,0.000000,0.000000,0.000,0.000,AP
2026-04-01 13:28:52,1900-01-00 00:00:00,1032-wombat,B8:27:EB:A2:CD:A4,-52, WPA ,0.000000,0.000000,0.000,0.000,AP
2026-04-01 13:28:52,1900-01-00 00:00:00,1032-wombat,B8:27:EB:A2:CD:A4,-52, WPA ,0.000000,0.000000,0.000,0.000,AP
2026-04-01 13:28:52,1900-01-00 00:00:00,1032-wombat,B8:27:EB:A2:CD:A4,-52, WPA ,0.000000,0.000000,0.000,0.000,AP
2026-04-01 13:28:52,1900-01-00 00:00:00,1032-wombat,B8:27:EB:A2:CD:A4,-52, WPA ,0.000000,0.000000,0.000,0.000,AP
2026-04-01 13:28:52,1900-01-00 00:00:00,1032-wombat,B8:27:EB:A2:CD:A4,-52, WPA ,0.000000,0.000000,0.000,0.000,AP
2026-04-01 13:28:52,1900-01-00 00:00:00,1032-wombat,B8:27:EB:A2:CD:A4,-52, WPA ,0.000000,0.000000,0.000,0.000,AP
2026-04-01 13:28:52,1900-01-00 00:00:00,1032-wombat,B8:27:EB:A2:CD:A4,-52, WPA ,0.000000,0.000000,0.000,0.000,AP
2026-04-01 13:28:52,1900-01-00 00:00:00,1032-wombat,B8:27:EB:A2:CD:A4,-52, WPA ,0.000000,0.000000,0.000,0.000,AP
2026-04-01 13:28:52,1900-01-00 00:00:00,1032-wombat,B8:27:EB:A2:CD:A4,-52, WPA ,0.000000,0.000000,0.000,0.000,AP
2026-04-01 13:28:52,1900-01-00 00:00:00,1032-wombat,B8:27:EB:A2:CD:A4,-52, WPA ,0.000000,0.000000,0.000,0.000,AP
2026-04-01 13:28:52,1900-01-00 00:00:00,1032-wombat,B8:27:EB:A2:CD:A4,-52, WPA ,0.000000,0.000000,0.000,0.000,AP
2026-04-01 13:28:52,1900-01-00 00:00:00,1032-wombat,B8:27:EB:A2:CD:A4,-52, WPA ,0.000000,0.000000,0.000,0.000,AP
2026-04-01 13:28:52,1900-01-00 00:00:00,1032-wombat,B8:27:EB:A2:CD:A4,-52, WPA ,0.000000,0.000000,0.000,0.000,AP
2026-04-01 13:28:52,1900-01-00 00:00:00,1032-wombat,B8:27:EB:A2:CD:A4,-52, WPA ,0.000000,0.000000,0.000,0.000,AP
2026-04-01 13:28:52,1900-01-00 00:00:00,1032-wombat,B8:27:EB:A2:CD:A4,-52, WPA ,0.000000,0.000000,0.000,0.000,AP
2026-04-01 13:28:52,1900-01-00 00:00:00,1032-wombat,B8:27:EB:A2:CD:A4,-52, WPA ,0.000000,0.000000,0.000,0.000,AP
2026-04-01 13:28:52,1900-01-00 00:00:00,1032-wombat,B8:27:EB:A2:CD:A4,-52, WPA ,0.000000,0.000000,0.000,0.000,AP
2026-04-01 13:28:52,1900-01-00 00:00:00,1032-wombat,B8:27:EB:A2:CD:A4,-52, WPA ,0.000000,0.000000,0.000,0.000,AP
2026-04-01 13:28:52,1900-01-00 00:00:00,1032-wombat,B8:27:EB:A2:CD:A4,-52, WPA ,0.000000,0.000000,0.000,0.000,AP
2026-04-01 13:28:52,1900-01-00 00:00:00,1032-wombat,B8:27:EB:A2:CD:A4,-52, WPA ,0.000000,0.000000,0.000,0.000,AP
2026-04-01 13:28:52,1900-01-00 00:00:00,1032-wombat,B8:27:EB:A2:CD:A4,-62, WPA ,0.000000,0.000000,0.000,0.000,AP
2026-04-01 13:28:52,1900-01-00 00:00:00,1032-wombat,B8:27:EB:A2:CD:A4,-62, WPA ,0.000000,0.000000,0.000,0.000,AP
2026-04-01 13:28:52,1900-01-00 00:00:00,1032-wombat,B8:27:EB:A2:CD:A4,-78, WPA ,0.000000,0.000000,0.000,0.000,AP
2026-04-01 13:28:52,1900-01-00 00:00:00,1032-wombat,B8:27:EB:A2:CD:A4,-78, WPA ,0.000000,0.000000,0.000,0.000,AP
2026-04-01 13:28:52,1900-01-00 00:00:00,1032-wombat,B8:27:EB:A2:CD:A4,-78, WPA ,0.000000,0.000000,0.000,0.000,AP
2026-04-01 13:28:52,1900-01-00 00:00:00,1032-wombat,B8:27:EB:A2:CD:A4,-78, WPA ,0.000000,0.000000,0.000,0.000,AP
2026-04-01 13:28:52,1900-01-00 00:00:00,1032-wombat,B8:27:EB:A2:CD:A4,-78, WPA ,0.000000,0.000000,0.000,0.000,AP
2026-04-01 13:28:52,1900-01-00 00:00:00,1032-wombat,B8:27:EB:A2:CD:A4,-78, WPA ,0.000000,0.000000,0.000,0.000,AP
2026-04-01 13:28:52,1900-01-00 00:00:00,1032-wombat,B8:27:EB:A2:CD:A4,-78, WPA ,0.000000,0.000000,0.000,0.000,AP
2026-04-01 13:28:52,1900-01-00 00:00:00,1032-wombat,B8:27:EB:A2:CD:A4,-78, WPA ,0.000000,0.000000,0.000,0.000,AP
2026-04-01 13:28:52,1900-01-00 00:00:00,1032-wombat,B8:27:EB:A2:CD:A4,-51, WPA ,0.000000,0.000000,0.000,0.000,AP
2026-04-01 13:28:52,1900-01-00 00:00:00,1032-wombat,B8:27:EB:A2:CD:A4,-51, WPA ,0.000000,0.000000,0.000,0.000,AP
2026-04-01 13:28:52,1900-01-00 00:00:00,1032-wombat,B8:27:EB:A2:CD:A4,-51, WPA ,0.000000,0.000000,0.000,0.000,AP
2026-04-01 13:28:52,1900-01-00 00:00:00,1032-wombat,B8:27:EB:A2:CD:A4,-50, WPA ,0.000000,0.000000,0.000,0.000,AP
2026-04-01 13:28:52,1900-01-00 00:00:00,1032-wombat,B8:27:EB:A2:CD:A4,-50, WPA ,0.000000,0.000000,0.000,0.000,AP
2026-04-01 13:28:52,1900-01-00 00:00:00,1032-wombat,B8:27:EB:A2:CD:A4,-50, WPA ,0.000000,0.000000,0.000,0.000,AP
2026-04-01 13:28:52,1900-01-00 00:00:00,1032-wombat,B8:27:EB:A2:CD:A4,-50, WPA ,0.000000,0.000000,0.000,0.000,AP
2026-04-01 13:28:52,1900-01-00 00:00:00,1032-wombat,B8:27:EB:A2:CD:A4,-50, WPA ,0.000000,0.000000,0.000,0.000,AP
2026-04-01 13:28:52,1900-01-00 00:00:00,1032-wombat,B8:27:EB:A2:CD:A4,-50, WPA ,0.000000,0.000000,0.000,0.000,AP
2026-04-01 13:28:52,1900-01-00 00:00:00,1032-wombat,B8:27:EB:A2:CD:A4,-50, WPA ,0.000000,0.000000,0.000,0.000,AP
2026-04-01 13:28:52,1900-01-00 00:00:00,1032-wombat,B8:27:EB:A2:CD:A4,-50, WPA ,0.000000,0.000000,0.000,0.000,AP
2026-04-01 13:28:52,1900-01-00 00:00:00,1032-wombat,B8:27:EB:A2:CD:A4,-50, WPA ,0.000000,0.000000,0.000,0.000,AP
2026-04-01 13:28:52,1900-01-00 00:00:00,1032-wombat,B8:27:EB:A2:CD:A4,-50, WPA ,0.000000,0.000000,0.000,0.000,AP
2026-04-01 13:28:52,1900-01-00 00:00:00,1032-wombat,B8:27:EB:A2:CD:A4,-50, WPA ,0.000000,0.000000,0.000,0.000,AP
2026-04-01 13:28:52,1900-01-00 00:00:00,1032-wombat,B8:27:EB:A2:CD:A4,-50, WPA ,0.000000,0.000000,0.000,0.000,AP
2026-04-01 13:28:52,1900-01-00 00:00:00,1032-wombat,B8:27:EB:A2:CD:A4,-50, WPA ,0.000000,0.000000,0.000,0.000,AP
2026-04-01 13:28:52,1900-01-00 00:00:00,1032-wombat,B8:27:EB:A2:CD:A4,-50, WPA ,0.000000,0.000000,0.000,0.000,AP
2026-04-01 13:28:52,1900-01-00 00:00:00,1032-wombat,B8:27:EB:A2:CD:A4,-50, WPA ,0.000000,0.000000,0.000,0.000,AP
2026-04-01 13:28:52,1900-01-00 00:00:00,1032-wombat,B8:27:EB:A2:CD:A4,-50, WPA ,0.000000,0.000000,0.000,0.000,AP
2026-04-01 13:28:52,1900-01-00 00:00:00,1032-wombat,B8:27:EB:A2:CD:A4,-50, WPA ,0.000000,0.000000,0.000,0.000,AP
2026-04-01 13:28:52,1900-01-00 00:00:00,1032-wombat,B8:27:EB:A2:CD:A4,-50, WPA ,0.000000,0.000000,0.000,0.000,AP
2026-04-01 13:28:52,1900-01-00 00:00:00,1032-wombat,B8:27:EB:A2:CD:A4,-50, WPA ,0.000000,0.000000,0.000,0.000,AP
2026-04-01 13:28:52,1900-01-00 00:00:00,1032-wombat,B8:27:EB:A2:CD:A4,-50, WPA ,0.000000,0.000000,0.000,0.000,AP
2026-04-01 13:28:52,1900-01-00 00:00:00,1032-wombat,B8:27:EB:A2:CD:A4,-50, WPA ,0.000000,0.000000,0.000,0.000,AP
2026-04-01 13:28:52,1900-01-00 00:00:00,1032-wombat,B8:27:EB:A2:CD:A4,-84, WPA ,0.000000,0.000000,0.000,0.000,AP
2026-04-01 13:28:52,1900-01-00 00:00:00,1032-wombat,B8:27:EB:A2:CD:A4,-84, WPA ,0.000000,0.000000,0.000,0.000,AP
2026-04-01 13:28:52,1900-01-00 00:00:00,1032-wombat,B8:27:EB:A2:CD:A4,-84, WPA ,0.000000,0.000000,0.000,0.000,AP
2026-04-01 13:28:52,1900-01-00 00:00:00,1032-wombat,B8:27:EB:A2:CD:A4,-52, WPA ,0.000000,0.000000,0.000,0.000,AP
2026-04-01 13:28:52,1900-01-00 00:00:00,1032-wombat,B8:27:EB:A2:CD:A4,-52, WPA ,0.000000,0.000000,0.000,0.000,AP
2026-04-01 13:28:52,1900-01-00 00:00:00,1032-wombat,B8:27:EB:A2:CD:A4,-52, WPA ,0.000000,0.000000,0.000,0.000,AP
2026-04-01 13:28:52,1900-01-00 00:00:00,1032-wombat,B8:27:EB:A2:CD:A4,-52, WPA ,0.000000,0.000000,0.000,0.000,AP
2026-04-01 13:28:52,1900-01-00 00:00:00,1032-wombat,B8:27:EB:A2:CD:A4,-52, WPA ,0.000000,0.000000,0.000,0.000,AP
2026-04-01 13:28:52,1900-01-00 00:00:00,1032-wombat,B8:27:EB:A2:CD:A4,-52, WPA ,0.000000,0.000000,0.000,0.000,AP
2026-04-01 13:28:52,1900-01-00 00:00:00,1032-wombat,B8:27:EB:A2:CD:A4,-52, WPA ,0.000000,0.000000,0.000,0.000,AP
2026-04-01 13:28:52,1900-01-00 00:00:00,1032-wombat,B8:27:EB:A2:CD:A4,-52, WPA ,0.000000,0.000000,0.000,0.000,AP
2026-04-01 13:28:52,1900-01-00 00:00:00,1032-wombat,B8:27:EB:A2:CD:A4,-52, WPA ,0.000000,0.000000,0.000,0.000,AP
2026-04-01 13:28:52,1900-01-00 00:00:00,1032-wombat,B8:27:EB:A2:CD:A4,-52, WPA ,0.000000,0.000000,0.000,0.000,AP
2026-04-01 13:28:52,1900-01-00 00:00:00,1032-wombat,B8:27:EB:A2:CD:A4,-52, WPA ,0.000000,0.000000,0.000,0.000,AP
2026-04-01 13:28:52,1900-01-00 00:00:00,1032-wombat,B8:27:EB:A2:CD:A4,-52, WPA ,0.000000,0.000000,0.000,0.000,AP
2026-04-01 13:28:52,1900-01-00 00:00:00,1032-wombat,B8:27:EB:A2:CD:A4,-52, WPA ,0.000000,0.000000,0.000,0.000,AP
2026-04-01 13:28:52,1900-01-00 00:00:00,1032-wombat,B8:27:EB:A2:CD:A4,-52, WPA ,0.000000,0.000000,0.000,0.000,AP
2026-04-01 13:28:52,1900-01-00 00:00:00,1032-wombat,B8:27:EB:A2:CD:A4,-52, WPA ,0.000000,0.000000,0.000,0.000,AP
2026-04-01 13:28:52,1900-01-00 00:00:00,1032-wombat,B8:27:EB:A2:CD:A4,-52, WPA ,0.000000,0.000000,0.000,0.000,AP
2026-04-01 13:28:52,1900-01-00 00:00:00,1032-wombat,B8:27:EB:A2:CD:A4,-53, WPA ,0.000000,0.000000,0.000,0.000,AP
2026-04-01 13:28:52,1900-01-00 00:00:00,1032-wombat,B8:27:EB:A2:CD:A4,-53, WPA ,0.000000,0.000000,0.000,0.000,AP
2026-04-01 13:28:52,1900-01-00 00:00:00,1032-wombat,B8:27:EB:A2:CD:A4,-53, WPA ,0.000000,0.000000,0.000,0.000,AP
2026-04-01 13:28:52,1900-01-00 00:00:00,1032-wombat,B8:27:EB:A2:CD:A4,-53, WPA ,0.000000,0.000000,0.000,0.000,AP
2026-04-01 13:28:52,1900-01-00 00:00:00,1032-wombat,B8:27:EB:A2:CD:A4,-53, WPA ,0.000000,0.000000,0.000,0.000,AP
2026-04-01 13:28:52,1900-01-00 00:00:00,1032-wombat,B8:27:EB:A2:CD:A4,-53, WPA ,0.000000,0.000000,0.000,0.000,AP
2026-04-01 13:28:52,1900-01-00 00:00:00,1032-wombat,B8:27:EB:A2:CD:A4,-53, WPA ,0.000000,0.000000,0.000,0.000,AP
2026-04-01 13:28:52,1900-01-00 00:00:00,1032-wombat,B8:27:EB:A2:CD:A4,-53, WPA ,0.000000,0.000000,0.000,0.000,AP
2026-04-01 13:28:52,1900-01-00 00:00:00,1032-wombat,B8:27:EB:A2:CD:A4,-53, WPA ,0.000000,0.000000,0.000,0.000,AP
2026-04-01 13:28:52,1900-01-00 00:00:00,1032-wombat,B8:27:EB:A2:CD:A4,-53, WPA ,0.000000,0.000000,0.000,0.000,AP
2026-04-01 13:28:52,1900-01-00 00:00:00,1032-wombat,B8:27:EB:A2:CD:A4,-53, WPA ,0.000000,0.000000,0.000,0.000,AP
2026-04-01 13:28:52,1900-01-00 00:00:00,1032-wombat,B8:27:EB:A2:CD:A4,-53, WPA ,0.000000,0.000000,0.000,0.000,AP
2026-04-01 13:28:52,1900-01-00 00:00:00,1032-wombat,B8:27:EB:A2:CD:A4,-53, WPA ,0.000000,0.000000,0.000,0.000,AP
2026-04-01 13:28:52,1900-01-00 00:00:00,1032-wombat,B8:27:EB:A2:CD:A4,-53, WPA ,0.000000,0.000000,0.000,0.000,AP
2026-04-01 13:28:52,1900-01-00 00:00:00,1032-wombat,B8:27:EB:A2:CD:A4,-53, WPA ,0.000000,0.000000,0.000,0.000,AP
2026-04-01 13:28:52,1900-01-00 00:00:00,1032-wombat,B8:27:EB:A2:CD:A4,-53, WPA ,0.000000,0.000000,0.000,0.000,AP
2026-04-01 13:28:52,1900-01-00 00:00:00,1032-wombat,B8:27:EB:A2:CD:A4,-53, WPA ,0.000000,0.000000,0.000,0.000,AP
2026-04-01 13:28:52,1900-01-00 00:00:00,1032-wombat,B8:27:EB:A2:CD:A4,-53, WPA ,0.000000,0.000000,0.000,0.000,AP
2026-04-01 13:28:52,1900-01-00 00:00:00,1032-wombat,B8:27:EB:A2:CD:A4,-53, WPA ,0.000000,0.000000,0.000,0.000,AP
2026-04-01 13:28:52,1900-01-00 00:00:00,1032-wombat,B8:27:EB:A2:CD:A4,-53, WPA ,0.000000,0.000000,0.000,0.000,AP
2026-04-01 13:28:52,1900-01-00 00:00:00,1032-wombat,B8:27:EB:A2:CD:A4,-53, WPA ,0.000000,0.000000,0.000,0.000,AP
2026-04-01 13:28:52,1900-01-00 00:00:00,1032-wombat,B8:27:EB:A2:CD:A4,-53, WPA ,0.000000,0.000000,0.000,0.000,AP
2026-04-01 13:28:52,1900-01-00 00:00:00,1032-wombat,B8:27:EB:A2:CD:A4,-53, WPA ,0.000000,0.000000,0.000,0.000,AP
2026-04-01 13:28:52,1900-01-00 00:00:00,1032-wombat,B8:27:EB:A2:CD:A4,-53, WPA ,0.000000,0.000000,0.000,0.000,AP
2026-04-01 13:28:52,1900-01-00 00:00:00,1032-wombat,B8:27:EB:A2:CD:A4,-53, WPA ,0.000000,0.000000,0.000,0.000,AP
2026-04-01 13:28:52,1900-01-00 00:00:00,1032-wombat,B8:27:EB:A2:CD:A4,-53, WPA ,0.000000,0.000000,0.000,0.000,AP
2026-04-01 13:28:52,1900-01-00 00:00:00,1032-wombat,B8:27:EB:A2:CD:A4,-53, WPA ,0.000000,0.000000,0.000,0.000,AP
2026-04-01 13:28:52,1900-01-00 00:00:00,1032-wombat,B8:27:EB:A2:CD:A4,-53, WPA ,0.000000,0.000000,0.000,0.000,AP
2026-04-01 13:28:52,1900-01-00 00:00:00,1032-wombat,B8:27:EB:A2:CD:A4,-53, WPA ,0.000000,0.000000,0.000,0.000,AP
2026-04-01 13:28:52,1900-01-00 00:00:00,1032-wombat,B8:27:EB:A2:CD:A4,-53, WPA ,0.000000,0.000000,0.000,0.000,AP
2026-04-01 13:28:52,1900-01-00 00:00:00,1032-wombat,B8:27:EB:A2:CD:A4,-53, WPA ,0.000000,0.000000,0.000,0.000,AP
2026-04-01 13:28:52,1900-01-00 00:00:00,1032-wombat,B8:27:EB:A2:CD:A4,-53, WPA ,0.000000,0.000000,0.000,0.000,AP
2026-04-01 13:28:52,1900-01-00 00:00:00,1032-wombat,B8:27:EB:A2:CD:A4,-53, WPA ,0.000000,0.000000,0.000,0.000,AP
2026-04-01 13:28:52,1900-01-00 00:00:00,1032-wombat,B8:27:EB:A2:CD:A4,-53, WPA ,0.000000,0.000000,0.000,0.000,AP
2026-04-01 13:28:52,1900-01-00 00:00:00,1032-wombat,B8:27:EB:A2:CD:A4,-53, WPA ,0.000000,0.000000,0.000,0.000,AP
2026-04-01 13:28:52,1900-01-00 00:00:00,1032-wombat,B8:27:EB:A2:CD:A4,-53, WPA ,0.000000,0.000000,0.000,0.000,AP
2026-04-01 13:28:52,1900-01-00 00:00:00,1032-wombat,B8:27:EB:A2:CD:A4,-53, WPA ,0.000000,0.000000,0.000,0.000,AP
2026-04-01 13:28:52,1900-01-00 00:00:00,1032-wombat,B8:27:EB:A2:CD:A4,-53, WPA ,0.000000,0.000000,0.000,0.000,AP
2026-04-01 13:28:52,1900-01-00 00:00:00,1032-wombat,B8:27:EB:A2:CD:A4,-53, WPA ,0.000000,0.000000,0.000,0.000,AP
2026-04-01 13:28:52,1900-01-00 00:00:00,1032-wombat,B8:27:EB:A2:CD:A4,-53, WPA ,0.000000,0.000000,0.000,0.000,AP
2026-04-01 13:28:52,1900-01-00 00:00:00,1032-wombat,B8:27:EB:A2:CD:A4,-53, WPA ,0.000000,0.000000,0.000,0.000,AP
2026-04-01 13:28:52,1900-01-00 00:00:00,1032-wombat,B8:27:EB:A2:CD:A4,-53, WPA ,0.000000,0.000000,0.000,0.000,AP
2026-04-01 13:28:52,1900-01-00 00:00:00,1032-wombat,B8:27:EB:A2:CD:A4,-53, WPA ,0.000000,0.000000,0.000,0.000,AP
2026-04-01 13:28:52,1900-01-00 00:00:00,1032-wombat,B8:27:EB:A2:CD:A4,-53, WPA ,0.000000,0.000000,0.000,0.000,AP
2026-04-01 13:28:52,1900-01-00 00:00:00,1032-wombat,B8:27:EB:A2:CD:A4,-53, WPA ,0.000000,0.000000,0.000,0.000,AP
2026-04-01 13:28:52,1900-01-00 00:00:00,1032-wombat,B8:27:EB:A2:CD:A4,-53, WPA ,0.000000,0.000000,0.000,0.000,AP
2026-04-01 13:28:52,1900-01-00 00:00:00,1032-wombat,B8:27:EB:A2:CD:A4,-53, WPA ,0.000000,0.000000,0.000,0.000,AP
2026-04-01 13:28:52,1900-01-00 00:00:00,1032-wombat,B8:27:EB:A2:CD:A4,-53, WPA ,0.000000,0.000000,0.000,0.000,AP
2026-04-01 13:28:52,1900-01-00 00:00:00,1032-wombat,B8:27:EB:A2:CD:A4,-53, WPA ,0.000000,0.000000,0.000,0.000,AP
2026-04-01 13:28:52,1900-01-00 00:00:00,1032-wombat,B8:27:EB:A2:CD:A4,-53, WPA ,0.000000,0.000000,0.000,0.000,AP
2026-04-01 13:28:52,1900-01-00 00:00:00,1032-wombat,B8:27:EB:A2:CD:A4,-63, WPA ,0.000000,0.000000,0.000,0.000,AP
2026-04-01 13:28:52,1900-01-00 00:00:00,1032-wombat,B8:27:EB:A2:CD:A4,-77, WPA ,0.000000,0.000000,0.000,0.000,AP
2026-04-01 13:28:52,1900-01-00 00:00:00,1032-wombat,B8:27:EB:A2:CD:A4,-77, WPA ,0.000000,0.000000,0.000,0.000,AP
2026-04-01 13:28:52,1900-01-00 00:00:00,1032-wombat,B8:27:EB:A2:CD:A4,-77, WPA ,0.000000,0.000000,0.000,0.000,AP
2026-04-01 13:28:52,1900-01-00 00:00:00,1032-wombat,B8:27:EB:A2:CD:A4,-77, WPA ,0.000000,0.000000,0.000,0.000,AP
2026-04-01 13:28:52,1900-01-00 00:00:00,1032-wombat,B8:27:EB:A2:CD:A4,-77, WPA ,0.000000,0.000000,0.000,0.000,AP
2026-04-01 13:28:52,1900-01-00 00:00:00,1032-wombat,B8:27:EB:A2:CD:A4,-77, WPA ,0.000000,0.000000,0.000,0.000,AP
2026-04-01 13:28:52,1900-01-00 00:00:00,1032-wombat,B8:27:EB:A2:CD:A4,-77, WPA ,0.000000,0.000000,0.000,0.000,AP
2026-04-01 13:28:52,1900-01-00 00:00:00,1032-wombat,B8:27:EB:A2:CD:A4,-77, WPA ,0.000000,0.000000,0.000,0.000,AP
2026-04-01 13:28:52,1900-01-00 00:00:00,1032-wombat,B8:27:EB:A2:CD:A4,-77, WPA ,0.000000,0.000000,0.000,0.000,AP
2026-04-01 13:28:52,1900-01-00 00:00:00,1032-wombat,B8:27:EB:A2:CD:A4,-77, WPA ,0.000000,0.000000,0.000,0.000,AP
2026-04-01 13:28:52,1900-01-00 00:00:00,1032-wombat,B8:27:EB:A2:CD:A4,-77, WPA ,0.000000,0.000000,0.000,0.000,AP
2026-04-01 13:28:52,1900-01-00 00:00:00,1032-wombat,B8:27:EB:A2:CD:A4,-77, WPA ,0.000000,0.000000,0.000,0.000,AP
2026-04-01 13:28:52,1900-01-00 00:00:00,1032-wombat,B8:27:EB:A2:CD:A4,-77, WPA ,0.000000,0.000000,0.000,0.000,AP
2026-04-01 13:28:52,1900-01-00 00:00:00,1032-wombat,B8:27:EB:A2:CD:A4,-77, WPA ,0.000000,0.000000,0.000,0.000,AP
2026-04-01 13:28:52,1900-01-00 00:00:00,1032-wombat,B8:27:EB:A2:CD:A4,-77, WPA ,0.000000,0.000000,0.000,0.000,AP
2026-04-01 13:28:52,1900-01-00 00:00:00,1032-wombat,B8:27:EB:A2:CD:A4,-77, WPA ,0.000000,0.000000,0.000,0.000,AP
2026-04-01 13:28:52,1900-01-00 00:00:00,1032-wombat,B8:27:EB:A2:CD:A4,-77, WPA ,0.000000,0.000000,0.000,0.000,AP
2026-04-01 13:28:52,1900-01-00 00:00:00,1032-wombat,B8:27:EB:A2:CD:A4,-77, WPA ,0.000000,0.000000,0.000,0.000,AP
2026-04-01 13:28:52,1900-01-00 00:00:00,1032-wombat,B8:27:EB:A2:CD:A4,-77, WPA ,0.000000,0.000000,0.000,0.000,AP
2026-04-01 13:28:52,1900-01-00 00:00:00,1032-wombat,B8:27:EB:A2:CD:A4,-77, WPA ,0.000000,0.000000,0.000,0.000,AP
2026-04-01 13:28:52,1900-01-00 00:00:00,1032-wombat,B8:27:EB:A2:CD:A4,-77, WPA ,0.000000,0.000000,0.000,0.000,AP
2026-04-01 13:28:52,1900-01-00 00:00:00,1032-wombat,B8:27:EB:A2:CD:A4,-77, WPA ,0.000000,0.000000,0.000,0.000,AP
2026-04-01 13:28:52,1900-01-00 00:00:00,1032-wombat,B8:27:EB:A2:CD:A4,-77, WPA ,0.000000,0.000000,0.000,0.000,AP
2026-04-01 13:28:52,1900-01-00 00:00:00,1032-wombat,B8:27:EB:A2:CD:A4,-77, WPA ,0.000000,0.000000,0.000,0.000,AP
2026-04-01 13:28:52,1900-01-00 00:00:00,1032-wombat,B8:27:EB:A2:CD:A4,-77, WPA ,0.000000,0.000000,0.000,0.000,AP
2026-04-01 13:28:52,1900-01-00 00:00:00,1032-wombat,B8:27:EB:A2:CD:A4,-77, WPA ,0.000000,0.000000,0.000,0.000,AP
2026-04-01 13:28:52,1900-01-00 00:00:00,1032-wombat,B8:27:EB:A2:CD:A4,-77, WPA ,0.000000,0.000000,0.000,0.000,AP
2026-04-01 13:28:52,1900-01-00 00:00:00,1032-wombat,B8:27:EB:A2:CD:A4,-77, WPA ,0.000000,0.000000,0.000,0.000,AP
2026-04-01 13:28:52,1900-01-00 00:00:00,1032-wombat,B8:27:EB:A2:CD:A4,-77, WPA ,0.000000,0.000000,0.000,0.000,AP
2026-04-01 13:28:52,1900-01-00 00:00:00,1032-wombat,B8:27:EB:A2:CD:A4,-77, WPA ,0.000000,0.000000,0.000,0.000,AP
2026-04-01 13:28:52,1900-01-00 00:00:00,1032-wombat,B8:27:EB:A2:CD:A4,-77, WPA ,0.000000,0.000000,0.000,0.000,AP
2026-04-01 13:28:52,1900-01-00 00:00:00,1032-wombat,B8:27:EB:A2:CD:A4,-48, WPA ,0.000000,0.000000,0.000,0.000,AP
2026-04-01 13:28:52,1900-01-00 00:00:00,1032-wombat,B8:27:EB:A2:CD:A4,-53, WPA ,0.000000,0.000000,0.000,0.000,AP
2026-04-01 13:28:52,1900-01-00 00:00:00,1032-wombat,B8:27:EB:A2:CD:A4,-79, WPA ,0.000000,0.000000,0.000,0.000,AP
2026-04-01 13:28:52,1900-01-00 00:00:00,1032-wombat,B8:27:EB:A2:CD:A4,-79, WPA ,0.000000,0.000000,0.000,0.000,AP
2026-04-01 13:28:52,1900-01-00 00:00:00,1032-wombat,B8:27:EB:A2:CD:A4,-79, WPA ,0.000000,0.000000,0.000,0.000,AP
2026-04-01 13:28:52,1900-01-00 00:00:00,1032-wombat,B8:27:EB:A2:CD:A4,-79, WPA ,0.000000,0.000000,0.000,0.000,AP
2026-04-01 13:28:52,1900-01-00 00:00:00,1032-wombat,B8:27:EB:A2:CD:A4,-79, WPA ,0.000000,0.000000,0.000,0.000,AP
2026-04-01 13:28:52,1900-01-00 00:00:00,1032-wombat,B8:27:EB:A2:CD:A4,-79, WPA ,0.000000,0.000000,0.000,0.000,AP
2026-04-01 13:28:52,1900-01-00 00:00:00,1032-wombat,B8:27:EB:A2:CD:A4,-79, WPA ,0.000000,0.000000,0.000,0.000,AP
2026-04-01 13:28:52,1900-01-00 00:00:00,1032-wombat,B8:27:EB:A2:CD:A4,-79, WPA ,0.000000,0.000000,0.000,0.000,AP
2026-04-01 13:28:52,1900-01-00 00:00:00,1032-wombat,B8:27:EB:A2:CD:A4,-79, WPA ,0.000000,0.000000,0.000,0.000,AP
2026-04-01 13:28:52,1900-01-00 00:00:00,1032-wombat,B8:27:EB:A2:CD:A4,-52, WPA ,0.000000,0.000000,0.000,0.000,AP
2026-04-01 13:28:52,1900-01-00 00:00:00,1032-wombat,B8:27:EB:A2:CD:A4,-52, WPA ,0.000000,0.000000,0.000,0.000,AP
2026-04-01 13:28:52,1900-01-00 00:00:00,1032-wombat,B8:27:EB:A2:CD:A4,-52, WPA ,0.000000,0.000000,0.000,0.000,AP
2026-04-01 13:28:52,1900-01-00 00:00:00,1032-wombat,B8:27:EB:A2:CD:A4,-52, WPA ,0.000000,0.000000,0.000,0.000,AP
2026-04-01 13:28:52,1900-01-00 00:00:00,1032-wombat,B8:27:EB:A2:CD:A4,-52, WPA ,0.000000,0.000000,0.000,0.000,AP
2026-04-01 13:28:52,1900-01-00 00:00:00,1032-wombat,B8:27:EB:A2:CD:A4,-52, WPA ,0.000000,0.000000,0.000,0.000,AP
2026-04-01 13:28:52,1900-01-00 00:00:00,1032-wombat,B8:27:EB:A2:CD:A4,-63, WPA ,0.000000,0.000000,0.000,0.000,AP
2026-04-01 13:28:52,1900-01-00 00:00:00,1032-wombat,B8:27:EB:A2:CD:A4,-63, WPA ,0.000000,0.000000,0.000,0.000,AP
2026-04-01 13:28:52,1900-01-00 00:00:00,1032-wombat,B8:27:EB:A2:CD:A4,-63, WPA ,0.000000,0.000000,0.000,0.000,AP
2026-04-01 13:28:52,1900-01-00 00:00:00,1032-wombat,B8:27:EB:A2:CD:A4,-63, WPA ,0.000000,0.000000,0.000,0.000,AP
2026-04-01 13:28:52,1900-01-00 00:00:00,1032-wombat,B8:27:EB:A2:CD:A4,-63, WPA ,0.000000,0.000000,0.000,0.000,AP
2026-04-01 13:28:52,1900-01-00 00:00:00,1032-wombat,B8:27:EB:A2:CD:A4,-63, WPA ,0.000000,0.000000,0.000,0.000,AP
2026-04-01 13:28:52,1900-01-00 00:00:00,1032-wombat,B8:27:EB:A2:CD:A4,-63, WPA ,0.000000,0.000000,0.000,0.000,AP
2026-04-01 13:28:52,1900-01-00 00:00:00,1032-wombat,B8:27:EB:A2:CD:A4,-63, WPA ,0.000000,0.000000,0.000,0.000,AP
2026-04-01 13:28:52,1900-01-00 00:00:00,1032-wombat,B8:27:EB:A2:CD:A4,-63, WPA ,0.000000,0.000000,0.000,0.000,AP
2026-04-01 13:28:52,1900-01-00 00:00:00,1032-wombat,B8:27:EB:A2:CD:A4,-63, WPA ,0.000000,0.000000,0.000,0.000,AP
2026-04-01 13:28:52,1900-01-00 00:00:00,1032-wombat,B8:27:EB:A2:CD:A4,-63, WPA ,0.000000,0.000000,0.000,0.000,AP
2026-04-01 13:28:52,1900-01-00 00:00:00,1032-wombat,B8:27:EB:A2:CD:A4,-63, WPA ,0.000000,0.000000,0.000,0.000,AP
2026-04-01 13:28:52,1900-01-00 00:00:00,1032-wombat,B8:27:EB:A2:CD:A4,-63, WPA ,0.000000,0.000000,0.000,0.000,AP
2026-04-01 13:28:52,1900-01-00 00:00:00,1032-wombat,B8:27:EB:A2:CD:A4,-63, WPA ,0.000000,0.000000,0.000,0.000,AP
2026-04-01 13:28:52,1900-01-00 00:00:00,1032-wombat,B8:27:EB:A2:CD:A4,-63, WPA ,0.000000,0.000000,0.000,0.000,AP
2026-04-01 13:28:52,1900-01-00 00:00:00,1032-wombat,B8:27:EB:A2:CD:A4,-63, WPA ,0.000000,0.000000,0.000,0.000,AP
2026-04-01 13:28:52,1900-01-00 00:00:00,1032-wombat,B8:27:EB:A2:CD:A4,-63, WPA ,0.000000,0.000000,0.000,0.000,AP
2026-04-01 13:28:52,1900-01-00 00:00:00,1032-wombat,B8:27:EB:A2:CD:A4,-63, WPA ,0.000000,0.000000,0.000,0.000,AP
2026-04-01 13:28:52,1900-01-00 00:00:00,1032-wombat,B8:27:EB:A2:CD:A4,-63, WPA ,0.000000,0.000000,0.000,0.000,AP
2026-04-01 13:28:52,1900-01-00 00:00:00,1032-wombat,B8:27:EB:A2:CD:A4,-63, WPA ,0.000000,0.000000,0.000,0.000,AP
2026-04-01 13:28:52,1900-01-00 00:00:00,1032-wombat,B8:27:EB:A2:CD:A4,-63, WPA ,0.000000,0.000000,0.000,0.000,AP
2026-04-01 13:28:52,1900-01-00 00:00:00,1032-wombat,B8:27:EB:A2:CD:A4,-50, WPA ,0.000000,0.000000,0.000,0.000,AP
2026-04-01 13:28:52,1900-01-00 00:00:00,1032-wombat,B8:27:EB:A2:CD:A4,-50, WPA ,0.000000,0.000000,0.000,0.000,AP
2026-04-01 13:28:52,1900-01-00 00:00:00,1032-wombat,B8:27:EB:A2:CD:A4,-50, WPA ,0.000000,0.000000,0.000,0.000,AP
2026-04-01 13:28:52,1900-01-00 00:00:00,1032-wombat,B8:27:EB:A2:CD:A4,-50, WPA ,0.000000,0.000000,0.000,0.000,AP
2026-04-01 13:28:52,1900-01-00 00:00:00,1032-wombat,B8:27:EB:A2:CD:A4,-50, WPA ,0.000000,0.000000,0.000,0.000,AP
2026-04-01 13:28:52,1900-01-00 00:00:00,1032-wombat,B8:27:EB:A2:CD:A4,-50, WPA ,0.000000,0.000000,0.000,0.000,AP
2026-04-01 13:28:52,1900-01-00 00:00:00,1032-wombat,B8:27:EB:A2:CD:A4,-50, WPA ,0.000000,0.000000,0.000,0.000,AP
2026-04-01 13:28:52,1900-01-00 00:00:00,1032-wombat,B8:27:EB:A2:CD:A4,-50, WPA ,0.000000,0.000000,0.000,0.000,AP
2026-04-01 13:28:52,1900-01-00 00:00:00,1032-wombat,B8:27:EB:A2:CD:A4,-50, WPA ,0.000000,0.000000,0.000,0.000,AP
2026-04-01 13:28:52,1900-01-00 00:00:00,1032-wombat,B8:27:EB:A2:CD:A4,-50, WPA ,0.000000,0.000000,0.000,0.000,AP
2026-04-01 13:28:52,1900-01-00 00:00:00,1032-wombat,B8:27:EB:A2:CD:A4,-50, WPA ,0.000000,0.000000,0.000,0.000,AP
2026-04-01 13:28:52,1900-01-00 00:00:00,1032-wombat,B8:27:EB:A2:CD:A4,-50, WPA ,0.000000,0.000000,0.000,0.000,AP
2026-04-01 13:28:52,1900-01-00 00:00:00,1032-wombat,B8:27:EB:A2:CD:A4,-50, WPA ,0.000000,0.000000,0.000,0.000,AP
2026-04-01 13:28:52,1900-01-00 00:00:00,1032-wombat,B8:27:EB:A2:CD:A4,-50, WPA ,0.000000,0.000000,0.000,0.000,AP
2026-04-01 13:28:52,1900-01-00 00:00:00,1032-wombat,B8:27:EB:A2:CD:A4,-50, WPA ,0.000000,0.000000,0.000,0.000,AP
2026-04-01 13:28:52,1900-01-00 00:00:00,1032-wombat,B8:27:EB:A2:CD:A4,-50, WPA ,0.000000,0.000000,0.000,0.000,AP
2026-04-01 13:28:52,1900-01-00 00:00:00,1032-wombat,B8:27:EB:A2:CD:A4,-50, WPA ,0.000000,0.000000,0.000,0.000,AP
2026-04-01 13:28:52,1900-01-00 00:00:00,1032-wombat,B8:27:EB:A2:CD:A4,-49, WPA ,0.000000,0.000000,0.000,0.000,AP
2026-04-01 13:28:52,1900-01-00 00:00:00,1032-wombat,B8:27:EB:A2:CD:A4,-49, WPA ,0.000000,0.000000,0.000,0.000,AP
2026-04-01 13:28:52,1900-01-00 00:00:00,1032-wombat,B8:27:EB:A2:CD:A4,-49, WPA ,0.000000,0.000000,0.000,0.000,AP
2026-04-01 13:28:52,1900-01-00 00:00:00,1032-wombat,B8:27:EB:A2:CD:A4,-49, WPA ,0.000000,0.000000,0.000,0.000,AP
2026-04-01 13:28:52,1900-01-00 00:00:00,1032-wombat,B8:27:EB:A2:CD:A4,-49, WPA ,0.000000,0.000000,0.000,0.000,AP
2026-04-01 13:28:52,1900-01-00 00:00:00,1032-wombat,B8:27:EB:A2:CD:A4,-49, WPA ,0.000000,0.000000,0.000,0.000,AP
2026-04-01 13:28:52,1900-01-00 00:00:00,1032-wombat,B8:27:EB:A2:CD:A4,-49, WPA ,0.000000,0.000000,0.000,0.000,AP
2026-04-01 13:28:52,1900-01-00 00:00:00,1032-wombat,B8:27:EB:A2:CD:A4,-49, WPA ,0.000000,0.000000,0.000,0.000,AP
2026-04-01 13:28:52,1900-01-00 00:00:00,1032-wombat,B8:27:EB:A2:CD:A4,-49, WPA ,0.000000,0.000000,0.000,0.000,AP
2026-04-01 13:28:52,1900-01-00 00:00:00,1032-wombat,B8:27:EB:A2:CD:A4,-49, WPA ,0.000000,0.000000,0.000,0.000,AP
2026-04-01 13:28:52,1900-01-00 00:00:00,1032-wombat,B8:27:EB:A2:CD:A4,-63, WPA ,0.000000,0.000000,0.000,0.000,AP
2026-04-01 13:28:52,1900-01-00 00:00:00,1032-wombat,B8:27:EB:A2:CD:A4,-62, WPA ,0.000000,0.000000,0.000,0.000,AP
2026-04-01 13:28:52,1900-01-00 00:00:00,1032-wombat,B8:27:EB:A2:CD:A4,-62, WPA ,0.000000,0.000000,0.000,0.000,AP
2026-04-01 13:28:52,1900-01-00 00:00:00,1032-wombat,B8:27:EB:A2:CD:A4,-62, WPA ,0.000000,0.000000,0.000,0.000,AP
2026-04-01 13:28:52,1900-01-00 00:00:00,1032-wombat,B8:27:EB:A2:CD:A4,-62, WPA ,0.000000,0.000000,0.000,0.000,AP
2026-04-01 13:28:52,1900-01-00 00:00:00,1032-wombat,B8:27:EB:A2:CD:A4,-62, WPA ,0.000000,0.000000,0.000,0.000,AP
2026-04-01 13:28:52,1900-01-00 00:00:00,1032-wombat,B8:27:EB:A2:CD:A4,-62, WPA ,0.000000,0.000000,0.000,0.000,AP
2026-04-01 13:28:52,1900-01-00 00:00:00,1032-wombat,B8:27:EB:A2:CD:A4,-62, WPA ,0.000000,0.000000,0.000,0.000,AP
2026-04-01 13:28:52,1900-01-00 00:00:00,1032-wombat,B8:27:EB:A2:CD:A4,-62, WPA ,0.000000,0.000000,0.000,0.000,AP
2026-04-01 13:28:52,1900-01-00 00:00:00,1032-wombat,B8:27:EB:A2:CD:A4,-62, WPA ,0.000000,0.000000,0.000,0.000,AP
2026-04-01 13:28:52,1900-01-00 00:00:00,1032-wombat,B8:27:EB:A2:CD:A4,-63, WPA ,0.000000,0.000000,0.000,0.000,AP
2026-04-01 13:28:52,1900-01-00 00:00:00,1032-wombat,B8:27:EB:A2:CD:A4,-63, WPA ,0.000000,0.000000,0.000,0.000,AP
2026-04-01 13:28:52,1900-01-00 00:00:00,1032-wombat,B8:27:EB:A2:CD:A4,-63, WPA ,0.000000,0.000000,0.000,0.000,AP
2026-04-01 13:28:52,1900-01-00 00:00:00,1032-wombat,B8:27:EB:A2:CD:A4,-63, WPA ,0.000000,0.000000,0.000,0.000,AP
2026-04-01 13:28:52,1900-01-00 00:00:00,1032-wombat,B8:27:EB:A2:CD:A4,-63, WPA ,0.000000,0.000000,0.000,0.000,AP
2026-04-01 13:28:52,1900-01-00 00:00:00,1032-wombat,B8:27:EB:A2:CD:A4,-63, WPA ,0.000000,0.000000,0.000,0.000,AP
2026-04-01 13:28:52,1900-01-00 00:00:00,1032-wombat,B8:27:EB:A2:CD:A4,-63, WPA ,0.000000,0.000000,0.000,0.000,AP
2026-04-01 13:28:52,1900-01-00 00:00:00,1032-wombat,B8:27:EB:A2:CD:A4,-63, WPA ,0.000000,0.000000,0.000,0.000,AP
2026-04-01 13:28:52,1900-01-00 00:00:00,1032-wombat,B8:27:EB:A2:CD:A4,-63, WPA ,0.000000,0.000000,0.000,0.000,AP
2026-04-01 13:28:52,1900-01-00 00:00:00,1032-wombat,B8:27:EB:A2:CD:A4,-63, WPA ,0.000000,0.000000,0.000,0.000,AP
2026-04-01 13:28:52,1900-01-00 00:00:00,1032-wombat,B8:27:EB:A2:CD:A4,-63, WPA ,0.000000,0.000000,0.000,0.000,AP
2026-04-01 13:28:52,1900-01-00 00:00:00,1032-wombat,B8:27:EB:A2:CD:A4,-63, WPA ,0.000000,0.000000,0.000,0.000,AP
2026-04-01 13:28:52,1900-01-00 00:00:00,1032-wombat,B8:27:EB:A2:CD:A4,-63, WPA ,0.000000,0.000000,0.000,0.000,AP
2026-04-01 13:28:52,1900-01-00 00:00:00,1032-wombat,B8:27:EB:A2:CD:A4,-63, WPA ,0.000000,0.000000,0.000,0.000,AP
2026-04-01 13:28:52,1900-01-00 00:00:00,1032-wombat,B8:27:EB:A2:CD:A4,-63, WPA ,0.000000,0.000000,0.000,0.000,AP
2026-04-01 13:28:52,1900-01-00 00:00:00,1032-wombat,B8:27:EB:A2:CD:A4,-63, WPA ,0.000000,0.000000,0.000,0.000,AP
2026-04-01 13:28:52,1900-01-00 00:00:00,1032-wombat,B8:27:EB:A2:CD:A4,-63, WPA ,0.000000,0.000000,0.000,0.000,AP
2026-04-01 13:28:52,1900-01-00 00:00:00,1032-wombat,B8:27:EB:A2:CD:A4,-63, WPA ,0.000000,0.000000,0.000,0.000,AP
2026-04-01 13:28:52,1900-01-00 00:00:00,1032-wombat,B8:27:EB:A2:CD:A4,-63, WPA ,0.000000,0.000000,0.000,0.000,AP
2026-04-01 13:28:52,1900-01-00 00:00:00,1032-wombat,B8:27:EB:A2:CD:A4,-63, WPA ,0.000000,0.000000,0.000,0.000,AP
2026-04-01 13:28:52,1900-01-00 00:00:00,1032-wombat,B8:27:EB:A2:CD:A4,-63, WPA ,0.000000,0.000000,0.000,0.000,AP
2026-04-01 13:28:52,1900-01-00 00:00:00,1032-wombat,B8:27:EB:A2:CD:A4,-63, WPA ,0.000000,0.000000,0.000,0.000,AP
2026-04-01 13:28:52,1900-01-00 00:00:00,1032-wombat,B8:27:EB:A2:CD:A4,-62, WPA ,0.000000,0.000000,0.000,0.000,AP
2026-04-01 13:28:52,1900-01-00 00:00:00,1032-wombat,B8:27:EB:A2:CD:A4,-62, WPA ,0.000000,0.000000,0.000,0.000,AP
2026-04-01 13:28:52,1900-01-00 00:00:00,1032-wombat,B8:27:EB:A2:CD:A4,-78, WPA ,0.000000,0.000000,0.000,0.000,AP
2026-04-01 13:28:52,1900-01-00 00:00:00,1032-wombat,B8:27:EB:A2:CD:A4,-78, WPA ,0.000000,0.000000,0.000,0.000,AP
2026-04-01 13:28:52,1900-01-00 00:00:00,1032-wombat,B8:27:EB:A2:CD:A4,-78, WPA ,0.000000,0.000000,0.000,0.000,AP
2026-04-01 13:28:52,1900-01-00 00:00:00,1032-wombat,B8:27:EB:A2:CD:A4,-78, WPA ,0.000000,0.000000,0.000,0.000,AP
2026-04-01 13:28:52,1900-01-00 00:00:00,1032-wombat,B8:27:EB:A2:CD:A4,-78, WPA ,0.000000,0.000000,0.000,0.000,AP
2026-04-01 13:28:52,1900-01-00 00:00:00,1032-wombat,B8:27:EB:A2:CD:A4,-78, WPA ,0.000000,0.000000,0.000,0.000,AP
2026-04-01 13:28:52,1900-01-00 00:00:00,1032-wombat,B8:27:EB:A2:CD:A4,-78, WPA ,0.000000,0.000000,0.000,0.000,AP
2026-04-01 13:28:52,1900-01-00 00:00:00,1032-wombat,B8:27:EB:A2:CD:A4,-78, WPA ,0.000000,0.000000,0.000,0.000,AP
2026-04-01 13:28:52,1900-01-00 00:00:00,1032-wombat,B8:27:EB:A2:CD:A4,-78, WPA ,0.000000,0.000000,0.000,0.000,AP
2026-04-01 13:28:52,1900-01-00 00:00:00,1032-wombat,B8:27:EB:A2:CD:A4,-78, WPA ,0.000000,0.000000,0.000,0.000,AP
2026-04-01 13:28:52,1900-01-00 00:00:00,1032-wombat,B8:27:EB:A2:CD:A4,-78, WPA ,0.000000,0.000000,0.000,0.000,AP
2026-04-01 13:28:52,1900-01-00 00:00:00,1032-wombat,B8:27:EB:A2:CD:A4,-78, WPA ,0.000000,0.000000,0.000,0.000,AP
2026-04-01 13:28:52,1900-01-00 00:00:00,1032-wombat,B8:27:EB:A2:CD:A4,-78, WPA ,0.000000,0.000000,0.000,0.000,AP
2026-04-01 13:28:52,1900-01-00 00:00:00,1032-wombat,B8:27:EB:A2:CD:A4,-78, WPA ,0.000000,0.000000,0.000,0.000,AP
2026-04-01 13:28:52,1900-01-00 00:00:00,1032-wombat,B8:27:EB:A2:CD:A4,-78, WPA ,0.000000,0.000000,0.000,0.000,AP
2026-04-01 13:28:52,1900-01-00 00:00:00,1032-wombat,B8:27:EB:A2:CD:A4,-78, WPA ,0.000000,0.000000,0.000,0.000,AP
2026-04-01 13:28:52,1900-01-00 00:00:00,1032-wombat,B8:27:EB:A2:CD:A4,-78, WPA ,0.000000,0.000000,0.000,0.000,AP
2026-04-01 13:28:52,1900-01-00 00:00:00,1032-wombat,B8:27:EB:A2:CD:A4,-78, WPA ,0.000000,0.000000,0.000,0.000,AP
2026-04-01 13:28:52,1900-01-00 00:00:00,1032-wombat,B8:27:EB:A2:CD:A4,-78, WPA ,0.000000,0.000000,0.000,0.000,AP
2026-04-01 13:28:52,1900-01-00 00:00:00,1032-wombat,B8:27:EB:A2:CD:A4,-78, WPA ,0.000000,0.000000,0.000,0.000,AP
2026-04-01 13:28:52,1900-01-00 00:00:00,1032-wombat,B8:27:EB:A2:CD:A4,-78, WPA ,0.000000,0.000000,0.000,0.000,AP
2026-04-01 13:28:52,1900-01-00 00:00:00,1032-wombat,B8:27:EB:A2:CD:A4,-78, WPA ,0.000000,0.000000,0.000,0.000,AP
2026-04-01 13:28:52,1900-01-00 00:00:00,1032-wombat,B8:27:EB:A2:CD:A4,-78, WPA ,0.000000,0.000000,0.000,0.000,AP
2026-04-01 13:28:52,1900-01-00 00:00:00,1032-wombat,B8:27:EB:A2:CD:A4,-78, WPA ,0.000000,0.000000,0.000,0.000,AP
2026-04-01 13:28:52,1900-01-00 00:00:00,1032-wombat,B8:27:EB:A2:CD:A4,-78, WPA ,0.000000,0.000000,0.000,0.000,AP
2026-04-01 13:28:52,1900-01-00 00:00:00,1032-wombat,B8:27:EB:A2:CD:A4,-78, WPA ,0.000000,0.000000,0.000,0.000,AP
2026-04-01 13:28:52,1900-01-00 00:00:00,1032-wombat,B8:27:EB:A2:CD:A4,-78, WPA ,0.000000,0.000000,0.000,0.000,AP
2026-04-01 13:28:52,1900-01-00 00:00:00,1032-wombat,B8:27:EB:A2:CD:A4,-78, WPA ,0.000000,0.000000,0.000,0.000,AP
2026-04-01 13:28:52,1900-01-00 00:00:00,1032-wombat,B8:27:EB:A2:CD:A4,-78, WPA ,0.000000,0.000000,0.000,0.000,AP
2026-04-01 13:28:52,1900-01-00 00:00:00,1032-wombat,B8:27:EB:A2:CD:A4,-78, WPA ,0.000000,0.000000,0.000,0.000,AP
2026-04-01 13:28:52,1900-01-00 00:00:00,1032-wombat,B8:27:EB:A2:CD:A4,-78, WPA ,0.000000,0.000000,0.000,0.000,AP
2026-04-01 13:28:52,1900-01-00 00:00:00,1032-wombat,B8:27:EB:A2:CD:A4,-78, WPA ,0.000000,0.000000,0.000,0.000,AP
2026-04-01 13:28:52,1900-01-00 00:00:00,1032-wombat,B8:27:EB:A2:CD:A4,-78, WPA ,0.000000,0.000000,0.000,0.000,AP
2026-04-01 13:28:52,1900-01-00 00:00:00,1032-wombat,B8:27:EB:A2:CD:A4,-78, WPA ,0.000000,0.000000,0.000,0.000,AP
2026-04-01 13:28:52,1900-01-00 00:00:00,1032-wombat,B8:27:EB:A2:CD:A4,-78, WPA ,0.000000,0.000000,0.000,0.000,AP
2026-04-01 13:28:52,1900-01-00 00:00:00,1032-wombat,B8:27:EB:A2:CD:A4,-78, WPA ,0.000000,0.000000,0.000,0.000,AP
2026-04-01 13:28:52,1900-01-00 00:00:00,1032-wombat,B8:27:EB:A2:CD:A4,-85, WPA ,0.000000,0.000000,0.000,0.000,AP
2026-04-01 13:28:52,1900-01-00 00:00:00,1032-wombat,B8:27:EB:A2:CD:A4,-85, WPA ,0.000000,0.000000,0.000,0.000,AP
2026-04-01 13:28:52,1900-01-00 00:00:00,1032-wombat,B8:27:EB:A2:CD:A4,-85, WPA ,0.000000,0.000000,0.000,0.000,AP
2026-04-01 13:28:52,1900-01-00 00:00:00,1032-wombat,B8:27:EB:A2:CD:A4,-85, WPA ,0.000000,0.000000,0.000,0.000,AP
2026-04-01 13:28:52,1900-01-00 00:00:00,1032-wombat,B8:27:EB:A2:CD:A4,-85, WPA ,0.000000,0.000000,0.000,0.000,AP
2026-04-01 13:28:52,1900-01-00 00:00:00,1032-wombat,B8:27:EB:A2:CD:A4,-85, WPA ,0.000000,0.000000,0.000,0.000,AP
2026-04-01 13:28:52,1900-01-00 00:00:00,1032-wombat,B8:27:EB:A2:CD:A4,-85, WPA ,0.000000,0.000000,0.000,0.000,AP
2026-04-01 13:28:52,1900-01-00 00:00:00,1032-wombat,B8:27:EB:A2:CD:A4,-85, WPA ,0.000000,0.000000,0.000,0.000,AP
2026-04-01 13:28:52,1900-01-00 00:00:00,1032-wombat,B8:27:EB:A2:CD:A4,-85, WPA ,0.000000,0.000000,0.000,0.000,AP
2026-04-01 13:28:52,1900-01-00 00:00:00,1032-wombat,B8:27:EB:A2:CD:A4,-85, WPA ,0.000000,0.000000,0.000,0.000,AP
2026-04-01 13:28:52,1900-01-00 00:00:00,1032-wombat,B8:27:EB:A2:CD:A4,-85, WPA ,0.000000,0.000000,0.000,0.000,AP
2026-04-01 13:28:52,1900-01-00 00:00:00,1032-wombat,B8:27:EB:A2:CD:A4,-54, WPA ,0.000000,0.000000,0.000,0.000,AP
2026-04-01 13:28:52,1900-01-00 00:00:00,1032-wombat,B8:27:EB:A2:CD:A4,-54, WPA ,0.000000,0.000000,0.000,0.000,AP
2026-04-01 13:28:52,1900-01-00 00:00:00,1032-wombat,B8:27:EB:A2:CD:A4,-54, WPA ,0.000000,0.000000,0.000,0.000,AP
2026-04-01 13:28:52,1900-01-00 00:00:00,1032-wombat,B8:27:EB:A2:CD:A4,-54, WPA ,0.000000,0.000000,0.000,0.000,AP
2026-04-01 13:28:52,1900-01-00 00:00:00,1032-wombat,B8:27:EB:A2:CD:A4,-54, WPA ,0.000000,0.000000,0.000,0.000,AP
2026-04-01 13:28:52,1900-01-00 00:00:00,1032-wombat,B8:27:EB:A2:CD:A4,-54, WPA ,0.000000,0.000000,0.000,0.000,AP
2026-04-01 13:28:52,1900-01-00 00:00:00,1032-wombat,B8:27:EB:A2:CD:A4,-54, WPA ,0.000000,0.000000,0.000,0.000,AP
2026-04-01 13:28:52,1900-01-00 00:00:00,1032-wombat,B8:27:EB:A2:CD:A4,-54, WPA ,0.000000,0.000000,0.000,0.000,AP
2026-04-01 13:28:52,1900-01-00 00:00:00,1032-wombat,B8:27:EB:A2:CD:A4,-54, WPA ,0.000000,0.000000,0.000,0.000,AP
2026-04-01 13:28:52,1900-01-00 00:00:00,1032-wombat,B8:27:EB:A2:CD:A4,-54, WPA ,0.000000,0.000000,0.000,0.000,AP
2026-04-01 13:28:52,1900-01-00 00:00:00,1032-wombat,B8:27:EB:A2:CD:A4,-54, WPA ,0.000000,0.000000,0.000,0.000,AP
2026-04-01 13:28:52,1900-01-00 00:00:00,1032-wombat,B8:27:EB:A2:CD:A4,-54, WPA ,0.000000,0.000000,0.000,0.000,AP
2026-04-01 13:28:52,1900-01-00 00:00:00,1032-wombat,B8:27:EB:A2:CD:A4,-54, WPA ,0.000000,0.000000,0.000,0.000,AP
2026-04-01 13:28:52,1900-01-00 00:00:00,1032-wombat,B8:27:EB:A2:CD:A4,-54, WPA ,0.000000,0.000000,0.000,0.000,AP
2026-04-01 13:28:52,1900-01-00 00:00:00,1032-wombat,B8:27:EB:A2:CD:A4,-54, WPA ,0.000000,0.000000,0.000,0.000,AP
2026-04-01 13:28:52,1900-01-00 00:00:00,1032-wombat,B8:27:EB:A2:CD:A4,-54, WPA ,0.000000,0.000000,0.000,0.000,AP
2026-04-01 13:28:52,1900-01-00 00:00:00,1032-wombat,B8:27:EB:A2:CD:A4,-54, WPA ,0.000000,0.000000,0.000,0.000,AP
2026-04-01 13:28:52,1900-01-00 00:00:00,1032-wombat,B8:27:EB:A2:CD:A4,-54, WPA ,0.000000,0.000000,0.000,0.000,AP
2026-04-01 13:28:52,1900-01-00 00:00:00,1032-wombat,B8:27:EB:A2:CD:A4,-54, WPA ,0.000000,0.000000,0.000,0.000,AP
2026-04-01 13:28:52,1900-01-00 00:00:00,1032-wombat,B8:27:EB:A2:CD:A4,-54, WPA ,0.000000,0.000000,0.000,0.000,AP
2026-04-01 13:28:52,1900-01-00 00:00:00,1032-wombat,B8:27:EB:A2:CD:A4,-54, WPA ,0.000000,0.000000,0.000,0.000,AP
2026-04-01 13:28:52,1900-01-00 00:00:00,1032-wombat,B8:27:EB:A2:CD:A4,-54, WPA ,0.000000,0.000000,0.000,0.000,AP
2026-04-01 13:28:52,1900-01-00 00:00:00,1032-wombat,B8:27:EB:A2:CD:A4,-54, WPA ,0.000000,0.000000,0.000,0.000,AP
2026-04-01 13:28:52,1900-01-00 00:00:00,1032-wombat,B8:27:EB:A2:CD:A4,-54, WPA ,0.000000,0.000000,0.000,0.000,AP
2026-04-01 13:28:52,1900-01-00 00:00:00,1032-wombat,B8:27:EB:A2:CD:A4,-54, WPA ,0.000000,0.000000,0.000,0.000,AP
2026-04-01 13:28:52,1900-01-00 00:00:00,1032-wombat,B8:27:EB:A2:CD:A4,-54, WPA ,0.000000,0.000000,0.000,0.000,AP
2026-04-01 13:28:52,1900-01-00 00:00:00,1032-wombat,B8:27:EB:A2:CD:A4,-54, WPA ,0.000000,0.000000,0.000,0.000,AP
2026-04-01 13:28:52,1900-01-00 00:00:00,1032-wombat,B8:27:EB:A2:CD:A4,-54, WPA ,0.000000,0.000000,0.000,0.000,AP
2026-04-01 13:28:52,1900-01-00 00:00:00,1032-wombat,B8:27:EB:A2:CD:A4,-54, WPA ,0.000000,0.000000,0.000,0.000,AP
2026-04-01 13:28:52,1900-01-00 00:00:00,1032-wombat,B8:27:EB:A2:CD:A4,-54, WPA ,0.000000,0.000000,0.000,0.000,AP
2026-04-01 13:28:52,1900-01-00 00:00:00,1032-wombat,B8:27:EB:A2:CD:A4,-54, WPA ,0.000000,0.000000,0.000,0.000,AP
2026-04-01 13:28:52,1900-01-00 00:00:00,1032-wombat,B8:27:EB:A2:CD:A4,-54, WPA ,0.000000,0.000000,0.000,0.000,AP
2026-04-01 13:28:52,1900-01-00 00:00:00,1032-wombat,B8:27:EB:A2:CD:A4,-54, WPA ,0.000000,0.000000,0.000,0.000,AP
2026-04-01 13:28:52,1900-01-00 00:00:00,1032-wombat,B8:27:EB:A2:CD:A4,-54, WPA ,0.000000,0.000000,0.000,0.000,AP
2026-04-01 13:28:52,1900-01-00 00:00:00,1032-wombat,B8:27:EB:A2:CD:A4,-54, WPA ,0.000000,0.000000,0.000,0.000,AP
2026-04-01 13:28:52,1900-01-00 00:00:00,1032-wombat,B8:27:EB:A2:CD:A4,-54, WPA ,0.000000,0.000000,0.000,0.000,AP
2026-04-01 13:28:52,1900-01-00 00:00:00,1032-wombat,B8:27:EB:A2:CD:A4,-54, WPA ,0.000000,0.000000,0.000,0.000,AP
2026-04-01 13:28:52,1900-01-00 00:00:00,1032-wombat,B8:27:EB:A2:CD:A4,-54, WPA ,0.000000,0.000000,0.000,0.000,AP
2026-04-01 13:28:52,1900-01-00 00:00:00,1032-wombat,B8:27:EB:A2:CD:A4,-54, WPA ,0.000000,0.000000,0.000,0.000,AP
2026-04-01 13:28:52,1900-01-00 00:00:00,1032-wombat,B8:27:EB:A2:CD:A4,-54, WPA ,0.000000,0.000000,0.000,0.000,AP
2026-04-01 13:28:52,1900-01-00 00:00:00,1032-wombat,B8:27:EB:A2:CD:A4,-54, WPA ,0.000000,0.000000,0.000,0.000,AP
2026-04-01 13:28:52,1900-01-00 00:00:00,1032-wombat,B8:27:EB:A2:CD:A4,-54, WPA ,0.000000,0.000000,0.000,0.000,AP
2026-04-01 13:28:52,1900-01-00 00:00:00,1032-wombat,B8:27:EB:A2:CD:A4,-54, WPA ,0.000000,0.000000,0.000,0.000,AP
2026-04-01 13:28:52,1900-01-00 00:00:00,1032-wombat,B8:27:EB:A2:CD:A4,-54, WPA ,0.000000,0.000000,0.000,0.000,AP
2026-04-01 13:28:52,1900-01-00 00:00:00,1032-wombat,B8:27:EB:A2:CD:A4,-54, WPA ,0.000000,0.000000,0.000,0.000,AP
2026-04-01 13:28:52,1900-01-00 00:00:00,1032-wombat,B8:27:EB:A2:CD:A4,-54, WPA ,0.000000,0.000000,0.000,0.000,AP
2026-04-01 13:28:52,1900-01-00 00:00:00,1032-wombat,B8:27:EB:A2:CD:A4,-54, WPA ,0.000000,0.000000,0.000,0.000,AP
2026-04-01 13:28:52,1900-01-00 00:00:00,1032-wombat,B8:27:EB:A2:CD:A4,-54, WPA ,0.000000,0.000000,0.000,0.000,AP
2026-04-01 13:28:52,1900-01-00 00:00:00,1032-wombat,B8:27:EB:A2:CD:A4,-54, WPA ,0.000000,0.000000,0.000,0.000,AP
2026-04-01 13:28:52,1900-01-00 00:00:00,1032-wombat,B8:27:EB:A2:CD:A4,-60, WPA ,0.000000,0.000000,0.000,0.000,AP
2026-04-01 13:28:52,1900-01-00 00:00:00,1032-wombat,B8:27:EB:A2:CD:A4,-60, WPA ,0.000000,0.000000,0.000,0.000,AP
2026-04-01 13:28:52,1900-01-00 00:00:00,1032-wombat,B8:27:EB:A2:CD:A4,-77, WPA ,0.000000,0.000000,0.000,0.000,AP
2026-04-01 13:28:52,1900-01-00 00:00:00,1032-wombat,B8:27:EB:A2:CD:A4,-77, WPA ,0.000000,0.000000,0.000,0.000,AP
2026-04-01 13:28:52,1900-01-00 00:00:00,1032-wombat,B8:27:EB:A2:CD:A4,-77, WPA ,0.000000,0.000000,0.000,0.000,AP
2026-04-01 13:28:52,1900-01-00 00:00:00,1032-wombat,B8:27:EB:A2:CD:A4,-77, WPA ,0.000000,0.000000,0.000,0.000,AP
2026-04-01 13:28:52,1900-01-00 00:00:00,1032-wombat,B8:27:EB:A2:CD:A4,-77, WPA ,0.000000,0.000000,0.000,0.000,AP
2026-04-01 13:28:52,1900-01-00 00:00:00,1032-wombat,B8:27:EB:A2:CD:A4,-77, WPA ,0.000000,0.000000,0.000,0.000,AP
2026-04-01 13:28:52,1900-01-00 00:00:00,1032-wombat,B8:27:EB:A2:CD:A4,-77, WPA ,0.000000,0.000000,0.000,0.000,AP
2026-04-01 13:28:52,1900-01-00 00:00:00,1032-wombat,B8:27:EB:A2:CD:A4,-77, WPA ,0.000000,0.000000,0.000,0.000,AP
2026-04-01 13:28:52,1900-01-00 00:00:00,1032-wombat,B8:27:EB:A2:CD:A4,-77, WPA ,0.000000,0.000000,0.000,0.000,AP
2026-04-01 13:28:52,1900-01-00 00:00:00,1032-wombat,B8:27:EB:A2:CD:A4,-77, WPA ,0.000000,0.000000,0.000,0.000,AP
2026-04-01 13:28:52,1900-01-00 00:00:00,1032-wombat,B8:27:EB:A2:CD:A4,-77, WPA ,0.000000,0.000000,0.000,0.000,AP
2026-04-01 13:28:52,1900-01-00 00:00:00,1032-wombat,B8:27:EB:A2:CD:A4,-77, WPA ,0.000000,0.000000,0.000,0.000,AP
2026-04-01 13:28:52,1900-01-00 00:00:00,1032-wombat,B8:27:EB:A2:CD:A4,-77, WPA ,0.000000,0.000000,0.000,0.000,AP
2026-04-01 13:28:52,1900-01-00 00:00:00,1032-wombat,B8:27:EB:A2:CD:A4,-77, WPA ,0.000000,0.000000,0.000,0.000,AP
2026-04-01 13:28:52,1900-01-00 00:00:00,1032-wombat,B8:27:EB:A2:CD:A4,-77, WPA ,0.000000,0.000000,0.000,0.000,AP
2026-04-01 13:28:52,1900-01-00 00:00:00,1032-wombat,B8:27:EB:A2:CD:A4,-77, WPA ,0.000000,0.000000,0.000,0.000,AP
2026-04-01 13:28:52,1900-01-00 00:00:00,1032-wombat,B8:27:EB:A2:CD:A4,-77, WPA ,0.000000,0.000000,0.000,0.000,AP
2026-04-01 13:28:52,1900-01-00 00:00:00,1032-wombat,B8:27:EB:A2:CD:A4,-77, WPA ,0.000000,0.000000,0.000,0.000,AP
2026-04-01 13:28:52,1900-01-00 00:00:00,1032-wombat,B8:27:EB:A2:CD:A4,-77, WPA ,0.000000,0.000000,0.000,0.000,AP
2026-04-01 13:28:52,1900-01-00 00:00:00,1032-wombat,B8:27:EB:A2:CD:A4,-77, WPA ,0.000000,0.000000,0.000,0.000,AP
2026-04-01 13:28:52,1900-01-00 00:00:00,1032-wombat,B8:27:EB:A2:CD:A4,-77, WPA ,0.000000,0.000000,0.000,0.000,AP
2026-04-01 13:28:52,1900-01-00 00:00:00,1032-wombat,B8:27:EB:A2:CD:A4,-77, WPA ,0.000000,0.000000,0.000,0.000,AP
2026-04-01 13:28:52,1900-01-00 00:00:00,1032-wombat,B8:27:EB:A2:CD:A4,-77, WPA ,0.000000,0.000000,0.000,0.000,AP
2026-04-01 13:28:52,1900-01-00 00:00:00,1032-wombat,B8:27:EB:A2:CD:A4,-77, WPA ,0.000000,0.000000,0.000,0.000,AP
2026-04-01 13:28:52,1900-01-00 00:00:00,1032-wombat,B8:27:EB:A2:CD:A4,-77, WPA ,0.000000,0.000000,0.000,0.000,AP
2026-04-01 13:28:52,1900-01-00 00:00:00,1032-wombat,B8:27:EB:A2:CD:A4,-77, WPA ,0.000000,0.000000,0.000,0.000,AP
2026-04-01 13:28:52,1900-01-00 00:00:00,1032-wombat,B8:27:EB:A2:CD:A4,-77, WPA ,0.000000,0.000000,0.000,0.000,AP
2026-04-01 13:28:52,1900-01-00 00:00:00,1032-wombat,B8:27:EB:A2:CD:A4,-77, WPA ,0.000000,0.000000,0.000,0.000,AP
2026-04-01 13:28:52,1900-01-00 00:00:00,1032-wombat,B8:27:EB:A2:CD:A4,-77, WPA ,0.000000,0.000000,0.000,0.000,AP
2026-04-01 13:28:52,1900-01-00 00:00:00,1032-wombat,B8:27:EB:A2:CD:A4,-77, WPA ,0.000000,0.000000,0.000,0.000,AP
2026-04-01 13:28:52,1900-01-00 00:00:00,1032-wombat,B8:27:EB:A2:CD:A4,-77, WPA ,0.000000,0.000000,0.000,0.000,AP
2026-04-01 13:28:52,1900-01-00 00:00:00,1032-wombat,B8:27:EB:A2:CD:A4,-77, WPA ,0.000000,0.000000,0.000,0.000,AP
2026-04-01 13:28:52,1900-01-00 00:00:00,1032-wombat,B8:27:EB:A2:CD:A4,-77, WPA ,0.000000,0.000000,0.000,0.000,AP
2026-04-01 13:28:52,1900-01-00 00:00:00,1032-wombat,B8:27:EB:A2:CD:A4,-77, WPA ,0.000000,0.000000,0.000,0.000,AP
2026-04-01 13:28:52,1900-01-00 00:00:00,1032-wombat,B8:27:EB:A2:CD:A4,-77, WPA ,0.000000,0.000000,0.000,0.000,AP
2026-04-01 13:28:52,1900-01-00 00:00:00,1032-wombat,B8:27:EB:A2:CD:A4,-84, WPA ,0.000000,0.000000,0.000,0.000,AP
2026-04-01 13:28:52,1900-01-00 00:00:00,1032-wombat,B8:27:EB:A2:CD:A4,-84, WPA ,0.000000,0.000000,0.000,0.000,AP
2026-04-01 13:28:52,1900-01-00 00:00:00,1032-wombat,B8:27:EB:A2:CD:A4,-84, WPA ,0.000000,0.000000,0.000,0.000,AP
2026-04-01 13:28:52,1900-01-00 00:00:00,1032-wombat,B8:27:EB:A2:CD:A4,-84, WPA ,0.000000,0.000000,0.000,0.000,AP
2026-04-01 13:28:52,1900-01-00 00:00:00,1032-wombat,B8:27:EB:A2:CD:A4,-84, WPA ,0.000000,0.000000,0.000,0.000,AP
2026-04-01 13:28:52,1900-01-00 00:00:00,1032-wombat,B8:27:EB:A2:CD:A4,-84, WPA ,0.000000,0.000000,0.000,0.000,AP
2026-04-01 13:28:52,1900-01-00 00:00:00,1032-wombat,B8:27:EB:A2:CD:A4,-84, WPA ,0.000000,0.000000,0.000,0.000,AP
2026-04-01 13:28:52,1900-01-00 00:00:00,1032-wombat,B8:27:EB:A2:CD:A4,-84, WPA ,0.000000,0.000000,0.000,0.000,AP
2026-04-01 13:28:52,1900-01-00 00:00:00,1032-wombat,B8:27:EB:A2:CD:A4,-84, WPA ,0.000000,0.000000,0.000,0.000,AP
2026-04-01 13:28:52,1900-01-00 00:00:00,1032-wombat,B8:27:EB:A2:CD:A4,-84, WPA ,0.000000,0.000000,0.000,0.000,AP
2026-04-01 13:28:52,1900-01-00 00:00:00,1032-wombat,B8:27:EB:A2:CD:A4,-84, WPA ,0.000000,0.000000,0.000,0.000,AP
2026-04-01 13:28:52,1900-01-00 00:00:00,1032-wombat,B8:27:EB:A2:CD:A4,-51, WPA ,0.000000,0.000000,0.000,0.000,AP
2026-04-01 13:28:52,1900-01-00 00:00:00,1032-wombat,B8:27:EB:A2:CD:A4,-51, WPA ,0.000000,0.000000,0.000,0.000,AP
2026-04-01 13:28:52,1900-01-00 00:00:00,1032-wombat,B8:27:EB:A2:CD:A4,-51, WPA ,0.000000,0.000000,0.000,0.000,AP
2026-04-01 13:28:52,1900-01-00 00:00:00,1032-wombat,B8:27:EB:A2:CD:A4,-51, WPA ,0.000000,0.000000,0.000,0.000,AP
2026-04-01 13:28:52,1900-01-00 00:00:00,1032-wombat,B8:27:EB:A2:CD:A4,-51, WPA ,0.000000,0.000000,0.000,0.000,AP
2026-04-01 13:28:52,1900-01-00 00:00:00,1032-wombat,B8:27:EB:A2:CD:A4,-51, WPA ,0.000000,0.000000,0.000,0.000,AP
2026-04-01 13:28:52,1900-01-00 00:00:00,1032-wombat,B8:27:EB:A2:CD:A4,-51, WPA ,0.000000,0.000000,0.000,0.000,AP
2026-04-01 13:28:52,1900-01-00 00:00:00,1032-wombat,B8:27:EB:A2:CD:A4,-51, WPA ,0.000000,0.000000,0.000,0.000,AP
2026-04-01 13:28:52,1900-01-00 00:00:00,1032-wombat,B8:27:EB:A2:CD:A4,-51, WPA ,0.000000,0.000000,0.000,0.000,AP
2026-04-01 13:28:52,1900-01-00 00:00:00,1032-wombat,B8:27:EB:A2:CD:A4,-51, WPA ,0.000000,0.000000,0.000,0.000,AP
2026-04-01 13:28:52,1900-01-00 00:00:00,1032-wombat,B8:27:EB:A2:CD:A4,-51, WPA ,0.000000,0.000000,0.000,0.000,AP
2026-04-01 13:28:52,1900-01-00 00:00:00,1032-wombat,B8:27:EB:A2:CD:A4,-51, WPA ,0.000000,0.000000,0.000,0.000,AP
2026-04-01 13:28:52,1900-01-00 00:00:00,1032-wombat,B8:27:EB:A2:CD:A4,-89, WPA ,0.000000,0.000000,0.000,0.000,AP
2026-04-01 13:28:52,1900-01-00 00:00:00,1032-wombat,B8:27:EB:A2:CD:A4,-89, WPA ,0.000000,0.000000,0.000,0.000,AP
2026-04-01 13:28:52,1900-01-00 00:00:00,1032-wombat,B8:27:EB:A2:CD:A4,-89, WPA ,0.000000,0.000000,0.000,0.000,AP
2026-04-01 13:28:52,1900-01-00 00:00:00,1032-wombat,B8:27:EB:A2:CD:A4,-89, WPA ,0.000000,0.000000,0.000,0.000,AP
2026-04-01 13:28:52,1900-01-00 00:00:00,1032-wombat,B8:27:EB:A2:CD:A4,-89, WPA ,0.000000,0.000000,0.000,0.000,AP
2026-04-01 13:28:52,1900-01-00 00:00:00,1032-wombat,B8:27:EB:A2:CD:A4,-89, WPA ,0.000000,0.000000,0.000,0.000,AP
2026-04-01 13:28:52,1900-01-00 00:00:00,1032-wombat,B8:27:EB:A2:CD:A4,-89, WPA ,0.000000,0.000000,0.000,0.000,AP
2026-04-01 13:28:52,1900-01-00 00:00:00,1032-wombat,B8:27:EB:A2:CD:A4,-89, WPA ,0.000000,0.000000,0.000,0.000,AP
2026-04-01 13:28:52,1900-01-00 00:00:00,1032-wombat,B8:27:EB:A2:CD:A4,-89, WPA ,0.000000,0.000000,0.000,0.000,AP
2026-04-01 13:28:52,1900-01-00 00:00:00,1032-wombat,B8:27:EB:A2:CD:A4,-89, WPA ,0.000000,0.000000,0.000,0.000,AP
2026-04-01 13:28:52,1900-01-00 00:00:00,1032-wombat,B8:27:EB:A2:CD:A4,-89, WPA ,0.000000,0.000000,0.000,0.000,AP
2026-04-01 13:28:52,1900-01-00 00:00:00,1032-wombat,B8:27:EB:A2:CD:A4,-89, WPA ,0.000000,0.000000,0.000,0.000,AP
2026-04-01 13:28:53,1900-01-00 00:00:00,1032-wombat,B8:27:EB:A2:CD:A4,-54, WPA ,0.000000,0.000000,0.000,0.000,AP
2026-04-01 13:28:53,1900-01-00 00:00:00,1032-wombat,B8:27:EB:A2:CD:A4,-84, WPA ,0.000000,0.000000,0.000,0.000,AP
2026-04-01 13:28:53,1900-01-00 00:00:00,1032-wombat,B8:27:EB:A2:CD:A4,-53, WPA ,0.000000,0.000000,0.000,0.000,AP
2026-04-01 13:28:53,1900-01-00 00:00:00,1032-wombat,B8:27:EB:A2:CD:A4,-53, WPA ,0.000000,0.000000,0.000,0.000,AP
2026-04-01 13:28:53,1900-01-00 00:00:00,1032-wombat,B8:27:EB:A2:CD:A4,-53, WPA ,0.000000,0.000000,0.000,0.000,AP
2026-04-01 13:28:53,1900-01-00 00:00:00,1032-wombat,B8:27:EB:A2:CD:A4,-53, WPA ,0.000000,0.000000,0.000,0.000,AP
2026-04-01 13:28:53,1900-01-00 00:00:00,1032-wombat,B8:27:EB:A2:CD:A4,-53, WPA ,0.000000,0.000000,0.000,0.000,AP
2026-04-01 13:28:53,1900-01-00 00:00:00,1032-wombat,B8:27:EB:A2:CD:A4,-53, WPA ,0.000000,0.000000,0.000,0.000,AP
2026-04-01 13:28:53,1900-01-00 00:00:00,1032-wombat,B8:27:EB:A2:CD:A4,-53, WPA ,0.000000,0.000000,0.000,0.000,AP
2026-04-01 13:28:53,1900-01-00 00:00:00,1032-wombat,B8:27:EB:A2:CD:A4,-53, WPA ,0.000000,0.000000,0.000,0.000,AP
2026-04-01 13:28:53,1900-01-00 00:00:00,1032-wombat,B8:27:EB:A2:CD:A4,-53, WPA ,0.000000,0.000000,0.000,0.000,AP
2026-04-01 13:28:53,1900-01-00 00:00:00,1032-wombat,B8:27:EB:A2:CD:A4,-53, WPA ,0.000000,0.000000,0.000,0.000,AP
2026-04-01 13:28:53,1900-01-00 00:00:00,1032-wombat,B8:27:EB:A2:CD:A4,-53, WPA ,0.000000,0.000000,0.000,0.000,AP
2026-04-01 13:28:53,1900-01-00 00:00:00,1032-wombat,B8:27:EB:A2:CD:A4,-53, WPA ,0.000000,0.000000,0.000,0.000,AP
2026-04-01 13:28:53,1900-01-00 00:00:00,1032-wombat,B8:27:EB:A2:CD:A4,-53, WPA ,0.000000,0.000000,0.000,0.000,AP
2026-04-01 13:28:53,1900-01-00 00:00:00,1032-wombat,B8:27:EB:A2:CD:A4,-53, WPA ,0.000000,0.000000,0.000,0.000,AP
2026-04-01 13:28:53,1900-01-00 00:00:00,1032-wombat,B8:27:EB:A2:CD:A4,-53, WPA ,0.000000,0.000000,0.000,0.000,AP
2026-04-01 13:28:53,1900-01-00 00:00:00,1032-wombat,B8:27:EB:A2:CD:A4,-53, WPA ,0.000000,0.000000,0.000,0.000,AP
2026-04-01 13:28:53,1900-01-00 00:00:00,1032-wombat,B8:27:EB:A2:CD:A4,-53, WPA ,0.000000,0.000000,0.000,0.000,AP
2026-04-01 13:28:53,1900-01-00 00:00:00,1032-wombat,B8:27:EB:A2:CD:A4,-53, WPA ,0.000000,0.000000,0.000,0.000,AP
2026-04-01 13:28:53,1900-01-00 00:00:00,1032-wombat,B8:27:EB:A2:CD:A4,-53, WPA ,0.000000,0.000000,0.000,0.000,AP
2026-04-01 13:28:53,1900-01-00 00:00:00,1032-wombat,B8:27:EB:A2:CD:A4,-53, WPA ,0.000000,0.000000,0.000,0.000,AP
2026-04-01 13:28:53,1900-01-00 00:00:00,1032-wombat,B8:27:EB:A2:CD:A4,-53, WPA ,0.000000,0.000000,0.000,0.000,AP
2026-04-01 13:28:53,1900-01-00 00:00:00,1032-wombat,B8:27:EB:A2:CD:A4,-53, WPA ,0.000000,0.000000,0.000,0.000,AP
2026-04-01 13:28:53,1900-01-00 00:00:00,1032-wombat,B8:27:EB:A2:CD:A4,-53, WPA ,0.000000,0.000000,0.000,0.000,AP
2026-04-01 13:28:53,1900-01-00 00:00:00,1032-wombat,B8:27:EB:A2:CD:A4,-53, WPA ,0.000000,0.000000,0.000,0.000,AP
2026-04-01 13:28:53,1900-01-00 00:00:00,1032-wombat,B8:27:EB:A2:CD:A4,-53, WPA ,0.000000,0.000000,0.000,0.000,AP
2026-04-01 13:28:53,1900-01-00 00:00:00,1032-wombat,B8:27:EB:A2:CD:A4,-53, WPA ,0.000000,0.000000,0.000,0.000,AP
2026-04-01 13:28:53,1900-01-00 00:00:00,1032-wombat,B8:27:EB:A2:CD:A4,-53, WPA ,0.000000,0.000000,0.000,0.000,AP
2026-04-01 13:28:53,1900-01-00 00:00:00,1032-wombat,B8:27:EB:A2:CD:A4,-53, WPA ,0.000000,0.000000,0.000,0.000,AP
2026-04-01 13:28:53,1900-01-00 00:00:00,1032-wombat,B8:27:EB:A2:CD:A4,-53, WPA ,0.000000,0.000000,0.000,0.000,AP
2026-04-01 13:28:53,1900-01-00 00:00:00,1032-wombat,B8:27:EB:A2:CD:A4,-53, WPA ,0.000000,0.000000,0.000,0.000,AP
2026-04-01 13:28:53,1900-01-00 00:00:00,1032-wombat,B8:27:EB:A2:CD:A4,-53, WPA ,0.000000,0.000000,0.000,0.000,AP
2026-04-01 13:28:53,1900-01-00 00:00:00,1032-wombat,B8:27:EB:A2:CD:A4,-53, WPA ,0.000000,0.000000,0.000,0.000,AP
2026-04-01 13:28:53,1900-01-00 00:00:00,1032-wombat,B8:27:EB:A2:CD:A4,-53, WPA ,0.000000,0.000000,0.000,0.000,AP
2026-04-01 13:28:53,1900-01-00 00:00:00,1032-wombat,B8:27:EB:A2:CD:A4,-53, WPA ,0.000000,0.000000,0.000,0.000,AP
2026-04-01 13:28:53,1900-01-00 00:00:00,1032-wombat,B8:27:EB:A2:CD:A4,-53, WPA ,0.000000,0.000000,0.000,0.000,AP
2026-04-01 13:28:53,1900-01-00 00:00:00,1032-wombat,B8:27:EB:A2:CD:A4,-53, WPA ,0.000000,0.000000,0.000,0.000,AP
2026-04-01 13:28:53,1900-01-00 00:00:00,1032-wombat,B8:27:EB:A2:CD:A4,-53, WPA ,0.000000,0.000000,0.000,0.000,AP
2026-04-01 13:28:53,1900-01-00 00:00:00,1032-wombat,B8:27:EB:A2:CD:A4,-53, WPA ,0.000000,0.000000,0.000,0.000,AP
2026-04-01 13:28:53,1900-01-00 00:00:00,1032-wombat,B8:27:EB:A2:CD:A4,-53, WPA ,0.000000,0.000000,0.000,0.000,AP
2026-04-01 13:28:53,1900-01-00 00:00:00,1032-wombat,B8:27:EB:A2:CD:A4,-53, WPA ,0.000000,0.000000,0.000,0.000,AP
2026-04-01 13:28:53,1900-01-00 00:00:00,1032-wombat,B8:27:EB:A2:CD:A4,-53, WPA ,0.000000,0.000000,0.000,0.000,AP
2026-04-01 13:28:53,1900-01-00 00:00:00,1032-wombat,B8:27:EB:A2:CD:A4,-53, WPA ,0.000000,0.000000,0.000,0.000,AP
2026-04-01 13:28:53,1900-01-00 00:00:00,1032-wombat,B8:27:EB:A2:CD:A4,-53, WPA ,0.000000,0.000000,0.000,0.000,AP
2026-04-01 13:28:53,1900-01-00 00:00:00,1032-wombat,B8:27:EB:A2:CD:A4,-53, WPA ,0.000000,0.000000,0.000,0.000,AP
2026-04-01 13:28:53,1900-01-00 00:00:00,1032-wombat,B8:27:EB:A2:CD:A4,-53, WPA ,0.000000,0.000000,0.000,0.000,AP
2026-04-01 13:28:53,1900-01-00 00:00:00,1032-wombat,B8:27:EB:A2:CD:A4,-53, WPA ,0.000000,0.000000,0.000,0.000,AP
2026-04-01 13:28:53,1900-01-00 00:00:00,1032-wombat,B8:27:EB:A2:CD:A4,-53, WPA ,0.000000,0.000000,0.000,0.000,AP
2026-04-01 13:28:53,1900-01-00 00:00:00,1032-wombat,B8:27:EB:A2:CD:A4,-53, WPA ,0.000000,0.000000,0.000,0.000,AP
2026-04-01 13:28:53,1900-01-00 00:00:00,1032-wombat,B8:27:EB:A2:CD:A4,-53, WPA ,0.000000,0.000000,0.000,0.000,AP
2026-04-01 13:28:53,1900-01-00 00:00:00,1032-wombat,B8:27:EB:A2:CD:A4,-53, WPA ,0.000000,0.000000,0.000,0.000,AP
2026-04-01 13:28:53,1900-01-00 00:00:00,1032-wombat,B8:27:EB:A2:CD:A4,-63, WPA ,0.000000,0.000000,0.000,0.000,AP
2026-04-01 13:28:53,1900-01-00 00:00:00,1032-wombat,B8:27:EB:A2:CD:A4,-63, WPA ,0.000000,0.000000,0.000,0.000,AP
2026-04-01 13:28:53,1900-01-00 00:00:00,1032-wombat,B8:27:EB:A2:CD:A4,-79, WPA ,0.000000,0.000000,0.000,0.000,AP
2026-04-01 13:28:53,1900-01-00 00:00:00,1032-wombat,B8:27:EB:A2:CD:A4,-79, WPA ,0.000000,0.000000,0.000,0.000,AP
2026-04-01 13:28:53,1900-01-00 00:00:00,1032-wombat,B8:27:EB:A2:CD:A4,-79, WPA ,0.000000,0.000000,0.000,0.000,AP
2026-04-01 13:28:53,1900-01-00 00:00:00,1032-wombat,B8:27:EB:A2:CD:A4,-79, WPA ,0.000000,0.000000,0.000,0.000,AP
2026-04-01 13:28:53,1900-01-00 00:00:00,1032-wombat,B8:27:EB:A2:CD:A4,-79, WPA ,0.000000,0.000000,0.000,0.000,AP
2026-04-01 13:28:53,1900-01-00 00:00:00,1032-wombat,B8:27:EB:A2:CD:A4,-79, WPA ,0.000000,0.000000,0.000,0.000,AP
2026-04-01 13:28:53,1900-01-00 00:00:00,1032-wombat,B8:27:EB:A2:CD:A4,-79, WPA ,0.000000,0.000000,0.000,0.000,AP
2026-04-01 13:28:53,1900-01-00 00:00:00,1032-wombat,B8:27:EB:A2:CD:A4,-79, WPA ,0.000000,0.000000,0.000,0.000,AP
2026-04-01 13:28:53,1900-01-00 00:00:00,1032-wombat,B8:27:EB:A2:CD:A4,-79, WPA ,0.000000,0.000000,0.000,0.000,AP
2026-04-01 13:28:53,1900-01-00 00:00:00,1032-wombat,B8:27:EB:A2:CD:A4,-79, WPA ,0.000000,0.000000,0.000,0.000,AP
2026-04-01 13:28:53,1900-01-00 00:00:00,1032-wombat,B8:27:EB:A2:CD:A4,-79, WPA ,0.000000,0.000000,0.000,0.000,AP
2026-04-01 13:28:53,1900-01-00 00:00:00,1032-wombat,B8:27:EB:A2:CD:A4,-79, WPA ,0.000000,0.000000,0.000,0.000,AP
2026-04-01 13:28:53,1900-01-00 00:00:00,1032-wombat,B8:27:EB:A2:CD:A4,-79, WPA ,0.000000,0.000000,0.000,0.000,AP
2026-04-01 13:28:53,1900-01-00 00:00:00,1032-wombat,B8:27:EB:A2:CD:A4,-79, WPA ,0.000000,0.000000,0.000,0.000,AP
2026-04-01 13:28:53,1900-01-00 00:00:00,1032-wombat,B8:27:EB:A2:CD:A4,-79, WPA ,0.000000,0.000000,0.000,0.000,AP
2026-04-01 13:28:53,1900-01-00 00:00:00,1032-wombat,B8:27:EB:A2:CD:A4,-79, WPA ,0.000000,0.000000,0.000,0.000,AP
2026-04-01 13:28:53,1900-01-00 00:00:00,1032-wombat,B8:27:EB:A2:CD:A4,-79, WPA ,0.000000,0.000000,0.000,0.000,AP
2026-04-01 13:28:53,1900-01-00 00:00:00,1032-wombat,B8:27:EB:A2:CD:A4,-79, WPA ,0.000000,0.000000,0.000,0.000,AP
2026-04-01 13:28:53,1900-01-00 00:00:00,1032-wombat,B8:27:EB:A2:CD:A4,-79, WPA ,0.000000,0.000000,0.000,0.000,AP
2026-04-01 13:28:53,1900-01-00 00:00:00,1032-wombat,B8:27:EB:A2:CD:A4,-79, WPA ,0.000000,0.000000,0.000,0.000,AP
2026-04-01 13:28:53,1900-01-00 00:00:00,1032-wombat,B8:27:EB:A2:CD:A4,-79, WPA ,0.000000,0.000000,0.000,0.000,AP
2026-04-01 13:28:53,1900-01-00 00:00:00,1032-wombat,B8:27:EB:A2:CD:A4,-79, WPA ,0.000000,0.000000,0.000,0.000,AP
2026-04-01 13:28:53,1900-01-00 00:00:00,1032-wombat,B8:27:EB:A2:CD:A4,-79, WPA ,0.000000,0.000000,0.000,0.000,AP
2026-04-01 13:28:53,1900-01-00 00:00:00,1032-wombat,B8:27:EB:A2:CD:A4,-79, WPA ,0.000000,0.000000,0.000,0.000,AP
2026-04-01 13:28:53,1900-01-00 00:00:00,1032-wombat,B8:27:EB:A2:CD:A4,-79, WPA ,0.000000,0.000000,0.000,0.000,AP
2026-04-01 13:28:53,1900-01-00 00:00:00,1032-wombat,B8:27:EB:A2:CD:A4,-79, WPA ,0.000000,0.000000,0.000,0.000,AP
2026-04-01 13:28:53,1900-01-00 00:00:00,1032-wombat,B8:27:EB:A2:CD:A4,-79, WPA ,0.000000,0.000000,0.000,0.000,AP
2026-04-01 13:28:53,1900-01-00 00:00:00,1032-wombat,B8:27:EB:A2:CD:A4,-79, WPA ,0.000000,0.000000,0.000,0.000,AP
2026-04-01 13:28:53,1900-01-00 00:00:00,1032-wombat,B8:27:EB:A2:CD:A4,-79, WPA ,0.000000,0.000000,0.000,0.000,AP
2026-04-01 13:28:53,1900-01-00 00:00:00,1032-wombat,B8:27:EB:A2:CD:A4,-79, WPA ,0.000000,0.000000,0.000,0.000,AP
2026-04-01 13:28:53,1900-01-00 00:00:00,1032-wombat,B8:27:EB:A2:CD:A4,-79, WPA ,0.000000,0.000000,0.000,0.000,AP
2026-04-01 13:28:53,1900-01-00 00:00:00,1032-wombat,B8:27:EB:A2:CD:A4,-79, WPA ,0.000000,0.000000,0.000,0.000,AP
2026-04-01 13:28:53,1900-01-00 00:00:00,1032-wombat,B8:27:EB:A2:CD:A4,-79, WPA ,0.000000,0.000000,0.000,0.000,AP
2026-04-01 13:28:53,1900-01-00 00:00:00,1032-wombat,B8:27:EB:A2:CD:A4,-79, WPA ,0.000000,0.000000,0.000,0.000,AP
2026-04-01 13:28:53,1900-01-00 00:00:00,1032-wombat,B8:27:EB:A2:CD:A4,-79, WPA ,0.000000,0.000000,0.000,0.000,AP
2026-04-01 13:28:53,1900-01-00 00:00:00,1032-wombat,B8:27:EB:A2:CD:A4,-79, WPA ,0.000000,0.000000,0.000,0.000,AP
2026-04-01 13:28:53,1900-01-00 00:00:00,1032-wombat,B8:27:EB:A2:CD:A4,-83, WPA ,0.000000,0.000000,0.000,0.000,AP
2026-04-01 13:28:53,1900-01-00 00:00:00,1032-wombat,B8:27:EB:A2:CD:A4,-83, WPA ,0.000000,0.000000,0.000,0.000,AP
2026-04-01 13:28:53,1900-01-00 00:00:00,1032-wombat,B8:27:EB:A2:CD:A4,-83, WPA ,0.000000,0.000000,0.000,0.000,AP
2026-04-01 13:28:53,1900-01-00 00:00:00,1032-wombat,B8:27:EB:A2:CD:A4,-83, WPA ,0.000000,0.000000,0.000,0.000,AP
2026-04-01 13:28:53,1900-01-00 00:00:00,1032-wombat,B8:27:EB:A2:CD:A4,-83, WPA ,0.000000,0.000000,0.000,0.000,AP
2026-04-01 13:28:53,1900-01-00 00:00:00,1032-wombat,B8:27:EB:A2:CD:A4,-83, WPA ,0.000000,0.000000,0.000,0.000,AP
2026-04-01 13:28:53,1900-01-00 00:00:00,1032-wombat,B8:27:EB:A2:CD:A4,-83, WPA ,0.000000,0.000000,0.000,0.000,AP
2026-04-01 13:28:53,1900-01-00 00:00:00,1032-wombat,B8:27:EB:A2:CD:A4,-83, WPA ,0.000000,0.000000,0.000,0.000,AP
2026-04-01 13:28:53,1900-01-00 00:00:00,1032-wombat,B8:27:EB:A2:CD:A4,-83, WPA ,0.000000,0.000000,0.000,0.000,AP
2026-04-01 13:28:53,1900-01-00 00:00:00,1032-wombat,B8:27:EB:A2:CD:A4,-52, WPA ,0.000000,0.000000,0.000,0.000,AP
2026-04-01 13:28:53,1900-01-00 00:00:00,1032-wombat,B8:27:EB:A2:CD:A4,-52, WPA ,0.000000,0.000000,0.000,0.000,AP
2026-04-01 13:28:53,1900-01-00 00:00:00,1032-wombat,B8:27:EB:A2:CD:A4,-52, WPA ,0.000000,0.000000,0.000,0.000,AP
2026-04-01 13:28:53,1900-01-00 00:00:00,1032-wombat,B8:27:EB:A2:CD:A4,-52, WPA ,0.000000,0.000000,0.000,0.000,AP
2026-04-01 13:28:53,1900-01-00 00:00:00,1032-wombat,B8:27:EB:A2:CD:A4,-52, WPA ,0.000000,0.000000,0.000,0.000,AP
2026-04-01 13:28:53,1900-01-00 00:00:00,1032-wombat,B8:27:EB:A2:CD:A4,-52, WPA ,0.000000,0.000000,0.000,0.000,AP
2026-04-01 13:28:53,1900-01-00 00:00:00,1032-wombat,B8:27:EB:A2:CD:A4,-52, WPA ,0.000000,0.000000,0.000,0.000,AP
2026-04-01 13:28:53,1900-01-00 00:00:00,1032-wombat,B8:27:EB:A2:CD:A4,-52, WPA ,0.000000,0.000000,0.000,0.000,AP
2026-04-01 13:28:53,1900-01-00 00:00:00,1032-wombat,B8:27:EB:A2:CD:A4,-52, WPA ,0.000000,0.000000,0.000,0.000,AP
2026-04-01 13:28:53,1900-01-00 00:00:00,1032-wombat,B8:27:EB:A2:CD:A4,-52, WPA ,0.000000,0.000000,0.000,0.000,AP
2026-04-01 13:28:53,1900-01-00 00:00:00,1032-wombat,B8:27:EB:A2:CD:A4,-52, WPA ,0.000000,0.000000,0.000,0.000,AP
2026-04-01 13:28:53,1900-01-00 00:00:00,1032-wombat,B8:27:EB:A2:CD:A4,-52, WPA ,0.000000,0.000000,0.000,0.000,AP
2026-04-01 13:28:53,1900-01-00 00:00:00,1032-wombat,B8:27:EB:A2:CD:A4,-52, WPA ,0.000000,0.000000,0.000,0.000,AP
2026-04-01 13:28:53,1900-01-00 00:00:00,1032-wombat,B8:27:EB:A2:CD:A4,-52, WPA ,0.000000,0.000000,0.000,0.000,AP
2026-04-01 13:28:53,1900-01-00 00:00:00,1032-wombat,B8:27:EB:A2:CD:A4,-52, WPA ,0.000000,0.000000,0.000,0.000,AP
2026-04-01 13:28:53,1900-01-00 00:00:00,1032-wombat,B8:27:EB:A2:CD:A4,-52, WPA ,0.000000,0.000000,0.000,0.000,AP
2026-04-01 13:28:53,1900-01-00 00:00:00,1032-wombat,B8:27:EB:A2:CD:A4,-52, WPA ,0.000000,0.000000,0.000,0.000,AP
2026-04-01 13:28:53,1900-01-00 00:00:00,1032-wombat,B8:27:EB:A2:CD:A4,-52, WPA ,0.000000,0.000000,0.000,0.000,AP
2026-04-01 13:28:53,1900-01-00 00:00:00,1032-wombat,B8:27:EB:A2:CD:A4,-52, WPA ,0.000000,0.000000,0.000,0.000,AP
2026-04-01 13:28:53,1900-01-00 00:00:00,1032-wombat,B8:27:EB:A2:CD:A4,-52, WPA ,0.000000,0.000000,0.000,0.000,AP
2026-04-01 13:28:53,1900-01-00 00:00:00,1032-wombat,B8:27:EB:A2:CD:A4,-52, WPA ,0.000000,0.000000,0.000,0.000,AP
2026-04-01 13:28:53,1900-01-00 00:00:00,1032-wombat,B8:27:EB:A2:CD:A4,-52, WPA ,0.000000,0.000000,0.000,0.000,AP
2026-04-01 13:28:53,1900-01-00 00:00:00,1032-wombat,B8:27:EB:A2:CD:A4,-52, WPA ,0.000000,0.000000,0.000,0.000,AP
2026-04-01 13:28:53,1900-01-00 00:00:00,1032-wombat,B8:27:EB:A2:CD:A4,-52, WPA ,0.000000,0.000000,0.000,0.000,AP
2026-04-01 13:28:53,1900-01-00 00:00:00,1032-wombat,B8:27:EB:A2:CD:A4,-52, WPA ,0.000000,0.000000,0.000,0.000,AP
2026-04-01 13:28:53,1900-01-00 00:00:00,1032-wombat,B8:27:EB:A2:CD:A4,-52, WPA ,0.000000,0.000000,0.000,0.000,AP
2026-04-01 13:28:53,1900-01-00 00:00:00,1032-wombat,B8:27:EB:A2:CD:A4,-52, WPA ,0.000000,0.000000,0.000,0.000,AP
2026-04-01 13:28:53,1900-01-00 00:00:00,1032-wombat,B8:27:EB:A2:CD:A4,-52, WPA ,0.000000,0.000000,0.000,0.000,AP
2026-04-01 13:28:53,1900-01-00 00:00:00,1032-wombat,B8:27:EB:A2:CD:A4,-52, WPA ,0.000000,0.000000,0.000,0.000,AP
2026-04-01 13:28:53,1900-01-00 00:00:00,1032-wombat,B8:27:EB:A2:CD:A4,-52, WPA ,0.000000,0.000000,0.000,0.000,AP
2026-04-01 13:28:53,1900-01-00 00:00:00,1032-wombat,B8:27:EB:A2:CD:A4,-52, WPA ,0.000000,0.000000,0.000,0.000,AP
2026-04-01 13:28:53,1900-01-00 00:00:00,1032-wombat,B8:27:EB:A2:CD:A4,-52, WPA ,0.000000,0.000000,0.000,0.000,AP
2026-04-01 13:28:53,1900-01-00 00:00:00,1032-wombat,B8:27:EB:A2:CD:A4,-52, WPA ,0.000000,0.000000,0.000,0.000,AP
2026-04-01 13:28:53,1900-01-00 00:00:00,1032-wombat,B8:27:EB:A2:CD:A4,-52, WPA ,0.000000,0.000000,0.000,0.000,AP
2026-04-01 13:28:53,1900-01-00 00:00:00,1032-wombat,B8:27:EB:A2:CD:A4,-52, WPA ,0.000000,0.000000,0.000,0.000,AP
2026-04-01 13:28:53,1900-01-00 00:00:00,1032-wombat,B8:27:EB:A2:CD:A4,-52, WPA ,0.000000,0.000000,0.000,0.000,AP
2026-04-01 13:28:53,1900-01-00 00:00:00,1032-wombat,B8:27:EB:A2:CD:A4,-52, WPA ,0.000000,0.000000,0.000,0.000,AP
2026-04-01 13:28:53,1900-01-00 00:00:00,1032-wombat,B8:27:EB:A2:CD:A4,-52, WPA ,0.000000,0.000000,0.000,0.000,AP
2026-04-01 13:28:53,1900-01-00 00:00:00,1032-wombat,B8:27:EB:A2:CD:A4,-52, WPA ,0.000000,0.000000,0.000,0.000,AP
2026-04-01 13:28:53,1900-01-00 00:00:00,1032-wombat,B8:27:EB:A2:CD:A4,-52, WPA ,0.000000,0.000000,0.000,0.000,AP
2026-04-01 13:28:53,1900-01-00 00:00:00,1032-wombat,B8:27:EB:A2:CD:A4,-52, WPA ,0.000000,0.000000,0.000,0.000,AP
2026-04-01 13:28:53,1900-01-00 00:00:00,1032-wombat,B8:27:EB:A2:CD:A4,-52, WPA ,0.000000,0.000000,0.000,0.000,AP
2026-04-01 13:28:53,1900-01-00 00:00:00,1032-wombat,B8:27:EB:A2:CD:A4,-52, WPA ,0.000000,0.000000,0.000,0.000,AP
2026-04-01 13:28:53,1900-01-00 00:00:00,1032-wombat,B8:27:EB:A2:CD:A4,-52, WPA ,0.000000,0.000000,0.000,0.000,AP
2026-04-01 13:28:53,1900-01-00 00:00:00,1032-wombat,B8:27:EB:A2:CD:A4,-52, WPA ,0.000000,0.000000,0.000,0.000,AP
2026-04-01 13:28:53,1900-01-00 00:00:00,1032-wombat,B8:27:EB:A2:CD:A4,-52, WPA ,0.000000,0.000000,0.000,0.000,AP
2026-04-01 13:28:53,1900-01-00 00:00:00,1032-wombat,B8:27:EB:A2:CD:A4,-52, WPA ,0.000000,0.000000,0.000,0.000,AP
2026-04-01 13:28:53,1900-01-00 00:00:00,1032-wombat,B8:27:EB:A2:CD:A4,-52, WPA ,0.000000,0.000000,0.000,0.000,AP
2026-04-01 13:28:53,1900-01-00 00:00:00,1032-wombat,B8:27:EB:A2:CD:A4,-52, WPA ,0.000000,0.000000,0.000,0.000,AP
2026-04-01 13:28:53,1900-01-00 00:00:00,1032-wombat,B8:27:EB:A2:CD:A4,-52, WPA ,0.000000,0.000000,0.000,0.000,AP
2026-04-01 13:28:53,1900-01-00 00:00:00,1032-wombat,B8:27:EB:A2:CD:A4,-52, WPA ,0.000000,0.000000,0.000,0.000,AP
2026-04-01 13:28:53,1900-01-00 00:00:00,1032-wombat,B8:27:EB:A2:CD:A4,-64, WPA ,0.000000,0.000000,0.000,0.000,AP
2026-04-01 13:28:53,1900-01-00 00:00:00,1032-wombat,B8:27:EB:A2:CD:A4,-79, WPA ,0.000000,0.000000,0.000,0.000,AP
2026-04-01 13:28:53,1900-01-00 00:00:00,1032-wombat,B8:27:EB:A2:CD:A4,-78, WPA ,0.000000,0.000000,0.000,0.000,AP
2026-04-01 13:28:53,1900-01-00 00:00:00,1032-wombat,B8:27:EB:A2:CD:A4,-78, WPA ,0.000000,0.000000,0.000,0.000,AP
2026-04-01 13:28:53,1900-01-00 00:00:00,1032-wombat,B8:27:EB:A2:CD:A4,-78, WPA ,0.000000,0.000000,0.000,0.000,AP
2026-04-01 13:28:53,1900-01-00 00:00:00,1032-wombat,B8:27:EB:A2:CD:A4,-78, WPA ,0.000000,0.000000,0.000,0.000,AP
2026-04-01 13:28:53,1900-01-00 00:00:00,1032-wombat,B8:27:EB:A2:CD:A4,-78, WPA ,0.000000,0.000000,0.000,0.000,AP
2026-04-01 13:28:53,1900-01-00 00:00:00,1032-wombat,B8:27:EB:A2:CD:A4,-78, WPA ,0.000000,0.000000,0.000,0.000,AP
2026-04-01 13:28:53,1900-01-00 00:00:00,1032-wombat,B8:27:EB:A2:CD:A4,-78, WPA ,0.000000,0.000000,0.000,0.000,AP
2026-04-01 13:28:53,1900-01-00 00:00:00,1032-wombat,B8:27:EB:A2:CD:A4,-78, WPA ,0.000000,0.000000,0.000,0.000,AP
2026-04-01 13:28:53,1900-01-00 00:00:00,1032-wombat,B8:27:EB:A2:CD:A4,-78, WPA ,0.000000,0.000000,0.000,0.000,AP
2026-04-01 13:28:53,1900-01-00 00:00:00,1032-wombat,B8:27:EB:A2:CD:A4,-78, WPA ,0.000000,0.000000,0.000,0.000,AP
2026-04-01 13:28:53,1900-01-00 00:00:00,1032-wombat,B8:27:EB:A2:CD:A4,-78, WPA ,0.000000,0.000000,0.000,0.000,AP
2026-04-01 13:28:53,1900-01-00 00:00:00,1032-wombat,B8:27:EB:A2:CD:A4,-78, WPA ,0.000000,0.000000,0.000,0.000,AP
2026-04-01 13:28:53,1900-01-00 00:00:00,1032-wombat,B8:27:EB:A2:CD:A4,-78, WPA ,0.000000,0.000000,0.000,0.000,AP
2026-04-01 13:28:53,1900-01-00 00:00:00,1032-wombat,B8:27:EB:A2:CD:A4,-78, WPA ,0.000000,0.000000,0.000,0.000,AP
2026-04-01 13:28:53,1900-01-00 00:00:00,1032-wombat,B8:27:EB:A2:CD:A4,-78, WPA ,0.000000,0.000000,0.000,0.000,AP
2026-04-01 13:28:53,1900-01-00 00:00:00,1032-wombat,B8:27:EB:A2:CD:A4,-78, WPA ,0.000000,0.000000,0.000,0.000,AP
2026-04-01 13:28:53,1900-01-00 00:00:00,1032-wombat,B8:27:EB:A2:CD:A4,-78, WPA ,0.000000,0.000000,0.000,0.000,AP
2026-04-01 13:28:53,1900-01-00 00:00:00,1032-wombat,B8:27:EB:A2:CD:A4,-78, WPA ,0.000000,0.000000,0.000,0.000,AP
2026-04-01 13:28:53,1900-01-00 00:00:00,1032-wombat,B8:27:EB:A2:CD:A4,-78, WPA ,0.000000,0.000000,0.000,0.000,AP
2026-04-01 13:28:53,1900-01-00 00:00:00,1032-wombat,B8:27:EB:A2:CD:A4,-78, WPA ,0.000000,0.000000,0.000,0.000,AP
2026-04-01 13:28:53,1900-01-00 00:00:00,1032-wombat,B8:27:EB:A2:CD:A4,-78, WPA ,0.000000,0.000000,0.000,0.000,AP
2026-04-01 13:28:53,1900-01-00 00:00:00,1032-wombat,B8:27:EB:A2:CD:A4,-78, WPA ,0.000000,0.000000,0.000,0.000,AP
2026-04-01 13:28:53,1900-01-00 00:00:00,1032-wombat,B8:27:EB:A2:CD:A4,-78, WPA ,0.000000,0.000000,0.000,0.000,AP
2026-04-01 13:28:53,1900-01-00 00:00:00,1032-wombat,B8:27:EB:A2:CD:A4,-78, WPA ,0.000000,0.000000,0.000,0.000,AP
2026-04-01 13:28:53,1900-01-00 00:00:00,1032-wombat,B8:27:EB:A2:CD:A4,-78, WPA ,0.000000,0.000000,0.000,0.000,AP
2026-04-01 13:28:53,1900-01-00 00:00:00,1032-wombat,B8:27:EB:A2:CD:A4,-78, WPA ,0.000000,0.000000,0.000,0.000,AP
2026-04-01 13:28:53,1900-01-00 00:00:00,1032-wombat,B8:27:EB:A2:CD:A4,-78, WPA ,0.000000,0.000000,0.000,0.000,AP
2026-04-01 13:28:53,1900-01-00 00:00:00,1032-wombat,B8:27:EB:A2:CD:A4,-78, WPA ,0.000000,0.000000,0.000,0.000,AP
2026-04-01 13:28:53,1900-01-00 00:00:00,1032-wombat,B8:27:EB:A2:CD:A4,-78, WPA ,0.000000,0.000000,0.000,0.000,AP
2026-04-01 13:28:53,1900-01-00 00:00:00,1032-wombat,B8:27:EB:A2:CD:A4,-78, WPA ,0.000000,0.000000,0.000,0.000,AP
2026-04-01 13:28:53,1900-01-00 00:00:00,1032-wombat,B8:27:EB:A2:CD:A4,-78, WPA ,0.000000,0.000000,0.000,0.000,AP
2026-04-01 13:28:53,1900-01-00 00:00:00,1032-wombat,B8:27:EB:A2:CD:A4,-78, WPA ,0.000000,0.000000,0.000,0.000,AP
2026-04-01 13:28:53,1900-01-00 00:00:00,1032-wombat,B8:27:EB:A2:CD:A4,-78, WPA ,0.000000,0.000000,0.000,0.000,AP
2026-04-01 13:28:53,1900-01-00 00:00:00,1032-wombat,B8:27:EB:A2:CD:A4,-78, WPA ,0.000000,0.000000,0.000,0.000,AP
2026-04-01 13:28:53,1900-01-00 00:00:00,1032-wombat,B8:27:EB:A2:CD:A4,-78, WPA ,0.000000,0.000000,0.000,0.000,AP
2026-04-01 13:28:53,1900-01-00 00:00:00,1032-wombat,B8:27:EB:A2:CD:A4,-84, WPA ,0.000000,0.000000,0.000,0.000,AP
2026-04-01 13:28:53,1900-01-00 00:00:00,1032-wombat,B8:27:EB:A2:CD:A4,-81, WPA ,0.000000,0.000000,0.000,0.000,AP
2026-04-01 13:28:53,1900-01-00 00:00:00,1032-wombat,B8:27:EB:A2:CD:A4,-81, WPA ,0.000000,0.000000,0.000,0.000,AP
2026-04-01 13:28:53,1900-01-00 00:00:00,1032-wombat,B8:27:EB:A2:CD:A4,-81, WPA ,0.000000,0.000000,0.000,0.000,AP
2026-04-01 13:28:53,1900-01-00 00:00:00,1032-wombat,B8:27:EB:A2:CD:A4,-81, WPA ,0.000000,0.000000,0.000,0.000,AP
2026-04-01 13:28:53,1900-01-00 00:00:00,1032-wombat,B8:27:EB:A2:CD:A4,-81, WPA ,0.000000,0.000000,0.000,0.000,AP
2026-04-01 13:28:53,1900-01-00 00:00:00,1032-wombat,B8:27:EB:A2:CD:A4,-81, WPA ,0.000000,0.000000,0.000,0.000,AP
2026-04-01 13:28:53,1900-01-00 00:00:00,1032-wombat,B8:27:EB:A2:CD:A4,-81, WPA ,0.000000,0.000000,0.000,0.000,AP
2026-04-01 13:28:53,1900-01-00 00:00:00,1032-wombat,B8:27:EB:A2:CD:A4,-81, WPA ,0.000000,0.000000,0.000,0.000,AP
2026-04-01 13:28:53,1900-01-00 00:00:00,1032-wombat,B8:27:EB:A2:CD:A4,-81, WPA ,0.000000,0.000000,0.000,0.000,AP
2026-04-01 13:28:53,1900-01-00 00:00:00,1032-wombat,B8:27:EB:A2:CD:A4,-81, WPA ,0.000000,0.000000,0.000,0.000,AP
2026-04-01 13:28:53,1900-01-00 00:00:00,1032-wombat,B8:27:EB:A2:CD:A4,-53, WPA ,0.000000,0.000000,0.000,0.000,AP
2026-04-01 13:28:53,1900-01-00 00:00:00,1032-wombat,B8:27:EB:A2:CD:A4,-53, WPA ,0.000000,0.000000,0.000,0.000,AP
2026-04-01 13:28:53,1900-01-00 00:00:00,1032-wombat,B8:27:EB:A2:CD:A4,-53, WPA ,0.000000,0.000000,0.000,0.000,AP
2026-04-01 13:28:53,1900-01-00 00:00:00,1032-wombat,B8:27:EB:A2:CD:A4,-53, WPA ,0.000000,0.000000,0.000,0.000,AP
2026-04-01 13:28:53,1900-01-00 00:00:00,1032-wombat,B8:27:EB:A2:CD:A4,-85, WPA ,0.000000,0.000000,0.000,0.000,AP
2026-04-01 13:28:53,1900-01-00 00:00:00,1032-wombat,B8:27:EB:A2:CD:A4,-85, WPA ,0.000000,0.000000,0.000,0.000,AP
2026-04-01 13:28:53,1900-01-00 00:00:00,1032-wombat,B8:27:EB:A2:CD:A4,-85, WPA ,0.000000,0.000000,0.000,0.000,AP
2026-04-01 13:28:53,1900-01-00 00:00:00,1032-wombat,B8:27:EB:A2:CD:A4,-85, WPA ,0.000000,0.000000,0.000,0.000,AP
2026-04-01 13:28:53,1900-01-00 00:00:00,1032-wombat,B8:27:EB:A2:CD:A4,-85, WPA ,0.000000,0.000000,0.000,0.000,AP
2026-04-01 13:28:53,1900-01-00 00:00:00,1032-wombat,B8:27:EB:A2:CD:A4,-85, WPA ,0.000000,0.000000,0.000,0.000,AP
2026-04-01 13:28:53,1900-01-00 00:00:00,1032-wombat,B8:27:EB:A2:CD:A4,-85, WPA ,0.000000,0.000000,0.000,0.000,AP
2026-04-01 13:28:53,1900-01-00 00:00:00,1032-wombat,B8:27:EB:A2:CD:A4,-85, WPA ,0.000000,0.000000,0.000,0.000,AP
2026-04-01 13:28:53,1900-01-00 00:00:00,1032-wombat,B8:27:EB:A2:CD:A4,-85, WPA ,0.000000,0.000000,0.000,0.000,AP
2026-04-01 13:28:53,1900-01-00 00:00:00,1032-wombat,B8:27:EB:A2:CD:A4,-85, WPA ,0.000000,0.000000,0.000,0.000,AP
2026-04-01 13:28:53,1900-01-00 00:00:00,1032-wombat,B8:27:EB:A2:CD:A4,-85, WPA ,0.000000,0.000000,0.000,0.000,AP
2026-04-01 13:28:53,1900-01-00 00:00:00,1032-wombat,B8:27:EB:A2:CD:A4,-85, WPA ,0.000000,0.000000,0.000,0.000,AP
2026-04-01 13:28:53,1900-01-00 00:00:00,1032-wombat,B8:27:EB:A2:CD:A4,-85, WPA ,0.000000,0.000000,0.000,0.000,AP
2026-04-01 13:28:53,1900-01-00 00:00:00,1032-wombat,B8:27:EB:A2:CD:A4,-85, WPA ,0.000000,0.000000,0.000,0.000,AP
2026-04-01 13:28:53,1900-01-00 00:00:00,1032-wombat,B8:27:EB:A2:CD:A4,-85, WPA ,0.000000,0.000000,0.000,0.000,AP
2026-04-01 13:28:53,1900-01-00 00:00:00,1032-wombat,B8:27:EB:A2:CD:A4,-85, WPA ,0.000000,0.000000,0.000,0.000,AP
2026-04-01 13:28:53,1900-01-00 00:00:00,1032-wombat,B8:27:EB:A2:CD:A4,-85, WPA ,0.000000,0.000000,0.000,0.000,AP
2026-04-01 13:28:53,1900-01-00 00:00:00,1032-wombat,B8:27:EB:A2:CD:A4,-85, WPA ,0.000000,0.000000,0.000,0.000,AP
2026-04-01 13:28:53,1900-01-00 00:00:00,1032-wombat,B8:27:EB:A2:CD:A4,-85, WPA ,0.000000,0.000000,0.000,0.000,AP
2026-04-01 13:28:53,1900-01-00 00:00:00,1032-wombat,B8:27:EB:A2:CD:A4,-85, WPA ,0.000000,0.000000,0.000,0.000,AP
2026-04-01 13:28:53,1900-01-00 00:00:00,1032-wombat,B8:27:EB:A2:CD:A4,-85, WPA ,0.000000,0.000000,0.000,0.000,AP
2026-04-01 13:28:53,1900-01-00 00:00:00,1032-wombat,B8:27:EB:A2:CD:A4,-85, WPA ,0.000000,0.000000,0.000,0.000,AP
2026-04-01 13:28:53,1900-01-00 00:00:00,1032-wombat,B8:27:EB:A2:CD:A4,-85, WPA ,0.000000,0.000000,0.000,0.000,AP
2026-04-01 13:28:53,1900-01-00 00:00:00,1032-wombat,B8:27:EB:A2:CD:A4,-85, WPA ,0.000000,0.000000,0.000,0.000,AP
2026-04-01 13:28:53,1900-01-00 00:00:00,1032-wombat,B8:27:EB:A2:CD:A4,-85, WPA ,0.000000,0.000000,0.000,0.000,AP
2026-04-01 13:28:53,1900-01-00 00:00:00,1032-wombat,B8:27:EB:A2:CD:A4,-85, WPA ,0.000000,0.000000,0.000,0.000,AP
2026-04-01 13:28:53,1900-01-00 00:00:00,1032-wombat,B8:27:EB:A2:CD:A4,-85, WPA ,0.000000,0.000000,0.000,0.000,AP
2026-04-01 13:28:53,1900-01-00 00:00:00,1032-wombat,B8:27:EB:A2:CD:A4,-85, WPA ,0.000000,0.000000,0.000,0.000,AP
2026-04-01 13:28:53,1900-01-00 00:00:00,1032-wombat,B8:27:EB:A2:CD:A4,-85, WPA ,0.000000,0.000000,0.000,0.000,AP
2026-04-01 13:28:53,1900-01-00 00:00:00,1032-wombat,B8:27:EB:A2:CD:A4,-85, WPA ,0.000000,0.000000,0.000,0.000,AP
2026-04-01 13:28:53,1900-01-00 00:00:00,1032-wombat,B8:27:EB:A2:CD:A4,-85, WPA ,0.000000,0.000000,0.000,0.000,AP
2026-04-01 13:28:53,1900-01-00 00:00:00,1032-wombat,B8:27:EB:A2:CD:A4,-85, WPA ,0.000000,0.000000,0.000,0.000,AP
2026-04-01 13:28:53,1900-01-00 00:00:00,1032-wombat,B8:27:EB:A2:CD:A4,-85, WPA ,0.000000,0.000000,0.000,0.000,AP
2026-04-01 13:28:53,1900-01-00 00:00:00,1032-wombat,B8:27:EB:A2:CD:A4,-85, WPA ,0.000000,0.000000,0.000,0.000,AP
2026-04-01 13:28:53,1900-01-00 00:00:00,1032-wombat,B8:27:EB:A2:CD:A4,-85, WPA ,0.000000,0.000000,0.000,0.000,AP
2026-04-01 13:28:53,1900-01-00 00:00:00,1032-wombat,B8:27:EB:A2:CD:A4,-85, WPA ,0.000000,0.000000,0.000,0.000,AP
2026-04-01 13:28:53,1900-01-00 00:00:00,1032-wombat,B8:27:EB:A2:CD:A4,-85, WPA ,0.000000,0.000000,0.000,0.000,AP
2026-04-01 13:28:53,1900-01-00 00:00:00,1032-wombat,B8:27:EB:A2:CD:A4,-85, WPA ,0.000000,0.000000,0.000,0.000,AP
2026-04-01 13:28:53,1900-01-00 00:00:00,1032-wombat,B8:27:EB:A2:CD:A4,-85, WPA ,0.000000,0.000000,0.000,0.000,AP
2026-04-01 13:28:53,1900-01-00 00:00:00,1032-wombat,B8:27:EB:A2:CD:A4,-85, WPA ,0.000000,0.000000,0.000,0.000,AP
2026-04-01 13:28:53,1900-01-00 00:00:00,1032-wombat,B8:27:EB:A2:CD:A4,-85, WPA ,0.000000,0.000000,0.000,0.000,AP
2026-04-01 13:28:53,1900-01-00 00:00:00,1032-wombat,B8:27:EB:A2:CD:A4,-85, WPA ,0.000000,0.000000,0.000,0.000,AP
2026-04-01 13:28:53,1900-01-00 00:00:00,1032-wombat,B8:27:EB:A2:CD:A4,-85, WPA ,0.000000,0.000000,0.000,0.000,AP
2026-04-01 13:28:53,1900-01-00 00:00:00,1032-wombat,B8:27:EB:A2:CD:A4,-85, WPA ,0.000000,0.000000,0.000,0.000,AP
2026-04-01 13:28:53,1900-01-00 00:00:00,1032-wombat,B8:27:EB:A2:CD:A4,-85, WPA ,0.000000,0.000000,0.000,0.000,AP
2026-04-01 13:28:53,1900-01-00 00:00:00,1032-wombat,B8:27:EB:A2:CD:A4,-85, WPA ,0.000000,0.000000,0.000,0.000,AP
2026-04-01 13:28:53,1900-01-00 00:00:00,1032-wombat,B8:27:EB:A2:CD:A4,-65, WPA ,0.000000,0.000000,0.000,0.000,AP
2026-04-01 13:28:53,1900-01-00 00:00:00,1032-wombat,B8:27:EB:A2:CD:A4,-65, WPA ,0.000000,0.000000,0.000,0.000,AP
2026-04-01 13:28:53,1900-01-00 00:00:00,1032-wombat,B8:27:EB:A2:CD:A4,-78, WPA ,0.000000,0.000000,0.000,0.000,AP
2026-04-01 13:28:53,1900-01-00 00:00:00,1032-wombat,B8:27:EB:A2:CD:A4,-78, WPA ,0.000000,0.000000,0.000,0.000,AP
2026-04-01 13:28:53,1900-01-00 00:00:00,1032-wombat,B8:27:EB:A2:CD:A4,-78, WPA ,0.000000,0.000000,0.000,0.000,AP
2026-04-01 13:28:53,1900-01-00 00:00:00,1032-wombat,B8:27:EB:A2:CD:A4,-78, WPA ,0.000000,0.000000,0.000,0.000,AP
2026-04-01 13:28:53,1900-01-00 00:00:00,1032-wombat,B8:27:EB:A2:CD:A4,-78, WPA ,0.000000,0.000000,0.000,0.000,AP
2026-04-01 13:28:53,1900-01-00 00:00:00,1032-wombat,B8:27:EB:A2:CD:A4,-78, WPA ,0.000000,0.000000,0.000,0.000,AP
2026-04-01 13:28:53,1900-01-00 00:00:00,1032-wombat,B8:27:EB:A2:CD:A4,-78, WPA ,0.000000,0.000000,0.000,0.000,AP
2026-04-01 13:28:53,1900-01-00 00:00:00,1032-wombat,B8:27:EB:A2:CD:A4,-78, WPA ,0.000000,0.000000,0.000,0.000,AP
2026-04-01 13:28:53,1900-01-00 00:00:00,1032-wombat,B8:27:EB:A2:CD:A4,-78, WPA ,0.000000,0.000000,0.000,0.000,AP
2026-04-01 13:28:53,1900-01-00 00:00:00,1032-wombat,B8:27:EB:A2:CD:A4,-78, WPA ,0.000000,0.000000,0.000,0.000,AP
2026-04-01 13:28:53,1900-01-00 00:00:00,1032-wombat,B8:27:EB:A2:CD:A4,-55, WPA ,0.000000,0.000000,0.000,0.000,AP
2026-04-01 13:28:53,1900-01-00 00:00:00,1032-wombat,B8:27:EB:A2:CD:A4,-54, WPA ,0.000000,0.000000,0.000,0.000,AP
2026-04-01 13:28:53,1900-01-00 00:00:00,1032-wombat,B8:27:EB:A2:CD:A4,-54, WPA ,0.000000,0.000000,0.000,0.000,AP
2026-04-01 13:28:53,1900-01-00 00:00:00,1032-wombat,B8:27:EB:A2:CD:A4,-54, WPA ,0.000000,0.000000,0.000,0.000,AP
2026-04-01 13:28:53,1900-01-00 00:00:00,1032-wombat,B8:27:EB:A2:CD:A4,-54, WPA ,0.000000,0.000000,0.000,0.000,AP
2026-04-01 13:28:53,1900-01-00 00:00:00,1032-wombat,B8:27:EB:A2:CD:A4,-54, WPA ,0.000000,0.000000,0.000,0.000,AP
2026-04-01 13:28:53,1900-01-00 00:00:00,1032-wombat,B8:27:EB:A2:CD:A4,-54, WPA ,0.000000,0.000000,0.000,0.000,AP
2026-04-01 13:28:53,1900-01-00 00:00:00,1032-wombat,B8:27:EB:A2:CD:A4,-54, WPA ,0.000000,0.000000,0.000,0.000,AP
2026-04-01 13:28:53,1900-01-00 00:00:00,1032-wombat,B8:27:EB:A2:CD:A4,-54, WPA ,0.000000,0.000000,0.000,0.000,AP
2026-04-01 13:28:53,1900-01-00 00:00:00,1032-wombat,B8:27:EB:A2:CD:A4,-54, WPA ,0.000000,0.000000,0.000,0.000,AP
2026-04-01 13:28:53,1900-01-00 00:00:00,1032-wombat,B8:27:EB:A2:CD:A4,-54, WPA ,0.000000,0.000000,0.000,0.000,AP
2026-04-01 13:28:53,1900-01-00 00:00:00,1032-wombat,B8:27:EB:A2:CD:A4,-54, WPA ,0.000000,0.000000,0.000,0.000,AP
2026-04-01 13:28:53,1900-01-00 00:00:00,1032-wombat,B8:27:EB:A2:CD:A4,-54, WPA ,0.000000,0.000000,0.000,0.000,AP
2026-04-01 13:28:53,1900-01-00 00:00:00,1032-wombat,B8:27:EB:A2:CD:A4,-54, WPA ,0.000000,0.000000,0.000,0.000,AP
2026-04-01 13:28:53,1900-01-00 00:00:00,1032-wombat,B8:27:EB:A2:CD:A4,-66, WPA ,0.000000,0.000000,0.000,0.000,AP
2026-04-01 13:28:53,1900-01-00 00:00:00,1032-wombat,B8:27:EB:A2:CD:A4,-66, WPA ,0.000000,0.000000,0.000,0.000,AP
2026-04-01 13:28:53,1900-01-00 00:00:00,1032-wombat,B8:27:EB:A2:CD:A4,-66, WPA ,0.000000,0.000000,0.000,0.000,AP
2026-04-01 13:28:53,1900-01-00 00:00:00,1032-wombat,B8:27:EB:A2:CD:A4,-66, WPA ,0.000000,0.000000,0.000,0.000,AP
2026-04-01 13:28:53,1900-01-00 00:00:00,1032-wombat,B8:27:EB:A2:CD:A4,-66, WPA ,0.000000,0.000000,0.000,0.000,AP
2026-04-01 13:28:53,1900-01-00 00:00:00,1032-wombat,B8:27:EB:A2:CD:A4,-66, WPA ,0.000000,0.000000,0.000,0.000,AP
2026-04-01 13:28:53,1900-01-00 00:00:00,1032-wombat,B8:27:EB:A2:CD:A4,-66, WPA ,0.000000,0.000000,0.000,0.000,AP
2026-04-01 13:28:53,1900-01-00 00:00:00,1032-wombat,B8:27:EB:A2:CD:A4,-66, WPA ,0.000000,0.000000,0.000,0.000,AP
2026-04-01 13:28:53,1900-01-00 00:00:00,1032-wombat,B8:27:EB:A2:CD:A4,-66, WPA ,0.000000,0.000000,0.000,0.000,AP
2026-04-01 13:28:53,1900-01-00 00:00:00,1032-wombat,B8:27:EB:A2:CD:A4,-66, WPA ,0.000000,0.000000,0.000,0.000,AP
2026-04-01 13:28:53,1900-01-00 00:00:00,1032-wombat,B8:27:EB:A2:CD:A4,-66, WPA ,0.000000,0.000000,0.000,0.000,AP
2026-04-01 13:28:53,1900-01-00 00:00:00,1032-wombat,B8:27:EB:A2:CD:A4,-66, WPA ,0.000000,0.000000,0.000,0.000,AP
2026-04-01 13:28:53,1900-01-00 00:00:00,1032-wombat,B8:27:EB:A2:CD:A4,-66, WPA ,0.000000,0.000000,0.000,0.000,AP
2026-04-01 13:28:53,1900-01-00 00:00:00,1032-wombat,B8:27:EB:A2:CD:A4,-66, WPA ,0.000000,0.000000,0.000,0.000,AP
2026-04-01 13:28:53,1900-01-00 00:00:00,1032-wombat,B8:27:EB:A2:CD:A4,-66, WPA ,0.000000,0.000000,0.000,0.000,AP
2026-04-01 13:28:53,1900-01-00 00:00:00,1032-wombat,B8:27:EB:A2:CD:A4,-66, WPA ,0.000000,0.000000,0.000,0.000,AP
2026-04-01 13:28:53,1900-01-00 00:00:00,1032-wombat,B8:27:EB:A2:CD:A4,-66, WPA ,0.000000,0.000000,0.000,0.000,AP
2026-04-01 13:28:53,1900-01-00 00:00:00,1032-wombat,B8:27:EB:A2:CD:A4,-66, WPA ,0.000000,0.000000,0.000,0.000,AP
2026-04-01 13:28:53,1900-01-00 00:00:00,1032-wombat,B8:27:EB:A2:CD:A4,-66, WPA ,0.000000,0.000000,0.000,0.000,AP
2026-04-01 13:28:53,1900-01-00 00:00:00,1032-wombat,B8:27:EB:A2:CD:A4,-66, WPA ,0.000000,0.000000,0.000,0.000,AP
2026-04-01 13:28:53,1900-01-00 00:00:00,1032-wombat,B8:27:EB:A2:CD:A4,-66, WPA ,0.000000,0.000000,0.000,0.000,AP
2026-04-01 13:28:53,1900-01-00 00:00:00,1032-wombat,B8:27:EB:A2:CD:A4,-66, WPA ,0.000000,0.000000,0.000,0.000,AP
2026-04-01 13:28:53,1900-01-00 00:00:00,1032-wombat,B8:27:EB:A2:CD:A4,-66, WPA ,0.000000,0.000000,0.000,0.000,AP
2026-04-01 13:28:53,1900-01-00 00:00:00,1032-wombat,B8:27:EB:A2:CD:A4,-66, WPA ,0.000000,0.000000,0.000,0.000,AP
2026-04-01 13:28:53,1900-01-00 00:00:00,1032-wombat,B8:27:EB:A2:CD:A4,-66, WPA ,0.000000,0.000000,0.000,0.000,AP
2026-04-01 13:28:53,1900-01-00 00:00:00,1032-wombat,B8:27:EB:A2:CD:A4,-66, WPA ,0.000000,0.000000,0.000,0.000,AP
2026-04-01 13:28:53,1900-01-00 00:00:00,1032-wombat,B8:27:EB:A2:CD:A4,-66, WPA ,0.000000,0.000000,0.000,0.000,AP
2026-04-01 13:28:53,1900-01-00 00:00:00,1032-wombat,B8:27:EB:A2:CD:A4,-66, WPA ,0.000000,0.000000,0.000,0.000,AP
2026-04-01 13:28:53,1900-01-00 00:00:00,1032-wombat,B8:27:EB:A2:CD:A4,-66, WPA ,0.000000,0.000000,0.000,0.000,AP
2026-04-01 13:28:53,1900-01-00 00:00:00,1032-wombat,B8:27:EB:A2:CD:A4,-66, WPA ,0.000000,0.000000,0.000,0.000,AP
2026-04-01 13:28:53,1900-01-00 00:00:00,1032-wombat,B8:27:EB:A2:CD:A4,-66, WPA ,0.000000,0.000000,0.000,0.000,AP
2026-04-01 13:28:53,1900-01-00 00:00:00,1032-wombat,B8:27:EB:A2:CD:A4,-66, WPA ,0.000000,0.000000,0.000,0.000,AP
2026-04-01 13:28:53,1900-01-00 00:00:00,1032-wombat,B8:27:EB:A2:CD:A4,-66, WPA ,0.000000,0.000000,0.000,0.000,AP
2026-04-01 13:28:53,1900-01-00 00:00:00,1032-wombat,B8:27:EB:A2:CD:A4,-66, WPA ,0.000000,0.000000,0.000,0.000,AP
2026-04-01 13:28:53,1900-01-00 00:00:00,1032-wombat,B8:27:EB:A2:CD:A4,-66, WPA ,0.000000,0.000000,0.000,0.000,AP
2026-04-01 13:28:53,1900-01-00 00:00:00,1032-wombat,B8:27:EB:A2:CD:A4,-66, WPA ,0.000000,0.000000,0.000,0.000,AP
2026-04-01 13:28:53,1900-01-00 00:00:00,1032-wombat,B8:27:EB:A2:CD:A4,-66, WPA ,0.000000,0.000000,0.000,0.000,AP
2026-04-01 13:28:53,1900-01-00 00:00:00,1032-wombat,B8:27:EB:A2:CD:A4,-84, WPA ,0.000000,0.000000,0.000,0.000,AP
2026-04-01 13:28:53,1900-01-00 00:00:00,1032-wombat,B8:27:EB:A2:CD:A4,-84, WPA ,0.000000,0.000000,0.000,0.000,AP
2026-04-01 13:28:53,1900-01-00 00:00:00,1032-wombat,B8:27:EB:A2:CD:A4,-84, WPA ,0.000000,0.000000,0.000,0.000,AP
2026-04-01 13:28:53,1900-01-00 00:00:00,1032-wombat,B8:27:EB:A2:CD:A4,-84, WPA ,0.000000,0.000000,0.000,0.000,AP
2026-04-01 13:28:53,1900-01-00 00:00:00,1032-wombat,B8:27:EB:A2:CD:A4,-84, WPA ,0.000000,0.000000,0.000,0.000,AP
2026-04-01 13:28:53,1900-01-00 00:00:00,1032-wombat,B8:27:EB:A2:CD:A4,-84, WPA ,0.000000,0.000000,0.000,0.000,AP
2026-04-01 13:28:53,1900-01-00 00:00:00,1032-wombat,B8:27:EB:A2:CD:A4,-84, WPA ,0.000000,0.000000,0.000,0.000,AP
2026-04-01 13:28:53,1900-01-00 00:00:00,1032-wombat,B8:27:EB:A2:CD:A4,-84, WPA ,0.000000,0.000000,0.000,0.000,AP
2026-04-01 13:28:53,1900-01-00 00:00:00,1032-wombat,B8:27:EB:A2:CD:A4,-84, WPA ,0.000000,0.000000,0.000,0.000,AP
2026-04-01 13:28:53,1900-01-00 00:00:00,1032-wombat,B8:27:EB:A2:CD:A4,-84, WPA ,0.000000,0.000000,0.000,0.000,AP
2026-04-01 13:28:53,1900-01-00 00:00:00,1032-wombat,B8:27:EB:A2:CD:A4,-84, WPA ,0.000000,0.000000,0.000,0.000,AP
2026-04-01 13:28:53,1900-01-00 00:00:00,1032-wombat,B8:27:EB:A2:CD:A4,-84, WPA ,0.000000,0.000000,0.000,0.000,AP
2026-04-01 13:28:53,1900-01-00 00:00:00,1032-wombat,B8:27:EB:A2:CD:A4,-50, WPA ,0.000000,0.000000,0.000,0.000,AP
2026-04-01 13:28:53,1900-01-00 00:00:00,1032-wombat,B8:27:EB:A2:CD:A4,-50, WPA ,0.000000,0.000000,0.000,0.000,AP
2026-04-01 13:28:53,1900-01-00 00:00:00,1032-wombat,B8:27:EB:A2:CD:A4,-50, WPA ,0.000000,0.000000,0.000,0.000,AP
2026-04-01 13:28:53,1900-01-00 00:00:00,1032-wombat,B8:27:EB:A2:CD:A4,-50, WPA ,0.000000,0.000000,0.000,0.000,AP
2026-04-01 13:28:53,1900-01-00 00:00:00,1032-wombat,B8:27:EB:A2:CD:A4,-50, WPA ,0.000000,0.000000,0.000,0.000,AP
2026-04-01 13:28:53,1900-01-00 00:00:00,1032-wombat,B8:27:EB:A2:CD:A4,-50, WPA ,0.000000,0.000000,0.000,0.000,AP
2026-04-01 13:28:53,1900-01-00 00:00:00,1032-wombat,B8:27:EB:A2:CD:A4,-50, WPA ,0.000000,0.000000,0.000,0.000,AP
2026-04-01 13:28:53,1900-01-00 00:00:00,1032-wombat,B8:27:EB:A2:CD:A4,-50, WPA ,0.000000,0.000000,0.000,0.000,AP
2026-04-01 13:28:53,1900-01-00 00:00:00,1032-wombat,B8:27:EB:A2:CD:A4,-50, WPA ,0.000000,0.000000,0.000,0.000,AP
2026-04-01 13:28:53,1900-01-00 00:00:00,1032-wombat,B8:27:EB:A2:CD:A4,-50, WPA ,0.000000,0.000000,0.000,0.000,AP
2026-04-01 13:28:53,1900-01-00 00:00:00,1032-wombat,B8:27:EB:A2:CD:A4,-50, WPA ,0.000000,0.000000,0.000,0.000,AP
2026-04-01 13:28:53,1900-01-00 00:00:00,1032-wombat,B8:27:EB:A2:CD:A4,-50, WPA ,0.000000,0.000000,0.000,0.000,AP
2026-04-01 13:28:53,1900-01-00 00:00:00,1032-wombat,B8:27:EB:A2:CD:A4,-50, WPA ,0.000000,0.000000,0.000,0.000,AP
2026-04-01 13:28:53,1900-01-00 00:00:00,1032-wombat,B8:27:EB:A2:CD:A4,-50, WPA ,0.000000,0.000000,0.000,0.000,AP
2026-04-01 13:28:53,1900-01-00 00:00:00,1032-wombat,B8:27:EB:A2:CD:A4,-50, WPA ,0.000000,0.000000,0.000,0.000,AP
2026-04-01 13:28:53,1900-01-00 00:00:00,1032-wombat,B8:27:EB:A2:CD:A4,-50, WPA ,0.000000,0.000000,0.000,0.000,AP
2026-04-01 13:28:53,1900-01-00 00:00:00,1032-wombat,B8:27:EB:A2:CD:A4,-50, WPA ,0.000000,0.000000,0.000,0.000,AP
2026-04-01 13:28:53,1900-01-00 00:00:00,1032-wombat,B8:27:EB:A2:CD:A4,-50, WPA ,0.000000,0.000000,0.000,0.000,AP
2026-04-01 13:28:53,1900-01-00 00:00:00,1032-wombat,B8:27:EB:A2:CD:A4,-50, WPA ,0.000000,0.000000,0.000,0.000,AP
2026-04-01 13:28:53,1900-01-00 00:00:00,1032-wombat,B8:27:EB:A2:CD:A4,-50, WPA ,0.000000,0.000000,0.000,0.000,AP
2026-04-01 13:28:53,1900-01-00 00:00:00,1032-wombat,B8:27:EB:A2:CD:A4,-50, WPA ,0.000000,0.000000,0.000,0.000,AP
2026-04-01 13:28:53,1900-01-00 00:00:00,1032-wombat,B8:27:EB:A2:CD:A4,-50, WPA ,0.000000,0.000000,0.000,0.000,AP
2026-04-01 13:28:53,1900-01-00 00:00:00,1032-wombat,B8:27:EB:A2:CD:A4,-50, WPA ,0.000000,0.000000,0.000,0.000,AP
2026-04-01 13:28:53,1900-01-00 00:00:00,1032-wombat,B8:27:EB:A2:CD:A4,-50, WPA ,0.000000,0.000000,0.000,0.000,AP
2026-04-01 13:28:53,1900-01-00 00:00:00,1032-wombat,B8:27:EB:A2:CD:A4,-50, WPA ,0.000000,0.000000,0.000,0.000,AP
2026-04-01 13:28:53,1900-01-00 00:00:00,1032-wombat,B8:27:EB:A2:CD:A4,-50, WPA ,0.000000,0.000000,0.000,0.000,AP
2026-04-01 13:28:53,1900-01-00 00:00:00,1032-wombat,B8:27:EB:A2:CD:A4,-69, WPA ,0.000000,0.000000,0.000,0.000,AP
2026-04-01 13:28:53,1900-01-00 00:00:00,1032-wombat,B8:27:EB:A2:CD:A4,-62, WPA ,0.000000,0.000000,0.000,0.000,AP
2026-04-01 13:28:53,1900-01-00 00:00:00,1032-wombat,B8:27:EB:A2:CD:A4,-63, WPA ,0.000000,0.000000,0.000,0.000,AP
2026-04-01 13:28:53,1900-01-00 00:00:00,1032-wombat,B8:27:EB:A2:CD:A4,-63, WPA ,0.000000,0.000000,0.000,0.000,AP
2026-04-01 13:28:53,1900-01-00 00:00:00,1032-wombat,B8:27:EB:A2:CD:A4,-62, WPA ,0.000000,0.000000,0.000,0.000,AP
2026-04-01 13:28:53,1900-01-00 00:00:00,1032-wombat,B8:27:EB:A2:CD:A4,-63, WPA ,0.000000,0.000000,0.000,0.000,AP
2026-04-01 13:28:53,1900-01-00 00:00:00,1032-wombat,B8:27:EB:A2:CD:A4,-62, WPA ,0.000000,0.000000,0.000,0.000,AP
2026-04-01 13:28:53,1900-01-00 00:00:00,1032-wombat,B8:27:EB:A2:CD:A4,-62, WPA ,0.000000,0.000000,0.000,0.000,AP
2026-04-01 13:28:53,1900-01-00 00:00:00,1032-wombat,B8:27:EB:A2:CD:A4,-62, WPA ,0.000000,0.000000,0.000,0.000,AP
2026-04-01 13:28:53,1900-01-00 00:00:00,1032-wombat,B8:27:EB:A2:CD:A4,-62, WPA ,0.000000,0.000000,0.000,0.000,AP
2026-04-01 13:28:53,1900-01-00 00:00:00,1032-wombat,B8:27:EB:A2:CD:A4,-62, WPA ,0.000000,0.000000,0.000,0.000,AP
2026-04-01 13:28:53,1900-01-00 00:00:00,1032-wombat,B8:27:EB:A2:CD:A4,-62, WPA ,0.000000,0.000000,0.000,0.000,AP
2026-04-01 13:28:53,1900-01-00 00:00:00,1032-wombat,B8:27:EB:A2:CD:A4,-62, WPA ,0.000000,0.000000,0.000,0.000,AP
2026-04-01 13:28:53,1900-01-00 00:00:00,1032-wombat,B8:27:EB:A2:CD:A4,-62, WPA ,0.000000,0.000000,0.000,0.000,AP
2026-04-01 13:28:53,1900-01-00 00:00:00,1032-wombat,B8:27:EB:A2:CD:A4,-62, WPA ,0.000000,0.000000,0.000,0.000,AP
2026-04-01 13:28:53,1900-01-00 00:00:00,1032-wombat,B8:27:EB:A2:CD:A4,-62, WPA ,0.000000,0.000000,0.000,0.000,AP
2026-04-01 13:28:53,1900-01-00 00:00:00,1032-wombat,B8:27:EB:A2:CD:A4,-62, WPA ,0.000000,0.000000,0.000,0.000,AP
2026-04-01 13:28:53,1900-01-00 00:00:00,1032-wombat,B8:27:EB:A2:CD:A4,-62, WPA ,0.000000,0.000000,0.000,0.000,AP
2026-04-01 13:28:53,1900-01-00 00:00:00,1032-wombat,B8:27:EB:A2:CD:A4,-62, WPA ,0.000000,0.000000,0.000,0.000,AP
2026-04-01 13:28:53,1900-01-00 00:00:00,1032-wombat,B8:27:EB:A2:CD:A4,-62, WPA ,0.000000,0.000000,0.000,0.000,AP
2026-04-01 13:28:53,1900-01-00 00:00:00,1032-wombat,B8:27:EB:A2:CD:A4,-62, WPA ,0.000000,0.000000,0.000,0.000,AP
2026-04-01 13:28:53,1900-01-00 00:00:00,1032-wombat,B8:27:EB:A2:CD:A4,-62, WPA ,0.000000,0.000000,0.000,0.000,AP
2026-04-01 13:28:53,1900-01-00 00:00:00,1032-wombat,B8:27:EB:A2:CD:A4,-62, WPA ,0.000000,0.000000,0.000,0.000,AP
2026-04-01 13:28:53,1900-01-00 00:00:00,1032-wombat,B8:27:EB:A2:CD:A4,-64, WPA ,0.000000,0.000000,0.000,0.000,AP
2026-04-01 13:28:53,1900-01-00 00:00:00,1032-wombat,B8:27:EB:A2:CD:A4,-77, WPA ,0.000000,0.000000,0.000,0.000,AP
2026-04-01 13:28:53,1900-01-00 00:00:00,1032-wombat,B8:27:EB:A2:CD:A4,-77, WPA ,0.000000,0.000000,0.000,0.000,AP
2026-04-01 13:28:53,1900-01-00 00:00:00,1032-wombat,B8:27:EB:A2:CD:A4,-77, WPA ,0.000000,0.000000,0.000,0.000,AP
2026-04-01 13:28:53,1900-01-00 00:00:00,1032-wombat,B8:27:EB:A2:CD:A4,-77, WPA ,0.000000,0.000000,0.000,0.000,AP
2026-04-01 13:28:53,1900-01-00 00:00:00,1032-wombat,B8:27:EB:A2:CD:A4,-77, WPA ,0.000000,0.000000,0.000,0.000,AP
2026-04-01 13:28:53,1900-01-00 00:00:00,1032-wombat,B8:27:EB:A2:CD:A4,-77, WPA ,0.000000,0.000000,0.000,0.000,AP
2026-04-01 13:28:53,1900-01-00 00:00:00,1032-wombat,B8:27:EB:A2:CD:A4,-77, WPA ,0.000000,0.000000,0.000,0.000,AP
2026-04-01 13:28:53,1900-01-00 00:00:00,1032-wombat,B8:27:EB:A2:CD:A4,-77, WPA ,0.000000,0.000000,0.000,0.000,AP
2026-04-01 13:28:53,1900-01-00 00:00:00,1032-wombat,B8:27:EB:A2:CD:A4,-77, WPA ,0.000000,0.000000,0.000,0.000,AP
2026-04-01 13:28:53,1900-01-00 00:00:00,1032-wombat,B8:27:EB:A2:CD:A4,-77, WPA ,0.000000,0.000000,0.000,0.000,AP
2026-04-01 13:28:53,1900-01-00 00:00:00,1032-wombat,B8:27:EB:A2:CD:A4,-77, WPA ,0.000000,0.000000,0.000,0.000,AP
2026-04-01 13:28:53,1900-01-00 00:00:00,1032-wombat,B8:27:EB:A2:CD:A4,-77, WPA ,0.000000,0.000000,0.000,0.000,AP
2026-04-01 13:28:53,1900-01-00 00:00:00,1032-wombat,B8:27:EB:A2:CD:A4,-77, WPA ,0.000000,0.000000,0.000,0.000,AP
2026-04-01 13:28:53,1900-01-00 00:00:00,1032-wombat,B8:27:EB:A2:CD:A4,-77, WPA ,0.000000,0.000000,0.000,0.000,AP
2026-04-01 13:28:53,1900-01-00 00:00:00,1032-wombat,B8:27:EB:A2:CD:A4,-77, WPA ,0.000000,0.000000,0.000,0.000,AP
2026-04-01 13:28:53,1900-01-00 00:00:00,1032-wombat,B8:27:EB:A2:CD:A4,-77, WPA ,0.000000,0.000000,0.000,0.000,AP
2026-04-01 13:28:53,1900-01-00 00:00:00,1032-wombat,B8:27:EB:A2:CD:A4,-77, WPA ,0.000000,0.000000,0.000,0.000,AP
2026-04-01 13:28:53,1900-01-00 00:00:00,1032-wombat,B8:27:EB:A2:CD:A4,-77, WPA ,0.000000,0.000000,0.000,0.000,AP
2026-04-01 13:28:53,1900-01-00 00:00:00,1032-wombat,B8:27:EB:A2:CD:A4,-77, WPA ,0.000000,0.000000,0.000,0.000,AP
2026-04-01 13:28:53,1900-01-00 00:00:00,1032-wombat,B8:27:EB:A2:CD:A4,-77, WPA ,0.000000,0.000000,0.000,0.000,AP
2026-04-01 13:28:53,1900-01-00 00:00:00,1032-wombat,B8:27:EB:A2:CD:A4,-77, WPA ,0.000000,0.000000,0.000,0.000,AP
2026-04-01 13:28:53,1900-01-00 00:00:00,1032-wombat,B8:27:EB:A2:CD:A4,-77, WPA ,0.000000,0.000000,0.000,0.000,AP
2026-04-01 13:28:53,1900-01-00 00:00:00,1032-wombat,B8:27:EB:A2:CD:A4,-77, WPA ,0.000000,0.000000,0.000,0.000,AP
2026-04-01 13:28:53,1900-01-00 00:00:00,1032-wombat,B8:27:EB:A2:CD:A4,-77, WPA ,0.000000,0.000000,0.000,0.000,AP
2026-04-01 13:28:53,1900-01-00 00:00:00,1032-wombat,B8:27:EB:A2:CD:A4,-77, WPA ,0.000000,0.000000,0.000,0.000,AP
2026-04-01 13:28:53,1900-01-00 00:00:00,1032-wombat,B8:27:EB:A2:CD:A4,-77, WPA ,0.000000,0.000000,0.000,0.000,AP
2026-04-01 13:28:53,1900-01-00 00:00:00,1032-wombat,B8:27:EB:A2:CD:A4,-77, WPA ,0.000000,0.000000,0.000,0.000,AP
2026-04-01 13:28:53,1900-01-00 00:00:00,1032-wombat,B8:27:EB:A2:CD:A4,-77, WPA ,0.000000,0.000000,0.000,0.000,AP
2026-04-01 13:28:53,1900-01-00 00:00:00,1032-wombat,B8:27:EB:A2:CD:A4,-77, WPA ,0.000000,0.000000,0.000,0.000,AP
2026-04-01 13:28:53,1900-01-00 00:00:00,1032-wombat,B8:27:EB:A2:CD:A4,-77, WPA ,0.000000,0.000000,0.000,0.000,AP
2026-04-01 13:28:53,1900-01-00 00:00:00,1032-wombat,B8:27:EB:A2:CD:A4,-77, WPA ,0.000000,0.000000,0.000,0.000,AP
2026-04-01 13:28:53,1900-01-00 00:00:00,1032-wombat,B8:27:EB:A2:CD:A4,-77, WPA ,0.000000,0.000000,0.000,0.000,AP
2026-04-01 13:28:53,1900-01-00 00:00:00,1032-wombat,B8:27:EB:A2:CD:A4,-77, WPA ,0.000000,0.000000,0.000,0.000,AP
2026-04-01 13:28:53,1900-01-00 00:00:00,1032-wombat,B8:27:EB:A2:CD:A4,-77, WPA ,0.000000,0.000000,0.000,0.000,AP
2026-04-01 13:28:53,1900-01-00 00:00:00,1032-wombat,B8:27:EB:A2:CD:A4,-77, WPA ,0.000000,0.000000,0.000,0.000,AP
2026-04-01 13:28:53,1900-01-00 00:00:00,1032-wombat,B8:27:EB:A2:CD:A4,-77, WPA ,0.000000,0.000000,0.000,0.000,AP
2026-04-01 13:28:53,1900-01-00 00:00:00,1032-wombat,B8:27:EB:A2:CD:A4,-83, WPA ,0.000000,0.000000,0.000,0.000,AP
2026-04-01 13:28:53,1900-01-00 00:00:00,1032-wombat,B8:27:EB:A2:CD:A4,-84, WPA ,0.000000,0.000000,0.000,0.000,AP
2026-04-01 13:28:53,1900-01-00 00:00:00,1032-wombat,B8:27:EB:A2:CD:A4,-84, WPA ,0.000000,0.000000,0.000,0.000,AP
2026-04-01 13:28:53,1900-01-00 00:00:00,1032-wombat,B8:27:EB:A2:CD:A4,-84, WPA ,0.000000,0.000000,0.000,0.000,AP
2026-04-01 13:28:53,1900-01-00 00:00:00,1032-wombat,B8:27:EB:A2:CD:A4,-84, WPA ,0.000000,0.000000,0.000,0.000,AP
2026-04-01 13:28:53,1900-01-00 00:00:00,1032-wombat,B8:27:EB:A2:CD:A4,-84, WPA ,0.000000,0.000000,0.000,0.000,AP
2026-04-01 13:28:53,1900-01-00 00:00:00,1032-wombat,B8:27:EB:A2:CD:A4,-84, WPA ,0.000000,0.000000,0.000,0.000,AP
2026-04-01 13:28:53,1900-01-00 00:00:00,1032-wombat,B8:27:EB:A2:CD:A4,-84, WPA ,0.000000,0.000000,0.000,0.000,AP
2026-04-01 13:28:53,1900-01-00 00:00:00,1032-wombat,B8:27:EB:A2:CD:A4,-84, WPA ,0.000000,0.000000,0.000,0.000,AP
2026-04-01 13:28:53,1900-01-00 00:00:00,1032-wombat,B8:27:EB:A2:CD:A4,-84, WPA ,0.000000,0.000000,0.000,0.000,AP
2026-04-01 13:28:53,1900-01-00 00:00:00,1032-wombat,B8:27:EB:A2:CD:A4,-84, WPA ,0.000000,0.000000,0.000,0.000,AP
2026-04-01 13:28:53,1900-01-00 00:00:00,1032-wombat,B8:27:EB:A2:CD:A4,-52, WPA ,0.000000,0.000000,0.000,0.000,AP
2026-04-01 13:28:53,1900-01-00 00:00:00,1032-wombat,B8:27:EB:A2:CD:A4,-52, WPA ,0.000000,0.000000,0.000,0.000,AP
2026-04-01 13:28:53,1900-01-00 00:00:00,1032-wombat,B8:27:EB:A2:CD:A4,-52, WPA ,0.000000,0.000000,0.000,0.000,AP
2026-04-01 13:28:53,1900-01-00 00:00:00,1032-wombat,B8:27:EB:A2:CD:A4,-52, WPA ,0.000000,0.000000,0.000,0.000,AP
2026-04-01 13:28:53,1900-01-00 00:00:00,1032-wombat,B8:27:EB:A2:CD:A4,-52, WPA ,0.000000,0.000000,0.000,0.000,AP
2026-04-01 13:28:53,1900-01-00 00:00:00,1032-wombat,B8:27:EB:A2:CD:A4,-52, WPA ,0.000000,0.000000,0.000,0.000,AP
2026-04-01 13:28:53,1900-01-00 00:00:00,1032-wombat,B8:27:EB:A2:CD:A4,-52, WPA ,0.000000,0.000000,0.000,0.000,AP
2026-04-01 13:28:53,1900-01-00 00:00:00,1032-wombat,B8:27:EB:A2:CD:A4,-52, WPA ,0.000000,0.000000,0.000,0.000,AP
2026-04-01 13:28:53,1900-01-00 00:00:00,1032-wombat,B8:27:EB:A2:CD:A4,-52, WPA ,0.000000,0.000000,0.000,0.000,AP
2026-04-01 13:28:53,1900-01-00 00:00:00,1032-wombat,B8:27:EB:A2:CD:A4,-52, WPA ,0.000000,0.000000,0.000,0.000,AP
2026-04-01 13:28:53,1900-01-00 00:00:00,1032-wombat,B8:27:EB:A2:CD:A4,-52, WPA ,0.000000,0.000000,0.000,0.000,AP
2026-04-01 13:28:53,1900-01-00 00:00:00,1032-wombat,B8:27:EB:A2:CD:A4,-52, WPA ,0.000000,0.000000,0.000,0.000,AP
2026-04-01 13:28:53,1900-01-00 00:00:00,1032-wombat,B8:27:EB:A2:CD:A4,-52, WPA ,0.000000,0.000000,0.000,0.000,AP
2026-04-01 13:28:53,1900-01-00 00:00:00,1032-wombat,B8:27:EB:A2:CD:A4,-52, WPA ,0.000000,0.000000,0.000,0.000,AP
2026-04-01 13:28:53,1900-01-00 00:00:00,1032-wombat,B8:27:EB:A2:CD:A4,-52, WPA ,0.000000,0.000000,0.000,0.000,AP
2026-04-01 13:28:53,1900-01-00 00:00:00,1032-wombat,B8:27:EB:A2:CD:A4,-52, WPA ,0.000000,0.000000,0.000,0.000,AP
2026-04-01 13:28:53,1900-01-00 00:00:00,1032-wombat,B8:27:EB:A2:CD:A4,-52, WPA ,0.000000,0.000000,0.000,0.000,AP
2026-04-01 13:28:53,1900-01-00 00:00:00,1032-wombat,B8:27:EB:A2:CD:A4,-52, WPA ,0.000000,0.000000,0.000,0.000,AP
2026-04-01 13:28:53,1900-01-00 00:00:00,1032-wombat,B8:27:EB:A2:CD:A4,-52, WPA ,0.000000,0.000000,0.000,0.000,AP
2026-04-01 13:28:53,1900-01-00 00:00:00,1032-wombat,B8:27:EB:A2:CD:A4,-52, WPA ,0.000000,0.000000,0.000,0.000,AP
2026-04-01 13:28:53,1900-01-00 00:00:00,1032-wombat,B8:27:EB:A2:CD:A4,-52, WPA ,0.000000,0.000000,0.000,0.000,AP
2026-04-01 13:28:53,1900-01-00 00:00:00,1032-wombat,B8:27:EB:A2:CD:A4,-52, WPA ,0.000000,0.000000,0.000,0.000,AP
2026-04-01 13:28:53,1900-01-00 00:00:00,1032-wombat,B8:27:EB:A2:CD:A4,-52, WPA ,0.000000,0.000000,0.000,0.000,AP
2026-04-01 13:28:53,1900-01-00 00:00:00,1032-wombat,B8:27:EB:A2:CD:A4,-52, WPA ,0.000000,0.000000,0.000,0.000,AP
2026-04-01 13:28:53,1900-01-00 00:00:00,1032-wombat,B8:27:EB:A2:CD:A4,-52, WPA ,0.000000,0.000000,0.000,0.000,AP
2026-04-01 13:28:53,1900-01-00 00:00:00,1032-wombat,B8:27:EB:A2:CD:A4,-52, WPA ,0.000000,0.000000,0.000,0.000,AP
2026-04-01 13:28:53,1900-01-00 00:00:00,1032-wombat,B8:27:EB:A2:CD:A4,-52, WPA ,0.000000,0.000000,0.000,0.000,AP
2026-04-01 13:28:53,1900-01-00 00:00:00,1032-wombat,B8:27:EB:A2:CD:A4,-52, WPA ,0.000000,0.000000,0.000,0.000,AP
2026-04-01 13:28:53,1900-01-00 00:00:00,1032-wombat,B8:27:EB:A2:CD:A4,-52, WPA ,0.000000,0.000000,0.000,0.000,AP
2026-04-01 13:28:53,1900-01-00 00:00:00,1032-wombat,B8:27:EB:A2:CD:A4,-52, WPA ,0.000000,0.000000,0.000,0.000,AP
2026-04-01 13:28:53,1900-01-00 00:00:00,1032-wombat,B8:27:EB:A2:CD:A4,-52, WPA ,0.000000,0.000000,0.000,0.000,AP
2026-04-01 13:28:53,1900-01-00 00:00:00,1032-wombat,B8:27:EB:A2:CD:A4,-52, WPA ,0.000000,0.000000,0.000,0.000,AP
2026-04-01 13:28:53,1900-01-00 00:00:00,1032-wombat,B8:27:EB:A2:CD:A4,-52, WPA ,0.000000,0.000000,0.000,0.000,AP
2026-04-01 13:28:53,1900-01-00 00:00:00,1032-wombat,B8:27:EB:A2:CD:A4,-52, WPA ,0.000000,0.000000,0.000,0.000,AP
2026-04-01 13:28:53,1900-01-00 00:00:00,1032-wombat,B8:27:EB:A2:CD:A4,-52, WPA ,0.000000,0.000000,0.000,0.000,AP
2026-04-01 13:28:53,1900-01-00 00:00:00,1032-wombat,B8:27:EB:A2:CD:A4,-52, WPA ,0.000000,0.000000,0.000,0.000,AP
2026-04-01 13:28:53,1900-01-00 00:00:00,1032-wombat,B8:27:EB:A2:CD:A4,-52, WPA ,0.000000,0.000000,0.000,0.000,AP
2026-04-01 13:28:53,1900-01-00 00:00:00,1032-wombat,B8:27:EB:A2:CD:A4,-52, WPA ,0.000000,0.000000,0.000,0.000,AP
2026-04-01 13:28:53,1900-01-00 00:00:00,1032-wombat,B8:27:EB:A2:CD:A4,-52, WPA ,0.000000,0.000000,0.000,0.000,AP
2026-04-01 13:28:53,1900-01-00 00:00:00,1032-wombat,B8:27:EB:A2:CD:A4,-52, WPA ,0.000000,0.000000,0.000,0.000,AP
2026-04-01 13:28:53,1900-01-00 00:00:00,1032-wombat,B8:27:EB:A2:CD:A4,-52, WPA ,0.000000,0.000000,0.000,0.000,AP
2026-04-01 13:28:53,1900-01-00 00:00:00,1032-wombat,B8:27:EB:A2:CD:A4,-52, WPA ,0.000000,0.000000,0.000,0.000,AP
2026-04-01 13:28:53,1900-01-00 00:00:00,1032-wombat,B8:27:EB:A2:CD:A4,-52, WPA ,0.000000,0.000000,0.000,0.000,AP
2026-04-01 13:28:53,1900-01-00 00:00:00,1032-wombat,B8:27:EB:A2:CD:A4,-52, WPA ,0.000000,0.000000,0.000,0.000,AP
2026-04-01 13:28:53,1900-01-00 00:00:00,1032-wombat,B8:27:EB:A2:CD:A4,-52, WPA ,0.000000,0.000000,0.000,0.000,AP
2026-04-01 13:28:53,1900-01-00 00:00:00,1032-wombat,B8:27:EB:A2:CD:A4,-52, WPA ,0.000000,0.000000,0.000,0.000,AP
2026-04-01 13:28:53,1900-01-00 00:00:00,1032-wombat,B8:27:EB:A2:CD:A4,-52, WPA ,0.000000,0.000000,0.000,0.000,AP
2026-04-01 13:28:53,1900-01-00 00:00:00,1032-wombat,B8:27:EB:A2:CD:A4,-52, WPA ,0.000000,0.000000,0.000,0.000,AP
2026-04-01 13:28:53,1900-01-00 00:00:00,1032-wombat,B8:27:EB:A2:CD:A4,-52, WPA ,0.000000,0.000000,0.000,0.000,AP
2026-04-01 13:28:53,1900-01-00 00:00:00,1032-wombat,B8:27:EB:A2:CD:A4,-52, WPA ,0.000000,0.000000,0.000,0.000,AP
2026-04-01 13:28:53,1900-01-00 00:00:00,1032-wombat,B8:27:EB:A2:CD:A4,-63, WPA ,0.000000,0.000000,0.000,0.000,AP
2026-04-01 13:28:53,1900-01-00 00:00:00,1032-wombat,B8:27:EB:A2:CD:A4,-63, WPA ,0.000000,0.000000,0.000,0.000,AP
2026-04-01 13:28:53,1900-01-00 00:00:00,1032-wombat,B8:27:EB:A2:CD:A4,-76, WPA ,0.000000,0.000000,0.000,0.000,AP
2026-04-01 13:28:53,1900-01-00 00:00:00,1032-wombat,B8:27:EB:A2:CD:A4,-76, WPA ,0.000000,0.000000,0.000,0.000,AP
2026-04-01 13:28:53,1900-01-00 00:00:00,1032-wombat,B8:27:EB:A2:CD:A4,-76, WPA ,0.000000,0.000000,0.000,0.000,AP
2026-04-01 13:28:53,1900-01-00 00:00:00,1032-wombat,B8:27:EB:A2:CD:A4,-76, WPA ,0.000000,0.000000,0.000,0.000,AP
2026-04-01 13:28:53,1900-01-00 00:00:00,1032-wombat,B8:27:EB:A2:CD:A4,-76, WPA ,0.000000,0.000000,0.000,0.000,AP
2026-04-01 13:28:53,1900-01-00 00:00:00,1032-wombat,B8:27:EB:A2:CD:A4,-76, WPA ,0.000000,0.000000,0.000,0.000,AP
2026-04-01 13:28:53,1900-01-00 00:00:00,1032-wombat,B8:27:EB:A2:CD:A4,-76, WPA ,0.000000,0.000000,0.000,0.000,AP
2026-04-01 13:28:53,1900-01-00 00:00:00,1032-wombat,B8:27:EB:A2:CD:A4,-76, WPA ,0.000000,0.000000,0.000,0.000,AP
2026-04-01 13:28:53,1900-01-00 00:00:00,1032-wombat,B8:27:EB:A2:CD:A4,-76, WPA ,0.000000,0.000000,0.000,0.000,AP
2026-04-01 13:28:53,1900-01-00 00:00:00,1032-wombat,B8:27:EB:A2:CD:A4,-76, WPA ,0.000000,0.000000,0.000,0.000,AP
2026-04-01 13:28:53,1900-01-00 00:00:00,1032-wombat,B8:27:EB:A2:CD:A4,-76, WPA ,0.000000,0.000000,0.000,0.000,AP
2026-04-01 13:28:53,1900-01-00 00:00:00,1032-wombat,B8:27:EB:A2:CD:A4,-76, WPA ,0.000000,0.000000,0.000,0.000,AP
2026-04-01 13:28:53,1900-01-00 00:00:00,1032-wombat,B8:27:EB:A2:CD:A4,-76, WPA ,0.000000,0.000000,0.000,0.000,AP
2026-04-01 13:28:53,1900-01-00 00:00:00,1032-wombat,B8:27:EB:A2:CD:A4,-76, WPA ,0.000000,0.000000,0.000,0.000,AP
2026-04-01 13:28:53,1900-01-00 00:00:00,1032-wombat,B8:27:EB:A2:CD:A4,-76, WPA ,0.000000,0.000000,0.000,0.000,AP
2026-04-01 13:28:53,1900-01-00 00:00:00,1032-wombat,B8:27:EB:A2:CD:A4,-76, WPA ,0.000000,0.000000,0.000,0.000,AP
2026-04-01 13:28:53,1900-01-00 00:00:00,1032-wombat,B8:27:EB:A2:CD:A4,-76, WPA ,0.000000,0.000000,0.000,0.000,AP
2026-04-01 13:28:53,1900-01-00 00:00:00,1032-wombat,B8:27:EB:A2:CD:A4,-76, WPA ,0.000000,0.000000,0.000,0.000,AP
2026-04-01 13:28:53,1900-01-00 00:00:00,1032-wombat,B8:27:EB:A2:CD:A4,-76, WPA ,0.000000,0.000000,0.000,0.000,AP
2026-04-01 13:28:53,1900-01-00 00:00:00,1032-wombat,B8:27:EB:A2:CD:A4,-76, WPA ,0.000000,0.000000,0.000,0.000,AP
2026-04-01 13:28:53,1900-01-00 00:00:00,1032-wombat,B8:27:EB:A2:CD:A4,-76, WPA ,0.000000,0.000000,0.000,0.000,AP
2026-04-01 13:28:53,1900-01-00 00:00:00,1032-wombat,B8:27:EB:A2:CD:A4,-76, WPA ,0.000000,0.000000,0.000,0.000,AP
2026-04-01 13:28:53,1900-01-00 00:00:00,1032-wombat,B8:27:EB:A2:CD:A4,-76, WPA ,0.000000,0.000000,0.000,0.000,AP
2026-04-01 13:28:53,1900-01-00 00:00:00,1032-wombat,B8:27:EB:A2:CD:A4,-76, WPA ,0.000000,0.000000,0.000,0.000,AP
2026-04-01 13:28:53,1900-01-00 00:00:00,1032-wombat,B8:27:EB:A2:CD:A4,-76, WPA ,0.000000,0.000000,0.000,0.000,AP
2026-04-01 13:28:53,1900-01-00 00:00:00,1032-wombat,B8:27:EB:A2:CD:A4,-76, WPA ,0.000000,0.000000,0.000,0.000,AP
2026-04-01 13:28:53,1900-01-00 00:00:00,1032-wombat,B8:27:EB:A2:CD:A4,-76, WPA ,0.000000,0.000000,0.000,0.000,AP
2026-04-01 13:28:53,1900-01-00 00:00:00,1032-wombat,B8:27:EB:A2:CD:A4,-76, WPA ,0.000000,0.000000,0.000,0.000,AP
2026-04-01 13:28:53,1900-01-00 00:00:00,1032-wombat,B8:27:EB:A2:CD:A4,-76, WPA ,0.000000,0.000000,0.000,0.000,AP
2026-04-01 13:28:53,1900-01-00 00:00:00,1032-wombat,B8:27:EB:A2:CD:A4,-76, WPA ,0.000000,0.000000,0.000,0.000,AP
2026-04-01 13:28:53,1900-01-00 00:00:00,1032-wombat,B8:27:EB:A2:CD:A4,-76, WPA ,0.000000,0.000000,0.000,0.000,AP
2026-04-01 13:28:53,1900-01-00 00:00:00,1032-wombat,B8:27:EB:A2:CD:A4,-76, WPA ,0.000000,0.000000,0.000,0.000,AP
2026-04-01 13:28:53,1900-01-00 00:00:00,1032-wombat,B8:27:EB:A2:CD:A4,-76, WPA ,0.000000,0.000000,0.000,0.000,AP
2026-04-01 13:28:53,1900-01-00 00:00:00,1032-wombat,B8:27:EB:A2:CD:A4,-76, WPA ,0.000000,0.000000,0.000,0.000,AP
2026-04-01 13:28:53,1900-01-00 00:00:00,1032-wombat,B8:27:EB:A2:CD:A4,-76, WPA ,0.000000,0.000000,0.000,0.000,AP
2026-04-01 13:28:53,1900-01-00 00:00:00,1032-wombat,B8:27:EB:A2:CD:A4,-76, WPA ,0.000000,0.000000,0.000,0.000,AP
2026-04-01 13:28:53,1900-01-00 00:00:00,1032-wombat,B8:27:EB:A2:CD:A4,-83, WPA ,0.000000,0.000000,0.000,0.000,AP
2026-04-01 13:28:53,1900-01-00 00:00:00,1032-wombat,B8:27:EB:A2:CD:A4,-83, WPA ,0.000000,0.000000,0.000,0.000,AP
2026-04-01 13:28:53,1900-01-00 00:00:00,1032-wombat,B8:27:EB:A2:CD:A4,-83, WPA ,0.000000,0.000000,0.000,0.000,AP
2026-04-01 13:28:53,1900-01-00 00:00:00,1032-wombat,B8:27:EB:A2:CD:A4,-83, WPA ,0.000000,0.000000,0.000,0.000,AP
2026-04-01 13:28:53,1900-01-00 00:00:00,1032-wombat,B8:27:EB:A2:CD:A4,-83, WPA ,0.000000,0.000000,0.000,0.000,AP
2026-04-01 13:28:53,1900-01-00 00:00:00,1032-wombat,B8:27:EB:A2:CD:A4,-83, WPA ,0.000000,0.000000,0.000,0.000,AP
2026-04-01 13:28:53,1900-01-00 00:00:00,1032-wombat,B8:27:EB:A2:CD:A4,-83, WPA ,0.000000,0.000000,0.000,0.000,AP
2026-04-01 13:28:53,1900-01-00 00:00:00,1032-wombat,B8:27:EB:A2:CD:A4,-83, WPA ,0.000000,0.000000,0.000,0.000,AP
2026-04-01 13:28:53,1900-01-00 00:00:00,1032-wombat,B8:27:EB:A2:CD:A4,-83, WPA ,0.000000,0.000000,0.000,0.000,AP
2026-04-01 13:28:53,1900-01-00 00:00:00,1032-wombat,B8:27:EB:A2:CD:A4,-83, WPA ,0.000000,0.000000,0.000,0.000,AP
2026-04-01 13:28:53,1900-01-00 00:00:00,1032-wombat,B8:27:EB:A2:CD:A4,-83, WPA ,0.000000,0.000000,0.000,0.000,AP
2026-04-01 13:28:53,1900-01-00 00:00:00,1032-wombat,B8:27:EB:A2:CD:A4,-50, WPA ,0.000000,0.000000,0.000,0.000,AP
2026-04-01 13:28:53,1900-01-00 00:00:00,1032-wombat,B8:27:EB:A2:CD:A4,-50, WPA ,0.000000,0.000000,0.000,0.000,AP
2026-04-01 13:28:53,1900-01-00 00:00:00,1032-wombat,B8:27:EB:A2:CD:A4,-51, WPA ,0.000000,0.000000,0.000,0.000,AP
2026-04-01 13:28:54,1900-01-00 00:00:00,1032-wombat,B8:27:EB:A2:CD:A4,-80, WPA ,0.000000,0.000000,0.000,0.000,AP
2026-04-01 13:28:54,1900-01-00 00:00:00,1032-wombat,B8:27:EB:A2:CD:A4,-80, WPA ,0.000000,0.000000,0.000,0.000,AP
2026-04-01 13:28:54,1900-01-00 00:00:00,1032-wombat,B8:27:EB:A2:CD:A4,-80, WPA ,0.000000,0.000000,0.000,0.000,AP
2026-04-01 13:28:54,1900-01-00 00:00:00,1032-wombat,B8:27:EB:A2:CD:A4,-80, WPA ,0.000000,0.000000,0.000,0.000,AP
2026-04-01 13:28:54,1900-01-00 00:00:00,1032-wombat,B8:27:EB:A2:CD:A4,-80, WPA ,0.000000,0.000000,0.000,0.000,AP
2026-04-01 13:28:54,1900-01-00 00:00:00,1032-wombat,B8:27:EB:A2:CD:A4,-80, WPA ,0.000000,0.000000,0.000,0.000,AP
2026-04-01 13:28:54,1900-01-00 00:00:00,1032-wombat,B8:27:EB:A2:CD:A4,-80, WPA ,0.000000,0.000000,0.000,0.000,AP
2026-04-01 13:28:54,1900-01-00 00:00:00,1032-wombat,B8:27:EB:A2:CD:A4,-80, WPA ,0.000000,0.000000,0.000,0.000,AP
2026-04-01 13:28:54,1900-01-00 00:00:00,1032-wombat,B8:27:EB:A2:CD:A4,-80, WPA ,0.000000,0.000000,0.000,0.000,AP
2026-04-01 13:28:54,1900-01-00 00:00:00,1032-wombat,B8:27:EB:A2:CD:A4,-80, WPA ,0.000000,0.000000,0.000,0.000,AP
2026-04-01 13:28:54,1900-01-00 00:00:00,1032-wombat,B8:27:EB:A2:CD:A4,-80, WPA ,0.000000,0.000000,0.000,0.000,AP
2026-04-01 13:28:54,1900-01-00 00:00:00,1032-wombat,B8:27:EB:A2:CD:A4,-80, WPA ,0.000000,0.000000,0.000,0.000,AP
2026-04-01 13:28:54,1900-01-00 00:00:00,1032-wombat,B8:27:EB:A2:CD:A4,-82, WPA ,0.000000,0.000000,0.000,0.000,AP
2026-04-01 13:28:54,1900-01-00 00:00:00,1032-wombat,B8:27:EB:A2:CD:A4,-82, WPA ,0.000000,0.000000,0.000,0.000,AP
2026-04-01 13:28:54,1900-01-00 00:00:00,1032-wombat,B8:27:EB:A2:CD:A4,-82, WPA ,0.000000,0.000000,0.000,0.000,AP
2026-04-01 13:28:54,1900-01-00 00:00:00,1032-wombat,B8:27:EB:A2:CD:A4,-82, WPA ,0.000000,0.000000,0.000,0.000,AP
2026-04-01 13:28:54,1900-01-00 00:00:00,1032-wombat,B8:27:EB:A2:CD:A4,-82, WPA ,0.000000,0.000000,0.000,0.000,AP
2026-04-01 13:28:54,1900-01-00 00:00:00,1032-wombat,B8:27:EB:A2:CD:A4,-82, WPA ,0.000000,0.000000,0.000,0.000,AP
2026-04-01 13:28:54,1900-01-00 00:00:00,1032-wombat,B8:27:EB:A2:CD:A4,-82, WPA ,0.000000,0.000000,0.000,0.000,AP
2026-04-01 13:28:54,1900-01-00 00:00:00,1032-wombat,B8:27:EB:A2:CD:A4,-82, WPA ,0.000000,0.000000,0.000,0.000,AP
2026-04-01 13:28:54,1900-01-00 00:00:00,1032-wombat,B8:27:EB:A2:CD:A4,-82, WPA ,0.000000,0.000000,0.000,0.000,AP
2026-04-01 13:28:54,1900-01-00 00:00:00,1032-wombat,B8:27:EB:A2:CD:A4,-82, WPA ,0.000000,0.000000,0.000,0.000,AP
2026-04-01 13:28:54,1900-01-00 00:00:00,1032-wombat,B8:27:EB:A2:CD:A4,-82, WPA ,0.000000,0.000000,0.000,0.000,AP
2026-04-01 13:28:54,1900-01-00 00:00:00,1032-wombat,B8:27:EB:A2:CD:A4,-82, WPA ,0.000000,0.000000,0.000,0.000,AP
2026-04-01 13:28:54,1900-01-00 00:00:00,1032-wombat,B8:27:EB:A2:CD:A4,-82, WPA ,0.000000,0.000000,0.000,0.000,AP
2026-04-01 13:28:54,1900-01-00 00:00:00,1032-wombat,B8:27:EB:A2:CD:A4,-82, WPA ,0.000000,0.000000,0.000,0.000,AP
2026-04-01 13:28:54,1900-01-00 00:00:00,1032-wombat,B8:27:EB:A2:CD:A4,-82, WPA ,0.000000,0.000000,0.000,0.000,AP
2026-04-01 13:28:54,1900-01-00 00:00:00,1032-wombat,B8:27:EB:A2:CD:A4,-82, WPA ,0.000000,0.000000,0.000,0.000,AP
2026-04-01 13:28:54,1900-01-00 00:00:00,1032-wombat,B8:27:EB:A2:CD:A4,-82, WPA ,0.000000,0.000000,0.000,0.000,AP
2026-04-01 13:28:54,1900-01-00 00:00:00,1032-wombat,B8:27:EB:A2:CD:A4,-82, WPA ,0.000000,0.000000,0.000,0.000,AP
2026-04-01 13:28:54,1900-01-00 00:00:00,1032-wombat,B8:27:EB:A2:CD:A4,-82, WPA ,0.000000,0.000000,0.000,0.000,AP
2026-04-01 13:28:54,1900-01-00 00:00:00,1032-wombat,B8:27:EB:A2:CD:A4,-82, WPA ,0.000000,0.000000,0.000,0.000,AP
2026-04-01 13:28:54,1900-01-00 00:00:00,1032-wombat,B8:27:EB:A2:CD:A4,-82, WPA ,0.000000,0.000000,0.000,0.000,AP
2026-04-01 13:28:54,1900-01-00 00:00:00,1032-wombat,B8:27:EB:A2:CD:A4,-82, WPA ,0.000000,0.000000,0.000,0.000,AP
2026-04-01 13:28:54,1900-01-00 00:00:00,1032-wombat,B8:27:EB:A2:CD:A4,-82, WPA ,0.000000,0.000000,0.000,0.000,AP
2026-04-01 13:28:54,1900-01-00 00:00:00,1032-wombat,B8:27:EB:A2:CD:A4,-82, WPA ,0.000000,0.000000,0.000,0.000,AP
2026-04-01 13:28:54,1900-01-00 00:00:00,1032-wombat,B8:27:EB:A2:CD:A4,-82, WPA ,0.000000,0.000000,0.000,0.000,AP
2026-04-01 13:28:54,1900-01-00 00:00:00,1032-wombat,B8:27:EB:A2:CD:A4,-82, WPA ,0.000000,0.000000,0.000,0.000,AP
2026-04-01 13:28:54,1900-01-00 00:00:00,1032-wombat,B8:27:EB:A2:CD:A4,-82, WPA ,0.000000,0.000000,0.000,0.000,AP
2026-04-01 13:28:54,1900-01-00 00:00:00,1032-wombat,B8:27:EB:A2:CD:A4,-82, WPA ,0.000000,0.000000,0.000,0.000,AP
2026-04-01 13:28:54,1900-01-00 00:00:00,1032-wombat,B8:27:EB:A2:CD:A4,-82, WPA ,0.000000,0.000000,0.000,0.000,AP
2026-04-01 13:28:54,1900-01-00 00:00:00,1032-wombat,B8:27:EB:A2:CD:A4,-82, WPA ,0.000000,0.000000,0.000,0.000,AP
2026-04-01 13:28:54,1900-01-00 00:00:00,1032-wombat,B8:27:EB:A2:CD:A4,-82, WPA ,0.000000,0.000000,0.000,0.000,AP
2026-04-01 13:28:54,1900-01-00 00:00:00,1032-wombat,B8:27:EB:A2:CD:A4,-82, WPA ,0.000000,0.000000,0.000,0.000,AP
2026-04-01 13:28:54,1900-01-00 00:00:00,1032-wombat,B8:27:EB:A2:CD:A4,-82, WPA ,0.000000,0.000000,0.000,0.000,AP
2026-04-01 13:28:54,1900-01-00 00:00:00,1032-wombat,B8:27:EB:A2:CD:A4,-82, WPA ,0.000000,0.000000,0.000,0.000,AP
2026-04-01 13:28:54,1900-01-00 00:00:00,1032-wombat,B8:27:EB:A2:CD:A4,-82, WPA ,0.000000,0.000000,0.000,0.000,AP
2026-04-01 13:28:54,1900-01-00 00:00:00,1032-wombat,B8:27:EB:A2:CD:A4,-82, WPA ,0.000000,0.000000,0.000,0.000,AP
2026-04-01 13:28:54,1900-01-00 00:00:00,1032-wombat,B8:27:EB:A2:CD:A4,-82, WPA ,0.000000,0.000000,0.000,0.000,AP
2026-04-01 13:28:54,1900-01-00 00:00:00,1032-wombat,B8:27:EB:A2:CD:A4,-82, WPA ,0.000000,0.000000,0.000,0.000,AP
2026-04-01 13:28:54,1900-01-00 00:00:00,1032-wombat,B8:27:EB:A2:CD:A4,-82, WPA ,0.000000,0.000000,0.000,0.000,AP
2026-04-01 13:28:54,1900-01-00 00:00:00,1032-wombat,B8:27:EB:A2:CD:A4,-82, WPA ,0.000000,0.000000,0.000,0.000,AP
2026-04-01 13:28:54,1900-01-00 00:00:00,1032-wombat,B8:27:EB:A2:CD:A4,-82, WPA ,0.000000,0.000000,0.000,0.000,AP
2026-04-01 13:28:54,1900-01-00 00:00:00,1032-wombat,B8:27:EB:A2:CD:A4,-82, WPA ,0.000000,0.000000,0.000,0.000,AP
2026-04-01 13:28:54,1900-01-00 00:00:00,1032-wombat,B8:27:EB:A2:CD:A4,-82, WPA ,0.000000,0.000000,0.000,0.000,AP
2026-04-01 13:28:54,1900-01-00 00:00:00,1032-wombat,B8:27:EB:A2:CD:A4,-82, WPA ,0.000000,0.000000,0.000,0.000,AP
2026-04-01 13:28:54,1900-01-00 00:00:00,1032-wombat,B8:27:EB:A2:CD:A4,-82, WPA ,0.000000,0.000000,0.000,0.000,AP
2026-04-01 13:28:54,1900-01-00 00:00:00,1032-wombat,B8:27:EB:A2:CD:A4,-82, WPA ,0.000000,0.000000,0.000,0.000,AP
2026-04-01 13:28:54,1900-01-00 00:00:00,1032-wombat,B8:27:EB:A2:CD:A4,-82, WPA ,0.000000,0.000000,0.000,0.000,AP
2026-04-01 13:28:54,1900-01-00 00:00:00,1032-wombat,B8:27:EB:A2:CD:A4,-82, WPA ,0.000000,0.000000,0.000,0.000,AP
2026-04-01 13:28:54,1900-01-00 00:00:00,1032-wombat,B8:27:EB:A2:CD:A4,-82, WPA ,0.000000,0.000000,0.000,0.000,AP
2026-04-01 13:28:54,1900-01-00 00:00:00,1032-wombat,B8:27:EB:A2:CD:A4,-82, WPA ,0.000000,0.000000,0.000,0.000,AP
2026-04-01 13:28:54,1900-01-00 00:00:00,1032-wombat,B8:27:EB:A2:CD:A4,-82, WPA ,0.000000,0.000000,0.000,0.000,AP
2026-04-01 13:28:54,1900-01-00 00:00:00,1032-wombat,B8:27:EB:A2:CD:A4,-82, WPA ,0.000000,0.000000,0.000,0.000,AP
2026-04-01 13:28:54,1900-01-00 00:00:00,1032-wombat,B8:27:EB:A2:CD:A4,-82, WPA ,0.000000,0.000000,0.000,0.000,AP
2026-04-01 13:28:54,1900-01-00 00:00:00,1032-wombat,B8:27:EB:A2:CD:A4,-82, WPA ,0.000000,0.000000,0.000,0.000,AP
2026-04-01 13:28:54,1900-01-00 00:00:00,1032-wombat,B8:27:EB:A2:CD:A4,-82, WPA ,0.000000,0.000000,0.000,0.000,AP
2026-04-01 13:28:54,1900-01-00 00:00:00,1032-wombat,B8:27:EB:A2:CD:A4,-82, WPA ,0.000000,0.000000,0.000,0.000,AP
2026-04-01 13:28:54,1900-01-00 00:00:00,1032-wombat,B8:27:EB:A2:CD:A4,-82, WPA ,0.000000,0.000000,0.000,0.000,AP
2026-04-01 13:28:54,1900-01-00 00:00:00,1032-wombat,B8:27:EB:A2:CD:A4,-82, WPA ,0.000000,0.000000,0.000,0.000,AP
2026-04-01 13:28:54,1900-01-00 00:00:00,1032-wombat,B8:27:EB:A2:CD:A4,-64, WPA ,0.000000,0.000000,0.000,0.000,AP
2026-04-01 13:28:54,1900-01-00 00:00:00,1032-wombat,B8:27:EB:A2:CD:A4,-64, WPA ,0.000000,0.000000,0.000,0.000,AP
2026-04-01 13:28:54,1900-01-00 00:00:00,1032-wombat,B8:27:EB:A2:CD:A4,-80, WPA ,0.000000,0.000000,0.000,0.000,AP
2026-04-01 13:28:54,1900-01-00 00:00:00,1032-wombat,B8:27:EB:A2:CD:A4,-80, WPA ,0.000000,0.000000,0.000,0.000,AP
2026-04-01 13:28:54,1900-01-00 00:00:00,1032-wombat,B8:27:EB:A2:CD:A4,-80, WPA ,0.000000,0.000000,0.000,0.000,AP
2026-04-01 13:28:54,1900-01-00 00:00:00,1032-wombat,B8:27:EB:A2:CD:A4,-80, WPA ,0.000000,0.000000,0.000,0.000,AP
2026-04-01 13:28:54,1900-01-00 00:00:00,1032-wombat,B8:27:EB:A2:CD:A4,-80, WPA ,0.000000,0.000000,0.000,0.000,AP
2026-04-01 13:28:54,1900-01-00 00:00:00,1032-wombat,B8:27:EB:A2:CD:A4,-80, WPA ,0.000000,0.000000,0.000,0.000,AP
2026-04-01 13:28:54,1900-01-00 00:00:00,1032-wombat,B8:27:EB:A2:CD:A4,-80, WPA ,0.000000,0.000000,0.000,0.000,AP
2026-04-01 13:28:54,1900-01-00 00:00:00,1032-wombat,B8:27:EB:A2:CD:A4,-80, WPA ,0.000000,0.000000,0.000,0.000,AP
2026-04-01 13:28:54,1900-01-00 00:00:00,1032-wombat,B8:27:EB:A2:CD:A4,-80, WPA ,0.000000,0.000000,0.000,0.000,AP
2026-04-01 13:28:54,1900-01-00 00:00:00,1032-wombat,B8:27:EB:A2:CD:A4,-80, WPA ,0.000000,0.000000,0.000,0.000,AP
2026-04-01 13:28:54,1900-01-00 00:00:00,1032-wombat,B8:27:EB:A2:CD:A4,-80, WPA ,0.000000,0.000000,0.000,0.000,AP
2026-04-01 13:28:54,1900-01-00 00:00:00,1032-wombat,B8:27:EB:A2:CD:A4,-80, WPA ,0.000000,0.000000,0.000,0.000,AP
2026-04-01 13:28:54,1900-01-00 00:00:00,1032-wombat,B8:27:EB:A2:CD:A4,-80, WPA ,0.000000,0.000000,0.000,0.000,AP
2026-04-01 13:28:54,1900-01-00 00:00:00,1032-wombat,B8:27:EB:A2:CD:A4,-80, WPA ,0.000000,0.000000,0.000,0.000,AP
2026-04-01 13:28:54,1900-01-00 00:00:00,1032-wombat,B8:27:EB:A2:CD:A4,-80, WPA ,0.000000,0.000000,0.000,0.000,AP
2026-04-01 13:28:54,1900-01-00 00:00:00,1032-wombat,B8:27:EB:A2:CD:A4,-80, WPA ,0.000000,0.000000,0.000,0.000,AP
2026-04-01 13:28:54,1900-01-00 00:00:00,1032-wombat,B8:27:EB:A2:CD:A4,-80, WPA ,0.000000,0.000000,0.000,0.000,AP
2026-04-01 13:28:54,1900-01-00 00:00:00,1032-wombat,B8:27:EB:A2:CD:A4,-80, WPA ,0.000000,0.000000,0.000,0.000,AP
2026-04-01 13:28:54,1900-01-00 00:00:00,1032-wombat,B8:27:EB:A2:CD:A4,-80, WPA ,0.000000,0.000000,0.000,0.000,AP
2026-04-01 13:28:54,1900-01-00 00:00:00,1032-wombat,B8:27:EB:A2:CD:A4,-80, WPA ,0.000000,0.000000,0.000,0.000,AP
2026-04-01 13:28:54,1900-01-00 00:00:00,1032-wombat,B8:27:EB:A2:CD:A4,-80, WPA ,0.000000,0.000000,0.000,0.000,AP
2026-04-01 13:28:54,1900-01-00 00:00:00,1032-wombat,B8:27:EB:A2:CD:A4,-80, WPA ,0.000000,0.000000,0.000,0.000,AP
2026-04-01 13:28:54,1900-01-00 00:00:00,1032-wombat,B8:27:EB:A2:CD:A4,-80, WPA ,0.000000,0.000000,0.000,0.000,AP
2026-04-01 13:28:54,1900-01-00 00:00:00,1032-wombat,B8:27:EB:A2:CD:A4,-80, WPA ,0.000000,0.000000,0.000,0.000,AP
2026-04-01 13:28:54,1900-01-00 00:00:00,1032-wombat,B8:27:EB:A2:CD:A4,-80, WPA ,0.000000,0.000000,0.000,0.000,AP
2026-04-01 13:28:54,1900-01-00 00:00:00,1032-wombat,B8:27:EB:A2:CD:A4,-80, WPA ,0.000000,0.000000,0.000,0.000,AP
2026-04-01 13:28:54,1900-01-00 00:00:00,1032-wombat,B8:27:EB:A2:CD:A4,-80, WPA ,0.000000,0.000000,0.000,0.000,AP
2026-04-01 13:28:54,1900-01-00 00:00:00,1032-wombat,B8:27:EB:A2:CD:A4,-80, WPA ,0.000000,0.000000,0.000,0.000,AP
2026-04-01 13:28:54,1900-01-00 00:00:00,1032-wombat,B8:27:EB:A2:CD:A4,-80, WPA ,0.000000,0.000000,0.000,0.000,AP
2026-04-01 13:28:54,1900-01-00 00:00:00,1032-wombat,B8:27:EB:A2:CD:A4,-80, WPA ,0.000000,0.000000,0.000,0.000,AP
2026-04-01 13:28:54,1900-01-00 00:00:00,1032-wombat,B8:27:EB:A2:CD:A4,-80, WPA ,0.000000,0.000000,0.000,0.000,AP
2026-04-01 13:28:54,1900-01-00 00:00:00,1032-wombat,B8:27:EB:A2:CD:A4,-80, WPA ,0.000000,0.000000,0.000,0.000,AP
2026-04-01 13:28:54,1900-01-00 00:00:00,1032-wombat,B8:27:EB:A2:CD:A4,-80, WPA ,0.000000,0.000000,0.000,0.000,AP
2026-04-01 13:28:54,1900-01-00 00:00:00,1032-wombat,B8:27:EB:A2:CD:A4,-80, WPA ,0.000000,0.000000,0.000,0.000,AP
2026-04-01 13:28:54,1900-01-00 00:00:00,1032-wombat,B8:27:EB:A2:CD:A4,-80, WPA ,0.000000,0.000000,0.000,0.000,AP
2026-04-01 13:28:54,1900-01-00 00:00:00,1032-wombat,B8:27:EB:A2:CD:A4,-80, WPA ,0.000000,0.000000,0.000,0.000,AP
2026-04-01 13:28:54,1900-01-00 00:00:00,1032-wombat,B8:27:EB:A2:CD:A4,-84, WPA ,0.000000,0.000000,0.000,0.000,AP
2026-04-01 13:28:54,1900-01-00 00:00:00,1032-wombat,B8:27:EB:A2:CD:A4,-84, WPA ,0.000000,0.000000,0.000,0.000,AP
2026-04-01 13:28:54,1900-01-00 00:00:00,1032-wombat,B8:27:EB:A2:CD:A4,-84, WPA ,0.000000,0.000000,0.000,0.000,AP
2026-04-01 13:28:54,1900-01-00 00:00:00,1032-wombat,B8:27:EB:A2:CD:A4,-84, WPA ,0.000000,0.000000,0.000,0.000,AP
2026-04-01 13:28:54,1900-01-00 00:00:00,1032-wombat,B8:27:EB:A2:CD:A4,-84, WPA ,0.000000,0.000000,0.000,0.000,AP
2026-04-01 13:28:54,1900-01-00 00:00:00,1032-wombat,B8:27:EB:A2:CD:A4,-84, WPA ,0.000000,0.000000,0.000,0.000,AP
2026-04-01 13:28:54,1900-01-00 00:00:00,1032-wombat,B8:27:EB:A2:CD:A4,-84, WPA ,0.000000,0.000000,0.000,0.000,AP
2026-04-01 13:28:54,1900-01-00 00:00:00,1032-wombat,B8:27:EB:A2:CD:A4,-84, WPA ,0.000000,0.000000,0.000,0.000,AP
2026-04-01 13:28:54,1900-01-00 00:00:00,1032-wombat,B8:27:EB:A2:CD:A4,-84, WPA ,0.000000,0.000000,0.000,0.000,AP
2026-04-01 13:28:54,1900-01-00 00:00:00,1032-wombat,B8:27:EB:A2:CD:A4,-84, WPA ,0.000000,0.000000,0.000,0.000,AP
2026-04-01 13:28:54,1900-01-00 00:00:00,1032-wombat,B8:27:EB:A2:CD:A4,-84, WPA ,0.000000,0.000000,0.000,0.000,AP
2026-04-01 13:28:54,1900-01-00 00:00:00,1032-wombat,B8:27:EB:A2:CD:A4,-84, WPA ,0.000000,0.000000,0.000,0.000,AP
2026-04-01 13:28:54,1900-01-00 00:00:00,1032-wombat,B8:27:EB:A2:CD:A4,-84, WPA ,0.000000,0.000000,0.000,0.000,AP
2026-04-01 13:28:54,1900-01-00 00:00:00,1032-wombat,B8:27:EB:A2:CD:A4,-84, WPA ,0.000000,0.000000,0.000,0.000,AP
2026-04-01 13:28:54,1900-01-00 00:00:00,1032-wombat,B8:27:EB:A2:CD:A4,-84, WPA ,0.000000,0.000000,0.000,0.000,AP
2026-04-01 13:28:54,1900-01-00 00:00:00,1032-wombat,B8:27:EB:A2:CD:A4,-84, WPA ,0.000000,0.000000,0.000,0.000,AP
2026-04-01 13:28:54,1900-01-00 00:00:00,1032-wombat,B8:27:EB:A2:CD:A4,-84, WPA ,0.000000,0.000000,0.000,0.000,AP
2026-04-01 13:28:54,1900-01-00 00:00:00,1032-wombat,B8:27:EB:A2:CD:A4,-84, WPA ,0.000000,0.000000,0.000,0.000,AP
2026-04-01 13:28:54,1900-01-00 00:00:00,1032-wombat,B8:27:EB:A2:CD:A4,-84, WPA ,0.000000,0.000000,0.000,0.000,AP
2026-04-01 13:28:54,1900-01-00 00:00:00,1032-wombat,B8:27:EB:A2:CD:A4,-84, WPA ,0.000000,0.000000,0.000,0.000,AP
2026-04-01 13:28:54,1900-01-00 00:00:00,1032-wombat,B8:27:EB:A2:CD:A4,-84, WPA ,0.000000,0.000000,0.000,0.000,AP
2026-04-01 13:28:54,1900-01-00 00:00:00,1032-wombat,B8:27:EB:A2:CD:A4,-84, WPA ,0.000000,0.000000,0.000,0.000,AP
2026-04-01 13:28:54,1900-01-00 00:00:00,1032-wombat,B8:27:EB:A2:CD:A4,-84, WPA ,0.000000,0.000000,0.000,0.000,AP
2026-04-01 13:28:54,1900-01-00 00:00:00,1032-wombat,B8:27:EB:A2:CD:A4,-84, WPA ,0.000000,0.000000,0.000,0.000,AP
2026-04-01 13:28:54,1900-01-00 00:00:00,1032-wombat,B8:27:EB:A2:CD:A4,-84, WPA ,0.000000,0.000000,0.000,0.000,AP
2026-04-01 13:28:54,1900-01-00 00:00:00,1032-wombat,B8:27:EB:A2:CD:A4,-84, WPA ,0.000000,0.000000,0.000,0.000,AP
2026-04-01 13:28:54,1900-01-00 00:00:00,1032-wombat,B8:27:EB:A2:CD:A4,-84, WPA ,0.000000,0.000000,0.000,0.000,AP
2026-04-01 13:28:54,1900-01-00 00:00:00,1032-wombat,B8:27:EB:A2:CD:A4,-84, WPA ,0.000000,0.000000,0.000,0.000,AP
2026-04-01 13:28:54,1900-01-00 00:00:00,1032-wombat,B8:27:EB:A2:CD:A4,-84, WPA ,0.000000,0.000000,0.000,0.000,AP
2026-04-01 13:28:54,1900-01-00 00:00:00,1032-wombat,B8:27:EB:A2:CD:A4,-84, WPA ,0.000000,0.000000,0.000,0.000,AP
2026-04-01 13:28:54,1900-01-00 00:00:00,,14:13:33:29:51:53,-42,,0.000000,0.000000,0.000,0.000,Client
2026-04-01 13:28:54,1900-01-00 00:00:00,1032-wombat,B8:27:EB:A2:CD:A4,-50, WPA ,0.000000,0.000000,0.000,0.000,AP
2026-04-01 13:28:54,1900-01-00 00:00:00,1032-wombat,B8:27:EB:A2:CD:A4,-50, WPA ,0.000000,0.000000,0.000,0.000,AP
2026-04-01 13:28:54,1900-01-00 00:00:00,1032-wombat,B8:27:EB:A2:CD:A4,-49, WPA ,0.000000,0.000000,0.000,0.000,AP
2026-04-01 13:28:54,1900-01-00 00:00:00,1032-wombat,B8:27:EB:A2:CD:A4,-42, WPA ,0.000000,0.000000,0.000,0.000,AP
2026-04-01 13:28:54,1900-01-00 00:00:00,1032-wombat,B8:27:EB:A2:CD:A4,-42, WPA ,0.000000,0.000000,0.000,0.000,AP
2026-04-01 13:28:54,1900-01-00 00:00:00,,14:13:33:29:51:53,-42,,0.000000,0.000000,0.000,0.000,Client
2026-04-01 13:28:54,1900-01-00 00:00:00,1032-wombat,B8:27:EB:A2:CD:A4,-50, WPA ,0.000000,0.000000,0.000,0.000,AP
2026-04-01 13:28:54,1900-01-00 00:00:00,1032-wombat,B8:27:EB:A2:CD:A4,-50, WPA ,0.000000,0.000000,0.000,0.000,AP
2026-04-01 13:28:54,1900-01-00 00:00:00,1032-wombat,B8:27:EB:A2:CD:A4,-42, WPA ,0.000000,0.000000,0.000,0.000,AP
2026-04-01 13:28:54,1900-01-00 00:00:00,1032-wombat,B8:27:EB:A2:CD:A4,-42, WPA ,0.000000,0.000000,0.000,0.000,AP
2026-04-01 13:28:54,1900-01-00 00:00:00,1032-wombat,B8:27:EB:A2:CD:A4,-42, WPA ,0.000000,0.000000,0.000,0.000,AP
2026-04-01 13:28:54,1900-01-00 00:00:00,1032-wombat,B8:27:EB:A2:CD:A4,-50, WPA ,0.000000,0.000000,0.000,0.000,AP
2026-04-01 13:28:54,1900-01-00 00:00:00,1032-wombat,B8:27:EB:A2:CD:A4,-42, WPA ,0.000000,0.000000,0.000,0.000,AP
2026-04-01 13:28:54,1900-01-00 00:00:00,1032-wombat,B8:27:EB:A2:CD:A4,-42, WPA ,0.000000,0.000000,0.000,0.000,AP
2026-04-01 13:28:54,1900-01-00 00:00:00,1032-wombat,B8:27:EB:A2:CD:A4,-42, WPA ,0.000000,0.000000,0.000,0.000,AP
2026-04-01 13:28:54,1900-01-00 00:00:00,1032-wombat,B8:27:EB:A2:CD:A4,-42, WPA ,0.000000,0.000000,0.000,0.000,AP
2026-04-01 13:28:54,1900-01-00 00:00:00,1032-wombat,B8:27:EB:A2:CD:A4,-42, WPA ,0.000000,0.000000,0.000,0.000,AP
2026-04-01 13:28:54,1900-01-00 00:00:00,1032-wombat,B8:27:EB:A2:CD:A4,-42, WPA ,0.000000,0.000000,0.000,0.000,AP
2026-04-01 13:28:54,1900-01-00 00:00:00,1032-wombat,B8:27:EB:A2:CD:A4,-42, WPA ,0.000000,0.000000,0.000,0.000,AP
2026-04-01 13:28:54,1900-01-00 00:00:00,1032-wombat,B8:27:EB:A2:CD:A4,-42, WPA ,0.000000,0.000000,0.000,0.000,AP
2026-04-01 13:28:54,1900-01-00 00:00:00,1032-wombat,B8:27:EB:A2:CD:A4,-42, WPA ,0.000000,0.000000,0.000,0.000,AP
2026-04-01 13:28:54,1900-01-00 00:00:00,1032-wombat,B8:27:EB:A2:CD:A4,-42, WPA ,0.000000,0.000000,0.000,0.000,AP
2026-04-01 13:28:54,1900-01-00 00:00:00,1032-wombat,B8:27:EB:A2:CD:A4,-42, WPA ,0.000000,0.000000,0.000,0.000,AP
2026-04-01 13:28:54,1900-01-00 00:00:00,1032-wombat,B8:27:EB:A2:CD:A4,-42, WPA ,0.000000,0.000000,0.000,0.000,AP
2026-04-01 13:28:54,1900-01-00 00:00:00,1032-wombat,B8:27:EB:A2:CD:A4,-42, WPA ,0.000000,0.000000,0.000,0.000,AP
2026-04-01 13:28:54,1900-01-00 00:00:00,1032-wombat,B8:27:EB:A2:CD:A4,-42, WPA ,0.000000,0.000000,0.000,0.000,AP
2026-04-01 13:28:54,1900-01-00 00:00:00,1032-wombat,B8:27:EB:A2:CD:A4,-42, WPA ,0.000000,0.000000,0.000,0.000,AP
2026-04-01 13:28:54,1900-01-00 00:00:00,1032-wombat,B8:27:EB:A2:CD:A4,-42, WPA ,0.000000,0.000000,0.000,0.000,AP
2026-04-01 13:28:54,1900-01-00 00:00:00,1032-wombat,B8:27:EB:A2:CD:A4,-42, WPA ,0.000000,0.000000,0.000,0.000,AP
2026-04-01 13:28:54,1900-01-00 00:00:00,1032-wombat,B8:27:EB:A2:CD:A4,-42, WPA ,0.000000,0.000000,0.000,0.000,AP
2026-04-01 13:28:54,1900-01-00 00:00:00,1032-wombat,B8:27:EB:A2:CD:A4,-42, WPA ,0.000000,0.000000,0.000,0.000,AP
2026-04-01 13:28:54,1900-01-00 00:00:00,1032-wombat,B8:27:EB:A2:CD:A4,-42, WPA ,0.000000,0.000000,0.000,0.000,AP
2026-04-01 13:28:54,1900-01-00 00:00:00,1032-wombat,B8:27:EB:A2:CD:A4,-42, WPA ,0.000000,0.000000,0.000,0.000,AP
2026-04-01 13:28:54,1900-01-00 00:00:00,1032-wombat,B8:27:EB:A2:CD:A4,-42, WPA ,0.000000,0.000000,0.000,0.000,AP
2026-04-01 13:28:54,1900-01-00 00:00:00,1032-wombat,B8:27:EB:A2:CD:A4,-63, WPA ,0.000000,0.000000,0.000,0.000,AP
2026-04-01 13:28:54,1900-01-00 00:00:00,1032-wombat,B8:27:EB:A2:CD:A4,-63, WPA ,0.000000,0.000000,0.000,0.000,AP
2026-04-01 13:28:54,1900-01-00 00:00:00,1032-wombat,B8:27:EB:A2:CD:A4,-78, WPA ,0.000000,0.000000,0.000,0.000,AP
2026-04-01 13:28:54,1900-01-00 00:00:00,1032-wombat,B8:27:EB:A2:CD:A4,-78, WPA ,0.000000,0.000000,0.000,0.000,AP
2026-04-01 13:28:54,1900-01-00 00:00:00,1032-wombat,B8:27:EB:A2:CD:A4,-78, WPA ,0.000000,0.000000,0.000,0.000,AP
2026-04-01 13:28:54,1900-01-00 00:00:00,1032-wombat,B8:27:EB:A2:CD:A4,-78, WPA ,0.000000,0.000000,0.000,0.000,AP
2026-04-01 13:28:54,1900-01-00 00:00:00,1032-wombat,B8:27:EB:A2:CD:A4,-78, WPA ,0.000000,0.000000,0.000,0.000,AP
2026-04-01 13:28:54,1900-01-00 00:00:00,1032-wombat,B8:27:EB:A2:CD:A4,-78, WPA ,0.000000,0.000000,0.000,0.000,AP
2026-04-01 13:28:54,1900-01-00 00:00:00,1032-wombat,B8:27:EB:A2:CD:A4,-78, WPA ,0.000000,0.000000,0.000,0.000,AP
2026-04-01 13:28:54,1900-01-00 00:00:00,1032-wombat,B8:27:EB:A2:CD:A4,-78, WPA ,0.000000,0.000000,0.000,0.000,AP
2026-04-01 13:28:54,1900-01-00 00:00:00,1032-wombat,B8:27:EB:A2:CD:A4,-78, WPA ,0.000000,0.000000,0.000,0.000,AP
2026-04-01 13:28:54,1900-01-00 00:00:00,1032-wombat,B8:27:EB:A2:CD:A4,-78, WPA ,0.000000,0.000000,0.000,0.000,AP
2026-04-01 13:28:54,1900-01-00 00:00:00,1032-wombat,B8:27:EB:A2:CD:A4,-78, WPA ,0.000000,0.000000,0.000,0.000,AP
2026-04-01 13:28:54,1900-01-00 00:00:00,1032-wombat,B8:27:EB:A2:CD:A4,-78, WPA ,0.000000,0.000000,0.000,0.000,AP
2026-04-01 13:28:54,1900-01-00 00:00:00,1032-wombat,B8:27:EB:A2:CD:A4,-78, WPA ,0.000000,0.000000,0.000,0.000,AP
2026-04-01 13:28:54,1900-01-00 00:00:00,1032-wombat,B8:27:EB:A2:CD:A4,-78, WPA ,0.000000,0.000000,0.000,0.000,AP
2026-04-01 13:28:54,1900-01-00 00:00:00,1032-wombat,B8:27:EB:A2:CD:A4,-78, WPA ,0.000000,0.000000,0.000,0.000,AP
2026-04-01 13:28:54,1900-01-00 00:00:00,1032-wombat,B8:27:EB:A2:CD:A4,-78, WPA ,0.000000,0.000000,0.000,0.000,AP
2026-04-01 13:28:54,1900-01-00 00:00:00,1032-wombat,B8:27:EB:A2:CD:A4,-78, WPA ,0.000000,0.000000,0.000,0.000,AP
2026-04-01 13:28:54,1900-01-00 00:00:00,1032-wombat,B8:27:EB:A2:CD:A4,-78, WPA ,0.000000,0.000000,0.000,0.000,AP
2026-04-01 13:28:54,1900-01-00 00:00:00,1032-wombat,B8:27:EB:A2:CD:A4,-78, WPA ,0.000000,0.000000,0.000,0.000,AP
2026-04-01 13:28:54,1900-01-00 00:00:00,1032-wombat,B8:27:EB:A2:CD:A4,-78, WPA ,0.000000,0.000000,0.000,0.000,AP
2026-04-01 13:28:54,1900-01-00 00:00:00,1032-wombat,B8:27:EB:A2:CD:A4,-78, WPA ,0.000000,0.000000,0.000,0.000,AP
2026-04-01 13:28:54,1900-01-00 00:00:00,1032-wombat,B8:27:EB:A2:CD:A4,-78, WPA ,0.000000,0.000000,0.000,0.000,AP
2026-04-01 13:28:54,1900-01-00 00:00:00,1032-wombat,B8:27:EB:A2:CD:A4,-78, WPA ,0.000000,0.000000,0.000,0.000,AP
2026-04-01 13:28:54,1900-01-00 00:00:00,1032-wombat,B8:27:EB:A2:CD:A4,-78, WPA ,0.000000,0.000000,0.000,0.000,AP
2026-04-01 13:28:54,1900-01-00 00:00:00,1032-wombat,B8:27:EB:A2:CD:A4,-78, WPA ,0.000000,0.000000,0.000,0.000,AP
2026-04-01 13:28:54,1900-01-00 00:00:00,1032-wombat,B8:27:EB:A2:CD:A4,-78, WPA ,0.000000,0.000000,0.000,0.000,AP
2026-04-01 13:28:54,1900-01-00 00:00:00,1032-wombat,B8:27:EB:A2:CD:A4,-78, WPA ,0.000000,0.000000,0.000,0.000,AP
2026-04-01 13:28:54,1900-01-00 00:00:00,1032-wombat,B8:27:EB:A2:CD:A4,-78, WPA ,0.000000,0.000000,0.000,0.000,AP
2026-04-01 13:28:54,1900-01-00 00:00:00,1032-wombat,B8:27:EB:A2:CD:A4,-78, WPA ,0.000000,0.000000,0.000,0.000,AP
2026-04-01 13:28:54,1900-01-00 00:00:00,1032-wombat,B8:27:EB:A2:CD:A4,-78, WPA ,0.000000,0.000000,0.000,0.000,AP
2026-04-01 13:28:54,1900-01-00 00:00:00,1032-wombat,B8:27:EB:A2:CD:A4,-78, WPA ,0.000000,0.000000,0.000,0.000,AP
2026-04-01 13:28:54,1900-01-00 00:00:00,1032-wombat,B8:27:EB:A2:CD:A4,-78, WPA ,0.000000,0.000000,0.000,0.000,AP
2026-04-01 13:28:54,1900-01-00 00:00:00,1032-wombat,B8:27:EB:A2:CD:A4,-78, WPA ,0.000000,0.000000,0.000,0.000,AP
2026-04-01 13:28:54,1900-01-00 00:00:00,1032-wombat,B8:27:EB:A2:CD:A4,-78, WPA ,0.000000,0.000000,0.000,0.000,AP
2026-04-01 13:28:54,1900-01-00 00:00:00,1032-wombat,B8:27:EB:A2:CD:A4,-78, WPA ,0.000000,0.000000,0.000,0.000,AP
2026-04-01 13:28:54,1900-01-00 00:00:00,1032-wombat,B8:27:EB:A2:CD:A4,-78, WPA ,0.000000,0.000000,0.000,0.000,AP
2026-04-01 13:28:54,1900-01-00 00:00:00,1032-wombat,B8:27:EB:A2:CD:A4,-83, WPA ,0.000000,0.000000,0.000,0.000,AP
2026-04-01 13:28:54,1900-01-00 00:00:00,1032-wombat,B8:27:EB:A2:CD:A4,-83, WPA ,0.000000,0.000000,0.000,0.000,AP
2026-04-01 13:28:54,1900-01-00 00:00:00,1032-wombat,B8:27:EB:A2:CD:A4,-83, WPA ,0.000000,0.000000,0.000,0.000,AP
2026-04-01 13:28:54,1900-01-00 00:00:00,1032-wombat,B8:27:EB:A2:CD:A4,-83, WPA ,0.000000,0.000000,0.000,0.000,AP
2026-04-01 13:28:54,1900-01-00 00:00:00,1032-wombat,B8:27:EB:A2:CD:A4,-83, WPA ,0.000000,0.000000,0.000,0.000,AP
2026-04-01 13:28:54,1900-01-00 00:00:00,1032-wombat,B8:27:EB:A2:CD:A4,-83, WPA ,0.000000,0.000000,0.000,0.000,AP
2026-04-01 13:28:54,1900-01-00 00:00:00,1032-wombat,B8:27:EB:A2:CD:A4,-83, WPA ,0.000000,0.000000,0.000,0.000,AP
2026-04-01 13:28:54,1900-01-00 00:00:00,1032-wombat,B8:27:EB:A2:CD:A4,-83, WPA ,0.000000,0.000000,0.000,0.000,AP
2026-04-01 13:28:54,1900-01-00 00:00:00,1032-wombat,B8:27:EB:A2:CD:A4,-83, WPA ,0.000000,0.000000,0.000,0.000,AP
2026-04-01 13:28:54,1900-01-00 00:00:00,1032-wombat,B8:27:EB:A2:CD:A4,-83, WPA ,0.000000,0.000000,0.000,0.000,AP
2026-04-01 13:28:54,1900-01-00 00:00:00,1032-wombat,B8:27:EB:A2:CD:A4,-83, WPA ,0.000000,0.000000,0.000,0.000,AP
2026-04-01 13:28:54,1900-01-00 00:00:00,1032-wombat,B8:27:EB:A2:CD:A4,-83, WPA ,0.000000,0.000000,0.000,0.000,AP
2026-04-01 13:28:54,1900-01-00 00:00:00,1032-wombat,B8:27:EB:A2:CD:A4,-83, WPA ,0.000000,0.000000,0.000,0.000,AP
2026-04-01 13:28:54,1900-01-00 00:00:00,1032-wombat,B8:27:EB:A2:CD:A4,-50, WPA ,0.000000,0.000000,0.000,0.000,AP
2026-04-01 13:28:54,1900-01-00 00:00:00,1032-wombat,B8:27:EB:A2:CD:A4,-50, WPA ,0.000000,0.000000,0.000,0.000,AP
2026-04-01 13:28:54,1900-01-00 00:00:00,1032-wombat,B8:27:EB:A2:CD:A4,-50, WPA ,0.000000,0.000000,0.000,0.000,AP
2026-04-01 13:28:54,1900-01-00 00:00:00,1032-wombat,B8:27:EB:A2:CD:A4,-50, WPA ,0.000000,0.000000,0.000,0.000,AP
2026-04-01 13:28:54,1900-01-00 00:00:00,1032-wombat,B8:27:EB:A2:CD:A4,-50, WPA ,0.000000,0.000000,0.000,0.000,AP
2026-04-01 13:28:54,1900-01-00 00:00:00,1032-wombat,B8:27:EB:A2:CD:A4,-50, WPA ,0.000000,0.000000,0.000,0.000,AP
2026-04-01 13:28:54,1900-01-00 00:00:00,1032-wombat,B8:27:EB:A2:CD:A4,-50, WPA ,0.000000,0.000000,0.000,0.000,AP
2026-04-01 13:28:54,1900-01-00 00:00:00,1032-wombat,B8:27:EB:A2:CD:A4,-50, WPA ,0.000000,0.000000,0.000,0.000,AP
2026-04-01 13:28:54,1900-01-00 00:00:00,1032-wombat,B8:27:EB:A2:CD:A4,-50, WPA ,0.000000,0.000000,0.000,0.000,AP
2026-04-01 13:28:54,1900-01-00 00:00:00,1032-wombat,B8:27:EB:A2:CD:A4,-50, WPA ,0.000000,0.000000,0.000,0.000,AP
2026-04-01 13:28:54,1900-01-00 00:00:00,1032-wombat,B8:27:EB:A2:CD:A4,-50, WPA ,0.000000,0.000000,0.000,0.000,AP
2026-04-01 13:28:54,1900-01-00 00:00:00,1032-wombat,B8:27:EB:A2:CD:A4,-50, WPA ,0.000000,0.000000,0.000,0.000,AP
2026-04-01 13:28:54,1900-01-00 00:00:00,1032-wombat,B8:27:EB:A2:CD:A4,-50, WPA ,0.000000,0.000000,0.000,0.000,AP
2026-04-01 13:28:54,1900-01-00 00:00:00,1032-wombat,B8:27:EB:A2:CD:A4,-50, WPA ,0.000000,0.000000,0.000,0.000,AP
2026-04-01 13:28:54,1900-01-00 00:00:00,1032-wombat,B8:27:EB:A2:CD:A4,-50, WPA ,0.000000,0.000000,0.000,0.000,AP
2026-04-01 13:28:54,1900-01-00 00:00:00,1032-wombat,B8:27:EB:A2:CD:A4,-50, WPA ,0.000000,0.000000,0.000,0.000,AP
2026-04-01 13:28:54,1900-01-00 00:00:00,1032-wombat,B8:27:EB:A2:CD:A4,-50, WPA ,0.000000,0.000000,0.000,0.000,AP
2026-04-01 13:28:54,1900-01-00 00:00:00,1032-wombat,B8:27:EB:A2:CD:A4,-50, WPA ,0.000000,0.000000,0.000,0.000,AP
2026-04-01 13:28:54,1900-01-00 00:00:00,1032-wombat,B8:27:EB:A2:CD:A4,-50, WPA ,0.000000,0.000000,0.000,0.000,AP
2026-04-01 13:28:54,1900-01-00 00:00:00,1032-wombat,B8:27:EB:A2:CD:A4,-50, WPA ,0.000000,0.000000,0.000,0.000,AP
2026-04-01 13:28:54,1900-01-00 00:00:00,1032-wombat,B8:27:EB:A2:CD:A4,-50, WPA ,0.000000,0.000000,0.000,0.000,AP
2026-04-01 13:28:54,1900-01-00 00:00:00,1032-wombat,B8:27:EB:A2:CD:A4,-50, WPA ,0.000000,0.000000,0.000,0.000,AP
2026-04-01 13:28:54,1900-01-00 00:00:00,1032-wombat,B8:27:EB:A2:CD:A4,-50, WPA ,0.000000,0.000000,0.000,0.000,AP
2026-04-01 13:28:54,1900-01-00 00:00:00,1032-wombat,B8:27:EB:A2:CD:A4,-50, WPA ,0.000000,0.000000,0.000,0.000,AP
2026-04-01 13:28:54,1900-01-00 00:00:00,1032-wombat,B8:27:EB:A2:CD:A4,-50, WPA ,0.000000,0.000000,0.000,0.000,AP
2026-04-01 13:28:54,1900-01-00 00:00:00,1032-wombat,B8:27:EB:A2:CD:A4,-50, WPA ,0.000000,0.000000,0.000,0.000,AP
2026-04-01 13:28:54,1900-01-00 00:00:00,1032-wombat,B8:27:EB:A2:CD:A4,-50, WPA ,0.000000,0.000000,0.000,0.000,AP
2026-04-01 13:28:54,1900-01-00 00:00:00,1032-wombat,B8:27:EB:A2:CD:A4,-50, WPA ,0.000000,0.000000,0.000,0.000,AP
2026-04-01 13:28:54,1900-01-00 00:00:00,1032-wombat,B8:27:EB:A2:CD:A4,-50, WPA ,0.000000,0.000000,0.000,0.000,AP
2026-04-01 13:28:54,1900-01-00 00:00:00,1032-wombat,B8:27:EB:A2:CD:A4,-50, WPA ,0.000000,0.000000,0.000,0.000,AP
2026-04-01 13:28:54,1900-01-00 00:00:00,1032-wombat,B8:27:EB:A2:CD:A4,-50, WPA ,0.000000,0.000000,0.000,0.000,AP
2026-04-01 13:28:54,1900-01-00 00:00:00,1032-wombat,B8:27:EB:A2:CD:A4,-50, WPA ,0.000000,0.000000,0.000,0.000,AP
2026-04-01 13:28:54,1900-01-00 00:00:00,1032-wombat,B8:27:EB:A2:CD:A4,-50, WPA ,0.000000,0.000000,0.000,0.000,AP
2026-04-01 13:28:54,1900-01-00 00:00:00,1032-wombat,B8:27:EB:A2:CD:A4,-50, WPA ,0.000000,0.000000,0.000,0.000,AP
2026-04-01 13:28:54,1900-01-00 00:00:00,1032-wombat,B8:27:EB:A2:CD:A4,-50, WPA ,0.000000,0.000000,0.000,0.000,AP
2026-04-01 13:28:54,1900-01-00 00:00:00,1032-wombat,B8:27:EB:A2:CD:A4,-50, WPA ,0.000000,0.000000,0.000,0.000,AP
2026-04-01 13:28:54,1900-01-00 00:00:00,1032-wombat,B8:27:EB:A2:CD:A4,-50, WPA ,0.000000,0.000000,0.000,0.000,AP
2026-04-01 13:28:54,1900-01-00 00:00:00,1032-wombat,B8:27:EB:A2:CD:A4,-50, WPA ,0.000000,0.000000,0.000,0.000,AP
2026-04-01 13:28:54,1900-01-00 00:00:00,1032-wombat,B8:27:EB:A2:CD:A4,-50, WPA ,0.000000,0.000000,0.000,0.000,AP
2026-04-01 13:28:54,1900-01-00 00:00:00,1032-wombat,B8:27:EB:A2:CD:A4,-51, WPA ,0.000000,0.000000,0.000,0.000,AP
2026-04-01 13:28:54,1900-01-00 00:00:00,1032-wombat,B8:27:EB:A2:CD:A4,-51, WPA ,0.000000,0.000000,0.000,0.000,AP
2026-04-01 13:28:54,1900-01-00 00:00:00,1032-wombat,B8:27:EB:A2:CD:A4,-50, WPA ,0.000000,0.000000,0.000,0.000,AP
2026-04-01 13:28:54,1900-01-00 00:00:00,1032-wombat,B8:27:EB:A2:CD:A4,-51, WPA ,0.000000,0.000000,0.000,0.000,AP
2026-04-01 13:28:54,1900-01-00 00:00:00,1032-wombat,B8:27:EB:A2:CD:A4,-51, WPA ,0.000000,0.000000,0.000,0.000,AP
2026-04-01 13:28:54,1900-01-00 00:00:00,1032-wombat,B8:27:EB:A2:CD:A4,-50, WPA ,0.000000,0.000000,0.000,0.000,AP
2026-04-01 13:28:54,1900-01-00 00:00:00,1032-wombat,B8:27:EB:A2:CD:A4,-51, WPA ,0.000000,0.000000,0.000,0.000,AP
2026-04-01 13:28:54,1900-01-00 00:00:00,1032-wombat,B8:27:EB:A2:CD:A4,-51, WPA ,0.000000,0.000000,0.000,0.000,AP
2026-04-01 13:28:54,1900-01-00 00:00:00,1032-wombat,B8:27:EB:A2:CD:A4,-51, WPA ,0.000000,0.000000,0.000,0.000,AP
2026-04-01 13:28:54,1900-01-00 00:00:00,1032-wombat,B8:27:EB:A2:CD:A4,-51, WPA ,0.000000,0.000000,0.000,0.000,AP
2026-04-01 13:28:54,1900-01-00 00:00:00,1032-wombat,B8:27:EB:A2:CD:A4,-51, WPA ,0.000000,0.000000,0.000,0.000,AP
2026-04-01 13:28:54,1900-01-00 00:00:00,1032-wombat,B8:27:EB:A2:CD:A4,-51, WPA ,0.000000,0.000000,0.000,0.000,AP
2026-04-01 13:28:54,1900-01-00 00:00:00,1032-wombat,B8:27:EB:A2:CD:A4,-51, WPA ,0.000000,0.000000,0.000,0.000,AP
2026-04-01 13:28:54,1900-01-00 00:00:00,1032-wombat,B8:27:EB:A2:CD:A4,-51, WPA ,0.000000,0.000000,0.000,0.000,AP
2026-04-01 13:28:54,1900-01-00 00:00:00,1032-wombat,B8:27:EB:A2:CD:A4,-51, WPA ,0.000000,0.000000,0.000,0.000,AP
2026-04-01 13:28:54,1900-01-00 00:00:00,1032-wombat,B8:27:EB:A2:CD:A4,-51, WPA ,0.000000,0.000000,0.000,0.000,AP
2026-04-01 13:28:54,1900-01-00 00:00:00,1032-wombat,B8:27:EB:A2:CD:A4,-51, WPA ,0.000000,0.000000,0.000,0.000,AP
2026-04-01 13:28:54,1900-01-00 00:00:00,1032-wombat,B8:27:EB:A2:CD:A4,-51, WPA ,0.000000,0.000000,0.000,0.000,AP
2026-04-01 13:28:54,1900-01-00 00:00:00,1032-wombat,B8:27:EB:A2:CD:A4,-51, WPA ,0.000000,0.000000,0.000,0.000,AP
2026-04-01 13:28:54,1900-01-00 00:00:00,1032-wombat,B8:27:EB:A2:CD:A4,-51, WPA ,0.000000,0.000000,0.000,0.000,AP
2026-04-01 13:28:54,1900-01-00 00:00:00,1032-wombat,B8:27:EB:A2:CD:A4,-51, WPA ,0.000000,0.000000,0.000,0.000,AP
2026-04-01 13:28:54,1900-01-00 00:00:00,1032-wombat,B8:27:EB:A2:CD:A4,-51, WPA ,0.000000,0.000000,0.000,0.000,AP
2026-04-01 13:28:54,1900-01-00 00:00:00,1032-wombat,B8:27:EB:A2:CD:A4,-51, WPA ,0.000000,0.000000,0.000,0.000,AP
2026-04-01 13:28:54,1900-01-00 00:00:00,1032-wombat,B8:27:EB:A2:CD:A4,-51, WPA ,0.000000,0.000000,0.000,0.000,AP
2026-04-01 13:28:54,1900-01-00 00:00:00,1032-wombat,B8:27:EB:A2:CD:A4,-51, WPA ,0.000000,0.000000,0.000,0.000,AP
2026-04-01 13:28:54,1900-01-00 00:00:00,1032-wombat,B8:27:EB:A2:CD:A4,-51, WPA ,0.000000,0.000000,0.000,0.000,AP
2026-04-01 13:28:54,1900-01-00 00:00:00,1032-wombat,B8:27:EB:A2:CD:A4,-51, WPA ,0.000000,0.000000,0.000,0.000,AP
2026-04-01 13:28:54,1900-01-00 00:00:00,1032-wombat,B8:27:EB:A2:CD:A4,-51, WPA ,0.000000,0.000000,0.000,0.000,AP
2026-04-01 13:28:54,1900-01-00 00:00:00,1032-wombat,B8:27:EB:A2:CD:A4,-51, WPA ,0.000000,0.000000,0.000,0.000,AP
2026-04-01 13:28:54,1900-01-00 00:00:00,1032-wombat,B8:27:EB:A2:CD:A4,-51, WPA ,0.000000,0.000000,0.000,0.000,AP
2026-04-01 13:28:54,1900-01-00 00:00:00,1032-wombat,B8:27:EB:A2:CD:A4,-51, WPA ,0.000000,0.000000,0.000,0.000,AP
2026-04-01 13:28:54,1900-01-00 00:00:00,1032-wombat,B8:27:EB:A2:CD:A4,-51, WPA ,0.000000,0.000000,0.000,0.000,AP
2026-04-01 13:28:54,1900-01-00 00:00:00,1032-wombat,B8:27:EB:A2:CD:A4,-51, WPA ,0.000000,0.000000,0.000,0.000,AP
2026-04-01 13:28:54,1900-01-00 00:00:00,1032-wombat,B8:27:EB:A2:CD:A4,-51, WPA ,0.000000,0.000000,0.000,0.000,AP
2026-04-01 13:28:54,1900-01-00 00:00:00,1032-wombat,B8:27:EB:A2:CD:A4,-51, WPA ,0.000000,0.000000,0.000,0.000,AP
2026-04-01 13:28:54,1900-01-00 00:00:00,1032-wombat,B8:27:EB:A2:CD:A4,-51, WPA ,0.000000,0.000000,0.000,0.000,AP
2026-04-01 13:28:54,1900-01-00 00:00:00,1032-wombat,B8:27:EB:A2:CD:A4,-51, WPA ,0.000000,0.000000,0.000,0.000,AP
2026-04-01 13:28:54,1900-01-00 00:00:00,1032-wombat,B8:27:EB:A2:CD:A4,-51, WPA ,0.000000,0.000000,0.000,0.000,AP
2026-04-01 13:28:54,1900-01-00 00:00:00,1032-wombat,B8:27:EB:A2:CD:A4,-51, WPA ,0.000000,0.000000,0.000,0.000,AP
2026-04-01 13:28:54,1900-01-00 00:00:00,1032-wombat,B8:27:EB:A2:CD:A4,-61, WPA ,0.000000,0.000000,0.000,0.000,AP
2026-04-01 13:28:54,1900-01-00 00:00:00,1032-wombat,B8:27:EB:A2:CD:A4,-61, WPA ,0.000000,0.000000,0.000,0.000,AP
2026-04-01 13:28:54,1900-01-00 00:00:00,1032-wombat,B8:27:EB:A2:CD:A4,-61, WPA ,0.000000,0.000000,0.000,0.000,AP
2026-04-01 13:28:54,1900-01-00 00:00:00,1032-wombat,B8:27:EB:A2:CD:A4,-77, WPA ,0.000000,0.000000,0.000,0.000,AP
2026-04-01 13:28:54,1900-01-00 00:00:00,1032-wombat,B8:27:EB:A2:CD:A4,-77, WPA ,0.000000,0.000000,0.000,0.000,AP
2026-04-01 13:28:54,1900-01-00 00:00:00,1032-wombat,B8:27:EB:A2:CD:A4,-77, WPA ,0.000000,0.000000,0.000,0.000,AP
2026-04-01 13:28:54,1900-01-00 00:00:00,1032-wombat,B8:27:EB:A2:CD:A4,-77, WPA ,0.000000,0.000000,0.000,0.000,AP
2026-04-01 13:28:54,1900-01-00 00:00:00,1032-wombat,B8:27:EB:A2:CD:A4,-41, WPA ,0.000000,0.000000,0.000,0.000,AP
2026-04-01 13:28:54,1900-01-00 00:00:00,1032-wombat,B8:27:EB:A2:CD:A4,-41, WPA ,0.000000,0.000000,0.000,0.000,AP
2026-04-01 13:28:54,1900-01-00 00:00:00,1032-wombat,B8:27:EB:A2:CD:A4,-41, WPA ,0.000000,0.000000,0.000,0.000,AP
2026-04-01 13:28:54,1900-01-00 00:00:00,1032-wombat,B8:27:EB:A2:CD:A4,-41, WPA ,0.000000,0.000000,0.000,0.000,AP
2026-04-01 13:28:54,1900-01-00 00:00:00,1032-wombat,B8:27:EB:A2:CD:A4,-41, WPA ,0.000000,0.000000,0.000,0.000,AP
2026-04-01 13:28:54,1900-01-00 00:00:00,1032-wombat,B8:27:EB:A2:CD:A4,-41, WPA ,0.000000,0.000000,0.000,0.000,AP
2026-04-01 13:28:54,1900-01-00 00:00:00,1032-wombat,B8:27:EB:A2:CD:A4,-41, WPA ,0.000000,0.000000,0.000,0.000,AP
2026-04-01 13:28:54,1900-01-00 00:00:00,1032-wombat,B8:27:EB:A2:CD:A4,-41, WPA ,0.000000,0.000000,0.000,0.000,AP
2026-04-01 13:28:54,1900-01-00 00:00:00,1032-wombat,B8:27:EB:A2:CD:A4,-41, WPA ,0.000000,0.000000,0.000,0.000,AP
2026-04-01 13:28:54,1900-01-00 00:00:00,1032-wombat,B8:27:EB:A2:CD:A4,-41, WPA ,0.000000,0.000000,0.000,0.000,AP
2026-04-01 13:28:54,1900-01-00 00:00:00,1032-wombat,B8:27:EB:A2:CD:A4,-41, WPA ,0.000000,0.000000,0.000,0.000,AP
2026-04-01 13:28:54,1900-01-00 00:00:00,1032-wombat,B8:27:EB:A2:CD:A4,-41, WPA ,0.000000,0.000000,0.000,0.000,AP
2026-04-01 13:28:54,1900-01-00 00:00:00,1032-wombat,B8:27:EB:A2:CD:A4,-41, WPA ,0.000000,0.000000,0.000,0.000,AP
2026-04-01 13:28:54,1900-01-00 00:00:00,1032-wombat,B8:27:EB:A2:CD:A4,-41, WPA ,0.000000,0.000000,0.000,0.000,AP
2026-04-01 13:28:54,1900-01-00 00:00:00,1032-wombat,B8:27:EB:A2:CD:A4,-41, WPA ,0.000000,0.000000,0.000,0.000,AP
2026-04-01 13:28:54,1900-01-00 00:00:00,1032-wombat,B8:27:EB:A2:CD:A4,-41, WPA ,0.000000,0.000000,0.000,0.000,AP
2026-04-01 13:28:54,1900-01-00 00:00:00,1032-wombat,B8:27:EB:A2:CD:A4,-41, WPA ,0.000000,0.000000,0.000,0.000,AP
2026-04-01 13:28:54,1900-01-00 00:00:00,1032-wombat,B8:27:EB:A2:CD:A4,-41, WPA ,0.000000,0.000000,0.000,0.000,AP
2026-04-01 13:28:54,1900-01-00 00:00:00,1032-wombat,B8:27:EB:A2:CD:A4,-41, WPA ,0.000000,0.000000,0.000,0.000,AP
2026-04-01 13:28:54,1900-01-00 00:00:00,1032-wombat,B8:27:EB:A2:CD:A4,-41, WPA ,0.000000,0.000000,0.000,0.000,AP
2026-04-01 13:28:54,1900-01-00 00:00:00,1032-wombat,B8:27:EB:A2:CD:A4,-41, WPA ,0.000000,0.000000,0.000,0.000,AP
2026-04-01 13:28:54,1900-01-00 00:00:00,1032-wombat,B8:27:EB:A2:CD:A4,-41, WPA ,0.000000,0.000000,0.000,0.000,AP
2026-04-01 13:28:54,1900-01-00 00:00:00,1032-wombat,B8:27:EB:A2:CD:A4,-41, WPA ,0.000000,0.000000,0.000,0.000,AP
2026-04-01 13:28:54,1900-01-00 00:00:00,1032-wombat,B8:27:EB:A2:CD:A4,-41, WPA ,0.000000,0.000000,0.000,0.000,AP
2026-04-01 13:28:54,1900-01-00 00:00:00,1032-wombat,B8:27:EB:A2:CD:A4,-41, WPA ,0.000000,0.000000,0.000,0.000,AP
2026-04-01 13:28:54,1900-01-00 00:00:00,1032-wombat,B8:27:EB:A2:CD:A4,-41, WPA ,0.000000,0.000000,0.000,0.000,AP
2026-04-01 13:28:54,1900-01-00 00:00:00,1032-wombat,B8:27:EB:A2:CD:A4,-41, WPA ,0.000000,0.000000,0.000,0.000,AP
2026-04-01 13:28:54,1900-01-00 00:00:00,1032-wombat,B8:27:EB:A2:CD:A4,-41, WPA ,0.000000,0.000000,0.000,0.000,AP
2026-04-01 13:28:54,1900-01-00 00:00:00,1032-wombat,B8:27:EB:A2:CD:A4,-41, WPA ,0.000000,0.000000,0.000,0.000,AP
2026-04-01 13:28:54,1900-01-00 00:00:00,1032-wombat,B8:27:EB:A2:CD:A4,-41, WPA ,0.000000,0.000000,0.000,0.000,AP
2026-04-01 13:28:54,1900-01-00 00:00:00,1032-wombat,B8:27:EB:A2:CD:A4,-41, WPA ,0.000000,0.000000,0.000,0.000,AP
2026-04-01 13:28:54,1900-01-00 00:00:00,1032-wombat,B8:27:EB:A2:CD:A4,-82, WPA ,0.000000,0.000000,0.000,0.000,AP
2026-04-01 13:28:54,1900-01-00 00:00:00,1032-wombat,B8:27:EB:A2:CD:A4,-82, WPA ,0.000000,0.000000,0.000,0.000,AP
2026-04-01 13:28:54,1900-01-00 00:00:00,1032-wombat,B8:27:EB:A2:CD:A4,-82, WPA ,0.000000,0.000000,0.000,0.000,AP
2026-04-01 13:28:54,1900-01-00 00:00:00,1032-wombat,B8:27:EB:A2:CD:A4,-82, WPA ,0.000000,0.000000,0.000,0.000,AP
2026-04-01 13:28:54,1900-01-00 00:00:00,1032-wombat,B8:27:EB:A2:CD:A4,-82, WPA ,0.000000,0.000000,0.000,0.000,AP
2026-04-01 13:28:54,1900-01-00 00:00:00,1032-wombat,B8:27:EB:A2:CD:A4,-82, WPA ,0.000000,0.000000,0.000,0.000,AP
2026-04-01 13:28:54,1900-01-00 00:00:00,1032-wombat,B8:27:EB:A2:CD:A4,-82, WPA ,0.000000,0.000000,0.000,0.000,AP
2026-04-01 13:28:54,1900-01-00 00:00:00,1032-wombat,B8:27:EB:A2:CD:A4,-82, WPA ,0.000000,0.000000,0.000,0.000,AP
2026-04-01 13:28:54,1900-01-00 00:00:00,1032-wombat,B8:27:EB:A2:CD:A4,-82, WPA ,0.000000,0.000000,0.000,0.000,AP
2026-04-01 13:28:54,1900-01-00 00:00:00,1032-wombat,B8:27:EB:A2:CD:A4,-82, WPA ,0.000000,0.000000,0.000,0.000,AP
2026-04-01 13:28:54,1900-01-00 00:00:00,1032-wombat,B8:27:EB:A2:CD:A4,-82, WPA ,0.000000,0.000000,0.000,0.000,AP
2026-04-01 13:28:54,1900-01-00 00:00:00,1032-wombat,B8:27:EB:A2:CD:A4,-82, WPA ,0.000000,0.000000,0.000,0.000,AP
2026-04-01 13:28:54,1900-01-00 00:00:00,1032-wombat,B8:27:EB:A2:CD:A4,-82, WPA ,0.000000,0.000000,0.000,0.000,AP
2026-04-01 13:28:54,1900-01-00 00:00:00,1032-wombat,B8:27:EB:A2:CD:A4,-82, WPA ,0.000000,0.000000,0.000,0.000,AP
2026-04-01 13:28:54,1900-01-00 00:00:00,1032-wombat,B8:27:EB:A2:CD:A4,-82, WPA ,0.000000,0.000000,0.000,0.000,AP
2026-04-01 13:28:54,1900-01-00 00:00:00,1032-wombat,B8:27:EB:A2:CD:A4,-82, WPA ,0.000000,0.000000,0.000,0.000,AP
2026-04-01 13:28:54,1900-01-00 00:00:00,1032-wombat,B8:27:EB:A2:CD:A4,-82, WPA ,0.000000,0.000000,0.000,0.000,AP
2026-04-01 13:28:54,1900-01-00 00:00:00,1032-wombat,B8:27:EB:A2:CD:A4,-82, WPA ,0.000000,0.000000,0.000,0.000,AP
2026-04-01 13:28:54,1900-01-00 00:00:00,1032-wombat,B8:27:EB:A2:CD:A4,-82, WPA ,0.000000,0.000000,0.000,0.000,AP
2026-04-01 13:28:54,1900-01-00 00:00:00,1032-wombat,B8:27:EB:A2:CD:A4,-82, WPA ,0.000000,0.000000,0.000,0.000,AP
2026-04-01 13:28:54,1900-01-00 00:00:00,1032-wombat,B8:27:EB:A2:CD:A4,-82, WPA ,0.000000,0.000000,0.000,0.000,AP
2026-04-01 13:28:54,1900-01-00 00:00:00,1032-wombat,B8:27:EB:A2:CD:A4,-82, WPA ,0.000000,0.000000,0.000,0.000,AP
2026-04-01 13:28:54,1900-01-00 00:00:00,1032-wombat,B8:27:EB:A2:CD:A4,-82, WPA ,0.000000,0.000000,0.000,0.000,AP
2026-04-01 13:28:54,1900-01-00 00:00:00,1032-wombat,B8:27:EB:A2:CD:A4,-82, WPA ,0.000000,0.000000,0.000,0.000,AP
2026-04-01 13:28:54,1900-01-00 00:00:00,1032-wombat,B8:27:EB:A2:CD:A4,-82, WPA ,0.000000,0.000000,0.000,0.000,AP
2026-04-01 13:28:54,1900-01-00 00:00:00,1032-wombat,B8:27:EB:A2:CD:A4,-82, WPA ,0.000000,0.000000,0.000,0.000,AP
2026-04-01 13:28:54,1900-01-00 00:00:00,1032-wombat,B8:27:EB:A2:CD:A4,-82, WPA ,0.000000,0.000000,0.000,0.000,AP
2026-04-01 13:28:54,1900-01-00 00:00:00,1032-wombat,B8:27:EB:A2:CD:A4,-82, WPA ,0.000000,0.000000,0.000,0.000,AP
2026-04-01 13:28:54,1900-01-00 00:00:00,1032-wombat,B8:27:EB:A2:CD:A4,-82, WPA ,0.000000,0.000000,0.000,0.000,AP
2026-04-01 13:28:54,1900-01-00 00:00:00,1032-wombat,B8:27:EB:A2:CD:A4,-82, WPA ,0.000000,0.000000,0.000,0.000,AP
2026-04-01 13:28:54,1900-01-00 00:00:00,1032-wombat,B8:27:EB:A2:CD:A4,-82, WPA ,0.000000,0.000000,0.000,0.000,AP
2026-04-01 13:28:54,1900-01-00 00:00:00,1032-wombat,B8:27:EB:A2:CD:A4,-82, WPA ,0.000000,0.000000,0.000,0.000,AP
2026-04-01 13:28:54,1900-01-00 00:00:00,1032-wombat,B8:27:EB:A2:CD:A4,-82, WPA ,0.000000,0.000000,0.000,0.000,AP
2026-04-01 13:28:54,1900-01-00 00:00:00,1032-wombat,B8:27:EB:A2:CD:A4,-82, WPA ,0.000000,0.000000,0.000,0.000,AP
2026-04-01 13:28:54,1900-01-00 00:00:00,1032-wombat,B8:27:EB:A2:CD:A4,-82, WPA ,0.000000,0.000000,0.000,0.000,AP
2026-04-01 13:28:54,1900-01-00 00:00:00,1032-wombat,B8:27:EB:A2:CD:A4,-82, WPA ,0.000000,0.000000,0.000,0.000,AP
2026-04-01 13:28:54,1900-01-00 00:00:00,1032-wombat,B8:27:EB:A2:CD:A4,-82, WPA ,0.000000,0.000000,0.000,0.000,AP
2026-04-01 13:28:54,1900-01-00 00:00:00,1032-wombat,B8:27:EB:A2:CD:A4,-82, WPA ,0.000000,0.000000,0.000,0.000,AP
2026-04-01 13:28:54,1900-01-00 00:00:00,1032-wombat,B8:27:EB:A2:CD:A4,-82, WPA ,0.000000,0.000000,0.000,0.000,AP
2026-04-01 13:28:54,1900-01-00 00:00:00,1032-wombat,B8:27:EB:A2:CD:A4,-82, WPA ,0.000000,0.000000,0.000,0.000,AP
2026-04-01 13:28:54,1900-01-00 00:00:00,1032-wombat,B8:27:EB:A2:CD:A4,-82, WPA ,0.000000,0.000000,0.000,0.000,AP
2026-04-01 13:28:54,1900-01-00 00:00:00,1032-wombat,B8:27:EB:A2:CD:A4,-82, WPA ,0.000000,0.000000,0.000,0.000,AP
2026-04-01 13:28:54,1900-01-00 00:00:00,1032-wombat,B8:27:EB:A2:CD:A4,-82, WPA ,0.000000,0.000000,0.000,0.000,AP
2026-04-01 13:28:54,1900-01-00 00:00:00,1032-wombat,B8:27:EB:A2:CD:A4,-82, WPA ,0.000000,0.000000,0.000,0.000,AP
2026-04-01 13:28:54,1900-01-00 00:00:00,1032-wombat,B8:27:EB:A2:CD:A4,-82, WPA ,0.000000,0.000000,0.000,0.000,AP
2026-04-01 13:28:54,1900-01-00 00:00:00,1032-wombat,B8:27:EB:A2:CD:A4,-82, WPA ,0.000000,0.000000,0.000,0.000,AP
2026-04-01 13:28:54,1900-01-00 00:00:00,1032-wombat,B8:27:EB:A2:CD:A4,-41, WPA ,0.000000,0.000000,0.000,0.000,AP
2026-04-01 13:28:54,1900-01-00 00:00:00,1032-wombat,B8:27:EB:A2:CD:A4,-50, WPA ,0.000000,0.000000,0.000,0.000,AP
2026-04-01 13:28:54,1900-01-00 00:00:00,1032-wombat,B8:27:EB:A2:CD:A4,-50, WPA ,0.000000,0.000000,0.000,0.000,AP
2026-04-01 13:28:54,1900-01-00 00:00:00,1032-wombat,B8:27:EB:A2:CD:A4,-63, WPA ,0.000000,0.000000,0.000,0.000,AP
2026-04-01 13:28:54,1900-01-00 00:00:00,1032-wombat,B8:27:EB:A2:CD:A4,-63, WPA ,0.000000,0.000000,0.000,0.000,AP
2026-04-01 13:28:54,1900-01-00 00:00:00,1032-wombat,B8:27:EB:A2:CD:A4,-63, WPA ,0.000000,0.000000,0.000,0.000,AP
2026-04-01 13:28:54,1900-01-00 00:00:00,1032-wombat,B8:27:EB:A2:CD:A4,-63, WPA ,0.000000,0.000000,0.000,0.000,AP
2026-04-01 13:28:54,1900-01-00 00:00:00,1032-wombat,B8:27:EB:A2:CD:A4,-41, WPA ,0.000000,0.000000,0.000,0.000,AP
2026-04-01 13:28:54,1900-01-00 00:00:00,1032-wombat,B8:27:EB:A2:CD:A4,-63, WPA ,0.000000,0.000000,0.000,0.000,AP
2026-04-01 13:28:54,1900-01-00 00:00:00,1032-wombat,B8:27:EB:A2:CD:A4,-63, WPA ,0.000000,0.000000,0.000,0.000,AP
2026-04-01 13:28:54,1900-01-00 00:00:00,1032-wombat,B8:27:EB:A2:CD:A4,-63, WPA ,0.000000,0.000000,0.000,0.000,AP
2026-04-01 13:28:54,1900-01-00 00:00:00,1032-wombat,B8:27:EB:A2:CD:A4,-63, WPA ,0.000000,0.000000,0.000,0.000,AP
2026-04-01 13:28:54,1900-01-00 00:00:00,1032-wombat,B8:27:EB:A2:CD:A4,-63, WPA ,0.000000,0.000000,0.000,0.000,AP
2026-04-01 13:28:54,1900-01-00 00:00:00,1032-wombat,B8:27:EB:A2:CD:A4,-63, WPA ,0.000000,0.000000,0.000,0.000,AP
2026-04-01 13:28:54,1900-01-00 00:00:00,1032-wombat,B8:27:EB:A2:CD:A4,-63, WPA ,0.000000,0.000000,0.000,0.000,AP
2026-04-01 13:28:54,1900-01-00 00:00:00,1032-wombat,B8:27:EB:A2:CD:A4,-40, WPA ,0.000000,0.000000,0.000,0.000,AP
2026-04-01 13:28:54,1900-01-00 00:00:00,1032-wombat,B8:27:EB:A2:CD:A4,-40, WPA ,0.000000,0.000000,0.000,0.000,AP
2026-04-01 13:28:54,1900-01-00 00:00:00,1032-wombat,B8:27:EB:A2:CD:A4,-40, WPA ,0.000000,0.000000,0.000,0.000,AP
2026-04-01 13:28:54,1900-01-00 00:00:00,1032-wombat,B8:27:EB:A2:CD:A4,-40, WPA ,0.000000,0.000000,0.000,0.000,AP
2026-04-01 13:28:54,1900-01-00 00:00:00,1032-wombat,B8:27:EB:A2:CD:A4,-77, WPA ,0.000000,0.000000,0.000,0.000,AP
2026-04-01 13:28:54,1900-01-00 00:00:00,1032-wombat,B8:27:EB:A2:CD:A4,-77, WPA ,0.000000,0.000000,0.000,0.000,AP
2026-04-01 13:28:54,1900-01-00 00:00:00,1032-wombat,B8:27:EB:A2:CD:A4,-77, WPA ,0.000000,0.000000,0.000,0.000,AP
2026-04-01 13:28:54,1900-01-00 00:00:00,1032-wombat,B8:27:EB:A2:CD:A4,-77, WPA ,0.000000,0.000000,0.000,0.000,AP
2026-04-01 13:28:54,1900-01-00 00:00:00,1032-wombat,B8:27:EB:A2:CD:A4,-77, WPA ,0.000000,0.000000,0.000,0.000,AP
2026-04-01 13:28:54,1900-01-00 00:00:00,1032-wombat,B8:27:EB:A2:CD:A4,-77, WPA ,0.000000,0.000000,0.000,0.000,AP
2026-04-01 13:28:54,1900-01-00 00:00:00,1032-wombat,B8:27:EB:A2:CD:A4,-77, WPA ,0.000000,0.000000,0.000,0.000,AP
2026-04-01 13:28:54,1900-01-00 00:00:00,1032-wombat,B8:27:EB:A2:CD:A4,-77, WPA ,0.000000,0.000000,0.000,0.000,AP
2026-04-01 13:28:54,1900-01-00 00:00:00,1032-wombat,B8:27:EB:A2:CD:A4,-77, WPA ,0.000000,0.000000,0.000,0.000,AP
2026-04-01 13:28:54,1900-01-00 00:00:00,1032-wombat,B8:27:EB:A2:CD:A4,-77, WPA ,0.000000,0.000000,0.000,0.000,AP
2026-04-01 13:28:54,1900-01-00 00:00:00,1032-wombat,B8:27:EB:A2:CD:A4,-77, WPA ,0.000000,0.000000,0.000,0.000,AP
2026-04-01 13:28:54,1900-01-00 00:00:00,1032-wombat,B8:27:EB:A2:CD:A4,-77, WPA ,0.000000,0.000000,0.000,0.000,AP
2026-04-01 13:28:54,1900-01-00 00:00:00,1032-wombat,B8:27:EB:A2:CD:A4,-77, WPA ,0.000000,0.000000,0.000,0.000,AP
2026-04-01 13:28:54,1900-01-00 00:00:00,1032-wombat,B8:27:EB:A2:CD:A4,-77, WPA ,0.000000,0.000000,0.000,0.000,AP
2026-04-01 13:28:54,1900-01-00 00:00:00,1032-wombat,B8:27:EB:A2:CD:A4,-77, WPA ,0.000000,0.000000,0.000,0.000,AP
2026-04-01 13:28:54,1900-01-00 00:00:00,1032-wombat,B8:27:EB:A2:CD:A4,-77, WPA ,0.000000,0.000000,0.000,0.000,AP
2026-04-01 13:28:54,1900-01-00 00:00:00,1032-wombat,B8:27:EB:A2:CD:A4,-77, WPA ,0.000000,0.000000,0.000,0.000,AP
2026-04-01 13:28:54,1900-01-00 00:00:00,1032-wombat,B8:27:EB:A2:CD:A4,-77, WPA ,0.000000,0.000000,0.000,0.000,AP
2026-04-01 13:28:54,1900-01-00 00:00:00,1032-wombat,B8:27:EB:A2:CD:A4,-77, WPA ,0.000000,0.000000,0.000,0.000,AP
2026-04-01 13:28:54,1900-01-00 00:00:00,1032-wombat,B8:27:EB:A2:CD:A4,-77, WPA ,0.000000,0.000000,0.000,0.000,AP
2026-04-01 13:28:54,1900-01-00 00:00:00,1032-wombat,B8:27:EB:A2:CD:A4,-77, WPA ,0.000000,0.000000,0.000,0.000,AP
2026-04-01 13:28:54,1900-01-00 00:00:00,1032-wombat,B8:27:EB:A2:CD:A4,-77, WPA ,0.000000,0.000000,0.000,0.000,AP
2026-04-01 13:28:54,1900-01-00 00:00:00,1032-wombat,B8:27:EB:A2:CD:A4,-77, WPA ,0.000000,0.000000,0.000,0.000,AP
2026-04-01 13:28:54,1900-01-00 00:00:00,1032-wombat,B8:27:EB:A2:CD:A4,-77, WPA ,0.000000,0.000000,0.000,0.000,AP
2026-04-01 13:28:54,1900-01-00 00:00:00,1032-wombat,B8:27:EB:A2:CD:A4,-77, WPA ,0.000000,0.000000,0.000,0.000,AP
2026-04-01 13:28:54,1900-01-00 00:00:00,1032-wombat,B8:27:EB:A2:CD:A4,-77, WPA ,0.000000,0.000000,0.000,0.000,AP
2026-04-01 13:28:54,1900-01-00 00:00:00,1032-wombat,B8:27:EB:A2:CD:A4,-77, WPA ,0.000000,0.000000,0.000,0.000,AP
2026-04-01 13:28:54,1900-01-00 00:00:00,1032-wombat,B8:27:EB:A2:CD:A4,-77, WPA ,0.000000,0.000000,0.000,0.000,AP
2026-04-01 13:28:54,1900-01-00 00:00:00,1032-wombat,B8:27:EB:A2:CD:A4,-77, WPA ,0.000000,0.000000,0.000,0.000,AP
2026-04-01 13:28:54,1900-01-00 00:00:00,1032-wombat,B8:27:EB:A2:CD:A4,-77, WPA ,0.000000,0.000000,0.000,0.000,AP
2026-04-01 13:28:54,1900-01-00 00:00:00,1032-wombat,B8:27:EB:A2:CD:A4,-77, WPA ,0.000000,0.000000,0.000,0.000,AP
2026-04-01 13:28:54,1900-01-00 00:00:00,1032-wombat,B8:27:EB:A2:CD:A4,-77, WPA ,0.000000,0.000000,0.000,0.000,AP
2026-04-01 13:28:54,1900-01-00 00:00:00,1032-wombat,B8:27:EB:A2:CD:A4,-83, WPA ,0.000000,0.000000,0.000,0.000,AP
2026-04-01 13:28:54,1900-01-00 00:00:00,1032-wombat,B8:27:EB:A2:CD:A4,-83, WPA ,0.000000,0.000000,0.000,0.000,AP
2026-04-01 13:28:54,1900-01-00 00:00:00,1032-wombat,B8:27:EB:A2:CD:A4,-83, WPA ,0.000000,0.000000,0.000,0.000,AP
2026-04-01 13:28:54,1900-01-00 00:00:00,1032-wombat,B8:27:EB:A2:CD:A4,-83, WPA ,0.000000,0.000000,0.000,0.000,AP
2026-04-01 13:28:54,1900-01-00 00:00:00,1032-wombat,B8:27:EB:A2:CD:A4,-83, WPA ,0.000000,0.000000,0.000,0.000,AP
2026-04-01 13:28:54,1900-01-00 00:00:00,1032-wombat,B8:27:EB:A2:CD:A4,-83, WPA ,0.000000,0.000000,0.000,0.000,AP
2026-04-01 13:28:54,1900-01-00 00:00:00,1032-wombat,B8:27:EB:A2:CD:A4,-83, WPA ,0.000000,0.000000,0.000,0.000,AP
2026-04-01 13:28:54,1900-01-00 00:00:00,1032-wombat,B8:27:EB:A2:CD:A4,-83, WPA ,0.000000,0.000000,0.000,0.000,AP
2026-04-01 13:28:54,1900-01-00 00:00:00,1032-wombat,B8:27:EB:A2:CD:A4,-83, WPA ,0.000000,0.000000,0.000,0.000,AP
2026-04-01 13:28:54,1900-01-00 00:00:00,1032-wombat,B8:27:EB:A2:CD:A4,-83, WPA ,0.000000,0.000000,0.000,0.000,AP
2026-04-01 13:28:54,1900-01-00 00:00:00,1032-wombat,B8:27:EB:A2:CD:A4,-83, WPA ,0.000000,0.000000,0.000,0.000,AP
2026-04-01 13:28:54,1900-01-00 00:00:00,1032-wombat,B8:27:EB:A2:CD:A4,-83, WPA ,0.000000,0.000000,0.000,0.000,AP
2026-04-01 13:28:54,1900-01-00 00:00:00,1032-wombat,B8:27:EB:A2:CD:A4,-83, WPA ,0.000000,0.000000,0.000,0.000,AP
2026-04-01 13:28:54,1900-01-00 00:00:00,1032-wombat,B8:27:EB:A2:CD:A4,-83, WPA ,0.000000,0.000000,0.000,0.000,AP
2026-04-01 13:28:54,1900-01-00 00:00:00,1032-wombat,B8:27:EB:A2:CD:A4,-83, WPA ,0.000000,0.000000,0.000,0.000,AP
2026-04-01 13:28:54,1900-01-00 00:00:00,1032-wombat,B8:27:EB:A2:CD:A4,-83, WPA ,0.000000,0.000000,0.000,0.000,AP
2026-04-01 13:28:54,1900-01-00 00:00:00,1032-wombat,B8:27:EB:A2:CD:A4,-83, WPA ,0.000000,0.000000,0.000,0.000,AP
2026-04-01 13:28:54,1900-01-00 00:00:00,1032-wombat,B8:27:EB:A2:CD:A4,-83, WPA ,0.000000,0.000000,0.000,0.000,AP
2026-04-01 13:28:54,1900-01-00 00:00:00,1032-wombat,B8:27:EB:A2:CD:A4,-83, WPA ,0.000000,0.000000,0.000,0.000,AP
2026-04-01 13:28:54,1900-01-00 00:00:00,1032-wombat,B8:27:EB:A2:CD:A4,-83, WPA ,0.000000,0.000000,0.000,0.000,AP
2026-04-01 13:28:54,1900-01-00 00:00:00,1032-wombat,B8:27:EB:A2:CD:A4,-83, WPA ,0.000000,0.000000,0.000,0.000,AP
2026-04-01 13:28:54,1900-01-00 00:00:00,1032-wombat,B8:27:EB:A2:CD:A4,-83, WPA ,0.000000,0.000000,0.000,0.000,AP
2026-04-01 13:28:54,1900-01-00 00:00:00,1032-wombat,B8:27:EB:A2:CD:A4,-83, WPA ,0.000000,0.000000,0.000,0.000,AP
2026-04-01 13:28:54,1900-01-00 00:00:00,1032-wombat,B8:27:EB:A2:CD:A4,-83, WPA ,0.000000,0.000000,0.000,0.000,AP
2026-04-01 13:28:54,1900-01-00 00:00:00,1032-wombat,B8:27:EB:A2:CD:A4,-83, WPA ,0.000000,0.000000,0.000,0.000,AP
2026-04-01 13:28:54,1900-01-00 00:00:00,1032-wombat,B8:27:EB:A2:CD:A4,-83, WPA ,0.000000,0.000000,0.000,0.000,AP
2026-04-01 13:28:54,1900-01-00 00:00:00,1032-wombat,B8:27:EB:A2:CD:A4,-83, WPA ,0.000000,0.000000,0.000,0.000,AP
2026-04-01 13:28:54,1900-01-00 00:00:00,1032-wombat,B8:27:EB:A2:CD:A4,-83, WPA ,0.000000,0.000000,0.000,0.000,AP
2026-04-01 13:28:54,1900-01-00 00:00:00,1032-wombat,B8:27:EB:A2:CD:A4,-83, WPA ,0.000000,0.000000,0.000,0.000,AP
2026-04-01 13:28:54,1900-01-00 00:00:00,1032-wombat,B8:27:EB:A2:CD:A4,-83, WPA ,0.000000,0.000000,0.000,0.000,AP
2026-04-01 13:28:54,1900-01-00 00:00:00,1032-wombat,B8:27:EB:A2:CD:A4,-83, WPA ,0.000000,0.000000,0.000,0.000,AP
2026-04-01 13:28:54,1900-01-00 00:00:00,1032-wombat,B8:27:EB:A2:CD:A4,-83, WPA ,0.000000,0.000000,0.000,0.000,AP
2026-04-01 13:28:54,1900-01-00 00:00:00,1032-wombat,B8:27:EB:A2:CD:A4,-83, WPA ,0.000000,0.000000,0.000,0.000,AP
2026-04-01 13:28:54,1900-01-00 00:00:00,1032-wombat,B8:27:EB:A2:CD:A4,-83, WPA ,0.000000,0.000000,0.000,0.000,AP
2026-04-01 13:28:54,1900-01-00 00:00:00,1032-wombat,B8:27:EB:A2:CD:A4,-83, WPA ,0.000000,0.000000,0.000,0.000,AP
2026-04-01 13:28:54,1900-01-00 00:00:00,1032-wombat,B8:27:EB:A2:CD:A4,-83, WPA ,0.000000,0.000000,0.000,0.000,AP
2026-04-01 13:28:54,1900-01-00 00:00:00,1032-wombat,B8:27:EB:A2:CD:A4,-83, WPA ,0.000000,0.000000,0.000,0.000,AP
2026-04-01 13:28:54,1900-01-00 00:00:00,1032-wombat,B8:27:EB:A2:CD:A4,-83, WPA ,0.000000,0.000000,0.000,0.000,AP
2026-04-01 13:28:54,1900-01-00 00:00:00,1032-wombat,B8:27:EB:A2:CD:A4,-83, WPA ,0.000000,0.000000,0.000,0.000,AP
2026-04-01 13:28:54,1900-01-00 00:00:00,1032-wombat,B8:27:EB:A2:CD:A4,-83, WPA ,0.000000,0.000000,0.000,0.000,AP
2026-04-01 13:28:54,1900-01-00 00:00:00,1032-wombat,B8:27:EB:A2:CD:A4,-83, WPA ,0.000000,0.000000,0.000,0.000,AP
2026-04-01 13:28:54,1900-01-00 00:00:00,1032-wombat,B8:27:EB:A2:CD:A4,-83, WPA ,0.000000,0.000000,0.000,0.000,AP
2026-04-01 13:28:54,1900-01-00 00:00:00,1032-wombat,B8:27:EB:A2:CD:A4,-83, WPA ,0.000000,0.000000,0.000,0.000,AP
2026-04-01 13:28:54,1900-01-00 00:00:00,1032-wombat,B8:27:EB:A2:CD:A4,-83, WPA ,0.000000,0.000000,0.000,0.000,AP
2026-04-01 13:28:54,1900-01-00 00:00:00,1032-wombat,B8:27:EB:A2:CD:A4,-83, WPA ,0.000000,0.000000,0.000,0.000,AP
2026-04-01 13:28:54,1900-01-00 00:00:00,1032-wombat,B8:27:EB:A2:CD:A4,-83, WPA ,0.000000,0.000000,0.000,0.000,AP
2026-04-01 13:28:54,1900-01-00 00:00:00,1032-wombat,B8:27:EB:A2:CD:A4,-83, WPA ,0.000000,0.000000,0.000,0.000,AP
2026-04-01 13:28:54,1900-01-00 00:00:00,1032-wombat,B8:27:EB:A2:CD:A4,-41, WPA ,0.000000,0.000000,0.000,0.000,AP
2026-04-01 13:28:54,1900-01-00 00:00:00,1032-wombat,B8:27:EB:A2:CD:A4,-41, WPA ,0.000000,0.000000,0.000,0.000,AP
2026-04-01 13:28:54,1900-01-00 00:00:00,1032-wombat,B8:27:EB:A2:CD:A4,-41, WPA ,0.000000,0.000000,0.000,0.000,AP
2026-04-01 13:28:54,1900-01-00 00:00:00,1032-wombat,B8:27:EB:A2:CD:A4,-41, WPA ,0.000000,0.000000,0.000,0.000,AP
2026-04-01 13:28:54,1900-01-00 00:00:00,1032-wombat,B8:27:EB:A2:CD:A4,-41, WPA ,0.000000,0.000000,0.000,0.000,AP
2026-04-01 13:28:54,1900-01-00 00:00:00,1032-wombat,B8:27:EB:A2:CD:A4,-41, WPA ,0.000000,0.000000,0.000,0.000,AP
2026-04-01 13:28:54,1900-01-00 00:00:00,1032-wombat,B8:27:EB:A2:CD:A4,-42, WPA ,0.000000,0.000000,0.000,0.000,AP
2026-04-01 13:28:54,1900-01-00 00:00:00,1032-wombat,B8:27:EB:A2:CD:A4,-42, WPA ,0.000000,0.000000,0.000,0.000,AP
2026-04-01 13:28:54,1900-01-00 00:00:00,1032-wombat,B8:27:EB:A2:CD:A4,-42, WPA ,0.000000,0.000000,0.000,0.000,AP
2026-04-01 13:28:54,1900-01-00 00:00:00,1032-wombat,B8:27:EB:A2:CD:A4,-42, WPA ,0.000000,0.000000,0.000,0.000,AP
2026-04-01 13:28:54,1900-01-00 00:00:00,1032-wombat,B8:27:EB:A2:CD:A4,-42, WPA ,0.000000,0.000000,0.000,0.000,AP
2026-04-01 13:28:54,1900-01-00 00:00:00,1032-wombat,B8:27:EB:A2:CD:A4,-42, WPA ,0.000000,0.000000,0.000,0.000,AP
2026-04-01 13:28:54,1900-01-00 00:00:00,1032-wombat,B8:27:EB:A2:CD:A4,-42, WPA ,0.000000,0.000000,0.000,0.000,AP
2026-04-01 13:28:54,1900-01-00 00:00:00,1032-wombat,B8:27:EB:A2:CD:A4,-42, WPA ,0.000000,0.000000,0.000,0.000,AP
2026-04-01 13:28:54,1900-01-00 00:00:00,1032-wombat,B8:27:EB:A2:CD:A4,-61, WPA ,0.000000,0.000000,0.000,0.000,AP
2026-04-01 13:28:54,1900-01-00 00:00:00,1032-wombat,B8:27:EB:A2:CD:A4,-78, WPA ,0.000000,0.000000,0.000,0.000,AP
2026-04-01 13:28:54,1900-01-00 00:00:00,1032-wombat,B8:27:EB:A2:CD:A4,-77, WPA ,0.000000,0.000000,0.000,0.000,AP
2026-04-01 13:28:54,1900-01-00 00:00:00,1032-wombat,B8:27:EB:A2:CD:A4,-77, WPA ,0.000000,0.000000,0.000,0.000,AP
2026-04-01 13:28:54,1900-01-00 00:00:00,1032-wombat,B8:27:EB:A2:CD:A4,-77, WPA ,0.000000,0.000000,0.000,0.000,AP
2026-04-01 13:28:54,1900-01-00 00:00:00,1032-wombat,B8:27:EB:A2:CD:A4,-77, WPA ,0.000000,0.000000,0.000,0.000,AP
2026-04-01 13:28:54,1900-01-00 00:00:00,1032-wombat,B8:27:EB:A2:CD:A4,-77, WPA ,0.000000,0.000000,0.000,0.000,AP
2026-04-01 13:28:54,1900-01-00 00:00:00,1032-wombat,B8:27:EB:A2:CD:A4,-77, WPA ,0.000000,0.000000,0.000,0.000,AP
2026-04-01 13:28:54,1900-01-00 00:00:00,1032-wombat,B8:27:EB:A2:CD:A4,-77, WPA ,0.000000,0.000000,0.000,0.000,AP
2026-04-01 13:28:54,1900-01-00 00:00:00,1032-wombat,B8:27:EB:A2:CD:A4,-77, WPA ,0.000000,0.000000,0.000,0.000,AP
2026-04-01 13:28:54,1900-01-00 00:00:00,1032-wombat,B8:27:EB:A2:CD:A4,-77, WPA ,0.000000,0.000000,0.000,0.000,AP
2026-04-01 13:28:54,1900-01-00 00:00:00,1032-wombat,B8:27:EB:A2:CD:A4,-77, WPA ,0.000000,0.000000,0.000,0.000,AP
2026-04-01 13:28:54,1900-01-00 00:00:00,1032-wombat,B8:27:EB:A2:CD:A4,-77, WPA ,0.000000,0.000000,0.000,0.000,AP
2026-04-01 13:28:54,1900-01-00 00:00:00,1032-wombat,B8:27:EB:A2:CD:A4,-77, WPA ,0.000000,0.000000,0.000,0.000,AP
2026-04-01 13:28:54,1900-01-00 00:00:00,1032-wombat,B8:27:EB:A2:CD:A4,-77, WPA ,0.000000,0.000000,0.000,0.000,AP
2026-04-01 13:28:54,1900-01-00 00:00:00,1032-wombat,B8:27:EB:A2:CD:A4,-77, WPA ,0.000000,0.000000,0.000,0.000,AP
2026-04-01 13:28:54,1900-01-00 00:00:00,1032-wombat,B8:27:EB:A2:CD:A4,-77, WPA ,0.000000,0.000000,0.000,0.000,AP
2026-04-01 13:28:54,1900-01-00 00:00:00,1032-wombat,B8:27:EB:A2:CD:A4,-77, WPA ,0.000000,0.000000,0.000,0.000,AP
2026-04-01 13:28:54,1900-01-00 00:00:00,1032-wombat,B8:27:EB:A2:CD:A4,-77, WPA ,0.000000,0.000000,0.000,0.000,AP
2026-04-01 13:28:54,1900-01-00 00:00:00,1032-wombat,B8:27:EB:A2:CD:A4,-77, WPA ,0.000000,0.000000,0.000,0.000,AP
2026-04-01 13:28:54,1900-01-00 00:00:00,1032-wombat,B8:27:EB:A2:CD:A4,-77, WPA ,0.000000,0.000000,0.000,0.000,AP
2026-04-01 13:28:54,1900-01-00 00:00:00,1032-wombat,B8:27:EB:A2:CD:A4,-77, WPA ,0.000000,0.000000,0.000,0.000,AP
2026-04-01 13:28:54,1900-01-00 00:00:00,1032-wombat,B8:27:EB:A2:CD:A4,-77, WPA ,0.000000,0.000000,0.000,0.000,AP
2026-04-01 13:28:54,1900-01-00 00:00:00,1032-wombat,B8:27:EB:A2:CD:A4,-77, WPA ,0.000000,0.000000,0.000,0.000,AP
2026-04-01 13:28:54,1900-01-00 00:00:00,1032-wombat,B8:27:EB:A2:CD:A4,-77, WPA ,0.000000,0.000000,0.000,0.000,AP
2026-04-01 13:28:54,1900-01-00 00:00:00,1032-wombat,B8:27:EB:A2:CD:A4,-77, WPA ,0.000000,0.000000,0.000,0.000,AP
2026-04-01 13:28:54,1900-01-00 00:00:00,1032-wombat,B8:27:EB:A2:CD:A4,-77, WPA ,0.000000,0.000000,0.000,0.000,AP
2026-04-01 13:28:54,1900-01-00 00:00:00,1032-wombat,B8:27:EB:A2:CD:A4,-77, WPA ,0.000000,0.000000,0.000,0.000,AP
2026-04-01 13:28:54,1900-01-00 00:00:00,1032-wombat,B8:27:EB:A2:CD:A4,-77, WPA ,0.000000,0.000000,0.000,0.000,AP
2026-04-01 13:28:54,1900-01-00 00:00:00,1032-wombat,B8:27:EB:A2:CD:A4,-51, WPA ,0.000000,0.000000,0.000,0.000,AP
2026-04-01 13:28:54,1900-01-00 00:00:00,1032-wombat,B8:27:EB:A2:CD:A4,-62, WPA ,0.000000,0.000000,0.000,0.000,AP
2026-04-01 13:28:54,1900-01-00 00:00:00,1032-wombat,B8:27:EB:A2:CD:A4,-62, WPA ,0.000000,0.000000,0.000,0.000,AP
2026-04-01 13:28:54,1900-01-00 00:00:00,1032-wombat,B8:27:EB:A2:CD:A4,-62, WPA ,0.000000,0.000000,0.000,0.000,AP
2026-04-01 13:28:54,1900-01-00 00:00:00,1032-wombat,B8:27:EB:A2:CD:A4,-62, WPA ,0.000000,0.000000,0.000,0.000,AP
2026-04-01 13:28:54,1900-01-00 00:00:00,1032-wombat,B8:27:EB:A2:CD:A4,-62, WPA ,0.000000,0.000000,0.000,0.000,AP
2026-04-01 13:28:54,1900-01-00 00:00:00,1032-wombat,B8:27:EB:A2:CD:A4,-62, WPA ,0.000000,0.000000,0.000,0.000,AP
2026-04-01 13:28:54,1900-01-00 00:00:00,1032-wombat,B8:27:EB:A2:CD:A4,-62, WPA ,0.000000,0.000000,0.000,0.000,AP
2026-04-01 13:28:54,1900-01-00 00:00:00,1032-wombat,B8:27:EB:A2:CD:A4,-62, WPA ,0.000000,0.000000,0.000,0.000,AP
2026-04-01 13:28:54,1900-01-00 00:00:00,1032-wombat,B8:27:EB:A2:CD:A4,-78, WPA ,0.000000,0.000000,0.000,0.000,AP
2026-04-01 13:28:54,1900-01-00 00:00:00,1032-wombat,B8:27:EB:A2:CD:A4,-78, WPA ,0.000000,0.000000,0.000,0.000,AP
2026-04-01 13:28:54,1900-01-00 00:00:00,1032-wombat,B8:27:EB:A2:CD:A4,-78, WPA ,0.000000,0.000000,0.000,0.000,AP
2026-04-01 13:28:54,1900-01-00 00:00:00,1032-wombat,B8:27:EB:A2:CD:A4,-78, WPA ,0.000000,0.000000,0.000,0.000,AP
2026-04-01 13:28:54,1900-01-00 00:00:00,1032-wombat,B8:27:EB:A2:CD:A4,-78, WPA ,0.000000,0.000000,0.000,0.000,AP
2026-04-01 13:28:54,1900-01-00 00:00:00,1032-wombat,B8:27:EB:A2:CD:A4,-78, WPA ,0.000000,0.000000,0.000,0.000,AP
2026-04-01 13:28:54,1900-01-00 00:00:00,1032-wombat,B8:27:EB:A2:CD:A4,-78, WPA ,0.000000,0.000000,0.000,0.000,AP
2026-04-01 13:28:54,1900-01-00 00:00:00,1032-wombat,B8:27:EB:A2:CD:A4,-78, WPA ,0.000000,0.000000,0.000,0.000,AP
2026-04-01 13:28:54,1900-01-00 00:00:00,1032-wombat,B8:27:EB:A2:CD:A4,-78, WPA ,0.000000,0.000000,0.000,0.000,AP
2026-04-01 13:28:54,1900-01-00 00:00:00,1032-wombat,B8:27:EB:A2:CD:A4,-78, WPA ,0.000000,0.000000,0.000,0.000,AP
2026-04-01 13:28:54,1900-01-00 00:00:00,1032-wombat,B8:27:EB:A2:CD:A4,-78, WPA ,0.000000,0.000000,0.000,0.000,AP
2026-04-01 13:28:54,1900-01-00 00:00:00,1032-wombat,B8:27:EB:A2:CD:A4,-78, WPA ,0.000000,0.000000,0.000,0.000,AP
2026-04-01 13:28:54,1900-01-00 00:00:00,1032-wombat,B8:27:EB:A2:CD:A4,-78, WPA ,0.000000,0.000000,0.000,0.000,AP
2026-04-01 13:28:54,1900-01-00 00:00:00,1032-wombat,B8:27:EB:A2:CD:A4,-78, WPA ,0.000000,0.000000,0.000,0.000,AP
2026-04-01 13:28:54,1900-01-00 00:00:00,1032-wombat,B8:27:EB:A2:CD:A4,-78, WPA ,0.000000,0.000000,0.000,0.000,AP
2026-04-01 13:28:54,1900-01-00 00:00:00,1032-wombat,B8:27:EB:A2:CD:A4,-78, WPA ,0.000000,0.000000,0.000,0.000,AP
2026-04-01 13:28:54,1900-01-00 00:00:00,1032-wombat,B8:27:EB:A2:CD:A4,-78, WPA ,0.000000,0.000000,0.000,0.000,AP
2026-04-01 13:28:54,1900-01-00 00:00:00,1032-wombat,B8:27:EB:A2:CD:A4,-78, WPA ,0.000000,0.000000,0.000,0.000,AP
2026-04-01 13:28:54,1900-01-00 00:00:00,1032-wombat,B8:27:EB:A2:CD:A4,-78, WPA ,0.000000,0.000000,0.000,0.000,AP
2026-04-01 13:28:54,1900-01-00 00:00:00,1032-wombat,B8:27:EB:A2:CD:A4,-78, WPA ,0.000000,0.000000,0.000,0.000,AP
2026-04-01 13:28:54,1900-01-00 00:00:00,1032-wombat,B8:27:EB:A2:CD:A4,-78, WPA ,0.000000,0.000000,0.000,0.000,AP
2026-04-01 13:28:55,1900-01-00 00:00:00,1032-wombat,B8:27:EB:A2:CD:A4,-78, WPA ,0.000000,0.000000,0.000,0.000,AP
2026-04-01 13:28:55,1900-01-00 00:00:00,1032-wombat,B8:27:EB:A2:CD:A4,-78, WPA ,0.000000,0.000000,0.000,0.000,AP
2026-04-01 13:28:55,1900-01-00 00:00:00,1032-wombat,B8:27:EB:A2:CD:A4,-84, WPA ,0.000000,0.000000,0.000,0.000,AP
2026-04-01 13:28:55,1900-01-00 00:00:00,1032-wombat,B8:27:EB:A2:CD:A4,-84, WPA ,0.000000,0.000000,0.000,0.000,AP
2026-04-01 13:28:55,1900-01-00 00:00:00,1032-wombat,B8:27:EB:A2:CD:A4,-84, WPA ,0.000000,0.000000,0.000,0.000,AP
2026-04-01 13:28:55,1900-01-00 00:00:00,1032-wombat,B8:27:EB:A2:CD:A4,-84, WPA ,0.000000,0.000000,0.000,0.000,AP
2026-04-01 13:28:55,1900-01-00 00:00:00,1032-wombat,B8:27:EB:A2:CD:A4,-84, WPA ,0.000000,0.000000,0.000,0.000,AP
2026-04-01 13:28:55,1900-01-00 00:00:00,1032-wombat,B8:27:EB:A2:CD:A4,-84, WPA ,0.000000,0.000000,0.000,0.000,AP
2026-04-01 13:28:55,1900-01-00 00:00:00,1032-wombat,B8:27:EB:A2:CD:A4,-84, WPA ,0.000000,0.000000,0.000,0.000,AP
2026-04-01 13:28:55,1900-01-00 00:00:00,1032-wombat,B8:27:EB:A2:CD:A4,-84, WPA ,0.000000,0.000000,0.000,0.000,AP
2026-04-01 13:28:55,1900-01-00 00:00:00,1032-wombat,B8:27:EB:A2:CD:A4,-84, WPA ,0.000000,0.000000,0.000,0.000,AP
2026-04-01 13:28:55,1900-01-00 00:00:00,1032-wombat,B8:27:EB:A2:CD:A4,-84, WPA ,0.000000,0.000000,0.000,0.000,AP
2026-04-01 13:28:55,1900-01-00 00:00:00,1032-wombat,B8:27:EB:A2:CD:A4,-84, WPA ,0.000000,0.000000,0.000,0.000,AP
2026-04-01 13:28:55,1900-01-00 00:00:00,1032-wombat,B8:27:EB:A2:CD:A4,-84, WPA ,0.000000,0.000000,0.000,0.000,AP
2026-04-01 13:28:55,1900-01-00 00:00:00,1032-wombat,B8:27:EB:A2:CD:A4,-84, WPA ,0.000000,0.000000,0.000,0.000,AP
2026-04-01 13:28:55,1900-01-00 00:00:00,1032-wombat,B8:27:EB:A2:CD:A4,-84, WPA ,0.000000,0.000000,0.000,0.000,AP
2026-04-01 13:28:55,1900-01-00 00:00:00,1032-wombat,B8:27:EB:A2:CD:A4,-84, WPA ,0.000000,0.000000,0.000,0.000,AP
2026-04-01 13:28:55,1900-01-00 00:00:00,1032-wombat,B8:27:EB:A2:CD:A4,-84, WPA ,0.000000,0.000000,0.000,0.000,AP
2026-04-01 13:28:55,1900-01-00 00:00:00,1032-wombat,B8:27:EB:A2:CD:A4,-84, WPA ,0.000000,0.000000,0.000,0.000,AP
2026-04-01 13:28:55,1900-01-00 00:00:00,1032-wombat,B8:27:EB:A2:CD:A4,-84, WPA ,0.000000,0.000000,0.000,0.000,AP
2026-04-01 13:28:55,1900-01-00 00:00:00,1032-wombat,B8:27:EB:A2:CD:A4,-84, WPA ,0.000000,0.000000,0.000,0.000,AP
2026-04-01 13:28:55,1900-01-00 00:00:00,1032-wombat,B8:27:EB:A2:CD:A4,-84, WPA ,0.000000,0.000000,0.000,0.000,AP
2026-04-01 13:28:55,1900-01-00 00:00:00,1032-wombat,B8:27:EB:A2:CD:A4,-84, WPA ,0.000000,0.000000,0.000,0.000,AP
2026-04-01 13:28:55,1900-01-00 00:00:00,1032-wombat,B8:27:EB:A2:CD:A4,-84, WPA ,0.000000,0.000000,0.000,0.000,AP
2026-04-01 13:28:55,1900-01-00 00:00:00,1032-wombat,B8:27:EB:A2:CD:A4,-84, WPA ,0.000000,0.000000,0.000,0.000,AP
2026-04-01 13:28:55,1900-01-00 00:00:00,1032-wombat,B8:27:EB:A2:CD:A4,-84, WPA ,0.000000,0.000000,0.000,0.000,AP
2026-04-01 13:28:55,1900-01-00 00:00:00,1032-wombat,B8:27:EB:A2:CD:A4,-84, WPA ,0.000000,0.000000,0.000,0.000,AP
2026-04-01 13:28:55,1900-01-00 00:00:00,1032-wombat,B8:27:EB:A2:CD:A4,-84, WPA ,0.000000,0.000000,0.000,0.000,AP
2026-04-01 13:28:55,1900-01-00 00:00:00,1032-wombat,B8:27:EB:A2:CD:A4,-84, WPA ,0.000000,0.000000,0.000,0.000,AP
2026-04-01 13:28:55,1900-01-00 00:00:00,1032-wombat,B8:27:EB:A2:CD:A4,-84, WPA ,0.000000,0.000000,0.000,0.000,AP
2026-04-01 13:28:55,1900-01-00 00:00:00,1032-wombat,B8:27:EB:A2:CD:A4,-84, WPA ,0.000000,0.000000,0.000,0.000,AP
2026-04-01 13:28:55,1900-01-00 00:00:00,1032-wombat,B8:27:EB:A2:CD:A4,-84, WPA ,0.000000,0.000000,0.000,0.000,AP
2026-04-01 13:28:55,1900-01-00 00:00:00,1032-wombat,B8:27:EB:A2:CD:A4,-84, WPA ,0.000000,0.000000,0.000,0.000,AP
2026-04-01 13:28:55,1900-01-00 00:00:00,1032-wombat,B8:27:EB:A2:CD:A4,-84, WPA ,0.000000,0.000000,0.000,0.000,AP
2026-04-01 13:28:55,1900-01-00 00:00:00,1032-wombat,B8:27:EB:A2:CD:A4,-84, WPA ,0.000000,0.000000,0.000,0.000,AP
2026-04-01 13:28:55,1900-01-00 00:00:00,1032-wombat,B8:27:EB:A2:CD:A4,-84, WPA ,0.000000,0.000000,0.000,0.000,AP
2026-04-01 13:28:55,1900-01-00 00:00:00,1032-wombat,B8:27:EB:A2:CD:A4,-84, WPA ,0.000000,0.000000,0.000,0.000,AP
2026-04-01 13:28:55,1900-01-00 00:00:00,1032-wombat,B8:27:EB:A2:CD:A4,-84, WPA ,0.000000,0.000000,0.000,0.000,AP
2026-04-01 13:28:55,1900-01-00 00:00:00,1032-wombat,B8:27:EB:A2:CD:A4,-84, WPA ,0.000000,0.000000,0.000,0.000,AP
2026-04-01 13:28:55,1900-01-00 00:00:00,1032-wombat,B8:27:EB:A2:CD:A4,-84, WPA ,0.000000,0.000000,0.000,0.000,AP
2026-04-01 13:28:55,1900-01-00 00:00:00,1032-wombat,B8:27:EB:A2:CD:A4,-81, WPA ,0.000000,0.000000,0.000,0.000,AP
2026-04-01 13:28:55,1900-01-00 00:00:00,1032-wombat,B8:27:EB:A2:CD:A4,-74, WPA ,0.000000,0.000000,0.000,0.000,AP
2026-04-01 13:28:55,1900-01-00 00:00:00,1032-wombat,B8:27:EB:A2:CD:A4,-74, WPA ,0.000000,0.000000,0.000,0.000,AP
2026-04-01 13:28:55,1900-01-00 00:00:00,1032-wombat,B8:27:EB:A2:CD:A4,-75, WPA ,0.000000,0.000000,0.000,0.000,AP
2026-04-01 13:28:55,1900-01-00 00:00:00,1032-wombat,B8:27:EB:A2:CD:A4,-75, WPA ,0.000000,0.000000,0.000,0.000,AP
2026-04-01 13:28:55,1900-01-00 00:00:00,1032-wombat,B8:27:EB:A2:CD:A4,-75, WPA ,0.000000,0.000000,0.000,0.000,AP
2026-04-01 13:28:55,1900-01-00 00:00:00,1032-wombat,B8:27:EB:A2:CD:A4,-75, WPA ,0.000000,0.000000,0.000,0.000,AP
2026-04-01 13:28:55,1900-01-00 00:00:00,1032-wombat,B8:27:EB:A2:CD:A4,-74, WPA ,0.000000,0.000000,0.000,0.000,AP
2026-04-01 13:28:55,1900-01-00 00:00:00,1032-wombat,B8:27:EB:A2:CD:A4,-74, WPA ,0.000000,0.000000,0.000,0.000,AP
2026-04-01 13:28:55,1900-01-00 00:00:00,1032-wombat,B8:27:EB:A2:CD:A4,-74, WPA ,0.000000,0.000000,0.000,0.000,AP
2026-04-01 13:28:55,1900-01-00 00:00:00,1032-wombat,B8:27:EB:A2:CD:A4,-74, WPA ,0.000000,0.000000,0.000,0.000,AP
2026-04-01 13:28:55,1900-01-00 00:00:00,1032-wombat,B8:27:EB:A2:CD:A4,-74, WPA ,0.000000,0.000000,0.000,0.000,AP
2026-04-01 13:28:55,1900-01-00 00:00:00,1032-wombat,B8:27:EB:A2:CD:A4,-74, WPA ,0.000000,0.000000,0.000,0.000,AP
2026-04-01 13:28:55,1900-01-00 00:00:00,1032-wombat,B8:27:EB:A2:CD:A4,-74, WPA ,0.000000,0.000000,0.000,0.000,AP
2026-04-01 13:28:55,1900-01-00 00:00:00,1032-wombat,B8:27:EB:A2:CD:A4,-74, WPA ,0.000000,0.000000,0.000,0.000,AP
2026-04-01 13:28:55,1900-01-00 00:00:00,1032-wombat,B8:27:EB:A2:CD:A4,-74, WPA ,0.000000,0.000000,0.000,0.000,AP
2026-04-01 13:28:55,1900-01-00 00:00:00,1032-wombat,B8:27:EB:A2:CD:A4,-74, WPA ,0.000000,0.000000,0.000,0.000,AP
2026-04-01 13:28:55,1900-01-00 00:00:00,1032-wombat,B8:27:EB:A2:CD:A4,-74, WPA ,0.000000,0.000000,0.000,0.000,AP
2026-04-01 13:28:55,1900-01-00 00:00:00,1032-wombat,B8:27:EB:A2:CD:A4,-74, WPA ,0.000000,0.000000,0.000,0.000,AP
2026-04-01 13:28:55,1900-01-00 00:00:00,1032-wombat,B8:27:EB:A2:CD:A4,-74, WPA ,0.000000,0.000000,0.000,0.000,AP
2026-04-01 13:28:55,1900-01-00 00:00:00,1032-wombat,B8:27:EB:A2:CD:A4,-74, WPA ,0.000000,0.000000,0.000,0.000,AP
2026-04-01 13:28:55,1900-01-00 00:00:00,1032-wombat,B8:27:EB:A2:CD:A4,-74, WPA ,0.000000,0.000000,0.000,0.000,AP
2026-04-01 13:28:55,1900-01-00 00:00:00,1032-wombat,B8:27:EB:A2:CD:A4,-61, WPA ,0.000000,0.000000,0.000,0.000,AP
2026-04-01 13:28:55,1900-01-00 00:00:00,1032-wombat,B8:27:EB:A2:CD:A4,-61, WPA ,0.000000,0.000000,0.000,0.000,AP
2026-04-01 13:28:55,1900-01-00 00:00:00,1032-wombat,B8:27:EB:A2:CD:A4,-77, WPA ,0.000000,0.000000,0.000,0.000,AP
2026-04-01 13:28:55,1900-01-00 00:00:00,1032-wombat,B8:27:EB:A2:CD:A4,-77, WPA ,0.000000,0.000000,0.000,0.000,AP
2026-04-01 13:28:55,1900-01-00 00:00:00,1032-wombat,B8:27:EB:A2:CD:A4,-77, WPA ,0.000000,0.000000,0.000,0.000,AP
2026-04-01 13:28:55,1900-01-00 00:00:00,1032-wombat,B8:27:EB:A2:CD:A4,-77, WPA ,0.000000,0.000000,0.000,0.000,AP
2026-04-01 13:28:55,1900-01-00 00:00:00,1032-wombat,B8:27:EB:A2:CD:A4,-77, WPA ,0.000000,0.000000,0.000,0.000,AP
2026-04-01 13:28:55,1900-01-00 00:00:00,1032-wombat,B8:27:EB:A2:CD:A4,-77, WPA ,0.000000,0.000000,0.000,0.000,AP
2026-04-01 13:28:55,1900-01-00 00:00:00,1032-wombat,B8:27:EB:A2:CD:A4,-77, WPA ,0.000000,0.000000,0.000,0.000,AP
2026-04-01 13:28:55,1900-01-00 00:00:00,1032-wombat,B8:27:EB:A2:CD:A4,-77, WPA ,0.000000,0.000000,0.000,0.000,AP
2026-04-01 13:28:55,1900-01-00 00:00:00,1032-wombat,B8:27:EB:A2:CD:A4,-77, WPA ,0.000000,0.000000,0.000,0.000,AP
2026-04-01 13:28:55,1900-01-00 00:00:00,1032-wombat,B8:27:EB:A2:CD:A4,-77, WPA ,0.000000,0.000000,0.000,0.000,AP
2026-04-01 13:28:55,1900-01-00 00:00:00,1032-wombat,B8:27:EB:A2:CD:A4,-77, WPA ,0.000000,0.000000,0.000,0.000,AP
2026-04-01 13:28:55,1900-01-00 00:00:00,1032-wombat,B8:27:EB:A2:CD:A4,-77, WPA ,0.000000,0.000000,0.000,0.000,AP
2026-04-01 13:28:55,1900-01-00 00:00:00,1032-wombat,B8:27:EB:A2:CD:A4,-77, WPA ,0.000000,0.000000,0.000,0.000,AP
2026-04-01 13:28:55,1900-01-00 00:00:00,1032-wombat,B8:27:EB:A2:CD:A4,-77, WPA ,0.000000,0.000000,0.000,0.000,AP
2026-04-01 13:28:55,1900-01-00 00:00:00,1032-wombat,B8:27:EB:A2:CD:A4,-77, WPA ,0.000000,0.000000,0.000,0.000,AP
2026-04-01 13:28:55,1900-01-00 00:00:00,1032-wombat,B8:27:EB:A2:CD:A4,-77, WPA ,0.000000,0.000000,0.000,0.000,AP
2026-04-01 13:28:55,1900-01-00 00:00:00,1032-wombat,B8:27:EB:A2:CD:A4,-77, WPA ,0.000000,0.000000,0.000,0.000,AP
2026-04-01 13:28:55,1900-01-00 00:00:00,1032-wombat,B8:27:EB:A2:CD:A4,-77, WPA ,0.000000,0.000000,0.000,0.000,AP
2026-04-01 13:28:55,1900-01-00 00:00:00,1032-wombat,B8:27:EB:A2:CD:A4,-77, WPA ,0.000000,0.000000,0.000,0.000,AP
2026-04-01 13:28:55,1900-01-00 00:00:00,1032-wombat,B8:27:EB:A2:CD:A4,-77, WPA ,0.000000,0.000000,0.000,0.000,AP
2026-04-01 13:28:55,1900-01-00 00:00:00,1032-wombat,B8:27:EB:A2:CD:A4,-77, WPA ,0.000000,0.000000,0.000,0.000,AP
2026-04-01 13:28:55,1900-01-00 00:00:00,1032-wombat,B8:27:EB:A2:CD:A4,-77, WPA ,0.000000,0.000000,0.000,0.000,AP
2026-04-01 13:28:55,1900-01-00 00:00:00,1032-wombat,B8:27:EB:A2:CD:A4,-77, WPA ,0.000000,0.000000,0.000,0.000,AP
2026-04-01 13:28:55,1900-01-00 00:00:00,1032-wombat,B8:27:EB:A2:CD:A4,-77, WPA ,0.000000,0.000000,0.000,0.000,AP
2026-04-01 13:28:55,1900-01-00 00:00:00,1032-wombat,B8:27:EB:A2:CD:A4,-77, WPA ,0.000000,0.000000,0.000,0.000,AP
2026-04-01 13:28:55,1900-01-00 00:00:00,1032-wombat,B8:27:EB:A2:CD:A4,-77, WPA ,0.000000,0.000000,0.000,0.000,AP
2026-04-01 13:28:55,1900-01-00 00:00:00,1032-wombat,B8:27:EB:A2:CD:A4,-77, WPA ,0.000000,0.000000,0.000,0.000,AP
2026-04-01 13:28:55,1900-01-00 00:00:00,1032-wombat,B8:27:EB:A2:CD:A4,-77, WPA ,0.000000,0.000000,0.000,0.000,AP
2026-04-01 13:28:55,1900-01-00 00:00:00,1032-wombat,B8:27:EB:A2:CD:A4,-77, WPA ,0.000000,0.000000,0.000,0.000,AP
2026-04-01 13:28:55,1900-01-00 00:00:00,1032-wombat,B8:27:EB:A2:CD:A4,-77, WPA ,0.000000,0.000000,0.000,0.000,AP
2026-04-01 13:28:55,1900-01-00 00:00:00,1032-wombat,B8:27:EB:A2:CD:A4,-77, WPA ,0.000000,0.000000,0.000,0.000,AP
2026-04-01 13:28:55,1900-01-00 00:00:00,1032-wombat,B8:27:EB:A2:CD:A4,-77, WPA ,0.000000,0.000000,0.000,0.000,AP
2026-04-01 13:28:55,1900-01-00 00:00:00,1032-wombat,B8:27:EB:A2:CD:A4,-77, WPA ,0.000000,0.000000,0.000,0.000,AP
2026-04-01 13:28:55,1900-01-00 00:00:00,1032-wombat,B8:27:EB:A2:CD:A4,-77, WPA ,0.000000,0.000000,0.000,0.000,AP
2026-04-01 13:28:55,1900-01-00 00:00:00,1032-wombat,B8:27:EB:A2:CD:A4,-77, WPA ,0.000000,0.000000,0.000,0.000,AP
2026-04-01 13:28:55,1900-01-00 00:00:00,1032-wombat,B8:27:EB:A2:CD:A4,-77, WPA ,0.000000,0.000000,0.000,0.000,AP
2026-04-01 13:28:55,1900-01-00 00:00:00,1032-wombat,B8:27:EB:A2:CD:A4,-77, WPA ,0.000000,0.000000,0.000,0.000,AP
2026-04-01 13:28:55,1900-01-00 00:00:00,1032-wombat,B8:27:EB:A2:CD:A4,-83, WPA ,0.000000,0.000000,0.000,0.000,AP
2026-04-01 13:28:55,1900-01-00 00:00:00,1032-wombat,B8:27:EB:A2:CD:A4,-83, WPA ,0.000000,0.000000,0.000,0.000,AP
2026-04-01 13:28:55,1900-01-00 00:00:00,1032-wombat,B8:27:EB:A2:CD:A4,-83, WPA ,0.000000,0.000000,0.000,0.000,AP
2026-04-01 13:28:55,1900-01-00 00:00:00,1032-wombat,B8:27:EB:A2:CD:A4,-83, WPA ,0.000000,0.000000,0.000,0.000,AP
2026-04-01 13:28:55,1900-01-00 00:00:00,1032-wombat,B8:27:EB:A2:CD:A4,-83, WPA ,0.000000,0.000000,0.000,0.000,AP
2026-04-01 13:28:55,1900-01-00 00:00:00,1032-wombat,B8:27:EB:A2:CD:A4,-83, WPA ,0.000000,0.000000,0.000,0.000,AP
2026-04-01 13:28:55,1900-01-00 00:00:00,1032-wombat,B8:27:EB:A2:CD:A4,-83, WPA ,0.000000,0.000000,0.000,0.000,AP
2026-04-01 13:28:55,1900-01-00 00:00:00,1032-wombat,B8:27:EB:A2:CD:A4,-83, WPA ,0.000000,0.000000,0.000,0.000,AP
2026-04-01 13:28:55,1900-01-00 00:00:00,1032-wombat,B8:27:EB:A2:CD:A4,-83, WPA ,0.000000,0.000000,0.000,0.000,AP
2026-04-01 13:28:55,1900-01-00 00:00:00,1032-wombat,B8:27:EB:A2:CD:A4,-83, WPA ,0.000000,0.000000,0.000,0.000,AP
2026-04-01 13:28:55,1900-01-00 00:00:00,1032-wombat,B8:27:EB:A2:CD:A4,-83, WPA ,0.000000,0.000000,0.000,0.000,AP
2026-04-01 13:28:55,1900-01-00 00:00:00,1032-wombat,B8:27:EB:A2:CD:A4,-83, WPA ,0.000000,0.000000,0.000,0.000,AP
2026-04-01 13:28:55,1900-01-00 00:00:00,1032-wombat,B8:27:EB:A2:CD:A4,-83, WPA ,0.000000,0.000000,0.000,0.000,AP
2026-04-01 13:28:55,1900-01-00 00:00:00,1032-wombat,B8:27:EB:A2:CD:A4,-83, WPA ,0.000000,0.000000,0.000,0.000,AP
2026-04-01 13:28:55,1900-01-00 00:00:00,1032-wombat,B8:27:EB:A2:CD:A4,-83, WPA ,0.000000,0.000000,0.000,0.000,AP
2026-04-01 13:28:55,1900-01-00 00:00:00,1032-wombat,B8:27:EB:A2:CD:A4,-83, WPA ,0.000000,0.000000,0.000,0.000,AP
2026-04-01 13:28:55,1900-01-00 00:00:00,1032-wombat,B8:27:EB:A2:CD:A4,-83, WPA ,0.000000,0.000000,0.000,0.000,AP
2026-04-01 13:28:55,1900-01-00 00:00:00,1032-wombat,B8:27:EB:A2:CD:A4,-83, WPA ,0.000000,0.000000,0.000,0.000,AP
2026-04-01 13:28:55,1900-01-00 00:00:00,1032-wombat,B8:27:EB:A2:CD:A4,-83, WPA ,0.000000,0.000000,0.000,0.000,AP
2026-04-01 13:28:55,1900-01-00 00:00:00,1032-wombat,B8:27:EB:A2:CD:A4,-83, WPA ,0.000000,0.000000,0.000,0.000,AP
2026-04-01 13:28:55,1900-01-00 00:00:00,1032-wombat,B8:27:EB:A2:CD:A4,-83, WPA ,0.000000,0.000000,0.000,0.000,AP
2026-04-01 13:28:55,1900-01-00 00:00:00,1032-wombat,B8:27:EB:A2:CD:A4,-83, WPA ,0.000000,0.000000,0.000,0.000,AP
2026-04-01 13:28:55,1900-01-00 00:00:00,1032-wombat,B8:27:EB:A2:CD:A4,-83, WPA ,0.000000,0.000000,0.000,0.000,AP
2026-04-01 13:28:55,1900-01-00 00:00:00,1032-wombat,B8:27:EB:A2:CD:A4,-83, WPA ,0.000000,0.000000,0.000,0.000,AP
2026-04-01 13:28:55,1900-01-00 00:00:00,1032-wombat,B8:27:EB:A2:CD:A4,-83, WPA ,0.000000,0.000000,0.000,0.000,AP
2026-04-01 13:28:55,1900-01-00 00:00:00,1032-wombat,B8:27:EB:A2:CD:A4,-83, WPA ,0.000000,0.000000,0.000,0.000,AP
2026-04-01 13:28:55,1900-01-00 00:00:00,1032-wombat,B8:27:EB:A2:CD:A4,-83, WPA ,0.000000,0.000000,0.000,0.000,AP
2026-04-01 13:28:55,1900-01-00 00:00:00,1032-wombat,B8:27:EB:A2:CD:A4,-83, WPA ,0.000000,0.000000,0.000,0.000,AP
2026-04-01 13:28:55,1900-01-00 00:00:00,1032-wombat,B8:27:EB:A2:CD:A4,-83, WPA ,0.000000,0.000000,0.000,0.000,AP
2026-04-01 13:28:55,1900-01-00 00:00:00,1032-wombat,B8:27:EB:A2:CD:A4,-83, WPA ,0.000000,0.000000,0.000,0.000,AP
2026-04-01 13:28:55,1900-01-00 00:00:00,1032-wombat,B8:27:EB:A2:CD:A4,-83, WPA ,0.000000,0.000000,0.000,0.000,AP
2026-04-01 13:28:55,1900-01-00 00:00:00,1032-wombat,B8:27:EB:A2:CD:A4,-83, WPA ,0.000000,0.000000,0.000,0.000,AP
2026-04-01 13:28:55,1900-01-00 00:00:00,1032-wombat,B8:27:EB:A2:CD:A4,-83, WPA ,0.000000,0.000000,0.000,0.000,AP
2026-04-01 13:28:55,1900-01-00 00:00:00,1032-wombat,B8:27:EB:A2:CD:A4,-83, WPA ,0.000000,0.000000,0.000,0.000,AP
2026-04-01 13:28:55,1900-01-00 00:00:00,1032-wombat,B8:27:EB:A2:CD:A4,-83, WPA ,0.000000,0.000000,0.000,0.000,AP
2026-04-01 13:28:55,1900-01-00 00:00:00,1032-wombat,B8:27:EB:A2:CD:A4,-83, WPA ,0.000000,0.000000,0.000,0.000,AP
2026-04-01 13:28:55,1900-01-00 00:00:00,1032-wombat,B8:27:EB:A2:CD:A4,-83, WPA ,0.000000,0.000000,0.000,0.000,AP
2026-04-01 13:28:55,1900-01-00 00:00:00,1032-wombat,B8:27:EB:A2:CD:A4,-83, WPA ,0.000000,0.000000,0.000,0.000,AP
2026-04-01 13:28:55,1900-01-00 00:00:00,1032-wombat,B8:27:EB:A2:CD:A4,-83, WPA ,0.000000,0.000000,0.000,0.000,AP
2026-04-01 13:28:55,1900-01-00 00:00:00,1032-wombat,B8:27:EB:A2:CD:A4,-83, WPA ,0.000000,0.000000,0.000,0.000,AP
2026-04-01 13:28:55,1900-01-00 00:00:00,1032-wombat,B8:27:EB:A2:CD:A4,-83, WPA ,0.000000,0.000000,0.000,0.000,AP
2026-04-01 13:28:55,1900-01-00 00:00:00,1032-wombat,B8:27:EB:A2:CD:A4,-83, WPA ,0.000000,0.000000,0.000,0.000,AP
2026-04-01 13:28:55,1900-01-00 00:00:00,1032-wombat,B8:27:EB:A2:CD:A4,-83, WPA ,0.000000,0.000000,0.000,0.000,AP
2026-04-01 13:28:55,1900-01-00 00:00:00,1032-wombat,B8:27:EB:A2:CD:A4,-83, WPA ,0.000000,0.000000,0.000,0.000,AP
2026-04-01 13:28:55,1900-01-00 00:00:00,1032-wombat,B8:27:EB:A2:CD:A4,-83, WPA ,0.000000,0.000000,0.000,0.000,AP
2026-04-01 13:28:55,1900-01-00 00:00:00,1032-wombat,B8:27:EB:A2:CD:A4,-83, WPA ,0.000000,0.000000,0.000,0.000,AP
2026-04-01 13:28:55,1900-01-00 00:00:00,1032-wombat,B8:27:EB:A2:CD:A4,-83, WPA ,0.000000,0.000000,0.000,0.000,AP
2026-04-01 13:28:55,1900-01-00 00:00:00,1032-wombat,B8:27:EB:A2:CD:A4,-83, WPA ,0.000000,0.000000,0.000,0.000,AP
2026-04-01 13:28:55,1900-01-00 00:00:00,1032-wombat,B8:27:EB:A2:CD:A4,-83, WPA ,0.000000,0.000000,0.000,0.000,AP
2026-04-01 13:28:55,1900-01-00 00:00:00,1032-wombat,B8:27:EB:A2:CD:A4,-83, WPA ,0.000000,0.000000,0.000,0.000,AP
2026-04-01 13:28:55,1900-01-00 00:00:00,1032-wombat,B8:27:EB:A2:CD:A4,-83, WPA ,0.000000,0.000000,0.000,0.000,AP
2026-04-01 13:28:55,1900-01-00 00:00:00,1032-wombat,B8:27:EB:A2:CD:A4,-83, WPA ,0.000000,0.000000,0.000,0.000,AP
2026-04-01 13:28:55,1900-01-00 00:00:00,1032-wombat,B8:27:EB:A2:CD:A4,-83, WPA ,0.000000,0.000000,0.000,0.000,AP
2026-04-01 13:28:55,1900-01-00 00:00:00,1032-wombat,B8:27:EB:A2:CD:A4,-83, WPA ,0.000000,0.000000,0.000,0.000,AP
2026-04-01 13:28:55,1900-01-00 00:00:00,1032-wombat,B8:27:EB:A2:CD:A4,-83, WPA ,0.000000,0.000000,0.000,0.000,AP
2026-04-01 13:28:55,1900-01-00 00:00:00,1032-wombat,B8:27:EB:A2:CD:A4,-83, WPA ,0.000000,0.000000,0.000,0.000,AP
2026-04-01 13:28:55,1900-01-00 00:00:00,1032-wombat,B8:27:EB:A2:CD:A4,-83, WPA ,0.000000,0.000000,0.000,0.000,AP
2026-04-01 13:28:55,1900-01-00 00:00:00,1032-wombat,B8:27:EB:A2:CD:A4,-83, WPA ,0.000000,0.000000,0.000,0.000,AP
2026-04-01 13:28:55,1900-01-00 00:00:00,1032-wombat,B8:27:EB:A2:CD:A4,-62, WPA ,0.000000,0.000000,0.000,0.000,AP
2026-04-01 13:28:55,1900-01-00 00:00:00,1032-wombat,B8:27:EB:A2:CD:A4,-62, WPA ,0.000000,0.000000,0.000,0.000,AP
2026-04-01 13:28:55,1900-01-00 00:00:00,1032-wombat,B8:27:EB:A2:CD:A4,-80, WPA ,0.000000,0.000000,0.000,0.000,AP
2026-04-01 13:28:55,1900-01-00 00:00:00,1032-wombat,B8:27:EB:A2:CD:A4,-80, WPA ,0.000000,0.000000,0.000,0.000,AP
2026-04-01 13:28:55,1900-01-00 00:00:00,1032-wombat,B8:27:EB:A2:CD:A4,-80, WPA ,0.000000,0.000000,0.000,0.000,AP
2026-04-01 13:28:55,1900-01-00 00:00:00,1032-wombat,B8:27:EB:A2:CD:A4,-80, WPA ,0.000000,0.000000,0.000,0.000,AP
2026-04-01 13:28:55,1900-01-00 00:00:00,1032-wombat,B8:27:EB:A2:CD:A4,-80, WPA ,0.000000,0.000000,0.000,0.000,AP
2026-04-01 13:28:55,1900-01-00 00:00:00,1032-wombat,B8:27:EB:A2:CD:A4,-80, WPA ,0.000000,0.000000,0.000,0.000,AP
2026-04-01 13:28:55,1900-01-00 00:00:00,1032-wombat,B8:27:EB:A2:CD:A4,-80, WPA ,0.000000,0.000000,0.000,0.000,AP
2026-04-01 13:28:55,1900-01-00 00:00:00,1032-wombat,B8:27:EB:A2:CD:A4,-80, WPA ,0.000000,0.000000,0.000,0.000,AP
2026-04-01 13:28:55,1900-01-00 00:00:00,1032-wombat,B8:27:EB:A2:CD:A4,-80, WPA ,0.000000,0.000000,0.000,0.000,AP
2026-04-01 13:28:55,1900-01-00 00:00:00,1032-wombat,B8:27:EB:A2:CD:A4,-80, WPA ,0.000000,0.000000,0.000,0.000,AP
2026-04-01 13:28:55,1900-01-00 00:00:00,1032-wombat,B8:27:EB:A2:CD:A4,-80, WPA ,0.000000,0.000000,0.000,0.000,AP
2026-04-01 13:28:55,1900-01-00 00:00:00,1032-wombat,B8:27:EB:A2:CD:A4,-80, WPA ,0.000000,0.000000,0.000,0.000,AP
2026-04-01 13:28:55,1900-01-00 00:00:00,1032-wombat,B8:27:EB:A2:CD:A4,-80, WPA ,0.000000,0.000000,0.000,0.000,AP
2026-04-01 13:28:55,1900-01-00 00:00:00,1032-wombat,B8:27:EB:A2:CD:A4,-80, WPA ,0.000000,0.000000,0.000,0.000,AP
2026-04-01 13:28:55,1900-01-00 00:00:00,1032-wombat,B8:27:EB:A2:CD:A4,-80, WPA ,0.000000,0.000000,0.000,0.000,AP
2026-04-01 13:28:55,1900-01-00 00:00:00,1032-wombat,B8:27:EB:A2:CD:A4,-80, WPA ,0.000000,0.000000,0.000,0.000,AP
2026-04-01 13:28:55,1900-01-00 00:00:00,1032-wombat,B8:27:EB:A2:CD:A4,-80, WPA ,0.000000,0.000000,0.000,0.000,AP
2026-04-01 13:28:55,1900-01-00 00:00:00,1032-wombat,B8:27:EB:A2:CD:A4,-80, WPA ,0.000000,0.000000,0.000,0.000,AP
2026-04-01 13:28:55,1900-01-00 00:00:00,1032-wombat,B8:27:EB:A2:CD:A4,-80, WPA ,0.000000,0.000000,0.000,0.000,AP
2026-04-01 13:28:55,1900-01-00 00:00:00,1032-wombat,B8:27:EB:A2:CD:A4,-80, WPA ,0.000000,0.000000,0.000,0.000,AP
2026-04-01 13:28:55,1900-01-00 00:00:00,1032-wombat,B8:27:EB:A2:CD:A4,-80, WPA ,0.000000,0.000000,0.000,0.000,AP
2026-04-01 13:28:55,1900-01-00 00:00:00,1032-wombat,B8:27:EB:A2:CD:A4,-80, WPA ,0.000000,0.000000,0.000,0.000,AP
2026-04-01 13:28:55,1900-01-00 00:00:00,1032-wombat,B8:27:EB:A2:CD:A4,-80, WPA ,0.000000,0.000000,0.000,0.000,AP
2026-04-01 13:28:55,1900-01-00 00:00:00,1032-wombat,B8:27:EB:A2:CD:A4,-80, WPA ,0.000000,0.000000,0.000,0.000,AP
2026-04-01 13:28:55,1900-01-00 00:00:00,1032-wombat,B8:27:EB:A2:CD:A4,-80, WPA ,0.000000,0.000000,0.000,0.000,AP
2026-04-01 13:28:55,1900-01-00 00:00:00,1032-wombat,B8:27:EB:A2:CD:A4,-80, WPA ,0.000000,0.000000,0.000,0.000,AP
2026-04-01 13:28:55,1900-01-00 00:00:00,1032-wombat,B8:27:EB:A2:CD:A4,-80, WPA ,0.000000,0.000000,0.000,0.000,AP
2026-04-01 13:28:55,1900-01-00 00:00:00,1032-wombat,B8:27:EB:A2:CD:A4,-80, WPA ,0.000000,0.000000,0.000,0.000,AP
2026-04-01 13:28:55,1900-01-00 00:00:00,1032-wombat,B8:27:EB:A2:CD:A4,-80, WPA ,0.000000,0.000000,0.000,0.000,AP
2026-04-01 13:28:55,1900-01-00 00:00:00,1032-wombat,B8:27:EB:A2:CD:A4,-80, WPA ,0.000000,0.000000,0.000,0.000,AP
2026-04-01 13:28:55,1900-01-00 00:00:00,1032-wombat,B8:27:EB:A2:CD:A4,-80, WPA ,0.000000,0.000000,0.000,0.000,AP
2026-04-01 13:28:55,1900-01-00 00:00:00,1032-wombat,B8:27:EB:A2:CD:A4,-80, WPA ,0.000000,0.000000,0.000,0.000,AP
2026-04-01 13:28:55,1900-01-00 00:00:00,1032-wombat,B8:27:EB:A2:CD:A4,-80, WPA ,0.000000,0.000000,0.000,0.000,AP
2026-04-01 13:28:55,1900-01-00 00:00:00,1032-wombat,B8:27:EB:A2:CD:A4,-80, WPA ,0.000000,0.000000,0.000,0.000,AP
2026-04-01 13:28:55,1900-01-00 00:00:00,1032-wombat,B8:27:EB:A2:CD:A4,-80, WPA ,0.000000,0.000000,0.000,0.000,AP
2026-04-01 13:28:55,1900-01-00 00:00:00,1032-wombat,B8:27:EB:A2:CD:A4,-80, WPA ,0.000000,0.000000,0.000,0.000,AP
2026-04-01 13:28:55,1900-01-00 00:00:00,1032-wombat,B8:27:EB:A2:CD:A4,-84, WPA ,0.000000,0.000000,0.000,0.000,AP
2026-04-01 13:28:55,1900-01-00 00:00:00,1032-wombat,B8:27:EB:A2:CD:A4,-84, WPA ,0.000000,0.000000,0.000,0.000,AP
2026-04-01 13:28:55,1900-01-00 00:00:00,1032-wombat,B8:27:EB:A2:CD:A4,-84, WPA ,0.000000,0.000000,0.000,0.000,AP
2026-04-01 13:28:55,1900-01-00 00:00:00,1032-wombat,B8:27:EB:A2:CD:A4,-84, WPA ,0.000000,0.000000,0.000,0.000,AP
2026-04-01 13:28:55,1900-01-00 00:00:00,1032-wombat,B8:27:EB:A2:CD:A4,-84, WPA ,0.000000,0.000000,0.000,0.000,AP
2026-04-01 13:28:55,1900-01-00 00:00:00,1032-wombat,B8:27:EB:A2:CD:A4,-84, WPA ,0.000000,0.000000,0.000,0.000,AP
2026-04-01 13:28:55,1900-01-00 00:00:00,1032-wombat,B8:27:EB:A2:CD:A4,-84, WPA ,0.000000,0.000000,0.000,0.000,AP
2026-04-01 13:28:55,1900-01-00 00:00:00,1032-wombat,B8:27:EB:A2:CD:A4,-84, WPA ,0.000000,0.000000,0.000,0.000,AP
2026-04-01 13:28:55,1900-01-00 00:00:00,1032-wombat,B8:27:EB:A2:CD:A4,-84, WPA ,0.000000,0.000000,0.000,0.000,AP
2026-04-01 13:28:55,1900-01-00 00:00:00,1032-wombat,B8:27:EB:A2:CD:A4,-84, WPA ,0.000000,0.000000,0.000,0.000,AP
2026-04-01 13:28:55,1900-01-00 00:00:00,1032-wombat,B8:27:EB:A2:CD:A4,-84, WPA ,0.000000,0.000000,0.000,0.000,AP
2026-04-01 13:28:55,1900-01-00 00:00:00,1032-wombat,B8:27:EB:A2:CD:A4,-84, WPA ,0.000000,0.000000,0.000,0.000,AP
2026-04-01 13:28:55,1900-01-00 00:00:00,1032-wombat,B8:27:EB:A2:CD:A4,-84, WPA ,0.000000,0.000000,0.000,0.000,AP
2026-04-01 13:28:55,1900-01-00 00:00:00,1032-wombat,B8:27:EB:A2:CD:A4,-84, WPA ,0.000000,0.000000,0.000,0.000,AP
2026-04-01 13:28:55,1900-01-00 00:00:00,1032-wombat,B8:27:EB:A2:CD:A4,-84, WPA ,0.000000,0.000000,0.000,0.000,AP
2026-04-01 13:28:55,1900-01-00 00:00:00,1032-wombat,B8:27:EB:A2:CD:A4,-84, WPA ,0.000000,0.000000,0.000,0.000,AP
2026-04-01 13:28:55,1900-01-00 00:00:00,1032-wombat,B8:27:EB:A2:CD:A4,-84, WPA ,0.000000,0.000000,0.000,0.000,AP
2026-04-01 13:28:55,1900-01-00 00:00:00,1032-wombat,B8:27:EB:A2:CD:A4,-84, WPA ,0.000000,0.000000,0.000,0.000,AP
2026-04-01 13:28:55,1900-01-00 00:00:00,1032-wombat,B8:27:EB:A2:CD:A4,-84, WPA ,0.000000,0.000000,0.000,0.000,AP
2026-04-01 13:28:55,1900-01-00 00:00:00,1032-wombat,B8:27:EB:A2:CD:A4,-84, WPA ,0.000000,0.000000,0.000,0.000,AP
2026-04-01 13:28:55,1900-01-00 00:00:00,1032-wombat,B8:27:EB:A2:CD:A4,-84, WPA ,0.000000,0.000000,0.000,0.000,AP
2026-04-01 13:28:55,1900-01-00 00:00:00,1032-wombat,B8:27:EB:A2:CD:A4,-84, WPA ,0.000000,0.000000,0.000,0.000,AP
2026-04-01 13:28:55,1900-01-00 00:00:00,1032-wombat,B8:27:EB:A2:CD:A4,-84, WPA ,0.000000,0.000000,0.000,0.000,AP
2026-04-01 13:28:55,1900-01-00 00:00:00,1032-wombat,B8:27:EB:A2:CD:A4,-84, WPA ,0.000000,0.000000,0.000,0.000,AP
2026-04-01 13:28:55,1900-01-00 00:00:00,1032-wombat,B8:27:EB:A2:CD:A4,-84, WPA ,0.000000,0.000000,0.000,0.000,AP
2026-04-01 13:28:55,1900-01-00 00:00:00,1032-wombat,B8:27:EB:A2:CD:A4,-84, WPA ,0.000000,0.000000,0.000,0.000,AP
2026-04-01 13:28:55,1900-01-00 00:00:00,1032-wombat,B8:27:EB:A2:CD:A4,-84, WPA ,0.000000,0.000000,0.000,0.000,AP
2026-04-01 13:28:55,1900-01-00 00:00:00,1032-wombat,B8:27:EB:A2:CD:A4,-84, WPA ,0.000000,0.000000,0.000,0.000,AP
2026-04-01 13:28:55,1900-01-00 00:00:00,1032-wombat,B8:27:EB:A2:CD:A4,-84, WPA ,0.000000,0.000000,0.000,0.000,AP
2026-04-01 13:28:55,1900-01-00 00:00:00,1032-wombat,B8:27:EB:A2:CD:A4,-84, WPA ,0.000000,0.000000,0.000,0.000,AP
2026-04-01 13:28:55,1900-01-00 00:00:00,1032-wombat,B8:27:EB:A2:CD:A4,-85, WPA ,0.000000,0.000000,0.000,0.000,AP
2026-04-01 13:28:55,1900-01-00 00:00:00,1032-wombat,B8:27:EB:A2:CD:A4,-85, WPA ,0.000000,0.000000,0.000,0.000,AP
2026-04-01 13:28:55,1900-01-00 00:00:00,1032-wombat,B8:27:EB:A2:CD:A4,-85, WPA ,0.000000,0.000000,0.000,0.000,AP
2026-04-01 13:28:55,1900-01-00 00:00:00,1032-wombat,B8:27:EB:A2:CD:A4,-48, WPA ,0.000000,0.000000,0.000,0.000,AP
2026-04-01 13:28:55,1900-01-00 00:00:00,1032-wombat,B8:27:EB:A2:CD:A4,-48, WPA ,0.000000,0.000000,0.000,0.000,AP
2026-04-01 13:28:55,1900-01-00 00:00:00,1032-wombat,B8:27:EB:A2:CD:A4,-48, WPA ,0.000000,0.000000,0.000,0.000,AP
2026-04-01 13:28:55,1900-01-00 00:00:00,1032-wombat,B8:27:EB:A2:CD:A4,-48, WPA ,0.000000,0.000000,0.000,0.000,AP
2026-04-01 13:28:55,1900-01-00 00:00:00,1032-wombat,B8:27:EB:A2:CD:A4,-48, WPA ,0.000000,0.000000,0.000,0.000,AP
2026-04-01 13:28:55,1900-01-00 00:00:00,1032-wombat,B8:27:EB:A2:CD:A4,-48, WPA ,0.000000,0.000000,0.000,0.000,AP
2026-04-01 13:28:55,1900-01-00 00:00:00,1032-wombat,B8:27:EB:A2:CD:A4,-48, WPA ,0.000000,0.000000,0.000,0.000,AP
2026-04-01 13:28:55,1900-01-00 00:00:00,1032-wombat,B8:27:EB:A2:CD:A4,-48, WPA ,0.000000,0.000000,0.000,0.000,AP
2026-04-01 13:28:55,1900-01-00 00:00:00,1032-wombat,B8:27:EB:A2:CD:A4,-48, WPA ,0.000000,0.000000,0.000,0.000,AP
2026-04-01 13:28:55,1900-01-00 00:00:00,1032-wombat,B8:27:EB:A2:CD:A4,-48, WPA ,0.000000,0.000000,0.000,0.000,AP
2026-04-01 13:28:55,1900-01-00 00:00:00,1032-wombat,B8:27:EB:A2:CD:A4,-48, WPA ,0.000000,0.000000,0.000,0.000,AP
2026-04-01 13:28:55,1900-01-00 00:00:00,1032-wombat,B8:27:EB:A2:CD:A4,-48, WPA ,0.000000,0.000000,0.000,0.000,AP
2026-04-01 13:28:55,1900-01-00 00:00:00,1032-wombat,B8:27:EB:A2:CD:A4,-48, WPA ,0.000000,0.000000,0.000,0.000,AP
2026-04-01 13:28:55,1900-01-00 00:00:00,1032-wombat,B8:27:EB:A2:CD:A4,-48, WPA ,0.000000,0.000000,0.000,0.000,AP
2026-04-01 13:28:55,1900-01-00 00:00:00,1032-wombat,B8:27:EB:A2:CD:A4,-48, WPA ,0.000000,0.000000,0.000,0.000,AP
2026-04-01 13:28:55,1900-01-00 00:00:00,1032-wombat,B8:27:EB:A2:CD:A4,-48, WPA ,0.000000,0.000000,0.000,0.000,AP
2026-04-01 13:28:55,1900-01-00 00:00:00,1032-wombat,B8:27:EB:A2:CD:A4,-48, WPA ,0.000000,0.000000,0.000,0.000,AP
2026-04-01 13:28:55,1900-01-00 00:00:00,1032-wombat,B8:27:EB:A2:CD:A4,-48, WPA ,0.000000,0.000000,0.000,0.000,AP
2026-04-01 13:28:55,1900-01-00 00:00:00,1032-wombat,B8:27:EB:A2:CD:A4,-48, WPA ,0.000000,0.000000,0.000,0.000,AP
2026-04-01 13:28:55,1900-01-00 00:00:00,1032-wombat,B8:27:EB:A2:CD:A4,-48, WPA ,0.000000,0.000000,0.000,0.000,AP
2026-04-01 13:28:55,1900-01-00 00:00:00,1032-wombat,B8:27:EB:A2:CD:A4,-48, WPA ,0.000000,0.000000,0.000,0.000,AP
2026-04-01 13:28:55,1900-01-00 00:00:00,1032-wombat,B8:27:EB:A2:CD:A4,-48, WPA ,0.000000,0.000000,0.000,0.000,AP
2026-04-01 13:28:55,1900-01-00 00:00:00,1032-wombat,B8:27:EB:A2:CD:A4,-48, WPA ,0.000000,0.000000,0.000,0.000,AP
2026-04-01 13:28:55,1900-01-00 00:00:00,1032-wombat,B8:27:EB:A2:CD:A4,-48, WPA ,0.000000,0.000000,0.000,0.000,AP
2026-04-01 13:28:55,1900-01-00 00:00:00,1032-wombat,B8:27:EB:A2:CD:A4,-48, WPA ,0.000000,0.000000,0.000,0.000,AP
2026-04-01 13:28:55,1900-01-00 00:00:00,1032-wombat,B8:27:EB:A2:CD:A4,-48, WPA ,0.000000,0.000000,0.000,0.000,AP
2026-04-01 13:28:55,1900-01-00 00:00:00,1032-wombat,B8:27:EB:A2:CD:A4,-48, WPA ,0.000000,0.000000,0.000,0.000,AP
2026-04-01 13:28:55,1900-01-00 00:00:00,1032-wombat,B8:27:EB:A2:CD:A4,-48, WPA ,0.000000,0.000000,0.000,0.000,AP
2026-04-01 13:28:55,1900-01-00 00:00:00,1032-wombat,B8:27:EB:A2:CD:A4,-48, WPA ,0.000000,0.000000,0.000,0.000,AP
2026-04-01 13:28:55,1900-01-00 00:00:00,1032-wombat,B8:27:EB:A2:CD:A4,-48, WPA ,0.000000,0.000000,0.000,0.000,AP
2026-04-01 13:28:55,1900-01-00 00:00:00,1032-wombat,B8:27:EB:A2:CD:A4,-48, WPA ,0.000000,0.000000,0.000,0.000,AP
2026-04-01 13:28:55,1900-01-00 00:00:00,1032-wombat,B8:27:EB:A2:CD:A4,-48, WPA ,0.000000,0.000000,0.000,0.000,AP
2026-04-01 13:28:55,1900-01-00 00:00:00,1032-wombat,B8:27:EB:A2:CD:A4,-48, WPA ,0.000000,0.000000,0.000,0.000,AP
2026-04-01 13:28:55,1900-01-00 00:00:00,1032-wombat,B8:27:EB:A2:CD:A4,-48, WPA ,0.000000,0.000000,0.000,0.000,AP
2026-04-01 13:28:55,1900-01-00 00:00:00,1032-wombat,B8:27:EB:A2:CD:A4,-48, WPA ,0.000000,0.000000,0.000,0.000,AP
2026-04-01 13:28:55,1900-01-00 00:00:00,1032-wombat,B8:27:EB:A2:CD:A4,-48, WPA ,0.000000,0.000000,0.000,0.000,AP
2026-04-01 13:28:55,1900-01-00 00:00:00,1032-wombat,B8:27:EB:A2:CD:A4,-48, WPA ,0.000000,0.000000,0.000,0.000,AP
2026-04-01 13:28:55,1900-01-00 00:00:00,1032-wombat,B8:27:EB:A2:CD:A4,-48, WPA ,0.000000,0.000000,0.000,0.000,AP
2026-04-01 13:28:55,1900-01-00 00:00:00,1032-wombat,B8:27:EB:A2:CD:A4,-48, WPA ,0.000000,0.000000,0.000,0.000,AP
2026-04-01 13:28:55,1900-01-00 00:00:00,1032-wombat,B8:27:EB:A2:CD:A4,-48, WPA ,0.000000,0.000000,0.000,0.000,AP
2026-04-01 13:28:55,1900-01-00 00:00:00,1032-wombat,B8:27:EB:A2:CD:A4,-48, WPA ,0.000000,0.000000,0.000,0.000,AP
2026-04-01 13:28:55,1900-01-00 00:00:00,1032-wombat,B8:27:EB:A2:CD:A4,-48, WPA ,0.000000,0.000000,0.000,0.000,AP
2026-04-01 13:28:55,1900-01-00 00:00:00,1032-wombat,B8:27:EB:A2:CD:A4,-48, WPA ,0.000000,0.000000,0.000,0.000,AP
2026-04-01 13:28:55,1900-01-00 00:00:00,1032-wombat,B8:27:EB:A2:CD:A4,-48, WPA ,0.000000,0.000000,0.000,0.000,AP
2026-04-01 13:28:55,1900-01-00 00:00:00,1032-wombat,B8:27:EB:A2:CD:A4,-48, WPA ,0.000000,0.000000,0.000,0.000,AP
2026-04-01 13:28:55,1900-01-00 00:00:00,1032-wombat,B8:27:EB:A2:CD:A4,-48, WPA ,0.000000,0.000000,0.000,0.000,AP
2026-04-01 13:28:55,1900-01-00 00:00:00,1032-wombat,B8:27:EB:A2:CD:A4,-48, WPA ,0.000000,0.000000,0.000,0.000,AP
2026-04-01 13:28:55,1900-01-00 00:00:00,1032-wombat,B8:27:EB:A2:CD:A4,-48, WPA ,0.000000,0.000000,0.000,0.000,AP
2026-04-01 13:28:55,1900-01-00 00:00:00,1032-wombat,B8:27:EB:A2:CD:A4,-48, WPA ,0.000000,0.000000,0.000,0.000,AP
2026-04-01 13:28:55,1900-01-00 00:00:00,1032-wombat,B8:27:EB:A2:CD:A4,-48, WPA ,0.000000,0.000000,0.000,0.000,AP
2026-04-01 13:28:55,1900-01-00 00:00:00,1032-wombat,B8:27:EB:A2:CD:A4,-48, WPA ,0.000000,0.000000,0.000,0.000,AP
2026-04-01 13:28:55,1900-01-00 00:00:00,1032-wombat,B8:27:EB:A2:CD:A4,-77, WPA ,0.000000,0.000000,0.000,0.000,AP
2026-04-01 13:28:55,1900-01-00 00:00:00,1032-wombat,B8:27:EB:A2:CD:A4,-77, WPA ,0.000000,0.000000,0.000,0.000,AP
2026-04-01 13:28:55,1900-01-00 00:00:00,1032-wombat,B8:27:EB:A2:CD:A4,-77, WPA ,0.000000,0.000000,0.000,0.000,AP
2026-04-01 13:28:55,1900-01-00 00:00:00,1032-wombat,B8:27:EB:A2:CD:A4,-77, WPA ,0.000000,0.000000,0.000,0.000,AP
2026-04-01 13:28:55,1900-01-00 00:00:00,1032-wombat,B8:27:EB:A2:CD:A4,-77, WPA ,0.000000,0.000000,0.000,0.000,AP
2026-04-01 13:28:55,1900-01-00 00:00:00,1032-wombat,B8:27:EB:A2:CD:A4,-77, WPA ,0.000000,0.000000,0.000,0.000,AP
2026-04-01 13:28:55,1900-01-00 00:00:00,1032-wombat,B8:27:EB:A2:CD:A4,-77, WPA ,0.000000,0.000000,0.000,0.000,AP
2026-04-01 13:28:55,1900-01-00 00:00:00,1032-wombat,B8:27:EB:A2:CD:A4,-77, WPA ,0.000000,0.000000,0.000,0.000,AP
2026-04-01 13:28:55,1900-01-00 00:00:00,1032-wombat,B8:27:EB:A2:CD:A4,-77, WPA ,0.000000,0.000000,0.000,0.000,AP
2026-04-01 13:28:55,1900-01-00 00:00:00,1032-wombat,B8:27:EB:A2:CD:A4,-77, WPA ,0.000000,0.000000,0.000,0.000,AP
2026-04-01 13:28:55,1900-01-00 00:00:00,1032-wombat,B8:27:EB:A2:CD:A4,-77, WPA ,0.000000,0.000000,0.000,0.000,AP
2026-04-01 13:28:55,1900-01-00 00:00:00,1032-wombat,B8:27:EB:A2:CD:A4,-77, WPA ,0.000000,0.000000,0.000,0.000,AP
2026-04-01 13:28:55,1900-01-00 00:00:00,1032-wombat,B8:27:EB:A2:CD:A4,-77, WPA ,0.000000,0.000000,0.000,0.000,AP
2026-04-01 13:28:55,1900-01-00 00:00:00,1032-wombat,B8:27:EB:A2:CD:A4,-77, WPA ,0.000000,0.000000,0.000,0.000,AP
2026-04-01 13:28:55,1900-01-00 00:00:00,1032-wombat,B8:27:EB:A2:CD:A4,-77, WPA ,0.000000,0.000000,0.000,0.000,AP
2026-04-01 13:28:55,1900-01-00 00:00:00,1032-wombat,B8:27:EB:A2:CD:A4,-77, WPA ,0.000000,0.000000,0.000,0.000,AP
2026-04-01 13:28:55,1900-01-00 00:00:00,1032-wombat,B8:27:EB:A2:CD:A4,-77, WPA ,0.000000,0.000000,0.000,0.000,AP
2026-04-01 13:28:55,1900-01-00 00:00:00,1032-wombat,B8:27:EB:A2:CD:A4,-77, WPA ,0.000000,0.000000,0.000,0.000,AP
2026-04-01 13:28:55,1900-01-00 00:00:00,1032-wombat,B8:27:EB:A2:CD:A4,-77, WPA ,0.000000,0.000000,0.000,0.000,AP
2026-04-01 13:28:55,1900-01-00 00:00:00,1032-wombat,B8:27:EB:A2:CD:A4,-77, WPA ,0.000000,0.000000,0.000,0.000,AP
2026-04-01 13:28:55,1900-01-00 00:00:00,1032-wombat,B8:27:EB:A2:CD:A4,-77, WPA ,0.000000,0.000000,0.000,0.000,AP
2026-04-01 13:28:55,1900-01-00 00:00:00,1032-wombat,B8:27:EB:A2:CD:A4,-77, WPA ,0.000000,0.000000,0.000,0.000,AP
2026-04-01 13:28:55,1900-01-00 00:00:00,1032-wombat,B8:27:EB:A2:CD:A4,-77, WPA ,0.000000,0.000000,0.000,0.000,AP
2026-04-01 13:28:55,1900-01-00 00:00:00,1032-wombat,B8:27:EB:A2:CD:A4,-77, WPA ,0.000000,0.000000,0.000,0.000,AP
2026-04-01 13:28:55,1900-01-00 00:00:00,1032-wombat,B8:27:EB:A2:CD:A4,-77, WPA ,0.000000,0.000000,0.000,0.000,AP
2026-04-01 13:28:55,1900-01-00 00:00:00,1032-wombat,B8:27:EB:A2:CD:A4,-77, WPA ,0.000000,0.000000,0.000,0.000,AP
2026-04-01 13:28:55,1900-01-00 00:00:00,1032-wombat,B8:27:EB:A2:CD:A4,-77, WPA ,0.000000,0.000000,0.000,0.000,AP
2026-04-01 13:28:55,1900-01-00 00:00:00,1032-wombat,B8:27:EB:A2:CD:A4,-77, WPA ,0.000000,0.000000,0.000,0.000,AP
2026-04-01 13:28:55,1900-01-00 00:00:00,1032-wombat,B8:27:EB:A2:CD:A4,-77, WPA ,0.000000,0.000000,0.000,0.000,AP
2026-04-01 13:28:55,1900-01-00 00:00:00,1032-wombat,B8:27:EB:A2:CD:A4,-77, WPA ,0.000000,0.000000,0.000,0.000,AP
2026-04-01 13:28:55,1900-01-00 00:00:00,1032-wombat,B8:27:EB:A2:CD:A4,-77, WPA ,0.000000,0.000000,0.000,0.000,AP
2026-04-01 13:28:55,1900-01-00 00:00:00,1032-wombat,B8:27:EB:A2:CD:A4,-77, WPA ,0.000000,0.000000,0.000,0.000,AP
2026-04-01 13:28:55,1900-01-00 00:00:00,1032-wombat,B8:27:EB:A2:CD:A4,-77, WPA ,0.000000,0.000000,0.000,0.000,AP
2026-04-01 13:28:55,1900-01-00 00:00:00,1032-wombat,B8:27:EB:A2:CD:A4,-77, WPA ,0.000000,0.000000,0.000,0.000,AP
2026-04-01 13:28:55,1900-01-00 00:00:00,1032-wombat,B8:27:EB:A2:CD:A4,-77, WPA ,0.000000,0.000000,0.000,0.000,AP
2026-04-01 13:28:55,1900-01-00 00:00:00,1032-wombat,B8:27:EB:A2:CD:A4,-77, WPA ,0.000000,0.000000,0.000,0.000,AP
2026-04-01 13:28:55,1900-01-00 00:00:00,1032-wombat,B8:27:EB:A2:CD:A4,-77, WPA ,0.000000,0.000000,0.000,0.000,AP
2026-04-01 13:28:55,1900-01-00 00:00:00,1032-wombat,B8:27:EB:A2:CD:A4,-83, WPA ,0.000000,0.000000,0.000,0.000,AP
2026-04-01 13:28:55,1900-01-00 00:00:00,1032-wombat,B8:27:EB:A2:CD:A4,-82, WPA ,0.000000,0.000000,0.000,0.000,AP
2026-04-01 13:28:55,1900-01-00 00:00:00,1032-wombat,B8:27:EB:A2:CD:A4,-82, WPA ,0.000000,0.000000,0.000,0.000,AP
2026-04-01 13:28:55,1900-01-00 00:00:00,1032-wombat,B8:27:EB:A2:CD:A4,-82, WPA ,0.000000,0.000000,0.000,0.000,AP
2026-04-01 13:28:55,1900-01-00 00:00:00,1032-wombat,B8:27:EB:A2:CD:A4,-82, WPA ,0.000000,0.000000,0.000,0.000,AP
2026-04-01 13:28:55,1900-01-00 00:00:00,1032-wombat,B8:27:EB:A2:CD:A4,-82, WPA ,0.000000,0.000000,0.000,0.000,AP
2026-04-01 13:28:55,1900-01-00 00:00:00,1032-wombat,B8:27:EB:A2:CD:A4,-82, WPA ,0.000000,0.000000,0.000,0.000,AP
2026-04-01 13:28:55,1900-01-00 00:00:00,1032-wombat,B8:27:EB:A2:CD:A4,-82, WPA ,0.000000,0.000000,0.000,0.000,AP
2026-04-01 13:28:55,1900-01-00 00:00:00,1032-wombat,B8:27:EB:A2:CD:A4,-14, WPA ,0.000000,0.000000,0.000,0.000,AP
2026-04-01 13:28:55,1900-01-00 00:00:00,1032-wombat,B8:27:EB:A2:CD:A4,-14, WPA ,0.000000,0.000000,0.000,0.000,AP
2026-04-01 13:28:55,1900-01-00 00:00:00,1032-wombat,B8:27:EB:A2:CD:A4,-14, WPA ,0.000000,0.000000,0.000,0.000,AP
2026-04-01 13:28:55,1900-01-00 00:00:00,1032-wombat,B8:27:EB:A2:CD:A4,-14, WPA ,0.000000,0.000000,0.000,0.000,AP
2026-04-01 13:28:55,1900-01-00 00:00:00,1032-wombat,B8:27:EB:A2:CD:A4,-14, WPA ,0.000000,0.000000,0.000,0.000,AP
2026-04-01 13:28:55,1900-01-00 00:00:00,1032-wombat,B8:27:EB:A2:CD:A4,-14, WPA ,0.000000,0.000000,0.000,0.000,AP
2026-04-01 13:28:55,1900-01-00 00:00:00,1032-wombat,B8:27:EB:A2:CD:A4,-14, WPA ,0.000000,0.000000,0.000,0.000,AP
2026-04-01 13:28:55,1900-01-00 00:00:00,1032-wombat,B8:27:EB:A2:CD:A4,-14, WPA ,0.000000,0.000000,0.000,0.000,AP
2026-04-01 13:28:55,1900-01-00 00:00:00,1032-wombat,B8:27:EB:A2:CD:A4,-14, WPA ,0.000000,0.000000,0.000,0.000,AP
2026-04-01 13:28:55,1900-01-00 00:00:00,1032-wombat,B8:27:EB:A2:CD:A4,-14, WPA ,0.000000,0.000000,0.000,0.000,AP
2026-04-01 13:28:55,1900-01-00 00:00:00,1032-wombat,B8:27:EB:A2:CD:A4,-14, WPA ,0.000000,0.000000,0.000,0.000,AP
2026-04-01 13:28:55,1900-01-00 00:00:00,1032-wombat,B8:27:EB:A2:CD:A4,-14, WPA ,0.000000,0.000000,0.000,0.000,AP
2026-04-01 13:28:55,1900-01-00 00:00:00,1032-wombat,B8:27:EB:A2:CD:A4,-14, WPA ,0.000000,0.000000,0.000,0.000,AP
2026-04-01 13:28:55,1900-01-00 00:00:00,1032-wombat,B8:27:EB:A2:CD:A4,-14, WPA ,0.000000,0.000000,0.000,0.000,AP
2026-04-01 13:28:55,1900-01-00 00:00:00,1032-wombat,B8:27:EB:A2:CD:A4,-14, WPA ,0.000000,0.000000,0.000,0.000,AP
2026-04-01 13:28:55,1900-01-00 00:00:00,1032-wombat,B8:27:EB:A2:CD:A4,-14, WPA ,0.000000,0.000000,0.000,0.000,AP
2026-04-01 13:28:55,1900-01-00 00:00:00,1032-wombat,B8:27:EB:A2:CD:A4,-14, WPA ,0.000000,0.000000,0.000,0.000,AP
2026-04-01 13:28:55,1900-01-00 00:00:00,1032-wombat,B8:27:EB:A2:CD:A4,-14, WPA ,0.000000,0.000000,0.000,0.000,AP
2026-04-01 13:28:55,1900-01-00 00:00:00,1032-wombat,B8:27:EB:A2:CD:A4,-14, WPA ,0.000000,0.000000,0.000,0.000,AP
2026-04-01 13:28:55,1900-01-00 00:00:00,1032-wombat,B8:27:EB:A2:CD:A4,-14, WPA ,0.000000,0.000000,0.000,0.000,AP
2026-04-01 13:28:55,1900-01-00 00:00:00,1032-wombat,B8:27:EB:A2:CD:A4,-14, WPA ,0.000000,0.000000,0.000,0.000,AP
2026-04-01 13:28:55,1900-01-00 00:00:00,1032-wombat,B8:27:EB:A2:CD:A4,-14, WPA ,0.000000,0.000000,0.000,0.000,AP
2026-04-01 13:28:55,1900-01-00 00:00:00,1032-wombat,B8:27:EB:A2:CD:A4,-14, WPA ,0.000000,0.000000,0.000,0.000,AP
2026-04-01 13:28:55,1900-01-00 00:00:00,1032-wombat,B8:27:EB:A2:CD:A4,-14, WPA ,0.000000,0.000000,0.000,0.000,AP
2026-04-01 13:28:55,1900-01-00 00:00:00,1032-wombat,B8:27:EB:A2:CD:A4,-14, WPA ,0.000000,0.000000,0.000,0.000,AP
2026-04-01 13:28:55,1900-01-00 00:00:00,1032-wombat,B8:27:EB:A2:CD:A4,-14, WPA ,0.000000,0.000000,0.000,0.000,AP
2026-04-01 13:28:55,1900-01-00 00:00:00,1032-wombat,B8:27:EB:A2:CD:A4,-14, WPA ,0.000000,0.000000,0.000,0.000,AP
2026-04-01 13:28:55,1900-01-00 00:00:00,1032-wombat,B8:27:EB:A2:CD:A4,-14, WPA ,0.000000,0.000000,0.000,0.000,AP
2026-04-01 13:28:55,1900-01-00 00:00:00,1032-wombat,B8:27:EB:A2:CD:A4,-14, WPA ,0.000000,0.000000,0.000,0.000,AP
2026-04-01 13:28:55,1900-01-00 00:00:00,1032-wombat,B8:27:EB:A2:CD:A4,-14, WPA ,0.000000,0.000000,0.000,0.000,AP
2026-04-01 13:28:55,1900-01-00 00:00:00,1032-wombat,B8:27:EB:A2:CD:A4,-14, WPA ,0.000000,0.000000,0.000,0.000,AP
2026-04-01 13:28:55,1900-01-00 00:00:00,1032-wombat,B8:27:EB:A2:CD:A4,-14, WPA ,0.000000,0.000000,0.000,0.000,AP
2026-04-01 13:28:55,1900-01-00 00:00:00,1032-wombat,B8:27:EB:A2:CD:A4,-14, WPA ,0.000000,0.000000,0.000,0.000,AP
2026-04-01 13:28:55,1900-01-00 00:00:00,1032-wombat,B8:27:EB:A2:CD:A4,-14, WPA ,0.000000,0.000000,0.000,0.000,AP
2026-04-01 13:28:55,1900-01-00 00:00:00,1032-wombat,B8:27:EB:A2:CD:A4,-14, WPA ,0.000000,0.000000,0.000,0.000,AP
2026-04-01 13:28:55,1900-01-00 00:00:00,1032-wombat,B8:27:EB:A2:CD:A4,-14, WPA ,0.000000,0.000000,0.000,0.000,AP
2026-04-01 13:28:55,1900-01-00 00:00:00,1032-wombat,B8:27:EB:A2:CD:A4,-14, WPA ,0.000000,0.000000,0.000,0.000,AP
2026-04-01 13:28:55,1900-01-00 00:00:00,1032-wombat,B8:27:EB:A2:CD:A4,-14, WPA ,0.000000,0.000000,0.000,0.000,AP
2026-04-01 13:28:55,1900-01-00 00:00:00,1032-wombat,B8:27:EB:A2:CD:A4,-14, WPA ,0.000000,0.000000,0.000,0.000,AP
2026-04-01 13:28:55,1900-01-00 00:00:00,1032-wombat,B8:27:EB:A2:CD:A4,-14, WPA ,0.000000,0.000000,0.000,0.000,AP
2026-04-01 13:28:55,1900-01-00 00:00:00,1032-wombat,B8:27:EB:A2:CD:A4,-14, WPA ,0.000000,0.000000,0.000,0.000,AP
2026-04-01 13:28:55,1900-01-00 00:00:00,1032-wombat,B8:27:EB:A2:CD:A4,-17, WPA ,0.000000,0.000000,0.000,0.000,AP
2026-04-01 13:28:55,1900-01-00 00:00:00,1032-wombat,B8:27:EB:A2:CD:A4,-12, WPA ,0.000000,0.000000,0.000,0.000,AP
2026-04-01 13:28:55,1900-01-00 00:00:00,1032-wombat,B8:27:EB:A2:CD:A4,-19, WPA ,0.000000,0.000000,0.000,0.000,AP
2026-04-01 13:28:55,1900-01-00 00:00:00,1032-wombat,B8:27:EB:A2:CD:A4,-19, WPA ,0.000000,0.000000,0.000,0.000,AP
2026-04-01 13:28:55,1900-01-00 00:00:00,1032-wombat,B8:27:EB:A2:CD:A4,-19, WPA ,0.000000,0.000000,0.000,0.000,AP
2026-04-01 13:28:55,1900-01-00 00:00:00,1032-wombat,B8:27:EB:A2:CD:A4,-19, WPA ,0.000000,0.000000,0.000,0.000,AP
2026-04-01 13:28:55,1900-01-00 00:00:00,1032-wombat,B8:27:EB:A2:CD:A4,-19, WPA ,0.000000,0.000000,0.000,0.000,AP
2026-04-01 13:28:55,1900-01-00 00:00:00,1032-wombat,B8:27:EB:A2:CD:A4,-65, WPA ,0.000000,0.000000,0.000,0.000,AP
2026-04-01 13:28:55,1900-01-00 00:00:00,1032-wombat,B8:27:EB:A2:CD:A4,-65, WPA ,0.000000,0.000000,0.000,0.000,AP
2026-04-01 13:28:55,1900-01-00 00:00:00,1032-wombat,B8:27:EB:A2:CD:A4,-65, WPA ,0.000000,0.000000,0.000,0.000,AP
2026-04-01 13:28:55,1900-01-00 00:00:00,1032-wombat,B8:27:EB:A2:CD:A4,-65, WPA ,0.000000,0.000000,0.000,0.000,AP
2026-04-01 13:28:55,1900-01-00 00:00:00,1032-wombat,B8:27:EB:A2:CD:A4,-64, WPA ,0.000000,0.000000,0.000,0.000,AP
2026-04-01 13:28:55,1900-01-00 00:00:00,1032-wombat,B8:27:EB:A2:CD:A4,-64, WPA ,0.000000,0.000000,0.000,0.000,AP
2026-04-01 13:28:55,1900-01-00 00:00:00,1032-wombat,B8:27:EB:A2:CD:A4,-15, WPA ,0.000000,0.000000,0.000,0.000,AP
2026-04-01 13:28:55,1900-01-00 00:00:00,1032-wombat,B8:27:EB:A2:CD:A4,-15, WPA ,0.000000,0.000000,0.000,0.000,AP
2026-04-01 13:28:55,1900-01-00 00:00:00,1032-wombat,B8:27:EB:A2:CD:A4,-77, WPA ,0.000000,0.000000,0.000,0.000,AP
2026-04-01 13:28:55,1900-01-00 00:00:00,1032-wombat,B8:27:EB:A2:CD:A4,-77, WPA ,0.000000,0.000000,0.000,0.000,AP
2026-04-01 13:28:55,1900-01-00 00:00:00,1032-wombat,B8:27:EB:A2:CD:A4,-77, WPA ,0.000000,0.000000,0.000,0.000,AP
2026-04-01 13:28:55,1900-01-00 00:00:00,1032-wombat,B8:27:EB:A2:CD:A4,-77, WPA ,0.000000,0.000000,0.000,0.000,AP
2026-04-01 13:28:55,1900-01-00 00:00:00,1032-wombat,B8:27:EB:A2:CD:A4,-77, WPA ,0.000000,0.000000,0.000,0.000,AP
2026-04-01 13:28:55,1900-01-00 00:00:00,1032-wombat,B8:27:EB:A2:CD:A4,-77, WPA ,0.000000,0.000000,0.000,0.000,AP
2026-04-01 13:28:55,1900-01-00 00:00:00,1032-wombat,B8:27:EB:A2:CD:A4,-77, WPA ,0.000000,0.000000,0.000,0.000,AP
2026-04-01 13:28:55,1900-01-00 00:00:00,1032-wombat,B8:27:EB:A2:CD:A4,-77, WPA ,0.000000,0.000000,0.000,0.000,AP
2026-04-01 13:28:55,1900-01-00 00:00:00,1032-wombat,B8:27:EB:A2:CD:A4,-77, WPA ,0.000000,0.000000,0.000,0.000,AP
2026-04-01 13:28:55,1900-01-00 00:00:00,1032-wombat,B8:27:EB:A2:CD:A4,-77, WPA ,0.000000,0.000000,0.000,0.000,AP
2026-04-01 13:28:55,1900-01-00 00:00:00,1032-wombat,B8:27:EB:A2:CD:A4,-77, WPA ,0.000000,0.000000,0.000,0.000,AP
2026-04-01 13:28:55,1900-01-00 00:00:00,1032-wombat,B8:27:EB:A2:CD:A4,-77, WPA ,0.000000,0.000000,0.000,0.000,AP
2026-04-01 13:28:55,1900-01-00 00:00:00,1032-wombat,B8:27:EB:A2:CD:A4,-77, WPA ,0.000000,0.000000,0.000,0.000,AP
2026-04-01 13:28:55,1900-01-00 00:00:00,1032-wombat,B8:27:EB:A2:CD:A4,-77, WPA ,0.000000,0.000000,0.000,0.000,AP
2026-04-01 13:28:55,1900-01-00 00:00:00,1032-wombat,B8:27:EB:A2:CD:A4,-77, WPA ,0.000000,0.000000,0.000,0.000,AP
2026-04-01 13:28:55,1900-01-00 00:00:00,1032-wombat,B8:27:EB:A2:CD:A4,-77, WPA ,0.000000,0.000000,0.000,0.000,AP
2026-04-01 13:28:55,1900-01-00 00:00:00,1032-wombat,B8:27:EB:A2:CD:A4,-77, WPA ,0.000000,0.000000,0.000,0.000,AP
2026-04-01 13:28:55,1900-01-00 00:00:00,1032-wombat,B8:27:EB:A2:CD:A4,-77, WPA ,0.000000,0.000000,0.000,0.000,AP
2026-04-01 13:28:55,1900-01-00 00:00:00,1032-wombat,B8:27:EB:A2:CD:A4,-77, WPA ,0.000000,0.000000,0.000,0.000,AP
2026-04-01 13:28:55,1900-01-00 00:00:00,1032-wombat,B8:27:EB:A2:CD:A4,-77, WPA ,0.000000,0.000000,0.000,0.000,AP
2026-04-01 13:28:55,1900-01-00 00:00:00,1032-wombat,B8:27:EB:A2:CD:A4,-77, WPA ,0.000000,0.000000,0.000,0.000,AP
2026-04-01 13:28:55,1900-01-00 00:00:00,1032-wombat,B8:27:EB:A2:CD:A4,-77, WPA ,0.000000,0.000000,0.000,0.000,AP
2026-04-01 13:28:55,1900-01-00 00:00:00,1032-wombat,B8:27:EB:A2:CD:A4,-77, WPA ,0.000000,0.000000,0.000,0.000,AP
2026-04-01 13:28:55,1900-01-00 00:00:00,1032-wombat,B8:27:EB:A2:CD:A4,-77, WPA ,0.000000,0.000000,0.000,0.000,AP
2026-04-01 13:28:55,1900-01-00 00:00:00,1032-wombat,B8:27:EB:A2:CD:A4,-77, WPA ,0.000000,0.000000,0.000,0.000,AP
2026-04-01 13:28:55,1900-01-00 00:00:00,1032-wombat,B8:27:EB:A2:CD:A4,-77, WPA ,0.000000,0.000000,0.000,0.000,AP
2026-04-01 13:28:55,1900-01-00 00:00:00,1032-wombat,B8:27:EB:A2:CD:A4,-77, WPA ,0.000000,0.000000,0.000,0.000,AP
2026-04-01 13:28:55,1900-01-00 00:00:00,1032-wombat,B8:27:EB:A2:CD:A4,-77, WPA ,0.000000,0.000000,0.000,0.000,AP
2026-04-01 13:28:55,1900-01-00 00:00:00,1032-wombat,B8:27:EB:A2:CD:A4,-77, WPA ,0.000000,0.000000,0.000,0.000,AP
2026-04-01 13:28:55,1900-01-00 00:00:00,1032-wombat,B8:27:EB:A2:CD:A4,-77, WPA ,0.000000,0.000000,0.000,0.000,AP
2026-04-01 13:28:55,1900-01-00 00:00:00,1032-wombat,B8:27:EB:A2:CD:A4,-77, WPA ,0.000000,0.000000,0.000,0.000,AP
2026-04-01 13:28:55,1900-01-00 00:00:00,1032-wombat,B8:27:EB:A2:CD:A4,-77, WPA ,0.000000,0.000000,0.000,0.000,AP
2026-04-01 13:28:55,1900-01-00 00:00:00,1032-wombat,B8:27:EB:A2:CD:A4,-77, WPA ,0.000000,0.000000,0.000,0.000,AP
2026-04-01 13:28:55,1900-01-00 00:00:00,1032-wombat,B8:27:EB:A2:CD:A4,-77, WPA ,0.000000,0.000000,0.000,0.000,AP
2026-04-01 13:28:55,1900-01-00 00:00:00,1032-wombat,B8:27:EB:A2:CD:A4,-85, WPA ,0.000000,0.000000,0.000,0.000,AP
2026-04-01 13:28:55,1900-01-00 00:00:00,1032-wombat,B8:27:EB:A2:CD:A4,-85, WPA ,0.000000,0.000000,0.000,0.000,AP
2026-04-01 13:28:55,1900-01-00 00:00:00,1032-wombat,B8:27:EB:A2:CD:A4,-85, WPA ,0.000000,0.000000,0.000,0.000,AP
2026-04-01 13:28:55,1900-01-00 00:00:00,1032-wombat,B8:27:EB:A2:CD:A4,-85, WPA ,0.000000,0.000000,0.000,0.000,AP
2026-04-01 13:28:55,1900-01-00 00:00:00,1032-wombat,B8:27:EB:A2:CD:A4,-85, WPA ,0.000000,0.000000,0.000,0.000,AP
2026-04-01 13:28:55,1900-01-00 00:00:00,1032-wombat,B8:27:EB:A2:CD:A4,-85, WPA ,0.000000,0.000000,0.000,0.000,AP
2026-04-01 13:28:55,1900-01-00 00:00:00,1032-wombat,B8:27:EB:A2:CD:A4,-85, WPA ,0.000000,0.000000,0.000,0.000,AP
2026-04-01 13:28:55,1900-01-00 00:00:00,1032-wombat,B8:27:EB:A2:CD:A4,-85, WPA ,0.000000,0.000000,0.000,0.000,AP
2026-04-01 13:28:55,1900-01-00 00:00:00,1032-wombat,B8:27:EB:A2:CD:A4,-85, WPA ,0.000000,0.000000,0.000,0.000,AP
2026-04-01 13:28:55,1900-01-00 00:00:00,1032-wombat,B8:27:EB:A2:CD:A4,-85, WPA ,0.000000,0.000000,0.000,0.000,AP
2026-04-01 13:28:55,1900-01-00 00:00:00,1032-wombat,B8:27:EB:A2:CD:A4,-85, WPA ,0.000000,0.000000,0.000,0.000,AP
2026-04-01 13:28:55,1900-01-00 00:00:00,1032-wombat,B8:27:EB:A2:CD:A4,-49, WPA ,0.000000,0.000000,0.000,0.000,AP
2026-04-01 13:28:55,1900-01-00 00:00:00,1032-wombat,B8:27:EB:A2:CD:A4,-49, WPA ,0.000000,0.000000,0.000,0.000,AP
2026-04-01 13:28:55,1900-01-00 00:00:00,1032-wombat,B8:27:EB:A2:CD:A4,-49, WPA ,0.000000,0.000000,0.000,0.000,AP
2026-04-01 13:28:55,1900-01-00 00:00:00,1032-wombat,B8:27:EB:A2:CD:A4,-49, WPA ,0.000000,0.000000,0.000,0.000,AP
2026-04-01 13:28:55,1900-01-00 00:00:00,1032-wombat,B8:27:EB:A2:CD:A4,-49, WPA ,0.000000,0.000000,0.000,0.000,AP
2026-04-01 13:28:55,1900-01-00 00:00:00,1032-wombat,B8:27:EB:A2:CD:A4,-49, WPA ,0.000000,0.000000,0.000,0.000,AP
2026-04-01 13:28:55,1900-01-00 00:00:00,1032-wombat,B8:27:EB:A2:CD:A4,-49, WPA ,0.000000,0.000000,0.000,0.000,AP
2026-04-01 13:28:55,1900-01-00 00:00:00,1032-wombat,B8:27:EB:A2:CD:A4,-49, WPA ,0.000000,0.000000,0.000,0.000,AP
2026-04-01 13:28:55,1900-01-00 00:00:00,1032-wombat,B8:27:EB:A2:CD:A4,-49, WPA ,0.000000,0.000000,0.000,0.000,AP
2026-04-01 13:28:55,1900-01-00 00:00:00,1032-wombat,B8:27:EB:A2:CD:A4,-49, WPA ,0.000000,0.000000,0.000,0.000,AP
2026-04-01 13:28:55,1900-01-00 00:00:00,1032-wombat,B8:27:EB:A2:CD:A4,-49, WPA ,0.000000,0.000000,0.000,0.000,AP
2026-04-01 13:28:55,1900-01-00 00:00:00,1032-wombat,B8:27:EB:A2:CD:A4,-49, WPA ,0.000000,0.000000,0.000,0.000,AP
2026-04-01 13:28:55,1900-01-00 00:00:00,1032-wombat,B8:27:EB:A2:CD:A4,-49, WPA ,0.000000,0.000000,0.000,0.000,AP
2026-04-01 13:28:55,1900-01-00 00:00:00,1032-wombat,B8:27:EB:A2:CD:A4,-49, WPA ,0.000000,0.000000,0.000,0.000,AP
2026-04-01 13:28:55,1900-01-00 00:00:00,1032-wombat,B8:27:EB:A2:CD:A4,-49, WPA ,0.000000,0.000000,0.000,0.000,AP
2026-04-01 13:28:55,1900-01-00 00:00:00,1032-wombat,B8:27:EB:A2:CD:A4,-49, WPA ,0.000000,0.000000,0.000,0.000,AP
2026-04-01 13:28:55,1900-01-00 00:00:00,1032-wombat,B8:27:EB:A2:CD:A4,-49, WPA ,0.000000,0.000000,0.000,0.000,AP
2026-04-01 13:28:55,1900-01-00 00:00:00,1032-wombat,B8:27:EB:A2:CD:A4,-49, WPA ,0.000000,0.000000,0.000,0.000,AP
2026-04-01 13:28:55,1900-01-00 00:00:00,1032-wombat,B8:27:EB:A2:CD:A4,-49, WPA ,0.000000,0.000000,0.000,0.000,AP
2026-04-01 13:28:55,1900-01-00 00:00:00,1032-wombat,B8:27:EB:A2:CD:A4,-49, WPA ,0.000000,0.000000,0.000,0.000,AP
2026-04-01 13:28:55,1900-01-00 00:00:00,1032-wombat,B8:27:EB:A2:CD:A4,-49, WPA ,0.000000,0.000000,0.000,0.000,AP
2026-04-01 13:28:55,1900-01-00 00:00:00,1032-wombat,B8:27:EB:A2:CD:A4,-49, WPA ,0.000000,0.000000,0.000,0.000,AP
2026-04-01 13:28:55,1900-01-00 00:00:00,1032-wombat,B8:27:EB:A2:CD:A4,-49, WPA ,0.000000,0.000000,0.000,0.000,AP
2026-04-01 13:28:55,1900-01-00 00:00:00,1032-wombat,B8:27:EB:A2:CD:A4,-49, WPA ,0.000000,0.000000,0.000,0.000,AP
2026-04-01 13:28:55,1900-01-00 00:00:00,1032-wombat,B8:27:EB:A2:CD:A4,-49, WPA ,0.000000,0.000000,0.000,0.000,AP
2026-04-01 13:28:55,1900-01-00 00:00:00,1032-wombat,B8:27:EB:A2:CD:A4,-49, WPA ,0.000000,0.000000,0.000,0.000,AP
2026-04-01 13:28:55,1900-01-00 00:00:00,1032-wombat,B8:27:EB:A2:CD:A4,-49, WPA ,0.000000,0.000000,0.000,0.000,AP
2026-04-01 13:28:55,1900-01-00 00:00:00,1032-wombat,B8:27:EB:A2:CD:A4,-49, WPA ,0.000000,0.000000,0.000,0.000,AP
2026-04-01 13:28:55,1900-01-00 00:00:00,1032-wombat,B8:27:EB:A2:CD:A4,-49, WPA ,0.000000,0.000000,0.000,0.000,AP
2026-04-01 13:28:55,1900-01-00 00:00:00,1032-wombat,B8:27:EB:A2:CD:A4,-49, WPA ,0.000000,0.000000,0.000,0.000,AP
2026-04-01 13:28:55,1900-01-00 00:00:00,1032-wombat,B8:27:EB:A2:CD:A4,-49, WPA ,0.000000,0.000000,0.000,0.000,AP
2026-04-01 13:28:55,1900-01-00 00:00:00,1032-wombat,B8:27:EB:A2:CD:A4,-49, WPA ,0.000000,0.000000,0.000,0.000,AP
2026-04-01 13:28:55,1900-01-00 00:00:00,1032-wombat,B8:27:EB:A2:CD:A4,-49, WPA ,0.000000,0.000000,0.000,0.000,AP
2026-04-01 13:28:55,1900-01-00 00:00:00,1032-wombat,B8:27:EB:A2:CD:A4,-49, WPA ,0.000000,0.000000,0.000,0.000,AP
2026-04-01 13:28:55,1900-01-00 00:00:00,1032-wombat,B8:27:EB:A2:CD:A4,-49, WPA ,0.000000,0.000000,0.000,0.000,AP
2026-04-01 13:28:55,1900-01-00 00:00:00,1032-wombat,B8:27:EB:A2:CD:A4,-49, WPA ,0.000000,0.000000,0.000,0.000,AP
2026-04-01 13:28:55,1900-01-00 00:00:00,1032-wombat,B8:27:EB:A2:CD:A4,-49, WPA ,0.000000,0.000000,0.000,0.000,AP
2026-04-01 13:28:55,1900-01-00 00:00:00,1032-wombat,B8:27:EB:A2:CD:A4,-49, WPA ,0.000000,0.000000,0.000,0.000,AP
2026-04-01 13:28:55,1900-01-00 00:00:00,1032-wombat,B8:27:EB:A2:CD:A4,-49, WPA ,0.000000,0.000000,0.000,0.000,AP
2026-04-01 13:28:55,1900-01-00 00:00:00,1032-wombat,B8:27:EB:A2:CD:A4,-49, WPA ,0.000000,0.000000,0.000,0.000,AP
2026-04-01 13:28:55,1900-01-00 00:00:00,1032-wombat,B8:27:EB:A2:CD:A4,-49, WPA ,0.000000,0.000000,0.000,0.000,AP
2026-04-01 13:28:55,1900-01-00 00:00:00,1032-wombat,B8:27:EB:A2:CD:A4,-49, WPA ,0.000000,0.000000,0.000,0.000,AP
2026-04-01 13:28:55,1900-01-00 00:00:00,1032-wombat,B8:27:EB:A2:CD:A4,-49, WPA ,0.000000,0.000000,0.000,0.000,AP
2026-04-01 13:28:55,1900-01-00 00:00:00,1032-wombat,B8:27:EB:A2:CD:A4,-49, WPA ,0.000000,0.000000,0.000,0.000,AP
2026-04-01 13:28:55,1900-01-00 00:00:00,1032-wombat,B8:27:EB:A2:CD:A4,-49, WPA ,0.000000,0.000000,0.000,0.000,AP
2026-04-01 13:28:55,1900-01-00 00:00:00,1032-wombat,B8:27:EB:A2:CD:A4,-49, WPA ,0.000000,0.000000,0.000,0.000,AP
2026-04-01 13:28:55,1900-01-00 00:00:00,1032-wombat,B8:27:EB:A2:CD:A4,-49, WPA ,0.000000,0.000000,0.000,0.000,AP
2026-04-01 13:28:55,1900-01-00 00:00:00,1032-wombat,B8:27:EB:A2:CD:A4,-49, WPA ,0.000000,0.000000,0.000,0.000,AP
2026-04-01 13:28:55,1900-01-00 00:00:00,1032-wombat,B8:27:EB:A2:CD:A4,-49, WPA ,0.000000,0.000000,0.000,0.000,AP
2026-04-01 13:28:55,1900-01-00 00:00:00,1032-wombat,B8:27:EB:A2:CD:A4,-49, WPA ,0.000000,0.000000,0.000,0.000,AP
2026-04-01 13:28:55,1900-01-00 00:00:00,1032-wombat,B8:27:EB:A2:CD:A4,-63, WPA ,0.000000,0.000000,0.000,0.000,AP
2026-04-01 13:28:55,1900-01-00 00:00:00,1032-wombat,B8:27:EB:A2:CD:A4,-63, WPA ,0.000000,0.000000,0.000,0.000,AP
2026-04-01 13:28:55,1900-01-00 00:00:00,1032-wombat,B8:27:EB:A2:CD:A4,-63, WPA ,0.000000,0.000000,0.000,0.000,AP
2026-04-01 13:28:55,1900-01-00 00:00:00,1032-wombat,B8:27:EB:A2:CD:A4,-63, WPA ,0.000000,0.000000,0.000,0.000,AP
2026-04-01 13:28:55,1900-01-00 00:00:00,1032-wombat,B8:27:EB:A2:CD:A4,-63, WPA ,0.000000,0.000000,0.000,0.000,AP
2026-04-01 13:28:55,1900-01-00 00:00:00,1032-wombat,B8:27:EB:A2:CD:A4,-63, WPA ,0.000000,0.000000,0.000,0.000,AP
2026-04-01 13:28:55,1900-01-00 00:00:00,1032-wombat,B8:27:EB:A2:CD:A4,-63, WPA ,0.000000,0.000000,0.000,0.000,AP
2026-04-01 13:28:55,1900-01-00 00:00:00,1032-wombat,B8:27:EB:A2:CD:A4,-63, WPA ,0.000000,0.000000,0.000,0.000,AP
2026-04-01 13:28:55,1900-01-00 00:00:00,1032-wombat,B8:27:EB:A2:CD:A4,-80, WPA ,0.000000,0.000000,0.000,0.000,AP
2026-04-01 13:28:55,1900-01-00 00:00:00,1032-wombat,B8:27:EB:A2:CD:A4,-80, WPA ,0.000000,0.000000,0.000,0.000,AP
2026-04-01 13:28:55,1900-01-00 00:00:00,1032-wombat,B8:27:EB:A2:CD:A4,-80, WPA ,0.000000,0.000000,0.000,0.000,AP
2026-04-01 13:28:55,1900-01-00 00:00:00,1032-wombat,B8:27:EB:A2:CD:A4,-80, WPA ,0.000000,0.000000,0.000,0.000,AP
2026-04-01 13:28:55,1900-01-00 00:00:00,1032-wombat,B8:27:EB:A2:CD:A4,-80, WPA ,0.000000,0.000000,0.000,0.000,AP
2026-04-01 13:28:55,1900-01-00 00:00:00,1032-wombat,B8:27:EB:A2:CD:A4,-80, WPA ,0.000000,0.000000,0.000,0.000,AP
2026-04-01 13:28:55,1900-01-00 00:00:00,1032-wombat,B8:27:EB:A2:CD:A4,-80, WPA ,0.000000,0.000000,0.000,0.000,AP
2026-04-01 13:28:55,1900-01-00 00:00:00,1032-wombat,B8:27:EB:A2:CD:A4,-80, WPA ,0.000000,0.000000,0.000,0.000,AP
2026-04-01 13:28:55,1900-01-00 00:00:00,1032-wombat,B8:27:EB:A2:CD:A4,-80, WPA ,0.000000,0.000000,0.000,0.000,AP
2026-04-01 13:28:55,1900-01-00 00:00:00,1032-wombat,B8:27:EB:A2:CD:A4,-80, WPA ,0.000000,0.000000,0.000,0.000,AP
2026-04-01 13:28:55,1900-01-00 00:00:00,1032-wombat,B8:27:EB:A2:CD:A4,-80, WPA ,0.000000,0.000000,0.000,0.000,AP
2026-04-01 13:28:55,1900-01-00 00:00:00,1032-wombat,B8:27:EB:A2:CD:A4,-80, WPA ,0.000000,0.000000,0.000,0.000,AP
2026-04-01 13:28:55,1900-01-00 00:00:00,1032-wombat,B8:27:EB:A2:CD:A4,-80, WPA ,0.000000,0.000000,0.000,0.000,AP
2026-04-01 13:28:55,1900-01-00 00:00:00,1032-wombat,B8:27:EB:A2:CD:A4,-80, WPA ,0.000000,0.000000,0.000,0.000,AP
2026-04-01 13:28:55,1900-01-00 00:00:00,1032-wombat,B8:27:EB:A2:CD:A4,-65, WPA ,0.000000,0.000000,0.000,0.000,AP
2026-04-01 13:28:55,1900-01-00 00:00:00,1032-wombat,B8:27:EB:A2:CD:A4,-66, WPA ,0.000000,0.000000,0.000,0.000,AP
2026-04-01 13:28:55,1900-01-00 00:00:00,1032-wombat,B8:27:EB:A2:CD:A4,-79, WPA ,0.000000,0.000000,0.000,0.000,AP
2026-04-01 13:28:55,1900-01-00 00:00:00,1032-wombat,B8:27:EB:A2:CD:A4,-78, WPA ,0.000000,0.000000,0.000,0.000,AP
2026-04-01 13:28:55,1900-01-00 00:00:00,1032-wombat,B8:27:EB:A2:CD:A4,-78, WPA ,0.000000,0.000000,0.000,0.000,AP
2026-04-01 13:28:55,1900-01-00 00:00:00,1032-wombat,B8:27:EB:A2:CD:A4,-78, WPA ,0.000000,0.000000,0.000,0.000,AP
2026-04-01 13:28:55,1900-01-00 00:00:00,1032-wombat,B8:27:EB:A2:CD:A4,-78, WPA ,0.000000,0.000000,0.000,0.000,AP
2026-04-01 13:28:55,1900-01-00 00:00:00,1032-wombat,B8:27:EB:A2:CD:A4,-78, WPA ,0.000000,0.000000,0.000,0.000,AP
2026-04-01 13:28:55,1900-01-00 00:00:00,1032-wombat,B8:27:EB:A2:CD:A4,-78, WPA ,0.000000,0.000000,0.000,0.000,AP
2026-04-01 13:28:55,1900-01-00 00:00:00,1032-wombat,B8:27:EB:A2:CD:A4,-78, WPA ,0.000000,0.000000,0.000,0.000,AP
2026-04-01 13:28:55,1900-01-00 00:00:00,1032-wombat,B8:27:EB:A2:CD:A4,-78, WPA ,0.000000,0.000000,0.000,0.000,AP
2026-04-01 13:28:55,1900-01-00 00:00:00,1032-wombat,B8:27:EB:A2:CD:A4,-78, WPA ,0.000000,0.000000,0.000,0.000,AP
2026-04-01 13:28:55,1900-01-00 00:00:00,1032-wombat,B8:27:EB:A2:CD:A4,-78, WPA ,0.000000,0.000000,0.000,0.000,AP
2026-04-01 13:28:55,1900-01-00 00:00:00,1032-wombat,B8:27:EB:A2:CD:A4,-78, WPA ,0.000000,0.000000,0.000,0.000,AP
2026-04-01 13:28:55,1900-01-00 00:00:00,1032-wombat,B8:27:EB:A2:CD:A4,-78, WPA ,0.000000,0.000000,0.000,0.000,AP
2026-04-01 13:28:55,1900-01-00 00:00:00,1032-wombat,B8:27:EB:A2:CD:A4,-78, WPA ,0.000000,0.000000,0.000,0.000,AP
2026-04-01 13:28:55,1900-01-00 00:00:00,1032-wombat,B8:27:EB:A2:CD:A4,-78, WPA ,0.000000,0.000000,0.000,0.000,AP
2026-04-01 13:28:55,1900-01-00 00:00:00,1032-wombat,B8:27:EB:A2:CD:A4,-78, WPA ,0.000000,0.000000,0.000,0.000,AP
2026-04-01 13:28:55,1900-01-00 00:00:00,1032-wombat,B8:27:EB:A2:CD:A4,-78, WPA ,0.000000,0.000000,0.000,0.000,AP
2026-04-01 13:28:55,1900-01-00 00:00:00,1032-wombat,B8:27:EB:A2:CD:A4,-78, WPA ,0.000000,0.000000,0.000,0.000,AP
2026-04-01 13:28:55,1900-01-00 00:00:00,1032-wombat,B8:27:EB:A2:CD:A4,-78, WPA ,0.000000,0.000000,0.000,0.000,AP
2026-04-01 13:28:55,1900-01-00 00:00:00,1032-wombat,B8:27:EB:A2:CD:A4,-78, WPA ,0.000000,0.000000,0.000,0.000,AP
2026-04-01 13:28:55,1900-01-00 00:00:00,1032-wombat,B8:27:EB:A2:CD:A4,-78, WPA ,0.000000,0.000000,0.000,0.000,AP
2026-04-01 13:28:55,1900-01-00 00:00:00,1032-wombat,B8:27:EB:A2:CD:A4,-78, WPA ,0.000000,0.000000,0.000,0.000,AP
2026-04-01 13:28:55,1900-01-00 00:00:00,1032-wombat,B8:27:EB:A2:CD:A4,-78, WPA ,0.000000,0.000000,0.000,0.000,AP
2026-04-01 13:28:55,1900-01-00 00:00:00,1032-wombat,B8:27:EB:A2:CD:A4,-78, WPA ,0.000000,0.000000,0.000,0.000,AP
2026-04-01 13:28:55,1900-01-00 00:00:00,1032-wombat,B8:27:EB:A2:CD:A4,-78, WPA ,0.000000,0.000000,0.000,0.000,AP
2026-04-01 13:28:55,1900-01-00 00:00:00,1032-wombat,B8:27:EB:A2:CD:A4,-78, WPA ,0.000000,0.000000,0.000,0.000,AP
2026-04-01 13:28:55,1900-01-00 00:00:00,1032-wombat,B8:27:EB:A2:CD:A4,-78, WPA ,0.000000,0.000000,0.000,0.000,AP
2026-04-01 13:28:55,1900-01-00 00:00:00,1032-wombat,B8:27:EB:A2:CD:A4,-78, WPA ,0.000000,0.000000,0.000,0.000,AP
2026-04-01 13:28:55,1900-01-00 00:00:00,1032-wombat,B8:27:EB:A2:CD:A4,-78, WPA ,0.000000,0.000000,0.000,0.000,AP
2026-04-01 13:28:55,1900-01-00 00:00:00,1032-wombat,B8:27:EB:A2:CD:A4,-78, WPA ,0.000000,0.000000,0.000,0.000,AP
2026-04-01 13:28:55,1900-01-00 00:00:00,1032-wombat,B8:27:EB:A2:CD:A4,-78, WPA ,0.000000,0.000000,0.000,0.000,AP
2026-04-01 13:28:55,1900-01-00 00:00:00,1032-wombat,B8:27:EB:A2:CD:A4,-78, WPA ,0.000000,0.000000,0.000,0.000,AP
2026-04-01 13:28:55,1900-01-00 00:00:00,1032-wombat,B8:27:EB:A2:CD:A4,-78, WPA ,0.000000,0.000000,0.000,0.000,AP
2026-04-01 13:28:55,1900-01-00 00:00:00,1032-wombat,B8:27:EB:A2:CD:A4,-78, WPA ,0.000000,0.000000,0.000,0.000,AP
2026-04-01 13:28:55,1900-01-00 00:00:00,1032-wombat,B8:27:EB:A2:CD:A4,-78, WPA ,0.000000,0.000000,0.000,0.000,AP
2026-04-01 13:28:55,1900-01-00 00:00:00,1032-wombat,B8:27:EB:A2:CD:A4,-78, WPA ,0.000000,0.000000,0.000,0.000,AP
2026-04-01 13:28:55,1900-01-00 00:00:00,1032-wombat,B8:27:EB:A2:CD:A4,-78, WPA ,0.000000,0.000000,0.000,0.000,AP
2026-04-01 13:28:55,1900-01-00 00:00:00,1032-wombat,B8:27:EB:A2:CD:A4,-78, WPA ,0.000000,0.000000,0.000,0.000,AP
2026-04-01 13:28:55,1900-01-00 00:00:00,1032-wombat,B8:27:EB:A2:CD:A4,-78, WPA ,0.000000,0.000000,0.000,0.000,AP
2026-04-01 13:28:55,1900-01-00 00:00:00,1032-wombat,B8:27:EB:A2:CD:A4,-78, WPA ,0.000000,0.000000,0.000,0.000,AP
2026-04-01 13:28:55,1900-01-00 00:00:00,1032-wombat,B8:27:EB:A2:CD:A4,-78, WPA ,0.000000,0.000000,0.000,0.000,AP
2026-04-01 13:28:55,1900-01-00 00:00:00,1032-wombat,B8:27:EB:A2:CD:A4,-78, WPA ,0.000000,0.000000,0.000,0.000,AP
2026-04-01 13:28:55,1900-01-00 00:00:00,1032-wombat,B8:27:EB:A2:CD:A4,-78, WPA ,0.000000,0.000000,0.000,0.000,AP
2026-04-01 13:28:55,1900-01-00 00:00:00,1032-wombat,B8:27:EB:A2:CD:A4,-78, WPA ,0.000000,0.000000,0.000,0.000,AP
2026-04-01 13:28:55,1900-01-00 00:00:00,1032-wombat,B8:27:EB:A2:CD:A4,-78, WPA ,0.000000,0.000000,0.000,0.000,AP
2026-04-01 13:28:55,1900-01-00 00:00:00,1032-wombat,B8:27:EB:A2:CD:A4,-78, WPA ,0.000000,0.000000,0.000,0.000,AP
2026-04-01 13:28:55,1900-01-00 00:00:00,1032-wombat,B8:27:EB:A2:CD:A4,-78, WPA ,0.000000,0.000000,0.000,0.000,AP
2026-04-01 13:28:55,1900-01-00 00:00:00,1032-wombat,B8:27:EB:A2:CD:A4,-78, WPA ,0.000000,0.000000,0.000,0.000,AP
2026-04-01 13:28:55,1900-01-00 00:00:00,1032-wombat,B8:27:EB:A2:CD:A4,-78, WPA ,0.000000,0.000000,0.000,0.000,AP
2026-04-01 13:28:55,1900-01-00 00:00:00,1032-wombat,B8:27:EB:A2:CD:A4,-78, WPA ,0.000000,0.000000,0.000,0.000,AP
2026-04-01 13:28:55,1900-01-00 00:00:00,1032-wombat,B8:27:EB:A2:CD:A4,-78, WPA ,0.000000,0.000000,0.000,0.000,AP
2026-04-01 13:28:55,1900-01-00 00:00:00,1032-wombat,B8:27:EB:A2:CD:A4,-78, WPA ,0.000000,0.000000,0.000,0.000,AP
2026-04-01 13:28:55,1900-01-00 00:00:00,1032-wombat,B8:27:EB:A2:CD:A4,-78, WPA ,0.000000,0.000000,0.000,0.000,AP
2026-04-01 13:28:55,1900-01-00 00:00:00,1032-wombat,B8:27:EB:A2:CD:A4,-78, WPA ,0.000000,0.000000,0.000,0.000,AP
2026-04-01 13:28:55,1900-01-00 00:00:00,1032-wombat,B8:27:EB:A2:CD:A4,-78, WPA ,0.000000,0.000000,0.000,0.000,AP
2026-04-01 13:28:55,1900-01-00 00:00:00,1032-wombat,B8:27:EB:A2:CD:A4,-78, WPA ,0.000000,0.000000,0.000,0.000,AP
2026-04-01 13:28:55,1900-01-00 00:00:00,1032-wombat,B8:27:EB:A2:CD:A4,-78, WPA ,0.000000,0.000000,0.000,0.000,AP
2026-04-01 13:28:55,1900-01-00 00:00:00,1032-wombat,B8:27:EB:A2:CD:A4,-78, WPA ,0.000000,0.000000,0.000,0.000,AP
2026-04-01 13:28:55,1900-01-00 00:00:00,1032-wombat,B8:27:EB:A2:CD:A4,-78, WPA ,0.000000,0.000000,0.000,0.000,AP
2026-04-01 13:28:55,1900-01-00 00:00:00,1032-wombat,B8:27:EB:A2:CD:A4,-78, WPA ,0.000000,0.000000,0.000,0.000,AP
2026-04-01 13:28:55,1900-01-00 00:00:00,1032-wombat,B8:27:EB:A2:CD:A4,-78, WPA ,0.000000,0.000000,0.000,0.000,AP
2026-04-01 13:28:55,1900-01-00 00:00:00,1032-wombat,B8:27:EB:A2:CD:A4,-78, WPA ,0.000000,0.000000,0.000,0.000,AP
2026-04-01 13:28:55,1900-01-00 00:00:00,1032-wombat,B8:27:EB:A2:CD:A4,-78, WPA ,0.000000,0.000000,0.000,0.000,AP
2026-04-01 13:28:55,1900-01-00 00:00:00,1032-wombat,B8:27:EB:A2:CD:A4,-78, WPA ,0.000000,0.000000,0.000,0.000,AP
2026-04-01 13:28:55,1900-01-00 00:00:00,1032-wombat,B8:27:EB:A2:CD:A4,-78, WPA ,0.000000,0.000000,0.000,0.000,AP
2026-04-01 13:28:55,1900-01-00 00:00:00,1032-wombat,B8:27:EB:A2:CD:A4,-78, WPA ,0.000000,0.000000,0.000,0.000,AP
2026-04-01 13:28:55,1900-01-00 00:00:00,1032-wombat,B8:27:EB:A2:CD:A4,-78, WPA ,0.000000,0.000000,0.000,0.000,AP
2026-04-01 13:28:55,1900-01-00 00:00:00,1032-wombat,B8:27:EB:A2:CD:A4,-78, WPA ,0.000000,0.000000,0.000,0.000,AP
2026-04-01 13:28:55,1900-01-00 00:00:00,1032-wombat,B8:27:EB:A2:CD:A4,-78, WPA ,0.000000,0.000000,0.000,0.000,AP
2026-04-01 13:28:55,1900-01-00 00:00:00,1032-wombat,B8:27:EB:A2:CD:A4,-78, WPA ,0.000000,0.000000,0.000,0.000,AP
2026-04-01 13:28:55,1900-01-00 00:00:00,1032-wombat,B8:27:EB:A2:CD:A4,-78, WPA ,0.000000,0.000000,0.000,0.000,AP
2026-04-01 13:28:55,1900-01-00 00:00:00,1032-wombat,B8:27:EB:A2:CD:A4,-78, WPA ,0.000000,0.000000,0.000,0.000,AP
2026-04-01 13:28:55,1900-01-00 00:00:00,1032-wombat,B8:27:EB:A2:CD:A4,-78, WPA ,0.000000,0.000000,0.000,0.000,AP
2026-04-01 13:28:55,1900-01-00 00:00:00,1032-wombat,B8:27:EB:A2:CD:A4,-78, WPA ,0.000000,0.000000,0.000,0.000,AP
2026-04-01 13:28:55,1900-01-00 00:00:00,1032-wombat,B8:27:EB:A2:CD:A4,-78, WPA ,0.000000,0.000000,0.000,0.000,AP
2026-04-01 13:28:55,1900-01-00 00:00:00,1032-wombat,B8:27:EB:A2:CD:A4,-78, WPA ,0.000000,0.000000,0.000,0.000,AP
2026-04-01 13:28:55,1900-01-00 00:00:00,1032-wombat,B8:27:EB:A2:CD:A4,-78, WPA ,0.000000,0.000000,0.000,0.000,AP
2026-04-01 13:28:55,1900-01-00 00:00:00,1032-wombat,B8:27:EB:A2:CD:A4,-78, WPA ,0.000000,0.000000,0.000,0.000,AP
2026-04-01 13:28:55,1900-01-00 00:00:00,1032-wombat,B8:27:EB:A2:CD:A4,-78, WPA ,0.000000,0.000000,0.000,0.000,AP
2026-04-01 13:28:55,1900-01-00 00:00:00,1032-wombat,B8:27:EB:A2:CD:A4,-78, WPA ,0.000000,0.000000,0.000,0.000,AP
2026-04-01 13:28:55,1900-01-00 00:00:00,1032-wombat,B8:27:EB:A2:CD:A4,-78, WPA ,0.000000,0.000000,0.000,0.000,AP
2026-04-01 13:28:55,1900-01-00 00:00:00,1032-wombat,B8:27:EB:A2:CD:A4,-78, WPA ,0.000000,0.000000,0.000,0.000,AP
2026-04-01 13:28:55,1900-01-00 00:00:00,1032-wombat,B8:27:EB:A2:CD:A4,-78, WPA ,0.000000,0.000000,0.000,0.000,AP
2026-04-01 13:28:55,1900-01-00 00:00:00,1032-wombat,B8:27:EB:A2:CD:A4,-78, WPA ,0.000000,0.000000,0.000,0.000,AP
2026-04-01 13:28:55,1900-01-00 00:00:00,1032-wombat,B8:27:EB:A2:CD:A4,-78, WPA ,0.000000,0.000000,0.000,0.000,AP
2026-04-01 13:28:55,1900-01-00 00:00:00,1032-wombat,B8:27:EB:A2:CD:A4,-78, WPA ,0.000000,0.000000,0.000,0.000,AP
2026-04-01 13:28:55,1900-01-00 00:00:00,1032-wombat,B8:27:EB:A2:CD:A4,-78, WPA ,0.000000,0.000000,0.000,0.000,AP
2026-04-01 13:28:55,1900-01-00 00:00:00,1032-wombat,B8:27:EB:A2:CD:A4,-78, WPA ,0.000000,0.000000,0.000,0.000,AP
2026-04-01 13:28:55,1900-01-00 00:00:00,1032-wombat,B8:27:EB:A2:CD:A4,-78, WPA ,0.000000,0.000000,0.000,0.000,AP
2026-04-01 13:28:55,1900-01-00 00:00:00,1032-wombat,B8:27:EB:A2:CD:A4,-78, WPA ,0.000000,0.000000,0.000,0.000,AP
2026-04-01 13:28:55,1900-01-00 00:00:00,1032-wombat,B8:27:EB:A2:CD:A4,-78, WPA ,0.000000,0.000000,0.000,0.000,AP
2026-04-01 13:28:55,1900-01-00 00:00:00,1032-wombat,B8:27:EB:A2:CD:A4,-78, WPA ,0.000000,0.000000,0.000,0.000,AP
2026-04-01 13:28:55,1900-01-00 00:00:00,1032-wombat,B8:27:EB:A2:CD:A4,-78, WPA ,0.000000,0.000000,0.000,0.000,AP
2026-04-01 13:28:55,1900-01-00 00:00:00,1032-wombat,B8:27:EB:A2:CD:A4,-78, WPA ,0.000000,0.000000,0.000,0.000,AP
2026-04-01 13:28:55,1900-01-00 00:00:00,1032-wombat,B8:27:EB:A2:CD:A4,-78, WPA ,0.000000,0.000000,0.000,0.000,AP
2026-04-01 13:28:55,1900-01-00 00:00:00,1032-wombat,B8:27:EB:A2:CD:A4,-78, WPA ,0.000000,0.000000,0.000,0.000,AP
2026-04-01 13:28:55,1900-01-00 00:00:00,1032-wombat,B8:27:EB:A2:CD:A4,-63, WPA ,0.000000,0.000000,0.000,0.000,AP
2026-04-01 13:28:55,1900-01-00 00:00:00,1032-wombat,B8:27:EB:A2:CD:A4,-63, WPA ,0.000000,0.000000,0.000,0.000,AP
2026-04-01 13:28:55,1900-01-00 00:00:00,1032-wombat,B8:27:EB:A2:CD:A4,-78, WPA ,0.000000,0.000000,0.000,0.000,AP
2026-04-01 13:28:55,1900-01-00 00:00:00,1032-wombat,B8:27:EB:A2:CD:A4,-78, WPA ,0.000000,0.000000,0.000,0.000,AP
2026-04-01 13:28:55,1900-01-00 00:00:00,1032-wombat,B8:27:EB:A2:CD:A4,-78, WPA ,0.000000,0.000000,0.000,0.000,AP
2026-04-01 13:28:55,1900-01-00 00:00:00,1032-wombat,B8:27:EB:A2:CD:A4,-78, WPA ,0.000000,0.000000,0.000,0.000,AP
2026-04-01 13:28:55,1900-01-00 00:00:00,1032-wombat,B8:27:EB:A2:CD:A4,-78, WPA ,0.000000,0.000000,0.000,0.000,AP
2026-04-01 13:28:55,1900-01-00 00:00:00,1032-wombat,B8:27:EB:A2:CD:A4,-78, WPA ,0.000000,0.000000,0.000,0.000,AP
2026-04-01 13:28:55,1900-01-00 00:00:00,1032-wombat,B8:27:EB:A2:CD:A4,-78, WPA ,0.000000,0.000000,0.000,0.000,AP
2026-04-01 13:28:55,1900-01-00 00:00:00,1032-wombat,B8:27:EB:A2:CD:A4,-78, WPA ,0.000000,0.000000,0.000,0.000,AP
2026-04-01 13:28:55,1900-01-00 00:00:00,1032-wombat,B8:27:EB:A2:CD:A4,-78, WPA ,0.000000,0.000000,0.000,0.000,AP
2026-04-01 13:28:55,1900-01-00 00:00:00,1032-wombat,B8:27:EB:A2:CD:A4,-78, WPA ,0.000000,0.000000,0.000,0.000,AP
2026-04-01 13:28:56,1900-01-00 00:00:00,1032-wombat,B8:27:EB:A2:CD:A4,-78, WPA ,0.000000,0.000000,0.000,0.000,AP
2026-04-01 13:28:56,1900-01-00 00:00:00,1032-wombat,B8:27:EB:A2:CD:A4,-78, WPA ,0.000000,0.000000,0.000,0.000,AP
2026-04-01 13:28:56,1900-01-00 00:00:00,1032-wombat,B8:27:EB:A2:CD:A4,-78, WPA ,0.000000,0.000000,0.000,0.000,AP
2026-04-01 13:28:56,1900-01-00 00:00:00,1032-wombat,B8:27:EB:A2:CD:A4,-78, WPA ,0.000000,0.000000,0.000,0.000,AP
2026-04-01 13:28:56,1900-01-00 00:00:00,1032-wombat,B8:27:EB:A2:CD:A4,-78, WPA ,0.000000,0.000000,0.000,0.000,AP
2026-04-01 13:28:56,1900-01-00 00:00:00,1032-wombat,B8:27:EB:A2:CD:A4,-78, WPA ,0.000000,0.000000,0.000,0.000,AP
2026-04-01 13:28:56,1900-01-00 00:00:00,1032-wombat,B8:27:EB:A2:CD:A4,-78, WPA ,0.000000,0.000000,0.000,0.000,AP
2026-04-01 13:28:56,1900-01-00 00:00:00,1032-wombat,B8:27:EB:A2:CD:A4,-78, WPA ,0.000000,0.000000,0.000,0.000,AP
2026-04-01 13:28:56,1900-01-00 00:00:00,1032-wombat,B8:27:EB:A2:CD:A4,-78, WPA ,0.000000,0.000000,0.000,0.000,AP
2026-04-01 13:28:56,1900-01-00 00:00:00,1032-wombat,B8:27:EB:A2:CD:A4,-78, WPA ,0.000000,0.000000,0.000,0.000,AP
2026-04-01 13:28:56,1900-01-00 00:00:00,1032-wombat,B8:27:EB:A2:CD:A4,-78, WPA ,0.000000,0.000000,0.000,0.000,AP
2026-04-01 13:28:56,1900-01-00 00:00:00,1032-wombat,B8:27:EB:A2:CD:A4,-78, WPA ,0.000000,0.000000,0.000,0.000,AP
2026-04-01 13:28:56,1900-01-00 00:00:00,1032-wombat,B8:27:EB:A2:CD:A4,-78, WPA ,0.000000,0.000000,0.000,0.000,AP
2026-04-01 13:28:56,1900-01-00 00:00:00,1032-wombat,B8:27:EB:A2:CD:A4,-78, WPA ,0.000000,0.000000,0.000,0.000,AP
2026-04-01 13:28:56,1900-01-00 00:00:00,1032-wombat,B8:27:EB:A2:CD:A4,-78, WPA ,0.000000,0.000000,0.000,0.000,AP
2026-04-01 13:28:56,1900-01-00 00:00:00,1032-wombat,B8:27:EB:A2:CD:A4,-78, WPA ,0.000000,0.000000,0.000,0.000,AP
2026-04-01 13:28:56,1900-01-00 00:00:00,1032-wombat,B8:27:EB:A2:CD:A4,-78, WPA ,0.000000,0.000000,0.000,0.000,AP
2026-04-01 13:28:56,1900-01-00 00:00:00,1032-wombat,B8:27:EB:A2:CD:A4,-78, WPA ,0.000000,0.000000,0.000,0.000,AP
2026-04-01 13:28:56,1900-01-00 00:00:00,1032-wombat,B8:27:EB:A2:CD:A4,-78, WPA ,0.000000,0.000000,0.000,0.000,AP
2026-04-01 13:28:56,1900-01-00 00:00:00,1032-wombat,B8:27:EB:A2:CD:A4,-78, WPA ,0.000000,0.000000,0.000,0.000,AP
2026-04-01 13:28:56,1900-01-00 00:00:00,1032-wombat,B8:27:EB:A2:CD:A4,-78, WPA ,0.000000,0.000000,0.000,0.000,AP
2026-04-01 13:28:56,1900-01-00 00:00:00,1032-wombat,B8:27:EB:A2:CD:A4,-78, WPA ,0.000000,0.000000,0.000,0.000,AP
2026-04-01 13:28:56,1900-01-00 00:00:00,1032-wombat,B8:27:EB:A2:CD:A4,-78, WPA ,0.000000,0.000000,0.000,0.000,AP
2026-04-01 13:28:56,1900-01-00 00:00:00,1032-wombat,B8:27:EB:A2:CD:A4,-78, WPA ,0.000000,0.000000,0.000,0.000,AP
2026-04-01 13:28:56,1900-01-00 00:00:00,1032-wombat,B8:27:EB:A2:CD:A4,-78, WPA ,0.000000,0.000000,0.000,0.000,AP
2026-04-01 13:28:56,1900-01-00 00:00:00,1032-wombat,B8:27:EB:A2:CD:A4,-85, WPA ,0.000000,0.000000,0.000,0.000,AP
2026-04-01 13:28:56,1900-01-00 00:00:00,1032-wombat,B8:27:EB:A2:CD:A4,-85, WPA ,0.000000,0.000000,0.000,0.000,AP
2026-04-01 13:28:56,1900-01-00 00:00:00,1032-wombat,B8:27:EB:A2:CD:A4,-85, WPA ,0.000000,0.000000,0.000,0.000,AP
2026-04-01 13:28:56,1900-01-00 00:00:00,1032-wombat,B8:27:EB:A2:CD:A4,-85, WPA ,0.000000,0.000000,0.000,0.000,AP
2026-04-01 13:28:56,1900-01-00 00:00:00,1032-wombat,B8:27:EB:A2:CD:A4,-85, WPA ,0.000000,0.000000,0.000,0.000,AP
2026-04-01 13:28:56,1900-01-00 00:00:00,1032-wombat,B8:27:EB:A2:CD:A4,-85, WPA ,0.000000,0.000000,0.000,0.000,AP
2026-04-01 13:28:56,1900-01-00 00:00:00,1032-wombat,B8:27:EB:A2:CD:A4,-85, WPA ,0.000000,0.000000,0.000,0.000,AP
2026-04-01 13:28:56,1900-01-00 00:00:00,1032-wombat,B8:27:EB:A2:CD:A4,-85, WPA ,0.000000,0.000000,0.000,0.000,AP
2026-04-01 13:28:56,1900-01-00 00:00:00,1032-wombat,B8:27:EB:A2:CD:A4,-85, WPA ,0.000000,0.000000,0.000,0.000,AP
2026-04-01 13:28:56,1900-01-00 00:00:00,1032-wombat,B8:27:EB:A2:CD:A4,-85, WPA ,0.000000,0.000000,0.000,0.000,AP
2026-04-01 13:28:56,1900-01-00 00:00:00,1032-wombat,B8:27:EB:A2:CD:A4,-85, WPA ,0.000000,0.000000,0.000,0.000,AP
2026-04-01 13:28:56,1900-01-00 00:00:00,1032-wombat,B8:27:EB:A2:CD:A4,-85, WPA ,0.000000,0.000000,0.000,0.000,AP
2026-04-01 13:28:56,1900-01-00 00:00:00,1032-wombat,B8:27:EB:A2:CD:A4,-85, WPA ,0.000000,0.000000,0.000,0.000,AP
2026-04-01 13:28:56,1900-01-00 00:00:00,1032-wombat,B8:27:EB:A2:CD:A4,-85, WPA ,0.000000,0.000000,0.000,0.000,AP
2026-04-01 13:28:56,1900-01-00 00:00:00,1032-wombat,B8:27:EB:A2:CD:A4,-85, WPA ,0.000000,0.000000,0.000,0.000,AP
2026-04-01 13:28:56,1900-01-00 00:00:00,1032-wombat,B8:27:EB:A2:CD:A4,-85, WPA ,0.000000,0.000000,0.000,0.000,AP
2026-04-01 13:28:56,1900-01-00 00:00:00,1032-wombat,B8:27:EB:A2:CD:A4,-85, WPA ,0.000000,0.000000,0.000,0.000,AP
2026-04-01 13:28:56,1900-01-00 00:00:00,1032-wombat,B8:27:EB:A2:CD:A4,-85, WPA ,0.000000,0.000000,0.000,0.000,AP
2026-04-01 13:28:56,1900-01-00 00:00:00,1032-wombat,B8:27:EB:A2:CD:A4,-85, WPA ,0.000000,0.000000,0.000,0.000,AP
2026-04-01 13:28:56,1900-01-00 00:00:00,1032-wombat,B8:27:EB:A2:CD:A4,-85, WPA ,0.000000,0.000000,0.000,0.000,AP
2026-04-01 13:28:56,1900-01-00 00:00:00,1032-wombat,B8:27:EB:A2:CD:A4,-85, WPA ,0.000000,0.000000,0.000,0.000,AP
2026-04-01 13:28:56,1900-01-00 00:00:00,1032-wombat,B8:27:EB:A2:CD:A4,-85, WPA ,0.000000,0.000000,0.000,0.000,AP
2026-04-01 13:28:56,1900-01-00 00:00:00,1032-wombat,B8:27:EB:A2:CD:A4,-85, WPA ,0.000000,0.000000,0.000,0.000,AP
2026-04-01 13:28:56,1900-01-00 00:00:00,1032-wombat,B8:27:EB:A2:CD:A4,-64, WPA ,0.000000,0.000000,0.000,0.000,AP
2026-04-01 13:28:56,1900-01-00 00:00:00,1032-wombat,B8:27:EB:A2:CD:A4,-79, WPA ,0.000000,0.000000,0.000,0.000,AP
2026-04-01 13:28:56,1900-01-00 00:00:00,1032-wombat,B8:27:EB:A2:CD:A4,-79, WPA ,0.000000,0.000000,0.000,0.000,AP
2026-04-01 13:28:56,1900-01-00 00:00:00,1032-wombat,B8:27:EB:A2:CD:A4,-79, WPA ,0.000000,0.000000,0.000,0.000,AP
2026-04-01 13:28:56,1900-01-00 00:00:00,1032-wombat,B8:27:EB:A2:CD:A4,-79, WPA ,0.000000,0.000000,0.000,0.000,AP
2026-04-01 13:28:56,1900-01-00 00:00:00,1032-wombat,B8:27:EB:A2:CD:A4,-79, WPA ,0.000000,0.000000,0.000,0.000,AP
2026-04-01 13:28:56,1900-01-00 00:00:00,1032-wombat,B8:27:EB:A2:CD:A4,-79, WPA ,0.000000,0.000000,0.000,0.000,AP
2026-04-01 13:28:56,1900-01-00 00:00:00,1032-wombat,B8:27:EB:A2:CD:A4,-79, WPA ,0.000000,0.000000,0.000,0.000,AP
2026-04-01 13:28:56,1900-01-00 00:00:00,1032-wombat,B8:27:EB:A2:CD:A4,-79, WPA ,0.000000,0.000000,0.000,0.000,AP
2026-04-01 13:28:56,1900-01-00 00:00:00,1032-wombat,B8:27:EB:A2:CD:A4,-79, WPA ,0.000000,0.000000,0.000,0.000,AP
2026-04-01 13:28:56,1900-01-00 00:00:00,1032-wombat,B8:27:EB:A2:CD:A4,-79, WPA ,0.000000,0.000000,0.000,0.000,AP
2026-04-01 13:28:56,1900-01-00 00:00:00,1032-wombat,B8:27:EB:A2:CD:A4,-79, WPA ,0.000000,0.000000,0.000,0.000,AP
2026-04-01 13:28:56,1900-01-00 00:00:00,1032-wombat,B8:27:EB:A2:CD:A4,-79, WPA ,0.000000,0.000000,0.000,0.000,AP
2026-04-01 13:28:56,1900-01-00 00:00:00,1032-wombat,B8:27:EB:A2:CD:A4,-79, WPA ,0.000000,0.000000,0.000,0.000,AP
2026-04-01 13:28:56,1900-01-00 00:00:00,1032-wombat,B8:27:EB:A2:CD:A4,-79, WPA ,0.000000,0.000000,0.000,0.000,AP
2026-04-01 13:28:56,1900-01-00 00:00:00,1032-wombat,B8:27:EB:A2:CD:A4,-79, WPA ,0.000000,0.000000,0.000,0.000,AP
2026-04-01 13:28:56,1900-01-00 00:00:00,1032-wombat,B8:27:EB:A2:CD:A4,-79, WPA ,0.000000,0.000000,0.000,0.000,AP
2026-04-01 13:28:56,1900-01-00 00:00:00,1032-wombat,B8:27:EB:A2:CD:A4,-79, WPA ,0.000000,0.000000,0.000,0.000,AP
2026-04-01 13:28:56,1900-01-00 00:00:00,1032-wombat,B8:27:EB:A2:CD:A4,-79, WPA ,0.000000,0.000000,0.000,0.000,AP
2026-04-01 13:28:56,1900-01-00 00:00:00,1032-wombat,B8:27:EB:A2:CD:A4,-79, WPA ,0.000000,0.000000,0.000,0.000,AP
2026-04-01 13:28:56,1900-01-00 00:00:00,1032-wombat,B8:27:EB:A2:CD:A4,-79, WPA ,0.000000,0.000000,0.000,0.000,AP
2026-04-01 13:28:56,1900-01-00 00:00:00,1032-wombat,B8:27:EB:A2:CD:A4,-79, WPA ,0.000000,0.000000,0.000,0.000,AP
2026-04-01 13:28:56,1900-01-00 00:00:00,1032-wombat,B8:27:EB:A2:CD:A4,-79, WPA ,0.000000,0.000000,0.000,0.000,AP
2026-04-01 13:28:56,1900-01-00 00:00:00,1032-wombat,B8:27:EB:A2:CD:A4,-79, WPA ,0.000000,0.000000,0.000,0.000,AP
2026-04-01 13:28:56,1900-01-00 00:00:00,1032-wombat,B8:27:EB:A2:CD:A4,-79, WPA ,0.000000,0.000000,0.000,0.000,AP
2026-04-01 13:28:56,1900-01-00 00:00:00,1032-wombat,B8:27:EB:A2:CD:A4,-79, WPA ,0.000000,0.000000,0.000,0.000,AP
2026-04-01 13:28:56,1900-01-00 00:00:00,1032-wombat,B8:27:EB:A2:CD:A4,-79, WPA ,0.000000,0.000000,0.000,0.000,AP
2026-04-01 13:28:56,1900-01-00 00:00:00,1032-wombat,B8:27:EB:A2:CD:A4,-79, WPA ,0.000000,0.000000,0.000,0.000,AP
2026-04-01 13:28:56,1900-01-00 00:00:00,1032-wombat,B8:27:EB:A2:CD:A4,-79, WPA ,0.000000,0.000000,0.000,0.000,AP
2026-04-01 13:28:56,1900-01-00 00:00:00,1032-wombat,B8:27:EB:A2:CD:A4,-79, WPA ,0.000000,0.000000,0.000,0.000,AP
2026-04-01 13:28:56,1900-01-00 00:00:00,1032-wombat,B8:27:EB:A2:CD:A4,-79, WPA ,0.000000,0.000000,0.000,0.000,AP
2026-04-01 13:28:56,1900-01-00 00:00:00,1032-wombat,B8:27:EB:A2:CD:A4,-79, WPA ,0.000000,0.000000,0.000,0.000,AP
2026-04-01 13:28:56,1900-01-00 00:00:00,1032-wombat,B8:27:EB:A2:CD:A4,-79, WPA ,0.000000,0.000000,0.000,0.000,AP
2026-04-01 13:28:56,1900-01-00 00:00:00,1032-wombat,B8:27:EB:A2:CD:A4,-79, WPA ,0.000000,0.000000,0.000,0.000,AP
2026-04-01 13:28:56,1900-01-00 00:00:00,1032-wombat,B8:27:EB:A2:CD:A4,-79, WPA ,0.000000,0.000000,0.000,0.000,AP
2026-04-01 13:28:56,1900-01-00 00:00:00,1032-wombat,B8:27:EB:A2:CD:A4,-79, WPA ,0.000000,0.000000,0.000,0.000,AP
2026-04-01 13:28:56,1900-01-00 00:00:00,1032-wombat,B8:27:EB:A2:CD:A4,-62, WPA ,0.000000,0.000000,0.000,0.000,AP
2026-04-01 13:28:56,1900-01-00 00:00:00,1032-wombat,B8:27:EB:A2:CD:A4,-62, WPA ,0.000000,0.000000,0.000,0.000,AP
2026-04-01 13:28:56,1900-01-00 00:00:00,1032-wombat,B8:27:EB:A2:CD:A4,-79, WPA ,0.000000,0.000000,0.000,0.000,AP
2026-04-01 13:28:56,1900-01-00 00:00:00,1032-wombat,B8:27:EB:A2:CD:A4,-79, WPA ,0.000000,0.000000,0.000,0.000,AP
2026-04-01 13:28:56,1900-01-00 00:00:00,1032-wombat,B8:27:EB:A2:CD:A4,-79, WPA ,0.000000,0.000000,0.000,0.000,AP
2026-04-01 13:28:56,1900-01-00 00:00:00,1032-wombat,B8:27:EB:A2:CD:A4,-79, WPA ,0.000000,0.000000,0.000,0.000,AP
2026-04-01 13:28:56,1900-01-00 00:00:00,1032-wombat,B8:27:EB:A2:CD:A4,-79, WPA ,0.000000,0.000000,0.000,0.000,AP
2026-04-01 13:28:56,1900-01-00 00:00:00,1032-wombat,B8:27:EB:A2:CD:A4,-79, WPA ,0.000000,0.000000,0.000,0.000,AP
2026-04-01 13:28:56,1900-01-00 00:00:00,1032-wombat,B8:27:EB:A2:CD:A4,-79, WPA ,0.000000,0.000000,0.000,0.000,AP
2026-04-01 13:28:56,1900-01-00 00:00:00,1032-wombat,B8:27:EB:A2:CD:A4,-79, WPA ,0.000000,0.000000,0.000,0.000,AP
2026-04-01 13:28:56,1900-01-00 00:00:00,1032-wombat,B8:27:EB:A2:CD:A4,-79, WPA ,0.000000,0.000000,0.000,0.000,AP
2026-04-01 13:28:56,1900-01-00 00:00:00,1032-wombat,B8:27:EB:A2:CD:A4,-79, WPA ,0.000000,0.000000,0.000,0.000,AP
2026-04-01 13:28:56,1900-01-00 00:00:00,1032-wombat,B8:27:EB:A2:CD:A4,-79, WPA ,0.000000,0.000000,0.000,0.000,AP
2026-04-01 13:28:56,1900-01-00 00:00:00,1032-wombat,B8:27:EB:A2:CD:A4,-62, WPA ,0.000000,0.000000,0.000,0.000,AP
2026-04-01 13:28:56,1900-01-00 00:00:00,1032-wombat,B8:27:EB:A2:CD:A4,-62, WPA ,0.000000,0.000000,0.000,0.000,AP
2026-04-01 13:28:56,1900-01-00 00:00:00,1032-wombat,B8:27:EB:A2:CD:A4,-62, WPA ,0.000000,0.000000,0.000,0.000,AP
2026-04-01 13:28:56,1900-01-00 00:00:00,1032-wombat,B8:27:EB:A2:CD:A4,-62, WPA ,0.000000,0.000000,0.000,0.000,AP
2026-04-01 13:28:56,1900-01-00 00:00:00,1032-wombat,B8:27:EB:A2:CD:A4,-62, WPA ,0.000000,0.000000,0.000,0.000,AP
2026-04-01 13:28:56,1900-01-00 00:00:00,1032-wombat,B8:27:EB:A2:CD:A4,-62, WPA ,0.000000,0.000000,0.000,0.000,AP
2026-04-01 13:28:56,1900-01-00 00:00:00,1032-wombat,B8:27:EB:A2:CD:A4,-56, WPA ,0.000000,0.000000,0.000,0.000,AP
2026-04-01 13:28:56,1900-01-00 00:00:00,1032-wombat,B8:27:EB:A2:CD:A4,-80, WPA ,0.000000,0.000000,0.000,0.000,AP
2026-04-01 13:28:56,1900-01-00 00:00:00,1032-wombat,B8:27:EB:A2:CD:A4,-80, WPA ,0.000000,0.000000,0.000,0.000,AP
2026-04-01 13:28:56,1900-01-00 00:00:00,1032-wombat,B8:27:EB:A2:CD:A4,-80, WPA ,0.000000,0.000000,0.000,0.000,AP
2026-04-01 13:28:56,1900-01-00 00:00:00,1032-wombat,B8:27:EB:A2:CD:A4,-80, WPA ,0.000000,0.000000,0.000,0.000,AP
2026-04-01 13:28:56,1900-01-00 00:00:00,1032-wombat,B8:27:EB:A2:CD:A4,-80, WPA ,0.000000,0.000000,0.000,0.000,AP
2026-04-01 13:28:56,1900-01-00 00:00:00,1032-wombat,B8:27:EB:A2:CD:A4,-80, WPA ,0.000000,0.000000,0.000,0.000,AP
2026-04-01 13:28:56,1900-01-00 00:00:00,1032-wombat,B8:27:EB:A2:CD:A4,-80, WPA ,0.000000,0.000000,0.000,0.000,AP
2026-04-01 13:28:56,1900-01-00 00:00:00,1032-wombat,B8:27:EB:A2:CD:A4,-80, WPA ,0.000000,0.000000,0.000,0.000,AP
2026-04-01 13:28:56,1900-01-00 00:00:00,1032-wombat,B8:27:EB:A2:CD:A4,-80, WPA ,0.000000,0.000000,0.000,0.000,AP
2026-04-01 13:28:56,1900-01-00 00:00:00,1032-wombat,B8:27:EB:A2:CD:A4,-80, WPA ,0.000000,0.000000,0.000,0.000,AP
2026-04-01 13:28:56,1900-01-00 00:00:00,1032-wombat,B8:27:EB:A2:CD:A4,-80, WPA ,0.000000,0.000000,0.000,0.000,AP
2026-04-01 13:28:56,1900-01-00 00:00:00,1032-wombat,B8:27:EB:A2:CD:A4,-80, WPA ,0.000000,0.000000,0.000,0.000,AP
2026-04-01 13:28:56,1900-01-00 00:00:00,1032-wombat,B8:27:EB:A2:CD:A4,-80, WPA ,0.000000,0.000000,0.000,0.000,AP
2026-04-01 13:28:56,1900-01-00 00:00:00,1032-wombat,B8:27:EB:A2:CD:A4,-80, WPA ,0.000000,0.000000,0.000,0.000,AP
2026-04-01 13:28:56,1900-01-00 00:00:00,1032-wombat,B8:27:EB:A2:CD:A4,-80, WPA ,0.000000,0.000000,0.000,0.000,AP
2026-04-01 13:28:56,1900-01-00 00:00:00,1032-wombat,B8:27:EB:A2:CD:A4,-80, WPA ,0.000000,0.000000,0.000,0.000,AP
2026-04-01 13:28:56,1900-01-00 00:00:00,1032-wombat,B8:27:EB:A2:CD:A4,-80, WPA ,0.000000,0.000000,0.000,0.000,AP
2026-04-01 13:28:56,1900-01-00 00:00:00,1032-wombat,B8:27:EB:A2:CD:A4,-80, WPA ,0.000000,0.000000,0.000,0.000,AP
2026-04-01 13:28:56,1900-01-00 00:00:00,1032-wombat,B8:27:EB:A2:CD:A4,-84, WPA ,0.000000,0.000000,0.000,0.000,AP
2026-04-01 13:28:56,1900-01-00 00:00:00,1032-wombat,B8:27:EB:A2:CD:A4,-84, WPA ,0.000000,0.000000,0.000,0.000,AP
2026-04-01 13:28:56,1900-01-00 00:00:00,1032-wombat,B8:27:EB:A2:CD:A4,-84, WPA ,0.000000,0.000000,0.000,0.000,AP
2026-04-01 13:28:56,1900-01-00 00:00:00,1032-wombat,B8:27:EB:A2:CD:A4,-84, WPA ,0.000000,0.000000,0.000,0.000,AP
2026-04-01 13:28:56,1900-01-00 00:00:00,1032-wombat,B8:27:EB:A2:CD:A4,-84, WPA ,0.000000,0.000000,0.000,0.000,AP
2026-04-01 13:28:56,1900-01-00 00:00:00,1032-wombat,B8:27:EB:A2:CD:A4,-84, WPA ,0.000000,0.000000,0.000,0.000,AP
2026-04-01 13:28:56,1900-01-00 00:00:00,1032-wombat,B8:27:EB:A2:CD:A4,-84, WPA ,0.000000,0.000000,0.000,0.000,AP
2026-04-01 13:28:56,1900-01-00 00:00:00,1032-wombat,B8:27:EB:A2:CD:A4,-84, WPA ,0.000000,0.000000,0.000,0.000,AP
2026-04-01 13:28:56,1900-01-00 00:00:00,1032-wombat,B8:27:EB:A2:CD:A4,-84, WPA ,0.000000,0.000000,0.000,0.000,AP
2026-04-01 13:28:56,1900-01-00 00:00:00,1032-wombat,B8:27:EB:A2:CD:A4,-84, WPA ,0.000000,0.000000,0.000,0.000,AP
2026-04-01 13:28:56,1900-01-00 00:00:00,1032-wombat,B8:27:EB:A2:CD:A4,-52, WPA ,0.000000,0.000000,0.000,0.000,AP
2026-04-01 13:28:56,1900-01-00 00:00:00,,14:13:33:29:51:53,-41,,0.000000,0.000000,0.000,0.000,Client
2026-04-01 13:28:56,1900-01-00 00:00:00,,14:13:33:29:51:53,-41,,0.000000,0.000000,0.000,0.000,Client
2026-04-01 13:28:56,1900-01-00 00:00:00,,14:13:33:29:51:53,-41,,0.000000,0.000000,0.000,0.000,Client
2026-04-01 13:28:56,1900-01-00 00:00:00,,14:13:33:29:51:53,-41,,0.000000,0.000000,0.000,0.000,Client
2026-04-01 13:28:56,1900-01-00 00:00:00,,14:13:33:29:51:53,-42,,0.000000,0.000000,0.000,0.000,Client
2026-04-01 13:28:56,1900-01-00 00:00:00,,14:13:33:29:51:53,-45,,0.000000,0.000000,0.000,0.000,Client
2026-04-01 13:28:56,1900-01-00 00:00:00,,14:13:33:29:51:53,-45,,0.000000,0.000000,0.000,0.000,Client
2026-04-01 13:28:56,1900-01-00 00:00:00,,14:13:33:29:51:53,-43,,0.000000,0.000000,0.000,0.000,Client
2026-04-01 13:28:56,1900-01-00 00:00:00,,14:13:33:29:51:53,-46,,0.000000,0.000000,0.000,0.000,Client
2026-04-01 13:28:56,1900-01-00 00:00:00,,14:13:33:29:51:53,-45,,0.000000,0.000000,0.000,0.000,Client
2026-04-01 13:28:56,1900-01-00 00:00:00,,14:13:33:29:51:53,-45,,0.000000,0.000000,0.000,0.000,Client
2026-04-01 13:28:56,1900-01-00 00:00:00,,14:13:33:29:51:53,-48,,0.000000,0.000000,0.000,0.000,Client
2026-04-01 13:28:56,1900-01-00 00:00:00,,14:13:33:29:51:53,-48,,0.000000,0.000000,0.000,0.000,Client
2026-04-01 13:28:56,1900-01-00 00:00:00,,14:13:33:29:51:53,-48,,0.000000,0.000000,0.000,0.000,Client
2026-04-01 13:28:56,1900-01-00 00:00:00,,14:13:33:29:51:53,-48,,0.000000,0.000000,0.000,0.000,Client
2026-04-01 13:28:56,1900-01-00 00:00:00,,14:13:33:29:51:53,-48,,0.000000,0.000000,0.000,0.000,Client
2026-04-01 13:28:56,1900-01-00 00:00:00,,14:13:33:29:51:53,-48,,0.000000,0.000000,0.000,0.000,Client
2026-04-01 13:28:56,1900-01-00 00:00:00,,14:13:33:29:51:53,-49,,0.000000,0.000000,0.000,0.000,Client
2026-04-01 13:28:56,1900-01-00 00:00:00,,14:13:33:29:51:53,-48,,0.000000,0.000000,0.000,0.000,Client
2026-04-01 13:28:56,1900-01-00 00:00:00,,14:13:33:29:51:53,-48,,0.000000,0.000000,0.000,0.000,Client
2026-04-01 13:28:56,1900-01-00 00:00:00,,14:13:33:29:51:53,-48,,0.000000,0.000000,0.000,0.000,Client
2026-04-01 13:28:56,1900-01-00 00:00:00,1032-wombat,B8:27:EB:A2:CD:A4,-57, WPA ,0.000000,0.000000,0.000,0.000,AP
2026-04-01 13:28:56,1900-01-00 00:00:00,1032-wombat,B8:27:EB:A2:CD:A4,-57, WPA ,0.000000,0.000000,0.000,0.000,AP
2026-04-01 13:28:56,1900-01-00 00:00:00,1032-wombat,B8:27:EB:A2:CD:A4,-56, WPA ,0.000000,0.000000,0.000,0.000,AP
2026-04-01 13:28:56,1900-01-00 00:00:00,1032-wombat,B8:27:EB:A2:CD:A4,-56, WPA ,0.000000,0.000000,0.000,0.000,AP
2026-04-01 13:28:56,1900-01-00 00:00:00,1032-wombat,B8:27:EB:A2:CD:A4,-56, WPA ,0.000000,0.000000,0.000,0.000,AP
2026-04-01 13:28:56,1900-01-00 00:00:00,1032-wombat,B8:27:EB:A2:CD:A4,-56, WPA ,0.000000,0.000000,0.000,0.000,AP
2026-04-01 13:28:56,1900-01-00 00:00:00,1032-wombat,B8:27:EB:A2:CD:A4,-56, WPA ,0.000000,0.000000,0.000,0.000,AP
2026-04-01 13:28:56,1900-01-00 00:00:00,1032-wombat,B8:27:EB:A2:CD:A4,-56, WPA ,0.000000,0.000000,0.000,0.000,AP
2026-04-01 13:28:56,1900-01-00 00:00:00,1032-wombat,B8:27:EB:A2:CD:A4,-56, WPA ,0.000000,0.000000,0.000,0.000,AP
2026-04-01 13:28:56,1900-01-00 00:00:00,1032-wombat,B8:27:EB:A2:CD:A4,-56, WPA ,0.000000,0.000000,0.000,0.000,AP
2026-04-01 13:28:56,1900-01-00 00:00:00,1032-wombat,B8:27:EB:A2:CD:A4,-57, WPA ,0.000000,0.000000,0.000,0.000,AP
2026-04-01 13:28:56,1900-01-00 00:00:00,1032-wombat,B8:27:EB:A2:CD:A4,-57, WPA ,0.000000,0.000000,0.000,0.000,AP
2026-04-01 13:28:56,1900-01-00 00:00:00,1032-wombat,B8:27:EB:A2:CD:A4,-57, WPA ,0.000000,0.000000,0.000,0.000,AP
2026-04-01 13:28:56,1900-01-00 00:00:00,1032-wombat,B8:27:EB:A2:CD:A4,-57, WPA ,0.000000,0.000000,0.000,0.000,AP
2026-04-01 13:28:56,1900-01-00 00:00:00,,14:13:33:29:51:53,-49,,0.000000,0.000000,0.000,0.000,Client
2026-04-01 13:28:56,1900-01-00 00:00:00,1032-wombat,B8:27:EB:A2:CD:A4,-57, WPA ,0.000000,0.000000,0.000,0.000,AP
2026-04-01 13:28:56,1900-01-00 00:00:00,,14:13:33:29:51:53,-49,,0.000000,0.000000,0.000,0.000,Client
2026-04-01 13:28:56,1900-01-00 00:00:00,,14:13:33:29:51:53,-49,,0.000000,0.000000,0.000,0.000,Client
2026-04-01 13:28:56,1900-01-00 00:00:00,,14:13:33:29:51:53,-49,,0.000000,0.000000,0.000,0.000,Client
2026-04-01 13:28:56,1900-01-00 00:00:00,,14:13:33:29:51:53,-50,,0.000000,0.000000,0.000,0.000,Client
2026-04-01 13:28:56,1900-01-00 00:00:00,1032-wombat,B8:27:EB:A2:CD:A4,-58, WPA ,0.000000,0.000000,0.000,0.000,AP
2026-04-01 13:28:56,1900-01-00 00:00:00,1032-wombat,B8:27:EB:A2:CD:A4,-57, WPA ,0.000000,0.000000,0.000,0.000,AP
2026-04-01 13:28:56,1900-01-00 00:00:00,,14:13:33:29:51:53,-49,,0.000000,0.000000,0.000,0.000,Client
2026-04-01 13:28:56,1900-01-00 00:00:00,,14:13:33:29:51:53,-49,,0.000000,0.000000,0.000,0.000,Client
2026-04-01 13:28:56,1900-01-00 00:00:00,,14:13:33:29:51:53,-50,,0.000000,0.000000,0.000,0.000,Client
2026-04-01 13:28:56,1900-01-00 00:00:00,,14:13:33:29:51:53,-50,,0.000000,0.000000,0.000,0.000,Client
2026-04-01 13:28:56,1900-01-00 00:00:00,,14:13:33:29:51:53,-51,,0.000000,0.000000,0.000,0.000,Client
2026-04-01 13:28:56,1900-01-00 00:00:00,,14:13:33:29:51:53,-51,,0.000000,0.000000,0.000,0.000,Client
2026-04-01 13:28:56,1900-01-00 00:00:00,,14:13:33:29:51:53,-51,,0.000000,0.000000,0.000,0.000,Client
2026-04-01 13:28:56,1900-01-00 00:00:00,1032-wombat,B8:27:EB:A2:CD:A4,-55, WPA ,0.000000,0.000000,0.000,0.000,AP
2026-04-01 13:28:56,1900-01-00 00:00:00,1032-wombat,B8:27:EB:A2:CD:A4,-58, WPA ,0.000000,0.000000,0.000,0.000,AP
2026-04-01 13:28:57,1900-01-00 00:00:00,,14:13:33:29:51:53,-50,,0.000000,0.000000,0.000,0.000,Client
2026-04-01 13:28:57,1900-01-00 00:00:00,,14:13:33:29:51:53,-51,,0.000000,0.000000,0.000,0.000,Client
2026-04-01 13:28:57,1900-01-00 00:00:00,,14:13:33:29:51:53,-51,,0.000000,0.000000,0.000,0.000,Client
2026-04-01 13:28:57,1900-01-00 00:00:00,,14:13:33:29:51:53,-51,,0.000000,0.000000,0.000,0.000,Client
2026-04-01 13:28:57,1900-01-00 00:00:00,,14:13:33:29:51:53,-51,,0.000000,0.000000,0.000,0.000,Client
2026-04-01 13:28:57,1900-01-00 00:00:00,,14:13:33:29:51:53,-50,,0.000000,0.000000,0.000,0.000,Client
2026-04-01 13:28:57,1900-01-00 00:00:00,,14:13:33:29:51:53,-50,,0.000000,0.000000,0.000,0.000,Client
2026-04-01 13:28:57,1900-01-00 00:00:00,,14:13:33:29:51:53,-43,,0.000000,0.000000,0.000,0.000,Client
2026-04-01 13:28:57,1900-01-00 00:00:00,,14:13:33:29:51:53,-49,,0.000000,0.000000,0.000,0.000,Client
2026-04-01 13:28:57,1900-01-00 00:00:00,,14:13:33:29:51:53,-43,,0.000000,0.000000,0.000,0.000,Client
2026-04-01 13:28:57,1900-01-00 00:00:00,,14:13:33:29:51:53,-48,,0.000000,0.000000,0.000,0.000,Client
2026-04-01 13:28:57,1900-01-00 00:00:00,,14:13:33:29:51:53,-48,,0.000000,0.000000,0.000,0.000,Client
2026-04-01 13:28:57,1900-01-00 00:00:00,,14:13:33:29:51:53,-49,,0.000000,0.000000,0.000,0.000,Client
2026-04-01 13:28:57,1900-01-00 00:00:00,,14:13:33:29:51:53,-49,,0.000000,0.000000,0.000,0.000,Client
2026-04-01 13:28:57,1900-01-00 00:00:00,,14:13:33:29:51:53,-49,,0.000000,0.000000,0.000,0.000,Client
2026-04-01 13:28:57,1900-01-00 00:00:00,,14:13:33:29:51:53,-50,,0.000000,0.000000,0.000,0.000,Client
2026-04-01 13:28:57,1900-01-00 00:00:00,,14:13:33:29:51:53,-49,,0.000000,0.000000,0.000,0.000,Client
2026-04-01 13:28:57,1900-01-00 00:00:00,1032-wombat,B8:27:EB:A2:CD:A4,-49, WPA ,0.000000,0.000000,0.000,0.000,AP
2026-04-01 13:28:57,1900-01-00 00:00:00,,14:13:33:29:51:53,-43,,0.000000,0.000000,0.000,0.000,Client
2026-04-01 13:28:58,1900-01-00 00:00:00,,14:13:33:29:51:53,-49,,0.000000,0.000000,0.000,0.000,Client
2026-04-01 13:28:58,1900-01-00 00:00:00,1032-wombat,B8:27:EB:A2:CD:A4,-49, WPA ,0.000000,0.000000,0.000,0.000,AP
2026-04-01 13:28:58,1900-01-00 00:00:00,1032-wombat,B8:27:EB:A2:CD:A4,-50, WPA ,0.000000,0.000000,0.000,0.000,AP
2026-04-01 13:28:58,1900-01-00 00:00:00,,14:13:33:29:51:53,-48,,0.000000,0.000000,0.000,0.000,Client
2026-04-01 13:28:58,1900-01-00 00:00:00,,14:13:33:29:51:53,-48,,0.000000,0.000000,0.000,0.000,Client
2026-04-01 13:28:58,1900-01-00 00:00:00,,14:13:33:29:51:53,-48,,0.000000,0.000000,0.000,0.000,Client
2026-04-01 13:28:58,1900-01-00 00:00:00,,14:13:33:29:51:53,-48,,0.000000,0.000000,0.000,0.000,Client
2026-04-01 13:28:58,1900-01-00 00:00:00,1032-wombat,B8:27:EB:A2:CD:A4,-47, WPA ,0.000000,0.000000,0.000,0.000,AP
2026-04-01 13:28:58,1900-01-00 00:00:00,1032-wombat,B8:27:EB:A2:CD:A4,-51, WPA ,0.000000,0.000000,0.000,0.000,AP
2026-04-01 13:28:58,1900-01-00 00:00:00,1032-wombat,B8:27:EB:A2:CD:A4,-50, WPA ,0.000000,0.000000,0.000,0.000,AP
2026-04-01 13:28:58,1900-01-00 00:00:00,1032-wombat,B8:27:EB:A2:CD:A4,-50, WPA ,0.000000,0.000000,0.000,0.000,AP
2026-04-01 13:28:58,1900-01-00 00:00:00,,14:13:33:29:51:53,-42,,0.000000,0.000000,0.000,0.000,Client
2026-04-01 13:28:58,1900-01-00 00:00:00,1032-wombat,B8:27:EB:A2:CD:A4,-49, WPA ,0.000000,0.000000,0.000,0.000,AP
2026-04-01 13:28:59,1900-01-00 00:00:00,,14:13:33:29:51:53,-51,,0.000000,0.000000,0.000,0.000,Client
2026-04-01 13:28:59,1900-01-00 00:00:00,,14:13:33:29:51:53,-48,,0.000000,0.000000,0.000,0.000,Client
2026-04-01 13:28:59,1900-01-00 00:00:00,,14:13:33:29:51:53,-44,,0.000000,0.000000,0.000,0.000,Client
2026-04-01 13:28:59,1900-01-00 00:00:00,1032-wombat,B8:27:EB:A2:CD:A4,-50, WPA ,0.000000,0.000000,0.000,0.000,AP
2026-04-01 13:28:59,1900-01-00 00:00:00,1032-wombat,B8:27:EB:A2:CD:A4,-51, WPA ,0.000000,0.000000,0.000,0.000,AP
2026-04-01 13:28:59,1900-01-00 00:00:00,1032-wombat,B8:27:EB:A2:CD:A4,-49, WPA ,0.000000,0.000000,0.000,0.000,AP
2026-04-01 13:29:00,1900-01-00 00:00:00,,14:13:33:29:51:53,-52,,0.000000,0.000000,0.000,0.000,Client
2026-04-01 13:29:00,1900-01-00 00:00:00,1032-wombat,B8:27:EB:A2:CD:A4,-50, WPA ,0.000000,0.000000,0.000,0.000,AP
2026-04-01 13:29:01,1900-01-00 00:00:00,1032-wombat,B8:27:EB:A2:CD:A4,-50, WPA ,0.000000,0.000000,0.000,0.000,AP
2026-04-01 13:29:01,1900-01-00 00:00:00,1032-wombat,B8:27:EB:A2:CD:A4,-49, WPA ,0.000000,0.000000,0.000,0.000,AP
2026-04-01 13:29:01,1900-01-00 00:00:00,1032-wombat,B8:27:EB:A2:CD:A4,-49, WPA ,0.000000,0.000000,0.000,0.000,AP
2026-04-01 13:29:01,1900-01-00 00:00:00,1032-wombat,B8:27:EB:A2:CD:A4,-50, WPA ,0.000000,0.000000,0.000,0.000,AP
2026-04-01 13:29:01,1900-01-00 00:00:00,,14:13:33:29:51:53,-48,,0.000000,0.000000,0.000,0.000,Client
2026-04-01 13:29:01,1900-01-00 00:00:00,1032-wombat,B8:27:EB:A2:CD:A4,-51, WPA ,0.000000,0.000000,0.000,0.000,AP
2026-04-01 13:29:01,1900-01-00 00:00:00,,14:13:33:29:51:53,-46,,0.000000,0.000000,0.000,0.000,Client
2026-04-01 13:29:01,1900-01-00 00:00:00,1032-wombat,B8:27:EB:A2:CD:A4,-51, WPA ,0.000000,0.000000,0.000,0.000,AP
2026-04-01 13:29:01,1900-01-00 00:00:00,,14:13:33:29:51:53,-46,,0.000000,0.000000,0.000,0.000,Client
2026-04-01 13:29:01,1900-01-00 00:00:00,,14:13:33:29:51:53,-46,,0.000000,0.000000,0.000,0.000,Client
2026-04-01 13:29:01,1900-01-00 00:00:00,1032-wombat,B8:27:EB:A2:CD:A4,-51, WPA ,0.000000,0.000000,0.000,0.000,AP
2026-04-01 13:29:02,1900-01-00 00:00:00,,14:13:33:29:51:53,-42,,0.000000,0.000000,0.000,0.000,Client
2026-04-01 13:29:02,1900-01-00 00:00:00,1032-wombat,B8:27:EB:A2:CD:A4,-53, WPA ,0.000000,0.000000,0.000,0.000,AP
2026-04-01 13:29:02,1900-01-00 00:00:00,,14:13:33:29:51:53,-43,,0.000000,0.000000,0.000,0.000,Client
2026-04-01 13:29:02,1900-01-00 00:00:00,,14:13:33:29:51:53,-42,,0.000000,0.000000,0.000,0.000,Client
2026-04-01 13:29:02,1900-01-00 00:00:00,,14:13:33:29:51:53,-41,,0.000000,0.000000,0.000,0.000,Client
2026-04-01 13:29:02,1900-01-00 00:00:00,1032-wombat,B8:27:EB:A2:CD:A4,-53, WPA ,0.000000,0.000000,0.000,0.000,AP
2026-04-01 13:29:02,1900-01-00 00:00:00,,14:13:33:29:51:53,-44,,0.000000,0.000000,0.000,0.000,Client
2026-04-01 13:29:02,1900-01-00 00:00:00,,14:13:33:29:51:53,-41,,0.000000,0.000000,0.000,0.000,Client
2026-04-01 13:29:02,1900-01-00 00:00:00,,14:13:33:29:51:53,-42,,0.000000,0.000000,0.000,0.000,Client
2026-04-01 13:29:02,1900-01-00 00:00:00,,14:13:33:29:51:53,-41,,0.000000,0.000000,0.000,0.000,Client
2026-04-01 13:29:03,1900-01-00 00:00:00,1032-wombat,B8:27:EB:A2:CD:A4,-51, WPA ,0.000000,0.000000,0.000,0.000,AP
2026-04-01 13:29:03,1900-01-00 00:00:00,,14:13:33:29:51:53,-43,,0.000000,0.000000,0.000,0.000,Client
2026-04-01 13:29:03,1900-01-00 00:00:00,,14:13:33:29:51:53,-45,,0.000000,0.000000,0.000,0.000,Client
2026-04-01 13:29:03,1900-01-00 00:00:00,1032-wombat,B8:27:EB:A2:CD:A4,-54, WPA ,0.000000,0.000000,0.000,0.000,AP
2026-04-01 13:29:03,1900-01-00 00:00:00,,14:13:33:29:51:53,-45,,0.000000,0.000000,0.000,0.000,Client
2026-04-01 13:29:03,1900-01-00 00:00:00,,14:13:33:29:51:53,-46,,0.000000,0.000000,0.000,0.000,Client
2026-04-01 13:29:04,1900-01-00 00:00:00,,14:13:33:29:51:53,-44,,0.000000,0.000000,0.000,0.000,Client
2026-04-01 13:29:04,1900-01-00 00:00:00,1032-wombat,B8:27:EB:A2:CD:A4,-50, WPA ,0.000000,0.000000,0.000,0.000,AP
2026-04-01 13:29:05,1900-01-00 00:00:00,,14:13:33:29:51:53,-45,,0.000000,0.000000,0.000,0.000,Client
2026-04-01 13:29:05,1900-01-00 00:00:00,,14:13:33:29:51:53,-42,,0.000000,0.000000,0.000,0.000,Client
2026-04-01 13:29:05,1900-01-00 00:00:00,,14:13:33:29:51:53,-41,,0.000000,0.000000,0.000,0.000,Client
2026-04-01 13:29:05,1900-01-00 00:00:00,,14:13:33:29:51:53,-45,,0.000000,0.000000,0.000,0.000,Client
2026-04-01 13:29:05,1900-01-00 00:00:00,,14:13:33:29:51:53,-41,,0.000000,0.000000,0.000,0.000,Client
2026-04-01 13:29:05,1900-01-00 00:00:00,1032-wombat,B8:27:EB:A2:CD:A4,-48, WPA ,0.000000,0.000000,0.000,0.000,AP
2026-04-01 13:29:05,1900-01-00 00:00:00,,14:13:33:29:51:53,-43,,0.000000,0.000000,0.000,0.000,Client
2026-04-01 13:29:05,1900-01-00 00:00:00,1032-wombat,B8:27:EB:A2:CD:A4,-45, WPA ,0.000000,0.000000,0.000,0.000,AP
2026-04-01 13:29:05,1900-01-00 00:00:00,1032-wombat,B8:27:EB:A2:CD:A4,-47, WPA ,0.000000,0.000000,0.000,0.000,AP
2026-04-01 13:29:06,1900-01-00 00:00:00,1032-wombat,B8:27:EB:A2:CD:A4,-47, WPA ,0.000000,0.000000,0.000,0.000,AP
2026-04-01 13:29:06,1900-01-00 00:00:00,1032-wombat,B8:27:EB:A2:CD:A4,-46, WPA ,0.000000,0.000000,0.000,0.000,AP
2026-04-01 13:29:06,1900-01-00 00:00:00,1032-wombat,B8:27:EB:A2:CD:A4,-48, WPA ,0.000000,0.000000,0.000,0.000,AP
2026-04-01 13:29:06,1900-01-00 00:00:00,1032-wombat,B8:27:EB:A2:CD:A4,-48, WPA ,0.000000,0.000000,0.000,0.000,AP
2026-04-01 13:29:06,1900-01-00 00:00:00,1032-wombat,B8:27:EB:A2:CD:A4,-50, WPA ,0.000000,0.000000,0.000,0.000,AP
2026-04-01 13:29:06,1900-01-00 00:00:00,,14:13:33:29:51:53,-44,,0.000000,0.000000,0.000,0.000,Client
2026-04-01 13:29:06,1900-01-00 00:00:00,1032-wombat,B8:27:EB:A2:CD:A4,-53, WPA ,0.000000,0.000000,0.000,0.000,AP
2026-04-01 13:29:06,1900-01-00 00:00:00,,14:13:33:29:51:53,-47,,0.000000,0.000000,0.000,0.000,Client
2026-04-01 13:29:06,1900-01-00 00:00:00,,14:13:33:29:51:53,-47,,0.000000,0.000000,0.000,0.000,Client
2026-04-01 13:29:06,1900-01-00 00:00:00,1032-wombat,B8:27:EB:A2:CD:A4,-53, WPA ,0.000000,0.000000,0.000,0.000,AP
2026-04-01 13:29:06,1900-01-00 00:00:00,1032-wombat,B8:27:EB:A2:CD:A4,-53, WPA ,0.000000,0.000000,0.000,0.000,AP
2026-04-01 13:29:06,1900-01-00 00:00:00,,14:13:33:29:51:53,-47,,0.000000,0.000000,0.000,0.000,Client
2026-04-01 13:29:07,1900-01-00 00:00:00,,14:13:33:29:51:53,-46,,0.000000,0.000000,0.000,0.000,Client
2026-04-01 13:29:07,1900-01-00 00:00:00,1032-wombat,B8:27:EB:A2:CD:A4,-49, WPA ,0.000000,0.000000,0.000,0.000,AP
2026-04-01 13:29:07,1900-01-00 00:00:00,1032-wombat,B8:27:EB:A2:CD:A4,-44, WPA ,0.000000,0.000000,0.000,0.000,AP
2026-04-01 13:29:07,1900-01-00 00:00:00,1032-wombat,B8:27:EB:A2:CD:A4,-44, WPA ,0.000000,0.000000,0.000,0.000,AP
2026-04-01 13:29:07,1900-01-00 00:00:00,1032-wombat,B8:27:EB:A2:CD:A4,-44, WPA ,0.000000,0.000000,0.000,0.000,AP
2026-04-01 13:29:07,1900-01-00 00:00:00,1032-wombat,B8:27:EB:A2:CD:A4,-44, WPA ,0.000000,0.000000,0.000,0.000,AP
2026-04-01 13:29:07,1900-01-00 00:00:00,1032-wombat,B8:27:EB:A2:CD:A4,-49, WPA ,0.000000,0.000000,0.000,0.000,AP
2026-04-01 13:29:08,1900-01-00 00:00:00,1032-wombat,B8:27:EB:A2:CD:A4,-49, WPA ,0.000000,0.000000,0.000,0.000,AP
2026-04-01 13:29:08,1900-01-00 00:00:00,1032-wombat,B8:27:EB:A2:CD:A4,-49, WPA ,0.000000,0.000000,0.000,0.000,AP
2026-04-01 13:29:08,1900-01-00 00:00:00,1032-wombat,B8:27:EB:A2:CD:A4,-49, WPA ,0.000000,0.000000,0.000,0.000,AP
2026-04-01 13:29:08,1900-01-00 00:00:00,1032-wombat,B8:27:EB:A2:CD:A4,-49, WPA ,0.000000,0.000000,0.000,0.000,AP
2026-04-01 13:29:08,1900-01-00 00:00:00,1032-wombat,B8:27:EB:A2:CD:A4,-49, WPA ,0.000000,0.000000,0.000,0.000,AP
2026-04-01 13:29:08,1900-01-00 00:00:00,1032-wombat,B8:27:EB:A2:CD:A4,-49, WPA ,0.000000,0.000000,0.000,0.000,AP
2026-04-01 13:29:09,1900-01-00 00:00:00,1032-wombat,B8:27:EB:A2:CD:A4,-44, WPA ,0.000000,0.000000,0.000,0.000,AP
2026-04-01 13:29:09,1900-01-00 00:00:00,1032-wombat,B8:27:EB:A2:CD:A4,-43, WPA ,0.000000,0.000000,0.000,0.000,AP
2026-04-01 13:29:09,1900-01-00 00:00:00,,14:13:33:29:51:53,-40,,0.000000,0.000000,0.000,0.000,Client
2026-04-01 13:29:09,1900-01-00 00:00:00,,14:13:33:29:51:53,-41,,0.000000,0.000000,0.000,0.000,Client
2026-04-01 13:29:09,1900-01-00 00:00:00,,14:13:33:29:51:53,-45,,0.000000,0.000000,0.000,0.000,Client
2026-04-01 13:29:09,1900-01-00 00:00:00,,14:13:33:29:51:53,-41,,0.000000,0.000000,0.000,0.000,Client
2026-04-01 13:29:11,1900-01-00 00:00:00,1032-wombat,B8:27:EB:A2:CD:A4,-49, WPA ,0.000000,0.000000,0.000,0.000,AP
2026-04-01 13:29:11,1900-01-00 00:00:00,,14:13:33:29:51:53,-42,,0.000000,0.000000,0.000,0.000,Client
2026-04-01 13:29:11,1900-01-00 00:00:00,1032-wombat,B8:27:EB:A2:CD:A4,-50, WPA ,0.000000,0.000000,0.000,0.000,AP
2026-04-01 13:29:11,1900-01-00 00:00:00,,14:13:33:29:51:53,-44,,0.000000,0.000000,0.000,0.000,Client
2026-04-01 13:29:11,1900-01-00 00:00:00,,14:13:33:29:51:53,-44,,0.000000,0.000000,0.000,0.000,Client
2026-04-01 13:29:11,1900-01-00 00:00:00,1032-wombat,B8:27:EB:A2:CD:A4,-51, WPA ,0.000000,0.000000,0.000,0.000,AP
2026-04-01 13:29:11,1900-01-00 00:00:00,,14:13:33:29:51:53,-44,,0.000000,0.000000,0.000,0.000,Client
2026-04-01 13:29:11,1900-01-00 00:00:00,1032-wombat,B8:27:EB:A2:CD:A4,-47, WPA ,0.000000,0.000000,0.000,0.000,AP
2026-04-01 13:29:12,1900-01-00 00:00:00,1032-wombat,B8:27:EB:A2:CD:A4,-48, WPA ,0.000000,0.000000,0.000,0.000,AP
2026-04-01 13:29:12,1900-01-00 00:00:00,1032-wombat,B8:27:EB:A2:CD:A4,-49, WPA ,0.000000,0.000000,0.000,0.000,AP
2026-04-01 13:29:12,1900-01-00 00:00:00,1032-wombat,B8:27:EB:A2:CD:A4,-48, WPA ,0.000000,0.000000,0.000,0.000,AP
2026-04-01 13:29:12,1900-01-00 00:00:00,,14:13:33:29:51:53,-45,,0.000000,0.000000,0.000,0.000,Client
2026-04-01 13:29:12,1900-01-00 00:00:00,1032-wombat,B8:27:EB:A2:CD:A4,-45, WPA ,0.000000,0.000000,0.000,0.000,AP
2026-04-01 13:29:12,1900-01-00 00:00:00,1032-wombat,B8:27:EB:A2:CD:A4,-46, WPA ,0.000000,0.000000,0.000,0.000,AP
2026-04-01 13:29:12,1900-01-00 00:00:00,1032-wombat,B8:27:EB:A2:CD:A4,-45, WPA ,0.000000,0.000000,0.000,0.000,AP
2026-04-01 13:29:13,1900-01-00 00:00:00,1032-wombat,B8:27:EB:A2:CD:A4,-49, WPA ,0.000000,0.000000,0.000,0.000,AP
2026-04-01 13:29:14,1900-01-00 00:00:00,1032-wombat,B8:27:EB:A2:CD:A4,-49, WPA ,0.000000,0.000000,0.000,0.000,AP
2026-04-01 13:29:14,1900-01-00 00:00:00,1032-wombat,B8:27:EB:A2:CD:A4,-50, WPA ,0.000000,0.000000,0.000,0.000,AP
2026-04-01 13:29:14,1900-01-00 00:00:00,1032-wombat,B8:27:EB:A2:CD:A4,-50, WPA ,0.000000,0.000000,0.000,0.000,AP
2026-04-01 13:29:14,1900-01-00 00:00:00,1032-wombat,B8:27:EB:A2:CD:A4,-50, WPA ,0.000000,0.000000,0.000,0.000,AP
2026-04-01 13:29:14,1900-01-00 00:00:00,1032-wombat,B8:27:EB:A2:CD:A4,-48, WPA ,0.000000,0.000000,0.000,0.000,AP
2026-04-01 13:29:14,1900-01-00 00:00:00,1032-wombat,B8:27:EB:A2:CD:A4,-49, WPA ,0.000000,0.000000,0.000,0.000,AP
2026-04-01 13:29:14,1900-01-00 00:00:00,1032-wombat,B8:27:EB:A2:CD:A4,-50, WPA ,0.000000,0.000000,0.000,0.000,AP
2026-04-01 13:29:15,1900-01-00 00:00:00,1032-wombat,B8:27:EB:A2:CD:A4,-49, WPA ,0.000000,0.000000,0.000,0.000,AP
2026-04-01 13:29:16,1900-01-00 00:00:00,1032-wombat,B8:27:EB:A2:CD:A4,-44, WPA ,0.000000,0.000000,0.000,0.000,AP
2026-04-01 13:29:16,1900-01-00 00:00:00,,14:13:33:29:51:53,-46,,0.000000,0.000000,0.000,0.000,Client
2026-04-01 13:29:16,1900-01-00 00:00:00,1032-wombat,B8:27:EB:A2:CD:A4,-51, WPA ,0.000000,0.000000,0.000,0.000,AP
2026-04-01 13:29:16,1900-01-00 00:00:00,,14:13:33:29:51:53,-45,,0.000000,0.000000,0.000,0.000,Client
2026-04-01 13:29:16,1900-01-00 00:00:00,1032-wombat,B8:27:EB:A2:CD:A4,-51, WPA ,0.000000,0.000000,0.000,0.000,AP
2026-04-01 13:29:16,1900-01-00 00:00:00,1032-wombat,B8:27:EB:A2:CD:A4,-51, WPA ,0.000000,0.000000,0.000,0.000,AP
2026-04-01 13:29:16,1900-01-00 00:00:00,,14:13:33:29:51:53,-45,,0.000000,0.000000,0.000,0.000,Client
2026-04-01 13:29:17,1900-01-00 00:00:00,,14:13:33:29:51:53,-44,,0.000000,0.000000,0.000,0.000,Client
2026-04-01 13:29:17,1900-01-00 00:00:00,,14:13:33:29:51:53,-43,,0.000000,0.000000,0.000,0.000,Client
2026-04-01 13:29:17,1900-01-00 00:00:00,,14:13:33:29:51:53,-41,,0.000000,0.000000,0.000,0.000,Client
2026-04-01 13:29:17,1900-01-00 00:00:00,,14:13:33:29:51:53,-41,,0.000000,0.000000,0.000,0.000,Client
2026-04-01 13:29:19,1900-01-00 00:00:00,1032-wombat,B8:27:EB:A2:CD:A4,-50, WPA ,0.000000,0.000000,0.000,0.000,AP
2026-04-01 13:29:19,1900-01-00 00:00:00,1032-wombat,B8:27:EB:A2:CD:A4,-48, WPA ,0.000000,0.000000,0.000,0.000,AP
2026-04-01 13:29:19,1900-01-00 00:00:00,1032-wombat,B8:27:EB:A2:CD:A4,-50, WPA ,0.000000,0.000000,0.000,0.000,AP
2026-04-01 13:29:19,1900-01-00 00:00:00,,14:13:33:29:51:53,-42,,0.000000,0.000000,0.000,0.000,Client
2026-04-01 13:29:19,1900-01-00 00:00:00,1032-wombat,B8:27:EB:A2:CD:A4,-53, WPA ,0.000000,0.000000,0.000,0.000,AP
2026-04-01 13:29:19,1900-01-00 00:00:00,,14:13:33:29:51:53,-42,,0.000000,0.000000,0.000,0.000,Client
2026-04-01 13:29:19,1900-01-00 00:00:00,1032-wombat,B8:27:EB:A2:CD:A4,-53, WPA ,0.000000,0.000000,0.000,0.000,AP
2026-04-01 13:29:20,1900-01-00 00:00:00,1032-wombat,B8:27:EB:A2:CD:A4,-50, WPA ,0.000000,0.000000,0.000,0.000,AP
2026-04-01 13:29:21,1900-01-00 00:00:00,1032-wombat,B8:27:EB:A2:CD:A4,-50, WPA ,0.000000,0.000000,0.000,0.000,AP
2026-04-01 13:29:21,1900-01-00 00:00:00,1032-wombat,B8:27:EB:A2:CD:A4,-49, WPA ,0.000000,0.000000,0.000,0.000,AP
2026-04-01 13:29:21,1900-01-00 00:00:00,1032-wombat,B8:27:EB:A2:CD:A4,-50, WPA ,0.000000,0.000000,0.000,0.000,AP
2026-04-01 13:29:21,1900-01-00 00:00:00,,14:13:33:29:51:53,-41,,0.000000,0.000000,0.000,0.000,Client
2026-04-01 13:29:21,1900-01-00 00:00:00,1032-wombat,B8:27:EB:A2:CD:A4,-51, WPA ,0.000000,0.000000,0.000,0.000,AP
2026-04-01 13:29:21,1900-01-00 00:00:00,,14:13:33:29:51:53,-42,,0.000000,0.000000,0.000,0.000,Client
2026-04-01 13:29:21,1900-01-00 00:00:00,,14:13:33:29:51:53,-42,,0.000000,0.000000,0.000,0.000,Client
2026-04-01 13:29:21,1900-01-00 00:00:00,1032-wombat,B8:27:EB:A2:CD:A4,-52, WPA ,0.000000,0.000000,0.000,0.000,AP
2026-04-01 13:29:23,1900-01-00 00:00:00,1032-wombat,B8:27:EB:A2:CD:A4,-52, WPA ,0.000000,0.000000,0.000,0.000,AP
2026-04-01 13:29:23,1900-01-00 00:00:00,,14:13:33:29:51:53,-43,,0.000000,0.000000,0.000,0.000,Client
2026-04-01 13:29:23,1900-01-00 00:00:00,1032-wombat,B8:27:EB:A2:CD:A4,-50, WPA ,0.000000,0.000000,0.000,0.000,AP
2026-04-01 13:29:23,1900-01-00 00:00:00,,14:13:33:29:51:53,-45,,0.000000,0.000000,0.000,0.000,Client
2026-04-01 13:29:23,1900-01-00 00:00:00,1032-wombat,B8:27:EB:A2:CD:A4,-49, WPA ,0.000000,0.000000,0.000,0.000,AP
2026-04-01 13:29:24,1900-01-00 00:00:00,,14:13:33:29:51:53,-44,,0.000000,0.000000,0.000,0.000,Client
2026-04-01 13:29:24,1900-01-00 00:00:00,1032-wombat,B8:27:EB:A2:CD:A4,-49, WPA ,0.000000,0.000000,0.000,0.000,AP
2026-04-01 13:29:24,1900-01-00 00:00:00,1032-wombat,B8:27:EB:A2:CD:A4,-48, WPA ,0.000000,0.000000,0.000,0.000,AP
2026-04-01 13:29:24,1900-01-00 00:00:00,1032-wombat,B8:27:EB:A2:CD:A4,-49, WPA ,0.000000,0.000000,0.000,0.000,AP
2026-04-01 13:29:24,1900-01-00 00:00:00,,14:13:33:29:51:53,-48,,0.000000,0.000000,0.000,0.000,Client
2026-04-01 13:29:25,1900-01-00 00:00:00,,14:13:33:29:51:53,-42,,0.000000,0.000000,0.000,0.000,Client
2026-04-01 13:29:26,1900-01-00 00:00:00,,14:13:33:29:51:53,-39,,0.000000,0.000000,0.000,0.000,Client
2026-04-01 13:29:26,1900-01-00 00:00:00,,14:13:33:29:51:53,-43,,0.000000,0.000000,0.000,0.000,Client
2026-04-01 13:29:26,1900-01-00 00:00:00,,14:13:33:29:51:53,-42,,0.000000,0.000000,0.000,0.000,Client
2026-04-01 13:29:26,1900-01-00 00:00:00,1032-wombat,B8:27:EB:A2:CD:A4,-53, WPA ,0.000000,0.000000,0.000,0.000,AP
2026-04-01 13:29:26,1900-01-00 00:00:00,1032-wombat,B8:27:EB:A2:CD:A4,-53, WPA ,0.000000,0.000000,0.000,0.000,AP
2026-04-01 13:29:26,1900-01-00 00:00:00,,14:13:33:29:51:53,-42,,0.000000,0.000000,0.000,0.000,Client
2026-04-01 13:29:26,1900-01-00 00:00:00,,14:13:33:29:51:53,-42,,0.000000,0.000000,0.000,0.000,Client
2026-04-01 13:29:26,1900-01-00 00:00:00,1032-wombat,B8:27:EB:A2:CD:A4,-53, WPA ,0.000000,0.000000,0.000,0.000,AP
2026-04-01 13:29:26,1900-01-00 00:00:00,1032-wombat,B8:27:EB:A2:CD:A4,-53, WPA ,0.000000,0.000000,0.000,0.000,AP
2026-04-01 13:29:26,1900-01-00 00:00:00,,14:13:33:29:51:53,-42,,0.000000,0.000000,0.000,0.000,Client
2026-04-01 13:29:26,1900-01-00 00:00:00,1032-wombat,B8:27:EB:A2:CD:A4,-50, WPA ,0.000000,0.000000,0.000,0.000,AP
2026-04-01 13:29:26,1900-01-00 00:00:00,,14:13:33:29:51:53,-43,,0.000000,0.000000,0.000,0.000,Client
2026-04-01 13:29:27,1900-01-00 00:00:00,1032-wombat,B8:27:EB:A2:CD:A4,-50, WPA ,0.000000,0.000000,0.000,0.000,AP
2026-04-01 13:29:27,1900-01-00 00:00:00,,14:13:33:29:51:53,-40,,0.000000,0.000000,0.000,0.000,Client
2026-04-01 13:29:27,1900-01-00 00:00:00,1032-wombat,B8:27:EB:A2:CD:A4,-50, WPA ,0.000000,0.000000,0.000,0.000,AP
2026-04-01 13:29:27,1900-01-00 00:00:00,1032-wombat,B8:27:EB:A2:CD:A4,-51, WPA ,0.000000,0.000000,0.000,0.000,AP
2026-04-01 13:29:27,1900-01-00 00:00:00,,14:13:33:29:51:53,-51,,0.000000,0.000000,0.000,0.000,Client
2026-04-01 13:29:27,1900-01-00 00:00:00,1032-wombat,B8:27:EB:A2:CD:A4,-51, WPA ,0.000000,0.000000,0.000,0.000,AP
2026-04-01 13:29:27,1900-01-00 00:00:00,1032-wombat,B8:27:EB:A2:CD:A4,-50, WPA ,0.000000,0.000000,0.000,0.000,AP
2026-04-01 13:29:28,1900-01-00 00:00:00,1032-wombat,B8:27:EB:A2:CD:A4,-52, WPA ,0.000000,0.000000,0.000,0.000,AP
2026-04-01 13:29:28,1900-01-00 00:00:00,,14:13:33:29:51:53,-43,,0.000000,0.000000,0.000,0.000,Client
2026-04-01 13:29:29,1900-01-00 00:00:00,,14:13:33:29:51:53,-41,,0.000000,0.000000,0.000,0.000,Client
2026-04-01 13:29:29,1900-01-00 00:00:00,,14:13:33:29:51:53,-39,,0.000000,0.000000,0.000,0.000,Client
2026-04-01 13:29:29,1900-01-00 00:00:00,1032-wombat,B8:27:EB:A2:CD:A4,-52, WPA ,0.000000,0.000000,0.000,0.000,AP
2026-04-01 13:29:29,1900-01-00 00:00:00,,14:13:33:29:51:53,-42,,0.000000,0.000000,0.000,0.000,Client
2026-04-01 13:29:29,1900-01-00 00:00:00,1032-wombat,B8:27:EB:A2:CD:A4,-52, WPA ,0.000000,0.000000,0.000,0.000,AP
2026-04-01 13:29:29,1900-01-00 00:00:00,,14:13:33:29:51:53,-42,,0.000000,0.000000,0.000,0.000,Client
2026-04-01 13:29:29,1900-01-00 00:00:00,1032-wombat,B8:27:EB:A2:CD:A4,-52, WPA ,0.000000,0.000000,0.000,0.000,AP
2026-04-01 13:29:29,1900-01-00 00:00:00,1032-wombat,B8:27:EB:A2:CD:A4,-52, WPA ,0.000000,0.000000,0.000,0.000,AP
2026-04-01 13:29:29,1900-01-00 00:00:00,1032-wombat,B8:27:EB:A2:CD:A4,-50, WPA ,0.000000,0.000000,0.000,0.000,AP
2026-04-01 13:29:29,1900-01-00 00:00:00,,14:13:33:29:51:53,-46,,0.000000,0.000000,0.000,0.000,Client
2026-04-01 13:29:29,1900-01-00 00:00:00,,14:13:33:29:51:53,-46,,0.000000,0.000000,0.000,0.000,Client
2026-04-01 13:29:29,1900-01-00 00:00:00,,14:13:33:29:51:53,-41,,0.000000,0.000000,0.000,0.000,Client
2026-04-01 13:29:29,1900-01-00 00:00:00,1032-wombat,B8:27:EB:A2:CD:A4,-53, WPA ,0.000000,0.000000,0.000,0.000,AP
2026-04-01 13:29:29,1900-01-00 00:00:00,1032-wombat,B8:27:EB:A2:CD:A4,-54, WPA ,0.000000,0.000000,0.000,0.000,AP
2026-04-01 13:29:30,1900-01-00 00:00:00,,14:13:33:29:51:53,-43,,0.000000,0.000000,0.000,0.000,Client
2026-04-01 13:29:30,1900-01-00 00:00:00,1032-wombat,B8:27:EB:A2:CD:A4,-50, WPA ,0.000000,0.000000,0.000,0.000,AP
2026-04-01 13:29:30,1900-01-00 00:00:00,1032-wombat,B8:27:EB:A2:CD:A4,-50, WPA ,0.000000,0.000000,0.000,0.000,AP
2026-04-01 13:29:30,1900-01-00 00:00:00,,14:13:33:29:51:53,-49,,0.000000,0.000000,0.000,0.000,Client
2026-04-01 13:29:31,1900-01-00 00:00:00,,14:13:33:29:51:53,-42,,0.000000,0.000000,0.000,0.000,Client
2026-04-01 13:29:31,1900-01-00 00:00:00,1032-wombat,B8:27:EB:A2:CD:A4,-54, WPA ,0.000000,0.000000,0.000,0.000,AP
2026-04-01 13:29:31,1900-01-00 00:00:00,1032-wombat,B8:27:EB:A2:CD:A4,-53, WPA ,0.000000,0.000000,0.000,0.000,AP
2026-04-01 13:29:31,1900-01-00 00:00:00,,14:13:33:29:51:53,-46,,0.000000,0.000000,0.000,0.000,Client
2026-04-01 13:29:31,1900-01-00 00:00:00,,14:13:33:29:51:53,-46,,0.000000,0.000000,0.000,0.000,Client
2026-04-01 13:29:31,1900-01-00 00:00:00,1032-wombat,B8:27:EB:A2:CD:A4,-54, WPA ,0.000000,0.000000,0.000,0.000,AP
2026-04-01 13:29:31,1900-01-00 00:00:00,1032-wombat,B8:27:EB:A2:CD:A4,-49, WPA ,0.000000,0.000000,0.000,0.000,AP
2026-04-01 13:29:32,1900-01-00 00:00:00,,14:13:33:29:51:53,-42,,0.000000,0.000000,0.000,0.000,Client
2026-04-01 13:29:32,1900-01-00 00:00:00,1032-wombat,B8:27:EB:A2:CD:A4,-51, WPA ,0.000000,0.000000,0.000,0.000,AP
2026-04-01 13:29:32,1900-01-00 00:00:00,1032-wombat,B8:27:EB:A2:CD:A4,-49, WPA ,0.000000,0.000000,0.000,0.000,AP
2026-04-01 13:29:32,1900-01-00 00:00:00,1032-wombat,B8:27:EB:A2:CD:A4,-51, WPA ,0.000000,0.000000,0.000,0.000,AP
2026-04-01 13:29:33,1900-01-00 00:00:00,1032-wombat,B8:27:EB:A2:CD:A4,-50, WPA ,0.000000,0.000000,0.000,0.000,AP
2026-04-01 13:29:33,1900-01-00 00:00:00,1032-wombat,B8:27:EB:A2:CD:A4,-50, WPA ,0.000000,0.000000,0.000,0.000,AP
2026-04-01 13:29:33,1900-01-00 00:00:00,1032-wombat,B8:27:EB:A2:CD:A4,-49, WPA ,0.000000,0.000000,0.000,0.000,AP
2026-04-01 13:29:33,1900-01-00 00:00:00,1032-wombat,B8:27:EB:A2:CD:A4,-42, WPA ,0.000000,0.000000,0.000,0.000,AP
2026-04-01 13:29:33,1900-01-00 00:00:00,1032-wombat,B8:27:EB:A2:CD:A4,-48, WPA ,0.000000,0.000000,0.000,0.000,AP
2026-04-01 13:29:34,1900-01-00 00:00:00,1032-wombat,B8:27:EB:A2:CD:A4,-44, WPA ,0.000000,0.000000,0.000,0.000,AP
2026-04-01 13:29:34,1900-01-00 00:00:00,1032-wombat,B8:27:EB:A2:CD:A4,-42, WPA ,0.000000,0.000000,0.000,0.000,AP
2026-04-01 13:29:36,1900-01-00 00:00:00,,14:13:33:29:51:53,-40,,0.000000,0.000000,0.000,0.000,Client
2026-04-01 13:29:36,1900-01-00 00:00:00,,14:13:33:29:51:53,-46,,0.000000,0.000000,0.000,0.000,Client
2026-04-01 13:29:36,1900-01-00 00:00:00,,14:13:33:29:51:53,-47,,0.000000,0.000000,0.000,0.000,Client
2026-04-01 13:29:36,1900-01-00 00:00:00,1032-wombat,B8:27:EB:A2:CD:A4,-51, WPA ,0.000000,0.000000,0.000,0.000,AP
2026-04-01 13:29:36,1900-01-00 00:00:00,1032-wombat,B8:27:EB:A2:CD:A4,-51, WPA ,0.000000,0.000000,0.000,0.000,AP
2026-04-01 13:29:36,1900-01-00 00:00:00,1032-wombat,B8:27:EB:A2:CD:A4,-49, WPA ,0.000000,0.000000,0.000,0.000,AP
2026-04-01 13:29:37,1900-01-00 00:00:00,,14:13:33:29:51:53,-50,,0.000000,0.000000,0.000,0.000,Client
2026-04-01 13:29:37,1900-01-00 00:00:00,1032-wombat,B8:27:EB:A2:CD:A4,-43, WPA ,0.000000,0.000000,0.000,0.000,AP
2026-04-01 13:29:38,1900-01-00 00:00:00,1032-wombat,B8:27:EB:A2:CD:A4,-52, WPA ,0.000000,0.000000,0.000,0.000,AP
2026-04-01 13:29:38,1900-01-00 00:00:00,,14:13:33:29:51:53,-49,,0.000000,0.000000,0.000,0.000,Client
2026-04-01 13:29:38,1900-01-00 00:00:00,1032-wombat,B8:27:EB:A2:CD:A4,-43, WPA ,0.000000,0.000000,0.000,0.000,AP
2026-04-01 13:29:38,1900-01-00 00:00:00,,14:13:33:29:51:53,-41,,0.000000,0.000000,0.000,0.000,Client
2026-04-01 13:29:38,1900-01-00 00:00:00,,14:13:33:29:51:53,-46,,0.000000,0.000000,0.000,0.000,Client
2026-04-01 13:29:38,1900-01-00 00:00:00,,14:13:33:29:51:53,-43,,0.000000,0.000000,0.000,0.000,Client
2026-04-01 13:29:38,1900-01-00 00:00:00,1032-wombat,B8:27:EB:A2:CD:A4,-48, WPA ,0.000000,0.000000,0.000,0.000,AP
2026-04-01 13:29:38,1900-01-00 00:00:00,1032-wombat,B8:27:EB:A2:CD:A4,-49, WPA ,0.000000,0.000000,0.000,0.000,AP
2026-04-01 13:29:39,1900-01-00 00:00:00,1032-wombat,B8:27:EB:A2:CD:A4,-51, WPA ,0.000000,0.000000,0.000,0.000,AP
2026-04-01 13:29:39,1900-01-00 00:00:00,1032-wombat,B8:27:EB:A2:CD:A4,-50, WPA ,0.000000,0.000000,0.000,0.000,AP
2026-04-01 13:29:40,1900-01-00 00:00:00,1032-wombat,B8:27:EB:A2:CD:A4,-50, WPA ,0.000000,0.000000,0.000,0.000,AP
2026-04-01 13:29:40,1900-01-00 00:00:00,1032-wombat,B8:27:EB:A2:CD:A4,-49, WPA ,0.000000,0.000000,0.000,0.000,AP
2026-04-01 13:29:40,1900-01-00 00:00:00,1032-wombat,B8:27:EB:A2:CD:A4,-50, WPA ,0.000000,0.000000,0.000,0.000,AP
2026-04-01 13:29:40,1900-01-00 00:00:00,1032-wombat,B8:27:EB:A2:CD:A4,-50, WPA ,0.000000,0.000000,0.000,0.000,AP
2026-04-01 13:29:40,1900-01-00 00:00:00,1032-wombat,B8:27:EB:A2:CD:A4,-50, WPA ,0.000000,0.000000,0.000,0.000,AP
2026-04-01 13:29:40,1900-01-00 00:00:00,1032-wombat,B8:27:EB:A2:CD:A4,-43, WPA ,0.000000,0.000000,0.000,0.000,AP
2026-04-01 13:29:41,1900-01-00 00:00:00,1032-wombat,B8:27:EB:A2:CD:A4,-48, WPA ,0.000000,0.000000,0.000,0.000,AP
2026-04-01 13:29:41,1900-01-00 00:00:00,1032-wombat,B8:27:EB:A2:CD:A4,-49, WPA ,0.000000,0.000000,0.000,0.000,AP
2026-04-01 13:29:41,1900-01-00 00:00:00,1032-wombat,B8:27:EB:A2:CD:A4,-50, WPA ,0.000000,0.000000,0.000,0.000,AP
2026-04-01 13:29:41,1900-01-00 00:00:00,1032-wombat,B8:27:EB:A2:CD:A4,-49, WPA ,0.000000,0.000000,0.000,0.000,AP
2026-04-01 13:29:41,1900-01-00 00:00:00,1032-wombat,B8:27:EB:A2:CD:A4,-43, WPA ,0.000000,0.000000,0.000,0.000,AP
2026-04-01 13:29:41,1900-01-00 00:00:00,1032-wombat,B8:27:EB:A2:CD:A4,-42, WPA ,0.000000,0.000000,0.000,0.000,AP
2026-04-01 13:29:41,1900-01-00 00:00:00,1032-wombat,B8:27:EB:A2:CD:A4,-42, WPA ,0.000000,0.000000,0.000,0.000,AP
2026-04-01 13:29:41,1900-01-00 00:00:00,1032-wombat,B8:27:EB:A2:CD:A4,-42, WPA ,0.000000,0.000000,0.000,0.000,AP
2026-04-01 13:29:41,1900-01-00 00:00:00,1032-wombat,B8:27:EB:A2:CD:A4,-55, WPA ,0.000000,0.000000,0.000,0.000,AP
2026-04-01 13:29:41,1900-01-00 00:00:00,,14:13:33:29:51:53,-46,,0.000000,0.000000,0.000,0.000,Client
2026-04-01 13:29:41,1900-01-00 00:00:00,,14:13:33:29:51:53,-47,,0.000000,0.000000,0.000,0.000,Client
2026-04-01 13:29:41,1900-01-00 00:00:00,1032-wombat,B8:27:EB:A2:CD:A4,-49, WPA ,0.000000,0.000000,0.000,0.000,AP
2026-04-01 13:29:42,1900-01-00 00:00:00,,14:13:33:29:51:53,-48,,0.000000,0.000000,0.000,0.000,Client
2026-04-01 13:29:42,1900-01-00 00:00:00,1032-wombat,B8:27:EB:A2:CD:A4,-48, WPA ,0.000000,0.000000,0.000,0.000,AP
2026-04-01 13:29:42,1900-01-00 00:00:00,,14:13:33:29:51:53,-42,,0.000000,0.000000,0.000,0.000,Client
2026-04-01 13:29:43,1900-01-00 00:00:00,1032-wombat,B8:27:EB:A2:CD:A4,-44, WPA ,0.000000,0.000000,0.000,0.000,AP
2026-04-01 13:29:43,1900-01-00 00:00:00,1032-wombat,B8:27:EB:A2:CD:A4,-43, WPA ,0.000000,0.000000,0.000,0.000,AP
2026-04-01 13:29:44,1900-01-00 00:00:00,,14:13:33:29:51:53,-45,,0.000000,0.000000,0.000,0.000,Client
2026-04-01 13:29:44,1900-01-00 00:00:00,,14:13:33:29:51:53,-42,,0.000000,0.000000,0.000,0.000,Client
2026-04-01 13:29:44,1900-01-00 00:00:00,1032-wombat,B8:27:EB:A2:CD:A4,-51, WPA ,0.000000,0.000000,0.000,0.000,AP
2026-04-01 13:29:44,1900-01-00 00:00:00,,14:13:33:29:51:53,-48,,0.000000,0.000000,0.000,0.000,Client
2026-04-01 13:29:44,1900-01-00 00:00:00,1032-wombat,B8:27:EB:A2:CD:A4,-47, WPA ,0.000000,0.000000,0.000,0.000,AP
2026-04-01 13:29:44,1900-01-00 00:00:00,,14:13:33:29:51:53,-46,,0.000000,0.000000,0.000,0.000,Client
2026-04-01 13:29:45,1900-01-00 00:00:00,1032-wombat,B8:27:EB:A2:CD:A4,-43, WPA ,0.000000,0.000000,0.000,0.000,AP
2026-04-01 13:29:45,1900-01-00 00:00:00,1032-wombat,B8:27:EB:A2:CD:A4,-43, WPA ,0.000000,0.000000,0.000,0.000,AP
2026-04-01 13:29:45,1900-01-00 00:00:00,,14:13:33:29:51:53,-52,,0.000000,0.000000,0.000,0.000,Client
2026-04-01 13:29:46,1900-01-00 00:00:00,,14:13:33:29:51:53,-53,,0.000000,0.000000,0.000,0.000,Client
2026-04-01 13:29:46,1900-01-00 00:00:00,1032-wombat,B8:27:EB:A2:CD:A4,-43, WPA ,0.000000,0.000000,0.000,0.000,AP
2026-04-01 13:29:46,1900-01-00 00:00:00,1032-wombat,B8:27:EB:A2:CD:A4,-43, WPA ,0.000000,0.000000,0.000,0.000,AP
2026-04-01 13:29:46,1900-01-00 00:00:00,,14:13:33:29:51:53,-49,,0.000000,0.000000,0.000,0.000,Client
2026-04-01 13:29:46,1900-01-00 00:00:00,1032-wombat,B8:27:EB:A2:CD:A4,-49, WPA ,0.000000,0.000000,0.000,0.000,AP
2026-04-01 13:29:46,1900-01-00 00:00:00,,14:13:33:29:51:53,-46,,0.000000,0.000000,0.000,0.000,Client
2026-04-01 13:29:46,1900-01-00 00:00:00,,14:13:33:29:51:53,-46,,0.000000,0.000000,0.000,0.000,Client
2026-04-01 13:29:46,1900-01-00 00:00:00,1032-wombat,B8:27:EB:A2:CD:A4,-50, WPA ,0.000000,0.000000,0.000,0.000,AP
2026-04-01 13:29:46,1900-01-00 00:00:00,1032-wombat,B8:27:EB:A2:CD:A4,-50, WPA ,0.000000,0.000000,0.000,0.000,AP
2026-04-01 13:29:46,1900-01-00 00:00:00,,14:13:33:29:51:53,-48,,0.000000,0.000000,0.000,0.000,Client
2026-04-01 13:29:46,1900-01-00 00:00:00,1032-wombat,B8:27:EB:A2:CD:A4,-51, WPA ,0.000000,0.000000,0.000,0.000,AP
2026-04-01 13:29:47,1900-01-00 00:00:00,,14:13:33:29:51:53,-56,,0.000000,0.000000,0.000,0.000,Client
2026-04-01 13:29:47,1900-01-00 00:00:00,1032-wombat,B8:27:EB:A2:CD:A4,-53, WPA ,0.000000,0.000000,0.000,0.000,AP
2026-04-01 13:29:47,1900-01-00 00:00:00,,14:13:33:29:51:53,-50,,0.000000,0.000000,0.000,0.000,Client
2026-04-01 13:29:48,1900-01-00 00:00:00,1032-wombat,B8:27:EB:A2:CD:A4,-49, WPA ,0.000000,0.000000,0.000,0.000,AP
2026-04-01 13:29:48,1900-01-00 00:00:00,1032-wombat,B8:27:EB:A2:CD:A4,-49, WPA ,0.000000,0.000000,0.000,0.000,AP
2026-04-01 13:29:48,1900-01-00 00:00:00,1032-wombat,B8:27:EB:A2:CD:A4,-49, WPA ,0.000000,0.000000,0.000,0.000,AP
2026-04-01 13:29:48,1900-01-00 00:00:00,1032-wombat,B8:27:EB:A2:CD:A4,-50, WPA ,0.000000,0.000000,0.000,0.000,AP
2026-04-01 13:29:48,1900-01-00 00:00:00,1032-wombat,B8:27:EB:A2:CD:A4,-50, WPA ,0.000000,0.000000,0.000,0.000,AP
2026-04-01 13:29:48,1900-01-00 00:00:00,1032-wombat,B8:27:EB:A2:CD:A4,-50, WPA ,0.000000,0.000000,0.000,0.000,AP
2026-04-01 13:29:48,1900-01-00 00:00:00,1032-wombat,B8:27:EB:A2:CD:A4,-50, WPA ,0.000000,0.000000,0.000,0.000,AP
2026-04-01 13:29:48,1900-01-00 00:00:00,1032-wombat,B8:27:EB:A2:CD:A4,-50, WPA ,0.000000,0.000000,0.000,0.000,AP
2026-04-01 13:29:48,1900-01-00 00:00:00,1032-wombat,B8:27:EB:A2:CD:A4,-50, WPA ,0.000000,0.000000,0.000,0.000,AP
2026-04-01 13:29:49,1900-01-00 00:00:00,,14:13:33:29:51:53,-49,,0.000000,0.000000,0.000,0.000,Client
2026-04-01 13:29:49,1900-01-00 00:00:00,1032-wombat,B8:27:EB:A2:CD:A4,-42, WPA ,0.000000,0.000000,0.000,0.000,AP
2026-04-01 13:29:49,1900-01-00 00:00:00,1032-wombat,B8:27:EB:A2:CD:A4,-42, WPA ,0.000000,0.000000,0.000,0.000,AP
2026-04-01 13:29:49,1900-01-00 00:00:00,,14:13:33:29:51:53,-49,,0.000000,0.000000,0.000,0.000,Client
2026-04-01 13:29:50,1900-01-00 00:00:00,,14:13:33:29:51:53,-50,,0.000000,0.000000,0.000,0.000,Client
2026-04-01 13:29:51,1900-01-00 00:00:00,,14:13:33:29:51:53,-49,,0.000000,0.000000,0.000,0.000,Client
2026-04-01 13:29:51,1900-01-00 00:00:00,1032-wombat,B8:27:EB:A2:CD:A4,-53, WPA ,0.000000,0.000000,0.000,0.000,AP
2026-04-01 13:29:51,1900-01-00 00:00:00,,14:13:33:29:51:53,-49,,0.000000,0.000000,0.000,0.000,Client
2026-04-01 13:29:51,1900-01-00 00:00:00,1032-wombat,B8:27:EB:A2:CD:A4,-44, WPA ,0.000000,0.000000,0.000,0.000,AP
2026-04-01 13:29:51,1900-01-00 00:00:00,,14:13:33:29:51:53,-42,,0.000000,0.000000,0.000,0.000,Client
2026-04-01 13:29:51,1900-01-00 00:00:00,1032-wombat,B8:27:EB:A2:CD:A4,-53, WPA ,0.000000,0.000000,0.000,0.000,AP
2026-04-01 13:29:51,1900-01-00 00:00:00,1032-wombat,B8:27:EB:A2:CD:A4,-52, WPA ,0.000000,0.000000,0.000,0.000,AP
2026-04-01 13:29:51,1900-01-00 00:00:00,,14:13:33:29:51:53,-41,,0.000000,0.000000,0.000,0.000,Client
2026-04-01 13:29:51,1900-01-00 00:00:00,,14:13:33:29:51:53,-41,,0.000000,0.000000,0.000,0.000,Client
2026-04-01 13:29:51,1900-01-00 00:00:00,1032-wombat,B8:27:EB:A2:CD:A4,-52, WPA ,0.000000,0.000000,0.000,0.000,AP
2026-04-01 13:29:51,1900-01-00 00:00:00,,14:13:33:29:51:53,-42,,0.000000,0.000000,0.000,0.000,Client
2026-04-01 13:29:51,1900-01-00 00:00:00,,14:13:33:29:51:53,-43,,0.000000,0.000000,0.000,0.000,Client
2026-04-01 13:29:51,1900-01-00 00:00:00,,14:13:33:29:51:53,-42,,0.000000,0.000000,0.000,0.000,Client
2026-04-01 13:29:52,1900-01-00 00:00:00,,14:13:33:29:51:53,-48,,0.000000,0.000000,0.000,0.000,Client
2026-04-01 13:29:52,1900-01-00 00:00:00,1032-wombat,B8:27:EB:A2:CD:A4,-48, WPA ,0.000000,0.000000,0.000,0.000,AP
2026-04-01 13:29:53,1900-01-00 00:00:00,,14:13:33:29:51:53,-48,,0.000000,0.000000,0.000,0.000,Client
2026-04-01 13:29:53,1900-01-00 00:00:00,1032-wombat,B8:27:EB:A2:CD:A4,-52, WPA ,0.000000,0.000000,0.000,0.000,AP
2026-04-01 13:29:53,1900-01-00 00:00:00,,14:13:33:29:51:53,-43,,0.000000,0.000000,0.000,0.000,Client
2026-04-01 13:29:53,1900-01-00 00:00:00,,14:13:33:29:51:53,-47,,0.000000,0.000000,0.000,0.000,Client
2026-04-01 13:29:54,1900-01-00 00:00:00,,14:13:33:29:51:53,-47,,0.000000,0.000000,0.000,0.000,Client
2026-04-01 13:29:54,1900-01-00 00:00:00,1032-wombat,B8:27:EB:A2:CD:A4,-52, WPA ,0.000000,0.000000,0.000,0.000,AP
2026-04-01 13:29:55,1900-01-00 00:00:00,1032-wombat,B8:27:EB:A2:CD:A4,-50, WPA ,0.000000,0.000000,0.000,0.000,AP
2026-04-01 13:29:55,1900-01-00 00:00:00,,14:13:33:29:51:53,-42,,0.000000,0.000000,0.000,0.000,Client
2026-04-01 13:29:56,1900-01-00 00:00:00,1032-wombat,B8:27:EB:A2:CD:A4,-46, WPA ,0.000000,0.000000,0.000,0.000,AP
2026-04-01 13:29:56,1900-01-00 00:00:00,1032-wombat,B8:27:EB:A2:CD:A4,-49, WPA ,0.000000,0.000000,0.000,0.000,AP
2026-04-01 13:29:56,1900-01-00 00:00:00,1032-wombat,B8:27:EB:A2:CD:A4,-53, WPA ,0.000000,0.000000,0.000,0.000,AP
2026-04-01 13:29:56,1900-01-00 00:00:00,,14:13:33:29:51:53,-49,,0.000000,0.000000,0.000,0.000,Client
2026-04-01 13:29:56,1900-01-00 00:00:00,,14:13:33:29:51:53,-49,,0.000000,0.000000,0.000,0.000,Client
2026-04-01 13:29:56,1900-01-00 00:00:00,1032-wombat,B8:27:EB:A2:CD:A4,-53, WPA ,0.000000,0.000000,0.000,0.000,AP
2026-04-01 13:29:56,1900-01-00 00:00:00,1032-wombat,B8:27:EB:A2:CD:A4,-53, WPA ,0.000000,0.000000,0.000,0.000,AP
2026-04-01 13:29:56,1900-01-00 00:00:00,,14:13:33:29:51:53,-49,,0.000000,0.000000,0.000,0.000,Client
2026-04-01 13:29:56,1900-01-00 00:00:00,1032-wombat,B8:27:EB:A2:CD:A4,-52, WPA ,0.000000,0.000000,0.000,0.000,AP
2026-04-01 13:29:57,1900-01-00 00:00:00,1032-wombat,B8:27:EB:A2:CD:A4,-49, WPA ,0.000000,0.000000,0.000,0.000,AP
2026-04-01 13:29:58,1900-01-00 00:00:00,1032-wombat,B8:27:EB:A2:CD:A4,-50, WPA ,0.000000,0.000000,0.000,0.000,AP
2026-04-01 13:29:58,1900-01-00 00:00:00,1032-wombat,B8:27:EB:A2:CD:A4,-49, WPA ,0.000000,0.000000,0.000,0.000,AP
2026-04-01 13:29:58,1900-01-00 00:00:00,1032-wombat,B8:27:EB:A2:CD:A4,-50, WPA ,0.000000,0.000000,0.000,0.000,AP
2026-04-01 13:29:59,1900-01-00 00:00:00,1032-wombat,B8:27:EB:A2:CD:A4,-50, WPA ,0.000000,0.000000,0.000,0.000,AP
2026-04-01 13:29:59,1900-01-00 00:00:00,1032-wombat,B8:27:EB:A2:CD:A4,-50, WPA ,0.000000,0.000000,0.000,0.000,AP
2026-04-01 13:29:59,1900-01-00 00:00:00,1032-wombat,B8:27:EB:A2:CD:A4,-50, WPA ,0.000000,0.000000,0.000,0.000,AP
2026-04-01 13:29:59,1900-01-00 00:00:00,,14:13:33:29:51:53,-51,,0.000000,0.000000,0.000,0.000,Client
2026-04-01 13:29:59,1900-01-00 00:00:00,,14:13:33:29:51:53,-49,,0.000000,0.000000,0.000,0.000,Client
2026-04-01 13:30:00,1900-01-00 00:00:00,,14:13:33:29:51:53,-42,,0.000000,0.000000,0.000,0.000,Client
2026-04-01 13:30:00,1900-01-00 00:00:00,1032-wombat,B8:27:EB:A2:CD:A4,-50, WPA ,0.000000,0.000000,0.000,0.000,AP
2026-04-01 13:30:00,1900-01-00 00:00:00,,14:13:33:29:51:53,-49,,0.000000,0.000000,0.000,0.000,Client
2026-04-01 13:30:00,1900-01-00 00:00:00,,14:13:33:29:51:53,-48,,0.000000,0.000000,0.000,0.000,Client
2026-04-01 13:30:00,1900-01-00 00:00:00,1032-wombat,B8:27:EB:A2:CD:A4,-49, WPA ,0.000000,0.000000,0.000,0.000,AP
2026-04-01 13:30:01,1900-01-00 00:00:00,,14:13:33:29:51:53,-44,,0.000000,0.000000,0.000,0.000,Client
2026-04-01 13:30:01,1900-01-00 00:00:00,1032-wombat,B8:27:EB:A2:CD:A4,-52, WPA ,0.000000,0.000000,0.000,0.000,AP
2026-04-01 13:30:01,1900-01-00 00:00:00,,14:13:33:29:51:53,-45,,0.000000,0.000000,0.000,0.000,Client
2026-04-01 13:30:01,1900-01-00 00:00:00,,14:13:33:29:51:53,-45,,0.000000,0.000000,0.000,0.000,Client
2026-04-01 13:30:01,1900-01-00 00:00:00,1032-wombat,B8:27:EB:A2:CD:A4,-52, WPA ,0.000000,0.000000,0.000,0.000,AP
2026-04-01 13:30:01,1900-01-00 00:00:00,1032-wombat,B8:27:EB:A2:CD:A4,-51, WPA ,0.000000,0.000000,0.000,0.000,AP
2026-04-01 13:30:02,1900-01-00 00:00:00,1032-wombat,B8:27:EB:A2:CD:A4,-52, WPA ,0.000000,0.000000,0.000,0.000,AP
2026-04-01 13:30:04,1900-01-00 00:00:00,1032-wombat,B8:27:EB:A2:CD:A4,-49, WPA ,0.000000,0.000000,0.000,0.000,AP
2026-04-01 13:30:04,1900-01-00 00:00:00,1032-wombat,B8:27:EB:A2:CD:A4,-45, WPA ,0.000000,0.000000,0.000,0.000,AP
2026-04-01 13:30:05,1900-01-00 00:00:00,1032-wombat,B8:27:EB:A2:CD:A4,-44, WPA ,0.000000,0.000000,0.000,0.000,AP
2026-04-01 13:30:05,1900-01-00 00:00:00,,14:13:33:29:51:53,-54,,0.000000,0.000000,0.000,0.000,Client
2026-04-01 13:30:05,1900-01-00 00:00:00,1032-wombat,B8:27:EB:A2:CD:A4,-51, WPA ,0.000000,0.000000,0.000,0.000,AP
2026-04-01 13:30:06,1900-01-00 00:00:00,1032-wombat,B8:27:EB:A2:CD:A4,-44, WPA ,0.000000,0.000000,0.000,0.000,AP
2026-04-01 13:30:06,1900-01-00 00:00:00,1032-wombat,B8:27:EB:A2:CD:A4,-51, WPA ,0.000000,0.000000,0.000,0.000,AP
2026-04-01 13:30:06,1900-01-00 00:00:00,,14:13:33:29:51:53,-51,,0.000000,0.000000,0.000,0.000,Client
2026-04-01 13:30:06,1900-01-00 00:00:00,1032-wombat,B8:27:EB:A2:CD:A4,-44, WPA ,0.000000,0.000000,0.000,0.000,AP
2026-04-01 13:30:06,1900-01-00 00:00:00,1032-wombat,B8:27:EB:A2:CD:A4,-48, WPA ,0.000000,0.000000,0.000,0.000,AP
2026-04-01 13:30:06,1900-01-00 00:00:00,,14:13:33:29:51:53,-51,,0.000000,0.000000,0.000,0.000,Client
2026-04-01 13:30:06,1900-01-00 00:00:00,1032-wombat,B8:27:EB:A2:CD:A4,-49, WPA ,0.000000,0.000000,0.000,0.000,AP
2026-04-01 13:30:06,1900-01-00 00:00:00,,14:13:33:29:51:53,-49,,0.000000,0.000000,0.000,0.000,Client
2026-04-01 13:30:06,1900-01-00 00:00:00,1032-wombat,B8:27:EB:A2:CD:A4,-51, WPA ,0.000000,0.000000,0.000,0.000,AP
2026-04-01 13:30:06,1900-01-00 00:00:00,1032-wombat,B8:27:EB:A2:CD:A4,-51, WPA ,0.000000,0.000000,0.000,0.000,AP
2026-04-01 13:30:06,1900-01-00 00:00:00,,14:13:33:29:51:53,-50,,0.000000,0.000000,0.000,0.000,Client
2026-04-01 13:30:06,1900-01-00 00:00:00,1032-wombat,B8:27:EB:A2:CD:A4,-50, WPA ,0.000000,0.000000,0.000,0.000,AP
2026-04-01 13:30:06,1900-01-00 00:00:00,,14:13:33:29:51:53,-49,,0.000000,0.000000,0.000,0.000,Client
2026-04-01 13:30:06,1900-01-00 00:00:00,,14:13:33:29:51:53,-49,,0.000000,0.000000,0.000,0.000,Client
2026-04-01 13:30:06,1900-01-00 00:00:00,1032-wombat,B8:27:EB:A2:CD:A4,-51, WPA ,0.000000,0.000000,0.000,0.000,AP
2026-04-01 13:30:06,1900-01-00 00:00:00,1032-wombat,B8:27:EB:A2:CD:A4,-51, WPA ,0.000000,0.000000,0.000,0.000,AP
2026-04-01 13:30:06,1900-01-00 00:00:00,1032-wombat,B8:27:EB:A2:CD:A4,-51, WPA ,0.000000,0.000000,0.000,0.000,AP
2026-04-01 13:30:06,1900-01-00 00:00:00,1032-wombat,B8:27:EB:A2:CD:A4,-51, WPA ,0.000000,0.000000,0.000,0.000,AP
2026-04-01 13:30:06,1900-01-00 00:00:00,,14:13:33:29:51:53,-50,,0.000000,0.000000,0.000,0.000,Client
2026-04-01 13:30:07,1900-01-00 00:00:00,,14:13:33:29:51:53,-49,,0.000000,0.000000,0.000,0.000,Client
2026-04-01 13:30:07,1900-01-00 00:00:00,1032-wombat,B8:27:EB:A2:CD:A4,-51, WPA ,0.000000,0.000000,0.000,0.000,AP
2026-04-01 13:30:07,1900-01-00 00:00:00,1032-wombat,B8:27:EB:A2:CD:A4,-51, WPA ,0.000000,0.000000,0.000,0.000,AP
2026-04-01 13:30:07,1900-01-00 00:00:00,,14:13:33:29:51:53,-49,,0.000000,0.000000,0.000,0.000,Client
2026-04-01 13:30:07,1900-01-00 00:00:00,,14:13:33:29:51:53,-49,,0.000000,0.000000,0.000,0.000,Client
2026-04-01 13:30:09,1900-01-00 00:00:00,,14:13:33:29:51:53,-52,,0.000000,0.000000,0.000,0.000,Client
2026-04-01 13:30:09,1900-01-00 00:00:00,,14:13:33:29:51:53,-45,,0.000000,0.000000,0.000,0.000,Client
2026-04-01 13:30:11,1900-01-00 00:00:00,1032-wombat,B8:27:EB:A2:CD:A4,-50, WPA ,0.000000,0.000000,0.000,0.000,AP
2026-04-01 13:30:11,1900-01-00 00:00:00,,14:13:33:29:51:53,-42,,0.000000,0.000000,0.000,0.000,Client
2026-04-01 13:30:11,1900-01-00 00:00:00,,14:13:33:29:51:53,-42,,0.000000,0.000000,0.000,0.000,Client
2026-04-01 13:30:11,1900-01-00 00:00:00,1032-wombat,B8:27:EB:A2:CD:A4,-50, WPA ,0.000000,0.000000,0.000,0.000,AP
2026-04-01 13:30:12,1900-01-00 00:00:00,1032-wombat,B8:27:EB:A2:CD:A4,-47, WPA ,0.000000,0.000000,0.000,0.000,AP
2026-04-01 13:30:13,1900-01-00 00:00:00,1032-wombat,B8:27:EB:A2:CD:A4,-49, WPA ,0.000000,0.000000,0.000,0.000,AP
2026-04-01 13:30:14,1900-01-00 00:00:00,1032-wombat,B8:27:EB:A2:CD:A4,-49, WPA ,0.000000,0.000000,0.000,0.000,AP
2026-04-01 13:30:16,1900-01-00 00:00:00,,14:13:33:29:51:53,-48,,0.000000,0.000000,0.000,0.000,Client
2026-04-01 13:30:16,1900-01-00 00:00:00,1032-wombat,B8:27:EB:A2:CD:A4,-54, WPA ,0.000000,0.000000,0.000,0.000,AP
2026-04-01 13:30:16,1900-01-00 00:00:00,,14:13:33:29:51:53,-48,,0.000000,0.000000,0.000,0.000,Client
2026-04-01 13:30:16,1900-01-00 00:00:00,,14:13:33:29:51:53,-48,,0.000000,0.000000,0.000,0.000,Client
2026-04-01 13:30:16,1900-01-00 00:00:00,1032-wombat,B8:27:EB:A2:CD:A4,-54, WPA ,0.000000,0.000000,0.000,0.000,AP
2026-04-01 13:30:16,1900-01-00 00:00:00,1032-wombat,B8:27:EB:A2:CD:A4,-54, WPA ,0.000000,0.000000,0.000,0.000,AP
2026-04-01 13:30:16,1900-01-00 00:00:00,1032-wombat,B8:27:EB:A2:CD:A4,-54, WPA ,0.000000,0.000000,0.000,0.000,AP
2026-04-01 13:30:16,1900-01-00 00:00:00,,14:13:33:29:51:53,-48,,0.000000,0.000000,0.000,0.000,Client
2026-04-01 13:30:16,1900-01-00 00:00:00,,14:13:33:29:51:53,-48,,0.000000,0.000000,0.000,0.000,Client
2026-04-01 13:30:18,1900-01-00 00:00:00,1032-wombat,B8:27:EB:A2:CD:A4,-44, WPA ,0.000000,0.000000,0.000,0.000,AP
2026-04-01 13:30:18,1900-01-00 00:00:00,1032-wombat,B8:27:EB:A2:CD:A4,-49, WPA ,0.000000,0.000000,0.000,0.000,AP
2026-04-01 13:30:18,1900-01-00 00:00:00,1032-wombat,B8:27:EB:A2:CD:A4,-50, WPA ,0.000000,0.000000,0.000,0.000,AP
2026-04-01 13:30:18,1900-01-00 00:00:00,,14:13:33:29:51:53,-49,,0.000000,0.000000,0.000,0.000,Client
2026-04-01 13:30:18,1900-01-00 00:00:00,1032-wombat,B8:27:EB:A2:CD:A4,-52, WPA ,0.000000,0.000000,0.000,0.000,AP
2026-04-01 13:30:18,1900-01-00 00:00:00,,14:13:33:29:51:53,-48,,0.000000,0.000000,0.000,0.000,Client
2026-04-01 13:30:19,1900-01-00 00:00:00,1032-wombat,B8:27:EB:A2:CD:A4,-50, WPA ,0.000000,0.000000,0.000,0.000,AP
2026-04-01 13:30:19,1900-01-00 00:00:00,1032-wombat,B8:27:EB:A2:CD:A4,-50, WPA ,0.000000,0.000000,0.000,0.000,AP
2026-04-01 13:30:19,1900-01-00 00:00:00,1032-wombat,B8:27:EB:A2:CD:A4,-49, WPA ,0.000000,0.000000,0.000,0.000,AP
2026-04-01 13:30:19,1900-01-00 00:00:00,1032-wombat,B8:27:EB:A2:CD:A4,-44, WPA ,0.000000,0.000000,0.000,0.000,AP
2026-04-01 13:30:19,1900-01-00 00:00:00,1032-wombat,B8:27:EB:A2:CD:A4,-44, WPA ,0.000000,0.000000,0.000,0.000,AP
2026-04-01 13:30:20,1900-01-00 00:00:00,1032-wombat,B8:27:EB:A2:CD:A4,-42, WPA ,0.000000,0.000000,0.000,0.000,AP
2026-04-01 13:30:20,1900-01-00 00:00:00,1032-wombat,B8:27:EB:A2:CD:A4,-44, WPA ,0.000000,0.000000,0.000,0.000,AP
2026-04-01 13:30:20,1900-01-00 00:00:00,1032-wombat,B8:27:EB:A2:CD:A4,-50, WPA ,0.000000,0.000000,0.000,0.000,AP
2026-04-01 13:30:20,1900-01-00 00:00:00,1032-wombat,B8:27:EB:A2:CD:A4,-49, WPA ,0.000000,0.000000,0.000,0.000,AP
2026-04-01 13:30:21,1900-01-00 00:00:00,1032-wombat,B8:27:EB:A2:CD:A4,-48, WPA ,0.000000,0.000000,0.000,0.000,AP
2026-04-01 13:30:21,1900-01-00 00:00:00,1032-wombat,B8:27:EB:A2:CD:A4,-44, WPA ,0.000000,0.000000,0.000,0.000,AP
2026-04-01 13:30:21,1900-01-00 00:00:00,1032-wombat,B8:27:EB:A2:CD:A4,-50, WPA ,0.000000,0.000000,0.000,0.000,AP
2026-04-01 13:30:21,1900-01-00 00:00:00,1032-wombat,B8:27:EB:A2:CD:A4,-49, WPA ,0.000000,0.000000,0.000,0.000,AP
2026-04-01 13:30:21,1900-01-00 00:00:00,,14:13:33:29:51:53,-49,,0.000000,0.000000,0.000,0.000,Client
2026-04-01 13:30:21,1900-01-00 00:00:00,,14:13:33:29:51:53,-48,,0.000000,0.000000,0.000,0.000,Client
2026-04-01 13:30:21,1900-01-00 00:00:00,,14:13:33:29:51:53,-49,,0.000000,0.000000,0.000,0.000,Client
2026-04-01 13:30:21,1900-01-00 00:00:00,1032-wombat,B8:27:EB:A2:CD:A4,-52, WPA ,0.000000,0.000000,0.000,0.000,AP
2026-04-01 13:30:24,1900-01-00 00:00:00,1032-wombat,B8:27:EB:A2:CD:A4,-50, WPA ,0.000000,0.000000,0.000,0.000,AP
2026-04-01 13:30:24,1900-01-00 00:00:00,1032-wombat,B8:27:EB:A2:CD:A4,-50, WPA ,0.000000,0.000000,0.000,0.000,AP
2026-04-01 13:30:25,1900-01-00 00:00:00,1032-wombat,B8:27:EB:A2:CD:A4,-43, WPA ,0.000000,0.000000,0.000,0.000,AP
2026-04-01 13:30:25,1900-01-00 00:00:00,1032-wombat,B8:27:EB:A2:CD:A4,-50, WPA ,0.000000,0.000000,0.000,0.000,AP
2026-04-01 13:30:25,1900-01-00 00:00:00,1032-wombat,B8:27:EB:A2:CD:A4,-48, WPA ,0.000000,0.000000,0.000,0.000,AP
2026-04-01 13:30:26,1900-01-00 00:00:00,1032-wombat,B8:27:EB:A2:CD:A4,-48, WPA ,0.000000,0.000000,0.000,0.000,AP
2026-04-01 13:30:26,1900-01-00 00:00:00,1032-wombat,B8:27:EB:A2:CD:A4,-50, WPA ,0.000000,0.000000,0.000,0.000,AP
2026-04-01 13:30:26,1900-01-00 00:00:00,1032-wombat,B8:27:EB:A2:CD:A4,-48, WPA ,0.000000,0.000000,0.000,0.000,AP
2026-04-01 13:30:26,1900-01-00 00:00:00,1032-wombat,B8:27:EB:A2:CD:A4,-44, WPA ,0.000000,0.000000,0.000,0.000,AP
2026-04-01 13:30:26,1900-01-00 00:00:00,1032-wombat,B8:27:EB:A2:CD:A4,-49, WPA ,0.000000,0.000000,0.000,0.000,AP
2026-04-01 13:30:26,1900-01-00 00:00:00,1032-wombat,B8:27:EB:A2:CD:A4,-49, WPA ,0.000000,0.000000,0.000,0.000,AP
2026-04-01 13:30:26,1900-01-00 00:00:00,1032-wombat,B8:27:EB:A2:CD:A4,-49, WPA ,0.000000,0.000000,0.000,0.000,AP
2026-04-01 13:30:26,1900-01-00 00:00:00,1032-wombat,B8:27:EB:A2:CD:A4,-48, WPA ,0.000000,0.000000,0.000,0.000,AP
2026-04-01 13:30:26,1900-01-00 00:00:00,1032-wombat,B8:27:EB:A2:CD:A4,-49, WPA ,0.000000,0.000000,0.000,0.000,AP
2026-04-01 13:30:26,1900-01-00 00:00:00,1032-wombat,B8:27:EB:A2:CD:A4,-48, WPA ,0.000000,0.000000,0.000,0.000,AP
2026-04-01 13:30:26,1900-01-00 00:00:00,,14:13:33:29:51:53,-43,,0.000000,0.000000,0.000,0.000,Client
2026-04-01 13:30:26,1900-01-00 00:00:00,1032-wombat,B8:27:EB:A2:CD:A4,-52, WPA ,0.000000,0.000000,0.000,0.000,AP
2026-04-01 13:30:26,1900-01-00 00:00:00,,14:13:33:29:51:53,-46,,0.000000,0.000000,0.000,0.000,Client
2026-04-01 13:30:26,1900-01-00 00:00:00,1032-wombat,B8:27:EB:A2:CD:A4,-52, WPA ,0.000000,0.000000,0.000,0.000,AP
2026-04-01 13:30:26,1900-01-00 00:00:00,1032-wombat,B8:27:EB:A2:CD:A4,-52, WPA ,0.000000,0.000000,0.000,0.000,AP
2026-04-01 13:30:26,1900-01-00 00:00:00,,14:13:33:29:51:53,-46,,0.000000,0.000000,0.000,0.000,Client
2026-04-01 13:30:27,1900-01-00 00:00:00,1032-wombat,B8:27:EB:A2:CD:A4,-50, WPA ,0.000000,0.000000,0.000,0.000,AP
2026-04-01 13:30:27,1900-01-00 00:00:00,,14:13:33:29:51:53,-45,,0.000000,0.000000,0.000,0.000,Client
2026-04-01 13:30:27,1900-01-00 00:00:00,,14:13:33:29:51:53,-42,,0.000000,0.000000,0.000,0.000,Client
2026-04-01 13:30:27,1900-01-00 00:00:00,1032-wombat,B8:27:EB:A2:CD:A4,-52, WPA ,0.000000,0.000000,0.000,0.000,AP
2026-04-01 13:30:27,1900-01-00 00:00:00,1032-wombat,B8:27:EB:A2:CD:A4,-50, WPA ,0.000000,0.000000,0.000,0.000,AP
2026-04-01 13:30:27,1900-01-00 00:00:00,,14:13:33:29:51:53,-43,,0.000000,0.000000,0.000,0.000,Client
2026-04-01 13:30:27,1900-01-00 00:00:00,1032-wombat,B8:27:EB:A2:CD:A4,-46, WPA ,0.000000,0.000000,0.000,0.000,AP
2026-04-01 13:30:27,1900-01-00 00:00:00,1032-wombat,B8:27:EB:A2:CD:A4,-52, WPA ,0.000000,0.000000,0.000,0.000,AP
2026-04-01 13:30:27,1900-01-00 00:00:00,,14:13:33:29:51:53,-48,,0.000000,0.000000,0.000,0.000,Client
2026-04-01 13:30:27,1900-01-00 00:00:00,1032-wombat,B8:27:EB:A2:CD:A4,-49, WPA ,0.000000,0.000000,0.000,0.000,AP
2026-04-01 13:30:27,1900-01-00 00:00:00,1032-wombat,B8:27:EB:A2:CD:A4,-49, WPA ,0.000000,0.000000,0.000,0.000,AP
2026-04-01 13:30:27,1900-01-00 00:00:00,1032-wombat,B8:27:EB:A2:CD:A4,-49, WPA ,0.000000,0.000000,0.000,0.000,AP
2026-04-01 13:30:27,1900-01-00 00:00:00,,14:13:33:29:51:53,-48,,0.000000,0.000000,0.000,0.000,Client
2026-04-01 13:30:27,1900-01-00 00:00:00,1032-wombat,B8:27:EB:A2:CD:A4,-49, WPA ,0.000000,0.000000,0.000,0.000,AP
2026-04-01 13:30:28,1900-01-00 00:00:00,,14:13:33:29:51:53,-44,,0.000000,0.000000,0.000,0.000,Client
2026-04-01 13:30:28,1900-01-00 00:00:00,1032-wombat,B8:27:EB:A2:CD:A4,-43, WPA ,0.000000,0.000000,0.000,0.000,AP
2026-04-01 13:30:29,1900-01-00 00:00:00,1032-wombat,B8:27:EB:A2:CD:A4,-43, WPA ,0.000000,0.000000,0.000,0.000,AP
2026-04-01 13:30:29,1900-01-00 00:00:00,1032-wombat,B8:27:EB:A2:CD:A4,-43, WPA ,0.000000,0.000000,0.000,0.000,AP
2026-04-01 13:30:29,1900-01-00 00:00:00,1032-wombat,B8:27:EB:A2:CD:A4,-43, WPA ,0.000000,0.000000,0.000,0.000,AP
2026-04-01 13:30:30,1900-01-00 00:00:00,1032-wombat,B8:27:EB:A2:CD:A4,-41, WPA ,0.000000,0.000000,0.000,0.000,AP
2026-04-01 13:30:31,1900-01-00 00:00:00,1032-wombat,B8:27:EB:A2:CD:A4,-52, WPA ,0.000000,0.000000,0.000,0.000,AP
2026-04-01 13:30:31,1900-01-00 00:00:00,,14:13:33:29:51:53,-47,,0.000000,0.000000,0.000,0.000,Client
2026-04-01 13:30:31,1900-01-00 00:00:00,,14:13:33:29:51:53,-47,,0.000000,0.000000,0.000,0.000,Client
2026-04-01 13:30:31,1900-01-00 00:00:00,1032-wombat,B8:27:EB:A2:CD:A4,-51, WPA ,0.000000,0.000000,0.000,0.000,AP
2026-04-01 13:30:32,1900-01-00 00:00:00,1032-wombat,B8:27:EB:A2:CD:A4,-43, WPA ,0.000000,0.000000,0.000,0.000,AP
2026-04-01 13:30:34,1900-01-00 00:00:00,1032-wombat,B8:27:EB:A2:CD:A4,-42, WPA ,0.000000,0.000000,0.000,0.000,AP
2026-04-01 13:30:34,1900-01-00 00:00:00,1032-wombat,B8:27:EB:A2:CD:A4,-44, WPA ,0.000000,0.000000,0.000,0.000,AP
2026-04-01 13:30:34,1900-01-00 00:00:00,1032-wombat,B8:27:EB:A2:CD:A4,-43, WPA ,0.000000,0.000000,0.000,0.000,AP
2026-04-01 13:30:34,1900-01-00 00:00:00,1032-wombat,B8:27:EB:A2:CD:A4,-48, WPA ,0.000000,0.000000,0.000,0.000,AP
2026-04-01 13:30:34,1900-01-00 00:00:00,1032-wombat,B8:27:EB:A2:CD:A4,-43, WPA ,0.000000,0.000000,0.000,0.000,AP
2026-04-01 13:30:34,1900-01-00 00:00:00,1032-wombat,B8:27:EB:A2:CD:A4,-42, WPA ,0.000000,0.000000,0.000,0.000,AP
2026-04-01 13:30:34,1900-01-00 00:00:00,,14:13:33:29:51:53,-49,,0.000000,0.000000,0.000,0.000,Client
2026-04-01 13:30:36,1900-01-00 00:00:00,1032-wombat,B8:27:EB:A2:CD:A4,-48, WPA ,0.000000,0.000000,0.000,0.000,AP
2026-04-01 13:30:36,1900-01-00 00:00:00,1032-wombat,B8:27:EB:A2:CD:A4,-50, WPA ,0.000000,0.000000,0.000,0.000,AP
2026-04-01 13:30:36,1900-01-00 00:00:00,,14:13:33:29:51:53,-48,,0.000000,0.000000,0.000,0.000,Client
2026-04-01 13:30:36,1900-01-00 00:00:00,,14:13:33:29:51:53,-48,,0.000000,0.000000,0.000,0.000,Client
2026-04-01 13:30:36,1900-01-00 00:00:00,1032-wombat,B8:27:EB:A2:CD:A4,-51, WPA ,0.000000,0.000000,0.000,0.000,AP
2026-04-01 13:30:36,1900-01-00 00:00:00,1032-wombat,B8:27:EB:A2:CD:A4,-51, WPA ,0.000000,0.000000,0.000,0.000,AP
2026-04-01 13:30:36,1900-01-00 00:00:00,,14:13:33:29:51:53,-47,,0.000000,0.000000,0.000,0.000,Client
2026-04-01 13:30:37,1900-01-00 00:00:00,,14:13:33:29:51:53,-49,,0.000000,0.000000,0.000,0.000,Client
2026-04-01 13:30:37,1900-01-00 00:00:00,1032-wombat,B8:27:EB:A2:CD:A4,-50, WPA ,0.000000,0.000000,0.000,0.000,AP
2026-04-01 13:30:37,1900-01-00 00:00:00,1032-wombat,B8:27:EB:A2:CD:A4,-44, WPA ,0.000000,0.000000,0.000,0.000,AP
2026-04-01 13:30:37,1900-01-00 00:00:00,1032-wombat,B8:27:EB:A2:CD:A4,-43, WPA ,0.000000,0.000000,0.000,0.000,AP
2026-04-01 13:30:38,1900-01-00 00:00:00,1032-wombat,B8:27:EB:A2:CD:A4,-49, WPA ,0.000000,0.000000,0.000,0.000,AP
2026-04-01 13:30:39,1900-01-00 00:00:00,1032-wombat,B8:27:EB:A2:CD:A4,-48, WPA ,0.000000,0.000000,0.000,0.000,AP
2026-04-01 13:30:39,1900-01-00 00:00:00,1032-wombat,B8:27:EB:A2:CD:A4,-44, WPA ,0.000000,0.000000,0.000,0.000,AP
2026-04-01 13:30:39,1900-01-00 00:00:00,1032-wombat,B8:27:EB:A2:CD:A4,-43, WPA ,0.000000,0.000000,0.000,0.000,AP
2026-04-01 13:30:41,1900-01-00 00:00:00,,14:13:33:29:51:53,-50,,0.000000,0.000000,0.000,0.000,Client
2026-04-01 13:30:41,1900-01-00 00:00:00,1032-wombat,B8:27:EB:A2:CD:A4,-52, WPA ,0.000000,0.000000,0.000,0.000,AP
2026-04-01 13:30:41,1900-01-00 00:00:00,,14:13:33:29:51:53,-48,,0.000000,0.000000,0.000,0.000,Client
2026-04-01 13:30:41,1900-01-00 00:00:00,,14:13:33:29:51:53,-48,,0.000000,0.000000,0.000,0.000,Client
2026-04-01 13:30:41,1900-01-00 00:00:00,1032-wombat,B8:27:EB:A2:CD:A4,-52, WPA ,0.000000,0.000000,0.000,0.000,AP
2026-04-01 13:30:41,1900-01-00 00:00:00,1032-wombat,B8:27:EB:A2:CD:A4,-52, WPA ,0.000000,0.000000,0.000,0.000,AP
2026-04-01 13:30:41,1900-01-00 00:00:00,,14:13:33:29:51:53,-48,,0.000000,0.000000,0.000,0.000,Client
2026-04-01 13:30:42,1900-01-00 00:00:00,,14:13:33:29:51:53,-47,,0.000000,0.000000,0.000,0.000,Client
2026-04-01 13:30:42,1900-01-00 00:00:00,,14:13:33:29:51:53,-47,,0.000000,0.000000,0.000,0.000,Client
2026-04-01 13:30:42,1900-01-00 00:00:00,1032-wombat,B8:27:EB:A2:CD:A4,-51, WPA ,0.000000,0.000000,0.000,0.000,AP
2026-04-01 13:30:42,1900-01-00 00:00:00,1032-wombat,B8:27:EB:A2:CD:A4,-51, WPA ,0.000000,0.000000,0.000,0.000,AP
2026-04-01 13:30:42,1900-01-00 00:00:00,,14:13:33:29:51:53,-47,,0.000000,0.000000,0.000,0.000,Client
2026-04-01 13:30:42,1900-01-00 00:00:00,1032-wombat,B8:27:EB:A2:CD:A4,-50, WPA ,0.000000,0.000000,0.000,0.000,AP
2026-04-01 13:30:42,1900-01-00 00:00:00,,14:13:33:29:51:53,-46,,0.000000,0.000000,0.000,0.000,Client
2026-04-01 13:30:43,1900-01-00 00:00:00,1032-wombat,B8:27:EB:A2:CD:A4,-41, WPA ,0.000000,0.000000,0.000,0.000,AP
2026-04-01 13:30:43,1900-01-00 00:00:00,,14:13:33:29:51:53,-50,,0.000000,0.000000,0.000,0.000,Client
2026-04-01 13:30:43,1900-01-00 00:00:00,1032-wombat,B8:27:EB:A2:CD:A4,-52, WPA ,0.000000,0.000000,0.000,0.000,AP
2026-04-01 13:30:43,1900-01-00 00:00:00,,14:13:33:29:51:53,-47,,0.000000,0.000000,0.000,0.000,Client
2026-04-01 13:30:44,1900-01-00 00:00:00,,14:13:33:29:51:53,-41,,0.000000,0.000000,0.000,0.000,Client
2026-04-01 13:30:44,1900-01-00 00:00:00,1032-wombat,B8:27:EB:A2:CD:A4,-43, WPA ,0.000000,0.000000,0.000,0.000,AP
2026-04-01 13:30:45,1900-01-00 00:00:00,1032-wombat,B8:27:EB:A2:CD:A4,-46, WPA ,0.000000,0.000000,0.000,0.000,AP
2026-04-01 13:30:45,1900-01-00 00:00:00,1032-wombat,B8:27:EB:A2:CD:A4,-48, WPA ,0.000000,0.000000,0.000,0.000,AP
2026-04-01 13:30:45,1900-01-00 00:00:00,1032-wombat,B8:27:EB:A2:CD:A4,-48, WPA ,0.000000,0.000000,0.000,0.000,AP
2026-04-01 13:30:45,1900-01-00 00:00:00,1032-wombat,B8:27:EB:A2:CD:A4,-48, WPA ,0.000000,0.000000,0.000,0.000,AP
2026-04-01 13:30:45,1900-01-00 00:00:00,1032-wombat,B8:27:EB:A2:CD:A4,-44, WPA ,0.000000,0.000000,0.000,0.000,AP
2026-04-01 13:30:46,1900-01-00 00:00:00,,14:13:33:29:51:53,-48,,0.000000,0.000000,0.000,0.000,Client
2026-04-01 13:30:46,1900-01-00 00:00:00,1032-wombat,B8:27:EB:A2:CD:A4,-50, WPA ,0.000000,0.000000,0.000,0.000,AP
2026-04-01 13:30:46,1900-01-00 00:00:00,,14:13:33:29:51:53,-47,,0.000000,0.000000,0.000,0.000,Client
2026-04-01 13:30:46,1900-01-00 00:00:00,,14:13:33:29:51:53,-47,,0.000000,0.000000,0.000,0.000,Client
2026-04-01 13:30:46,1900-01-00 00:00:00,1032-wombat,B8:27:EB:A2:CD:A4,-51, WPA ,0.000000,0.000000,0.000,0.000,AP
2026-04-01 13:30:46,1900-01-00 00:00:00,1032-wombat,B8:27:EB:A2:CD:A4,-51, WPA ,0.000000,0.000000,0.000,0.000,AP
2026-04-01 13:30:47,1900-01-00 00:00:00,,14:13:33:29:51:53,-48,,0.000000,0.000000,0.000,0.000,Client
2026-04-01 13:30:47,1900-01-00 00:00:00,1032-wombat,B8:27:EB:A2:CD:A4,-49, WPA ,0.000000,0.000000,0.000,0.000,AP
2026-04-01 13:30:47,1900-01-00 00:00:00,1032-wombat,B8:27:EB:A2:CD:A4,-43, WPA ,0.000000,0.000000,0.000,0.000,AP
2026-04-01 13:30:47,1900-01-00 00:00:00,1032-wombat,B8:27:EB:A2:CD:A4,-43, WPA ,0.000000,0.000000,0.000,0.000,AP
2026-04-01 13:30:47,1900-01-00 00:00:00,,14:13:33:29:51:53,-43,,0.000000,0.000000,0.000,0.000,Client
2026-04-01 13:30:47,1900-01-00 00:00:00,1032-wombat,B8:27:EB:A2:CD:A4,-49, WPA ,0.000000,0.000000,0.000,0.000,AP
2026-04-01 13:30:48,1900-01-00 00:00:00,,14:13:33:29:51:53,-45,,0.000000,0.000000,0.000,0.000,Client
2026-04-01 13:30:48,1900-01-00 00:00:00,,14:13:33:29:51:53,-42,,0.000000,0.000000,0.000,0.000,Client
2026-04-01 13:30:48,1900-01-00 00:00:00,1032-wombat,B8:27:EB:A2:CD:A4,-50, WPA ,0.000000,0.000000,0.000,0.000,AP
2026-04-01 13:30:48,1900-01-00 00:00:00,1032-wombat,B8:27:EB:A2:CD:A4,-43, WPA ,0.000000,0.000000,0.000,0.000,AP
2026-04-01 13:30:48,1900-01-00 00:00:00,,14:13:33:29:51:53,-47,,0.000000,0.000000,0.000,0.000,Client
2026-04-01 13:30:48,1900-01-00 00:00:00,1032-wombat,B8:27:EB:A2:CD:A4,-43, WPA ,0.000000,0.000000,0.000,0.000,AP
2026-04-01 13:30:48,1900-01-00 00:00:00,1032-wombat,B8:27:EB:A2:CD:A4,-42, WPA ,0.000000,0.000000,0.000,0.000,AP
2026-04-01 13:30:48,1900-01-00 00:00:00,1032-wombat,B8:27:EB:A2:CD:A4,-44, WPA ,0.000000,0.000000,0.000,0.000,AP
2026-04-01 13:30:48,1900-01-00 00:00:00,1032-wombat,B8:27:EB:A2:CD:A4,-50, WPA ,0.000000,0.000000,0.000,0.000,AP
2026-04-01 13:30:49,1900-01-00 00:00:00,,14:13:33:29:51:53,-46,,0.000000,0.000000,0.000,0.000,Client
2026-04-01 13:30:49,1900-01-00 00:00:00,1032-wombat,B8:27:EB:A2:CD:A4,-50, WPA ,0.000000,0.000000,0.000,0.000,AP
2026-04-01 13:30:49,1900-01-00 00:00:00,1032-wombat,B8:27:EB:A2:CD:A4,-49, WPA ,0.000000,0.000000,0.000,0.000,AP
2026-04-01 13:30:49,1900-01-00 00:00:00,1032-wombat,B8:27:EB:A2:CD:A4,-48, WPA ,0.000000,0.000000,0.000,0.000,AP
2026-04-01 13:30:49,1900-01-00 00:00:00,1032-wombat,B8:27:EB:A2:CD:A4,-43, WPA ,0.000000,0.000000,0.000,0.000,AP
2026-04-01 13:30:49,1900-01-00 00:00:00,1032-wombat,B8:27:EB:A2:CD:A4,-44, WPA ,0.000000,0.000000,0.000,0.000,AP
2026-04-01 13:30:49,1900-01-00 00:00:00,1032-wombat,B8:27:EB:A2:CD:A4,-44, WPA ,0.000000,0.000000,0.000,0.000,AP
2026-04-01 13:30:49,1900-01-00 00:00:00,1032-wombat,B8:27:EB:A2:CD:A4,-43, WPA ,0.000000,0.000000,0.000,0.000,AP
2026-04-01 13:30:50,1900-01-00 00:00:00,1032-wombat,B8:27:EB:A2:CD:A4,-44, WPA ,0.000000,0.000000,0.000,0.000,AP
2026-04-01 13:30:50,1900-01-00 00:00:00,1032-wombat,B8:27:EB:A2:CD:A4,-48, WPA ,0.000000,0.000000,0.000,0.000,AP
2026-04-01 13:30:50,1900-01-00 00:00:00,1032-wombat,B8:27:EB:A2:CD:A4,-44, WPA ,0.000000,0.000000,0.000,0.000,AP
2026-04-01 13:30:50,1900-01-00 00:00:00,1032-wombat,B8:27:EB:A2:CD:A4,-43, WPA ,0.000000,0.000000,0.000,0.000,AP
2026-04-01 13:30:50,1900-01-00 00:00:00,1032-wombat,B8:27:EB:A2:CD:A4,-43, WPA ,0.000000,0.000000,0.000,0.000,AP
2026-04-01 13:30:50,1900-01-00 00:00:00,1032-wombat,B8:27:EB:A2:CD:A4,-42, WPA ,0.000000,0.000000,0.000,0.000,AP
2026-04-01 13:30:50,1900-01-00 00:00:00,1032-wombat,B8:27:EB:A2:CD:A4,-45, WPA ,0.000000,0.000000,0.000,0.000,AP
2026-04-01 13:30:50,1900-01-00 00:00:00,1032-wombat,B8:27:EB:A2:CD:A4,-48, WPA ,0.000000,0.000000,0.000,0.000,AP
2026-04-01 13:30:50,1900-01-00 00:00:00,1032-wombat,B8:27:EB:A2:CD:A4,-44, WPA ,0.000000,0.000000,0.000,0.000,AP
2026-04-01 13:30:50,1900-01-00 00:00:00,1032-wombat,B8:27:EB:A2:CD:A4,-48, WPA ,0.000000,0.000000,0.000,0.000,AP
2026-04-01 13:30:50,1900-01-00 00:00:00,1032-wombat,B8:27:EB:A2:CD:A4,-48, WPA ,0.000000,0.000000,0.000,0.000,AP
2026-04-01 13:30:50,1900-01-00 00:00:00,1032-wombat,B8:27:EB:A2:CD:A4,-48, WPA ,0.000000,0.000000,0.000,0.000,AP
2026-04-01 13:30:50,1900-01-00 00:00:00,1032-wombat,B8:27:EB:A2:CD:A4,-46, WPA ,0.000000,0.000000,0.000,0.000,AP
2026-04-01 13:30:51,1900-01-00 00:00:00,1032-wombat,B8:27:EB:A2:CD:A4,-49, WPA ,0.000000,0.000000,0.000,0.000,AP
2026-04-01 13:30:51,1900-01-00 00:00:00,1032-wombat,B8:27:EB:A2:CD:A4,-50, WPA ,0.000000,0.000000,0.000,0.000,AP
2026-04-01 13:30:51,1900-01-00 00:00:00,1032-wombat,B8:27:EB:A2:CD:A4,-50, WPA ,0.000000,0.000000,0.000,0.000,AP
2026-04-01 13:30:51,1900-01-00 00:00:00,1032-wombat,B8:27:EB:A2:CD:A4,-49, WPA ,0.000000,0.000000,0.000,0.000,AP
2026-04-01 13:30:51,1900-01-00 00:00:00,1032-wombat,B8:27:EB:A2:CD:A4,-49, WPA ,0.000000,0.000000,0.000,0.000,AP
2026-04-01 13:30:51,1900-01-00 00:00:00,1032-wombat,B8:27:EB:A2:CD:A4,-49, WPA ,0.000000,0.000000,0.000,0.000,AP
2026-04-01 13:30:51,1900-01-00 00:00:00,1032-wombat,B8:27:EB:A2:CD:A4,-49, WPA ,0.000000,0.000000,0.000,0.000,AP
2026-04-01 13:30:51,1900-01-00 00:00:00,1032-wombat,B8:27:EB:A2:CD:A4,-50, WPA ,0.000000,0.000000,0.000,0.000,AP
2026-04-01 13:30:51,1900-01-00 00:00:00,1032-wombat,B8:27:EB:A2:CD:A4,-49, WPA ,0.000000,0.000000,0.000,0.000,AP
2026-04-01 13:30:51,1900-01-00 00:00:00,1032-wombat,B8:27:EB:A2:CD:A4,-49, WPA ,0.000000,0.000000,0.000,0.000,AP
2026-04-01 13:30:51,1900-01-00 00:00:00,1032-wombat,B8:27:EB:A2:CD:A4,-49, WPA ,0.000000,0.000000,0.000,0.000,AP
2026-04-01 13:30:51,1900-01-00 00:00:00,1032-wombat,B8:27:EB:A2:CD:A4,-48, WPA ,0.000000,0.000000,0.000,0.000,AP
2026-04-01 13:30:51,1900-01-00 00:00:00,1032-wombat,B8:27:EB:A2:CD:A4,-49, WPA ,0.000000,0.000000,0.000,0.000,AP
2026-04-01 13:30:51,1900-01-00 00:00:00,1032-wombat,B8:27:EB:A2:CD:A4,-50, WPA ,0.000000,0.000000,0.000,0.000,AP
2026-04-01 13:30:51,1900-01-00 00:00:00,1032-wombat,B8:27:EB:A2:CD:A4,-49, WPA ,0.000000,0.000000,0.000,0.000,AP
2026-04-01 13:30:51,1900-01-00 00:00:00,1032-wombat,B8:27:EB:A2:CD:A4,-49, WPA ,0.000000,0.000000,0.000,0.000,AP
2026-04-01 13:30:51,1900-01-00 00:00:00,1032-wombat,B8:27:EB:A2:CD:A4,-49, WPA ,0.000000,0.000000,0.000,0.000,AP
2026-04-01 13:30:51,1900-01-00 00:00:00,1032-wombat,B8:27:EB:A2:CD:A4,-47, WPA ,0.000000,0.000000,0.000,0.000,AP
2026-04-01 13:30:51,1900-01-00 00:00:00,1032-wombat,B8:27:EB:A2:CD:A4,-48, WPA ,0.000000,0.000000,0.000,0.000,AP
2026-04-01 13:30:51,1900-01-00 00:00:00,1032-wombat,B8:27:EB:A2:CD:A4,-46, WPA ,0.000000,0.000000,0.000,0.000,AP
2026-04-01 13:30:51,1900-01-00 00:00:00,1032-wombat,B8:27:EB:A2:CD:A4,-46, WPA ,0.000000,0.000000,0.000,0.000,AP
2026-04-01 13:30:51,1900-01-00 00:00:00,1032-wombat,B8:27:EB:A2:CD:A4,-47, WPA ,0.000000,0.000000,0.000,0.000,AP
2026-04-01 13:30:51,1900-01-00 00:00:00,1032-wombat,B8:27:EB:A2:CD:A4,-47, WPA ,0.000000,0.000000,0.000,0.000,AP
2026-04-01 13:30:51,1900-01-00 00:00:00,1032-wombat,B8:27:EB:A2:CD:A4,-47, WPA ,0.000000,0.000000,0.000,0.000,AP
2026-04-01 13:30:51,1900-01-00 00:00:00,1032-wombat,B8:27:EB:A2:CD:A4,-46, WPA ,0.000000,0.000000,0.000,0.000,AP
2026-04-01 13:30:51,1900-01-00 00:00:00,1032-wombat,B8:27:EB:A2:CD:A4,-46, WPA ,0.000000,0.000000,0.000,0.000,AP
2026-04-01 13:30:51,1900-01-00 00:00:00,1032-wombat,B8:27:EB:A2:CD:A4,-46, WPA ,0.000000,0.000000,0.000,0.000,AP
2026-04-01 13:30:51,1900-01-00 00:00:00,1032-wombat,B8:27:EB:A2:CD:A4,-46, WPA ,0.000000,0.000000,0.000,0.000,AP
2026-04-01 13:30:51,1900-01-00 00:00:00,1032-wombat,B8:27:EB:A2:CD:A4,-46, WPA ,0.000000,0.000000,0.000,0.000,AP
2026-04-01 13:30:51,1900-01-00 00:00:00,1032-wombat,B8:27:EB:A2:CD:A4,-45, WPA ,0.000000,0.000000,0.000,0.000,AP
2026-04-01 13:30:51,1900-01-00 00:00:00,1032-wombat,B8:27:EB:A2:CD:A4,-47, WPA ,0.000000,0.000000,0.000,0.000,AP
2026-04-01 13:30:51,1900-01-00 00:00:00,1032-wombat,B8:27:EB:A2:CD:A4,-47, WPA ,0.000000,0.000000,0.000,0.000,AP
2026-04-01 13:30:51,1900-01-00 00:00:00,1032-wombat,B8:27:EB:A2:CD:A4,-46, WPA ,0.000000,0.000000,0.000,0.000,AP
2026-04-01 13:30:51,1900-01-00 00:00:00,1032-wombat,B8:27:EB:A2:CD:A4,-46, WPA ,0.000000,0.000000,0.000,0.000,AP
2026-04-01 13:30:51,1900-01-00 00:00:00,1032-wombat,B8:27:EB:A2:CD:A4,-46, WPA ,0.000000,0.000000,0.000,0.000,AP
2026-04-01 13:30:51,1900-01-00 00:00:00,1032-wombat,B8:27:EB:A2:CD:A4,-45, WPA ,0.000000,0.000000,0.000,0.000,AP
2026-04-01 13:30:51,1900-01-00 00:00:00,1032-wombat,B8:27:EB:A2:CD:A4,-46, WPA ,0.000000,0.000000,0.000,0.000,AP
2026-04-01 13:30:51,1900-01-00 00:00:00,1032-wombat,B8:27:EB:A2:CD:A4,-45, WPA ,0.000000,0.000000,0.000,0.000,AP
2026-04-01 13:30:51,1900-01-00 00:00:00,1032-wombat,B8:27:EB:A2:CD:A4,-46, WPA ,0.000000,0.000000,0.000,0.000,AP
2026-04-01 13:30:51,1900-01-00 00:00:00,1032-wombat,B8:27:EB:A2:CD:A4,-44, WPA ,0.000000,0.000000,0.000,0.000,AP
2026-04-01 13:30:51,1900-01-00 00:00:00,1032-wombat,B8:27:EB:A2:CD:A4,-46, WPA ,0.000000,0.000000,0.000,0.000,AP
2026-04-01 13:30:51,1900-01-00 00:00:00,1032-wombat,B8:27:EB:A2:CD:A4,-44, WPA ,0.000000,0.000000,0.000,0.000,AP
2026-04-01 13:30:51,1900-01-00 00:00:00,1032-wombat,B8:27:EB:A2:CD:A4,-45, WPA ,0.000000,0.000000,0.000,0.000,AP
2026-04-01 13:30:51,1900-01-00 00:00:00,1032-wombat,B8:27:EB:A2:CD:A4,-46, WPA ,0.000000,0.000000,0.000,0.000,AP
2026-04-01 13:30:51,1900-01-00 00:00:00,1032-wombat,B8:27:EB:A2:CD:A4,-45, WPA ,0.000000,0.000000,0.000,0.000,AP
2026-04-01 13:30:51,1900-01-00 00:00:00,1032-wombat,B8:27:EB:A2:CD:A4,-44, WPA ,0.000000,0.000000,0.000,0.000,AP
2026-04-01 13:30:51,1900-01-00 00:00:00,,14:13:33:29:51:53,-48,,0.000000,0.000000,0.000,0.000,Client
2026-04-01 13:30:51,1900-01-00 00:00:00,,14:13:33:29:51:53,-42,,0.000000,0.000000,0.000,0.000,Client
2026-04-01 13:30:51,1900-01-00 00:00:00,1032-wombat,B8:27:EB:A2:CD:A4,-48, WPA ,0.000000,0.000000,0.000,0.000,AP
2026-04-01 13:30:51,1900-01-00 00:00:00,1032-wombat,B8:27:EB:A2:CD:A4,-43, WPA ,0.000000,0.000000,0.000,0.000,AP
2026-04-01 13:30:51,1900-01-00 00:00:00,1032-wombat,B8:27:EB:A2:CD:A4,-48, WPA ,0.000000,0.000000,0.000,0.000,AP
2026-04-01 13:30:51,1900-01-00 00:00:00,1032-wombat,B8:27:EB:A2:CD:A4,-48, WPA ,0.000000,0.000000,0.000,0.000,AP
2026-04-01 13:30:51,1900-01-00 00:00:00,,14:13:33:29:51:53,-42,,0.000000,0.000000,0.000,0.000,Client
2026-04-01 13:30:51,1900-01-00 00:00:00,,14:13:33:29:51:53,-42,,0.000000,0.000000,0.000,0.000,Client
2026-04-01 13:30:51,1900-01-00 00:00:00,,14:13:33:29:51:53,-42,,0.000000,0.000000,0.000,0.000,Client
2026-04-01 13:30:51,1900-01-00 00:00:00,,14:13:33:29:51:53,-42,,0.000000,0.000000,0.000,0.000,Client
2026-04-01 13:30:51,1900-01-00 00:00:00,1032-wombat,B8:27:EB:A2:CD:A4,-48, WPA ,0.000000,0.000000,0.000,0.000,AP
2026-04-01 13:30:52,1900-01-00 00:00:00,1032-wombat,B8:27:EB:A2:CD:A4,-42, WPA ,0.000000,0.000000,0.000,0.000,AP
2026-04-01 13:30:52,1900-01-00 00:00:00,1032-wombat,B8:27:EB:A2:CD:A4,-43, WPA ,0.000000,0.000000,0.000,0.000,AP
2026-04-01 13:30:52,1900-01-00 00:00:00,1032-wombat,B8:27:EB:A2:CD:A4,-44, WPA ,0.000000,0.000000,0.000,0.000,AP
2026-04-01 13:30:52,1900-01-00 00:00:00,,14:13:33:29:51:53,-42,,0.000000,0.000000,0.000,0.000,Client
2026-04-01 13:30:52,1900-01-00 00:00:00,1032-wombat,B8:27:EB:A2:CD:A4,-44, WPA ,0.000000,0.000000,0.000,0.000,AP
2026-04-01 13:30:52,1900-01-00 00:00:00,1032-wombat,B8:27:EB:A2:CD:A4,-43, WPA ,0.000000,0.000000,0.000,0.000,AP
2026-04-01 13:30:52,1900-01-00 00:00:00,1032-wombat,B8:27:EB:A2:CD:A4,-44, WPA ,0.000000,0.000000,0.000,0.000,AP
2026-04-01 13:30:52,1900-01-00 00:00:00,1032-wombat,B8:27:EB:A2:CD:A4,-44, WPA ,0.000000,0.000000,0.000,0.000,AP
2026-04-01 13:30:52,1900-01-00 00:00:00,1032-wombat,B8:27:EB:A2:CD:A4,-44, WPA ,0.000000,0.000000,0.000,0.000,AP
2026-04-01 13:30:52,1900-01-00 00:00:00,1032-wombat,B8:27:EB:A2:CD:A4,-44, WPA ,0.000000,0.000000,0.000,0.000,AP
2026-04-01 13:30:52,1900-01-00 00:00:00,1032-wombat,B8:27:EB:A2:CD:A4,-43, WPA ,0.000000,0.000000,0.000,0.000,AP
2026-04-01 13:30:52,1900-01-00 00:00:00,1032-wombat,B8:27:EB:A2:CD:A4,-44, WPA ,0.000000,0.000000,0.000,0.000,AP
2026-04-01 13:30:52,1900-01-00 00:00:00,1032-wombat,B8:27:EB:A2:CD:A4,-45, WPA ,0.000000,0.000000,0.000,0.000,AP
2026-04-01 13:30:52,1900-01-00 00:00:00,1032-wombat,B8:27:EB:A2:CD:A4,-44, WPA ,0.000000,0.000000,0.000,0.000,AP
2026-04-01 13:30:52,1900-01-00 00:00:00,1032-wombat,B8:27:EB:A2:CD:A4,-44, WPA ,0.000000,0.000000,0.000,0.000,AP
2026-04-01 13:30:52,1900-01-00 00:00:00,1032-wombat,B8:27:EB:A2:CD:A4,-45, WPA ,0.000000,0.000000,0.000,0.000,AP
2026-04-01 13:30:52,1900-01-00 00:00:00,1032-wombat,B8:27:EB:A2:CD:A4,-44, WPA ,0.000000,0.000000,0.000,0.000,AP
2026-04-01 13:30:52,1900-01-00 00:00:00,1032-wombat,B8:27:EB:A2:CD:A4,-44, WPA ,0.000000,0.000000,0.000,0.000,AP
2026-04-01 13:30:53,1900-01-00 00:00:00,1032-wombat,B8:27:EB:A2:CD:A4,-44, WPA ,0.000000,0.000000,0.000,0.000,AP
2026-04-01 13:30:53,1900-01-00 00:00:00,1032-wombat,B8:27:EB:A2:CD:A4,-44, WPA ,0.000000,0.000000,0.000,0.000,AP
2026-04-01 13:30:53,1900-01-00 00:00:00,1032-wombat,B8:27:EB:A2:CD:A4,-44, WPA ,0.000000,0.000000,0.000,0.000,AP
2026-04-01 13:30:53,1900-01-00 00:00:00,1032-wombat,B8:27:EB:A2:CD:A4,-44, WPA ,0.000000,0.000000,0.000,0.000,AP
2026-04-01 13:30:53,1900-01-00 00:00:00,1032-wombat,B8:27:EB:A2:CD:A4,-44, WPA ,0.000000,0.000000,0.000,0.000,AP
2026-04-01 13:30:53,1900-01-00 00:00:00,1032-wombat,B8:27:EB:A2:CD:A4,-44, WPA ,0.000000,0.000000,0.000,0.000,AP
2026-04-01 13:30:53,1900-01-00 00:00:00,1032-wombat,B8:27:EB:A2:CD:A4,-43, WPA ,0.000000,0.000000,0.000,0.000,AP
2026-04-01 13:30:53,1900-01-00 00:00:00,1032-wombat,B8:27:EB:A2:CD:A4,-44, WPA ,0.000000,0.000000,0.000,0.000,AP
2026-04-01 13:30:54,1900-01-00 00:00:00,1032-wombat,B8:27:EB:A2:CD:A4,-45, WPA ,0.000000,0.000000,0.000,0.000,AP
2026-04-01 13:30:54,1900-01-00 00:00:00,1032-wombat,B8:27:EB:A2:CD:A4,-45, WPA ,0.000000,0.000000,0.000,0.000,AP
2026-04-01 13:30:54,1900-01-00 00:00:00,1032-wombat,B8:27:EB:A2:CD:A4,-44, WPA ,0.000000,0.000000,0.000,0.000,AP
2026-04-01 13:30:54,1900-01-00 00:00:00,1032-wombat,B8:27:EB:A2:CD:A4,-46, WPA ,0.000000,0.000000,0.000,0.000,AP
2026-04-01 13:30:54,1900-01-00 00:00:00,1032-wombat,B8:27:EB:A2:CD:A4,-46, WPA ,0.000000,0.000000,0.000,0.000,AP
2026-04-01 13:30:54,1900-01-00 00:00:00,1032-wombat,B8:27:EB:A2:CD:A4,-44, WPA ,0.000000,0.000000,0.000,0.000,AP
2026-04-01 13:30:54,1900-01-00 00:00:00,1032-wombat,B8:27:EB:A2:CD:A4,-44, WPA ,0.000000,0.000000,0.000,0.000,AP
2026-04-01 13:30:54,1900-01-00 00:00:00,1032-wombat,B8:27:EB:A2:CD:A4,-42, WPA ,0.000000,0.000000,0.000,0.000,AP
2026-04-01 13:30:54,1900-01-00 00:00:00,1032-wombat,B8:27:EB:A2:CD:A4,-44, WPA ,0.000000,0.000000,0.000,0.000,AP
2026-04-01 13:30:54,1900-01-00 00:00:00,1032-wombat,B8:27:EB:A2:CD:A4,-45, WPA ,0.000000,0.000000,0.000,0.000,AP
2026-04-01 13:30:55,1900-01-00 00:00:00,1032-wombat,B8:27:EB:A2:CD:A4,-45, WPA ,0.000000,0.000000,0.000,0.000,AP
2026-04-01 13:30:55,1900-01-00 00:00:00,1032-wombat,B8:27:EB:A2:CD:A4,-43, WPA ,0.000000,0.000000,0.000,0.000,AP
2026-04-01 13:30:55,1900-01-00 00:00:00,1032-wombat,B8:27:EB:A2:CD:A4,-43, WPA ,0.000000,0.000000,0.000,0.000,AP
2026-04-01 13:30:55,1900-01-00 00:00:00,1032-wombat,B8:27:EB:A2:CD:A4,-44, WPA ,0.000000,0.000000,0.000,0.000,AP
2026-04-01 13:30:55,1900-01-00 00:00:00,,14:13:33:29:51:53,-48,,0.000000,0.000000,0.000,0.000,Client
2026-04-01 13:30:55,1900-01-00 00:00:00,,14:13:33:29:51:53,-49,,0.000000,0.000000,0.000,0.000,Client
2026-04-01 13:30:55,1900-01-00 00:00:00,1032-wombat,B8:27:EB:A2:CD:A4,-46, WPA ,0.000000,0.000000,0.000,0.000,AP
2026-04-01 13:30:55,1900-01-00 00:00:00,1032-wombat,B8:27:EB:A2:CD:A4,-44, WPA ,0.000000,0.000000,0.000,0.000,AP
2026-04-01 13:30:55,1900-01-00 00:00:00,,14:13:33:29:51:53,-46,,0.000000,0.000000,0.000,0.000,Client
2026-04-01 13:30:55,1900-01-00 00:00:00,1032-wombat,B8:27:EB:A2:CD:A4,-44, WPA ,0.000000,0.000000,0.000,0.000,AP
2026-04-01 13:30:55,1900-01-00 00:00:00,1032-wombat,B8:27:EB:A2:CD:A4,-45, WPA ,0.000000,0.000000,0.000,0.000,AP
2026-04-01 13:30:55,1900-01-00 00:00:00,1032-wombat,B8:27:EB:A2:CD:A4,-44, WPA ,0.000000,0.000000,0.000,0.000,AP
2026-04-01 13:30:55,1900-01-00 00:00:00,1032-wombat,B8:27:EB:A2:CD:A4,-45, WPA ,0.000000,0.000000,0.000,0.000,AP
2026-04-01 13:30:56,1900-01-00 00:00:00,1032-wombat,B8:27:EB:A2:CD:A4,-45, WPA ,0.000000,0.000000,0.000,0.000,AP
2026-04-01 13:30:56,1900-01-00 00:00:00,1032-wombat,B8:27:EB:A2:CD:A4,-46, WPA ,0.000000,0.000000,0.000,0.000,AP
2026-04-01 13:30:56,1900-01-00 00:00:00,1032-wombat,B8:27:EB:A2:CD:A4,-45, WPA ,0.000000,0.000000,0.000,0.000,AP
2026-04-01 13:30:56,1900-01-00 00:00:00,1032-wombat,B8:27:EB:A2:CD:A4,-46, WPA ,0.000000,0.000000,0.000,0.000,AP
