{
    "name": "root",
    "gauges": {
        "beam_control.Policy.Entropy.mean": {
            "value": -0.051166120916604996,
            "min": -0.051166120916604996,
            "max": 0.0049316659569740295,
            "count": 6
        },
        "beam_control.Policy.Entropy.sum": {
            "value": -407.17999267578125,
            "min": -639.0672607421875,
            "max": 65.23606872558594,
            "count": 6
        },
        "beam_control.Environment.EpisodeLength.mean": {
            "value": 999.0,
            "min": 999.0,
            "max": 999.0,
            "count": 6
        },
        "beam_control.Environment.EpisodeLength.sum": {
            "value": 11988.0,
            "min": 10989.0,
            "max": 11988.0,
            "count": 6
        },
        "beam_control.Step.mean": {
            "value": 2075880.0,
            "min": 2015880.0,
            "max": 2075880.0,
            "count": 6
        },
        "beam_control.Step.sum": {
            "value": 2075880.0,
            "min": 2015880.0,
            "max": 2075880.0,
            "count": 6
        },
        "beam_control.Policy.ExtrinsicValueEstimate.mean": {
            "value": 0.2876778841018677,
            "min": 0.28484001755714417,
            "max": 0.28840625286102295,
            "count": 6
        },
        "beam_control.Policy.ExtrinsicValueEstimate.sum": {
            "value": 3.452134609222412,
            "min": 2.8586061000823975,
            "max": 3.4608750343322754,
            "count": 6
        },
        "beam_control.Environment.CumulativeReward.mean": {
            "value": 2.8562446236610413,
            "min": 2.7881921927134194,
            "max": 2.8562446236610413,
            "count": 6
        },
        "beam_control.Environment.CumulativeReward.sum": {
            "value": 34.274935483932495,
            "min": 28.131892681121826,
            "max": 34.274935483932495,
            "count": 6
        },
        "beam_control.Policy.ExtrinsicReward.mean": {
            "value": 2.8562446236610413,
            "min": 2.7881921927134194,
            "max": 2.8562446236610413,
            "count": 6
        },
        "beam_control.Policy.ExtrinsicReward.sum": {
            "value": 34.274935483932495,
            "min": 28.131892681121826,
            "max": 34.274935483932495,
            "count": 6
        },
        "beam_control.IsTraining.mean": {
            "value": 1.0,
            "min": 1.0,
            "max": 1.0,
            "count": 6
        },
        "beam_control.IsTraining.sum": {
            "value": 1.0,
            "min": 1.0,
            "max": 1.0,
            "count": 6
        },
        "beam_control.Losses.PolicyLoss.mean": {
            "value": 0.07734652968469169,
            "min": 0.07734652968469169,
            "max": 0.0774886499637698,
            "count": 2
        },
        "beam_control.Losses.PolicyLoss.sum": {
            "value": 0.07734652968469169,
            "min": 0.07734652968469169,
            "max": 0.0774886499637698,
            "count": 2
        },
        "beam_control.Losses.ValueLoss.mean": {
            "value": 2.7788501510764627e-05,
            "min": 2.7788501510764627e-05,
            "max": 3.8176696184698616e-05,
            "count": 2
        },
        "beam_control.Losses.ValueLoss.sum": {
            "value": 2.7788501510764627e-05,
            "min": 2.7788501510764627e-05,
            "max": 3.8176696184698616e-05,
            "count": 2
        },
        "beam_control.Policy.LearningRate.mean": {
            "value": 0.0002987652724115759,
            "min": 0.0002987652724115759,
            "max": 0.00029878087240637604,
            "count": 2
        },
        "beam_control.Policy.LearningRate.sum": {
            "value": 0.0002987652724115759,
            "min": 0.0002987652724115759,
            "max": 0.00029878087240637604,
            "count": 2
        },
        "beam_control.Policy.Epsilon.mean": {
            "value": 0.19958842400000007,
            "min": 0.19958842400000007,
            "max": 0.19959362400000003,
            "count": 2
        },
        "beam_control.Policy.Epsilon.sum": {
            "value": 0.19958842400000007,
            "min": 0.19958842400000007,
            "max": 0.19959362400000003,
            "count": 2
        },
        "beam_control.Policy.Beta.mean": {
            "value": 0.0009959253976,
            "min": 0.0009959253976,
            "max": 0.0009959768776000005,
            "count": 2
        },
        "beam_control.Policy.Beta.sum": {
            "value": 0.0009959253976,
            "min": 0.0009959253976,
            "max": 0.0009959768776000005,
            "count": 2
        }
    },
    "metadata": {
        "timer_format_version": "0.1.0",
        "start_time_seconds": "1768965458",
        "python_version": "3.10.11 (tags/v3.10.11:7d4cc5a, Apr  5 2023, 00:38:17) [MSC v.1929 64 bit (AMD64)]",
        "command_line_arguments": "C:\\Users\\malon\\Downloads\\ECE500\\.venv\\Scripts\\mlagents-learn .\\Assets\\scripts\\configuration.yaml --run-id=beam10-no-end --num-envs=8 --env=.\\builds\\homework1_unity.exe --resume --no-graphics",
        "mlagents_version": "1.2.0.dev0",
        "mlagents_envs_version": "1.2.0.dev0",
        "communication_protocol_version": "1.5.0",
        "pytorch_version": "2.2.2+cu121",
        "numpy_version": "1.23.5",
        "end_time_seconds": "1768965655"
    },
    "total": 196.41686080000363,
    "count": 1,
    "self": 1.175115999969421,
    "children": {
        "run_training.setup": {
            "total": 0.5149849000154063,
            "count": 1,
            "self": 0.5149849000154063
        },
        "TrainerController.start_learning": {
            "total": 194.7267599000188,
            "count": 1,
            "self": 0.2799427981080953,
            "children": {
                "TrainerController._reset_env": {
                    "total": 4.494603099999949,
                    "count": 1,
                    "self": 4.494603099999949
                },
                "TrainerController.advance": {
                    "total": 189.845413201896,
                    "count": 12035,
                    "self": 0.14597970427712426,
                    "children": {
                        "env_step": {
                            "total": 166.5551560978929,
                            "count": 12035,
                            "self": 18.083677303104196,
                            "children": {
                                "SubprocessEnvManager._take_step": {
                                    "total": 148.1296053979895,
                                    "count": 79604,
                                    "self": 2.555426594510209,
                                    "children": {
                                        "TorchPolicy.evaluate": {
                                            "total": 145.5741788034793,
                                            "count": 79604,
                                            "self": 145.5741788034793
                                        }
                                    }
                                },
                                "workers": {
                                    "total": 0.34187339679920115,
                                    "count": 12035,
                                    "self": 0.0,
                                    "children": {
                                        "worker_root": {
                                            "total": 1509.4409304027504,
                                            "count": 79603,
                                            "is_parallel": true,
                                            "self": 1359.315815991431,
                                            "children": {
                                                "steps_from_proto": {
                                                    "total": 0.0017670999804977328,