LocalTime, GPSTime, ESSID, BSSID, Power, Security, Latitude, Longitude, Latitude Error, Longitude Error, Type
2026-04-03 13:57:52,1900-01-00 00:00:00,,B8:27:EB:FF:C8:F5,-56, ,0.000000,0.000000,0.000,0.000,AP
2026-04-03 13:57:52,1900-01-00 00:00:00,0960-wombat,B8:27:EB:FF:C8:F5,-57, WPA ,0.000000,0.000000,0.000,0.000,AP
2026-04-03 13:57:52,1900-01-00 00:00:00,0960-wombat,B8:27:EB:FF:C8:F5,-56, WPA ,0.000000,0.000000,0.000,0.000,AP
2026-04-03 13:57:52,1900-01-00 00:00:00,0960-wombat,B8:27:EB:FF:C8:F5,-57, WPA ,0.000000,0.000000,0.000,0.000,AP
2026-04-03 13:57:52,1900-01-00 00:00:00,0960-wombat,B8:27:EB:FF:C8:F5,-58, WPA ,0.000000,0.000000,0.000,0.000,AP
2026-04-03 13:57:52,1900-01-00 00:00:00,0960-wombat,B8:27:EB:FF:C8:F5,-58, WPA ,0.000000,0.000000,0.000,0.000,AP
2026-04-03 13:57:52,1900-01-00 00:00:00,0960-wombat,B8:27:EB:FF:C8:F5,-59, WPA ,0.000000,0.000000,0.000,0.000,AP
2026-04-03 13:57:52,1900-01-00 00:00:00,0960-wombat,B8:27:EB:FF:C8:F5,-58, WPA ,0.000000,0.000000,0.000,0.000,AP
2026-04-03 13:57:53,1900-01-00 00:00:00,0960-wombat,B8:27:EB:FF:C8:F5,-59, WPA ,0.000000,0.000000,0.000,0.000,AP
2026-04-03 13:57:53,1900-01-00 00:00:00,0960-wombat,B8:27:EB:FF:C8:F5,-60, WPA ,0.000000,0.000000,0.000,0.000,AP
2026-04-03 13:57:53,1900-01-00 00:00:00,0960-wombat,B8:27:EB:FF:C8:F5,-60, WPA ,0.000000,0.000000,0.000,0.000,AP
2026-04-03 13:57:53,1900-01-00 00:00:00,0960-wombat,B8:27:EB:FF:C8:F5,-59, WPA ,0.000000,0.000000,0.000,0.000,AP
2026-04-03 13:57:53,1900-01-00 00:00:00,,76:12:77:72:78:49,-53,,0.000000,0.000000,0.000,0.000,Client
2026-04-03 13:57:53,1900-01-00 00:00:00,0960-wombat,B8:27:EB:FF:C8:F5,-60, WPA ,0.000000,0.000000,0.000,0.000,AP
2026-04-03 13:57:53,1900-01-00 00:00:00,0960-wombat,B8:27:EB:FF:C8:F5,-57, WPA ,0.000000,0.000000,0.000,0.000,AP
2026-04-03 13:57:53,1900-01-00 00:00:00,0960-wombat,B8:27:EB:FF:C8:F5,-57, WPA ,0.000000,0.000000,0.000,0.000,AP
2026-04-03 13:57:53,1900-01-00 00:00:00,0960-wombat,B8:27:EB:FF:C8:F5,-58, WPA ,0.000000,0.000000,0.000,0.000,AP
2026-04-03 13:57:53,1900-01-00 00:00:00,0960-wombat,B8:27:EB:FF:C8:F5,-58, WPA ,0.000000,0.000000,0.000,0.000,AP
2026-04-03 13:57:53,1900-01-00 00:00:00,0960-wombat,B8:27:EB:FF:C8:F5,-59, WPA ,0.000000,0.000000,0.000,0.000,AP
2026-04-03 13:57:53,1900-01-00 00:00:00,0960-wombat,B8:27:EB:FF:C8:F5,-58, WPA ,0.000000,0.000000,0.000,0.000,AP
2026-04-03 13:57:53,1900-01-00 00:00:00,0960-wombat,B8:27:EB:FF:C8:F5,-56, WPA ,0.000000,0.000000,0.000,0.000,AP
2026-04-03 13:57:53,1900-01-00 00:00:00,0960-wombat,B8:27:EB:FF:C8:F5,-55, WPA ,0.000000,0.000000,0.000,0.000,AP
2026-04-03 13:57:54,1900-01-00 00:00:00,0960-wombat,B8:27:EB:FF:C8:F5,-56, WPA ,0.000000,0.000000,0.000,0.000,AP
2026-04-03 13:57:54,1900-01-00 00:00:00,0960-wombat,B8:27:EB:FF:C8:F5,-56, WPA ,0.000000,0.000000,0.000,0.000,AP
2026-04-03 13:57:54,1900-01-00 00:00:00,0960-wombat,B8:27:EB:FF:C8:F5,-56, WPA ,0.000000,0.000000,0.000,0.000,AP
2026-04-03 13:57:54,1900-01-00 00:00:00,0960-wombat,B8:27:EB:FF:C8:F5,-57, WPA ,0.000000,0.000000,0.000,0.000,AP
2026-04-03 13:57:54,1900-01-00 00:00:00,0960-wombat,B8:27:EB:FF:C8:F5,-57, WPA ,0.000000,0.000000,0.000,0.000,AP
2026-04-03 13:57:54,1900-01-00 00:00:00,0960-wombat,B8:27:EB:FF:C8:F5,-58, WPA ,0.000000,0.000000,0.000,0.000,AP
2026-04-03 13:57:54,1900-01-00 00:00:00,0960-wombat,B8:27:EB:FF:C8:F5,-60, WPA ,0.000000,0.000000,0.000,0.000,AP
2026-04-03 13:57:54,1900-01-00 00:00:00,0960-wombat,B8:27:EB:FF:C8:F5,-60, WPA ,0.000000,0.000000,0.000,0.000,AP
2026-04-03 13:57:54,1900-01-00 00:00:00,0960-wombat,B8:27:EB:FF:C8:F5,-60, WPA ,0.000000,0.000000,0.000,0.000,AP
2026-04-03 13:57:54,1900-01-00 00:00:00,0960-wombat,B8:27:EB:FF:C8:F5,-60, WPA ,0.000000,0.000000,0.000,0.000,AP
2026-04-03 13:57:54,1900-01-00 00:00:00,0960-wombat,B8:27:EB:FF:C8:F5,-59, WPA ,0.000000,0.000000,0.000,0.000,AP
2026-04-03 13:57:55,1900-01-00 00:00:00,0960-wombat,B8:27:EB:FF:C8:F5,-60, WPA ,0.000000,0.000000,0.000,0.000,AP
2026-04-03 13:57:55,1900-01-00 00:00:00,0960-wombat,B8:27:EB:FF:C8:F5,-60, WPA ,0.000000,0.000000,0.000,0.000,AP
2026-04-03 13:57:55,1900-01-00 00:00:00,0960-wombat,B8:27:EB:FF:C8:F5,-60, WPA ,0.000000,0.000000,0.000,0.000,AP
2026-04-03 13:57:55,1900-01-00 00:00:00,0960-wombat,B8:27:EB:FF:C8:F5,-60, WPA ,0.000000,0.000000,0.000,0.000,AP
2026-04-03 13:57:55,1900-01-00 00:00:00,0960-wombat,B8:27:EB:FF:C8:F5,-59, WPA ,0.000000,0.000000,0.000,0.000,AP
2026-04-03 13:57:55,1900-01-00 00:00:00,0960-wombat,B8:27:EB:FF:C8:F5,-60, WPA ,0.000000,0.000000,0.000,0.000,AP
2026-04-03 13:57:55,1900-01-00 00:00:00,0960-wombat,B8:27:EB:FF:C8:F5,-60, WPA ,0.000000,0.000000,0.000,0.000,AP
2026-04-03 13:57:55,1900-01-00 00:00:00,0960-wombat,B8:27:EB:FF:C8:F5,-59, WPA ,0.000000,0.000000,0.000,0.000,AP
2026-04-03 13:57:55,1900-01-00 00:00:00,0960-wombat,B8:27:EB:FF:C8:F5,-60, WPA ,0.000000,0.000000,0.000,0.000,AP
2026-04-03 13:57:55,1900-01-00 00:00:00,0960-wombat,B8:27:EB:FF:C8:F5,-60, WPA ,0.000000,0.000000,0.000,0.000,AP
2026-04-03 13:57:55,1900-01-00 00:00:00,0960-wombat,B8:27:EB:FF:C8:F5,-60, WPA ,0.000000,0.000000,0.000,0.000,AP
2026-04-03 13:57:55,1900-01-00 00:00:00,0960-wombat,B8:27:EB:FF:C8:F5,-60, WPA ,0.000000,0.000000,0.000,0.000,AP
2026-04-03 13:57:55,1900-01-00 00:00:00,0960-wombat,B8:27:EB:FF:C8:F5,-60, WPA ,0.000000,0.000000,0.000,0.000,AP
2026-04-03 13:57:55,1900-01-00 00:00:00,0960-wombat,B8:27:EB:FF:C8:F5,-60, WPA ,0.000000,0.000000,0.000,0.000,AP
2026-04-03 13:57:55,1900-01-00 00:00:00,0960-wombat,B8:27:EB:FF:C8:F5,-59, WPA ,0.000000,0.000000,0.000,0.000,AP
2026-04-03 13:57:55,1900-01-00 00:00:00,0960-wombat,B8:27:EB:FF:C8:F5,-57, WPA ,0.000000,0.000000,0.000,0.000,AP
2026-04-03 13:57:56,1900-01-00 00:00:00,0960-wombat,B8:27:EB:FF:C8:F5,-55, WPA ,0.000000,0.000000,0.000,0.000,AP
2026-04-03 13:57:56,1900-01-00 00:00:00,0960-wombat,B8:27:EB:FF:C8:F5,-57, WPA ,0.000000,0.000000,0.000,0.000,AP
2026-04-03 13:57:56,1900-01-00 00:00:00,0960-wombat,B8:27:EB:FF:C8:F5,-59, WPA ,0.000000,0.000000,0.000,0.000,AP
2026-04-03 13:57:56,1900-01-00 00:00:00,0960-wombat,B8:27:EB:FF:C8:F5,-59, WPA ,0.000000,0.000000,0.000,0.000,AP
2026-04-03 13:57:56,1900-01-00 00:00:00,0960-wombat,B8:27:EB:FF:C8:F5,-57, WPA ,0.000000,0.000000,0.000,0.000,AP
2026-04-03 13:57:56,1900-01-00 00:00:00,0960-wombat,B8:27:EB:FF:C8:F5,-58, WPA ,0.000000,0.000000,0.000,0.000,AP
2026-04-03 13:57:56,1900-01-00 00:00:00,0960-wombat,B8:27:EB:FF:C8:F5,-57, WPA ,0.000000,0.000000,0.000,0.000,AP
2026-04-03 13:57:56,1900-01-00 00:00:00,0960-wombat,B8:27:EB:FF:C8:F5,-57, WPA ,0.000000,0.000000,0.000,0.000,AP
2026-04-03 13:57:56,1900-01-00 00:00:00,0960-wombat,B8:27:EB:FF:C8:F5,-58, WPA ,0.000000,0.000000,0.000,0.000,AP
2026-04-03 13:57:56,1900-01-00 00:00:00,0960-wombat,B8:27:EB:FF:C8:F5,-57, WPA ,0.000000,0.000000,0.000,0.000,AP
2026-04-03 13:57:56,1900-01-00 00:00:00,0960-wombat,B8:27:EB:FF:C8:F5,-56, WPA ,0.000000,0.000000,0.000,0.000,AP
2026-04-03 13:57:56,1900-01-00 00:00:00,0960-wombat,B8:27:EB:FF:C8:F5,-56, WPA ,0.000000,0.000000,0.000,0.000,AP
2026-04-03 13:57:57,1900-01-00 00:00:00,0960-wombat,B8:27:EB:FF:C8:F5,-57, WPA ,0.000000,0.000000,0.000,0.000,AP
2026-04-03 13:57:57,1900-01-00 00:00:00,0960-wombat,B8:27:EB:FF:C8:F5,-56, WPA ,0.000000,0.000000,0.000,0.000,AP
2026-04-03 13:57:57,1900-01-00 00:00:00,0960-wombat,B8:27:EB:FF:C8:F5,-56, WPA ,0.000000,0.000000,0.000,0.000,AP
2026-04-03 13:57:57,1900-01-00 00:00:00,0960-wombat,B8:27:EB:FF:C8:F5,-56, WPA ,0.000000,0.000000,0.000,0.000,AP
2026-04-03 13:57:57,1900-01-00 00:00:00,0960-wombat,B8:27:EB:FF:C8:F5,-56, WPA ,0.000000,0.000000,0.000,0.000,AP
2026-04-03 13:57:57,1900-01-00 00:00:00,0960-wombat,B8:27:EB:FF:C8:F5,-57, WPA ,0.000000,0.000000,0.000,0.000,AP
2026-04-03 13:57:57,1900-01-00 00:00:00,0960-wombat,B8:27:EB:FF:C8:F5,-56, WPA ,0.000000,0.000000,0.000,0.000,AP
2026-04-03 13:57:57,1900-01-00 00:00:00,0960-wombat,B8:27:EB:FF:C8:F5,-56, WPA ,0.000000,0.000000,0.000,0.000,AP
2026-04-03 13:57:57,1900-01-00 00:00:00,0960-wombat,B8:27:EB:FF:C8:F5,-56, WPA ,0.000000,0.000000,0.000,0.000,AP
2026-04-03 13:57:57,1900-01-00 00:00:00,0960-wombat,B8:27:EB:FF:C8:F5,-56, WPA ,0.000000,0.000000,0.000,0.000,AP
2026-04-03 13:57:57,1900-01-00 00:00:00,0960-wombat,B8:27:EB:FF:C8:F5,-56, WPA ,0.000000,0.000000,0.000,0.000,AP
2026-04-03 13:57:57,1900-01-00 00:00:00,0960-wombat,B8:27:EB:FF:C8:F5,-56, WPA ,0.000000,0.000000,0.000,0.000,AP
2026-04-03 13:57:57,1900-01-00 00:00:00,0960-wombat,B8:27:EB:FF:C8:F5,-56, WPA ,0.000000,0.000000,0.000,0.000,AP
2026-04-03 13:57:57,1900-01-00 00:00:00,0960-wombat,B8:27:EB:FF:C8:F5,-56, WPA ,0.000000,0.000000,0.000,0.000,AP
2026-04-03 13:57:57,1900-01-00 00:00:00,0960-wombat,B8:27:EB:FF:C8:F5,-56, WPA ,0.000000,0.000000,0.000,0.000,AP
2026-04-03 13:57:57,1900-01-00 00:00:00,0960-wombat,B8:27:EB:FF:C8:F5,-54, WPA ,0.000000,0.000000,0.000,0.000,AP
2026-04-03 13:57:57,1900-01-00 00:00:00,0960-wombat,B8:27:EB:FF:C8:F5,-56, WPA ,0.000000,0.000000,0.000,0.000,AP
2026-04-03 13:57:57,1900-01-00 00:00:00,0960-wombat,B8:27:EB:FF:C8:F5,-56, WPA ,0.000000,0.000000,0.000,0.000,AP
2026-04-03 13:57:57,1900-01-00 00:00:00,0960-wombat,B8:27:EB:FF:C8:F5,-56, WPA ,0.000000,0.000000,0.000,0.000,AP
2026-04-03 13:57:57,1900-01-00 00:00:00,0960-wombat,B8:27:EB:FF:C8:F5,-56, WPA ,0.000000,0.000000,0.000,0.000,AP
2026-04-03 13:57:57,1900-01-00 00:00:00,0960-wombat,B8:27:EB:FF:C8:F5,-52, WPA ,0.000000,0.000000,0.000,0.000,AP
2026-04-03 13:57:57,1900-01-00 00:00:00,0960-wombat,B8:27:EB:FF:C8:F5,-52, WPA ,0.000000,0.000000,0.000,0.000,AP
2026-04-03 13:57:57,1900-01-00 00:00:00,0960-wombat,B8:27:EB:FF:C8:F5,-52, WPA ,0.000000,0.000000,0.000,0.000,AP
2026-04-03 13:57:57,1900-01-00 00:00:00,0960-wombat,B8:27:EB:FF:C8:F5,-52, WPA ,0.000000,0.000000,0.000,0.000,AP
2026-04-03 13:57:57,1900-01-00 00:00:00,0960-wombat,B8:27:EB:FF:C8:F5,-52, WPA ,0.000000,0.000000,0.000,0.000,AP
2026-04-03 13:57:57,1900-01-00 00:00:00,0960-wombat,B8:27:EB:FF:C8:F5,-52, WPA ,0.000000,0.000000,0.000,0.000,AP
2026-04-03 13:57:57,1900-01-00 00:00:00,0960-wombat,B8:27:EB:FF:C8:F5,-52, WPA ,0.000000,0.000000,0.000,0.000,AP
2026-04-03 13:57:57,1900-01-00 00:00:00,0960-wombat,B8:27:EB:FF:C8:F5,-52, WPA ,0.000000,0.000000,0.000,0.000,AP
2026-04-03 13:57:57,1900-01-00 00:00:00,0960-wombat,B8:27:EB:FF:C8:F5,-52, WPA ,0.000000,0.000000,0.000,0.000,AP
2026-04-03 13:57:57,1900-01-00 00:00:00,0960-wombat,B8:27:EB:FF:C8:F5,-52, WPA ,0.000000,0.000000,0.000,0.000,AP
2026-04-03 13:57:57,1900-01-00 00:00:00,0960-wombat,B8:27:EB:FF:C8:F5,-52, WPA ,0.000000,0.000000,0.000,0.000,AP
2026-04-03 13:57:57,1900-01-00 00:00:00,0960-wombat,B8:27:EB:FF:C8:F5,-52, WPA ,0.000000,0.000000,0.000,0.000,AP
2026-04-03 13:57:57,1900-01-00 00:00:00,0960-wombat,B8:27:EB:FF:C8:F5,-52, WPA ,0.000000,0.000000,0.000,0.000,AP
2026-04-03 13:57:57,1900-01-00 00:00:00,0960-wombat,B8:27:EB:FF:C8:F5,-52, WPA ,0.000000,0.000000,0.000,0.000,AP
2026-04-03 13:57:57,1900-01-00 00:00:00,0960-wombat,B8:27:EB:FF:C8:F5,-52, WPA ,0.000000,0.000000,0.000,0.000,AP
2026-04-03 13:57:57,1900-01-00 00:00:00,0960-wombat,B8:27:EB:FF:C8:F5,-52, WPA ,0.000000,0.000000,0.000,0.000,AP
2026-04-03 13:57:57,1900-01-00 00:00:00,0960-wombat,B8:27:EB:FF:C8:F5,-52, WPA ,0.000000,0.000000,0.000,0.000,AP
2026-04-03 13:57:57,1900-01-00 00:00:00,0960-wombat,B8:27:EB:FF:C8:F5,-52, WPA ,0.000000,0.000000,0.000,0.000,AP
2026-04-03 13:57:57,1900-01-00 00:00:00,0960-wombat,B8:27:EB:FF:C8:F5,-52, WPA ,0.000000,0.000000,0.000,0.000,AP
2026-04-03 13:57:57,1900-01-00 00:00:00,0960-wombat,B8:27:EB:FF:C8:F5,-52, WPA ,0.000000,0.000000,0.000,0.000,AP
2026-04-03 13:57:57,1900-01-00 00:00:00,,76:12:77:72:78:49,-52,,0.000000,0.000000,0.000,0.000,Client
2026-04-03 13:57:57,1900-01-00 00:00:00,0960-wombat,B8:27:EB:FF:C8:F5,-56, WPA ,0.000000,0.000000,0.000,0.000,AP
2026-04-03 13:57:57,1900-01-00 00:00:00,0960-wombat,B8:27:EB:FF:C8:F5,-56, WPA ,0.000000,0.000000,0.000,0.000,AP
2026-04-03 13:57:57,1900-01-00 00:00:00,0960-wombat,B8:27:EB:FF:C8:F5,-52, WPA ,0.000000,0.000000,0.000,0.000,AP
2026-04-03 13:57:57,1900-01-00 00:00:00,0960-wombat,B8:27:EB:FF:C8:F5,-52, WPA ,0.000000,0.000000,0.000,0.000,AP
2026-04-03 13:57:57,1900-01-00 00:00:00,0960-wombat,B8:27:EB:FF:C8:F5,-56, WPA ,0.000000,0.000000,0.000,0.000,AP
2026-04-03 13:57:57,1900-01-00 00:00:00,0960-wombat,B8:27:EB:FF:C8:F5,-52, WPA ,0.000000,0.000000,0.000,0.000,AP
2026-04-03 13:57:57,1900-01-00 00:00:00,,76:12:77:72:78:49,-52,,0.000000,0.000000,0.000,0.000,Client
2026-04-03 13:57:57,1900-01-00 00:00:00,0960-wombat,B8:27:EB:FF:C8:F5,-56, WPA ,0.000000,0.000000,0.000,0.000,AP
2026-04-03 13:57:57,1900-01-00 00:00:00,0960-wombat,B8:27:EB:FF:C8:F5,-56, WPA ,0.000000,0.000000,0.000,0.000,AP
2026-04-03 13:57:57,1900-01-00 00:00:00,0960-wombat,B8:27:EB:FF:C8:F5,-56, WPA ,0.000000,0.000000,0.000,0.000,AP
2026-04-03 13:57:57,1900-01-00 00:00:00,0960-wombat,B8:27:EB:FF:C8:F5,-52, WPA ,0.000000,0.000000,0.000,0.000,AP
2026-04-03 13:57:57,1900-01-00 00:00:00,0960-wombat,B8:27:EB:FF:C8:F5,-56, WPA ,0.000000,0.000000,0.000,0.000,AP
2026-04-03 13:57:57,1900-01-00 00:00:00,0960-wombat,B8:27:EB:FF:C8:F5,-52, WPA ,0.000000,0.000000,0.000,0.000,AP
2026-04-03 13:57:57,1900-01-00 00:00:00,0960-wombat,B8:27:EB:FF:C8:F5,-52, WPA ,0.000000,0.000000,0.000,0.000,AP
2026-04-03 13:57:57,1900-01-00 00:00:00,0960-wombat,B8:27:EB:FF:C8:F5,-52, WPA ,0.000000,0.000000,0.000,0.000,AP
2026-04-03 13:57:57,1900-01-00 00:00:00,0960-wombat,B8:27:EB:FF:C8:F5,-52, WPA ,0.000000,0.000000,0.000,0.000,AP
2026-04-03 13:57:57,1900-01-00 00:00:00,0960-wombat,B8:27:EB:FF:C8:F5,-62, WPA ,0.000000,0.000000,0.000,0.000,AP
2026-04-03 13:57:57,1900-01-00 00:00:00,0960-wombat,B8:27:EB:FF:C8:F5,-62, WPA ,0.000000,0.000000,0.000,0.000,AP
2026-04-03 13:57:57,1900-01-00 00:00:00,0960-wombat,B8:27:EB:FF:C8:F5,-62, WPA ,0.000000,0.000000,0.000,0.000,AP
2026-04-03 13:57:57,1900-01-00 00:00:00,0960-wombat,B8:27:EB:FF:C8:F5,-62, WPA ,0.000000,0.000000,0.000,0.000,AP
2026-04-03 13:57:57,1900-01-00 00:00:00,0960-wombat,B8:27:EB:FF:C8:F5,-62, WPA ,0.000000,0.000000,0.000,0.000,AP
2026-04-03 13:57:57,1900-01-00 00:00:00,0960-wombat,B8:27:EB:FF:C8:F5,-62, WPA ,0.000000,0.000000,0.000,0.000,AP
2026-04-03 13:57:57,1900-01-00 00:00:00,0960-wombat,B8:27:EB:FF:C8:F5,-41, WPA ,0.000000,0.000000,0.000,0.000,AP
2026-04-03 13:57:57,1900-01-00 00:00:00,0960-wombat,B8:27:EB:FF:C8:F5,-41, WPA ,0.000000,0.000000,0.000,0.000,AP
2026-04-03 13:57:57,1900-01-00 00:00:00,0960-wombat,B8:27:EB:FF:C8:F5,-57, WPA ,0.000000,0.000000,0.000,0.000,AP
2026-04-03 13:57:57,1900-01-00 00:00:00,0960-wombat,B8:27:EB:FF:C8:F5,-57, WPA ,0.000000,0.000000,0.000,0.000,AP
2026-04-03 13:57:57,1900-01-00 00:00:00,0960-wombat,B8:27:EB:FF:C8:F5,-57, WPA ,0.000000,0.000000,0.000,0.000,AP
2026-04-03 13:57:57,1900-01-00 00:00:00,0960-wombat,B8:27:EB:FF:C8:F5,-57, WPA ,0.000000,0.000000,0.000,0.000,AP
2026-04-03 13:57:57,1900-01-00 00:00:00,0960-wombat,B8:27:EB:FF:C8:F5,-57, WPA ,0.000000,0.000000,0.000,0.000,AP
2026-04-03 13:57:57,1900-01-00 00:00:00,0960-wombat,B8:27:EB:FF:C8:F5,-57, WPA ,0.000000,0.000000,0.000,0.000,AP
2026-04-03 13:57:57,1900-01-00 00:00:00,0960-wombat,B8:27:EB:FF:C8:F5,-56, WPA ,0.000000,0.000000,0.000,0.000,AP
2026-04-03 13:57:57,1900-01-00 00:00:00,0960-wombat,B8:27:EB:FF:C8:F5,-56, WPA ,0.000000,0.000000,0.000,0.000,AP
2026-04-03 13:57:57,1900-01-00 00:00:00,0960-wombat,B8:27:EB:FF:C8:F5,-56, WPA ,0.000000,0.000000,0.000,0.000,AP
2026-04-03 13:57:57,1900-01-00 00:00:00,0960-wombat,B8:27:EB:FF:C8:F5,-56, WPA ,0.000000,0.000000,0.000,0.000,AP
2026-04-03 13:57:57,1900-01-00 00:00:00,0960-wombat,B8:27:EB:FF:C8:F5,-56, WPA ,0.000000,0.000000,0.000,0.000,AP
2026-04-03 13:57:57,1900-01-00 00:00:00,0960-wombat,B8:27:EB:FF:C8:F5,-56, WPA ,0.000000,0.000000,0.000,0.000,AP
2026-04-03 13:57:57,1900-01-00 00:00:00,0960-wombat,B8:27:EB:FF:C8:F5,-56, WPA ,0.000000,0.000000,0.000,0.000,AP
2026-04-03 13:57:57,1900-01-00 00:00:00,0960-wombat,B8:27:EB:FF:C8:F5,-56, WPA ,0.000000,0.000000,0.000,0.000,AP
2026-04-03 13:57:57,1900-01-00 00:00:00,0960-wombat,B8:27:EB:FF:C8:F5,-56, WPA ,0.000000,0.000000,0.000,0.000,AP
2026-04-03 13:57:57,1900-01-00 00:00:00,0960-wombat,B8:27:EB:FF:C8:F5,-56, WPA ,0.000000,0.000000,0.000,0.000,AP
2026-04-03 13:57:57,1900-01-00 00:00:00,0960-wombat,B8:27:EB:FF:C8:F5,-56, WPA ,0.000000,0.000000,0.000,0.000,AP
2026-04-03 13:57:57,1900-01-00 00:00:00,0960-wombat,B8:27:EB:FF:C8:F5,-56, WPA ,0.000000,0.000000,0.000,0.000,AP
2026-04-03 13:57:57,1900-01-00 00:00:00,0960-wombat,B8:27:EB:FF:C8:F5,-56, WPA ,0.000000,0.000000,0.000,0.000,AP
2026-04-03 13:57:57,1900-01-00 00:00:00,0960-wombat,B8:27:EB:FF:C8:F5,-56, WPA ,0.000000,0.000000,0.000,0.000,AP
2026-04-03 13:57:57,1900-01-00 00:00:00,0960-wombat,B8:27:EB:FF:C8:F5,-56, WPA ,0.000000,0.000000,0.000,0.000,AP
2026-04-03 13:57:57,1900-01-00 00:00:00,0960-wombat,B8:27:EB:FF:C8:F5,-56, WPA ,0.000000,0.000000,0.000,0.000,AP
2026-04-03 13:57:57,1900-01-00 00:00:00,0960-wombat,B8:27:EB:FF:C8:F5,-56, WPA ,0.000000,0.000000,0.000,0.000,AP
2026-04-03 13:57:57,1900-01-00 00:00:00,0960-wombat,B8:27:EB:FF:C8:F5,-56, WPA ,0.000000,0.000000,0.000,0.000,AP
2026-04-03 13:57:57,1900-01-00 00:00:00,0960-wombat,B8:27:EB:FF:C8:F5,-56, WPA ,0.000000,0.000000,0.000,0.000,AP
2026-04-03 13:57:57,1900-01-00 00:00:00,0960-wombat,B8:27:EB:FF:C8:F5,-56, WPA ,0.000000,0.000000,0.000,0.000,AP
2026-04-03 13:57:57,1900-01-00 00:00:00,0960-wombat,B8:27:EB:FF:C8:F5,-56, WPA ,0.000000,0.000000,0.000,0.000,AP
2026-04-03 13:57:57,1900-01-00 00:00:00,0960-wombat,B8:27:EB:FF:C8:F5,-56, WPA ,0.000000,0.000000,0.000,0.000,AP
2026-04-03 13:57:57,1900-01-00 00:00:00,0960-wombat,B8:27:EB:FF:C8:F5,-56, WPA ,0.000000,0.000000,0.000,0.000,AP
2026-04-03 13:57:57,1900-01-00 00:00:00,0960-wombat,B8:27:EB:FF:C8:F5,-56, WPA ,0.000000,0.000000,0.000,0.000,AP
2026-04-03 13:57:57,1900-01-00 00:00:00,0960-wombat,B8:27:EB:FF:C8:F5,-56, WPA ,0.000000,0.000000,0.000,0.000,AP
2026-04-03 13:57:57,1900-01-00 00:00:00,0960-wombat,B8:27:EB:FF:C8:F5,-59, WPA ,0.000000,0.000000,0.000,0.000,AP
2026-04-03 13:57:57,1900-01-00 00:00:00,0960-wombat,B8:27:EB:FF:C8:F5,-53, WPA ,0.000000,0.000000,0.000,0.000,AP
2026-04-03 13:57:57,1900-01-00 00:00:00,0960-wombat,B8:27:EB:FF:C8:F5,-53, WPA ,0.000000,0.000000,0.000,0.000,AP
2026-04-03 13:57:57,1900-01-00 00:00:00,0960-wombat,B8:27:EB:FF:C8:F5,-53, WPA ,0.000000,0.000000,0.000,0.000,AP
2026-04-03 13:57:57,1900-01-00 00:00:00,0960-wombat,B8:27:EB:FF:C8:F5,-53, WPA ,0.000000,0.000000,0.000,0.000,AP
2026-04-03 13:57:57,1900-01-00 00:00:00,0960-wombat,B8:27:EB:FF:C8:F5,-51, WPA ,0.000000,0.000000,0.000,0.000,AP
2026-04-03 13:57:57,1900-01-00 00:00:00,0960-wombat,B8:27:EB:FF:C8:F5,-51, WPA ,0.000000,0.000000,0.000,0.000,AP
2026-04-03 13:57:57,1900-01-00 00:00:00,0960-wombat,B8:27:EB:FF:C8:F5,-51, WPA ,0.000000,0.000000,0.000,0.000,AP
2026-04-03 13:57:57,1900-01-00 00:00:00,0960-wombat,B8:27:EB:FF:C8:F5,-51, WPA ,0.000000,0.000000,0.000,0.000,AP
2026-04-03 13:57:57,1900-01-00 00:00:00,0960-wombat,B8:27:EB:FF:C8:F5,-51, WPA ,0.000000,0.000000,0.000,0.000,AP
2026-04-03 13:57:57,1900-01-00 00:00:00,0960-wombat,B8:27:EB:FF:C8:F5,-51, WPA ,0.000000,0.000000,0.000,0.000,AP
2026-04-03 13:57:57,1900-01-00 00:00:00,0960-wombat,B8:27:EB:FF:C8:F5,-62, WPA ,0.000000,0.000000,0.000,0.000,AP
2026-04-03 13:57:57,1900-01-00 00:00:00,0960-wombat,B8:27:EB:FF:C8:F5,-62, WPA ,0.000000,0.000000,0.000,0.000,AP
2026-04-03 13:57:57,1900-01-00 00:00:00,0960-wombat,B8:27:EB:FF:C8:F5,-62, WPA ,0.000000,0.000000,0.000,0.000,AP
2026-04-03 13:57:57,1900-01-00 00:00:00,0960-wombat,B8:27:EB:FF:C8:F5,-62, WPA ,0.000000,0.000000,0.000,0.000,AP
2026-04-03 13:57:57,1900-01-00 00:00:00,0960-wombat,B8:27:EB:FF:C8:F5,-62, WPA ,0.000000,0.000000,0.000,0.000,AP
2026-04-03 13:57:57,1900-01-00 00:00:00,0960-wombat,B8:27:EB:FF:C8:F5,-62, WPA ,0.000000,0.000000,0.000,0.000,AP
2026-04-03 13:57:57,1900-01-00 00:00:00,0960-wombat,B8:27:EB:FF:C8:F5,-42, WPA ,0.000000,0.000000,0.000,0.000,AP
2026-04-03 13:57:57,1900-01-00 00:00:00,0960-wombat,B8:27:EB:FF:C8:F5,-42, WPA ,0.000000,0.000000,0.000,0.000,AP
2026-04-03 13:57:57,1900-01-00 00:00:00,0960-wombat,B8:27:EB:FF:C8:F5,-57, WPA ,0.000000,0.000000,0.000,0.000,AP
2026-04-03 13:57:57,1900-01-00 00:00:00,0960-wombat,B8:27:EB:FF:C8:F5,-57, WPA ,0.000000,0.000000,0.000,0.000,AP
2026-04-03 13:57:57,1900-01-00 00:00:00,0960-wombat,B8:27:EB:FF:C8:F5,-57, WPA ,0.000000,0.000000,0.000,0.000,AP
2026-04-03 13:57:57,1900-01-00 00:00:00,0960-wombat,B8:27:EB:FF:C8:F5,-57, WPA ,0.000000,0.000000,0.000,0.000,AP
2026-04-03 13:57:57,1900-01-00 00:00:00,0960-wombat,B8:27:EB:FF:C8:F5,-57, WPA ,0.000000,0.000000,0.000,0.000,AP
2026-04-03 13:57:57,1900-01-00 00:00:00,0960-wombat,B8:27:EB:FF:C8:F5,-57, WPA ,0.000000,0.000000,0.000,0.000,AP
2026-04-03 13:57:57,1900-01-00 00:00:00,0960-wombat,B8:27:EB:FF:C8:F5,-56, WPA ,0.000000,0.000000,0.000,0.000,AP
2026-04-03 13:57:57,1900-01-00 00:00:00,0960-wombat,B8:27:EB:FF:C8:F5,-56, WPA ,0.000000,0.000000,0.000,0.000,AP
2026-04-03 13:57:57,1900-01-00 00:00:00,0960-wombat,B8:27:EB:FF:C8:F5,-56, WPA ,0.000000,0.000000,0.000,0.000,AP
2026-04-03 13:57:57,1900-01-00 00:00:00,0960-wombat,B8:27:EB:FF:C8:F5,-56, WPA ,0.000000,0.000000,0.000,0.000,AP
2026-04-03 13:57:57,1900-01-00 00:00:00,0960-wombat,B8:27:EB:FF:C8:F5,-56, WPA ,0.000000,0.000000,0.000,0.000,AP
2026-04-03 13:57:57,1900-01-00 00:00:00,0960-wombat,B8:27:EB:FF:C8:F5,-56, WPA ,0.000000,0.000000,0.000,0.000,AP
2026-04-03 13:57:57,1900-01-00 00:00:00,0960-wombat,B8:27:EB:FF:C8:F5,-56, WPA ,0.000000,0.000000,0.000,0.000,AP
2026-04-03 13:57:57,1900-01-00 00:00:00,0960-wombat,B8:27:EB:FF:C8:F5,-56, WPA ,0.000000,0.000000,0.000,0.000,AP
2026-04-03 13:57:57,1900-01-00 00:00:00,0960-wombat,B8:27:EB:FF:C8:F5,-56, WPA ,0.000000,0.000000,0.000,0.000,AP
2026-04-03 13:57:57,1900-01-00 00:00:00,0960-wombat,B8:27:EB:FF:C8:F5,-56, WPA ,0.000000,0.000000,0.000,0.000,AP
2026-04-03 13:57:57,1900-01-00 00:00:00,0960-wombat,B8:27:EB:FF:C8:F5,-56, WPA ,0.000000,0.000000,0.000,0.000,AP
2026-04-03 13:57:57,1900-01-00 00:00:00,0960-wombat,B8:27:EB:FF:C8:F5,-56, WPA ,0.000000,0.000000,0.000,0.000,AP
2026-04-03 13:57:57,1900-01-00 00:00:00,0960-wombat,B8:27:EB:FF:C8:F5,-56, WPA ,0.000000,0.000000,0.000,0.000,AP
2026-04-03 13:57:57,1900-01-00 00:00:00,0960-wombat,B8:27:EB:FF:C8:F5,-56, WPA ,0.000000,0.000000,0.000,0.000,AP
2026-04-03 13:57:57,1900-01-00 00:00:00,0960-wombat,B8:27:EB:FF:C8:F5,-56, WPA ,0.000000,0.000000,0.000,0.000,AP
2026-04-03 13:57:57,1900-01-00 00:00:00,0960-wombat,B8:27:EB:FF:C8:F5,-56, WPA ,0.000000,0.000000,0.000,0.000,AP
2026-04-03 13:57:57,1900-01-00 00:00:00,0960-wombat,B8:27:EB:FF:C8:F5,-56, WPA ,0.000000,0.000000,0.000,0.000,AP
2026-04-03 13:57:57,1900-01-00 00:00:00,0960-wombat,B8:27:EB:FF:C8:F5,-56, WPA ,0.000000,0.000000,0.000,0.000,AP
2026-04-03 13:57:57,1900-01-00 00:00:00,0960-wombat,B8:27:EB:FF:C8:F5,-56, WPA ,0.000000,0.000000,0.000,0.000,AP
2026-04-03 13:57:57,1900-01-00 00:00:00,0960-wombat,B8:27:EB:FF:C8:F5,-56, WPA ,0.000000,0.000000,0.000,0.000,AP
2026-04-03 13:57:57,1900-01-00 00:00:00,0960-wombat,B8:27:EB:FF:C8:F5,-56, WPA ,0.000000,0.000000,0.000,0.000,AP
2026-04-03 13:57:57,1900-01-00 00:00:00,0960-wombat,B8:27:EB:FF:C8:F5,-56, WPA ,0.000000,0.000000,0.000,0.000,AP
2026-04-03 13:57:57,1900-01-00 00:00:00,0960-wombat,B8:27:EB:FF:C8:F5,-56, WPA ,0.000000,0.000000,0.000,0.000,AP
2026-04-03 13:57:57,1900-01-00 00:00:00,0960-wombat,B8:27:EB:FF:C8:F5,-56, WPA ,0.000000,0.000000,0.000,0.000,AP
2026-04-03 13:57:57,1900-01-00 00:00:00,0960-wombat,B8:27:EB:FF:C8:F5,-56, WPA ,0.000000,0.000000,0.000,0.000,AP
2026-04-03 13:57:57,1900-01-00 00:00:00,0960-wombat,B8:27:EB:FF:C8:F5,-60, WPA ,0.000000,0.000000,0.000,0.000,AP
2026-04-03 13:57:57,1900-01-00 00:00:00,0960-wombat,B8:27:EB:FF:C8:F5,-53, WPA ,0.000000,0.000000,0.000,0.000,AP
2026-04-03 13:57:57,1900-01-00 00:00:00,0960-wombat,B8:27:EB:FF:C8:F5,-53, WPA ,0.000000,0.000000,0.000,0.000,AP
2026-04-03 13:57:57,1900-01-00 00:00:00,0960-wombat,B8:27:EB:FF:C8:F5,-53, WPA ,0.000000,0.000000,0.000,0.000,AP
2026-04-03 13:57:57,1900-01-00 00:00:00,0960-wombat,B8:27:EB:FF:C8:F5,-53, WPA ,0.000000,0.000000,0.000,0.000,AP
2026-04-03 13:57:57,1900-01-00 00:00:00,0960-wombat,B8:27:EB:FF:C8:F5,-62, WPA ,0.000000,0.000000,0.000,0.000,AP
2026-04-03 13:57:57,1900-01-00 00:00:00,0960-wombat,B8:27:EB:FF:C8:F5,-62, WPA ,0.000000,0.000000,0.000,0.000,AP
2026-04-03 13:57:57,1900-01-00 00:00:00,0960-wombat,B8:27:EB:FF:C8:F5,-62, WPA ,0.000000,0.000000,0.000,0.000,AP
2026-04-03 13:57:57,1900-01-00 00:00:00,0960-wombat,B8:27:EB:FF:C8:F5,-53, WPA ,0.000000,0.000000,0.000,0.000,AP
2026-04-03 13:57:57,1900-01-00 00:00:00,0960-wombat,B8:27:EB:FF:C8:F5,-54, WPA ,0.000000,0.000000,0.000,0.000,AP
2026-04-03 13:57:57,1900-01-00 00:00:00,0960-wombat,B8:27:EB:FF:C8:F5,-41, WPA ,0.000000,0.000000,0.000,0.000,AP
2026-04-03 13:57:57,1900-01-00 00:00:00,0960-wombat,B8:27:EB:FF:C8:F5,-41, WPA ,0.000000,0.000000,0.000,0.000,AP
2026-04-03 13:57:57,1900-01-00 00:00:00,0960-wombat,B8:27:EB:FF:C8:F5,-41, WPA ,0.000000,0.000000,0.000,0.000,AP
2026-04-03 13:57:57,1900-01-00 00:00:00,0960-wombat,B8:27:EB:FF:C8:F5,-41, WPA ,0.000000,0.000000,0.000,0.000,AP
2026-04-03 13:57:57,1900-01-00 00:00:00,0960-wombat,B8:27:EB:FF:C8:F5,-60, WPA ,0.000000,0.000000,0.000,0.000,AP
2026-04-03 13:57:57,1900-01-00 00:00:00,0960-wombat,B8:27:EB:FF:C8:F5,-53, WPA ,0.000000,0.000000,0.000,0.000,AP
2026-04-03 13:57:57,1900-01-00 00:00:00,0960-wombat,B8:27:EB:FF:C8:F5,-53, WPA ,0.000000,0.000000,0.000,0.000,AP
2026-04-03 13:57:57,1900-01-00 00:00:00,0960-wombat,B8:27:EB:FF:C8:F5,-53, WPA ,0.000000,0.000000,0.000,0.000,AP
2026-04-03 13:57:57,1900-01-00 00:00:00,0960-wombat,B8:27:EB:FF:C8:F5,-53, WPA ,0.000000,0.000000,0.000,0.000,AP
2026-04-03 13:57:57,1900-01-00 00:00:00,0960-wombat,B8:27:EB:FF:C8:F5,-62, WPA ,0.000000,0.000000,0.000,0.000,AP
2026-04-03 13:57:57,1900-01-00 00:00:00,0960-wombat,B8:27:EB:FF:C8:F5,-62, WPA ,0.000000,0.000000,0.000,0.000,AP
2026-04-03 13:57:57,1900-01-00 00:00:00,0960-wombat,B8:27:EB:FF:C8:F5,-62, WPA ,0.000000,0.000000,0.000,0.000,AP
2026-04-03 13:57:57,1900-01-00 00:00:00,0960-wombat,B8:27:EB:FF:C8:F5,-62, WPA ,0.000000,0.000000,0.000,0.000,AP
2026-04-03 13:57:57,1900-01-00 00:00:00,0960-wombat,B8:27:EB:FF:C8:F5,-62, WPA ,0.000000,0.000000,0.000,0.000,AP
2026-04-03 13:57:57,1900-01-00 00:00:00,0960-wombat,B8:27:EB:FF:C8:F5,-62, WPA ,0.000000,0.000000,0.000,0.000,AP
2026-04-03 13:57:57,1900-01-00 00:00:00,0960-wombat,B8:27:EB:FF:C8:F5,-63, WPA ,0.000000,0.000000,0.000,0.000,AP
2026-04-03 13:57:57,1900-01-00 00:00:00,0960-wombat,B8:27:EB:FF:C8:F5,-63, WPA ,0.000000,0.000000,0.000,0.000,AP
2026-04-03 13:57:57,1900-01-00 00:00:00,0960-wombat,B8:27:EB:FF:C8:F5,-63, WPA ,0.000000,0.000000,0.000,0.000,AP
2026-04-03 13:57:57,1900-01-00 00:00:00,0960-wombat,B8:27:EB:FF:C8:F5,-63, WPA ,0.000000,0.000000,0.000,0.000,AP
2026-04-03 13:57:57,1900-01-00 00:00:00,0960-wombat,B8:27:EB:FF:C8:F5,-63, WPA ,0.000000,0.000000,0.000,0.000,AP
2026-04-03 13:57:57,1900-01-00 00:00:00,0960-wombat,B8:27:EB:FF:C8:F5,-63, WPA ,0.000000,0.000000,0.000,0.000,AP
2026-04-03 13:57:57,1900-01-00 00:00:00,0960-wombat,B8:27:EB:FF:C8:F5,-41, WPA ,0.000000,0.000000,0.000,0.000,AP
2026-04-03 13:57:57,1900-01-00 00:00:00,0960-wombat,B8:27:EB:FF:C8:F5,-41, WPA ,0.000000,0.000000,0.000,0.000,AP
2026-04-03 13:57:57,1900-01-00 00:00:00,0960-wombat,B8:27:EB:FF:C8:F5,-58, WPA ,0.000000,0.000000,0.000,0.000,AP
2026-04-03 13:57:57,1900-01-00 00:00:00,0960-wombat,B8:27:EB:FF:C8:F5,-48, WPA ,0.000000,0.000000,0.000,0.000,AP
2026-04-03 13:57:57,1900-01-00 00:00:00,0960-wombat,B8:27:EB:FF:C8:F5,-48, WPA ,0.000000,0.000000,0.000,0.000,AP
2026-04-03 13:57:57,1900-01-00 00:00:00,0960-wombat,B8:27:EB:FF:C8:F5,-48, WPA ,0.000000,0.000000,0.000,0.000,AP
2026-04-03 13:57:57,1900-01-00 00:00:00,0960-wombat,B8:27:EB:FF:C8:F5,-48, WPA ,0.000000,0.000000,0.000,0.000,AP
2026-04-03 13:57:57,1900-01-00 00:00:00,0960-wombat,B8:27:EB:FF:C8:F5,-48, WPA ,0.000000,0.000000,0.000,0.000,AP
2026-04-03 13:57:57,1900-01-00 00:00:00,0960-wombat,B8:27:EB:FF:C8:F5,-55, WPA ,0.000000,0.000000,0.000,0.000,AP
2026-04-03 13:57:57,1900-01-00 00:00:00,0960-wombat,B8:27:EB:FF:C8:F5,-55, WPA ,0.000000,0.000000,0.000,0.000,AP
2026-04-03 13:57:57,1900-01-00 00:00:00,0960-wombat,B8:27:EB:FF:C8:F5,-55, WPA ,0.000000,0.000000,0.000,0.000,AP
2026-04-03 13:57:57,1900-01-00 00:00:00,0960-wombat,B8:27:EB:FF:C8:F5,-55, WPA ,0.000000,0.000000,0.000,0.000,AP
2026-04-03 13:57:57,1900-01-00 00:00:00,0960-wombat,B8:27:EB:FF:C8:F5,-53, WPA ,0.000000,0.000000,0.000,0.000,AP
2026-04-03 13:57:57,1900-01-00 00:00:00,0960-wombat,B8:27:EB:FF:C8:F5,-53, WPA ,0.000000,0.000000,0.000,0.000,AP
2026-04-03 13:57:57,1900-01-00 00:00:00,0960-wombat,B8:27:EB:FF:C8:F5,-53, WPA ,0.000000,0.000000,0.000,0.000,AP
2026-04-03 13:57:57,1900-01-00 00:00:00,0960-wombat,B8:27:EB:FF:C8:F5,-53, WPA ,0.000000,0.000000,0.000,0.000,AP
2026-04-03 13:57:57,1900-01-00 00:00:00,0960-wombat,B8:27:EB:FF:C8:F5,-53, WPA ,0.000000,0.000000,0.000,0.000,AP
2026-04-03 13:57:57,1900-01-00 00:00:00,0960-wombat,B8:27:EB:FF:C8:F5,-53, WPA ,0.000000,0.000000,0.000,0.000,AP
2026-04-03 13:57:57,1900-01-00 00:00:00,0960-wombat,B8:27:EB:FF:C8:F5,-53, WPA ,0.000000,0.000000,0.000,0.000,AP
2026-04-03 13:57:57,1900-01-00 00:00:00,0960-wombat,B8:27:EB:FF:C8:F5,-53, WPA ,0.000000,0.000000,0.000,0.000,AP
2026-04-03 13:57:57,1900-01-00 00:00:00,0960-wombat,B8:27:EB:FF:C8:F5,-53, WPA ,0.000000,0.000000,0.000,0.000,AP
2026-04-03 13:57:57,1900-01-00 00:00:00,0960-wombat,B8:27:EB:FF:C8:F5,-56, WPA ,0.000000,0.000000,0.000,0.000,AP
2026-04-03 13:57:57,1900-01-00 00:00:00,0960-wombat,B8:27:EB:FF:C8:F5,-60, WPA ,0.000000,0.000000,0.000,0.000,AP
2026-04-03 13:57:57,1900-01-00 00:00:00,0960-wombat,B8:27:EB:FF:C8:F5,-60, WPA ,0.000000,0.000000,0.000,0.000,AP
2026-04-03 13:57:57,1900-01-00 00:00:00,0960-wombat,B8:27:EB:FF:C8:F5,-59, WPA ,0.000000,0.000000,0.000,0.000,AP
2026-04-03 13:57:57,1900-01-00 00:00:00,0960-wombat,B8:27:EB:FF:C8:F5,-59, WPA ,0.000000,0.000000,0.000,0.000,AP
2026-04-03 13:57:57,1900-01-00 00:00:00,0960-wombat,B8:27:EB:FF:C8:F5,-60, WPA ,0.000000,0.000000,0.000,0.000,AP
2026-04-03 13:57:57,1900-01-00 00:00:00,0960-wombat,B8:27:EB:FF:C8:F5,-58, WPA ,0.000000,0.000000,0.000,0.000,AP
2026-04-03 13:57:57,1900-01-00 00:00:00,0960-wombat,B8:27:EB:FF:C8:F5,-60, WPA ,0.000000,0.000000,0.000,0.000,AP
2026-04-03 13:57:57,1900-01-00 00:00:00,0960-wombat,B8:27:EB:FF:C8:F5,-60, WPA ,0.000000,0.000000,0.000,0.000,AP
2026-04-03 13:57:57,1900-01-00 00:00:00,0960-wombat,B8:27:EB:FF:C8:F5,-60, WPA ,0.000000,0.000000,0.000,0.000,AP
2026-04-03 13:57:57,1900-01-00 00:00:00,0960-wombat,B8:27:EB:FF:C8:F5,-60, WPA ,0.000000,0.000000,0.000,0.000,AP
2026-04-03 13:57:57,1900-01-00 00:00:00,0960-wombat,B8:27:EB:FF:C8:F5,-60, WPA ,0.000000,0.000000,0.000,0.000,AP
2026-04-03 13:57:57,1900-01-00 00:00:00,0960-wombat,B8:27:EB:FF:C8:F5,-61, WPA ,0.000000,0.000000,0.000,0.000,AP
2026-04-03 13:57:57,1900-01-00 00:00:00,0960-wombat,B8:27:EB:FF:C8:F5,-53, WPA ,0.000000,0.000000,0.000,0.000,AP
2026-04-03 13:57:57,1900-01-00 00:00:00,0960-wombat,B8:27:EB:FF:C8:F5,-59, WPA ,0.000000,0.000000,0.000,0.000,AP
2026-04-03 13:57:57,1900-01-00 00:00:00,0960-wombat,B8:27:EB:FF:C8:F5,-59, WPA ,0.000000,0.000000,0.000,0.000,AP
2026-04-03 13:57:57,1900-01-00 00:00:00,0960-wombat,B8:27:EB:FF:C8:F5,-59, WPA ,0.000000,0.000000,0.000,0.000,AP
2026-04-03 13:57:57,1900-01-00 00:00:00,0960-wombat,B8:27:EB:FF:C8:F5,-62, WPA ,0.000000,0.000000,0.000,0.000,AP
2026-04-03 13:57:57,1900-01-00 00:00:00,0960-wombat,B8:27:EB:FF:C8:F5,-62, WPA ,0.000000,0.000000,0.000,0.000,AP
2026-04-03 13:57:57,1900-01-00 00:00:00,0960-wombat,B8:27:EB:FF:C8:F5,-62, WPA ,0.000000,0.000000,0.000,0.000,AP
2026-04-03 13:57:57,1900-01-00 00:00:00,0960-wombat,B8:27:EB:FF:C8:F5,-62, WPA ,0.000000,0.000000,0.000,0.000,AP
2026-04-03 13:57:57,1900-01-00 00:00:00,0960-wombat,B8:27:EB:FF:C8:F5,-62, WPA ,0.000000,0.000000,0.000,0.000,AP
2026-04-03 13:57:57,1900-01-00 00:00:00,0960-wombat,B8:27:EB:FF:C8:F5,-62, WPA ,0.000000,0.000000,0.000,0.000,AP
2026-04-03 13:57:57,1900-01-00 00:00:00,0960-wombat,B8:27:EB:FF:C8:F5,-62, WPA ,0.000000,0.000000,0.000,0.000,AP
2026-04-03 13:57:57,1900-01-00 00:00:00,0960-wombat,B8:27:EB:FF:C8:F5,-62, WPA ,0.000000,0.000000,0.000,0.000,AP
2026-04-03 13:57:57,1900-01-00 00:00:00,0960-wombat,B8:27:EB:FF:C8:F5,-62, WPA ,0.000000,0.000000,0.000,0.000,AP
2026-04-03 13:57:57,1900-01-00 00:00:00,0960-wombat,B8:27:EB:FF:C8:F5,-62, WPA ,0.000000,0.000000,0.000,0.000,AP
2026-04-03 13:57:57,1900-01-00 00:00:00,0960-wombat,B8:27:EB:FF:C8:F5,-62, WPA ,0.000000,0.000000,0.000,0.000,AP
2026-04-03 13:57:57,1900-01-00 00:00:00,0960-wombat,B8:27:EB:FF:C8:F5,-62, WPA ,0.000000,0.000000,0.000,0.000,AP
2026-04-03 13:57:57,1900-01-00 00:00:00,0960-wombat,B8:27:EB:FF:C8:F5,-42, WPA ,0.000000,0.000000,0.000,0.000,AP
2026-04-03 13:57:57,1900-01-00 00:00:00,0960-wombat,B8:27:EB:FF:C8:F5,-41, WPA ,0.000000,0.000000,0.000,0.000,AP
2026-04-03 13:57:57,1900-01-00 00:00:00,0960-wombat,B8:27:EB:FF:C8:F5,-58, WPA ,0.000000,0.000000,0.000,0.000,AP
2026-04-03 13:57:57,1900-01-00 00:00:00,0960-wombat,B8:27:EB:FF:C8:F5,-59, WPA ,0.000000,0.000000,0.000,0.000,AP
2026-04-03 13:57:57,1900-01-00 00:00:00,0960-wombat,B8:27:EB:FF:C8:F5,-59, WPA ,0.000000,0.000000,0.000,0.000,AP
2026-04-03 13:57:57,1900-01-00 00:00:00,0960-wombat,B8:27:EB:FF:C8:F5,-60, WPA ,0.000000,0.000000,0.000,0.000,AP
2026-04-03 13:57:57,1900-01-00 00:00:00,0960-wombat,B8:27:EB:FF:C8:F5,-60, WPA ,0.000000,0.000000,0.000,0.000,AP
2026-04-03 13:57:57,1900-01-00 00:00:00,0960-wombat,B8:27:EB:FF:C8:F5,-60, WPA ,0.000000,0.000000,0.000,0.000,AP
2026-04-03 13:57:57,1900-01-00 00:00:00,0960-wombat,B8:27:EB:FF:C8:F5,-54, WPA ,0.000000,0.000000,0.000,0.000,AP
2026-04-03 13:57:57,1900-01-00 00:00:00,0960-wombat,B8:27:EB:FF:C8:F5,-54, WPA ,0.000000,0.000000,0.000,0.000,AP
2026-04-03 13:57:57,1900-01-00 00:00:00,0960-wombat,B8:27:EB:FF:C8:F5,-61, WPA ,0.000000,0.000000,0.000,0.000,AP
2026-04-03 13:57:57,1900-01-00 00:00:00,0960-wombat,B8:27:EB:FF:C8:F5,-60, WPA ,0.000000,0.000000,0.000,0.000,AP
2026-04-03 13:57:57,1900-01-00 00:00:00,0960-wombat,B8:27:EB:FF:C8:F5,-60, WPA ,0.000000,0.000000,0.000,0.000,AP
2026-04-03 13:57:57,1900-01-00 00:00:00,0960-wombat,B8:27:EB:FF:C8:F5,-60, WPA ,0.000000,0.000000,0.000,0.000,AP
2026-04-03 13:57:57,1900-01-00 00:00:00,0960-wombat,B8:27:EB:FF:C8:F5,-61, WPA ,0.000000,0.000000,0.000,0.000,AP
2026-04-03 13:57:57,1900-01-00 00:00:00,0960-wombat,B8:27:EB:FF:C8:F5,-61, WPA ,0.000000,0.000000,0.000,0.000,AP
2026-04-03 13:57:57,1900-01-00 00:00:00,0960-wombat,B8:27:EB:FF:C8:F5,-61, WPA ,0.000000,0.000000,0.000,0.000,AP
2026-04-03 13:57:57,1900-01-00 00:00:00,0960-wombat,B8:27:EB:FF:C8:F5,-61, WPA ,0.000000,0.000000,0.000,0.000,AP
2026-04-03 13:57:57,1900-01-00 00:00:00,0960-wombat,B8:27:EB:FF:C8:F5,-53, WPA ,0.000000,0.000000,0.000,0.000,AP
2026-04-03 13:57:57,1900-01-00 00:00:00,0960-wombat,B8:27:EB:FF:C8:F5,-53, WPA ,0.000000,0.000000,0.000,0.000,AP
2026-04-03 13:57:57,1900-01-00 00:00:00,0960-wombat,B8:27:EB:FF:C8:F5,-53, WPA ,0.000000,0.000000,0.000,0.000,AP
2026-04-03 13:57:57,1900-01-00 00:00:00,0960-wombat,B8:27:EB:FF:C8:F5,-53, WPA ,0.000000,0.000000,0.000,0.000,AP
2026-04-03 13:57:57,1900-01-00 00:00:00,0960-wombat,B8:27:EB:FF:C8:F5,-53, WPA ,0.000000,0.000000,0.000,0.000,AP
2026-04-03 13:57:58,1900-01-00 00:00:00,0960-wombat,B8:27:EB:FF:C8:F5,-53, WPA ,0.000000,0.000000,0.000,0.000,AP
2026-04-03 13:57:58,1900-01-00 00:00:00,0960-wombat,B8:27:EB:FF:C8:F5,-53, WPA ,0.000000,0.000000,0.000,0.000,AP
2026-04-03 13:57:58,1900-01-00 00:00:00,0960-wombat,B8:27:EB:FF:C8:F5,-53, WPA ,0.000000,0.000000,0.000,0.000,AP
2026-04-03 13:57:58,1900-01-00 00:00:00,0960-wombat,B8:27:EB:FF:C8:F5,-53, WPA ,0.000000,0.000000,0.000,0.000,AP
2026-04-03 13:57:58,1900-01-00 00:00:00,0960-wombat,B8:27:EB:FF:C8:F5,-53, WPA ,0.000000,0.000000,0.000,0.000,AP
2026-04-03 13:57:58,1900-01-00 00:00:00,0960-wombat,B8:27:EB:FF:C8:F5,-53, WPA ,0.000000,0.000000,0.000,0.000,AP
2026-04-03 13:57:58,1900-01-00 00:00:00,0960-wombat,B8:27:EB:FF:C8:F5,-53, WPA ,0.000000,0.000000,0.000,0.000,AP
2026-04-03 13:57:58,1900-01-00 00:00:00,0960-wombat,B8:27:EB:FF:C8:F5,-53, WPA ,0.000000,0.000000,0.000,0.000,AP
2026-04-03 13:57:58,1900-01-00 00:00:00,0960-wombat,B8:27:EB:FF:C8:F5,-53, WPA ,0.000000,0.000000,0.000,0.000,AP
2026-04-03 13:57:58,1900-01-00 00:00:00,0960-wombat,B8:27:EB:FF:C8:F5,-53, WPA ,0.000000,0.000000,0.000,0.000,AP
2026-04-03 13:57:58,1900-01-00 00:00:00,0960-wombat,B8:27:EB:FF:C8:F5,-62, WPA ,0.000000,0.000000,0.000,0.000,AP
2026-04-03 13:57:58,1900-01-00 00:00:00,0960-wombat,B8:27:EB:FF:C8:F5,-54, WPA ,0.000000,0.000000,0.000,0.000,AP
2026-04-03 13:57:58,1900-01-00 00:00:00,0960-wombat,B8:27:EB:FF:C8:F5,-54, WPA ,0.000000,0.000000,0.000,0.000,AP
2026-04-03 13:57:58,1900-01-00 00:00:00,0960-wombat,B8:27:EB:FF:C8:F5,-54, WPA ,0.000000,0.000000,0.000,0.000,AP
2026-04-03 13:57:58,1900-01-00 00:00:00,0960-wombat,B8:27:EB:FF:C8:F5,-54, WPA ,0.000000,0.000000,0.000,0.000,AP
2026-04-03 13:57:58,1900-01-00 00:00:00,0960-wombat,B8:27:EB:FF:C8:F5,-54, WPA ,0.000000,0.000000,0.000,0.000,AP
2026-04-03 13:57:58,1900-01-00 00:00:00,0960-wombat,B8:27:EB:FF:C8:F5,-54, WPA ,0.000000,0.000000,0.000,0.000,AP
2026-04-03 13:57:58,1900-01-00 00:00:00,0960-wombat,B8:27:EB:FF:C8:F5,-54, WPA ,0.000000,0.000000,0.000,0.000,AP
2026-04-03 13:57:58,1900-01-00 00:00:00,0960-wombat,B8:27:EB:FF:C8:F5,-54, WPA ,0.000000,0.000000,0.000,0.000,AP
2026-04-03 13:57:58,1900-01-00 00:00:00,0960-wombat,B8:27:EB:FF:C8:F5,-54, WPA ,0.000000,0.000000,0.000,0.000,AP
2026-04-03 13:57:58,1900-01-00 00:00:00,0960-wombat,B8:27:EB:FF:C8:F5,-54, WPA ,0.000000,0.000000,0.000,0.000,AP
2026-04-03 13:57:58,1900-01-00 00:00:00,0960-wombat,B8:27:EB:FF:C8:F5,-54, WPA ,0.000000,0.000000,0.000,0.000,AP
2026-04-03 13:57:58,1900-01-00 00:00:00,0960-wombat,B8:27:EB:FF:C8:F5,-63, WPA ,0.000000,0.000000,0.000,0.000,AP
2026-04-03 13:57:58,1900-01-00 00:00:00,0960-wombat,B8:27:EB:FF:C8:F5,-63, WPA ,0.000000,0.000000,0.000,0.000,AP
2026-04-03 13:57:58,1900-01-00 00:00:00,0960-wombat,B8:27:EB:FF:C8:F5,-63, WPA ,0.000000,0.000000,0.000,0.000,AP
2026-04-03 13:57:58,1900-01-00 00:00:00,0960-wombat,B8:27:EB:FF:C8:F5,-63, WPA ,0.000000,0.000000,0.000,0.000,AP
2026-04-03 13:57:58,1900-01-00 00:00:00,0960-wombat,B8:27:EB:FF:C8:F5,-63, WPA ,0.000000,0.000000,0.000,0.000,AP
2026-04-03 13:57:58,1900-01-00 00:00:00,0960-wombat,B8:27:EB:FF:C8:F5,-41, WPA ,0.000000,0.000000,0.000,0.000,AP
2026-04-03 13:57:58,1900-01-00 00:00:00,0960-wombat,B8:27:EB:FF:C8:F5,-41, WPA ,0.000000,0.000000,0.000,0.000,AP
2026-04-03 13:57:58,1900-01-00 00:00:00,0960-wombat,B8:27:EB:FF:C8:F5,-41, WPA ,0.000000,0.000000,0.000,0.000,AP
2026-04-03 13:57:58,1900-01-00 00:00:00,0960-wombat,B8:27:EB:FF:C8:F5,-57, WPA ,0.000000,0.000000,0.000,0.000,AP
2026-04-03 13:57:58,1900-01-00 00:00:00,0960-wombat,B8:27:EB:FF:C8:F5,-53, WPA ,0.000000,0.000000,0.000,0.000,AP
2026-04-03 13:57:58,1900-01-00 00:00:00,0960-wombat,B8:27:EB:FF:C8:F5,-53, WPA ,0.000000,0.000000,0.000,0.000,AP
2026-04-03 13:57:58,1900-01-00 00:00:00,0960-wombat,B8:27:EB:FF:C8:F5,-53, WPA ,0.000000,0.000000,0.000,0.000,AP
2026-04-03 13:57:58,1900-01-00 00:00:00,0960-wombat,B8:27:EB:FF:C8:F5,-53, WPA ,0.000000,0.000000,0.000,0.000,AP
2026-04-03 13:57:58,1900-01-00 00:00:00,0960-wombat,B8:27:EB:FF:C8:F5,-53, WPA ,0.000000,0.000000,0.000,0.000,AP
2026-04-03 13:57:58,1900-01-00 00:00:00,0960-wombat,B8:27:EB:FF:C8:F5,-53, WPA ,0.000000,0.000000,0.000,0.000,AP
2026-04-03 13:57:58,1900-01-00 00:00:00,0960-wombat,B8:27:EB:FF:C8:F5,-54, WPA ,0.000000,0.000000,0.000,0.000,AP
2026-04-03 13:57:58,1900-01-00 00:00:00,0960-wombat,B8:27:EB:FF:C8:F5,-53, WPA ,0.000000,0.000000,0.000,0.000,AP
2026-04-03 13:57:58,1900-01-00 00:00:00,0960-wombat,B8:27:EB:FF:C8:F5,-53, WPA ,0.000000,0.000000,0.000,0.000,AP
2026-04-03 13:57:58,1900-01-00 00:00:00,0960-wombat,B8:27:EB:FF:C8:F5,-53, WPA ,0.000000,0.000000,0.000,0.000,AP
2026-04-03 13:57:58,1900-01-00 00:00:00,0960-wombat,B8:27:EB:FF:C8:F5,-41, WPA ,0.000000,0.000000,0.000,0.000,AP
2026-04-03 13:57:58,1900-01-00 00:00:00,0960-wombat,B8:27:EB:FF:C8:F5,-42, WPA ,0.000000,0.000000,0.000,0.000,AP
2026-04-03 13:57:58,1900-01-00 00:00:00,0960-wombat,B8:27:EB:FF:C8:F5,-58, WPA ,0.000000,0.000000,0.000,0.000,AP
2026-04-03 13:57:58,1900-01-00 00:00:00,0960-wombat,B8:27:EB:FF:C8:F5,-58, WPA ,0.000000,0.000000,0.000,0.000,AP
2026-04-03 13:57:58,1900-01-00 00:00:00,0960-wombat,B8:27:EB:FF:C8:F5,-58, WPA ,0.000000,0.000000,0.000,0.000,AP
2026-04-03 13:57:58,1900-01-00 00:00:00,0960-wombat,B8:27:EB:FF:C8:F5,-58, WPA ,0.000000,0.000000,0.000,0.000,AP
2026-04-03 13:57:58,1900-01-00 00:00:00,0960-wombat,B8:27:EB:FF:C8:F5,-58, WPA ,0.000000,0.000000,0.000,0.000,AP
2026-04-03 13:57:58,1900-01-00 00:00:00,0960-wombat,B8:27:EB:FF:C8:F5,-58, WPA ,0.000000,0.000000,0.000,0.000,AP
2026-04-03 13:57:58,1900-01-00 00:00:00,0960-wombat,B8:27:EB:FF:C8:F5,-57, WPA ,0.000000,0.000000,0.000,0.000,AP
2026-04-03 13:57:58,1900-01-00 00:00:00,0960-wombat,B8:27:EB:FF:C8:F5,-57, WPA ,0.000000,0.000000,0.000,0.000,AP
2026-04-03 13:57:58,1900-01-00 00:00:00,0960-wombat,B8:27:EB:FF:C8:F5,-53, WPA ,0.000000,0.000000,0.000,0.000,AP
2026-04-03 13:57:58,1900-01-00 00:00:00,0960-wombat,B8:27:EB:FF:C8:F5,-52, WPA ,0.000000,0.000000,0.000,0.000,AP
2026-04-03 13:57:58,1900-01-00 00:00:00,0960-wombat,B8:27:EB:FF:C8:F5,-52, WPA ,0.000000,0.000000,0.000,0.000,AP
2026-04-03 13:57:58,1900-01-00 00:00:00,0960-wombat,B8:27:EB:FF:C8:F5,-52, WPA ,0.000000,0.000000,0.000,0.000,AP
2026-04-03 13:57:58,1900-01-00 00:00:00,0960-wombat,B8:27:EB:FF:C8:F5,-53, WPA ,0.000000,0.000000,0.000,0.000,AP
2026-04-03 13:57:58,1900-01-00 00:00:00,0960-wombat,B8:27:EB:FF:C8:F5,-53, WPA ,0.000000,0.000000,0.000,0.000,AP
2026-04-03 13:57:58,1900-01-00 00:00:00,0960-wombat,B8:27:EB:FF:C8:F5,-53, WPA ,0.000000,0.000000,0.000,0.000,AP
2026-04-03 13:57:58,1900-01-00 00:00:00,0960-wombat,B8:27:EB:FF:C8:F5,-53, WPA ,0.000000,0.000000,0.000,0.000,AP
2026-04-03 13:57:58,1900-01-00 00:00:00,0960-wombat,B8:27:EB:FF:C8:F5,-53, WPA ,0.000000,0.000000,0.000,0.000,AP
2026-04-03 13:57:58,1900-01-00 00:00:00,0960-wombat,B8:27:EB:FF:C8:F5,-53, WPA ,0.000000,0.000000,0.000,0.000,AP
2026-04-03 13:57:58,1900-01-00 00:00:00,0960-wombat,B8:27:EB:FF:C8:F5,-53, WPA ,0.000000,0.000000,0.000,0.000,AP
2026-04-03 13:57:58,1900-01-00 00:00:00,0960-wombat,B8:27:EB:FF:C8:F5,-53, WPA ,0.000000,0.000000,0.000,0.000,AP
2026-04-03 13:57:58,1900-01-00 00:00:00,0960-wombat,B8:27:EB:FF:C8:F5,-53, WPA ,0.000000,0.000000,0.000,0.000,AP
2026-04-03 13:57:58,1900-01-00 00:00:00,0960-wombat,B8:27:EB:FF:C8:F5,-53, WPA ,0.000000,0.000000,0.000,0.000,AP
2026-04-03 13:57:58,1900-01-00 00:00:00,0960-wombat,B8:27:EB:FF:C8:F5,-53, WPA ,0.000000,0.000000,0.000,0.000,AP
2026-04-03 13:57:58,1900-01-00 00:00:00,0960-wombat,B8:27:EB:FF:C8:F5,-50, WPA ,0.000000,0.000000,0.000,0.000,AP
2026-04-03 13:57:58,1900-01-00 00:00:00,0960-wombat,B8:27:EB:FF:C8:F5,-50, WPA ,0.000000,0.000000,0.000,0.000,AP
2026-04-03 13:57:58,1900-01-00 00:00:00,0960-wombat,B8:27:EB:FF:C8:F5,-50, WPA ,0.000000,0.000000,0.000,0.000,AP
2026-04-03 13:57:58,1900-01-00 00:00:00,0960-wombat,B8:27:EB:FF:C8:F5,-50, WPA ,0.000000,0.000000,0.000,0.000,AP
2026-04-03 13:57:58,1900-01-00 00:00:00,0960-wombat,B8:27:EB:FF:C8:F5,-50, WPA ,0.000000,0.000000,0.000,0.000,AP
2026-04-03 13:57:58,1900-01-00 00:00:00,0960-wombat,B8:27:EB:FF:C8:F5,-50, WPA ,0.000000,0.000000,0.000,0.000,AP
2026-04-03 13:57:58,1900-01-00 00:00:00,0960-wombat,B8:27:EB:FF:C8:F5,-50, WPA ,0.000000,0.000000,0.000,0.000,AP
2026-04-03 13:57:58,1900-01-00 00:00:00,0960-wombat,B8:27:EB:FF:C8:F5,-50, WPA ,0.000000,0.000000,0.000,0.000,AP
2026-04-03 13:57:58,1900-01-00 00:00:00,0960-wombat,B8:27:EB:FF:C8:F5,-50, WPA ,0.000000,0.000000,0.000,0.000,AP
2026-04-03 13:57:58,1900-01-00 00:00:00,0960-wombat,B8:27:EB:FF:C8:F5,-52, WPA ,0.000000,0.000000,0.000,0.000,AP
2026-04-03 13:57:58,1900-01-00 00:00:00,0960-wombat,B8:27:EB:FF:C8:F5,-53, WPA ,0.000000,0.000000,0.000,0.000,AP
2026-04-03 13:57:58,1900-01-00 00:00:00,0960-wombat,B8:27:EB:FF:C8:F5,-53, WPA ,0.000000,0.000000,0.000,0.000,AP
2026-04-03 13:57:58,1900-01-00 00:00:00,0960-wombat,B8:27:EB:FF:C8:F5,-53, WPA ,0.000000,0.000000,0.000,0.000,AP
2026-04-03 13:57:58,1900-01-00 00:00:00,0960-wombat,B8:27:EB:FF:C8:F5,-53, WPA ,0.000000,0.000000,0.000,0.000,AP
2026-04-03 13:57:58,1900-01-00 00:00:00,0960-wombat,B8:27:EB:FF:C8:F5,-61, WPA ,0.000000,0.000000,0.000,0.000,AP
2026-04-03 13:57:58,1900-01-00 00:00:00,0960-wombat,B8:27:EB:FF:C8:F5,-61, WPA ,0.000000,0.000000,0.000,0.000,AP
2026-04-03 13:57:58,1900-01-00 00:00:00,0960-wombat,B8:27:EB:FF:C8:F5,-61, WPA ,0.000000,0.000000,0.000,0.000,AP
2026-04-03 13:57:58,1900-01-00 00:00:00,0960-wombat,B8:27:EB:FF:C8:F5,-61, WPA ,0.000000,0.000000,0.000,0.000,AP
2026-04-03 13:57:58,1900-01-00 00:00:00,0960-wombat,B8:27:EB:FF:C8:F5,-61, WPA ,0.000000,0.000000,0.000,0.000,AP
2026-04-03 13:57:58,1900-01-00 00:00:00,0960-wombat,B8:27:EB:FF:C8:F5,-61, WPA ,0.000000,0.000000,0.000,0.000,AP
2026-04-03 13:57:58,1900-01-00 00:00:00,0960-wombat,B8:27:EB:FF:C8:F5,-63, WPA ,0.000000,0.000000,0.000,0.000,AP
2026-04-03 13:57:58,1900-01-00 00:00:00,0960-wombat,B8:27:EB:FF:C8:F5,-63, WPA ,0.000000,0.000000,0.000,0.000,AP
2026-04-03 13:57:58,1900-01-00 00:00:00,0960-wombat,B8:27:EB:FF:C8:F5,-63, WPA ,0.000000,0.000000,0.000,0.000,AP
2026-04-03 13:57:58,1900-01-00 00:00:00,0960-wombat,B8:27:EB:FF:C8:F5,-63, WPA ,0.000000,0.000000,0.000,0.000,AP
2026-04-03 13:57:58,1900-01-00 00:00:00,0960-wombat,B8:27:EB:FF:C8:F5,-63, WPA ,0.000000,0.000000,0.000,0.000,AP
2026-04-03 13:57:58,1900-01-00 00:00:00,0960-wombat,B8:27:EB:FF:C8:F5,-42, WPA ,0.000000,0.000000,0.000,0.000,AP
2026-04-03 13:57:58,1900-01-00 00:00:00,0960-wombat,B8:27:EB:FF:C8:F5,-42, WPA ,0.000000,0.000000,0.000,0.000,AP
2026-04-03 13:57:58,1900-01-00 00:00:00,0960-wombat,B8:27:EB:FF:C8:F5,-42, WPA ,0.000000,0.000000,0.000,0.000,AP
2026-04-03 13:57:58,1900-01-00 00:00:00,0960-wombat,B8:27:EB:FF:C8:F5,-57, WPA ,0.000000,0.000000,0.000,0.000,AP
2026-04-03 13:57:58,1900-01-00 00:00:00,0960-wombat,B8:27:EB:FF:C8:F5,-57, WPA ,0.000000,0.000000,0.000,0.000,AP
2026-04-03 13:57:58,1900-01-00 00:00:00,0960-wombat,B8:27:EB:FF:C8:F5,-57, WPA ,0.000000,0.000000,0.000,0.000,AP
2026-04-03 13:57:58,1900-01-00 00:00:00,0960-wombat,B8:27:EB:FF:C8:F5,-57, WPA ,0.000000,0.000000,0.000,0.000,AP
2026-04-03 13:57:58,1900-01-00 00:00:00,0960-wombat,B8:27:EB:FF:C8:F5,-57, WPA ,0.000000,0.000000,0.000,0.000,AP
2026-04-03 13:57:58,1900-01-00 00:00:00,0960-wombat,B8:27:EB:FF:C8:F5,-57, WPA ,0.000000,0.000000,0.000,0.000,AP
2026-04-03 13:57:58,1900-01-00 00:00:00,0960-wombat,B8:27:EB:FF:C8:F5,-58, WPA ,0.000000,0.000000,0.000,0.000,AP
2026-04-03 13:57:58,1900-01-00 00:00:00,0960-wombat,B8:27:EB:FF:C8:F5,-58, WPA ,0.000000,0.000000,0.000,0.000,AP
2026-04-03 13:57:58,1900-01-00 00:00:00,0960-wombat,B8:27:EB:FF:C8:F5,-58, WPA ,0.000000,0.000000,0.000,0.000,AP
2026-04-03 13:57:58,1900-01-00 00:00:00,0960-wombat,B8:27:EB:FF:C8:F5,-58, WPA ,0.000000,0.000000,0.000,0.000,AP
2026-04-03 13:57:58,1900-01-00 00:00:00,0960-wombat,B8:27:EB:FF:C8:F5,-58, WPA ,0.000000,0.000000,0.000,0.000,AP
2026-04-03 13:57:58,1900-01-00 00:00:00,0960-wombat,B8:27:EB:FF:C8:F5,-58, WPA ,0.000000,0.000000,0.000,0.000,AP
2026-04-03 13:57:58,1900-01-00 00:00:00,0960-wombat,B8:27:EB:FF:C8:F5,-58, WPA ,0.000000,0.000000,0.000,0.000,AP
2026-04-03 13:57:58,1900-01-00 00:00:00,0960-wombat,B8:27:EB:FF:C8:F5,-57, WPA ,0.000000,0.000000,0.000,0.000,AP
2026-04-03 13:57:58,1900-01-00 00:00:00,0960-wombat,B8:27:EB:FF:C8:F5,-57, WPA ,0.000000,0.000000,0.000,0.000,AP
2026-04-03 13:57:58,1900-01-00 00:00:00,0960-wombat,B8:27:EB:FF:C8:F5,-57, WPA ,0.000000,0.000000,0.000,0.000,AP
2026-04-03 13:57:58,1900-01-00 00:00:00,0960-wombat,B8:27:EB:FF:C8:F5,-57, WPA ,0.000000,0.000000,0.000,0.000,AP
2026-04-03 13:57:58,1900-01-00 00:00:00,0960-wombat,B8:27:EB:FF:C8:F5,-53, WPA ,0.000000,0.000000,0.000,0.000,AP
2026-04-03 13:57:58,1900-01-00 00:00:00,0960-wombat,B8:27:EB:FF:C8:F5,-53, WPA ,0.000000,0.000000,0.000,0.000,AP
2026-04-03 13:57:58,1900-01-00 00:00:00,0960-wombat,B8:27:EB:FF:C8:F5,-53, WPA ,0.000000,0.000000,0.000,0.000,AP
2026-04-03 13:57:58,1900-01-00 00:00:00,0960-wombat,B8:27:EB:FF:C8:F5,-53, WPA ,0.000000,0.000000,0.000,0.000,AP
2026-04-03 13:57:58,1900-01-00 00:00:00,0960-wombat,B8:27:EB:FF:C8:F5,-53, WPA ,0.000000,0.000000,0.000,0.000,AP
2026-04-03 13:57:58,1900-01-00 00:00:00,0960-wombat,B8:27:EB:FF:C8:F5,-53, WPA ,0.000000,0.000000,0.000,0.000,AP
2026-04-03 13:57:58,1900-01-00 00:00:00,0960-wombat,B8:27:EB:FF:C8:F5,-53, WPA ,0.000000,0.000000,0.000,0.000,AP
2026-04-03 13:57:58,1900-01-00 00:00:00,0960-wombat,B8:27:EB:FF:C8:F5,-53, WPA ,0.000000,0.000000,0.000,0.000,AP
2026-04-03 13:57:58,1900-01-00 00:00:00,0960-wombat,B8:27:EB:FF:C8:F5,-53, WPA ,0.000000,0.000000,0.000,0.000,AP
2026-04-03 13:57:58,1900-01-00 00:00:00,0960-wombat,B8:27:EB:FF:C8:F5,-53, WPA ,0.000000,0.000000,0.000,0.000,AP
2026-04-03 13:57:58,1900-01-00 00:00:00,0960-wombat,B8:27:EB:FF:C8:F5,-51, WPA ,0.000000,0.000000,0.000,0.000,AP
2026-04-03 13:57:58,1900-01-00 00:00:00,0960-wombat,B8:27:EB:FF:C8:F5,-52, WPA ,0.000000,0.000000,0.000,0.000,AP
2026-04-03 13:57:58,1900-01-00 00:00:00,0960-wombat,B8:27:EB:FF:C8:F5,-53, WPA ,0.000000,0.000000,0.000,0.000,AP
2026-04-03 13:57:58,1900-01-00 00:00:00,0960-wombat,B8:27:EB:FF:C8:F5,-53, WPA ,0.000000,0.000000,0.000,0.000,AP
2026-04-03 13:57:58,1900-01-00 00:00:00,0960-wombat,B8:27:EB:FF:C8:F5,-53, WPA ,0.000000,0.000000,0.000,0.000,AP
2026-04-03 13:57:58,1900-01-00 00:00:00,0960-wombat,B8:27:EB:FF:C8:F5,-53, WPA ,0.000000,0.000000,0.000,0.000,AP
2026-04-03 13:57:58,1900-01-00 00:00:00,0960-wombat,B8:27:EB:FF:C8:F5,-53, WPA ,0.000000,0.000000,0.000,0.000,AP
2026-04-03 13:57:58,1900-01-00 00:00:00,0960-wombat,B8:27:EB:FF:C8:F5,-53, WPA ,0.000000,0.000000,0.000,0.000,AP
2026-04-03 13:57:58,1900-01-00 00:00:00,0960-wombat,B8:27:EB:FF:C8:F5,-53, WPA ,0.000000,0.000000,0.000,0.000,AP
2026-04-03 13:57:58,1900-01-00 00:00:00,0960-wombat,B8:27:EB:FF:C8:F5,-60, WPA ,0.000000,0.000000,0.000,0.000,AP
2026-04-03 13:57:58,1900-01-00 00:00:00,0960-wombat,B8:27:EB:FF:C8:F5,-60, WPA ,0.000000,0.000000,0.000,0.000,AP
2026-04-03 13:57:58,1900-01-00 00:00:00,0960-wombat,B8:27:EB:FF:C8:F5,-60, WPA ,0.000000,0.000000,0.000,0.000,AP
2026-04-03 13:57:58,1900-01-00 00:00:00,0960-wombat,B8:27:EB:FF:C8:F5,-60, WPA ,0.000000,0.000000,0.000,0.000,AP
2026-04-03 13:57:58,1900-01-00 00:00:00,0960-wombat,B8:27:EB:FF:C8:F5,-60, WPA ,0.000000,0.000000,0.000,0.000,AP
2026-04-03 13:57:58,1900-01-00 00:00:00,0960-wombat,B8:27:EB:FF:C8:F5,-60, WPA ,0.000000,0.000000,0.000,0.000,AP
2026-04-03 13:57:58,1900-01-00 00:00:00,0960-wombat,B8:27:EB:FF:C8:F5,-60, WPA ,0.000000,0.000000,0.000,0.000,AP
2026-04-03 13:57:58,1900-01-00 00:00:00,0960-wombat,B8:27:EB:FF:C8:F5,-60, WPA ,0.000000,0.000000,0.000,0.000,AP
2026-04-03 13:57:58,1900-01-00 00:00:00,0960-wombat,B8:27:EB:FF:C8:F5,-60, WPA ,0.000000,0.000000,0.000,0.000,AP
2026-04-03 13:57:58,1900-01-00 00:00:00,0960-wombat,B8:27:EB:FF:C8:F5,-60, WPA ,0.000000,0.000000,0.000,0.000,AP
2026-04-03 13:57:58,1900-01-00 00:00:00,0960-wombat,B8:27:EB:FF:C8:F5,-60, WPA ,0.000000,0.000000,0.000,0.000,AP
2026-04-03 13:57:58,1900-01-00 00:00:00,0960-wombat,B8:27:EB:FF:C8:F5,-60, WPA ,0.000000,0.000000,0.000,0.000,AP
2026-04-03 13:57:58,1900-01-00 00:00:00,0960-wombat,B8:27:EB:FF:C8:F5,-43, WPA ,0.000000,0.000000,0.000,0.000,AP
2026-04-03 13:57:58,1900-01-00 00:00:00,0960-wombat,B8:27:EB:FF:C8:F5,-51, WPA ,0.000000,0.000000,0.000,0.000,AP
2026-04-03 13:57:58,1900-01-00 00:00:00,0960-wombat,B8:27:EB:FF:C8:F5,-58, WPA ,0.000000,0.000000,0.000,0.000,AP
2026-04-03 13:57:58,1900-01-00 00:00:00,0960-wombat,B8:27:EB:FF:C8:F5,-58, WPA ,0.000000,0.000000,0.000,0.000,AP
2026-04-03 13:57:58,1900-01-00 00:00:00,0960-wombat,B8:27:EB:FF:C8:F5,-58, WPA ,0.000000,0.000000,0.000,0.000,AP
2026-04-03 13:57:58,1900-01-00 00:00:00,0960-wombat,B8:27:EB:FF:C8:F5,-58, WPA ,0.000000,0.000000,0.000,0.000,AP
2026-04-03 13:57:58,1900-01-00 00:00:00,0960-wombat,B8:27:EB:FF:C8:F5,-58, WPA ,0.000000,0.000000,0.000,0.000,AP
2026-04-03 13:57:58,1900-01-00 00:00:00,0960-wombat,B8:27:EB:FF:C8:F5,-58, WPA ,0.000000,0.000000,0.000,0.000,AP
2026-04-03 13:57:58,1900-01-00 00:00:00,0960-wombat,B8:27:EB:FF:C8:F5,-57, WPA ,0.000000,0.000000,0.000,0.000,AP
2026-04-03 13:57:58,1900-01-00 00:00:00,0960-wombat,B8:27:EB:FF:C8:F5,-57, WPA ,0.000000,0.000000,0.000,0.000,AP
2026-04-03 13:57:58,1900-01-00 00:00:00,0960-wombat,B8:27:EB:FF:C8:F5,-57, WPA ,0.000000,0.000000,0.000,0.000,AP
2026-04-03 13:57:58,1900-01-00 00:00:00,0960-wombat,B8:27:EB:FF:C8:F5,-57, WPA ,0.000000,0.000000,0.000,0.000,AP
2026-04-03 13:57:58,1900-01-00 00:00:00,0960-wombat,B8:27:EB:FF:C8:F5,-57, WPA ,0.000000,0.000000,0.000,0.000,AP
2026-04-03 13:57:58,1900-01-00 00:00:00,0960-wombat,B8:27:EB:FF:C8:F5,-57, WPA ,0.000000,0.000000,0.000,0.000,AP
2026-04-03 13:57:58,1900-01-00 00:00:00,0960-wombat,B8:27:EB:FF:C8:F5,-53, WPA ,0.000000,0.000000,0.000,0.000,AP
2026-04-03 13:57:58,1900-01-00 00:00:00,0960-wombat,B8:27:EB:FF:C8:F5,-53, WPA ,0.000000,0.000000,0.000,0.000,AP
2026-04-03 13:57:58,1900-01-00 00:00:00,0960-wombat,B8:27:EB:FF:C8:F5,-53, WPA ,0.000000,0.000000,0.000,0.000,AP
2026-04-03 13:57:58,1900-01-00 00:00:00,0960-wombat,B8:27:EB:FF:C8:F5,-53, WPA ,0.000000,0.000000,0.000,0.000,AP
2026-04-03 13:57:58,1900-01-00 00:00:00,0960-wombat,B8:27:EB:FF:C8:F5,-53, WPA ,0.000000,0.000000,0.000,0.000,AP
2026-04-03 13:57:58,1900-01-00 00:00:00,0960-wombat,B8:27:EB:FF:C8:F5,-53, WPA ,0.000000,0.000000,0.000,0.000,AP
2026-04-03 13:57:58,1900-01-00 00:00:00,0960-wombat,B8:27:EB:FF:C8:F5,-53, WPA ,0.000000,0.000000,0.000,0.000,AP
2026-04-03 13:57:58,1900-01-00 00:00:00,0960-wombat,B8:27:EB:FF:C8:F5,-53, WPA ,0.000000,0.000000,0.000,0.000,AP
2026-04-03 13:57:58,1900-01-00 00:00:00,0960-wombat,B8:27:EB:FF:C8:F5,-53, WPA ,0.000000,0.000000,0.000,0.000,AP
2026-04-03 13:57:58,1900-01-00 00:00:00,0960-wombat,B8:27:EB:FF:C8:F5,-53, WPA ,0.000000,0.000000,0.000,0.000,AP
2026-04-03 13:57:58,1900-01-00 00:00:00,0960-wombat,B8:27:EB:FF:C8:F5,-53, WPA ,0.000000,0.000000,0.000,0.000,AP
2026-04-03 13:57:58,1900-01-00 00:00:00,0960-wombat,B8:27:EB:FF:C8:F5,-53, WPA ,0.000000,0.000000,0.000,0.000,AP
2026-04-03 13:57:58,1900-01-00 00:00:00,0960-wombat,B8:27:EB:FF:C8:F5,-53, WPA ,0.000000,0.000000,0.000,0.000,AP
2026-04-03 13:57:58,1900-01-00 00:00:00,0960-wombat,B8:27:EB:FF:C8:F5,-54, WPA ,0.000000,0.000000,0.000,0.000,AP
2026-04-03 13:57:58,1900-01-00 00:00:00,0960-wombat,B8:27:EB:FF:C8:F5,-56, WPA ,0.000000,0.000000,0.000,0.000,AP
2026-04-03 13:57:58,1900-01-00 00:00:00,0960-wombat,B8:27:EB:FF:C8:F5,-56, WPA ,0.000000,0.000000,0.000,0.000,AP
2026-04-03 13:57:58,1900-01-00 00:00:00,0960-wombat,B8:27:EB:FF:C8:F5,-57, WPA ,0.000000,0.000000,0.000,0.000,AP
2026-04-03 13:57:58,1900-01-00 00:00:00,0960-wombat,B8:27:EB:FF:C8:F5,-56, WPA ,0.000000,0.000000,0.000,0.000,AP
2026-04-03 13:57:58,1900-01-00 00:00:00,0960-wombat,B8:27:EB:FF:C8:F5,-56, WPA ,0.000000,0.000000,0.000,0.000,AP
2026-04-03 13:57:58,1900-01-00 00:00:00,0960-wombat,B8:27:EB:FF:C8:F5,-56, WPA ,0.000000,0.000000,0.000,0.000,AP
2026-04-03 13:57:58,1900-01-00 00:00:00,0960-wombat,B8:27:EB:FF:C8:F5,-55, WPA ,0.000000,0.000000,0.000,0.000,AP
2026-04-03 13:57:58,1900-01-00 00:00:00,0960-wombat,B8:27:EB:FF:C8:F5,-55, WPA ,0.000000,0.000000,0.000,0.000,AP
2026-04-03 13:57:58,1900-01-00 00:00:00,0960-wombat,B8:27:EB:FF:C8:F5,-55, WPA ,0.000000,0.000000,0.000,0.000,AP
2026-04-03 13:57:58,1900-01-00 00:00:00,0960-wombat,B8:27:EB:FF:C8:F5,-55, WPA ,0.000000,0.000000,0.000,0.000,AP
2026-04-03 13:57:58,1900-01-00 00:00:00,0960-wombat,B8:27:EB:FF:C8:F5,-55, WPA ,0.000000,0.000000,0.000,0.000,AP
2026-04-03 13:57:58,1900-01-00 00:00:00,0960-wombat,B8:27:EB:FF:C8:F5,-55, WPA ,0.000000,0.000000,0.000,0.000,AP
2026-04-03 13:57:58,1900-01-00 00:00:00,0960-wombat,B8:27:EB:FF:C8:F5,-55, WPA ,0.000000,0.000000,0.000,0.000,AP
2026-04-03 13:57:58,1900-01-00 00:00:00,0960-wombat,B8:27:EB:FF:C8:F5,-55, WPA ,0.000000,0.000000,0.000,0.000,AP
2026-04-03 13:57:58,1900-01-00 00:00:00,0960-wombat,B8:27:EB:FF:C8:F5,-55, WPA ,0.000000,0.000000,0.000,0.000,AP
2026-04-03 13:57:58,1900-01-00 00:00:00,0960-wombat,B8:27:EB:FF:C8:F5,-55, WPA ,0.000000,0.000000,0.000,0.000,AP
2026-04-03 13:57:58,1900-01-00 00:00:00,0960-wombat,B8:27:EB:FF:C8:F5,-55, WPA ,0.000000,0.000000,0.000,0.000,AP
2026-04-03 13:57:58,1900-01-00 00:00:00,0960-wombat,B8:27:EB:FF:C8:F5,-55, WPA ,0.000000,0.000000,0.000,0.000,AP
2026-04-03 13:57:58,1900-01-00 00:00:00,0960-wombat,B8:27:EB:FF:C8:F5,-55, WPA ,0.000000,0.000000,0.000,0.000,AP
2026-04-03 13:57:58,1900-01-00 00:00:00,0960-wombat,B8:27:EB:FF:C8:F5,-55, WPA ,0.000000,0.000000,0.000,0.000,AP
2026-04-03 13:57:58,1900-01-00 00:00:00,0960-wombat,B8:27:EB:FF:C8:F5,-55, WPA ,0.000000,0.000000,0.000,0.000,AP
2026-04-03 13:57:58,1900-01-00 00:00:00,0960-wombat,B8:27:EB:FF:C8:F5,-55, WPA ,0.000000,0.000000,0.000,0.000,AP
2026-04-03 13:57:58,1900-01-00 00:00:00,0960-wombat,B8:27:EB:FF:C8:F5,-55, WPA ,0.000000,0.000000,0.000,0.000,AP
2026-04-03 13:57:58,1900-01-00 00:00:00,0960-wombat,B8:27:EB:FF:C8:F5,-55, WPA ,0.000000,0.000000,0.000,0.000,AP
2026-04-03 13:57:58,1900-01-00 00:00:00,0960-wombat,B8:27:EB:FF:C8:F5,-55, WPA ,0.000000,0.000000,0.000,0.000,AP
2026-04-03 13:57:58,1900-01-00 00:00:00,0960-wombat,B8:27:EB:FF:C8:F5,-60, WPA ,0.000000,0.000000,0.000,0.000,AP
2026-04-03 13:57:58,1900-01-00 00:00:00,0960-wombat,B8:27:EB:FF:C8:F5,-54, WPA ,0.000000,0.000000,0.000,0.000,AP
2026-04-03 13:57:58,1900-01-00 00:00:00,0960-wombat,B8:27:EB:FF:C8:F5,-54, WPA ,0.000000,0.000000,0.000,0.000,AP
2026-04-03 13:57:58,1900-01-00 00:00:00,0960-wombat,B8:27:EB:FF:C8:F5,-54, WPA ,0.000000,0.000000,0.000,0.000,AP
2026-04-03 13:57:58,1900-01-00 00:00:00,0960-wombat,B8:27:EB:FF:C8:F5,-54, WPA ,0.000000,0.000000,0.000,0.000,AP
2026-04-03 13:57:58,1900-01-00 00:00:00,0960-wombat,B8:27:EB:FF:C8:F5,-61, WPA ,0.000000,0.000000,0.000,0.000,AP
2026-04-03 13:57:58,1900-01-00 00:00:00,0960-wombat,B8:27:EB:FF:C8:F5,-61, WPA ,0.000000,0.000000,0.000,0.000,AP
2026-04-03 13:57:58,1900-01-00 00:00:00,0960-wombat,B8:27:EB:FF:C8:F5,-61, WPA ,0.000000,0.000000,0.000,0.000,AP
2026-04-03 13:57:58,1900-01-00 00:00:00,0960-wombat,B8:27:EB:FF:C8:F5,-61, WPA ,0.000000,0.000000,0.000,0.000,AP
2026-04-03 13:57:58,1900-01-00 00:00:00,0960-wombat,B8:27:EB:FF:C8:F5,-61, WPA ,0.000000,0.000000,0.000,0.000,AP
2026-04-03 13:57:58,1900-01-00 00:00:00,0960-wombat,B8:27:EB:FF:C8:F5,-61, WPA ,0.000000,0.000000,0.000,0.000,AP
2026-04-03 13:57:58,1900-01-00 00:00:00,0960-wombat,B8:27:EB:FF:C8:F5,-61, WPA ,0.000000,0.000000,0.000,0.000,AP
2026-04-03 13:57:58,1900-01-00 00:00:00,0960-wombat,B8:27:EB:FF:C8:F5,-61, WPA ,0.000000,0.000000,0.000,0.000,AP
2026-04-03 13:57:58,1900-01-00 00:00:00,0960-wombat,B8:27:EB:FF:C8:F5,-61, WPA ,0.000000,0.000000,0.000,0.000,AP
2026-04-03 13:57:58,1900-01-00 00:00:00,0960-wombat,B8:27:EB:FF:C8:F5,-61, WPA ,0.000000,0.000000,0.000,0.000,AP
2026-04-03 13:57:58,1900-01-00 00:00:00,0960-wombat,B8:27:EB:FF:C8:F5,-61, WPA ,0.000000,0.000000,0.000,0.000,AP
2026-04-03 13:57:58,1900-01-00 00:00:00,0960-wombat,B8:27:EB:FF:C8:F5,-61, WPA ,0.000000,0.000000,0.000,0.000,AP
2026-04-03 13:57:58,1900-01-00 00:00:00,0960-wombat,B8:27:EB:FF:C8:F5,-43, WPA ,0.000000,0.000000,0.000,0.000,AP
2026-04-03 13:57:58,1900-01-00 00:00:00,0960-wombat,B8:27:EB:FF:C8:F5,-43, WPA ,0.000000,0.000000,0.000,0.000,AP
2026-04-03 13:57:58,1900-01-00 00:00:00,0960-wombat,B8:27:EB:FF:C8:F5,-57, WPA ,0.000000,0.000000,0.000,0.000,AP
2026-04-03 13:57:58,1900-01-00 00:00:00,0960-wombat,B8:27:EB:FF:C8:F5,-57, WPA ,0.000000,0.000000,0.000,0.000,AP
2026-04-03 13:57:58,1900-01-00 00:00:00,0960-wombat,B8:27:EB:FF:C8:F5,-57, WPA ,0.000000,0.000000,0.000,0.000,AP
2026-04-03 13:57:58,1900-01-00 00:00:00,0960-wombat,B8:27:EB:FF:C8:F5,-57, WPA ,0.000000,0.000000,0.000,0.000,AP
2026-04-03 13:57:58,1900-01-00 00:00:00,0960-wombat,B8:27:EB:FF:C8:F5,-57, WPA ,0.000000,0.000000,0.000,0.000,AP
2026-04-03 13:57:58,1900-01-00 00:00:00,0960-wombat,B8:27:EB:FF:C8:F5,-57, WPA ,0.000000,0.000000,0.000,0.000,AP
2026-04-03 13:57:58,1900-01-00 00:00:00,0960-wombat,B8:27:EB:FF:C8:F5,-55, WPA ,0.000000,0.000000,0.000,0.000,AP
2026-04-03 13:57:58,1900-01-00 00:00:00,0960-wombat,B8:27:EB:FF:C8:F5,-62, WPA ,0.000000,0.000000,0.000,0.000,AP
2026-04-03 13:57:58,1900-01-00 00:00:00,0960-wombat,B8:27:EB:FF:C8:F5,-62, WPA ,0.000000,0.000000,0.000,0.000,AP
2026-04-03 13:57:58,1900-01-00 00:00:00,0960-wombat,B8:27:EB:FF:C8:F5,-62, WPA ,0.000000,0.000000,0.000,0.000,AP
2026-04-03 13:57:58,1900-01-00 00:00:00,0960-wombat,B8:27:EB:FF:C8:F5,-62, WPA ,0.000000,0.000000,0.000,0.000,AP
2026-04-03 13:57:58,1900-01-00 00:00:00,0960-wombat,B8:27:EB:FF:C8:F5,-62, WPA ,0.000000,0.000000,0.000,0.000,AP
2026-04-03 13:57:58,1900-01-00 00:00:00,0960-wombat,B8:27:EB:FF:C8:F5,-62, WPA ,0.000000,0.000000,0.000,0.000,AP
2026-04-03 13:57:58,1900-01-00 00:00:00,0960-wombat,B8:27:EB:FF:C8:F5,-62, WPA ,0.000000,0.000000,0.000,0.000,AP
2026-04-03 13:57:58,1900-01-00 00:00:00,0960-wombat,B8:27:EB:FF:C8:F5,-62, WPA ,0.000000,0.000000,0.000,0.000,AP
2026-04-03 13:57:58,1900-01-00 00:00:00,0960-wombat,B8:27:EB:FF:C8:F5,-62, WPA ,0.000000,0.000000,0.000,0.000,AP
2026-04-03 13:57:58,1900-01-00 00:00:00,0960-wombat,B8:27:EB:FF:C8:F5,-62, WPA ,0.000000,0.000000,0.000,0.000,AP
2026-04-03 13:57:58,1900-01-00 00:00:00,0960-wombat,B8:27:EB:FF:C8:F5,-62, WPA ,0.000000,0.000000,0.000,0.000,AP
2026-04-03 13:57:58,1900-01-00 00:00:00,0960-wombat,B8:27:EB:FF:C8:F5,-62, WPA ,0.000000,0.000000,0.000,0.000,AP
2026-04-03 13:57:58,1900-01-00 00:00:00,0960-wombat,B8:27:EB:FF:C8:F5,-62, WPA ,0.000000,0.000000,0.000,0.000,AP
2026-04-03 13:57:58,1900-01-00 00:00:00,0960-wombat,B8:27:EB:FF:C8:F5,-62, WPA ,0.000000,0.000000,0.000,0.000,AP
2026-04-03 13:57:58,1900-01-00 00:00:00,0960-wombat,B8:27:EB:FF:C8:F5,-62, WPA ,0.000000,0.000000,0.000,0.000,AP
2026-04-03 13:57:58,1900-01-00 00:00:00,0960-wombat,B8:27:EB:FF:C8:F5,-62, WPA ,0.000000,0.000000,0.000,0.000,AP
2026-04-03 13:57:58,1900-01-00 00:00:00,0960-wombat,B8:27:EB:FF:C8:F5,-62, WPA ,0.000000,0.000000,0.000,0.000,AP
2026-04-03 13:57:58,1900-01-00 00:00:00,0960-wombat,B8:27:EB:FF:C8:F5,-62, WPA ,0.000000,0.000000,0.000,0.000,AP
2026-04-03 13:57:58,1900-01-00 00:00:00,0960-wombat,B8:27:EB:FF:C8:F5,-62, WPA ,0.000000,0.000000,0.000,0.000,AP
2026-04-03 13:57:58,1900-01-00 00:00:00,0960-wombat,B8:27:EB:FF:C8:F5,-62, WPA ,0.000000,0.000000,0.000,0.000,AP
2026-04-03 13:57:58,1900-01-00 00:00:00,0960-wombat,B8:27:EB:FF:C8:F5,-62, WPA ,0.000000,0.000000,0.000,0.000,AP
2026-04-03 13:57:58,1900-01-00 00:00:00,0960-wombat,B8:27:EB:FF:C8:F5,-62, WPA ,0.000000,0.000000,0.000,0.000,AP
2026-04-03 13:57:58,1900-01-00 00:00:00,0960-wombat,B8:27:EB:FF:C8:F5,-62, WPA ,0.000000,0.000000,0.000,0.000,AP
2026-04-03 13:57:58,1900-01-00 00:00:00,0960-wombat,B8:27:EB:FF:C8:F5,-62, WPA ,0.000000,0.000000,0.000,0.000,AP
2026-04-03 13:57:58,1900-01-00 00:00:00,0960-wombat,B8:27:EB:FF:C8:F5,-60, WPA ,0.000000,0.000000,0.000,0.000,AP
2026-04-03 13:57:58,1900-01-00 00:00:00,0960-wombat,B8:27:EB:FF:C8:F5,-53, WPA ,0.000000,0.000000,0.000,0.000,AP
2026-04-03 13:57:58,1900-01-00 00:00:00,0960-wombat,B8:27:EB:FF:C8:F5,-53, WPA ,0.000000,0.000000,0.000,0.000,AP
2026-04-03 13:57:58,1900-01-00 00:00:00,0960-wombat,B8:27:EB:FF:C8:F5,-53, WPA ,0.000000,0.000000,0.000,0.000,AP
2026-04-03 13:57:58,1900-01-00 00:00:00,0960-wombat,B8:27:EB:FF:C8:F5,-53, WPA ,0.000000,0.000000,0.000,0.000,AP
2026-04-03 13:57:58,1900-01-00 00:00:00,0960-wombat,B8:27:EB:FF:C8:F5,-61, WPA ,0.000000,0.000000,0.000,0.000,AP
2026-04-03 13:57:58,1900-01-00 00:00:00,0960-wombat,B8:27:EB:FF:C8:F5,-61, WPA ,0.000000,0.000000,0.000,0.000,AP
2026-04-03 13:57:58,1900-01-00 00:00:00,0960-wombat,B8:27:EB:FF:C8:F5,-61, WPA ,0.000000,0.000000,0.000,0.000,AP
2026-04-03 13:57:58,1900-01-00 00:00:00,0960-wombat,B8:27:EB:FF:C8:F5,-61, WPA ,0.000000,0.000000,0.000,0.000,AP
2026-04-03 13:57:58,1900-01-00 00:00:00,0960-wombat,B8:27:EB:FF:C8:F5,-61, WPA ,0.000000,0.000000,0.000,0.000,AP
2026-04-03 13:57:58,1900-01-00 00:00:00,0960-wombat,B8:27:EB:FF:C8:F5,-61, WPA ,0.000000,0.000000,0.000,0.000,AP
2026-04-03 13:57:58,1900-01-00 00:00:00,0960-wombat,B8:27:EB:FF:C8:F5,-63, WPA ,0.000000,0.000000,0.000,0.000,AP
2026-04-03 13:57:58,1900-01-00 00:00:00,0960-wombat,B8:27:EB:FF:C8:F5,-63, WPA ,0.000000,0.000000,0.000,0.000,AP
2026-04-03 13:57:58,1900-01-00 00:00:00,0960-wombat,B8:27:EB:FF:C8:F5,-63, WPA ,0.000000,0.000000,0.000,0.000,AP
2026-04-03 13:57:58,1900-01-00 00:00:00,0960-wombat,B8:27:EB:FF:C8:F5,-63, WPA ,0.000000,0.000000,0.000,0.000,AP
2026-04-03 13:57:58,1900-01-00 00:00:00,0960-wombat,B8:27:EB:FF:C8:F5,-63, WPA ,0.000000,0.000000,0.000,0.000,AP
2026-04-03 13:57:58,1900-01-00 00:00:00,0960-wombat,B8:27:EB:FF:C8:F5,-51, WPA ,0.000000,0.000000,0.000,0.000,AP
2026-04-03 13:57:58,1900-01-00 00:00:00,0960-wombat,B8:27:EB:FF:C8:F5,-43, WPA ,0.000000,0.000000,0.000,0.000,AP
2026-04-03 13:57:58,1900-01-00 00:00:00,0960-wombat,B8:27:EB:FF:C8:F5,-43, WPA ,0.000000,0.000000,0.000,0.000,AP
2026-04-03 13:57:58,1900-01-00 00:00:00,0960-wombat,B8:27:EB:FF:C8:F5,-57, WPA ,0.000000,0.000000,0.000,0.000,AP
2026-04-03 13:57:58,1900-01-00 00:00:00,0960-wombat,B8:27:EB:FF:C8:F5,-57, WPA ,0.000000,0.000000,0.000,0.000,AP
2026-04-03 13:57:58,1900-01-00 00:00:00,0960-wombat,B8:27:EB:FF:C8:F5,-57, WPA ,0.000000,0.000000,0.000,0.000,AP
2026-04-03 13:57:58,1900-01-00 00:00:00,0960-wombat,B8:27:EB:FF:C8:F5,-57, WPA ,0.000000,0.000000,0.000,0.000,AP
2026-04-03 13:57:58,1900-01-00 00:00:00,0960-wombat,B8:27:EB:FF:C8:F5,-57, WPA ,0.000000,0.000000,0.000,0.000,AP
2026-04-03 13:57:58,1900-01-00 00:00:00,0960-wombat,B8:27:EB:FF:C8:F5,-53, WPA ,0.000000,0.000000,0.000,0.000,AP
2026-04-03 13:57:58,1900-01-00 00:00:00,0960-wombat,B8:27:EB:FF:C8:F5,-55, WPA ,0.000000,0.000000,0.000,0.000,AP
2026-04-03 13:57:58,1900-01-00 00:00:00,0960-wombat,B8:27:EB:FF:C8:F5,-55, WPA ,0.000000,0.000000,0.000,0.000,AP
2026-04-03 13:57:58,1900-01-00 00:00:00,0960-wombat,B8:27:EB:FF:C8:F5,-55, WPA ,0.000000,0.000000,0.000,0.000,AP
2026-04-03 13:57:58,1900-01-00 00:00:00,0960-wombat,B8:27:EB:FF:C8:F5,-55, WPA ,0.000000,0.000000,0.000,0.000,AP
2026-04-03 13:57:58,1900-01-00 00:00:00,0960-wombat,B8:27:EB:FF:C8:F5,-55, WPA ,0.000000,0.000000,0.000,0.000,AP
2026-04-03 13:57:58,1900-01-00 00:00:00,0960-wombat,B8:27:EB:FF:C8:F5,-55, WPA ,0.000000,0.000000,0.000,0.000,AP
2026-04-03 13:57:58,1900-01-00 00:00:00,0960-wombat,B8:27:EB:FF:C8:F5,-55, WPA ,0.000000,0.000000,0.000,0.000,AP
2026-04-03 13:57:58,1900-01-00 00:00:00,0960-wombat,B8:27:EB:FF:C8:F5,-55, WPA ,0.000000,0.000000,0.000,0.000,AP
2026-04-03 13:57:58,1900-01-00 00:00:00,0960-wombat,B8:27:EB:FF:C8:F5,-55, WPA ,0.000000,0.000000,0.000,0.000,AP
2026-04-03 13:57:58,1900-01-00 00:00:00,0960-wombat,B8:27:EB:FF:C8:F5,-55, WPA ,0.000000,0.000000,0.000,0.000,AP
2026-04-03 13:57:58,1900-01-00 00:00:00,0960-wombat,B8:27:EB:FF:C8:F5,-55, WPA ,0.000000,0.000000,0.000,0.000,AP
2026-04-03 13:57:58,1900-01-00 00:00:00,0960-wombat,B8:27:EB:FF:C8:F5,-55, WPA ,0.000000,0.000000,0.000,0.000,AP
2026-04-03 13:57:58,1900-01-00 00:00:00,0960-wombat,B8:27:EB:FF:C8:F5,-55, WPA ,0.000000,0.000000,0.000,0.000,AP
2026-04-03 13:57:58,1900-01-00 00:00:00,0960-wombat,B8:27:EB:FF:C8:F5,-55, WPA ,0.000000,0.000000,0.000,0.000,AP
2026-04-03 13:57:58,1900-01-00 00:00:00,0960-wombat,B8:27:EB:FF:C8:F5,-55, WPA ,0.000000,0.000000,0.000,0.000,AP
2026-04-03 13:57:58,1900-01-00 00:00:00,0960-wombat,B8:27:EB:FF:C8:F5,-55, WPA ,0.000000,0.000000,0.000,0.000,AP
2026-04-03 13:57:58,1900-01-00 00:00:00,0960-wombat,B8:27:EB:FF:C8:F5,-55, WPA ,0.000000,0.000000,0.000,0.000,AP
2026-04-03 13:57:58,1900-01-00 00:00:00,0960-wombat,B8:27:EB:FF:C8:F5,-55, WPA ,0.000000,0.000000,0.000,0.000,AP
2026-04-03 13:57:58,1900-01-00 00:00:00,0960-wombat,B8:27:EB:FF:C8:F5,-55, WPA ,0.000000,0.000000,0.000,0.000,AP
2026-04-03 13:57:58,1900-01-00 00:00:00,0960-wombat,B8:27:EB:FF:C8:F5,-55, WPA ,0.000000,0.000000,0.000,0.000,AP
2026-04-03 13:57:58,1900-01-00 00:00:00,0960-wombat,B8:27:EB:FF:C8:F5,-55, WPA ,0.000000,0.000000,0.000,0.000,AP
2026-04-03 13:57:58,1900-01-00 00:00:00,0960-wombat,B8:27:EB:FF:C8:F5,-55, WPA ,0.000000,0.000000,0.000,0.000,AP
2026-04-03 13:57:58,1900-01-00 00:00:00,0960-wombat,B8:27:EB:FF:C8:F5,-55, WPA ,0.000000,0.000000,0.000,0.000,AP
2026-04-03 13:57:58,1900-01-00 00:00:00,0960-wombat,B8:27:EB:FF:C8:F5,-55, WPA ,0.000000,0.000000,0.000,0.000,AP
2026-04-03 13:57:58,1900-01-00 00:00:00,0960-wombat,B8:27:EB:FF:C8:F5,-55, WPA ,0.000000,0.000000,0.000,0.000,AP
2026-04-03 13:57:58,1900-01-00 00:00:00,0960-wombat,B8:27:EB:FF:C8:F5,-60, WPA ,0.000000,0.000000,0.000,0.000,AP
2026-04-03 13:57:58,1900-01-00 00:00:00,0960-wombat,B8:27:EB:FF:C8:F5,-53, WPA ,0.000000,0.000000,0.000,0.000,AP
2026-04-03 13:57:58,1900-01-00 00:00:00,0960-wombat,B8:27:EB:FF:C8:F5,-53, WPA ,0.000000,0.000000,0.000,0.000,AP
2026-04-03 13:57:58,1900-01-00 00:00:00,0960-wombat,B8:27:EB:FF:C8:F5,-53, WPA ,0.000000,0.000000,0.000,0.000,AP
2026-04-03 13:57:58,1900-01-00 00:00:00,0960-wombat,B8:27:EB:FF:C8:F5,-53, WPA ,0.000000,0.000000,0.000,0.000,AP
2026-04-03 13:57:58,1900-01-00 00:00:00,0960-wombat,B8:27:EB:FF:C8:F5,-60, WPA ,0.000000,0.000000,0.000,0.000,AP
2026-04-03 13:57:58,1900-01-00 00:00:00,0960-wombat,B8:27:EB:FF:C8:F5,-60, WPA ,0.000000,0.000000,0.000,0.000,AP
2026-04-03 13:57:58,1900-01-00 00:00:00,0960-wombat,B8:27:EB:FF:C8:F5,-60, WPA ,0.000000,0.000000,0.000,0.000,AP
2026-04-03 13:57:58,1900-01-00 00:00:00,0960-wombat,B8:27:EB:FF:C8:F5,-60, WPA ,0.000000,0.000000,0.000,0.000,AP
2026-04-03 13:57:58,1900-01-00 00:00:00,0960-wombat,B8:27:EB:FF:C8:F5,-60, WPA ,0.000000,0.000000,0.000,0.000,AP
2026-04-03 13:57:58,1900-01-00 00:00:00,0960-wombat,B8:27:EB:FF:C8:F5,-60, WPA ,0.000000,0.000000,0.000,0.000,AP
2026-04-03 13:57:58,1900-01-00 00:00:00,0960-wombat,B8:27:EB:FF:C8:F5,-60, WPA ,0.000000,0.000000,0.000,0.000,AP
2026-04-03 13:57:58,1900-01-00 00:00:00,0960-wombat,B8:27:EB:FF:C8:F5,-54, WPA ,0.000000,0.000000,0.000,0.000,AP
2026-04-03 13:57:59,1900-01-00 00:00:00,0960-wombat,B8:27:EB:FF:C8:F5,-55, WPA ,0.000000,0.000000,0.000,0.000,AP
2026-04-03 13:57:59,1900-01-00 00:00:00,0960-wombat,B8:27:EB:FF:C8:F5,-61, WPA ,0.000000,0.000000,0.000,0.000,AP
2026-04-03 13:57:59,1900-01-00 00:00:00,0960-wombat,B8:27:EB:FF:C8:F5,-54, WPA ,0.000000,0.000000,0.000,0.000,AP
2026-04-03 13:57:59,1900-01-00 00:00:00,0960-wombat,B8:27:EB:FF:C8:F5,-63, WPA ,0.000000,0.000000,0.000,0.000,AP
2026-04-03 13:57:59,1900-01-00 00:00:00,0960-wombat,B8:27:EB:FF:C8:F5,-63, WPA ,0.000000,0.000000,0.000,0.000,AP
2026-04-03 13:57:59,1900-01-00 00:00:00,0960-wombat,B8:27:EB:FF:C8:F5,-63, WPA ,0.000000,0.000000,0.000,0.000,AP
2026-04-03 13:57:59,1900-01-00 00:00:00,0960-wombat,B8:27:EB:FF:C8:F5,-63, WPA ,0.000000,0.000000,0.000,0.000,AP
2026-04-03 13:57:59,1900-01-00 00:00:00,0960-wombat,B8:27:EB:FF:C8:F5,-63, WPA ,0.000000,0.000000,0.000,0.000,AP
2026-04-03 13:57:59,1900-01-00 00:00:00,0960-wombat,B8:27:EB:FF:C8:F5,-63, WPA ,0.000000,0.000000,0.000,0.000,AP
2026-04-03 13:57:59,1900-01-00 00:00:00,0960-wombat,B8:27:EB:FF:C8:F5,-63, WPA ,0.000000,0.000000,0.000,0.000,AP
2026-04-03 13:57:59,1900-01-00 00:00:00,0960-wombat,B8:27:EB:FF:C8:F5,-63, WPA ,0.000000,0.000000,0.000,0.000,AP
2026-04-03 13:57:59,1900-01-00 00:00:00,0960-wombat,B8:27:EB:FF:C8:F5,-63, WPA ,0.000000,0.000000,0.000,0.000,AP
2026-04-03 13:57:59,1900-01-00 00:00:00,0960-wombat,B8:27:EB:FF:C8:F5,-61, WPA ,0.000000,0.000000,0.000,0.000,AP
2026-04-03 13:57:59,1900-01-00 00:00:00,0960-wombat,B8:27:EB:FF:C8:F5,-61, WPA ,0.000000,0.000000,0.000,0.000,AP
2026-04-03 13:57:59,1900-01-00 00:00:00,0960-wombat,B8:27:EB:FF:C8:F5,-61, WPA ,0.000000,0.000000,0.000,0.000,AP
2026-04-03 13:57:59,1900-01-00 00:00:00,0960-wombat,B8:27:EB:FF:C8:F5,-61, WPA ,0.000000,0.000000,0.000,0.000,AP
2026-04-03 13:57:59,1900-01-00 00:00:00,0960-wombat,B8:27:EB:FF:C8:F5,-61, WPA ,0.000000,0.000000,0.000,0.000,AP
2026-04-03 13:57:59,1900-01-00 00:00:00,0960-wombat,B8:27:EB:FF:C8:F5,-61, WPA ,0.000000,0.000000,0.000,0.000,AP
2026-04-03 13:57:59,1900-01-00 00:00:00,0960-wombat,B8:27:EB:FF:C8:F5,-41, WPA ,0.000000,0.000000,0.000,0.000,AP
2026-04-03 13:57:59,1900-01-00 00:00:00,0960-wombat,B8:27:EB:FF:C8:F5,-41, WPA ,0.000000,0.000000,0.000,0.000,AP
2026-04-03 13:57:59,1900-01-00 00:00:00,0960-wombat,B8:27:EB:FF:C8:F5,-57, WPA ,0.000000,0.000000,0.000,0.000,AP
2026-04-03 13:57:59,1900-01-00 00:00:00,0960-wombat,B8:27:EB:FF:C8:F5,-57, WPA ,0.000000,0.000000,0.000,0.000,AP
2026-04-03 13:57:59,1900-01-00 00:00:00,0960-wombat,B8:27:EB:FF:C8:F5,-57, WPA ,0.000000,0.000000,0.000,0.000,AP
2026-04-03 13:57:59,1900-01-00 00:00:00,0960-wombat,B8:27:EB:FF:C8:F5,-57, WPA ,0.000000,0.000000,0.000,0.000,AP
2026-04-03 13:57:59,1900-01-00 00:00:00,0960-wombat,B8:27:EB:FF:C8:F5,-57, WPA ,0.000000,0.000000,0.000,0.000,AP
2026-04-03 13:57:59,1900-01-00 00:00:00,0960-wombat,B8:27:EB:FF:C8:F5,-57, WPA ,0.000000,0.000000,0.000,0.000,AP
2026-04-03 13:57:59,1900-01-00 00:00:00,0960-wombat,B8:27:EB:FF:C8:F5,-56, WPA ,0.000000,0.000000,0.000,0.000,AP
2026-04-03 13:57:59,1900-01-00 00:00:00,0960-wombat,B8:27:EB:FF:C8:F5,-56, WPA ,0.000000,0.000000,0.000,0.000,AP
2026-04-03 13:57:59,1900-01-00 00:00:00,0960-wombat,B8:27:EB:FF:C8:F5,-56, WPA ,0.000000,0.000000,0.000,0.000,AP
2026-04-03 13:57:59,1900-01-00 00:00:00,0960-wombat,B8:27:EB:FF:C8:F5,-56, WPA ,0.000000,0.000000,0.000,0.000,AP
2026-04-03 13:57:59,1900-01-00 00:00:00,0960-wombat,B8:27:EB:FF:C8:F5,-56, WPA ,0.000000,0.000000,0.000,0.000,AP
2026-04-03 13:57:59,1900-01-00 00:00:00,0960-wombat,B8:27:EB:FF:C8:F5,-56, WPA ,0.000000,0.000000,0.000,0.000,AP
2026-04-03 13:57:59,1900-01-00 00:00:00,0960-wombat,B8:27:EB:FF:C8:F5,-56, WPA ,0.000000,0.000000,0.000,0.000,AP
2026-04-03 13:57:59,1900-01-00 00:00:00,0960-wombat,B8:27:EB:FF:C8:F5,-56, WPA ,0.000000,0.000000,0.000,0.000,AP
2026-04-03 13:57:59,1900-01-00 00:00:00,0960-wombat,B8:27:EB:FF:C8:F5,-49, WPA ,0.000000,0.000000,0.000,0.000,AP
2026-04-03 13:57:59,1900-01-00 00:00:00,0960-wombat,B8:27:EB:FF:C8:F5,-49, WPA ,0.000000,0.000000,0.000,0.000,AP
2026-04-03 13:57:59,1900-01-00 00:00:00,0960-wombat,B8:27:EB:FF:C8:F5,-49, WPA ,0.000000,0.000000,0.000,0.000,AP
2026-04-03 13:57:59,1900-01-00 00:00:00,0960-wombat,B8:27:EB:FF:C8:F5,-49, WPA ,0.000000,0.000000,0.000,0.000,AP
2026-04-03 13:57:59,1900-01-00 00:00:00,0960-wombat,B8:27:EB:FF:C8:F5,-49, WPA ,0.000000,0.000000,0.000,0.000,AP
2026-04-03 13:57:59,1900-01-00 00:00:00,0960-wombat,B8:27:EB:FF:C8:F5,-49, WPA ,0.000000,0.000000,0.000,0.000,AP
2026-04-03 13:57:59,1900-01-00 00:00:00,0960-wombat,B8:27:EB:FF:C8:F5,-61, WPA ,0.000000,0.000000,0.000,0.000,AP
2026-04-03 13:57:59,1900-01-00 00:00:00,0960-wombat,B8:27:EB:FF:C8:F5,-61, WPA ,0.000000,0.000000,0.000,0.000,AP
2026-04-03 13:57:59,1900-01-00 00:00:00,0960-wombat,B8:27:EB:FF:C8:F5,-61, WPA ,0.000000,0.000000,0.000,0.000,AP
2026-04-03 13:57:59,1900-01-00 00:00:00,0960-wombat,B8:27:EB:FF:C8:F5,-61, WPA ,0.000000,0.000000,0.000,0.000,AP
2026-04-03 13:57:59,1900-01-00 00:00:00,0960-wombat,B8:27:EB:FF:C8:F5,-61, WPA ,0.000000,0.000000,0.000,0.000,AP
2026-04-03 13:57:59,1900-01-00 00:00:00,0960-wombat,B8:27:EB:FF:C8:F5,-61, WPA ,0.000000,0.000000,0.000,0.000,AP
2026-04-03 13:57:59,1900-01-00 00:00:00,0960-wombat,B8:27:EB:FF:C8:F5,-61, WPA ,0.000000,0.000000,0.000,0.000,AP
2026-04-03 13:57:59,1900-01-00 00:00:00,0960-wombat,B8:27:EB:FF:C8:F5,-61, WPA ,0.000000,0.000000,0.000,0.000,AP
2026-04-03 13:57:59,1900-01-00 00:00:00,0960-wombat,B8:27:EB:FF:C8:F5,-61, WPA ,0.000000,0.000000,0.000,0.000,AP
2026-04-03 13:57:59,1900-01-00 00:00:00,0960-wombat,B8:27:EB:FF:C8:F5,-61, WPA ,0.000000,0.000000,0.000,0.000,AP
2026-04-03 13:57:59,1900-01-00 00:00:00,0960-wombat,B8:27:EB:FF:C8:F5,-61, WPA ,0.000000,0.000000,0.000,0.000,AP
2026-04-03 13:57:59,1900-01-00 00:00:00,0960-wombat,B8:27:EB:FF:C8:F5,-58, WPA ,0.000000,0.000000,0.000,0.000,AP
2026-04-03 13:57:59,1900-01-00 00:00:00,0960-wombat,B8:27:EB:FF:C8:F5,-53, WPA ,0.000000,0.000000,0.000,0.000,AP
2026-04-03 13:57:59,1900-01-00 00:00:00,0960-wombat,B8:27:EB:FF:C8:F5,-53, WPA ,0.000000,0.000000,0.000,0.000,AP
2026-04-03 13:57:59,1900-01-00 00:00:00,0960-wombat,B8:27:EB:FF:C8:F5,-53, WPA ,0.000000,0.000000,0.000,0.000,AP
2026-04-03 13:57:59,1900-01-00 00:00:00,0960-wombat,B8:27:EB:FF:C8:F5,-53, WPA ,0.000000,0.000000,0.000,0.000,AP
2026-04-03 13:57:59,1900-01-00 00:00:00,0960-wombat,B8:27:EB:FF:C8:F5,-60, WPA ,0.000000,0.000000,0.000,0.000,AP
2026-04-03 13:57:59,1900-01-00 00:00:00,0960-wombat,B8:27:EB:FF:C8:F5,-60, WPA ,0.000000,0.000000,0.000,0.000,AP
2026-04-03 13:57:59,1900-01-00 00:00:00,0960-wombat,B8:27:EB:FF:C8:F5,-60, WPA ,0.000000,0.000000,0.000,0.000,AP
2026-04-03 13:57:59,1900-01-00 00:00:00,0960-wombat,B8:27:EB:FF:C8:F5,-60, WPA ,0.000000,0.000000,0.000,0.000,AP
2026-04-03 13:57:59,1900-01-00 00:00:00,0960-wombat,B8:27:EB:FF:C8:F5,-60, WPA ,0.000000,0.000000,0.000,0.000,AP
2026-04-03 13:57:59,1900-01-00 00:00:00,0960-wombat,B8:27:EB:FF:C8:F5,-60, WPA ,0.000000,0.000000,0.000,0.000,AP
2026-04-03 13:57:59,1900-01-00 00:00:00,0960-wombat,B8:27:EB:FF:C8:F5,-59, WPA ,0.000000,0.000000,0.000,0.000,AP
2026-04-03 13:57:59,1900-01-00 00:00:00,0960-wombat,B8:27:EB:FF:C8:F5,-59, WPA ,0.000000,0.000000,0.000,0.000,AP
2026-04-03 13:57:59,1900-01-00 00:00:00,0960-wombat,B8:27:EB:FF:C8:F5,-59, WPA ,0.000000,0.000000,0.000,0.000,AP
2026-04-03 13:57:59,1900-01-00 00:00:00,0960-wombat,B8:27:EB:FF:C8:F5,-59, WPA ,0.000000,0.000000,0.000,0.000,AP
2026-04-03 13:57:59,1900-01-00 00:00:00,0960-wombat,B8:27:EB:FF:C8:F5,-59, WPA ,0.000000,0.000000,0.000,0.000,AP
2026-04-03 13:57:59,1900-01-00 00:00:00,0960-wombat,B8:27:EB:FF:C8:F5,-59, WPA ,0.000000,0.000000,0.000,0.000,AP
2026-04-03 13:57:59,1900-01-00 00:00:00,0960-wombat,B8:27:EB:FF:C8:F5,-42, WPA ,0.000000,0.000000,0.000,0.000,AP
2026-04-03 13:57:59,1900-01-00 00:00:00,0960-wombat,B8:27:EB:FF:C8:F5,-42, WPA ,0.000000,0.000000,0.000,0.000,AP
2026-04-03 13:57:59,1900-01-00 00:00:00,0960-wombat,B8:27:EB:FF:C8:F5,-57, WPA ,0.000000,0.000000,0.000,0.000,AP
2026-04-03 13:57:59,1900-01-00 00:00:00,0960-wombat,B8:27:EB:FF:C8:F5,-57, WPA ,0.000000,0.000000,0.000,0.000,AP
2026-04-03 13:57:59,1900-01-00 00:00:00,0960-wombat,B8:27:EB:FF:C8:F5,-57, WPA ,0.000000,0.000000,0.000,0.000,AP
2026-04-03 13:57:59,1900-01-00 00:00:00,0960-wombat,B8:27:EB:FF:C8:F5,-57, WPA ,0.000000,0.000000,0.000,0.000,AP
2026-04-03 13:57:59,1900-01-00 00:00:00,0960-wombat,B8:27:EB:FF:C8:F5,-57, WPA ,0.000000,0.000000,0.000,0.000,AP
2026-04-03 13:57:59,1900-01-00 00:00:00,0960-wombat,B8:27:EB:FF:C8:F5,-57, WPA ,0.000000,0.000000,0.000,0.000,AP
2026-04-03 13:57:59,1900-01-00 00:00:00,0960-wombat,B8:27:EB:FF:C8:F5,-57, WPA ,0.000000,0.000000,0.000,0.000,AP
2026-04-03 13:57:59,1900-01-00 00:00:00,0960-wombat,B8:27:EB:FF:C8:F5,-57, WPA ,0.000000,0.000000,0.000,0.000,AP
2026-04-03 13:57:59,1900-01-00 00:00:00,0960-wombat,B8:27:EB:FF:C8:F5,-57, WPA ,0.000000,0.000000,0.000,0.000,AP
2026-04-03 13:57:59,1900-01-00 00:00:00,0960-wombat,B8:27:EB:FF:C8:F5,-57, WPA ,0.000000,0.000000,0.000,0.000,AP
2026-04-03 13:57:59,1900-01-00 00:00:00,0960-wombat,B8:27:EB:FF:C8:F5,-57, WPA ,0.000000,0.000000,0.000,0.000,AP
2026-04-03 13:57:59,1900-01-00 00:00:00,0960-wombat,B8:27:EB:FF:C8:F5,-57, WPA ,0.000000,0.000000,0.000,0.000,AP
2026-04-03 13:57:59,1900-01-00 00:00:00,0960-wombat,B8:27:EB:FF:C8:F5,-57, WPA ,0.000000,0.000000,0.000,0.000,AP
2026-04-03 13:57:59,1900-01-00 00:00:00,0960-wombat,B8:27:EB:FF:C8:F5,-57, WPA ,0.000000,0.000000,0.000,0.000,AP
2026-04-03 13:57:59,1900-01-00 00:00:00,0960-wombat,B8:27:EB:FF:C8:F5,-57, WPA ,0.000000,0.000000,0.000,0.000,AP
2026-04-03 13:57:59,1900-01-00 00:00:00,0960-wombat,B8:27:EB:FF:C8:F5,-57, WPA ,0.000000,0.000000,0.000,0.000,AP
2026-04-03 13:57:59,1900-01-00 00:00:00,0960-wombat,B8:27:EB:FF:C8:F5,-57, WPA ,0.000000,0.000000,0.000,0.000,AP
2026-04-03 13:57:59,1900-01-00 00:00:00,0960-wombat,B8:27:EB:FF:C8:F5,-57, WPA ,0.000000,0.000000,0.000,0.000,AP
2026-04-03 13:57:59,1900-01-00 00:00:00,0960-wombat,B8:27:EB:FF:C8:F5,-57, WPA ,0.000000,0.000000,0.000,0.000,AP
2026-04-03 13:57:59,1900-01-00 00:00:00,0960-wombat,B8:27:EB:FF:C8:F5,-50, WPA ,0.000000,0.000000,0.000,0.000,AP
2026-04-03 13:57:59,1900-01-00 00:00:00,0960-wombat,B8:27:EB:FF:C8:F5,-50, WPA ,0.000000,0.000000,0.000,0.000,AP
2026-04-03 13:57:59,1900-01-00 00:00:00,0960-wombat,B8:27:EB:FF:C8:F5,-50, WPA ,0.000000,0.000000,0.000,0.000,AP
2026-04-03 13:57:59,1900-01-00 00:00:00,0960-wombat,B8:27:EB:FF:C8:F5,-50, WPA ,0.000000,0.000000,0.000,0.000,AP
2026-04-03 13:57:59,1900-01-00 00:00:00,0960-wombat,B8:27:EB:FF:C8:F5,-50, WPA ,0.000000,0.000000,0.000,0.000,AP
2026-04-03 13:57:59,1900-01-00 00:00:00,0960-wombat,B8:27:EB:FF:C8:F5,-50, WPA ,0.000000,0.000000,0.000,0.000,AP
2026-04-03 13:57:59,1900-01-00 00:00:00,0960-wombat,B8:27:EB:FF:C8:F5,-50, WPA ,0.000000,0.000000,0.000,0.000,AP
2026-04-03 13:57:59,1900-01-00 00:00:00,0960-wombat,B8:27:EB:FF:C8:F5,-50, WPA ,0.000000,0.000000,0.000,0.000,AP
2026-04-03 13:57:59,1900-01-00 00:00:00,0960-wombat,B8:27:EB:FF:C8:F5,-50, WPA ,0.000000,0.000000,0.000,0.000,AP
2026-04-03 13:57:59,1900-01-00 00:00:00,0960-wombat,B8:27:EB:FF:C8:F5,-50, WPA ,0.000000,0.000000,0.000,0.000,AP
2026-04-03 13:57:59,1900-01-00 00:00:00,0960-wombat,B8:27:EB:FF:C8:F5,-50, WPA ,0.000000,0.000000,0.000,0.000,AP
2026-04-03 13:57:59,1900-01-00 00:00:00,0960-wombat,B8:27:EB:FF:C8:F5,-50, WPA ,0.000000,0.000000,0.000,0.000,AP
2026-04-03 13:57:59,1900-01-00 00:00:00,0960-wombat,B8:27:EB:FF:C8:F5,-58, WPA ,0.000000,0.000000,0.000,0.000,AP
2026-04-03 13:57:59,1900-01-00 00:00:00,0960-wombat,B8:27:EB:FF:C8:F5,-53, WPA ,0.000000,0.000000,0.000,0.000,AP
2026-04-03 13:57:59,1900-01-00 00:00:00,0960-wombat,B8:27:EB:FF:C8:F5,-53, WPA ,0.000000,0.000000,0.000,0.000,AP
2026-04-03 13:57:59,1900-01-00 00:00:00,0960-wombat,B8:27:EB:FF:C8:F5,-53, WPA ,0.000000,0.000000,0.000,0.000,AP
2026-04-03 13:57:59,1900-01-00 00:00:00,0960-wombat,B8:27:EB:FF:C8:F5,-53, WPA ,0.000000,0.000000,0.000,0.000,AP
2026-04-03 13:57:59,1900-01-00 00:00:00,0960-wombat,B8:27:EB:FF:C8:F5,-53, WPA ,0.000000,0.000000,0.000,0.000,AP
2026-04-03 13:57:59,1900-01-00 00:00:00,0960-wombat,B8:27:EB:FF:C8:F5,-60, WPA ,0.000000,0.000000,0.000,0.000,AP
2026-04-03 13:57:59,1900-01-00 00:00:00,0960-wombat,B8:27:EB:FF:C8:F5,-60, WPA ,0.000000,0.000000,0.000,0.000,AP
2026-04-03 13:57:59,1900-01-00 00:00:00,0960-wombat,B8:27:EB:FF:C8:F5,-60, WPA ,0.000000,0.000000,0.000,0.000,AP
2026-04-03 13:57:59,1900-01-00 00:00:00,0960-wombat,B8:27:EB:FF:C8:F5,-60, WPA ,0.000000,0.000000,0.000,0.000,AP
2026-04-03 13:57:59,1900-01-00 00:00:00,0960-wombat,B8:27:EB:FF:C8:F5,-60, WPA ,0.000000,0.000000,0.000,0.000,AP
2026-04-03 13:57:59,1900-01-00 00:00:00,0960-wombat,B8:27:EB:FF:C8:F5,-60, WPA ,0.000000,0.000000,0.000,0.000,AP
2026-04-03 13:57:59,1900-01-00 00:00:00,0960-wombat,B8:27:EB:FF:C8:F5,-60, WPA ,0.000000,0.000000,0.000,0.000,AP
2026-04-03 13:57:59,1900-01-00 00:00:00,0960-wombat,B8:27:EB:FF:C8:F5,-60, WPA ,0.000000,0.000000,0.000,0.000,AP
2026-04-03 13:57:59,1900-01-00 00:00:00,0960-wombat,B8:27:EB:FF:C8:F5,-60, WPA ,0.000000,0.000000,0.000,0.000,AP
2026-04-03 13:57:59,1900-01-00 00:00:00,0960-wombat,B8:27:EB:FF:C8:F5,-60, WPA ,0.000000,0.000000,0.000,0.000,AP
2026-04-03 13:57:59,1900-01-00 00:00:00,0960-wombat,B8:27:EB:FF:C8:F5,-60, WPA ,0.000000,0.000000,0.000,0.000,AP
2026-04-03 13:57:59,1900-01-00 00:00:00,0960-wombat,B8:27:EB:FF:C8:F5,-42, WPA ,0.000000,0.000000,0.000,0.000,AP
2026-04-03 13:57:59,1900-01-00 00:00:00,0960-wombat,B8:27:EB:FF:C8:F5,-42, WPA ,0.000000,0.000000,0.000,0.000,AP
2026-04-03 13:57:59,1900-01-00 00:00:00,0960-wombat,B8:27:EB:FF:C8:F5,-42, WPA ,0.000000,0.000000,0.000,0.000,AP
2026-04-03 13:57:59,1900-01-00 00:00:00,0960-wombat,B8:27:EB:FF:C8:F5,-58, WPA ,0.000000,0.000000,0.000,0.000,AP
2026-04-03 13:57:59,1900-01-00 00:00:00,0960-wombat,B8:27:EB:FF:C8:F5,-58, WPA ,0.000000,0.000000,0.000,0.000,AP
2026-04-03 13:57:59,1900-01-00 00:00:00,0960-wombat,B8:27:EB:FF:C8:F5,-58, WPA ,0.000000,0.000000,0.000,0.000,AP
2026-04-03 13:57:59,1900-01-00 00:00:00,0960-wombat,B8:27:EB:FF:C8:F5,-58, WPA ,0.000000,0.000000,0.000,0.000,AP
2026-04-03 13:57:59,1900-01-00 00:00:00,0960-wombat,B8:27:EB:FF:C8:F5,-58, WPA ,0.000000,0.000000,0.000,0.000,AP
2026-04-03 13:57:59,1900-01-00 00:00:00,0960-wombat,B8:27:EB:FF:C8:F5,-58, WPA ,0.000000,0.000000,0.000,0.000,AP
2026-04-03 13:57:59,1900-01-00 00:00:00,0960-wombat,B8:27:EB:FF:C8:F5,-59, WPA ,0.000000,0.000000,0.000,0.000,AP
2026-04-03 13:57:59,1900-01-00 00:00:00,0960-wombat,B8:27:EB:FF:C8:F5,-59, WPA ,0.000000,0.000000,0.000,0.000,AP
2026-04-03 13:57:59,1900-01-00 00:00:00,0960-wombat,B8:27:EB:FF:C8:F5,-59, WPA ,0.000000,0.000000,0.000,0.000,AP
2026-04-03 13:57:59,1900-01-00 00:00:00,0960-wombat,B8:27:EB:FF:C8:F5,-59, WPA ,0.000000,0.000000,0.000,0.000,AP
2026-04-03 13:57:59,1900-01-00 00:00:00,0960-wombat,B8:27:EB:FF:C8:F5,-59, WPA ,0.000000,0.000000,0.000,0.000,AP
2026-04-03 13:57:59,1900-01-00 00:00:00,0960-wombat,B8:27:EB:FF:C8:F5,-58, WPA ,0.000000,0.000000,0.000,0.000,AP
2026-04-03 13:57:59,1900-01-00 00:00:00,0960-wombat,B8:27:EB:FF:C8:F5,-56, WPA ,0.000000,0.000000,0.000,0.000,AP
2026-04-03 13:57:59,1900-01-00 00:00:00,0960-wombat,B8:27:EB:FF:C8:F5,-42, WPA ,0.000000,0.000000,0.000,0.000,AP
2026-04-03 13:57:59,1900-01-00 00:00:00,0960-wombat,B8:27:EB:FF:C8:F5,-58, WPA ,0.000000,0.000000,0.000,0.000,AP
2026-04-03 13:57:59,1900-01-00 00:00:00,0960-wombat,B8:27:EB:FF:C8:F5,-58, WPA ,0.000000,0.000000,0.000,0.000,AP
2026-04-03 13:57:59,1900-01-00 00:00:00,0960-wombat,B8:27:EB:FF:C8:F5,-41, WPA ,0.000000,0.000000,0.000,0.000,AP
2026-04-03 13:57:59,1900-01-00 00:00:00,0960-wombat,B8:27:EB:FF:C8:F5,-41, WPA ,0.000000,0.000000,0.000,0.000,AP
2026-04-03 13:57:59,1900-01-00 00:00:00,0960-wombat,B8:27:EB:FF:C8:F5,-52, WPA ,0.000000,0.000000,0.000,0.000,AP
2026-04-03 13:57:59,1900-01-00 00:00:00,0960-wombat,B8:27:EB:FF:C8:F5,-52, WPA ,0.000000,0.000000,0.000,0.000,AP
2026-04-03 13:57:59,1900-01-00 00:00:00,0960-wombat,B8:27:EB:FF:C8:F5,-52, WPA ,0.000000,0.000000,0.000,0.000,AP
2026-04-03 13:57:59,1900-01-00 00:00:00,0960-wombat,B8:27:EB:FF:C8:F5,-52, WPA ,0.000000,0.000000,0.000,0.000,AP
2026-04-03 13:57:59,1900-01-00 00:00:00,0960-wombat,B8:27:EB:FF:C8:F5,-52, WPA ,0.000000,0.000000,0.000,0.000,AP
2026-04-03 13:57:59,1900-01-00 00:00:00,0960-wombat,B8:27:EB:FF:C8:F5,-42, WPA ,0.000000,0.000000,0.000,0.000,AP
2026-04-03 13:57:59,1900-01-00 00:00:00,0960-wombat,B8:27:EB:FF:C8:F5,-56, WPA ,0.000000,0.000000,0.000,0.000,AP
2026-04-03 13:57:59,1900-01-00 00:00:00,0960-wombat,B8:27:EB:FF:C8:F5,-56, WPA ,0.000000,0.000000,0.000,0.000,AP
2026-04-03 13:57:59,1900-01-00 00:00:00,0960-wombat,B8:27:EB:FF:C8:F5,-58, WPA ,0.000000,0.000000,0.000,0.000,AP
2026-04-03 13:57:59,1900-01-00 00:00:00,0960-wombat,B8:27:EB:FF:C8:F5,-42, WPA ,0.000000,0.000000,0.000,0.000,AP
2026-04-03 13:57:59,1900-01-00 00:00:00,0960-wombat,B8:27:EB:FF:C8:F5,-42, WPA ,0.000000,0.000000,0.000,0.000,AP
2026-04-03 13:57:59,1900-01-00 00:00:00,0960-wombat,B8:27:EB:FF:C8:F5,-42, WPA ,0.000000,0.000000,0.000,0.000,AP
2026-04-03 13:57:59,1900-01-00 00:00:00,0960-wombat,B8:27:EB:FF:C8:F5,-60, WPA ,0.000000,0.000000,0.000,0.000,AP
2026-04-03 13:57:59,1900-01-00 00:00:00,0960-wombat,B8:27:EB:FF:C8:F5,-60, WPA ,0.000000,0.000000,0.000,0.000,AP
2026-04-03 13:57:59,1900-01-00 00:00:00,0960-wombat,B8:27:EB:FF:C8:F5,-61, WPA ,0.000000,0.000000,0.000,0.000,AP
2026-04-03 13:57:59,1900-01-00 00:00:00,0960-wombat,B8:27:EB:FF:C8:F5,-61, WPA ,0.000000,0.000000,0.000,0.000,AP
2026-04-03 13:57:59,1900-01-00 00:00:00,0960-wombat,B8:27:EB:FF:C8:F5,-60, WPA ,0.000000,0.000000,0.000,0.000,AP
2026-04-03 13:57:59,1900-01-00 00:00:00,0960-wombat,B8:27:EB:FF:C8:F5,-60, WPA ,0.000000,0.000000,0.000,0.000,AP
2026-04-03 13:57:59,1900-01-00 00:00:00,0960-wombat,B8:27:EB:FF:C8:F5,-60, WPA ,0.000000,0.000000,0.000,0.000,AP
2026-04-03 13:57:59,1900-01-00 00:00:00,0960-wombat,B8:27:EB:FF:C8:F5,-60, WPA ,0.000000,0.000000,0.000,0.000,AP
2026-04-03 13:57:59,1900-01-00 00:00:00,0960-wombat,B8:27:EB:FF:C8:F5,-60, WPA ,0.000000,0.000000,0.000,0.000,AP
2026-04-03 13:57:59,1900-01-00 00:00:00,0960-wombat,B8:27:EB:FF:C8:F5,-60, WPA ,0.000000,0.000000,0.000,0.000,AP
2026-04-03 13:57:59,1900-01-00 00:00:00,0960-wombat,B8:27:EB:FF:C8:F5,-58, WPA ,0.000000,0.000000,0.000,0.000,AP
2026-04-03 13:57:59,1900-01-00 00:00:00,0960-wombat,B8:27:EB:FF:C8:F5,-58, WPA ,0.000000,0.000000,0.000,0.000,AP
2026-04-03 13:57:59,1900-01-00 00:00:00,0960-wombat,B8:27:EB:FF:C8:F5,-58, WPA ,0.000000,0.000000,0.000,0.000,AP
2026-04-03 13:57:59,1900-01-00 00:00:00,0960-wombat,B8:27:EB:FF:C8:F5,-58, WPA ,0.000000,0.000000,0.000,0.000,AP
2026-04-03 13:57:59,1900-01-00 00:00:00,0960-wombat,B8:27:EB:FF:C8:F5,-58, WPA ,0.000000,0.000000,0.000,0.000,AP
2026-04-03 13:57:59,1900-01-00 00:00:00,0960-wombat,B8:27:EB:FF:C8:F5,-58, WPA ,0.000000,0.000000,0.000,0.000,AP
2026-04-03 13:57:59,1900-01-00 00:00:00,0960-wombat,B8:27:EB:FF:C8:F5,-58, WPA ,0.000000,0.000000,0.000,0.000,AP
2026-04-03 13:57:59,1900-01-00 00:00:00,0960-wombat,B8:27:EB:FF:C8:F5,-53, WPA ,0.000000,0.000000,0.000,0.000,AP
2026-04-03 13:57:59,1900-01-00 00:00:00,0960-wombat,B8:27:EB:FF:C8:F5,-53, WPA ,0.000000,0.000000,0.000,0.000,AP
2026-04-03 13:57:59,1900-01-00 00:00:00,0960-wombat,B8:27:EB:FF:C8:F5,-52, WPA ,0.000000,0.000000,0.000,0.000,AP
2026-04-03 13:57:59,1900-01-00 00:00:00,0960-wombat,B8:27:EB:FF:C8:F5,-52, WPA ,0.000000,0.000000,0.000,0.000,AP
2026-04-03 13:57:59,1900-01-00 00:00:00,0960-wombat,B8:27:EB:FF:C8:F5,-52, WPA ,0.000000,0.000000,0.000,0.000,AP
2026-04-03 13:57:59,1900-01-00 00:00:00,0960-wombat,B8:27:EB:FF:C8:F5,-61, WPA ,0.000000,0.000000,0.000,0.000,AP
2026-04-03 13:57:59,1900-01-00 00:00:00,0960-wombat,B8:27:EB:FF:C8:F5,-61, WPA ,0.000000,0.000000,0.000,0.000,AP
2026-04-03 13:57:59,1900-01-00 00:00:00,0960-wombat,B8:27:EB:FF:C8:F5,-61, WPA ,0.000000,0.000000,0.000,0.000,AP
2026-04-03 13:57:59,1900-01-00 00:00:00,0960-wombat,B8:27:EB:FF:C8:F5,-61, WPA ,0.000000,0.000000,0.000,0.000,AP
2026-04-03 13:57:59,1900-01-00 00:00:00,0960-wombat,B8:27:EB:FF:C8:F5,-61, WPA ,0.000000,0.000000,0.000,0.000,AP
2026-04-03 13:57:59,1900-01-00 00:00:00,0960-wombat,B8:27:EB:FF:C8:F5,-61, WPA ,0.000000,0.000000,0.000,0.000,AP
2026-04-03 13:57:59,1900-01-00 00:00:00,0960-wombat,B8:27:EB:FF:C8:F5,-61, WPA ,0.000000,0.000000,0.000,0.000,AP
2026-04-03 13:57:59,1900-01-00 00:00:00,0960-wombat,B8:27:EB:FF:C8:F5,-61, WPA ,0.000000,0.000000,0.000,0.000,AP
2026-04-03 13:57:59,1900-01-00 00:00:00,0960-wombat,B8:27:EB:FF:C8:F5,-61, WPA ,0.000000,0.000000,0.000,0.000,AP
2026-04-03 13:57:59,1900-01-00 00:00:00,0960-wombat,B8:27:EB:FF:C8:F5,-61, WPA ,0.000000,0.000000,0.000,0.000,AP
2026-04-03 13:57:59,1900-01-00 00:00:00,0960-wombat,B8:27:EB:FF:C8:F5,-61, WPA ,0.000000,0.000000,0.000,0.000,AP
2026-04-03 13:57:59,1900-01-00 00:00:00,0960-wombat,B8:27:EB:FF:C8:F5,-61, WPA ,0.000000,0.000000,0.000,0.000,AP
2026-04-03 13:57:59,1900-01-00 00:00:00,0960-wombat,B8:27:EB:FF:C8:F5,-41, WPA ,0.000000,0.000000,0.000,0.000,AP
2026-04-03 13:57:59,1900-01-00 00:00:00,0960-wombat,B8:27:EB:FF:C8:F5,-41, WPA ,0.000000,0.000000,0.000,0.000,AP
2026-04-03 13:57:59,1900-01-00 00:00:00,0960-wombat,B8:27:EB:FF:C8:F5,-41, WPA ,0.000000,0.000000,0.000,0.000,AP
2026-04-03 13:57:59,1900-01-00 00:00:00,0960-wombat,B8:27:EB:FF:C8:F5,-41, WPA ,0.000000,0.000000,0.000,0.000,AP
2026-04-03 13:57:59,1900-01-00 00:00:00,0960-wombat,B8:27:EB:FF:C8:F5,-41, WPA ,0.000000,0.000000,0.000,0.000,AP
2026-04-03 13:57:59,1900-01-00 00:00:00,0960-wombat,B8:27:EB:FF:C8:F5,-41, WPA ,0.000000,0.000000,0.000,0.000,AP
2026-04-03 13:57:59,1900-01-00 00:00:00,0960-wombat,B8:27:EB:FF:C8:F5,-41, WPA ,0.000000,0.000000,0.000,0.000,AP
2026-04-03 13:57:59,1900-01-00 00:00:00,0960-wombat,B8:27:EB:FF:C8:F5,-41, WPA ,0.000000,0.000000,0.000,0.000,AP
2026-04-03 13:57:59,1900-01-00 00:00:00,0960-wombat,B8:27:EB:FF:C8:F5,-58, WPA ,0.000000,0.000000,0.000,0.000,AP
2026-04-03 13:57:59,1900-01-00 00:00:00,0960-wombat,B8:27:EB:FF:C8:F5,-58, WPA ,0.000000,0.000000,0.000,0.000,AP
2026-04-03 13:57:59,1900-01-00 00:00:00,0960-wombat,B8:27:EB:FF:C8:F5,-58, WPA ,0.000000,0.000000,0.000,0.000,AP
2026-04-03 13:57:59,1900-01-00 00:00:00,0960-wombat,B8:27:EB:FF:C8:F5,-58, WPA ,0.000000,0.000000,0.000,0.000,AP
2026-04-03 13:57:59,1900-01-00 00:00:00,0960-wombat,B8:27:EB:FF:C8:F5,-58, WPA ,0.000000,0.000000,0.000,0.000,AP
2026-04-03 13:57:59,1900-01-00 00:00:00,0960-wombat,B8:27:EB:FF:C8:F5,-58, WPA ,0.000000,0.000000,0.000,0.000,AP
2026-04-03 13:57:59,1900-01-00 00:00:00,0960-wombat,B8:27:EB:FF:C8:F5,-58, WPA ,0.000000,0.000000,0.000,0.000,AP
2026-04-03 13:57:59,1900-01-00 00:00:00,0960-wombat,B8:27:EB:FF:C8:F5,-58, WPA ,0.000000,0.000000,0.000,0.000,AP
2026-04-03 13:57:59,1900-01-00 00:00:00,0960-wombat,B8:27:EB:FF:C8:F5,-58, WPA ,0.000000,0.000000,0.000,0.000,AP
2026-04-03 13:57:59,1900-01-00 00:00:00,0960-wombat,B8:27:EB:FF:C8:F5,-58, WPA ,0.000000,0.000000,0.000,0.000,AP
2026-04-03 13:57:59,1900-01-00 00:00:00,0960-wombat,B8:27:EB:FF:C8:F5,-58, WPA ,0.000000,0.000000,0.000,0.000,AP
2026-04-03 13:57:59,1900-01-00 00:00:00,0960-wombat,B8:27:EB:FF:C8:F5,-58, WPA ,0.000000,0.000000,0.000,0.000,AP
2026-04-03 13:57:59,1900-01-00 00:00:00,0960-wombat,B8:27:EB:FF:C8:F5,-58, WPA ,0.000000,0.000000,0.000,0.000,AP
2026-04-03 13:57:59,1900-01-00 00:00:00,0960-wombat,B8:27:EB:FF:C8:F5,-58, WPA ,0.000000,0.000000,0.000,0.000,AP
2026-04-03 13:57:59,1900-01-00 00:00:00,0960-wombat,B8:27:EB:FF:C8:F5,-58, WPA ,0.000000,0.000000,0.000,0.000,AP
2026-04-03 13:57:59,1900-01-00 00:00:00,0960-wombat,B8:27:EB:FF:C8:F5,-58, WPA ,0.000000,0.000000,0.000,0.000,AP
2026-04-03 13:57:59,1900-01-00 00:00:00,0960-wombat,B8:27:EB:FF:C8:F5,-58, WPA ,0.000000,0.000000,0.000,0.000,AP
2026-04-03 13:57:59,1900-01-00 00:00:00,0960-wombat,B8:27:EB:FF:C8:F5,-58, WPA ,0.000000,0.000000,0.000,0.000,AP
2026-04-03 13:57:59,1900-01-00 00:00:00,0960-wombat,B8:27:EB:FF:C8:F5,-58, WPA ,0.000000,0.000000,0.000,0.000,AP
2026-04-03 13:57:59,1900-01-00 00:00:00,0960-wombat,B8:27:EB:FF:C8:F5,-58, WPA ,0.000000,0.000000,0.000,0.000,AP
2026-04-03 13:57:59,1900-01-00 00:00:00,0960-wombat,B8:27:EB:FF:C8:F5,-58, WPA ,0.000000,0.000000,0.000,0.000,AP
2026-04-03 13:57:59,1900-01-00 00:00:00,0960-wombat,B8:27:EB:FF:C8:F5,-58, WPA ,0.000000,0.000000,0.000,0.000,AP
2026-04-03 13:57:59,1900-01-00 00:00:00,0960-wombat,B8:27:EB:FF:C8:F5,-58, WPA ,0.000000,0.000000,0.000,0.000,AP
2026-04-03 13:57:59,1900-01-00 00:00:00,0960-wombat,B8:27:EB:FF:C8:F5,-58, WPA ,0.000000,0.000000,0.000,0.000,AP
2026-04-03 13:57:59,1900-01-00 00:00:00,0960-wombat,B8:27:EB:FF:C8:F5,-58, WPA ,0.000000,0.000000,0.000,0.000,AP
2026-04-03 13:57:59,1900-01-00 00:00:00,0960-wombat,B8:27:EB:FF:C8:F5,-53, WPA ,0.000000,0.000000,0.000,0.000,AP
2026-04-03 13:57:59,1900-01-00 00:00:00,0960-wombat,B8:27:EB:FF:C8:F5,-52, WPA ,0.000000,0.000000,0.000,0.000,AP
2026-04-03 13:57:59,1900-01-00 00:00:00,0960-wombat,B8:27:EB:FF:C8:F5,-52, WPA ,0.000000,0.000000,0.000,0.000,AP
2026-04-03 13:57:59,1900-01-00 00:00:00,0960-wombat,B8:27:EB:FF:C8:F5,-52, WPA ,0.000000,0.000000,0.000,0.000,AP
2026-04-03 13:57:59,1900-01-00 00:00:00,0960-wombat,B8:27:EB:FF:C8:F5,-52, WPA ,0.000000,0.000000,0.000,0.000,AP
2026-04-03 13:57:59,1900-01-00 00:00:00,0960-wombat,B8:27:EB:FF:C8:F5,-61, WPA ,0.000000,0.000000,0.000,0.000,AP
2026-04-03 13:57:59,1900-01-00 00:00:00,0960-wombat,B8:27:EB:FF:C8:F5,-61, WPA ,0.000000,0.000000,0.000,0.000,AP
2026-04-03 13:57:59,1900-01-00 00:00:00,0960-wombat,B8:27:EB:FF:C8:F5,-52, WPA ,0.000000,0.000000,0.000,0.000,AP
2026-04-03 13:57:59,1900-01-00 00:00:00,0960-wombat,B8:27:EB:FF:C8:F5,-52, WPA ,0.000000,0.000000,0.000,0.000,AP
2026-04-03 13:57:59,1900-01-00 00:00:00,0960-wombat,B8:27:EB:FF:C8:F5,-61, WPA ,0.000000,0.000000,0.000,0.000,AP
2026-04-03 13:57:59,1900-01-00 00:00:00,0960-wombat,B8:27:EB:FF:C8:F5,-61, WPA ,0.000000,0.000000,0.000,0.000,AP
2026-04-03 13:57:59,1900-01-00 00:00:00,0960-wombat,B8:27:EB:FF:C8:F5,-64, WPA ,0.000000,0.000000,0.000,0.000,AP
2026-04-03 13:57:59,1900-01-00 00:00:00,0960-wombat,B8:27:EB:FF:C8:F5,-64, WPA ,0.000000,0.000000,0.000,0.000,AP
2026-04-03 13:57:59,1900-01-00 00:00:00,0960-wombat,B8:27:EB:FF:C8:F5,-64, WPA ,0.000000,0.000000,0.000,0.000,AP
2026-04-03 13:57:59,1900-01-00 00:00:00,0960-wombat,B8:27:EB:FF:C8:F5,-64, WPA ,0.000000,0.000000,0.000,0.000,AP
2026-04-03 13:57:59,1900-01-00 00:00:00,0960-wombat,B8:27:EB:FF:C8:F5,-64, WPA ,0.000000,0.000000,0.000,0.000,AP
2026-04-03 13:57:59,1900-01-00 00:00:00,0960-wombat,B8:27:EB:FF:C8:F5,-64, WPA ,0.000000,0.000000,0.000,0.000,AP
2026-04-03 13:57:59,1900-01-00 00:00:00,0960-wombat,B8:27:EB:FF:C8:F5,-42, WPA ,0.000000,0.000000,0.000,0.000,AP
2026-04-03 13:57:59,1900-01-00 00:00:00,0960-wombat,B8:27:EB:FF:C8:F5,-42, WPA ,0.000000,0.000000,0.000,0.000,AP
2026-04-03 13:57:59,1900-01-00 00:00:00,0960-wombat,B8:27:EB:FF:C8:F5,-57, WPA ,0.000000,0.000000,0.000,0.000,AP
2026-04-03 13:57:59,1900-01-00 00:00:00,0960-wombat,B8:27:EB:FF:C8:F5,-57, WPA ,0.000000,0.000000,0.000,0.000,AP
2026-04-03 13:57:59,1900-01-00 00:00:00,0960-wombat,B8:27:EB:FF:C8:F5,-57, WPA ,0.000000,0.000000,0.000,0.000,AP
2026-04-03 13:57:59,1900-01-00 00:00:00,0960-wombat,B8:27:EB:FF:C8:F5,-57, WPA ,0.000000,0.000000,0.000,0.000,AP
2026-04-03 13:57:59,1900-01-00 00:00:00,0960-wombat,B8:27:EB:FF:C8:F5,-57, WPA ,0.000000,0.000000,0.000,0.000,AP
2026-04-03 13:57:59,1900-01-00 00:00:00,0960-wombat,B8:27:EB:FF:C8:F5,-57, WPA ,0.000000,0.000000,0.000,0.000,AP
2026-04-03 13:57:59,1900-01-00 00:00:00,0960-wombat,B8:27:EB:FF:C8:F5,-59, WPA ,0.000000,0.000000,0.000,0.000,AP
2026-04-03 13:57:59,1900-01-00 00:00:00,0960-wombat,B8:27:EB:FF:C8:F5,-59, WPA ,0.000000,0.000000,0.000,0.000,AP
2026-04-03 13:57:59,1900-01-00 00:00:00,0960-wombat,B8:27:EB:FF:C8:F5,-59, WPA ,0.000000,0.000000,0.000,0.000,AP
2026-04-03 13:57:59,1900-01-00 00:00:00,0960-wombat,B8:27:EB:FF:C8:F5,-59, WPA ,0.000000,0.000000,0.000,0.000,AP
2026-04-03 13:57:59,1900-01-00 00:00:00,0960-wombat,B8:27:EB:FF:C8:F5,-59, WPA ,0.000000,0.000000,0.000,0.000,AP
2026-04-03 13:57:59,1900-01-00 00:00:00,0960-wombat,B8:27:EB:FF:C8:F5,-59, WPA ,0.000000,0.000000,0.000,0.000,AP
2026-04-03 13:57:59,1900-01-00 00:00:00,0960-wombat,B8:27:EB:FF:C8:F5,-59, WPA ,0.000000,0.000000,0.000,0.000,AP
2026-04-03 13:57:59,1900-01-00 00:00:00,0960-wombat,B8:27:EB:FF:C8:F5,-59, WPA ,0.000000,0.000000,0.000,0.000,AP
2026-04-03 13:57:59,1900-01-00 00:00:00,0960-wombat,B8:27:EB:FF:C8:F5,-59, WPA ,0.000000,0.000000,0.000,0.000,AP
2026-04-03 13:57:59,1900-01-00 00:00:00,0960-wombat,B8:27:EB:FF:C8:F5,-59, WPA ,0.000000,0.000000,0.000,0.000,AP
2026-04-03 13:57:59,1900-01-00 00:00:00,0960-wombat,B8:27:EB:FF:C8:F5,-59, WPA ,0.000000,0.000000,0.000,0.000,AP
2026-04-03 13:57:59,1900-01-00 00:00:00,0960-wombat,B8:27:EB:FF:C8:F5,-59, WPA ,0.000000,0.000000,0.000,0.000,AP
2026-04-03 13:57:59,1900-01-00 00:00:00,0960-wombat,B8:27:EB:FF:C8:F5,-59, WPA ,0.000000,0.000000,0.000,0.000,AP
2026-04-03 13:57:59,1900-01-00 00:00:00,0960-wombat,B8:27:EB:FF:C8:F5,-59, WPA ,0.000000,0.000000,0.000,0.000,AP
2026-04-03 13:57:59,1900-01-00 00:00:00,0960-wombat,B8:27:EB:FF:C8:F5,-59, WPA ,0.000000,0.000000,0.000,0.000,AP
2026-04-03 13:57:59,1900-01-00 00:00:00,0960-wombat,B8:27:EB:FF:C8:F5,-59, WPA ,0.000000,0.000000,0.000,0.000,AP
2026-04-03 13:57:59,1900-01-00 00:00:00,0960-wombat,B8:27:EB:FF:C8:F5,-59, WPA ,0.000000,0.000000,0.000,0.000,AP
2026-04-03 13:57:59,1900-01-00 00:00:00,0960-wombat,B8:27:EB:FF:C8:F5,-59, WPA ,0.000000,0.000000,0.000,0.000,AP
2026-04-03 13:57:59,1900-01-00 00:00:00,0960-wombat,B8:27:EB:FF:C8:F5,-59, WPA ,0.000000,0.000000,0.000,0.000,AP
2026-04-03 13:57:59,1900-01-00 00:00:00,0960-wombat,B8:27:EB:FF:C8:F5,-59, WPA ,0.000000,0.000000,0.000,0.000,AP
2026-04-03 13:57:59,1900-01-00 00:00:00,0960-wombat,B8:27:EB:FF:C8:F5,-59, WPA ,0.000000,0.000000,0.000,0.000,AP
2026-04-03 13:57:59,1900-01-00 00:00:00,0960-wombat,B8:27:EB:FF:C8:F5,-59, WPA ,0.000000,0.000000,0.000,0.000,AP
2026-04-03 13:57:59,1900-01-00 00:00:00,0960-wombat,B8:27:EB:FF:C8:F5,-59, WPA ,0.000000,0.000000,0.000,0.000,AP
2026-04-03 13:57:59,1900-01-00 00:00:00,0960-wombat,B8:27:EB:FF:C8:F5,-58, WPA ,0.000000,0.000000,0.000,0.000,AP
2026-04-03 13:58:00,1900-01-00 00:00:00,0960-wombat,B8:27:EB:FF:C8:F5,-58, WPA ,0.000000,0.000000,0.000,0.000,AP
2026-04-03 13:58:00,1900-01-00 00:00:00,0960-wombat,B8:27:EB:FF:C8:F5,-58, WPA ,0.000000,0.000000,0.000,0.000,AP
2026-04-03 13:58:00,1900-01-00 00:00:00,0960-wombat,B8:27:EB:FF:C8:F5,-58, WPA ,0.000000,0.000000,0.000,0.000,AP
2026-04-03 13:58:00,1900-01-00 00:00:00,0960-wombat,B8:27:EB:FF:C8:F5,-58, WPA ,0.000000,0.000000,0.000,0.000,AP
2026-04-03 13:58:00,1900-01-00 00:00:00,0960-wombat,B8:27:EB:FF:C8:F5,-58, WPA ,0.000000,0.000000,0.000,0.000,AP
2026-04-03 13:58:00,1900-01-00 00:00:00,0960-wombat,B8:27:EB:FF:C8:F5,-58, WPA ,0.000000,0.000000,0.000,0.000,AP
2026-04-03 13:58:00,1900-01-00 00:00:00,0960-wombat,B8:27:EB:FF:C8:F5,-58, WPA ,0.000000,0.000000,0.000,0.000,AP
2026-04-03 13:58:00,1900-01-00 00:00:00,0960-wombat,B8:27:EB:FF:C8:F5,-58, WPA ,0.000000,0.000000,0.000,0.000,AP
2026-04-03 13:58:00,1900-01-00 00:00:00,0960-wombat,B8:27:EB:FF:C8:F5,-58, WPA ,0.000000,0.000000,0.000,0.000,AP
2026-04-03 13:58:00,1900-01-00 00:00:00,0960-wombat,B8:27:EB:FF:C8:F5,-58, WPA ,0.000000,0.000000,0.000,0.000,AP
2026-04-03 13:58:00,1900-01-00 00:00:00,0960-wombat,B8:27:EB:FF:C8:F5,-58, WPA ,0.000000,0.000000,0.000,0.000,AP
2026-04-03 13:58:00,1900-01-00 00:00:00,0960-wombat,B8:27:EB:FF:C8:F5,-58, WPA ,0.000000,0.000000,0.000,0.000,AP
2026-04-03 13:58:00,1900-01-00 00:00:00,0960-wombat,B8:27:EB:FF:C8:F5,-58, WPA ,0.000000,0.000000,0.000,0.000,AP
2026-04-03 13:58:00,1900-01-00 00:00:00,0960-wombat,B8:27:EB:FF:C8:F5,-58, WPA ,0.000000,0.000000,0.000,0.000,AP
2026-04-03 13:58:00,1900-01-00 00:00:00,0960-wombat,B8:27:EB:FF:C8:F5,-58, WPA ,0.000000,0.000000,0.000,0.000,AP
2026-04-03 13:58:00,1900-01-00 00:00:00,0960-wombat,B8:27:EB:FF:C8:F5,-59, WPA ,0.000000,0.000000,0.000,0.000,AP
2026-04-03 13:58:00,1900-01-00 00:00:00,0960-wombat,B8:27:EB:FF:C8:F5,-53, WPA ,0.000000,0.000000,0.000,0.000,AP
2026-04-03 13:58:00,1900-01-00 00:00:00,0960-wombat,B8:27:EB:FF:C8:F5,-53, WPA ,0.000000,0.000000,0.000,0.000,AP
2026-04-03 13:58:00,1900-01-00 00:00:00,0960-wombat,B8:27:EB:FF:C8:F5,-53, WPA ,0.000000,0.000000,0.000,0.000,AP
2026-04-03 13:58:00,1900-01-00 00:00:00,0960-wombat,B8:27:EB:FF:C8:F5,-53, WPA ,0.000000,0.000000,0.000,0.000,AP
2026-04-03 13:58:00,1900-01-00 00:00:00,0960-wombat,B8:27:EB:FF:C8:F5,-59, WPA ,0.000000,0.000000,0.000,0.000,AP
2026-04-03 13:58:00,1900-01-00 00:00:00,0960-wombat,B8:27:EB:FF:C8:F5,-59, WPA ,0.000000,0.000000,0.000,0.000,AP
2026-04-03 13:58:00,1900-01-00 00:00:00,0960-wombat,B8:27:EB:FF:C8:F5,-59, WPA ,0.000000,0.000000,0.000,0.000,AP
2026-04-03 13:58:00,1900-01-00 00:00:00,0960-wombat,B8:27:EB:FF:C8:F5,-59, WPA ,0.000000,0.000000,0.000,0.000,AP
2026-04-03 13:58:00,1900-01-00 00:00:00,0960-wombat,B8:27:EB:FF:C8:F5,-59, WPA ,0.000000,0.000000,0.000,0.000,AP
2026-04-03 13:58:00,1900-01-00 00:00:00,0960-wombat,B8:27:EB:FF:C8:F5,-59, WPA ,0.000000,0.000000,0.000,0.000,AP
2026-04-03 13:58:00,1900-01-00 00:00:00,0960-wombat,B8:27:EB:FF:C8:F5,-59, WPA ,0.000000,0.000000,0.000,0.000,AP
2026-04-03 13:58:00,1900-01-00 00:00:00,0960-wombat,B8:27:EB:FF:C8:F5,-59, WPA ,0.000000,0.000000,0.000,0.000,AP
2026-04-03 13:58:00,1900-01-00 00:00:00,0960-wombat,B8:27:EB:FF:C8:F5,-59, WPA ,0.000000,0.000000,0.000,0.000,AP
2026-04-03 13:58:00,1900-01-00 00:00:00,0960-wombat,B8:27:EB:FF:C8:F5,-59, WPA ,0.000000,0.000000,0.000,0.000,AP
2026-04-03 13:58:00,1900-01-00 00:00:00,0960-wombat,B8:27:EB:FF:C8:F5,-59, WPA ,0.000000,0.000000,0.000,0.000,AP
2026-04-03 13:58:00,1900-01-00 00:00:00,0960-wombat,B8:27:EB:FF:C8:F5,-59, WPA ,0.000000,0.000000,0.000,0.000,AP
2026-04-03 13:58:00,1900-01-00 00:00:00,0960-wombat,B8:27:EB:FF:C8:F5,-41, WPA ,0.000000,0.000000,0.000,0.000,AP
2026-04-03 13:58:00,1900-01-00 00:00:00,0960-wombat,B8:27:EB:FF:C8:F5,-41, WPA ,0.000000,0.000000,0.000,0.000,AP
2026-04-03 13:58:00,1900-01-00 00:00:00,0960-wombat,B8:27:EB:FF:C8:F5,-58, WPA ,0.000000,0.000000,0.000,0.000,AP
2026-04-03 13:58:00,1900-01-00 00:00:00,0960-wombat,B8:27:EB:FF:C8:F5,-58, WPA ,0.000000,0.000000,0.000,0.000,AP
2026-04-03 13:58:00,1900-01-00 00:00:00,0960-wombat,B8:27:EB:FF:C8:F5,-58, WPA ,0.000000,0.000000,0.000,0.000,AP
2026-04-03 13:58:00,1900-01-00 00:00:00,0960-wombat,B8:27:EB:FF:C8:F5,-58, WPA ,0.000000,0.000000,0.000,0.000,AP
2026-04-03 13:58:00,1900-01-00 00:00:00,0960-wombat,B8:27:EB:FF:C8:F5,-53, WPA ,0.000000,0.000000,0.000,0.000,AP
2026-04-03 13:58:00,1900-01-00 00:00:00,0960-wombat,B8:27:EB:FF:C8:F5,-53, WPA ,0.000000,0.000000,0.000,0.000,AP
2026-04-03 13:58:00,1900-01-00 00:00:00,0960-wombat,B8:27:EB:FF:C8:F5,-58, WPA ,0.000000,0.000000,0.000,0.000,AP
2026-04-03 13:58:00,1900-01-00 00:00:00,0960-wombat,B8:27:EB:FF:C8:F5,-58, WPA ,0.000000,0.000000,0.000,0.000,AP
2026-04-03 13:58:00,1900-01-00 00:00:00,0960-wombat,B8:27:EB:FF:C8:F5,-58, WPA ,0.000000,0.000000,0.000,0.000,AP
2026-04-03 13:58:00,1900-01-00 00:00:00,0960-wombat,B8:27:EB:FF:C8:F5,-58, WPA ,0.000000,0.000000,0.000,0.000,AP
2026-04-03 13:58:00,1900-01-00 00:00:00,0960-wombat,B8:27:EB:FF:C8:F5,-58, WPA ,0.000000,0.000000,0.000,0.000,AP
2026-04-03 13:58:00,1900-01-00 00:00:00,0960-wombat,B8:27:EB:FF:C8:F5,-58, WPA ,0.000000,0.000000,0.000,0.000,AP
2026-04-03 13:58:00,1900-01-00 00:00:00,0960-wombat,B8:27:EB:FF:C8:F5,-58, WPA ,0.000000,0.000000,0.000,0.000,AP
2026-04-03 13:58:00,1900-01-00 00:00:00,0960-wombat,B8:27:EB:FF:C8:F5,-58, WPA ,0.000000,0.000000,0.000,0.000,AP
2026-04-03 13:58:00,1900-01-00 00:00:00,0960-wombat,B8:27:EB:FF:C8:F5,-58, WPA ,0.000000,0.000000,0.000,0.000,AP
2026-04-03 13:58:00,1900-01-00 00:00:00,0960-wombat,B8:27:EB:FF:C8:F5,-58, WPA ,0.000000,0.000000,0.000,0.000,AP
2026-04-03 13:58:00,1900-01-00 00:00:00,0960-wombat,B8:27:EB:FF:C8:F5,-58, WPA ,0.000000,0.000000,0.000,0.000,AP
2026-04-03 13:58:00,1900-01-00 00:00:00,0960-wombat,B8:27:EB:FF:C8:F5,-58, WPA ,0.000000,0.000000,0.000,0.000,AP
2026-04-03 13:58:00,1900-01-00 00:00:00,0960-wombat,B8:27:EB:FF:C8:F5,-58, WPA ,0.000000,0.000000,0.000,0.000,AP
2026-04-03 13:58:00,1900-01-00 00:00:00,0960-wombat,B8:27:EB:FF:C8:F5,-58, WPA ,0.000000,0.000000,0.000,0.000,AP
2026-04-03 13:58:00,1900-01-00 00:00:00,0960-wombat,B8:27:EB:FF:C8:F5,-58, WPA ,0.000000,0.000000,0.000,0.000,AP
2026-04-03 13:58:00,1900-01-00 00:00:00,0960-wombat,B8:27:EB:FF:C8:F5,-58, WPA ,0.000000,0.000000,0.000,0.000,AP
2026-04-03 13:58:00,1900-01-00 00:00:00,0960-wombat,B8:27:EB:FF:C8:F5,-58, WPA ,0.000000,0.000000,0.000,0.000,AP
2026-04-03 13:58:00,1900-01-00 00:00:00,0960-wombat,B8:27:EB:FF:C8:F5,-58, WPA ,0.000000,0.000000,0.000,0.000,AP
2026-04-03 13:58:00,1900-01-00 00:00:00,0960-wombat,B8:27:EB:FF:C8:F5,-58, WPA ,0.000000,0.000000,0.000,0.000,AP
2026-04-03 13:58:00,1900-01-00 00:00:00,0960-wombat,B8:27:EB:FF:C8:F5,-58, WPA ,0.000000,0.000000,0.000,0.000,AP
2026-04-03 13:58:00,1900-01-00 00:00:00,0960-wombat,B8:27:EB:FF:C8:F5,-58, WPA ,0.000000,0.000000,0.000,0.000,AP
2026-04-03 13:58:00,1900-01-00 00:00:00,0960-wombat,B8:27:EB:FF:C8:F5,-58, WPA ,0.000000,0.000000,0.000,0.000,AP
2026-04-03 13:58:00,1900-01-00 00:00:00,0960-wombat,B8:27:EB:FF:C8:F5,-58, WPA ,0.000000,0.000000,0.000,0.000,AP
2026-04-03 13:58:00,1900-01-00 00:00:00,0960-wombat,B8:27:EB:FF:C8:F5,-58, WPA ,0.000000,0.000000,0.000,0.000,AP
2026-04-03 13:58:00,1900-01-00 00:00:00,0960-wombat,B8:27:EB:FF:C8:F5,-58, WPA ,0.000000,0.000000,0.000,0.000,AP
2026-04-03 13:58:00,1900-01-00 00:00:00,0960-wombat,B8:27:EB:FF:C8:F5,-59, WPA ,0.000000,0.000000,0.000,0.000,AP
2026-04-03 13:58:00,1900-01-00 00:00:00,0960-wombat,B8:27:EB:FF:C8:F5,-53, WPA ,0.000000,0.000000,0.000,0.000,AP
2026-04-03 13:58:00,1900-01-00 00:00:00,0960-wombat,B8:27:EB:FF:C8:F5,-53, WPA ,0.000000,0.000000,0.000,0.000,AP
2026-04-03 13:58:00,1900-01-00 00:00:00,0960-wombat,B8:27:EB:FF:C8:F5,-53, WPA ,0.000000,0.000000,0.000,0.000,AP
2026-04-03 13:58:00,1900-01-00 00:00:00,0960-wombat,B8:27:EB:FF:C8:F5,-53, WPA ,0.000000,0.000000,0.000,0.000,AP
2026-04-03 13:58:00,1900-01-00 00:00:00,0960-wombat,B8:27:EB:FF:C8:F5,-60, WPA ,0.000000,0.000000,0.000,0.000,AP
2026-04-03 13:58:00,1900-01-00 00:00:00,0960-wombat,B8:27:EB:FF:C8:F5,-60, WPA ,0.000000,0.000000,0.000,0.000,AP
2026-04-03 13:58:00,1900-01-00 00:00:00,0960-wombat,B8:27:EB:FF:C8:F5,-60, WPA ,0.000000,0.000000,0.000,0.000,AP
2026-04-03 13:58:00,1900-01-00 00:00:00,0960-wombat,B8:27:EB:FF:C8:F5,-60, WPA ,0.000000,0.000000,0.000,0.000,AP
2026-04-03 13:58:00,1900-01-00 00:00:00,0960-wombat,B8:27:EB:FF:C8:F5,-60, WPA ,0.000000,0.000000,0.000,0.000,AP
2026-04-03 13:58:00,1900-01-00 00:00:00,0960-wombat,B8:27:EB:FF:C8:F5,-60, WPA ,0.000000,0.000000,0.000,0.000,AP
2026-04-03 13:58:00,1900-01-00 00:00:00,0960-wombat,B8:27:EB:FF:C8:F5,-62, WPA ,0.000000,0.000000,0.000,0.000,AP
2026-04-03 13:58:00,1900-01-00 00:00:00,0960-wombat,B8:27:EB:FF:C8:F5,-62, WPA ,0.000000,0.000000,0.000,0.000,AP
2026-04-03 13:58:00,1900-01-00 00:00:00,0960-wombat,B8:27:EB:FF:C8:F5,-62, WPA ,0.000000,0.000000,0.000,0.000,AP
2026-04-03 13:58:00,1900-01-00 00:00:00,0960-wombat,B8:27:EB:FF:C8:F5,-62, WPA ,0.000000,0.000000,0.000,0.000,AP
2026-04-03 13:58:00,1900-01-00 00:00:00,0960-wombat,B8:27:EB:FF:C8:F5,-62, WPA ,0.000000,0.000000,0.000,0.000,AP
2026-04-03 13:58:00,1900-01-00 00:00:00,0960-wombat,B8:27:EB:FF:C8:F5,-62, WPA ,0.000000,0.000000,0.000,0.000,AP
2026-04-03 13:58:00,1900-01-00 00:00:00,0960-wombat,B8:27:EB:FF:C8:F5,-43, WPA ,0.000000,0.000000,0.000,0.000,AP
2026-04-03 13:58:00,1900-01-00 00:00:00,0960-wombat,B8:27:EB:FF:C8:F5,-43, WPA ,0.000000,0.000000,0.000,0.000,AP
2026-04-03 13:58:00,1900-01-00 00:00:00,0960-wombat,B8:27:EB:FF:C8:F5,-58, WPA ,0.000000,0.000000,0.000,0.000,AP
2026-04-03 13:58:00,1900-01-00 00:00:00,0960-wombat,B8:27:EB:FF:C8:F5,-58, WPA ,0.000000,0.000000,0.000,0.000,AP
2026-04-03 13:58:00,1900-01-00 00:00:00,0960-wombat,B8:27:EB:FF:C8:F5,-58, WPA ,0.000000,0.000000,0.000,0.000,AP
2026-04-03 13:58:00,1900-01-00 00:00:00,0960-wombat,B8:27:EB:FF:C8:F5,-58, WPA ,0.000000,0.000000,0.000,0.000,AP
2026-04-03 13:58:00,1900-01-00 00:00:00,0960-wombat,B8:27:EB:FF:C8:F5,-58, WPA ,0.000000,0.000000,0.000,0.000,AP
2026-04-03 13:58:00,1900-01-00 00:00:00,0960-wombat,B8:27:EB:FF:C8:F5,-58, WPA ,0.000000,0.000000,0.000,0.000,AP
2026-04-03 13:58:00,1900-01-00 00:00:00,0960-wombat,B8:27:EB:FF:C8:F5,-59, WPA ,0.000000,0.000000,0.000,0.000,AP
2026-04-03 13:58:00,1900-01-00 00:00:00,0960-wombat,B8:27:EB:FF:C8:F5,-59, WPA ,0.000000,0.000000,0.000,0.000,AP
2026-04-03 13:58:00,1900-01-00 00:00:00,0960-wombat,B8:27:EB:FF:C8:F5,-59, WPA ,0.000000,0.000000,0.000,0.000,AP
2026-04-03 13:58:00,1900-01-00 00:00:00,0960-wombat,B8:27:EB:FF:C8:F5,-59, WPA ,0.000000,0.000000,0.000,0.000,AP
2026-04-03 13:58:00,1900-01-00 00:00:00,0960-wombat,B8:27:EB:FF:C8:F5,-59, WPA ,0.000000,0.000000,0.000,0.000,AP
2026-04-03 13:58:00,1900-01-00 00:00:00,0960-wombat,B8:27:EB:FF:C8:F5,-59, WPA ,0.000000,0.000000,0.000,0.000,AP
2026-04-03 13:58:00,1900-01-00 00:00:00,0960-wombat,B8:27:EB:FF:C8:F5,-51, WPA ,0.000000,0.000000,0.000,0.000,AP
2026-04-03 13:58:00,1900-01-00 00:00:00,0960-wombat,B8:27:EB:FF:C8:F5,-51, WPA ,0.000000,0.000000,0.000,0.000,AP
2026-04-03 13:58:00,1900-01-00 00:00:00,0960-wombat,B8:27:EB:FF:C8:F5,-51, WPA ,0.000000,0.000000,0.000,0.000,AP
2026-04-03 13:58:00,1900-01-00 00:00:00,0960-wombat,B8:27:EB:FF:C8:F5,-51, WPA ,0.000000,0.000000,0.000,0.000,AP
2026-04-03 13:58:00,1900-01-00 00:00:00,0960-wombat,B8:27:EB:FF:C8:F5,-51, WPA ,0.000000,0.000000,0.000,0.000,AP
2026-04-03 13:58:00,1900-01-00 00:00:00,0960-wombat,B8:27:EB:FF:C8:F5,-51, WPA ,0.000000,0.000000,0.000,0.000,AP
2026-04-03 13:58:00,1900-01-00 00:00:00,0960-wombat,B8:27:EB:FF:C8:F5,-51, WPA ,0.000000,0.000000,0.000,0.000,AP
2026-04-03 13:58:00,1900-01-00 00:00:00,0960-wombat,B8:27:EB:FF:C8:F5,-53, WPA ,0.000000,0.000000,0.000,0.000,AP
2026-04-03 13:58:00,1900-01-00 00:00:00,0960-wombat,B8:27:EB:FF:C8:F5,-53, WPA ,0.000000,0.000000,0.000,0.000,AP
2026-04-03 13:58:00,1900-01-00 00:00:00,0960-wombat,B8:27:EB:FF:C8:F5,-53, WPA ,0.000000,0.000000,0.000,0.000,AP
2026-04-03 13:58:00,1900-01-00 00:00:00,0960-wombat,B8:27:EB:FF:C8:F5,-53, WPA ,0.000000,0.000000,0.000,0.000,AP
2026-04-03 13:58:00,1900-01-00 00:00:00,0960-wombat,B8:27:EB:FF:C8:F5,-53, WPA ,0.000000,0.000000,0.000,0.000,AP
2026-04-03 13:58:00,1900-01-00 00:00:00,0960-wombat,B8:27:EB:FF:C8:F5,-53, WPA ,0.000000,0.000000,0.000,0.000,AP
2026-04-03 13:58:00,1900-01-00 00:00:00,0960-wombat,B8:27:EB:FF:C8:F5,-53, WPA ,0.000000,0.000000,0.000,0.000,AP
2026-04-03 13:58:00,1900-01-00 00:00:00,0960-wombat,B8:27:EB:FF:C8:F5,-53, WPA ,0.000000,0.000000,0.000,0.000,AP
2026-04-03 13:58:00,1900-01-00 00:00:00,0960-wombat,B8:27:EB:FF:C8:F5,-53, WPA ,0.000000,0.000000,0.000,0.000,AP
2026-04-03 13:58:00,1900-01-00 00:00:00,0960-wombat,B8:27:EB:FF:C8:F5,-53, WPA ,0.000000,0.000000,0.000,0.000,AP
2026-04-03 13:58:00,1900-01-00 00:00:00,0960-wombat,B8:27:EB:FF:C8:F5,-53, WPA ,0.000000,0.000000,0.000,0.000,AP
2026-04-03 13:58:00,1900-01-00 00:00:00,0960-wombat,B8:27:EB:FF:C8:F5,-53, WPA ,0.000000,0.000000,0.000,0.000,AP
2026-04-03 13:58:00,1900-01-00 00:00:00,0960-wombat,B8:27:EB:FF:C8:F5,-60, WPA ,0.000000,0.000000,0.000,0.000,AP
2026-04-03 13:58:00,1900-01-00 00:00:00,0960-wombat,B8:27:EB:FF:C8:F5,-53, WPA ,0.000000,0.000000,0.000,0.000,AP
2026-04-03 13:58:00,1900-01-00 00:00:00,0960-wombat,B8:27:EB:FF:C8:F5,-53, WPA ,0.000000,0.000000,0.000,0.000,AP
2026-04-03 13:58:00,1900-01-00 00:00:00,0960-wombat,B8:27:EB:FF:C8:F5,-53, WPA ,0.000000,0.000000,0.000,0.000,AP
2026-04-03 13:58:00,1900-01-00 00:00:00,0960-wombat,B8:27:EB:FF:C8:F5,-53, WPA ,0.000000,0.000000,0.000,0.000,AP
2026-04-03 13:58:00,1900-01-00 00:00:00,0960-wombat,B8:27:EB:FF:C8:F5,-60, WPA ,0.000000,0.000000,0.000,0.000,AP
2026-04-03 13:58:00,1900-01-00 00:00:00,0960-wombat,B8:27:EB:FF:C8:F5,-60, WPA ,0.000000,0.000000,0.000,0.000,AP
2026-04-03 13:58:00,1900-01-00 00:00:00,0960-wombat,B8:27:EB:FF:C8:F5,-60, WPA ,0.000000,0.000000,0.000,0.000,AP
2026-04-03 13:58:00,1900-01-00 00:00:00,0960-wombat,B8:27:EB:FF:C8:F5,-60, WPA ,0.000000,0.000000,0.000,0.000,AP
2026-04-03 13:58:00,1900-01-00 00:00:00,0960-wombat,B8:27:EB:FF:C8:F5,-60, WPA ,0.000000,0.000000,0.000,0.000,AP
2026-04-03 13:58:00,1900-01-00 00:00:00,0960-wombat,B8:27:EB:FF:C8:F5,-60, WPA ,0.000000,0.000000,0.000,0.000,AP
2026-04-03 13:58:00,1900-01-00 00:00:00,0960-wombat,B8:27:EB:FF:C8:F5,-60, WPA ,0.000000,0.000000,0.000,0.000,AP
2026-04-03 13:58:00,1900-01-00 00:00:00,0960-wombat,B8:27:EB:FF:C8:F5,-52, WPA ,0.000000,0.000000,0.000,0.000,AP
2026-04-03 13:58:00,1900-01-00 00:00:00,0960-wombat,B8:27:EB:FF:C8:F5,-53, WPA ,0.000000,0.000000,0.000,0.000,AP
2026-04-03 13:58:00,1900-01-00 00:00:00,0960-wombat,B8:27:EB:FF:C8:F5,-53, WPA ,0.000000,0.000000,0.000,0.000,AP
2026-04-03 13:58:00,1900-01-00 00:00:00,0960-wombat,B8:27:EB:FF:C8:F5,-53, WPA ,0.000000,0.000000,0.000,0.000,AP
2026-04-03 13:58:00,1900-01-00 00:00:00,0960-wombat,B8:27:EB:FF:C8:F5,-58, WPA ,0.000000,0.000000,0.000,0.000,AP
2026-04-03 13:58:00,1900-01-00 00:00:00,0960-wombat,B8:27:EB:FF:C8:F5,-58, WPA ,0.000000,0.000000,0.000,0.000,AP
2026-04-03 13:58:00,1900-01-00 00:00:00,0960-wombat,B8:27:EB:FF:C8:F5,-53, WPA ,0.000000,0.000000,0.000,0.000,AP
2026-04-03 13:58:00,1900-01-00 00:00:00,0960-wombat,B8:27:EB:FF:C8:F5,-61, WPA ,0.000000,0.000000,0.000,0.000,AP
2026-04-03 13:58:00,1900-01-00 00:00:00,0960-wombat,B8:27:EB:FF:C8:F5,-53, WPA ,0.000000,0.000000,0.000,0.000,AP
2026-04-03 13:58:00,1900-01-00 00:00:00,0960-wombat,B8:27:EB:FF:C8:F5,-53, WPA ,0.000000,0.000000,0.000,0.000,AP
2026-04-03 13:58:00,1900-01-00 00:00:00,0960-wombat,B8:27:EB:FF:C8:F5,-53, WPA ,0.000000,0.000000,0.000,0.000,AP
2026-04-03 13:58:00,1900-01-00 00:00:00,0960-wombat,B8:27:EB:FF:C8:F5,-53, WPA ,0.000000,0.000000,0.000,0.000,AP
2026-04-03 13:58:00,1900-01-00 00:00:00,0960-wombat,B8:27:EB:FF:C8:F5,-53, WPA ,0.000000,0.000000,0.000,0.000,AP
2026-04-03 13:58:00,1900-01-00 00:00:00,0960-wombat,B8:27:EB:FF:C8:F5,-62, WPA ,0.000000,0.000000,0.000,0.000,AP
2026-04-03 13:58:00,1900-01-00 00:00:00,0960-wombat,B8:27:EB:FF:C8:F5,-53, WPA ,0.000000,0.000000,0.000,0.000,AP
2026-04-03 13:58:00,1900-01-00 00:00:00,0960-wombat,B8:27:EB:FF:C8:F5,-53, WPA ,0.000000,0.000000,0.000,0.000,AP
2026-04-03 13:58:00,1900-01-00 00:00:00,0960-wombat,B8:27:EB:FF:C8:F5,-53, WPA ,0.000000,0.000000,0.000,0.000,AP
2026-04-03 13:58:00,1900-01-00 00:00:00,0960-wombat,B8:27:EB:FF:C8:F5,-53, WPA ,0.000000,0.000000,0.000,0.000,AP
2026-04-03 13:58:00,1900-01-00 00:00:00,0960-wombat,B8:27:EB:FF:C8:F5,-53, WPA ,0.000000,0.000000,0.000,0.000,AP
2026-04-03 13:58:00,1900-01-00 00:00:00,0960-wombat,B8:27:EB:FF:C8:F5,-42, WPA ,0.000000,0.000000,0.000,0.000,AP
2026-04-03 13:58:00,1900-01-00 00:00:00,0960-wombat,B8:27:EB:FF:C8:F5,-42, WPA ,0.000000,0.000000,0.000,0.000,AP
2026-04-03 13:58:00,1900-01-00 00:00:00,0960-wombat,B8:27:EB:FF:C8:F5,-57, WPA ,0.000000,0.000000,0.000,0.000,AP
2026-04-03 13:58:00,1900-01-00 00:00:00,0960-wombat,B8:27:EB:FF:C8:F5,-57, WPA ,0.000000,0.000000,0.000,0.000,AP
2026-04-03 13:58:00,1900-01-00 00:00:00,0960-wombat,B8:27:EB:FF:C8:F5,-57, WPA ,0.000000,0.000000,0.000,0.000,AP
2026-04-03 13:58:00,1900-01-00 00:00:00,0960-wombat,B8:27:EB:FF:C8:F5,-57, WPA ,0.000000,0.000000,0.000,0.000,AP
2026-04-03 13:58:00,1900-01-00 00:00:00,0960-wombat,B8:27:EB:FF:C8:F5,-57, WPA ,0.000000,0.000000,0.000,0.000,AP
2026-04-03 13:58:00,1900-01-00 00:00:00,0960-wombat,B8:27:EB:FF:C8:F5,-57, WPA ,0.000000,0.000000,0.000,0.000,AP
2026-04-03 13:58:00,1900-01-00 00:00:00,0960-wombat,B8:27:EB:FF:C8:F5,-59, WPA ,0.000000,0.000000,0.000,0.000,AP
2026-04-03 13:58:00,1900-01-00 00:00:00,0960-wombat,B8:27:EB:FF:C8:F5,-59, WPA ,0.000000,0.000000,0.000,0.000,AP
2026-04-03 13:58:00,1900-01-00 00:00:00,0960-wombat,B8:27:EB:FF:C8:F5,-59, WPA ,0.000000,0.000000,0.000,0.000,AP
2026-04-03 13:58:00,1900-01-00 00:00:00,0960-wombat,B8:27:EB:FF:C8:F5,-59, WPA ,0.000000,0.000000,0.000,0.000,AP
2026-04-03 13:58:00,1900-01-00 00:00:00,0960-wombat,B8:27:EB:FF:C8:F5,-59, WPA ,0.000000,0.000000,0.000,0.000,AP
2026-04-03 13:58:00,1900-01-00 00:00:00,0960-wombat,B8:27:EB:FF:C8:F5,-59, WPA ,0.000000,0.000000,0.000,0.000,AP
2026-04-03 13:58:00,1900-01-00 00:00:00,0960-wombat,B8:27:EB:FF:C8:F5,-59, WPA ,0.000000,0.000000,0.000,0.000,AP
2026-04-03 13:58:00,1900-01-00 00:00:00,0960-wombat,B8:27:EB:FF:C8:F5,-59, WPA ,0.000000,0.000000,0.000,0.000,AP
2026-04-03 13:58:00,1900-01-00 00:00:00,0960-wombat,B8:27:EB:FF:C8:F5,-59, WPA ,0.000000,0.000000,0.000,0.000,AP
2026-04-03 13:58:00,1900-01-00 00:00:00,0960-wombat,B8:27:EB:FF:C8:F5,-59, WPA ,0.000000,0.000000,0.000,0.000,AP
2026-04-03 13:58:00,1900-01-00 00:00:00,0960-wombat,B8:27:EB:FF:C8:F5,-59, WPA ,0.000000,0.000000,0.000,0.000,AP
2026-04-03 13:58:00,1900-01-00 00:00:00,0960-wombat,B8:27:EB:FF:C8:F5,-59, WPA ,0.000000,0.000000,0.000,0.000,AP
2026-04-03 13:58:00,1900-01-00 00:00:00,0960-wombat,B8:27:EB:FF:C8:F5,-59, WPA ,0.000000,0.000000,0.000,0.000,AP
2026-04-03 13:58:00,1900-01-00 00:00:00,0960-wombat,B8:27:EB:FF:C8:F5,-59, WPA ,0.000000,0.000000,0.000,0.000,AP
2026-04-03 13:58:00,1900-01-00 00:00:00,0960-wombat,B8:27:EB:FF:C8:F5,-59, WPA ,0.000000,0.000000,0.000,0.000,AP
2026-04-03 13:58:00,1900-01-00 00:00:00,0960-wombat,B8:27:EB:FF:C8:F5,-59, WPA ,0.000000,0.000000,0.000,0.000,AP
2026-04-03 13:58:00,1900-01-00 00:00:00,0960-wombat,B8:27:EB:FF:C8:F5,-59, WPA ,0.000000,0.000000,0.000,0.000,AP
2026-04-03 13:58:00,1900-01-00 00:00:00,0960-wombat,B8:27:EB:FF:C8:F5,-59, WPA ,0.000000,0.000000,0.000,0.000,AP
2026-04-03 13:58:00,1900-01-00 00:00:00,0960-wombat,B8:27:EB:FF:C8:F5,-53, WPA ,0.000000,0.000000,0.000,0.000,AP
2026-04-03 13:58:00,1900-01-00 00:00:00,0960-wombat,B8:27:EB:FF:C8:F5,-53, WPA ,0.000000,0.000000,0.000,0.000,AP
2026-04-03 13:58:00,1900-01-00 00:00:00,0960-wombat,B8:27:EB:FF:C8:F5,-53, WPA ,0.000000,0.000000,0.000,0.000,AP
2026-04-03 13:58:00,1900-01-00 00:00:00,0960-wombat,B8:27:EB:FF:C8:F5,-53, WPA ,0.000000,0.000000,0.000,0.000,AP
2026-04-03 13:58:00,1900-01-00 00:00:00,0960-wombat,B8:27:EB:FF:C8:F5,-62, WPA ,0.000000,0.000000,0.000,0.000,AP
2026-04-03 13:58:00,1900-01-00 00:00:00,0960-wombat,B8:27:EB:FF:C8:F5,-62, WPA ,0.000000,0.000000,0.000,0.000,AP
2026-04-03 13:58:00,1900-01-00 00:00:00,0960-wombat,B8:27:EB:FF:C8:F5,-62, WPA ,0.000000,0.000000,0.000,0.000,AP
2026-04-03 13:58:00,1900-01-00 00:00:00,0960-wombat,B8:27:EB:FF:C8:F5,-59, WPA ,0.000000,0.000000,0.000,0.000,AP
2026-04-03 13:58:00,1900-01-00 00:00:00,0960-wombat,B8:27:EB:FF:C8:F5,-53, WPA ,0.000000,0.000000,0.000,0.000,AP
2026-04-03 13:58:00,1900-01-00 00:00:00,0960-wombat,B8:27:EB:FF:C8:F5,-53, WPA ,0.000000,0.000000,0.000,0.000,AP
2026-04-03 13:58:00,1900-01-00 00:00:00,0960-wombat,B8:27:EB:FF:C8:F5,-52, WPA ,0.000000,0.000000,0.000,0.000,AP
2026-04-03 13:58:00,1900-01-00 00:00:00,0960-wombat,B8:27:EB:FF:C8:F5,-52, WPA ,0.000000,0.000000,0.000,0.000,AP
2026-04-03 13:58:00,1900-01-00 00:00:00,0960-wombat,B8:27:EB:FF:C8:F5,-61, WPA ,0.000000,0.000000,0.000,0.000,AP
2026-04-03 13:58:00,1900-01-00 00:00:00,0960-wombat,B8:27:EB:FF:C8:F5,-61, WPA ,0.000000,0.000000,0.000,0.000,AP
2026-04-03 13:58:00,1900-01-00 00:00:00,0960-wombat,B8:27:EB:FF:C8:F5,-61, WPA ,0.000000,0.000000,0.000,0.000,AP
2026-04-03 13:58:00,1900-01-00 00:00:00,0960-wombat,B8:27:EB:FF:C8:F5,-61, WPA ,0.000000,0.000000,0.000,0.000,AP
2026-04-03 13:58:00,1900-01-00 00:00:00,0960-wombat,B8:27:EB:FF:C8:F5,-61, WPA ,0.000000,0.000000,0.000,0.000,AP
2026-04-03 13:58:00,1900-01-00 00:00:00,0960-wombat,B8:27:EB:FF:C8:F5,-61, WPA ,0.000000,0.000000,0.000,0.000,AP
2026-04-03 13:58:00,1900-01-00 00:00:00,0960-wombat,B8:27:EB:FF:C8:F5,-61, WPA ,0.000000,0.000000,0.000,0.000,AP
2026-04-03 13:58:00,1900-01-00 00:00:00,0960-wombat,B8:27:EB:FF:C8:F5,-62, WPA ,0.000000,0.000000,0.000,0.000,AP
2026-04-03 13:58:00,1900-01-00 00:00:00,0960-wombat,B8:27:EB:FF:C8:F5,-62, WPA ,0.000000,0.000000,0.000,0.000,AP
2026-04-03 13:58:00,1900-01-00 00:00:00,0960-wombat,B8:27:EB:FF:C8:F5,-62, WPA ,0.000000,0.000000,0.000,0.000,AP
2026-04-03 13:58:00,1900-01-00 00:00:00,0960-wombat,B8:27:EB:FF:C8:F5,-62, WPA ,0.000000,0.000000,0.000,0.000,AP
2026-04-03 13:58:00,1900-01-00 00:00:00,0960-wombat,B8:27:EB:FF:C8:F5,-62, WPA ,0.000000,0.000000,0.000,0.000,AP
2026-04-03 13:58:00,1900-01-00 00:00:00,0960-wombat,B8:27:EB:FF:C8:F5,-42, WPA ,0.000000,0.000000,0.000,0.000,AP
2026-04-03 13:58:00,1900-01-00 00:00:00,0960-wombat,B8:27:EB:FF:C8:F5,-42, WPA ,0.000000,0.000000,0.000,0.000,AP
2026-04-03 13:58:00,1900-01-00 00:00:00,0960-wombat,B8:27:EB:FF:C8:F5,-58, WPA ,0.000000,0.000000,0.000,0.000,AP
2026-04-03 13:58:00,1900-01-00 00:00:00,0960-wombat,B8:27:EB:FF:C8:F5,-58, WPA ,0.000000,0.000000,0.000,0.000,AP
2026-04-03 13:58:00,1900-01-00 00:00:00,0960-wombat,B8:27:EB:FF:C8:F5,-58, WPA ,0.000000,0.000000,0.000,0.000,AP
2026-04-03 13:58:00,1900-01-00 00:00:00,0960-wombat,B8:27:EB:FF:C8:F5,-58, WPA ,0.000000,0.000000,0.000,0.000,AP
2026-04-03 13:58:00,1900-01-00 00:00:00,0960-wombat,B8:27:EB:FF:C8:F5,-58, WPA ,0.000000,0.000000,0.000,0.000,AP
2026-04-03 13:58:00,1900-01-00 00:00:00,0960-wombat,B8:27:EB:FF:C8:F5,-58, WPA ,0.000000,0.000000,0.000,0.000,AP
2026-04-03 13:58:00,1900-01-00 00:00:00,0960-wombat,B8:27:EB:FF:C8:F5,-60, WPA ,0.000000,0.000000,0.000,0.000,AP
2026-04-03 13:58:00,1900-01-00 00:00:00,0960-wombat,B8:27:EB:FF:C8:F5,-60, WPA ,0.000000,0.000000,0.000,0.000,AP
2026-04-03 13:58:00,1900-01-00 00:00:00,0960-wombat,B8:27:EB:FF:C8:F5,-60, WPA ,0.000000,0.000000,0.000,0.000,AP
2026-04-03 13:58:00,1900-01-00 00:00:00,0960-wombat,B8:27:EB:FF:C8:F5,-60, WPA ,0.000000,0.000000,0.000,0.000,AP
2026-04-03 13:58:00,1900-01-00 00:00:00,0960-wombat,B8:27:EB:FF:C8:F5,-60, WPA ,0.000000,0.000000,0.000,0.000,AP
2026-04-03 13:58:00,1900-01-00 00:00:00,0960-wombat,B8:27:EB:FF:C8:F5,-60, WPA ,0.000000,0.000000,0.000,0.000,AP
2026-04-03 13:58:00,1900-01-00 00:00:00,0960-wombat,B8:27:EB:FF:C8:F5,-60, WPA ,0.000000,0.000000,0.000,0.000,AP
2026-04-03 13:58:00,1900-01-00 00:00:00,0960-wombat,B8:27:EB:FF:C8:F5,-60, WPA ,0.000000,0.000000,0.000,0.000,AP
2026-04-03 13:58:00,1900-01-00 00:00:00,0960-wombat,B8:27:EB:FF:C8:F5,-60, WPA ,0.000000,0.000000,0.000,0.000,AP
2026-04-03 13:58:00,1900-01-00 00:00:00,0960-wombat,B8:27:EB:FF:C8:F5,-60, WPA ,0.000000,0.000000,0.000,0.000,AP
2026-04-03 13:58:00,1900-01-00 00:00:00,0960-wombat,B8:27:EB:FF:C8:F5,-60, WPA ,0.000000,0.000000,0.000,0.000,AP
2026-04-03 13:58:00,1900-01-00 00:00:00,0960-wombat,B8:27:EB:FF:C8:F5,-60, WPA ,0.000000,0.000000,0.000,0.000,AP
2026-04-03 13:58:00,1900-01-00 00:00:00,0960-wombat,B8:27:EB:FF:C8:F5,-60, WPA ,0.000000,0.000000,0.000,0.000,AP
2026-04-03 13:58:00,1900-01-00 00:00:00,0960-wombat,B8:27:EB:FF:C8:F5,-60, WPA ,0.000000,0.000000,0.000,0.000,AP
2026-04-03 13:58:00,1900-01-00 00:00:00,0960-wombat,B8:27:EB:FF:C8:F5,-60, WPA ,0.000000,0.000000,0.000,0.000,AP
2026-04-03 13:58:00,1900-01-00 00:00:00,0960-wombat,B8:27:EB:FF:C8:F5,-60, WPA ,0.000000,0.000000,0.000,0.000,AP
2026-04-03 13:58:00,1900-01-00 00:00:00,0960-wombat,B8:27:EB:FF:C8:F5,-60, WPA ,0.000000,0.000000,0.000,0.000,AP
2026-04-03 13:58:00,1900-01-00 00:00:00,0960-wombat,B8:27:EB:FF:C8:F5,-60, WPA ,0.000000,0.000000,0.000,0.000,AP
2026-04-03 13:58:00,1900-01-00 00:00:00,0960-wombat,B8:27:EB:FF:C8:F5,-52, WPA ,0.000000,0.000000,0.000,0.000,AP
2026-04-03 13:58:00,1900-01-00 00:00:00,0960-wombat,B8:27:EB:FF:C8:F5,-53, WPA ,0.000000,0.000000,0.000,0.000,AP
2026-04-03 13:58:00,1900-01-00 00:00:00,0960-wombat,B8:27:EB:FF:C8:F5,-53, WPA ,0.000000,0.000000,0.000,0.000,AP
2026-04-03 13:58:00,1900-01-00 00:00:00,0960-wombat,B8:27:EB:FF:C8:F5,-53, WPA ,0.000000,0.000000,0.000,0.000,AP
2026-04-03 13:58:00,1900-01-00 00:00:00,0960-wombat,B8:27:EB:FF:C8:F5,-53, WPA ,0.000000,0.000000,0.000,0.000,AP
2026-04-03 13:58:00,1900-01-00 00:00:00,0960-wombat,B8:27:EB:FF:C8:F5,-53, WPA ,0.000000,0.000000,0.000,0.000,AP
2026-04-03 13:58:00,1900-01-00 00:00:00,0960-wombat,B8:27:EB:FF:C8:F5,-53, WPA ,0.000000,0.000000,0.000,0.000,AP
2026-04-03 13:58:00,1900-01-00 00:00:00,0960-wombat,B8:27:EB:FF:C8:F5,-59, WPA ,0.000000,0.000000,0.000,0.000,AP
2026-04-03 13:58:00,1900-01-00 00:00:00,0960-wombat,B8:27:EB:FF:C8:F5,-53, WPA ,0.000000,0.000000,0.000,0.000,AP
2026-04-03 13:58:00,1900-01-00 00:00:00,0960-wombat,B8:27:EB:FF:C8:F5,-52, WPA ,0.000000,0.000000,0.000,0.000,AP
2026-04-03 13:58:00,1900-01-00 00:00:00,0960-wombat,B8:27:EB:FF:C8:F5,-52, WPA ,0.000000,0.000000,0.000,0.000,AP
2026-04-03 13:58:00,1900-01-00 00:00:00,0960-wombat,B8:27:EB:FF:C8:F5,-52, WPA ,0.000000,0.000000,0.000,0.000,AP
2026-04-03 13:58:00,1900-01-00 00:00:00,0960-wombat,B8:27:EB:FF:C8:F5,-52, WPA ,0.000000,0.000000,0.000,0.000,AP
2026-04-03 13:58:00,1900-01-00 00:00:00,0960-wombat,B8:27:EB:FF:C8:F5,-62, WPA ,0.000000,0.000000,0.000,0.000,AP
2026-04-03 13:58:00,1900-01-00 00:00:00,0960-wombat,B8:27:EB:FF:C8:F5,-62, WPA ,0.000000,0.000000,0.000,0.000,AP
2026-04-03 13:58:00,1900-01-00 00:00:00,0960-wombat,B8:27:EB:FF:C8:F5,-62, WPA ,0.000000,0.000000,0.000,0.000,AP
2026-04-03 13:58:00,1900-01-00 00:00:00,0960-wombat,B8:27:EB:FF:C8:F5,-62, WPA ,0.000000,0.000000,0.000,0.000,AP
2026-04-03 13:58:00,1900-01-00 00:00:00,0960-wombat,B8:27:EB:FF:C8:F5,-62, WPA ,0.000000,0.000000,0.000,0.000,AP
2026-04-03 13:58:00,1900-01-00 00:00:00,0960-wombat,B8:27:EB:FF:C8:F5,-62, WPA ,0.000000,0.000000,0.000,0.000,AP
2026-04-03 13:58:00,1900-01-00 00:00:00,0960-wombat,B8:27:EB:FF:C8:F5,-51, WPA ,0.000000,0.000000,0.000,0.000,AP
2026-04-03 13:58:00,1900-01-00 00:00:00,0960-wombat,B8:27:EB:FF:C8:F5,-51, WPA ,0.000000,0.000000,0.000,0.000,AP
2026-04-03 13:58:00,1900-01-00 00:00:00,0960-wombat,B8:27:EB:FF:C8:F5,-51, WPA ,0.000000,0.000000,0.000,0.000,AP
2026-04-03 13:58:00,1900-01-00 00:00:00,0960-wombat,B8:27:EB:FF:C8:F5,-58, WPA ,0.000000,0.000000,0.000,0.000,AP
2026-04-03 13:58:00,1900-01-00 00:00:00,0960-wombat,B8:27:EB:FF:C8:F5,-58, WPA ,0.000000,0.000000,0.000,0.000,AP
2026-04-03 13:58:00,1900-01-00 00:00:00,0960-wombat,B8:27:EB:FF:C8:F5,-58, WPA ,0.000000,0.000000,0.000,0.000,AP
2026-04-03 13:58:00,1900-01-00 00:00:00,0960-wombat,B8:27:EB:FF:C8:F5,-42, WPA ,0.000000,0.000000,0.000,0.000,AP
2026-04-03 13:58:00,1900-01-00 00:00:00,0960-wombat,B8:27:EB:FF:C8:F5,-42, WPA ,0.000000,0.000000,0.000,0.000,AP
2026-04-03 13:58:00,1900-01-00 00:00:00,0960-wombat,B8:27:EB:FF:C8:F5,-57, WPA ,0.000000,0.000000,0.000,0.000,AP
2026-04-03 13:58:00,1900-01-00 00:00:00,0960-wombat,B8:27:EB:FF:C8:F5,-57, WPA ,0.000000,0.000000,0.000,0.000,AP
2026-04-03 13:58:00,1900-01-00 00:00:00,0960-wombat,B8:27:EB:FF:C8:F5,-57, WPA ,0.000000,0.000000,0.000,0.000,AP
2026-04-03 13:58:00,1900-01-00 00:00:00,0960-wombat,B8:27:EB:FF:C8:F5,-57, WPA ,0.000000,0.000000,0.000,0.000,AP
2026-04-03 13:58:00,1900-01-00 00:00:00,0960-wombat,B8:27:EB:FF:C8:F5,-57, WPA ,0.000000,0.000000,0.000,0.000,AP
2026-04-03 13:58:00,1900-01-00 00:00:00,0960-wombat,B8:27:EB:FF:C8:F5,-60, WPA ,0.000000,0.000000,0.000,0.000,AP
2026-04-03 13:58:00,1900-01-00 00:00:00,0960-wombat,B8:27:EB:FF:C8:F5,-60, WPA ,0.000000,0.000000,0.000,0.000,AP
2026-04-03 13:58:00,1900-01-00 00:00:00,0960-wombat,B8:27:EB:FF:C8:F5,-60, WPA ,0.000000,0.000000,0.000,0.000,AP
2026-04-03 13:58:00,1900-01-00 00:00:00,0960-wombat,B8:27:EB:FF:C8:F5,-60, WPA ,0.000000,0.000000,0.000,0.000,AP
2026-04-03 13:58:00,1900-01-00 00:00:00,0960-wombat,B8:27:EB:FF:C8:F5,-60, WPA ,0.000000,0.000000,0.000,0.000,AP
2026-04-03 13:58:00,1900-01-00 00:00:00,0960-wombat,B8:27:EB:FF:C8:F5,-60, WPA ,0.000000,0.000000,0.000,0.000,AP
2026-04-03 13:58:00,1900-01-00 00:00:00,0960-wombat,B8:27:EB:FF:C8:F5,-60, WPA ,0.000000,0.000000,0.000,0.000,AP
2026-04-03 13:58:00,1900-01-00 00:00:00,0960-wombat,B8:27:EB:FF:C8:F5,-60, WPA ,0.000000,0.000000,0.000,0.000,AP
2026-04-03 13:58:00,1900-01-00 00:00:00,0960-wombat,B8:27:EB:FF:C8:F5,-60, WPA ,0.000000,0.000000,0.000,0.000,AP
2026-04-03 13:58:00,1900-01-00 00:00:00,0960-wombat,B8:27:EB:FF:C8:F5,-60, WPA ,0.000000,0.000000,0.000,0.000,AP
2026-04-03 13:58:00,1900-01-00 00:00:00,0960-wombat,B8:27:EB:FF:C8:F5,-59, WPA ,0.000000,0.000000,0.000,0.000,AP
2026-04-03 13:58:00,1900-01-00 00:00:00,0960-wombat,B8:27:EB:FF:C8:F5,-57, WPA ,0.000000,0.000000,0.000,0.000,AP
2026-04-03 13:58:00,1900-01-00 00:00:00,0960-wombat,B8:27:EB:FF:C8:F5,-57, WPA ,0.000000,0.000000,0.000,0.000,AP
2026-04-03 13:58:00,1900-01-00 00:00:00,0960-wombat,B8:27:EB:FF:C8:F5,-57, WPA ,0.000000,0.000000,0.000,0.000,AP
2026-04-03 13:58:00,1900-01-00 00:00:00,0960-wombat,B8:27:EB:FF:C8:F5,-59, WPA ,0.000000,0.000000,0.000,0.000,AP
2026-04-03 13:58:00,1900-01-00 00:00:00,0960-wombat,B8:27:EB:FF:C8:F5,-59, WPA ,0.000000,0.000000,0.000,0.000,AP
2026-04-03 13:58:00,1900-01-00 00:00:00,0960-wombat,B8:27:EB:FF:C8:F5,-62, WPA ,0.000000,0.000000,0.000,0.000,AP
2026-04-03 13:58:00,1900-01-00 00:00:00,0960-wombat,B8:27:EB:FF:C8:F5,-62, WPA ,0.000000,0.000000,0.000,0.000,AP
2026-04-03 13:58:00,1900-01-00 00:00:00,0960-wombat,B8:27:EB:FF:C8:F5,-62, WPA ,0.000000,0.000000,0.000,0.000,AP
2026-04-03 13:58:00,1900-01-00 00:00:00,0960-wombat,B8:27:EB:FF:C8:F5,-62, WPA ,0.000000,0.000000,0.000,0.000,AP
2026-04-03 13:58:00,1900-01-00 00:00:00,0960-wombat,B8:27:EB:FF:C8:F5,-62, WPA ,0.000000,0.000000,0.000,0.000,AP
2026-04-03 13:58:00,1900-01-00 00:00:00,0960-wombat,B8:27:EB:FF:C8:F5,-62, WPA ,0.000000,0.000000,0.000,0.000,AP
2026-04-03 13:58:00,1900-01-00 00:00:00,0960-wombat,B8:27:EB:FF:C8:F5,-62, WPA ,0.000000,0.000000,0.000,0.000,AP
2026-04-03 13:58:00,1900-01-00 00:00:00,0960-wombat,B8:27:EB:FF:C8:F5,-62, WPA ,0.000000,0.000000,0.000,0.000,AP
2026-04-03 13:58:00,1900-01-00 00:00:00,0960-wombat,B8:27:EB:FF:C8:F5,-62, WPA ,0.000000,0.000000,0.000,0.000,AP
2026-04-03 13:58:00,1900-01-00 00:00:00,0960-wombat,B8:27:EB:FF:C8:F5,-62, WPA ,0.000000,0.000000,0.000,0.000,AP
2026-04-03 13:58:00,1900-01-00 00:00:00,0960-wombat,B8:27:EB:FF:C8:F5,-62, WPA ,0.000000,0.000000,0.000,0.000,AP
2026-04-03 13:58:00,1900-01-00 00:00:00,0960-wombat,B8:27:EB:FF:C8:F5,-62, WPA ,0.000000,0.000000,0.000,0.000,AP
2026-04-03 13:58:00,1900-01-00 00:00:00,0960-wombat,B8:27:EB:FF:C8:F5,-62, WPA ,0.000000,0.000000,0.000,0.000,AP
2026-04-03 13:58:00,1900-01-00 00:00:00,0960-wombat,B8:27:EB:FF:C8:F5,-62, WPA ,0.000000,0.000000,0.000,0.000,AP
2026-04-03 13:58:00,1900-01-00 00:00:00,0960-wombat,B8:27:EB:FF:C8:F5,-62, WPA ,0.000000,0.000000,0.000,0.000,AP
2026-04-03 13:58:00,1900-01-00 00:00:00,0960-wombat,B8:27:EB:FF:C8:F5,-62, WPA ,0.000000,0.000000,0.000,0.000,AP
2026-04-03 13:58:00,1900-01-00 00:00:00,0960-wombat,B8:27:EB:FF:C8:F5,-62, WPA ,0.000000,0.000000,0.000,0.000,AP
2026-04-03 13:58:00,1900-01-00 00:00:00,0960-wombat,B8:27:EB:FF:C8:F5,-62, WPA ,0.000000,0.000000,0.000,0.000,AP
2026-04-03 13:58:00,1900-01-00 00:00:00,0960-wombat,B8:27:EB:FF:C8:F5,-62, WPA ,0.000000,0.000000,0.000,0.000,AP
2026-04-03 13:58:00,1900-01-00 00:00:00,0960-wombat,B8:27:EB:FF:C8:F5,-62, WPA ,0.000000,0.000000,0.000,0.000,AP
2026-04-03 13:58:00,1900-01-00 00:00:00,0960-wombat,B8:27:EB:FF:C8:F5,-62, WPA ,0.000000,0.000000,0.000,0.000,AP
2026-04-03 13:58:00,1900-01-00 00:00:00,0960-wombat,B8:27:EB:FF:C8:F5,-62, WPA ,0.000000,0.000000,0.000,0.000,AP
2026-04-03 13:58:00,1900-01-00 00:00:00,0960-wombat,B8:27:EB:FF:C8:F5,-62, WPA ,0.000000,0.000000,0.000,0.000,AP
2026-04-03 13:58:00,1900-01-00 00:00:00,0960-wombat,B8:27:EB:FF:C8:F5,-62, WPA ,0.000000,0.000000,0.000,0.000,AP
2026-04-03 13:58:00,1900-01-00 00:00:00,0960-wombat,B8:27:EB:FF:C8:F5,-53, WPA ,0.000000,0.000000,0.000,0.000,AP
2026-04-03 13:58:00,1900-01-00 00:00:00,0960-wombat,B8:27:EB:FF:C8:F5,-53, WPA ,0.000000,0.000000,0.000,0.000,AP
2026-04-03 13:58:00,1900-01-00 00:00:00,0960-wombat,B8:27:EB:FF:C8:F5,-53, WPA ,0.000000,0.000000,0.000,0.000,AP
2026-04-03 13:58:01,1900-01-00 00:00:00,0960-wombat,B8:27:EB:FF:C8:F5,-53, WPA ,0.000000,0.000000,0.000,0.000,AP
2026-04-03 13:58:01,1900-01-00 00:00:00,0960-wombat,B8:27:EB:FF:C8:F5,-53, WPA ,0.000000,0.000000,0.000,0.000,AP
2026-04-03 13:58:01,1900-01-00 00:00:00,0960-wombat,B8:27:EB:FF:C8:F5,-61, WPA ,0.000000,0.000000,0.000,0.000,AP
2026-04-03 13:58:01,1900-01-00 00:00:00,0960-wombat,B8:27:EB:FF:C8:F5,-61, WPA ,0.000000,0.000000,0.000,0.000,AP
2026-04-03 13:58:01,1900-01-00 00:00:00,0960-wombat,B8:27:EB:FF:C8:F5,-61, WPA ,0.000000,0.000000,0.000,0.000,AP
2026-04-03 13:58:01,1900-01-00 00:00:00,0960-wombat,B8:27:EB:FF:C8:F5,-61, WPA ,0.000000,0.000000,0.000,0.000,AP
2026-04-03 13:58:01,1900-01-00 00:00:00,0960-wombat,B8:27:EB:FF:C8:F5,-61, WPA ,0.000000,0.000000,0.000,0.000,AP
2026-04-03 13:58:01,1900-01-00 00:00:00,0960-wombat,B8:27:EB:FF:C8:F5,-61, WPA ,0.000000,0.000000,0.000,0.000,AP
2026-04-03 13:58:01,1900-01-00 00:00:00,0960-wombat,B8:27:EB:FF:C8:F5,-62, WPA ,0.000000,0.000000,0.000,0.000,AP
2026-04-03 13:58:01,1900-01-00 00:00:00,0960-wombat,B8:27:EB:FF:C8:F5,-62, WPA ,0.000000,0.000000,0.000,0.000,AP
2026-04-03 13:58:01,1900-01-00 00:00:00,0960-wombat,B8:27:EB:FF:C8:F5,-62, WPA ,0.000000,0.000000,0.000,0.000,AP
2026-04-03 13:58:01,1900-01-00 00:00:00,0960-wombat,B8:27:EB:FF:C8:F5,-62, WPA ,0.000000,0.000000,0.000,0.000,AP
2026-04-03 13:58:01,1900-01-00 00:00:00,0960-wombat,B8:27:EB:FF:C8:F5,-62, WPA ,0.000000,0.000000,0.000,0.000,AP
2026-04-03 13:58:01,1900-01-00 00:00:00,0960-wombat,B8:27:EB:FF:C8:F5,-42, WPA ,0.000000,0.000000,0.000,0.000,AP
2026-04-03 13:58:01,1900-01-00 00:00:00,0960-wombat,B8:27:EB:FF:C8:F5,-42, WPA ,0.000000,0.000000,0.000,0.000,AP
2026-04-03 13:58:01,1900-01-00 00:00:00,0960-wombat,B8:27:EB:FF:C8:F5,-42, WPA ,0.000000,0.000000,0.000,0.000,AP
2026-04-03 13:58:01,1900-01-00 00:00:00,0960-wombat,B8:27:EB:FF:C8:F5,-56, WPA ,0.000000,0.000000,0.000,0.000,AP
2026-04-03 13:58:01,1900-01-00 00:00:00,0960-wombat,B8:27:EB:FF:C8:F5,-56, WPA ,0.000000,0.000000,0.000,0.000,AP
2026-04-03 13:58:01,1900-01-00 00:00:00,0960-wombat,B8:27:EB:FF:C8:F5,-56, WPA ,0.000000,0.000000,0.000,0.000,AP
2026-04-03 13:58:01,1900-01-00 00:00:00,0960-wombat,B8:27:EB:FF:C8:F5,-56, WPA ,0.000000,0.000000,0.000,0.000,AP
2026-04-03 13:58:01,1900-01-00 00:00:00,0960-wombat,B8:27:EB:FF:C8:F5,-56, WPA ,0.000000,0.000000,0.000,0.000,AP
2026-04-03 13:58:01,1900-01-00 00:00:00,0960-wombat,B8:27:EB:FF:C8:F5,-59, WPA ,0.000000,0.000000,0.000,0.000,AP
2026-04-03 13:58:01,1900-01-00 00:00:00,0960-wombat,B8:27:EB:FF:C8:F5,-59, WPA ,0.000000,0.000000,0.000,0.000,AP
2026-04-03 13:58:01,1900-01-00 00:00:00,0960-wombat,B8:27:EB:FF:C8:F5,-59, WPA ,0.000000,0.000000,0.000,0.000,AP
2026-04-03 13:58:01,1900-01-00 00:00:00,0960-wombat,B8:27:EB:FF:C8:F5,-59, WPA ,0.000000,0.000000,0.000,0.000,AP
2026-04-03 13:58:01,1900-01-00 00:00:00,0960-wombat,B8:27:EB:FF:C8:F5,-59, WPA ,0.000000,0.000000,0.000,0.000,AP
2026-04-03 13:58:01,1900-01-00 00:00:00,0960-wombat,B8:27:EB:FF:C8:F5,-53, WPA ,0.000000,0.000000,0.000,0.000,AP
2026-04-03 13:58:01,1900-01-00 00:00:00,0960-wombat,B8:27:EB:FF:C8:F5,-53, WPA ,0.000000,0.000000,0.000,0.000,AP
2026-04-03 13:58:01,1900-01-00 00:00:00,0960-wombat,B8:27:EB:FF:C8:F5,-52, WPA ,0.000000,0.000000,0.000,0.000,AP
2026-04-03 13:58:01,1900-01-00 00:00:00,0960-wombat,B8:27:EB:FF:C8:F5,-52, WPA ,0.000000,0.000000,0.000,0.000,AP
2026-04-03 13:58:01,1900-01-00 00:00:00,0960-wombat,B8:27:EB:FF:C8:F5,-52, WPA ,0.000000,0.000000,0.000,0.000,AP
2026-04-03 13:58:01,1900-01-00 00:00:00,0960-wombat,B8:27:EB:FF:C8:F5,-52, WPA ,0.000000,0.000000,0.000,0.000,AP
2026-04-03 13:58:01,1900-01-00 00:00:00,0960-wombat,B8:27:EB:FF:C8:F5,-52, WPA ,0.000000,0.000000,0.000,0.000,AP
2026-04-03 13:58:01,1900-01-00 00:00:00,0960-wombat,B8:27:EB:FF:C8:F5,-52, WPA ,0.000000,0.000000,0.000,0.000,AP
2026-04-03 13:58:01,1900-01-00 00:00:00,0960-wombat,B8:27:EB:FF:C8:F5,-52, WPA ,0.000000,0.000000,0.000,0.000,AP
2026-04-03 13:58:01,1900-01-00 00:00:00,0960-wombat,B8:27:EB:FF:C8:F5,-52, WPA ,0.000000,0.000000,0.000,0.000,AP
2026-04-03 13:58:01,1900-01-00 00:00:00,0960-wombat,B8:27:EB:FF:C8:F5,-52, WPA ,0.000000,0.000000,0.000,0.000,AP
2026-04-03 13:58:01,1900-01-00 00:00:00,0960-wombat,B8:27:EB:FF:C8:F5,-52, WPA ,0.000000,0.000000,0.000,0.000,AP
2026-04-03 13:58:01,1900-01-00 00:00:00,0960-wombat,B8:27:EB:FF:C8:F5,-52, WPA ,0.000000,0.000000,0.000,0.000,AP
2026-04-03 13:58:01,1900-01-00 00:00:00,0960-wombat,B8:27:EB:FF:C8:F5,-52, WPA ,0.000000,0.000000,0.000,0.000,AP
2026-04-03 13:58:01,1900-01-00 00:00:00,0960-wombat,B8:27:EB:FF:C8:F5,-52, WPA ,0.000000,0.000000,0.000,0.000,AP
2026-04-03 13:58:01,1900-01-00 00:00:00,0960-wombat,B8:27:EB:FF:C8:F5,-52, WPA ,0.000000,0.000000,0.000,0.000,AP
2026-04-03 13:58:01,1900-01-00 00:00:00,0960-wombat,B8:27:EB:FF:C8:F5,-52, WPA ,0.000000,0.000000,0.000,0.000,AP
2026-04-03 13:58:01,1900-01-00 00:00:00,0960-wombat,B8:27:EB:FF:C8:F5,-52, WPA ,0.000000,0.000000,0.000,0.000,AP
2026-04-03 13:58:01,1900-01-00 00:00:00,0960-wombat,B8:27:EB:FF:C8:F5,-52, WPA ,0.000000,0.000000,0.000,0.000,AP
2026-04-03 13:58:01,1900-01-00 00:00:00,0960-wombat,B8:27:EB:FF:C8:F5,-52, WPA ,0.000000,0.000000,0.000,0.000,AP
2026-04-03 13:58:01,1900-01-00 00:00:00,0960-wombat,B8:27:EB:FF:C8:F5,-52, WPA ,0.000000,0.000000,0.000,0.000,AP
2026-04-03 13:58:01,1900-01-00 00:00:00,0960-wombat,B8:27:EB:FF:C8:F5,-53, WPA ,0.000000,0.000000,0.000,0.000,AP
2026-04-03 13:58:01,1900-01-00 00:00:00,0960-wombat,B8:27:EB:FF:C8:F5,-52, WPA ,0.000000,0.000000,0.000,0.000,AP
2026-04-03 13:58:01,1900-01-00 00:00:00,0960-wombat,B8:27:EB:FF:C8:F5,-52, WPA ,0.000000,0.000000,0.000,0.000,AP
2026-04-03 13:58:01,1900-01-00 00:00:00,0960-wombat,B8:27:EB:FF:C8:F5,-52, WPA ,0.000000,0.000000,0.000,0.000,AP
2026-04-03 13:58:01,1900-01-00 00:00:00,0960-wombat,B8:27:EB:FF:C8:F5,-52, WPA ,0.000000,0.000000,0.000,0.000,AP
2026-04-03 13:58:01,1900-01-00 00:00:00,0960-wombat,B8:27:EB:FF:C8:F5,-61, WPA ,0.000000,0.000000,0.000,0.000,AP
2026-04-03 13:58:01,1900-01-00 00:00:00,0960-wombat,B8:27:EB:FF:C8:F5,-53, WPA ,0.000000,0.000000,0.000,0.000,AP
2026-04-03 13:58:01,1900-01-00 00:00:00,0960-wombat,B8:27:EB:FF:C8:F5,-53, WPA ,0.000000,0.000000,0.000,0.000,AP
2026-04-03 13:58:01,1900-01-00 00:00:00,0960-wombat,B8:27:EB:FF:C8:F5,-53, WPA ,0.000000,0.000000,0.000,0.000,AP
2026-04-03 13:58:01,1900-01-00 00:00:00,0960-wombat,B8:27:EB:FF:C8:F5,-53, WPA ,0.000000,0.000000,0.000,0.000,AP
2026-04-03 13:58:01,1900-01-00 00:00:00,0960-wombat,B8:27:EB:FF:C8:F5,-53, WPA ,0.000000,0.000000,0.000,0.000,AP
2026-04-03 13:58:01,1900-01-00 00:00:00,0960-wombat,B8:27:EB:FF:C8:F5,-62, WPA ,0.000000,0.000000,0.000,0.000,AP
2026-04-03 13:58:01,1900-01-00 00:00:00,0960-wombat,B8:27:EB:FF:C8:F5,-62, WPA ,0.000000,0.000000,0.000,0.000,AP
2026-04-03 13:58:01,1900-01-00 00:00:00,0960-wombat,B8:27:EB:FF:C8:F5,-62, WPA ,0.000000,0.000000,0.000,0.000,AP
2026-04-03 13:58:01,1900-01-00 00:00:00,0960-wombat,B8:27:EB:FF:C8:F5,-62, WPA ,0.000000,0.000000,0.000,0.000,AP
2026-04-03 13:58:01,1900-01-00 00:00:00,0960-wombat,B8:27:EB:FF:C8:F5,-62, WPA ,0.000000,0.000000,0.000,0.000,AP
2026-04-03 13:58:01,1900-01-00 00:00:00,0960-wombat,B8:27:EB:FF:C8:F5,-63, WPA ,0.000000,0.000000,0.000,0.000,AP
2026-04-03 13:58:01,1900-01-00 00:00:00,0960-wombat,B8:27:EB:FF:C8:F5,-42, WPA ,0.000000,0.000000,0.000,0.000,AP
2026-04-03 13:58:01,1900-01-00 00:00:00,0960-wombat,B8:27:EB:FF:C8:F5,-42, WPA ,0.000000,0.000000,0.000,0.000,AP
2026-04-03 13:58:01,1900-01-00 00:00:00,0960-wombat,B8:27:EB:FF:C8:F5,-56, WPA ,0.000000,0.000000,0.000,0.000,AP
2026-04-03 13:58:01,1900-01-00 00:00:00,0960-wombat,B8:27:EB:FF:C8:F5,-56, WPA ,0.000000,0.000000,0.000,0.000,AP
2026-04-03 13:58:01,1900-01-00 00:00:00,0960-wombat,B8:27:EB:FF:C8:F5,-56, WPA ,0.000000,0.000000,0.000,0.000,AP
2026-04-03 13:58:01,1900-01-00 00:00:00,0960-wombat,B8:27:EB:FF:C8:F5,-56, WPA ,0.000000,0.000000,0.000,0.000,AP
2026-04-03 13:58:01,1900-01-00 00:00:00,0960-wombat,B8:27:EB:FF:C8:F5,-52, WPA ,0.000000,0.000000,0.000,0.000,AP
2026-04-03 13:58:01,1900-01-00 00:00:00,0960-wombat,B8:27:EB:FF:C8:F5,-52, WPA ,0.000000,0.000000,0.000,0.000,AP
2026-04-03 13:58:01,1900-01-00 00:00:00,0960-wombat,B8:27:EB:FF:C8:F5,-59, WPA ,0.000000,0.000000,0.000,0.000,AP
2026-04-03 13:58:01,1900-01-00 00:00:00,0960-wombat,B8:27:EB:FF:C8:F5,-59, WPA ,0.000000,0.000000,0.000,0.000,AP
2026-04-03 13:58:01,1900-01-00 00:00:00,0960-wombat,B8:27:EB:FF:C8:F5,-59, WPA ,0.000000,0.000000,0.000,0.000,AP
2026-04-03 13:58:01,1900-01-00 00:00:00,0960-wombat,B8:27:EB:FF:C8:F5,-59, WPA ,0.000000,0.000000,0.000,0.000,AP
2026-04-03 13:58:01,1900-01-00 00:00:00,0960-wombat,B8:27:EB:FF:C8:F5,-59, WPA ,0.000000,0.000000,0.000,0.000,AP
2026-04-03 13:58:01,1900-01-00 00:00:00,0960-wombat,B8:27:EB:FF:C8:F5,-59, WPA ,0.000000,0.000000,0.000,0.000,AP
2026-04-03 13:58:01,1900-01-00 00:00:00,0960-wombat,B8:27:EB:FF:C8:F5,-59, WPA ,0.000000,0.000000,0.000,0.000,AP
2026-04-03 13:58:01,1900-01-00 00:00:00,0960-wombat,B8:27:EB:FF:C8:F5,-59, WPA ,0.000000,0.000000,0.000,0.000,AP
2026-04-03 13:58:01,1900-01-00 00:00:00,0960-wombat,B8:27:EB:FF:C8:F5,-59, WPA ,0.000000,0.000000,0.000,0.000,AP
2026-04-03 13:58:01,1900-01-00 00:00:00,0960-wombat,B8:27:EB:FF:C8:F5,-59, WPA ,0.000000,0.000000,0.000,0.000,AP
2026-04-03 13:58:01,1900-01-00 00:00:00,0960-wombat,B8:27:EB:FF:C8:F5,-59, WPA ,0.000000,0.000000,0.000,0.000,AP
2026-04-03 13:58:01,1900-01-00 00:00:00,0960-wombat,B8:27:EB:FF:C8:F5,-56, WPA ,0.000000,0.000000,0.000,0.000,AP
2026-04-03 13:58:01,1900-01-00 00:00:00,0960-wombat,B8:27:EB:FF:C8:F5,-56, WPA ,0.000000,0.000000,0.000,0.000,AP
2026-04-03 13:58:01,1900-01-00 00:00:00,0960-wombat,B8:27:EB:FF:C8:F5,-56, WPA ,0.000000,0.000000,0.000,0.000,AP
2026-04-03 13:58:01,1900-01-00 00:00:00,0960-wombat,B8:27:EB:FF:C8:F5,-42, WPA ,0.000000,0.000000,0.000,0.000,AP
2026-04-03 13:58:01,1900-01-00 00:00:00,0960-wombat,B8:27:EB:FF:C8:F5,-42, WPA ,0.000000,0.000000,0.000,0.000,AP
2026-04-03 13:58:01,1900-01-00 00:00:00,0960-wombat,B8:27:EB:FF:C8:F5,-42, WPA ,0.000000,0.000000,0.000,0.000,AP
2026-04-03 13:58:01,1900-01-00 00:00:00,0960-wombat,B8:27:EB:FF:C8:F5,-42, WPA ,0.000000,0.000000,0.000,0.000,AP
2026-04-03 13:58:01,1900-01-00 00:00:00,0960-wombat,B8:27:EB:FF:C8:F5,-42, WPA ,0.000000,0.000000,0.000,0.000,AP
2026-04-03 13:58:01,1900-01-00 00:00:00,0960-wombat,B8:27:EB:FF:C8:F5,-42, WPA ,0.000000,0.000000,0.000,0.000,AP
2026-04-03 13:58:01,1900-01-00 00:00:00,0960-wombat,B8:27:EB:FF:C8:F5,-42, WPA ,0.000000,0.000000,0.000,0.000,AP
2026-04-03 13:58:01,1900-01-00 00:00:00,0960-wombat,B8:27:EB:FF:C8:F5,-42, WPA ,0.000000,0.000000,0.000,0.000,AP
2026-04-03 13:58:01,1900-01-00 00:00:00,0960-wombat,B8:27:EB:FF:C8:F5,-42, WPA ,0.000000,0.000000,0.000,0.000,AP
2026-04-03 13:58:01,1900-01-00 00:00:00,0960-wombat,B8:27:EB:FF:C8:F5,-42, WPA ,0.000000,0.000000,0.000,0.000,AP
2026-04-03 13:58:01,1900-01-00 00:00:00,0960-wombat,B8:27:EB:FF:C8:F5,-42, WPA ,0.000000,0.000000,0.000,0.000,AP
2026-04-03 13:58:01,1900-01-00 00:00:00,0960-wombat,B8:27:EB:FF:C8:F5,-61, WPA ,0.000000,0.000000,0.000,0.000,AP
2026-04-03 13:58:01,1900-01-00 00:00:00,0960-wombat,B8:27:EB:FF:C8:F5,-53, WPA ,0.000000,0.000000,0.000,0.000,AP
2026-04-03 13:58:01,1900-01-00 00:00:00,0960-wombat,B8:27:EB:FF:C8:F5,-58, WPA ,0.000000,0.000000,0.000,0.000,AP
2026-04-03 13:58:01,1900-01-00 00:00:00,0960-wombat,B8:27:EB:FF:C8:F5,-58, WPA ,0.000000,0.000000,0.000,0.000,AP
2026-04-03 13:58:01,1900-01-00 00:00:00,0960-wombat,B8:27:EB:FF:C8:F5,-52, WPA ,0.000000,0.000000,0.000,0.000,AP
2026-04-03 13:58:01,1900-01-00 00:00:00,0960-wombat,B8:27:EB:FF:C8:F5,-52, WPA ,0.000000,0.000000,0.000,0.000,AP
2026-04-03 13:58:01,1900-01-00 00:00:00,0960-wombat,B8:27:EB:FF:C8:F5,-52, WPA ,0.000000,0.000000,0.000,0.000,AP
2026-04-03 13:58:01,1900-01-00 00:00:00,0960-wombat,B8:27:EB:FF:C8:F5,-52, WPA ,0.000000,0.000000,0.000,0.000,AP
2026-04-03 13:58:01,1900-01-00 00:00:00,0960-wombat,B8:27:EB:FF:C8:F5,-52, WPA ,0.000000,0.000000,0.000,0.000,AP
2026-04-03 13:58:01,1900-01-00 00:00:00,0960-wombat,B8:27:EB:FF:C8:F5,-52, WPA ,0.000000,0.000000,0.000,0.000,AP
2026-04-03 13:58:01,1900-01-00 00:00:00,0960-wombat,B8:27:EB:FF:C8:F5,-52, WPA ,0.000000,0.000000,0.000,0.000,AP
2026-04-03 13:58:01,1900-01-00 00:00:00,0960-wombat,B8:27:EB:FF:C8:F5,-52, WPA ,0.000000,0.000000,0.000,0.000,AP
2026-04-03 13:58:01,1900-01-00 00:00:00,0960-wombat,B8:27:EB:FF:C8:F5,-52, WPA ,0.000000,0.000000,0.000,0.000,AP
2026-04-03 13:58:01,1900-01-00 00:00:00,0960-wombat,B8:27:EB:FF:C8:F5,-52, WPA ,0.000000,0.000000,0.000,0.000,AP
2026-04-03 13:58:01,1900-01-00 00:00:00,0960-wombat,B8:27:EB:FF:C8:F5,-53, WPA ,0.000000,0.000000,0.000,0.000,AP
2026-04-03 13:58:01,1900-01-00 00:00:00,0960-wombat,B8:27:EB:FF:C8:F5,-52, WPA ,0.000000,0.000000,0.000,0.000,AP
2026-04-03 13:58:01,1900-01-00 00:00:00,0960-wombat,B8:27:EB:FF:C8:F5,-52, WPA ,0.000000,0.000000,0.000,0.000,AP
2026-04-03 13:58:01,1900-01-00 00:00:00,0960-wombat,B8:27:EB:FF:C8:F5,-52, WPA ,0.000000,0.000000,0.000,0.000,AP
2026-04-03 13:58:01,1900-01-00 00:00:00,0960-wombat,B8:27:EB:FF:C8:F5,-52, WPA ,0.000000,0.000000,0.000,0.000,AP
2026-04-03 13:58:01,1900-01-00 00:00:00,0960-wombat,B8:27:EB:FF:C8:F5,-62, WPA ,0.000000,0.000000,0.000,0.000,AP
2026-04-03 13:58:01,1900-01-00 00:00:00,0960-wombat,B8:27:EB:FF:C8:F5,-62, WPA ,0.000000,0.000000,0.000,0.000,AP
2026-04-03 13:58:01,1900-01-00 00:00:00,0960-wombat,B8:27:EB:FF:C8:F5,-62, WPA ,0.000000,0.000000,0.000,0.000,AP
2026-04-03 13:58:01,1900-01-00 00:00:00,0960-wombat,B8:27:EB:FF:C8:F5,-62, WPA ,0.000000,0.000000,0.000,0.000,AP
2026-04-03 13:58:01,1900-01-00 00:00:00,0960-wombat,B8:27:EB:FF:C8:F5,-62, WPA ,0.000000,0.000000,0.000,0.000,AP
2026-04-03 13:58:01,1900-01-00 00:00:00,0960-wombat,B8:27:EB:FF:C8:F5,-62, WPA ,0.000000,0.000000,0.000,0.000,AP
2026-04-03 13:58:01,1900-01-00 00:00:00,0960-wombat,B8:27:EB:FF:C8:F5,-62, WPA ,0.000000,0.000000,0.000,0.000,AP
2026-04-03 13:58:01,1900-01-00 00:00:00,0960-wombat,B8:27:EB:FF:C8:F5,-62, WPA ,0.000000,0.000000,0.000,0.000,AP
2026-04-03 13:58:01,1900-01-00 00:00:00,0960-wombat,B8:27:EB:FF:C8:F5,-62, WPA ,0.000000,0.000000,0.000,0.000,AP
2026-04-03 13:58:01,1900-01-00 00:00:00,0960-wombat,B8:27:EB:FF:C8:F5,-62, WPA ,0.000000,0.000000,0.000,0.000,AP
2026-04-03 13:58:01,1900-01-00 00:00:00,0960-wombat,B8:27:EB:FF:C8:F5,-62, WPA ,0.000000,0.000000,0.000,0.000,AP
2026-04-03 13:58:01,1900-01-00 00:00:00,0960-wombat,B8:27:EB:FF:C8:F5,-62, WPA ,0.000000,0.000000,0.000,0.000,AP
2026-04-03 13:58:01,1900-01-00 00:00:00,0960-wombat,B8:27:EB:FF:C8:F5,-42, WPA ,0.000000,0.000000,0.000,0.000,AP
2026-04-03 13:58:01,1900-01-00 00:00:00,0960-wombat,B8:27:EB:FF:C8:F5,-42, WPA ,0.000000,0.000000,0.000,0.000,AP
2026-04-03 13:58:01,1900-01-00 00:00:00,0960-wombat,B8:27:EB:FF:C8:F5,-57, WPA ,0.000000,0.000000,0.000,0.000,AP
2026-04-03 13:58:01,1900-01-00 00:00:00,0960-wombat,B8:27:EB:FF:C8:F5,-57, WPA ,0.000000,0.000000,0.000,0.000,AP
2026-04-03 13:58:01,1900-01-00 00:00:00,0960-wombat,B8:27:EB:FF:C8:F5,-57, WPA ,0.000000,0.000000,0.000,0.000,AP
2026-04-03 13:58:01,1900-01-00 00:00:00,0960-wombat,B8:27:EB:FF:C8:F5,-57, WPA ,0.000000,0.000000,0.000,0.000,AP
2026-04-03 13:58:01,1900-01-00 00:00:00,0960-wombat,B8:27:EB:FF:C8:F5,-57, WPA ,0.000000,0.000000,0.000,0.000,AP
2026-04-03 13:58:01,1900-01-00 00:00:00,0960-wombat,B8:27:EB:FF:C8:F5,-57, WPA ,0.000000,0.000000,0.000,0.000,AP
2026-04-03 13:58:01,1900-01-00 00:00:00,0960-wombat,B8:27:EB:FF:C8:F5,-59, WPA ,0.000000,0.000000,0.000,0.000,AP
2026-04-03 13:58:01,1900-01-00 00:00:00,0960-wombat,B8:27:EB:FF:C8:F5,-59, WPA ,0.000000,0.000000,0.000,0.000,AP
2026-04-03 13:58:01,1900-01-00 00:00:00,0960-wombat,B8:27:EB:FF:C8:F5,-60, WPA ,0.000000,0.000000,0.000,0.000,AP
2026-04-03 13:58:01,1900-01-00 00:00:00,0960-wombat,B8:27:EB:FF:C8:F5,-62, WPA ,0.000000,0.000000,0.000,0.000,AP
2026-04-03 13:58:01,1900-01-00 00:00:00,0960-wombat,B8:27:EB:FF:C8:F5,-62, WPA ,0.000000,0.000000,0.000,0.000,AP
2026-04-03 13:58:01,1900-01-00 00:00:00,0960-wombat,B8:27:EB:FF:C8:F5,-62, WPA ,0.000000,0.000000,0.000,0.000,AP
2026-04-03 13:58:01,1900-01-00 00:00:00,0960-wombat,B8:27:EB:FF:C8:F5,-62, WPA ,0.000000,0.000000,0.000,0.000,AP
2026-04-03 13:58:01,1900-01-00 00:00:00,0960-wombat,B8:27:EB:FF:C8:F5,-62, WPA ,0.000000,0.000000,0.000,0.000,AP
2026-04-03 13:58:01,1900-01-00 00:00:00,0960-wombat,B8:27:EB:FF:C8:F5,-62, WPA ,0.000000,0.000000,0.000,0.000,AP
2026-04-03 13:58:01,1900-01-00 00:00:00,0960-wombat,B8:27:EB:FF:C8:F5,-62, WPA ,0.000000,0.000000,0.000,0.000,AP
2026-04-03 13:58:01,1900-01-00 00:00:00,0960-wombat,B8:27:EB:FF:C8:F5,-62, WPA ,0.000000,0.000000,0.000,0.000,AP
2026-04-03 13:58:01,1900-01-00 00:00:00,0960-wombat,B8:27:EB:FF:C8:F5,-62, WPA ,0.000000,0.000000,0.000,0.000,AP
2026-04-03 13:58:01,1900-01-00 00:00:00,0960-wombat,B8:27:EB:FF:C8:F5,-63, WPA ,0.000000,0.000000,0.000,0.000,AP
2026-04-03 13:58:01,1900-01-00 00:00:00,0960-wombat,B8:27:EB:FF:C8:F5,-63, WPA ,0.000000,0.000000,0.000,0.000,AP
2026-04-03 13:58:01,1900-01-00 00:00:00,0960-wombat,B8:27:EB:FF:C8:F5,-53, WPA ,0.000000,0.000000,0.000,0.000,AP
2026-04-03 13:58:01,1900-01-00 00:00:00,0960-wombat,B8:27:EB:FF:C8:F5,-53, WPA ,0.000000,0.000000,0.000,0.000,AP
2026-04-03 13:58:01,1900-01-00 00:00:00,0960-wombat,B8:27:EB:FF:C8:F5,-53, WPA ,0.000000,0.000000,0.000,0.000,AP
2026-04-03 13:58:01,1900-01-00 00:00:00,0960-wombat,B8:27:EB:FF:C8:F5,-53, WPA ,0.000000,0.000000,0.000,0.000,AP
2026-04-03 13:58:01,1900-01-00 00:00:00,0960-wombat,B8:27:EB:FF:C8:F5,-53, WPA ,0.000000,0.000000,0.000,0.000,AP
2026-04-03 13:58:01,1900-01-00 00:00:00,0960-wombat,B8:27:EB:FF:C8:F5,-53, WPA ,0.000000,0.000000,0.000,0.000,AP
2026-04-03 13:58:01,1900-01-00 00:00:00,0960-wombat,B8:27:EB:FF:C8:F5,-53, WPA ,0.000000,0.000000,0.000,0.000,AP
2026-04-03 13:58:01,1900-01-00 00:00:00,0960-wombat,B8:27:EB:FF:C8:F5,-53, WPA ,0.000000,0.000000,0.000,0.000,AP
2026-04-03 13:58:01,1900-01-00 00:00:00,0960-wombat,B8:27:EB:FF:C8:F5,-53, WPA ,0.000000,0.000000,0.000,0.000,AP
2026-04-03 13:58:01,1900-01-00 00:00:00,0960-wombat,B8:27:EB:FF:C8:F5,-53, WPA ,0.000000,0.000000,0.000,0.000,AP
2026-04-03 13:58:01,1900-01-00 00:00:00,0960-wombat,B8:27:EB:FF:C8:F5,-53, WPA ,0.000000,0.000000,0.000,0.000,AP
2026-04-03 13:58:01,1900-01-00 00:00:00,0960-wombat,B8:27:EB:FF:C8:F5,-61, WPA ,0.000000,0.000000,0.000,0.000,AP
2026-04-03 13:58:01,1900-01-00 00:00:00,0960-wombat,B8:27:EB:FF:C8:F5,-53, WPA ,0.000000,0.000000,0.000,0.000,AP
2026-04-03 13:58:01,1900-01-00 00:00:00,0960-wombat,B8:27:EB:FF:C8:F5,-53, WPA ,0.000000,0.000000,0.000,0.000,AP
2026-04-03 13:58:01,1900-01-00 00:00:00,0960-wombat,B8:27:EB:FF:C8:F5,-53, WPA ,0.000000,0.000000,0.000,0.000,AP
2026-04-03 13:58:01,1900-01-00 00:00:00,0960-wombat,B8:27:EB:FF:C8:F5,-53, WPA ,0.000000,0.000000,0.000,0.000,AP
2026-04-03 13:58:01,1900-01-00 00:00:00,0960-wombat,B8:27:EB:FF:C8:F5,-62, WPA ,0.000000,0.000000,0.000,0.000,AP
2026-04-03 13:58:01,1900-01-00 00:00:00,0960-wombat,B8:27:EB:FF:C8:F5,-62, WPA ,0.000000,0.000000,0.000,0.000,AP
2026-04-03 13:58:01,1900-01-00 00:00:00,0960-wombat,B8:27:EB:FF:C8:F5,-62, WPA ,0.000000,0.000000,0.000,0.000,AP
2026-04-03 13:58:01,1900-01-00 00:00:00,0960-wombat,B8:27:EB:FF:C8:F5,-62, WPA ,0.000000,0.000000,0.000,0.000,AP
2026-04-03 13:58:01,1900-01-00 00:00:00,0960-wombat,B8:27:EB:FF:C8:F5,-62, WPA ,0.000000,0.000000,0.000,0.000,AP
2026-04-03 13:58:01,1900-01-00 00:00:00,0960-wombat,B8:27:EB:FF:C8:F5,-62, WPA ,0.000000,0.000000,0.000,0.000,AP
2026-04-03 13:58:01,1900-01-00 00:00:00,0960-wombat,B8:27:EB:FF:C8:F5,-62, WPA ,0.000000,0.000000,0.000,0.000,AP
2026-04-03 13:58:01,1900-01-00 00:00:00,0960-wombat,B8:27:EB:FF:C8:F5,-62, WPA ,0.000000,0.000000,0.000,0.000,AP
2026-04-03 13:58:01,1900-01-00 00:00:00,0960-wombat,B8:27:EB:FF:C8:F5,-62, WPA ,0.000000,0.000000,0.000,0.000,AP
2026-04-03 13:58:01,1900-01-00 00:00:00,0960-wombat,B8:27:EB:FF:C8:F5,-62, WPA ,0.000000,0.000000,0.000,0.000,AP
2026-04-03 13:58:01,1900-01-00 00:00:00,0960-wombat,B8:27:EB:FF:C8:F5,-62, WPA ,0.000000,0.000000,0.000,0.000,AP
2026-04-03 13:58:01,1900-01-00 00:00:00,0960-wombat,B8:27:EB:FF:C8:F5,-62, WPA ,0.000000,0.000000,0.000,0.000,AP
2026-04-03 13:58:01,1900-01-00 00:00:00,0960-wombat,B8:27:EB:FF:C8:F5,-42, WPA ,0.000000,0.000000,0.000,0.000,AP
2026-04-03 13:58:01,1900-01-00 00:00:00,0960-wombat,B8:27:EB:FF:C8:F5,-42, WPA ,0.000000,0.000000,0.000,0.000,AP
2026-04-03 13:58:01,1900-01-00 00:00:00,0960-wombat,B8:27:EB:FF:C8:F5,-56, WPA ,0.000000,0.000000,0.000,0.000,AP
2026-04-03 13:58:01,1900-01-00 00:00:00,0960-wombat,B8:27:EB:FF:C8:F5,-56, WPA ,0.000000,0.000000,0.000,0.000,AP
2026-04-03 13:58:01,1900-01-00 00:00:00,0960-wombat,B8:27:EB:FF:C8:F5,-56, WPA ,0.000000,0.000000,0.000,0.000,AP
2026-04-03 13:58:01,1900-01-00 00:00:00,0960-wombat,B8:27:EB:FF:C8:F5,-56, WPA ,0.000000,0.000000,0.000,0.000,AP
2026-04-03 13:58:01,1900-01-00 00:00:00,0960-wombat,B8:27:EB:FF:C8:F5,-56, WPA ,0.000000,0.000000,0.000,0.000,AP
2026-04-03 13:58:01,1900-01-00 00:00:00,0960-wombat,B8:27:EB:FF:C8:F5,-56, WPA ,0.000000,0.000000,0.000,0.000,AP
2026-04-03 13:58:01,1900-01-00 00:00:00,0960-wombat,B8:27:EB:FF:C8:F5,-58, WPA ,0.000000,0.000000,0.000,0.000,AP
2026-04-03 13:58:01,1900-01-00 00:00:00,0960-wombat,B8:27:EB:FF:C8:F5,-58, WPA ,0.000000,0.000000,0.000,0.000,AP
2026-04-03 13:58:01,1900-01-00 00:00:00,0960-wombat,B8:27:EB:FF:C8:F5,-58, WPA ,0.000000,0.000000,0.000,0.000,AP
2026-04-03 13:58:01,1900-01-00 00:00:00,0960-wombat,B8:27:EB:FF:C8:F5,-58, WPA ,0.000000,0.000000,0.000,0.000,AP
2026-04-03 13:58:01,1900-01-00 00:00:00,0960-wombat,B8:27:EB:FF:C8:F5,-58, WPA ,0.000000,0.000000,0.000,0.000,AP
2026-04-03 13:58:01,1900-01-00 00:00:00,0960-wombat,B8:27:EB:FF:C8:F5,-58, WPA ,0.000000,0.000000,0.000,0.000,AP
2026-04-03 13:58:01,1900-01-00 00:00:00,0960-wombat,B8:27:EB:FF:C8:F5,-58, WPA ,0.000000,0.000000,0.000,0.000,AP
2026-04-03 13:58:01,1900-01-00 00:00:00,0960-wombat,B8:27:EB:FF:C8:F5,-58, WPA ,0.000000,0.000000,0.000,0.000,AP
2026-04-03 13:58:01,1900-01-00 00:00:00,0960-wombat,B8:27:EB:FF:C8:F5,-58, WPA ,0.000000,0.000000,0.000,0.000,AP
2026-04-03 13:58:01,1900-01-00 00:00:00,0960-wombat,B8:27:EB:FF:C8:F5,-58, WPA ,0.000000,0.000000,0.000,0.000,AP
2026-04-03 13:58:01,1900-01-00 00:00:00,0960-wombat,B8:27:EB:FF:C8:F5,-58, WPA ,0.000000,0.000000,0.000,0.000,AP
2026-04-03 13:58:01,1900-01-00 00:00:00,0960-wombat,B8:27:EB:FF:C8:F5,-58, WPA ,0.000000,0.000000,0.000,0.000,AP
2026-04-03 13:58:01,1900-01-00 00:00:00,0960-wombat,B8:27:EB:FF:C8:F5,-58, WPA ,0.000000,0.000000,0.000,0.000,AP
2026-04-03 13:58:01,1900-01-00 00:00:00,0960-wombat,B8:27:EB:FF:C8:F5,-60, WPA ,0.000000,0.000000,0.000,0.000,AP
2026-04-03 13:58:01,1900-01-00 00:00:00,0960-wombat,B8:27:EB:FF:C8:F5,-62, WPA ,0.000000,0.000000,0.000,0.000,AP
2026-04-03 13:58:01,1900-01-00 00:00:00,0960-wombat,B8:27:EB:FF:C8:F5,-62, WPA ,0.000000,0.000000,0.000,0.000,AP
2026-04-03 13:58:01,1900-01-00 00:00:00,0960-wombat,B8:27:EB:FF:C8:F5,-62, WPA ,0.000000,0.000000,0.000,0.000,AP
2026-04-03 13:58:01,1900-01-00 00:00:00,0960-wombat,B8:27:EB:FF:C8:F5,-62, WPA ,0.000000,0.000000,0.000,0.000,AP
2026-04-03 13:58:01,1900-01-00 00:00:00,0960-wombat,B8:27:EB:FF:C8:F5,-62, WPA ,0.000000,0.000000,0.000,0.000,AP
2026-04-03 13:58:01,1900-01-00 00:00:00,0960-wombat,B8:27:EB:FF:C8:F5,-63, WPA ,0.000000,0.000000,0.000,0.000,AP
2026-04-03 13:58:01,1900-01-00 00:00:00,0960-wombat,B8:27:EB:FF:C8:F5,-63, WPA ,0.000000,0.000000,0.000,0.000,AP
2026-04-03 13:58:01,1900-01-00 00:00:00,0960-wombat,B8:27:EB:FF:C8:F5,-53, WPA ,0.000000,0.000000,0.000,0.000,AP
2026-04-03 13:58:01,1900-01-00 00:00:00,0960-wombat,B8:27:EB:FF:C8:F5,-53, WPA ,0.000000,0.000000,0.000,0.000,AP
2026-04-03 13:58:01,1900-01-00 00:00:00,0960-wombat,B8:27:EB:FF:C8:F5,-53, WPA ,0.000000,0.000000,0.000,0.000,AP
2026-04-03 13:58:01,1900-01-00 00:00:00,0960-wombat,B8:27:EB:FF:C8:F5,-53, WPA ,0.000000,0.000000,0.000,0.000,AP
2026-04-03 13:58:01,1900-01-00 00:00:00,0960-wombat,B8:27:EB:FF:C8:F5,-62, WPA ,0.000000,0.000000,0.000,0.000,AP
2026-04-03 13:58:01,1900-01-00 00:00:00,0960-wombat,B8:27:EB:FF:C8:F5,-53, WPA ,0.000000,0.000000,0.000,0.000,AP
2026-04-03 13:58:01,1900-01-00 00:00:00,0960-wombat,B8:27:EB:FF:C8:F5,-53, WPA ,0.000000,0.000000,0.000,0.000,AP
2026-04-03 13:58:01,1900-01-00 00:00:00,0960-wombat,B8:27:EB:FF:C8:F5,-53, WPA ,0.000000,0.000000,0.000,0.000,AP
2026-04-03 13:58:01,1900-01-00 00:00:00,0960-wombat,B8:27:EB:FF:C8:F5,-53, WPA ,0.000000,0.000000,0.000,0.000,AP
2026-04-03 13:58:01,1900-01-00 00:00:00,0960-wombat,B8:27:EB:FF:C8:F5,-61, WPA ,0.000000,0.000000,0.000,0.000,AP
2026-04-03 13:58:01,1900-01-00 00:00:00,0960-wombat,B8:27:EB:FF:C8:F5,-61, WPA ,0.000000,0.000000,0.000,0.000,AP
2026-04-03 13:58:01,1900-01-00 00:00:00,0960-wombat,B8:27:EB:FF:C8:F5,-61, WPA ,0.000000,0.000000,0.000,0.000,AP
2026-04-03 13:58:01,1900-01-00 00:00:00,0960-wombat,B8:27:EB:FF:C8:F5,-61, WPA ,0.000000,0.000000,0.000,0.000,AP
2026-04-03 13:58:01,1900-01-00 00:00:00,0960-wombat,B8:27:EB:FF:C8:F5,-61, WPA ,0.000000,0.000000,0.000,0.000,AP
2026-04-03 13:58:01,1900-01-00 00:00:00,0960-wombat,B8:27:EB:FF:C8:F5,-61, WPA ,0.000000,0.000000,0.000,0.000,AP
2026-04-03 13:58:01,1900-01-00 00:00:00,0960-wombat,B8:27:EB:FF:C8:F5,-61, WPA ,0.000000,0.000000,0.000,0.000,AP
2026-04-03 13:58:01,1900-01-00 00:00:00,0960-wombat,B8:27:EB:FF:C8:F5,-63, WPA ,0.000000,0.000000,0.000,0.000,AP
2026-04-03 13:58:01,1900-01-00 00:00:00,0960-wombat,B8:27:EB:FF:C8:F5,-63, WPA ,0.000000,0.000000,0.000,0.000,AP
2026-04-03 13:58:01,1900-01-00 00:00:00,0960-wombat,B8:27:EB:FF:C8:F5,-63, WPA ,0.000000,0.000000,0.000,0.000,AP
2026-04-03 13:58:01,1900-01-00 00:00:00,0960-wombat,B8:27:EB:FF:C8:F5,-63, WPA ,0.000000,0.000000,0.000,0.000,AP
2026-04-03 13:58:01,1900-01-00 00:00:00,0960-wombat,B8:27:EB:FF:C8:F5,-63, WPA ,0.000000,0.000000,0.000,0.000,AP
2026-04-03 13:58:01,1900-01-00 00:00:00,0960-wombat,B8:27:EB:FF:C8:F5,-42, WPA ,0.000000,0.000000,0.000,0.000,AP
2026-04-03 13:58:01,1900-01-00 00:00:00,0960-wombat,B8:27:EB:FF:C8:F5,-42, WPA ,0.000000,0.000000,0.000,0.000,AP
2026-04-03 13:58:01,1900-01-00 00:00:00,0960-wombat,B8:27:EB:FF:C8:F5,-56, WPA ,0.000000,0.000000,0.000,0.000,AP
2026-04-03 13:58:01,1900-01-00 00:00:00,0960-wombat,B8:27:EB:FF:C8:F5,-59, WPA ,0.000000,0.000000,0.000,0.000,AP
2026-04-03 13:58:01,1900-01-00 00:00:00,0960-wombat,B8:27:EB:FF:C8:F5,-59, WPA ,0.000000,0.000000,0.000,0.000,AP
2026-04-03 13:58:01,1900-01-00 00:00:00,0960-wombat,B8:27:EB:FF:C8:F5,-59, WPA ,0.000000,0.000000,0.000,0.000,AP
2026-04-03 13:58:01,1900-01-00 00:00:00,0960-wombat,B8:27:EB:FF:C8:F5,-60, WPA ,0.000000,0.000000,0.000,0.000,AP
2026-04-03 13:58:02,1900-01-00 00:00:00,0960-wombat,B8:27:EB:FF:C8:F5,-59, WPA ,0.000000,0.000000,0.000,0.000,AP
2026-04-03 13:58:02,1900-01-00 00:00:00,0960-wombat,B8:27:EB:FF:C8:F5,-59, WPA ,0.000000,0.000000,0.000,0.000,AP
2026-04-03 13:58:02,1900-01-00 00:00:00,0960-wombat,B8:27:EB:FF:C8:F5,-59, WPA ,0.000000,0.000000,0.000,0.000,AP
2026-04-03 13:58:02,1900-01-00 00:00:00,0960-wombat,B8:27:EB:FF:C8:F5,-58, WPA ,0.000000,0.000000,0.000,0.000,AP
2026-04-03 13:58:02,1900-01-00 00:00:00,0960-wombat,B8:27:EB:FF:C8:F5,-59, WPA ,0.000000,0.000000,0.000,0.000,AP
2026-04-03 13:58:02,1900-01-00 00:00:00,0960-wombat,B8:27:EB:FF:C8:F5,-58, WPA ,0.000000,0.000000,0.000,0.000,AP
2026-04-03 13:58:02,1900-01-00 00:00:00,0960-wombat,B8:27:EB:FF:C8:F5,-59, WPA ,0.000000,0.000000,0.000,0.000,AP
2026-04-03 13:58:02,1900-01-00 00:00:00,0960-wombat,B8:27:EB:FF:C8:F5,-58, WPA ,0.000000,0.000000,0.000,0.000,AP
2026-04-03 13:58:02,1900-01-00 00:00:00,0960-wombat,B8:27:EB:FF:C8:F5,-58, WPA ,0.000000,0.000000,0.000,0.000,AP
2026-04-03 13:58:02,1900-01-00 00:00:00,0960-wombat,B8:27:EB:FF:C8:F5,-58, WPA ,0.000000,0.000000,0.000,0.000,AP
2026-04-03 13:58:02,1900-01-00 00:00:00,0960-wombat,B8:27:EB:FF:C8:F5,-58, WPA ,0.000000,0.000000,0.000,0.000,AP
2026-04-03 13:58:02,1900-01-00 00:00:00,0960-wombat,B8:27:EB:FF:C8:F5,-59, WPA ,0.000000,0.000000,0.000,0.000,AP
2026-04-03 13:58:02,1900-01-00 00:00:00,0960-wombat,B8:27:EB:FF:C8:F5,-58, WPA ,0.000000,0.000000,0.000,0.000,AP
2026-04-03 13:58:02,1900-01-00 00:00:00,0960-wombat,B8:27:EB:FF:C8:F5,-58, WPA ,0.000000,0.000000,0.000,0.000,AP
2026-04-03 13:58:02,1900-01-00 00:00:00,0960-wombat,B8:27:EB:FF:C8:F5,-58, WPA ,0.000000,0.000000,0.000,0.000,AP
2026-04-03 13:58:02,1900-01-00 00:00:00,0960-wombat,B8:27:EB:FF:C8:F5,-57, WPA ,0.000000,0.000000,0.000,0.000,AP
2026-04-03 13:58:03,1900-01-00 00:00:00,0960-wombat,B8:27:EB:FF:C8:F5,-57, WPA ,0.000000,0.000000,0.000,0.000,AP
2026-04-03 13:58:03,1900-01-00 00:00:00,0960-wombat,B8:27:EB:FF:C8:F5,-57, WPA ,0.000000,0.000000,0.000,0.000,AP
2026-04-03 13:58:03,1900-01-00 00:00:00,0960-wombat,B8:27:EB:FF:C8:F5,-57, WPA ,0.000000,0.000000,0.000,0.000,AP
2026-04-03 13:58:03,1900-01-00 00:00:00,0960-wombat,B8:27:EB:FF:C8:F5,-56, WPA ,0.000000,0.000000,0.000,0.000,AP
2026-04-03 13:58:03,1900-01-00 00:00:00,0960-wombat,B8:27:EB:FF:C8:F5,-57, WPA ,0.000000,0.000000,0.000,0.000,AP
2026-04-03 13:58:03,1900-01-00 00:00:00,0960-wombat,B8:27:EB:FF:C8:F5,-57, WPA ,0.000000,0.000000,0.000,0.000,AP
2026-04-03 13:58:03,1900-01-00 00:00:00,0960-wombat,B8:27:EB:FF:C8:F5,-57, WPA ,0.000000,0.000000,0.000,0.000,AP
2026-04-03 13:58:03,1900-01-00 00:00:00,0960-wombat,B8:27:EB:FF:C8:F5,-58, WPA ,0.000000,0.000000,0.000,0.000,AP
2026-04-03 13:58:03,1900-01-00 00:00:00,0960-wombat,B8:27:EB:FF:C8:F5,-58, WPA ,0.000000,0.000000,0.000,0.000,AP
2026-04-03 13:58:03,1900-01-00 00:00:00,0960-wombat,B8:27:EB:FF:C8:F5,-58, WPA ,0.000000,0.000000,0.000,0.000,AP
2026-04-03 13:58:03,1900-01-00 00:00:00,0960-wombat,B8:27:EB:FF:C8:F5,-58, WPA ,0.000000,0.000000,0.000,0.000,AP
2026-04-03 13:58:03,1900-01-00 00:00:00,0960-wombat,B8:27:EB:FF:C8:F5,-58, WPA ,0.000000,0.000000,0.000,0.000,AP
2026-04-03 13:58:03,1900-01-00 00:00:00,0960-wombat,B8:27:EB:FF:C8:F5,-58, WPA ,0.000000,0.000000,0.000,0.000,AP
2026-04-03 13:58:03,1900-01-00 00:00:00,0960-wombat,B8:27:EB:FF:C8:F5,-58, WPA ,0.000000,0.000000,0.000,0.000,AP
2026-04-03 13:58:03,1900-01-00 00:00:00,0960-wombat,B8:27:EB:FF:C8:F5,-59, WPA ,0.000000,0.000000,0.000,0.000,AP
2026-04-03 13:58:03,1900-01-00 00:00:00,0960-wombat,B8:27:EB:FF:C8:F5,-60, WPA ,0.000000,0.000000,0.000,0.000,AP
2026-04-03 13:58:03,1900-01-00 00:00:00,0960-wombat,B8:27:EB:FF:C8:F5,-59, WPA ,0.000000,0.000000,0.000,0.000,AP
2026-04-03 13:58:04,1900-01-00 00:00:00,0960-wombat,B8:27:EB:FF:C8:F5,-59, WPA ,0.000000,0.000000,0.000,0.000,AP
2026-04-03 13:58:04,1900-01-00 00:00:00,0960-wombat,B8:27:EB:FF:C8:F5,-58, WPA ,0.000000,0.000000,0.000,0.000,AP
2026-04-03 13:58:04,1900-01-00 00:00:00,0960-wombat,B8:27:EB:FF:C8:F5,-58, WPA ,0.000000,0.000000,0.000,0.000,AP
2026-04-03 13:58:04,1900-01-00 00:00:00,0960-wombat,B8:27:EB:FF:C8:F5,-58, WPA ,0.000000,0.000000,0.000,0.000,AP
2026-04-03 13:58:04,1900-01-00 00:00:00,0960-wombat,B8:27:EB:FF:C8:F5,-59, WPA ,0.000000,0.000000,0.000,0.000,AP
2026-04-03 13:58:04,1900-01-00 00:00:00,0960-wombat,B8:27:EB:FF:C8:F5,-58, WPA ,0.000000,0.000000,0.000,0.000,AP
2026-04-03 13:58:04,1900-01-00 00:00:00,0960-wombat,B8:27:EB:FF:C8:F5,-59, WPA ,0.000000,0.000000,0.000,0.000,AP
2026-04-03 13:58:04,1900-01-00 00:00:00,0960-wombat,B8:27:EB:FF:C8:F5,-59, WPA ,0.000000,0.000000,0.000,0.000,AP
2026-04-03 13:58:04,1900-01-00 00:00:00,0960-wombat,B8:27:EB:FF:C8:F5,-59, WPA ,0.000000,0.000000,0.000,0.000,AP
2026-04-03 13:58:04,1900-01-00 00:00:00,0960-wombat,B8:27:EB:FF:C8:F5,-59, WPA ,0.000000,0.000000,0.000,0.000,AP
2026-04-03 13:58:04,1900-01-00 00:00:00,0960-wombat,B8:27:EB:FF:C8:F5,-60, WPA ,0.000000,0.000000,0.000,0.000,AP
2026-04-03 13:58:04,1900-01-00 00:00:00,0960-wombat,B8:27:EB:FF:C8:F5,-58, WPA ,0.000000,0.000000,0.000,0.000,AP
2026-04-03 13:58:04,1900-01-00 00:00:00,0960-wombat,B8:27:EB:FF:C8:F5,-59, WPA ,0.000000,0.000000,0.000,0.000,AP
2026-04-03 13:58:04,1900-01-00 00:00:00,0960-wombat,B8:27:EB:FF:C8:F5,-60, WPA ,0.000000,0.000000,0.000,0.000,AP
2026-04-03 13:58:05,1900-01-00 00:00:00,0960-wombat,B8:27:EB:FF:C8:F5,-60, WPA ,0.000000,0.000000,0.000,0.000,AP
2026-04-03 13:58:05,1900-01-00 00:00:00,0960-wombat,B8:27:EB:FF:C8:F5,-60, WPA ,0.000000,0.000000,0.000,0.000,AP
2026-04-03 13:58:05,1900-01-00 00:00:00,0960-wombat,B8:27:EB:FF:C8:F5,-61, WPA ,0.000000,0.000000,0.000,0.000,AP
2026-04-03 13:58:05,1900-01-00 00:00:00,0960-wombat,B8:27:EB:FF:C8:F5,-60, WPA ,0.000000,0.000000,0.000,0.000,AP
2026-04-03 13:58:05,1900-01-00 00:00:00,0960-wombat,B8:27:EB:FF:C8:F5,-60, WPA ,0.000000,0.000000,0.000,0.000,AP
2026-04-03 13:58:05,1900-01-00 00:00:00,0960-wombat,B8:27:EB:FF:C8:F5,-60, WPA ,0.000000,0.000000,0.000,0.000,AP
2026-04-03 13:58:05,1900-01-00 00:00:00,0960-wombat,B8:27:EB:FF:C8:F5,-60, WPA ,0.000000,0.000000,0.000,0.000,AP
2026-04-03 13:58:05,1900-01-00 00:00:00,0960-wombat,B8:27:EB:FF:C8:F5,-58, WPA ,0.000000,0.000000,0.000,0.000,AP
2026-04-03 13:58:05,1900-01-00 00:00:00,0960-wombat,B8:27:EB:FF:C8:F5,-58, WPA ,0.000000,0.000000,0.000,0.000,AP
2026-04-03 13:58:05,1900-01-00 00:00:00,0960-wombat,B8:27:EB:FF:C8:F5,-58, WPA ,0.000000,0.000000,0.000,0.000,AP
2026-04-03 13:58:05,1900-01-00 00:00:00,0960-wombat,B8:27:EB:FF:C8:F5,-58, WPA ,0.000000,0.000000,0.000,0.000,AP
2026-04-03 13:58:05,1900-01-00 00:00:00,0960-wombat,B8:27:EB:FF:C8:F5,-57, WPA ,0.000000,0.000000,0.000,0.000,AP
2026-04-03 13:58:05,1900-01-00 00:00:00,0960-wombat,B8:27:EB:FF:C8:F5,-58, WPA ,0.000000,0.000000,0.000,0.000,AP
2026-04-03 13:58:05,1900-01-00 00:00:00,0960-wombat,B8:27:EB:FF:C8:F5,-60, WPA ,0.000000,0.000000,0.000,0.000,AP
2026-04-03 13:58:05,1900-01-00 00:00:00,0960-wombat,B8:27:EB:FF:C8:F5,-58, WPA ,0.000000,0.000000,0.000,0.000,AP
2026-04-03 13:58:05,1900-01-00 00:00:00,0960-wombat,B8:27:EB:FF:C8:F5,-59, WPA ,0.000000,0.000000,0.000,0.000,AP
2026-04-03 13:58:05,1900-01-00 00:00:00,0960-wombat,B8:27:EB:FF:C8:F5,-60, WPA ,0.000000,0.000000,0.000,0.000,AP
2026-04-03 13:58:05,1900-01-00 00:00:00,0960-wombat,B8:27:EB:FF:C8:F5,-59, WPA ,0.000000,0.000000,0.000,0.000,AP
2026-04-03 13:58:06,1900-01-00 00:00:00,0960-wombat,B8:27:EB:FF:C8:F5,-59, WPA ,0.000000,0.000000,0.000,0.000,AP
2026-04-03 13:58:06,1900-01-00 00:00:00,0960-wombat,B8:27:EB:FF:C8:F5,-59, WPA ,0.000000,0.000000,0.000,0.000,AP
2026-04-03 13:58:06,1900-01-00 00:00:00,0960-wombat,B8:27:EB:FF:C8:F5,-58, WPA ,0.000000,0.000000,0.000,0.000,AP
2026-04-03 13:58:06,1900-01-00 00:00:00,0960-wombat,B8:27:EB:FF:C8:F5,-59, WPA ,0.000000,0.000000,0.000,0.000,AP
2026-04-03 13:58:06,1900-01-00 00:00:00,0960-wombat,B8:27:EB:FF:C8:F5,-59, WPA ,0.000000,0.000000,0.000,0.000,AP
2026-04-03 13:58:06,1900-01-00 00:00:00,0960-wombat,B8:27:EB:FF:C8:F5,-59, WPA ,0.000000,0.000000,0.000,0.000,AP
2026-04-03 13:58:06,1900-01-00 00:00:00,0960-wombat,B8:27:EB:FF:C8:F5,-59, WPA ,0.000000,0.000000,0.000,0.000,AP
2026-04-03 13:58:06,1900-01-00 00:00:00,0960-wombat,B8:27:EB:FF:C8:F5,-58, WPA ,0.000000,0.000000,0.000,0.000,AP
2026-04-03 13:58:06,1900-01-00 00:00:00,0960-wombat,B8:27:EB:FF:C8:F5,-58, WPA ,0.000000,0.000000,0.000,0.000,AP
2026-04-03 13:58:06,1900-01-00 00:00:00,0960-wombat,B8:27:EB:FF:C8:F5,-59, WPA ,0.000000,0.000000,0.000,0.000,AP
2026-04-03 13:58:06,1900-01-00 00:00:00,0960-wombat,B8:27:EB:FF:C8:F5,-58, WPA ,0.000000,0.000000,0.000,0.000,AP
2026-04-03 13:58:06,1900-01-00 00:00:00,0960-wombat,B8:27:EB:FF:C8:F5,-58, WPA ,0.000000,0.000000,0.000,0.000,AP
2026-04-03 13:58:06,1900-01-00 00:00:00,0960-wombat,B8:27:EB:FF:C8:F5,-58, WPA ,0.000000,0.000000,0.000,0.000,AP
2026-04-03 13:58:06,1900-01-00 00:00:00,0960-wombat,B8:27:EB:FF:C8:F5,-58, WPA ,0.000000,0.000000,0.000,0.000,AP
2026-04-03 13:58:06,1900-01-00 00:00:00,0960-wombat,B8:27:EB:FF:C8:F5,-57, WPA ,0.000000,0.000000,0.000,0.000,AP
2026-04-03 13:58:06,1900-01-00 00:00:00,0960-wombat,B8:27:EB:FF:C8:F5,-58, WPA ,0.000000,0.000000,0.000,0.000,AP
2026-04-03 13:58:06,1900-01-00 00:00:00,0960-wombat,B8:27:EB:FF:C8:F5,-58, WPA ,0.000000,0.000000,0.000,0.000,AP
2026-04-03 13:58:06,1900-01-00 00:00:00,0960-wombat,B8:27:EB:FF:C8:F5,-58, WPA ,0.000000,0.000000,0.000,0.000,AP
2026-04-03 13:58:06,1900-01-00 00:00:00,0960-wombat,B8:27:EB:FF:C8:F5,-58, WPA ,0.000000,0.000000,0.000,0.000,AP
2026-04-03 13:58:06,1900-01-00 00:00:00,0960-wombat,B8:27:EB:FF:C8:F5,-58, WPA ,0.000000,0.000000,0.000,0.000,AP
2026-04-03 13:58:06,1900-01-00 00:00:00,0960-wombat,B8:27:EB:FF:C8:F5,-59, WPA ,0.000000,0.000000,0.000,0.000,AP
2026-04-03 13:58:06,1900-01-00 00:00:00,0960-wombat,B8:27:EB:FF:C8:F5,-58, WPA ,0.000000,0.000000,0.000,0.000,AP
2026-04-03 13:58:06,1900-01-00 00:00:00,0960-wombat,B8:27:EB:FF:C8:F5,-59, WPA ,0.000000,0.000000,0.000,0.000,AP
2026-04-03 13:58:06,1900-01-00 00:00:00,0960-wombat,B8:27:EB:FF:C8:F5,-58, WPA ,0.000000,0.000000,0.000,0.000,AP
2026-04-03 13:58:06,1900-01-00 00:00:00,0960-wombat,B8:27:EB:FF:C8:F5,-59, WPA ,0.000000,0.000000,0.000,0.000,AP
2026-04-03 13:58:07,1900-01-00 00:00:00,0960-wombat,B8:27:EB:FF:C8:F5,-58, WPA ,0.000000,0.000000,0.000,0.000,AP
2026-04-03 13:58:07,1900-01-00 00:00:00,0960-wombat,B8:27:EB:FF:C8:F5,-59, WPA ,0.000000,0.000000,0.000,0.000,AP
2026-04-03 13:58:07,1900-01-00 00:00:00,0960-wombat,B8:27:EB:FF:C8:F5,-58, WPA ,0.000000,0.000000,0.000,0.000,AP
2026-04-03 13:58:07,1900-01-00 00:00:00,0960-wombat,B8:27:EB:FF:C8:F5,-58, WPA ,0.000000,0.000000,0.000,0.000,AP
2026-04-03 13:58:07,1900-01-00 00:00:00,0960-wombat,B8:27:EB:FF:C8:F5,-58, WPA ,0.000000,0.000000,0.000,0.000,AP
2026-04-03 13:58:07,1900-01-00 00:00:00,0960-wombat,B8:27:EB:FF:C8:F5,-58, WPA ,0.000000,0.000000,0.000,0.000,AP
2026-04-03 13:58:07,1900-01-00 00:00:00,0960-wombat,B8:27:EB:FF:C8:F5,-57, WPA ,0.000000,0.000000,0.000,0.000,AP
2026-04-03 13:58:07,1900-01-00 00:00:00,0960-wombat,B8:27:EB:FF:C8:F5,-58, WPA ,0.000000,0.000000,0.000,0.000,AP
2026-04-03 13:58:07,1900-01-00 00:00:00,0960-wombat,B8:27:EB:FF:C8:F5,-57, WPA ,0.000000,0.000000,0.000,0.000,AP
2026-04-03 13:58:07,1900-01-00 00:00:00,0960-wombat,B8:27:EB:FF:C8:F5,-58, WPA ,0.000000,0.000000,0.000,0.000,AP
2026-04-03 13:58:08,1900-01-00 00:00:00,0960-wombat,B8:27:EB:FF:C8:F5,-57, WPA ,0.000000,0.000000,0.000,0.000,AP
2026-04-03 13:58:08,1900-01-00 00:00:00,0960-wombat,B8:27:EB:FF:C8:F5,-58, WPA ,0.000000,0.000000,0.000,0.000,AP
2026-04-03 13:58:08,1900-01-00 00:00:00,0960-wombat,B8:27:EB:FF:C8:F5,-58, WPA ,0.000000,0.000000,0.000,0.000,AP
2026-04-03 13:58:08,1900-01-00 00:00:00,0960-wombat,B8:27:EB:FF:C8:F5,-60, WPA ,0.000000,0.000000,0.000,0.000,AP
2026-04-03 13:58:08,1900-01-00 00:00:00,0960-wombat,B8:27:EB:FF:C8:F5,-61, WPA ,0.000000,0.000000,0.000,0.000,AP
2026-04-03 13:58:08,1900-01-00 00:00:00,0960-wombat,B8:27:EB:FF:C8:F5,-59, WPA ,0.000000,0.000000,0.000,0.000,AP
2026-04-03 13:58:08,1900-01-00 00:00:00,0960-wombat,B8:27:EB:FF:C8:F5,-59, WPA ,0.000000,0.000000,0.000,0.000,AP
2026-04-03 13:58:08,1900-01-00 00:00:00,0960-wombat,B8:27:EB:FF:C8:F5,-59, WPA ,0.000000,0.000000,0.000,0.000,AP
2026-04-03 13:58:08,1900-01-00 00:00:00,0960-wombat,B8:27:EB:FF:C8:F5,-59, WPA ,0.000000,0.000000,0.000,0.000,AP
2026-04-03 13:58:08,1900-01-00 00:00:00,0960-wombat,B8:27:EB:FF:C8:F5,-59, WPA ,0.000000,0.000000,0.000,0.000,AP
2026-04-03 13:58:08,1900-01-00 00:00:00,0960-wombat,B8:27:EB:FF:C8:F5,-58, WPA ,0.000000,0.000000,0.000,0.000,AP
2026-04-03 13:58:08,1900-01-00 00:00:00,0960-wombat,B8:27:EB:FF:C8:F5,-58, WPA ,0.000000,0.000000,0.000,0.000,AP
2026-04-03 13:58:08,1900-01-00 00:00:00,0960-wombat,B8:27:EB:FF:C8:F5,-58, WPA ,0.000000,0.000000,0.000,0.000,AP
2026-04-03 13:58:08,1900-01-00 00:00:00,0960-wombat,B8:27:EB:FF:C8:F5,-58, WPA ,0.000000,0.000000,0.000,0.000,AP
2026-04-03 13:58:08,1900-01-00 00:00:00,0960-wombat,B8:27:EB:FF:C8:F5,-58, WPA ,0.000000,0.000000,0.000,0.000,AP
2026-04-03 13:58:08,1900-01-00 00:00:00,0960-wombat,B8:27:EB:FF:C8:F5,-58, WPA ,0.000000,0.000000,0.000,0.000,AP
2026-04-03 13:58:08,1900-01-00 00:00:00,0960-wombat,B8:27:EB:FF:C8:F5,-58, WPA ,0.000000,0.000000,0.000,0.000,AP
2026-04-03 13:58:08,1900-01-00 00:00:00,0960-wombat,B8:27:EB:FF:C8:F5,-57, WPA ,0.000000,0.000000,0.000,0.000,AP
2026-04-03 13:58:08,1900-01-00 00:00:00,0960-wombat,B8:27:EB:FF:C8:F5,-57, WPA ,0.000000,0.000000,0.000,0.000,AP
2026-04-03 13:58:08,1900-01-00 00:00:00,0960-wombat,B8:27:EB:FF:C8:F5,-57, WPA ,0.000000,0.000000,0.000,0.000,AP
2026-04-03 13:58:08,1900-01-00 00:00:00,0960-wombat,B8:27:EB:FF:C8:F5,-55, WPA ,0.000000,0.000000,0.000,0.000,AP
2026-04-03 13:58:08,1900-01-00 00:00:00,0960-wombat,B8:27:EB:FF:C8:F5,-57, WPA ,0.000000,0.000000,0.000,0.000,AP
2026-04-03 13:58:08,1900-01-00 00:00:00,0960-wombat,B8:27:EB:FF:C8:F5,-56, WPA ,0.000000,0.000000,0.000,0.000,AP
2026-04-03 13:58:08,1900-01-00 00:00:00,0960-wombat,B8:27:EB:FF:C8:F5,-58, WPA ,0.000000,0.000000,0.000,0.000,AP
2026-04-03 13:58:08,1900-01-00 00:00:00,0960-wombat,B8:27:EB:FF:C8:F5,-58, WPA ,0.000000,0.000000,0.000,0.000,AP
2026-04-03 13:58:08,1900-01-00 00:00:00,0960-wombat,B8:27:EB:FF:C8:F5,-57, WPA ,0.000000,0.000000,0.000,0.000,AP
2026-04-03 13:58:08,1900-01-00 00:00:00,0960-wombat,B8:27:EB:FF:C8:F5,-58, WPA ,0.000000,0.000000,0.000,0.000,AP
2026-04-03 13:58:08,1900-01-00 00:00:00,0960-wombat,B8:27:EB:FF:C8:F5,-57, WPA ,0.000000,0.000000,0.000,0.000,AP
2026-04-03 13:58:08,1900-01-00 00:00:00,0960-wombat,B8:27:EB:FF:C8:F5,-59, WPA ,0.000000,0.000000,0.000,0.000,AP
2026-04-03 13:58:08,1900-01-00 00:00:00,0960-wombat,B8:27:EB:FF:C8:F5,-58, WPA ,0.000000,0.000000,0.000,0.000,AP
2026-04-03 13:58:08,1900-01-00 00:00:00,0960-wombat,B8:27:EB:FF:C8:F5,-58, WPA ,0.000000,0.000000,0.000,0.000,AP
2026-04-03 13:58:08,1900-01-00 00:00:00,0960-wombat,B8:27:EB:FF:C8:F5,-58, WPA ,0.000000,0.000000,0.000,0.000,AP
2026-04-03 13:58:08,1900-01-00 00:00:00,0960-wombat,B8:27:EB:FF:C8:F5,-58, WPA ,0.000000,0.000000,0.000,0.000,AP
2026-04-03 13:58:08,1900-01-00 00:00:00,0960-wombat,B8:27:EB:FF:C8:F5,-58, WPA ,0.000000,0.000000,0.000,0.000,AP
2026-04-03 13:58:08,1900-01-00 00:00:00,0960-wombat,B8:27:EB:FF:C8:F5,-58, WPA ,0.000000,0.000000,0.000,0.000,AP
2026-04-03 13:58:08,1900-01-00 00:00:00,0960-wombat,B8:27:EB:FF:C8:F5,-58, WPA ,0.000000,0.000000,0.000,0.000,AP
2026-04-03 13:58:08,1900-01-00 00:00:00,0960-wombat,B8:27:EB:FF:C8:F5,-57, WPA ,0.000000,0.000000,0.000,0.000,AP
2026-04-03 13:58:08,1900-01-00 00:00:00,0960-wombat,B8:27:EB:FF:C8:F5,-57, WPA ,0.000000,0.000000,0.000,0.000,AP
2026-04-03 13:58:08,1900-01-00 00:00:00,0960-wombat,B8:27:EB:FF:C8:F5,-57, WPA ,0.000000,0.000000,0.000,0.000,AP
2026-04-03 13:58:08,1900-01-00 00:00:00,0960-wombat,B8:27:EB:FF:C8:F5,-57, WPA ,0.000000,0.000000,0.000,0.000,AP
2026-04-03 13:58:08,1900-01-00 00:00:00,0960-wombat,B8:27:EB:FF:C8:F5,-57, WPA ,0.000000,0.000000,0.000,0.000,AP
2026-04-03 13:58:08,1900-01-00 00:00:00,0960-wombat,B8:27:EB:FF:C8:F5,-57, WPA ,0.000000,0.000000,0.000,0.000,AP
2026-04-03 13:58:08,1900-01-00 00:00:00,0960-wombat,B8:27:EB:FF:C8:F5,-58, WPA ,0.000000,0.000000,0.000,0.000,AP
2026-04-03 13:58:08,1900-01-00 00:00:00,0960-wombat,B8:27:EB:FF:C8:F5,-58, WPA ,0.000000,0.000000,0.000,0.000,AP
2026-04-03 13:58:08,1900-01-00 00:00:00,0960-wombat,B8:27:EB:FF:C8:F5,-58, WPA ,0.000000,0.000000,0.000,0.000,AP
2026-04-03 13:58:08,1900-01-00 00:00:00,0960-wombat,B8:27:EB:FF:C8:F5,-58, WPA ,0.000000,0.000000,0.000,0.000,AP
2026-04-03 13:58:09,1900-01-00 00:00:00,0960-wombat,B8:27:EB:FF:C8:F5,-58, WPA ,0.000000,0.000000,0.000,0.000,AP
2026-04-03 13:58:09,1900-01-00 00:00:00,0960-wombat,B8:27:EB:FF:C8:F5,-58, WPA ,0.000000,0.000000,0.000,0.000,AP
2026-04-03 13:58:09,1900-01-00 00:00:00,0960-wombat,B8:27:EB:FF:C8:F5,-58, WPA ,0.000000,0.000000,0.000,0.000,AP
2026-04-03 13:58:09,1900-01-00 00:00:00,0960-wombat,B8:27:EB:FF:C8:F5,-59, WPA ,0.000000,0.000000,0.000,0.000,AP
2026-04-03 13:58:09,1900-01-00 00:00:00,0960-wombat,B8:27:EB:FF:C8:F5,-58, WPA ,0.000000,0.000000,0.000,0.000,AP
2026-04-03 13:58:09,1900-01-00 00:00:00,0960-wombat,B8:27:EB:FF:C8:F5,-58, WPA ,0.000000,0.000000,0.000,0.000,AP
2026-04-03 13:58:09,1900-01-00 00:00:00,0960-wombat,B8:27:EB:FF:C8:F5,-59, WPA ,0.000000,0.000000,0.000,0.000,AP
2026-04-03 13:58:09,1900-01-00 00:00:00,0960-wombat,B8:27:EB:FF:C8:F5,-58, WPA ,0.000000,0.000000,0.000,0.000,AP
2026-04-03 13:58:09,1900-01-00 00:00:00,0960-wombat,B8:27:EB:FF:C8:F5,-59, WPA ,0.000000,0.000000,0.000,0.000,AP
2026-04-03 13:58:09,1900-01-00 00:00:00,0960-wombat,B8:27:EB:FF:C8:F5,-59, WPA ,0.000000,0.000000,0.000,0.000,AP
2026-04-03 13:58:10,1900-01-00 00:00:00,0960-wombat,B8:27:EB:FF:C8:F5,-59, WPA ,0.000000,0.000000,0.000,0.000,AP
2026-04-03 13:58:10,1900-01-00 00:00:00,0960-wombat,B8:27:EB:FF:C8:F5,-59, WPA ,0.000000,0.000000,0.000,0.000,AP
2026-04-03 13:58:10,1900-01-00 00:00:00,0960-wombat,B8:27:EB:FF:C8:F5,-59, WPA ,0.000000,0.000000,0.000,0.000,AP
2026-04-03 13:58:10,1900-01-00 00:00:00,0960-wombat,B8:27:EB:FF:C8:F5,-59, WPA ,0.000000,0.000000,0.000,0.000,AP
2026-04-03 13:58:10,1900-01-00 00:00:00,0960-wombat,B8:27:EB:FF:C8:F5,-60, WPA ,0.000000,0.000000,0.000,0.000,AP
2026-04-03 13:58:10,1900-01-00 00:00:00,0960-wombat,B8:27:EB:FF:C8:F5,-59, WPA ,0.000000,0.000000,0.000,0.000,AP
2026-04-03 13:58:10,1900-01-00 00:00:00,0960-wombat,B8:27:EB:FF:C8:F5,-58, WPA ,0.000000,0.000000,0.000,0.000,AP
2026-04-03 13:58:10,1900-01-00 00:00:00,0960-wombat,B8:27:EB:FF:C8:F5,-58, WPA ,0.000000,0.000000,0.000,0.000,AP
2026-04-03 13:58:10,1900-01-00 00:00:00,0960-wombat,B8:27:EB:FF:C8:F5,-59, WPA ,0.000000,0.000000,0.000,0.000,AP
2026-04-03 13:58:11,1900-01-00 00:00:00,0960-wombat,B8:27:EB:FF:C8:F5,-57, WPA ,0.000000,0.000000,0.000,0.000,AP
2026-04-03 13:58:11,1900-01-00 00:00:00,0960-wombat,B8:27:EB:FF:C8:F5,-58, WPA ,0.000000,0.000000,0.000,0.000,AP
2026-04-03 13:58:11,1900-01-00 00:00:00,0960-wombat,B8:27:EB:FF:C8:F5,-54, WPA ,0.000000,0.000000,0.000,0.000,AP
2026-04-03 13:58:11,1900-01-00 00:00:00,0960-wombat,B8:27:EB:FF:C8:F5,-58, WPA ,0.000000,0.000000,0.000,0.000,AP
2026-04-03 13:58:11,1900-01-00 00:00:00,0960-wombat,B8:27:EB:FF:C8:F5,-58, WPA ,0.000000,0.000000,0.000,0.000,AP
2026-04-03 13:58:11,1900-01-00 00:00:00,0960-wombat,B8:27:EB:FF:C8:F5,-58, WPA ,0.000000,0.000000,0.000,0.000,AP
2026-04-03 13:58:11,1900-01-00 00:00:00,0960-wombat,B8:27:EB:FF:C8:F5,-58, WPA ,0.000000,0.000000,0.000,0.000,AP
2026-04-03 13:58:11,1900-01-00 00:00:00,0960-wombat,B8:27:EB:FF:C8:F5,-58, WPA ,0.000000,0.000000,0.000,0.000,AP
2026-04-03 13:58:11,1900-01-00 00:00:00,0960-wombat,B8:27:EB:FF:C8:F5,-58, WPA ,0.000000,0.000000,0.000,0.000,AP
2026-04-03 13:58:11,1900-01-00 00:00:00,0960-wombat,B8:27:EB:FF:C8:F5,-58, WPA ,0.000000,0.000000,0.000,0.000,AP
2026-04-03 13:58:11,1900-01-00 00:00:00,0960-wombat,B8:27:EB:FF:C8:F5,-58, WPA ,0.000000,0.000000,0.000,0.000,AP
2026-04-03 13:58:11,1900-01-00 00:00:00,0960-wombat,B8:27:EB:FF:C8:F5,-58, WPA ,0.000000,0.000000,0.000,0.000,AP
2026-04-03 13:58:11,1900-01-00 00:00:00,0960-wombat,B8:27:EB:FF:C8:F5,-56, WPA ,0.000000,0.000000,0.000,0.000,AP
2026-04-03 13:58:11,1900-01-00 00:00:00,0960-wombat,B8:27:EB:FF:C8:F5,-40, WPA ,0.000000,0.000000,0.000,0.000,AP
2026-04-03 13:58:11,1900-01-00 00:00:00,0960-wombat,B8:27:EB:FF:C8:F5,-40, WPA ,0.000000,0.000000,0.000,0.000,AP
2026-04-03 13:58:11,1900-01-00 00:00:00,0960-wombat,B8:27:EB:FF:C8:F5,-40, WPA ,0.000000,0.000000,0.000,0.000,AP
2026-04-03 13:58:11,1900-01-00 00:00:00,0960-wombat,B8:27:EB:FF:C8:F5,-40, WPA ,0.000000,0.000000,0.000,0.000,AP
2026-04-03 13:58:11,1900-01-00 00:00:00,0960-wombat,B8:27:EB:FF:C8:F5,-40, WPA ,0.000000,0.000000,0.000,0.000,AP
2026-04-03 13:58:11,1900-01-00 00:00:00,0960-wombat,B8:27:EB:FF:C8:F5,-60, WPA ,0.000000,0.000000,0.000,0.000,AP
2026-04-03 13:58:11,1900-01-00 00:00:00,0960-wombat,B8:27:EB:FF:C8:F5,-60, WPA ,0.000000,0.000000,0.000,0.000,AP
2026-04-03 13:58:11,1900-01-00 00:00:00,0960-wombat,B8:27:EB:FF:C8:F5,-61, WPA ,0.000000,0.000000,0.000,0.000,AP
2026-04-03 13:58:11,1900-01-00 00:00:00,0960-wombat,B8:27:EB:FF:C8:F5,-58, WPA ,0.000000,0.000000,0.000,0.000,AP
2026-04-03 13:58:11,1900-01-00 00:00:00,0960-wombat,B8:27:EB:FF:C8:F5,-58, WPA ,0.000000,0.000000,0.000,0.000,AP
2026-04-03 13:58:11,1900-01-00 00:00:00,0960-wombat,B8:27:EB:FF:C8:F5,-58, WPA ,0.000000,0.000000,0.000,0.000,AP
2026-04-03 13:58:11,1900-01-00 00:00:00,0960-wombat,B8:27:EB:FF:C8:F5,-61, WPA ,0.000000,0.000000,0.000,0.000,AP
2026-04-03 13:58:11,1900-01-00 00:00:00,0960-wombat,B8:27:EB:FF:C8:F5,-60, WPA ,0.000000,0.000000,0.000,0.000,AP
2026-04-03 13:58:11,1900-01-00 00:00:00,0960-wombat,B8:27:EB:FF:C8:F5,-60, WPA ,0.000000,0.000000,0.000,0.000,AP
2026-04-03 13:58:11,1900-01-00 00:00:00,0960-wombat,B8:27:EB:FF:C8:F5,-60, WPA ,0.000000,0.000000,0.000,0.000,AP
2026-04-03 13:58:11,1900-01-00 00:00:00,0960-wombat,B8:27:EB:FF:C8:F5,-48, WPA ,0.000000,0.000000,0.000,0.000,AP
2026-04-03 13:58:11,1900-01-00 00:00:00,0960-wombat,B8:27:EB:FF:C8:F5,-57, WPA ,0.000000,0.000000,0.000,0.000,AP
2026-04-03 13:58:11,1900-01-00 00:00:00,0960-wombat,B8:27:EB:FF:C8:F5,-57, WPA ,0.000000,0.000000,0.000,0.000,AP
2026-04-03 13:58:11,1900-01-00 00:00:00,0960-wombat,B8:27:EB:FF:C8:F5,-57, WPA ,0.000000,0.000000,0.000,0.000,AP
2026-04-03 13:58:11,1900-01-00 00:00:00,0960-wombat,B8:27:EB:FF:C8:F5,-57, WPA ,0.000000,0.000000,0.000,0.000,AP
2026-04-03 13:58:11,1900-01-00 00:00:00,0960-wombat,B8:27:EB:FF:C8:F5,-57, WPA ,0.000000,0.000000,0.000,0.000,AP
2026-04-03 13:58:11,1900-01-00 00:00:00,0960-wombat,B8:27:EB:FF:C8:F5,-57, WPA ,0.000000,0.000000,0.000,0.000,AP
2026-04-03 13:58:11,1900-01-00 00:00:00,0960-wombat,B8:27:EB:FF:C8:F5,-57, WPA ,0.000000,0.000000,0.000,0.000,AP
2026-04-03 13:58:11,1900-01-00 00:00:00,0960-wombat,B8:27:EB:FF:C8:F5,-57, WPA ,0.000000,0.000000,0.000,0.000,AP
2026-04-03 13:58:11,1900-01-00 00:00:00,0960-wombat,B8:27:EB:FF:C8:F5,-57, WPA ,0.000000,0.000000,0.000,0.000,AP
2026-04-03 13:58:11,1900-01-00 00:00:00,0960-wombat,B8:27:EB:FF:C8:F5,-57, WPA ,0.000000,0.000000,0.000,0.000,AP
2026-04-03 13:58:11,1900-01-00 00:00:00,0960-wombat,B8:27:EB:FF:C8:F5,-57, WPA ,0.000000,0.000000,0.000,0.000,AP
2026-04-03 13:58:11,1900-01-00 00:00:00,0960-wombat,B8:27:EB:FF:C8:F5,-57, WPA ,0.000000,0.000000,0.000,0.000,AP
2026-04-03 13:58:11,1900-01-00 00:00:00,0960-wombat,B8:27:EB:FF:C8:F5,-57, WPA ,0.000000,0.000000,0.000,0.000,AP
2026-04-03 13:58:11,1900-01-00 00:00:00,0960-wombat,B8:27:EB:FF:C8:F5,-59, WPA ,0.000000,0.000000,0.000,0.000,AP
2026-04-03 13:58:11,1900-01-00 00:00:00,0960-wombat,B8:27:EB:FF:C8:F5,-59, WPA ,0.000000,0.000000,0.000,0.000,AP
2026-04-03 13:58:11,1900-01-00 00:00:00,0960-wombat,B8:27:EB:FF:C8:F5,-59, WPA ,0.000000,0.000000,0.000,0.000,AP
2026-04-03 13:58:11,1900-01-00 00:00:00,0960-wombat,B8:27:EB:FF:C8:F5,-58, WPA ,0.000000,0.000000,0.000,0.000,AP
2026-04-03 13:58:11,1900-01-00 00:00:00,0960-wombat,B8:27:EB:FF:C8:F5,-58, WPA ,0.000000,0.000000,0.000,0.000,AP
2026-04-03 13:58:11,1900-01-00 00:00:00,0960-wombat,B8:27:EB:FF:C8:F5,-58, WPA ,0.000000,0.000000,0.000,0.000,AP
2026-04-03 13:58:11,1900-01-00 00:00:00,0960-wombat,B8:27:EB:FF:C8:F5,-59, WPA ,0.000000,0.000000,0.000,0.000,AP
2026-04-03 13:58:11,1900-01-00 00:00:00,0960-wombat,B8:27:EB:FF:C8:F5,-60, WPA ,0.000000,0.000000,0.000,0.000,AP
2026-04-03 13:58:11,1900-01-00 00:00:00,0960-wombat,B8:27:EB:FF:C8:F5,-59, WPA ,0.000000,0.000000,0.000,0.000,AP
2026-04-03 13:58:11,1900-01-00 00:00:00,0960-wombat,B8:27:EB:FF:C8:F5,-53, WPA ,0.000000,0.000000,0.000,0.000,AP
2026-04-03 13:58:11,1900-01-00 00:00:00,0960-wombat,B8:27:EB:FF:C8:F5,-53, WPA ,0.000000,0.000000,0.000,0.000,AP
2026-04-03 13:58:11,1900-01-00 00:00:00,0960-wombat,B8:27:EB:FF:C8:F5,-61, WPA ,0.000000,0.000000,0.000,0.000,AP
2026-04-03 13:58:11,1900-01-00 00:00:00,0960-wombat,B8:27:EB:FF:C8:F5,-61, WPA ,0.000000,0.000000,0.000,0.000,AP
2026-04-03 13:58:11,1900-01-00 00:00:00,0960-wombat,B8:27:EB:FF:C8:F5,-61, WPA ,0.000000,0.000000,0.000,0.000,AP
2026-04-03 13:58:11,1900-01-00 00:00:00,0960-wombat,B8:27:EB:FF:C8:F5,-59, WPA ,0.000000,0.000000,0.000,0.000,AP
2026-04-03 13:58:11,1900-01-00 00:00:00,0960-wombat,B8:27:EB:FF:C8:F5,-61, WPA ,0.000000,0.000000,0.000,0.000,AP
2026-04-03 13:58:11,1900-01-00 00:00:00,0960-wombat,B8:27:EB:FF:C8:F5,-60, WPA ,0.000000,0.000000,0.000,0.000,AP
2026-04-03 13:58:11,1900-01-00 00:00:00,0960-wombat,B8:27:EB:FF:C8:F5,-59, WPA ,0.000000,0.000000,0.000,0.000,AP
2026-04-03 13:58:11,1900-01-00 00:00:00,0960-wombat,B8:27:EB:FF:C8:F5,-59, WPA ,0.000000,0.000000,0.000,0.000,AP
2026-04-03 13:58:11,1900-01-00 00:00:00,0960-wombat,B8:27:EB:FF:C8:F5,-59, WPA ,0.000000,0.000000,0.000,0.000,AP
2026-04-03 13:58:11,1900-01-00 00:00:00,0960-wombat,B8:27:EB:FF:C8:F5,-61, WPA ,0.000000,0.000000,0.000,0.000,AP
2026-04-03 13:58:11,1900-01-00 00:00:00,0960-wombat,B8:27:EB:FF:C8:F5,-59, WPA ,0.000000,0.000000,0.000,0.000,AP
2026-04-03 13:58:11,1900-01-00 00:00:00,0960-wombat,B8:27:EB:FF:C8:F5,-59, WPA ,0.000000,0.000000,0.000,0.000,AP
2026-04-03 13:58:11,1900-01-00 00:00:00,0960-wombat,B8:27:EB:FF:C8:F5,-60, WPA ,0.000000,0.000000,0.000,0.000,AP
2026-04-03 13:58:11,1900-01-00 00:00:00,0960-wombat,B8:27:EB:FF:C8:F5,-60, WPA ,0.000000,0.000000,0.000,0.000,AP
2026-04-03 13:58:11,1900-01-00 00:00:00,0960-wombat,B8:27:EB:FF:C8:F5,-40, WPA ,0.000000,0.000000,0.000,0.000,AP
2026-04-03 13:58:11,1900-01-00 00:00:00,0960-wombat,B8:27:EB:FF:C8:F5,-40, WPA ,0.000000,0.000000,0.000,0.000,AP
2026-04-03 13:58:11,1900-01-00 00:00:00,0960-wombat,B8:27:EB:FF:C8:F5,-51, WPA ,0.000000,0.000000,0.000,0.000,AP
2026-04-03 13:58:11,1900-01-00 00:00:00,0960-wombat,B8:27:EB:FF:C8:F5,-62, WPA ,0.000000,0.000000,0.000,0.000,AP
2026-04-03 13:58:11,1900-01-00 00:00:00,0960-wombat,B8:27:EB:FF:C8:F5,-61, WPA ,0.000000,0.000000,0.000,0.000,AP
2026-04-03 13:58:11,1900-01-00 00:00:00,0960-wombat,B8:27:EB:FF:C8:F5,-62, WPA ,0.000000,0.000000,0.000,0.000,AP
2026-04-03 13:58:11,1900-01-00 00:00:00,0960-wombat,B8:27:EB:FF:C8:F5,-62, WPA ,0.000000,0.000000,0.000,0.000,AP
2026-04-03 13:58:11,1900-01-00 00:00:00,0960-wombat,B8:27:EB:FF:C8:F5,-62, WPA ,0.000000,0.000000,0.000,0.000,AP
2026-04-03 13:58:12,1900-01-00 00:00:00,0960-wombat,B8:27:EB:FF:C8:F5,-59, WPA ,0.000000,0.000000,0.000,0.000,AP
2026-04-03 13:58:12,1900-01-00 00:00:00,0960-wombat,B8:27:EB:FF:C8:F5,-62, WPA ,0.000000,0.000000,0.000,0.000,AP
2026-04-03 13:58:12,1900-01-00 00:00:00,0960-wombat,B8:27:EB:FF:C8:F5,-61, WPA ,0.000000,0.000000,0.000,0.000,AP
2026-04-03 13:58:12,1900-01-00 00:00:00,0960-wombat,B8:27:EB:FF:C8:F5,-61, WPA ,0.000000,0.000000,0.000,0.000,AP
2026-04-03 13:58:12,1900-01-00 00:00:00,0960-wombat,B8:27:EB:FF:C8:F5,-61, WPA ,0.000000,0.000000,0.000,0.000,AP
2026-04-03 13:58:12,1900-01-00 00:00:00,0960-wombat,B8:27:EB:FF:C8:F5,-61, WPA ,0.000000,0.000000,0.000,0.000,AP
2026-04-03 13:58:12,1900-01-00 00:00:00,0960-wombat,B8:27:EB:FF:C8:F5,-61, WPA ,0.000000,0.000000,0.000,0.000,AP
2026-04-03 13:58:12,1900-01-00 00:00:00,0960-wombat,B8:27:EB:FF:C8:F5,-63, WPA ,0.000000,0.000000,0.000,0.000,AP
2026-04-03 13:58:12,1900-01-00 00:00:00,0960-wombat,B8:27:EB:FF:C8:F5,-62, WPA ,0.000000,0.000000,0.000,0.000,AP
2026-04-03 13:58:12,1900-01-00 00:00:00,0960-wombat,B8:27:EB:FF:C8:F5,-62, WPA ,0.000000,0.000000,0.000,0.000,AP
2026-04-03 13:58:12,1900-01-00 00:00:00,0960-wombat,B8:27:EB:FF:C8:F5,-62, WPA ,0.000000,0.000000,0.000,0.000,AP
2026-04-03 13:58:12,1900-01-00 00:00:00,0960-wombat,B8:27:EB:FF:C8:F5,-62, WPA ,0.000000,0.000000,0.000,0.000,AP
2026-04-03 13:58:12,1900-01-00 00:00:00,0960-wombat,B8:27:EB:FF:C8:F5,-62, WPA ,0.000000,0.000000,0.000,0.000,AP
2026-04-03 13:58:12,1900-01-00 00:00:00,0960-wombat,B8:27:EB:FF:C8:F5,-62, WPA ,0.000000,0.000000,0.000,0.000,AP
2026-04-03 13:58:12,1900-01-00 00:00:00,0960-wombat,B8:27:EB:FF:C8:F5,-62, WPA ,0.000000,0.000000,0.000,0.000,AP
2026-04-03 13:58:12,1900-01-00 00:00:00,0960-wombat,B8:27:EB:FF:C8:F5,-62, WPA ,0.000000,0.000000,0.000,0.000,AP
2026-04-03 13:58:12,1900-01-00 00:00:00,0960-wombat,B8:27:EB:FF:C8:F5,-62, WPA ,0.000000,0.000000,0.000,0.000,AP
2026-04-03 13:58:12,1900-01-00 00:00:00,0960-wombat,B8:27:EB:FF:C8:F5,-63, WPA ,0.000000,0.000000,0.000,0.000,AP
2026-04-03 13:58:12,1900-01-00 00:00:00,0960-wombat,B8:27:EB:FF:C8:F5,-63, WPA ,0.000000,0.000000,0.000,0.000,AP
2026-04-03 13:58:12,1900-01-00 00:00:00,0960-wombat,B8:27:EB:FF:C8:F5,-63, WPA ,0.000000,0.000000,0.000,0.000,AP
2026-04-03 13:58:12,1900-01-00 00:00:00,0960-wombat,B8:27:EB:FF:C8:F5,-63, WPA ,0.000000,0.000000,0.000,0.000,AP
2026-04-03 13:58:12,1900-01-00 00:00:00,0960-wombat,B8:27:EB:FF:C8:F5,-63, WPA ,0.000000,0.000000,0.000,0.000,AP
2026-04-03 13:58:12,1900-01-00 00:00:00,0960-wombat,B8:27:EB:FF:C8:F5,-63, WPA ,0.000000,0.000000,0.000,0.000,AP
2026-04-03 13:58:12,1900-01-00 00:00:00,0960-wombat,B8:27:EB:FF:C8:F5,-63, WPA ,0.000000,0.000000,0.000,0.000,AP
2026-04-03 13:58:12,1900-01-00 00:00:00,0960-wombat,B8:27:EB:FF:C8:F5,-63, WPA ,0.000000,0.000000,0.000,0.000,AP
2026-04-03 13:58:12,1900-01-00 00:00:00,0960-wombat,B8:27:EB:FF:C8:F5,-60, WPA ,0.000000,0.000000,0.000,0.000,AP
2026-04-03 13:58:12,1900-01-00 00:00:00,0960-wombat,B8:27:EB:FF:C8:F5,-52, WPA ,0.000000,0.000000,0.000,0.000,AP
2026-04-03 13:58:12,1900-01-00 00:00:00,0960-wombat,B8:27:EB:FF:C8:F5,-52, WPA ,0.000000,0.000000,0.000,0.000,AP
2026-04-03 13:58:12,1900-01-00 00:00:00,0960-wombat,B8:27:EB:FF:C8:F5,-52, WPA ,0.000000,0.000000,0.000,0.000,AP
2026-04-03 13:58:12,1900-01-00 00:00:00,0960-wombat,B8:27:EB:FF:C8:F5,-52, WPA ,0.000000,0.000000,0.000,0.000,AP
2026-04-03 13:58:12,1900-01-00 00:00:00,0960-wombat,B8:27:EB:FF:C8:F5,-61, WPA ,0.000000,0.000000,0.000,0.000,AP
2026-04-03 13:58:12,1900-01-00 00:00:00,0960-wombat,B8:27:EB:FF:C8:F5,-61, WPA ,0.000000,0.000000,0.000,0.000,AP
2026-04-03 13:58:12,1900-01-00 00:00:00,0960-wombat,B8:27:EB:FF:C8:F5,-61, WPA ,0.000000,0.000000,0.000,0.000,AP
2026-04-03 13:58:12,1900-01-00 00:00:00,0960-wombat,B8:27:EB:FF:C8:F5,-61, WPA ,0.000000,0.000000,0.000,0.000,AP
2026-04-03 13:58:12,1900-01-00 00:00:00,0960-wombat,B8:27:EB:FF:C8:F5,-61, WPA ,0.000000,0.000000,0.000,0.000,AP
2026-04-03 13:58:12,1900-01-00 00:00:00,0960-wombat,B8:27:EB:FF:C8:F5,-61, WPA ,0.000000,0.000000,0.000,0.000,AP
2026-04-03 13:58:12,1900-01-00 00:00:00,0960-wombat,B8:27:EB:FF:C8:F5,-61, WPA ,0.000000,0.000000,0.000,0.000,AP
2026-04-03 13:58:12,1900-01-00 00:00:00,0960-wombat,B8:27:EB:FF:C8:F5,-61, WPA ,0.000000,0.000000,0.000,0.000,AP
2026-04-03 13:58:12,1900-01-00 00:00:00,0960-wombat,B8:27:EB:FF:C8:F5,-61, WPA ,0.000000,0.000000,0.000,0.000,AP
2026-04-03 13:58:12,1900-01-00 00:00:00,0960-wombat,B8:27:EB:FF:C8:F5,-61, WPA ,0.000000,0.000000,0.000,0.000,AP
2026-04-03 13:58:12,1900-01-00 00:00:00,0960-wombat,B8:27:EB:FF:C8:F5,-61, WPA ,0.000000,0.000000,0.000,0.000,AP
2026-04-03 13:58:12,1900-01-00 00:00:00,0960-wombat,B8:27:EB:FF:C8:F5,-61, WPA ,0.000000,0.000000,0.000,0.000,AP
2026-04-03 13:58:12,1900-01-00 00:00:00,0960-wombat,B8:27:EB:FF:C8:F5,-41, WPA ,0.000000,0.000000,0.000,0.000,AP
2026-04-03 13:58:12,1900-01-00 00:00:00,0960-wombat,B8:27:EB:FF:C8:F5,-41, WPA ,0.000000,0.000000,0.000,0.000,AP
2026-04-03 13:58:12,1900-01-00 00:00:00,0960-wombat,B8:27:EB:FF:C8:F5,-57, WPA ,0.000000,0.000000,0.000,0.000,AP
2026-04-03 13:58:12,1900-01-00 00:00:00,0960-wombat,B8:27:EB:FF:C8:F5,-57, WPA ,0.000000,0.000000,0.000,0.000,AP
2026-04-03 13:58:12,1900-01-00 00:00:00,0960-wombat,B8:27:EB:FF:C8:F5,-57, WPA ,0.000000,0.000000,0.000,0.000,AP
2026-04-03 13:58:12,1900-01-00 00:00:00,0960-wombat,B8:27:EB:FF:C8:F5,-52, WPA ,0.000000,0.000000,0.000,0.000,AP
2026-04-03 13:58:12,1900-01-00 00:00:00,0960-wombat,B8:27:EB:FF:C8:F5,-52, WPA ,0.000000,0.000000,0.000,0.000,AP
2026-04-03 13:58:12,1900-01-00 00:00:00,0960-wombat,B8:27:EB:FF:C8:F5,-52, WPA ,0.000000,0.000000,0.000,0.000,AP
2026-04-03 13:58:12,1900-01-00 00:00:00,0960-wombat,B8:27:EB:FF:C8:F5,-58, WPA ,0.000000,0.000000,0.000,0.000,AP
2026-04-03 13:58:12,1900-01-00 00:00:00,0960-wombat,B8:27:EB:FF:C8:F5,-58, WPA ,0.000000,0.000000,0.000,0.000,AP
2026-04-03 13:58:12,1900-01-00 00:00:00,0960-wombat,B8:27:EB:FF:C8:F5,-52, WPA ,0.000000,0.000000,0.000,0.000,AP
2026-04-03 13:58:12,1900-01-00 00:00:00,0960-wombat,B8:27:EB:FF:C8:F5,-52, WPA ,0.000000,0.000000,0.000,0.000,AP
2026-04-03 13:58:12,1900-01-00 00:00:00,0960-wombat,B8:27:EB:FF:C8:F5,-52, WPA ,0.000000,0.000000,0.000,0.000,AP
2026-04-03 13:58:12,1900-01-00 00:00:00,0960-wombat,B8:27:EB:FF:C8:F5,-52, WPA ,0.000000,0.000000,0.000,0.000,AP
2026-04-03 13:58:12,1900-01-00 00:00:00,0960-wombat,B8:27:EB:FF:C8:F5,-52, WPA ,0.000000,0.000000,0.000,0.000,AP
2026-04-03 13:58:12,1900-01-00 00:00:00,0960-wombat,B8:27:EB:FF:C8:F5,-52, WPA ,0.000000,0.000000,0.000,0.000,AP
2026-04-03 13:58:12,1900-01-00 00:00:00,0960-wombat,B8:27:EB:FF:C8:F5,-52, WPA ,0.000000,0.000000,0.000,0.000,AP
2026-04-03 13:58:12,1900-01-00 00:00:00,0960-wombat,B8:27:EB:FF:C8:F5,-52, WPA ,0.000000,0.000000,0.000,0.000,AP
2026-04-03 13:58:12,1900-01-00 00:00:00,0960-wombat,B8:27:EB:FF:C8:F5,-52, WPA ,0.000000,0.000000,0.000,0.000,AP
2026-04-03 13:58:12,1900-01-00 00:00:00,0960-wombat,B8:27:EB:FF:C8:F5,-52, WPA ,0.000000,0.000000,0.000,0.000,AP
2026-04-03 13:58:12,1900-01-00 00:00:00,0960-wombat,B8:27:EB:FF:C8:F5,-52, WPA ,0.000000,0.000000,0.000,0.000,AP
2026-04-03 13:58:12,1900-01-00 00:00:00,0960-wombat,B8:27:EB:FF:C8:F5,-52, WPA ,0.000000,0.000000,0.000,0.000,AP
2026-04-03 13:58:12,1900-01-00 00:00:00,0960-wombat,B8:27:EB:FF:C8:F5,-52, WPA ,0.000000,0.000000,0.000,0.000,AP
2026-04-03 13:58:12,1900-01-00 00:00:00,0960-wombat,B8:27:EB:FF:C8:F5,-52, WPA ,0.000000,0.000000,0.000,0.000,AP
2026-04-03 13:58:12,1900-01-00 00:00:00,0960-wombat,B8:27:EB:FF:C8:F5,-52, WPA ,0.000000,0.000000,0.000,0.000,AP
2026-04-03 13:58:12,1900-01-00 00:00:00,0960-wombat,B8:27:EB:FF:C8:F5,-52, WPA ,0.000000,0.000000,0.000,0.000,AP
2026-04-03 13:58:12,1900-01-00 00:00:00,0960-wombat,B8:27:EB:FF:C8:F5,-60, WPA ,0.000000,0.000000,0.000,0.000,AP
2026-04-03 13:58:12,1900-01-00 00:00:00,0960-wombat,B8:27:EB:FF:C8:F5,-60, WPA ,0.000000,0.000000,0.000,0.000,AP
2026-04-03 13:58:12,1900-01-00 00:00:00,0960-wombat,B8:27:EB:FF:C8:F5,-60, WPA ,0.000000,0.000000,0.000,0.000,AP
2026-04-03 13:58:12,1900-01-00 00:00:00,0960-wombat,B8:27:EB:FF:C8:F5,-60, WPA ,0.000000,0.000000,0.000,0.000,AP
2026-04-03 13:58:12,1900-01-00 00:00:00,0960-wombat,B8:27:EB:FF:C8:F5,-60, WPA ,0.000000,0.000000,0.000,0.000,AP
2026-04-03 13:58:12,1900-01-00 00:00:00,0960-wombat,B8:27:EB:FF:C8:F5,-60, WPA ,0.000000,0.000000,0.000,0.000,AP
2026-04-03 13:58:12,1900-01-00 00:00:00,0960-wombat,B8:27:EB:FF:C8:F5,-61, WPA ,0.000000,0.000000,0.000,0.000,AP
2026-04-03 13:58:12,1900-01-00 00:00:00,0960-wombat,B8:27:EB:FF:C8:F5,-52, WPA ,0.000000,0.000000,0.000,0.000,AP
2026-04-03 13:58:12,1900-01-00 00:00:00,0960-wombat,B8:27:EB:FF:C8:F5,-52, WPA ,0.000000,0.000000,0.000,0.000,AP
2026-04-03 13:58:12,1900-01-00 00:00:00,0960-wombat,B8:27:EB:FF:C8:F5,-52, WPA ,0.000000,0.000000,0.000,0.000,AP
2026-04-03 13:58:12,1900-01-00 00:00:00,0960-wombat,B8:27:EB:FF:C8:F5,-52, WPA ,0.000000,0.000000,0.000,0.000,AP
2026-04-03 13:58:12,1900-01-00 00:00:00,0960-wombat,B8:27:EB:FF:C8:F5,-52, WPA ,0.000000,0.000000,0.000,0.000,AP
2026-04-03 13:58:12,1900-01-00 00:00:00,0960-wombat,B8:27:EB:FF:C8:F5,-52, WPA ,0.000000,0.000000,0.000,0.000,AP
2026-04-03 13:58:12,1900-01-00 00:00:00,0960-wombat,B8:27:EB:FF:C8:F5,-52, WPA ,0.000000,0.000000,0.000,0.000,AP
2026-04-03 13:58:12,1900-01-00 00:00:00,0960-wombat,B8:27:EB:FF:C8:F5,-52, WPA ,0.000000,0.000000,0.000,0.000,AP
2026-04-03 13:58:12,1900-01-00 00:00:00,0960-wombat,B8:27:EB:FF:C8:F5,-52, WPA ,0.000000,0.000000,0.000,0.000,AP
2026-04-03 13:58:12,1900-01-00 00:00:00,0960-wombat,B8:27:EB:FF:C8:F5,-52, WPA ,0.000000,0.000000,0.000,0.000,AP
2026-04-03 13:58:12,1900-01-00 00:00:00,0960-wombat,B8:27:EB:FF:C8:F5,-52, WPA ,0.000000,0.000000,0.000,0.000,AP
2026-04-03 13:58:12,1900-01-00 00:00:00,0960-wombat,B8:27:EB:FF:C8:F5,-52, WPA ,0.000000,0.000000,0.000,0.000,AP
2026-04-03 13:58:12,1900-01-00 00:00:00,0960-wombat,B8:27:EB:FF:C8:F5,-52, WPA ,0.000000,0.000000,0.000,0.000,AP
2026-04-03 13:58:12,1900-01-00 00:00:00,0960-wombat,B8:27:EB:FF:C8:F5,-52, WPA ,0.000000,0.000000,0.000,0.000,AP
2026-04-03 13:58:12,1900-01-00 00:00:00,0960-wombat,B8:27:EB:FF:C8:F5,-60, WPA ,0.000000,0.000000,0.000,0.000,AP
2026-04-03 13:58:12,1900-01-00 00:00:00,0960-wombat,B8:27:EB:FF:C8:F5,-52, WPA ,0.000000,0.000000,0.000,0.000,AP
2026-04-03 13:58:12,1900-01-00 00:00:00,0960-wombat,B8:27:EB:FF:C8:F5,-52, WPA ,0.000000,0.000000,0.000,0.000,AP
2026-04-03 13:58:12,1900-01-00 00:00:00,0960-wombat,B8:27:EB:FF:C8:F5,-52, WPA ,0.000000,0.000000,0.000,0.000,AP
2026-04-03 13:58:12,1900-01-00 00:00:00,0960-wombat,B8:27:EB:FF:C8:F5,-52, WPA ,0.000000,0.000000,0.000,0.000,AP
2026-04-03 13:58:12,1900-01-00 00:00:00,0960-wombat,B8:27:EB:FF:C8:F5,-60, WPA ,0.000000,0.000000,0.000,0.000,AP
2026-04-03 13:58:12,1900-01-00 00:00:00,0960-wombat,B8:27:EB:FF:C8:F5,-60, WPA ,0.000000,0.000000,0.000,0.000,AP
2026-04-03 13:58:12,1900-01-00 00:00:00,0960-wombat,B8:27:EB:FF:C8:F5,-60, WPA ,0.000000,0.000000,0.000,0.000,AP
2026-04-03 13:58:12,1900-01-00 00:00:00,0960-wombat,B8:27:EB:FF:C8:F5,-60, WPA ,0.000000,0.000000,0.000,0.000,AP
2026-04-03 13:58:12,1900-01-00 00:00:00,0960-wombat,B8:27:EB:FF:C8:F5,-60, WPA ,0.000000,0.000000,0.000,0.000,AP
2026-04-03 13:58:12,1900-01-00 00:00:00,0960-wombat,B8:27:EB:FF:C8:F5,-60, WPA ,0.000000,0.000000,0.000,0.000,AP
2026-04-03 13:58:12,1900-01-00 00:00:00,0960-wombat,B8:27:EB:FF:C8:F5,-60, WPA ,0.000000,0.000000,0.000,0.000,AP
2026-04-03 13:58:12,1900-01-00 00:00:00,0960-wombat,B8:27:EB:FF:C8:F5,-61, WPA ,0.000000,0.000000,0.000,0.000,AP
2026-04-03 13:58:12,1900-01-00 00:00:00,0960-wombat,B8:27:EB:FF:C8:F5,-61, WPA ,0.000000,0.000000,0.000,0.000,AP
2026-04-03 13:58:12,1900-01-00 00:00:00,0960-wombat,B8:27:EB:FF:C8:F5,-61, WPA ,0.000000,0.000000,0.000,0.000,AP
2026-04-03 13:58:12,1900-01-00 00:00:00,0960-wombat,B8:27:EB:FF:C8:F5,-61, WPA ,0.000000,0.000000,0.000,0.000,AP
2026-04-03 13:58:12,1900-01-00 00:00:00,0960-wombat,B8:27:EB:FF:C8:F5,-63, WPA ,0.000000,0.000000,0.000,0.000,AP
2026-04-03 13:58:12,1900-01-00 00:00:00,0960-wombat,B8:27:EB:FF:C8:F5,-41, WPA ,0.000000,0.000000,0.000,0.000,AP
2026-04-03 13:58:12,1900-01-00 00:00:00,0960-wombat,B8:27:EB:FF:C8:F5,-41, WPA ,0.000000,0.000000,0.000,0.000,AP
2026-04-03 13:58:12,1900-01-00 00:00:00,0960-wombat,B8:27:EB:FF:C8:F5,-58, WPA ,0.000000,0.000000,0.000,0.000,AP
2026-04-03 13:58:12,1900-01-00 00:00:00,0960-wombat,B8:27:EB:FF:C8:F5,-58, WPA ,0.000000,0.000000,0.000,0.000,AP
2026-04-03 13:58:12,1900-01-00 00:00:00,0960-wombat,B8:27:EB:FF:C8:F5,-58, WPA ,0.000000,0.000000,0.000,0.000,AP
2026-04-03 13:58:12,1900-01-00 00:00:00,0960-wombat,B8:27:EB:FF:C8:F5,-58, WPA ,0.000000,0.000000,0.000,0.000,AP
2026-04-03 13:58:12,1900-01-00 00:00:00,0960-wombat,B8:27:EB:FF:C8:F5,-58, WPA ,0.000000,0.000000,0.000,0.000,AP
2026-04-03 13:58:12,1900-01-00 00:00:00,0960-wombat,B8:27:EB:FF:C8:F5,-58, WPA ,0.000000,0.000000,0.000,0.000,AP
2026-04-03 13:58:12,1900-01-00 00:00:00,0960-wombat,B8:27:EB:FF:C8:F5,-61, WPA ,0.000000,0.000000,0.000,0.000,AP
2026-04-03 13:58:12,1900-01-00 00:00:00,0960-wombat,B8:27:EB:FF:C8:F5,-61, WPA ,0.000000,0.000000,0.000,0.000,AP
2026-04-03 13:58:12,1900-01-00 00:00:00,0960-wombat,B8:27:EB:FF:C8:F5,-63, WPA ,0.000000,0.000000,0.000,0.000,AP
2026-04-03 13:58:12,1900-01-00 00:00:00,0960-wombat,B8:27:EB:FF:C8:F5,-63, WPA ,0.000000,0.000000,0.000,0.000,AP
2026-04-03 13:58:12,1900-01-00 00:00:00,0960-wombat,B8:27:EB:FF:C8:F5,-63, WPA ,0.000000,0.000000,0.000,0.000,AP
2026-04-03 13:58:12,1900-01-00 00:00:00,0960-wombat,B8:27:EB:FF:C8:F5,-63, WPA ,0.000000,0.000000,0.000,0.000,AP
2026-04-03 13:58:12,1900-01-00 00:00:00,0960-wombat,B8:27:EB:FF:C8:F5,-63, WPA ,0.000000,0.000000,0.000,0.000,AP
2026-04-03 13:58:12,1900-01-00 00:00:00,0960-wombat,B8:27:EB:FF:C8:F5,-63, WPA ,0.000000,0.000000,0.000,0.000,AP
2026-04-03 13:58:12,1900-01-00 00:00:00,0960-wombat,B8:27:EB:FF:C8:F5,-63, WPA ,0.000000,0.000000,0.000,0.000,AP
2026-04-03 13:58:12,1900-01-00 00:00:00,0960-wombat,B8:27:EB:FF:C8:F5,-63, WPA ,0.000000,0.000000,0.000,0.000,AP
2026-04-03 13:58:12,1900-01-00 00:00:00,0960-wombat,B8:27:EB:FF:C8:F5,-63, WPA ,0.000000,0.000000,0.000,0.000,AP
2026-04-03 13:58:12,1900-01-00 00:00:00,0960-wombat,B8:27:EB:FF:C8:F5,-63, WPA ,0.000000,0.000000,0.000,0.000,AP
2026-04-03 13:58:12,1900-01-00 00:00:00,0960-wombat,B8:27:EB:FF:C8:F5,-63, WPA ,0.000000,0.000000,0.000,0.000,AP
2026-04-03 13:58:12,1900-01-00 00:00:00,0960-wombat,B8:27:EB:FF:C8:F5,-63, WPA ,0.000000,0.000000,0.000,0.000,AP
2026-04-03 13:58:12,1900-01-00 00:00:00,0960-wombat,B8:27:EB:FF:C8:F5,-63, WPA ,0.000000,0.000000,0.000,0.000,AP
2026-04-03 13:58:12,1900-01-00 00:00:00,0960-wombat,B8:27:EB:FF:C8:F5,-52, WPA ,0.000000,0.000000,0.000,0.000,AP
2026-04-03 13:58:12,1900-01-00 00:00:00,0960-wombat,B8:27:EB:FF:C8:F5,-52, WPA ,0.000000,0.000000,0.000,0.000,AP
2026-04-03 13:58:12,1900-01-00 00:00:00,0960-wombat,B8:27:EB:FF:C8:F5,-52, WPA ,0.000000,0.000000,0.000,0.000,AP
2026-04-03 13:58:12,1900-01-00 00:00:00,0960-wombat,B8:27:EB:FF:C8:F5,-52, WPA ,0.000000,0.000000,0.000,0.000,AP
2026-04-03 13:58:12,1900-01-00 00:00:00,0960-wombat,B8:27:EB:FF:C8:F5,-52, WPA ,0.000000,0.000000,0.000,0.000,AP
2026-04-03 13:58:12,1900-01-00 00:00:00,0960-wombat,B8:27:EB:FF:C8:F5,-52, WPA ,0.000000,0.000000,0.000,0.000,AP
2026-04-03 13:58:12,1900-01-00 00:00:00,0960-wombat,B8:27:EB:FF:C8:F5,-52, WPA ,0.000000,0.000000,0.000,0.000,AP
2026-04-03 13:58:12,1900-01-00 00:00:00,0960-wombat,B8:27:EB:FF:C8:F5,-52, WPA ,0.000000,0.000000,0.000,0.000,AP
2026-04-03 13:58:12,1900-01-00 00:00:00,0960-wombat,B8:27:EB:FF:C8:F5,-52, WPA ,0.000000,0.000000,0.000,0.000,AP
2026-04-03 13:58:12,1900-01-00 00:00:00,0960-wombat,B8:27:EB:FF:C8:F5,-52, WPA ,0.000000,0.000000,0.000,0.000,AP
2026-04-03 13:58:12,1900-01-00 00:00:00,0960-wombat,B8:27:EB:FF:C8:F5,-52, WPA ,0.000000,0.000000,0.000,0.000,AP
2026-04-03 13:58:12,1900-01-00 00:00:00,0960-wombat,B8:27:EB:FF:C8:F5,-52, WPA ,0.000000,0.000000,0.000,0.000,AP
2026-04-03 13:58:12,1900-01-00 00:00:00,0960-wombat,B8:27:EB:FF:C8:F5,-52, WPA ,0.000000,0.000000,0.000,0.000,AP
2026-04-03 13:58:12,1900-01-00 00:00:00,0960-wombat,B8:27:EB:FF:C8:F5,-52, WPA ,0.000000,0.000000,0.000,0.000,AP
2026-04-03 13:58:12,1900-01-00 00:00:00,0960-wombat,B8:27:EB:FF:C8:F5,-52, WPA ,0.000000,0.000000,0.000,0.000,AP
2026-04-03 13:58:12,1900-01-00 00:00:00,0960-wombat,B8:27:EB:FF:C8:F5,-61, WPA ,0.000000,0.000000,0.000,0.000,AP
2026-04-03 13:58:12,1900-01-00 00:00:00,0960-wombat,B8:27:EB:FF:C8:F5,-61, WPA ,0.000000,0.000000,0.000,0.000,AP
2026-04-03 13:58:12,1900-01-00 00:00:00,0960-wombat,B8:27:EB:FF:C8:F5,-61, WPA ,0.000000,0.000000,0.000,0.000,AP
2026-04-03 13:58:12,1900-01-00 00:00:00,0960-wombat,B8:27:EB:FF:C8:F5,-61, WPA ,0.000000,0.000000,0.000,0.000,AP
2026-04-03 13:58:12,1900-01-00 00:00:00,0960-wombat,B8:27:EB:FF:C8:F5,-61, WPA ,0.000000,0.000000,0.000,0.000,AP
2026-04-03 13:58:12,1900-01-00 00:00:00,0960-wombat,B8:27:EB:FF:C8:F5,-61, WPA ,0.000000,0.000000,0.000,0.000,AP
2026-04-03 13:58:12,1900-01-00 00:00:00,0960-wombat,B8:27:EB:FF:C8:F5,-61, WPA ,0.000000,0.000000,0.000,0.000,AP
2026-04-03 13:58:12,1900-01-00 00:00:00,0960-wombat,B8:27:EB:FF:C8:F5,-62, WPA ,0.000000,0.000000,0.000,0.000,AP
2026-04-03 13:58:12,1900-01-00 00:00:00,0960-wombat,B8:27:EB:FF:C8:F5,-62, WPA ,0.000000,0.000000,0.000,0.000,AP
2026-04-03 13:58:12,1900-01-00 00:00:00,0960-wombat,B8:27:EB:FF:C8:F5,-62, WPA ,0.000000,0.000000,0.000,0.000,AP
2026-04-03 13:58:12,1900-01-00 00:00:00,0960-wombat,B8:27:EB:FF:C8:F5,-62, WPA ,0.000000,0.000000,0.000,0.000,AP
2026-04-03 13:58:12,1900-01-00 00:00:00,0960-wombat,B8:27:EB:FF:C8:F5,-62, WPA ,0.000000,0.000000,0.000,0.000,AP
2026-04-03 13:58:12,1900-01-00 00:00:00,0960-wombat,B8:27:EB:FF:C8:F5,-62, WPA ,0.000000,0.000000,0.000,0.000,AP
2026-04-03 13:58:12,1900-01-00 00:00:00,0960-wombat,B8:27:EB:FF:C8:F5,-41, WPA ,0.000000,0.000000,0.000,0.000,AP
2026-04-03 13:58:12,1900-01-00 00:00:00,0960-wombat,B8:27:EB:FF:C8:F5,-41, WPA ,0.000000,0.000000,0.000,0.000,AP
2026-04-03 13:58:12,1900-01-00 00:00:00,0960-wombat,B8:27:EB:FF:C8:F5,-57, WPA ,0.000000,0.000000,0.000,0.000,AP
2026-04-03 13:58:12,1900-01-00 00:00:00,0960-wombat,B8:27:EB:FF:C8:F5,-57, WPA ,0.000000,0.000000,0.000,0.000,AP
2026-04-03 13:58:12,1900-01-00 00:00:00,0960-wombat,B8:27:EB:FF:C8:F5,-57, WPA ,0.000000,0.000000,0.000,0.000,AP
2026-04-03 13:58:12,1900-01-00 00:00:00,0960-wombat,B8:27:EB:FF:C8:F5,-62, WPA ,0.000000,0.000000,0.000,0.000,AP
2026-04-03 13:58:12,1900-01-00 00:00:00,0960-wombat,B8:27:EB:FF:C8:F5,-62, WPA ,0.000000,0.000000,0.000,0.000,AP
2026-04-03 13:58:12,1900-01-00 00:00:00,0960-wombat,B8:27:EB:FF:C8:F5,-62, WPA ,0.000000,0.000000,0.000,0.000,AP
2026-04-03 13:58:12,1900-01-00 00:00:00,0960-wombat,B8:27:EB:FF:C8:F5,-60, WPA ,0.000000,0.000000,0.000,0.000,AP
2026-04-03 13:58:12,1900-01-00 00:00:00,0960-wombat,B8:27:EB:FF:C8:F5,-60, WPA ,0.000000,0.000000,0.000,0.000,AP
2026-04-03 13:58:12,1900-01-00 00:00:00,0960-wombat,B8:27:EB:FF:C8:F5,-60, WPA ,0.000000,0.000000,0.000,0.000,AP
2026-04-03 13:58:12,1900-01-00 00:00:00,0960-wombat,B8:27:EB:FF:C8:F5,-60, WPA ,0.000000,0.000000,0.000,0.000,AP
2026-04-03 13:58:12,1900-01-00 00:00:00,0960-wombat,B8:27:EB:FF:C8:F5,-60, WPA ,0.000000,0.000000,0.000,0.000,AP
2026-04-03 13:58:12,1900-01-00 00:00:00,0960-wombat,B8:27:EB:FF:C8:F5,-60, WPA ,0.000000,0.000000,0.000,0.000,AP
2026-04-03 13:58:12,1900-01-00 00:00:00,0960-wombat,B8:27:EB:FF:C8:F5,-60, WPA ,0.000000,0.000000,0.000,0.000,AP
2026-04-03 13:58:12,1900-01-00 00:00:00,0960-wombat,B8:27:EB:FF:C8:F5,-60, WPA ,0.000000,0.000000,0.000,0.000,AP
2026-04-03 13:58:12,1900-01-00 00:00:00,0960-wombat,B8:27:EB:FF:C8:F5,-60, WPA ,0.000000,0.000000,0.000,0.000,AP
2026-04-03 13:58:12,1900-01-00 00:00:00,0960-wombat,B8:27:EB:FF:C8:F5,-60, WPA ,0.000000,0.000000,0.000,0.000,AP
2026-04-03 13:58:12,1900-01-00 00:00:00,0960-wombat,B8:27:EB:FF:C8:F5,-60, WPA ,0.000000,0.000000,0.000,0.000,AP
2026-04-03 13:58:12,1900-01-00 00:00:00,0960-wombat,B8:27:EB:FF:C8:F5,-60, WPA ,0.000000,0.000000,0.000,0.000,AP
2026-04-03 13:58:12,1900-01-00 00:00:00,0960-wombat,B8:27:EB:FF:C8:F5,-60, WPA ,0.000000,0.000000,0.000,0.000,AP
2026-04-03 13:58:12,1900-01-00 00:00:00,0960-wombat,B8:27:EB:FF:C8:F5,-60, WPA ,0.000000,0.000000,0.000,0.000,AP
2026-04-03 13:58:12,1900-01-00 00:00:00,0960-wombat,B8:27:EB:FF:C8:F5,-60, WPA ,0.000000,0.000000,0.000,0.000,AP
2026-04-03 13:58:12,1900-01-00 00:00:00,0960-wombat,B8:27:EB:FF:C8:F5,-60, WPA ,0.000000,0.000000,0.000,0.000,AP
2026-04-03 13:58:12,1900-01-00 00:00:00,0960-wombat,B8:27:EB:FF:C8:F5,-60, WPA ,0.000000,0.000000,0.000,0.000,AP
2026-04-03 13:58:12,1900-01-00 00:00:00,0960-wombat,B8:27:EB:FF:C8:F5,-60, WPA ,0.000000,0.000000,0.000,0.000,AP
2026-04-03 13:58:12,1900-01-00 00:00:00,0960-wombat,B8:27:EB:FF:C8:F5,-60, WPA ,0.000000,0.000000,0.000,0.000,AP
2026-04-03 13:58:12,1900-01-00 00:00:00,0960-wombat,B8:27:EB:FF:C8:F5,-52, WPA ,0.000000,0.000000,0.000,0.000,AP
2026-04-03 13:58:12,1900-01-00 00:00:00,0960-wombat,B8:27:EB:FF:C8:F5,-52, WPA ,0.000000,0.000000,0.000,0.000,AP
2026-04-03 13:58:12,1900-01-00 00:00:00,0960-wombat,B8:27:EB:FF:C8:F5,-52, WPA ,0.000000,0.000000,0.000,0.000,AP
2026-04-03 13:58:12,1900-01-00 00:00:00,0960-wombat,B8:27:EB:FF:C8:F5,-52, WPA ,0.000000,0.000000,0.000,0.000,AP
2026-04-03 13:58:12,1900-01-00 00:00:00,0960-wombat,B8:27:EB:FF:C8:F5,-52, WPA ,0.000000,0.000000,0.000,0.000,AP
2026-04-03 13:58:12,1900-01-00 00:00:00,0960-wombat,B8:27:EB:FF:C8:F5,-52, WPA ,0.000000,0.000000,0.000,0.000,AP
2026-04-03 13:58:12,1900-01-00 00:00:00,0960-wombat,B8:27:EB:FF:C8:F5,-61, WPA ,0.000000,0.000000,0.000,0.000,AP
2026-04-03 13:58:12,1900-01-00 00:00:00,0960-wombat,B8:27:EB:FF:C8:F5,-52, WPA ,0.000000,0.000000,0.000,0.000,AP
2026-04-03 13:58:12,1900-01-00 00:00:00,0960-wombat,B8:27:EB:FF:C8:F5,-52, WPA ,0.000000,0.000000,0.000,0.000,AP
2026-04-03 13:58:12,1900-01-00 00:00:00,0960-wombat,B8:27:EB:FF:C8:F5,-52, WPA ,0.000000,0.000000,0.000,0.000,AP
2026-04-03 13:58:12,1900-01-00 00:00:00,0960-wombat,B8:27:EB:FF:C8:F5,-52, WPA ,0.000000,0.000000,0.000,0.000,AP
2026-04-03 13:58:12,1900-01-00 00:00:00,0960-wombat,B8:27:EB:FF:C8:F5,-60, WPA ,0.000000,0.000000,0.000,0.000,AP
2026-04-03 13:58:12,1900-01-00 00:00:00,0960-wombat,B8:27:EB:FF:C8:F5,-60, WPA ,0.000000,0.000000,0.000,0.000,AP
2026-04-03 13:58:12,1900-01-00 00:00:00,0960-wombat,B8:27:EB:FF:C8:F5,-60, WPA ,0.000000,0.000000,0.000,0.000,AP
2026-04-03 13:58:12,1900-01-00 00:00:00,0960-wombat,B8:27:EB:FF:C8:F5,-60, WPA ,0.000000,0.000000,0.000,0.000,AP
2026-04-03 13:58:12,1900-01-00 00:00:00,0960-wombat,B8:27:EB:FF:C8:F5,-60, WPA ,0.000000,0.000000,0.000,0.000,AP
2026-04-03 13:58:12,1900-01-00 00:00:00,0960-wombat,B8:27:EB:FF:C8:F5,-60, WPA ,0.000000,0.000000,0.000,0.000,AP
2026-04-03 13:58:12,1900-01-00 00:00:00,0960-wombat,B8:27:EB:FF:C8:F5,-60, WPA ,0.000000,0.000000,0.000,0.000,AP
2026-04-03 13:58:12,1900-01-00 00:00:00,0960-wombat,B8:27:EB:FF:C8:F5,-60, WPA ,0.000000,0.000000,0.000,0.000,AP
2026-04-03 13:58:12,1900-01-00 00:00:00,0960-wombat,B8:27:EB:FF:C8:F5,-60, WPA ,0.000000,0.000000,0.000,0.000,AP
2026-04-03 13:58:12,1900-01-00 00:00:00,0960-wombat,B8:27:EB:FF:C8:F5,-60, WPA ,0.000000,0.000000,0.000,0.000,AP
2026-04-03 13:58:12,1900-01-00 00:00:00,0960-wombat,B8:27:EB:FF:C8:F5,-61, WPA ,0.000000,0.000000,0.000,0.000,AP
2026-04-03 13:58:12,1900-01-00 00:00:00,0960-wombat,B8:27:EB:FF:C8:F5,-61, WPA ,0.000000,0.000000,0.000,0.000,AP
2026-04-03 13:58:12,1900-01-00 00:00:00,0960-wombat,B8:27:EB:FF:C8:F5,-62, WPA ,0.000000,0.000000,0.000,0.000,AP
2026-04-03 13:58:12,1900-01-00 00:00:00,0960-wombat,B8:27:EB:FF:C8:F5,-62, WPA ,0.000000,0.000000,0.000,0.000,AP
2026-04-03 13:58:12,1900-01-00 00:00:00,0960-wombat,B8:27:EB:FF:C8:F5,-61, WPA ,0.000000,0.000000,0.000,0.000,AP
2026-04-03 13:58:12,1900-01-00 00:00:00,0960-wombat,B8:27:EB:FF:C8:F5,-61, WPA ,0.000000,0.000000,0.000,0.000,AP
2026-04-03 13:58:12,1900-01-00 00:00:00,0960-wombat,B8:27:EB:FF:C8:F5,-61, WPA ,0.000000,0.000000,0.000,0.000,AP
2026-04-03 13:58:12,1900-01-00 00:00:00,0960-wombat,B8:27:EB:FF:C8:F5,-61, WPA ,0.000000,0.000000,0.000,0.000,AP
2026-04-03 13:58:12,1900-01-00 00:00:00,0960-wombat,B8:27:EB:FF:C8:F5,-61, WPA ,0.000000,0.000000,0.000,0.000,AP
2026-04-03 13:58:12,1900-01-00 00:00:00,0960-wombat,B8:27:EB:FF:C8:F5,-61, WPA ,0.000000,0.000000,0.000,0.000,AP
2026-04-03 13:58:12,1900-01-00 00:00:00,0960-wombat,B8:27:EB:FF:C8:F5,-61, WPA ,0.000000,0.000000,0.000,0.000,AP
2026-04-03 13:58:12,1900-01-00 00:00:00,0960-wombat,B8:27:EB:FF:C8:F5,-61, WPA ,0.000000,0.000000,0.000,0.000,AP
2026-04-03 13:58:12,1900-01-00 00:00:00,0960-wombat,B8:27:EB:FF:C8:F5,-61, WPA ,0.000000,0.000000,0.000,0.000,AP
2026-04-03 13:58:12,1900-01-00 00:00:00,0960-wombat,B8:27:EB:FF:C8:F5,-61, WPA ,0.000000,0.000000,0.000,0.000,AP
2026-04-03 13:58:12,1900-01-00 00:00:00,0960-wombat,B8:27:EB:FF:C8:F5,-61, WPA ,0.000000,0.000000,0.000,0.000,AP
2026-04-03 13:58:12,1900-01-00 00:00:00,0960-wombat,B8:27:EB:FF:C8:F5,-61, WPA ,0.000000,0.000000,0.000,0.000,AP
2026-04-03 13:58:12,1900-01-00 00:00:00,0960-wombat,B8:27:EB:FF:C8:F5,-42, WPA ,0.000000,0.000000,0.000,0.000,AP
2026-04-03 13:58:12,1900-01-00 00:00:00,0960-wombat,B8:27:EB:FF:C8:F5,-42, WPA ,0.000000,0.000000,0.000,0.000,AP
2026-04-03 13:58:12,1900-01-00 00:00:00,0960-wombat,B8:27:EB:FF:C8:F5,-56, WPA ,0.000000,0.000000,0.000,0.000,AP
2026-04-03 13:58:12,1900-01-00 00:00:00,0960-wombat,B8:27:EB:FF:C8:F5,-56, WPA ,0.000000,0.000000,0.000,0.000,AP
2026-04-03 13:58:12,1900-01-00 00:00:00,0960-wombat,B8:27:EB:FF:C8:F5,-56, WPA ,0.000000,0.000000,0.000,0.000,AP
2026-04-03 13:58:12,1900-01-00 00:00:00,0960-wombat,B8:27:EB:FF:C8:F5,-56, WPA ,0.000000,0.000000,0.000,0.000,AP
2026-04-03 13:58:12,1900-01-00 00:00:00,0960-wombat,B8:27:EB:FF:C8:F5,-56, WPA ,0.000000,0.000000,0.000,0.000,AP
2026-04-03 13:58:12,1900-01-00 00:00:00,0960-wombat,B8:27:EB:FF:C8:F5,-56, WPA ,0.000000,0.000000,0.000,0.000,AP
2026-04-03 13:58:12,1900-01-00 00:00:00,0960-wombat,B8:27:EB:FF:C8:F5,-61, WPA ,0.000000,0.000000,0.000,0.000,AP
2026-04-03 13:58:12,1900-01-00 00:00:00,0960-wombat,B8:27:EB:FF:C8:F5,-61, WPA ,0.000000,0.000000,0.000,0.000,AP
2026-04-03 13:58:12,1900-01-00 00:00:00,0960-wombat,B8:27:EB:FF:C8:F5,-59, WPA ,0.000000,0.000000,0.000,0.000,AP
2026-04-03 13:58:12,1900-01-00 00:00:00,0960-wombat,B8:27:EB:FF:C8:F5,-59, WPA ,0.000000,0.000000,0.000,0.000,AP
2026-04-03 13:58:12,1900-01-00 00:00:00,0960-wombat,B8:27:EB:FF:C8:F5,-62, WPA ,0.000000,0.000000,0.000,0.000,AP
2026-04-03 13:58:12,1900-01-00 00:00:00,0960-wombat,B8:27:EB:FF:C8:F5,-60, WPA ,0.000000,0.000000,0.000,0.000,AP
2026-04-03 13:58:12,1900-01-00 00:00:00,0960-wombat,B8:27:EB:FF:C8:F5,-60, WPA ,0.000000,0.000000,0.000,0.000,AP
2026-04-03 13:58:12,1900-01-00 00:00:00,0960-wombat,B8:27:EB:FF:C8:F5,-60, WPA ,0.000000,0.000000,0.000,0.000,AP
2026-04-03 13:58:12,1900-01-00 00:00:00,0960-wombat,B8:27:EB:FF:C8:F5,-60, WPA ,0.000000,0.000000,0.000,0.000,AP
2026-04-03 13:58:12,1900-01-00 00:00:00,0960-wombat,B8:27:EB:FF:C8:F5,-60, WPA ,0.000000,0.000000,0.000,0.000,AP
2026-04-03 13:58:12,1900-01-00 00:00:00,0960-wombat,B8:27:EB:FF:C8:F5,-60, WPA ,0.000000,0.000000,0.000,0.000,AP
2026-04-03 13:58:12,1900-01-00 00:00:00,0960-wombat,B8:27:EB:FF:C8:F5,-60, WPA ,0.000000,0.000000,0.000,0.000,AP
2026-04-03 13:58:12,1900-01-00 00:00:00,0960-wombat,B8:27:EB:FF:C8:F5,-61, WPA ,0.000000,0.000000,0.000,0.000,AP
2026-04-03 13:58:12,1900-01-00 00:00:00,0960-wombat,B8:27:EB:FF:C8:F5,-61, WPA ,0.000000,0.000000,0.000,0.000,AP
2026-04-03 13:58:12,1900-01-00 00:00:00,0960-wombat,B8:27:EB:FF:C8:F5,-60, WPA ,0.000000,0.000000,0.000,0.000,AP
2026-04-03 13:58:12,1900-01-00 00:00:00,0960-wombat,B8:27:EB:FF:C8:F5,-60, WPA ,0.000000,0.000000,0.000,0.000,AP
2026-04-03 13:58:12,1900-01-00 00:00:00,0960-wombat,B8:27:EB:FF:C8:F5,-62, WPA ,0.000000,0.000000,0.000,0.000,AP
2026-04-03 13:58:12,1900-01-00 00:00:00,0960-wombat,B8:27:EB:FF:C8:F5,-62, WPA ,0.000000,0.000000,0.000,0.000,AP
2026-04-03 13:58:12,1900-01-00 00:00:00,0960-wombat,B8:27:EB:FF:C8:F5,-62, WPA ,0.000000,0.000000,0.000,0.000,AP
2026-04-03 13:58:12,1900-01-00 00:00:00,0960-wombat,B8:27:EB:FF:C8:F5,-60, WPA ,0.000000,0.000000,0.000,0.000,AP
2026-04-03 13:58:12,1900-01-00 00:00:00,0960-wombat,B8:27:EB:FF:C8:F5,-60, WPA ,0.000000,0.000000,0.000,0.000,AP
2026-04-03 13:58:12,1900-01-00 00:00:00,0960-wombat,B8:27:EB:FF:C8:F5,-59, WPA ,0.000000,0.000000,0.000,0.000,AP
2026-04-03 13:58:12,1900-01-00 00:00:00,0960-wombat,B8:27:EB:FF:C8:F5,-59, WPA ,0.000000,0.000000,0.000,0.000,AP
2026-04-03 13:58:12,1900-01-00 00:00:00,0960-wombat,B8:27:EB:FF:C8:F5,-59, WPA ,0.000000,0.000000,0.000,0.000,AP
2026-04-03 13:58:12,1900-01-00 00:00:00,0960-wombat,B8:27:EB:FF:C8:F5,-61, WPA ,0.000000,0.000000,0.000,0.000,AP
2026-04-03 13:58:12,1900-01-00 00:00:00,0960-wombat,B8:27:EB:FF:C8:F5,-61, WPA ,0.000000,0.000000,0.000,0.000,AP
2026-04-03 13:58:12,1900-01-00 00:00:00,0960-wombat,B8:27:EB:FF:C8:F5,-61, WPA ,0.000000,0.000000,0.000,0.000,AP
2026-04-03 13:58:12,1900-01-00 00:00:00,0960-wombat,B8:27:EB:FF:C8:F5,-61, WPA ,0.000000,0.000000,0.000,0.000,AP
2026-04-03 13:58:12,1900-01-00 00:00:00,0960-wombat,B8:27:EB:FF:C8:F5,-60, WPA ,0.000000,0.000000,0.000,0.000,AP
2026-04-03 13:58:12,1900-01-00 00:00:00,0960-wombat,B8:27:EB:FF:C8:F5,-60, WPA ,0.000000,0.000000,0.000,0.000,AP
2026-04-03 13:58:12,1900-01-00 00:00:00,0960-wombat,B8:27:EB:FF:C8:F5,-60, WPA ,0.000000,0.000000,0.000,0.000,AP
2026-04-03 13:58:12,1900-01-00 00:00:00,0960-wombat,B8:27:EB:FF:C8:F5,-59, WPA ,0.000000,0.000000,0.000,0.000,AP
2026-04-03 13:58:12,1900-01-00 00:00:00,0960-wombat,B8:27:EB:FF:C8:F5,-60, WPA ,0.000000,0.000000,0.000,0.000,AP
2026-04-03 13:58:12,1900-01-00 00:00:00,0960-wombat,B8:27:EB:FF:C8:F5,-52, WPA ,0.000000,0.000000,0.000,0.000,AP
2026-04-03 13:58:12,1900-01-00 00:00:00,0960-wombat,B8:27:EB:FF:C8:F5,-53, WPA ,0.000000,0.000000,0.000,0.000,AP
2026-04-03 13:58:12,1900-01-00 00:00:00,0960-wombat,B8:27:EB:FF:C8:F5,-53, WPA ,0.000000,0.000000,0.000,0.000,AP
2026-04-03 13:58:12,1900-01-00 00:00:00,0960-wombat,B8:27:EB:FF:C8:F5,-53, WPA ,0.000000,0.000000,0.000,0.000,AP
2026-04-03 13:58:12,1900-01-00 00:00:00,0960-wombat,B8:27:EB:FF:C8:F5,-60, WPA ,0.000000,0.000000,0.000,0.000,AP
2026-04-03 13:58:12,1900-01-00 00:00:00,0960-wombat,B8:27:EB:FF:C8:F5,-60, WPA ,0.000000,0.000000,0.000,0.000,AP
2026-04-03 13:58:12,1900-01-00 00:00:00,0960-wombat,B8:27:EB:FF:C8:F5,-60, WPA ,0.000000,0.000000,0.000,0.000,AP
2026-04-03 13:58:12,1900-01-00 00:00:00,0960-wombat,B8:27:EB:FF:C8:F5,-61, WPA ,0.000000,0.000000,0.000,0.000,AP
2026-04-03 13:58:12,1900-01-00 00:00:00,0960-wombat,B8:27:EB:FF:C8:F5,-51, WPA ,0.000000,0.000000,0.000,0.000,AP
2026-04-03 13:58:12,1900-01-00 00:00:00,0960-wombat,B8:27:EB:FF:C8:F5,-51, WPA ,0.000000,0.000000,0.000,0.000,AP
2026-04-03 13:58:12,1900-01-00 00:00:00,0960-wombat,B8:27:EB:FF:C8:F5,-61, WPA ,0.000000,0.000000,0.000,0.000,AP
2026-04-03 13:58:12,1900-01-00 00:00:00,0960-wombat,B8:27:EB:FF:C8:F5,-61, WPA ,0.000000,0.000000,0.000,0.000,AP
2026-04-03 13:58:12,1900-01-00 00:00:00,0960-wombat,B8:27:EB:FF:C8:F5,-61, WPA ,0.000000,0.000000,0.000,0.000,AP
2026-04-03 13:58:12,1900-01-00 00:00:00,0960-wombat,B8:27:EB:FF:C8:F5,-61, WPA ,0.000000,0.000000,0.000,0.000,AP
2026-04-03 13:58:12,1900-01-00 00:00:00,0960-wombat,B8:27:EB:FF:C8:F5,-61, WPA ,0.000000,0.000000,0.000,0.000,AP
2026-04-03 13:58:12,1900-01-00 00:00:00,0960-wombat,B8:27:EB:FF:C8:F5,-61, WPA ,0.000000,0.000000,0.000,0.000,AP
2026-04-03 13:58:12,1900-01-00 00:00:00,0960-wombat,B8:27:EB:FF:C8:F5,-42, WPA ,0.000000,0.000000,0.000,0.000,AP
2026-04-03 13:58:12,1900-01-00 00:00:00,0960-wombat,B8:27:EB:FF:C8:F5,-42, WPA ,0.000000,0.000000,0.000,0.000,AP
2026-04-03 13:58:12,1900-01-00 00:00:00,0960-wombat,B8:27:EB:FF:C8:F5,-57, WPA ,0.000000,0.000000,0.000,0.000,AP
2026-04-03 13:58:12,1900-01-00 00:00:00,0960-wombat,B8:27:EB:FF:C8:F5,-57, WPA ,0.000000,0.000000,0.000,0.000,AP
2026-04-03 13:58:12,1900-01-00 00:00:00,0960-wombat,B8:27:EB:FF:C8:F5,-57, WPA ,0.000000,0.000000,0.000,0.000,AP
2026-04-03 13:58:12,1900-01-00 00:00:00,0960-wombat,B8:27:EB:FF:C8:F5,-61, WPA ,0.000000,0.000000,0.000,0.000,AP
2026-04-03 13:58:12,1900-01-00 00:00:00,0960-wombat,B8:27:EB:FF:C8:F5,-61, WPA ,0.000000,0.000000,0.000,0.000,AP
2026-04-03 13:58:12,1900-01-00 00:00:00,0960-wombat,B8:27:EB:FF:C8:F5,-61, WPA ,0.000000,0.000000,0.000,0.000,AP
2026-04-03 13:58:12,1900-01-00 00:00:00,0960-wombat,B8:27:EB:FF:C8:F5,-61, WPA ,0.000000,0.000000,0.000,0.000,AP
2026-04-03 13:58:12,1900-01-00 00:00:00,0960-wombat,B8:27:EB:FF:C8:F5,-61, WPA ,0.000000,0.000000,0.000,0.000,AP
2026-04-03 13:58:12,1900-01-00 00:00:00,0960-wombat,B8:27:EB:FF:C8:F5,-57, WPA ,0.000000,0.000000,0.000,0.000,AP
2026-04-03 13:58:12,1900-01-00 00:00:00,0960-wombat,B8:27:EB:FF:C8:F5,-48, WPA ,0.000000,0.000000,0.000,0.000,AP
2026-04-03 13:58:12,1900-01-00 00:00:00,0960-wombat,B8:27:EB:FF:C8:F5,-60, WPA ,0.000000,0.000000,0.000,0.000,AP
2026-04-03 13:58:12,1900-01-00 00:00:00,0960-wombat,B8:27:EB:FF:C8:F5,-60, WPA ,0.000000,0.000000,0.000,0.000,AP
2026-04-03 13:58:12,1900-01-00 00:00:00,0960-wombat,B8:27:EB:FF:C8:F5,-60, WPA ,0.000000,0.000000,0.000,0.000,AP
2026-04-03 13:58:12,1900-01-00 00:00:00,0960-wombat,B8:27:EB:FF:C8:F5,-60, WPA ,0.000000,0.000000,0.000,0.000,AP
2026-04-03 13:58:12,1900-01-00 00:00:00,0960-wombat,B8:27:EB:FF:C8:F5,-48, WPA ,0.000000,0.000000,0.000,0.000,AP
2026-04-03 13:58:12,1900-01-00 00:00:00,0960-wombat,B8:27:EB:FF:C8:F5,-60, WPA ,0.000000,0.000000,0.000,0.000,AP
2026-04-03 13:58:12,1900-01-00 00:00:00,0960-wombat,B8:27:EB:FF:C8:F5,-60, WPA ,0.000000,0.000000,0.000,0.000,AP
2026-04-03 13:58:12,1900-01-00 00:00:00,0960-wombat,B8:27:EB:FF:C8:F5,-60, WPA ,0.000000,0.000000,0.000,0.000,AP
2026-04-03 13:58:12,1900-01-00 00:00:00,0960-wombat,B8:27:EB:FF:C8:F5,-60, WPA ,0.000000,0.000000,0.000,0.000,AP
2026-04-03 13:58:12,1900-01-00 00:00:00,0960-wombat,B8:27:EB:FF:C8:F5,-60, WPA ,0.000000,0.000000,0.000,0.000,AP
2026-04-03 13:58:12,1900-01-00 00:00:00,0960-wombat,B8:27:EB:FF:C8:F5,-60, WPA ,0.000000,0.000000,0.000,0.000,AP
2026-04-03 13:58:12,1900-01-00 00:00:00,0960-wombat,B8:27:EB:FF:C8:F5,-60, WPA ,0.000000,0.000000,0.000,0.000,AP
2026-04-03 13:58:12,1900-01-00 00:00:00,0960-wombat,B8:27:EB:FF:C8:F5,-60, WPA ,0.000000,0.000000,0.000,0.000,AP
2026-04-03 13:58:12,1900-01-00 00:00:00,0960-wombat,B8:27:EB:FF:C8:F5,-60, WPA ,0.000000,0.000000,0.000,0.000,AP
2026-04-03 13:58:12,1900-01-00 00:00:00,0960-wombat,B8:27:EB:FF:C8:F5,-60, WPA ,0.000000,0.000000,0.000,0.000,AP
2026-04-03 13:58:12,1900-01-00 00:00:00,0960-wombat,B8:27:EB:FF:C8:F5,-60, WPA ,0.000000,0.000000,0.000,0.000,AP
2026-04-03 13:58:12,1900-01-00 00:00:00,0960-wombat,B8:27:EB:FF:C8:F5,-60, WPA ,0.000000,0.000000,0.000,0.000,AP
2026-04-03 13:58:12,1900-01-00 00:00:00,0960-wombat,B8:27:EB:FF:C8:F5,-60, WPA ,0.000000,0.000000,0.000,0.000,AP
2026-04-03 13:58:12,1900-01-00 00:00:00,0960-wombat,B8:27:EB:FF:C8:F5,-60, WPA ,0.000000,0.000000,0.000,0.000,AP
2026-04-03 13:58:12,1900-01-00 00:00:00,0960-wombat,B8:27:EB:FF:C8:F5,-60, WPA ,0.000000,0.000000,0.000,0.000,AP
2026-04-03 13:58:12,1900-01-00 00:00:00,0960-wombat,B8:27:EB:FF:C8:F5,-60, WPA ,0.000000,0.000000,0.000,0.000,AP
2026-04-03 13:58:12,1900-01-00 00:00:00,0960-wombat,B8:27:EB:FF:C8:F5,-60, WPA ,0.000000,0.000000,0.000,0.000,AP
2026-04-03 13:58:12,1900-01-00 00:00:00,0960-wombat,B8:27:EB:FF:C8:F5,-60, WPA ,0.000000,0.000000,0.000,0.000,AP
2026-04-03 13:58:12,1900-01-00 00:00:00,0960-wombat,B8:27:EB:FF:C8:F5,-60, WPA ,0.000000,0.000000,0.000,0.000,AP
2026-04-03 13:58:12,1900-01-00 00:00:00,0960-wombat,B8:27:EB:FF:C8:F5,-60, WPA ,0.000000,0.000000,0.000,0.000,AP
2026-04-03 13:58:12,1900-01-00 00:00:00,0960-wombat,B8:27:EB:FF:C8:F5,-60, WPA ,0.000000,0.000000,0.000,0.000,AP
2026-04-03 13:58:12,1900-01-00 00:00:00,0960-wombat,B8:27:EB:FF:C8:F5,-60, WPA ,0.000000,0.000000,0.000,0.000,AP
2026-04-03 13:58:12,1900-01-00 00:00:00,0960-wombat,B8:27:EB:FF:C8:F5,-60, WPA ,0.000000,0.000000,0.000,0.000,AP
2026-04-03 13:58:12,1900-01-00 00:00:00,0960-wombat,B8:27:EB:FF:C8:F5,-60, WPA ,0.000000,0.000000,0.000,0.000,AP
2026-04-03 13:58:12,1900-01-00 00:00:00,0960-wombat,B8:27:EB:FF:C8:F5,-61, WPA ,0.000000,0.000000,0.000,0.000,AP
2026-04-03 13:58:12,1900-01-00 00:00:00,0960-wombat,B8:27:EB:FF:C8:F5,-61, WPA ,0.000000,0.000000,0.000,0.000,AP
2026-04-03 13:58:12,1900-01-00 00:00:00,0960-wombat,B8:27:EB:FF:C8:F5,-61, WPA ,0.000000,0.000000,0.000,0.000,AP
2026-04-03 13:58:12,1900-01-00 00:00:00,0960-wombat,B8:27:EB:FF:C8:F5,-61, WPA ,0.000000,0.000000,0.000,0.000,AP
2026-04-03 13:58:12,1900-01-00 00:00:00,0960-wombat,B8:27:EB:FF:C8:F5,-59, WPA ,0.000000,0.000000,0.000,0.000,AP
2026-04-03 13:58:12,1900-01-00 00:00:00,0960-wombat,B8:27:EB:FF:C8:F5,-60, WPA ,0.000000,0.000000,0.000,0.000,AP
2026-04-03 13:58:13,1900-01-00 00:00:00,0960-wombat,B8:27:EB:FF:C8:F5,-60, WPA ,0.000000,0.000000,0.000,0.000,AP
2026-04-03 13:58:13,1900-01-00 00:00:00,0960-wombat,B8:27:EB:FF:C8:F5,-59, WPA ,0.000000,0.000000,0.000,0.000,AP
2026-04-03 13:58:13,1900-01-00 00:00:00,0960-wombat,B8:27:EB:FF:C8:F5,-52, WPA ,0.000000,0.000000,0.000,0.000,AP
2026-04-03 13:58:13,1900-01-00 00:00:00,0960-wombat,B8:27:EB:FF:C8:F5,-52, WPA ,0.000000,0.000000,0.000,0.000,AP
2026-04-03 13:58:13,1900-01-00 00:00:00,0960-wombat,B8:27:EB:FF:C8:F5,-41, WPA ,0.000000,0.000000,0.000,0.000,AP
2026-04-03 13:58:13,1900-01-00 00:00:00,0960-wombat,B8:27:EB:FF:C8:F5,-41, WPA ,0.000000,0.000000,0.000,0.000,AP
2026-04-03 13:58:13,1900-01-00 00:00:00,0960-wombat,B8:27:EB:FF:C8:F5,-57, WPA ,0.000000,0.000000,0.000,0.000,AP
2026-04-03 13:58:13,1900-01-00 00:00:00,0960-wombat,B8:27:EB:FF:C8:F5,-57, WPA ,0.000000,0.000000,0.000,0.000,AP
2026-04-03 13:58:13,1900-01-00 00:00:00,0960-wombat,B8:27:EB:FF:C8:F5,-57, WPA ,0.000000,0.000000,0.000,0.000,AP
2026-04-03 13:58:13,1900-01-00 00:00:00,0960-wombat,B8:27:EB:FF:C8:F5,-57, WPA ,0.000000,0.000000,0.000,0.000,AP
2026-04-03 13:58:13,1900-01-00 00:00:00,0960-wombat,B8:27:EB:FF:C8:F5,-57, WPA ,0.000000,0.000000,0.000,0.000,AP
2026-04-03 13:58:13,1900-01-00 00:00:00,0960-wombat,B8:27:EB:FF:C8:F5,-57, WPA ,0.000000,0.000000,0.000,0.000,AP
2026-04-03 13:58:13,1900-01-00 00:00:00,0960-wombat,B8:27:EB:FF:C8:F5,-61, WPA ,0.000000,0.000000,0.000,0.000,AP
2026-04-03 13:58:13,1900-01-00 00:00:00,0960-wombat,B8:27:EB:FF:C8:F5,-61, WPA ,0.000000,0.000000,0.000,0.000,AP
2026-04-03 13:58:13,1900-01-00 00:00:00,0960-wombat,B8:27:EB:FF:C8:F5,-59, WPA ,0.000000,0.000000,0.000,0.000,AP
2026-04-03 13:58:13,1900-01-00 00:00:00,0960-wombat,B8:27:EB:FF:C8:F5,-59, WPA ,0.000000,0.000000,0.000,0.000,AP
2026-04-03 13:58:13,1900-01-00 00:00:00,0960-wombat,B8:27:EB:FF:C8:F5,-62, WPA ,0.000000,0.000000,0.000,0.000,AP
2026-04-03 13:58:13,1900-01-00 00:00:00,0960-wombat,B8:27:EB:FF:C8:F5,-62, WPA ,0.000000,0.000000,0.000,0.000,AP
2026-04-03 13:58:13,1900-01-00 00:00:00,0960-wombat,B8:27:EB:FF:C8:F5,-62, WPA ,0.000000,0.000000,0.000,0.000,AP
2026-04-03 13:58:13,1900-01-00 00:00:00,0960-wombat,B8:27:EB:FF:C8:F5,-62, WPA ,0.000000,0.000000,0.000,0.000,AP
2026-04-03 13:58:13,1900-01-00 00:00:00,0960-wombat,B8:27:EB:FF:C8:F5,-42, WPA ,0.000000,0.000000,0.000,0.000,AP
2026-04-03 13:58:13,1900-01-00 00:00:00,0960-wombat,B8:27:EB:FF:C8:F5,-61, WPA ,0.000000,0.000000,0.000,0.000,AP
2026-04-03 13:58:13,1900-01-00 00:00:00,0960-wombat,B8:27:EB:FF:C8:F5,-58, WPA ,0.000000,0.000000,0.000,0.000,AP
2026-04-03 13:58:13,1900-01-00 00:00:00,0960-wombat,B8:27:EB:FF:C8:F5,-58, WPA ,0.000000,0.000000,0.000,0.000,AP
2026-04-03 13:58:13,1900-01-00 00:00:00,0960-wombat,B8:27:EB:FF:C8:F5,-58, WPA ,0.000000,0.000000,0.000,0.000,AP
2026-04-03 13:58:13,1900-01-00 00:00:00,0960-wombat,B8:27:EB:FF:C8:F5,-58, WPA ,0.000000,0.000000,0.000,0.000,AP
2026-04-03 13:58:13,1900-01-00 00:00:00,0960-wombat,B8:27:EB:FF:C8:F5,-62, WPA ,0.000000,0.000000,0.000,0.000,AP
2026-04-03 13:58:13,1900-01-00 00:00:00,0960-wombat,B8:27:EB:FF:C8:F5,-51, WPA ,0.000000,0.000000,0.000,0.000,AP
2026-04-03 13:58:13,1900-01-00 00:00:00,0960-wombat,B8:27:EB:FF:C8:F5,-51, WPA ,0.000000,0.000000,0.000,0.000,AP
2026-04-03 13:58:13,1900-01-00 00:00:00,0960-wombat,B8:27:EB:FF:C8:F5,-51, WPA ,0.000000,0.000000,0.000,0.000,AP
2026-04-03 13:58:13,1900-01-00 00:00:00,0960-wombat,B8:27:EB:FF:C8:F5,-51, WPA ,0.000000,0.000000,0.000,0.000,AP
2026-04-03 13:58:13,1900-01-00 00:00:00,0960-wombat,B8:27:EB:FF:C8:F5,-51, WPA ,0.000000,0.000000,0.000,0.000,AP
2026-04-03 13:58:13,1900-01-00 00:00:00,0960-wombat,B8:27:EB:FF:C8:F5,-51, WPA ,0.000000,0.000000,0.000,0.000,AP
2026-04-03 13:58:13,1900-01-00 00:00:00,0960-wombat,B8:27:EB:FF:C8:F5,-51, WPA ,0.000000,0.000000,0.000,0.000,AP
2026-04-03 13:58:13,1900-01-00 00:00:00,0960-wombat,B8:27:EB:FF:C8:F5,-51, WPA ,0.000000,0.000000,0.000,0.000,AP
2026-04-03 13:58:13,1900-01-00 00:00:00,0960-wombat,B8:27:EB:FF:C8:F5,-51, WPA ,0.000000,0.000000,0.000,0.000,AP
2026-04-03 13:58:13,1900-01-00 00:00:00,0960-wombat,B8:27:EB:FF:C8:F5,-51, WPA ,0.000000,0.000000,0.000,0.000,AP
2026-04-03 13:58:13,1900-01-00 00:00:00,0960-wombat,B8:27:EB:FF:C8:F5,-51, WPA ,0.000000,0.000000,0.000,0.000,AP
2026-04-03 13:58:13,1900-01-00 00:00:00,0960-wombat,B8:27:EB:FF:C8:F5,-51, WPA ,0.000000,0.000000,0.000,0.000,AP
2026-04-03 13:58:13,1900-01-00 00:00:00,0960-wombat,B8:27:EB:FF:C8:F5,-51, WPA ,0.000000,0.000000,0.000,0.000,AP
2026-04-03 13:58:13,1900-01-00 00:00:00,0960-wombat,B8:27:EB:FF:C8:F5,-61, WPA ,0.000000,0.000000,0.000,0.000,AP
2026-04-03 13:58:13,1900-01-00 00:00:00,0960-wombat,B8:27:EB:FF:C8:F5,-61, WPA ,0.000000,0.000000,0.000,0.000,AP
2026-04-03 13:58:13,1900-01-00 00:00:00,0960-wombat,B8:27:EB:FF:C8:F5,-61, WPA ,0.000000,0.000000,0.000,0.000,AP
2026-04-03 13:58:13,1900-01-00 00:00:00,0960-wombat,B8:27:EB:FF:C8:F5,-61, WPA ,0.000000,0.000000,0.000,0.000,AP
2026-04-03 13:58:13,1900-01-00 00:00:00,0960-wombat,B8:27:EB:FF:C8:F5,-61, WPA ,0.000000,0.000000,0.000,0.000,AP
2026-04-03 13:58:13,1900-01-00 00:00:00,0960-wombat,B8:27:EB:FF:C8:F5,-61, WPA ,0.000000,0.000000,0.000,0.000,AP
2026-04-03 13:58:13,1900-01-00 00:00:00,0960-wombat,B8:27:EB:FF:C8:F5,-61, WPA ,0.000000,0.000000,0.000,0.000,AP
2026-04-03 13:58:13,1900-01-00 00:00:00,0960-wombat,B8:27:EB:FF:C8:F5,-61, WPA ,0.000000,0.000000,0.000,0.000,AP
2026-04-03 13:58:13,1900-01-00 00:00:00,0960-wombat,B8:27:EB:FF:C8:F5,-61, WPA ,0.000000,0.000000,0.000,0.000,AP
2026-04-03 13:58:13,1900-01-00 00:00:00,0960-wombat,B8:27:EB:FF:C8:F5,-61, WPA ,0.000000,0.000000,0.000,0.000,AP
2026-04-03 13:58:13,1900-01-00 00:00:00,0960-wombat,B8:27:EB:FF:C8:F5,-61, WPA ,0.000000,0.000000,0.000,0.000,AP
2026-04-03 13:58:13,1900-01-00 00:00:00,0960-wombat,B8:27:EB:FF:C8:F5,-58, WPA ,0.000000,0.000000,0.000,0.000,AP
2026-04-03 13:58:13,1900-01-00 00:00:00,0960-wombat,B8:27:EB:FF:C8:F5,-52, WPA ,0.000000,0.000000,0.000,0.000,AP
2026-04-03 13:58:13,1900-01-00 00:00:00,0960-wombat,B8:27:EB:FF:C8:F5,-52, WPA ,0.000000,0.000000,0.000,0.000,AP
2026-04-03 13:58:13,1900-01-00 00:00:00,0960-wombat,B8:27:EB:FF:C8:F5,-52, WPA ,0.000000,0.000000,0.000,0.000,AP
2026-04-03 13:58:13,1900-01-00 00:00:00,0960-wombat,B8:27:EB:FF:C8:F5,-52, WPA ,0.000000,0.000000,0.000,0.000,AP
2026-04-03 13:58:13,1900-01-00 00:00:00,0960-wombat,B8:27:EB:FF:C8:F5,-60, WPA ,0.000000,0.000000,0.000,0.000,AP
2026-04-03 13:58:13,1900-01-00 00:00:00,0960-wombat,B8:27:EB:FF:C8:F5,-60, WPA ,0.000000,0.000000,0.000,0.000,AP
2026-04-03 13:58:13,1900-01-00 00:00:00,0960-wombat,B8:27:EB:FF:C8:F5,-60, WPA ,0.000000,0.000000,0.000,0.000,AP
2026-04-03 13:58:13,1900-01-00 00:00:00,0960-wombat,B8:27:EB:FF:C8:F5,-60, WPA ,0.000000,0.000000,0.000,0.000,AP
2026-04-03 13:58:13,1900-01-00 00:00:00,0960-wombat,B8:27:EB:FF:C8:F5,-60, WPA ,0.000000,0.000000,0.000,0.000,AP
2026-04-03 13:58:13,1900-01-00 00:00:00,0960-wombat,B8:27:EB:FF:C8:F5,-60, WPA ,0.000000,0.000000,0.000,0.000,AP
2026-04-03 13:58:13,1900-01-00 00:00:00,0960-wombat,B8:27:EB:FF:C8:F5,-62, WPA ,0.000000,0.000000,0.000,0.000,AP
2026-04-03 13:58:13,1900-01-00 00:00:00,0960-wombat,B8:27:EB:FF:C8:F5,-62, WPA ,0.000000,0.000000,0.000,0.000,AP
2026-04-03 13:58:13,1900-01-00 00:00:00,0960-wombat,B8:27:EB:FF:C8:F5,-62, WPA ,0.000000,0.000000,0.000,0.000,AP
2026-04-03 13:58:13,1900-01-00 00:00:00,0960-wombat,B8:27:EB:FF:C8:F5,-62, WPA ,0.000000,0.000000,0.000,0.000,AP
2026-04-03 13:58:13,1900-01-00 00:00:00,0960-wombat,B8:27:EB:FF:C8:F5,-62, WPA ,0.000000,0.000000,0.000,0.000,AP
2026-04-03 13:58:13,1900-01-00 00:00:00,0960-wombat,B8:27:EB:FF:C8:F5,-62, WPA ,0.000000,0.000000,0.000,0.000,AP
2026-04-03 13:58:13,1900-01-00 00:00:00,0960-wombat,B8:27:EB:FF:C8:F5,-41, WPA ,0.000000,0.000000,0.000,0.000,AP
2026-04-03 13:58:13,1900-01-00 00:00:00,0960-wombat,B8:27:EB:FF:C8:F5,-41, WPA ,0.000000,0.000000,0.000,0.000,AP
2026-04-03 13:58:13,1900-01-00 00:00:00,0960-wombat,B8:27:EB:FF:C8:F5,-58, WPA ,0.000000,0.000000,0.000,0.000,AP
2026-04-03 13:58:13,1900-01-00 00:00:00,0960-wombat,B8:27:EB:FF:C8:F5,-58, WPA ,0.000000,0.000000,0.000,0.000,AP
2026-04-03 13:58:13,1900-01-00 00:00:00,0960-wombat,B8:27:EB:FF:C8:F5,-58, WPA ,0.000000,0.000000,0.000,0.000,AP
2026-04-03 13:58:13,1900-01-00 00:00:00,0960-wombat,B8:27:EB:FF:C8:F5,-58, WPA ,0.000000,0.000000,0.000,0.000,AP
2026-04-03 13:58:13,1900-01-00 00:00:00,0960-wombat,B8:27:EB:FF:C8:F5,-58, WPA ,0.000000,0.000000,0.000,0.000,AP
2026-04-03 13:58:13,1900-01-00 00:00:00,0960-wombat,B8:27:EB:FF:C8:F5,-58, WPA ,0.000000,0.000000,0.000,0.000,AP
2026-04-03 13:58:13,1900-01-00 00:00:00,0960-wombat,B8:27:EB:FF:C8:F5,-60, WPA ,0.000000,0.000000,0.000,0.000,AP
2026-04-03 13:58:13,1900-01-00 00:00:00,0960-wombat,B8:27:EB:FF:C8:F5,-60, WPA ,0.000000,0.000000,0.000,0.000,AP
2026-04-03 13:58:13,1900-01-00 00:00:00,0960-wombat,B8:27:EB:FF:C8:F5,-60, WPA ,0.000000,0.000000,0.000,0.000,AP
2026-04-03 13:58:13,1900-01-00 00:00:00,0960-wombat,B8:27:EB:FF:C8:F5,-60, WPA ,0.000000,0.000000,0.000,0.000,AP
2026-04-03 13:58:13,1900-01-00 00:00:00,0960-wombat,B8:27:EB:FF:C8:F5,-60, WPA ,0.000000,0.000000,0.000,0.000,AP
2026-04-03 13:58:13,1900-01-00 00:00:00,0960-wombat,B8:27:EB:FF:C8:F5,-60, WPA ,0.000000,0.000000,0.000,0.000,AP
2026-04-03 13:58:13,1900-01-00 00:00:00,0960-wombat,B8:27:EB:FF:C8:F5,-51, WPA ,0.000000,0.000000,0.000,0.000,AP
2026-04-03 13:58:13,1900-01-00 00:00:00,0960-wombat,B8:27:EB:FF:C8:F5,-51, WPA ,0.000000,0.000000,0.000,0.000,AP
2026-04-03 13:58:13,1900-01-00 00:00:00,0960-wombat,B8:27:EB:FF:C8:F5,-51, WPA ,0.000000,0.000000,0.000,0.000,AP
2026-04-03 13:58:13,1900-01-00 00:00:00,0960-wombat,B8:27:EB:FF:C8:F5,-51, WPA ,0.000000,0.000000,0.000,0.000,AP
2026-04-03 13:58:13,1900-01-00 00:00:00,0960-wombat,B8:27:EB:FF:C8:F5,-51, WPA ,0.000000,0.000000,0.000,0.000,AP
2026-04-03 13:58:13,1900-01-00 00:00:00,0960-wombat,B8:27:EB:FF:C8:F5,-51, WPA ,0.000000,0.000000,0.000,0.000,AP
2026-04-03 13:58:13,1900-01-00 00:00:00,0960-wombat,B8:27:EB:FF:C8:F5,-51, WPA ,0.000000,0.000000,0.000,0.000,AP
2026-04-03 13:58:13,1900-01-00 00:00:00,0960-wombat,B8:27:EB:FF:C8:F5,-51, WPA ,0.000000,0.000000,0.000,0.000,AP
2026-04-03 13:58:13,1900-01-00 00:00:00,0960-wombat,B8:27:EB:FF:C8:F5,-51, WPA ,0.000000,0.000000,0.000,0.000,AP
2026-04-03 13:58:13,1900-01-00 00:00:00,0960-wombat,B8:27:EB:FF:C8:F5,-59, WPA ,0.000000,0.000000,0.000,0.000,AP
2026-04-03 13:58:13,1900-01-00 00:00:00,0960-wombat,B8:27:EB:FF:C8:F5,-60, WPA ,0.000000,0.000000,0.000,0.000,AP
2026-04-03 13:58:13,1900-01-00 00:00:00,0960-wombat,B8:27:EB:FF:C8:F5,-59, WPA ,0.000000,0.000000,0.000,0.000,AP
2026-04-03 13:58:13,1900-01-00 00:00:00,0960-wombat,B8:27:EB:FF:C8:F5,-61, WPA ,0.000000,0.000000,0.000,0.000,AP
2026-04-03 13:58:13,1900-01-00 00:00:00,0960-wombat,B8:27:EB:FF:C8:F5,-61, WPA ,0.000000,0.000000,0.000,0.000,AP
2026-04-03 13:58:13,1900-01-00 00:00:00,0960-wombat,B8:27:EB:FF:C8:F5,-61, WPA ,0.000000,0.000000,0.000,0.000,AP
2026-04-03 13:58:13,1900-01-00 00:00:00,0960-wombat,B8:27:EB:FF:C8:F5,-61, WPA ,0.000000,0.000000,0.000,0.000,AP
2026-04-03 13:58:13,1900-01-00 00:00:00,0960-wombat,B8:27:EB:FF:C8:F5,-61, WPA ,0.000000,0.000000,0.000,0.000,AP
2026-04-03 13:58:13,1900-01-00 00:00:00,0960-wombat,B8:27:EB:FF:C8:F5,-61, WPA ,0.000000,0.000000,0.000,0.000,AP
2026-04-03 13:58:13,1900-01-00 00:00:00,0960-wombat,B8:27:EB:FF:C8:F5,-61, WPA ,0.000000,0.000000,0.000,0.000,AP
2026-04-03 13:58:13,1900-01-00 00:00:00,0960-wombat,B8:27:EB:FF:C8:F5,-61, WPA ,0.000000,0.000000,0.000,0.000,AP
2026-04-03 13:58:13,1900-01-00 00:00:00,0960-wombat,B8:27:EB:FF:C8:F5,-53, WPA ,0.000000,0.000000,0.000,0.000,AP
2026-04-03 13:58:13,1900-01-00 00:00:00,0960-wombat,B8:27:EB:FF:C8:F5,-59, WPA ,0.000000,0.000000,0.000,0.000,AP
2026-04-03 13:58:13,1900-01-00 00:00:00,0960-wombat,B8:27:EB:FF:C8:F5,-59, WPA ,0.000000,0.000000,0.000,0.000,AP
2026-04-03 13:58:13,1900-01-00 00:00:00,0960-wombat,B8:27:EB:FF:C8:F5,-59, WPA ,0.000000,0.000000,0.000,0.000,AP
2026-04-03 13:58:13,1900-01-00 00:00:00,0960-wombat,B8:27:EB:FF:C8:F5,-59, WPA ,0.000000,0.000000,0.000,0.000,AP
2026-04-03 13:58:13,1900-01-00 00:00:00,0960-wombat,B8:27:EB:FF:C8:F5,-60, WPA ,0.000000,0.000000,0.000,0.000,AP
2026-04-03 13:58:13,1900-01-00 00:00:00,0960-wombat,B8:27:EB:FF:C8:F5,-60, WPA ,0.000000,0.000000,0.000,0.000,AP
2026-04-03 13:58:13,1900-01-00 00:00:00,0960-wombat,B8:27:EB:FF:C8:F5,-60, WPA ,0.000000,0.000000,0.000,0.000,AP
2026-04-03 13:58:13,1900-01-00 00:00:00,0960-wombat,B8:27:EB:FF:C8:F5,-60, WPA ,0.000000,0.000000,0.000,0.000,AP
2026-04-03 13:58:13,1900-01-00 00:00:00,0960-wombat,B8:27:EB:FF:C8:F5,-60, WPA ,0.000000,0.000000,0.000,0.000,AP
2026-04-03 13:58:13,1900-01-00 00:00:00,0960-wombat,B8:27:EB:FF:C8:F5,-60, WPA ,0.000000,0.000000,0.000,0.000,AP
2026-04-03 13:58:13,1900-01-00 00:00:00,0960-wombat,B8:27:EB:FF:C8:F5,-62, WPA ,0.000000,0.000000,0.000,0.000,AP
2026-04-03 13:58:13,1900-01-00 00:00:00,0960-wombat,B8:27:EB:FF:C8:F5,-62, WPA ,0.000000,0.000000,0.000,0.000,AP
2026-04-03 13:58:13,1900-01-00 00:00:00,0960-wombat,B8:27:EB:FF:C8:F5,-62, WPA ,0.000000,0.000000,0.000,0.000,AP
2026-04-03 13:58:13,1900-01-00 00:00:00,0960-wombat,B8:27:EB:FF:C8:F5,-62, WPA ,0.000000,0.000000,0.000,0.000,AP
2026-04-03 13:58:13,1900-01-00 00:00:00,0960-wombat,B8:27:EB:FF:C8:F5,-62, WPA ,0.000000,0.000000,0.000,0.000,AP
2026-04-03 13:58:13,1900-01-00 00:00:00,0960-wombat,B8:27:EB:FF:C8:F5,-41, WPA ,0.000000,0.000000,0.000,0.000,AP
2026-04-03 13:58:13,1900-01-00 00:00:00,0960-wombat,B8:27:EB:FF:C8:F5,-41, WPA ,0.000000,0.000000,0.000,0.000,AP
2026-04-03 13:58:13,1900-01-00 00:00:00,0960-wombat,B8:27:EB:FF:C8:F5,-58, WPA ,0.000000,0.000000,0.000,0.000,AP
2026-04-03 13:58:13,1900-01-00 00:00:00,0960-wombat,B8:27:EB:FF:C8:F5,-58, WPA ,0.000000,0.000000,0.000,0.000,AP
2026-04-03 13:58:13,1900-01-00 00:00:00,0960-wombat,B8:27:EB:FF:C8:F5,-58, WPA ,0.000000,0.000000,0.000,0.000,AP
2026-04-03 13:58:13,1900-01-00 00:00:00,0960-wombat,B8:27:EB:FF:C8:F5,-58, WPA ,0.000000,0.000000,0.000,0.000,AP
2026-04-03 13:58:13,1900-01-00 00:00:00,0960-wombat,B8:27:EB:FF:C8:F5,-58, WPA ,0.000000,0.000000,0.000,0.000,AP
2026-04-03 13:58:13,1900-01-00 00:00:00,0960-wombat,B8:27:EB:FF:C8:F5,-58, WPA ,0.000000,0.000000,0.000,0.000,AP
2026-04-03 13:58:13,1900-01-00 00:00:00,0960-wombat,B8:27:EB:FF:C8:F5,-59, WPA ,0.000000,0.000000,0.000,0.000,AP
2026-04-03 13:58:13,1900-01-00 00:00:00,0960-wombat,B8:27:EB:FF:C8:F5,-59, WPA ,0.000000,0.000000,0.000,0.000,AP
2026-04-03 13:58:13,1900-01-00 00:00:00,0960-wombat,B8:27:EB:FF:C8:F5,-59, WPA ,0.000000,0.000000,0.000,0.000,AP
2026-04-03 13:58:13,1900-01-00 00:00:00,0960-wombat,B8:27:EB:FF:C8:F5,-59, WPA ,0.000000,0.000000,0.000,0.000,AP
2026-04-03 13:58:13,1900-01-00 00:00:00,0960-wombat,B8:27:EB:FF:C8:F5,-59, WPA ,0.000000,0.000000,0.000,0.000,AP
2026-04-03 13:58:13,1900-01-00 00:00:00,0960-wombat,B8:27:EB:FF:C8:F5,-59, WPA ,0.000000,0.000000,0.000,0.000,AP
2026-04-03 13:58:13,1900-01-00 00:00:00,0960-wombat,B8:27:EB:FF:C8:F5,-59, WPA ,0.000000,0.000000,0.000,0.000,AP
2026-04-03 13:58:13,1900-01-00 00:00:00,0960-wombat,B8:27:EB:FF:C8:F5,-59, WPA ,0.000000,0.000000,0.000,0.000,AP
2026-04-03 13:58:13,1900-01-00 00:00:00,0960-wombat,B8:27:EB:FF:C8:F5,-59, WPA ,0.000000,0.000000,0.000,0.000,AP
2026-04-03 13:58:13,1900-01-00 00:00:00,0960-wombat,B8:27:EB:FF:C8:F5,-59, WPA ,0.000000,0.000000,0.000,0.000,AP
2026-04-03 13:58:13,1900-01-00 00:00:00,0960-wombat,B8:27:EB:FF:C8:F5,-59, WPA ,0.000000,0.000000,0.000,0.000,AP
2026-04-03 13:58:13,1900-01-00 00:00:00,0960-wombat,B8:27:EB:FF:C8:F5,-59, WPA ,0.000000,0.000000,0.000,0.000,AP
2026-04-03 13:58:13,1900-01-00 00:00:00,0960-wombat,B8:27:EB:FF:C8:F5,-51, WPA ,0.000000,0.000000,0.000,0.000,AP
2026-04-03 13:58:13,1900-01-00 00:00:00,0960-wombat,B8:27:EB:FF:C8:F5,-51, WPA ,0.000000,0.000000,0.000,0.000,AP
2026-04-03 13:58:13,1900-01-00 00:00:00,0960-wombat,B8:27:EB:FF:C8:F5,-51, WPA ,0.000000,0.000000,0.000,0.000,AP
2026-04-03 13:58:13,1900-01-00 00:00:00,0960-wombat,B8:27:EB:FF:C8:F5,-51, WPA ,0.000000,0.000000,0.000,0.000,AP
2026-04-03 13:58:13,1900-01-00 00:00:00,0960-wombat,B8:27:EB:FF:C8:F5,-51, WPA ,0.000000,0.000000,0.000,0.000,AP
2026-04-03 13:58:13,1900-01-00 00:00:00,0960-wombat,B8:27:EB:FF:C8:F5,-51, WPA ,0.000000,0.000000,0.000,0.000,AP
2026-04-03 13:58:13,1900-01-00 00:00:00,0960-wombat,B8:27:EB:FF:C8:F5,-51, WPA ,0.000000,0.000000,0.000,0.000,AP
2026-04-03 13:58:13,1900-01-00 00:00:00,0960-wombat,B8:27:EB:FF:C8:F5,-51, WPA ,0.000000,0.000000,0.000,0.000,AP
2026-04-03 13:58:13,1900-01-00 00:00:00,0960-wombat,B8:27:EB:FF:C8:F5,-51, WPA ,0.000000,0.000000,0.000,0.000,AP
2026-04-03 13:58:13,1900-01-00 00:00:00,0960-wombat,B8:27:EB:FF:C8:F5,-51, WPA ,0.000000,0.000000,0.000,0.000,AP
2026-04-03 13:58:13,1900-01-00 00:00:00,0960-wombat,B8:27:EB:FF:C8:F5,-51, WPA ,0.000000,0.000000,0.000,0.000,AP
2026-04-03 13:58:13,1900-01-00 00:00:00,0960-wombat,B8:27:EB:FF:C8:F5,-51, WPA ,0.000000,0.000000,0.000,0.000,AP
2026-04-03 13:58:13,1900-01-00 00:00:00,0960-wombat,B8:27:EB:FF:C8:F5,-51, WPA ,0.000000,0.000000,0.000,0.000,AP
2026-04-03 13:58:13,1900-01-00 00:00:00,0960-wombat,B8:27:EB:FF:C8:F5,-51, WPA ,0.000000,0.000000,0.000,0.000,AP
2026-04-03 13:58:13,1900-01-00 00:00:00,0960-wombat,B8:27:EB:FF:C8:F5,-53, WPA ,0.000000,0.000000,0.000,0.000,AP
2026-04-03 13:58:13,1900-01-00 00:00:00,0960-wombat,B8:27:EB:FF:C8:F5,-60, WPA ,0.000000,0.000000,0.000,0.000,AP
2026-04-03 13:58:13,1900-01-00 00:00:00,0960-wombat,B8:27:EB:FF:C8:F5,-61, WPA ,0.000000,0.000000,0.000,0.000,AP
2026-04-03 13:58:13,1900-01-00 00:00:00,0960-wombat,B8:27:EB:FF:C8:F5,-62, WPA ,0.000000,0.000000,0.000,0.000,AP
2026-04-03 13:58:13,1900-01-00 00:00:00,0960-wombat,B8:27:EB:FF:C8:F5,-61, WPA ,0.000000,0.000000,0.000,0.000,AP
2026-04-03 13:58:13,1900-01-00 00:00:00,0960-wombat,B8:27:EB:FF:C8:F5,-61, WPA ,0.000000,0.000000,0.000,0.000,AP
2026-04-03 13:58:14,1900-01-00 00:00:00,0960-wombat,B8:27:EB:FF:C8:F5,-61, WPA ,0.000000,0.000000,0.000,0.000,AP
2026-04-03 13:58:14,1900-01-00 00:00:00,0960-wombat,B8:27:EB:FF:C8:F5,-61, WPA ,0.000000,0.000000,0.000,0.000,AP
2026-04-03 13:58:14,1900-01-00 00:00:00,0960-wombat,B8:27:EB:FF:C8:F5,-60, WPA ,0.000000,0.000000,0.000,0.000,AP
2026-04-03 13:58:14,1900-01-00 00:00:00,0960-wombat,B8:27:EB:FF:C8:F5,-61, WPA ,0.000000,0.000000,0.000,0.000,AP
2026-04-03 13:58:14,1900-01-00 00:00:00,0960-wombat,B8:27:EB:FF:C8:F5,-59, WPA ,0.000000,0.000000,0.000,0.000,AP
2026-04-03 13:58:14,1900-01-00 00:00:00,0960-wombat,B8:27:EB:FF:C8:F5,-61, WPA ,0.000000,0.000000,0.000,0.000,AP
2026-04-03 13:58:14,1900-01-00 00:00:00,0960-wombat,B8:27:EB:FF:C8:F5,-61, WPA ,0.000000,0.000000,0.000,0.000,AP
2026-04-03 13:58:14,1900-01-00 00:00:00,0960-wombat,B8:27:EB:FF:C8:F5,-61, WPA ,0.000000,0.000000,0.000,0.000,AP
2026-04-03 13:58:14,1900-01-00 00:00:00,0960-wombat,B8:27:EB:FF:C8:F5,-61, WPA ,0.000000,0.000000,0.000,0.000,AP
2026-04-03 13:58:14,1900-01-00 00:00:00,0960-wombat,B8:27:EB:FF:C8:F5,-61, WPA ,0.000000,0.000000,0.000,0.000,AP
2026-04-03 13:58:14,1900-01-00 00:00:00,0960-wombat,B8:27:EB:FF:C8:F5,-61, WPA ,0.000000,0.000000,0.000,0.000,AP
2026-04-03 13:58:14,1900-01-00 00:00:00,0960-wombat,B8:27:EB:FF:C8:F5,-61, WPA ,0.000000,0.000000,0.000,0.000,AP
2026-04-03 13:58:14,1900-01-00 00:00:00,0960-wombat,B8:27:EB:FF:C8:F5,-60, WPA ,0.000000,0.000000,0.000,0.000,AP
2026-04-03 13:58:14,1900-01-00 00:00:00,0960-wombat,B8:27:EB:FF:C8:F5,-60, WPA ,0.000000,0.000000,0.000,0.000,AP
2026-04-03 13:58:14,1900-01-00 00:00:00,0960-wombat,B8:27:EB:FF:C8:F5,-60, WPA ,0.000000,0.000000,0.000,0.000,AP
2026-04-03 13:58:15,1900-01-00 00:00:00,0960-wombat,B8:27:EB:FF:C8:F5,-60, WPA ,0.000000,0.000000,0.000,0.000,AP
2026-04-03 13:58:15,1900-01-00 00:00:00,0960-wombat,B8:27:EB:FF:C8:F5,-61, WPA ,0.000000,0.000000,0.000,0.000,AP
2026-04-03 13:58:15,1900-01-00 00:00:00,0960-wombat,B8:27:EB:FF:C8:F5,-60, WPA ,0.000000,0.000000,0.000,0.000,AP
2026-04-03 13:58:15,1900-01-00 00:00:00,0960-wombat,B8:27:EB:FF:C8:F5,-60, WPA ,0.000000,0.000000,0.000,0.000,AP
2026-04-03 13:58:15,1900-01-00 00:00:00,0960-wombat,B8:27:EB:FF:C8:F5,-60, WPA ,0.000000,0.000000,0.000,0.000,AP
2026-04-03 13:58:15,1900-01-00 00:00:00,0960-wombat,B8:27:EB:FF:C8:F5,-60, WPA ,0.000000,0.000000,0.000,0.000,AP
2026-04-03 13:58:15,1900-01-00 00:00:00,0960-wombat,B8:27:EB:FF:C8:F5,-60, WPA ,0.000000,0.000000,0.000,0.000,AP
2026-04-03 13:58:15,1900-01-00 00:00:00,0960-wombat,B8:27:EB:FF:C8:F5,-60, WPA ,0.000000,0.000000,0.000,0.000,AP
2026-04-03 13:58:15,1900-01-00 00:00:00,0960-wombat,B8:27:EB:FF:C8:F5,-61, WPA ,0.000000,0.000000,0.000,0.000,AP
2026-04-03 13:58:15,1900-01-00 00:00:00,0960-wombat,B8:27:EB:FF:C8:F5,-61, WPA ,0.000000,0.000000,0.000,0.000,AP
2026-04-03 13:58:15,1900-01-00 00:00:00,0960-wombat,B8:27:EB:FF:C8:F5,-61, WPA ,0.000000,0.000000,0.000,0.000,AP
2026-04-03 13:58:15,1900-01-00 00:00:00,0960-wombat,B8:27:EB:FF:C8:F5,-61, WPA ,0.000000,0.000000,0.000,0.000,AP
2026-04-03 13:58:15,1900-01-00 00:00:00,0960-wombat,B8:27:EB:FF:C8:F5,-60, WPA ,0.000000,0.000000,0.000,0.000,AP
2026-04-03 13:58:15,1900-01-00 00:00:00,0960-wombat,B8:27:EB:FF:C8:F5,-56, WPA ,0.000000,0.000000,0.000,0.000,AP
2026-04-03 13:58:15,1900-01-00 00:00:00,0960-wombat,B8:27:EB:FF:C8:F5,-59, WPA ,0.000000,0.000000,0.000,0.000,AP
2026-04-03 13:58:15,1900-01-00 00:00:00,0960-wombat,B8:27:EB:FF:C8:F5,-61, WPA ,0.000000,0.000000,0.000,0.000,AP
2026-04-03 13:58:15,1900-01-00 00:00:00,0960-wombat,B8:27:EB:FF:C8:F5,-60, WPA ,0.000000,0.000000,0.000,0.000,AP
2026-04-03 13:58:15,1900-01-00 00:00:00,0960-wombat,B8:27:EB:FF:C8:F5,-60, WPA ,0.000000,0.000000,0.000,0.000,AP
2026-04-03 13:58:15,1900-01-00 00:00:00,0960-wombat,B8:27:EB:FF:C8:F5,-60, WPA ,0.000000,0.000000,0.000,0.000,AP
2026-04-03 13:58:15,1900-01-00 00:00:00,0960-wombat,B8:27:EB:FF:C8:F5,-60, WPA ,0.000000,0.000000,0.000,0.000,AP
2026-04-03 13:58:16,1900-01-00 00:00:00,0960-wombat,B8:27:EB:FF:C8:F5,-61, WPA ,0.000000,0.000000,0.000,0.000,AP
2026-04-03 13:58:16,1900-01-00 00:00:00,0960-wombat,B8:27:EB:FF:C8:F5,-60, WPA ,0.000000,0.000000,0.000,0.000,AP
2026-04-03 13:58:16,1900-01-00 00:00:00,0960-wombat,B8:27:EB:FF:C8:F5,-59, WPA ,0.000000,0.000000,0.000,0.000,AP
2026-04-03 13:58:16,1900-01-00 00:00:00,0960-wombat,B8:27:EB:FF:C8:F5,-60, WPA ,0.000000,0.000000,0.000,0.000,AP
2026-04-03 13:58:16,1900-01-00 00:00:00,0960-wombat,B8:27:EB:FF:C8:F5,-60, WPA ,0.000000,0.000000,0.000,0.000,AP
2026-04-03 13:58:16,1900-01-00 00:00:00,0960-wombat,B8:27:EB:FF:C8:F5,-60, WPA ,0.000000,0.000000,0.000,0.000,AP
2026-04-03 13:58:16,1900-01-00 00:00:00,0960-wombat,B8:27:EB:FF:C8:F5,-59, WPA ,0.000000,0.000000,0.000,0.000,AP
2026-04-03 13:58:16,1900-01-00 00:00:00,0960-wombat,B8:27:EB:FF:C8:F5,-59, WPA ,0.000000,0.000000,0.000,0.000,AP
2026-04-03 13:58:16,1900-01-00 00:00:00,0960-wombat,B8:27:EB:FF:C8:F5,-60, WPA ,0.000000,0.000000,0.000,0.000,AP
2026-04-03 13:58:17,1900-01-00 00:00:00,0960-wombat,B8:27:EB:FF:C8:F5,-60, WPA ,0.000000,0.000000,0.000,0.000,AP
2026-04-03 13:58:17,1900-01-00 00:00:00,0960-wombat,B8:27:EB:FF:C8:F5,-61, WPA ,0.000000,0.000000,0.000,0.000,AP
2026-04-03 13:58:17,1900-01-00 00:00:00,0960-wombat,B8:27:EB:FF:C8:F5,-60, WPA ,0.000000,0.000000,0.000,0.000,AP
2026-04-03 13:58:17,1900-01-00 00:00:00,0960-wombat,B8:27:EB:FF:C8:F5,-60, WPA ,0.000000,0.000000,0.000,0.000,AP
2026-04-03 13:58:17,1900-01-00 00:00:00,0960-wombat,B8:27:EB:FF:C8:F5,-60, WPA ,0.000000,0.000000,0.000,0.000,AP
2026-04-03 13:58:17,1900-01-00 00:00:00,0960-wombat,B8:27:EB:FF:C8:F5,-60, WPA ,0.000000,0.000000,0.000,0.000,AP
2026-04-03 13:58:17,1900-01-00 00:00:00,0960-wombat,B8:27:EB:FF:C8:F5,-61, WPA ,0.000000,0.000000,0.000,0.000,AP
2026-04-03 13:58:17,1900-01-00 00:00:00,0960-wombat,B8:27:EB:FF:C8:F5,-60, WPA ,0.000000,0.000000,0.000,0.000,AP
2026-04-03 13:58:17,1900-01-00 00:00:00,0960-wombat,B8:27:EB:FF:C8:F5,-60, WPA ,0.000000,0.000000,0.000,0.000,AP
2026-04-03 13:58:17,1900-01-00 00:00:00,0960-wombat,B8:27:EB:FF:C8:F5,-60, WPA ,0.000000,0.000000,0.000,0.000,AP
2026-04-03 13:58:18,1900-01-00 00:00:00,0960-wombat,B8:27:EB:FF:C8:F5,-61, WPA ,0.000000,0.000000,0.000,0.000,AP
2026-04-03 13:58:18,1900-01-00 00:00:00,0960-wombat,B8:27:EB:FF:C8:F5,-60, WPA ,0.000000,0.000000,0.000,0.000,AP
2026-04-03 13:58:18,1900-01-00 00:00:00,0960-wombat,B8:27:EB:FF:C8:F5,-61, WPA ,0.000000,0.000000,0.000,0.000,AP
2026-04-03 13:58:18,1900-01-00 00:00:00,0960-wombat,B8:27:EB:FF:C8:F5,-61, WPA ,0.000000,0.000000,0.000,0.000,AP
2026-04-03 13:58:18,1900-01-00 00:00:00,0960-wombat,B8:27:EB:FF:C8:F5,-61, WPA ,0.000000,0.000000,0.000,0.000,AP
2026-04-03 13:58:18,1900-01-00 00:00:00,0960-wombat,B8:27:EB:FF:C8:F5,-60, WPA ,0.000000,0.000000,0.000,0.000,AP
2026-04-03 13:58:18,1900-01-00 00:00:00,0960-wombat,B8:27:EB:FF:C8:F5,-61, WPA ,0.000000,0.000000,0.000,0.000,AP
2026-04-03 13:58:18,1900-01-00 00:00:00,0960-wombat,B8:27:EB:FF:C8:F5,-61, WPA ,0.000000,0.000000,0.000,0.000,AP
2026-04-03 13:58:18,1900-01-00 00:00:00,0960-wombat,B8:27:EB:FF:C8:F5,-61, WPA ,0.000000,0.000000,0.000,0.000,AP
2026-04-03 13:58:18,1900-01-00 00:00:00,0960-wombat,B8:27:EB:FF:C8:F5,-62, WPA ,0.000000,0.000000,0.000,0.000,AP
2026-04-03 13:58:18,1900-01-00 00:00:00,0960-wombat,B8:27:EB:FF:C8:F5,-61, WPA ,0.000000,0.000000,0.000,0.000,AP
2026-04-03 13:58:18,1900-01-00 00:00:00,0960-wombat,B8:27:EB:FF:C8:F5,-60, WPA ,0.000000,0.000000,0.000,0.000,AP
2026-04-03 13:58:18,1900-01-00 00:00:00,0960-wombat,B8:27:EB:FF:C8:F5,-60, WPA ,0.000000,0.000000,0.000,0.000,AP
2026-04-03 13:58:19,1900-01-00 00:00:00,0960-wombat,B8:27:EB:FF:C8:F5,-61, WPA ,0.000000,0.000000,0.000,0.000,AP
2026-04-03 13:58:19,1900-01-00 00:00:00,0960-wombat,B8:27:EB:FF:C8:F5,-60, WPA ,0.000000,0.000000,0.000,0.000,AP
2026-04-03 13:58:19,1900-01-00 00:00:00,0960-wombat,B8:27:EB:FF:C8:F5,-60, WPA ,0.000000,0.000000,0.000,0.000,AP
2026-04-03 13:58:19,1900-01-00 00:00:00,0960-wombat,B8:27:EB:FF:C8:F5,-60, WPA ,0.000000,0.000000,0.000,0.000,AP
2026-04-03 13:58:19,1900-01-00 00:00:00,0960-wombat,B8:27:EB:FF:C8:F5,-60, WPA ,0.000000,0.000000,0.000,0.000,AP
2026-04-03 13:58:19,1900-01-00 00:00:00,0960-wombat,B8:27:EB:FF:C8:F5,-61, WPA ,0.000000,0.000000,0.000,0.000,AP
2026-04-03 13:58:19,1900-01-00 00:00:00,0960-wombat,B8:27:EB:FF:C8:F5,-60, WPA ,0.000000,0.000000,0.000,0.000,AP
2026-04-03 13:58:19,1900-01-00 00:00:00,0960-wombat,B8:27:EB:FF:C8:F5,-61, WPA ,0.000000,0.000000,0.000,0.000,AP
2026-04-03 13:58:19,1900-01-00 00:00:00,0960-wombat,B8:27:EB:FF:C8:F5,-60, WPA ,0.000000,0.000000,0.000,0.000,AP
2026-04-03 13:58:19,1900-01-00 00:00:00,0960-wombat,B8:27:EB:FF:C8:F5,-60, WPA ,0.000000,0.000000,0.000,0.000,AP
2026-04-03 13:58:19,1900-01-00 00:00:00,0960-wombat,B8:27:EB:FF:C8:F5,-59, WPA ,0.000000,0.000000,0.000,0.000,AP
2026-04-03 13:58:19,1900-01-00 00:00:00,0960-wombat,B8:27:EB:FF:C8:F5,-59, WPA ,0.000000,0.000000,0.000,0.000,AP
2026-04-03 13:58:19,1900-01-00 00:00:00,0960-wombat,B8:27:EB:FF:C8:F5,-59, WPA ,0.000000,0.000000,0.000,0.000,AP
2026-04-03 13:58:19,1900-01-00 00:00:00,0960-wombat,B8:27:EB:FF:C8:F5,-60, WPA ,0.000000,0.000000,0.000,0.000,AP
2026-04-03 13:58:19,1900-01-00 00:00:00,0960-wombat,B8:27:EB:FF:C8:F5,-60, WPA ,0.000000,0.000000,0.000,0.000,AP
2026-04-03 13:58:20,1900-01-00 00:00:00,0960-wombat,B8:27:EB:FF:C8:F5,-59, WPA ,0.000000,0.000000,0.000,0.000,AP
2026-04-03 13:58:20,1900-01-00 00:00:00,0960-wombat,B8:27:EB:FF:C8:F5,-60, WPA ,0.000000,0.000000,0.000,0.000,AP
2026-04-03 13:58:20,1900-01-00 00:00:00,0960-wombat,B8:27:EB:FF:C8:F5,-60, WPA ,0.000000,0.000000,0.000,0.000,AP
2026-04-03 13:58:20,1900-01-00 00:00:00,0960-wombat,B8:27:EB:FF:C8:F5,-60, WPA ,0.000000,0.000000,0.000,0.000,AP
2026-04-03 13:58:20,1900-01-00 00:00:00,0960-wombat,B8:27:EB:FF:C8:F5,-59, WPA ,0.000000,0.000000,0.000,0.000,AP
2026-04-03 13:58:20,1900-01-00 00:00:00,0960-wombat,B8:27:EB:FF:C8:F5,-59, WPA ,0.000000,0.000000,0.000,0.000,AP
2026-04-03 13:58:20,1900-01-00 00:00:00,0960-wombat,B8:27:EB:FF:C8:F5,-58, WPA ,0.000000,0.000000,0.000,0.000,AP
2026-04-03 13:58:20,1900-01-00 00:00:00,0960-wombat,B8:27:EB:FF:C8:F5,-58, WPA ,0.000000,0.000000,0.000,0.000,AP
2026-04-03 13:58:21,1900-01-00 00:00:00,0960-wombat,B8:27:EB:FF:C8:F5,-57, WPA ,0.000000,0.000000,0.000,0.000,AP
2026-04-03 13:58:21,1900-01-00 00:00:00,0960-wombat,B8:27:EB:FF:C8:F5,-57, WPA ,0.000000,0.000000,0.000,0.000,AP
2026-04-03 13:58:21,1900-01-00 00:00:00,0960-wombat,B8:27:EB:FF:C8:F5,-57, WPA ,0.000000,0.000000,0.000,0.000,AP
2026-04-03 13:58:21,1900-01-00 00:00:00,0960-wombat,B8:27:EB:FF:C8:F5,-57, WPA ,0.000000,0.000000,0.000,0.000,AP
2026-04-03 13:58:21,1900-01-00 00:00:00,0960-wombat,B8:27:EB:FF:C8:F5,-59, WPA ,0.000000,0.000000,0.000,0.000,AP
2026-04-03 13:58:21,1900-01-00 00:00:00,0960-wombat,B8:27:EB:FF:C8:F5,-59, WPA ,0.000000,0.000000,0.000,0.000,AP
2026-04-03 13:58:21,1900-01-00 00:00:00,0960-wombat,B8:27:EB:FF:C8:F5,-58, WPA ,0.000000,0.000000,0.000,0.000,AP
2026-04-03 13:58:21,1900-01-00 00:00:00,0960-wombat,B8:27:EB:FF:C8:F5,-57, WPA ,0.000000,0.000000,0.000,0.000,AP
2026-04-03 13:58:21,1900-01-00 00:00:00,0960-wombat,B8:27:EB:FF:C8:F5,-58, WPA ,0.000000,0.000000,0.000,0.000,AP
2026-04-03 13:58:21,1900-01-00 00:00:00,0960-wombat,B8:27:EB:FF:C8:F5,-59, WPA ,0.000000,0.000000,0.000,0.000,AP
2026-04-03 13:58:21,1900-01-00 00:00:00,0960-wombat,B8:27:EB:FF:C8:F5,-59, WPA ,0.000000,0.000000,0.000,0.000,AP
2026-04-03 13:58:21,1900-01-00 00:00:00,0960-wombat,B8:27:EB:FF:C8:F5,-59, WPA ,0.000000,0.000000,0.000,0.000,AP
2026-04-03 13:58:22,1900-01-00 00:00:00,0960-wombat,B8:27:EB:FF:C8:F5,-59, WPA ,0.000000,0.000000,0.000,0.000,AP
2026-04-03 13:58:22,1900-01-00 00:00:00,0960-wombat,B8:27:EB:FF:C8:F5,-59, WPA ,0.000000,0.000000,0.000,0.000,AP
2026-04-03 13:58:22,1900-01-00 00:00:00,0960-wombat,B8:27:EB:FF:C8:F5,-60, WPA ,0.000000,0.000000,0.000,0.000,AP
2026-04-03 13:58:22,1900-01-00 00:00:00,0960-wombat,B8:27:EB:FF:C8:F5,-60, WPA ,0.000000,0.000000,0.000,0.000,AP
2026-04-03 13:58:22,1900-01-00 00:00:00,0960-wombat,B8:27:EB:FF:C8:F5,-60, WPA ,0.000000,0.000000,0.000,0.000,AP
2026-04-03 13:58:22,1900-01-00 00:00:00,0960-wombat,B8:27:EB:FF:C8:F5,-60, WPA ,0.000000,0.000000,0.000,0.000,AP
2026-04-03 13:58:22,1900-01-00 00:00:00,0960-wombat,B8:27:EB:FF:C8:F5,-59, WPA ,0.000000,0.000000,0.000,0.000,AP
2026-04-03 13:58:22,1900-01-00 00:00:00,0960-wombat,B8:27:EB:FF:C8:F5,-59, WPA ,0.000000,0.000000,0.000,0.000,AP
2026-04-03 13:58:22,1900-01-00 00:00:00,0960-wombat,B8:27:EB:FF:C8:F5,-60, WPA ,0.000000,0.000000,0.000,0.000,AP
2026-04-03 13:58:22,1900-01-00 00:00:00,0960-wombat,B8:27:EB:FF:C8:F5,-60, WPA ,0.000000,0.000000,0.000,0.000,AP
2026-04-03 13:58:22,1900-01-00 00:00:00,0960-wombat,B8:27:EB:FF:C8:F5,-60, WPA ,0.000000,0.000000,0.000,0.000,AP
2026-04-03 13:58:22,1900-01-00 00:00:00,0960-wombat,B8:27:EB:FF:C8:F5,-59, WPA ,0.000000,0.000000,0.000,0.000,AP
2026-04-03 13:58:22,1900-01-00 00:00:00,0960-wombat,B8:27:EB:FF:C8:F5,-60, WPA ,0.000000,0.000000,0.000,0.000,AP
2026-04-03 13:58:22,1900-01-00 00:00:00,0960-wombat,B8:27:EB:FF:C8:F5,-60, WPA ,0.000000,0.000000,0.000,0.000,AP
2026-04-03 13:58:22,1900-01-00 00:00:00,0960-wombat,B8:27:EB:FF:C8:F5,-60, WPA ,0.000000,0.000000,0.000,0.000,AP
2026-04-03 13:58:22,1900-01-00 00:00:00,0960-wombat,B8:27:EB:FF:C8:F5,-60, WPA ,0.000000,0.000000,0.000,0.000,AP
2026-04-03 13:58:22,1900-01-00 00:00:00,0960-wombat,B8:27:EB:FF:C8:F5,-60, WPA ,0.000000,0.000000,0.000,0.000,AP
2026-04-03 13:58:22,1900-01-00 00:00:00,0960-wombat,B8:27:EB:FF:C8:F5,-60, WPA ,0.000000,0.000000,0.000,0.000,AP
2026-04-03 13:58:22,1900-01-00 00:00:00,0960-wombat,B8:27:EB:FF:C8:F5,-60, WPA ,0.000000,0.000000,0.000,0.000,AP
2026-04-03 13:58:22,1900-01-00 00:00:00,0960-wombat,B8:27:EB:FF:C8:F5,-60, WPA ,0.000000,0.000000,0.000,0.000,AP
2026-04-03 13:58:22,1900-01-00 00:00:00,0960-wombat,B8:27:EB:FF:C8:F5,-59, WPA ,0.000000,0.000000,0.000,0.000,AP
2026-04-03 13:58:22,1900-01-00 00:00:00,0960-wombat,B8:27:EB:FF:C8:F5,-60, WPA ,0.000000,0.000000,0.000,0.000,AP
2026-04-03 13:58:22,1900-01-00 00:00:00,0960-wombat,B8:27:EB:FF:C8:F5,-60, WPA ,0.000000,0.000000,0.000,0.000,AP
2026-04-03 13:58:23,1900-01-00 00:00:00,0960-wombat,B8:27:EB:FF:C8:F5,-60, WPA ,0.000000,0.000000,0.000,0.000,AP
2026-04-03 13:58:23,1900-01-00 00:00:00,0960-wombat,B8:27:EB:FF:C8:F5,-60, WPA ,0.000000,0.000000,0.000,0.000,AP
2026-04-03 13:58:23,1900-01-00 00:00:00,0960-wombat,B8:27:EB:FF:C8:F5,-61, WPA ,0.000000,0.000000,0.000,0.000,AP
2026-04-03 13:58:23,1900-01-00 00:00:00,0960-wombat,B8:27:EB:FF:C8:F5,-60, WPA ,0.000000,0.000000,0.000,0.000,AP
2026-04-03 13:58:23,1900-01-00 00:00:00,0960-wombat,B8:27:EB:FF:C8:F5,-60, WPA ,0.000000,0.000000,0.000,0.000,AP
2026-04-03 13:58:23,1900-01-00 00:00:00,0960-wombat,B8:27:EB:FF:C8:F5,-60, WPA ,0.000000,0.000000,0.000,0.000,AP
2026-04-03 13:58:23,1900-01-00 00:00:00,0960-wombat,B8:27:EB:FF:C8:F5,-60, WPA ,0.000000,0.000000,0.000,0.000,AP
2026-04-03 13:58:23,1900-01-00 00:00:00,0960-wombat,B8:27:EB:FF:C8:F5,-60, WPA ,0.000000,0.000000,0.000,0.000,AP
2026-04-03 13:58:23,1900-01-00 00:00:00,0960-wombat,B8:27:EB:FF:C8:F5,-60, WPA ,0.000000,0.000000,0.000,0.000,AP
2026-04-03 13:58:24,1900-01-00 00:00:00,0960-wombat,B8:27:EB:FF:C8:F5,-60, WPA ,0.000000,0.000000,0.000,0.000,AP
2026-04-03 13:58:24,1900-01-00 00:00:00,0960-wombat,B8:27:EB:FF:C8:F5,-59, WPA ,0.000000,0.000000,0.000,0.000,AP
2026-04-03 13:58:24,1900-01-00 00:00:00,0960-wombat,B8:27:EB:FF:C8:F5,-59, WPA ,0.000000,0.000000,0.000,0.000,AP
2026-04-03 13:58:24,1900-01-00 00:00:00,0960-wombat,B8:27:EB:FF:C8:F5,-60, WPA ,0.000000,0.000000,0.000,0.000,AP
2026-04-03 13:58:24,1900-01-00 00:00:00,0960-wombat,B8:27:EB:FF:C8:F5,-60, WPA ,0.000000,0.000000,0.000,0.000,AP
2026-04-03 13:58:24,1900-01-00 00:00:00,0960-wombat,B8:27:EB:FF:C8:F5,-60, WPA ,0.000000,0.000000,0.000,0.000,AP
2026-04-03 13:58:24,1900-01-00 00:00:00,0960-wombat,B8:27:EB:FF:C8:F5,-59, WPA ,0.000000,0.000000,0.000,0.000,AP
2026-04-03 13:58:24,1900-01-00 00:00:00,0960-wombat,B8:27:EB:FF:C8:F5,-59, WPA ,0.000000,0.000000,0.000,0.000,AP
2026-04-03 13:58:24,1900-01-00 00:00:00,0960-wombat,B8:27:EB:FF:C8:F5,-59, WPA ,0.000000,0.000000,0.000,0.000,AP
2026-04-03 13:58:25,1900-01-00 00:00:00,0960-wombat,B8:27:EB:FF:C8:F5,-60, WPA ,0.000000,0.000000,0.000,0.000,AP
2026-04-03 13:58:25,1900-01-00 00:00:00,0960-wombat,B8:27:EB:FF:C8:F5,-60, WPA ,0.000000,0.000000,0.000,0.000,AP
2026-04-03 13:58:25,1900-01-00 00:00:00,0960-wombat,B8:27:EB:FF:C8:F5,-59, WPA ,0.000000,0.000000,0.000,0.000,AP
2026-04-03 13:58:25,1900-01-00 00:00:00,0960-wombat,B8:27:EB:FF:C8:F5,-59, WPA ,0.000000,0.000000,0.000,0.000,AP
2026-04-03 13:58:25,1900-01-00 00:00:00,0960-wombat,B8:27:EB:FF:C8:F5,-59, WPA ,0.000000,0.000000,0.000,0.000,AP
2026-04-03 13:58:25,1900-01-00 00:00:00,0960-wombat,B8:27:EB:FF:C8:F5,-59, WPA ,0.000000,0.000000,0.000,0.000,AP
2026-04-03 13:58:25,1900-01-00 00:00:00,0960-wombat,B8:27:EB:FF:C8:F5,-59, WPA ,0.000000,0.000000,0.000,0.000,AP
2026-04-03 13:58:25,1900-01-00 00:00:00,0960-wombat,B8:27:EB:FF:C8:F5,-59, WPA ,0.000000,0.000000,0.000,0.000,AP
2026-04-03 13:58:25,1900-01-00 00:00:00,0960-wombat,B8:27:EB:FF:C8:F5,-59, WPA ,0.000000,0.000000,0.000,0.000,AP
2026-04-03 13:58:25,1900-01-00 00:00:00,0960-wombat,B8:27:EB:FF:C8:F5,-56, WPA ,0.000000,0.000000,0.000,0.000,AP
2026-04-03 13:58:25,1900-01-00 00:00:00,0960-wombat,B8:27:EB:FF:C8:F5,-59, WPA ,0.000000,0.000000,0.000,0.000,AP
2026-04-03 13:58:25,1900-01-00 00:00:00,0960-wombat,B8:27:EB:FF:C8:F5,-54, WPA ,0.000000,0.000000,0.000,0.000,AP
2026-04-03 13:58:25,1900-01-00 00:00:00,0960-wombat,B8:27:EB:FF:C8:F5,-60, WPA ,0.000000,0.000000,0.000,0.000,AP
2026-04-03 13:58:25,1900-01-00 00:00:00,0960-wombat,B8:27:EB:FF:C8:F5,-59, WPA ,0.000000,0.000000,0.000,0.000,AP
2026-04-03 13:58:25,1900-01-00 00:00:00,0960-wombat,B8:27:EB:FF:C8:F5,-59, WPA ,0.000000,0.000000,0.000,0.000,AP
2026-04-03 13:58:25,1900-01-00 00:00:00,0960-wombat,B8:27:EB:FF:C8:F5,-59, WPA ,0.000000,0.000000,0.000,0.000,AP
2026-04-03 13:58:25,1900-01-00 00:00:00,0960-wombat,B8:27:EB:FF:C8:F5,-59, WPA ,0.000000,0.000000,0.000,0.000,AP
2026-04-03 13:58:25,1900-01-00 00:00:00,0960-wombat,B8:27:EB:FF:C8:F5,-59, WPA ,0.000000,0.000000,0.000,0.000,AP
2026-04-03 13:58:25,1900-01-00 00:00:00,0960-wombat,B8:27:EB:FF:C8:F5,-58, WPA ,0.000000,0.000000,0.000,0.000,AP
2026-04-03 13:58:26,1900-01-00 00:00:00,0960-wombat,B8:27:EB:FF:C8:F5,-58, WPA ,0.000000,0.000000,0.000,0.000,AP
2026-04-03 13:58:26,1900-01-00 00:00:00,0960-wombat,B8:27:EB:FF:C8:F5,-58, WPA ,0.000000,0.000000,0.000,0.000,AP
2026-04-03 13:58:26,1900-01-00 00:00:00,0960-wombat,B8:27:EB:FF:C8:F5,-58, WPA ,0.000000,0.000000,0.000,0.000,AP
2026-04-03 13:58:26,1900-01-00 00:00:00,0960-wombat,B8:27:EB:FF:C8:F5,-58, WPA ,0.000000,0.000000,0.000,0.000,AP
2026-04-03 13:58:26,1900-01-00 00:00:00,0960-wombat,B8:27:EB:FF:C8:F5,-59, WPA ,0.000000,0.000000,0.000,0.000,AP
2026-04-03 13:58:26,1900-01-00 00:00:00,0960-wombat,B8:27:EB:FF:C8:F5,-59, WPA ,0.000000,0.000000,0.000,0.000,AP
2026-04-03 13:58:26,1900-01-00 00:00:00,0960-wombat,B8:27:EB:FF:C8:F5,-59, WPA ,0.000000,0.000000,0.000,0.000,AP
2026-04-03 13:58:26,1900-01-00 00:00:00,0960-wombat,B8:27:EB:FF:C8:F5,-59, WPA ,0.000000,0.000000,0.000,0.000,AP
2026-04-03 13:58:26,1900-01-00 00:00:00,0960-wombat,B8:27:EB:FF:C8:F5,-60, WPA ,0.000000,0.000000,0.000,0.000,AP
2026-04-03 13:58:26,1900-01-00 00:00:00,0960-wombat,B8:27:EB:FF:C8:F5,-59, WPA ,0.000000,0.000000,0.000,0.000,AP
2026-04-03 13:58:27,1900-01-00 00:00:00,0960-wombat,B8:27:EB:FF:C8:F5,-60, WPA ,0.000000,0.000000,0.000,0.000,AP
2026-04-03 13:58:27,1900-01-00 00:00:00,0960-wombat,B8:27:EB:FF:C8:F5,-61, WPA ,0.000000,0.000000,0.000,0.000,AP
2026-04-03 13:58:27,1900-01-00 00:00:00,0960-wombat,B8:27:EB:FF:C8:F5,-60, WPA ,0.000000,0.000000,0.000,0.000,AP
2026-04-03 13:58:27,1900-01-00 00:00:00,0960-wombat,B8:27:EB:FF:C8:F5,-60, WPA ,0.000000,0.000000,0.000,0.000,AP
2026-04-03 13:58:27,1900-01-00 00:00:00,0960-wombat,B8:27:EB:FF:C8:F5,-59, WPA ,0.000000,0.000000,0.000,0.000,AP
2026-04-03 13:58:27,1900-01-00 00:00:00,0960-wombat,B8:27:EB:FF:C8:F5,-60, WPA ,0.000000,0.000000,0.000,0.000,AP
2026-04-03 13:58:27,1900-01-00 00:00:00,0960-wombat,B8:27:EB:FF:C8:F5,-63, WPA ,0.000000,0.000000,0.000,0.000,AP
2026-04-03 13:58:27,1900-01-00 00:00:00,0960-wombat,B8:27:EB:FF:C8:F5,-63, WPA ,0.000000,0.000000,0.000,0.000,AP
2026-04-03 13:58:27,1900-01-00 00:00:00,0960-wombat,B8:27:EB:FF:C8:F5,-62, WPA ,0.000000,0.000000,0.000,0.000,AP
2026-04-03 13:58:28,1900-01-00 00:00:00,0960-wombat,B8:27:EB:FF:C8:F5,-64, WPA ,0.000000,0.000000,0.000,0.000,AP
2026-04-03 13:58:28,1900-01-00 00:00:00,0960-wombat,B8:27:EB:FF:C8:F5,-64, WPA ,0.000000,0.000000,0.000,0.000,AP
2026-04-03 13:58:28,1900-01-00 00:00:00,0960-wombat,B8:27:EB:FF:C8:F5,-64, WPA ,0.000000,0.000000,0.000,0.000,AP
2026-04-03 13:58:28,1900-01-00 00:00:00,0960-wombat,B8:27:EB:FF:C8:F5,-63, WPA ,0.000000,0.000000,0.000,0.000,AP
2026-04-03 13:58:28,1900-01-00 00:00:00,0960-wombat,B8:27:EB:FF:C8:F5,-60, WPA ,0.000000,0.000000,0.000,0.000,AP
2026-04-03 13:58:28,1900-01-00 00:00:00,0960-wombat,B8:27:EB:FF:C8:F5,-61, WPA ,0.000000,0.000000,0.000,0.000,AP
2026-04-03 13:58:28,1900-01-00 00:00:00,0960-wombat,B8:27:EB:FF:C8:F5,-63, WPA ,0.000000,0.000000,0.000,0.000,AP
2026-04-03 13:58:28,1900-01-00 00:00:00,0960-wombat,B8:27:EB:FF:C8:F5,-61, WPA ,0.000000,0.000000,0.000,0.000,AP
2026-04-03 13:58:28,1900-01-00 00:00:00,0960-wombat,B8:27:EB:FF:C8:F5,-62, WPA ,0.000000,0.000000,0.000,0.000,AP
2026-04-03 13:58:28,1900-01-00 00:00:00,0960-wombat,B8:27:EB:FF:C8:F5,-61, WPA ,0.000000,0.000000,0.000,0.000,AP
2026-04-03 13:58:28,1900-01-00 00:00:00,0960-wombat,B8:27:EB:FF:C8:F5,-61, WPA ,0.000000,0.000000,0.000,0.000,AP
2026-04-03 13:58:28,1900-01-00 00:00:00,0960-wombat,B8:27:EB:FF:C8:F5,-61, WPA ,0.000000,0.000000,0.000,0.000,AP
2026-04-03 13:58:28,1900-01-00 00:00:00,0960-wombat,B8:27:EB:FF:C8:F5,-60, WPA ,0.000000,0.000000,0.000,0.000,AP
2026-04-03 13:58:29,1900-01-00 00:00:00,0960-wombat,B8:27:EB:FF:C8:F5,-60, WPA ,0.000000,0.000000,0.000,0.000,AP
2026-04-03 13:58:29,1900-01-00 00:00:00,0960-wombat,B8:27:EB:FF:C8:F5,-59, WPA ,0.000000,0.000000,0.000,0.000,AP
2026-04-03 13:58:29,1900-01-00 00:00:00,0960-wombat,B8:27:EB:FF:C8:F5,-60, WPA ,0.000000,0.000000,0.000,0.000,AP
2026-04-03 13:58:29,1900-01-00 00:00:00,0960-wombat,B8:27:EB:FF:C8:F5,-62, WPA ,0.000000,0.000000,0.000,0.000,AP
2026-04-03 13:58:29,1900-01-00 00:00:00,0960-wombat,B8:27:EB:FF:C8:F5,-62, WPA ,0.000000,0.000000,0.000,0.000,AP
2026-04-03 13:58:29,1900-01-00 00:00:00,0960-wombat,B8:27:EB:FF:C8:F5,-60, WPA ,0.000000,0.000000,0.000,0.000,AP
2026-04-03 13:58:29,1900-01-00 00:00:00,0960-wombat,B8:27:EB:FF:C8:F5,-60, WPA ,0.000000,0.000000,0.000,0.000,AP
2026-04-03 13:58:29,1900-01-00 00:00:00,0960-wombat,B8:27:EB:FF:C8:F5,-61, WPA ,0.000000,0.000000,0.000,0.000,AP
2026-04-03 13:58:29,1900-01-00 00:00:00,0960-wombat,B8:27:EB:FF:C8:F5,-62, WPA ,0.000000,0.000000,0.000,0.000,AP
2026-04-03 13:58:29,1900-01-00 00:00:00,0960-wombat,B8:27:EB:FF:C8:F5,-62, WPA ,0.000000,0.000000,0.000,0.000,AP
2026-04-03 13:58:30,1900-01-00 00:00:00,0960-wombat,B8:27:EB:FF:C8:F5,-62, WPA ,0.000000,0.000000,0.000,0.000,AP
2026-04-03 13:58:30,1900-01-00 00:00:00,0960-wombat,B8:27:EB:FF:C8:F5,-62, WPA ,0.000000,0.000000,0.000,0.000,AP
2026-04-03 13:58:30,1900-01-00 00:00:00,0960-wombat,B8:27:EB:FF:C8:F5,-62, WPA ,0.000000,0.000000,0.000,0.000,AP
2026-04-03 13:58:30,1900-01-00 00:00:00,0960-wombat,B8:27:EB:FF:C8:F5,-62, WPA ,0.000000,0.000000,0.000,0.000,AP
2026-04-03 13:58:30,1900-01-00 00:00:00,0960-wombat,B8:27:EB:FF:C8:F5,-62, WPA ,0.000000,0.000000,0.000,0.000,AP
2026-04-03 13:58:30,1900-01-00 00:00:00,0960-wombat,B8:27:EB:FF:C8:F5,-61, WPA ,0.000000,0.000000,0.000,0.000,AP
2026-04-03 13:58:30,1900-01-00 00:00:00,0960-wombat,B8:27:EB:FF:C8:F5,-59, WPA ,0.000000,0.000000,0.000,0.000,AP
2026-04-03 13:58:30,1900-01-00 00:00:00,0960-wombat,B8:27:EB:FF:C8:F5,-59, WPA ,0.000000,0.000000,0.000,0.000,AP
2026-04-03 13:58:30,1900-01-00 00:00:00,0960-wombat,B8:27:EB:FF:C8:F5,-60, WPA ,0.000000,0.000000,0.000,0.000,AP
2026-04-03 13:58:30,1900-01-00 00:00:00,0960-wombat,B8:27:EB:FF:C8:F5,-61, WPA ,0.000000,0.000000,0.000,0.000,AP
2026-04-03 13:58:31,1900-01-00 00:00:00,0960-wombat,B8:27:EB:FF:C8:F5,-62, WPA ,0.000000,0.000000,0.000,0.000,AP
2026-04-03 13:58:31,1900-01-00 00:00:00,0960-wombat,B8:27:EB:FF:C8:F5,-60, WPA ,0.000000,0.000000,0.000,0.000,AP
2026-04-03 13:58:31,1900-01-00 00:00:00,0960-wombat,B8:27:EB:FF:C8:F5,-60, WPA ,0.000000,0.000000,0.000,0.000,AP
2026-04-03 13:58:31,1900-01-00 00:00:00,0960-wombat,B8:27:EB:FF:C8:F5,-60, WPA ,0.000000,0.000000,0.000,0.000,AP
2026-04-03 13:58:31,1900-01-00 00:00:00,0960-wombat,B8:27:EB:FF:C8:F5,-60, WPA ,0.000000,0.000000,0.000,0.000,AP
2026-04-03 13:58:31,1900-01-00 00:00:00,0960-wombat,B8:27:EB:FF:C8:F5,-60, WPA ,0.000000,0.000000,0.000,0.000,AP
2026-04-03 13:58:31,1900-01-00 00:00:00,0960-wombat,B8:27:EB:FF:C8:F5,-61, WPA ,0.000000,0.000000,0.000,0.000,AP
2026-04-03 13:58:31,1900-01-00 00:00:00,0960-wombat,B8:27:EB:FF:C8:F5,-60, WPA ,0.000000,0.000000,0.000,0.000,AP
2026-04-03 13:58:31,1900-01-00 00:00:00,0960-wombat,B8:27:EB:FF:C8:F5,-62, WPA ,0.000000,0.000000,0.000,0.000,AP
2026-04-03 13:58:31,1900-01-00 00:00:00,0960-wombat,B8:27:EB:FF:C8:F5,-61, WPA ,0.000000,0.000000,0.000,0.000,AP
2026-04-03 13:58:31,1900-01-00 00:00:00,0960-wombat,B8:27:EB:FF:C8:F5,-61, WPA ,0.000000,0.000000,0.000,0.000,AP
2026-04-03 13:58:31,1900-01-00 00:00:00,0960-wombat,B8:27:EB:FF:C8:F5,-61, WPA ,0.000000,0.000000,0.000,0.000,AP
2026-04-03 13:58:31,1900-01-00 00:00:00,0960-wombat,B8:27:EB:FF:C8:F5,-62, WPA ,0.000000,0.000000,0.000,0.000,AP
2026-04-03 13:58:31,1900-01-00 00:00:00,0960-wombat,B8:27:EB:FF:C8:F5,-60, WPA ,0.000000,0.000000,0.000,0.000,AP
2026-04-03 13:58:32,1900-01-00 00:00:00,0960-wombat,B8:27:EB:FF:C8:F5,-60, WPA ,0.000000,0.000000,0.000,0.000,AP
2026-04-03 13:58:32,1900-01-00 00:00:00,0960-wombat,B8:27:EB:FF:C8:F5,-60, WPA ,0.000000,0.000000,0.000,0.000,AP
2026-04-03 13:58:32,1900-01-00 00:00:00,0960-wombat,B8:27:EB:FF:C8:F5,-59, WPA ,0.000000,0.000000,0.000,0.000,AP
2026-04-03 13:58:32,1900-01-00 00:00:00,0960-wombat,B8:27:EB:FF:C8:F5,-61, WPA ,0.000000,0.000000,0.000,0.000,AP
2026-04-03 13:58:32,1900-01-00 00:00:00,0960-wombat,B8:27:EB:FF:C8:F5,-59, WPA ,0.000000,0.000000,0.000,0.000,AP
2026-04-03 13:58:32,1900-01-00 00:00:00,0960-wombat,B8:27:EB:FF:C8:F5,-59, WPA ,0.000000,0.000000,0.000,0.000,AP
2026-04-03 13:58:32,1900-01-00 00:00:00,0960-wombat,B8:27:EB:FF:C8:F5,-59, WPA ,0.000000,0.000000,0.000,0.000,AP
2026-04-03 13:58:32,1900-01-00 00:00:00,0960-wombat,B8:27:EB:FF:C8:F5,-59, WPA ,0.000000,0.000000,0.000,0.000,AP
2026-04-03 13:58:32,1900-01-00 00:00:00,0960-wombat,B8:27:EB:FF:C8:F5,-60, WPA ,0.000000,0.000000,0.000,0.000,AP
2026-04-03 13:58:32,1900-01-00 00:00:00,0960-wombat,B8:27:EB:FF:C8:F5,-60, WPA ,0.000000,0.000000,0.000,0.000,AP
2026-04-03 13:58:32,1900-01-00 00:00:00,0960-wombat,B8:27:EB:FF:C8:F5,-59, WPA ,0.000000,0.000000,0.000,0.000,AP
2026-04-03 13:58:32,1900-01-00 00:00:00,0960-wombat,B8:27:EB:FF:C8:F5,-60, WPA ,0.000000,0.000000,0.000,0.000,AP
2026-04-03 13:58:32,1900-01-00 00:00:00,0960-wombat,B8:27:EB:FF:C8:F5,-60, WPA ,0.000000,0.000000,0.000,0.000,AP
2026-04-03 13:58:32,1900-01-00 00:00:00,0960-wombat,B8:27:EB:FF:C8:F5,-59, WPA ,0.000000,0.000000,0.000,0.000,AP
2026-04-03 13:58:32,1900-01-00 00:00:00,0960-wombat,B8:27:EB:FF:C8:F5,-60, WPA ,0.000000,0.000000,0.000,0.000,AP
2026-04-03 13:58:32,1900-01-00 00:00:00,0960-wombat,B8:27:EB:FF:C8:F5,-60, WPA ,0.000000,0.000000,0.000,0.000,AP
2026-04-03 13:58:33,1900-01-00 00:00:00,0960-wombat,B8:27:EB:FF:C8:F5,-60, WPA ,0.000000,0.000000,0.000,0.000,AP
2026-04-03 13:58:33,1900-01-00 00:00:00,0960-wombat,B8:27:EB:FF:C8:F5,-61, WPA ,0.000000,0.000000,0.000,0.000,AP
2026-04-03 13:58:33,1900-01-00 00:00:00,0960-wombat,B8:27:EB:FF:C8:F5,-61, WPA ,0.000000,0.000000,0.000,0.000,AP
2026-04-03 13:58:33,1900-01-00 00:00:00,0960-wombat,B8:27:EB:FF:C8:F5,-61, WPA ,0.000000,0.000000,0.000,0.000,AP
2026-04-03 13:58:33,1900-01-00 00:00:00,0960-wombat,B8:27:EB:FF:C8:F5,-61, WPA ,0.000000,0.000000,0.000,0.000,AP
2026-04-03 13:58:33,1900-01-00 00:00:00,0960-wombat,B8:27:EB:FF:C8:F5,-60, WPA ,0.000000,0.000000,0.000,0.000,AP
2026-04-03 13:58:33,1900-01-00 00:00:00,0960-wombat,B8:27:EB:FF:C8:F5,-61, WPA ,0.000000,0.000000,0.000,0.000,AP
2026-04-03 13:58:33,1900-01-00 00:00:00,0960-wombat,B8:27:EB:FF:C8:F5,-57, WPA ,0.000000,0.000000,0.000,0.000,AP
2026-04-03 13:58:33,1900-01-00 00:00:00,0960-wombat,B8:27:EB:FF:C8:F5,-60, WPA ,0.000000,0.000000,0.000,0.000,AP
2026-04-03 13:58:33,1900-01-00 00:00:00,0960-wombat,B8:27:EB:FF:C8:F5,-60, WPA ,0.000000,0.000000,0.000,0.000,AP
2026-04-03 13:58:33,1900-01-00 00:00:00,0960-wombat,B8:27:EB:FF:C8:F5,-59, WPA ,0.000000,0.000000,0.000,0.000,AP
2026-04-03 13:58:33,1900-01-00 00:00:00,0960-wombat,B8:27:EB:FF:C8:F5,-60, WPA ,0.000000,0.000000,0.000,0.000,AP
2026-04-03 13:58:33,1900-01-00 00:00:00,0960-wombat,B8:27:EB:FF:C8:F5,-60, WPA ,0.000000,0.000000,0.000,0.000,AP
2026-04-03 13:58:33,1900-01-00 00:00:00,0960-wombat,B8:27:EB:FF:C8:F5,-60, WPA ,0.000000,0.000000,0.000,0.000,AP
2026-04-03 13:58:33,1900-01-00 00:00:00,0960-wombat,B8:27:EB:FF:C8:F5,-60, WPA ,0.000000,0.000000,0.000,0.000,AP
2026-04-03 13:58:33,1900-01-00 00:00:00,0960-wombat,B8:27:EB:FF:C8:F5,-60, WPA ,0.000000,0.000000,0.000,0.000,AP
2026-04-03 13:58:34,1900-01-00 00:00:00,0960-wombat,B8:27:EB:FF:C8:F5,-61, WPA ,0.000000,0.000000,0.000,0.000,AP
2026-04-03 13:58:34,1900-01-00 00:00:00,0960-wombat,B8:27:EB:FF:C8:F5,-60, WPA ,0.000000,0.000000,0.000,0.000,AP
2026-04-03 13:58:34,1900-01-00 00:00:00,0960-wombat,B8:27:EB:FF:C8:F5,-61, WPA ,0.000000,0.000000,0.000,0.000,AP
2026-04-03 13:58:34,1900-01-00 00:00:00,0960-wombat,B8:27:EB:FF:C8:F5,-61, WPA ,0.000000,0.000000,0.000,0.000,AP
2026-04-03 13:58:34,1900-01-00 00:00:00,0960-wombat,B8:27:EB:FF:C8:F5,-60, WPA ,0.000000,0.000000,0.000,0.000,AP
2026-04-03 13:58:34,1900-01-00 00:00:00,0960-wombat,B8:27:EB:FF:C8:F5,-61, WPA ,0.000000,0.000000,0.000,0.000,AP
2026-04-03 13:58:34,1900-01-00 00:00:00,0960-wombat,B8:27:EB:FF:C8:F5,-60, WPA ,0.000000,0.000000,0.000,0.000,AP
2026-04-03 13:58:34,1900-01-00 00:00:00,0960-wombat,B8:27:EB:FF:C8:F5,-61, WPA ,0.000000,0.000000,0.000,0.000,AP
2026-04-03 13:58:34,1900-01-00 00:00:00,0960-wombat,B8:27:EB:FF:C8:F5,-61, WPA ,0.000000,0.000000,0.000,0.000,AP
2026-04-03 13:58:35,1900-01-00 00:00:00,0960-wombat,B8:27:EB:FF:C8:F5,-61, WPA ,0.000000,0.000000,0.000,0.000,AP
2026-04-03 13:58:35,1900-01-00 00:00:00,0960-wombat,B8:27:EB:FF:C8:F5,-61, WPA ,0.000000,0.000000,0.000,0.000,AP
2026-04-03 13:58:35,1900-01-00 00:00:00,0960-wombat,B8:27:EB:FF:C8:F5,-60, WPA ,0.000000,0.000000,0.000,0.000,AP
2026-04-03 13:58:35,1900-01-00 00:00:00,0960-wombat,B8:27:EB:FF:C8:F5,-59, WPA ,0.000000,0.000000,0.000,0.000,AP
2026-04-03 13:58:35,1900-01-00 00:00:00,0960-wombat,B8:27:EB:FF:C8:F5,-60, WPA ,0.000000,0.000000,0.000,0.000,AP
2026-04-03 13:58:35,1900-01-00 00:00:00,0960-wombat,B8:27:EB:FF:C8:F5,-61, WPA ,0.000000,0.000000,0.000,0.000,AP
2026-04-03 13:58:35,1900-01-00 00:00:00,0960-wombat,B8:27:EB:FF:C8:F5,-62, WPA ,0.000000,0.000000,0.000,0.000,AP
2026-04-03 13:58:35,1900-01-00 00:00:00,0960-wombat,B8:27:EB:FF:C8:F5,-63, WPA ,0.000000,0.000000,0.000,0.000,AP
2026-04-03 13:58:36,1900-01-00 00:00:00,0960-wombat,B8:27:EB:FF:C8:F5,-61, WPA ,0.000000,0.000000,0.000,0.000,AP
2026-04-03 13:58:36,1900-01-00 00:00:00,0960-wombat,B8:27:EB:FF:C8:F5,-61, WPA ,0.000000,0.000000,0.000,0.000,AP
2026-04-03 13:58:36,1900-01-00 00:00:00,0960-wombat,B8:27:EB:FF:C8:F5,-61, WPA ,0.000000,0.000000,0.000,0.000,AP
2026-04-03 13:58:36,1900-01-00 00:00:00,0960-wombat,B8:27:EB:FF:C8:F5,-61, WPA ,0.000000,0.000000,0.000,0.000,AP
2026-04-03 13:58:36,1900-01-00 00:00:00,0960-wombat,B8:27:EB:FF:C8:F5,-61, WPA ,0.000000,0.000000,0.000,0.000,AP
2026-04-03 13:58:36,1900-01-00 00:00:00,0960-wombat,B8:27:EB:FF:C8:F5,-62, WPA ,0.000000,0.000000,0.000,0.000,AP
2026-04-03 13:58:36,1900-01-00 00:00:00,0960-wombat,B8:27:EB:FF:C8:F5,-62, WPA ,0.000000,0.000000,0.000,0.000,AP
2026-04-03 13:58:36,1900-01-00 00:00:00,0960-wombat,B8:27:EB:FF:C8:F5,-63, WPA ,0.000000,0.000000,0.000,0.000,AP
2026-04-03 13:58:36,1900-01-00 00:00:00,0960-wombat,B8:27:EB:FF:C8:F5,-63, WPA ,0.000000,0.000000,0.000,0.000,AP
2026-04-03 13:58:36,1900-01-00 00:00:00,0960-wombat,B8:27:EB:FF:C8:F5,-63, WPA ,0.000000,0.000000,0.000,0.000,AP
2026-04-03 13:58:36,1900-01-00 00:00:00,0960-wombat,B8:27:EB:FF:C8:F5,-63, WPA ,0.000000,0.000000,0.000,0.000,AP
2026-04-03 13:58:36,1900-01-00 00:00:00,0960-wombat,B8:27:EB:FF:C8:F5,-62, WPA ,0.000000,0.000000,0.000,0.000,AP
2026-04-03 13:58:36,1900-01-00 00:00:00,0960-wombat,B8:27:EB:FF:C8:F5,-63, WPA ,0.000000,0.000000,0.000,0.000,AP
2026-04-03 13:58:36,1900-01-00 00:00:00,0960-wombat,B8:27:EB:FF:C8:F5,-63, WPA ,0.000000,0.000000,0.000,0.000,AP
2026-04-03 13:58:36,1900-01-00 00:00:00,0960-wombat,B8:27:EB:FF:C8:F5,-62, WPA ,0.000000,0.000000,0.000,0.000,AP
2026-04-03 13:58:36,1900-01-00 00:00:00,0960-wombat,B8:27:EB:FF:C8:F5,-63, WPA ,0.000000,0.000000,0.000,0.000,AP
2026-04-03 13:58:36,1900-01-00 00:00:00,0960-wombat,B8:27:EB:FF:C8:F5,-63, WPA ,0.000000,0.000000,0.000,0.000,AP
2026-04-03 13:58:36,1900-01-00 00:00:00,0960-wombat,B8:27:EB:FF:C8:F5,-61, WPA ,0.000000,0.000000,0.000,0.000,AP
2026-04-03 13:58:36,1900-01-00 00:00:00,0960-wombat,B8:27:EB:FF:C8:F5,-59, WPA ,0.000000,0.000000,0.000,0.000,AP
2026-04-03 13:58:36,1900-01-00 00:00:00,0960-wombat,B8:27:EB:FF:C8:F5,-59, WPA ,0.000000,0.000000,0.000,0.000,AP
2026-04-03 13:58:37,1900-01-00 00:00:00,0960-wombat,B8:27:EB:FF:C8:F5,-58, WPA ,0.000000,0.000000,0.000,0.000,AP
