LocalTime, GPSTime, ESSID, BSSID, Power, Security, Latitude, Longitude, Latitude Error, Longitude Error, Type
2026-04-03 14:09:41,1900-01-00 00:00:00,,FE:11:CE:B5:FC:BA,-59,,0.000000,0.000000,0.000,0.000,Client
2026-04-03 14:09:42,1900-01-00 00:00:00,,FE:11:CE:B5:FC:BA,-59,,0.000000,0.000000,0.000,0.000,Client
2026-04-03 14:09:42,1900-01-00 00:00:00,,B8:27:EB:7E:52:7B,-64, ,0.000000,0.000000,0.000,0.000,AP
2026-04-03 14:09:42,1900-01-00 00:00:00,,FE:11:CE:B5:FC:BA,-60,,0.000000,0.000000,0.000,0.000,Client
2026-04-03 14:09:42,1900-01-00 00:00:00,,FE:11:CE:B5:FC:BA,-58,,0.000000,0.000000,0.000,0.000,Client
2026-04-03 14:09:42,1900-01-00 00:00:00,,FE:11:CE:B5:FC:BA,-59,,0.000000,0.000000,0.000,0.000,Client
2026-04-03 14:09:42,1900-01-00 00:00:00,1007-wombat,B8:27:EB:7E:52:7B,-62, WPA ,0.000000,0.000000,0.000,0.000,AP
2026-04-03 14:09:42,1900-01-00 00:00:00,1007-wombat,B8:27:EB:7E:52:7B,-62, WPA ,0.000000,0.000000,0.000,0.000,AP
2026-04-03 14:09:42,1900-01-00 00:00:00,,FE:11:CE:B5:FC:BA,-57,,0.000000,0.000000,0.000,0.000,Client
2026-04-03 14:09:42,1900-01-00 00:00:00,1007-wombat,B8:27:EB:7E:52:7B,-62, WPA ,0.000000,0.000000,0.000,0.000,AP
2026-04-03 14:09:42,1900-01-00 00:00:00,1007-wombat,B8:27:EB:7E:52:7B,-63, WPA ,0.000000,0.000000,0.000,0.000,AP
2026-04-03 14:09:42,1900-01-00 00:00:00,,FE:11:CE:B5:FC:BA,-57,,0.000000,0.000000,0.000,0.000,Client
2026-04-03 14:09:42,1900-01-00 00:00:00,1007-wombat,B8:27:EB:7E:52:7B,-62, WPA ,0.000000,0.000000,0.000,0.000,AP
2026-04-03 14:09:42,1900-01-00 00:00:00,1007-wombat,B8:27:EB:7E:52:7B,-63, WPA ,0.000000,0.000000,0.000,0.000,AP
2026-04-03 14:09:42,1900-01-00 00:00:00,,FE:11:CE:B5:FC:BA,-56,,0.000000,0.000000,0.000,0.000,Client
2026-04-03 14:09:42,1900-01-00 00:00:00,1007-wombat,B8:27:EB:7E:52:7B,-63, WPA ,0.000000,0.000000,0.000,0.000,AP
2026-04-03 14:09:42,1900-01-00 00:00:00,1007-wombat,B8:27:EB:7E:52:7B,-62, WPA ,0.000000,0.000000,0.000,0.000,AP
2026-04-03 14:09:42,1900-01-00 00:00:00,1007-wombat,B8:27:EB:7E:52:7B,-64, WPA ,0.000000,0.000000,0.000,0.000,AP
2026-04-03 14:09:43,1900-01-00 00:00:00,1007-wombat,B8:27:EB:7E:52:7B,-63, WPA ,0.000000,0.000000,0.000,0.000,AP
2026-04-03 14:09:43,1900-01-00 00:00:00,,FE:11:CE:B5:FC:BA,-59,,0.000000,0.000000,0.000,0.000,Client
2026-04-03 14:09:43,1900-01-00 00:00:00,1007-wombat,B8:27:EB:7E:52:7B,-62, WPA ,0.000000,0.000000,0.000,0.000,AP
2026-04-03 14:09:43,1900-01-00 00:00:00,1007-wombat,B8:27:EB:7E:52:7B,-63, WPA ,0.000000,0.000000,0.000,0.000,AP
2026-04-03 14:09:43,1900-01-00 00:00:00,,FE:11:CE:B5:FC:BA,-59,,0.000000,0.000000,0.000,0.000,Client
2026-04-03 14:09:43,1900-01-00 00:00:00,1007-wombat,B8:27:EB:7E:52:7B,-63, WPA ,0.000000,0.000000,0.000,0.000,AP
2026-04-03 14:09:44,1900-01-00 00:00:00,1007-wombat,B8:27:EB:7E:52:7B,-62, WPA ,0.000000,0.000000,0.000,0.000,AP
2026-04-03 14:09:44,1900-01-00 00:00:00,1007-wombat,B8:27:EB:7E:52:7B,-62, WPA ,0.000000,0.000000,0.000,0.000,AP
2026-04-03 14:09:44,1900-01-00 00:00:00,1007-wombat,B8:27:EB:7E:52:7B,-62, WPA ,0.000000,0.000000,0.000,0.000,AP
2026-04-03 14:09:44,1900-01-00 00:00:00,1007-wombat,B8:27:EB:7E:52:7B,-62, WPA ,0.000000,0.000000,0.000,0.000,AP
2026-04-03 14:09:44,1900-01-00 00:00:00,1007-wombat,B8:27:EB:7E:52:7B,-62, WPA ,0.000000,0.000000,0.000,0.000,AP
2026-04-03 14:09:44,1900-01-00 00:00:00,1007-wombat,B8:27:EB:7E:52:7B,-62, WPA ,0.000000,0.000000,0.000,0.000,AP
2026-04-03 14:09:44,1900-01-00 00:00:00,1007-wombat,B8:27:EB:7E:52:7B,-62, WPA ,0.000000,0.000000,0.000,0.000,AP
2026-04-03 14:09:44,1900-01-00 00:00:00,1007-wombat,B8:27:EB:7E:52:7B,-62, WPA ,0.000000,0.000000,0.000,0.000,AP
2026-04-03 14:09:44,1900-01-00 00:00:00,1007-wombat,B8:27:EB:7E:52:7B,-63, WPA ,0.000000,0.000000,0.000,0.000,AP
2026-04-03 14:09:44,1900-01-00 00:00:00,1007-wombat,B8:27:EB:7E:52:7B,-63, WPA ,0.000000,0.000000,0.000,0.000,AP
2026-04-03 14:09:44,1900-01-00 00:00:00,1007-wombat,B8:27:EB:7E:52:7B,-62, WPA ,0.000000,0.000000,0.000,0.000,AP
2026-04-03 14:09:45,1900-01-00 00:00:00,1007-wombat,B8:27:EB:7E:52:7B,-62, WPA ,0.000000,0.000000,0.000,0.000,AP
2026-04-03 14:09:45,1900-01-00 00:00:00,1007-wombat,B8:27:EB:7E:52:7B,-63, WPA ,0.000000,0.000000,0.000,0.000,AP
2026-04-03 14:09:45,1900-01-00 00:00:00,1007-wombat,B8:27:EB:7E:52:7B,-63, WPA ,0.000000,0.000000,0.000,0.000,AP
2026-04-03 14:09:45,1900-01-00 00:00:00,1007-wombat,B8:27:EB:7E:52:7B,-63, WPA ,0.000000,0.000000,0.000,0.000,AP
2026-04-03 14:09:45,1900-01-00 00:00:00,,FE:11:CE:B5:FC:BA,-59,,0.000000,0.000000,0.000,0.000,Client
2026-04-03 14:09:45,1900-01-00 00:00:00,1007-wombat,B8:27:EB:7E:52:7B,-63, WPA ,0.000000,0.000000,0.000,0.000,AP
2026-04-03 14:09:45,1900-01-00 00:00:00,1007-wombat,B8:27:EB:7E:52:7B,-63, WPA ,0.000000,0.000000,0.000,0.000,AP
2026-04-03 14:09:45,1900-01-00 00:00:00,1007-wombat,B8:27:EB:7E:52:7B,-64, WPA ,0.000000,0.000000,0.000,0.000,AP
2026-04-03 14:09:45,1900-01-00 00:00:00,,FE:11:CE:B5:FC:BA,-58,,0.000000,0.000000,0.000,0.000,Client
2026-04-03 14:09:45,1900-01-00 00:00:00,,FE:11:CE:B5:FC:BA,-59,,0.000000,0.000000,0.000,0.000,Client
2026-04-03 14:09:45,1900-01-00 00:00:00,1007-wombat,B8:27:EB:7E:52:7B,-64, WPA ,0.000000,0.000000,0.000,0.000,AP
2026-04-03 14:09:45,1900-01-00 00:00:00,1007-wombat,B8:27:EB:7E:52:7B,-63, WPA ,0.000000,0.000000,0.000,0.000,AP
2026-04-03 14:09:45,1900-01-00 00:00:00,,FE:11:CE:B5:FC:BA,-57,,0.000000,0.000000,0.000,0.000,Client
2026-04-03 14:09:45,1900-01-00 00:00:00,1007-wombat,B8:27:EB:7E:52:7B,-63, WPA ,0.000000,0.000000,0.000,0.000,AP
2026-04-03 14:09:46,1900-01-00 00:00:00,1007-wombat,B8:27:EB:7E:52:7B,-62, WPA ,0.000000,0.000000,0.000,0.000,AP
2026-04-03 14:09:46,1900-01-00 00:00:00,,FE:11:CE:B5:FC:BA,-60,,0.000000,0.000000,0.000,0.000,Client
2026-04-03 14:09:46,1900-01-00 00:00:00,1007-wombat,B8:27:EB:7E:52:7B,-64, WPA ,0.000000,0.000000,0.000,0.000,AP
2026-04-03 14:09:46,1900-01-00 00:00:00,1007-wombat,B8:27:EB:7E:52:7B,-64, WPA ,0.000000,0.000000,0.000,0.000,AP
2026-04-03 14:09:46,1900-01-00 00:00:00,1007-wombat,B8:27:EB:7E:52:7B,-63, WPA ,0.000000,0.000000,0.000,0.000,AP
2026-04-03 14:09:46,1900-01-00 00:00:00,1007-wombat,B8:27:EB:7E:52:7B,-63, WPA ,0.000000,0.000000,0.000,0.000,AP
2026-04-03 14:09:46,1900-01-00 00:00:00,1007-wombat,B8:27:EB:7E:52:7B,-43, WPA ,0.000000,0.000000,0.000,0.000,AP
2026-04-03 14:09:46,1900-01-00 00:00:00,,FE:11:CE:B5:FC:BA,-64,,0.000000,0.000000,0.000,0.000,Client
2026-04-03 14:09:46,1900-01-00 00:00:00,1007-wombat,B8:27:EB:7E:52:7B,-64, WPA ,0.000000,0.000000,0.000,0.000,AP
2026-04-03 14:09:46,1900-01-00 00:00:00,,FE:11:CE:B5:FC:BA,-64,,0.000000,0.000000,0.000,0.000,Client
2026-04-03 14:09:46,1900-01-00 00:00:00,1007-wombat,B8:27:EB:7E:52:7B,-64, WPA ,0.000000,0.000000,0.000,0.000,AP
2026-04-03 14:09:46,1900-01-00 00:00:00,,FE:11:CE:B5:FC:BA,-64,,0.000000,0.000000,0.000,0.000,Client
2026-04-03 14:09:46,1900-01-00 00:00:00,1007-wombat,B8:27:EB:7E:52:7B,-64, WPA ,0.000000,0.000000,0.000,0.000,AP
2026-04-03 14:09:46,1900-01-00 00:00:00,,FE:11:CE:B5:FC:BA,-64,,0.000000,0.000000,0.000,0.000,Client
2026-04-03 14:09:46,1900-01-00 00:00:00,1007-wombat,B8:27:EB:7E:52:7B,-60, WPA ,0.000000,0.000000,0.000,0.000,AP
2026-04-03 14:09:46,1900-01-00 00:00:00,,FE:11:CE:B5:FC:BA,-59,,0.000000,0.000000,0.000,0.000,Client
2026-04-03 14:09:46,1900-01-00 00:00:00,1007-wombat,B8:27:EB:7E:52:7B,-63, WPA ,0.000000,0.000000,0.000,0.000,AP
2026-04-03 14:09:46,1900-01-00 00:00:00,,FE:11:CE:B5:FC:BA,-63,,0.000000,0.000000,0.000,0.000,Client
2026-04-03 14:09:46,1900-01-00 00:00:00,1007-wombat,B8:27:EB:7E:52:7B,-50, WPA ,0.000000,0.000000,0.000,0.000,AP
2026-04-03 14:09:46,1900-01-00 00:00:00,,FE:11:CE:B5:FC:BA,-50,,0.000000,0.000000,0.000,0.000,Client
2026-04-03 14:09:46,1900-01-00 00:00:00,1007-wombat,B8:27:EB:7E:52:7B,-63, WPA ,0.000000,0.000000,0.000,0.000,AP
2026-04-03 14:09:46,1900-01-00 00:00:00,,FE:11:CE:B5:FC:BA,-63,,0.000000,0.000000,0.000,0.000,Client
2026-04-03 14:09:46,1900-01-00 00:00:00,1007-wombat,B8:27:EB:7E:52:7B,-63, WPA ,0.000000,0.000000,0.000,0.000,AP
2026-04-03 14:09:46,1900-01-00 00:00:00,,FE:11:CE:B5:FC:BA,-63,,0.000000,0.000000,0.000,0.000,Client
2026-04-03 14:09:46,1900-01-00 00:00:00,1007-wombat,B8:27:EB:7E:52:7B,-63, WPA ,0.000000,0.000000,0.000,0.000,AP
2026-04-03 14:09:46,1900-01-00 00:00:00,,FE:11:CE:B5:FC:BA,-63,,0.000000,0.000000,0.000,0.000,Client
2026-04-03 14:09:46,1900-01-00 00:00:00,1007-wombat,B8:27:EB:7E:52:7B,-58, WPA ,0.000000,0.000000,0.000,0.000,AP
2026-04-03 14:09:46,1900-01-00 00:00:00,,FE:11:CE:B5:FC:BA,-58,,0.000000,0.000000,0.000,0.000,Client
2026-04-03 14:09:46,1900-01-00 00:00:00,1007-wombat,B8:27:EB:7E:52:7B,-63, WPA ,0.000000,0.000000,0.000,0.000,AP
2026-04-03 14:09:46,1900-01-00 00:00:00,,FE:11:CE:B5:FC:BA,-63,,0.000000,0.000000,0.000,0.000,Client
2026-04-03 14:09:46,1900-01-00 00:00:00,1007-wombat,B8:27:EB:7E:52:7B,-63, WPA ,0.000000,0.000000,0.000,0.000,AP
2026-04-03 14:09:46,1900-01-00 00:00:00,,FE:11:CE:B5:FC:BA,-63,,0.000000,0.000000,0.000,0.000,Client
2026-04-03 14:09:46,1900-01-00 00:00:00,1007-wombat,B8:27:EB:7E:52:7B,-62, WPA ,0.000000,0.000000,0.000,0.000,AP
2026-04-03 14:09:46,1900-01-00 00:00:00,,FE:11:CE:B5:FC:BA,-62,,0.000000,0.000000,0.000,0.000,Client
2026-04-03 14:09:46,1900-01-00 00:00:00,1007-wombat,B8:27:EB:7E:52:7B,-62, WPA ,0.000000,0.000000,0.000,0.000,AP
2026-04-03 14:09:46,1900-01-00 00:00:00,,FE:11:CE:B5:FC:BA,-62,,0.000000,0.000000,0.000,0.000,Client
2026-04-03 14:09:46,1900-01-00 00:00:00,1007-wombat,B8:27:EB:7E:52:7B,-42, WPA ,0.000000,0.000000,0.000,0.000,AP
2026-04-03 14:09:46,1900-01-00 00:00:00,,FE:11:CE:B5:FC:BA,-42,,0.000000,0.000000,0.000,0.000,Client
2026-04-03 14:09:46,1900-01-00 00:00:00,1007-wombat,B8:27:EB:7E:52:7B,-60, WPA ,0.000000,0.000000,0.000,0.000,AP
2026-04-03 14:09:46,1900-01-00 00:00:00,,FE:11:CE:B5:FC:BA,-42,,0.000000,0.000000,0.000,0.000,Client
2026-04-03 14:09:46,1900-01-00 00:00:00,1007-wombat,B8:27:EB:7E:52:7B,-41, WPA ,0.000000,0.000000,0.000,0.000,AP
2026-04-03 14:09:46,1900-01-00 00:00:00,,FE:11:CE:B5:FC:BA,-41,,0.000000,0.000000,0.000,0.000,Client
2026-04-03 14:09:46,1900-01-00 00:00:00,1007-wombat,B8:27:EB:7E:52:7B,-62, WPA ,0.000000,0.000000,0.000,0.000,AP
2026-04-03 14:09:46,1900-01-00 00:00:00,,FE:11:CE:B5:FC:BA,-62,,0.000000,0.000000,0.000,0.000,Client
2026-04-03 14:09:46,1900-01-00 00:00:00,1007-wombat,B8:27:EB:7E:52:7B,-60, WPA ,0.000000,0.000000,0.000,0.000,AP
2026-04-03 14:09:46,1900-01-00 00:00:00,,FE:11:CE:B5:FC:BA,-60,,0.000000,0.000000,0.000,0.000,Client
2026-04-03 14:09:46,1900-01-00 00:00:00,1007-wombat,B8:27:EB:7E:52:7B,-58, WPA ,0.000000,0.000000,0.000,0.000,AP
2026-04-03 14:09:46,1900-01-00 00:00:00,,FE:11:CE:B5:FC:BA,-58,,0.000000,0.000000,0.000,0.000,Client
2026-04-03 14:09:46,1900-01-00 00:00:00,1007-wombat,B8:27:EB:7E:52:7B,-62, WPA ,0.000000,0.000000,0.000,0.000,AP
2026-04-03 14:09:46,1900-01-00 00:00:00,,FE:11:CE:B5:FC:BA,-62,,0.000000,0.000000,0.000,0.000,Client
2026-04-03 14:09:46,1900-01-00 00:00:00,1007-wombat,B8:27:EB:7E:52:7B,-59, WPA ,0.000000,0.000000,0.000,0.000,AP
2026-04-03 14:09:46,1900-01-00 00:00:00,,FE:11:CE:B5:FC:BA,-59,,0.000000,0.000000,0.000,0.000,Client
2026-04-03 14:09:46,1900-01-00 00:00:00,1007-wombat,B8:27:EB:7E:52:7B,-62, WPA ,0.000000,0.000000,0.000,0.000,AP
2026-04-03 14:09:46,1900-01-00 00:00:00,,FE:11:CE:B5:FC:BA,-62,,0.000000,0.000000,0.000,0.000,Client
2026-04-03 14:09:46,1900-01-00 00:00:00,1007-wombat,B8:27:EB:7E:52:7B,-62, WPA ,0.000000,0.000000,0.000,0.000,AP
2026-04-03 14:09:46,1900-01-00 00:00:00,,FE:11:CE:B5:FC:BA,-62,,0.000000,0.000000,0.000,0.000,Client
2026-04-03 14:09:46,1900-01-00 00:00:00,1007-wombat,B8:27:EB:7E:52:7B,-60, WPA ,0.000000,0.000000,0.000,0.000,AP
2026-04-03 14:09:46,1900-01-00 00:00:00,,FE:11:CE:B5:FC:BA,-60,,0.000000,0.000000,0.000,0.000,Client
2026-04-03 14:09:46,1900-01-00 00:00:00,1007-wombat,B8:27:EB:7E:52:7B,-50, WPA ,0.000000,0.000000,0.000,0.000,AP
2026-04-03 14:09:46,1900-01-00 00:00:00,,FE:11:CE:B5:FC:BA,-50,,0.000000,0.000000,0.000,0.000,Client
2026-04-03 14:09:46,1900-01-00 00:00:00,1007-wombat,B8:27:EB:7E:52:7B,-62, WPA ,0.000000,0.000000,0.000,0.000,AP
2026-04-03 14:09:46,1900-01-00 00:00:00,1007-wombat,B8:27:EB:7E:52:7B,-62, WPA ,0.000000,0.000000,0.000,0.000,AP
2026-04-03 14:09:46,1900-01-00 00:00:00,,FE:11:CE:B5:FC:BA,-62,,0.000000,0.000000,0.000,0.000,Client
2026-04-03 14:09:46,1900-01-00 00:00:00,1007-wombat,B8:27:EB:7E:52:7B,-59, WPA ,0.000000,0.000000,0.000,0.000,AP
2026-04-03 14:09:46,1900-01-00 00:00:00,,FE:11:CE:B5:FC:BA,-59,,0.000000,0.000000,0.000,0.000,Client
2026-04-03 14:09:46,1900-01-00 00:00:00,1007-wombat,B8:27:EB:7E:52:7B,-62, WPA ,0.000000,0.000000,0.000,0.000,AP
2026-04-03 14:09:46,1900-01-00 00:00:00,,FE:11:CE:B5:FC:BA,-62,,0.000000,0.000000,0.000,0.000,Client
2026-04-03 14:09:46,1900-01-00 00:00:00,1007-wombat,B8:27:EB:7E:52:7B,-62, WPA ,0.000000,0.000000,0.000,0.000,AP
2026-04-03 14:09:46,1900-01-00 00:00:00,,FE:11:CE:B5:FC:BA,-62,,0.000000,0.000000,0.000,0.000,Client
2026-04-03 14:09:46,1900-01-00 00:00:00,1007-wombat,B8:27:EB:7E:52:7B,-62, WPA ,0.000000,0.000000,0.000,0.000,AP
2026-04-03 14:09:46,1900-01-00 00:00:00,,FE:11:CE:B5:FC:BA,-62,,0.000000,0.000000,0.000,0.000,Client
2026-04-03 14:09:46,1900-01-00 00:00:00,1007-wombat,B8:27:EB:7E:52:7B,-62, WPA ,0.000000,0.000000,0.000,0.000,AP
2026-04-03 14:09:46,1900-01-00 00:00:00,,FE:11:CE:B5:FC:BA,-62,,0.000000,0.000000,0.000,0.000,Client
2026-04-03 14:09:46,1900-01-00 00:00:00,1007-wombat,B8:27:EB:7E:52:7B,-62, WPA ,0.000000,0.000000,0.000,0.000,AP
2026-04-03 14:09:46,1900-01-00 00:00:00,,FE:11:CE:B5:FC:BA,-60,,0.000000,0.000000,0.000,0.000,Client
2026-04-03 14:09:46,1900-01-00 00:00:00,1007-wombat,B8:27:EB:7E:52:7B,-42, WPA ,0.000000,0.000000,0.000,0.000,AP
2026-04-03 14:09:46,1900-01-00 00:00:00,,FE:11:CE:B5:FC:BA,-42,,0.000000,0.000000,0.000,0.000,Client
2026-04-03 14:09:46,1900-01-00 00:00:00,1007-wombat,B8:27:EB:7E:52:7B,-61, WPA ,0.000000,0.000000,0.000,0.000,AP
2026-04-03 14:09:46,1900-01-00 00:00:00,,FE:11:CE:B5:FC:BA,-61,,0.000000,0.000000,0.000,0.000,Client
2026-04-03 14:09:46,1900-01-00 00:00:00,1007-wombat,B8:27:EB:7E:52:7B,-62, WPA ,0.000000,0.000000,0.000,0.000,AP
2026-04-03 14:09:46,1900-01-00 00:00:00,,FE:11:CE:B5:FC:BA,-62,,0.000000,0.000000,0.000,0.000,Client
2026-04-03 14:09:46,1900-01-00 00:00:00,1007-wombat,B8:27:EB:7E:52:7B,-62, WPA ,0.000000,0.000000,0.000,0.000,AP
2026-04-03 14:09:46,1900-01-00 00:00:00,,FE:11:CE:B5:FC:BA,-60,,0.000000,0.000000,0.000,0.000,Client
2026-04-03 14:09:46,1900-01-00 00:00:00,1007-wombat,B8:27:EB:7E:52:7B,-62, WPA ,0.000000,0.000000,0.000,0.000,AP
2026-04-03 14:09:46,1900-01-00 00:00:00,,FE:11:CE:B5:FC:BA,-62,,0.000000,0.000000,0.000,0.000,Client
2026-04-03 14:09:46,1900-01-00 00:00:00,1007-wombat,B8:27:EB:7E:52:7B,-62, WPA ,0.000000,0.000000,0.000,0.000,AP
2026-04-03 14:09:46,1900-01-00 00:00:00,,FE:11:CE:B5:FC:BA,-62,,0.000000,0.000000,0.000,0.000,Client
2026-04-03 14:09:46,1900-01-00 00:00:00,1007-wombat,B8:27:EB:7E:52:7B,-62, WPA ,0.000000,0.000000,0.000,0.000,AP
2026-04-03 14:09:46,1900-01-00 00:00:00,,FE:11:CE:B5:FC:BA,-62,,0.000000,0.000000,0.000,0.000,Client
2026-04-03 14:09:46,1900-01-00 00:00:00,1007-wombat,B8:27:EB:7E:52:7B,-61, WPA ,0.000000,0.000000,0.000,0.000,AP
2026-04-03 14:09:46,1900-01-00 00:00:00,,FE:11:CE:B5:FC:BA,-61,,0.000000,0.000000,0.000,0.000,Client
2026-04-03 14:09:46,1900-01-00 00:00:00,1007-wombat,B8:27:EB:7E:52:7B,-61, WPA ,0.000000,0.000000,0.000,0.000,AP
2026-04-03 14:09:46,1900-01-00 00:00:00,,FE:11:CE:B5:FC:BA,-61,,0.000000,0.000000,0.000,0.000,Client
2026-04-03 14:09:46,1900-01-00 00:00:00,1007-wombat,B8:27:EB:7E:52:7B,-62, WPA ,0.000000,0.000000,0.000,0.000,AP
2026-04-03 14:09:46,1900-01-00 00:00:00,,FE:11:CE:B5:FC:BA,-62,,0.000000,0.000000,0.000,0.000,Client
2026-04-03 14:09:46,1900-01-00 00:00:00,1007-wombat,B8:27:EB:7E:52:7B,-61, WPA ,0.000000,0.000000,0.000,0.000,AP
2026-04-03 14:09:46,1900-01-00 00:00:00,,FE:11:CE:B5:FC:BA,-61,,0.000000,0.000000,0.000,0.000,Client
2026-04-03 14:09:46,1900-01-00 00:00:00,1007-wombat,B8:27:EB:7E:52:7B,-62, WPA ,0.000000,0.000000,0.000,0.000,AP
2026-04-03 14:09:46,1900-01-00 00:00:00,,FE:11:CE:B5:FC:BA,-62,,0.000000,0.000000,0.000,0.000,Client
2026-04-03 14:09:46,1900-01-00 00:00:00,1007-wombat,B8:27:EB:7E:52:7B,-62, WPA ,0.000000,0.000000,0.000,0.000,AP
2026-04-03 14:09:46,1900-01-00 00:00:00,,FE:11:CE:B5:FC:BA,-62,,0.000000,0.000000,0.000,0.000,Client
2026-04-03 14:09:46,1900-01-00 00:00:00,1007-wombat,B8:27:EB:7E:52:7B,-62, WPA ,0.000000,0.000000,0.000,0.000,AP
2026-04-03 14:09:46,1900-01-00 00:00:00,1007-wombat,B8:27:EB:7E:52:7B,-57, WPA ,0.000000,0.000000,0.000,0.000,AP
2026-04-03 14:09:46,1900-01-00 00:00:00,,FE:11:CE:B5:FC:BA,-60,,0.000000,0.000000,0.000,0.000,Client
2026-04-03 14:09:46,1900-01-00 00:00:00,1007-wombat,B8:27:EB:7E:52:7B,-62, WPA ,0.000000,0.000000,0.000,0.000,AP
2026-04-03 14:09:46,1900-01-00 00:00:00,,FE:11:CE:B5:FC:BA,-62,,0.000000,0.000000,0.000,0.000,Client
2026-04-03 14:09:46,1900-01-00 00:00:00,1007-wombat,B8:27:EB:7E:52:7B,-62, WPA ,0.000000,0.000000,0.000,0.000,AP
2026-04-03 14:09:46,1900-01-00 00:00:00,,FE:11:CE:B5:FC:BA,-62,,0.000000,0.000000,0.000,0.000,Client
2026-04-03 14:09:46,1900-01-00 00:00:00,1007-wombat,B8:27:EB:7E:52:7B,-62, WPA ,0.000000,0.000000,0.000,0.000,AP
2026-04-03 14:09:46,1900-01-00 00:00:00,,FE:11:CE:B5:FC:BA,-62,,0.000000,0.000000,0.000,0.000,Client
2026-04-03 14:09:46,1900-01-00 00:00:00,1007-wombat,B8:27:EB:7E:52:7B,-62, WPA ,0.000000,0.000000,0.000,0.000,AP
2026-04-03 14:09:46,1900-01-00 00:00:00,,FE:11:CE:B5:FC:BA,-62,,0.000000,0.000000,0.000,0.000,Client
2026-04-03 14:09:46,1900-01-00 00:00:00,1007-wombat,B8:27:EB:7E:52:7B,-62, WPA ,0.000000,0.000000,0.000,0.000,AP
2026-04-03 14:09:46,1900-01-00 00:00:00,,FE:11:CE:B5:FC:BA,-60,,0.000000,0.000000,0.000,0.000,Client
2026-04-03 14:09:46,1900-01-00 00:00:00,1007-wombat,B8:27:EB:7E:52:7B,-62, WPA ,0.000000,0.000000,0.000,0.000,AP
2026-04-03 14:09:46,1900-01-00 00:00:00,,FE:11:CE:B5:FC:BA,-41,,0.000000,0.000000,0.000,0.000,Client
2026-04-03 14:09:46,1900-01-00 00:00:00,1007-wombat,B8:27:EB:7E:52:7B,-62, WPA ,0.000000,0.000000,0.000,0.000,AP
2026-04-03 14:09:46,1900-01-00 00:00:00,,FE:11:CE:B5:FC:BA,-62,,0.000000,0.000000,0.000,0.000,Client
2026-04-03 14:09:46,1900-01-00 00:00:00,1007-wombat,B8:27:EB:7E:52:7B,-62, WPA ,0.000000,0.000000,0.000,0.000,AP
2026-04-03 14:09:46,1900-01-00 00:00:00,,FE:11:CE:B5:FC:BA,-62,,0.000000,0.000000,0.000,0.000,Client
2026-04-03 14:09:46,1900-01-00 00:00:00,1007-wombat,B8:27:EB:7E:52:7B,-62, WPA ,0.000000,0.000000,0.000,0.000,AP
2026-04-03 14:09:46,1900-01-00 00:00:00,,FE:11:CE:B5:FC:BA,-62,,0.000000,0.000000,0.000,0.000,Client
2026-04-03 14:09:46,1900-01-00 00:00:00,1007-wombat,B8:27:EB:7E:52:7B,-62, WPA ,0.000000,0.000000,0.000,0.000,AP
2026-04-03 14:09:46,1900-01-00 00:00:00,,FE:11:CE:B5:FC:BA,-62,,0.000000,0.000000,0.000,0.000,Client
2026-04-03 14:09:46,1900-01-00 00:00:00,1007-wombat,B8:27:EB:7E:52:7B,-62, WPA ,0.000000,0.000000,0.000,0.000,AP
2026-04-03 14:09:46,1900-01-00 00:00:00,,FE:11:CE:B5:FC:BA,-62,,0.000000,0.000000,0.000,0.000,Client
2026-04-03 14:09:46,1900-01-00 00:00:00,1007-wombat,B8:27:EB:7E:52:7B,-62, WPA ,0.000000,0.000000,0.000,0.000,AP
2026-04-03 14:09:46,1900-01-00 00:00:00,,FE:11:CE:B5:FC:BA,-62,,0.000000,0.000000,0.000,0.000,Client
2026-04-03 14:09:46,1900-01-00 00:00:00,1007-wombat,B8:27:EB:7E:52:7B,-62, WPA ,0.000000,0.000000,0.000,0.000,AP
2026-04-03 14:09:46,1900-01-00 00:00:00,,FE:11:CE:B5:FC:BA,-62,,0.000000,0.000000,0.000,0.000,Client
2026-04-03 14:09:46,1900-01-00 00:00:00,1007-wombat,B8:27:EB:7E:52:7B,-62, WPA ,0.000000,0.000000,0.000,0.000,AP
2026-04-03 14:09:46,1900-01-00 00:00:00,,FE:11:CE:B5:FC:BA,-62,,0.000000,0.000000,0.000,0.000,Client
2026-04-03 14:09:46,1900-01-00 00:00:00,1007-wombat,B8:27:EB:7E:52:7B,-62, WPA ,0.000000,0.000000,0.000,0.000,AP
2026-04-03 14:09:46,1900-01-00 00:00:00,,FE:11:CE:B5:FC:BA,-62,,0.000000,0.000000,0.000,0.000,Client
2026-04-03 14:09:46,1900-01-00 00:00:00,1007-wombat,B8:27:EB:7E:52:7B,-62, WPA ,0.000000,0.000000,0.000,0.000,AP
2026-04-03 14:09:46,1900-01-00 00:00:00,1007-wombat,B8:27:EB:7E:52:7B,-62, WPA ,0.000000,0.000000,0.000,0.000,AP
2026-04-03 14:09:46,1900-01-00 00:00:00,1007-wombat,B8:27:EB:7E:52:7B,-62, WPA ,0.000000,0.000000,0.000,0.000,AP
2026-04-03 14:09:46,1900-01-00 00:00:00,,FE:11:CE:B5:FC:BA,-62,,0.000000,0.000000,0.000,0.000,Client
2026-04-03 14:09:46,1900-01-00 00:00:00,1007-wombat,B8:27:EB:7E:52:7B,-62, WPA ,0.000000,0.000000,0.000,0.000,AP
2026-04-03 14:09:46,1900-01-00 00:00:00,1007-wombat,B8:27:EB:7E:52:7B,-62, WPA ,0.000000,0.000000,0.000,0.000,AP
2026-04-03 14:09:46,1900-01-00 00:00:00,1007-wombat,B8:27:EB:7E:52:7B,-62, WPA ,0.000000,0.000000,0.000,0.000,AP
2026-04-03 14:09:47,1900-01-00 00:00:00,1007-wombat,B8:27:EB:7E:52:7B,-62, WPA ,0.000000,0.000000,0.000,0.000,AP
2026-04-03 14:09:47,1900-01-00 00:00:00,1007-wombat,B8:27:EB:7E:52:7B,-60, WPA ,0.000000,0.000000,0.000,0.000,AP
2026-04-03 14:09:47,1900-01-00 00:00:00,,FE:11:CE:B5:FC:BA,-60,,0.000000,0.000000,0.000,0.000,Client
2026-04-03 14:09:47,1900-01-00 00:00:00,1007-wombat,B8:27:EB:7E:52:7B,-62, WPA ,0.000000,0.000000,0.000,0.000,AP
2026-04-03 14:09:47,1900-01-00 00:00:00,,FE:11:CE:B5:FC:BA,-60,,0.000000,0.000000,0.000,0.000,Client
2026-04-03 14:09:47,1900-01-00 00:00:00,1007-wombat,B8:27:EB:7E:52:7B,-62, WPA ,0.000000,0.000000,0.000,0.000,AP
2026-04-03 14:09:47,1900-01-00 00:00:00,,FE:11:CE:B5:FC:BA,-62,,0.000000,0.000000,0.000,0.000,Client
2026-04-03 14:09:47,1900-01-00 00:00:00,1007-wombat,B8:27:EB:7E:52:7B,-62, WPA ,0.000000,0.000000,0.000,0.000,AP
2026-04-03 14:09:47,1900-01-00 00:00:00,,FE:11:CE:B5:FC:BA,-62,,0.000000,0.000000,0.000,0.000,Client
2026-04-03 14:09:47,1900-01-00 00:00:00,1007-wombat,B8:27:EB:7E:52:7B,-62, WPA ,0.000000,0.000000,0.000,0.000,AP
2026-04-03 14:09:47,1900-01-00 00:00:00,,FE:11:CE:B5:FC:BA,-62,,0.000000,0.000000,0.000,0.000,Client
2026-04-03 14:09:47,1900-01-00 00:00:00,1007-wombat,B8:27:EB:7E:52:7B,-62, WPA ,0.000000,0.000000,0.000,0.000,AP
2026-04-03 14:09:47,1900-01-00 00:00:00,,FE:11:CE:B5:FC:BA,-62,,0.000000,0.000000,0.000,0.000,Client
2026-04-03 14:09:47,1900-01-00 00:00:00,1007-wombat,B8:27:EB:7E:52:7B,-62, WPA ,0.000000,0.000000,0.000,0.000,AP
2026-04-03 14:09:47,1900-01-00 00:00:00,,FE:11:CE:B5:FC:BA,-62,,0.000000,0.000000,0.000,0.000,Client
2026-04-03 14:09:47,1900-01-00 00:00:00,1007-wombat,B8:27:EB:7E:52:7B,-61, WPA ,0.000000,0.000000,0.000,0.000,AP
2026-04-03 14:09:47,1900-01-00 00:00:00,1007-wombat,B8:27:EB:7E:52:7B,-58, WPA ,0.000000,0.000000,0.000,0.000,AP
2026-04-03 14:09:47,1900-01-00 00:00:00,,FE:11:CE:B5:FC:BA,-64,,0.000000,0.000000,0.000,0.000,Client
2026-04-03 14:09:47,1900-01-00 00:00:00,1007-wombat,B8:27:EB:7E:52:7B,-62, WPA ,0.000000,0.000000,0.000,0.000,AP
2026-04-03 14:09:47,1900-01-00 00:00:00,,FE:11:CE:B5:FC:BA,-62,,0.000000,0.000000,0.000,0.000,Client
2026-04-03 14:09:47,1900-01-00 00:00:00,1007-wombat,B8:27:EB:7E:52:7B,-62, WPA ,0.000000,0.000000,0.000,0.000,AP
2026-04-03 14:09:47,1900-01-00 00:00:00,,FE:11:CE:B5:FC:BA,-62,,0.000000,0.000000,0.000,0.000,Client
2026-04-03 14:09:47,1900-01-00 00:00:00,1007-wombat,B8:27:EB:7E:52:7B,-62, WPA ,0.000000,0.000000,0.000,0.000,AP
2026-04-03 14:09:47,1900-01-00 00:00:00,,FE:11:CE:B5:FC:BA,-62,,0.000000,0.000000,0.000,0.000,Client
2026-04-03 14:09:47,1900-01-00 00:00:00,1007-wombat,B8:27:EB:7E:52:7B,-62, WPA ,0.000000,0.000000,0.000,0.000,AP
2026-04-03 14:09:47,1900-01-00 00:00:00,,FE:11:CE:B5:FC:BA,-62,,0.000000,0.000000,0.000,0.000,Client
2026-04-03 14:09:47,1900-01-00 00:00:00,1007-wombat,B8:27:EB:7E:52:7B,-62, WPA ,0.000000,0.000000,0.000,0.000,AP
2026-04-03 14:09:47,1900-01-00 00:00:00,,FE:11:CE:B5:FC:BA,-60,,0.000000,0.000000,0.000,0.000,Client
2026-04-03 14:09:47,1900-01-00 00:00:00,1007-wombat,B8:27:EB:7E:52:7B,-50, WPA ,0.000000,0.000000,0.000,0.000,AP
2026-04-03 14:09:47,1900-01-00 00:00:00,,FE:11:CE:B5:FC:BA,-50,,0.000000,0.000000,0.000,0.000,Client
2026-04-03 14:09:47,1900-01-00 00:00:00,1007-wombat,B8:27:EB:7E:52:7B,-62, WPA ,0.000000,0.000000,0.000,0.000,AP
2026-04-03 14:09:47,1900-01-00 00:00:00,,FE:11:CE:B5:FC:BA,-62,,0.000000,0.000000,0.000,0.000,Client
2026-04-03 14:09:47,1900-01-00 00:00:00,1007-wombat,B8:27:EB:7E:52:7B,-62, WPA ,0.000000,0.000000,0.000,0.000,AP
2026-04-03 14:09:47,1900-01-00 00:00:00,,FE:11:CE:B5:FC:BA,-62,,0.000000,0.000000,0.000,0.000,Client
2026-04-03 14:09:47,1900-01-00 00:00:00,1007-wombat,B8:27:EB:7E:52:7B,-62, WPA ,0.000000,0.000000,0.000,0.000,AP
2026-04-03 14:09:47,1900-01-00 00:00:00,,FE:11:CE:B5:FC:BA,-64,,0.000000,0.000000,0.000,0.000,Client
2026-04-03 14:09:47,1900-01-00 00:00:00,1007-wombat,B8:27:EB:7E:52:7B,-62, WPA ,0.000000,0.000000,0.000,0.000,AP
2026-04-03 14:09:47,1900-01-00 00:00:00,,FE:11:CE:B5:FC:BA,-60,,0.000000,0.000000,0.000,0.000,Client
2026-04-03 14:09:47,1900-01-00 00:00:00,1007-wombat,B8:27:EB:7E:52:7B,-62, WPA ,0.000000,0.000000,0.000,0.000,AP
2026-04-03 14:09:47,1900-01-00 00:00:00,,FE:11:CE:B5:FC:BA,-63,,0.000000,0.000000,0.000,0.000,Client
2026-04-03 14:09:47,1900-01-00 00:00:00,1007-wombat,B8:27:EB:7E:52:7B,-62, WPA ,0.000000,0.000000,0.000,0.000,AP
2026-04-03 14:09:47,1900-01-00 00:00:00,,FE:11:CE:B5:FC:BA,-63,,0.000000,0.000000,0.000,0.000,Client
2026-04-03 14:09:47,1900-01-00 00:00:00,1007-wombat,B8:27:EB:7E:52:7B,-62, WPA ,0.000000,0.000000,0.000,0.000,AP
2026-04-03 14:09:47,1900-01-00 00:00:00,,FE:11:CE:B5:FC:BA,-63,,0.000000,0.000000,0.000,0.000,Client
2026-04-03 14:09:47,1900-01-00 00:00:00,1007-wombat,B8:27:EB:7E:52:7B,-62, WPA ,0.000000,0.000000,0.000,0.000,AP
2026-04-03 14:09:47,1900-01-00 00:00:00,,FE:11:CE:B5:FC:BA,-63,,0.000000,0.000000,0.000,0.000,Client
2026-04-03 14:09:47,1900-01-00 00:00:00,1007-wombat,B8:27:EB:7E:52:7B,-62, WPA ,0.000000,0.000000,0.000,0.000,AP
2026-04-03 14:09:47,1900-01-00 00:00:00,,FE:11:CE:B5:FC:BA,-62,,0.000000,0.000000,0.000,0.000,Client
2026-04-03 14:09:47,1900-01-00 00:00:00,1007-wombat,B8:27:EB:7E:52:7B,-62, WPA ,0.000000,0.000000,0.000,0.000,AP
2026-04-03 14:09:47,1900-01-00 00:00:00,,FE:11:CE:B5:FC:BA,-63,,0.000000,0.000000,0.000,0.000,Client
2026-04-03 14:09:47,1900-01-00 00:00:00,1007-wombat,B8:27:EB:7E:52:7B,-60, WPA ,0.000000,0.000000,0.000,0.000,AP
2026-04-03 14:09:47,1900-01-00 00:00:00,,FE:11:CE:B5:FC:BA,-60,,0.000000,0.000000,0.000,0.000,Client
2026-04-03 14:09:47,1900-01-00 00:00:00,1007-wombat,B8:27:EB:7E:52:7B,-62, WPA ,0.000000,0.000000,0.000,0.000,AP
2026-04-03 14:09:47,1900-01-00 00:00:00,,FE:11:CE:B5:FC:BA,-63,,0.000000,0.000000,0.000,0.000,Client
2026-04-03 14:09:47,1900-01-00 00:00:00,1007-wombat,B8:27:EB:7E:52:7B,-62, WPA ,0.000000,0.000000,0.000,0.000,AP
2026-04-03 14:09:47,1900-01-00 00:00:00,1007-wombat,B8:27:EB:7E:52:7B,-58, WPA ,0.000000,0.000000,0.000,0.000,AP
2026-04-03 14:09:47,1900-01-00 00:00:00,,FE:11:CE:B5:FC:BA,-57,,0.000000,0.000000,0.000,0.000,Client
2026-04-03 14:09:47,1900-01-00 00:00:00,1007-wombat,B8:27:EB:7E:52:7B,-62, WPA ,0.000000,0.000000,0.000,0.000,AP
2026-04-03 14:09:47,1900-01-00 00:00:00,,FE:11:CE:B5:FC:BA,-63,,0.000000,0.000000,0.000,0.000,Client
2026-04-03 14:09:47,1900-01-00 00:00:00,1007-wombat,B8:27:EB:7E:52:7B,-62, WPA ,0.000000,0.000000,0.000,0.000,AP
2026-04-03 14:09:47,1900-01-00 00:00:00,,FE:11:CE:B5:FC:BA,-63,,0.000000,0.000000,0.000,0.000,Client
2026-04-03 14:09:47,1900-01-00 00:00:00,1007-wombat,B8:27:EB:7E:52:7B,-62, WPA ,0.000000,0.000000,0.000,0.000,AP
2026-04-03 14:09:47,1900-01-00 00:00:00,,FE:11:CE:B5:FC:BA,-63,,0.000000,0.000000,0.000,0.000,Client
2026-04-03 14:09:47,1900-01-00 00:00:00,1007-wombat,B8:27:EB:7E:52:7B,-61, WPA ,0.000000,0.000000,0.000,0.000,AP
2026-04-03 14:09:47,1900-01-00 00:00:00,,FE:11:CE:B5:FC:BA,-61,,0.000000,0.000000,0.000,0.000,Client
2026-04-03 14:09:47,1900-01-00 00:00:00,1007-wombat,B8:27:EB:7E:52:7B,-61, WPA ,0.000000,0.000000,0.000,0.000,AP
2026-04-03 14:09:47,1900-01-00 00:00:00,,FE:11:CE:B5:FC:BA,-61,,0.000000,0.000000,0.000,0.000,Client
2026-04-03 14:09:47,1900-01-00 00:00:00,1007-wombat,B8:27:EB:7E:52:7B,-60, WPA ,0.000000,0.000000,0.000,0.000,AP
2026-04-03 14:09:47,1900-01-00 00:00:00,,FE:11:CE:B5:FC:BA,-41,,0.000000,0.000000,0.000,0.000,Client
2026-04-03 14:09:47,1900-01-00 00:00:00,1007-wombat,B8:27:EB:7E:52:7B,-61, WPA ,0.000000,0.000000,0.000,0.000,AP
2026-04-03 14:09:47,1900-01-00 00:00:00,,FE:11:CE:B5:FC:BA,-61,,0.000000,0.000000,0.000,0.000,Client
2026-04-03 14:09:47,1900-01-00 00:00:00,1007-wombat,B8:27:EB:7E:52:7B,-61, WPA ,0.000000,0.000000,0.000,0.000,AP
2026-04-03 14:09:47,1900-01-00 00:00:00,,FE:11:CE:B5:FC:BA,-61,,0.000000,0.000000,0.000,0.000,Client
2026-04-03 14:09:47,1900-01-00 00:00:00,1007-wombat,B8:27:EB:7E:52:7B,-61, WPA ,0.000000,0.000000,0.000,0.000,AP
2026-04-03 14:09:47,1900-01-00 00:00:00,,FE:11:CE:B5:FC:BA,-61,,0.000000,0.000000,0.000,0.000,Client
2026-04-03 14:09:47,1900-01-00 00:00:00,1007-wombat,B8:27:EB:7E:52:7B,-61, WPA ,0.000000,0.000000,0.000,0.000,AP
2026-04-03 14:09:47,1900-01-00 00:00:00,,FE:11:CE:B5:FC:BA,-50,,0.000000,0.000000,0.000,0.000,Client
2026-04-03 14:09:47,1900-01-00 00:00:00,1007-wombat,B8:27:EB:7E:52:7B,-61, WPA ,0.000000,0.000000,0.000,0.000,AP
2026-04-03 14:09:47,1900-01-00 00:00:00,,FE:11:CE:B5:FC:BA,-61,,0.000000,0.000000,0.000,0.000,Client
2026-04-03 14:09:47,1900-01-00 00:00:00,1007-wombat,B8:27:EB:7E:52:7B,-49, WPA ,0.000000,0.000000,0.000,0.000,AP
2026-04-03 14:09:47,1900-01-00 00:00:00,,FE:11:CE:B5:FC:BA,-49,,0.000000,0.000000,0.000,0.000,Client
2026-04-03 14:09:47,1900-01-00 00:00:00,1007-wombat,B8:27:EB:7E:52:7B,-61, WPA ,0.000000,0.000000,0.000,0.000,AP
2026-04-03 14:09:47,1900-01-00 00:00:00,,FE:11:CE:B5:FC:BA,-61,,0.000000,0.000000,0.000,0.000,Client
2026-04-03 14:09:47,1900-01-00 00:00:00,1007-wombat,B8:27:EB:7E:52:7B,-60, WPA ,0.000000,0.000000,0.000,0.000,AP
2026-04-03 14:09:47,1900-01-00 00:00:00,,FE:11:CE:B5:FC:BA,-60,,0.000000,0.000000,0.000,0.000,Client
2026-04-03 14:09:47,1900-01-00 00:00:00,1007-wombat,B8:27:EB:7E:52:7B,-61, WPA ,0.000000,0.000000,0.000,0.000,AP
2026-04-03 14:09:47,1900-01-00 00:00:00,,FE:11:CE:B5:FC:BA,-64,,0.000000,0.000000,0.000,0.000,Client
2026-04-03 14:09:47,1900-01-00 00:00:00,1007-wombat,B8:27:EB:7E:52:7B,-61, WPA ,0.000000,0.000000,0.000,0.000,AP
2026-04-03 14:09:47,1900-01-00 00:00:00,,FE:11:CE:B5:FC:BA,-61,,0.000000,0.000000,0.000,0.000,Client
2026-04-03 14:09:47,1900-01-00 00:00:00,1007-wombat,B8:27:EB:7E:52:7B,-61, WPA ,0.000000,0.000000,0.000,0.000,AP
2026-04-03 14:09:47,1900-01-00 00:00:00,,FE:11:CE:B5:FC:BA,-61,,0.000000,0.000000,0.000,0.000,Client
2026-04-03 14:09:47,1900-01-00 00:00:00,1007-wombat,B8:27:EB:7E:52:7B,-61, WPA ,0.000000,0.000000,0.000,0.000,AP
2026-04-03 14:09:47,1900-01-00 00:00:00,,FE:11:CE:B5:FC:BA,-61,,0.000000,0.000000,0.000,0.000,Client
2026-04-03 14:09:47,1900-01-00 00:00:00,1007-wombat,B8:27:EB:7E:52:7B,-61, WPA ,0.000000,0.000000,0.000,0.000,AP
2026-04-03 14:09:47,1900-01-00 00:00:00,1007-wombat,B8:27:EB:7E:52:7B,-61, WPA ,0.000000,0.000000,0.000,0.000,AP
2026-04-03 14:09:47,1900-01-00 00:00:00,,FE:11:CE:B5:FC:BA,-58,,0.000000,0.000000,0.000,0.000,Client
2026-04-03 14:09:47,1900-01-00 00:00:00,1007-wombat,B8:27:EB:7E:52:7B,-61, WPA ,0.000000,0.000000,0.000,0.000,AP
2026-04-03 14:09:47,1900-01-00 00:00:00,,FE:11:CE:B5:FC:BA,-61,,0.000000,0.000000,0.000,0.000,Client
2026-04-03 14:09:47,1900-01-00 00:00:00,1007-wombat,B8:27:EB:7E:52:7B,-61, WPA ,0.000000,0.000000,0.000,0.000,AP
2026-04-03 14:09:47,1900-01-00 00:00:00,,FE:11:CE:B5:FC:BA,-61,,0.000000,0.000000,0.000,0.000,Client
2026-04-03 14:09:47,1900-01-00 00:00:00,1007-wombat,B8:27:EB:7E:52:7B,-61, WPA ,0.000000,0.000000,0.000,0.000,AP
2026-04-03 14:09:47,1900-01-00 00:00:00,,FE:11:CE:B5:FC:BA,-61,,0.000000,0.000000,0.000,0.000,Client
2026-04-03 14:09:47,1900-01-00 00:00:00,1007-wombat,B8:27:EB:7E:52:7B,-61, WPA ,0.000000,0.000000,0.000,0.000,AP
2026-04-03 14:09:47,1900-01-00 00:00:00,,FE:11:CE:B5:FC:BA,-61,,0.000000,0.000000,0.000,0.000,Client
2026-04-03 14:09:47,1900-01-00 00:00:00,1007-wombat,B8:27:EB:7E:52:7B,-61, WPA ,0.000000,0.000000,0.000,0.000,AP
2026-04-03 14:09:47,1900-01-00 00:00:00,,FE:11:CE:B5:FC:BA,-61,,0.000000,0.000000,0.000,0.000,Client
2026-04-03 14:09:47,1900-01-00 00:00:00,1007-wombat,B8:27:EB:7E:52:7B,-61, WPA ,0.000000,0.000000,0.000,0.000,AP
2026-04-03 14:09:47,1900-01-00 00:00:00,,FE:11:CE:B5:FC:BA,-42,,0.000000,0.000000,0.000,0.000,Client
2026-04-03 14:09:47,1900-01-00 00:00:00,1007-wombat,B8:27:EB:7E:52:7B,-61, WPA ,0.000000,0.000000,0.000,0.000,AP
2026-04-03 14:09:47,1900-01-00 00:00:00,,FE:11:CE:B5:FC:BA,-61,,0.000000,0.000000,0.000,0.000,Client
2026-04-03 14:09:47,1900-01-00 00:00:00,1007-wombat,B8:27:EB:7E:52:7B,-61, WPA ,0.000000,0.000000,0.000,0.000,AP
2026-04-03 14:09:47,1900-01-00 00:00:00,,FE:11:CE:B5:FC:BA,-61,,0.000000,0.000000,0.000,0.000,Client
2026-04-03 14:09:47,1900-01-00 00:00:00,1007-wombat,B8:27:EB:7E:52:7B,-61, WPA ,0.000000,0.000000,0.000,0.000,AP
2026-04-03 14:09:47,1900-01-00 00:00:00,,FE:11:CE:B5:FC:BA,-62,,0.000000,0.000000,0.000,0.000,Client
2026-04-03 14:09:47,1900-01-00 00:00:00,1007-wombat,B8:27:EB:7E:52:7B,-61, WPA ,0.000000,0.000000,0.000,0.000,AP
2026-04-03 14:09:47,1900-01-00 00:00:00,,FE:11:CE:B5:FC:BA,-50,,0.000000,0.000000,0.000,0.000,Client
2026-04-03 14:09:47,1900-01-00 00:00:00,1007-wombat,B8:27:EB:7E:52:7B,-61, WPA ,0.000000,0.000000,0.000,0.000,AP
2026-04-03 14:09:47,1900-01-00 00:00:00,,FE:11:CE:B5:FC:BA,-61,,0.000000,0.000000,0.000,0.000,Client
2026-04-03 14:09:47,1900-01-00 00:00:00,1007-wombat,B8:27:EB:7E:52:7B,-61, WPA ,0.000000,0.000000,0.000,0.000,AP
2026-04-03 14:09:47,1900-01-00 00:00:00,,FE:11:CE:B5:FC:BA,-62,,0.000000,0.000000,0.000,0.000,Client
2026-04-03 14:09:47,1900-01-00 00:00:00,1007-wombat,B8:27:EB:7E:52:7B,-61, WPA ,0.000000,0.000000,0.000,0.000,AP
2026-04-03 14:09:47,1900-01-00 00:00:00,,FE:11:CE:B5:FC:BA,-61,,0.000000,0.000000,0.000,0.000,Client
2026-04-03 14:09:47,1900-01-00 00:00:00,1007-wombat,B8:27:EB:7E:52:7B,-59, WPA ,0.000000,0.000000,0.000,0.000,AP
2026-04-03 14:09:47,1900-01-00 00:00:00,,FE:11:CE:B5:FC:BA,-59,,0.000000,0.000000,0.000,0.000,Client
2026-04-03 14:09:47,1900-01-00 00:00:00,1007-wombat,B8:27:EB:7E:52:7B,-62, WPA ,0.000000,0.000000,0.000,0.000,AP
2026-04-03 14:09:47,1900-01-00 00:00:00,,FE:11:CE:B5:FC:BA,-61,,0.000000,0.000000,0.000,0.000,Client
2026-04-03 14:09:47,1900-01-00 00:00:00,1007-wombat,B8:27:EB:7E:52:7B,-62, WPA ,0.000000,0.000000,0.000,0.000,AP
2026-04-03 14:09:47,1900-01-00 00:00:00,,FE:11:CE:B5:FC:BA,-64,,0.000000,0.000000,0.000,0.000,Client
2026-04-03 14:09:47,1900-01-00 00:00:00,1007-wombat,B8:27:EB:7E:52:7B,-62, WPA ,0.000000,0.000000,0.000,0.000,AP
2026-04-03 14:09:47,1900-01-00 00:00:00,,FE:11:CE:B5:FC:BA,-62,,0.000000,0.000000,0.000,0.000,Client
2026-04-03 14:09:47,1900-01-00 00:00:00,1007-wombat,B8:27:EB:7E:52:7B,-61, WPA ,0.000000,0.000000,0.000,0.000,AP
2026-04-03 14:09:47,1900-01-00 00:00:00,,FE:11:CE:B5:FC:BA,-62,,0.000000,0.000000,0.000,0.000,Client
2026-04-03 14:09:47,1900-01-00 00:00:00,1007-wombat,B8:27:EB:7E:52:7B,-61, WPA ,0.000000,0.000000,0.000,0.000,AP
2026-04-03 14:09:47,1900-01-00 00:00:00,1007-wombat,B8:27:EB:7E:52:7B,-61, WPA ,0.000000,0.000000,0.000,0.000,AP
2026-04-03 14:09:47,1900-01-00 00:00:00,1007-wombat,B8:27:EB:7E:52:7B,-50, WPA ,0.000000,0.000000,0.000,0.000,AP
2026-04-03 14:09:47,1900-01-00 00:00:00,,FE:11:CE:B5:FC:BA,-50,,0.000000,0.000000,0.000,0.000,Client
2026-04-03 14:09:47,1900-01-00 00:00:00,1007-wombat,B8:27:EB:7E:52:7B,-62, WPA ,0.000000,0.000000,0.000,0.000,AP
2026-04-03 14:09:47,1900-01-00 00:00:00,,FE:11:CE:B5:FC:BA,-62,,0.000000,0.000000,0.000,0.000,Client
2026-04-03 14:09:47,1900-01-00 00:00:00,1007-wombat,B8:27:EB:7E:52:7B,-62, WPA ,0.000000,0.000000,0.000,0.000,AP
2026-04-03 14:09:47,1900-01-00 00:00:00,,FE:11:CE:B5:FC:BA,-62,,0.000000,0.000000,0.000,0.000,Client
2026-04-03 14:09:47,1900-01-00 00:00:00,1007-wombat,B8:27:EB:7E:52:7B,-63, WPA ,0.000000,0.000000,0.000,0.000,AP
2026-04-03 14:09:47,1900-01-00 00:00:00,,FE:11:CE:B5:FC:BA,-63,,0.000000,0.000000,0.000,0.000,Client
2026-04-03 14:09:47,1900-01-00 00:00:00,1007-wombat,B8:27:EB:7E:52:7B,-61, WPA ,0.000000,0.000000,0.000,0.000,AP
2026-04-03 14:09:47,1900-01-00 00:00:00,,FE:11:CE:B5:FC:BA,-61,,0.000000,0.000000,0.000,0.000,Client
2026-04-03 14:09:47,1900-01-00 00:00:00,1007-wombat,B8:27:EB:7E:52:7B,-62, WPA ,0.000000,0.000000,0.000,0.000,AP
2026-04-03 14:09:47,1900-01-00 00:00:00,1007-wombat,B8:27:EB:7E:52:7B,-57, WPA ,0.000000,0.000000,0.000,0.000,AP
2026-04-03 14:09:47,1900-01-00 00:00:00,,FE:11:CE:B5:FC:BA,-64,,0.000000,0.000000,0.000,0.000,Client
2026-04-03 14:09:47,1900-01-00 00:00:00,1007-wombat,B8:27:EB:7E:52:7B,-63, WPA ,0.000000,0.000000,0.000,0.000,AP
2026-04-03 14:09:47,1900-01-00 00:00:00,,FE:11:CE:B5:FC:BA,-63,,0.000000,0.000000,0.000,0.000,Client
2026-04-03 14:09:47,1900-01-00 00:00:00,1007-wombat,B8:27:EB:7E:52:7B,-63, WPA ,0.000000,0.000000,0.000,0.000,AP
2026-04-03 14:09:47,1900-01-00 00:00:00,,FE:11:CE:B5:FC:BA,-63,,0.000000,0.000000,0.000,0.000,Client
2026-04-03 14:09:47,1900-01-00 00:00:00,1007-wombat,B8:27:EB:7E:52:7B,-62, WPA ,0.000000,0.000000,0.000,0.000,AP
2026-04-03 14:09:47,1900-01-00 00:00:00,,FE:11:CE:B5:FC:BA,-62,,0.000000,0.000000,0.000,0.000,Client
2026-04-03 14:09:47,1900-01-00 00:00:00,1007-wombat,B8:27:EB:7E:52:7B,-62, WPA ,0.000000,0.000000,0.000,0.000,AP
2026-04-03 14:09:47,1900-01-00 00:00:00,,FE:11:CE:B5:FC:BA,-62,,0.000000,0.000000,0.000,0.000,Client
2026-04-03 14:09:47,1900-01-00 00:00:00,1007-wombat,B8:27:EB:7E:52:7B,-63, WPA ,0.000000,0.000000,0.000,0.000,AP
2026-04-03 14:09:47,1900-01-00 00:00:00,,FE:11:CE:B5:FC:BA,-59,,0.000000,0.000000,0.000,0.000,Client
2026-04-03 14:09:47,1900-01-00 00:00:00,1007-wombat,B8:27:EB:7E:52:7B,-41, WPA ,0.000000,0.000000,0.000,0.000,AP
2026-04-03 14:09:47,1900-01-00 00:00:00,,FE:11:CE:B5:FC:BA,-41,,0.000000,0.000000,0.000,0.000,Client
2026-04-03 14:09:47,1900-01-00 00:00:00,1007-wombat,B8:27:EB:7E:52:7B,-63, WPA ,0.000000,0.000000,0.000,0.000,AP
2026-04-03 14:09:47,1900-01-00 00:00:00,,FE:11:CE:B5:FC:BA,-63,,0.000000,0.000000,0.000,0.000,Client
2026-04-03 14:09:47,1900-01-00 00:00:00,1007-wombat,B8:27:EB:7E:52:7B,-63, WPA ,0.000000,0.000000,0.000,0.000,AP
2026-04-03 14:09:47,1900-01-00 00:00:00,,FE:11:CE:B5:FC:BA,-63,,0.000000,0.000000,0.000,0.000,Client
2026-04-03 14:09:47,1900-01-00 00:00:00,1007-wombat,B8:27:EB:7E:52:7B,-63, WPA ,0.000000,0.000000,0.000,0.000,AP
2026-04-03 14:09:47,1900-01-00 00:00:00,,FE:11:CE:B5:FC:BA,-63,,0.000000,0.000000,0.000,0.000,Client
2026-04-03 14:09:47,1900-01-00 00:00:00,1007-wombat,B8:27:EB:7E:52:7B,-63, WPA ,0.000000,0.000000,0.000,0.000,AP
2026-04-03 14:09:47,1900-01-00 00:00:00,,FE:11:CE:B5:FC:BA,-63,,0.000000,0.000000,0.000,0.000,Client
2026-04-03 14:09:47,1900-01-00 00:00:00,1007-wombat,B8:27:EB:7E:52:7B,-63, WPA ,0.000000,0.000000,0.000,0.000,AP
2026-04-03 14:09:47,1900-01-00 00:00:00,,FE:11:CE:B5:FC:BA,-63,,0.000000,0.000000,0.000,0.000,Client
2026-04-03 14:09:47,1900-01-00 00:00:00,1007-wombat,B8:27:EB:7E:52:7B,-63, WPA ,0.000000,0.000000,0.000,0.000,AP
2026-04-03 14:09:47,1900-01-00 00:00:00,,FE:11:CE:B5:FC:BA,-63,,0.000000,0.000000,0.000,0.000,Client
2026-04-03 14:09:47,1900-01-00 00:00:00,1007-wombat,B8:27:EB:7E:52:7B,-64, WPA ,0.000000,0.000000,0.000,0.000,AP
2026-04-03 14:09:47,1900-01-00 00:00:00,,FE:11:CE:B5:FC:BA,-61,,0.000000,0.000000,0.000,0.000,Client
2026-04-03 14:09:47,1900-01-00 00:00:00,1007-wombat,B8:27:EB:7E:52:7B,-63, WPA ,0.000000,0.000000,0.000,0.000,AP
2026-04-03 14:09:47,1900-01-00 00:00:00,,FE:11:CE:B5:FC:BA,-63,,0.000000,0.000000,0.000,0.000,Client
2026-04-03 14:09:47,1900-01-00 00:00:00,1007-wombat,B8:27:EB:7E:52:7B,-63, WPA ,0.000000,0.000000,0.000,0.000,AP
2026-04-03 14:09:47,1900-01-00 00:00:00,,FE:11:CE:B5:FC:BA,-50,,0.000000,0.000000,0.000,0.000,Client
2026-04-03 14:09:47,1900-01-00 00:00:00,1007-wombat,B8:27:EB:7E:52:7B,-64, WPA ,0.000000,0.000000,0.000,0.000,AP
2026-04-03 14:09:47,1900-01-00 00:00:00,,FE:11:CE:B5:FC:BA,-64,,0.000000,0.000000,0.000,0.000,Client
2026-04-03 14:09:47,1900-01-00 00:00:00,1007-wombat,B8:27:EB:7E:52:7B,-63, WPA ,0.000000,0.000000,0.000,0.000,AP
2026-04-03 14:09:47,1900-01-00 00:00:00,,FE:11:CE:B5:FC:BA,-60,,0.000000,0.000000,0.000,0.000,Client
2026-04-03 14:09:47,1900-01-00 00:00:00,1007-wombat,B8:27:EB:7E:52:7B,-63, WPA ,0.000000,0.000000,0.000,0.000,AP
2026-04-03 14:09:47,1900-01-00 00:00:00,1007-wombat,B8:27:EB:7E:52:7B,-63, WPA ,0.000000,0.000000,0.000,0.000,AP
2026-04-03 14:09:47,1900-01-00 00:00:00,,FE:11:CE:B5:FC:BA,-63,,0.000000,0.000000,0.000,0.000,Client
2026-04-03 14:09:47,1900-01-00 00:00:00,1007-wombat,B8:27:EB:7E:52:7B,-58, WPA ,0.000000,0.000000,0.000,0.000,AP
2026-04-03 14:09:47,1900-01-00 00:00:00,,FE:11:CE:B5:FC:BA,-60,,0.000000,0.000000,0.000,0.000,Client
2026-04-03 14:09:47,1900-01-00 00:00:00,1007-wombat,B8:27:EB:7E:52:7B,-62, WPA ,0.000000,0.000000,0.000,0.000,AP
2026-04-03 14:09:47,1900-01-00 00:00:00,,FE:11:CE:B5:FC:BA,-60,,0.000000,0.000000,0.000,0.000,Client
2026-04-03 14:09:47,1900-01-00 00:00:00,1007-wombat,B8:27:EB:7E:52:7B,-63, WPA ,0.000000,0.000000,0.000,0.000,AP
2026-04-03 14:09:47,1900-01-00 00:00:00,,FE:11:CE:B5:FC:BA,-60,,0.000000,0.000000,0.000,0.000,Client
2026-04-03 14:09:47,1900-01-00 00:00:00,1007-wombat,B8:27:EB:7E:52:7B,-62, WPA ,0.000000,0.000000,0.000,0.000,AP
2026-04-03 14:09:47,1900-01-00 00:00:00,,FE:11:CE:B5:FC:BA,-60,,0.000000,0.000000,0.000,0.000,Client
2026-04-03 14:09:47,1900-01-00 00:00:00,1007-wombat,B8:27:EB:7E:52:7B,-63, WPA ,0.000000,0.000000,0.000,0.000,AP
2026-04-03 14:09:47,1900-01-00 00:00:00,,FE:11:CE:B5:FC:BA,-60,,0.000000,0.000000,0.000,0.000,Client
2026-04-03 14:09:47,1900-01-00 00:00:00,1007-wombat,B8:27:EB:7E:52:7B,-62, WPA ,0.000000,0.000000,0.000,0.000,AP
2026-04-03 14:09:47,1900-01-00 00:00:00,,FE:11:CE:B5:FC:BA,-59,,0.000000,0.000000,0.000,0.000,Client
2026-04-03 14:09:47,1900-01-00 00:00:00,1007-wombat,B8:27:EB:7E:52:7B,-42, WPA ,0.000000,0.000000,0.000,0.000,AP
2026-04-03 14:09:47,1900-01-00 00:00:00,,FE:11:CE:B5:FC:BA,-60,,0.000000,0.000000,0.000,0.000,Client
2026-04-03 14:09:47,1900-01-00 00:00:00,1007-wombat,B8:27:EB:7E:52:7B,-64, WPA ,0.000000,0.000000,0.000,0.000,AP
2026-04-03 14:09:47,1900-01-00 00:00:00,,FE:11:CE:B5:FC:BA,-60,,0.000000,0.000000,0.000,0.000,Client
2026-04-03 14:09:47,1900-01-00 00:00:00,1007-wombat,B8:27:EB:7E:52:7B,-61, WPA ,0.000000,0.000000,0.000,0.000,AP
2026-04-03 14:09:47,1900-01-00 00:00:00,,FE:11:CE:B5:FC:BA,-60,,0.000000,0.000000,0.000,0.000,Client
2026-04-03 14:09:47,1900-01-00 00:00:00,1007-wombat,B8:27:EB:7E:52:7B,-62, WPA ,0.000000,0.000000,0.000,0.000,AP
2026-04-03 14:09:47,1900-01-00 00:00:00,,FE:11:CE:B5:FC:BA,-60,,0.000000,0.000000,0.000,0.000,Client
2026-04-03 14:09:47,1900-01-00 00:00:00,1007-wombat,B8:27:EB:7E:52:7B,-62, WPA ,0.000000,0.000000,0.000,0.000,AP
2026-04-03 14:09:47,1900-01-00 00:00:00,,FE:11:CE:B5:FC:BA,-60,,0.000000,0.000000,0.000,0.000,Client
2026-04-03 14:09:47,1900-01-00 00:00:00,1007-wombat,B8:27:EB:7E:52:7B,-61, WPA ,0.000000,0.000000,0.000,0.000,AP
2026-04-03 14:09:47,1900-01-00 00:00:00,,FE:11:CE:B5:FC:BA,-60,,0.000000,0.000000,0.000,0.000,Client
2026-04-03 14:09:47,1900-01-00 00:00:00,1007-wombat,B8:27:EB:7E:52:7B,-63, WPA ,0.000000,0.000000,0.000,0.000,AP
2026-04-03 14:09:47,1900-01-00 00:00:00,,FE:11:CE:B5:FC:BA,-61,,0.000000,0.000000,0.000,0.000,Client
2026-04-03 14:09:47,1900-01-00 00:00:00,1007-wombat,B8:27:EB:7E:52:7B,-62, WPA ,0.000000,0.000000,0.000,0.000,AP
2026-04-03 14:09:47,1900-01-00 00:00:00,,FE:11:CE:B5:FC:BA,-62,,0.000000,0.000000,0.000,0.000,Client
2026-04-03 14:09:47,1900-01-00 00:00:00,1007-wombat,B8:27:EB:7E:52:7B,-63, WPA ,0.000000,0.000000,0.000,0.000,AP
2026-04-03 14:09:47,1900-01-00 00:00:00,,FE:11:CE:B5:FC:BA,-63,,0.000000,0.000000,0.000,0.000,Client
2026-04-03 14:09:47,1900-01-00 00:00:00,1007-wombat,B8:27:EB:7E:52:7B,-63, WPA ,0.000000,0.000000,0.000,0.000,AP
2026-04-03 14:09:47,1900-01-00 00:00:00,,FE:11:CE:B5:FC:BA,-63,,0.000000,0.000000,0.000,0.000,Client
2026-04-03 14:09:47,1900-01-00 00:00:00,1007-wombat,B8:27:EB:7E:52:7B,-62, WPA ,0.000000,0.000000,0.000,0.000,AP
2026-04-03 14:09:47,1900-01-00 00:00:00,,FE:11:CE:B5:FC:BA,-62,,0.000000,0.000000,0.000,0.000,Client
2026-04-03 14:09:47,1900-01-00 00:00:00,1007-wombat,B8:27:EB:7E:52:7B,-50, WPA ,0.000000,0.000000,0.000,0.000,AP
2026-04-03 14:09:47,1900-01-00 00:00:00,,FE:11:CE:B5:FC:BA,-50,,0.000000,0.000000,0.000,0.000,Client
2026-04-03 14:09:47,1900-01-00 00:00:00,1007-wombat,B8:27:EB:7E:52:7B,-62, WPA ,0.000000,0.000000,0.000,0.000,AP
2026-04-03 14:09:47,1900-01-00 00:00:00,1007-wombat,B8:27:EB:7E:52:7B,-62, WPA ,0.000000,0.000000,0.000,0.000,AP
2026-04-03 14:09:47,1900-01-00 00:00:00,,FE:11:CE:B5:FC:BA,-57,,0.000000,0.000000,0.000,0.000,Client
2026-04-03 14:09:47,1900-01-00 00:00:00,1007-wombat,B8:27:EB:7E:52:7B,-63, WPA ,0.000000,0.000000,0.000,0.000,AP
2026-04-03 14:09:47,1900-01-00 00:00:00,,FE:11:CE:B5:FC:BA,-63,,0.000000,0.000000,0.000,0.000,Client
2026-04-03 14:09:47,1900-01-00 00:00:00,1007-wombat,B8:27:EB:7E:52:7B,-63, WPA ,0.000000,0.000000,0.000,0.000,AP
2026-04-03 14:09:47,1900-01-00 00:00:00,,FE:11:CE:B5:FC:BA,-63,,0.000000,0.000000,0.000,0.000,Client
2026-04-03 14:09:47,1900-01-00 00:00:00,1007-wombat,B8:27:EB:7E:52:7B,-63, WPA ,0.000000,0.000000,0.000,0.000,AP
2026-04-03 14:09:47,1900-01-00 00:00:00,,FE:11:CE:B5:FC:BA,-63,,0.000000,0.000000,0.000,0.000,Client
2026-04-03 14:09:47,1900-01-00 00:00:00,1007-wombat,B8:27:EB:7E:52:7B,-62, WPA ,0.000000,0.000000,0.000,0.000,AP
2026-04-03 14:09:47,1900-01-00 00:00:00,,FE:11:CE:B5:FC:BA,-62,,0.000000,0.000000,0.000,0.000,Client
2026-04-03 14:09:47,1900-01-00 00:00:00,1007-wombat,B8:27:EB:7E:52:7B,-63, WPA ,0.000000,0.000000,0.000,0.000,AP
2026-04-03 14:09:47,1900-01-00 00:00:00,,FE:11:CE:B5:FC:BA,-63,,0.000000,0.000000,0.000,0.000,Client
2026-04-03 14:09:47,1900-01-00 00:00:00,1007-wombat,B8:27:EB:7E:52:7B,-63, WPA ,0.000000,0.000000,0.000,0.000,AP
2026-04-03 14:09:47,1900-01-00 00:00:00,,FE:11:CE:B5:FC:BA,-63,,0.000000,0.000000,0.000,0.000,Client
2026-04-03 14:09:47,1900-01-00 00:00:00,1007-wombat,B8:27:EB:7E:52:7B,-42, WPA ,0.000000,0.000000,0.000,0.000,AP
2026-04-03 14:09:47,1900-01-00 00:00:00,,FE:11:CE:B5:FC:BA,-42,,0.000000,0.000000,0.000,0.000,Client
2026-04-03 14:09:47,1900-01-00 00:00:00,1007-wombat,B8:27:EB:7E:52:7B,-63, WPA ,0.000000,0.000000,0.000,0.000,AP
2026-04-03 14:09:47,1900-01-00 00:00:00,,FE:11:CE:B5:FC:BA,-64,,0.000000,0.000000,0.000,0.000,Client
2026-04-03 14:09:47,1900-01-00 00:00:00,1007-wombat,B8:27:EB:7E:52:7B,-63, WPA ,0.000000,0.000000,0.000,0.000,AP
2026-04-03 14:09:47,1900-01-00 00:00:00,,FE:11:CE:B5:FC:BA,-62,,0.000000,0.000000,0.000,0.000,Client
2026-04-03 14:09:47,1900-01-00 00:00:00,1007-wombat,B8:27:EB:7E:52:7B,-62, WPA ,0.000000,0.000000,0.000,0.000,AP
2026-04-03 14:09:47,1900-01-00 00:00:00,,FE:11:CE:B5:FC:BA,-62,,0.000000,0.000000,0.000,0.000,Client
2026-04-03 14:09:47,1900-01-00 00:00:00,1007-wombat,B8:27:EB:7E:52:7B,-63, WPA ,0.000000,0.000000,0.000,0.000,AP
2026-04-03 14:09:47,1900-01-00 00:00:00,,FE:11:CE:B5:FC:BA,-63,,0.000000,0.000000,0.000,0.000,Client
2026-04-03 14:09:47,1900-01-00 00:00:00,1007-wombat,B8:27:EB:7E:52:7B,-64, WPA ,0.000000,0.000000,0.000,0.000,AP
2026-04-03 14:09:47,1900-01-00 00:00:00,,FE:11:CE:B5:FC:BA,-42,,0.000000,0.000000,0.000,0.000,Client
2026-04-03 14:09:47,1900-01-00 00:00:00,1007-wombat,B8:27:EB:7E:52:7B,-63, WPA ,0.000000,0.000000,0.000,0.000,AP
2026-04-03 14:09:47,1900-01-00 00:00:00,,FE:11:CE:B5:FC:BA,-63,,0.000000,0.000000,0.000,0.000,Client
2026-04-03 14:09:47,1900-01-00 00:00:00,1007-wombat,B8:27:EB:7E:52:7B,-62, WPA ,0.000000,0.000000,0.000,0.000,AP
2026-04-03 14:09:47,1900-01-00 00:00:00,,FE:11:CE:B5:FC:BA,-62,,0.000000,0.000000,0.000,0.000,Client
2026-04-03 14:09:47,1900-01-00 00:00:00,1007-wombat,B8:27:EB:7E:52:7B,-63, WPA ,0.000000,0.000000,0.000,0.000,AP
2026-04-03 14:09:47,1900-01-00 00:00:00,,FE:11:CE:B5:FC:BA,-58,,0.000000,0.000000,0.000,0.000,Client
2026-04-03 14:09:47,1900-01-00 00:00:00,1007-wombat,B8:27:EB:7E:52:7B,-63, WPA ,0.000000,0.000000,0.000,0.000,AP
2026-04-03 14:09:47,1900-01-00 00:00:00,,FE:11:CE:B5:FC:BA,-63,,0.000000,0.000000,0.000,0.000,Client
2026-04-03 14:09:47,1900-01-00 00:00:00,1007-wombat,B8:27:EB:7E:52:7B,-63, WPA ,0.000000,0.000000,0.000,0.000,AP
2026-04-03 14:09:47,1900-01-00 00:00:00,,FE:11:CE:B5:FC:BA,-63,,0.000000,0.000000,0.000,0.000,Client
2026-04-03 14:09:47,1900-01-00 00:00:00,1007-wombat,B8:27:EB:7E:52:7B,-63, WPA ,0.000000,0.000000,0.000,0.000,AP
2026-04-03 14:09:47,1900-01-00 00:00:00,,FE:11:CE:B5:FC:BA,-63,,0.000000,0.000000,0.000,0.000,Client
2026-04-03 14:09:47,1900-01-00 00:00:00,1007-wombat,B8:27:EB:7E:52:7B,-63, WPA ,0.000000,0.000000,0.000,0.000,AP
2026-04-03 14:09:47,1900-01-00 00:00:00,1007-wombat,B8:27:EB:7E:52:7B,-57, WPA ,0.000000,0.000000,0.000,0.000,AP
2026-04-03 14:09:47,1900-01-00 00:00:00,,FE:11:CE:B5:FC:BA,-50,,0.000000,0.000000,0.000,0.000,Client
2026-04-03 14:09:47,1900-01-00 00:00:00,1007-wombat,B8:27:EB:7E:52:7B,-62, WPA ,0.000000,0.000000,0.000,0.000,AP
2026-04-03 14:09:47,1900-01-00 00:00:00,,FE:11:CE:B5:FC:BA,-62,,0.000000,0.000000,0.000,0.000,Client
2026-04-03 14:09:47,1900-01-00 00:00:00,1007-wombat,B8:27:EB:7E:52:7B,-63, WPA ,0.000000,0.000000,0.000,0.000,AP
2026-04-03 14:09:47,1900-01-00 00:00:00,,FE:11:CE:B5:FC:BA,-63,,0.000000,0.000000,0.000,0.000,Client
2026-04-03 14:09:48,1900-01-00 00:00:00,1007-wombat,B8:27:EB:7E:52:7B,-62, WPA ,0.000000,0.000000,0.000,0.000,AP
2026-04-03 14:09:48,1900-01-00 00:00:00,1007-wombat,B8:27:EB:7E:52:7B,-61, WPA ,0.000000,0.000000,0.000,0.000,AP
2026-04-03 14:09:48,1900-01-00 00:00:00,1007-wombat,B8:27:EB:7E:52:7B,-61, WPA ,0.000000,0.000000,0.000,0.000,AP
2026-04-03 14:09:48,1900-01-00 00:00:00,1007-wombat,B8:27:EB:7E:52:7B,-62, WPA ,0.000000,0.000000,0.000,0.000,AP
2026-04-03 14:09:48,1900-01-00 00:00:00,1007-wombat,B8:27:EB:7E:52:7B,-63, WPA ,0.000000,0.000000,0.000,0.000,AP
2026-04-03 14:09:48,1900-01-00 00:00:00,,FE:11:CE:B5:FC:BA,-62,,0.000000,0.000000,0.000,0.000,Client
2026-04-03 14:09:49,1900-01-00 00:00:00,1007-wombat,B8:27:EB:7E:52:7B,-63, WPA ,0.000000,0.000000,0.000,0.000,AP
2026-04-03 14:09:49,1900-01-00 00:00:00,1007-wombat,B8:27:EB:7E:52:7B,-64, WPA ,0.000000,0.000000,0.000,0.000,AP
2026-04-03 14:09:49,1900-01-00 00:00:00,1007-wombat,B8:27:EB:7E:52:7B,-64, WPA ,0.000000,0.000000,0.000,0.000,AP
2026-04-03 14:09:49,1900-01-00 00:00:00,1007-wombat,B8:27:EB:7E:52:7B,-62, WPA ,0.000000,0.000000,0.000,0.000,AP
2026-04-03 14:09:49,1900-01-00 00:00:00,1007-wombat,B8:27:EB:7E:52:7B,-62, WPA ,0.000000,0.000000,0.000,0.000,AP
2026-04-03 14:09:49,1900-01-00 00:00:00,1007-wombat,B8:27:EB:7E:52:7B,-63, WPA ,0.000000,0.000000,0.000,0.000,AP
2026-04-03 14:09:49,1900-01-00 00:00:00,1007-wombat,B8:27:EB:7E:52:7B,-60, WPA ,0.000000,0.000000,0.000,0.000,AP
2026-04-03 14:09:49,1900-01-00 00:00:00,1007-wombat,B8:27:EB:7E:52:7B,-62, WPA ,0.000000,0.000000,0.000,0.000,AP
2026-04-03 14:09:49,1900-01-00 00:00:00,,FE:11:CE:B5:FC:BA,-59,,0.000000,0.000000,0.000,0.000,Client
2026-04-03 14:09:49,1900-01-00 00:00:00,1007-wombat,B8:27:EB:7E:52:7B,-62, WPA ,0.000000,0.000000,0.000,0.000,AP
2026-04-03 14:09:49,1900-01-00 00:00:00,1007-wombat,B8:27:EB:7E:52:7B,-62, WPA ,0.000000,0.000000,0.000,0.000,AP
2026-04-03 14:09:50,1900-01-00 00:00:00,1007-wombat,B8:27:EB:7E:52:7B,-62, WPA ,0.000000,0.000000,0.000,0.000,AP
2026-04-03 14:09:50,1900-01-00 00:00:00,1007-wombat,B8:27:EB:7E:52:7B,-62, WPA ,0.000000,0.000000,0.000,0.000,AP
2026-04-03 14:09:50,1900-01-00 00:00:00,1007-wombat,B8:27:EB:7E:52:7B,-62, WPA ,0.000000,0.000000,0.000,0.000,AP
2026-04-03 14:09:50,1900-01-00 00:00:00,,FE:11:CE:B5:FC:BA,-60,,0.000000,0.000000,0.000,0.000,Client
2026-04-03 14:09:50,1900-01-00 00:00:00,1007-wombat,B8:27:EB:7E:52:7B,-62, WPA ,0.000000,0.000000,0.000,0.000,AP
2026-04-03 14:09:50,1900-01-00 00:00:00,,FE:11:CE:B5:FC:BA,-60,,0.000000,0.000000,0.000,0.000,Client
2026-04-03 14:09:50,1900-01-00 00:00:00,1007-wombat,B8:27:EB:7E:52:7B,-63, WPA ,0.000000,0.000000,0.000,0.000,AP
2026-04-03 14:09:50,1900-01-00 00:00:00,,FE:11:CE:B5:FC:BA,-60,,0.000000,0.000000,0.000,0.000,Client
2026-04-03 14:09:50,1900-01-00 00:00:00,1007-wombat,B8:27:EB:7E:52:7B,-61, WPA ,0.000000,0.000000,0.000,0.000,AP
2026-04-03 14:09:50,1900-01-00 00:00:00,1007-wombat,B8:27:EB:7E:52:7B,-62, WPA ,0.000000,0.000000,0.000,0.000,AP
2026-04-03 14:09:50,1900-01-00 00:00:00,,FE:11:CE:B5:FC:BA,-59,,0.000000,0.000000,0.000,0.000,Client
2026-04-03 14:09:50,1900-01-00 00:00:00,1007-wombat,B8:27:EB:7E:52:7B,-62, WPA ,0.000000,0.000000,0.000,0.000,AP
2026-04-03 14:09:50,1900-01-00 00:00:00,1007-wombat,B8:27:EB:7E:52:7B,-62, WPA ,0.000000,0.000000,0.000,0.000,AP
2026-04-03 14:09:50,1900-01-00 00:00:00,1007-wombat,B8:27:EB:7E:52:7B,-63, WPA ,0.000000,0.000000,0.000,0.000,AP
2026-04-03 14:09:50,1900-01-00 00:00:00,1007-wombat,B8:27:EB:7E:52:7B,-62, WPA ,0.000000,0.000000,0.000,0.000,AP
2026-04-03 14:09:50,1900-01-00 00:00:00,1007-wombat,B8:27:EB:7E:52:7B,-62, WPA ,0.000000,0.000000,0.000,0.000,AP
2026-04-03 14:09:50,1900-01-00 00:00:00,,FE:11:CE:B5:FC:BA,-58,,0.000000,0.000000,0.000,0.000,Client
2026-04-03 14:09:50,1900-01-00 00:00:00,,FE:11:CE:B5:FC:BA,-60,,0.000000,0.000000,0.000,0.000,Client
2026-04-03 14:09:50,1900-01-00 00:00:00,,FE:11:CE:B5:FC:BA,-59,,0.000000,0.000000,0.000,0.000,Client
2026-04-03 14:09:50,1900-01-00 00:00:00,,FE:11:CE:B5:FC:BA,-59,,0.000000,0.000000,0.000,0.000,Client
2026-04-03 14:09:50,1900-01-00 00:00:00,,FE:11:CE:B5:FC:BA,-58,,0.000000,0.000000,0.000,0.000,Client
2026-04-03 14:09:50,1900-01-00 00:00:00,1007-wombat,B8:27:EB:7E:52:7B,-63, WPA ,0.000000,0.000000,0.000,0.000,AP
2026-04-03 14:09:50,1900-01-00 00:00:00,,FE:11:CE:B5:FC:BA,-58,,0.000000,0.000000,0.000,0.000,Client
2026-04-03 14:09:50,1900-01-00 00:00:00,,FE:11:CE:B5:FC:BA,-58,,0.000000,0.000000,0.000,0.000,Client
2026-04-03 14:09:50,1900-01-00 00:00:00,,FE:11:CE:B5:FC:BA,-59,,0.000000,0.000000,0.000,0.000,Client
2026-04-03 14:09:50,1900-01-00 00:00:00,,FE:11:CE:B5:FC:BA,-59,,0.000000,0.000000,0.000,0.000,Client
2026-04-03 14:09:50,1900-01-00 00:00:00,,FE:11:CE:B5:FC:BA,-59,,0.000000,0.000000,0.000,0.000,Client
2026-04-03 14:09:50,1900-01-00 00:00:00,,FE:11:CE:B5:FC:BA,-58,,0.000000,0.000000,0.000,0.000,Client
2026-04-03 14:09:50,1900-01-00 00:00:00,,FE:11:CE:B5:FC:BA,-58,,0.000000,0.000000,0.000,0.000,Client
2026-04-03 14:09:50,1900-01-00 00:00:00,,FE:11:CE:B5:FC:BA,-58,,0.000000,0.000000,0.000,0.000,Client
2026-04-03 14:09:50,1900-01-00 00:00:00,,FE:11:CE:B5:FC:BA,-58,,0.000000,0.000000,0.000,0.000,Client
2026-04-03 14:09:50,1900-01-00 00:00:00,,FE:11:CE:B5:FC:BA,-58,,0.000000,0.000000,0.000,0.000,Client
2026-04-03 14:09:50,1900-01-00 00:00:00,,FE:11:CE:B5:FC:BA,-59,,0.000000,0.000000,0.000,0.000,Client
2026-04-03 14:09:50,1900-01-00 00:00:00,,FE:11:CE:B5:FC:BA,-58,,0.000000,0.000000,0.000,0.000,Client
2026-04-03 14:09:50,1900-01-00 00:00:00,,FE:11:CE:B5:FC:BA,-58,,0.000000,0.000000,0.000,0.000,Client
2026-04-03 14:09:50,1900-01-00 00:00:00,,FE:11:CE:B5:FC:BA,-56,,0.000000,0.000000,0.000,0.000,Client
2026-04-03 14:09:50,1900-01-00 00:00:00,,FE:11:CE:B5:FC:BA,-56,,0.000000,0.000000,0.000,0.000,Client
2026-04-03 14:09:50,1900-01-00 00:00:00,,FE:11:CE:B5:FC:BA,-58,,0.000000,0.000000,0.000,0.000,Client
2026-04-03 14:09:50,1900-01-00 00:00:00,,FE:11:CE:B5:FC:BA,-59,,0.000000,0.000000,0.000,0.000,Client
2026-04-03 14:09:50,1900-01-00 00:00:00,,FE:11:CE:B5:FC:BA,-58,,0.000000,0.000000,0.000,0.000,Client
2026-04-03 14:09:50,1900-01-00 00:00:00,,FE:11:CE:B5:FC:BA,-58,,0.000000,0.000000,0.000,0.000,Client
2026-04-03 14:09:50,1900-01-00 00:00:00,1007-wombat,B8:27:EB:7E:52:7B,-63, WPA ,0.000000,0.000000,0.000,0.000,AP
2026-04-03 14:09:50,1900-01-00 00:00:00,,FE:11:CE:B5:FC:BA,-58,,0.000000,0.000000,0.000,0.000,Client
2026-04-03 14:09:50,1900-01-00 00:00:00,,FE:11:CE:B5:FC:BA,-59,,0.000000,0.000000,0.000,0.000,Client
2026-04-03 14:09:50,1900-01-00 00:00:00,,FE:11:CE:B5:FC:BA,-59,,0.000000,0.000000,0.000,0.000,Client
2026-04-03 14:09:50,1900-01-00 00:00:00,,FE:11:CE:B5:FC:BA,-58,,0.000000,0.000000,0.000,0.000,Client
2026-04-03 14:09:50,1900-01-00 00:00:00,,FE:11:CE:B5:FC:BA,-58,,0.000000,0.000000,0.000,0.000,Client
2026-04-03 14:09:50,1900-01-00 00:00:00,,FE:11:CE:B5:FC:BA,-59,,0.000000,0.000000,0.000,0.000,Client
2026-04-03 14:09:50,1900-01-00 00:00:00,,FE:11:CE:B5:FC:BA,-58,,0.000000,0.000000,0.000,0.000,Client
2026-04-03 14:09:50,1900-01-00 00:00:00,,FE:11:CE:B5:FC:BA,-58,,0.000000,0.000000,0.000,0.000,Client
2026-04-03 14:09:50,1900-01-00 00:00:00,,FE:11:CE:B5:FC:BA,-58,,0.000000,0.000000,0.000,0.000,Client
2026-04-03 14:09:50,1900-01-00 00:00:00,,FE:11:CE:B5:FC:BA,-59,,0.000000,0.000000,0.000,0.000,Client
2026-04-03 14:09:50,1900-01-00 00:00:00,,FE:11:CE:B5:FC:BA,-58,,0.000000,0.000000,0.000,0.000,Client
2026-04-03 14:09:50,1900-01-00 00:00:00,1007-wombat,B8:27:EB:7E:52:7B,-63, WPA ,0.000000,0.000000,0.000,0.000,AP
2026-04-03 14:09:50,1900-01-00 00:00:00,1007-wombat,B8:27:EB:7E:52:7B,-63, WPA ,0.000000,0.000000,0.000,0.000,AP
2026-04-03 14:09:50,1900-01-00 00:00:00,,FE:11:CE:B5:FC:BA,-57,,0.000000,0.000000,0.000,0.000,Client
2026-04-03 14:09:50,1900-01-00 00:00:00,,FE:11:CE:B5:FC:BA,-57,,0.000000,0.000000,0.000,0.000,Client
2026-04-03 14:09:50,1900-01-00 00:00:00,,FE:11:CE:B5:FC:BA,-57,,0.000000,0.000000,0.000,0.000,Client
2026-04-03 14:09:50,1900-01-00 00:00:00,,FE:11:CE:B5:FC:BA,-57,,0.000000,0.000000,0.000,0.000,Client
2026-04-03 14:09:50,1900-01-00 00:00:00,,FE:11:CE:B5:FC:BA,-58,,0.000000,0.000000,0.000,0.000,Client
2026-04-03 14:09:50,1900-01-00 00:00:00,,FE:11:CE:B5:FC:BA,-57,,0.000000,0.000000,0.000,0.000,Client
2026-04-03 14:09:50,1900-01-00 00:00:00,,FE:11:CE:B5:FC:BA,-58,,0.000000,0.000000,0.000,0.000,Client
2026-04-03 14:09:50,1900-01-00 00:00:00,1007-wombat,B8:27:EB:7E:52:7B,-63, WPA ,0.000000,0.000000,0.000,0.000,AP
2026-04-03 14:09:50,1900-01-00 00:00:00,1007-wombat,B8:27:EB:7E:52:7B,-64, WPA ,0.000000,0.000000,0.000,0.000,AP
2026-04-03 14:09:50,1900-01-00 00:00:00,1007-wombat,B8:27:EB:7E:52:7B,-64, WPA ,0.000000,0.000000,0.000,0.000,AP
2026-04-03 14:09:50,1900-01-00 00:00:00,1007-wombat,B8:27:EB:7E:52:7B,-63, WPA ,0.000000,0.000000,0.000,0.000,AP
2026-04-03 14:09:50,1900-01-00 00:00:00,1007-wombat,B8:27:EB:7E:52:7B,-62, WPA ,0.000000,0.000000,0.000,0.000,AP
2026-04-03 14:09:51,1900-01-00 00:00:00,1007-wombat,B8:27:EB:7E:52:7B,-63, WPA ,0.000000,0.000000,0.000,0.000,AP
2026-04-03 14:09:51,1900-01-00 00:00:00,,FE:11:CE:B5:FC:BA,-59,,0.000000,0.000000,0.000,0.000,Client
2026-04-03 14:09:51,1900-01-00 00:00:00,1007-wombat,B8:27:EB:7E:52:7B,-63, WPA ,0.000000,0.000000,0.000,0.000,AP
2026-04-03 14:09:51,1900-01-00 00:00:00,,FE:11:CE:B5:FC:BA,-59,,0.000000,0.000000,0.000,0.000,Client
2026-04-03 14:09:51,1900-01-00 00:00:00,1007-wombat,B8:27:EB:7E:52:7B,-63, WPA ,0.000000,0.000000,0.000,0.000,AP
2026-04-03 14:09:51,1900-01-00 00:00:00,1007-wombat,B8:27:EB:7E:52:7B,-63, WPA ,0.000000,0.000000,0.000,0.000,AP
2026-04-03 14:09:52,1900-01-00 00:00:00,1007-wombat,B8:27:EB:7E:52:7B,-61, WPA ,0.000000,0.000000,0.000,0.000,AP
2026-04-03 14:09:53,1900-01-00 00:00:00,1007-wombat,B8:27:EB:7E:52:7B,-61, WPA ,0.000000,0.000000,0.000,0.000,AP
2026-04-03 14:09:53,1900-01-00 00:00:00,1007-wombat,B8:27:EB:7E:52:7B,-60, WPA ,0.000000,0.000000,0.000,0.000,AP
2026-04-03 14:09:53,1900-01-00 00:00:00,1007-wombat,B8:27:EB:7E:52:7B,-60, WPA ,0.000000,0.000000,0.000,0.000,AP
2026-04-03 14:09:53,1900-01-00 00:00:00,1007-wombat,B8:27:EB:7E:52:7B,-62, WPA ,0.000000,0.000000,0.000,0.000,AP
2026-04-03 14:09:53,1900-01-00 00:00:00,1007-wombat,B8:27:EB:7E:52:7B,-62, WPA ,0.000000,0.000000,0.000,0.000,AP
2026-04-03 14:09:53,1900-01-00 00:00:00,1007-wombat,B8:27:EB:7E:52:7B,-63, WPA ,0.000000,0.000000,0.000,0.000,AP
2026-04-03 14:09:54,1900-01-00 00:00:00,1007-wombat,B8:27:EB:7E:52:7B,-62, WPA ,0.000000,0.000000,0.000,0.000,AP
2026-04-03 14:09:54,1900-01-00 00:00:00,1007-wombat,B8:27:EB:7E:52:7B,-63, WPA ,0.000000,0.000000,0.000,0.000,AP
2026-04-03 14:09:54,1900-01-00 00:00:00,1007-wombat,B8:27:EB:7E:52:7B,-63, WPA ,0.000000,0.000000,0.000,0.000,AP
2026-04-03 14:09:54,1900-01-00 00:00:00,1007-wombat,B8:27:EB:7E:52:7B,-62, WPA ,0.000000,0.000000,0.000,0.000,AP
2026-04-03 14:09:54,1900-01-00 00:00:00,1007-wombat,B8:27:EB:7E:52:7B,-63, WPA ,0.000000,0.000000,0.000,0.000,AP
2026-04-03 14:09:54,1900-01-00 00:00:00,1007-wombat,B8:27:EB:7E:52:7B,-62, WPA ,0.000000,0.000000,0.000,0.000,AP
2026-04-03 14:09:54,1900-01-00 00:00:00,1007-wombat,B8:27:EB:7E:52:7B,-62, WPA ,0.000000,0.000000,0.000,0.000,AP
2026-04-03 14:09:54,1900-01-00 00:00:00,1007-wombat,B8:27:EB:7E:52:7B,-62, WPA ,0.000000,0.000000,0.000,0.000,AP
2026-04-03 14:09:54,1900-01-00 00:00:00,1007-wombat,B8:27:EB:7E:52:7B,-63, WPA ,0.000000,0.000000,0.000,0.000,AP
2026-04-03 14:09:54,1900-01-00 00:00:00,1007-wombat,B8:27:EB:7E:52:7B,-63, WPA ,0.000000,0.000000,0.000,0.000,AP
2026-04-03 14:09:54,1900-01-00 00:00:00,1007-wombat,B8:27:EB:7E:52:7B,-62, WPA ,0.000000,0.000000,0.000,0.000,AP
2026-04-03 14:09:54,1900-01-00 00:00:00,1007-wombat,B8:27:EB:7E:52:7B,-63, WPA ,0.000000,0.000000,0.000,0.000,AP
2026-04-03 14:09:54,1900-01-00 00:00:00,1007-wombat,B8:27:EB:7E:52:7B,-63, WPA ,0.000000,0.000000,0.000,0.000,AP
2026-04-03 14:09:54,1900-01-00 00:00:00,1007-wombat,B8:27:EB:7E:52:7B,-63, WPA ,0.000000,0.000000,0.000,0.000,AP
2026-04-03 14:09:55,1900-01-00 00:00:00,1007-wombat,B8:27:EB:7E:52:7B,-63, WPA ,0.000000,0.000000,0.000,0.000,AP
2026-04-03 14:09:55,1900-01-00 00:00:00,1007-wombat,B8:27:EB:7E:52:7B,-64, WPA ,0.000000,0.000000,0.000,0.000,AP
2026-04-03 14:09:55,1900-01-00 00:00:00,1007-wombat,B8:27:EB:7E:52:7B,-63, WPA ,0.000000,0.000000,0.000,0.000,AP
2026-04-03 14:09:55,1900-01-00 00:00:00,1007-wombat,B8:27:EB:7E:52:7B,-63, WPA ,0.000000,0.000000,0.000,0.000,AP
2026-04-03 14:09:55,1900-01-00 00:00:00,1007-wombat,B8:27:EB:7E:52:7B,-62, WPA ,0.000000,0.000000,0.000,0.000,AP
2026-04-03 14:09:56,1900-01-00 00:00:00,1007-wombat,B8:27:EB:7E:52:7B,-64, WPA ,0.000000,0.000000,0.000,0.000,AP
2026-04-03 14:09:56,1900-01-00 00:00:00,1007-wombat,B8:27:EB:7E:52:7B,-64, WPA ,0.000000,0.000000,0.000,0.000,AP
2026-04-03 14:09:56,1900-01-00 00:00:00,1007-wombat,B8:27:EB:7E:52:7B,-64, WPA ,0.000000,0.000000,0.000,0.000,AP
2026-04-03 14:09:56,1900-01-00 00:00:00,1007-wombat,B8:27:EB:7E:52:7B,-63, WPA ,0.000000,0.000000,0.000,0.000,AP
2026-04-03 14:09:56,1900-01-00 00:00:00,1007-wombat,B8:27:EB:7E:52:7B,-61, WPA ,0.000000,0.000000,0.000,0.000,AP
2026-04-03 14:09:56,1900-01-00 00:00:00,1007-wombat,B8:27:EB:7E:52:7B,-62, WPA ,0.000000,0.000000,0.000,0.000,AP
2026-04-03 14:09:56,1900-01-00 00:00:00,1007-wombat,B8:27:EB:7E:52:7B,-63, WPA ,0.000000,0.000000,0.000,0.000,AP
2026-04-03 14:09:57,1900-01-00 00:00:00,1007-wombat,B8:27:EB:7E:52:7B,-63, WPA ,0.000000,0.000000,0.000,0.000,AP
2026-04-03 14:09:57,1900-01-00 00:00:00,1007-wombat,B8:27:EB:7E:52:7B,-64, WPA ,0.000000,0.000000,0.000,0.000,AP
2026-04-03 14:09:57,1900-01-00 00:00:00,1007-wombat,B8:27:EB:7E:52:7B,-64, WPA ,0.000000,0.000000,0.000,0.000,AP
2026-04-03 14:09:58,1900-01-00 00:00:00,1007-wombat,B8:27:EB:7E:52:7B,-64, WPA ,0.000000,0.000000,0.000,0.000,AP
2026-04-03 14:09:58,1900-01-00 00:00:00,1007-wombat,B8:27:EB:7E:52:7B,-62, WPA ,0.000000,0.000000,0.000,0.000,AP
2026-04-03 14:09:59,1900-01-00 00:00:00,1007-wombat,B8:27:EB:7E:52:7B,-61, WPA ,0.000000,0.000000,0.000,0.000,AP
2026-04-03 14:09:59,1900-01-00 00:00:00,1007-wombat,B8:27:EB:7E:52:7B,-61, WPA ,0.000000,0.000000,0.000,0.000,AP
2026-04-03 14:09:59,1900-01-00 00:00:00,1007-wombat,B8:27:EB:7E:52:7B,-61, WPA ,0.000000,0.000000,0.000,0.000,AP
2026-04-03 14:09:59,1900-01-00 00:00:00,1007-wombat,B8:27:EB:7E:52:7B,-61, WPA ,0.000000,0.000000,0.000,0.000,AP
2026-04-03 14:09:59,1900-01-00 00:00:00,1007-wombat,B8:27:EB:7E:52:7B,-61, WPA ,0.000000,0.000000,0.000,0.000,AP
2026-04-03 14:09:59,1900-01-00 00:00:00,1007-wombat,B8:27:EB:7E:52:7B,-61, WPA ,0.000000,0.000000,0.000,0.000,AP
2026-04-03 14:09:59,1900-01-00 00:00:00,1007-wombat,B8:27:EB:7E:52:7B,-61, WPA ,0.000000,0.000000,0.000,0.000,AP
2026-04-03 14:09:59,1900-01-00 00:00:00,1007-wombat,B8:27:EB:7E:52:7B,-61, WPA ,0.000000,0.000000,0.000,0.000,AP
2026-04-03 14:09:59,1900-01-00 00:00:00,1007-wombat,B8:27:EB:7E:52:7B,-61, WPA ,0.000000,0.000000,0.000,0.000,AP
2026-04-03 14:09:59,1900-01-00 00:00:00,1007-wombat,B8:27:EB:7E:52:7B,-61, WPA ,0.000000,0.000000,0.000,0.000,AP
2026-04-03 14:09:59,1900-01-00 00:00:00,1007-wombat,B8:27:EB:7E:52:7B,-61, WPA ,0.000000,0.000000,0.000,0.000,AP
2026-04-03 14:09:59,1900-01-00 00:00:00,1007-wombat,B8:27:EB:7E:52:7B,-61, WPA ,0.000000,0.000000,0.000,0.000,AP
2026-04-03 14:09:59,1900-01-00 00:00:00,1007-wombat,B8:27:EB:7E:52:7B,-58, WPA ,0.000000,0.000000,0.000,0.000,AP
2026-04-03 14:09:59,1900-01-00 00:00:00,1007-wombat,B8:27:EB:7E:52:7B,-48, WPA ,0.000000,0.000000,0.000,0.000,AP
2026-04-03 14:09:59,1900-01-00 00:00:00,1007-wombat,B8:27:EB:7E:52:7B,-63, WPA ,0.000000,0.000000,0.000,0.000,AP
2026-04-03 14:09:59,1900-01-00 00:00:00,1007-wombat,B8:27:EB:7E:52:7B,-57, WPA ,0.000000,0.000000,0.000,0.000,AP
2026-04-03 14:09:59,1900-01-00 00:00:00,1007-wombat,B8:27:EB:7E:52:7B,-57, WPA ,0.000000,0.000000,0.000,0.000,AP
2026-04-03 14:09:59,1900-01-00 00:00:00,1007-wombat,B8:27:EB:7E:52:7B,-57, WPA ,0.000000,0.000000,0.000,0.000,AP
2026-04-03 14:09:59,1900-01-00 00:00:00,1007-wombat,B8:27:EB:7E:52:7B,-57, WPA ,0.000000,0.000000,0.000,0.000,AP
2026-04-03 14:09:59,1900-01-00 00:00:00,1007-wombat,B8:27:EB:7E:52:7B,-57, WPA ,0.000000,0.000000,0.000,0.000,AP
2026-04-03 14:09:59,1900-01-00 00:00:00,1007-wombat,B8:27:EB:7E:52:7B,-57, WPA ,0.000000,0.000000,0.000,0.000,AP
2026-04-03 14:09:59,1900-01-00 00:00:00,1007-wombat,B8:27:EB:7E:52:7B,-57, WPA ,0.000000,0.000000,0.000,0.000,AP
2026-04-03 14:09:59,1900-01-00 00:00:00,1007-wombat,B8:27:EB:7E:52:7B,-57, WPA ,0.000000,0.000000,0.000,0.000,AP
2026-04-03 14:09:59,1900-01-00 00:00:00,1007-wombat,B8:27:EB:7E:52:7B,-57, WPA ,0.000000,0.000000,0.000,0.000,AP
2026-04-03 14:09:59,1900-01-00 00:00:00,1007-wombat,B8:27:EB:7E:52:7B,-57, WPA ,0.000000,0.000000,0.000,0.000,AP
2026-04-03 14:09:59,1900-01-00 00:00:00,1007-wombat,B8:27:EB:7E:52:7B,-57, WPA ,0.000000,0.000000,0.000,0.000,AP
2026-04-03 14:09:59,1900-01-00 00:00:00,1007-wombat,B8:27:EB:7E:52:7B,-57, WPA ,0.000000,0.000000,0.000,0.000,AP
2026-04-03 14:09:59,1900-01-00 00:00:00,1007-wombat,B8:27:EB:7E:52:7B,-57, WPA ,0.000000,0.000000,0.000,0.000,AP
2026-04-03 14:09:59,1900-01-00 00:00:00,1007-wombat,B8:27:EB:7E:52:7B,-57, WPA ,0.000000,0.000000,0.000,0.000,AP
2026-04-03 14:09:59,1900-01-00 00:00:00,1007-wombat,B8:27:EB:7E:52:7B,-60, WPA ,0.000000,0.000000,0.000,0.000,AP
2026-04-03 14:09:59,1900-01-00 00:00:00,1007-wombat,B8:27:EB:7E:52:7B,-60, WPA ,0.000000,0.000000,0.000,0.000,AP
2026-04-03 14:09:59,1900-01-00 00:00:00,1007-wombat,B8:27:EB:7E:52:7B,-41, WPA ,0.000000,0.000000,0.000,0.000,AP
2026-04-03 14:09:59,1900-01-00 00:00:00,1007-wombat,B8:27:EB:7E:52:7B,-41, WPA ,0.000000,0.000000,0.000,0.000,AP
2026-04-03 14:09:59,1900-01-00 00:00:00,1007-wombat,B8:27:EB:7E:52:7B,-41, WPA ,0.000000,0.000000,0.000,0.000,AP
2026-04-03 14:09:59,1900-01-00 00:00:00,1007-wombat,B8:27:EB:7E:52:7B,-61, WPA ,0.000000,0.000000,0.000,0.000,AP
2026-04-03 14:09:59,1900-01-00 00:00:00,1007-wombat,B8:27:EB:7E:52:7B,-61, WPA ,0.000000,0.000000,0.000,0.000,AP
2026-04-03 14:09:59,1900-01-00 00:00:00,1007-wombat,B8:27:EB:7E:52:7B,-61, WPA ,0.000000,0.000000,0.000,0.000,AP
2026-04-03 14:09:59,1900-01-00 00:00:00,1007-wombat,B8:27:EB:7E:52:7B,-61, WPA ,0.000000,0.000000,0.000,0.000,AP
2026-04-03 14:09:59,1900-01-00 00:00:00,1007-wombat,B8:27:EB:7E:52:7B,-51, WPA ,0.000000,0.000000,0.000,0.000,AP
2026-04-03 14:09:59,1900-01-00 00:00:00,1007-wombat,B8:27:EB:7E:52:7B,-51, WPA ,0.000000,0.000000,0.000,0.000,AP
2026-04-03 14:09:59,1900-01-00 00:00:00,1007-wombat,B8:27:EB:7E:52:7B,-51, WPA ,0.000000,0.000000,0.000,0.000,AP
2026-04-03 14:09:59,1900-01-00 00:00:00,1007-wombat,B8:27:EB:7E:52:7B,-51, WPA ,0.000000,0.000000,0.000,0.000,AP
2026-04-03 14:09:59,1900-01-00 00:00:00,1007-wombat,B8:27:EB:7E:52:7B,-51, WPA ,0.000000,0.000000,0.000,0.000,AP
2026-04-03 14:09:59,1900-01-00 00:00:00,1007-wombat,B8:27:EB:7E:52:7B,-47, WPA ,0.000000,0.000000,0.000,0.000,AP
2026-04-03 14:09:59,1900-01-00 00:00:00,1007-wombat,B8:27:EB:7E:52:7B,-47, WPA ,0.000000,0.000000,0.000,0.000,AP
2026-04-03 14:09:59,1900-01-00 00:00:00,1007-wombat,B8:27:EB:7E:52:7B,-47, WPA ,0.000000,0.000000,0.000,0.000,AP
2026-04-03 14:09:59,1900-01-00 00:00:00,1007-wombat,B8:27:EB:7E:52:7B,-47, WPA ,0.000000,0.000000,0.000,0.000,AP
2026-04-03 14:09:59,1900-01-00 00:00:00,1007-wombat,B8:27:EB:7E:52:7B,-47, WPA ,0.000000,0.000000,0.000,0.000,AP
2026-04-03 14:09:59,1900-01-00 00:00:00,1007-wombat,B8:27:EB:7E:52:7B,-47, WPA ,0.000000,0.000000,0.000,0.000,AP
2026-04-03 14:09:59,1900-01-00 00:00:00,1007-wombat,B8:27:EB:7E:52:7B,-47, WPA ,0.000000,0.000000,0.000,0.000,AP
2026-04-03 14:09:59,1900-01-00 00:00:00,1007-wombat,B8:27:EB:7E:52:7B,-47, WPA ,0.000000,0.000000,0.000,0.000,AP
2026-04-03 14:09:59,1900-01-00 00:00:00,1007-wombat,B8:27:EB:7E:52:7B,-62, WPA ,0.000000,0.000000,0.000,0.000,AP
2026-04-03 14:09:59,1900-01-00 00:00:00,1007-wombat,B8:27:EB:7E:52:7B,-62, WPA ,0.000000,0.000000,0.000,0.000,AP
2026-04-03 14:09:59,1900-01-00 00:00:00,1007-wombat,B8:27:EB:7E:52:7B,-62, WPA ,0.000000,0.000000,0.000,0.000,AP
2026-04-03 14:09:59,1900-01-00 00:00:00,1007-wombat,B8:27:EB:7E:52:7B,-62, WPA ,0.000000,0.000000,0.000,0.000,AP
2026-04-03 14:09:59,1900-01-00 00:00:00,1007-wombat,B8:27:EB:7E:52:7B,-62, WPA ,0.000000,0.000000,0.000,0.000,AP
2026-04-03 14:09:59,1900-01-00 00:00:00,1007-wombat,B8:27:EB:7E:52:7B,-62, WPA ,0.000000,0.000000,0.000,0.000,AP
2026-04-03 14:09:59,1900-01-00 00:00:00,1007-wombat,B8:27:EB:7E:52:7B,-62, WPA ,0.000000,0.000000,0.000,0.000,AP
2026-04-03 14:09:59,1900-01-00 00:00:00,1007-wombat,B8:27:EB:7E:52:7B,-62, WPA ,0.000000,0.000000,0.000,0.000,AP
2026-04-03 14:09:59,1900-01-00 00:00:00,1007-wombat,B8:27:EB:7E:52:7B,-62, WPA ,0.000000,0.000000,0.000,0.000,AP
2026-04-03 14:09:59,1900-01-00 00:00:00,1007-wombat,B8:27:EB:7E:52:7B,-62, WPA ,0.000000,0.000000,0.000,0.000,AP
2026-04-03 14:09:59,1900-01-00 00:00:00,1007-wombat,B8:27:EB:7E:52:7B,-62, WPA ,0.000000,0.000000,0.000,0.000,AP
2026-04-03 14:09:59,1900-01-00 00:00:00,1007-wombat,B8:27:EB:7E:52:7B,-62, WPA ,0.000000,0.000000,0.000,0.000,AP
2026-04-03 14:09:59,1900-01-00 00:00:00,1007-wombat,B8:27:EB:7E:52:7B,-62, WPA ,0.000000,0.000000,0.000,0.000,AP
2026-04-03 14:09:59,1900-01-00 00:00:00,1007-wombat,B8:27:EB:7E:52:7B,-58, WPA ,0.000000,0.000000,0.000,0.000,AP
2026-04-03 14:09:59,1900-01-00 00:00:00,1007-wombat,B8:27:EB:7E:52:7B,-58, WPA ,0.000000,0.000000,0.000,0.000,AP
2026-04-03 14:09:59,1900-01-00 00:00:00,1007-wombat,B8:27:EB:7E:52:7B,-58, WPA ,0.000000,0.000000,0.000,0.000,AP
2026-04-03 14:09:59,1900-01-00 00:00:00,1007-wombat,B8:27:EB:7E:52:7B,-58, WPA ,0.000000,0.000000,0.000,0.000,AP
2026-04-03 14:09:59,1900-01-00 00:00:00,1007-wombat,B8:27:EB:7E:52:7B,-58, WPA ,0.000000,0.000000,0.000,0.000,AP
2026-04-03 14:09:59,1900-01-00 00:00:00,1007-wombat,B8:27:EB:7E:52:7B,-58, WPA ,0.000000,0.000000,0.000,0.000,AP
2026-04-03 14:09:59,1900-01-00 00:00:00,1007-wombat,B8:27:EB:7E:52:7B,-58, WPA ,0.000000,0.000000,0.000,0.000,AP
2026-04-03 14:09:59,1900-01-00 00:00:00,1007-wombat,B8:27:EB:7E:52:7B,-58, WPA ,0.000000,0.000000,0.000,0.000,AP
2026-04-03 14:09:59,1900-01-00 00:00:00,1007-wombat,B8:27:EB:7E:52:7B,-58, WPA ,0.000000,0.000000,0.000,0.000,AP
2026-04-03 14:09:59,1900-01-00 00:00:00,1007-wombat,B8:27:EB:7E:52:7B,-58, WPA ,0.000000,0.000000,0.000,0.000,AP
2026-04-03 14:09:59,1900-01-00 00:00:00,1007-wombat,B8:27:EB:7E:52:7B,-58, WPA ,0.000000,0.000000,0.000,0.000,AP
2026-04-03 14:09:59,1900-01-00 00:00:00,1007-wombat,B8:27:EB:7E:52:7B,-58, WPA ,0.000000,0.000000,0.000,0.000,AP
2026-04-03 14:09:59,1900-01-00 00:00:00,1007-wombat,B8:27:EB:7E:52:7B,-58, WPA ,0.000000,0.000000,0.000,0.000,AP
2026-04-03 14:09:59,1900-01-00 00:00:00,1007-wombat,B8:27:EB:7E:52:7B,-58, WPA ,0.000000,0.000000,0.000,0.000,AP
2026-04-03 14:09:59,1900-01-00 00:00:00,1007-wombat,B8:27:EB:7E:52:7B,-58, WPA ,0.000000,0.000000,0.000,0.000,AP
2026-04-03 14:09:59,1900-01-00 00:00:00,1007-wombat,B8:27:EB:7E:52:7B,-60, WPA ,0.000000,0.000000,0.000,0.000,AP
2026-04-03 14:09:59,1900-01-00 00:00:00,1007-wombat,B8:27:EB:7E:52:7B,-42, WPA ,0.000000,0.000000,0.000,0.000,AP
2026-04-03 14:09:59,1900-01-00 00:00:00,1007-wombat,B8:27:EB:7E:52:7B,-60, WPA ,0.000000,0.000000,0.000,0.000,AP
2026-04-03 14:09:59,1900-01-00 00:00:00,1007-wombat,B8:27:EB:7E:52:7B,-60, WPA ,0.000000,0.000000,0.000,0.000,AP
2026-04-03 14:09:59,1900-01-00 00:00:00,1007-wombat,B8:27:EB:7E:52:7B,-61, WPA ,0.000000,0.000000,0.000,0.000,AP
2026-04-03 14:09:59,1900-01-00 00:00:00,1007-wombat,B8:27:EB:7E:52:7B,-61, WPA ,0.000000,0.000000,0.000,0.000,AP
2026-04-03 14:09:59,1900-01-00 00:00:00,1007-wombat,B8:27:EB:7E:52:7B,-61, WPA ,0.000000,0.000000,0.000,0.000,AP
2026-04-03 14:09:59,1900-01-00 00:00:00,1007-wombat,B8:27:EB:7E:52:7B,-61, WPA ,0.000000,0.000000,0.000,0.000,AP
2026-04-03 14:09:59,1900-01-00 00:00:00,1007-wombat,B8:27:EB:7E:52:7B,-61, WPA ,0.000000,0.000000,0.000,0.000,AP
2026-04-03 14:09:59,1900-01-00 00:00:00,1007-wombat,B8:27:EB:7E:52:7B,-61, WPA ,0.000000,0.000000,0.000,0.000,AP
2026-04-03 14:09:59,1900-01-00 00:00:00,1007-wombat,B8:27:EB:7E:52:7B,-61, WPA ,0.000000,0.000000,0.000,0.000,AP
2026-04-03 14:09:59,1900-01-00 00:00:00,1007-wombat,B8:27:EB:7E:52:7B,-61, WPA ,0.000000,0.000000,0.000,0.000,AP
2026-04-03 14:09:59,1900-01-00 00:00:00,1007-wombat,B8:27:EB:7E:52:7B,-61, WPA ,0.000000,0.000000,0.000,0.000,AP
2026-04-03 14:09:59,1900-01-00 00:00:00,1007-wombat,B8:27:EB:7E:52:7B,-53, WPA ,0.000000,0.000000,0.000,0.000,AP
2026-04-03 14:09:59,1900-01-00 00:00:00,1007-wombat,B8:27:EB:7E:52:7B,-53, WPA ,0.000000,0.000000,0.000,0.000,AP
2026-04-03 14:09:59,1900-01-00 00:00:00,1007-wombat,B8:27:EB:7E:52:7B,-53, WPA ,0.000000,0.000000,0.000,0.000,AP
2026-04-03 14:09:59,1900-01-00 00:00:00,1007-wombat,B8:27:EB:7E:52:7B,-53, WPA ,0.000000,0.000000,0.000,0.000,AP
2026-04-03 14:09:59,1900-01-00 00:00:00,1007-wombat,B8:27:EB:7E:52:7B,-53, WPA ,0.000000,0.000000,0.000,0.000,AP
2026-04-03 14:09:59,1900-01-00 00:00:00,1007-wombat,B8:27:EB:7E:52:7B,-53, WPA ,0.000000,0.000000,0.000,0.000,AP
2026-04-03 14:09:59,1900-01-00 00:00:00,1007-wombat,B8:27:EB:7E:52:7B,-53, WPA ,0.000000,0.000000,0.000,0.000,AP
2026-04-03 14:09:59,1900-01-00 00:00:00,1007-wombat,B8:27:EB:7E:52:7B,-53, WPA ,0.000000,0.000000,0.000,0.000,AP
2026-04-03 14:09:59,1900-01-00 00:00:00,1007-wombat,B8:27:EB:7E:52:7B,-53, WPA ,0.000000,0.000000,0.000,0.000,AP
2026-04-03 14:09:59,1900-01-00 00:00:00,1007-wombat,B8:27:EB:7E:52:7B,-53, WPA ,0.000000,0.000000,0.000,0.000,AP
2026-04-03 14:09:59,1900-01-00 00:00:00,1007-wombat,B8:27:EB:7E:52:7B,-62, WPA ,0.000000,0.000000,0.000,0.000,AP
2026-04-03 14:09:59,1900-01-00 00:00:00,1007-wombat,B8:27:EB:7E:52:7B,-62, WPA ,0.000000,0.000000,0.000,0.000,AP
2026-04-03 14:09:59,1900-01-00 00:00:00,1007-wombat,B8:27:EB:7E:52:7B,-62, WPA ,0.000000,0.000000,0.000,0.000,AP
2026-04-03 14:09:59,1900-01-00 00:00:00,1007-wombat,B8:27:EB:7E:52:7B,-62, WPA ,0.000000,0.000000,0.000,0.000,AP
2026-04-03 14:09:59,1900-01-00 00:00:00,1007-wombat,B8:27:EB:7E:52:7B,-62, WPA ,0.000000,0.000000,0.000,0.000,AP
2026-04-03 14:09:59,1900-01-00 00:00:00,1007-wombat,B8:27:EB:7E:52:7B,-62, WPA ,0.000000,0.000000,0.000,0.000,AP
2026-04-03 14:09:59,1900-01-00 00:00:00,1007-wombat,B8:27:EB:7E:52:7B,-62, WPA ,0.000000,0.000000,0.000,0.000,AP
2026-04-03 14:09:59,1900-01-00 00:00:00,1007-wombat,B8:27:EB:7E:52:7B,-62, WPA ,0.000000,0.000000,0.000,0.000,AP
2026-04-03 14:09:59,1900-01-00 00:00:00,1007-wombat,B8:27:EB:7E:52:7B,-62, WPA ,0.000000,0.000000,0.000,0.000,AP
2026-04-03 14:09:59,1900-01-00 00:00:00,1007-wombat,B8:27:EB:7E:52:7B,-42, WPA ,0.000000,0.000000,0.000,0.000,AP
2026-04-03 14:09:59,1900-01-00 00:00:00,1007-wombat,B8:27:EB:7E:52:7B,-42, WPA ,0.000000,0.000000,0.000,0.000,AP
2026-04-03 14:09:59,1900-01-00 00:00:00,1007-wombat,B8:27:EB:7E:52:7B,-57, WPA ,0.000000,0.000000,0.000,0.000,AP
2026-04-03 14:09:59,1900-01-00 00:00:00,1007-wombat,B8:27:EB:7E:52:7B,-57, WPA ,0.000000,0.000000,0.000,0.000,AP
2026-04-03 14:09:59,1900-01-00 00:00:00,1007-wombat,B8:27:EB:7E:52:7B,-58, WPA ,0.000000,0.000000,0.000,0.000,AP
2026-04-03 14:09:59,1900-01-00 00:00:00,1007-wombat,B8:27:EB:7E:52:7B,-58, WPA ,0.000000,0.000000,0.000,0.000,AP
2026-04-03 14:09:59,1900-01-00 00:00:00,1007-wombat,B8:27:EB:7E:52:7B,-59, WPA ,0.000000,0.000000,0.000,0.000,AP
2026-04-03 14:09:59,1900-01-00 00:00:00,1007-wombat,B8:27:EB:7E:52:7B,-59, WPA ,0.000000,0.000000,0.000,0.000,AP
2026-04-03 14:09:59,1900-01-00 00:00:00,1007-wombat,B8:27:EB:7E:52:7B,-59, WPA ,0.000000,0.000000,0.000,0.000,AP
2026-04-03 14:09:59,1900-01-00 00:00:00,1007-wombat,B8:27:EB:7E:52:7B,-59, WPA ,0.000000,0.000000,0.000,0.000,AP
2026-04-03 14:09:59,1900-01-00 00:00:00,1007-wombat,B8:27:EB:7E:52:7B,-59, WPA ,0.000000,0.000000,0.000,0.000,AP
2026-04-03 14:09:59,1900-01-00 00:00:00,1007-wombat,B8:27:EB:7E:52:7B,-59, WPA ,0.000000,0.000000,0.000,0.000,AP
2026-04-03 14:09:59,1900-01-00 00:00:00,1007-wombat,B8:27:EB:7E:52:7B,-59, WPA ,0.000000,0.000000,0.000,0.000,AP
2026-04-03 14:09:59,1900-01-00 00:00:00,1007-wombat,B8:27:EB:7E:52:7B,-59, WPA ,0.000000,0.000000,0.000,0.000,AP
2026-04-03 14:09:59,1900-01-00 00:00:00,1007-wombat,B8:27:EB:7E:52:7B,-59, WPA ,0.000000,0.000000,0.000,0.000,AP
2026-04-03 14:09:59,1900-01-00 00:00:00,1007-wombat,B8:27:EB:7E:52:7B,-59, WPA ,0.000000,0.000000,0.000,0.000,AP
2026-04-03 14:09:59,1900-01-00 00:00:00,1007-wombat,B8:27:EB:7E:52:7B,-59, WPA ,0.000000,0.000000,0.000,0.000,AP
2026-04-03 14:09:59,1900-01-00 00:00:00,1007-wombat,B8:27:EB:7E:52:7B,-60, WPA ,0.000000,0.000000,0.000,0.000,AP
2026-04-03 14:09:59,1900-01-00 00:00:00,1007-wombat,B8:27:EB:7E:52:7B,-63, WPA ,0.000000,0.000000,0.000,0.000,AP
2026-04-03 14:09:59,1900-01-00 00:00:00,1007-wombat,B8:27:EB:7E:52:7B,-59, WPA ,0.000000,0.000000,0.000,0.000,AP
2026-04-03 14:09:59,1900-01-00 00:00:00,1007-wombat,B8:27:EB:7E:52:7B,-59, WPA ,0.000000,0.000000,0.000,0.000,AP
2026-04-03 14:09:59,1900-01-00 00:00:00,1007-wombat,B8:27:EB:7E:52:7B,-59, WPA ,0.000000,0.000000,0.000,0.000,AP
2026-04-03 14:09:59,1900-01-00 00:00:00,1007-wombat,B8:27:EB:7E:52:7B,-59, WPA ,0.000000,0.000000,0.000,0.000,AP
2026-04-03 14:09:59,1900-01-00 00:00:00,1007-wombat,B8:27:EB:7E:52:7B,-59, WPA ,0.000000,0.000000,0.000,0.000,AP
2026-04-03 14:09:59,1900-01-00 00:00:00,1007-wombat,B8:27:EB:7E:52:7B,-59, WPA ,0.000000,0.000000,0.000,0.000,AP
2026-04-03 14:09:59,1900-01-00 00:00:00,1007-wombat,B8:27:EB:7E:52:7B,-59, WPA ,0.000000,0.000000,0.000,0.000,AP
2026-04-03 14:09:59,1900-01-00 00:00:00,1007-wombat,B8:27:EB:7E:52:7B,-59, WPA ,0.000000,0.000000,0.000,0.000,AP
2026-04-03 14:09:59,1900-01-00 00:00:00,1007-wombat,B8:27:EB:7E:52:7B,-59, WPA ,0.000000,0.000000,0.000,0.000,AP
2026-04-03 14:09:59,1900-01-00 00:00:00,1007-wombat,B8:27:EB:7E:52:7B,-59, WPA ,0.000000,0.000000,0.000,0.000,AP
2026-04-03 14:09:59,1900-01-00 00:00:00,1007-wombat,B8:27:EB:7E:52:7B,-59, WPA ,0.000000,0.000000,0.000,0.000,AP
2026-04-03 14:09:59,1900-01-00 00:00:00,1007-wombat,B8:27:EB:7E:52:7B,-60, WPA ,0.000000,0.000000,0.000,0.000,AP
2026-04-03 14:09:59,1900-01-00 00:00:00,1007-wombat,B8:27:EB:7E:52:7B,-42, WPA ,0.000000,0.000000,0.000,0.000,AP
2026-04-03 14:09:59,1900-01-00 00:00:00,1007-wombat,B8:27:EB:7E:52:7B,-42, WPA ,0.000000,0.000000,0.000,0.000,AP
2026-04-03 14:09:59,1900-01-00 00:00:00,1007-wombat,B8:27:EB:7E:52:7B,-42, WPA ,0.000000,0.000000,0.000,0.000,AP
2026-04-03 14:09:59,1900-01-00 00:00:00,1007-wombat,B8:27:EB:7E:52:7B,-42, WPA ,0.000000,0.000000,0.000,0.000,AP
2026-04-03 14:09:59,1900-01-00 00:00:00,1007-wombat,B8:27:EB:7E:52:7B,-62, WPA ,0.000000,0.000000,0.000,0.000,AP
2026-04-03 14:09:59,1900-01-00 00:00:00,1007-wombat,B8:27:EB:7E:52:7B,-62, WPA ,0.000000,0.000000,0.000,0.000,AP
2026-04-03 14:09:59,1900-01-00 00:00:00,1007-wombat,B8:27:EB:7E:52:7B,-62, WPA ,0.000000,0.000000,0.000,0.000,AP
2026-04-03 14:09:59,1900-01-00 00:00:00,1007-wombat,B8:27:EB:7E:52:7B,-62, WPA ,0.000000,0.000000,0.000,0.000,AP
2026-04-03 14:09:59,1900-01-00 00:00:00,1007-wombat,B8:27:EB:7E:52:7B,-62, WPA ,0.000000,0.000000,0.000,0.000,AP
2026-04-03 14:09:59,1900-01-00 00:00:00,1007-wombat,B8:27:EB:7E:52:7B,-62, WPA ,0.000000,0.000000,0.000,0.000,AP
2026-04-03 14:09:59,1900-01-00 00:00:00,1007-wombat,B8:27:EB:7E:52:7B,-62, WPA ,0.000000,0.000000,0.000,0.000,AP
2026-04-03 14:09:59,1900-01-00 00:00:00,1007-wombat,B8:27:EB:7E:52:7B,-62, WPA ,0.000000,0.000000,0.000,0.000,AP
2026-04-03 14:09:59,1900-01-00 00:00:00,1007-wombat,B8:27:EB:7E:52:7B,-62, WPA ,0.000000,0.000000,0.000,0.000,AP
2026-04-03 14:09:59,1900-01-00 00:00:00,1007-wombat,B8:27:EB:7E:52:7B,-62, WPA ,0.000000,0.000000,0.000,0.000,AP
2026-04-03 14:09:59,1900-01-00 00:00:00,1007-wombat,B8:27:EB:7E:52:7B,-62, WPA ,0.000000,0.000000,0.000,0.000,AP
2026-04-03 14:09:59,1900-01-00 00:00:00,1007-wombat,B8:27:EB:7E:52:7B,-62, WPA ,0.000000,0.000000,0.000,0.000,AP
2026-04-03 14:09:59,1900-01-00 00:00:00,1007-wombat,B8:27:EB:7E:52:7B,-62, WPA ,0.000000,0.000000,0.000,0.000,AP
2026-04-03 14:09:59,1900-01-00 00:00:00,1007-wombat,B8:27:EB:7E:52:7B,-62, WPA ,0.000000,0.000000,0.000,0.000,AP
2026-04-03 14:09:59,1900-01-00 00:00:00,1007-wombat,B8:27:EB:7E:52:7B,-62, WPA ,0.000000,0.000000,0.000,0.000,AP
2026-04-03 14:09:59,1900-01-00 00:00:00,1007-wombat,B8:27:EB:7E:52:7B,-62, WPA ,0.000000,0.000000,0.000,0.000,AP
2026-04-03 14:09:59,1900-01-00 00:00:00,1007-wombat,B8:27:EB:7E:52:7B,-61, WPA ,0.000000,0.000000,0.000,0.000,AP
2026-04-03 14:09:59,1900-01-00 00:00:00,1007-wombat,B8:27:EB:7E:52:7B,-61, WPA ,0.000000,0.000000,0.000,0.000,AP
2026-04-03 14:09:59,1900-01-00 00:00:00,1007-wombat,B8:27:EB:7E:52:7B,-61, WPA ,0.000000,0.000000,0.000,0.000,AP
2026-04-03 14:09:59,1900-01-00 00:00:00,1007-wombat,B8:27:EB:7E:52:7B,-61, WPA ,0.000000,0.000000,0.000,0.000,AP
2026-04-03 14:09:59,1900-01-00 00:00:00,1007-wombat,B8:27:EB:7E:52:7B,-61, WPA ,0.000000,0.000000,0.000,0.000,AP
2026-04-03 14:09:59,1900-01-00 00:00:00,1007-wombat,B8:27:EB:7E:52:7B,-61, WPA ,0.000000,0.000000,0.000,0.000,AP
2026-04-03 14:09:59,1900-01-00 00:00:00,1007-wombat,B8:27:EB:7E:52:7B,-61, WPA ,0.000000,0.000000,0.000,0.000,AP
2026-04-03 14:09:59,1900-01-00 00:00:00,1007-wombat,B8:27:EB:7E:52:7B,-61, WPA ,0.000000,0.000000,0.000,0.000,AP
2026-04-03 14:09:59,1900-01-00 00:00:00,1007-wombat,B8:27:EB:7E:52:7B,-50, WPA ,0.000000,0.000000,0.000,0.000,AP
2026-04-03 14:09:59,1900-01-00 00:00:00,1007-wombat,B8:27:EB:7E:52:7B,-50, WPA ,0.000000,0.000000,0.000,0.000,AP
2026-04-03 14:09:59,1900-01-00 00:00:00,1007-wombat,B8:27:EB:7E:52:7B,-50, WPA ,0.000000,0.000000,0.000,0.000,AP
2026-04-03 14:09:59,1900-01-00 00:00:00,1007-wombat,B8:27:EB:7E:52:7B,-50, WPA ,0.000000,0.000000,0.000,0.000,AP
2026-04-03 14:09:59,1900-01-00 00:00:00,1007-wombat,B8:27:EB:7E:52:7B,-50, WPA ,0.000000,0.000000,0.000,0.000,AP
2026-04-03 14:09:59,1900-01-00 00:00:00,1007-wombat,B8:27:EB:7E:52:7B,-50, WPA ,0.000000,0.000000,0.000,0.000,AP
2026-04-03 14:09:59,1900-01-00 00:00:00,1007-wombat,B8:27:EB:7E:52:7B,-59, WPA ,0.000000,0.000000,0.000,0.000,AP
2026-04-03 14:09:59,1900-01-00 00:00:00,1007-wombat,B8:27:EB:7E:52:7B,-59, WPA ,0.000000,0.000000,0.000,0.000,AP
2026-04-03 14:09:59,1900-01-00 00:00:00,1007-wombat,B8:27:EB:7E:52:7B,-59, WPA ,0.000000,0.000000,0.000,0.000,AP
2026-04-03 14:09:59,1900-01-00 00:00:00,1007-wombat,B8:27:EB:7E:52:7B,-59, WPA ,0.000000,0.000000,0.000,0.000,AP
2026-04-03 14:09:59,1900-01-00 00:00:00,1007-wombat,B8:27:EB:7E:52:7B,-59, WPA ,0.000000,0.000000,0.000,0.000,AP
2026-04-03 14:09:59,1900-01-00 00:00:00,1007-wombat,B8:27:EB:7E:52:7B,-59, WPA ,0.000000,0.000000,0.000,0.000,AP
2026-04-03 14:09:59,1900-01-00 00:00:00,1007-wombat,B8:27:EB:7E:52:7B,-59, WPA ,0.000000,0.000000,0.000,0.000,AP
2026-04-03 14:09:59,1900-01-00 00:00:00,1007-wombat,B8:27:EB:7E:52:7B,-59, WPA ,0.000000,0.000000,0.000,0.000,AP
2026-04-03 14:09:59,1900-01-00 00:00:00,1007-wombat,B8:27:EB:7E:52:7B,-59, WPA ,0.000000,0.000000,0.000,0.000,AP
2026-04-03 14:09:59,1900-01-00 00:00:00,1007-wombat,B8:27:EB:7E:52:7B,-59, WPA ,0.000000,0.000000,0.000,0.000,AP
2026-04-03 14:09:59,1900-01-00 00:00:00,1007-wombat,B8:27:EB:7E:52:7B,-59, WPA ,0.000000,0.000000,0.000,0.000,AP
2026-04-03 14:09:59,1900-01-00 00:00:00,1007-wombat,B8:27:EB:7E:52:7B,-59, WPA ,0.000000,0.000000,0.000,0.000,AP
2026-04-03 14:09:59,1900-01-00 00:00:00,1007-wombat,B8:27:EB:7E:52:7B,-59, WPA ,0.000000,0.000000,0.000,0.000,AP
2026-04-03 14:09:59,1900-01-00 00:00:00,1007-wombat,B8:27:EB:7E:52:7B,-59, WPA ,0.000000,0.000000,0.000,0.000,AP
2026-04-03 14:09:59,1900-01-00 00:00:00,1007-wombat,B8:27:EB:7E:52:7B,-59, WPA ,0.000000,0.000000,0.000,0.000,AP
2026-04-03 14:09:59,1900-01-00 00:00:00,1007-wombat,B8:27:EB:7E:52:7B,-40, WPA ,0.000000,0.000000,0.000,0.000,AP
2026-04-03 14:09:59,1900-01-00 00:00:00,1007-wombat,B8:27:EB:7E:52:7B,-41, WPA ,0.000000,0.000000,0.000,0.000,AP
2026-04-03 14:09:59,1900-01-00 00:00:00,1007-wombat,B8:27:EB:7E:52:7B,-41, WPA ,0.000000,0.000000,0.000,0.000,AP
2026-04-03 14:09:59,1900-01-00 00:00:00,1007-wombat,B8:27:EB:7E:52:7B,-41, WPA ,0.000000,0.000000,0.000,0.000,AP
2026-04-03 14:09:59,1900-01-00 00:00:00,1007-wombat,B8:27:EB:7E:52:7B,-41, WPA ,0.000000,0.000000,0.000,0.000,AP
2026-04-03 14:09:59,1900-01-00 00:00:00,1007-wombat,B8:27:EB:7E:52:7B,-41, WPA ,0.000000,0.000000,0.000,0.000,AP
2026-04-03 14:09:59,1900-01-00 00:00:00,1007-wombat,B8:27:EB:7E:52:7B,-41, WPA ,0.000000,0.000000,0.000,0.000,AP
2026-04-03 14:09:59,1900-01-00 00:00:00,1007-wombat,B8:27:EB:7E:52:7B,-41, WPA ,0.000000,0.000000,0.000,0.000,AP
2026-04-03 14:09:59,1900-01-00 00:00:00,1007-wombat,B8:27:EB:7E:52:7B,-41, WPA ,0.000000,0.000000,0.000,0.000,AP
2026-04-03 14:09:59,1900-01-00 00:00:00,1007-wombat,B8:27:EB:7E:52:7B,-41, WPA ,0.000000,0.000000,0.000,0.000,AP
2026-04-03 14:09:59,1900-01-00 00:00:00,1007-wombat,B8:27:EB:7E:52:7B,-41, WPA ,0.000000,0.000000,0.000,0.000,AP
2026-04-03 14:09:59,1900-01-00 00:00:00,1007-wombat,B8:27:EB:7E:52:7B,-41, WPA ,0.000000,0.000000,0.000,0.000,AP
2026-04-03 14:09:59,1900-01-00 00:00:00,1007-wombat,B8:27:EB:7E:52:7B,-41, WPA ,0.000000,0.000000,0.000,0.000,AP
2026-04-03 14:09:59,1900-01-00 00:00:00,1007-wombat,B8:27:EB:7E:52:7B,-41, WPA ,0.000000,0.000000,0.000,0.000,AP
2026-04-03 14:09:59,1900-01-00 00:00:00,1007-wombat,B8:27:EB:7E:52:7B,-41, WPA ,0.000000,0.000000,0.000,0.000,AP
2026-04-03 14:09:59,1900-01-00 00:00:00,1007-wombat,B8:27:EB:7E:52:7B,-41, WPA ,0.000000,0.000000,0.000,0.000,AP
2026-04-03 14:09:59,1900-01-00 00:00:00,1007-wombat,B8:27:EB:7E:52:7B,-41, WPA ,0.000000,0.000000,0.000,0.000,AP
2026-04-03 14:09:59,1900-01-00 00:00:00,1007-wombat,B8:27:EB:7E:52:7B,-41, WPA ,0.000000,0.000000,0.000,0.000,AP
2026-04-03 14:09:59,1900-01-00 00:00:00,1007-wombat,B8:27:EB:7E:52:7B,-41, WPA ,0.000000,0.000000,0.000,0.000,AP
2026-04-03 14:09:59,1900-01-00 00:00:00,1007-wombat,B8:27:EB:7E:52:7B,-41, WPA ,0.000000,0.000000,0.000,0.000,AP
2026-04-03 14:09:59,1900-01-00 00:00:00,1007-wombat,B8:27:EB:7E:52:7B,-59, WPA ,0.000000,0.000000,0.000,0.000,AP
2026-04-03 14:09:59,1900-01-00 00:00:00,1007-wombat,B8:27:EB:7E:52:7B,-59, WPA ,0.000000,0.000000,0.000,0.000,AP
2026-04-03 14:09:59,1900-01-00 00:00:00,1007-wombat,B8:27:EB:7E:52:7B,-59, WPA ,0.000000,0.000000,0.000,0.000,AP
2026-04-03 14:09:59,1900-01-00 00:00:00,1007-wombat,B8:27:EB:7E:52:7B,-59, WPA ,0.000000,0.000000,0.000,0.000,AP
2026-04-03 14:09:59,1900-01-00 00:00:00,1007-wombat,B8:27:EB:7E:52:7B,-59, WPA ,0.000000,0.000000,0.000,0.000,AP
2026-04-03 14:09:59,1900-01-00 00:00:00,1007-wombat,B8:27:EB:7E:52:7B,-59, WPA ,0.000000,0.000000,0.000,0.000,AP
2026-04-03 14:09:59,1900-01-00 00:00:00,1007-wombat,B8:27:EB:7E:52:7B,-59, WPA ,0.000000,0.000000,0.000,0.000,AP
2026-04-03 14:09:59,1900-01-00 00:00:00,1007-wombat,B8:27:EB:7E:52:7B,-59, WPA ,0.000000,0.000000,0.000,0.000,AP
2026-04-03 14:09:59,1900-01-00 00:00:00,1007-wombat,B8:27:EB:7E:52:7B,-59, WPA ,0.000000,0.000000,0.000,0.000,AP
2026-04-03 14:09:59,1900-01-00 00:00:00,1007-wombat,B8:27:EB:7E:52:7B,-59, WPA ,0.000000,0.000000,0.000,0.000,AP
2026-04-03 14:09:59,1900-01-00 00:00:00,1007-wombat,B8:27:EB:7E:52:7B,-59, WPA ,0.000000,0.000000,0.000,0.000,AP
2026-04-03 14:09:59,1900-01-00 00:00:00,1007-wombat,B8:27:EB:7E:52:7B,-59, WPA ,0.000000,0.000000,0.000,0.000,AP
2026-04-03 14:09:59,1900-01-00 00:00:00,1007-wombat,B8:27:EB:7E:52:7B,-59, WPA ,0.000000,0.000000,0.000,0.000,AP
2026-04-03 14:09:59,1900-01-00 00:00:00,1007-wombat,B8:27:EB:7E:52:7B,-51, WPA ,0.000000,0.000000,0.000,0.000,AP
2026-04-03 14:09:59,1900-01-00 00:00:00,1007-wombat,B8:27:EB:7E:52:7B,-58, WPA ,0.000000,0.000000,0.000,0.000,AP
2026-04-03 14:09:59,1900-01-00 00:00:00,1007-wombat,B8:27:EB:7E:52:7B,-58, WPA ,0.000000,0.000000,0.000,0.000,AP
2026-04-03 14:09:59,1900-01-00 00:00:00,1007-wombat,B8:27:EB:7E:52:7B,-58, WPA ,0.000000,0.000000,0.000,0.000,AP
2026-04-03 14:09:59,1900-01-00 00:00:00,1007-wombat,B8:27:EB:7E:52:7B,-58, WPA ,0.000000,0.000000,0.000,0.000,AP
2026-04-03 14:09:59,1900-01-00 00:00:00,1007-wombat,B8:27:EB:7E:52:7B,-58, WPA ,0.000000,0.000000,0.000,0.000,AP
2026-04-03 14:09:59,1900-01-00 00:00:00,1007-wombat,B8:27:EB:7E:52:7B,-58, WPA ,0.000000,0.000000,0.000,0.000,AP
2026-04-03 14:09:59,1900-01-00 00:00:00,1007-wombat,B8:27:EB:7E:52:7B,-58, WPA ,0.000000,0.000000,0.000,0.000,AP
2026-04-03 14:09:59,1900-01-00 00:00:00,1007-wombat,B8:27:EB:7E:52:7B,-58, WPA ,0.000000,0.000000,0.000,0.000,AP
2026-04-03 14:09:59,1900-01-00 00:00:00,1007-wombat,B8:27:EB:7E:52:7B,-58, WPA ,0.000000,0.000000,0.000,0.000,AP
2026-04-03 14:09:59,1900-01-00 00:00:00,1007-wombat,B8:27:EB:7E:52:7B,-58, WPA ,0.000000,0.000000,0.000,0.000,AP
2026-04-03 14:09:59,1900-01-00 00:00:00,1007-wombat,B8:27:EB:7E:52:7B,-58, WPA ,0.000000,0.000000,0.000,0.000,AP
2026-04-03 14:09:59,1900-01-00 00:00:00,1007-wombat,B8:27:EB:7E:52:7B,-58, WPA ,0.000000,0.000000,0.000,0.000,AP
2026-04-03 14:09:59,1900-01-00 00:00:00,1007-wombat,B8:27:EB:7E:52:7B,-58, WPA ,0.000000,0.000000,0.000,0.000,AP
2026-04-03 14:09:59,1900-01-00 00:00:00,1007-wombat,B8:27:EB:7E:52:7B,-58, WPA ,0.000000,0.000000,0.000,0.000,AP
2026-04-03 14:09:59,1900-01-00 00:00:00,1007-wombat,B8:27:EB:7E:52:7B,-59, WPA ,0.000000,0.000000,0.000,0.000,AP
2026-04-03 14:09:59,1900-01-00 00:00:00,1007-wombat,B8:27:EB:7E:52:7B,-59, WPA ,0.000000,0.000000,0.000,0.000,AP
2026-04-03 14:09:59,1900-01-00 00:00:00,1007-wombat,B8:27:EB:7E:52:7B,-41, WPA ,0.000000,0.000000,0.000,0.000,AP
2026-04-03 14:09:59,1900-01-00 00:00:00,1007-wombat,B8:27:EB:7E:52:7B,-41, WPA ,0.000000,0.000000,0.000,0.000,AP
2026-04-03 14:09:59,1900-01-00 00:00:00,1007-wombat,B8:27:EB:7E:52:7B,-41, WPA ,0.000000,0.000000,0.000,0.000,AP
2026-04-03 14:09:59,1900-01-00 00:00:00,1007-wombat,B8:27:EB:7E:52:7B,-62, WPA ,0.000000,0.000000,0.000,0.000,AP
2026-04-03 14:09:59,1900-01-00 00:00:00,1007-wombat,B8:27:EB:7E:52:7B,-62, WPA ,0.000000,0.000000,0.000,0.000,AP
2026-04-03 14:09:59,1900-01-00 00:00:00,1007-wombat,B8:27:EB:7E:52:7B,-62, WPA ,0.000000,0.000000,0.000,0.000,AP
2026-04-03 14:09:59,1900-01-00 00:00:00,1007-wombat,B8:27:EB:7E:52:7B,-62, WPA ,0.000000,0.000000,0.000,0.000,AP
2026-04-03 14:09:59,1900-01-00 00:00:00,1007-wombat,B8:27:EB:7E:52:7B,-62, WPA ,0.000000,0.000000,0.000,0.000,AP
2026-04-03 14:09:59,1900-01-00 00:00:00,1007-wombat,B8:27:EB:7E:52:7B,-62, WPA ,0.000000,0.000000,0.000,0.000,AP
2026-04-03 14:09:59,1900-01-00 00:00:00,1007-wombat,B8:27:EB:7E:52:7B,-62, WPA ,0.000000,0.000000,0.000,0.000,AP
2026-04-03 14:09:59,1900-01-00 00:00:00,1007-wombat,B8:27:EB:7E:52:7B,-62, WPA ,0.000000,0.000000,0.000,0.000,AP
2026-04-03 14:09:59,1900-01-00 00:00:00,1007-wombat,B8:27:EB:7E:52:7B,-62, WPA ,0.000000,0.000000,0.000,0.000,AP
2026-04-03 14:09:59,1900-01-00 00:00:00,1007-wombat,B8:27:EB:7E:52:7B,-51, WPA ,0.000000,0.000000,0.000,0.000,AP
2026-04-03 14:09:59,1900-01-00 00:00:00,1007-wombat,B8:27:EB:7E:52:7B,-51, WPA ,0.000000,0.000000,0.000,0.000,AP
2026-04-03 14:09:59,1900-01-00 00:00:00,1007-wombat,B8:27:EB:7E:52:7B,-51, WPA ,0.000000,0.000000,0.000,0.000,AP
2026-04-03 14:09:59,1900-01-00 00:00:00,1007-wombat,B8:27:EB:7E:52:7B,-51, WPA ,0.000000,0.000000,0.000,0.000,AP
2026-04-03 14:09:59,1900-01-00 00:00:00,1007-wombat,B8:27:EB:7E:52:7B,-51, WPA ,0.000000,0.000000,0.000,0.000,AP
2026-04-03 14:10:00,1900-01-00 00:00:00,1007-wombat,B8:27:EB:7E:52:7B,-63, WPA ,0.000000,0.000000,0.000,0.000,AP
2026-04-03 14:10:00,1900-01-00 00:00:00,1007-wombat,B8:27:EB:7E:52:7B,-63, WPA ,0.000000,0.000000,0.000,0.000,AP
2026-04-03 14:10:00,1900-01-00 00:00:00,1007-wombat,B8:27:EB:7E:52:7B,-63, WPA ,0.000000,0.000000,0.000,0.000,AP
2026-04-03 14:10:00,1900-01-00 00:00:00,1007-wombat,B8:27:EB:7E:52:7B,-63, WPA ,0.000000,0.000000,0.000,0.000,AP
2026-04-03 14:10:00,1900-01-00 00:00:00,1007-wombat,B8:27:EB:7E:52:7B,-63, WPA ,0.000000,0.000000,0.000,0.000,AP
2026-04-03 14:10:00,1900-01-00 00:00:00,1007-wombat,B8:27:EB:7E:52:7B,-63, WPA ,0.000000,0.000000,0.000,0.000,AP
2026-04-03 14:10:00,1900-01-00 00:00:00,1007-wombat,B8:27:EB:7E:52:7B,-63, WPA ,0.000000,0.000000,0.000,0.000,AP
2026-04-03 14:10:00,1900-01-00 00:00:00,1007-wombat,B8:27:EB:7E:52:7B,-63, WPA ,0.000000,0.000000,0.000,0.000,AP
2026-04-03 14:10:00,1900-01-00 00:00:00,1007-wombat,B8:27:EB:7E:52:7B,-63, WPA ,0.000000,0.000000,0.000,0.000,AP
2026-04-03 14:10:00,1900-01-00 00:00:00,1007-wombat,B8:27:EB:7E:52:7B,-63, WPA ,0.000000,0.000000,0.000,0.000,AP
2026-04-03 14:10:00,1900-01-00 00:00:00,1007-wombat,B8:27:EB:7E:52:7B,-63, WPA ,0.000000,0.000000,0.000,0.000,AP
2026-04-03 14:10:00,1900-01-00 00:00:00,1007-wombat,B8:27:EB:7E:52:7B,-63, WPA ,0.000000,0.000000,0.000,0.000,AP
2026-04-03 14:10:00,1900-01-00 00:00:00,1007-wombat,B8:27:EB:7E:52:7B,-63, WPA ,0.000000,0.000000,0.000,0.000,AP
2026-04-03 14:10:00,1900-01-00 00:00:00,1007-wombat,B8:27:EB:7E:52:7B,-63, WPA ,0.000000,0.000000,0.000,0.000,AP
2026-04-03 14:10:00,1900-01-00 00:00:00,1007-wombat,B8:27:EB:7E:52:7B,-61, WPA ,0.000000,0.000000,0.000,0.000,AP
2026-04-03 14:10:00,1900-01-00 00:00:00,1007-wombat,B8:27:EB:7E:52:7B,-61, WPA ,0.000000,0.000000,0.000,0.000,AP
2026-04-03 14:10:00,1900-01-00 00:00:00,1007-wombat,B8:27:EB:7E:52:7B,-61, WPA ,0.000000,0.000000,0.000,0.000,AP
2026-04-03 14:10:00,1900-01-00 00:00:00,1007-wombat,B8:27:EB:7E:52:7B,-61, WPA ,0.000000,0.000000,0.000,0.000,AP
2026-04-03 14:10:00,1900-01-00 00:00:00,1007-wombat,B8:27:EB:7E:52:7B,-61, WPA ,0.000000,0.000000,0.000,0.000,AP
2026-04-03 14:10:00,1900-01-00 00:00:00,1007-wombat,B8:27:EB:7E:52:7B,-61, WPA ,0.000000,0.000000,0.000,0.000,AP
2026-04-03 14:10:00,1900-01-00 00:00:00,1007-wombat,B8:27:EB:7E:52:7B,-61, WPA ,0.000000,0.000000,0.000,0.000,AP
2026-04-03 14:10:00,1900-01-00 00:00:00,1007-wombat,B8:27:EB:7E:52:7B,-61, WPA ,0.000000,0.000000,0.000,0.000,AP
2026-04-03 14:10:00,1900-01-00 00:00:00,1007-wombat,B8:27:EB:7E:52:7B,-61, WPA ,0.000000,0.000000,0.000,0.000,AP
2026-04-03 14:10:00,1900-01-00 00:00:00,1007-wombat,B8:27:EB:7E:52:7B,-61, WPA ,0.000000,0.000000,0.000,0.000,AP
2026-04-03 14:10:00,1900-01-00 00:00:00,1007-wombat,B8:27:EB:7E:52:7B,-61, WPA ,0.000000,0.000000,0.000,0.000,AP
2026-04-03 14:10:00,1900-01-00 00:00:00,1007-wombat,B8:27:EB:7E:52:7B,-61, WPA ,0.000000,0.000000,0.000,0.000,AP
2026-04-03 14:10:00,1900-01-00 00:00:00,1007-wombat,B8:27:EB:7E:52:7B,-61, WPA ,0.000000,0.000000,0.000,0.000,AP
2026-04-03 14:10:00,1900-01-00 00:00:00,1007-wombat,B8:27:EB:7E:52:7B,-61, WPA ,0.000000,0.000000,0.000,0.000,AP
2026-04-03 14:10:00,1900-01-00 00:00:00,1007-wombat,B8:27:EB:7E:52:7B,-58, WPA ,0.000000,0.000000,0.000,0.000,AP
2026-04-03 14:10:00,1900-01-00 00:00:00,1007-wombat,B8:27:EB:7E:52:7B,-57, WPA ,0.000000,0.000000,0.000,0.000,AP
2026-04-03 14:10:00,1900-01-00 00:00:00,1007-wombat,B8:27:EB:7E:52:7B,-57, WPA ,0.000000,0.000000,0.000,0.000,AP
2026-04-03 14:10:00,1900-01-00 00:00:00,1007-wombat,B8:27:EB:7E:52:7B,-57, WPA ,0.000000,0.000000,0.000,0.000,AP
2026-04-03 14:10:00,1900-01-00 00:00:00,1007-wombat,B8:27:EB:7E:52:7B,-57, WPA ,0.000000,0.000000,0.000,0.000,AP
2026-04-03 14:10:00,1900-01-00 00:00:00,1007-wombat,B8:27:EB:7E:52:7B,-57, WPA ,0.000000,0.000000,0.000,0.000,AP
2026-04-03 14:10:00,1900-01-00 00:00:00,1007-wombat,B8:27:EB:7E:52:7B,-57, WPA ,0.000000,0.000000,0.000,0.000,AP
2026-04-03 14:10:00,1900-01-00 00:00:00,1007-wombat,B8:27:EB:7E:52:7B,-57, WPA ,0.000000,0.000000,0.000,0.000,AP
2026-04-03 14:10:00,1900-01-00 00:00:00,1007-wombat,B8:27:EB:7E:52:7B,-57, WPA ,0.000000,0.000000,0.000,0.000,AP
2026-04-03 14:10:00,1900-01-00 00:00:00,1007-wombat,B8:27:EB:7E:52:7B,-57, WPA ,0.000000,0.000000,0.000,0.000,AP
2026-04-03 14:10:00,1900-01-00 00:00:00,1007-wombat,B8:27:EB:7E:52:7B,-57, WPA ,0.000000,0.000000,0.000,0.000,AP
2026-04-03 14:10:00,1900-01-00 00:00:00,1007-wombat,B8:27:EB:7E:52:7B,-57, WPA ,0.000000,0.000000,0.000,0.000,AP
2026-04-03 14:10:00,1900-01-00 00:00:00,1007-wombat,B8:27:EB:7E:52:7B,-57, WPA ,0.000000,0.000000,0.000,0.000,AP
2026-04-03 14:10:00,1900-01-00 00:00:00,1007-wombat,B8:27:EB:7E:52:7B,-57, WPA ,0.000000,0.000000,0.000,0.000,AP
2026-04-03 14:10:00,1900-01-00 00:00:00,1007-wombat,B8:27:EB:7E:52:7B,-59, WPA ,0.000000,0.000000,0.000,0.000,AP
2026-04-03 14:10:00,1900-01-00 00:00:00,1007-wombat,B8:27:EB:7E:52:7B,-59, WPA ,0.000000,0.000000,0.000,0.000,AP
2026-04-03 14:10:00,1900-01-00 00:00:00,1007-wombat,B8:27:EB:7E:52:7B,-41, WPA ,0.000000,0.000000,0.000,0.000,AP
2026-04-03 14:10:00,1900-01-00 00:00:00,1007-wombat,B8:27:EB:7E:52:7B,-50, WPA ,0.000000,0.000000,0.000,0.000,AP
2026-04-03 14:10:00,1900-01-00 00:00:00,1007-wombat,B8:27:EB:7E:52:7B,-50, WPA ,0.000000,0.000000,0.000,0.000,AP
2026-04-03 14:10:00,1900-01-00 00:00:00,1007-wombat,B8:27:EB:7E:52:7B,-61, WPA ,0.000000,0.000000,0.000,0.000,AP
2026-04-03 14:10:00,1900-01-00 00:00:00,1007-wombat,B8:27:EB:7E:52:7B,-61, WPA ,0.000000,0.000000,0.000,0.000,AP
2026-04-03 14:10:00,1900-01-00 00:00:00,1007-wombat,B8:27:EB:7E:52:7B,-61, WPA ,0.000000,0.000000,0.000,0.000,AP
2026-04-03 14:10:00,1900-01-00 00:00:00,1007-wombat,B8:27:EB:7E:52:7B,-61, WPA ,0.000000,0.000000,0.000,0.000,AP
2026-04-03 14:10:00,1900-01-00 00:00:00,1007-wombat,B8:27:EB:7E:52:7B,-61, WPA ,0.000000,0.000000,0.000,0.000,AP
2026-04-03 14:10:00,1900-01-00 00:00:00,1007-wombat,B8:27:EB:7E:52:7B,-61, WPA ,0.000000,0.000000,0.000,0.000,AP
2026-04-03 14:10:00,1900-01-00 00:00:00,1007-wombat,B8:27:EB:7E:52:7B,-61, WPA ,0.000000,0.000000,0.000,0.000,AP
2026-04-03 14:10:00,1900-01-00 00:00:00,1007-wombat,B8:27:EB:7E:52:7B,-61, WPA ,0.000000,0.000000,0.000,0.000,AP
2026-04-03 14:10:00,1900-01-00 00:00:00,1007-wombat,B8:27:EB:7E:52:7B,-61, WPA ,0.000000,0.000000,0.000,0.000,AP
2026-04-03 14:10:00,1900-01-00 00:00:00,1007-wombat,B8:27:EB:7E:52:7B,-61, WPA ,0.000000,0.000000,0.000,0.000,AP
2026-04-03 14:10:00,1900-01-00 00:00:00,1007-wombat,B8:27:EB:7E:52:7B,-61, WPA ,0.000000,0.000000,0.000,0.000,AP
2026-04-03 14:10:00,1900-01-00 00:00:00,1007-wombat,B8:27:EB:7E:52:7B,-61, WPA ,0.000000,0.000000,0.000,0.000,AP
2026-04-03 14:10:00,1900-01-00 00:00:00,1007-wombat,B8:27:EB:7E:52:7B,-61, WPA ,0.000000,0.000000,0.000,0.000,AP
2026-04-03 14:10:00,1900-01-00 00:00:00,1007-wombat,B8:27:EB:7E:52:7B,-61, WPA ,0.000000,0.000000,0.000,0.000,AP
2026-04-03 14:10:00,1900-01-00 00:00:00,1007-wombat,B8:27:EB:7E:52:7B,-61, WPA ,0.000000,0.000000,0.000,0.000,AP
2026-04-03 14:10:00,1900-01-00 00:00:00,1007-wombat,B8:27:EB:7E:52:7B,-61, WPA ,0.000000,0.000000,0.000,0.000,AP
2026-04-03 14:10:00,1900-01-00 00:00:00,1007-wombat,B8:27:EB:7E:52:7B,-62, WPA ,0.000000,0.000000,0.000,0.000,AP
2026-04-03 14:10:00,1900-01-00 00:00:00,1007-wombat,B8:27:EB:7E:52:7B,-62, WPA ,0.000000,0.000000,0.000,0.000,AP
2026-04-03 14:10:00,1900-01-00 00:00:00,1007-wombat,B8:27:EB:7E:52:7B,-62, WPA ,0.000000,0.000000,0.000,0.000,AP
2026-04-03 14:10:00,1900-01-00 00:00:00,1007-wombat,B8:27:EB:7E:52:7B,-62, WPA ,0.000000,0.000000,0.000,0.000,AP
2026-04-03 14:10:00,1900-01-00 00:00:00,1007-wombat,B8:27:EB:7E:52:7B,-62, WPA ,0.000000,0.000000,0.000,0.000,AP
2026-04-03 14:10:00,1900-01-00 00:00:00,1007-wombat,B8:27:EB:7E:52:7B,-62, WPA ,0.000000,0.000000,0.000,0.000,AP
2026-04-03 14:10:00,1900-01-00 00:00:00,1007-wombat,B8:27:EB:7E:52:7B,-62, WPA ,0.000000,0.000000,0.000,0.000,AP
2026-04-03 14:10:00,1900-01-00 00:00:00,1007-wombat,B8:27:EB:7E:52:7B,-62, WPA ,0.000000,0.000000,0.000,0.000,AP
2026-04-03 14:10:00,1900-01-00 00:00:00,1007-wombat,B8:27:EB:7E:52:7B,-62, WPA ,0.000000,0.000000,0.000,0.000,AP
2026-04-03 14:10:00,1900-01-00 00:00:00,1007-wombat,B8:27:EB:7E:52:7B,-62, WPA ,0.000000,0.000000,0.000,0.000,AP
2026-04-03 14:10:00,1900-01-00 00:00:00,1007-wombat,B8:27:EB:7E:52:7B,-62, WPA ,0.000000,0.000000,0.000,0.000,AP
2026-04-03 14:10:00,1900-01-00 00:00:00,1007-wombat,B8:27:EB:7E:52:7B,-62, WPA ,0.000000,0.000000,0.000,0.000,AP
2026-04-03 14:10:00,1900-01-00 00:00:00,1007-wombat,B8:27:EB:7E:52:7B,-62, WPA ,0.000000,0.000000,0.000,0.000,AP
2026-04-03 14:10:00,1900-01-00 00:00:00,1007-wombat,B8:27:EB:7E:52:7B,-62, WPA ,0.000000,0.000000,0.000,0.000,AP
2026-04-03 14:10:00,1900-01-00 00:00:00,1007-wombat,B8:27:EB:7E:52:7B,-56, WPA ,0.000000,0.000000,0.000,0.000,AP
2026-04-03 14:10:00,1900-01-00 00:00:00,1007-wombat,B8:27:EB:7E:52:7B,-58, WPA ,0.000000,0.000000,0.000,0.000,AP
2026-04-03 14:10:00,1900-01-00 00:00:00,1007-wombat,B8:27:EB:7E:52:7B,-58, WPA ,0.000000,0.000000,0.000,0.000,AP
2026-04-03 14:10:00,1900-01-00 00:00:00,1007-wombat,B8:27:EB:7E:52:7B,-58, WPA ,0.000000,0.000000,0.000,0.000,AP
2026-04-03 14:10:00,1900-01-00 00:00:00,1007-wombat,B8:27:EB:7E:52:7B,-58, WPA ,0.000000,0.000000,0.000,0.000,AP
2026-04-03 14:10:00,1900-01-00 00:00:00,1007-wombat,B8:27:EB:7E:52:7B,-58, WPA ,0.000000,0.000000,0.000,0.000,AP
2026-04-03 14:10:00,1900-01-00 00:00:00,1007-wombat,B8:27:EB:7E:52:7B,-58, WPA ,0.000000,0.000000,0.000,0.000,AP
2026-04-03 14:10:00,1900-01-00 00:00:00,1007-wombat,B8:27:EB:7E:52:7B,-58, WPA ,0.000000,0.000000,0.000,0.000,AP
2026-04-03 14:10:00,1900-01-00 00:00:00,1007-wombat,B8:27:EB:7E:52:7B,-58, WPA ,0.000000,0.000000,0.000,0.000,AP
2026-04-03 14:10:00,1900-01-00 00:00:00,1007-wombat,B8:27:EB:7E:52:7B,-58, WPA ,0.000000,0.000000,0.000,0.000,AP
2026-04-03 14:10:00,1900-01-00 00:00:00,1007-wombat,B8:27:EB:7E:52:7B,-58, WPA ,0.000000,0.000000,0.000,0.000,AP
2026-04-03 14:10:00,1900-01-00 00:00:00,1007-wombat,B8:27:EB:7E:52:7B,-58, WPA ,0.000000,0.000000,0.000,0.000,AP
2026-04-03 14:10:00,1900-01-00 00:00:00,1007-wombat,B8:27:EB:7E:52:7B,-58, WPA ,0.000000,0.000000,0.000,0.000,AP
2026-04-03 14:10:00,1900-01-00 00:00:00,1007-wombat,B8:27:EB:7E:52:7B,-58, WPA ,0.000000,0.000000,0.000,0.000,AP
2026-04-03 14:10:00,1900-01-00 00:00:00,1007-wombat,B8:27:EB:7E:52:7B,-60, WPA ,0.000000,0.000000,0.000,0.000,AP
2026-04-03 14:10:00,1900-01-00 00:00:00,1007-wombat,B8:27:EB:7E:52:7B,-60, WPA ,0.000000,0.000000,0.000,0.000,AP
2026-04-03 14:10:00,1900-01-00 00:00:00,1007-wombat,B8:27:EB:7E:52:7B,-40, WPA ,0.000000,0.000000,0.000,0.000,AP
2026-04-03 14:10:00,1900-01-00 00:00:00,1007-wombat,B8:27:EB:7E:52:7B,-40, WPA ,0.000000,0.000000,0.000,0.000,AP
2026-04-03 14:10:00,1900-01-00 00:00:00,1007-wombat,B8:27:EB:7E:52:7B,-40, WPA ,0.000000,0.000000,0.000,0.000,AP
2026-04-03 14:10:00,1900-01-00 00:00:00,1007-wombat,B8:27:EB:7E:52:7B,-62, WPA ,0.000000,0.000000,0.000,0.000,AP
2026-04-03 14:10:00,1900-01-00 00:00:00,1007-wombat,B8:27:EB:7E:52:7B,-62, WPA ,0.000000,0.000000,0.000,0.000,AP
2026-04-03 14:10:00,1900-01-00 00:00:00,1007-wombat,B8:27:EB:7E:52:7B,-62, WPA ,0.000000,0.000000,0.000,0.000,AP
2026-04-03 14:10:00,1900-01-00 00:00:00,1007-wombat,B8:27:EB:7E:52:7B,-50, WPA ,0.000000,0.000000,0.000,0.000,AP
2026-04-03 14:10:00,1900-01-00 00:00:00,1007-wombat,B8:27:EB:7E:52:7B,-50, WPA ,0.000000,0.000000,0.000,0.000,AP
2026-04-03 14:10:00,1900-01-00 00:00:00,1007-wombat,B8:27:EB:7E:52:7B,-50, WPA ,0.000000,0.000000,0.000,0.000,AP
2026-04-03 14:10:00,1900-01-00 00:00:00,1007-wombat,B8:27:EB:7E:52:7B,-50, WPA ,0.000000,0.000000,0.000,0.000,AP
2026-04-03 14:10:00,1900-01-00 00:00:00,1007-wombat,B8:27:EB:7E:52:7B,-50, WPA ,0.000000,0.000000,0.000,0.000,AP
2026-04-03 14:10:00,1900-01-00 00:00:00,1007-wombat,B8:27:EB:7E:52:7B,-50, WPA ,0.000000,0.000000,0.000,0.000,AP
2026-04-03 14:10:00,1900-01-00 00:00:00,1007-wombat,B8:27:EB:7E:52:7B,-50, WPA ,0.000000,0.000000,0.000,0.000,AP
2026-04-03 14:10:00,1900-01-00 00:00:00,1007-wombat,B8:27:EB:7E:52:7B,-50, WPA ,0.000000,0.000000,0.000,0.000,AP
2026-04-03 14:10:00,1900-01-00 00:00:00,1007-wombat,B8:27:EB:7E:52:7B,-50, WPA ,0.000000,0.000000,0.000,0.000,AP
2026-04-03 14:10:00,1900-01-00 00:00:00,1007-wombat,B8:27:EB:7E:52:7B,-50, WPA ,0.000000,0.000000,0.000,0.000,AP
2026-04-03 14:10:00,1900-01-00 00:00:00,1007-wombat,B8:27:EB:7E:52:7B,-50, WPA ,0.000000,0.000000,0.000,0.000,AP
2026-04-03 14:10:00,1900-01-00 00:00:00,1007-wombat,B8:27:EB:7E:52:7B,-50, WPA ,0.000000,0.000000,0.000,0.000,AP
2026-04-03 14:10:00,1900-01-00 00:00:00,1007-wombat,B8:27:EB:7E:52:7B,-50, WPA ,0.000000,0.000000,0.000,0.000,AP
2026-04-03 14:10:00,1900-01-00 00:00:00,1007-wombat,B8:27:EB:7E:52:7B,-50, WPA ,0.000000,0.000000,0.000,0.000,AP
2026-04-03 14:10:00,1900-01-00 00:00:00,1007-wombat,B8:27:EB:7E:52:7B,-62, WPA ,0.000000,0.000000,0.000,0.000,AP
2026-04-03 14:10:00,1900-01-00 00:00:00,1007-wombat,B8:27:EB:7E:52:7B,-62, WPA ,0.000000,0.000000,0.000,0.000,AP
2026-04-03 14:10:00,1900-01-00 00:00:00,1007-wombat,B8:27:EB:7E:52:7B,-62, WPA ,0.000000,0.000000,0.000,0.000,AP
2026-04-03 14:10:00,1900-01-00 00:00:00,1007-wombat,B8:27:EB:7E:52:7B,-62, WPA ,0.000000,0.000000,0.000,0.000,AP
2026-04-03 14:10:00,1900-01-00 00:00:00,1007-wombat,B8:27:EB:7E:52:7B,-62, WPA ,0.000000,0.000000,0.000,0.000,AP
2026-04-03 14:10:00,1900-01-00 00:00:00,1007-wombat,B8:27:EB:7E:52:7B,-62, WPA ,0.000000,0.000000,0.000,0.000,AP
2026-04-03 14:10:00,1900-01-00 00:00:00,1007-wombat,B8:27:EB:7E:52:7B,-62, WPA ,0.000000,0.000000,0.000,0.000,AP
2026-04-03 14:10:00,1900-01-00 00:00:00,1007-wombat,B8:27:EB:7E:52:7B,-62, WPA ,0.000000,0.000000,0.000,0.000,AP
2026-04-03 14:10:00,1900-01-00 00:00:00,1007-wombat,B8:27:EB:7E:52:7B,-62, WPA ,0.000000,0.000000,0.000,0.000,AP
2026-04-03 14:10:00,1900-01-00 00:00:00,1007-wombat,B8:27:EB:7E:52:7B,-62, WPA ,0.000000,0.000000,0.000,0.000,AP
2026-04-03 14:10:00,1900-01-00 00:00:00,1007-wombat,B8:27:EB:7E:52:7B,-62, WPA ,0.000000,0.000000,0.000,0.000,AP
2026-04-03 14:10:00,1900-01-00 00:00:00,1007-wombat,B8:27:EB:7E:52:7B,-62, WPA ,0.000000,0.000000,0.000,0.000,AP
2026-04-03 14:10:00,1900-01-00 00:00:00,1007-wombat,B8:27:EB:7E:52:7B,-62, WPA ,0.000000,0.000000,0.000,0.000,AP
2026-04-03 14:10:00,1900-01-00 00:00:00,1007-wombat,B8:27:EB:7E:52:7B,-62, WPA ,0.000000,0.000000,0.000,0.000,AP
2026-04-03 14:10:00,1900-01-00 00:00:00,1007-wombat,B8:27:EB:7E:52:7B,-57, WPA ,0.000000,0.000000,0.000,0.000,AP
2026-04-03 14:10:00,1900-01-00 00:00:00,1007-wombat,B8:27:EB:7E:52:7B,-64, WPA ,0.000000,0.000000,0.000,0.000,AP
2026-04-03 14:10:00,1900-01-00 00:00:00,1007-wombat,B8:27:EB:7E:52:7B,-63, WPA ,0.000000,0.000000,0.000,0.000,AP
2026-04-03 14:10:00,1900-01-00 00:00:00,1007-wombat,B8:27:EB:7E:52:7B,-63, WPA ,0.000000,0.000000,0.000,0.000,AP
2026-04-03 14:10:00,1900-01-00 00:00:00,1007-wombat,B8:27:EB:7E:52:7B,-63, WPA ,0.000000,0.000000,0.000,0.000,AP
2026-04-03 14:10:00,1900-01-00 00:00:00,1007-wombat,B8:27:EB:7E:52:7B,-63, WPA ,0.000000,0.000000,0.000,0.000,AP
2026-04-03 14:10:00,1900-01-00 00:00:00,1007-wombat,B8:27:EB:7E:52:7B,-63, WPA ,0.000000,0.000000,0.000,0.000,AP
2026-04-03 14:10:00,1900-01-00 00:00:00,1007-wombat,B8:27:EB:7E:52:7B,-63, WPA ,0.000000,0.000000,0.000,0.000,AP
2026-04-03 14:10:00,1900-01-00 00:00:00,1007-wombat,B8:27:EB:7E:52:7B,-63, WPA ,0.000000,0.000000,0.000,0.000,AP
2026-04-03 14:10:00,1900-01-00 00:00:00,1007-wombat,B8:27:EB:7E:52:7B,-63, WPA ,0.000000,0.000000,0.000,0.000,AP
2026-04-03 14:10:00,1900-01-00 00:00:00,1007-wombat,B8:27:EB:7E:52:7B,-63, WPA ,0.000000,0.000000,0.000,0.000,AP
2026-04-03 14:10:00,1900-01-00 00:00:00,1007-wombat,B8:27:EB:7E:52:7B,-63, WPA ,0.000000,0.000000,0.000,0.000,AP
2026-04-03 14:10:00,1900-01-00 00:00:00,1007-wombat,B8:27:EB:7E:52:7B,-63, WPA ,0.000000,0.000000,0.000,0.000,AP
2026-04-03 14:10:00,1900-01-00 00:00:00,1007-wombat,B8:27:EB:7E:52:7B,-57, WPA ,0.000000,0.000000,0.000,0.000,AP
2026-04-03 14:10:00,1900-01-00 00:00:00,1007-wombat,B8:27:EB:7E:52:7B,-57, WPA ,0.000000,0.000000,0.000,0.000,AP
2026-04-03 14:10:00,1900-01-00 00:00:00,1007-wombat,B8:27:EB:7E:52:7B,-57, WPA ,0.000000,0.000000,0.000,0.000,AP
2026-04-03 14:10:00,1900-01-00 00:00:00,1007-wombat,B8:27:EB:7E:52:7B,-57, WPA ,0.000000,0.000000,0.000,0.000,AP
2026-04-03 14:10:00,1900-01-00 00:00:00,1007-wombat,B8:27:EB:7E:52:7B,-57, WPA ,0.000000,0.000000,0.000,0.000,AP
2026-04-03 14:10:00,1900-01-00 00:00:00,1007-wombat,B8:27:EB:7E:52:7B,-57, WPA ,0.000000,0.000000,0.000,0.000,AP
2026-04-03 14:10:00,1900-01-00 00:00:00,1007-wombat,B8:27:EB:7E:52:7B,-57, WPA ,0.000000,0.000000,0.000,0.000,AP
2026-04-03 14:10:00,1900-01-00 00:00:00,1007-wombat,B8:27:EB:7E:52:7B,-57, WPA ,0.000000,0.000000,0.000,0.000,AP
2026-04-03 14:10:00,1900-01-00 00:00:00,1007-wombat,B8:27:EB:7E:52:7B,-57, WPA ,0.000000,0.000000,0.000,0.000,AP
2026-04-03 14:10:00,1900-01-00 00:00:00,1007-wombat,B8:27:EB:7E:52:7B,-57, WPA ,0.000000,0.000000,0.000,0.000,AP
2026-04-03 14:10:00,1900-01-00 00:00:00,1007-wombat,B8:27:EB:7E:52:7B,-57, WPA ,0.000000,0.000000,0.000,0.000,AP
2026-04-03 14:10:00,1900-01-00 00:00:00,1007-wombat,B8:27:EB:7E:52:7B,-57, WPA ,0.000000,0.000000,0.000,0.000,AP
2026-04-03 14:10:00,1900-01-00 00:00:00,1007-wombat,B8:27:EB:7E:52:7B,-57, WPA ,0.000000,0.000000,0.000,0.000,AP
2026-04-03 14:10:00,1900-01-00 00:00:00,1007-wombat,B8:27:EB:7E:52:7B,-57, WPA ,0.000000,0.000000,0.000,0.000,AP
2026-04-03 14:10:00,1900-01-00 00:00:00,1007-wombat,B8:27:EB:7E:52:7B,-59, WPA ,0.000000,0.000000,0.000,0.000,AP
2026-04-03 14:10:00,1900-01-00 00:00:00,1007-wombat,B8:27:EB:7E:52:7B,-41, WPA ,0.000000,0.000000,0.000,0.000,AP
2026-04-03 14:10:00,1900-01-00 00:00:00,1007-wombat,B8:27:EB:7E:52:7B,-41, WPA ,0.000000,0.000000,0.000,0.000,AP
2026-04-03 14:10:00,1900-01-00 00:00:00,1007-wombat,B8:27:EB:7E:52:7B,-41, WPA ,0.000000,0.000000,0.000,0.000,AP
2026-04-03 14:10:00,1900-01-00 00:00:00,1007-wombat,B8:27:EB:7E:52:7B,-41, WPA ,0.000000,0.000000,0.000,0.000,AP
2026-04-03 14:10:00,1900-01-00 00:00:00,1007-wombat,B8:27:EB:7E:52:7B,-62, WPA ,0.000000,0.000000,0.000,0.000,AP
2026-04-03 14:10:00,1900-01-00 00:00:00,1007-wombat,B8:27:EB:7E:52:7B,-62, WPA ,0.000000,0.000000,0.000,0.000,AP
2026-04-03 14:10:00,1900-01-00 00:00:00,1007-wombat,B8:27:EB:7E:52:7B,-62, WPA ,0.000000,0.000000,0.000,0.000,AP
2026-04-03 14:10:00,1900-01-00 00:00:00,1007-wombat,B8:27:EB:7E:52:7B,-62, WPA ,0.000000,0.000000,0.000,0.000,AP
2026-04-03 14:10:00,1900-01-00 00:00:00,1007-wombat,B8:27:EB:7E:52:7B,-62, WPA ,0.000000,0.000000,0.000,0.000,AP
2026-04-03 14:10:00,1900-01-00 00:00:00,1007-wombat,B8:27:EB:7E:52:7B,-62, WPA ,0.000000,0.000000,0.000,0.000,AP
2026-04-03 14:10:00,1900-01-00 00:00:00,1007-wombat,B8:27:EB:7E:52:7B,-62, WPA ,0.000000,0.000000,0.000,0.000,AP
2026-04-03 14:10:00,1900-01-00 00:00:00,1007-wombat,B8:27:EB:7E:52:7B,-62, WPA ,0.000000,0.000000,0.000,0.000,AP
2026-04-03 14:10:00,1900-01-00 00:00:00,1007-wombat,B8:27:EB:7E:52:7B,-62, WPA ,0.000000,0.000000,0.000,0.000,AP
2026-04-03 14:10:00,1900-01-00 00:00:00,1007-wombat,B8:27:EB:7E:52:7B,-62, WPA ,0.000000,0.000000,0.000,0.000,AP
2026-04-03 14:10:00,1900-01-00 00:00:00,1007-wombat,B8:27:EB:7E:52:7B,-62, WPA ,0.000000,0.000000,0.000,0.000,AP
2026-04-03 14:10:00,1900-01-00 00:00:00,1007-wombat,B8:27:EB:7E:52:7B,-62, WPA ,0.000000,0.000000,0.000,0.000,AP
2026-04-03 14:10:00,1900-01-00 00:00:00,1007-wombat,B8:27:EB:7E:52:7B,-62, WPA ,0.000000,0.000000,0.000,0.000,AP
2026-04-03 14:10:00,1900-01-00 00:00:00,1007-wombat,B8:27:EB:7E:52:7B,-62, WPA ,0.000000,0.000000,0.000,0.000,AP
2026-04-03 14:10:00,1900-01-00 00:00:00,1007-wombat,B8:27:EB:7E:52:7B,-62, WPA ,0.000000,0.000000,0.000,0.000,AP
2026-04-03 14:10:00,1900-01-00 00:00:00,1007-wombat,B8:27:EB:7E:52:7B,-62, WPA ,0.000000,0.000000,0.000,0.000,AP
2026-04-03 14:10:00,1900-01-00 00:00:00,1007-wombat,B8:27:EB:7E:52:7B,-59, WPA ,0.000000,0.000000,0.000,0.000,AP
2026-04-03 14:10:00,1900-01-00 00:00:00,1007-wombat,B8:27:EB:7E:52:7B,-59, WPA ,0.000000,0.000000,0.000,0.000,AP
2026-04-03 14:10:00,1900-01-00 00:00:00,1007-wombat,B8:27:EB:7E:52:7B,-52, WPA ,0.000000,0.000000,0.000,0.000,AP
2026-04-03 14:10:00,1900-01-00 00:00:00,1007-wombat,B8:27:EB:7E:52:7B,-52, WPA ,0.000000,0.000000,0.000,0.000,AP
2026-04-03 14:10:00,1900-01-00 00:00:00,1007-wombat,B8:27:EB:7E:52:7B,-52, WPA ,0.000000,0.000000,0.000,0.000,AP
2026-04-03 14:10:00,1900-01-00 00:00:00,1007-wombat,B8:27:EB:7E:52:7B,-52, WPA ,0.000000,0.000000,0.000,0.000,AP
2026-04-03 14:10:00,1900-01-00 00:00:00,1007-wombat,B8:27:EB:7E:52:7B,-52, WPA ,0.000000,0.000000,0.000,0.000,AP
2026-04-03 14:10:00,1900-01-00 00:00:00,1007-wombat,B8:27:EB:7E:52:7B,-52, WPA ,0.000000,0.000000,0.000,0.000,AP
2026-04-03 14:10:00,1900-01-00 00:00:00,1007-wombat,B8:27:EB:7E:52:7B,-52, WPA ,0.000000,0.000000,0.000,0.000,AP
2026-04-03 14:10:00,1900-01-00 00:00:00,1007-wombat,B8:27:EB:7E:52:7B,-52, WPA ,0.000000,0.000000,0.000,0.000,AP
2026-04-03 14:10:00,1900-01-00 00:00:00,1007-wombat,B8:27:EB:7E:52:7B,-52, WPA ,0.000000,0.000000,0.000,0.000,AP
2026-04-03 14:10:00,1900-01-00 00:00:00,1007-wombat,B8:27:EB:7E:52:7B,-52, WPA ,0.000000,0.000000,0.000,0.000,AP
2026-04-03 14:10:00,1900-01-00 00:00:00,1007-wombat,B8:27:EB:7E:52:7B,-52, WPA ,0.000000,0.000000,0.000,0.000,AP
2026-04-03 14:10:00,1900-01-00 00:00:00,1007-wombat,B8:27:EB:7E:52:7B,-64, WPA ,0.000000,0.000000,0.000,0.000,AP
2026-04-03 14:10:00,1900-01-00 00:00:00,1007-wombat,B8:27:EB:7E:52:7B,-64, WPA ,0.000000,0.000000,0.000,0.000,AP
2026-04-03 14:10:00,1900-01-00 00:00:00,1007-wombat,B8:27:EB:7E:52:7B,-57, WPA ,0.000000,0.000000,0.000,0.000,AP
2026-04-03 14:10:00,1900-01-00 00:00:00,1007-wombat,B8:27:EB:7E:52:7B,-57, WPA ,0.000000,0.000000,0.000,0.000,AP
2026-04-03 14:10:00,1900-01-00 00:00:00,1007-wombat,B8:27:EB:7E:52:7B,-57, WPA ,0.000000,0.000000,0.000,0.000,AP
2026-04-03 14:10:00,1900-01-00 00:00:00,1007-wombat,B8:27:EB:7E:52:7B,-57, WPA ,0.000000,0.000000,0.000,0.000,AP
2026-04-03 14:10:00,1900-01-00 00:00:00,1007-wombat,B8:27:EB:7E:52:7B,-57, WPA ,0.000000,0.000000,0.000,0.000,AP
2026-04-03 14:10:00,1900-01-00 00:00:00,1007-wombat,B8:27:EB:7E:52:7B,-57, WPA ,0.000000,0.000000,0.000,0.000,AP
2026-04-03 14:10:00,1900-01-00 00:00:00,1007-wombat,B8:27:EB:7E:52:7B,-57, WPA ,0.000000,0.000000,0.000,0.000,AP
2026-04-03 14:10:00,1900-01-00 00:00:00,1007-wombat,B8:27:EB:7E:52:7B,-57, WPA ,0.000000,0.000000,0.000,0.000,AP
2026-04-03 14:10:00,1900-01-00 00:00:00,1007-wombat,B8:27:EB:7E:52:7B,-57, WPA ,0.000000,0.000000,0.000,0.000,AP
2026-04-03 14:10:00,1900-01-00 00:00:00,1007-wombat,B8:27:EB:7E:52:7B,-57, WPA ,0.000000,0.000000,0.000,0.000,AP
2026-04-03 14:10:00,1900-01-00 00:00:00,1007-wombat,B8:27:EB:7E:52:7B,-57, WPA ,0.000000,0.000000,0.000,0.000,AP
2026-04-03 14:10:00,1900-01-00 00:00:00,1007-wombat,B8:27:EB:7E:52:7B,-57, WPA ,0.000000,0.000000,0.000,0.000,AP
2026-04-03 14:10:00,1900-01-00 00:00:00,1007-wombat,B8:27:EB:7E:52:7B,-57, WPA ,0.000000,0.000000,0.000,0.000,AP
2026-04-03 14:10:00,1900-01-00 00:00:00,1007-wombat,B8:27:EB:7E:52:7B,-57, WPA ,0.000000,0.000000,0.000,0.000,AP
2026-04-03 14:10:00,1900-01-00 00:00:00,1007-wombat,B8:27:EB:7E:52:7B,-59, WPA ,0.000000,0.000000,0.000,0.000,AP
2026-04-03 14:10:00,1900-01-00 00:00:00,1007-wombat,B8:27:EB:7E:52:7B,-59, WPA ,0.000000,0.000000,0.000,0.000,AP
2026-04-03 14:10:00,1900-01-00 00:00:00,1007-wombat,B8:27:EB:7E:52:7B,-41, WPA ,0.000000,0.000000,0.000,0.000,AP
2026-04-03 14:10:00,1900-01-00 00:00:00,1007-wombat,B8:27:EB:7E:52:7B,-41, WPA ,0.000000,0.000000,0.000,0.000,AP
2026-04-03 14:10:00,1900-01-00 00:00:00,1007-wombat,B8:27:EB:7E:52:7B,-41, WPA ,0.000000,0.000000,0.000,0.000,AP
2026-04-03 14:10:00,1900-01-00 00:00:00,1007-wombat,B8:27:EB:7E:52:7B,-62, WPA ,0.000000,0.000000,0.000,0.000,AP
2026-04-03 14:10:00,1900-01-00 00:00:00,1007-wombat,B8:27:EB:7E:52:7B,-62, WPA ,0.000000,0.000000,0.000,0.000,AP
2026-04-03 14:10:00,1900-01-00 00:00:00,1007-wombat,B8:27:EB:7E:52:7B,-62, WPA ,0.000000,0.000000,0.000,0.000,AP
2026-04-03 14:10:00,1900-01-00 00:00:00,1007-wombat,B8:27:EB:7E:52:7B,-62, WPA ,0.000000,0.000000,0.000,0.000,AP
2026-04-03 14:10:00,1900-01-00 00:00:00,1007-wombat,B8:27:EB:7E:52:7B,-62, WPA ,0.000000,0.000000,0.000,0.000,AP
2026-04-03 14:10:00,1900-01-00 00:00:00,1007-wombat,B8:27:EB:7E:52:7B,-62, WPA ,0.000000,0.000000,0.000,0.000,AP
2026-04-03 14:10:00,1900-01-00 00:00:00,1007-wombat,B8:27:EB:7E:52:7B,-62, WPA ,0.000000,0.000000,0.000,0.000,AP
2026-04-03 14:10:00,1900-01-00 00:00:00,1007-wombat,B8:27:EB:7E:52:7B,-62, WPA ,0.000000,0.000000,0.000,0.000,AP
2026-04-03 14:10:00,1900-01-00 00:00:00,1007-wombat,B8:27:EB:7E:52:7B,-62, WPA ,0.000000,0.000000,0.000,0.000,AP
2026-04-03 14:10:00,1900-01-00 00:00:00,1007-wombat,B8:27:EB:7E:52:7B,-62, WPA ,0.000000,0.000000,0.000,0.000,AP
2026-04-03 14:10:00,1900-01-00 00:00:00,1007-wombat,B8:27:EB:7E:52:7B,-62, WPA ,0.000000,0.000000,0.000,0.000,AP
2026-04-03 14:10:00,1900-01-00 00:00:00,1007-wombat,B8:27:EB:7E:52:7B,-62, WPA ,0.000000,0.000000,0.000,0.000,AP
2026-04-03 14:10:00,1900-01-00 00:00:00,1007-wombat,B8:27:EB:7E:52:7B,-62, WPA ,0.000000,0.000000,0.000,0.000,AP
2026-04-03 14:10:00,1900-01-00 00:00:00,1007-wombat,B8:27:EB:7E:52:7B,-62, WPA ,0.000000,0.000000,0.000,0.000,AP
2026-04-03 14:10:00,1900-01-00 00:00:00,1007-wombat,B8:27:EB:7E:52:7B,-62, WPA ,0.000000,0.000000,0.000,0.000,AP
2026-04-03 14:10:00,1900-01-00 00:00:00,1007-wombat,B8:27:EB:7E:52:7B,-62, WPA ,0.000000,0.000000,0.000,0.000,AP
2026-04-03 14:10:00,1900-01-00 00:00:00,1007-wombat,B8:27:EB:7E:52:7B,-62, WPA ,0.000000,0.000000,0.000,0.000,AP
2026-04-03 14:10:00,1900-01-00 00:00:00,1007-wombat,B8:27:EB:7E:52:7B,-61, WPA ,0.000000,0.000000,0.000,0.000,AP
2026-04-03 14:10:00,1900-01-00 00:00:00,1007-wombat,B8:27:EB:7E:52:7B,-61, WPA ,0.000000,0.000000,0.000,0.000,AP
2026-04-03 14:10:00,1900-01-00 00:00:00,1007-wombat,B8:27:EB:7E:52:7B,-61, WPA ,0.000000,0.000000,0.000,0.000,AP
2026-04-03 14:10:00,1900-01-00 00:00:00,1007-wombat,B8:27:EB:7E:52:7B,-61, WPA ,0.000000,0.000000,0.000,0.000,AP
2026-04-03 14:10:00,1900-01-00 00:00:00,1007-wombat,B8:27:EB:7E:52:7B,-61, WPA ,0.000000,0.000000,0.000,0.000,AP
2026-04-03 14:10:00,1900-01-00 00:00:00,1007-wombat,B8:27:EB:7E:52:7B,-61, WPA ,0.000000,0.000000,0.000,0.000,AP
2026-04-03 14:10:00,1900-01-00 00:00:00,1007-wombat,B8:27:EB:7E:52:7B,-61, WPA ,0.000000,0.000000,0.000,0.000,AP
2026-04-03 14:10:00,1900-01-00 00:00:00,1007-wombat,B8:27:EB:7E:52:7B,-61, WPA ,0.000000,0.000000,0.000,0.000,AP
2026-04-03 14:10:00,1900-01-00 00:00:00,1007-wombat,B8:27:EB:7E:52:7B,-61, WPA ,0.000000,0.000000,0.000,0.000,AP
2026-04-03 14:10:00,1900-01-00 00:00:00,1007-wombat,B8:27:EB:7E:52:7B,-50, WPA ,0.000000,0.000000,0.000,0.000,AP
2026-04-03 14:10:00,1900-01-00 00:00:00,1007-wombat,B8:27:EB:7E:52:7B,-50, WPA ,0.000000,0.000000,0.000,0.000,AP
2026-04-03 14:10:00,1900-01-00 00:00:00,1007-wombat,B8:27:EB:7E:52:7B,-50, WPA ,0.000000,0.000000,0.000,0.000,AP
2026-04-03 14:10:00,1900-01-00 00:00:00,1007-wombat,B8:27:EB:7E:52:7B,-50, WPA ,0.000000,0.000000,0.000,0.000,AP
2026-04-03 14:10:00,1900-01-00 00:00:00,1007-wombat,B8:27:EB:7E:52:7B,-62, WPA ,0.000000,0.000000,0.000,0.000,AP
2026-04-03 14:10:00,1900-01-00 00:00:00,1007-wombat,B8:27:EB:7E:52:7B,-57, WPA ,0.000000,0.000000,0.000,0.000,AP
2026-04-03 14:10:00,1900-01-00 00:00:00,1007-wombat,B8:27:EB:7E:52:7B,-57, WPA ,0.000000,0.000000,0.000,0.000,AP
2026-04-03 14:10:00,1900-01-00 00:00:00,1007-wombat,B8:27:EB:7E:52:7B,-57, WPA ,0.000000,0.000000,0.000,0.000,AP
2026-04-03 14:10:00,1900-01-00 00:00:00,1007-wombat,B8:27:EB:7E:52:7B,-57, WPA ,0.000000,0.000000,0.000,0.000,AP
2026-04-03 14:10:00,1900-01-00 00:00:00,1007-wombat,B8:27:EB:7E:52:7B,-57, WPA ,0.000000,0.000000,0.000,0.000,AP
2026-04-03 14:10:00,1900-01-00 00:00:00,1007-wombat,B8:27:EB:7E:52:7B,-57, WPA ,0.000000,0.000000,0.000,0.000,AP
2026-04-03 14:10:00,1900-01-00 00:00:00,1007-wombat,B8:27:EB:7E:52:7B,-57, WPA ,0.000000,0.000000,0.000,0.000,AP
2026-04-03 14:10:00,1900-01-00 00:00:00,1007-wombat,B8:27:EB:7E:52:7B,-57, WPA ,0.000000,0.000000,0.000,0.000,AP
2026-04-03 14:10:00,1900-01-00 00:00:00,1007-wombat,B8:27:EB:7E:52:7B,-57, WPA ,0.000000,0.000000,0.000,0.000,AP
2026-04-03 14:10:00,1900-01-00 00:00:00,1007-wombat,B8:27:EB:7E:52:7B,-57, WPA ,0.000000,0.000000,0.000,0.000,AP
2026-04-03 14:10:00,1900-01-00 00:00:00,1007-wombat,B8:27:EB:7E:52:7B,-57, WPA ,0.000000,0.000000,0.000,0.000,AP
2026-04-03 14:10:00,1900-01-00 00:00:00,1007-wombat,B8:27:EB:7E:52:7B,-57, WPA ,0.000000,0.000000,0.000,0.000,AP
2026-04-03 14:10:00,1900-01-00 00:00:00,1007-wombat,B8:27:EB:7E:52:7B,-57, WPA ,0.000000,0.000000,0.000,0.000,AP
2026-04-03 14:10:00,1900-01-00 00:00:00,1007-wombat,B8:27:EB:7E:52:7B,-57, WPA ,0.000000,0.000000,0.000,0.000,AP
2026-04-03 14:10:00,1900-01-00 00:00:00,1007-wombat,B8:27:EB:7E:52:7B,-58, WPA ,0.000000,0.000000,0.000,0.000,AP
2026-04-03 14:10:00,1900-01-00 00:00:00,1007-wombat,B8:27:EB:7E:52:7B,-58, WPA ,0.000000,0.000000,0.000,0.000,AP
2026-04-03 14:10:00,1900-01-00 00:00:00,1007-wombat,B8:27:EB:7E:52:7B,-42, WPA ,0.000000,0.000000,0.000,0.000,AP
2026-04-03 14:10:00,1900-01-00 00:00:00,1007-wombat,B8:27:EB:7E:52:7B,-42, WPA ,0.000000,0.000000,0.000,0.000,AP
2026-04-03 14:10:00,1900-01-00 00:00:00,1007-wombat,B8:27:EB:7E:52:7B,-42, WPA ,0.000000,0.000000,0.000,0.000,AP
2026-04-03 14:10:00,1900-01-00 00:00:00,1007-wombat,B8:27:EB:7E:52:7B,-64, WPA ,0.000000,0.000000,0.000,0.000,AP
2026-04-03 14:10:00,1900-01-00 00:00:00,1007-wombat,B8:27:EB:7E:52:7B,-63, WPA ,0.000000,0.000000,0.000,0.000,AP
2026-04-03 14:10:01,1900-01-00 00:00:00,1007-wombat,B8:27:EB:7E:52:7B,-64, WPA ,0.000000,0.000000,0.000,0.000,AP
2026-04-03 14:10:01,1900-01-00 00:00:00,1007-wombat,B8:27:EB:7E:52:7B,-63, WPA ,0.000000,0.000000,0.000,0.000,AP
2026-04-03 14:10:01,1900-01-00 00:00:00,1007-wombat,B8:27:EB:7E:52:7B,-62, WPA ,0.000000,0.000000,0.000,0.000,AP
2026-04-03 14:10:01,1900-01-00 00:00:00,1007-wombat,B8:27:EB:7E:52:7B,-63, WPA ,0.000000,0.000000,0.000,0.000,AP
2026-04-03 14:10:02,1900-01-00 00:00:00,1007-wombat,B8:27:EB:7E:52:7B,-64, WPA ,0.000000,0.000000,0.000,0.000,AP
2026-04-03 14:10:02,1900-01-00 00:00:00,1007-wombat,B8:27:EB:7E:52:7B,-63, WPA ,0.000000,0.000000,0.000,0.000,AP
2026-04-03 14:10:04,1900-01-00 00:00:00,1007-wombat,B8:27:EB:7E:52:7B,-63, WPA ,0.000000,0.000000,0.000,0.000,AP
2026-04-03 14:10:04,1900-01-00 00:00:00,1007-wombat,B8:27:EB:7E:52:7B,-63, WPA ,0.000000,0.000000,0.000,0.000,AP
2026-04-03 14:10:04,1900-01-00 00:00:00,1007-wombat,B8:27:EB:7E:52:7B,-63, WPA ,0.000000,0.000000,0.000,0.000,AP
2026-04-03 14:10:05,1900-01-00 00:00:00,1007-wombat,B8:27:EB:7E:52:7B,-64, WPA ,0.000000,0.000000,0.000,0.000,AP
2026-04-03 14:10:06,1900-01-00 00:00:00,1007-wombat,B8:27:EB:7E:52:7B,-65, WPA ,0.000000,0.000000,0.000,0.000,AP
2026-04-03 14:10:06,1900-01-00 00:00:00,1007-wombat,B8:27:EB:7E:52:7B,-63, WPA ,0.000000,0.000000,0.000,0.000,AP
2026-04-03 14:10:06,1900-01-00 00:00:00,1007-wombat,B8:27:EB:7E:52:7B,-63, WPA ,0.000000,0.000000,0.000,0.000,AP
2026-04-03 14:10:06,1900-01-00 00:00:00,1007-wombat,B8:27:EB:7E:52:7B,-62, WPA ,0.000000,0.000000,0.000,0.000,AP
2026-04-03 14:10:06,1900-01-00 00:00:00,1007-wombat,B8:27:EB:7E:52:7B,-62, WPA ,0.000000,0.000000,0.000,0.000,AP
2026-04-03 14:10:06,1900-01-00 00:00:00,1007-wombat,B8:27:EB:7E:52:7B,-63, WPA ,0.000000,0.000000,0.000,0.000,AP
2026-04-03 14:10:06,1900-01-00 00:00:00,1007-wombat,B8:27:EB:7E:52:7B,-63, WPA ,0.000000,0.000000,0.000,0.000,AP
2026-04-03 14:10:06,1900-01-00 00:00:00,1007-wombat,B8:27:EB:7E:52:7B,-63, WPA ,0.000000,0.000000,0.000,0.000,AP
2026-04-03 14:10:06,1900-01-00 00:00:00,1007-wombat,B8:27:EB:7E:52:7B,-63, WPA ,0.000000,0.000000,0.000,0.000,AP
2026-04-03 14:10:06,1900-01-00 00:00:00,1007-wombat,B8:27:EB:7E:52:7B,-63, WPA ,0.000000,0.000000,0.000,0.000,AP
2026-04-03 14:10:07,1900-01-00 00:00:00,1007-wombat,B8:27:EB:7E:52:7B,-63, WPA ,0.000000,0.000000,0.000,0.000,AP
2026-04-03 14:10:07,1900-01-00 00:00:00,1007-wombat,B8:27:EB:7E:52:7B,-63, WPA ,0.000000,0.000000,0.000,0.000,AP
2026-04-03 14:10:07,1900-01-00 00:00:00,1007-wombat,B8:27:EB:7E:52:7B,-63, WPA ,0.000000,0.000000,0.000,0.000,AP
2026-04-03 14:10:07,1900-01-00 00:00:00,1007-wombat,B8:27:EB:7E:52:7B,-64, WPA ,0.000000,0.000000,0.000,0.000,AP
2026-04-03 14:10:07,1900-01-00 00:00:00,1007-wombat,B8:27:EB:7E:52:7B,-64, WPA ,0.000000,0.000000,0.000,0.000,AP
2026-04-03 14:10:07,1900-01-00 00:00:00,1007-wombat,B8:27:EB:7E:52:7B,-64, WPA ,0.000000,0.000000,0.000,0.000,AP
2026-04-03 14:10:07,1900-01-00 00:00:00,1007-wombat,B8:27:EB:7E:52:7B,-63, WPA ,0.000000,0.000000,0.000,0.000,AP
2026-04-03 14:10:08,1900-01-00 00:00:00,1007-wombat,B8:27:EB:7E:52:7B,-64, WPA ,0.000000,0.000000,0.000,0.000,AP
2026-04-03 14:10:08,1900-01-00 00:00:00,1007-wombat,B8:27:EB:7E:52:7B,-64, WPA ,0.000000,0.000000,0.000,0.000,AP
2026-04-03 14:10:08,1900-01-00 00:00:00,1007-wombat,B8:27:EB:7E:52:7B,-64, WPA ,0.000000,0.000000,0.000,0.000,AP
2026-04-03 14:10:08,1900-01-00 00:00:00,1007-wombat,B8:27:EB:7E:52:7B,-64, WPA ,0.000000,0.000000,0.000,0.000,AP
2026-04-03 14:10:08,1900-01-00 00:00:00,1007-wombat,B8:27:EB:7E:52:7B,-64, WPA ,0.000000,0.000000,0.000,0.000,AP
2026-04-03 14:10:08,1900-01-00 00:00:00,1007-wombat,B8:27:EB:7E:52:7B,-64, WPA ,0.000000,0.000000,0.000,0.000,AP
2026-04-03 14:10:08,1900-01-00 00:00:00,1007-wombat,B8:27:EB:7E:52:7B,-63, WPA ,0.000000,0.000000,0.000,0.000,AP
2026-04-03 14:10:11,1900-01-00 00:00:00,1007-wombat,B8:27:EB:7E:52:7B,-63, WPA ,0.000000,0.000000,0.000,0.000,AP
2026-04-03 14:10:11,1900-01-00 00:00:00,1007-wombat,B8:27:EB:7E:52:7B,-64, WPA ,0.000000,0.000000,0.000,0.000,AP
2026-04-03 14:10:11,1900-01-00 00:00:00,1007-wombat,B8:27:EB:7E:52:7B,-63, WPA ,0.000000,0.000000,0.000,0.000,AP
2026-04-03 14:10:11,1900-01-00 00:00:00,1007-wombat,B8:27:EB:7E:52:7B,-63, WPA ,0.000000,0.000000,0.000,0.000,AP
2026-04-03 14:10:12,1900-01-00 00:00:00,1007-wombat,B8:27:EB:7E:52:7B,-62, WPA ,0.000000,0.000000,0.000,0.000,AP
2026-04-03 14:10:12,1900-01-00 00:00:00,1007-wombat,B8:27:EB:7E:52:7B,-62, WPA ,0.000000,0.000000,0.000,0.000,AP
2026-04-03 14:10:12,1900-01-00 00:00:00,1007-wombat,B8:27:EB:7E:52:7B,-61, WPA ,0.000000,0.000000,0.000,0.000,AP
2026-04-03 14:10:12,1900-01-00 00:00:00,1007-wombat,B8:27:EB:7E:52:7B,-61, WPA ,0.000000,0.000000,0.000,0.000,AP
2026-04-03 14:10:12,1900-01-00 00:00:00,1007-wombat,B8:27:EB:7E:52:7B,-61, WPA ,0.000000,0.000000,0.000,0.000,AP
2026-04-03 14:10:12,1900-01-00 00:00:00,1007-wombat,B8:27:EB:7E:52:7B,-61, WPA ,0.000000,0.000000,0.000,0.000,AP
2026-04-03 14:10:12,1900-01-00 00:00:00,1007-wombat,B8:27:EB:7E:52:7B,-61, WPA ,0.000000,0.000000,0.000,0.000,AP
2026-04-03 14:10:12,1900-01-00 00:00:00,1007-wombat,B8:27:EB:7E:52:7B,-60, WPA ,0.000000,0.000000,0.000,0.000,AP
2026-04-03 14:10:12,1900-01-00 00:00:00,1007-wombat,B8:27:EB:7E:52:7B,-61, WPA ,0.000000,0.000000,0.000,0.000,AP
2026-04-03 14:10:12,1900-01-00 00:00:00,1007-wombat,B8:27:EB:7E:52:7B,-61, WPA ,0.000000,0.000000,0.000,0.000,AP
2026-04-03 14:10:12,1900-01-00 00:00:00,1007-wombat,B8:27:EB:7E:52:7B,-61, WPA ,0.000000,0.000000,0.000,0.000,AP
2026-04-03 14:10:12,1900-01-00 00:00:00,1007-wombat,B8:27:EB:7E:52:7B,-61, WPA ,0.000000,0.000000,0.000,0.000,AP
2026-04-03 14:10:12,1900-01-00 00:00:00,1007-wombat,B8:27:EB:7E:52:7B,-61, WPA ,0.000000,0.000000,0.000,0.000,AP
2026-04-03 14:10:12,1900-01-00 00:00:00,1007-wombat,B8:27:EB:7E:52:7B,-62, WPA ,0.000000,0.000000,0.000,0.000,AP
2026-04-03 14:10:12,1900-01-00 00:00:00,1007-wombat,B8:27:EB:7E:52:7B,-61, WPA ,0.000000,0.000000,0.000,0.000,AP
2026-04-03 14:10:12,1900-01-00 00:00:00,1007-wombat,B8:27:EB:7E:52:7B,-62, WPA ,0.000000,0.000000,0.000,0.000,AP
2026-04-03 14:10:12,1900-01-00 00:00:00,1007-wombat,B8:27:EB:7E:52:7B,-62, WPA ,0.000000,0.000000,0.000,0.000,AP
2026-04-03 14:10:12,1900-01-00 00:00:00,1007-wombat,B8:27:EB:7E:52:7B,-61, WPA ,0.000000,0.000000,0.000,0.000,AP
2026-04-03 14:10:12,1900-01-00 00:00:00,1007-wombat,B8:27:EB:7E:52:7B,-62, WPA ,0.000000,0.000000,0.000,0.000,AP
2026-04-03 14:10:12,1900-01-00 00:00:00,1007-wombat,B8:27:EB:7E:52:7B,-62, WPA ,0.000000,0.000000,0.000,0.000,AP
2026-04-03 14:10:12,1900-01-00 00:00:00,1007-wombat,B8:27:EB:7E:52:7B,-61, WPA ,0.000000,0.000000,0.000,0.000,AP
2026-04-03 14:10:12,1900-01-00 00:00:00,1007-wombat,B8:27:EB:7E:52:7B,-61, WPA ,0.000000,0.000000,0.000,0.000,AP
2026-04-03 14:10:12,1900-01-00 00:00:00,1007-wombat,B8:27:EB:7E:52:7B,-62, WPA ,0.000000,0.000000,0.000,0.000,AP
2026-04-03 14:10:12,1900-01-00 00:00:00,1007-wombat,B8:27:EB:7E:52:7B,-61, WPA ,0.000000,0.000000,0.000,0.000,AP
2026-04-03 14:10:12,1900-01-00 00:00:00,1007-wombat,B8:27:EB:7E:52:7B,-62, WPA ,0.000000,0.000000,0.000,0.000,AP
2026-04-03 14:10:12,1900-01-00 00:00:00,1007-wombat,B8:27:EB:7E:52:7B,-62, WPA ,0.000000,0.000000,0.000,0.000,AP
2026-04-03 14:10:12,1900-01-00 00:00:00,1007-wombat,B8:27:EB:7E:52:7B,-62, WPA ,0.000000,0.000000,0.000,0.000,AP
2026-04-03 14:10:12,1900-01-00 00:00:00,1007-wombat,B8:27:EB:7E:52:7B,-62, WPA ,0.000000,0.000000,0.000,0.000,AP
2026-04-03 14:10:12,1900-01-00 00:00:00,1007-wombat,B8:27:EB:7E:52:7B,-62, WPA ,0.000000,0.000000,0.000,0.000,AP
2026-04-03 14:10:12,1900-01-00 00:00:00,1007-wombat,B8:27:EB:7E:52:7B,-62, WPA ,0.000000,0.000000,0.000,0.000,AP
2026-04-03 14:10:12,1900-01-00 00:00:00,1007-wombat,B8:27:EB:7E:52:7B,-63, WPA ,0.000000,0.000000,0.000,0.000,AP
2026-04-03 14:10:12,1900-01-00 00:00:00,1007-wombat,B8:27:EB:7E:52:7B,-62, WPA ,0.000000,0.000000,0.000,0.000,AP
2026-04-03 14:10:12,1900-01-00 00:00:00,1007-wombat,B8:27:EB:7E:52:7B,-63, WPA ,0.000000,0.000000,0.000,0.000,AP
2026-04-03 14:10:12,1900-01-00 00:00:00,1007-wombat,B8:27:EB:7E:52:7B,-63, WPA ,0.000000,0.000000,0.000,0.000,AP
2026-04-03 14:10:12,1900-01-00 00:00:00,1007-wombat,B8:27:EB:7E:52:7B,-63, WPA ,0.000000,0.000000,0.000,0.000,AP
2026-04-03 14:10:13,1900-01-00 00:00:00,1007-wombat,B8:27:EB:7E:52:7B,-63, WPA ,0.000000,0.000000,0.000,0.000,AP
2026-04-03 14:10:13,1900-01-00 00:00:00,1007-wombat,B8:27:EB:7E:52:7B,-62, WPA ,0.000000,0.000000,0.000,0.000,AP
2026-04-03 14:10:13,1900-01-00 00:00:00,1007-wombat,B8:27:EB:7E:52:7B,-62, WPA ,0.000000,0.000000,0.000,0.000,AP
2026-04-03 14:10:13,1900-01-00 00:00:00,1007-wombat,B8:27:EB:7E:52:7B,-61, WPA ,0.000000,0.000000,0.000,0.000,AP
2026-04-03 14:10:13,1900-01-00 00:00:00,1007-wombat,B8:27:EB:7E:52:7B,-62, WPA ,0.000000,0.000000,0.000,0.000,AP
2026-04-03 14:10:13,1900-01-00 00:00:00,1007-wombat,B8:27:EB:7E:52:7B,-62, WPA ,0.000000,0.000000,0.000,0.000,AP
2026-04-03 14:10:13,1900-01-00 00:00:00,1007-wombat,B8:27:EB:7E:52:7B,-62, WPA ,0.000000,0.000000,0.000,0.000,AP
2026-04-03 14:10:14,1900-01-00 00:00:00,1007-wombat,B8:27:EB:7E:52:7B,-63, WPA ,0.000000,0.000000,0.000,0.000,AP
2026-04-03 14:10:14,1900-01-00 00:00:00,1007-wombat,B8:27:EB:7E:52:7B,-64, WPA ,0.000000,0.000000,0.000,0.000,AP
2026-04-03 14:10:14,1900-01-00 00:00:00,1007-wombat,B8:27:EB:7E:52:7B,-64, WPA ,0.000000,0.000000,0.000,0.000,AP
2026-04-03 14:10:14,1900-01-00 00:00:00,1007-wombat,B8:27:EB:7E:52:7B,-64, WPA ,0.000000,0.000000,0.000,0.000,AP
2026-04-03 14:10:15,1900-01-00 00:00:00,1007-wombat,B8:27:EB:7E:52:7B,-64, WPA ,0.000000,0.000000,0.000,0.000,AP
2026-04-03 14:10:16,1900-01-00 00:00:00,1007-wombat,B8:27:EB:7E:52:7B,-63, WPA ,0.000000,0.000000,0.000,0.000,AP
2026-04-03 14:10:16,1900-01-00 00:00:00,1007-wombat,B8:27:EB:7E:52:7B,-64, WPA ,0.000000,0.000000,0.000,0.000,AP
2026-04-03 14:10:16,1900-01-00 00:00:00,1007-wombat,B8:27:EB:7E:52:7B,-64, WPA ,0.000000,0.000000,0.000,0.000,AP
2026-04-03 14:10:18,1900-01-00 00:00:00,1007-wombat,B8:27:EB:7E:52:7B,-64, WPA ,0.000000,0.000000,0.000,0.000,AP
2026-04-03 14:10:19,1900-01-00 00:00:00,1007-wombat,B8:27:EB:7E:52:7B,-64, WPA ,0.000000,0.000000,0.000,0.000,AP
2026-04-03 14:10:19,1900-01-00 00:00:00,1007-wombat,B8:27:EB:7E:52:7B,-64, WPA ,0.000000,0.000000,0.000,0.000,AP
2026-04-03 14:10:19,1900-01-00 00:00:00,1007-wombat,B8:27:EB:7E:52:7B,-63, WPA ,0.000000,0.000000,0.000,0.000,AP
2026-04-03 14:10:19,1900-01-00 00:00:00,1007-wombat,B8:27:EB:7E:52:7B,-64, WPA ,0.000000,0.000000,0.000,0.000,AP
2026-04-03 14:10:19,1900-01-00 00:00:00,1007-wombat,B8:27:EB:7E:52:7B,-64, WPA ,0.000000,0.000000,0.000,0.000,AP
2026-04-03 14:10:19,1900-01-00 00:00:00,1007-wombat,B8:27:EB:7E:52:7B,-63, WPA ,0.000000,0.000000,0.000,0.000,AP
2026-04-03 14:10:20,1900-01-00 00:00:00,1007-wombat,B8:27:EB:7E:52:7B,-63, WPA ,0.000000,0.000000,0.000,0.000,AP
2026-04-03 14:10:20,1900-01-00 00:00:00,1007-wombat,B8:27:EB:7E:52:7B,-64, WPA ,0.000000,0.000000,0.000,0.000,AP
2026-04-03 14:10:20,1900-01-00 00:00:00,1007-wombat,B8:27:EB:7E:52:7B,-63, WPA ,0.000000,0.000000,0.000,0.000,AP
2026-04-03 14:10:20,1900-01-00 00:00:00,1007-wombat,B8:27:EB:7E:52:7B,-64, WPA ,0.000000,0.000000,0.000,0.000,AP
2026-04-03 14:10:20,1900-01-00 00:00:00,1007-wombat,B8:27:EB:7E:52:7B,-64, WPA ,0.000000,0.000000,0.000,0.000,AP
2026-04-03 14:10:20,1900-01-00 00:00:00,1007-wombat,B8:27:EB:7E:52:7B,-64, WPA ,0.000000,0.000000,0.000,0.000,AP
2026-04-03 14:10:21,1900-01-00 00:00:00,1007-wombat,B8:27:EB:7E:52:7B,-64, WPA ,0.000000,0.000000,0.000,0.000,AP
2026-04-03 14:10:21,1900-01-00 00:00:00,1007-wombat,B8:27:EB:7E:52:7B,-64, WPA ,0.000000,0.000000,0.000,0.000,AP
2026-04-03 14:10:21,1900-01-00 00:00:00,1007-wombat,B8:27:EB:7E:52:7B,-64, WPA ,0.000000,0.000000,0.000,0.000,AP
2026-04-03 14:10:21,1900-01-00 00:00:00,1007-wombat,B8:27:EB:7E:52:7B,-63, WPA ,0.000000,0.000000,0.000,0.000,AP
2026-04-03 14:10:21,1900-01-00 00:00:00,1007-wombat,B8:27:EB:7E:52:7B,-64, WPA ,0.000000,0.000000,0.000,0.000,AP
2026-04-03 14:10:22,1900-01-00 00:00:00,1007-wombat,B8:27:EB:7E:52:7B,-63, WPA ,0.000000,0.000000,0.000,0.000,AP
2026-04-03 14:10:22,1900-01-00 00:00:00,1007-wombat,B8:27:EB:7E:52:7B,-64, WPA ,0.000000,0.000000,0.000,0.000,AP
2026-04-03 14:10:22,1900-01-00 00:00:00,1007-wombat,B8:27:EB:7E:52:7B,-64, WPA ,0.000000,0.000000,0.000,0.000,AP
2026-04-03 14:10:22,1900-01-00 00:00:00,1007-wombat,B8:27:EB:7E:52:7B,-64, WPA ,0.000000,0.000000,0.000,0.000,AP
2026-04-03 14:10:22,1900-01-00 00:00:00,1007-wombat,B8:27:EB:7E:52:7B,-64, WPA ,0.000000,0.000000,0.000,0.000,AP
2026-04-03 14:10:22,1900-01-00 00:00:00,1007-wombat,B8:27:EB:7E:52:7B,-64, WPA ,0.000000,0.000000,0.000,0.000,AP
2026-04-03 14:10:22,1900-01-00 00:00:00,1007-wombat,B8:27:EB:7E:52:7B,-64, WPA ,0.000000,0.000000,0.000,0.000,AP
2026-04-03 14:10:22,1900-01-00 00:00:00,1007-wombat,B8:27:EB:7E:52:7B,-64, WPA ,0.000000,0.000000,0.000,0.000,AP
2026-04-03 14:10:22,1900-01-00 00:00:00,1007-wombat,B8:27:EB:7E:52:7B,-64, WPA ,0.000000,0.000000,0.000,0.000,AP
2026-04-03 14:10:22,1900-01-00 00:00:00,1007-wombat,B8:27:EB:7E:52:7B,-63, WPA ,0.000000,0.000000,0.000,0.000,AP
2026-04-03 14:10:22,1900-01-00 00:00:00,1007-wombat,B8:27:EB:7E:52:7B,-63, WPA ,0.000000,0.000000,0.000,0.000,AP
2026-04-03 14:10:23,1900-01-00 00:00:00,1007-wombat,B8:27:EB:7E:52:7B,-64, WPA ,0.000000,0.000000,0.000,0.000,AP
2026-04-03 14:10:23,1900-01-00 00:00:00,1007-wombat,B8:27:EB:7E:52:7B,-63, WPA ,0.000000,0.000000,0.000,0.000,AP
2026-04-03 14:10:23,1900-01-00 00:00:00,1007-wombat,B8:27:EB:7E:52:7B,-63, WPA ,0.000000,0.000000,0.000,0.000,AP
2026-04-03 14:10:24,1900-01-00 00:00:00,1007-wombat,B8:27:EB:7E:52:7B,-65, WPA ,0.000000,0.000000,0.000,0.000,AP
2026-04-03 14:10:24,1900-01-00 00:00:00,1007-wombat,B8:27:EB:7E:52:7B,-64, WPA ,0.000000,0.000000,0.000,0.000,AP
2026-04-03 14:10:25,1900-01-00 00:00:00,1007-wombat,B8:27:EB:7E:52:7B,-64, WPA ,0.000000,0.000000,0.000,0.000,AP
2026-04-03 14:10:25,1900-01-00 00:00:00,1007-wombat,B8:27:EB:7E:52:7B,-63, WPA ,0.000000,0.000000,0.000,0.000,AP
2026-04-03 14:10:25,1900-01-00 00:00:00,1007-wombat,B8:27:EB:7E:52:7B,-63, WPA ,0.000000,0.000000,0.000,0.000,AP
2026-04-03 14:10:25,1900-01-00 00:00:00,1007-wombat,B8:27:EB:7E:52:7B,-63, WPA ,0.000000,0.000000,0.000,0.000,AP
2026-04-03 14:10:25,1900-01-00 00:00:00,1007-wombat,B8:27:EB:7E:52:7B,-64, WPA ,0.000000,0.000000,0.000,0.000,AP
2026-04-03 14:10:25,1900-01-00 00:00:00,1007-wombat,B8:27:EB:7E:52:7B,-63, WPA ,0.000000,0.000000,0.000,0.000,AP
2026-04-03 14:10:25,1900-01-00 00:00:00,1007-wombat,B8:27:EB:7E:52:7B,-64, WPA ,0.000000,0.000000,0.000,0.000,AP
2026-04-03 14:10:25,1900-01-00 00:00:00,1007-wombat,B8:27:EB:7E:52:7B,-63, WPA ,0.000000,0.000000,0.000,0.000,AP
2026-04-03 14:10:26,1900-01-00 00:00:00,1007-wombat,B8:27:EB:7E:52:7B,-63, WPA ,0.000000,0.000000,0.000,0.000,AP
2026-04-03 14:10:26,1900-01-00 00:00:00,1007-wombat,B8:27:EB:7E:52:7B,-62, WPA ,0.000000,0.000000,0.000,0.000,AP
2026-04-03 14:10:26,1900-01-00 00:00:00,1007-wombat,B8:27:EB:7E:52:7B,-62, WPA ,0.000000,0.000000,0.000,0.000,AP
2026-04-03 14:10:26,1900-01-00 00:00:00,1007-wombat,B8:27:EB:7E:52:7B,-64, WPA ,0.000000,0.000000,0.000,0.000,AP
2026-04-03 14:10:26,1900-01-00 00:00:00,1007-wombat,B8:27:EB:7E:52:7B,-63, WPA ,0.000000,0.000000,0.000,0.000,AP
2026-04-03 14:10:26,1900-01-00 00:00:00,1007-wombat,B8:27:EB:7E:52:7B,-63, WPA ,0.000000,0.000000,0.000,0.000,AP
2026-04-03 14:10:26,1900-01-00 00:00:00,1007-wombat,B8:27:EB:7E:52:7B,-62, WPA ,0.000000,0.000000,0.000,0.000,AP
2026-04-03 14:10:26,1900-01-00 00:00:00,1007-wombat,B8:27:EB:7E:52:7B,-62, WPA ,0.000000,0.000000,0.000,0.000,AP
2026-04-03 14:10:26,1900-01-00 00:00:00,1007-wombat,B8:27:EB:7E:52:7B,-63, WPA ,0.000000,0.000000,0.000,0.000,AP
2026-04-03 14:10:26,1900-01-00 00:00:00,1007-wombat,B8:27:EB:7E:52:7B,-62, WPA ,0.000000,0.000000,0.000,0.000,AP
2026-04-03 14:10:26,1900-01-00 00:00:00,1007-wombat,B8:27:EB:7E:52:7B,-63, WPA ,0.000000,0.000000,0.000,0.000,AP
