LocalTime, GPSTime, ESSID, BSSID, Power, Security, Latitude, Longitude, Latitude Error, Longitude Error, Type
2026-04-03 14:08:46,1900-01-00 00:00:00,,B8:27:EB:CA:A1:3C,-62, ,0.000000,0.000000,0.000,0.000,AP
2026-04-03 14:08:46,1900-01-00 00:00:00,,C8:15:4E:20:C7:81,-61,,0.000000,0.000000,0.000,0.000,Client
2026-04-03 14:08:46,1900-01-00 00:00:00,1008-wombat,B8:27:EB:CA:A1:3C,-62, WPA ,0.000000,0.000000,0.000,0.000,AP
2026-04-03 14:08:46,1900-01-00 00:00:00,,C8:15:4E:20:C7:81,-59,,0.000000,0.000000,0.000,0.000,Client
2026-04-03 14:08:46,1900-01-00 00:00:00,1008-wombat,B8:27:EB:CA:A1:3C,-63, WPA ,0.000000,0.000000,0.000,0.000,AP
2026-04-03 14:08:46,1900-01-00 00:00:00,1008-wombat,B8:27:EB:CA:A1:3C,-62, WPA ,0.000000,0.000000,0.000,0.000,AP
2026-04-03 14:08:46,1900-01-00 00:00:00,1008-wombat,B8:27:EB:CA:A1:3C,-62, WPA ,0.000000,0.000000,0.000,0.000,AP
2026-04-03 14:08:46,1900-01-00 00:00:00,1008-wombat,B8:27:EB:CA:A1:3C,-61, WPA ,0.000000,0.000000,0.000,0.000,AP
2026-04-03 14:08:47,1900-01-00 00:00:00,1008-wombat,B8:27:EB:CA:A1:3C,-59, WPA ,0.000000,0.000000,0.000,0.000,AP
2026-04-03 14:08:47,1900-01-00 00:00:00,1008-wombat,B8:27:EB:CA:A1:3C,-60, WPA ,0.000000,0.000000,0.000,0.000,AP
2026-04-03 14:08:47,1900-01-00 00:00:00,1008-wombat,B8:27:EB:CA:A1:3C,-60, WPA ,0.000000,0.000000,0.000,0.000,AP
2026-04-03 14:08:47,1900-01-00 00:00:00,1008-wombat,B8:27:EB:CA:A1:3C,-61, WPA ,0.000000,0.000000,0.000,0.000,AP
2026-04-03 14:08:47,1900-01-00 00:00:00,1008-wombat,B8:27:EB:CA:A1:3C,-61, WPA ,0.000000,0.000000,0.000,0.000,AP
2026-04-03 14:08:47,1900-01-00 00:00:00,1008-wombat,B8:27:EB:CA:A1:3C,-62, WPA ,0.000000,0.000000,0.000,0.000,AP
2026-04-03 14:08:47,1900-01-00 00:00:00,1008-wombat,B8:27:EB:CA:A1:3C,-61, WPA ,0.000000,0.000000,0.000,0.000,AP
2026-04-03 14:08:47,1900-01-00 00:00:00,1008-wombat,B8:27:EB:CA:A1:3C,-60, WPA ,0.000000,0.000000,0.000,0.000,AP
2026-04-03 14:08:47,1900-01-00 00:00:00,1008-wombat,B8:27:EB:CA:A1:3C,-60, WPA ,0.000000,0.000000,0.000,0.000,AP
2026-04-03 14:08:48,1900-01-00 00:00:00,1008-wombat,B8:27:EB:CA:A1:3C,-60, WPA ,0.000000,0.000000,0.000,0.000,AP
2026-04-03 14:08:48,1900-01-00 00:00:00,1008-wombat,B8:27:EB:CA:A1:3C,-60, WPA ,0.000000,0.000000,0.000,0.000,AP
2026-04-03 14:08:48,1900-01-00 00:00:00,1008-wombat,B8:27:EB:CA:A1:3C,-60, WPA ,0.000000,0.000000,0.000,0.000,AP
2026-04-03 14:08:48,1900-01-00 00:00:00,1008-wombat,B8:27:EB:CA:A1:3C,-61, WPA ,0.000000,0.000000,0.000,0.000,AP
2026-04-03 14:08:48,1900-01-00 00:00:00,1008-wombat,B8:27:EB:CA:A1:3C,-60, WPA ,0.000000,0.000000,0.000,0.000,AP
2026-04-03 14:08:48,1900-01-00 00:00:00,1008-wombat,B8:27:EB:CA:A1:3C,-61, WPA ,0.000000,0.000000,0.000,0.000,AP
2026-04-03 14:08:48,1900-01-00 00:00:00,1008-wombat,B8:27:EB:CA:A1:3C,-61, WPA ,0.000000,0.000000,0.000,0.000,AP
2026-04-03 14:08:48,1900-01-00 00:00:00,1008-wombat,B8:27:EB:CA:A1:3C,-57, WPA ,0.000000,0.000000,0.000,0.000,AP
2026-04-03 14:08:48,1900-01-00 00:00:00,1008-wombat,B8:27:EB:CA:A1:3C,-60, WPA ,0.000000,0.000000,0.000,0.000,AP
2026-04-03 14:08:48,1900-01-00 00:00:00,1008-wombat,B8:27:EB:CA:A1:3C,-59, WPA ,0.000000,0.000000,0.000,0.000,AP
2026-04-03 14:08:48,1900-01-00 00:00:00,1008-wombat,B8:27:EB:CA:A1:3C,-59, WPA ,0.000000,0.000000,0.000,0.000,AP
2026-04-03 14:08:48,1900-01-00 00:00:00,1008-wombat,B8:27:EB:CA:A1:3C,-60, WPA ,0.000000,0.000000,0.000,0.000,AP
2026-04-03 14:08:48,1900-01-00 00:00:00,1008-wombat,B8:27:EB:CA:A1:3C,-58, WPA ,0.000000,0.000000,0.000,0.000,AP
2026-04-03 14:08:48,1900-01-00 00:00:00,1008-wombat,B8:27:EB:CA:A1:3C,-60, WPA ,0.000000,0.000000,0.000,0.000,AP
2026-04-03 14:08:48,1900-01-00 00:00:00,,C8:15:4E:20:C7:81,-60,,0.000000,0.000000,0.000,0.000,Client
2026-04-03 14:08:48,1900-01-00 00:00:00,1008-wombat,B8:27:EB:CA:A1:3C,-61, WPA ,0.000000,0.000000,0.000,0.000,AP
2026-04-03 14:08:48,1900-01-00 00:00:00,,C8:15:4E:20:C7:81,-57,,0.000000,0.000000,0.000,0.000,Client
2026-04-03 14:08:48,1900-01-00 00:00:00,1008-wombat,B8:27:EB:CA:A1:3C,-60, WPA ,0.000000,0.000000,0.000,0.000,AP
2026-04-03 14:08:49,1900-01-00 00:00:00,1008-wombat,B8:27:EB:CA:A1:3C,-60, WPA ,0.000000,0.000000,0.000,0.000,AP
2026-04-03 14:08:49,1900-01-00 00:00:00,1008-wombat,B8:27:EB:CA:A1:3C,-61, WPA ,0.000000,0.000000,0.000,0.000,AP
2026-04-03 14:08:49,1900-01-00 00:00:00,1008-wombat,B8:27:EB:CA:A1:3C,-61, WPA ,0.000000,0.000000,0.000,0.000,AP
2026-04-03 14:08:49,1900-01-00 00:00:00,1008-wombat,B8:27:EB:CA:A1:3C,-62, WPA ,0.000000,0.000000,0.000,0.000,AP
2026-04-03 14:08:49,1900-01-00 00:00:00,1008-wombat,B8:27:EB:CA:A1:3C,-61, WPA ,0.000000,0.000000,0.000,0.000,AP
2026-04-03 14:08:49,1900-01-00 00:00:00,1008-wombat,B8:27:EB:CA:A1:3C,-59, WPA ,0.000000,0.000000,0.000,0.000,AP
2026-04-03 14:08:49,1900-01-00 00:00:00,,C8:15:4E:20:C7:81,-57,,0.000000,0.000000,0.000,0.000,Client
2026-04-03 14:08:49,1900-01-00 00:00:00,1008-wombat,B8:27:EB:CA:A1:3C,-61, WPA ,0.000000,0.000000,0.000,0.000,AP
2026-04-03 14:08:49,1900-01-00 00:00:00,1008-wombat,B8:27:EB:CA:A1:3C,-59, WPA ,0.000000,0.000000,0.000,0.000,AP
2026-04-03 14:08:49,1900-01-00 00:00:00,1008-wombat,B8:27:EB:CA:A1:3C,-61, WPA ,0.000000,0.000000,0.000,0.000,AP
2026-04-03 14:08:49,1900-01-00 00:00:00,1008-wombat,B8:27:EB:CA:A1:3C,-61, WPA ,0.000000,0.000000,0.000,0.000,AP
2026-04-03 14:08:50,1900-01-00 00:00:00,1008-wombat,B8:27:EB:CA:A1:3C,-62, WPA ,0.000000,0.000000,0.000,0.000,AP
2026-04-03 14:08:50,1900-01-00 00:00:00,1008-wombat,B8:27:EB:CA:A1:3C,-61, WPA ,0.000000,0.000000,0.000,0.000,AP
2026-04-03 14:08:50,1900-01-00 00:00:00,1008-wombat,B8:27:EB:CA:A1:3C,-59, WPA ,0.000000,0.000000,0.000,0.000,AP
2026-04-03 14:08:50,1900-01-00 00:00:00,1008-wombat,B8:27:EB:CA:A1:3C,-60, WPA ,0.000000,0.000000,0.000,0.000,AP
2026-04-03 14:08:50,1900-01-00 00:00:00,1008-wombat,B8:27:EB:CA:A1:3C,-60, WPA ,0.000000,0.000000,0.000,0.000,AP
2026-04-03 14:08:50,1900-01-00 00:00:00,1008-wombat,B8:27:EB:CA:A1:3C,-61, WPA ,0.000000,0.000000,0.000,0.000,AP
2026-04-03 14:08:50,1900-01-00 00:00:00,1008-wombat,B8:27:EB:CA:A1:3C,-60, WPA ,0.000000,0.000000,0.000,0.000,AP
2026-04-03 14:08:50,1900-01-00 00:00:00,,C8:15:4E:20:C7:81,-57,,0.000000,0.000000,0.000,0.000,Client
2026-04-03 14:08:50,1900-01-00 00:00:00,1008-wombat,B8:27:EB:CA:A1:3C,-60, WPA ,0.000000,0.000000,0.000,0.000,AP
2026-04-03 14:08:50,1900-01-00 00:00:00,,C8:15:4E:20:C7:81,-56,,0.000000,0.000000,0.000,0.000,Client
2026-04-03 14:08:50,1900-01-00 00:00:00,1008-wombat,B8:27:EB:CA:A1:3C,-61, WPA ,0.000000,0.000000,0.000,0.000,AP
2026-04-03 14:08:51,1900-01-00 00:00:00,1008-wombat,B8:27:EB:CA:A1:3C,-61, WPA ,0.000000,0.000000,0.000,0.000,AP
2026-04-03 14:08:51,1900-01-00 00:00:00,,C8:15:4E:20:C7:81,-57,,0.000000,0.000000,0.000,0.000,Client
2026-04-03 14:08:51,1900-01-00 00:00:00,1008-wombat,B8:27:EB:CA:A1:3C,-61, WPA ,0.000000,0.000000,0.000,0.000,AP
2026-04-03 14:08:51,1900-01-00 00:00:00,1008-wombat,B8:27:EB:CA:A1:3C,-60, WPA ,0.000000,0.000000,0.000,0.000,AP
2026-04-03 14:08:51,1900-01-00 00:00:00,,C8:15:4E:20:C7:81,-57,,0.000000,0.000000,0.000,0.000,Client
2026-04-03 14:08:51,1900-01-00 00:00:00,1008-wombat,B8:27:EB:CA:A1:3C,-60, WPA ,0.000000,0.000000,0.000,0.000,AP
2026-04-03 14:08:51,1900-01-00 00:00:00,1008-wombat,B8:27:EB:CA:A1:3C,-60, WPA ,0.000000,0.000000,0.000,0.000,AP
2026-04-03 14:08:51,1900-01-00 00:00:00,1008-wombat,B8:27:EB:CA:A1:3C,-60, WPA ,0.000000,0.000000,0.000,0.000,AP
2026-04-03 14:08:51,1900-01-00 00:00:00,1008-wombat,B8:27:EB:CA:A1:3C,-58, WPA ,0.000000,0.000000,0.000,0.000,AP
2026-04-03 14:08:51,1900-01-00 00:00:00,,C8:15:4E:20:C7:81,-58,,0.000000,0.000000,0.000,0.000,Client
2026-04-03 14:08:51,1900-01-00 00:00:00,1008-wombat,B8:27:EB:CA:A1:3C,-59, WPA ,0.000000,0.000000,0.000,0.000,AP
2026-04-03 14:08:51,1900-01-00 00:00:00,,C8:15:4E:20:C7:81,-59,,0.000000,0.000000,0.000,0.000,Client
2026-04-03 14:08:51,1900-01-00 00:00:00,1008-wombat,B8:27:EB:CA:A1:3C,-59, WPA ,0.000000,0.000000,0.000,0.000,AP
2026-04-03 14:08:51,1900-01-00 00:00:00,,C8:15:4E:20:C7:81,-59,,0.000000,0.000000,0.000,0.000,Client
2026-04-03 14:08:51,1900-01-00 00:00:00,1008-wombat,B8:27:EB:CA:A1:3C,-59, WPA ,0.000000,0.000000,0.000,0.000,AP
2026-04-03 14:08:51,1900-01-00 00:00:00,,C8:15:4E:20:C7:81,-59,,0.000000,0.000000,0.000,0.000,Client
2026-04-03 14:08:51,1900-01-00 00:00:00,1008-wombat,B8:27:EB:CA:A1:3C,-59, WPA ,0.000000,0.000000,0.000,0.000,AP
2026-04-03 14:08:51,1900-01-00 00:00:00,,C8:15:4E:20:C7:81,-59,,0.000000,0.000000,0.000,0.000,Client
2026-04-03 14:08:51,1900-01-00 00:00:00,1008-wombat,B8:27:EB:CA:A1:3C,-59, WPA ,0.000000,0.000000,0.000,0.000,AP
2026-04-03 14:08:51,1900-01-00 00:00:00,,C8:15:4E:20:C7:81,-59,,0.000000,0.000000,0.000,0.000,Client
2026-04-03 14:08:51,1900-01-00 00:00:00,1008-wombat,B8:27:EB:CA:A1:3C,-58, WPA ,0.000000,0.000000,0.000,0.000,AP
2026-04-03 14:08:51,1900-01-00 00:00:00,,C8:15:4E:20:C7:81,-62,,0.000000,0.000000,0.000,0.000,Client
2026-04-03 14:08:51,1900-01-00 00:00:00,1008-wombat,B8:27:EB:CA:A1:3C,-60, WPA ,0.000000,0.000000,0.000,0.000,AP
2026-04-03 14:08:51,1900-01-00 00:00:00,,C8:15:4E:20:C7:81,-60,,0.000000,0.000000,0.000,0.000,Client
2026-04-03 14:08:51,1900-01-00 00:00:00,1008-wombat,B8:27:EB:CA:A1:3C,-60, WPA ,0.000000,0.000000,0.000,0.000,AP
2026-04-03 14:08:51,1900-01-00 00:00:00,,C8:15:4E:20:C7:81,-60,,0.000000,0.000000,0.000,0.000,Client
2026-04-03 14:08:51,1900-01-00 00:00:00,1008-wombat,B8:27:EB:CA:A1:3C,-60, WPA ,0.000000,0.000000,0.000,0.000,AP
2026-04-03 14:08:51,1900-01-00 00:00:00,,C8:15:4E:20:C7:81,-60,,0.000000,0.000000,0.000,0.000,Client
2026-04-03 14:08:51,1900-01-00 00:00:00,1008-wombat,B8:27:EB:CA:A1:3C,-52, WPA ,0.000000,0.000000,0.000,0.000,AP
2026-04-03 14:08:51,1900-01-00 00:00:00,,C8:15:4E:20:C7:81,-52,,0.000000,0.000000,0.000,0.000,Client
2026-04-03 14:08:51,1900-01-00 00:00:00,1008-wombat,B8:27:EB:CA:A1:3C,-52, WPA ,0.000000,0.000000,0.000,0.000,AP
2026-04-03 14:08:51,1900-01-00 00:00:00,,C8:15:4E:20:C7:81,-52,,0.000000,0.000000,0.000,0.000,Client
2026-04-03 14:08:51,1900-01-00 00:00:00,1008-wombat,B8:27:EB:CA:A1:3C,-41, WPA ,0.000000,0.000000,0.000,0.000,AP
2026-04-03 14:08:51,1900-01-00 00:00:00,,C8:15:4E:20:C7:81,-41,,0.000000,0.000000,0.000,0.000,Client
2026-04-03 14:08:51,1900-01-00 00:00:00,1008-wombat,B8:27:EB:CA:A1:3C,-61, WPA ,0.000000,0.000000,0.000,0.000,AP
2026-04-03 14:08:51,1900-01-00 00:00:00,,C8:15:4E:20:C7:81,-60,,0.000000,0.000000,0.000,0.000,Client
2026-04-03 14:08:51,1900-01-00 00:00:00,1008-wombat,B8:27:EB:CA:A1:3C,-61, WPA ,0.000000,0.000000,0.000,0.000,AP
2026-04-03 14:08:51,1900-01-00 00:00:00,,C8:15:4E:20:C7:81,-61,,0.000000,0.000000,0.000,0.000,Client
2026-04-03 14:08:51,1900-01-00 00:00:00,1008-wombat,B8:27:EB:CA:A1:3C,-61, WPA ,0.000000,0.000000,0.000,0.000,AP
2026-04-03 14:08:51,1900-01-00 00:00:00,,C8:15:4E:20:C7:81,-61,,0.000000,0.000000,0.000,0.000,Client
2026-04-03 14:08:51,1900-01-00 00:00:00,1008-wombat,B8:27:EB:CA:A1:3C,-61, WPA ,0.000000,0.000000,0.000,0.000,AP
2026-04-03 14:08:51,1900-01-00 00:00:00,,C8:15:4E:20:C7:81,-61,,0.000000,0.000000,0.000,0.000,Client
2026-04-03 14:08:51,1900-01-00 00:00:00,1008-wombat,B8:27:EB:CA:A1:3C,-61, WPA ,0.000000,0.000000,0.000,0.000,AP
2026-04-03 14:08:51,1900-01-00 00:00:00,,C8:15:4E:20:C7:81,-61,,0.000000,0.000000,0.000,0.000,Client
2026-04-03 14:08:51,1900-01-00 00:00:00,1008-wombat,B8:27:EB:CA:A1:3C,-61, WPA ,0.000000,0.000000,0.000,0.000,AP
2026-04-03 14:08:51,1900-01-00 00:00:00,,C8:15:4E:20:C7:81,-61,,0.000000,0.000000,0.000,0.000,Client
2026-04-03 14:08:51,1900-01-00 00:00:00,1008-wombat,B8:27:EB:CA:A1:3C,-61, WPA ,0.000000,0.000000,0.000,0.000,AP
2026-04-03 14:08:51,1900-01-00 00:00:00,,C8:15:4E:20:C7:81,-61,,0.000000,0.000000,0.000,0.000,Client
2026-04-03 14:08:51,1900-01-00 00:00:00,1008-wombat,B8:27:EB:CA:A1:3C,-60, WPA ,0.000000,0.000000,0.000,0.000,AP
2026-04-03 14:08:51,1900-01-00 00:00:00,1008-wombat,B8:27:EB:CA:A1:3C,-60, WPA ,0.000000,0.000000,0.000,0.000,AP
2026-04-03 14:08:51,1900-01-00 00:00:00,,C8:15:4E:20:C7:81,-60,,0.000000,0.000000,0.000,0.000,Client
2026-04-03 14:08:51,1900-01-00 00:00:00,1008-wombat,B8:27:EB:CA:A1:3C,-61, WPA ,0.000000,0.000000,0.000,0.000,AP
2026-04-03 14:08:51,1900-01-00 00:00:00,,C8:15:4E:20:C7:81,-61,,0.000000,0.000000,0.000,0.000,Client
2026-04-03 14:08:51,1900-01-00 00:00:00,1008-wombat,B8:27:EB:CA:A1:3C,-61, WPA ,0.000000,0.000000,0.000,0.000,AP
2026-04-03 14:08:51,1900-01-00 00:00:00,,C8:15:4E:20:C7:81,-61,,0.000000,0.000000,0.000,0.000,Client
2026-04-03 14:08:51,1900-01-00 00:00:00,1008-wombat,B8:27:EB:CA:A1:3C,-60, WPA ,0.000000,0.000000,0.000,0.000,AP
2026-04-03 14:08:51,1900-01-00 00:00:00,,C8:15:4E:20:C7:81,-60,,0.000000,0.000000,0.000,0.000,Client
2026-04-03 14:08:51,1900-01-00 00:00:00,1008-wombat,B8:27:EB:CA:A1:3C,-60, WPA ,0.000000,0.000000,0.000,0.000,AP
2026-04-03 14:08:51,1900-01-00 00:00:00,,C8:15:4E:20:C7:81,-60,,0.000000,0.000000,0.000,0.000,Client
2026-04-03 14:08:51,1900-01-00 00:00:00,1008-wombat,B8:27:EB:CA:A1:3C,-60, WPA ,0.000000,0.000000,0.000,0.000,AP
2026-04-03 14:08:51,1900-01-00 00:00:00,,C8:15:4E:20:C7:81,-57,,0.000000,0.000000,0.000,0.000,Client
2026-04-03 14:08:51,1900-01-00 00:00:00,1008-wombat,B8:27:EB:CA:A1:3C,-61, WPA ,0.000000,0.000000,0.000,0.000,AP
2026-04-03 14:08:51,1900-01-00 00:00:00,,C8:15:4E:20:C7:81,-61,,0.000000,0.000000,0.000,0.000,Client
2026-04-03 14:08:51,1900-01-00 00:00:00,1008-wombat,B8:27:EB:CA:A1:3C,-36, WPA ,0.000000,0.000000,0.000,0.000,AP
2026-04-03 14:08:51,1900-01-00 00:00:00,,C8:15:4E:20:C7:81,-36,,0.000000,0.000000,0.000,0.000,Client
2026-04-03 14:08:51,1900-01-00 00:00:00,1008-wombat,B8:27:EB:CA:A1:3C,-60, WPA ,0.000000,0.000000,0.000,0.000,AP
2026-04-03 14:08:51,1900-01-00 00:00:00,,C8:15:4E:20:C7:81,-60,,0.000000,0.000000,0.000,0.000,Client
2026-04-03 14:08:51,1900-01-00 00:00:00,1008-wombat,B8:27:EB:CA:A1:3C,-61, WPA ,0.000000,0.000000,0.000,0.000,AP
2026-04-03 14:08:51,1900-01-00 00:00:00,,C8:15:4E:20:C7:81,-61,,0.000000,0.000000,0.000,0.000,Client
2026-04-03 14:08:51,1900-01-00 00:00:00,1008-wombat,B8:27:EB:CA:A1:3C,-60, WPA ,0.000000,0.000000,0.000,0.000,AP
2026-04-03 14:08:51,1900-01-00 00:00:00,,C8:15:4E:20:C7:81,-42,,0.000000,0.000000,0.000,0.000,Client
2026-04-03 14:08:51,1900-01-00 00:00:00,1008-wombat,B8:27:EB:CA:A1:3C,-62, WPA ,0.000000,0.000000,0.000,0.000,AP
2026-04-03 14:08:51,1900-01-00 00:00:00,,C8:15:4E:20:C7:81,-62,,0.000000,0.000000,0.000,0.000,Client
2026-04-03 14:08:51,1900-01-00 00:00:00,1008-wombat,B8:27:EB:CA:A1:3C,-62, WPA ,0.000000,0.000000,0.000,0.000,AP
2026-04-03 14:08:51,1900-01-00 00:00:00,,C8:15:4E:20:C7:81,-62,,0.000000,0.000000,0.000,0.000,Client
2026-04-03 14:08:51,1900-01-00 00:00:00,1008-wombat,B8:27:EB:CA:A1:3C,-61, WPA ,0.000000,0.000000,0.000,0.000,AP
2026-04-03 14:08:51,1900-01-00 00:00:00,,C8:15:4E:20:C7:81,-61,,0.000000,0.000000,0.000,0.000,Client
2026-04-03 14:08:51,1900-01-00 00:00:00,1008-wombat,B8:27:EB:CA:A1:3C,-59, WPA ,0.000000,0.000000,0.000,0.000,AP
2026-04-03 14:08:51,1900-01-00 00:00:00,,C8:15:4E:20:C7:81,-59,,0.000000,0.000000,0.000,0.000,Client
2026-04-03 14:08:51,1900-01-00 00:00:00,1008-wombat,B8:27:EB:CA:A1:3C,-61, WPA ,0.000000,0.000000,0.000,0.000,AP
2026-04-03 14:08:51,1900-01-00 00:00:00,,C8:15:4E:20:C7:81,-61,,0.000000,0.000000,0.000,0.000,Client
2026-04-03 14:08:51,1900-01-00 00:00:00,1008-wombat,B8:27:EB:CA:A1:3C,-62, WPA ,0.000000,0.000000,0.000,0.000,AP
2026-04-03 14:08:51,1900-01-00 00:00:00,,C8:15:4E:20:C7:81,-62,,0.000000,0.000000,0.000,0.000,Client
2026-04-03 14:08:51,1900-01-00 00:00:00,1008-wombat,B8:27:EB:CA:A1:3C,-61, WPA ,0.000000,0.000000,0.000,0.000,AP
2026-04-03 14:08:51,1900-01-00 00:00:00,,C8:15:4E:20:C7:81,-61,,0.000000,0.000000,0.000,0.000,Client
2026-04-03 14:08:51,1900-01-00 00:00:00,1008-wombat,B8:27:EB:CA:A1:3C,-61, WPA ,0.000000,0.000000,0.000,0.000,AP
2026-04-03 14:08:51,1900-01-00 00:00:00,1008-wombat,B8:27:EB:CA:A1:3C,-61, WPA ,0.000000,0.000000,0.000,0.000,AP
2026-04-03 14:08:51,1900-01-00 00:00:00,,C8:15:4E:20:C7:81,-61,,0.000000,0.000000,0.000,0.000,Client
2026-04-03 14:08:51,1900-01-00 00:00:00,1008-wombat,B8:27:EB:CA:A1:3C,-62, WPA ,0.000000,0.000000,0.000,0.000,AP
2026-04-03 14:08:51,1900-01-00 00:00:00,,C8:15:4E:20:C7:81,-62,,0.000000,0.000000,0.000,0.000,Client
2026-04-03 14:08:51,1900-01-00 00:00:00,1008-wombat,B8:27:EB:CA:A1:3C,-61, WPA ,0.000000,0.000000,0.000,0.000,AP
2026-04-03 14:08:51,1900-01-00 00:00:00,,C8:15:4E:20:C7:81,-61,,0.000000,0.000000,0.000,0.000,Client
2026-04-03 14:08:51,1900-01-00 00:00:00,1008-wombat,B8:27:EB:CA:A1:3C,-61, WPA ,0.000000,0.000000,0.000,0.000,AP
2026-04-03 14:08:51,1900-01-00 00:00:00,,C8:15:4E:20:C7:81,-61,,0.000000,0.000000,0.000,0.000,Client
2026-04-03 14:08:51,1900-01-00 00:00:00,1008-wombat,B8:27:EB:CA:A1:3C,-61, WPA ,0.000000,0.000000,0.000,0.000,AP
2026-04-03 14:08:51,1900-01-00 00:00:00,,C8:15:4E:20:C7:81,-61,,0.000000,0.000000,0.000,0.000,Client
2026-04-03 14:08:51,1900-01-00 00:00:00,1008-wombat,B8:27:EB:CA:A1:3C,-62, WPA ,0.000000,0.000000,0.000,0.000,AP
2026-04-03 14:08:51,1900-01-00 00:00:00,,C8:15:4E:20:C7:81,-62,,0.000000,0.000000,0.000,0.000,Client
2026-04-03 14:08:51,1900-01-00 00:00:00,1008-wombat,B8:27:EB:CA:A1:3C,-57, WPA ,0.000000,0.000000,0.000,0.000,AP
2026-04-03 14:08:51,1900-01-00 00:00:00,,C8:15:4E:20:C7:81,-54,,0.000000,0.000000,0.000,0.000,Client
2026-04-03 14:08:51,1900-01-00 00:00:00,1008-wombat,B8:27:EB:CA:A1:3C,-61, WPA ,0.000000,0.000000,0.000,0.000,AP
2026-04-03 14:08:51,1900-01-00 00:00:00,,C8:15:4E:20:C7:81,-61,,0.000000,0.000000,0.000,0.000,Client
2026-04-03 14:08:51,1900-01-00 00:00:00,1008-wombat,B8:27:EB:CA:A1:3C,-61, WPA ,0.000000,0.000000,0.000,0.000,AP
2026-04-03 14:08:51,1900-01-00 00:00:00,,C8:15:4E:20:C7:81,-61,,0.000000,0.000000,0.000,0.000,Client
2026-04-03 14:08:51,1900-01-00 00:00:00,1008-wombat,B8:27:EB:CA:A1:3C,-61, WPA ,0.000000,0.000000,0.000,0.000,AP
2026-04-03 14:08:51,1900-01-00 00:00:00,,C8:15:4E:20:C7:81,-61,,0.000000,0.000000,0.000,0.000,Client
2026-04-03 14:08:51,1900-01-00 00:00:00,1008-wombat,B8:27:EB:CA:A1:3C,-60, WPA ,0.000000,0.000000,0.000,0.000,AP
2026-04-03 14:08:51,1900-01-00 00:00:00,,C8:15:4E:20:C7:81,-60,,0.000000,0.000000,0.000,0.000,Client
2026-04-03 14:08:51,1900-01-00 00:00:00,1008-wombat,B8:27:EB:CA:A1:3C,-61, WPA ,0.000000,0.000000,0.000,0.000,AP
2026-04-03 14:08:51,1900-01-00 00:00:00,,C8:15:4E:20:C7:81,-61,,0.000000,0.000000,0.000,0.000,Client
2026-04-03 14:08:51,1900-01-00 00:00:00,1008-wombat,B8:27:EB:CA:A1:3C,-41, WPA ,0.000000,0.000000,0.000,0.000,AP
2026-04-03 14:08:51,1900-01-00 00:00:00,,C8:15:4E:20:C7:81,-41,,0.000000,0.000000,0.000,0.000,Client
2026-04-03 14:08:51,1900-01-00 00:00:00,1008-wombat,B8:27:EB:CA:A1:3C,-62, WPA ,0.000000,0.000000,0.000,0.000,AP
2026-04-03 14:08:51,1900-01-00 00:00:00,,C8:15:4E:20:C7:81,-62,,0.000000,0.000000,0.000,0.000,Client
2026-04-03 14:08:51,1900-01-00 00:00:00,1008-wombat,B8:27:EB:CA:A1:3C,-54, WPA ,0.000000,0.000000,0.000,0.000,AP
2026-04-03 14:08:51,1900-01-00 00:00:00,,C8:15:4E:20:C7:81,-54,,0.000000,0.000000,0.000,0.000,Client
2026-04-03 14:08:51,1900-01-00 00:00:00,1008-wombat,B8:27:EB:CA:A1:3C,-62, WPA ,0.000000,0.000000,0.000,0.000,AP
2026-04-03 14:08:51,1900-01-00 00:00:00,,C8:15:4E:20:C7:81,-62,,0.000000,0.000000,0.000,0.000,Client
2026-04-03 14:08:51,1900-01-00 00:00:00,1008-wombat,B8:27:EB:CA:A1:3C,-61, WPA ,0.000000,0.000000,0.000,0.000,AP
2026-04-03 14:08:51,1900-01-00 00:00:00,,C8:15:4E:20:C7:81,-61,,0.000000,0.000000,0.000,0.000,Client
2026-04-03 14:08:51,1900-01-00 00:00:00,1008-wombat,B8:27:EB:CA:A1:3C,-61, WPA ,0.000000,0.000000,0.000,0.000,AP
2026-04-03 14:08:51,1900-01-00 00:00:00,,C8:15:4E:20:C7:81,-61,,0.000000,0.000000,0.000,0.000,Client
2026-04-03 14:08:51,1900-01-00 00:00:00,1008-wombat,B8:27:EB:CA:A1:3C,-61, WPA ,0.000000,0.000000,0.000,0.000,AP
2026-04-03 14:08:51,1900-01-00 00:00:00,,C8:15:4E:20:C7:81,-61,,0.000000,0.000000,0.000,0.000,Client
2026-04-03 14:08:51,1900-01-00 00:00:00,1008-wombat,B8:27:EB:CA:A1:3C,-62, WPA ,0.000000,0.000000,0.000,0.000,AP
2026-04-03 14:08:51,1900-01-00 00:00:00,,C8:15:4E:20:C7:81,-62,,0.000000,0.000000,0.000,0.000,Client
2026-04-03 14:08:51,1900-01-00 00:00:00,1008-wombat,B8:27:EB:CA:A1:3C,-62, WPA ,0.000000,0.000000,0.000,0.000,AP
2026-04-03 14:08:51,1900-01-00 00:00:00,1008-wombat,B8:27:EB:CA:A1:3C,-61, WPA ,0.000000,0.000000,0.000,0.000,AP
2026-04-03 14:08:51,1900-01-00 00:00:00,,C8:15:4E:20:C7:81,-61,,0.000000,0.000000,0.000,0.000,Client
2026-04-03 14:08:51,1900-01-00 00:00:00,1008-wombat,B8:27:EB:CA:A1:3C,-61, WPA ,0.000000,0.000000,0.000,0.000,AP
2026-04-03 14:08:51,1900-01-00 00:00:00,,C8:15:4E:20:C7:81,-61,,0.000000,0.000000,0.000,0.000,Client
2026-04-03 14:08:51,1900-01-00 00:00:00,1008-wombat,B8:27:EB:CA:A1:3C,-62, WPA ,0.000000,0.000000,0.000,0.000,AP
2026-04-03 14:08:51,1900-01-00 00:00:00,,C8:15:4E:20:C7:81,-62,,0.000000,0.000000,0.000,0.000,Client
2026-04-03 14:08:51,1900-01-00 00:00:00,1008-wombat,B8:27:EB:CA:A1:3C,-62, WPA ,0.000000,0.000000,0.000,0.000,AP
2026-04-03 14:08:51,1900-01-00 00:00:00,,C8:15:4E:20:C7:81,-62,,0.000000,0.000000,0.000,0.000,Client
2026-04-03 14:08:51,1900-01-00 00:00:00,1008-wombat,B8:27:EB:CA:A1:3C,-59, WPA ,0.000000,0.000000,0.000,0.000,AP
2026-04-03 14:08:51,1900-01-00 00:00:00,,C8:15:4E:20:C7:81,-59,,0.000000,0.000000,0.000,0.000,Client
2026-04-03 14:08:51,1900-01-00 00:00:00,1008-wombat,B8:27:EB:CA:A1:3C,-56, WPA ,0.000000,0.000000,0.000,0.000,AP
2026-04-03 14:08:51,1900-01-00 00:00:00,,C8:15:4E:20:C7:81,-57,,0.000000,0.000000,0.000,0.000,Client
2026-04-03 14:08:51,1900-01-00 00:00:00,1008-wombat,B8:27:EB:CA:A1:3C,-63, WPA ,0.000000,0.000000,0.000,0.000,AP
2026-04-03 14:08:51,1900-01-00 00:00:00,1008-wombat,B8:27:EB:CA:A1:3C,-62, WPA ,0.000000,0.000000,0.000,0.000,AP
2026-04-03 14:08:52,1900-01-00 00:00:00,1008-wombat,B8:27:EB:CA:A1:3C,-60, WPA ,0.000000,0.000000,0.000,0.000,AP
2026-04-03 14:08:52,1900-01-00 00:00:00,1008-wombat,B8:27:EB:CA:A1:3C,-60, WPA ,0.000000,0.000000,0.000,0.000,AP
2026-04-03 14:08:52,1900-01-00 00:00:00,,C8:15:4E:20:C7:81,-60,,0.000000,0.000000,0.000,0.000,Client
2026-04-03 14:08:52,1900-01-00 00:00:00,1008-wombat,B8:27:EB:CA:A1:3C,-60, WPA ,0.000000,0.000000,0.000,0.000,AP
2026-04-03 14:08:52,1900-01-00 00:00:00,,C8:15:4E:20:C7:81,-60,,0.000000,0.000000,0.000,0.000,Client
2026-04-03 14:08:52,1900-01-00 00:00:00,1008-wombat,B8:27:EB:CA:A1:3C,-60, WPA ,0.000000,0.000000,0.000,0.000,AP
2026-04-03 14:08:52,1900-01-00 00:00:00,,C8:15:4E:20:C7:81,-60,,0.000000,0.000000,0.000,0.000,Client
2026-04-03 14:08:52,1900-01-00 00:00:00,1008-wombat,B8:27:EB:CA:A1:3C,-60, WPA ,0.000000,0.000000,0.000,0.000,AP
2026-04-03 14:08:52,1900-01-00 00:00:00,,C8:15:4E:20:C7:81,-60,,0.000000,0.000000,0.000,0.000,Client
2026-04-03 14:08:52,1900-01-00 00:00:00,1008-wombat,B8:27:EB:CA:A1:3C,-56, WPA ,0.000000,0.000000,0.000,0.000,AP
2026-04-03 14:08:52,1900-01-00 00:00:00,,C8:15:4E:20:C7:81,-56,,0.000000,0.000000,0.000,0.000,Client
2026-04-03 14:08:52,1900-01-00 00:00:00,1008-wombat,B8:27:EB:CA:A1:3C,-60, WPA ,0.000000,0.000000,0.000,0.000,AP
2026-04-03 14:08:52,1900-01-00 00:00:00,,C8:15:4E:20:C7:81,-60,,0.000000,0.000000,0.000,0.000,Client
2026-04-03 14:08:52,1900-01-00 00:00:00,1008-wombat,B8:27:EB:CA:A1:3C,-61, WPA ,0.000000,0.000000,0.000,0.000,AP
2026-04-03 14:08:52,1900-01-00 00:00:00,,C8:15:4E:20:C7:81,-61,,0.000000,0.000000,0.000,0.000,Client
2026-04-03 14:08:52,1900-01-00 00:00:00,1008-wombat,B8:27:EB:CA:A1:3C,-61, WPA ,0.000000,0.000000,0.000,0.000,AP
2026-04-03 14:08:52,1900-01-00 00:00:00,,C8:15:4E:20:C7:81,-61,,0.000000,0.000000,0.000,0.000,Client
2026-04-03 14:08:52,1900-01-00 00:00:00,1008-wombat,B8:27:EB:CA:A1:3C,-61, WPA ,0.000000,0.000000,0.000,0.000,AP
2026-04-03 14:08:52,1900-01-00 00:00:00,,C8:15:4E:20:C7:81,-61,,0.000000,0.000000,0.000,0.000,Client
2026-04-03 14:08:52,1900-01-00 00:00:00,1008-wombat,B8:27:EB:CA:A1:3C,-61, WPA ,0.000000,0.000000,0.000,0.000,AP
2026-04-03 14:08:52,1900-01-00 00:00:00,,C8:15:4E:20:C7:81,-61,,0.000000,0.000000,0.000,0.000,Client
2026-04-03 14:08:52,1900-01-00 00:00:00,1008-wombat,B8:27:EB:CA:A1:3C,-42, WPA ,0.000000,0.000000,0.000,0.000,AP
2026-04-03 14:08:52,1900-01-00 00:00:00,,C8:15:4E:20:C7:81,-42,,0.000000,0.000000,0.000,0.000,Client
2026-04-03 14:08:52,1900-01-00 00:00:00,1008-wombat,B8:27:EB:CA:A1:3C,-59, WPA ,0.000000,0.000000,0.000,0.000,AP
2026-04-03 14:08:52,1900-01-00 00:00:00,,C8:15:4E:20:C7:81,-59,,0.000000,0.000000,0.000,0.000,Client
2026-04-03 14:08:52,1900-01-00 00:00:00,1008-wombat,B8:27:EB:CA:A1:3C,-62, WPA ,0.000000,0.000000,0.000,0.000,AP
2026-04-03 14:08:52,1900-01-00 00:00:00,,C8:15:4E:20:C7:81,-57,,0.000000,0.000000,0.000,0.000,Client
2026-04-03 14:08:52,1900-01-00 00:00:00,1008-wombat,B8:27:EB:CA:A1:3C,-57, WPA ,0.000000,0.000000,0.000,0.000,AP
2026-04-03 14:08:52,1900-01-00 00:00:00,,C8:15:4E:20:C7:81,-57,,0.000000,0.000000,0.000,0.000,Client
2026-04-03 14:08:52,1900-01-00 00:00:00,1008-wombat,B8:27:EB:CA:A1:3C,-62, WPA ,0.000000,0.000000,0.000,0.000,AP
2026-04-03 14:08:52,1900-01-00 00:00:00,,C8:15:4E:20:C7:81,-57,,0.000000,0.000000,0.000,0.000,Client
2026-04-03 14:08:52,1900-01-00 00:00:00,1008-wombat,B8:27:EB:CA:A1:3C,-62, WPA ,0.000000,0.000000,0.000,0.000,AP
2026-04-03 14:08:52,1900-01-00 00:00:00,,C8:15:4E:20:C7:81,-62,,0.000000,0.000000,0.000,0.000,Client
2026-04-03 14:08:52,1900-01-00 00:00:00,1008-wombat,B8:27:EB:CA:A1:3C,-62, WPA ,0.000000,0.000000,0.000,0.000,AP
2026-04-03 14:08:52,1900-01-00 00:00:00,,C8:15:4E:20:C7:81,-62,,0.000000,0.000000,0.000,0.000,Client
2026-04-03 14:08:52,1900-01-00 00:00:00,1008-wombat,B8:27:EB:CA:A1:3C,-62, WPA ,0.000000,0.000000,0.000,0.000,AP
2026-04-03 14:08:52,1900-01-00 00:00:00,,C8:15:4E:20:C7:81,-62,,0.000000,0.000000,0.000,0.000,Client
2026-04-03 14:08:52,1900-01-00 00:00:00,1008-wombat,B8:27:EB:CA:A1:3C,-62, WPA ,0.000000,0.000000,0.000,0.000,AP
2026-04-03 14:08:52,1900-01-00 00:00:00,,C8:15:4E:20:C7:81,-62,,0.000000,0.000000,0.000,0.000,Client
2026-04-03 14:08:52,1900-01-00 00:00:00,1008-wombat,B8:27:EB:CA:A1:3C,-62, WPA ,0.000000,0.000000,0.000,0.000,AP
2026-04-03 14:08:52,1900-01-00 00:00:00,,C8:15:4E:20:C7:81,-62,,0.000000,0.000000,0.000,0.000,Client
2026-04-03 14:08:52,1900-01-00 00:00:00,1008-wombat,B8:27:EB:CA:A1:3C,-63, WPA ,0.000000,0.000000,0.000,0.000,AP
2026-04-03 14:08:52,1900-01-00 00:00:00,,C8:15:4E:20:C7:81,-63,,0.000000,0.000000,0.000,0.000,Client
2026-04-03 14:08:52,1900-01-00 00:00:00,1008-wombat,B8:27:EB:CA:A1:3C,-62, WPA ,0.000000,0.000000,0.000,0.000,AP
2026-04-03 14:08:52,1900-01-00 00:00:00,,C8:15:4E:20:C7:81,-62,,0.000000,0.000000,0.000,0.000,Client
2026-04-03 14:08:52,1900-01-00 00:00:00,1008-wombat,B8:27:EB:CA:A1:3C,-63, WPA ,0.000000,0.000000,0.000,0.000,AP
2026-04-03 14:08:52,1900-01-00 00:00:00,,C8:15:4E:20:C7:81,-63,,0.000000,0.000000,0.000,0.000,Client
2026-04-03 14:08:52,1900-01-00 00:00:00,1008-wombat,B8:27:EB:CA:A1:3C,-58, WPA ,0.000000,0.000000,0.000,0.000,AP
2026-04-03 14:08:52,1900-01-00 00:00:00,,C8:15:4E:20:C7:81,-62,,0.000000,0.000000,0.000,0.000,Client
2026-04-03 14:08:52,1900-01-00 00:00:00,1008-wombat,B8:27:EB:CA:A1:3C,-63, WPA ,0.000000,0.000000,0.000,0.000,AP
2026-04-03 14:08:52,1900-01-00 00:00:00,,C8:15:4E:20:C7:81,-63,,0.000000,0.000000,0.000,0.000,Client
2026-04-03 14:08:52,1900-01-00 00:00:00,1008-wombat,B8:27:EB:CA:A1:3C,-62, WPA ,0.000000,0.000000,0.000,0.000,AP
2026-04-03 14:08:52,1900-01-00 00:00:00,,C8:15:4E:20:C7:81,-63,,0.000000,0.000000,0.000,0.000,Client
2026-04-03 14:08:52,1900-01-00 00:00:00,1008-wombat,B8:27:EB:CA:A1:3C,-63, WPA ,0.000000,0.000000,0.000,0.000,AP
2026-04-03 14:08:52,1900-01-00 00:00:00,,C8:15:4E:20:C7:81,-63,,0.000000,0.000000,0.000,0.000,Client
2026-04-03 14:08:52,1900-01-00 00:00:00,1008-wombat,B8:27:EB:CA:A1:3C,-62, WPA ,0.000000,0.000000,0.000,0.000,AP
2026-04-03 14:08:52,1900-01-00 00:00:00,,C8:15:4E:20:C7:81,-62,,0.000000,0.000000,0.000,0.000,Client
2026-04-03 14:08:52,1900-01-00 00:00:00,1008-wombat,B8:27:EB:CA:A1:3C,-63, WPA ,0.000000,0.000000,0.000,0.000,AP
2026-04-03 14:08:52,1900-01-00 00:00:00,,C8:15:4E:20:C7:81,-63,,0.000000,0.000000,0.000,0.000,Client
2026-04-03 14:08:52,1900-01-00 00:00:00,1008-wombat,B8:27:EB:CA:A1:3C,-42, WPA ,0.000000,0.000000,0.000,0.000,AP
2026-04-03 14:08:52,1900-01-00 00:00:00,,C8:15:4E:20:C7:81,-63,,0.000000,0.000000,0.000,0.000,Client
2026-04-03 14:08:52,1900-01-00 00:00:00,1008-wombat,B8:27:EB:CA:A1:3C,-61, WPA ,0.000000,0.000000,0.000,0.000,AP
2026-04-03 14:08:52,1900-01-00 00:00:00,,C8:15:4E:20:C7:81,-62,,0.000000,0.000000,0.000,0.000,Client
2026-04-03 14:08:52,1900-01-00 00:00:00,1008-wombat,B8:27:EB:CA:A1:3C,-63, WPA ,0.000000,0.000000,0.000,0.000,AP
2026-04-03 14:08:52,1900-01-00 00:00:00,,C8:15:4E:20:C7:81,-63,,0.000000,0.000000,0.000,0.000,Client
2026-04-03 14:08:52,1900-01-00 00:00:00,1008-wombat,B8:27:EB:CA:A1:3C,-62, WPA ,0.000000,0.000000,0.000,0.000,AP
2026-04-03 14:08:52,1900-01-00 00:00:00,,C8:15:4E:20:C7:81,-63,,0.000000,0.000000,0.000,0.000,Client
2026-04-03 14:08:52,1900-01-00 00:00:00,1008-wombat,B8:27:EB:CA:A1:3C,-63, WPA ,0.000000,0.000000,0.000,0.000,AP
2026-04-03 14:08:52,1900-01-00 00:00:00,1008-wombat,B8:27:EB:CA:A1:3C,-63, WPA ,0.000000,0.000000,0.000,0.000,AP
2026-04-03 14:08:52,1900-01-00 00:00:00,,C8:15:4E:20:C7:81,-63,,0.000000,0.000000,0.000,0.000,Client
2026-04-03 14:08:52,1900-01-00 00:00:00,1008-wombat,B8:27:EB:CA:A1:3C,-63, WPA ,0.000000,0.000000,0.000,0.000,AP
2026-04-03 14:08:52,1900-01-00 00:00:00,,C8:15:4E:20:C7:81,-63,,0.000000,0.000000,0.000,0.000,Client
2026-04-03 14:08:52,1900-01-00 00:00:00,1008-wombat,B8:27:EB:CA:A1:3C,-63, WPA ,0.000000,0.000000,0.000,0.000,AP
2026-04-03 14:08:52,1900-01-00 00:00:00,,C8:15:4E:20:C7:81,-62,,0.000000,0.000000,0.000,0.000,Client
2026-04-03 14:08:52,1900-01-00 00:00:00,1008-wombat,B8:27:EB:CA:A1:3C,-62, WPA ,0.000000,0.000000,0.000,0.000,AP
2026-04-03 14:08:52,1900-01-00 00:00:00,,C8:15:4E:20:C7:81,-62,,0.000000,0.000000,0.000,0.000,Client
2026-04-03 14:08:52,1900-01-00 00:00:00,1008-wombat,B8:27:EB:CA:A1:3C,-62, WPA ,0.000000,0.000000,0.000,0.000,AP
2026-04-03 14:08:52,1900-01-00 00:00:00,1008-wombat,B8:27:EB:CA:A1:3C,-62, WPA ,0.000000,0.000000,0.000,0.000,AP
2026-04-03 14:08:52,1900-01-00 00:00:00,,C8:15:4E:20:C7:81,-63,,0.000000,0.000000,0.000,0.000,Client
2026-04-03 14:08:52,1900-01-00 00:00:00,1008-wombat,B8:27:EB:CA:A1:3C,-62, WPA ,0.000000,0.000000,0.000,0.000,AP
2026-04-03 14:08:52,1900-01-00 00:00:00,,C8:15:4E:20:C7:81,-63,,0.000000,0.000000,0.000,0.000,Client
2026-04-03 14:08:52,1900-01-00 00:00:00,1008-wombat,B8:27:EB:CA:A1:3C,-62, WPA ,0.000000,0.000000,0.000,0.000,AP
2026-04-03 14:08:52,1900-01-00 00:00:00,,C8:15:4E:20:C7:81,-62,,0.000000,0.000000,0.000,0.000,Client
2026-04-03 14:08:52,1900-01-00 00:00:00,1008-wombat,B8:27:EB:CA:A1:3C,-62, WPA ,0.000000,0.000000,0.000,0.000,AP
2026-04-03 14:08:52,1900-01-00 00:00:00,,C8:15:4E:20:C7:81,-63,,0.000000,0.000000,0.000,0.000,Client
2026-04-03 14:08:52,1900-01-00 00:00:00,1008-wombat,B8:27:EB:CA:A1:3C,-62, WPA ,0.000000,0.000000,0.000,0.000,AP
2026-04-03 14:08:52,1900-01-00 00:00:00,,C8:15:4E:20:C7:81,-62,,0.000000,0.000000,0.000,0.000,Client
2026-04-03 14:08:52,1900-01-00 00:00:00,1008-wombat,B8:27:EB:CA:A1:3C,-57, WPA ,0.000000,0.000000,0.000,0.000,AP
2026-04-03 14:08:52,1900-01-00 00:00:00,,C8:15:4E:20:C7:81,-61,,0.000000,0.000000,0.000,0.000,Client
2026-04-03 14:08:52,1900-01-00 00:00:00,1008-wombat,B8:27:EB:CA:A1:3C,-62, WPA ,0.000000,0.000000,0.000,0.000,AP
2026-04-03 14:08:52,1900-01-00 00:00:00,,C8:15:4E:20:C7:81,-57,,0.000000,0.000000,0.000,0.000,Client
2026-04-03 14:08:52,1900-01-00 00:00:00,1008-wombat,B8:27:EB:CA:A1:3C,-61, WPA ,0.000000,0.000000,0.000,0.000,AP
2026-04-03 14:08:52,1900-01-00 00:00:00,,C8:15:4E:20:C7:81,-61,,0.000000,0.000000,0.000,0.000,Client
2026-04-03 14:08:52,1900-01-00 00:00:00,1008-wombat,B8:27:EB:CA:A1:3C,-61, WPA ,0.000000,0.000000,0.000,0.000,AP
2026-04-03 14:08:52,1900-01-00 00:00:00,,C8:15:4E:20:C7:81,-61,,0.000000,0.000000,0.000,0.000,Client
2026-04-03 14:08:52,1900-01-00 00:00:00,1008-wombat,B8:27:EB:CA:A1:3C,-61, WPA ,0.000000,0.000000,0.000,0.000,AP
2026-04-03 14:08:52,1900-01-00 00:00:00,,C8:15:4E:20:C7:81,-61,,0.000000,0.000000,0.000,0.000,Client
2026-04-03 14:08:52,1900-01-00 00:00:00,1008-wombat,B8:27:EB:CA:A1:3C,-61, WPA ,0.000000,0.000000,0.000,0.000,AP
2026-04-03 14:08:52,1900-01-00 00:00:00,,C8:15:4E:20:C7:81,-61,,0.000000,0.000000,0.000,0.000,Client
2026-04-03 14:08:52,1900-01-00 00:00:00,1008-wombat,B8:27:EB:CA:A1:3C,-43, WPA ,0.000000,0.000000,0.000,0.000,AP
2026-04-03 14:08:52,1900-01-00 00:00:00,,C8:15:4E:20:C7:81,-43,,0.000000,0.000000,0.000,0.000,Client
2026-04-03 14:08:52,1900-01-00 00:00:00,1008-wombat,B8:27:EB:CA:A1:3C,-62, WPA ,0.000000,0.000000,0.000,0.000,AP
2026-04-03 14:08:52,1900-01-00 00:00:00,,C8:15:4E:20:C7:81,-61,,0.000000,0.000000,0.000,0.000,Client
2026-04-03 14:08:52,1900-01-00 00:00:00,1008-wombat,B8:27:EB:CA:A1:3C,-58, WPA ,0.000000,0.000000,0.000,0.000,AP
2026-04-03 14:08:52,1900-01-00 00:00:00,,C8:15:4E:20:C7:81,-58,,0.000000,0.000000,0.000,0.000,Client
2026-04-03 14:08:52,1900-01-00 00:00:00,1008-wombat,B8:27:EB:CA:A1:3C,-62, WPA ,0.000000,0.000000,0.000,0.000,AP
2026-04-03 14:08:52,1900-01-00 00:00:00,,C8:15:4E:20:C7:81,-62,,0.000000,0.000000,0.000,0.000,Client
2026-04-03 14:08:52,1900-01-00 00:00:00,1008-wombat,B8:27:EB:CA:A1:3C,-61, WPA ,0.000000,0.000000,0.000,0.000,AP
2026-04-03 14:08:52,1900-01-00 00:00:00,,C8:15:4E:20:C7:81,-61,,0.000000,0.000000,0.000,0.000,Client
2026-04-03 14:08:52,1900-01-00 00:00:00,1008-wombat,B8:27:EB:CA:A1:3C,-61, WPA ,0.000000,0.000000,0.000,0.000,AP
2026-04-03 14:08:52,1900-01-00 00:00:00,,C8:15:4E:20:C7:81,-61,,0.000000,0.000000,0.000,0.000,Client
2026-04-03 14:08:52,1900-01-00 00:00:00,1008-wombat,B8:27:EB:CA:A1:3C,-61, WPA ,0.000000,0.000000,0.000,0.000,AP
2026-04-03 14:08:52,1900-01-00 00:00:00,,C8:15:4E:20:C7:81,-61,,0.000000,0.000000,0.000,0.000,Client
2026-04-03 14:08:52,1900-01-00 00:00:00,1008-wombat,B8:27:EB:CA:A1:3C,-58, WPA ,0.000000,0.000000,0.000,0.000,AP
2026-04-03 14:08:52,1900-01-00 00:00:00,,C8:15:4E:20:C7:81,-58,,0.000000,0.000000,0.000,0.000,Client
2026-04-03 14:08:52,1900-01-00 00:00:00,1008-wombat,B8:27:EB:CA:A1:3C,-61, WPA ,0.000000,0.000000,0.000,0.000,AP
2026-04-03 14:08:52,1900-01-00 00:00:00,1008-wombat,B8:27:EB:CA:A1:3C,-62, WPA ,0.000000,0.000000,0.000,0.000,AP
2026-04-03 14:08:52,1900-01-00 00:00:00,,C8:15:4E:20:C7:81,-62,,0.000000,0.000000,0.000,0.000,Client
2026-04-03 14:08:52,1900-01-00 00:00:00,1008-wombat,B8:27:EB:CA:A1:3C,-61, WPA ,0.000000,0.000000,0.000,0.000,AP
2026-04-03 14:08:52,1900-01-00 00:00:00,,C8:15:4E:20:C7:81,-61,,0.000000,0.000000,0.000,0.000,Client
2026-04-03 14:08:52,1900-01-00 00:00:00,1008-wombat,B8:27:EB:CA:A1:3C,-60, WPA ,0.000000,0.000000,0.000,0.000,AP
2026-04-03 14:08:52,1900-01-00 00:00:00,,C8:15:4E:20:C7:81,-58,,0.000000,0.000000,0.000,0.000,Client
2026-04-03 14:08:52,1900-01-00 00:00:00,1008-wombat,B8:27:EB:CA:A1:3C,-60, WPA ,0.000000,0.000000,0.000,0.000,AP
2026-04-03 14:08:52,1900-01-00 00:00:00,,C8:15:4E:20:C7:81,-60,,0.000000,0.000000,0.000,0.000,Client
2026-04-03 14:08:52,1900-01-00 00:00:00,1008-wombat,B8:27:EB:CA:A1:3C,-55, WPA ,0.000000,0.000000,0.000,0.000,AP
2026-04-03 14:08:52,1900-01-00 00:00:00,,C8:15:4E:20:C7:81,-55,,0.000000,0.000000,0.000,0.000,Client
2026-04-03 14:08:52,1900-01-00 00:00:00,1008-wombat,B8:27:EB:CA:A1:3C,-59, WPA ,0.000000,0.000000,0.000,0.000,AP
2026-04-03 14:08:52,1900-01-00 00:00:00,,C8:15:4E:20:C7:81,-61,,0.000000,0.000000,0.000,0.000,Client
2026-04-03 14:08:52,1900-01-00 00:00:00,1008-wombat,B8:27:EB:CA:A1:3C,-60, WPA ,0.000000,0.000000,0.000,0.000,AP
2026-04-03 14:08:52,1900-01-00 00:00:00,,C8:15:4E:20:C7:81,-60,,0.000000,0.000000,0.000,0.000,Client
2026-04-03 14:08:52,1900-01-00 00:00:00,1008-wombat,B8:27:EB:CA:A1:3C,-59, WPA ,0.000000,0.000000,0.000,0.000,AP
2026-04-03 14:08:52,1900-01-00 00:00:00,,C8:15:4E:20:C7:81,-59,,0.000000,0.000000,0.000,0.000,Client
2026-04-03 14:08:52,1900-01-00 00:00:00,1008-wombat,B8:27:EB:CA:A1:3C,-60, WPA ,0.000000,0.000000,0.000,0.000,AP
2026-04-03 14:08:52,1900-01-00 00:00:00,1008-wombat,B8:27:EB:CA:A1:3C,-59, WPA ,0.000000,0.000000,0.000,0.000,AP
2026-04-03 14:08:52,1900-01-00 00:00:00,1008-wombat,B8:27:EB:CA:A1:3C,-59, WPA ,0.000000,0.000000,0.000,0.000,AP
2026-04-03 14:08:52,1900-01-00 00:00:00,,C8:15:4E:20:C7:81,-59,,0.000000,0.000000,0.000,0.000,Client
2026-04-03 14:08:52,1900-01-00 00:00:00,1008-wombat,B8:27:EB:CA:A1:3C,-59, WPA ,0.000000,0.000000,0.000,0.000,AP
2026-04-03 14:08:52,1900-01-00 00:00:00,,C8:15:4E:20:C7:81,-58,,0.000000,0.000000,0.000,0.000,Client
2026-04-03 14:08:52,1900-01-00 00:00:00,1008-wombat,B8:27:EB:CA:A1:3C,-58, WPA ,0.000000,0.000000,0.000,0.000,AP
2026-04-03 14:08:52,1900-01-00 00:00:00,,C8:15:4E:20:C7:81,-58,,0.000000,0.000000,0.000,0.000,Client
2026-04-03 14:08:52,1900-01-00 00:00:00,1008-wombat,B8:27:EB:CA:A1:3C,-58, WPA ,0.000000,0.000000,0.000,0.000,AP
2026-04-03 14:08:52,1900-01-00 00:00:00,,C8:15:4E:20:C7:81,-58,,0.000000,0.000000,0.000,0.000,Client
2026-04-03 14:08:52,1900-01-00 00:00:00,1008-wombat,B8:27:EB:CA:A1:3C,-52, WPA ,0.000000,0.000000,0.000,0.000,AP
2026-04-03 14:08:52,1900-01-00 00:00:00,,C8:15:4E:20:C7:81,-52,,0.000000,0.000000,0.000,0.000,Client
2026-04-03 14:08:52,1900-01-00 00:00:00,1008-wombat,B8:27:EB:CA:A1:3C,-58, WPA ,0.000000,0.000000,0.000,0.000,AP
2026-04-03 14:08:52,1900-01-00 00:00:00,,C8:15:4E:20:C7:81,-58,,0.000000,0.000000,0.000,0.000,Client
2026-04-03 14:08:52,1900-01-00 00:00:00,1008-wombat,B8:27:EB:CA:A1:3C,-58, WPA ,0.000000,0.000000,0.000,0.000,AP
2026-04-03 14:08:52,1900-01-00 00:00:00,,C8:15:4E:20:C7:81,-58,,0.000000,0.000000,0.000,0.000,Client
2026-04-03 14:08:52,1900-01-00 00:00:00,1008-wombat,B8:27:EB:CA:A1:3C,-58, WPA ,0.000000,0.000000,0.000,0.000,AP
2026-04-03 14:08:52,1900-01-00 00:00:00,,C8:15:4E:20:C7:81,-41,,0.000000,0.000000,0.000,0.000,Client
2026-04-03 14:08:52,1900-01-00 00:00:00,1008-wombat,B8:27:EB:CA:A1:3C,-42, WPA ,0.000000,0.000000,0.000,0.000,AP
2026-04-03 14:08:52,1900-01-00 00:00:00,,C8:15:4E:20:C7:81,-42,,0.000000,0.000000,0.000,0.000,Client
2026-04-03 14:08:52,1900-01-00 00:00:00,1008-wombat,B8:27:EB:CA:A1:3C,-59, WPA ,0.000000,0.000000,0.000,0.000,AP
2026-04-03 14:08:52,1900-01-00 00:00:00,,C8:15:4E:20:C7:81,-59,,0.000000,0.000000,0.000,0.000,Client
2026-04-03 14:08:52,1900-01-00 00:00:00,1008-wombat,B8:27:EB:CA:A1:3C,-58, WPA ,0.000000,0.000000,0.000,0.000,AP
2026-04-03 14:08:52,1900-01-00 00:00:00,,C8:15:4E:20:C7:81,-58,,0.000000,0.000000,0.000,0.000,Client
2026-04-03 14:08:52,1900-01-00 00:00:00,1008-wombat,B8:27:EB:CA:A1:3C,-58, WPA ,0.000000,0.000000,0.000,0.000,AP
2026-04-03 14:08:52,1900-01-00 00:00:00,,C8:15:4E:20:C7:81,-58,,0.000000,0.000000,0.000,0.000,Client
2026-04-03 14:08:52,1900-01-00 00:00:00,1008-wombat,B8:27:EB:CA:A1:3C,-58, WPA ,0.000000,0.000000,0.000,0.000,AP
2026-04-03 14:08:52,1900-01-00 00:00:00,,C8:15:4E:20:C7:81,-58,,0.000000,0.000000,0.000,0.000,Client
2026-04-03 14:08:52,1900-01-00 00:00:00,1008-wombat,B8:27:EB:CA:A1:3C,-58, WPA ,0.000000,0.000000,0.000,0.000,AP
2026-04-03 14:08:52,1900-01-00 00:00:00,,C8:15:4E:20:C7:81,-58,,0.000000,0.000000,0.000,0.000,Client
2026-04-03 14:08:52,1900-01-00 00:00:00,1008-wombat,B8:27:EB:CA:A1:3C,-59, WPA ,0.000000,0.000000,0.000,0.000,AP
2026-04-03 14:08:52,1900-01-00 00:00:00,,C8:15:4E:20:C7:81,-59,,0.000000,0.000000,0.000,0.000,Client
2026-04-03 14:08:52,1900-01-00 00:00:00,1008-wombat,B8:27:EB:CA:A1:3C,-59, WPA ,0.000000,0.000000,0.000,0.000,AP
2026-04-03 14:08:52,1900-01-00 00:00:00,1008-wombat,B8:27:EB:CA:A1:3C,-58, WPA ,0.000000,0.000000,0.000,0.000,AP
2026-04-03 14:08:52,1900-01-00 00:00:00,,C8:15:4E:20:C7:81,-58,,0.000000,0.000000,0.000,0.000,Client
2026-04-03 14:08:52,1900-01-00 00:00:00,1008-wombat,B8:27:EB:CA:A1:3C,-59, WPA ,0.000000,0.000000,0.000,0.000,AP
2026-04-03 14:08:52,1900-01-00 00:00:00,,C8:15:4E:20:C7:81,-59,,0.000000,0.000000,0.000,0.000,Client
2026-04-03 14:08:52,1900-01-00 00:00:00,1008-wombat,B8:27:EB:CA:A1:3C,-59, WPA ,0.000000,0.000000,0.000,0.000,AP
2026-04-03 14:08:52,1900-01-00 00:00:00,,C8:15:4E:20:C7:81,-59,,0.000000,0.000000,0.000,0.000,Client
2026-04-03 14:08:52,1900-01-00 00:00:00,1008-wombat,B8:27:EB:CA:A1:3C,-58, WPA ,0.000000,0.000000,0.000,0.000,AP
2026-04-03 14:08:52,1900-01-00 00:00:00,,C8:15:4E:20:C7:81,-58,,0.000000,0.000000,0.000,0.000,Client
2026-04-03 14:08:52,1900-01-00 00:00:00,1008-wombat,B8:27:EB:CA:A1:3C,-59, WPA ,0.000000,0.000000,0.000,0.000,AP
2026-04-03 14:08:52,1900-01-00 00:00:00,,C8:15:4E:20:C7:81,-59,,0.000000,0.000000,0.000,0.000,Client
2026-04-03 14:08:52,1900-01-00 00:00:00,1008-wombat,B8:27:EB:CA:A1:3C,-59, WPA ,0.000000,0.000000,0.000,0.000,AP
2026-04-03 14:08:52,1900-01-00 00:00:00,,C8:15:4E:20:C7:81,-59,,0.000000,0.000000,0.000,0.000,Client
2026-04-03 14:08:52,1900-01-00 00:00:00,1008-wombat,B8:27:EB:CA:A1:3C,-64, WPA ,0.000000,0.000000,0.000,0.000,AP
2026-04-03 14:08:52,1900-01-00 00:00:00,,C8:15:4E:20:C7:81,-60,,0.000000,0.000000,0.000,0.000,Client
2026-04-03 14:08:52,1900-01-00 00:00:00,1008-wombat,B8:27:EB:CA:A1:3C,-60, WPA ,0.000000,0.000000,0.000,0.000,AP
2026-04-03 14:08:52,1900-01-00 00:00:00,,C8:15:4E:20:C7:81,-60,,0.000000,0.000000,0.000,0.000,Client
2026-04-03 14:08:52,1900-01-00 00:00:00,1008-wombat,B8:27:EB:CA:A1:3C,-59, WPA ,0.000000,0.000000,0.000,0.000,AP
2026-04-03 14:08:52,1900-01-00 00:00:00,,C8:15:4E:20:C7:81,-59,,0.000000,0.000000,0.000,0.000,Client
2026-04-03 14:08:52,1900-01-00 00:00:00,1008-wombat,B8:27:EB:CA:A1:3C,-59, WPA ,0.000000,0.000000,0.000,0.000,AP
2026-04-03 14:08:52,1900-01-00 00:00:00,,C8:15:4E:20:C7:81,-59,,0.000000,0.000000,0.000,0.000,Client
2026-04-03 14:08:52,1900-01-00 00:00:00,1008-wombat,B8:27:EB:CA:A1:3C,-60, WPA ,0.000000,0.000000,0.000,0.000,AP
2026-04-03 14:08:52,1900-01-00 00:00:00,,C8:15:4E:20:C7:81,-52,,0.000000,0.000000,0.000,0.000,Client
2026-04-03 14:08:52,1900-01-00 00:00:00,1008-wombat,B8:27:EB:CA:A1:3C,-59, WPA ,0.000000,0.000000,0.000,0.000,AP
2026-04-03 14:08:52,1900-01-00 00:00:00,,C8:15:4E:20:C7:81,-59,,0.000000,0.000000,0.000,0.000,Client
2026-04-03 14:08:52,1900-01-00 00:00:00,1008-wombat,B8:27:EB:CA:A1:3C,-41, WPA ,0.000000,0.000000,0.000,0.000,AP
2026-04-03 14:08:52,1900-01-00 00:00:00,,C8:15:4E:20:C7:81,-41,,0.000000,0.000000,0.000,0.000,Client
2026-04-03 14:08:52,1900-01-00 00:00:00,1008-wombat,B8:27:EB:CA:A1:3C,-59, WPA ,0.000000,0.000000,0.000,0.000,AP
2026-04-03 14:08:52,1900-01-00 00:00:00,,C8:15:4E:20:C7:81,-58,,0.000000,0.000000,0.000,0.000,Client
2026-04-03 14:08:52,1900-01-00 00:00:00,1008-wombat,B8:27:EB:CA:A1:3C,-59, WPA ,0.000000,0.000000,0.000,0.000,AP
2026-04-03 14:08:52,1900-01-00 00:00:00,,C8:15:4E:20:C7:81,-59,,0.000000,0.000000,0.000,0.000,Client
2026-04-03 14:08:52,1900-01-00 00:00:00,1008-wombat,B8:27:EB:CA:A1:3C,-60, WPA ,0.000000,0.000000,0.000,0.000,AP
2026-04-03 14:08:52,1900-01-00 00:00:00,,C8:15:4E:20:C7:81,-60,,0.000000,0.000000,0.000,0.000,Client
2026-04-03 14:08:52,1900-01-00 00:00:00,1008-wombat,B8:27:EB:CA:A1:3C,-59, WPA ,0.000000,0.000000,0.000,0.000,AP
2026-04-03 14:08:52,1900-01-00 00:00:00,,C8:15:4E:20:C7:81,-59,,0.000000,0.000000,0.000,0.000,Client
2026-04-03 14:08:52,1900-01-00 00:00:00,1008-wombat,B8:27:EB:CA:A1:3C,-59, WPA ,0.000000,0.000000,0.000,0.000,AP
2026-04-03 14:08:52,1900-01-00 00:00:00,,C8:15:4E:20:C7:81,-59,,0.000000,0.000000,0.000,0.000,Client
2026-04-03 14:08:52,1900-01-00 00:00:00,1008-wombat,B8:27:EB:CA:A1:3C,-59, WPA ,0.000000,0.000000,0.000,0.000,AP
2026-04-03 14:08:52,1900-01-00 00:00:00,,C8:15:4E:20:C7:81,-59,,0.000000,0.000000,0.000,0.000,Client
2026-04-03 14:08:52,1900-01-00 00:00:00,1008-wombat,B8:27:EB:CA:A1:3C,-59, WPA ,0.000000,0.000000,0.000,0.000,AP
2026-04-03 14:08:52,1900-01-00 00:00:00,,C8:15:4E:20:C7:81,-59,,0.000000,0.000000,0.000,0.000,Client
2026-04-03 14:08:52,1900-01-00 00:00:00,1008-wombat,B8:27:EB:CA:A1:3C,-59, WPA ,0.000000,0.000000,0.000,0.000,AP
2026-04-03 14:08:52,1900-01-00 00:00:00,1008-wombat,B8:27:EB:CA:A1:3C,-59, WPA ,0.000000,0.000000,0.000,0.000,AP
2026-04-03 14:08:52,1900-01-00 00:00:00,,C8:15:4E:20:C7:81,-59,,0.000000,0.000000,0.000,0.000,Client
2026-04-03 14:08:52,1900-01-00 00:00:00,1008-wombat,B8:27:EB:CA:A1:3C,-54, WPA ,0.000000,0.000000,0.000,0.000,AP
2026-04-03 14:08:52,1900-01-00 00:00:00,,C8:15:4E:20:C7:81,-54,,0.000000,0.000000,0.000,0.000,Client
2026-04-03 14:08:52,1900-01-00 00:00:00,1008-wombat,B8:27:EB:CA:A1:3C,-60, WPA ,0.000000,0.000000,0.000,0.000,AP
2026-04-03 14:08:52,1900-01-00 00:00:00,,C8:15:4E:20:C7:81,-60,,0.000000,0.000000,0.000,0.000,Client
2026-04-03 14:08:52,1900-01-00 00:00:00,1008-wombat,B8:27:EB:CA:A1:3C,-59, WPA ,0.000000,0.000000,0.000,0.000,AP
2026-04-03 14:08:52,1900-01-00 00:00:00,,C8:15:4E:20:C7:81,-59,,0.000000,0.000000,0.000,0.000,Client
2026-04-03 14:08:52,1900-01-00 00:00:00,1008-wombat,B8:27:EB:CA:A1:3C,-60, WPA ,0.000000,0.000000,0.000,0.000,AP
2026-04-03 14:08:52,1900-01-00 00:00:00,,C8:15:4E:20:C7:81,-57,,0.000000,0.000000,0.000,0.000,Client
2026-04-03 14:08:52,1900-01-00 00:00:00,1008-wombat,B8:27:EB:CA:A1:3C,-57, WPA ,0.000000,0.000000,0.000,0.000,AP
2026-04-03 14:08:52,1900-01-00 00:00:00,,C8:15:4E:20:C7:81,-57,,0.000000,0.000000,0.000,0.000,Client
2026-04-03 14:08:52,1900-01-00 00:00:00,1008-wombat,B8:27:EB:CA:A1:3C,-59, WPA ,0.000000,0.000000,0.000,0.000,AP
2026-04-03 14:08:52,1900-01-00 00:00:00,,C8:15:4E:20:C7:81,-59,,0.000000,0.000000,0.000,0.000,Client
2026-04-03 14:08:52,1900-01-00 00:00:00,1008-wombat,B8:27:EB:CA:A1:3C,-59, WPA ,0.000000,0.000000,0.000,0.000,AP
2026-04-03 14:08:52,1900-01-00 00:00:00,,C8:15:4E:20:C7:81,-59,,0.000000,0.000000,0.000,0.000,Client
2026-04-03 14:08:52,1900-01-00 00:00:00,1008-wombat,B8:27:EB:CA:A1:3C,-59, WPA ,0.000000,0.000000,0.000,0.000,AP
2026-04-03 14:08:52,1900-01-00 00:00:00,,C8:15:4E:20:C7:81,-59,,0.000000,0.000000,0.000,0.000,Client
2026-04-03 14:08:52,1900-01-00 00:00:00,1008-wombat,B8:27:EB:CA:A1:3C,-59, WPA ,0.000000,0.000000,0.000,0.000,AP
2026-04-03 14:08:52,1900-01-00 00:00:00,,C8:15:4E:20:C7:81,-59,,0.000000,0.000000,0.000,0.000,Client
2026-04-03 14:08:52,1900-01-00 00:00:00,1008-wombat,B8:27:EB:CA:A1:3C,-52, WPA ,0.000000,0.000000,0.000,0.000,AP
2026-04-03 14:08:52,1900-01-00 00:00:00,,C8:15:4E:20:C7:81,-52,,0.000000,0.000000,0.000,0.000,Client
2026-04-03 14:08:52,1900-01-00 00:00:00,1008-wombat,B8:27:EB:CA:A1:3C,-41, WPA ,0.000000,0.000000,0.000,0.000,AP
2026-04-03 14:08:52,1900-01-00 00:00:00,,C8:15:4E:20:C7:81,-41,,0.000000,0.000000,0.000,0.000,Client
2026-04-03 14:08:52,1900-01-00 00:00:00,1008-wombat,B8:27:EB:CA:A1:3C,-59, WPA ,0.000000,0.000000,0.000,0.000,AP
2026-04-03 14:08:52,1900-01-00 00:00:00,,C8:15:4E:20:C7:81,-52,,0.000000,0.000000,0.000,0.000,Client
2026-04-03 14:08:52,1900-01-00 00:00:00,1008-wombat,B8:27:EB:CA:A1:3C,-59, WPA ,0.000000,0.000000,0.000,0.000,AP
2026-04-03 14:08:52,1900-01-00 00:00:00,,C8:15:4E:20:C7:81,-59,,0.000000,0.000000,0.000,0.000,Client
2026-04-03 14:08:52,1900-01-00 00:00:00,1008-wombat,B8:27:EB:CA:A1:3C,-60, WPA ,0.000000,0.000000,0.000,0.000,AP
2026-04-03 14:08:52,1900-01-00 00:00:00,,C8:15:4E:20:C7:81,-60,,0.000000,0.000000,0.000,0.000,Client
2026-04-03 14:08:52,1900-01-00 00:00:00,1008-wombat,B8:27:EB:CA:A1:3C,-60, WPA ,0.000000,0.000000,0.000,0.000,AP
2026-04-03 14:08:52,1900-01-00 00:00:00,,C8:15:4E:20:C7:81,-60,,0.000000,0.000000,0.000,0.000,Client
2026-04-03 14:08:52,1900-01-00 00:00:00,1008-wombat,B8:27:EB:CA:A1:3C,-60, WPA ,0.000000,0.000000,0.000,0.000,AP
2026-04-03 14:08:52,1900-01-00 00:00:00,,C8:15:4E:20:C7:81,-60,,0.000000,0.000000,0.000,0.000,Client
2026-04-03 14:08:52,1900-01-00 00:00:00,1008-wombat,B8:27:EB:CA:A1:3C,-59, WPA ,0.000000,0.000000,0.000,0.000,AP
2026-04-03 14:08:52,1900-01-00 00:00:00,,C8:15:4E:20:C7:81,-59,,0.000000,0.000000,0.000,0.000,Client
2026-04-03 14:08:52,1900-01-00 00:00:00,1008-wombat,B8:27:EB:CA:A1:3C,-60, WPA ,0.000000,0.000000,0.000,0.000,AP
2026-04-03 14:08:52,1900-01-00 00:00:00,,C8:15:4E:20:C7:81,-60,,0.000000,0.000000,0.000,0.000,Client
2026-04-03 14:08:52,1900-01-00 00:00:00,1008-wombat,B8:27:EB:CA:A1:3C,-60, WPA ,0.000000,0.000000,0.000,0.000,AP
2026-04-03 14:08:52,1900-01-00 00:00:00,1008-wombat,B8:27:EB:CA:A1:3C,-60, WPA ,0.000000,0.000000,0.000,0.000,AP
2026-04-03 14:08:52,1900-01-00 00:00:00,,C8:15:4E:20:C7:81,-60,,0.000000,0.000000,0.000,0.000,Client
2026-04-03 14:08:52,1900-01-00 00:00:00,1008-wombat,B8:27:EB:CA:A1:3C,-60, WPA ,0.000000,0.000000,0.000,0.000,AP
2026-04-03 14:08:52,1900-01-00 00:00:00,,C8:15:4E:20:C7:81,-60,,0.000000,0.000000,0.000,0.000,Client
2026-04-03 14:08:52,1900-01-00 00:00:00,1008-wombat,B8:27:EB:CA:A1:3C,-60, WPA ,0.000000,0.000000,0.000,0.000,AP
2026-04-03 14:08:52,1900-01-00 00:00:00,,C8:15:4E:20:C7:81,-60,,0.000000,0.000000,0.000,0.000,Client
2026-04-03 14:08:52,1900-01-00 00:00:00,1008-wombat,B8:27:EB:CA:A1:3C,-60, WPA ,0.000000,0.000000,0.000,0.000,AP
2026-04-03 14:08:52,1900-01-00 00:00:00,,C8:15:4E:20:C7:81,-60,,0.000000,0.000000,0.000,0.000,Client
2026-04-03 14:08:52,1900-01-00 00:00:00,1008-wombat,B8:27:EB:CA:A1:3C,-60, WPA ,0.000000,0.000000,0.000,0.000,AP
2026-04-03 14:08:52,1900-01-00 00:00:00,,C8:15:4E:20:C7:81,-60,,0.000000,0.000000,0.000,0.000,Client
2026-04-03 14:08:52,1900-01-00 00:00:00,1008-wombat,B8:27:EB:CA:A1:3C,-58, WPA ,0.000000,0.000000,0.000,0.000,AP
2026-04-03 14:08:52,1900-01-00 00:00:00,,C8:15:4E:20:C7:81,-62,,0.000000,0.000000,0.000,0.000,Client
2026-04-03 14:08:52,1900-01-00 00:00:00,1008-wombat,B8:27:EB:CA:A1:3C,-60, WPA ,0.000000,0.000000,0.000,0.000,AP
2026-04-03 14:08:52,1900-01-00 00:00:00,,C8:15:4E:20:C7:81,-60,,0.000000,0.000000,0.000,0.000,Client
2026-04-03 14:08:52,1900-01-00 00:00:00,1008-wombat,B8:27:EB:CA:A1:3C,-60, WPA ,0.000000,0.000000,0.000,0.000,AP
2026-04-03 14:08:52,1900-01-00 00:00:00,,C8:15:4E:20:C7:81,-60,,0.000000,0.000000,0.000,0.000,Client
2026-04-03 14:08:52,1900-01-00 00:00:00,1008-wombat,B8:27:EB:CA:A1:3C,-60, WPA ,0.000000,0.000000,0.000,0.000,AP
2026-04-03 14:08:52,1900-01-00 00:00:00,,C8:15:4E:20:C7:81,-60,,0.000000,0.000000,0.000,0.000,Client
2026-04-03 14:08:52,1900-01-00 00:00:00,1008-wombat,B8:27:EB:CA:A1:3C,-61, WPA ,0.000000,0.000000,0.000,0.000,AP
2026-04-03 14:08:52,1900-01-00 00:00:00,,C8:15:4E:20:C7:81,-61,,0.000000,0.000000,0.000,0.000,Client
2026-04-03 14:08:52,1900-01-00 00:00:00,1008-wombat,B8:27:EB:CA:A1:3C,-61, WPA ,0.000000,0.000000,0.000,0.000,AP
2026-04-03 14:08:53,1900-01-00 00:00:00,1008-wombat,B8:27:EB:CA:A1:3C,-63, WPA ,0.000000,0.000000,0.000,0.000,AP
2026-04-03 14:08:53,1900-01-00 00:00:00,1008-wombat,B8:27:EB:CA:A1:3C,-62, WPA ,0.000000,0.000000,0.000,0.000,AP
2026-04-03 14:08:53,1900-01-00 00:00:00,1008-wombat,B8:27:EB:CA:A1:3C,-62, WPA ,0.000000,0.000000,0.000,0.000,AP
2026-04-03 14:08:53,1900-01-00 00:00:00,1008-wombat,B8:27:EB:CA:A1:3C,-62, WPA ,0.000000,0.000000,0.000,0.000,AP
2026-04-03 14:08:53,1900-01-00 00:00:00,1008-wombat,B8:27:EB:CA:A1:3C,-63, WPA ,0.000000,0.000000,0.000,0.000,AP
2026-04-03 14:08:53,1900-01-00 00:00:00,1008-wombat,B8:27:EB:CA:A1:3C,-63, WPA ,0.000000,0.000000,0.000,0.000,AP
2026-04-03 14:08:53,1900-01-00 00:00:00,1008-wombat,B8:27:EB:CA:A1:3C,-63, WPA ,0.000000,0.000000,0.000,0.000,AP
2026-04-03 14:08:53,1900-01-00 00:00:00,1008-wombat,B8:27:EB:CA:A1:3C,-62, WPA ,0.000000,0.000000,0.000,0.000,AP
2026-04-03 14:08:53,1900-01-00 00:00:00,1008-wombat,B8:27:EB:CA:A1:3C,-63, WPA ,0.000000,0.000000,0.000,0.000,AP
2026-04-03 14:08:53,1900-01-00 00:00:00,1008-wombat,B8:27:EB:CA:A1:3C,-62, WPA ,0.000000,0.000000,0.000,0.000,AP
2026-04-03 14:08:53,1900-01-00 00:00:00,1008-wombat,B8:27:EB:CA:A1:3C,-62, WPA ,0.000000,0.000000,0.000,0.000,AP
2026-04-03 14:08:53,1900-01-00 00:00:00,1008-wombat,B8:27:EB:CA:A1:3C,-62, WPA ,0.000000,0.000000,0.000,0.000,AP
2026-04-03 14:08:53,1900-01-00 00:00:00,,C8:15:4E:20:C7:81,-59,,0.000000,0.000000,0.000,0.000,Client
2026-04-03 14:08:53,1900-01-00 00:00:00,1008-wombat,B8:27:EB:CA:A1:3C,-62, WPA ,0.000000,0.000000,0.000,0.000,AP
2026-04-03 14:08:53,1900-01-00 00:00:00,1008-wombat,B8:27:EB:CA:A1:3C,-62, WPA ,0.000000,0.000000,0.000,0.000,AP
2026-04-03 14:08:53,1900-01-00 00:00:00,,C8:15:4E:20:C7:81,-59,,0.000000,0.000000,0.000,0.000,Client
2026-04-03 14:08:53,1900-01-00 00:00:00,1008-wombat,B8:27:EB:CA:A1:3C,-62, WPA ,0.000000,0.000000,0.000,0.000,AP
2026-04-03 14:08:53,1900-01-00 00:00:00,1008-wombat,B8:27:EB:CA:A1:3C,-62, WPA ,0.000000,0.000000,0.000,0.000,AP
2026-04-03 14:08:53,1900-01-00 00:00:00,1008-wombat,B8:27:EB:CA:A1:3C,-62, WPA ,0.000000,0.000000,0.000,0.000,AP
2026-04-03 14:08:53,1900-01-00 00:00:00,1008-wombat,B8:27:EB:CA:A1:3C,-62, WPA ,0.000000,0.000000,0.000,0.000,AP
2026-04-03 14:08:53,1900-01-00 00:00:00,,C8:15:4E:20:C7:81,-57,,0.000000,0.000000,0.000,0.000,Client
2026-04-03 14:08:53,1900-01-00 00:00:00,1008-wombat,B8:27:EB:CA:A1:3C,-62, WPA ,0.000000,0.000000,0.000,0.000,AP
2026-04-03 14:08:53,1900-01-00 00:00:00,,C8:15:4E:20:C7:81,-58,,0.000000,0.000000,0.000,0.000,Client
2026-04-03 14:08:53,1900-01-00 00:00:00,1008-wombat,B8:27:EB:CA:A1:3C,-62, WPA ,0.000000,0.000000,0.000,0.000,AP
2026-04-03 14:08:53,1900-01-00 00:00:00,,C8:15:4E:20:C7:81,-58,,0.000000,0.000000,0.000,0.000,Client
2026-04-03 14:08:53,1900-01-00 00:00:00,,C8:15:4E:20:C7:81,-58,,0.000000,0.000000,0.000,0.000,Client
2026-04-03 14:08:53,1900-01-00 00:00:00,,C8:15:4E:20:C7:81,-59,,0.000000,0.000000,0.000,0.000,Client
2026-04-03 14:08:53,1900-01-00 00:00:00,,C8:15:4E:20:C7:81,-59,,0.000000,0.000000,0.000,0.000,Client
2026-04-03 14:08:53,1900-01-00 00:00:00,,C8:15:4E:20:C7:81,-58,,0.000000,0.000000,0.000,0.000,Client
2026-04-03 14:08:53,1900-01-00 00:00:00,1008-wombat,B8:27:EB:CA:A1:3C,-62, WPA ,0.000000,0.000000,0.000,0.000,AP
2026-04-03 14:08:53,1900-01-00 00:00:00,1008-wombat,B8:27:EB:CA:A1:3C,-62, WPA ,0.000000,0.000000,0.000,0.000,AP
2026-04-03 14:08:53,1900-01-00 00:00:00,1008-wombat,B8:27:EB:CA:A1:3C,-62, WPA ,0.000000,0.000000,0.000,0.000,AP
2026-04-03 14:08:53,1900-01-00 00:00:00,1008-wombat,B8:27:EB:CA:A1:3C,-62, WPA ,0.000000,0.000000,0.000,0.000,AP
2026-04-03 14:08:53,1900-01-00 00:00:00,1008-wombat,B8:27:EB:CA:A1:3C,-60, WPA ,0.000000,0.000000,0.000,0.000,AP
2026-04-03 14:08:53,1900-01-00 00:00:00,,C8:15:4E:20:C7:81,-58,,0.000000,0.000000,0.000,0.000,Client
2026-04-03 14:08:53,1900-01-00 00:00:00,,C8:15:4E:20:C7:81,-58,,0.000000,0.000000,0.000,0.000,Client
2026-04-03 14:08:53,1900-01-00 00:00:00,1008-wombat,B8:27:EB:CA:A1:3C,-62, WPA ,0.000000,0.000000,0.000,0.000,AP
2026-04-03 14:08:53,1900-01-00 00:00:00,1008-wombat,B8:27:EB:CA:A1:3C,-63, WPA ,0.000000,0.000000,0.000,0.000,AP
2026-04-03 14:08:53,1900-01-00 00:00:00,1008-wombat,B8:27:EB:CA:A1:3C,-61, WPA ,0.000000,0.000000,0.000,0.000,AP
2026-04-03 14:08:53,1900-01-00 00:00:00,1008-wombat,B8:27:EB:CA:A1:3C,-60, WPA ,0.000000,0.000000,0.000,0.000,AP
2026-04-03 14:08:53,1900-01-00 00:00:00,1008-wombat,B8:27:EB:CA:A1:3C,-59, WPA ,0.000000,0.000000,0.000,0.000,AP
2026-04-03 14:08:53,1900-01-00 00:00:00,1008-wombat,B8:27:EB:CA:A1:3C,-59, WPA ,0.000000,0.000000,0.000,0.000,AP
2026-04-03 14:08:53,1900-01-00 00:00:00,1008-wombat,B8:27:EB:CA:A1:3C,-60, WPA ,0.000000,0.000000,0.000,0.000,AP
2026-04-03 14:08:53,1900-01-00 00:00:00,,C8:15:4E:20:C7:81,-58,,0.000000,0.000000,0.000,0.000,Client
2026-04-03 14:08:53,1900-01-00 00:00:00,1008-wombat,B8:27:EB:CA:A1:3C,-62, WPA ,0.000000,0.000000,0.000,0.000,AP
2026-04-03 14:08:54,1900-01-00 00:00:00,,C8:15:4E:20:C7:81,-58,,0.000000,0.000000,0.000,0.000,Client
2026-04-03 14:08:54,1900-01-00 00:00:00,1008-wombat,B8:27:EB:CA:A1:3C,-62, WPA ,0.000000,0.000000,0.000,0.000,AP
2026-04-03 14:08:54,1900-01-00 00:00:00,1008-wombat,B8:27:EB:CA:A1:3C,-62, WPA ,0.000000,0.000000,0.000,0.000,AP
2026-04-03 14:08:54,1900-01-00 00:00:00,,C8:15:4E:20:C7:81,-58,,0.000000,0.000000,0.000,0.000,Client
2026-04-03 14:08:54,1900-01-00 00:00:00,1008-wombat,B8:27:EB:CA:A1:3C,-63, WPA ,0.000000,0.000000,0.000,0.000,AP
2026-04-03 14:08:54,1900-01-00 00:00:00,1008-wombat,B8:27:EB:CA:A1:3C,-62, WPA ,0.000000,0.000000,0.000,0.000,AP
2026-04-03 14:08:54,1900-01-00 00:00:00,,C8:15:4E:20:C7:81,-57,,0.000000,0.000000,0.000,0.000,Client
2026-04-03 14:08:54,1900-01-00 00:00:00,1008-wombat,B8:27:EB:CA:A1:3C,-61, WPA ,0.000000,0.000000,0.000,0.000,AP
2026-04-03 14:08:54,1900-01-00 00:00:00,1008-wombat,B8:27:EB:CA:A1:3C,-63, WPA ,0.000000,0.000000,0.000,0.000,AP
2026-04-03 14:08:54,1900-01-00 00:00:00,1008-wombat,B8:27:EB:CA:A1:3C,-63, WPA ,0.000000,0.000000,0.000,0.000,AP
2026-04-03 14:08:54,1900-01-00 00:00:00,1008-wombat,B8:27:EB:CA:A1:3C,-63, WPA ,0.000000,0.000000,0.000,0.000,AP
2026-04-03 14:08:54,1900-01-00 00:00:00,1008-wombat,B8:27:EB:CA:A1:3C,-63, WPA ,0.000000,0.000000,0.000,0.000,AP
2026-04-03 14:08:54,1900-01-00 00:00:00,1008-wombat,B8:27:EB:CA:A1:3C,-62, WPA ,0.000000,0.000000,0.000,0.000,AP
2026-04-03 14:08:54,1900-01-00 00:00:00,1008-wombat,B8:27:EB:CA:A1:3C,-61, WPA ,0.000000,0.000000,0.000,0.000,AP
2026-04-03 14:08:54,1900-01-00 00:00:00,1008-wombat,B8:27:EB:CA:A1:3C,-62, WPA ,0.000000,0.000000,0.000,0.000,AP
2026-04-03 14:08:54,1900-01-00 00:00:00,1008-wombat,B8:27:EB:CA:A1:3C,-61, WPA ,0.000000,0.000000,0.000,0.000,AP
2026-04-03 14:08:54,1900-01-00 00:00:00,1008-wombat,B8:27:EB:CA:A1:3C,-62, WPA ,0.000000,0.000000,0.000,0.000,AP
2026-04-03 14:08:54,1900-01-00 00:00:00,1008-wombat,B8:27:EB:CA:A1:3C,-61, WPA ,0.000000,0.000000,0.000,0.000,AP
2026-04-03 14:08:54,1900-01-00 00:00:00,1008-wombat,B8:27:EB:CA:A1:3C,-60, WPA ,0.000000,0.000000,0.000,0.000,AP
2026-04-03 14:08:54,1900-01-00 00:00:00,1008-wombat,B8:27:EB:CA:A1:3C,-62, WPA ,0.000000,0.000000,0.000,0.000,AP
2026-04-03 14:08:54,1900-01-00 00:00:00,1008-wombat,B8:27:EB:CA:A1:3C,-61, WPA ,0.000000,0.000000,0.000,0.000,AP
2026-04-03 14:08:54,1900-01-00 00:00:00,1008-wombat,B8:27:EB:CA:A1:3C,-60, WPA ,0.000000,0.000000,0.000,0.000,AP
2026-04-03 14:08:54,1900-01-00 00:00:00,1008-wombat,B8:27:EB:CA:A1:3C,-61, WPA ,0.000000,0.000000,0.000,0.000,AP
2026-04-03 14:08:54,1900-01-00 00:00:00,1008-wombat,B8:27:EB:CA:A1:3C,-60, WPA ,0.000000,0.000000,0.000,0.000,AP
2026-04-03 14:08:54,1900-01-00 00:00:00,1008-wombat,B8:27:EB:CA:A1:3C,-61, WPA ,0.000000,0.000000,0.000,0.000,AP
2026-04-03 14:08:54,1900-01-00 00:00:00,1008-wombat,B8:27:EB:CA:A1:3C,-63, WPA ,0.000000,0.000000,0.000,0.000,AP
2026-04-03 14:08:54,1900-01-00 00:00:00,1008-wombat,B8:27:EB:CA:A1:3C,-62, WPA ,0.000000,0.000000,0.000,0.000,AP
2026-04-03 14:08:54,1900-01-00 00:00:00,1008-wombat,B8:27:EB:CA:A1:3C,-63, WPA ,0.000000,0.000000,0.000,0.000,AP
2026-04-03 14:08:54,1900-01-00 00:00:00,1008-wombat,B8:27:EB:CA:A1:3C,-63, WPA ,0.000000,0.000000,0.000,0.000,AP
2026-04-03 14:08:55,1900-01-00 00:00:00,1008-wombat,B8:27:EB:CA:A1:3C,-62, WPA ,0.000000,0.000000,0.000,0.000,AP
2026-04-03 14:08:55,1900-01-00 00:00:00,1008-wombat,B8:27:EB:CA:A1:3C,-62, WPA ,0.000000,0.000000,0.000,0.000,AP
2026-04-03 14:08:55,1900-01-00 00:00:00,1008-wombat,B8:27:EB:CA:A1:3C,-61, WPA ,0.000000,0.000000,0.000,0.000,AP
2026-04-03 14:08:55,1900-01-00 00:00:00,1008-wombat,B8:27:EB:CA:A1:3C,-62, WPA ,0.000000,0.000000,0.000,0.000,AP
2026-04-03 14:08:55,1900-01-00 00:00:00,1008-wombat,B8:27:EB:CA:A1:3C,-61, WPA ,0.000000,0.000000,0.000,0.000,AP
2026-04-03 14:08:55,1900-01-00 00:00:00,1008-wombat,B8:27:EB:CA:A1:3C,-62, WPA ,0.000000,0.000000,0.000,0.000,AP
2026-04-03 14:08:55,1900-01-00 00:00:00,1008-wombat,B8:27:EB:CA:A1:3C,-61, WPA ,0.000000,0.000000,0.000,0.000,AP
2026-04-03 14:08:55,1900-01-00 00:00:00,1008-wombat,B8:27:EB:CA:A1:3C,-62, WPA ,0.000000,0.000000,0.000,0.000,AP
2026-04-03 14:08:55,1900-01-00 00:00:00,1008-wombat,B8:27:EB:CA:A1:3C,-62, WPA ,0.000000,0.000000,0.000,0.000,AP
2026-04-03 14:08:55,1900-01-00 00:00:00,1008-wombat,B8:27:EB:CA:A1:3C,-62, WPA ,0.000000,0.000000,0.000,0.000,AP
2026-04-03 14:08:55,1900-01-00 00:00:00,1008-wombat,B8:27:EB:CA:A1:3C,-61, WPA ,0.000000,0.000000,0.000,0.000,AP
2026-04-03 14:08:55,1900-01-00 00:00:00,1008-wombat,B8:27:EB:CA:A1:3C,-62, WPA ,0.000000,0.000000,0.000,0.000,AP
2026-04-03 14:08:55,1900-01-00 00:00:00,1008-wombat,B8:27:EB:CA:A1:3C,-62, WPA ,0.000000,0.000000,0.000,0.000,AP
2026-04-03 14:08:56,1900-01-00 00:00:00,1008-wombat,B8:27:EB:CA:A1:3C,-62, WPA ,0.000000,0.000000,0.000,0.000,AP
2026-04-03 14:08:56,1900-01-00 00:00:00,1008-wombat,B8:27:EB:CA:A1:3C,-62, WPA ,0.000000,0.000000,0.000,0.000,AP
2026-04-03 14:08:56,1900-01-00 00:00:00,1008-wombat,B8:27:EB:CA:A1:3C,-62, WPA ,0.000000,0.000000,0.000,0.000,AP
2026-04-03 14:08:56,1900-01-00 00:00:00,1008-wombat,B8:27:EB:CA:A1:3C,-62, WPA ,0.000000,0.000000,0.000,0.000,AP
2026-04-03 14:08:56,1900-01-00 00:00:00,1008-wombat,B8:27:EB:CA:A1:3C,-62, WPA ,0.000000,0.000000,0.000,0.000,AP
2026-04-03 14:08:56,1900-01-00 00:00:00,1008-wombat,B8:27:EB:CA:A1:3C,-61, WPA ,0.000000,0.000000,0.000,0.000,AP
2026-04-03 14:08:56,1900-01-00 00:00:00,1008-wombat,B8:27:EB:CA:A1:3C,-62, WPA ,0.000000,0.000000,0.000,0.000,AP
2026-04-03 14:08:56,1900-01-00 00:00:00,1008-wombat,B8:27:EB:CA:A1:3C,-62, WPA ,0.000000,0.000000,0.000,0.000,AP
2026-04-03 14:08:56,1900-01-00 00:00:00,1008-wombat,B8:27:EB:CA:A1:3C,-61, WPA ,0.000000,0.000000,0.000,0.000,AP
2026-04-03 14:08:56,1900-01-00 00:00:00,1008-wombat,B8:27:EB:CA:A1:3C,-61, WPA ,0.000000,0.000000,0.000,0.000,AP
2026-04-03 14:08:56,1900-01-00 00:00:00,1008-wombat,B8:27:EB:CA:A1:3C,-60, WPA ,0.000000,0.000000,0.000,0.000,AP
2026-04-03 14:08:56,1900-01-00 00:00:00,1008-wombat,B8:27:EB:CA:A1:3C,-61, WPA ,0.000000,0.000000,0.000,0.000,AP
2026-04-03 14:08:56,1900-01-00 00:00:00,1008-wombat,B8:27:EB:CA:A1:3C,-61, WPA ,0.000000,0.000000,0.000,0.000,AP
2026-04-03 14:08:56,1900-01-00 00:00:00,1008-wombat,B8:27:EB:CA:A1:3C,-61, WPA ,0.000000,0.000000,0.000,0.000,AP
2026-04-03 14:08:56,1900-01-00 00:00:00,1008-wombat,B8:27:EB:CA:A1:3C,-61, WPA ,0.000000,0.000000,0.000,0.000,AP
2026-04-03 14:08:56,1900-01-00 00:00:00,1008-wombat,B8:27:EB:CA:A1:3C,-62, WPA ,0.000000,0.000000,0.000,0.000,AP
2026-04-03 14:08:56,1900-01-00 00:00:00,1008-wombat,B8:27:EB:CA:A1:3C,-61, WPA ,0.000000,0.000000,0.000,0.000,AP
2026-04-03 14:08:56,1900-01-00 00:00:00,1008-wombat,B8:27:EB:CA:A1:3C,-62, WPA ,0.000000,0.000000,0.000,0.000,AP
2026-04-03 14:08:56,1900-01-00 00:00:00,1008-wombat,B8:27:EB:CA:A1:3C,-62, WPA ,0.000000,0.000000,0.000,0.000,AP
2026-04-03 14:08:56,1900-01-00 00:00:00,1008-wombat,B8:27:EB:CA:A1:3C,-62, WPA ,0.000000,0.000000,0.000,0.000,AP
2026-04-03 14:08:56,1900-01-00 00:00:00,1008-wombat,B8:27:EB:CA:A1:3C,-62, WPA ,0.000000,0.000000,0.000,0.000,AP
2026-04-03 14:08:56,1900-01-00 00:00:00,1008-wombat,B8:27:EB:CA:A1:3C,-61, WPA ,0.000000,0.000000,0.000,0.000,AP
2026-04-03 14:08:56,1900-01-00 00:00:00,1008-wombat,B8:27:EB:CA:A1:3C,-61, WPA ,0.000000,0.000000,0.000,0.000,AP
2026-04-03 14:08:56,1900-01-00 00:00:00,1008-wombat,B8:27:EB:CA:A1:3C,-61, WPA ,0.000000,0.000000,0.000,0.000,AP
2026-04-03 14:08:56,1900-01-00 00:00:00,1008-wombat,B8:27:EB:CA:A1:3C,-62, WPA ,0.000000,0.000000,0.000,0.000,AP
2026-04-03 14:08:56,1900-01-00 00:00:00,1008-wombat,B8:27:EB:CA:A1:3C,-60, WPA ,0.000000,0.000000,0.000,0.000,AP
2026-04-03 14:08:56,1900-01-00 00:00:00,1008-wombat,B8:27:EB:CA:A1:3C,-60, WPA ,0.000000,0.000000,0.000,0.000,AP
2026-04-03 14:08:56,1900-01-00 00:00:00,1008-wombat,B8:27:EB:CA:A1:3C,-60, WPA ,0.000000,0.000000,0.000,0.000,AP
2026-04-03 14:08:57,1900-01-00 00:00:00,1008-wombat,B8:27:EB:CA:A1:3C,-61, WPA ,0.000000,0.000000,0.000,0.000,AP
2026-04-03 14:08:57,1900-01-00 00:00:00,1008-wombat,B8:27:EB:CA:A1:3C,-61, WPA ,0.000000,0.000000,0.000,0.000,AP
2026-04-03 14:08:57,1900-01-00 00:00:00,1008-wombat,B8:27:EB:CA:A1:3C,-61, WPA ,0.000000,0.000000,0.000,0.000,AP
2026-04-03 14:08:57,1900-01-00 00:00:00,1008-wombat,B8:27:EB:CA:A1:3C,-61, WPA ,0.000000,0.000000,0.000,0.000,AP
2026-04-03 14:08:57,1900-01-00 00:00:00,1008-wombat,B8:27:EB:CA:A1:3C,-61, WPA ,0.000000,0.000000,0.000,0.000,AP
2026-04-03 14:08:57,1900-01-00 00:00:00,1008-wombat,B8:27:EB:CA:A1:3C,-60, WPA ,0.000000,0.000000,0.000,0.000,AP
2026-04-03 14:08:57,1900-01-00 00:00:00,1008-wombat,B8:27:EB:CA:A1:3C,-61, WPA ,0.000000,0.000000,0.000,0.000,AP
2026-04-03 14:08:57,1900-01-00 00:00:00,1008-wombat,B8:27:EB:CA:A1:3C,-60, WPA ,0.000000,0.000000,0.000,0.000,AP
2026-04-03 14:08:57,1900-01-00 00:00:00,1008-wombat,B8:27:EB:CA:A1:3C,-61, WPA ,0.000000,0.000000,0.000,0.000,AP
2026-04-03 14:08:57,1900-01-00 00:00:00,1008-wombat,B8:27:EB:CA:A1:3C,-61, WPA ,0.000000,0.000000,0.000,0.000,AP
2026-04-03 14:08:58,1900-01-00 00:00:00,1008-wombat,B8:27:EB:CA:A1:3C,-59, WPA ,0.000000,0.000000,0.000,0.000,AP
2026-04-03 14:08:58,1900-01-00 00:00:00,1008-wombat,B8:27:EB:CA:A1:3C,-60, WPA ,0.000000,0.000000,0.000,0.000,AP
2026-04-03 14:08:58,1900-01-00 00:00:00,1008-wombat,B8:27:EB:CA:A1:3C,-60, WPA ,0.000000,0.000000,0.000,0.000,AP
2026-04-03 14:08:58,1900-01-00 00:00:00,1008-wombat,B8:27:EB:CA:A1:3C,-60, WPA ,0.000000,0.000000,0.000,0.000,AP
2026-04-03 14:08:58,1900-01-00 00:00:00,1008-wombat,B8:27:EB:CA:A1:3C,-61, WPA ,0.000000,0.000000,0.000,0.000,AP
2026-04-03 14:08:58,1900-01-00 00:00:00,1008-wombat,B8:27:EB:CA:A1:3C,-61, WPA ,0.000000,0.000000,0.000,0.000,AP
2026-04-03 14:08:58,1900-01-00 00:00:00,1008-wombat,B8:27:EB:CA:A1:3C,-60, WPA ,0.000000,0.000000,0.000,0.000,AP
2026-04-03 14:08:59,1900-01-00 00:00:00,1008-wombat,B8:27:EB:CA:A1:3C,-62, WPA ,0.000000,0.000000,0.000,0.000,AP
2026-04-03 14:08:59,1900-01-00 00:00:00,1008-wombat,B8:27:EB:CA:A1:3C,-61, WPA ,0.000000,0.000000,0.000,0.000,AP
2026-04-03 14:08:59,1900-01-00 00:00:00,1008-wombat,B8:27:EB:CA:A1:3C,-60, WPA ,0.000000,0.000000,0.000,0.000,AP
2026-04-03 14:08:59,1900-01-00 00:00:00,1008-wombat,B8:27:EB:CA:A1:3C,-61, WPA ,0.000000,0.000000,0.000,0.000,AP
2026-04-03 14:08:59,1900-01-00 00:00:00,1008-wombat,B8:27:EB:CA:A1:3C,-61, WPA ,0.000000,0.000000,0.000,0.000,AP
2026-04-03 14:08:59,1900-01-00 00:00:00,1008-wombat,B8:27:EB:CA:A1:3C,-61, WPA ,0.000000,0.000000,0.000,0.000,AP
2026-04-03 14:08:59,1900-01-00 00:00:00,1008-wombat,B8:27:EB:CA:A1:3C,-61, WPA ,0.000000,0.000000,0.000,0.000,AP
2026-04-03 14:08:59,1900-01-00 00:00:00,1008-wombat,B8:27:EB:CA:A1:3C,-60, WPA ,0.000000,0.000000,0.000,0.000,AP
2026-04-03 14:08:59,1900-01-00 00:00:00,1008-wombat,B8:27:EB:CA:A1:3C,-61, WPA ,0.000000,0.000000,0.000,0.000,AP
2026-04-03 14:08:59,1900-01-00 00:00:00,1008-wombat,B8:27:EB:CA:A1:3C,-61, WPA ,0.000000,0.000000,0.000,0.000,AP
2026-04-03 14:08:59,1900-01-00 00:00:00,1008-wombat,B8:27:EB:CA:A1:3C,-60, WPA ,0.000000,0.000000,0.000,0.000,AP
2026-04-03 14:09:00,1900-01-00 00:00:00,1008-wombat,B8:27:EB:CA:A1:3C,-58, WPA ,0.000000,0.000000,0.000,0.000,AP
2026-04-03 14:09:00,1900-01-00 00:00:00,1008-wombat,B8:27:EB:CA:A1:3C,-59, WPA ,0.000000,0.000000,0.000,0.000,AP
2026-04-03 14:09:00,1900-01-00 00:00:00,1008-wombat,B8:27:EB:CA:A1:3C,-60, WPA ,0.000000,0.000000,0.000,0.000,AP
2026-04-03 14:09:00,1900-01-00 00:00:00,1008-wombat,B8:27:EB:CA:A1:3C,-61, WPA ,0.000000,0.000000,0.000,0.000,AP
2026-04-03 14:09:00,1900-01-00 00:00:00,1008-wombat,B8:27:EB:CA:A1:3C,-60, WPA ,0.000000,0.000000,0.000,0.000,AP
2026-04-03 14:09:00,1900-01-00 00:00:00,1008-wombat,B8:27:EB:CA:A1:3C,-59, WPA ,0.000000,0.000000,0.000,0.000,AP
2026-04-03 14:09:00,1900-01-00 00:00:00,1008-wombat,B8:27:EB:CA:A1:3C,-58, WPA ,0.000000,0.000000,0.000,0.000,AP
2026-04-03 14:09:00,1900-01-00 00:00:00,1008-wombat,B8:27:EB:CA:A1:3C,-58, WPA ,0.000000,0.000000,0.000,0.000,AP
2026-04-03 14:09:00,1900-01-00 00:00:00,1008-wombat,B8:27:EB:CA:A1:3C,-58, WPA ,0.000000,0.000000,0.000,0.000,AP
2026-04-03 14:09:00,1900-01-00 00:00:00,1008-wombat,B8:27:EB:CA:A1:3C,-57, WPA ,0.000000,0.000000,0.000,0.000,AP
2026-04-03 14:09:01,1900-01-00 00:00:00,1008-wombat,B8:27:EB:CA:A1:3C,-58, WPA ,0.000000,0.000000,0.000,0.000,AP
2026-04-03 14:09:01,1900-01-00 00:00:00,1008-wombat,B8:27:EB:CA:A1:3C,-57, WPA ,0.000000,0.000000,0.000,0.000,AP
2026-04-03 14:09:01,1900-01-00 00:00:00,1008-wombat,B8:27:EB:CA:A1:3C,-57, WPA ,0.000000,0.000000,0.000,0.000,AP
2026-04-03 14:09:01,1900-01-00 00:00:00,1008-wombat,B8:27:EB:CA:A1:3C,-57, WPA ,0.000000,0.000000,0.000,0.000,AP
2026-04-03 14:09:01,1900-01-00 00:00:00,1008-wombat,B8:27:EB:CA:A1:3C,-58, WPA ,0.000000,0.000000,0.000,0.000,AP
2026-04-03 14:09:01,1900-01-00 00:00:00,1008-wombat,B8:27:EB:CA:A1:3C,-57, WPA ,0.000000,0.000000,0.000,0.000,AP
2026-04-03 14:09:01,1900-01-00 00:00:00,1008-wombat,B8:27:EB:CA:A1:3C,-58, WPA ,0.000000,0.000000,0.000,0.000,AP
2026-04-03 14:09:01,1900-01-00 00:00:00,1008-wombat,B8:27:EB:CA:A1:3C,-55, WPA ,0.000000,0.000000,0.000,0.000,AP
2026-04-03 14:09:01,1900-01-00 00:00:00,1008-wombat,B8:27:EB:CA:A1:3C,-59, WPA ,0.000000,0.000000,0.000,0.000,AP
2026-04-03 14:09:01,1900-01-00 00:00:00,1008-wombat,B8:27:EB:CA:A1:3C,-58, WPA ,0.000000,0.000000,0.000,0.000,AP
2026-04-03 14:09:01,1900-01-00 00:00:00,1008-wombat,B8:27:EB:CA:A1:3C,-57, WPA ,0.000000,0.000000,0.000,0.000,AP
2026-04-03 14:09:01,1900-01-00 00:00:00,1008-wombat,B8:27:EB:CA:A1:3C,-58, WPA ,0.000000,0.000000,0.000,0.000,AP
2026-04-03 14:09:01,1900-01-00 00:00:00,1008-wombat,B8:27:EB:CA:A1:3C,-57, WPA ,0.000000,0.000000,0.000,0.000,AP
2026-04-03 14:09:01,1900-01-00 00:00:00,1008-wombat,B8:27:EB:CA:A1:3C,-57, WPA ,0.000000,0.000000,0.000,0.000,AP
2026-04-03 14:09:01,1900-01-00 00:00:00,1008-wombat,B8:27:EB:CA:A1:3C,-56, WPA ,0.000000,0.000000,0.000,0.000,AP
2026-04-03 14:09:01,1900-01-00 00:00:00,1008-wombat,B8:27:EB:CA:A1:3C,-58, WPA ,0.000000,0.000000,0.000,0.000,AP
2026-04-03 14:09:02,1900-01-00 00:00:00,1008-wombat,B8:27:EB:CA:A1:3C,-58, WPA ,0.000000,0.000000,0.000,0.000,AP
2026-04-03 14:09:02,1900-01-00 00:00:00,1008-wombat,B8:27:EB:CA:A1:3C,-59, WPA ,0.000000,0.000000,0.000,0.000,AP
2026-04-03 14:09:02,1900-01-00 00:00:00,1008-wombat,B8:27:EB:CA:A1:3C,-58, WPA ,0.000000,0.000000,0.000,0.000,AP
2026-04-03 14:09:02,1900-01-00 00:00:00,1008-wombat,B8:27:EB:CA:A1:3C,-57, WPA ,0.000000,0.000000,0.000,0.000,AP
2026-04-03 14:09:02,1900-01-00 00:00:00,1008-wombat,B8:27:EB:CA:A1:3C,-57, WPA ,0.000000,0.000000,0.000,0.000,AP
2026-04-03 14:09:02,1900-01-00 00:00:00,1008-wombat,B8:27:EB:CA:A1:3C,-58, WPA ,0.000000,0.000000,0.000,0.000,AP
2026-04-03 14:09:02,1900-01-00 00:00:00,1008-wombat,B8:27:EB:CA:A1:3C,-59, WPA ,0.000000,0.000000,0.000,0.000,AP
2026-04-03 14:09:02,1900-01-00 00:00:00,1008-wombat,B8:27:EB:CA:A1:3C,-59, WPA ,0.000000,0.000000,0.000,0.000,AP
2026-04-03 14:09:02,1900-01-00 00:00:00,1008-wombat,B8:27:EB:CA:A1:3C,-59, WPA ,0.000000,0.000000,0.000,0.000,AP
2026-04-03 14:09:02,1900-01-00 00:00:00,1008-wombat,B8:27:EB:CA:A1:3C,-59, WPA ,0.000000,0.000000,0.000,0.000,AP
2026-04-03 14:09:02,1900-01-00 00:00:00,1008-wombat,B8:27:EB:CA:A1:3C,-59, WPA ,0.000000,0.000000,0.000,0.000,AP
2026-04-03 14:09:02,1900-01-00 00:00:00,1008-wombat,B8:27:EB:CA:A1:3C,-59, WPA ,0.000000,0.000000,0.000,0.000,AP
2026-04-03 14:09:02,1900-01-00 00:00:00,1008-wombat,B8:27:EB:CA:A1:3C,-59, WPA ,0.000000,0.000000,0.000,0.000,AP
2026-04-03 14:09:02,1900-01-00 00:00:00,1008-wombat,B8:27:EB:CA:A1:3C,-59, WPA ,0.000000,0.000000,0.000,0.000,AP
2026-04-03 14:09:02,1900-01-00 00:00:00,1008-wombat,B8:27:EB:CA:A1:3C,-59, WPA ,0.000000,0.000000,0.000,0.000,AP
2026-04-03 14:09:02,1900-01-00 00:00:00,1008-wombat,B8:27:EB:CA:A1:3C,-58, WPA ,0.000000,0.000000,0.000,0.000,AP
2026-04-03 14:09:02,1900-01-00 00:00:00,1008-wombat,B8:27:EB:CA:A1:3C,-60, WPA ,0.000000,0.000000,0.000,0.000,AP
2026-04-03 14:09:02,1900-01-00 00:00:00,1008-wombat,B8:27:EB:CA:A1:3C,-61, WPA ,0.000000,0.000000,0.000,0.000,AP
2026-04-03 14:09:03,1900-01-00 00:00:00,1008-wombat,B8:27:EB:CA:A1:3C,-58, WPA ,0.000000,0.000000,0.000,0.000,AP
2026-04-03 14:09:03,1900-01-00 00:00:00,1008-wombat,B8:27:EB:CA:A1:3C,-59, WPA ,0.000000,0.000000,0.000,0.000,AP
2026-04-03 14:09:03,1900-01-00 00:00:00,1008-wombat,B8:27:EB:CA:A1:3C,-60, WPA ,0.000000,0.000000,0.000,0.000,AP
2026-04-03 14:09:03,1900-01-00 00:00:00,1008-wombat,B8:27:EB:CA:A1:3C,-58, WPA ,0.000000,0.000000,0.000,0.000,AP
2026-04-03 14:09:03,1900-01-00 00:00:00,1008-wombat,B8:27:EB:CA:A1:3C,-60, WPA ,0.000000,0.000000,0.000,0.000,AP
2026-04-03 14:09:03,1900-01-00 00:00:00,1008-wombat,B8:27:EB:CA:A1:3C,-60, WPA ,0.000000,0.000000,0.000,0.000,AP
2026-04-03 14:09:03,1900-01-00 00:00:00,,C8:15:4E:20:C7:81,-57,,0.000000,0.000000,0.000,0.000,Client
2026-04-03 14:09:03,1900-01-00 00:00:00,1008-wombat,B8:27:EB:CA:A1:3C,-60, WPA ,0.000000,0.000000,0.000,0.000,AP
2026-04-03 14:09:03,1900-01-00 00:00:00,1008-wombat,B8:27:EB:CA:A1:3C,-61, WPA ,0.000000,0.000000,0.000,0.000,AP
2026-04-03 14:09:04,1900-01-00 00:00:00,1008-wombat,B8:27:EB:CA:A1:3C,-60, WPA ,0.000000,0.000000,0.000,0.000,AP
2026-04-03 14:09:04,1900-01-00 00:00:00,1008-wombat,B8:27:EB:CA:A1:3C,-60, WPA ,0.000000,0.000000,0.000,0.000,AP
2026-04-03 14:09:04,1900-01-00 00:00:00,1008-wombat,B8:27:EB:CA:A1:3C,-52, WPA ,0.000000,0.000000,0.000,0.000,AP
2026-04-03 14:09:04,1900-01-00 00:00:00,1008-wombat,B8:27:EB:CA:A1:3C,-52, WPA ,0.000000,0.000000,0.000,0.000,AP
2026-04-03 14:09:04,1900-01-00 00:00:00,1008-wombat,B8:27:EB:CA:A1:3C,-52, WPA ,0.000000,0.000000,0.000,0.000,AP
2026-04-03 14:09:04,1900-01-00 00:00:00,1008-wombat,B8:27:EB:CA:A1:3C,-52, WPA ,0.000000,0.000000,0.000,0.000,AP
2026-04-03 14:09:04,1900-01-00 00:00:00,1008-wombat,B8:27:EB:CA:A1:3C,-57, WPA ,0.000000,0.000000,0.000,0.000,AP
2026-04-03 14:09:04,1900-01-00 00:00:00,1008-wombat,B8:27:EB:CA:A1:3C,-57, WPA ,0.000000,0.000000,0.000,0.000,AP
2026-04-03 14:09:04,1900-01-00 00:00:00,1008-wombat,B8:27:EB:CA:A1:3C,-57, WPA ,0.000000,0.000000,0.000,0.000,AP
2026-04-03 14:09:04,1900-01-00 00:00:00,1008-wombat,B8:27:EB:CA:A1:3C,-57, WPA ,0.000000,0.000000,0.000,0.000,AP
2026-04-03 14:09:04,1900-01-00 00:00:00,1008-wombat,B8:27:EB:CA:A1:3C,-57, WPA ,0.000000,0.000000,0.000,0.000,AP
2026-04-03 14:09:04,1900-01-00 00:00:00,1008-wombat,B8:27:EB:CA:A1:3C,-57, WPA ,0.000000,0.000000,0.000,0.000,AP
2026-04-03 14:09:04,1900-01-00 00:00:00,1008-wombat,B8:27:EB:CA:A1:3C,-57, WPA ,0.000000,0.000000,0.000,0.000,AP
2026-04-03 14:09:04,1900-01-00 00:00:00,1008-wombat,B8:27:EB:CA:A1:3C,-57, WPA ,0.000000,0.000000,0.000,0.000,AP
2026-04-03 14:09:04,1900-01-00 00:00:00,1008-wombat,B8:27:EB:CA:A1:3C,-57, WPA ,0.000000,0.000000,0.000,0.000,AP
2026-04-03 14:09:04,1900-01-00 00:00:00,1008-wombat,B8:27:EB:CA:A1:3C,-57, WPA ,0.000000,0.000000,0.000,0.000,AP
2026-04-03 14:09:04,1900-01-00 00:00:00,1008-wombat,B8:27:EB:CA:A1:3C,-57, WPA ,0.000000,0.000000,0.000,0.000,AP
2026-04-03 14:09:04,1900-01-00 00:00:00,1008-wombat,B8:27:EB:CA:A1:3C,-57, WPA ,0.000000,0.000000,0.000,0.000,AP
2026-04-03 14:09:04,1900-01-00 00:00:00,1008-wombat,B8:27:EB:CA:A1:3C,-57, WPA ,0.000000,0.000000,0.000,0.000,AP
2026-04-03 14:09:04,1900-01-00 00:00:00,1008-wombat,B8:27:EB:CA:A1:3C,-57, WPA ,0.000000,0.000000,0.000,0.000,AP
2026-04-03 14:09:04,1900-01-00 00:00:00,1008-wombat,B8:27:EB:CA:A1:3C,-57, WPA ,0.000000,0.000000,0.000,0.000,AP
2026-04-03 14:09:04,1900-01-00 00:00:00,1008-wombat,B8:27:EB:CA:A1:3C,-60, WPA ,0.000000,0.000000,0.000,0.000,AP
2026-04-03 14:09:04,1900-01-00 00:00:00,1008-wombat,B8:27:EB:CA:A1:3C,-41, WPA ,0.000000,0.000000,0.000,0.000,AP
2026-04-03 14:09:04,1900-01-00 00:00:00,1008-wombat,B8:27:EB:CA:A1:3C,-41, WPA ,0.000000,0.000000,0.000,0.000,AP
2026-04-03 14:09:04,1900-01-00 00:00:00,1008-wombat,B8:27:EB:CA:A1:3C,-41, WPA ,0.000000,0.000000,0.000,0.000,AP
2026-04-03 14:09:04,1900-01-00 00:00:00,1008-wombat,B8:27:EB:CA:A1:3C,-41, WPA ,0.000000,0.000000,0.000,0.000,AP
2026-04-03 14:09:04,1900-01-00 00:00:00,1008-wombat,B8:27:EB:CA:A1:3C,-61, WPA ,0.000000,0.000000,0.000,0.000,AP
2026-04-03 14:09:04,1900-01-00 00:00:00,1008-wombat,B8:27:EB:CA:A1:3C,-61, WPA ,0.000000,0.000000,0.000,0.000,AP
2026-04-03 14:09:04,1900-01-00 00:00:00,1008-wombat,B8:27:EB:CA:A1:3C,-61, WPA ,0.000000,0.000000,0.000,0.000,AP
2026-04-03 14:09:04,1900-01-00 00:00:00,1008-wombat,B8:27:EB:CA:A1:3C,-61, WPA ,0.000000,0.000000,0.000,0.000,AP
2026-04-03 14:09:04,1900-01-00 00:00:00,1008-wombat,B8:27:EB:CA:A1:3C,-61, WPA ,0.000000,0.000000,0.000,0.000,AP
2026-04-03 14:09:04,1900-01-00 00:00:00,1008-wombat,B8:27:EB:CA:A1:3C,-61, WPA ,0.000000,0.000000,0.000,0.000,AP
2026-04-03 14:09:04,1900-01-00 00:00:00,1008-wombat,B8:27:EB:CA:A1:3C,-61, WPA ,0.000000,0.000000,0.000,0.000,AP
2026-04-03 14:09:04,1900-01-00 00:00:00,1008-wombat,B8:27:EB:CA:A1:3C,-61, WPA ,0.000000,0.000000,0.000,0.000,AP
2026-04-03 14:09:04,1900-01-00 00:00:00,1008-wombat,B8:27:EB:CA:A1:3C,-61, WPA ,0.000000,0.000000,0.000,0.000,AP
2026-04-03 14:09:04,1900-01-00 00:00:00,1008-wombat,B8:27:EB:CA:A1:3C,-61, WPA ,0.000000,0.000000,0.000,0.000,AP
2026-04-03 14:09:04,1900-01-00 00:00:00,1008-wombat,B8:27:EB:CA:A1:3C,-61, WPA ,0.000000,0.000000,0.000,0.000,AP
2026-04-03 14:09:04,1900-01-00 00:00:00,1008-wombat,B8:27:EB:CA:A1:3C,-61, WPA ,0.000000,0.000000,0.000,0.000,AP
2026-04-03 14:09:04,1900-01-00 00:00:00,1008-wombat,B8:27:EB:CA:A1:3C,-61, WPA ,0.000000,0.000000,0.000,0.000,AP
2026-04-03 14:09:04,1900-01-00 00:00:00,1008-wombat,B8:27:EB:CA:A1:3C,-61, WPA ,0.000000,0.000000,0.000,0.000,AP
2026-04-03 14:09:04,1900-01-00 00:00:00,1008-wombat,B8:27:EB:CA:A1:3C,-61, WPA ,0.000000,0.000000,0.000,0.000,AP
2026-04-03 14:09:04,1900-01-00 00:00:00,1008-wombat,B8:27:EB:CA:A1:3C,-61, WPA ,0.000000,0.000000,0.000,0.000,AP
2026-04-03 14:09:04,1900-01-00 00:00:00,1008-wombat,B8:27:EB:CA:A1:3C,-60, WPA ,0.000000,0.000000,0.000,0.000,AP
2026-04-03 14:09:04,1900-01-00 00:00:00,1008-wombat,B8:27:EB:CA:A1:3C,-60, WPA ,0.000000,0.000000,0.000,0.000,AP
2026-04-03 14:09:04,1900-01-00 00:00:00,1008-wombat,B8:27:EB:CA:A1:3C,-60, WPA ,0.000000,0.000000,0.000,0.000,AP
2026-04-03 14:09:04,1900-01-00 00:00:00,1008-wombat,B8:27:EB:CA:A1:3C,-60, WPA ,0.000000,0.000000,0.000,0.000,AP
2026-04-03 14:09:04,1900-01-00 00:00:00,1008-wombat,B8:27:EB:CA:A1:3C,-60, WPA ,0.000000,0.000000,0.000,0.000,AP
2026-04-03 14:09:04,1900-01-00 00:00:00,1008-wombat,B8:27:EB:CA:A1:3C,-60, WPA ,0.000000,0.000000,0.000,0.000,AP
2026-04-03 14:09:04,1900-01-00 00:00:00,1008-wombat,B8:27:EB:CA:A1:3C,-60, WPA ,0.000000,0.000000,0.000,0.000,AP
2026-04-03 14:09:04,1900-01-00 00:00:00,1008-wombat,B8:27:EB:CA:A1:3C,-60, WPA ,0.000000,0.000000,0.000,0.000,AP
2026-04-03 14:09:04,1900-01-00 00:00:00,1008-wombat,B8:27:EB:CA:A1:3C,-60, WPA ,0.000000,0.000000,0.000,0.000,AP
2026-04-03 14:09:04,1900-01-00 00:00:00,1008-wombat,B8:27:EB:CA:A1:3C,-60, WPA ,0.000000,0.000000,0.000,0.000,AP
2026-04-03 14:09:04,1900-01-00 00:00:00,1008-wombat,B8:27:EB:CA:A1:3C,-60, WPA ,0.000000,0.000000,0.000,0.000,AP
2026-04-03 14:09:04,1900-01-00 00:00:00,1008-wombat,B8:27:EB:CA:A1:3C,-60, WPA ,0.000000,0.000000,0.000,0.000,AP
2026-04-03 14:09:04,1900-01-00 00:00:00,1008-wombat,B8:27:EB:CA:A1:3C,-60, WPA ,0.000000,0.000000,0.000,0.000,AP
2026-04-03 14:09:04,1900-01-00 00:00:00,1008-wombat,B8:27:EB:CA:A1:3C,-60, WPA ,0.000000,0.000000,0.000,0.000,AP
2026-04-03 14:09:04,1900-01-00 00:00:00,1008-wombat,B8:27:EB:CA:A1:3C,-62, WPA ,0.000000,0.000000,0.000,0.000,AP
2026-04-03 14:09:04,1900-01-00 00:00:00,1008-wombat,B8:27:EB:CA:A1:3C,-56, WPA ,0.000000,0.000000,0.000,0.000,AP
2026-04-03 14:09:04,1900-01-00 00:00:00,1008-wombat,B8:27:EB:CA:A1:3C,-56, WPA ,0.000000,0.000000,0.000,0.000,AP
2026-04-03 14:09:04,1900-01-00 00:00:00,1008-wombat,B8:27:EB:CA:A1:3C,-56, WPA ,0.000000,0.000000,0.000,0.000,AP
2026-04-03 14:09:04,1900-01-00 00:00:00,1008-wombat,B8:27:EB:CA:A1:3C,-56, WPA ,0.000000,0.000000,0.000,0.000,AP
2026-04-03 14:09:04,1900-01-00 00:00:00,1008-wombat,B8:27:EB:CA:A1:3C,-56, WPA ,0.000000,0.000000,0.000,0.000,AP
2026-04-03 14:09:04,1900-01-00 00:00:00,1008-wombat,B8:27:EB:CA:A1:3C,-56, WPA ,0.000000,0.000000,0.000,0.000,AP
2026-04-03 14:09:04,1900-01-00 00:00:00,1008-wombat,B8:27:EB:CA:A1:3C,-56, WPA ,0.000000,0.000000,0.000,0.000,AP
2026-04-03 14:09:04,1900-01-00 00:00:00,1008-wombat,B8:27:EB:CA:A1:3C,-56, WPA ,0.000000,0.000000,0.000,0.000,AP
2026-04-03 14:09:04,1900-01-00 00:00:00,1008-wombat,B8:27:EB:CA:A1:3C,-56, WPA ,0.000000,0.000000,0.000,0.000,AP
2026-04-03 14:09:04,1900-01-00 00:00:00,1008-wombat,B8:27:EB:CA:A1:3C,-56, WPA ,0.000000,0.000000,0.000,0.000,AP
2026-04-03 14:09:04,1900-01-00 00:00:00,1008-wombat,B8:27:EB:CA:A1:3C,-56, WPA ,0.000000,0.000000,0.000,0.000,AP
2026-04-03 14:09:04,1900-01-00 00:00:00,1008-wombat,B8:27:EB:CA:A1:3C,-56, WPA ,0.000000,0.000000,0.000,0.000,AP
2026-04-03 14:09:04,1900-01-00 00:00:00,1008-wombat,B8:27:EB:CA:A1:3C,-56, WPA ,0.000000,0.000000,0.000,0.000,AP
2026-04-03 14:09:04,1900-01-00 00:00:00,1008-wombat,B8:27:EB:CA:A1:3C,-56, WPA ,0.000000,0.000000,0.000,0.000,AP
2026-04-03 14:09:04,1900-01-00 00:00:00,1008-wombat,B8:27:EB:CA:A1:3C,-60, WPA ,0.000000,0.000000,0.000,0.000,AP
2026-04-03 14:09:04,1900-01-00 00:00:00,1008-wombat,B8:27:EB:CA:A1:3C,-41, WPA ,0.000000,0.000000,0.000,0.000,AP
2026-04-03 14:09:04,1900-01-00 00:00:00,1008-wombat,B8:27:EB:CA:A1:3C,-42, WPA ,0.000000,0.000000,0.000,0.000,AP
2026-04-03 14:09:04,1900-01-00 00:00:00,1008-wombat,B8:27:EB:CA:A1:3C,-42, WPA ,0.000000,0.000000,0.000,0.000,AP
2026-04-03 14:09:04,1900-01-00 00:00:00,1008-wombat,B8:27:EB:CA:A1:3C,-42, WPA ,0.000000,0.000000,0.000,0.000,AP
2026-04-03 14:09:04,1900-01-00 00:00:00,1008-wombat,B8:27:EB:CA:A1:3C,-59, WPA ,0.000000,0.000000,0.000,0.000,AP
2026-04-03 14:09:04,1900-01-00 00:00:00,1008-wombat,B8:27:EB:CA:A1:3C,-59, WPA ,0.000000,0.000000,0.000,0.000,AP
2026-04-03 14:09:04,1900-01-00 00:00:00,1008-wombat,B8:27:EB:CA:A1:3C,-59, WPA ,0.000000,0.000000,0.000,0.000,AP
2026-04-03 14:09:04,1900-01-00 00:00:00,1008-wombat,B8:27:EB:CA:A1:3C,-59, WPA ,0.000000,0.000000,0.000,0.000,AP
2026-04-03 14:09:04,1900-01-00 00:00:00,1008-wombat,B8:27:EB:CA:A1:3C,-59, WPA ,0.000000,0.000000,0.000,0.000,AP
2026-04-03 14:09:04,1900-01-00 00:00:00,1008-wombat,B8:27:EB:CA:A1:3C,-59, WPA ,0.000000,0.000000,0.000,0.000,AP
2026-04-03 14:09:04,1900-01-00 00:00:00,1008-wombat,B8:27:EB:CA:A1:3C,-59, WPA ,0.000000,0.000000,0.000,0.000,AP
2026-04-03 14:09:04,1900-01-00 00:00:00,1008-wombat,B8:27:EB:CA:A1:3C,-59, WPA ,0.000000,0.000000,0.000,0.000,AP
2026-04-03 14:09:04,1900-01-00 00:00:00,1008-wombat,B8:27:EB:CA:A1:3C,-59, WPA ,0.000000,0.000000,0.000,0.000,AP
2026-04-03 14:09:04,1900-01-00 00:00:00,1008-wombat,B8:27:EB:CA:A1:3C,-59, WPA ,0.000000,0.000000,0.000,0.000,AP
2026-04-03 14:09:04,1900-01-00 00:00:00,1008-wombat,B8:27:EB:CA:A1:3C,-59, WPA ,0.000000,0.000000,0.000,0.000,AP
2026-04-03 14:09:04,1900-01-00 00:00:00,1008-wombat,B8:27:EB:CA:A1:3C,-59, WPA ,0.000000,0.000000,0.000,0.000,AP
2026-04-03 14:09:04,1900-01-00 00:00:00,1008-wombat,B8:27:EB:CA:A1:3C,-59, WPA ,0.000000,0.000000,0.000,0.000,AP
2026-04-03 14:09:04,1900-01-00 00:00:00,1008-wombat,B8:27:EB:CA:A1:3C,-59, WPA ,0.000000,0.000000,0.000,0.000,AP
2026-04-03 14:09:04,1900-01-00 00:00:00,1008-wombat,B8:27:EB:CA:A1:3C,-59, WPA ,0.000000,0.000000,0.000,0.000,AP
2026-04-03 14:09:04,1900-01-00 00:00:00,1008-wombat,B8:27:EB:CA:A1:3C,-59, WPA ,0.000000,0.000000,0.000,0.000,AP
2026-04-03 14:09:04,1900-01-00 00:00:00,1008-wombat,B8:27:EB:CA:A1:3C,-60, WPA ,0.000000,0.000000,0.000,0.000,AP
2026-04-03 14:09:04,1900-01-00 00:00:00,1008-wombat,B8:27:EB:CA:A1:3C,-60, WPA ,0.000000,0.000000,0.000,0.000,AP
2026-04-03 14:09:04,1900-01-00 00:00:00,1008-wombat,B8:27:EB:CA:A1:3C,-52, WPA ,0.000000,0.000000,0.000,0.000,AP
2026-04-03 14:09:04,1900-01-00 00:00:00,1008-wombat,B8:27:EB:CA:A1:3C,-52, WPA ,0.000000,0.000000,0.000,0.000,AP
2026-04-03 14:09:04,1900-01-00 00:00:00,1008-wombat,B8:27:EB:CA:A1:3C,-52, WPA ,0.000000,0.000000,0.000,0.000,AP
2026-04-03 14:09:04,1900-01-00 00:00:00,1008-wombat,B8:27:EB:CA:A1:3C,-52, WPA ,0.000000,0.000000,0.000,0.000,AP
2026-04-03 14:09:04,1900-01-00 00:00:00,1008-wombat,B8:27:EB:CA:A1:3C,-52, WPA ,0.000000,0.000000,0.000,0.000,AP
2026-04-03 14:09:04,1900-01-00 00:00:00,1008-wombat,B8:27:EB:CA:A1:3C,-52, WPA ,0.000000,0.000000,0.000,0.000,AP
2026-04-03 14:09:04,1900-01-00 00:00:00,1008-wombat,B8:27:EB:CA:A1:3C,-52, WPA ,0.000000,0.000000,0.000,0.000,AP
2026-04-03 14:09:04,1900-01-00 00:00:00,1008-wombat,B8:27:EB:CA:A1:3C,-52, WPA ,0.000000,0.000000,0.000,0.000,AP
2026-04-03 14:09:04,1900-01-00 00:00:00,1008-wombat,B8:27:EB:CA:A1:3C,-52, WPA ,0.000000,0.000000,0.000,0.000,AP
2026-04-03 14:09:04,1900-01-00 00:00:00,1008-wombat,B8:27:EB:CA:A1:3C,-52, WPA ,0.000000,0.000000,0.000,0.000,AP
2026-04-03 14:09:04,1900-01-00 00:00:00,1008-wombat,B8:27:EB:CA:A1:3C,-52, WPA ,0.000000,0.000000,0.000,0.000,AP
2026-04-03 14:09:04,1900-01-00 00:00:00,1008-wombat,B8:27:EB:CA:A1:3C,-52, WPA ,0.000000,0.000000,0.000,0.000,AP
2026-04-03 14:09:04,1900-01-00 00:00:00,1008-wombat,B8:27:EB:CA:A1:3C,-52, WPA ,0.000000,0.000000,0.000,0.000,AP
2026-04-03 14:09:04,1900-01-00 00:00:00,1008-wombat,B8:27:EB:CA:A1:3C,-57, WPA ,0.000000,0.000000,0.000,0.000,AP
2026-04-03 14:09:04,1900-01-00 00:00:00,1008-wombat,B8:27:EB:CA:A1:3C,-57, WPA ,0.000000,0.000000,0.000,0.000,AP
2026-04-03 14:09:04,1900-01-00 00:00:00,1008-wombat,B8:27:EB:CA:A1:3C,-57, WPA ,0.000000,0.000000,0.000,0.000,AP
2026-04-03 14:09:04,1900-01-00 00:00:00,1008-wombat,B8:27:EB:CA:A1:3C,-52, WPA ,0.000000,0.000000,0.000,0.000,AP
2026-04-03 14:09:04,1900-01-00 00:00:00,1008-wombat,B8:27:EB:CA:A1:3C,-52, WPA ,0.000000,0.000000,0.000,0.000,AP
2026-04-03 14:09:04,1900-01-00 00:00:00,1008-wombat,B8:27:EB:CA:A1:3C,-52, WPA ,0.000000,0.000000,0.000,0.000,AP
2026-04-03 14:09:04,1900-01-00 00:00:00,1008-wombat,B8:27:EB:CA:A1:3C,-52, WPA ,0.000000,0.000000,0.000,0.000,AP
2026-04-03 14:09:04,1900-01-00 00:00:00,1008-wombat,B8:27:EB:CA:A1:3C,-52, WPA ,0.000000,0.000000,0.000,0.000,AP
2026-04-03 14:09:04,1900-01-00 00:00:00,1008-wombat,B8:27:EB:CA:A1:3C,-52, WPA ,0.000000,0.000000,0.000,0.000,AP
2026-04-03 14:09:04,1900-01-00 00:00:00,1008-wombat,B8:27:EB:CA:A1:3C,-52, WPA ,0.000000,0.000000,0.000,0.000,AP
2026-04-03 14:09:04,1900-01-00 00:00:00,1008-wombat,B8:27:EB:CA:A1:3C,-52, WPA ,0.000000,0.000000,0.000,0.000,AP
2026-04-03 14:09:04,1900-01-00 00:00:00,1008-wombat,B8:27:EB:CA:A1:3C,-52, WPA ,0.000000,0.000000,0.000,0.000,AP
2026-04-03 14:09:04,1900-01-00 00:00:00,1008-wombat,B8:27:EB:CA:A1:3C,-52, WPA ,0.000000,0.000000,0.000,0.000,AP
2026-04-03 14:09:04,1900-01-00 00:00:00,1008-wombat,B8:27:EB:CA:A1:3C,-52, WPA ,0.000000,0.000000,0.000,0.000,AP
2026-04-03 14:09:04,1900-01-00 00:00:00,1008-wombat,B8:27:EB:CA:A1:3C,-52, WPA ,0.000000,0.000000,0.000,0.000,AP
2026-04-03 14:09:04,1900-01-00 00:00:00,1008-wombat,B8:27:EB:CA:A1:3C,-60, WPA ,0.000000,0.000000,0.000,0.000,AP
2026-04-03 14:09:04,1900-01-00 00:00:00,1008-wombat,B8:27:EB:CA:A1:3C,-41, WPA ,0.000000,0.000000,0.000,0.000,AP
2026-04-03 14:09:04,1900-01-00 00:00:00,1008-wombat,B8:27:EB:CA:A1:3C,-41, WPA ,0.000000,0.000000,0.000,0.000,AP
2026-04-03 14:09:04,1900-01-00 00:00:00,1008-wombat,B8:27:EB:CA:A1:3C,-41, WPA ,0.000000,0.000000,0.000,0.000,AP
2026-04-03 14:09:04,1900-01-00 00:00:00,1008-wombat,B8:27:EB:CA:A1:3C,-41, WPA ,0.000000,0.000000,0.000,0.000,AP
2026-04-03 14:09:04,1900-01-00 00:00:00,1008-wombat,B8:27:EB:CA:A1:3C,-41, WPA ,0.000000,0.000000,0.000,0.000,AP
2026-04-03 14:09:04,1900-01-00 00:00:00,1008-wombat,B8:27:EB:CA:A1:3C,-41, WPA ,0.000000,0.000000,0.000,0.000,AP
2026-04-03 14:09:04,1900-01-00 00:00:00,1008-wombat,B8:27:EB:CA:A1:3C,-41, WPA ,0.000000,0.000000,0.000,0.000,AP
2026-04-03 14:09:04,1900-01-00 00:00:00,1008-wombat,B8:27:EB:CA:A1:3C,-41, WPA ,0.000000,0.000000,0.000,0.000,AP
2026-04-03 14:09:04,1900-01-00 00:00:00,1008-wombat,B8:27:EB:CA:A1:3C,-41, WPA ,0.000000,0.000000,0.000,0.000,AP
2026-04-03 14:09:04,1900-01-00 00:00:00,1008-wombat,B8:27:EB:CA:A1:3C,-59, WPA ,0.000000,0.000000,0.000,0.000,AP
2026-04-03 14:09:04,1900-01-00 00:00:00,,C8:15:4E:20:C7:81,-56,,0.000000,0.000000,0.000,0.000,Client
2026-04-03 14:09:04,1900-01-00 00:00:00,1008-wombat,B8:27:EB:CA:A1:3C,-59, WPA ,0.000000,0.000000,0.000,0.000,AP
2026-04-03 14:09:04,1900-01-00 00:00:00,,C8:15:4E:20:C7:81,-56,,0.000000,0.000000,0.000,0.000,Client
2026-04-03 14:09:04,1900-01-00 00:00:00,,C8:15:4E:20:C7:81,-56,,0.000000,0.000000,0.000,0.000,Client
2026-04-03 14:09:04,1900-01-00 00:00:00,1008-wombat,B8:27:EB:CA:A1:3C,-59, WPA ,0.000000,0.000000,0.000,0.000,AP
2026-04-03 14:09:04,1900-01-00 00:00:00,1008-wombat,B8:27:EB:CA:A1:3C,-57, WPA ,0.000000,0.000000,0.000,0.000,AP
2026-04-03 14:09:04,1900-01-00 00:00:00,1008-wombat,B8:27:EB:CA:A1:3C,-60, WPA ,0.000000,0.000000,0.000,0.000,AP
2026-04-03 14:09:04,1900-01-00 00:00:00,1008-wombat,B8:27:EB:CA:A1:3C,-60, WPA ,0.000000,0.000000,0.000,0.000,AP
2026-04-03 14:09:04,1900-01-00 00:00:00,,C8:15:4E:20:C7:81,-57,,0.000000,0.000000,0.000,0.000,Client
2026-04-03 14:09:04,1900-01-00 00:00:00,1008-wombat,B8:27:EB:CA:A1:3C,-60, WPA ,0.000000,0.000000,0.000,0.000,AP
2026-04-03 14:09:04,1900-01-00 00:00:00,1008-wombat,B8:27:EB:CA:A1:3C,-60, WPA ,0.000000,0.000000,0.000,0.000,AP
2026-04-03 14:09:04,1900-01-00 00:00:00,1008-wombat,B8:27:EB:CA:A1:3C,-42, WPA ,0.000000,0.000000,0.000,0.000,AP
2026-04-03 14:09:04,1900-01-00 00:00:00,1008-wombat,B8:27:EB:CA:A1:3C,-42, WPA ,0.000000,0.000000,0.000,0.000,AP
2026-04-03 14:09:04,1900-01-00 00:00:00,1008-wombat,B8:27:EB:CA:A1:3C,-42, WPA ,0.000000,0.000000,0.000,0.000,AP
2026-04-03 14:09:04,1900-01-00 00:00:00,1008-wombat,B8:27:EB:CA:A1:3C,-42, WPA ,0.000000,0.000000,0.000,0.000,AP
2026-04-03 14:09:04,1900-01-00 00:00:00,1008-wombat,B8:27:EB:CA:A1:3C,-61, WPA ,0.000000,0.000000,0.000,0.000,AP
2026-04-03 14:09:04,1900-01-00 00:00:00,1008-wombat,B8:27:EB:CA:A1:3C,-62, WPA ,0.000000,0.000000,0.000,0.000,AP
2026-04-03 14:09:04,1900-01-00 00:00:00,1008-wombat,B8:27:EB:CA:A1:3C,-62, WPA ,0.000000,0.000000,0.000,0.000,AP
2026-04-03 14:09:04,1900-01-00 00:00:00,1008-wombat,B8:27:EB:CA:A1:3C,-62, WPA ,0.000000,0.000000,0.000,0.000,AP
2026-04-03 14:09:04,1900-01-00 00:00:00,1008-wombat,B8:27:EB:CA:A1:3C,-42, WPA ,0.000000,0.000000,0.000,0.000,AP
2026-04-03 14:09:04,1900-01-00 00:00:00,1008-wombat,B8:27:EB:CA:A1:3C,-62, WPA ,0.000000,0.000000,0.000,0.000,AP
2026-04-03 14:09:04,1900-01-00 00:00:00,1008-wombat,B8:27:EB:CA:A1:3C,-62, WPA ,0.000000,0.000000,0.000,0.000,AP
2026-04-03 14:09:04,1900-01-00 00:00:00,1008-wombat,B8:27:EB:CA:A1:3C,-61, WPA ,0.000000,0.000000,0.000,0.000,AP
2026-04-03 14:09:04,1900-01-00 00:00:00,1008-wombat,B8:27:EB:CA:A1:3C,-61, WPA ,0.000000,0.000000,0.000,0.000,AP
2026-04-03 14:09:04,1900-01-00 00:00:00,1008-wombat,B8:27:EB:CA:A1:3C,-61, WPA ,0.000000,0.000000,0.000,0.000,AP
2026-04-03 14:09:04,1900-01-00 00:00:00,1008-wombat,B8:27:EB:CA:A1:3C,-62, WPA ,0.000000,0.000000,0.000,0.000,AP
2026-04-03 14:09:04,1900-01-00 00:00:00,1008-wombat,B8:27:EB:CA:A1:3C,-61, WPA ,0.000000,0.000000,0.000,0.000,AP
2026-04-03 14:09:04,1900-01-00 00:00:00,1008-wombat,B8:27:EB:CA:A1:3C,-60, WPA ,0.000000,0.000000,0.000,0.000,AP
2026-04-03 14:09:04,1900-01-00 00:00:00,1008-wombat,B8:27:EB:CA:A1:3C,-60, WPA ,0.000000,0.000000,0.000,0.000,AP
2026-04-03 14:09:04,1900-01-00 00:00:00,1008-wombat,B8:27:EB:CA:A1:3C,-41, WPA ,0.000000,0.000000,0.000,0.000,AP
2026-04-03 14:09:04,1900-01-00 00:00:00,1008-wombat,B8:27:EB:CA:A1:3C,-41, WPA ,0.000000,0.000000,0.000,0.000,AP
2026-04-03 14:09:04,1900-01-00 00:00:00,1008-wombat,B8:27:EB:CA:A1:3C,-57, WPA ,0.000000,0.000000,0.000,0.000,AP
2026-04-03 14:09:04,1900-01-00 00:00:00,1008-wombat,B8:27:EB:CA:A1:3C,-42, WPA ,0.000000,0.000000,0.000,0.000,AP
2026-04-03 14:09:04,1900-01-00 00:00:00,1008-wombat,B8:27:EB:CA:A1:3C,-42, WPA ,0.000000,0.000000,0.000,0.000,AP
2026-04-03 14:09:04,1900-01-00 00:00:00,1008-wombat,B8:27:EB:CA:A1:3C,-42, WPA ,0.000000,0.000000,0.000,0.000,AP
2026-04-03 14:09:04,1900-01-00 00:00:00,1008-wombat,B8:27:EB:CA:A1:3C,-42, WPA ,0.000000,0.000000,0.000,0.000,AP
2026-04-03 14:09:04,1900-01-00 00:00:00,1008-wombat,B8:27:EB:CA:A1:3C,-42, WPA ,0.000000,0.000000,0.000,0.000,AP
2026-04-03 14:09:04,1900-01-00 00:00:00,1008-wombat,B8:27:EB:CA:A1:3C,-60, WPA ,0.000000,0.000000,0.000,0.000,AP
2026-04-03 14:09:04,1900-01-00 00:00:00,1008-wombat,B8:27:EB:CA:A1:3C,-60, WPA ,0.000000,0.000000,0.000,0.000,AP
2026-04-03 14:09:04,1900-01-00 00:00:00,1008-wombat,B8:27:EB:CA:A1:3C,-60, WPA ,0.000000,0.000000,0.000,0.000,AP
2026-04-03 14:09:04,1900-01-00 00:00:00,1008-wombat,B8:27:EB:CA:A1:3C,-60, WPA ,0.000000,0.000000,0.000,0.000,AP
2026-04-03 14:09:04,1900-01-00 00:00:00,1008-wombat,B8:27:EB:CA:A1:3C,-60, WPA ,0.000000,0.000000,0.000,0.000,AP
2026-04-03 14:09:04,1900-01-00 00:00:00,1008-wombat,B8:27:EB:CA:A1:3C,-60, WPA ,0.000000,0.000000,0.000,0.000,AP
2026-04-03 14:09:04,1900-01-00 00:00:00,1008-wombat,B8:27:EB:CA:A1:3C,-60, WPA ,0.000000,0.000000,0.000,0.000,AP
2026-04-03 14:09:04,1900-01-00 00:00:00,1008-wombat,B8:27:EB:CA:A1:3C,-60, WPA ,0.000000,0.000000,0.000,0.000,AP
2026-04-03 14:09:04,1900-01-00 00:00:00,1008-wombat,B8:27:EB:CA:A1:3C,-60, WPA ,0.000000,0.000000,0.000,0.000,AP
2026-04-03 14:09:04,1900-01-00 00:00:00,1008-wombat,B8:27:EB:CA:A1:3C,-60, WPA ,0.000000,0.000000,0.000,0.000,AP
2026-04-03 14:09:04,1900-01-00 00:00:00,1008-wombat,B8:27:EB:CA:A1:3C,-60, WPA ,0.000000,0.000000,0.000,0.000,AP
2026-04-03 14:09:04,1900-01-00 00:00:00,1008-wombat,B8:27:EB:CA:A1:3C,-62, WPA ,0.000000,0.000000,0.000,0.000,AP
2026-04-03 14:09:04,1900-01-00 00:00:00,1008-wombat,B8:27:EB:CA:A1:3C,-61, WPA ,0.000000,0.000000,0.000,0.000,AP
2026-04-03 14:09:04,1900-01-00 00:00:00,1008-wombat,B8:27:EB:CA:A1:3C,-60, WPA ,0.000000,0.000000,0.000,0.000,AP
2026-04-03 14:09:04,1900-01-00 00:00:00,1008-wombat,B8:27:EB:CA:A1:3C,-60, WPA ,0.000000,0.000000,0.000,0.000,AP
2026-04-03 14:09:04,1900-01-00 00:00:00,1008-wombat,B8:27:EB:CA:A1:3C,-60, WPA ,0.000000,0.000000,0.000,0.000,AP
2026-04-03 14:09:04,1900-01-00 00:00:00,1008-wombat,B8:27:EB:CA:A1:3C,-60, WPA ,0.000000,0.000000,0.000,0.000,AP
2026-04-03 14:09:04,1900-01-00 00:00:00,1008-wombat,B8:27:EB:CA:A1:3C,-60, WPA ,0.000000,0.000000,0.000,0.000,AP
2026-04-03 14:09:04,1900-01-00 00:00:00,1008-wombat,B8:27:EB:CA:A1:3C,-60, WPA ,0.000000,0.000000,0.000,0.000,AP
2026-04-03 14:09:04,1900-01-00 00:00:00,1008-wombat,B8:27:EB:CA:A1:3C,-60, WPA ,0.000000,0.000000,0.000,0.000,AP
2026-04-03 14:09:04,1900-01-00 00:00:00,1008-wombat,B8:27:EB:CA:A1:3C,-60, WPA ,0.000000,0.000000,0.000,0.000,AP
2026-04-03 14:09:04,1900-01-00 00:00:00,1008-wombat,B8:27:EB:CA:A1:3C,-60, WPA ,0.000000,0.000000,0.000,0.000,AP
2026-04-03 14:09:04,1900-01-00 00:00:00,1008-wombat,B8:27:EB:CA:A1:3C,-60, WPA ,0.000000,0.000000,0.000,0.000,AP
2026-04-03 14:09:04,1900-01-00 00:00:00,1008-wombat,B8:27:EB:CA:A1:3C,-60, WPA ,0.000000,0.000000,0.000,0.000,AP
2026-04-03 14:09:04,1900-01-00 00:00:00,1008-wombat,B8:27:EB:CA:A1:3C,-60, WPA ,0.000000,0.000000,0.000,0.000,AP
2026-04-03 14:09:04,1900-01-00 00:00:00,1008-wombat,B8:27:EB:CA:A1:3C,-60, WPA ,0.000000,0.000000,0.000,0.000,AP
2026-04-03 14:09:04,1900-01-00 00:00:00,1008-wombat,B8:27:EB:CA:A1:3C,-60, WPA ,0.000000,0.000000,0.000,0.000,AP
2026-04-03 14:09:04,1900-01-00 00:00:00,1008-wombat,B8:27:EB:CA:A1:3C,-60, WPA ,0.000000,0.000000,0.000,0.000,AP
2026-04-03 14:09:04,1900-01-00 00:00:00,1008-wombat,B8:27:EB:CA:A1:3C,-60, WPA ,0.000000,0.000000,0.000,0.000,AP
2026-04-03 14:09:04,1900-01-00 00:00:00,1008-wombat,B8:27:EB:CA:A1:3C,-41, WPA ,0.000000,0.000000,0.000,0.000,AP
2026-04-03 14:09:04,1900-01-00 00:00:00,1008-wombat,B8:27:EB:CA:A1:3C,-41, WPA ,0.000000,0.000000,0.000,0.000,AP
2026-04-03 14:09:04,1900-01-00 00:00:00,1008-wombat,B8:27:EB:CA:A1:3C,-41, WPA ,0.000000,0.000000,0.000,0.000,AP
2026-04-03 14:09:04,1900-01-00 00:00:00,1008-wombat,B8:27:EB:CA:A1:3C,-62, WPA ,0.000000,0.000000,0.000,0.000,AP
2026-04-03 14:09:04,1900-01-00 00:00:00,1008-wombat,B8:27:EB:CA:A1:3C,-62, WPA ,0.000000,0.000000,0.000,0.000,AP
2026-04-03 14:09:04,1900-01-00 00:00:00,1008-wombat,B8:27:EB:CA:A1:3C,-62, WPA ,0.000000,0.000000,0.000,0.000,AP
2026-04-03 14:09:04,1900-01-00 00:00:00,1008-wombat,B8:27:EB:CA:A1:3C,-62, WPA ,0.000000,0.000000,0.000,0.000,AP
2026-04-03 14:09:04,1900-01-00 00:00:00,1008-wombat,B8:27:EB:CA:A1:3C,-59, WPA ,0.000000,0.000000,0.000,0.000,AP
2026-04-03 14:09:04,1900-01-00 00:00:00,1008-wombat,B8:27:EB:CA:A1:3C,-59, WPA ,0.000000,0.000000,0.000,0.000,AP
2026-04-03 14:09:04,1900-01-00 00:00:00,1008-wombat,B8:27:EB:CA:A1:3C,-59, WPA ,0.000000,0.000000,0.000,0.000,AP
2026-04-03 14:09:04,1900-01-00 00:00:00,1008-wombat,B8:27:EB:CA:A1:3C,-59, WPA ,0.000000,0.000000,0.000,0.000,AP
2026-04-03 14:09:04,1900-01-00 00:00:00,1008-wombat,B8:27:EB:CA:A1:3C,-59, WPA ,0.000000,0.000000,0.000,0.000,AP
2026-04-03 14:09:04,1900-01-00 00:00:00,1008-wombat,B8:27:EB:CA:A1:3C,-59, WPA ,0.000000,0.000000,0.000,0.000,AP
2026-04-03 14:09:04,1900-01-00 00:00:00,1008-wombat,B8:27:EB:CA:A1:3C,-59, WPA ,0.000000,0.000000,0.000,0.000,AP
2026-04-03 14:09:04,1900-01-00 00:00:00,1008-wombat,B8:27:EB:CA:A1:3C,-59, WPA ,0.000000,0.000000,0.000,0.000,AP
2026-04-03 14:09:04,1900-01-00 00:00:00,1008-wombat,B8:27:EB:CA:A1:3C,-59, WPA ,0.000000,0.000000,0.000,0.000,AP
2026-04-03 14:09:04,1900-01-00 00:00:00,1008-wombat,B8:27:EB:CA:A1:3C,-59, WPA ,0.000000,0.000000,0.000,0.000,AP
2026-04-03 14:09:04,1900-01-00 00:00:00,1008-wombat,B8:27:EB:CA:A1:3C,-59, WPA ,0.000000,0.000000,0.000,0.000,AP
2026-04-03 14:09:04,1900-01-00 00:00:00,1008-wombat,B8:27:EB:CA:A1:3C,-59, WPA ,0.000000,0.000000,0.000,0.000,AP
2026-04-03 14:09:04,1900-01-00 00:00:00,1008-wombat,B8:27:EB:CA:A1:3C,-59, WPA ,0.000000,0.000000,0.000,0.000,AP
2026-04-03 14:09:04,1900-01-00 00:00:00,1008-wombat,B8:27:EB:CA:A1:3C,-59, WPA ,0.000000,0.000000,0.000,0.000,AP
2026-04-03 14:09:04,1900-01-00 00:00:00,1008-wombat,B8:27:EB:CA:A1:3C,-60, WPA ,0.000000,0.000000,0.000,0.000,AP
2026-04-03 14:09:04,1900-01-00 00:00:00,1008-wombat,B8:27:EB:CA:A1:3C,-60, WPA ,0.000000,0.000000,0.000,0.000,AP
2026-04-03 14:09:04,1900-01-00 00:00:00,1008-wombat,B8:27:EB:CA:A1:3C,-60, WPA ,0.000000,0.000000,0.000,0.000,AP
2026-04-03 14:09:04,1900-01-00 00:00:00,1008-wombat,B8:27:EB:CA:A1:3C,-60, WPA ,0.000000,0.000000,0.000,0.000,AP
2026-04-03 14:09:04,1900-01-00 00:00:00,1008-wombat,B8:27:EB:CA:A1:3C,-60, WPA ,0.000000,0.000000,0.000,0.000,AP
2026-04-03 14:09:04,1900-01-00 00:00:00,1008-wombat,B8:27:EB:CA:A1:3C,-60, WPA ,0.000000,0.000000,0.000,0.000,AP
2026-04-03 14:09:04,1900-01-00 00:00:00,1008-wombat,B8:27:EB:CA:A1:3C,-60, WPA ,0.000000,0.000000,0.000,0.000,AP
2026-04-03 14:09:04,1900-01-00 00:00:00,1008-wombat,B8:27:EB:CA:A1:3C,-60, WPA ,0.000000,0.000000,0.000,0.000,AP
2026-04-03 14:09:04,1900-01-00 00:00:00,1008-wombat,B8:27:EB:CA:A1:3C,-60, WPA ,0.000000,0.000000,0.000,0.000,AP
2026-04-03 14:09:04,1900-01-00 00:00:00,1008-wombat,B8:27:EB:CA:A1:3C,-60, WPA ,0.000000,0.000000,0.000,0.000,AP
2026-04-03 14:09:04,1900-01-00 00:00:00,1008-wombat,B8:27:EB:CA:A1:3C,-60, WPA ,0.000000,0.000000,0.000,0.000,AP
2026-04-03 14:09:04,1900-01-00 00:00:00,1008-wombat,B8:27:EB:CA:A1:3C,-60, WPA ,0.000000,0.000000,0.000,0.000,AP
2026-04-03 14:09:04,1900-01-00 00:00:00,1008-wombat,B8:27:EB:CA:A1:3C,-60, WPA ,0.000000,0.000000,0.000,0.000,AP
2026-04-03 14:09:04,1900-01-00 00:00:00,1008-wombat,B8:27:EB:CA:A1:3C,-60, WPA ,0.000000,0.000000,0.000,0.000,AP
2026-04-03 14:09:04,1900-01-00 00:00:00,1008-wombat,B8:27:EB:CA:A1:3C,-57, WPA ,0.000000,0.000000,0.000,0.000,AP
2026-04-03 14:09:04,1900-01-00 00:00:00,1008-wombat,B8:27:EB:CA:A1:3C,-56, WPA ,0.000000,0.000000,0.000,0.000,AP
2026-04-03 14:09:04,1900-01-00 00:00:00,1008-wombat,B8:27:EB:CA:A1:3C,-64, WPA ,0.000000,0.000000,0.000,0.000,AP
2026-04-03 14:09:04,1900-01-00 00:00:00,1008-wombat,B8:27:EB:CA:A1:3C,-64, WPA ,0.000000,0.000000,0.000,0.000,AP
2026-04-03 14:09:04,1900-01-00 00:00:00,1008-wombat,B8:27:EB:CA:A1:3C,-64, WPA ,0.000000,0.000000,0.000,0.000,AP
2026-04-03 14:09:04,1900-01-00 00:00:00,1008-wombat,B8:27:EB:CA:A1:3C,-64, WPA ,0.000000,0.000000,0.000,0.000,AP
2026-04-03 14:09:04,1900-01-00 00:00:00,1008-wombat,B8:27:EB:CA:A1:3C,-58, WPA ,0.000000,0.000000,0.000,0.000,AP
2026-04-03 14:09:04,1900-01-00 00:00:00,1008-wombat,B8:27:EB:CA:A1:3C,-58, WPA ,0.000000,0.000000,0.000,0.000,AP
2026-04-03 14:09:04,1900-01-00 00:00:00,1008-wombat,B8:27:EB:CA:A1:3C,-58, WPA ,0.000000,0.000000,0.000,0.000,AP
2026-04-03 14:09:04,1900-01-00 00:00:00,1008-wombat,B8:27:EB:CA:A1:3C,-58, WPA ,0.000000,0.000000,0.000,0.000,AP
2026-04-03 14:09:04,1900-01-00 00:00:00,1008-wombat,B8:27:EB:CA:A1:3C,-58, WPA ,0.000000,0.000000,0.000,0.000,AP
2026-04-03 14:09:04,1900-01-00 00:00:00,1008-wombat,B8:27:EB:CA:A1:3C,-58, WPA ,0.000000,0.000000,0.000,0.000,AP
2026-04-03 14:09:04,1900-01-00 00:00:00,1008-wombat,B8:27:EB:CA:A1:3C,-58, WPA ,0.000000,0.000000,0.000,0.000,AP
2026-04-03 14:09:04,1900-01-00 00:00:00,1008-wombat,B8:27:EB:CA:A1:3C,-58, WPA ,0.000000,0.000000,0.000,0.000,AP
2026-04-03 14:09:04,1900-01-00 00:00:00,1008-wombat,B8:27:EB:CA:A1:3C,-58, WPA ,0.000000,0.000000,0.000,0.000,AP
2026-04-03 14:09:04,1900-01-00 00:00:00,1008-wombat,B8:27:EB:CA:A1:3C,-60, WPA ,0.000000,0.000000,0.000,0.000,AP
2026-04-03 14:09:04,1900-01-00 00:00:00,1008-wombat,B8:27:EB:CA:A1:3C,-41, WPA ,0.000000,0.000000,0.000,0.000,AP
2026-04-03 14:09:04,1900-01-00 00:00:00,1008-wombat,B8:27:EB:CA:A1:3C,-42, WPA ,0.000000,0.000000,0.000,0.000,AP
2026-04-03 14:09:04,1900-01-00 00:00:00,1008-wombat,B8:27:EB:CA:A1:3C,-42, WPA ,0.000000,0.000000,0.000,0.000,AP
2026-04-03 14:09:04,1900-01-00 00:00:00,1008-wombat,B8:27:EB:CA:A1:3C,-42, WPA ,0.000000,0.000000,0.000,0.000,AP
2026-04-03 14:09:04,1900-01-00 00:00:00,1008-wombat,B8:27:EB:CA:A1:3C,-42, WPA ,0.000000,0.000000,0.000,0.000,AP
2026-04-03 14:09:04,1900-01-00 00:00:00,1008-wombat,B8:27:EB:CA:A1:3C,-62, WPA ,0.000000,0.000000,0.000,0.000,AP
2026-04-03 14:09:04,1900-01-00 00:00:00,1008-wombat,B8:27:EB:CA:A1:3C,-62, WPA ,0.000000,0.000000,0.000,0.000,AP
2026-04-03 14:09:04,1900-01-00 00:00:00,1008-wombat,B8:27:EB:CA:A1:3C,-62, WPA ,0.000000,0.000000,0.000,0.000,AP
2026-04-03 14:09:04,1900-01-00 00:00:00,1008-wombat,B8:27:EB:CA:A1:3C,-60, WPA ,0.000000,0.000000,0.000,0.000,AP
2026-04-03 14:09:04,1900-01-00 00:00:00,1008-wombat,B8:27:EB:CA:A1:3C,-60, WPA ,0.000000,0.000000,0.000,0.000,AP
2026-04-03 14:09:04,1900-01-00 00:00:00,1008-wombat,B8:27:EB:CA:A1:3C,-61, WPA ,0.000000,0.000000,0.000,0.000,AP
2026-04-03 14:09:04,1900-01-00 00:00:00,1008-wombat,B8:27:EB:CA:A1:3C,-60, WPA ,0.000000,0.000000,0.000,0.000,AP
2026-04-03 14:09:04,1900-01-00 00:00:00,1008-wombat,B8:27:EB:CA:A1:3C,-60, WPA ,0.000000,0.000000,0.000,0.000,AP
2026-04-03 14:09:04,1900-01-00 00:00:00,1008-wombat,B8:27:EB:CA:A1:3C,-60, WPA ,0.000000,0.000000,0.000,0.000,AP
2026-04-03 14:09:04,1900-01-00 00:00:00,1008-wombat,B8:27:EB:CA:A1:3C,-60, WPA ,0.000000,0.000000,0.000,0.000,AP
2026-04-03 14:09:04,1900-01-00 00:00:00,1008-wombat,B8:27:EB:CA:A1:3C,-60, WPA ,0.000000,0.000000,0.000,0.000,AP
2026-04-03 14:09:04,1900-01-00 00:00:00,1008-wombat,B8:27:EB:CA:A1:3C,-60, WPA ,0.000000,0.000000,0.000,0.000,AP
2026-04-03 14:09:04,1900-01-00 00:00:00,1008-wombat,B8:27:EB:CA:A1:3C,-60, WPA ,0.000000,0.000000,0.000,0.000,AP
2026-04-03 14:09:04,1900-01-00 00:00:00,1008-wombat,B8:27:EB:CA:A1:3C,-60, WPA ,0.000000,0.000000,0.000,0.000,AP
2026-04-03 14:09:04,1900-01-00 00:00:00,1008-wombat,B8:27:EB:CA:A1:3C,-60, WPA ,0.000000,0.000000,0.000,0.000,AP
2026-04-03 14:09:04,1900-01-00 00:00:00,1008-wombat,B8:27:EB:CA:A1:3C,-60, WPA ,0.000000,0.000000,0.000,0.000,AP
2026-04-03 14:09:04,1900-01-00 00:00:00,1008-wombat,B8:27:EB:CA:A1:3C,-61, WPA ,0.000000,0.000000,0.000,0.000,AP
2026-04-03 14:09:04,1900-01-00 00:00:00,1008-wombat,B8:27:EB:CA:A1:3C,-60, WPA ,0.000000,0.000000,0.000,0.000,AP
2026-04-03 14:09:04,1900-01-00 00:00:00,1008-wombat,B8:27:EB:CA:A1:3C,-60, WPA ,0.000000,0.000000,0.000,0.000,AP
2026-04-03 14:09:04,1900-01-00 00:00:00,1008-wombat,B8:27:EB:CA:A1:3C,-59, WPA ,0.000000,0.000000,0.000,0.000,AP
2026-04-03 14:09:04,1900-01-00 00:00:00,1008-wombat,B8:27:EB:CA:A1:3C,-59, WPA ,0.000000,0.000000,0.000,0.000,AP
2026-04-03 14:09:04,1900-01-00 00:00:00,1008-wombat,B8:27:EB:CA:A1:3C,-59, WPA ,0.000000,0.000000,0.000,0.000,AP
2026-04-03 14:09:04,1900-01-00 00:00:00,1008-wombat,B8:27:EB:CA:A1:3C,-60, WPA ,0.000000,0.000000,0.000,0.000,AP
2026-04-03 14:09:04,1900-01-00 00:00:00,1008-wombat,B8:27:EB:CA:A1:3C,-61, WPA ,0.000000,0.000000,0.000,0.000,AP
2026-04-03 14:09:05,1900-01-00 00:00:00,1008-wombat,B8:27:EB:CA:A1:3C,-59, WPA ,0.000000,0.000000,0.000,0.000,AP
2026-04-03 14:09:05,1900-01-00 00:00:00,1008-wombat,B8:27:EB:CA:A1:3C,-60, WPA ,0.000000,0.000000,0.000,0.000,AP
2026-04-03 14:09:05,1900-01-00 00:00:00,,C8:15:4E:20:C7:81,-58,,0.000000,0.000000,0.000,0.000,Client
2026-04-03 14:09:05,1900-01-00 00:00:00,1008-wombat,B8:27:EB:CA:A1:3C,-60, WPA ,0.000000,0.000000,0.000,0.000,AP
2026-04-03 14:09:05,1900-01-00 00:00:00,1008-wombat,B8:27:EB:CA:A1:3C,-52, WPA ,0.000000,0.000000,0.000,0.000,AP
2026-04-03 14:09:05,1900-01-00 00:00:00,1008-wombat,B8:27:EB:CA:A1:3C,-52, WPA ,0.000000,0.000000,0.000,0.000,AP
2026-04-03 14:09:05,1900-01-00 00:00:00,1008-wombat,B8:27:EB:CA:A1:3C,-52, WPA ,0.000000,0.000000,0.000,0.000,AP
2026-04-03 14:09:05,1900-01-00 00:00:00,1008-wombat,B8:27:EB:CA:A1:3C,-52, WPA ,0.000000,0.000000,0.000,0.000,AP
2026-04-03 14:09:05,1900-01-00 00:00:00,,C8:15:4E:20:C7:81,-59,,0.000000,0.000000,0.000,0.000,Client
2026-04-03 14:09:05,1900-01-00 00:00:00,1008-wombat,B8:27:EB:CA:A1:3C,-60, WPA ,0.000000,0.000000,0.000,0.000,AP
2026-04-03 14:09:05,1900-01-00 00:00:00,1008-wombat,B8:27:EB:CA:A1:3C,-60, WPA ,0.000000,0.000000,0.000,0.000,AP
2026-04-03 14:09:05,1900-01-00 00:00:00,1008-wombat,B8:27:EB:CA:A1:3C,-60, WPA ,0.000000,0.000000,0.000,0.000,AP
2026-04-03 14:09:05,1900-01-00 00:00:00,1008-wombat,B8:27:EB:CA:A1:3C,-59, WPA ,0.000000,0.000000,0.000,0.000,AP
2026-04-03 14:09:05,1900-01-00 00:00:00,1008-wombat,B8:27:EB:CA:A1:3C,-58, WPA ,0.000000,0.000000,0.000,0.000,AP
2026-04-03 14:09:05,1900-01-00 00:00:00,1008-wombat,B8:27:EB:CA:A1:3C,-58, WPA ,0.000000,0.000000,0.000,0.000,AP
2026-04-03 14:09:05,1900-01-00 00:00:00,1008-wombat,B8:27:EB:CA:A1:3C,-58, WPA ,0.000000,0.000000,0.000,0.000,AP
2026-04-03 14:09:05,1900-01-00 00:00:00,1008-wombat,B8:27:EB:CA:A1:3C,-58, WPA ,0.000000,0.000000,0.000,0.000,AP
2026-04-03 14:09:05,1900-01-00 00:00:00,1008-wombat,B8:27:EB:CA:A1:3C,-58, WPA ,0.000000,0.000000,0.000,0.000,AP
2026-04-03 14:09:05,1900-01-00 00:00:00,1008-wombat,B8:27:EB:CA:A1:3C,-58, WPA ,0.000000,0.000000,0.000,0.000,AP
2026-04-03 14:09:05,1900-01-00 00:00:00,1008-wombat,B8:27:EB:CA:A1:3C,-58, WPA ,0.000000,0.000000,0.000,0.000,AP
2026-04-03 14:09:05,1900-01-00 00:00:00,1008-wombat,B8:27:EB:CA:A1:3C,-58, WPA ,0.000000,0.000000,0.000,0.000,AP
2026-04-03 14:09:05,1900-01-00 00:00:00,1008-wombat,B8:27:EB:CA:A1:3C,-58, WPA ,0.000000,0.000000,0.000,0.000,AP
2026-04-03 14:09:05,1900-01-00 00:00:00,,C8:15:4E:20:C7:81,-59,,0.000000,0.000000,0.000,0.000,Client
2026-04-03 14:09:05,1900-01-00 00:00:00,1008-wombat,B8:27:EB:CA:A1:3C,-60, WPA ,0.000000,0.000000,0.000,0.000,AP
2026-04-03 14:09:05,1900-01-00 00:00:00,1008-wombat,B8:27:EB:CA:A1:3C,-59, WPA ,0.000000,0.000000,0.000,0.000,AP
2026-04-03 14:09:05,1900-01-00 00:00:00,1008-wombat,B8:27:EB:CA:A1:3C,-57, WPA ,0.000000,0.000000,0.000,0.000,AP
2026-04-03 14:09:05,1900-01-00 00:00:00,1008-wombat,B8:27:EB:CA:A1:3C,-57, WPA ,0.000000,0.000000,0.000,0.000,AP
2026-04-03 14:09:05,1900-01-00 00:00:00,1008-wombat,B8:27:EB:CA:A1:3C,-62, WPA ,0.000000,0.000000,0.000,0.000,AP
2026-04-03 14:09:05,1900-01-00 00:00:00,1008-wombat,B8:27:EB:CA:A1:3C,-57, WPA ,0.000000,0.000000,0.000,0.000,AP
2026-04-03 14:09:05,1900-01-00 00:00:00,1008-wombat,B8:27:EB:CA:A1:3C,-56, WPA ,0.000000,0.000000,0.000,0.000,AP
2026-04-03 14:09:05,1900-01-00 00:00:00,1008-wombat,B8:27:EB:CA:A1:3C,-56, WPA ,0.000000,0.000000,0.000,0.000,AP
2026-04-03 14:09:05,1900-01-00 00:00:00,,C8:15:4E:20:C7:81,-59,,0.000000,0.000000,0.000,0.000,Client
2026-04-03 14:09:05,1900-01-00 00:00:00,1008-wombat,B8:27:EB:CA:A1:3C,-59, WPA ,0.000000,0.000000,0.000,0.000,AP
2026-04-03 14:09:05,1900-01-00 00:00:00,1008-wombat,B8:27:EB:CA:A1:3C,-60, WPA ,0.000000,0.000000,0.000,0.000,AP
2026-04-03 14:09:05,1900-01-00 00:00:00,1008-wombat,B8:27:EB:CA:A1:3C,-58, WPA ,0.000000,0.000000,0.000,0.000,AP
2026-04-03 14:09:05,1900-01-00 00:00:00,,C8:15:4E:20:C7:81,-58,,0.000000,0.000000,0.000,0.000,Client
2026-04-03 14:09:05,1900-01-00 00:00:00,1008-wombat,B8:27:EB:CA:A1:3C,-59, WPA ,0.000000,0.000000,0.000,0.000,AP
2026-04-03 14:09:05,1900-01-00 00:00:00,1008-wombat,B8:27:EB:CA:A1:3C,-59, WPA ,0.000000,0.000000,0.000,0.000,AP
2026-04-03 14:09:05,1900-01-00 00:00:00,1008-wombat,B8:27:EB:CA:A1:3C,-58, WPA ,0.000000,0.000000,0.000,0.000,AP
2026-04-03 14:09:05,1900-01-00 00:00:00,1008-wombat,B8:27:EB:CA:A1:3C,-64, WPA ,0.000000,0.000000,0.000,0.000,AP
2026-04-03 14:09:05,1900-01-00 00:00:00,1008-wombat,B8:27:EB:CA:A1:3C,-64, WPA ,0.000000,0.000000,0.000,0.000,AP
2026-04-03 14:09:05,1900-01-00 00:00:00,1008-wombat,B8:27:EB:CA:A1:3C,-59, WPA ,0.000000,0.000000,0.000,0.000,AP
2026-04-03 14:09:05,1900-01-00 00:00:00,1008-wombat,B8:27:EB:CA:A1:3C,-59, WPA ,0.000000,0.000000,0.000,0.000,AP
2026-04-03 14:09:05,1900-01-00 00:00:00,1008-wombat,B8:27:EB:CA:A1:3C,-59, WPA ,0.000000,0.000000,0.000,0.000,AP
2026-04-03 14:09:05,1900-01-00 00:00:00,1008-wombat,B8:27:EB:CA:A1:3C,-59, WPA ,0.000000,0.000000,0.000,0.000,AP
2026-04-03 14:09:05,1900-01-00 00:00:00,1008-wombat,B8:27:EB:CA:A1:3C,-59, WPA ,0.000000,0.000000,0.000,0.000,AP
2026-04-03 14:09:05,1900-01-00 00:00:00,1008-wombat,B8:27:EB:CA:A1:3C,-59, WPA ,0.000000,0.000000,0.000,0.000,AP
2026-04-03 14:09:05,1900-01-00 00:00:00,1008-wombat,B8:27:EB:CA:A1:3C,-59, WPA ,0.000000,0.000000,0.000,0.000,AP
2026-04-03 14:09:05,1900-01-00 00:00:00,1008-wombat,B8:27:EB:CA:A1:3C,-59, WPA ,0.000000,0.000000,0.000,0.000,AP
2026-04-03 14:09:05,1900-01-00 00:00:00,1008-wombat,B8:27:EB:CA:A1:3C,-59, WPA ,0.000000,0.000000,0.000,0.000,AP
2026-04-03 14:09:05,1900-01-00 00:00:00,1008-wombat,B8:27:EB:CA:A1:3C,-42, WPA ,0.000000,0.000000,0.000,0.000,AP
2026-04-03 14:09:05,1900-01-00 00:00:00,1008-wombat,B8:27:EB:CA:A1:3C,-42, WPA ,0.000000,0.000000,0.000,0.000,AP
2026-04-03 14:09:05,1900-01-00 00:00:00,1008-wombat,B8:27:EB:CA:A1:3C,-43, WPA ,0.000000,0.000000,0.000,0.000,AP
2026-04-03 14:09:05,1900-01-00 00:00:00,1008-wombat,B8:27:EB:CA:A1:3C,-43, WPA ,0.000000,0.000000,0.000,0.000,AP
2026-04-03 14:09:05,1900-01-00 00:00:00,1008-wombat,B8:27:EB:CA:A1:3C,-43, WPA ,0.000000,0.000000,0.000,0.000,AP
2026-04-03 14:09:05,1900-01-00 00:00:00,1008-wombat,B8:27:EB:CA:A1:3C,-43, WPA ,0.000000,0.000000,0.000,0.000,AP
2026-04-03 14:09:05,1900-01-00 00:00:00,1008-wombat,B8:27:EB:CA:A1:3C,-43, WPA ,0.000000,0.000000,0.000,0.000,AP
2026-04-03 14:09:05,1900-01-00 00:00:00,1008-wombat,B8:27:EB:CA:A1:3C,-43, WPA ,0.000000,0.000000,0.000,0.000,AP
2026-04-03 14:09:05,1900-01-00 00:00:00,1008-wombat,B8:27:EB:CA:A1:3C,-59, WPA ,0.000000,0.000000,0.000,0.000,AP
2026-04-03 14:09:05,1900-01-00 00:00:00,1008-wombat,B8:27:EB:CA:A1:3C,-62, WPA ,0.000000,0.000000,0.000,0.000,AP
2026-04-03 14:09:05,1900-01-00 00:00:00,1008-wombat,B8:27:EB:CA:A1:3C,-62, WPA ,0.000000,0.000000,0.000,0.000,AP
2026-04-03 14:09:05,1900-01-00 00:00:00,1008-wombat,B8:27:EB:CA:A1:3C,-58, WPA ,0.000000,0.000000,0.000,0.000,AP
2026-04-03 14:09:05,1900-01-00 00:00:00,1008-wombat,B8:27:EB:CA:A1:3C,-62, WPA ,0.000000,0.000000,0.000,0.000,AP
2026-04-03 14:09:05,1900-01-00 00:00:00,1008-wombat,B8:27:EB:CA:A1:3C,-62, WPA ,0.000000,0.000000,0.000,0.000,AP
2026-04-03 14:09:05,1900-01-00 00:00:00,1008-wombat,B8:27:EB:CA:A1:3C,-62, WPA ,0.000000,0.000000,0.000,0.000,AP
2026-04-03 14:09:05,1900-01-00 00:00:00,1008-wombat,B8:27:EB:CA:A1:3C,-62, WPA ,0.000000,0.000000,0.000,0.000,AP
2026-04-03 14:09:05,1900-01-00 00:00:00,1008-wombat,B8:27:EB:CA:A1:3C,-62, WPA ,0.000000,0.000000,0.000,0.000,AP
2026-04-03 14:09:05,1900-01-00 00:00:00,1008-wombat,B8:27:EB:CA:A1:3C,-52, WPA ,0.000000,0.000000,0.000,0.000,AP
2026-04-03 14:09:05,1900-01-00 00:00:00,1008-wombat,B8:27:EB:CA:A1:3C,-52, WPA ,0.000000,0.000000,0.000,0.000,AP
2026-04-03 14:09:05,1900-01-00 00:00:00,1008-wombat,B8:27:EB:CA:A1:3C,-52, WPA ,0.000000,0.000000,0.000,0.000,AP
2026-04-03 14:09:05,1900-01-00 00:00:00,1008-wombat,B8:27:EB:CA:A1:3C,-52, WPA ,0.000000,0.000000,0.000,0.000,AP
2026-04-03 14:09:05,1900-01-00 00:00:00,1008-wombat,B8:27:EB:CA:A1:3C,-52, WPA ,0.000000,0.000000,0.000,0.000,AP
2026-04-03 14:09:05,1900-01-00 00:00:00,1008-wombat,B8:27:EB:CA:A1:3C,-52, WPA ,0.000000,0.000000,0.000,0.000,AP
2026-04-03 14:09:05,1900-01-00 00:00:00,1008-wombat,B8:27:EB:CA:A1:3C,-52, WPA ,0.000000,0.000000,0.000,0.000,AP
2026-04-03 14:09:05,1900-01-00 00:00:00,1008-wombat,B8:27:EB:CA:A1:3C,-52, WPA ,0.000000,0.000000,0.000,0.000,AP
2026-04-03 14:09:05,1900-01-00 00:00:00,1008-wombat,B8:27:EB:CA:A1:3C,-52, WPA ,0.000000,0.000000,0.000,0.000,AP
2026-04-03 14:09:05,1900-01-00 00:00:00,1008-wombat,B8:27:EB:CA:A1:3C,-52, WPA ,0.000000,0.000000,0.000,0.000,AP
2026-04-03 14:09:05,1900-01-00 00:00:00,1008-wombat,B8:27:EB:CA:A1:3C,-52, WPA ,0.000000,0.000000,0.000,0.000,AP
2026-04-03 14:09:05,1900-01-00 00:00:00,1008-wombat,B8:27:EB:CA:A1:3C,-52, WPA ,0.000000,0.000000,0.000,0.000,AP
2026-04-03 14:09:05,1900-01-00 00:00:00,1008-wombat,B8:27:EB:CA:A1:3C,-52, WPA ,0.000000,0.000000,0.000,0.000,AP
2026-04-03 14:09:05,1900-01-00 00:00:00,1008-wombat,B8:27:EB:CA:A1:3C,-59, WPA ,0.000000,0.000000,0.000,0.000,AP
2026-04-03 14:09:05,1900-01-00 00:00:00,1008-wombat,B8:27:EB:CA:A1:3C,-59, WPA ,0.000000,0.000000,0.000,0.000,AP
2026-04-03 14:09:05,1900-01-00 00:00:00,1008-wombat,B8:27:EB:CA:A1:3C,-59, WPA ,0.000000,0.000000,0.000,0.000,AP
2026-04-03 14:09:05,1900-01-00 00:00:00,1008-wombat,B8:27:EB:CA:A1:3C,-61, WPA ,0.000000,0.000000,0.000,0.000,AP
2026-04-03 14:09:05,1900-01-00 00:00:00,1008-wombat,B8:27:EB:CA:A1:3C,-61, WPA ,0.000000,0.000000,0.000,0.000,AP
2026-04-03 14:09:05,1900-01-00 00:00:00,1008-wombat,B8:27:EB:CA:A1:3C,-61, WPA ,0.000000,0.000000,0.000,0.000,AP
2026-04-03 14:09:05,1900-01-00 00:00:00,1008-wombat,B8:27:EB:CA:A1:3C,-61, WPA ,0.000000,0.000000,0.000,0.000,AP
2026-04-03 14:09:05,1900-01-00 00:00:00,1008-wombat,B8:27:EB:CA:A1:3C,-61, WPA ,0.000000,0.000000,0.000,0.000,AP
2026-04-03 14:09:05,1900-01-00 00:00:00,1008-wombat,B8:27:EB:CA:A1:3C,-56, WPA ,0.000000,0.000000,0.000,0.000,AP
2026-04-03 14:09:05,1900-01-00 00:00:00,1008-wombat,B8:27:EB:CA:A1:3C,-56, WPA ,0.000000,0.000000,0.000,0.000,AP
2026-04-03 14:09:05,1900-01-00 00:00:00,1008-wombat,B8:27:EB:CA:A1:3C,-56, WPA ,0.000000,0.000000,0.000,0.000,AP
2026-04-03 14:09:05,1900-01-00 00:00:00,1008-wombat,B8:27:EB:CA:A1:3C,-56, WPA ,0.000000,0.000000,0.000,0.000,AP
2026-04-03 14:09:05,1900-01-00 00:00:00,1008-wombat,B8:27:EB:CA:A1:3C,-56, WPA ,0.000000,0.000000,0.000,0.000,AP
2026-04-03 14:09:05,1900-01-00 00:00:00,1008-wombat,B8:27:EB:CA:A1:3C,-56, WPA ,0.000000,0.000000,0.000,0.000,AP
2026-04-03 14:09:05,1900-01-00 00:00:00,1008-wombat,B8:27:EB:CA:A1:3C,-56, WPA ,0.000000,0.000000,0.000,0.000,AP
2026-04-03 14:09:05,1900-01-00 00:00:00,1008-wombat,B8:27:EB:CA:A1:3C,-56, WPA ,0.000000,0.000000,0.000,0.000,AP
2026-04-03 14:09:05,1900-01-00 00:00:00,1008-wombat,B8:27:EB:CA:A1:3C,-56, WPA ,0.000000,0.000000,0.000,0.000,AP
2026-04-03 14:09:05,1900-01-00 00:00:00,1008-wombat,B8:27:EB:CA:A1:3C,-56, WPA ,0.000000,0.000000,0.000,0.000,AP
2026-04-03 14:09:05,1900-01-00 00:00:00,1008-wombat,B8:27:EB:CA:A1:3C,-57, WPA ,0.000000,0.000000,0.000,0.000,AP
2026-04-03 14:09:05,1900-01-00 00:00:00,1008-wombat,B8:27:EB:CA:A1:3C,-62, WPA ,0.000000,0.000000,0.000,0.000,AP
2026-04-03 14:09:05,1900-01-00 00:00:00,1008-wombat,B8:27:EB:CA:A1:3C,-62, WPA ,0.000000,0.000000,0.000,0.000,AP
2026-04-03 14:09:05,1900-01-00 00:00:00,1008-wombat,B8:27:EB:CA:A1:3C,-62, WPA ,0.000000,0.000000,0.000,0.000,AP
2026-04-03 14:09:05,1900-01-00 00:00:00,1008-wombat,B8:27:EB:CA:A1:3C,-62, WPA ,0.000000,0.000000,0.000,0.000,AP
2026-04-03 14:09:05,1900-01-00 00:00:00,1008-wombat,B8:27:EB:CA:A1:3C,-60, WPA ,0.000000,0.000000,0.000,0.000,AP
2026-04-03 14:09:05,1900-01-00 00:00:00,1008-wombat,B8:27:EB:CA:A1:3C,-60, WPA ,0.000000,0.000000,0.000,0.000,AP
2026-04-03 14:09:05,1900-01-00 00:00:00,1008-wombat,B8:27:EB:CA:A1:3C,-42, WPA ,0.000000,0.000000,0.000,0.000,AP
2026-04-03 14:09:05,1900-01-00 00:00:00,1008-wombat,B8:27:EB:CA:A1:3C,-42, WPA ,0.000000,0.000000,0.000,0.000,AP
2026-04-03 14:09:05,1900-01-00 00:00:00,1008-wombat,B8:27:EB:CA:A1:3C,-42, WPA ,0.000000,0.000000,0.000,0.000,AP
2026-04-03 14:09:05,1900-01-00 00:00:00,1008-wombat,B8:27:EB:CA:A1:3C,-62, WPA ,0.000000,0.000000,0.000,0.000,AP
2026-04-03 14:09:05,1900-01-00 00:00:00,1008-wombat,B8:27:EB:CA:A1:3C,-62, WPA ,0.000000,0.000000,0.000,0.000,AP
2026-04-03 14:09:05,1900-01-00 00:00:00,1008-wombat,B8:27:EB:CA:A1:3C,-62, WPA ,0.000000,0.000000,0.000,0.000,AP
2026-04-03 14:09:05,1900-01-00 00:00:00,1008-wombat,B8:27:EB:CA:A1:3C,-62, WPA ,0.000000,0.000000,0.000,0.000,AP
2026-04-03 14:09:05,1900-01-00 00:00:00,1008-wombat,B8:27:EB:CA:A1:3C,-62, WPA ,0.000000,0.000000,0.000,0.000,AP
2026-04-03 14:09:05,1900-01-00 00:00:00,1008-wombat,B8:27:EB:CA:A1:3C,-62, WPA ,0.000000,0.000000,0.000,0.000,AP
2026-04-03 14:09:05,1900-01-00 00:00:00,1008-wombat,B8:27:EB:CA:A1:3C,-62, WPA ,0.000000,0.000000,0.000,0.000,AP
2026-04-03 14:09:05,1900-01-00 00:00:00,1008-wombat,B8:27:EB:CA:A1:3C,-62, WPA ,0.000000,0.000000,0.000,0.000,AP
2026-04-03 14:09:05,1900-01-00 00:00:00,1008-wombat,B8:27:EB:CA:A1:3C,-62, WPA ,0.000000,0.000000,0.000,0.000,AP
2026-04-03 14:09:05,1900-01-00 00:00:00,1008-wombat,B8:27:EB:CA:A1:3C,-62, WPA ,0.000000,0.000000,0.000,0.000,AP
2026-04-03 14:09:05,1900-01-00 00:00:00,1008-wombat,B8:27:EB:CA:A1:3C,-62, WPA ,0.000000,0.000000,0.000,0.000,AP
2026-04-03 14:09:05,1900-01-00 00:00:00,1008-wombat,B8:27:EB:CA:A1:3C,-62, WPA ,0.000000,0.000000,0.000,0.000,AP
2026-04-03 14:09:05,1900-01-00 00:00:00,1008-wombat,B8:27:EB:CA:A1:3C,-62, WPA ,0.000000,0.000000,0.000,0.000,AP
2026-04-03 14:09:05,1900-01-00 00:00:00,1008-wombat,B8:27:EB:CA:A1:3C,-62, WPA ,0.000000,0.000000,0.000,0.000,AP
2026-04-03 14:09:05,1900-01-00 00:00:00,1008-wombat,B8:27:EB:CA:A1:3C,-62, WPA ,0.000000,0.000000,0.000,0.000,AP
2026-04-03 14:09:05,1900-01-00 00:00:00,1008-wombat,B8:27:EB:CA:A1:3C,-62, WPA ,0.000000,0.000000,0.000,0.000,AP
2026-04-03 14:09:05,1900-01-00 00:00:00,1008-wombat,B8:27:EB:CA:A1:3C,-62, WPA ,0.000000,0.000000,0.000,0.000,AP
2026-04-03 14:09:05,1900-01-00 00:00:00,1008-wombat,B8:27:EB:CA:A1:3C,-58, WPA ,0.000000,0.000000,0.000,0.000,AP
2026-04-03 14:09:05,1900-01-00 00:00:00,1008-wombat,B8:27:EB:CA:A1:3C,-52, WPA ,0.000000,0.000000,0.000,0.000,AP
2026-04-03 14:09:05,1900-01-00 00:00:00,1008-wombat,B8:27:EB:CA:A1:3C,-52, WPA ,0.000000,0.000000,0.000,0.000,AP
2026-04-03 14:09:05,1900-01-00 00:00:00,1008-wombat,B8:27:EB:CA:A1:3C,-52, WPA ,0.000000,0.000000,0.000,0.000,AP
2026-04-03 14:09:05,1900-01-00 00:00:00,1008-wombat,B8:27:EB:CA:A1:3C,-52, WPA ,0.000000,0.000000,0.000,0.000,AP
2026-04-03 14:09:05,1900-01-00 00:00:00,1008-wombat,B8:27:EB:CA:A1:3C,-52, WPA ,0.000000,0.000000,0.000,0.000,AP
2026-04-03 14:09:05,1900-01-00 00:00:00,1008-wombat,B8:27:EB:CA:A1:3C,-52, WPA ,0.000000,0.000000,0.000,0.000,AP
2026-04-03 14:09:05,1900-01-00 00:00:00,1008-wombat,B8:27:EB:CA:A1:3C,-52, WPA ,0.000000,0.000000,0.000,0.000,AP
2026-04-03 14:09:05,1900-01-00 00:00:00,1008-wombat,B8:27:EB:CA:A1:3C,-52, WPA ,0.000000,0.000000,0.000,0.000,AP
2026-04-03 14:09:05,1900-01-00 00:00:00,1008-wombat,B8:27:EB:CA:A1:3C,-52, WPA ,0.000000,0.000000,0.000,0.000,AP
2026-04-03 14:09:05,1900-01-00 00:00:00,1008-wombat,B8:27:EB:CA:A1:3C,-52, WPA ,0.000000,0.000000,0.000,0.000,AP
2026-04-03 14:09:05,1900-01-00 00:00:00,1008-wombat,B8:27:EB:CA:A1:3C,-52, WPA ,0.000000,0.000000,0.000,0.000,AP
2026-04-03 14:09:05,1900-01-00 00:00:00,1008-wombat,B8:27:EB:CA:A1:3C,-52, WPA ,0.000000,0.000000,0.000,0.000,AP
2026-04-03 14:09:05,1900-01-00 00:00:00,1008-wombat,B8:27:EB:CA:A1:3C,-52, WPA ,0.000000,0.000000,0.000,0.000,AP
2026-04-03 14:09:05,1900-01-00 00:00:00,1008-wombat,B8:27:EB:CA:A1:3C,-57, WPA ,0.000000,0.000000,0.000,0.000,AP
2026-04-03 14:09:05,1900-01-00 00:00:00,1008-wombat,B8:27:EB:CA:A1:3C,-58, WPA ,0.000000,0.000000,0.000,0.000,AP
2026-04-03 14:09:05,1900-01-00 00:00:00,1008-wombat,B8:27:EB:CA:A1:3C,-57, WPA ,0.000000,0.000000,0.000,0.000,AP
2026-04-03 14:09:05,1900-01-00 00:00:00,1008-wombat,B8:27:EB:CA:A1:3C,-57, WPA ,0.000000,0.000000,0.000,0.000,AP
2026-04-03 14:09:05,1900-01-00 00:00:00,1008-wombat,B8:27:EB:CA:A1:3C,-57, WPA ,0.000000,0.000000,0.000,0.000,AP
2026-04-03 14:09:05,1900-01-00 00:00:00,1008-wombat,B8:27:EB:CA:A1:3C,-57, WPA ,0.000000,0.000000,0.000,0.000,AP
2026-04-03 14:09:05,1900-01-00 00:00:00,1008-wombat,B8:27:EB:CA:A1:3C,-57, WPA ,0.000000,0.000000,0.000,0.000,AP
2026-04-03 14:09:05,1900-01-00 00:00:00,1008-wombat,B8:27:EB:CA:A1:3C,-57, WPA ,0.000000,0.000000,0.000,0.000,AP
2026-04-03 14:09:05,1900-01-00 00:00:00,1008-wombat,B8:27:EB:CA:A1:3C,-58, WPA ,0.000000,0.000000,0.000,0.000,AP
2026-04-03 14:09:05,1900-01-00 00:00:00,1008-wombat,B8:27:EB:CA:A1:3C,-58, WPA ,0.000000,0.000000,0.000,0.000,AP
2026-04-03 14:09:05,1900-01-00 00:00:00,1008-wombat,B8:27:EB:CA:A1:3C,-58, WPA ,0.000000,0.000000,0.000,0.000,AP
2026-04-03 14:09:05,1900-01-00 00:00:00,1008-wombat,B8:27:EB:CA:A1:3C,-59, WPA ,0.000000,0.000000,0.000,0.000,AP
2026-04-03 14:09:05,1900-01-00 00:00:00,1008-wombat,B8:27:EB:CA:A1:3C,-60, WPA ,0.000000,0.000000,0.000,0.000,AP
2026-04-03 14:09:05,1900-01-00 00:00:00,1008-wombat,B8:27:EB:CA:A1:3C,-53, WPA ,0.000000,0.000000,0.000,0.000,AP
2026-04-03 14:09:05,1900-01-00 00:00:00,1008-wombat,B8:27:EB:CA:A1:3C,-57, WPA ,0.000000,0.000000,0.000,0.000,AP
2026-04-03 14:09:05,1900-01-00 00:00:00,1008-wombat,B8:27:EB:CA:A1:3C,-57, WPA ,0.000000,0.000000,0.000,0.000,AP
2026-04-03 14:09:05,1900-01-00 00:00:00,1008-wombat,B8:27:EB:CA:A1:3C,-57, WPA ,0.000000,0.000000,0.000,0.000,AP
2026-04-03 14:09:05,1900-01-00 00:00:00,1008-wombat,B8:27:EB:CA:A1:3C,-57, WPA ,0.000000,0.000000,0.000,0.000,AP
2026-04-03 14:09:05,1900-01-00 00:00:00,1008-wombat,B8:27:EB:CA:A1:3C,-60, WPA ,0.000000,0.000000,0.000,0.000,AP
2026-04-03 14:09:05,1900-01-00 00:00:00,1008-wombat,B8:27:EB:CA:A1:3C,-60, WPA ,0.000000,0.000000,0.000,0.000,AP
2026-04-03 14:09:05,1900-01-00 00:00:00,1008-wombat,B8:27:EB:CA:A1:3C,-60, WPA ,0.000000,0.000000,0.000,0.000,AP
2026-04-03 14:09:05,1900-01-00 00:00:00,1008-wombat,B8:27:EB:CA:A1:3C,-60, WPA ,0.000000,0.000000,0.000,0.000,AP
2026-04-03 14:09:05,1900-01-00 00:00:00,1008-wombat,B8:27:EB:CA:A1:3C,-60, WPA ,0.000000,0.000000,0.000,0.000,AP
2026-04-03 14:09:05,1900-01-00 00:00:00,1008-wombat,B8:27:EB:CA:A1:3C,-60, WPA ,0.000000,0.000000,0.000,0.000,AP
2026-04-03 14:09:05,1900-01-00 00:00:00,1008-wombat,B8:27:EB:CA:A1:3C,-60, WPA ,0.000000,0.000000,0.000,0.000,AP
2026-04-03 14:09:05,1900-01-00 00:00:00,1008-wombat,B8:27:EB:CA:A1:3C,-60, WPA ,0.000000,0.000000,0.000,0.000,AP
2026-04-03 14:09:05,1900-01-00 00:00:00,1008-wombat,B8:27:EB:CA:A1:3C,-60, WPA ,0.000000,0.000000,0.000,0.000,AP
2026-04-03 14:09:05,1900-01-00 00:00:00,1008-wombat,B8:27:EB:CA:A1:3C,-60, WPA ,0.000000,0.000000,0.000,0.000,AP
2026-04-03 14:09:05,1900-01-00 00:00:00,1008-wombat,B8:27:EB:CA:A1:3C,-60, WPA ,0.000000,0.000000,0.000,0.000,AP
2026-04-03 14:09:05,1900-01-00 00:00:00,1008-wombat,B8:27:EB:CA:A1:3C,-60, WPA ,0.000000,0.000000,0.000,0.000,AP
2026-04-03 14:09:05,1900-01-00 00:00:00,1008-wombat,B8:27:EB:CA:A1:3C,-60, WPA ,0.000000,0.000000,0.000,0.000,AP
2026-04-03 14:09:05,1900-01-00 00:00:00,1008-wombat,B8:27:EB:CA:A1:3C,-60, WPA ,0.000000,0.000000,0.000,0.000,AP
2026-04-03 14:09:05,1900-01-00 00:00:00,1008-wombat,B8:27:EB:CA:A1:3C,-60, WPA ,0.000000,0.000000,0.000,0.000,AP
2026-04-03 14:09:05,1900-01-00 00:00:00,1008-wombat,B8:27:EB:CA:A1:3C,-43, WPA ,0.000000,0.000000,0.000,0.000,AP
2026-04-03 14:09:05,1900-01-00 00:00:00,1008-wombat,B8:27:EB:CA:A1:3C,-43, WPA ,0.000000,0.000000,0.000,0.000,AP
2026-04-03 14:09:05,1900-01-00 00:00:00,1008-wombat,B8:27:EB:CA:A1:3C,-43, WPA ,0.000000,0.000000,0.000,0.000,AP
2026-04-03 14:09:05,1900-01-00 00:00:00,1008-wombat,B8:27:EB:CA:A1:3C,-62, WPA ,0.000000,0.000000,0.000,0.000,AP
2026-04-03 14:09:05,1900-01-00 00:00:00,1008-wombat,B8:27:EB:CA:A1:3C,-62, WPA ,0.000000,0.000000,0.000,0.000,AP
2026-04-03 14:09:05,1900-01-00 00:00:00,1008-wombat,B8:27:EB:CA:A1:3C,-62, WPA ,0.000000,0.000000,0.000,0.000,AP
2026-04-03 14:09:05,1900-01-00 00:00:00,1008-wombat,B8:27:EB:CA:A1:3C,-62, WPA ,0.000000,0.000000,0.000,0.000,AP
2026-04-03 14:09:05,1900-01-00 00:00:00,1008-wombat,B8:27:EB:CA:A1:3C,-62, WPA ,0.000000,0.000000,0.000,0.000,AP
2026-04-03 14:09:05,1900-01-00 00:00:00,1008-wombat,B8:27:EB:CA:A1:3C,-62, WPA ,0.000000,0.000000,0.000,0.000,AP
2026-04-03 14:09:05,1900-01-00 00:00:00,1008-wombat,B8:27:EB:CA:A1:3C,-62, WPA ,0.000000,0.000000,0.000,0.000,AP
2026-04-03 14:09:05,1900-01-00 00:00:00,1008-wombat,B8:27:EB:CA:A1:3C,-62, WPA ,0.000000,0.000000,0.000,0.000,AP
2026-04-03 14:09:05,1900-01-00 00:00:00,1008-wombat,B8:27:EB:CA:A1:3C,-62, WPA ,0.000000,0.000000,0.000,0.000,AP
2026-04-03 14:09:05,1900-01-00 00:00:00,1008-wombat,B8:27:EB:CA:A1:3C,-62, WPA ,0.000000,0.000000,0.000,0.000,AP
2026-04-03 14:09:05,1900-01-00 00:00:00,1008-wombat,B8:27:EB:CA:A1:3C,-62, WPA ,0.000000,0.000000,0.000,0.000,AP
2026-04-03 14:09:05,1900-01-00 00:00:00,1008-wombat,B8:27:EB:CA:A1:3C,-62, WPA ,0.000000,0.000000,0.000,0.000,AP
2026-04-03 14:09:05,1900-01-00 00:00:00,1008-wombat,B8:27:EB:CA:A1:3C,-62, WPA ,0.000000,0.000000,0.000,0.000,AP
2026-04-03 14:09:05,1900-01-00 00:00:00,1008-wombat,B8:27:EB:CA:A1:3C,-62, WPA ,0.000000,0.000000,0.000,0.000,AP
2026-04-03 14:09:05,1900-01-00 00:00:00,1008-wombat,B8:27:EB:CA:A1:3C,-62, WPA ,0.000000,0.000000,0.000,0.000,AP
2026-04-03 14:09:05,1900-01-00 00:00:00,1008-wombat,B8:27:EB:CA:A1:3C,-62, WPA ,0.000000,0.000000,0.000,0.000,AP
2026-04-03 14:09:05,1900-01-00 00:00:00,1008-wombat,B8:27:EB:CA:A1:3C,-62, WPA ,0.000000,0.000000,0.000,0.000,AP
2026-04-03 14:09:05,1900-01-00 00:00:00,1008-wombat,B8:27:EB:CA:A1:3C,-60, WPA ,0.000000,0.000000,0.000,0.000,AP
2026-04-03 14:09:05,1900-01-00 00:00:00,1008-wombat,B8:27:EB:CA:A1:3C,-60, WPA ,0.000000,0.000000,0.000,0.000,AP
2026-04-03 14:09:05,1900-01-00 00:00:00,1008-wombat,B8:27:EB:CA:A1:3C,-60, WPA ,0.000000,0.000000,0.000,0.000,AP
2026-04-03 14:09:05,1900-01-00 00:00:00,1008-wombat,B8:27:EB:CA:A1:3C,-60, WPA ,0.000000,0.000000,0.000,0.000,AP
2026-04-03 14:09:05,1900-01-00 00:00:00,1008-wombat,B8:27:EB:CA:A1:3C,-60, WPA ,0.000000,0.000000,0.000,0.000,AP
2026-04-03 14:09:05,1900-01-00 00:00:00,1008-wombat,B8:27:EB:CA:A1:3C,-60, WPA ,0.000000,0.000000,0.000,0.000,AP
2026-04-03 14:09:05,1900-01-00 00:00:00,1008-wombat,B8:27:EB:CA:A1:3C,-60, WPA ,0.000000,0.000000,0.000,0.000,AP
2026-04-03 14:09:05,1900-01-00 00:00:00,1008-wombat,B8:27:EB:CA:A1:3C,-60, WPA ,0.000000,0.000000,0.000,0.000,AP
2026-04-03 14:09:05,1900-01-00 00:00:00,1008-wombat,B8:27:EB:CA:A1:3C,-60, WPA ,0.000000,0.000000,0.000,0.000,AP
2026-04-03 14:09:05,1900-01-00 00:00:00,1008-wombat,B8:27:EB:CA:A1:3C,-60, WPA ,0.000000,0.000000,0.000,0.000,AP
2026-04-03 14:09:05,1900-01-00 00:00:00,1008-wombat,B8:27:EB:CA:A1:3C,-60, WPA ,0.000000,0.000000,0.000,0.000,AP
2026-04-03 14:09:05,1900-01-00 00:00:00,1008-wombat,B8:27:EB:CA:A1:3C,-60, WPA ,0.000000,0.000000,0.000,0.000,AP
2026-04-03 14:09:05,1900-01-00 00:00:00,1008-wombat,B8:27:EB:CA:A1:3C,-60, WPA ,0.000000,0.000000,0.000,0.000,AP
2026-04-03 14:09:05,1900-01-00 00:00:00,1008-wombat,B8:27:EB:CA:A1:3C,-60, WPA ,0.000000,0.000000,0.000,0.000,AP
2026-04-03 14:09:05,1900-01-00 00:00:00,1008-wombat,B8:27:EB:CA:A1:3C,-56, WPA ,0.000000,0.000000,0.000,0.000,AP
2026-04-03 14:09:05,1900-01-00 00:00:00,1008-wombat,B8:27:EB:CA:A1:3C,-56, WPA ,0.000000,0.000000,0.000,0.000,AP
2026-04-03 14:09:05,1900-01-00 00:00:00,1008-wombat,B8:27:EB:CA:A1:3C,-63, WPA ,0.000000,0.000000,0.000,0.000,AP
2026-04-03 14:09:05,1900-01-00 00:00:00,1008-wombat,B8:27:EB:CA:A1:3C,-63, WPA ,0.000000,0.000000,0.000,0.000,AP
2026-04-03 14:09:05,1900-01-00 00:00:00,1008-wombat,B8:27:EB:CA:A1:3C,-63, WPA ,0.000000,0.000000,0.000,0.000,AP
2026-04-03 14:09:05,1900-01-00 00:00:00,1008-wombat,B8:27:EB:CA:A1:3C,-63, WPA ,0.000000,0.000000,0.000,0.000,AP
2026-04-03 14:09:05,1900-01-00 00:00:00,1008-wombat,B8:27:EB:CA:A1:3C,-63, WPA ,0.000000,0.000000,0.000,0.000,AP
2026-04-03 14:09:05,1900-01-00 00:00:00,1008-wombat,B8:27:EB:CA:A1:3C,-63, WPA ,0.000000,0.000000,0.000,0.000,AP
2026-04-03 14:09:05,1900-01-00 00:00:00,1008-wombat,B8:27:EB:CA:A1:3C,-63, WPA ,0.000000,0.000000,0.000,0.000,AP
2026-04-03 14:09:05,1900-01-00 00:00:00,1008-wombat,B8:27:EB:CA:A1:3C,-63, WPA ,0.000000,0.000000,0.000,0.000,AP
2026-04-03 14:09:05,1900-01-00 00:00:00,1008-wombat,B8:27:EB:CA:A1:3C,-63, WPA ,0.000000,0.000000,0.000,0.000,AP
2026-04-03 14:09:05,1900-01-00 00:00:00,1008-wombat,B8:27:EB:CA:A1:3C,-63, WPA ,0.000000,0.000000,0.000,0.000,AP
2026-04-03 14:09:05,1900-01-00 00:00:00,1008-wombat,B8:27:EB:CA:A1:3C,-63, WPA ,0.000000,0.000000,0.000,0.000,AP
2026-04-03 14:09:05,1900-01-00 00:00:00,1008-wombat,B8:27:EB:CA:A1:3C,-63, WPA ,0.000000,0.000000,0.000,0.000,AP
2026-04-03 14:09:05,1900-01-00 00:00:00,1008-wombat,B8:27:EB:CA:A1:3C,-63, WPA ,0.000000,0.000000,0.000,0.000,AP
2026-04-03 14:09:05,1900-01-00 00:00:00,1008-wombat,B8:27:EB:CA:A1:3C,-63, WPA ,0.000000,0.000000,0.000,0.000,AP
2026-04-03 14:09:05,1900-01-00 00:00:00,1008-wombat,B8:27:EB:CA:A1:3C,-42, WPA ,0.000000,0.000000,0.000,0.000,AP
2026-04-03 14:09:05,1900-01-00 00:00:00,1008-wombat,B8:27:EB:CA:A1:3C,-43, WPA ,0.000000,0.000000,0.000,0.000,AP
2026-04-03 14:09:05,1900-01-00 00:00:00,1008-wombat,B8:27:EB:CA:A1:3C,-43, WPA ,0.000000,0.000000,0.000,0.000,AP
2026-04-03 14:09:05,1900-01-00 00:00:00,1008-wombat,B8:27:EB:CA:A1:3C,-43, WPA ,0.000000,0.000000,0.000,0.000,AP
2026-04-03 14:09:05,1900-01-00 00:00:00,1008-wombat,B8:27:EB:CA:A1:3C,-62, WPA ,0.000000,0.000000,0.000,0.000,AP
2026-04-03 14:09:05,1900-01-00 00:00:00,1008-wombat,B8:27:EB:CA:A1:3C,-62, WPA ,0.000000,0.000000,0.000,0.000,AP
2026-04-03 14:09:05,1900-01-00 00:00:00,1008-wombat,B8:27:EB:CA:A1:3C,-62, WPA ,0.000000,0.000000,0.000,0.000,AP
2026-04-03 14:09:05,1900-01-00 00:00:00,1008-wombat,B8:27:EB:CA:A1:3C,-62, WPA ,0.000000,0.000000,0.000,0.000,AP
2026-04-03 14:09:05,1900-01-00 00:00:00,1008-wombat,B8:27:EB:CA:A1:3C,-62, WPA ,0.000000,0.000000,0.000,0.000,AP
2026-04-03 14:09:05,1900-01-00 00:00:00,1008-wombat,B8:27:EB:CA:A1:3C,-62, WPA ,0.000000,0.000000,0.000,0.000,AP
2026-04-03 14:09:05,1900-01-00 00:00:00,1008-wombat,B8:27:EB:CA:A1:3C,-62, WPA ,0.000000,0.000000,0.000,0.000,AP
2026-04-03 14:09:05,1900-01-00 00:00:00,1008-wombat,B8:27:EB:CA:A1:3C,-62, WPA ,0.000000,0.000000,0.000,0.000,AP
2026-04-03 14:09:05,1900-01-00 00:00:00,1008-wombat,B8:27:EB:CA:A1:3C,-62, WPA ,0.000000,0.000000,0.000,0.000,AP
2026-04-03 14:09:05,1900-01-00 00:00:00,1008-wombat,B8:27:EB:CA:A1:3C,-62, WPA ,0.000000,0.000000,0.000,0.000,AP
2026-04-03 14:09:05,1900-01-00 00:00:00,1008-wombat,B8:27:EB:CA:A1:3C,-62, WPA ,0.000000,0.000000,0.000,0.000,AP
2026-04-03 14:09:05,1900-01-00 00:00:00,1008-wombat,B8:27:EB:CA:A1:3C,-62, WPA ,0.000000,0.000000,0.000,0.000,AP
2026-04-03 14:09:05,1900-01-00 00:00:00,1008-wombat,B8:27:EB:CA:A1:3C,-62, WPA ,0.000000,0.000000,0.000,0.000,AP
2026-04-03 14:09:05,1900-01-00 00:00:00,1008-wombat,B8:27:EB:CA:A1:3C,-62, WPA ,0.000000,0.000000,0.000,0.000,AP
2026-04-03 14:09:05,1900-01-00 00:00:00,1008-wombat,B8:27:EB:CA:A1:3C,-62, WPA ,0.000000,0.000000,0.000,0.000,AP
2026-04-03 14:09:05,1900-01-00 00:00:00,1008-wombat,B8:27:EB:CA:A1:3C,-62, WPA ,0.000000,0.000000,0.000,0.000,AP
2026-04-03 14:09:05,1900-01-00 00:00:00,1008-wombat,B8:27:EB:CA:A1:3C,-62, WPA ,0.000000,0.000000,0.000,0.000,AP
2026-04-03 14:09:05,1900-01-00 00:00:00,1008-wombat,B8:27:EB:CA:A1:3C,-62, WPA ,0.000000,0.000000,0.000,0.000,AP
2026-04-03 14:09:05,1900-01-00 00:00:00,1008-wombat,B8:27:EB:CA:A1:3C,-60, WPA ,0.000000,0.000000,0.000,0.000,AP
2026-04-03 14:09:05,1900-01-00 00:00:00,1008-wombat,B8:27:EB:CA:A1:3C,-60, WPA ,0.000000,0.000000,0.000,0.000,AP
2026-04-03 14:09:05,1900-01-00 00:00:00,1008-wombat,B8:27:EB:CA:A1:3C,-60, WPA ,0.000000,0.000000,0.000,0.000,AP
2026-04-03 14:09:05,1900-01-00 00:00:00,1008-wombat,B8:27:EB:CA:A1:3C,-60, WPA ,0.000000,0.000000,0.000,0.000,AP
2026-04-03 14:09:05,1900-01-00 00:00:00,1008-wombat,B8:27:EB:CA:A1:3C,-60, WPA ,0.000000,0.000000,0.000,0.000,AP
2026-04-03 14:09:05,1900-01-00 00:00:00,1008-wombat,B8:27:EB:CA:A1:3C,-60, WPA ,0.000000,0.000000,0.000,0.000,AP
2026-04-03 14:09:05,1900-01-00 00:00:00,1008-wombat,B8:27:EB:CA:A1:3C,-60, WPA ,0.000000,0.000000,0.000,0.000,AP
2026-04-03 14:09:05,1900-01-00 00:00:00,1008-wombat,B8:27:EB:CA:A1:3C,-60, WPA ,0.000000,0.000000,0.000,0.000,AP
2026-04-03 14:09:05,1900-01-00 00:00:00,1008-wombat,B8:27:EB:CA:A1:3C,-60, WPA ,0.000000,0.000000,0.000,0.000,AP
2026-04-03 14:09:05,1900-01-00 00:00:00,1008-wombat,B8:27:EB:CA:A1:3C,-60, WPA ,0.000000,0.000000,0.000,0.000,AP
2026-04-03 14:09:05,1900-01-00 00:00:00,1008-wombat,B8:27:EB:CA:A1:3C,-60, WPA ,0.000000,0.000000,0.000,0.000,AP
2026-04-03 14:09:05,1900-01-00 00:00:00,1008-wombat,B8:27:EB:CA:A1:3C,-60, WPA ,0.000000,0.000000,0.000,0.000,AP
2026-04-03 14:09:05,1900-01-00 00:00:00,1008-wombat,B8:27:EB:CA:A1:3C,-60, WPA ,0.000000,0.000000,0.000,0.000,AP
2026-04-03 14:09:05,1900-01-00 00:00:00,1008-wombat,B8:27:EB:CA:A1:3C,-57, WPA ,0.000000,0.000000,0.000,0.000,AP
2026-04-03 14:09:05,1900-01-00 00:00:00,1008-wombat,B8:27:EB:CA:A1:3C,-57, WPA ,0.000000,0.000000,0.000,0.000,AP
2026-04-03 14:09:05,1900-01-00 00:00:00,1008-wombat,B8:27:EB:CA:A1:3C,-57, WPA ,0.000000,0.000000,0.000,0.000,AP
2026-04-03 14:09:05,1900-01-00 00:00:00,1008-wombat,B8:27:EB:CA:A1:3C,-57, WPA ,0.000000,0.000000,0.000,0.000,AP
2026-04-03 14:09:05,1900-01-00 00:00:00,1008-wombat,B8:27:EB:CA:A1:3C,-57, WPA ,0.000000,0.000000,0.000,0.000,AP
2026-04-03 14:09:05,1900-01-00 00:00:00,1008-wombat,B8:27:EB:CA:A1:3C,-57, WPA ,0.000000,0.000000,0.000,0.000,AP
2026-04-03 14:09:05,1900-01-00 00:00:00,1008-wombat,B8:27:EB:CA:A1:3C,-52, WPA ,0.000000,0.000000,0.000,0.000,AP
2026-04-03 14:09:05,1900-01-00 00:00:00,1008-wombat,B8:27:EB:CA:A1:3C,-52, WPA ,0.000000,0.000000,0.000,0.000,AP
2026-04-03 14:09:05,1900-01-00 00:00:00,1008-wombat,B8:27:EB:CA:A1:3C,-52, WPA ,0.000000,0.000000,0.000,0.000,AP
2026-04-03 14:09:05,1900-01-00 00:00:00,1008-wombat,B8:27:EB:CA:A1:3C,-59, WPA ,0.000000,0.000000,0.000,0.000,AP
2026-04-03 14:09:05,1900-01-00 00:00:00,1008-wombat,B8:27:EB:CA:A1:3C,-59, WPA ,0.000000,0.000000,0.000,0.000,AP
2026-04-03 14:09:05,1900-01-00 00:00:00,1008-wombat,B8:27:EB:CA:A1:3C,-59, WPA ,0.000000,0.000000,0.000,0.000,AP
2026-04-03 14:09:05,1900-01-00 00:00:00,1008-wombat,B8:27:EB:CA:A1:3C,-59, WPA ,0.000000,0.000000,0.000,0.000,AP
2026-04-03 14:09:05,1900-01-00 00:00:00,1008-wombat,B8:27:EB:CA:A1:3C,-59, WPA ,0.000000,0.000000,0.000,0.000,AP
2026-04-03 14:09:05,1900-01-00 00:00:00,1008-wombat,B8:27:EB:CA:A1:3C,-60, WPA ,0.000000,0.000000,0.000,0.000,AP
2026-04-03 14:09:05,1900-01-00 00:00:00,1008-wombat,B8:27:EB:CA:A1:3C,-42, WPA ,0.000000,0.000000,0.000,0.000,AP
2026-04-03 14:09:05,1900-01-00 00:00:00,1008-wombat,B8:27:EB:CA:A1:3C,-41, WPA ,0.000000,0.000000,0.000,0.000,AP
2026-04-03 14:09:05,1900-01-00 00:00:00,1008-wombat,B8:27:EB:CA:A1:3C,-41, WPA ,0.000000,0.000000,0.000,0.000,AP
2026-04-03 14:09:05,1900-01-00 00:00:00,1008-wombat,B8:27:EB:CA:A1:3C,-41, WPA ,0.000000,0.000000,0.000,0.000,AP
2026-04-03 14:09:05,1900-01-00 00:00:00,1008-wombat,B8:27:EB:CA:A1:3C,-61, WPA ,0.000000,0.000000,0.000,0.000,AP
2026-04-03 14:09:05,1900-01-00 00:00:00,1008-wombat,B8:27:EB:CA:A1:3C,-61, WPA ,0.000000,0.000000,0.000,0.000,AP
2026-04-03 14:09:05,1900-01-00 00:00:00,1008-wombat,B8:27:EB:CA:A1:3C,-61, WPA ,0.000000,0.000000,0.000,0.000,AP
2026-04-03 14:09:05,1900-01-00 00:00:00,1008-wombat,B8:27:EB:CA:A1:3C,-61, WPA ,0.000000,0.000000,0.000,0.000,AP
2026-04-03 14:09:05,1900-01-00 00:00:00,1008-wombat,B8:27:EB:CA:A1:3C,-61, WPA ,0.000000,0.000000,0.000,0.000,AP
2026-04-03 14:09:05,1900-01-00 00:00:00,1008-wombat,B8:27:EB:CA:A1:3C,-61, WPA ,0.000000,0.000000,0.000,0.000,AP
2026-04-03 14:09:05,1900-01-00 00:00:00,1008-wombat,B8:27:EB:CA:A1:3C,-61, WPA ,0.000000,0.000000,0.000,0.000,AP
2026-04-03 14:09:05,1900-01-00 00:00:00,1008-wombat,B8:27:EB:CA:A1:3C,-61, WPA ,0.000000,0.000000,0.000,0.000,AP
2026-04-03 14:09:05,1900-01-00 00:00:00,1008-wombat,B8:27:EB:CA:A1:3C,-61, WPA ,0.000000,0.000000,0.000,0.000,AP
2026-04-03 14:09:05,1900-01-00 00:00:00,1008-wombat,B8:27:EB:CA:A1:3C,-60, WPA ,0.000000,0.000000,0.000,0.000,AP
2026-04-03 14:09:05,1900-01-00 00:00:00,1008-wombat,B8:27:EB:CA:A1:3C,-60, WPA ,0.000000,0.000000,0.000,0.000,AP
2026-04-03 14:09:05,1900-01-00 00:00:00,1008-wombat,B8:27:EB:CA:A1:3C,-59, WPA ,0.000000,0.000000,0.000,0.000,AP
2026-04-03 14:09:05,1900-01-00 00:00:00,1008-wombat,B8:27:EB:CA:A1:3C,-59, WPA ,0.000000,0.000000,0.000,0.000,AP
2026-04-03 14:09:05,1900-01-00 00:00:00,1008-wombat,B8:27:EB:CA:A1:3C,-60, WPA ,0.000000,0.000000,0.000,0.000,AP
2026-04-03 14:09:05,1900-01-00 00:00:00,1008-wombat,B8:27:EB:CA:A1:3C,-58, WPA ,0.000000,0.000000,0.000,0.000,AP
2026-04-03 14:09:05,1900-01-00 00:00:00,1008-wombat,B8:27:EB:CA:A1:3C,-59, WPA ,0.000000,0.000000,0.000,0.000,AP
2026-04-03 14:09:05,1900-01-00 00:00:00,1008-wombat,B8:27:EB:CA:A1:3C,-59, WPA ,0.000000,0.000000,0.000,0.000,AP
2026-04-03 14:09:05,1900-01-00 00:00:00,1008-wombat,B8:27:EB:CA:A1:3C,-59, WPA ,0.000000,0.000000,0.000,0.000,AP
2026-04-03 14:09:05,1900-01-00 00:00:00,1008-wombat,B8:27:EB:CA:A1:3C,-60, WPA ,0.000000,0.000000,0.000,0.000,AP
2026-04-03 14:09:05,1900-01-00 00:00:00,1008-wombat,B8:27:EB:CA:A1:3C,-59, WPA ,0.000000,0.000000,0.000,0.000,AP
2026-04-03 14:09:06,1900-01-00 00:00:00,1008-wombat,B8:27:EB:CA:A1:3C,-59, WPA ,0.000000,0.000000,0.000,0.000,AP
2026-04-03 14:09:06,1900-01-00 00:00:00,1008-wombat,B8:27:EB:CA:A1:3C,-58, WPA ,0.000000,0.000000,0.000,0.000,AP
2026-04-03 14:09:06,1900-01-00 00:00:00,1008-wombat,B8:27:EB:CA:A1:3C,-58, WPA ,0.000000,0.000000,0.000,0.000,AP
2026-04-03 14:09:06,1900-01-00 00:00:00,1008-wombat,B8:27:EB:CA:A1:3C,-58, WPA ,0.000000,0.000000,0.000,0.000,AP
2026-04-03 14:09:06,1900-01-00 00:00:00,1008-wombat,B8:27:EB:CA:A1:3C,-58, WPA ,0.000000,0.000000,0.000,0.000,AP
2026-04-03 14:09:06,1900-01-00 00:00:00,1008-wombat,B8:27:EB:CA:A1:3C,-58, WPA ,0.000000,0.000000,0.000,0.000,AP
2026-04-03 14:09:06,1900-01-00 00:00:00,1008-wombat,B8:27:EB:CA:A1:3C,-58, WPA ,0.000000,0.000000,0.000,0.000,AP
2026-04-03 14:09:06,1900-01-00 00:00:00,1008-wombat,B8:27:EB:CA:A1:3C,-57, WPA ,0.000000,0.000000,0.000,0.000,AP
2026-04-03 14:09:06,1900-01-00 00:00:00,1008-wombat,B8:27:EB:CA:A1:3C,-57, WPA ,0.000000,0.000000,0.000,0.000,AP
2026-04-03 14:09:06,1900-01-00 00:00:00,1008-wombat,B8:27:EB:CA:A1:3C,-57, WPA ,0.000000,0.000000,0.000,0.000,AP
2026-04-03 14:09:06,1900-01-00 00:00:00,1008-wombat,B8:27:EB:CA:A1:3C,-57, WPA ,0.000000,0.000000,0.000,0.000,AP
2026-04-03 14:09:06,1900-01-00 00:00:00,1008-wombat,B8:27:EB:CA:A1:3C,-57, WPA ,0.000000,0.000000,0.000,0.000,AP
2026-04-03 14:09:06,1900-01-00 00:00:00,1008-wombat,B8:27:EB:CA:A1:3C,-57, WPA ,0.000000,0.000000,0.000,0.000,AP
2026-04-03 14:09:06,1900-01-00 00:00:00,1008-wombat,B8:27:EB:CA:A1:3C,-57, WPA ,0.000000,0.000000,0.000,0.000,AP
2026-04-03 14:09:06,1900-01-00 00:00:00,1008-wombat,B8:27:EB:CA:A1:3C,-57, WPA ,0.000000,0.000000,0.000,0.000,AP
2026-04-03 14:09:06,1900-01-00 00:00:00,1008-wombat,B8:27:EB:CA:A1:3C,-57, WPA ,0.000000,0.000000,0.000,0.000,AP
2026-04-03 14:09:06,1900-01-00 00:00:00,1008-wombat,B8:27:EB:CA:A1:3C,-57, WPA ,0.000000,0.000000,0.000,0.000,AP
2026-04-03 14:09:06,1900-01-00 00:00:00,1008-wombat,B8:27:EB:CA:A1:3C,-57, WPA ,0.000000,0.000000,0.000,0.000,AP
2026-04-03 14:09:06,1900-01-00 00:00:00,1008-wombat,B8:27:EB:CA:A1:3C,-57, WPA ,0.000000,0.000000,0.000,0.000,AP
2026-04-03 14:09:06,1900-01-00 00:00:00,1008-wombat,B8:27:EB:CA:A1:3C,-57, WPA ,0.000000,0.000000,0.000,0.000,AP
2026-04-03 14:09:06,1900-01-00 00:00:00,1008-wombat,B8:27:EB:CA:A1:3C,-57, WPA ,0.000000,0.000000,0.000,0.000,AP
2026-04-03 14:09:06,1900-01-00 00:00:00,1008-wombat,B8:27:EB:CA:A1:3C,-56, WPA ,0.000000,0.000000,0.000,0.000,AP
2026-04-03 14:09:06,1900-01-00 00:00:00,1008-wombat,B8:27:EB:CA:A1:3C,-57, WPA ,0.000000,0.000000,0.000,0.000,AP
2026-04-03 14:09:06,1900-01-00 00:00:00,1008-wombat,B8:27:EB:CA:A1:3C,-57, WPA ,0.000000,0.000000,0.000,0.000,AP
2026-04-03 14:09:06,1900-01-00 00:00:00,1008-wombat,B8:27:EB:CA:A1:3C,-57, WPA ,0.000000,0.000000,0.000,0.000,AP
2026-04-03 14:09:06,1900-01-00 00:00:00,1008-wombat,B8:27:EB:CA:A1:3C,-56, WPA ,0.000000,0.000000,0.000,0.000,AP
2026-04-03 14:09:06,1900-01-00 00:00:00,1008-wombat,B8:27:EB:CA:A1:3C,-57, WPA ,0.000000,0.000000,0.000,0.000,AP
2026-04-03 14:09:06,1900-01-00 00:00:00,1008-wombat,B8:27:EB:CA:A1:3C,-58, WPA ,0.000000,0.000000,0.000,0.000,AP
2026-04-03 14:09:06,1900-01-00 00:00:00,1008-wombat,B8:27:EB:CA:A1:3C,-58, WPA ,0.000000,0.000000,0.000,0.000,AP
2026-04-03 14:09:06,1900-01-00 00:00:00,1008-wombat,B8:27:EB:CA:A1:3C,-57, WPA ,0.000000,0.000000,0.000,0.000,AP
2026-04-03 14:09:06,1900-01-00 00:00:00,1008-wombat,B8:27:EB:CA:A1:3C,-58, WPA ,0.000000,0.000000,0.000,0.000,AP
2026-04-03 14:09:06,1900-01-00 00:00:00,1008-wombat,B8:27:EB:CA:A1:3C,-58, WPA ,0.000000,0.000000,0.000,0.000,AP
2026-04-03 14:09:06,1900-01-00 00:00:00,1008-wombat,B8:27:EB:CA:A1:3C,-58, WPA ,0.000000,0.000000,0.000,0.000,AP
2026-04-03 14:09:06,1900-01-00 00:00:00,1008-wombat,B8:27:EB:CA:A1:3C,-58, WPA ,0.000000,0.000000,0.000,0.000,AP
2026-04-03 14:09:06,1900-01-00 00:00:00,1008-wombat,B8:27:EB:CA:A1:3C,-58, WPA ,0.000000,0.000000,0.000,0.000,AP
2026-04-03 14:09:06,1900-01-00 00:00:00,1008-wombat,B8:27:EB:CA:A1:3C,-58, WPA ,0.000000,0.000000,0.000,0.000,AP
2026-04-03 14:09:07,1900-01-00 00:00:00,1008-wombat,B8:27:EB:CA:A1:3C,-57, WPA ,0.000000,0.000000,0.000,0.000,AP
2026-04-03 14:09:07,1900-01-00 00:00:00,1008-wombat,B8:27:EB:CA:A1:3C,-57, WPA ,0.000000,0.000000,0.000,0.000,AP
2026-04-03 14:09:07,1900-01-00 00:00:00,1008-wombat,B8:27:EB:CA:A1:3C,-57, WPA ,0.000000,0.000000,0.000,0.000,AP
2026-04-03 14:09:07,1900-01-00 00:00:00,1008-wombat,B8:27:EB:CA:A1:3C,-57, WPA ,0.000000,0.000000,0.000,0.000,AP
2026-04-03 14:09:07,1900-01-00 00:00:00,1008-wombat,B8:27:EB:CA:A1:3C,-58, WPA ,0.000000,0.000000,0.000,0.000,AP
2026-04-03 14:09:07,1900-01-00 00:00:00,1008-wombat,B8:27:EB:CA:A1:3C,-57, WPA ,0.000000,0.000000,0.000,0.000,AP
2026-04-03 14:09:07,1900-01-00 00:00:00,1008-wombat,B8:27:EB:CA:A1:3C,-58, WPA ,0.000000,0.000000,0.000,0.000,AP
2026-04-03 14:09:07,1900-01-00 00:00:00,1008-wombat,B8:27:EB:CA:A1:3C,-58, WPA ,0.000000,0.000000,0.000,0.000,AP
2026-04-03 14:09:07,1900-01-00 00:00:00,1008-wombat,B8:27:EB:CA:A1:3C,-58, WPA ,0.000000,0.000000,0.000,0.000,AP
2026-04-03 14:09:07,1900-01-00 00:00:00,1008-wombat,B8:27:EB:CA:A1:3C,-57, WPA ,0.000000,0.000000,0.000,0.000,AP
2026-04-03 14:09:07,1900-01-00 00:00:00,1008-wombat,B8:27:EB:CA:A1:3C,-58, WPA ,0.000000,0.000000,0.000,0.000,AP
2026-04-03 14:09:07,1900-01-00 00:00:00,1008-wombat,B8:27:EB:CA:A1:3C,-58, WPA ,0.000000,0.000000,0.000,0.000,AP
2026-04-03 14:09:07,1900-01-00 00:00:00,1008-wombat,B8:27:EB:CA:A1:3C,-58, WPA ,0.000000,0.000000,0.000,0.000,AP
2026-04-03 14:09:07,1900-01-00 00:00:00,1008-wombat,B8:27:EB:CA:A1:3C,-58, WPA ,0.000000,0.000000,0.000,0.000,AP
2026-04-03 14:09:07,1900-01-00 00:00:00,1008-wombat,B8:27:EB:CA:A1:3C,-58, WPA ,0.000000,0.000000,0.000,0.000,AP
2026-04-03 14:09:07,1900-01-00 00:00:00,1008-wombat,B8:27:EB:CA:A1:3C,-58, WPA ,0.000000,0.000000,0.000,0.000,AP
2026-04-03 14:09:07,1900-01-00 00:00:00,1008-wombat,B8:27:EB:CA:A1:3C,-56, WPA ,0.000000,0.000000,0.000,0.000,AP
2026-04-03 14:09:07,1900-01-00 00:00:00,1008-wombat,B8:27:EB:CA:A1:3C,-59, WPA ,0.000000,0.000000,0.000,0.000,AP
2026-04-03 14:09:07,1900-01-00 00:00:00,1008-wombat,B8:27:EB:CA:A1:3C,-58, WPA ,0.000000,0.000000,0.000,0.000,AP
2026-04-03 14:09:07,1900-01-00 00:00:00,1008-wombat,B8:27:EB:CA:A1:3C,-58, WPA ,0.000000,0.000000,0.000,0.000,AP
2026-04-03 14:09:07,1900-01-00 00:00:00,1008-wombat,B8:27:EB:CA:A1:3C,-59, WPA ,0.000000,0.000000,0.000,0.000,AP
2026-04-03 14:09:07,1900-01-00 00:00:00,1008-wombat,B8:27:EB:CA:A1:3C,-59, WPA ,0.000000,0.000000,0.000,0.000,AP
2026-04-03 14:09:07,1900-01-00 00:00:00,1008-wombat,B8:27:EB:CA:A1:3C,-58, WPA ,0.000000,0.000000,0.000,0.000,AP
2026-04-03 14:09:07,1900-01-00 00:00:00,1008-wombat,B8:27:EB:CA:A1:3C,-59, WPA ,0.000000,0.000000,0.000,0.000,AP
2026-04-03 14:09:08,1900-01-00 00:00:00,1008-wombat,B8:27:EB:CA:A1:3C,-58, WPA ,0.000000,0.000000,0.000,0.000,AP
2026-04-03 14:09:08,1900-01-00 00:00:00,1008-wombat,B8:27:EB:CA:A1:3C,-59, WPA ,0.000000,0.000000,0.000,0.000,AP
2026-04-03 14:09:08,1900-01-00 00:00:00,1008-wombat,B8:27:EB:CA:A1:3C,-59, WPA ,0.000000,0.000000,0.000,0.000,AP
2026-04-03 14:09:08,1900-01-00 00:00:00,1008-wombat,B8:27:EB:CA:A1:3C,-59, WPA ,0.000000,0.000000,0.000,0.000,AP
2026-04-03 14:09:08,1900-01-00 00:00:00,1008-wombat,B8:27:EB:CA:A1:3C,-59, WPA ,0.000000,0.000000,0.000,0.000,AP
2026-04-03 14:09:08,1900-01-00 00:00:00,1008-wombat,B8:27:EB:CA:A1:3C,-59, WPA ,0.000000,0.000000,0.000,0.000,AP
2026-04-03 14:09:08,1900-01-00 00:00:00,1008-wombat,B8:27:EB:CA:A1:3C,-59, WPA ,0.000000,0.000000,0.000,0.000,AP
2026-04-03 14:09:08,1900-01-00 00:00:00,1008-wombat,B8:27:EB:CA:A1:3C,-59, WPA ,0.000000,0.000000,0.000,0.000,AP
2026-04-03 14:09:08,1900-01-00 00:00:00,1008-wombat,B8:27:EB:CA:A1:3C,-60, WPA ,0.000000,0.000000,0.000,0.000,AP
2026-04-03 14:09:08,1900-01-00 00:00:00,1008-wombat,B8:27:EB:CA:A1:3C,-59, WPA ,0.000000,0.000000,0.000,0.000,AP
2026-04-03 14:09:08,1900-01-00 00:00:00,1008-wombat,B8:27:EB:CA:A1:3C,-59, WPA ,0.000000,0.000000,0.000,0.000,AP
2026-04-03 14:09:08,1900-01-00 00:00:00,1008-wombat,B8:27:EB:CA:A1:3C,-59, WPA ,0.000000,0.000000,0.000,0.000,AP
2026-04-03 14:09:08,1900-01-00 00:00:00,1008-wombat,B8:27:EB:CA:A1:3C,-59, WPA ,0.000000,0.000000,0.000,0.000,AP
2026-04-03 14:09:08,1900-01-00 00:00:00,1008-wombat,B8:27:EB:CA:A1:3C,-59, WPA ,0.000000,0.000000,0.000,0.000,AP
2026-04-03 14:09:08,1900-01-00 00:00:00,1008-wombat,B8:27:EB:CA:A1:3C,-59, WPA ,0.000000,0.000000,0.000,0.000,AP
2026-04-03 14:09:08,1900-01-00 00:00:00,1008-wombat,B8:27:EB:CA:A1:3C,-59, WPA ,0.000000,0.000000,0.000,0.000,AP
2026-04-03 14:09:08,1900-01-00 00:00:00,1008-wombat,B8:27:EB:CA:A1:3C,-59, WPA ,0.000000,0.000000,0.000,0.000,AP
2026-04-03 14:09:08,1900-01-00 00:00:00,1008-wombat,B8:27:EB:CA:A1:3C,-59, WPA ,0.000000,0.000000,0.000,0.000,AP
2026-04-03 14:09:08,1900-01-00 00:00:00,1008-wombat,B8:27:EB:CA:A1:3C,-59, WPA ,0.000000,0.000000,0.000,0.000,AP
2026-04-03 14:09:08,1900-01-00 00:00:00,1008-wombat,B8:27:EB:CA:A1:3C,-58, WPA ,0.000000,0.000000,0.000,0.000,AP
2026-04-03 14:09:08,1900-01-00 00:00:00,1008-wombat,B8:27:EB:CA:A1:3C,-59, WPA ,0.000000,0.000000,0.000,0.000,AP
2026-04-03 14:09:08,1900-01-00 00:00:00,1008-wombat,B8:27:EB:CA:A1:3C,-59, WPA ,0.000000,0.000000,0.000,0.000,AP
2026-04-03 14:09:08,1900-01-00 00:00:00,1008-wombat,B8:27:EB:CA:A1:3C,-58, WPA ,0.000000,0.000000,0.000,0.000,AP
2026-04-03 14:09:08,1900-01-00 00:00:00,1008-wombat,B8:27:EB:CA:A1:3C,-59, WPA ,0.000000,0.000000,0.000,0.000,AP
2026-04-03 14:09:08,1900-01-00 00:00:00,1008-wombat,B8:27:EB:CA:A1:3C,-59, WPA ,0.000000,0.000000,0.000,0.000,AP
2026-04-03 14:09:09,1900-01-00 00:00:00,1008-wombat,B8:27:EB:CA:A1:3C,-58, WPA ,0.000000,0.000000,0.000,0.000,AP
2026-04-03 14:09:09,1900-01-00 00:00:00,1008-wombat,B8:27:EB:CA:A1:3C,-58, WPA ,0.000000,0.000000,0.000,0.000,AP
2026-04-03 14:09:09,1900-01-00 00:00:00,1008-wombat,B8:27:EB:CA:A1:3C,-58, WPA ,0.000000,0.000000,0.000,0.000,AP
2026-04-03 14:09:09,1900-01-00 00:00:00,1008-wombat,B8:27:EB:CA:A1:3C,-58, WPA ,0.000000,0.000000,0.000,0.000,AP
2026-04-03 14:09:09,1900-01-00 00:00:00,1008-wombat,B8:27:EB:CA:A1:3C,-58, WPA ,0.000000,0.000000,0.000,0.000,AP
2026-04-03 14:09:09,1900-01-00 00:00:00,1008-wombat,B8:27:EB:CA:A1:3C,-58, WPA ,0.000000,0.000000,0.000,0.000,AP
2026-04-03 14:09:09,1900-01-00 00:00:00,1008-wombat,B8:27:EB:CA:A1:3C,-58, WPA ,0.000000,0.000000,0.000,0.000,AP
2026-04-03 14:09:09,1900-01-00 00:00:00,1008-wombat,B8:27:EB:CA:A1:3C,-58, WPA ,0.000000,0.000000,0.000,0.000,AP
2026-04-03 14:09:09,1900-01-00 00:00:00,1008-wombat,B8:27:EB:CA:A1:3C,-59, WPA ,0.000000,0.000000,0.000,0.000,AP
2026-04-03 14:09:09,1900-01-00 00:00:00,1008-wombat,B8:27:EB:CA:A1:3C,-59, WPA ,0.000000,0.000000,0.000,0.000,AP
2026-04-03 14:09:09,1900-01-00 00:00:00,1008-wombat,B8:27:EB:CA:A1:3C,-60, WPA ,0.000000,0.000000,0.000,0.000,AP
2026-04-03 14:09:09,1900-01-00 00:00:00,1008-wombat,B8:27:EB:CA:A1:3C,-60, WPA ,0.000000,0.000000,0.000,0.000,AP
2026-04-03 14:09:09,1900-01-00 00:00:00,1008-wombat,B8:27:EB:CA:A1:3C,-60, WPA ,0.000000,0.000000,0.000,0.000,AP
2026-04-03 14:09:09,1900-01-00 00:00:00,1008-wombat,B8:27:EB:CA:A1:3C,-58, WPA ,0.000000,0.000000,0.000,0.000,AP
2026-04-03 14:09:09,1900-01-00 00:00:00,1008-wombat,B8:27:EB:CA:A1:3C,-59, WPA ,0.000000,0.000000,0.000,0.000,AP
2026-04-03 14:09:09,1900-01-00 00:00:00,1008-wombat,B8:27:EB:CA:A1:3C,-57, WPA ,0.000000,0.000000,0.000,0.000,AP
2026-04-03 14:09:09,1900-01-00 00:00:00,1008-wombat,B8:27:EB:CA:A1:3C,-58, WPA ,0.000000,0.000000,0.000,0.000,AP
2026-04-03 14:09:10,1900-01-00 00:00:00,1008-wombat,B8:27:EB:CA:A1:3C,-59, WPA ,0.000000,0.000000,0.000,0.000,AP
2026-04-03 14:09:10,1900-01-00 00:00:00,1008-wombat,B8:27:EB:CA:A1:3C,-59, WPA ,0.000000,0.000000,0.000,0.000,AP
2026-04-03 14:09:10,1900-01-00 00:00:00,1008-wombat,B8:27:EB:CA:A1:3C,-59, WPA ,0.000000,0.000000,0.000,0.000,AP
2026-04-03 14:09:10,1900-01-00 00:00:00,1008-wombat,B8:27:EB:CA:A1:3C,-60, WPA ,0.000000,0.000000,0.000,0.000,AP
2026-04-03 14:09:10,1900-01-00 00:00:00,1008-wombat,B8:27:EB:CA:A1:3C,-60, WPA ,0.000000,0.000000,0.000,0.000,AP
2026-04-03 14:09:10,1900-01-00 00:00:00,1008-wombat,B8:27:EB:CA:A1:3C,-60, WPA ,0.000000,0.000000,0.000,0.000,AP
2026-04-03 14:09:10,1900-01-00 00:00:00,1008-wombat,B8:27:EB:CA:A1:3C,-58, WPA ,0.000000,0.000000,0.000,0.000,AP
2026-04-03 14:09:10,1900-01-00 00:00:00,1008-wombat,B8:27:EB:CA:A1:3C,-59, WPA ,0.000000,0.000000,0.000,0.000,AP
2026-04-03 14:09:10,1900-01-00 00:00:00,1008-wombat,B8:27:EB:CA:A1:3C,-59, WPA ,0.000000,0.000000,0.000,0.000,AP
2026-04-03 14:09:11,1900-01-00 00:00:00,1008-wombat,B8:27:EB:CA:A1:3C,-59, WPA ,0.000000,0.000000,0.000,0.000,AP
2026-04-03 14:09:11,1900-01-00 00:00:00,1008-wombat,B8:27:EB:CA:A1:3C,-58, WPA ,0.000000,0.000000,0.000,0.000,AP
2026-04-03 14:09:11,1900-01-00 00:00:00,1008-wombat,B8:27:EB:CA:A1:3C,-59, WPA ,0.000000,0.000000,0.000,0.000,AP
2026-04-03 14:09:11,1900-01-00 00:00:00,1008-wombat,B8:27:EB:CA:A1:3C,-59, WPA ,0.000000,0.000000,0.000,0.000,AP
2026-04-03 14:09:11,1900-01-00 00:00:00,1008-wombat,B8:27:EB:CA:A1:3C,-59, WPA ,0.000000,0.000000,0.000,0.000,AP
2026-04-03 14:09:11,1900-01-00 00:00:00,1008-wombat,B8:27:EB:CA:A1:3C,-59, WPA ,0.000000,0.000000,0.000,0.000,AP
2026-04-03 14:09:11,1900-01-00 00:00:00,1008-wombat,B8:27:EB:CA:A1:3C,-58, WPA ,0.000000,0.000000,0.000,0.000,AP
2026-04-03 14:09:11,1900-01-00 00:00:00,1008-wombat,B8:27:EB:CA:A1:3C,-59, WPA ,0.000000,0.000000,0.000,0.000,AP
2026-04-03 14:09:11,1900-01-00 00:00:00,1008-wombat,B8:27:EB:CA:A1:3C,-59, WPA ,0.000000,0.000000,0.000,0.000,AP
2026-04-03 14:09:11,1900-01-00 00:00:00,1008-wombat,B8:27:EB:CA:A1:3C,-59, WPA ,0.000000,0.000000,0.000,0.000,AP
2026-04-03 14:09:11,1900-01-00 00:00:00,1008-wombat,B8:27:EB:CA:A1:3C,-58, WPA ,0.000000,0.000000,0.000,0.000,AP
2026-04-03 14:09:11,1900-01-00 00:00:00,1008-wombat,B8:27:EB:CA:A1:3C,-58, WPA ,0.000000,0.000000,0.000,0.000,AP
2026-04-03 14:09:11,1900-01-00 00:00:00,1008-wombat,B8:27:EB:CA:A1:3C,-59, WPA ,0.000000,0.000000,0.000,0.000,AP
2026-04-03 14:09:11,1900-01-00 00:00:00,1008-wombat,B8:27:EB:CA:A1:3C,-58, WPA ,0.000000,0.000000,0.000,0.000,AP
2026-04-03 14:09:11,1900-01-00 00:00:00,1008-wombat,B8:27:EB:CA:A1:3C,-57, WPA ,0.000000,0.000000,0.000,0.000,AP
2026-04-03 14:09:11,1900-01-00 00:00:00,1008-wombat,B8:27:EB:CA:A1:3C,-54, WPA ,0.000000,0.000000,0.000,0.000,AP
2026-04-03 14:09:11,1900-01-00 00:00:00,1008-wombat,B8:27:EB:CA:A1:3C,-58, WPA ,0.000000,0.000000,0.000,0.000,AP
2026-04-03 14:09:11,1900-01-00 00:00:00,1008-wombat,B8:27:EB:CA:A1:3C,-57, WPA ,0.000000,0.000000,0.000,0.000,AP
2026-04-03 14:09:11,1900-01-00 00:00:00,1008-wombat,B8:27:EB:CA:A1:3C,-56, WPA ,0.000000,0.000000,0.000,0.000,AP
2026-04-03 14:09:11,1900-01-00 00:00:00,1008-wombat,B8:27:EB:CA:A1:3C,-58, WPA ,0.000000,0.000000,0.000,0.000,AP
2026-04-03 14:09:11,1900-01-00 00:00:00,1008-wombat,B8:27:EB:CA:A1:3C,-57, WPA ,0.000000,0.000000,0.000,0.000,AP
2026-04-03 14:09:11,1900-01-00 00:00:00,1008-wombat,B8:27:EB:CA:A1:3C,-58, WPA ,0.000000,0.000000,0.000,0.000,AP
2026-04-03 14:09:12,1900-01-00 00:00:00,1008-wombat,B8:27:EB:CA:A1:3C,-58, WPA ,0.000000,0.000000,0.000,0.000,AP
2026-04-03 14:09:12,1900-01-00 00:00:00,1008-wombat,B8:27:EB:CA:A1:3C,-59, WPA ,0.000000,0.000000,0.000,0.000,AP
2026-04-03 14:09:12,1900-01-00 00:00:00,1008-wombat,B8:27:EB:CA:A1:3C,-59, WPA ,0.000000,0.000000,0.000,0.000,AP
2026-04-03 14:09:12,1900-01-00 00:00:00,1008-wombat,B8:27:EB:CA:A1:3C,-59, WPA ,0.000000,0.000000,0.000,0.000,AP
2026-04-03 14:09:12,1900-01-00 00:00:00,1008-wombat,B8:27:EB:CA:A1:3C,-59, WPA ,0.000000,0.000000,0.000,0.000,AP
2026-04-03 14:09:12,1900-01-00 00:00:00,1008-wombat,B8:27:EB:CA:A1:3C,-59, WPA ,0.000000,0.000000,0.000,0.000,AP
2026-04-03 14:09:12,1900-01-00 00:00:00,1008-wombat,B8:27:EB:CA:A1:3C,-60, WPA ,0.000000,0.000000,0.000,0.000,AP
2026-04-03 14:09:12,1900-01-00 00:00:00,1008-wombat,B8:27:EB:CA:A1:3C,-58, WPA ,0.000000,0.000000,0.000,0.000,AP
2026-04-03 14:09:12,1900-01-00 00:00:00,1008-wombat,B8:27:EB:CA:A1:3C,-58, WPA ,0.000000,0.000000,0.000,0.000,AP
2026-04-03 14:09:12,1900-01-00 00:00:00,1008-wombat,B8:27:EB:CA:A1:3C,-58, WPA ,0.000000,0.000000,0.000,0.000,AP
2026-04-03 14:09:12,1900-01-00 00:00:00,1008-wombat,B8:27:EB:CA:A1:3C,-58, WPA ,0.000000,0.000000,0.000,0.000,AP
2026-04-03 14:09:12,1900-01-00 00:00:00,1008-wombat,B8:27:EB:CA:A1:3C,-57, WPA ,0.000000,0.000000,0.000,0.000,AP
2026-04-03 14:09:12,1900-01-00 00:00:00,1008-wombat,B8:27:EB:CA:A1:3C,-55, WPA ,0.000000,0.000000,0.000,0.000,AP
2026-04-03 14:09:12,1900-01-00 00:00:00,1008-wombat,B8:27:EB:CA:A1:3C,-57, WPA ,0.000000,0.000000,0.000,0.000,AP
2026-04-03 14:09:12,1900-01-00 00:00:00,1008-wombat,B8:27:EB:CA:A1:3C,-58, WPA ,0.000000,0.000000,0.000,0.000,AP
2026-04-03 14:09:12,1900-01-00 00:00:00,1008-wombat,B8:27:EB:CA:A1:3C,-57, WPA ,0.000000,0.000000,0.000,0.000,AP
2026-04-03 14:09:12,1900-01-00 00:00:00,1008-wombat,B8:27:EB:CA:A1:3C,-59, WPA ,0.000000,0.000000,0.000,0.000,AP
2026-04-03 14:09:12,1900-01-00 00:00:00,1008-wombat,B8:27:EB:CA:A1:3C,-58, WPA ,0.000000,0.000000,0.000,0.000,AP
2026-04-03 14:09:12,1900-01-00 00:00:00,1008-wombat,B8:27:EB:CA:A1:3C,-59, WPA ,0.000000,0.000000,0.000,0.000,AP
2026-04-03 14:09:12,1900-01-00 00:00:00,1008-wombat,B8:27:EB:CA:A1:3C,-58, WPA ,0.000000,0.000000,0.000,0.000,AP
2026-04-03 14:09:12,1900-01-00 00:00:00,1008-wombat,B8:27:EB:CA:A1:3C,-58, WPA ,0.000000,0.000000,0.000,0.000,AP
2026-04-03 14:09:12,1900-01-00 00:00:00,1008-wombat,B8:27:EB:CA:A1:3C,-58, WPA ,0.000000,0.000000,0.000,0.000,AP
2026-04-03 14:09:12,1900-01-00 00:00:00,1008-wombat,B8:27:EB:CA:A1:3C,-58, WPA ,0.000000,0.000000,0.000,0.000,AP
2026-04-03 14:09:12,1900-01-00 00:00:00,1008-wombat,B8:27:EB:CA:A1:3C,-58, WPA ,0.000000,0.000000,0.000,0.000,AP
2026-04-03 14:09:12,1900-01-00 00:00:00,1008-wombat,B8:27:EB:CA:A1:3C,-58, WPA ,0.000000,0.000000,0.000,0.000,AP
2026-04-03 14:09:12,1900-01-00 00:00:00,1008-wombat,B8:27:EB:CA:A1:3C,-58, WPA ,0.000000,0.000000,0.000,0.000,AP
2026-04-03 14:09:12,1900-01-00 00:00:00,1008-wombat,B8:27:EB:CA:A1:3C,-57, WPA ,0.000000,0.000000,0.000,0.000,AP
2026-04-03 14:09:12,1900-01-00 00:00:00,1008-wombat,B8:27:EB:CA:A1:3C,-56, WPA ,0.000000,0.000000,0.000,0.000,AP
2026-04-03 14:09:12,1900-01-00 00:00:00,1008-wombat,B8:27:EB:CA:A1:3C,-58, WPA ,0.000000,0.000000,0.000,0.000,AP
2026-04-03 14:09:12,1900-01-00 00:00:00,1008-wombat,B8:27:EB:CA:A1:3C,-58, WPA ,0.000000,0.000000,0.000,0.000,AP
2026-04-03 14:09:12,1900-01-00 00:00:00,1008-wombat,B8:27:EB:CA:A1:3C,-58, WPA ,0.000000,0.000000,0.000,0.000,AP
2026-04-03 14:09:13,1900-01-00 00:00:00,1008-wombat,B8:27:EB:CA:A1:3C,-58, WPA ,0.000000,0.000000,0.000,0.000,AP
2026-04-03 14:09:13,1900-01-00 00:00:00,1008-wombat,B8:27:EB:CA:A1:3C,-57, WPA ,0.000000,0.000000,0.000,0.000,AP
2026-04-03 14:09:13,1900-01-00 00:00:00,1008-wombat,B8:27:EB:CA:A1:3C,-58, WPA ,0.000000,0.000000,0.000,0.000,AP
2026-04-03 14:09:13,1900-01-00 00:00:00,1008-wombat,B8:27:EB:CA:A1:3C,-58, WPA ,0.000000,0.000000,0.000,0.000,AP
2026-04-03 14:09:13,1900-01-00 00:00:00,1008-wombat,B8:27:EB:CA:A1:3C,-57, WPA ,0.000000,0.000000,0.000,0.000,AP
2026-04-03 14:09:13,1900-01-00 00:00:00,1008-wombat,B8:27:EB:CA:A1:3C,-58, WPA ,0.000000,0.000000,0.000,0.000,AP
2026-04-03 14:09:13,1900-01-00 00:00:00,1008-wombat,B8:27:EB:CA:A1:3C,-56, WPA ,0.000000,0.000000,0.000,0.000,AP
2026-04-03 14:09:13,1900-01-00 00:00:00,1008-wombat,B8:27:EB:CA:A1:3C,-57, WPA ,0.000000,0.000000,0.000,0.000,AP
2026-04-03 14:09:13,1900-01-00 00:00:00,1008-wombat,B8:27:EB:CA:A1:3C,-57, WPA ,0.000000,0.000000,0.000,0.000,AP
2026-04-03 14:09:13,1900-01-00 00:00:00,1008-wombat,B8:27:EB:CA:A1:3C,-57, WPA ,0.000000,0.000000,0.000,0.000,AP
2026-04-03 14:09:13,1900-01-00 00:00:00,1008-wombat,B8:27:EB:CA:A1:3C,-58, WPA ,0.000000,0.000000,0.000,0.000,AP
2026-04-03 14:09:13,1900-01-00 00:00:00,1008-wombat,B8:27:EB:CA:A1:3C,-58, WPA ,0.000000,0.000000,0.000,0.000,AP
2026-04-03 14:09:14,1900-01-00 00:00:00,1008-wombat,B8:27:EB:CA:A1:3C,-59, WPA ,0.000000,0.000000,0.000,0.000,AP
2026-04-03 14:09:14,1900-01-00 00:00:00,1008-wombat,B8:27:EB:CA:A1:3C,-59, WPA ,0.000000,0.000000,0.000,0.000,AP
2026-04-03 14:09:14,1900-01-00 00:00:00,1008-wombat,B8:27:EB:CA:A1:3C,-59, WPA ,0.000000,0.000000,0.000,0.000,AP
2026-04-03 14:09:14,1900-01-00 00:00:00,1008-wombat,B8:27:EB:CA:A1:3C,-60, WPA ,0.000000,0.000000,0.000,0.000,AP
2026-04-03 14:09:14,1900-01-00 00:00:00,1008-wombat,B8:27:EB:CA:A1:3C,-57, WPA ,0.000000,0.000000,0.000,0.000,AP
2026-04-03 14:09:14,1900-01-00 00:00:00,1008-wombat,B8:27:EB:CA:A1:3C,-59, WPA ,0.000000,0.000000,0.000,0.000,AP
2026-04-03 14:09:14,1900-01-00 00:00:00,1008-wombat,B8:27:EB:CA:A1:3C,-60, WPA ,0.000000,0.000000,0.000,0.000,AP
2026-04-03 14:09:14,1900-01-00 00:00:00,1008-wombat,B8:27:EB:CA:A1:3C,-59, WPA ,0.000000,0.000000,0.000,0.000,AP
2026-04-03 14:09:14,1900-01-00 00:00:00,1008-wombat,B8:27:EB:CA:A1:3C,-59, WPA ,0.000000,0.000000,0.000,0.000,AP
2026-04-03 14:09:14,1900-01-00 00:00:00,1008-wombat,B8:27:EB:CA:A1:3C,-59, WPA ,0.000000,0.000000,0.000,0.000,AP
2026-04-03 14:09:14,1900-01-00 00:00:00,1008-wombat,B8:27:EB:CA:A1:3C,-59, WPA ,0.000000,0.000000,0.000,0.000,AP
2026-04-03 14:09:14,1900-01-00 00:00:00,1008-wombat,B8:27:EB:CA:A1:3C,-58, WPA ,0.000000,0.000000,0.000,0.000,AP
2026-04-03 14:09:15,1900-01-00 00:00:00,1008-wombat,B8:27:EB:CA:A1:3C,-57, WPA ,0.000000,0.000000,0.000,0.000,AP
2026-04-03 14:09:15,1900-01-00 00:00:00,1008-wombat,B8:27:EB:CA:A1:3C,-59, WPA ,0.000000,0.000000,0.000,0.000,AP
2026-04-03 14:09:15,1900-01-00 00:00:00,1008-wombat,B8:27:EB:CA:A1:3C,-59, WPA ,0.000000,0.000000,0.000,0.000,AP
2026-04-03 14:09:15,1900-01-00 00:00:00,1008-wombat,B8:27:EB:CA:A1:3C,-59, WPA ,0.000000,0.000000,0.000,0.000,AP
2026-04-03 14:09:15,1900-01-00 00:00:00,1008-wombat,B8:27:EB:CA:A1:3C,-59, WPA ,0.000000,0.000000,0.000,0.000,AP
2026-04-03 14:09:15,1900-01-00 00:00:00,1008-wombat,B8:27:EB:CA:A1:3C,-59, WPA ,0.000000,0.000000,0.000,0.000,AP
2026-04-03 14:09:15,1900-01-00 00:00:00,1008-wombat,B8:27:EB:CA:A1:3C,-59, WPA ,0.000000,0.000000,0.000,0.000,AP
2026-04-03 14:09:15,1900-01-00 00:00:00,1008-wombat,B8:27:EB:CA:A1:3C,-59, WPA ,0.000000,0.000000,0.000,0.000,AP
2026-04-03 14:09:15,1900-01-00 00:00:00,1008-wombat,B8:27:EB:CA:A1:3C,-59, WPA ,0.000000,0.000000,0.000,0.000,AP
2026-04-03 14:09:15,1900-01-00 00:00:00,1008-wombat,B8:27:EB:CA:A1:3C,-58, WPA ,0.000000,0.000000,0.000,0.000,AP
2026-04-03 14:09:15,1900-01-00 00:00:00,1008-wombat,B8:27:EB:CA:A1:3C,-60, WPA ,0.000000,0.000000,0.000,0.000,AP
2026-04-03 14:09:15,1900-01-00 00:00:00,1008-wombat,B8:27:EB:CA:A1:3C,-60, WPA ,0.000000,0.000000,0.000,0.000,AP
2026-04-03 14:09:15,1900-01-00 00:00:00,1008-wombat,B8:27:EB:CA:A1:3C,-60, WPA ,0.000000,0.000000,0.000,0.000,AP
2026-04-03 14:09:15,1900-01-00 00:00:00,1008-wombat,B8:27:EB:CA:A1:3C,-60, WPA ,0.000000,0.000000,0.000,0.000,AP
2026-04-03 14:09:15,1900-01-00 00:00:00,1008-wombat,B8:27:EB:CA:A1:3C,-60, WPA ,0.000000,0.000000,0.000,0.000,AP
2026-04-03 14:09:15,1900-01-00 00:00:00,1008-wombat,B8:27:EB:CA:A1:3C,-61, WPA ,0.000000,0.000000,0.000,0.000,AP
2026-04-03 14:09:15,1900-01-00 00:00:00,1008-wombat,B8:27:EB:CA:A1:3C,-61, WPA ,0.000000,0.000000,0.000,0.000,AP
2026-04-03 14:09:15,1900-01-00 00:00:00,1008-wombat,B8:27:EB:CA:A1:3C,-60, WPA ,0.000000,0.000000,0.000,0.000,AP
2026-04-03 14:09:15,1900-01-00 00:00:00,1008-wombat,B8:27:EB:CA:A1:3C,-60, WPA ,0.000000,0.000000,0.000,0.000,AP
2026-04-03 14:09:15,1900-01-00 00:00:00,1008-wombat,B8:27:EB:CA:A1:3C,-61, WPA ,0.000000,0.000000,0.000,0.000,AP
2026-04-03 14:09:15,1900-01-00 00:00:00,1008-wombat,B8:27:EB:CA:A1:3C,-60, WPA ,0.000000,0.000000,0.000,0.000,AP
2026-04-03 14:09:15,1900-01-00 00:00:00,1008-wombat,B8:27:EB:CA:A1:3C,-60, WPA ,0.000000,0.000000,0.000,0.000,AP
2026-04-03 14:09:16,1900-01-00 00:00:00,1008-wombat,B8:27:EB:CA:A1:3C,-60, WPA ,0.000000,0.000000,0.000,0.000,AP
2026-04-03 14:09:16,1900-01-00 00:00:00,1008-wombat,B8:27:EB:CA:A1:3C,-59, WPA ,0.000000,0.000000,0.000,0.000,AP
2026-04-03 14:09:16,1900-01-00 00:00:00,1008-wombat,B8:27:EB:CA:A1:3C,-58, WPA ,0.000000,0.000000,0.000,0.000,AP
2026-04-03 14:09:16,1900-01-00 00:00:00,1008-wombat,B8:27:EB:CA:A1:3C,-60, WPA ,0.000000,0.000000,0.000,0.000,AP
2026-04-03 14:09:16,1900-01-00 00:00:00,1008-wombat,B8:27:EB:CA:A1:3C,-59, WPA ,0.000000,0.000000,0.000,0.000,AP
2026-04-03 14:09:16,1900-01-00 00:00:00,1008-wombat,B8:27:EB:CA:A1:3C,-59, WPA ,0.000000,0.000000,0.000,0.000,AP
2026-04-03 14:09:16,1900-01-00 00:00:00,1008-wombat,B8:27:EB:CA:A1:3C,-60, WPA ,0.000000,0.000000,0.000,0.000,AP
2026-04-03 14:09:16,1900-01-00 00:00:00,1008-wombat,B8:27:EB:CA:A1:3C,-60, WPA ,0.000000,0.000000,0.000,0.000,AP
2026-04-03 14:09:17,1900-01-00 00:00:00,1008-wombat,B8:27:EB:CA:A1:3C,-60, WPA ,0.000000,0.000000,0.000,0.000,AP
2026-04-03 14:09:17,1900-01-00 00:00:00,1008-wombat,B8:27:EB:CA:A1:3C,-60, WPA ,0.000000,0.000000,0.000,0.000,AP
2026-04-03 14:09:17,1900-01-00 00:00:00,1008-wombat,B8:27:EB:CA:A1:3C,-61, WPA ,0.000000,0.000000,0.000,0.000,AP
2026-04-03 14:09:17,1900-01-00 00:00:00,1008-wombat,B8:27:EB:CA:A1:3C,-60, WPA ,0.000000,0.000000,0.000,0.000,AP
2026-04-03 14:09:17,1900-01-00 00:00:00,1008-wombat,B8:27:EB:CA:A1:3C,-60, WPA ,0.000000,0.000000,0.000,0.000,AP
2026-04-03 14:09:17,1900-01-00 00:00:00,1008-wombat,B8:27:EB:CA:A1:3C,-59, WPA ,0.000000,0.000000,0.000,0.000,AP
2026-04-03 14:09:17,1900-01-00 00:00:00,1008-wombat,B8:27:EB:CA:A1:3C,-60, WPA ,0.000000,0.000000,0.000,0.000,AP
2026-04-03 14:09:17,1900-01-00 00:00:00,1008-wombat,B8:27:EB:CA:A1:3C,-60, WPA ,0.000000,0.000000,0.000,0.000,AP
2026-04-03 14:09:17,1900-01-00 00:00:00,1008-wombat,B8:27:EB:CA:A1:3C,-59, WPA ,0.000000,0.000000,0.000,0.000,AP
2026-04-03 14:09:17,1900-01-00 00:00:00,1008-wombat,B8:27:EB:CA:A1:3C,-60, WPA ,0.000000,0.000000,0.000,0.000,AP
2026-04-03 14:09:18,1900-01-00 00:00:00,1008-wombat,B8:27:EB:CA:A1:3C,-59, WPA ,0.000000,0.000000,0.000,0.000,AP
2026-04-03 14:09:18,1900-01-00 00:00:00,1008-wombat,B8:27:EB:CA:A1:3C,-59, WPA ,0.000000,0.000000,0.000,0.000,AP
2026-04-03 14:09:18,1900-01-00 00:00:00,1008-wombat,B8:27:EB:CA:A1:3C,-59, WPA ,0.000000,0.000000,0.000,0.000,AP
2026-04-03 14:09:18,1900-01-00 00:00:00,1008-wombat,B8:27:EB:CA:A1:3C,-59, WPA ,0.000000,0.000000,0.000,0.000,AP
2026-04-03 14:09:18,1900-01-00 00:00:00,1008-wombat,B8:27:EB:CA:A1:3C,-59, WPA ,0.000000,0.000000,0.000,0.000,AP
2026-04-03 14:09:18,1900-01-00 00:00:00,1008-wombat,B8:27:EB:CA:A1:3C,-59, WPA ,0.000000,0.000000,0.000,0.000,AP
2026-04-03 14:09:18,1900-01-00 00:00:00,1008-wombat,B8:27:EB:CA:A1:3C,-59, WPA ,0.000000,0.000000,0.000,0.000,AP
2026-04-03 14:09:18,1900-01-00 00:00:00,1008-wombat,B8:27:EB:CA:A1:3C,-59, WPA ,0.000000,0.000000,0.000,0.000,AP
2026-04-03 14:09:18,1900-01-00 00:00:00,1008-wombat,B8:27:EB:CA:A1:3C,-59, WPA ,0.000000,0.000000,0.000,0.000,AP
2026-04-03 14:09:18,1900-01-00 00:00:00,1008-wombat,B8:27:EB:CA:A1:3C,-60, WPA ,0.000000,0.000000,0.000,0.000,AP
2026-04-03 14:09:18,1900-01-00 00:00:00,1008-wombat,B8:27:EB:CA:A1:3C,-61, WPA ,0.000000,0.000000,0.000,0.000,AP
2026-04-03 14:09:18,1900-01-00 00:00:00,1008-wombat,B8:27:EB:CA:A1:3C,-58, WPA ,0.000000,0.000000,0.000,0.000,AP
2026-04-03 14:09:18,1900-01-00 00:00:00,1008-wombat,B8:27:EB:CA:A1:3C,-58, WPA ,0.000000,0.000000,0.000,0.000,AP
2026-04-03 14:09:18,1900-01-00 00:00:00,1008-wombat,B8:27:EB:CA:A1:3C,-60, WPA ,0.000000,0.000000,0.000,0.000,AP
2026-04-03 14:09:18,1900-01-00 00:00:00,1008-wombat,B8:27:EB:CA:A1:3C,-60, WPA ,0.000000,0.000000,0.000,0.000,AP
2026-04-03 14:09:18,1900-01-00 00:00:00,1008-wombat,B8:27:EB:CA:A1:3C,-60, WPA ,0.000000,0.000000,0.000,0.000,AP
2026-04-03 14:09:18,1900-01-00 00:00:00,1008-wombat,B8:27:EB:CA:A1:3C,-59, WPA ,0.000000,0.000000,0.000,0.000,AP
2026-04-03 14:09:18,1900-01-00 00:00:00,1008-wombat,B8:27:EB:CA:A1:3C,-59, WPA ,0.000000,0.000000,0.000,0.000,AP
2026-04-03 14:09:19,1900-01-00 00:00:00,1008-wombat,B8:27:EB:CA:A1:3C,-60, WPA ,0.000000,0.000000,0.000,0.000,AP
2026-04-03 14:09:19,1900-01-00 00:00:00,1008-wombat,B8:27:EB:CA:A1:3C,-60, WPA ,0.000000,0.000000,0.000,0.000,AP
2026-04-03 14:09:19,1900-01-00 00:00:00,1008-wombat,B8:27:EB:CA:A1:3C,-60, WPA ,0.000000,0.000000,0.000,0.000,AP
2026-04-03 14:09:19,1900-01-00 00:00:00,1008-wombat,B8:27:EB:CA:A1:3C,-60, WPA ,0.000000,0.000000,0.000,0.000,AP
2026-04-03 14:09:19,1900-01-00 00:00:00,1008-wombat,B8:27:EB:CA:A1:3C,-60, WPA ,0.000000,0.000000,0.000,0.000,AP
2026-04-03 14:09:19,1900-01-00 00:00:00,1008-wombat,B8:27:EB:CA:A1:3C,-60, WPA ,0.000000,0.000000,0.000,0.000,AP
2026-04-03 14:09:19,1900-01-00 00:00:00,1008-wombat,B8:27:EB:CA:A1:3C,-59, WPA ,0.000000,0.000000,0.000,0.000,AP
2026-04-03 14:09:19,1900-01-00 00:00:00,1008-wombat,B8:27:EB:CA:A1:3C,-59, WPA ,0.000000,0.000000,0.000,0.000,AP
2026-04-03 14:09:19,1900-01-00 00:00:00,1008-wombat,B8:27:EB:CA:A1:3C,-59, WPA ,0.000000,0.000000,0.000,0.000,AP
2026-04-03 14:09:20,1900-01-00 00:00:00,1008-wombat,B8:27:EB:CA:A1:3C,-60, WPA ,0.000000,0.000000,0.000,0.000,AP
2026-04-03 14:09:20,1900-01-00 00:00:00,1008-wombat,B8:27:EB:CA:A1:3C,-59, WPA ,0.000000,0.000000,0.000,0.000,AP
2026-04-03 14:09:20,1900-01-00 00:00:00,1008-wombat,B8:27:EB:CA:A1:3C,-59, WPA ,0.000000,0.000000,0.000,0.000,AP
2026-04-03 14:09:20,1900-01-00 00:00:00,1008-wombat,B8:27:EB:CA:A1:3C,-59, WPA ,0.000000,0.000000,0.000,0.000,AP
2026-04-03 14:09:20,1900-01-00 00:00:00,1008-wombat,B8:27:EB:CA:A1:3C,-59, WPA ,0.000000,0.000000,0.000,0.000,AP
2026-04-03 14:09:20,1900-01-00 00:00:00,1008-wombat,B8:27:EB:CA:A1:3C,-59, WPA ,0.000000,0.000000,0.000,0.000,AP
2026-04-03 14:09:20,1900-01-00 00:00:00,1008-wombat,B8:27:EB:CA:A1:3C,-59, WPA ,0.000000,0.000000,0.000,0.000,AP
2026-04-03 14:09:20,1900-01-00 00:00:00,1008-wombat,B8:27:EB:CA:A1:3C,-59, WPA ,0.000000,0.000000,0.000,0.000,AP
2026-04-03 14:09:20,1900-01-00 00:00:00,1008-wombat,B8:27:EB:CA:A1:3C,-59, WPA ,0.000000,0.000000,0.000,0.000,AP
2026-04-03 14:09:20,1900-01-00 00:00:00,1008-wombat,B8:27:EB:CA:A1:3C,-59, WPA ,0.000000,0.000000,0.000,0.000,AP
2026-04-03 14:09:20,1900-01-00 00:00:00,1008-wombat,B8:27:EB:CA:A1:3C,-60, WPA ,0.000000,0.000000,0.000,0.000,AP
2026-04-03 14:09:20,1900-01-00 00:00:00,1008-wombat,B8:27:EB:CA:A1:3C,-59, WPA ,0.000000,0.000000,0.000,0.000,AP
2026-04-03 14:09:20,1900-01-00 00:00:00,1008-wombat,B8:27:EB:CA:A1:3C,-60, WPA ,0.000000,0.000000,0.000,0.000,AP
2026-04-03 14:09:20,1900-01-00 00:00:00,1008-wombat,B8:27:EB:CA:A1:3C,-60, WPA ,0.000000,0.000000,0.000,0.000,AP
2026-04-03 14:09:20,1900-01-00 00:00:00,1008-wombat,B8:27:EB:CA:A1:3C,-60, WPA ,0.000000,0.000000,0.000,0.000,AP
2026-04-03 14:09:21,1900-01-00 00:00:00,1008-wombat,B8:27:EB:CA:A1:3C,-61, WPA ,0.000000,0.000000,0.000,0.000,AP
2026-04-03 14:09:21,1900-01-00 00:00:00,1008-wombat,B8:27:EB:CA:A1:3C,-60, WPA ,0.000000,0.000000,0.000,0.000,AP
2026-04-03 14:09:21,1900-01-00 00:00:00,1008-wombat,B8:27:EB:CA:A1:3C,-60, WPA ,0.000000,0.000000,0.000,0.000,AP
2026-04-03 14:09:21,1900-01-00 00:00:00,1008-wombat,B8:27:EB:CA:A1:3C,-60, WPA ,0.000000,0.000000,0.000,0.000,AP
2026-04-03 14:09:21,1900-01-00 00:00:00,1008-wombat,B8:27:EB:CA:A1:3C,-61, WPA ,0.000000,0.000000,0.000,0.000,AP
2026-04-03 14:09:21,1900-01-00 00:00:00,1008-wombat,B8:27:EB:CA:A1:3C,-61, WPA ,0.000000,0.000000,0.000,0.000,AP
2026-04-03 14:09:21,1900-01-00 00:00:00,1008-wombat,B8:27:EB:CA:A1:3C,-60, WPA ,0.000000,0.000000,0.000,0.000,AP
2026-04-03 14:09:21,1900-01-00 00:00:00,1008-wombat,B8:27:EB:CA:A1:3C,-60, WPA ,0.000000,0.000000,0.000,0.000,AP
2026-04-03 14:09:21,1900-01-00 00:00:00,1008-wombat,B8:27:EB:CA:A1:3C,-60, WPA ,0.000000,0.000000,0.000,0.000,AP
2026-04-03 14:09:21,1900-01-00 00:00:00,1008-wombat,B8:27:EB:CA:A1:3C,-60, WPA ,0.000000,0.000000,0.000,0.000,AP
2026-04-03 14:09:21,1900-01-00 00:00:00,1008-wombat,B8:27:EB:CA:A1:3C,-59, WPA ,0.000000,0.000000,0.000,0.000,AP
2026-04-03 14:09:21,1900-01-00 00:00:00,1008-wombat,B8:27:EB:CA:A1:3C,-60, WPA ,0.000000,0.000000,0.000,0.000,AP
2026-04-03 14:09:22,1900-01-00 00:00:00,1008-wombat,B8:27:EB:CA:A1:3C,-60, WPA ,0.000000,0.000000,0.000,0.000,AP
2026-04-03 14:09:22,1900-01-00 00:00:00,1008-wombat,B8:27:EB:CA:A1:3C,-60, WPA ,0.000000,0.000000,0.000,0.000,AP
2026-04-03 14:09:22,1900-01-00 00:00:00,1008-wombat,B8:27:EB:CA:A1:3C,-59, WPA ,0.000000,0.000000,0.000,0.000,AP
2026-04-03 14:09:22,1900-01-00 00:00:00,1008-wombat,B8:27:EB:CA:A1:3C,-60, WPA ,0.000000,0.000000,0.000,0.000,AP
2026-04-03 14:09:22,1900-01-00 00:00:00,1008-wombat,B8:27:EB:CA:A1:3C,-59, WPA ,0.000000,0.000000,0.000,0.000,AP
2026-04-03 14:09:22,1900-01-00 00:00:00,1008-wombat,B8:27:EB:CA:A1:3C,-59, WPA ,0.000000,0.000000,0.000,0.000,AP
2026-04-03 14:09:22,1900-01-00 00:00:00,1008-wombat,B8:27:EB:CA:A1:3C,-58, WPA ,0.000000,0.000000,0.000,0.000,AP
2026-04-03 14:09:22,1900-01-00 00:00:00,1008-wombat,B8:27:EB:CA:A1:3C,-58, WPA ,0.000000,0.000000,0.000,0.000,AP
2026-04-03 14:09:22,1900-01-00 00:00:00,1008-wombat,B8:27:EB:CA:A1:3C,-57, WPA ,0.000000,0.000000,0.000,0.000,AP
2026-04-03 14:09:22,1900-01-00 00:00:00,1008-wombat,B8:27:EB:CA:A1:3C,-58, WPA ,0.000000,0.000000,0.000,0.000,AP
2026-04-03 14:09:22,1900-01-00 00:00:00,1008-wombat,B8:27:EB:CA:A1:3C,-58, WPA ,0.000000,0.000000,0.000,0.000,AP
2026-04-03 14:09:22,1900-01-00 00:00:00,1008-wombat,B8:27:EB:CA:A1:3C,-58, WPA ,0.000000,0.000000,0.000,0.000,AP
2026-04-03 14:09:22,1900-01-00 00:00:00,1008-wombat,B8:27:EB:CA:A1:3C,-59, WPA ,0.000000,0.000000,0.000,0.000,AP
2026-04-03 14:09:22,1900-01-00 00:00:00,1008-wombat,B8:27:EB:CA:A1:3C,-58, WPA ,0.000000,0.000000,0.000,0.000,AP
2026-04-03 14:09:22,1900-01-00 00:00:00,1008-wombat,B8:27:EB:CA:A1:3C,-58, WPA ,0.000000,0.000000,0.000,0.000,AP
2026-04-03 14:09:22,1900-01-00 00:00:00,1008-wombat,B8:27:EB:CA:A1:3C,-58, WPA ,0.000000,0.000000,0.000,0.000,AP
2026-04-03 14:09:23,1900-01-00 00:00:00,1008-wombat,B8:27:EB:CA:A1:3C,-58, WPA ,0.000000,0.000000,0.000,0.000,AP
2026-04-03 14:09:23,1900-01-00 00:00:00,1008-wombat,B8:27:EB:CA:A1:3C,-59, WPA ,0.000000,0.000000,0.000,0.000,AP
2026-04-03 14:09:23,1900-01-00 00:00:00,1008-wombat,B8:27:EB:CA:A1:3C,-59, WPA ,0.000000,0.000000,0.000,0.000,AP
2026-04-03 14:09:23,1900-01-00 00:00:00,1008-wombat,B8:27:EB:CA:A1:3C,-60, WPA ,0.000000,0.000000,0.000,0.000,AP
2026-04-03 14:09:23,1900-01-00 00:00:00,1008-wombat,B8:27:EB:CA:A1:3C,-60, WPA ,0.000000,0.000000,0.000,0.000,AP
2026-04-03 14:09:23,1900-01-00 00:00:00,1008-wombat,B8:27:EB:CA:A1:3C,-60, WPA ,0.000000,0.000000,0.000,0.000,AP
2026-04-03 14:09:23,1900-01-00 00:00:00,1008-wombat,B8:27:EB:CA:A1:3C,-59, WPA ,0.000000,0.000000,0.000,0.000,AP
2026-04-03 14:09:23,1900-01-00 00:00:00,1008-wombat,B8:27:EB:CA:A1:3C,-59, WPA ,0.000000,0.000000,0.000,0.000,AP
2026-04-03 14:09:23,1900-01-00 00:00:00,1008-wombat,B8:27:EB:CA:A1:3C,-55, WPA ,0.000000,0.000000,0.000,0.000,AP
2026-04-03 14:09:23,1900-01-00 00:00:00,1008-wombat,B8:27:EB:CA:A1:3C,-59, WPA ,0.000000,0.000000,0.000,0.000,AP
2026-04-03 14:09:23,1900-01-00 00:00:00,1008-wombat,B8:27:EB:CA:A1:3C,-58, WPA ,0.000000,0.000000,0.000,0.000,AP
2026-04-03 14:09:23,1900-01-00 00:00:00,1008-wombat,B8:27:EB:CA:A1:3C,-58, WPA ,0.000000,0.000000,0.000,0.000,AP
2026-04-03 14:09:23,1900-01-00 00:00:00,1008-wombat,B8:27:EB:CA:A1:3C,-57, WPA ,0.000000,0.000000,0.000,0.000,AP
2026-04-03 14:09:23,1900-01-00 00:00:00,1008-wombat,B8:27:EB:CA:A1:3C,-59, WPA ,0.000000,0.000000,0.000,0.000,AP
2026-04-03 14:09:23,1900-01-00 00:00:00,1008-wombat,B8:27:EB:CA:A1:3C,-59, WPA ,0.000000,0.000000,0.000,0.000,AP
2026-04-03 14:09:23,1900-01-00 00:00:00,1008-wombat,B8:27:EB:CA:A1:3C,-59, WPA ,0.000000,0.000000,0.000,0.000,AP
2026-04-03 14:09:23,1900-01-00 00:00:00,1008-wombat,B8:27:EB:CA:A1:3C,-58, WPA ,0.000000,0.000000,0.000,0.000,AP
2026-04-03 14:09:23,1900-01-00 00:00:00,1008-wombat,B8:27:EB:CA:A1:3C,-58, WPA ,0.000000,0.000000,0.000,0.000,AP
2026-04-03 14:09:23,1900-01-00 00:00:00,1008-wombat,B8:27:EB:CA:A1:3C,-55, WPA ,0.000000,0.000000,0.000,0.000,AP
2026-04-03 14:09:23,1900-01-00 00:00:00,1008-wombat,B8:27:EB:CA:A1:3C,-58, WPA ,0.000000,0.000000,0.000,0.000,AP
2026-04-03 14:09:23,1900-01-00 00:00:00,1008-wombat,B8:27:EB:CA:A1:3C,-57, WPA ,0.000000,0.000000,0.000,0.000,AP
2026-04-03 14:09:23,1900-01-00 00:00:00,1008-wombat,B8:27:EB:CA:A1:3C,-59, WPA ,0.000000,0.000000,0.000,0.000,AP
2026-04-03 14:09:23,1900-01-00 00:00:00,1008-wombat,B8:27:EB:CA:A1:3C,-60, WPA ,0.000000,0.000000,0.000,0.000,AP
2026-04-03 14:09:23,1900-01-00 00:00:00,1008-wombat,B8:27:EB:CA:A1:3C,-59, WPA ,0.000000,0.000000,0.000,0.000,AP
2026-04-03 14:09:23,1900-01-00 00:00:00,1008-wombat,B8:27:EB:CA:A1:3C,-60, WPA ,0.000000,0.000000,0.000,0.000,AP
2026-04-03 14:09:23,1900-01-00 00:00:00,1008-wombat,B8:27:EB:CA:A1:3C,-59, WPA ,0.000000,0.000000,0.000,0.000,AP
2026-04-03 14:09:23,1900-01-00 00:00:00,1008-wombat,B8:27:EB:CA:A1:3C,-59, WPA ,0.000000,0.000000,0.000,0.000,AP
2026-04-03 14:09:23,1900-01-00 00:00:00,1008-wombat,B8:27:EB:CA:A1:3C,-58, WPA ,0.000000,0.000000,0.000,0.000,AP
2026-04-03 14:09:23,1900-01-00 00:00:00,1008-wombat,B8:27:EB:CA:A1:3C,-59, WPA ,0.000000,0.000000,0.000,0.000,AP
2026-04-03 14:09:23,1900-01-00 00:00:00,1008-wombat,B8:27:EB:CA:A1:3C,-59, WPA ,0.000000,0.000000,0.000,0.000,AP
2026-04-03 14:09:24,1900-01-00 00:00:00,1008-wombat,B8:27:EB:CA:A1:3C,-58, WPA ,0.000000,0.000000,0.000,0.000,AP
2026-04-03 14:09:24,1900-01-00 00:00:00,1008-wombat,B8:27:EB:CA:A1:3C,-60, WPA ,0.000000,0.000000,0.000,0.000,AP
2026-04-03 14:09:24,1900-01-00 00:00:00,1008-wombat,B8:27:EB:CA:A1:3C,-60, WPA ,0.000000,0.000000,0.000,0.000,AP
2026-04-03 14:09:24,1900-01-00 00:00:00,1008-wombat,B8:27:EB:CA:A1:3C,-60, WPA ,0.000000,0.000000,0.000,0.000,AP
2026-04-03 14:09:24,1900-01-00 00:00:00,1008-wombat,B8:27:EB:CA:A1:3C,-59, WPA ,0.000000,0.000000,0.000,0.000,AP
2026-04-03 14:09:24,1900-01-00 00:00:00,1008-wombat,B8:27:EB:CA:A1:3C,-59, WPA ,0.000000,0.000000,0.000,0.000,AP
2026-04-03 14:09:24,1900-01-00 00:00:00,1008-wombat,B8:27:EB:CA:A1:3C,-59, WPA ,0.000000,0.000000,0.000,0.000,AP
2026-04-03 14:09:24,1900-01-00 00:00:00,1008-wombat,B8:27:EB:CA:A1:3C,-59, WPA ,0.000000,0.000000,0.000,0.000,AP
2026-04-03 14:09:25,1900-01-00 00:00:00,1008-wombat,B8:27:EB:CA:A1:3C,-59, WPA ,0.000000,0.000000,0.000,0.000,AP
2026-04-03 14:09:25,1900-01-00 00:00:00,1008-wombat,B8:27:EB:CA:A1:3C,-59, WPA ,0.000000,0.000000,0.000,0.000,AP
2026-04-03 14:09:25,1900-01-00 00:00:00,1008-wombat,B8:27:EB:CA:A1:3C,-58, WPA ,0.000000,0.000000,0.000,0.000,AP
2026-04-03 14:09:25,1900-01-00 00:00:00,1008-wombat,B8:27:EB:CA:A1:3C,-59, WPA ,0.000000,0.000000,0.000,0.000,AP
2026-04-03 14:09:25,1900-01-00 00:00:00,1008-wombat,B8:27:EB:CA:A1:3C,-59, WPA ,0.000000,0.000000,0.000,0.000,AP
2026-04-03 14:09:25,1900-01-00 00:00:00,1008-wombat,B8:27:EB:CA:A1:3C,-60, WPA ,0.000000,0.000000,0.000,0.000,AP
2026-04-03 14:09:25,1900-01-00 00:00:00,1008-wombat,B8:27:EB:CA:A1:3C,-60, WPA ,0.000000,0.000000,0.000,0.000,AP
2026-04-03 14:09:25,1900-01-00 00:00:00,1008-wombat,B8:27:EB:CA:A1:3C,-60, WPA ,0.000000,0.000000,0.000,0.000,AP
2026-04-03 14:09:25,1900-01-00 00:00:00,1008-wombat,B8:27:EB:CA:A1:3C,-59, WPA ,0.000000,0.000000,0.000,0.000,AP
2026-04-03 14:09:25,1900-01-00 00:00:00,1008-wombat,B8:27:EB:CA:A1:3C,-59, WPA ,0.000000,0.000000,0.000,0.000,AP
2026-04-03 14:09:25,1900-01-00 00:00:00,1008-wombat,B8:27:EB:CA:A1:3C,-60, WPA ,0.000000,0.000000,0.000,0.000,AP
2026-04-03 14:09:25,1900-01-00 00:00:00,1008-wombat,B8:27:EB:CA:A1:3C,-60, WPA ,0.000000,0.000000,0.000,0.000,AP
2026-04-03 14:09:25,1900-01-00 00:00:00,1008-wombat,B8:27:EB:CA:A1:3C,-60, WPA ,0.000000,0.000000,0.000,0.000,AP
2026-04-03 14:09:25,1900-01-00 00:00:00,1008-wombat,B8:27:EB:CA:A1:3C,-60, WPA ,0.000000,0.000000,0.000,0.000,AP
2026-04-03 14:09:25,1900-01-00 00:00:00,1008-wombat,B8:27:EB:CA:A1:3C,-60, WPA ,0.000000,0.000000,0.000,0.000,AP
2026-04-03 14:09:25,1900-01-00 00:00:00,1008-wombat,B8:27:EB:CA:A1:3C,-60, WPA ,0.000000,0.000000,0.000,0.000,AP
2026-04-03 14:09:26,1900-01-00 00:00:00,1008-wombat,B8:27:EB:CA:A1:3C,-60, WPA ,0.000000,0.000000,0.000,0.000,AP
2026-04-03 14:09:26,1900-01-00 00:00:00,1008-wombat,B8:27:EB:CA:A1:3C,-60, WPA ,0.000000,0.000000,0.000,0.000,AP
2026-04-03 14:09:26,1900-01-00 00:00:00,1008-wombat,B8:27:EB:CA:A1:3C,-60, WPA ,0.000000,0.000000,0.000,0.000,AP
2026-04-03 14:09:26,1900-01-00 00:00:00,1008-wombat,B8:27:EB:CA:A1:3C,-59, WPA ,0.000000,0.000000,0.000,0.000,AP
2026-04-03 14:09:26,1900-01-00 00:00:00,1008-wombat,B8:27:EB:CA:A1:3C,-60, WPA ,0.000000,0.000000,0.000,0.000,AP
2026-04-03 14:09:26,1900-01-00 00:00:00,1008-wombat,B8:27:EB:CA:A1:3C,-59, WPA ,0.000000,0.000000,0.000,0.000,AP
2026-04-03 14:09:26,1900-01-00 00:00:00,1008-wombat,B8:27:EB:CA:A1:3C,-59, WPA ,0.000000,0.000000,0.000,0.000,AP
2026-04-03 14:09:26,1900-01-00 00:00:00,1008-wombat,B8:27:EB:CA:A1:3C,-60, WPA ,0.000000,0.000000,0.000,0.000,AP
2026-04-03 14:09:26,1900-01-00 00:00:00,1008-wombat,B8:27:EB:CA:A1:3C,-60, WPA ,0.000000,0.000000,0.000,0.000,AP
2026-04-03 14:09:26,1900-01-00 00:00:00,1008-wombat,B8:27:EB:CA:A1:3C,-60, WPA ,0.000000,0.000000,0.000,0.000,AP
2026-04-03 14:09:26,1900-01-00 00:00:00,1008-wombat,B8:27:EB:CA:A1:3C,-60, WPA ,0.000000,0.000000,0.000,0.000,AP
2026-04-03 14:09:26,1900-01-00 00:00:00,1008-wombat,B8:27:EB:CA:A1:3C,-58, WPA ,0.000000,0.000000,0.000,0.000,AP
2026-04-03 14:09:26,1900-01-00 00:00:00,1008-wombat,B8:27:EB:CA:A1:3C,-60, WPA ,0.000000,0.000000,0.000,0.000,AP
2026-04-03 14:09:26,1900-01-00 00:00:00,1008-wombat,B8:27:EB:CA:A1:3C,-60, WPA ,0.000000,0.000000,0.000,0.000,AP
2026-04-03 14:09:27,1900-01-00 00:00:00,1008-wombat,B8:27:EB:CA:A1:3C,-59, WPA ,0.000000,0.000000,0.000,0.000,AP
2026-04-03 14:09:27,1900-01-00 00:00:00,1008-wombat,B8:27:EB:CA:A1:3C,-58, WPA ,0.000000,0.000000,0.000,0.000,AP
2026-04-03 14:09:27,1900-01-00 00:00:00,1008-wombat,B8:27:EB:CA:A1:3C,-58, WPA ,0.000000,0.000000,0.000,0.000,AP
2026-04-03 14:09:27,1900-01-00 00:00:00,1008-wombat,B8:27:EB:CA:A1:3C,-60, WPA ,0.000000,0.000000,0.000,0.000,AP
2026-04-03 14:09:27,1900-01-00 00:00:00,1008-wombat,B8:27:EB:CA:A1:3C,-60, WPA ,0.000000,0.000000,0.000,0.000,AP
2026-04-03 14:09:27,1900-01-00 00:00:00,1008-wombat,B8:27:EB:CA:A1:3C,-60, WPA ,0.000000,0.000000,0.000,0.000,AP
2026-04-03 14:09:27,1900-01-00 00:00:00,1008-wombat,B8:27:EB:CA:A1:3C,-61, WPA ,0.000000,0.000000,0.000,0.000,AP
2026-04-03 14:09:27,1900-01-00 00:00:00,1008-wombat,B8:27:EB:CA:A1:3C,-60, WPA ,0.000000,0.000000,0.000,0.000,AP
2026-04-03 14:09:27,1900-01-00 00:00:00,1008-wombat,B8:27:EB:CA:A1:3C,-61, WPA ,0.000000,0.000000,0.000,0.000,AP
2026-04-03 14:09:27,1900-01-00 00:00:00,1008-wombat,B8:27:EB:CA:A1:3C,-60, WPA ,0.000000,0.000000,0.000,0.000,AP
2026-04-03 14:09:28,1900-01-00 00:00:00,1008-wombat,B8:27:EB:CA:A1:3C,-59, WPA ,0.000000,0.000000,0.000,0.000,AP
2026-04-03 14:09:28,1900-01-00 00:00:00,1008-wombat,B8:27:EB:CA:A1:3C,-60, WPA ,0.000000,0.000000,0.000,0.000,AP
2026-04-03 14:09:28,1900-01-00 00:00:00,1008-wombat,B8:27:EB:CA:A1:3C,-59, WPA ,0.000000,0.000000,0.000,0.000,AP
2026-04-03 14:09:28,1900-01-00 00:00:00,1008-wombat,B8:27:EB:CA:A1:3C,-59, WPA ,0.000000,0.000000,0.000,0.000,AP
2026-04-03 14:09:28,1900-01-00 00:00:00,1008-wombat,B8:27:EB:CA:A1:3C,-57, WPA ,0.000000,0.000000,0.000,0.000,AP
2026-04-03 14:09:28,1900-01-00 00:00:00,1008-wombat,B8:27:EB:CA:A1:3C,-59, WPA ,0.000000,0.000000,0.000,0.000,AP
2026-04-03 14:09:28,1900-01-00 00:00:00,1008-wombat,B8:27:EB:CA:A1:3C,-60, WPA ,0.000000,0.000000,0.000,0.000,AP
2026-04-03 14:09:28,1900-01-00 00:00:00,1008-wombat,B8:27:EB:CA:A1:3C,-60, WPA ,0.000000,0.000000,0.000,0.000,AP
2026-04-03 14:09:28,1900-01-00 00:00:00,1008-wombat,B8:27:EB:CA:A1:3C,-60, WPA ,0.000000,0.000000,0.000,0.000,AP
2026-04-03 14:09:28,1900-01-00 00:00:00,1008-wombat,B8:27:EB:CA:A1:3C,-59, WPA ,0.000000,0.000000,0.000,0.000,AP
2026-04-03 14:09:28,1900-01-00 00:00:00,1008-wombat,B8:27:EB:CA:A1:3C,-60, WPA ,0.000000,0.000000,0.000,0.000,AP
2026-04-03 14:09:28,1900-01-00 00:00:00,1008-wombat,B8:27:EB:CA:A1:3C,-59, WPA ,0.000000,0.000000,0.000,0.000,AP
2026-04-03 14:09:28,1900-01-00 00:00:00,1008-wombat,B8:27:EB:CA:A1:3C,-59, WPA ,0.000000,0.000000,0.000,0.000,AP
2026-04-03 14:09:28,1900-01-00 00:00:00,1008-wombat,B8:27:EB:CA:A1:3C,-60, WPA ,0.000000,0.000000,0.000,0.000,AP
2026-04-03 14:09:28,1900-01-00 00:00:00,1008-wombat,B8:27:EB:CA:A1:3C,-60, WPA ,0.000000,0.000000,0.000,0.000,AP
2026-04-03 14:09:28,1900-01-00 00:00:00,1008-wombat,B8:27:EB:CA:A1:3C,-59, WPA ,0.000000,0.000000,0.000,0.000,AP
2026-04-03 14:09:28,1900-01-00 00:00:00,1008-wombat,B8:27:EB:CA:A1:3C,-59, WPA ,0.000000,0.000000,0.000,0.000,AP
2026-04-03 14:09:28,1900-01-00 00:00:00,1008-wombat,B8:27:EB:CA:A1:3C,-60, WPA ,0.000000,0.000000,0.000,0.000,AP
2026-04-03 14:09:28,1900-01-00 00:00:00,1008-wombat,B8:27:EB:CA:A1:3C,-58, WPA ,0.000000,0.000000,0.000,0.000,AP
2026-04-03 14:09:29,1900-01-00 00:00:00,1008-wombat,B8:27:EB:CA:A1:3C,-58, WPA ,0.000000,0.000000,0.000,0.000,AP
2026-04-03 14:09:29,1900-01-00 00:00:00,1008-wombat,B8:27:EB:CA:A1:3C,-59, WPA ,0.000000,0.000000,0.000,0.000,AP
2026-04-03 14:09:29,1900-01-00 00:00:00,1008-wombat,B8:27:EB:CA:A1:3C,-58, WPA ,0.000000,0.000000,0.000,0.000,AP
2026-04-03 14:09:29,1900-01-00 00:00:00,1008-wombat,B8:27:EB:CA:A1:3C,-57, WPA ,0.000000,0.000000,0.000,0.000,AP
2026-04-03 14:09:29,1900-01-00 00:00:00,1008-wombat,B8:27:EB:CA:A1:3C,-57, WPA ,0.000000,0.000000,0.000,0.000,AP
2026-04-03 14:09:29,1900-01-00 00:00:00,1008-wombat,B8:27:EB:CA:A1:3C,-59, WPA ,0.000000,0.000000,0.000,0.000,AP
2026-04-03 14:09:29,1900-01-00 00:00:00,1008-wombat,B8:27:EB:CA:A1:3C,-60, WPA ,0.000000,0.000000,0.000,0.000,AP
2026-04-03 14:09:29,1900-01-00 00:00:00,1008-wombat,B8:27:EB:CA:A1:3C,-59, WPA ,0.000000,0.000000,0.000,0.000,AP
2026-04-03 14:09:29,1900-01-00 00:00:00,1008-wombat,B8:27:EB:CA:A1:3C,-59, WPA ,0.000000,0.000000,0.000,0.000,AP
2026-04-03 14:09:29,1900-01-00 00:00:00,1008-wombat,B8:27:EB:CA:A1:3C,-60, WPA ,0.000000,0.000000,0.000,0.000,AP
2026-04-03 14:09:29,1900-01-00 00:00:00,1008-wombat,B8:27:EB:CA:A1:3C,-58, WPA ,0.000000,0.000000,0.000,0.000,AP
2026-04-03 14:09:30,1900-01-00 00:00:00,1008-wombat,B8:27:EB:CA:A1:3C,-59, WPA ,0.000000,0.000000,0.000,0.000,AP
2026-04-03 14:09:30,1900-01-00 00:00:00,1008-wombat,B8:27:EB:CA:A1:3C,-58, WPA ,0.000000,0.000000,0.000,0.000,AP
2026-04-03 14:09:30,1900-01-00 00:00:00,1008-wombat,B8:27:EB:CA:A1:3C,-59, WPA ,0.000000,0.000000,0.000,0.000,AP
2026-04-03 14:09:30,1900-01-00 00:00:00,1008-wombat,B8:27:EB:CA:A1:3C,-58, WPA ,0.000000,0.000000,0.000,0.000,AP
2026-04-03 14:09:30,1900-01-00 00:00:00,1008-wombat,B8:27:EB:CA:A1:3C,-58, WPA ,0.000000,0.000000,0.000,0.000,AP
2026-04-03 14:09:30,1900-01-00 00:00:00,1008-wombat,B8:27:EB:CA:A1:3C,-58, WPA ,0.000000,0.000000,0.000,0.000,AP
2026-04-03 14:09:30,1900-01-00 00:00:00,1008-wombat,B8:27:EB:CA:A1:3C,-57, WPA ,0.000000,0.000000,0.000,0.000,AP
2026-04-03 14:09:30,1900-01-00 00:00:00,1008-wombat,B8:27:EB:CA:A1:3C,-58, WPA ,0.000000,0.000000,0.000,0.000,AP
2026-04-03 14:09:30,1900-01-00 00:00:00,1008-wombat,B8:27:EB:CA:A1:3C,-57, WPA ,0.000000,0.000000,0.000,0.000,AP
2026-04-03 14:09:30,1900-01-00 00:00:00,1008-wombat,B8:27:EB:CA:A1:3C,-58, WPA ,0.000000,0.000000,0.000,0.000,AP
2026-04-03 14:09:30,1900-01-00 00:00:00,1008-wombat,B8:27:EB:CA:A1:3C,-58, WPA ,0.000000,0.000000,0.000,0.000,AP
2026-04-03 14:09:31,1900-01-00 00:00:00,1008-wombat,B8:27:EB:CA:A1:3C,-57, WPA ,0.000000,0.000000,0.000,0.000,AP
2026-04-03 14:09:31,1900-01-00 00:00:00,1008-wombat,B8:27:EB:CA:A1:3C,-57, WPA ,0.000000,0.000000,0.000,0.000,AP
2026-04-03 14:09:31,1900-01-00 00:00:00,1008-wombat,B8:27:EB:CA:A1:3C,-57, WPA ,0.000000,0.000000,0.000,0.000,AP
