LocalTime, GPSTime, ESSID, BSSID, Power, Security, Latitude, Longitude, Latitude Error, Longitude Error, Type
2026-04-03 14:00:49,1900-01-00 00:00:00,,B8:27:EB:7C:81:10,-69, ,0.000000,0.000000,0.000,0.000,AP
2026-04-03 14:00:49,1900-01-00 00:00:00,1019-wombat,B8:27:EB:7C:81:10,-68, WPA ,0.000000,0.000000,0.000,0.000,AP
2026-04-03 14:00:49,1900-01-00 00:00:00,1019-wombat,B8:27:EB:7C:81:10,-69, WPA ,0.000000,0.000000,0.000,0.000,AP
2026-04-03 14:00:49,1900-01-00 00:00:00,,C4:CB:76:AF:5C:A8,-61,,0.000000,0.000000,0.000,0.000,Client
2026-04-03 14:00:49,1900-01-00 00:00:00,1019-wombat,B8:27:EB:7C:81:10,-68, WPA ,0.000000,0.000000,0.000,0.000,AP
2026-04-03 14:00:50,1900-01-00 00:00:00,1019-wombat,B8:27:EB:7C:81:10,-67, WPA ,0.000000,0.000000,0.000,0.000,AP
2026-04-03 14:00:50,1900-01-00 00:00:00,,C4:CB:76:AF:5C:A8,-62,,0.000000,0.000000,0.000,0.000,Client
2026-04-03 14:00:50,1900-01-00 00:00:00,,C4:CB:76:AF:5C:A8,-63,,0.000000,0.000000,0.000,0.000,Client
2026-04-03 14:00:50,1900-01-00 00:00:00,1019-wombat,B8:27:EB:7C:81:10,-69, WPA ,0.000000,0.000000,0.000,0.000,AP
2026-04-03 14:00:50,1900-01-00 00:00:00,,C4:CB:76:AF:5C:A8,-62,,0.000000,0.000000,0.000,0.000,Client
2026-04-03 14:00:50,1900-01-00 00:00:00,1019-wombat,B8:27:EB:7C:81:10,-69, WPA ,0.000000,0.000000,0.000,0.000,AP
2026-04-03 14:00:50,1900-01-00 00:00:00,1019-wombat,B8:27:EB:7C:81:10,-68, WPA ,0.000000,0.000000,0.000,0.000,AP
2026-04-03 14:00:50,1900-01-00 00:00:00,1019-wombat,B8:27:EB:7C:81:10,-66, WPA ,0.000000,0.000000,0.000,0.000,AP
2026-04-03 14:00:50,1900-01-00 00:00:00,,C4:CB:76:AF:5C:A8,-62,,0.000000,0.000000,0.000,0.000,Client
2026-04-03 14:00:50,1900-01-00 00:00:00,1019-wombat,B8:27:EB:7C:81:10,-67, WPA ,0.000000,0.000000,0.000,0.000,AP
2026-04-03 14:00:50,1900-01-00 00:00:00,,C4:CB:76:AF:5C:A8,-63,,0.000000,0.000000,0.000,0.000,Client
2026-04-03 14:00:50,1900-01-00 00:00:00,1019-wombat,B8:27:EB:7C:81:10,-69, WPA ,0.000000,0.000000,0.000,0.000,AP
2026-04-03 14:00:50,1900-01-00 00:00:00,1019-wombat,B8:27:EB:7C:81:10,-69, WPA ,0.000000,0.000000,0.000,0.000,AP
2026-04-03 14:00:50,1900-01-00 00:00:00,,C4:CB:76:AF:5C:A8,-62,,0.000000,0.000000,0.000,0.000,Client
2026-04-03 14:00:50,1900-01-00 00:00:00,1019-wombat,B8:27:EB:7C:81:10,-68, WPA ,0.000000,0.000000,0.000,0.000,AP
2026-04-03 14:00:50,1900-01-00 00:00:00,1019-wombat,B8:27:EB:7C:81:10,-67, WPA ,0.000000,0.000000,0.000,0.000,AP
2026-04-03 14:00:50,1900-01-00 00:00:00,,C4:CB:76:AF:5C:A8,-62,,0.000000,0.000000,0.000,0.000,Client
2026-04-03 14:00:51,1900-01-00 00:00:00,1019-wombat,B8:27:EB:7C:81:10,-68, WPA ,0.000000,0.000000,0.000,0.000,AP
2026-04-03 14:00:51,1900-01-00 00:00:00,1019-wombat,B8:27:EB:7C:81:10,-66, WPA ,0.000000,0.000000,0.000,0.000,AP
2026-04-03 14:00:51,1900-01-00 00:00:00,1019-wombat,B8:27:EB:7C:81:10,-66, WPA ,0.000000,0.000000,0.000,0.000,AP
2026-04-03 14:00:51,1900-01-00 00:00:00,1019-wombat,B8:27:EB:7C:81:10,-66, WPA ,0.000000,0.000000,0.000,0.000,AP
2026-04-03 14:00:51,1900-01-00 00:00:00,1019-wombat,B8:27:EB:7C:81:10,-65, WPA ,0.000000,0.000000,0.000,0.000,AP
2026-04-03 14:00:51,1900-01-00 00:00:00,,C4:CB:76:AF:5C:A8,-63,,0.000000,0.000000,0.000,0.000,Client
2026-04-03 14:00:51,1900-01-00 00:00:00,1019-wombat,B8:27:EB:7C:81:10,-65, WPA ,0.000000,0.000000,0.000,0.000,AP
2026-04-03 14:00:51,1900-01-00 00:00:00,1019-wombat,B8:27:EB:7C:81:10,-64, WPA ,0.000000,0.000000,0.000,0.000,AP
2026-04-03 14:00:51,1900-01-00 00:00:00,,C4:CB:76:AF:5C:A8,-62,,0.000000,0.000000,0.000,0.000,Client
2026-04-03 14:00:51,1900-01-00 00:00:00,1019-wombat,B8:27:EB:7C:81:10,-64, WPA ,0.000000,0.000000,0.000,0.000,AP
2026-04-03 14:00:51,1900-01-00 00:00:00,,C4:CB:76:AF:5C:A8,-61,,0.000000,0.000000,0.000,0.000,Client
2026-04-03 14:00:51,1900-01-00 00:00:00,,C4:CB:76:AF:5C:A8,-61,,0.000000,0.000000,0.000,0.000,Client
2026-04-03 14:00:51,1900-01-00 00:00:00,1019-wombat,B8:27:EB:7C:81:10,-63, WPA ,0.000000,0.000000,0.000,0.000,AP
2026-04-03 14:00:51,1900-01-00 00:00:00,,C4:CB:76:AF:5C:A8,-62,,0.000000,0.000000,0.000,0.000,Client
2026-04-03 14:00:51,1900-01-00 00:00:00,,C4:CB:76:AF:5C:A8,-60,,0.000000,0.000000,0.000,0.000,Client
2026-04-03 14:00:51,1900-01-00 00:00:00,,C4:CB:76:AF:5C:A8,-57,,0.000000,0.000000,0.000,0.000,Client
2026-04-03 14:00:51,1900-01-00 00:00:00,,C4:CB:76:AF:5C:A8,-60,,0.000000,0.000000,0.000,0.000,Client
2026-04-03 14:00:51,1900-01-00 00:00:00,,C4:CB:76:AF:5C:A8,-58,,0.000000,0.000000,0.000,0.000,Client
2026-04-03 14:00:51,1900-01-00 00:00:00,,C4:CB:76:AF:5C:A8,-60,,0.000000,0.000000,0.000,0.000,Client
2026-04-03 14:00:51,1900-01-00 00:00:00,1019-wombat,B8:27:EB:7C:81:10,-62, WPA ,0.000000,0.000000,0.000,0.000,AP
2026-04-03 14:00:51,1900-01-00 00:00:00,,C4:CB:76:AF:5C:A8,-58,,0.000000,0.000000,0.000,0.000,Client
2026-04-03 14:00:52,1900-01-00 00:00:00,1019-wombat,B8:27:EB:7C:81:10,-64, WPA ,0.000000,0.000000,0.000,0.000,AP
2026-04-03 14:00:52,1900-01-00 00:00:00,,C4:CB:76:AF:5C:A8,-63,,0.000000,0.000000,0.000,0.000,Client
2026-04-03 14:00:52,1900-01-00 00:00:00,,C4:CB:76:AF:5C:A8,-58,,0.000000,0.000000,0.000,0.000,Client
2026-04-03 14:00:52,1900-01-00 00:00:00,,C4:CB:76:AF:5C:A8,-63,,0.000000,0.000000,0.000,0.000,Client
2026-04-03 14:00:52,1900-01-00 00:00:00,1019-wombat,B8:27:EB:7C:81:10,-66, WPA ,0.000000,0.000000,0.000,0.000,AP
2026-04-03 14:00:52,1900-01-00 00:00:00,,C4:CB:76:AF:5C:A8,-62,,0.000000,0.000000,0.000,0.000,Client
2026-04-03 14:00:52,1900-01-00 00:00:00,,C4:CB:76:AF:5C:A8,-62,,0.000000,0.000000,0.000,0.000,Client
2026-04-03 14:00:52,1900-01-00 00:00:00,1019-wombat,B8:27:EB:7C:81:10,-67, WPA ,0.000000,0.000000,0.000,0.000,AP
2026-04-03 14:00:52,1900-01-00 00:00:00,,C4:CB:76:AF:5C:A8,-60,,0.000000,0.000000,0.000,0.000,Client
2026-04-03 14:00:52,1900-01-00 00:00:00,,C4:CB:76:AF:5C:A8,-60,,0.000000,0.000000,0.000,0.000,Client
2026-04-03 14:00:52,1900-01-00 00:00:00,1019-wombat,B8:27:EB:7C:81:10,-66, WPA ,0.000000,0.000000,0.000,0.000,AP
2026-04-03 14:00:52,1900-01-00 00:00:00,1019-wombat,B8:27:EB:7C:81:10,-66, WPA ,0.000000,0.000000,0.000,0.000,AP
2026-04-03 14:00:52,1900-01-00 00:00:00,1019-wombat,B8:27:EB:7C:81:10,-65, WPA ,0.000000,0.000000,0.000,0.000,AP
2026-04-03 14:00:52,1900-01-00 00:00:00,1019-wombat,B8:27:EB:7C:81:10,-65, WPA ,0.000000,0.000000,0.000,0.000,AP
2026-04-03 14:00:52,1900-01-00 00:00:00,1019-wombat,B8:27:EB:7C:81:10,-66, WPA ,0.000000,0.000000,0.000,0.000,AP
2026-04-03 14:00:52,1900-01-00 00:00:00,1019-wombat,B8:27:EB:7C:81:10,-65, WPA ,0.000000,0.000000,0.000,0.000,AP
2026-04-03 14:00:52,1900-01-00 00:00:00,,C4:CB:76:AF:5C:A8,-62,,0.000000,0.000000,0.000,0.000,Client
2026-04-03 14:00:52,1900-01-00 00:00:00,,C4:CB:76:AF:5C:A8,-62,,0.000000,0.000000,0.000,0.000,Client
2026-04-03 14:00:52,1900-01-00 00:00:00,1019-wombat,B8:27:EB:7C:81:10,-67, WPA ,0.000000,0.000000,0.000,0.000,AP
2026-04-03 14:00:52,1900-01-00 00:00:00,1019-wombat,B8:27:EB:7C:81:10,-65, WPA ,0.000000,0.000000,0.000,0.000,AP
2026-04-03 14:00:52,1900-01-00 00:00:00,,C4:CB:76:AF:5C:A8,-63,,0.000000,0.000000,0.000,0.000,Client
2026-04-03 14:00:52,1900-01-00 00:00:00,1019-wombat,B8:27:EB:7C:81:10,-65, WPA ,0.000000,0.000000,0.000,0.000,AP
2026-04-03 14:00:52,1900-01-00 00:00:00,1019-wombat,B8:27:EB:7C:81:10,-65, WPA ,0.000000,0.000000,0.000,0.000,AP
2026-04-03 14:00:52,1900-01-00 00:00:00,1019-wombat,B8:27:EB:7C:81:10,-64, WPA ,0.000000,0.000000,0.000,0.000,AP
2026-04-03 14:00:52,1900-01-00 00:00:00,1019-wombat,B8:27:EB:7C:81:10,-64, WPA ,0.000000,0.000000,0.000,0.000,AP
2026-04-03 14:00:52,1900-01-00 00:00:00,1019-wombat,B8:27:EB:7C:81:10,-65, WPA ,0.000000,0.000000,0.000,0.000,AP
2026-04-03 14:00:52,1900-01-00 00:00:00,1019-wombat,B8:27:EB:7C:81:10,-64, WPA ,0.000000,0.000000,0.000,0.000,AP
2026-04-03 14:00:52,1900-01-00 00:00:00,1019-wombat,B8:27:EB:7C:81:10,-64, WPA ,0.000000,0.000000,0.000,0.000,AP
2026-04-03 14:00:52,1900-01-00 00:00:00,1019-wombat,B8:27:EB:7C:81:10,-65, WPA ,0.000000,0.000000,0.000,0.000,AP
2026-04-03 14:00:52,1900-01-00 00:00:00,1019-wombat,B8:27:EB:7C:81:10,-64, WPA ,0.000000,0.000000,0.000,0.000,AP
2026-04-03 14:00:52,1900-01-00 00:00:00,1019-wombat,B8:27:EB:7C:81:10,-63, WPA ,0.000000,0.000000,0.000,0.000,AP
2026-04-03 14:00:53,1900-01-00 00:00:00,1019-wombat,B8:27:EB:7C:81:10,-63, WPA ,0.000000,0.000000,0.000,0.000,AP
2026-04-03 14:00:53,1900-01-00 00:00:00,1019-wombat,B8:27:EB:7C:81:10,-63, WPA ,0.000000,0.000000,0.000,0.000,AP
2026-04-03 14:00:53,1900-01-00 00:00:00,1019-wombat,B8:27:EB:7C:81:10,-63, WPA ,0.000000,0.000000,0.000,0.000,AP
2026-04-03 14:00:53,1900-01-00 00:00:00,1019-wombat,B8:27:EB:7C:81:10,-64, WPA ,0.000000,0.000000,0.000,0.000,AP
2026-04-03 14:00:53,1900-01-00 00:00:00,1019-wombat,B8:27:EB:7C:81:10,-64, WPA ,0.000000,0.000000,0.000,0.000,AP
2026-04-03 14:00:53,1900-01-00 00:00:00,1019-wombat,B8:27:EB:7C:81:10,-64, WPA ,0.000000,0.000000,0.000,0.000,AP
2026-04-03 14:00:53,1900-01-00 00:00:00,1019-wombat,B8:27:EB:7C:81:10,-63, WPA ,0.000000,0.000000,0.000,0.000,AP
2026-04-03 14:00:53,1900-01-00 00:00:00,,C4:CB:76:AF:5C:A8,-62,,0.000000,0.000000,0.000,0.000,Client
2026-04-03 14:00:53,1900-01-00 00:00:00,1019-wombat,B8:27:EB:7C:81:10,-62, WPA ,0.000000,0.000000,0.000,0.000,AP
2026-04-03 14:00:53,1900-01-00 00:00:00,1019-wombat,B8:27:EB:7C:81:10,-60, WPA ,0.000000,0.000000,0.000,0.000,AP
2026-04-03 14:00:53,1900-01-00 00:00:00,,C4:CB:76:AF:5C:A8,-62,,0.000000,0.000000,0.000,0.000,Client
2026-04-03 14:00:54,1900-01-00 00:00:00,,C4:CB:76:AF:5C:A8,-62,,0.000000,0.000000,0.000,0.000,Client
2026-04-03 14:00:54,1900-01-00 00:00:00,1019-wombat,B8:27:EB:7C:81:10,-63, WPA ,0.000000,0.000000,0.000,0.000,AP
2026-04-03 14:00:54,1900-01-00 00:00:00,,C4:CB:76:AF:5C:A8,-63,,0.000000,0.000000,0.000,0.000,Client
2026-04-03 14:00:54,1900-01-00 00:00:00,1019-wombat,B8:27:EB:7C:81:10,-62, WPA ,0.000000,0.000000,0.000,0.000,AP
2026-04-03 14:00:54,1900-01-00 00:00:00,1019-wombat,B8:27:EB:7C:81:10,-63, WPA ,0.000000,0.000000,0.000,0.000,AP
2026-04-03 14:00:54,1900-01-00 00:00:00,1019-wombat,B8:27:EB:7C:81:10,-64, WPA ,0.000000,0.000000,0.000,0.000,AP
2026-04-03 14:00:54,1900-01-00 00:00:00,,C4:CB:76:AF:5C:A8,-63,,0.000000,0.000000,0.000,0.000,Client
2026-04-03 14:00:54,1900-01-00 00:00:00,1019-wombat,B8:27:EB:7C:81:10,-63, WPA ,0.000000,0.000000,0.000,0.000,AP
2026-04-03 14:00:54,1900-01-00 00:00:00,,C4:CB:76:AF:5C:A8,-62,,0.000000,0.000000,0.000,0.000,Client
2026-04-03 14:00:54,1900-01-00 00:00:00,1019-wombat,B8:27:EB:7C:81:10,-64, WPA ,0.000000,0.000000,0.000,0.000,AP
2026-04-03 14:00:54,1900-01-00 00:00:00,1019-wombat,B8:27:EB:7C:81:10,-64, WPA ,0.000000,0.000000,0.000,0.000,AP
2026-04-03 14:00:54,1900-01-00 00:00:00,1019-wombat,B8:27:EB:7C:81:10,-64, WPA ,0.000000,0.000000,0.000,0.000,AP
2026-04-03 14:00:54,1900-01-00 00:00:00,,C4:CB:76:AF:5C:A8,-64,,0.000000,0.000000,0.000,0.000,Client
2026-04-03 14:00:54,1900-01-00 00:00:00,1019-wombat,B8:27:EB:7C:81:10,-63, WPA ,0.000000,0.000000,0.000,0.000,AP
2026-04-03 14:00:54,1900-01-00 00:00:00,,C4:CB:76:AF:5C:A8,-63,,0.000000,0.000000,0.000,0.000,Client
2026-04-03 14:00:54,1900-01-00 00:00:00,1019-wombat,B8:27:EB:7C:81:10,-63, WPA ,0.000000,0.000000,0.000,0.000,AP
2026-04-03 14:00:54,1900-01-00 00:00:00,,C4:CB:76:AF:5C:A8,-42,,0.000000,0.000000,0.000,0.000,Client
2026-04-03 14:00:54,1900-01-00 00:00:00,1019-wombat,B8:27:EB:7C:81:10,-63, WPA ,0.000000,0.000000,0.000,0.000,AP
2026-04-03 14:00:54,1900-01-00 00:00:00,,C4:CB:76:AF:5C:A8,-63,,0.000000,0.000000,0.000,0.000,Client
2026-04-03 14:00:54,1900-01-00 00:00:00,1019-wombat,B8:27:EB:7C:81:10,-63, WPA ,0.000000,0.000000,0.000,0.000,AP
2026-04-03 14:00:54,1900-01-00 00:00:00,,C4:CB:76:AF:5C:A8,-63,,0.000000,0.000000,0.000,0.000,Client
2026-04-03 14:00:54,1900-01-00 00:00:00,1019-wombat,B8:27:EB:7C:81:10,-47, WPA ,0.000000,0.000000,0.000,0.000,AP
2026-04-03 14:00:54,1900-01-00 00:00:00,,C4:CB:76:AF:5C:A8,-47,,0.000000,0.000000,0.000,0.000,Client
2026-04-03 14:00:54,1900-01-00 00:00:00,1019-wombat,B8:27:EB:7C:81:10,-63, WPA ,0.000000,0.000000,0.000,0.000,AP
2026-04-03 14:00:54,1900-01-00 00:00:00,,C4:CB:76:AF:5C:A8,-63,,0.000000,0.000000,0.000,0.000,Client
2026-04-03 14:00:54,1900-01-00 00:00:00,1019-wombat,B8:27:EB:7C:81:10,-63, WPA ,0.000000,0.000000,0.000,0.000,AP
2026-04-03 14:00:54,1900-01-00 00:00:00,,C4:CB:76:AF:5C:A8,-63,,0.000000,0.000000,0.000,0.000,Client
2026-04-03 14:00:54,1900-01-00 00:00:00,1019-wombat,B8:27:EB:7C:81:10,-63, WPA ,0.000000,0.000000,0.000,0.000,AP
2026-04-03 14:00:54,1900-01-00 00:00:00,,C4:CB:76:AF:5C:A8,-63,,0.000000,0.000000,0.000,0.000,Client
2026-04-03 14:00:54,1900-01-00 00:00:00,1019-wombat,B8:27:EB:7C:81:10,-63, WPA ,0.000000,0.000000,0.000,0.000,AP
2026-04-03 14:00:54,1900-01-00 00:00:00,,C4:CB:76:AF:5C:A8,-63,,0.000000,0.000000,0.000,0.000,Client
2026-04-03 14:00:54,1900-01-00 00:00:00,1019-wombat,B8:27:EB:7C:81:10,-63, WPA ,0.000000,0.000000,0.000,0.000,AP
2026-04-03 14:00:54,1900-01-00 00:00:00,,C4:CB:76:AF:5C:A8,-63,,0.000000,0.000000,0.000,0.000,Client
2026-04-03 14:00:54,1900-01-00 00:00:00,1019-wombat,B8:27:EB:7C:81:10,-62, WPA ,0.000000,0.000000,0.000,0.000,AP
2026-04-03 14:00:54,1900-01-00 00:00:00,,C4:CB:76:AF:5C:A8,-62,,0.000000,0.000000,0.000,0.000,Client
2026-04-03 14:00:54,1900-01-00 00:00:00,1019-wombat,B8:27:EB:7C:81:10,-62, WPA ,0.000000,0.000000,0.000,0.000,AP
2026-04-03 14:00:54,1900-01-00 00:00:00,,C4:CB:76:AF:5C:A8,-62,,0.000000,0.000000,0.000,0.000,Client
2026-04-03 14:00:54,1900-01-00 00:00:00,1019-wombat,B8:27:EB:7C:81:10,-63, WPA ,0.000000,0.000000,0.000,0.000,AP
2026-04-03 14:00:54,1900-01-00 00:00:00,,C4:CB:76:AF:5C:A8,-63,,0.000000,0.000000,0.000,0.000,Client
2026-04-03 14:00:54,1900-01-00 00:00:00,1019-wombat,B8:27:EB:7C:81:10,-60, WPA ,0.000000,0.000000,0.000,0.000,AP
2026-04-03 14:00:54,1900-01-00 00:00:00,,C4:CB:76:AF:5C:A8,-59,,0.000000,0.000000,0.000,0.000,Client
2026-04-03 14:00:54,1900-01-00 00:00:00,1019-wombat,B8:27:EB:7C:81:10,-43, WPA ,0.000000,0.000000,0.000,0.000,AP
2026-04-03 14:00:54,1900-01-00 00:00:00,,C4:CB:76:AF:5C:A8,-59,,0.000000,0.000000,0.000,0.000,Client
2026-04-03 14:00:54,1900-01-00 00:00:00,1019-wombat,B8:27:EB:7C:81:10,-63, WPA ,0.000000,0.000000,0.000,0.000,AP
2026-04-03 14:00:54,1900-01-00 00:00:00,,C4:CB:76:AF:5C:A8,-66,,0.000000,0.000000,0.000,0.000,Client
2026-04-03 14:00:54,1900-01-00 00:00:00,1019-wombat,B8:27:EB:7C:81:10,-66, WPA ,0.000000,0.000000,0.000,0.000,AP
2026-04-03 14:00:54,1900-01-00 00:00:00,,C4:CB:76:AF:5C:A8,-66,,0.000000,0.000000,0.000,0.000,Client
2026-04-03 14:00:54,1900-01-00 00:00:00,1019-wombat,B8:27:EB:7C:81:10,-63, WPA ,0.000000,0.000000,0.000,0.000,AP
2026-04-03 14:00:54,1900-01-00 00:00:00,,C4:CB:76:AF:5C:A8,-63,,0.000000,0.000000,0.000,0.000,Client
2026-04-03 14:00:54,1900-01-00 00:00:00,1019-wombat,B8:27:EB:7C:81:10,-63, WPA ,0.000000,0.000000,0.000,0.000,AP
2026-04-03 14:00:54,1900-01-00 00:00:00,1019-wombat,B8:27:EB:7C:81:10,-63, WPA ,0.000000,0.000000,0.000,0.000,AP
2026-04-03 14:00:54,1900-01-00 00:00:00,,C4:CB:76:AF:5C:A8,-63,,0.000000,0.000000,0.000,0.000,Client
2026-04-03 14:00:54,1900-01-00 00:00:00,1019-wombat,B8:27:EB:7C:81:10,-66, WPA ,0.000000,0.000000,0.000,0.000,AP
2026-04-03 14:00:54,1900-01-00 00:00:00,,C4:CB:76:AF:5C:A8,-66,,0.000000,0.000000,0.000,0.000,Client
2026-04-03 14:00:54,1900-01-00 00:00:00,1019-wombat,B8:27:EB:7C:81:10,-63, WPA ,0.000000,0.000000,0.000,0.000,AP
2026-04-03 14:00:54,1900-01-00 00:00:00,,C4:CB:76:AF:5C:A8,-42,,0.000000,0.000000,0.000,0.000,Client
2026-04-03 14:00:54,1900-01-00 00:00:00,1019-wombat,B8:27:EB:7C:81:10,-63, WPA ,0.000000,0.000000,0.000,0.000,AP
2026-04-03 14:00:54,1900-01-00 00:00:00,,C4:CB:76:AF:5C:A8,-63,,0.000000,0.000000,0.000,0.000,Client
2026-04-03 14:00:54,1900-01-00 00:00:00,1019-wombat,B8:27:EB:7C:81:10,-63, WPA ,0.000000,0.000000,0.000,0.000,AP
2026-04-03 14:00:54,1900-01-00 00:00:00,,C4:CB:76:AF:5C:A8,-63,,0.000000,0.000000,0.000,0.000,Client
2026-04-03 14:00:54,1900-01-00 00:00:00,1019-wombat,B8:27:EB:7C:81:10,-63, WPA ,0.000000,0.000000,0.000,0.000,AP
2026-04-03 14:00:54,1900-01-00 00:00:00,,C4:CB:76:AF:5C:A8,-63,,0.000000,0.000000,0.000,0.000,Client
2026-04-03 14:00:54,1900-01-00 00:00:00,1019-wombat,B8:27:EB:7C:81:10,-57, WPA ,0.000000,0.000000,0.000,0.000,AP
2026-04-03 14:00:54,1900-01-00 00:00:00,,C4:CB:76:AF:5C:A8,-57,,0.000000,0.000000,0.000,0.000,Client
2026-04-03 14:00:54,1900-01-00 00:00:00,1019-wombat,B8:27:EB:7C:81:10,-64, WPA ,0.000000,0.000000,0.000,0.000,AP
2026-04-03 14:00:54,1900-01-00 00:00:00,,C4:CB:76:AF:5C:A8,-64,,0.000000,0.000000,0.000,0.000,Client
2026-04-03 14:00:54,1900-01-00 00:00:00,1019-wombat,B8:27:EB:7C:81:10,-63, WPA ,0.000000,0.000000,0.000,0.000,AP
2026-04-03 14:00:54,1900-01-00 00:00:00,,C4:CB:76:AF:5C:A8,-63,,0.000000,0.000000,0.000,0.000,Client
2026-04-03 14:00:54,1900-01-00 00:00:00,1019-wombat,B8:27:EB:7C:81:10,-63, WPA ,0.000000,0.000000,0.000,0.000,AP
2026-04-03 14:00:54,1900-01-00 00:00:00,,C4:CB:76:AF:5C:A8,-63,,0.000000,0.000000,0.000,0.000,Client
2026-04-03 14:00:54,1900-01-00 00:00:00,1019-wombat,B8:27:EB:7C:81:10,-63, WPA ,0.000000,0.000000,0.000,0.000,AP
2026-04-03 14:00:54,1900-01-00 00:00:00,,C4:CB:76:AF:5C:A8,-63,,0.000000,0.000000,0.000,0.000,Client
2026-04-03 14:00:54,1900-01-00 00:00:00,1019-wombat,B8:27:EB:7C:81:10,-62, WPA ,0.000000,0.000000,0.000,0.000,AP
2026-04-03 14:00:54,1900-01-00 00:00:00,,C4:CB:76:AF:5C:A8,-62,,0.000000,0.000000,0.000,0.000,Client
2026-04-03 14:00:54,1900-01-00 00:00:00,1019-wombat,B8:27:EB:7C:81:10,-63, WPA ,0.000000,0.000000,0.000,0.000,AP
2026-04-03 14:00:54,1900-01-00 00:00:00,,C4:CB:76:AF:5C:A8,-63,,0.000000,0.000000,0.000,0.000,Client
2026-04-03 14:00:54,1900-01-00 00:00:00,1019-wombat,B8:27:EB:7C:81:10,-63, WPA ,0.000000,0.000000,0.000,0.000,AP
2026-04-03 14:00:54,1900-01-00 00:00:00,,C4:CB:76:AF:5C:A8,-63,,0.000000,0.000000,0.000,0.000,Client
2026-04-03 14:00:54,1900-01-00 00:00:00,1019-wombat,B8:27:EB:7C:81:10,-63, WPA ,0.000000,0.000000,0.000,0.000,AP
2026-04-03 14:00:54,1900-01-00 00:00:00,,C4:CB:76:AF:5C:A8,-58,,0.000000,0.000000,0.000,0.000,Client
2026-04-03 14:00:54,1900-01-00 00:00:00,1019-wombat,B8:27:EB:7C:81:10,-64, WPA ,0.000000,0.000000,0.000,0.000,AP
2026-04-03 14:00:54,1900-01-00 00:00:00,,C4:CB:76:AF:5C:A8,-58,,0.000000,0.000000,0.000,0.000,Client
2026-04-03 14:00:54,1900-01-00 00:00:00,1019-wombat,B8:27:EB:7C:81:10,-64, WPA ,0.000000,0.000000,0.000,0.000,AP
2026-04-03 14:00:54,1900-01-00 00:00:00,,C4:CB:76:AF:5C:A8,-64,,0.000000,0.000000,0.000,0.000,Client
2026-04-03 14:00:54,1900-01-00 00:00:00,1019-wombat,B8:27:EB:7C:81:10,-64, WPA ,0.000000,0.000000,0.000,0.000,AP
2026-04-03 14:00:54,1900-01-00 00:00:00,,C4:CB:76:AF:5C:A8,-64,,0.000000,0.000000,0.000,0.000,Client
2026-04-03 14:00:54,1900-01-00 00:00:00,1019-wombat,B8:27:EB:7C:81:10,-64, WPA ,0.000000,0.000000,0.000,0.000,AP
2026-04-03 14:00:54,1900-01-00 00:00:00,,C4:CB:76:AF:5C:A8,-64,,0.000000,0.000000,0.000,0.000,Client
2026-04-03 14:00:54,1900-01-00 00:00:00,1019-wombat,B8:27:EB:7C:81:10,-64, WPA ,0.000000,0.000000,0.000,0.000,AP
2026-04-03 14:00:54,1900-01-00 00:00:00,1019-wombat,B8:27:EB:7C:81:10,-63, WPA ,0.000000,0.000000,0.000,0.000,AP
2026-04-03 14:00:54,1900-01-00 00:00:00,,C4:CB:76:AF:5C:A8,-63,,0.000000,0.000000,0.000,0.000,Client
2026-04-03 14:00:54,1900-01-00 00:00:00,1019-wombat,B8:27:EB:7C:81:10,-63, WPA ,0.000000,0.000000,0.000,0.000,AP
2026-04-03 14:00:54,1900-01-00 00:00:00,,C4:CB:76:AF:5C:A8,-50,,0.000000,0.000000,0.000,0.000,Client
2026-04-03 14:00:54,1900-01-00 00:00:00,1019-wombat,B8:27:EB:7C:81:10,-64, WPA ,0.000000,0.000000,0.000,0.000,AP
2026-04-03 14:00:54,1900-01-00 00:00:00,,C4:CB:76:AF:5C:A8,-41,,0.000000,0.000000,0.000,0.000,Client
2026-04-03 14:00:54,1900-01-00 00:00:00,1019-wombat,B8:27:EB:7C:81:10,-52, WPA ,0.000000,0.000000,0.000,0.000,AP
2026-04-03 14:00:54,1900-01-00 00:00:00,,C4:CB:76:AF:5C:A8,-52,,0.000000,0.000000,0.000,0.000,Client
2026-04-03 14:00:54,1900-01-00 00:00:00,1019-wombat,B8:27:EB:7C:81:10,-52, WPA ,0.000000,0.000000,0.000,0.000,AP
2026-04-03 14:00:54,1900-01-00 00:00:00,,C4:CB:76:AF:5C:A8,-57,,0.000000,0.000000,0.000,0.000,Client
2026-04-03 14:00:54,1900-01-00 00:00:00,1019-wombat,B8:27:EB:7C:81:10,-64, WPA ,0.000000,0.000000,0.000,0.000,AP
2026-04-03 14:00:54,1900-01-00 00:00:00,,C4:CB:76:AF:5C:A8,-64,,0.000000,0.000000,0.000,0.000,Client
2026-04-03 14:00:54,1900-01-00 00:00:00,1019-wombat,B8:27:EB:7C:81:10,-64, WPA ,0.000000,0.000000,0.000,0.000,AP
2026-04-03 14:00:54,1900-01-00 00:00:00,,C4:CB:76:AF:5C:A8,-59,,0.000000,0.000000,0.000,0.000,Client
2026-04-03 14:00:54,1900-01-00 00:00:00,1019-wombat,B8:27:EB:7C:81:10,-63, WPA ,0.000000,0.000000,0.000,0.000,AP
2026-04-03 14:00:54,1900-01-00 00:00:00,,C4:CB:76:AF:5C:A8,-63,,0.000000,0.000000,0.000,0.000,Client
2026-04-03 14:00:54,1900-01-00 00:00:00,1019-wombat,B8:27:EB:7C:81:10,-63, WPA ,0.000000,0.000000,0.000,0.000,AP
2026-04-03 14:00:54,1900-01-00 00:00:00,,C4:CB:76:AF:5C:A8,-47,,0.000000,0.000000,0.000,0.000,Client
2026-04-03 14:00:54,1900-01-00 00:00:00,1019-wombat,B8:27:EB:7C:81:10,-63, WPA ,0.000000,0.000000,0.000,0.000,AP
2026-04-03 14:00:54,1900-01-00 00:00:00,,C4:CB:76:AF:5C:A8,-63,,0.000000,0.000000,0.000,0.000,Client
2026-04-03 14:00:54,1900-01-00 00:00:00,1019-wombat,B8:27:EB:7C:81:10,-63, WPA ,0.000000,0.000000,0.000,0.000,AP
2026-04-03 14:00:54,1900-01-00 00:00:00,,C4:CB:76:AF:5C:A8,-63,,0.000000,0.000000,0.000,0.000,Client
2026-04-03 14:00:54,1900-01-00 00:00:00,1019-wombat,B8:27:EB:7C:81:10,-64, WPA ,0.000000,0.000000,0.000,0.000,AP
2026-04-03 14:00:54,1900-01-00 00:00:00,,C4:CB:76:AF:5C:A8,-64,,0.000000,0.000000,0.000,0.000,Client
2026-04-03 14:00:54,1900-01-00 00:00:00,1019-wombat,B8:27:EB:7C:81:10,-63, WPA ,0.000000,0.000000,0.000,0.000,AP
2026-04-03 14:00:54,1900-01-00 00:00:00,,C4:CB:76:AF:5C:A8,-63,,0.000000,0.000000,0.000,0.000,Client
2026-04-03 14:00:54,1900-01-00 00:00:00,1019-wombat,B8:27:EB:7C:81:10,-63, WPA ,0.000000,0.000000,0.000,0.000,AP
2026-04-03 14:00:54,1900-01-00 00:00:00,,C4:CB:76:AF:5C:A8,-63,,0.000000,0.000000,0.000,0.000,Client
2026-04-03 14:00:54,1900-01-00 00:00:00,1019-wombat,B8:27:EB:7C:81:10,-63, WPA ,0.000000,0.000000,0.000,0.000,AP
2026-04-03 14:00:54,1900-01-00 00:00:00,,C4:CB:76:AF:5C:A8,-63,,0.000000,0.000000,0.000,0.000,Client
2026-04-03 14:00:54,1900-01-00 00:00:00,1019-wombat,B8:27:EB:7C:81:10,-63, WPA ,0.000000,0.000000,0.000,0.000,AP
2026-04-03 14:00:54,1900-01-00 00:00:00,,C4:CB:76:AF:5C:A8,-58,,0.000000,0.000000,0.000,0.000,Client
2026-04-03 14:00:54,1900-01-00 00:00:00,1019-wombat,B8:27:EB:7C:81:10,-51, WPA ,0.000000,0.000000,0.000,0.000,AP
2026-04-03 14:00:54,1900-01-00 00:00:00,,C4:CB:76:AF:5C:A8,-51,,0.000000,0.000000,0.000,0.000,Client
2026-04-03 14:00:54,1900-01-00 00:00:00,1019-wombat,B8:27:EB:7C:81:10,-51, WPA ,0.000000,0.000000,0.000,0.000,AP
2026-04-03 14:00:54,1900-01-00 00:00:00,,C4:CB:76:AF:5C:A8,-51,,0.000000,0.000000,0.000,0.000,Client
2026-04-03 14:00:54,1900-01-00 00:00:00,1019-wombat,B8:27:EB:7C:81:10,-44, WPA ,0.000000,0.000000,0.000,0.000,AP
2026-04-03 14:00:54,1900-01-00 00:00:00,1019-wombat,B8:27:EB:7C:81:10,-63, WPA ,0.000000,0.000000,0.000,0.000,AP
2026-04-03 14:00:54,1900-01-00 00:00:00,,C4:CB:76:AF:5C:A8,-63,,0.000000,0.000000,0.000,0.000,Client
2026-04-03 14:00:54,1900-01-00 00:00:00,1019-wombat,B8:27:EB:7C:81:10,-63, WPA ,0.000000,0.000000,0.000,0.000,AP
2026-04-03 14:00:55,1900-01-00 00:00:00,,C4:CB:76:AF:5C:A8,-63,,0.000000,0.000000,0.000,0.000,Client
2026-04-03 14:00:55,1900-01-00 00:00:00,1019-wombat,B8:27:EB:7C:81:10,-63, WPA ,0.000000,0.000000,0.000,0.000,AP
2026-04-03 14:00:55,1900-01-00 00:00:00,,C4:CB:76:AF:5C:A8,-63,,0.000000,0.000000,0.000,0.000,Client
2026-04-03 14:00:55,1900-01-00 00:00:00,1019-wombat,B8:27:EB:7C:81:10,-42, WPA ,0.000000,0.000000,0.000,0.000,AP
2026-04-03 14:00:55,1900-01-00 00:00:00,,C4:CB:76:AF:5C:A8,-42,,0.000000,0.000000,0.000,0.000,Client
2026-04-03 14:00:55,1900-01-00 00:00:00,1019-wombat,B8:27:EB:7C:81:10,-42, WPA ,0.000000,0.000000,0.000,0.000,AP
2026-04-03 14:00:55,1900-01-00 00:00:00,,C4:CB:76:AF:5C:A8,-42,,0.000000,0.000000,0.000,0.000,Client
2026-04-03 14:00:55,1900-01-00 00:00:00,1019-wombat,B8:27:EB:7C:81:10,-63, WPA ,0.000000,0.000000,0.000,0.000,AP
2026-04-03 14:00:55,1900-01-00 00:00:00,,C4:CB:76:AF:5C:A8,-63,,0.000000,0.000000,0.000,0.000,Client
2026-04-03 14:00:55,1900-01-00 00:00:00,1019-wombat,B8:27:EB:7C:81:10,-63, WPA ,0.000000,0.000000,0.000,0.000,AP
2026-04-03 14:00:55,1900-01-00 00:00:00,,C4:CB:76:AF:5C:A8,-63,,0.000000,0.000000,0.000,0.000,Client
2026-04-03 14:00:55,1900-01-00 00:00:00,1019-wombat,B8:27:EB:7C:81:10,-63, WPA ,0.000000,0.000000,0.000,0.000,AP
2026-04-03 14:00:55,1900-01-00 00:00:00,,C4:CB:76:AF:5C:A8,-63,,0.000000,0.000000,0.000,0.000,Client
2026-04-03 14:00:55,1900-01-00 00:00:00,1019-wombat,B8:27:EB:7C:81:10,-62, WPA ,0.000000,0.000000,0.000,0.000,AP
2026-04-03 14:00:55,1900-01-00 00:00:00,1019-wombat,B8:27:EB:7C:81:10,-65, WPA ,0.000000,0.000000,0.000,0.000,AP
2026-04-03 14:00:55,1900-01-00 00:00:00,1019-wombat,B8:27:EB:7C:81:10,-41, WPA ,0.000000,0.000000,0.000,0.000,AP
2026-04-03 14:00:55,1900-01-00 00:00:00,,C4:CB:76:AF:5C:A8,-43,,0.000000,0.000000,0.000,0.000,Client
2026-04-03 14:00:55,1900-01-00 00:00:00,1019-wombat,B8:27:EB:7C:81:10,-66, WPA ,0.000000,0.000000,0.000,0.000,AP
2026-04-03 14:00:55,1900-01-00 00:00:00,,C4:CB:76:AF:5C:A8,-66,,0.000000,0.000000,0.000,0.000,Client
2026-04-03 14:00:55,1900-01-00 00:00:00,1019-wombat,B8:27:EB:7C:81:10,-58, WPA ,0.000000,0.000000,0.000,0.000,AP
2026-04-03 14:00:55,1900-01-00 00:00:00,,C4:CB:76:AF:5C:A8,-58,,0.000000,0.000000,0.000,0.000,Client
2026-04-03 14:00:55,1900-01-00 00:00:00,1019-wombat,B8:27:EB:7C:81:10,-66, WPA ,0.000000,0.000000,0.000,0.000,AP
2026-04-03 14:00:55,1900-01-00 00:00:00,,C4:CB:76:AF:5C:A8,-66,,0.000000,0.000000,0.000,0.000,Client
2026-04-03 14:00:55,1900-01-00 00:00:00,1019-wombat,B8:27:EB:7C:81:10,-65, WPA ,0.000000,0.000000,0.000,0.000,AP
2026-04-03 14:00:55,1900-01-00 00:00:00,,C4:CB:76:AF:5C:A8,-65,,0.000000,0.000000,0.000,0.000,Client
2026-04-03 14:00:55,1900-01-00 00:00:00,1019-wombat,B8:27:EB:7C:81:10,-65, WPA ,0.000000,0.000000,0.000,0.000,AP
2026-04-03 14:00:55,1900-01-00 00:00:00,,C4:CB:76:AF:5C:A8,-65,,0.000000,0.000000,0.000,0.000,Client
2026-04-03 14:00:55,1900-01-00 00:00:00,1019-wombat,B8:27:EB:7C:81:10,-66, WPA ,0.000000,0.000000,0.000,0.000,AP
2026-04-03 14:00:55,1900-01-00 00:00:00,,C4:CB:76:AF:5C:A8,-66,,0.000000,0.000000,0.000,0.000,Client
2026-04-03 14:00:55,1900-01-00 00:00:00,1019-wombat,B8:27:EB:7C:81:10,-66, WPA ,0.000000,0.000000,0.000,0.000,AP
2026-04-03 14:00:55,1900-01-00 00:00:00,,C4:CB:76:AF:5C:A8,-66,,0.000000,0.000000,0.000,0.000,Client
2026-04-03 14:00:55,1900-01-00 00:00:00,1019-wombat,B8:27:EB:7C:81:10,-42, WPA ,0.000000,0.000000,0.000,0.000,AP
2026-04-03 14:00:55,1900-01-00 00:00:00,,C4:CB:76:AF:5C:A8,-42,,0.000000,0.000000,0.000,0.000,Client
2026-04-03 14:00:55,1900-01-00 00:00:00,1019-wombat,B8:27:EB:7C:81:10,-66, WPA ,0.000000,0.000000,0.000,0.000,AP
2026-04-03 14:00:55,1900-01-00 00:00:00,,C4:CB:76:AF:5C:A8,-66,,0.000000,0.000000,0.000,0.000,Client
2026-04-03 14:00:55,1900-01-00 00:00:00,1019-wombat,B8:27:EB:7C:81:10,-66, WPA ,0.000000,0.000000,0.000,0.000,AP
2026-04-03 14:00:55,1900-01-00 00:00:00,,C4:CB:76:AF:5C:A8,-66,,0.000000,0.000000,0.000,0.000,Client
2026-04-03 14:00:55,1900-01-00 00:00:00,1019-wombat,B8:27:EB:7C:81:10,-66, WPA ,0.000000,0.000000,0.000,0.000,AP
2026-04-03 14:00:55,1900-01-00 00:00:00,,C4:CB:76:AF:5C:A8,-66,,0.000000,0.000000,0.000,0.000,Client
2026-04-03 14:00:55,1900-01-00 00:00:00,1019-wombat,B8:27:EB:7C:81:10,-47, WPA ,0.000000,0.000000,0.000,0.000,AP
2026-04-03 14:00:55,1900-01-00 00:00:00,,C4:CB:76:AF:5C:A8,-47,,0.000000,0.000000,0.000,0.000,Client
2026-04-03 14:00:55,1900-01-00 00:00:00,1019-wombat,B8:27:EB:7C:81:10,-59, WPA ,0.000000,0.000000,0.000,0.000,AP
2026-04-03 14:00:55,1900-01-00 00:00:00,,C4:CB:76:AF:5C:A8,-59,,0.000000,0.000000,0.000,0.000,Client
2026-04-03 14:00:55,1900-01-00 00:00:00,1019-wombat,B8:27:EB:7C:81:10,-66, WPA ,0.000000,0.000000,0.000,0.000,AP
2026-04-03 14:00:55,1900-01-00 00:00:00,,C4:CB:76:AF:5C:A8,-66,,0.000000,0.000000,0.000,0.000,Client
2026-04-03 14:00:55,1900-01-00 00:00:00,1019-wombat,B8:27:EB:7C:81:10,-67, WPA ,0.000000,0.000000,0.000,0.000,AP
2026-04-03 14:00:55,1900-01-00 00:00:00,,C4:CB:76:AF:5C:A8,-67,,0.000000,0.000000,0.000,0.000,Client
2026-04-03 14:00:55,1900-01-00 00:00:00,1019-wombat,B8:27:EB:7C:81:10,-66, WPA ,0.000000,0.000000,0.000,0.000,AP
2026-04-03 14:00:55,1900-01-00 00:00:00,1019-wombat,B8:27:EB:7C:81:10,-66, WPA ,0.000000,0.000000,0.000,0.000,AP
2026-04-03 14:00:55,1900-01-00 00:00:00,,C4:CB:76:AF:5C:A8,-66,,0.000000,0.000000,0.000,0.000,Client
2026-04-03 14:00:55,1900-01-00 00:00:00,1019-wombat,B8:27:EB:7C:81:10,-66, WPA ,0.000000,0.000000,0.000,0.000,AP
2026-04-03 14:00:55,1900-01-00 00:00:00,,C4:CB:76:AF:5C:A8,-66,,0.000000,0.000000,0.000,0.000,Client
2026-04-03 14:00:55,1900-01-00 00:00:00,1019-wombat,B8:27:EB:7C:81:10,-67, WPA ,0.000000,0.000000,0.000,0.000,AP
2026-04-03 14:00:55,1900-01-00 00:00:00,,C4:CB:76:AF:5C:A8,-67,,0.000000,0.000000,0.000,0.000,Client
2026-04-03 14:00:55,1900-01-00 00:00:00,1019-wombat,B8:27:EB:7C:81:10,-42, WPA ,0.000000,0.000000,0.000,0.000,AP
2026-04-03 14:00:55,1900-01-00 00:00:00,,C4:CB:76:AF:5C:A8,-42,,0.000000,0.000000,0.000,0.000,Client
2026-04-03 14:00:55,1900-01-00 00:00:00,1019-wombat,B8:27:EB:7C:81:10,-67, WPA ,0.000000,0.000000,0.000,0.000,AP
2026-04-03 14:00:55,1900-01-00 00:00:00,,C4:CB:76:AF:5C:A8,-67,,0.000000,0.000000,0.000,0.000,Client
2026-04-03 14:00:55,1900-01-00 00:00:00,1019-wombat,B8:27:EB:7C:81:10,-67, WPA ,0.000000,0.000000,0.000,0.000,AP
2026-04-03 14:00:55,1900-01-00 00:00:00,,C4:CB:76:AF:5C:A8,-43,,0.000000,0.000000,0.000,0.000,Client
2026-04-03 14:00:55,1900-01-00 00:00:00,1019-wombat,B8:27:EB:7C:81:10,-67, WPA ,0.000000,0.000000,0.000,0.000,AP
2026-04-03 14:00:55,1900-01-00 00:00:00,,C4:CB:76:AF:5C:A8,-67,,0.000000,0.000000,0.000,0.000,Client
2026-04-03 14:00:55,1900-01-00 00:00:00,1019-wombat,B8:27:EB:7C:81:10,-68, WPA ,0.000000,0.000000,0.000,0.000,AP
2026-04-03 14:00:55,1900-01-00 00:00:00,,C4:CB:76:AF:5C:A8,-68,,0.000000,0.000000,0.000,0.000,Client
2026-04-03 14:00:55,1900-01-00 00:00:00,1019-wombat,B8:27:EB:7C:81:10,-67, WPA ,0.000000,0.000000,0.000,0.000,AP
2026-04-03 14:00:55,1900-01-00 00:00:00,,C4:CB:76:AF:5C:A8,-67,,0.000000,0.000000,0.000,0.000,Client
2026-04-03 14:00:55,1900-01-00 00:00:00,1019-wombat,B8:27:EB:7C:81:10,-68, WPA ,0.000000,0.000000,0.000,0.000,AP
2026-04-03 14:00:55,1900-01-00 00:00:00,,C4:CB:76:AF:5C:A8,-68,,0.000000,0.000000,0.000,0.000,Client
2026-04-03 14:00:55,1900-01-00 00:00:00,1019-wombat,B8:27:EB:7C:81:10,-68, WPA ,0.000000,0.000000,0.000,0.000,AP
2026-04-03 14:00:55,1900-01-00 00:00:00,,C4:CB:76:AF:5C:A8,-68,,0.000000,0.000000,0.000,0.000,Client
2026-04-03 14:00:55,1900-01-00 00:00:00,1019-wombat,B8:27:EB:7C:81:10,-68, WPA ,0.000000,0.000000,0.000,0.000,AP
2026-04-03 14:00:55,1900-01-00 00:00:00,,C4:CB:76:AF:5C:A8,-68,,0.000000,0.000000,0.000,0.000,Client
2026-04-03 14:00:55,1900-01-00 00:00:00,1019-wombat,B8:27:EB:7C:81:10,-68, WPA ,0.000000,0.000000,0.000,0.000,AP
2026-04-03 14:00:55,1900-01-00 00:00:00,,C4:CB:76:AF:5C:A8,-68,,0.000000,0.000000,0.000,0.000,Client
2026-04-03 14:00:55,1900-01-00 00:00:00,1019-wombat,B8:27:EB:7C:81:10,-67, WPA ,0.000000,0.000000,0.000,0.000,AP
2026-04-03 14:00:55,1900-01-00 00:00:00,,C4:CB:76:AF:5C:A8,-67,,0.000000,0.000000,0.000,0.000,Client
2026-04-03 14:00:55,1900-01-00 00:00:00,1019-wombat,B8:27:EB:7C:81:10,-67, WPA ,0.000000,0.000000,0.000,0.000,AP
2026-04-03 14:00:55,1900-01-00 00:00:00,,C4:CB:76:AF:5C:A8,-67,,0.000000,0.000000,0.000,0.000,Client
2026-04-03 14:00:55,1900-01-00 00:00:00,1019-wombat,B8:27:EB:7C:81:10,-67, WPA ,0.000000,0.000000,0.000,0.000,AP
2026-04-03 14:00:55,1900-01-00 00:00:00,,C4:CB:76:AF:5C:A8,-67,,0.000000,0.000000,0.000,0.000,Client
2026-04-03 14:00:55,1900-01-00 00:00:00,1019-wombat,B8:27:EB:7C:81:10,-60, WPA ,0.000000,0.000000,0.000,0.000,AP
2026-04-03 14:00:55,1900-01-00 00:00:00,,C4:CB:76:AF:5C:A8,-60,,0.000000,0.000000,0.000,0.000,Client
2026-04-03 14:00:55,1900-01-00 00:00:00,1019-wombat,B8:27:EB:7C:81:10,-67, WPA ,0.000000,0.000000,0.000,0.000,AP
2026-04-03 14:00:55,1900-01-00 00:00:00,,C4:CB:76:AF:5C:A8,-48,,0.000000,0.000000,0.000,0.000,Client
2026-04-03 14:00:55,1900-01-00 00:00:00,1019-wombat,B8:27:EB:7C:81:10,-66, WPA ,0.000000,0.000000,0.000,0.000,AP
2026-04-03 14:00:55,1900-01-00 00:00:00,,C4:CB:76:AF:5C:A8,-66,,0.000000,0.000000,0.000,0.000,Client
2026-04-03 14:00:55,1900-01-00 00:00:00,1019-wombat,B8:27:EB:7C:81:10,-66, WPA ,0.000000,0.000000,0.000,0.000,AP
2026-04-03 14:00:55,1900-01-00 00:00:00,1019-wombat,B8:27:EB:7C:81:10,-66, WPA ,0.000000,0.000000,0.000,0.000,AP
2026-04-03 14:00:55,1900-01-00 00:00:00,,C4:CB:76:AF:5C:A8,-66,,0.000000,0.000000,0.000,0.000,Client
2026-04-03 14:00:55,1900-01-00 00:00:00,1019-wombat,B8:27:EB:7C:81:10,-66, WPA ,0.000000,0.000000,0.000,0.000,AP
2026-04-03 14:00:55,1900-01-00 00:00:00,,C4:CB:76:AF:5C:A8,-66,,0.000000,0.000000,0.000,0.000,Client
2026-04-03 14:00:55,1900-01-00 00:00:00,1019-wombat,B8:27:EB:7C:81:10,-57, WPA ,0.000000,0.000000,0.000,0.000,AP
2026-04-03 14:00:55,1900-01-00 00:00:00,,C4:CB:76:AF:5C:A8,-57,,0.000000,0.000000,0.000,0.000,Client
2026-04-03 14:00:55,1900-01-00 00:00:00,1019-wombat,B8:27:EB:7C:81:10,-42, WPA ,0.000000,0.000000,0.000,0.000,AP
2026-04-03 14:00:55,1900-01-00 00:00:00,,C4:CB:76:AF:5C:A8,-42,,0.000000,0.000000,0.000,0.000,Client
2026-04-03 14:00:55,1900-01-00 00:00:00,1019-wombat,B8:27:EB:7C:81:10,-66, WPA ,0.000000,0.000000,0.000,0.000,AP
2026-04-03 14:00:55,1900-01-00 00:00:00,,C4:CB:76:AF:5C:A8,-66,,0.000000,0.000000,0.000,0.000,Client
2026-04-03 14:00:55,1900-01-00 00:00:00,1019-wombat,B8:27:EB:7C:81:10,-67, WPA ,0.000000,0.000000,0.000,0.000,AP
2026-04-03 14:00:55,1900-01-00 00:00:00,,C4:CB:76:AF:5C:A8,-57,,0.000000,0.000000,0.000,0.000,Client
2026-04-03 14:00:55,1900-01-00 00:00:00,1019-wombat,B8:27:EB:7C:81:10,-66, WPA ,0.000000,0.000000,0.000,0.000,AP
2026-04-03 14:00:55,1900-01-00 00:00:00,,C4:CB:76:AF:5C:A8,-66,,0.000000,0.000000,0.000,0.000,Client
2026-04-03 14:00:55,1900-01-00 00:00:00,1019-wombat,B8:27:EB:7C:81:10,-66, WPA ,0.000000,0.000000,0.000,0.000,AP
2026-04-03 14:00:55,1900-01-00 00:00:00,,C4:CB:76:AF:5C:A8,-42,,0.000000,0.000000,0.000,0.000,Client
2026-04-03 14:00:55,1900-01-00 00:00:00,1019-wombat,B8:27:EB:7C:81:10,-67, WPA ,0.000000,0.000000,0.000,0.000,AP
2026-04-03 14:00:55,1900-01-00 00:00:00,,C4:CB:76:AF:5C:A8,-67,,0.000000,0.000000,0.000,0.000,Client
2026-04-03 14:00:55,1900-01-00 00:00:00,1019-wombat,B8:27:EB:7C:81:10,-66, WPA ,0.000000,0.000000,0.000,0.000,AP
2026-04-03 14:00:55,1900-01-00 00:00:00,,C4:CB:76:AF:5C:A8,-66,,0.000000,0.000000,0.000,0.000,Client
2026-04-03 14:00:55,1900-01-00 00:00:00,1019-wombat,B8:27:EB:7C:81:10,-66, WPA ,0.000000,0.000000,0.000,0.000,AP
2026-04-03 14:00:55,1900-01-00 00:00:00,,C4:CB:76:AF:5C:A8,-66,,0.000000,0.000000,0.000,0.000,Client
2026-04-03 14:00:55,1900-01-00 00:00:00,1019-wombat,B8:27:EB:7C:81:10,-66, WPA ,0.000000,0.000000,0.000,0.000,AP
2026-04-03 14:00:55,1900-01-00 00:00:00,,C4:CB:76:AF:5C:A8,-66,,0.000000,0.000000,0.000,0.000,Client
2026-04-03 14:00:55,1900-01-00 00:00:00,1019-wombat,B8:27:EB:7C:81:10,-66, WPA ,0.000000,0.000000,0.000,0.000,AP
2026-04-03 14:00:55,1900-01-00 00:00:00,,C4:CB:76:AF:5C:A8,-66,,0.000000,0.000000,0.000,0.000,Client
2026-04-03 14:00:55,1900-01-00 00:00:00,1019-wombat,B8:27:EB:7C:81:10,-66, WPA ,0.000000,0.000000,0.000,0.000,AP
2026-04-03 14:00:55,1900-01-00 00:00:00,,C4:CB:76:AF:5C:A8,-66,,0.000000,0.000000,0.000,0.000,Client
2026-04-03 14:00:55,1900-01-00 00:00:00,1019-wombat,B8:27:EB:7C:81:10,-66, WPA ,0.000000,0.000000,0.000,0.000,AP
2026-04-03 14:00:55,1900-01-00 00:00:00,,C4:CB:76:AF:5C:A8,-66,,0.000000,0.000000,0.000,0.000,Client
2026-04-03 14:00:55,1900-01-00 00:00:00,1019-wombat,B8:27:EB:7C:81:10,-58, WPA ,0.000000,0.000000,0.000,0.000,AP
2026-04-03 14:00:55,1900-01-00 00:00:00,,C4:CB:76:AF:5C:A8,-58,,0.000000,0.000000,0.000,0.000,Client
2026-04-03 14:00:55,1900-01-00 00:00:00,1019-wombat,B8:27:EB:7C:81:10,-59, WPA ,0.000000,0.000000,0.000,0.000,AP
2026-04-03 14:00:55,1900-01-00 00:00:00,,C4:CB:76:AF:5C:A8,-59,,0.000000,0.000000,0.000,0.000,Client
2026-04-03 14:00:55,1900-01-00 00:00:00,1019-wombat,B8:27:EB:7C:81:10,-64, WPA ,0.000000,0.000000,0.000,0.000,AP
2026-04-03 14:00:55,1900-01-00 00:00:00,,C4:CB:76:AF:5C:A8,-64,,0.000000,0.000000,0.000,0.000,Client
2026-04-03 14:00:55,1900-01-00 00:00:00,1019-wombat,B8:27:EB:7C:81:10,-65, WPA ,0.000000,0.000000,0.000,0.000,AP
2026-04-03 14:00:55,1900-01-00 00:00:00,,C4:CB:76:AF:5C:A8,-65,,0.000000,0.000000,0.000,0.000,Client
2026-04-03 14:00:55,1900-01-00 00:00:00,1019-wombat,B8:27:EB:7C:81:10,-65, WPA ,0.000000,0.000000,0.000,0.000,AP
2026-04-03 14:00:55,1900-01-00 00:00:00,1019-wombat,B8:27:EB:7C:81:10,-65, WPA ,0.000000,0.000000,0.000,0.000,AP
2026-04-03 14:00:55,1900-01-00 00:00:00,,C4:CB:76:AF:5C:A8,-48,,0.000000,0.000000,0.000,0.000,Client
2026-04-03 14:00:55,1900-01-00 00:00:00,1019-wombat,B8:27:EB:7C:81:10,-64, WPA ,0.000000,0.000000,0.000,0.000,AP
2026-04-03 14:00:55,1900-01-00 00:00:00,,C4:CB:76:AF:5C:A8,-64,,0.000000,0.000000,0.000,0.000,Client
2026-04-03 14:00:55,1900-01-00 00:00:00,1019-wombat,B8:27:EB:7C:81:10,-64, WPA ,0.000000,0.000000,0.000,0.000,AP
2026-04-03 14:00:55,1900-01-00 00:00:00,,C4:CB:76:AF:5C:A8,-64,,0.000000,0.000000,0.000,0.000,Client
2026-04-03 14:00:55,1900-01-00 00:00:00,1019-wombat,B8:27:EB:7C:81:10,-42, WPA ,0.000000,0.000000,0.000,0.000,AP
2026-04-03 14:00:55,1900-01-00 00:00:00,,C4:CB:76:AF:5C:A8,-42,,0.000000,0.000000,0.000,0.000,Client
2026-04-03 14:00:55,1900-01-00 00:00:00,1019-wombat,B8:27:EB:7C:81:10,-64, WPA ,0.000000,0.000000,0.000,0.000,AP
2026-04-03 14:00:55,1900-01-00 00:00:00,,C4:CB:76:AF:5C:A8,-64,,0.000000,0.000000,0.000,0.000,Client
2026-04-03 14:00:55,1900-01-00 00:00:00,1019-wombat,B8:27:EB:7C:81:10,-64, WPA ,0.000000,0.000000,0.000,0.000,AP
2026-04-03 14:00:55,1900-01-00 00:00:00,,C4:CB:76:AF:5C:A8,-64,,0.000000,0.000000,0.000,0.000,Client
2026-04-03 14:00:55,1900-01-00 00:00:00,1019-wombat,B8:27:EB:7C:81:10,-64, WPA ,0.000000,0.000000,0.000,0.000,AP
2026-04-03 14:00:55,1900-01-00 00:00:00,,C4:CB:76:AF:5C:A8,-64,,0.000000,0.000000,0.000,0.000,Client
2026-04-03 14:00:55,1900-01-00 00:00:00,1019-wombat,B8:27:EB:7C:81:10,-64, WPA ,0.000000,0.000000,0.000,0.000,AP
2026-04-03 14:00:55,1900-01-00 00:00:00,,C4:CB:76:AF:5C:A8,-64,,0.000000,0.000000,0.000,0.000,Client
2026-04-03 14:00:55,1900-01-00 00:00:00,1019-wombat,B8:27:EB:7C:81:10,-63, WPA ,0.000000,0.000000,0.000,0.000,AP
2026-04-03 14:00:55,1900-01-00 00:00:00,,C4:CB:76:AF:5C:A8,-63,,0.000000,0.000000,0.000,0.000,Client
2026-04-03 14:00:55,1900-01-00 00:00:00,1019-wombat,B8:27:EB:7C:81:10,-64, WPA ,0.000000,0.000000,0.000,0.000,AP
2026-04-03 14:00:55,1900-01-00 00:00:00,,C4:CB:76:AF:5C:A8,-64,,0.000000,0.000000,0.000,0.000,Client
2026-04-03 14:00:55,1900-01-00 00:00:00,,C4:CB:76:AF:5C:A8,-63,,0.000000,0.000000,0.000,0.000,Client
2026-04-03 14:00:55,1900-01-00 00:00:00,1019-wombat,B8:27:EB:7C:81:10,-64, WPA ,0.000000,0.000000,0.000,0.000,AP
2026-04-03 14:00:55,1900-01-00 00:00:00,1019-wombat,B8:27:EB:7C:81:10,-64, WPA ,0.000000,0.000000,0.000,0.000,AP
2026-04-03 14:00:55,1900-01-00 00:00:00,1019-wombat,B8:27:EB:7C:81:10,-64, WPA ,0.000000,0.000000,0.000,0.000,AP
2026-04-03 14:00:55,1900-01-00 00:00:00,1019-wombat,B8:27:EB:7C:81:10,-64, WPA ,0.000000,0.000000,0.000,0.000,AP
2026-04-03 14:00:55,1900-01-00 00:00:00,1019-wombat,B8:27:EB:7C:81:10,-69, WPA ,0.000000,0.000000,0.000,0.000,AP
2026-04-03 14:00:55,1900-01-00 00:00:00,1019-wombat,B8:27:EB:7C:81:10,-58, WPA ,0.000000,0.000000,0.000,0.000,AP
2026-04-03 14:00:55,1900-01-00 00:00:00,,C4:CB:76:AF:5C:A8,-48,,0.000000,0.000000,0.000,0.000,Client
2026-04-03 14:00:55,1900-01-00 00:00:00,1019-wombat,B8:27:EB:7C:81:10,-69, WPA ,0.000000,0.000000,0.000,0.000,AP
2026-04-03 14:00:55,1900-01-00 00:00:00,,C4:CB:76:AF:5C:A8,-69,,0.000000,0.000000,0.000,0.000,Client
2026-04-03 14:00:55,1900-01-00 00:00:00,1019-wombat,B8:27:EB:7C:81:10,-70, WPA ,0.000000,0.000000,0.000,0.000,AP
2026-04-03 14:00:55,1900-01-00 00:00:00,,C4:CB:76:AF:5C:A8,-70,,0.000000,0.000000,0.000,0.000,Client
2026-04-03 14:00:55,1900-01-00 00:00:00,1019-wombat,B8:27:EB:7C:81:10,-69, WPA ,0.000000,0.000000,0.000,0.000,AP
2026-04-03 14:00:55,1900-01-00 00:00:00,,C4:CB:76:AF:5C:A8,-69,,0.000000,0.000000,0.000,0.000,Client
2026-04-03 14:00:55,1900-01-00 00:00:00,1019-wombat,B8:27:EB:7C:81:10,-69, WPA ,0.000000,0.000000,0.000,0.000,AP
2026-04-03 14:00:55,1900-01-00 00:00:00,,C4:CB:76:AF:5C:A8,-69,,0.000000,0.000000,0.000,0.000,Client
2026-04-03 14:00:55,1900-01-00 00:00:00,1019-wombat,B8:27:EB:7C:81:10,-69, WPA ,0.000000,0.000000,0.000,0.000,AP
2026-04-03 14:00:55,1900-01-00 00:00:00,,C4:CB:76:AF:5C:A8,-69,,0.000000,0.000000,0.000,0.000,Client
2026-04-03 14:00:55,1900-01-00 00:00:00,1019-wombat,B8:27:EB:7C:81:10,-69, WPA ,0.000000,0.000000,0.000,0.000,AP
2026-04-03 14:00:55,1900-01-00 00:00:00,,C4:CB:76:AF:5C:A8,-69,,0.000000,0.000000,0.000,0.000,Client
2026-04-03 14:00:55,1900-01-00 00:00:00,1019-wombat,B8:27:EB:7C:81:10,-69, WPA ,0.000000,0.000000,0.000,0.000,AP
2026-04-03 14:00:55,1900-01-00 00:00:00,,C4:CB:76:AF:5C:A8,-69,,0.000000,0.000000,0.000,0.000,Client
2026-04-03 14:00:55,1900-01-00 00:00:00,1019-wombat,B8:27:EB:7C:81:10,-69, WPA ,0.000000,0.000000,0.000,0.000,AP
2026-04-03 14:00:55,1900-01-00 00:00:00,,C4:CB:76:AF:5C:A8,-65,,0.000000,0.000000,0.000,0.000,Client
2026-04-03 14:00:55,1900-01-00 00:00:00,1019-wombat,B8:27:EB:7C:81:10,-42, WPA ,0.000000,0.000000,0.000,0.000,AP
2026-04-03 14:00:55,1900-01-00 00:00:00,,C4:CB:76:AF:5C:A8,-42,,0.000000,0.000000,0.000,0.000,Client
2026-04-03 14:00:55,1900-01-00 00:00:00,1019-wombat,B8:27:EB:7C:81:10,-68, WPA ,0.000000,0.000000,0.000,0.000,AP
2026-04-03 14:00:55,1900-01-00 00:00:00,,C4:CB:76:AF:5C:A8,-68,,0.000000,0.000000,0.000,0.000,Client
2026-04-03 14:00:55,1900-01-00 00:00:00,1019-wombat,B8:27:EB:7C:81:10,-60, WPA ,0.000000,0.000000,0.000,0.000,AP
2026-04-03 14:00:55,1900-01-00 00:00:00,,C4:CB:76:AF:5C:A8,-60,,0.000000,0.000000,0.000,0.000,Client
2026-04-03 14:00:55,1900-01-00 00:00:00,1019-wombat,B8:27:EB:7C:81:10,-69, WPA ,0.000000,0.000000,0.000,0.000,AP
2026-04-03 14:00:55,1900-01-00 00:00:00,,C4:CB:76:AF:5C:A8,-69,,0.000000,0.000000,0.000,0.000,Client
2026-04-03 14:00:55,1900-01-00 00:00:00,1019-wombat,B8:27:EB:7C:81:10,-69, WPA ,0.000000,0.000000,0.000,0.000,AP
2026-04-03 14:00:55,1900-01-00 00:00:00,,C4:CB:76:AF:5C:A8,-69,,0.000000,0.000000,0.000,0.000,Client
2026-04-03 14:00:55,1900-01-00 00:00:00,1019-wombat,B8:27:EB:7C:81:10,-68, WPA ,0.000000,0.000000,0.000,0.000,AP
2026-04-03 14:00:55,1900-01-00 00:00:00,1019-wombat,B8:27:EB:7C:81:10,-69, WPA ,0.000000,0.000000,0.000,0.000,AP
2026-04-03 14:00:55,1900-01-00 00:00:00,,C4:CB:76:AF:5C:A8,-69,,0.000000,0.000000,0.000,0.000,Client
2026-04-03 14:00:55,1900-01-00 00:00:00,1019-wombat,B8:27:EB:7C:81:10,-69, WPA ,0.000000,0.000000,0.000,0.000,AP
2026-04-03 14:00:55,1900-01-00 00:00:00,,C4:CB:76:AF:5C:A8,-69,,0.000000,0.000000,0.000,0.000,Client
2026-04-03 14:00:55,1900-01-00 00:00:00,1019-wombat,B8:27:EB:7C:81:10,-68, WPA ,0.000000,0.000000,0.000,0.000,AP
2026-04-03 14:00:55,1900-01-00 00:00:00,,C4:CB:76:AF:5C:A8,-68,,0.000000,0.000000,0.000,0.000,Client
2026-04-03 14:00:55,1900-01-00 00:00:00,1019-wombat,B8:27:EB:7C:81:10,-43, WPA ,0.000000,0.000000,0.000,0.000,AP
2026-04-03 14:00:55,1900-01-00 00:00:00,,C4:CB:76:AF:5C:A8,-43,,0.000000,0.000000,0.000,0.000,Client
2026-04-03 14:00:55,1900-01-00 00:00:00,1019-wombat,B8:27:EB:7C:81:10,-43, WPA ,0.000000,0.000000,0.000,0.000,AP
2026-04-03 14:00:55,1900-01-00 00:00:00,,C4:CB:76:AF:5C:A8,-43,,0.000000,0.000000,0.000,0.000,Client
2026-04-03 14:00:55,1900-01-00 00:00:00,1019-wombat,B8:27:EB:7C:81:10,-69, WPA ,0.000000,0.000000,0.000,0.000,AP
2026-04-03 14:00:55,1900-01-00 00:00:00,,C4:CB:76:AF:5C:A8,-58,,0.000000,0.000000,0.000,0.000,Client
2026-04-03 14:00:55,1900-01-00 00:00:00,1019-wombat,B8:27:EB:7C:81:10,-69, WPA ,0.000000,0.000000,0.000,0.000,AP
2026-04-03 14:00:55,1900-01-00 00:00:00,,C4:CB:76:AF:5C:A8,-49,,0.000000,0.000000,0.000,0.000,Client
2026-04-03 14:00:55,1900-01-00 00:00:00,1019-wombat,B8:27:EB:7C:81:10,-68, WPA ,0.000000,0.000000,0.000,0.000,AP
2026-04-03 14:00:55,1900-01-00 00:00:00,,C4:CB:76:AF:5C:A8,-68,,0.000000,0.000000,0.000,0.000,Client
2026-04-03 14:00:55,1900-01-00 00:00:00,1019-wombat,B8:27:EB:7C:81:10,-69, WPA ,0.000000,0.000000,0.000,0.000,AP
2026-04-03 14:00:55,1900-01-00 00:00:00,,C4:CB:76:AF:5C:A8,-69,,0.000000,0.000000,0.000,0.000,Client
2026-04-03 14:00:55,1900-01-00 00:00:00,1019-wombat,B8:27:EB:7C:81:10,-69, WPA ,0.000000,0.000000,0.000,0.000,AP
2026-04-03 14:00:55,1900-01-00 00:00:00,,C4:CB:76:AF:5C:A8,-69,,0.000000,0.000000,0.000,0.000,Client
2026-04-03 14:00:55,1900-01-00 00:00:00,1019-wombat,B8:27:EB:7C:81:10,-69, WPA ,0.000000,0.000000,0.000,0.000,AP
2026-04-03 14:00:55,1900-01-00 00:00:00,,C4:CB:76:AF:5C:A8,-69,,0.000000,0.000000,0.000,0.000,Client
2026-04-03 14:00:55,1900-01-00 00:00:00,1019-wombat,B8:27:EB:7C:81:10,-69, WPA ,0.000000,0.000000,0.000,0.000,AP
2026-04-03 14:00:55,1900-01-00 00:00:00,,C4:CB:76:AF:5C:A8,-62,,0.000000,0.000000,0.000,0.000,Client
2026-04-03 14:00:55,1900-01-00 00:00:00,1019-wombat,B8:27:EB:7C:81:10,-69, WPA ,0.000000,0.000000,0.000,0.000,AP
2026-04-03 14:00:55,1900-01-00 00:00:00,,C4:CB:76:AF:5C:A8,-69,,0.000000,0.000000,0.000,0.000,Client
2026-04-03 14:00:55,1900-01-00 00:00:00,1019-wombat,B8:27:EB:7C:81:10,-69, WPA ,0.000000,0.000000,0.000,0.000,AP
2026-04-03 14:00:55,1900-01-00 00:00:00,,C4:CB:76:AF:5C:A8,-69,,0.000000,0.000000,0.000,0.000,Client
2026-04-03 14:00:55,1900-01-00 00:00:00,1019-wombat,B8:27:EB:7C:81:10,-69, WPA ,0.000000,0.000000,0.000,0.000,AP
2026-04-03 14:00:55,1900-01-00 00:00:00,,C4:CB:76:AF:5C:A8,-69,,0.000000,0.000000,0.000,0.000,Client
2026-04-03 14:00:55,1900-01-00 00:00:00,1019-wombat,B8:27:EB:7C:81:10,-68, WPA ,0.000000,0.000000,0.000,0.000,AP
2026-04-03 14:00:55,1900-01-00 00:00:00,,C4:CB:76:AF:5C:A8,-68,,0.000000,0.000000,0.000,0.000,Client
2026-04-03 14:00:55,1900-01-00 00:00:00,,C4:CB:76:AF:5C:A8,-63,,0.000000,0.000000,0.000,0.000,Client
2026-04-03 14:00:55,1900-01-00 00:00:00,1019-wombat,B8:27:EB:7C:81:10,-63, WPA ,0.000000,0.000000,0.000,0.000,AP
2026-04-03 14:00:55,1900-01-00 00:00:00,1019-wombat,B8:27:EB:7C:81:10,-68, WPA ,0.000000,0.000000,0.000,0.000,AP
2026-04-03 14:00:55,1900-01-00 00:00:00,,C4:CB:76:AF:5C:A8,-63,,0.000000,0.000000,0.000,0.000,Client
2026-04-03 14:00:55,1900-01-00 00:00:00,1019-wombat,B8:27:EB:7C:81:10,-60, WPA ,0.000000,0.000000,0.000,0.000,AP
2026-04-03 14:00:55,1900-01-00 00:00:00,,C4:CB:76:AF:5C:A8,-60,,0.000000,0.000000,0.000,0.000,Client
2026-04-03 14:00:55,1900-01-00 00:00:00,1019-wombat,B8:27:EB:7C:81:10,-65, WPA ,0.000000,0.000000,0.000,0.000,AP
2026-04-03 14:00:55,1900-01-00 00:00:00,,C4:CB:76:AF:5C:A8,-65,,0.000000,0.000000,0.000,0.000,Client
2026-04-03 14:00:55,1900-01-00 00:00:00,1019-wombat,B8:27:EB:7C:81:10,-51, WPA ,0.000000,0.000000,0.000,0.000,AP
2026-04-03 14:00:55,1900-01-00 00:00:00,,C4:CB:76:AF:5C:A8,-64,,0.000000,0.000000,0.000,0.000,Client
2026-04-03 14:00:55,1900-01-00 00:00:00,1019-wombat,B8:27:EB:7C:81:10,-69, WPA ,0.000000,0.000000,0.000,0.000,AP
2026-04-03 14:00:55,1900-01-00 00:00:00,,C4:CB:76:AF:5C:A8,-63,,0.000000,0.000000,0.000,0.000,Client
2026-04-03 14:00:55,1900-01-00 00:00:00,1019-wombat,B8:27:EB:7C:81:10,-68, WPA ,0.000000,0.000000,0.000,0.000,AP
2026-04-03 14:00:55,1900-01-00 00:00:00,1019-wombat,B8:27:EB:7C:81:10,-63, WPA ,0.000000,0.000000,0.000,0.000,AP
2026-04-03 14:00:55,1900-01-00 00:00:00,,C4:CB:76:AF:5C:A8,-65,,0.000000,0.000000,0.000,0.000,Client
2026-04-03 14:00:55,1900-01-00 00:00:00,1019-wombat,B8:27:EB:7C:81:10,-51, WPA ,0.000000,0.000000,0.000,0.000,AP
2026-04-03 14:00:55,1900-01-00 00:00:00,,C4:CB:76:AF:5C:A8,-63,,0.000000,0.000000,0.000,0.000,Client
2026-04-03 14:00:55,1900-01-00 00:00:00,,C4:CB:76:AF:5C:A8,-68,,0.000000,0.000000,0.000,0.000,Client
2026-04-03 14:00:55,1900-01-00 00:00:00,1019-wombat,B8:27:EB:7C:81:10,-64, WPA ,0.000000,0.000000,0.000,0.000,AP
2026-04-03 14:00:55,1900-01-00 00:00:00,,C4:CB:76:AF:5C:A8,-42,,0.000000,0.000000,0.000,0.000,Client
2026-04-03 14:00:55,1900-01-00 00:00:00,1019-wombat,B8:27:EB:7C:81:10,-51, WPA ,0.000000,0.000000,0.000,0.000,AP
2026-04-03 14:00:55,1900-01-00 00:00:00,,C4:CB:76:AF:5C:A8,-51,,0.000000,0.000000,0.000,0.000,Client
2026-04-03 14:00:55,1900-01-00 00:00:00,1019-wombat,B8:27:EB:7C:81:10,-68, WPA ,0.000000,0.000000,0.000,0.000,AP
2026-04-03 14:00:55,1900-01-00 00:00:00,,C4:CB:76:AF:5C:A8,-68,,0.000000,0.000000,0.000,0.000,Client
2026-04-03 14:00:55,1900-01-00 00:00:00,1019-wombat,B8:27:EB:7C:81:10,-68, WPA ,0.000000,0.000000,0.000,0.000,AP
2026-04-03 14:00:55,1900-01-00 00:00:00,,C4:CB:76:AF:5C:A8,-63,,0.000000,0.000000,0.000,0.000,Client
2026-04-03 14:00:55,1900-01-00 00:00:00,,C4:CB:76:AF:5C:A8,-63,,0.000000,0.000000,0.000,0.000,Client
2026-04-03 14:00:55,1900-01-00 00:00:00,1019-wombat,B8:27:EB:7C:81:10,-68, WPA ,0.000000,0.000000,0.000,0.000,AP
2026-04-03 14:00:55,1900-01-00 00:00:00,,C4:CB:76:AF:5C:A8,-61,,0.000000,0.000000,0.000,0.000,Client
2026-04-03 14:00:55,1900-01-00 00:00:00,1019-wombat,B8:27:EB:7C:81:10,-68, WPA ,0.000000,0.000000,0.000,0.000,AP
2026-04-03 14:00:55,1900-01-00 00:00:00,1019-wombat,B8:27:EB:7C:81:10,-63, WPA ,0.000000,0.000000,0.000,0.000,AP
2026-04-03 14:00:55,1900-01-00 00:00:00,,C4:CB:76:AF:5C:A8,-63,,0.000000,0.000000,0.000,0.000,Client
2026-04-03 14:00:55,1900-01-00 00:00:00,1019-wombat,B8:27:EB:7C:81:10,-68, WPA ,0.000000,0.000000,0.000,0.000,AP
2026-04-03 14:00:55,1900-01-00 00:00:00,1019-wombat,B8:27:EB:7C:81:10,-68, WPA ,0.000000,0.000000,0.000,0.000,AP
2026-04-03 14:00:55,1900-01-00 00:00:00,1019-wombat,B8:27:EB:7C:81:10,-68, WPA ,0.000000,0.000000,0.000,0.000,AP
2026-04-03 14:00:55,1900-01-00 00:00:00,1019-wombat,B8:27:EB:7C:81:10,-68, WPA ,0.000000,0.000000,0.000,0.000,AP
2026-04-03 14:00:55,1900-01-00 00:00:00,1019-wombat,B8:27:EB:7C:81:10,-69, WPA ,0.000000,0.000000,0.000,0.000,AP
2026-04-03 14:00:55,1900-01-00 00:00:00,1019-wombat,B8:27:EB:7C:81:10,-69, WPA ,0.000000,0.000000,0.000,0.000,AP
2026-04-03 14:00:55,1900-01-00 00:00:00,1019-wombat,B8:27:EB:7C:81:10,-68, WPA ,0.000000,0.000000,0.000,0.000,AP
2026-04-03 14:00:55,1900-01-00 00:00:00,1019-wombat,B8:27:EB:7C:81:10,-68, WPA ,0.000000,0.000000,0.000,0.000,AP
2026-04-03 14:00:55,1900-01-00 00:00:00,,C4:CB:76:AF:5C:A8,-68,,0.000000,0.000000,0.000,0.000,Client
2026-04-03 14:00:55,1900-01-00 00:00:00,1019-wombat,B8:27:EB:7C:81:10,-68, WPA ,0.000000,0.000000,0.000,0.000,AP
2026-04-03 14:00:55,1900-01-00 00:00:00,1019-wombat,B8:27:EB:7C:81:10,-68, WPA ,0.000000,0.000000,0.000,0.000,AP
2026-04-03 14:00:55,1900-01-00 00:00:00,1019-wombat,B8:27:EB:7C:81:10,-67, WPA ,0.000000,0.000000,0.000,0.000,AP
2026-04-03 14:00:55,1900-01-00 00:00:00,,C4:CB:76:AF:5C:A8,-67,,0.000000,0.000000,0.000,0.000,Client
2026-04-03 14:00:55,1900-01-00 00:00:00,1019-wombat,B8:27:EB:7C:81:10,-67, WPA ,0.000000,0.000000,0.000,0.000,AP
2026-04-03 14:00:55,1900-01-00 00:00:00,,C4:CB:76:AF:5C:A8,-67,,0.000000,0.000000,0.000,0.000,Client
2026-04-03 14:00:55,1900-01-00 00:00:00,1019-wombat,B8:27:EB:7C:81:10,-68, WPA ,0.000000,0.000000,0.000,0.000,AP
2026-04-03 14:00:55,1900-01-00 00:00:00,1019-wombat,B8:27:EB:7C:81:10,-67, WPA ,0.000000,0.000000,0.000,0.000,AP
2026-04-03 14:00:55,1900-01-00 00:00:00,,C4:CB:76:AF:5C:A8,-67,,0.000000,0.000000,0.000,0.000,Client
2026-04-03 14:00:55,1900-01-00 00:00:00,1019-wombat,B8:27:EB:7C:81:10,-67, WPA ,0.000000,0.000000,0.000,0.000,AP
2026-04-03 14:00:55,1900-01-00 00:00:00,,C4:CB:76:AF:5C:A8,-67,,0.000000,0.000000,0.000,0.000,Client
2026-04-03 14:00:55,1900-01-00 00:00:00,1019-wombat,B8:27:EB:7C:81:10,-68, WPA ,0.000000,0.000000,0.000,0.000,AP
2026-04-03 14:00:55,1900-01-00 00:00:00,1019-wombat,B8:27:EB:7C:81:10,-67, WPA ,0.000000,0.000000,0.000,0.000,AP
2026-04-03 14:00:55,1900-01-00 00:00:00,,C4:CB:76:AF:5C:A8,-67,,0.000000,0.000000,0.000,0.000,Client
2026-04-03 14:00:55,1900-01-00 00:00:00,1019-wombat,B8:27:EB:7C:81:10,-68, WPA ,0.000000,0.000000,0.000,0.000,AP
2026-04-03 14:00:55,1900-01-00 00:00:00,1019-wombat,B8:27:EB:7C:81:10,-67, WPA ,0.000000,0.000000,0.000,0.000,AP
2026-04-03 14:00:55,1900-01-00 00:00:00,,C4:CB:76:AF:5C:A8,-66,,0.000000,0.000000,0.000,0.000,Client
2026-04-03 14:00:56,1900-01-00 00:00:00,1019-wombat,B8:27:EB:7C:81:10,-58, WPA ,0.000000,0.000000,0.000,0.000,AP
2026-04-03 14:00:56,1900-01-00 00:00:00,,C4:CB:76:AF:5C:A8,-66,,0.000000,0.000000,0.000,0.000,Client
2026-04-03 14:00:56,1900-01-00 00:00:00,1019-wombat,B8:27:EB:7C:81:10,-68, WPA ,0.000000,0.000000,0.000,0.000,AP
2026-04-03 14:00:56,1900-01-00 00:00:00,1019-wombat,B8:27:EB:7C:81:10,-42, WPA ,0.000000,0.000000,0.000,0.000,AP
2026-04-03 14:00:56,1900-01-00 00:00:00,,C4:CB:76:AF:5C:A8,-66,,0.000000,0.000000,0.000,0.000,Client
2026-04-03 14:00:56,1900-01-00 00:00:00,1019-wombat,B8:27:EB:7C:81:10,-68, WPA ,0.000000,0.000000,0.000,0.000,AP
2026-04-03 14:00:56,1900-01-00 00:00:00,1019-wombat,B8:27:EB:7C:81:10,-66, WPA ,0.000000,0.000000,0.000,0.000,AP
2026-04-03 14:00:56,1900-01-00 00:00:00,,C4:CB:76:AF:5C:A8,-66,,0.000000,0.000000,0.000,0.000,Client
2026-04-03 14:00:56,1900-01-00 00:00:00,1019-wombat,B8:27:EB:7C:81:10,-68, WPA ,0.000000,0.000000,0.000,0.000,AP
2026-04-03 14:00:56,1900-01-00 00:00:00,1019-wombat,B8:27:EB:7C:81:10,-68, WPA ,0.000000,0.000000,0.000,0.000,AP
2026-04-03 14:00:56,1900-01-00 00:00:00,1019-wombat,B8:27:EB:7C:81:10,-68, WPA ,0.000000,0.000000,0.000,0.000,AP
2026-04-03 14:00:56,1900-01-00 00:00:00,,C4:CB:76:AF:5C:A8,-66,,0.000000,0.000000,0.000,0.000,Client
2026-04-03 14:00:56,1900-01-00 00:00:00,1019-wombat,B8:27:EB:7C:81:10,-69, WPA ,0.000000,0.000000,0.000,0.000,AP
2026-04-03 14:00:56,1900-01-00 00:00:00,1019-wombat,B8:27:EB:7C:81:10,-66, WPA ,0.000000,0.000000,0.000,0.000,AP
2026-04-03 14:00:56,1900-01-00 00:00:00,,C4:CB:76:AF:5C:A8,-66,,0.000000,0.000000,0.000,0.000,Client
2026-04-03 14:00:56,1900-01-00 00:00:00,1019-wombat,B8:27:EB:7C:81:10,-68, WPA ,0.000000,0.000000,0.000,0.000,AP
2026-04-03 14:00:56,1900-01-00 00:00:00,1019-wombat,B8:27:EB:7C:81:10,-66, WPA ,0.000000,0.000000,0.000,0.000,AP
2026-04-03 14:00:56,1900-01-00 00:00:00,1019-wombat,B8:27:EB:7C:81:10,-65, WPA ,0.000000,0.000000,0.000,0.000,AP
2026-04-03 14:00:56,1900-01-00 00:00:00,,C4:CB:76:AF:5C:A8,-65,,0.000000,0.000000,0.000,0.000,Client
2026-04-03 14:00:56,1900-01-00 00:00:00,1019-wombat,B8:27:EB:7C:81:10,-43, WPA ,0.000000,0.000000,0.000,0.000,AP
2026-04-03 14:00:56,1900-01-00 00:00:00,,C4:CB:76:AF:5C:A8,-66,,0.000000,0.000000,0.000,0.000,Client
2026-04-03 14:00:56,1900-01-00 00:00:00,1019-wombat,B8:27:EB:7C:81:10,-42, WPA ,0.000000,0.000000,0.000,0.000,AP
2026-04-03 14:00:56,1900-01-00 00:00:00,,C4:CB:76:AF:5C:A8,-66,,0.000000,0.000000,0.000,0.000,Client
2026-04-03 14:00:56,1900-01-00 00:00:00,1019-wombat,B8:27:EB:7C:81:10,-68, WPA ,0.000000,0.000000,0.000,0.000,AP
2026-04-03 14:00:56,1900-01-00 00:00:00,1019-wombat,B8:27:EB:7C:81:10,-65, WPA ,0.000000,0.000000,0.000,0.000,AP
2026-04-03 14:00:56,1900-01-00 00:00:00,,C4:CB:76:AF:5C:A8,-59,,0.000000,0.000000,0.000,0.000,Client
2026-04-03 14:00:56,1900-01-00 00:00:00,1019-wombat,B8:27:EB:7C:81:10,-68, WPA ,0.000000,0.000000,0.000,0.000,AP
2026-04-03 14:00:56,1900-01-00 00:00:00,1019-wombat,B8:27:EB:7C:81:10,-65, WPA ,0.000000,0.000000,0.000,0.000,AP
2026-04-03 14:00:56,1900-01-00 00:00:00,,C4:CB:76:AF:5C:A8,-66,,0.000000,0.000000,0.000,0.000,Client
2026-04-03 14:00:56,1900-01-00 00:00:00,1019-wombat,B8:27:EB:7C:81:10,-67, WPA ,0.000000,0.000000,0.000,0.000,AP
2026-04-03 14:00:56,1900-01-00 00:00:00,1019-wombat,B8:27:EB:7C:81:10,-66, WPA ,0.000000,0.000000,0.000,0.000,AP
2026-04-03 14:00:56,1900-01-00 00:00:00,,C4:CB:76:AF:5C:A8,-65,,0.000000,0.000000,0.000,0.000,Client
2026-04-03 14:00:56,1900-01-00 00:00:00,1019-wombat,B8:27:EB:7C:81:10,-67, WPA ,0.000000,0.000000,0.000,0.000,AP
2026-04-03 14:00:56,1900-01-00 00:00:00,1019-wombat,B8:27:EB:7C:81:10,-66, WPA ,0.000000,0.000000,0.000,0.000,AP
2026-04-03 14:00:56,1900-01-00 00:00:00,,C4:CB:76:AF:5C:A8,-65,,0.000000,0.000000,0.000,0.000,Client
2026-04-03 14:00:56,1900-01-00 00:00:00,1019-wombat,B8:27:EB:7C:81:10,-67, WPA ,0.000000,0.000000,0.000,0.000,AP
2026-04-03 14:00:56,1900-01-00 00:00:00,1019-wombat,B8:27:EB:7C:81:10,-66, WPA ,0.000000,0.000000,0.000,0.000,AP
2026-04-03 14:00:56,1900-01-00 00:00:00,,C4:CB:76:AF:5C:A8,-65,,0.000000,0.000000,0.000,0.000,Client
2026-04-03 14:00:56,1900-01-00 00:00:00,1019-wombat,B8:27:EB:7C:81:10,-67, WPA ,0.000000,0.000000,0.000,0.000,AP
2026-04-03 14:00:56,1900-01-00 00:00:00,1019-wombat,B8:27:EB:7C:81:10,-67, WPA ,0.000000,0.000000,0.000,0.000,AP
2026-04-03 14:00:56,1900-01-00 00:00:00,1019-wombat,B8:27:EB:7C:81:10,-67, WPA ,0.000000,0.000000,0.000,0.000,AP
2026-04-03 14:00:56,1900-01-00 00:00:00,1019-wombat,B8:27:EB:7C:81:10,-67, WPA ,0.000000,0.000000,0.000,0.000,AP
2026-04-03 14:00:56,1900-01-00 00:00:00,1019-wombat,B8:27:EB:7C:81:10,-46, WPA ,0.000000,0.000000,0.000,0.000,AP
2026-04-03 14:00:56,1900-01-00 00:00:00,1019-wombat,B8:27:EB:7C:81:10,-66, WPA ,0.000000,0.000000,0.000,0.000,AP
2026-04-03 14:00:56,1900-01-00 00:00:00,,C4:CB:76:AF:5C:A8,-66,,0.000000,0.000000,0.000,0.000,Client
2026-04-03 14:00:56,1900-01-00 00:00:00,1019-wombat,B8:27:EB:7C:81:10,-66, WPA ,0.000000,0.000000,0.000,0.000,AP
2026-04-03 14:00:56,1900-01-00 00:00:00,1019-wombat,B8:27:EB:7C:81:10,-66, WPA ,0.000000,0.000000,0.000,0.000,AP
2026-04-03 14:00:56,1900-01-00 00:00:00,1019-wombat,B8:27:EB:7C:81:10,-66, WPA ,0.000000,0.000000,0.000,0.000,AP
2026-04-03 14:00:56,1900-01-00 00:00:00,1019-wombat,B8:27:EB:7C:81:10,-66, WPA ,0.000000,0.000000,0.000,0.000,AP
2026-04-03 14:00:56,1900-01-00 00:00:00,,C4:CB:76:AF:5C:A8,-66,,0.000000,0.000000,0.000,0.000,Client
2026-04-03 14:00:56,1900-01-00 00:00:00,1019-wombat,B8:27:EB:7C:81:10,-67, WPA ,0.000000,0.000000,0.000,0.000,AP
2026-04-03 14:00:56,1900-01-00 00:00:00,1019-wombat,B8:27:EB:7C:81:10,-66, WPA ,0.000000,0.000000,0.000,0.000,AP
2026-04-03 14:00:56,1900-01-00 00:00:00,1019-wombat,B8:27:EB:7C:81:10,-66, WPA ,0.000000,0.000000,0.000,0.000,AP
2026-04-03 14:00:56,1900-01-00 00:00:00,1019-wombat,B8:27:EB:7C:81:10,-66, WPA ,0.000000,0.000000,0.000,0.000,AP
2026-04-03 14:00:56,1900-01-00 00:00:00,1019-wombat,B8:27:EB:7C:81:10,-67, WPA ,0.000000,0.000000,0.000,0.000,AP
2026-04-03 14:00:56,1900-01-00 00:00:00,,C4:CB:76:AF:5C:A8,-67,,0.000000,0.000000,0.000,0.000,Client
2026-04-03 14:00:56,1900-01-00 00:00:00,1019-wombat,B8:27:EB:7C:81:10,-66, WPA ,0.000000,0.000000,0.000,0.000,AP
2026-04-03 14:00:56,1900-01-00 00:00:00,1019-wombat,B8:27:EB:7C:81:10,-66, WPA ,0.000000,0.000000,0.000,0.000,AP
2026-04-03 14:00:56,1900-01-00 00:00:00,1019-wombat,B8:27:EB:7C:81:10,-66, WPA ,0.000000,0.000000,0.000,0.000,AP
2026-04-03 14:00:56,1900-01-00 00:00:00,1019-wombat,B8:27:EB:7C:81:10,-66, WPA ,0.000000,0.000000,0.000,0.000,AP
2026-04-03 14:00:56,1900-01-00 00:00:00,1019-wombat,B8:27:EB:7C:81:10,-66, WPA ,0.000000,0.000000,0.000,0.000,AP
2026-04-03 14:00:56,1900-01-00 00:00:00,1019-wombat,B8:27:EB:7C:81:10,-66, WPA ,0.000000,0.000000,0.000,0.000,AP
2026-04-03 14:00:56,1900-01-00 00:00:00,1019-wombat,B8:27:EB:7C:81:10,-67, WPA ,0.000000,0.000000,0.000,0.000,AP
2026-04-03 14:00:56,1900-01-00 00:00:00,1019-wombat,B8:27:EB:7C:81:10,-66, WPA ,0.000000,0.000000,0.000,0.000,AP
2026-04-03 14:00:56,1900-01-00 00:00:00,1019-wombat,B8:27:EB:7C:81:10,-66, WPA ,0.000000,0.000000,0.000,0.000,AP
2026-04-03 14:00:56,1900-01-00 00:00:00,,C4:CB:76:AF:5C:A8,-57,,0.000000,0.000000,0.000,0.000,Client
2026-04-03 14:00:56,1900-01-00 00:00:00,1019-wombat,B8:27:EB:7C:81:10,-66, WPA ,0.000000,0.000000,0.000,0.000,AP
2026-04-03 14:00:56,1900-01-00 00:00:00,1019-wombat,B8:27:EB:7C:81:10,-66, WPA ,0.000000,0.000000,0.000,0.000,AP
2026-04-03 14:00:56,1900-01-00 00:00:00,1019-wombat,B8:27:EB:7C:81:10,-66, WPA ,0.000000,0.000000,0.000,0.000,AP
2026-04-03 14:00:56,1900-01-00 00:00:00,1019-wombat,B8:27:EB:7C:81:10,-66, WPA ,0.000000,0.000000,0.000,0.000,AP
2026-04-03 14:00:56,1900-01-00 00:00:00,1019-wombat,B8:27:EB:7C:81:10,-66, WPA ,0.000000,0.000000,0.000,0.000,AP
2026-04-03 14:00:56,1900-01-00 00:00:00,1019-wombat,B8:27:EB:7C:81:10,-66, WPA ,0.000000,0.000000,0.000,0.000,AP
2026-04-03 14:00:56,1900-01-00 00:00:00,1019-wombat,B8:27:EB:7C:81:10,-66, WPA ,0.000000,0.000000,0.000,0.000,AP
2026-04-03 14:00:56,1900-01-00 00:00:00,1019-wombat,B8:27:EB:7C:81:10,-65, WPA ,0.000000,0.000000,0.000,0.000,AP
2026-04-03 14:00:56,1900-01-00 00:00:00,1019-wombat,B8:27:EB:7C:81:10,-64, WPA ,0.000000,0.000000,0.000,0.000,AP
2026-04-03 14:00:56,1900-01-00 00:00:00,1019-wombat,B8:27:EB:7C:81:10,-64, WPA ,0.000000,0.000000,0.000,0.000,AP
2026-04-03 14:00:56,1900-01-00 00:00:00,1019-wombat,B8:27:EB:7C:81:10,-65, WPA ,0.000000,0.000000,0.000,0.000,AP
2026-04-03 14:00:56,1900-01-00 00:00:00,1019-wombat,B8:27:EB:7C:81:10,-65, WPA ,0.000000,0.000000,0.000,0.000,AP
2026-04-03 14:00:56,1900-01-00 00:00:00,1019-wombat,B8:27:EB:7C:81:10,-65, WPA ,0.000000,0.000000,0.000,0.000,AP
2026-04-03 14:00:56,1900-01-00 00:00:00,1019-wombat,B8:27:EB:7C:81:10,-65, WPA ,0.000000,0.000000,0.000,0.000,AP
2026-04-03 14:00:56,1900-01-00 00:00:00,1019-wombat,B8:27:EB:7C:81:10,-67, WPA ,0.000000,0.000000,0.000,0.000,AP
2026-04-03 14:00:56,1900-01-00 00:00:00,1019-wombat,B8:27:EB:7C:81:10,-66, WPA ,0.000000,0.000000,0.000,0.000,AP
2026-04-03 14:00:56,1900-01-00 00:00:00,1019-wombat,B8:27:EB:7C:81:10,-63, WPA ,0.000000,0.000000,0.000,0.000,AP
2026-04-03 14:00:56,1900-01-00 00:00:00,1019-wombat,B8:27:EB:7C:81:10,-63, WPA ,0.000000,0.000000,0.000,0.000,AP
2026-04-03 14:00:56,1900-01-00 00:00:00,1019-wombat,B8:27:EB:7C:81:10,-63, WPA ,0.000000,0.000000,0.000,0.000,AP
2026-04-03 14:00:56,1900-01-00 00:00:00,1019-wombat,B8:27:EB:7C:81:10,-63, WPA ,0.000000,0.000000,0.000,0.000,AP
2026-04-03 14:00:56,1900-01-00 00:00:00,1019-wombat,B8:27:EB:7C:81:10,-63, WPA ,0.000000,0.000000,0.000,0.000,AP
2026-04-03 14:00:56,1900-01-00 00:00:00,1019-wombat,B8:27:EB:7C:81:10,-63, WPA ,0.000000,0.000000,0.000,0.000,AP
2026-04-03 14:00:56,1900-01-00 00:00:00,1019-wombat,B8:27:EB:7C:81:10,-63, WPA ,0.000000,0.000000,0.000,0.000,AP
2026-04-03 14:00:56,1900-01-00 00:00:00,1019-wombat,B8:27:EB:7C:81:10,-63, WPA ,0.000000,0.000000,0.000,0.000,AP
2026-04-03 14:00:56,1900-01-00 00:00:00,1019-wombat,B8:27:EB:7C:81:10,-63, WPA ,0.000000,0.000000,0.000,0.000,AP
2026-04-03 14:00:57,1900-01-00 00:00:00,1019-wombat,B8:27:EB:7C:81:10,-63, WPA ,0.000000,0.000000,0.000,0.000,AP
2026-04-03 14:00:57,1900-01-00 00:00:00,1019-wombat,B8:27:EB:7C:81:10,-66, WPA ,0.000000,0.000000,0.000,0.000,AP
2026-04-03 14:00:57,1900-01-00 00:00:00,1019-wombat,B8:27:EB:7C:81:10,-66, WPA ,0.000000,0.000000,0.000,0.000,AP
2026-04-03 14:00:57,1900-01-00 00:00:00,1019-wombat,B8:27:EB:7C:81:10,-66, WPA ,0.000000,0.000000,0.000,0.000,AP
2026-04-03 14:00:57,1900-01-00 00:00:00,1019-wombat,B8:27:EB:7C:81:10,-64, WPA ,0.000000,0.000000,0.000,0.000,AP
2026-04-03 14:00:57,1900-01-00 00:00:00,1019-wombat,B8:27:EB:7C:81:10,-67, WPA ,0.000000,0.000000,0.000,0.000,AP
2026-04-03 14:00:57,1900-01-00 00:00:00,1019-wombat,B8:27:EB:7C:81:10,-68, WPA ,0.000000,0.000000,0.000,0.000,AP
2026-04-03 14:00:57,1900-01-00 00:00:00,1019-wombat,B8:27:EB:7C:81:10,-67, WPA ,0.000000,0.000000,0.000,0.000,AP
2026-04-03 14:00:57,1900-01-00 00:00:00,1019-wombat,B8:27:EB:7C:81:10,-64, WPA ,0.000000,0.000000,0.000,0.000,AP
2026-04-03 14:00:57,1900-01-00 00:00:00,1019-wombat,B8:27:EB:7C:81:10,-63, WPA ,0.000000,0.000000,0.000,0.000,AP
2026-04-03 14:00:57,1900-01-00 00:00:00,1019-wombat,B8:27:EB:7C:81:10,-64, WPA ,0.000000,0.000000,0.000,0.000,AP
2026-04-03 14:00:57,1900-01-00 00:00:00,1019-wombat,B8:27:EB:7C:81:10,-63, WPA ,0.000000,0.000000,0.000,0.000,AP
2026-04-03 14:00:57,1900-01-00 00:00:00,1019-wombat,B8:27:EB:7C:81:10,-64, WPA ,0.000000,0.000000,0.000,0.000,AP
2026-04-03 14:00:57,1900-01-00 00:00:00,1019-wombat,B8:27:EB:7C:81:10,-65, WPA ,0.000000,0.000000,0.000,0.000,AP
2026-04-03 14:00:57,1900-01-00 00:00:00,1019-wombat,B8:27:EB:7C:81:10,-65, WPA ,0.000000,0.000000,0.000,0.000,AP
2026-04-03 14:00:57,1900-01-00 00:00:00,1019-wombat,B8:27:EB:7C:81:10,-65, WPA ,0.000000,0.000000,0.000,0.000,AP
2026-04-03 14:00:57,1900-01-00 00:00:00,1019-wombat,B8:27:EB:7C:81:10,-65, WPA ,0.000000,0.000000,0.000,0.000,AP
2026-04-03 14:00:57,1900-01-00 00:00:00,1019-wombat,B8:27:EB:7C:81:10,-64, WPA ,0.000000,0.000000,0.000,0.000,AP
2026-04-03 14:00:57,1900-01-00 00:00:00,1019-wombat,B8:27:EB:7C:81:10,-62, WPA ,0.000000,0.000000,0.000,0.000,AP
2026-04-03 14:00:58,1900-01-00 00:00:00,1019-wombat,B8:27:EB:7C:81:10,-66, WPA ,0.000000,0.000000,0.000,0.000,AP
2026-04-03 14:00:58,1900-01-00 00:00:00,1019-wombat,B8:27:EB:7C:81:10,-66, WPA ,0.000000,0.000000,0.000,0.000,AP
2026-04-03 14:00:58,1900-01-00 00:00:00,1019-wombat,B8:27:EB:7C:81:10,-70, WPA ,0.000000,0.000000,0.000,0.000,AP
2026-04-03 14:00:58,1900-01-00 00:00:00,1019-wombat,B8:27:EB:7C:81:10,-68, WPA ,0.000000,0.000000,0.000,0.000,AP
2026-04-03 14:00:58,1900-01-00 00:00:00,1019-wombat,B8:27:EB:7C:81:10,-69, WPA ,0.000000,0.000000,0.000,0.000,AP
2026-04-03 14:00:58,1900-01-00 00:00:00,1019-wombat,B8:27:EB:7C:81:10,-68, WPA ,0.000000,0.000000,0.000,0.000,AP
2026-04-03 14:00:58,1900-01-00 00:00:00,1019-wombat,B8:27:EB:7C:81:10,-64, WPA ,0.000000,0.000000,0.000,0.000,AP
2026-04-03 14:00:58,1900-01-00 00:00:00,1019-wombat,B8:27:EB:7C:81:10,-65, WPA ,0.000000,0.000000,0.000,0.000,AP
2026-04-03 14:00:58,1900-01-00 00:00:00,1019-wombat,B8:27:EB:7C:81:10,-64, WPA ,0.000000,0.000000,0.000,0.000,AP
2026-04-03 14:00:58,1900-01-00 00:00:00,1019-wombat,B8:27:EB:7C:81:10,-66, WPA ,0.000000,0.000000,0.000,0.000,AP
2026-04-03 14:00:59,1900-01-00 00:00:00,1019-wombat,B8:27:EB:7C:81:10,-63, WPA ,0.000000,0.000000,0.000,0.000,AP
2026-04-03 14:00:59,1900-01-00 00:00:00,1019-wombat,B8:27:EB:7C:81:10,-64, WPA ,0.000000,0.000000,0.000,0.000,AP
2026-04-03 14:00:59,1900-01-00 00:00:00,1019-wombat,B8:27:EB:7C:81:10,-64, WPA ,0.000000,0.000000,0.000,0.000,AP
2026-04-03 14:00:59,1900-01-00 00:00:00,1019-wombat,B8:27:EB:7C:81:10,-65, WPA ,0.000000,0.000000,0.000,0.000,AP
2026-04-03 14:00:59,1900-01-00 00:00:00,1019-wombat,B8:27:EB:7C:81:10,-64, WPA ,0.000000,0.000000,0.000,0.000,AP
2026-04-03 14:00:59,1900-01-00 00:00:00,1019-wombat,B8:27:EB:7C:81:10,-64, WPA ,0.000000,0.000000,0.000,0.000,AP
2026-04-03 14:00:59,1900-01-00 00:00:00,1019-wombat,B8:27:EB:7C:81:10,-63, WPA ,0.000000,0.000000,0.000,0.000,AP
2026-04-03 14:00:59,1900-01-00 00:00:00,1019-wombat,B8:27:EB:7C:81:10,-64, WPA ,0.000000,0.000000,0.000,0.000,AP
2026-04-03 14:00:59,1900-01-00 00:00:00,1019-wombat,B8:27:EB:7C:81:10,-63, WPA ,0.000000,0.000000,0.000,0.000,AP
2026-04-03 14:00:59,1900-01-00 00:00:00,1019-wombat,B8:27:EB:7C:81:10,-63, WPA ,0.000000,0.000000,0.000,0.000,AP
2026-04-03 14:00:59,1900-01-00 00:00:00,1019-wombat,B8:27:EB:7C:81:10,-65, WPA ,0.000000,0.000000,0.000,0.000,AP
2026-04-03 14:00:59,1900-01-00 00:00:00,1019-wombat,B8:27:EB:7C:81:10,-65, WPA ,0.000000,0.000000,0.000,0.000,AP
2026-04-03 14:00:59,1900-01-00 00:00:00,1019-wombat,B8:27:EB:7C:81:10,-65, WPA ,0.000000,0.000000,0.000,0.000,AP
2026-04-03 14:01:00,1900-01-00 00:00:00,1019-wombat,B8:27:EB:7C:81:10,-65, WPA ,0.000000,0.000000,0.000,0.000,AP
2026-04-03 14:01:00,1900-01-00 00:00:00,1019-wombat,B8:27:EB:7C:81:10,-66, WPA ,0.000000,0.000000,0.000,0.000,AP
2026-04-03 14:01:00,1900-01-00 00:00:00,1019-wombat,B8:27:EB:7C:81:10,-65, WPA ,0.000000,0.000000,0.000,0.000,AP
2026-04-03 14:01:00,1900-01-00 00:00:00,1019-wombat,B8:27:EB:7C:81:10,-61, WPA ,0.000000,0.000000,0.000,0.000,AP
2026-04-03 14:01:00,1900-01-00 00:00:00,1019-wombat,B8:27:EB:7C:81:10,-65, WPA ,0.000000,0.000000,0.000,0.000,AP
2026-04-03 14:01:00,1900-01-00 00:00:00,1019-wombat,B8:27:EB:7C:81:10,-65, WPA ,0.000000,0.000000,0.000,0.000,AP
2026-04-03 14:01:00,1900-01-00 00:00:00,1019-wombat,B8:27:EB:7C:81:10,-65, WPA ,0.000000,0.000000,0.000,0.000,AP
2026-04-03 14:01:00,1900-01-00 00:00:00,1019-wombat,B8:27:EB:7C:81:10,-64, WPA ,0.000000,0.000000,0.000,0.000,AP
2026-04-03 14:01:00,1900-01-00 00:00:00,1019-wombat,B8:27:EB:7C:81:10,-64, WPA ,0.000000,0.000000,0.000,0.000,AP
2026-04-03 14:01:00,1900-01-00 00:00:00,1019-wombat,B8:27:EB:7C:81:10,-64, WPA ,0.000000,0.000000,0.000,0.000,AP
2026-04-03 14:01:00,1900-01-00 00:00:00,1019-wombat,B8:27:EB:7C:81:10,-64, WPA ,0.000000,0.000000,0.000,0.000,AP
2026-04-03 14:01:00,1900-01-00 00:00:00,1019-wombat,B8:27:EB:7C:81:10,-65, WPA ,0.000000,0.000000,0.000,0.000,AP
2026-04-03 14:01:00,1900-01-00 00:00:00,1019-wombat,B8:27:EB:7C:81:10,-66, WPA ,0.000000,0.000000,0.000,0.000,AP
2026-04-03 14:01:00,1900-01-00 00:00:00,1019-wombat,B8:27:EB:7C:81:10,-65, WPA ,0.000000,0.000000,0.000,0.000,AP
2026-04-03 14:01:00,1900-01-00 00:00:00,1019-wombat,B8:27:EB:7C:81:10,-64, WPA ,0.000000,0.000000,0.000,0.000,AP
2026-04-03 14:01:00,1900-01-00 00:00:00,1019-wombat,B8:27:EB:7C:81:10,-64, WPA ,0.000000,0.000000,0.000,0.000,AP
2026-04-03 14:01:00,1900-01-00 00:00:00,1019-wombat,B8:27:EB:7C:81:10,-64, WPA ,0.000000,0.000000,0.000,0.000,AP
2026-04-03 14:01:00,1900-01-00 00:00:00,1019-wombat,B8:27:EB:7C:81:10,-64, WPA ,0.000000,0.000000,0.000,0.000,AP
2026-04-03 14:01:00,1900-01-00 00:00:00,1019-wombat,B8:27:EB:7C:81:10,-65, WPA ,0.000000,0.000000,0.000,0.000,AP
2026-04-03 14:01:00,1900-01-00 00:00:00,1019-wombat,B8:27:EB:7C:81:10,-66, WPA ,0.000000,0.000000,0.000,0.000,AP
2026-04-03 14:01:01,1900-01-00 00:00:00,1019-wombat,B8:27:EB:7C:81:10,-67, WPA ,0.000000,0.000000,0.000,0.000,AP
2026-04-03 14:01:01,1900-01-00 00:00:00,1019-wombat,B8:27:EB:7C:81:10,-66, WPA ,0.000000,0.000000,0.000,0.000,AP
2026-04-03 14:01:01,1900-01-00 00:00:00,1019-wombat,B8:27:EB:7C:81:10,-65, WPA ,0.000000,0.000000,0.000,0.000,AP
2026-04-03 14:01:01,1900-01-00 00:00:00,1019-wombat,B8:27:EB:7C:81:10,-64, WPA ,0.000000,0.000000,0.000,0.000,AP
2026-04-03 14:01:01,1900-01-00 00:00:00,1019-wombat,B8:27:EB:7C:81:10,-62, WPA ,0.000000,0.000000,0.000,0.000,AP
2026-04-03 14:01:01,1900-01-00 00:00:00,,C4:CB:76:AF:5C:A8,-61,,0.000000,0.000000,0.000,0.000,Client
2026-04-03 14:01:01,1900-01-00 00:00:00,1019-wombat,B8:27:EB:7C:81:10,-61, WPA ,0.000000,0.000000,0.000,0.000,AP
2026-04-03 14:01:01,1900-01-00 00:00:00,,C4:CB:76:AF:5C:A8,-61,,0.000000,0.000000,0.000,0.000,Client
2026-04-03 14:01:01,1900-01-00 00:00:00,1019-wombat,B8:27:EB:7C:81:10,-61, WPA ,0.000000,0.000000,0.000,0.000,AP
2026-04-03 14:01:01,1900-01-00 00:00:00,1019-wombat,B8:27:EB:7C:81:10,-61, WPA ,0.000000,0.000000,0.000,0.000,AP
2026-04-03 14:01:01,1900-01-00 00:00:00,1019-wombat,B8:27:EB:7C:81:10,-62, WPA ,0.000000,0.000000,0.000,0.000,AP
2026-04-03 14:01:01,1900-01-00 00:00:00,,C4:CB:76:AF:5C:A8,-62,,0.000000,0.000000,0.000,0.000,Client
2026-04-03 14:01:01,1900-01-00 00:00:00,1019-wombat,B8:27:EB:7C:81:10,-61, WPA ,0.000000,0.000000,0.000,0.000,AP
2026-04-03 14:01:01,1900-01-00 00:00:00,,C4:CB:76:AF:5C:A8,-62,,0.000000,0.000000,0.000,0.000,Client
2026-04-03 14:01:01,1900-01-00 00:00:00,1019-wombat,B8:27:EB:7C:81:10,-62, WPA ,0.000000,0.000000,0.000,0.000,AP
2026-04-03 14:01:01,1900-01-00 00:00:00,,C4:CB:76:AF:5C:A8,-62,,0.000000,0.000000,0.000,0.000,Client
2026-04-03 14:01:01,1900-01-00 00:00:00,,C4:CB:76:AF:5C:A8,-65,,0.000000,0.000000,0.000,0.000,Client
2026-04-03 14:01:01,1900-01-00 00:00:00,,C4:CB:76:AF:5C:A8,-65,,0.000000,0.000000,0.000,0.000,Client
2026-04-03 14:01:01,1900-01-00 00:00:00,,C4:CB:76:AF:5C:A8,-65,,0.000000,0.000000,0.000,0.000,Client
2026-04-03 14:01:01,1900-01-00 00:00:00,,C4:CB:76:AF:5C:A8,-64,,0.000000,0.000000,0.000,0.000,Client
2026-04-03 14:01:01,1900-01-00 00:00:00,,C4:CB:76:AF:5C:A8,-66,,0.000000,0.000000,0.000,0.000,Client
2026-04-03 14:01:01,1900-01-00 00:00:00,,C4:CB:76:AF:5C:A8,-66,,0.000000,0.000000,0.000,0.000,Client
2026-04-03 14:01:01,1900-01-00 00:00:00,,C4:CB:76:AF:5C:A8,-65,,0.000000,0.000000,0.000,0.000,Client
2026-04-03 14:01:01,1900-01-00 00:00:00,,C4:CB:76:AF:5C:A8,-65,,0.000000,0.000000,0.000,0.000,Client
2026-04-03 14:01:01,1900-01-00 00:00:00,,C4:CB:76:AF:5C:A8,-66,,0.000000,0.000000,0.000,0.000,Client
2026-04-03 14:01:01,1900-01-00 00:00:00,,C4:CB:76:AF:5C:A8,-65,,0.000000,0.000000,0.000,0.000,Client
2026-04-03 14:01:01,1900-01-00 00:00:00,,C4:CB:76:AF:5C:A8,-66,,0.000000,0.000000,0.000,0.000,Client
2026-04-03 14:01:01,1900-01-00 00:00:00,,C4:CB:76:AF:5C:A8,-66,,0.000000,0.000000,0.000,0.000,Client
2026-04-03 14:01:01,1900-01-00 00:00:00,,C4:CB:76:AF:5C:A8,-65,,0.000000,0.000000,0.000,0.000,Client
2026-04-03 14:01:01,1900-01-00 00:00:00,,C4:CB:76:AF:5C:A8,-66,,0.000000,0.000000,0.000,0.000,Client
2026-04-03 14:01:01,1900-01-00 00:00:00,,C4:CB:76:AF:5C:A8,-65,,0.000000,0.000000,0.000,0.000,Client
2026-04-03 14:01:01,1900-01-00 00:00:00,,C4:CB:76:AF:5C:A8,-65,,0.000000,0.000000,0.000,0.000,Client
2026-04-03 14:01:01,1900-01-00 00:00:00,,C4:CB:76:AF:5C:A8,-66,,0.000000,0.000000,0.000,0.000,Client
2026-04-03 14:01:01,1900-01-00 00:00:00,,C4:CB:76:AF:5C:A8,-65,,0.000000,0.000000,0.000,0.000,Client
2026-04-03 14:01:01,1900-01-00 00:00:00,,C4:CB:76:AF:5C:A8,-66,,0.000000,0.000000,0.000,0.000,Client
2026-04-03 14:01:01,1900-01-00 00:00:00,,C4:CB:76:AF:5C:A8,-65,,0.000000,0.000000,0.000,0.000,Client
2026-04-03 14:01:01,1900-01-00 00:00:00,,C4:CB:76:AF:5C:A8,-66,,0.000000,0.000000,0.000,0.000,Client
2026-04-03 14:01:01,1900-01-00 00:00:00,,C4:CB:76:AF:5C:A8,-66,,0.000000,0.000000,0.000,0.000,Client
2026-04-03 14:01:01,1900-01-00 00:00:00,,C4:CB:76:AF:5C:A8,-65,,0.000000,0.000000,0.000,0.000,Client
2026-04-03 14:01:01,1900-01-00 00:00:00,,C4:CB:76:AF:5C:A8,-66,,0.000000,0.000000,0.000,0.000,Client
2026-04-03 14:01:01,1900-01-00 00:00:00,,C4:CB:76:AF:5C:A8,-65,,0.000000,0.000000,0.000,0.000,Client
2026-04-03 14:01:01,1900-01-00 00:00:00,,C4:CB:76:AF:5C:A8,-66,,0.000000,0.000000,0.000,0.000,Client
2026-04-03 14:01:01,1900-01-00 00:00:00,,C4:CB:76:AF:5C:A8,-66,,0.000000,0.000000,0.000,0.000,Client
2026-04-03 14:01:01,1900-01-00 00:00:00,,C4:CB:76:AF:5C:A8,-66,,0.000000,0.000000,0.000,0.000,Client
2026-04-03 14:01:01,1900-01-00 00:00:00,,C4:CB:76:AF:5C:A8,-65,,0.000000,0.000000,0.000,0.000,Client
2026-04-03 14:01:01,1900-01-00 00:00:00,,C4:CB:76:AF:5C:A8,-66,,0.000000,0.000000,0.000,0.000,Client
2026-04-03 14:01:01,1900-01-00 00:00:00,,C4:CB:76:AF:5C:A8,-66,,0.000000,0.000000,0.000,0.000,Client
2026-04-03 14:01:01,1900-01-00 00:00:00,,C4:CB:76:AF:5C:A8,-66,,0.000000,0.000000,0.000,0.000,Client
2026-04-03 14:01:01,1900-01-00 00:00:00,,C4:CB:76:AF:5C:A8,-65,,0.000000,0.000000,0.000,0.000,Client
2026-04-03 14:01:01,1900-01-00 00:00:00,,C4:CB:76:AF:5C:A8,-66,,0.000000,0.000000,0.000,0.000,Client
2026-04-03 14:01:01,1900-01-00 00:00:00,,C4:CB:76:AF:5C:A8,-66,,0.000000,0.000000,0.000,0.000,Client
2026-04-03 14:01:01,1900-01-00 00:00:00,1019-wombat,B8:27:EB:7C:81:10,-62, WPA ,0.000000,0.000000,0.000,0.000,AP
2026-04-03 14:01:01,1900-01-00 00:00:00,,C4:CB:76:AF:5C:A8,-66,,0.000000,0.000000,0.000,0.000,Client
2026-04-03 14:01:01,1900-01-00 00:00:00,1019-wombat,B8:27:EB:7C:81:10,-62, WPA ,0.000000,0.000000,0.000,0.000,AP
2026-04-03 14:01:01,1900-01-00 00:00:00,1019-wombat,B8:27:EB:7C:81:10,-63, WPA ,0.000000,0.000000,0.000,0.000,AP
2026-04-03 14:01:01,1900-01-00 00:00:00,1019-wombat,B8:27:EB:7C:81:10,-63, WPA ,0.000000,0.000000,0.000,0.000,AP
2026-04-03 14:01:01,1900-01-00 00:00:00,,C4:CB:76:AF:5C:A8,-65,,0.000000,0.000000,0.000,0.000,Client
2026-04-03 14:01:01,1900-01-00 00:00:00,,C4:CB:76:AF:5C:A8,-65,,0.000000,0.000000,0.000,0.000,Client
2026-04-03 14:01:01,1900-01-00 00:00:00,1019-wombat,B8:27:EB:7C:81:10,-61, WPA ,0.000000,0.000000,0.000,0.000,AP
2026-04-03 14:01:01,1900-01-00 00:00:00,1019-wombat,B8:27:EB:7C:81:10,-64, WPA ,0.000000,0.000000,0.000,0.000,AP
2026-04-03 14:01:01,1900-01-00 00:00:00,,C4:CB:76:AF:5C:A8,-65,,0.000000,0.000000,0.000,0.000,Client
2026-04-03 14:01:01,1900-01-00 00:00:00,,C4:CB:76:AF:5C:A8,-65,,0.000000,0.000000,0.000,0.000,Client
2026-04-03 14:01:01,1900-01-00 00:00:00,1019-wombat,B8:27:EB:7C:81:10,-61, WPA ,0.000000,0.000000,0.000,0.000,AP
2026-04-03 14:01:01,1900-01-00 00:00:00,1019-wombat,B8:27:EB:7C:81:10,-64, WPA ,0.000000,0.000000,0.000,0.000,AP
2026-04-03 14:01:01,1900-01-00 00:00:00,1019-wombat,B8:27:EB:7C:81:10,-64, WPA ,0.000000,0.000000,0.000,0.000,AP
2026-04-03 14:01:01,1900-01-00 00:00:00,1019-wombat,B8:27:EB:7C:81:10,-63, WPA ,0.000000,0.000000,0.000,0.000,AP
2026-04-03 14:01:01,1900-01-00 00:00:00,1019-wombat,B8:27:EB:7C:81:10,-62, WPA ,0.000000,0.000000,0.000,0.000,AP
2026-04-03 14:01:01,1900-01-00 00:00:00,1019-wombat,B8:27:EB:7C:81:10,-60, WPA ,0.000000,0.000000,0.000,0.000,AP
2026-04-03 14:01:01,1900-01-00 00:00:00,1019-wombat,B8:27:EB:7C:81:10,-62, WPA ,0.000000,0.000000,0.000,0.000,AP
2026-04-03 14:01:01,1900-01-00 00:00:00,1019-wombat,B8:27:EB:7C:81:10,-62, WPA ,0.000000,0.000000,0.000,0.000,AP
2026-04-03 14:01:01,1900-01-00 00:00:00,1019-wombat,B8:27:EB:7C:81:10,-64, WPA ,0.000000,0.000000,0.000,0.000,AP
2026-04-03 14:01:02,1900-01-00 00:00:00,,C4:CB:76:AF:5C:A8,-62,,0.000000,0.000000,0.000,0.000,Client
2026-04-03 14:01:02,1900-01-00 00:00:00,1019-wombat,B8:27:EB:7C:81:10,-63, WPA ,0.000000,0.000000,0.000,0.000,AP
2026-04-03 14:01:02,1900-01-00 00:00:00,1019-wombat,B8:27:EB:7C:81:10,-66, WPA ,0.000000,0.000000,0.000,0.000,AP
2026-04-03 14:01:02,1900-01-00 00:00:00,1019-wombat,B8:27:EB:7C:81:10,-67, WPA ,0.000000,0.000000,0.000,0.000,AP
2026-04-03 14:01:02,1900-01-00 00:00:00,1019-wombat,B8:27:EB:7C:81:10,-66, WPA ,0.000000,0.000000,0.000,0.000,AP
2026-04-03 14:01:02,1900-01-00 00:00:00,1019-wombat,B8:27:EB:7C:81:10,-63, WPA ,0.000000,0.000000,0.000,0.000,AP
2026-04-03 14:01:02,1900-01-00 00:00:00,1019-wombat,B8:27:EB:7C:81:10,-66, WPA ,0.000000,0.000000,0.000,0.000,AP
2026-04-03 14:01:02,1900-01-00 00:00:00,1019-wombat,B8:27:EB:7C:81:10,-66, WPA ,0.000000,0.000000,0.000,0.000,AP
2026-04-03 14:01:02,1900-01-00 00:00:00,1019-wombat,B8:27:EB:7C:81:10,-63, WPA ,0.000000,0.000000,0.000,0.000,AP
2026-04-03 14:01:02,1900-01-00 00:00:00,1019-wombat,B8:27:EB:7C:81:10,-63, WPA ,0.000000,0.000000,0.000,0.000,AP
2026-04-03 14:01:02,1900-01-00 00:00:00,1019-wombat,B8:27:EB:7C:81:10,-62, WPA ,0.000000,0.000000,0.000,0.000,AP
2026-04-03 14:01:02,1900-01-00 00:00:00,1019-wombat,B8:27:EB:7C:81:10,-64, WPA ,0.000000,0.000000,0.000,0.000,AP
2026-04-03 14:01:02,1900-01-00 00:00:00,1019-wombat,B8:27:EB:7C:81:10,-62, WPA ,0.000000,0.000000,0.000,0.000,AP
2026-04-03 14:01:02,1900-01-00 00:00:00,1019-wombat,B8:27:EB:7C:81:10,-66, WPA ,0.000000,0.000000,0.000,0.000,AP
2026-04-03 14:01:02,1900-01-00 00:00:00,1019-wombat,B8:27:EB:7C:81:10,-64, WPA ,0.000000,0.000000,0.000,0.000,AP
2026-04-03 14:01:02,1900-01-00 00:00:00,1019-wombat,B8:27:EB:7C:81:10,-64, WPA ,0.000000,0.000000,0.000,0.000,AP
2026-04-03 14:01:02,1900-01-00 00:00:00,1019-wombat,B8:27:EB:7C:81:10,-64, WPA ,0.000000,0.000000,0.000,0.000,AP
2026-04-03 14:01:02,1900-01-00 00:00:00,1019-wombat,B8:27:EB:7C:81:10,-65, WPA ,0.000000,0.000000,0.000,0.000,AP
2026-04-03 14:01:02,1900-01-00 00:00:00,1019-wombat,B8:27:EB:7C:81:10,-64, WPA ,0.000000,0.000000,0.000,0.000,AP
2026-04-03 14:01:02,1900-01-00 00:00:00,1019-wombat,B8:27:EB:7C:81:10,-65, WPA ,0.000000,0.000000,0.000,0.000,AP
2026-04-03 14:01:02,1900-01-00 00:00:00,1019-wombat,B8:27:EB:7C:81:10,-65, WPA ,0.000000,0.000000,0.000,0.000,AP
2026-04-03 14:01:02,1900-01-00 00:00:00,1019-wombat,B8:27:EB:7C:81:10,-64, WPA ,0.000000,0.000000,0.000,0.000,AP
2026-04-03 14:01:02,1900-01-00 00:00:00,,C4:CB:76:AF:5C:A8,-61,,0.000000,0.000000,0.000,0.000,Client
2026-04-03 14:01:02,1900-01-00 00:00:00,,C4:CB:76:AF:5C:A8,-61,,0.000000,0.000000,0.000,0.000,Client
2026-04-03 14:01:02,1900-01-00 00:00:00,1019-wombat,B8:27:EB:7C:81:10,-62, WPA ,0.000000,0.000000,0.000,0.000,AP
2026-04-03 14:01:02,1900-01-00 00:00:00,,C4:CB:76:AF:5C:A8,-60,,0.000000,0.000000,0.000,0.000,Client
2026-04-03 14:01:02,1900-01-00 00:00:00,,C4:CB:76:AF:5C:A8,-61,,0.000000,0.000000,0.000,0.000,Client
2026-04-03 14:01:02,1900-01-00 00:00:00,1019-wombat,B8:27:EB:7C:81:10,-66, WPA ,0.000000,0.000000,0.000,0.000,AP
2026-04-03 14:01:02,1900-01-00 00:00:00,1019-wombat,B8:27:EB:7C:81:10,-67, WPA ,0.000000,0.000000,0.000,0.000,AP
2026-04-03 14:01:02,1900-01-00 00:00:00,1019-wombat,B8:27:EB:7C:81:10,-65, WPA ,0.000000,0.000000,0.000,0.000,AP
2026-04-03 14:01:02,1900-01-00 00:00:00,1019-wombat,B8:27:EB:7C:81:10,-65, WPA ,0.000000,0.000000,0.000,0.000,AP
2026-04-03 14:01:02,1900-01-00 00:00:00,1019-wombat,B8:27:EB:7C:81:10,-64, WPA ,0.000000,0.000000,0.000,0.000,AP
2026-04-03 14:01:02,1900-01-00 00:00:00,1019-wombat,B8:27:EB:7C:81:10,-64, WPA ,0.000000,0.000000,0.000,0.000,AP
2026-04-03 14:01:02,1900-01-00 00:00:00,1019-wombat,B8:27:EB:7C:81:10,-65, WPA ,0.000000,0.000000,0.000,0.000,AP
2026-04-03 14:01:02,1900-01-00 00:00:00,1019-wombat,B8:27:EB:7C:81:10,-65, WPA ,0.000000,0.000000,0.000,0.000,AP
2026-04-03 14:01:02,1900-01-00 00:00:00,1019-wombat,B8:27:EB:7C:81:10,-65, WPA ,0.000000,0.000000,0.000,0.000,AP
2026-04-03 14:01:02,1900-01-00 00:00:00,1019-wombat,B8:27:EB:7C:81:10,-65, WPA ,0.000000,0.000000,0.000,0.000,AP
2026-04-03 14:01:02,1900-01-00 00:00:00,1019-wombat,B8:27:EB:7C:81:10,-65, WPA ,0.000000,0.000000,0.000,0.000,AP
2026-04-03 14:01:02,1900-01-00 00:00:00,1019-wombat,B8:27:EB:7C:81:10,-64, WPA ,0.000000,0.000000,0.000,0.000,AP
2026-04-03 14:01:02,1900-01-00 00:00:00,1019-wombat,B8:27:EB:7C:81:10,-64, WPA ,0.000000,0.000000,0.000,0.000,AP
2026-04-03 14:01:03,1900-01-00 00:00:00,1019-wombat,B8:27:EB:7C:81:10,-67, WPA ,0.000000,0.000000,0.000,0.000,AP
2026-04-03 14:01:03,1900-01-00 00:00:00,1019-wombat,B8:27:EB:7C:81:10,-67, WPA ,0.000000,0.000000,0.000,0.000,AP
2026-04-03 14:01:03,1900-01-00 00:00:00,1019-wombat,B8:27:EB:7C:81:10,-67, WPA ,0.000000,0.000000,0.000,0.000,AP
2026-04-03 14:01:03,1900-01-00 00:00:00,1019-wombat,B8:27:EB:7C:81:10,-67, WPA ,0.000000,0.000000,0.000,0.000,AP
2026-04-03 14:01:03,1900-01-00 00:00:00,1019-wombat,B8:27:EB:7C:81:10,-66, WPA ,0.000000,0.000000,0.000,0.000,AP
2026-04-03 14:01:03,1900-01-00 00:00:00,,C4:CB:76:AF:5C:A8,-61,,0.000000,0.000000,0.000,0.000,Client
2026-04-03 14:01:03,1900-01-00 00:00:00,1019-wombat,B8:27:EB:7C:81:10,-64, WPA ,0.000000,0.000000,0.000,0.000,AP
2026-04-03 14:01:03,1900-01-00 00:00:00,1019-wombat,B8:27:EB:7C:81:10,-67, WPA ,0.000000,0.000000,0.000,0.000,AP
2026-04-03 14:01:03,1900-01-00 00:00:00,1019-wombat,B8:27:EB:7C:81:10,-64, WPA ,0.000000,0.000000,0.000,0.000,AP
2026-04-03 14:01:03,1900-01-00 00:00:00,1019-wombat,B8:27:EB:7C:81:10,-65, WPA ,0.000000,0.000000,0.000,0.000,AP
2026-04-03 14:01:03,1900-01-00 00:00:00,,C4:CB:76:AF:5C:A8,-61,,0.000000,0.000000,0.000,0.000,Client
2026-04-03 14:01:03,1900-01-00 00:00:00,1019-wombat,B8:27:EB:7C:81:10,-64, WPA ,0.000000,0.000000,0.000,0.000,AP
2026-04-03 14:01:03,1900-01-00 00:00:00,1019-wombat,B8:27:EB:7C:81:10,-64, WPA ,0.000000,0.000000,0.000,0.000,AP
2026-04-03 14:01:03,1900-01-00 00:00:00,1019-wombat,B8:27:EB:7C:81:10,-64, WPA ,0.000000,0.000000,0.000,0.000,AP
2026-04-03 14:01:03,1900-01-00 00:00:00,1019-wombat,B8:27:EB:7C:81:10,-65, WPA ,0.000000,0.000000,0.000,0.000,AP
2026-04-03 14:01:04,1900-01-00 00:00:00,1019-wombat,B8:27:EB:7C:81:10,-65, WPA ,0.000000,0.000000,0.000,0.000,AP
2026-04-03 14:01:04,1900-01-00 00:00:00,1019-wombat,B8:27:EB:7C:81:10,-64, WPA ,0.000000,0.000000,0.000,0.000,AP
2026-04-03 14:01:04,1900-01-00 00:00:00,1019-wombat,B8:27:EB:7C:81:10,-65, WPA ,0.000000,0.000000,0.000,0.000,AP
2026-04-03 14:01:04,1900-01-00 00:00:00,1019-wombat,B8:27:EB:7C:81:10,-64, WPA ,0.000000,0.000000,0.000,0.000,AP
2026-04-03 14:01:04,1900-01-00 00:00:00,1019-wombat,B8:27:EB:7C:81:10,-65, WPA ,0.000000,0.000000,0.000,0.000,AP
2026-04-03 14:01:04,1900-01-00 00:00:00,1019-wombat,B8:27:EB:7C:81:10,-66, WPA ,0.000000,0.000000,0.000,0.000,AP
2026-04-03 14:01:04,1900-01-00 00:00:00,1019-wombat,B8:27:EB:7C:81:10,-64, WPA ,0.000000,0.000000,0.000,0.000,AP
2026-04-03 14:01:04,1900-01-00 00:00:00,1019-wombat,B8:27:EB:7C:81:10,-65, WPA ,0.000000,0.000000,0.000,0.000,AP
2026-04-03 14:01:04,1900-01-00 00:00:00,,C4:CB:76:AF:5C:A8,-62,,0.000000,0.000000,0.000,0.000,Client
2026-04-03 14:01:04,1900-01-00 00:00:00,1019-wombat,B8:27:EB:7C:81:10,-62, WPA ,0.000000,0.000000,0.000,0.000,AP
2026-04-03 14:01:04,1900-01-00 00:00:00,1019-wombat,B8:27:EB:7C:81:10,-65, WPA ,0.000000,0.000000,0.000,0.000,AP
2026-04-03 14:01:04,1900-01-00 00:00:00,1019-wombat,B8:27:EB:7C:81:10,-67, WPA ,0.000000,0.000000,0.000,0.000,AP
2026-04-03 14:01:04,1900-01-00 00:00:00,1019-wombat,B8:27:EB:7C:81:10,-62, WPA ,0.000000,0.000000,0.000,0.000,AP
2026-04-03 14:01:05,1900-01-00 00:00:00,1019-wombat,B8:27:EB:7C:81:10,-65, WPA ,0.000000,0.000000,0.000,0.000,AP
2026-04-03 14:01:05,1900-01-00 00:00:00,1019-wombat,B8:27:EB:7C:81:10,-66, WPA ,0.000000,0.000000,0.000,0.000,AP
2026-04-03 14:01:05,1900-01-00 00:00:00,1019-wombat,B8:27:EB:7C:81:10,-66, WPA ,0.000000,0.000000,0.000,0.000,AP
2026-04-03 14:01:05,1900-01-00 00:00:00,1019-wombat,B8:27:EB:7C:81:10,-65, WPA ,0.000000,0.000000,0.000,0.000,AP
2026-04-03 14:01:05,1900-01-00 00:00:00,1019-wombat,B8:27:EB:7C:81:10,-65, WPA ,0.000000,0.000000,0.000,0.000,AP
2026-04-03 14:01:05,1900-01-00 00:00:00,1019-wombat,B8:27:EB:7C:81:10,-65, WPA ,0.000000,0.000000,0.000,0.000,AP
2026-04-03 14:01:05,1900-01-00 00:00:00,1019-wombat,B8:27:EB:7C:81:10,-64, WPA ,0.000000,0.000000,0.000,0.000,AP
2026-04-03 14:01:05,1900-01-00 00:00:00,1019-wombat,B8:27:EB:7C:81:10,-63, WPA ,0.000000,0.000000,0.000,0.000,AP
2026-04-03 14:01:05,1900-01-00 00:00:00,1019-wombat,B8:27:EB:7C:81:10,-61, WPA ,0.000000,0.000000,0.000,0.000,AP
2026-04-03 14:01:05,1900-01-00 00:00:00,1019-wombat,B8:27:EB:7C:81:10,-64, WPA ,0.000000,0.000000,0.000,0.000,AP
2026-04-03 14:01:05,1900-01-00 00:00:00,1019-wombat,B8:27:EB:7C:81:10,-64, WPA ,0.000000,0.000000,0.000,0.000,AP
2026-04-03 14:01:06,1900-01-00 00:00:00,1019-wombat,B8:27:EB:7C:81:10,-63, WPA ,0.000000,0.000000,0.000,0.000,AP
2026-04-03 14:01:06,1900-01-00 00:00:00,1019-wombat,B8:27:EB:7C:81:10,-63, WPA ,0.000000,0.000000,0.000,0.000,AP
2026-04-03 14:01:06,1900-01-00 00:00:00,1019-wombat,B8:27:EB:7C:81:10,-60, WPA ,0.000000,0.000000,0.000,0.000,AP
2026-04-03 14:01:06,1900-01-00 00:00:00,1019-wombat,B8:27:EB:7C:81:10,-64, WPA ,0.000000,0.000000,0.000,0.000,AP
2026-04-03 14:01:06,1900-01-00 00:00:00,1019-wombat,B8:27:EB:7C:81:10,-63, WPA ,0.000000,0.000000,0.000,0.000,AP
2026-04-03 14:01:06,1900-01-00 00:00:00,1019-wombat,B8:27:EB:7C:81:10,-62, WPA ,0.000000,0.000000,0.000,0.000,AP
2026-04-03 14:01:06,1900-01-00 00:00:00,1019-wombat,B8:27:EB:7C:81:10,-64, WPA ,0.000000,0.000000,0.000,0.000,AP
2026-04-03 14:01:06,1900-01-00 00:00:00,1019-wombat,B8:27:EB:7C:81:10,-64, WPA ,0.000000,0.000000,0.000,0.000,AP
2026-04-03 14:01:06,1900-01-00 00:00:00,1019-wombat,B8:27:EB:7C:81:10,-60, WPA ,0.000000,0.000000,0.000,0.000,AP
2026-04-03 14:01:06,1900-01-00 00:00:00,1019-wombat,B8:27:EB:7C:81:10,-64, WPA ,0.000000,0.000000,0.000,0.000,AP
2026-04-03 14:01:06,1900-01-00 00:00:00,1019-wombat,B8:27:EB:7C:81:10,-64, WPA ,0.000000,0.000000,0.000,0.000,AP
2026-04-03 14:01:06,1900-01-00 00:00:00,1019-wombat,B8:27:EB:7C:81:10,-64, WPA ,0.000000,0.000000,0.000,0.000,AP
2026-04-03 14:01:06,1900-01-00 00:00:00,1019-wombat,B8:27:EB:7C:81:10,-64, WPA ,0.000000,0.000000,0.000,0.000,AP
2026-04-03 14:01:06,1900-01-00 00:00:00,1019-wombat,B8:27:EB:7C:81:10,-64, WPA ,0.000000,0.000000,0.000,0.000,AP
2026-04-03 14:01:06,1900-01-00 00:00:00,1019-wombat,B8:27:EB:7C:81:10,-64, WPA ,0.000000,0.000000,0.000,0.000,AP
2026-04-03 14:01:06,1900-01-00 00:00:00,1019-wombat,B8:27:EB:7C:81:10,-64, WPA ,0.000000,0.000000,0.000,0.000,AP
2026-04-03 14:01:06,1900-01-00 00:00:00,1019-wombat,B8:27:EB:7C:81:10,-63, WPA ,0.000000,0.000000,0.000,0.000,AP
2026-04-03 14:01:06,1900-01-00 00:00:00,1019-wombat,B8:27:EB:7C:81:10,-64, WPA ,0.000000,0.000000,0.000,0.000,AP
2026-04-03 14:01:06,1900-01-00 00:00:00,1019-wombat,B8:27:EB:7C:81:10,-64, WPA ,0.000000,0.000000,0.000,0.000,AP
2026-04-03 14:01:06,1900-01-00 00:00:00,1019-wombat,B8:27:EB:7C:81:10,-64, WPA ,0.000000,0.000000,0.000,0.000,AP
2026-04-03 14:01:06,1900-01-00 00:00:00,1019-wombat,B8:27:EB:7C:81:10,-63, WPA ,0.000000,0.000000,0.000,0.000,AP
2026-04-03 14:01:06,1900-01-00 00:00:00,1019-wombat,B8:27:EB:7C:81:10,-63, WPA ,0.000000,0.000000,0.000,0.000,AP
2026-04-03 14:01:06,1900-01-00 00:00:00,1019-wombat,B8:27:EB:7C:81:10,-63, WPA ,0.000000,0.000000,0.000,0.000,AP
2026-04-03 14:01:06,1900-01-00 00:00:00,1019-wombat,B8:27:EB:7C:81:10,-65, WPA ,0.000000,0.000000,0.000,0.000,AP
2026-04-03 14:01:06,1900-01-00 00:00:00,1019-wombat,B8:27:EB:7C:81:10,-64, WPA ,0.000000,0.000000,0.000,0.000,AP
2026-04-03 14:01:06,1900-01-00 00:00:00,1019-wombat,B8:27:EB:7C:81:10,-62, WPA ,0.000000,0.000000,0.000,0.000,AP
2026-04-03 14:01:06,1900-01-00 00:00:00,1019-wombat,B8:27:EB:7C:81:10,-64, WPA ,0.000000,0.000000,0.000,0.000,AP
2026-04-03 14:01:06,1900-01-00 00:00:00,,C4:CB:76:AF:5C:A8,-62,,0.000000,0.000000,0.000,0.000,Client
2026-04-03 14:01:06,1900-01-00 00:00:00,,C4:CB:76:AF:5C:A8,-61,,0.000000,0.000000,0.000,0.000,Client
2026-04-03 14:01:06,1900-01-00 00:00:00,,C4:CB:76:AF:5C:A8,-62,,0.000000,0.000000,0.000,0.000,Client
2026-04-03 14:01:06,1900-01-00 00:00:00,,C4:CB:76:AF:5C:A8,-61,,0.000000,0.000000,0.000,0.000,Client
2026-04-03 14:01:06,1900-01-00 00:00:00,,C4:CB:76:AF:5C:A8,-61,,0.000000,0.000000,0.000,0.000,Client
2026-04-03 14:01:06,1900-01-00 00:00:00,,C4:CB:76:AF:5C:A8,-62,,0.000000,0.000000,0.000,0.000,Client
2026-04-03 14:01:06,1900-01-00 00:00:00,,C4:CB:76:AF:5C:A8,-62,,0.000000,0.000000,0.000,0.000,Client
2026-04-03 14:01:06,1900-01-00 00:00:00,,C4:CB:76:AF:5C:A8,-62,,0.000000,0.000000,0.000,0.000,Client
2026-04-03 14:01:06,1900-01-00 00:00:00,,C4:CB:76:AF:5C:A8,-62,,0.000000,0.000000,0.000,0.000,Client
2026-04-03 14:01:06,1900-01-00 00:00:00,1019-wombat,B8:27:EB:7C:81:10,-65, WPA ,0.000000,0.000000,0.000,0.000,AP
2026-04-03 14:01:06,1900-01-00 00:00:00,,C4:CB:76:AF:5C:A8,-62,,0.000000,0.000000,0.000,0.000,Client
2026-04-03 14:01:06,1900-01-00 00:00:00,,C4:CB:76:AF:5C:A8,-61,,0.000000,0.000000,0.000,0.000,Client
2026-04-03 14:01:06,1900-01-00 00:00:00,,C4:CB:76:AF:5C:A8,-62,,0.000000,0.000000,0.000,0.000,Client
2026-04-03 14:01:06,1900-01-00 00:00:00,,C4:CB:76:AF:5C:A8,-61,,0.000000,0.000000,0.000,0.000,Client
2026-04-03 14:01:06,1900-01-00 00:00:00,,C4:CB:76:AF:5C:A8,-62,,0.000000,0.000000,0.000,0.000,Client
2026-04-03 14:01:06,1900-01-00 00:00:00,,C4:CB:76:AF:5C:A8,-62,,0.000000,0.000000,0.000,0.000,Client
2026-04-03 14:01:06,1900-01-00 00:00:00,,C4:CB:76:AF:5C:A8,-62,,0.000000,0.000000,0.000,0.000,Client
2026-04-03 14:01:07,1900-01-00 00:00:00,,C4:CB:76:AF:5C:A8,-62,,0.000000,0.000000,0.000,0.000,Client
2026-04-03 14:01:07,1900-01-00 00:00:00,1019-wombat,B8:27:EB:7C:81:10,-64, WPA ,0.000000,0.000000,0.000,0.000,AP
2026-04-03 14:01:07,1900-01-00 00:00:00,,C4:CB:76:AF:5C:A8,-62,,0.000000,0.000000,0.000,0.000,Client
2026-04-03 14:01:07,1900-01-00 00:00:00,,C4:CB:76:AF:5C:A8,-62,,0.000000,0.000000,0.000,0.000,Client
2026-04-03 14:01:07,1900-01-00 00:00:00,,C4:CB:76:AF:5C:A8,-61,,0.000000,0.000000,0.000,0.000,Client
2026-04-03 14:01:07,1900-01-00 00:00:00,,C4:CB:76:AF:5C:A8,-61,,0.000000,0.000000,0.000,0.000,Client
2026-04-03 14:01:07,1900-01-00 00:00:00,,C4:CB:76:AF:5C:A8,-62,,0.000000,0.000000,0.000,0.000,Client
2026-04-03 14:01:07,1900-01-00 00:00:00,,C4:CB:76:AF:5C:A8,-61,,0.000000,0.000000,0.000,0.000,Client
2026-04-03 14:01:07,1900-01-00 00:00:00,,C4:CB:76:AF:5C:A8,-61,,0.000000,0.000000,0.000,0.000,Client
2026-04-03 14:01:07,1900-01-00 00:00:00,,C4:CB:76:AF:5C:A8,-61,,0.000000,0.000000,0.000,0.000,Client
2026-04-03 14:01:07,1900-01-00 00:00:00,,C4:CB:76:AF:5C:A8,-62,,0.000000,0.000000,0.000,0.000,Client
2026-04-03 14:01:07,1900-01-00 00:00:00,,C4:CB:76:AF:5C:A8,-61,,0.000000,0.000000,0.000,0.000,Client
2026-04-03 14:01:07,1900-01-00 00:00:00,,C4:CB:76:AF:5C:A8,-61,,0.000000,0.000000,0.000,0.000,Client
2026-04-03 14:01:07,1900-01-00 00:00:00,1019-wombat,B8:27:EB:7C:81:10,-64, WPA ,0.000000,0.000000,0.000,0.000,AP
2026-04-03 14:01:07,1900-01-00 00:00:00,,C4:CB:76:AF:5C:A8,-62,,0.000000,0.000000,0.000,0.000,Client
2026-04-03 14:01:07,1900-01-00 00:00:00,,C4:CB:76:AF:5C:A8,-61,,0.000000,0.000000,0.000,0.000,Client
2026-04-03 14:01:07,1900-01-00 00:00:00,,C4:CB:76:AF:5C:A8,-61,,0.000000,0.000000,0.000,0.000,Client
2026-04-03 14:01:07,1900-01-00 00:00:00,,C4:CB:76:AF:5C:A8,-61,,0.000000,0.000000,0.000,0.000,Client
2026-04-03 14:01:07,1900-01-00 00:00:00,,C4:CB:76:AF:5C:A8,-62,,0.000000,0.000000,0.000,0.000,Client
2026-04-03 14:01:07,1900-01-00 00:00:00,,C4:CB:76:AF:5C:A8,-62,,0.000000,0.000000,0.000,0.000,Client
2026-04-03 14:01:07,1900-01-00 00:00:00,,C4:CB:76:AF:5C:A8,-62,,0.000000,0.000000,0.000,0.000,Client
2026-04-03 14:01:07,1900-01-00 00:00:00,,C4:CB:76:AF:5C:A8,-62,,0.000000,0.000000,0.000,0.000,Client
2026-04-03 14:01:07,1900-01-00 00:00:00,,C4:CB:76:AF:5C:A8,-61,,0.000000,0.000000,0.000,0.000,Client
2026-04-03 14:01:07,1900-01-00 00:00:00,1019-wombat,B8:27:EB:7C:81:10,-64, WPA ,0.000000,0.000000,0.000,0.000,AP
2026-04-03 14:01:07,1900-01-00 00:00:00,1019-wombat,B8:27:EB:7C:81:10,-63, WPA ,0.000000,0.000000,0.000,0.000,AP
2026-04-03 14:01:07,1900-01-00 00:00:00,,C4:CB:76:AF:5C:A8,-62,,0.000000,0.000000,0.000,0.000,Client
2026-04-03 14:01:07,1900-01-00 00:00:00,1019-wombat,B8:27:EB:7C:81:10,-66, WPA ,0.000000,0.000000,0.000,0.000,AP
2026-04-03 14:01:07,1900-01-00 00:00:00,1019-wombat,B8:27:EB:7C:81:10,-66, WPA ,0.000000,0.000000,0.000,0.000,AP
2026-04-03 14:01:07,1900-01-00 00:00:00,1019-wombat,B8:27:EB:7C:81:10,-66, WPA ,0.000000,0.000000,0.000,0.000,AP
2026-04-03 14:01:07,1900-01-00 00:00:00,1019-wombat,B8:27:EB:7C:81:10,-66, WPA ,0.000000,0.000000,0.000,0.000,AP
2026-04-03 14:01:07,1900-01-00 00:00:00,1019-wombat,B8:27:EB:7C:81:10,-66, WPA ,0.000000,0.000000,0.000,0.000,AP
2026-04-03 14:01:07,1900-01-00 00:00:00,1019-wombat,B8:27:EB:7C:81:10,-66, WPA ,0.000000,0.000000,0.000,0.000,AP
2026-04-03 14:01:07,1900-01-00 00:00:00,1019-wombat,B8:27:EB:7C:81:10,-66, WPA ,0.000000,0.000000,0.000,0.000,AP
2026-04-03 14:01:07,1900-01-00 00:00:00,1019-wombat,B8:27:EB:7C:81:10,-66, WPA ,0.000000,0.000000,0.000,0.000,AP
2026-04-03 14:01:07,1900-01-00 00:00:00,1019-wombat,B8:27:EB:7C:81:10,-66, WPA ,0.000000,0.000000,0.000,0.000,AP
2026-04-03 14:01:07,1900-01-00 00:00:00,1019-wombat,B8:27:EB:7C:81:10,-66, WPA ,0.000000,0.000000,0.000,0.000,AP
2026-04-03 14:01:07,1900-01-00 00:00:00,1019-wombat,B8:27:EB:7C:81:10,-59, WPA ,0.000000,0.000000,0.000,0.000,AP
2026-04-03 14:01:07,1900-01-00 00:00:00,1019-wombat,B8:27:EB:7C:81:10,-59, WPA ,0.000000,0.000000,0.000,0.000,AP
2026-04-03 14:01:07,1900-01-00 00:00:00,1019-wombat,B8:27:EB:7C:81:10,-59, WPA ,0.000000,0.000000,0.000,0.000,AP
2026-04-03 14:01:07,1900-01-00 00:00:00,1019-wombat,B8:27:EB:7C:81:10,-57, WPA ,0.000000,0.000000,0.000,0.000,AP
2026-04-03 14:01:07,1900-01-00 00:00:00,1019-wombat,B8:27:EB:7C:81:10,-57, WPA ,0.000000,0.000000,0.000,0.000,AP
2026-04-03 14:01:07,1900-01-00 00:00:00,1019-wombat,B8:27:EB:7C:81:10,-63, WPA ,0.000000,0.000000,0.000,0.000,AP
2026-04-03 14:01:07,1900-01-00 00:00:00,1019-wombat,B8:27:EB:7C:81:10,-63, WPA ,0.000000,0.000000,0.000,0.000,AP
2026-04-03 14:01:07,1900-01-00 00:00:00,1019-wombat,B8:27:EB:7C:81:10,-63, WPA ,0.000000,0.000000,0.000,0.000,AP
2026-04-03 14:01:07,1900-01-00 00:00:00,1019-wombat,B8:27:EB:7C:81:10,-48, WPA ,0.000000,0.000000,0.000,0.000,AP
2026-04-03 14:01:07,1900-01-00 00:00:00,1019-wombat,B8:27:EB:7C:81:10,-48, WPA ,0.000000,0.000000,0.000,0.000,AP
2026-04-03 14:01:07,1900-01-00 00:00:00,1019-wombat,B8:27:EB:7C:81:10,-42, WPA ,0.000000,0.000000,0.000,0.000,AP
2026-04-03 14:01:07,1900-01-00 00:00:00,1019-wombat,B8:27:EB:7C:81:10,-42, WPA ,0.000000,0.000000,0.000,0.000,AP
2026-04-03 14:01:07,1900-01-00 00:00:00,1019-wombat,B8:27:EB:7C:81:10,-64, WPA ,0.000000,0.000000,0.000,0.000,AP
2026-04-03 14:01:07,1900-01-00 00:00:00,1019-wombat,B8:27:EB:7C:81:10,-64, WPA ,0.000000,0.000000,0.000,0.000,AP
2026-04-03 14:01:07,1900-01-00 00:00:00,1019-wombat,B8:27:EB:7C:81:10,-64, WPA ,0.000000,0.000000,0.000,0.000,AP
2026-04-03 14:01:07,1900-01-00 00:00:00,1019-wombat,B8:27:EB:7C:81:10,-64, WPA ,0.000000,0.000000,0.000,0.000,AP
2026-04-03 14:01:07,1900-01-00 00:00:00,1019-wombat,B8:27:EB:7C:81:10,-64, WPA ,0.000000,0.000000,0.000,0.000,AP
2026-04-03 14:01:07,1900-01-00 00:00:00,1019-wombat,B8:27:EB:7C:81:10,-64, WPA ,0.000000,0.000000,0.000,0.000,AP
2026-04-03 14:01:07,1900-01-00 00:00:00,1019-wombat,B8:27:EB:7C:81:10,-64, WPA ,0.000000,0.000000,0.000,0.000,AP
2026-04-03 14:01:07,1900-01-00 00:00:00,1019-wombat,B8:27:EB:7C:81:10,-43, WPA ,0.000000,0.000000,0.000,0.000,AP
2026-04-03 14:01:07,1900-01-00 00:00:00,1019-wombat,B8:27:EB:7C:81:10,-43, WPA ,0.000000,0.000000,0.000,0.000,AP
2026-04-03 14:01:07,1900-01-00 00:00:00,1019-wombat,B8:27:EB:7C:81:10,-42, WPA ,0.000000,0.000000,0.000,0.000,AP
2026-04-03 14:01:07,1900-01-00 00:00:00,1019-wombat,B8:27:EB:7C:81:10,-42, WPA ,0.000000,0.000000,0.000,0.000,AP
2026-04-03 14:01:07,1900-01-00 00:00:00,1019-wombat,B8:27:EB:7C:81:10,-42, WPA ,0.000000,0.000000,0.000,0.000,AP
2026-04-03 14:01:07,1900-01-00 00:00:00,1019-wombat,B8:27:EB:7C:81:10,-42, WPA ,0.000000,0.000000,0.000,0.000,AP
2026-04-03 14:01:07,1900-01-00 00:00:00,1019-wombat,B8:27:EB:7C:81:10,-42, WPA ,0.000000,0.000000,0.000,0.000,AP
2026-04-03 14:01:07,1900-01-00 00:00:00,1019-wombat,B8:27:EB:7C:81:10,-65, WPA ,0.000000,0.000000,0.000,0.000,AP
2026-04-03 14:01:07,1900-01-00 00:00:00,1019-wombat,B8:27:EB:7C:81:10,-65, WPA ,0.000000,0.000000,0.000,0.000,AP
2026-04-03 14:01:07,1900-01-00 00:00:00,1019-wombat,B8:27:EB:7C:81:10,-65, WPA ,0.000000,0.000000,0.000,0.000,AP
2026-04-03 14:01:07,1900-01-00 00:00:00,1019-wombat,B8:27:EB:7C:81:10,-65, WPA ,0.000000,0.000000,0.000,0.000,AP
2026-04-03 14:01:07,1900-01-00 00:00:00,1019-wombat,B8:27:EB:7C:81:10,-65, WPA ,0.000000,0.000000,0.000,0.000,AP
2026-04-03 14:01:07,1900-01-00 00:00:00,1019-wombat,B8:27:EB:7C:81:10,-65, WPA ,0.000000,0.000000,0.000,0.000,AP
2026-04-03 14:01:07,1900-01-00 00:00:00,1019-wombat,B8:27:EB:7C:81:10,-65, WPA ,0.000000,0.000000,0.000,0.000,AP
2026-04-03 14:01:07,1900-01-00 00:00:00,1019-wombat,B8:27:EB:7C:81:10,-65, WPA ,0.000000,0.000000,0.000,0.000,AP
2026-04-03 14:01:07,1900-01-00 00:00:00,1019-wombat,B8:27:EB:7C:81:10,-65, WPA ,0.000000,0.000000,0.000,0.000,AP
2026-04-03 14:01:07,1900-01-00 00:00:00,1019-wombat,B8:27:EB:7C:81:10,-65, WPA ,0.000000,0.000000,0.000,0.000,AP
2026-04-03 14:01:07,1900-01-00 00:00:00,1019-wombat,B8:27:EB:7C:81:10,-65, WPA ,0.000000,0.000000,0.000,0.000,AP
2026-04-03 14:01:07,1900-01-00 00:00:00,1019-wombat,B8:27:EB:7C:81:10,-65, WPA ,0.000000,0.000000,0.000,0.000,AP
2026-04-03 14:01:07,1900-01-00 00:00:00,1019-wombat,B8:27:EB:7C:81:10,-65, WPA ,0.000000,0.000000,0.000,0.000,AP
2026-04-03 14:01:07,1900-01-00 00:00:00,1019-wombat,B8:27:EB:7C:81:10,-65, WPA ,0.000000,0.000000,0.000,0.000,AP
2026-04-03 14:01:07,1900-01-00 00:00:00,1019-wombat,B8:27:EB:7C:81:10,-65, WPA ,0.000000,0.000000,0.000,0.000,AP
2026-04-03 14:01:07,1900-01-00 00:00:00,1019-wombat,B8:27:EB:7C:81:10,-65, WPA ,0.000000,0.000000,0.000,0.000,AP
2026-04-03 14:01:07,1900-01-00 00:00:00,1019-wombat,B8:27:EB:7C:81:10,-65, WPA ,0.000000,0.000000,0.000,0.000,AP
2026-04-03 14:01:07,1900-01-00 00:00:00,1019-wombat,B8:27:EB:7C:81:10,-65, WPA ,0.000000,0.000000,0.000,0.000,AP
2026-04-03 14:01:07,1900-01-00 00:00:00,1019-wombat,B8:27:EB:7C:81:10,-65, WPA ,0.000000,0.000000,0.000,0.000,AP
2026-04-03 14:01:07,1900-01-00 00:00:00,1019-wombat,B8:27:EB:7C:81:10,-65, WPA ,0.000000,0.000000,0.000,0.000,AP
2026-04-03 14:01:07,1900-01-00 00:00:00,1019-wombat,B8:27:EB:7C:81:10,-65, WPA ,0.000000,0.000000,0.000,0.000,AP
2026-04-03 14:01:07,1900-01-00 00:00:00,1019-wombat,B8:27:EB:7C:81:10,-65, WPA ,0.000000,0.000000,0.000,0.000,AP
2026-04-03 14:01:07,1900-01-00 00:00:00,1019-wombat,B8:27:EB:7C:81:10,-65, WPA ,0.000000,0.000000,0.000,0.000,AP
2026-04-03 14:01:07,1900-01-00 00:00:00,1019-wombat,B8:27:EB:7C:81:10,-65, WPA ,0.000000,0.000000,0.000,0.000,AP
2026-04-03 14:01:07,1900-01-00 00:00:00,1019-wombat,B8:27:EB:7C:81:10,-59, WPA ,0.000000,0.000000,0.000,0.000,AP
2026-04-03 14:01:07,1900-01-00 00:00:00,1019-wombat,B8:27:EB:7C:81:10,-59, WPA ,0.000000,0.000000,0.000,0.000,AP
2026-04-03 14:01:07,1900-01-00 00:00:00,1019-wombat,B8:27:EB:7C:81:10,-59, WPA ,0.000000,0.000000,0.000,0.000,AP
2026-04-03 14:01:07,1900-01-00 00:00:00,1019-wombat,B8:27:EB:7C:81:10,-56, WPA ,0.000000,0.000000,0.000,0.000,AP
2026-04-03 14:01:07,1900-01-00 00:00:00,1019-wombat,B8:27:EB:7C:81:10,-56, WPA ,0.000000,0.000000,0.000,0.000,AP
2026-04-03 14:01:07,1900-01-00 00:00:00,1019-wombat,B8:27:EB:7C:81:10,-56, WPA ,0.000000,0.000000,0.000,0.000,AP
2026-04-03 14:01:07,1900-01-00 00:00:00,1019-wombat,B8:27:EB:7C:81:10,-63, WPA ,0.000000,0.000000,0.000,0.000,AP
2026-04-03 14:01:07,1900-01-00 00:00:00,1019-wombat,B8:27:EB:7C:81:10,-63, WPA ,0.000000,0.000000,0.000,0.000,AP
2026-04-03 14:01:07,1900-01-00 00:00:00,1019-wombat,B8:27:EB:7C:81:10,-63, WPA ,0.000000,0.000000,0.000,0.000,AP
2026-04-03 14:01:07,1900-01-00 00:00:00,1019-wombat,B8:27:EB:7C:81:10,-63, WPA ,0.000000,0.000000,0.000,0.000,AP
2026-04-03 14:01:07,1900-01-00 00:00:00,1019-wombat,B8:27:EB:7C:81:10,-63, WPA ,0.000000,0.000000,0.000,0.000,AP
2026-04-03 14:01:07,1900-01-00 00:00:00,1019-wombat,B8:27:EB:7C:81:10,-63, WPA ,0.000000,0.000000,0.000,0.000,AP
2026-04-03 14:01:07,1900-01-00 00:00:00,1019-wombat,B8:27:EB:7C:81:10,-63, WPA ,0.000000,0.000000,0.000,0.000,AP
2026-04-03 14:01:07,1900-01-00 00:00:00,1019-wombat,B8:27:EB:7C:81:10,-48, WPA ,0.000000,0.000000,0.000,0.000,AP
2026-04-03 14:01:07,1900-01-00 00:00:00,1019-wombat,B8:27:EB:7C:81:10,-48, WPA ,0.000000,0.000000,0.000,0.000,AP
2026-04-03 14:01:07,1900-01-00 00:00:00,1019-wombat,B8:27:EB:7C:81:10,-48, WPA ,0.000000,0.000000,0.000,0.000,AP
2026-04-03 14:01:07,1900-01-00 00:00:00,1019-wombat,B8:27:EB:7C:81:10,-43, WPA ,0.000000,0.000000,0.000,0.000,AP
2026-04-03 14:01:07,1900-01-00 00:00:00,1019-wombat,B8:27:EB:7C:81:10,-43, WPA ,0.000000,0.000000,0.000,0.000,AP
2026-04-03 14:01:07,1900-01-00 00:00:00,1019-wombat,B8:27:EB:7C:81:10,-43, WPA ,0.000000,0.000000,0.000,0.000,AP
2026-04-03 14:01:07,1900-01-00 00:00:00,1019-wombat,B8:27:EB:7C:81:10,-43, WPA ,0.000000,0.000000,0.000,0.000,AP
2026-04-03 14:01:07,1900-01-00 00:00:00,1019-wombat,B8:27:EB:7C:81:10,-43, WPA ,0.000000,0.000000,0.000,0.000,AP
2026-04-03 14:01:07,1900-01-00 00:00:00,1019-wombat,B8:27:EB:7C:81:10,-43, WPA ,0.000000,0.000000,0.000,0.000,AP
2026-04-03 14:01:07,1900-01-00 00:00:00,1019-wombat,B8:27:EB:7C:81:10,-43, WPA ,0.000000,0.000000,0.000,0.000,AP
2026-04-03 14:01:07,1900-01-00 00:00:00,1019-wombat,B8:27:EB:7C:81:10,-43, WPA ,0.000000,0.000000,0.000,0.000,AP
2026-04-03 14:01:07,1900-01-00 00:00:00,1019-wombat,B8:27:EB:7C:81:10,-43, WPA ,0.000000,0.000000,0.000,0.000,AP
2026-04-03 14:01:07,1900-01-00 00:00:00,1019-wombat,B8:27:EB:7C:81:10,-65, WPA ,0.000000,0.000000,0.000,0.000,AP
2026-04-03 14:01:07,1900-01-00 00:00:00,1019-wombat,B8:27:EB:7C:81:10,-65, WPA ,0.000000,0.000000,0.000,0.000,AP
2026-04-03 14:01:07,1900-01-00 00:00:00,1019-wombat,B8:27:EB:7C:81:10,-65, WPA ,0.000000,0.000000,0.000,0.000,AP
2026-04-03 14:01:07,1900-01-00 00:00:00,1019-wombat,B8:27:EB:7C:81:10,-65, WPA ,0.000000,0.000000,0.000,0.000,AP
2026-04-03 14:01:07,1900-01-00 00:00:00,1019-wombat,B8:27:EB:7C:81:10,-65, WPA ,0.000000,0.000000,0.000,0.000,AP
2026-04-03 14:01:07,1900-01-00 00:00:00,1019-wombat,B8:27:EB:7C:81:10,-65, WPA ,0.000000,0.000000,0.000,0.000,AP
2026-04-03 14:01:07,1900-01-00 00:00:00,1019-wombat,B8:27:EB:7C:81:10,-65, WPA ,0.000000,0.000000,0.000,0.000,AP
2026-04-03 14:01:07,1900-01-00 00:00:00,1019-wombat,B8:27:EB:7C:81:10,-65, WPA ,0.000000,0.000000,0.000,0.000,AP
2026-04-03 14:01:07,1900-01-00 00:00:00,1019-wombat,B8:27:EB:7C:81:10,-65, WPA ,0.000000,0.000000,0.000,0.000,AP
2026-04-03 14:01:07,1900-01-00 00:00:00,1019-wombat,B8:27:EB:7C:81:10,-65, WPA ,0.000000,0.000000,0.000,0.000,AP
2026-04-03 14:01:07,1900-01-00 00:00:00,1019-wombat,B8:27:EB:7C:81:10,-65, WPA ,0.000000,0.000000,0.000,0.000,AP
2026-04-03 14:01:07,1900-01-00 00:00:00,1019-wombat,B8:27:EB:7C:81:10,-65, WPA ,0.000000,0.000000,0.000,0.000,AP
2026-04-03 14:01:07,1900-01-00 00:00:00,1019-wombat,B8:27:EB:7C:81:10,-65, WPA ,0.000000,0.000000,0.000,0.000,AP
2026-04-03 14:01:07,1900-01-00 00:00:00,1019-wombat,B8:27:EB:7C:81:10,-65, WPA ,0.000000,0.000000,0.000,0.000,AP
2026-04-03 14:01:07,1900-01-00 00:00:00,1019-wombat,B8:27:EB:7C:81:10,-65, WPA ,0.000000,0.000000,0.000,0.000,AP
2026-04-03 14:01:07,1900-01-00 00:00:00,1019-wombat,B8:27:EB:7C:81:10,-65, WPA ,0.000000,0.000000,0.000,0.000,AP
2026-04-03 14:01:07,1900-01-00 00:00:00,1019-wombat,B8:27:EB:7C:81:10,-65, WPA ,0.000000,0.000000,0.000,0.000,AP
2026-04-03 14:01:07,1900-01-00 00:00:00,1019-wombat,B8:27:EB:7C:81:10,-65, WPA ,0.000000,0.000000,0.000,0.000,AP
2026-04-03 14:01:07,1900-01-00 00:00:00,1019-wombat,B8:27:EB:7C:81:10,-65, WPA ,0.000000,0.000000,0.000,0.000,AP
2026-04-03 14:01:07,1900-01-00 00:00:00,1019-wombat,B8:27:EB:7C:81:10,-65, WPA ,0.000000,0.000000,0.000,0.000,AP
2026-04-03 14:01:07,1900-01-00 00:00:00,1019-wombat,B8:27:EB:7C:81:10,-65, WPA ,0.000000,0.000000,0.000,0.000,AP
2026-04-03 14:01:07,1900-01-00 00:00:00,1019-wombat,B8:27:EB:7C:81:10,-65, WPA ,0.000000,0.000000,0.000,0.000,AP
2026-04-03 14:01:07,1900-01-00 00:00:00,1019-wombat,B8:27:EB:7C:81:10,-65, WPA ,0.000000,0.000000,0.000,0.000,AP
2026-04-03 14:01:07,1900-01-00 00:00:00,1019-wombat,B8:27:EB:7C:81:10,-72, WPA ,0.000000,0.000000,0.000,0.000,AP
2026-04-03 14:01:07,1900-01-00 00:00:00,1019-wombat,B8:27:EB:7C:81:10,-73, WPA ,0.000000,0.000000,0.000,0.000,AP
2026-04-03 14:01:07,1900-01-00 00:00:00,1019-wombat,B8:27:EB:7C:81:10,-59, WPA ,0.000000,0.000000,0.000,0.000,AP
2026-04-03 14:01:07,1900-01-00 00:00:00,1019-wombat,B8:27:EB:7C:81:10,-72, WPA ,0.000000,0.000000,0.000,0.000,AP
2026-04-03 14:01:07,1900-01-00 00:00:00,1019-wombat,B8:27:EB:7C:81:10,-57, WPA ,0.000000,0.000000,0.000,0.000,AP
2026-04-03 14:01:07,1900-01-00 00:00:00,1019-wombat,B8:27:EB:7C:81:10,-56, WPA ,0.000000,0.000000,0.000,0.000,AP
2026-04-03 14:01:07,1900-01-00 00:00:00,1019-wombat,B8:27:EB:7C:81:10,-73, WPA ,0.000000,0.000000,0.000,0.000,AP
2026-04-03 14:01:07,1900-01-00 00:00:00,1019-wombat,B8:27:EB:7C:81:10,-73, WPA ,0.000000,0.000000,0.000,0.000,AP
2026-04-03 14:01:07,1900-01-00 00:00:00,1019-wombat,B8:27:EB:7C:81:10,-72, WPA ,0.000000,0.000000,0.000,0.000,AP
2026-04-03 14:01:07,1900-01-00 00:00:00,1019-wombat,B8:27:EB:7C:81:10,-72, WPA ,0.000000,0.000000,0.000,0.000,AP
2026-04-03 14:01:07,1900-01-00 00:00:00,1019-wombat,B8:27:EB:7C:81:10,-73, WPA ,0.000000,0.000000,0.000,0.000,AP
2026-04-03 14:01:07,1900-01-00 00:00:00,1019-wombat,B8:27:EB:7C:81:10,-72, WPA ,0.000000,0.000000,0.000,0.000,AP
2026-04-03 14:01:07,1900-01-00 00:00:00,1019-wombat,B8:27:EB:7C:81:10,-72, WPA ,0.000000,0.000000,0.000,0.000,AP
2026-04-03 14:01:07,1900-01-00 00:00:00,1019-wombat,B8:27:EB:7C:81:10,-63, WPA ,0.000000,0.000000,0.000,0.000,AP
2026-04-03 14:01:07,1900-01-00 00:00:00,1019-wombat,B8:27:EB:7C:81:10,-63, WPA ,0.000000,0.000000,0.000,0.000,AP
2026-04-03 14:01:07,1900-01-00 00:00:00,1019-wombat,B8:27:EB:7C:81:10,-60, WPA ,0.000000,0.000000,0.000,0.000,AP
2026-04-03 14:01:07,1900-01-00 00:00:00,1019-wombat,B8:27:EB:7C:81:10,-60, WPA ,0.000000,0.000000,0.000,0.000,AP
2026-04-03 14:01:07,1900-01-00 00:00:00,1019-wombat,B8:27:EB:7C:81:10,-60, WPA ,0.000000,0.000000,0.000,0.000,AP
2026-04-03 14:01:07,1900-01-00 00:00:00,1019-wombat,B8:27:EB:7C:81:10,-73, WPA ,0.000000,0.000000,0.000,0.000,AP
2026-04-03 14:01:07,1900-01-00 00:00:00,1019-wombat,B8:27:EB:7C:81:10,-73, WPA ,0.000000,0.000000,0.000,0.000,AP
2026-04-03 14:01:07,1900-01-00 00:00:00,1019-wombat,B8:27:EB:7C:81:10,-73, WPA ,0.000000,0.000000,0.000,0.000,AP
2026-04-03 14:01:07,1900-01-00 00:00:00,1019-wombat,B8:27:EB:7C:81:10,-43, WPA ,0.000000,0.000000,0.000,0.000,AP
2026-04-03 14:01:07,1900-01-00 00:00:00,1019-wombat,B8:27:EB:7C:81:10,-63, WPA ,0.000000,0.000000,0.000,0.000,AP
2026-04-03 14:01:07,1900-01-00 00:00:00,1019-wombat,B8:27:EB:7C:81:10,-63, WPA ,0.000000,0.000000,0.000,0.000,AP
2026-04-03 14:01:07,1900-01-00 00:00:00,1019-wombat,B8:27:EB:7C:81:10,-61, WPA ,0.000000,0.000000,0.000,0.000,AP
2026-04-03 14:01:07,1900-01-00 00:00:00,1019-wombat,B8:27:EB:7C:81:10,-59, WPA ,0.000000,0.000000,0.000,0.000,AP
2026-04-03 14:01:07,1900-01-00 00:00:00,1019-wombat,B8:27:EB:7C:81:10,-59, WPA ,0.000000,0.000000,0.000,0.000,AP
2026-04-03 14:01:07,1900-01-00 00:00:00,1019-wombat,B8:27:EB:7C:81:10,-59, WPA ,0.000000,0.000000,0.000,0.000,AP
2026-04-03 14:01:07,1900-01-00 00:00:00,1019-wombat,B8:27:EB:7C:81:10,-59, WPA ,0.000000,0.000000,0.000,0.000,AP
2026-04-03 14:01:07,1900-01-00 00:00:00,1019-wombat,B8:27:EB:7C:81:10,-63, WPA ,0.000000,0.000000,0.000,0.000,AP
2026-04-03 14:01:07,1900-01-00 00:00:00,1019-wombat,B8:27:EB:7C:81:10,-63, WPA ,0.000000,0.000000,0.000,0.000,AP
2026-04-03 14:01:07,1900-01-00 00:00:00,1019-wombat,B8:27:EB:7C:81:10,-60, WPA ,0.000000,0.000000,0.000,0.000,AP
2026-04-03 14:01:07,1900-01-00 00:00:00,1019-wombat,B8:27:EB:7C:81:10,-60, WPA ,0.000000,0.000000,0.000,0.000,AP
2026-04-03 14:01:07,1900-01-00 00:00:00,1019-wombat,B8:27:EB:7C:81:10,-60, WPA ,0.000000,0.000000,0.000,0.000,AP
2026-04-03 14:01:07,1900-01-00 00:00:00,1019-wombat,B8:27:EB:7C:81:10,-60, WPA ,0.000000,0.000000,0.000,0.000,AP
2026-04-03 14:01:07,1900-01-00 00:00:00,1019-wombat,B8:27:EB:7C:81:10,-60, WPA ,0.000000,0.000000,0.000,0.000,AP
2026-04-03 14:01:07,1900-01-00 00:00:00,1019-wombat,B8:27:EB:7C:81:10,-60, WPA ,0.000000,0.000000,0.000,0.000,AP
2026-04-03 14:01:07,1900-01-00 00:00:00,1019-wombat,B8:27:EB:7C:81:10,-42, WPA ,0.000000,0.000000,0.000,0.000,AP
2026-04-03 14:01:07,1900-01-00 00:00:00,1019-wombat,B8:27:EB:7C:81:10,-42, WPA ,0.000000,0.000000,0.000,0.000,AP
2026-04-03 14:01:07,1900-01-00 00:00:00,1019-wombat,B8:27:EB:7C:81:10,-42, WPA ,0.000000,0.000000,0.000,0.000,AP
2026-04-03 14:01:07,1900-01-00 00:00:00,1019-wombat,B8:27:EB:7C:81:10,-42, WPA ,0.000000,0.000000,0.000,0.000,AP
2026-04-03 14:01:07,1900-01-00 00:00:00,1019-wombat,B8:27:EB:7C:81:10,-59, WPA ,0.000000,0.000000,0.000,0.000,AP
2026-04-03 14:01:07,1900-01-00 00:00:00,1019-wombat,B8:27:EB:7C:81:10,-59, WPA ,0.000000,0.000000,0.000,0.000,AP
2026-04-03 14:01:07,1900-01-00 00:00:00,1019-wombat,B8:27:EB:7C:81:10,-61, WPA ,0.000000,0.000000,0.000,0.000,AP
2026-04-03 14:01:07,1900-01-00 00:00:00,1019-wombat,B8:27:EB:7C:81:10,-61, WPA ,0.000000,0.000000,0.000,0.000,AP
2026-04-03 14:01:07,1900-01-00 00:00:00,1019-wombat,B8:27:EB:7C:81:10,-61, WPA ,0.000000,0.000000,0.000,0.000,AP
2026-04-03 14:01:07,1900-01-00 00:00:00,1019-wombat,B8:27:EB:7C:81:10,-48, WPA ,0.000000,0.000000,0.000,0.000,AP
2026-04-03 14:01:07,1900-01-00 00:00:00,1019-wombat,B8:27:EB:7C:81:10,-48, WPA ,0.000000,0.000000,0.000,0.000,AP
2026-04-03 14:01:07,1900-01-00 00:00:00,1019-wombat,B8:27:EB:7C:81:10,-42, WPA ,0.000000,0.000000,0.000,0.000,AP
2026-04-03 14:01:07,1900-01-00 00:00:00,1019-wombat,B8:27:EB:7C:81:10,-42, WPA ,0.000000,0.000000,0.000,0.000,AP
2026-04-03 14:01:07,1900-01-00 00:00:00,1019-wombat,B8:27:EB:7C:81:10,-42, WPA ,0.000000,0.000000,0.000,0.000,AP
2026-04-03 14:01:07,1900-01-00 00:00:00,1019-wombat,B8:27:EB:7C:81:10,-42, WPA ,0.000000,0.000000,0.000,0.000,AP
2026-04-03 14:01:07,1900-01-00 00:00:00,1019-wombat,B8:27:EB:7C:81:10,-42, WPA ,0.000000,0.000000,0.000,0.000,AP
2026-04-03 14:01:07,1900-01-00 00:00:00,1019-wombat,B8:27:EB:7C:81:10,-42, WPA ,0.000000,0.000000,0.000,0.000,AP
2026-04-03 14:01:07,1900-01-00 00:00:00,1019-wombat,B8:27:EB:7C:81:10,-42, WPA ,0.000000,0.000000,0.000,0.000,AP
2026-04-03 14:01:07,1900-01-00 00:00:00,1019-wombat,B8:27:EB:7C:81:10,-42, WPA ,0.000000,0.000000,0.000,0.000,AP
2026-04-03 14:01:07,1900-01-00 00:00:00,1019-wombat,B8:27:EB:7C:81:10,-42, WPA ,0.000000,0.000000,0.000,0.000,AP
2026-04-03 14:01:07,1900-01-00 00:00:00,1019-wombat,B8:27:EB:7C:81:10,-42, WPA ,0.000000,0.000000,0.000,0.000,AP
2026-04-03 14:01:07,1900-01-00 00:00:00,1019-wombat,B8:27:EB:7C:81:10,-42, WPA ,0.000000,0.000000,0.000,0.000,AP
2026-04-03 14:01:07,1900-01-00 00:00:00,1019-wombat,B8:27:EB:7C:81:10,-42, WPA ,0.000000,0.000000,0.000,0.000,AP
2026-04-03 14:01:07,1900-01-00 00:00:00,1019-wombat,B8:27:EB:7C:81:10,-42, WPA ,0.000000,0.000000,0.000,0.000,AP
2026-04-03 14:01:07,1900-01-00 00:00:00,1019-wombat,B8:27:EB:7C:81:10,-42, WPA ,0.000000,0.000000,0.000,0.000,AP
2026-04-03 14:01:07,1900-01-00 00:00:00,1019-wombat,B8:27:EB:7C:81:10,-42, WPA ,0.000000,0.000000,0.000,0.000,AP
2026-04-03 14:01:07,1900-01-00 00:00:00,1019-wombat,B8:27:EB:7C:81:10,-42, WPA ,0.000000,0.000000,0.000,0.000,AP
2026-04-03 14:01:07,1900-01-00 00:00:00,1019-wombat,B8:27:EB:7C:81:10,-42, WPA ,0.000000,0.000000,0.000,0.000,AP
2026-04-03 14:01:07,1900-01-00 00:00:00,1019-wombat,B8:27:EB:7C:81:10,-42, WPA ,0.000000,0.000000,0.000,0.000,AP
2026-04-03 14:01:07,1900-01-00 00:00:00,1019-wombat,B8:27:EB:7C:81:10,-42, WPA ,0.000000,0.000000,0.000,0.000,AP
2026-04-03 14:01:07,1900-01-00 00:00:00,1019-wombat,B8:27:EB:7C:81:10,-42, WPA ,0.000000,0.000000,0.000,0.000,AP
2026-04-03 14:01:07,1900-01-00 00:00:00,1019-wombat,B8:27:EB:7C:81:10,-59, WPA ,0.000000,0.000000,0.000,0.000,AP
2026-04-03 14:01:07,1900-01-00 00:00:00,1019-wombat,B8:27:EB:7C:81:10,-59, WPA ,0.000000,0.000000,0.000,0.000,AP
2026-04-03 14:01:07,1900-01-00 00:00:00,1019-wombat,B8:27:EB:7C:81:10,-56, WPA ,0.000000,0.000000,0.000,0.000,AP
2026-04-03 14:01:07,1900-01-00 00:00:00,1019-wombat,B8:27:EB:7C:81:10,-56, WPA ,0.000000,0.000000,0.000,0.000,AP
2026-04-03 14:01:07,1900-01-00 00:00:00,1019-wombat,B8:27:EB:7C:81:10,-56, WPA ,0.000000,0.000000,0.000,0.000,AP
2026-04-03 14:01:07,1900-01-00 00:00:00,1019-wombat,B8:27:EB:7C:81:10,-58, WPA ,0.000000,0.000000,0.000,0.000,AP
2026-04-03 14:01:07,1900-01-00 00:00:00,1019-wombat,B8:27:EB:7C:81:10,-58, WPA ,0.000000,0.000000,0.000,0.000,AP
2026-04-03 14:01:07,1900-01-00 00:00:00,1019-wombat,B8:27:EB:7C:81:10,-58, WPA ,0.000000,0.000000,0.000,0.000,AP
2026-04-03 14:01:07,1900-01-00 00:00:00,1019-wombat,B8:27:EB:7C:81:10,-58, WPA ,0.000000,0.000000,0.000,0.000,AP
2026-04-03 14:01:07,1900-01-00 00:00:00,1019-wombat,B8:27:EB:7C:81:10,-58, WPA ,0.000000,0.000000,0.000,0.000,AP
2026-04-03 14:01:07,1900-01-00 00:00:00,1019-wombat,B8:27:EB:7C:81:10,-58, WPA ,0.000000,0.000000,0.000,0.000,AP
2026-04-03 14:01:07,1900-01-00 00:00:00,1019-wombat,B8:27:EB:7C:81:10,-63, WPA ,0.000000,0.000000,0.000,0.000,AP
2026-04-03 14:01:07,1900-01-00 00:00:00,1019-wombat,B8:27:EB:7C:81:10,-63, WPA ,0.000000,0.000000,0.000,0.000,AP
2026-04-03 14:01:07,1900-01-00 00:00:00,1019-wombat,B8:27:EB:7C:81:10,-63, WPA ,0.000000,0.000000,0.000,0.000,AP
2026-04-03 14:01:07,1900-01-00 00:00:00,1019-wombat,B8:27:EB:7C:81:10,-63, WPA ,0.000000,0.000000,0.000,0.000,AP
2026-04-03 14:01:07,1900-01-00 00:00:00,1019-wombat,B8:27:EB:7C:81:10,-63, WPA ,0.000000,0.000000,0.000,0.000,AP
2026-04-03 14:01:07,1900-01-00 00:00:00,1019-wombat,B8:27:EB:7C:81:10,-63, WPA ,0.000000,0.000000,0.000,0.000,AP
2026-04-03 14:01:07,1900-01-00 00:00:00,1019-wombat,B8:27:EB:7C:81:10,-63, WPA ,0.000000,0.000000,0.000,0.000,AP
2026-04-03 14:01:07,1900-01-00 00:00:00,1019-wombat,B8:27:EB:7C:81:10,-63, WPA ,0.000000,0.000000,0.000,0.000,AP
2026-04-03 14:01:07,1900-01-00 00:00:00,1019-wombat,B8:27:EB:7C:81:10,-42, WPA ,0.000000,0.000000,0.000,0.000,AP
2026-04-03 14:01:07,1900-01-00 00:00:00,1019-wombat,B8:27:EB:7C:81:10,-42, WPA ,0.000000,0.000000,0.000,0.000,AP
2026-04-03 14:01:07,1900-01-00 00:00:00,1019-wombat,B8:27:EB:7C:81:10,-42, WPA ,0.000000,0.000000,0.000,0.000,AP
2026-04-03 14:01:07,1900-01-00 00:00:00,1019-wombat,B8:27:EB:7C:81:10,-42, WPA ,0.000000,0.000000,0.000,0.000,AP
2026-04-03 14:01:07,1900-01-00 00:00:00,1019-wombat,B8:27:EB:7C:81:10,-42, WPA ,0.000000,0.000000,0.000,0.000,AP
2026-04-03 14:01:07,1900-01-00 00:00:00,1019-wombat,B8:27:EB:7C:81:10,-42, WPA ,0.000000,0.000000,0.000,0.000,AP
2026-04-03 14:01:07,1900-01-00 00:00:00,1019-wombat,B8:27:EB:7C:81:10,-42, WPA ,0.000000,0.000000,0.000,0.000,AP
2026-04-03 14:01:07,1900-01-00 00:00:00,1019-wombat,B8:27:EB:7C:81:10,-60, WPA ,0.000000,0.000000,0.000,0.000,AP
2026-04-03 14:01:07,1900-01-00 00:00:00,1019-wombat,B8:27:EB:7C:81:10,-60, WPA ,0.000000,0.000000,0.000,0.000,AP
2026-04-03 14:01:07,1900-01-00 00:00:00,1019-wombat,B8:27:EB:7C:81:10,-60, WPA ,0.000000,0.000000,0.000,0.000,AP
2026-04-03 14:01:07,1900-01-00 00:00:00,1019-wombat,B8:27:EB:7C:81:10,-60, WPA ,0.000000,0.000000,0.000,0.000,AP
2026-04-03 14:01:07,1900-01-00 00:00:00,1019-wombat,B8:27:EB:7C:81:10,-60, WPA ,0.000000,0.000000,0.000,0.000,AP
2026-04-03 14:01:07,1900-01-00 00:00:00,1019-wombat,B8:27:EB:7C:81:10,-60, WPA ,0.000000,0.000000,0.000,0.000,AP
2026-04-03 14:01:07,1900-01-00 00:00:00,1019-wombat,B8:27:EB:7C:81:10,-60, WPA ,0.000000,0.000000,0.000,0.000,AP
2026-04-03 14:01:07,1900-01-00 00:00:00,1019-wombat,B8:27:EB:7C:81:10,-48, WPA ,0.000000,0.000000,0.000,0.000,AP
2026-04-03 14:01:07,1900-01-00 00:00:00,1019-wombat,B8:27:EB:7C:81:10,-48, WPA ,0.000000,0.000000,0.000,0.000,AP
2026-04-03 14:01:07,1900-01-00 00:00:00,1019-wombat,B8:27:EB:7C:81:10,-48, WPA ,0.000000,0.000000,0.000,0.000,AP
2026-04-03 14:01:07,1900-01-00 00:00:00,1019-wombat,B8:27:EB:7C:81:10,-42, WPA ,0.000000,0.000000,0.000,0.000,AP
2026-04-03 14:01:07,1900-01-00 00:00:00,1019-wombat,B8:27:EB:7C:81:10,-42, WPA ,0.000000,0.000000,0.000,0.000,AP
2026-04-03 14:01:07,1900-01-00 00:00:00,1019-wombat,B8:27:EB:7C:81:10,-42, WPA ,0.000000,0.000000,0.000,0.000,AP
2026-04-03 14:01:07,1900-01-00 00:00:00,1019-wombat,B8:27:EB:7C:81:10,-42, WPA ,0.000000,0.000000,0.000,0.000,AP
2026-04-03 14:01:07,1900-01-00 00:00:00,1019-wombat,B8:27:EB:7C:81:10,-42, WPA ,0.000000,0.000000,0.000,0.000,AP
2026-04-03 14:01:07,1900-01-00 00:00:00,1019-wombat,B8:27:EB:7C:81:10,-42, WPA ,0.000000,0.000000,0.000,0.000,AP
2026-04-03 14:01:07,1900-01-00 00:00:00,1019-wombat,B8:27:EB:7C:81:10,-42, WPA ,0.000000,0.000000,0.000,0.000,AP
2026-04-03 14:01:07,1900-01-00 00:00:00,1019-wombat,B8:27:EB:7C:81:10,-42, WPA ,0.000000,0.000000,0.000,0.000,AP
2026-04-03 14:01:07,1900-01-00 00:00:00,1019-wombat,B8:27:EB:7C:81:10,-42, WPA ,0.000000,0.000000,0.000,0.000,AP
2026-04-03 14:01:07,1900-01-00 00:00:00,1019-wombat,B8:27:EB:7C:81:10,-42, WPA ,0.000000,0.000000,0.000,0.000,AP
2026-04-03 14:01:07,1900-01-00 00:00:00,1019-wombat,B8:27:EB:7C:81:10,-42, WPA ,0.000000,0.000000,0.000,0.000,AP
2026-04-03 14:01:07,1900-01-00 00:00:00,1019-wombat,B8:27:EB:7C:81:10,-42, WPA ,0.000000,0.000000,0.000,0.000,AP
2026-04-03 14:01:07,1900-01-00 00:00:00,1019-wombat,B8:27:EB:7C:81:10,-42, WPA ,0.000000,0.000000,0.000,0.000,AP
2026-04-03 14:01:07,1900-01-00 00:00:00,1019-wombat,B8:27:EB:7C:81:10,-42, WPA ,0.000000,0.000000,0.000,0.000,AP
2026-04-03 14:01:07,1900-01-00 00:00:00,1019-wombat,B8:27:EB:7C:81:10,-59, WPA ,0.000000,0.000000,0.000,0.000,AP
2026-04-03 14:01:07,1900-01-00 00:00:00,1019-wombat,B8:27:EB:7C:81:10,-59, WPA ,0.000000,0.000000,0.000,0.000,AP
2026-04-03 14:01:07,1900-01-00 00:00:00,1019-wombat,B8:27:EB:7C:81:10,-56, WPA ,0.000000,0.000000,0.000,0.000,AP
2026-04-03 14:01:07,1900-01-00 00:00:00,1019-wombat,B8:27:EB:7C:81:10,-55, WPA ,0.000000,0.000000,0.000,0.000,AP
2026-04-03 14:01:07,1900-01-00 00:00:00,1019-wombat,B8:27:EB:7C:81:10,-55, WPA ,0.000000,0.000000,0.000,0.000,AP
2026-04-03 14:01:07,1900-01-00 00:00:00,1019-wombat,B8:27:EB:7C:81:10,-59, WPA ,0.000000,0.000000,0.000,0.000,AP
2026-04-03 14:01:07,1900-01-00 00:00:00,1019-wombat,B8:27:EB:7C:81:10,-59, WPA ,0.000000,0.000000,0.000,0.000,AP
2026-04-03 14:01:07,1900-01-00 00:00:00,1019-wombat,B8:27:EB:7C:81:10,-42, WPA ,0.000000,0.000000,0.000,0.000,AP
2026-04-03 14:01:07,1900-01-00 00:00:00,1019-wombat,B8:27:EB:7C:81:10,-42, WPA ,0.000000,0.000000,0.000,0.000,AP
2026-04-03 14:01:07,1900-01-00 00:00:00,1019-wombat,B8:27:EB:7C:81:10,-42, WPA ,0.000000,0.000000,0.000,0.000,AP
2026-04-03 14:01:07,1900-01-00 00:00:00,1019-wombat,B8:27:EB:7C:81:10,-42, WPA ,0.000000,0.000000,0.000,0.000,AP
2026-04-03 14:01:08,1900-01-00 00:00:00,1019-wombat,B8:27:EB:7C:81:10,-42, WPA ,0.000000,0.000000,0.000,0.000,AP
2026-04-03 14:01:08,1900-01-00 00:00:00,1019-wombat,B8:27:EB:7C:81:10,-42, WPA ,0.000000,0.000000,0.000,0.000,AP
2026-04-03 14:01:08,1900-01-00 00:00:00,1019-wombat,B8:27:EB:7C:81:10,-42, WPA ,0.000000,0.000000,0.000,0.000,AP
2026-04-03 14:01:08,1900-01-00 00:00:00,1019-wombat,B8:27:EB:7C:81:10,-42, WPA ,0.000000,0.000000,0.000,0.000,AP
2026-04-03 14:01:08,1900-01-00 00:00:00,1019-wombat,B8:27:EB:7C:81:10,-42, WPA ,0.000000,0.000000,0.000,0.000,AP
2026-04-03 14:01:08,1900-01-00 00:00:00,1019-wombat,B8:27:EB:7C:81:10,-42, WPA ,0.000000,0.000000,0.000,0.000,AP
2026-04-03 14:01:08,1900-01-00 00:00:00,1019-wombat,B8:27:EB:7C:81:10,-42, WPA ,0.000000,0.000000,0.000,0.000,AP
2026-04-03 14:01:08,1900-01-00 00:00:00,1019-wombat,B8:27:EB:7C:81:10,-42, WPA ,0.000000,0.000000,0.000,0.000,AP
2026-04-03 14:01:08,1900-01-00 00:00:00,1019-wombat,B8:27:EB:7C:81:10,-42, WPA ,0.000000,0.000000,0.000,0.000,AP
2026-04-03 14:01:08,1900-01-00 00:00:00,1019-wombat,B8:27:EB:7C:81:10,-42, WPA ,0.000000,0.000000,0.000,0.000,AP
2026-04-03 14:01:08,1900-01-00 00:00:00,1019-wombat,B8:27:EB:7C:81:10,-42, WPA ,0.000000,0.000000,0.000,0.000,AP
2026-04-03 14:01:08,1900-01-00 00:00:00,1019-wombat,B8:27:EB:7C:81:10,-42, WPA ,0.000000,0.000000,0.000,0.000,AP
2026-04-03 14:01:08,1900-01-00 00:00:00,1019-wombat,B8:27:EB:7C:81:10,-59, WPA ,0.000000,0.000000,0.000,0.000,AP
2026-04-03 14:01:08,1900-01-00 00:00:00,1019-wombat,B8:27:EB:7C:81:10,-59, WPA ,0.000000,0.000000,0.000,0.000,AP
2026-04-03 14:01:08,1900-01-00 00:00:00,1019-wombat,B8:27:EB:7C:81:10,-60, WPA ,0.000000,0.000000,0.000,0.000,AP
2026-04-03 14:01:08,1900-01-00 00:00:00,1019-wombat,B8:27:EB:7C:81:10,-60, WPA ,0.000000,0.000000,0.000,0.000,AP
2026-04-03 14:01:08,1900-01-00 00:00:00,1019-wombat,B8:27:EB:7C:81:10,-60, WPA ,0.000000,0.000000,0.000,0.000,AP
2026-04-03 14:01:08,1900-01-00 00:00:00,1019-wombat,B8:27:EB:7C:81:10,-60, WPA ,0.000000,0.000000,0.000,0.000,AP
2026-04-03 14:01:08,1900-01-00 00:00:00,1019-wombat,B8:27:EB:7C:81:10,-60, WPA ,0.000000,0.000000,0.000,0.000,AP
2026-04-03 14:01:08,1900-01-00 00:00:00,1019-wombat,B8:27:EB:7C:81:10,-60, WPA ,0.000000,0.000000,0.000,0.000,AP
2026-04-03 14:01:08,1900-01-00 00:00:00,1019-wombat,B8:27:EB:7C:81:10,-60, WPA ,0.000000,0.000000,0.000,0.000,AP
2026-04-03 14:01:08,1900-01-00 00:00:00,1019-wombat,B8:27:EB:7C:81:10,-60, WPA ,0.000000,0.000000,0.000,0.000,AP
2026-04-03 14:01:08,1900-01-00 00:00:00,1019-wombat,B8:27:EB:7C:81:10,-60, WPA ,0.000000,0.000000,0.000,0.000,AP
2026-04-03 14:01:08,1900-01-00 00:00:00,1019-wombat,B8:27:EB:7C:81:10,-60, WPA ,0.000000,0.000000,0.000,0.000,AP
2026-04-03 14:01:08,1900-01-00 00:00:00,1019-wombat,B8:27:EB:7C:81:10,-60, WPA ,0.000000,0.000000,0.000,0.000,AP
2026-04-03 14:01:08,1900-01-00 00:00:00,1019-wombat,B8:27:EB:7C:81:10,-60, WPA ,0.000000,0.000000,0.000,0.000,AP
2026-04-03 14:01:08,1900-01-00 00:00:00,1019-wombat,B8:27:EB:7C:81:10,-63, WPA ,0.000000,0.000000,0.000,0.000,AP
2026-04-03 14:01:08,1900-01-00 00:00:00,1019-wombat,B8:27:EB:7C:81:10,-63, WPA ,0.000000,0.000000,0.000,0.000,AP
2026-04-03 14:01:08,1900-01-00 00:00:00,1019-wombat,B8:27:EB:7C:81:10,-60, WPA ,0.000000,0.000000,0.000,0.000,AP
2026-04-03 14:01:08,1900-01-00 00:00:00,1019-wombat,B8:27:EB:7C:81:10,-60, WPA ,0.000000,0.000000,0.000,0.000,AP
2026-04-03 14:01:08,1900-01-00 00:00:00,1019-wombat,B8:27:EB:7C:81:10,-60, WPA ,0.000000,0.000000,0.000,0.000,AP
2026-04-03 14:01:08,1900-01-00 00:00:00,1019-wombat,B8:27:EB:7C:81:10,-60, WPA ,0.000000,0.000000,0.000,0.000,AP
2026-04-03 14:01:08,1900-01-00 00:00:00,1019-wombat,B8:27:EB:7C:81:10,-60, WPA ,0.000000,0.000000,0.000,0.000,AP
2026-04-03 14:01:08,1900-01-00 00:00:00,1019-wombat,B8:27:EB:7C:81:10,-60, WPA ,0.000000,0.000000,0.000,0.000,AP
2026-04-03 14:01:08,1900-01-00 00:00:00,1019-wombat,B8:27:EB:7C:81:10,-60, WPA ,0.000000,0.000000,0.000,0.000,AP
2026-04-03 14:01:08,1900-01-00 00:00:00,1019-wombat,B8:27:EB:7C:81:10,-60, WPA ,0.000000,0.000000,0.000,0.000,AP
2026-04-03 14:01:08,1900-01-00 00:00:00,1019-wombat,B8:27:EB:7C:81:10,-60, WPA ,0.000000,0.000000,0.000,0.000,AP
2026-04-03 14:01:08,1900-01-00 00:00:00,1019-wombat,B8:27:EB:7C:81:10,-60, WPA ,0.000000,0.000000,0.000,0.000,AP
2026-04-03 14:01:08,1900-01-00 00:00:00,1019-wombat,B8:27:EB:7C:81:10,-60, WPA ,0.000000,0.000000,0.000,0.000,AP
2026-04-03 14:01:08,1900-01-00 00:00:00,1019-wombat,B8:27:EB:7C:81:10,-60, WPA ,0.000000,0.000000,0.000,0.000,AP
2026-04-03 14:01:08,1900-01-00 00:00:00,1019-wombat,B8:27:EB:7C:81:10,-60, WPA ,0.000000,0.000000,0.000,0.000,AP
2026-04-03 14:01:08,1900-01-00 00:00:00,1019-wombat,B8:27:EB:7C:81:10,-60, WPA ,0.000000,0.000000,0.000,0.000,AP
2026-04-03 14:01:08,1900-01-00 00:00:00,1019-wombat,B8:27:EB:7C:81:10,-42, WPA ,0.000000,0.000000,0.000,0.000,AP
2026-04-03 14:01:08,1900-01-00 00:00:00,1019-wombat,B8:27:EB:7C:81:10,-42, WPA ,0.000000,0.000000,0.000,0.000,AP
2026-04-03 14:01:08,1900-01-00 00:00:00,1019-wombat,B8:27:EB:7C:81:10,-42, WPA ,0.000000,0.000000,0.000,0.000,AP
2026-04-03 14:01:08,1900-01-00 00:00:00,1019-wombat,B8:27:EB:7C:81:10,-42, WPA ,0.000000,0.000000,0.000,0.000,AP
2026-04-03 14:01:08,1900-01-00 00:00:00,1019-wombat,B8:27:EB:7C:81:10,-42, WPA ,0.000000,0.000000,0.000,0.000,AP
2026-04-03 14:01:08,1900-01-00 00:00:00,1019-wombat,B8:27:EB:7C:81:10,-42, WPA ,0.000000,0.000000,0.000,0.000,AP
2026-04-03 14:01:08,1900-01-00 00:00:00,1019-wombat,B8:27:EB:7C:81:10,-42, WPA ,0.000000,0.000000,0.000,0.000,AP
2026-04-03 14:01:08,1900-01-00 00:00:00,1019-wombat,B8:27:EB:7C:81:10,-42, WPA ,0.000000,0.000000,0.000,0.000,AP
2026-04-03 14:01:08,1900-01-00 00:00:00,1019-wombat,B8:27:EB:7C:81:10,-42, WPA ,0.000000,0.000000,0.000,0.000,AP
2026-04-03 14:01:08,1900-01-00 00:00:00,1019-wombat,B8:27:EB:7C:81:10,-42, WPA ,0.000000,0.000000,0.000,0.000,AP
2026-04-03 14:01:08,1900-01-00 00:00:00,1019-wombat,B8:27:EB:7C:81:10,-59, WPA ,0.000000,0.000000,0.000,0.000,AP
2026-04-03 14:01:08,1900-01-00 00:00:00,1019-wombat,B8:27:EB:7C:81:10,-48, WPA ,0.000000,0.000000,0.000,0.000,AP
2026-04-03 14:01:08,1900-01-00 00:00:00,1019-wombat,B8:27:EB:7C:81:10,-48, WPA ,0.000000,0.000000,0.000,0.000,AP
2026-04-03 14:01:08,1900-01-00 00:00:00,1019-wombat,B8:27:EB:7C:81:10,-48, WPA ,0.000000,0.000000,0.000,0.000,AP
2026-04-03 14:01:08,1900-01-00 00:00:00,1019-wombat,B8:27:EB:7C:81:10,-56, WPA ,0.000000,0.000000,0.000,0.000,AP
2026-04-03 14:01:08,1900-01-00 00:00:00,1019-wombat,B8:27:EB:7C:81:10,-43, WPA ,0.000000,0.000000,0.000,0.000,AP
2026-04-03 14:01:08,1900-01-00 00:00:00,1019-wombat,B8:27:EB:7C:81:10,-43, WPA ,0.000000,0.000000,0.000,0.000,AP
2026-04-03 14:01:08,1900-01-00 00:00:00,1019-wombat,B8:27:EB:7C:81:10,-43, WPA ,0.000000,0.000000,0.000,0.000,AP
2026-04-03 14:01:08,1900-01-00 00:00:00,1019-wombat,B8:27:EB:7C:81:10,-43, WPA ,0.000000,0.000000,0.000,0.000,AP
2026-04-03 14:01:08,1900-01-00 00:00:00,1019-wombat,B8:27:EB:7C:81:10,-43, WPA ,0.000000,0.000000,0.000,0.000,AP
2026-04-03 14:01:08,1900-01-00 00:00:00,1019-wombat,B8:27:EB:7C:81:10,-43, WPA ,0.000000,0.000000,0.000,0.000,AP
2026-04-03 14:01:08,1900-01-00 00:00:00,1019-wombat,B8:27:EB:7C:81:10,-43, WPA ,0.000000,0.000000,0.000,0.000,AP
2026-04-03 14:01:08,1900-01-00 00:00:00,1019-wombat,B8:27:EB:7C:81:10,-63, WPA ,0.000000,0.000000,0.000,0.000,AP
2026-04-03 14:01:08,1900-01-00 00:00:00,1019-wombat,B8:27:EB:7C:81:10,-63, WPA ,0.000000,0.000000,0.000,0.000,AP
2026-04-03 14:01:08,1900-01-00 00:00:00,1019-wombat,B8:27:EB:7C:81:10,-63, WPA ,0.000000,0.000000,0.000,0.000,AP
2026-04-03 14:01:08,1900-01-00 00:00:00,1019-wombat,B8:27:EB:7C:81:10,-63, WPA ,0.000000,0.000000,0.000,0.000,AP
2026-04-03 14:01:08,1900-01-00 00:00:00,1019-wombat,B8:27:EB:7C:81:10,-63, WPA ,0.000000,0.000000,0.000,0.000,AP
2026-04-03 14:01:08,1900-01-00 00:00:00,1019-wombat,B8:27:EB:7C:81:10,-63, WPA ,0.000000,0.000000,0.000,0.000,AP
2026-04-03 14:01:08,1900-01-00 00:00:00,1019-wombat,B8:27:EB:7C:81:10,-63, WPA ,0.000000,0.000000,0.000,0.000,AP
2026-04-03 14:01:08,1900-01-00 00:00:00,1019-wombat,B8:27:EB:7C:81:10,-42, WPA ,0.000000,0.000000,0.000,0.000,AP
2026-04-03 14:01:08,1900-01-00 00:00:00,1019-wombat,B8:27:EB:7C:81:10,-42, WPA ,0.000000,0.000000,0.000,0.000,AP
2026-04-03 14:01:08,1900-01-00 00:00:00,1019-wombat,B8:27:EB:7C:81:10,-42, WPA ,0.000000,0.000000,0.000,0.000,AP
2026-04-03 14:01:08,1900-01-00 00:00:00,1019-wombat,B8:27:EB:7C:81:10,-42, WPA ,0.000000,0.000000,0.000,0.000,AP
2026-04-03 14:01:08,1900-01-00 00:00:00,1019-wombat,B8:27:EB:7C:81:10,-42, WPA ,0.000000,0.000000,0.000,0.000,AP
2026-04-03 14:01:08,1900-01-00 00:00:00,1019-wombat,B8:27:EB:7C:81:10,-42, WPA ,0.000000,0.000000,0.000,0.000,AP
2026-04-03 14:01:08,1900-01-00 00:00:00,1019-wombat,B8:27:EB:7C:81:10,-42, WPA ,0.000000,0.000000,0.000,0.000,AP
2026-04-03 14:01:08,1900-01-00 00:00:00,1019-wombat,B8:27:EB:7C:81:10,-60, WPA ,0.000000,0.000000,0.000,0.000,AP
2026-04-03 14:01:08,1900-01-00 00:00:00,1019-wombat,B8:27:EB:7C:81:10,-60, WPA ,0.000000,0.000000,0.000,0.000,AP
2026-04-03 14:01:08,1900-01-00 00:00:00,1019-wombat,B8:27:EB:7C:81:10,-60, WPA ,0.000000,0.000000,0.000,0.000,AP
2026-04-03 14:01:08,1900-01-00 00:00:00,1019-wombat,B8:27:EB:7C:81:10,-60, WPA ,0.000000,0.000000,0.000,0.000,AP
2026-04-03 14:01:08,1900-01-00 00:00:00,1019-wombat,B8:27:EB:7C:81:10,-60, WPA ,0.000000,0.000000,0.000,0.000,AP
2026-04-03 14:01:08,1900-01-00 00:00:00,1019-wombat,B8:27:EB:7C:81:10,-60, WPA ,0.000000,0.000000,0.000,0.000,AP
2026-04-03 14:01:08,1900-01-00 00:00:00,1019-wombat,B8:27:EB:7C:81:10,-60, WPA ,0.000000,0.000000,0.000,0.000,AP
2026-04-03 14:01:08,1900-01-00 00:00:00,1019-wombat,B8:27:EB:7C:81:10,-60, WPA ,0.000000,0.000000,0.000,0.000,AP
2026-04-03 14:01:08,1900-01-00 00:00:00,1019-wombat,B8:27:EB:7C:81:10,-60, WPA ,0.000000,0.000000,0.000,0.000,AP
2026-04-03 14:01:08,1900-01-00 00:00:00,1019-wombat,B8:27:EB:7C:81:10,-60, WPA ,0.000000,0.000000,0.000,0.000,AP
2026-04-03 14:01:08,1900-01-00 00:00:00,1019-wombat,B8:27:EB:7C:81:10,-60, WPA ,0.000000,0.000000,0.000,0.000,AP
2026-04-03 14:01:08,1900-01-00 00:00:00,1019-wombat,B8:27:EB:7C:81:10,-60, WPA ,0.000000,0.000000,0.000,0.000,AP
2026-04-03 14:01:08,1900-01-00 00:00:00,1019-wombat,B8:27:EB:7C:81:10,-60, WPA ,0.000000,0.000000,0.000,0.000,AP
2026-04-03 14:01:08,1900-01-00 00:00:00,1019-wombat,B8:27:EB:7C:81:10,-60, WPA ,0.000000,0.000000,0.000,0.000,AP
2026-04-03 14:01:08,1900-01-00 00:00:00,1019-wombat,B8:27:EB:7C:81:10,-60, WPA ,0.000000,0.000000,0.000,0.000,AP
2026-04-03 14:01:08,1900-01-00 00:00:00,1019-wombat,B8:27:EB:7C:81:10,-60, WPA ,0.000000,0.000000,0.000,0.000,AP
2026-04-03 14:01:08,1900-01-00 00:00:00,1019-wombat,B8:27:EB:7C:81:10,-60, WPA ,0.000000,0.000000,0.000,0.000,AP
2026-04-03 14:01:08,1900-01-00 00:00:00,1019-wombat,B8:27:EB:7C:81:10,-60, WPA ,0.000000,0.000000,0.000,0.000,AP
2026-04-03 14:01:08,1900-01-00 00:00:00,1019-wombat,B8:27:EB:7C:81:10,-60, WPA ,0.000000,0.000000,0.000,0.000,AP
2026-04-03 14:01:08,1900-01-00 00:00:00,1019-wombat,B8:27:EB:7C:81:10,-60, WPA ,0.000000,0.000000,0.000,0.000,AP
2026-04-03 14:01:08,1900-01-00 00:00:00,1019-wombat,B8:27:EB:7C:81:10,-60, WPA ,0.000000,0.000000,0.000,0.000,AP
2026-04-03 14:01:08,1900-01-00 00:00:00,1019-wombat,B8:27:EB:7C:81:10,-60, WPA ,0.000000,0.000000,0.000,0.000,AP
2026-04-03 14:01:08,1900-01-00 00:00:00,1019-wombat,B8:27:EB:7C:81:10,-60, WPA ,0.000000,0.000000,0.000,0.000,AP
2026-04-03 14:01:08,1900-01-00 00:00:00,1019-wombat,B8:27:EB:7C:81:10,-60, WPA ,0.000000,0.000000,0.000,0.000,AP
2026-04-03 14:01:08,1900-01-00 00:00:00,1019-wombat,B8:27:EB:7C:81:10,-58, WPA ,0.000000,0.000000,0.000,0.000,AP
2026-04-03 14:01:08,1900-01-00 00:00:00,1019-wombat,B8:27:EB:7C:81:10,-58, WPA ,0.000000,0.000000,0.000,0.000,AP
2026-04-03 14:01:08,1900-01-00 00:00:00,1019-wombat,B8:27:EB:7C:81:10,-58, WPA ,0.000000,0.000000,0.000,0.000,AP
2026-04-03 14:01:08,1900-01-00 00:00:00,1019-wombat,B8:27:EB:7C:81:10,-57, WPA ,0.000000,0.000000,0.000,0.000,AP
2026-04-03 14:01:08,1900-01-00 00:00:00,1019-wombat,B8:27:EB:7C:81:10,-49, WPA ,0.000000,0.000000,0.000,0.000,AP
2026-04-03 14:01:08,1900-01-00 00:00:00,1019-wombat,B8:27:EB:7C:81:10,-49, WPA ,0.000000,0.000000,0.000,0.000,AP
2026-04-03 14:01:08,1900-01-00 00:00:00,1019-wombat,B8:27:EB:7C:81:10,-42, WPA ,0.000000,0.000000,0.000,0.000,AP
2026-04-03 14:01:08,1900-01-00 00:00:00,1019-wombat,B8:27:EB:7C:81:10,-42, WPA ,0.000000,0.000000,0.000,0.000,AP
2026-04-03 14:01:08,1900-01-00 00:00:00,1019-wombat,B8:27:EB:7C:81:10,-42, WPA ,0.000000,0.000000,0.000,0.000,AP
2026-04-03 14:01:08,1900-01-00 00:00:00,1019-wombat,B8:27:EB:7C:81:10,-42, WPA ,0.000000,0.000000,0.000,0.000,AP
2026-04-03 14:01:08,1900-01-00 00:00:00,1019-wombat,B8:27:EB:7C:81:10,-42, WPA ,0.000000,0.000000,0.000,0.000,AP
2026-04-03 14:01:08,1900-01-00 00:00:00,1019-wombat,B8:27:EB:7C:81:10,-42, WPA ,0.000000,0.000000,0.000,0.000,AP
2026-04-03 14:01:08,1900-01-00 00:00:00,1019-wombat,B8:27:EB:7C:81:10,-63, WPA ,0.000000,0.000000,0.000,0.000,AP
2026-04-03 14:01:08,1900-01-00 00:00:00,1019-wombat,B8:27:EB:7C:81:10,-63, WPA ,0.000000,0.000000,0.000,0.000,AP
2026-04-03 14:01:08,1900-01-00 00:00:00,1019-wombat,B8:27:EB:7C:81:10,-63, WPA ,0.000000,0.000000,0.000,0.000,AP
2026-04-03 14:01:08,1900-01-00 00:00:00,1019-wombat,B8:27:EB:7C:81:10,-63, WPA ,0.000000,0.000000,0.000,0.000,AP
2026-04-03 14:01:08,1900-01-00 00:00:00,1019-wombat,B8:27:EB:7C:81:10,-63, WPA ,0.000000,0.000000,0.000,0.000,AP
2026-04-03 14:01:08,1900-01-00 00:00:00,1019-wombat,B8:27:EB:7C:81:10,-63, WPA ,0.000000,0.000000,0.000,0.000,AP
2026-04-03 14:01:08,1900-01-00 00:00:00,1019-wombat,B8:27:EB:7C:81:10,-63, WPA ,0.000000,0.000000,0.000,0.000,AP
2026-04-03 14:01:08,1900-01-00 00:00:00,1019-wombat,B8:27:EB:7C:81:10,-63, WPA ,0.000000,0.000000,0.000,0.000,AP
2026-04-03 14:01:08,1900-01-00 00:00:00,1019-wombat,B8:27:EB:7C:81:10,-42, WPA ,0.000000,0.000000,0.000,0.000,AP
2026-04-03 14:01:08,1900-01-00 00:00:00,1019-wombat,B8:27:EB:7C:81:10,-42, WPA ,0.000000,0.000000,0.000,0.000,AP
2026-04-03 14:01:08,1900-01-00 00:00:00,1019-wombat,B8:27:EB:7C:81:10,-42, WPA ,0.000000,0.000000,0.000,0.000,AP
2026-04-03 14:01:08,1900-01-00 00:00:00,1019-wombat,B8:27:EB:7C:81:10,-42, WPA ,0.000000,0.000000,0.000,0.000,AP
2026-04-03 14:01:08,1900-01-00 00:00:00,1019-wombat,B8:27:EB:7C:81:10,-42, WPA ,0.000000,0.000000,0.000,0.000,AP
2026-04-03 14:01:08,1900-01-00 00:00:00,1019-wombat,B8:27:EB:7C:81:10,-42, WPA ,0.000000,0.000000,0.000,0.000,AP
2026-04-03 14:01:08,1900-01-00 00:00:00,1019-wombat,B8:27:EB:7C:81:10,-60, WPA ,0.000000,0.000000,0.000,0.000,AP
2026-04-03 14:01:08,1900-01-00 00:00:00,1019-wombat,B8:27:EB:7C:81:10,-60, WPA ,0.000000,0.000000,0.000,0.000,AP
2026-04-03 14:01:08,1900-01-00 00:00:00,1019-wombat,B8:27:EB:7C:81:10,-60, WPA ,0.000000,0.000000,0.000,0.000,AP
2026-04-03 14:01:08,1900-01-00 00:00:00,1019-wombat,B8:27:EB:7C:81:10,-60, WPA ,0.000000,0.000000,0.000,0.000,AP
2026-04-03 14:01:08,1900-01-00 00:00:00,1019-wombat,B8:27:EB:7C:81:10,-60, WPA ,0.000000,0.000000,0.000,0.000,AP
2026-04-03 14:01:08,1900-01-00 00:00:00,1019-wombat,B8:27:EB:7C:81:10,-60, WPA ,0.000000,0.000000,0.000,0.000,AP
2026-04-03 14:01:08,1900-01-00 00:00:00,1019-wombat,B8:27:EB:7C:81:10,-60, WPA ,0.000000,0.000000,0.000,0.000,AP
2026-04-03 14:01:08,1900-01-00 00:00:00,1019-wombat,B8:27:EB:7C:81:10,-60, WPA ,0.000000,0.000000,0.000,0.000,AP
2026-04-03 14:01:08,1900-01-00 00:00:00,1019-wombat,B8:27:EB:7C:81:10,-60, WPA ,0.000000,0.000000,0.000,0.000,AP
2026-04-03 14:01:08,1900-01-00 00:00:00,1019-wombat,B8:27:EB:7C:81:10,-60, WPA ,0.000000,0.000000,0.000,0.000,AP
2026-04-03 14:01:08,1900-01-00 00:00:00,1019-wombat,B8:27:EB:7C:81:10,-60, WPA ,0.000000,0.000000,0.000,0.000,AP
2026-04-03 14:01:08,1900-01-00 00:00:00,1019-wombat,B8:27:EB:7C:81:10,-60, WPA ,0.000000,0.000000,0.000,0.000,AP
2026-04-03 14:01:08,1900-01-00 00:00:00,1019-wombat,B8:27:EB:7C:81:10,-60, WPA ,0.000000,0.000000,0.000,0.000,AP
2026-04-03 14:01:08,1900-01-00 00:00:00,1019-wombat,B8:27:EB:7C:81:10,-60, WPA ,0.000000,0.000000,0.000,0.000,AP
2026-04-03 14:01:08,1900-01-00 00:00:00,1019-wombat,B8:27:EB:7C:81:10,-60, WPA ,0.000000,0.000000,0.000,0.000,AP
2026-04-03 14:01:08,1900-01-00 00:00:00,1019-wombat,B8:27:EB:7C:81:10,-60, WPA ,0.000000,0.000000,0.000,0.000,AP
2026-04-03 14:01:08,1900-01-00 00:00:00,1019-wombat,B8:27:EB:7C:81:10,-60, WPA ,0.000000,0.000000,0.000,0.000,AP
2026-04-03 14:01:08,1900-01-00 00:00:00,1019-wombat,B8:27:EB:7C:81:10,-60, WPA ,0.000000,0.000000,0.000,0.000,AP
2026-04-03 14:01:08,1900-01-00 00:00:00,1019-wombat,B8:27:EB:7C:81:10,-60, WPA ,0.000000,0.000000,0.000,0.000,AP
2026-04-03 14:01:08,1900-01-00 00:00:00,1019-wombat,B8:27:EB:7C:81:10,-60, WPA ,0.000000,0.000000,0.000,0.000,AP
2026-04-03 14:01:08,1900-01-00 00:00:00,1019-wombat,B8:27:EB:7C:81:10,-60, WPA ,0.000000,0.000000,0.000,0.000,AP
2026-04-03 14:01:08,1900-01-00 00:00:00,1019-wombat,B8:27:EB:7C:81:10,-60, WPA ,0.000000,0.000000,0.000,0.000,AP
2026-04-03 14:01:08,1900-01-00 00:00:00,1019-wombat,B8:27:EB:7C:81:10,-60, WPA ,0.000000,0.000000,0.000,0.000,AP
2026-04-03 14:01:08,1900-01-00 00:00:00,1019-wombat,B8:27:EB:7C:81:10,-60, WPA ,0.000000,0.000000,0.000,0.000,AP
2026-04-03 14:01:08,1900-01-00 00:00:00,1019-wombat,B8:27:EB:7C:81:10,-60, WPA ,0.000000,0.000000,0.000,0.000,AP
2026-04-03 14:01:08,1900-01-00 00:00:00,1019-wombat,B8:27:EB:7C:81:10,-57, WPA ,0.000000,0.000000,0.000,0.000,AP
2026-04-03 14:01:08,1900-01-00 00:00:00,1019-wombat,B8:27:EB:7C:81:10,-57, WPA ,0.000000,0.000000,0.000,0.000,AP
2026-04-03 14:01:08,1900-01-00 00:00:00,1019-wombat,B8:27:EB:7C:81:10,-56, WPA ,0.000000,0.000000,0.000,0.000,AP
2026-04-03 14:01:08,1900-01-00 00:00:00,1019-wombat,B8:27:EB:7C:81:10,-56, WPA ,0.000000,0.000000,0.000,0.000,AP
2026-04-03 14:01:08,1900-01-00 00:00:00,1019-wombat,B8:27:EB:7C:81:10,-56, WPA ,0.000000,0.000000,0.000,0.000,AP
2026-04-03 14:01:08,1900-01-00 00:00:00,1019-wombat,B8:27:EB:7C:81:10,-63, WPA ,0.000000,0.000000,0.000,0.000,AP
2026-04-03 14:01:08,1900-01-00 00:00:00,,C4:CB:76:AF:5C:A8,-59,,0.000000,0.000000,0.000,0.000,Client
2026-04-03 14:01:08,1900-01-00 00:00:00,1019-wombat,B8:27:EB:7C:81:10,-62, WPA ,0.000000,0.000000,0.000,0.000,AP
2026-04-03 14:01:08,1900-01-00 00:00:00,1019-wombat,B8:27:EB:7C:81:10,-62, WPA ,0.000000,0.000000,0.000,0.000,AP
2026-04-03 14:01:08,1900-01-00 00:00:00,,C4:CB:76:AF:5C:A8,-60,,0.000000,0.000000,0.000,0.000,Client
2026-04-03 14:01:08,1900-01-00 00:00:00,1019-wombat,B8:27:EB:7C:81:10,-63, WPA ,0.000000,0.000000,0.000,0.000,AP
2026-04-03 14:01:08,1900-01-00 00:00:00,1019-wombat,B8:27:EB:7C:81:10,-62, WPA ,0.000000,0.000000,0.000,0.000,AP
2026-04-03 14:01:08,1900-01-00 00:00:00,,C4:CB:76:AF:5C:A8,-60,,0.000000,0.000000,0.000,0.000,Client
2026-04-03 14:01:08,1900-01-00 00:00:00,1019-wombat,B8:27:EB:7C:81:10,-62, WPA ,0.000000,0.000000,0.000,0.000,AP
2026-04-03 14:01:08,1900-01-00 00:00:00,,C4:CB:76:AF:5C:A8,-60,,0.000000,0.000000,0.000,0.000,Client
2026-04-03 14:01:08,1900-01-00 00:00:00,1019-wombat,B8:27:EB:7C:81:10,-63, WPA ,0.000000,0.000000,0.000,0.000,AP
2026-04-03 14:01:08,1900-01-00 00:00:00,1019-wombat,B8:27:EB:7C:81:10,-63, WPA ,0.000000,0.000000,0.000,0.000,AP
2026-04-03 14:01:08,1900-01-00 00:00:00,1019-wombat,B8:27:EB:7C:81:10,-62, WPA ,0.000000,0.000000,0.000,0.000,AP
2026-04-03 14:01:08,1900-01-00 00:00:00,,C4:CB:76:AF:5C:A8,-60,,0.000000,0.000000,0.000,0.000,Client
2026-04-03 14:01:08,1900-01-00 00:00:00,1019-wombat,B8:27:EB:7C:81:10,-62, WPA ,0.000000,0.000000,0.000,0.000,AP
2026-04-03 14:01:08,1900-01-00 00:00:00,,C4:CB:76:AF:5C:A8,-60,,0.000000,0.000000,0.000,0.000,Client
2026-04-03 14:01:08,1900-01-00 00:00:00,1019-wombat,B8:27:EB:7C:81:10,-63, WPA ,0.000000,0.000000,0.000,0.000,AP
2026-04-03 14:01:08,1900-01-00 00:00:00,,C4:CB:76:AF:5C:A8,-60,,0.000000,0.000000,0.000,0.000,Client
2026-04-03 14:01:08,1900-01-00 00:00:00,,C4:CB:76:AF:5C:A8,-64,,0.000000,0.000000,0.000,0.000,Client
2026-04-03 14:01:08,1900-01-00 00:00:00,,C4:CB:76:AF:5C:A8,-64,,0.000000,0.000000,0.000,0.000,Client
2026-04-03 14:01:08,1900-01-00 00:00:00,,C4:CB:76:AF:5C:A8,-64,,0.000000,0.000000,0.000,0.000,Client
2026-04-03 14:01:08,1900-01-00 00:00:00,,C4:CB:76:AF:5C:A8,-64,,0.000000,0.000000,0.000,0.000,Client
2026-04-03 14:01:08,1900-01-00 00:00:00,,C4:CB:76:AF:5C:A8,-64,,0.000000,0.000000,0.000,0.000,Client
2026-04-03 14:01:08,1900-01-00 00:00:00,1019-wombat,B8:27:EB:7C:81:10,-63, WPA ,0.000000,0.000000,0.000,0.000,AP
2026-04-03 14:01:08,1900-01-00 00:00:00,,C4:CB:76:AF:5C:A8,-64,,0.000000,0.000000,0.000,0.000,Client
2026-04-03 14:01:08,1900-01-00 00:00:00,,C4:CB:76:AF:5C:A8,-64,,0.000000,0.000000,0.000,0.000,Client
2026-04-03 14:01:08,1900-01-00 00:00:00,,C4:CB:76:AF:5C:A8,-65,,0.000000,0.000000,0.000,0.000,Client
2026-04-03 14:01:08,1900-01-00 00:00:00,,C4:CB:76:AF:5C:A8,-64,,0.000000,0.000000,0.000,0.000,Client
2026-04-03 14:01:08,1900-01-00 00:00:00,1019-wombat,B8:27:EB:7C:81:10,-63, WPA ,0.000000,0.000000,0.000,0.000,AP
2026-04-03 14:01:08,1900-01-00 00:00:00,,C4:CB:76:AF:5C:A8,-64,,0.000000,0.000000,0.000,0.000,Client
2026-04-03 14:01:08,1900-01-00 00:00:00,,C4:CB:76:AF:5C:A8,-64,,0.000000,0.000000,0.000,0.000,Client
2026-04-03 14:01:08,1900-01-00 00:00:00,,C4:CB:76:AF:5C:A8,-64,,0.000000,0.000000,0.000,0.000,Client
2026-04-03 14:01:08,1900-01-00 00:00:00,1019-wombat,B8:27:EB:7C:81:10,-61, WPA ,0.000000,0.000000,0.000,0.000,AP
2026-04-03 14:01:08,1900-01-00 00:00:00,,C4:CB:76:AF:5C:A8,-64,,0.000000,0.000000,0.000,0.000,Client
2026-04-03 14:01:08,1900-01-00 00:00:00,1019-wombat,B8:27:EB:7C:81:10,-61, WPA ,0.000000,0.000000,0.000,0.000,AP
2026-04-03 14:01:08,1900-01-00 00:00:00,1019-wombat,B8:27:EB:7C:81:10,-64, WPA ,0.000000,0.000000,0.000,0.000,AP
2026-04-03 14:01:08,1900-01-00 00:00:00,1019-wombat,B8:27:EB:7C:81:10,-64, WPA ,0.000000,0.000000,0.000,0.000,AP
2026-04-03 14:01:08,1900-01-00 00:00:00,,C4:CB:76:AF:5C:A8,-64,,0.000000,0.000000,0.000,0.000,Client
2026-04-03 14:01:08,1900-01-00 00:00:00,1019-wombat,B8:27:EB:7C:81:10,-64, WPA ,0.000000,0.000000,0.000,0.000,AP
2026-04-03 14:01:08,1900-01-00 00:00:00,1019-wombat,B8:27:EB:7C:81:10,-65, WPA ,0.000000,0.000000,0.000,0.000,AP
2026-04-03 14:01:08,1900-01-00 00:00:00,,C4:CB:76:AF:5C:A8,-64,,0.000000,0.000000,0.000,0.000,Client
2026-04-03 14:01:08,1900-01-00 00:00:00,,C4:CB:76:AF:5C:A8,-65,,0.000000,0.000000,0.000,0.000,Client
2026-04-03 14:01:08,1900-01-00 00:00:00,1019-wombat,B8:27:EB:7C:81:10,-63, WPA ,0.000000,0.000000,0.000,0.000,AP
2026-04-03 14:01:08,1900-01-00 00:00:00,1019-wombat,B8:27:EB:7C:81:10,-60, WPA ,0.000000,0.000000,0.000,0.000,AP
2026-04-03 14:01:08,1900-01-00 00:00:00,1019-wombat,B8:27:EB:7C:81:10,-60, WPA ,0.000000,0.000000,0.000,0.000,AP
2026-04-03 14:01:08,1900-01-00 00:00:00,1019-wombat,B8:27:EB:7C:81:10,-63, WPA ,0.000000,0.000000,0.000,0.000,AP
2026-04-03 14:01:08,1900-01-00 00:00:00,1019-wombat,B8:27:EB:7C:81:10,-63, WPA ,0.000000,0.000000,0.000,0.000,AP
2026-04-03 14:01:08,1900-01-00 00:00:00,1019-wombat,B8:27:EB:7C:81:10,-63, WPA ,0.000000,0.000000,0.000,0.000,AP
2026-04-03 14:01:08,1900-01-00 00:00:00,1019-wombat,B8:27:EB:7C:81:10,-63, WPA ,0.000000,0.000000,0.000,0.000,AP
2026-04-03 14:01:08,1900-01-00 00:00:00,1019-wombat,B8:27:EB:7C:81:10,-63, WPA ,0.000000,0.000000,0.000,0.000,AP
2026-04-03 14:01:08,1900-01-00 00:00:00,1019-wombat,B8:27:EB:7C:81:10,-59, WPA ,0.000000,0.000000,0.000,0.000,AP
2026-04-03 14:01:08,1900-01-00 00:00:00,1019-wombat,B8:27:EB:7C:81:10,-59, WPA ,0.000000,0.000000,0.000,0.000,AP
2026-04-03 14:01:08,1900-01-00 00:00:00,1019-wombat,B8:27:EB:7C:81:10,-56, WPA ,0.000000,0.000000,0.000,0.000,AP
2026-04-03 14:01:08,1900-01-00 00:00:00,1019-wombat,B8:27:EB:7C:81:10,-56, WPA ,0.000000,0.000000,0.000,0.000,AP
2026-04-03 14:01:08,1900-01-00 00:00:00,1019-wombat,B8:27:EB:7C:81:10,-56, WPA ,0.000000,0.000000,0.000,0.000,AP
2026-04-03 14:01:08,1900-01-00 00:00:00,1019-wombat,B8:27:EB:7C:81:10,-64, WPA ,0.000000,0.000000,0.000,0.000,AP
2026-04-03 14:01:08,1900-01-00 00:00:00,1019-wombat,B8:27:EB:7C:81:10,-64, WPA ,0.000000,0.000000,0.000,0.000,AP
2026-04-03 14:01:08,1900-01-00 00:00:00,1019-wombat,B8:27:EB:7C:81:10,-64, WPA ,0.000000,0.000000,0.000,0.000,AP
2026-04-03 14:01:08,1900-01-00 00:00:00,1019-wombat,B8:27:EB:7C:81:10,-65, WPA ,0.000000,0.000000,0.000,0.000,AP
2026-04-03 14:01:08,1900-01-00 00:00:00,1019-wombat,B8:27:EB:7C:81:10,-64, WPA ,0.000000,0.000000,0.000,0.000,AP
2026-04-03 14:01:08,1900-01-00 00:00:00,1019-wombat,B8:27:EB:7C:81:10,-64, WPA ,0.000000,0.000000,0.000,0.000,AP
2026-04-03 14:01:08,1900-01-00 00:00:00,1019-wombat,B8:27:EB:7C:81:10,-64, WPA ,0.000000,0.000000,0.000,0.000,AP
2026-04-03 14:01:08,1900-01-00 00:00:00,1019-wombat,B8:27:EB:7C:81:10,-64, WPA ,0.000000,0.000000,0.000,0.000,AP
2026-04-03 14:01:08,1900-01-00 00:00:00,1019-wombat,B8:27:EB:7C:81:10,-64, WPA ,0.000000,0.000000,0.000,0.000,AP
2026-04-03 14:01:08,1900-01-00 00:00:00,,C4:CB:76:AF:5C:A8,-61,,0.000000,0.000000,0.000,0.000,Client
2026-04-03 14:01:08,1900-01-00 00:00:00,1019-wombat,B8:27:EB:7C:81:10,-64, WPA ,0.000000,0.000000,0.000,0.000,AP
2026-04-03 14:01:08,1900-01-00 00:00:00,1019-wombat,B8:27:EB:7C:81:10,-61, WPA ,0.000000,0.000000,0.000,0.000,AP
2026-04-03 14:01:08,1900-01-00 00:00:00,1019-wombat,B8:27:EB:7C:81:10,-64, WPA ,0.000000,0.000000,0.000,0.000,AP
2026-04-03 14:01:08,1900-01-00 00:00:00,1019-wombat,B8:27:EB:7C:81:10,-64, WPA ,0.000000,0.000000,0.000,0.000,AP
2026-04-03 14:01:08,1900-01-00 00:00:00,1019-wombat,B8:27:EB:7C:81:10,-63, WPA ,0.000000,0.000000,0.000,0.000,AP
2026-04-03 14:01:08,1900-01-00 00:00:00,1019-wombat,B8:27:EB:7C:81:10,-64, WPA ,0.000000,0.000000,0.000,0.000,AP
2026-04-03 14:01:08,1900-01-00 00:00:00,1019-wombat,B8:27:EB:7C:81:10,-64, WPA ,0.000000,0.000000,0.000,0.000,AP
2026-04-03 14:01:08,1900-01-00 00:00:00,1019-wombat,B8:27:EB:7C:81:10,-64, WPA ,0.000000,0.000000,0.000,0.000,AP
2026-04-03 14:01:08,1900-01-00 00:00:00,1019-wombat,B8:27:EB:7C:81:10,-64, WPA ,0.000000,0.000000,0.000,0.000,AP
2026-04-03 14:01:08,1900-01-00 00:00:00,1019-wombat,B8:27:EB:7C:81:10,-64, WPA ,0.000000,0.000000,0.000,0.000,AP
2026-04-03 14:01:08,1900-01-00 00:00:00,1019-wombat,B8:27:EB:7C:81:10,-64, WPA ,0.000000,0.000000,0.000,0.000,AP
2026-04-03 14:01:08,1900-01-00 00:00:00,1019-wombat,B8:27:EB:7C:81:10,-64, WPA ,0.000000,0.000000,0.000,0.000,AP
2026-04-03 14:01:08,1900-01-00 00:00:00,1019-wombat,B8:27:EB:7C:81:10,-64, WPA ,0.000000,0.000000,0.000,0.000,AP
2026-04-03 14:01:08,1900-01-00 00:00:00,1019-wombat,B8:27:EB:7C:81:10,-64, WPA ,0.000000,0.000000,0.000,0.000,AP
2026-04-03 14:01:08,1900-01-00 00:00:00,1019-wombat,B8:27:EB:7C:81:10,-64, WPA ,0.000000,0.000000,0.000,0.000,AP
2026-04-03 14:01:08,1900-01-00 00:00:00,,C4:CB:76:AF:5C:A8,-60,,0.000000,0.000000,0.000,0.000,Client
2026-04-03 14:01:08,1900-01-00 00:00:00,1019-wombat,B8:27:EB:7C:81:10,-60, WPA ,0.000000,0.000000,0.000,0.000,AP
2026-04-03 14:01:08,1900-01-00 00:00:00,1019-wombat,B8:27:EB:7C:81:10,-63, WPA ,0.000000,0.000000,0.000,0.000,AP
2026-04-03 14:01:08,1900-01-00 00:00:00,1019-wombat,B8:27:EB:7C:81:10,-61, WPA ,0.000000,0.000000,0.000,0.000,AP
2026-04-03 14:01:08,1900-01-00 00:00:00,1019-wombat,B8:27:EB:7C:81:10,-61, WPA ,0.000000,0.000000,0.000,0.000,AP
2026-04-03 14:01:08,1900-01-00 00:00:00,1019-wombat,B8:27:EB:7C:81:10,-61, WPA ,0.000000,0.000000,0.000,0.000,AP
2026-04-03 14:01:08,1900-01-00 00:00:00,1019-wombat,B8:27:EB:7C:81:10,-61, WPA ,0.000000,0.000000,0.000,0.000,AP
2026-04-03 14:01:08,1900-01-00 00:00:00,1019-wombat,B8:27:EB:7C:81:10,-61, WPA ,0.000000,0.000000,0.000,0.000,AP
2026-04-03 14:01:08,1900-01-00 00:00:00,1019-wombat,B8:27:EB:7C:81:10,-61, WPA ,0.000000,0.000000,0.000,0.000,AP
2026-04-03 14:01:08,1900-01-00 00:00:00,1019-wombat,B8:27:EB:7C:81:10,-61, WPA ,0.000000,0.000000,0.000,0.000,AP
2026-04-03 14:01:08,1900-01-00 00:00:00,1019-wombat,B8:27:EB:7C:81:10,-61, WPA ,0.000000,0.000000,0.000,0.000,AP
2026-04-03 14:01:08,1900-01-00 00:00:00,1019-wombat,B8:27:EB:7C:81:10,-61, WPA ,0.000000,0.000000,0.000,0.000,AP
2026-04-03 14:01:08,1900-01-00 00:00:00,1019-wombat,B8:27:EB:7C:81:10,-61, WPA ,0.000000,0.000000,0.000,0.000,AP
2026-04-03 14:01:08,1900-01-00 00:00:00,1019-wombat,B8:27:EB:7C:81:10,-61, WPA ,0.000000,0.000000,0.000,0.000,AP
2026-04-03 14:01:08,1900-01-00 00:00:00,1019-wombat,B8:27:EB:7C:81:10,-61, WPA ,0.000000,0.000000,0.000,0.000,AP
2026-04-03 14:01:08,1900-01-00 00:00:00,1019-wombat,B8:27:EB:7C:81:10,-61, WPA ,0.000000,0.000000,0.000,0.000,AP
2026-04-03 14:01:08,1900-01-00 00:00:00,1019-wombat,B8:27:EB:7C:81:10,-61, WPA ,0.000000,0.000000,0.000,0.000,AP
2026-04-03 14:01:08,1900-01-00 00:00:00,1019-wombat,B8:27:EB:7C:81:10,-61, WPA ,0.000000,0.000000,0.000,0.000,AP
2026-04-03 14:01:08,1900-01-00 00:00:00,1019-wombat,B8:27:EB:7C:81:10,-61, WPA ,0.000000,0.000000,0.000,0.000,AP
2026-04-03 14:01:08,1900-01-00 00:00:00,1019-wombat,B8:27:EB:7C:81:10,-62, WPA ,0.000000,0.000000,0.000,0.000,AP
2026-04-03 14:01:08,1900-01-00 00:00:00,1019-wombat,B8:27:EB:7C:81:10,-62, WPA ,0.000000,0.000000,0.000,0.000,AP
2026-04-03 14:01:08,1900-01-00 00:00:00,1019-wombat,B8:27:EB:7C:81:10,-62, WPA ,0.000000,0.000000,0.000,0.000,AP
2026-04-03 14:01:08,1900-01-00 00:00:00,,C4:CB:76:AF:5C:A8,-60,,0.000000,0.000000,0.000,0.000,Client
2026-04-03 14:01:08,1900-01-00 00:00:00,1019-wombat,B8:27:EB:7C:81:10,-64, WPA ,0.000000,0.000000,0.000,0.000,AP
2026-04-03 14:01:08,1900-01-00 00:00:00,1019-wombat,B8:27:EB:7C:81:10,-64, WPA ,0.000000,0.000000,0.000,0.000,AP
2026-04-03 14:01:08,1900-01-00 00:00:00,1019-wombat,B8:27:EB:7C:81:10,-60, WPA ,0.000000,0.000000,0.000,0.000,AP
2026-04-03 14:01:08,1900-01-00 00:00:00,1019-wombat,B8:27:EB:7C:81:10,-57, WPA ,0.000000,0.000000,0.000,0.000,AP
2026-04-03 14:01:08,1900-01-00 00:00:00,1019-wombat,B8:27:EB:7C:81:10,-56, WPA ,0.000000,0.000000,0.000,0.000,AP
2026-04-03 14:01:08,1900-01-00 00:00:00,1019-wombat,B8:27:EB:7C:81:10,-56, WPA ,0.000000,0.000000,0.000,0.000,AP
2026-04-03 14:01:08,1900-01-00 00:00:00,1019-wombat,B8:27:EB:7C:81:10,-63, WPA ,0.000000,0.000000,0.000,0.000,AP
2026-04-03 14:01:08,1900-01-00 00:00:00,1019-wombat,B8:27:EB:7C:81:10,-63, WPA ,0.000000,0.000000,0.000,0.000,AP
2026-04-03 14:01:08,1900-01-00 00:00:00,1019-wombat,B8:27:EB:7C:81:10,-63, WPA ,0.000000,0.000000,0.000,0.000,AP
2026-04-03 14:01:08,1900-01-00 00:00:00,1019-wombat,B8:27:EB:7C:81:10,-63, WPA ,0.000000,0.000000,0.000,0.000,AP
2026-04-03 14:01:08,1900-01-00 00:00:00,1019-wombat,B8:27:EB:7C:81:10,-63, WPA ,0.000000,0.000000,0.000,0.000,AP
2026-04-03 14:01:08,1900-01-00 00:00:00,1019-wombat,B8:27:EB:7C:81:10,-63, WPA ,0.000000,0.000000,0.000,0.000,AP
2026-04-03 14:01:08,1900-01-00 00:00:00,1019-wombat,B8:27:EB:7C:81:10,-64, WPA ,0.000000,0.000000,0.000,0.000,AP
2026-04-03 14:01:08,1900-01-00 00:00:00,1019-wombat,B8:27:EB:7C:81:10,-64, WPA ,0.000000,0.000000,0.000,0.000,AP
2026-04-03 14:01:08,1900-01-00 00:00:00,1019-wombat,B8:27:EB:7C:81:10,-64, WPA ,0.000000,0.000000,0.000,0.000,AP
2026-04-03 14:01:08,1900-01-00 00:00:00,1019-wombat,B8:27:EB:7C:81:10,-64, WPA ,0.000000,0.000000,0.000,0.000,AP
2026-04-03 14:01:08,1900-01-00 00:00:00,1019-wombat,B8:27:EB:7C:81:10,-64, WPA ,0.000000,0.000000,0.000,0.000,AP
2026-04-03 14:01:08,1900-01-00 00:00:00,1019-wombat,B8:27:EB:7C:81:10,-64, WPA ,0.000000,0.000000,0.000,0.000,AP
2026-04-03 14:01:08,1900-01-00 00:00:00,1019-wombat,B8:27:EB:7C:81:10,-64, WPA ,0.000000,0.000000,0.000,0.000,AP
2026-04-03 14:01:08,1900-01-00 00:00:00,1019-wombat,B8:27:EB:7C:81:10,-64, WPA ,0.000000,0.000000,0.000,0.000,AP
2026-04-03 14:01:08,1900-01-00 00:00:00,1019-wombat,B8:27:EB:7C:81:10,-44, WPA ,0.000000,0.000000,0.000,0.000,AP
2026-04-03 14:01:08,1900-01-00 00:00:00,1019-wombat,B8:27:EB:7C:81:10,-61, WPA ,0.000000,0.000000,0.000,0.000,AP
2026-04-03 14:01:08,1900-01-00 00:00:00,1019-wombat,B8:27:EB:7C:81:10,-43, WPA ,0.000000,0.000000,0.000,0.000,AP
2026-04-03 14:01:08,1900-01-00 00:00:00,1019-wombat,B8:27:EB:7C:81:10,-43, WPA ,0.000000,0.000000,0.000,0.000,AP
2026-04-03 14:01:08,1900-01-00 00:00:00,1019-wombat,B8:27:EB:7C:81:10,-43, WPA ,0.000000,0.000000,0.000,0.000,AP
2026-04-03 14:01:08,1900-01-00 00:00:00,,C4:CB:76:AF:5C:A8,-61,,0.000000,0.000000,0.000,0.000,Client
2026-04-03 14:01:08,1900-01-00 00:00:00,1019-wombat,B8:27:EB:7C:81:10,-48, WPA ,0.000000,0.000000,0.000,0.000,AP
2026-04-03 14:01:08,1900-01-00 00:00:00,1019-wombat,B8:27:EB:7C:81:10,-64, WPA ,0.000000,0.000000,0.000,0.000,AP
2026-04-03 14:01:08,1900-01-00 00:00:00,1019-wombat,B8:27:EB:7C:81:10,-61, WPA ,0.000000,0.000000,0.000,0.000,AP
2026-04-03 14:01:08,1900-01-00 00:00:00,1019-wombat,B8:27:EB:7C:81:10,-61, WPA ,0.000000,0.000000,0.000,0.000,AP
2026-04-03 14:01:08,1900-01-00 00:00:00,1019-wombat,B8:27:EB:7C:81:10,-61, WPA ,0.000000,0.000000,0.000,0.000,AP
2026-04-03 14:01:08,1900-01-00 00:00:00,1019-wombat,B8:27:EB:7C:81:10,-43, WPA ,0.000000,0.000000,0.000,0.000,AP
2026-04-03 14:01:08,1900-01-00 00:00:00,1019-wombat,B8:27:EB:7C:81:10,-43, WPA ,0.000000,0.000000,0.000,0.000,AP
2026-04-03 14:01:08,1900-01-00 00:00:00,1019-wombat,B8:27:EB:7C:81:10,-43, WPA ,0.000000,0.000000,0.000,0.000,AP
2026-04-03 14:01:08,1900-01-00 00:00:00,1019-wombat,B8:27:EB:7C:81:10,-43, WPA ,0.000000,0.000000,0.000,0.000,AP
2026-04-03 14:01:08,1900-01-00 00:00:00,1019-wombat,B8:27:EB:7C:81:10,-43, WPA ,0.000000,0.000000,0.000,0.000,AP
2026-04-03 14:01:08,1900-01-00 00:00:00,1019-wombat,B8:27:EB:7C:81:10,-43, WPA ,0.000000,0.000000,0.000,0.000,AP
2026-04-03 14:01:08,1900-01-00 00:00:00,1019-wombat,B8:27:EB:7C:81:10,-43, WPA ,0.000000,0.000000,0.000,0.000,AP
2026-04-03 14:01:08,1900-01-00 00:00:00,1019-wombat,B8:27:EB:7C:81:10,-43, WPA ,0.000000,0.000000,0.000,0.000,AP
2026-04-03 14:01:08,1900-01-00 00:00:00,1019-wombat,B8:27:EB:7C:81:10,-43, WPA ,0.000000,0.000000,0.000,0.000,AP
2026-04-03 14:01:08,1900-01-00 00:00:00,1019-wombat,B8:27:EB:7C:81:10,-43, WPA ,0.000000,0.000000,0.000,0.000,AP
2026-04-03 14:01:08,1900-01-00 00:00:00,1019-wombat,B8:27:EB:7C:81:10,-43, WPA ,0.000000,0.000000,0.000,0.000,AP
2026-04-03 14:01:08,1900-01-00 00:00:00,1019-wombat,B8:27:EB:7C:81:10,-43, WPA ,0.000000,0.000000,0.000,0.000,AP
2026-04-03 14:01:08,1900-01-00 00:00:00,1019-wombat,B8:27:EB:7C:81:10,-64, WPA ,0.000000,0.000000,0.000,0.000,AP
2026-04-03 14:01:08,1900-01-00 00:00:00,1019-wombat,B8:27:EB:7C:81:10,-62, WPA ,0.000000,0.000000,0.000,0.000,AP
2026-04-03 14:01:08,1900-01-00 00:00:00,1019-wombat,B8:27:EB:7C:81:10,-62, WPA ,0.000000,0.000000,0.000,0.000,AP
2026-04-03 14:01:08,1900-01-00 00:00:00,1019-wombat,B8:27:EB:7C:81:10,-62, WPA ,0.000000,0.000000,0.000,0.000,AP
2026-04-03 14:01:08,1900-01-00 00:00:00,1019-wombat,B8:27:EB:7C:81:10,-62, WPA ,0.000000,0.000000,0.000,0.000,AP
2026-04-03 14:01:08,1900-01-00 00:00:00,1019-wombat,B8:27:EB:7C:81:10,-62, WPA ,0.000000,0.000000,0.000,0.000,AP
2026-04-03 14:01:08,1900-01-00 00:00:00,1019-wombat,B8:27:EB:7C:81:10,-62, WPA ,0.000000,0.000000,0.000,0.000,AP
2026-04-03 14:01:08,1900-01-00 00:00:00,1019-wombat,B8:27:EB:7C:81:10,-62, WPA ,0.000000,0.000000,0.000,0.000,AP
2026-04-03 14:01:08,1900-01-00 00:00:00,1019-wombat,B8:27:EB:7C:81:10,-62, WPA ,0.000000,0.000000,0.000,0.000,AP
2026-04-03 14:01:08,1900-01-00 00:00:00,1019-wombat,B8:27:EB:7C:81:10,-62, WPA ,0.000000,0.000000,0.000,0.000,AP
2026-04-03 14:01:08,1900-01-00 00:00:00,1019-wombat,B8:27:EB:7C:81:10,-62, WPA ,0.000000,0.000000,0.000,0.000,AP
2026-04-03 14:01:08,1900-01-00 00:00:00,1019-wombat,B8:27:EB:7C:81:10,-58, WPA ,0.000000,0.000000,0.000,0.000,AP
2026-04-03 14:01:08,1900-01-00 00:00:00,1019-wombat,B8:27:EB:7C:81:10,-58, WPA ,0.000000,0.000000,0.000,0.000,AP
2026-04-03 14:01:08,1900-01-00 00:00:00,1019-wombat,B8:27:EB:7C:81:10,-58, WPA ,0.000000,0.000000,0.000,0.000,AP
2026-04-03 14:01:08,1900-01-00 00:00:00,1019-wombat,B8:27:EB:7C:81:10,-55, WPA ,0.000000,0.000000,0.000,0.000,AP
2026-04-03 14:01:08,1900-01-00 00:00:00,1019-wombat,B8:27:EB:7C:81:10,-55, WPA ,0.000000,0.000000,0.000,0.000,AP
2026-04-03 14:01:08,1900-01-00 00:00:00,1019-wombat,B8:27:EB:7C:81:10,-64, WPA ,0.000000,0.000000,0.000,0.000,AP
2026-04-03 14:01:08,1900-01-00 00:00:00,1019-wombat,B8:27:EB:7C:81:10,-64, WPA ,0.000000,0.000000,0.000,0.000,AP
2026-04-03 14:01:08,1900-01-00 00:00:00,1019-wombat,B8:27:EB:7C:81:10,-64, WPA ,0.000000,0.000000,0.000,0.000,AP
2026-04-03 14:01:08,1900-01-00 00:00:00,1019-wombat,B8:27:EB:7C:81:10,-64, WPA ,0.000000,0.000000,0.000,0.000,AP
2026-04-03 14:01:08,1900-01-00 00:00:00,1019-wombat,B8:27:EB:7C:81:10,-64, WPA ,0.000000,0.000000,0.000,0.000,AP
2026-04-03 14:01:08,1900-01-00 00:00:00,1019-wombat,B8:27:EB:7C:81:10,-64, WPA ,0.000000,0.000000,0.000,0.000,AP
2026-04-03 14:01:08,1900-01-00 00:00:00,1019-wombat,B8:27:EB:7C:81:10,-64, WPA ,0.000000,0.000000,0.000,0.000,AP
2026-04-03 14:01:08,1900-01-00 00:00:00,1019-wombat,B8:27:EB:7C:81:10,-64, WPA ,0.000000,0.000000,0.000,0.000,AP
2026-04-03 14:01:08,1900-01-00 00:00:00,1019-wombat,B8:27:EB:7C:81:10,-64, WPA ,0.000000,0.000000,0.000,0.000,AP
2026-04-03 14:01:08,1900-01-00 00:00:00,1019-wombat,B8:27:EB:7C:81:10,-64, WPA ,0.000000,0.000000,0.000,0.000,AP
2026-04-03 14:01:08,1900-01-00 00:00:00,1019-wombat,B8:27:EB:7C:81:10,-64, WPA ,0.000000,0.000000,0.000,0.000,AP
2026-04-03 14:01:08,1900-01-00 00:00:00,1019-wombat,B8:27:EB:7C:81:10,-64, WPA ,0.000000,0.000000,0.000,0.000,AP
2026-04-03 14:01:08,1900-01-00 00:00:00,1019-wombat,B8:27:EB:7C:81:10,-64, WPA ,0.000000,0.000000,0.000,0.000,AP
2026-04-03 14:01:08,1900-01-00 00:00:00,1019-wombat,B8:27:EB:7C:81:10,-64, WPA ,0.000000,0.000000,0.000,0.000,AP
2026-04-03 14:01:08,1900-01-00 00:00:00,1019-wombat,B8:27:EB:7C:81:10,-43, WPA ,0.000000,0.000000,0.000,0.000,AP
2026-04-03 14:01:08,1900-01-00 00:00:00,1019-wombat,B8:27:EB:7C:81:10,-43, WPA ,0.000000,0.000000,0.000,0.000,AP
2026-04-03 14:01:08,1900-01-00 00:00:00,1019-wombat,B8:27:EB:7C:81:10,-61, WPA ,0.000000,0.000000,0.000,0.000,AP
2026-04-03 14:01:08,1900-01-00 00:00:00,1019-wombat,B8:27:EB:7C:81:10,-64, WPA ,0.000000,0.000000,0.000,0.000,AP
2026-04-03 14:01:08,1900-01-00 00:00:00,1019-wombat,B8:27:EB:7C:81:10,-61, WPA ,0.000000,0.000000,0.000,0.000,AP
2026-04-03 14:01:08,1900-01-00 00:00:00,1019-wombat,B8:27:EB:7C:81:10,-61, WPA ,0.000000,0.000000,0.000,0.000,AP
2026-04-03 14:01:09,1900-01-00 00:00:00,1019-wombat,B8:27:EB:7C:81:10,-62, WPA ,0.000000,0.000000,0.000,0.000,AP
2026-04-03 14:01:09,1900-01-00 00:00:00,1019-wombat,B8:27:EB:7C:81:10,-65, WPA ,0.000000,0.000000,0.000,0.000,AP
2026-04-03 14:01:09,1900-01-00 00:00:00,1019-wombat,B8:27:EB:7C:81:10,-64, WPA ,0.000000,0.000000,0.000,0.000,AP
2026-04-03 14:01:09,1900-01-00 00:00:00,1019-wombat,B8:27:EB:7C:81:10,-64, WPA ,0.000000,0.000000,0.000,0.000,AP
2026-04-03 14:01:09,1900-01-00 00:00:00,1019-wombat,B8:27:EB:7C:81:10,-64, WPA ,0.000000,0.000000,0.000,0.000,AP
2026-04-03 14:01:09,1900-01-00 00:00:00,1019-wombat,B8:27:EB:7C:81:10,-64, WPA ,0.000000,0.000000,0.000,0.000,AP
2026-04-03 14:01:09,1900-01-00 00:00:00,1019-wombat,B8:27:EB:7C:81:10,-65, WPA ,0.000000,0.000000,0.000,0.000,AP
2026-04-03 14:01:09,1900-01-00 00:00:00,1019-wombat,B8:27:EB:7C:81:10,-65, WPA ,0.000000,0.000000,0.000,0.000,AP
2026-04-03 14:01:09,1900-01-00 00:00:00,1019-wombat,B8:27:EB:7C:81:10,-64, WPA ,0.000000,0.000000,0.000,0.000,AP
2026-04-03 14:01:09,1900-01-00 00:00:00,1019-wombat,B8:27:EB:7C:81:10,-64, WPA ,0.000000,0.000000,0.000,0.000,AP
2026-04-03 14:01:09,1900-01-00 00:00:00,1019-wombat,B8:27:EB:7C:81:10,-64, WPA ,0.000000,0.000000,0.000,0.000,AP
2026-04-03 14:01:10,1900-01-00 00:00:00,1019-wombat,B8:27:EB:7C:81:10,-63, WPA ,0.000000,0.000000,0.000,0.000,AP
2026-04-03 14:01:10,1900-01-00 00:00:00,1019-wombat,B8:27:EB:7C:81:10,-64, WPA ,0.000000,0.000000,0.000,0.000,AP
2026-04-03 14:01:10,1900-01-00 00:00:00,1019-wombat,B8:27:EB:7C:81:10,-63, WPA ,0.000000,0.000000,0.000,0.000,AP
2026-04-03 14:01:10,1900-01-00 00:00:00,1019-wombat,B8:27:EB:7C:81:10,-63, WPA ,0.000000,0.000000,0.000,0.000,AP
2026-04-03 14:01:10,1900-01-00 00:00:00,1019-wombat,B8:27:EB:7C:81:10,-64, WPA ,0.000000,0.000000,0.000,0.000,AP
2026-04-03 14:01:10,1900-01-00 00:00:00,1019-wombat,B8:27:EB:7C:81:10,-64, WPA ,0.000000,0.000000,0.000,0.000,AP
2026-04-03 14:01:10,1900-01-00 00:00:00,1019-wombat,B8:27:EB:7C:81:10,-63, WPA ,0.000000,0.000000,0.000,0.000,AP
2026-04-03 14:01:10,1900-01-00 00:00:00,1019-wombat,B8:27:EB:7C:81:10,-64, WPA ,0.000000,0.000000,0.000,0.000,AP
2026-04-03 14:01:10,1900-01-00 00:00:00,1019-wombat,B8:27:EB:7C:81:10,-63, WPA ,0.000000,0.000000,0.000,0.000,AP
2026-04-03 14:01:10,1900-01-00 00:00:00,1019-wombat,B8:27:EB:7C:81:10,-64, WPA ,0.000000,0.000000,0.000,0.000,AP
2026-04-03 14:01:10,1900-01-00 00:00:00,1019-wombat,B8:27:EB:7C:81:10,-64, WPA ,0.000000,0.000000,0.000,0.000,AP
2026-04-03 14:01:10,1900-01-00 00:00:00,1019-wombat,B8:27:EB:7C:81:10,-64, WPA ,0.000000,0.000000,0.000,0.000,AP
2026-04-03 14:01:10,1900-01-00 00:00:00,1019-wombat,B8:27:EB:7C:81:10,-64, WPA ,0.000000,0.000000,0.000,0.000,AP
2026-04-03 14:01:10,1900-01-00 00:00:00,1019-wombat,B8:27:EB:7C:81:10,-64, WPA ,0.000000,0.000000,0.000,0.000,AP
2026-04-03 14:01:11,1900-01-00 00:00:00,1019-wombat,B8:27:EB:7C:81:10,-64, WPA ,0.000000,0.000000,0.000,0.000,AP
2026-04-03 14:01:11,1900-01-00 00:00:00,1019-wombat,B8:27:EB:7C:81:10,-64, WPA ,0.000000,0.000000,0.000,0.000,AP
2026-04-03 14:01:11,1900-01-00 00:00:00,1019-wombat,B8:27:EB:7C:81:10,-64, WPA ,0.000000,0.000000,0.000,0.000,AP
2026-04-03 14:01:11,1900-01-00 00:00:00,1019-wombat,B8:27:EB:7C:81:10,-63, WPA ,0.000000,0.000000,0.000,0.000,AP
2026-04-03 14:01:11,1900-01-00 00:00:00,1019-wombat,B8:27:EB:7C:81:10,-63, WPA ,0.000000,0.000000,0.000,0.000,AP
2026-04-03 14:01:11,1900-01-00 00:00:00,1019-wombat,B8:27:EB:7C:81:10,-63, WPA ,0.000000,0.000000,0.000,0.000,AP
2026-04-03 14:01:11,1900-01-00 00:00:00,1019-wombat,B8:27:EB:7C:81:10,-63, WPA ,0.000000,0.000000,0.000,0.000,AP
2026-04-03 14:01:11,1900-01-00 00:00:00,1019-wombat,B8:27:EB:7C:81:10,-63, WPA ,0.000000,0.000000,0.000,0.000,AP
2026-04-03 14:01:11,1900-01-00 00:00:00,1019-wombat,B8:27:EB:7C:81:10,-59, WPA ,0.000000,0.000000,0.000,0.000,AP
2026-04-03 14:01:11,1900-01-00 00:00:00,1019-wombat,B8:27:EB:7C:81:10,-60, WPA ,0.000000,0.000000,0.000,0.000,AP
2026-04-03 14:01:11,1900-01-00 00:00:00,1019-wombat,B8:27:EB:7C:81:10,-64, WPA ,0.000000,0.000000,0.000,0.000,AP
2026-04-03 14:01:11,1900-01-00 00:00:00,1019-wombat,B8:27:EB:7C:81:10,-63, WPA ,0.000000,0.000000,0.000,0.000,AP
2026-04-03 14:01:11,1900-01-00 00:00:00,1019-wombat,B8:27:EB:7C:81:10,-65, WPA ,0.000000,0.000000,0.000,0.000,AP
2026-04-03 14:01:11,1900-01-00 00:00:00,1019-wombat,B8:27:EB:7C:81:10,-65, WPA ,0.000000,0.000000,0.000,0.000,AP
2026-04-03 14:01:12,1900-01-00 00:00:00,1019-wombat,B8:27:EB:7C:81:10,-64, WPA ,0.000000,0.000000,0.000,0.000,AP
2026-04-03 14:01:12,1900-01-00 00:00:00,1019-wombat,B8:27:EB:7C:81:10,-64, WPA ,0.000000,0.000000,0.000,0.000,AP
2026-04-03 14:01:12,1900-01-00 00:00:00,1019-wombat,B8:27:EB:7C:81:10,-64, WPA ,0.000000,0.000000,0.000,0.000,AP
2026-04-03 14:01:12,1900-01-00 00:00:00,1019-wombat,B8:27:EB:7C:81:10,-64, WPA ,0.000000,0.000000,0.000,0.000,AP
2026-04-03 14:01:12,1900-01-00 00:00:00,1019-wombat,B8:27:EB:7C:81:10,-64, WPA ,0.000000,0.000000,0.000,0.000,AP
2026-04-03 14:01:12,1900-01-00 00:00:00,1019-wombat,B8:27:EB:7C:81:10,-65, WPA ,0.000000,0.000000,0.000,0.000,AP
2026-04-03 14:01:12,1900-01-00 00:00:00,1019-wombat,B8:27:EB:7C:81:10,-65, WPA ,0.000000,0.000000,0.000,0.000,AP
2026-04-03 14:01:12,1900-01-00 00:00:00,1019-wombat,B8:27:EB:7C:81:10,-63, WPA ,0.000000,0.000000,0.000,0.000,AP
2026-04-03 14:01:12,1900-01-00 00:00:00,1019-wombat,B8:27:EB:7C:81:10,-65, WPA ,0.000000,0.000000,0.000,0.000,AP
2026-04-03 14:01:12,1900-01-00 00:00:00,1019-wombat,B8:27:EB:7C:81:10,-65, WPA ,0.000000,0.000000,0.000,0.000,AP
2026-04-03 14:01:12,1900-01-00 00:00:00,1019-wombat,B8:27:EB:7C:81:10,-65, WPA ,0.000000,0.000000,0.000,0.000,AP
2026-04-03 14:01:12,1900-01-00 00:00:00,1019-wombat,B8:27:EB:7C:81:10,-63, WPA ,0.000000,0.000000,0.000,0.000,AP
2026-04-03 14:01:12,1900-01-00 00:00:00,1019-wombat,B8:27:EB:7C:81:10,-64, WPA ,0.000000,0.000000,0.000,0.000,AP
2026-04-03 14:01:12,1900-01-00 00:00:00,1019-wombat,B8:27:EB:7C:81:10,-64, WPA ,0.000000,0.000000,0.000,0.000,AP
2026-04-03 14:01:12,1900-01-00 00:00:00,1019-wombat,B8:27:EB:7C:81:10,-64, WPA ,0.000000,0.000000,0.000,0.000,AP
2026-04-03 14:01:12,1900-01-00 00:00:00,1019-wombat,B8:27:EB:7C:81:10,-64, WPA ,0.000000,0.000000,0.000,0.000,AP
2026-04-03 14:01:12,1900-01-00 00:00:00,1019-wombat,B8:27:EB:7C:81:10,-64, WPA ,0.000000,0.000000,0.000,0.000,AP
2026-04-03 14:01:12,1900-01-00 00:00:00,1019-wombat,B8:27:EB:7C:81:10,-64, WPA ,0.000000,0.000000,0.000,0.000,AP
2026-04-03 14:01:12,1900-01-00 00:00:00,1019-wombat,B8:27:EB:7C:81:10,-64, WPA ,0.000000,0.000000,0.000,0.000,AP
2026-04-03 14:01:12,1900-01-00 00:00:00,1019-wombat,B8:27:EB:7C:81:10,-63, WPA ,0.000000,0.000000,0.000,0.000,AP
2026-04-03 14:01:12,1900-01-00 00:00:00,1019-wombat,B8:27:EB:7C:81:10,-64, WPA ,0.000000,0.000000,0.000,0.000,AP
2026-04-03 14:01:12,1900-01-00 00:00:00,1019-wombat,B8:27:EB:7C:81:10,-64, WPA ,0.000000,0.000000,0.000,0.000,AP
2026-04-03 14:01:12,1900-01-00 00:00:00,1019-wombat,B8:27:EB:7C:81:10,-64, WPA ,0.000000,0.000000,0.000,0.000,AP
2026-04-03 14:01:13,1900-01-00 00:00:00,1019-wombat,B8:27:EB:7C:81:10,-63, WPA ,0.000000,0.000000,0.000,0.000,AP
2026-04-03 14:01:13,1900-01-00 00:00:00,1019-wombat,B8:27:EB:7C:81:10,-64, WPA ,0.000000,0.000000,0.000,0.000,AP
2026-04-03 14:01:13,1900-01-00 00:00:00,1019-wombat,B8:27:EB:7C:81:10,-64, WPA ,0.000000,0.000000,0.000,0.000,AP
2026-04-03 14:01:13,1900-01-00 00:00:00,1019-wombat,B8:27:EB:7C:81:10,-63, WPA ,0.000000,0.000000,0.000,0.000,AP
2026-04-03 14:01:13,1900-01-00 00:00:00,1019-wombat,B8:27:EB:7C:81:10,-63, WPA ,0.000000,0.000000,0.000,0.000,AP
2026-04-03 14:01:13,1900-01-00 00:00:00,1019-wombat,B8:27:EB:7C:81:10,-64, WPA ,0.000000,0.000000,0.000,0.000,AP
2026-04-03 14:01:13,1900-01-00 00:00:00,1019-wombat,B8:27:EB:7C:81:10,-65, WPA ,0.000000,0.000000,0.000,0.000,AP
2026-04-03 14:01:13,1900-01-00 00:00:00,1019-wombat,B8:27:EB:7C:81:10,-64, WPA ,0.000000,0.000000,0.000,0.000,AP
2026-04-03 14:01:13,1900-01-00 00:00:00,1019-wombat,B8:27:EB:7C:81:10,-64, WPA ,0.000000,0.000000,0.000,0.000,AP
2026-04-03 14:01:13,1900-01-00 00:00:00,1019-wombat,B8:27:EB:7C:81:10,-63, WPA ,0.000000,0.000000,0.000,0.000,AP
2026-04-03 14:01:13,1900-01-00 00:00:00,1019-wombat,B8:27:EB:7C:81:10,-61, WPA ,0.000000,0.000000,0.000,0.000,AP
2026-04-03 14:01:13,1900-01-00 00:00:00,1019-wombat,B8:27:EB:7C:81:10,-65, WPA ,0.000000,0.000000,0.000,0.000,AP
2026-04-03 14:01:14,1900-01-00 00:00:00,1019-wombat,B8:27:EB:7C:81:10,-64, WPA ,0.000000,0.000000,0.000,0.000,AP
2026-04-03 14:01:14,1900-01-00 00:00:00,1019-wombat,B8:27:EB:7C:81:10,-65, WPA ,0.000000,0.000000,0.000,0.000,AP
2026-04-03 14:01:14,1900-01-00 00:00:00,1019-wombat,B8:27:EB:7C:81:10,-65, WPA ,0.000000,0.000000,0.000,0.000,AP
2026-04-03 14:01:14,1900-01-00 00:00:00,1019-wombat,B8:27:EB:7C:81:10,-64, WPA ,0.000000,0.000000,0.000,0.000,AP
2026-04-03 14:01:14,1900-01-00 00:00:00,1019-wombat,B8:27:EB:7C:81:10,-64, WPA ,0.000000,0.000000,0.000,0.000,AP
2026-04-03 14:01:14,1900-01-00 00:00:00,1019-wombat,B8:27:EB:7C:81:10,-63, WPA ,0.000000,0.000000,0.000,0.000,AP
2026-04-03 14:01:14,1900-01-00 00:00:00,1019-wombat,B8:27:EB:7C:81:10,-65, WPA ,0.000000,0.000000,0.000,0.000,AP
2026-04-03 14:01:14,1900-01-00 00:00:00,1019-wombat,B8:27:EB:7C:81:10,-62, WPA ,0.000000,0.000000,0.000,0.000,AP
2026-04-03 14:01:14,1900-01-00 00:00:00,,C4:CB:76:AF:5C:A8,-61,,0.000000,0.000000,0.000,0.000,Client
2026-04-03 14:01:14,1900-01-00 00:00:00,1019-wombat,B8:27:EB:7C:81:10,-63, WPA ,0.000000,0.000000,0.000,0.000,AP
2026-04-03 14:01:14,1900-01-00 00:00:00,,C4:CB:76:AF:5C:A8,-61,,0.000000,0.000000,0.000,0.000,Client
2026-04-03 14:01:14,1900-01-00 00:00:00,1019-wombat,B8:27:EB:7C:81:10,-63, WPA ,0.000000,0.000000,0.000,0.000,AP
2026-04-03 14:01:14,1900-01-00 00:00:00,1019-wombat,B8:27:EB:7C:81:10,-63, WPA ,0.000000,0.000000,0.000,0.000,AP
2026-04-03 14:01:14,1900-01-00 00:00:00,,C4:CB:76:AF:5C:A8,-62,,0.000000,0.000000,0.000,0.000,Client
2026-04-03 14:01:14,1900-01-00 00:00:00,1019-wombat,B8:27:EB:7C:81:10,-64, WPA ,0.000000,0.000000,0.000,0.000,AP
2026-04-03 14:01:14,1900-01-00 00:00:00,1019-wombat,B8:27:EB:7C:81:10,-63, WPA ,0.000000,0.000000,0.000,0.000,AP
2026-04-03 14:01:14,1900-01-00 00:00:00,,C4:CB:76:AF:5C:A8,-62,,0.000000,0.000000,0.000,0.000,Client
2026-04-03 14:01:14,1900-01-00 00:00:00,1019-wombat,B8:27:EB:7C:81:10,-63, WPA ,0.000000,0.000000,0.000,0.000,AP
2026-04-03 14:01:14,1900-01-00 00:00:00,,C4:CB:76:AF:5C:A8,-63,,0.000000,0.000000,0.000,0.000,Client
2026-04-03 14:01:14,1900-01-00 00:00:00,,C4:CB:76:AF:5C:A8,-65,,0.000000,0.000000,0.000,0.000,Client
2026-04-03 14:01:14,1900-01-00 00:00:00,,C4:CB:76:AF:5C:A8,-65,,0.000000,0.000000,0.000,0.000,Client
2026-04-03 14:01:14,1900-01-00 00:00:00,1019-wombat,B8:27:EB:7C:81:10,-62, WPA ,0.000000,0.000000,0.000,0.000,AP
2026-04-03 14:01:14,1900-01-00 00:00:00,1019-wombat,B8:27:EB:7C:81:10,-61, WPA ,0.000000,0.000000,0.000,0.000,AP
2026-04-03 14:01:14,1900-01-00 00:00:00,,C4:CB:76:AF:5C:A8,-65,,0.000000,0.000000,0.000,0.000,Client
2026-04-03 14:01:14,1900-01-00 00:00:00,,C4:CB:76:AF:5C:A8,-66,,0.000000,0.000000,0.000,0.000,Client
2026-04-03 14:01:14,1900-01-00 00:00:00,1019-wombat,B8:27:EB:7C:81:10,-62, WPA ,0.000000,0.000000,0.000,0.000,AP
2026-04-03 14:01:14,1900-01-00 00:00:00,1019-wombat,B8:27:EB:7C:81:10,-63, WPA ,0.000000,0.000000,0.000,0.000,AP
2026-04-03 14:01:14,1900-01-00 00:00:00,,C4:CB:76:AF:5C:A8,-66,,0.000000,0.000000,0.000,0.000,Client
2026-04-03 14:01:14,1900-01-00 00:00:00,,C4:CB:76:AF:5C:A8,-65,,0.000000,0.000000,0.000,0.000,Client
2026-04-03 14:01:14,1900-01-00 00:00:00,1019-wombat,B8:27:EB:7C:81:10,-63, WPA ,0.000000,0.000000,0.000,0.000,AP
2026-04-03 14:01:14,1900-01-00 00:00:00,1019-wombat,B8:27:EB:7C:81:10,-63, WPA ,0.000000,0.000000,0.000,0.000,AP
2026-04-03 14:01:14,1900-01-00 00:00:00,,C4:CB:76:AF:5C:A8,-66,,0.000000,0.000000,0.000,0.000,Client
2026-04-03 14:01:14,1900-01-00 00:00:00,,C4:CB:76:AF:5C:A8,-66,,0.000000,0.000000,0.000,0.000,Client
2026-04-03 14:01:14,1900-01-00 00:00:00,1019-wombat,B8:27:EB:7C:81:10,-60, WPA ,0.000000,0.000000,0.000,0.000,AP
2026-04-03 14:01:14,1900-01-00 00:00:00,1019-wombat,B8:27:EB:7C:81:10,-62, WPA ,0.000000,0.000000,0.000,0.000,AP
2026-04-03 14:01:14,1900-01-00 00:00:00,,C4:CB:76:AF:5C:A8,-66,,0.000000,0.000000,0.000,0.000,Client
2026-04-03 14:01:14,1900-01-00 00:00:00,1019-wombat,B8:27:EB:7C:81:10,-64, WPA ,0.000000,0.000000,0.000,0.000,AP
2026-04-03 14:01:14,1900-01-00 00:00:00,,C4:CB:76:AF:5C:A8,-66,,0.000000,0.000000,0.000,0.000,Client
2026-04-03 14:01:14,1900-01-00 00:00:00,1019-wombat,B8:27:EB:7C:81:10,-63, WPA ,0.000000,0.000000,0.000,0.000,AP
2026-04-03 14:01:14,1900-01-00 00:00:00,,C4:CB:76:AF:5C:A8,-66,,0.000000,0.000000,0.000,0.000,Client
2026-04-03 14:01:14,1900-01-00 00:00:00,,C4:CB:76:AF:5C:A8,-66,,0.000000,0.000000,0.000,0.000,Client
2026-04-03 14:01:14,1900-01-00 00:00:00,1019-wombat,B8:27:EB:7C:81:10,-60, WPA ,0.000000,0.000000,0.000,0.000,AP
2026-04-03 14:01:14,1900-01-00 00:00:00,1019-wombat,B8:27:EB:7C:81:10,-63, WPA ,0.000000,0.000000,0.000,0.000,AP
2026-04-03 14:01:14,1900-01-00 00:00:00,,C4:CB:76:AF:5C:A8,-66,,0.000000,0.000000,0.000,0.000,Client
2026-04-03 14:01:14,1900-01-00 00:00:00,,C4:CB:76:AF:5C:A8,-66,,0.000000,0.000000,0.000,0.000,Client
2026-04-03 14:01:14,1900-01-00 00:00:00,1019-wombat,B8:27:EB:7C:81:10,-60, WPA ,0.000000,0.000000,0.000,0.000,AP
2026-04-03 14:01:14,1900-01-00 00:00:00,1019-wombat,B8:27:EB:7C:81:10,-64, WPA ,0.000000,0.000000,0.000,0.000,AP
2026-04-03 14:01:14,1900-01-00 00:00:00,,C4:CB:76:AF:5C:A8,-66,,0.000000,0.000000,0.000,0.000,Client
2026-04-03 14:01:14,1900-01-00 00:00:00,,C4:CB:76:AF:5C:A8,-65,,0.000000,0.000000,0.000,0.000,Client
2026-04-03 14:01:14,1900-01-00 00:00:00,1019-wombat,B8:27:EB:7C:81:10,-64, WPA ,0.000000,0.000000,0.000,0.000,AP
2026-04-03 14:01:14,1900-01-00 00:00:00,,C4:CB:76:AF:5C:A8,-65,,0.000000,0.000000,0.000,0.000,Client
2026-04-03 14:01:14,1900-01-00 00:00:00,1019-wombat,B8:27:EB:7C:81:10,-62, WPA ,0.000000,0.000000,0.000,0.000,AP
2026-04-03 14:01:14,1900-01-00 00:00:00,1019-wombat,B8:27:EB:7C:81:10,-62, WPA ,0.000000,0.000000,0.000,0.000,AP
2026-04-03 14:01:14,1900-01-00 00:00:00,,C4:CB:76:AF:5C:A8,-65,,0.000000,0.000000,0.000,0.000,Client
2026-04-03 14:01:14,1900-01-00 00:00:00,,C4:CB:76:AF:5C:A8,-65,,0.000000,0.000000,0.000,0.000,Client
2026-04-03 14:01:14,1900-01-00 00:00:00,1019-wombat,B8:27:EB:7C:81:10,-62, WPA ,0.000000,0.000000,0.000,0.000,AP
2026-04-03 14:01:14,1900-01-00 00:00:00,,C4:CB:76:AF:5C:A8,-66,,0.000000,0.000000,0.000,0.000,Client
2026-04-03 14:01:14,1900-01-00 00:00:00,,C4:CB:76:AF:5C:A8,-65,,0.000000,0.000000,0.000,0.000,Client
2026-04-03 14:01:14,1900-01-00 00:00:00,1019-wombat,B8:27:EB:7C:81:10,-62, WPA ,0.000000,0.000000,0.000,0.000,AP
2026-04-03 14:01:14,1900-01-00 00:00:00,,C4:CB:76:AF:5C:A8,-66,,0.000000,0.000000,0.000,0.000,Client
2026-04-03 14:01:14,1900-01-00 00:00:00,1019-wombat,B8:27:EB:7C:81:10,-62, WPA ,0.000000,0.000000,0.000,0.000,AP
2026-04-03 14:01:14,1900-01-00 00:00:00,,C4:CB:76:AF:5C:A8,-65,,0.000000,0.000000,0.000,0.000,Client
2026-04-03 14:01:14,1900-01-00 00:00:00,,C4:CB:76:AF:5C:A8,-66,,0.000000,0.000000,0.000,0.000,Client
2026-04-03 14:01:14,1900-01-00 00:00:00,,C4:CB:76:AF:5C:A8,-65,,0.000000,0.000000,0.000,0.000,Client
2026-04-03 14:01:14,1900-01-00 00:00:00,1019-wombat,B8:27:EB:7C:81:10,-61, WPA ,0.000000,0.000000,0.000,0.000,AP
2026-04-03 14:01:14,1900-01-00 00:00:00,,C4:CB:76:AF:5C:A8,-66,,0.000000,0.000000,0.000,0.000,Client
2026-04-03 14:01:14,1900-01-00 00:00:00,,C4:CB:76:AF:5C:A8,-66,,0.000000,0.000000,0.000,0.000,Client
2026-04-03 14:01:14,1900-01-00 00:00:00,,C4:CB:76:AF:5C:A8,-66,,0.000000,0.000000,0.000,0.000,Client
2026-04-03 14:01:14,1900-01-00 00:00:00,,C4:CB:76:AF:5C:A8,-65,,0.000000,0.000000,0.000,0.000,Client
2026-04-03 14:01:14,1900-01-00 00:00:00,1019-wombat,B8:27:EB:7C:81:10,-63, WPA ,0.000000,0.000000,0.000,0.000,AP
2026-04-03 14:01:14,1900-01-00 00:00:00,,C4:CB:76:AF:5C:A8,-65,,0.000000,0.000000,0.000,0.000,Client
2026-04-03 14:01:14,1900-01-00 00:00:00,,C4:CB:76:AF:5C:A8,-65,,0.000000,0.000000,0.000,0.000,Client
2026-04-03 14:01:14,1900-01-00 00:00:00,,C4:CB:76:AF:5C:A8,-66,,0.000000,0.000000,0.000,0.000,Client
2026-04-03 14:01:14,1900-01-00 00:00:00,,C4:CB:76:AF:5C:A8,-65,,0.000000,0.000000,0.000,0.000,Client
2026-04-03 14:01:14,1900-01-00 00:00:00,,C4:CB:76:AF:5C:A8,-66,,0.000000,0.000000,0.000,0.000,Client
2026-04-03 14:01:14,1900-01-00 00:00:00,,C4:CB:76:AF:5C:A8,-66,,0.000000,0.000000,0.000,0.000,Client
2026-04-03 14:01:14,1900-01-00 00:00:00,1019-wombat,B8:27:EB:7C:81:10,-63, WPA ,0.000000,0.000000,0.000,0.000,AP
2026-04-03 14:01:14,1900-01-00 00:00:00,,C4:CB:76:AF:5C:A8,-66,,0.000000,0.000000,0.000,0.000,Client
2026-04-03 14:01:14,1900-01-00 00:00:00,1019-wombat,B8:27:EB:7C:81:10,-64, WPA ,0.000000,0.000000,0.000,0.000,AP
2026-04-03 14:01:14,1900-01-00 00:00:00,,C4:CB:76:AF:5C:A8,-66,,0.000000,0.000000,0.000,0.000,Client
2026-04-03 14:01:14,1900-01-00 00:00:00,,C4:CB:76:AF:5C:A8,-66,,0.000000,0.000000,0.000,0.000,Client
2026-04-03 14:01:14,1900-01-00 00:00:00,,C4:CB:76:AF:5C:A8,-66,,0.000000,0.000000,0.000,0.000,Client
2026-04-03 14:01:14,1900-01-00 00:00:00,1019-wombat,B8:27:EB:7C:81:10,-60, WPA ,0.000000,0.000000,0.000,0.000,AP
2026-04-03 14:01:14,1900-01-00 00:00:00,1019-wombat,B8:27:EB:7C:81:10,-62, WPA ,0.000000,0.000000,0.000,0.000,AP
2026-04-03 14:01:14,1900-01-00 00:00:00,1019-wombat,B8:27:EB:7C:81:10,-62, WPA ,0.000000,0.000000,0.000,0.000,AP
2026-04-03 14:01:14,1900-01-00 00:00:00,1019-wombat,B8:27:EB:7C:81:10,-64, WPA ,0.000000,0.000000,0.000,0.000,AP
2026-04-03 14:01:14,1900-01-00 00:00:00,,C4:CB:76:AF:5C:A8,-65,,0.000000,0.000000,0.000,0.000,Client
2026-04-03 14:01:14,1900-01-00 00:00:00,1019-wombat,B8:27:EB:7C:81:10,-62, WPA ,0.000000,0.000000,0.000,0.000,AP
2026-04-03 14:01:14,1900-01-00 00:00:00,1019-wombat,B8:27:EB:7C:81:10,-63, WPA ,0.000000,0.000000,0.000,0.000,AP
2026-04-03 14:01:14,1900-01-00 00:00:00,1019-wombat,B8:27:EB:7C:81:10,-62, WPA ,0.000000,0.000000,0.000,0.000,AP
2026-04-03 14:01:14,1900-01-00 00:00:00,1019-wombat,B8:27:EB:7C:81:10,-63, WPA ,0.000000,0.000000,0.000,0.000,AP
2026-04-03 14:01:14,1900-01-00 00:00:00,1019-wombat,B8:27:EB:7C:81:10,-63, WPA ,0.000000,0.000000,0.000,0.000,AP
2026-04-03 14:01:14,1900-01-00 00:00:00,1019-wombat,B8:27:EB:7C:81:10,-63, WPA ,0.000000,0.000000,0.000,0.000,AP
2026-04-03 14:01:14,1900-01-00 00:00:00,1019-wombat,B8:27:EB:7C:81:10,-61, WPA ,0.000000,0.000000,0.000,0.000,AP
2026-04-03 14:01:14,1900-01-00 00:00:00,1019-wombat,B8:27:EB:7C:81:10,-62, WPA ,0.000000,0.000000,0.000,0.000,AP
2026-04-03 14:01:14,1900-01-00 00:00:00,1019-wombat,B8:27:EB:7C:81:10,-63, WPA ,0.000000,0.000000,0.000,0.000,AP
2026-04-03 14:01:14,1900-01-00 00:00:00,1019-wombat,B8:27:EB:7C:81:10,-63, WPA ,0.000000,0.000000,0.000,0.000,AP
2026-04-03 14:01:14,1900-01-00 00:00:00,1019-wombat,B8:27:EB:7C:81:10,-63, WPA ,0.000000,0.000000,0.000,0.000,AP
2026-04-03 14:01:14,1900-01-00 00:00:00,1019-wombat,B8:27:EB:7C:81:10,-63, WPA ,0.000000,0.000000,0.000,0.000,AP
2026-04-03 14:01:14,1900-01-00 00:00:00,1019-wombat,B8:27:EB:7C:81:10,-60, WPA ,0.000000,0.000000,0.000,0.000,AP
2026-04-03 14:01:14,1900-01-00 00:00:00,1019-wombat,B8:27:EB:7C:81:10,-62, WPA ,0.000000,0.000000,0.000,0.000,AP
2026-04-03 14:01:14,1900-01-00 00:00:00,1019-wombat,B8:27:EB:7C:81:10,-64, WPA ,0.000000,0.000000,0.000,0.000,AP
2026-04-03 14:01:14,1900-01-00 00:00:00,1019-wombat,B8:27:EB:7C:81:10,-61, WPA ,0.000000,0.000000,0.000,0.000,AP
2026-04-03 14:01:14,1900-01-00 00:00:00,1019-wombat,B8:27:EB:7C:81:10,-63, WPA ,0.000000,0.000000,0.000,0.000,AP
2026-04-03 14:01:14,1900-01-00 00:00:00,1019-wombat,B8:27:EB:7C:81:10,-63, WPA ,0.000000,0.000000,0.000,0.000,AP
2026-04-03 14:01:14,1900-01-00 00:00:00,1019-wombat,B8:27:EB:7C:81:10,-63, WPA ,0.000000,0.000000,0.000,0.000,AP
2026-04-03 14:01:14,1900-01-00 00:00:00,1019-wombat,B8:27:EB:7C:81:10,-64, WPA ,0.000000,0.000000,0.000,0.000,AP
2026-04-03 14:01:15,1900-01-00 00:00:00,1019-wombat,B8:27:EB:7C:81:10,-63, WPA ,0.000000,0.000000,0.000,0.000,AP
2026-04-03 14:01:15,1900-01-00 00:00:00,1019-wombat,B8:27:EB:7C:81:10,-63, WPA ,0.000000,0.000000,0.000,0.000,AP
2026-04-03 14:01:15,1900-01-00 00:00:00,1019-wombat,B8:27:EB:7C:81:10,-63, WPA ,0.000000,0.000000,0.000,0.000,AP
2026-04-03 14:01:15,1900-01-00 00:00:00,1019-wombat,B8:27:EB:7C:81:10,-63, WPA ,0.000000,0.000000,0.000,0.000,AP
2026-04-03 14:01:15,1900-01-00 00:00:00,1019-wombat,B8:27:EB:7C:81:10,-62, WPA ,0.000000,0.000000,0.000,0.000,AP
2026-04-03 14:01:15,1900-01-00 00:00:00,,C4:CB:76:AF:5C:A8,-62,,0.000000,0.000000,0.000,0.000,Client
2026-04-03 14:01:15,1900-01-00 00:00:00,,C4:CB:76:AF:5C:A8,-61,,0.000000,0.000000,0.000,0.000,Client
2026-04-03 14:01:15,1900-01-00 00:00:00,1019-wombat,B8:27:EB:7C:81:10,-63, WPA ,0.000000,0.000000,0.000,0.000,AP
2026-04-03 14:01:15,1900-01-00 00:00:00,1019-wombat,B8:27:EB:7C:81:10,-62, WPA ,0.000000,0.000000,0.000,0.000,AP
2026-04-03 14:01:15,1900-01-00 00:00:00,1019-wombat,B8:27:EB:7C:81:10,-62, WPA ,0.000000,0.000000,0.000,0.000,AP
2026-04-03 14:01:15,1900-01-00 00:00:00,1019-wombat,B8:27:EB:7C:81:10,-64, WPA ,0.000000,0.000000,0.000,0.000,AP
2026-04-03 14:01:15,1900-01-00 00:00:00,1019-wombat,B8:27:EB:7C:81:10,-64, WPA ,0.000000,0.000000,0.000,0.000,AP
2026-04-03 14:01:15,1900-01-00 00:00:00,1019-wombat,B8:27:EB:7C:81:10,-64, WPA ,0.000000,0.000000,0.000,0.000,AP
2026-04-03 14:01:15,1900-01-00 00:00:00,1019-wombat,B8:27:EB:7C:81:10,-61, WPA ,0.000000,0.000000,0.000,0.000,AP
2026-04-03 14:01:15,1900-01-00 00:00:00,1019-wombat,B8:27:EB:7C:81:10,-64, WPA ,0.000000,0.000000,0.000,0.000,AP
2026-04-03 14:01:15,1900-01-00 00:00:00,1019-wombat,B8:27:EB:7C:81:10,-64, WPA ,0.000000,0.000000,0.000,0.000,AP
2026-04-03 14:01:15,1900-01-00 00:00:00,1019-wombat,B8:27:EB:7C:81:10,-64, WPA ,0.000000,0.000000,0.000,0.000,AP
2026-04-03 14:01:15,1900-01-00 00:00:00,1019-wombat,B8:27:EB:7C:81:10,-63, WPA ,0.000000,0.000000,0.000,0.000,AP
2026-04-03 14:01:15,1900-01-00 00:00:00,1019-wombat,B8:27:EB:7C:81:10,-63, WPA ,0.000000,0.000000,0.000,0.000,AP
2026-04-03 14:01:15,1900-01-00 00:00:00,1019-wombat,B8:27:EB:7C:81:10,-64, WPA ,0.000000,0.000000,0.000,0.000,AP
2026-04-03 14:01:15,1900-01-00 00:00:00,1019-wombat,B8:27:EB:7C:81:10,-69, WPA ,0.000000,0.000000,0.000,0.000,AP
2026-04-03 14:01:15,1900-01-00 00:00:00,1019-wombat,B8:27:EB:7C:81:10,-64, WPA ,0.000000,0.000000,0.000,0.000,AP
2026-04-03 14:01:15,1900-01-00 00:00:00,1019-wombat,B8:27:EB:7C:81:10,-64, WPA ,0.000000,0.000000,0.000,0.000,AP
2026-04-03 14:01:15,1900-01-00 00:00:00,1019-wombat,B8:27:EB:7C:81:10,-64, WPA ,0.000000,0.000000,0.000,0.000,AP
2026-04-03 14:01:15,1900-01-00 00:00:00,1019-wombat,B8:27:EB:7C:81:10,-64, WPA ,0.000000,0.000000,0.000,0.000,AP
2026-04-03 14:01:15,1900-01-00 00:00:00,1019-wombat,B8:27:EB:7C:81:10,-64, WPA ,0.000000,0.000000,0.000,0.000,AP
2026-04-03 14:01:15,1900-01-00 00:00:00,1019-wombat,B8:27:EB:7C:81:10,-65, WPA ,0.000000,0.000000,0.000,0.000,AP
2026-04-03 14:01:15,1900-01-00 00:00:00,1019-wombat,B8:27:EB:7C:81:10,-63, WPA ,0.000000,0.000000,0.000,0.000,AP
2026-04-03 14:01:15,1900-01-00 00:00:00,1019-wombat,B8:27:EB:7C:81:10,-65, WPA ,0.000000,0.000000,0.000,0.000,AP
2026-04-03 14:01:15,1900-01-00 00:00:00,1019-wombat,B8:27:EB:7C:81:10,-66, WPA ,0.000000,0.000000,0.000,0.000,AP
2026-04-03 14:01:15,1900-01-00 00:00:00,1019-wombat,B8:27:EB:7C:81:10,-65, WPA ,0.000000,0.000000,0.000,0.000,AP
2026-04-03 14:01:15,1900-01-00 00:00:00,1019-wombat,B8:27:EB:7C:81:10,-65, WPA ,0.000000,0.000000,0.000,0.000,AP
2026-04-03 14:01:15,1900-01-00 00:00:00,1019-wombat,B8:27:EB:7C:81:10,-64, WPA ,0.000000,0.000000,0.000,0.000,AP
2026-04-03 14:01:15,1900-01-00 00:00:00,1019-wombat,B8:27:EB:7C:81:10,-65, WPA ,0.000000,0.000000,0.000,0.000,AP
2026-04-03 14:01:15,1900-01-00 00:00:00,1019-wombat,B8:27:EB:7C:81:10,-64, WPA ,0.000000,0.000000,0.000,0.000,AP
2026-04-03 14:01:15,1900-01-00 00:00:00,1019-wombat,B8:27:EB:7C:81:10,-64, WPA ,0.000000,0.000000,0.000,0.000,AP
2026-04-03 14:01:15,1900-01-00 00:00:00,1019-wombat,B8:27:EB:7C:81:10,-62, WPA ,0.000000,0.000000,0.000,0.000,AP
2026-04-03 14:01:15,1900-01-00 00:00:00,1019-wombat,B8:27:EB:7C:81:10,-62, WPA ,0.000000,0.000000,0.000,0.000,AP
2026-04-03 14:01:15,1900-01-00 00:00:00,1019-wombat,B8:27:EB:7C:81:10,-65, WPA ,0.000000,0.000000,0.000,0.000,AP
2026-04-03 14:01:15,1900-01-00 00:00:00,1019-wombat,B8:27:EB:7C:81:10,-64, WPA ,0.000000,0.000000,0.000,0.000,AP
2026-04-03 14:01:15,1900-01-00 00:00:00,1019-wombat,B8:27:EB:7C:81:10,-64, WPA ,0.000000,0.000000,0.000,0.000,AP
2026-04-03 14:01:15,1900-01-00 00:00:00,1019-wombat,B8:27:EB:7C:81:10,-64, WPA ,0.000000,0.000000,0.000,0.000,AP
2026-04-03 14:01:15,1900-01-00 00:00:00,1019-wombat,B8:27:EB:7C:81:10,-63, WPA ,0.000000,0.000000,0.000,0.000,AP
2026-04-03 14:01:16,1900-01-00 00:00:00,1019-wombat,B8:27:EB:7C:81:10,-62, WPA ,0.000000,0.000000,0.000,0.000,AP
2026-04-03 14:01:16,1900-01-00 00:00:00,1019-wombat,B8:27:EB:7C:81:10,-64, WPA ,0.000000,0.000000,0.000,0.000,AP
2026-04-03 14:01:16,1900-01-00 00:00:00,1019-wombat,B8:27:EB:7C:81:10,-65, WPA ,0.000000,0.000000,0.000,0.000,AP
2026-04-03 14:01:16,1900-01-00 00:00:00,1019-wombat,B8:27:EB:7C:81:10,-64, WPA ,0.000000,0.000000,0.000,0.000,AP
2026-04-03 14:01:16,1900-01-00 00:00:00,1019-wombat,B8:27:EB:7C:81:10,-65, WPA ,0.000000,0.000000,0.000,0.000,AP
2026-04-03 14:01:16,1900-01-00 00:00:00,1019-wombat,B8:27:EB:7C:81:10,-65, WPA ,0.000000,0.000000,0.000,0.000,AP
2026-04-03 14:01:16,1900-01-00 00:00:00,1019-wombat,B8:27:EB:7C:81:10,-65, WPA ,0.000000,0.000000,0.000,0.000,AP
2026-04-03 14:01:16,1900-01-00 00:00:00,1019-wombat,B8:27:EB:7C:81:10,-64, WPA ,0.000000,0.000000,0.000,0.000,AP
2026-04-03 14:01:16,1900-01-00 00:00:00,1019-wombat,B8:27:EB:7C:81:10,-65, WPA ,0.000000,0.000000,0.000,0.000,AP
2026-04-03 14:01:16,1900-01-00 00:00:00,1019-wombat,B8:27:EB:7C:81:10,-65, WPA ,0.000000,0.000000,0.000,0.000,AP
2026-04-03 14:01:16,1900-01-00 00:00:00,1019-wombat,B8:27:EB:7C:81:10,-65, WPA ,0.000000,0.000000,0.000,0.000,AP
2026-04-03 14:01:16,1900-01-00 00:00:00,1019-wombat,B8:27:EB:7C:81:10,-64, WPA ,0.000000,0.000000,0.000,0.000,AP
2026-04-03 14:01:16,1900-01-00 00:00:00,1019-wombat,B8:27:EB:7C:81:10,-65, WPA ,0.000000,0.000000,0.000,0.000,AP
2026-04-03 14:01:16,1900-01-00 00:00:00,1019-wombat,B8:27:EB:7C:81:10,-64, WPA ,0.000000,0.000000,0.000,0.000,AP
2026-04-03 14:01:16,1900-01-00 00:00:00,1019-wombat,B8:27:EB:7C:81:10,-65, WPA ,0.000000,0.000000,0.000,0.000,AP
2026-04-03 14:01:16,1900-01-00 00:00:00,1019-wombat,B8:27:EB:7C:81:10,-64, WPA ,0.000000,0.000000,0.000,0.000,AP
2026-04-03 14:01:16,1900-01-00 00:00:00,1019-wombat,B8:27:EB:7C:81:10,-64, WPA ,0.000000,0.000000,0.000,0.000,AP
2026-04-03 14:01:16,1900-01-00 00:00:00,1019-wombat,B8:27:EB:7C:81:10,-64, WPA ,0.000000,0.000000,0.000,0.000,AP
2026-04-03 14:01:16,1900-01-00 00:00:00,1019-wombat,B8:27:EB:7C:81:10,-64, WPA ,0.000000,0.000000,0.000,0.000,AP
2026-04-03 14:01:16,1900-01-00 00:00:00,1019-wombat,B8:27:EB:7C:81:10,-64, WPA ,0.000000,0.000000,0.000,0.000,AP
2026-04-03 14:01:16,1900-01-00 00:00:00,1019-wombat,B8:27:EB:7C:81:10,-64, WPA ,0.000000,0.000000,0.000,0.000,AP
2026-04-03 14:01:16,1900-01-00 00:00:00,1019-wombat,B8:27:EB:7C:81:10,-64, WPA ,0.000000,0.000000,0.000,0.000,AP
2026-04-03 14:01:16,1900-01-00 00:00:00,1019-wombat,B8:27:EB:7C:81:10,-64, WPA ,0.000000,0.000000,0.000,0.000,AP
2026-04-03 14:01:16,1900-01-00 00:00:00,1019-wombat,B8:27:EB:7C:81:10,-64, WPA ,0.000000,0.000000,0.000,0.000,AP
2026-04-03 14:01:16,1900-01-00 00:00:00,1019-wombat,B8:27:EB:7C:81:10,-64, WPA ,0.000000,0.000000,0.000,0.000,AP
2026-04-03 14:01:16,1900-01-00 00:00:00,1019-wombat,B8:27:EB:7C:81:10,-63, WPA ,0.000000,0.000000,0.000,0.000,AP
2026-04-03 14:01:16,1900-01-00 00:00:00,1019-wombat,B8:27:EB:7C:81:10,-64, WPA ,0.000000,0.000000,0.000,0.000,AP
2026-04-03 14:01:16,1900-01-00 00:00:00,1019-wombat,B8:27:EB:7C:81:10,-64, WPA ,0.000000,0.000000,0.000,0.000,AP
2026-04-03 14:01:16,1900-01-00 00:00:00,1019-wombat,B8:27:EB:7C:81:10,-62, WPA ,0.000000,0.000000,0.000,0.000,AP
2026-04-03 14:01:16,1900-01-00 00:00:00,1019-wombat,B8:27:EB:7C:81:10,-63, WPA ,0.000000,0.000000,0.000,0.000,AP
2026-04-03 14:01:16,1900-01-00 00:00:00,1019-wombat,B8:27:EB:7C:81:10,-64, WPA ,0.000000,0.000000,0.000,0.000,AP
2026-04-03 14:01:16,1900-01-00 00:00:00,1019-wombat,B8:27:EB:7C:81:10,-64, WPA ,0.000000,0.000000,0.000,0.000,AP
2026-04-03 14:01:16,1900-01-00 00:00:00,1019-wombat,B8:27:EB:7C:81:10,-65, WPA ,0.000000,0.000000,0.000,0.000,AP
2026-04-03 14:01:16,1900-01-00 00:00:00,1019-wombat,B8:27:EB:7C:81:10,-65, WPA ,0.000000,0.000000,0.000,0.000,AP
2026-04-03 14:01:16,1900-01-00 00:00:00,1019-wombat,B8:27:EB:7C:81:10,-65, WPA ,0.000000,0.000000,0.000,0.000,AP
2026-04-03 14:01:16,1900-01-00 00:00:00,1019-wombat,B8:27:EB:7C:81:10,-65, WPA ,0.000000,0.000000,0.000,0.000,AP
2026-04-03 14:01:16,1900-01-00 00:00:00,1019-wombat,B8:27:EB:7C:81:10,-65, WPA ,0.000000,0.000000,0.000,0.000,AP
2026-04-03 14:01:16,1900-01-00 00:00:00,1019-wombat,B8:27:EB:7C:81:10,-64, WPA ,0.000000,0.000000,0.000,0.000,AP
2026-04-03 14:01:16,1900-01-00 00:00:00,1019-wombat,B8:27:EB:7C:81:10,-64, WPA ,0.000000,0.000000,0.000,0.000,AP
2026-04-03 14:01:16,1900-01-00 00:00:00,1019-wombat,B8:27:EB:7C:81:10,-65, WPA ,0.000000,0.000000,0.000,0.000,AP
2026-04-03 14:01:16,1900-01-00 00:00:00,1019-wombat,B8:27:EB:7C:81:10,-63, WPA ,0.000000,0.000000,0.000,0.000,AP
2026-04-03 14:01:17,1900-01-00 00:00:00,1019-wombat,B8:27:EB:7C:81:10,-64, WPA ,0.000000,0.000000,0.000,0.000,AP
2026-04-03 14:01:17,1900-01-00 00:00:00,1019-wombat,B8:27:EB:7C:81:10,-64, WPA ,0.000000,0.000000,0.000,0.000,AP
2026-04-03 14:01:17,1900-01-00 00:00:00,1019-wombat,B8:27:EB:7C:81:10,-63, WPA ,0.000000,0.000000,0.000,0.000,AP
2026-04-03 14:01:17,1900-01-00 00:00:00,1019-wombat,B8:27:EB:7C:81:10,-63, WPA ,0.000000,0.000000,0.000,0.000,AP
2026-04-03 14:01:17,1900-01-00 00:00:00,1019-wombat,B8:27:EB:7C:81:10,-63, WPA ,0.000000,0.000000,0.000,0.000,AP
2026-04-03 14:01:17,1900-01-00 00:00:00,1019-wombat,B8:27:EB:7C:81:10,-64, WPA ,0.000000,0.000000,0.000,0.000,AP
2026-04-03 14:01:17,1900-01-00 00:00:00,1019-wombat,B8:27:EB:7C:81:10,-64, WPA ,0.000000,0.000000,0.000,0.000,AP
2026-04-03 14:01:17,1900-01-00 00:00:00,1019-wombat,B8:27:EB:7C:81:10,-63, WPA ,0.000000,0.000000,0.000,0.000,AP
2026-04-03 14:01:17,1900-01-00 00:00:00,1019-wombat,B8:27:EB:7C:81:10,-63, WPA ,0.000000,0.000000,0.000,0.000,AP
2026-04-03 14:01:17,1900-01-00 00:00:00,1019-wombat,B8:27:EB:7C:81:10,-63, WPA ,0.000000,0.000000,0.000,0.000,AP
2026-04-03 14:01:17,1900-01-00 00:00:00,1019-wombat,B8:27:EB:7C:81:10,-63, WPA ,0.000000,0.000000,0.000,0.000,AP
2026-04-03 14:01:17,1900-01-00 00:00:00,1019-wombat,B8:27:EB:7C:81:10,-64, WPA ,0.000000,0.000000,0.000,0.000,AP
2026-04-03 14:01:17,1900-01-00 00:00:00,1019-wombat,B8:27:EB:7C:81:10,-63, WPA ,0.000000,0.000000,0.000,0.000,AP
2026-04-03 14:01:17,1900-01-00 00:00:00,1019-wombat,B8:27:EB:7C:81:10,-62, WPA ,0.000000,0.000000,0.000,0.000,AP
2026-04-03 14:01:17,1900-01-00 00:00:00,1019-wombat,B8:27:EB:7C:81:10,-63, WPA ,0.000000,0.000000,0.000,0.000,AP
2026-04-03 14:01:17,1900-01-00 00:00:00,1019-wombat,B8:27:EB:7C:81:10,-64, WPA ,0.000000,0.000000,0.000,0.000,AP
2026-04-03 14:01:17,1900-01-00 00:00:00,1019-wombat,B8:27:EB:7C:81:10,-64, WPA ,0.000000,0.000000,0.000,0.000,AP
2026-04-03 14:01:18,1900-01-00 00:00:00,1019-wombat,B8:27:EB:7C:81:10,-65, WPA ,0.000000,0.000000,0.000,0.000,AP
2026-04-03 14:01:18,1900-01-00 00:00:00,1019-wombat,B8:27:EB:7C:81:10,-63, WPA ,0.000000,0.000000,0.000,0.000,AP
2026-04-03 14:01:18,1900-01-00 00:00:00,1019-wombat,B8:27:EB:7C:81:10,-64, WPA ,0.000000,0.000000,0.000,0.000,AP
2026-04-03 14:01:18,1900-01-00 00:00:00,1019-wombat,B8:27:EB:7C:81:10,-65, WPA ,0.000000,0.000000,0.000,0.000,AP
2026-04-03 14:01:18,1900-01-00 00:00:00,1019-wombat,B8:27:EB:7C:81:10,-62, WPA ,0.000000,0.000000,0.000,0.000,AP
2026-04-03 14:01:18,1900-01-00 00:00:00,1019-wombat,B8:27:EB:7C:81:10,-63, WPA ,0.000000,0.000000,0.000,0.000,AP
2026-04-03 14:01:18,1900-01-00 00:00:00,1019-wombat,B8:27:EB:7C:81:10,-64, WPA ,0.000000,0.000000,0.000,0.000,AP
2026-04-03 14:01:18,1900-01-00 00:00:00,1019-wombat,B8:27:EB:7C:81:10,-64, WPA ,0.000000,0.000000,0.000,0.000,AP
2026-04-03 14:01:18,1900-01-00 00:00:00,1019-wombat,B8:27:EB:7C:81:10,-65, WPA ,0.000000,0.000000,0.000,0.000,AP
2026-04-03 14:01:18,1900-01-00 00:00:00,1019-wombat,B8:27:EB:7C:81:10,-64, WPA ,0.000000,0.000000,0.000,0.000,AP
2026-04-03 14:01:18,1900-01-00 00:00:00,1019-wombat,B8:27:EB:7C:81:10,-64, WPA ,0.000000,0.000000,0.000,0.000,AP
2026-04-03 14:01:18,1900-01-00 00:00:00,1019-wombat,B8:27:EB:7C:81:10,-64, WPA ,0.000000,0.000000,0.000,0.000,AP
2026-04-03 14:01:18,1900-01-00 00:00:00,1019-wombat,B8:27:EB:7C:81:10,-64, WPA ,0.000000,0.000000,0.000,0.000,AP
2026-04-03 14:01:18,1900-01-00 00:00:00,1019-wombat,B8:27:EB:7C:81:10,-63, WPA ,0.000000,0.000000,0.000,0.000,AP
2026-04-03 14:01:18,1900-01-00 00:00:00,1019-wombat,B8:27:EB:7C:81:10,-63, WPA ,0.000000,0.000000,0.000,0.000,AP
2026-04-03 14:01:18,1900-01-00 00:00:00,1019-wombat,B8:27:EB:7C:81:10,-63, WPA ,0.000000,0.000000,0.000,0.000,AP
2026-04-03 14:01:18,1900-01-00 00:00:00,1019-wombat,B8:27:EB:7C:81:10,-63, WPA ,0.000000,0.000000,0.000,0.000,AP
2026-04-03 14:01:18,1900-01-00 00:00:00,1019-wombat,B8:27:EB:7C:81:10,-63, WPA ,0.000000,0.000000,0.000,0.000,AP
2026-04-03 14:01:18,1900-01-00 00:00:00,1019-wombat,B8:27:EB:7C:81:10,-60, WPA ,0.000000,0.000000,0.000,0.000,AP
2026-04-03 14:01:18,1900-01-00 00:00:00,1019-wombat,B8:27:EB:7C:81:10,-56, WPA ,0.000000,0.000000,0.000,0.000,AP
2026-04-03 14:01:18,1900-01-00 00:00:00,1019-wombat,B8:27:EB:7C:81:10,-62, WPA ,0.000000,0.000000,0.000,0.000,AP
2026-04-03 14:01:18,1900-01-00 00:00:00,1019-wombat,B8:27:EB:7C:81:10,-63, WPA ,0.000000,0.000000,0.000,0.000,AP
2026-04-03 14:01:19,1900-01-00 00:00:00,1019-wombat,B8:27:EB:7C:81:10,-62, WPA ,0.000000,0.000000,0.000,0.000,AP
2026-04-03 14:01:19,1900-01-00 00:00:00,1019-wombat,B8:27:EB:7C:81:10,-64, WPA ,0.000000,0.000000,0.000,0.000,AP
2026-04-03 14:01:19,1900-01-00 00:00:00,1019-wombat,B8:27:EB:7C:81:10,-65, WPA ,0.000000,0.000000,0.000,0.000,AP
2026-04-03 14:01:19,1900-01-00 00:00:00,1019-wombat,B8:27:EB:7C:81:10,-65, WPA ,0.000000,0.000000,0.000,0.000,AP
2026-04-03 14:01:19,1900-01-00 00:00:00,1019-wombat,B8:27:EB:7C:81:10,-65, WPA ,0.000000,0.000000,0.000,0.000,AP
2026-04-03 14:01:19,1900-01-00 00:00:00,1019-wombat,B8:27:EB:7C:81:10,-64, WPA ,0.000000,0.000000,0.000,0.000,AP
2026-04-03 14:01:19,1900-01-00 00:00:00,1019-wombat,B8:27:EB:7C:81:10,-65, WPA ,0.000000,0.000000,0.000,0.000,AP
2026-04-03 14:01:19,1900-01-00 00:00:00,1019-wombat,B8:27:EB:7C:81:10,-64, WPA ,0.000000,0.000000,0.000,0.000,AP
2026-04-03 14:01:19,1900-01-00 00:00:00,1019-wombat,B8:27:EB:7C:81:10,-64, WPA ,0.000000,0.000000,0.000,0.000,AP
2026-04-03 14:01:19,1900-01-00 00:00:00,1019-wombat,B8:27:EB:7C:81:10,-63, WPA ,0.000000,0.000000,0.000,0.000,AP
2026-04-03 14:01:19,1900-01-00 00:00:00,1019-wombat,B8:27:EB:7C:81:10,-62, WPA ,0.000000,0.000000,0.000,0.000,AP
2026-04-03 14:01:19,1900-01-00 00:00:00,1019-wombat,B8:27:EB:7C:81:10,-66, WPA ,0.000000,0.000000,0.000,0.000,AP
2026-04-03 14:01:19,1900-01-00 00:00:00,1019-wombat,B8:27:EB:7C:81:10,-64, WPA ,0.000000,0.000000,0.000,0.000,AP
2026-04-03 14:01:19,1900-01-00 00:00:00,1019-wombat,B8:27:EB:7C:81:10,-64, WPA ,0.000000,0.000000,0.000,0.000,AP
2026-04-03 14:01:19,1900-01-00 00:00:00,1019-wombat,B8:27:EB:7C:81:10,-64, WPA ,0.000000,0.000000,0.000,0.000,AP
2026-04-03 14:01:19,1900-01-00 00:00:00,1019-wombat,B8:27:EB:7C:81:10,-64, WPA ,0.000000,0.000000,0.000,0.000,AP
2026-04-03 14:01:19,1900-01-00 00:00:00,1019-wombat,B8:27:EB:7C:81:10,-64, WPA ,0.000000,0.000000,0.000,0.000,AP
2026-04-03 14:01:19,1900-01-00 00:00:00,1019-wombat,B8:27:EB:7C:81:10,-64, WPA ,0.000000,0.000000,0.000,0.000,AP
2026-04-03 14:01:19,1900-01-00 00:00:00,1019-wombat,B8:27:EB:7C:81:10,-64, WPA ,0.000000,0.000000,0.000,0.000,AP
2026-04-03 14:01:20,1900-01-00 00:00:00,1019-wombat,B8:27:EB:7C:81:10,-65, WPA ,0.000000,0.000000,0.000,0.000,AP
2026-04-03 14:01:20,1900-01-00 00:00:00,1019-wombat,B8:27:EB:7C:81:10,-65, WPA ,0.000000,0.000000,0.000,0.000,AP
2026-04-03 14:01:20,1900-01-00 00:00:00,1019-wombat,B8:27:EB:7C:81:10,-64, WPA ,0.000000,0.000000,0.000,0.000,AP
2026-04-03 14:01:20,1900-01-00 00:00:00,1019-wombat,B8:27:EB:7C:81:10,-63, WPA ,0.000000,0.000000,0.000,0.000,AP
2026-04-03 14:01:20,1900-01-00 00:00:00,1019-wombat,B8:27:EB:7C:81:10,-63, WPA ,0.000000,0.000000,0.000,0.000,AP
2026-04-03 14:01:20,1900-01-00 00:00:00,1019-wombat,B8:27:EB:7C:81:10,-64, WPA ,0.000000,0.000000,0.000,0.000,AP
2026-04-03 14:01:20,1900-01-00 00:00:00,1019-wombat,B8:27:EB:7C:81:10,-63, WPA ,0.000000,0.000000,0.000,0.000,AP
2026-04-03 14:01:20,1900-01-00 00:00:00,1019-wombat,B8:27:EB:7C:81:10,-61, WPA ,0.000000,0.000000,0.000,0.000,AP
2026-04-03 14:01:20,1900-01-00 00:00:00,1019-wombat,B8:27:EB:7C:81:10,-65, WPA ,0.000000,0.000000,0.000,0.000,AP
2026-04-03 14:01:20,1900-01-00 00:00:00,1019-wombat,B8:27:EB:7C:81:10,-64, WPA ,0.000000,0.000000,0.000,0.000,AP
2026-04-03 14:01:20,1900-01-00 00:00:00,1019-wombat,B8:27:EB:7C:81:10,-63, WPA ,0.000000,0.000000,0.000,0.000,AP
2026-04-03 14:01:20,1900-01-00 00:00:00,1019-wombat,B8:27:EB:7C:81:10,-63, WPA ,0.000000,0.000000,0.000,0.000,AP
2026-04-03 14:01:21,1900-01-00 00:00:00,1019-wombat,B8:27:EB:7C:81:10,-63, WPA ,0.000000,0.000000,0.000,0.000,AP
2026-04-03 14:01:21,1900-01-00 00:00:00,1019-wombat,B8:27:EB:7C:81:10,-63, WPA ,0.000000,0.000000,0.000,0.000,AP
2026-04-03 14:01:21,1900-01-00 00:00:00,1019-wombat,B8:27:EB:7C:81:10,-63, WPA ,0.000000,0.000000,0.000,0.000,AP
2026-04-03 14:01:21,1900-01-00 00:00:00,1019-wombat,B8:27:EB:7C:81:10,-63, WPA ,0.000000,0.000000,0.000,0.000,AP
2026-04-03 14:01:21,1900-01-00 00:00:00,1019-wombat,B8:27:EB:7C:81:10,-63, WPA ,0.000000,0.000000,0.000,0.000,AP
2026-04-03 14:01:21,1900-01-00 00:00:00,1019-wombat,B8:27:EB:7C:81:10,-62, WPA ,0.000000,0.000000,0.000,0.000,AP
2026-04-03 14:01:21,1900-01-00 00:00:00,1019-wombat,B8:27:EB:7C:81:10,-65, WPA ,0.000000,0.000000,0.000,0.000,AP
2026-04-03 14:01:21,1900-01-00 00:00:00,1019-wombat,B8:27:EB:7C:81:10,-65, WPA ,0.000000,0.000000,0.000,0.000,AP
2026-04-03 14:01:21,1900-01-00 00:00:00,1019-wombat,B8:27:EB:7C:81:10,-65, WPA ,0.000000,0.000000,0.000,0.000,AP
2026-04-03 14:01:21,1900-01-00 00:00:00,1019-wombat,B8:27:EB:7C:81:10,-65, WPA ,0.000000,0.000000,0.000,0.000,AP
2026-04-03 14:01:21,1900-01-00 00:00:00,1019-wombat,B8:27:EB:7C:81:10,-65, WPA ,0.000000,0.000000,0.000,0.000,AP
2026-04-03 14:01:22,1900-01-00 00:00:00,1019-wombat,B8:27:EB:7C:81:10,-64, WPA ,0.000000,0.000000,0.000,0.000,AP
2026-04-03 14:01:22,1900-01-00 00:00:00,1019-wombat,B8:27:EB:7C:81:10,-62, WPA ,0.000000,0.000000,0.000,0.000,AP
2026-04-03 14:01:22,1900-01-00 00:00:00,1019-wombat,B8:27:EB:7C:81:10,-65, WPA ,0.000000,0.000000,0.000,0.000,AP
2026-04-03 14:01:22,1900-01-00 00:00:00,1019-wombat,B8:27:EB:7C:81:10,-66, WPA ,0.000000,0.000000,0.000,0.000,AP
2026-04-03 14:01:22,1900-01-00 00:00:00,1019-wombat,B8:27:EB:7C:81:10,-65, WPA ,0.000000,0.000000,0.000,0.000,AP
2026-04-03 14:01:22,1900-01-00 00:00:00,1019-wombat,B8:27:EB:7C:81:10,-64, WPA ,0.000000,0.000000,0.000,0.000,AP
2026-04-03 14:01:22,1900-01-00 00:00:00,1019-wombat,B8:27:EB:7C:81:10,-64, WPA ,0.000000,0.000000,0.000,0.000,AP
2026-04-03 14:01:22,1900-01-00 00:00:00,1019-wombat,B8:27:EB:7C:81:10,-56, WPA ,0.000000,0.000000,0.000,0.000,AP
2026-04-03 14:01:22,1900-01-00 00:00:00,1019-wombat,B8:27:EB:7C:81:10,-65, WPA ,0.000000,0.000000,0.000,0.000,AP
2026-04-03 14:01:22,1900-01-00 00:00:00,1019-wombat,B8:27:EB:7C:81:10,-62, WPA ,0.000000,0.000000,0.000,0.000,AP
2026-04-03 14:01:22,1900-01-00 00:00:00,1019-wombat,B8:27:EB:7C:81:10,-64, WPA ,0.000000,0.000000,0.000,0.000,AP
2026-04-03 14:01:22,1900-01-00 00:00:00,1019-wombat,B8:27:EB:7C:81:10,-64, WPA ,0.000000,0.000000,0.000,0.000,AP
2026-04-03 14:01:22,1900-01-00 00:00:00,1019-wombat,B8:27:EB:7C:81:10,-64, WPA ,0.000000,0.000000,0.000,0.000,AP
2026-04-03 14:01:22,1900-01-00 00:00:00,1019-wombat,B8:27:EB:7C:81:10,-64, WPA ,0.000000,0.000000,0.000,0.000,AP
2026-04-03 14:01:22,1900-01-00 00:00:00,1019-wombat,B8:27:EB:7C:81:10,-63, WPA ,0.000000,0.000000,0.000,0.000,AP
2026-04-03 14:01:22,1900-01-00 00:00:00,1019-wombat,B8:27:EB:7C:81:10,-62, WPA ,0.000000,0.000000,0.000,0.000,AP
2026-04-03 14:01:22,1900-01-00 00:00:00,1019-wombat,B8:27:EB:7C:81:10,-61, WPA ,0.000000,0.000000,0.000,0.000,AP
2026-04-03 14:01:22,1900-01-00 00:00:00,1019-wombat,B8:27:EB:7C:81:10,-63, WPA ,0.000000,0.000000,0.000,0.000,AP
2026-04-03 14:01:22,1900-01-00 00:00:00,1019-wombat,B8:27:EB:7C:81:10,-62, WPA ,0.000000,0.000000,0.000,0.000,AP
2026-04-03 14:01:22,1900-01-00 00:00:00,1019-wombat,B8:27:EB:7C:81:10,-61, WPA ,0.000000,0.000000,0.000,0.000,AP
2026-04-03 14:01:22,1900-01-00 00:00:00,1019-wombat,B8:27:EB:7C:81:10,-61, WPA ,0.000000,0.000000,0.000,0.000,AP
2026-04-03 14:01:22,1900-01-00 00:00:00,1019-wombat,B8:27:EB:7C:81:10,-61, WPA ,0.000000,0.000000,0.000,0.000,AP
2026-04-03 14:01:22,1900-01-00 00:00:00,1019-wombat,B8:27:EB:7C:81:10,-61, WPA ,0.000000,0.000000,0.000,0.000,AP
2026-04-03 14:01:22,1900-01-00 00:00:00,1019-wombat,B8:27:EB:7C:81:10,-62, WPA ,0.000000,0.000000,0.000,0.000,AP
2026-04-03 14:01:23,1900-01-00 00:00:00,1019-wombat,B8:27:EB:7C:81:10,-63, WPA ,0.000000,0.000000,0.000,0.000,AP
2026-04-03 14:01:23,1900-01-00 00:00:00,1019-wombat,B8:27:EB:7C:81:10,-64, WPA ,0.000000,0.000000,0.000,0.000,AP
2026-04-03 14:01:23,1900-01-00 00:00:00,1019-wombat,B8:27:EB:7C:81:10,-64, WPA ,0.000000,0.000000,0.000,0.000,AP
2026-04-03 14:01:23,1900-01-00 00:00:00,1019-wombat,B8:27:EB:7C:81:10,-67, WPA ,0.000000,0.000000,0.000,0.000,AP
2026-04-03 14:01:23,1900-01-00 00:00:00,1019-wombat,B8:27:EB:7C:81:10,-65, WPA ,0.000000,0.000000,0.000,0.000,AP
2026-04-03 14:01:23,1900-01-00 00:00:00,1019-wombat,B8:27:EB:7C:81:10,-66, WPA ,0.000000,0.000000,0.000,0.000,AP
2026-04-03 14:01:23,1900-01-00 00:00:00,1019-wombat,B8:27:EB:7C:81:10,-64, WPA ,0.000000,0.000000,0.000,0.000,AP
2026-04-03 14:01:23,1900-01-00 00:00:00,1019-wombat,B8:27:EB:7C:81:10,-64, WPA ,0.000000,0.000000,0.000,0.000,AP
2026-04-03 14:01:23,1900-01-00 00:00:00,1019-wombat,B8:27:EB:7C:81:10,-65, WPA ,0.000000,0.000000,0.000,0.000,AP
2026-04-03 14:01:23,1900-01-00 00:00:00,1019-wombat,B8:27:EB:7C:81:10,-65, WPA ,0.000000,0.000000,0.000,0.000,AP
2026-04-03 14:01:23,1900-01-00 00:00:00,1019-wombat,B8:27:EB:7C:81:10,-65, WPA ,0.000000,0.000000,0.000,0.000,AP
2026-04-03 14:01:23,1900-01-00 00:00:00,1019-wombat,B8:27:EB:7C:81:10,-65, WPA ,0.000000,0.000000,0.000,0.000,AP
2026-04-03 14:01:23,1900-01-00 00:00:00,1019-wombat,B8:27:EB:7C:81:10,-66, WPA ,0.000000,0.000000,0.000,0.000,AP
2026-04-03 14:01:23,1900-01-00 00:00:00,1019-wombat,B8:27:EB:7C:81:10,-63, WPA ,0.000000,0.000000,0.000,0.000,AP
2026-04-03 14:01:23,1900-01-00 00:00:00,1019-wombat,B8:27:EB:7C:81:10,-66, WPA ,0.000000,0.000000,0.000,0.000,AP
2026-04-03 14:01:23,1900-01-00 00:00:00,1019-wombat,B8:27:EB:7C:81:10,-66, WPA ,0.000000,0.000000,0.000,0.000,AP
2026-04-03 14:01:23,1900-01-00 00:00:00,1019-wombat,B8:27:EB:7C:81:10,-64, WPA ,0.000000,0.000000,0.000,0.000,AP
2026-04-03 14:01:23,1900-01-00 00:00:00,1019-wombat,B8:27:EB:7C:81:10,-64, WPA ,0.000000,0.000000,0.000,0.000,AP
2026-04-03 14:01:24,1900-01-00 00:00:00,1019-wombat,B8:27:EB:7C:81:10,-65, WPA ,0.000000,0.000000,0.000,0.000,AP
2026-04-03 14:01:24,1900-01-00 00:00:00,1019-wombat,B8:27:EB:7C:81:10,-64, WPA ,0.000000,0.000000,0.000,0.000,AP
2026-04-03 14:01:24,1900-01-00 00:00:00,1019-wombat,B8:27:EB:7C:81:10,-64, WPA ,0.000000,0.000000,0.000,0.000,AP
2026-04-03 14:01:24,1900-01-00 00:00:00,1019-wombat,B8:27:EB:7C:81:10,-63, WPA ,0.000000,0.000000,0.000,0.000,AP
2026-04-03 14:01:24,1900-01-00 00:00:00,1019-wombat,B8:27:EB:7C:81:10,-65, WPA ,0.000000,0.000000,0.000,0.000,AP
2026-04-03 14:01:24,1900-01-00 00:00:00,1019-wombat,B8:27:EB:7C:81:10,-66, WPA ,0.000000,0.000000,0.000,0.000,AP
2026-04-03 14:01:24,1900-01-00 00:00:00,1019-wombat,B8:27:EB:7C:81:10,-67, WPA ,0.000000,0.000000,0.000,0.000,AP
2026-04-03 14:01:24,1900-01-00 00:00:00,1019-wombat,B8:27:EB:7C:81:10,-65, WPA ,0.000000,0.000000,0.000,0.000,AP
2026-04-03 14:01:24,1900-01-00 00:00:00,1019-wombat,B8:27:EB:7C:81:10,-66, WPA ,0.000000,0.000000,0.000,0.000,AP
2026-04-03 14:01:24,1900-01-00 00:00:00,1019-wombat,B8:27:EB:7C:81:10,-65, WPA ,0.000000,0.000000,0.000,0.000,AP
2026-04-03 14:01:25,1900-01-00 00:00:00,1019-wombat,B8:27:EB:7C:81:10,-66, WPA ,0.000000,0.000000,0.000,0.000,AP
2026-04-03 14:01:25,1900-01-00 00:00:00,,C4:CB:76:AF:5C:A8,-59,,0.000000,0.000000,0.000,0.000,Client
2026-04-03 14:01:25,1900-01-00 00:00:00,,C4:CB:76:AF:5C:A8,-59,,0.000000,0.000000,0.000,0.000,Client
2026-04-03 14:01:25,1900-01-00 00:00:00,1019-wombat,B8:27:EB:7C:81:10,-66, WPA ,0.000000,0.000000,0.000,0.000,AP
2026-04-03 14:01:25,1900-01-00 00:00:00,,C4:CB:76:AF:5C:A8,-60,,0.000000,0.000000,0.000,0.000,Client
2026-04-03 14:01:25,1900-01-00 00:00:00,1019-wombat,B8:27:EB:7C:81:10,-66, WPA ,0.000000,0.000000,0.000,0.000,AP
2026-04-03 14:01:25,1900-01-00 00:00:00,1019-wombat,B8:27:EB:7C:81:10,-64, WPA ,0.000000,0.000000,0.000,0.000,AP
2026-04-03 14:01:25,1900-01-00 00:00:00,,C4:CB:76:AF:5C:A8,-60,,0.000000,0.000000,0.000,0.000,Client
2026-04-03 14:01:25,1900-01-00 00:00:00,1019-wombat,B8:27:EB:7C:81:10,-64, WPA ,0.000000,0.000000,0.000,0.000,AP
2026-04-03 14:01:25,1900-01-00 00:00:00,,C4:CB:76:AF:5C:A8,-60,,0.000000,0.000000,0.000,0.000,Client
2026-04-03 14:01:25,1900-01-00 00:00:00,1019-wombat,B8:27:EB:7C:81:10,-64, WPA ,0.000000,0.000000,0.000,0.000,AP
2026-04-03 14:01:25,1900-01-00 00:00:00,1019-wombat,B8:27:EB:7C:81:10,-64, WPA ,0.000000,0.000000,0.000,0.000,AP
2026-04-03 14:01:25,1900-01-00 00:00:00,1019-wombat,B8:27:EB:7C:81:10,-63, WPA ,0.000000,0.000000,0.000,0.000,AP
2026-04-03 14:01:25,1900-01-00 00:00:00,1019-wombat,B8:27:EB:7C:81:10,-63, WPA ,0.000000,0.000000,0.000,0.000,AP
2026-04-03 14:01:25,1900-01-00 00:00:00,,C4:CB:76:AF:5C:A8,-60,,0.000000,0.000000,0.000,0.000,Client
2026-04-03 14:01:25,1900-01-00 00:00:00,1019-wombat,B8:27:EB:7C:81:10,-63, WPA ,0.000000,0.000000,0.000,0.000,AP
2026-04-03 14:01:25,1900-01-00 00:00:00,1019-wombat,B8:27:EB:7C:81:10,-63, WPA ,0.000000,0.000000,0.000,0.000,AP
2026-04-03 14:01:25,1900-01-00 00:00:00,1019-wombat,B8:27:EB:7C:81:10,-63, WPA ,0.000000,0.000000,0.000,0.000,AP
2026-04-03 14:01:25,1900-01-00 00:00:00,1019-wombat,B8:27:EB:7C:81:10,-63, WPA ,0.000000,0.000000,0.000,0.000,AP
2026-04-03 14:01:25,1900-01-00 00:00:00,1019-wombat,B8:27:EB:7C:81:10,-61, WPA ,0.000000,0.000000,0.000,0.000,AP
2026-04-03 14:01:25,1900-01-00 00:00:00,1019-wombat,B8:27:EB:7C:81:10,-64, WPA ,0.000000,0.000000,0.000,0.000,AP
2026-04-03 14:01:25,1900-01-00 00:00:00,1019-wombat,B8:27:EB:7C:81:10,-63, WPA ,0.000000,0.000000,0.000,0.000,AP
2026-04-03 14:01:25,1900-01-00 00:00:00,1019-wombat,B8:27:EB:7C:81:10,-64, WPA ,0.000000,0.000000,0.000,0.000,AP
2026-04-03 14:01:25,1900-01-00 00:00:00,,C4:CB:76:AF:5C:A8,-60,,0.000000,0.000000,0.000,0.000,Client
2026-04-03 14:01:26,1900-01-00 00:00:00,1019-wombat,B8:27:EB:7C:81:10,-63, WPA ,0.000000,0.000000,0.000,0.000,AP
2026-04-03 14:01:26,1900-01-00 00:00:00,1019-wombat,B8:27:EB:7C:81:10,-64, WPA ,0.000000,0.000000,0.000,0.000,AP
2026-04-03 14:01:26,1900-01-00 00:00:00,,C4:CB:76:AF:5C:A8,-61,,0.000000,0.000000,0.000,0.000,Client
2026-04-03 14:01:26,1900-01-00 00:00:00,1019-wombat,B8:27:EB:7C:81:10,-64, WPA ,0.000000,0.000000,0.000,0.000,AP
2026-04-03 14:01:26,1900-01-00 00:00:00,,C4:CB:76:AF:5C:A8,-60,,0.000000,0.000000,0.000,0.000,Client
2026-04-03 14:01:26,1900-01-00 00:00:00,1019-wombat,B8:27:EB:7C:81:10,-65, WPA ,0.000000,0.000000,0.000,0.000,AP
2026-04-03 14:01:26,1900-01-00 00:00:00,,C4:CB:76:AF:5C:A8,-62,,0.000000,0.000000,0.000,0.000,Client
2026-04-03 14:01:26,1900-01-00 00:00:00,1019-wombat,B8:27:EB:7C:81:10,-65, WPA ,0.000000,0.000000,0.000,0.000,AP
2026-04-03 14:01:26,1900-01-00 00:00:00,,C4:CB:76:AF:5C:A8,-62,,0.000000,0.000000,0.000,0.000,Client
2026-04-03 14:01:26,1900-01-00 00:00:00,1019-wombat,B8:27:EB:7C:81:10,-65, WPA ,0.000000,0.000000,0.000,0.000,AP
2026-04-03 14:01:26,1900-01-00 00:00:00,1019-wombat,B8:27:EB:7C:81:10,-65, WPA ,0.000000,0.000000,0.000,0.000,AP
2026-04-03 14:01:26,1900-01-00 00:00:00,,C4:CB:76:AF:5C:A8,-61,,0.000000,0.000000,0.000,0.000,Client
2026-04-03 14:01:26,1900-01-00 00:00:00,,C4:CB:76:AF:5C:A8,-60,,0.000000,0.000000,0.000,0.000,Client
2026-04-03 14:01:26,1900-01-00 00:00:00,1019-wombat,B8:27:EB:7C:81:10,-63, WPA ,0.000000,0.000000,0.000,0.000,AP
2026-04-03 14:01:26,1900-01-00 00:00:00,,C4:CB:76:AF:5C:A8,-60,,0.000000,0.000000,0.000,0.000,Client
2026-04-03 14:01:26,1900-01-00 00:00:00,,C4:CB:76:AF:5C:A8,-60,,0.000000,0.000000,0.000,0.000,Client
2026-04-03 14:01:26,1900-01-00 00:00:00,1019-wombat,B8:27:EB:7C:81:10,-64, WPA ,0.000000,0.000000,0.000,0.000,AP
2026-04-03 14:01:26,1900-01-00 00:00:00,1019-wombat,B8:27:EB:7C:81:10,-64, WPA ,0.000000,0.000000,0.000,0.000,AP
2026-04-03 14:01:26,1900-01-00 00:00:00,,C4:CB:76:AF:5C:A8,-62,,0.000000,0.000000,0.000,0.000,Client
2026-04-03 14:01:26,1900-01-00 00:00:00,,C4:CB:76:AF:5C:A8,-62,,0.000000,0.000000,0.000,0.000,Client
2026-04-03 14:01:26,1900-01-00 00:00:00,1019-wombat,B8:27:EB:7C:81:10,-63, WPA ,0.000000,0.000000,0.000,0.000,AP
2026-04-03 14:01:26,1900-01-00 00:00:00,1019-wombat,B8:27:EB:7C:81:10,-65, WPA ,0.000000,0.000000,0.000,0.000,AP
2026-04-03 14:01:27,1900-01-00 00:00:00,,C4:CB:76:AF:5C:A8,-61,,0.000000,0.000000,0.000,0.000,Client
2026-04-03 14:01:27,1900-01-00 00:00:00,,C4:CB:76:AF:5C:A8,-61,,0.000000,0.000000,0.000,0.000,Client
2026-04-03 14:01:27,1900-01-00 00:00:00,1019-wombat,B8:27:EB:7C:81:10,-63, WPA ,0.000000,0.000000,0.000,0.000,AP
2026-04-03 14:01:27,1900-01-00 00:00:00,,C4:CB:76:AF:5C:A8,-59,,0.000000,0.000000,0.000,0.000,Client
2026-04-03 14:01:27,1900-01-00 00:00:00,,C4:CB:76:AF:5C:A8,-59,,0.000000,0.000000,0.000,0.000,Client
2026-04-03 14:01:27,1900-01-00 00:00:00,1019-wombat,B8:27:EB:7C:81:10,-64, WPA ,0.000000,0.000000,0.000,0.000,AP
2026-04-03 14:01:27,1900-01-00 00:00:00,,C4:CB:76:AF:5C:A8,-60,,0.000000,0.000000,0.000,0.000,Client
2026-04-03 14:01:27,1900-01-00 00:00:00,1019-wombat,B8:27:EB:7C:81:10,-64, WPA ,0.000000,0.000000,0.000,0.000,AP
2026-04-03 14:01:27,1900-01-00 00:00:00,1019-wombat,B8:27:EB:7C:81:10,-64, WPA ,0.000000,0.000000,0.000,0.000,AP
2026-04-03 14:01:27,1900-01-00 00:00:00,1019-wombat,B8:27:EB:7C:81:10,-63, WPA ,0.000000,0.000000,0.000,0.000,AP
2026-04-03 14:01:27,1900-01-00 00:00:00,1019-wombat,B8:27:EB:7C:81:10,-65, WPA ,0.000000,0.000000,0.000,0.000,AP
2026-04-03 14:01:27,1900-01-00 00:00:00,,C4:CB:76:AF:5C:A8,-62,,0.000000,0.000000,0.000,0.000,Client
2026-04-03 14:01:27,1900-01-00 00:00:00,1019-wombat,B8:27:EB:7C:81:10,-66, WPA ,0.000000,0.000000,0.000,0.000,AP
2026-04-03 14:01:27,1900-01-00 00:00:00,1019-wombat,B8:27:EB:7C:81:10,-66, WPA ,0.000000,0.000000,0.000,0.000,AP
2026-04-03 14:01:27,1900-01-00 00:00:00,1019-wombat,B8:27:EB:7C:81:10,-65, WPA ,0.000000,0.000000,0.000,0.000,AP
2026-04-03 14:01:28,1900-01-00 00:00:00,,C4:CB:76:AF:5C:A8,-61,,0.000000,0.000000,0.000,0.000,Client
2026-04-03 14:01:28,1900-01-00 00:00:00,1019-wombat,B8:27:EB:7C:81:10,-65, WPA ,0.000000,0.000000,0.000,0.000,AP
2026-04-03 14:01:28,1900-01-00 00:00:00,,C4:CB:76:AF:5C:A8,-62,,0.000000,0.000000,0.000,0.000,Client
2026-04-03 14:01:28,1900-01-00 00:00:00,1019-wombat,B8:27:EB:7C:81:10,-64, WPA ,0.000000,0.000000,0.000,0.000,AP
2026-04-03 14:01:28,1900-01-00 00:00:00,,C4:CB:76:AF:5C:A8,-61,,0.000000,0.000000,0.000,0.000,Client
2026-04-03 14:01:28,1900-01-00 00:00:00,1019-wombat,B8:27:EB:7C:81:10,-63, WPA ,0.000000,0.000000,0.000,0.000,AP
2026-04-03 14:01:28,1900-01-00 00:00:00,1019-wombat,B8:27:EB:7C:81:10,-64, WPA ,0.000000,0.000000,0.000,0.000,AP
2026-04-03 14:01:28,1900-01-00 00:00:00,1019-wombat,B8:27:EB:7C:81:10,-65, WPA ,0.000000,0.000000,0.000,0.000,AP
2026-04-03 14:01:28,1900-01-00 00:00:00,1019-wombat,B8:27:EB:7C:81:10,-65, WPA ,0.000000,0.000000,0.000,0.000,AP
2026-04-03 14:01:28,1900-01-00 00:00:00,1019-wombat,B8:27:EB:7C:81:10,-65, WPA ,0.000000,0.000000,0.000,0.000,AP
2026-04-03 14:01:28,1900-01-00 00:00:00,1019-wombat,B8:27:EB:7C:81:10,-65, WPA ,0.000000,0.000000,0.000,0.000,AP
2026-04-03 14:01:28,1900-01-00 00:00:00,1019-wombat,B8:27:EB:7C:81:10,-65, WPA ,0.000000,0.000000,0.000,0.000,AP
2026-04-03 14:01:28,1900-01-00 00:00:00,1019-wombat,B8:27:EB:7C:81:10,-66, WPA ,0.000000,0.000000,0.000,0.000,AP
2026-04-03 14:01:29,1900-01-00 00:00:00,1019-wombat,B8:27:EB:7C:81:10,-66, WPA ,0.000000,0.000000,0.000,0.000,AP
2026-04-03 14:01:29,1900-01-00 00:00:00,1019-wombat,B8:27:EB:7C:81:10,-66, WPA ,0.000000,0.000000,0.000,0.000,AP
2026-04-03 14:01:29,1900-01-00 00:00:00,,C4:CB:76:AF:5C:A8,-62,,0.000000,0.000000,0.000,0.000,Client
2026-04-03 14:01:29,1900-01-00 00:00:00,1019-wombat,B8:27:EB:7C:81:10,-65, WPA ,0.000000,0.000000,0.000,0.000,AP
2026-04-03 14:01:29,1900-01-00 00:00:00,1019-wombat,B8:27:EB:7C:81:10,-65, WPA ,0.000000,0.000000,0.000,0.000,AP
2026-04-03 14:01:29,1900-01-00 00:00:00,,C4:CB:76:AF:5C:A8,-61,,0.000000,0.000000,0.000,0.000,Client
2026-04-03 14:01:29,1900-01-00 00:00:00,1019-wombat,B8:27:EB:7C:81:10,-64, WPA ,0.000000,0.000000,0.000,0.000,AP
2026-04-03 14:01:29,1900-01-00 00:00:00,1019-wombat,B8:27:EB:7C:81:10,-65, WPA ,0.000000,0.000000,0.000,0.000,AP
2026-04-03 14:01:29,1900-01-00 00:00:00,1019-wombat,B8:27:EB:7C:81:10,-64, WPA ,0.000000,0.000000,0.000,0.000,AP
2026-04-03 14:01:29,1900-01-00 00:00:00,1019-wombat,B8:27:EB:7C:81:10,-65, WPA ,0.000000,0.000000,0.000,0.000,AP
2026-04-03 14:01:29,1900-01-00 00:00:00,1019-wombat,B8:27:EB:7C:81:10,-65, WPA ,0.000000,0.000000,0.000,0.000,AP
2026-04-03 14:01:30,1900-01-00 00:00:00,1019-wombat,B8:27:EB:7C:81:10,-65, WPA ,0.000000,0.000000,0.000,0.000,AP
2026-04-03 14:01:30,1900-01-00 00:00:00,,C4:CB:76:AF:5C:A8,-63,,0.000000,0.000000,0.000,0.000,Client
2026-04-03 14:01:30,1900-01-00 00:00:00,1019-wombat,B8:27:EB:7C:81:10,-64, WPA ,0.000000,0.000000,0.000,0.000,AP
2026-04-03 14:01:30,1900-01-00 00:00:00,1019-wombat,B8:27:EB:7C:81:10,-65, WPA ,0.000000,0.000000,0.000,0.000,AP
2026-04-03 14:01:30,1900-01-00 00:00:00,,C4:CB:76:AF:5C:A8,-63,,0.000000,0.000000,0.000,0.000,Client
2026-04-03 14:01:30,1900-01-00 00:00:00,1019-wombat,B8:27:EB:7C:81:10,-65, WPA ,0.000000,0.000000,0.000,0.000,AP
2026-04-03 14:01:30,1900-01-00 00:00:00,1019-wombat,B8:27:EB:7C:81:10,-65, WPA ,0.000000,0.000000,0.000,0.000,AP
2026-04-03 14:01:30,1900-01-00 00:00:00,,C4:CB:76:AF:5C:A8,-62,,0.000000,0.000000,0.000,0.000,Client
2026-04-03 14:01:30,1900-01-00 00:00:00,1019-wombat,B8:27:EB:7C:81:10,-65, WPA ,0.000000,0.000000,0.000,0.000,AP
2026-04-03 14:01:30,1900-01-00 00:00:00,,C4:CB:76:AF:5C:A8,-62,,0.000000,0.000000,0.000,0.000,Client
2026-04-03 14:01:30,1900-01-00 00:00:00,1019-wombat,B8:27:EB:7C:81:10,-64, WPA ,0.000000,0.000000,0.000,0.000,AP
2026-04-03 14:01:30,1900-01-00 00:00:00,1019-wombat,B8:27:EB:7C:81:10,-64, WPA ,0.000000,0.000000,0.000,0.000,AP
2026-04-03 14:01:30,1900-01-00 00:00:00,1019-wombat,B8:27:EB:7C:81:10,-64, WPA ,0.000000,0.000000,0.000,0.000,AP
2026-04-03 14:01:30,1900-01-00 00:00:00,1019-wombat,B8:27:EB:7C:81:10,-64, WPA ,0.000000,0.000000,0.000,0.000,AP
2026-04-03 14:01:30,1900-01-00 00:00:00,1019-wombat,B8:27:EB:7C:81:10,-65, WPA ,0.000000,0.000000,0.000,0.000,AP
2026-04-03 14:01:31,1900-01-00 00:00:00,1019-wombat,B8:27:EB:7C:81:10,-65, WPA ,0.000000,0.000000,0.000,0.000,AP
2026-04-03 14:01:31,1900-01-00 00:00:00,,C4:CB:76:AF:5C:A8,-63,,0.000000,0.000000,0.000,0.000,Client
2026-04-03 14:01:31,1900-01-00 00:00:00,,C4:CB:76:AF:5C:A8,-58,,0.000000,0.000000,0.000,0.000,Client
2026-04-03 14:01:31,1900-01-00 00:00:00,1019-wombat,B8:27:EB:7C:81:10,-64, WPA ,0.000000,0.000000,0.000,0.000,AP
2026-04-03 14:01:31,1900-01-00 00:00:00,1019-wombat,B8:27:EB:7C:81:10,-64, WPA ,0.000000,0.000000,0.000,0.000,AP
2026-04-03 14:01:31,1900-01-00 00:00:00,1019-wombat,B8:27:EB:7C:81:10,-64, WPA ,0.000000,0.000000,0.000,0.000,AP
2026-04-03 14:01:31,1900-01-00 00:00:00,,C4:CB:76:AF:5C:A8,-62,,0.000000,0.000000,0.000,0.000,Client
2026-04-03 14:01:31,1900-01-00 00:00:00,1019-wombat,B8:27:EB:7C:81:10,-64, WPA ,0.000000,0.000000,0.000,0.000,AP
2026-04-03 14:01:31,1900-01-00 00:00:00,1019-wombat,B8:27:EB:7C:81:10,-64, WPA ,0.000000,0.000000,0.000,0.000,AP
2026-04-03 14:01:31,1900-01-00 00:00:00,1019-wombat,B8:27:EB:7C:81:10,-62, WPA ,0.000000,0.000000,0.000,0.000,AP
2026-04-03 14:01:31,1900-01-00 00:00:00,1019-wombat,B8:27:EB:7C:81:10,-62, WPA ,0.000000,0.000000,0.000,0.000,AP
2026-04-03 14:01:31,1900-01-00 00:00:00,,C4:CB:76:AF:5C:A8,-62,,0.000000,0.000000,0.000,0.000,Client
2026-04-03 14:01:32,1900-01-00 00:00:00,1019-wombat,B8:27:EB:7C:81:10,-66, WPA ,0.000000,0.000000,0.000,0.000,AP
2026-04-03 14:01:32,1900-01-00 00:00:00,1019-wombat,B8:27:EB:7C:81:10,-63, WPA ,0.000000,0.000000,0.000,0.000,AP
2026-04-03 14:01:32,1900-01-00 00:00:00,1019-wombat,B8:27:EB:7C:81:10,-64, WPA ,0.000000,0.000000,0.000,0.000,AP
2026-04-03 14:01:32,1900-01-00 00:00:00,1019-wombat,B8:27:EB:7C:81:10,-63, WPA ,0.000000,0.000000,0.000,0.000,AP
2026-04-03 14:01:32,1900-01-00 00:00:00,1019-wombat,B8:27:EB:7C:81:10,-64, WPA ,0.000000,0.000000,0.000,0.000,AP
2026-04-03 14:01:32,1900-01-00 00:00:00,1019-wombat,B8:27:EB:7C:81:10,-64, WPA ,0.000000,0.000000,0.000,0.000,AP
2026-04-03 14:01:32,1900-01-00 00:00:00,1019-wombat,B8:27:EB:7C:81:10,-64, WPA ,0.000000,0.000000,0.000,0.000,AP
2026-04-03 14:01:32,1900-01-00 00:00:00,1019-wombat,B8:27:EB:7C:81:10,-64, WPA ,0.000000,0.000000,0.000,0.000,AP
2026-04-03 14:01:32,1900-01-00 00:00:00,1019-wombat,B8:27:EB:7C:81:10,-63, WPA ,0.000000,0.000000,0.000,0.000,AP
2026-04-03 14:01:32,1900-01-00 00:00:00,1019-wombat,B8:27:EB:7C:81:10,-63, WPA ,0.000000,0.000000,0.000,0.000,AP
2026-04-03 14:01:32,1900-01-00 00:00:00,1019-wombat,B8:27:EB:7C:81:10,-63, WPA ,0.000000,0.000000,0.000,0.000,AP
2026-04-03 14:01:32,1900-01-00 00:00:00,1019-wombat,B8:27:EB:7C:81:10,-64, WPA ,0.000000,0.000000,0.000,0.000,AP
2026-04-03 14:01:32,1900-01-00 00:00:00,1019-wombat,B8:27:EB:7C:81:10,-64, WPA ,0.000000,0.000000,0.000,0.000,AP
2026-04-03 14:01:32,1900-01-00 00:00:00,1019-wombat,B8:27:EB:7C:81:10,-63, WPA ,0.000000,0.000000,0.000,0.000,AP
2026-04-03 14:01:32,1900-01-00 00:00:00,,C4:CB:76:AF:5C:A8,-62,,0.000000,0.000000,0.000,0.000,Client
2026-04-03 14:01:32,1900-01-00 00:00:00,1019-wombat,B8:27:EB:7C:81:10,-64, WPA ,0.000000,0.000000,0.000,0.000,AP
2026-04-03 14:01:32,1900-01-00 00:00:00,1019-wombat,B8:27:EB:7C:81:10,-64, WPA ,0.000000,0.000000,0.000,0.000,AP
2026-04-03 14:01:32,1900-01-00 00:00:00,1019-wombat,B8:27:EB:7C:81:10,-65, WPA ,0.000000,0.000000,0.000,0.000,AP
2026-04-03 14:01:32,1900-01-00 00:00:00,,C4:CB:76:AF:5C:A8,-62,,0.000000,0.000000,0.000,0.000,Client
2026-04-03 14:01:32,1900-01-00 00:00:00,1019-wombat,B8:27:EB:7C:81:10,-64, WPA ,0.000000,0.000000,0.000,0.000,AP
2026-04-03 14:01:32,1900-01-00 00:00:00,,C4:CB:76:AF:5C:A8,-62,,0.000000,0.000000,0.000,0.000,Client
2026-04-03 14:01:32,1900-01-00 00:00:00,1019-wombat,B8:27:EB:7C:81:10,-63, WPA ,0.000000,0.000000,0.000,0.000,AP
2026-04-03 14:01:32,1900-01-00 00:00:00,1019-wombat,B8:27:EB:7C:81:10,-63, WPA ,0.000000,0.000000,0.000,0.000,AP
2026-04-03 14:01:33,1900-01-00 00:00:00,,C4:CB:76:AF:5C:A8,-62,,0.000000,0.000000,0.000,0.000,Client
2026-04-03 14:01:33,1900-01-00 00:00:00,1019-wombat,B8:27:EB:7C:81:10,-65, WPA ,0.000000,0.000000,0.000,0.000,AP
2026-04-03 14:01:33,1900-01-00 00:00:00,1019-wombat,B8:27:EB:7C:81:10,-64, WPA ,0.000000,0.000000,0.000,0.000,AP
2026-04-03 14:01:33,1900-01-00 00:00:00,1019-wombat,B8:27:EB:7C:81:10,-64, WPA ,0.000000,0.000000,0.000,0.000,AP
2026-04-03 14:01:33,1900-01-00 00:00:00,1019-wombat,B8:27:EB:7C:81:10,-64, WPA ,0.000000,0.000000,0.000,0.000,AP
2026-04-03 14:01:33,1900-01-00 00:00:00,,C4:CB:76:AF:5C:A8,-63,,0.000000,0.000000,0.000,0.000,Client
2026-04-03 14:01:33,1900-01-00 00:00:00,,C4:CB:76:AF:5C:A8,-62,,0.000000,0.000000,0.000,0.000,Client
2026-04-03 14:01:33,1900-01-00 00:00:00,1019-wombat,B8:27:EB:7C:81:10,-64, WPA ,0.000000,0.000000,0.000,0.000,AP
2026-04-03 14:01:33,1900-01-00 00:00:00,1019-wombat,B8:27:EB:7C:81:10,-64, WPA ,0.000000,0.000000,0.000,0.000,AP
2026-04-03 14:01:33,1900-01-00 00:00:00,1019-wombat,B8:27:EB:7C:81:10,-64, WPA ,0.000000,0.000000,0.000,0.000,AP
2026-04-03 14:01:33,1900-01-00 00:00:00,1019-wombat,B8:27:EB:7C:81:10,-63, WPA ,0.000000,0.000000,0.000,0.000,AP
2026-04-03 14:01:33,1900-01-00 00:00:00,1019-wombat,B8:27:EB:7C:81:10,-63, WPA ,0.000000,0.000000,0.000,0.000,AP
2026-04-03 14:01:33,1900-01-00 00:00:00,1019-wombat,B8:27:EB:7C:81:10,-64, WPA ,0.000000,0.000000,0.000,0.000,AP
2026-04-03 14:01:33,1900-01-00 00:00:00,1019-wombat,B8:27:EB:7C:81:10,-63, WPA ,0.000000,0.000000,0.000,0.000,AP
2026-04-03 14:01:33,1900-01-00 00:00:00,1019-wombat,B8:27:EB:7C:81:10,-65, WPA ,0.000000,0.000000,0.000,0.000,AP
2026-04-03 14:01:34,1900-01-00 00:00:00,1019-wombat,B8:27:EB:7C:81:10,-65, WPA ,0.000000,0.000000,0.000,0.000,AP
2026-04-03 14:01:34,1900-01-00 00:00:00,1019-wombat,B8:27:EB:7C:81:10,-65, WPA ,0.000000,0.000000,0.000,0.000,AP
2026-04-03 14:01:34,1900-01-00 00:00:00,1019-wombat,B8:27:EB:7C:81:10,-64, WPA ,0.000000,0.000000,0.000,0.000,AP
2026-04-03 14:01:34,1900-01-00 00:00:00,1019-wombat,B8:27:EB:7C:81:10,-63, WPA ,0.000000,0.000000,0.000,0.000,AP
2026-04-03 14:01:34,1900-01-00 00:00:00,,C4:CB:76:AF:5C:A8,-61,,0.000000,0.000000,0.000,0.000,Client
2026-04-03 14:01:34,1900-01-00 00:00:00,1019-wombat,B8:27:EB:7C:81:10,-64, WPA ,0.000000,0.000000,0.000,0.000,AP
