{
    "name": "root",
    "gauges": {
        "beam_control.Policy.Entropy.mean": {
            "value": 1.4187860488891602,
            "min": 1.4181307554244995,
            "max": 1.422025442123413,
            "count": 12
        },
        "beam_control.Policy.Entropy.sum": {
            "value": 7101.0244140625,
            "min": 7051.82421875,
            "max": 7162.8017578125,
            "count": 12
        },
        "beam_control.Step.mean": {
            "value": 59997.0,
            "min": 4984.0,
            "max": 59997.0,
            "count": 12
        },
        "beam_control.Step.sum": {
            "value": 59997.0,
            "min": 4984.0,
            "max": 59997.0,
            "count": 12
        },
        "beam_control.Policy.ExtrinsicValueEstimate.mean": {
            "value": -7.132359027862549,
            "min": -7.132359027862549,
            "max": 0.032094866037368774,
            "count": 12
        },
        "beam_control.Policy.ExtrinsicValueEstimate.sum": {
            "value": -934.3390502929688,
            "min": -934.3390502929688,
            "max": 3.9797632694244385,
            "count": 12
        },
        "beam_control.Environment.EpisodeLength.mean": {
            "value": 58.63529411764706,
            "min": 52.07368421052632,
            "max": 75.67692307692307,
            "count": 12
        },
        "beam_control.Environment.EpisodeLength.sum": {
            "value": 4984.0,
            "min": 4840.0,
            "max": 4984.0,
            "count": 12
        },
        "beam_control.Environment.CumulativeReward.mean": {
            "value": -15.037286500136057,
            "min": -23.644759934682114,
            "max": -11.63949990272522,
            "count": 12
        },
        "beam_control.Environment.CumulativeReward.sum": {
            "value": -1263.1320660114288,
            "min": -1633.9514312148094,
            "max": -1094.1129908561707,
            "count": 12
        },
        "beam_control.Policy.ExtrinsicReward.mean": {
            "value": -15.037286500136057,
            "min": -23.644759934682114,
            "max": -11.63949990272522,
            "count": 12
        },
        "beam_control.Policy.ExtrinsicReward.sum": {
            "value": -1263.1320660114288,
            "min": -1633.9514312148094,
            "max": -1094.1129908561707,
            "count": 12
        },
        "beam_control.IsTraining.mean": {
            "value": 1.0,
            "min": 1.0,
            "max": 1.0,
            "count": 12
        },
        "beam_control.IsTraining.sum": {
            "value": 1.0,
            "min": 1.0,
            "max": 1.0,
            "count": 12
        },
        "beam_control.Losses.PolicyLoss.mean": {
            "value": 0.029539345499748983,
            "min": 0.020873954271276793,
            "max": 0.029539345499748983,
            "count": 5
        },
        "beam_control.Losses.PolicyLoss.sum": {
            "value": 0.029539345499748983,
            "min": 0.020873954271276793,
            "max": 0.029539345499748983,
            "count": 5
        },
        "beam_control.Losses.ValueLoss.mean": {
            "value": 7.857864681879679,
            "min": 6.819851239522298,
            "max": 14.81040226618449,
            "count": 5
        },
        "beam_control.Losses.ValueLoss.sum": {
            "value": 7.857864681879679,
            "min": 6.819851239522298,
            "max": 14.81040226618449,
            "count": 5
        },
        "beam_control.Policy.LearningRate.mean": {
            "value": 0.00029692188102604006,
            "min": 0.00029692188102604006,
            "max": 0.00029938554020481994,
            "count": 5
        },
        "beam_control.Policy.LearningRate.sum": {
            "value": 0.00029692188102604006,
            "min": 0.00029692188102604006,
            "max": 0.00029938554020481994,
            "count": 5
        },
        "beam_control.Policy.Epsilon.mean": {
            "value": 0.19897396,
            "min": 0.19897396,
            "max": 0.19979518,
            "count": 5
        },
        "beam_control.Policy.Epsilon.sum": {
            "value": 0.19897396,
            "min": 0.19897396,
            "max": 0.19979518,
            "count": 5
        },
        "beam_control.Policy.Beta.mean": {
            "value": 0.004948800604,
            "min": 0.004948800604,
            "max": 0.0049897794819999996,
            "count": 5
        },
        "beam_control.Policy.Beta.sum": {
            "value": 0.004948800604,
            "min": 0.004948800604,
            "max": 0.0049897794819999996,
            "count": 5
        }
    },
    "metadata": {
        "timer_format_version": "0.1.0",
        "start_time_seconds": "1768888090",
        "python_version": "3.10.11 (tags/v3.10.11:7d4cc5a, Apr  5 2023, 00:38:17) [MSC v.1929 64 bit (AMD64)]",
        "command_line_arguments": "C:\\Users\\malon\\Downloads\\ECE500\\.venv\\Scripts\\mlagents-learn .\\Assets\\scripts\\configuration.yaml --run-id=beam2 --force",
        "mlagents_version": "1.2.0.dev0",
        "mlagents_envs_version": "1.2.0.dev0",
        "communication_protocol_version": "1.5.0",
        "pytorch_version": "2.2.2+cu121",
        "numpy_version": "1.23.5",
        "end_time_seconds": "1768888643"
    },
    "total": 552.8938572999978,
    "count": 1,
    "self": 0.004644399996323045,
    "children": {
        "run_training.setup": {
            "total": 0.08123270000214688,
            "count": 1,
            "self": 0.08123270000214688
        },
        "TrainerController.start_learning": {
            "total": 552.8079801999993,
            "count": 1,
            "self": 1.064843001186091,
            "children": {
                "TrainerController._reset_env": {
                    "total": 12.896737099996244,
                    "count": 1,
                    "self": 12.896737099996244
                },
                "TrainerController.advance": {
                    "total": 538.7213626988087,
                    "count": 65238,
                    "self": 0.9563166962761898,
                    "children": {
                        "env_step": {
                            "total": 520.36757450195,
                            "count": 65238,
                            "self": 349.88440210249973,
                            "children": {
                                "SubprocessEnvManager._take_step": {
                                    "total": 169.79424419950374,
                                    "count": 65238,
                                    "self": 3.017388300271705,
                                    "children": {
                                        "TorchPolicy.evaluate": {
                                            "total": 166.77685589923203,
                                            "count": 64343,
                                            "self": 166.77685589923203
                                        }
                                    }
                                },
                                "workers": {
                                    "total": 0.6889281999465311,
                                    "count": 65237,
                                    "self": 0.0,
                                    "children": {
                                        "worker_root": {
                                            "total": 539.3993197014643,
                                            "count": 65237,
                                            "is_parallel": true,
                                            "self": 240.2487418014498,
                                            "children": {
                                                "steps_from_proto": {
                                                    "total": 0.00027289999707136303,
                                                    "count": 1,