{
    "name": "root",
    "gauges": {
        "beam_control.Policy.Entropy.mean": {
            "value": 0.9060231447219849,
            "min": 0.9060230255126953,
            "max": 1.4189386367797852,
            "count": 1000
        },
        "beam_control.Policy.Entropy.sum": {
            "value": 4531.927734375,
            "min": 4376.4248046875,
            "max": 7615.443359375,
            "count": 1000
        },
        "beam_control.Environment.EpisodeLength.mean": {
            "value": 24.476683937823836,
            "min": 20.046413502109704,
            "max": 84.12857142857143,
            "count": 1000
        },
        "beam_control.Environment.EpisodeLength.sum": {
            "value": 4724.0,
            "min": 4027.0,
            "max": 5889.0,
            "count": 1000
        },
        "beam_control.Step.mean": {
            "value": 4999969.0,
            "min": 4999.0,
            "max": 4999969.0,
            "count": 1000
        },
        "beam_control.Step.sum": {
            "value": 4999969.0,
            "min": 4999.0,
            "max": 4999969.0,
            "count": 1000
        },
        "beam_control.Policy.ExtrinsicValueEstimate.mean": {
            "value": -9.81994915008545,
            "min": -14.644238471984863,
            "max": 0.12485551834106445,
            "count": 1000
        },
        "beam_control.Policy.ExtrinsicValueEstimate.sum": {
            "value": -1934.530029296875,
            "min": -2342.42041015625,
            "max": 16.106361389160156,
            "count": 1000
        },
        "beam_control.Environment.CumulativeReward.mean": {
            "value": -11.652334325015545,
            "min": -52.94076312797657,
            "max": -10.898437310238274,
            "count": 1000
        },
        "beam_control.Environment.CumulativeReward.sum": {
            "value": -2237.2481904029846,
            "min": -3652.9126558303833,
            "max": -1708.3771276474,
            "count": 1000
        },
        "beam_control.Policy.ExtrinsicReward.mean": {
            "value": -11.652334325015545,
            "min": -52.94076312797657,
            "max": -10.898437310238274,
            "count": 1000
        },
        "beam_control.Policy.ExtrinsicReward.sum": {
            "value": -2237.2481904029846,
            "min": -3652.9126558303833,
            "max": -1708.3771276474,
            "count": 1000
        },
        "beam_control.IsTraining.mean": {
            "value": 1.0,
            "min": 1.0,
            "max": 1.0,
            "count": 1000
        },
        "beam_control.IsTraining.sum": {
            "value": 1.0,
            "min": 1.0,
            "max": 1.0,
            "count": 1000
        },
        "beam_control.Losses.PolicyLoss.mean": {
            "value": 0.013318036074906558,
            "min": 0.009224453657715515,
            "max": 0.020337742668440722,
            "count": 99
        },
        "beam_control.Losses.PolicyLoss.sum": {
            "value": 0.013318036074906558,
            "min": 0.009224453657715515,
            "max": 0.020337742668440722,
            "count": 99
        },
        "beam_control.Losses.ValueLoss.mean": {
            "value": 0.4404388510932525,
            "min": 0.17290630967666706,
            "max": 18.647030810515087,
            "count": 99
        },
        "beam_control.Losses.ValueLoss.sum": {
            "value": 0.4404388510932525,
            "min": 0.17290630967666706,
            "max": 18.647030810515087,
            "count": 99
        },
        "beam_control.Policy.LearningRate.mean": {
            "value": 2.848839050420016e-06,
            "min": 2.848839050420016e-06,
            "max": 0.00029699922100025997,
            "count": 99
        },
        "beam_control.Policy.LearningRate.sum": {
            "value": 2.848839050420016e-06,
            "min": 2.848839050420016e-06,
            "max": 0.00029699922100025997,
            "count": 99
        },
        "beam_control.Policy.Epsilon.mean": {
            "value": 0.10094958,
            "min": 0.10094958,
            "max": 0.19899974,
            "count": 99
        },
        "beam_control.Policy.Epsilon.sum": {
            "value": 0.10094958,
            "min": 0.10094958,
            "max": 0.19899974,
            "count": 99
        },
        "beam_control.Policy.Beta.mean": {
            "value": 5.738404200000028e-05,
            "min": 5.738404200000028e-05,
            "max": 0.0049500870260000005,
            "count": 99
        },
        "beam_control.Policy.Beta.sum": {
            "value": 5.738404200000028e-05,
            "min": 5.738404200000028e-05,
            "max": 0.0049500870260000005,
            "count": 99
        }
    },
    "metadata": {
        "timer_format_version": "0.1.0",
        "start_time_seconds": "1768891004",
        "python_version": "3.10.11 (tags/v3.10.11:7d4cc5a, Apr  5 2023, 00:38:17) [MSC v.1929 64 bit (AMD64)]",
        "command_line_arguments": "C:\\Users\\malon\\Downloads\\ECE500\\.venv\\Scripts\\mlagents-learn .\\Assets\\scripts\\configuration.yaml --run-id=beam2 --force --env=.\\builds\\homework1_unity.exe --num-envs=15",
        "mlagents_version": "1.2.0.dev0",
        "mlagents_envs_version": "1.2.0.dev0",
        "communication_protocol_version": "1.5.0",
        "pytorch_version": "2.2.2+cu121",
        "numpy_version": "1.23.5",
        "end_time_seconds": "1768905736"
    },
    "total": 14732.297594600008,
    "count": 1,
    "self": 1.7889383000074304,
    "children": {
        "run_training.setup": {
            "total": 1.1321910000042408,
            "count": 1,
            "self": 1.1321910000042408
        },
        "TrainerController.start_learning": {
            "total": 14729.376465299996,
            "count": 1,
            "self": 15.114949993578193,
            "children": {
                "TrainerController._reset_env": {
                    "total": 11.492422600000282,
                    "count": 1,
                    "self": 11.492422600000282
                },
                "TrainerController.advance": {
                    "total": 14702.657313806405,
                    "count": 372957,
                    "self": 6.844253611634485,
                    "children": {
                        "env_step": {
                            "total": 13292.746549200245,
                            "count": 372957,
                            "self": 1334.414808106405,
                            "children": {
                                "SubprocessEnvManager._take_step": {
                                    "total": 11936.344641696443,
                                    "count": 5158661,
                                    "self": 202.34445448786573,
                                    "children": {
                                        "TorchPolicy.evaluate": {
                                            "total": 11734.000187208578,
                                            "count": 5000236,
                                            "self": 11734.000187208578
                                        }
                                    }
                                },
                                "workers": {
                                    "total": 21.987099397396378,
                                    "count": 372957,
                                    "self": 0.0,
                                    "children": {
                                        "worker_root": {
                                            "total": 220651.08631777484,
                                            "count": 5158659,
                                            "is_parallel": true,
                                            "self": 208889.50020416835,