LocalTime, GPSTime, ESSID, BSSID, Power, Security, Latitude, Longitude, Latitude Error, Longitude Error, Type
2026-03-27 14:11:57,1900-01-00 00:00:00,,B8:27:EB:6F:ED:ED,-30, ,0.000000,0.000000,0.000,0.000,AP
2026-03-27 14:11:57,1900-01-00 00:00:00,0999-wombat,B8:27:EB:6F:ED:ED,-30, WPA ,0.000000,0.000000,0.000,0.000,AP
2026-03-27 14:11:57,1900-01-00 00:00:00,0999-wombat,B8:27:EB:6F:ED:ED,-29, WPA ,0.000000,0.000000,0.000,0.000,AP
2026-03-27 14:11:57,1900-01-00 00:00:00,0999-wombat,B8:27:EB:6F:ED:ED,-29, WPA ,0.000000,0.000000,0.000,0.000,AP
2026-03-27 14:11:58,1900-01-00 00:00:00,0999-wombat,B8:27:EB:6F:ED:ED,-30, WPA ,0.000000,0.000000,0.000,0.000,AP
2026-03-27 14:11:58,1900-01-00 00:00:00,0999-wombat,B8:27:EB:6F:ED:ED,-29, WPA ,0.000000,0.000000,0.000,0.000,AP
2026-03-27 14:11:58,1900-01-00 00:00:00,0999-wombat,B8:27:EB:6F:ED:ED,-29, WPA ,0.000000,0.000000,0.000,0.000,AP
2026-03-27 14:11:58,1900-01-00 00:00:00,0999-wombat,B8:27:EB:6F:ED:ED,-29, WPA ,0.000000,0.000000,0.000,0.000,AP
2026-03-27 14:11:58,1900-01-00 00:00:00,0999-wombat,B8:27:EB:6F:ED:ED,-30, WPA ,0.000000,0.000000,0.000,0.000,AP
2026-03-27 14:11:58,1900-01-00 00:00:00,0999-wombat,B8:27:EB:6F:ED:ED,-30, WPA ,0.000000,0.000000,0.000,0.000,AP
2026-03-27 14:11:58,1900-01-00 00:00:00,0999-wombat,B8:27:EB:6F:ED:ED,-30, WPA ,0.000000,0.000000,0.000,0.000,AP
2026-03-27 14:11:58,1900-01-00 00:00:00,0999-wombat,B8:27:EB:6F:ED:ED,-30, WPA ,0.000000,0.000000,0.000,0.000,AP
2026-03-27 14:11:58,1900-01-00 00:00:00,0999-wombat,B8:27:EB:6F:ED:ED,-30, WPA ,0.000000,0.000000,0.000,0.000,AP
2026-03-27 14:11:58,1900-01-00 00:00:00,0999-wombat,B8:27:EB:6F:ED:ED,-29, WPA ,0.000000,0.000000,0.000,0.000,AP
2026-03-27 14:11:59,1900-01-00 00:00:00,0999-wombat,B8:27:EB:6F:ED:ED,-29, WPA ,0.000000,0.000000,0.000,0.000,AP
2026-03-27 14:11:59,1900-01-00 00:00:00,0999-wombat,B8:27:EB:6F:ED:ED,-29, WPA ,0.000000,0.000000,0.000,0.000,AP
2026-03-27 14:11:59,1900-01-00 00:00:00,0999-wombat,B8:27:EB:6F:ED:ED,-27, WPA ,0.000000,0.000000,0.000,0.000,AP
2026-03-27 14:11:59,1900-01-00 00:00:00,0999-wombat,B8:27:EB:6F:ED:ED,-28, WPA ,0.000000,0.000000,0.000,0.000,AP
2026-03-27 14:11:59,1900-01-00 00:00:00,0999-wombat,B8:27:EB:6F:ED:ED,-28, WPA ,0.000000,0.000000,0.000,0.000,AP
2026-03-27 14:11:59,1900-01-00 00:00:00,0999-wombat,B8:27:EB:6F:ED:ED,-28, WPA ,0.000000,0.000000,0.000,0.000,AP
2026-03-27 14:11:59,1900-01-00 00:00:00,0999-wombat,B8:27:EB:6F:ED:ED,-29, WPA ,0.000000,0.000000,0.000,0.000,AP
2026-03-27 14:11:59,1900-01-00 00:00:00,0999-wombat,B8:27:EB:6F:ED:ED,-30, WPA ,0.000000,0.000000,0.000,0.000,AP
2026-03-27 14:11:59,1900-01-00 00:00:00,0999-wombat,B8:27:EB:6F:ED:ED,-28, WPA ,0.000000,0.000000,0.000,0.000,AP
2026-03-27 14:11:59,1900-01-00 00:00:00,0999-wombat,B8:27:EB:6F:ED:ED,-80, WPA ,0.000000,0.000000,0.000,0.000,AP
2026-03-27 14:11:59,1900-01-00 00:00:00,0999-wombat,B8:27:EB:6F:ED:ED,-58, WPA ,0.000000,0.000000,0.000,0.000,AP
2026-03-27 14:11:59,1900-01-00 00:00:00,0999-wombat,B8:27:EB:6F:ED:ED,-58, WPA ,0.000000,0.000000,0.000,0.000,AP
2026-03-27 14:11:59,1900-01-00 00:00:00,0999-wombat,B8:27:EB:6F:ED:ED,-58, WPA ,0.000000,0.000000,0.000,0.000,AP
2026-03-27 14:11:59,1900-01-00 00:00:00,0999-wombat,B8:27:EB:6F:ED:ED,-58, WPA ,0.000000,0.000000,0.000,0.000,AP
2026-03-27 14:11:59,1900-01-00 00:00:00,0999-wombat,B8:27:EB:6F:ED:ED,-58, WPA ,0.000000,0.000000,0.000,0.000,AP
2026-03-27 14:11:59,1900-01-00 00:00:00,0999-wombat,B8:27:EB:6F:ED:ED,-58, WPA ,0.000000,0.000000,0.000,0.000,AP
2026-03-27 14:11:59,1900-01-00 00:00:00,0999-wombat,B8:27:EB:6F:ED:ED,-58, WPA ,0.000000,0.000000,0.000,0.000,AP
2026-03-27 14:11:59,1900-01-00 00:00:00,0999-wombat,B8:27:EB:6F:ED:ED,-58, WPA ,0.000000,0.000000,0.000,0.000,AP
2026-03-27 14:11:59,1900-01-00 00:00:00,0999-wombat,B8:27:EB:6F:ED:ED,-58, WPA ,0.000000,0.000000,0.000,0.000,AP
2026-03-27 14:11:59,1900-01-00 00:00:00,0999-wombat,B8:27:EB:6F:ED:ED,-58, WPA ,0.000000,0.000000,0.000,0.000,AP
2026-03-27 14:11:59,1900-01-00 00:00:00,0999-wombat,B8:27:EB:6F:ED:ED,-58, WPA ,0.000000,0.000000,0.000,0.000,AP
2026-03-27 14:11:59,1900-01-00 00:00:00,0999-wombat,B8:27:EB:6F:ED:ED,-58, WPA ,0.000000,0.000000,0.000,0.000,AP
2026-03-27 14:11:59,1900-01-00 00:00:00,0999-wombat,B8:27:EB:6F:ED:ED,-58, WPA ,0.000000,0.000000,0.000,0.000,AP
2026-03-27 14:11:59,1900-01-00 00:00:00,0999-wombat,B8:27:EB:6F:ED:ED,-58, WPA ,0.000000,0.000000,0.000,0.000,AP
2026-03-27 14:11:59,1900-01-00 00:00:00,0999-wombat,B8:27:EB:6F:ED:ED,-58, WPA ,0.000000,0.000000,0.000,0.000,AP
2026-03-27 14:11:59,1900-01-00 00:00:00,0999-wombat,B8:27:EB:6F:ED:ED,-58, WPA ,0.000000,0.000000,0.000,0.000,AP
2026-03-27 14:11:59,1900-01-00 00:00:00,0999-wombat,B8:27:EB:6F:ED:ED,-58, WPA ,0.000000,0.000000,0.000,0.000,AP
2026-03-27 14:11:59,1900-01-00 00:00:00,0999-wombat,B8:27:EB:6F:ED:ED,-58, WPA ,0.000000,0.000000,0.000,0.000,AP
2026-03-27 14:11:59,1900-01-00 00:00:00,0999-wombat,B8:27:EB:6F:ED:ED,-58, WPA ,0.000000,0.000000,0.000,0.000,AP
2026-03-27 14:11:59,1900-01-00 00:00:00,0999-wombat,B8:27:EB:6F:ED:ED,-58, WPA ,0.000000,0.000000,0.000,0.000,AP
2026-03-27 14:11:59,1900-01-00 00:00:00,0999-wombat,B8:27:EB:6F:ED:ED,-27, WPA ,0.000000,0.000000,0.000,0.000,AP
2026-03-27 14:11:59,1900-01-00 00:00:00,0999-wombat,B8:27:EB:6F:ED:ED,-27, WPA ,0.000000,0.000000,0.000,0.000,AP
2026-03-27 14:11:59,1900-01-00 00:00:00,0999-wombat,B8:27:EB:6F:ED:ED,-27, WPA ,0.000000,0.000000,0.000,0.000,AP
2026-03-27 14:11:59,1900-01-00 00:00:00,0999-wombat,B8:27:EB:6F:ED:ED,-27, WPA ,0.000000,0.000000,0.000,0.000,AP
2026-03-27 14:11:59,1900-01-00 00:00:00,0999-wombat,B8:27:EB:6F:ED:ED,-27, WPA ,0.000000,0.000000,0.000,0.000,AP
2026-03-27 14:11:59,1900-01-00 00:00:00,0999-wombat,B8:27:EB:6F:ED:ED,-27, WPA ,0.000000,0.000000,0.000,0.000,AP
2026-03-27 14:11:59,1900-01-00 00:00:00,0999-wombat,B8:27:EB:6F:ED:ED,-27, WPA ,0.000000,0.000000,0.000,0.000,AP
2026-03-27 14:11:59,1900-01-00 00:00:00,0999-wombat,B8:27:EB:6F:ED:ED,-27, WPA ,0.000000,0.000000,0.000,0.000,AP
2026-03-27 14:11:59,1900-01-00 00:00:00,0999-wombat,B8:27:EB:6F:ED:ED,-69, WPA ,0.000000,0.000000,0.000,0.000,AP
2026-03-27 14:11:59,1900-01-00 00:00:00,0999-wombat,B8:27:EB:6F:ED:ED,-69, WPA ,0.000000,0.000000,0.000,0.000,AP
2026-03-27 14:11:59,1900-01-00 00:00:00,0999-wombat,B8:27:EB:6F:ED:ED,-69, WPA ,0.000000,0.000000,0.000,0.000,AP
2026-03-27 14:11:59,1900-01-00 00:00:00,0999-wombat,B8:27:EB:6F:ED:ED,-69, WPA ,0.000000,0.000000,0.000,0.000,AP
2026-03-27 14:11:59,1900-01-00 00:00:00,0999-wombat,B8:27:EB:6F:ED:ED,-69, WPA ,0.000000,0.000000,0.000,0.000,AP
2026-03-27 14:11:59,1900-01-00 00:00:00,0999-wombat,B8:27:EB:6F:ED:ED,-69, WPA ,0.000000,0.000000,0.000,0.000,AP
2026-03-27 14:11:59,1900-01-00 00:00:00,0999-wombat,B8:27:EB:6F:ED:ED,-69, WPA ,0.000000,0.000000,0.000,0.000,AP
2026-03-27 14:11:59,1900-01-00 00:00:00,0999-wombat,B8:27:EB:6F:ED:ED,-69, WPA ,0.000000,0.000000,0.000,0.000,AP
2026-03-27 14:11:59,1900-01-00 00:00:00,0999-wombat,B8:27:EB:6F:ED:ED,-69, WPA ,0.000000,0.000000,0.000,0.000,AP
2026-03-27 14:11:59,1900-01-00 00:00:00,0999-wombat,B8:27:EB:6F:ED:ED,-69, WPA ,0.000000,0.000000,0.000,0.000,AP
2026-03-27 14:11:59,1900-01-00 00:00:00,0999-wombat,B8:27:EB:6F:ED:ED,-69, WPA ,0.000000,0.000000,0.000,0.000,AP
2026-03-27 14:11:59,1900-01-00 00:00:00,0999-wombat,B8:27:EB:6F:ED:ED,-69, WPA ,0.000000,0.000000,0.000,0.000,AP
2026-03-27 14:11:59,1900-01-00 00:00:00,0999-wombat,B8:27:EB:6F:ED:ED,-69, WPA ,0.000000,0.000000,0.000,0.000,AP
2026-03-27 14:11:59,1900-01-00 00:00:00,0999-wombat,B8:27:EB:6F:ED:ED,-69, WPA ,0.000000,0.000000,0.000,0.000,AP
2026-03-27 14:11:59,1900-01-00 00:00:00,0999-wombat,B8:27:EB:6F:ED:ED,-69, WPA ,0.000000,0.000000,0.000,0.000,AP
2026-03-27 14:11:59,1900-01-00 00:00:00,0999-wombat,B8:27:EB:6F:ED:ED,-69, WPA ,0.000000,0.000000,0.000,0.000,AP
2026-03-27 14:11:59,1900-01-00 00:00:00,0999-wombat,B8:27:EB:6F:ED:ED,-69, WPA ,0.000000,0.000000,0.000,0.000,AP
2026-03-27 14:11:59,1900-01-00 00:00:00,0999-wombat,B8:27:EB:6F:ED:ED,-69, WPA ,0.000000,0.000000,0.000,0.000,AP
2026-03-27 14:11:59,1900-01-00 00:00:00,0999-wombat,B8:27:EB:6F:ED:ED,-69, WPA ,0.000000,0.000000,0.000,0.000,AP
2026-03-27 14:11:59,1900-01-00 00:00:00,0999-wombat,B8:27:EB:6F:ED:ED,-69, WPA ,0.000000,0.000000,0.000,0.000,AP
2026-03-27 14:11:59,1900-01-00 00:00:00,0999-wombat,B8:27:EB:6F:ED:ED,-69, WPA ,0.000000,0.000000,0.000,0.000,AP
2026-03-27 14:11:59,1900-01-00 00:00:00,0999-wombat,B8:27:EB:6F:ED:ED,-69, WPA ,0.000000,0.000000,0.000,0.000,AP
2026-03-27 14:11:59,1900-01-00 00:00:00,0999-wombat,B8:27:EB:6F:ED:ED,-69, WPA ,0.000000,0.000000,0.000,0.000,AP
2026-03-27 14:11:59,1900-01-00 00:00:00,0999-wombat,B8:27:EB:6F:ED:ED,-69, WPA ,0.000000,0.000000,0.000,0.000,AP
2026-03-27 14:11:59,1900-01-00 00:00:00,0999-wombat,B8:27:EB:6F:ED:ED,-69, WPA ,0.000000,0.000000,0.000,0.000,AP
2026-03-27 14:11:59,1900-01-00 00:00:00,0999-wombat,B8:27:EB:6F:ED:ED,-69, WPA ,0.000000,0.000000,0.000,0.000,AP
2026-03-27 14:11:59,1900-01-00 00:00:00,0999-wombat,B8:27:EB:6F:ED:ED,-69, WPA ,0.000000,0.000000,0.000,0.000,AP
2026-03-27 14:11:59,1900-01-00 00:00:00,0999-wombat,B8:27:EB:6F:ED:ED,-69, WPA ,0.000000,0.000000,0.000,0.000,AP
2026-03-27 14:11:59,1900-01-00 00:00:00,0999-wombat,B8:27:EB:6F:ED:ED,-69, WPA ,0.000000,0.000000,0.000,0.000,AP
2026-03-27 14:11:59,1900-01-00 00:00:00,0999-wombat,B8:27:EB:6F:ED:ED,-69, WPA ,0.000000,0.000000,0.000,0.000,AP
2026-03-27 14:11:59,1900-01-00 00:00:00,0999-wombat,B8:27:EB:6F:ED:ED,-69, WPA ,0.000000,0.000000,0.000,0.000,AP
2026-03-27 14:11:59,1900-01-00 00:00:00,0999-wombat,B8:27:EB:6F:ED:ED,-69, WPA ,0.000000,0.000000,0.000,0.000,AP
2026-03-27 14:11:59,1900-01-00 00:00:00,0999-wombat,B8:27:EB:6F:ED:ED,-69, WPA ,0.000000,0.000000,0.000,0.000,AP
2026-03-27 14:11:59,1900-01-00 00:00:00,0999-wombat,B8:27:EB:6F:ED:ED,-69, WPA ,0.000000,0.000000,0.000,0.000,AP
2026-03-27 14:11:59,1900-01-00 00:00:00,0999-wombat,B8:27:EB:6F:ED:ED,-69, WPA ,0.000000,0.000000,0.000,0.000,AP
2026-03-27 14:11:59,1900-01-00 00:00:00,0999-wombat,B8:27:EB:6F:ED:ED,-69, WPA ,0.000000,0.000000,0.000,0.000,AP
2026-03-27 14:11:59,1900-01-00 00:00:00,0999-wombat,B8:27:EB:6F:ED:ED,-69, WPA ,0.000000,0.000000,0.000,0.000,AP
2026-03-27 14:11:59,1900-01-00 00:00:00,0999-wombat,B8:27:EB:6F:ED:ED,-69, WPA ,0.000000,0.000000,0.000,0.000,AP
2026-03-27 14:11:59,1900-01-00 00:00:00,0999-wombat,B8:27:EB:6F:ED:ED,-69, WPA ,0.000000,0.000000,0.000,0.000,AP
2026-03-27 14:11:59,1900-01-00 00:00:00,0999-wombat,B8:27:EB:6F:ED:ED,-69, WPA ,0.000000,0.000000,0.000,0.000,AP
2026-03-27 14:11:59,1900-01-00 00:00:00,0999-wombat,B8:27:EB:6F:ED:ED,-69, WPA ,0.000000,0.000000,0.000,0.000,AP
2026-03-27 14:11:59,1900-01-00 00:00:00,0999-wombat,B8:27:EB:6F:ED:ED,-69, WPA ,0.000000,0.000000,0.000,0.000,AP
2026-03-27 14:11:59,1900-01-00 00:00:00,0999-wombat,B8:27:EB:6F:ED:ED,-69, WPA ,0.000000,0.000000,0.000,0.000,AP
2026-03-27 14:11:59,1900-01-00 00:00:00,0999-wombat,B8:27:EB:6F:ED:ED,-69, WPA ,0.000000,0.000000,0.000,0.000,AP
2026-03-27 14:11:59,1900-01-00 00:00:00,0999-wombat,B8:27:EB:6F:ED:ED,-69, WPA ,0.000000,0.000000,0.000,0.000,AP
2026-03-27 14:11:59,1900-01-00 00:00:00,0999-wombat,B8:27:EB:6F:ED:ED,-69, WPA ,0.000000,0.000000,0.000,0.000,AP
2026-03-27 14:11:59,1900-01-00 00:00:00,0999-wombat,B8:27:EB:6F:ED:ED,-69, WPA ,0.000000,0.000000,0.000,0.000,AP
2026-03-27 14:11:59,1900-01-00 00:00:00,0999-wombat,B8:27:EB:6F:ED:ED,-69, WPA ,0.000000,0.000000,0.000,0.000,AP
2026-03-27 14:11:59,1900-01-00 00:00:00,0999-wombat,B8:27:EB:6F:ED:ED,-69, WPA ,0.000000,0.000000,0.000,0.000,AP
2026-03-27 14:11:59,1900-01-00 00:00:00,0999-wombat,B8:27:EB:6F:ED:ED,-69, WPA ,0.000000,0.000000,0.000,0.000,AP
2026-03-27 14:11:59,1900-01-00 00:00:00,0999-wombat,B8:27:EB:6F:ED:ED,-69, WPA ,0.000000,0.000000,0.000,0.000,AP
2026-03-27 14:11:59,1900-01-00 00:00:00,0999-wombat,B8:27:EB:6F:ED:ED,-69, WPA ,0.000000,0.000000,0.000,0.000,AP
2026-03-27 14:11:59,1900-01-00 00:00:00,0999-wombat,B8:27:EB:6F:ED:ED,-69, WPA ,0.000000,0.000000,0.000,0.000,AP
2026-03-27 14:11:59,1900-01-00 00:00:00,0999-wombat,B8:27:EB:6F:ED:ED,-69, WPA ,0.000000,0.000000,0.000,0.000,AP
2026-03-27 14:11:59,1900-01-00 00:00:00,0999-wombat,B8:27:EB:6F:ED:ED,-69, WPA ,0.000000,0.000000,0.000,0.000,AP
2026-03-27 14:11:59,1900-01-00 00:00:00,0999-wombat,B8:27:EB:6F:ED:ED,-69, WPA ,0.000000,0.000000,0.000,0.000,AP
2026-03-27 14:11:59,1900-01-00 00:00:00,0999-wombat,B8:27:EB:6F:ED:ED,-69, WPA ,0.000000,0.000000,0.000,0.000,AP
2026-03-27 14:11:59,1900-01-00 00:00:00,0999-wombat,B8:27:EB:6F:ED:ED,-69, WPA ,0.000000,0.000000,0.000,0.000,AP
2026-03-27 14:11:59,1900-01-00 00:00:00,0999-wombat,B8:27:EB:6F:ED:ED,-69, WPA ,0.000000,0.000000,0.000,0.000,AP
2026-03-27 14:11:59,1900-01-00 00:00:00,0999-wombat,B8:27:EB:6F:ED:ED,-69, WPA ,0.000000,0.000000,0.000,0.000,AP
2026-03-27 14:11:59,1900-01-00 00:00:00,0999-wombat,B8:27:EB:6F:ED:ED,-69, WPA ,0.000000,0.000000,0.000,0.000,AP
2026-03-27 14:11:59,1900-01-00 00:00:00,0999-wombat,B8:27:EB:6F:ED:ED,-69, WPA ,0.000000,0.000000,0.000,0.000,AP
2026-03-27 14:11:59,1900-01-00 00:00:00,0999-wombat,B8:27:EB:6F:ED:ED,-69, WPA ,0.000000,0.000000,0.000,0.000,AP
2026-03-27 14:11:59,1900-01-00 00:00:00,0999-wombat,B8:27:EB:6F:ED:ED,-69, WPA ,0.000000,0.000000,0.000,0.000,AP
2026-03-27 14:11:59,1900-01-00 00:00:00,0999-wombat,B8:27:EB:6F:ED:ED,-80, WPA ,0.000000,0.000000,0.000,0.000,AP
2026-03-27 14:11:59,1900-01-00 00:00:00,0999-wombat,B8:27:EB:6F:ED:ED,-80, WPA ,0.000000,0.000000,0.000,0.000,AP
2026-03-27 14:11:59,1900-01-00 00:00:00,0999-wombat,B8:27:EB:6F:ED:ED,-80, WPA ,0.000000,0.000000,0.000,0.000,AP
2026-03-27 14:11:59,1900-01-00 00:00:00,0999-wombat,B8:27:EB:6F:ED:ED,-80, WPA ,0.000000,0.000000,0.000,0.000,AP
2026-03-27 14:11:59,1900-01-00 00:00:00,0999-wombat,B8:27:EB:6F:ED:ED,-80, WPA ,0.000000,0.000000,0.000,0.000,AP
2026-03-27 14:11:59,1900-01-00 00:00:00,0999-wombat,B8:27:EB:6F:ED:ED,-80, WPA ,0.000000,0.000000,0.000,0.000,AP
2026-03-27 14:11:59,1900-01-00 00:00:00,0999-wombat,B8:27:EB:6F:ED:ED,-80, WPA ,0.000000,0.000000,0.000,0.000,AP
2026-03-27 14:11:59,1900-01-00 00:00:00,0999-wombat,B8:27:EB:6F:ED:ED,-57, WPA ,0.000000,0.000000,0.000,0.000,AP
2026-03-27 14:11:59,1900-01-00 00:00:00,0999-wombat,B8:27:EB:6F:ED:ED,-57, WPA ,0.000000,0.000000,0.000,0.000,AP
2026-03-27 14:11:59,1900-01-00 00:00:00,0999-wombat,B8:27:EB:6F:ED:ED,-57, WPA ,0.000000,0.000000,0.000,0.000,AP
2026-03-27 14:11:59,1900-01-00 00:00:00,0999-wombat,B8:27:EB:6F:ED:ED,-57, WPA ,0.000000,0.000000,0.000,0.000,AP
2026-03-27 14:11:59,1900-01-00 00:00:00,0999-wombat,B8:27:EB:6F:ED:ED,-57, WPA ,0.000000,0.000000,0.000,0.000,AP
2026-03-27 14:11:59,1900-01-00 00:00:00,0999-wombat,B8:27:EB:6F:ED:ED,-57, WPA ,0.000000,0.000000,0.000,0.000,AP
2026-03-27 14:11:59,1900-01-00 00:00:00,0999-wombat,B8:27:EB:6F:ED:ED,-57, WPA ,0.000000,0.000000,0.000,0.000,AP
2026-03-27 14:11:59,1900-01-00 00:00:00,0999-wombat,B8:27:EB:6F:ED:ED,-57, WPA ,0.000000,0.000000,0.000,0.000,AP
2026-03-27 14:11:59,1900-01-00 00:00:00,0999-wombat,B8:27:EB:6F:ED:ED,-57, WPA ,0.000000,0.000000,0.000,0.000,AP
2026-03-27 14:11:59,1900-01-00 00:00:00,0999-wombat,B8:27:EB:6F:ED:ED,-57, WPA ,0.000000,0.000000,0.000,0.000,AP
2026-03-27 14:11:59,1900-01-00 00:00:00,0999-wombat,B8:27:EB:6F:ED:ED,-57, WPA ,0.000000,0.000000,0.000,0.000,AP
2026-03-27 14:11:59,1900-01-00 00:00:00,0999-wombat,B8:27:EB:6F:ED:ED,-57, WPA ,0.000000,0.000000,0.000,0.000,AP
2026-03-27 14:11:59,1900-01-00 00:00:00,0999-wombat,B8:27:EB:6F:ED:ED,-57, WPA ,0.000000,0.000000,0.000,0.000,AP
2026-03-27 14:11:59,1900-01-00 00:00:00,0999-wombat,B8:27:EB:6F:ED:ED,-57, WPA ,0.000000,0.000000,0.000,0.000,AP
2026-03-27 14:11:59,1900-01-00 00:00:00,0999-wombat,B8:27:EB:6F:ED:ED,-57, WPA ,0.000000,0.000000,0.000,0.000,AP
2026-03-27 14:11:59,1900-01-00 00:00:00,0999-wombat,B8:27:EB:6F:ED:ED,-57, WPA ,0.000000,0.000000,0.000,0.000,AP
2026-03-27 14:11:59,1900-01-00 00:00:00,0999-wombat,B8:27:EB:6F:ED:ED,-57, WPA ,0.000000,0.000000,0.000,0.000,AP
2026-03-27 14:11:59,1900-01-00 00:00:00,0999-wombat,B8:27:EB:6F:ED:ED,-57, WPA ,0.000000,0.000000,0.000,0.000,AP
2026-03-27 14:11:59,1900-01-00 00:00:00,0999-wombat,B8:27:EB:6F:ED:ED,-29, WPA ,0.000000,0.000000,0.000,0.000,AP
2026-03-27 14:11:59,1900-01-00 00:00:00,0999-wombat,B8:27:EB:6F:ED:ED,-29, WPA ,0.000000,0.000000,0.000,0.000,AP
2026-03-27 14:11:59,1900-01-00 00:00:00,0999-wombat,B8:27:EB:6F:ED:ED,-29, WPA ,0.000000,0.000000,0.000,0.000,AP
2026-03-27 14:11:59,1900-01-00 00:00:00,0999-wombat,B8:27:EB:6F:ED:ED,-29, WPA ,0.000000,0.000000,0.000,0.000,AP
2026-03-27 14:11:59,1900-01-00 00:00:00,0999-wombat,B8:27:EB:6F:ED:ED,-58, WPA ,0.000000,0.000000,0.000,0.000,AP
2026-03-27 14:11:59,1900-01-00 00:00:00,0999-wombat,B8:27:EB:6F:ED:ED,-70, WPA ,0.000000,0.000000,0.000,0.000,AP
2026-03-27 14:11:59,1900-01-00 00:00:00,0999-wombat,B8:27:EB:6F:ED:ED,-70, WPA ,0.000000,0.000000,0.000,0.000,AP
2026-03-27 14:11:59,1900-01-00 00:00:00,0999-wombat,B8:27:EB:6F:ED:ED,-70, WPA ,0.000000,0.000000,0.000,0.000,AP
2026-03-27 14:11:59,1900-01-00 00:00:00,0999-wombat,B8:27:EB:6F:ED:ED,-70, WPA ,0.000000,0.000000,0.000,0.000,AP
2026-03-27 14:11:59,1900-01-00 00:00:00,0999-wombat,B8:27:EB:6F:ED:ED,-70, WPA ,0.000000,0.000000,0.000,0.000,AP
2026-03-27 14:11:59,1900-01-00 00:00:00,0999-wombat,B8:27:EB:6F:ED:ED,-70, WPA ,0.000000,0.000000,0.000,0.000,AP
2026-03-27 14:11:59,1900-01-00 00:00:00,0999-wombat,B8:27:EB:6F:ED:ED,-69, WPA ,0.000000,0.000000,0.000,0.000,AP
2026-03-27 14:11:59,1900-01-00 00:00:00,0999-wombat,B8:27:EB:6F:ED:ED,-69, WPA ,0.000000,0.000000,0.000,0.000,AP
2026-03-27 14:11:59,1900-01-00 00:00:00,0999-wombat,B8:27:EB:6F:ED:ED,-69, WPA ,0.000000,0.000000,0.000,0.000,AP
2026-03-27 14:11:59,1900-01-00 00:00:00,0999-wombat,B8:27:EB:6F:ED:ED,-69, WPA ,0.000000,0.000000,0.000,0.000,AP
2026-03-27 14:11:59,1900-01-00 00:00:00,0999-wombat,B8:27:EB:6F:ED:ED,-69, WPA ,0.000000,0.000000,0.000,0.000,AP
2026-03-27 14:11:59,1900-01-00 00:00:00,0999-wombat,B8:27:EB:6F:ED:ED,-69, WPA ,0.000000,0.000000,0.000,0.000,AP
2026-03-27 14:11:59,1900-01-00 00:00:00,0999-wombat,B8:27:EB:6F:ED:ED,-69, WPA ,0.000000,0.000000,0.000,0.000,AP
2026-03-27 14:11:59,1900-01-00 00:00:00,0999-wombat,B8:27:EB:6F:ED:ED,-69, WPA ,0.000000,0.000000,0.000,0.000,AP
2026-03-27 14:11:59,1900-01-00 00:00:00,0999-wombat,B8:27:EB:6F:ED:ED,-69, WPA ,0.000000,0.000000,0.000,0.000,AP
2026-03-27 14:11:59,1900-01-00 00:00:00,0999-wombat,B8:27:EB:6F:ED:ED,-69, WPA ,0.000000,0.000000,0.000,0.000,AP
2026-03-27 14:11:59,1900-01-00 00:00:00,0999-wombat,B8:27:EB:6F:ED:ED,-69, WPA ,0.000000,0.000000,0.000,0.000,AP
2026-03-27 14:11:59,1900-01-00 00:00:00,0999-wombat,B8:27:EB:6F:ED:ED,-69, WPA ,0.000000,0.000000,0.000,0.000,AP
2026-03-27 14:11:59,1900-01-00 00:00:00,0999-wombat,B8:27:EB:6F:ED:ED,-69, WPA ,0.000000,0.000000,0.000,0.000,AP
2026-03-27 14:11:59,1900-01-00 00:00:00,0999-wombat,B8:27:EB:6F:ED:ED,-69, WPA ,0.000000,0.000000,0.000,0.000,AP
2026-03-27 14:11:59,1900-01-00 00:00:00,0999-wombat,B8:27:EB:6F:ED:ED,-69, WPA ,0.000000,0.000000,0.000,0.000,AP
2026-03-27 14:11:59,1900-01-00 00:00:00,0999-wombat,B8:27:EB:6F:ED:ED,-79, WPA ,0.000000,0.000000,0.000,0.000,AP
2026-03-27 14:11:59,1900-01-00 00:00:00,0999-wombat,B8:27:EB:6F:ED:ED,-79, WPA ,0.000000,0.000000,0.000,0.000,AP
2026-03-27 14:11:59,1900-01-00 00:00:00,0999-wombat,B8:27:EB:6F:ED:ED,-79, WPA ,0.000000,0.000000,0.000,0.000,AP
2026-03-27 14:11:59,1900-01-00 00:00:00,0999-wombat,B8:27:EB:6F:ED:ED,-79, WPA ,0.000000,0.000000,0.000,0.000,AP
2026-03-27 14:11:59,1900-01-00 00:00:00,0999-wombat,B8:27:EB:6F:ED:ED,-79, WPA ,0.000000,0.000000,0.000,0.000,AP
2026-03-27 14:11:59,1900-01-00 00:00:00,0999-wombat,B8:27:EB:6F:ED:ED,-79, WPA ,0.000000,0.000000,0.000,0.000,AP
2026-03-27 14:11:59,1900-01-00 00:00:00,0999-wombat,B8:27:EB:6F:ED:ED,-79, WPA ,0.000000,0.000000,0.000,0.000,AP
2026-03-27 14:11:59,1900-01-00 00:00:00,0999-wombat,B8:27:EB:6F:ED:ED,-79, WPA ,0.000000,0.000000,0.000,0.000,AP
2026-03-27 14:11:59,1900-01-00 00:00:00,0999-wombat,B8:27:EB:6F:ED:ED,-79, WPA ,0.000000,0.000000,0.000,0.000,AP
2026-03-27 14:11:59,1900-01-00 00:00:00,0999-wombat,B8:27:EB:6F:ED:ED,-79, WPA ,0.000000,0.000000,0.000,0.000,AP
2026-03-27 14:11:59,1900-01-00 00:00:00,0999-wombat,B8:27:EB:6F:ED:ED,-79, WPA ,0.000000,0.000000,0.000,0.000,AP
2026-03-27 14:11:59,1900-01-00 00:00:00,0999-wombat,B8:27:EB:6F:ED:ED,-79, WPA ,0.000000,0.000000,0.000,0.000,AP
2026-03-27 14:11:59,1900-01-00 00:00:00,0999-wombat,B8:27:EB:6F:ED:ED,-79, WPA ,0.000000,0.000000,0.000,0.000,AP
2026-03-27 14:11:59,1900-01-00 00:00:00,0999-wombat,B8:27:EB:6F:ED:ED,-79, WPA ,0.000000,0.000000,0.000,0.000,AP
2026-03-27 14:11:59,1900-01-00 00:00:00,0999-wombat,B8:27:EB:6F:ED:ED,-79, WPA ,0.000000,0.000000,0.000,0.000,AP
2026-03-27 14:11:59,1900-01-00 00:00:00,0999-wombat,B8:27:EB:6F:ED:ED,-79, WPA ,0.000000,0.000000,0.000,0.000,AP
2026-03-27 14:11:59,1900-01-00 00:00:00,0999-wombat,B8:27:EB:6F:ED:ED,-79, WPA ,0.000000,0.000000,0.000,0.000,AP
2026-03-27 14:11:59,1900-01-00 00:00:00,0999-wombat,B8:27:EB:6F:ED:ED,-79, WPA ,0.000000,0.000000,0.000,0.000,AP
2026-03-27 14:11:59,1900-01-00 00:00:00,0999-wombat,B8:27:EB:6F:ED:ED,-79, WPA ,0.000000,0.000000,0.000,0.000,AP
2026-03-27 14:11:59,1900-01-00 00:00:00,0999-wombat,B8:27:EB:6F:ED:ED,-79, WPA ,0.000000,0.000000,0.000,0.000,AP
2026-03-27 14:11:59,1900-01-00 00:00:00,0999-wombat,B8:27:EB:6F:ED:ED,-79, WPA ,0.000000,0.000000,0.000,0.000,AP
2026-03-27 14:11:59,1900-01-00 00:00:00,0999-wombat,B8:27:EB:6F:ED:ED,-79, WPA ,0.000000,0.000000,0.000,0.000,AP
2026-03-27 14:11:59,1900-01-00 00:00:00,0999-wombat,B8:27:EB:6F:ED:ED,-79, WPA ,0.000000,0.000000,0.000,0.000,AP
2026-03-27 14:11:59,1900-01-00 00:00:00,0999-wombat,B8:27:EB:6F:ED:ED,-79, WPA ,0.000000,0.000000,0.000,0.000,AP
2026-03-27 14:11:59,1900-01-00 00:00:00,0999-wombat,B8:27:EB:6F:ED:ED,-79, WPA ,0.000000,0.000000,0.000,0.000,AP
2026-03-27 14:11:59,1900-01-00 00:00:00,0999-wombat,B8:27:EB:6F:ED:ED,-79, WPA ,0.000000,0.000000,0.000,0.000,AP
2026-03-27 14:11:59,1900-01-00 00:00:00,0999-wombat,B8:27:EB:6F:ED:ED,-79, WPA ,0.000000,0.000000,0.000,0.000,AP
2026-03-27 14:11:59,1900-01-00 00:00:00,0999-wombat,B8:27:EB:6F:ED:ED,-79, WPA ,0.000000,0.000000,0.000,0.000,AP
2026-03-27 14:11:59,1900-01-00 00:00:00,0999-wombat,B8:27:EB:6F:ED:ED,-79, WPA ,0.000000,0.000000,0.000,0.000,AP
2026-03-27 14:11:59,1900-01-00 00:00:00,0999-wombat,B8:27:EB:6F:ED:ED,-79, WPA ,0.000000,0.000000,0.000,0.000,AP
2026-03-27 14:11:59,1900-01-00 00:00:00,0999-wombat,B8:27:EB:6F:ED:ED,-79, WPA ,0.000000,0.000000,0.000,0.000,AP
2026-03-27 14:11:59,1900-01-00 00:00:00,0999-wombat,B8:27:EB:6F:ED:ED,-79, WPA ,0.000000,0.000000,0.000,0.000,AP
2026-03-27 14:11:59,1900-01-00 00:00:00,0999-wombat,B8:27:EB:6F:ED:ED,-79, WPA ,0.000000,0.000000,0.000,0.000,AP
2026-03-27 14:11:59,1900-01-00 00:00:00,0999-wombat,B8:27:EB:6F:ED:ED,-79, WPA ,0.000000,0.000000,0.000,0.000,AP
2026-03-27 14:11:59,1900-01-00 00:00:00,0999-wombat,B8:27:EB:6F:ED:ED,-79, WPA ,0.000000,0.000000,0.000,0.000,AP
2026-03-27 14:11:59,1900-01-00 00:00:00,0999-wombat,B8:27:EB:6F:ED:ED,-79, WPA ,0.000000,0.000000,0.000,0.000,AP
2026-03-27 14:11:59,1900-01-00 00:00:00,0999-wombat,B8:27:EB:6F:ED:ED,-79, WPA ,0.000000,0.000000,0.000,0.000,AP
2026-03-27 14:11:59,1900-01-00 00:00:00,0999-wombat,B8:27:EB:6F:ED:ED,-79, WPA ,0.000000,0.000000,0.000,0.000,AP
2026-03-27 14:11:59,1900-01-00 00:00:00,0999-wombat,B8:27:EB:6F:ED:ED,-79, WPA ,0.000000,0.000000,0.000,0.000,AP
2026-03-27 14:11:59,1900-01-00 00:00:00,0999-wombat,B8:27:EB:6F:ED:ED,-79, WPA ,0.000000,0.000000,0.000,0.000,AP
2026-03-27 14:11:59,1900-01-00 00:00:00,0999-wombat,B8:27:EB:6F:ED:ED,-79, WPA ,0.000000,0.000000,0.000,0.000,AP
2026-03-27 14:11:59,1900-01-00 00:00:00,0999-wombat,B8:27:EB:6F:ED:ED,-79, WPA ,0.000000,0.000000,0.000,0.000,AP
2026-03-27 14:11:59,1900-01-00 00:00:00,0999-wombat,B8:27:EB:6F:ED:ED,-79, WPA ,0.000000,0.000000,0.000,0.000,AP
2026-03-27 14:11:59,1900-01-00 00:00:00,0999-wombat,B8:27:EB:6F:ED:ED,-79, WPA ,0.000000,0.000000,0.000,0.000,AP
2026-03-27 14:11:59,1900-01-00 00:00:00,0999-wombat,B8:27:EB:6F:ED:ED,-79, WPA ,0.000000,0.000000,0.000,0.000,AP
2026-03-27 14:11:59,1900-01-00 00:00:00,0999-wombat,B8:27:EB:6F:ED:ED,-79, WPA ,0.000000,0.000000,0.000,0.000,AP
2026-03-27 14:11:59,1900-01-00 00:00:00,0999-wombat,B8:27:EB:6F:ED:ED,-79, WPA ,0.000000,0.000000,0.000,0.000,AP
2026-03-27 14:11:59,1900-01-00 00:00:00,0999-wombat,B8:27:EB:6F:ED:ED,-79, WPA ,0.000000,0.000000,0.000,0.000,AP
2026-03-27 14:11:59,1900-01-00 00:00:00,0999-wombat,B8:27:EB:6F:ED:ED,-80, WPA ,0.000000,0.000000,0.000,0.000,AP
2026-03-27 14:11:59,1900-01-00 00:00:00,0999-wombat,B8:27:EB:6F:ED:ED,-80, WPA ,0.000000,0.000000,0.000,0.000,AP
2026-03-27 14:11:59,1900-01-00 00:00:00,0999-wombat,B8:27:EB:6F:ED:ED,-80, WPA ,0.000000,0.000000,0.000,0.000,AP
2026-03-27 14:11:59,1900-01-00 00:00:00,0999-wombat,B8:27:EB:6F:ED:ED,-80, WPA ,0.000000,0.000000,0.000,0.000,AP
2026-03-27 14:11:59,1900-01-00 00:00:00,0999-wombat,B8:27:EB:6F:ED:ED,-80, WPA ,0.000000,0.000000,0.000,0.000,AP
2026-03-27 14:11:59,1900-01-00 00:00:00,0999-wombat,B8:27:EB:6F:ED:ED,-80, WPA ,0.000000,0.000000,0.000,0.000,AP
2026-03-27 14:11:59,1900-01-00 00:00:00,0999-wombat,B8:27:EB:6F:ED:ED,-80, WPA ,0.000000,0.000000,0.000,0.000,AP
2026-03-27 14:11:59,1900-01-00 00:00:00,0999-wombat,B8:27:EB:6F:ED:ED,-58, WPA ,0.000000,0.000000,0.000,0.000,AP
2026-03-27 14:11:59,1900-01-00 00:00:00,0999-wombat,B8:27:EB:6F:ED:ED,-58, WPA ,0.000000,0.000000,0.000,0.000,AP
2026-03-27 14:11:59,1900-01-00 00:00:00,0999-wombat,B8:27:EB:6F:ED:ED,-58, WPA ,0.000000,0.000000,0.000,0.000,AP
2026-03-27 14:11:59,1900-01-00 00:00:00,0999-wombat,B8:27:EB:6F:ED:ED,-58, WPA ,0.000000,0.000000,0.000,0.000,AP
2026-03-27 14:11:59,1900-01-00 00:00:00,0999-wombat,B8:27:EB:6F:ED:ED,-58, WPA ,0.000000,0.000000,0.000,0.000,AP
2026-03-27 14:11:59,1900-01-00 00:00:00,0999-wombat,B8:27:EB:6F:ED:ED,-58, WPA ,0.000000,0.000000,0.000,0.000,AP
2026-03-27 14:11:59,1900-01-00 00:00:00,0999-wombat,B8:27:EB:6F:ED:ED,-58, WPA ,0.000000,0.000000,0.000,0.000,AP
2026-03-27 14:11:59,1900-01-00 00:00:00,0999-wombat,B8:27:EB:6F:ED:ED,-58, WPA ,0.000000,0.000000,0.000,0.000,AP
2026-03-27 14:11:59,1900-01-00 00:00:00,0999-wombat,B8:27:EB:6F:ED:ED,-58, WPA ,0.000000,0.000000,0.000,0.000,AP
2026-03-27 14:11:59,1900-01-00 00:00:00,0999-wombat,B8:27:EB:6F:ED:ED,-58, WPA ,0.000000,0.000000,0.000,0.000,AP
2026-03-27 14:11:59,1900-01-00 00:00:00,0999-wombat,B8:27:EB:6F:ED:ED,-58, WPA ,0.000000,0.000000,0.000,0.000,AP
2026-03-27 14:11:59,1900-01-00 00:00:00,0999-wombat,B8:27:EB:6F:ED:ED,-58, WPA ,0.000000,0.000000,0.000,0.000,AP
2026-03-27 14:11:59,1900-01-00 00:00:00,0999-wombat,B8:27:EB:6F:ED:ED,-58, WPA ,0.000000,0.000000,0.000,0.000,AP
2026-03-27 14:11:59,1900-01-00 00:00:00,0999-wombat,B8:27:EB:6F:ED:ED,-58, WPA ,0.000000,0.000000,0.000,0.000,AP
2026-03-27 14:11:59,1900-01-00 00:00:00,0999-wombat,B8:27:EB:6F:ED:ED,-58, WPA ,0.000000,0.000000,0.000,0.000,AP
2026-03-27 14:11:59,1900-01-00 00:00:00,0999-wombat,B8:27:EB:6F:ED:ED,-58, WPA ,0.000000,0.000000,0.000,0.000,AP
2026-03-27 14:11:59,1900-01-00 00:00:00,0999-wombat,B8:27:EB:6F:ED:ED,-58, WPA ,0.000000,0.000000,0.000,0.000,AP
2026-03-27 14:11:59,1900-01-00 00:00:00,0999-wombat,B8:27:EB:6F:ED:ED,-58, WPA ,0.000000,0.000000,0.000,0.000,AP
2026-03-27 14:11:59,1900-01-00 00:00:00,0999-wombat,B8:27:EB:6F:ED:ED,-28, WPA ,0.000000,0.000000,0.000,0.000,AP
2026-03-27 14:11:59,1900-01-00 00:00:00,0999-wombat,B8:27:EB:6F:ED:ED,-28, WPA ,0.000000,0.000000,0.000,0.000,AP
2026-03-27 14:11:59,1900-01-00 00:00:00,0999-wombat,B8:27:EB:6F:ED:ED,-28, WPA ,0.000000,0.000000,0.000,0.000,AP
2026-03-27 14:11:59,1900-01-00 00:00:00,0999-wombat,B8:27:EB:6F:ED:ED,-28, WPA ,0.000000,0.000000,0.000,0.000,AP
2026-03-27 14:11:59,1900-01-00 00:00:00,0999-wombat,B8:27:EB:6F:ED:ED,-28, WPA ,0.000000,0.000000,0.000,0.000,AP
2026-03-27 14:11:59,1900-01-00 00:00:00,0999-wombat,B8:27:EB:6F:ED:ED,-28, WPA ,0.000000,0.000000,0.000,0.000,AP
2026-03-27 14:11:59,1900-01-00 00:00:00,0999-wombat,B8:27:EB:6F:ED:ED,-28, WPA ,0.000000,0.000000,0.000,0.000,AP
2026-03-27 14:11:59,1900-01-00 00:00:00,0999-wombat,B8:27:EB:6F:ED:ED,-28, WPA ,0.000000,0.000000,0.000,0.000,AP
2026-03-27 14:11:59,1900-01-00 00:00:00,0999-wombat,B8:27:EB:6F:ED:ED,-28, WPA ,0.000000,0.000000,0.000,0.000,AP
2026-03-27 14:11:59,1900-01-00 00:00:00,0999-wombat,B8:27:EB:6F:ED:ED,-28, WPA ,0.000000,0.000000,0.000,0.000,AP
2026-03-27 14:11:59,1900-01-00 00:00:00,0999-wombat,B8:27:EB:6F:ED:ED,-28, WPA ,0.000000,0.000000,0.000,0.000,AP
2026-03-27 14:11:59,1900-01-00 00:00:00,0999-wombat,B8:27:EB:6F:ED:ED,-69, WPA ,0.000000,0.000000,0.000,0.000,AP
2026-03-27 14:11:59,1900-01-00 00:00:00,0999-wombat,B8:27:EB:6F:ED:ED,-69, WPA ,0.000000,0.000000,0.000,0.000,AP
2026-03-27 14:11:59,1900-01-00 00:00:00,0999-wombat,B8:27:EB:6F:ED:ED,-69, WPA ,0.000000,0.000000,0.000,0.000,AP
2026-03-27 14:11:59,1900-01-00 00:00:00,0999-wombat,B8:27:EB:6F:ED:ED,-69, WPA ,0.000000,0.000000,0.000,0.000,AP
2026-03-27 14:11:59,1900-01-00 00:00:00,0999-wombat,B8:27:EB:6F:ED:ED,-69, WPA ,0.000000,0.000000,0.000,0.000,AP
2026-03-27 14:11:59,1900-01-00 00:00:00,0999-wombat,B8:27:EB:6F:ED:ED,-69, WPA ,0.000000,0.000000,0.000,0.000,AP
2026-03-27 14:11:59,1900-01-00 00:00:00,0999-wombat,B8:27:EB:6F:ED:ED,-69, WPA ,0.000000,0.000000,0.000,0.000,AP
2026-03-27 14:11:59,1900-01-00 00:00:00,0999-wombat,B8:27:EB:6F:ED:ED,-69, WPA ,0.000000,0.000000,0.000,0.000,AP
2026-03-27 14:11:59,1900-01-00 00:00:00,0999-wombat,B8:27:EB:6F:ED:ED,-69, WPA ,0.000000,0.000000,0.000,0.000,AP
2026-03-27 14:11:59,1900-01-00 00:00:00,0999-wombat,B8:27:EB:6F:ED:ED,-69, WPA ,0.000000,0.000000,0.000,0.000,AP
2026-03-27 14:11:59,1900-01-00 00:00:00,0999-wombat,B8:27:EB:6F:ED:ED,-69, WPA ,0.000000,0.000000,0.000,0.000,AP
2026-03-27 14:11:59,1900-01-00 00:00:00,0999-wombat,B8:27:EB:6F:ED:ED,-69, WPA ,0.000000,0.000000,0.000,0.000,AP
2026-03-27 14:11:59,1900-01-00 00:00:00,0999-wombat,B8:27:EB:6F:ED:ED,-69, WPA ,0.000000,0.000000,0.000,0.000,AP
2026-03-27 14:11:59,1900-01-00 00:00:00,0999-wombat,B8:27:EB:6F:ED:ED,-69, WPA ,0.000000,0.000000,0.000,0.000,AP
2026-03-27 14:11:59,1900-01-00 00:00:00,0999-wombat,B8:27:EB:6F:ED:ED,-69, WPA ,0.000000,0.000000,0.000,0.000,AP
2026-03-27 14:11:59,1900-01-00 00:00:00,0999-wombat,B8:27:EB:6F:ED:ED,-69, WPA ,0.000000,0.000000,0.000,0.000,AP
2026-03-27 14:11:59,1900-01-00 00:00:00,0999-wombat,B8:27:EB:6F:ED:ED,-69, WPA ,0.000000,0.000000,0.000,0.000,AP
2026-03-27 14:11:59,1900-01-00 00:00:00,0999-wombat,B8:27:EB:6F:ED:ED,-69, WPA ,0.000000,0.000000,0.000,0.000,AP
2026-03-27 14:11:59,1900-01-00 00:00:00,0999-wombat,B8:27:EB:6F:ED:ED,-69, WPA ,0.000000,0.000000,0.000,0.000,AP
2026-03-27 14:11:59,1900-01-00 00:00:00,0999-wombat,B8:27:EB:6F:ED:ED,-69, WPA ,0.000000,0.000000,0.000,0.000,AP
2026-03-27 14:11:59,1900-01-00 00:00:00,0999-wombat,B8:27:EB:6F:ED:ED,-69, WPA ,0.000000,0.000000,0.000,0.000,AP
2026-03-27 14:11:59,1900-01-00 00:00:00,0999-wombat,B8:27:EB:6F:ED:ED,-69, WPA ,0.000000,0.000000,0.000,0.000,AP
2026-03-27 14:11:59,1900-01-00 00:00:00,0999-wombat,B8:27:EB:6F:ED:ED,-69, WPA ,0.000000,0.000000,0.000,0.000,AP
2026-03-27 14:11:59,1900-01-00 00:00:00,0999-wombat,B8:27:EB:6F:ED:ED,-69, WPA ,0.000000,0.000000,0.000,0.000,AP
2026-03-27 14:11:59,1900-01-00 00:00:00,0999-wombat,B8:27:EB:6F:ED:ED,-69, WPA ,0.000000,0.000000,0.000,0.000,AP
2026-03-27 14:11:59,1900-01-00 00:00:00,0999-wombat,B8:27:EB:6F:ED:ED,-69, WPA ,0.000000,0.000000,0.000,0.000,AP
2026-03-27 14:11:59,1900-01-00 00:00:00,0999-wombat,B8:27:EB:6F:ED:ED,-69, WPA ,0.000000,0.000000,0.000,0.000,AP
2026-03-27 14:11:59,1900-01-00 00:00:00,0999-wombat,B8:27:EB:6F:ED:ED,-86, WPA ,0.000000,0.000000,0.000,0.000,AP
2026-03-27 14:11:59,1900-01-00 00:00:00,0999-wombat,B8:27:EB:6F:ED:ED,-86, WPA ,0.000000,0.000000,0.000,0.000,AP
2026-03-27 14:11:59,1900-01-00 00:00:00,0999-wombat,B8:27:EB:6F:ED:ED,-86, WPA ,0.000000,0.000000,0.000,0.000,AP
2026-03-27 14:11:59,1900-01-00 00:00:00,0999-wombat,B8:27:EB:6F:ED:ED,-86, WPA ,0.000000,0.000000,0.000,0.000,AP
2026-03-27 14:12:00,1900-01-00 00:00:00,0999-wombat,B8:27:EB:6F:ED:ED,-30, WPA ,0.000000,0.000000,0.000,0.000,AP
2026-03-27 14:12:00,1900-01-00 00:00:00,0999-wombat,B8:27:EB:6F:ED:ED,-29, WPA ,0.000000,0.000000,0.000,0.000,AP
2026-03-27 14:12:00,1900-01-00 00:00:00,0999-wombat,B8:27:EB:6F:ED:ED,-70, WPA ,0.000000,0.000000,0.000,0.000,AP
2026-03-27 14:12:00,1900-01-00 00:00:00,0999-wombat,B8:27:EB:6F:ED:ED,-70, WPA ,0.000000,0.000000,0.000,0.000,AP
2026-03-27 14:12:00,1900-01-00 00:00:00,0999-wombat,B8:27:EB:6F:ED:ED,-70, WPA ,0.000000,0.000000,0.000,0.000,AP
2026-03-27 14:12:00,1900-01-00 00:00:00,0999-wombat,B8:27:EB:6F:ED:ED,-70, WPA ,0.000000,0.000000,0.000,0.000,AP
2026-03-27 14:12:00,1900-01-00 00:00:00,0999-wombat,B8:27:EB:6F:ED:ED,-70, WPA ,0.000000,0.000000,0.000,0.000,AP
2026-03-27 14:12:00,1900-01-00 00:00:00,0999-wombat,B8:27:EB:6F:ED:ED,-70, WPA ,0.000000,0.000000,0.000,0.000,AP
2026-03-27 14:12:00,1900-01-00 00:00:00,0999-wombat,B8:27:EB:6F:ED:ED,-70, WPA ,0.000000,0.000000,0.000,0.000,AP
2026-03-27 14:12:00,1900-01-00 00:00:00,0999-wombat,B8:27:EB:6F:ED:ED,-70, WPA ,0.000000,0.000000,0.000,0.000,AP
2026-03-27 14:12:00,1900-01-00 00:00:00,0999-wombat,B8:27:EB:6F:ED:ED,-70, WPA ,0.000000,0.000000,0.000,0.000,AP
2026-03-27 14:12:00,1900-01-00 00:00:00,0999-wombat,B8:27:EB:6F:ED:ED,-70, WPA ,0.000000,0.000000,0.000,0.000,AP
2026-03-27 14:12:00,1900-01-00 00:00:00,0999-wombat,B8:27:EB:6F:ED:ED,-70, WPA ,0.000000,0.000000,0.000,0.000,AP
2026-03-27 14:12:00,1900-01-00 00:00:00,0999-wombat,B8:27:EB:6F:ED:ED,-70, WPA ,0.000000,0.000000,0.000,0.000,AP
2026-03-27 14:12:00,1900-01-00 00:00:00,0999-wombat,B8:27:EB:6F:ED:ED,-70, WPA ,0.000000,0.000000,0.000,0.000,AP
2026-03-27 14:12:00,1900-01-00 00:00:00,0999-wombat,B8:27:EB:6F:ED:ED,-70, WPA ,0.000000,0.000000,0.000,0.000,AP
2026-03-27 14:12:00,1900-01-00 00:00:00,0999-wombat,B8:27:EB:6F:ED:ED,-70, WPA ,0.000000,0.000000,0.000,0.000,AP
2026-03-27 14:12:00,1900-01-00 00:00:00,0999-wombat,B8:27:EB:6F:ED:ED,-70, WPA ,0.000000,0.000000,0.000,0.000,AP
2026-03-27 14:12:00,1900-01-00 00:00:00,0999-wombat,B8:27:EB:6F:ED:ED,-70, WPA ,0.000000,0.000000,0.000,0.000,AP
2026-03-27 14:12:00,1900-01-00 00:00:00,0999-wombat,B8:27:EB:6F:ED:ED,-70, WPA ,0.000000,0.000000,0.000,0.000,AP
2026-03-27 14:12:00,1900-01-00 00:00:00,0999-wombat,B8:27:EB:6F:ED:ED,-70, WPA ,0.000000,0.000000,0.000,0.000,AP
2026-03-27 14:12:00,1900-01-00 00:00:00,0999-wombat,B8:27:EB:6F:ED:ED,-70, WPA ,0.000000,0.000000,0.000,0.000,AP
2026-03-27 14:12:00,1900-01-00 00:00:00,0999-wombat,B8:27:EB:6F:ED:ED,-70, WPA ,0.000000,0.000000,0.000,0.000,AP
2026-03-27 14:12:00,1900-01-00 00:00:00,0999-wombat,B8:27:EB:6F:ED:ED,-70, WPA ,0.000000,0.000000,0.000,0.000,AP
2026-03-27 14:12:00,1900-01-00 00:00:00,0999-wombat,B8:27:EB:6F:ED:ED,-70, WPA ,0.000000,0.000000,0.000,0.000,AP
2026-03-27 14:12:00,1900-01-00 00:00:00,0999-wombat,B8:27:EB:6F:ED:ED,-70, WPA ,0.000000,0.000000,0.000,0.000,AP
2026-03-27 14:12:00,1900-01-00 00:00:00,0999-wombat,B8:27:EB:6F:ED:ED,-70, WPA ,0.000000,0.000000,0.000,0.000,AP
2026-03-27 14:12:00,1900-01-00 00:00:00,0999-wombat,B8:27:EB:6F:ED:ED,-70, WPA ,0.000000,0.000000,0.000,0.000,AP
2026-03-27 14:12:00,1900-01-00 00:00:00,0999-wombat,B8:27:EB:6F:ED:ED,-70, WPA ,0.000000,0.000000,0.000,0.000,AP
2026-03-27 14:12:00,1900-01-00 00:00:00,0999-wombat,B8:27:EB:6F:ED:ED,-70, WPA ,0.000000,0.000000,0.000,0.000,AP
2026-03-27 14:12:00,1900-01-00 00:00:00,0999-wombat,B8:27:EB:6F:ED:ED,-70, WPA ,0.000000,0.000000,0.000,0.000,AP
2026-03-27 14:12:00,1900-01-00 00:00:00,0999-wombat,B8:27:EB:6F:ED:ED,-70, WPA ,0.000000,0.000000,0.000,0.000,AP
2026-03-27 14:12:00,1900-01-00 00:00:00,0999-wombat,B8:27:EB:6F:ED:ED,-70, WPA ,0.000000,0.000000,0.000,0.000,AP
2026-03-27 14:12:00,1900-01-00 00:00:00,0999-wombat,B8:27:EB:6F:ED:ED,-70, WPA ,0.000000,0.000000,0.000,0.000,AP
2026-03-27 14:12:00,1900-01-00 00:00:00,0999-wombat,B8:27:EB:6F:ED:ED,-70, WPA ,0.000000,0.000000,0.000,0.000,AP
2026-03-27 14:12:00,1900-01-00 00:00:00,0999-wombat,B8:27:EB:6F:ED:ED,-70, WPA ,0.000000,0.000000,0.000,0.000,AP
2026-03-27 14:12:00,1900-01-00 00:00:00,0999-wombat,B8:27:EB:6F:ED:ED,-70, WPA ,0.000000,0.000000,0.000,0.000,AP
2026-03-27 14:12:00,1900-01-00 00:00:00,0999-wombat,B8:27:EB:6F:ED:ED,-70, WPA ,0.000000,0.000000,0.000,0.000,AP
2026-03-27 14:12:00,1900-01-00 00:00:00,0999-wombat,B8:27:EB:6F:ED:ED,-70, WPA ,0.000000,0.000000,0.000,0.000,AP
2026-03-27 14:12:00,1900-01-00 00:00:00,0999-wombat,B8:27:EB:6F:ED:ED,-70, WPA ,0.000000,0.000000,0.000,0.000,AP
2026-03-27 14:12:00,1900-01-00 00:00:00,0999-wombat,B8:27:EB:6F:ED:ED,-70, WPA ,0.000000,0.000000,0.000,0.000,AP
2026-03-27 14:12:00,1900-01-00 00:00:00,0999-wombat,B8:27:EB:6F:ED:ED,-70, WPA ,0.000000,0.000000,0.000,0.000,AP
2026-03-27 14:12:00,1900-01-00 00:00:00,0999-wombat,B8:27:EB:6F:ED:ED,-70, WPA ,0.000000,0.000000,0.000,0.000,AP
2026-03-27 14:12:00,1900-01-00 00:00:00,0999-wombat,B8:27:EB:6F:ED:ED,-70, WPA ,0.000000,0.000000,0.000,0.000,AP
2026-03-27 14:12:00,1900-01-00 00:00:00,0999-wombat,B8:27:EB:6F:ED:ED,-70, WPA ,0.000000,0.000000,0.000,0.000,AP
2026-03-27 14:12:00,1900-01-00 00:00:00,0999-wombat,B8:27:EB:6F:ED:ED,-70, WPA ,0.000000,0.000000,0.000,0.000,AP
2026-03-27 14:12:00,1900-01-00 00:00:00,0999-wombat,B8:27:EB:6F:ED:ED,-70, WPA ,0.000000,0.000000,0.000,0.000,AP
2026-03-27 14:12:00,1900-01-00 00:00:00,0999-wombat,B8:27:EB:6F:ED:ED,-70, WPA ,0.000000,0.000000,0.000,0.000,AP
2026-03-27 14:12:00,1900-01-00 00:00:00,0999-wombat,B8:27:EB:6F:ED:ED,-70, WPA ,0.000000,0.000000,0.000,0.000,AP
2026-03-27 14:12:00,1900-01-00 00:00:00,0999-wombat,B8:27:EB:6F:ED:ED,-70, WPA ,0.000000,0.000000,0.000,0.000,AP
2026-03-27 14:12:00,1900-01-00 00:00:00,0999-wombat,B8:27:EB:6F:ED:ED,-70, WPA ,0.000000,0.000000,0.000,0.000,AP
2026-03-27 14:12:00,1900-01-00 00:00:00,0999-wombat,B8:27:EB:6F:ED:ED,-70, WPA ,0.000000,0.000000,0.000,0.000,AP
2026-03-27 14:12:00,1900-01-00 00:00:00,0999-wombat,B8:27:EB:6F:ED:ED,-70, WPA ,0.000000,0.000000,0.000,0.000,AP
2026-03-27 14:12:00,1900-01-00 00:00:00,0999-wombat,B8:27:EB:6F:ED:ED,-70, WPA ,0.000000,0.000000,0.000,0.000,AP
2026-03-27 14:12:00,1900-01-00 00:00:00,0999-wombat,B8:27:EB:6F:ED:ED,-70, WPA ,0.000000,0.000000,0.000,0.000,AP
2026-03-27 14:12:00,1900-01-00 00:00:00,0999-wombat,B8:27:EB:6F:ED:ED,-70, WPA ,0.000000,0.000000,0.000,0.000,AP
2026-03-27 14:12:00,1900-01-00 00:00:00,0999-wombat,B8:27:EB:6F:ED:ED,-70, WPA ,0.000000,0.000000,0.000,0.000,AP
2026-03-27 14:12:00,1900-01-00 00:00:00,0999-wombat,B8:27:EB:6F:ED:ED,-70, WPA ,0.000000,0.000000,0.000,0.000,AP
2026-03-27 14:12:00,1900-01-00 00:00:00,0999-wombat,B8:27:EB:6F:ED:ED,-80, WPA ,0.000000,0.000000,0.000,0.000,AP
2026-03-27 14:12:00,1900-01-00 00:00:00,0999-wombat,B8:27:EB:6F:ED:ED,-80, WPA ,0.000000,0.000000,0.000,0.000,AP
2026-03-27 14:12:00,1900-01-00 00:00:00,0999-wombat,B8:27:EB:6F:ED:ED,-80, WPA ,0.000000,0.000000,0.000,0.000,AP
2026-03-27 14:12:00,1900-01-00 00:00:00,0999-wombat,B8:27:EB:6F:ED:ED,-80, WPA ,0.000000,0.000000,0.000,0.000,AP
2026-03-27 14:12:00,1900-01-00 00:00:00,0999-wombat,B8:27:EB:6F:ED:ED,-80, WPA ,0.000000,0.000000,0.000,0.000,AP
2026-03-27 14:12:00,1900-01-00 00:00:00,0999-wombat,B8:27:EB:6F:ED:ED,-80, WPA ,0.000000,0.000000,0.000,0.000,AP
2026-03-27 14:12:00,1900-01-00 00:00:00,0999-wombat,B8:27:EB:6F:ED:ED,-80, WPA ,0.000000,0.000000,0.000,0.000,AP
2026-03-27 14:12:00,1900-01-00 00:00:00,0999-wombat,B8:27:EB:6F:ED:ED,-61, WPA ,0.000000,0.000000,0.000,0.000,AP
2026-03-27 14:12:00,1900-01-00 00:00:00,0999-wombat,B8:27:EB:6F:ED:ED,-61, WPA ,0.000000,0.000000,0.000,0.000,AP
2026-03-27 14:12:00,1900-01-00 00:00:00,0999-wombat,B8:27:EB:6F:ED:ED,-61, WPA ,0.000000,0.000000,0.000,0.000,AP
2026-03-27 14:12:00,1900-01-00 00:00:00,0999-wombat,B8:27:EB:6F:ED:ED,-61, WPA ,0.000000,0.000000,0.000,0.000,AP
2026-03-27 14:12:00,1900-01-00 00:00:00,0999-wombat,B8:27:EB:6F:ED:ED,-61, WPA ,0.000000,0.000000,0.000,0.000,AP
2026-03-27 14:12:00,1900-01-00 00:00:00,0999-wombat,B8:27:EB:6F:ED:ED,-61, WPA ,0.000000,0.000000,0.000,0.000,AP
2026-03-27 14:12:00,1900-01-00 00:00:00,0999-wombat,B8:27:EB:6F:ED:ED,-61, WPA ,0.000000,0.000000,0.000,0.000,AP
2026-03-27 14:12:00,1900-01-00 00:00:00,0999-wombat,B8:27:EB:6F:ED:ED,-61, WPA ,0.000000,0.000000,0.000,0.000,AP
2026-03-27 14:12:00,1900-01-00 00:00:00,0999-wombat,B8:27:EB:6F:ED:ED,-61, WPA ,0.000000,0.000000,0.000,0.000,AP
2026-03-27 14:12:00,1900-01-00 00:00:00,0999-wombat,B8:27:EB:6F:ED:ED,-61, WPA ,0.000000,0.000000,0.000,0.000,AP
2026-03-27 14:12:00,1900-01-00 00:00:00,0999-wombat,B8:27:EB:6F:ED:ED,-61, WPA ,0.000000,0.000000,0.000,0.000,AP
2026-03-27 14:12:00,1900-01-00 00:00:00,0999-wombat,B8:27:EB:6F:ED:ED,-61, WPA ,0.000000,0.000000,0.000,0.000,AP
2026-03-27 14:12:00,1900-01-00 00:00:00,0999-wombat,B8:27:EB:6F:ED:ED,-61, WPA ,0.000000,0.000000,0.000,0.000,AP
2026-03-27 14:12:00,1900-01-00 00:00:00,0999-wombat,B8:27:EB:6F:ED:ED,-61, WPA ,0.000000,0.000000,0.000,0.000,AP
2026-03-27 14:12:00,1900-01-00 00:00:00,0999-wombat,B8:27:EB:6F:ED:ED,-61, WPA ,0.000000,0.000000,0.000,0.000,AP
2026-03-27 14:12:00,1900-01-00 00:00:00,0999-wombat,B8:27:EB:6F:ED:ED,-61, WPA ,0.000000,0.000000,0.000,0.000,AP
2026-03-27 14:12:00,1900-01-00 00:00:00,0999-wombat,B8:27:EB:6F:ED:ED,-61, WPA ,0.000000,0.000000,0.000,0.000,AP
2026-03-27 14:12:00,1900-01-00 00:00:00,0999-wombat,B8:27:EB:6F:ED:ED,-61, WPA ,0.000000,0.000000,0.000,0.000,AP
2026-03-27 14:12:00,1900-01-00 00:00:00,0999-wombat,B8:27:EB:6F:ED:ED,-30, WPA ,0.000000,0.000000,0.000,0.000,AP
2026-03-27 14:12:00,1900-01-00 00:00:00,0999-wombat,B8:27:EB:6F:ED:ED,-30, WPA ,0.000000,0.000000,0.000,0.000,AP
2026-03-27 14:12:00,1900-01-00 00:00:00,0999-wombat,B8:27:EB:6F:ED:ED,-30, WPA ,0.000000,0.000000,0.000,0.000,AP
2026-03-27 14:12:00,1900-01-00 00:00:00,0999-wombat,B8:27:EB:6F:ED:ED,-30, WPA ,0.000000,0.000000,0.000,0.000,AP
2026-03-27 14:12:00,1900-01-00 00:00:00,0999-wombat,B8:27:EB:6F:ED:ED,-30, WPA ,0.000000,0.000000,0.000,0.000,AP
2026-03-27 14:12:00,1900-01-00 00:00:00,0999-wombat,B8:27:EB:6F:ED:ED,-30, WPA ,0.000000,0.000000,0.000,0.000,AP
2026-03-27 14:12:00,1900-01-00 00:00:00,0999-wombat,B8:27:EB:6F:ED:ED,-30, WPA ,0.000000,0.000000,0.000,0.000,AP
2026-03-27 14:12:00,1900-01-00 00:00:00,0999-wombat,B8:27:EB:6F:ED:ED,-30, WPA ,0.000000,0.000000,0.000,0.000,AP
2026-03-27 14:12:00,1900-01-00 00:00:00,0999-wombat,B8:27:EB:6F:ED:ED,-30, WPA ,0.000000,0.000000,0.000,0.000,AP
2026-03-27 14:12:00,1900-01-00 00:00:00,0999-wombat,B8:27:EB:6F:ED:ED,-30, WPA ,0.000000,0.000000,0.000,0.000,AP
2026-03-27 14:12:00,1900-01-00 00:00:00,0999-wombat,B8:27:EB:6F:ED:ED,-30, WPA ,0.000000,0.000000,0.000,0.000,AP
2026-03-27 14:12:00,1900-01-00 00:00:00,0999-wombat,B8:27:EB:6F:ED:ED,-70, WPA ,0.000000,0.000000,0.000,0.000,AP
2026-03-27 14:12:00,1900-01-00 00:00:00,0999-wombat,B8:27:EB:6F:ED:ED,-70, WPA ,0.000000,0.000000,0.000,0.000,AP
2026-03-27 14:12:00,1900-01-00 00:00:00,0999-wombat,B8:27:EB:6F:ED:ED,-70, WPA ,0.000000,0.000000,0.000,0.000,AP
2026-03-27 14:12:00,1900-01-00 00:00:00,0999-wombat,B8:27:EB:6F:ED:ED,-70, WPA ,0.000000,0.000000,0.000,0.000,AP
2026-03-27 14:12:00,1900-01-00 00:00:00,0999-wombat,B8:27:EB:6F:ED:ED,-70, WPA ,0.000000,0.000000,0.000,0.000,AP
2026-03-27 14:12:00,1900-01-00 00:00:00,0999-wombat,B8:27:EB:6F:ED:ED,-70, WPA ,0.000000,0.000000,0.000,0.000,AP
2026-03-27 14:12:00,1900-01-00 00:00:00,0999-wombat,B8:27:EB:6F:ED:ED,-70, WPA ,0.000000,0.000000,0.000,0.000,AP
2026-03-27 14:12:00,1900-01-00 00:00:00,0999-wombat,B8:27:EB:6F:ED:ED,-70, WPA ,0.000000,0.000000,0.000,0.000,AP
2026-03-27 14:12:00,1900-01-00 00:00:00,0999-wombat,B8:27:EB:6F:ED:ED,-70, WPA ,0.000000,0.000000,0.000,0.000,AP
2026-03-27 14:12:00,1900-01-00 00:00:00,0999-wombat,B8:27:EB:6F:ED:ED,-70, WPA ,0.000000,0.000000,0.000,0.000,AP
2026-03-27 14:12:00,1900-01-00 00:00:00,0999-wombat,B8:27:EB:6F:ED:ED,-70, WPA ,0.000000,0.000000,0.000,0.000,AP
2026-03-27 14:12:00,1900-01-00 00:00:00,0999-wombat,B8:27:EB:6F:ED:ED,-70, WPA ,0.000000,0.000000,0.000,0.000,AP
2026-03-27 14:12:00,1900-01-00 00:00:00,0999-wombat,B8:27:EB:6F:ED:ED,-70, WPA ,0.000000,0.000000,0.000,0.000,AP
2026-03-27 14:12:00,1900-01-00 00:00:00,0999-wombat,B8:27:EB:6F:ED:ED,-70, WPA ,0.000000,0.000000,0.000,0.000,AP
2026-03-27 14:12:00,1900-01-00 00:00:00,0999-wombat,B8:27:EB:6F:ED:ED,-70, WPA ,0.000000,0.000000,0.000,0.000,AP
2026-03-27 14:12:00,1900-01-00 00:00:00,0999-wombat,B8:27:EB:6F:ED:ED,-70, WPA ,0.000000,0.000000,0.000,0.000,AP
2026-03-27 14:12:00,1900-01-00 00:00:00,0999-wombat,B8:27:EB:6F:ED:ED,-70, WPA ,0.000000,0.000000,0.000,0.000,AP
2026-03-27 14:12:00,1900-01-00 00:00:00,0999-wombat,B8:27:EB:6F:ED:ED,-70, WPA ,0.000000,0.000000,0.000,0.000,AP
2026-03-27 14:12:00,1900-01-00 00:00:00,0999-wombat,B8:27:EB:6F:ED:ED,-70, WPA ,0.000000,0.000000,0.000,0.000,AP
2026-03-27 14:12:00,1900-01-00 00:00:00,0999-wombat,B8:27:EB:6F:ED:ED,-70, WPA ,0.000000,0.000000,0.000,0.000,AP
2026-03-27 14:12:00,1900-01-00 00:00:00,0999-wombat,B8:27:EB:6F:ED:ED,-70, WPA ,0.000000,0.000000,0.000,0.000,AP
2026-03-27 14:12:00,1900-01-00 00:00:00,0999-wombat,B8:27:EB:6F:ED:ED,-70, WPA ,0.000000,0.000000,0.000,0.000,AP
2026-03-27 14:12:00,1900-01-00 00:00:00,0999-wombat,B8:27:EB:6F:ED:ED,-70, WPA ,0.000000,0.000000,0.000,0.000,AP
2026-03-27 14:12:00,1900-01-00 00:00:00,0999-wombat,B8:27:EB:6F:ED:ED,-70, WPA ,0.000000,0.000000,0.000,0.000,AP
2026-03-27 14:12:00,1900-01-00 00:00:00,0999-wombat,B8:27:EB:6F:ED:ED,-70, WPA ,0.000000,0.000000,0.000,0.000,AP
2026-03-27 14:12:00,1900-01-00 00:00:00,0999-wombat,B8:27:EB:6F:ED:ED,-70, WPA ,0.000000,0.000000,0.000,0.000,AP
2026-03-27 14:12:00,1900-01-00 00:00:00,0999-wombat,B8:27:EB:6F:ED:ED,-70, WPA ,0.000000,0.000000,0.000,0.000,AP
2026-03-27 14:12:00,1900-01-00 00:00:00,0999-wombat,B8:27:EB:6F:ED:ED,-70, WPA ,0.000000,0.000000,0.000,0.000,AP
2026-03-27 14:12:00,1900-01-00 00:00:00,0999-wombat,B8:27:EB:6F:ED:ED,-70, WPA ,0.000000,0.000000,0.000,0.000,AP
2026-03-27 14:12:00,1900-01-00 00:00:00,0999-wombat,B8:27:EB:6F:ED:ED,-70, WPA ,0.000000,0.000000,0.000,0.000,AP
2026-03-27 14:12:00,1900-01-00 00:00:00,0999-wombat,B8:27:EB:6F:ED:ED,-70, WPA ,0.000000,0.000000,0.000,0.000,AP
2026-03-27 14:12:00,1900-01-00 00:00:00,0999-wombat,B8:27:EB:6F:ED:ED,-70, WPA ,0.000000,0.000000,0.000,0.000,AP
2026-03-27 14:12:00,1900-01-00 00:00:00,0999-wombat,B8:27:EB:6F:ED:ED,-70, WPA ,0.000000,0.000000,0.000,0.000,AP
2026-03-27 14:12:00,1900-01-00 00:00:00,0999-wombat,B8:27:EB:6F:ED:ED,-70, WPA ,0.000000,0.000000,0.000,0.000,AP
2026-03-27 14:12:00,1900-01-00 00:00:00,0999-wombat,B8:27:EB:6F:ED:ED,-70, WPA ,0.000000,0.000000,0.000,0.000,AP
2026-03-27 14:12:00,1900-01-00 00:00:00,0999-wombat,B8:27:EB:6F:ED:ED,-70, WPA ,0.000000,0.000000,0.000,0.000,AP
2026-03-27 14:12:00,1900-01-00 00:00:00,0999-wombat,B8:27:EB:6F:ED:ED,-70, WPA ,0.000000,0.000000,0.000,0.000,AP
2026-03-27 14:12:00,1900-01-00 00:00:00,0999-wombat,B8:27:EB:6F:ED:ED,-70, WPA ,0.000000,0.000000,0.000,0.000,AP
2026-03-27 14:12:00,1900-01-00 00:00:00,0999-wombat,B8:27:EB:6F:ED:ED,-70, WPA ,0.000000,0.000000,0.000,0.000,AP
2026-03-27 14:12:00,1900-01-00 00:00:00,0999-wombat,B8:27:EB:6F:ED:ED,-70, WPA ,0.000000,0.000000,0.000,0.000,AP
2026-03-27 14:12:00,1900-01-00 00:00:00,0999-wombat,B8:27:EB:6F:ED:ED,-70, WPA ,0.000000,0.000000,0.000,0.000,AP
2026-03-27 14:12:00,1900-01-00 00:00:00,0999-wombat,B8:27:EB:6F:ED:ED,-70, WPA ,0.000000,0.000000,0.000,0.000,AP
2026-03-27 14:12:00,1900-01-00 00:00:00,0999-wombat,B8:27:EB:6F:ED:ED,-70, WPA ,0.000000,0.000000,0.000,0.000,AP
2026-03-27 14:12:00,1900-01-00 00:00:00,0999-wombat,B8:27:EB:6F:ED:ED,-70, WPA ,0.000000,0.000000,0.000,0.000,AP
2026-03-27 14:12:00,1900-01-00 00:00:00,0999-wombat,B8:27:EB:6F:ED:ED,-70, WPA ,0.000000,0.000000,0.000,0.000,AP
2026-03-27 14:12:00,1900-01-00 00:00:00,0999-wombat,B8:27:EB:6F:ED:ED,-70, WPA ,0.000000,0.000000,0.000,0.000,AP
2026-03-27 14:12:00,1900-01-00 00:00:00,0999-wombat,B8:27:EB:6F:ED:ED,-70, WPA ,0.000000,0.000000,0.000,0.000,AP
2026-03-27 14:12:00,1900-01-00 00:00:00,0999-wombat,B8:27:EB:6F:ED:ED,-70, WPA ,0.000000,0.000000,0.000,0.000,AP
2026-03-27 14:12:00,1900-01-00 00:00:00,0999-wombat,B8:27:EB:6F:ED:ED,-70, WPA ,0.000000,0.000000,0.000,0.000,AP
2026-03-27 14:12:00,1900-01-00 00:00:00,0999-wombat,B8:27:EB:6F:ED:ED,-70, WPA ,0.000000,0.000000,0.000,0.000,AP
2026-03-27 14:12:00,1900-01-00 00:00:00,0999-wombat,B8:27:EB:6F:ED:ED,-70, WPA ,0.000000,0.000000,0.000,0.000,AP
2026-03-27 14:12:00,1900-01-00 00:00:00,0999-wombat,B8:27:EB:6F:ED:ED,-70, WPA ,0.000000,0.000000,0.000,0.000,AP
2026-03-27 14:12:00,1900-01-00 00:00:00,0999-wombat,B8:27:EB:6F:ED:ED,-70, WPA ,0.000000,0.000000,0.000,0.000,AP
2026-03-27 14:12:00,1900-01-00 00:00:00,0999-wombat,B8:27:EB:6F:ED:ED,-70, WPA ,0.000000,0.000000,0.000,0.000,AP
2026-03-27 14:12:00,1900-01-00 00:00:00,0999-wombat,B8:27:EB:6F:ED:ED,-70, WPA ,0.000000,0.000000,0.000,0.000,AP
2026-03-27 14:12:00,1900-01-00 00:00:00,0999-wombat,B8:27:EB:6F:ED:ED,-70, WPA ,0.000000,0.000000,0.000,0.000,AP
2026-03-27 14:12:00,1900-01-00 00:00:00,0999-wombat,B8:27:EB:6F:ED:ED,-70, WPA ,0.000000,0.000000,0.000,0.000,AP
2026-03-27 14:12:00,1900-01-00 00:00:00,0999-wombat,B8:27:EB:6F:ED:ED,-70, WPA ,0.000000,0.000000,0.000,0.000,AP
2026-03-27 14:12:00,1900-01-00 00:00:00,0999-wombat,B8:27:EB:6F:ED:ED,-70, WPA ,0.000000,0.000000,0.000,0.000,AP
2026-03-27 14:12:00,1900-01-00 00:00:00,0999-wombat,B8:27:EB:6F:ED:ED,-70, WPA ,0.000000,0.000000,0.000,0.000,AP
2026-03-27 14:12:00,1900-01-00 00:00:00,0999-wombat,B8:27:EB:6F:ED:ED,-70, WPA ,0.000000,0.000000,0.000,0.000,AP
2026-03-27 14:12:00,1900-01-00 00:00:00,0999-wombat,B8:27:EB:6F:ED:ED,-70, WPA ,0.000000,0.000000,0.000,0.000,AP
2026-03-27 14:12:00,1900-01-00 00:00:00,0999-wombat,B8:27:EB:6F:ED:ED,-70, WPA ,0.000000,0.000000,0.000,0.000,AP
2026-03-27 14:12:00,1900-01-00 00:00:00,0999-wombat,B8:27:EB:6F:ED:ED,-80, WPA ,0.000000,0.000000,0.000,0.000,AP
2026-03-27 14:12:00,1900-01-00 00:00:00,0999-wombat,B8:27:EB:6F:ED:ED,-80, WPA ,0.000000,0.000000,0.000,0.000,AP
2026-03-27 14:12:00,1900-01-00 00:00:00,0999-wombat,B8:27:EB:6F:ED:ED,-80, WPA ,0.000000,0.000000,0.000,0.000,AP
2026-03-27 14:12:00,1900-01-00 00:00:00,0999-wombat,B8:27:EB:6F:ED:ED,-80, WPA ,0.000000,0.000000,0.000,0.000,AP
2026-03-27 14:12:00,1900-01-00 00:00:00,0999-wombat,B8:27:EB:6F:ED:ED,-80, WPA ,0.000000,0.000000,0.000,0.000,AP
2026-03-27 14:12:00,1900-01-00 00:00:00,0999-wombat,B8:27:EB:6F:ED:ED,-80, WPA ,0.000000,0.000000,0.000,0.000,AP
2026-03-27 14:12:00,1900-01-00 00:00:00,0999-wombat,B8:27:EB:6F:ED:ED,-80, WPA ,0.000000,0.000000,0.000,0.000,AP
2026-03-27 14:12:00,1900-01-00 00:00:00,0999-wombat,B8:27:EB:6F:ED:ED,-61, WPA ,0.000000,0.000000,0.000,0.000,AP
2026-03-27 14:12:00,1900-01-00 00:00:00,0999-wombat,B8:27:EB:6F:ED:ED,-61, WPA ,0.000000,0.000000,0.000,0.000,AP
2026-03-27 14:12:00,1900-01-00 00:00:00,0999-wombat,B8:27:EB:6F:ED:ED,-61, WPA ,0.000000,0.000000,0.000,0.000,AP
2026-03-27 14:12:00,1900-01-00 00:00:00,0999-wombat,B8:27:EB:6F:ED:ED,-61, WPA ,0.000000,0.000000,0.000,0.000,AP
2026-03-27 14:12:00,1900-01-00 00:00:00,0999-wombat,B8:27:EB:6F:ED:ED,-61, WPA ,0.000000,0.000000,0.000,0.000,AP
2026-03-27 14:12:00,1900-01-00 00:00:00,0999-wombat,B8:27:EB:6F:ED:ED,-61, WPA ,0.000000,0.000000,0.000,0.000,AP
2026-03-27 14:12:00,1900-01-00 00:00:00,0999-wombat,B8:27:EB:6F:ED:ED,-61, WPA ,0.000000,0.000000,0.000,0.000,AP
2026-03-27 14:12:00,1900-01-00 00:00:00,0999-wombat,B8:27:EB:6F:ED:ED,-61, WPA ,0.000000,0.000000,0.000,0.000,AP
2026-03-27 14:12:00,1900-01-00 00:00:00,0999-wombat,B8:27:EB:6F:ED:ED,-61, WPA ,0.000000,0.000000,0.000,0.000,AP
2026-03-27 14:12:00,1900-01-00 00:00:00,0999-wombat,B8:27:EB:6F:ED:ED,-61, WPA ,0.000000,0.000000,0.000,0.000,AP
2026-03-27 14:12:00,1900-01-00 00:00:00,0999-wombat,B8:27:EB:6F:ED:ED,-61, WPA ,0.000000,0.000000,0.000,0.000,AP
2026-03-27 14:12:00,1900-01-00 00:00:00,0999-wombat,B8:27:EB:6F:ED:ED,-61, WPA ,0.000000,0.000000,0.000,0.000,AP
2026-03-27 14:12:00,1900-01-00 00:00:00,0999-wombat,B8:27:EB:6F:ED:ED,-61, WPA ,0.000000,0.000000,0.000,0.000,AP
2026-03-27 14:12:00,1900-01-00 00:00:00,0999-wombat,B8:27:EB:6F:ED:ED,-61, WPA ,0.000000,0.000000,0.000,0.000,AP
2026-03-27 14:12:00,1900-01-00 00:00:00,0999-wombat,B8:27:EB:6F:ED:ED,-61, WPA ,0.000000,0.000000,0.000,0.000,AP
2026-03-27 14:12:00,1900-01-00 00:00:00,0999-wombat,B8:27:EB:6F:ED:ED,-61, WPA ,0.000000,0.000000,0.000,0.000,AP
2026-03-27 14:12:00,1900-01-00 00:00:00,0999-wombat,B8:27:EB:6F:ED:ED,-61, WPA ,0.000000,0.000000,0.000,0.000,AP
2026-03-27 14:12:00,1900-01-00 00:00:00,0999-wombat,B8:27:EB:6F:ED:ED,-29, WPA ,0.000000,0.000000,0.000,0.000,AP
2026-03-27 14:12:00,1900-01-00 00:00:00,0999-wombat,B8:27:EB:6F:ED:ED,-29, WPA ,0.000000,0.000000,0.000,0.000,AP
2026-03-27 14:12:00,1900-01-00 00:00:00,0999-wombat,B8:27:EB:6F:ED:ED,-29, WPA ,0.000000,0.000000,0.000,0.000,AP
2026-03-27 14:12:00,1900-01-00 00:00:00,0999-wombat,B8:27:EB:6F:ED:ED,-29, WPA ,0.000000,0.000000,0.000,0.000,AP
2026-03-27 14:12:00,1900-01-00 00:00:00,0999-wombat,B8:27:EB:6F:ED:ED,-29, WPA ,0.000000,0.000000,0.000,0.000,AP
2026-03-27 14:12:00,1900-01-00 00:00:00,0999-wombat,B8:27:EB:6F:ED:ED,-29, WPA ,0.000000,0.000000,0.000,0.000,AP
2026-03-27 14:12:00,1900-01-00 00:00:00,0999-wombat,B8:27:EB:6F:ED:ED,-29, WPA ,0.000000,0.000000,0.000,0.000,AP
2026-03-27 14:12:00,1900-01-00 00:00:00,0999-wombat,B8:27:EB:6F:ED:ED,-29, WPA ,0.000000,0.000000,0.000,0.000,AP
2026-03-27 14:12:00,1900-01-00 00:00:00,0999-wombat,B8:27:EB:6F:ED:ED,-29, WPA ,0.000000,0.000000,0.000,0.000,AP
2026-03-27 14:12:00,1900-01-00 00:00:00,0999-wombat,B8:27:EB:6F:ED:ED,-29, WPA ,0.000000,0.000000,0.000,0.000,AP
2026-03-27 14:12:00,1900-01-00 00:00:00,0999-wombat,B8:27:EB:6F:ED:ED,-29, WPA ,0.000000,0.000000,0.000,0.000,AP
2026-03-27 14:12:00,1900-01-00 00:00:00,0999-wombat,B8:27:EB:6F:ED:ED,-29, WPA ,0.000000,0.000000,0.000,0.000,AP
2026-03-27 14:12:00,1900-01-00 00:00:00,0999-wombat,B8:27:EB:6F:ED:ED,-29, WPA ,0.000000,0.000000,0.000,0.000,AP
2026-03-27 14:12:00,1900-01-00 00:00:00,0999-wombat,B8:27:EB:6F:ED:ED,-70, WPA ,0.000000,0.000000,0.000,0.000,AP
2026-03-27 14:12:00,1900-01-00 00:00:00,0999-wombat,B8:27:EB:6F:ED:ED,-70, WPA ,0.000000,0.000000,0.000,0.000,AP
2026-03-27 14:12:00,1900-01-00 00:00:00,0999-wombat,B8:27:EB:6F:ED:ED,-70, WPA ,0.000000,0.000000,0.000,0.000,AP
2026-03-27 14:12:00,1900-01-00 00:00:00,0999-wombat,B8:27:EB:6F:ED:ED,-70, WPA ,0.000000,0.000000,0.000,0.000,AP
2026-03-27 14:12:00,1900-01-00 00:00:00,0999-wombat,B8:27:EB:6F:ED:ED,-70, WPA ,0.000000,0.000000,0.000,0.000,AP
2026-03-27 14:12:00,1900-01-00 00:00:00,0999-wombat,B8:27:EB:6F:ED:ED,-70, WPA ,0.000000,0.000000,0.000,0.000,AP
2026-03-27 14:12:00,1900-01-00 00:00:00,0999-wombat,B8:27:EB:6F:ED:ED,-70, WPA ,0.000000,0.000000,0.000,0.000,AP
2026-03-27 14:12:00,1900-01-00 00:00:00,0999-wombat,B8:27:EB:6F:ED:ED,-70, WPA ,0.000000,0.000000,0.000,0.000,AP
2026-03-27 14:12:00,1900-01-00 00:00:00,0999-wombat,B8:27:EB:6F:ED:ED,-70, WPA ,0.000000,0.000000,0.000,0.000,AP
2026-03-27 14:12:00,1900-01-00 00:00:00,0999-wombat,B8:27:EB:6F:ED:ED,-70, WPA ,0.000000,0.000000,0.000,0.000,AP
2026-03-27 14:12:00,1900-01-00 00:00:00,0999-wombat,B8:27:EB:6F:ED:ED,-70, WPA ,0.000000,0.000000,0.000,0.000,AP
2026-03-27 14:12:00,1900-01-00 00:00:00,0999-wombat,B8:27:EB:6F:ED:ED,-70, WPA ,0.000000,0.000000,0.000,0.000,AP
2026-03-27 14:12:00,1900-01-00 00:00:00,0999-wombat,B8:27:EB:6F:ED:ED,-70, WPA ,0.000000,0.000000,0.000,0.000,AP
2026-03-27 14:12:00,1900-01-00 00:00:00,0999-wombat,B8:27:EB:6F:ED:ED,-70, WPA ,0.000000,0.000000,0.000,0.000,AP
2026-03-27 14:12:00,1900-01-00 00:00:00,0999-wombat,B8:27:EB:6F:ED:ED,-70, WPA ,0.000000,0.000000,0.000,0.000,AP
2026-03-27 14:12:00,1900-01-00 00:00:00,0999-wombat,B8:27:EB:6F:ED:ED,-70, WPA ,0.000000,0.000000,0.000,0.000,AP
2026-03-27 14:12:00,1900-01-00 00:00:00,0999-wombat,B8:27:EB:6F:ED:ED,-70, WPA ,0.000000,0.000000,0.000,0.000,AP
2026-03-27 14:12:00,1900-01-00 00:00:00,0999-wombat,B8:27:EB:6F:ED:ED,-70, WPA ,0.000000,0.000000,0.000,0.000,AP
2026-03-27 14:12:00,1900-01-00 00:00:00,0999-wombat,B8:27:EB:6F:ED:ED,-70, WPA ,0.000000,0.000000,0.000,0.000,AP
2026-03-27 14:12:00,1900-01-00 00:00:00,0999-wombat,B8:27:EB:6F:ED:ED,-70, WPA ,0.000000,0.000000,0.000,0.000,AP
2026-03-27 14:12:00,1900-01-00 00:00:00,0999-wombat,B8:27:EB:6F:ED:ED,-70, WPA ,0.000000,0.000000,0.000,0.000,AP
2026-03-27 14:12:00,1900-01-00 00:00:00,0999-wombat,B8:27:EB:6F:ED:ED,-70, WPA ,0.000000,0.000000,0.000,0.000,AP
2026-03-27 14:12:00,1900-01-00 00:00:00,0999-wombat,B8:27:EB:6F:ED:ED,-70, WPA ,0.000000,0.000000,0.000,0.000,AP
2026-03-27 14:12:00,1900-01-00 00:00:00,0999-wombat,B8:27:EB:6F:ED:ED,-70, WPA ,0.000000,0.000000,0.000,0.000,AP
2026-03-27 14:12:00,1900-01-00 00:00:00,0999-wombat,B8:27:EB:6F:ED:ED,-70, WPA ,0.000000,0.000000,0.000,0.000,AP
2026-03-27 14:12:00,1900-01-00 00:00:00,0999-wombat,B8:27:EB:6F:ED:ED,-70, WPA ,0.000000,0.000000,0.000,0.000,AP
2026-03-27 14:12:00,1900-01-00 00:00:00,0999-wombat,B8:27:EB:6F:ED:ED,-70, WPA ,0.000000,0.000000,0.000,0.000,AP
2026-03-27 14:12:00,1900-01-00 00:00:00,0999-wombat,B8:27:EB:6F:ED:ED,-70, WPA ,0.000000,0.000000,0.000,0.000,AP
2026-03-27 14:12:00,1900-01-00 00:00:00,0999-wombat,B8:27:EB:6F:ED:ED,-70, WPA ,0.000000,0.000000,0.000,0.000,AP
2026-03-27 14:12:00,1900-01-00 00:00:00,0999-wombat,B8:27:EB:6F:ED:ED,-70, WPA ,0.000000,0.000000,0.000,0.000,AP
2026-03-27 14:12:00,1900-01-00 00:00:00,0999-wombat,B8:27:EB:6F:ED:ED,-70, WPA ,0.000000,0.000000,0.000,0.000,AP
2026-03-27 14:12:00,1900-01-00 00:00:00,0999-wombat,B8:27:EB:6F:ED:ED,-70, WPA ,0.000000,0.000000,0.000,0.000,AP
2026-03-27 14:12:00,1900-01-00 00:00:00,0999-wombat,B8:27:EB:6F:ED:ED,-70, WPA ,0.000000,0.000000,0.000,0.000,AP
2026-03-27 14:12:00,1900-01-00 00:00:00,0999-wombat,B8:27:EB:6F:ED:ED,-70, WPA ,0.000000,0.000000,0.000,0.000,AP
2026-03-27 14:12:00,1900-01-00 00:00:00,0999-wombat,B8:27:EB:6F:ED:ED,-70, WPA ,0.000000,0.000000,0.000,0.000,AP
2026-03-27 14:12:00,1900-01-00 00:00:00,0999-wombat,B8:27:EB:6F:ED:ED,-70, WPA ,0.000000,0.000000,0.000,0.000,AP
2026-03-27 14:12:00,1900-01-00 00:00:00,0999-wombat,B8:27:EB:6F:ED:ED,-70, WPA ,0.000000,0.000000,0.000,0.000,AP
2026-03-27 14:12:00,1900-01-00 00:00:00,0999-wombat,B8:27:EB:6F:ED:ED,-70, WPA ,0.000000,0.000000,0.000,0.000,AP
2026-03-27 14:12:00,1900-01-00 00:00:00,0999-wombat,B8:27:EB:6F:ED:ED,-70, WPA ,0.000000,0.000000,0.000,0.000,AP
2026-03-27 14:12:00,1900-01-00 00:00:00,0999-wombat,B8:27:EB:6F:ED:ED,-70, WPA ,0.000000,0.000000,0.000,0.000,AP
2026-03-27 14:12:00,1900-01-00 00:00:00,0999-wombat,B8:27:EB:6F:ED:ED,-70, WPA ,0.000000,0.000000,0.000,0.000,AP
2026-03-27 14:12:00,1900-01-00 00:00:00,0999-wombat,B8:27:EB:6F:ED:ED,-70, WPA ,0.000000,0.000000,0.000,0.000,AP
2026-03-27 14:12:00,1900-01-00 00:00:00,0999-wombat,B8:27:EB:6F:ED:ED,-70, WPA ,0.000000,0.000000,0.000,0.000,AP
2026-03-27 14:12:00,1900-01-00 00:00:00,0999-wombat,B8:27:EB:6F:ED:ED,-70, WPA ,0.000000,0.000000,0.000,0.000,AP
2026-03-27 14:12:00,1900-01-00 00:00:00,0999-wombat,B8:27:EB:6F:ED:ED,-70, WPA ,0.000000,0.000000,0.000,0.000,AP
2026-03-27 14:12:00,1900-01-00 00:00:00,0999-wombat,B8:27:EB:6F:ED:ED,-70, WPA ,0.000000,0.000000,0.000,0.000,AP
2026-03-27 14:12:00,1900-01-00 00:00:00,0999-wombat,B8:27:EB:6F:ED:ED,-70, WPA ,0.000000,0.000000,0.000,0.000,AP
2026-03-27 14:12:00,1900-01-00 00:00:00,0999-wombat,B8:27:EB:6F:ED:ED,-70, WPA ,0.000000,0.000000,0.000,0.000,AP
2026-03-27 14:12:00,1900-01-00 00:00:00,0999-wombat,B8:27:EB:6F:ED:ED,-70, WPA ,0.000000,0.000000,0.000,0.000,AP
2026-03-27 14:12:00,1900-01-00 00:00:00,0999-wombat,B8:27:EB:6F:ED:ED,-70, WPA ,0.000000,0.000000,0.000,0.000,AP
2026-03-27 14:12:00,1900-01-00 00:00:00,0999-wombat,B8:27:EB:6F:ED:ED,-70, WPA ,0.000000,0.000000,0.000,0.000,AP
2026-03-27 14:12:00,1900-01-00 00:00:00,0999-wombat,B8:27:EB:6F:ED:ED,-70, WPA ,0.000000,0.000000,0.000,0.000,AP
2026-03-27 14:12:00,1900-01-00 00:00:00,0999-wombat,B8:27:EB:6F:ED:ED,-70, WPA ,0.000000,0.000000,0.000,0.000,AP
2026-03-27 14:12:00,1900-01-00 00:00:00,0999-wombat,B8:27:EB:6F:ED:ED,-70, WPA ,0.000000,0.000000,0.000,0.000,AP
2026-03-27 14:12:00,1900-01-00 00:00:00,0999-wombat,B8:27:EB:6F:ED:ED,-70, WPA ,0.000000,0.000000,0.000,0.000,AP
2026-03-27 14:12:00,1900-01-00 00:00:00,0999-wombat,B8:27:EB:6F:ED:ED,-70, WPA ,0.000000,0.000000,0.000,0.000,AP
2026-03-27 14:12:00,1900-01-00 00:00:00,0999-wombat,B8:27:EB:6F:ED:ED,-70, WPA ,0.000000,0.000000,0.000,0.000,AP
2026-03-27 14:12:00,1900-01-00 00:00:00,0999-wombat,B8:27:EB:6F:ED:ED,-70, WPA ,0.000000,0.000000,0.000,0.000,AP
2026-03-27 14:12:00,1900-01-00 00:00:00,0999-wombat,B8:27:EB:6F:ED:ED,-70, WPA ,0.000000,0.000000,0.000,0.000,AP
2026-03-27 14:12:00,1900-01-00 00:00:00,0999-wombat,B8:27:EB:6F:ED:ED,-70, WPA ,0.000000,0.000000,0.000,0.000,AP
2026-03-27 14:12:00,1900-01-00 00:00:00,0999-wombat,B8:27:EB:6F:ED:ED,-70, WPA ,0.000000,0.000000,0.000,0.000,AP
2026-03-27 14:12:00,1900-01-00 00:00:00,0999-wombat,B8:27:EB:6F:ED:ED,-70, WPA ,0.000000,0.000000,0.000,0.000,AP
2026-03-27 14:12:00,1900-01-00 00:00:00,0999-wombat,B8:27:EB:6F:ED:ED,-70, WPA ,0.000000,0.000000,0.000,0.000,AP
2026-03-27 14:12:00,1900-01-00 00:00:00,0999-wombat,B8:27:EB:6F:ED:ED,-80, WPA ,0.000000,0.000000,0.000,0.000,AP
2026-03-27 14:12:00,1900-01-00 00:00:00,0999-wombat,B8:27:EB:6F:ED:ED,-80, WPA ,0.000000,0.000000,0.000,0.000,AP
2026-03-27 14:12:00,1900-01-00 00:00:00,0999-wombat,B8:27:EB:6F:ED:ED,-80, WPA ,0.000000,0.000000,0.000,0.000,AP
2026-03-27 14:12:00,1900-01-00 00:00:00,0999-wombat,B8:27:EB:6F:ED:ED,-28, WPA ,0.000000,0.000000,0.000,0.000,AP
2026-03-27 14:12:00,1900-01-00 00:00:00,0999-wombat,B8:27:EB:6F:ED:ED,-29, WPA ,0.000000,0.000000,0.000,0.000,AP
2026-03-27 14:12:00,1900-01-00 00:00:00,0999-wombat,B8:27:EB:6F:ED:ED,-70, WPA ,0.000000,0.000000,0.000,0.000,AP
2026-03-27 14:12:00,1900-01-00 00:00:00,0999-wombat,B8:27:EB:6F:ED:ED,-70, WPA ,0.000000,0.000000,0.000,0.000,AP
2026-03-27 14:12:00,1900-01-00 00:00:00,0999-wombat,B8:27:EB:6F:ED:ED,-70, WPA ,0.000000,0.000000,0.000,0.000,AP
2026-03-27 14:12:00,1900-01-00 00:00:00,0999-wombat,B8:27:EB:6F:ED:ED,-70, WPA ,0.000000,0.000000,0.000,0.000,AP
2026-03-27 14:12:00,1900-01-00 00:00:00,0999-wombat,B8:27:EB:6F:ED:ED,-70, WPA ,0.000000,0.000000,0.000,0.000,AP
2026-03-27 14:12:00,1900-01-00 00:00:00,0999-wombat,B8:27:EB:6F:ED:ED,-70, WPA ,0.000000,0.000000,0.000,0.000,AP
2026-03-27 14:12:00,1900-01-00 00:00:00,0999-wombat,B8:27:EB:6F:ED:ED,-70, WPA ,0.000000,0.000000,0.000,0.000,AP
2026-03-27 14:12:00,1900-01-00 00:00:00,0999-wombat,B8:27:EB:6F:ED:ED,-70, WPA ,0.000000,0.000000,0.000,0.000,AP
2026-03-27 14:12:00,1900-01-00 00:00:00,0999-wombat,B8:27:EB:6F:ED:ED,-70, WPA ,0.000000,0.000000,0.000,0.000,AP
2026-03-27 14:12:00,1900-01-00 00:00:00,0999-wombat,B8:27:EB:6F:ED:ED,-70, WPA ,0.000000,0.000000,0.000,0.000,AP
2026-03-27 14:12:00,1900-01-00 00:00:00,0999-wombat,B8:27:EB:6F:ED:ED,-70, WPA ,0.000000,0.000000,0.000,0.000,AP
2026-03-27 14:12:00,1900-01-00 00:00:00,0999-wombat,B8:27:EB:6F:ED:ED,-70, WPA ,0.000000,0.000000,0.000,0.000,AP
2026-03-27 14:12:00,1900-01-00 00:00:00,0999-wombat,B8:27:EB:6F:ED:ED,-70, WPA ,0.000000,0.000000,0.000,0.000,AP
2026-03-27 14:12:00,1900-01-00 00:00:00,0999-wombat,B8:27:EB:6F:ED:ED,-70, WPA ,0.000000,0.000000,0.000,0.000,AP
2026-03-27 14:12:00,1900-01-00 00:00:00,0999-wombat,B8:27:EB:6F:ED:ED,-70, WPA ,0.000000,0.000000,0.000,0.000,AP
2026-03-27 14:12:00,1900-01-00 00:00:00,0999-wombat,B8:27:EB:6F:ED:ED,-70, WPA ,0.000000,0.000000,0.000,0.000,AP
2026-03-27 14:12:00,1900-01-00 00:00:00,0999-wombat,B8:27:EB:6F:ED:ED,-70, WPA ,0.000000,0.000000,0.000,0.000,AP
2026-03-27 14:12:00,1900-01-00 00:00:00,0999-wombat,B8:27:EB:6F:ED:ED,-70, WPA ,0.000000,0.000000,0.000,0.000,AP
2026-03-27 14:12:00,1900-01-00 00:00:00,0999-wombat,B8:27:EB:6F:ED:ED,-70, WPA ,0.000000,0.000000,0.000,0.000,AP
2026-03-27 14:12:00,1900-01-00 00:00:00,0999-wombat,B8:27:EB:6F:ED:ED,-70, WPA ,0.000000,0.000000,0.000,0.000,AP
2026-03-27 14:12:00,1900-01-00 00:00:00,0999-wombat,B8:27:EB:6F:ED:ED,-80, WPA ,0.000000,0.000000,0.000,0.000,AP
2026-03-27 14:12:00,1900-01-00 00:00:00,0999-wombat,B8:27:EB:6F:ED:ED,-80, WPA ,0.000000,0.000000,0.000,0.000,AP
2026-03-27 14:12:00,1900-01-00 00:00:00,0999-wombat,B8:27:EB:6F:ED:ED,-80, WPA ,0.000000,0.000000,0.000,0.000,AP
2026-03-27 14:12:00,1900-01-00 00:00:00,0999-wombat,B8:27:EB:6F:ED:ED,-80, WPA ,0.000000,0.000000,0.000,0.000,AP
2026-03-27 14:12:00,1900-01-00 00:00:00,0999-wombat,B8:27:EB:6F:ED:ED,-80, WPA ,0.000000,0.000000,0.000,0.000,AP
2026-03-27 14:12:00,1900-01-00 00:00:00,0999-wombat,B8:27:EB:6F:ED:ED,-80, WPA ,0.000000,0.000000,0.000,0.000,AP
2026-03-27 14:12:00,1900-01-00 00:00:00,0999-wombat,B8:27:EB:6F:ED:ED,-80, WPA ,0.000000,0.000000,0.000,0.000,AP
2026-03-27 14:12:00,1900-01-00 00:00:00,0999-wombat,B8:27:EB:6F:ED:ED,-58, WPA ,0.000000,0.000000,0.000,0.000,AP
2026-03-27 14:12:00,1900-01-00 00:00:00,0999-wombat,B8:27:EB:6F:ED:ED,-58, WPA ,0.000000,0.000000,0.000,0.000,AP
2026-03-27 14:12:00,1900-01-00 00:00:00,0999-wombat,B8:27:EB:6F:ED:ED,-58, WPA ,0.000000,0.000000,0.000,0.000,AP
2026-03-27 14:12:00,1900-01-00 00:00:00,0999-wombat,B8:27:EB:6F:ED:ED,-58, WPA ,0.000000,0.000000,0.000,0.000,AP
2026-03-27 14:12:00,1900-01-00 00:00:00,0999-wombat,B8:27:EB:6F:ED:ED,-58, WPA ,0.000000,0.000000,0.000,0.000,AP
2026-03-27 14:12:00,1900-01-00 00:00:00,0999-wombat,B8:27:EB:6F:ED:ED,-58, WPA ,0.000000,0.000000,0.000,0.000,AP
2026-03-27 14:12:00,1900-01-00 00:00:00,0999-wombat,B8:27:EB:6F:ED:ED,-58, WPA ,0.000000,0.000000,0.000,0.000,AP
2026-03-27 14:12:00,1900-01-00 00:00:00,0999-wombat,B8:27:EB:6F:ED:ED,-58, WPA ,0.000000,0.000000,0.000,0.000,AP
2026-03-27 14:12:00,1900-01-00 00:00:00,0999-wombat,B8:27:EB:6F:ED:ED,-58, WPA ,0.000000,0.000000,0.000,0.000,AP
2026-03-27 14:12:00,1900-01-00 00:00:00,0999-wombat,B8:27:EB:6F:ED:ED,-58, WPA ,0.000000,0.000000,0.000,0.000,AP
2026-03-27 14:12:00,1900-01-00 00:00:00,0999-wombat,B8:27:EB:6F:ED:ED,-58, WPA ,0.000000,0.000000,0.000,0.000,AP
2026-03-27 14:12:00,1900-01-00 00:00:00,0999-wombat,B8:27:EB:6F:ED:ED,-58, WPA ,0.000000,0.000000,0.000,0.000,AP
2026-03-27 14:12:00,1900-01-00 00:00:00,0999-wombat,B8:27:EB:6F:ED:ED,-58, WPA ,0.000000,0.000000,0.000,0.000,AP
2026-03-27 14:12:00,1900-01-00 00:00:00,0999-wombat,B8:27:EB:6F:ED:ED,-58, WPA ,0.000000,0.000000,0.000,0.000,AP
2026-03-27 14:12:00,1900-01-00 00:00:00,0999-wombat,B8:27:EB:6F:ED:ED,-58, WPA ,0.000000,0.000000,0.000,0.000,AP
2026-03-27 14:12:00,1900-01-00 00:00:00,0999-wombat,B8:27:EB:6F:ED:ED,-58, WPA ,0.000000,0.000000,0.000,0.000,AP
2026-03-27 14:12:00,1900-01-00 00:00:00,0999-wombat,B8:27:EB:6F:ED:ED,-58, WPA ,0.000000,0.000000,0.000,0.000,AP
2026-03-27 14:12:00,1900-01-00 00:00:00,0999-wombat,B8:27:EB:6F:ED:ED,-58, WPA ,0.000000,0.000000,0.000,0.000,AP
2026-03-27 14:12:00,1900-01-00 00:00:00,0999-wombat,B8:27:EB:6F:ED:ED,-29, WPA ,0.000000,0.000000,0.000,0.000,AP
2026-03-27 14:12:00,1900-01-00 00:00:00,0999-wombat,B8:27:EB:6F:ED:ED,-29, WPA ,0.000000,0.000000,0.000,0.000,AP
2026-03-27 14:12:00,1900-01-00 00:00:00,0999-wombat,B8:27:EB:6F:ED:ED,-29, WPA ,0.000000,0.000000,0.000,0.000,AP
2026-03-27 14:12:00,1900-01-00 00:00:00,0999-wombat,B8:27:EB:6F:ED:ED,-29, WPA ,0.000000,0.000000,0.000,0.000,AP
2026-03-27 14:12:00,1900-01-00 00:00:00,0999-wombat,B8:27:EB:6F:ED:ED,-29, WPA ,0.000000,0.000000,0.000,0.000,AP
2026-03-27 14:12:00,1900-01-00 00:00:00,0999-wombat,B8:27:EB:6F:ED:ED,-29, WPA ,0.000000,0.000000,0.000,0.000,AP
2026-03-27 14:12:00,1900-01-00 00:00:00,0999-wombat,B8:27:EB:6F:ED:ED,-29, WPA ,0.000000,0.000000,0.000,0.000,AP
2026-03-27 14:12:00,1900-01-00 00:00:00,0999-wombat,B8:27:EB:6F:ED:ED,-29, WPA ,0.000000,0.000000,0.000,0.000,AP
2026-03-27 14:12:00,1900-01-00 00:00:00,0999-wombat,B8:27:EB:6F:ED:ED,-29, WPA ,0.000000,0.000000,0.000,0.000,AP
2026-03-27 14:12:00,1900-01-00 00:00:00,0999-wombat,B8:27:EB:6F:ED:ED,-29, WPA ,0.000000,0.000000,0.000,0.000,AP
2026-03-27 14:12:00,1900-01-00 00:00:00,0999-wombat,B8:27:EB:6F:ED:ED,-29, WPA ,0.000000,0.000000,0.000,0.000,AP
2026-03-27 14:12:00,1900-01-00 00:00:00,0999-wombat,B8:27:EB:6F:ED:ED,-29, WPA ,0.000000,0.000000,0.000,0.000,AP
2026-03-27 14:12:00,1900-01-00 00:00:00,0999-wombat,B8:27:EB:6F:ED:ED,-69, WPA ,0.000000,0.000000,0.000,0.000,AP
2026-03-27 14:12:00,1900-01-00 00:00:00,0999-wombat,B8:27:EB:6F:ED:ED,-69, WPA ,0.000000,0.000000,0.000,0.000,AP
2026-03-27 14:12:00,1900-01-00 00:00:00,0999-wombat,B8:27:EB:6F:ED:ED,-69, WPA ,0.000000,0.000000,0.000,0.000,AP
2026-03-27 14:12:00,1900-01-00 00:00:00,0999-wombat,B8:27:EB:6F:ED:ED,-69, WPA ,0.000000,0.000000,0.000,0.000,AP
2026-03-27 14:12:00,1900-01-00 00:00:00,0999-wombat,B8:27:EB:6F:ED:ED,-69, WPA ,0.000000,0.000000,0.000,0.000,AP
2026-03-27 14:12:00,1900-01-00 00:00:00,0999-wombat,B8:27:EB:6F:ED:ED,-69, WPA ,0.000000,0.000000,0.000,0.000,AP
2026-03-27 14:12:00,1900-01-00 00:00:00,0999-wombat,B8:27:EB:6F:ED:ED,-69, WPA ,0.000000,0.000000,0.000,0.000,AP
2026-03-27 14:12:00,1900-01-00 00:00:00,0999-wombat,B8:27:EB:6F:ED:ED,-69, WPA ,0.000000,0.000000,0.000,0.000,AP
2026-03-27 14:12:00,1900-01-00 00:00:00,0999-wombat,B8:27:EB:6F:ED:ED,-69, WPA ,0.000000,0.000000,0.000,0.000,AP
2026-03-27 14:12:00,1900-01-00 00:00:00,0999-wombat,B8:27:EB:6F:ED:ED,-69, WPA ,0.000000,0.000000,0.000,0.000,AP
2026-03-27 14:12:00,1900-01-00 00:00:00,0999-wombat,B8:27:EB:6F:ED:ED,-69, WPA ,0.000000,0.000000,0.000,0.000,AP
2026-03-27 14:12:00,1900-01-00 00:00:00,0999-wombat,B8:27:EB:6F:ED:ED,-69, WPA ,0.000000,0.000000,0.000,0.000,AP
2026-03-27 14:12:00,1900-01-00 00:00:00,0999-wombat,B8:27:EB:6F:ED:ED,-69, WPA ,0.000000,0.000000,0.000,0.000,AP
2026-03-27 14:12:00,1900-01-00 00:00:00,0999-wombat,B8:27:EB:6F:ED:ED,-69, WPA ,0.000000,0.000000,0.000,0.000,AP
2026-03-27 14:12:00,1900-01-00 00:00:00,0999-wombat,B8:27:EB:6F:ED:ED,-69, WPA ,0.000000,0.000000,0.000,0.000,AP
2026-03-27 14:12:00,1900-01-00 00:00:00,0999-wombat,B8:27:EB:6F:ED:ED,-69, WPA ,0.000000,0.000000,0.000,0.000,AP
2026-03-27 14:12:00,1900-01-00 00:00:00,0999-wombat,B8:27:EB:6F:ED:ED,-69, WPA ,0.000000,0.000000,0.000,0.000,AP
2026-03-27 14:12:00,1900-01-00 00:00:00,0999-wombat,B8:27:EB:6F:ED:ED,-69, WPA ,0.000000,0.000000,0.000,0.000,AP
2026-03-27 14:12:00,1900-01-00 00:00:00,0999-wombat,B8:27:EB:6F:ED:ED,-69, WPA ,0.000000,0.000000,0.000,0.000,AP
2026-03-27 14:12:00,1900-01-00 00:00:00,0999-wombat,B8:27:EB:6F:ED:ED,-69, WPA ,0.000000,0.000000,0.000,0.000,AP
2026-03-27 14:12:00,1900-01-00 00:00:00,0999-wombat,B8:27:EB:6F:ED:ED,-69, WPA ,0.000000,0.000000,0.000,0.000,AP
2026-03-27 14:12:00,1900-01-00 00:00:00,0999-wombat,B8:27:EB:6F:ED:ED,-69, WPA ,0.000000,0.000000,0.000,0.000,AP
2026-03-27 14:12:00,1900-01-00 00:00:00,0999-wombat,B8:27:EB:6F:ED:ED,-69, WPA ,0.000000,0.000000,0.000,0.000,AP
2026-03-27 14:12:00,1900-01-00 00:00:00,0999-wombat,B8:27:EB:6F:ED:ED,-69, WPA ,0.000000,0.000000,0.000,0.000,AP
2026-03-27 14:12:00,1900-01-00 00:00:00,0999-wombat,B8:27:EB:6F:ED:ED,-69, WPA ,0.000000,0.000000,0.000,0.000,AP
2026-03-27 14:12:00,1900-01-00 00:00:00,0999-wombat,B8:27:EB:6F:ED:ED,-69, WPA ,0.000000,0.000000,0.000,0.000,AP
2026-03-27 14:12:00,1900-01-00 00:00:00,0999-wombat,B8:27:EB:6F:ED:ED,-87, WPA ,0.000000,0.000000,0.000,0.000,AP
2026-03-27 14:12:00,1900-01-00 00:00:00,0999-wombat,B8:27:EB:6F:ED:ED,-86, WPA ,0.000000,0.000000,0.000,0.000,AP
2026-03-27 14:12:00,1900-01-00 00:00:00,0999-wombat,B8:27:EB:6F:ED:ED,-86, WPA ,0.000000,0.000000,0.000,0.000,AP
2026-03-27 14:12:00,1900-01-00 00:00:00,0999-wombat,B8:27:EB:6F:ED:ED,-86, WPA ,0.000000,0.000000,0.000,0.000,AP
2026-03-27 14:12:00,1900-01-00 00:00:00,0999-wombat,B8:27:EB:6F:ED:ED,-86, WPA ,0.000000,0.000000,0.000,0.000,AP
2026-03-27 14:12:00,1900-01-00 00:00:00,0999-wombat,B8:27:EB:6F:ED:ED,-86, WPA ,0.000000,0.000000,0.000,0.000,AP
2026-03-27 14:12:00,1900-01-00 00:00:00,0999-wombat,B8:27:EB:6F:ED:ED,-86, WPA ,0.000000,0.000000,0.000,0.000,AP
2026-03-27 14:12:00,1900-01-00 00:00:00,0999-wombat,B8:27:EB:6F:ED:ED,-86, WPA ,0.000000,0.000000,0.000,0.000,AP
2026-03-27 14:12:00,1900-01-00 00:00:00,0999-wombat,B8:27:EB:6F:ED:ED,-86, WPA ,0.000000,0.000000,0.000,0.000,AP
2026-03-27 14:12:00,1900-01-00 00:00:00,0999-wombat,B8:27:EB:6F:ED:ED,-86, WPA ,0.000000,0.000000,0.000,0.000,AP
2026-03-27 14:12:00,1900-01-00 00:00:00,0999-wombat,B8:27:EB:6F:ED:ED,-86, WPA ,0.000000,0.000000,0.000,0.000,AP
2026-03-27 14:12:00,1900-01-00 00:00:00,0999-wombat,B8:27:EB:6F:ED:ED,-86, WPA ,0.000000,0.000000,0.000,0.000,AP
2026-03-27 14:12:00,1900-01-00 00:00:00,0999-wombat,B8:27:EB:6F:ED:ED,-86, WPA ,0.000000,0.000000,0.000,0.000,AP
2026-03-27 14:12:00,1900-01-00 00:00:00,0999-wombat,B8:27:EB:6F:ED:ED,-86, WPA ,0.000000,0.000000,0.000,0.000,AP
2026-03-27 14:12:00,1900-01-00 00:00:00,0999-wombat,B8:27:EB:6F:ED:ED,-86, WPA ,0.000000,0.000000,0.000,0.000,AP
2026-03-27 14:12:00,1900-01-00 00:00:00,0999-wombat,B8:27:EB:6F:ED:ED,-86, WPA ,0.000000,0.000000,0.000,0.000,AP
2026-03-27 14:12:00,1900-01-00 00:00:00,0999-wombat,B8:27:EB:6F:ED:ED,-86, WPA ,0.000000,0.000000,0.000,0.000,AP
2026-03-27 14:12:00,1900-01-00 00:00:00,0999-wombat,B8:27:EB:6F:ED:ED,-86, WPA ,0.000000,0.000000,0.000,0.000,AP
2026-03-27 14:12:00,1900-01-00 00:00:00,0999-wombat,B8:27:EB:6F:ED:ED,-86, WPA ,0.000000,0.000000,0.000,0.000,AP
2026-03-27 14:12:00,1900-01-00 00:00:00,0999-wombat,B8:27:EB:6F:ED:ED,-86, WPA ,0.000000,0.000000,0.000,0.000,AP
2026-03-27 14:12:00,1900-01-00 00:00:00,0999-wombat,B8:27:EB:6F:ED:ED,-86, WPA ,0.000000,0.000000,0.000,0.000,AP
2026-03-27 14:12:00,1900-01-00 00:00:00,0999-wombat,B8:27:EB:6F:ED:ED,-86, WPA ,0.000000,0.000000,0.000,0.000,AP
2026-03-27 14:12:00,1900-01-00 00:00:00,0999-wombat,B8:27:EB:6F:ED:ED,-86, WPA ,0.000000,0.000000,0.000,0.000,AP
2026-03-27 14:12:00,1900-01-00 00:00:00,0999-wombat,B8:27:EB:6F:ED:ED,-86, WPA ,0.000000,0.000000,0.000,0.000,AP
2026-03-27 14:12:00,1900-01-00 00:00:00,0999-wombat,B8:27:EB:6F:ED:ED,-86, WPA ,0.000000,0.000000,0.000,0.000,AP
2026-03-27 14:12:00,1900-01-00 00:00:00,0999-wombat,B8:27:EB:6F:ED:ED,-86, WPA ,0.000000,0.000000,0.000,0.000,AP
2026-03-27 14:12:00,1900-01-00 00:00:00,0999-wombat,B8:27:EB:6F:ED:ED,-86, WPA ,0.000000,0.000000,0.000,0.000,AP
2026-03-27 14:12:00,1900-01-00 00:00:00,0999-wombat,B8:27:EB:6F:ED:ED,-86, WPA ,0.000000,0.000000,0.000,0.000,AP
2026-03-27 14:12:00,1900-01-00 00:00:00,0999-wombat,B8:27:EB:6F:ED:ED,-86, WPA ,0.000000,0.000000,0.000,0.000,AP
2026-03-27 14:12:00,1900-01-00 00:00:00,0999-wombat,B8:27:EB:6F:ED:ED,-86, WPA ,0.000000,0.000000,0.000,0.000,AP
2026-03-27 14:12:00,1900-01-00 00:00:00,0999-wombat,B8:27:EB:6F:ED:ED,-86, WPA ,0.000000,0.000000,0.000,0.000,AP
2026-03-27 14:12:00,1900-01-00 00:00:00,0999-wombat,B8:27:EB:6F:ED:ED,-86, WPA ,0.000000,0.000000,0.000,0.000,AP
2026-03-27 14:12:00,1900-01-00 00:00:00,0999-wombat,B8:27:EB:6F:ED:ED,-86, WPA ,0.000000,0.000000,0.000,0.000,AP
2026-03-27 14:12:00,1900-01-00 00:00:00,0999-wombat,B8:27:EB:6F:ED:ED,-86, WPA ,0.000000,0.000000,0.000,0.000,AP
2026-03-27 14:12:00,1900-01-00 00:00:00,0999-wombat,B8:27:EB:6F:ED:ED,-86, WPA ,0.000000,0.000000,0.000,0.000,AP
2026-03-27 14:12:00,1900-01-00 00:00:00,0999-wombat,B8:27:EB:6F:ED:ED,-86, WPA ,0.000000,0.000000,0.000,0.000,AP
2026-03-27 14:12:00,1900-01-00 00:00:00,0999-wombat,B8:27:EB:6F:ED:ED,-86, WPA ,0.000000,0.000000,0.000,0.000,AP
2026-03-27 14:12:00,1900-01-00 00:00:00,0999-wombat,B8:27:EB:6F:ED:ED,-80, WPA ,0.000000,0.000000,0.000,0.000,AP
2026-03-27 14:12:00,1900-01-00 00:00:00,0999-wombat,B8:27:EB:6F:ED:ED,-80, WPA ,0.000000,0.000000,0.000,0.000,AP
2026-03-27 14:12:00,1900-01-00 00:00:00,0999-wombat,B8:27:EB:6F:ED:ED,-80, WPA ,0.000000,0.000000,0.000,0.000,AP
2026-03-27 14:12:00,1900-01-00 00:00:00,0999-wombat,B8:27:EB:6F:ED:ED,-80, WPA ,0.000000,0.000000,0.000,0.000,AP
2026-03-27 14:12:00,1900-01-00 00:00:00,0999-wombat,B8:27:EB:6F:ED:ED,-80, WPA ,0.000000,0.000000,0.000,0.000,AP
2026-03-27 14:12:00,1900-01-00 00:00:00,0999-wombat,B8:27:EB:6F:ED:ED,-80, WPA ,0.000000,0.000000,0.000,0.000,AP
2026-03-27 14:12:00,1900-01-00 00:00:00,0999-wombat,B8:27:EB:6F:ED:ED,-80, WPA ,0.000000,0.000000,0.000,0.000,AP
2026-03-27 14:12:00,1900-01-00 00:00:00,0999-wombat,B8:27:EB:6F:ED:ED,-80, WPA ,0.000000,0.000000,0.000,0.000,AP
2026-03-27 14:12:00,1900-01-00 00:00:00,0999-wombat,B8:27:EB:6F:ED:ED,-58, WPA ,0.000000,0.000000,0.000,0.000,AP
2026-03-27 14:12:00,1900-01-00 00:00:00,0999-wombat,B8:27:EB:6F:ED:ED,-58, WPA ,0.000000,0.000000,0.000,0.000,AP
2026-03-27 14:12:00,1900-01-00 00:00:00,0999-wombat,B8:27:EB:6F:ED:ED,-58, WPA ,0.000000,0.000000,0.000,0.000,AP
2026-03-27 14:12:00,1900-01-00 00:00:00,0999-wombat,B8:27:EB:6F:ED:ED,-58, WPA ,0.000000,0.000000,0.000,0.000,AP
2026-03-27 14:12:00,1900-01-00 00:00:00,0999-wombat,B8:27:EB:6F:ED:ED,-58, WPA ,0.000000,0.000000,0.000,0.000,AP
2026-03-27 14:12:00,1900-01-00 00:00:00,0999-wombat,B8:27:EB:6F:ED:ED,-58, WPA ,0.000000,0.000000,0.000,0.000,AP
2026-03-27 14:12:00,1900-01-00 00:00:00,0999-wombat,B8:27:EB:6F:ED:ED,-58, WPA ,0.000000,0.000000,0.000,0.000,AP
2026-03-27 14:12:00,1900-01-00 00:00:00,0999-wombat,B8:27:EB:6F:ED:ED,-58, WPA ,0.000000,0.000000,0.000,0.000,AP
2026-03-27 14:12:00,1900-01-00 00:00:00,0999-wombat,B8:27:EB:6F:ED:ED,-58, WPA ,0.000000,0.000000,0.000,0.000,AP
2026-03-27 14:12:00,1900-01-00 00:00:00,0999-wombat,B8:27:EB:6F:ED:ED,-58, WPA ,0.000000,0.000000,0.000,0.000,AP
2026-03-27 14:12:00,1900-01-00 00:00:00,0999-wombat,B8:27:EB:6F:ED:ED,-58, WPA ,0.000000,0.000000,0.000,0.000,AP
2026-03-27 14:12:00,1900-01-00 00:00:00,0999-wombat,B8:27:EB:6F:ED:ED,-58, WPA ,0.000000,0.000000,0.000,0.000,AP
2026-03-27 14:12:00,1900-01-00 00:00:00,0999-wombat,B8:27:EB:6F:ED:ED,-58, WPA ,0.000000,0.000000,0.000,0.000,AP
2026-03-27 14:12:00,1900-01-00 00:00:00,0999-wombat,B8:27:EB:6F:ED:ED,-58, WPA ,0.000000,0.000000,0.000,0.000,AP
2026-03-27 14:12:00,1900-01-00 00:00:00,0999-wombat,B8:27:EB:6F:ED:ED,-58, WPA ,0.000000,0.000000,0.000,0.000,AP
2026-03-27 14:12:00,1900-01-00 00:00:00,0999-wombat,B8:27:EB:6F:ED:ED,-58, WPA ,0.000000,0.000000,0.000,0.000,AP
2026-03-27 14:12:00,1900-01-00 00:00:00,0999-wombat,B8:27:EB:6F:ED:ED,-30, WPA ,0.000000,0.000000,0.000,0.000,AP
2026-03-27 14:12:00,1900-01-00 00:00:00,0999-wombat,B8:27:EB:6F:ED:ED,-30, WPA ,0.000000,0.000000,0.000,0.000,AP
2026-03-27 14:12:00,1900-01-00 00:00:00,0999-wombat,B8:27:EB:6F:ED:ED,-30, WPA ,0.000000,0.000000,0.000,0.000,AP
2026-03-27 14:12:00,1900-01-00 00:00:00,0999-wombat,B8:27:EB:6F:ED:ED,-30, WPA ,0.000000,0.000000,0.000,0.000,AP
2026-03-27 14:12:00,1900-01-00 00:00:00,0999-wombat,B8:27:EB:6F:ED:ED,-30, WPA ,0.000000,0.000000,0.000,0.000,AP
2026-03-27 14:12:00,1900-01-00 00:00:00,0999-wombat,B8:27:EB:6F:ED:ED,-30, WPA ,0.000000,0.000000,0.000,0.000,AP
2026-03-27 14:12:00,1900-01-00 00:00:00,0999-wombat,B8:27:EB:6F:ED:ED,-30, WPA ,0.000000,0.000000,0.000,0.000,AP
2026-03-27 14:12:00,1900-01-00 00:00:00,0999-wombat,B8:27:EB:6F:ED:ED,-30, WPA ,0.000000,0.000000,0.000,0.000,AP
2026-03-27 14:12:00,1900-01-00 00:00:00,0999-wombat,B8:27:EB:6F:ED:ED,-30, WPA ,0.000000,0.000000,0.000,0.000,AP
2026-03-27 14:12:00,1900-01-00 00:00:00,0999-wombat,B8:27:EB:6F:ED:ED,-30, WPA ,0.000000,0.000000,0.000,0.000,AP
2026-03-27 14:12:00,1900-01-00 00:00:00,0999-wombat,B8:27:EB:6F:ED:ED,-30, WPA ,0.000000,0.000000,0.000,0.000,AP
2026-03-27 14:12:00,1900-01-00 00:00:00,0999-wombat,B8:27:EB:6F:ED:ED,-30, WPA ,0.000000,0.000000,0.000,0.000,AP
2026-03-27 14:12:00,1900-01-00 00:00:00,0999-wombat,B8:27:EB:6F:ED:ED,-68, WPA ,0.000000,0.000000,0.000,0.000,AP
2026-03-27 14:12:00,1900-01-00 00:00:00,0999-wombat,B8:27:EB:6F:ED:ED,-68, WPA ,0.000000,0.000000,0.000,0.000,AP
2026-03-27 14:12:00,1900-01-00 00:00:00,0999-wombat,B8:27:EB:6F:ED:ED,-68, WPA ,0.000000,0.000000,0.000,0.000,AP
2026-03-27 14:12:00,1900-01-00 00:00:00,0999-wombat,B8:27:EB:6F:ED:ED,-68, WPA ,0.000000,0.000000,0.000,0.000,AP
2026-03-27 14:12:00,1900-01-00 00:00:00,0999-wombat,B8:27:EB:6F:ED:ED,-68, WPA ,0.000000,0.000000,0.000,0.000,AP
2026-03-27 14:12:00,1900-01-00 00:00:00,0999-wombat,B8:27:EB:6F:ED:ED,-68, WPA ,0.000000,0.000000,0.000,0.000,AP
2026-03-27 14:12:00,1900-01-00 00:00:00,0999-wombat,B8:27:EB:6F:ED:ED,-68, WPA ,0.000000,0.000000,0.000,0.000,AP
2026-03-27 14:12:00,1900-01-00 00:00:00,0999-wombat,B8:27:EB:6F:ED:ED,-68, WPA ,0.000000,0.000000,0.000,0.000,AP
2026-03-27 14:12:00,1900-01-00 00:00:00,0999-wombat,B8:27:EB:6F:ED:ED,-68, WPA ,0.000000,0.000000,0.000,0.000,AP
2026-03-27 14:12:00,1900-01-00 00:00:00,0999-wombat,B8:27:EB:6F:ED:ED,-68, WPA ,0.000000,0.000000,0.000,0.000,AP
2026-03-27 14:12:00,1900-01-00 00:00:00,0999-wombat,B8:27:EB:6F:ED:ED,-68, WPA ,0.000000,0.000000,0.000,0.000,AP
2026-03-27 14:12:00,1900-01-00 00:00:00,0999-wombat,B8:27:EB:6F:ED:ED,-68, WPA ,0.000000,0.000000,0.000,0.000,AP
2026-03-27 14:12:00,1900-01-00 00:00:00,0999-wombat,B8:27:EB:6F:ED:ED,-68, WPA ,0.000000,0.000000,0.000,0.000,AP
2026-03-27 14:12:00,1900-01-00 00:00:00,0999-wombat,B8:27:EB:6F:ED:ED,-68, WPA ,0.000000,0.000000,0.000,0.000,AP
2026-03-27 14:12:00,1900-01-00 00:00:00,0999-wombat,B8:27:EB:6F:ED:ED,-68, WPA ,0.000000,0.000000,0.000,0.000,AP
2026-03-27 14:12:00,1900-01-00 00:00:00,0999-wombat,B8:27:EB:6F:ED:ED,-68, WPA ,0.000000,0.000000,0.000,0.000,AP
2026-03-27 14:12:00,1900-01-00 00:00:00,0999-wombat,B8:27:EB:6F:ED:ED,-68, WPA ,0.000000,0.000000,0.000,0.000,AP
2026-03-27 14:12:00,1900-01-00 00:00:00,0999-wombat,B8:27:EB:6F:ED:ED,-68, WPA ,0.000000,0.000000,0.000,0.000,AP
2026-03-27 14:12:00,1900-01-00 00:00:00,0999-wombat,B8:27:EB:6F:ED:ED,-68, WPA ,0.000000,0.000000,0.000,0.000,AP
2026-03-27 14:12:00,1900-01-00 00:00:00,0999-wombat,B8:27:EB:6F:ED:ED,-68, WPA ,0.000000,0.000000,0.000,0.000,AP
2026-03-27 14:12:00,1900-01-00 00:00:00,0999-wombat,B8:27:EB:6F:ED:ED,-68, WPA ,0.000000,0.000000,0.000,0.000,AP
2026-03-27 14:12:00,1900-01-00 00:00:00,0999-wombat,B8:27:EB:6F:ED:ED,-68, WPA ,0.000000,0.000000,0.000,0.000,AP
2026-03-27 14:12:00,1900-01-00 00:00:00,0999-wombat,B8:27:EB:6F:ED:ED,-68, WPA ,0.000000,0.000000,0.000,0.000,AP
2026-03-27 14:12:00,1900-01-00 00:00:00,0999-wombat,B8:27:EB:6F:ED:ED,-68, WPA ,0.000000,0.000000,0.000,0.000,AP
2026-03-27 14:12:00,1900-01-00 00:00:00,0999-wombat,B8:27:EB:6F:ED:ED,-68, WPA ,0.000000,0.000000,0.000,0.000,AP
2026-03-27 14:12:00,1900-01-00 00:00:00,0999-wombat,B8:27:EB:6F:ED:ED,-68, WPA ,0.000000,0.000000,0.000,0.000,AP
2026-03-27 14:12:00,1900-01-00 00:00:00,0999-wombat,B8:27:EB:6F:ED:ED,-68, WPA ,0.000000,0.000000,0.000,0.000,AP
2026-03-27 14:12:00,1900-01-00 00:00:00,0999-wombat,B8:27:EB:6F:ED:ED,-68, WPA ,0.000000,0.000000,0.000,0.000,AP
2026-03-27 14:12:00,1900-01-00 00:00:00,0999-wombat,B8:27:EB:6F:ED:ED,-68, WPA ,0.000000,0.000000,0.000,0.000,AP
2026-03-27 14:12:00,1900-01-00 00:00:00,0999-wombat,B8:27:EB:6F:ED:ED,-68, WPA ,0.000000,0.000000,0.000,0.000,AP
2026-03-27 14:12:00,1900-01-00 00:00:00,0999-wombat,B8:27:EB:6F:ED:ED,-68, WPA ,0.000000,0.000000,0.000,0.000,AP
2026-03-27 14:12:00,1900-01-00 00:00:00,0999-wombat,B8:27:EB:6F:ED:ED,-68, WPA ,0.000000,0.000000,0.000,0.000,AP
2026-03-27 14:12:00,1900-01-00 00:00:00,0999-wombat,B8:27:EB:6F:ED:ED,-68, WPA ,0.000000,0.000000,0.000,0.000,AP
2026-03-27 14:12:00,1900-01-00 00:00:00,0999-wombat,B8:27:EB:6F:ED:ED,-68, WPA ,0.000000,0.000000,0.000,0.000,AP
2026-03-27 14:12:00,1900-01-00 00:00:00,0999-wombat,B8:27:EB:6F:ED:ED,-68, WPA ,0.000000,0.000000,0.000,0.000,AP
2026-03-27 14:12:00,1900-01-00 00:00:00,0999-wombat,B8:27:EB:6F:ED:ED,-68, WPA ,0.000000,0.000000,0.000,0.000,AP
2026-03-27 14:12:00,1900-01-00 00:00:00,0999-wombat,B8:27:EB:6F:ED:ED,-68, WPA ,0.000000,0.000000,0.000,0.000,AP
2026-03-27 14:12:00,1900-01-00 00:00:00,0999-wombat,B8:27:EB:6F:ED:ED,-68, WPA ,0.000000,0.000000,0.000,0.000,AP
2026-03-27 14:12:00,1900-01-00 00:00:00,0999-wombat,B8:27:EB:6F:ED:ED,-68, WPA ,0.000000,0.000000,0.000,0.000,AP
2026-03-27 14:12:00,1900-01-00 00:00:00,0999-wombat,B8:27:EB:6F:ED:ED,-68, WPA ,0.000000,0.000000,0.000,0.000,AP
2026-03-27 14:12:00,1900-01-00 00:00:00,0999-wombat,B8:27:EB:6F:ED:ED,-68, WPA ,0.000000,0.000000,0.000,0.000,AP
2026-03-27 14:12:00,1900-01-00 00:00:00,0999-wombat,B8:27:EB:6F:ED:ED,-68, WPA ,0.000000,0.000000,0.000,0.000,AP
2026-03-27 14:12:00,1900-01-00 00:00:00,0999-wombat,B8:27:EB:6F:ED:ED,-68, WPA ,0.000000,0.000000,0.000,0.000,AP
2026-03-27 14:12:00,1900-01-00 00:00:00,0999-wombat,B8:27:EB:6F:ED:ED,-68, WPA ,0.000000,0.000000,0.000,0.000,AP
2026-03-27 14:12:00,1900-01-00 00:00:00,0999-wombat,B8:27:EB:6F:ED:ED,-68, WPA ,0.000000,0.000000,0.000,0.000,AP
2026-03-27 14:12:00,1900-01-00 00:00:00,0999-wombat,B8:27:EB:6F:ED:ED,-68, WPA ,0.000000,0.000000,0.000,0.000,AP
2026-03-27 14:12:00,1900-01-00 00:00:00,0999-wombat,B8:27:EB:6F:ED:ED,-68, WPA ,0.000000,0.000000,0.000,0.000,AP
2026-03-27 14:12:00,1900-01-00 00:00:00,0999-wombat,B8:27:EB:6F:ED:ED,-68, WPA ,0.000000,0.000000,0.000,0.000,AP
2026-03-27 14:12:00,1900-01-00 00:00:00,0999-wombat,B8:27:EB:6F:ED:ED,-68, WPA ,0.000000,0.000000,0.000,0.000,AP
2026-03-27 14:12:00,1900-01-00 00:00:00,0999-wombat,B8:27:EB:6F:ED:ED,-68, WPA ,0.000000,0.000000,0.000,0.000,AP
2026-03-27 14:12:00,1900-01-00 00:00:00,0999-wombat,B8:27:EB:6F:ED:ED,-68, WPA ,0.000000,0.000000,0.000,0.000,AP
2026-03-27 14:12:00,1900-01-00 00:00:00,0999-wombat,B8:27:EB:6F:ED:ED,-68, WPA ,0.000000,0.000000,0.000,0.000,AP
2026-03-27 14:12:00,1900-01-00 00:00:00,0999-wombat,B8:27:EB:6F:ED:ED,-68, WPA ,0.000000,0.000000,0.000,0.000,AP
2026-03-27 14:12:00,1900-01-00 00:00:00,0999-wombat,B8:27:EB:6F:ED:ED,-68, WPA ,0.000000,0.000000,0.000,0.000,AP
2026-03-27 14:12:00,1900-01-00 00:00:00,0999-wombat,B8:27:EB:6F:ED:ED,-68, WPA ,0.000000,0.000000,0.000,0.000,AP
2026-03-27 14:12:00,1900-01-00 00:00:00,0999-wombat,B8:27:EB:6F:ED:ED,-68, WPA ,0.000000,0.000000,0.000,0.000,AP
2026-03-27 14:12:00,1900-01-00 00:00:00,0999-wombat,B8:27:EB:6F:ED:ED,-68, WPA ,0.000000,0.000000,0.000,0.000,AP
2026-03-27 14:12:00,1900-01-00 00:00:00,0999-wombat,B8:27:EB:6F:ED:ED,-68, WPA ,0.000000,0.000000,0.000,0.000,AP
2026-03-27 14:12:00,1900-01-00 00:00:00,0999-wombat,B8:27:EB:6F:ED:ED,-68, WPA ,0.000000,0.000000,0.000,0.000,AP
2026-03-27 14:12:00,1900-01-00 00:00:00,0999-wombat,B8:27:EB:6F:ED:ED,-68, WPA ,0.000000,0.000000,0.000,0.000,AP
2026-03-27 14:12:00,1900-01-00 00:00:00,0999-wombat,B8:27:EB:6F:ED:ED,-68, WPA ,0.000000,0.000000,0.000,0.000,AP
2026-03-27 14:12:00,1900-01-00 00:00:00,0999-wombat,B8:27:EB:6F:ED:ED,-68, WPA ,0.000000,0.000000,0.000,0.000,AP
2026-03-27 14:12:00,1900-01-00 00:00:00,0999-wombat,B8:27:EB:6F:ED:ED,-68, WPA ,0.000000,0.000000,0.000,0.000,AP
2026-03-27 14:12:00,1900-01-00 00:00:00,0999-wombat,B8:27:EB:6F:ED:ED,-80, WPA ,0.000000,0.000000,0.000,0.000,AP
2026-03-27 14:12:00,1900-01-00 00:00:00,0999-wombat,B8:27:EB:6F:ED:ED,-80, WPA ,0.000000,0.000000,0.000,0.000,AP
2026-03-27 14:12:00,1900-01-00 00:00:00,0999-wombat,B8:27:EB:6F:ED:ED,-80, WPA ,0.000000,0.000000,0.000,0.000,AP
2026-03-27 14:12:00,1900-01-00 00:00:00,0999-wombat,B8:27:EB:6F:ED:ED,-80, WPA ,0.000000,0.000000,0.000,0.000,AP
2026-03-27 14:12:00,1900-01-00 00:00:00,0999-wombat,B8:27:EB:6F:ED:ED,-80, WPA ,0.000000,0.000000,0.000,0.000,AP
2026-03-27 14:12:00,1900-01-00 00:00:00,0999-wombat,B8:27:EB:6F:ED:ED,-80, WPA ,0.000000,0.000000,0.000,0.000,AP
2026-03-27 14:12:00,1900-01-00 00:00:00,0999-wombat,B8:27:EB:6F:ED:ED,-80, WPA ,0.000000,0.000000,0.000,0.000,AP
2026-03-27 14:12:00,1900-01-00 00:00:00,0999-wombat,B8:27:EB:6F:ED:ED,-80, WPA ,0.000000,0.000000,0.000,0.000,AP
2026-03-27 14:12:00,1900-01-00 00:00:00,0999-wombat,B8:27:EB:6F:ED:ED,-58, WPA ,0.000000,0.000000,0.000,0.000,AP
2026-03-27 14:12:00,1900-01-00 00:00:00,0999-wombat,B8:27:EB:6F:ED:ED,-58, WPA ,0.000000,0.000000,0.000,0.000,AP
2026-03-27 14:12:00,1900-01-00 00:00:00,0999-wombat,B8:27:EB:6F:ED:ED,-58, WPA ,0.000000,0.000000,0.000,0.000,AP
2026-03-27 14:12:00,1900-01-00 00:00:00,0999-wombat,B8:27:EB:6F:ED:ED,-58, WPA ,0.000000,0.000000,0.000,0.000,AP
2026-03-27 14:12:00,1900-01-00 00:00:00,0999-wombat,B8:27:EB:6F:ED:ED,-58, WPA ,0.000000,0.000000,0.000,0.000,AP
2026-03-27 14:12:00,1900-01-00 00:00:00,0999-wombat,B8:27:EB:6F:ED:ED,-58, WPA ,0.000000,0.000000,0.000,0.000,AP
2026-03-27 14:12:00,1900-01-00 00:00:00,0999-wombat,B8:27:EB:6F:ED:ED,-58, WPA ,0.000000,0.000000,0.000,0.000,AP
2026-03-27 14:12:00,1900-01-00 00:00:00,0999-wombat,B8:27:EB:6F:ED:ED,-58, WPA ,0.000000,0.000000,0.000,0.000,AP
2026-03-27 14:12:00,1900-01-00 00:00:00,0999-wombat,B8:27:EB:6F:ED:ED,-58, WPA ,0.000000,0.000000,0.000,0.000,AP
2026-03-27 14:12:00,1900-01-00 00:00:00,0999-wombat,B8:27:EB:6F:ED:ED,-58, WPA ,0.000000,0.000000,0.000,0.000,AP
2026-03-27 14:12:00,1900-01-00 00:00:00,0999-wombat,B8:27:EB:6F:ED:ED,-58, WPA ,0.000000,0.000000,0.000,0.000,AP
2026-03-27 14:12:00,1900-01-00 00:00:00,0999-wombat,B8:27:EB:6F:ED:ED,-58, WPA ,0.000000,0.000000,0.000,0.000,AP
2026-03-27 14:12:00,1900-01-00 00:00:00,0999-wombat,B8:27:EB:6F:ED:ED,-58, WPA ,0.000000,0.000000,0.000,0.000,AP
2026-03-27 14:12:00,1900-01-00 00:00:00,0999-wombat,B8:27:EB:6F:ED:ED,-58, WPA ,0.000000,0.000000,0.000,0.000,AP
2026-03-27 14:12:00,1900-01-00 00:00:00,0999-wombat,B8:27:EB:6F:ED:ED,-58, WPA ,0.000000,0.000000,0.000,0.000,AP
2026-03-27 14:12:00,1900-01-00 00:00:00,0999-wombat,B8:27:EB:6F:ED:ED,-58, WPA ,0.000000,0.000000,0.000,0.000,AP
2026-03-27 14:12:00,1900-01-00 00:00:00,0999-wombat,B8:27:EB:6F:ED:ED,-31, WPA ,0.000000,0.000000,0.000,0.000,AP
2026-03-27 14:12:00,1900-01-00 00:00:00,0999-wombat,B8:27:EB:6F:ED:ED,-31, WPA ,0.000000,0.000000,0.000,0.000,AP
2026-03-27 14:12:00,1900-01-00 00:00:00,0999-wombat,B8:27:EB:6F:ED:ED,-31, WPA ,0.000000,0.000000,0.000,0.000,AP
2026-03-27 14:12:00,1900-01-00 00:00:00,0999-wombat,B8:27:EB:6F:ED:ED,-31, WPA ,0.000000,0.000000,0.000,0.000,AP
2026-03-27 14:12:00,1900-01-00 00:00:00,0999-wombat,B8:27:EB:6F:ED:ED,-31, WPA ,0.000000,0.000000,0.000,0.000,AP
2026-03-27 14:12:00,1900-01-00 00:00:00,0999-wombat,B8:27:EB:6F:ED:ED,-31, WPA ,0.000000,0.000000,0.000,0.000,AP
2026-03-27 14:12:00,1900-01-00 00:00:00,0999-wombat,B8:27:EB:6F:ED:ED,-31, WPA ,0.000000,0.000000,0.000,0.000,AP
2026-03-27 14:12:00,1900-01-00 00:00:00,0999-wombat,B8:27:EB:6F:ED:ED,-31, WPA ,0.000000,0.000000,0.000,0.000,AP
2026-03-27 14:12:00,1900-01-00 00:00:00,0999-wombat,B8:27:EB:6F:ED:ED,-31, WPA ,0.000000,0.000000,0.000,0.000,AP
2026-03-27 14:12:00,1900-01-00 00:00:00,0999-wombat,B8:27:EB:6F:ED:ED,-31, WPA ,0.000000,0.000000,0.000,0.000,AP
2026-03-27 14:12:00,1900-01-00 00:00:00,0999-wombat,B8:27:EB:6F:ED:ED,-31, WPA ,0.000000,0.000000,0.000,0.000,AP
2026-03-27 14:12:00,1900-01-00 00:00:00,0999-wombat,B8:27:EB:6F:ED:ED,-31, WPA ,0.000000,0.000000,0.000,0.000,AP
2026-03-27 14:12:00,1900-01-00 00:00:00,0999-wombat,B8:27:EB:6F:ED:ED,-68, WPA ,0.000000,0.000000,0.000,0.000,AP
2026-03-27 14:12:00,1900-01-00 00:00:00,0999-wombat,B8:27:EB:6F:ED:ED,-68, WPA ,0.000000,0.000000,0.000,0.000,AP
2026-03-27 14:12:00,1900-01-00 00:00:00,0999-wombat,B8:27:EB:6F:ED:ED,-68, WPA ,0.000000,0.000000,0.000,0.000,AP
2026-03-27 14:12:00,1900-01-00 00:00:00,0999-wombat,B8:27:EB:6F:ED:ED,-68, WPA ,0.000000,0.000000,0.000,0.000,AP
2026-03-27 14:12:01,1900-01-00 00:00:00,0999-wombat,B8:27:EB:6F:ED:ED,-31, WPA ,0.000000,0.000000,0.000,0.000,AP
2026-03-27 14:12:01,1900-01-00 00:00:00,0999-wombat,B8:27:EB:6F:ED:ED,-63, WPA ,0.000000,0.000000,0.000,0.000,AP
2026-03-27 14:12:01,1900-01-00 00:00:00,0999-wombat,B8:27:EB:6F:ED:ED,-63, WPA ,0.000000,0.000000,0.000,0.000,AP
2026-03-27 14:12:01,1900-01-00 00:00:00,0999-wombat,B8:27:EB:6F:ED:ED,-63, WPA ,0.000000,0.000000,0.000,0.000,AP
2026-03-27 14:12:01,1900-01-00 00:00:00,0999-wombat,B8:27:EB:6F:ED:ED,-63, WPA ,0.000000,0.000000,0.000,0.000,AP
2026-03-27 14:12:01,1900-01-00 00:00:00,0999-wombat,B8:27:EB:6F:ED:ED,-63, WPA ,0.000000,0.000000,0.000,0.000,AP
2026-03-27 14:12:01,1900-01-00 00:00:00,0999-wombat,B8:27:EB:6F:ED:ED,-63, WPA ,0.000000,0.000000,0.000,0.000,AP
2026-03-27 14:12:01,1900-01-00 00:00:00,0999-wombat,B8:27:EB:6F:ED:ED,-63, WPA ,0.000000,0.000000,0.000,0.000,AP
2026-03-27 14:12:01,1900-01-00 00:00:00,0999-wombat,B8:27:EB:6F:ED:ED,-63, WPA ,0.000000,0.000000,0.000,0.000,AP
2026-03-27 14:12:01,1900-01-00 00:00:00,0999-wombat,B8:27:EB:6F:ED:ED,-63, WPA ,0.000000,0.000000,0.000,0.000,AP
2026-03-27 14:12:01,1900-01-00 00:00:00,0999-wombat,B8:27:EB:6F:ED:ED,-31, WPA ,0.000000,0.000000,0.000,0.000,AP
2026-03-27 14:12:01,1900-01-00 00:00:00,0999-wombat,B8:27:EB:6F:ED:ED,-31, WPA ,0.000000,0.000000,0.000,0.000,AP
2026-03-27 14:12:01,1900-01-00 00:00:00,0999-wombat,B8:27:EB:6F:ED:ED,-31, WPA ,0.000000,0.000000,0.000,0.000,AP
2026-03-27 14:12:01,1900-01-00 00:00:00,0999-wombat,B8:27:EB:6F:ED:ED,-31, WPA ,0.000000,0.000000,0.000,0.000,AP
2026-03-27 14:12:01,1900-01-00 00:00:00,0999-wombat,B8:27:EB:6F:ED:ED,-31, WPA ,0.000000,0.000000,0.000,0.000,AP
2026-03-27 14:12:01,1900-01-00 00:00:00,0999-wombat,B8:27:EB:6F:ED:ED,-31, WPA ,0.000000,0.000000,0.000,0.000,AP
2026-03-27 14:12:01,1900-01-00 00:00:00,0999-wombat,B8:27:EB:6F:ED:ED,-31, WPA ,0.000000,0.000000,0.000,0.000,AP
2026-03-27 14:12:01,1900-01-00 00:00:00,0999-wombat,B8:27:EB:6F:ED:ED,-31, WPA ,0.000000,0.000000,0.000,0.000,AP
2026-03-27 14:12:01,1900-01-00 00:00:00,0999-wombat,B8:27:EB:6F:ED:ED,-31, WPA ,0.000000,0.000000,0.000,0.000,AP
2026-03-27 14:12:01,1900-01-00 00:00:00,0999-wombat,B8:27:EB:6F:ED:ED,-31, WPA ,0.000000,0.000000,0.000,0.000,AP
2026-03-27 14:12:01,1900-01-00 00:00:00,0999-wombat,B8:27:EB:6F:ED:ED,-31, WPA ,0.000000,0.000000,0.000,0.000,AP
2026-03-27 14:12:01,1900-01-00 00:00:00,0999-wombat,B8:27:EB:6F:ED:ED,-31, WPA ,0.000000,0.000000,0.000,0.000,AP
2026-03-27 14:12:01,1900-01-00 00:00:00,0999-wombat,B8:27:EB:6F:ED:ED,-69, WPA ,0.000000,0.000000,0.000,0.000,AP
2026-03-27 14:12:01,1900-01-00 00:00:00,0999-wombat,B8:27:EB:6F:ED:ED,-69, WPA ,0.000000,0.000000,0.000,0.000,AP
2026-03-27 14:12:01,1900-01-00 00:00:00,0999-wombat,B8:27:EB:6F:ED:ED,-69, WPA ,0.000000,0.000000,0.000,0.000,AP
2026-03-27 14:12:01,1900-01-00 00:00:00,0999-wombat,B8:27:EB:6F:ED:ED,-69, WPA ,0.000000,0.000000,0.000,0.000,AP
2026-03-27 14:12:01,1900-01-00 00:00:00,0999-wombat,B8:27:EB:6F:ED:ED,-69, WPA ,0.000000,0.000000,0.000,0.000,AP
2026-03-27 14:12:01,1900-01-00 00:00:00,0999-wombat,B8:27:EB:6F:ED:ED,-69, WPA ,0.000000,0.000000,0.000,0.000,AP
2026-03-27 14:12:01,1900-01-00 00:00:00,0999-wombat,B8:27:EB:6F:ED:ED,-69, WPA ,0.000000,0.000000,0.000,0.000,AP
2026-03-27 14:12:01,1900-01-00 00:00:00,0999-wombat,B8:27:EB:6F:ED:ED,-69, WPA ,0.000000,0.000000,0.000,0.000,AP
2026-03-27 14:12:01,1900-01-00 00:00:00,0999-wombat,B8:27:EB:6F:ED:ED,-69, WPA ,0.000000,0.000000,0.000,0.000,AP
2026-03-27 14:12:01,1900-01-00 00:00:00,0999-wombat,B8:27:EB:6F:ED:ED,-69, WPA ,0.000000,0.000000,0.000,0.000,AP
2026-03-27 14:12:01,1900-01-00 00:00:00,0999-wombat,B8:27:EB:6F:ED:ED,-69, WPA ,0.000000,0.000000,0.000,0.000,AP
2026-03-27 14:12:01,1900-01-00 00:00:00,0999-wombat,B8:27:EB:6F:ED:ED,-69, WPA ,0.000000,0.000000,0.000,0.000,AP
2026-03-27 14:12:01,1900-01-00 00:00:00,0999-wombat,B8:27:EB:6F:ED:ED,-69, WPA ,0.000000,0.000000,0.000,0.000,AP
2026-03-27 14:12:01,1900-01-00 00:00:00,0999-wombat,B8:27:EB:6F:ED:ED,-69, WPA ,0.000000,0.000000,0.000,0.000,AP
2026-03-27 14:12:01,1900-01-00 00:00:00,0999-wombat,B8:27:EB:6F:ED:ED,-69, WPA ,0.000000,0.000000,0.000,0.000,AP
2026-03-27 14:12:01,1900-01-00 00:00:00,0999-wombat,B8:27:EB:6F:ED:ED,-69, WPA ,0.000000,0.000000,0.000,0.000,AP
2026-03-27 14:12:01,1900-01-00 00:00:00,0999-wombat,B8:27:EB:6F:ED:ED,-69, WPA ,0.000000,0.000000,0.000,0.000,AP
2026-03-27 14:12:01,1900-01-00 00:00:00,0999-wombat,B8:27:EB:6F:ED:ED,-69, WPA ,0.000000,0.000000,0.000,0.000,AP
2026-03-27 14:12:01,1900-01-00 00:00:00,0999-wombat,B8:27:EB:6F:ED:ED,-69, WPA ,0.000000,0.000000,0.000,0.000,AP
2026-03-27 14:12:01,1900-01-00 00:00:00,0999-wombat,B8:27:EB:6F:ED:ED,-69, WPA ,0.000000,0.000000,0.000,0.000,AP
2026-03-27 14:12:01,1900-01-00 00:00:00,0999-wombat,B8:27:EB:6F:ED:ED,-69, WPA ,0.000000,0.000000,0.000,0.000,AP
2026-03-27 14:12:01,1900-01-00 00:00:00,0999-wombat,B8:27:EB:6F:ED:ED,-69, WPA ,0.000000,0.000000,0.000,0.000,AP
2026-03-27 14:12:01,1900-01-00 00:00:00,0999-wombat,B8:27:EB:6F:ED:ED,-69, WPA ,0.000000,0.000000,0.000,0.000,AP
2026-03-27 14:12:01,1900-01-00 00:00:00,0999-wombat,B8:27:EB:6F:ED:ED,-69, WPA ,0.000000,0.000000,0.000,0.000,AP
2026-03-27 14:12:01,1900-01-00 00:00:00,0999-wombat,B8:27:EB:6F:ED:ED,-69, WPA ,0.000000,0.000000,0.000,0.000,AP
2026-03-27 14:12:01,1900-01-00 00:00:00,0999-wombat,B8:27:EB:6F:ED:ED,-69, WPA ,0.000000,0.000000,0.000,0.000,AP
2026-03-27 14:12:01,1900-01-00 00:00:00,0999-wombat,B8:27:EB:6F:ED:ED,-69, WPA ,0.000000,0.000000,0.000,0.000,AP
2026-03-27 14:12:01,1900-01-00 00:00:00,0999-wombat,B8:27:EB:6F:ED:ED,-69, WPA ,0.000000,0.000000,0.000,0.000,AP
2026-03-27 14:12:01,1900-01-00 00:00:00,0999-wombat,B8:27:EB:6F:ED:ED,-69, WPA ,0.000000,0.000000,0.000,0.000,AP
2026-03-27 14:12:01,1900-01-00 00:00:00,0999-wombat,B8:27:EB:6F:ED:ED,-69, WPA ,0.000000,0.000000,0.000,0.000,AP
2026-03-27 14:12:01,1900-01-00 00:00:00,0999-wombat,B8:27:EB:6F:ED:ED,-69, WPA ,0.000000,0.000000,0.000,0.000,AP
2026-03-27 14:12:01,1900-01-00 00:00:00,0999-wombat,B8:27:EB:6F:ED:ED,-69, WPA ,0.000000,0.000000,0.000,0.000,AP
2026-03-27 14:12:01,1900-01-00 00:00:00,0999-wombat,B8:27:EB:6F:ED:ED,-69, WPA ,0.000000,0.000000,0.000,0.000,AP
2026-03-27 14:12:01,1900-01-00 00:00:00,0999-wombat,B8:27:EB:6F:ED:ED,-69, WPA ,0.000000,0.000000,0.000,0.000,AP
2026-03-27 14:12:01,1900-01-00 00:00:00,0999-wombat,B8:27:EB:6F:ED:ED,-69, WPA ,0.000000,0.000000,0.000,0.000,AP
2026-03-27 14:12:01,1900-01-00 00:00:00,0999-wombat,B8:27:EB:6F:ED:ED,-69, WPA ,0.000000,0.000000,0.000,0.000,AP
2026-03-27 14:12:01,1900-01-00 00:00:00,0999-wombat,B8:27:EB:6F:ED:ED,-69, WPA ,0.000000,0.000000,0.000,0.000,AP
2026-03-27 14:12:01,1900-01-00 00:00:00,0999-wombat,B8:27:EB:6F:ED:ED,-69, WPA ,0.000000,0.000000,0.000,0.000,AP
2026-03-27 14:12:01,1900-01-00 00:00:00,0999-wombat,B8:27:EB:6F:ED:ED,-69, WPA ,0.000000,0.000000,0.000,0.000,AP
2026-03-27 14:12:01,1900-01-00 00:00:00,0999-wombat,B8:27:EB:6F:ED:ED,-69, WPA ,0.000000,0.000000,0.000,0.000,AP
2026-03-27 14:12:01,1900-01-00 00:00:00,0999-wombat,B8:27:EB:6F:ED:ED,-69, WPA ,0.000000,0.000000,0.000,0.000,AP
2026-03-27 14:12:01,1900-01-00 00:00:00,0999-wombat,B8:27:EB:6F:ED:ED,-69, WPA ,0.000000,0.000000,0.000,0.000,AP
2026-03-27 14:12:01,1900-01-00 00:00:00,0999-wombat,B8:27:EB:6F:ED:ED,-69, WPA ,0.000000,0.000000,0.000,0.000,AP
2026-03-27 14:12:01,1900-01-00 00:00:00,0999-wombat,B8:27:EB:6F:ED:ED,-69, WPA ,0.000000,0.000000,0.000,0.000,AP
2026-03-27 14:12:01,1900-01-00 00:00:00,0999-wombat,B8:27:EB:6F:ED:ED,-69, WPA ,0.000000,0.000000,0.000,0.000,AP
2026-03-27 14:12:01,1900-01-00 00:00:00,0999-wombat,B8:27:EB:6F:ED:ED,-69, WPA ,0.000000,0.000000,0.000,0.000,AP
2026-03-27 14:12:01,1900-01-00 00:00:00,0999-wombat,B8:27:EB:6F:ED:ED,-69, WPA ,0.000000,0.000000,0.000,0.000,AP
2026-03-27 14:12:01,1900-01-00 00:00:00,0999-wombat,B8:27:EB:6F:ED:ED,-69, WPA ,0.000000,0.000000,0.000,0.000,AP
2026-03-27 14:12:01,1900-01-00 00:00:00,0999-wombat,B8:27:EB:6F:ED:ED,-69, WPA ,0.000000,0.000000,0.000,0.000,AP
2026-03-27 14:12:01,1900-01-00 00:00:00,0999-wombat,B8:27:EB:6F:ED:ED,-69, WPA ,0.000000,0.000000,0.000,0.000,AP
2026-03-27 14:12:01,1900-01-00 00:00:00,0999-wombat,B8:27:EB:6F:ED:ED,-69, WPA ,0.000000,0.000000,0.000,0.000,AP
2026-03-27 14:12:01,1900-01-00 00:00:00,0999-wombat,B8:27:EB:6F:ED:ED,-69, WPA ,0.000000,0.000000,0.000,0.000,AP
2026-03-27 14:12:01,1900-01-00 00:00:00,0999-wombat,B8:27:EB:6F:ED:ED,-69, WPA ,0.000000,0.000000,0.000,0.000,AP
2026-03-27 14:12:01,1900-01-00 00:00:00,0999-wombat,B8:27:EB:6F:ED:ED,-69, WPA ,0.000000,0.000000,0.000,0.000,AP
2026-03-27 14:12:01,1900-01-00 00:00:00,0999-wombat,B8:27:EB:6F:ED:ED,-69, WPA ,0.000000,0.000000,0.000,0.000,AP
2026-03-27 14:12:01,1900-01-00 00:00:00,0999-wombat,B8:27:EB:6F:ED:ED,-69, WPA ,0.000000,0.000000,0.000,0.000,AP
2026-03-27 14:12:01,1900-01-00 00:00:00,0999-wombat,B8:27:EB:6F:ED:ED,-69, WPA ,0.000000,0.000000,0.000,0.000,AP
2026-03-27 14:12:01,1900-01-00 00:00:00,0999-wombat,B8:27:EB:6F:ED:ED,-69, WPA ,0.000000,0.000000,0.000,0.000,AP
2026-03-27 14:12:01,1900-01-00 00:00:00,0999-wombat,B8:27:EB:6F:ED:ED,-69, WPA ,0.000000,0.000000,0.000,0.000,AP
2026-03-27 14:12:01,1900-01-00 00:00:00,0999-wombat,B8:27:EB:6F:ED:ED,-69, WPA ,0.000000,0.000000,0.000,0.000,AP
2026-03-27 14:12:01,1900-01-00 00:00:00,0999-wombat,B8:27:EB:6F:ED:ED,-69, WPA ,0.000000,0.000000,0.000,0.000,AP
2026-03-27 14:12:01,1900-01-00 00:00:00,0999-wombat,B8:27:EB:6F:ED:ED,-69, WPA ,0.000000,0.000000,0.000,0.000,AP
2026-03-27 14:12:01,1900-01-00 00:00:00,0999-wombat,B8:27:EB:6F:ED:ED,-69, WPA ,0.000000,0.000000,0.000,0.000,AP
2026-03-27 14:12:01,1900-01-00 00:00:00,0999-wombat,B8:27:EB:6F:ED:ED,-69, WPA ,0.000000,0.000000,0.000,0.000,AP
2026-03-27 14:12:01,1900-01-00 00:00:00,0999-wombat,B8:27:EB:6F:ED:ED,-81, WPA ,0.000000,0.000000,0.000,0.000,AP
2026-03-27 14:12:01,1900-01-00 00:00:00,0999-wombat,B8:27:EB:6F:ED:ED,-81, WPA ,0.000000,0.000000,0.000,0.000,AP
2026-03-27 14:12:01,1900-01-00 00:00:00,0999-wombat,B8:27:EB:6F:ED:ED,-81, WPA ,0.000000,0.000000,0.000,0.000,AP
2026-03-27 14:12:01,1900-01-00 00:00:00,0999-wombat,B8:27:EB:6F:ED:ED,-81, WPA ,0.000000,0.000000,0.000,0.000,AP
2026-03-27 14:12:01,1900-01-00 00:00:00,0999-wombat,B8:27:EB:6F:ED:ED,-81, WPA ,0.000000,0.000000,0.000,0.000,AP
2026-03-27 14:12:01,1900-01-00 00:00:00,0999-wombat,B8:27:EB:6F:ED:ED,-81, WPA ,0.000000,0.000000,0.000,0.000,AP
2026-03-27 14:12:01,1900-01-00 00:00:00,0999-wombat,B8:27:EB:6F:ED:ED,-81, WPA ,0.000000,0.000000,0.000,0.000,AP
2026-03-27 14:12:01,1900-01-00 00:00:00,0999-wombat,B8:27:EB:6F:ED:ED,-58, WPA ,0.000000,0.000000,0.000,0.000,AP
2026-03-27 14:12:01,1900-01-00 00:00:00,0999-wombat,B8:27:EB:6F:ED:ED,-58, WPA ,0.000000,0.000000,0.000,0.000,AP
2026-03-27 14:12:01,1900-01-00 00:00:00,0999-wombat,B8:27:EB:6F:ED:ED,-58, WPA ,0.000000,0.000000,0.000,0.000,AP
2026-03-27 14:12:01,1900-01-00 00:00:00,0999-wombat,B8:27:EB:6F:ED:ED,-58, WPA ,0.000000,0.000000,0.000,0.000,AP
2026-03-27 14:12:01,1900-01-00 00:00:00,0999-wombat,B8:27:EB:6F:ED:ED,-58, WPA ,0.000000,0.000000,0.000,0.000,AP
2026-03-27 14:12:01,1900-01-00 00:00:00,0999-wombat,B8:27:EB:6F:ED:ED,-58, WPA ,0.000000,0.000000,0.000,0.000,AP
2026-03-27 14:12:01,1900-01-00 00:00:00,0999-wombat,B8:27:EB:6F:ED:ED,-58, WPA ,0.000000,0.000000,0.000,0.000,AP
2026-03-27 14:12:01,1900-01-00 00:00:00,0999-wombat,B8:27:EB:6F:ED:ED,-58, WPA ,0.000000,0.000000,0.000,0.000,AP
2026-03-27 14:12:01,1900-01-00 00:00:00,0999-wombat,B8:27:EB:6F:ED:ED,-58, WPA ,0.000000,0.000000,0.000,0.000,AP
2026-03-27 14:12:01,1900-01-00 00:00:00,0999-wombat,B8:27:EB:6F:ED:ED,-58, WPA ,0.000000,0.000000,0.000,0.000,AP
2026-03-27 14:12:01,1900-01-00 00:00:00,0999-wombat,B8:27:EB:6F:ED:ED,-58, WPA ,0.000000,0.000000,0.000,0.000,AP
2026-03-27 14:12:01,1900-01-00 00:00:00,0999-wombat,B8:27:EB:6F:ED:ED,-58, WPA ,0.000000,0.000000,0.000,0.000,AP
2026-03-27 14:12:01,1900-01-00 00:00:00,0999-wombat,B8:27:EB:6F:ED:ED,-58, WPA ,0.000000,0.000000,0.000,0.000,AP
2026-03-27 14:12:01,1900-01-00 00:00:00,0999-wombat,B8:27:EB:6F:ED:ED,-58, WPA ,0.000000,0.000000,0.000,0.000,AP
2026-03-27 14:12:01,1900-01-00 00:00:00,0999-wombat,B8:27:EB:6F:ED:ED,-58, WPA ,0.000000,0.000000,0.000,0.000,AP
2026-03-27 14:12:01,1900-01-00 00:00:00,0999-wombat,B8:27:EB:6F:ED:ED,-58, WPA ,0.000000,0.000000,0.000,0.000,AP
2026-03-27 14:12:01,1900-01-00 00:00:00,0999-wombat,B8:27:EB:6F:ED:ED,-58, WPA ,0.000000,0.000000,0.000,0.000,AP
2026-03-27 14:12:01,1900-01-00 00:00:00,0999-wombat,B8:27:EB:6F:ED:ED,-58, WPA ,0.000000,0.000000,0.000,0.000,AP
2026-03-27 14:12:01,1900-01-00 00:00:00,0999-wombat,B8:27:EB:6F:ED:ED,-31, WPA ,0.000000,0.000000,0.000,0.000,AP
2026-03-27 14:12:01,1900-01-00 00:00:00,0999-wombat,B8:27:EB:6F:ED:ED,-31, WPA ,0.000000,0.000000,0.000,0.000,AP
2026-03-27 14:12:01,1900-01-00 00:00:00,0999-wombat,B8:27:EB:6F:ED:ED,-31, WPA ,0.000000,0.000000,0.000,0.000,AP
2026-03-27 14:12:01,1900-01-00 00:00:00,0999-wombat,B8:27:EB:6F:ED:ED,-31, WPA ,0.000000,0.000000,0.000,0.000,AP
2026-03-27 14:12:01,1900-01-00 00:00:00,0999-wombat,B8:27:EB:6F:ED:ED,-31, WPA ,0.000000,0.000000,0.000,0.000,AP
2026-03-27 14:12:01,1900-01-00 00:00:00,0999-wombat,B8:27:EB:6F:ED:ED,-31, WPA ,0.000000,0.000000,0.000,0.000,AP
2026-03-27 14:12:01,1900-01-00 00:00:00,0999-wombat,B8:27:EB:6F:ED:ED,-31, WPA ,0.000000,0.000000,0.000,0.000,AP
2026-03-27 14:12:01,1900-01-00 00:00:00,0999-wombat,B8:27:EB:6F:ED:ED,-31, WPA ,0.000000,0.000000,0.000,0.000,AP
2026-03-27 14:12:01,1900-01-00 00:00:00,0999-wombat,B8:27:EB:6F:ED:ED,-31, WPA ,0.000000,0.000000,0.000,0.000,AP
2026-03-27 14:12:01,1900-01-00 00:00:00,0999-wombat,B8:27:EB:6F:ED:ED,-31, WPA ,0.000000,0.000000,0.000,0.000,AP
2026-03-27 14:12:01,1900-01-00 00:00:00,0999-wombat,B8:27:EB:6F:ED:ED,-31, WPA ,0.000000,0.000000,0.000,0.000,AP
2026-03-27 14:12:01,1900-01-00 00:00:00,0999-wombat,B8:27:EB:6F:ED:ED,-31, WPA ,0.000000,0.000000,0.000,0.000,AP
2026-03-27 14:12:01,1900-01-00 00:00:00,0999-wombat,B8:27:EB:6F:ED:ED,-31, WPA ,0.000000,0.000000,0.000,0.000,AP
2026-03-27 14:12:01,1900-01-00 00:00:00,0999-wombat,B8:27:EB:6F:ED:ED,-31, WPA ,0.000000,0.000000,0.000,0.000,AP
2026-03-27 14:12:01,1900-01-00 00:00:00,0999-wombat,B8:27:EB:6F:ED:ED,-31, WPA ,0.000000,0.000000,0.000,0.000,AP
2026-03-27 14:12:01,1900-01-00 00:00:00,0999-wombat,B8:27:EB:6F:ED:ED,-31, WPA ,0.000000,0.000000,0.000,0.000,AP
2026-03-27 14:12:01,1900-01-00 00:00:00,0999-wombat,B8:27:EB:6F:ED:ED,-70, WPA ,0.000000,0.000000,0.000,0.000,AP
2026-03-27 14:12:01,1900-01-00 00:00:00,0999-wombat,B8:27:EB:6F:ED:ED,-70, WPA ,0.000000,0.000000,0.000,0.000,AP
2026-03-27 14:12:01,1900-01-00 00:00:00,0999-wombat,B8:27:EB:6F:ED:ED,-70, WPA ,0.000000,0.000000,0.000,0.000,AP
2026-03-27 14:12:01,1900-01-00 00:00:00,0999-wombat,B8:27:EB:6F:ED:ED,-70, WPA ,0.000000,0.000000,0.000,0.000,AP
2026-03-27 14:12:01,1900-01-00 00:00:00,0999-wombat,B8:27:EB:6F:ED:ED,-70, WPA ,0.000000,0.000000,0.000,0.000,AP
2026-03-27 14:12:01,1900-01-00 00:00:00,0999-wombat,B8:27:EB:6F:ED:ED,-70, WPA ,0.000000,0.000000,0.000,0.000,AP
2026-03-27 14:12:01,1900-01-00 00:00:00,0999-wombat,B8:27:EB:6F:ED:ED,-70, WPA ,0.000000,0.000000,0.000,0.000,AP
2026-03-27 14:12:01,1900-01-00 00:00:00,0999-wombat,B8:27:EB:6F:ED:ED,-70, WPA ,0.000000,0.000000,0.000,0.000,AP
2026-03-27 14:12:01,1900-01-00 00:00:00,0999-wombat,B8:27:EB:6F:ED:ED,-70, WPA ,0.000000,0.000000,0.000,0.000,AP
2026-03-27 14:12:01,1900-01-00 00:00:00,0999-wombat,B8:27:EB:6F:ED:ED,-70, WPA ,0.000000,0.000000,0.000,0.000,AP
2026-03-27 14:12:01,1900-01-00 00:00:00,0999-wombat,B8:27:EB:6F:ED:ED,-70, WPA ,0.000000,0.000000,0.000,0.000,AP
2026-03-27 14:12:01,1900-01-00 00:00:00,0999-wombat,B8:27:EB:6F:ED:ED,-70, WPA ,0.000000,0.000000,0.000,0.000,AP
2026-03-27 14:12:01,1900-01-00 00:00:00,0999-wombat,B8:27:EB:6F:ED:ED,-70, WPA ,0.000000,0.000000,0.000,0.000,AP
2026-03-27 14:12:01,1900-01-00 00:00:00,0999-wombat,B8:27:EB:6F:ED:ED,-70, WPA ,0.000000,0.000000,0.000,0.000,AP
2026-03-27 14:12:01,1900-01-00 00:00:00,0999-wombat,B8:27:EB:6F:ED:ED,-70, WPA ,0.000000,0.000000,0.000,0.000,AP
2026-03-27 14:12:01,1900-01-00 00:00:00,0999-wombat,B8:27:EB:6F:ED:ED,-70, WPA ,0.000000,0.000000,0.000,0.000,AP
2026-03-27 14:12:01,1900-01-00 00:00:00,0999-wombat,B8:27:EB:6F:ED:ED,-70, WPA ,0.000000,0.000000,0.000,0.000,AP
2026-03-27 14:12:01,1900-01-00 00:00:00,0999-wombat,B8:27:EB:6F:ED:ED,-70, WPA ,0.000000,0.000000,0.000,0.000,AP
2026-03-27 14:12:01,1900-01-00 00:00:00,0999-wombat,B8:27:EB:6F:ED:ED,-70, WPA ,0.000000,0.000000,0.000,0.000,AP
2026-03-27 14:12:01,1900-01-00 00:00:00,0999-wombat,B8:27:EB:6F:ED:ED,-70, WPA ,0.000000,0.000000,0.000,0.000,AP
2026-03-27 14:12:01,1900-01-00 00:00:00,0999-wombat,B8:27:EB:6F:ED:ED,-70, WPA ,0.000000,0.000000,0.000,0.000,AP
2026-03-27 14:12:01,1900-01-00 00:00:00,0999-wombat,B8:27:EB:6F:ED:ED,-70, WPA ,0.000000,0.000000,0.000,0.000,AP
2026-03-27 14:12:01,1900-01-00 00:00:00,0999-wombat,B8:27:EB:6F:ED:ED,-70, WPA ,0.000000,0.000000,0.000,0.000,AP
2026-03-27 14:12:01,1900-01-00 00:00:00,0999-wombat,B8:27:EB:6F:ED:ED,-70, WPA ,0.000000,0.000000,0.000,0.000,AP
2026-03-27 14:12:01,1900-01-00 00:00:00,0999-wombat,B8:27:EB:6F:ED:ED,-70, WPA ,0.000000,0.000000,0.000,0.000,AP
2026-03-27 14:12:01,1900-01-00 00:00:00,0999-wombat,B8:27:EB:6F:ED:ED,-70, WPA ,0.000000,0.000000,0.000,0.000,AP
2026-03-27 14:12:01,1900-01-00 00:00:00,0999-wombat,B8:27:EB:6F:ED:ED,-70, WPA ,0.000000,0.000000,0.000,0.000,AP
2026-03-27 14:12:01,1900-01-00 00:00:00,0999-wombat,B8:27:EB:6F:ED:ED,-70, WPA ,0.000000,0.000000,0.000,0.000,AP
2026-03-27 14:12:01,1900-01-00 00:00:00,0999-wombat,B8:27:EB:6F:ED:ED,-70, WPA ,0.000000,0.000000,0.000,0.000,AP
2026-03-27 14:12:01,1900-01-00 00:00:00,0999-wombat,B8:27:EB:6F:ED:ED,-70, WPA ,0.000000,0.000000,0.000,0.000,AP
2026-03-27 14:12:01,1900-01-00 00:00:00,0999-wombat,B8:27:EB:6F:ED:ED,-70, WPA ,0.000000,0.000000,0.000,0.000,AP
2026-03-27 14:12:01,1900-01-00 00:00:00,0999-wombat,B8:27:EB:6F:ED:ED,-70, WPA ,0.000000,0.000000,0.000,0.000,AP
2026-03-27 14:12:01,1900-01-00 00:00:00,0999-wombat,B8:27:EB:6F:ED:ED,-70, WPA ,0.000000,0.000000,0.000,0.000,AP
2026-03-27 14:12:01,1900-01-00 00:00:00,0999-wombat,B8:27:EB:6F:ED:ED,-70, WPA ,0.000000,0.000000,0.000,0.000,AP
2026-03-27 14:12:01,1900-01-00 00:00:00,0999-wombat,B8:27:EB:6F:ED:ED,-70, WPA ,0.000000,0.000000,0.000,0.000,AP
2026-03-27 14:12:01,1900-01-00 00:00:00,0999-wombat,B8:27:EB:6F:ED:ED,-70, WPA ,0.000000,0.000000,0.000,0.000,AP
2026-03-27 14:12:01,1900-01-00 00:00:00,0999-wombat,B8:27:EB:6F:ED:ED,-70, WPA ,0.000000,0.000000,0.000,0.000,AP
2026-03-27 14:12:01,1900-01-00 00:00:00,0999-wombat,B8:27:EB:6F:ED:ED,-70, WPA ,0.000000,0.000000,0.000,0.000,AP
2026-03-27 14:12:01,1900-01-00 00:00:00,0999-wombat,B8:27:EB:6F:ED:ED,-70, WPA ,0.000000,0.000000,0.000,0.000,AP
2026-03-27 14:12:01,1900-01-00 00:00:00,0999-wombat,B8:27:EB:6F:ED:ED,-70, WPA ,0.000000,0.000000,0.000,0.000,AP
2026-03-27 14:12:01,1900-01-00 00:00:00,0999-wombat,B8:27:EB:6F:ED:ED,-70, WPA ,0.000000,0.000000,0.000,0.000,AP
2026-03-27 14:12:01,1900-01-00 00:00:00,0999-wombat,B8:27:EB:6F:ED:ED,-70, WPA ,0.000000,0.000000,0.000,0.000,AP
2026-03-27 14:12:01,1900-01-00 00:00:00,0999-wombat,B8:27:EB:6F:ED:ED,-70, WPA ,0.000000,0.000000,0.000,0.000,AP
2026-03-27 14:12:01,1900-01-00 00:00:00,0999-wombat,B8:27:EB:6F:ED:ED,-70, WPA ,0.000000,0.000000,0.000,0.000,AP
2026-03-27 14:12:01,1900-01-00 00:00:00,0999-wombat,B8:27:EB:6F:ED:ED,-70, WPA ,0.000000,0.000000,0.000,0.000,AP
2026-03-27 14:12:01,1900-01-00 00:00:00,0999-wombat,B8:27:EB:6F:ED:ED,-70, WPA ,0.000000,0.000000,0.000,0.000,AP
2026-03-27 14:12:01,1900-01-00 00:00:00,0999-wombat,B8:27:EB:6F:ED:ED,-70, WPA ,0.000000,0.000000,0.000,0.000,AP
2026-03-27 14:12:01,1900-01-00 00:00:00,0999-wombat,B8:27:EB:6F:ED:ED,-70, WPA ,0.000000,0.000000,0.000,0.000,AP
2026-03-27 14:12:01,1900-01-00 00:00:00,0999-wombat,B8:27:EB:6F:ED:ED,-70, WPA ,0.000000,0.000000,0.000,0.000,AP
2026-03-27 14:12:01,1900-01-00 00:00:00,0999-wombat,B8:27:EB:6F:ED:ED,-70, WPA ,0.000000,0.000000,0.000,0.000,AP
2026-03-27 14:12:01,1900-01-00 00:00:00,0999-wombat,B8:27:EB:6F:ED:ED,-70, WPA ,0.000000,0.000000,0.000,0.000,AP
2026-03-27 14:12:01,1900-01-00 00:00:00,0999-wombat,B8:27:EB:6F:ED:ED,-70, WPA ,0.000000,0.000000,0.000,0.000,AP
2026-03-27 14:12:01,1900-01-00 00:00:00,0999-wombat,B8:27:EB:6F:ED:ED,-70, WPA ,0.000000,0.000000,0.000,0.000,AP
2026-03-27 14:12:01,1900-01-00 00:00:00,0999-wombat,B8:27:EB:6F:ED:ED,-70, WPA ,0.000000,0.000000,0.000,0.000,AP
2026-03-27 14:12:01,1900-01-00 00:00:00,0999-wombat,B8:27:EB:6F:ED:ED,-70, WPA ,0.000000,0.000000,0.000,0.000,AP
2026-03-27 14:12:01,1900-01-00 00:00:00,0999-wombat,B8:27:EB:6F:ED:ED,-70, WPA ,0.000000,0.000000,0.000,0.000,AP
2026-03-27 14:12:01,1900-01-00 00:00:00,0999-wombat,B8:27:EB:6F:ED:ED,-70, WPA ,0.000000,0.000000,0.000,0.000,AP
2026-03-27 14:12:01,1900-01-00 00:00:00,0999-wombat,B8:27:EB:6F:ED:ED,-70, WPA ,0.000000,0.000000,0.000,0.000,AP
2026-03-27 14:12:01,1900-01-00 00:00:00,0999-wombat,B8:27:EB:6F:ED:ED,-80, WPA ,0.000000,0.000000,0.000,0.000,AP
2026-03-27 14:12:01,1900-01-00 00:00:00,0999-wombat,B8:27:EB:6F:ED:ED,-80, WPA ,0.000000,0.000000,0.000,0.000,AP
2026-03-27 14:12:01,1900-01-00 00:00:00,0999-wombat,B8:27:EB:6F:ED:ED,-80, WPA ,0.000000,0.000000,0.000,0.000,AP
2026-03-27 14:12:01,1900-01-00 00:00:00,0999-wombat,B8:27:EB:6F:ED:ED,-80, WPA ,0.000000,0.000000,0.000,0.000,AP
2026-03-27 14:12:01,1900-01-00 00:00:00,0999-wombat,B8:27:EB:6F:ED:ED,-80, WPA ,0.000000,0.000000,0.000,0.000,AP
2026-03-27 14:12:01,1900-01-00 00:00:00,0999-wombat,B8:27:EB:6F:ED:ED,-80, WPA ,0.000000,0.000000,0.000,0.000,AP
2026-03-27 14:12:01,1900-01-00 00:00:00,0999-wombat,B8:27:EB:6F:ED:ED,-80, WPA ,0.000000,0.000000,0.000,0.000,AP
2026-03-27 14:12:01,1900-01-00 00:00:00,0999-wombat,B8:27:EB:6F:ED:ED,-80, WPA ,0.000000,0.000000,0.000,0.000,AP
2026-03-27 14:12:01,1900-01-00 00:00:00,0999-wombat,B8:27:EB:6F:ED:ED,-80, WPA ,0.000000,0.000000,0.000,0.000,AP
2026-03-27 14:12:01,1900-01-00 00:00:00,0999-wombat,B8:27:EB:6F:ED:ED,-58, WPA ,0.000000,0.000000,0.000,0.000,AP
2026-03-27 14:12:01,1900-01-00 00:00:00,0999-wombat,B8:27:EB:6F:ED:ED,-58, WPA ,0.000000,0.000000,0.000,0.000,AP
2026-03-27 14:12:01,1900-01-00 00:00:00,0999-wombat,B8:27:EB:6F:ED:ED,-58, WPA ,0.000000,0.000000,0.000,0.000,AP
2026-03-27 14:12:01,1900-01-00 00:00:00,0999-wombat,B8:27:EB:6F:ED:ED,-58, WPA ,0.000000,0.000000,0.000,0.000,AP
2026-03-27 14:12:01,1900-01-00 00:00:00,0999-wombat,B8:27:EB:6F:ED:ED,-58, WPA ,0.000000,0.000000,0.000,0.000,AP
2026-03-27 14:12:01,1900-01-00 00:00:00,0999-wombat,B8:27:EB:6F:ED:ED,-58, WPA ,0.000000,0.000000,0.000,0.000,AP
2026-03-27 14:12:01,1900-01-00 00:00:00,0999-wombat,B8:27:EB:6F:ED:ED,-58, WPA ,0.000000,0.000000,0.000,0.000,AP
2026-03-27 14:12:01,1900-01-00 00:00:00,0999-wombat,B8:27:EB:6F:ED:ED,-58, WPA ,0.000000,0.000000,0.000,0.000,AP
2026-03-27 14:12:01,1900-01-00 00:00:00,0999-wombat,B8:27:EB:6F:ED:ED,-58, WPA ,0.000000,0.000000,0.000,0.000,AP
2026-03-27 14:12:01,1900-01-00 00:00:00,0999-wombat,B8:27:EB:6F:ED:ED,-58, WPA ,0.000000,0.000000,0.000,0.000,AP
2026-03-27 14:12:01,1900-01-00 00:00:00,0999-wombat,B8:27:EB:6F:ED:ED,-58, WPA ,0.000000,0.000000,0.000,0.000,AP
2026-03-27 14:12:01,1900-01-00 00:00:00,0999-wombat,B8:27:EB:6F:ED:ED,-58, WPA ,0.000000,0.000000,0.000,0.000,AP
2026-03-27 14:12:01,1900-01-00 00:00:00,0999-wombat,B8:27:EB:6F:ED:ED,-58, WPA ,0.000000,0.000000,0.000,0.000,AP
2026-03-27 14:12:01,1900-01-00 00:00:00,0999-wombat,B8:27:EB:6F:ED:ED,-58, WPA ,0.000000,0.000000,0.000,0.000,AP
2026-03-27 14:12:01,1900-01-00 00:00:00,0999-wombat,B8:27:EB:6F:ED:ED,-58, WPA ,0.000000,0.000000,0.000,0.000,AP
2026-03-27 14:12:01,1900-01-00 00:00:00,0999-wombat,B8:27:EB:6F:ED:ED,-58, WPA ,0.000000,0.000000,0.000,0.000,AP
2026-03-27 14:12:01,1900-01-00 00:00:00,0999-wombat,B8:27:EB:6F:ED:ED,-31, WPA ,0.000000,0.000000,0.000,0.000,AP
2026-03-27 14:12:01,1900-01-00 00:00:00,0999-wombat,B8:27:EB:6F:ED:ED,-31, WPA ,0.000000,0.000000,0.000,0.000,AP
2026-03-27 14:12:01,1900-01-00 00:00:00,0999-wombat,B8:27:EB:6F:ED:ED,-31, WPA ,0.000000,0.000000,0.000,0.000,AP
2026-03-27 14:12:01,1900-01-00 00:00:00,0999-wombat,B8:27:EB:6F:ED:ED,-31, WPA ,0.000000,0.000000,0.000,0.000,AP
2026-03-27 14:12:01,1900-01-00 00:00:00,0999-wombat,B8:27:EB:6F:ED:ED,-31, WPA ,0.000000,0.000000,0.000,0.000,AP
2026-03-27 14:12:01,1900-01-00 00:00:00,0999-wombat,B8:27:EB:6F:ED:ED,-31, WPA ,0.000000,0.000000,0.000,0.000,AP
2026-03-27 14:12:01,1900-01-00 00:00:00,0999-wombat,B8:27:EB:6F:ED:ED,-31, WPA ,0.000000,0.000000,0.000,0.000,AP
2026-03-27 14:12:01,1900-01-00 00:00:00,0999-wombat,B8:27:EB:6F:ED:ED,-31, WPA ,0.000000,0.000000,0.000,0.000,AP
2026-03-27 14:12:01,1900-01-00 00:00:00,0999-wombat,B8:27:EB:6F:ED:ED,-31, WPA ,0.000000,0.000000,0.000,0.000,AP
2026-03-27 14:12:01,1900-01-00 00:00:00,0999-wombat,B8:27:EB:6F:ED:ED,-31, WPA ,0.000000,0.000000,0.000,0.000,AP
2026-03-27 14:12:01,1900-01-00 00:00:00,0999-wombat,B8:27:EB:6F:ED:ED,-31, WPA ,0.000000,0.000000,0.000,0.000,AP
2026-03-27 14:12:01,1900-01-00 00:00:00,0999-wombat,B8:27:EB:6F:ED:ED,-31, WPA ,0.000000,0.000000,0.000,0.000,AP
2026-03-27 14:12:01,1900-01-00 00:00:00,0999-wombat,B8:27:EB:6F:ED:ED,-69, WPA ,0.000000,0.000000,0.000,0.000,AP
2026-03-27 14:12:01,1900-01-00 00:00:00,0999-wombat,B8:27:EB:6F:ED:ED,-69, WPA ,0.000000,0.000000,0.000,0.000,AP
2026-03-27 14:12:01,1900-01-00 00:00:00,0999-wombat,B8:27:EB:6F:ED:ED,-69, WPA ,0.000000,0.000000,0.000,0.000,AP
2026-03-27 14:12:01,1900-01-00 00:00:00,0999-wombat,B8:27:EB:6F:ED:ED,-69, WPA ,0.000000,0.000000,0.000,0.000,AP
2026-03-27 14:12:01,1900-01-00 00:00:00,0999-wombat,B8:27:EB:6F:ED:ED,-69, WPA ,0.000000,0.000000,0.000,0.000,AP
2026-03-27 14:12:01,1900-01-00 00:00:00,0999-wombat,B8:27:EB:6F:ED:ED,-69, WPA ,0.000000,0.000000,0.000,0.000,AP
2026-03-27 14:12:01,1900-01-00 00:00:00,0999-wombat,B8:27:EB:6F:ED:ED,-69, WPA ,0.000000,0.000000,0.000,0.000,AP
2026-03-27 14:12:01,1900-01-00 00:00:00,0999-wombat,B8:27:EB:6F:ED:ED,-69, WPA ,0.000000,0.000000,0.000,0.000,AP
2026-03-27 14:12:01,1900-01-00 00:00:00,0999-wombat,B8:27:EB:6F:ED:ED,-69, WPA ,0.000000,0.000000,0.000,0.000,AP
2026-03-27 14:12:01,1900-01-00 00:00:00,0999-wombat,B8:27:EB:6F:ED:ED,-69, WPA ,0.000000,0.000000,0.000,0.000,AP
2026-03-27 14:12:01,1900-01-00 00:00:00,0999-wombat,B8:27:EB:6F:ED:ED,-69, WPA ,0.000000,0.000000,0.000,0.000,AP
2026-03-27 14:12:01,1900-01-00 00:00:00,0999-wombat,B8:27:EB:6F:ED:ED,-69, WPA ,0.000000,0.000000,0.000,0.000,AP
2026-03-27 14:12:01,1900-01-00 00:00:00,0999-wombat,B8:27:EB:6F:ED:ED,-69, WPA ,0.000000,0.000000,0.000,0.000,AP
2026-03-27 14:12:01,1900-01-00 00:00:00,0999-wombat,B8:27:EB:6F:ED:ED,-69, WPA ,0.000000,0.000000,0.000,0.000,AP
2026-03-27 14:12:01,1900-01-00 00:00:00,0999-wombat,B8:27:EB:6F:ED:ED,-69, WPA ,0.000000,0.000000,0.000,0.000,AP
2026-03-27 14:12:01,1900-01-00 00:00:00,0999-wombat,B8:27:EB:6F:ED:ED,-69, WPA ,0.000000,0.000000,0.000,0.000,AP
2026-03-27 14:12:01,1900-01-00 00:00:00,0999-wombat,B8:27:EB:6F:ED:ED,-69, WPA ,0.000000,0.000000,0.000,0.000,AP
2026-03-27 14:12:01,1900-01-00 00:00:00,0999-wombat,B8:27:EB:6F:ED:ED,-69, WPA ,0.000000,0.000000,0.000,0.000,AP
2026-03-27 14:12:01,1900-01-00 00:00:00,0999-wombat,B8:27:EB:6F:ED:ED,-69, WPA ,0.000000,0.000000,0.000,0.000,AP
2026-03-27 14:12:01,1900-01-00 00:00:00,0999-wombat,B8:27:EB:6F:ED:ED,-69, WPA ,0.000000,0.000000,0.000,0.000,AP
2026-03-27 14:12:01,1900-01-00 00:00:00,0999-wombat,B8:27:EB:6F:ED:ED,-69, WPA ,0.000000,0.000000,0.000,0.000,AP
2026-03-27 14:12:01,1900-01-00 00:00:00,0999-wombat,B8:27:EB:6F:ED:ED,-69, WPA ,0.000000,0.000000,0.000,0.000,AP
2026-03-27 14:12:01,1900-01-00 00:00:00,0999-wombat,B8:27:EB:6F:ED:ED,-69, WPA ,0.000000,0.000000,0.000,0.000,AP
2026-03-27 14:12:01,1900-01-00 00:00:00,0999-wombat,B8:27:EB:6F:ED:ED,-69, WPA ,0.000000,0.000000,0.000,0.000,AP
2026-03-27 14:12:01,1900-01-00 00:00:00,0999-wombat,B8:27:EB:6F:ED:ED,-69, WPA ,0.000000,0.000000,0.000,0.000,AP
2026-03-27 14:12:01,1900-01-00 00:00:00,0999-wombat,B8:27:EB:6F:ED:ED,-69, WPA ,0.000000,0.000000,0.000,0.000,AP
2026-03-27 14:12:01,1900-01-00 00:00:00,0999-wombat,B8:27:EB:6F:ED:ED,-69, WPA ,0.000000,0.000000,0.000,0.000,AP
2026-03-27 14:12:01,1900-01-00 00:00:00,0999-wombat,B8:27:EB:6F:ED:ED,-69, WPA ,0.000000,0.000000,0.000,0.000,AP
2026-03-27 14:12:01,1900-01-00 00:00:00,0999-wombat,B8:27:EB:6F:ED:ED,-69, WPA ,0.000000,0.000000,0.000,0.000,AP
2026-03-27 14:12:01,1900-01-00 00:00:00,0999-wombat,B8:27:EB:6F:ED:ED,-69, WPA ,0.000000,0.000000,0.000,0.000,AP
2026-03-27 14:12:01,1900-01-00 00:00:00,0999-wombat,B8:27:EB:6F:ED:ED,-69, WPA ,0.000000,0.000000,0.000,0.000,AP
2026-03-27 14:12:01,1900-01-00 00:00:00,0999-wombat,B8:27:EB:6F:ED:ED,-69, WPA ,0.000000,0.000000,0.000,0.000,AP
2026-03-27 14:12:01,1900-01-00 00:00:00,0999-wombat,B8:27:EB:6F:ED:ED,-69, WPA ,0.000000,0.000000,0.000,0.000,AP
2026-03-27 14:12:01,1900-01-00 00:00:00,0999-wombat,B8:27:EB:6F:ED:ED,-69, WPA ,0.000000,0.000000,0.000,0.000,AP
2026-03-27 14:12:01,1900-01-00 00:00:00,0999-wombat,B8:27:EB:6F:ED:ED,-69, WPA ,0.000000,0.000000,0.000,0.000,AP
2026-03-27 14:12:01,1900-01-00 00:00:00,0999-wombat,B8:27:EB:6F:ED:ED,-69, WPA ,0.000000,0.000000,0.000,0.000,AP
2026-03-27 14:12:01,1900-01-00 00:00:00,0999-wombat,B8:27:EB:6F:ED:ED,-69, WPA ,0.000000,0.000000,0.000,0.000,AP
2026-03-27 14:12:01,1900-01-00 00:00:00,0999-wombat,B8:27:EB:6F:ED:ED,-69, WPA ,0.000000,0.000000,0.000,0.000,AP
2026-03-27 14:12:01,1900-01-00 00:00:00,0999-wombat,B8:27:EB:6F:ED:ED,-31, WPA ,0.000000,0.000000,0.000,0.000,AP
2026-03-27 14:12:01,1900-01-00 00:00:00,0999-wombat,B8:27:EB:6F:ED:ED,-31, WPA ,0.000000,0.000000,0.000,0.000,AP
2026-03-27 14:12:01,1900-01-00 00:00:00,0999-wombat,B8:27:EB:6F:ED:ED,-68, WPA ,0.000000,0.000000,0.000,0.000,AP
2026-03-27 14:12:01,1900-01-00 00:00:00,0999-wombat,B8:27:EB:6F:ED:ED,-68, WPA ,0.000000,0.000000,0.000,0.000,AP
2026-03-27 14:12:01,1900-01-00 00:00:00,0999-wombat,B8:27:EB:6F:ED:ED,-68, WPA ,0.000000,0.000000,0.000,0.000,AP
2026-03-27 14:12:01,1900-01-00 00:00:00,0999-wombat,B8:27:EB:6F:ED:ED,-68, WPA ,0.000000,0.000000,0.000,0.000,AP
2026-03-27 14:12:01,1900-01-00 00:00:00,0999-wombat,B8:27:EB:6F:ED:ED,-68, WPA ,0.000000,0.000000,0.000,0.000,AP
2026-03-27 14:12:01,1900-01-00 00:00:00,0999-wombat,B8:27:EB:6F:ED:ED,-68, WPA ,0.000000,0.000000,0.000,0.000,AP
2026-03-27 14:12:01,1900-01-00 00:00:00,0999-wombat,B8:27:EB:6F:ED:ED,-68, WPA ,0.000000,0.000000,0.000,0.000,AP
2026-03-27 14:12:01,1900-01-00 00:00:00,0999-wombat,B8:27:EB:6F:ED:ED,-68, WPA ,0.000000,0.000000,0.000,0.000,AP
2026-03-27 14:12:01,1900-01-00 00:00:00,0999-wombat,B8:27:EB:6F:ED:ED,-68, WPA ,0.000000,0.000000,0.000,0.000,AP
2026-03-27 14:12:01,1900-01-00 00:00:00,0999-wombat,B8:27:EB:6F:ED:ED,-68, WPA ,0.000000,0.000000,0.000,0.000,AP
2026-03-27 14:12:01,1900-01-00 00:00:00,0999-wombat,B8:27:EB:6F:ED:ED,-68, WPA ,0.000000,0.000000,0.000,0.000,AP
2026-03-27 14:12:01,1900-01-00 00:00:00,0999-wombat,B8:27:EB:6F:ED:ED,-68, WPA ,0.000000,0.000000,0.000,0.000,AP
2026-03-27 14:12:01,1900-01-00 00:00:00,0999-wombat,B8:27:EB:6F:ED:ED,-68, WPA ,0.000000,0.000000,0.000,0.000,AP
2026-03-27 14:12:01,1900-01-00 00:00:00,0999-wombat,B8:27:EB:6F:ED:ED,-68, WPA ,0.000000,0.000000,0.000,0.000,AP
2026-03-27 14:12:01,1900-01-00 00:00:00,0999-wombat,B8:27:EB:6F:ED:ED,-68, WPA ,0.000000,0.000000,0.000,0.000,AP
2026-03-27 14:12:01,1900-01-00 00:00:00,0999-wombat,B8:27:EB:6F:ED:ED,-68, WPA ,0.000000,0.000000,0.000,0.000,AP
2026-03-27 14:12:01,1900-01-00 00:00:00,0999-wombat,B8:27:EB:6F:ED:ED,-68, WPA ,0.000000,0.000000,0.000,0.000,AP
2026-03-27 14:12:01,1900-01-00 00:00:00,0999-wombat,B8:27:EB:6F:ED:ED,-68, WPA ,0.000000,0.000000,0.000,0.000,AP
2026-03-27 14:12:01,1900-01-00 00:00:00,0999-wombat,B8:27:EB:6F:ED:ED,-68, WPA ,0.000000,0.000000,0.000,0.000,AP
2026-03-27 14:12:01,1900-01-00 00:00:00,0999-wombat,B8:27:EB:6F:ED:ED,-68, WPA ,0.000000,0.000000,0.000,0.000,AP
2026-03-27 14:12:01,1900-01-00 00:00:00,0999-wombat,B8:27:EB:6F:ED:ED,-68, WPA ,0.000000,0.000000,0.000,0.000,AP
2026-03-27 14:12:01,1900-01-00 00:00:00,0999-wombat,B8:27:EB:6F:ED:ED,-68, WPA ,0.000000,0.000000,0.000,0.000,AP
2026-03-27 14:12:01,1900-01-00 00:00:00,0999-wombat,B8:27:EB:6F:ED:ED,-68, WPA ,0.000000,0.000000,0.000,0.000,AP
2026-03-27 14:12:01,1900-01-00 00:00:00,0999-wombat,B8:27:EB:6F:ED:ED,-68, WPA ,0.000000,0.000000,0.000,0.000,AP
2026-03-27 14:12:01,1900-01-00 00:00:00,0999-wombat,B8:27:EB:6F:ED:ED,-68, WPA ,0.000000,0.000000,0.000,0.000,AP
2026-03-27 14:12:01,1900-01-00 00:00:00,0999-wombat,B8:27:EB:6F:ED:ED,-68, WPA ,0.000000,0.000000,0.000,0.000,AP
2026-03-27 14:12:01,1900-01-00 00:00:00,0999-wombat,B8:27:EB:6F:ED:ED,-68, WPA ,0.000000,0.000000,0.000,0.000,AP
2026-03-27 14:12:01,1900-01-00 00:00:00,0999-wombat,B8:27:EB:6F:ED:ED,-68, WPA ,0.000000,0.000000,0.000,0.000,AP
2026-03-27 14:12:01,1900-01-00 00:00:00,0999-wombat,B8:27:EB:6F:ED:ED,-68, WPA ,0.000000,0.000000,0.000,0.000,AP
2026-03-27 14:12:01,1900-01-00 00:00:00,0999-wombat,B8:27:EB:6F:ED:ED,-68, WPA ,0.000000,0.000000,0.000,0.000,AP
2026-03-27 14:12:01,1900-01-00 00:00:00,0999-wombat,B8:27:EB:6F:ED:ED,-68, WPA ,0.000000,0.000000,0.000,0.000,AP
2026-03-27 14:12:01,1900-01-00 00:00:00,0999-wombat,B8:27:EB:6F:ED:ED,-68, WPA ,0.000000,0.000000,0.000,0.000,AP
2026-03-27 14:12:01,1900-01-00 00:00:00,0999-wombat,B8:27:EB:6F:ED:ED,-68, WPA ,0.000000,0.000000,0.000,0.000,AP
2026-03-27 14:12:01,1900-01-00 00:00:00,0999-wombat,B8:27:EB:6F:ED:ED,-68, WPA ,0.000000,0.000000,0.000,0.000,AP
2026-03-27 14:12:01,1900-01-00 00:00:00,0999-wombat,B8:27:EB:6F:ED:ED,-68, WPA ,0.000000,0.000000,0.000,0.000,AP
2026-03-27 14:12:01,1900-01-00 00:00:00,0999-wombat,B8:27:EB:6F:ED:ED,-68, WPA ,0.000000,0.000000,0.000,0.000,AP
2026-03-27 14:12:01,1900-01-00 00:00:00,0999-wombat,B8:27:EB:6F:ED:ED,-68, WPA ,0.000000,0.000000,0.000,0.000,AP
2026-03-27 14:12:01,1900-01-00 00:00:00,0999-wombat,B8:27:EB:6F:ED:ED,-68, WPA ,0.000000,0.000000,0.000,0.000,AP
2026-03-27 14:12:01,1900-01-00 00:00:00,0999-wombat,B8:27:EB:6F:ED:ED,-68, WPA ,0.000000,0.000000,0.000,0.000,AP
2026-03-27 14:12:01,1900-01-00 00:00:00,0999-wombat,B8:27:EB:6F:ED:ED,-68, WPA ,0.000000,0.000000,0.000,0.000,AP
2026-03-27 14:12:01,1900-01-00 00:00:00,0999-wombat,B8:27:EB:6F:ED:ED,-68, WPA ,0.000000,0.000000,0.000,0.000,AP
2026-03-27 14:12:01,1900-01-00 00:00:00,0999-wombat,B8:27:EB:6F:ED:ED,-68, WPA ,0.000000,0.000000,0.000,0.000,AP
2026-03-27 14:12:01,1900-01-00 00:00:00,0999-wombat,B8:27:EB:6F:ED:ED,-68, WPA ,0.000000,0.000000,0.000,0.000,AP
2026-03-27 14:12:01,1900-01-00 00:00:00,0999-wombat,B8:27:EB:6F:ED:ED,-68, WPA ,0.000000,0.000000,0.000,0.000,AP
2026-03-27 14:12:01,1900-01-00 00:00:00,0999-wombat,B8:27:EB:6F:ED:ED,-68, WPA ,0.000000,0.000000,0.000,0.000,AP
2026-03-27 14:12:01,1900-01-00 00:00:00,0999-wombat,B8:27:EB:6F:ED:ED,-68, WPA ,0.000000,0.000000,0.000,0.000,AP
2026-03-27 14:12:01,1900-01-00 00:00:00,0999-wombat,B8:27:EB:6F:ED:ED,-68, WPA ,0.000000,0.000000,0.000,0.000,AP
2026-03-27 14:12:01,1900-01-00 00:00:00,0999-wombat,B8:27:EB:6F:ED:ED,-68, WPA ,0.000000,0.000000,0.000,0.000,AP
2026-03-27 14:12:01,1900-01-00 00:00:00,0999-wombat,B8:27:EB:6F:ED:ED,-68, WPA ,0.000000,0.000000,0.000,0.000,AP
2026-03-27 14:12:01,1900-01-00 00:00:00,0999-wombat,B8:27:EB:6F:ED:ED,-68, WPA ,0.000000,0.000000,0.000,0.000,AP
2026-03-27 14:12:01,1900-01-00 00:00:00,0999-wombat,B8:27:EB:6F:ED:ED,-81, WPA ,0.000000,0.000000,0.000,0.000,AP
2026-03-27 14:12:01,1900-01-00 00:00:00,0999-wombat,B8:27:EB:6F:ED:ED,-81, WPA ,0.000000,0.000000,0.000,0.000,AP
2026-03-27 14:12:01,1900-01-00 00:00:00,0999-wombat,B8:27:EB:6F:ED:ED,-81, WPA ,0.000000,0.000000,0.000,0.000,AP
2026-03-27 14:12:01,1900-01-00 00:00:00,0999-wombat,B8:27:EB:6F:ED:ED,-81, WPA ,0.000000,0.000000,0.000,0.000,AP
2026-03-27 14:12:01,1900-01-00 00:00:00,0999-wombat,B8:27:EB:6F:ED:ED,-81, WPA ,0.000000,0.000000,0.000,0.000,AP
2026-03-27 14:12:01,1900-01-00 00:00:00,0999-wombat,B8:27:EB:6F:ED:ED,-81, WPA ,0.000000,0.000000,0.000,0.000,AP
2026-03-27 14:12:01,1900-01-00 00:00:00,0999-wombat,B8:27:EB:6F:ED:ED,-81, WPA ,0.000000,0.000000,0.000,0.000,AP
2026-03-27 14:12:01,1900-01-00 00:00:00,0999-wombat,B8:27:EB:6F:ED:ED,-54, WPA ,0.000000,0.000000,0.000,0.000,AP
2026-03-27 14:12:01,1900-01-00 00:00:00,0999-wombat,B8:27:EB:6F:ED:ED,-54, WPA ,0.000000,0.000000,0.000,0.000,AP
2026-03-27 14:12:01,1900-01-00 00:00:00,0999-wombat,B8:27:EB:6F:ED:ED,-54, WPA ,0.000000,0.000000,0.000,0.000,AP
2026-03-27 14:12:01,1900-01-00 00:00:00,0999-wombat,B8:27:EB:6F:ED:ED,-54, WPA ,0.000000,0.000000,0.000,0.000,AP
2026-03-27 14:12:01,1900-01-00 00:00:00,0999-wombat,B8:27:EB:6F:ED:ED,-54, WPA ,0.000000,0.000000,0.000,0.000,AP
2026-03-27 14:12:01,1900-01-00 00:00:00,0999-wombat,B8:27:EB:6F:ED:ED,-54, WPA ,0.000000,0.000000,0.000,0.000,AP
2026-03-27 14:12:01,1900-01-00 00:00:00,0999-wombat,B8:27:EB:6F:ED:ED,-54, WPA ,0.000000,0.000000,0.000,0.000,AP
2026-03-27 14:12:01,1900-01-00 00:00:00,0999-wombat,B8:27:EB:6F:ED:ED,-54, WPA ,0.000000,0.000000,0.000,0.000,AP
2026-03-27 14:12:01,1900-01-00 00:00:00,0999-wombat,B8:27:EB:6F:ED:ED,-54, WPA ,0.000000,0.000000,0.000,0.000,AP
2026-03-27 14:12:01,1900-01-00 00:00:00,0999-wombat,B8:27:EB:6F:ED:ED,-54, WPA ,0.000000,0.000000,0.000,0.000,AP
2026-03-27 14:12:01,1900-01-00 00:00:00,0999-wombat,B8:27:EB:6F:ED:ED,-54, WPA ,0.000000,0.000000,0.000,0.000,AP
2026-03-27 14:12:01,1900-01-00 00:00:00,0999-wombat,B8:27:EB:6F:ED:ED,-54, WPA ,0.000000,0.000000,0.000,0.000,AP
2026-03-27 14:12:01,1900-01-00 00:00:00,0999-wombat,B8:27:EB:6F:ED:ED,-54, WPA ,0.000000,0.000000,0.000,0.000,AP
2026-03-27 14:12:01,1900-01-00 00:00:00,0999-wombat,B8:27:EB:6F:ED:ED,-54, WPA ,0.000000,0.000000,0.000,0.000,AP
2026-03-27 14:12:01,1900-01-00 00:00:00,0999-wombat,B8:27:EB:6F:ED:ED,-54, WPA ,0.000000,0.000000,0.000,0.000,AP
2026-03-27 14:12:01,1900-01-00 00:00:00,0999-wombat,B8:27:EB:6F:ED:ED,-54, WPA ,0.000000,0.000000,0.000,0.000,AP
2026-03-27 14:12:01,1900-01-00 00:00:00,0999-wombat,B8:27:EB:6F:ED:ED,-54, WPA ,0.000000,0.000000,0.000,0.000,AP
2026-03-27 14:12:01,1900-01-00 00:00:00,0999-wombat,B8:27:EB:6F:ED:ED,-54, WPA ,0.000000,0.000000,0.000,0.000,AP
2026-03-27 14:12:01,1900-01-00 00:00:00,0999-wombat,B8:27:EB:6F:ED:ED,-54, WPA ,0.000000,0.000000,0.000,0.000,AP
2026-03-27 14:12:01,1900-01-00 00:00:00,0999-wombat,B8:27:EB:6F:ED:ED,-54, WPA ,0.000000,0.000000,0.000,0.000,AP
2026-03-27 14:12:01,1900-01-00 00:00:00,0999-wombat,B8:27:EB:6F:ED:ED,-31, WPA ,0.000000,0.000000,0.000,0.000,AP
2026-03-27 14:12:01,1900-01-00 00:00:00,0999-wombat,B8:27:EB:6F:ED:ED,-31, WPA ,0.000000,0.000000,0.000,0.000,AP
2026-03-27 14:12:01,1900-01-00 00:00:00,0999-wombat,B8:27:EB:6F:ED:ED,-31, WPA ,0.000000,0.000000,0.000,0.000,AP
2026-03-27 14:12:01,1900-01-00 00:00:00,0999-wombat,B8:27:EB:6F:ED:ED,-31, WPA ,0.000000,0.000000,0.000,0.000,AP
2026-03-27 14:12:01,1900-01-00 00:00:00,0999-wombat,B8:27:EB:6F:ED:ED,-31, WPA ,0.000000,0.000000,0.000,0.000,AP
2026-03-27 14:12:01,1900-01-00 00:00:00,0999-wombat,B8:27:EB:6F:ED:ED,-31, WPA ,0.000000,0.000000,0.000,0.000,AP
2026-03-27 14:12:01,1900-01-00 00:00:00,0999-wombat,B8:27:EB:6F:ED:ED,-31, WPA ,0.000000,0.000000,0.000,0.000,AP
2026-03-27 14:12:01,1900-01-00 00:00:00,0999-wombat,B8:27:EB:6F:ED:ED,-31, WPA ,0.000000,0.000000,0.000,0.000,AP
2026-03-27 14:12:01,1900-01-00 00:00:00,0999-wombat,B8:27:EB:6F:ED:ED,-68, WPA ,0.000000,0.000000,0.000,0.000,AP
2026-03-27 14:12:01,1900-01-00 00:00:00,0999-wombat,B8:27:EB:6F:ED:ED,-68, WPA ,0.000000,0.000000,0.000,0.000,AP
2026-03-27 14:12:01,1900-01-00 00:00:00,0999-wombat,B8:27:EB:6F:ED:ED,-68, WPA ,0.000000,0.000000,0.000,0.000,AP
2026-03-27 14:12:01,1900-01-00 00:00:00,0999-wombat,B8:27:EB:6F:ED:ED,-68, WPA ,0.000000,0.000000,0.000,0.000,AP
2026-03-27 14:12:01,1900-01-00 00:00:00,0999-wombat,B8:27:EB:6F:ED:ED,-68, WPA ,0.000000,0.000000,0.000,0.000,AP
2026-03-27 14:12:01,1900-01-00 00:00:00,0999-wombat,B8:27:EB:6F:ED:ED,-68, WPA ,0.000000,0.000000,0.000,0.000,AP
2026-03-27 14:12:01,1900-01-00 00:00:00,0999-wombat,B8:27:EB:6F:ED:ED,-68, WPA ,0.000000,0.000000,0.000,0.000,AP
2026-03-27 14:12:01,1900-01-00 00:00:00,0999-wombat,B8:27:EB:6F:ED:ED,-68, WPA ,0.000000,0.000000,0.000,0.000,AP
2026-03-27 14:12:01,1900-01-00 00:00:00,0999-wombat,B8:27:EB:6F:ED:ED,-68, WPA ,0.000000,0.000000,0.000,0.000,AP
2026-03-27 14:12:01,1900-01-00 00:00:00,0999-wombat,B8:27:EB:6F:ED:ED,-68, WPA ,0.000000,0.000000,0.000,0.000,AP
2026-03-27 14:12:01,1900-01-00 00:00:00,0999-wombat,B8:27:EB:6F:ED:ED,-68, WPA ,0.000000,0.000000,0.000,0.000,AP
2026-03-27 14:12:01,1900-01-00 00:00:00,0999-wombat,B8:27:EB:6F:ED:ED,-68, WPA ,0.000000,0.000000,0.000,0.000,AP
2026-03-27 14:12:01,1900-01-00 00:00:00,0999-wombat,B8:27:EB:6F:ED:ED,-68, WPA ,0.000000,0.000000,0.000,0.000,AP
2026-03-27 14:12:01,1900-01-00 00:00:00,0999-wombat,B8:27:EB:6F:ED:ED,-68, WPA ,0.000000,0.000000,0.000,0.000,AP
2026-03-27 14:12:01,1900-01-00 00:00:00,0999-wombat,B8:27:EB:6F:ED:ED,-68, WPA ,0.000000,0.000000,0.000,0.000,AP
2026-03-27 14:12:01,1900-01-00 00:00:00,0999-wombat,B8:27:EB:6F:ED:ED,-68, WPA ,0.000000,0.000000,0.000,0.000,AP
2026-03-27 14:12:01,1900-01-00 00:00:00,0999-wombat,B8:27:EB:6F:ED:ED,-68, WPA ,0.000000,0.000000,0.000,0.000,AP
2026-03-27 14:12:01,1900-01-00 00:00:00,0999-wombat,B8:27:EB:6F:ED:ED,-68, WPA ,0.000000,0.000000,0.000,0.000,AP
2026-03-27 14:12:01,1900-01-00 00:00:00,0999-wombat,B8:27:EB:6F:ED:ED,-68, WPA ,0.000000,0.000000,0.000,0.000,AP
2026-03-27 14:12:01,1900-01-00 00:00:00,0999-wombat,B8:27:EB:6F:ED:ED,-68, WPA ,0.000000,0.000000,0.000,0.000,AP
2026-03-27 14:12:01,1900-01-00 00:00:00,0999-wombat,B8:27:EB:6F:ED:ED,-68, WPA ,0.000000,0.000000,0.000,0.000,AP
2026-03-27 14:12:01,1900-01-00 00:00:00,0999-wombat,B8:27:EB:6F:ED:ED,-68, WPA ,0.000000,0.000000,0.000,0.000,AP
2026-03-27 14:12:01,1900-01-00 00:00:00,0999-wombat,B8:27:EB:6F:ED:ED,-68, WPA ,0.000000,0.000000,0.000,0.000,AP
2026-03-27 14:12:01,1900-01-00 00:00:00,0999-wombat,B8:27:EB:6F:ED:ED,-68, WPA ,0.000000,0.000000,0.000,0.000,AP
2026-03-27 14:12:01,1900-01-00 00:00:00,0999-wombat,B8:27:EB:6F:ED:ED,-68, WPA ,0.000000,0.000000,0.000,0.000,AP
2026-03-27 14:12:01,1900-01-00 00:00:00,0999-wombat,B8:27:EB:6F:ED:ED,-68, WPA ,0.000000,0.000000,0.000,0.000,AP
2026-03-27 14:12:01,1900-01-00 00:00:00,0999-wombat,B8:27:EB:6F:ED:ED,-68, WPA ,0.000000,0.000000,0.000,0.000,AP
2026-03-27 14:12:01,1900-01-00 00:00:00,0999-wombat,B8:27:EB:6F:ED:ED,-68, WPA ,0.000000,0.000000,0.000,0.000,AP
2026-03-27 14:12:01,1900-01-00 00:00:00,0999-wombat,B8:27:EB:6F:ED:ED,-68, WPA ,0.000000,0.000000,0.000,0.000,AP
2026-03-27 14:12:01,1900-01-00 00:00:00,0999-wombat,B8:27:EB:6F:ED:ED,-68, WPA ,0.000000,0.000000,0.000,0.000,AP
2026-03-27 14:12:01,1900-01-00 00:00:00,0999-wombat,B8:27:EB:6F:ED:ED,-68, WPA ,0.000000,0.000000,0.000,0.000,AP
2026-03-27 14:12:01,1900-01-00 00:00:00,0999-wombat,B8:27:EB:6F:ED:ED,-68, WPA ,0.000000,0.000000,0.000,0.000,AP
2026-03-27 14:12:01,1900-01-00 00:00:00,0999-wombat,B8:27:EB:6F:ED:ED,-68, WPA ,0.000000,0.000000,0.000,0.000,AP
2026-03-27 14:12:01,1900-01-00 00:00:00,0999-wombat,B8:27:EB:6F:ED:ED,-68, WPA ,0.000000,0.000000,0.000,0.000,AP
2026-03-27 14:12:01,1900-01-00 00:00:00,0999-wombat,B8:27:EB:6F:ED:ED,-68, WPA ,0.000000,0.000000,0.000,0.000,AP
2026-03-27 14:12:01,1900-01-00 00:00:00,0999-wombat,B8:27:EB:6F:ED:ED,-68, WPA ,0.000000,0.000000,0.000,0.000,AP
2026-03-27 14:12:01,1900-01-00 00:00:00,0999-wombat,B8:27:EB:6F:ED:ED,-68, WPA ,0.000000,0.000000,0.000,0.000,AP
2026-03-27 14:12:01,1900-01-00 00:00:00,0999-wombat,B8:27:EB:6F:ED:ED,-68, WPA ,0.000000,0.000000,0.000,0.000,AP
2026-03-27 14:12:01,1900-01-00 00:00:00,0999-wombat,B8:27:EB:6F:ED:ED,-68, WPA ,0.000000,0.000000,0.000,0.000,AP
2026-03-27 14:12:01,1900-01-00 00:00:00,0999-wombat,B8:27:EB:6F:ED:ED,-68, WPA ,0.000000,0.000000,0.000,0.000,AP
2026-03-27 14:12:01,1900-01-00 00:00:00,0999-wombat,B8:27:EB:6F:ED:ED,-68, WPA ,0.000000,0.000000,0.000,0.000,AP
2026-03-27 14:12:01,1900-01-00 00:00:00,0999-wombat,B8:27:EB:6F:ED:ED,-68, WPA ,0.000000,0.000000,0.000,0.000,AP
2026-03-27 14:12:01,1900-01-00 00:00:00,0999-wombat,B8:27:EB:6F:ED:ED,-68, WPA ,0.000000,0.000000,0.000,0.000,AP
2026-03-27 14:12:01,1900-01-00 00:00:00,0999-wombat,B8:27:EB:6F:ED:ED,-68, WPA ,0.000000,0.000000,0.000,0.000,AP
2026-03-27 14:12:01,1900-01-00 00:00:00,0999-wombat,B8:27:EB:6F:ED:ED,-68, WPA ,0.000000,0.000000,0.000,0.000,AP
2026-03-27 14:12:01,1900-01-00 00:00:00,0999-wombat,B8:27:EB:6F:ED:ED,-68, WPA ,0.000000,0.000000,0.000,0.000,AP
2026-03-27 14:12:01,1900-01-00 00:00:00,0999-wombat,B8:27:EB:6F:ED:ED,-68, WPA ,0.000000,0.000000,0.000,0.000,AP
2026-03-27 14:12:01,1900-01-00 00:00:00,0999-wombat,B8:27:EB:6F:ED:ED,-68, WPA ,0.000000,0.000000,0.000,0.000,AP
2026-03-27 14:12:01,1900-01-00 00:00:00,0999-wombat,B8:27:EB:6F:ED:ED,-68, WPA ,0.000000,0.000000,0.000,0.000,AP
2026-03-27 14:12:01,1900-01-00 00:00:00,0999-wombat,B8:27:EB:6F:ED:ED,-68, WPA ,0.000000,0.000000,0.000,0.000,AP
2026-03-27 14:12:01,1900-01-00 00:00:00,0999-wombat,B8:27:EB:6F:ED:ED,-68, WPA ,0.000000,0.000000,0.000,0.000,AP
2026-03-27 14:12:01,1900-01-00 00:00:00,0999-wombat,B8:27:EB:6F:ED:ED,-68, WPA ,0.000000,0.000000,0.000,0.000,AP
2026-03-27 14:12:01,1900-01-00 00:00:00,0999-wombat,B8:27:EB:6F:ED:ED,-68, WPA ,0.000000,0.000000,0.000,0.000,AP
2026-03-27 14:12:01,1900-01-00 00:00:00,0999-wombat,B8:27:EB:6F:ED:ED,-68, WPA ,0.000000,0.000000,0.000,0.000,AP
2026-03-27 14:12:01,1900-01-00 00:00:00,0999-wombat,B8:27:EB:6F:ED:ED,-68, WPA ,0.000000,0.000000,0.000,0.000,AP
2026-03-27 14:12:01,1900-01-00 00:00:00,0999-wombat,B8:27:EB:6F:ED:ED,-68, WPA ,0.000000,0.000000,0.000,0.000,AP
2026-03-27 14:12:01,1900-01-00 00:00:00,0999-wombat,B8:27:EB:6F:ED:ED,-68, WPA ,0.000000,0.000000,0.000,0.000,AP
2026-03-27 14:12:01,1900-01-00 00:00:00,0999-wombat,B8:27:EB:6F:ED:ED,-68, WPA ,0.000000,0.000000,0.000,0.000,AP
2026-03-27 14:12:01,1900-01-00 00:00:00,0999-wombat,B8:27:EB:6F:ED:ED,-68, WPA ,0.000000,0.000000,0.000,0.000,AP
2026-03-27 14:12:01,1900-01-00 00:00:00,0999-wombat,B8:27:EB:6F:ED:ED,-68, WPA ,0.000000,0.000000,0.000,0.000,AP
2026-03-27 14:12:01,1900-01-00 00:00:00,0999-wombat,B8:27:EB:6F:ED:ED,-68, WPA ,0.000000,0.000000,0.000,0.000,AP
2026-03-27 14:12:01,1900-01-00 00:00:00,0999-wombat,B8:27:EB:6F:ED:ED,-68, WPA ,0.000000,0.000000,0.000,0.000,AP
2026-03-27 14:12:01,1900-01-00 00:00:00,0999-wombat,B8:27:EB:6F:ED:ED,-68, WPA ,0.000000,0.000000,0.000,0.000,AP
2026-03-27 14:12:01,1900-01-00 00:00:00,0999-wombat,B8:27:EB:6F:ED:ED,-68, WPA ,0.000000,0.000000,0.000,0.000,AP
2026-03-27 14:12:01,1900-01-00 00:00:00,0999-wombat,B8:27:EB:6F:ED:ED,-79, WPA ,0.000000,0.000000,0.000,0.000,AP
2026-03-27 14:12:01,1900-01-00 00:00:00,0999-wombat,B8:27:EB:6F:ED:ED,-79, WPA ,0.000000,0.000000,0.000,0.000,AP
2026-03-27 14:12:01,1900-01-00 00:00:00,0999-wombat,B8:27:EB:6F:ED:ED,-79, WPA ,0.000000,0.000000,0.000,0.000,AP
2026-03-27 14:12:01,1900-01-00 00:00:00,0999-wombat,B8:27:EB:6F:ED:ED,-79, WPA ,0.000000,0.000000,0.000,0.000,AP
2026-03-27 14:12:01,1900-01-00 00:00:00,0999-wombat,B8:27:EB:6F:ED:ED,-79, WPA ,0.000000,0.000000,0.000,0.000,AP
2026-03-27 14:12:01,1900-01-00 00:00:00,0999-wombat,B8:27:EB:6F:ED:ED,-79, WPA ,0.000000,0.000000,0.000,0.000,AP
2026-03-27 14:12:01,1900-01-00 00:00:00,0999-wombat,B8:27:EB:6F:ED:ED,-79, WPA ,0.000000,0.000000,0.000,0.000,AP
2026-03-27 14:12:01,1900-01-00 00:00:00,0999-wombat,B8:27:EB:6F:ED:ED,-61, WPA ,0.000000,0.000000,0.000,0.000,AP
2026-03-27 14:12:01,1900-01-00 00:00:00,0999-wombat,B8:27:EB:6F:ED:ED,-61, WPA ,0.000000,0.000000,0.000,0.000,AP
2026-03-27 14:12:01,1900-01-00 00:00:00,0999-wombat,B8:27:EB:6F:ED:ED,-61, WPA ,0.000000,0.000000,0.000,0.000,AP
2026-03-27 14:12:01,1900-01-00 00:00:00,0999-wombat,B8:27:EB:6F:ED:ED,-61, WPA ,0.000000,0.000000,0.000,0.000,AP
2026-03-27 14:12:01,1900-01-00 00:00:00,0999-wombat,B8:27:EB:6F:ED:ED,-61, WPA ,0.000000,0.000000,0.000,0.000,AP
2026-03-27 14:12:01,1900-01-00 00:00:00,0999-wombat,B8:27:EB:6F:ED:ED,-61, WPA ,0.000000,0.000000,0.000,0.000,AP
2026-03-27 14:12:01,1900-01-00 00:00:00,0999-wombat,B8:27:EB:6F:ED:ED,-61, WPA ,0.000000,0.000000,0.000,0.000,AP
2026-03-27 14:12:01,1900-01-00 00:00:00,0999-wombat,B8:27:EB:6F:ED:ED,-61, WPA ,0.000000,0.000000,0.000,0.000,AP
2026-03-27 14:12:01,1900-01-00 00:00:00,0999-wombat,B8:27:EB:6F:ED:ED,-61, WPA ,0.000000,0.000000,0.000,0.000,AP
2026-03-27 14:12:01,1900-01-00 00:00:00,0999-wombat,B8:27:EB:6F:ED:ED,-61, WPA ,0.000000,0.000000,0.000,0.000,AP
2026-03-27 14:12:01,1900-01-00 00:00:00,0999-wombat,B8:27:EB:6F:ED:ED,-61, WPA ,0.000000,0.000000,0.000,0.000,AP
2026-03-27 14:12:01,1900-01-00 00:00:00,0999-wombat,B8:27:EB:6F:ED:ED,-61, WPA ,0.000000,0.000000,0.000,0.000,AP
2026-03-27 14:12:01,1900-01-00 00:00:00,0999-wombat,B8:27:EB:6F:ED:ED,-61, WPA ,0.000000,0.000000,0.000,0.000,AP
2026-03-27 14:12:01,1900-01-00 00:00:00,0999-wombat,B8:27:EB:6F:ED:ED,-61, WPA ,0.000000,0.000000,0.000,0.000,AP
2026-03-27 14:12:01,1900-01-00 00:00:00,0999-wombat,B8:27:EB:6F:ED:ED,-61, WPA ,0.000000,0.000000,0.000,0.000,AP
2026-03-27 14:12:01,1900-01-00 00:00:00,0999-wombat,B8:27:EB:6F:ED:ED,-61, WPA ,0.000000,0.000000,0.000,0.000,AP
2026-03-27 14:12:01,1900-01-00 00:00:00,0999-wombat,B8:27:EB:6F:ED:ED,-61, WPA ,0.000000,0.000000,0.000,0.000,AP
2026-03-27 14:12:01,1900-01-00 00:00:00,0999-wombat,B8:27:EB:6F:ED:ED,-61, WPA ,0.000000,0.000000,0.000,0.000,AP
2026-03-27 14:12:01,1900-01-00 00:00:00,0999-wombat,B8:27:EB:6F:ED:ED,-31, WPA ,0.000000,0.000000,0.000,0.000,AP
2026-03-27 14:12:01,1900-01-00 00:00:00,0999-wombat,B8:27:EB:6F:ED:ED,-31, WPA ,0.000000,0.000000,0.000,0.000,AP
2026-03-27 14:12:01,1900-01-00 00:00:00,0999-wombat,B8:27:EB:6F:ED:ED,-31, WPA ,0.000000,0.000000,0.000,0.000,AP
2026-03-27 14:12:01,1900-01-00 00:00:00,0999-wombat,B8:27:EB:6F:ED:ED,-31, WPA ,0.000000,0.000000,0.000,0.000,AP
2026-03-27 14:12:01,1900-01-00 00:00:00,0999-wombat,B8:27:EB:6F:ED:ED,-31, WPA ,0.000000,0.000000,0.000,0.000,AP
2026-03-27 14:12:01,1900-01-00 00:00:00,0999-wombat,B8:27:EB:6F:ED:ED,-31, WPA ,0.000000,0.000000,0.000,0.000,AP
2026-03-27 14:12:01,1900-01-00 00:00:00,0999-wombat,B8:27:EB:6F:ED:ED,-31, WPA ,0.000000,0.000000,0.000,0.000,AP
2026-03-27 14:12:01,1900-01-00 00:00:00,0999-wombat,B8:27:EB:6F:ED:ED,-31, WPA ,0.000000,0.000000,0.000,0.000,AP
2026-03-27 14:12:01,1900-01-00 00:00:00,0999-wombat,B8:27:EB:6F:ED:ED,-31, WPA ,0.000000,0.000000,0.000,0.000,AP
2026-03-27 14:12:01,1900-01-00 00:00:00,0999-wombat,B8:27:EB:6F:ED:ED,-31, WPA ,0.000000,0.000000,0.000,0.000,AP
2026-03-27 14:12:01,1900-01-00 00:00:00,0999-wombat,B8:27:EB:6F:ED:ED,-69, WPA ,0.000000,0.000000,0.000,0.000,AP
2026-03-27 14:12:01,1900-01-00 00:00:00,0999-wombat,B8:27:EB:6F:ED:ED,-69, WPA ,0.000000,0.000000,0.000,0.000,AP
2026-03-27 14:12:01,1900-01-00 00:00:00,0999-wombat,B8:27:EB:6F:ED:ED,-69, WPA ,0.000000,0.000000,0.000,0.000,AP
2026-03-27 14:12:01,1900-01-00 00:00:00,0999-wombat,B8:27:EB:6F:ED:ED,-69, WPA ,0.000000,0.000000,0.000,0.000,AP
2026-03-27 14:12:01,1900-01-00 00:00:00,0999-wombat,B8:27:EB:6F:ED:ED,-69, WPA ,0.000000,0.000000,0.000,0.000,AP
2026-03-27 14:12:01,1900-01-00 00:00:00,0999-wombat,B8:27:EB:6F:ED:ED,-69, WPA ,0.000000,0.000000,0.000,0.000,AP
2026-03-27 14:12:01,1900-01-00 00:00:00,0999-wombat,B8:27:EB:6F:ED:ED,-69, WPA ,0.000000,0.000000,0.000,0.000,AP
2026-03-27 14:12:01,1900-01-00 00:00:00,0999-wombat,B8:27:EB:6F:ED:ED,-69, WPA ,0.000000,0.000000,0.000,0.000,AP
2026-03-27 14:12:01,1900-01-00 00:00:00,0999-wombat,B8:27:EB:6F:ED:ED,-69, WPA ,0.000000,0.000000,0.000,0.000,AP
2026-03-27 14:12:01,1900-01-00 00:00:00,0999-wombat,B8:27:EB:6F:ED:ED,-69, WPA ,0.000000,0.000000,0.000,0.000,AP
2026-03-27 14:12:01,1900-01-00 00:00:00,0999-wombat,B8:27:EB:6F:ED:ED,-69, WPA ,0.000000,0.000000,0.000,0.000,AP
2026-03-27 14:12:01,1900-01-00 00:00:00,0999-wombat,B8:27:EB:6F:ED:ED,-69, WPA ,0.000000,0.000000,0.000,0.000,AP
2026-03-27 14:12:01,1900-01-00 00:00:00,0999-wombat,B8:27:EB:6F:ED:ED,-69, WPA ,0.000000,0.000000,0.000,0.000,AP
2026-03-27 14:12:01,1900-01-00 00:00:00,0999-wombat,B8:27:EB:6F:ED:ED,-69, WPA ,0.000000,0.000000,0.000,0.000,AP
2026-03-27 14:12:01,1900-01-00 00:00:00,0999-wombat,B8:27:EB:6F:ED:ED,-69, WPA ,0.000000,0.000000,0.000,0.000,AP
2026-03-27 14:12:01,1900-01-00 00:00:00,0999-wombat,B8:27:EB:6F:ED:ED,-69, WPA ,0.000000,0.000000,0.000,0.000,AP
2026-03-27 14:12:01,1900-01-00 00:00:00,0999-wombat,B8:27:EB:6F:ED:ED,-69, WPA ,0.000000,0.000000,0.000,0.000,AP
2026-03-27 14:12:01,1900-01-00 00:00:00,0999-wombat,B8:27:EB:6F:ED:ED,-69, WPA ,0.000000,0.000000,0.000,0.000,AP
2026-03-27 14:12:01,1900-01-00 00:00:00,0999-wombat,B8:27:EB:6F:ED:ED,-69, WPA ,0.000000,0.000000,0.000,0.000,AP
2026-03-27 14:12:01,1900-01-00 00:00:00,0999-wombat,B8:27:EB:6F:ED:ED,-69, WPA ,0.000000,0.000000,0.000,0.000,AP
2026-03-27 14:12:01,1900-01-00 00:00:00,0999-wombat,B8:27:EB:6F:ED:ED,-69, WPA ,0.000000,0.000000,0.000,0.000,AP
2026-03-27 14:12:01,1900-01-00 00:00:00,0999-wombat,B8:27:EB:6F:ED:ED,-69, WPA ,0.000000,0.000000,0.000,0.000,AP
2026-03-27 14:12:01,1900-01-00 00:00:00,0999-wombat,B8:27:EB:6F:ED:ED,-69, WPA ,0.000000,0.000000,0.000,0.000,AP
2026-03-27 14:12:01,1900-01-00 00:00:00,0999-wombat,B8:27:EB:6F:ED:ED,-69, WPA ,0.000000,0.000000,0.000,0.000,AP
2026-03-27 14:12:01,1900-01-00 00:00:00,0999-wombat,B8:27:EB:6F:ED:ED,-69, WPA ,0.000000,0.000000,0.000,0.000,AP
2026-03-27 14:12:01,1900-01-00 00:00:00,0999-wombat,B8:27:EB:6F:ED:ED,-69, WPA ,0.000000,0.000000,0.000,0.000,AP
2026-03-27 14:12:01,1900-01-00 00:00:00,0999-wombat,B8:27:EB:6F:ED:ED,-69, WPA ,0.000000,0.000000,0.000,0.000,AP
2026-03-27 14:12:01,1900-01-00 00:00:00,0999-wombat,B8:27:EB:6F:ED:ED,-69, WPA ,0.000000,0.000000,0.000,0.000,AP
2026-03-27 14:12:01,1900-01-00 00:00:00,0999-wombat,B8:27:EB:6F:ED:ED,-69, WPA ,0.000000,0.000000,0.000,0.000,AP
2026-03-27 14:12:01,1900-01-00 00:00:00,0999-wombat,B8:27:EB:6F:ED:ED,-69, WPA ,0.000000,0.000000,0.000,0.000,AP
2026-03-27 14:12:01,1900-01-00 00:00:00,0999-wombat,B8:27:EB:6F:ED:ED,-69, WPA ,0.000000,0.000000,0.000,0.000,AP
2026-03-27 14:12:01,1900-01-00 00:00:00,0999-wombat,B8:27:EB:6F:ED:ED,-69, WPA ,0.000000,0.000000,0.000,0.000,AP
2026-03-27 14:12:01,1900-01-00 00:00:00,0999-wombat,B8:27:EB:6F:ED:ED,-69, WPA ,0.000000,0.000000,0.000,0.000,AP
2026-03-27 14:12:01,1900-01-00 00:00:00,0999-wombat,B8:27:EB:6F:ED:ED,-69, WPA ,0.000000,0.000000,0.000,0.000,AP
2026-03-27 14:12:01,1900-01-00 00:00:00,0999-wombat,B8:27:EB:6F:ED:ED,-69, WPA ,0.000000,0.000000,0.000,0.000,AP
2026-03-27 14:12:01,1900-01-00 00:00:00,0999-wombat,B8:27:EB:6F:ED:ED,-69, WPA ,0.000000,0.000000,0.000,0.000,AP
2026-03-27 14:12:01,1900-01-00 00:00:00,0999-wombat,B8:27:EB:6F:ED:ED,-69, WPA ,0.000000,0.000000,0.000,0.000,AP
2026-03-27 14:12:01,1900-01-00 00:00:00,0999-wombat,B8:27:EB:6F:ED:ED,-69, WPA ,0.000000,0.000000,0.000,0.000,AP
2026-03-27 14:12:01,1900-01-00 00:00:00,0999-wombat,B8:27:EB:6F:ED:ED,-69, WPA ,0.000000,0.000000,0.000,0.000,AP
2026-03-27 14:12:01,1900-01-00 00:00:00,0999-wombat,B8:27:EB:6F:ED:ED,-69, WPA ,0.000000,0.000000,0.000,0.000,AP
2026-03-27 14:12:01,1900-01-00 00:00:00,0999-wombat,B8:27:EB:6F:ED:ED,-69, WPA ,0.000000,0.000000,0.000,0.000,AP
2026-03-27 14:12:01,1900-01-00 00:00:00,0999-wombat,B8:27:EB:6F:ED:ED,-69, WPA ,0.000000,0.000000,0.000,0.000,AP
2026-03-27 14:12:01,1900-01-00 00:00:00,0999-wombat,B8:27:EB:6F:ED:ED,-69, WPA ,0.000000,0.000000,0.000,0.000,AP
2026-03-27 14:12:01,1900-01-00 00:00:00,0999-wombat,B8:27:EB:6F:ED:ED,-69, WPA ,0.000000,0.000000,0.000,0.000,AP
2026-03-27 14:12:01,1900-01-00 00:00:00,0999-wombat,B8:27:EB:6F:ED:ED,-69, WPA ,0.000000,0.000000,0.000,0.000,AP
2026-03-27 14:12:01,1900-01-00 00:00:00,0999-wombat,B8:27:EB:6F:ED:ED,-69, WPA ,0.000000,0.000000,0.000,0.000,AP
2026-03-27 14:12:01,1900-01-00 00:00:00,0999-wombat,B8:27:EB:6F:ED:ED,-69, WPA ,0.000000,0.000000,0.000,0.000,AP
2026-03-27 14:12:01,1900-01-00 00:00:00,0999-wombat,B8:27:EB:6F:ED:ED,-69, WPA ,0.000000,0.000000,0.000,0.000,AP
2026-03-27 14:12:01,1900-01-00 00:00:00,0999-wombat,B8:27:EB:6F:ED:ED,-69, WPA ,0.000000,0.000000,0.000,0.000,AP
2026-03-27 14:12:01,1900-01-00 00:00:00,0999-wombat,B8:27:EB:6F:ED:ED,-69, WPA ,0.000000,0.000000,0.000,0.000,AP
2026-03-27 14:12:01,1900-01-00 00:00:00,0999-wombat,B8:27:EB:6F:ED:ED,-69, WPA ,0.000000,0.000000,0.000,0.000,AP
2026-03-27 14:12:01,1900-01-00 00:00:00,0999-wombat,B8:27:EB:6F:ED:ED,-69, WPA ,0.000000,0.000000,0.000,0.000,AP
2026-03-27 14:12:01,1900-01-00 00:00:00,0999-wombat,B8:27:EB:6F:ED:ED,-69, WPA ,0.000000,0.000000,0.000,0.000,AP
2026-03-27 14:12:01,1900-01-00 00:00:00,0999-wombat,B8:27:EB:6F:ED:ED,-69, WPA ,0.000000,0.000000,0.000,0.000,AP
2026-03-27 14:12:01,1900-01-00 00:00:00,0999-wombat,B8:27:EB:6F:ED:ED,-69, WPA ,0.000000,0.000000,0.000,0.000,AP
2026-03-27 14:12:01,1900-01-00 00:00:00,0999-wombat,B8:27:EB:6F:ED:ED,-69, WPA ,0.000000,0.000000,0.000,0.000,AP
2026-03-27 14:12:01,1900-01-00 00:00:00,0999-wombat,B8:27:EB:6F:ED:ED,-69, WPA ,0.000000,0.000000,0.000,0.000,AP
2026-03-27 14:12:01,1900-01-00 00:00:00,0999-wombat,B8:27:EB:6F:ED:ED,-69, WPA ,0.000000,0.000000,0.000,0.000,AP
2026-03-27 14:12:01,1900-01-00 00:00:00,0999-wombat,B8:27:EB:6F:ED:ED,-69, WPA ,0.000000,0.000000,0.000,0.000,AP
2026-03-27 14:12:01,1900-01-00 00:00:00,0999-wombat,B8:27:EB:6F:ED:ED,-69, WPA ,0.000000,0.000000,0.000,0.000,AP
2026-03-27 14:12:01,1900-01-00 00:00:00,0999-wombat,B8:27:EB:6F:ED:ED,-69, WPA ,0.000000,0.000000,0.000,0.000,AP
2026-03-27 14:12:01,1900-01-00 00:00:00,0999-wombat,B8:27:EB:6F:ED:ED,-69, WPA ,0.000000,0.000000,0.000,0.000,AP
2026-03-27 14:12:01,1900-01-00 00:00:00,0999-wombat,B8:27:EB:6F:ED:ED,-69, WPA ,0.000000,0.000000,0.000,0.000,AP
2026-03-27 14:12:01,1900-01-00 00:00:00,0999-wombat,B8:27:EB:6F:ED:ED,-69, WPA ,0.000000,0.000000,0.000,0.000,AP
2026-03-27 14:12:01,1900-01-00 00:00:00,0999-wombat,B8:27:EB:6F:ED:ED,-80, WPA ,0.000000,0.000000,0.000,0.000,AP
2026-03-27 14:12:01,1900-01-00 00:00:00,0999-wombat,B8:27:EB:6F:ED:ED,-80, WPA ,0.000000,0.000000,0.000,0.000,AP
2026-03-27 14:12:01,1900-01-00 00:00:00,0999-wombat,B8:27:EB:6F:ED:ED,-80, WPA ,0.000000,0.000000,0.000,0.000,AP
2026-03-27 14:12:01,1900-01-00 00:00:00,0999-wombat,B8:27:EB:6F:ED:ED,-80, WPA ,0.000000,0.000000,0.000,0.000,AP
2026-03-27 14:12:01,1900-01-00 00:00:00,0999-wombat,B8:27:EB:6F:ED:ED,-80, WPA ,0.000000,0.000000,0.000,0.000,AP
2026-03-27 14:12:01,1900-01-00 00:00:00,0999-wombat,B8:27:EB:6F:ED:ED,-80, WPA ,0.000000,0.000000,0.000,0.000,AP
2026-03-27 14:12:01,1900-01-00 00:00:00,0999-wombat,B8:27:EB:6F:ED:ED,-80, WPA ,0.000000,0.000000,0.000,0.000,AP
2026-03-27 14:12:01,1900-01-00 00:00:00,0999-wombat,B8:27:EB:6F:ED:ED,-58, WPA ,0.000000,0.000000,0.000,0.000,AP
2026-03-27 14:12:01,1900-01-00 00:00:00,0999-wombat,B8:27:EB:6F:ED:ED,-58, WPA ,0.000000,0.000000,0.000,0.000,AP
2026-03-27 14:12:01,1900-01-00 00:00:00,0999-wombat,B8:27:EB:6F:ED:ED,-58, WPA ,0.000000,0.000000,0.000,0.000,AP
2026-03-27 14:12:01,1900-01-00 00:00:00,0999-wombat,B8:27:EB:6F:ED:ED,-31, WPA ,0.000000,0.000000,0.000,0.000,AP
2026-03-27 14:12:01,1900-01-00 00:00:00,0999-wombat,B8:27:EB:6F:ED:ED,-31, WPA ,0.000000,0.000000,0.000,0.000,AP
2026-03-27 14:12:01,1900-01-00 00:00:00,0999-wombat,B8:27:EB:6F:ED:ED,-70, WPA ,0.000000,0.000000,0.000,0.000,AP
2026-03-27 14:12:01,1900-01-00 00:00:00,0999-wombat,B8:27:EB:6F:ED:ED,-70, WPA ,0.000000,0.000000,0.000,0.000,AP
2026-03-27 14:12:01,1900-01-00 00:00:00,0999-wombat,B8:27:EB:6F:ED:ED,-70, WPA ,0.000000,0.000000,0.000,0.000,AP
2026-03-27 14:12:01,1900-01-00 00:00:00,0999-wombat,B8:27:EB:6F:ED:ED,-70, WPA ,0.000000,0.000000,0.000,0.000,AP
2026-03-27 14:12:01,1900-01-00 00:00:00,0999-wombat,B8:27:EB:6F:ED:ED,-70, WPA ,0.000000,0.000000,0.000,0.000,AP
2026-03-27 14:12:01,1900-01-00 00:00:00,0999-wombat,B8:27:EB:6F:ED:ED,-70, WPA ,0.000000,0.000000,0.000,0.000,AP
2026-03-27 14:12:01,1900-01-00 00:00:00,0999-wombat,B8:27:EB:6F:ED:ED,-70, WPA ,0.000000,0.000000,0.000,0.000,AP
2026-03-27 14:12:01,1900-01-00 00:00:00,0999-wombat,B8:27:EB:6F:ED:ED,-70, WPA ,0.000000,0.000000,0.000,0.000,AP
2026-03-27 14:12:01,1900-01-00 00:00:00,0999-wombat,B8:27:EB:6F:ED:ED,-70, WPA ,0.000000,0.000000,0.000,0.000,AP
2026-03-27 14:12:01,1900-01-00 00:00:00,0999-wombat,B8:27:EB:6F:ED:ED,-70, WPA ,0.000000,0.000000,0.000,0.000,AP
2026-03-27 14:12:01,1900-01-00 00:00:00,0999-wombat,B8:27:EB:6F:ED:ED,-70, WPA ,0.000000,0.000000,0.000,0.000,AP
2026-03-27 14:12:01,1900-01-00 00:00:00,0999-wombat,B8:27:EB:6F:ED:ED,-70, WPA ,0.000000,0.000000,0.000,0.000,AP
2026-03-27 14:12:01,1900-01-00 00:00:00,0999-wombat,B8:27:EB:6F:ED:ED,-70, WPA ,0.000000,0.000000,0.000,0.000,AP
2026-03-27 14:12:01,1900-01-00 00:00:00,0999-wombat,B8:27:EB:6F:ED:ED,-70, WPA ,0.000000,0.000000,0.000,0.000,AP
2026-03-27 14:12:01,1900-01-00 00:00:00,0999-wombat,B8:27:EB:6F:ED:ED,-80, WPA ,0.000000,0.000000,0.000,0.000,AP
2026-03-27 14:12:01,1900-01-00 00:00:00,0999-wombat,B8:27:EB:6F:ED:ED,-80, WPA ,0.000000,0.000000,0.000,0.000,AP
2026-03-27 14:12:01,1900-01-00 00:00:00,0999-wombat,B8:27:EB:6F:ED:ED,-80, WPA ,0.000000,0.000000,0.000,0.000,AP
2026-03-27 14:12:01,1900-01-00 00:00:00,0999-wombat,B8:27:EB:6F:ED:ED,-80, WPA ,0.000000,0.000000,0.000,0.000,AP
2026-03-27 14:12:01,1900-01-00 00:00:00,0999-wombat,B8:27:EB:6F:ED:ED,-80, WPA ,0.000000,0.000000,0.000,0.000,AP
2026-03-27 14:12:01,1900-01-00 00:00:00,0999-wombat,B8:27:EB:6F:ED:ED,-80, WPA ,0.000000,0.000000,0.000,0.000,AP
2026-03-27 14:12:01,1900-01-00 00:00:00,0999-wombat,B8:27:EB:6F:ED:ED,-80, WPA ,0.000000,0.000000,0.000,0.000,AP
2026-03-27 14:12:01,1900-01-00 00:00:00,0999-wombat,B8:27:EB:6F:ED:ED,-63, WPA ,0.000000,0.000000,0.000,0.000,AP
2026-03-27 14:12:01,1900-01-00 00:00:00,0999-wombat,B8:27:EB:6F:ED:ED,-63, WPA ,0.000000,0.000000,0.000,0.000,AP
2026-03-27 14:12:01,1900-01-00 00:00:00,0999-wombat,B8:27:EB:6F:ED:ED,-63, WPA ,0.000000,0.000000,0.000,0.000,AP
2026-03-27 14:12:01,1900-01-00 00:00:00,0999-wombat,B8:27:EB:6F:ED:ED,-63, WPA ,0.000000,0.000000,0.000,0.000,AP
2026-03-27 14:12:01,1900-01-00 00:00:00,0999-wombat,B8:27:EB:6F:ED:ED,-63, WPA ,0.000000,0.000000,0.000,0.000,AP
2026-03-27 14:12:01,1900-01-00 00:00:00,0999-wombat,B8:27:EB:6F:ED:ED,-63, WPA ,0.000000,0.000000,0.000,0.000,AP
2026-03-27 14:12:01,1900-01-00 00:00:00,0999-wombat,B8:27:EB:6F:ED:ED,-63, WPA ,0.000000,0.000000,0.000,0.000,AP
2026-03-27 14:12:01,1900-01-00 00:00:00,0999-wombat,B8:27:EB:6F:ED:ED,-63, WPA ,0.000000,0.000000,0.000,0.000,AP
2026-03-27 14:12:01,1900-01-00 00:00:00,0999-wombat,B8:27:EB:6F:ED:ED,-63, WPA ,0.000000,0.000000,0.000,0.000,AP
2026-03-27 14:12:01,1900-01-00 00:00:00,0999-wombat,B8:27:EB:6F:ED:ED,-63, WPA ,0.000000,0.000000,0.000,0.000,AP
2026-03-27 14:12:01,1900-01-00 00:00:00,0999-wombat,B8:27:EB:6F:ED:ED,-63, WPA ,0.000000,0.000000,0.000,0.000,AP
2026-03-27 14:12:01,1900-01-00 00:00:00,0999-wombat,B8:27:EB:6F:ED:ED,-63, WPA ,0.000000,0.000000,0.000,0.000,AP
2026-03-27 14:12:01,1900-01-00 00:00:00,0999-wombat,B8:27:EB:6F:ED:ED,-63, WPA ,0.000000,0.000000,0.000,0.000,AP
2026-03-27 14:12:01,1900-01-00 00:00:00,0999-wombat,B8:27:EB:6F:ED:ED,-63, WPA ,0.000000,0.000000,0.000,0.000,AP
2026-03-27 14:12:01,1900-01-00 00:00:00,0999-wombat,B8:27:EB:6F:ED:ED,-63, WPA ,0.000000,0.000000,0.000,0.000,AP
2026-03-27 14:12:01,1900-01-00 00:00:00,0999-wombat,B8:27:EB:6F:ED:ED,-63, WPA ,0.000000,0.000000,0.000,0.000,AP
2026-03-27 14:12:01,1900-01-00 00:00:00,0999-wombat,B8:27:EB:6F:ED:ED,-63, WPA ,0.000000,0.000000,0.000,0.000,AP
2026-03-27 14:12:01,1900-01-00 00:00:00,0999-wombat,B8:27:EB:6F:ED:ED,-63, WPA ,0.000000,0.000000,0.000,0.000,AP
2026-03-27 14:12:01,1900-01-00 00:00:00,0999-wombat,B8:27:EB:6F:ED:ED,-31, WPA ,0.000000,0.000000,0.000,0.000,AP
2026-03-27 14:12:02,1900-01-00 00:00:00,0999-wombat,B8:27:EB:6F:ED:ED,-31, WPA ,0.000000,0.000000,0.000,0.000,AP
2026-03-27 14:12:02,1900-01-00 00:00:00,0999-wombat,B8:27:EB:6F:ED:ED,-31, WPA ,0.000000,0.000000,0.000,0.000,AP
2026-03-27 14:12:02,1900-01-00 00:00:00,0999-wombat,B8:27:EB:6F:ED:ED,-31, WPA ,0.000000,0.000000,0.000,0.000,AP
2026-03-27 14:12:02,1900-01-00 00:00:00,0999-wombat,B8:27:EB:6F:ED:ED,-31, WPA ,0.000000,0.000000,0.000,0.000,AP
2026-03-27 14:12:02,1900-01-00 00:00:00,0999-wombat,B8:27:EB:6F:ED:ED,-31, WPA ,0.000000,0.000000,0.000,0.000,AP
2026-03-27 14:12:02,1900-01-00 00:00:00,0999-wombat,B8:27:EB:6F:ED:ED,-31, WPA ,0.000000,0.000000,0.000,0.000,AP
2026-03-27 14:12:02,1900-01-00 00:00:00,0999-wombat,B8:27:EB:6F:ED:ED,-31, WPA ,0.000000,0.000000,0.000,0.000,AP
2026-03-27 14:12:02,1900-01-00 00:00:00,0999-wombat,B8:27:EB:6F:ED:ED,-31, WPA ,0.000000,0.000000,0.000,0.000,AP
2026-03-27 14:12:02,1900-01-00 00:00:00,0999-wombat,B8:27:EB:6F:ED:ED,-31, WPA ,0.000000,0.000000,0.000,0.000,AP
2026-03-27 14:12:02,1900-01-00 00:00:00,0999-wombat,B8:27:EB:6F:ED:ED,-31, WPA ,0.000000,0.000000,0.000,0.000,AP
2026-03-27 14:12:02,1900-01-00 00:00:00,0999-wombat,B8:27:EB:6F:ED:ED,-31, WPA ,0.000000,0.000000,0.000,0.000,AP
2026-03-27 14:12:02,1900-01-00 00:00:00,0999-wombat,B8:27:EB:6F:ED:ED,-69, WPA ,0.000000,0.000000,0.000,0.000,AP
2026-03-27 14:12:02,1900-01-00 00:00:00,0999-wombat,B8:27:EB:6F:ED:ED,-69, WPA ,0.000000,0.000000,0.000,0.000,AP
2026-03-27 14:12:02,1900-01-00 00:00:00,0999-wombat,B8:27:EB:6F:ED:ED,-69, WPA ,0.000000,0.000000,0.000,0.000,AP
2026-03-27 14:12:02,1900-01-00 00:00:00,0999-wombat,B8:27:EB:6F:ED:ED,-69, WPA ,0.000000,0.000000,0.000,0.000,AP
2026-03-27 14:12:02,1900-01-00 00:00:00,0999-wombat,B8:27:EB:6F:ED:ED,-69, WPA ,0.000000,0.000000,0.000,0.000,AP
2026-03-27 14:12:02,1900-01-00 00:00:00,0999-wombat,B8:27:EB:6F:ED:ED,-69, WPA ,0.000000,0.000000,0.000,0.000,AP
2026-03-27 14:12:02,1900-01-00 00:00:00,0999-wombat,B8:27:EB:6F:ED:ED,-69, WPA ,0.000000,0.000000,0.000,0.000,AP
2026-03-27 14:12:02,1900-01-00 00:00:00,0999-wombat,B8:27:EB:6F:ED:ED,-69, WPA ,0.000000,0.000000,0.000,0.000,AP
2026-03-27 14:12:02,1900-01-00 00:00:00,0999-wombat,B8:27:EB:6F:ED:ED,-69, WPA ,0.000000,0.000000,0.000,0.000,AP
2026-03-27 14:12:02,1900-01-00 00:00:00,0999-wombat,B8:27:EB:6F:ED:ED,-69, WPA ,0.000000,0.000000,0.000,0.000,AP
2026-03-27 14:12:02,1900-01-00 00:00:00,0999-wombat,B8:27:EB:6F:ED:ED,-69, WPA ,0.000000,0.000000,0.000,0.000,AP
2026-03-27 14:12:02,1900-01-00 00:00:00,0999-wombat,B8:27:EB:6F:ED:ED,-69, WPA ,0.000000,0.000000,0.000,0.000,AP
2026-03-27 14:12:02,1900-01-00 00:00:00,0999-wombat,B8:27:EB:6F:ED:ED,-69, WPA ,0.000000,0.000000,0.000,0.000,AP
2026-03-27 14:12:02,1900-01-00 00:00:00,0999-wombat,B8:27:EB:6F:ED:ED,-69, WPA ,0.000000,0.000000,0.000,0.000,AP
2026-03-27 14:12:02,1900-01-00 00:00:00,0999-wombat,B8:27:EB:6F:ED:ED,-69, WPA ,0.000000,0.000000,0.000,0.000,AP
2026-03-27 14:12:02,1900-01-00 00:00:00,0999-wombat,B8:27:EB:6F:ED:ED,-69, WPA ,0.000000,0.000000,0.000,0.000,AP
2026-03-27 14:12:02,1900-01-00 00:00:00,0999-wombat,B8:27:EB:6F:ED:ED,-69, WPA ,0.000000,0.000000,0.000,0.000,AP
2026-03-27 14:12:02,1900-01-00 00:00:00,0999-wombat,B8:27:EB:6F:ED:ED,-69, WPA ,0.000000,0.000000,0.000,0.000,AP
2026-03-27 14:12:02,1900-01-00 00:00:00,0999-wombat,B8:27:EB:6F:ED:ED,-69, WPA ,0.000000,0.000000,0.000,0.000,AP
2026-03-27 14:12:02,1900-01-00 00:00:00,0999-wombat,B8:27:EB:6F:ED:ED,-69, WPA ,0.000000,0.000000,0.000,0.000,AP
2026-03-27 14:12:02,1900-01-00 00:00:00,0999-wombat,B8:27:EB:6F:ED:ED,-69, WPA ,0.000000,0.000000,0.000,0.000,AP
2026-03-27 14:12:02,1900-01-00 00:00:00,0999-wombat,B8:27:EB:6F:ED:ED,-69, WPA ,0.000000,0.000000,0.000,0.000,AP
2026-03-27 14:12:02,1900-01-00 00:00:00,0999-wombat,B8:27:EB:6F:ED:ED,-69, WPA ,0.000000,0.000000,0.000,0.000,AP
2026-03-27 14:12:02,1900-01-00 00:00:00,0999-wombat,B8:27:EB:6F:ED:ED,-69, WPA ,0.000000,0.000000,0.000,0.000,AP
2026-03-27 14:12:02,1900-01-00 00:00:00,0999-wombat,B8:27:EB:6F:ED:ED,-69, WPA ,0.000000,0.000000,0.000,0.000,AP
2026-03-27 14:12:02,1900-01-00 00:00:00,0999-wombat,B8:27:EB:6F:ED:ED,-69, WPA ,0.000000,0.000000,0.000,0.000,AP
2026-03-27 14:12:02,1900-01-00 00:00:00,0999-wombat,B8:27:EB:6F:ED:ED,-86, WPA ,0.000000,0.000000,0.000,0.000,AP
2026-03-27 14:12:02,1900-01-00 00:00:00,0999-wombat,B8:27:EB:6F:ED:ED,-86, WPA ,0.000000,0.000000,0.000,0.000,AP
2026-03-27 14:12:02,1900-01-00 00:00:00,0999-wombat,B8:27:EB:6F:ED:ED,-86, WPA ,0.000000,0.000000,0.000,0.000,AP
2026-03-27 14:12:02,1900-01-00 00:00:00,0999-wombat,B8:27:EB:6F:ED:ED,-86, WPA ,0.000000,0.000000,0.000,0.000,AP
2026-03-27 14:12:02,1900-01-00 00:00:00,0999-wombat,B8:27:EB:6F:ED:ED,-86, WPA ,0.000000,0.000000,0.000,0.000,AP
2026-03-27 14:12:02,1900-01-00 00:00:00,0999-wombat,B8:27:EB:6F:ED:ED,-86, WPA ,0.000000,0.000000,0.000,0.000,AP
2026-03-27 14:12:02,1900-01-00 00:00:00,0999-wombat,B8:27:EB:6F:ED:ED,-86, WPA ,0.000000,0.000000,0.000,0.000,AP
2026-03-27 14:12:02,1900-01-00 00:00:00,0999-wombat,B8:27:EB:6F:ED:ED,-86, WPA ,0.000000,0.000000,0.000,0.000,AP
2026-03-27 14:12:02,1900-01-00 00:00:00,0999-wombat,B8:27:EB:6F:ED:ED,-86, WPA ,0.000000,0.000000,0.000,0.000,AP
2026-03-27 14:12:02,1900-01-00 00:00:00,0999-wombat,B8:27:EB:6F:ED:ED,-86, WPA ,0.000000,0.000000,0.000,0.000,AP
2026-03-27 14:12:02,1900-01-00 00:00:00,0999-wombat,B8:27:EB:6F:ED:ED,-86, WPA ,0.000000,0.000000,0.000,0.000,AP
2026-03-27 14:12:02,1900-01-00 00:00:00,0999-wombat,B8:27:EB:6F:ED:ED,-86, WPA ,0.000000,0.000000,0.000,0.000,AP
2026-03-27 14:12:02,1900-01-00 00:00:00,0999-wombat,B8:27:EB:6F:ED:ED,-86, WPA ,0.000000,0.000000,0.000,0.000,AP
2026-03-27 14:12:02,1900-01-00 00:00:00,0999-wombat,B8:27:EB:6F:ED:ED,-86, WPA ,0.000000,0.000000,0.000,0.000,AP
2026-03-27 14:12:02,1900-01-00 00:00:00,0999-wombat,B8:27:EB:6F:ED:ED,-86, WPA ,0.000000,0.000000,0.000,0.000,AP
2026-03-27 14:12:02,1900-01-00 00:00:00,0999-wombat,B8:27:EB:6F:ED:ED,-86, WPA ,0.000000,0.000000,0.000,0.000,AP
2026-03-27 14:12:02,1900-01-00 00:00:00,0999-wombat,B8:27:EB:6F:ED:ED,-86, WPA ,0.000000,0.000000,0.000,0.000,AP
2026-03-27 14:12:02,1900-01-00 00:00:00,0999-wombat,B8:27:EB:6F:ED:ED,-86, WPA ,0.000000,0.000000,0.000,0.000,AP
2026-03-27 14:12:02,1900-01-00 00:00:00,0999-wombat,B8:27:EB:6F:ED:ED,-86, WPA ,0.000000,0.000000,0.000,0.000,AP
2026-03-27 14:12:02,1900-01-00 00:00:00,0999-wombat,B8:27:EB:6F:ED:ED,-86, WPA ,0.000000,0.000000,0.000,0.000,AP
2026-03-27 14:12:02,1900-01-00 00:00:00,0999-wombat,B8:27:EB:6F:ED:ED,-86, WPA ,0.000000,0.000000,0.000,0.000,AP
2026-03-27 14:12:02,1900-01-00 00:00:00,0999-wombat,B8:27:EB:6F:ED:ED,-86, WPA ,0.000000,0.000000,0.000,0.000,AP
2026-03-27 14:12:02,1900-01-00 00:00:00,0999-wombat,B8:27:EB:6F:ED:ED,-86, WPA ,0.000000,0.000000,0.000,0.000,AP
2026-03-27 14:12:02,1900-01-00 00:00:00,0999-wombat,B8:27:EB:6F:ED:ED,-86, WPA ,0.000000,0.000000,0.000,0.000,AP
2026-03-27 14:12:02,1900-01-00 00:00:00,0999-wombat,B8:27:EB:6F:ED:ED,-86, WPA ,0.000000,0.000000,0.000,0.000,AP
2026-03-27 14:12:02,1900-01-00 00:00:00,0999-wombat,B8:27:EB:6F:ED:ED,-86, WPA ,0.000000,0.000000,0.000,0.000,AP
2026-03-27 14:12:02,1900-01-00 00:00:00,0999-wombat,B8:27:EB:6F:ED:ED,-86, WPA ,0.000000,0.000000,0.000,0.000,AP
2026-03-27 14:12:02,1900-01-00 00:00:00,0999-wombat,B8:27:EB:6F:ED:ED,-86, WPA ,0.000000,0.000000,0.000,0.000,AP
2026-03-27 14:12:02,1900-01-00 00:00:00,0999-wombat,B8:27:EB:6F:ED:ED,-86, WPA ,0.000000,0.000000,0.000,0.000,AP
2026-03-27 14:12:02,1900-01-00 00:00:00,0999-wombat,B8:27:EB:6F:ED:ED,-86, WPA ,0.000000,0.000000,0.000,0.000,AP
2026-03-27 14:12:02,1900-01-00 00:00:00,0999-wombat,B8:27:EB:6F:ED:ED,-86, WPA ,0.000000,0.000000,0.000,0.000,AP
2026-03-27 14:12:02,1900-01-00 00:00:00,0999-wombat,B8:27:EB:6F:ED:ED,-86, WPA ,0.000000,0.000000,0.000,0.000,AP
2026-03-27 14:12:02,1900-01-00 00:00:00,0999-wombat,B8:27:EB:6F:ED:ED,-86, WPA ,0.000000,0.000000,0.000,0.000,AP
2026-03-27 14:12:02,1900-01-00 00:00:00,0999-wombat,B8:27:EB:6F:ED:ED,-86, WPA ,0.000000,0.000000,0.000,0.000,AP
2026-03-27 14:12:02,1900-01-00 00:00:00,0999-wombat,B8:27:EB:6F:ED:ED,-86, WPA ,0.000000,0.000000,0.000,0.000,AP
2026-03-27 14:12:02,1900-01-00 00:00:00,0999-wombat,B8:27:EB:6F:ED:ED,-86, WPA ,0.000000,0.000000,0.000,0.000,AP
2026-03-27 14:12:02,1900-01-00 00:00:00,0999-wombat,B8:27:EB:6F:ED:ED,-80, WPA ,0.000000,0.000000,0.000,0.000,AP
2026-03-27 14:12:02,1900-01-00 00:00:00,0999-wombat,B8:27:EB:6F:ED:ED,-80, WPA ,0.000000,0.000000,0.000,0.000,AP
2026-03-27 14:12:02,1900-01-00 00:00:00,0999-wombat,B8:27:EB:6F:ED:ED,-80, WPA ,0.000000,0.000000,0.000,0.000,AP
2026-03-27 14:12:02,1900-01-00 00:00:00,0999-wombat,B8:27:EB:6F:ED:ED,-80, WPA ,0.000000,0.000000,0.000,0.000,AP
2026-03-27 14:12:02,1900-01-00 00:00:00,0999-wombat,B8:27:EB:6F:ED:ED,-80, WPA ,0.000000,0.000000,0.000,0.000,AP
2026-03-27 14:12:02,1900-01-00 00:00:00,0999-wombat,B8:27:EB:6F:ED:ED,-80, WPA ,0.000000,0.000000,0.000,0.000,AP
2026-03-27 14:12:02,1900-01-00 00:00:00,0999-wombat,B8:27:EB:6F:ED:ED,-80, WPA ,0.000000,0.000000,0.000,0.000,AP
2026-03-27 14:12:02,1900-01-00 00:00:00,0999-wombat,B8:27:EB:6F:ED:ED,-61, WPA ,0.000000,0.000000,0.000,0.000,AP
2026-03-27 14:12:02,1900-01-00 00:00:00,0999-wombat,B8:27:EB:6F:ED:ED,-61, WPA ,0.000000,0.000000,0.000,0.000,AP
2026-03-27 14:12:02,1900-01-00 00:00:00,0999-wombat,B8:27:EB:6F:ED:ED,-61, WPA ,0.000000,0.000000,0.000,0.000,AP
2026-03-27 14:12:02,1900-01-00 00:00:00,0999-wombat,B8:27:EB:6F:ED:ED,-61, WPA ,0.000000,0.000000,0.000,0.000,AP
2026-03-27 14:12:02,1900-01-00 00:00:00,0999-wombat,B8:27:EB:6F:ED:ED,-61, WPA ,0.000000,0.000000,0.000,0.000,AP
2026-03-27 14:12:02,1900-01-00 00:00:00,0999-wombat,B8:27:EB:6F:ED:ED,-61, WPA ,0.000000,0.000000,0.000,0.000,AP
2026-03-27 14:12:02,1900-01-00 00:00:00,0999-wombat,B8:27:EB:6F:ED:ED,-61, WPA ,0.000000,0.000000,0.000,0.000,AP
2026-03-27 14:12:02,1900-01-00 00:00:00,0999-wombat,B8:27:EB:6F:ED:ED,-61, WPA ,0.000000,0.000000,0.000,0.000,AP
2026-03-27 14:12:02,1900-01-00 00:00:00,0999-wombat,B8:27:EB:6F:ED:ED,-61, WPA ,0.000000,0.000000,0.000,0.000,AP
2026-03-27 14:12:02,1900-01-00 00:00:00,0999-wombat,B8:27:EB:6F:ED:ED,-61, WPA ,0.000000,0.000000,0.000,0.000,AP
2026-03-27 14:12:02,1900-01-00 00:00:00,0999-wombat,B8:27:EB:6F:ED:ED,-61, WPA ,0.000000,0.000000,0.000,0.000,AP
2026-03-27 14:12:02,1900-01-00 00:00:00,0999-wombat,B8:27:EB:6F:ED:ED,-61, WPA ,0.000000,0.000000,0.000,0.000,AP
2026-03-27 14:12:02,1900-01-00 00:00:00,0999-wombat,B8:27:EB:6F:ED:ED,-61, WPA ,0.000000,0.000000,0.000,0.000,AP
2026-03-27 14:12:02,1900-01-00 00:00:00,0999-wombat,B8:27:EB:6F:ED:ED,-61, WPA ,0.000000,0.000000,0.000,0.000,AP
2026-03-27 14:12:02,1900-01-00 00:00:00,0999-wombat,B8:27:EB:6F:ED:ED,-61, WPA ,0.000000,0.000000,0.000,0.000,AP
2026-03-27 14:12:02,1900-01-00 00:00:00,0999-wombat,B8:27:EB:6F:ED:ED,-61, WPA ,0.000000,0.000000,0.000,0.000,AP
2026-03-27 14:12:02,1900-01-00 00:00:00,0999-wombat,B8:27:EB:6F:ED:ED,-61, WPA ,0.000000,0.000000,0.000,0.000,AP
2026-03-27 14:12:02,1900-01-00 00:00:00,0999-wombat,B8:27:EB:6F:ED:ED,-61, WPA ,0.000000,0.000000,0.000,0.000,AP
2026-03-27 14:12:02,1900-01-00 00:00:00,0999-wombat,B8:27:EB:6F:ED:ED,-32, WPA ,0.000000,0.000000,0.000,0.000,AP
2026-03-27 14:12:02,1900-01-00 00:00:00,0999-wombat,B8:27:EB:6F:ED:ED,-32, WPA ,0.000000,0.000000,0.000,0.000,AP
2026-03-27 14:12:02,1900-01-00 00:00:00,0999-wombat,B8:27:EB:6F:ED:ED,-32, WPA ,0.000000,0.000000,0.000,0.000,AP
2026-03-27 14:12:02,1900-01-00 00:00:00,0999-wombat,B8:27:EB:6F:ED:ED,-32, WPA ,0.000000,0.000000,0.000,0.000,AP
2026-03-27 14:12:02,1900-01-00 00:00:00,0999-wombat,B8:27:EB:6F:ED:ED,-32, WPA ,0.000000,0.000000,0.000,0.000,AP
2026-03-27 14:12:02,1900-01-00 00:00:00,0999-wombat,B8:27:EB:6F:ED:ED,-32, WPA ,0.000000,0.000000,0.000,0.000,AP
2026-03-27 14:12:02,1900-01-00 00:00:00,0999-wombat,B8:27:EB:6F:ED:ED,-32, WPA ,0.000000,0.000000,0.000,0.000,AP
2026-03-27 14:12:02,1900-01-00 00:00:00,0999-wombat,B8:27:EB:6F:ED:ED,-32, WPA ,0.000000,0.000000,0.000,0.000,AP
2026-03-27 14:12:02,1900-01-00 00:00:00,0999-wombat,B8:27:EB:6F:ED:ED,-32, WPA ,0.000000,0.000000,0.000,0.000,AP
2026-03-27 14:12:02,1900-01-00 00:00:00,0999-wombat,B8:27:EB:6F:ED:ED,-32, WPA ,0.000000,0.000000,0.000,0.000,AP
2026-03-27 14:12:02,1900-01-00 00:00:00,0999-wombat,B8:27:EB:6F:ED:ED,-32, WPA ,0.000000,0.000000,0.000,0.000,AP
2026-03-27 14:12:02,1900-01-00 00:00:00,0999-wombat,B8:27:EB:6F:ED:ED,-69, WPA ,0.000000,0.000000,0.000,0.000,AP
2026-03-27 14:12:02,1900-01-00 00:00:00,0999-wombat,B8:27:EB:6F:ED:ED,-69, WPA ,0.000000,0.000000,0.000,0.000,AP
2026-03-27 14:12:02,1900-01-00 00:00:00,0999-wombat,B8:27:EB:6F:ED:ED,-69, WPA ,0.000000,0.000000,0.000,0.000,AP
2026-03-27 14:12:02,1900-01-00 00:00:00,0999-wombat,B8:27:EB:6F:ED:ED,-69, WPA ,0.000000,0.000000,0.000,0.000,AP
2026-03-27 14:12:02,1900-01-00 00:00:00,0999-wombat,B8:27:EB:6F:ED:ED,-69, WPA ,0.000000,0.000000,0.000,0.000,AP
2026-03-27 14:12:02,1900-01-00 00:00:00,0999-wombat,B8:27:EB:6F:ED:ED,-69, WPA ,0.000000,0.000000,0.000,0.000,AP
2026-03-27 14:12:02,1900-01-00 00:00:00,0999-wombat,B8:27:EB:6F:ED:ED,-69, WPA ,0.000000,0.000000,0.000,0.000,AP
2026-03-27 14:12:02,1900-01-00 00:00:00,0999-wombat,B8:27:EB:6F:ED:ED,-69, WPA ,0.000000,0.000000,0.000,0.000,AP
2026-03-27 14:12:02,1900-01-00 00:00:00,0999-wombat,B8:27:EB:6F:ED:ED,-69, WPA ,0.000000,0.000000,0.000,0.000,AP
2026-03-27 14:12:02,1900-01-00 00:00:00,0999-wombat,B8:27:EB:6F:ED:ED,-69, WPA ,0.000000,0.000000,0.000,0.000,AP
2026-03-27 14:12:02,1900-01-00 00:00:00,0999-wombat,B8:27:EB:6F:ED:ED,-69, WPA ,0.000000,0.000000,0.000,0.000,AP
2026-03-27 14:12:02,1900-01-00 00:00:00,0999-wombat,B8:27:EB:6F:ED:ED,-69, WPA ,0.000000,0.000000,0.000,0.000,AP
2026-03-27 14:12:02,1900-01-00 00:00:00,0999-wombat,B8:27:EB:6F:ED:ED,-69, WPA ,0.000000,0.000000,0.000,0.000,AP
2026-03-27 14:12:02,1900-01-00 00:00:00,0999-wombat,B8:27:EB:6F:ED:ED,-69, WPA ,0.000000,0.000000,0.000,0.000,AP
2026-03-27 14:12:02,1900-01-00 00:00:00,0999-wombat,B8:27:EB:6F:ED:ED,-69, WPA ,0.000000,0.000000,0.000,0.000,AP
2026-03-27 14:12:02,1900-01-00 00:00:00,0999-wombat,B8:27:EB:6F:ED:ED,-69, WPA ,0.000000,0.000000,0.000,0.000,AP
2026-03-27 14:12:02,1900-01-00 00:00:00,0999-wombat,B8:27:EB:6F:ED:ED,-69, WPA ,0.000000,0.000000,0.000,0.000,AP
2026-03-27 14:12:02,1900-01-00 00:00:00,0999-wombat,B8:27:EB:6F:ED:ED,-69, WPA ,0.000000,0.000000,0.000,0.000,AP
2026-03-27 14:12:02,1900-01-00 00:00:00,0999-wombat,B8:27:EB:6F:ED:ED,-69, WPA ,0.000000,0.000000,0.000,0.000,AP
2026-03-27 14:12:02,1900-01-00 00:00:00,0999-wombat,B8:27:EB:6F:ED:ED,-69, WPA ,0.000000,0.000000,0.000,0.000,AP
2026-03-27 14:12:02,1900-01-00 00:00:00,0999-wombat,B8:27:EB:6F:ED:ED,-69, WPA ,0.000000,0.000000,0.000,0.000,AP
2026-03-27 14:12:02,1900-01-00 00:00:00,0999-wombat,B8:27:EB:6F:ED:ED,-69, WPA ,0.000000,0.000000,0.000,0.000,AP
2026-03-27 14:12:02,1900-01-00 00:00:00,0999-wombat,B8:27:EB:6F:ED:ED,-69, WPA ,0.000000,0.000000,0.000,0.000,AP
2026-03-27 14:12:02,1900-01-00 00:00:00,0999-wombat,B8:27:EB:6F:ED:ED,-69, WPA ,0.000000,0.000000,0.000,0.000,AP
2026-03-27 14:12:02,1900-01-00 00:00:00,0999-wombat,B8:27:EB:6F:ED:ED,-69, WPA ,0.000000,0.000000,0.000,0.000,AP
2026-03-27 14:12:02,1900-01-00 00:00:00,0999-wombat,B8:27:EB:6F:ED:ED,-69, WPA ,0.000000,0.000000,0.000,0.000,AP
2026-03-27 14:12:02,1900-01-00 00:00:00,0999-wombat,B8:27:EB:6F:ED:ED,-69, WPA ,0.000000,0.000000,0.000,0.000,AP
2026-03-27 14:12:02,1900-01-00 00:00:00,0999-wombat,B8:27:EB:6F:ED:ED,-69, WPA ,0.000000,0.000000,0.000,0.000,AP
2026-03-27 14:12:02,1900-01-00 00:00:00,0999-wombat,B8:27:EB:6F:ED:ED,-69, WPA ,0.000000,0.000000,0.000,0.000,AP
2026-03-27 14:12:02,1900-01-00 00:00:00,0999-wombat,B8:27:EB:6F:ED:ED,-69, WPA ,0.000000,0.000000,0.000,0.000,AP
2026-03-27 14:12:02,1900-01-00 00:00:00,0999-wombat,B8:27:EB:6F:ED:ED,-69, WPA ,0.000000,0.000000,0.000,0.000,AP
2026-03-27 14:12:02,1900-01-00 00:00:00,0999-wombat,B8:27:EB:6F:ED:ED,-69, WPA ,0.000000,0.000000,0.000,0.000,AP
2026-03-27 14:12:02,1900-01-00 00:00:00,0999-wombat,B8:27:EB:6F:ED:ED,-69, WPA ,0.000000,0.000000,0.000,0.000,AP
2026-03-27 14:12:02,1900-01-00 00:00:00,0999-wombat,B8:27:EB:6F:ED:ED,-69, WPA ,0.000000,0.000000,0.000,0.000,AP
2026-03-27 14:12:02,1900-01-00 00:00:00,0999-wombat,B8:27:EB:6F:ED:ED,-69, WPA ,0.000000,0.000000,0.000,0.000,AP
2026-03-27 14:12:02,1900-01-00 00:00:00,0999-wombat,B8:27:EB:6F:ED:ED,-69, WPA ,0.000000,0.000000,0.000,0.000,AP
2026-03-27 14:12:02,1900-01-00 00:00:00,0999-wombat,B8:27:EB:6F:ED:ED,-69, WPA ,0.000000,0.000000,0.000,0.000,AP
2026-03-27 14:12:02,1900-01-00 00:00:00,0999-wombat,B8:27:EB:6F:ED:ED,-69, WPA ,0.000000,0.000000,0.000,0.000,AP
2026-03-27 14:12:02,1900-01-00 00:00:00,0999-wombat,B8:27:EB:6F:ED:ED,-69, WPA ,0.000000,0.000000,0.000,0.000,AP
2026-03-27 14:12:02,1900-01-00 00:00:00,0999-wombat,B8:27:EB:6F:ED:ED,-69, WPA ,0.000000,0.000000,0.000,0.000,AP
2026-03-27 14:12:02,1900-01-00 00:00:00,0999-wombat,B8:27:EB:6F:ED:ED,-69, WPA ,0.000000,0.000000,0.000,0.000,AP
2026-03-27 14:12:02,1900-01-00 00:00:00,0999-wombat,B8:27:EB:6F:ED:ED,-69, WPA ,0.000000,0.000000,0.000,0.000,AP
2026-03-27 14:12:02,1900-01-00 00:00:00,0999-wombat,B8:27:EB:6F:ED:ED,-69, WPA ,0.000000,0.000000,0.000,0.000,AP
2026-03-27 14:12:02,1900-01-00 00:00:00,0999-wombat,B8:27:EB:6F:ED:ED,-69, WPA ,0.000000,0.000000,0.000,0.000,AP
2026-03-27 14:12:02,1900-01-00 00:00:00,0999-wombat,B8:27:EB:6F:ED:ED,-69, WPA ,0.000000,0.000000,0.000,0.000,AP
2026-03-27 14:12:02,1900-01-00 00:00:00,0999-wombat,B8:27:EB:6F:ED:ED,-69, WPA ,0.000000,0.000000,0.000,0.000,AP
2026-03-27 14:12:02,1900-01-00 00:00:00,0999-wombat,B8:27:EB:6F:ED:ED,-69, WPA ,0.000000,0.000000,0.000,0.000,AP
2026-03-27 14:12:02,1900-01-00 00:00:00,0999-wombat,B8:27:EB:6F:ED:ED,-69, WPA ,0.000000,0.000000,0.000,0.000,AP
2026-03-27 14:12:02,1900-01-00 00:00:00,0999-wombat,B8:27:EB:6F:ED:ED,-69, WPA ,0.000000,0.000000,0.000,0.000,AP
2026-03-27 14:12:02,1900-01-00 00:00:00,0999-wombat,B8:27:EB:6F:ED:ED,-69, WPA ,0.000000,0.000000,0.000,0.000,AP
2026-03-27 14:12:02,1900-01-00 00:00:00,0999-wombat,B8:27:EB:6F:ED:ED,-69, WPA ,0.000000,0.000000,0.000,0.000,AP
2026-03-27 14:12:02,1900-01-00 00:00:00,0999-wombat,B8:27:EB:6F:ED:ED,-69, WPA ,0.000000,0.000000,0.000,0.000,AP
2026-03-27 14:12:02,1900-01-00 00:00:00,0999-wombat,B8:27:EB:6F:ED:ED,-69, WPA ,0.000000,0.000000,0.000,0.000,AP
2026-03-27 14:12:02,1900-01-00 00:00:00,0999-wombat,B8:27:EB:6F:ED:ED,-69, WPA ,0.000000,0.000000,0.000,0.000,AP
2026-03-27 14:12:02,1900-01-00 00:00:00,0999-wombat,B8:27:EB:6F:ED:ED,-69, WPA ,0.000000,0.000000,0.000,0.000,AP
2026-03-27 14:12:02,1900-01-00 00:00:00,0999-wombat,B8:27:EB:6F:ED:ED,-69, WPA ,0.000000,0.000000,0.000,0.000,AP
2026-03-27 14:12:02,1900-01-00 00:00:00,0999-wombat,B8:27:EB:6F:ED:ED,-69, WPA ,0.000000,0.000000,0.000,0.000,AP
2026-03-27 14:12:02,1900-01-00 00:00:00,0999-wombat,B8:27:EB:6F:ED:ED,-69, WPA ,0.000000,0.000000,0.000,0.000,AP
2026-03-27 14:12:02,1900-01-00 00:00:00,0999-wombat,B8:27:EB:6F:ED:ED,-69, WPA ,0.000000,0.000000,0.000,0.000,AP
2026-03-27 14:12:02,1900-01-00 00:00:00,0999-wombat,B8:27:EB:6F:ED:ED,-69, WPA ,0.000000,0.000000,0.000,0.000,AP
2026-03-27 14:12:02,1900-01-00 00:00:00,0999-wombat,B8:27:EB:6F:ED:ED,-69, WPA ,0.000000,0.000000,0.000,0.000,AP
2026-03-27 14:12:02,1900-01-00 00:00:00,0999-wombat,B8:27:EB:6F:ED:ED,-69, WPA ,0.000000,0.000000,0.000,0.000,AP
2026-03-27 14:12:02,1900-01-00 00:00:00,0999-wombat,B8:27:EB:6F:ED:ED,-69, WPA ,0.000000,0.000000,0.000,0.000,AP
2026-03-27 14:12:02,1900-01-00 00:00:00,0999-wombat,B8:27:EB:6F:ED:ED,-69, WPA ,0.000000,0.000000,0.000,0.000,AP
2026-03-27 14:12:02,1900-01-00 00:00:00,0999-wombat,B8:27:EB:6F:ED:ED,-69, WPA ,0.000000,0.000000,0.000,0.000,AP
2026-03-27 14:12:02,1900-01-00 00:00:00,0999-wombat,B8:27:EB:6F:ED:ED,-81, WPA ,0.000000,0.000000,0.000,0.000,AP
2026-03-27 14:12:02,1900-01-00 00:00:00,0999-wombat,B8:27:EB:6F:ED:ED,-81, WPA ,0.000000,0.000000,0.000,0.000,AP
2026-03-27 14:12:02,1900-01-00 00:00:00,0999-wombat,B8:27:EB:6F:ED:ED,-81, WPA ,0.000000,0.000000,0.000,0.000,AP
2026-03-27 14:12:02,1900-01-00 00:00:00,0999-wombat,B8:27:EB:6F:ED:ED,-81, WPA ,0.000000,0.000000,0.000,0.000,AP
2026-03-27 14:12:02,1900-01-00 00:00:00,0999-wombat,B8:27:EB:6F:ED:ED,-81, WPA ,0.000000,0.000000,0.000,0.000,AP
2026-03-27 14:12:02,1900-01-00 00:00:00,0999-wombat,B8:27:EB:6F:ED:ED,-59, WPA ,0.000000,0.000000,0.000,0.000,AP
2026-03-27 14:12:02,1900-01-00 00:00:00,0999-wombat,B8:27:EB:6F:ED:ED,-59, WPA ,0.000000,0.000000,0.000,0.000,AP
2026-03-27 14:12:02,1900-01-00 00:00:00,0999-wombat,B8:27:EB:6F:ED:ED,-59, WPA ,0.000000,0.000000,0.000,0.000,AP
2026-03-27 14:12:02,1900-01-00 00:00:00,0999-wombat,B8:27:EB:6F:ED:ED,-59, WPA ,0.000000,0.000000,0.000,0.000,AP
2026-03-27 14:12:02,1900-01-00 00:00:00,0999-wombat,B8:27:EB:6F:ED:ED,-59, WPA ,0.000000,0.000000,0.000,0.000,AP
2026-03-27 14:12:02,1900-01-00 00:00:00,0999-wombat,B8:27:EB:6F:ED:ED,-59, WPA ,0.000000,0.000000,0.000,0.000,AP
2026-03-27 14:12:02,1900-01-00 00:00:00,0999-wombat,B8:27:EB:6F:ED:ED,-59, WPA ,0.000000,0.000000,0.000,0.000,AP
2026-03-27 14:12:02,1900-01-00 00:00:00,0999-wombat,B8:27:EB:6F:ED:ED,-59, WPA ,0.000000,0.000000,0.000,0.000,AP
2026-03-27 14:12:02,1900-01-00 00:00:00,0999-wombat,B8:27:EB:6F:ED:ED,-59, WPA ,0.000000,0.000000,0.000,0.000,AP
2026-03-27 14:12:02,1900-01-00 00:00:00,0999-wombat,B8:27:EB:6F:ED:ED,-59, WPA ,0.000000,0.000000,0.000,0.000,AP
2026-03-27 14:12:02,1900-01-00 00:00:00,0999-wombat,B8:27:EB:6F:ED:ED,-59, WPA ,0.000000,0.000000,0.000,0.000,AP
2026-03-27 14:12:02,1900-01-00 00:00:00,0999-wombat,B8:27:EB:6F:ED:ED,-59, WPA ,0.000000,0.000000,0.000,0.000,AP
2026-03-27 14:12:02,1900-01-00 00:00:00,0999-wombat,B8:27:EB:6F:ED:ED,-59, WPA ,0.000000,0.000000,0.000,0.000,AP
2026-03-27 14:12:02,1900-01-00 00:00:00,0999-wombat,B8:27:EB:6F:ED:ED,-59, WPA ,0.000000,0.000000,0.000,0.000,AP
2026-03-27 14:12:02,1900-01-00 00:00:00,0999-wombat,B8:27:EB:6F:ED:ED,-59, WPA ,0.000000,0.000000,0.000,0.000,AP
2026-03-27 14:12:02,1900-01-00 00:00:00,0999-wombat,B8:27:EB:6F:ED:ED,-59, WPA ,0.000000,0.000000,0.000,0.000,AP
2026-03-27 14:12:02,1900-01-00 00:00:00,0999-wombat,B8:27:EB:6F:ED:ED,-59, WPA ,0.000000,0.000000,0.000,0.000,AP
2026-03-27 14:12:02,1900-01-00 00:00:00,0999-wombat,B8:27:EB:6F:ED:ED,-59, WPA ,0.000000,0.000000,0.000,0.000,AP
2026-03-27 14:12:02,1900-01-00 00:00:00,0999-wombat,B8:27:EB:6F:ED:ED,-32, WPA ,0.000000,0.000000,0.000,0.000,AP
2026-03-27 14:12:02,1900-01-00 00:00:00,0999-wombat,B8:27:EB:6F:ED:ED,-32, WPA ,0.000000,0.000000,0.000,0.000,AP
2026-03-27 14:12:02,1900-01-00 00:00:00,0999-wombat,B8:27:EB:6F:ED:ED,-32, WPA ,0.000000,0.000000,0.000,0.000,AP
2026-03-27 14:12:02,1900-01-00 00:00:00,0999-wombat,B8:27:EB:6F:ED:ED,-32, WPA ,0.000000,0.000000,0.000,0.000,AP
2026-03-27 14:12:02,1900-01-00 00:00:00,0999-wombat,B8:27:EB:6F:ED:ED,-32, WPA ,0.000000,0.000000,0.000,0.000,AP
2026-03-27 14:12:02,1900-01-00 00:00:00,0999-wombat,B8:27:EB:6F:ED:ED,-32, WPA ,0.000000,0.000000,0.000,0.000,AP
2026-03-27 14:12:02,1900-01-00 00:00:00,0999-wombat,B8:27:EB:6F:ED:ED,-32, WPA ,0.000000,0.000000,0.000,0.000,AP
2026-03-27 14:12:02,1900-01-00 00:00:00,0999-wombat,B8:27:EB:6F:ED:ED,-32, WPA ,0.000000,0.000000,0.000,0.000,AP
2026-03-27 14:12:02,1900-01-00 00:00:00,0999-wombat,B8:27:EB:6F:ED:ED,-32, WPA ,0.000000,0.000000,0.000,0.000,AP
2026-03-27 14:12:02,1900-01-00 00:00:00,0999-wombat,B8:27:EB:6F:ED:ED,-32, WPA ,0.000000,0.000000,0.000,0.000,AP
2026-03-27 14:12:02,1900-01-00 00:00:00,0999-wombat,B8:27:EB:6F:ED:ED,-32, WPA ,0.000000,0.000000,0.000,0.000,AP
2026-03-27 14:12:02,1900-01-00 00:00:00,0999-wombat,B8:27:EB:6F:ED:ED,-32, WPA ,0.000000,0.000000,0.000,0.000,AP
2026-03-27 14:12:02,1900-01-00 00:00:00,0999-wombat,B8:27:EB:6F:ED:ED,-69, WPA ,0.000000,0.000000,0.000,0.000,AP
2026-03-27 14:12:02,1900-01-00 00:00:00,0999-wombat,B8:27:EB:6F:ED:ED,-69, WPA ,0.000000,0.000000,0.000,0.000,AP
2026-03-27 14:12:02,1900-01-00 00:00:00,0999-wombat,B8:27:EB:6F:ED:ED,-69, WPA ,0.000000,0.000000,0.000,0.000,AP
2026-03-27 14:12:02,1900-01-00 00:00:00,0999-wombat,B8:27:EB:6F:ED:ED,-69, WPA ,0.000000,0.000000,0.000,0.000,AP
2026-03-27 14:12:02,1900-01-00 00:00:00,0999-wombat,B8:27:EB:6F:ED:ED,-69, WPA ,0.000000,0.000000,0.000,0.000,AP
2026-03-27 14:12:02,1900-01-00 00:00:00,0999-wombat,B8:27:EB:6F:ED:ED,-69, WPA ,0.000000,0.000000,0.000,0.000,AP
2026-03-27 14:12:02,1900-01-00 00:00:00,0999-wombat,B8:27:EB:6F:ED:ED,-69, WPA ,0.000000,0.000000,0.000,0.000,AP
2026-03-27 14:12:02,1900-01-00 00:00:00,0999-wombat,B8:27:EB:6F:ED:ED,-69, WPA ,0.000000,0.000000,0.000,0.000,AP
2026-03-27 14:12:02,1900-01-00 00:00:00,0999-wombat,B8:27:EB:6F:ED:ED,-69, WPA ,0.000000,0.000000,0.000,0.000,AP
2026-03-27 14:12:02,1900-01-00 00:00:00,0999-wombat,B8:27:EB:6F:ED:ED,-69, WPA ,0.000000,0.000000,0.000,0.000,AP
2026-03-27 14:12:02,1900-01-00 00:00:00,0999-wombat,B8:27:EB:6F:ED:ED,-31, WPA ,0.000000,0.000000,0.000,0.000,AP
2026-03-27 14:12:02,1900-01-00 00:00:00,0999-wombat,B8:27:EB:6F:ED:ED,-70, WPA ,0.000000,0.000000,0.000,0.000,AP
2026-03-27 14:12:02,1900-01-00 00:00:00,0999-wombat,B8:27:EB:6F:ED:ED,-70, WPA ,0.000000,0.000000,0.000,0.000,AP
2026-03-27 14:12:02,1900-01-00 00:00:00,0999-wombat,B8:27:EB:6F:ED:ED,-70, WPA ,0.000000,0.000000,0.000,0.000,AP
2026-03-27 14:12:02,1900-01-00 00:00:00,0999-wombat,B8:27:EB:6F:ED:ED,-31, WPA ,0.000000,0.000000,0.000,0.000,AP
2026-03-27 14:12:02,1900-01-00 00:00:00,0999-wombat,B8:27:EB:6F:ED:ED,-31, WPA ,0.000000,0.000000,0.000,0.000,AP
2026-03-27 14:12:02,1900-01-00 00:00:00,0999-wombat,B8:27:EB:6F:ED:ED,-31, WPA ,0.000000,0.000000,0.000,0.000,AP
2026-03-27 14:12:02,1900-01-00 00:00:00,0999-wombat,B8:27:EB:6F:ED:ED,-31, WPA ,0.000000,0.000000,0.000,0.000,AP
2026-03-27 14:12:02,1900-01-00 00:00:00,0999-wombat,B8:27:EB:6F:ED:ED,-70, WPA ,0.000000,0.000000,0.000,0.000,AP
2026-03-27 14:12:02,1900-01-00 00:00:00,0999-wombat,B8:27:EB:6F:ED:ED,-70, WPA ,0.000000,0.000000,0.000,0.000,AP
2026-03-27 14:12:02,1900-01-00 00:00:00,0999-wombat,B8:27:EB:6F:ED:ED,-70, WPA ,0.000000,0.000000,0.000,0.000,AP
2026-03-27 14:12:02,1900-01-00 00:00:00,0999-wombat,B8:27:EB:6F:ED:ED,-70, WPA ,0.000000,0.000000,0.000,0.000,AP
2026-03-27 14:12:02,1900-01-00 00:00:00,0999-wombat,B8:27:EB:6F:ED:ED,-70, WPA ,0.000000,0.000000,0.000,0.000,AP
2026-03-27 14:12:02,1900-01-00 00:00:00,0999-wombat,B8:27:EB:6F:ED:ED,-70, WPA ,0.000000,0.000000,0.000,0.000,AP
2026-03-27 14:12:02,1900-01-00 00:00:00,0999-wombat,B8:27:EB:6F:ED:ED,-70, WPA ,0.000000,0.000000,0.000,0.000,AP
2026-03-27 14:12:02,1900-01-00 00:00:00,0999-wombat,B8:27:EB:6F:ED:ED,-68, WPA ,0.000000,0.000000,0.000,0.000,AP
2026-03-27 14:12:02,1900-01-00 00:00:00,0999-wombat,B8:27:EB:6F:ED:ED,-68, WPA ,0.000000,0.000000,0.000,0.000,AP
2026-03-27 14:12:02,1900-01-00 00:00:00,0999-wombat,B8:27:EB:6F:ED:ED,-68, WPA ,0.000000,0.000000,0.000,0.000,AP
2026-03-27 14:12:02,1900-01-00 00:00:00,0999-wombat,B8:27:EB:6F:ED:ED,-68, WPA ,0.000000,0.000000,0.000,0.000,AP
2026-03-27 14:12:02,1900-01-00 00:00:00,0999-wombat,B8:27:EB:6F:ED:ED,-68, WPA ,0.000000,0.000000,0.000,0.000,AP
2026-03-27 14:12:02,1900-01-00 00:00:00,0999-wombat,B8:27:EB:6F:ED:ED,-68, WPA ,0.000000,0.000000,0.000,0.000,AP
2026-03-27 14:12:02,1900-01-00 00:00:00,0999-wombat,B8:27:EB:6F:ED:ED,-68, WPA ,0.000000,0.000000,0.000,0.000,AP
2026-03-27 14:12:02,1900-01-00 00:00:00,0999-wombat,B8:27:EB:6F:ED:ED,-68, WPA ,0.000000,0.000000,0.000,0.000,AP
2026-03-27 14:12:02,1900-01-00 00:00:00,0999-wombat,B8:27:EB:6F:ED:ED,-68, WPA ,0.000000,0.000000,0.000,0.000,AP
2026-03-27 14:12:02,1900-01-00 00:00:00,0999-wombat,B8:27:EB:6F:ED:ED,-68, WPA ,0.000000,0.000000,0.000,0.000,AP
2026-03-27 14:12:02,1900-01-00 00:00:00,0999-wombat,B8:27:EB:6F:ED:ED,-68, WPA ,0.000000,0.000000,0.000,0.000,AP
2026-03-27 14:12:02,1900-01-00 00:00:00,0999-wombat,B8:27:EB:6F:ED:ED,-68, WPA ,0.000000,0.000000,0.000,0.000,AP
2026-03-27 14:12:02,1900-01-00 00:00:00,0999-wombat,B8:27:EB:6F:ED:ED,-68, WPA ,0.000000,0.000000,0.000,0.000,AP
2026-03-27 14:12:02,1900-01-00 00:00:00,0999-wombat,B8:27:EB:6F:ED:ED,-68, WPA ,0.000000,0.000000,0.000,0.000,AP
2026-03-27 14:12:02,1900-01-00 00:00:00,0999-wombat,B8:27:EB:6F:ED:ED,-68, WPA ,0.000000,0.000000,0.000,0.000,AP
2026-03-27 14:12:02,1900-01-00 00:00:00,0999-wombat,B8:27:EB:6F:ED:ED,-68, WPA ,0.000000,0.000000,0.000,0.000,AP
2026-03-27 14:12:02,1900-01-00 00:00:00,0999-wombat,B8:27:EB:6F:ED:ED,-68, WPA ,0.000000,0.000000,0.000,0.000,AP
2026-03-27 14:12:02,1900-01-00 00:00:00,0999-wombat,B8:27:EB:6F:ED:ED,-68, WPA ,0.000000,0.000000,0.000,0.000,AP
2026-03-27 14:12:02,1900-01-00 00:00:00,0999-wombat,B8:27:EB:6F:ED:ED,-68, WPA ,0.000000,0.000000,0.000,0.000,AP
2026-03-27 14:12:02,1900-01-00 00:00:00,0999-wombat,B8:27:EB:6F:ED:ED,-68, WPA ,0.000000,0.000000,0.000,0.000,AP
2026-03-27 14:12:02,1900-01-00 00:00:00,0999-wombat,B8:27:EB:6F:ED:ED,-68, WPA ,0.000000,0.000000,0.000,0.000,AP
2026-03-27 14:12:02,1900-01-00 00:00:00,0999-wombat,B8:27:EB:6F:ED:ED,-68, WPA ,0.000000,0.000000,0.000,0.000,AP
2026-03-27 14:12:02,1900-01-00 00:00:00,0999-wombat,B8:27:EB:6F:ED:ED,-68, WPA ,0.000000,0.000000,0.000,0.000,AP
2026-03-27 14:12:02,1900-01-00 00:00:00,0999-wombat,B8:27:EB:6F:ED:ED,-68, WPA ,0.000000,0.000000,0.000,0.000,AP
2026-03-27 14:12:02,1900-01-00 00:00:00,0999-wombat,B8:27:EB:6F:ED:ED,-68, WPA ,0.000000,0.000000,0.000,0.000,AP
2026-03-27 14:12:02,1900-01-00 00:00:00,0999-wombat,B8:27:EB:6F:ED:ED,-68, WPA ,0.000000,0.000000,0.000,0.000,AP
2026-03-27 14:12:02,1900-01-00 00:00:00,0999-wombat,B8:27:EB:6F:ED:ED,-68, WPA ,0.000000,0.000000,0.000,0.000,AP
2026-03-27 14:12:02,1900-01-00 00:00:00,0999-wombat,B8:27:EB:6F:ED:ED,-68, WPA ,0.000000,0.000000,0.000,0.000,AP
2026-03-27 14:12:02,1900-01-00 00:00:00,0999-wombat,B8:27:EB:6F:ED:ED,-68, WPA ,0.000000,0.000000,0.000,0.000,AP
2026-03-27 14:12:02,1900-01-00 00:00:00,0999-wombat,B8:27:EB:6F:ED:ED,-68, WPA ,0.000000,0.000000,0.000,0.000,AP
2026-03-27 14:12:02,1900-01-00 00:00:00,0999-wombat,B8:27:EB:6F:ED:ED,-68, WPA ,0.000000,0.000000,0.000,0.000,AP
2026-03-27 14:12:02,1900-01-00 00:00:00,0999-wombat,B8:27:EB:6F:ED:ED,-68, WPA ,0.000000,0.000000,0.000,0.000,AP
2026-03-27 14:12:02,1900-01-00 00:00:00,0999-wombat,B8:27:EB:6F:ED:ED,-68, WPA ,0.000000,0.000000,0.000,0.000,AP
2026-03-27 14:12:02,1900-01-00 00:00:00,0999-wombat,B8:27:EB:6F:ED:ED,-68, WPA ,0.000000,0.000000,0.000,0.000,AP
2026-03-27 14:12:02,1900-01-00 00:00:00,0999-wombat,B8:27:EB:6F:ED:ED,-68, WPA ,0.000000,0.000000,0.000,0.000,AP
2026-03-27 14:12:02,1900-01-00 00:00:00,0999-wombat,B8:27:EB:6F:ED:ED,-68, WPA ,0.000000,0.000000,0.000,0.000,AP
2026-03-27 14:12:02,1900-01-00 00:00:00,0999-wombat,B8:27:EB:6F:ED:ED,-68, WPA ,0.000000,0.000000,0.000,0.000,AP
2026-03-27 14:12:02,1900-01-00 00:00:00,0999-wombat,B8:27:EB:6F:ED:ED,-68, WPA ,0.000000,0.000000,0.000,0.000,AP
2026-03-27 14:12:02,1900-01-00 00:00:00,0999-wombat,B8:27:EB:6F:ED:ED,-68, WPA ,0.000000,0.000000,0.000,0.000,AP
2026-03-27 14:12:02,1900-01-00 00:00:00,0999-wombat,B8:27:EB:6F:ED:ED,-68, WPA ,0.000000,0.000000,0.000,0.000,AP
2026-03-27 14:12:02,1900-01-00 00:00:00,0999-wombat,B8:27:EB:6F:ED:ED,-68, WPA ,0.000000,0.000000,0.000,0.000,AP
2026-03-27 14:12:02,1900-01-00 00:00:00,0999-wombat,B8:27:EB:6F:ED:ED,-68, WPA ,0.000000,0.000000,0.000,0.000,AP
2026-03-27 14:12:02,1900-01-00 00:00:00,0999-wombat,B8:27:EB:6F:ED:ED,-68, WPA ,0.000000,0.000000,0.000,0.000,AP
2026-03-27 14:12:02,1900-01-00 00:00:00,0999-wombat,B8:27:EB:6F:ED:ED,-68, WPA ,0.000000,0.000000,0.000,0.000,AP
2026-03-27 14:12:02,1900-01-00 00:00:00,0999-wombat,B8:27:EB:6F:ED:ED,-68, WPA ,0.000000,0.000000,0.000,0.000,AP
2026-03-27 14:12:02,1900-01-00 00:00:00,0999-wombat,B8:27:EB:6F:ED:ED,-68, WPA ,0.000000,0.000000,0.000,0.000,AP
2026-03-27 14:12:02,1900-01-00 00:00:00,0999-wombat,B8:27:EB:6F:ED:ED,-68, WPA ,0.000000,0.000000,0.000,0.000,AP
2026-03-27 14:12:02,1900-01-00 00:00:00,0999-wombat,B8:27:EB:6F:ED:ED,-68, WPA ,0.000000,0.000000,0.000,0.000,AP
2026-03-27 14:12:02,1900-01-00 00:00:00,0999-wombat,B8:27:EB:6F:ED:ED,-68, WPA ,0.000000,0.000000,0.000,0.000,AP
2026-03-27 14:12:02,1900-01-00 00:00:00,0999-wombat,B8:27:EB:6F:ED:ED,-68, WPA ,0.000000,0.000000,0.000,0.000,AP
2026-03-27 14:12:02,1900-01-00 00:00:00,0999-wombat,B8:27:EB:6F:ED:ED,-68, WPA ,0.000000,0.000000,0.000,0.000,AP
2026-03-27 14:12:02,1900-01-00 00:00:00,0999-wombat,B8:27:EB:6F:ED:ED,-68, WPA ,0.000000,0.000000,0.000,0.000,AP
2026-03-27 14:12:02,1900-01-00 00:00:00,0999-wombat,B8:27:EB:6F:ED:ED,-68, WPA ,0.000000,0.000000,0.000,0.000,AP
2026-03-27 14:12:02,1900-01-00 00:00:00,0999-wombat,B8:27:EB:6F:ED:ED,-68, WPA ,0.000000,0.000000,0.000,0.000,AP
2026-03-27 14:12:02,1900-01-00 00:00:00,0999-wombat,B8:27:EB:6F:ED:ED,-68, WPA ,0.000000,0.000000,0.000,0.000,AP
2026-03-27 14:12:02,1900-01-00 00:00:00,0999-wombat,B8:27:EB:6F:ED:ED,-68, WPA ,0.000000,0.000000,0.000,0.000,AP
2026-03-27 14:12:02,1900-01-00 00:00:00,0999-wombat,B8:27:EB:6F:ED:ED,-68, WPA ,0.000000,0.000000,0.000,0.000,AP
2026-03-27 14:12:02,1900-01-00 00:00:00,0999-wombat,B8:27:EB:6F:ED:ED,-68, WPA ,0.000000,0.000000,0.000,0.000,AP
2026-03-27 14:12:02,1900-01-00 00:00:00,0999-wombat,B8:27:EB:6F:ED:ED,-68, WPA ,0.000000,0.000000,0.000,0.000,AP
2026-03-27 14:12:02,1900-01-00 00:00:00,0999-wombat,B8:27:EB:6F:ED:ED,-68, WPA ,0.000000,0.000000,0.000,0.000,AP
2026-03-27 14:12:02,1900-01-00 00:00:00,0999-wombat,B8:27:EB:6F:ED:ED,-68, WPA ,0.000000,0.000000,0.000,0.000,AP
2026-03-27 14:12:02,1900-01-00 00:00:00,0999-wombat,B8:27:EB:6F:ED:ED,-68, WPA ,0.000000,0.000000,0.000,0.000,AP
2026-03-27 14:12:02,1900-01-00 00:00:00,0999-wombat,B8:27:EB:6F:ED:ED,-68, WPA ,0.000000,0.000000,0.000,0.000,AP
2026-03-27 14:12:02,1900-01-00 00:00:00,0999-wombat,B8:27:EB:6F:ED:ED,-77, WPA ,0.000000,0.000000,0.000,0.000,AP
2026-03-27 14:12:02,1900-01-00 00:00:00,0999-wombat,B8:27:EB:6F:ED:ED,-81, WPA ,0.000000,0.000000,0.000,0.000,AP
2026-03-27 14:12:02,1900-01-00 00:00:00,0999-wombat,B8:27:EB:6F:ED:ED,-81, WPA ,0.000000,0.000000,0.000,0.000,AP
2026-03-27 14:12:02,1900-01-00 00:00:00,0999-wombat,B8:27:EB:6F:ED:ED,-81, WPA ,0.000000,0.000000,0.000,0.000,AP
2026-03-27 14:12:02,1900-01-00 00:00:00,0999-wombat,B8:27:EB:6F:ED:ED,-81, WPA ,0.000000,0.000000,0.000,0.000,AP
2026-03-27 14:12:02,1900-01-00 00:00:00,0999-wombat,B8:27:EB:6F:ED:ED,-81, WPA ,0.000000,0.000000,0.000,0.000,AP
2026-03-27 14:12:02,1900-01-00 00:00:00,0999-wombat,B8:27:EB:6F:ED:ED,-81, WPA ,0.000000,0.000000,0.000,0.000,AP
2026-03-27 14:12:02,1900-01-00 00:00:00,0999-wombat,B8:27:EB:6F:ED:ED,-55, WPA ,0.000000,0.000000,0.000,0.000,AP
2026-03-27 14:12:02,1900-01-00 00:00:00,0999-wombat,B8:27:EB:6F:ED:ED,-55, WPA ,0.000000,0.000000,0.000,0.000,AP
2026-03-27 14:12:02,1900-01-00 00:00:00,0999-wombat,B8:27:EB:6F:ED:ED,-55, WPA ,0.000000,0.000000,0.000,0.000,AP
2026-03-27 14:12:02,1900-01-00 00:00:00,0999-wombat,B8:27:EB:6F:ED:ED,-55, WPA ,0.000000,0.000000,0.000,0.000,AP
2026-03-27 14:12:02,1900-01-00 00:00:00,0999-wombat,B8:27:EB:6F:ED:ED,-55, WPA ,0.000000,0.000000,0.000,0.000,AP
2026-03-27 14:12:02,1900-01-00 00:00:00,0999-wombat,B8:27:EB:6F:ED:ED,-55, WPA ,0.000000,0.000000,0.000,0.000,AP
2026-03-27 14:12:02,1900-01-00 00:00:00,0999-wombat,B8:27:EB:6F:ED:ED,-55, WPA ,0.000000,0.000000,0.000,0.000,AP
2026-03-27 14:12:02,1900-01-00 00:00:00,0999-wombat,B8:27:EB:6F:ED:ED,-55, WPA ,0.000000,0.000000,0.000,0.000,AP
2026-03-27 14:12:02,1900-01-00 00:00:00,0999-wombat,B8:27:EB:6F:ED:ED,-55, WPA ,0.000000,0.000000,0.000,0.000,AP
2026-03-27 14:12:02,1900-01-00 00:00:00,0999-wombat,B8:27:EB:6F:ED:ED,-55, WPA ,0.000000,0.000000,0.000,0.000,AP
2026-03-27 14:12:02,1900-01-00 00:00:00,0999-wombat,B8:27:EB:6F:ED:ED,-55, WPA ,0.000000,0.000000,0.000,0.000,AP
2026-03-27 14:12:02,1900-01-00 00:00:00,0999-wombat,B8:27:EB:6F:ED:ED,-55, WPA ,0.000000,0.000000,0.000,0.000,AP
2026-03-27 14:12:02,1900-01-00 00:00:00,0999-wombat,B8:27:EB:6F:ED:ED,-55, WPA ,0.000000,0.000000,0.000,0.000,AP
2026-03-27 14:12:02,1900-01-00 00:00:00,0999-wombat,B8:27:EB:6F:ED:ED,-55, WPA ,0.000000,0.000000,0.000,0.000,AP
2026-03-27 14:12:02,1900-01-00 00:00:00,0999-wombat,B8:27:EB:6F:ED:ED,-55, WPA ,0.000000,0.000000,0.000,0.000,AP
2026-03-27 14:12:02,1900-01-00 00:00:00,0999-wombat,B8:27:EB:6F:ED:ED,-55, WPA ,0.000000,0.000000,0.000,0.000,AP
2026-03-27 14:12:02,1900-01-00 00:00:00,0999-wombat,B8:27:EB:6F:ED:ED,-55, WPA ,0.000000,0.000000,0.000,0.000,AP
2026-03-27 14:12:02,1900-01-00 00:00:00,0999-wombat,B8:27:EB:6F:ED:ED,-55, WPA ,0.000000,0.000000,0.000,0.000,AP
2026-03-27 14:12:02,1900-01-00 00:00:00,0999-wombat,B8:27:EB:6F:ED:ED,-31, WPA ,0.000000,0.000000,0.000,0.000,AP
2026-03-27 14:12:02,1900-01-00 00:00:00,0999-wombat,B8:27:EB:6F:ED:ED,-31, WPA ,0.000000,0.000000,0.000,0.000,AP
2026-03-27 14:12:02,1900-01-00 00:00:00,0999-wombat,B8:27:EB:6F:ED:ED,-31, WPA ,0.000000,0.000000,0.000,0.000,AP
2026-03-27 14:12:02,1900-01-00 00:00:00,0999-wombat,B8:27:EB:6F:ED:ED,-31, WPA ,0.000000,0.000000,0.000,0.000,AP
2026-03-27 14:12:02,1900-01-00 00:00:00,0999-wombat,B8:27:EB:6F:ED:ED,-31, WPA ,0.000000,0.000000,0.000,0.000,AP
2026-03-27 14:12:02,1900-01-00 00:00:00,0999-wombat,B8:27:EB:6F:ED:ED,-31, WPA ,0.000000,0.000000,0.000,0.000,AP
2026-03-27 14:12:02,1900-01-00 00:00:00,0999-wombat,B8:27:EB:6F:ED:ED,-31, WPA ,0.000000,0.000000,0.000,0.000,AP
2026-03-27 14:12:02,1900-01-00 00:00:00,0999-wombat,B8:27:EB:6F:ED:ED,-31, WPA ,0.000000,0.000000,0.000,0.000,AP
2026-03-27 14:12:02,1900-01-00 00:00:00,0999-wombat,B8:27:EB:6F:ED:ED,-31, WPA ,0.000000,0.000000,0.000,0.000,AP
2026-03-27 14:12:02,1900-01-00 00:00:00,0999-wombat,B8:27:EB:6F:ED:ED,-31, WPA ,0.000000,0.000000,0.000,0.000,AP
2026-03-27 14:12:02,1900-01-00 00:00:00,0999-wombat,B8:27:EB:6F:ED:ED,-31, WPA ,0.000000,0.000000,0.000,0.000,AP
2026-03-27 14:12:02,1900-01-00 00:00:00,0999-wombat,B8:27:EB:6F:ED:ED,-31, WPA ,0.000000,0.000000,0.000,0.000,AP
2026-03-27 14:12:02,1900-01-00 00:00:00,0999-wombat,B8:27:EB:6F:ED:ED,-68, WPA ,0.000000,0.000000,0.000,0.000,AP
2026-03-27 14:12:02,1900-01-00 00:00:00,0999-wombat,B8:27:EB:6F:ED:ED,-68, WPA ,0.000000,0.000000,0.000,0.000,AP
2026-03-27 14:12:02,1900-01-00 00:00:00,0999-wombat,B8:27:EB:6F:ED:ED,-68, WPA ,0.000000,0.000000,0.000,0.000,AP
2026-03-27 14:12:02,1900-01-00 00:00:00,0999-wombat,B8:27:EB:6F:ED:ED,-68, WPA ,0.000000,0.000000,0.000,0.000,AP
2026-03-27 14:12:02,1900-01-00 00:00:00,0999-wombat,B8:27:EB:6F:ED:ED,-68, WPA ,0.000000,0.000000,0.000,0.000,AP
2026-03-27 14:12:02,1900-01-00 00:00:00,0999-wombat,B8:27:EB:6F:ED:ED,-68, WPA ,0.000000,0.000000,0.000,0.000,AP
2026-03-27 14:12:02,1900-01-00 00:00:00,0999-wombat,B8:27:EB:6F:ED:ED,-68, WPA ,0.000000,0.000000,0.000,0.000,AP
2026-03-27 14:12:02,1900-01-00 00:00:00,0999-wombat,B8:27:EB:6F:ED:ED,-68, WPA ,0.000000,0.000000,0.000,0.000,AP
2026-03-27 14:12:02,1900-01-00 00:00:00,0999-wombat,B8:27:EB:6F:ED:ED,-68, WPA ,0.000000,0.000000,0.000,0.000,AP
2026-03-27 14:12:02,1900-01-00 00:00:00,0999-wombat,B8:27:EB:6F:ED:ED,-68, WPA ,0.000000,0.000000,0.000,0.000,AP
2026-03-27 14:12:02,1900-01-00 00:00:00,0999-wombat,B8:27:EB:6F:ED:ED,-68, WPA ,0.000000,0.000000,0.000,0.000,AP
2026-03-27 14:12:02,1900-01-00 00:00:00,0999-wombat,B8:27:EB:6F:ED:ED,-68, WPA ,0.000000,0.000000,0.000,0.000,AP
2026-03-27 14:12:02,1900-01-00 00:00:00,0999-wombat,B8:27:EB:6F:ED:ED,-68, WPA ,0.000000,0.000000,0.000,0.000,AP
2026-03-27 14:12:02,1900-01-00 00:00:00,0999-wombat,B8:27:EB:6F:ED:ED,-68, WPA ,0.000000,0.000000,0.000,0.000,AP
2026-03-27 14:12:02,1900-01-00 00:00:00,0999-wombat,B8:27:EB:6F:ED:ED,-68, WPA ,0.000000,0.000000,0.000,0.000,AP
2026-03-27 14:12:02,1900-01-00 00:00:00,0999-wombat,B8:27:EB:6F:ED:ED,-68, WPA ,0.000000,0.000000,0.000,0.000,AP
2026-03-27 14:12:02,1900-01-00 00:00:00,0999-wombat,B8:27:EB:6F:ED:ED,-68, WPA ,0.000000,0.000000,0.000,0.000,AP
2026-03-27 14:12:02,1900-01-00 00:00:00,0999-wombat,B8:27:EB:6F:ED:ED,-68, WPA ,0.000000,0.000000,0.000,0.000,AP
2026-03-27 14:12:02,1900-01-00 00:00:00,0999-wombat,B8:27:EB:6F:ED:ED,-68, WPA ,0.000000,0.000000,0.000,0.000,AP
2026-03-27 14:12:02,1900-01-00 00:00:00,0999-wombat,B8:27:EB:6F:ED:ED,-68, WPA ,0.000000,0.000000,0.000,0.000,AP
2026-03-27 14:12:02,1900-01-00 00:00:00,0999-wombat,B8:27:EB:6F:ED:ED,-68, WPA ,0.000000,0.000000,0.000,0.000,AP
2026-03-27 14:12:02,1900-01-00 00:00:00,0999-wombat,B8:27:EB:6F:ED:ED,-68, WPA ,0.000000,0.000000,0.000,0.000,AP
2026-03-27 14:12:02,1900-01-00 00:00:00,0999-wombat,B8:27:EB:6F:ED:ED,-68, WPA ,0.000000,0.000000,0.000,0.000,AP
2026-03-27 14:12:02,1900-01-00 00:00:00,0999-wombat,B8:27:EB:6F:ED:ED,-68, WPA ,0.000000,0.000000,0.000,0.000,AP
2026-03-27 14:12:02,1900-01-00 00:00:00,0999-wombat,B8:27:EB:6F:ED:ED,-68, WPA ,0.000000,0.000000,0.000,0.000,AP
2026-03-27 14:12:02,1900-01-00 00:00:00,0999-wombat,B8:27:EB:6F:ED:ED,-68, WPA ,0.000000,0.000000,0.000,0.000,AP
2026-03-27 14:12:02,1900-01-00 00:00:00,0999-wombat,B8:27:EB:6F:ED:ED,-68, WPA ,0.000000,0.000000,0.000,0.000,AP
2026-03-27 14:12:02,1900-01-00 00:00:00,0999-wombat,B8:27:EB:6F:ED:ED,-68, WPA ,0.000000,0.000000,0.000,0.000,AP
2026-03-27 14:12:02,1900-01-00 00:00:00,0999-wombat,B8:27:EB:6F:ED:ED,-68, WPA ,0.000000,0.000000,0.000,0.000,AP
2026-03-27 14:12:02,1900-01-00 00:00:00,0999-wombat,B8:27:EB:6F:ED:ED,-68, WPA ,0.000000,0.000000,0.000,0.000,AP
2026-03-27 14:12:02,1900-01-00 00:00:00,0999-wombat,B8:27:EB:6F:ED:ED,-68, WPA ,0.000000,0.000000,0.000,0.000,AP
2026-03-27 14:12:02,1900-01-00 00:00:00,0999-wombat,B8:27:EB:6F:ED:ED,-68, WPA ,0.000000,0.000000,0.000,0.000,AP
2026-03-27 14:12:02,1900-01-00 00:00:00,0999-wombat,B8:27:EB:6F:ED:ED,-68, WPA ,0.000000,0.000000,0.000,0.000,AP
2026-03-27 14:12:02,1900-01-00 00:00:00,0999-wombat,B8:27:EB:6F:ED:ED,-68, WPA ,0.000000,0.000000,0.000,0.000,AP
2026-03-27 14:12:02,1900-01-00 00:00:00,0999-wombat,B8:27:EB:6F:ED:ED,-68, WPA ,0.000000,0.000000,0.000,0.000,AP
2026-03-27 14:12:02,1900-01-00 00:00:00,0999-wombat,B8:27:EB:6F:ED:ED,-68, WPA ,0.000000,0.000000,0.000,0.000,AP
2026-03-27 14:12:02,1900-01-00 00:00:00,0999-wombat,B8:27:EB:6F:ED:ED,-68, WPA ,0.000000,0.000000,0.000,0.000,AP
2026-03-27 14:12:02,1900-01-00 00:00:00,0999-wombat,B8:27:EB:6F:ED:ED,-68, WPA ,0.000000,0.000000,0.000,0.000,AP
2026-03-27 14:12:02,1900-01-00 00:00:00,0999-wombat,B8:27:EB:6F:ED:ED,-68, WPA ,0.000000,0.000000,0.000,0.000,AP
2026-03-27 14:12:02,1900-01-00 00:00:00,0999-wombat,B8:27:EB:6F:ED:ED,-68, WPA ,0.000000,0.000000,0.000,0.000,AP
2026-03-27 14:12:02,1900-01-00 00:00:00,0999-wombat,B8:27:EB:6F:ED:ED,-68, WPA ,0.000000,0.000000,0.000,0.000,AP
2026-03-27 14:12:02,1900-01-00 00:00:00,0999-wombat,B8:27:EB:6F:ED:ED,-68, WPA ,0.000000,0.000000,0.000,0.000,AP
2026-03-27 14:12:02,1900-01-00 00:00:00,0999-wombat,B8:27:EB:6F:ED:ED,-68, WPA ,0.000000,0.000000,0.000,0.000,AP
2026-03-27 14:12:02,1900-01-00 00:00:00,0999-wombat,B8:27:EB:6F:ED:ED,-68, WPA ,0.000000,0.000000,0.000,0.000,AP
2026-03-27 14:12:02,1900-01-00 00:00:00,0999-wombat,B8:27:EB:6F:ED:ED,-68, WPA ,0.000000,0.000000,0.000,0.000,AP
2026-03-27 14:12:02,1900-01-00 00:00:00,0999-wombat,B8:27:EB:6F:ED:ED,-68, WPA ,0.000000,0.000000,0.000,0.000,AP
2026-03-27 14:12:02,1900-01-00 00:00:00,0999-wombat,B8:27:EB:6F:ED:ED,-68, WPA ,0.000000,0.000000,0.000,0.000,AP
2026-03-27 14:12:02,1900-01-00 00:00:00,0999-wombat,B8:27:EB:6F:ED:ED,-68, WPA ,0.000000,0.000000,0.000,0.000,AP
2026-03-27 14:12:02,1900-01-00 00:00:00,0999-wombat,B8:27:EB:6F:ED:ED,-68, WPA ,0.000000,0.000000,0.000,0.000,AP
2026-03-27 14:12:02,1900-01-00 00:00:00,0999-wombat,B8:27:EB:6F:ED:ED,-68, WPA ,0.000000,0.000000,0.000,0.000,AP
2026-03-27 14:12:02,1900-01-00 00:00:00,0999-wombat,B8:27:EB:6F:ED:ED,-68, WPA ,0.000000,0.000000,0.000,0.000,AP
2026-03-27 14:12:02,1900-01-00 00:00:00,0999-wombat,B8:27:EB:6F:ED:ED,-68, WPA ,0.000000,0.000000,0.000,0.000,AP
2026-03-27 14:12:02,1900-01-00 00:00:00,0999-wombat,B8:27:EB:6F:ED:ED,-68, WPA ,0.000000,0.000000,0.000,0.000,AP
2026-03-27 14:12:02,1900-01-00 00:00:00,0999-wombat,B8:27:EB:6F:ED:ED,-68, WPA ,0.000000,0.000000,0.000,0.000,AP
2026-03-27 14:12:02,1900-01-00 00:00:00,0999-wombat,B8:27:EB:6F:ED:ED,-68, WPA ,0.000000,0.000000,0.000,0.000,AP
2026-03-27 14:12:02,1900-01-00 00:00:00,0999-wombat,B8:27:EB:6F:ED:ED,-68, WPA ,0.000000,0.000000,0.000,0.000,AP
2026-03-27 14:12:02,1900-01-00 00:00:00,0999-wombat,B8:27:EB:6F:ED:ED,-68, WPA ,0.000000,0.000000,0.000,0.000,AP
2026-03-27 14:12:02,1900-01-00 00:00:00,0999-wombat,B8:27:EB:6F:ED:ED,-68, WPA ,0.000000,0.000000,0.000,0.000,AP
2026-03-27 14:12:02,1900-01-00 00:00:00,0999-wombat,B8:27:EB:6F:ED:ED,-68, WPA ,0.000000,0.000000,0.000,0.000,AP
2026-03-27 14:12:02,1900-01-00 00:00:00,0999-wombat,B8:27:EB:6F:ED:ED,-68, WPA ,0.000000,0.000000,0.000,0.000,AP
2026-03-27 14:12:02,1900-01-00 00:00:00,0999-wombat,B8:27:EB:6F:ED:ED,-68, WPA ,0.000000,0.000000,0.000,0.000,AP
2026-03-27 14:12:02,1900-01-00 00:00:00,0999-wombat,B8:27:EB:6F:ED:ED,-68, WPA ,0.000000,0.000000,0.000,0.000,AP
2026-03-27 14:12:02,1900-01-00 00:00:00,0999-wombat,B8:27:EB:6F:ED:ED,-68, WPA ,0.000000,0.000000,0.000,0.000,AP
2026-03-27 14:12:02,1900-01-00 00:00:00,0999-wombat,B8:27:EB:6F:ED:ED,-81, WPA ,0.000000,0.000000,0.000,0.000,AP
2026-03-27 14:12:02,1900-01-00 00:00:00,0999-wombat,B8:27:EB:6F:ED:ED,-80, WPA ,0.000000,0.000000,0.000,0.000,AP
2026-03-27 14:12:02,1900-01-00 00:00:00,0999-wombat,B8:27:EB:6F:ED:ED,-80, WPA ,0.000000,0.000000,0.000,0.000,AP
2026-03-27 14:12:02,1900-01-00 00:00:00,0999-wombat,B8:27:EB:6F:ED:ED,-80, WPA ,0.000000,0.000000,0.000,0.000,AP
2026-03-27 14:12:02,1900-01-00 00:00:00,0999-wombat,B8:27:EB:6F:ED:ED,-80, WPA ,0.000000,0.000000,0.000,0.000,AP
2026-03-27 14:12:02,1900-01-00 00:00:00,0999-wombat,B8:27:EB:6F:ED:ED,-80, WPA ,0.000000,0.000000,0.000,0.000,AP
2026-03-27 14:12:02,1900-01-00 00:00:00,0999-wombat,B8:27:EB:6F:ED:ED,-80, WPA ,0.000000,0.000000,0.000,0.000,AP
2026-03-27 14:12:02,1900-01-00 00:00:00,0999-wombat,B8:27:EB:6F:ED:ED,-80, WPA ,0.000000,0.000000,0.000,0.000,AP
2026-03-27 14:12:02,1900-01-00 00:00:00,0999-wombat,B8:27:EB:6F:ED:ED,-54, WPA ,0.000000,0.000000,0.000,0.000,AP
2026-03-27 14:12:02,1900-01-00 00:00:00,0999-wombat,B8:27:EB:6F:ED:ED,-54, WPA ,0.000000,0.000000,0.000,0.000,AP
2026-03-27 14:12:02,1900-01-00 00:00:00,0999-wombat,B8:27:EB:6F:ED:ED,-54, WPA ,0.000000,0.000000,0.000,0.000,AP
2026-03-27 14:12:02,1900-01-00 00:00:00,0999-wombat,B8:27:EB:6F:ED:ED,-54, WPA ,0.000000,0.000000,0.000,0.000,AP
2026-03-27 14:12:02,1900-01-00 00:00:00,0999-wombat,B8:27:EB:6F:ED:ED,-54, WPA ,0.000000,0.000000,0.000,0.000,AP
2026-03-27 14:12:02,1900-01-00 00:00:00,0999-wombat,B8:27:EB:6F:ED:ED,-54, WPA ,0.000000,0.000000,0.000,0.000,AP
2026-03-27 14:12:02,1900-01-00 00:00:00,0999-wombat,B8:27:EB:6F:ED:ED,-54, WPA ,0.000000,0.000000,0.000,0.000,AP
2026-03-27 14:12:02,1900-01-00 00:00:00,0999-wombat,B8:27:EB:6F:ED:ED,-54, WPA ,0.000000,0.000000,0.000,0.000,AP
2026-03-27 14:12:02,1900-01-00 00:00:00,0999-wombat,B8:27:EB:6F:ED:ED,-54, WPA ,0.000000,0.000000,0.000,0.000,AP
2026-03-27 14:12:02,1900-01-00 00:00:00,0999-wombat,B8:27:EB:6F:ED:ED,-54, WPA ,0.000000,0.000000,0.000,0.000,AP
2026-03-27 14:12:02,1900-01-00 00:00:00,0999-wombat,B8:27:EB:6F:ED:ED,-54, WPA ,0.000000,0.000000,0.000,0.000,AP
2026-03-27 14:12:02,1900-01-00 00:00:00,0999-wombat,B8:27:EB:6F:ED:ED,-54, WPA ,0.000000,0.000000,0.000,0.000,AP
2026-03-27 14:12:02,1900-01-00 00:00:00,0999-wombat,B8:27:EB:6F:ED:ED,-54, WPA ,0.000000,0.000000,0.000,0.000,AP
2026-03-27 14:12:02,1900-01-00 00:00:00,0999-wombat,B8:27:EB:6F:ED:ED,-54, WPA ,0.000000,0.000000,0.000,0.000,AP
2026-03-27 14:12:02,1900-01-00 00:00:00,0999-wombat,B8:27:EB:6F:ED:ED,-54, WPA ,0.000000,0.000000,0.000,0.000,AP
2026-03-27 14:12:02,1900-01-00 00:00:00,0999-wombat,B8:27:EB:6F:ED:ED,-54, WPA ,0.000000,0.000000,0.000,0.000,AP
2026-03-27 14:12:02,1900-01-00 00:00:00,0999-wombat,B8:27:EB:6F:ED:ED,-54, WPA ,0.000000,0.000000,0.000,0.000,AP
2026-03-27 14:12:02,1900-01-00 00:00:00,0999-wombat,B8:27:EB:6F:ED:ED,-54, WPA ,0.000000,0.000000,0.000,0.000,AP
2026-03-27 14:12:02,1900-01-00 00:00:00,0999-wombat,B8:27:EB:6F:ED:ED,-54, WPA ,0.000000,0.000000,0.000,0.000,AP
2026-03-27 14:12:02,1900-01-00 00:00:00,0999-wombat,B8:27:EB:6F:ED:ED,-54, WPA ,0.000000,0.000000,0.000,0.000,AP
2026-03-27 14:12:02,1900-01-00 00:00:00,0999-wombat,B8:27:EB:6F:ED:ED,-54, WPA ,0.000000,0.000000,0.000,0.000,AP
2026-03-27 14:12:02,1900-01-00 00:00:00,0999-wombat,B8:27:EB:6F:ED:ED,-54, WPA ,0.000000,0.000000,0.000,0.000,AP
2026-03-27 14:12:02,1900-01-00 00:00:00,0999-wombat,B8:27:EB:6F:ED:ED,-54, WPA ,0.000000,0.000000,0.000,0.000,AP
2026-03-27 14:12:02,1900-01-00 00:00:00,0999-wombat,B8:27:EB:6F:ED:ED,-54, WPA ,0.000000,0.000000,0.000,0.000,AP
2026-03-27 14:12:02,1900-01-00 00:00:00,0999-wombat,B8:27:EB:6F:ED:ED,-31, WPA ,0.000000,0.000000,0.000,0.000,AP
2026-03-27 14:12:02,1900-01-00 00:00:00,0999-wombat,B8:27:EB:6F:ED:ED,-69, WPA ,0.000000,0.000000,0.000,0.000,AP
2026-03-27 14:12:02,1900-01-00 00:00:00,0999-wombat,B8:27:EB:6F:ED:ED,-69, WPA ,0.000000,0.000000,0.000,0.000,AP
2026-03-27 14:12:02,1900-01-00 00:00:00,0999-wombat,B8:27:EB:6F:ED:ED,-69, WPA ,0.000000,0.000000,0.000,0.000,AP
2026-03-27 14:12:02,1900-01-00 00:00:00,0999-wombat,B8:27:EB:6F:ED:ED,-69, WPA ,0.000000,0.000000,0.000,0.000,AP
2026-03-27 14:12:02,1900-01-00 00:00:00,0999-wombat,B8:27:EB:6F:ED:ED,-69, WPA ,0.000000,0.000000,0.000,0.000,AP
2026-03-27 14:12:02,1900-01-00 00:00:00,0999-wombat,B8:27:EB:6F:ED:ED,-31, WPA ,0.000000,0.000000,0.000,0.000,AP
2026-03-27 14:12:02,1900-01-00 00:00:00,0999-wombat,B8:27:EB:6F:ED:ED,-31, WPA ,0.000000,0.000000,0.000,0.000,AP
2026-03-27 14:12:02,1900-01-00 00:00:00,0999-wombat,B8:27:EB:6F:ED:ED,-31, WPA ,0.000000,0.000000,0.000,0.000,AP
2026-03-27 14:12:02,1900-01-00 00:00:00,0999-wombat,B8:27:EB:6F:ED:ED,-31, WPA ,0.000000,0.000000,0.000,0.000,AP
2026-03-27 14:12:02,1900-01-00 00:00:00,0999-wombat,B8:27:EB:6F:ED:ED,-31, WPA ,0.000000,0.000000,0.000,0.000,AP
2026-03-27 14:12:02,1900-01-00 00:00:00,0999-wombat,B8:27:EB:6F:ED:ED,-31, WPA ,0.000000,0.000000,0.000,0.000,AP
2026-03-27 14:12:02,1900-01-00 00:00:00,0999-wombat,B8:27:EB:6F:ED:ED,-31, WPA ,0.000000,0.000000,0.000,0.000,AP
2026-03-27 14:12:02,1900-01-00 00:00:00,0999-wombat,B8:27:EB:6F:ED:ED,-31, WPA ,0.000000,0.000000,0.000,0.000,AP
2026-03-27 14:12:02,1900-01-00 00:00:00,0999-wombat,B8:27:EB:6F:ED:ED,-31, WPA ,0.000000,0.000000,0.000,0.000,AP
2026-03-27 14:12:02,1900-01-00 00:00:00,0999-wombat,B8:27:EB:6F:ED:ED,-31, WPA ,0.000000,0.000000,0.000,0.000,AP
2026-03-27 14:12:02,1900-01-00 00:00:00,0999-wombat,B8:27:EB:6F:ED:ED,-30, WPA ,0.000000,0.000000,0.000,0.000,AP
2026-03-27 14:12:02,1900-01-00 00:00:00,0999-wombat,B8:27:EB:6F:ED:ED,-68, WPA ,0.000000,0.000000,0.000,0.000,AP
2026-03-27 14:12:02,1900-01-00 00:00:00,0999-wombat,B8:27:EB:6F:ED:ED,-68, WPA ,0.000000,0.000000,0.000,0.000,AP
2026-03-27 14:12:02,1900-01-00 00:00:00,0999-wombat,B8:27:EB:6F:ED:ED,-31, WPA ,0.000000,0.000000,0.000,0.000,AP
2026-03-27 14:12:02,1900-01-00 00:00:00,0999-wombat,B8:27:EB:6F:ED:ED,-83, WPA ,0.000000,0.000000,0.000,0.000,AP
2026-03-27 14:12:02,1900-01-00 00:00:00,0999-wombat,B8:27:EB:6F:ED:ED,-30, WPA ,0.000000,0.000000,0.000,0.000,AP
2026-03-27 14:12:02,1900-01-00 00:00:00,0999-wombat,B8:27:EB:6F:ED:ED,-30, WPA ,0.000000,0.000000,0.000,0.000,AP
2026-03-27 14:12:02,1900-01-00 00:00:00,0999-wombat,B8:27:EB:6F:ED:ED,-30, WPA ,0.000000,0.000000,0.000,0.000,AP
2026-03-27 14:12:02,1900-01-00 00:00:00,0999-wombat,B8:27:EB:6F:ED:ED,-30, WPA ,0.000000,0.000000,0.000,0.000,AP
2026-03-27 14:12:02,1900-01-00 00:00:00,0999-wombat,B8:27:EB:6F:ED:ED,-30, WPA ,0.000000,0.000000,0.000,0.000,AP
2026-03-27 14:12:02,1900-01-00 00:00:00,0999-wombat,B8:27:EB:6F:ED:ED,-69, WPA ,0.000000,0.000000,0.000,0.000,AP
2026-03-27 14:12:02,1900-01-00 00:00:00,0999-wombat,B8:27:EB:6F:ED:ED,-69, WPA ,0.000000,0.000000,0.000,0.000,AP
2026-03-27 14:12:02,1900-01-00 00:00:00,0999-wombat,B8:27:EB:6F:ED:ED,-30, WPA ,0.000000,0.000000,0.000,0.000,AP
2026-03-27 14:12:02,1900-01-00 00:00:00,0999-wombat,B8:27:EB:6F:ED:ED,-30, WPA ,0.000000,0.000000,0.000,0.000,AP
2026-03-27 14:12:02,1900-01-00 00:00:00,0999-wombat,B8:27:EB:6F:ED:ED,-30, WPA ,0.000000,0.000000,0.000,0.000,AP
2026-03-27 14:12:02,1900-01-00 00:00:00,0999-wombat,B8:27:EB:6F:ED:ED,-30, WPA ,0.000000,0.000000,0.000,0.000,AP
2026-03-27 14:12:02,1900-01-00 00:00:00,0999-wombat,B8:27:EB:6F:ED:ED,-30, WPA ,0.000000,0.000000,0.000,0.000,AP
2026-03-27 14:12:02,1900-01-00 00:00:00,0999-wombat,B8:27:EB:6F:ED:ED,-30, WPA ,0.000000,0.000000,0.000,0.000,AP
2026-03-27 14:12:02,1900-01-00 00:00:00,0999-wombat,B8:27:EB:6F:ED:ED,-30, WPA ,0.000000,0.000000,0.000,0.000,AP
2026-03-27 14:12:02,1900-01-00 00:00:00,0999-wombat,B8:27:EB:6F:ED:ED,-30, WPA ,0.000000,0.000000,0.000,0.000,AP
2026-03-27 14:12:02,1900-01-00 00:00:00,0999-wombat,B8:27:EB:6F:ED:ED,-30, WPA ,0.000000,0.000000,0.000,0.000,AP
2026-03-27 14:12:02,1900-01-00 00:00:00,0999-wombat,B8:27:EB:6F:ED:ED,-30, WPA ,0.000000,0.000000,0.000,0.000,AP
2026-03-27 14:12:02,1900-01-00 00:00:00,0999-wombat,B8:27:EB:6F:ED:ED,-30, WPA ,0.000000,0.000000,0.000,0.000,AP
2026-03-27 14:12:02,1900-01-00 00:00:00,0999-wombat,B8:27:EB:6F:ED:ED,-30, WPA ,0.000000,0.000000,0.000,0.000,AP
2026-03-27 14:12:02,1900-01-00 00:00:00,0999-wombat,B8:27:EB:6F:ED:ED,-30, WPA ,0.000000,0.000000,0.000,0.000,AP
2026-03-27 14:12:02,1900-01-00 00:00:00,0999-wombat,B8:27:EB:6F:ED:ED,-30, WPA ,0.000000,0.000000,0.000,0.000,AP
2026-03-27 14:12:02,1900-01-00 00:00:00,0999-wombat,B8:27:EB:6F:ED:ED,-30, WPA ,0.000000,0.000000,0.000,0.000,AP
2026-03-27 14:12:02,1900-01-00 00:00:00,0999-wombat,B8:27:EB:6F:ED:ED,-30, WPA ,0.000000,0.000000,0.000,0.000,AP
2026-03-27 14:12:02,1900-01-00 00:00:00,0999-wombat,B8:27:EB:6F:ED:ED,-30, WPA ,0.000000,0.000000,0.000,0.000,AP
2026-03-27 14:12:02,1900-01-00 00:00:00,0999-wombat,B8:27:EB:6F:ED:ED,-30, WPA ,0.000000,0.000000,0.000,0.000,AP
2026-03-27 14:12:02,1900-01-00 00:00:00,0999-wombat,B8:27:EB:6F:ED:ED,-30, WPA ,0.000000,0.000000,0.000,0.000,AP
2026-03-27 14:12:02,1900-01-00 00:00:00,0999-wombat,B8:27:EB:6F:ED:ED,-30, WPA ,0.000000,0.000000,0.000,0.000,AP
2026-03-27 14:12:02,1900-01-00 00:00:00,0999-wombat,B8:27:EB:6F:ED:ED,-30, WPA ,0.000000,0.000000,0.000,0.000,AP
2026-03-27 14:12:02,1900-01-00 00:00:00,0999-wombat,B8:27:EB:6F:ED:ED,-30, WPA ,0.000000,0.000000,0.000,0.000,AP
2026-03-27 14:12:02,1900-01-00 00:00:00,0999-wombat,B8:27:EB:6F:ED:ED,-30, WPA ,0.000000,0.000000,0.000,0.000,AP
2026-03-27 14:12:02,1900-01-00 00:00:00,0999-wombat,B8:27:EB:6F:ED:ED,-30, WPA ,0.000000,0.000000,0.000,0.000,AP
2026-03-27 14:12:02,1900-01-00 00:00:00,0999-wombat,B8:27:EB:6F:ED:ED,-30, WPA ,0.000000,0.000000,0.000,0.000,AP
2026-03-27 14:12:02,1900-01-00 00:00:00,0999-wombat,B8:27:EB:6F:ED:ED,-30, WPA ,0.000000,0.000000,0.000,0.000,AP
2026-03-27 14:12:02,1900-01-00 00:00:00,0999-wombat,B8:27:EB:6F:ED:ED,-30, WPA ,0.000000,0.000000,0.000,0.000,AP
2026-03-27 14:12:02,1900-01-00 00:00:00,0999-wombat,B8:27:EB:6F:ED:ED,-32, WPA ,0.000000,0.000000,0.000,0.000,AP
2026-03-27 14:12:02,1900-01-00 00:00:00,0999-wombat,B8:27:EB:6F:ED:ED,-32, WPA ,0.000000,0.000000,0.000,0.000,AP
2026-03-27 14:12:02,1900-01-00 00:00:00,0999-wombat,B8:27:EB:6F:ED:ED,-66, WPA ,0.000000,0.000000,0.000,0.000,AP
2026-03-27 14:12:02,1900-01-00 00:00:00,0999-wombat,B8:27:EB:6F:ED:ED,-66, WPA ,0.000000,0.000000,0.000,0.000,AP
2026-03-27 14:12:02,1900-01-00 00:00:00,0999-wombat,B8:27:EB:6F:ED:ED,-66, WPA ,0.000000,0.000000,0.000,0.000,AP
2026-03-27 14:12:02,1900-01-00 00:00:00,0999-wombat,B8:27:EB:6F:ED:ED,-66, WPA ,0.000000,0.000000,0.000,0.000,AP
2026-03-27 14:12:02,1900-01-00 00:00:00,0999-wombat,B8:27:EB:6F:ED:ED,-66, WPA ,0.000000,0.000000,0.000,0.000,AP
2026-03-27 14:12:02,1900-01-00 00:00:00,0999-wombat,B8:27:EB:6F:ED:ED,-66, WPA ,0.000000,0.000000,0.000,0.000,AP
2026-03-27 14:12:02,1900-01-00 00:00:00,0999-wombat,B8:27:EB:6F:ED:ED,-66, WPA ,0.000000,0.000000,0.000,0.000,AP
2026-03-27 14:12:02,1900-01-00 00:00:00,0999-wombat,B8:27:EB:6F:ED:ED,-66, WPA ,0.000000,0.000000,0.000,0.000,AP
2026-03-27 14:12:02,1900-01-00 00:00:00,0999-wombat,B8:27:EB:6F:ED:ED,-66, WPA ,0.000000,0.000000,0.000,0.000,AP
2026-03-27 14:12:02,1900-01-00 00:00:00,0999-wombat,B8:27:EB:6F:ED:ED,-66, WPA ,0.000000,0.000000,0.000,0.000,AP
2026-03-27 14:12:02,1900-01-00 00:00:00,0999-wombat,B8:27:EB:6F:ED:ED,-66, WPA ,0.000000,0.000000,0.000,0.000,AP
2026-03-27 14:12:02,1900-01-00 00:00:00,0999-wombat,B8:27:EB:6F:ED:ED,-66, WPA ,0.000000,0.000000,0.000,0.000,AP
2026-03-27 14:12:02,1900-01-00 00:00:00,0999-wombat,B8:27:EB:6F:ED:ED,-66, WPA ,0.000000,0.000000,0.000,0.000,AP
2026-03-27 14:12:02,1900-01-00 00:00:00,0999-wombat,B8:27:EB:6F:ED:ED,-66, WPA ,0.000000,0.000000,0.000,0.000,AP
2026-03-27 14:12:02,1900-01-00 00:00:00,0999-wombat,B8:27:EB:6F:ED:ED,-66, WPA ,0.000000,0.000000,0.000,0.000,AP
2026-03-27 14:12:02,1900-01-00 00:00:00,0999-wombat,B8:27:EB:6F:ED:ED,-66, WPA ,0.000000,0.000000,0.000,0.000,AP
2026-03-27 14:12:02,1900-01-00 00:00:00,0999-wombat,B8:27:EB:6F:ED:ED,-66, WPA ,0.000000,0.000000,0.000,0.000,AP
2026-03-27 14:12:02,1900-01-00 00:00:00,0999-wombat,B8:27:EB:6F:ED:ED,-66, WPA ,0.000000,0.000000,0.000,0.000,AP
2026-03-27 14:12:02,1900-01-00 00:00:00,0999-wombat,B8:27:EB:6F:ED:ED,-66, WPA ,0.000000,0.000000,0.000,0.000,AP
2026-03-27 14:12:02,1900-01-00 00:00:00,0999-wombat,B8:27:EB:6F:ED:ED,-66, WPA ,0.000000,0.000000,0.000,0.000,AP
2026-03-27 14:12:02,1900-01-00 00:00:00,0999-wombat,B8:27:EB:6F:ED:ED,-66, WPA ,0.000000,0.000000,0.000,0.000,AP
2026-03-27 14:12:02,1900-01-00 00:00:00,0999-wombat,B8:27:EB:6F:ED:ED,-66, WPA ,0.000000,0.000000,0.000,0.000,AP
2026-03-27 14:12:02,1900-01-00 00:00:00,0999-wombat,B8:27:EB:6F:ED:ED,-66, WPA ,0.000000,0.000000,0.000,0.000,AP
2026-03-27 14:12:02,1900-01-00 00:00:00,0999-wombat,B8:27:EB:6F:ED:ED,-66, WPA ,0.000000,0.000000,0.000,0.000,AP
2026-03-27 14:12:02,1900-01-00 00:00:00,0999-wombat,B8:27:EB:6F:ED:ED,-66, WPA ,0.000000,0.000000,0.000,0.000,AP
2026-03-27 14:12:02,1900-01-00 00:00:00,0999-wombat,B8:27:EB:6F:ED:ED,-66, WPA ,0.000000,0.000000,0.000,0.000,AP
2026-03-27 14:12:02,1900-01-00 00:00:00,0999-wombat,B8:27:EB:6F:ED:ED,-66, WPA ,0.000000,0.000000,0.000,0.000,AP
2026-03-27 14:12:02,1900-01-00 00:00:00,0999-wombat,B8:27:EB:6F:ED:ED,-66, WPA ,0.000000,0.000000,0.000,0.000,AP
2026-03-27 14:12:02,1900-01-00 00:00:00,0999-wombat,B8:27:EB:6F:ED:ED,-66, WPA ,0.000000,0.000000,0.000,0.000,AP
2026-03-27 14:12:02,1900-01-00 00:00:00,0999-wombat,B8:27:EB:6F:ED:ED,-66, WPA ,0.000000,0.000000,0.000,0.000,AP
2026-03-27 14:12:02,1900-01-00 00:00:00,0999-wombat,B8:27:EB:6F:ED:ED,-66, WPA ,0.000000,0.000000,0.000,0.000,AP
2026-03-27 14:12:02,1900-01-00 00:00:00,0999-wombat,B8:27:EB:6F:ED:ED,-66, WPA ,0.000000,0.000000,0.000,0.000,AP
2026-03-27 14:12:02,1900-01-00 00:00:00,0999-wombat,B8:27:EB:6F:ED:ED,-66, WPA ,0.000000,0.000000,0.000,0.000,AP
2026-03-27 14:12:02,1900-01-00 00:00:00,0999-wombat,B8:27:EB:6F:ED:ED,-66, WPA ,0.000000,0.000000,0.000,0.000,AP
2026-03-27 14:12:02,1900-01-00 00:00:00,0999-wombat,B8:27:EB:6F:ED:ED,-66, WPA ,0.000000,0.000000,0.000,0.000,AP
2026-03-27 14:12:02,1900-01-00 00:00:00,0999-wombat,B8:27:EB:6F:ED:ED,-66, WPA ,0.000000,0.000000,0.000,0.000,AP
2026-03-27 14:12:02,1900-01-00 00:00:00,0999-wombat,B8:27:EB:6F:ED:ED,-66, WPA ,0.000000,0.000000,0.000,0.000,AP
2026-03-27 14:12:02,1900-01-00 00:00:00,0999-wombat,B8:27:EB:6F:ED:ED,-66, WPA ,0.000000,0.000000,0.000,0.000,AP
2026-03-27 14:12:02,1900-01-00 00:00:00,0999-wombat,B8:27:EB:6F:ED:ED,-66, WPA ,0.000000,0.000000,0.000,0.000,AP
2026-03-27 14:12:02,1900-01-00 00:00:00,0999-wombat,B8:27:EB:6F:ED:ED,-66, WPA ,0.000000,0.000000,0.000,0.000,AP
2026-03-27 14:12:02,1900-01-00 00:00:00,0999-wombat,B8:27:EB:6F:ED:ED,-66, WPA ,0.000000,0.000000,0.000,0.000,AP
2026-03-27 14:12:02,1900-01-00 00:00:00,0999-wombat,B8:27:EB:6F:ED:ED,-66, WPA ,0.000000,0.000000,0.000,0.000,AP
2026-03-27 14:12:02,1900-01-00 00:00:00,0999-wombat,B8:27:EB:6F:ED:ED,-80, WPA ,0.000000,0.000000,0.000,0.000,AP
2026-03-27 14:12:02,1900-01-00 00:00:00,0999-wombat,B8:27:EB:6F:ED:ED,-80, WPA ,0.000000,0.000000,0.000,0.000,AP
2026-03-27 14:12:02,1900-01-00 00:00:00,0999-wombat,B8:27:EB:6F:ED:ED,-80, WPA ,0.000000,0.000000,0.000,0.000,AP
2026-03-27 14:12:02,1900-01-00 00:00:00,0999-wombat,B8:27:EB:6F:ED:ED,-80, WPA ,0.000000,0.000000,0.000,0.000,AP
2026-03-27 14:12:02,1900-01-00 00:00:00,0999-wombat,B8:27:EB:6F:ED:ED,-80, WPA ,0.000000,0.000000,0.000,0.000,AP
2026-03-27 14:12:02,1900-01-00 00:00:00,0999-wombat,B8:27:EB:6F:ED:ED,-80, WPA ,0.000000,0.000000,0.000,0.000,AP
2026-03-27 14:12:02,1900-01-00 00:00:00,0999-wombat,B8:27:EB:6F:ED:ED,-80, WPA ,0.000000,0.000000,0.000,0.000,AP
2026-03-27 14:12:02,1900-01-00 00:00:00,0999-wombat,B8:27:EB:6F:ED:ED,-54, WPA ,0.000000,0.000000,0.000,0.000,AP
2026-03-27 14:12:02,1900-01-00 00:00:00,0999-wombat,B8:27:EB:6F:ED:ED,-54, WPA ,0.000000,0.000000,0.000,0.000,AP
2026-03-27 14:12:02,1900-01-00 00:00:00,0999-wombat,B8:27:EB:6F:ED:ED,-54, WPA ,0.000000,0.000000,0.000,0.000,AP
2026-03-27 14:12:02,1900-01-00 00:00:00,0999-wombat,B8:27:EB:6F:ED:ED,-54, WPA ,0.000000,0.000000,0.000,0.000,AP
2026-03-27 14:12:02,1900-01-00 00:00:00,0999-wombat,B8:27:EB:6F:ED:ED,-54, WPA ,0.000000,0.000000,0.000,0.000,AP
2026-03-27 14:12:02,1900-01-00 00:00:00,0999-wombat,B8:27:EB:6F:ED:ED,-54, WPA ,0.000000,0.000000,0.000,0.000,AP
2026-03-27 14:12:02,1900-01-00 00:00:00,0999-wombat,B8:27:EB:6F:ED:ED,-54, WPA ,0.000000,0.000000,0.000,0.000,AP
2026-03-27 14:12:02,1900-01-00 00:00:00,0999-wombat,B8:27:EB:6F:ED:ED,-54, WPA ,0.000000,0.000000,0.000,0.000,AP
2026-03-27 14:12:02,1900-01-00 00:00:00,0999-wombat,B8:27:EB:6F:ED:ED,-54, WPA ,0.000000,0.000000,0.000,0.000,AP
2026-03-27 14:12:02,1900-01-00 00:00:00,0999-wombat,B8:27:EB:6F:ED:ED,-54, WPA ,0.000000,0.000000,0.000,0.000,AP
2026-03-27 14:12:02,1900-01-00 00:00:00,0999-wombat,B8:27:EB:6F:ED:ED,-54, WPA ,0.000000,0.000000,0.000,0.000,AP
2026-03-27 14:12:02,1900-01-00 00:00:00,0999-wombat,B8:27:EB:6F:ED:ED,-54, WPA ,0.000000,0.000000,0.000,0.000,AP
2026-03-27 14:12:02,1900-01-00 00:00:00,0999-wombat,B8:27:EB:6F:ED:ED,-54, WPA ,0.000000,0.000000,0.000,0.000,AP
2026-03-27 14:12:02,1900-01-00 00:00:00,0999-wombat,B8:27:EB:6F:ED:ED,-54, WPA ,0.000000,0.000000,0.000,0.000,AP
2026-03-27 14:12:02,1900-01-00 00:00:00,0999-wombat,B8:27:EB:6F:ED:ED,-54, WPA ,0.000000,0.000000,0.000,0.000,AP
2026-03-27 14:12:02,1900-01-00 00:00:00,0999-wombat,B8:27:EB:6F:ED:ED,-54, WPA ,0.000000,0.000000,0.000,0.000,AP
2026-03-27 14:12:02,1900-01-00 00:00:00,0999-wombat,B8:27:EB:6F:ED:ED,-54, WPA ,0.000000,0.000000,0.000,0.000,AP
2026-03-27 14:12:02,1900-01-00 00:00:00,0999-wombat,B8:27:EB:6F:ED:ED,-54, WPA ,0.000000,0.000000,0.000,0.000,AP
2026-03-27 14:12:02,1900-01-00 00:00:00,0999-wombat,B8:27:EB:6F:ED:ED,-30, WPA ,0.000000,0.000000,0.000,0.000,AP
2026-03-27 14:12:02,1900-01-00 00:00:00,0999-wombat,B8:27:EB:6F:ED:ED,-30, WPA ,0.000000,0.000000,0.000,0.000,AP
2026-03-27 14:12:02,1900-01-00 00:00:00,0999-wombat,B8:27:EB:6F:ED:ED,-30, WPA ,0.000000,0.000000,0.000,0.000,AP
2026-03-27 14:12:02,1900-01-00 00:00:00,0999-wombat,B8:27:EB:6F:ED:ED,-30, WPA ,0.000000,0.000000,0.000,0.000,AP
2026-03-27 14:12:02,1900-01-00 00:00:00,0999-wombat,B8:27:EB:6F:ED:ED,-30, WPA ,0.000000,0.000000,0.000,0.000,AP
2026-03-27 14:12:02,1900-01-00 00:00:00,0999-wombat,B8:27:EB:6F:ED:ED,-30, WPA ,0.000000,0.000000,0.000,0.000,AP
2026-03-27 14:12:02,1900-01-00 00:00:00,0999-wombat,B8:27:EB:6F:ED:ED,-30, WPA ,0.000000,0.000000,0.000,0.000,AP
2026-03-27 14:12:02,1900-01-00 00:00:00,0999-wombat,B8:27:EB:6F:ED:ED,-30, WPA ,0.000000,0.000000,0.000,0.000,AP
2026-03-27 14:12:02,1900-01-00 00:00:00,0999-wombat,B8:27:EB:6F:ED:ED,-30, WPA ,0.000000,0.000000,0.000,0.000,AP
2026-03-27 14:12:02,1900-01-00 00:00:00,0999-wombat,B8:27:EB:6F:ED:ED,-30, WPA ,0.000000,0.000000,0.000,0.000,AP
2026-03-27 14:12:02,1900-01-00 00:00:00,0999-wombat,B8:27:EB:6F:ED:ED,-30, WPA ,0.000000,0.000000,0.000,0.000,AP
2026-03-27 14:12:02,1900-01-00 00:00:00,0999-wombat,B8:27:EB:6F:ED:ED,-30, WPA ,0.000000,0.000000,0.000,0.000,AP
2026-03-27 14:12:02,1900-01-00 00:00:00,0999-wombat,B8:27:EB:6F:ED:ED,-67, WPA ,0.000000,0.000000,0.000,0.000,AP
2026-03-27 14:12:02,1900-01-00 00:00:00,0999-wombat,B8:27:EB:6F:ED:ED,-67, WPA ,0.000000,0.000000,0.000,0.000,AP
2026-03-27 14:12:02,1900-01-00 00:00:00,0999-wombat,B8:27:EB:6F:ED:ED,-67, WPA ,0.000000,0.000000,0.000,0.000,AP
2026-03-27 14:12:02,1900-01-00 00:00:00,0999-wombat,B8:27:EB:6F:ED:ED,-67, WPA ,0.000000,0.000000,0.000,0.000,AP
2026-03-27 14:12:02,1900-01-00 00:00:00,0999-wombat,B8:27:EB:6F:ED:ED,-67, WPA ,0.000000,0.000000,0.000,0.000,AP
2026-03-27 14:12:02,1900-01-00 00:00:00,0999-wombat,B8:27:EB:6F:ED:ED,-67, WPA ,0.000000,0.000000,0.000,0.000,AP
2026-03-27 14:12:02,1900-01-00 00:00:00,0999-wombat,B8:27:EB:6F:ED:ED,-67, WPA ,0.000000,0.000000,0.000,0.000,AP
2026-03-27 14:12:02,1900-01-00 00:00:00,0999-wombat,B8:27:EB:6F:ED:ED,-67, WPA ,0.000000,0.000000,0.000,0.000,AP
2026-03-27 14:12:02,1900-01-00 00:00:00,0999-wombat,B8:27:EB:6F:ED:ED,-67, WPA ,0.000000,0.000000,0.000,0.000,AP
2026-03-27 14:12:02,1900-01-00 00:00:00,0999-wombat,B8:27:EB:6F:ED:ED,-67, WPA ,0.000000,0.000000,0.000,0.000,AP
2026-03-27 14:12:02,1900-01-00 00:00:00,0999-wombat,B8:27:EB:6F:ED:ED,-67, WPA ,0.000000,0.000000,0.000,0.000,AP
2026-03-27 14:12:02,1900-01-00 00:00:00,0999-wombat,B8:27:EB:6F:ED:ED,-67, WPA ,0.000000,0.000000,0.000,0.000,AP
2026-03-27 14:12:02,1900-01-00 00:00:00,0999-wombat,B8:27:EB:6F:ED:ED,-67, WPA ,0.000000,0.000000,0.000,0.000,AP
2026-03-27 14:12:02,1900-01-00 00:00:00,0999-wombat,B8:27:EB:6F:ED:ED,-67, WPA ,0.000000,0.000000,0.000,0.000,AP
2026-03-27 14:12:02,1900-01-00 00:00:00,0999-wombat,B8:27:EB:6F:ED:ED,-67, WPA ,0.000000,0.000000,0.000,0.000,AP
2026-03-27 14:12:02,1900-01-00 00:00:00,0999-wombat,B8:27:EB:6F:ED:ED,-67, WPA ,0.000000,0.000000,0.000,0.000,AP
2026-03-27 14:12:02,1900-01-00 00:00:00,0999-wombat,B8:27:EB:6F:ED:ED,-67, WPA ,0.000000,0.000000,0.000,0.000,AP
2026-03-27 14:12:02,1900-01-00 00:00:00,0999-wombat,B8:27:EB:6F:ED:ED,-67, WPA ,0.000000,0.000000,0.000,0.000,AP
2026-03-27 14:12:02,1900-01-00 00:00:00,0999-wombat,B8:27:EB:6F:ED:ED,-67, WPA ,0.000000,0.000000,0.000,0.000,AP
2026-03-27 14:12:02,1900-01-00 00:00:00,0999-wombat,B8:27:EB:6F:ED:ED,-67, WPA ,0.000000,0.000000,0.000,0.000,AP
2026-03-27 14:12:02,1900-01-00 00:00:00,0999-wombat,B8:27:EB:6F:ED:ED,-70, WPA ,0.000000,0.000000,0.000,0.000,AP
2026-03-27 14:12:02,1900-01-00 00:00:00,0999-wombat,B8:27:EB:6F:ED:ED,-70, WPA ,0.000000,0.000000,0.000,0.000,AP
2026-03-27 14:12:02,1900-01-00 00:00:00,0999-wombat,B8:27:EB:6F:ED:ED,-70, WPA ,0.000000,0.000000,0.000,0.000,AP
2026-03-27 14:12:02,1900-01-00 00:00:00,0999-wombat,B8:27:EB:6F:ED:ED,-70, WPA ,0.000000,0.000000,0.000,0.000,AP
2026-03-27 14:12:02,1900-01-00 00:00:00,0999-wombat,B8:27:EB:6F:ED:ED,-70, WPA ,0.000000,0.000000,0.000,0.000,AP
2026-03-27 14:12:02,1900-01-00 00:00:00,0999-wombat,B8:27:EB:6F:ED:ED,-70, WPA ,0.000000,0.000000,0.000,0.000,AP
2026-03-27 14:12:02,1900-01-00 00:00:00,0999-wombat,B8:27:EB:6F:ED:ED,-70, WPA ,0.000000,0.000000,0.000,0.000,AP
2026-03-27 14:12:02,1900-01-00 00:00:00,0999-wombat,B8:27:EB:6F:ED:ED,-70, WPA ,0.000000,0.000000,0.000,0.000,AP
2026-03-27 14:12:02,1900-01-00 00:00:00,0999-wombat,B8:27:EB:6F:ED:ED,-70, WPA ,0.000000,0.000000,0.000,0.000,AP
2026-03-27 14:12:02,1900-01-00 00:00:00,0999-wombat,B8:27:EB:6F:ED:ED,-70, WPA ,0.000000,0.000000,0.000,0.000,AP
2026-03-27 14:12:02,1900-01-00 00:00:00,0999-wombat,B8:27:EB:6F:ED:ED,-68, WPA ,0.000000,0.000000,0.000,0.000,AP
2026-03-27 14:12:02,1900-01-00 00:00:00,0999-wombat,B8:27:EB:6F:ED:ED,-68, WPA ,0.000000,0.000000,0.000,0.000,AP
2026-03-27 14:12:02,1900-01-00 00:00:00,0999-wombat,B8:27:EB:6F:ED:ED,-68, WPA ,0.000000,0.000000,0.000,0.000,AP
2026-03-27 14:12:02,1900-01-00 00:00:00,0999-wombat,B8:27:EB:6F:ED:ED,-68, WPA ,0.000000,0.000000,0.000,0.000,AP
2026-03-27 14:12:02,1900-01-00 00:00:00,0999-wombat,B8:27:EB:6F:ED:ED,-68, WPA ,0.000000,0.000000,0.000,0.000,AP
2026-03-27 14:12:02,1900-01-00 00:00:00,0999-wombat,B8:27:EB:6F:ED:ED,-68, WPA ,0.000000,0.000000,0.000,0.000,AP
2026-03-27 14:12:02,1900-01-00 00:00:00,0999-wombat,B8:27:EB:6F:ED:ED,-68, WPA ,0.000000,0.000000,0.000,0.000,AP
2026-03-27 14:12:02,1900-01-00 00:00:00,0999-wombat,B8:27:EB:6F:ED:ED,-68, WPA ,0.000000,0.000000,0.000,0.000,AP
2026-03-27 14:12:02,1900-01-00 00:00:00,0999-wombat,B8:27:EB:6F:ED:ED,-68, WPA ,0.000000,0.000000,0.000,0.000,AP
2026-03-27 14:12:02,1900-01-00 00:00:00,0999-wombat,B8:27:EB:6F:ED:ED,-68, WPA ,0.000000,0.000000,0.000,0.000,AP
2026-03-27 14:12:02,1900-01-00 00:00:00,0999-wombat,B8:27:EB:6F:ED:ED,-68, WPA ,0.000000,0.000000,0.000,0.000,AP
2026-03-27 14:12:02,1900-01-00 00:00:00,0999-wombat,B8:27:EB:6F:ED:ED,-68, WPA ,0.000000,0.000000,0.000,0.000,AP
2026-03-27 14:12:02,1900-01-00 00:00:00,0999-wombat,B8:27:EB:6F:ED:ED,-68, WPA ,0.000000,0.000000,0.000,0.000,AP
2026-03-27 14:12:02,1900-01-00 00:00:00,0999-wombat,B8:27:EB:6F:ED:ED,-68, WPA ,0.000000,0.000000,0.000,0.000,AP
2026-03-27 14:12:02,1900-01-00 00:00:00,0999-wombat,B8:27:EB:6F:ED:ED,-68, WPA ,0.000000,0.000000,0.000,0.000,AP
2026-03-27 14:12:02,1900-01-00 00:00:00,0999-wombat,B8:27:EB:6F:ED:ED,-68, WPA ,0.000000,0.000000,0.000,0.000,AP
2026-03-27 14:12:02,1900-01-00 00:00:00,0999-wombat,B8:27:EB:6F:ED:ED,-68, WPA ,0.000000,0.000000,0.000,0.000,AP
2026-03-27 14:12:02,1900-01-00 00:00:00,0999-wombat,B8:27:EB:6F:ED:ED,-68, WPA ,0.000000,0.000000,0.000,0.000,AP
2026-03-27 14:12:02,1900-01-00 00:00:00,0999-wombat,B8:27:EB:6F:ED:ED,-68, WPA ,0.000000,0.000000,0.000,0.000,AP
2026-03-27 14:12:02,1900-01-00 00:00:00,0999-wombat,B8:27:EB:6F:ED:ED,-68, WPA ,0.000000,0.000000,0.000,0.000,AP
2026-03-27 14:12:02,1900-01-00 00:00:00,0999-wombat,B8:27:EB:6F:ED:ED,-68, WPA ,0.000000,0.000000,0.000,0.000,AP
2026-03-27 14:12:02,1900-01-00 00:00:00,0999-wombat,B8:27:EB:6F:ED:ED,-68, WPA ,0.000000,0.000000,0.000,0.000,AP
2026-03-27 14:12:02,1900-01-00 00:00:00,0999-wombat,B8:27:EB:6F:ED:ED,-68, WPA ,0.000000,0.000000,0.000,0.000,AP
2026-03-27 14:12:02,1900-01-00 00:00:00,0999-wombat,B8:27:EB:6F:ED:ED,-68, WPA ,0.000000,0.000000,0.000,0.000,AP
2026-03-27 14:12:02,1900-01-00 00:00:00,0999-wombat,B8:27:EB:6F:ED:ED,-68, WPA ,0.000000,0.000000,0.000,0.000,AP
2026-03-27 14:12:02,1900-01-00 00:00:00,0999-wombat,B8:27:EB:6F:ED:ED,-68, WPA ,0.000000,0.000000,0.000,0.000,AP
2026-03-27 14:12:02,1900-01-00 00:00:00,0999-wombat,B8:27:EB:6F:ED:ED,-68, WPA ,0.000000,0.000000,0.000,0.000,AP
2026-03-27 14:12:02,1900-01-00 00:00:00,0999-wombat,B8:27:EB:6F:ED:ED,-68, WPA ,0.000000,0.000000,0.000,0.000,AP
2026-03-27 14:12:02,1900-01-00 00:00:00,0999-wombat,B8:27:EB:6F:ED:ED,-68, WPA ,0.000000,0.000000,0.000,0.000,AP
2026-03-27 14:12:02,1900-01-00 00:00:00,0999-wombat,B8:27:EB:6F:ED:ED,-68, WPA ,0.000000,0.000000,0.000,0.000,AP
2026-03-27 14:12:02,1900-01-00 00:00:00,0999-wombat,B8:27:EB:6F:ED:ED,-68, WPA ,0.000000,0.000000,0.000,0.000,AP
2026-03-27 14:12:02,1900-01-00 00:00:00,0999-wombat,B8:27:EB:6F:ED:ED,-68, WPA ,0.000000,0.000000,0.000,0.000,AP
2026-03-27 14:12:02,1900-01-00 00:00:00,0999-wombat,B8:27:EB:6F:ED:ED,-68, WPA ,0.000000,0.000000,0.000,0.000,AP
2026-03-27 14:12:02,1900-01-00 00:00:00,0999-wombat,B8:27:EB:6F:ED:ED,-81, WPA ,0.000000,0.000000,0.000,0.000,AP
2026-03-27 14:12:02,1900-01-00 00:00:00,0999-wombat,B8:27:EB:6F:ED:ED,-81, WPA ,0.000000,0.000000,0.000,0.000,AP
2026-03-27 14:12:02,1900-01-00 00:00:00,0999-wombat,B8:27:EB:6F:ED:ED,-81, WPA ,0.000000,0.000000,0.000,0.000,AP
2026-03-27 14:12:03,1900-01-00 00:00:00,0999-wombat,B8:27:EB:6F:ED:ED,-81, WPA ,0.000000,0.000000,0.000,0.000,AP
2026-03-27 14:12:03,1900-01-00 00:00:00,0999-wombat,B8:27:EB:6F:ED:ED,-81, WPA ,0.000000,0.000000,0.000,0.000,AP
2026-03-27 14:12:03,1900-01-00 00:00:00,0999-wombat,B8:27:EB:6F:ED:ED,-81, WPA ,0.000000,0.000000,0.000,0.000,AP
2026-03-27 14:12:03,1900-01-00 00:00:00,0999-wombat,B8:27:EB:6F:ED:ED,-81, WPA ,0.000000,0.000000,0.000,0.000,AP
2026-03-27 14:12:03,1900-01-00 00:00:00,0999-wombat,B8:27:EB:6F:ED:ED,-81, WPA ,0.000000,0.000000,0.000,0.000,AP
2026-03-27 14:12:03,1900-01-00 00:00:00,0999-wombat,B8:27:EB:6F:ED:ED,-53, WPA ,0.000000,0.000000,0.000,0.000,AP
2026-03-27 14:12:03,1900-01-00 00:00:00,0999-wombat,B8:27:EB:6F:ED:ED,-53, WPA ,0.000000,0.000000,0.000,0.000,AP
2026-03-27 14:12:03,1900-01-00 00:00:00,0999-wombat,B8:27:EB:6F:ED:ED,-53, WPA ,0.000000,0.000000,0.000,0.000,AP
2026-03-27 14:12:03,1900-01-00 00:00:00,0999-wombat,B8:27:EB:6F:ED:ED,-53, WPA ,0.000000,0.000000,0.000,0.000,AP
2026-03-27 14:12:03,1900-01-00 00:00:00,0999-wombat,B8:27:EB:6F:ED:ED,-53, WPA ,0.000000,0.000000,0.000,0.000,AP
2026-03-27 14:12:03,1900-01-00 00:00:00,0999-wombat,B8:27:EB:6F:ED:ED,-53, WPA ,0.000000,0.000000,0.000,0.000,AP
2026-03-27 14:12:03,1900-01-00 00:00:00,0999-wombat,B8:27:EB:6F:ED:ED,-53, WPA ,0.000000,0.000000,0.000,0.000,AP
2026-03-27 14:12:03,1900-01-00 00:00:00,0999-wombat,B8:27:EB:6F:ED:ED,-53, WPA ,0.000000,0.000000,0.000,0.000,AP
2026-03-27 14:12:03,1900-01-00 00:00:00,0999-wombat,B8:27:EB:6F:ED:ED,-53, WPA ,0.000000,0.000000,0.000,0.000,AP
2026-03-27 14:12:03,1900-01-00 00:00:00,0999-wombat,B8:27:EB:6F:ED:ED,-53, WPA ,0.000000,0.000000,0.000,0.000,AP
2026-03-27 14:12:03,1900-01-00 00:00:00,0999-wombat,B8:27:EB:6F:ED:ED,-53, WPA ,0.000000,0.000000,0.000,0.000,AP
2026-03-27 14:12:03,1900-01-00 00:00:00,0999-wombat,B8:27:EB:6F:ED:ED,-53, WPA ,0.000000,0.000000,0.000,0.000,AP
2026-03-27 14:12:03,1900-01-00 00:00:00,0999-wombat,B8:27:EB:6F:ED:ED,-53, WPA ,0.000000,0.000000,0.000,0.000,AP
2026-03-27 14:12:03,1900-01-00 00:00:00,0999-wombat,B8:27:EB:6F:ED:ED,-53, WPA ,0.000000,0.000000,0.000,0.000,AP
2026-03-27 14:12:03,1900-01-00 00:00:00,0999-wombat,B8:27:EB:6F:ED:ED,-53, WPA ,0.000000,0.000000,0.000,0.000,AP
2026-03-27 14:12:03,1900-01-00 00:00:00,0999-wombat,B8:27:EB:6F:ED:ED,-53, WPA ,0.000000,0.000000,0.000,0.000,AP
2026-03-27 14:12:03,1900-01-00 00:00:00,0999-wombat,B8:27:EB:6F:ED:ED,-53, WPA ,0.000000,0.000000,0.000,0.000,AP
2026-03-27 14:12:03,1900-01-00 00:00:00,0999-wombat,B8:27:EB:6F:ED:ED,-53, WPA ,0.000000,0.000000,0.000,0.000,AP
2026-03-27 14:12:03,1900-01-00 00:00:00,0999-wombat,B8:27:EB:6F:ED:ED,-31, WPA ,0.000000,0.000000,0.000,0.000,AP
2026-03-27 14:12:03,1900-01-00 00:00:00,0999-wombat,B8:27:EB:6F:ED:ED,-31, WPA ,0.000000,0.000000,0.000,0.000,AP
2026-03-27 14:12:03,1900-01-00 00:00:00,0999-wombat,B8:27:EB:6F:ED:ED,-31, WPA ,0.000000,0.000000,0.000,0.000,AP
2026-03-27 14:12:03,1900-01-00 00:00:00,0999-wombat,B8:27:EB:6F:ED:ED,-31, WPA ,0.000000,0.000000,0.000,0.000,AP
2026-03-27 14:12:03,1900-01-00 00:00:00,0999-wombat,B8:27:EB:6F:ED:ED,-31, WPA ,0.000000,0.000000,0.000,0.000,AP
2026-03-27 14:12:03,1900-01-00 00:00:00,0999-wombat,B8:27:EB:6F:ED:ED,-31, WPA ,0.000000,0.000000,0.000,0.000,AP
2026-03-27 14:12:03,1900-01-00 00:00:00,0999-wombat,B8:27:EB:6F:ED:ED,-31, WPA ,0.000000,0.000000,0.000,0.000,AP
2026-03-27 14:12:03,1900-01-00 00:00:00,0999-wombat,B8:27:EB:6F:ED:ED,-31, WPA ,0.000000,0.000000,0.000,0.000,AP
2026-03-27 14:12:03,1900-01-00 00:00:00,0999-wombat,B8:27:EB:6F:ED:ED,-31, WPA ,0.000000,0.000000,0.000,0.000,AP
2026-03-27 14:12:03,1900-01-00 00:00:00,0999-wombat,B8:27:EB:6F:ED:ED,-31, WPA ,0.000000,0.000000,0.000,0.000,AP
2026-03-27 14:12:03,1900-01-00 00:00:00,0999-wombat,B8:27:EB:6F:ED:ED,-67, WPA ,0.000000,0.000000,0.000,0.000,AP
2026-03-27 14:12:03,1900-01-00 00:00:00,0999-wombat,B8:27:EB:6F:ED:ED,-67, WPA ,0.000000,0.000000,0.000,0.000,AP
2026-03-27 14:12:03,1900-01-00 00:00:00,0999-wombat,B8:27:EB:6F:ED:ED,-67, WPA ,0.000000,0.000000,0.000,0.000,AP
2026-03-27 14:12:03,1900-01-00 00:00:00,0999-wombat,B8:27:EB:6F:ED:ED,-67, WPA ,0.000000,0.000000,0.000,0.000,AP
2026-03-27 14:12:03,1900-01-00 00:00:00,0999-wombat,B8:27:EB:6F:ED:ED,-67, WPA ,0.000000,0.000000,0.000,0.000,AP
2026-03-27 14:12:03,1900-01-00 00:00:00,0999-wombat,B8:27:EB:6F:ED:ED,-67, WPA ,0.000000,0.000000,0.000,0.000,AP
2026-03-27 14:12:03,1900-01-00 00:00:00,0999-wombat,B8:27:EB:6F:ED:ED,-67, WPA ,0.000000,0.000000,0.000,0.000,AP
2026-03-27 14:12:03,1900-01-00 00:00:00,0999-wombat,B8:27:EB:6F:ED:ED,-67, WPA ,0.000000,0.000000,0.000,0.000,AP
2026-03-27 14:12:03,1900-01-00 00:00:00,0999-wombat,B8:27:EB:6F:ED:ED,-69, WPA ,0.000000,0.000000,0.000,0.000,AP
2026-03-27 14:12:03,1900-01-00 00:00:00,0999-wombat,B8:27:EB:6F:ED:ED,-69, WPA ,0.000000,0.000000,0.000,0.000,AP
2026-03-27 14:12:03,1900-01-00 00:00:00,0999-wombat,B8:27:EB:6F:ED:ED,-69, WPA ,0.000000,0.000000,0.000,0.000,AP
2026-03-27 14:12:03,1900-01-00 00:00:00,0999-wombat,B8:27:EB:6F:ED:ED,-69, WPA ,0.000000,0.000000,0.000,0.000,AP
2026-03-27 14:12:03,1900-01-00 00:00:00,0999-wombat,B8:27:EB:6F:ED:ED,-69, WPA ,0.000000,0.000000,0.000,0.000,AP
2026-03-27 14:12:03,1900-01-00 00:00:00,0999-wombat,B8:27:EB:6F:ED:ED,-69, WPA ,0.000000,0.000000,0.000,0.000,AP
2026-03-27 14:12:03,1900-01-00 00:00:00,0999-wombat,B8:27:EB:6F:ED:ED,-69, WPA ,0.000000,0.000000,0.000,0.000,AP
2026-03-27 14:12:03,1900-01-00 00:00:00,0999-wombat,B8:27:EB:6F:ED:ED,-69, WPA ,0.000000,0.000000,0.000,0.000,AP
2026-03-27 14:12:03,1900-01-00 00:00:00,0999-wombat,B8:27:EB:6F:ED:ED,-69, WPA ,0.000000,0.000000,0.000,0.000,AP
2026-03-27 14:12:03,1900-01-00 00:00:00,0999-wombat,B8:27:EB:6F:ED:ED,-69, WPA ,0.000000,0.000000,0.000,0.000,AP
2026-03-27 14:12:03,1900-01-00 00:00:00,0999-wombat,B8:27:EB:6F:ED:ED,-69, WPA ,0.000000,0.000000,0.000,0.000,AP
2026-03-27 14:12:03,1900-01-00 00:00:00,0999-wombat,B8:27:EB:6F:ED:ED,-69, WPA ,0.000000,0.000000,0.000,0.000,AP
2026-03-27 14:12:03,1900-01-00 00:00:00,0999-wombat,B8:27:EB:6F:ED:ED,-69, WPA ,0.000000,0.000000,0.000,0.000,AP
2026-03-27 14:12:03,1900-01-00 00:00:00,0999-wombat,B8:27:EB:6F:ED:ED,-69, WPA ,0.000000,0.000000,0.000,0.000,AP
2026-03-27 14:12:03,1900-01-00 00:00:00,0999-wombat,B8:27:EB:6F:ED:ED,-69, WPA ,0.000000,0.000000,0.000,0.000,AP
2026-03-27 14:12:03,1900-01-00 00:00:00,0999-wombat,B8:27:EB:6F:ED:ED,-69, WPA ,0.000000,0.000000,0.000,0.000,AP
2026-03-27 14:12:03,1900-01-00 00:00:00,0999-wombat,B8:27:EB:6F:ED:ED,-69, WPA ,0.000000,0.000000,0.000,0.000,AP
2026-03-27 14:12:03,1900-01-00 00:00:00,0999-wombat,B8:27:EB:6F:ED:ED,-69, WPA ,0.000000,0.000000,0.000,0.000,AP
2026-03-27 14:12:03,1900-01-00 00:00:00,0999-wombat,B8:27:EB:6F:ED:ED,-69, WPA ,0.000000,0.000000,0.000,0.000,AP
2026-03-27 14:12:03,1900-01-00 00:00:00,0999-wombat,B8:27:EB:6F:ED:ED,-69, WPA ,0.000000,0.000000,0.000,0.000,AP
2026-03-27 14:12:03,1900-01-00 00:00:00,0999-wombat,B8:27:EB:6F:ED:ED,-86, WPA ,0.000000,0.000000,0.000,0.000,AP
2026-03-27 14:12:03,1900-01-00 00:00:00,0999-wombat,B8:27:EB:6F:ED:ED,-86, WPA ,0.000000,0.000000,0.000,0.000,AP
2026-03-27 14:12:03,1900-01-00 00:00:00,0999-wombat,B8:27:EB:6F:ED:ED,-86, WPA ,0.000000,0.000000,0.000,0.000,AP
2026-03-27 14:12:03,1900-01-00 00:00:00,0999-wombat,B8:27:EB:6F:ED:ED,-86, WPA ,0.000000,0.000000,0.000,0.000,AP
2026-03-27 14:12:03,1900-01-00 00:00:00,0999-wombat,B8:27:EB:6F:ED:ED,-86, WPA ,0.000000,0.000000,0.000,0.000,AP
2026-03-27 14:12:03,1900-01-00 00:00:00,0999-wombat,B8:27:EB:6F:ED:ED,-86, WPA ,0.000000,0.000000,0.000,0.000,AP
2026-03-27 14:12:03,1900-01-00 00:00:00,0999-wombat,B8:27:EB:6F:ED:ED,-86, WPA ,0.000000,0.000000,0.000,0.000,AP
2026-03-27 14:12:03,1900-01-00 00:00:00,0999-wombat,B8:27:EB:6F:ED:ED,-86, WPA ,0.000000,0.000000,0.000,0.000,AP
2026-03-27 14:12:03,1900-01-00 00:00:00,0999-wombat,B8:27:EB:6F:ED:ED,-86, WPA ,0.000000,0.000000,0.000,0.000,AP
2026-03-27 14:12:03,1900-01-00 00:00:00,0999-wombat,B8:27:EB:6F:ED:ED,-86, WPA ,0.000000,0.000000,0.000,0.000,AP
2026-03-27 14:12:03,1900-01-00 00:00:00,0999-wombat,B8:27:EB:6F:ED:ED,-86, WPA ,0.000000,0.000000,0.000,0.000,AP
2026-03-27 14:12:03,1900-01-00 00:00:00,0999-wombat,B8:27:EB:6F:ED:ED,-86, WPA ,0.000000,0.000000,0.000,0.000,AP
2026-03-27 14:12:03,1900-01-00 00:00:00,0999-wombat,B8:27:EB:6F:ED:ED,-86, WPA ,0.000000,0.000000,0.000,0.000,AP
2026-03-27 14:12:03,1900-01-00 00:00:00,0999-wombat,B8:27:EB:6F:ED:ED,-86, WPA ,0.000000,0.000000,0.000,0.000,AP
2026-03-27 14:12:03,1900-01-00 00:00:00,0999-wombat,B8:27:EB:6F:ED:ED,-86, WPA ,0.000000,0.000000,0.000,0.000,AP
2026-03-27 14:12:03,1900-01-00 00:00:00,0999-wombat,B8:27:EB:6F:ED:ED,-86, WPA ,0.000000,0.000000,0.000,0.000,AP
2026-03-27 14:12:03,1900-01-00 00:00:00,0999-wombat,B8:27:EB:6F:ED:ED,-86, WPA ,0.000000,0.000000,0.000,0.000,AP
2026-03-27 14:12:03,1900-01-00 00:00:00,0999-wombat,B8:27:EB:6F:ED:ED,-86, WPA ,0.000000,0.000000,0.000,0.000,AP
2026-03-27 14:12:03,1900-01-00 00:00:00,0999-wombat,B8:27:EB:6F:ED:ED,-86, WPA ,0.000000,0.000000,0.000,0.000,AP
2026-03-27 14:12:03,1900-01-00 00:00:00,0999-wombat,B8:27:EB:6F:ED:ED,-86, WPA ,0.000000,0.000000,0.000,0.000,AP
2026-03-27 14:12:03,1900-01-00 00:00:00,0999-wombat,B8:27:EB:6F:ED:ED,-86, WPA ,0.000000,0.000000,0.000,0.000,AP
2026-03-27 14:12:03,1900-01-00 00:00:00,0999-wombat,B8:27:EB:6F:ED:ED,-86, WPA ,0.000000,0.000000,0.000,0.000,AP
2026-03-27 14:12:03,1900-01-00 00:00:00,0999-wombat,B8:27:EB:6F:ED:ED,-86, WPA ,0.000000,0.000000,0.000,0.000,AP
2026-03-27 14:12:03,1900-01-00 00:00:00,0999-wombat,B8:27:EB:6F:ED:ED,-86, WPA ,0.000000,0.000000,0.000,0.000,AP
2026-03-27 14:12:03,1900-01-00 00:00:00,0999-wombat,B8:27:EB:6F:ED:ED,-86, WPA ,0.000000,0.000000,0.000,0.000,AP
2026-03-27 14:12:03,1900-01-00 00:00:00,0999-wombat,B8:27:EB:6F:ED:ED,-86, WPA ,0.000000,0.000000,0.000,0.000,AP
2026-03-27 14:12:03,1900-01-00 00:00:00,0999-wombat,B8:27:EB:6F:ED:ED,-86, WPA ,0.000000,0.000000,0.000,0.000,AP
2026-03-27 14:12:03,1900-01-00 00:00:00,0999-wombat,B8:27:EB:6F:ED:ED,-86, WPA ,0.000000,0.000000,0.000,0.000,AP
2026-03-27 14:12:03,1900-01-00 00:00:00,0999-wombat,B8:27:EB:6F:ED:ED,-86, WPA ,0.000000,0.000000,0.000,0.000,AP
2026-03-27 14:12:03,1900-01-00 00:00:00,0999-wombat,B8:27:EB:6F:ED:ED,-86, WPA ,0.000000,0.000000,0.000,0.000,AP
2026-03-27 14:12:03,1900-01-00 00:00:00,0999-wombat,B8:27:EB:6F:ED:ED,-86, WPA ,0.000000,0.000000,0.000,0.000,AP
2026-03-27 14:12:03,1900-01-00 00:00:00,0999-wombat,B8:27:EB:6F:ED:ED,-86, WPA ,0.000000,0.000000,0.000,0.000,AP
2026-03-27 14:12:03,1900-01-00 00:00:00,0999-wombat,B8:27:EB:6F:ED:ED,-86, WPA ,0.000000,0.000000,0.000,0.000,AP
2026-03-27 14:12:03,1900-01-00 00:00:00,0999-wombat,B8:27:EB:6F:ED:ED,-86, WPA ,0.000000,0.000000,0.000,0.000,AP
2026-03-27 14:12:03,1900-01-00 00:00:00,0999-wombat,B8:27:EB:6F:ED:ED,-86, WPA ,0.000000,0.000000,0.000,0.000,AP
2026-03-27 14:12:03,1900-01-00 00:00:00,0999-wombat,B8:27:EB:6F:ED:ED,-86, WPA ,0.000000,0.000000,0.000,0.000,AP
2026-03-27 14:12:03,1900-01-00 00:00:00,0999-wombat,B8:27:EB:6F:ED:ED,-79, WPA ,0.000000,0.000000,0.000,0.000,AP
2026-03-27 14:12:03,1900-01-00 00:00:00,0999-wombat,B8:27:EB:6F:ED:ED,-79, WPA ,0.000000,0.000000,0.000,0.000,AP
2026-03-27 14:12:03,1900-01-00 00:00:00,0999-wombat,B8:27:EB:6F:ED:ED,-79, WPA ,0.000000,0.000000,0.000,0.000,AP
2026-03-27 14:12:03,1900-01-00 00:00:00,0999-wombat,B8:27:EB:6F:ED:ED,-79, WPA ,0.000000,0.000000,0.000,0.000,AP
2026-03-27 14:12:03,1900-01-00 00:00:00,0999-wombat,B8:27:EB:6F:ED:ED,-79, WPA ,0.000000,0.000000,0.000,0.000,AP
2026-03-27 14:12:03,1900-01-00 00:00:00,0999-wombat,B8:27:EB:6F:ED:ED,-79, WPA ,0.000000,0.000000,0.000,0.000,AP
2026-03-27 14:12:03,1900-01-00 00:00:00,0999-wombat,B8:27:EB:6F:ED:ED,-79, WPA ,0.000000,0.000000,0.000,0.000,AP
2026-03-27 14:12:03,1900-01-00 00:00:00,0999-wombat,B8:27:EB:6F:ED:ED,-53, WPA ,0.000000,0.000000,0.000,0.000,AP
2026-03-27 14:12:03,1900-01-00 00:00:00,0999-wombat,B8:27:EB:6F:ED:ED,-53, WPA ,0.000000,0.000000,0.000,0.000,AP
2026-03-27 14:12:03,1900-01-00 00:00:00,0999-wombat,B8:27:EB:6F:ED:ED,-53, WPA ,0.000000,0.000000,0.000,0.000,AP
2026-03-27 14:12:03,1900-01-00 00:00:00,0999-wombat,B8:27:EB:6F:ED:ED,-53, WPA ,0.000000,0.000000,0.000,0.000,AP
2026-03-27 14:12:03,1900-01-00 00:00:00,0999-wombat,B8:27:EB:6F:ED:ED,-53, WPA ,0.000000,0.000000,0.000,0.000,AP
2026-03-27 14:12:03,1900-01-00 00:00:00,0999-wombat,B8:27:EB:6F:ED:ED,-53, WPA ,0.000000,0.000000,0.000,0.000,AP
2026-03-27 14:12:03,1900-01-00 00:00:00,0999-wombat,B8:27:EB:6F:ED:ED,-53, WPA ,0.000000,0.000000,0.000,0.000,AP
2026-03-27 14:12:03,1900-01-00 00:00:00,0999-wombat,B8:27:EB:6F:ED:ED,-53, WPA ,0.000000,0.000000,0.000,0.000,AP
2026-03-27 14:12:03,1900-01-00 00:00:00,0999-wombat,B8:27:EB:6F:ED:ED,-53, WPA ,0.000000,0.000000,0.000,0.000,AP
2026-03-27 14:12:03,1900-01-00 00:00:00,0999-wombat,B8:27:EB:6F:ED:ED,-31, WPA ,0.000000,0.000000,0.000,0.000,AP
2026-03-27 14:12:03,1900-01-00 00:00:00,0999-wombat,B8:27:EB:6F:ED:ED,-31, WPA ,0.000000,0.000000,0.000,0.000,AP
2026-03-27 14:12:03,1900-01-00 00:00:00,0999-wombat,B8:27:EB:6F:ED:ED,-66, WPA ,0.000000,0.000000,0.000,0.000,AP
2026-03-27 14:12:03,1900-01-00 00:00:00,0999-wombat,B8:27:EB:6F:ED:ED,-66, WPA ,0.000000,0.000000,0.000,0.000,AP
2026-03-27 14:12:03,1900-01-00 00:00:00,0999-wombat,B8:27:EB:6F:ED:ED,-66, WPA ,0.000000,0.000000,0.000,0.000,AP
2026-03-27 14:12:03,1900-01-00 00:00:00,0999-wombat,B8:27:EB:6F:ED:ED,-66, WPA ,0.000000,0.000000,0.000,0.000,AP
2026-03-27 14:12:03,1900-01-00 00:00:00,0999-wombat,B8:27:EB:6F:ED:ED,-66, WPA ,0.000000,0.000000,0.000,0.000,AP
2026-03-27 14:12:03,1900-01-00 00:00:00,0999-wombat,B8:27:EB:6F:ED:ED,-66, WPA ,0.000000,0.000000,0.000,0.000,AP
2026-03-27 14:12:03,1900-01-00 00:00:00,0999-wombat,B8:27:EB:6F:ED:ED,-66, WPA ,0.000000,0.000000,0.000,0.000,AP
2026-03-27 14:12:03,1900-01-00 00:00:00,0999-wombat,B8:27:EB:6F:ED:ED,-66, WPA ,0.000000,0.000000,0.000,0.000,AP
2026-03-27 14:12:03,1900-01-00 00:00:00,0999-wombat,B8:27:EB:6F:ED:ED,-78, WPA ,0.000000,0.000000,0.000,0.000,AP
2026-03-27 14:12:03,1900-01-00 00:00:00,0999-wombat,B8:27:EB:6F:ED:ED,-78, WPA ,0.000000,0.000000,0.000,0.000,AP
2026-03-27 14:12:03,1900-01-00 00:00:00,0999-wombat,B8:27:EB:6F:ED:ED,-78, WPA ,0.000000,0.000000,0.000,0.000,AP
2026-03-27 14:12:03,1900-01-00 00:00:00,0999-wombat,B8:27:EB:6F:ED:ED,-78, WPA ,0.000000,0.000000,0.000,0.000,AP
2026-03-27 14:12:03,1900-01-00 00:00:00,0999-wombat,B8:27:EB:6F:ED:ED,-78, WPA ,0.000000,0.000000,0.000,0.000,AP
2026-03-27 14:12:03,1900-01-00 00:00:00,0999-wombat,B8:27:EB:6F:ED:ED,-78, WPA ,0.000000,0.000000,0.000,0.000,AP
2026-03-27 14:12:03,1900-01-00 00:00:00,0999-wombat,B8:27:EB:6F:ED:ED,-78, WPA ,0.000000,0.000000,0.000,0.000,AP
2026-03-27 14:12:03,1900-01-00 00:00:00,0999-wombat,B8:27:EB:6F:ED:ED,-53, WPA ,0.000000,0.000000,0.000,0.000,AP
2026-03-27 14:12:03,1900-01-00 00:00:00,0999-wombat,B8:27:EB:6F:ED:ED,-53, WPA ,0.000000,0.000000,0.000,0.000,AP
2026-03-27 14:12:03,1900-01-00 00:00:00,0999-wombat,B8:27:EB:6F:ED:ED,-53, WPA ,0.000000,0.000000,0.000,0.000,AP
2026-03-27 14:12:03,1900-01-00 00:00:00,0999-wombat,B8:27:EB:6F:ED:ED,-53, WPA ,0.000000,0.000000,0.000,0.000,AP
2026-03-27 14:12:03,1900-01-00 00:00:00,0999-wombat,B8:27:EB:6F:ED:ED,-53, WPA ,0.000000,0.000000,0.000,0.000,AP
2026-03-27 14:12:03,1900-01-00 00:00:00,0999-wombat,B8:27:EB:6F:ED:ED,-53, WPA ,0.000000,0.000000,0.000,0.000,AP
2026-03-27 14:12:03,1900-01-00 00:00:00,0999-wombat,B8:27:EB:6F:ED:ED,-53, WPA ,0.000000,0.000000,0.000,0.000,AP
2026-03-27 14:12:03,1900-01-00 00:00:00,0999-wombat,B8:27:EB:6F:ED:ED,-53, WPA ,0.000000,0.000000,0.000,0.000,AP
2026-03-27 14:12:03,1900-01-00 00:00:00,0999-wombat,B8:27:EB:6F:ED:ED,-53, WPA ,0.000000,0.000000,0.000,0.000,AP
2026-03-27 14:12:03,1900-01-00 00:00:00,0999-wombat,B8:27:EB:6F:ED:ED,-53, WPA ,0.000000,0.000000,0.000,0.000,AP
2026-03-27 14:12:03,1900-01-00 00:00:00,0999-wombat,B8:27:EB:6F:ED:ED,-53, WPA ,0.000000,0.000000,0.000,0.000,AP
2026-03-27 14:12:03,1900-01-00 00:00:00,0999-wombat,B8:27:EB:6F:ED:ED,-53, WPA ,0.000000,0.000000,0.000,0.000,AP
2026-03-27 14:12:03,1900-01-00 00:00:00,0999-wombat,B8:27:EB:6F:ED:ED,-53, WPA ,0.000000,0.000000,0.000,0.000,AP
2026-03-27 14:12:03,1900-01-00 00:00:00,0999-wombat,B8:27:EB:6F:ED:ED,-53, WPA ,0.000000,0.000000,0.000,0.000,AP
2026-03-27 14:12:03,1900-01-00 00:00:00,0999-wombat,B8:27:EB:6F:ED:ED,-53, WPA ,0.000000,0.000000,0.000,0.000,AP
2026-03-27 14:12:03,1900-01-00 00:00:00,0999-wombat,B8:27:EB:6F:ED:ED,-53, WPA ,0.000000,0.000000,0.000,0.000,AP
2026-03-27 14:12:03,1900-01-00 00:00:00,0999-wombat,B8:27:EB:6F:ED:ED,-53, WPA ,0.000000,0.000000,0.000,0.000,AP
2026-03-27 14:12:03,1900-01-00 00:00:00,0999-wombat,B8:27:EB:6F:ED:ED,-53, WPA ,0.000000,0.000000,0.000,0.000,AP
2026-03-27 14:12:03,1900-01-00 00:00:00,0999-wombat,B8:27:EB:6F:ED:ED,-31, WPA ,0.000000,0.000000,0.000,0.000,AP
2026-03-27 14:12:03,1900-01-00 00:00:00,0999-wombat,B8:27:EB:6F:ED:ED,-31, WPA ,0.000000,0.000000,0.000,0.000,AP
2026-03-27 14:12:03,1900-01-00 00:00:00,0999-wombat,B8:27:EB:6F:ED:ED,-31, WPA ,0.000000,0.000000,0.000,0.000,AP
2026-03-27 14:12:03,1900-01-00 00:00:00,0999-wombat,B8:27:EB:6F:ED:ED,-31, WPA ,0.000000,0.000000,0.000,0.000,AP
2026-03-27 14:12:03,1900-01-00 00:00:00,0999-wombat,B8:27:EB:6F:ED:ED,-31, WPA ,0.000000,0.000000,0.000,0.000,AP
2026-03-27 14:12:03,1900-01-00 00:00:00,0999-wombat,B8:27:EB:6F:ED:ED,-31, WPA ,0.000000,0.000000,0.000,0.000,AP
2026-03-27 14:12:03,1900-01-00 00:00:00,0999-wombat,B8:27:EB:6F:ED:ED,-31, WPA ,0.000000,0.000000,0.000,0.000,AP
2026-03-27 14:12:03,1900-01-00 00:00:00,0999-wombat,B8:27:EB:6F:ED:ED,-31, WPA ,0.000000,0.000000,0.000,0.000,AP
2026-03-27 14:12:03,1900-01-00 00:00:00,0999-wombat,B8:27:EB:6F:ED:ED,-31, WPA ,0.000000,0.000000,0.000,0.000,AP
2026-03-27 14:12:03,1900-01-00 00:00:00,0999-wombat,B8:27:EB:6F:ED:ED,-31, WPA ,0.000000,0.000000,0.000,0.000,AP
2026-03-27 14:12:03,1900-01-00 00:00:00,0999-wombat,B8:27:EB:6F:ED:ED,-31, WPA ,0.000000,0.000000,0.000,0.000,AP
2026-03-27 14:12:03,1900-01-00 00:00:00,0999-wombat,B8:27:EB:6F:ED:ED,-31, WPA ,0.000000,0.000000,0.000,0.000,AP
2026-03-27 14:12:03,1900-01-00 00:00:00,0999-wombat,B8:27:EB:6F:ED:ED,-67, WPA ,0.000000,0.000000,0.000,0.000,AP
2026-03-27 14:12:03,1900-01-00 00:00:00,0999-wombat,B8:27:EB:6F:ED:ED,-67, WPA ,0.000000,0.000000,0.000,0.000,AP
2026-03-27 14:12:03,1900-01-00 00:00:00,0999-wombat,B8:27:EB:6F:ED:ED,-67, WPA ,0.000000,0.000000,0.000,0.000,AP
2026-03-27 14:12:03,1900-01-00 00:00:00,0999-wombat,B8:27:EB:6F:ED:ED,-67, WPA ,0.000000,0.000000,0.000,0.000,AP
2026-03-27 14:12:03,1900-01-00 00:00:00,0999-wombat,B8:27:EB:6F:ED:ED,-67, WPA ,0.000000,0.000000,0.000,0.000,AP
2026-03-27 14:12:03,1900-01-00 00:00:00,0999-wombat,B8:27:EB:6F:ED:ED,-67, WPA ,0.000000,0.000000,0.000,0.000,AP
2026-03-27 14:12:03,1900-01-00 00:00:00,0999-wombat,B8:27:EB:6F:ED:ED,-67, WPA ,0.000000,0.000000,0.000,0.000,AP
2026-03-27 14:12:03,1900-01-00 00:00:00,0999-wombat,B8:27:EB:6F:ED:ED,-67, WPA ,0.000000,0.000000,0.000,0.000,AP
2026-03-27 14:12:03,1900-01-00 00:00:00,0999-wombat,B8:27:EB:6F:ED:ED,-67, WPA ,0.000000,0.000000,0.000,0.000,AP
2026-03-27 14:12:03,1900-01-00 00:00:00,0999-wombat,B8:27:EB:6F:ED:ED,-67, WPA ,0.000000,0.000000,0.000,0.000,AP
2026-03-27 14:12:03,1900-01-00 00:00:00,0999-wombat,B8:27:EB:6F:ED:ED,-67, WPA ,0.000000,0.000000,0.000,0.000,AP
2026-03-27 14:12:03,1900-01-00 00:00:00,0999-wombat,B8:27:EB:6F:ED:ED,-67, WPA ,0.000000,0.000000,0.000,0.000,AP
2026-03-27 14:12:03,1900-01-00 00:00:00,0999-wombat,B8:27:EB:6F:ED:ED,-67, WPA ,0.000000,0.000000,0.000,0.000,AP
2026-03-27 14:12:03,1900-01-00 00:00:00,0999-wombat,B8:27:EB:6F:ED:ED,-67, WPA ,0.000000,0.000000,0.000,0.000,AP
2026-03-27 14:12:03,1900-01-00 00:00:00,0999-wombat,B8:27:EB:6F:ED:ED,-67, WPA ,0.000000,0.000000,0.000,0.000,AP
2026-03-27 14:12:03,1900-01-00 00:00:00,0999-wombat,B8:27:EB:6F:ED:ED,-67, WPA ,0.000000,0.000000,0.000,0.000,AP
2026-03-27 14:12:03,1900-01-00 00:00:00,0999-wombat,B8:27:EB:6F:ED:ED,-67, WPA ,0.000000,0.000000,0.000,0.000,AP
2026-03-27 14:12:03,1900-01-00 00:00:00,0999-wombat,B8:27:EB:6F:ED:ED,-67, WPA ,0.000000,0.000000,0.000,0.000,AP
2026-03-27 14:12:03,1900-01-00 00:00:00,0999-wombat,B8:27:EB:6F:ED:ED,-67, WPA ,0.000000,0.000000,0.000,0.000,AP
2026-03-27 14:12:03,1900-01-00 00:00:00,0999-wombat,B8:27:EB:6F:ED:ED,-67, WPA ,0.000000,0.000000,0.000,0.000,AP
2026-03-27 14:12:03,1900-01-00 00:00:00,0999-wombat,B8:27:EB:6F:ED:ED,-67, WPA ,0.000000,0.000000,0.000,0.000,AP
2026-03-27 14:12:03,1900-01-00 00:00:00,0999-wombat,B8:27:EB:6F:ED:ED,-67, WPA ,0.000000,0.000000,0.000,0.000,AP
2026-03-27 14:12:03,1900-01-00 00:00:00,0999-wombat,B8:27:EB:6F:ED:ED,-67, WPA ,0.000000,0.000000,0.000,0.000,AP
2026-03-27 14:12:03,1900-01-00 00:00:00,0999-wombat,B8:27:EB:6F:ED:ED,-67, WPA ,0.000000,0.000000,0.000,0.000,AP
2026-03-27 14:12:03,1900-01-00 00:00:00,0999-wombat,B8:27:EB:6F:ED:ED,-67, WPA ,0.000000,0.000000,0.000,0.000,AP
2026-03-27 14:12:03,1900-01-00 00:00:00,0999-wombat,B8:27:EB:6F:ED:ED,-67, WPA ,0.000000,0.000000,0.000,0.000,AP
2026-03-27 14:12:03,1900-01-00 00:00:00,0999-wombat,B8:27:EB:6F:ED:ED,-67, WPA ,0.000000,0.000000,0.000,0.000,AP
2026-03-27 14:12:03,1900-01-00 00:00:00,0999-wombat,B8:27:EB:6F:ED:ED,-67, WPA ,0.000000,0.000000,0.000,0.000,AP
2026-03-27 14:12:03,1900-01-00 00:00:00,0999-wombat,B8:27:EB:6F:ED:ED,-67, WPA ,0.000000,0.000000,0.000,0.000,AP
2026-03-27 14:12:03,1900-01-00 00:00:00,0999-wombat,B8:27:EB:6F:ED:ED,-67, WPA ,0.000000,0.000000,0.000,0.000,AP
2026-03-27 14:12:03,1900-01-00 00:00:00,0999-wombat,B8:27:EB:6F:ED:ED,-67, WPA ,0.000000,0.000000,0.000,0.000,AP
2026-03-27 14:12:03,1900-01-00 00:00:00,0999-wombat,B8:27:EB:6F:ED:ED,-67, WPA ,0.000000,0.000000,0.000,0.000,AP
2026-03-27 14:12:03,1900-01-00 00:00:00,0999-wombat,B8:27:EB:6F:ED:ED,-67, WPA ,0.000000,0.000000,0.000,0.000,AP
2026-03-27 14:12:03,1900-01-00 00:00:00,0999-wombat,B8:27:EB:6F:ED:ED,-67, WPA ,0.000000,0.000000,0.000,0.000,AP
2026-03-27 14:12:03,1900-01-00 00:00:00,0999-wombat,B8:27:EB:6F:ED:ED,-67, WPA ,0.000000,0.000000,0.000,0.000,AP
2026-03-27 14:12:03,1900-01-00 00:00:00,0999-wombat,B8:27:EB:6F:ED:ED,-67, WPA ,0.000000,0.000000,0.000,0.000,AP
2026-03-27 14:12:03,1900-01-00 00:00:00,0999-wombat,B8:27:EB:6F:ED:ED,-67, WPA ,0.000000,0.000000,0.000,0.000,AP
2026-03-27 14:12:03,1900-01-00 00:00:00,0999-wombat,B8:27:EB:6F:ED:ED,-67, WPA ,0.000000,0.000000,0.000,0.000,AP
2026-03-27 14:12:03,1900-01-00 00:00:00,0999-wombat,B8:27:EB:6F:ED:ED,-67, WPA ,0.000000,0.000000,0.000,0.000,AP
2026-03-27 14:12:03,1900-01-00 00:00:00,0999-wombat,B8:27:EB:6F:ED:ED,-67, WPA ,0.000000,0.000000,0.000,0.000,AP
2026-03-27 14:12:03,1900-01-00 00:00:00,0999-wombat,B8:27:EB:6F:ED:ED,-67, WPA ,0.000000,0.000000,0.000,0.000,AP
2026-03-27 14:12:03,1900-01-00 00:00:00,0999-wombat,B8:27:EB:6F:ED:ED,-67, WPA ,0.000000,0.000000,0.000,0.000,AP
2026-03-27 14:12:03,1900-01-00 00:00:00,0999-wombat,B8:27:EB:6F:ED:ED,-67, WPA ,0.000000,0.000000,0.000,0.000,AP
2026-03-27 14:12:03,1900-01-00 00:00:00,0999-wombat,B8:27:EB:6F:ED:ED,-67, WPA ,0.000000,0.000000,0.000,0.000,AP
2026-03-27 14:12:03,1900-01-00 00:00:00,0999-wombat,B8:27:EB:6F:ED:ED,-67, WPA ,0.000000,0.000000,0.000,0.000,AP
2026-03-27 14:12:03,1900-01-00 00:00:00,0999-wombat,B8:27:EB:6F:ED:ED,-67, WPA ,0.000000,0.000000,0.000,0.000,AP
2026-03-27 14:12:03,1900-01-00 00:00:00,0999-wombat,B8:27:EB:6F:ED:ED,-67, WPA ,0.000000,0.000000,0.000,0.000,AP
2026-03-27 14:12:03,1900-01-00 00:00:00,0999-wombat,B8:27:EB:6F:ED:ED,-67, WPA ,0.000000,0.000000,0.000,0.000,AP
2026-03-27 14:12:03,1900-01-00 00:00:00,0999-wombat,B8:27:EB:6F:ED:ED,-67, WPA ,0.000000,0.000000,0.000,0.000,AP
2026-03-27 14:12:03,1900-01-00 00:00:00,0999-wombat,B8:27:EB:6F:ED:ED,-67, WPA ,0.000000,0.000000,0.000,0.000,AP
2026-03-27 14:12:03,1900-01-00 00:00:00,0999-wombat,B8:27:EB:6F:ED:ED,-67, WPA ,0.000000,0.000000,0.000,0.000,AP
2026-03-27 14:12:03,1900-01-00 00:00:00,0999-wombat,B8:27:EB:6F:ED:ED,-67, WPA ,0.000000,0.000000,0.000,0.000,AP
2026-03-27 14:12:03,1900-01-00 00:00:00,0999-wombat,B8:27:EB:6F:ED:ED,-67, WPA ,0.000000,0.000000,0.000,0.000,AP
2026-03-27 14:12:03,1900-01-00 00:00:00,0999-wombat,B8:27:EB:6F:ED:ED,-67, WPA ,0.000000,0.000000,0.000,0.000,AP
2026-03-27 14:12:03,1900-01-00 00:00:00,0999-wombat,B8:27:EB:6F:ED:ED,-67, WPA ,0.000000,0.000000,0.000,0.000,AP
2026-03-27 14:12:03,1900-01-00 00:00:00,0999-wombat,B8:27:EB:6F:ED:ED,-67, WPA ,0.000000,0.000000,0.000,0.000,AP
2026-03-27 14:12:03,1900-01-00 00:00:00,0999-wombat,B8:27:EB:6F:ED:ED,-67, WPA ,0.000000,0.000000,0.000,0.000,AP
2026-03-27 14:12:03,1900-01-00 00:00:00,0999-wombat,B8:27:EB:6F:ED:ED,-67, WPA ,0.000000,0.000000,0.000,0.000,AP
2026-03-27 14:12:03,1900-01-00 00:00:00,0999-wombat,B8:27:EB:6F:ED:ED,-67, WPA ,0.000000,0.000000,0.000,0.000,AP
2026-03-27 14:12:03,1900-01-00 00:00:00,0999-wombat,B8:27:EB:6F:ED:ED,-67, WPA ,0.000000,0.000000,0.000,0.000,AP
2026-03-27 14:12:03,1900-01-00 00:00:00,0999-wombat,B8:27:EB:6F:ED:ED,-67, WPA ,0.000000,0.000000,0.000,0.000,AP
2026-03-27 14:12:03,1900-01-00 00:00:00,0999-wombat,B8:27:EB:6F:ED:ED,-67, WPA ,0.000000,0.000000,0.000,0.000,AP
2026-03-27 14:12:03,1900-01-00 00:00:00,0999-wombat,B8:27:EB:6F:ED:ED,-67, WPA ,0.000000,0.000000,0.000,0.000,AP
2026-03-27 14:12:03,1900-01-00 00:00:00,0999-wombat,B8:27:EB:6F:ED:ED,-67, WPA ,0.000000,0.000000,0.000,0.000,AP
2026-03-27 14:12:03,1900-01-00 00:00:00,0999-wombat,B8:27:EB:6F:ED:ED,-67, WPA ,0.000000,0.000000,0.000,0.000,AP
2026-03-27 14:12:03,1900-01-00 00:00:00,0999-wombat,B8:27:EB:6F:ED:ED,-67, WPA ,0.000000,0.000000,0.000,0.000,AP
2026-03-27 14:12:03,1900-01-00 00:00:00,0999-wombat,B8:27:EB:6F:ED:ED,-67, WPA ,0.000000,0.000000,0.000,0.000,AP
2026-03-27 14:12:03,1900-01-00 00:00:00,0999-wombat,B8:27:EB:6F:ED:ED,-67, WPA ,0.000000,0.000000,0.000,0.000,AP
2026-03-27 14:12:03,1900-01-00 00:00:00,0999-wombat,B8:27:EB:6F:ED:ED,-67, WPA ,0.000000,0.000000,0.000,0.000,AP
2026-03-27 14:12:03,1900-01-00 00:00:00,0999-wombat,B8:27:EB:6F:ED:ED,-53, WPA ,0.000000,0.000000,0.000,0.000,AP
2026-03-27 14:12:03,1900-01-00 00:00:00,0999-wombat,B8:27:EB:6F:ED:ED,-53, WPA ,0.000000,0.000000,0.000,0.000,AP
2026-03-27 14:12:03,1900-01-00 00:00:00,0999-wombat,B8:27:EB:6F:ED:ED,-53, WPA ,0.000000,0.000000,0.000,0.000,AP
2026-03-27 14:12:03,1900-01-00 00:00:00,0999-wombat,B8:27:EB:6F:ED:ED,-53, WPA ,0.000000,0.000000,0.000,0.000,AP
2026-03-27 14:12:03,1900-01-00 00:00:00,0999-wombat,B8:27:EB:6F:ED:ED,-53, WPA ,0.000000,0.000000,0.000,0.000,AP
2026-03-27 14:12:03,1900-01-00 00:00:00,0999-wombat,B8:27:EB:6F:ED:ED,-53, WPA ,0.000000,0.000000,0.000,0.000,AP
2026-03-27 14:12:03,1900-01-00 00:00:00,0999-wombat,B8:27:EB:6F:ED:ED,-53, WPA ,0.000000,0.000000,0.000,0.000,AP
2026-03-27 14:12:03,1900-01-00 00:00:00,0999-wombat,B8:27:EB:6F:ED:ED,-53, WPA ,0.000000,0.000000,0.000,0.000,AP
2026-03-27 14:12:03,1900-01-00 00:00:00,0999-wombat,B8:27:EB:6F:ED:ED,-53, WPA ,0.000000,0.000000,0.000,0.000,AP
2026-03-27 14:12:03,1900-01-00 00:00:00,0999-wombat,B8:27:EB:6F:ED:ED,-53, WPA ,0.000000,0.000000,0.000,0.000,AP
2026-03-27 14:12:03,1900-01-00 00:00:00,0999-wombat,B8:27:EB:6F:ED:ED,-53, WPA ,0.000000,0.000000,0.000,0.000,AP
2026-03-27 14:12:03,1900-01-00 00:00:00,0999-wombat,B8:27:EB:6F:ED:ED,-53, WPA ,0.000000,0.000000,0.000,0.000,AP
2026-03-27 14:12:03,1900-01-00 00:00:00,0999-wombat,B8:27:EB:6F:ED:ED,-53, WPA ,0.000000,0.000000,0.000,0.000,AP
2026-03-27 14:12:03,1900-01-00 00:00:00,0999-wombat,B8:27:EB:6F:ED:ED,-53, WPA ,0.000000,0.000000,0.000,0.000,AP
2026-03-27 14:12:03,1900-01-00 00:00:00,0999-wombat,B8:27:EB:6F:ED:ED,-53, WPA ,0.000000,0.000000,0.000,0.000,AP
2026-03-27 14:12:03,1900-01-00 00:00:00,0999-wombat,B8:27:EB:6F:ED:ED,-53, WPA ,0.000000,0.000000,0.000,0.000,AP
2026-03-27 14:12:03,1900-01-00 00:00:00,0999-wombat,B8:27:EB:6F:ED:ED,-53, WPA ,0.000000,0.000000,0.000,0.000,AP
2026-03-27 14:12:03,1900-01-00 00:00:00,0999-wombat,B8:27:EB:6F:ED:ED,-53, WPA ,0.000000,0.000000,0.000,0.000,AP
2026-03-27 14:12:03,1900-01-00 00:00:00,0999-wombat,B8:27:EB:6F:ED:ED,-31, WPA ,0.000000,0.000000,0.000,0.000,AP
2026-03-27 14:12:03,1900-01-00 00:00:00,0999-wombat,B8:27:EB:6F:ED:ED,-31, WPA ,0.000000,0.000000,0.000,0.000,AP
2026-03-27 14:12:03,1900-01-00 00:00:00,0999-wombat,B8:27:EB:6F:ED:ED,-31, WPA ,0.000000,0.000000,0.000,0.000,AP
2026-03-27 14:12:03,1900-01-00 00:00:00,0999-wombat,B8:27:EB:6F:ED:ED,-31, WPA ,0.000000,0.000000,0.000,0.000,AP
2026-03-27 14:12:03,1900-01-00 00:00:00,0999-wombat,B8:27:EB:6F:ED:ED,-31, WPA ,0.000000,0.000000,0.000,0.000,AP
2026-03-27 14:12:03,1900-01-00 00:00:00,0999-wombat,B8:27:EB:6F:ED:ED,-31, WPA ,0.000000,0.000000,0.000,0.000,AP
2026-03-27 14:12:03,1900-01-00 00:00:00,0999-wombat,B8:27:EB:6F:ED:ED,-31, WPA ,0.000000,0.000000,0.000,0.000,AP
2026-03-27 14:12:03,1900-01-00 00:00:00,0999-wombat,B8:27:EB:6F:ED:ED,-31, WPA ,0.000000,0.000000,0.000,0.000,AP
2026-03-27 14:12:03,1900-01-00 00:00:00,0999-wombat,B8:27:EB:6F:ED:ED,-31, WPA ,0.000000,0.000000,0.000,0.000,AP
2026-03-27 14:12:03,1900-01-00 00:00:00,0999-wombat,B8:27:EB:6F:ED:ED,-31, WPA ,0.000000,0.000000,0.000,0.000,AP
2026-03-27 14:12:03,1900-01-00 00:00:00,0999-wombat,B8:27:EB:6F:ED:ED,-31, WPA ,0.000000,0.000000,0.000,0.000,AP
2026-03-27 14:12:03,1900-01-00 00:00:00,0999-wombat,B8:27:EB:6F:ED:ED,-31, WPA ,0.000000,0.000000,0.000,0.000,AP
2026-03-27 14:12:03,1900-01-00 00:00:00,0999-wombat,B8:27:EB:6F:ED:ED,-67, WPA ,0.000000,0.000000,0.000,0.000,AP
2026-03-27 14:12:03,1900-01-00 00:00:00,0999-wombat,B8:27:EB:6F:ED:ED,-67, WPA ,0.000000,0.000000,0.000,0.000,AP
2026-03-27 14:12:03,1900-01-00 00:00:00,0999-wombat,B8:27:EB:6F:ED:ED,-67, WPA ,0.000000,0.000000,0.000,0.000,AP
2026-03-27 14:12:03,1900-01-00 00:00:00,0999-wombat,B8:27:EB:6F:ED:ED,-67, WPA ,0.000000,0.000000,0.000,0.000,AP
2026-03-27 14:12:03,1900-01-00 00:00:00,0999-wombat,B8:27:EB:6F:ED:ED,-67, WPA ,0.000000,0.000000,0.000,0.000,AP
2026-03-27 14:12:03,1900-01-00 00:00:00,0999-wombat,B8:27:EB:6F:ED:ED,-67, WPA ,0.000000,0.000000,0.000,0.000,AP
2026-03-27 14:12:03,1900-01-00 00:00:00,0999-wombat,B8:27:EB:6F:ED:ED,-67, WPA ,0.000000,0.000000,0.000,0.000,AP
2026-03-27 14:12:03,1900-01-00 00:00:00,0999-wombat,B8:27:EB:6F:ED:ED,-67, WPA ,0.000000,0.000000,0.000,0.000,AP
2026-03-27 14:12:03,1900-01-00 00:00:00,0999-wombat,B8:27:EB:6F:ED:ED,-67, WPA ,0.000000,0.000000,0.000,0.000,AP
2026-03-27 14:12:03,1900-01-00 00:00:00,0999-wombat,B8:27:EB:6F:ED:ED,-67, WPA ,0.000000,0.000000,0.000,0.000,AP
2026-03-27 14:12:03,1900-01-00 00:00:00,0999-wombat,B8:27:EB:6F:ED:ED,-67, WPA ,0.000000,0.000000,0.000,0.000,AP
2026-03-27 14:12:03,1900-01-00 00:00:00,0999-wombat,B8:27:EB:6F:ED:ED,-67, WPA ,0.000000,0.000000,0.000,0.000,AP
2026-03-27 14:12:03,1900-01-00 00:00:00,0999-wombat,B8:27:EB:6F:ED:ED,-67, WPA ,0.000000,0.000000,0.000,0.000,AP
2026-03-27 14:12:03,1900-01-00 00:00:00,0999-wombat,B8:27:EB:6F:ED:ED,-67, WPA ,0.000000,0.000000,0.000,0.000,AP
2026-03-27 14:12:03,1900-01-00 00:00:00,0999-wombat,B8:27:EB:6F:ED:ED,-67, WPA ,0.000000,0.000000,0.000,0.000,AP
2026-03-27 14:12:03,1900-01-00 00:00:00,0999-wombat,B8:27:EB:6F:ED:ED,-67, WPA ,0.000000,0.000000,0.000,0.000,AP
2026-03-27 14:12:03,1900-01-00 00:00:00,0999-wombat,B8:27:EB:6F:ED:ED,-67, WPA ,0.000000,0.000000,0.000,0.000,AP
2026-03-27 14:12:03,1900-01-00 00:00:00,0999-wombat,B8:27:EB:6F:ED:ED,-67, WPA ,0.000000,0.000000,0.000,0.000,AP
2026-03-27 14:12:03,1900-01-00 00:00:00,0999-wombat,B8:27:EB:6F:ED:ED,-67, WPA ,0.000000,0.000000,0.000,0.000,AP
2026-03-27 14:12:03,1900-01-00 00:00:00,0999-wombat,B8:27:EB:6F:ED:ED,-67, WPA ,0.000000,0.000000,0.000,0.000,AP
2026-03-27 14:12:03,1900-01-00 00:00:00,0999-wombat,B8:27:EB:6F:ED:ED,-67, WPA ,0.000000,0.000000,0.000,0.000,AP
2026-03-27 14:12:03,1900-01-00 00:00:00,0999-wombat,B8:27:EB:6F:ED:ED,-67, WPA ,0.000000,0.000000,0.000,0.000,AP
2026-03-27 14:12:03,1900-01-00 00:00:00,0999-wombat,B8:27:EB:6F:ED:ED,-67, WPA ,0.000000,0.000000,0.000,0.000,AP
2026-03-27 14:12:03,1900-01-00 00:00:00,0999-wombat,B8:27:EB:6F:ED:ED,-67, WPA ,0.000000,0.000000,0.000,0.000,AP
2026-03-27 14:12:03,1900-01-00 00:00:00,0999-wombat,B8:27:EB:6F:ED:ED,-67, WPA ,0.000000,0.000000,0.000,0.000,AP
2026-03-27 14:12:03,1900-01-00 00:00:00,0999-wombat,B8:27:EB:6F:ED:ED,-67, WPA ,0.000000,0.000000,0.000,0.000,AP
2026-03-27 14:12:03,1900-01-00 00:00:00,0999-wombat,B8:27:EB:6F:ED:ED,-67, WPA ,0.000000,0.000000,0.000,0.000,AP
2026-03-27 14:12:03,1900-01-00 00:00:00,0999-wombat,B8:27:EB:6F:ED:ED,-67, WPA ,0.000000,0.000000,0.000,0.000,AP
2026-03-27 14:12:03,1900-01-00 00:00:00,0999-wombat,B8:27:EB:6F:ED:ED,-67, WPA ,0.000000,0.000000,0.000,0.000,AP
2026-03-27 14:12:03,1900-01-00 00:00:00,0999-wombat,B8:27:EB:6F:ED:ED,-67, WPA ,0.000000,0.000000,0.000,0.000,AP
2026-03-27 14:12:03,1900-01-00 00:00:00,0999-wombat,B8:27:EB:6F:ED:ED,-67, WPA ,0.000000,0.000000,0.000,0.000,AP
2026-03-27 14:12:03,1900-01-00 00:00:00,0999-wombat,B8:27:EB:6F:ED:ED,-67, WPA ,0.000000,0.000000,0.000,0.000,AP
2026-03-27 14:12:03,1900-01-00 00:00:00,0999-wombat,B8:27:EB:6F:ED:ED,-67, WPA ,0.000000,0.000000,0.000,0.000,AP
2026-03-27 14:12:03,1900-01-00 00:00:00,0999-wombat,B8:27:EB:6F:ED:ED,-67, WPA ,0.000000,0.000000,0.000,0.000,AP
2026-03-27 14:12:03,1900-01-00 00:00:00,0999-wombat,B8:27:EB:6F:ED:ED,-67, WPA ,0.000000,0.000000,0.000,0.000,AP
2026-03-27 14:12:03,1900-01-00 00:00:00,0999-wombat,B8:27:EB:6F:ED:ED,-67, WPA ,0.000000,0.000000,0.000,0.000,AP
2026-03-27 14:12:03,1900-01-00 00:00:00,0999-wombat,B8:27:EB:6F:ED:ED,-67, WPA ,0.000000,0.000000,0.000,0.000,AP
2026-03-27 14:12:03,1900-01-00 00:00:00,0999-wombat,B8:27:EB:6F:ED:ED,-67, WPA ,0.000000,0.000000,0.000,0.000,AP
2026-03-27 14:12:03,1900-01-00 00:00:00,0999-wombat,B8:27:EB:6F:ED:ED,-30, WPA ,0.000000,0.000000,0.000,0.000,AP
2026-03-27 14:12:03,1900-01-00 00:00:00,0999-wombat,B8:27:EB:6F:ED:ED,-30, WPA ,0.000000,0.000000,0.000,0.000,AP
2026-03-27 14:12:03,1900-01-00 00:00:00,0999-wombat,B8:27:EB:6F:ED:ED,-69, WPA ,0.000000,0.000000,0.000,0.000,AP
2026-03-27 14:12:03,1900-01-00 00:00:00,0999-wombat,B8:27:EB:6F:ED:ED,-69, WPA ,0.000000,0.000000,0.000,0.000,AP
2026-03-27 14:12:03,1900-01-00 00:00:00,0999-wombat,B8:27:EB:6F:ED:ED,-69, WPA ,0.000000,0.000000,0.000,0.000,AP
2026-03-27 14:12:03,1900-01-00 00:00:00,0999-wombat,B8:27:EB:6F:ED:ED,-69, WPA ,0.000000,0.000000,0.000,0.000,AP
2026-03-27 14:12:03,1900-01-00 00:00:00,0999-wombat,B8:27:EB:6F:ED:ED,-69, WPA ,0.000000,0.000000,0.000,0.000,AP
2026-03-27 14:12:03,1900-01-00 00:00:00,0999-wombat,B8:27:EB:6F:ED:ED,-69, WPA ,0.000000,0.000000,0.000,0.000,AP
2026-03-27 14:12:03,1900-01-00 00:00:00,0999-wombat,B8:27:EB:6F:ED:ED,-69, WPA ,0.000000,0.000000,0.000,0.000,AP
2026-03-27 14:12:03,1900-01-00 00:00:00,0999-wombat,B8:27:EB:6F:ED:ED,-69, WPA ,0.000000,0.000000,0.000,0.000,AP
2026-03-27 14:12:03,1900-01-00 00:00:00,0999-wombat,B8:27:EB:6F:ED:ED,-69, WPA ,0.000000,0.000000,0.000,0.000,AP
2026-03-27 14:12:03,1900-01-00 00:00:00,0999-wombat,B8:27:EB:6F:ED:ED,-76, WPA ,0.000000,0.000000,0.000,0.000,AP
2026-03-27 14:12:03,1900-01-00 00:00:00,0999-wombat,B8:27:EB:6F:ED:ED,-73, WPA ,0.000000,0.000000,0.000,0.000,AP
2026-03-27 14:12:03,1900-01-00 00:00:00,0999-wombat,B8:27:EB:6F:ED:ED,-75, WPA ,0.000000,0.000000,0.000,0.000,AP
2026-03-27 14:12:03,1900-01-00 00:00:00,0999-wombat,B8:27:EB:6F:ED:ED,-75, WPA ,0.000000,0.000000,0.000,0.000,AP
2026-03-27 14:12:03,1900-01-00 00:00:00,0999-wombat,B8:27:EB:6F:ED:ED,-75, WPA ,0.000000,0.000000,0.000,0.000,AP
2026-03-27 14:12:03,1900-01-00 00:00:00,0999-wombat,B8:27:EB:6F:ED:ED,-75, WPA ,0.000000,0.000000,0.000,0.000,AP
2026-03-27 14:12:03,1900-01-00 00:00:00,0999-wombat,B8:27:EB:6F:ED:ED,-75, WPA ,0.000000,0.000000,0.000,0.000,AP
2026-03-27 14:12:03,1900-01-00 00:00:00,0999-wombat,B8:27:EB:6F:ED:ED,-75, WPA ,0.000000,0.000000,0.000,0.000,AP
2026-03-27 14:12:03,1900-01-00 00:00:00,0999-wombat,B8:27:EB:6F:ED:ED,-75, WPA ,0.000000,0.000000,0.000,0.000,AP
2026-03-27 14:12:03,1900-01-00 00:00:00,0999-wombat,B8:27:EB:6F:ED:ED,-75, WPA ,0.000000,0.000000,0.000,0.000,AP
2026-03-27 14:12:03,1900-01-00 00:00:00,0999-wombat,B8:27:EB:6F:ED:ED,-75, WPA ,0.000000,0.000000,0.000,0.000,AP
2026-03-27 14:12:03,1900-01-00 00:00:00,0999-wombat,B8:27:EB:6F:ED:ED,-75, WPA ,0.000000,0.000000,0.000,0.000,AP
2026-03-27 14:12:03,1900-01-00 00:00:00,0999-wombat,B8:27:EB:6F:ED:ED,-75, WPA ,0.000000,0.000000,0.000,0.000,AP
2026-03-27 14:12:03,1900-01-00 00:00:00,0999-wombat,B8:27:EB:6F:ED:ED,-75, WPA ,0.000000,0.000000,0.000,0.000,AP
2026-03-27 14:12:03,1900-01-00 00:00:00,0999-wombat,B8:27:EB:6F:ED:ED,-79, WPA ,0.000000,0.000000,0.000,0.000,AP
2026-03-27 14:12:03,1900-01-00 00:00:00,0999-wombat,B8:27:EB:6F:ED:ED,-79, WPA ,0.000000,0.000000,0.000,0.000,AP
2026-03-27 14:12:03,1900-01-00 00:00:00,0999-wombat,B8:27:EB:6F:ED:ED,-79, WPA ,0.000000,0.000000,0.000,0.000,AP
2026-03-27 14:12:03,1900-01-00 00:00:00,0999-wombat,B8:27:EB:6F:ED:ED,-79, WPA ,0.000000,0.000000,0.000,0.000,AP
2026-03-27 14:12:03,1900-01-00 00:00:00,0999-wombat,B8:27:EB:6F:ED:ED,-79, WPA ,0.000000,0.000000,0.000,0.000,AP
2026-03-27 14:12:03,1900-01-00 00:00:00,0999-wombat,B8:27:EB:6F:ED:ED,-79, WPA ,0.000000,0.000000,0.000,0.000,AP
2026-03-27 14:12:03,1900-01-00 00:00:00,0999-wombat,B8:27:EB:6F:ED:ED,-79, WPA ,0.000000,0.000000,0.000,0.000,AP
2026-03-27 14:12:03,1900-01-00 00:00:00,0999-wombat,B8:27:EB:6F:ED:ED,-79, WPA ,0.000000,0.000000,0.000,0.000,AP
2026-03-27 14:12:03,1900-01-00 00:00:00,0999-wombat,B8:27:EB:6F:ED:ED,-79, WPA ,0.000000,0.000000,0.000,0.000,AP
2026-03-27 14:12:03,1900-01-00 00:00:00,0999-wombat,B8:27:EB:6F:ED:ED,-79, WPA ,0.000000,0.000000,0.000,0.000,AP
2026-03-27 14:12:03,1900-01-00 00:00:00,0999-wombat,B8:27:EB:6F:ED:ED,-79, WPA ,0.000000,0.000000,0.000,0.000,AP
2026-03-27 14:12:03,1900-01-00 00:00:00,0999-wombat,B8:27:EB:6F:ED:ED,-79, WPA ,0.000000,0.000000,0.000,0.000,AP
2026-03-27 14:12:03,1900-01-00 00:00:00,0999-wombat,B8:27:EB:6F:ED:ED,-79, WPA ,0.000000,0.000000,0.000,0.000,AP
2026-03-27 14:12:03,1900-01-00 00:00:00,0999-wombat,B8:27:EB:6F:ED:ED,-79, WPA ,0.000000,0.000000,0.000,0.000,AP
2026-03-27 14:12:03,1900-01-00 00:00:00,0999-wombat,B8:27:EB:6F:ED:ED,-79, WPA ,0.000000,0.000000,0.000,0.000,AP
2026-03-27 14:12:03,1900-01-00 00:00:00,0999-wombat,B8:27:EB:6F:ED:ED,-79, WPA ,0.000000,0.000000,0.000,0.000,AP
2026-03-27 14:12:03,1900-01-00 00:00:00,0999-wombat,B8:27:EB:6F:ED:ED,-79, WPA ,0.000000,0.000000,0.000,0.000,AP
2026-03-27 14:12:03,1900-01-00 00:00:00,0999-wombat,B8:27:EB:6F:ED:ED,-79, WPA ,0.000000,0.000000,0.000,0.000,AP
2026-03-27 14:12:03,1900-01-00 00:00:00,0999-wombat,B8:27:EB:6F:ED:ED,-79, WPA ,0.000000,0.000000,0.000,0.000,AP
2026-03-27 14:12:03,1900-01-00 00:00:00,0999-wombat,B8:27:EB:6F:ED:ED,-79, WPA ,0.000000,0.000000,0.000,0.000,AP
2026-03-27 14:12:03,1900-01-00 00:00:00,0999-wombat,B8:27:EB:6F:ED:ED,-79, WPA ,0.000000,0.000000,0.000,0.000,AP
2026-03-27 14:12:03,1900-01-00 00:00:00,0999-wombat,B8:27:EB:6F:ED:ED,-79, WPA ,0.000000,0.000000,0.000,0.000,AP
2026-03-27 14:12:03,1900-01-00 00:00:00,0999-wombat,B8:27:EB:6F:ED:ED,-79, WPA ,0.000000,0.000000,0.000,0.000,AP
2026-03-27 14:12:03,1900-01-00 00:00:00,0999-wombat,B8:27:EB:6F:ED:ED,-79, WPA ,0.000000,0.000000,0.000,0.000,AP
2026-03-27 14:12:03,1900-01-00 00:00:00,0999-wombat,B8:27:EB:6F:ED:ED,-80, WPA ,0.000000,0.000000,0.000,0.000,AP
2026-03-27 14:12:03,1900-01-00 00:00:00,0999-wombat,B8:27:EB:6F:ED:ED,-80, WPA ,0.000000,0.000000,0.000,0.000,AP
2026-03-27 14:12:03,1900-01-00 00:00:00,0999-wombat,B8:27:EB:6F:ED:ED,-80, WPA ,0.000000,0.000000,0.000,0.000,AP
2026-03-27 14:12:03,1900-01-00 00:00:00,0999-wombat,B8:27:EB:6F:ED:ED,-80, WPA ,0.000000,0.000000,0.000,0.000,AP
2026-03-27 14:12:03,1900-01-00 00:00:00,0999-wombat,B8:27:EB:6F:ED:ED,-80, WPA ,0.000000,0.000000,0.000,0.000,AP
2026-03-27 14:12:03,1900-01-00 00:00:00,0999-wombat,B8:27:EB:6F:ED:ED,-31, WPA ,0.000000,0.000000,0.000,0.000,AP
2026-03-27 14:12:03,1900-01-00 00:00:00,0999-wombat,B8:27:EB:6F:ED:ED,-31, WPA ,0.000000,0.000000,0.000,0.000,AP
2026-03-27 14:12:03,1900-01-00 00:00:00,0999-wombat,B8:27:EB:6F:ED:ED,-78, WPA ,0.000000,0.000000,0.000,0.000,AP
2026-03-27 14:12:03,1900-01-00 00:00:00,0999-wombat,B8:27:EB:6F:ED:ED,-78, WPA ,0.000000,0.000000,0.000,0.000,AP
2026-03-27 14:12:03,1900-01-00 00:00:00,0999-wombat,B8:27:EB:6F:ED:ED,-78, WPA ,0.000000,0.000000,0.000,0.000,AP
2026-03-27 14:12:03,1900-01-00 00:00:00,0999-wombat,B8:27:EB:6F:ED:ED,-78, WPA ,0.000000,0.000000,0.000,0.000,AP
2026-03-27 14:12:03,1900-01-00 00:00:00,0999-wombat,B8:27:EB:6F:ED:ED,-78, WPA ,0.000000,0.000000,0.000,0.000,AP
2026-03-27 14:12:03,1900-01-00 00:00:00,0999-wombat,B8:27:EB:6F:ED:ED,-78, WPA ,0.000000,0.000000,0.000,0.000,AP
2026-03-27 14:12:03,1900-01-00 00:00:00,0999-wombat,B8:27:EB:6F:ED:ED,-78, WPA ,0.000000,0.000000,0.000,0.000,AP
2026-03-27 14:12:03,1900-01-00 00:00:00,0999-wombat,B8:27:EB:6F:ED:ED,-78, WPA ,0.000000,0.000000,0.000,0.000,AP
2026-03-27 14:12:03,1900-01-00 00:00:00,0999-wombat,B8:27:EB:6F:ED:ED,-78, WPA ,0.000000,0.000000,0.000,0.000,AP
2026-03-27 14:12:03,1900-01-00 00:00:00,0999-wombat,B8:27:EB:6F:ED:ED,-78, WPA ,0.000000,0.000000,0.000,0.000,AP
2026-03-27 14:12:03,1900-01-00 00:00:00,0999-wombat,B8:27:EB:6F:ED:ED,-78, WPA ,0.000000,0.000000,0.000,0.000,AP
2026-03-27 14:12:03,1900-01-00 00:00:00,0999-wombat,B8:27:EB:6F:ED:ED,-78, WPA ,0.000000,0.000000,0.000,0.000,AP
2026-03-27 14:12:03,1900-01-00 00:00:00,0999-wombat,B8:27:EB:6F:ED:ED,-73, WPA ,0.000000,0.000000,0.000,0.000,AP
2026-03-27 14:12:03,1900-01-00 00:00:00,0999-wombat,B8:27:EB:6F:ED:ED,-73, WPA ,0.000000,0.000000,0.000,0.000,AP
2026-03-27 14:12:03,1900-01-00 00:00:00,0999-wombat,B8:27:EB:6F:ED:ED,-68, WPA ,0.000000,0.000000,0.000,0.000,AP
2026-03-27 14:12:03,1900-01-00 00:00:00,0999-wombat,B8:27:EB:6F:ED:ED,-68, WPA ,0.000000,0.000000,0.000,0.000,AP
2026-03-27 14:12:03,1900-01-00 00:00:00,0999-wombat,B8:27:EB:6F:ED:ED,-70, WPA ,0.000000,0.000000,0.000,0.000,AP
2026-03-27 14:12:03,1900-01-00 00:00:00,0999-wombat,B8:27:EB:6F:ED:ED,-69, WPA ,0.000000,0.000000,0.000,0.000,AP
2026-03-27 14:12:03,1900-01-00 00:00:00,0999-wombat,B8:27:EB:6F:ED:ED,-69, WPA ,0.000000,0.000000,0.000,0.000,AP
2026-03-27 14:12:03,1900-01-00 00:00:00,0999-wombat,B8:27:EB:6F:ED:ED,-69, WPA ,0.000000,0.000000,0.000,0.000,AP
2026-03-27 14:12:03,1900-01-00 00:00:00,0999-wombat,B8:27:EB:6F:ED:ED,-79, WPA ,0.000000,0.000000,0.000,0.000,AP
2026-03-27 14:12:03,1900-01-00 00:00:00,0999-wombat,B8:27:EB:6F:ED:ED,-54, WPA ,0.000000,0.000000,0.000,0.000,AP
2026-03-27 14:12:03,1900-01-00 00:00:00,0999-wombat,B8:27:EB:6F:ED:ED,-31, WPA ,0.000000,0.000000,0.000,0.000,AP
2026-03-27 14:12:03,1900-01-00 00:00:00,0999-wombat,B8:27:EB:6F:ED:ED,-31, WPA ,0.000000,0.000000,0.000,0.000,AP
2026-03-27 14:12:03,1900-01-00 00:00:00,0999-wombat,B8:27:EB:6F:ED:ED,-31, WPA ,0.000000,0.000000,0.000,0.000,AP
2026-03-27 14:12:03,1900-01-00 00:00:00,0999-wombat,B8:27:EB:6F:ED:ED,-31, WPA ,0.000000,0.000000,0.000,0.000,AP
2026-03-27 14:12:03,1900-01-00 00:00:00,0999-wombat,B8:27:EB:6F:ED:ED,-31, WPA ,0.000000,0.000000,0.000,0.000,AP
2026-03-27 14:12:03,1900-01-00 00:00:00,0999-wombat,B8:27:EB:6F:ED:ED,-31, WPA ,0.000000,0.000000,0.000,0.000,AP
2026-03-27 14:12:03,1900-01-00 00:00:00,0999-wombat,B8:27:EB:6F:ED:ED,-31, WPA ,0.000000,0.000000,0.000,0.000,AP
2026-03-27 14:12:03,1900-01-00 00:00:00,0999-wombat,B8:27:EB:6F:ED:ED,-31, WPA ,0.000000,0.000000,0.000,0.000,AP
2026-03-27 14:12:03,1900-01-00 00:00:00,0999-wombat,B8:27:EB:6F:ED:ED,-31, WPA ,0.000000,0.000000,0.000,0.000,AP
2026-03-27 14:12:03,1900-01-00 00:00:00,0999-wombat,B8:27:EB:6F:ED:ED,-31, WPA ,0.000000,0.000000,0.000,0.000,AP
2026-03-27 14:12:03,1900-01-00 00:00:00,0999-wombat,B8:27:EB:6F:ED:ED,-68, WPA ,0.000000,0.000000,0.000,0.000,AP
2026-03-27 14:12:03,1900-01-00 00:00:00,0999-wombat,B8:27:EB:6F:ED:ED,-68, WPA ,0.000000,0.000000,0.000,0.000,AP
2026-03-27 14:12:03,1900-01-00 00:00:00,0999-wombat,B8:27:EB:6F:ED:ED,-68, WPA ,0.000000,0.000000,0.000,0.000,AP
2026-03-27 14:12:03,1900-01-00 00:00:00,0999-wombat,B8:27:EB:6F:ED:ED,-68, WPA ,0.000000,0.000000,0.000,0.000,AP
2026-03-27 14:12:03,1900-01-00 00:00:00,0999-wombat,B8:27:EB:6F:ED:ED,-83, WPA ,0.000000,0.000000,0.000,0.000,AP
2026-03-27 14:12:03,1900-01-00 00:00:00,0999-wombat,B8:27:EB:6F:ED:ED,-81, WPA ,0.000000,0.000000,0.000,0.000,AP
2026-03-27 14:12:03,1900-01-00 00:00:00,0999-wombat,B8:27:EB:6F:ED:ED,-84, WPA ,0.000000,0.000000,0.000,0.000,AP
2026-03-27 14:12:03,1900-01-00 00:00:00,0999-wombat,B8:27:EB:6F:ED:ED,-84, WPA ,0.000000,0.000000,0.000,0.000,AP
2026-03-27 14:12:03,1900-01-00 00:00:00,0999-wombat,B8:27:EB:6F:ED:ED,-83, WPA ,0.000000,0.000000,0.000,0.000,AP
2026-03-27 14:12:03,1900-01-00 00:00:00,0999-wombat,B8:27:EB:6F:ED:ED,-83, WPA ,0.000000,0.000000,0.000,0.000,AP
2026-03-27 14:12:03,1900-01-00 00:00:00,0999-wombat,B8:27:EB:6F:ED:ED,-83, WPA ,0.000000,0.000000,0.000,0.000,AP
2026-03-27 14:12:03,1900-01-00 00:00:00,0999-wombat,B8:27:EB:6F:ED:ED,-83, WPA ,0.000000,0.000000,0.000,0.000,AP
2026-03-27 14:12:03,1900-01-00 00:00:00,0999-wombat,B8:27:EB:6F:ED:ED,-83, WPA ,0.000000,0.000000,0.000,0.000,AP
2026-03-27 14:12:03,1900-01-00 00:00:00,0999-wombat,B8:27:EB:6F:ED:ED,-83, WPA ,0.000000,0.000000,0.000,0.000,AP
2026-03-27 14:12:03,1900-01-00 00:00:00,0999-wombat,B8:27:EB:6F:ED:ED,-83, WPA ,0.000000,0.000000,0.000,0.000,AP
2026-03-27 14:12:03,1900-01-00 00:00:00,0999-wombat,B8:27:EB:6F:ED:ED,-83, WPA ,0.000000,0.000000,0.000,0.000,AP
2026-03-27 14:12:03,1900-01-00 00:00:00,0999-wombat,B8:27:EB:6F:ED:ED,-83, WPA ,0.000000,0.000000,0.000,0.000,AP
2026-03-27 14:12:03,1900-01-00 00:00:00,0999-wombat,B8:27:EB:6F:ED:ED,-83, WPA ,0.000000,0.000000,0.000,0.000,AP
2026-03-27 14:12:03,1900-01-00 00:00:00,0999-wombat,B8:27:EB:6F:ED:ED,-83, WPA ,0.000000,0.000000,0.000,0.000,AP
2026-03-27 14:12:03,1900-01-00 00:00:00,0999-wombat,B8:27:EB:6F:ED:ED,-83, WPA ,0.000000,0.000000,0.000,0.000,AP
2026-03-27 14:12:03,1900-01-00 00:00:00,0999-wombat,B8:27:EB:6F:ED:ED,-83, WPA ,0.000000,0.000000,0.000,0.000,AP
2026-03-27 14:12:03,1900-01-00 00:00:00,0999-wombat,B8:27:EB:6F:ED:ED,-83, WPA ,0.000000,0.000000,0.000,0.000,AP
2026-03-27 14:12:03,1900-01-00 00:00:00,0999-wombat,B8:27:EB:6F:ED:ED,-83, WPA ,0.000000,0.000000,0.000,0.000,AP
2026-03-27 14:12:03,1900-01-00 00:00:00,0999-wombat,B8:27:EB:6F:ED:ED,-83, WPA ,0.000000,0.000000,0.000,0.000,AP
2026-03-27 14:12:03,1900-01-00 00:00:00,0999-wombat,B8:27:EB:6F:ED:ED,-83, WPA ,0.000000,0.000000,0.000,0.000,AP
2026-03-27 14:12:03,1900-01-00 00:00:00,0999-wombat,B8:27:EB:6F:ED:ED,-83, WPA ,0.000000,0.000000,0.000,0.000,AP
2026-03-27 14:12:03,1900-01-00 00:00:00,0999-wombat,B8:27:EB:6F:ED:ED,-83, WPA ,0.000000,0.000000,0.000,0.000,AP
2026-03-27 14:12:03,1900-01-00 00:00:00,0999-wombat,B8:27:EB:6F:ED:ED,-83, WPA ,0.000000,0.000000,0.000,0.000,AP
2026-03-27 14:12:03,1900-01-00 00:00:00,0999-wombat,B8:27:EB:6F:ED:ED,-83, WPA ,0.000000,0.000000,0.000,0.000,AP
2026-03-27 14:12:03,1900-01-00 00:00:00,0999-wombat,B8:27:EB:6F:ED:ED,-83, WPA ,0.000000,0.000000,0.000,0.000,AP
2026-03-27 14:12:03,1900-01-00 00:00:00,0999-wombat,B8:27:EB:6F:ED:ED,-83, WPA ,0.000000,0.000000,0.000,0.000,AP
2026-03-27 14:12:03,1900-01-00 00:00:00,0999-wombat,B8:27:EB:6F:ED:ED,-83, WPA ,0.000000,0.000000,0.000,0.000,AP
2026-03-27 14:12:03,1900-01-00 00:00:00,0999-wombat,B8:27:EB:6F:ED:ED,-83, WPA ,0.000000,0.000000,0.000,0.000,AP
2026-03-27 14:12:03,1900-01-00 00:00:00,0999-wombat,B8:27:EB:6F:ED:ED,-83, WPA ,0.000000,0.000000,0.000,0.000,AP
2026-03-27 14:12:03,1900-01-00 00:00:00,0999-wombat,B8:27:EB:6F:ED:ED,-83, WPA ,0.000000,0.000000,0.000,0.000,AP
2026-03-27 14:12:03,1900-01-00 00:00:00,0999-wombat,B8:27:EB:6F:ED:ED,-83, WPA ,0.000000,0.000000,0.000,0.000,AP
2026-03-27 14:12:03,1900-01-00 00:00:00,0999-wombat,B8:27:EB:6F:ED:ED,-83, WPA ,0.000000,0.000000,0.000,0.000,AP
2026-03-27 14:12:03,1900-01-00 00:00:00,0999-wombat,B8:27:EB:6F:ED:ED,-83, WPA ,0.000000,0.000000,0.000,0.000,AP
2026-03-27 14:12:03,1900-01-00 00:00:00,0999-wombat,B8:27:EB:6F:ED:ED,-83, WPA ,0.000000,0.000000,0.000,0.000,AP
2026-03-27 14:12:03,1900-01-00 00:00:00,0999-wombat,B8:27:EB:6F:ED:ED,-83, WPA ,0.000000,0.000000,0.000,0.000,AP
2026-03-27 14:12:03,1900-01-00 00:00:00,0999-wombat,B8:27:EB:6F:ED:ED,-83, WPA ,0.000000,0.000000,0.000,0.000,AP
2026-03-27 14:12:03,1900-01-00 00:00:00,0999-wombat,B8:27:EB:6F:ED:ED,-83, WPA ,0.000000,0.000000,0.000,0.000,AP
2026-03-27 14:12:03,1900-01-00 00:00:00,0999-wombat,B8:27:EB:6F:ED:ED,-83, WPA ,0.000000,0.000000,0.000,0.000,AP
2026-03-27 14:12:03,1900-01-00 00:00:00,0999-wombat,B8:27:EB:6F:ED:ED,-83, WPA ,0.000000,0.000000,0.000,0.000,AP
2026-03-27 14:12:03,1900-01-00 00:00:00,0999-wombat,B8:27:EB:6F:ED:ED,-83, WPA ,0.000000,0.000000,0.000,0.000,AP
2026-03-27 14:12:03,1900-01-00 00:00:00,0999-wombat,B8:27:EB:6F:ED:ED,-83, WPA ,0.000000,0.000000,0.000,0.000,AP
2026-03-27 14:12:03,1900-01-00 00:00:00,0999-wombat,B8:27:EB:6F:ED:ED,-83, WPA ,0.000000,0.000000,0.000,0.000,AP
2026-03-27 14:12:03,1900-01-00 00:00:00,0999-wombat,B8:27:EB:6F:ED:ED,-83, WPA ,0.000000,0.000000,0.000,0.000,AP
2026-03-27 14:12:03,1900-01-00 00:00:00,0999-wombat,B8:27:EB:6F:ED:ED,-83, WPA ,0.000000,0.000000,0.000,0.000,AP
2026-03-27 14:12:03,1900-01-00 00:00:00,0999-wombat,B8:27:EB:6F:ED:ED,-83, WPA ,0.000000,0.000000,0.000,0.000,AP
2026-03-27 14:12:03,1900-01-00 00:00:00,0999-wombat,B8:27:EB:6F:ED:ED,-83, WPA ,0.000000,0.000000,0.000,0.000,AP
2026-03-27 14:12:03,1900-01-00 00:00:00,0999-wombat,B8:27:EB:6F:ED:ED,-83, WPA ,0.000000,0.000000,0.000,0.000,AP
2026-03-27 14:12:03,1900-01-00 00:00:00,0999-wombat,B8:27:EB:6F:ED:ED,-83, WPA ,0.000000,0.000000,0.000,0.000,AP
2026-03-27 14:12:03,1900-01-00 00:00:00,0999-wombat,B8:27:EB:6F:ED:ED,-83, WPA ,0.000000,0.000000,0.000,0.000,AP
2026-03-27 14:12:03,1900-01-00 00:00:00,0999-wombat,B8:27:EB:6F:ED:ED,-83, WPA ,0.000000,0.000000,0.000,0.000,AP
2026-03-27 14:12:03,1900-01-00 00:00:00,0999-wombat,B8:27:EB:6F:ED:ED,-83, WPA ,0.000000,0.000000,0.000,0.000,AP
2026-03-27 14:12:03,1900-01-00 00:00:00,0999-wombat,B8:27:EB:6F:ED:ED,-83, WPA ,0.000000,0.000000,0.000,0.000,AP
2026-03-27 14:12:03,1900-01-00 00:00:00,0999-wombat,B8:27:EB:6F:ED:ED,-83, WPA ,0.000000,0.000000,0.000,0.000,AP
2026-03-27 14:12:03,1900-01-00 00:00:00,0999-wombat,B8:27:EB:6F:ED:ED,-83, WPA ,0.000000,0.000000,0.000,0.000,AP
2026-03-27 14:12:03,1900-01-00 00:00:00,0999-wombat,B8:27:EB:6F:ED:ED,-83, WPA ,0.000000,0.000000,0.000,0.000,AP
2026-03-27 14:12:03,1900-01-00 00:00:00,0999-wombat,B8:27:EB:6F:ED:ED,-83, WPA ,0.000000,0.000000,0.000,0.000,AP
2026-03-27 14:12:03,1900-01-00 00:00:00,0999-wombat,B8:27:EB:6F:ED:ED,-83, WPA ,0.000000,0.000000,0.000,0.000,AP
2026-03-27 14:12:03,1900-01-00 00:00:00,0999-wombat,B8:27:EB:6F:ED:ED,-80, WPA ,0.000000,0.000000,0.000,0.000,AP
2026-03-27 14:12:03,1900-01-00 00:00:00,0999-wombat,B8:27:EB:6F:ED:ED,-80, WPA ,0.000000,0.000000,0.000,0.000,AP
2026-03-27 14:12:03,1900-01-00 00:00:00,0999-wombat,B8:27:EB:6F:ED:ED,-80, WPA ,0.000000,0.000000,0.000,0.000,AP
2026-03-27 14:12:03,1900-01-00 00:00:00,0999-wombat,B8:27:EB:6F:ED:ED,-80, WPA ,0.000000,0.000000,0.000,0.000,AP
2026-03-27 14:12:03,1900-01-00 00:00:00,0999-wombat,B8:27:EB:6F:ED:ED,-80, WPA ,0.000000,0.000000,0.000,0.000,AP
2026-03-27 14:12:03,1900-01-00 00:00:00,0999-wombat,B8:27:EB:6F:ED:ED,-80, WPA ,0.000000,0.000000,0.000,0.000,AP
2026-03-27 14:12:03,1900-01-00 00:00:00,0999-wombat,B8:27:EB:6F:ED:ED,-80, WPA ,0.000000,0.000000,0.000,0.000,AP
2026-03-27 14:12:03,1900-01-00 00:00:00,0999-wombat,B8:27:EB:6F:ED:ED,-80, WPA ,0.000000,0.000000,0.000,0.000,AP
2026-03-27 14:12:03,1900-01-00 00:00:00,0999-wombat,B8:27:EB:6F:ED:ED,-80, WPA ,0.000000,0.000000,0.000,0.000,AP
2026-03-27 14:12:03,1900-01-00 00:00:00,0999-wombat,B8:27:EB:6F:ED:ED,-80, WPA ,0.000000,0.000000,0.000,0.000,AP
2026-03-27 14:12:03,1900-01-00 00:00:00,0999-wombat,B8:27:EB:6F:ED:ED,-80, WPA ,0.000000,0.000000,0.000,0.000,AP
2026-03-27 14:12:03,1900-01-00 00:00:00,0999-wombat,B8:27:EB:6F:ED:ED,-80, WPA ,0.000000,0.000000,0.000,0.000,AP
2026-03-27 14:12:03,1900-01-00 00:00:00,0999-wombat,B8:27:EB:6F:ED:ED,-80, WPA ,0.000000,0.000000,0.000,0.000,AP
2026-03-27 14:12:03,1900-01-00 00:00:00,0999-wombat,B8:27:EB:6F:ED:ED,-80, WPA ,0.000000,0.000000,0.000,0.000,AP
2026-03-27 14:12:03,1900-01-00 00:00:00,0999-wombat,B8:27:EB:6F:ED:ED,-80, WPA ,0.000000,0.000000,0.000,0.000,AP
2026-03-27 14:12:03,1900-01-00 00:00:00,0999-wombat,B8:27:EB:6F:ED:ED,-80, WPA ,0.000000,0.000000,0.000,0.000,AP
2026-03-27 14:12:03,1900-01-00 00:00:00,0999-wombat,B8:27:EB:6F:ED:ED,-80, WPA ,0.000000,0.000000,0.000,0.000,AP
2026-03-27 14:12:03,1900-01-00 00:00:00,0999-wombat,B8:27:EB:6F:ED:ED,-80, WPA ,0.000000,0.000000,0.000,0.000,AP
2026-03-27 14:12:03,1900-01-00 00:00:00,0999-wombat,B8:27:EB:6F:ED:ED,-80, WPA ,0.000000,0.000000,0.000,0.000,AP
2026-03-27 14:12:03,1900-01-00 00:00:00,0999-wombat,B8:27:EB:6F:ED:ED,-80, WPA ,0.000000,0.000000,0.000,0.000,AP
2026-03-27 14:12:03,1900-01-00 00:00:00,0999-wombat,B8:27:EB:6F:ED:ED,-80, WPA ,0.000000,0.000000,0.000,0.000,AP
2026-03-27 14:12:03,1900-01-00 00:00:00,0999-wombat,B8:27:EB:6F:ED:ED,-80, WPA ,0.000000,0.000000,0.000,0.000,AP
2026-03-27 14:12:03,1900-01-00 00:00:00,0999-wombat,B8:27:EB:6F:ED:ED,-80, WPA ,0.000000,0.000000,0.000,0.000,AP
2026-03-27 14:12:03,1900-01-00 00:00:00,0999-wombat,B8:27:EB:6F:ED:ED,-80, WPA ,0.000000,0.000000,0.000,0.000,AP
2026-03-27 14:12:03,1900-01-00 00:00:00,0999-wombat,B8:27:EB:6F:ED:ED,-80, WPA ,0.000000,0.000000,0.000,0.000,AP
2026-03-27 14:12:03,1900-01-00 00:00:00,0999-wombat,B8:27:EB:6F:ED:ED,-28, WPA ,0.000000,0.000000,0.000,0.000,AP
2026-03-27 14:12:03,1900-01-00 00:00:00,0999-wombat,B8:27:EB:6F:ED:ED,-28, WPA ,0.000000,0.000000,0.000,0.000,AP
2026-03-27 14:12:03,1900-01-00 00:00:00,0999-wombat,B8:27:EB:6F:ED:ED,-28, WPA ,0.000000,0.000000,0.000,0.000,AP
2026-03-27 14:12:03,1900-01-00 00:00:00,0999-wombat,B8:27:EB:6F:ED:ED,-28, WPA ,0.000000,0.000000,0.000,0.000,AP
2026-03-27 14:12:03,1900-01-00 00:00:00,0999-wombat,B8:27:EB:6F:ED:ED,-28, WPA ,0.000000,0.000000,0.000,0.000,AP
2026-03-27 14:12:03,1900-01-00 00:00:00,0999-wombat,B8:27:EB:6F:ED:ED,-28, WPA ,0.000000,0.000000,0.000,0.000,AP
2026-03-27 14:12:03,1900-01-00 00:00:00,0999-wombat,B8:27:EB:6F:ED:ED,-28, WPA ,0.000000,0.000000,0.000,0.000,AP
2026-03-27 14:12:03,1900-01-00 00:00:00,0999-wombat,B8:27:EB:6F:ED:ED,-28, WPA ,0.000000,0.000000,0.000,0.000,AP
2026-03-27 14:12:03,1900-01-00 00:00:00,0999-wombat,B8:27:EB:6F:ED:ED,-28, WPA ,0.000000,0.000000,0.000,0.000,AP
2026-03-27 14:12:03,1900-01-00 00:00:00,0999-wombat,B8:27:EB:6F:ED:ED,-28, WPA ,0.000000,0.000000,0.000,0.000,AP
2026-03-27 14:12:03,1900-01-00 00:00:00,0999-wombat,B8:27:EB:6F:ED:ED,-28, WPA ,0.000000,0.000000,0.000,0.000,AP
2026-03-27 14:12:03,1900-01-00 00:00:00,0999-wombat,B8:27:EB:6F:ED:ED,-28, WPA ,0.000000,0.000000,0.000,0.000,AP
2026-03-27 14:12:03,1900-01-00 00:00:00,0999-wombat,B8:27:EB:6F:ED:ED,-69, WPA ,0.000000,0.000000,0.000,0.000,AP
2026-03-27 14:12:03,1900-01-00 00:00:00,0999-wombat,B8:27:EB:6F:ED:ED,-69, WPA ,0.000000,0.000000,0.000,0.000,AP
2026-03-27 14:12:03,1900-01-00 00:00:00,0999-wombat,B8:27:EB:6F:ED:ED,-69, WPA ,0.000000,0.000000,0.000,0.000,AP
2026-03-27 14:12:03,1900-01-00 00:00:00,0999-wombat,B8:27:EB:6F:ED:ED,-69, WPA ,0.000000,0.000000,0.000,0.000,AP
2026-03-27 14:12:03,1900-01-00 00:00:00,0999-wombat,B8:27:EB:6F:ED:ED,-69, WPA ,0.000000,0.000000,0.000,0.000,AP
2026-03-27 14:12:03,1900-01-00 00:00:00,0999-wombat,B8:27:EB:6F:ED:ED,-69, WPA ,0.000000,0.000000,0.000,0.000,AP
2026-03-27 14:12:03,1900-01-00 00:00:00,0999-wombat,B8:27:EB:6F:ED:ED,-69, WPA ,0.000000,0.000000,0.000,0.000,AP
2026-03-27 14:12:03,1900-01-00 00:00:00,0999-wombat,B8:27:EB:6F:ED:ED,-69, WPA ,0.000000,0.000000,0.000,0.000,AP
2026-03-27 14:12:03,1900-01-00 00:00:00,0999-wombat,B8:27:EB:6F:ED:ED,-69, WPA ,0.000000,0.000000,0.000,0.000,AP
2026-03-27 14:12:03,1900-01-00 00:00:00,0999-wombat,B8:27:EB:6F:ED:ED,-69, WPA ,0.000000,0.000000,0.000,0.000,AP
2026-03-27 14:12:03,1900-01-00 00:00:00,0999-wombat,B8:27:EB:6F:ED:ED,-69, WPA ,0.000000,0.000000,0.000,0.000,AP
2026-03-27 14:12:03,1900-01-00 00:00:00,0999-wombat,B8:27:EB:6F:ED:ED,-69, WPA ,0.000000,0.000000,0.000,0.000,AP
2026-03-27 14:12:03,1900-01-00 00:00:00,0999-wombat,B8:27:EB:6F:ED:ED,-69, WPA ,0.000000,0.000000,0.000,0.000,AP
2026-03-27 14:12:03,1900-01-00 00:00:00,0999-wombat,B8:27:EB:6F:ED:ED,-69, WPA ,0.000000,0.000000,0.000,0.000,AP
2026-03-27 14:12:03,1900-01-00 00:00:00,0999-wombat,B8:27:EB:6F:ED:ED,-69, WPA ,0.000000,0.000000,0.000,0.000,AP
2026-03-27 14:12:03,1900-01-00 00:00:00,0999-wombat,B8:27:EB:6F:ED:ED,-69, WPA ,0.000000,0.000000,0.000,0.000,AP
2026-03-27 14:12:03,1900-01-00 00:00:00,0999-wombat,B8:27:EB:6F:ED:ED,-69, WPA ,0.000000,0.000000,0.000,0.000,AP
2026-03-27 14:12:03,1900-01-00 00:00:00,0999-wombat,B8:27:EB:6F:ED:ED,-69, WPA ,0.000000,0.000000,0.000,0.000,AP
2026-03-27 14:12:03,1900-01-00 00:00:00,0999-wombat,B8:27:EB:6F:ED:ED,-69, WPA ,0.000000,0.000000,0.000,0.000,AP
2026-03-27 14:12:03,1900-01-00 00:00:00,0999-wombat,B8:27:EB:6F:ED:ED,-69, WPA ,0.000000,0.000000,0.000,0.000,AP
2026-03-27 14:12:03,1900-01-00 00:00:00,0999-wombat,B8:27:EB:6F:ED:ED,-69, WPA ,0.000000,0.000000,0.000,0.000,AP
2026-03-27 14:12:03,1900-01-00 00:00:00,0999-wombat,B8:27:EB:6F:ED:ED,-69, WPA ,0.000000,0.000000,0.000,0.000,AP
2026-03-27 14:12:03,1900-01-00 00:00:00,0999-wombat,B8:27:EB:6F:ED:ED,-69, WPA ,0.000000,0.000000,0.000,0.000,AP
2026-03-27 14:12:03,1900-01-00 00:00:00,0999-wombat,B8:27:EB:6F:ED:ED,-69, WPA ,0.000000,0.000000,0.000,0.000,AP
2026-03-27 14:12:03,1900-01-00 00:00:00,0999-wombat,B8:27:EB:6F:ED:ED,-69, WPA ,0.000000,0.000000,0.000,0.000,AP
2026-03-27 14:12:03,1900-01-00 00:00:00,0999-wombat,B8:27:EB:6F:ED:ED,-69, WPA ,0.000000,0.000000,0.000,0.000,AP
2026-03-27 14:12:03,1900-01-00 00:00:00,0999-wombat,B8:27:EB:6F:ED:ED,-69, WPA ,0.000000,0.000000,0.000,0.000,AP
2026-03-27 14:12:03,1900-01-00 00:00:00,0999-wombat,B8:27:EB:6F:ED:ED,-69, WPA ,0.000000,0.000000,0.000,0.000,AP
2026-03-27 14:12:03,1900-01-00 00:00:00,0999-wombat,B8:27:EB:6F:ED:ED,-69, WPA ,0.000000,0.000000,0.000,0.000,AP
2026-03-27 14:12:03,1900-01-00 00:00:00,0999-wombat,B8:27:EB:6F:ED:ED,-69, WPA ,0.000000,0.000000,0.000,0.000,AP
2026-03-27 14:12:03,1900-01-00 00:00:00,0999-wombat,B8:27:EB:6F:ED:ED,-69, WPA ,0.000000,0.000000,0.000,0.000,AP
2026-03-27 14:12:03,1900-01-00 00:00:00,0999-wombat,B8:27:EB:6F:ED:ED,-69, WPA ,0.000000,0.000000,0.000,0.000,AP
2026-03-27 14:12:03,1900-01-00 00:00:00,0999-wombat,B8:27:EB:6F:ED:ED,-69, WPA ,0.000000,0.000000,0.000,0.000,AP
2026-03-27 14:12:03,1900-01-00 00:00:00,0999-wombat,B8:27:EB:6F:ED:ED,-69, WPA ,0.000000,0.000000,0.000,0.000,AP
2026-03-27 14:12:03,1900-01-00 00:00:00,0999-wombat,B8:27:EB:6F:ED:ED,-69, WPA ,0.000000,0.000000,0.000,0.000,AP
2026-03-27 14:12:03,1900-01-00 00:00:00,0999-wombat,B8:27:EB:6F:ED:ED,-69, WPA ,0.000000,0.000000,0.000,0.000,AP
2026-03-27 14:12:03,1900-01-00 00:00:00,0999-wombat,B8:27:EB:6F:ED:ED,-69, WPA ,0.000000,0.000000,0.000,0.000,AP
2026-03-27 14:12:03,1900-01-00 00:00:00,0999-wombat,B8:27:EB:6F:ED:ED,-69, WPA ,0.000000,0.000000,0.000,0.000,AP
2026-03-27 14:12:03,1900-01-00 00:00:00,0999-wombat,B8:27:EB:6F:ED:ED,-69, WPA ,0.000000,0.000000,0.000,0.000,AP
2026-03-27 14:12:03,1900-01-00 00:00:00,0999-wombat,B8:27:EB:6F:ED:ED,-69, WPA ,0.000000,0.000000,0.000,0.000,AP
2026-03-27 14:12:03,1900-01-00 00:00:00,0999-wombat,B8:27:EB:6F:ED:ED,-69, WPA ,0.000000,0.000000,0.000,0.000,AP
2026-03-27 14:12:03,1900-01-00 00:00:00,0999-wombat,B8:27:EB:6F:ED:ED,-69, WPA ,0.000000,0.000000,0.000,0.000,AP
2026-03-27 14:12:03,1900-01-00 00:00:00,0999-wombat,B8:27:EB:6F:ED:ED,-69, WPA ,0.000000,0.000000,0.000,0.000,AP
2026-03-27 14:12:03,1900-01-00 00:00:00,0999-wombat,B8:27:EB:6F:ED:ED,-69, WPA ,0.000000,0.000000,0.000,0.000,AP
2026-03-27 14:12:03,1900-01-00 00:00:00,0999-wombat,B8:27:EB:6F:ED:ED,-69, WPA ,0.000000,0.000000,0.000,0.000,AP
2026-03-27 14:12:03,1900-01-00 00:00:00,0999-wombat,B8:27:EB:6F:ED:ED,-69, WPA ,0.000000,0.000000,0.000,0.000,AP
2026-03-27 14:12:03,1900-01-00 00:00:00,0999-wombat,B8:27:EB:6F:ED:ED,-69, WPA ,0.000000,0.000000,0.000,0.000,AP
2026-03-27 14:12:03,1900-01-00 00:00:00,0999-wombat,B8:27:EB:6F:ED:ED,-69, WPA ,0.000000,0.000000,0.000,0.000,AP
2026-03-27 14:12:03,1900-01-00 00:00:00,0999-wombat,B8:27:EB:6F:ED:ED,-69, WPA ,0.000000,0.000000,0.000,0.000,AP
2026-03-27 14:12:03,1900-01-00 00:00:00,0999-wombat,B8:27:EB:6F:ED:ED,-69, WPA ,0.000000,0.000000,0.000,0.000,AP
2026-03-27 14:12:03,1900-01-00 00:00:00,0999-wombat,B8:27:EB:6F:ED:ED,-69, WPA ,0.000000,0.000000,0.000,0.000,AP
2026-03-27 14:12:03,1900-01-00 00:00:00,0999-wombat,B8:27:EB:6F:ED:ED,-69, WPA ,0.000000,0.000000,0.000,0.000,AP
2026-03-27 14:12:03,1900-01-00 00:00:00,0999-wombat,B8:27:EB:6F:ED:ED,-69, WPA ,0.000000,0.000000,0.000,0.000,AP
2026-03-27 14:12:03,1900-01-00 00:00:00,0999-wombat,B8:27:EB:6F:ED:ED,-69, WPA ,0.000000,0.000000,0.000,0.000,AP
2026-03-27 14:12:03,1900-01-00 00:00:00,0999-wombat,B8:27:EB:6F:ED:ED,-69, WPA ,0.000000,0.000000,0.000,0.000,AP
2026-03-27 14:12:03,1900-01-00 00:00:00,0999-wombat,B8:27:EB:6F:ED:ED,-69, WPA ,0.000000,0.000000,0.000,0.000,AP
2026-03-27 14:12:03,1900-01-00 00:00:00,0999-wombat,B8:27:EB:6F:ED:ED,-69, WPA ,0.000000,0.000000,0.000,0.000,AP
2026-03-27 14:12:03,1900-01-00 00:00:00,0999-wombat,B8:27:EB:6F:ED:ED,-69, WPA ,0.000000,0.000000,0.000,0.000,AP
2026-03-27 14:12:03,1900-01-00 00:00:00,0999-wombat,B8:27:EB:6F:ED:ED,-69, WPA ,0.000000,0.000000,0.000,0.000,AP
2026-03-27 14:12:03,1900-01-00 00:00:00,0999-wombat,B8:27:EB:6F:ED:ED,-69, WPA ,0.000000,0.000000,0.000,0.000,AP
2026-03-27 14:12:03,1900-01-00 00:00:00,0999-wombat,B8:27:EB:6F:ED:ED,-69, WPA ,0.000000,0.000000,0.000,0.000,AP
2026-03-27 14:12:03,1900-01-00 00:00:00,0999-wombat,B8:27:EB:6F:ED:ED,-69, WPA ,0.000000,0.000000,0.000,0.000,AP
2026-03-27 14:12:03,1900-01-00 00:00:00,0999-wombat,B8:27:EB:6F:ED:ED,-69, WPA ,0.000000,0.000000,0.000,0.000,AP
2026-03-27 14:12:03,1900-01-00 00:00:00,0999-wombat,B8:27:EB:6F:ED:ED,-77, WPA ,0.000000,0.000000,0.000,0.000,AP
2026-03-27 14:12:03,1900-01-00 00:00:00,0999-wombat,B8:27:EB:6F:ED:ED,-77, WPA ,0.000000,0.000000,0.000,0.000,AP
2026-03-27 14:12:03,1900-01-00 00:00:00,0999-wombat,B8:27:EB:6F:ED:ED,-77, WPA ,0.000000,0.000000,0.000,0.000,AP
2026-03-27 14:12:03,1900-01-00 00:00:00,0999-wombat,B8:27:EB:6F:ED:ED,-77, WPA ,0.000000,0.000000,0.000,0.000,AP
2026-03-27 14:12:03,1900-01-00 00:00:00,0999-wombat,B8:27:EB:6F:ED:ED,-77, WPA ,0.000000,0.000000,0.000,0.000,AP
2026-03-27 14:12:03,1900-01-00 00:00:00,0999-wombat,B8:27:EB:6F:ED:ED,-77, WPA ,0.000000,0.000000,0.000,0.000,AP
2026-03-27 14:12:03,1900-01-00 00:00:00,0999-wombat,B8:27:EB:6F:ED:ED,-77, WPA ,0.000000,0.000000,0.000,0.000,AP
2026-03-27 14:12:03,1900-01-00 00:00:00,0999-wombat,B8:27:EB:6F:ED:ED,-77, WPA ,0.000000,0.000000,0.000,0.000,AP
2026-03-27 14:12:03,1900-01-00 00:00:00,0999-wombat,B8:27:EB:6F:ED:ED,-55, WPA ,0.000000,0.000000,0.000,0.000,AP
2026-03-27 14:12:03,1900-01-00 00:00:00,0999-wombat,B8:27:EB:6F:ED:ED,-55, WPA ,0.000000,0.000000,0.000,0.000,AP
2026-03-27 14:12:03,1900-01-00 00:00:00,0999-wombat,B8:27:EB:6F:ED:ED,-55, WPA ,0.000000,0.000000,0.000,0.000,AP
2026-03-27 14:12:03,1900-01-00 00:00:00,0999-wombat,B8:27:EB:6F:ED:ED,-55, WPA ,0.000000,0.000000,0.000,0.000,AP
2026-03-27 14:12:03,1900-01-00 00:00:00,0999-wombat,B8:27:EB:6F:ED:ED,-55, WPA ,0.000000,0.000000,0.000,0.000,AP
2026-03-27 14:12:03,1900-01-00 00:00:00,0999-wombat,B8:27:EB:6F:ED:ED,-55, WPA ,0.000000,0.000000,0.000,0.000,AP
2026-03-27 14:12:03,1900-01-00 00:00:00,0999-wombat,B8:27:EB:6F:ED:ED,-55, WPA ,0.000000,0.000000,0.000,0.000,AP
2026-03-27 14:12:03,1900-01-00 00:00:00,0999-wombat,B8:27:EB:6F:ED:ED,-55, WPA ,0.000000,0.000000,0.000,0.000,AP
2026-03-27 14:12:03,1900-01-00 00:00:00,0999-wombat,B8:27:EB:6F:ED:ED,-55, WPA ,0.000000,0.000000,0.000,0.000,AP
2026-03-27 14:12:03,1900-01-00 00:00:00,0999-wombat,B8:27:EB:6F:ED:ED,-55, WPA ,0.000000,0.000000,0.000,0.000,AP
2026-03-27 14:12:03,1900-01-00 00:00:00,0999-wombat,B8:27:EB:6F:ED:ED,-55, WPA ,0.000000,0.000000,0.000,0.000,AP
2026-03-27 14:12:03,1900-01-00 00:00:00,0999-wombat,B8:27:EB:6F:ED:ED,-55, WPA ,0.000000,0.000000,0.000,0.000,AP
2026-03-27 14:12:03,1900-01-00 00:00:00,0999-wombat,B8:27:EB:6F:ED:ED,-55, WPA ,0.000000,0.000000,0.000,0.000,AP
2026-03-27 14:12:03,1900-01-00 00:00:00,0999-wombat,B8:27:EB:6F:ED:ED,-55, WPA ,0.000000,0.000000,0.000,0.000,AP
2026-03-27 14:12:03,1900-01-00 00:00:00,0999-wombat,B8:27:EB:6F:ED:ED,-55, WPA ,0.000000,0.000000,0.000,0.000,AP
2026-03-27 14:12:03,1900-01-00 00:00:00,0999-wombat,B8:27:EB:6F:ED:ED,-55, WPA ,0.000000,0.000000,0.000,0.000,AP
2026-03-27 14:12:03,1900-01-00 00:00:00,0999-wombat,B8:27:EB:6F:ED:ED,-30, WPA ,0.000000,0.000000,0.000,0.000,AP
2026-03-27 14:12:03,1900-01-00 00:00:00,0999-wombat,B8:27:EB:6F:ED:ED,-30, WPA ,0.000000,0.000000,0.000,0.000,AP
2026-03-27 14:12:03,1900-01-00 00:00:00,0999-wombat,B8:27:EB:6F:ED:ED,-30, WPA ,0.000000,0.000000,0.000,0.000,AP
2026-03-27 14:12:03,1900-01-00 00:00:00,0999-wombat,B8:27:EB:6F:ED:ED,-30, WPA ,0.000000,0.000000,0.000,0.000,AP
2026-03-27 14:12:03,1900-01-00 00:00:00,0999-wombat,B8:27:EB:6F:ED:ED,-30, WPA ,0.000000,0.000000,0.000,0.000,AP
2026-03-27 14:12:03,1900-01-00 00:00:00,0999-wombat,B8:27:EB:6F:ED:ED,-30, WPA ,0.000000,0.000000,0.000,0.000,AP
2026-03-27 14:12:03,1900-01-00 00:00:00,0999-wombat,B8:27:EB:6F:ED:ED,-30, WPA ,0.000000,0.000000,0.000,0.000,AP
2026-03-27 14:12:03,1900-01-00 00:00:00,0999-wombat,B8:27:EB:6F:ED:ED,-30, WPA ,0.000000,0.000000,0.000,0.000,AP
2026-03-27 14:12:03,1900-01-00 00:00:00,0999-wombat,B8:27:EB:6F:ED:ED,-30, WPA ,0.000000,0.000000,0.000,0.000,AP
2026-03-27 14:12:03,1900-01-00 00:00:00,0999-wombat,B8:27:EB:6F:ED:ED,-30, WPA ,0.000000,0.000000,0.000,0.000,AP
2026-03-27 14:12:03,1900-01-00 00:00:00,0999-wombat,B8:27:EB:6F:ED:ED,-30, WPA ,0.000000,0.000000,0.000,0.000,AP
2026-03-27 14:12:03,1900-01-00 00:00:00,0999-wombat,B8:27:EB:6F:ED:ED,-30, WPA ,0.000000,0.000000,0.000,0.000,AP
2026-03-27 14:12:03,1900-01-00 00:00:00,0999-wombat,B8:27:EB:6F:ED:ED,-70, WPA ,0.000000,0.000000,0.000,0.000,AP
2026-03-27 14:12:03,1900-01-00 00:00:00,0999-wombat,B8:27:EB:6F:ED:ED,-70, WPA ,0.000000,0.000000,0.000,0.000,AP
2026-03-27 14:12:03,1900-01-00 00:00:00,0999-wombat,B8:27:EB:6F:ED:ED,-70, WPA ,0.000000,0.000000,0.000,0.000,AP
2026-03-27 14:12:03,1900-01-00 00:00:00,0999-wombat,B8:27:EB:6F:ED:ED,-70, WPA ,0.000000,0.000000,0.000,0.000,AP
2026-03-27 14:12:03,1900-01-00 00:00:00,0999-wombat,B8:27:EB:6F:ED:ED,-70, WPA ,0.000000,0.000000,0.000,0.000,AP
2026-03-27 14:12:03,1900-01-00 00:00:00,0999-wombat,B8:27:EB:6F:ED:ED,-70, WPA ,0.000000,0.000000,0.000,0.000,AP
2026-03-27 14:12:03,1900-01-00 00:00:00,0999-wombat,B8:27:EB:6F:ED:ED,-70, WPA ,0.000000,0.000000,0.000,0.000,AP
2026-03-27 14:12:03,1900-01-00 00:00:00,0999-wombat,B8:27:EB:6F:ED:ED,-70, WPA ,0.000000,0.000000,0.000,0.000,AP
2026-03-27 14:12:03,1900-01-00 00:00:00,0999-wombat,B8:27:EB:6F:ED:ED,-70, WPA ,0.000000,0.000000,0.000,0.000,AP
2026-03-27 14:12:03,1900-01-00 00:00:00,0999-wombat,B8:27:EB:6F:ED:ED,-70, WPA ,0.000000,0.000000,0.000,0.000,AP
2026-03-27 14:12:03,1900-01-00 00:00:00,0999-wombat,B8:27:EB:6F:ED:ED,-70, WPA ,0.000000,0.000000,0.000,0.000,AP
2026-03-27 14:12:03,1900-01-00 00:00:00,0999-wombat,B8:27:EB:6F:ED:ED,-70, WPA ,0.000000,0.000000,0.000,0.000,AP
2026-03-27 14:12:03,1900-01-00 00:00:00,0999-wombat,B8:27:EB:6F:ED:ED,-70, WPA ,0.000000,0.000000,0.000,0.000,AP
2026-03-27 14:12:03,1900-01-00 00:00:00,0999-wombat,B8:27:EB:6F:ED:ED,-70, WPA ,0.000000,0.000000,0.000,0.000,AP
2026-03-27 14:12:03,1900-01-00 00:00:00,0999-wombat,B8:27:EB:6F:ED:ED,-70, WPA ,0.000000,0.000000,0.000,0.000,AP
2026-03-27 14:12:03,1900-01-00 00:00:00,0999-wombat,B8:27:EB:6F:ED:ED,-70, WPA ,0.000000,0.000000,0.000,0.000,AP
2026-03-27 14:12:03,1900-01-00 00:00:00,0999-wombat,B8:27:EB:6F:ED:ED,-70, WPA ,0.000000,0.000000,0.000,0.000,AP
2026-03-27 14:12:03,1900-01-00 00:00:00,0999-wombat,B8:27:EB:6F:ED:ED,-70, WPA ,0.000000,0.000000,0.000,0.000,AP
2026-03-27 14:12:03,1900-01-00 00:00:00,0999-wombat,B8:27:EB:6F:ED:ED,-70, WPA ,0.000000,0.000000,0.000,0.000,AP
2026-03-27 14:12:03,1900-01-00 00:00:00,0999-wombat,B8:27:EB:6F:ED:ED,-70, WPA ,0.000000,0.000000,0.000,0.000,AP
2026-03-27 14:12:03,1900-01-00 00:00:00,0999-wombat,B8:27:EB:6F:ED:ED,-70, WPA ,0.000000,0.000000,0.000,0.000,AP
2026-03-27 14:12:03,1900-01-00 00:00:00,0999-wombat,B8:27:EB:6F:ED:ED,-70, WPA ,0.000000,0.000000,0.000,0.000,AP
2026-03-27 14:12:03,1900-01-00 00:00:00,0999-wombat,B8:27:EB:6F:ED:ED,-70, WPA ,0.000000,0.000000,0.000,0.000,AP
2026-03-27 14:12:03,1900-01-00 00:00:00,0999-wombat,B8:27:EB:6F:ED:ED,-70, WPA ,0.000000,0.000000,0.000,0.000,AP
2026-03-27 14:12:03,1900-01-00 00:00:00,0999-wombat,B8:27:EB:6F:ED:ED,-70, WPA ,0.000000,0.000000,0.000,0.000,AP
2026-03-27 14:12:03,1900-01-00 00:00:00,0999-wombat,B8:27:EB:6F:ED:ED,-70, WPA ,0.000000,0.000000,0.000,0.000,AP
2026-03-27 14:12:03,1900-01-00 00:00:00,0999-wombat,B8:27:EB:6F:ED:ED,-70, WPA ,0.000000,0.000000,0.000,0.000,AP
2026-03-27 14:12:03,1900-01-00 00:00:00,0999-wombat,B8:27:EB:6F:ED:ED,-70, WPA ,0.000000,0.000000,0.000,0.000,AP
2026-03-27 14:12:03,1900-01-00 00:00:00,0999-wombat,B8:27:EB:6F:ED:ED,-70, WPA ,0.000000,0.000000,0.000,0.000,AP
2026-03-27 14:12:03,1900-01-00 00:00:00,0999-wombat,B8:27:EB:6F:ED:ED,-70, WPA ,0.000000,0.000000,0.000,0.000,AP
2026-03-27 14:12:03,1900-01-00 00:00:00,0999-wombat,B8:27:EB:6F:ED:ED,-70, WPA ,0.000000,0.000000,0.000,0.000,AP
2026-03-27 14:12:03,1900-01-00 00:00:00,0999-wombat,B8:27:EB:6F:ED:ED,-70, WPA ,0.000000,0.000000,0.000,0.000,AP
2026-03-27 14:12:03,1900-01-00 00:00:00,0999-wombat,B8:27:EB:6F:ED:ED,-70, WPA ,0.000000,0.000000,0.000,0.000,AP
2026-03-27 14:12:03,1900-01-00 00:00:00,0999-wombat,B8:27:EB:6F:ED:ED,-70, WPA ,0.000000,0.000000,0.000,0.000,AP
2026-03-27 14:12:03,1900-01-00 00:00:00,0999-wombat,B8:27:EB:6F:ED:ED,-70, WPA ,0.000000,0.000000,0.000,0.000,AP
2026-03-27 14:12:03,1900-01-00 00:00:00,0999-wombat,B8:27:EB:6F:ED:ED,-70, WPA ,0.000000,0.000000,0.000,0.000,AP
2026-03-27 14:12:03,1900-01-00 00:00:00,0999-wombat,B8:27:EB:6F:ED:ED,-70, WPA ,0.000000,0.000000,0.000,0.000,AP
2026-03-27 14:12:03,1900-01-00 00:00:00,0999-wombat,B8:27:EB:6F:ED:ED,-70, WPA ,0.000000,0.000000,0.000,0.000,AP
2026-03-27 14:12:03,1900-01-00 00:00:00,0999-wombat,B8:27:EB:6F:ED:ED,-70, WPA ,0.000000,0.000000,0.000,0.000,AP
2026-03-27 14:12:03,1900-01-00 00:00:00,0999-wombat,B8:27:EB:6F:ED:ED,-70, WPA ,0.000000,0.000000,0.000,0.000,AP
2026-03-27 14:12:03,1900-01-00 00:00:00,0999-wombat,B8:27:EB:6F:ED:ED,-79, WPA ,0.000000,0.000000,0.000,0.000,AP
2026-03-27 14:12:03,1900-01-00 00:00:00,0999-wombat,B8:27:EB:6F:ED:ED,-79, WPA ,0.000000,0.000000,0.000,0.000,AP
2026-03-27 14:12:03,1900-01-00 00:00:00,0999-wombat,B8:27:EB:6F:ED:ED,-79, WPA ,0.000000,0.000000,0.000,0.000,AP
2026-03-27 14:12:03,1900-01-00 00:00:00,0999-wombat,B8:27:EB:6F:ED:ED,-80, WPA ,0.000000,0.000000,0.000,0.000,AP
2026-03-27 14:12:04,1900-01-00 00:00:00,0999-wombat,B8:27:EB:6F:ED:ED,-73, WPA ,0.000000,0.000000,0.000,0.000,AP
2026-03-27 14:12:04,1900-01-00 00:00:00,0999-wombat,B8:27:EB:6F:ED:ED,-74, WPA ,0.000000,0.000000,0.000,0.000,AP
2026-03-27 14:12:04,1900-01-00 00:00:00,0999-wombat,B8:27:EB:6F:ED:ED,-73, WPA ,0.000000,0.000000,0.000,0.000,AP
2026-03-27 14:12:04,1900-01-00 00:00:00,0999-wombat,B8:27:EB:6F:ED:ED,-73, WPA ,0.000000,0.000000,0.000,0.000,AP
2026-03-27 14:12:04,1900-01-00 00:00:00,0999-wombat,B8:27:EB:6F:ED:ED,-73, WPA ,0.000000,0.000000,0.000,0.000,AP
2026-03-27 14:12:04,1900-01-00 00:00:00,0999-wombat,B8:27:EB:6F:ED:ED,-73, WPA ,0.000000,0.000000,0.000,0.000,AP
2026-03-27 14:12:04,1900-01-00 00:00:00,0999-wombat,B8:27:EB:6F:ED:ED,-73, WPA ,0.000000,0.000000,0.000,0.000,AP
2026-03-27 14:12:04,1900-01-00 00:00:00,0999-wombat,B8:27:EB:6F:ED:ED,-73, WPA ,0.000000,0.000000,0.000,0.000,AP
2026-03-27 14:12:04,1900-01-00 00:00:00,0999-wombat,B8:27:EB:6F:ED:ED,-29, WPA ,0.000000,0.000000,0.000,0.000,AP
2026-03-27 14:12:04,1900-01-00 00:00:00,0999-wombat,B8:27:EB:6F:ED:ED,-29, WPA ,0.000000,0.000000,0.000,0.000,AP
2026-03-27 14:12:04,1900-01-00 00:00:00,0999-wombat,B8:27:EB:6F:ED:ED,-28, WPA ,0.000000,0.000000,0.000,0.000,AP
2026-03-27 14:12:04,1900-01-00 00:00:00,0999-wombat,B8:27:EB:6F:ED:ED,-28, WPA ,0.000000,0.000000,0.000,0.000,AP
2026-03-27 14:12:04,1900-01-00 00:00:00,0999-wombat,B8:27:EB:6F:ED:ED,-29, WPA ,0.000000,0.000000,0.000,0.000,AP
2026-03-27 14:12:04,1900-01-00 00:00:00,0999-wombat,B8:27:EB:6F:ED:ED,-28, WPA ,0.000000,0.000000,0.000,0.000,AP
2026-03-27 14:12:04,1900-01-00 00:00:00,0999-wombat,B8:27:EB:6F:ED:ED,-29, WPA ,0.000000,0.000000,0.000,0.000,AP
2026-03-27 14:12:04,1900-01-00 00:00:00,0999-wombat,B8:27:EB:6F:ED:ED,-28, WPA ,0.000000,0.000000,0.000,0.000,AP
2026-03-27 14:12:04,1900-01-00 00:00:00,0999-wombat,B8:27:EB:6F:ED:ED,-25, WPA ,0.000000,0.000000,0.000,0.000,AP
2026-03-27 14:12:04,1900-01-00 00:00:00,0999-wombat,B8:27:EB:6F:ED:ED,-28, WPA ,0.000000,0.000000,0.000,0.000,AP
2026-03-27 14:12:04,1900-01-00 00:00:00,0999-wombat,B8:27:EB:6F:ED:ED,-29, WPA ,0.000000,0.000000,0.000,0.000,AP
2026-03-27 14:12:04,1900-01-00 00:00:00,0999-wombat,B8:27:EB:6F:ED:ED,-29, WPA ,0.000000,0.000000,0.000,0.000,AP
2026-03-27 14:12:05,1900-01-00 00:00:00,0999-wombat,B8:27:EB:6F:ED:ED,-29, WPA ,0.000000,0.000000,0.000,0.000,AP
2026-03-27 14:12:05,1900-01-00 00:00:00,0999-wombat,B8:27:EB:6F:ED:ED,-29, WPA ,0.000000,0.000000,0.000,0.000,AP
2026-03-27 14:12:05,1900-01-00 00:00:00,0999-wombat,B8:27:EB:6F:ED:ED,-27, WPA ,0.000000,0.000000,0.000,0.000,AP
2026-03-27 14:12:05,1900-01-00 00:00:00,0999-wombat,B8:27:EB:6F:ED:ED,-26, WPA ,0.000000,0.000000,0.000,0.000,AP
2026-03-27 14:12:05,1900-01-00 00:00:00,0999-wombat,B8:27:EB:6F:ED:ED,-25, WPA ,0.000000,0.000000,0.000,0.000,AP
2026-03-27 14:12:05,1900-01-00 00:00:00,0999-wombat,B8:27:EB:6F:ED:ED,-26, WPA ,0.000000,0.000000,0.000,0.000,AP
2026-03-27 14:12:05,1900-01-00 00:00:00,0999-wombat,B8:27:EB:6F:ED:ED,-26, WPA ,0.000000,0.000000,0.000,0.000,AP
2026-03-27 14:12:05,1900-01-00 00:00:00,0999-wombat,B8:27:EB:6F:ED:ED,-26, WPA ,0.000000,0.000000,0.000,0.000,AP
2026-03-27 14:12:05,1900-01-00 00:00:00,0999-wombat,B8:27:EB:6F:ED:ED,-26, WPA ,0.000000,0.000000,0.000,0.000,AP
2026-03-27 14:12:06,1900-01-00 00:00:00,0999-wombat,B8:27:EB:6F:ED:ED,-26, WPA ,0.000000,0.000000,0.000,0.000,AP
2026-03-27 14:12:06,1900-01-00 00:00:00,0999-wombat,B8:27:EB:6F:ED:ED,-26, WPA ,0.000000,0.000000,0.000,0.000,AP
2026-03-27 14:12:06,1900-01-00 00:00:00,0999-wombat,B8:27:EB:6F:ED:ED,-26, WPA ,0.000000,0.000000,0.000,0.000,AP
2026-03-27 14:12:06,1900-01-00 00:00:00,0999-wombat,B8:27:EB:6F:ED:ED,-26, WPA ,0.000000,0.000000,0.000,0.000,AP
2026-03-27 14:12:06,1900-01-00 00:00:00,0999-wombat,B8:27:EB:6F:ED:ED,-26, WPA ,0.000000,0.000000,0.000,0.000,AP
2026-03-27 14:12:06,1900-01-00 00:00:00,0999-wombat,B8:27:EB:6F:ED:ED,-26, WPA ,0.000000,0.000000,0.000,0.000,AP
2026-03-27 14:12:06,1900-01-00 00:00:00,0999-wombat,B8:27:EB:6F:ED:ED,-25, WPA ,0.000000,0.000000,0.000,0.000,AP
2026-03-27 14:12:06,1900-01-00 00:00:00,0999-wombat,B8:27:EB:6F:ED:ED,-26, WPA ,0.000000,0.000000,0.000,0.000,AP
2026-03-27 14:12:06,1900-01-00 00:00:00,0999-wombat,B8:27:EB:6F:ED:ED,-26, WPA ,0.000000,0.000000,0.000,0.000,AP
2026-03-27 14:12:06,1900-01-00 00:00:00,0999-wombat,B8:27:EB:6F:ED:ED,-25, WPA ,0.000000,0.000000,0.000,0.000,AP
2026-03-27 14:12:07,1900-01-00 00:00:00,0999-wombat,B8:27:EB:6F:ED:ED,-25, WPA ,0.000000,0.000000,0.000,0.000,AP
2026-03-27 14:12:07,1900-01-00 00:00:00,0999-wombat,B8:27:EB:6F:ED:ED,-25, WPA ,0.000000,0.000000,0.000,0.000,AP
2026-03-27 14:12:07,1900-01-00 00:00:00,0999-wombat,B8:27:EB:6F:ED:ED,-26, WPA ,0.000000,0.000000,0.000,0.000,AP
2026-03-27 14:12:07,1900-01-00 00:00:00,0999-wombat,B8:27:EB:6F:ED:ED,-26, WPA ,0.000000,0.000000,0.000,0.000,AP
2026-03-27 14:12:07,1900-01-00 00:00:00,0999-wombat,B8:27:EB:6F:ED:ED,-26, WPA ,0.000000,0.000000,0.000,0.000,AP
2026-03-27 14:12:07,1900-01-00 00:00:00,0999-wombat,B8:27:EB:6F:ED:ED,-25, WPA ,0.000000,0.000000,0.000,0.000,AP
2026-03-27 14:12:07,1900-01-00 00:00:00,0999-wombat,B8:27:EB:6F:ED:ED,-25, WPA ,0.000000,0.000000,0.000,0.000,AP
2026-03-27 14:12:07,1900-01-00 00:00:00,0999-wombat,B8:27:EB:6F:ED:ED,-25, WPA ,0.000000,0.000000,0.000,0.000,AP
2026-03-27 14:12:07,1900-01-00 00:00:00,0999-wombat,B8:27:EB:6F:ED:ED,-25, WPA ,0.000000,0.000000,0.000,0.000,AP
2026-03-27 14:12:07,1900-01-00 00:00:00,0999-wombat,B8:27:EB:6F:ED:ED,-26, WPA ,0.000000,0.000000,0.000,0.000,AP
2026-03-27 14:12:08,1900-01-00 00:00:00,0999-wombat,B8:27:EB:6F:ED:ED,-26, WPA ,0.000000,0.000000,0.000,0.000,AP
2026-03-27 14:12:08,1900-01-00 00:00:00,0999-wombat,B8:27:EB:6F:ED:ED,-26, WPA ,0.000000,0.000000,0.000,0.000,AP
2026-03-27 14:12:08,1900-01-00 00:00:00,0999-wombat,B8:27:EB:6F:ED:ED,-25, WPA ,0.000000,0.000000,0.000,0.000,AP
2026-03-27 14:12:08,1900-01-00 00:00:00,0999-wombat,B8:27:EB:6F:ED:ED,-25, WPA ,0.000000,0.000000,0.000,0.000,AP
2026-03-27 14:12:08,1900-01-00 00:00:00,0999-wombat,B8:27:EB:6F:ED:ED,-25, WPA ,0.000000,0.000000,0.000,0.000,AP
2026-03-27 14:12:08,1900-01-00 00:00:00,0999-wombat,B8:27:EB:6F:ED:ED,-25, WPA ,0.000000,0.000000,0.000,0.000,AP
2026-03-27 14:12:08,1900-01-00 00:00:00,0999-wombat,B8:27:EB:6F:ED:ED,-25, WPA ,0.000000,0.000000,0.000,0.000,AP
2026-03-27 14:12:08,1900-01-00 00:00:00,0999-wombat,B8:27:EB:6F:ED:ED,-25, WPA ,0.000000,0.000000,0.000,0.000,AP
2026-03-27 14:12:08,1900-01-00 00:00:00,0999-wombat,B8:27:EB:6F:ED:ED,-26, WPA ,0.000000,0.000000,0.000,0.000,AP
2026-03-27 14:12:08,1900-01-00 00:00:00,0999-wombat,B8:27:EB:6F:ED:ED,-26, WPA ,0.000000,0.000000,0.000,0.000,AP
2026-03-27 14:12:09,1900-01-00 00:00:00,0999-wombat,B8:27:EB:6F:ED:ED,-26, WPA ,0.000000,0.000000,0.000,0.000,AP
2026-03-27 14:12:09,1900-01-00 00:00:00,0999-wombat,B8:27:EB:6F:ED:ED,-25, WPA ,0.000000,0.000000,0.000,0.000,AP
2026-03-27 14:12:09,1900-01-00 00:00:00,0999-wombat,B8:27:EB:6F:ED:ED,-25, WPA ,0.000000,0.000000,0.000,0.000,AP
2026-03-27 14:12:09,1900-01-00 00:00:00,0999-wombat,B8:27:EB:6F:ED:ED,-25, WPA ,0.000000,0.000000,0.000,0.000,AP
2026-03-27 14:12:09,1900-01-00 00:00:00,0999-wombat,B8:27:EB:6F:ED:ED,-26, WPA ,0.000000,0.000000,0.000,0.000,AP
2026-03-27 14:12:09,1900-01-00 00:00:00,0999-wombat,B8:27:EB:6F:ED:ED,-26, WPA ,0.000000,0.000000,0.000,0.000,AP
2026-03-27 14:12:09,1900-01-00 00:00:00,0999-wombat,B8:27:EB:6F:ED:ED,-28, WPA ,0.000000,0.000000,0.000,0.000,AP
2026-03-27 14:12:09,1900-01-00 00:00:00,0999-wombat,B8:27:EB:6F:ED:ED,-29, WPA ,0.000000,0.000000,0.000,0.000,AP
2026-03-27 14:12:09,1900-01-00 00:00:00,0999-wombat,B8:27:EB:6F:ED:ED,-29, WPA ,0.000000,0.000000,0.000,0.000,AP
2026-03-27 14:12:09,1900-01-00 00:00:00,0999-wombat,B8:27:EB:6F:ED:ED,-29, WPA ,0.000000,0.000000,0.000,0.000,AP
2026-03-27 14:12:10,1900-01-00 00:00:00,0999-wombat,B8:27:EB:6F:ED:ED,-28, WPA ,0.000000,0.000000,0.000,0.000,AP
2026-03-27 14:12:10,1900-01-00 00:00:00,0999-wombat,B8:27:EB:6F:ED:ED,-28, WPA ,0.000000,0.000000,0.000,0.000,AP
2026-03-27 14:12:10,1900-01-00 00:00:00,0999-wombat,B8:27:EB:6F:ED:ED,-28, WPA ,0.000000,0.000000,0.000,0.000,AP
2026-03-27 14:12:10,1900-01-00 00:00:00,0999-wombat,B8:27:EB:6F:ED:ED,-28, WPA ,0.000000,0.000000,0.000,0.000,AP
2026-03-27 14:12:10,1900-01-00 00:00:00,0999-wombat,B8:27:EB:6F:ED:ED,-29, WPA ,0.000000,0.000000,0.000,0.000,AP
2026-03-27 14:12:10,1900-01-00 00:00:00,0999-wombat,B8:27:EB:6F:ED:ED,-29, WPA ,0.000000,0.000000,0.000,0.000,AP
2026-03-27 14:12:10,1900-01-00 00:00:00,0999-wombat,B8:27:EB:6F:ED:ED,-29, WPA ,0.000000,0.000000,0.000,0.000,AP
2026-03-27 14:12:10,1900-01-00 00:00:00,0999-wombat,B8:27:EB:6F:ED:ED,-26, WPA ,0.000000,0.000000,0.000,0.000,AP
2026-03-27 14:12:10,1900-01-00 00:00:00,0999-wombat,B8:27:EB:6F:ED:ED,-27, WPA ,0.000000,0.000000,0.000,0.000,AP
2026-03-27 14:12:11,1900-01-00 00:00:00,0999-wombat,B8:27:EB:6F:ED:ED,-26, WPA ,0.000000,0.000000,0.000,0.000,AP
2026-03-27 14:12:11,1900-01-00 00:00:00,0999-wombat,B8:27:EB:6F:ED:ED,-26, WPA ,0.000000,0.000000,0.000,0.000,AP
2026-03-27 14:12:11,1900-01-00 00:00:00,0999-wombat,B8:27:EB:6F:ED:ED,-26, WPA ,0.000000,0.000000,0.000,0.000,AP
2026-03-27 14:12:11,1900-01-00 00:00:00,0999-wombat,B8:27:EB:6F:ED:ED,-26, WPA ,0.000000,0.000000,0.000,0.000,AP
2026-03-27 14:12:11,1900-01-00 00:00:00,0999-wombat,B8:27:EB:6F:ED:ED,-26, WPA ,0.000000,0.000000,0.000,0.000,AP
2026-03-27 14:12:11,1900-01-00 00:00:00,0999-wombat,B8:27:EB:6F:ED:ED,-26, WPA ,0.000000,0.000000,0.000,0.000,AP
2026-03-27 14:12:11,1900-01-00 00:00:00,0999-wombat,B8:27:EB:6F:ED:ED,-26, WPA ,0.000000,0.000000,0.000,0.000,AP
2026-03-27 14:12:11,1900-01-00 00:00:00,0999-wombat,B8:27:EB:6F:ED:ED,-26, WPA ,0.000000,0.000000,0.000,0.000,AP
2026-03-27 14:12:11,1900-01-00 00:00:00,0999-wombat,B8:27:EB:6F:ED:ED,-27, WPA ,0.000000,0.000000,0.000,0.000,AP
2026-03-27 14:12:11,1900-01-00 00:00:00,0999-wombat,B8:27:EB:6F:ED:ED,-27, WPA ,0.000000,0.000000,0.000,0.000,AP
2026-03-27 14:12:12,1900-01-00 00:00:00,0999-wombat,B8:27:EB:6F:ED:ED,-26, WPA ,0.000000,0.000000,0.000,0.000,AP
2026-03-27 14:12:12,1900-01-00 00:00:00,0999-wombat,B8:27:EB:6F:ED:ED,-26, WPA ,0.000000,0.000000,0.000,0.000,AP
2026-03-27 14:12:12,1900-01-00 00:00:00,0999-wombat,B8:27:EB:6F:ED:ED,-26, WPA ,0.000000,0.000000,0.000,0.000,AP
2026-03-27 14:12:12,1900-01-00 00:00:00,0999-wombat,B8:27:EB:6F:ED:ED,-26, WPA ,0.000000,0.000000,0.000,0.000,AP
2026-03-27 14:12:12,1900-01-00 00:00:00,0999-wombat,B8:27:EB:6F:ED:ED,-27, WPA ,0.000000,0.000000,0.000,0.000,AP
2026-03-27 14:12:12,1900-01-00 00:00:00,0999-wombat,B8:27:EB:6F:ED:ED,-27, WPA ,0.000000,0.000000,0.000,0.000,AP
2026-03-27 14:12:12,1900-01-00 00:00:00,0999-wombat,B8:27:EB:6F:ED:ED,-27, WPA ,0.000000,0.000000,0.000,0.000,AP
2026-03-27 14:12:12,1900-01-00 00:00:00,0999-wombat,B8:27:EB:6F:ED:ED,-27, WPA ,0.000000,0.000000,0.000,0.000,AP
2026-03-27 14:12:12,1900-01-00 00:00:00,0999-wombat,B8:27:EB:6F:ED:ED,-27, WPA ,0.000000,0.000000,0.000,0.000,AP
2026-03-27 14:12:12,1900-01-00 00:00:00,0999-wombat,B8:27:EB:6F:ED:ED,-27, WPA ,0.000000,0.000000,0.000,0.000,AP
2026-03-27 14:12:13,1900-01-00 00:00:00,0999-wombat,B8:27:EB:6F:ED:ED,-26, WPA ,0.000000,0.000000,0.000,0.000,AP
2026-03-27 14:12:13,1900-01-00 00:00:00,0999-wombat,B8:27:EB:6F:ED:ED,-25, WPA ,0.000000,0.000000,0.000,0.000,AP
2026-03-27 14:12:13,1900-01-00 00:00:00,0999-wombat,B8:27:EB:6F:ED:ED,-27, WPA ,0.000000,0.000000,0.000,0.000,AP
2026-03-27 14:12:13,1900-01-00 00:00:00,0999-wombat,B8:27:EB:6F:ED:ED,-28, WPA ,0.000000,0.000000,0.000,0.000,AP
2026-03-27 14:12:13,1900-01-00 00:00:00,0999-wombat,B8:27:EB:6F:ED:ED,-28, WPA ,0.000000,0.000000,0.000,0.000,AP
2026-03-27 14:12:13,1900-01-00 00:00:00,0999-wombat,B8:27:EB:6F:ED:ED,-27, WPA ,0.000000,0.000000,0.000,0.000,AP
2026-03-27 14:12:13,1900-01-00 00:00:00,0999-wombat,B8:27:EB:6F:ED:ED,-26, WPA ,0.000000,0.000000,0.000,0.000,AP
2026-03-27 14:12:13,1900-01-00 00:00:00,0999-wombat,B8:27:EB:6F:ED:ED,-26, WPA ,0.000000,0.000000,0.000,0.000,AP
2026-03-27 14:12:13,1900-01-00 00:00:00,0999-wombat,B8:27:EB:6F:ED:ED,-27, WPA ,0.000000,0.000000,0.000,0.000,AP
2026-03-27 14:12:13,1900-01-00 00:00:00,0999-wombat,B8:27:EB:6F:ED:ED,-27, WPA ,0.000000,0.000000,0.000,0.000,AP
2026-03-27 14:12:14,1900-01-00 00:00:00,0999-wombat,B8:27:EB:6F:ED:ED,-26, WPA ,0.000000,0.000000,0.000,0.000,AP
2026-03-27 14:12:14,1900-01-00 00:00:00,0999-wombat,B8:27:EB:6F:ED:ED,-26, WPA ,0.000000,0.000000,0.000,0.000,AP
2026-03-27 14:12:14,1900-01-00 00:00:00,0999-wombat,B8:27:EB:6F:ED:ED,-26, WPA ,0.000000,0.000000,0.000,0.000,AP
2026-03-27 14:12:14,1900-01-00 00:00:00,0999-wombat,B8:27:EB:6F:ED:ED,-26, WPA ,0.000000,0.000000,0.000,0.000,AP
2026-03-27 14:12:14,1900-01-00 00:00:00,0999-wombat,B8:27:EB:6F:ED:ED,-27, WPA ,0.000000,0.000000,0.000,0.000,AP
2026-03-27 14:12:14,1900-01-00 00:00:00,0999-wombat,B8:27:EB:6F:ED:ED,-27, WPA ,0.000000,0.000000,0.000,0.000,AP
2026-03-27 14:12:14,1900-01-00 00:00:00,0999-wombat,B8:27:EB:6F:ED:ED,-27, WPA ,0.000000,0.000000,0.000,0.000,AP
2026-03-27 14:12:14,1900-01-00 00:00:00,0999-wombat,B8:27:EB:6F:ED:ED,-27, WPA ,0.000000,0.000000,0.000,0.000,AP
2026-03-27 14:12:14,1900-01-00 00:00:00,0999-wombat,B8:27:EB:6F:ED:ED,-27, WPA ,0.000000,0.000000,0.000,0.000,AP
2026-03-27 14:12:14,1900-01-00 00:00:00,0999-wombat,B8:27:EB:6F:ED:ED,-27, WPA ,0.000000,0.000000,0.000,0.000,AP
2026-03-27 14:12:14,1900-01-00 00:00:00,0999-wombat,B8:27:EB:6F:ED:ED,-26, WPA ,0.000000,0.000000,0.000,0.000,AP
2026-03-27 14:12:14,1900-01-00 00:00:00,0999-wombat,B8:27:EB:6F:ED:ED,-26, WPA ,0.000000,0.000000,0.000,0.000,AP
2026-03-27 14:12:15,1900-01-00 00:00:00,0999-wombat,B8:27:EB:6F:ED:ED,-26, WPA ,0.000000,0.000000,0.000,0.000,AP
2026-03-27 14:12:15,1900-01-00 00:00:00,0999-wombat,B8:27:EB:6F:ED:ED,-26, WPA ,0.000000,0.000000,0.000,0.000,AP
2026-03-27 14:12:15,1900-01-00 00:00:00,0999-wombat,B8:27:EB:6F:ED:ED,-26, WPA ,0.000000,0.000000,0.000,0.000,AP
2026-03-27 14:12:15,1900-01-00 00:00:00,0999-wombat,B8:27:EB:6F:ED:ED,-26, WPA ,0.000000,0.000000,0.000,0.000,AP
2026-03-27 14:12:15,1900-01-00 00:00:00,0999-wombat,B8:27:EB:6F:ED:ED,-26, WPA ,0.000000,0.000000,0.000,0.000,AP
2026-03-27 14:12:15,1900-01-00 00:00:00,0999-wombat,B8:27:EB:6F:ED:ED,-27, WPA ,0.000000,0.000000,0.000,0.000,AP
2026-03-27 14:12:15,1900-01-00 00:00:00,0999-wombat,B8:27:EB:6F:ED:ED,-26, WPA ,0.000000,0.000000,0.000,0.000,AP
2026-03-27 14:12:15,1900-01-00 00:00:00,0999-wombat,B8:27:EB:6F:ED:ED,-26, WPA ,0.000000,0.000000,0.000,0.000,AP
2026-03-27 14:12:15,1900-01-00 00:00:00,0999-wombat,B8:27:EB:6F:ED:ED,-27, WPA ,0.000000,0.000000,0.000,0.000,AP
2026-03-27 14:12:15,1900-01-00 00:00:00,0999-wombat,B8:27:EB:6F:ED:ED,-27, WPA ,0.000000,0.000000,0.000,0.000,AP
2026-03-27 14:12:16,1900-01-00 00:00:00,0999-wombat,B8:27:EB:6F:ED:ED,-27, WPA ,0.000000,0.000000,0.000,0.000,AP
2026-03-27 14:12:16,1900-01-00 00:00:00,0999-wombat,B8:27:EB:6F:ED:ED,-27, WPA ,0.000000,0.000000,0.000,0.000,AP
2026-03-27 14:12:16,1900-01-00 00:00:00,0999-wombat,B8:27:EB:6F:ED:ED,-28, WPA ,0.000000,0.000000,0.000,0.000,AP
2026-03-27 14:12:16,1900-01-00 00:00:00,0999-wombat,B8:27:EB:6F:ED:ED,-28, WPA ,0.000000,0.000000,0.000,0.000,AP
2026-03-27 14:12:16,1900-01-00 00:00:00,0999-wombat,B8:27:EB:6F:ED:ED,-28, WPA ,0.000000,0.000000,0.000,0.000,AP
2026-03-27 14:12:16,1900-01-00 00:00:00,0999-wombat,B8:27:EB:6F:ED:ED,-27, WPA ,0.000000,0.000000,0.000,0.000,AP
2026-03-27 14:12:16,1900-01-00 00:00:00,0999-wombat,B8:27:EB:6F:ED:ED,-27, WPA ,0.000000,0.000000,0.000,0.000,AP
2026-03-27 14:12:16,1900-01-00 00:00:00,0999-wombat,B8:27:EB:6F:ED:ED,-27, WPA ,0.000000,0.000000,0.000,0.000,AP
2026-03-27 14:12:16,1900-01-00 00:00:00,0999-wombat,B8:27:EB:6F:ED:ED,-27, WPA ,0.000000,0.000000,0.000,0.000,AP
2026-03-27 14:12:16,1900-01-00 00:00:00,0999-wombat,B8:27:EB:6F:ED:ED,-27, WPA ,0.000000,0.000000,0.000,0.000,AP
2026-03-27 14:12:16,1900-01-00 00:00:00,0999-wombat,B8:27:EB:6F:ED:ED,-26, WPA ,0.000000,0.000000,0.000,0.000,AP
2026-03-27 14:12:16,1900-01-00 00:00:00,0999-wombat,B8:27:EB:6F:ED:ED,-27, WPA ,0.000000,0.000000,0.000,0.000,AP
2026-03-27 14:12:16,1900-01-00 00:00:00,0999-wombat,B8:27:EB:6F:ED:ED,-26, WPA ,0.000000,0.000000,0.000,0.000,AP
2026-03-27 14:12:16,1900-01-00 00:00:00,0999-wombat,B8:27:EB:6F:ED:ED,-26, WPA ,0.000000,0.000000,0.000,0.000,AP
2026-03-27 14:12:17,1900-01-00 00:00:00,0999-wombat,B8:27:EB:6F:ED:ED,-26, WPA ,0.000000,0.000000,0.000,0.000,AP
2026-03-27 14:12:17,1900-01-00 00:00:00,0999-wombat,B8:27:EB:6F:ED:ED,-25, WPA ,0.000000,0.000000,0.000,0.000,AP
2026-03-27 14:12:17,1900-01-00 00:00:00,0999-wombat,B8:27:EB:6F:ED:ED,-26, WPA ,0.000000,0.000000,0.000,0.000,AP
2026-03-27 14:12:17,1900-01-00 00:00:00,0999-wombat,B8:27:EB:6F:ED:ED,-25, WPA ,0.000000,0.000000,0.000,0.000,AP
2026-03-27 14:12:17,1900-01-00 00:00:00,0999-wombat,B8:27:EB:6F:ED:ED,-25, WPA ,0.000000,0.000000,0.000,0.000,AP
2026-03-27 14:12:17,1900-01-00 00:00:00,0999-wombat,B8:27:EB:6F:ED:ED,-25, WPA ,0.000000,0.000000,0.000,0.000,AP
2026-03-27 14:12:17,1900-01-00 00:00:00,0999-wombat,B8:27:EB:6F:ED:ED,-25, WPA ,0.000000,0.000000,0.000,0.000,AP
2026-03-27 14:12:17,1900-01-00 00:00:00,0999-wombat,B8:27:EB:6F:ED:ED,-28, WPA ,0.000000,0.000000,0.000,0.000,AP
2026-03-27 14:12:17,1900-01-00 00:00:00,0999-wombat,B8:27:EB:6F:ED:ED,-30, WPA ,0.000000,0.000000,0.000,0.000,AP
2026-03-27 14:12:17,1900-01-00 00:00:00,0999-wombat,B8:27:EB:6F:ED:ED,-31, WPA ,0.000000,0.000000,0.000,0.000,AP
2026-03-27 14:12:18,1900-01-00 00:00:00,0999-wombat,B8:27:EB:6F:ED:ED,-29, WPA ,0.000000,0.000000,0.000,0.000,AP
2026-03-27 14:12:18,1900-01-00 00:00:00,0999-wombat,B8:27:EB:6F:ED:ED,-27, WPA ,0.000000,0.000000,0.000,0.000,AP
2026-03-27 14:12:18,1900-01-00 00:00:00,0999-wombat,B8:27:EB:6F:ED:ED,-26, WPA ,0.000000,0.000000,0.000,0.000,AP
2026-03-27 14:12:18,1900-01-00 00:00:00,0999-wombat,B8:27:EB:6F:ED:ED,-25, WPA ,0.000000,0.000000,0.000,0.000,AP
2026-03-27 14:12:18,1900-01-00 00:00:00,0999-wombat,B8:27:EB:6F:ED:ED,-25, WPA ,0.000000,0.000000,0.000,0.000,AP
2026-03-27 14:12:18,1900-01-00 00:00:00,0999-wombat,B8:27:EB:6F:ED:ED,-25, WPA ,0.000000,0.000000,0.000,0.000,AP
2026-03-27 14:12:18,1900-01-00 00:00:00,0999-wombat,B8:27:EB:6F:ED:ED,-26, WPA ,0.000000,0.000000,0.000,0.000,AP
2026-03-27 14:12:18,1900-01-00 00:00:00,0999-wombat,B8:27:EB:6F:ED:ED,-26, WPA ,0.000000,0.000000,0.000,0.000,AP
2026-03-27 14:12:18,1900-01-00 00:00:00,0999-wombat,B8:27:EB:6F:ED:ED,-26, WPA ,0.000000,0.000000,0.000,0.000,AP
2026-03-27 14:12:18,1900-01-00 00:00:00,0999-wombat,B8:27:EB:6F:ED:ED,-25, WPA ,0.000000,0.000000,0.000,0.000,AP
