LocalTime, GPSTime, ESSID, BSSID, Power, Security, Latitude, Longitude, Latitude Error, Longitude Error, Type
2026-04-01 14:45:19,1900-01-00 00:00:00,,B8:27:EB:6F:ED:ED,-36, ,0.000000,0.000000,0.000,0.000,AP
2026-04-01 14:45:22,1900-01-00 00:00:00,0999-wombat,B8:27:EB:6F:ED:ED,-42, WPA ,0.000000,0.000000,0.000,0.000,AP
2026-04-01 14:45:22,1900-01-00 00:00:00,0999-wombat,B8:27:EB:6F:ED:ED,-79, WPA ,0.000000,0.000000,0.000,0.000,AP
2026-04-01 14:45:22,1900-01-00 00:00:00,0999-wombat,B8:27:EB:6F:ED:ED,-79, WPA ,0.000000,0.000000,0.000,0.000,AP
2026-04-01 14:45:22,1900-01-00 00:00:00,0999-wombat,B8:27:EB:6F:ED:ED,-79, WPA ,0.000000,0.000000,0.000,0.000,AP
2026-04-01 14:45:22,1900-01-00 00:00:00,0999-wombat,B8:27:EB:6F:ED:ED,-79, WPA ,0.000000,0.000000,0.000,0.000,AP
2026-04-01 14:45:22,1900-01-00 00:00:00,0999-wombat,B8:27:EB:6F:ED:ED,-79, WPA ,0.000000,0.000000,0.000,0.000,AP
2026-04-01 14:45:22,1900-01-00 00:00:00,0999-wombat,B8:27:EB:6F:ED:ED,-79, WPA ,0.000000,0.000000,0.000,0.000,AP
2026-04-01 14:45:22,1900-01-00 00:00:00,0999-wombat,B8:27:EB:6F:ED:ED,-79, WPA ,0.000000,0.000000,0.000,0.000,AP
2026-04-01 14:45:22,1900-01-00 00:00:00,0999-wombat,B8:27:EB:6F:ED:ED,-79, WPA ,0.000000,0.000000,0.000,0.000,AP
2026-04-01 14:45:22,1900-01-00 00:00:00,0999-wombat,B8:27:EB:6F:ED:ED,-79, WPA ,0.000000,0.000000,0.000,0.000,AP
2026-04-01 14:45:22,1900-01-00 00:00:00,0999-wombat,B8:27:EB:6F:ED:ED,-79, WPA ,0.000000,0.000000,0.000,0.000,AP
2026-04-01 14:45:22,1900-01-00 00:00:00,0999-wombat,B8:27:EB:6F:ED:ED,-79, WPA ,0.000000,0.000000,0.000,0.000,AP
2026-04-01 14:45:22,1900-01-00 00:00:00,0999-wombat,B8:27:EB:6F:ED:ED,-79, WPA ,0.000000,0.000000,0.000,0.000,AP
2026-04-01 14:45:22,1900-01-00 00:00:00,0999-wombat,B8:27:EB:6F:ED:ED,-79, WPA ,0.000000,0.000000,0.000,0.000,AP
2026-04-01 14:45:22,1900-01-00 00:00:00,0999-wombat,B8:27:EB:6F:ED:ED,-79, WPA ,0.000000,0.000000,0.000,0.000,AP
2026-04-01 14:45:22,1900-01-00 00:00:00,0999-wombat,B8:27:EB:6F:ED:ED,-79, WPA ,0.000000,0.000000,0.000,0.000,AP
2026-04-01 14:45:22,1900-01-00 00:00:00,0999-wombat,B8:27:EB:6F:ED:ED,-79, WPA ,0.000000,0.000000,0.000,0.000,AP
2026-04-01 14:45:22,1900-01-00 00:00:00,0999-wombat,B8:27:EB:6F:ED:ED,-79, WPA ,0.000000,0.000000,0.000,0.000,AP
2026-04-01 14:45:22,1900-01-00 00:00:00,0999-wombat,B8:27:EB:6F:ED:ED,-79, WPA ,0.000000,0.000000,0.000,0.000,AP
2026-04-01 14:45:22,1900-01-00 00:00:00,0999-wombat,B8:27:EB:6F:ED:ED,-79, WPA ,0.000000,0.000000,0.000,0.000,AP
2026-04-01 14:45:22,1900-01-00 00:00:00,0999-wombat,B8:27:EB:6F:ED:ED,-79, WPA ,0.000000,0.000000,0.000,0.000,AP
2026-04-01 14:45:22,1900-01-00 00:00:00,0999-wombat,B8:27:EB:6F:ED:ED,-79, WPA ,0.000000,0.000000,0.000,0.000,AP
2026-04-01 14:45:22,1900-01-00 00:00:00,0999-wombat,B8:27:EB:6F:ED:ED,-79, WPA ,0.000000,0.000000,0.000,0.000,AP
2026-04-01 14:45:22,1900-01-00 00:00:00,0999-wombat,B8:27:EB:6F:ED:ED,-79, WPA ,0.000000,0.000000,0.000,0.000,AP
2026-04-01 14:45:22,1900-01-00 00:00:00,0999-wombat,B8:27:EB:6F:ED:ED,-79, WPA ,0.000000,0.000000,0.000,0.000,AP
2026-04-01 14:45:22,1900-01-00 00:00:00,0999-wombat,B8:27:EB:6F:ED:ED,-79, WPA ,0.000000,0.000000,0.000,0.000,AP
2026-04-01 14:45:22,1900-01-00 00:00:00,0999-wombat,B8:27:EB:6F:ED:ED,-79, WPA ,0.000000,0.000000,0.000,0.000,AP
2026-04-01 14:45:22,1900-01-00 00:00:00,0999-wombat,B8:27:EB:6F:ED:ED,-79, WPA ,0.000000,0.000000,0.000,0.000,AP
2026-04-01 14:45:22,1900-01-00 00:00:00,0999-wombat,B8:27:EB:6F:ED:ED,-79, WPA ,0.000000,0.000000,0.000,0.000,AP
2026-04-01 14:45:22,1900-01-00 00:00:00,0999-wombat,B8:27:EB:6F:ED:ED,-79, WPA ,0.000000,0.000000,0.000,0.000,AP
2026-04-01 14:45:22,1900-01-00 00:00:00,0999-wombat,B8:27:EB:6F:ED:ED,-79, WPA ,0.000000,0.000000,0.000,0.000,AP
2026-04-01 14:45:22,1900-01-00 00:00:00,0999-wombat,B8:27:EB:6F:ED:ED,-79, WPA ,0.000000,0.000000,0.000,0.000,AP
2026-04-01 14:45:22,1900-01-00 00:00:00,0999-wombat,B8:27:EB:6F:ED:ED,-79, WPA ,0.000000,0.000000,0.000,0.000,AP
2026-04-01 14:45:22,1900-01-00 00:00:00,0999-wombat,B8:27:EB:6F:ED:ED,-66, WPA ,0.000000,0.000000,0.000,0.000,AP
2026-04-01 14:45:22,1900-01-00 00:00:00,0999-wombat,B8:27:EB:6F:ED:ED,-66, WPA ,0.000000,0.000000,0.000,0.000,AP
2026-04-01 14:45:22,1900-01-00 00:00:00,0999-wombat,B8:27:EB:6F:ED:ED,-66, WPA ,0.000000,0.000000,0.000,0.000,AP
2026-04-01 14:45:22,1900-01-00 00:00:00,0999-wombat,B8:27:EB:6F:ED:ED,-66, WPA ,0.000000,0.000000,0.000,0.000,AP
2026-04-01 14:45:22,1900-01-00 00:00:00,0999-wombat,B8:27:EB:6F:ED:ED,-66, WPA ,0.000000,0.000000,0.000,0.000,AP
2026-04-01 14:45:22,1900-01-00 00:00:00,0999-wombat,B8:27:EB:6F:ED:ED,-66, WPA ,0.000000,0.000000,0.000,0.000,AP
2026-04-01 14:45:22,1900-01-00 00:00:00,0999-wombat,B8:27:EB:6F:ED:ED,-66, WPA ,0.000000,0.000000,0.000,0.000,AP
2026-04-01 14:45:22,1900-01-00 00:00:00,0999-wombat,B8:27:EB:6F:ED:ED,-66, WPA ,0.000000,0.000000,0.000,0.000,AP
2026-04-01 14:45:22,1900-01-00 00:00:00,0999-wombat,B8:27:EB:6F:ED:ED,-66, WPA ,0.000000,0.000000,0.000,0.000,AP
2026-04-01 14:45:22,1900-01-00 00:00:00,0999-wombat,B8:27:EB:6F:ED:ED,-66, WPA ,0.000000,0.000000,0.000,0.000,AP
2026-04-01 14:45:22,1900-01-00 00:00:00,0999-wombat,B8:27:EB:6F:ED:ED,-66, WPA ,0.000000,0.000000,0.000,0.000,AP
2026-04-01 14:45:22,1900-01-00 00:00:00,0999-wombat,B8:27:EB:6F:ED:ED,-66, WPA ,0.000000,0.000000,0.000,0.000,AP
2026-04-01 14:45:22,1900-01-00 00:00:00,0999-wombat,B8:27:EB:6F:ED:ED,-66, WPA ,0.000000,0.000000,0.000,0.000,AP
2026-04-01 14:45:22,1900-01-00 00:00:00,0999-wombat,B8:27:EB:6F:ED:ED,-66, WPA ,0.000000,0.000000,0.000,0.000,AP
2026-04-01 14:45:22,1900-01-00 00:00:00,0999-wombat,B8:27:EB:6F:ED:ED,-66, WPA ,0.000000,0.000000,0.000,0.000,AP
2026-04-01 14:45:22,1900-01-00 00:00:00,0999-wombat,B8:27:EB:6F:ED:ED,-66, WPA ,0.000000,0.000000,0.000,0.000,AP
2026-04-01 14:45:22,1900-01-00 00:00:00,0999-wombat,B8:27:EB:6F:ED:ED,-66, WPA ,0.000000,0.000000,0.000,0.000,AP
2026-04-01 14:45:22,1900-01-00 00:00:00,0999-wombat,B8:27:EB:6F:ED:ED,-66, WPA ,0.000000,0.000000,0.000,0.000,AP
2026-04-01 14:45:22,1900-01-00 00:00:00,0999-wombat,B8:27:EB:6F:ED:ED,-66, WPA ,0.000000,0.000000,0.000,0.000,AP
2026-04-01 14:45:22,1900-01-00 00:00:00,0999-wombat,B8:27:EB:6F:ED:ED,-66, WPA ,0.000000,0.000000,0.000,0.000,AP
2026-04-01 14:45:22,1900-01-00 00:00:00,0999-wombat,B8:27:EB:6F:ED:ED,-66, WPA ,0.000000,0.000000,0.000,0.000,AP
2026-04-01 14:45:22,1900-01-00 00:00:00,0999-wombat,B8:27:EB:6F:ED:ED,-66, WPA ,0.000000,0.000000,0.000,0.000,AP
2026-04-01 14:45:22,1900-01-00 00:00:00,0999-wombat,B8:27:EB:6F:ED:ED,-66, WPA ,0.000000,0.000000,0.000,0.000,AP
2026-04-01 14:45:22,1900-01-00 00:00:00,0999-wombat,B8:27:EB:6F:ED:ED,-66, WPA ,0.000000,0.000000,0.000,0.000,AP
2026-04-01 14:45:22,1900-01-00 00:00:00,0999-wombat,B8:27:EB:6F:ED:ED,-66, WPA ,0.000000,0.000000,0.000,0.000,AP
2026-04-01 14:45:22,1900-01-00 00:00:00,0999-wombat,B8:27:EB:6F:ED:ED,-66, WPA ,0.000000,0.000000,0.000,0.000,AP
2026-04-01 14:45:22,1900-01-00 00:00:00,0999-wombat,B8:27:EB:6F:ED:ED,-66, WPA ,0.000000,0.000000,0.000,0.000,AP
2026-04-01 14:45:22,1900-01-00 00:00:00,0999-wombat,B8:27:EB:6F:ED:ED,-66, WPA ,0.000000,0.000000,0.000,0.000,AP
2026-04-01 14:45:22,1900-01-00 00:00:00,0999-wombat,B8:27:EB:6F:ED:ED,-66, WPA ,0.000000,0.000000,0.000,0.000,AP
2026-04-01 14:45:22,1900-01-00 00:00:00,0999-wombat,B8:27:EB:6F:ED:ED,-66, WPA ,0.000000,0.000000,0.000,0.000,AP
2026-04-01 14:45:22,1900-01-00 00:00:00,0999-wombat,B8:27:EB:6F:ED:ED,-66, WPA ,0.000000,0.000000,0.000,0.000,AP
2026-04-01 14:45:22,1900-01-00 00:00:00,0999-wombat,B8:27:EB:6F:ED:ED,-66, WPA ,0.000000,0.000000,0.000,0.000,AP
2026-04-01 14:45:22,1900-01-00 00:00:00,0999-wombat,B8:27:EB:6F:ED:ED,-66, WPA ,0.000000,0.000000,0.000,0.000,AP
2026-04-01 14:45:22,1900-01-00 00:00:00,0999-wombat,B8:27:EB:6F:ED:ED,-66, WPA ,0.000000,0.000000,0.000,0.000,AP
2026-04-01 14:45:22,1900-01-00 00:00:00,0999-wombat,B8:27:EB:6F:ED:ED,-66, WPA ,0.000000,0.000000,0.000,0.000,AP
2026-04-01 14:45:22,1900-01-00 00:00:00,0999-wombat,B8:27:EB:6F:ED:ED,-66, WPA ,0.000000,0.000000,0.000,0.000,AP
2026-04-01 14:45:22,1900-01-00 00:00:00,0999-wombat,B8:27:EB:6F:ED:ED,-66, WPA ,0.000000,0.000000,0.000,0.000,AP
2026-04-01 14:45:22,1900-01-00 00:00:00,0999-wombat,B8:27:EB:6F:ED:ED,-66, WPA ,0.000000,0.000000,0.000,0.000,AP
2026-04-01 14:45:22,1900-01-00 00:00:00,0999-wombat,B8:27:EB:6F:ED:ED,-66, WPA ,0.000000,0.000000,0.000,0.000,AP
2026-04-01 14:45:22,1900-01-00 00:00:00,0999-wombat,B8:27:EB:6F:ED:ED,-66, WPA ,0.000000,0.000000,0.000,0.000,AP
2026-04-01 14:45:22,1900-01-00 00:00:00,0999-wombat,B8:27:EB:6F:ED:ED,-66, WPA ,0.000000,0.000000,0.000,0.000,AP
2026-04-01 14:45:22,1900-01-00 00:00:00,0999-wombat,B8:27:EB:6F:ED:ED,-66, WPA ,0.000000,0.000000,0.000,0.000,AP
2026-04-01 14:45:22,1900-01-00 00:00:00,0999-wombat,B8:27:EB:6F:ED:ED,-66, WPA ,0.000000,0.000000,0.000,0.000,AP
2026-04-01 14:45:22,1900-01-00 00:00:00,0999-wombat,B8:27:EB:6F:ED:ED,-66, WPA ,0.000000,0.000000,0.000,0.000,AP
2026-04-01 14:45:22,1900-01-00 00:00:00,0999-wombat,B8:27:EB:6F:ED:ED,-66, WPA ,0.000000,0.000000,0.000,0.000,AP
2026-04-01 14:45:22,1900-01-00 00:00:00,0999-wombat,B8:27:EB:6F:ED:ED,-79, WPA ,0.000000,0.000000,0.000,0.000,AP
2026-04-01 14:45:22,1900-01-00 00:00:00,0999-wombat,B8:27:EB:6F:ED:ED,-79, WPA ,0.000000,0.000000,0.000,0.000,AP
2026-04-01 14:45:22,1900-01-00 00:00:00,0999-wombat,B8:27:EB:6F:ED:ED,-79, WPA ,0.000000,0.000000,0.000,0.000,AP
2026-04-01 14:45:22,1900-01-00 00:00:00,0999-wombat,B8:27:EB:6F:ED:ED,-79, WPA ,0.000000,0.000000,0.000,0.000,AP
2026-04-01 14:45:22,1900-01-00 00:00:00,0999-wombat,B8:27:EB:6F:ED:ED,-79, WPA ,0.000000,0.000000,0.000,0.000,AP
2026-04-01 14:45:22,1900-01-00 00:00:00,0999-wombat,B8:27:EB:6F:ED:ED,-79, WPA ,0.000000,0.000000,0.000,0.000,AP
2026-04-01 14:45:22,1900-01-00 00:00:00,0999-wombat,B8:27:EB:6F:ED:ED,-79, WPA ,0.000000,0.000000,0.000,0.000,AP
2026-04-01 14:45:22,1900-01-00 00:00:00,0999-wombat,B8:27:EB:6F:ED:ED,-79, WPA ,0.000000,0.000000,0.000,0.000,AP
2026-04-01 14:45:22,1900-01-00 00:00:00,0999-wombat,B8:27:EB:6F:ED:ED,-79, WPA ,0.000000,0.000000,0.000,0.000,AP
2026-04-01 14:45:22,1900-01-00 00:00:00,0999-wombat,B8:27:EB:6F:ED:ED,-79, WPA ,0.000000,0.000000,0.000,0.000,AP
2026-04-01 14:45:22,1900-01-00 00:00:00,0999-wombat,B8:27:EB:6F:ED:ED,-79, WPA ,0.000000,0.000000,0.000,0.000,AP
2026-04-01 14:45:22,1900-01-00 00:00:00,0999-wombat,B8:27:EB:6F:ED:ED,-79, WPA ,0.000000,0.000000,0.000,0.000,AP
2026-04-01 14:45:22,1900-01-00 00:00:00,0999-wombat,B8:27:EB:6F:ED:ED,-79, WPA ,0.000000,0.000000,0.000,0.000,AP
2026-04-01 14:45:22,1900-01-00 00:00:00,0999-wombat,B8:27:EB:6F:ED:ED,-79, WPA ,0.000000,0.000000,0.000,0.000,AP
2026-04-01 14:45:22,1900-01-00 00:00:00,0999-wombat,B8:27:EB:6F:ED:ED,-79, WPA ,0.000000,0.000000,0.000,0.000,AP
2026-04-01 14:45:22,1900-01-00 00:00:00,0999-wombat,B8:27:EB:6F:ED:ED,-79, WPA ,0.000000,0.000000,0.000,0.000,AP
2026-04-01 14:45:22,1900-01-00 00:00:00,0999-wombat,B8:27:EB:6F:ED:ED,-79, WPA ,0.000000,0.000000,0.000,0.000,AP
2026-04-01 14:45:22,1900-01-00 00:00:00,0999-wombat,B8:27:EB:6F:ED:ED,-79, WPA ,0.000000,0.000000,0.000,0.000,AP
2026-04-01 14:45:22,1900-01-00 00:00:00,0999-wombat,B8:27:EB:6F:ED:ED,-79, WPA ,0.000000,0.000000,0.000,0.000,AP
2026-04-01 14:45:22,1900-01-00 00:00:00,0999-wombat,B8:27:EB:6F:ED:ED,-79, WPA ,0.000000,0.000000,0.000,0.000,AP
2026-04-01 14:45:22,1900-01-00 00:00:00,0999-wombat,B8:27:EB:6F:ED:ED,-79, WPA ,0.000000,0.000000,0.000,0.000,AP
2026-04-01 14:45:22,1900-01-00 00:00:00,0999-wombat,B8:27:EB:6F:ED:ED,-79, WPA ,0.000000,0.000000,0.000,0.000,AP
2026-04-01 14:45:22,1900-01-00 00:00:00,0999-wombat,B8:27:EB:6F:ED:ED,-79, WPA ,0.000000,0.000000,0.000,0.000,AP
2026-04-01 14:45:22,1900-01-00 00:00:00,0999-wombat,B8:27:EB:6F:ED:ED,-79, WPA ,0.000000,0.000000,0.000,0.000,AP
2026-04-01 14:45:22,1900-01-00 00:00:00,0999-wombat,B8:27:EB:6F:ED:ED,-79, WPA ,0.000000,0.000000,0.000,0.000,AP
2026-04-01 14:45:22,1900-01-00 00:00:00,0999-wombat,B8:27:EB:6F:ED:ED,-79, WPA ,0.000000,0.000000,0.000,0.000,AP
2026-04-01 14:45:22,1900-01-00 00:00:00,0999-wombat,B8:27:EB:6F:ED:ED,-79, WPA ,0.000000,0.000000,0.000,0.000,AP
2026-04-01 14:45:22,1900-01-00 00:00:00,0999-wombat,B8:27:EB:6F:ED:ED,-79, WPA ,0.000000,0.000000,0.000,0.000,AP
2026-04-01 14:45:22,1900-01-00 00:00:00,0999-wombat,B8:27:EB:6F:ED:ED,-79, WPA ,0.000000,0.000000,0.000,0.000,AP
2026-04-01 14:45:22,1900-01-00 00:00:00,0999-wombat,B8:27:EB:6F:ED:ED,-79, WPA ,0.000000,0.000000,0.000,0.000,AP
2026-04-01 14:45:22,1900-01-00 00:00:00,0999-wombat,B8:27:EB:6F:ED:ED,-79, WPA ,0.000000,0.000000,0.000,0.000,AP
2026-04-01 14:45:22,1900-01-00 00:00:00,0999-wombat,B8:27:EB:6F:ED:ED,-79, WPA ,0.000000,0.000000,0.000,0.000,AP
2026-04-01 14:45:22,1900-01-00 00:00:00,0999-wombat,B8:27:EB:6F:ED:ED,-79, WPA ,0.000000,0.000000,0.000,0.000,AP
2026-04-01 14:45:22,1900-01-00 00:00:00,0999-wombat,B8:27:EB:6F:ED:ED,-79, WPA ,0.000000,0.000000,0.000,0.000,AP
2026-04-01 14:45:22,1900-01-00 00:00:00,0999-wombat,B8:27:EB:6F:ED:ED,-79, WPA ,0.000000,0.000000,0.000,0.000,AP
2026-04-01 14:45:22,1900-01-00 00:00:00,0999-wombat,B8:27:EB:6F:ED:ED,-79, WPA ,0.000000,0.000000,0.000,0.000,AP
2026-04-01 14:45:22,1900-01-00 00:00:00,0999-wombat,B8:27:EB:6F:ED:ED,-79, WPA ,0.000000,0.000000,0.000,0.000,AP
2026-04-01 14:45:22,1900-01-00 00:00:00,0999-wombat,B8:27:EB:6F:ED:ED,-79, WPA ,0.000000,0.000000,0.000,0.000,AP
2026-04-01 14:45:22,1900-01-00 00:00:00,0999-wombat,B8:27:EB:6F:ED:ED,-79, WPA ,0.000000,0.000000,0.000,0.000,AP
2026-04-01 14:45:22,1900-01-00 00:00:00,0999-wombat,B8:27:EB:6F:ED:ED,-79, WPA ,0.000000,0.000000,0.000,0.000,AP
2026-04-01 14:45:22,1900-01-00 00:00:00,0999-wombat,B8:27:EB:6F:ED:ED,-79, WPA ,0.000000,0.000000,0.000,0.000,AP
2026-04-01 14:45:22,1900-01-00 00:00:00,0999-wombat,B8:27:EB:6F:ED:ED,-79, WPA ,0.000000,0.000000,0.000,0.000,AP
2026-04-01 14:45:22,1900-01-00 00:00:00,0999-wombat,B8:27:EB:6F:ED:ED,-79, WPA ,0.000000,0.000000,0.000,0.000,AP
2026-04-01 14:45:22,1900-01-00 00:00:00,0999-wombat,B8:27:EB:6F:ED:ED,-79, WPA ,0.000000,0.000000,0.000,0.000,AP
2026-04-01 14:45:22,1900-01-00 00:00:00,0999-wombat,B8:27:EB:6F:ED:ED,-79, WPA ,0.000000,0.000000,0.000,0.000,AP
2026-04-01 14:45:22,1900-01-00 00:00:00,0999-wombat,B8:27:EB:6F:ED:ED,-79, WPA ,0.000000,0.000000,0.000,0.000,AP
2026-04-01 14:45:22,1900-01-00 00:00:00,0999-wombat,B8:27:EB:6F:ED:ED,-79, WPA ,0.000000,0.000000,0.000,0.000,AP
2026-04-01 14:45:22,1900-01-00 00:00:00,0999-wombat,B8:27:EB:6F:ED:ED,-79, WPA ,0.000000,0.000000,0.000,0.000,AP
2026-04-01 14:45:22,1900-01-00 00:00:00,0999-wombat,B8:27:EB:6F:ED:ED,-35, WPA ,0.000000,0.000000,0.000,0.000,AP
2026-04-01 14:45:22,1900-01-00 00:00:00,0999-wombat,B8:27:EB:6F:ED:ED,-35, WPA ,0.000000,0.000000,0.000,0.000,AP
2026-04-01 14:45:22,1900-01-00 00:00:00,0999-wombat,B8:27:EB:6F:ED:ED,-35, WPA ,0.000000,0.000000,0.000,0.000,AP
2026-04-01 14:45:22,1900-01-00 00:00:00,0999-wombat,B8:27:EB:6F:ED:ED,-35, WPA ,0.000000,0.000000,0.000,0.000,AP
2026-04-01 14:45:22,1900-01-00 00:00:00,0999-wombat,B8:27:EB:6F:ED:ED,-35, WPA ,0.000000,0.000000,0.000,0.000,AP
2026-04-01 14:45:22,1900-01-00 00:00:00,0999-wombat,B8:27:EB:6F:ED:ED,-35, WPA ,0.000000,0.000000,0.000,0.000,AP
2026-04-01 14:45:22,1900-01-00 00:00:00,0999-wombat,B8:27:EB:6F:ED:ED,-35, WPA ,0.000000,0.000000,0.000,0.000,AP
2026-04-01 14:45:22,1900-01-00 00:00:00,0999-wombat,B8:27:EB:6F:ED:ED,-35, WPA ,0.000000,0.000000,0.000,0.000,AP
2026-04-01 14:45:22,1900-01-00 00:00:00,0999-wombat,B8:27:EB:6F:ED:ED,-35, WPA ,0.000000,0.000000,0.000,0.000,AP
2026-04-01 14:45:22,1900-01-00 00:00:00,0999-wombat,B8:27:EB:6F:ED:ED,-35, WPA ,0.000000,0.000000,0.000,0.000,AP
2026-04-01 14:45:22,1900-01-00 00:00:00,0999-wombat,B8:27:EB:6F:ED:ED,-35, WPA ,0.000000,0.000000,0.000,0.000,AP
2026-04-01 14:45:22,1900-01-00 00:00:00,0999-wombat,B8:27:EB:6F:ED:ED,-35, WPA ,0.000000,0.000000,0.000,0.000,AP
2026-04-01 14:45:22,1900-01-00 00:00:00,0999-wombat,B8:27:EB:6F:ED:ED,-35, WPA ,0.000000,0.000000,0.000,0.000,AP
2026-04-01 14:45:22,1900-01-00 00:00:00,0999-wombat,B8:27:EB:6F:ED:ED,-35, WPA ,0.000000,0.000000,0.000,0.000,AP
2026-04-01 14:45:22,1900-01-00 00:00:00,0999-wombat,B8:27:EB:6F:ED:ED,-35, WPA ,0.000000,0.000000,0.000,0.000,AP
2026-04-01 14:45:22,1900-01-00 00:00:00,0999-wombat,B8:27:EB:6F:ED:ED,-35, WPA ,0.000000,0.000000,0.000,0.000,AP
2026-04-01 14:45:22,1900-01-00 00:00:00,0999-wombat,B8:27:EB:6F:ED:ED,-66, WPA ,0.000000,0.000000,0.000,0.000,AP
2026-04-01 14:45:22,1900-01-00 00:00:00,0999-wombat,B8:27:EB:6F:ED:ED,-66, WPA ,0.000000,0.000000,0.000,0.000,AP
2026-04-01 14:45:22,1900-01-00 00:00:00,0999-wombat,B8:27:EB:6F:ED:ED,-66, WPA ,0.000000,0.000000,0.000,0.000,AP
2026-04-01 14:45:22,1900-01-00 00:00:00,0999-wombat,B8:27:EB:6F:ED:ED,-61, WPA ,0.000000,0.000000,0.000,0.000,AP
2026-04-01 14:45:22,1900-01-00 00:00:00,0999-wombat,B8:27:EB:6F:ED:ED,-61, WPA ,0.000000,0.000000,0.000,0.000,AP
2026-04-01 14:45:22,1900-01-00 00:00:00,0999-wombat,B8:27:EB:6F:ED:ED,-61, WPA ,0.000000,0.000000,0.000,0.000,AP
2026-04-01 14:45:22,1900-01-00 00:00:00,0999-wombat,B8:27:EB:6F:ED:ED,-61, WPA ,0.000000,0.000000,0.000,0.000,AP
2026-04-01 14:45:22,1900-01-00 00:00:00,0999-wombat,B8:27:EB:6F:ED:ED,-61, WPA ,0.000000,0.000000,0.000,0.000,AP
2026-04-01 14:45:22,1900-01-00 00:00:00,0999-wombat,B8:27:EB:6F:ED:ED,-61, WPA ,0.000000,0.000000,0.000,0.000,AP
2026-04-01 14:45:22,1900-01-00 00:00:00,0999-wombat,B8:27:EB:6F:ED:ED,-61, WPA ,0.000000,0.000000,0.000,0.000,AP
2026-04-01 14:45:22,1900-01-00 00:00:00,0999-wombat,B8:27:EB:6F:ED:ED,-61, WPA ,0.000000,0.000000,0.000,0.000,AP
2026-04-01 14:45:22,1900-01-00 00:00:00,0999-wombat,B8:27:EB:6F:ED:ED,-61, WPA ,0.000000,0.000000,0.000,0.000,AP
2026-04-01 14:45:22,1900-01-00 00:00:00,0999-wombat,B8:27:EB:6F:ED:ED,-61, WPA ,0.000000,0.000000,0.000,0.000,AP
2026-04-01 14:45:22,1900-01-00 00:00:00,0999-wombat,B8:27:EB:6F:ED:ED,-61, WPA ,0.000000,0.000000,0.000,0.000,AP
2026-04-01 14:45:22,1900-01-00 00:00:00,0999-wombat,B8:27:EB:6F:ED:ED,-61, WPA ,0.000000,0.000000,0.000,0.000,AP
2026-04-01 14:45:22,1900-01-00 00:00:00,0999-wombat,B8:27:EB:6F:ED:ED,-61, WPA ,0.000000,0.000000,0.000,0.000,AP
2026-04-01 14:45:22,1900-01-00 00:00:00,0999-wombat,B8:27:EB:6F:ED:ED,-61, WPA ,0.000000,0.000000,0.000,0.000,AP
2026-04-01 14:45:22,1900-01-00 00:00:00,0999-wombat,B8:27:EB:6F:ED:ED,-61, WPA ,0.000000,0.000000,0.000,0.000,AP
2026-04-01 14:45:22,1900-01-00 00:00:00,0999-wombat,B8:27:EB:6F:ED:ED,-61, WPA ,0.000000,0.000000,0.000,0.000,AP
2026-04-01 14:45:22,1900-01-00 00:00:00,0999-wombat,B8:27:EB:6F:ED:ED,-61, WPA ,0.000000,0.000000,0.000,0.000,AP
2026-04-01 14:45:22,1900-01-00 00:00:00,0999-wombat,B8:27:EB:6F:ED:ED,-61, WPA ,0.000000,0.000000,0.000,0.000,AP
2026-04-01 14:45:22,1900-01-00 00:00:00,0999-wombat,B8:27:EB:6F:ED:ED,-61, WPA ,0.000000,0.000000,0.000,0.000,AP
2026-04-01 14:45:22,1900-01-00 00:00:00,0999-wombat,B8:27:EB:6F:ED:ED,-61, WPA ,0.000000,0.000000,0.000,0.000,AP
2026-04-01 14:45:22,1900-01-00 00:00:00,0999-wombat,B8:27:EB:6F:ED:ED,-61, WPA ,0.000000,0.000000,0.000,0.000,AP
2026-04-01 14:45:22,1900-01-00 00:00:00,0999-wombat,B8:27:EB:6F:ED:ED,-61, WPA ,0.000000,0.000000,0.000,0.000,AP
2026-04-01 14:45:22,1900-01-00 00:00:00,0999-wombat,B8:27:EB:6F:ED:ED,-61, WPA ,0.000000,0.000000,0.000,0.000,AP
2026-04-01 14:45:22,1900-01-00 00:00:00,0999-wombat,B8:27:EB:6F:ED:ED,-61, WPA ,0.000000,0.000000,0.000,0.000,AP
2026-04-01 14:45:22,1900-01-00 00:00:00,0999-wombat,B8:27:EB:6F:ED:ED,-61, WPA ,0.000000,0.000000,0.000,0.000,AP
2026-04-01 14:45:22,1900-01-00 00:00:00,0999-wombat,B8:27:EB:6F:ED:ED,-61, WPA ,0.000000,0.000000,0.000,0.000,AP
2026-04-01 14:45:22,1900-01-00 00:00:00,0999-wombat,B8:27:EB:6F:ED:ED,-61, WPA ,0.000000,0.000000,0.000,0.000,AP
2026-04-01 14:45:22,1900-01-00 00:00:00,0999-wombat,B8:27:EB:6F:ED:ED,-66, WPA ,0.000000,0.000000,0.000,0.000,AP
2026-04-01 14:45:22,1900-01-00 00:00:00,0999-wombat,B8:27:EB:6F:ED:ED,-66, WPA ,0.000000,0.000000,0.000,0.000,AP
2026-04-01 14:45:22,1900-01-00 00:00:00,0999-wombat,B8:27:EB:6F:ED:ED,-66, WPA ,0.000000,0.000000,0.000,0.000,AP
2026-04-01 14:45:22,1900-01-00 00:00:00,0999-wombat,B8:27:EB:6F:ED:ED,-66, WPA ,0.000000,0.000000,0.000,0.000,AP
2026-04-01 14:45:22,1900-01-00 00:00:00,0999-wombat,B8:27:EB:6F:ED:ED,-66, WPA ,0.000000,0.000000,0.000,0.000,AP
2026-04-01 14:45:22,1900-01-00 00:00:00,0999-wombat,B8:27:EB:6F:ED:ED,-66, WPA ,0.000000,0.000000,0.000,0.000,AP
2026-04-01 14:45:22,1900-01-00 00:00:00,0999-wombat,B8:27:EB:6F:ED:ED,-79, WPA ,0.000000,0.000000,0.000,0.000,AP
2026-04-01 14:45:22,1900-01-00 00:00:00,0999-wombat,B8:27:EB:6F:ED:ED,-79, WPA ,0.000000,0.000000,0.000,0.000,AP
2026-04-01 14:45:22,1900-01-00 00:00:00,0999-wombat,B8:27:EB:6F:ED:ED,-79, WPA ,0.000000,0.000000,0.000,0.000,AP
2026-04-01 14:45:22,1900-01-00 00:00:00,0999-wombat,B8:27:EB:6F:ED:ED,-79, WPA ,0.000000,0.000000,0.000,0.000,AP
2026-04-01 14:45:22,1900-01-00 00:00:00,0999-wombat,B8:27:EB:6F:ED:ED,-79, WPA ,0.000000,0.000000,0.000,0.000,AP
2026-04-01 14:45:22,1900-01-00 00:00:00,0999-wombat,B8:27:EB:6F:ED:ED,-79, WPA ,0.000000,0.000000,0.000,0.000,AP
2026-04-01 14:45:22,1900-01-00 00:00:00,0999-wombat,B8:27:EB:6F:ED:ED,-79, WPA ,0.000000,0.000000,0.000,0.000,AP
2026-04-01 14:45:22,1900-01-00 00:00:00,0999-wombat,B8:27:EB:6F:ED:ED,-79, WPA ,0.000000,0.000000,0.000,0.000,AP
2026-04-01 14:45:22,1900-01-00 00:00:00,0999-wombat,B8:27:EB:6F:ED:ED,-66, WPA ,0.000000,0.000000,0.000,0.000,AP
2026-04-01 14:45:22,1900-01-00 00:00:00,0999-wombat,B8:27:EB:6F:ED:ED,-66, WPA ,0.000000,0.000000,0.000,0.000,AP
2026-04-01 14:45:22,1900-01-00 00:00:00,0999-wombat,B8:27:EB:6F:ED:ED,-66, WPA ,0.000000,0.000000,0.000,0.000,AP
2026-04-01 14:45:22,1900-01-00 00:00:00,0999-wombat,B8:27:EB:6F:ED:ED,-66, WPA ,0.000000,0.000000,0.000,0.000,AP
2026-04-01 14:45:22,1900-01-00 00:00:00,0999-wombat,B8:27:EB:6F:ED:ED,-66, WPA ,0.000000,0.000000,0.000,0.000,AP
2026-04-01 14:45:22,1900-01-00 00:00:00,0999-wombat,B8:27:EB:6F:ED:ED,-66, WPA ,0.000000,0.000000,0.000,0.000,AP
2026-04-01 14:45:22,1900-01-00 00:00:00,0999-wombat,B8:27:EB:6F:ED:ED,-66, WPA ,0.000000,0.000000,0.000,0.000,AP
2026-04-01 14:45:22,1900-01-00 00:00:00,0999-wombat,B8:27:EB:6F:ED:ED,-66, WPA ,0.000000,0.000000,0.000,0.000,AP
2026-04-01 14:45:22,1900-01-00 00:00:00,0999-wombat,B8:27:EB:6F:ED:ED,-66, WPA ,0.000000,0.000000,0.000,0.000,AP
2026-04-01 14:45:22,1900-01-00 00:00:00,0999-wombat,B8:27:EB:6F:ED:ED,-66, WPA ,0.000000,0.000000,0.000,0.000,AP
2026-04-01 14:45:22,1900-01-00 00:00:00,0999-wombat,B8:27:EB:6F:ED:ED,-66, WPA ,0.000000,0.000000,0.000,0.000,AP
2026-04-01 14:45:22,1900-01-00 00:00:00,0999-wombat,B8:27:EB:6F:ED:ED,-66, WPA ,0.000000,0.000000,0.000,0.000,AP
2026-04-01 14:45:22,1900-01-00 00:00:00,0999-wombat,B8:27:EB:6F:ED:ED,-66, WPA ,0.000000,0.000000,0.000,0.000,AP
2026-04-01 14:45:22,1900-01-00 00:00:00,0999-wombat,B8:27:EB:6F:ED:ED,-66, WPA ,0.000000,0.000000,0.000,0.000,AP
2026-04-01 14:45:22,1900-01-00 00:00:00,0999-wombat,B8:27:EB:6F:ED:ED,-66, WPA ,0.000000,0.000000,0.000,0.000,AP
2026-04-01 14:45:22,1900-01-00 00:00:00,0999-wombat,B8:27:EB:6F:ED:ED,-66, WPA ,0.000000,0.000000,0.000,0.000,AP
2026-04-01 14:45:22,1900-01-00 00:00:00,0999-wombat,B8:27:EB:6F:ED:ED,-66, WPA ,0.000000,0.000000,0.000,0.000,AP
2026-04-01 14:45:22,1900-01-00 00:00:00,0999-wombat,B8:27:EB:6F:ED:ED,-66, WPA ,0.000000,0.000000,0.000,0.000,AP
2026-04-01 14:45:22,1900-01-00 00:00:00,0999-wombat,B8:27:EB:6F:ED:ED,-66, WPA ,0.000000,0.000000,0.000,0.000,AP
2026-04-01 14:45:22,1900-01-00 00:00:00,0999-wombat,B8:27:EB:6F:ED:ED,-66, WPA ,0.000000,0.000000,0.000,0.000,AP
2026-04-01 14:45:22,1900-01-00 00:00:00,0999-wombat,B8:27:EB:6F:ED:ED,-66, WPA ,0.000000,0.000000,0.000,0.000,AP
2026-04-01 14:45:22,1900-01-00 00:00:00,0999-wombat,B8:27:EB:6F:ED:ED,-66, WPA ,0.000000,0.000000,0.000,0.000,AP
2026-04-01 14:45:22,1900-01-00 00:00:00,0999-wombat,B8:27:EB:6F:ED:ED,-66, WPA ,0.000000,0.000000,0.000,0.000,AP
2026-04-01 14:45:22,1900-01-00 00:00:00,0999-wombat,B8:27:EB:6F:ED:ED,-66, WPA ,0.000000,0.000000,0.000,0.000,AP
2026-04-01 14:45:22,1900-01-00 00:00:00,0999-wombat,B8:27:EB:6F:ED:ED,-66, WPA ,0.000000,0.000000,0.000,0.000,AP
2026-04-01 14:45:22,1900-01-00 00:00:00,0999-wombat,B8:27:EB:6F:ED:ED,-66, WPA ,0.000000,0.000000,0.000,0.000,AP
2026-04-01 14:45:22,1900-01-00 00:00:00,0999-wombat,B8:27:EB:6F:ED:ED,-66, WPA ,0.000000,0.000000,0.000,0.000,AP
2026-04-01 14:45:22,1900-01-00 00:00:00,0999-wombat,B8:27:EB:6F:ED:ED,-66, WPA ,0.000000,0.000000,0.000,0.000,AP
2026-04-01 14:45:22,1900-01-00 00:00:00,0999-wombat,B8:27:EB:6F:ED:ED,-66, WPA ,0.000000,0.000000,0.000,0.000,AP
2026-04-01 14:45:22,1900-01-00 00:00:00,0999-wombat,B8:27:EB:6F:ED:ED,-66, WPA ,0.000000,0.000000,0.000,0.000,AP
2026-04-01 14:45:22,1900-01-00 00:00:00,0999-wombat,B8:27:EB:6F:ED:ED,-66, WPA ,0.000000,0.000000,0.000,0.000,AP
2026-04-01 14:45:22,1900-01-00 00:00:00,0999-wombat,B8:27:EB:6F:ED:ED,-66, WPA ,0.000000,0.000000,0.000,0.000,AP
2026-04-01 14:45:22,1900-01-00 00:00:00,0999-wombat,B8:27:EB:6F:ED:ED,-66, WPA ,0.000000,0.000000,0.000,0.000,AP
2026-04-01 14:45:22,1900-01-00 00:00:00,0999-wombat,B8:27:EB:6F:ED:ED,-66, WPA ,0.000000,0.000000,0.000,0.000,AP
2026-04-01 14:45:22,1900-01-00 00:00:00,0999-wombat,B8:27:EB:6F:ED:ED,-66, WPA ,0.000000,0.000000,0.000,0.000,AP
2026-04-01 14:45:22,1900-01-00 00:00:00,0999-wombat,B8:27:EB:6F:ED:ED,-66, WPA ,0.000000,0.000000,0.000,0.000,AP
2026-04-01 14:45:22,1900-01-00 00:00:00,0999-wombat,B8:27:EB:6F:ED:ED,-66, WPA ,0.000000,0.000000,0.000,0.000,AP
2026-04-01 14:45:22,1900-01-00 00:00:00,0999-wombat,B8:27:EB:6F:ED:ED,-35, WPA ,0.000000,0.000000,0.000,0.000,AP
2026-04-01 14:45:22,1900-01-00 00:00:00,0999-wombat,B8:27:EB:6F:ED:ED,-35, WPA ,0.000000,0.000000,0.000,0.000,AP
2026-04-01 14:45:22,1900-01-00 00:00:00,0999-wombat,B8:27:EB:6F:ED:ED,-35, WPA ,0.000000,0.000000,0.000,0.000,AP
2026-04-01 14:45:22,1900-01-00 00:00:00,0999-wombat,B8:27:EB:6F:ED:ED,-35, WPA ,0.000000,0.000000,0.000,0.000,AP
2026-04-01 14:45:22,1900-01-00 00:00:00,0999-wombat,B8:27:EB:6F:ED:ED,-35, WPA ,0.000000,0.000000,0.000,0.000,AP
2026-04-01 14:45:22,1900-01-00 00:00:00,0999-wombat,B8:27:EB:6F:ED:ED,-35, WPA ,0.000000,0.000000,0.000,0.000,AP
2026-04-01 14:45:22,1900-01-00 00:00:00,0999-wombat,B8:27:EB:6F:ED:ED,-35, WPA ,0.000000,0.000000,0.000,0.000,AP
2026-04-01 14:45:22,1900-01-00 00:00:00,0999-wombat,B8:27:EB:6F:ED:ED,-35, WPA ,0.000000,0.000000,0.000,0.000,AP
2026-04-01 14:45:22,1900-01-00 00:00:00,0999-wombat,B8:27:EB:6F:ED:ED,-35, WPA ,0.000000,0.000000,0.000,0.000,AP
2026-04-01 14:45:22,1900-01-00 00:00:00,0999-wombat,B8:27:EB:6F:ED:ED,-35, WPA ,0.000000,0.000000,0.000,0.000,AP
2026-04-01 14:45:22,1900-01-00 00:00:00,0999-wombat,B8:27:EB:6F:ED:ED,-35, WPA ,0.000000,0.000000,0.000,0.000,AP
2026-04-01 14:45:22,1900-01-00 00:00:00,0999-wombat,B8:27:EB:6F:ED:ED,-35, WPA ,0.000000,0.000000,0.000,0.000,AP
2026-04-01 14:45:22,1900-01-00 00:00:00,0999-wombat,B8:27:EB:6F:ED:ED,-35, WPA ,0.000000,0.000000,0.000,0.000,AP
2026-04-01 14:45:22,1900-01-00 00:00:00,0999-wombat,B8:27:EB:6F:ED:ED,-35, WPA ,0.000000,0.000000,0.000,0.000,AP
2026-04-01 14:45:22,1900-01-00 00:00:00,0999-wombat,B8:27:EB:6F:ED:ED,-35, WPA ,0.000000,0.000000,0.000,0.000,AP
2026-04-01 14:45:22,1900-01-00 00:00:00,0999-wombat,B8:27:EB:6F:ED:ED,-35, WPA ,0.000000,0.000000,0.000,0.000,AP
2026-04-01 14:45:22,1900-01-00 00:00:00,0999-wombat,B8:27:EB:6F:ED:ED,-35, WPA ,0.000000,0.000000,0.000,0.000,AP
2026-04-01 14:45:22,1900-01-00 00:00:00,0999-wombat,B8:27:EB:6F:ED:ED,-35, WPA ,0.000000,0.000000,0.000,0.000,AP
2026-04-01 14:45:22,1900-01-00 00:00:00,0999-wombat,B8:27:EB:6F:ED:ED,-35, WPA ,0.000000,0.000000,0.000,0.000,AP
2026-04-01 14:45:22,1900-01-00 00:00:00,0999-wombat,B8:27:EB:6F:ED:ED,-35, WPA ,0.000000,0.000000,0.000,0.000,AP
2026-04-01 14:45:22,1900-01-00 00:00:00,0999-wombat,B8:27:EB:6F:ED:ED,-35, WPA ,0.000000,0.000000,0.000,0.000,AP
2026-04-01 14:45:22,1900-01-00 00:00:00,0999-wombat,B8:27:EB:6F:ED:ED,-35, WPA ,0.000000,0.000000,0.000,0.000,AP
2026-04-01 14:45:22,1900-01-00 00:00:00,0999-wombat,B8:27:EB:6F:ED:ED,-35, WPA ,0.000000,0.000000,0.000,0.000,AP
2026-04-01 14:45:22,1900-01-00 00:00:00,0999-wombat,B8:27:EB:6F:ED:ED,-35, WPA ,0.000000,0.000000,0.000,0.000,AP
2026-04-01 14:45:22,1900-01-00 00:00:00,0999-wombat,B8:27:EB:6F:ED:ED,-35, WPA ,0.000000,0.000000,0.000,0.000,AP
2026-04-01 14:45:22,1900-01-00 00:00:00,0999-wombat,B8:27:EB:6F:ED:ED,-35, WPA ,0.000000,0.000000,0.000,0.000,AP
2026-04-01 14:45:22,1900-01-00 00:00:00,0999-wombat,B8:27:EB:6F:ED:ED,-35, WPA ,0.000000,0.000000,0.000,0.000,AP
2026-04-01 14:45:22,1900-01-00 00:00:00,0999-wombat,B8:27:EB:6F:ED:ED,-35, WPA ,0.000000,0.000000,0.000,0.000,AP
2026-04-01 14:45:22,1900-01-00 00:00:00,0999-wombat,B8:27:EB:6F:ED:ED,-35, WPA ,0.000000,0.000000,0.000,0.000,AP
2026-04-01 14:45:22,1900-01-00 00:00:00,0999-wombat,B8:27:EB:6F:ED:ED,-66, WPA ,0.000000,0.000000,0.000,0.000,AP
2026-04-01 14:45:22,1900-01-00 00:00:00,0999-wombat,B8:27:EB:6F:ED:ED,-66, WPA ,0.000000,0.000000,0.000,0.000,AP
2026-04-01 14:45:22,1900-01-00 00:00:00,0999-wombat,B8:27:EB:6F:ED:ED,-66, WPA ,0.000000,0.000000,0.000,0.000,AP
2026-04-01 14:45:22,1900-01-00 00:00:00,0999-wombat,B8:27:EB:6F:ED:ED,-78, WPA ,0.000000,0.000000,0.000,0.000,AP
2026-04-01 14:45:22,1900-01-00 00:00:00,0999-wombat,B8:27:EB:6F:ED:ED,-80, WPA ,0.000000,0.000000,0.000,0.000,AP
2026-04-01 14:45:22,1900-01-00 00:00:00,0999-wombat,B8:27:EB:6F:ED:ED,-80, WPA ,0.000000,0.000000,0.000,0.000,AP
2026-04-01 14:45:22,1900-01-00 00:00:00,0999-wombat,B8:27:EB:6F:ED:ED,-80, WPA ,0.000000,0.000000,0.000,0.000,AP
2026-04-01 14:45:22,1900-01-00 00:00:00,0999-wombat,B8:27:EB:6F:ED:ED,-36, WPA ,0.000000,0.000000,0.000,0.000,AP
2026-04-01 14:45:22,1900-01-00 00:00:00,0999-wombat,B8:27:EB:6F:ED:ED,-35, WPA ,0.000000,0.000000,0.000,0.000,AP
2026-04-01 14:45:22,1900-01-00 00:00:00,0999-wombat,B8:27:EB:6F:ED:ED,-35, WPA ,0.000000,0.000000,0.000,0.000,AP
2026-04-01 14:45:22,1900-01-00 00:00:00,0999-wombat,B8:27:EB:6F:ED:ED,-35, WPA ,0.000000,0.000000,0.000,0.000,AP
2026-04-01 14:45:22,1900-01-00 00:00:00,0999-wombat,B8:27:EB:6F:ED:ED,-36, WPA ,0.000000,0.000000,0.000,0.000,AP
2026-04-01 14:45:22,1900-01-00 00:00:00,0999-wombat,B8:27:EB:6F:ED:ED,-36, WPA ,0.000000,0.000000,0.000,0.000,AP
2026-04-01 14:45:23,1900-01-00 00:00:00,0999-wombat,B8:27:EB:6F:ED:ED,-86, WPA ,0.000000,0.000000,0.000,0.000,AP
2026-04-01 14:45:23,1900-01-00 00:00:00,0999-wombat,B8:27:EB:6F:ED:ED,-86, WPA ,0.000000,0.000000,0.000,0.000,AP
2026-04-01 14:45:23,1900-01-00 00:00:00,0999-wombat,B8:27:EB:6F:ED:ED,-86, WPA ,0.000000,0.000000,0.000,0.000,AP
2026-04-01 14:45:23,1900-01-00 00:00:00,0999-wombat,B8:27:EB:6F:ED:ED,-86, WPA ,0.000000,0.000000,0.000,0.000,AP
2026-04-01 14:45:23,1900-01-00 00:00:00,0999-wombat,B8:27:EB:6F:ED:ED,-86, WPA ,0.000000,0.000000,0.000,0.000,AP
2026-04-01 14:45:23,1900-01-00 00:00:00,0999-wombat,B8:27:EB:6F:ED:ED,-86, WPA ,0.000000,0.000000,0.000,0.000,AP
2026-04-01 14:45:23,1900-01-00 00:00:00,0999-wombat,B8:27:EB:6F:ED:ED,-86, WPA ,0.000000,0.000000,0.000,0.000,AP
2026-04-01 14:45:23,1900-01-00 00:00:00,0999-wombat,B8:27:EB:6F:ED:ED,-86, WPA ,0.000000,0.000000,0.000,0.000,AP
2026-04-01 14:45:23,1900-01-00 00:00:00,0999-wombat,B8:27:EB:6F:ED:ED,-86, WPA ,0.000000,0.000000,0.000,0.000,AP
2026-04-01 14:45:23,1900-01-00 00:00:00,0999-wombat,B8:27:EB:6F:ED:ED,-86, WPA ,0.000000,0.000000,0.000,0.000,AP
2026-04-01 14:45:23,1900-01-00 00:00:00,0999-wombat,B8:27:EB:6F:ED:ED,-86, WPA ,0.000000,0.000000,0.000,0.000,AP
2026-04-01 14:45:23,1900-01-00 00:00:00,0999-wombat,B8:27:EB:6F:ED:ED,-86, WPA ,0.000000,0.000000,0.000,0.000,AP
2026-04-01 14:45:23,1900-01-00 00:00:00,0999-wombat,B8:27:EB:6F:ED:ED,-86, WPA ,0.000000,0.000000,0.000,0.000,AP
2026-04-01 14:45:23,1900-01-00 00:00:00,0999-wombat,B8:27:EB:6F:ED:ED,-86, WPA ,0.000000,0.000000,0.000,0.000,AP
2026-04-01 14:45:23,1900-01-00 00:00:00,0999-wombat,B8:27:EB:6F:ED:ED,-86, WPA ,0.000000,0.000000,0.000,0.000,AP
2026-04-01 14:45:23,1900-01-00 00:00:00,0999-wombat,B8:27:EB:6F:ED:ED,-50, WPA ,0.000000,0.000000,0.000,0.000,AP
2026-04-01 14:45:23,1900-01-00 00:00:00,0999-wombat,B8:27:EB:6F:ED:ED,-50, WPA ,0.000000,0.000000,0.000,0.000,AP
2026-04-01 14:45:23,1900-01-00 00:00:00,0999-wombat,B8:27:EB:6F:ED:ED,-50, WPA ,0.000000,0.000000,0.000,0.000,AP
2026-04-01 14:45:23,1900-01-00 00:00:00,0999-wombat,B8:27:EB:6F:ED:ED,-50, WPA ,0.000000,0.000000,0.000,0.000,AP
2026-04-01 14:45:23,1900-01-00 00:00:00,0999-wombat,B8:27:EB:6F:ED:ED,-50, WPA ,0.000000,0.000000,0.000,0.000,AP
2026-04-01 14:45:23,1900-01-00 00:00:00,0999-wombat,B8:27:EB:6F:ED:ED,-50, WPA ,0.000000,0.000000,0.000,0.000,AP
2026-04-01 14:45:23,1900-01-00 00:00:00,0999-wombat,B8:27:EB:6F:ED:ED,-50, WPA ,0.000000,0.000000,0.000,0.000,AP
2026-04-01 14:45:23,1900-01-00 00:00:00,0999-wombat,B8:27:EB:6F:ED:ED,-50, WPA ,0.000000,0.000000,0.000,0.000,AP
2026-04-01 14:45:23,1900-01-00 00:00:00,0999-wombat,B8:27:EB:6F:ED:ED,-50, WPA ,0.000000,0.000000,0.000,0.000,AP
2026-04-01 14:45:23,1900-01-00 00:00:00,0999-wombat,B8:27:EB:6F:ED:ED,-50, WPA ,0.000000,0.000000,0.000,0.000,AP
2026-04-01 14:45:23,1900-01-00 00:00:00,0999-wombat,B8:27:EB:6F:ED:ED,-50, WPA ,0.000000,0.000000,0.000,0.000,AP
2026-04-01 14:45:23,1900-01-00 00:00:00,0999-wombat,B8:27:EB:6F:ED:ED,-50, WPA ,0.000000,0.000000,0.000,0.000,AP
2026-04-01 14:45:23,1900-01-00 00:00:00,0999-wombat,B8:27:EB:6F:ED:ED,-50, WPA ,0.000000,0.000000,0.000,0.000,AP
2026-04-01 14:45:23,1900-01-00 00:00:00,0999-wombat,B8:27:EB:6F:ED:ED,-50, WPA ,0.000000,0.000000,0.000,0.000,AP
2026-04-01 14:45:23,1900-01-00 00:00:00,0999-wombat,B8:27:EB:6F:ED:ED,-50, WPA ,0.000000,0.000000,0.000,0.000,AP
2026-04-01 14:45:23,1900-01-00 00:00:00,0999-wombat,B8:27:EB:6F:ED:ED,-50, WPA ,0.000000,0.000000,0.000,0.000,AP
2026-04-01 14:45:23,1900-01-00 00:00:00,0999-wombat,B8:27:EB:6F:ED:ED,-50, WPA ,0.000000,0.000000,0.000,0.000,AP
2026-04-01 14:45:23,1900-01-00 00:00:00,0999-wombat,B8:27:EB:6F:ED:ED,-50, WPA ,0.000000,0.000000,0.000,0.000,AP
2026-04-01 14:45:23,1900-01-00 00:00:00,0999-wombat,B8:27:EB:6F:ED:ED,-50, WPA ,0.000000,0.000000,0.000,0.000,AP
2026-04-01 14:45:23,1900-01-00 00:00:00,0999-wombat,B8:27:EB:6F:ED:ED,-50, WPA ,0.000000,0.000000,0.000,0.000,AP
2026-04-01 14:45:23,1900-01-00 00:00:00,0999-wombat,B8:27:EB:6F:ED:ED,-50, WPA ,0.000000,0.000000,0.000,0.000,AP
2026-04-01 14:45:23,1900-01-00 00:00:00,0999-wombat,B8:27:EB:6F:ED:ED,-67, WPA ,0.000000,0.000000,0.000,0.000,AP
2026-04-01 14:45:23,1900-01-00 00:00:00,0999-wombat,B8:27:EB:6F:ED:ED,-68, WPA ,0.000000,0.000000,0.000,0.000,AP
2026-04-01 14:45:23,1900-01-00 00:00:00,0999-wombat,B8:27:EB:6F:ED:ED,-67, WPA ,0.000000,0.000000,0.000,0.000,AP
2026-04-01 14:45:23,1900-01-00 00:00:00,0999-wombat,B8:27:EB:6F:ED:ED,-67, WPA ,0.000000,0.000000,0.000,0.000,AP
2026-04-01 14:45:23,1900-01-00 00:00:00,0999-wombat,B8:27:EB:6F:ED:ED,-67, WPA ,0.000000,0.000000,0.000,0.000,AP
2026-04-01 14:45:23,1900-01-00 00:00:00,0999-wombat,B8:27:EB:6F:ED:ED,-67, WPA ,0.000000,0.000000,0.000,0.000,AP
2026-04-01 14:45:23,1900-01-00 00:00:00,0999-wombat,B8:27:EB:6F:ED:ED,-81, WPA ,0.000000,0.000000,0.000,0.000,AP
2026-04-01 14:45:23,1900-01-00 00:00:00,0999-wombat,B8:27:EB:6F:ED:ED,-81, WPA ,0.000000,0.000000,0.000,0.000,AP
2026-04-01 14:45:23,1900-01-00 00:00:00,0999-wombat,B8:27:EB:6F:ED:ED,-81, WPA ,0.000000,0.000000,0.000,0.000,AP
2026-04-01 14:45:23,1900-01-00 00:00:00,0999-wombat,B8:27:EB:6F:ED:ED,-81, WPA ,0.000000,0.000000,0.000,0.000,AP
2026-04-01 14:45:23,1900-01-00 00:00:00,0999-wombat,B8:27:EB:6F:ED:ED,-81, WPA ,0.000000,0.000000,0.000,0.000,AP
2026-04-01 14:45:23,1900-01-00 00:00:00,0999-wombat,B8:27:EB:6F:ED:ED,-81, WPA ,0.000000,0.000000,0.000,0.000,AP
2026-04-01 14:45:23,1900-01-00 00:00:00,0999-wombat,B8:27:EB:6F:ED:ED,-81, WPA ,0.000000,0.000000,0.000,0.000,AP
2026-04-01 14:45:23,1900-01-00 00:00:00,0999-wombat,B8:27:EB:6F:ED:ED,-81, WPA ,0.000000,0.000000,0.000,0.000,AP
2026-04-01 14:45:23,1900-01-00 00:00:00,0999-wombat,B8:27:EB:6F:ED:ED,-81, WPA ,0.000000,0.000000,0.000,0.000,AP
2026-04-01 14:45:23,1900-01-00 00:00:00,0999-wombat,B8:27:EB:6F:ED:ED,-81, WPA ,0.000000,0.000000,0.000,0.000,AP
2026-04-01 14:45:23,1900-01-00 00:00:00,0999-wombat,B8:27:EB:6F:ED:ED,-81, WPA ,0.000000,0.000000,0.000,0.000,AP
2026-04-01 14:45:23,1900-01-00 00:00:00,0999-wombat,B8:27:EB:6F:ED:ED,-81, WPA ,0.000000,0.000000,0.000,0.000,AP
2026-04-01 14:45:23,1900-01-00 00:00:00,0999-wombat,B8:27:EB:6F:ED:ED,-81, WPA ,0.000000,0.000000,0.000,0.000,AP
2026-04-01 14:45:23,1900-01-00 00:00:00,0999-wombat,B8:27:EB:6F:ED:ED,-81, WPA ,0.000000,0.000000,0.000,0.000,AP
2026-04-01 14:45:23,1900-01-00 00:00:00,0999-wombat,B8:27:EB:6F:ED:ED,-62, WPA ,0.000000,0.000000,0.000,0.000,AP
2026-04-01 14:45:23,1900-01-00 00:00:00,0999-wombat,B8:27:EB:6F:ED:ED,-62, WPA ,0.000000,0.000000,0.000,0.000,AP
2026-04-01 14:45:23,1900-01-00 00:00:00,0999-wombat,B8:27:EB:6F:ED:ED,-62, WPA ,0.000000,0.000000,0.000,0.000,AP
2026-04-01 14:45:23,1900-01-00 00:00:00,0999-wombat,B8:27:EB:6F:ED:ED,-62, WPA ,0.000000,0.000000,0.000,0.000,AP
2026-04-01 14:45:23,1900-01-00 00:00:00,0999-wombat,B8:27:EB:6F:ED:ED,-59, WPA ,0.000000,0.000000,0.000,0.000,AP
2026-04-01 14:45:23,1900-01-00 00:00:00,0999-wombat,B8:27:EB:6F:ED:ED,-59, WPA ,0.000000,0.000000,0.000,0.000,AP
2026-04-01 14:45:23,1900-01-00 00:00:00,0999-wombat,B8:27:EB:6F:ED:ED,-59, WPA ,0.000000,0.000000,0.000,0.000,AP
2026-04-01 14:45:23,1900-01-00 00:00:00,0999-wombat,B8:27:EB:6F:ED:ED,-59, WPA ,0.000000,0.000000,0.000,0.000,AP
2026-04-01 14:45:23,1900-01-00 00:00:00,0999-wombat,B8:27:EB:6F:ED:ED,-59, WPA ,0.000000,0.000000,0.000,0.000,AP
2026-04-01 14:45:23,1900-01-00 00:00:00,0999-wombat,B8:27:EB:6F:ED:ED,-59, WPA ,0.000000,0.000000,0.000,0.000,AP
2026-04-01 14:45:23,1900-01-00 00:00:00,0999-wombat,B8:27:EB:6F:ED:ED,-59, WPA ,0.000000,0.000000,0.000,0.000,AP
2026-04-01 14:45:23,1900-01-00 00:00:00,0999-wombat,B8:27:EB:6F:ED:ED,-59, WPA ,0.000000,0.000000,0.000,0.000,AP
2026-04-01 14:45:23,1900-01-00 00:00:00,0999-wombat,B8:27:EB:6F:ED:ED,-59, WPA ,0.000000,0.000000,0.000,0.000,AP
2026-04-01 14:45:23,1900-01-00 00:00:00,0999-wombat,B8:27:EB:6F:ED:ED,-59, WPA ,0.000000,0.000000,0.000,0.000,AP
2026-04-01 14:45:23,1900-01-00 00:00:00,0999-wombat,B8:27:EB:6F:ED:ED,-59, WPA ,0.000000,0.000000,0.000,0.000,AP
2026-04-01 14:45:23,1900-01-00 00:00:00,0999-wombat,B8:27:EB:6F:ED:ED,-59, WPA ,0.000000,0.000000,0.000,0.000,AP
2026-04-01 14:45:23,1900-01-00 00:00:00,0999-wombat,B8:27:EB:6F:ED:ED,-59, WPA ,0.000000,0.000000,0.000,0.000,AP
2026-04-01 14:45:23,1900-01-00 00:00:00,0999-wombat,B8:27:EB:6F:ED:ED,-59, WPA ,0.000000,0.000000,0.000,0.000,AP
2026-04-01 14:45:23,1900-01-00 00:00:00,0999-wombat,B8:27:EB:6F:ED:ED,-59, WPA ,0.000000,0.000000,0.000,0.000,AP
2026-04-01 14:45:23,1900-01-00 00:00:00,0999-wombat,B8:27:EB:6F:ED:ED,-59, WPA ,0.000000,0.000000,0.000,0.000,AP
2026-04-01 14:45:23,1900-01-00 00:00:00,0999-wombat,B8:27:EB:6F:ED:ED,-59, WPA ,0.000000,0.000000,0.000,0.000,AP
2026-04-01 14:45:23,1900-01-00 00:00:00,0999-wombat,B8:27:EB:6F:ED:ED,-59, WPA ,0.000000,0.000000,0.000,0.000,AP
2026-04-01 14:45:23,1900-01-00 00:00:00,0999-wombat,B8:27:EB:6F:ED:ED,-59, WPA ,0.000000,0.000000,0.000,0.000,AP
2026-04-01 14:45:23,1900-01-00 00:00:00,0999-wombat,B8:27:EB:6F:ED:ED,-59, WPA ,0.000000,0.000000,0.000,0.000,AP
2026-04-01 14:45:23,1900-01-00 00:00:00,0999-wombat,B8:27:EB:6F:ED:ED,-59, WPA ,0.000000,0.000000,0.000,0.000,AP
2026-04-01 14:45:23,1900-01-00 00:00:00,0999-wombat,B8:27:EB:6F:ED:ED,-59, WPA ,0.000000,0.000000,0.000,0.000,AP
2026-04-01 14:45:23,1900-01-00 00:00:00,0999-wombat,B8:27:EB:6F:ED:ED,-59, WPA ,0.000000,0.000000,0.000,0.000,AP
2026-04-01 14:45:23,1900-01-00 00:00:00,0999-wombat,B8:27:EB:6F:ED:ED,-59, WPA ,0.000000,0.000000,0.000,0.000,AP
2026-04-01 14:45:23,1900-01-00 00:00:00,0999-wombat,B8:27:EB:6F:ED:ED,-59, WPA ,0.000000,0.000000,0.000,0.000,AP
2026-04-01 14:45:23,1900-01-00 00:00:00,0999-wombat,B8:27:EB:6F:ED:ED,-59, WPA ,0.000000,0.000000,0.000,0.000,AP
2026-04-01 14:45:23,1900-01-00 00:00:00,0999-wombat,B8:27:EB:6F:ED:ED,-59, WPA ,0.000000,0.000000,0.000,0.000,AP
2026-04-01 14:45:23,1900-01-00 00:00:00,0999-wombat,B8:27:EB:6F:ED:ED,-38, WPA ,0.000000,0.000000,0.000,0.000,AP
2026-04-01 14:45:23,1900-01-00 00:00:00,0999-wombat,B8:27:EB:6F:ED:ED,-38, WPA ,0.000000,0.000000,0.000,0.000,AP
2026-04-01 14:45:23,1900-01-00 00:00:00,0999-wombat,B8:27:EB:6F:ED:ED,-38, WPA ,0.000000,0.000000,0.000,0.000,AP
2026-04-01 14:45:23,1900-01-00 00:00:00,0999-wombat,B8:27:EB:6F:ED:ED,-38, WPA ,0.000000,0.000000,0.000,0.000,AP
2026-04-01 14:45:23,1900-01-00 00:00:00,0999-wombat,B8:27:EB:6F:ED:ED,-38, WPA ,0.000000,0.000000,0.000,0.000,AP
2026-04-01 14:45:23,1900-01-00 00:00:00,0999-wombat,B8:27:EB:6F:ED:ED,-38, WPA ,0.000000,0.000000,0.000,0.000,AP
2026-04-01 14:45:23,1900-01-00 00:00:00,0999-wombat,B8:27:EB:6F:ED:ED,-38, WPA ,0.000000,0.000000,0.000,0.000,AP
2026-04-01 14:45:23,1900-01-00 00:00:00,0999-wombat,B8:27:EB:6F:ED:ED,-38, WPA ,0.000000,0.000000,0.000,0.000,AP
2026-04-01 14:45:23,1900-01-00 00:00:00,0999-wombat,B8:27:EB:6F:ED:ED,-38, WPA ,0.000000,0.000000,0.000,0.000,AP
2026-04-01 14:45:23,1900-01-00 00:00:00,0999-wombat,B8:27:EB:6F:ED:ED,-38, WPA ,0.000000,0.000000,0.000,0.000,AP
2026-04-01 14:45:23,1900-01-00 00:00:00,0999-wombat,B8:27:EB:6F:ED:ED,-38, WPA ,0.000000,0.000000,0.000,0.000,AP
2026-04-01 14:45:23,1900-01-00 00:00:00,0999-wombat,B8:27:EB:6F:ED:ED,-38, WPA ,0.000000,0.000000,0.000,0.000,AP
2026-04-01 14:45:23,1900-01-00 00:00:00,0999-wombat,B8:27:EB:6F:ED:ED,-38, WPA ,0.000000,0.000000,0.000,0.000,AP
2026-04-01 14:45:23,1900-01-00 00:00:00,0999-wombat,B8:27:EB:6F:ED:ED,-38, WPA ,0.000000,0.000000,0.000,0.000,AP
2026-04-01 14:45:23,1900-01-00 00:00:00,0999-wombat,B8:27:EB:6F:ED:ED,-38, WPA ,0.000000,0.000000,0.000,0.000,AP
2026-04-01 14:45:23,1900-01-00 00:00:00,0999-wombat,B8:27:EB:6F:ED:ED,-38, WPA ,0.000000,0.000000,0.000,0.000,AP
2026-04-01 14:45:23,1900-01-00 00:00:00,0999-wombat,B8:27:EB:6F:ED:ED,-38, WPA ,0.000000,0.000000,0.000,0.000,AP
2026-04-01 14:45:23,1900-01-00 00:00:00,0999-wombat,B8:27:EB:6F:ED:ED,-38, WPA ,0.000000,0.000000,0.000,0.000,AP
2026-04-01 14:45:23,1900-01-00 00:00:00,0999-wombat,B8:27:EB:6F:ED:ED,-38, WPA ,0.000000,0.000000,0.000,0.000,AP
2026-04-01 14:45:23,1900-01-00 00:00:00,0999-wombat,B8:27:EB:6F:ED:ED,-38, WPA ,0.000000,0.000000,0.000,0.000,AP
2026-04-01 14:45:23,1900-01-00 00:00:00,0999-wombat,B8:27:EB:6F:ED:ED,-38, WPA ,0.000000,0.000000,0.000,0.000,AP
2026-04-01 14:45:23,1900-01-00 00:00:00,0999-wombat,B8:27:EB:6F:ED:ED,-38, WPA ,0.000000,0.000000,0.000,0.000,AP
2026-04-01 14:45:23,1900-01-00 00:00:00,0999-wombat,B8:27:EB:6F:ED:ED,-38, WPA ,0.000000,0.000000,0.000,0.000,AP
2026-04-01 14:45:23,1900-01-00 00:00:00,0999-wombat,B8:27:EB:6F:ED:ED,-38, WPA ,0.000000,0.000000,0.000,0.000,AP
2026-04-01 14:45:23,1900-01-00 00:00:00,0999-wombat,B8:27:EB:6F:ED:ED,-38, WPA ,0.000000,0.000000,0.000,0.000,AP
2026-04-01 14:45:23,1900-01-00 00:00:00,0999-wombat,B8:27:EB:6F:ED:ED,-38, WPA ,0.000000,0.000000,0.000,0.000,AP
2026-04-01 14:45:23,1900-01-00 00:00:00,0999-wombat,B8:27:EB:6F:ED:ED,-38, WPA ,0.000000,0.000000,0.000,0.000,AP
2026-04-01 14:45:23,1900-01-00 00:00:00,0999-wombat,B8:27:EB:6F:ED:ED,-38, WPA ,0.000000,0.000000,0.000,0.000,AP
2026-04-01 14:45:23,1900-01-00 00:00:00,0999-wombat,B8:27:EB:6F:ED:ED,-38, WPA ,0.000000,0.000000,0.000,0.000,AP
2026-04-01 14:45:23,1900-01-00 00:00:00,0999-wombat,B8:27:EB:6F:ED:ED,-38, WPA ,0.000000,0.000000,0.000,0.000,AP
2026-04-01 14:45:23,1900-01-00 00:00:00,0999-wombat,B8:27:EB:6F:ED:ED,-38, WPA ,0.000000,0.000000,0.000,0.000,AP
2026-04-01 14:45:23,1900-01-00 00:00:00,0999-wombat,B8:27:EB:6F:ED:ED,-38, WPA ,0.000000,0.000000,0.000,0.000,AP
2026-04-01 14:45:23,1900-01-00 00:00:00,0999-wombat,B8:27:EB:6F:ED:ED,-38, WPA ,0.000000,0.000000,0.000,0.000,AP
2026-04-01 14:45:23,1900-01-00 00:00:00,0999-wombat,B8:27:EB:6F:ED:ED,-38, WPA ,0.000000,0.000000,0.000,0.000,AP
2026-04-01 14:45:23,1900-01-00 00:00:00,0999-wombat,B8:27:EB:6F:ED:ED,-38, WPA ,0.000000,0.000000,0.000,0.000,AP
2026-04-01 14:45:23,1900-01-00 00:00:00,0999-wombat,B8:27:EB:6F:ED:ED,-38, WPA ,0.000000,0.000000,0.000,0.000,AP
2026-04-01 14:45:23,1900-01-00 00:00:00,0999-wombat,B8:27:EB:6F:ED:ED,-38, WPA ,0.000000,0.000000,0.000,0.000,AP
2026-04-01 14:45:23,1900-01-00 00:00:00,0999-wombat,B8:27:EB:6F:ED:ED,-38, WPA ,0.000000,0.000000,0.000,0.000,AP
2026-04-01 14:45:23,1900-01-00 00:00:00,0999-wombat,B8:27:EB:6F:ED:ED,-38, WPA ,0.000000,0.000000,0.000,0.000,AP
2026-04-01 14:45:23,1900-01-00 00:00:00,0999-wombat,B8:27:EB:6F:ED:ED,-38, WPA ,0.000000,0.000000,0.000,0.000,AP
2026-04-01 14:45:23,1900-01-00 00:00:00,0999-wombat,B8:27:EB:6F:ED:ED,-38, WPA ,0.000000,0.000000,0.000,0.000,AP
2026-04-01 14:45:23,1900-01-00 00:00:00,0999-wombat,B8:27:EB:6F:ED:ED,-38, WPA ,0.000000,0.000000,0.000,0.000,AP
2026-04-01 14:45:23,1900-01-00 00:00:00,0999-wombat,B8:27:EB:6F:ED:ED,-38, WPA ,0.000000,0.000000,0.000,0.000,AP
2026-04-01 14:45:23,1900-01-00 00:00:00,0999-wombat,B8:27:EB:6F:ED:ED,-38, WPA ,0.000000,0.000000,0.000,0.000,AP
2026-04-01 14:45:23,1900-01-00 00:00:00,0999-wombat,B8:27:EB:6F:ED:ED,-38, WPA ,0.000000,0.000000,0.000,0.000,AP
2026-04-01 14:45:23,1900-01-00 00:00:00,0999-wombat,B8:27:EB:6F:ED:ED,-38, WPA ,0.000000,0.000000,0.000,0.000,AP
2026-04-01 14:45:23,1900-01-00 00:00:00,0999-wombat,B8:27:EB:6F:ED:ED,-38, WPA ,0.000000,0.000000,0.000,0.000,AP
2026-04-01 14:45:23,1900-01-00 00:00:00,0999-wombat,B8:27:EB:6F:ED:ED,-67, WPA ,0.000000,0.000000,0.000,0.000,AP
2026-04-01 14:45:23,1900-01-00 00:00:00,0999-wombat,B8:27:EB:6F:ED:ED,-67, WPA ,0.000000,0.000000,0.000,0.000,AP
2026-04-01 14:45:23,1900-01-00 00:00:00,0999-wombat,B8:27:EB:6F:ED:ED,-67, WPA ,0.000000,0.000000,0.000,0.000,AP
2026-04-01 14:45:23,1900-01-00 00:00:00,0999-wombat,B8:27:EB:6F:ED:ED,-67, WPA ,0.000000,0.000000,0.000,0.000,AP
2026-04-01 14:45:23,1900-01-00 00:00:00,0999-wombat,B8:27:EB:6F:ED:ED,-67, WPA ,0.000000,0.000000,0.000,0.000,AP
2026-04-01 14:45:23,1900-01-00 00:00:00,0999-wombat,B8:27:EB:6F:ED:ED,-66, WPA ,0.000000,0.000000,0.000,0.000,AP
2026-04-01 14:45:23,1900-01-00 00:00:00,0999-wombat,B8:27:EB:6F:ED:ED,-66, WPA ,0.000000,0.000000,0.000,0.000,AP
2026-04-01 14:45:23,1900-01-00 00:00:00,0999-wombat,B8:27:EB:6F:ED:ED,-81, WPA ,0.000000,0.000000,0.000,0.000,AP
2026-04-01 14:45:23,1900-01-00 00:00:00,0999-wombat,B8:27:EB:6F:ED:ED,-81, WPA ,0.000000,0.000000,0.000,0.000,AP
2026-04-01 14:45:23,1900-01-00 00:00:00,0999-wombat,B8:27:EB:6F:ED:ED,-81, WPA ,0.000000,0.000000,0.000,0.000,AP
2026-04-01 14:45:23,1900-01-00 00:00:00,0999-wombat,B8:27:EB:6F:ED:ED,-81, WPA ,0.000000,0.000000,0.000,0.000,AP
2026-04-01 14:45:23,1900-01-00 00:00:00,0999-wombat,B8:27:EB:6F:ED:ED,-81, WPA ,0.000000,0.000000,0.000,0.000,AP
2026-04-01 14:45:23,1900-01-00 00:00:00,0999-wombat,B8:27:EB:6F:ED:ED,-81, WPA ,0.000000,0.000000,0.000,0.000,AP
2026-04-01 14:45:23,1900-01-00 00:00:00,0999-wombat,B8:27:EB:6F:ED:ED,-81, WPA ,0.000000,0.000000,0.000,0.000,AP
2026-04-01 14:45:23,1900-01-00 00:00:00,0999-wombat,B8:27:EB:6F:ED:ED,-66, WPA ,0.000000,0.000000,0.000,0.000,AP
2026-04-01 14:45:23,1900-01-00 00:00:00,0999-wombat,B8:27:EB:6F:ED:ED,-66, WPA ,0.000000,0.000000,0.000,0.000,AP
2026-04-01 14:45:23,1900-01-00 00:00:00,0999-wombat,B8:27:EB:6F:ED:ED,-66, WPA ,0.000000,0.000000,0.000,0.000,AP
2026-04-01 14:45:23,1900-01-00 00:00:00,0999-wombat,B8:27:EB:6F:ED:ED,-66, WPA ,0.000000,0.000000,0.000,0.000,AP
2026-04-01 14:45:23,1900-01-00 00:00:00,0999-wombat,B8:27:EB:6F:ED:ED,-66, WPA ,0.000000,0.000000,0.000,0.000,AP
2026-04-01 14:45:23,1900-01-00 00:00:00,0999-wombat,B8:27:EB:6F:ED:ED,-66, WPA ,0.000000,0.000000,0.000,0.000,AP
2026-04-01 14:45:23,1900-01-00 00:00:00,0999-wombat,B8:27:EB:6F:ED:ED,-66, WPA ,0.000000,0.000000,0.000,0.000,AP
2026-04-01 14:45:23,1900-01-00 00:00:00,0999-wombat,B8:27:EB:6F:ED:ED,-66, WPA ,0.000000,0.000000,0.000,0.000,AP
2026-04-01 14:45:23,1900-01-00 00:00:00,0999-wombat,B8:27:EB:6F:ED:ED,-66, WPA ,0.000000,0.000000,0.000,0.000,AP
2026-04-01 14:45:23,1900-01-00 00:00:00,0999-wombat,B8:27:EB:6F:ED:ED,-66, WPA ,0.000000,0.000000,0.000,0.000,AP
2026-04-01 14:45:23,1900-01-00 00:00:00,0999-wombat,B8:27:EB:6F:ED:ED,-66, WPA ,0.000000,0.000000,0.000,0.000,AP
2026-04-01 14:45:23,1900-01-00 00:00:00,0999-wombat,B8:27:EB:6F:ED:ED,-66, WPA ,0.000000,0.000000,0.000,0.000,AP
2026-04-01 14:45:23,1900-01-00 00:00:00,0999-wombat,B8:27:EB:6F:ED:ED,-66, WPA ,0.000000,0.000000,0.000,0.000,AP
2026-04-01 14:45:23,1900-01-00 00:00:00,0999-wombat,B8:27:EB:6F:ED:ED,-66, WPA ,0.000000,0.000000,0.000,0.000,AP
2026-04-01 14:45:23,1900-01-00 00:00:00,0999-wombat,B8:27:EB:6F:ED:ED,-66, WPA ,0.000000,0.000000,0.000,0.000,AP
2026-04-01 14:45:23,1900-01-00 00:00:00,0999-wombat,B8:27:EB:6F:ED:ED,-66, WPA ,0.000000,0.000000,0.000,0.000,AP
2026-04-01 14:45:23,1900-01-00 00:00:00,0999-wombat,B8:27:EB:6F:ED:ED,-66, WPA ,0.000000,0.000000,0.000,0.000,AP
2026-04-01 14:45:23,1900-01-00 00:00:00,0999-wombat,B8:27:EB:6F:ED:ED,-63, WPA ,0.000000,0.000000,0.000,0.000,AP
2026-04-01 14:45:23,1900-01-00 00:00:00,0999-wombat,B8:27:EB:6F:ED:ED,-63, WPA ,0.000000,0.000000,0.000,0.000,AP
2026-04-01 14:45:23,1900-01-00 00:00:00,0999-wombat,B8:27:EB:6F:ED:ED,-63, WPA ,0.000000,0.000000,0.000,0.000,AP
2026-04-01 14:45:23,1900-01-00 00:00:00,0999-wombat,B8:27:EB:6F:ED:ED,-63, WPA ,0.000000,0.000000,0.000,0.000,AP
2026-04-01 14:45:23,1900-01-00 00:00:00,0999-wombat,B8:27:EB:6F:ED:ED,-61, WPA ,0.000000,0.000000,0.000,0.000,AP
2026-04-01 14:45:23,1900-01-00 00:00:00,0999-wombat,B8:27:EB:6F:ED:ED,-61, WPA ,0.000000,0.000000,0.000,0.000,AP
2026-04-01 14:45:23,1900-01-00 00:00:00,0999-wombat,B8:27:EB:6F:ED:ED,-61, WPA ,0.000000,0.000000,0.000,0.000,AP
2026-04-01 14:45:23,1900-01-00 00:00:00,0999-wombat,B8:27:EB:6F:ED:ED,-61, WPA ,0.000000,0.000000,0.000,0.000,AP
2026-04-01 14:45:23,1900-01-00 00:00:00,0999-wombat,B8:27:EB:6F:ED:ED,-61, WPA ,0.000000,0.000000,0.000,0.000,AP
2026-04-01 14:45:23,1900-01-00 00:00:00,0999-wombat,B8:27:EB:6F:ED:ED,-61, WPA ,0.000000,0.000000,0.000,0.000,AP
2026-04-01 14:45:23,1900-01-00 00:00:00,0999-wombat,B8:27:EB:6F:ED:ED,-61, WPA ,0.000000,0.000000,0.000,0.000,AP
2026-04-01 14:45:23,1900-01-00 00:00:00,0999-wombat,B8:27:EB:6F:ED:ED,-61, WPA ,0.000000,0.000000,0.000,0.000,AP
2026-04-01 14:45:23,1900-01-00 00:00:00,0999-wombat,B8:27:EB:6F:ED:ED,-61, WPA ,0.000000,0.000000,0.000,0.000,AP
2026-04-01 14:45:23,1900-01-00 00:00:00,0999-wombat,B8:27:EB:6F:ED:ED,-61, WPA ,0.000000,0.000000,0.000,0.000,AP
2026-04-01 14:45:23,1900-01-00 00:00:00,0999-wombat,B8:27:EB:6F:ED:ED,-61, WPA ,0.000000,0.000000,0.000,0.000,AP
2026-04-01 14:45:23,1900-01-00 00:00:00,0999-wombat,B8:27:EB:6F:ED:ED,-61, WPA ,0.000000,0.000000,0.000,0.000,AP
2026-04-01 14:45:23,1900-01-00 00:00:00,0999-wombat,B8:27:EB:6F:ED:ED,-61, WPA ,0.000000,0.000000,0.000,0.000,AP
2026-04-01 14:45:23,1900-01-00 00:00:00,0999-wombat,B8:27:EB:6F:ED:ED,-61, WPA ,0.000000,0.000000,0.000,0.000,AP
2026-04-01 14:45:23,1900-01-00 00:00:00,0999-wombat,B8:27:EB:6F:ED:ED,-61, WPA ,0.000000,0.000000,0.000,0.000,AP
2026-04-01 14:45:23,1900-01-00 00:00:00,0999-wombat,B8:27:EB:6F:ED:ED,-61, WPA ,0.000000,0.000000,0.000,0.000,AP
2026-04-01 14:45:23,1900-01-00 00:00:00,0999-wombat,B8:27:EB:6F:ED:ED,-61, WPA ,0.000000,0.000000,0.000,0.000,AP
2026-04-01 14:45:23,1900-01-00 00:00:00,0999-wombat,B8:27:EB:6F:ED:ED,-39, WPA ,0.000000,0.000000,0.000,0.000,AP
2026-04-01 14:45:23,1900-01-00 00:00:00,0999-wombat,B8:27:EB:6F:ED:ED,-39, WPA ,0.000000,0.000000,0.000,0.000,AP
2026-04-01 14:45:23,1900-01-00 00:00:00,0999-wombat,B8:27:EB:6F:ED:ED,-39, WPA ,0.000000,0.000000,0.000,0.000,AP
2026-04-01 14:45:23,1900-01-00 00:00:00,0999-wombat,B8:27:EB:6F:ED:ED,-39, WPA ,0.000000,0.000000,0.000,0.000,AP
2026-04-01 14:45:23,1900-01-00 00:00:00,0999-wombat,B8:27:EB:6F:ED:ED,-39, WPA ,0.000000,0.000000,0.000,0.000,AP
2026-04-01 14:45:23,1900-01-00 00:00:00,0999-wombat,B8:27:EB:6F:ED:ED,-39, WPA ,0.000000,0.000000,0.000,0.000,AP
2026-04-01 14:45:23,1900-01-00 00:00:00,0999-wombat,B8:27:EB:6F:ED:ED,-39, WPA ,0.000000,0.000000,0.000,0.000,AP
2026-04-01 14:45:23,1900-01-00 00:00:00,0999-wombat,B8:27:EB:6F:ED:ED,-39, WPA ,0.000000,0.000000,0.000,0.000,AP
2026-04-01 14:45:23,1900-01-00 00:00:00,0999-wombat,B8:27:EB:6F:ED:ED,-39, WPA ,0.000000,0.000000,0.000,0.000,AP
2026-04-01 14:45:23,1900-01-00 00:00:00,0999-wombat,B8:27:EB:6F:ED:ED,-39, WPA ,0.000000,0.000000,0.000,0.000,AP
2026-04-01 14:45:23,1900-01-00 00:00:00,0999-wombat,B8:27:EB:6F:ED:ED,-39, WPA ,0.000000,0.000000,0.000,0.000,AP
2026-04-01 14:45:23,1900-01-00 00:00:00,0999-wombat,B8:27:EB:6F:ED:ED,-39, WPA ,0.000000,0.000000,0.000,0.000,AP
2026-04-01 14:45:23,1900-01-00 00:00:00,0999-wombat,B8:27:EB:6F:ED:ED,-39, WPA ,0.000000,0.000000,0.000,0.000,AP
2026-04-01 14:45:23,1900-01-00 00:00:00,0999-wombat,B8:27:EB:6F:ED:ED,-39, WPA ,0.000000,0.000000,0.000,0.000,AP
2026-04-01 14:45:23,1900-01-00 00:00:00,0999-wombat,B8:27:EB:6F:ED:ED,-39, WPA ,0.000000,0.000000,0.000,0.000,AP
2026-04-01 14:45:23,1900-01-00 00:00:00,0999-wombat,B8:27:EB:6F:ED:ED,-39, WPA ,0.000000,0.000000,0.000,0.000,AP
2026-04-01 14:45:23,1900-01-00 00:00:00,0999-wombat,B8:27:EB:6F:ED:ED,-39, WPA ,0.000000,0.000000,0.000,0.000,AP
2026-04-01 14:45:23,1900-01-00 00:00:00,0999-wombat,B8:27:EB:6F:ED:ED,-39, WPA ,0.000000,0.000000,0.000,0.000,AP
2026-04-01 14:45:23,1900-01-00 00:00:00,0999-wombat,B8:27:EB:6F:ED:ED,-39, WPA ,0.000000,0.000000,0.000,0.000,AP
2026-04-01 14:45:23,1900-01-00 00:00:00,0999-wombat,B8:27:EB:6F:ED:ED,-39, WPA ,0.000000,0.000000,0.000,0.000,AP
2026-04-01 14:45:23,1900-01-00 00:00:00,0999-wombat,B8:27:EB:6F:ED:ED,-39, WPA ,0.000000,0.000000,0.000,0.000,AP
2026-04-01 14:45:23,1900-01-00 00:00:00,0999-wombat,B8:27:EB:6F:ED:ED,-39, WPA ,0.000000,0.000000,0.000,0.000,AP
2026-04-01 14:45:23,1900-01-00 00:00:00,0999-wombat,B8:27:EB:6F:ED:ED,-39, WPA ,0.000000,0.000000,0.000,0.000,AP
2026-04-01 14:45:23,1900-01-00 00:00:00,0999-wombat,B8:27:EB:6F:ED:ED,-39, WPA ,0.000000,0.000000,0.000,0.000,AP
2026-04-01 14:45:23,1900-01-00 00:00:00,0999-wombat,B8:27:EB:6F:ED:ED,-39, WPA ,0.000000,0.000000,0.000,0.000,AP
2026-04-01 14:45:23,1900-01-00 00:00:00,0999-wombat,B8:27:EB:6F:ED:ED,-39, WPA ,0.000000,0.000000,0.000,0.000,AP
2026-04-01 14:45:23,1900-01-00 00:00:00,0999-wombat,B8:27:EB:6F:ED:ED,-39, WPA ,0.000000,0.000000,0.000,0.000,AP
2026-04-01 14:45:23,1900-01-00 00:00:00,0999-wombat,B8:27:EB:6F:ED:ED,-39, WPA ,0.000000,0.000000,0.000,0.000,AP
2026-04-01 14:45:23,1900-01-00 00:00:00,0999-wombat,B8:27:EB:6F:ED:ED,-39, WPA ,0.000000,0.000000,0.000,0.000,AP
2026-04-01 14:45:23,1900-01-00 00:00:00,0999-wombat,B8:27:EB:6F:ED:ED,-39, WPA ,0.000000,0.000000,0.000,0.000,AP
2026-04-01 14:45:23,1900-01-00 00:00:00,0999-wombat,B8:27:EB:6F:ED:ED,-39, WPA ,0.000000,0.000000,0.000,0.000,AP
2026-04-01 14:45:23,1900-01-00 00:00:00,0999-wombat,B8:27:EB:6F:ED:ED,-39, WPA ,0.000000,0.000000,0.000,0.000,AP
2026-04-01 14:45:23,1900-01-00 00:00:00,0999-wombat,B8:27:EB:6F:ED:ED,-39, WPA ,0.000000,0.000000,0.000,0.000,AP
2026-04-01 14:45:23,1900-01-00 00:00:00,0999-wombat,B8:27:EB:6F:ED:ED,-39, WPA ,0.000000,0.000000,0.000,0.000,AP
2026-04-01 14:45:23,1900-01-00 00:00:00,0999-wombat,B8:27:EB:6F:ED:ED,-39, WPA ,0.000000,0.000000,0.000,0.000,AP
2026-04-01 14:45:23,1900-01-00 00:00:00,0999-wombat,B8:27:EB:6F:ED:ED,-39, WPA ,0.000000,0.000000,0.000,0.000,AP
2026-04-01 14:45:23,1900-01-00 00:00:00,0999-wombat,B8:27:EB:6F:ED:ED,-39, WPA ,0.000000,0.000000,0.000,0.000,AP
2026-04-01 14:45:23,1900-01-00 00:00:00,0999-wombat,B8:27:EB:6F:ED:ED,-39, WPA ,0.000000,0.000000,0.000,0.000,AP
2026-04-01 14:45:23,1900-01-00 00:00:00,0999-wombat,B8:27:EB:6F:ED:ED,-39, WPA ,0.000000,0.000000,0.000,0.000,AP
2026-04-01 14:45:23,1900-01-00 00:00:00,0999-wombat,B8:27:EB:6F:ED:ED,-39, WPA ,0.000000,0.000000,0.000,0.000,AP
2026-04-01 14:45:23,1900-01-00 00:00:00,0999-wombat,B8:27:EB:6F:ED:ED,-39, WPA ,0.000000,0.000000,0.000,0.000,AP
2026-04-01 14:45:23,1900-01-00 00:00:00,0999-wombat,B8:27:EB:6F:ED:ED,-39, WPA ,0.000000,0.000000,0.000,0.000,AP
2026-04-01 14:45:23,1900-01-00 00:00:00,0999-wombat,B8:27:EB:6F:ED:ED,-39, WPA ,0.000000,0.000000,0.000,0.000,AP
2026-04-01 14:45:23,1900-01-00 00:00:00,0999-wombat,B8:27:EB:6F:ED:ED,-39, WPA ,0.000000,0.000000,0.000,0.000,AP
2026-04-01 14:45:23,1900-01-00 00:00:00,0999-wombat,B8:27:EB:6F:ED:ED,-39, WPA ,0.000000,0.000000,0.000,0.000,AP
2026-04-01 14:45:23,1900-01-00 00:00:00,0999-wombat,B8:27:EB:6F:ED:ED,-39, WPA ,0.000000,0.000000,0.000,0.000,AP
2026-04-01 14:45:23,1900-01-00 00:00:00,0999-wombat,B8:27:EB:6F:ED:ED,-39, WPA ,0.000000,0.000000,0.000,0.000,AP
2026-04-01 14:45:23,1900-01-00 00:00:00,0999-wombat,B8:27:EB:6F:ED:ED,-39, WPA ,0.000000,0.000000,0.000,0.000,AP
2026-04-01 14:45:23,1900-01-00 00:00:00,0999-wombat,B8:27:EB:6F:ED:ED,-39, WPA ,0.000000,0.000000,0.000,0.000,AP
2026-04-01 14:45:23,1900-01-00 00:00:00,0999-wombat,B8:27:EB:6F:ED:ED,-67, WPA ,0.000000,0.000000,0.000,0.000,AP
2026-04-01 14:45:23,1900-01-00 00:00:00,0999-wombat,B8:27:EB:6F:ED:ED,-67, WPA ,0.000000,0.000000,0.000,0.000,AP
2026-04-01 14:45:23,1900-01-00 00:00:00,0999-wombat,B8:27:EB:6F:ED:ED,-67, WPA ,0.000000,0.000000,0.000,0.000,AP
2026-04-01 14:45:23,1900-01-00 00:00:00,0999-wombat,B8:27:EB:6F:ED:ED,-67, WPA ,0.000000,0.000000,0.000,0.000,AP
2026-04-01 14:45:23,1900-01-00 00:00:00,0999-wombat,B8:27:EB:6F:ED:ED,-67, WPA ,0.000000,0.000000,0.000,0.000,AP
2026-04-01 14:45:23,1900-01-00 00:00:00,0999-wombat,B8:27:EB:6F:ED:ED,-80, WPA ,0.000000,0.000000,0.000,0.000,AP
2026-04-01 14:45:23,1900-01-00 00:00:00,0999-wombat,B8:27:EB:6F:ED:ED,-76, WPA ,0.000000,0.000000,0.000,0.000,AP
2026-04-01 14:45:23,1900-01-00 00:00:00,0999-wombat,B8:27:EB:6F:ED:ED,-76, WPA ,0.000000,0.000000,0.000,0.000,AP
2026-04-01 14:45:23,1900-01-00 00:00:00,0999-wombat,B8:27:EB:6F:ED:ED,-76, WPA ,0.000000,0.000000,0.000,0.000,AP
2026-04-01 14:45:23,1900-01-00 00:00:00,0999-wombat,B8:27:EB:6F:ED:ED,-76, WPA ,0.000000,0.000000,0.000,0.000,AP
2026-04-01 14:45:23,1900-01-00 00:00:00,0999-wombat,B8:27:EB:6F:ED:ED,-76, WPA ,0.000000,0.000000,0.000,0.000,AP
2026-04-01 14:45:23,1900-01-00 00:00:00,0999-wombat,B8:27:EB:6F:ED:ED,-76, WPA ,0.000000,0.000000,0.000,0.000,AP
2026-04-01 14:45:23,1900-01-00 00:00:00,0999-wombat,B8:27:EB:6F:ED:ED,-76, WPA ,0.000000,0.000000,0.000,0.000,AP
2026-04-01 14:45:23,1900-01-00 00:00:00,0999-wombat,B8:27:EB:6F:ED:ED,-76, WPA ,0.000000,0.000000,0.000,0.000,AP
2026-04-01 14:45:23,1900-01-00 00:00:00,0999-wombat,B8:27:EB:6F:ED:ED,-76, WPA ,0.000000,0.000000,0.000,0.000,AP
2026-04-01 14:45:23,1900-01-00 00:00:00,0999-wombat,B8:27:EB:6F:ED:ED,-76, WPA ,0.000000,0.000000,0.000,0.000,AP
2026-04-01 14:45:23,1900-01-00 00:00:00,0999-wombat,B8:27:EB:6F:ED:ED,-76, WPA ,0.000000,0.000000,0.000,0.000,AP
2026-04-01 14:45:23,1900-01-00 00:00:00,0999-wombat,B8:27:EB:6F:ED:ED,-76, WPA ,0.000000,0.000000,0.000,0.000,AP
2026-04-01 14:45:23,1900-01-00 00:00:00,0999-wombat,B8:27:EB:6F:ED:ED,-76, WPA ,0.000000,0.000000,0.000,0.000,AP
2026-04-01 14:45:23,1900-01-00 00:00:00,0999-wombat,B8:27:EB:6F:ED:ED,-76, WPA ,0.000000,0.000000,0.000,0.000,AP
2026-04-01 14:45:23,1900-01-00 00:00:00,0999-wombat,B8:27:EB:6F:ED:ED,-76, WPA ,0.000000,0.000000,0.000,0.000,AP
2026-04-01 14:45:23,1900-01-00 00:00:00,0999-wombat,B8:27:EB:6F:ED:ED,-67, WPA ,0.000000,0.000000,0.000,0.000,AP
2026-04-01 14:45:23,1900-01-00 00:00:00,0999-wombat,B8:27:EB:6F:ED:ED,-67, WPA ,0.000000,0.000000,0.000,0.000,AP
2026-04-01 14:45:23,1900-01-00 00:00:00,0999-wombat,B8:27:EB:6F:ED:ED,-41, WPA ,0.000000,0.000000,0.000,0.000,AP
2026-04-01 14:45:23,1900-01-00 00:00:00,0999-wombat,B8:27:EB:6F:ED:ED,-65, WPA ,0.000000,0.000000,0.000,0.000,AP
2026-04-01 14:45:23,1900-01-00 00:00:00,0999-wombat,B8:27:EB:6F:ED:ED,-65, WPA ,0.000000,0.000000,0.000,0.000,AP
2026-04-01 14:45:23,1900-01-00 00:00:00,0999-wombat,B8:27:EB:6F:ED:ED,-65, WPA ,0.000000,0.000000,0.000,0.000,AP
2026-04-01 14:45:23,1900-01-00 00:00:00,0999-wombat,B8:27:EB:6F:ED:ED,-65, WPA ,0.000000,0.000000,0.000,0.000,AP
2026-04-01 14:45:23,1900-01-00 00:00:00,0999-wombat,B8:27:EB:6F:ED:ED,-65, WPA ,0.000000,0.000000,0.000,0.000,AP
2026-04-01 14:45:23,1900-01-00 00:00:00,0999-wombat,B8:27:EB:6F:ED:ED,-65, WPA ,0.000000,0.000000,0.000,0.000,AP
2026-04-01 14:45:23,1900-01-00 00:00:00,0999-wombat,B8:27:EB:6F:ED:ED,-77, WPA ,0.000000,0.000000,0.000,0.000,AP
2026-04-01 14:45:23,1900-01-00 00:00:00,0999-wombat,B8:27:EB:6F:ED:ED,-77, WPA ,0.000000,0.000000,0.000,0.000,AP
2026-04-01 14:45:23,1900-01-00 00:00:00,0999-wombat,B8:27:EB:6F:ED:ED,-77, WPA ,0.000000,0.000000,0.000,0.000,AP
2026-04-01 14:45:23,1900-01-00 00:00:00,0999-wombat,B8:27:EB:6F:ED:ED,-77, WPA ,0.000000,0.000000,0.000,0.000,AP
2026-04-01 14:45:23,1900-01-00 00:00:00,0999-wombat,B8:27:EB:6F:ED:ED,-77, WPA ,0.000000,0.000000,0.000,0.000,AP
2026-04-01 14:45:23,1900-01-00 00:00:00,0999-wombat,B8:27:EB:6F:ED:ED,-77, WPA ,0.000000,0.000000,0.000,0.000,AP
2026-04-01 14:45:23,1900-01-00 00:00:00,0999-wombat,B8:27:EB:6F:ED:ED,-77, WPA ,0.000000,0.000000,0.000,0.000,AP
2026-04-01 14:45:23,1900-01-00 00:00:00,0999-wombat,B8:27:EB:6F:ED:ED,-77, WPA ,0.000000,0.000000,0.000,0.000,AP
2026-04-01 14:45:23,1900-01-00 00:00:00,0999-wombat,B8:27:EB:6F:ED:ED,-77, WPA ,0.000000,0.000000,0.000,0.000,AP
2026-04-01 14:45:23,1900-01-00 00:00:00,0999-wombat,B8:27:EB:6F:ED:ED,-77, WPA ,0.000000,0.000000,0.000,0.000,AP
2026-04-01 14:45:23,1900-01-00 00:00:00,0999-wombat,B8:27:EB:6F:ED:ED,-77, WPA ,0.000000,0.000000,0.000,0.000,AP
2026-04-01 14:45:23,1900-01-00 00:00:00,0999-wombat,B8:27:EB:6F:ED:ED,-77, WPA ,0.000000,0.000000,0.000,0.000,AP
2026-04-01 14:45:23,1900-01-00 00:00:00,0999-wombat,B8:27:EB:6F:ED:ED,-77, WPA ,0.000000,0.000000,0.000,0.000,AP
2026-04-01 14:45:23,1900-01-00 00:00:00,0999-wombat,B8:27:EB:6F:ED:ED,-77, WPA ,0.000000,0.000000,0.000,0.000,AP
2026-04-01 14:45:23,1900-01-00 00:00:00,0999-wombat,B8:27:EB:6F:ED:ED,-77, WPA ,0.000000,0.000000,0.000,0.000,AP
2026-04-01 14:45:23,1900-01-00 00:00:00,0999-wombat,B8:27:EB:6F:ED:ED,-77, WPA ,0.000000,0.000000,0.000,0.000,AP
2026-04-01 14:45:23,1900-01-00 00:00:00,0999-wombat,B8:27:EB:6F:ED:ED,-77, WPA ,0.000000,0.000000,0.000,0.000,AP
2026-04-01 14:45:23,1900-01-00 00:00:00,0999-wombat,B8:27:EB:6F:ED:ED,-77, WPA ,0.000000,0.000000,0.000,0.000,AP
2026-04-01 14:45:23,1900-01-00 00:00:00,0999-wombat,B8:27:EB:6F:ED:ED,-77, WPA ,0.000000,0.000000,0.000,0.000,AP
2026-04-01 14:45:23,1900-01-00 00:00:00,0999-wombat,B8:27:EB:6F:ED:ED,-77, WPA ,0.000000,0.000000,0.000,0.000,AP
2026-04-01 14:45:23,1900-01-00 00:00:00,0999-wombat,B8:27:EB:6F:ED:ED,-77, WPA ,0.000000,0.000000,0.000,0.000,AP
2026-04-01 14:45:23,1900-01-00 00:00:00,0999-wombat,B8:27:EB:6F:ED:ED,-77, WPA ,0.000000,0.000000,0.000,0.000,AP
2026-04-01 14:45:23,1900-01-00 00:00:00,0999-wombat,B8:27:EB:6F:ED:ED,-77, WPA ,0.000000,0.000000,0.000,0.000,AP
2026-04-01 14:45:23,1900-01-00 00:00:00,0999-wombat,B8:27:EB:6F:ED:ED,-77, WPA ,0.000000,0.000000,0.000,0.000,AP
2026-04-01 14:45:23,1900-01-00 00:00:00,0999-wombat,B8:27:EB:6F:ED:ED,-77, WPA ,0.000000,0.000000,0.000,0.000,AP
2026-04-01 14:45:23,1900-01-00 00:00:00,0999-wombat,B8:27:EB:6F:ED:ED,-77, WPA ,0.000000,0.000000,0.000,0.000,AP
2026-04-01 14:45:23,1900-01-00 00:00:00,0999-wombat,B8:27:EB:6F:ED:ED,-77, WPA ,0.000000,0.000000,0.000,0.000,AP
2026-04-01 14:45:23,1900-01-00 00:00:00,0999-wombat,B8:27:EB:6F:ED:ED,-77, WPA ,0.000000,0.000000,0.000,0.000,AP
2026-04-01 14:45:23,1900-01-00 00:00:00,0999-wombat,B8:27:EB:6F:ED:ED,-77, WPA ,0.000000,0.000000,0.000,0.000,AP
2026-04-01 14:45:23,1900-01-00 00:00:00,0999-wombat,B8:27:EB:6F:ED:ED,-77, WPA ,0.000000,0.000000,0.000,0.000,AP
2026-04-01 14:45:23,1900-01-00 00:00:00,0999-wombat,B8:27:EB:6F:ED:ED,-77, WPA ,0.000000,0.000000,0.000,0.000,AP
2026-04-01 14:45:23,1900-01-00 00:00:00,0999-wombat,B8:27:EB:6F:ED:ED,-77, WPA ,0.000000,0.000000,0.000,0.000,AP
2026-04-01 14:45:23,1900-01-00 00:00:00,0999-wombat,B8:27:EB:6F:ED:ED,-77, WPA ,0.000000,0.000000,0.000,0.000,AP
2026-04-01 14:45:23,1900-01-00 00:00:00,0999-wombat,B8:27:EB:6F:ED:ED,-77, WPA ,0.000000,0.000000,0.000,0.000,AP
2026-04-01 14:45:23,1900-01-00 00:00:00,0999-wombat,B8:27:EB:6F:ED:ED,-77, WPA ,0.000000,0.000000,0.000,0.000,AP
2026-04-01 14:45:23,1900-01-00 00:00:00,0999-wombat,B8:27:EB:6F:ED:ED,-77, WPA ,0.000000,0.000000,0.000,0.000,AP
2026-04-01 14:45:23,1900-01-00 00:00:00,0999-wombat,B8:27:EB:6F:ED:ED,-77, WPA ,0.000000,0.000000,0.000,0.000,AP
2026-04-01 14:45:23,1900-01-00 00:00:00,0999-wombat,B8:27:EB:6F:ED:ED,-77, WPA ,0.000000,0.000000,0.000,0.000,AP
2026-04-01 14:45:23,1900-01-00 00:00:00,0999-wombat,B8:27:EB:6F:ED:ED,-68, WPA ,0.000000,0.000000,0.000,0.000,AP
2026-04-01 14:45:23,1900-01-00 00:00:00,0999-wombat,B8:27:EB:6F:ED:ED,-68, WPA ,0.000000,0.000000,0.000,0.000,AP
2026-04-01 14:45:23,1900-01-00 00:00:00,0999-wombat,B8:27:EB:6F:ED:ED,-68, WPA ,0.000000,0.000000,0.000,0.000,AP
2026-04-01 14:45:23,1900-01-00 00:00:00,0999-wombat,B8:27:EB:6F:ED:ED,-68, WPA ,0.000000,0.000000,0.000,0.000,AP
2026-04-01 14:45:23,1900-01-00 00:00:00,0999-wombat,B8:27:EB:6F:ED:ED,-68, WPA ,0.000000,0.000000,0.000,0.000,AP
2026-04-01 14:45:23,1900-01-00 00:00:00,0999-wombat,B8:27:EB:6F:ED:ED,-68, WPA ,0.000000,0.000000,0.000,0.000,AP
2026-04-01 14:45:23,1900-01-00 00:00:00,0999-wombat,B8:27:EB:6F:ED:ED,-68, WPA ,0.000000,0.000000,0.000,0.000,AP
2026-04-01 14:45:23,1900-01-00 00:00:00,0999-wombat,B8:27:EB:6F:ED:ED,-39, WPA ,0.000000,0.000000,0.000,0.000,AP
2026-04-01 14:45:23,1900-01-00 00:00:00,0999-wombat,B8:27:EB:6F:ED:ED,-39, WPA ,0.000000,0.000000,0.000,0.000,AP
2026-04-01 14:45:23,1900-01-00 00:00:00,0999-wombat,B8:27:EB:6F:ED:ED,-39, WPA ,0.000000,0.000000,0.000,0.000,AP
2026-04-01 14:45:23,1900-01-00 00:00:00,0999-wombat,B8:27:EB:6F:ED:ED,-39, WPA ,0.000000,0.000000,0.000,0.000,AP
2026-04-01 14:45:23,1900-01-00 00:00:00,0999-wombat,B8:27:EB:6F:ED:ED,-39, WPA ,0.000000,0.000000,0.000,0.000,AP
2026-04-01 14:45:23,1900-01-00 00:00:00,0999-wombat,B8:27:EB:6F:ED:ED,-39, WPA ,0.000000,0.000000,0.000,0.000,AP
2026-04-01 14:45:23,1900-01-00 00:00:00,0999-wombat,B8:27:EB:6F:ED:ED,-39, WPA ,0.000000,0.000000,0.000,0.000,AP
2026-04-01 14:45:23,1900-01-00 00:00:00,0999-wombat,B8:27:EB:6F:ED:ED,-39, WPA ,0.000000,0.000000,0.000,0.000,AP
2026-04-01 14:45:23,1900-01-00 00:00:00,0999-wombat,B8:27:EB:6F:ED:ED,-39, WPA ,0.000000,0.000000,0.000,0.000,AP
2026-04-01 14:45:23,1900-01-00 00:00:00,0999-wombat,B8:27:EB:6F:ED:ED,-39, WPA ,0.000000,0.000000,0.000,0.000,AP
2026-04-01 14:45:23,1900-01-00 00:00:00,0999-wombat,B8:27:EB:6F:ED:ED,-39, WPA ,0.000000,0.000000,0.000,0.000,AP
2026-04-01 14:45:23,1900-01-00 00:00:00,0999-wombat,B8:27:EB:6F:ED:ED,-39, WPA ,0.000000,0.000000,0.000,0.000,AP
2026-04-01 14:45:23,1900-01-00 00:00:00,0999-wombat,B8:27:EB:6F:ED:ED,-39, WPA ,0.000000,0.000000,0.000,0.000,AP
2026-04-01 14:45:23,1900-01-00 00:00:00,0999-wombat,B8:27:EB:6F:ED:ED,-39, WPA ,0.000000,0.000000,0.000,0.000,AP
2026-04-01 14:45:23,1900-01-00 00:00:00,0999-wombat,B8:27:EB:6F:ED:ED,-65, WPA ,0.000000,0.000000,0.000,0.000,AP
2026-04-01 14:45:23,1900-01-00 00:00:00,0999-wombat,B8:27:EB:6F:ED:ED,-65, WPA ,0.000000,0.000000,0.000,0.000,AP
2026-04-01 14:45:23,1900-01-00 00:00:00,0999-wombat,B8:27:EB:6F:ED:ED,-65, WPA ,0.000000,0.000000,0.000,0.000,AP
2026-04-01 14:45:23,1900-01-00 00:00:00,0999-wombat,B8:27:EB:6F:ED:ED,-65, WPA ,0.000000,0.000000,0.000,0.000,AP
2026-04-01 14:45:23,1900-01-00 00:00:00,0999-wombat,B8:27:EB:6F:ED:ED,-65, WPA ,0.000000,0.000000,0.000,0.000,AP
2026-04-01 14:45:23,1900-01-00 00:00:00,0999-wombat,B8:27:EB:6F:ED:ED,-65, WPA ,0.000000,0.000000,0.000,0.000,AP
2026-04-01 14:45:23,1900-01-00 00:00:00,0999-wombat,B8:27:EB:6F:ED:ED,-65, WPA ,0.000000,0.000000,0.000,0.000,AP
2026-04-01 14:45:23,1900-01-00 00:00:00,0999-wombat,B8:27:EB:6F:ED:ED,-65, WPA ,0.000000,0.000000,0.000,0.000,AP
2026-04-01 14:45:23,1900-01-00 00:00:00,0999-wombat,B8:27:EB:6F:ED:ED,-65, WPA ,0.000000,0.000000,0.000,0.000,AP
2026-04-01 14:45:23,1900-01-00 00:00:00,0999-wombat,B8:27:EB:6F:ED:ED,-65, WPA ,0.000000,0.000000,0.000,0.000,AP
2026-04-01 14:45:23,1900-01-00 00:00:00,0999-wombat,B8:27:EB:6F:ED:ED,-65, WPA ,0.000000,0.000000,0.000,0.000,AP
2026-04-01 14:45:23,1900-01-00 00:00:00,0999-wombat,B8:27:EB:6F:ED:ED,-65, WPA ,0.000000,0.000000,0.000,0.000,AP
2026-04-01 14:45:23,1900-01-00 00:00:00,0999-wombat,B8:27:EB:6F:ED:ED,-65, WPA ,0.000000,0.000000,0.000,0.000,AP
2026-04-01 14:45:23,1900-01-00 00:00:00,0999-wombat,B8:27:EB:6F:ED:ED,-65, WPA ,0.000000,0.000000,0.000,0.000,AP
2026-04-01 14:45:23,1900-01-00 00:00:00,0999-wombat,B8:27:EB:6F:ED:ED,-65, WPA ,0.000000,0.000000,0.000,0.000,AP
2026-04-01 14:45:23,1900-01-00 00:00:00,0999-wombat,B8:27:EB:6F:ED:ED,-65, WPA ,0.000000,0.000000,0.000,0.000,AP
2026-04-01 14:45:23,1900-01-00 00:00:00,0999-wombat,B8:27:EB:6F:ED:ED,-65, WPA ,0.000000,0.000000,0.000,0.000,AP
2026-04-01 14:45:23,1900-01-00 00:00:00,0999-wombat,B8:27:EB:6F:ED:ED,-43, WPA ,0.000000,0.000000,0.000,0.000,AP
2026-04-01 14:45:23,1900-01-00 00:00:00,0999-wombat,B8:27:EB:6F:ED:ED,-43, WPA ,0.000000,0.000000,0.000,0.000,AP
2026-04-01 14:45:23,1900-01-00 00:00:00,0999-wombat,B8:27:EB:6F:ED:ED,-43, WPA ,0.000000,0.000000,0.000,0.000,AP
2026-04-01 14:45:23,1900-01-00 00:00:00,0999-wombat,B8:27:EB:6F:ED:ED,-43, WPA ,0.000000,0.000000,0.000,0.000,AP
2026-04-01 14:45:23,1900-01-00 00:00:00,0999-wombat,B8:27:EB:6F:ED:ED,-43, WPA ,0.000000,0.000000,0.000,0.000,AP
2026-04-01 14:45:23,1900-01-00 00:00:00,0999-wombat,B8:27:EB:6F:ED:ED,-43, WPA ,0.000000,0.000000,0.000,0.000,AP
2026-04-01 14:45:23,1900-01-00 00:00:00,0999-wombat,B8:27:EB:6F:ED:ED,-43, WPA ,0.000000,0.000000,0.000,0.000,AP
2026-04-01 14:45:23,1900-01-00 00:00:00,0999-wombat,B8:27:EB:6F:ED:ED,-43, WPA ,0.000000,0.000000,0.000,0.000,AP
2026-04-01 14:45:23,1900-01-00 00:00:00,0999-wombat,B8:27:EB:6F:ED:ED,-43, WPA ,0.000000,0.000000,0.000,0.000,AP
2026-04-01 14:45:23,1900-01-00 00:00:00,0999-wombat,B8:27:EB:6F:ED:ED,-43, WPA ,0.000000,0.000000,0.000,0.000,AP
2026-04-01 14:45:23,1900-01-00 00:00:00,0999-wombat,B8:27:EB:6F:ED:ED,-43, WPA ,0.000000,0.000000,0.000,0.000,AP
2026-04-01 14:45:23,1900-01-00 00:00:00,0999-wombat,B8:27:EB:6F:ED:ED,-43, WPA ,0.000000,0.000000,0.000,0.000,AP
2026-04-01 14:45:23,1900-01-00 00:00:00,0999-wombat,B8:27:EB:6F:ED:ED,-43, WPA ,0.000000,0.000000,0.000,0.000,AP
2026-04-01 14:45:23,1900-01-00 00:00:00,0999-wombat,B8:27:EB:6F:ED:ED,-43, WPA ,0.000000,0.000000,0.000,0.000,AP
2026-04-01 14:45:23,1900-01-00 00:00:00,0999-wombat,B8:27:EB:6F:ED:ED,-43, WPA ,0.000000,0.000000,0.000,0.000,AP
2026-04-01 14:45:23,1900-01-00 00:00:00,0999-wombat,B8:27:EB:6F:ED:ED,-43, WPA ,0.000000,0.000000,0.000,0.000,AP
2026-04-01 14:45:23,1900-01-00 00:00:00,0999-wombat,B8:27:EB:6F:ED:ED,-66, WPA ,0.000000,0.000000,0.000,0.000,AP
2026-04-01 14:45:23,1900-01-00 00:00:00,0999-wombat,B8:27:EB:6F:ED:ED,-65, WPA ,0.000000,0.000000,0.000,0.000,AP
2026-04-01 14:45:23,1900-01-00 00:00:00,0999-wombat,B8:27:EB:6F:ED:ED,-65, WPA ,0.000000,0.000000,0.000,0.000,AP
2026-04-01 14:45:23,1900-01-00 00:00:00,0999-wombat,B8:27:EB:6F:ED:ED,-65, WPA ,0.000000,0.000000,0.000,0.000,AP
2026-04-01 14:45:23,1900-01-00 00:00:00,0999-wombat,B8:27:EB:6F:ED:ED,-65, WPA ,0.000000,0.000000,0.000,0.000,AP
2026-04-01 14:45:23,1900-01-00 00:00:00,0999-wombat,B8:27:EB:6F:ED:ED,-65, WPA ,0.000000,0.000000,0.000,0.000,AP
2026-04-01 14:45:23,1900-01-00 00:00:00,0999-wombat,B8:27:EB:6F:ED:ED,-65, WPA ,0.000000,0.000000,0.000,0.000,AP
2026-04-01 14:45:23,1900-01-00 00:00:00,0999-wombat,B8:27:EB:6F:ED:ED,-76, WPA ,0.000000,0.000000,0.000,0.000,AP
2026-04-01 14:45:23,1900-01-00 00:00:00,0999-wombat,B8:27:EB:6F:ED:ED,-76, WPA ,0.000000,0.000000,0.000,0.000,AP
2026-04-01 14:45:23,1900-01-00 00:00:00,0999-wombat,B8:27:EB:6F:ED:ED,-76, WPA ,0.000000,0.000000,0.000,0.000,AP
2026-04-01 14:45:23,1900-01-00 00:00:00,0999-wombat,B8:27:EB:6F:ED:ED,-76, WPA ,0.000000,0.000000,0.000,0.000,AP
2026-04-01 14:45:23,1900-01-00 00:00:00,0999-wombat,B8:27:EB:6F:ED:ED,-76, WPA ,0.000000,0.000000,0.000,0.000,AP
2026-04-01 14:45:23,1900-01-00 00:00:00,0999-wombat,B8:27:EB:6F:ED:ED,-76, WPA ,0.000000,0.000000,0.000,0.000,AP
2026-04-01 14:45:23,1900-01-00 00:00:00,0999-wombat,B8:27:EB:6F:ED:ED,-76, WPA ,0.000000,0.000000,0.000,0.000,AP
2026-04-01 14:45:23,1900-01-00 00:00:00,0999-wombat,B8:27:EB:6F:ED:ED,-76, WPA ,0.000000,0.000000,0.000,0.000,AP
2026-04-01 14:45:23,1900-01-00 00:00:00,0999-wombat,B8:27:EB:6F:ED:ED,-76, WPA ,0.000000,0.000000,0.000,0.000,AP
2026-04-01 14:45:23,1900-01-00 00:00:00,0999-wombat,B8:27:EB:6F:ED:ED,-76, WPA ,0.000000,0.000000,0.000,0.000,AP
2026-04-01 14:45:23,1900-01-00 00:00:00,0999-wombat,B8:27:EB:6F:ED:ED,-85, WPA ,0.000000,0.000000,0.000,0.000,AP
2026-04-01 14:45:23,1900-01-00 00:00:00,0999-wombat,B8:27:EB:6F:ED:ED,-85, WPA ,0.000000,0.000000,0.000,0.000,AP
2026-04-01 14:45:23,1900-01-00 00:00:00,0999-wombat,B8:27:EB:6F:ED:ED,-85, WPA ,0.000000,0.000000,0.000,0.000,AP
2026-04-01 14:45:23,1900-01-00 00:00:00,0999-wombat,B8:27:EB:6F:ED:ED,-85, WPA ,0.000000,0.000000,0.000,0.000,AP
2026-04-01 14:45:23,1900-01-00 00:00:00,0999-wombat,B8:27:EB:6F:ED:ED,-85, WPA ,0.000000,0.000000,0.000,0.000,AP
2026-04-01 14:45:23,1900-01-00 00:00:00,0999-wombat,B8:27:EB:6F:ED:ED,-85, WPA ,0.000000,0.000000,0.000,0.000,AP
2026-04-01 14:45:23,1900-01-00 00:00:00,0999-wombat,B8:27:EB:6F:ED:ED,-85, WPA ,0.000000,0.000000,0.000,0.000,AP
2026-04-01 14:45:23,1900-01-00 00:00:00,0999-wombat,B8:27:EB:6F:ED:ED,-85, WPA ,0.000000,0.000000,0.000,0.000,AP
2026-04-01 14:45:23,1900-01-00 00:00:00,0999-wombat,B8:27:EB:6F:ED:ED,-85, WPA ,0.000000,0.000000,0.000,0.000,AP
2026-04-01 14:45:23,1900-01-00 00:00:00,0999-wombat,B8:27:EB:6F:ED:ED,-85, WPA ,0.000000,0.000000,0.000,0.000,AP
2026-04-01 14:45:23,1900-01-00 00:00:00,0999-wombat,B8:27:EB:6F:ED:ED,-85, WPA ,0.000000,0.000000,0.000,0.000,AP
2026-04-01 14:45:23,1900-01-00 00:00:00,0999-wombat,B8:27:EB:6F:ED:ED,-85, WPA ,0.000000,0.000000,0.000,0.000,AP
2026-04-01 14:45:23,1900-01-00 00:00:00,0999-wombat,B8:27:EB:6F:ED:ED,-85, WPA ,0.000000,0.000000,0.000,0.000,AP
2026-04-01 14:45:23,1900-01-00 00:00:00,0999-wombat,B8:27:EB:6F:ED:ED,-85, WPA ,0.000000,0.000000,0.000,0.000,AP
2026-04-01 14:45:23,1900-01-00 00:00:00,0999-wombat,B8:27:EB:6F:ED:ED,-85, WPA ,0.000000,0.000000,0.000,0.000,AP
2026-04-01 14:45:23,1900-01-00 00:00:00,0999-wombat,B8:27:EB:6F:ED:ED,-85, WPA ,0.000000,0.000000,0.000,0.000,AP
2026-04-01 14:45:23,1900-01-00 00:00:00,0999-wombat,B8:27:EB:6F:ED:ED,-85, WPA ,0.000000,0.000000,0.000,0.000,AP
2026-04-01 14:45:23,1900-01-00 00:00:00,0999-wombat,B8:27:EB:6F:ED:ED,-85, WPA ,0.000000,0.000000,0.000,0.000,AP
2026-04-01 14:45:23,1900-01-00 00:00:00,0999-wombat,B8:27:EB:6F:ED:ED,-85, WPA ,0.000000,0.000000,0.000,0.000,AP
2026-04-01 14:45:23,1900-01-00 00:00:00,0999-wombat,B8:27:EB:6F:ED:ED,-85, WPA ,0.000000,0.000000,0.000,0.000,AP
2026-04-01 14:45:23,1900-01-00 00:00:00,0999-wombat,B8:27:EB:6F:ED:ED,-85, WPA ,0.000000,0.000000,0.000,0.000,AP
2026-04-01 14:45:23,1900-01-00 00:00:00,0999-wombat,B8:27:EB:6F:ED:ED,-85, WPA ,0.000000,0.000000,0.000,0.000,AP
2026-04-01 14:45:23,1900-01-00 00:00:00,0999-wombat,B8:27:EB:6F:ED:ED,-85, WPA ,0.000000,0.000000,0.000,0.000,AP
2026-04-01 14:45:23,1900-01-00 00:00:00,0999-wombat,B8:27:EB:6F:ED:ED,-85, WPA ,0.000000,0.000000,0.000,0.000,AP
2026-04-01 14:45:23,1900-01-00 00:00:00,0999-wombat,B8:27:EB:6F:ED:ED,-85, WPA ,0.000000,0.000000,0.000,0.000,AP
2026-04-01 14:45:23,1900-01-00 00:00:00,0999-wombat,B8:27:EB:6F:ED:ED,-85, WPA ,0.000000,0.000000,0.000,0.000,AP
2026-04-01 14:45:23,1900-01-00 00:00:00,0999-wombat,B8:27:EB:6F:ED:ED,-85, WPA ,0.000000,0.000000,0.000,0.000,AP
2026-04-01 14:45:23,1900-01-00 00:00:00,0999-wombat,B8:27:EB:6F:ED:ED,-85, WPA ,0.000000,0.000000,0.000,0.000,AP
2026-04-01 14:45:23,1900-01-00 00:00:00,0999-wombat,B8:27:EB:6F:ED:ED,-85, WPA ,0.000000,0.000000,0.000,0.000,AP
2026-04-01 14:45:23,1900-01-00 00:00:00,0999-wombat,B8:27:EB:6F:ED:ED,-85, WPA ,0.000000,0.000000,0.000,0.000,AP
2026-04-01 14:45:23,1900-01-00 00:00:00,0999-wombat,B8:27:EB:6F:ED:ED,-85, WPA ,0.000000,0.000000,0.000,0.000,AP
2026-04-01 14:45:23,1900-01-00 00:00:00,0999-wombat,B8:27:EB:6F:ED:ED,-85, WPA ,0.000000,0.000000,0.000,0.000,AP
2026-04-01 14:45:23,1900-01-00 00:00:00,0999-wombat,B8:27:EB:6F:ED:ED,-85, WPA ,0.000000,0.000000,0.000,0.000,AP
2026-04-01 14:45:23,1900-01-00 00:00:00,0999-wombat,B8:27:EB:6F:ED:ED,-85, WPA ,0.000000,0.000000,0.000,0.000,AP
2026-04-01 14:45:23,1900-01-00 00:00:00,0999-wombat,B8:27:EB:6F:ED:ED,-85, WPA ,0.000000,0.000000,0.000,0.000,AP
2026-04-01 14:45:23,1900-01-00 00:00:00,0999-wombat,B8:27:EB:6F:ED:ED,-39, WPA ,0.000000,0.000000,0.000,0.000,AP
2026-04-01 14:45:23,1900-01-00 00:00:00,0999-wombat,B8:27:EB:6F:ED:ED,-39, WPA ,0.000000,0.000000,0.000,0.000,AP
2026-04-01 14:45:23,1900-01-00 00:00:00,0999-wombat,B8:27:EB:6F:ED:ED,-39, WPA ,0.000000,0.000000,0.000,0.000,AP
2026-04-01 14:45:23,1900-01-00 00:00:00,0999-wombat,B8:27:EB:6F:ED:ED,-39, WPA ,0.000000,0.000000,0.000,0.000,AP
2026-04-01 14:45:23,1900-01-00 00:00:00,0999-wombat,B8:27:EB:6F:ED:ED,-66, WPA ,0.000000,0.000000,0.000,0.000,AP
2026-04-01 14:45:23,1900-01-00 00:00:00,0999-wombat,B8:27:EB:6F:ED:ED,-66, WPA ,0.000000,0.000000,0.000,0.000,AP
2026-04-01 14:45:23,1900-01-00 00:00:00,0999-wombat,B8:27:EB:6F:ED:ED,-66, WPA ,0.000000,0.000000,0.000,0.000,AP
2026-04-01 14:45:23,1900-01-00 00:00:00,0999-wombat,B8:27:EB:6F:ED:ED,-66, WPA ,0.000000,0.000000,0.000,0.000,AP
2026-04-01 14:45:23,1900-01-00 00:00:00,0999-wombat,B8:27:EB:6F:ED:ED,-66, WPA ,0.000000,0.000000,0.000,0.000,AP
2026-04-01 14:45:23,1900-01-00 00:00:00,0999-wombat,B8:27:EB:6F:ED:ED,-66, WPA ,0.000000,0.000000,0.000,0.000,AP
2026-04-01 14:45:23,1900-01-00 00:00:00,0999-wombat,B8:27:EB:6F:ED:ED,-66, WPA ,0.000000,0.000000,0.000,0.000,AP
2026-04-01 14:45:23,1900-01-00 00:00:00,0999-wombat,B8:27:EB:6F:ED:ED,-66, WPA ,0.000000,0.000000,0.000,0.000,AP
2026-04-01 14:45:23,1900-01-00 00:00:00,0999-wombat,B8:27:EB:6F:ED:ED,-66, WPA ,0.000000,0.000000,0.000,0.000,AP
2026-04-01 14:45:23,1900-01-00 00:00:00,0999-wombat,B8:27:EB:6F:ED:ED,-66, WPA ,0.000000,0.000000,0.000,0.000,AP
2026-04-01 14:45:23,1900-01-00 00:00:00,0999-wombat,B8:27:EB:6F:ED:ED,-66, WPA ,0.000000,0.000000,0.000,0.000,AP
2026-04-01 14:45:23,1900-01-00 00:00:00,0999-wombat,B8:27:EB:6F:ED:ED,-66, WPA ,0.000000,0.000000,0.000,0.000,AP
2026-04-01 14:45:23,1900-01-00 00:00:00,0999-wombat,B8:27:EB:6F:ED:ED,-66, WPA ,0.000000,0.000000,0.000,0.000,AP
2026-04-01 14:45:23,1900-01-00 00:00:00,0999-wombat,B8:27:EB:6F:ED:ED,-66, WPA ,0.000000,0.000000,0.000,0.000,AP
2026-04-01 14:45:23,1900-01-00 00:00:00,0999-wombat,B8:27:EB:6F:ED:ED,-66, WPA ,0.000000,0.000000,0.000,0.000,AP
2026-04-01 14:45:23,1900-01-00 00:00:00,0999-wombat,B8:27:EB:6F:ED:ED,-66, WPA ,0.000000,0.000000,0.000,0.000,AP
2026-04-01 14:45:23,1900-01-00 00:00:00,0999-wombat,B8:27:EB:6F:ED:ED,-66, WPA ,0.000000,0.000000,0.000,0.000,AP
2026-04-01 14:45:23,1900-01-00 00:00:00,0999-wombat,B8:27:EB:6F:ED:ED,-66, WPA ,0.000000,0.000000,0.000,0.000,AP
2026-04-01 14:45:23,1900-01-00 00:00:00,0999-wombat,B8:27:EB:6F:ED:ED,-66, WPA ,0.000000,0.000000,0.000,0.000,AP
2026-04-01 14:45:23,1900-01-00 00:00:00,0999-wombat,B8:27:EB:6F:ED:ED,-66, WPA ,0.000000,0.000000,0.000,0.000,AP
2026-04-01 14:45:23,1900-01-00 00:00:00,0999-wombat,B8:27:EB:6F:ED:ED,-66, WPA ,0.000000,0.000000,0.000,0.000,AP
2026-04-01 14:45:23,1900-01-00 00:00:00,0999-wombat,B8:27:EB:6F:ED:ED,-66, WPA ,0.000000,0.000000,0.000,0.000,AP
2026-04-01 14:45:23,1900-01-00 00:00:00,0999-wombat,B8:27:EB:6F:ED:ED,-61, WPA ,0.000000,0.000000,0.000,0.000,AP
2026-04-01 14:45:23,1900-01-00 00:00:00,0999-wombat,B8:27:EB:6F:ED:ED,-61, WPA ,0.000000,0.000000,0.000,0.000,AP
2026-04-01 14:45:23,1900-01-00 00:00:00,0999-wombat,B8:27:EB:6F:ED:ED,-61, WPA ,0.000000,0.000000,0.000,0.000,AP
2026-04-01 14:45:23,1900-01-00 00:00:00,0999-wombat,B8:27:EB:6F:ED:ED,-61, WPA ,0.000000,0.000000,0.000,0.000,AP
2026-04-01 14:45:23,1900-01-00 00:00:00,0999-wombat,B8:27:EB:6F:ED:ED,-58, WPA ,0.000000,0.000000,0.000,0.000,AP
2026-04-01 14:45:23,1900-01-00 00:00:00,0999-wombat,B8:27:EB:6F:ED:ED,-58, WPA ,0.000000,0.000000,0.000,0.000,AP
2026-04-01 14:45:23,1900-01-00 00:00:00,0999-wombat,B8:27:EB:6F:ED:ED,-58, WPA ,0.000000,0.000000,0.000,0.000,AP
2026-04-01 14:45:23,1900-01-00 00:00:00,0999-wombat,B8:27:EB:6F:ED:ED,-58, WPA ,0.000000,0.000000,0.000,0.000,AP
2026-04-01 14:45:23,1900-01-00 00:00:00,0999-wombat,B8:27:EB:6F:ED:ED,-58, WPA ,0.000000,0.000000,0.000,0.000,AP
2026-04-01 14:45:23,1900-01-00 00:00:00,0999-wombat,B8:27:EB:6F:ED:ED,-58, WPA ,0.000000,0.000000,0.000,0.000,AP
2026-04-01 14:45:23,1900-01-00 00:00:00,0999-wombat,B8:27:EB:6F:ED:ED,-58, WPA ,0.000000,0.000000,0.000,0.000,AP
2026-04-01 14:45:23,1900-01-00 00:00:00,0999-wombat,B8:27:EB:6F:ED:ED,-58, WPA ,0.000000,0.000000,0.000,0.000,AP
2026-04-01 14:45:23,1900-01-00 00:00:00,0999-wombat,B8:27:EB:6F:ED:ED,-58, WPA ,0.000000,0.000000,0.000,0.000,AP
2026-04-01 14:45:23,1900-01-00 00:00:00,0999-wombat,B8:27:EB:6F:ED:ED,-58, WPA ,0.000000,0.000000,0.000,0.000,AP
2026-04-01 14:45:23,1900-01-00 00:00:00,0999-wombat,B8:27:EB:6F:ED:ED,-58, WPA ,0.000000,0.000000,0.000,0.000,AP
2026-04-01 14:45:23,1900-01-00 00:00:00,0999-wombat,B8:27:EB:6F:ED:ED,-58, WPA ,0.000000,0.000000,0.000,0.000,AP
2026-04-01 14:45:23,1900-01-00 00:00:00,0999-wombat,B8:27:EB:6F:ED:ED,-58, WPA ,0.000000,0.000000,0.000,0.000,AP
2026-04-01 14:45:23,1900-01-00 00:00:00,0999-wombat,B8:27:EB:6F:ED:ED,-58, WPA ,0.000000,0.000000,0.000,0.000,AP
2026-04-01 14:45:23,1900-01-00 00:00:00,0999-wombat,B8:27:EB:6F:ED:ED,-58, WPA ,0.000000,0.000000,0.000,0.000,AP
2026-04-01 14:45:23,1900-01-00 00:00:00,0999-wombat,B8:27:EB:6F:ED:ED,-58, WPA ,0.000000,0.000000,0.000,0.000,AP
2026-04-01 14:45:23,1900-01-00 00:00:00,0999-wombat,B8:27:EB:6F:ED:ED,-58, WPA ,0.000000,0.000000,0.000,0.000,AP
2026-04-01 14:45:23,1900-01-00 00:00:00,0999-wombat,B8:27:EB:6F:ED:ED,-58, WPA ,0.000000,0.000000,0.000,0.000,AP
2026-04-01 14:45:23,1900-01-00 00:00:00,0999-wombat,B8:27:EB:6F:ED:ED,-67, WPA ,0.000000,0.000000,0.000,0.000,AP
2026-04-01 14:45:23,1900-01-00 00:00:00,0999-wombat,B8:27:EB:6F:ED:ED,-67, WPA ,0.000000,0.000000,0.000,0.000,AP
2026-04-01 14:45:23,1900-01-00 00:00:00,0999-wombat,B8:27:EB:6F:ED:ED,-67, WPA ,0.000000,0.000000,0.000,0.000,AP
2026-04-01 14:45:23,1900-01-00 00:00:00,0999-wombat,B8:27:EB:6F:ED:ED,-67, WPA ,0.000000,0.000000,0.000,0.000,AP
2026-04-01 14:45:23,1900-01-00 00:00:00,0999-wombat,B8:27:EB:6F:ED:ED,-66, WPA ,0.000000,0.000000,0.000,0.000,AP
2026-04-01 14:45:23,1900-01-00 00:00:00,0999-wombat,B8:27:EB:6F:ED:ED,-66, WPA ,0.000000,0.000000,0.000,0.000,AP
2026-04-01 14:45:23,1900-01-00 00:00:00,0999-wombat,B8:27:EB:6F:ED:ED,-66, WPA ,0.000000,0.000000,0.000,0.000,AP
2026-04-01 14:45:23,1900-01-00 00:00:00,0999-wombat,B8:27:EB:6F:ED:ED,-75, WPA ,0.000000,0.000000,0.000,0.000,AP
2026-04-01 14:45:23,1900-01-00 00:00:00,0999-wombat,B8:27:EB:6F:ED:ED,-75, WPA ,0.000000,0.000000,0.000,0.000,AP
2026-04-01 14:45:23,1900-01-00 00:00:00,0999-wombat,B8:27:EB:6F:ED:ED,-75, WPA ,0.000000,0.000000,0.000,0.000,AP
2026-04-01 14:45:23,1900-01-00 00:00:00,0999-wombat,B8:27:EB:6F:ED:ED,-75, WPA ,0.000000,0.000000,0.000,0.000,AP
2026-04-01 14:45:23,1900-01-00 00:00:00,0999-wombat,B8:27:EB:6F:ED:ED,-75, WPA ,0.000000,0.000000,0.000,0.000,AP
2026-04-01 14:45:23,1900-01-00 00:00:00,0999-wombat,B8:27:EB:6F:ED:ED,-75, WPA ,0.000000,0.000000,0.000,0.000,AP
2026-04-01 14:45:23,1900-01-00 00:00:00,0999-wombat,B8:27:EB:6F:ED:ED,-75, WPA ,0.000000,0.000000,0.000,0.000,AP
2026-04-01 14:45:23,1900-01-00 00:00:00,0999-wombat,B8:27:EB:6F:ED:ED,-75, WPA ,0.000000,0.000000,0.000,0.000,AP
2026-04-01 14:45:23,1900-01-00 00:00:00,0999-wombat,B8:27:EB:6F:ED:ED,-75, WPA ,0.000000,0.000000,0.000,0.000,AP
2026-04-01 14:45:23,1900-01-00 00:00:00,0999-wombat,B8:27:EB:6F:ED:ED,-75, WPA ,0.000000,0.000000,0.000,0.000,AP
2026-04-01 14:45:23,1900-01-00 00:00:00,0999-wombat,B8:27:EB:6F:ED:ED,-75, WPA ,0.000000,0.000000,0.000,0.000,AP
2026-04-01 14:45:23,1900-01-00 00:00:00,0999-wombat,B8:27:EB:6F:ED:ED,-75, WPA ,0.000000,0.000000,0.000,0.000,AP
2026-04-01 14:45:23,1900-01-00 00:00:00,0999-wombat,B8:27:EB:6F:ED:ED,-75, WPA ,0.000000,0.000000,0.000,0.000,AP
2026-04-01 14:45:23,1900-01-00 00:00:00,0999-wombat,B8:27:EB:6F:ED:ED,-75, WPA ,0.000000,0.000000,0.000,0.000,AP
2026-04-01 14:45:23,1900-01-00 00:00:00,0999-wombat,B8:27:EB:6F:ED:ED,-75, WPA ,0.000000,0.000000,0.000,0.000,AP
2026-04-01 14:45:23,1900-01-00 00:00:00,0999-wombat,B8:27:EB:6F:ED:ED,-75, WPA ,0.000000,0.000000,0.000,0.000,AP
2026-04-01 14:45:23,1900-01-00 00:00:00,0999-wombat,B8:27:EB:6F:ED:ED,-75, WPA ,0.000000,0.000000,0.000,0.000,AP
2026-04-01 14:45:23,1900-01-00 00:00:00,0999-wombat,B8:27:EB:6F:ED:ED,-75, WPA ,0.000000,0.000000,0.000,0.000,AP
2026-04-01 14:45:23,1900-01-00 00:00:00,0999-wombat,B8:27:EB:6F:ED:ED,-75, WPA ,0.000000,0.000000,0.000,0.000,AP
2026-04-01 14:45:23,1900-01-00 00:00:00,0999-wombat,B8:27:EB:6F:ED:ED,-75, WPA ,0.000000,0.000000,0.000,0.000,AP
2026-04-01 14:45:23,1900-01-00 00:00:00,0999-wombat,B8:27:EB:6F:ED:ED,-75, WPA ,0.000000,0.000000,0.000,0.000,AP
2026-04-01 14:45:23,1900-01-00 00:00:00,0999-wombat,B8:27:EB:6F:ED:ED,-75, WPA ,0.000000,0.000000,0.000,0.000,AP
2026-04-01 14:45:23,1900-01-00 00:00:00,0999-wombat,B8:27:EB:6F:ED:ED,-75, WPA ,0.000000,0.000000,0.000,0.000,AP
2026-04-01 14:45:23,1900-01-00 00:00:00,0999-wombat,B8:27:EB:6F:ED:ED,-75, WPA ,0.000000,0.000000,0.000,0.000,AP
2026-04-01 14:45:23,1900-01-00 00:00:00,0999-wombat,B8:27:EB:6F:ED:ED,-75, WPA ,0.000000,0.000000,0.000,0.000,AP
2026-04-01 14:45:23,1900-01-00 00:00:00,0999-wombat,B8:27:EB:6F:ED:ED,-75, WPA ,0.000000,0.000000,0.000,0.000,AP
2026-04-01 14:45:23,1900-01-00 00:00:00,0999-wombat,B8:27:EB:6F:ED:ED,-75, WPA ,0.000000,0.000000,0.000,0.000,AP
2026-04-01 14:45:23,1900-01-00 00:00:00,0999-wombat,B8:27:EB:6F:ED:ED,-75, WPA ,0.000000,0.000000,0.000,0.000,AP
2026-04-01 14:45:23,1900-01-00 00:00:00,0999-wombat,B8:27:EB:6F:ED:ED,-75, WPA ,0.000000,0.000000,0.000,0.000,AP
2026-04-01 14:45:23,1900-01-00 00:00:00,0999-wombat,B8:27:EB:6F:ED:ED,-75, WPA ,0.000000,0.000000,0.000,0.000,AP
2026-04-01 14:45:23,1900-01-00 00:00:00,0999-wombat,B8:27:EB:6F:ED:ED,-75, WPA ,0.000000,0.000000,0.000,0.000,AP
2026-04-01 14:45:23,1900-01-00 00:00:00,0999-wombat,B8:27:EB:6F:ED:ED,-75, WPA ,0.000000,0.000000,0.000,0.000,AP
2026-04-01 14:45:23,1900-01-00 00:00:00,0999-wombat,B8:27:EB:6F:ED:ED,-75, WPA ,0.000000,0.000000,0.000,0.000,AP
2026-04-01 14:45:23,1900-01-00 00:00:00,0999-wombat,B8:27:EB:6F:ED:ED,-75, WPA ,0.000000,0.000000,0.000,0.000,AP
2026-04-01 14:45:23,1900-01-00 00:00:00,0999-wombat,B8:27:EB:6F:ED:ED,-75, WPA ,0.000000,0.000000,0.000,0.000,AP
2026-04-01 14:45:23,1900-01-00 00:00:00,0999-wombat,B8:27:EB:6F:ED:ED,-75, WPA ,0.000000,0.000000,0.000,0.000,AP
2026-04-01 14:45:23,1900-01-00 00:00:00,0999-wombat,B8:27:EB:6F:ED:ED,-75, WPA ,0.000000,0.000000,0.000,0.000,AP
2026-04-01 14:45:23,1900-01-00 00:00:00,0999-wombat,B8:27:EB:6F:ED:ED,-75, WPA ,0.000000,0.000000,0.000,0.000,AP
2026-04-01 14:45:23,1900-01-00 00:00:00,0999-wombat,B8:27:EB:6F:ED:ED,-75, WPA ,0.000000,0.000000,0.000,0.000,AP
2026-04-01 14:45:23,1900-01-00 00:00:00,0999-wombat,B8:27:EB:6F:ED:ED,-75, WPA ,0.000000,0.000000,0.000,0.000,AP
2026-04-01 14:45:23,1900-01-00 00:00:00,0999-wombat,B8:27:EB:6F:ED:ED,-75, WPA ,0.000000,0.000000,0.000,0.000,AP
2026-04-01 14:45:23,1900-01-00 00:00:00,0999-wombat,B8:27:EB:6F:ED:ED,-75, WPA ,0.000000,0.000000,0.000,0.000,AP
2026-04-01 14:45:23,1900-01-00 00:00:00,0999-wombat,B8:27:EB:6F:ED:ED,-75, WPA ,0.000000,0.000000,0.000,0.000,AP
2026-04-01 14:45:23,1900-01-00 00:00:00,0999-wombat,B8:27:EB:6F:ED:ED,-75, WPA ,0.000000,0.000000,0.000,0.000,AP
2026-04-01 14:45:23,1900-01-00 00:00:00,0999-wombat,B8:27:EB:6F:ED:ED,-39, WPA ,0.000000,0.000000,0.000,0.000,AP
2026-04-01 14:45:23,1900-01-00 00:00:00,0999-wombat,B8:27:EB:6F:ED:ED,-39, WPA ,0.000000,0.000000,0.000,0.000,AP
2026-04-01 14:45:23,1900-01-00 00:00:00,0999-wombat,B8:27:EB:6F:ED:ED,-39, WPA ,0.000000,0.000000,0.000,0.000,AP
2026-04-01 14:45:23,1900-01-00 00:00:00,0999-wombat,B8:27:EB:6F:ED:ED,-39, WPA ,0.000000,0.000000,0.000,0.000,AP
2026-04-01 14:45:23,1900-01-00 00:00:00,0999-wombat,B8:27:EB:6F:ED:ED,-39, WPA ,0.000000,0.000000,0.000,0.000,AP
2026-04-01 14:45:23,1900-01-00 00:00:00,0999-wombat,B8:27:EB:6F:ED:ED,-39, WPA ,0.000000,0.000000,0.000,0.000,AP
2026-04-01 14:45:23,1900-01-00 00:00:00,0999-wombat,B8:27:EB:6F:ED:ED,-39, WPA ,0.000000,0.000000,0.000,0.000,AP
2026-04-01 14:45:23,1900-01-00 00:00:00,0999-wombat,B8:27:EB:6F:ED:ED,-39, WPA ,0.000000,0.000000,0.000,0.000,AP
2026-04-01 14:45:23,1900-01-00 00:00:00,0999-wombat,B8:27:EB:6F:ED:ED,-39, WPA ,0.000000,0.000000,0.000,0.000,AP
2026-04-01 14:45:23,1900-01-00 00:00:00,0999-wombat,B8:27:EB:6F:ED:ED,-39, WPA ,0.000000,0.000000,0.000,0.000,AP
2026-04-01 14:45:23,1900-01-00 00:00:00,0999-wombat,B8:27:EB:6F:ED:ED,-41, WPA ,0.000000,0.000000,0.000,0.000,AP
2026-04-01 14:45:23,1900-01-00 00:00:00,0999-wombat,B8:27:EB:6F:ED:ED,-77, WPA ,0.000000,0.000000,0.000,0.000,AP
2026-04-01 14:45:23,1900-01-00 00:00:00,0999-wombat,B8:27:EB:6F:ED:ED,-77, WPA ,0.000000,0.000000,0.000,0.000,AP
2026-04-01 14:45:23,1900-01-00 00:00:00,0999-wombat,B8:27:EB:6F:ED:ED,-77, WPA ,0.000000,0.000000,0.000,0.000,AP
2026-04-01 14:45:23,1900-01-00 00:00:00,0999-wombat,B8:27:EB:6F:ED:ED,-77, WPA ,0.000000,0.000000,0.000,0.000,AP
2026-04-01 14:45:23,1900-01-00 00:00:00,0999-wombat,B8:27:EB:6F:ED:ED,-77, WPA ,0.000000,0.000000,0.000,0.000,AP
2026-04-01 14:45:23,1900-01-00 00:00:00,0999-wombat,B8:27:EB:6F:ED:ED,-77, WPA ,0.000000,0.000000,0.000,0.000,AP
2026-04-01 14:45:23,1900-01-00 00:00:00,0999-wombat,B8:27:EB:6F:ED:ED,-77, WPA ,0.000000,0.000000,0.000,0.000,AP
2026-04-01 14:45:23,1900-01-00 00:00:00,0999-wombat,B8:27:EB:6F:ED:ED,-77, WPA ,0.000000,0.000000,0.000,0.000,AP
2026-04-01 14:45:23,1900-01-00 00:00:00,0999-wombat,B8:27:EB:6F:ED:ED,-77, WPA ,0.000000,0.000000,0.000,0.000,AP
2026-04-01 14:45:23,1900-01-00 00:00:00,0999-wombat,B8:27:EB:6F:ED:ED,-77, WPA ,0.000000,0.000000,0.000,0.000,AP
2026-04-01 14:45:23,1900-01-00 00:00:00,0999-wombat,B8:27:EB:6F:ED:ED,-77, WPA ,0.000000,0.000000,0.000,0.000,AP
2026-04-01 14:45:23,1900-01-00 00:00:00,0999-wombat,B8:27:EB:6F:ED:ED,-77, WPA ,0.000000,0.000000,0.000,0.000,AP
2026-04-01 14:45:23,1900-01-00 00:00:00,0999-wombat,B8:27:EB:6F:ED:ED,-77, WPA ,0.000000,0.000000,0.000,0.000,AP
2026-04-01 14:45:23,1900-01-00 00:00:00,0999-wombat,B8:27:EB:6F:ED:ED,-77, WPA ,0.000000,0.000000,0.000,0.000,AP
2026-04-01 14:45:23,1900-01-00 00:00:00,0999-wombat,B8:27:EB:6F:ED:ED,-77, WPA ,0.000000,0.000000,0.000,0.000,AP
2026-04-01 14:45:23,1900-01-00 00:00:00,0999-wombat,B8:27:EB:6F:ED:ED,-39, WPA ,0.000000,0.000000,0.000,0.000,AP
2026-04-01 14:45:23,1900-01-00 00:00:00,0999-wombat,B8:27:EB:6F:ED:ED,-39, WPA ,0.000000,0.000000,0.000,0.000,AP
2026-04-01 14:45:23,1900-01-00 00:00:00,0999-wombat,B8:27:EB:6F:ED:ED,-39, WPA ,0.000000,0.000000,0.000,0.000,AP
2026-04-01 14:45:23,1900-01-00 00:00:00,0999-wombat,B8:27:EB:6F:ED:ED,-39, WPA ,0.000000,0.000000,0.000,0.000,AP
2026-04-01 14:45:23,1900-01-00 00:00:00,0999-wombat,B8:27:EB:6F:ED:ED,-39, WPA ,0.000000,0.000000,0.000,0.000,AP
2026-04-01 14:45:23,1900-01-00 00:00:00,0999-wombat,B8:27:EB:6F:ED:ED,-39, WPA ,0.000000,0.000000,0.000,0.000,AP
2026-04-01 14:45:23,1900-01-00 00:00:00,0999-wombat,B8:27:EB:6F:ED:ED,-39, WPA ,0.000000,0.000000,0.000,0.000,AP
2026-04-01 14:45:23,1900-01-00 00:00:00,0999-wombat,B8:27:EB:6F:ED:ED,-39, WPA ,0.000000,0.000000,0.000,0.000,AP
2026-04-01 14:45:23,1900-01-00 00:00:00,0999-wombat,B8:27:EB:6F:ED:ED,-39, WPA ,0.000000,0.000000,0.000,0.000,AP
2026-04-01 14:45:23,1900-01-00 00:00:00,0999-wombat,B8:27:EB:6F:ED:ED,-39, WPA ,0.000000,0.000000,0.000,0.000,AP
2026-04-01 14:45:23,1900-01-00 00:00:00,0999-wombat,B8:27:EB:6F:ED:ED,-39, WPA ,0.000000,0.000000,0.000,0.000,AP
2026-04-01 14:45:23,1900-01-00 00:00:00,0999-wombat,B8:27:EB:6F:ED:ED,-39, WPA ,0.000000,0.000000,0.000,0.000,AP
2026-04-01 14:45:23,1900-01-00 00:00:00,0999-wombat,B8:27:EB:6F:ED:ED,-39, WPA ,0.000000,0.000000,0.000,0.000,AP
2026-04-01 14:45:23,1900-01-00 00:00:00,0999-wombat,B8:27:EB:6F:ED:ED,-39, WPA ,0.000000,0.000000,0.000,0.000,AP
2026-04-01 14:45:23,1900-01-00 00:00:00,0999-wombat,B8:27:EB:6F:ED:ED,-39, WPA ,0.000000,0.000000,0.000,0.000,AP
2026-04-01 14:45:23,1900-01-00 00:00:00,0999-wombat,B8:27:EB:6F:ED:ED,-39, WPA ,0.000000,0.000000,0.000,0.000,AP
2026-04-01 14:45:23,1900-01-00 00:00:00,0999-wombat,B8:27:EB:6F:ED:ED,-39, WPA ,0.000000,0.000000,0.000,0.000,AP
2026-04-01 14:45:23,1900-01-00 00:00:00,0999-wombat,B8:27:EB:6F:ED:ED,-39, WPA ,0.000000,0.000000,0.000,0.000,AP
2026-04-01 14:45:23,1900-01-00 00:00:00,0999-wombat,B8:27:EB:6F:ED:ED,-39, WPA ,0.000000,0.000000,0.000,0.000,AP
2026-04-01 14:45:23,1900-01-00 00:00:00,0999-wombat,B8:27:EB:6F:ED:ED,-39, WPA ,0.000000,0.000000,0.000,0.000,AP
2026-04-01 14:45:23,1900-01-00 00:00:00,0999-wombat,B8:27:EB:6F:ED:ED,-39, WPA ,0.000000,0.000000,0.000,0.000,AP
2026-04-01 14:45:23,1900-01-00 00:00:00,0999-wombat,B8:27:EB:6F:ED:ED,-39, WPA ,0.000000,0.000000,0.000,0.000,AP
2026-04-01 14:45:23,1900-01-00 00:00:00,0999-wombat,B8:27:EB:6F:ED:ED,-39, WPA ,0.000000,0.000000,0.000,0.000,AP
2026-04-01 14:45:23,1900-01-00 00:00:00,0999-wombat,B8:27:EB:6F:ED:ED,-39, WPA ,0.000000,0.000000,0.000,0.000,AP
2026-04-01 14:45:23,1900-01-00 00:00:00,0999-wombat,B8:27:EB:6F:ED:ED,-39, WPA ,0.000000,0.000000,0.000,0.000,AP
2026-04-01 14:45:23,1900-01-00 00:00:00,0999-wombat,B8:27:EB:6F:ED:ED,-39, WPA ,0.000000,0.000000,0.000,0.000,AP
2026-04-01 14:45:23,1900-01-00 00:00:00,0999-wombat,B8:27:EB:6F:ED:ED,-39, WPA ,0.000000,0.000000,0.000,0.000,AP
2026-04-01 14:45:23,1900-01-00 00:00:00,0999-wombat,B8:27:EB:6F:ED:ED,-39, WPA ,0.000000,0.000000,0.000,0.000,AP
2026-04-01 14:45:23,1900-01-00 00:00:00,0999-wombat,B8:27:EB:6F:ED:ED,-39, WPA ,0.000000,0.000000,0.000,0.000,AP
2026-04-01 14:45:23,1900-01-00 00:00:00,0999-wombat,B8:27:EB:6F:ED:ED,-39, WPA ,0.000000,0.000000,0.000,0.000,AP
2026-04-01 14:45:23,1900-01-00 00:00:00,0999-wombat,B8:27:EB:6F:ED:ED,-39, WPA ,0.000000,0.000000,0.000,0.000,AP
2026-04-01 14:45:23,1900-01-00 00:00:00,0999-wombat,B8:27:EB:6F:ED:ED,-39, WPA ,0.000000,0.000000,0.000,0.000,AP
2026-04-01 14:45:23,1900-01-00 00:00:00,0999-wombat,B8:27:EB:6F:ED:ED,-39, WPA ,0.000000,0.000000,0.000,0.000,AP
2026-04-01 14:45:23,1900-01-00 00:00:00,0999-wombat,B8:27:EB:6F:ED:ED,-65, WPA ,0.000000,0.000000,0.000,0.000,AP
2026-04-01 14:45:23,1900-01-00 00:00:00,0999-wombat,B8:27:EB:6F:ED:ED,-65, WPA ,0.000000,0.000000,0.000,0.000,AP
2026-04-01 14:45:23,1900-01-00 00:00:00,0999-wombat,B8:27:EB:6F:ED:ED,-65, WPA ,0.000000,0.000000,0.000,0.000,AP
2026-04-01 14:45:23,1900-01-00 00:00:00,0999-wombat,B8:27:EB:6F:ED:ED,-65, WPA ,0.000000,0.000000,0.000,0.000,AP
2026-04-01 14:45:23,1900-01-00 00:00:00,0999-wombat,B8:27:EB:6F:ED:ED,-65, WPA ,0.000000,0.000000,0.000,0.000,AP
2026-04-01 14:45:23,1900-01-00 00:00:00,0999-wombat,B8:27:EB:6F:ED:ED,-65, WPA ,0.000000,0.000000,0.000,0.000,AP
2026-04-01 14:45:23,1900-01-00 00:00:00,0999-wombat,B8:27:EB:6F:ED:ED,-65, WPA ,0.000000,0.000000,0.000,0.000,AP
2026-04-01 14:45:23,1900-01-00 00:00:00,0999-wombat,B8:27:EB:6F:ED:ED,-65, WPA ,0.000000,0.000000,0.000,0.000,AP
2026-04-01 14:45:23,1900-01-00 00:00:00,0999-wombat,B8:27:EB:6F:ED:ED,-65, WPA ,0.000000,0.000000,0.000,0.000,AP
2026-04-01 14:45:23,1900-01-00 00:00:00,0999-wombat,B8:27:EB:6F:ED:ED,-65, WPA ,0.000000,0.000000,0.000,0.000,AP
2026-04-01 14:45:23,1900-01-00 00:00:00,0999-wombat,B8:27:EB:6F:ED:ED,-65, WPA ,0.000000,0.000000,0.000,0.000,AP
2026-04-01 14:45:23,1900-01-00 00:00:00,0999-wombat,B8:27:EB:6F:ED:ED,-65, WPA ,0.000000,0.000000,0.000,0.000,AP
2026-04-01 14:45:23,1900-01-00 00:00:00,0999-wombat,B8:27:EB:6F:ED:ED,-65, WPA ,0.000000,0.000000,0.000,0.000,AP
2026-04-01 14:45:23,1900-01-00 00:00:00,0999-wombat,B8:27:EB:6F:ED:ED,-65, WPA ,0.000000,0.000000,0.000,0.000,AP
2026-04-01 14:45:23,1900-01-00 00:00:00,0999-wombat,B8:27:EB:6F:ED:ED,-65, WPA ,0.000000,0.000000,0.000,0.000,AP
2026-04-01 14:45:23,1900-01-00 00:00:00,0999-wombat,B8:27:EB:6F:ED:ED,-65, WPA ,0.000000,0.000000,0.000,0.000,AP
2026-04-01 14:45:23,1900-01-00 00:00:00,0999-wombat,B8:27:EB:6F:ED:ED,-65, WPA ,0.000000,0.000000,0.000,0.000,AP
2026-04-01 14:45:23,1900-01-00 00:00:00,0999-wombat,B8:27:EB:6F:ED:ED,-65, WPA ,0.000000,0.000000,0.000,0.000,AP
2026-04-01 14:45:23,1900-01-00 00:00:00,0999-wombat,B8:27:EB:6F:ED:ED,-65, WPA ,0.000000,0.000000,0.000,0.000,AP
2026-04-01 14:45:23,1900-01-00 00:00:00,0999-wombat,B8:27:EB:6F:ED:ED,-65, WPA ,0.000000,0.000000,0.000,0.000,AP
2026-04-01 14:45:23,1900-01-00 00:00:00,0999-wombat,B8:27:EB:6F:ED:ED,-65, WPA ,0.000000,0.000000,0.000,0.000,AP
2026-04-01 14:45:23,1900-01-00 00:00:00,0999-wombat,B8:27:EB:6F:ED:ED,-77, WPA ,0.000000,0.000000,0.000,0.000,AP
2026-04-01 14:45:23,1900-01-00 00:00:00,0999-wombat,B8:27:EB:6F:ED:ED,-77, WPA ,0.000000,0.000000,0.000,0.000,AP
2026-04-01 14:45:23,1900-01-00 00:00:00,0999-wombat,B8:27:EB:6F:ED:ED,-62, WPA ,0.000000,0.000000,0.000,0.000,AP
2026-04-01 14:45:23,1900-01-00 00:00:00,0999-wombat,B8:27:EB:6F:ED:ED,-62, WPA ,0.000000,0.000000,0.000,0.000,AP
2026-04-01 14:45:23,1900-01-00 00:00:00,0999-wombat,B8:27:EB:6F:ED:ED,-62, WPA ,0.000000,0.000000,0.000,0.000,AP
2026-04-01 14:45:23,1900-01-00 00:00:00,0999-wombat,B8:27:EB:6F:ED:ED,-62, WPA ,0.000000,0.000000,0.000,0.000,AP
2026-04-01 14:45:23,1900-01-00 00:00:00,0999-wombat,B8:27:EB:6F:ED:ED,-57, WPA ,0.000000,0.000000,0.000,0.000,AP
2026-04-01 14:45:23,1900-01-00 00:00:00,0999-wombat,B8:27:EB:6F:ED:ED,-57, WPA ,0.000000,0.000000,0.000,0.000,AP
2026-04-01 14:45:23,1900-01-00 00:00:00,0999-wombat,B8:27:EB:6F:ED:ED,-57, WPA ,0.000000,0.000000,0.000,0.000,AP
2026-04-01 14:45:23,1900-01-00 00:00:00,0999-wombat,B8:27:EB:6F:ED:ED,-57, WPA ,0.000000,0.000000,0.000,0.000,AP
2026-04-01 14:45:23,1900-01-00 00:00:00,0999-wombat,B8:27:EB:6F:ED:ED,-57, WPA ,0.000000,0.000000,0.000,0.000,AP
2026-04-01 14:45:23,1900-01-00 00:00:00,0999-wombat,B8:27:EB:6F:ED:ED,-57, WPA ,0.000000,0.000000,0.000,0.000,AP
2026-04-01 14:45:23,1900-01-00 00:00:00,0999-wombat,B8:27:EB:6F:ED:ED,-57, WPA ,0.000000,0.000000,0.000,0.000,AP
2026-04-01 14:45:23,1900-01-00 00:00:00,0999-wombat,B8:27:EB:6F:ED:ED,-57, WPA ,0.000000,0.000000,0.000,0.000,AP
2026-04-01 14:45:23,1900-01-00 00:00:00,0999-wombat,B8:27:EB:6F:ED:ED,-57, WPA ,0.000000,0.000000,0.000,0.000,AP
2026-04-01 14:45:23,1900-01-00 00:00:00,0999-wombat,B8:27:EB:6F:ED:ED,-57, WPA ,0.000000,0.000000,0.000,0.000,AP
2026-04-01 14:45:24,1900-01-00 00:00:00,0999-wombat,B8:27:EB:6F:ED:ED,-57, WPA ,0.000000,0.000000,0.000,0.000,AP
2026-04-01 14:45:24,1900-01-00 00:00:00,0999-wombat,B8:27:EB:6F:ED:ED,-57, WPA ,0.000000,0.000000,0.000,0.000,AP
2026-04-01 14:45:24,1900-01-00 00:00:00,0999-wombat,B8:27:EB:6F:ED:ED,-57, WPA ,0.000000,0.000000,0.000,0.000,AP
2026-04-01 14:45:24,1900-01-00 00:00:00,0999-wombat,B8:27:EB:6F:ED:ED,-57, WPA ,0.000000,0.000000,0.000,0.000,AP
2026-04-01 14:45:24,1900-01-00 00:00:00,0999-wombat,B8:27:EB:6F:ED:ED,-57, WPA ,0.000000,0.000000,0.000,0.000,AP
2026-04-01 14:45:24,1900-01-00 00:00:00,0999-wombat,B8:27:EB:6F:ED:ED,-57, WPA ,0.000000,0.000000,0.000,0.000,AP
2026-04-01 14:45:24,1900-01-00 00:00:00,0999-wombat,B8:27:EB:6F:ED:ED,-57, WPA ,0.000000,0.000000,0.000,0.000,AP
2026-04-01 14:45:24,1900-01-00 00:00:00,0999-wombat,B8:27:EB:6F:ED:ED,-57, WPA ,0.000000,0.000000,0.000,0.000,AP
2026-04-01 14:45:24,1900-01-00 00:00:00,0999-wombat,B8:27:EB:6F:ED:ED,-57, WPA ,0.000000,0.000000,0.000,0.000,AP
2026-04-01 14:45:24,1900-01-00 00:00:00,0999-wombat,B8:27:EB:6F:ED:ED,-57, WPA ,0.000000,0.000000,0.000,0.000,AP
2026-04-01 14:45:24,1900-01-00 00:00:00,0999-wombat,B8:27:EB:6F:ED:ED,-57, WPA ,0.000000,0.000000,0.000,0.000,AP
2026-04-01 14:45:24,1900-01-00 00:00:00,0999-wombat,B8:27:EB:6F:ED:ED,-57, WPA ,0.000000,0.000000,0.000,0.000,AP
2026-04-01 14:45:24,1900-01-00 00:00:00,0999-wombat,B8:27:EB:6F:ED:ED,-57, WPA ,0.000000,0.000000,0.000,0.000,AP
2026-04-01 14:45:24,1900-01-00 00:00:00,0999-wombat,B8:27:EB:6F:ED:ED,-57, WPA ,0.000000,0.000000,0.000,0.000,AP
2026-04-01 14:45:24,1900-01-00 00:00:00,0999-wombat,B8:27:EB:6F:ED:ED,-57, WPA ,0.000000,0.000000,0.000,0.000,AP
2026-04-01 14:45:24,1900-01-00 00:00:00,0999-wombat,B8:27:EB:6F:ED:ED,-57, WPA ,0.000000,0.000000,0.000,0.000,AP
2026-04-01 14:45:24,1900-01-00 00:00:00,0999-wombat,B8:27:EB:6F:ED:ED,-57, WPA ,0.000000,0.000000,0.000,0.000,AP
2026-04-01 14:45:24,1900-01-00 00:00:00,0999-wombat,B8:27:EB:6F:ED:ED,-57, WPA ,0.000000,0.000000,0.000,0.000,AP
2026-04-01 14:45:24,1900-01-00 00:00:00,0999-wombat,B8:27:EB:6F:ED:ED,-57, WPA ,0.000000,0.000000,0.000,0.000,AP
2026-04-01 14:45:24,1900-01-00 00:00:00,0999-wombat,B8:27:EB:6F:ED:ED,-57, WPA ,0.000000,0.000000,0.000,0.000,AP
2026-04-01 14:45:24,1900-01-00 00:00:00,0999-wombat,B8:27:EB:6F:ED:ED,-57, WPA ,0.000000,0.000000,0.000,0.000,AP
2026-04-01 14:45:24,1900-01-00 00:00:00,0999-wombat,B8:27:EB:6F:ED:ED,-57, WPA ,0.000000,0.000000,0.000,0.000,AP
2026-04-01 14:45:24,1900-01-00 00:00:00,0999-wombat,B8:27:EB:6F:ED:ED,-57, WPA ,0.000000,0.000000,0.000,0.000,AP
2026-04-01 14:45:24,1900-01-00 00:00:00,0999-wombat,B8:27:EB:6F:ED:ED,-57, WPA ,0.000000,0.000000,0.000,0.000,AP
2026-04-01 14:45:24,1900-01-00 00:00:00,0999-wombat,B8:27:EB:6F:ED:ED,-57, WPA ,0.000000,0.000000,0.000,0.000,AP
2026-04-01 14:45:24,1900-01-00 00:00:00,0999-wombat,B8:27:EB:6F:ED:ED,-57, WPA ,0.000000,0.000000,0.000,0.000,AP
2026-04-01 14:45:24,1900-01-00 00:00:00,0999-wombat,B8:27:EB:6F:ED:ED,-57, WPA ,0.000000,0.000000,0.000,0.000,AP
2026-04-01 14:45:24,1900-01-00 00:00:00,0999-wombat,B8:27:EB:6F:ED:ED,-57, WPA ,0.000000,0.000000,0.000,0.000,AP
2026-04-01 14:45:24,1900-01-00 00:00:00,0999-wombat,B8:27:EB:6F:ED:ED,-57, WPA ,0.000000,0.000000,0.000,0.000,AP
2026-04-01 14:45:24,1900-01-00 00:00:00,0999-wombat,B8:27:EB:6F:ED:ED,-38, WPA ,0.000000,0.000000,0.000,0.000,AP
2026-04-01 14:45:24,1900-01-00 00:00:00,0999-wombat,B8:27:EB:6F:ED:ED,-38, WPA ,0.000000,0.000000,0.000,0.000,AP
2026-04-01 14:45:24,1900-01-00 00:00:00,0999-wombat,B8:27:EB:6F:ED:ED,-38, WPA ,0.000000,0.000000,0.000,0.000,AP
2026-04-01 14:45:24,1900-01-00 00:00:00,0999-wombat,B8:27:EB:6F:ED:ED,-38, WPA ,0.000000,0.000000,0.000,0.000,AP
2026-04-01 14:45:24,1900-01-00 00:00:00,0999-wombat,B8:27:EB:6F:ED:ED,-38, WPA ,0.000000,0.000000,0.000,0.000,AP
2026-04-01 14:45:24,1900-01-00 00:00:00,0999-wombat,B8:27:EB:6F:ED:ED,-38, WPA ,0.000000,0.000000,0.000,0.000,AP
2026-04-01 14:45:24,1900-01-00 00:00:00,0999-wombat,B8:27:EB:6F:ED:ED,-38, WPA ,0.000000,0.000000,0.000,0.000,AP
2026-04-01 14:45:24,1900-01-00 00:00:00,0999-wombat,B8:27:EB:6F:ED:ED,-38, WPA ,0.000000,0.000000,0.000,0.000,AP
2026-04-01 14:45:24,1900-01-00 00:00:00,0999-wombat,B8:27:EB:6F:ED:ED,-38, WPA ,0.000000,0.000000,0.000,0.000,AP
2026-04-01 14:45:24,1900-01-00 00:00:00,0999-wombat,B8:27:EB:6F:ED:ED,-38, WPA ,0.000000,0.000000,0.000,0.000,AP
2026-04-01 14:45:24,1900-01-00 00:00:00,0999-wombat,B8:27:EB:6F:ED:ED,-38, WPA ,0.000000,0.000000,0.000,0.000,AP
2026-04-01 14:45:24,1900-01-00 00:00:00,0999-wombat,B8:27:EB:6F:ED:ED,-38, WPA ,0.000000,0.000000,0.000,0.000,AP
2026-04-01 14:45:24,1900-01-00 00:00:00,0999-wombat,B8:27:EB:6F:ED:ED,-38, WPA ,0.000000,0.000000,0.000,0.000,AP
2026-04-01 14:45:24,1900-01-00 00:00:00,0999-wombat,B8:27:EB:6F:ED:ED,-38, WPA ,0.000000,0.000000,0.000,0.000,AP
2026-04-01 14:45:24,1900-01-00 00:00:00,0999-wombat,B8:27:EB:6F:ED:ED,-38, WPA ,0.000000,0.000000,0.000,0.000,AP
2026-04-01 14:45:24,1900-01-00 00:00:00,0999-wombat,B8:27:EB:6F:ED:ED,-38, WPA ,0.000000,0.000000,0.000,0.000,AP
2026-04-01 14:45:24,1900-01-00 00:00:00,0999-wombat,B8:27:EB:6F:ED:ED,-38, WPA ,0.000000,0.000000,0.000,0.000,AP
2026-04-01 14:45:24,1900-01-00 00:00:00,0999-wombat,B8:27:EB:6F:ED:ED,-38, WPA ,0.000000,0.000000,0.000,0.000,AP
2026-04-01 14:45:24,1900-01-00 00:00:00,0999-wombat,B8:27:EB:6F:ED:ED,-38, WPA ,0.000000,0.000000,0.000,0.000,AP
2026-04-01 14:45:24,1900-01-00 00:00:00,0999-wombat,B8:27:EB:6F:ED:ED,-38, WPA ,0.000000,0.000000,0.000,0.000,AP
2026-04-01 14:45:24,1900-01-00 00:00:00,0999-wombat,B8:27:EB:6F:ED:ED,-38, WPA ,0.000000,0.000000,0.000,0.000,AP
2026-04-01 14:45:24,1900-01-00 00:00:00,0999-wombat,B8:27:EB:6F:ED:ED,-38, WPA ,0.000000,0.000000,0.000,0.000,AP
2026-04-01 14:45:24,1900-01-00 00:00:00,0999-wombat,B8:27:EB:6F:ED:ED,-38, WPA ,0.000000,0.000000,0.000,0.000,AP
2026-04-01 14:45:24,1900-01-00 00:00:00,0999-wombat,B8:27:EB:6F:ED:ED,-38, WPA ,0.000000,0.000000,0.000,0.000,AP
2026-04-01 14:45:24,1900-01-00 00:00:00,0999-wombat,B8:27:EB:6F:ED:ED,-38, WPA ,0.000000,0.000000,0.000,0.000,AP
2026-04-01 14:45:24,1900-01-00 00:00:00,0999-wombat,B8:27:EB:6F:ED:ED,-38, WPA ,0.000000,0.000000,0.000,0.000,AP
2026-04-01 14:45:24,1900-01-00 00:00:00,0999-wombat,B8:27:EB:6F:ED:ED,-38, WPA ,0.000000,0.000000,0.000,0.000,AP
2026-04-01 14:45:24,1900-01-00 00:00:00,0999-wombat,B8:27:EB:6F:ED:ED,-38, WPA ,0.000000,0.000000,0.000,0.000,AP
2026-04-01 14:45:24,1900-01-00 00:00:00,0999-wombat,B8:27:EB:6F:ED:ED,-38, WPA ,0.000000,0.000000,0.000,0.000,AP
2026-04-01 14:45:24,1900-01-00 00:00:00,0999-wombat,B8:27:EB:6F:ED:ED,-38, WPA ,0.000000,0.000000,0.000,0.000,AP
2026-04-01 14:45:24,1900-01-00 00:00:00,0999-wombat,B8:27:EB:6F:ED:ED,-38, WPA ,0.000000,0.000000,0.000,0.000,AP
2026-04-01 14:45:24,1900-01-00 00:00:00,0999-wombat,B8:27:EB:6F:ED:ED,-38, WPA ,0.000000,0.000000,0.000,0.000,AP
2026-04-01 14:45:24,1900-01-00 00:00:00,0999-wombat,B8:27:EB:6F:ED:ED,-38, WPA ,0.000000,0.000000,0.000,0.000,AP
2026-04-01 14:45:24,1900-01-00 00:00:00,0999-wombat,B8:27:EB:6F:ED:ED,-38, WPA ,0.000000,0.000000,0.000,0.000,AP
2026-04-01 14:45:24,1900-01-00 00:00:00,0999-wombat,B8:27:EB:6F:ED:ED,-38, WPA ,0.000000,0.000000,0.000,0.000,AP
2026-04-01 14:45:24,1900-01-00 00:00:00,0999-wombat,B8:27:EB:6F:ED:ED,-38, WPA ,0.000000,0.000000,0.000,0.000,AP
2026-04-01 14:45:24,1900-01-00 00:00:00,0999-wombat,B8:27:EB:6F:ED:ED,-38, WPA ,0.000000,0.000000,0.000,0.000,AP
2026-04-01 14:45:24,1900-01-00 00:00:00,0999-wombat,B8:27:EB:6F:ED:ED,-38, WPA ,0.000000,0.000000,0.000,0.000,AP
2026-04-01 14:45:24,1900-01-00 00:00:00,0999-wombat,B8:27:EB:6F:ED:ED,-38, WPA ,0.000000,0.000000,0.000,0.000,AP
2026-04-01 14:45:24,1900-01-00 00:00:00,0999-wombat,B8:27:EB:6F:ED:ED,-38, WPA ,0.000000,0.000000,0.000,0.000,AP
2026-04-01 14:45:24,1900-01-00 00:00:00,0999-wombat,B8:27:EB:6F:ED:ED,-38, WPA ,0.000000,0.000000,0.000,0.000,AP
2026-04-01 14:45:24,1900-01-00 00:00:00,0999-wombat,B8:27:EB:6F:ED:ED,-38, WPA ,0.000000,0.000000,0.000,0.000,AP
2026-04-01 14:45:24,1900-01-00 00:00:00,0999-wombat,B8:27:EB:6F:ED:ED,-38, WPA ,0.000000,0.000000,0.000,0.000,AP
2026-04-01 14:45:24,1900-01-00 00:00:00,0999-wombat,B8:27:EB:6F:ED:ED,-38, WPA ,0.000000,0.000000,0.000,0.000,AP
2026-04-01 14:45:24,1900-01-00 00:00:00,0999-wombat,B8:27:EB:6F:ED:ED,-66, WPA ,0.000000,0.000000,0.000,0.000,AP
2026-04-01 14:45:24,1900-01-00 00:00:00,0999-wombat,B8:27:EB:6F:ED:ED,-66, WPA ,0.000000,0.000000,0.000,0.000,AP
2026-04-01 14:45:24,1900-01-00 00:00:00,0999-wombat,B8:27:EB:6F:ED:ED,-66, WPA ,0.000000,0.000000,0.000,0.000,AP
2026-04-01 14:45:24,1900-01-00 00:00:00,0999-wombat,B8:27:EB:6F:ED:ED,-66, WPA ,0.000000,0.000000,0.000,0.000,AP
2026-04-01 14:45:24,1900-01-00 00:00:00,0999-wombat,B8:27:EB:6F:ED:ED,-67, WPA ,0.000000,0.000000,0.000,0.000,AP
2026-04-01 14:45:24,1900-01-00 00:00:00,0999-wombat,B8:27:EB:6F:ED:ED,-67, WPA ,0.000000,0.000000,0.000,0.000,AP
2026-04-01 14:45:24,1900-01-00 00:00:00,0999-wombat,B8:27:EB:6F:ED:ED,-67, WPA ,0.000000,0.000000,0.000,0.000,AP
2026-04-01 14:45:24,1900-01-00 00:00:00,0999-wombat,B8:27:EB:6F:ED:ED,-67, WPA ,0.000000,0.000000,0.000,0.000,AP
2026-04-01 14:45:24,1900-01-00 00:00:00,0999-wombat,B8:27:EB:6F:ED:ED,-67, WPA ,0.000000,0.000000,0.000,0.000,AP
2026-04-01 14:45:24,1900-01-00 00:00:00,0999-wombat,B8:27:EB:6F:ED:ED,-67, WPA ,0.000000,0.000000,0.000,0.000,AP
2026-04-01 14:45:24,1900-01-00 00:00:00,0999-wombat,B8:27:EB:6F:ED:ED,-78, WPA ,0.000000,0.000000,0.000,0.000,AP
2026-04-01 14:45:24,1900-01-00 00:00:00,0999-wombat,B8:27:EB:6F:ED:ED,-78, WPA ,0.000000,0.000000,0.000,0.000,AP
2026-04-01 14:45:24,1900-01-00 00:00:00,0999-wombat,B8:27:EB:6F:ED:ED,-78, WPA ,0.000000,0.000000,0.000,0.000,AP
2026-04-01 14:45:24,1900-01-00 00:00:00,0999-wombat,B8:27:EB:6F:ED:ED,-78, WPA ,0.000000,0.000000,0.000,0.000,AP
2026-04-01 14:45:24,1900-01-00 00:00:00,0999-wombat,B8:27:EB:6F:ED:ED,-37, WPA ,0.000000,0.000000,0.000,0.000,AP
2026-04-01 14:45:24,1900-01-00 00:00:00,0999-wombat,B8:27:EB:6F:ED:ED,-37, WPA ,0.000000,0.000000,0.000,0.000,AP
2026-04-01 14:45:24,1900-01-00 00:00:00,0999-wombat,B8:27:EB:6F:ED:ED,-37, WPA ,0.000000,0.000000,0.000,0.000,AP
2026-04-01 14:45:24,1900-01-00 00:00:00,0999-wombat,B8:27:EB:6F:ED:ED,-37, WPA ,0.000000,0.000000,0.000,0.000,AP
2026-04-01 14:45:24,1900-01-00 00:00:00,0999-wombat,B8:27:EB:6F:ED:ED,-37, WPA ,0.000000,0.000000,0.000,0.000,AP
2026-04-01 14:45:24,1900-01-00 00:00:00,0999-wombat,B8:27:EB:6F:ED:ED,-37, WPA ,0.000000,0.000000,0.000,0.000,AP
2026-04-01 14:45:24,1900-01-00 00:00:00,0999-wombat,B8:27:EB:6F:ED:ED,-37, WPA ,0.000000,0.000000,0.000,0.000,AP
2026-04-01 14:45:24,1900-01-00 00:00:00,0999-wombat,B8:27:EB:6F:ED:ED,-37, WPA ,0.000000,0.000000,0.000,0.000,AP
2026-04-01 14:45:24,1900-01-00 00:00:00,0999-wombat,B8:27:EB:6F:ED:ED,-69, WPA ,0.000000,0.000000,0.000,0.000,AP
2026-04-01 14:45:24,1900-01-00 00:00:00,0999-wombat,B8:27:EB:6F:ED:ED,-69, WPA ,0.000000,0.000000,0.000,0.000,AP
2026-04-01 14:45:24,1900-01-00 00:00:00,0999-wombat,B8:27:EB:6F:ED:ED,-69, WPA ,0.000000,0.000000,0.000,0.000,AP
2026-04-01 14:45:24,1900-01-00 00:00:00,0999-wombat,B8:27:EB:6F:ED:ED,-66, WPA ,0.000000,0.000000,0.000,0.000,AP
2026-04-01 14:45:24,1900-01-00 00:00:00,0999-wombat,B8:27:EB:6F:ED:ED,-66, WPA ,0.000000,0.000000,0.000,0.000,AP
2026-04-01 14:45:24,1900-01-00 00:00:00,0999-wombat,B8:27:EB:6F:ED:ED,-37, WPA ,0.000000,0.000000,0.000,0.000,AP
2026-04-01 14:45:24,1900-01-00 00:00:00,0999-wombat,B8:27:EB:6F:ED:ED,-67, WPA ,0.000000,0.000000,0.000,0.000,AP
2026-04-01 14:45:24,1900-01-00 00:00:00,0999-wombat,B8:27:EB:6F:ED:ED,-67, WPA ,0.000000,0.000000,0.000,0.000,AP
2026-04-01 14:45:24,1900-01-00 00:00:00,0999-wombat,B8:27:EB:6F:ED:ED,-67, WPA ,0.000000,0.000000,0.000,0.000,AP
2026-04-01 14:45:24,1900-01-00 00:00:00,0999-wombat,B8:27:EB:6F:ED:ED,-67, WPA ,0.000000,0.000000,0.000,0.000,AP
2026-04-01 14:45:24,1900-01-00 00:00:00,0999-wombat,B8:27:EB:6F:ED:ED,-67, WPA ,0.000000,0.000000,0.000,0.000,AP
2026-04-01 14:45:24,1900-01-00 00:00:00,0999-wombat,B8:27:EB:6F:ED:ED,-67, WPA ,0.000000,0.000000,0.000,0.000,AP
2026-04-01 14:45:24,1900-01-00 00:00:00,0999-wombat,B8:27:EB:6F:ED:ED,-67, WPA ,0.000000,0.000000,0.000,0.000,AP
2026-04-01 14:45:24,1900-01-00 00:00:00,0999-wombat,B8:27:EB:6F:ED:ED,-67, WPA ,0.000000,0.000000,0.000,0.000,AP
2026-04-01 14:45:24,1900-01-00 00:00:00,0999-wombat,B8:27:EB:6F:ED:ED,-67, WPA ,0.000000,0.000000,0.000,0.000,AP
2026-04-01 14:45:24,1900-01-00 00:00:00,0999-wombat,B8:27:EB:6F:ED:ED,-67, WPA ,0.000000,0.000000,0.000,0.000,AP
2026-04-01 14:45:24,1900-01-00 00:00:00,0999-wombat,B8:27:EB:6F:ED:ED,-67, WPA ,0.000000,0.000000,0.000,0.000,AP
2026-04-01 14:45:24,1900-01-00 00:00:00,0999-wombat,B8:27:EB:6F:ED:ED,-67, WPA ,0.000000,0.000000,0.000,0.000,AP
2026-04-01 14:45:24,1900-01-00 00:00:00,0999-wombat,B8:27:EB:6F:ED:ED,-67, WPA ,0.000000,0.000000,0.000,0.000,AP
2026-04-01 14:45:24,1900-01-00 00:00:00,0999-wombat,B8:27:EB:6F:ED:ED,-67, WPA ,0.000000,0.000000,0.000,0.000,AP
2026-04-01 14:45:24,1900-01-00 00:00:00,0999-wombat,B8:27:EB:6F:ED:ED,-67, WPA ,0.000000,0.000000,0.000,0.000,AP
2026-04-01 14:45:24,1900-01-00 00:00:00,0999-wombat,B8:27:EB:6F:ED:ED,-67, WPA ,0.000000,0.000000,0.000,0.000,AP
2026-04-01 14:45:24,1900-01-00 00:00:00,0999-wombat,B8:27:EB:6F:ED:ED,-67, WPA ,0.000000,0.000000,0.000,0.000,AP
2026-04-01 14:45:24,1900-01-00 00:00:00,0999-wombat,B8:27:EB:6F:ED:ED,-67, WPA ,0.000000,0.000000,0.000,0.000,AP
2026-04-01 14:45:24,1900-01-00 00:00:00,0999-wombat,B8:27:EB:6F:ED:ED,-67, WPA ,0.000000,0.000000,0.000,0.000,AP
2026-04-01 14:45:24,1900-01-00 00:00:00,0999-wombat,B8:27:EB:6F:ED:ED,-67, WPA ,0.000000,0.000000,0.000,0.000,AP
2026-04-01 14:45:24,1900-01-00 00:00:00,0999-wombat,B8:27:EB:6F:ED:ED,-67, WPA ,0.000000,0.000000,0.000,0.000,AP
2026-04-01 14:45:24,1900-01-00 00:00:00,0999-wombat,B8:27:EB:6F:ED:ED,-67, WPA ,0.000000,0.000000,0.000,0.000,AP
2026-04-01 14:45:24,1900-01-00 00:00:00,0999-wombat,B8:27:EB:6F:ED:ED,-67, WPA ,0.000000,0.000000,0.000,0.000,AP
2026-04-01 14:45:24,1900-01-00 00:00:00,0999-wombat,B8:27:EB:6F:ED:ED,-67, WPA ,0.000000,0.000000,0.000,0.000,AP
2026-04-01 14:45:24,1900-01-00 00:00:00,0999-wombat,B8:27:EB:6F:ED:ED,-67, WPA ,0.000000,0.000000,0.000,0.000,AP
2026-04-01 14:45:24,1900-01-00 00:00:00,0999-wombat,B8:27:EB:6F:ED:ED,-67, WPA ,0.000000,0.000000,0.000,0.000,AP
2026-04-01 14:45:24,1900-01-00 00:00:00,0999-wombat,B8:27:EB:6F:ED:ED,-67, WPA ,0.000000,0.000000,0.000,0.000,AP
2026-04-01 14:45:24,1900-01-00 00:00:00,0999-wombat,B8:27:EB:6F:ED:ED,-67, WPA ,0.000000,0.000000,0.000,0.000,AP
2026-04-01 14:45:24,1900-01-00 00:00:00,0999-wombat,B8:27:EB:6F:ED:ED,-67, WPA ,0.000000,0.000000,0.000,0.000,AP
2026-04-01 14:45:24,1900-01-00 00:00:00,0999-wombat,B8:27:EB:6F:ED:ED,-36, WPA ,0.000000,0.000000,0.000,0.000,AP
2026-04-01 14:45:24,1900-01-00 00:00:00,0999-wombat,B8:27:EB:6F:ED:ED,-36, WPA ,0.000000,0.000000,0.000,0.000,AP
2026-04-01 14:45:24,1900-01-00 00:00:00,0999-wombat,B8:27:EB:6F:ED:ED,-36, WPA ,0.000000,0.000000,0.000,0.000,AP
2026-04-01 14:45:24,1900-01-00 00:00:00,0999-wombat,B8:27:EB:6F:ED:ED,-36, WPA ,0.000000,0.000000,0.000,0.000,AP
2026-04-01 14:45:24,1900-01-00 00:00:00,0999-wombat,B8:27:EB:6F:ED:ED,-36, WPA ,0.000000,0.000000,0.000,0.000,AP
2026-04-01 14:45:24,1900-01-00 00:00:00,0999-wombat,B8:27:EB:6F:ED:ED,-36, WPA ,0.000000,0.000000,0.000,0.000,AP
2026-04-01 14:45:24,1900-01-00 00:00:00,0999-wombat,B8:27:EB:6F:ED:ED,-36, WPA ,0.000000,0.000000,0.000,0.000,AP
2026-04-01 14:45:24,1900-01-00 00:00:00,0999-wombat,B8:27:EB:6F:ED:ED,-36, WPA ,0.000000,0.000000,0.000,0.000,AP
2026-04-01 14:45:24,1900-01-00 00:00:00,0999-wombat,B8:27:EB:6F:ED:ED,-36, WPA ,0.000000,0.000000,0.000,0.000,AP
2026-04-01 14:45:24,1900-01-00 00:00:00,0999-wombat,B8:27:EB:6F:ED:ED,-36, WPA ,0.000000,0.000000,0.000,0.000,AP
2026-04-01 14:45:24,1900-01-00 00:00:00,0999-wombat,B8:27:EB:6F:ED:ED,-36, WPA ,0.000000,0.000000,0.000,0.000,AP
2026-04-01 14:45:24,1900-01-00 00:00:00,0999-wombat,B8:27:EB:6F:ED:ED,-36, WPA ,0.000000,0.000000,0.000,0.000,AP
2026-04-01 14:45:24,1900-01-00 00:00:00,0999-wombat,B8:27:EB:6F:ED:ED,-36, WPA ,0.000000,0.000000,0.000,0.000,AP
2026-04-01 14:45:24,1900-01-00 00:00:00,0999-wombat,B8:27:EB:6F:ED:ED,-36, WPA ,0.000000,0.000000,0.000,0.000,AP
2026-04-01 14:45:24,1900-01-00 00:00:00,0999-wombat,B8:27:EB:6F:ED:ED,-36, WPA ,0.000000,0.000000,0.000,0.000,AP
2026-04-01 14:45:24,1900-01-00 00:00:00,0999-wombat,B8:27:EB:6F:ED:ED,-36, WPA ,0.000000,0.000000,0.000,0.000,AP
2026-04-01 14:45:24,1900-01-00 00:00:00,0999-wombat,B8:27:EB:6F:ED:ED,-36, WPA ,0.000000,0.000000,0.000,0.000,AP
2026-04-01 14:45:24,1900-01-00 00:00:00,0999-wombat,B8:27:EB:6F:ED:ED,-36, WPA ,0.000000,0.000000,0.000,0.000,AP
2026-04-01 14:45:24,1900-01-00 00:00:00,0999-wombat,B8:27:EB:6F:ED:ED,-36, WPA ,0.000000,0.000000,0.000,0.000,AP
2026-04-01 14:45:24,1900-01-00 00:00:00,0999-wombat,B8:27:EB:6F:ED:ED,-36, WPA ,0.000000,0.000000,0.000,0.000,AP
2026-04-01 14:45:24,1900-01-00 00:00:00,0999-wombat,B8:27:EB:6F:ED:ED,-37, WPA ,0.000000,0.000000,0.000,0.000,AP
2026-04-01 14:45:24,1900-01-00 00:00:00,0999-wombat,B8:27:EB:6F:ED:ED,-58, WPA ,0.000000,0.000000,0.000,0.000,AP
2026-04-01 14:45:24,1900-01-00 00:00:00,0999-wombat,B8:27:EB:6F:ED:ED,-38, WPA ,0.000000,0.000000,0.000,0.000,AP
2026-04-01 14:45:24,1900-01-00 00:00:00,0999-wombat,B8:27:EB:6F:ED:ED,-64, WPA ,0.000000,0.000000,0.000,0.000,AP
2026-04-01 14:45:24,1900-01-00 00:00:00,0999-wombat,B8:27:EB:6F:ED:ED,-64, WPA ,0.000000,0.000000,0.000,0.000,AP
2026-04-01 14:45:24,1900-01-00 00:00:00,0999-wombat,B8:27:EB:6F:ED:ED,-64, WPA ,0.000000,0.000000,0.000,0.000,AP
2026-04-01 14:45:24,1900-01-00 00:00:00,0999-wombat,B8:27:EB:6F:ED:ED,-64, WPA ,0.000000,0.000000,0.000,0.000,AP
2026-04-01 14:45:24,1900-01-00 00:00:00,0999-wombat,B8:27:EB:6F:ED:ED,-64, WPA ,0.000000,0.000000,0.000,0.000,AP
2026-04-01 14:45:24,1900-01-00 00:00:00,0999-wombat,B8:27:EB:6F:ED:ED,-64, WPA ,0.000000,0.000000,0.000,0.000,AP
2026-04-01 14:45:24,1900-01-00 00:00:00,0999-wombat,B8:27:EB:6F:ED:ED,-64, WPA ,0.000000,0.000000,0.000,0.000,AP
2026-04-01 14:45:24,1900-01-00 00:00:00,0999-wombat,B8:27:EB:6F:ED:ED,-63, WPA ,0.000000,0.000000,0.000,0.000,AP
2026-04-01 14:45:24,1900-01-00 00:00:00,0999-wombat,B8:27:EB:6F:ED:ED,-63, WPA ,0.000000,0.000000,0.000,0.000,AP
2026-04-01 14:45:24,1900-01-00 00:00:00,0999-wombat,B8:27:EB:6F:ED:ED,-63, WPA ,0.000000,0.000000,0.000,0.000,AP
2026-04-01 14:45:24,1900-01-00 00:00:00,0999-wombat,B8:27:EB:6F:ED:ED,-64, WPA ,0.000000,0.000000,0.000,0.000,AP
2026-04-01 14:45:24,1900-01-00 00:00:00,0999-wombat,B8:27:EB:6F:ED:ED,-64, WPA ,0.000000,0.000000,0.000,0.000,AP
2026-04-01 14:45:24,1900-01-00 00:00:00,0999-wombat,B8:27:EB:6F:ED:ED,-64, WPA ,0.000000,0.000000,0.000,0.000,AP
2026-04-01 14:45:24,1900-01-00 00:00:00,0999-wombat,B8:27:EB:6F:ED:ED,-64, WPA ,0.000000,0.000000,0.000,0.000,AP
2026-04-01 14:45:24,1900-01-00 00:00:00,0999-wombat,B8:27:EB:6F:ED:ED,-64, WPA ,0.000000,0.000000,0.000,0.000,AP
2026-04-01 14:45:24,1900-01-00 00:00:00,0999-wombat,B8:27:EB:6F:ED:ED,-37, WPA ,0.000000,0.000000,0.000,0.000,AP
2026-04-01 14:45:24,1900-01-00 00:00:00,0999-wombat,B8:27:EB:6F:ED:ED,-63, WPA ,0.000000,0.000000,0.000,0.000,AP
2026-04-01 14:45:24,1900-01-00 00:00:00,0999-wombat,B8:27:EB:6F:ED:ED,-63, WPA ,0.000000,0.000000,0.000,0.000,AP
2026-04-01 14:45:24,1900-01-00 00:00:00,0999-wombat,B8:27:EB:6F:ED:ED,-63, WPA ,0.000000,0.000000,0.000,0.000,AP
2026-04-01 14:45:24,1900-01-00 00:00:00,0999-wombat,B8:27:EB:6F:ED:ED,-63, WPA ,0.000000,0.000000,0.000,0.000,AP
2026-04-01 14:45:24,1900-01-00 00:00:00,0999-wombat,B8:27:EB:6F:ED:ED,-63, WPA ,0.000000,0.000000,0.000,0.000,AP
2026-04-01 14:45:24,1900-01-00 00:00:00,0999-wombat,B8:27:EB:6F:ED:ED,-63, WPA ,0.000000,0.000000,0.000,0.000,AP
2026-04-01 14:45:24,1900-01-00 00:00:00,0999-wombat,B8:27:EB:6F:ED:ED,-63, WPA ,0.000000,0.000000,0.000,0.000,AP
2026-04-01 14:45:24,1900-01-00 00:00:00,0999-wombat,B8:27:EB:6F:ED:ED,-63, WPA ,0.000000,0.000000,0.000,0.000,AP
2026-04-01 14:45:24,1900-01-00 00:00:00,0999-wombat,B8:27:EB:6F:ED:ED,-63, WPA ,0.000000,0.000000,0.000,0.000,AP
2026-04-01 14:45:24,1900-01-00 00:00:00,0999-wombat,B8:27:EB:6F:ED:ED,-63, WPA ,0.000000,0.000000,0.000,0.000,AP
2026-04-01 14:45:24,1900-01-00 00:00:00,0999-wombat,B8:27:EB:6F:ED:ED,-39, WPA ,0.000000,0.000000,0.000,0.000,AP
2026-04-01 14:45:24,1900-01-00 00:00:00,0999-wombat,B8:27:EB:6F:ED:ED,-39, WPA ,0.000000,0.000000,0.000,0.000,AP
2026-04-01 14:45:24,1900-01-00 00:00:00,0999-wombat,B8:27:EB:6F:ED:ED,-39, WPA ,0.000000,0.000000,0.000,0.000,AP
2026-04-01 14:45:24,1900-01-00 00:00:00,0999-wombat,B8:27:EB:6F:ED:ED,-39, WPA ,0.000000,0.000000,0.000,0.000,AP
2026-04-01 14:45:24,1900-01-00 00:00:00,0999-wombat,B8:27:EB:6F:ED:ED,-39, WPA ,0.000000,0.000000,0.000,0.000,AP
2026-04-01 14:45:24,1900-01-00 00:00:00,0999-wombat,B8:27:EB:6F:ED:ED,-39, WPA ,0.000000,0.000000,0.000,0.000,AP
2026-04-01 14:45:24,1900-01-00 00:00:00,0999-wombat,B8:27:EB:6F:ED:ED,-39, WPA ,0.000000,0.000000,0.000,0.000,AP
2026-04-01 14:45:24,1900-01-00 00:00:00,0999-wombat,B8:27:EB:6F:ED:ED,-39, WPA ,0.000000,0.000000,0.000,0.000,AP
2026-04-01 14:45:24,1900-01-00 00:00:00,0999-wombat,B8:27:EB:6F:ED:ED,-39, WPA ,0.000000,0.000000,0.000,0.000,AP
2026-04-01 14:45:24,1900-01-00 00:00:00,0999-wombat,B8:27:EB:6F:ED:ED,-39, WPA ,0.000000,0.000000,0.000,0.000,AP
2026-04-01 14:45:24,1900-01-00 00:00:00,0999-wombat,B8:27:EB:6F:ED:ED,-39, WPA ,0.000000,0.000000,0.000,0.000,AP
2026-04-01 14:45:24,1900-01-00 00:00:00,0999-wombat,B8:27:EB:6F:ED:ED,-39, WPA ,0.000000,0.000000,0.000,0.000,AP
2026-04-01 14:45:24,1900-01-00 00:00:00,0999-wombat,B8:27:EB:6F:ED:ED,-39, WPA ,0.000000,0.000000,0.000,0.000,AP
2026-04-01 14:45:24,1900-01-00 00:00:00,0999-wombat,B8:27:EB:6F:ED:ED,-39, WPA ,0.000000,0.000000,0.000,0.000,AP
2026-04-01 14:45:24,1900-01-00 00:00:00,0999-wombat,B8:27:EB:6F:ED:ED,-39, WPA ,0.000000,0.000000,0.000,0.000,AP
2026-04-01 14:45:24,1900-01-00 00:00:00,0999-wombat,B8:27:EB:6F:ED:ED,-39, WPA ,0.000000,0.000000,0.000,0.000,AP
2026-04-01 14:45:24,1900-01-00 00:00:00,0999-wombat,B8:27:EB:6F:ED:ED,-39, WPA ,0.000000,0.000000,0.000,0.000,AP
2026-04-01 14:45:24,1900-01-00 00:00:00,0999-wombat,B8:27:EB:6F:ED:ED,-39, WPA ,0.000000,0.000000,0.000,0.000,AP
2026-04-01 14:45:24,1900-01-00 00:00:00,0999-wombat,B8:27:EB:6F:ED:ED,-39, WPA ,0.000000,0.000000,0.000,0.000,AP
2026-04-01 14:45:24,1900-01-00 00:00:00,0999-wombat,B8:27:EB:6F:ED:ED,-39, WPA ,0.000000,0.000000,0.000,0.000,AP
2026-04-01 14:45:24,1900-01-00 00:00:00,0999-wombat,B8:27:EB:6F:ED:ED,-39, WPA ,0.000000,0.000000,0.000,0.000,AP
2026-04-01 14:45:24,1900-01-00 00:00:00,0999-wombat,B8:27:EB:6F:ED:ED,-39, WPA ,0.000000,0.000000,0.000,0.000,AP
2026-04-01 14:45:24,1900-01-00 00:00:00,0999-wombat,B8:27:EB:6F:ED:ED,-39, WPA ,0.000000,0.000000,0.000,0.000,AP
2026-04-01 14:45:24,1900-01-00 00:00:00,0999-wombat,B8:27:EB:6F:ED:ED,-39, WPA ,0.000000,0.000000,0.000,0.000,AP
2026-04-01 14:45:24,1900-01-00 00:00:00,0999-wombat,B8:27:EB:6F:ED:ED,-39, WPA ,0.000000,0.000000,0.000,0.000,AP
2026-04-01 14:45:24,1900-01-00 00:00:00,0999-wombat,B8:27:EB:6F:ED:ED,-39, WPA ,0.000000,0.000000,0.000,0.000,AP
2026-04-01 14:45:24,1900-01-00 00:00:00,0999-wombat,B8:27:EB:6F:ED:ED,-39, WPA ,0.000000,0.000000,0.000,0.000,AP
2026-04-01 14:45:24,1900-01-00 00:00:00,0999-wombat,B8:27:EB:6F:ED:ED,-39, WPA ,0.000000,0.000000,0.000,0.000,AP
2026-04-01 14:45:24,1900-01-00 00:00:00,0999-wombat,B8:27:EB:6F:ED:ED,-68, WPA ,0.000000,0.000000,0.000,0.000,AP
2026-04-01 14:45:24,1900-01-00 00:00:00,0999-wombat,B8:27:EB:6F:ED:ED,-68, WPA ,0.000000,0.000000,0.000,0.000,AP
2026-04-01 14:45:24,1900-01-00 00:00:00,0999-wombat,B8:27:EB:6F:ED:ED,-68, WPA ,0.000000,0.000000,0.000,0.000,AP
2026-04-01 14:45:24,1900-01-00 00:00:00,0999-wombat,B8:27:EB:6F:ED:ED,-68, WPA ,0.000000,0.000000,0.000,0.000,AP
2026-04-01 14:45:24,1900-01-00 00:00:00,0999-wombat,B8:27:EB:6F:ED:ED,-68, WPA ,0.000000,0.000000,0.000,0.000,AP
2026-04-01 14:45:24,1900-01-00 00:00:00,0999-wombat,B8:27:EB:6F:ED:ED,-68, WPA ,0.000000,0.000000,0.000,0.000,AP
2026-04-01 14:45:24,1900-01-00 00:00:00,0999-wombat,B8:27:EB:6F:ED:ED,-79, WPA ,0.000000,0.000000,0.000,0.000,AP
2026-04-01 14:45:24,1900-01-00 00:00:00,0999-wombat,B8:27:EB:6F:ED:ED,-79, WPA ,0.000000,0.000000,0.000,0.000,AP
2026-04-01 14:45:24,1900-01-00 00:00:00,0999-wombat,B8:27:EB:6F:ED:ED,-79, WPA ,0.000000,0.000000,0.000,0.000,AP
2026-04-01 14:45:24,1900-01-00 00:00:00,0999-wombat,B8:27:EB:6F:ED:ED,-79, WPA ,0.000000,0.000000,0.000,0.000,AP
2026-04-01 14:45:24,1900-01-00 00:00:00,0999-wombat,B8:27:EB:6F:ED:ED,-83, WPA ,0.000000,0.000000,0.000,0.000,AP
2026-04-01 14:45:24,1900-01-00 00:00:00,0999-wombat,B8:27:EB:6F:ED:ED,-83, WPA ,0.000000,0.000000,0.000,0.000,AP
2026-04-01 14:45:24,1900-01-00 00:00:00,0999-wombat,B8:27:EB:6F:ED:ED,-83, WPA ,0.000000,0.000000,0.000,0.000,AP
2026-04-01 14:45:24,1900-01-00 00:00:00,0999-wombat,B8:27:EB:6F:ED:ED,-83, WPA ,0.000000,0.000000,0.000,0.000,AP
2026-04-01 14:45:24,1900-01-00 00:00:00,0999-wombat,B8:27:EB:6F:ED:ED,-83, WPA ,0.000000,0.000000,0.000,0.000,AP
2026-04-01 14:45:24,1900-01-00 00:00:00,0999-wombat,B8:27:EB:6F:ED:ED,-83, WPA ,0.000000,0.000000,0.000,0.000,AP
2026-04-01 14:45:24,1900-01-00 00:00:00,0999-wombat,B8:27:EB:6F:ED:ED,-83, WPA ,0.000000,0.000000,0.000,0.000,AP
2026-04-01 14:45:24,1900-01-00 00:00:00,0999-wombat,B8:27:EB:6F:ED:ED,-83, WPA ,0.000000,0.000000,0.000,0.000,AP
2026-04-01 14:45:24,1900-01-00 00:00:00,0999-wombat,B8:27:EB:6F:ED:ED,-83, WPA ,0.000000,0.000000,0.000,0.000,AP
2026-04-01 14:45:24,1900-01-00 00:00:00,0999-wombat,B8:27:EB:6F:ED:ED,-83, WPA ,0.000000,0.000000,0.000,0.000,AP
2026-04-01 14:45:24,1900-01-00 00:00:00,0999-wombat,B8:27:EB:6F:ED:ED,-83, WPA ,0.000000,0.000000,0.000,0.000,AP
2026-04-01 14:45:24,1900-01-00 00:00:00,0999-wombat,B8:27:EB:6F:ED:ED,-83, WPA ,0.000000,0.000000,0.000,0.000,AP
2026-04-01 14:45:24,1900-01-00 00:00:00,0999-wombat,B8:27:EB:6F:ED:ED,-83, WPA ,0.000000,0.000000,0.000,0.000,AP
2026-04-01 14:45:24,1900-01-00 00:00:00,0999-wombat,B8:27:EB:6F:ED:ED,-83, WPA ,0.000000,0.000000,0.000,0.000,AP
2026-04-01 14:45:24,1900-01-00 00:00:00,0999-wombat,B8:27:EB:6F:ED:ED,-83, WPA ,0.000000,0.000000,0.000,0.000,AP
2026-04-01 14:45:24,1900-01-00 00:00:00,0999-wombat,B8:27:EB:6F:ED:ED,-83, WPA ,0.000000,0.000000,0.000,0.000,AP
2026-04-01 14:45:24,1900-01-00 00:00:00,0999-wombat,B8:27:EB:6F:ED:ED,-66, WPA ,0.000000,0.000000,0.000,0.000,AP
2026-04-01 14:45:24,1900-01-00 00:00:00,0999-wombat,B8:27:EB:6F:ED:ED,-66, WPA ,0.000000,0.000000,0.000,0.000,AP
2026-04-01 14:45:24,1900-01-00 00:00:00,0999-wombat,B8:27:EB:6F:ED:ED,-66, WPA ,0.000000,0.000000,0.000,0.000,AP
2026-04-01 14:45:24,1900-01-00 00:00:00,0999-wombat,B8:27:EB:6F:ED:ED,-66, WPA ,0.000000,0.000000,0.000,0.000,AP
2026-04-01 14:45:24,1900-01-00 00:00:00,0999-wombat,B8:27:EB:6F:ED:ED,-66, WPA ,0.000000,0.000000,0.000,0.000,AP
2026-04-01 14:45:24,1900-01-00 00:00:00,0999-wombat,B8:27:EB:6F:ED:ED,-66, WPA ,0.000000,0.000000,0.000,0.000,AP
2026-04-01 14:45:24,1900-01-00 00:00:00,0999-wombat,B8:27:EB:6F:ED:ED,-66, WPA ,0.000000,0.000000,0.000,0.000,AP
2026-04-01 14:45:24,1900-01-00 00:00:00,0999-wombat,B8:27:EB:6F:ED:ED,-66, WPA ,0.000000,0.000000,0.000,0.000,AP
2026-04-01 14:45:24,1900-01-00 00:00:00,0999-wombat,B8:27:EB:6F:ED:ED,-66, WPA ,0.000000,0.000000,0.000,0.000,AP
2026-04-01 14:45:24,1900-01-00 00:00:00,0999-wombat,B8:27:EB:6F:ED:ED,-66, WPA ,0.000000,0.000000,0.000,0.000,AP
2026-04-01 14:45:24,1900-01-00 00:00:00,0999-wombat,B8:27:EB:6F:ED:ED,-66, WPA ,0.000000,0.000000,0.000,0.000,AP
2026-04-01 14:45:24,1900-01-00 00:00:00,0999-wombat,B8:27:EB:6F:ED:ED,-66, WPA ,0.000000,0.000000,0.000,0.000,AP
2026-04-01 14:45:24,1900-01-00 00:00:00,0999-wombat,B8:27:EB:6F:ED:ED,-66, WPA ,0.000000,0.000000,0.000,0.000,AP
2026-04-01 14:45:24,1900-01-00 00:00:00,0999-wombat,B8:27:EB:6F:ED:ED,-66, WPA ,0.000000,0.000000,0.000,0.000,AP
2026-04-01 14:45:24,1900-01-00 00:00:00,0999-wombat,B8:27:EB:6F:ED:ED,-66, WPA ,0.000000,0.000000,0.000,0.000,AP
2026-04-01 14:45:24,1900-01-00 00:00:00,0999-wombat,B8:27:EB:6F:ED:ED,-66, WPA ,0.000000,0.000000,0.000,0.000,AP
2026-04-01 14:45:24,1900-01-00 00:00:00,0999-wombat,B8:27:EB:6F:ED:ED,-66, WPA ,0.000000,0.000000,0.000,0.000,AP
2026-04-01 14:45:24,1900-01-00 00:00:00,0999-wombat,B8:27:EB:6F:ED:ED,-66, WPA ,0.000000,0.000000,0.000,0.000,AP
2026-04-01 14:45:24,1900-01-00 00:00:00,0999-wombat,B8:27:EB:6F:ED:ED,-66, WPA ,0.000000,0.000000,0.000,0.000,AP
2026-04-01 14:45:24,1900-01-00 00:00:00,0999-wombat,B8:27:EB:6F:ED:ED,-66, WPA ,0.000000,0.000000,0.000,0.000,AP
2026-04-01 14:45:24,1900-01-00 00:00:00,0999-wombat,B8:27:EB:6F:ED:ED,-66, WPA ,0.000000,0.000000,0.000,0.000,AP
2026-04-01 14:45:24,1900-01-00 00:00:00,0999-wombat,B8:27:EB:6F:ED:ED,-66, WPA ,0.000000,0.000000,0.000,0.000,AP
2026-04-01 14:45:24,1900-01-00 00:00:00,0999-wombat,B8:27:EB:6F:ED:ED,-66, WPA ,0.000000,0.000000,0.000,0.000,AP
2026-04-01 14:45:24,1900-01-00 00:00:00,0999-wombat,B8:27:EB:6F:ED:ED,-66, WPA ,0.000000,0.000000,0.000,0.000,AP
2026-04-01 14:45:24,1900-01-00 00:00:00,0999-wombat,B8:27:EB:6F:ED:ED,-66, WPA ,0.000000,0.000000,0.000,0.000,AP
2026-04-01 14:45:24,1900-01-00 00:00:00,0999-wombat,B8:27:EB:6F:ED:ED,-38, WPA ,0.000000,0.000000,0.000,0.000,AP
2026-04-01 14:45:24,1900-01-00 00:00:00,0999-wombat,B8:27:EB:6F:ED:ED,-38, WPA ,0.000000,0.000000,0.000,0.000,AP
2026-04-01 14:45:24,1900-01-00 00:00:00,0999-wombat,B8:27:EB:6F:ED:ED,-38, WPA ,0.000000,0.000000,0.000,0.000,AP
2026-04-01 14:45:24,1900-01-00 00:00:00,0999-wombat,B8:27:EB:6F:ED:ED,-38, WPA ,0.000000,0.000000,0.000,0.000,AP
2026-04-01 14:45:24,1900-01-00 00:00:00,0999-wombat,B8:27:EB:6F:ED:ED,-38, WPA ,0.000000,0.000000,0.000,0.000,AP
2026-04-01 14:45:24,1900-01-00 00:00:00,0999-wombat,B8:27:EB:6F:ED:ED,-38, WPA ,0.000000,0.000000,0.000,0.000,AP
2026-04-01 14:45:24,1900-01-00 00:00:00,0999-wombat,B8:27:EB:6F:ED:ED,-38, WPA ,0.000000,0.000000,0.000,0.000,AP
2026-04-01 14:45:24,1900-01-00 00:00:00,0999-wombat,B8:27:EB:6F:ED:ED,-38, WPA ,0.000000,0.000000,0.000,0.000,AP
2026-04-01 14:45:24,1900-01-00 00:00:00,0999-wombat,B8:27:EB:6F:ED:ED,-38, WPA ,0.000000,0.000000,0.000,0.000,AP
2026-04-01 14:45:24,1900-01-00 00:00:00,0999-wombat,B8:27:EB:6F:ED:ED,-38, WPA ,0.000000,0.000000,0.000,0.000,AP
2026-04-01 14:45:24,1900-01-00 00:00:00,0999-wombat,B8:27:EB:6F:ED:ED,-38, WPA ,0.000000,0.000000,0.000,0.000,AP
2026-04-01 14:45:24,1900-01-00 00:00:00,0999-wombat,B8:27:EB:6F:ED:ED,-38, WPA ,0.000000,0.000000,0.000,0.000,AP
2026-04-01 14:45:24,1900-01-00 00:00:00,0999-wombat,B8:27:EB:6F:ED:ED,-38, WPA ,0.000000,0.000000,0.000,0.000,AP
2026-04-01 14:45:24,1900-01-00 00:00:00,0999-wombat,B8:27:EB:6F:ED:ED,-38, WPA ,0.000000,0.000000,0.000,0.000,AP
2026-04-01 14:45:24,1900-01-00 00:00:00,0999-wombat,B8:27:EB:6F:ED:ED,-38, WPA ,0.000000,0.000000,0.000,0.000,AP
2026-04-01 14:45:24,1900-01-00 00:00:00,0999-wombat,B8:27:EB:6F:ED:ED,-38, WPA ,0.000000,0.000000,0.000,0.000,AP
2026-04-01 14:45:24,1900-01-00 00:00:00,0999-wombat,B8:27:EB:6F:ED:ED,-38, WPA ,0.000000,0.000000,0.000,0.000,AP
2026-04-01 14:45:24,1900-01-00 00:00:00,0999-wombat,B8:27:EB:6F:ED:ED,-38, WPA ,0.000000,0.000000,0.000,0.000,AP
2026-04-01 14:45:24,1900-01-00 00:00:00,0999-wombat,B8:27:EB:6F:ED:ED,-38, WPA ,0.000000,0.000000,0.000,0.000,AP
2026-04-01 14:45:24,1900-01-00 00:00:00,0999-wombat,B8:27:EB:6F:ED:ED,-38, WPA ,0.000000,0.000000,0.000,0.000,AP
2026-04-01 14:45:24,1900-01-00 00:00:00,0999-wombat,B8:27:EB:6F:ED:ED,-38, WPA ,0.000000,0.000000,0.000,0.000,AP
2026-04-01 14:45:24,1900-01-00 00:00:00,0999-wombat,B8:27:EB:6F:ED:ED,-38, WPA ,0.000000,0.000000,0.000,0.000,AP
2026-04-01 14:45:24,1900-01-00 00:00:00,0999-wombat,B8:27:EB:6F:ED:ED,-38, WPA ,0.000000,0.000000,0.000,0.000,AP
2026-04-01 14:45:24,1900-01-00 00:00:00,0999-wombat,B8:27:EB:6F:ED:ED,-38, WPA ,0.000000,0.000000,0.000,0.000,AP
2026-04-01 14:45:24,1900-01-00 00:00:00,0999-wombat,B8:27:EB:6F:ED:ED,-38, WPA ,0.000000,0.000000,0.000,0.000,AP
2026-04-01 14:45:24,1900-01-00 00:00:00,0999-wombat,B8:27:EB:6F:ED:ED,-38, WPA ,0.000000,0.000000,0.000,0.000,AP
2026-04-01 14:45:24,1900-01-00 00:00:00,0999-wombat,B8:27:EB:6F:ED:ED,-38, WPA ,0.000000,0.000000,0.000,0.000,AP
2026-04-01 14:45:24,1900-01-00 00:00:00,0999-wombat,B8:27:EB:6F:ED:ED,-38, WPA ,0.000000,0.000000,0.000,0.000,AP
2026-04-01 14:45:24,1900-01-00 00:00:00,0999-wombat,B8:27:EB:6F:ED:ED,-38, WPA ,0.000000,0.000000,0.000,0.000,AP
2026-04-01 14:45:24,1900-01-00 00:00:00,0999-wombat,B8:27:EB:6F:ED:ED,-38, WPA ,0.000000,0.000000,0.000,0.000,AP
2026-04-01 14:45:24,1900-01-00 00:00:00,0999-wombat,B8:27:EB:6F:ED:ED,-38, WPA ,0.000000,0.000000,0.000,0.000,AP
2026-04-01 14:45:24,1900-01-00 00:00:00,0999-wombat,B8:27:EB:6F:ED:ED,-38, WPA ,0.000000,0.000000,0.000,0.000,AP
2026-04-01 14:45:24,1900-01-00 00:00:00,0999-wombat,B8:27:EB:6F:ED:ED,-38, WPA ,0.000000,0.000000,0.000,0.000,AP
2026-04-01 14:45:24,1900-01-00 00:00:00,0999-wombat,B8:27:EB:6F:ED:ED,-38, WPA ,0.000000,0.000000,0.000,0.000,AP
2026-04-01 14:45:24,1900-01-00 00:00:00,0999-wombat,B8:27:EB:6F:ED:ED,-38, WPA ,0.000000,0.000000,0.000,0.000,AP
2026-04-01 14:45:24,1900-01-00 00:00:00,0999-wombat,B8:27:EB:6F:ED:ED,-38, WPA ,0.000000,0.000000,0.000,0.000,AP
2026-04-01 14:45:24,1900-01-00 00:00:00,0999-wombat,B8:27:EB:6F:ED:ED,-38, WPA ,0.000000,0.000000,0.000,0.000,AP
2026-04-01 14:45:24,1900-01-00 00:00:00,0999-wombat,B8:27:EB:6F:ED:ED,-38, WPA ,0.000000,0.000000,0.000,0.000,AP
2026-04-01 14:45:24,1900-01-00 00:00:00,0999-wombat,B8:27:EB:6F:ED:ED,-38, WPA ,0.000000,0.000000,0.000,0.000,AP
2026-04-01 14:45:24,1900-01-00 00:00:00,0999-wombat,B8:27:EB:6F:ED:ED,-38, WPA ,0.000000,0.000000,0.000,0.000,AP
2026-04-01 14:45:24,1900-01-00 00:00:00,0999-wombat,B8:27:EB:6F:ED:ED,-38, WPA ,0.000000,0.000000,0.000,0.000,AP
2026-04-01 14:45:24,1900-01-00 00:00:00,0999-wombat,B8:27:EB:6F:ED:ED,-38, WPA ,0.000000,0.000000,0.000,0.000,AP
2026-04-01 14:45:24,1900-01-00 00:00:00,0999-wombat,B8:27:EB:6F:ED:ED,-38, WPA ,0.000000,0.000000,0.000,0.000,AP
2026-04-01 14:45:24,1900-01-00 00:00:00,0999-wombat,B8:27:EB:6F:ED:ED,-38, WPA ,0.000000,0.000000,0.000,0.000,AP
2026-04-01 14:45:24,1900-01-00 00:00:00,0999-wombat,B8:27:EB:6F:ED:ED,-38, WPA ,0.000000,0.000000,0.000,0.000,AP
2026-04-01 14:45:24,1900-01-00 00:00:00,0999-wombat,B8:27:EB:6F:ED:ED,-38, WPA ,0.000000,0.000000,0.000,0.000,AP
2026-04-01 14:45:24,1900-01-00 00:00:00,0999-wombat,B8:27:EB:6F:ED:ED,-38, WPA ,0.000000,0.000000,0.000,0.000,AP
2026-04-01 14:45:24,1900-01-00 00:00:00,0999-wombat,B8:27:EB:6F:ED:ED,-38, WPA ,0.000000,0.000000,0.000,0.000,AP
2026-04-01 14:45:24,1900-01-00 00:00:00,0999-wombat,B8:27:EB:6F:ED:ED,-38, WPA ,0.000000,0.000000,0.000,0.000,AP
2026-04-01 14:45:24,1900-01-00 00:00:00,0999-wombat,B8:27:EB:6F:ED:ED,-38, WPA ,0.000000,0.000000,0.000,0.000,AP
2026-04-01 14:45:24,1900-01-00 00:00:00,0999-wombat,B8:27:EB:6F:ED:ED,-38, WPA ,0.000000,0.000000,0.000,0.000,AP
2026-04-01 14:45:24,1900-01-00 00:00:00,0999-wombat,B8:27:EB:6F:ED:ED,-38, WPA ,0.000000,0.000000,0.000,0.000,AP
2026-04-01 14:45:24,1900-01-00 00:00:00,0999-wombat,B8:27:EB:6F:ED:ED,-66, WPA ,0.000000,0.000000,0.000,0.000,AP
2026-04-01 14:45:24,1900-01-00 00:00:00,0999-wombat,B8:27:EB:6F:ED:ED,-66, WPA ,0.000000,0.000000,0.000,0.000,AP
2026-04-01 14:45:24,1900-01-00 00:00:00,0999-wombat,B8:27:EB:6F:ED:ED,-66, WPA ,0.000000,0.000000,0.000,0.000,AP
2026-04-01 14:45:24,1900-01-00 00:00:00,0999-wombat,B8:27:EB:6F:ED:ED,-66, WPA ,0.000000,0.000000,0.000,0.000,AP
2026-04-01 14:45:24,1900-01-00 00:00:00,0999-wombat,B8:27:EB:6F:ED:ED,-80, WPA ,0.000000,0.000000,0.000,0.000,AP
2026-04-01 14:45:24,1900-01-00 00:00:00,0999-wombat,B8:27:EB:6F:ED:ED,-78, WPA ,0.000000,0.000000,0.000,0.000,AP
2026-04-01 14:45:24,1900-01-00 00:00:00,0999-wombat,B8:27:EB:6F:ED:ED,-78, WPA ,0.000000,0.000000,0.000,0.000,AP
2026-04-01 14:45:24,1900-01-00 00:00:00,0999-wombat,B8:27:EB:6F:ED:ED,-78, WPA ,0.000000,0.000000,0.000,0.000,AP
2026-04-01 14:45:24,1900-01-00 00:00:00,0999-wombat,B8:27:EB:6F:ED:ED,-78, WPA ,0.000000,0.000000,0.000,0.000,AP
2026-04-01 14:45:24,1900-01-00 00:00:00,0999-wombat,B8:27:EB:6F:ED:ED,-78, WPA ,0.000000,0.000000,0.000,0.000,AP
2026-04-01 14:45:24,1900-01-00 00:00:00,0999-wombat,B8:27:EB:6F:ED:ED,-78, WPA ,0.000000,0.000000,0.000,0.000,AP
2026-04-01 14:45:24,1900-01-00 00:00:00,0999-wombat,B8:27:EB:6F:ED:ED,-78, WPA ,0.000000,0.000000,0.000,0.000,AP
2026-04-01 14:45:24,1900-01-00 00:00:00,0999-wombat,B8:27:EB:6F:ED:ED,-78, WPA ,0.000000,0.000000,0.000,0.000,AP
2026-04-01 14:45:24,1900-01-00 00:00:00,0999-wombat,B8:27:EB:6F:ED:ED,-68, WPA ,0.000000,0.000000,0.000,0.000,AP
2026-04-01 14:45:24,1900-01-00 00:00:00,0999-wombat,B8:27:EB:6F:ED:ED,-67, WPA ,0.000000,0.000000,0.000,0.000,AP
2026-04-01 14:45:24,1900-01-00 00:00:00,0999-wombat,B8:27:EB:6F:ED:ED,-67, WPA ,0.000000,0.000000,0.000,0.000,AP
2026-04-01 14:45:24,1900-01-00 00:00:00,0999-wombat,B8:27:EB:6F:ED:ED,-67, WPA ,0.000000,0.000000,0.000,0.000,AP
2026-04-01 14:45:24,1900-01-00 00:00:00,0999-wombat,B8:27:EB:6F:ED:ED,-67, WPA ,0.000000,0.000000,0.000,0.000,AP
2026-04-01 14:45:24,1900-01-00 00:00:00,0999-wombat,B8:27:EB:6F:ED:ED,-67, WPA ,0.000000,0.000000,0.000,0.000,AP
2026-04-01 14:45:24,1900-01-00 00:00:00,0999-wombat,B8:27:EB:6F:ED:ED,-67, WPA ,0.000000,0.000000,0.000,0.000,AP
2026-04-01 14:45:24,1900-01-00 00:00:00,0999-wombat,B8:27:EB:6F:ED:ED,-67, WPA ,0.000000,0.000000,0.000,0.000,AP
2026-04-01 14:45:24,1900-01-00 00:00:00,0999-wombat,B8:27:EB:6F:ED:ED,-67, WPA ,0.000000,0.000000,0.000,0.000,AP
2026-04-01 14:45:24,1900-01-00 00:00:00,0999-wombat,B8:27:EB:6F:ED:ED,-67, WPA ,0.000000,0.000000,0.000,0.000,AP
2026-04-01 14:45:24,1900-01-00 00:00:00,0999-wombat,B8:27:EB:6F:ED:ED,-67, WPA ,0.000000,0.000000,0.000,0.000,AP
2026-04-01 14:45:24,1900-01-00 00:00:00,0999-wombat,B8:27:EB:6F:ED:ED,-67, WPA ,0.000000,0.000000,0.000,0.000,AP
2026-04-01 14:45:24,1900-01-00 00:00:00,0999-wombat,B8:27:EB:6F:ED:ED,-67, WPA ,0.000000,0.000000,0.000,0.000,AP
2026-04-01 14:45:24,1900-01-00 00:00:00,0999-wombat,B8:27:EB:6F:ED:ED,-67, WPA ,0.000000,0.000000,0.000,0.000,AP
2026-04-01 14:45:24,1900-01-00 00:00:00,0999-wombat,B8:27:EB:6F:ED:ED,-67, WPA ,0.000000,0.000000,0.000,0.000,AP
2026-04-01 14:45:24,1900-01-00 00:00:00,0999-wombat,B8:27:EB:6F:ED:ED,-67, WPA ,0.000000,0.000000,0.000,0.000,AP
2026-04-01 14:45:24,1900-01-00 00:00:00,0999-wombat,B8:27:EB:6F:ED:ED,-67, WPA ,0.000000,0.000000,0.000,0.000,AP
2026-04-01 14:45:24,1900-01-00 00:00:00,0999-wombat,B8:27:EB:6F:ED:ED,-67, WPA ,0.000000,0.000000,0.000,0.000,AP
2026-04-01 14:45:24,1900-01-00 00:00:00,0999-wombat,B8:27:EB:6F:ED:ED,-67, WPA ,0.000000,0.000000,0.000,0.000,AP
2026-04-01 14:45:24,1900-01-00 00:00:00,0999-wombat,B8:27:EB:6F:ED:ED,-69, WPA ,0.000000,0.000000,0.000,0.000,AP
2026-04-01 14:45:24,1900-01-00 00:00:00,0999-wombat,B8:27:EB:6F:ED:ED,-69, WPA ,0.000000,0.000000,0.000,0.000,AP
2026-04-01 14:45:24,1900-01-00 00:00:00,0999-wombat,B8:27:EB:6F:ED:ED,-69, WPA ,0.000000,0.000000,0.000,0.000,AP
2026-04-01 14:45:24,1900-01-00 00:00:00,0999-wombat,B8:27:EB:6F:ED:ED,-69, WPA ,0.000000,0.000000,0.000,0.000,AP
2026-04-01 14:45:24,1900-01-00 00:00:00,0999-wombat,B8:27:EB:6F:ED:ED,-69, WPA ,0.000000,0.000000,0.000,0.000,AP
2026-04-01 14:45:24,1900-01-00 00:00:00,0999-wombat,B8:27:EB:6F:ED:ED,-69, WPA ,0.000000,0.000000,0.000,0.000,AP
2026-04-01 14:45:24,1900-01-00 00:00:00,0999-wombat,B8:27:EB:6F:ED:ED,-69, WPA ,0.000000,0.000000,0.000,0.000,AP
2026-04-01 14:45:24,1900-01-00 00:00:00,0999-wombat,B8:27:EB:6F:ED:ED,-69, WPA ,0.000000,0.000000,0.000,0.000,AP
2026-04-01 14:45:24,1900-01-00 00:00:00,0999-wombat,B8:27:EB:6F:ED:ED,-65, WPA ,0.000000,0.000000,0.000,0.000,AP
2026-04-01 14:45:24,1900-01-00 00:00:00,0999-wombat,B8:27:EB:6F:ED:ED,-65, WPA ,0.000000,0.000000,0.000,0.000,AP
2026-04-01 14:45:24,1900-01-00 00:00:00,0999-wombat,B8:27:EB:6F:ED:ED,-65, WPA ,0.000000,0.000000,0.000,0.000,AP
2026-04-01 14:45:24,1900-01-00 00:00:00,0999-wombat,B8:27:EB:6F:ED:ED,-65, WPA ,0.000000,0.000000,0.000,0.000,AP
2026-04-01 14:45:24,1900-01-00 00:00:00,0999-wombat,B8:27:EB:6F:ED:ED,-87, WPA ,0.000000,0.000000,0.000,0.000,AP
2026-04-01 14:45:24,1900-01-00 00:00:00,0999-wombat,B8:27:EB:6F:ED:ED,-87, WPA ,0.000000,0.000000,0.000,0.000,AP
2026-04-01 14:45:24,1900-01-00 00:00:00,0999-wombat,B8:27:EB:6F:ED:ED,-87, WPA ,0.000000,0.000000,0.000,0.000,AP
2026-04-01 14:45:24,1900-01-00 00:00:00,0999-wombat,B8:27:EB:6F:ED:ED,-87, WPA ,0.000000,0.000000,0.000,0.000,AP
2026-04-01 14:45:24,1900-01-00 00:00:00,0999-wombat,B8:27:EB:6F:ED:ED,-87, WPA ,0.000000,0.000000,0.000,0.000,AP
2026-04-01 14:45:24,1900-01-00 00:00:00,0999-wombat,B8:27:EB:6F:ED:ED,-87, WPA ,0.000000,0.000000,0.000,0.000,AP
2026-04-01 14:45:24,1900-01-00 00:00:00,0999-wombat,B8:27:EB:6F:ED:ED,-37, WPA ,0.000000,0.000000,0.000,0.000,AP
2026-04-01 14:45:24,1900-01-00 00:00:00,0999-wombat,B8:27:EB:6F:ED:ED,-37, WPA ,0.000000,0.000000,0.000,0.000,AP
2026-04-01 14:45:24,1900-01-00 00:00:00,0999-wombat,B8:27:EB:6F:ED:ED,-37, WPA ,0.000000,0.000000,0.000,0.000,AP
2026-04-01 14:45:24,1900-01-00 00:00:00,0999-wombat,B8:27:EB:6F:ED:ED,-37, WPA ,0.000000,0.000000,0.000,0.000,AP
2026-04-01 14:45:24,1900-01-00 00:00:00,0999-wombat,B8:27:EB:6F:ED:ED,-37, WPA ,0.000000,0.000000,0.000,0.000,AP
2026-04-01 14:45:24,1900-01-00 00:00:00,0999-wombat,B8:27:EB:6F:ED:ED,-37, WPA ,0.000000,0.000000,0.000,0.000,AP
2026-04-01 14:45:24,1900-01-00 00:00:00,0999-wombat,B8:27:EB:6F:ED:ED,-37, WPA ,0.000000,0.000000,0.000,0.000,AP
2026-04-01 14:45:24,1900-01-00 00:00:00,0999-wombat,B8:27:EB:6F:ED:ED,-37, WPA ,0.000000,0.000000,0.000,0.000,AP
2026-04-01 14:45:24,1900-01-00 00:00:00,0999-wombat,B8:27:EB:6F:ED:ED,-37, WPA ,0.000000,0.000000,0.000,0.000,AP
2026-04-01 14:45:24,1900-01-00 00:00:00,0999-wombat,B8:27:EB:6F:ED:ED,-37, WPA ,0.000000,0.000000,0.000,0.000,AP
2026-04-01 14:45:24,1900-01-00 00:00:00,0999-wombat,B8:27:EB:6F:ED:ED,-37, WPA ,0.000000,0.000000,0.000,0.000,AP
2026-04-01 14:45:24,1900-01-00 00:00:00,0999-wombat,B8:27:EB:6F:ED:ED,-37, WPA ,0.000000,0.000000,0.000,0.000,AP
2026-04-01 14:45:24,1900-01-00 00:00:00,0999-wombat,B8:27:EB:6F:ED:ED,-37, WPA ,0.000000,0.000000,0.000,0.000,AP
2026-04-01 14:45:24,1900-01-00 00:00:00,0999-wombat,B8:27:EB:6F:ED:ED,-37, WPA ,0.000000,0.000000,0.000,0.000,AP
2026-04-01 14:45:24,1900-01-00 00:00:00,0999-wombat,B8:27:EB:6F:ED:ED,-37, WPA ,0.000000,0.000000,0.000,0.000,AP
2026-04-01 14:45:24,1900-01-00 00:00:00,0999-wombat,B8:27:EB:6F:ED:ED,-37, WPA ,0.000000,0.000000,0.000,0.000,AP
2026-04-01 14:45:24,1900-01-00 00:00:00,0999-wombat,B8:27:EB:6F:ED:ED,-37, WPA ,0.000000,0.000000,0.000,0.000,AP
2026-04-01 14:45:24,1900-01-00 00:00:00,0999-wombat,B8:27:EB:6F:ED:ED,-37, WPA ,0.000000,0.000000,0.000,0.000,AP
2026-04-01 14:45:24,1900-01-00 00:00:00,0999-wombat,B8:27:EB:6F:ED:ED,-37, WPA ,0.000000,0.000000,0.000,0.000,AP
2026-04-01 14:45:24,1900-01-00 00:00:00,0999-wombat,B8:27:EB:6F:ED:ED,-65, WPA ,0.000000,0.000000,0.000,0.000,AP
2026-04-01 14:45:24,1900-01-00 00:00:00,0999-wombat,B8:27:EB:6F:ED:ED,-65, WPA ,0.000000,0.000000,0.000,0.000,AP
2026-04-01 14:45:24,1900-01-00 00:00:00,0999-wombat,B8:27:EB:6F:ED:ED,-65, WPA ,0.000000,0.000000,0.000,0.000,AP
2026-04-01 14:45:24,1900-01-00 00:00:00,0999-wombat,B8:27:EB:6F:ED:ED,-65, WPA ,0.000000,0.000000,0.000,0.000,AP
2026-04-01 14:45:24,1900-01-00 00:00:00,0999-wombat,B8:27:EB:6F:ED:ED,-65, WPA ,0.000000,0.000000,0.000,0.000,AP
2026-04-01 14:45:24,1900-01-00 00:00:00,0999-wombat,B8:27:EB:6F:ED:ED,-65, WPA ,0.000000,0.000000,0.000,0.000,AP
2026-04-01 14:45:24,1900-01-00 00:00:00,0999-wombat,B8:27:EB:6F:ED:ED,-65, WPA ,0.000000,0.000000,0.000,0.000,AP
2026-04-01 14:45:24,1900-01-00 00:00:00,0999-wombat,B8:27:EB:6F:ED:ED,-65, WPA ,0.000000,0.000000,0.000,0.000,AP
2026-04-01 14:45:24,1900-01-00 00:00:00,0999-wombat,B8:27:EB:6F:ED:ED,-65, WPA ,0.000000,0.000000,0.000,0.000,AP
2026-04-01 14:45:24,1900-01-00 00:00:00,0999-wombat,B8:27:EB:6F:ED:ED,-43, WPA ,0.000000,0.000000,0.000,0.000,AP
2026-04-01 14:45:24,1900-01-00 00:00:00,0999-wombat,B8:27:EB:6F:ED:ED,-42, WPA ,0.000000,0.000000,0.000,0.000,AP
2026-04-01 14:45:24,1900-01-00 00:00:00,0999-wombat,B8:27:EB:6F:ED:ED,-42, WPA ,0.000000,0.000000,0.000,0.000,AP
2026-04-01 14:45:24,1900-01-00 00:00:00,0999-wombat,B8:27:EB:6F:ED:ED,-42, WPA ,0.000000,0.000000,0.000,0.000,AP
2026-04-01 14:45:24,1900-01-00 00:00:00,0999-wombat,B8:27:EB:6F:ED:ED,-42, WPA ,0.000000,0.000000,0.000,0.000,AP
2026-04-01 14:45:24,1900-01-00 00:00:00,0999-wombat,B8:27:EB:6F:ED:ED,-42, WPA ,0.000000,0.000000,0.000,0.000,AP
2026-04-01 14:45:24,1900-01-00 00:00:00,0999-wombat,B8:27:EB:6F:ED:ED,-42, WPA ,0.000000,0.000000,0.000,0.000,AP
2026-04-01 14:45:24,1900-01-00 00:00:00,0999-wombat,B8:27:EB:6F:ED:ED,-42, WPA ,0.000000,0.000000,0.000,0.000,AP
2026-04-01 14:45:24,1900-01-00 00:00:00,0999-wombat,B8:27:EB:6F:ED:ED,-42, WPA ,0.000000,0.000000,0.000,0.000,AP
2026-04-01 14:45:24,1900-01-00 00:00:00,0999-wombat,B8:27:EB:6F:ED:ED,-42, WPA ,0.000000,0.000000,0.000,0.000,AP
2026-04-01 14:45:24,1900-01-00 00:00:00,0999-wombat,B8:27:EB:6F:ED:ED,-42, WPA ,0.000000,0.000000,0.000,0.000,AP
2026-04-01 14:45:24,1900-01-00 00:00:00,0999-wombat,B8:27:EB:6F:ED:ED,-42, WPA ,0.000000,0.000000,0.000,0.000,AP
2026-04-01 14:45:24,1900-01-00 00:00:00,0999-wombat,B8:27:EB:6F:ED:ED,-42, WPA ,0.000000,0.000000,0.000,0.000,AP
2026-04-01 14:45:24,1900-01-00 00:00:00,0999-wombat,B8:27:EB:6F:ED:ED,-42, WPA ,0.000000,0.000000,0.000,0.000,AP
2026-04-01 14:45:24,1900-01-00 00:00:00,0999-wombat,B8:27:EB:6F:ED:ED,-42, WPA ,0.000000,0.000000,0.000,0.000,AP
2026-04-01 14:45:24,1900-01-00 00:00:00,0999-wombat,B8:27:EB:6F:ED:ED,-42, WPA ,0.000000,0.000000,0.000,0.000,AP
2026-04-01 14:45:24,1900-01-00 00:00:00,0999-wombat,B8:27:EB:6F:ED:ED,-42, WPA ,0.000000,0.000000,0.000,0.000,AP
2026-04-01 14:45:24,1900-01-00 00:00:00,0999-wombat,B8:27:EB:6F:ED:ED,-42, WPA ,0.000000,0.000000,0.000,0.000,AP
2026-04-01 14:45:24,1900-01-00 00:00:00,0999-wombat,B8:27:EB:6F:ED:ED,-67, WPA ,0.000000,0.000000,0.000,0.000,AP
2026-04-01 14:45:24,1900-01-00 00:00:00,0999-wombat,B8:27:EB:6F:ED:ED,-67, WPA ,0.000000,0.000000,0.000,0.000,AP
2026-04-01 14:45:24,1900-01-00 00:00:00,0999-wombat,B8:27:EB:6F:ED:ED,-67, WPA ,0.000000,0.000000,0.000,0.000,AP
2026-04-01 14:45:24,1900-01-00 00:00:00,0999-wombat,B8:27:EB:6F:ED:ED,-67, WPA ,0.000000,0.000000,0.000,0.000,AP
2026-04-01 14:45:24,1900-01-00 00:00:00,0999-wombat,B8:27:EB:6F:ED:ED,-67, WPA ,0.000000,0.000000,0.000,0.000,AP
2026-04-01 14:45:24,1900-01-00 00:00:00,0999-wombat,B8:27:EB:6F:ED:ED,-67, WPA ,0.000000,0.000000,0.000,0.000,AP
2026-04-01 14:45:24,1900-01-00 00:00:00,0999-wombat,B8:27:EB:6F:ED:ED,-67, WPA ,0.000000,0.000000,0.000,0.000,AP
2026-04-01 14:45:24,1900-01-00 00:00:00,0999-wombat,B8:27:EB:6F:ED:ED,-78, WPA ,0.000000,0.000000,0.000,0.000,AP
2026-04-01 14:45:24,1900-01-00 00:00:00,0999-wombat,B8:27:EB:6F:ED:ED,-78, WPA ,0.000000,0.000000,0.000,0.000,AP
2026-04-01 14:45:24,1900-01-00 00:00:00,0999-wombat,B8:27:EB:6F:ED:ED,-78, WPA ,0.000000,0.000000,0.000,0.000,AP
2026-04-01 14:45:24,1900-01-00 00:00:00,0999-wombat,B8:27:EB:6F:ED:ED,-78, WPA ,0.000000,0.000000,0.000,0.000,AP
2026-04-01 14:45:24,1900-01-00 00:00:00,0999-wombat,B8:27:EB:6F:ED:ED,-78, WPA ,0.000000,0.000000,0.000,0.000,AP
2026-04-01 14:45:24,1900-01-00 00:00:00,0999-wombat,B8:27:EB:6F:ED:ED,-78, WPA ,0.000000,0.000000,0.000,0.000,AP
2026-04-01 14:45:24,1900-01-00 00:00:00,0999-wombat,B8:27:EB:6F:ED:ED,-78, WPA ,0.000000,0.000000,0.000,0.000,AP
2026-04-01 14:45:24,1900-01-00 00:00:00,0999-wombat,B8:27:EB:6F:ED:ED,-78, WPA ,0.000000,0.000000,0.000,0.000,AP
2026-04-01 14:45:24,1900-01-00 00:00:00,0999-wombat,B8:27:EB:6F:ED:ED,-78, WPA ,0.000000,0.000000,0.000,0.000,AP
2026-04-01 14:45:24,1900-01-00 00:00:00,0999-wombat,B8:27:EB:6F:ED:ED,-78, WPA ,0.000000,0.000000,0.000,0.000,AP
2026-04-01 14:45:24,1900-01-00 00:00:00,0999-wombat,B8:27:EB:6F:ED:ED,-78, WPA ,0.000000,0.000000,0.000,0.000,AP
2026-04-01 14:45:24,1900-01-00 00:00:00,0999-wombat,B8:27:EB:6F:ED:ED,-78, WPA ,0.000000,0.000000,0.000,0.000,AP
2026-04-01 14:45:24,1900-01-00 00:00:00,0999-wombat,B8:27:EB:6F:ED:ED,-78, WPA ,0.000000,0.000000,0.000,0.000,AP
2026-04-01 14:45:24,1900-01-00 00:00:00,0999-wombat,B8:27:EB:6F:ED:ED,-78, WPA ,0.000000,0.000000,0.000,0.000,AP
2026-04-01 14:45:24,1900-01-00 00:00:00,0999-wombat,B8:27:EB:6F:ED:ED,-78, WPA ,0.000000,0.000000,0.000,0.000,AP
2026-04-01 14:45:24,1900-01-00 00:00:00,0999-wombat,B8:27:EB:6F:ED:ED,-78, WPA ,0.000000,0.000000,0.000,0.000,AP
2026-04-01 14:45:24,1900-01-00 00:00:00,0999-wombat,B8:27:EB:6F:ED:ED,-78, WPA ,0.000000,0.000000,0.000,0.000,AP
2026-04-01 14:45:24,1900-01-00 00:00:00,0999-wombat,B8:27:EB:6F:ED:ED,-78, WPA ,0.000000,0.000000,0.000,0.000,AP
2026-04-01 14:45:24,1900-01-00 00:00:00,0999-wombat,B8:27:EB:6F:ED:ED,-78, WPA ,0.000000,0.000000,0.000,0.000,AP
2026-04-01 14:45:24,1900-01-00 00:00:00,0999-wombat,B8:27:EB:6F:ED:ED,-78, WPA ,0.000000,0.000000,0.000,0.000,AP
2026-04-01 14:45:24,1900-01-00 00:00:00,0999-wombat,B8:27:EB:6F:ED:ED,-78, WPA ,0.000000,0.000000,0.000,0.000,AP
2026-04-01 14:45:24,1900-01-00 00:00:00,0999-wombat,B8:27:EB:6F:ED:ED,-78, WPA ,0.000000,0.000000,0.000,0.000,AP
2026-04-01 14:45:24,1900-01-00 00:00:00,0999-wombat,B8:27:EB:6F:ED:ED,-37, WPA ,0.000000,0.000000,0.000,0.000,AP
2026-04-01 14:45:24,1900-01-00 00:00:00,0999-wombat,B8:27:EB:6F:ED:ED,-37, WPA ,0.000000,0.000000,0.000,0.000,AP
2026-04-01 14:45:24,1900-01-00 00:00:00,0999-wombat,B8:27:EB:6F:ED:ED,-37, WPA ,0.000000,0.000000,0.000,0.000,AP
2026-04-01 14:45:24,1900-01-00 00:00:00,0999-wombat,B8:27:EB:6F:ED:ED,-37, WPA ,0.000000,0.000000,0.000,0.000,AP
2026-04-01 14:45:24,1900-01-00 00:00:00,0999-wombat,B8:27:EB:6F:ED:ED,-37, WPA ,0.000000,0.000000,0.000,0.000,AP
2026-04-01 14:45:24,1900-01-00 00:00:00,0999-wombat,B8:27:EB:6F:ED:ED,-38, WPA ,0.000000,0.000000,0.000,0.000,AP
2026-04-01 14:45:24,1900-01-00 00:00:00,0999-wombat,B8:27:EB:6F:ED:ED,-39, WPA ,0.000000,0.000000,0.000,0.000,AP
2026-04-01 14:45:24,1900-01-00 00:00:00,0999-wombat,B8:27:EB:6F:ED:ED,-35, WPA ,0.000000,0.000000,0.000,0.000,AP
2026-04-01 14:45:24,1900-01-00 00:00:00,0999-wombat,B8:27:EB:6F:ED:ED,-38, WPA ,0.000000,0.000000,0.000,0.000,AP
2026-04-01 14:45:24,1900-01-00 00:00:00,0999-wombat,B8:27:EB:6F:ED:ED,-66, WPA ,0.000000,0.000000,0.000,0.000,AP
2026-04-01 14:45:24,1900-01-00 00:00:00,0999-wombat,B8:27:EB:6F:ED:ED,-66, WPA ,0.000000,0.000000,0.000,0.000,AP
2026-04-01 14:45:24,1900-01-00 00:00:00,0999-wombat,B8:27:EB:6F:ED:ED,-66, WPA ,0.000000,0.000000,0.000,0.000,AP
2026-04-01 14:45:24,1900-01-00 00:00:00,0999-wombat,B8:27:EB:6F:ED:ED,-66, WPA ,0.000000,0.000000,0.000,0.000,AP
2026-04-01 14:45:24,1900-01-00 00:00:00,0999-wombat,B8:27:EB:6F:ED:ED,-66, WPA ,0.000000,0.000000,0.000,0.000,AP
2026-04-01 14:45:24,1900-01-00 00:00:00,0999-wombat,B8:27:EB:6F:ED:ED,-66, WPA ,0.000000,0.000000,0.000,0.000,AP
2026-04-01 14:45:24,1900-01-00 00:00:00,0999-wombat,B8:27:EB:6F:ED:ED,-66, WPA ,0.000000,0.000000,0.000,0.000,AP
2026-04-01 14:45:24,1900-01-00 00:00:00,0999-wombat,B8:27:EB:6F:ED:ED,-66, WPA ,0.000000,0.000000,0.000,0.000,AP
2026-04-01 14:45:24,1900-01-00 00:00:00,0999-wombat,B8:27:EB:6F:ED:ED,-66, WPA ,0.000000,0.000000,0.000,0.000,AP
2026-04-01 14:45:24,1900-01-00 00:00:00,0999-wombat,B8:27:EB:6F:ED:ED,-66, WPA ,0.000000,0.000000,0.000,0.000,AP
2026-04-01 14:45:24,1900-01-00 00:00:00,0999-wombat,B8:27:EB:6F:ED:ED,-66, WPA ,0.000000,0.000000,0.000,0.000,AP
2026-04-01 14:45:24,1900-01-00 00:00:00,0999-wombat,B8:27:EB:6F:ED:ED,-66, WPA ,0.000000,0.000000,0.000,0.000,AP
2026-04-01 14:45:24,1900-01-00 00:00:00,0999-wombat,B8:27:EB:6F:ED:ED,-66, WPA ,0.000000,0.000000,0.000,0.000,AP
2026-04-01 14:45:24,1900-01-00 00:00:00,0999-wombat,B8:27:EB:6F:ED:ED,-66, WPA ,0.000000,0.000000,0.000,0.000,AP
2026-04-01 14:45:24,1900-01-00 00:00:00,0999-wombat,B8:27:EB:6F:ED:ED,-66, WPA ,0.000000,0.000000,0.000,0.000,AP
2026-04-01 14:45:24,1900-01-00 00:00:00,0999-wombat,B8:27:EB:6F:ED:ED,-66, WPA ,0.000000,0.000000,0.000,0.000,AP
2026-04-01 14:45:24,1900-01-00 00:00:00,0999-wombat,B8:27:EB:6F:ED:ED,-66, WPA ,0.000000,0.000000,0.000,0.000,AP
2026-04-01 14:45:24,1900-01-00 00:00:00,0999-wombat,B8:27:EB:6F:ED:ED,-66, WPA ,0.000000,0.000000,0.000,0.000,AP
2026-04-01 14:45:24,1900-01-00 00:00:00,0999-wombat,B8:27:EB:6F:ED:ED,-66, WPA ,0.000000,0.000000,0.000,0.000,AP
2026-04-01 14:45:24,1900-01-00 00:00:00,0999-wombat,B8:27:EB:6F:ED:ED,-66, WPA ,0.000000,0.000000,0.000,0.000,AP
2026-04-01 14:45:24,1900-01-00 00:00:00,0999-wombat,B8:27:EB:6F:ED:ED,-66, WPA ,0.000000,0.000000,0.000,0.000,AP
2026-04-01 14:45:24,1900-01-00 00:00:00,0999-wombat,B8:27:EB:6F:ED:ED,-66, WPA ,0.000000,0.000000,0.000,0.000,AP
2026-04-01 14:45:24,1900-01-00 00:00:00,0999-wombat,B8:27:EB:6F:ED:ED,-66, WPA ,0.000000,0.000000,0.000,0.000,AP
2026-04-01 14:45:24,1900-01-00 00:00:00,0999-wombat,B8:27:EB:6F:ED:ED,-66, WPA ,0.000000,0.000000,0.000,0.000,AP
2026-04-01 14:45:24,1900-01-00 00:00:00,0999-wombat,B8:27:EB:6F:ED:ED,-66, WPA ,0.000000,0.000000,0.000,0.000,AP
2026-04-01 14:45:24,1900-01-00 00:00:00,0999-wombat,B8:27:EB:6F:ED:ED,-66, WPA ,0.000000,0.000000,0.000,0.000,AP
2026-04-01 14:45:24,1900-01-00 00:00:00,0999-wombat,B8:27:EB:6F:ED:ED,-66, WPA ,0.000000,0.000000,0.000,0.000,AP
2026-04-01 14:45:24,1900-01-00 00:00:00,0999-wombat,B8:27:EB:6F:ED:ED,-66, WPA ,0.000000,0.000000,0.000,0.000,AP
2026-04-01 14:45:24,1900-01-00 00:00:00,0999-wombat,B8:27:EB:6F:ED:ED,-66, WPA ,0.000000,0.000000,0.000,0.000,AP
2026-04-01 14:45:24,1900-01-00 00:00:00,0999-wombat,B8:27:EB:6F:ED:ED,-66, WPA ,0.000000,0.000000,0.000,0.000,AP
2026-04-01 14:45:24,1900-01-00 00:00:00,0999-wombat,B8:27:EB:6F:ED:ED,-66, WPA ,0.000000,0.000000,0.000,0.000,AP
2026-04-01 14:45:24,1900-01-00 00:00:00,0999-wombat,B8:27:EB:6F:ED:ED,-66, WPA ,0.000000,0.000000,0.000,0.000,AP
2026-04-01 14:45:24,1900-01-00 00:00:00,0999-wombat,B8:27:EB:6F:ED:ED,-66, WPA ,0.000000,0.000000,0.000,0.000,AP
2026-04-01 14:45:24,1900-01-00 00:00:00,0999-wombat,B8:27:EB:6F:ED:ED,-66, WPA ,0.000000,0.000000,0.000,0.000,AP
2026-04-01 14:45:24,1900-01-00 00:00:00,0999-wombat,B8:27:EB:6F:ED:ED,-66, WPA ,0.000000,0.000000,0.000,0.000,AP
2026-04-01 14:45:24,1900-01-00 00:00:00,0999-wombat,B8:27:EB:6F:ED:ED,-66, WPA ,0.000000,0.000000,0.000,0.000,AP
2026-04-01 14:45:24,1900-01-00 00:00:00,0999-wombat,B8:27:EB:6F:ED:ED,-66, WPA ,0.000000,0.000000,0.000,0.000,AP
2026-04-01 14:45:24,1900-01-00 00:00:00,0999-wombat,B8:27:EB:6F:ED:ED,-66, WPA ,0.000000,0.000000,0.000,0.000,AP
2026-04-01 14:45:24,1900-01-00 00:00:00,0999-wombat,B8:27:EB:6F:ED:ED,-66, WPA ,0.000000,0.000000,0.000,0.000,AP
2026-04-01 14:45:24,1900-01-00 00:00:00,0999-wombat,B8:27:EB:6F:ED:ED,-66, WPA ,0.000000,0.000000,0.000,0.000,AP
2026-04-01 14:45:24,1900-01-00 00:00:00,0999-wombat,B8:27:EB:6F:ED:ED,-66, WPA ,0.000000,0.000000,0.000,0.000,AP
2026-04-01 14:45:24,1900-01-00 00:00:00,0999-wombat,B8:27:EB:6F:ED:ED,-66, WPA ,0.000000,0.000000,0.000,0.000,AP
2026-04-01 14:45:24,1900-01-00 00:00:00,0999-wombat,B8:27:EB:6F:ED:ED,-66, WPA ,0.000000,0.000000,0.000,0.000,AP
2026-04-01 14:45:24,1900-01-00 00:00:00,0999-wombat,B8:27:EB:6F:ED:ED,-37, WPA ,0.000000,0.000000,0.000,0.000,AP
2026-04-01 14:45:24,1900-01-00 00:00:00,0999-wombat,B8:27:EB:6F:ED:ED,-37, WPA ,0.000000,0.000000,0.000,0.000,AP
2026-04-01 14:45:24,1900-01-00 00:00:00,0999-wombat,B8:27:EB:6F:ED:ED,-37, WPA ,0.000000,0.000000,0.000,0.000,AP
2026-04-01 14:45:24,1900-01-00 00:00:00,0999-wombat,B8:27:EB:6F:ED:ED,-37, WPA ,0.000000,0.000000,0.000,0.000,AP
2026-04-01 14:45:24,1900-01-00 00:00:00,0999-wombat,B8:27:EB:6F:ED:ED,-37, WPA ,0.000000,0.000000,0.000,0.000,AP
2026-04-01 14:45:24,1900-01-00 00:00:00,0999-wombat,B8:27:EB:6F:ED:ED,-37, WPA ,0.000000,0.000000,0.000,0.000,AP
2026-04-01 14:45:24,1900-01-00 00:00:00,0999-wombat,B8:27:EB:6F:ED:ED,-37, WPA ,0.000000,0.000000,0.000,0.000,AP
2026-04-01 14:45:24,1900-01-00 00:00:00,0999-wombat,B8:27:EB:6F:ED:ED,-37, WPA ,0.000000,0.000000,0.000,0.000,AP
2026-04-01 14:45:24,1900-01-00 00:00:00,0999-wombat,B8:27:EB:6F:ED:ED,-37, WPA ,0.000000,0.000000,0.000,0.000,AP
2026-04-01 14:45:24,1900-01-00 00:00:00,0999-wombat,B8:27:EB:6F:ED:ED,-37, WPA ,0.000000,0.000000,0.000,0.000,AP
2026-04-01 14:45:24,1900-01-00 00:00:00,0999-wombat,B8:27:EB:6F:ED:ED,-37, WPA ,0.000000,0.000000,0.000,0.000,AP
2026-04-01 14:45:24,1900-01-00 00:00:00,0999-wombat,B8:27:EB:6F:ED:ED,-37, WPA ,0.000000,0.000000,0.000,0.000,AP
2026-04-01 14:45:24,1900-01-00 00:00:00,0999-wombat,B8:27:EB:6F:ED:ED,-37, WPA ,0.000000,0.000000,0.000,0.000,AP
2026-04-01 14:45:24,1900-01-00 00:00:00,0999-wombat,B8:27:EB:6F:ED:ED,-37, WPA ,0.000000,0.000000,0.000,0.000,AP
2026-04-01 14:45:24,1900-01-00 00:00:00,0999-wombat,B8:27:EB:6F:ED:ED,-37, WPA ,0.000000,0.000000,0.000,0.000,AP
2026-04-01 14:45:24,1900-01-00 00:00:00,0999-wombat,B8:27:EB:6F:ED:ED,-37, WPA ,0.000000,0.000000,0.000,0.000,AP
2026-04-01 14:45:24,1900-01-00 00:00:00,0999-wombat,B8:27:EB:6F:ED:ED,-37, WPA ,0.000000,0.000000,0.000,0.000,AP
2026-04-01 14:45:24,1900-01-00 00:00:00,0999-wombat,B8:27:EB:6F:ED:ED,-37, WPA ,0.000000,0.000000,0.000,0.000,AP
2026-04-01 14:45:24,1900-01-00 00:00:00,0999-wombat,B8:27:EB:6F:ED:ED,-37, WPA ,0.000000,0.000000,0.000,0.000,AP
2026-04-01 14:45:24,1900-01-00 00:00:00,0999-wombat,B8:27:EB:6F:ED:ED,-37, WPA ,0.000000,0.000000,0.000,0.000,AP
2026-04-01 14:45:24,1900-01-00 00:00:00,0999-wombat,B8:27:EB:6F:ED:ED,-37, WPA ,0.000000,0.000000,0.000,0.000,AP
2026-04-01 14:45:24,1900-01-00 00:00:00,0999-wombat,B8:27:EB:6F:ED:ED,-37, WPA ,0.000000,0.000000,0.000,0.000,AP
2026-04-01 14:45:24,1900-01-00 00:00:00,0999-wombat,B8:27:EB:6F:ED:ED,-37, WPA ,0.000000,0.000000,0.000,0.000,AP
2026-04-01 14:45:24,1900-01-00 00:00:00,0999-wombat,B8:27:EB:6F:ED:ED,-37, WPA ,0.000000,0.000000,0.000,0.000,AP
2026-04-01 14:45:24,1900-01-00 00:00:00,0999-wombat,B8:27:EB:6F:ED:ED,-37, WPA ,0.000000,0.000000,0.000,0.000,AP
2026-04-01 14:45:24,1900-01-00 00:00:00,0999-wombat,B8:27:EB:6F:ED:ED,-37, WPA ,0.000000,0.000000,0.000,0.000,AP
2026-04-01 14:45:24,1900-01-00 00:00:00,0999-wombat,B8:27:EB:6F:ED:ED,-37, WPA ,0.000000,0.000000,0.000,0.000,AP
2026-04-01 14:45:24,1900-01-00 00:00:00,0999-wombat,B8:27:EB:6F:ED:ED,-37, WPA ,0.000000,0.000000,0.000,0.000,AP
2026-04-01 14:45:24,1900-01-00 00:00:00,0999-wombat,B8:27:EB:6F:ED:ED,-37, WPA ,0.000000,0.000000,0.000,0.000,AP
2026-04-01 14:45:24,1900-01-00 00:00:00,0999-wombat,B8:27:EB:6F:ED:ED,-37, WPA ,0.000000,0.000000,0.000,0.000,AP
2026-04-01 14:45:24,1900-01-00 00:00:00,0999-wombat,B8:27:EB:6F:ED:ED,-37, WPA ,0.000000,0.000000,0.000,0.000,AP
2026-04-01 14:45:24,1900-01-00 00:00:00,0999-wombat,B8:27:EB:6F:ED:ED,-37, WPA ,0.000000,0.000000,0.000,0.000,AP
2026-04-01 14:45:24,1900-01-00 00:00:00,0999-wombat,B8:27:EB:6F:ED:ED,-37, WPA ,0.000000,0.000000,0.000,0.000,AP
2026-04-01 14:45:24,1900-01-00 00:00:00,0999-wombat,B8:27:EB:6F:ED:ED,-37, WPA ,0.000000,0.000000,0.000,0.000,AP
2026-04-01 14:45:24,1900-01-00 00:00:00,0999-wombat,B8:27:EB:6F:ED:ED,-66, WPA ,0.000000,0.000000,0.000,0.000,AP
2026-04-01 14:45:24,1900-01-00 00:00:00,0999-wombat,B8:27:EB:6F:ED:ED,-66, WPA ,0.000000,0.000000,0.000,0.000,AP
2026-04-01 14:45:24,1900-01-00 00:00:00,0999-wombat,B8:27:EB:6F:ED:ED,-66, WPA ,0.000000,0.000000,0.000,0.000,AP
2026-04-01 14:45:24,1900-01-00 00:00:00,0999-wombat,B8:27:EB:6F:ED:ED,-66, WPA ,0.000000,0.000000,0.000,0.000,AP
2026-04-01 14:45:24,1900-01-00 00:00:00,0999-wombat,B8:27:EB:6F:ED:ED,-66, WPA ,0.000000,0.000000,0.000,0.000,AP
2026-04-01 14:45:24,1900-01-00 00:00:00,0999-wombat,B8:27:EB:6F:ED:ED,-66, WPA ,0.000000,0.000000,0.000,0.000,AP
2026-04-01 14:45:24,1900-01-00 00:00:00,0999-wombat,B8:27:EB:6F:ED:ED,-66, WPA ,0.000000,0.000000,0.000,0.000,AP
2026-04-01 14:45:24,1900-01-00 00:00:00,0999-wombat,B8:27:EB:6F:ED:ED,-66, WPA ,0.000000,0.000000,0.000,0.000,AP
2026-04-01 14:45:24,1900-01-00 00:00:00,0999-wombat,B8:27:EB:6F:ED:ED,-66, WPA ,0.000000,0.000000,0.000,0.000,AP
2026-04-01 14:45:24,1900-01-00 00:00:00,0999-wombat,B8:27:EB:6F:ED:ED,-66, WPA ,0.000000,0.000000,0.000,0.000,AP
2026-04-01 14:45:24,1900-01-00 00:00:00,0999-wombat,B8:27:EB:6F:ED:ED,-66, WPA ,0.000000,0.000000,0.000,0.000,AP
2026-04-01 14:45:24,1900-01-00 00:00:00,0999-wombat,B8:27:EB:6F:ED:ED,-66, WPA ,0.000000,0.000000,0.000,0.000,AP
2026-04-01 14:45:24,1900-01-00 00:00:00,0999-wombat,B8:27:EB:6F:ED:ED,-66, WPA ,0.000000,0.000000,0.000,0.000,AP
2026-04-01 14:45:24,1900-01-00 00:00:00,0999-wombat,B8:27:EB:6F:ED:ED,-65, WPA ,0.000000,0.000000,0.000,0.000,AP
2026-04-01 14:45:24,1900-01-00 00:00:00,0999-wombat,B8:27:EB:6F:ED:ED,-66, WPA ,0.000000,0.000000,0.000,0.000,AP
2026-04-01 14:45:24,1900-01-00 00:00:00,0999-wombat,B8:27:EB:6F:ED:ED,-66, WPA ,0.000000,0.000000,0.000,0.000,AP
2026-04-01 14:45:24,1900-01-00 00:00:00,0999-wombat,B8:27:EB:6F:ED:ED,-66, WPA ,0.000000,0.000000,0.000,0.000,AP
2026-04-01 14:45:24,1900-01-00 00:00:00,0999-wombat,B8:27:EB:6F:ED:ED,-66, WPA ,0.000000,0.000000,0.000,0.000,AP
2026-04-01 14:45:24,1900-01-00 00:00:00,0999-wombat,B8:27:EB:6F:ED:ED,-66, WPA ,0.000000,0.000000,0.000,0.000,AP
2026-04-01 14:45:24,1900-01-00 00:00:00,0999-wombat,B8:27:EB:6F:ED:ED,-66, WPA ,0.000000,0.000000,0.000,0.000,AP
2026-04-01 14:45:24,1900-01-00 00:00:00,0999-wombat,B8:27:EB:6F:ED:ED,-78, WPA ,0.000000,0.000000,0.000,0.000,AP
2026-04-01 14:45:24,1900-01-00 00:00:00,0999-wombat,B8:27:EB:6F:ED:ED,-78, WPA ,0.000000,0.000000,0.000,0.000,AP
2026-04-01 14:45:24,1900-01-00 00:00:00,0999-wombat,B8:27:EB:6F:ED:ED,-78, WPA ,0.000000,0.000000,0.000,0.000,AP
2026-04-01 14:45:24,1900-01-00 00:00:00,0999-wombat,B8:27:EB:6F:ED:ED,-78, WPA ,0.000000,0.000000,0.000,0.000,AP
2026-04-01 14:45:24,1900-01-00 00:00:00,0999-wombat,B8:27:EB:6F:ED:ED,-57, WPA ,0.000000,0.000000,0.000,0.000,AP
2026-04-01 14:45:24,1900-01-00 00:00:00,0999-wombat,B8:27:EB:6F:ED:ED,-57, WPA ,0.000000,0.000000,0.000,0.000,AP
2026-04-01 14:45:24,1900-01-00 00:00:00,0999-wombat,B8:27:EB:6F:ED:ED,-57, WPA ,0.000000,0.000000,0.000,0.000,AP
2026-04-01 14:45:24,1900-01-00 00:00:00,0999-wombat,B8:27:EB:6F:ED:ED,-57, WPA ,0.000000,0.000000,0.000,0.000,AP
2026-04-01 14:45:24,1900-01-00 00:00:00,0999-wombat,B8:27:EB:6F:ED:ED,-57, WPA ,0.000000,0.000000,0.000,0.000,AP
2026-04-01 14:45:24,1900-01-00 00:00:00,0999-wombat,B8:27:EB:6F:ED:ED,-57, WPA ,0.000000,0.000000,0.000,0.000,AP
2026-04-01 14:45:24,1900-01-00 00:00:00,0999-wombat,B8:27:EB:6F:ED:ED,-57, WPA ,0.000000,0.000000,0.000,0.000,AP
2026-04-01 14:45:24,1900-01-00 00:00:00,0999-wombat,B8:27:EB:6F:ED:ED,-57, WPA ,0.000000,0.000000,0.000,0.000,AP
2026-04-01 14:45:24,1900-01-00 00:00:00,0999-wombat,B8:27:EB:6F:ED:ED,-57, WPA ,0.000000,0.000000,0.000,0.000,AP
2026-04-01 14:45:24,1900-01-00 00:00:00,0999-wombat,B8:27:EB:6F:ED:ED,-57, WPA ,0.000000,0.000000,0.000,0.000,AP
2026-04-01 14:45:24,1900-01-00 00:00:00,0999-wombat,B8:27:EB:6F:ED:ED,-57, WPA ,0.000000,0.000000,0.000,0.000,AP
2026-04-01 14:45:24,1900-01-00 00:00:00,0999-wombat,B8:27:EB:6F:ED:ED,-57, WPA ,0.000000,0.000000,0.000,0.000,AP
2026-04-01 14:45:24,1900-01-00 00:00:00,0999-wombat,B8:27:EB:6F:ED:ED,-57, WPA ,0.000000,0.000000,0.000,0.000,AP
2026-04-01 14:45:24,1900-01-00 00:00:00,0999-wombat,B8:27:EB:6F:ED:ED,-57, WPA ,0.000000,0.000000,0.000,0.000,AP
2026-04-01 14:45:24,1900-01-00 00:00:00,0999-wombat,B8:27:EB:6F:ED:ED,-65, WPA ,0.000000,0.000000,0.000,0.000,AP
2026-04-01 14:45:24,1900-01-00 00:00:00,0999-wombat,B8:27:EB:6F:ED:ED,-65, WPA ,0.000000,0.000000,0.000,0.000,AP
2026-04-01 14:45:24,1900-01-00 00:00:00,0999-wombat,B8:27:EB:6F:ED:ED,-65, WPA ,0.000000,0.000000,0.000,0.000,AP
2026-04-01 14:45:24,1900-01-00 00:00:00,0999-wombat,B8:27:EB:6F:ED:ED,-56, WPA ,0.000000,0.000000,0.000,0.000,AP
2026-04-01 14:45:24,1900-01-00 00:00:00,0999-wombat,B8:27:EB:6F:ED:ED,-56, WPA ,0.000000,0.000000,0.000,0.000,AP
2026-04-01 14:45:24,1900-01-00 00:00:00,0999-wombat,B8:27:EB:6F:ED:ED,-57, WPA ,0.000000,0.000000,0.000,0.000,AP
2026-04-01 14:45:24,1900-01-00 00:00:00,0999-wombat,B8:27:EB:6F:ED:ED,-57, WPA ,0.000000,0.000000,0.000,0.000,AP
2026-04-01 14:45:24,1900-01-00 00:00:00,0999-wombat,B8:27:EB:6F:ED:ED,-57, WPA ,0.000000,0.000000,0.000,0.000,AP
2026-04-01 14:45:24,1900-01-00 00:00:00,0999-wombat,B8:27:EB:6F:ED:ED,-57, WPA ,0.000000,0.000000,0.000,0.000,AP
2026-04-01 14:45:24,1900-01-00 00:00:00,0999-wombat,B8:27:EB:6F:ED:ED,-57, WPA ,0.000000,0.000000,0.000,0.000,AP
2026-04-01 14:45:24,1900-01-00 00:00:00,0999-wombat,B8:27:EB:6F:ED:ED,-57, WPA ,0.000000,0.000000,0.000,0.000,AP
2026-04-01 14:45:24,1900-01-00 00:00:00,0999-wombat,B8:27:EB:6F:ED:ED,-57, WPA ,0.000000,0.000000,0.000,0.000,AP
2026-04-01 14:45:24,1900-01-00 00:00:00,0999-wombat,B8:27:EB:6F:ED:ED,-57, WPA ,0.000000,0.000000,0.000,0.000,AP
2026-04-01 14:45:24,1900-01-00 00:00:00,0999-wombat,B8:27:EB:6F:ED:ED,-57, WPA ,0.000000,0.000000,0.000,0.000,AP
2026-04-01 14:45:24,1900-01-00 00:00:00,0999-wombat,B8:27:EB:6F:ED:ED,-57, WPA ,0.000000,0.000000,0.000,0.000,AP
2026-04-01 14:45:24,1900-01-00 00:00:00,0999-wombat,B8:27:EB:6F:ED:ED,-57, WPA ,0.000000,0.000000,0.000,0.000,AP
2026-04-01 14:45:24,1900-01-00 00:00:00,0999-wombat,B8:27:EB:6F:ED:ED,-57, WPA ,0.000000,0.000000,0.000,0.000,AP
2026-04-01 14:45:24,1900-01-00 00:00:00,0999-wombat,B8:27:EB:6F:ED:ED,-57, WPA ,0.000000,0.000000,0.000,0.000,AP
2026-04-01 14:45:24,1900-01-00 00:00:00,0999-wombat,B8:27:EB:6F:ED:ED,-57, WPA ,0.000000,0.000000,0.000,0.000,AP
2026-04-01 14:45:24,1900-01-00 00:00:00,0999-wombat,B8:27:EB:6F:ED:ED,-57, WPA ,0.000000,0.000000,0.000,0.000,AP
2026-04-01 14:45:24,1900-01-00 00:00:00,0999-wombat,B8:27:EB:6F:ED:ED,-57, WPA ,0.000000,0.000000,0.000,0.000,AP
2026-04-01 14:45:24,1900-01-00 00:00:00,0999-wombat,B8:27:EB:6F:ED:ED,-57, WPA ,0.000000,0.000000,0.000,0.000,AP
2026-04-01 14:45:24,1900-01-00 00:00:00,0999-wombat,B8:27:EB:6F:ED:ED,-57, WPA ,0.000000,0.000000,0.000,0.000,AP
2026-04-01 14:45:24,1900-01-00 00:00:00,0999-wombat,B8:27:EB:6F:ED:ED,-57, WPA ,0.000000,0.000000,0.000,0.000,AP
2026-04-01 14:45:24,1900-01-00 00:00:00,0999-wombat,B8:27:EB:6F:ED:ED,-57, WPA ,0.000000,0.000000,0.000,0.000,AP
2026-04-01 14:45:24,1900-01-00 00:00:00,0999-wombat,B8:27:EB:6F:ED:ED,-57, WPA ,0.000000,0.000000,0.000,0.000,AP
2026-04-01 14:45:24,1900-01-00 00:00:00,0999-wombat,B8:27:EB:6F:ED:ED,-57, WPA ,0.000000,0.000000,0.000,0.000,AP
2026-04-01 14:45:24,1900-01-00 00:00:00,0999-wombat,B8:27:EB:6F:ED:ED,-37, WPA ,0.000000,0.000000,0.000,0.000,AP
2026-04-01 14:45:24,1900-01-00 00:00:00,0999-wombat,B8:27:EB:6F:ED:ED,-37, WPA ,0.000000,0.000000,0.000,0.000,AP
2026-04-01 14:45:24,1900-01-00 00:00:00,0999-wombat,B8:27:EB:6F:ED:ED,-37, WPA ,0.000000,0.000000,0.000,0.000,AP
2026-04-01 14:45:24,1900-01-00 00:00:00,0999-wombat,B8:27:EB:6F:ED:ED,-37, WPA ,0.000000,0.000000,0.000,0.000,AP
2026-04-01 14:45:24,1900-01-00 00:00:00,0999-wombat,B8:27:EB:6F:ED:ED,-37, WPA ,0.000000,0.000000,0.000,0.000,AP
2026-04-01 14:45:24,1900-01-00 00:00:00,0999-wombat,B8:27:EB:6F:ED:ED,-37, WPA ,0.000000,0.000000,0.000,0.000,AP
2026-04-01 14:45:24,1900-01-00 00:00:00,0999-wombat,B8:27:EB:6F:ED:ED,-37, WPA ,0.000000,0.000000,0.000,0.000,AP
2026-04-01 14:45:24,1900-01-00 00:00:00,0999-wombat,B8:27:EB:6F:ED:ED,-37, WPA ,0.000000,0.000000,0.000,0.000,AP
2026-04-01 14:45:24,1900-01-00 00:00:00,0999-wombat,B8:27:EB:6F:ED:ED,-37, WPA ,0.000000,0.000000,0.000,0.000,AP
2026-04-01 14:45:24,1900-01-00 00:00:00,0999-wombat,B8:27:EB:6F:ED:ED,-37, WPA ,0.000000,0.000000,0.000,0.000,AP
2026-04-01 14:45:24,1900-01-00 00:00:00,0999-wombat,B8:27:EB:6F:ED:ED,-37, WPA ,0.000000,0.000000,0.000,0.000,AP
2026-04-01 14:45:24,1900-01-00 00:00:00,0999-wombat,B8:27:EB:6F:ED:ED,-37, WPA ,0.000000,0.000000,0.000,0.000,AP
2026-04-01 14:45:24,1900-01-00 00:00:00,0999-wombat,B8:27:EB:6F:ED:ED,-37, WPA ,0.000000,0.000000,0.000,0.000,AP
2026-04-01 14:45:24,1900-01-00 00:00:00,0999-wombat,B8:27:EB:6F:ED:ED,-37, WPA ,0.000000,0.000000,0.000,0.000,AP
2026-04-01 14:45:24,1900-01-00 00:00:00,0999-wombat,B8:27:EB:6F:ED:ED,-67, WPA ,0.000000,0.000000,0.000,0.000,AP
2026-04-01 14:45:24,1900-01-00 00:00:00,0999-wombat,B8:27:EB:6F:ED:ED,-67, WPA ,0.000000,0.000000,0.000,0.000,AP
2026-04-01 14:45:25,1900-01-00 00:00:00,0999-wombat,B8:27:EB:6F:ED:ED,-67, WPA ,0.000000,0.000000,0.000,0.000,AP
2026-04-01 14:45:25,1900-01-00 00:00:00,0999-wombat,B8:27:EB:6F:ED:ED,-67, WPA ,0.000000,0.000000,0.000,0.000,AP
2026-04-01 14:45:25,1900-01-00 00:00:00,0999-wombat,B8:27:EB:6F:ED:ED,-67, WPA ,0.000000,0.000000,0.000,0.000,AP
2026-04-01 14:45:25,1900-01-00 00:00:00,0999-wombat,B8:27:EB:6F:ED:ED,-67, WPA ,0.000000,0.000000,0.000,0.000,AP
2026-04-01 14:45:25,1900-01-00 00:00:00,0999-wombat,B8:27:EB:6F:ED:ED,-67, WPA ,0.000000,0.000000,0.000,0.000,AP
2026-04-01 14:45:25,1900-01-00 00:00:00,0999-wombat,B8:27:EB:6F:ED:ED,-67, WPA ,0.000000,0.000000,0.000,0.000,AP
2026-04-01 14:45:25,1900-01-00 00:00:00,0999-wombat,B8:27:EB:6F:ED:ED,-67, WPA ,0.000000,0.000000,0.000,0.000,AP
2026-04-01 14:45:25,1900-01-00 00:00:00,0999-wombat,B8:27:EB:6F:ED:ED,-67, WPA ,0.000000,0.000000,0.000,0.000,AP
2026-04-01 14:45:25,1900-01-00 00:00:00,0999-wombat,B8:27:EB:6F:ED:ED,-67, WPA ,0.000000,0.000000,0.000,0.000,AP
2026-04-01 14:45:25,1900-01-00 00:00:00,0999-wombat,B8:27:EB:6F:ED:ED,-67, WPA ,0.000000,0.000000,0.000,0.000,AP
2026-04-01 14:45:25,1900-01-00 00:00:00,0999-wombat,B8:27:EB:6F:ED:ED,-67, WPA ,0.000000,0.000000,0.000,0.000,AP
2026-04-01 14:45:25,1900-01-00 00:00:00,0999-wombat,B8:27:EB:6F:ED:ED,-67, WPA ,0.000000,0.000000,0.000,0.000,AP
2026-04-01 14:45:25,1900-01-00 00:00:00,0999-wombat,B8:27:EB:6F:ED:ED,-67, WPA ,0.000000,0.000000,0.000,0.000,AP
2026-04-01 14:45:25,1900-01-00 00:00:00,0999-wombat,B8:27:EB:6F:ED:ED,-67, WPA ,0.000000,0.000000,0.000,0.000,AP
2026-04-01 14:45:25,1900-01-00 00:00:00,0999-wombat,B8:27:EB:6F:ED:ED,-67, WPA ,0.000000,0.000000,0.000,0.000,AP
2026-04-01 14:45:25,1900-01-00 00:00:00,0999-wombat,B8:27:EB:6F:ED:ED,-67, WPA ,0.000000,0.000000,0.000,0.000,AP
2026-04-01 14:45:25,1900-01-00 00:00:00,0999-wombat,B8:27:EB:6F:ED:ED,-67, WPA ,0.000000,0.000000,0.000,0.000,AP
2026-04-01 14:45:25,1900-01-00 00:00:00,0999-wombat,B8:27:EB:6F:ED:ED,-79, WPA ,0.000000,0.000000,0.000,0.000,AP
2026-04-01 14:45:25,1900-01-00 00:00:00,0999-wombat,B8:27:EB:6F:ED:ED,-79, WPA ,0.000000,0.000000,0.000,0.000,AP
2026-04-01 14:45:25,1900-01-00 00:00:00,0999-wombat,B8:27:EB:6F:ED:ED,-79, WPA ,0.000000,0.000000,0.000,0.000,AP
2026-04-01 14:45:25,1900-01-00 00:00:00,0999-wombat,B8:27:EB:6F:ED:ED,-79, WPA ,0.000000,0.000000,0.000,0.000,AP
2026-04-01 14:45:25,1900-01-00 00:00:00,0999-wombat,B8:27:EB:6F:ED:ED,-79, WPA ,0.000000,0.000000,0.000,0.000,AP
2026-04-01 14:45:25,1900-01-00 00:00:00,0999-wombat,B8:27:EB:6F:ED:ED,-79, WPA ,0.000000,0.000000,0.000,0.000,AP
2026-04-01 14:45:25,1900-01-00 00:00:00,0999-wombat,B8:27:EB:6F:ED:ED,-79, WPA ,0.000000,0.000000,0.000,0.000,AP
2026-04-01 14:45:25,1900-01-00 00:00:00,0999-wombat,B8:27:EB:6F:ED:ED,-79, WPA ,0.000000,0.000000,0.000,0.000,AP
2026-04-01 14:45:25,1900-01-00 00:00:00,0999-wombat,B8:27:EB:6F:ED:ED,-79, WPA ,0.000000,0.000000,0.000,0.000,AP
2026-04-01 14:45:25,1900-01-00 00:00:00,0999-wombat,B8:27:EB:6F:ED:ED,-79, WPA ,0.000000,0.000000,0.000,0.000,AP
2026-04-01 14:45:25,1900-01-00 00:00:00,0999-wombat,B8:27:EB:6F:ED:ED,-79, WPA ,0.000000,0.000000,0.000,0.000,AP
2026-04-01 14:45:25,1900-01-00 00:00:00,0999-wombat,B8:27:EB:6F:ED:ED,-79, WPA ,0.000000,0.000000,0.000,0.000,AP
2026-04-01 14:45:25,1900-01-00 00:00:00,0999-wombat,B8:27:EB:6F:ED:ED,-79, WPA ,0.000000,0.000000,0.000,0.000,AP
2026-04-01 14:45:25,1900-01-00 00:00:00,0999-wombat,B8:27:EB:6F:ED:ED,-79, WPA ,0.000000,0.000000,0.000,0.000,AP
2026-04-01 14:45:25,1900-01-00 00:00:00,0999-wombat,B8:27:EB:6F:ED:ED,-79, WPA ,0.000000,0.000000,0.000,0.000,AP
2026-04-01 14:45:25,1900-01-00 00:00:00,0999-wombat,B8:27:EB:6F:ED:ED,-66, WPA ,0.000000,0.000000,0.000,0.000,AP
2026-04-01 14:45:25,1900-01-00 00:00:00,0999-wombat,B8:27:EB:6F:ED:ED,-66, WPA ,0.000000,0.000000,0.000,0.000,AP
2026-04-01 14:45:25,1900-01-00 00:00:00,0999-wombat,B8:27:EB:6F:ED:ED,-66, WPA ,0.000000,0.000000,0.000,0.000,AP
2026-04-01 14:45:25,1900-01-00 00:00:00,0999-wombat,B8:27:EB:6F:ED:ED,-66, WPA ,0.000000,0.000000,0.000,0.000,AP
2026-04-01 14:45:25,1900-01-00 00:00:00,0999-wombat,B8:27:EB:6F:ED:ED,-66, WPA ,0.000000,0.000000,0.000,0.000,AP
2026-04-01 14:45:25,1900-01-00 00:00:00,0999-wombat,B8:27:EB:6F:ED:ED,-66, WPA ,0.000000,0.000000,0.000,0.000,AP
2026-04-01 14:45:25,1900-01-00 00:00:00,0999-wombat,B8:27:EB:6F:ED:ED,-78, WPA ,0.000000,0.000000,0.000,0.000,AP
2026-04-01 14:45:25,1900-01-00 00:00:00,0999-wombat,B8:27:EB:6F:ED:ED,-78, WPA ,0.000000,0.000000,0.000,0.000,AP
2026-04-01 14:45:25,1900-01-00 00:00:00,0999-wombat,B8:27:EB:6F:ED:ED,-78, WPA ,0.000000,0.000000,0.000,0.000,AP
2026-04-01 14:45:25,1900-01-00 00:00:00,0999-wombat,B8:27:EB:6F:ED:ED,-78, WPA ,0.000000,0.000000,0.000,0.000,AP
2026-04-01 14:45:25,1900-01-00 00:00:00,0999-wombat,B8:27:EB:6F:ED:ED,-68, WPA ,0.000000,0.000000,0.000,0.000,AP
2026-04-01 14:45:25,1900-01-00 00:00:00,0999-wombat,B8:27:EB:6F:ED:ED,-68, WPA ,0.000000,0.000000,0.000,0.000,AP
2026-04-01 14:45:25,1900-01-00 00:00:00,0999-wombat,B8:27:EB:6F:ED:ED,-68, WPA ,0.000000,0.000000,0.000,0.000,AP
2026-04-01 14:45:25,1900-01-00 00:00:00,0999-wombat,B8:27:EB:6F:ED:ED,-68, WPA ,0.000000,0.000000,0.000,0.000,AP
2026-04-01 14:45:25,1900-01-00 00:00:00,0999-wombat,B8:27:EB:6F:ED:ED,-68, WPA ,0.000000,0.000000,0.000,0.000,AP
2026-04-01 14:45:25,1900-01-00 00:00:00,0999-wombat,B8:27:EB:6F:ED:ED,-68, WPA ,0.000000,0.000000,0.000,0.000,AP
2026-04-01 14:45:25,1900-01-00 00:00:00,0999-wombat,B8:27:EB:6F:ED:ED,-68, WPA ,0.000000,0.000000,0.000,0.000,AP
2026-04-01 14:45:25,1900-01-00 00:00:00,0999-wombat,B8:27:EB:6F:ED:ED,-68, WPA ,0.000000,0.000000,0.000,0.000,AP
2026-04-01 14:45:25,1900-01-00 00:00:00,0999-wombat,B8:27:EB:6F:ED:ED,-68, WPA ,0.000000,0.000000,0.000,0.000,AP
2026-04-01 14:45:25,1900-01-00 00:00:00,0999-wombat,B8:27:EB:6F:ED:ED,-68, WPA ,0.000000,0.000000,0.000,0.000,AP
2026-04-01 14:45:25,1900-01-00 00:00:00,0999-wombat,B8:27:EB:6F:ED:ED,-68, WPA ,0.000000,0.000000,0.000,0.000,AP
2026-04-01 14:45:25,1900-01-00 00:00:00,0999-wombat,B8:27:EB:6F:ED:ED,-68, WPA ,0.000000,0.000000,0.000,0.000,AP
2026-04-01 14:45:25,1900-01-00 00:00:00,0999-wombat,B8:27:EB:6F:ED:ED,-68, WPA ,0.000000,0.000000,0.000,0.000,AP
2026-04-01 14:45:25,1900-01-00 00:00:00,0999-wombat,B8:27:EB:6F:ED:ED,-68, WPA ,0.000000,0.000000,0.000,0.000,AP
2026-04-01 14:45:25,1900-01-00 00:00:00,0999-wombat,B8:27:EB:6F:ED:ED,-68, WPA ,0.000000,0.000000,0.000,0.000,AP
2026-04-01 14:45:25,1900-01-00 00:00:00,0999-wombat,B8:27:EB:6F:ED:ED,-68, WPA ,0.000000,0.000000,0.000,0.000,AP
2026-04-01 14:45:25,1900-01-00 00:00:00,0999-wombat,B8:27:EB:6F:ED:ED,-68, WPA ,0.000000,0.000000,0.000,0.000,AP
2026-04-01 14:45:25,1900-01-00 00:00:00,0999-wombat,B8:27:EB:6F:ED:ED,-68, WPA ,0.000000,0.000000,0.000,0.000,AP
2026-04-01 14:45:25,1900-01-00 00:00:00,0999-wombat,B8:27:EB:6F:ED:ED,-68, WPA ,0.000000,0.000000,0.000,0.000,AP
2026-04-01 14:45:25,1900-01-00 00:00:00,0999-wombat,B8:27:EB:6F:ED:ED,-68, WPA ,0.000000,0.000000,0.000,0.000,AP
2026-04-01 14:45:25,1900-01-00 00:00:00,0999-wombat,B8:27:EB:6F:ED:ED,-68, WPA ,0.000000,0.000000,0.000,0.000,AP
2026-04-01 14:45:25,1900-01-00 00:00:00,0999-wombat,B8:27:EB:6F:ED:ED,-68, WPA ,0.000000,0.000000,0.000,0.000,AP
2026-04-01 14:45:25,1900-01-00 00:00:00,0999-wombat,B8:27:EB:6F:ED:ED,-68, WPA ,0.000000,0.000000,0.000,0.000,AP
2026-04-01 14:45:25,1900-01-00 00:00:00,0999-wombat,B8:27:EB:6F:ED:ED,-68, WPA ,0.000000,0.000000,0.000,0.000,AP
2026-04-01 14:45:25,1900-01-00 00:00:00,0999-wombat,B8:27:EB:6F:ED:ED,-68, WPA ,0.000000,0.000000,0.000,0.000,AP
2026-04-01 14:45:25,1900-01-00 00:00:00,0999-wombat,B8:27:EB:6F:ED:ED,-68, WPA ,0.000000,0.000000,0.000,0.000,AP
2026-04-01 14:45:25,1900-01-00 00:00:00,0999-wombat,B8:27:EB:6F:ED:ED,-68, WPA ,0.000000,0.000000,0.000,0.000,AP
2026-04-01 14:45:25,1900-01-00 00:00:00,0999-wombat,B8:27:EB:6F:ED:ED,-68, WPA ,0.000000,0.000000,0.000,0.000,AP
2026-04-01 14:45:25,1900-01-00 00:00:00,0999-wombat,B8:27:EB:6F:ED:ED,-68, WPA ,0.000000,0.000000,0.000,0.000,AP
2026-04-01 14:45:25,1900-01-00 00:00:00,0999-wombat,B8:27:EB:6F:ED:ED,-68, WPA ,0.000000,0.000000,0.000,0.000,AP
2026-04-01 14:45:25,1900-01-00 00:00:00,0999-wombat,B8:27:EB:6F:ED:ED,-68, WPA ,0.000000,0.000000,0.000,0.000,AP
2026-04-01 14:45:25,1900-01-00 00:00:00,0999-wombat,B8:27:EB:6F:ED:ED,-68, WPA ,0.000000,0.000000,0.000,0.000,AP
2026-04-01 14:45:25,1900-01-00 00:00:00,0999-wombat,B8:27:EB:6F:ED:ED,-68, WPA ,0.000000,0.000000,0.000,0.000,AP
2026-04-01 14:45:25,1900-01-00 00:00:00,0999-wombat,B8:27:EB:6F:ED:ED,-68, WPA ,0.000000,0.000000,0.000,0.000,AP
2026-04-01 14:45:25,1900-01-00 00:00:00,0999-wombat,B8:27:EB:6F:ED:ED,-68, WPA ,0.000000,0.000000,0.000,0.000,AP
2026-04-01 14:45:25,1900-01-00 00:00:00,0999-wombat,B8:27:EB:6F:ED:ED,-68, WPA ,0.000000,0.000000,0.000,0.000,AP
2026-04-01 14:45:25,1900-01-00 00:00:00,0999-wombat,B8:27:EB:6F:ED:ED,-68, WPA ,0.000000,0.000000,0.000,0.000,AP
2026-04-01 14:45:25,1900-01-00 00:00:00,0999-wombat,B8:27:EB:6F:ED:ED,-68, WPA ,0.000000,0.000000,0.000,0.000,AP
2026-04-01 14:45:25,1900-01-00 00:00:00,0999-wombat,B8:27:EB:6F:ED:ED,-68, WPA ,0.000000,0.000000,0.000,0.000,AP
2026-04-01 14:45:25,1900-01-00 00:00:00,0999-wombat,B8:27:EB:6F:ED:ED,-68, WPA ,0.000000,0.000000,0.000,0.000,AP
2026-04-01 14:45:25,1900-01-00 00:00:00,0999-wombat,B8:27:EB:6F:ED:ED,-68, WPA ,0.000000,0.000000,0.000,0.000,AP
2026-04-01 14:45:25,1900-01-00 00:00:00,0999-wombat,B8:27:EB:6F:ED:ED,-36, WPA ,0.000000,0.000000,0.000,0.000,AP
2026-04-01 14:45:25,1900-01-00 00:00:00,0999-wombat,B8:27:EB:6F:ED:ED,-36, WPA ,0.000000,0.000000,0.000,0.000,AP
2026-04-01 14:45:25,1900-01-00 00:00:00,0999-wombat,B8:27:EB:6F:ED:ED,-36, WPA ,0.000000,0.000000,0.000,0.000,AP
2026-04-01 14:45:25,1900-01-00 00:00:00,0999-wombat,B8:27:EB:6F:ED:ED,-36, WPA ,0.000000,0.000000,0.000,0.000,AP
2026-04-01 14:45:25,1900-01-00 00:00:00,0999-wombat,B8:27:EB:6F:ED:ED,-36, WPA ,0.000000,0.000000,0.000,0.000,AP
2026-04-01 14:45:25,1900-01-00 00:00:00,0999-wombat,B8:27:EB:6F:ED:ED,-36, WPA ,0.000000,0.000000,0.000,0.000,AP
2026-04-01 14:45:25,1900-01-00 00:00:00,0999-wombat,B8:27:EB:6F:ED:ED,-36, WPA ,0.000000,0.000000,0.000,0.000,AP
2026-04-01 14:45:25,1900-01-00 00:00:00,0999-wombat,B8:27:EB:6F:ED:ED,-36, WPA ,0.000000,0.000000,0.000,0.000,AP
2026-04-01 14:45:25,1900-01-00 00:00:00,0999-wombat,B8:27:EB:6F:ED:ED,-36, WPA ,0.000000,0.000000,0.000,0.000,AP
2026-04-01 14:45:25,1900-01-00 00:00:00,0999-wombat,B8:27:EB:6F:ED:ED,-36, WPA ,0.000000,0.000000,0.000,0.000,AP
2026-04-01 14:45:25,1900-01-00 00:00:00,0999-wombat,B8:27:EB:6F:ED:ED,-36, WPA ,0.000000,0.000000,0.000,0.000,AP
2026-04-01 14:45:25,1900-01-00 00:00:00,0999-wombat,B8:27:EB:6F:ED:ED,-36, WPA ,0.000000,0.000000,0.000,0.000,AP
2026-04-01 14:45:25,1900-01-00 00:00:00,0999-wombat,B8:27:EB:6F:ED:ED,-36, WPA ,0.000000,0.000000,0.000,0.000,AP
2026-04-01 14:45:25,1900-01-00 00:00:00,0999-wombat,B8:27:EB:6F:ED:ED,-36, WPA ,0.000000,0.000000,0.000,0.000,AP
2026-04-01 14:45:25,1900-01-00 00:00:00,0999-wombat,B8:27:EB:6F:ED:ED,-36, WPA ,0.000000,0.000000,0.000,0.000,AP
2026-04-01 14:45:25,1900-01-00 00:00:00,0999-wombat,B8:27:EB:6F:ED:ED,-36, WPA ,0.000000,0.000000,0.000,0.000,AP
2026-04-01 14:45:25,1900-01-00 00:00:00,0999-wombat,B8:27:EB:6F:ED:ED,-36, WPA ,0.000000,0.000000,0.000,0.000,AP
2026-04-01 14:45:25,1900-01-00 00:00:00,0999-wombat,B8:27:EB:6F:ED:ED,-36, WPA ,0.000000,0.000000,0.000,0.000,AP
2026-04-01 14:45:25,1900-01-00 00:00:00,0999-wombat,B8:27:EB:6F:ED:ED,-38, WPA ,0.000000,0.000000,0.000,0.000,AP
2026-04-01 14:45:25,1900-01-00 00:00:00,0999-wombat,B8:27:EB:6F:ED:ED,-80, WPA ,0.000000,0.000000,0.000,0.000,AP
2026-04-01 14:45:25,1900-01-00 00:00:00,0999-wombat,B8:27:EB:6F:ED:ED,-80, WPA ,0.000000,0.000000,0.000,0.000,AP
2026-04-01 14:45:25,1900-01-00 00:00:00,0999-wombat,B8:27:EB:6F:ED:ED,-80, WPA ,0.000000,0.000000,0.000,0.000,AP
2026-04-01 14:45:25,1900-01-00 00:00:00,0999-wombat,B8:27:EB:6F:ED:ED,-80, WPA ,0.000000,0.000000,0.000,0.000,AP
2026-04-01 14:45:25,1900-01-00 00:00:00,0999-wombat,B8:27:EB:6F:ED:ED,-80, WPA ,0.000000,0.000000,0.000,0.000,AP
2026-04-01 14:45:25,1900-01-00 00:00:00,0999-wombat,B8:27:EB:6F:ED:ED,-80, WPA ,0.000000,0.000000,0.000,0.000,AP
2026-04-01 14:45:25,1900-01-00 00:00:00,0999-wombat,B8:27:EB:6F:ED:ED,-80, WPA ,0.000000,0.000000,0.000,0.000,AP
2026-04-01 14:45:25,1900-01-00 00:00:00,0999-wombat,B8:27:EB:6F:ED:ED,-36, WPA ,0.000000,0.000000,0.000,0.000,AP
2026-04-01 14:45:25,1900-01-00 00:00:00,0999-wombat,B8:27:EB:6F:ED:ED,-36, WPA ,0.000000,0.000000,0.000,0.000,AP
2026-04-01 14:45:25,1900-01-00 00:00:00,0999-wombat,B8:27:EB:6F:ED:ED,-36, WPA ,0.000000,0.000000,0.000,0.000,AP
2026-04-01 14:45:25,1900-01-00 00:00:00,0999-wombat,B8:27:EB:6F:ED:ED,-36, WPA ,0.000000,0.000000,0.000,0.000,AP
2026-04-01 14:45:25,1900-01-00 00:00:00,0999-wombat,B8:27:EB:6F:ED:ED,-36, WPA ,0.000000,0.000000,0.000,0.000,AP
2026-04-01 14:45:25,1900-01-00 00:00:00,0999-wombat,B8:27:EB:6F:ED:ED,-36, WPA ,0.000000,0.000000,0.000,0.000,AP
2026-04-01 14:45:25,1900-01-00 00:00:00,0999-wombat,B8:27:EB:6F:ED:ED,-36, WPA ,0.000000,0.000000,0.000,0.000,AP
2026-04-01 14:45:25,1900-01-00 00:00:00,0999-wombat,B8:27:EB:6F:ED:ED,-36, WPA ,0.000000,0.000000,0.000,0.000,AP
2026-04-01 14:45:25,1900-01-00 00:00:00,0999-wombat,B8:27:EB:6F:ED:ED,-36, WPA ,0.000000,0.000000,0.000,0.000,AP
2026-04-01 14:45:25,1900-01-00 00:00:00,0999-wombat,B8:27:EB:6F:ED:ED,-36, WPA ,0.000000,0.000000,0.000,0.000,AP
2026-04-01 14:45:25,1900-01-00 00:00:00,0999-wombat,B8:27:EB:6F:ED:ED,-36, WPA ,0.000000,0.000000,0.000,0.000,AP
2026-04-01 14:45:25,1900-01-00 00:00:00,0999-wombat,B8:27:EB:6F:ED:ED,-36, WPA ,0.000000,0.000000,0.000,0.000,AP
2026-04-01 14:45:25,1900-01-00 00:00:00,0999-wombat,B8:27:EB:6F:ED:ED,-36, WPA ,0.000000,0.000000,0.000,0.000,AP
2026-04-01 14:45:25,1900-01-00 00:00:00,0999-wombat,B8:27:EB:6F:ED:ED,-36, WPA ,0.000000,0.000000,0.000,0.000,AP
2026-04-01 14:45:25,1900-01-00 00:00:00,0999-wombat,B8:27:EB:6F:ED:ED,-36, WPA ,0.000000,0.000000,0.000,0.000,AP
2026-04-01 14:45:25,1900-01-00 00:00:00,0999-wombat,B8:27:EB:6F:ED:ED,-36, WPA ,0.000000,0.000000,0.000,0.000,AP
2026-04-01 14:45:25,1900-01-00 00:00:00,0999-wombat,B8:27:EB:6F:ED:ED,-36, WPA ,0.000000,0.000000,0.000,0.000,AP
2026-04-01 14:45:25,1900-01-00 00:00:00,0999-wombat,B8:27:EB:6F:ED:ED,-36, WPA ,0.000000,0.000000,0.000,0.000,AP
2026-04-01 14:45:25,1900-01-00 00:00:00,0999-wombat,B8:27:EB:6F:ED:ED,-36, WPA ,0.000000,0.000000,0.000,0.000,AP
2026-04-01 14:45:25,1900-01-00 00:00:00,0999-wombat,B8:27:EB:6F:ED:ED,-36, WPA ,0.000000,0.000000,0.000,0.000,AP
2026-04-01 14:45:25,1900-01-00 00:00:00,0999-wombat,B8:27:EB:6F:ED:ED,-36, WPA ,0.000000,0.000000,0.000,0.000,AP
2026-04-01 14:45:25,1900-01-00 00:00:00,0999-wombat,B8:27:EB:6F:ED:ED,-36, WPA ,0.000000,0.000000,0.000,0.000,AP
2026-04-01 14:45:25,1900-01-00 00:00:00,0999-wombat,B8:27:EB:6F:ED:ED,-36, WPA ,0.000000,0.000000,0.000,0.000,AP
2026-04-01 14:45:25,1900-01-00 00:00:00,0999-wombat,B8:27:EB:6F:ED:ED,-36, WPA ,0.000000,0.000000,0.000,0.000,AP
2026-04-01 14:45:25,1900-01-00 00:00:00,0999-wombat,B8:27:EB:6F:ED:ED,-36, WPA ,0.000000,0.000000,0.000,0.000,AP
2026-04-01 14:45:25,1900-01-00 00:00:00,0999-wombat,B8:27:EB:6F:ED:ED,-36, WPA ,0.000000,0.000000,0.000,0.000,AP
2026-04-01 14:45:25,1900-01-00 00:00:00,0999-wombat,B8:27:EB:6F:ED:ED,-36, WPA ,0.000000,0.000000,0.000,0.000,AP
2026-04-01 14:45:25,1900-01-00 00:00:00,0999-wombat,B8:27:EB:6F:ED:ED,-36, WPA ,0.000000,0.000000,0.000,0.000,AP
2026-04-01 14:45:25,1900-01-00 00:00:00,0999-wombat,B8:27:EB:6F:ED:ED,-36, WPA ,0.000000,0.000000,0.000,0.000,AP
2026-04-01 14:45:25,1900-01-00 00:00:00,0999-wombat,B8:27:EB:6F:ED:ED,-36, WPA ,0.000000,0.000000,0.000,0.000,AP
2026-04-01 14:45:25,1900-01-00 00:00:00,0999-wombat,B8:27:EB:6F:ED:ED,-36, WPA ,0.000000,0.000000,0.000,0.000,AP
2026-04-01 14:45:25,1900-01-00 00:00:00,0999-wombat,B8:27:EB:6F:ED:ED,-36, WPA ,0.000000,0.000000,0.000,0.000,AP
2026-04-01 14:45:25,1900-01-00 00:00:00,0999-wombat,B8:27:EB:6F:ED:ED,-36, WPA ,0.000000,0.000000,0.000,0.000,AP
2026-04-01 14:45:25,1900-01-00 00:00:00,0999-wombat,B8:27:EB:6F:ED:ED,-36, WPA ,0.000000,0.000000,0.000,0.000,AP
2026-04-01 14:45:25,1900-01-00 00:00:00,0999-wombat,B8:27:EB:6F:ED:ED,-36, WPA ,0.000000,0.000000,0.000,0.000,AP
2026-04-01 14:45:25,1900-01-00 00:00:00,0999-wombat,B8:27:EB:6F:ED:ED,-36, WPA ,0.000000,0.000000,0.000,0.000,AP
2026-04-01 14:45:25,1900-01-00 00:00:00,0999-wombat,B8:27:EB:6F:ED:ED,-36, WPA ,0.000000,0.000000,0.000,0.000,AP
2026-04-01 14:45:25,1900-01-00 00:00:00,0999-wombat,B8:27:EB:6F:ED:ED,-36, WPA ,0.000000,0.000000,0.000,0.000,AP
2026-04-01 14:45:25,1900-01-00 00:00:00,0999-wombat,B8:27:EB:6F:ED:ED,-36, WPA ,0.000000,0.000000,0.000,0.000,AP
2026-04-01 14:45:25,1900-01-00 00:00:00,0999-wombat,B8:27:EB:6F:ED:ED,-36, WPA ,0.000000,0.000000,0.000,0.000,AP
2026-04-01 14:45:25,1900-01-00 00:00:00,0999-wombat,B8:27:EB:6F:ED:ED,-36, WPA ,0.000000,0.000000,0.000,0.000,AP
2026-04-01 14:45:25,1900-01-00 00:00:00,0999-wombat,B8:27:EB:6F:ED:ED,-36, WPA ,0.000000,0.000000,0.000,0.000,AP
2026-04-01 14:45:25,1900-01-00 00:00:00,0999-wombat,B8:27:EB:6F:ED:ED,-36, WPA ,0.000000,0.000000,0.000,0.000,AP
2026-04-01 14:45:25,1900-01-00 00:00:00,0999-wombat,B8:27:EB:6F:ED:ED,-36, WPA ,0.000000,0.000000,0.000,0.000,AP
2026-04-01 14:45:25,1900-01-00 00:00:00,0999-wombat,B8:27:EB:6F:ED:ED,-36, WPA ,0.000000,0.000000,0.000,0.000,AP
2026-04-01 14:45:25,1900-01-00 00:00:00,0999-wombat,B8:27:EB:6F:ED:ED,-36, WPA ,0.000000,0.000000,0.000,0.000,AP
2026-04-01 14:45:25,1900-01-00 00:00:00,0999-wombat,B8:27:EB:6F:ED:ED,-36, WPA ,0.000000,0.000000,0.000,0.000,AP
2026-04-01 14:45:25,1900-01-00 00:00:00,0999-wombat,B8:27:EB:6F:ED:ED,-36, WPA ,0.000000,0.000000,0.000,0.000,AP
2026-04-01 14:45:25,1900-01-00 00:00:00,0999-wombat,B8:27:EB:6F:ED:ED,-66, WPA ,0.000000,0.000000,0.000,0.000,AP
2026-04-01 14:45:25,1900-01-00 00:00:00,0999-wombat,B8:27:EB:6F:ED:ED,-66, WPA ,0.000000,0.000000,0.000,0.000,AP
2026-04-01 14:45:25,1900-01-00 00:00:00,0999-wombat,B8:27:EB:6F:ED:ED,-66, WPA ,0.000000,0.000000,0.000,0.000,AP
2026-04-01 14:45:25,1900-01-00 00:00:00,0999-wombat,B8:27:EB:6F:ED:ED,-66, WPA ,0.000000,0.000000,0.000,0.000,AP
2026-04-01 14:45:25,1900-01-00 00:00:00,0999-wombat,B8:27:EB:6F:ED:ED,-66, WPA ,0.000000,0.000000,0.000,0.000,AP
2026-04-01 14:45:25,1900-01-00 00:00:00,0999-wombat,B8:27:EB:6F:ED:ED,-66, WPA ,0.000000,0.000000,0.000,0.000,AP
2026-04-01 14:45:25,1900-01-00 00:00:00,0999-wombat,B8:27:EB:6F:ED:ED,-79, WPA ,0.000000,0.000000,0.000,0.000,AP
2026-04-01 14:45:25,1900-01-00 00:00:00,0999-wombat,B8:27:EB:6F:ED:ED,-79, WPA ,0.000000,0.000000,0.000,0.000,AP
2026-04-01 14:45:25,1900-01-00 00:00:00,0999-wombat,B8:27:EB:6F:ED:ED,-79, WPA ,0.000000,0.000000,0.000,0.000,AP
2026-04-01 14:45:25,1900-01-00 00:00:00,0999-wombat,B8:27:EB:6F:ED:ED,-79, WPA ,0.000000,0.000000,0.000,0.000,AP
2026-04-01 14:45:25,1900-01-00 00:00:00,0999-wombat,B8:27:EB:6F:ED:ED,-79, WPA ,0.000000,0.000000,0.000,0.000,AP
2026-04-01 14:45:25,1900-01-00 00:00:00,0999-wombat,B8:27:EB:6F:ED:ED,-79, WPA ,0.000000,0.000000,0.000,0.000,AP
2026-04-01 14:45:25,1900-01-00 00:00:00,0999-wombat,B8:27:EB:6F:ED:ED,-79, WPA ,0.000000,0.000000,0.000,0.000,AP
2026-04-01 14:45:25,1900-01-00 00:00:00,0999-wombat,B8:27:EB:6F:ED:ED,-66, WPA ,0.000000,0.000000,0.000,0.000,AP
2026-04-01 14:45:25,1900-01-00 00:00:00,0999-wombat,B8:27:EB:6F:ED:ED,-66, WPA ,0.000000,0.000000,0.000,0.000,AP
2026-04-01 14:45:25,1900-01-00 00:00:00,0999-wombat,B8:27:EB:6F:ED:ED,-66, WPA ,0.000000,0.000000,0.000,0.000,AP
2026-04-01 14:45:25,1900-01-00 00:00:00,0999-wombat,B8:27:EB:6F:ED:ED,-66, WPA ,0.000000,0.000000,0.000,0.000,AP
2026-04-01 14:45:25,1900-01-00 00:00:00,0999-wombat,B8:27:EB:6F:ED:ED,-66, WPA ,0.000000,0.000000,0.000,0.000,AP
2026-04-01 14:45:25,1900-01-00 00:00:00,0999-wombat,B8:27:EB:6F:ED:ED,-66, WPA ,0.000000,0.000000,0.000,0.000,AP
2026-04-01 14:45:25,1900-01-00 00:00:00,0999-wombat,B8:27:EB:6F:ED:ED,-66, WPA ,0.000000,0.000000,0.000,0.000,AP
2026-04-01 14:45:25,1900-01-00 00:00:00,0999-wombat,B8:27:EB:6F:ED:ED,-66, WPA ,0.000000,0.000000,0.000,0.000,AP
2026-04-01 14:45:25,1900-01-00 00:00:00,0999-wombat,B8:27:EB:6F:ED:ED,-66, WPA ,0.000000,0.000000,0.000,0.000,AP
2026-04-01 14:45:25,1900-01-00 00:00:00,0999-wombat,B8:27:EB:6F:ED:ED,-66, WPA ,0.000000,0.000000,0.000,0.000,AP
2026-04-01 14:45:25,1900-01-00 00:00:00,0999-wombat,B8:27:EB:6F:ED:ED,-66, WPA ,0.000000,0.000000,0.000,0.000,AP
2026-04-01 14:45:25,1900-01-00 00:00:00,0999-wombat,B8:27:EB:6F:ED:ED,-66, WPA ,0.000000,0.000000,0.000,0.000,AP
2026-04-01 14:45:25,1900-01-00 00:00:00,0999-wombat,B8:27:EB:6F:ED:ED,-66, WPA ,0.000000,0.000000,0.000,0.000,AP
2026-04-01 14:45:25,1900-01-00 00:00:00,0999-wombat,B8:27:EB:6F:ED:ED,-66, WPA ,0.000000,0.000000,0.000,0.000,AP
2026-04-01 14:45:25,1900-01-00 00:00:00,0999-wombat,B8:27:EB:6F:ED:ED,-66, WPA ,0.000000,0.000000,0.000,0.000,AP
2026-04-01 14:45:25,1900-01-00 00:00:00,0999-wombat,B8:27:EB:6F:ED:ED,-66, WPA ,0.000000,0.000000,0.000,0.000,AP
2026-04-01 14:45:25,1900-01-00 00:00:00,0999-wombat,B8:27:EB:6F:ED:ED,-66, WPA ,0.000000,0.000000,0.000,0.000,AP
2026-04-01 14:45:25,1900-01-00 00:00:00,0999-wombat,B8:27:EB:6F:ED:ED,-66, WPA ,0.000000,0.000000,0.000,0.000,AP
2026-04-01 14:45:25,1900-01-00 00:00:00,0999-wombat,B8:27:EB:6F:ED:ED,-66, WPA ,0.000000,0.000000,0.000,0.000,AP
2026-04-01 14:45:25,1900-01-00 00:00:00,0999-wombat,B8:27:EB:6F:ED:ED,-66, WPA ,0.000000,0.000000,0.000,0.000,AP
2026-04-01 14:45:25,1900-01-00 00:00:00,0999-wombat,B8:27:EB:6F:ED:ED,-66, WPA ,0.000000,0.000000,0.000,0.000,AP
2026-04-01 14:45:25,1900-01-00 00:00:00,0999-wombat,B8:27:EB:6F:ED:ED,-66, WPA ,0.000000,0.000000,0.000,0.000,AP
2026-04-01 14:45:25,1900-01-00 00:00:00,0999-wombat,B8:27:EB:6F:ED:ED,-66, WPA ,0.000000,0.000000,0.000,0.000,AP
2026-04-01 14:45:25,1900-01-00 00:00:00,0999-wombat,B8:27:EB:6F:ED:ED,-66, WPA ,0.000000,0.000000,0.000,0.000,AP
2026-04-01 14:45:25,1900-01-00 00:00:00,0999-wombat,B8:27:EB:6F:ED:ED,-66, WPA ,0.000000,0.000000,0.000,0.000,AP
2026-04-01 14:45:25,1900-01-00 00:00:00,0999-wombat,B8:27:EB:6F:ED:ED,-66, WPA ,0.000000,0.000000,0.000,0.000,AP
2026-04-01 14:45:25,1900-01-00 00:00:00,0999-wombat,B8:27:EB:6F:ED:ED,-66, WPA ,0.000000,0.000000,0.000,0.000,AP
2026-04-01 14:45:25,1900-01-00 00:00:00,0999-wombat,B8:27:EB:6F:ED:ED,-66, WPA ,0.000000,0.000000,0.000,0.000,AP
2026-04-01 14:45:25,1900-01-00 00:00:00,0999-wombat,B8:27:EB:6F:ED:ED,-66, WPA ,0.000000,0.000000,0.000,0.000,AP
2026-04-01 14:45:25,1900-01-00 00:00:00,0999-wombat,B8:27:EB:6F:ED:ED,-66, WPA ,0.000000,0.000000,0.000,0.000,AP
2026-04-01 14:45:25,1900-01-00 00:00:00,0999-wombat,B8:27:EB:6F:ED:ED,-66, WPA ,0.000000,0.000000,0.000,0.000,AP
2026-04-01 14:45:25,1900-01-00 00:00:00,0999-wombat,B8:27:EB:6F:ED:ED,-66, WPA ,0.000000,0.000000,0.000,0.000,AP
2026-04-01 14:45:25,1900-01-00 00:00:00,0999-wombat,B8:27:EB:6F:ED:ED,-66, WPA ,0.000000,0.000000,0.000,0.000,AP
2026-04-01 14:45:25,1900-01-00 00:00:00,0999-wombat,B8:27:EB:6F:ED:ED,-66, WPA ,0.000000,0.000000,0.000,0.000,AP
2026-04-01 14:45:25,1900-01-00 00:00:00,0999-wombat,B8:27:EB:6F:ED:ED,-66, WPA ,0.000000,0.000000,0.000,0.000,AP
2026-04-01 14:45:25,1900-01-00 00:00:00,0999-wombat,B8:27:EB:6F:ED:ED,-66, WPA ,0.000000,0.000000,0.000,0.000,AP
2026-04-01 14:45:25,1900-01-00 00:00:00,0999-wombat,B8:27:EB:6F:ED:ED,-66, WPA ,0.000000,0.000000,0.000,0.000,AP
2026-04-01 14:45:25,1900-01-00 00:00:00,0999-wombat,B8:27:EB:6F:ED:ED,-66, WPA ,0.000000,0.000000,0.000,0.000,AP
2026-04-01 14:45:25,1900-01-00 00:00:00,0999-wombat,B8:27:EB:6F:ED:ED,-39, WPA ,0.000000,0.000000,0.000,0.000,AP
2026-04-01 14:45:25,1900-01-00 00:00:00,0999-wombat,B8:27:EB:6F:ED:ED,-39, WPA ,0.000000,0.000000,0.000,0.000,AP
2026-04-01 14:45:25,1900-01-00 00:00:00,0999-wombat,B8:27:EB:6F:ED:ED,-39, WPA ,0.000000,0.000000,0.000,0.000,AP
2026-04-01 14:45:25,1900-01-00 00:00:00,0999-wombat,B8:27:EB:6F:ED:ED,-39, WPA ,0.000000,0.000000,0.000,0.000,AP
2026-04-01 14:45:25,1900-01-00 00:00:00,0999-wombat,B8:27:EB:6F:ED:ED,-39, WPA ,0.000000,0.000000,0.000,0.000,AP
2026-04-01 14:45:25,1900-01-00 00:00:00,0999-wombat,B8:27:EB:6F:ED:ED,-39, WPA ,0.000000,0.000000,0.000,0.000,AP
2026-04-01 14:45:25,1900-01-00 00:00:00,0999-wombat,B8:27:EB:6F:ED:ED,-39, WPA ,0.000000,0.000000,0.000,0.000,AP
2026-04-01 14:45:25,1900-01-00 00:00:00,0999-wombat,B8:27:EB:6F:ED:ED,-39, WPA ,0.000000,0.000000,0.000,0.000,AP
2026-04-01 14:45:25,1900-01-00 00:00:00,0999-wombat,B8:27:EB:6F:ED:ED,-39, WPA ,0.000000,0.000000,0.000,0.000,AP
2026-04-01 14:45:25,1900-01-00 00:00:00,0999-wombat,B8:27:EB:6F:ED:ED,-39, WPA ,0.000000,0.000000,0.000,0.000,AP
2026-04-01 14:45:25,1900-01-00 00:00:00,0999-wombat,B8:27:EB:6F:ED:ED,-39, WPA ,0.000000,0.000000,0.000,0.000,AP
2026-04-01 14:45:25,1900-01-00 00:00:00,0999-wombat,B8:27:EB:6F:ED:ED,-39, WPA ,0.000000,0.000000,0.000,0.000,AP
2026-04-01 14:45:25,1900-01-00 00:00:00,0999-wombat,B8:27:EB:6F:ED:ED,-39, WPA ,0.000000,0.000000,0.000,0.000,AP
2026-04-01 14:45:25,1900-01-00 00:00:00,0999-wombat,B8:27:EB:6F:ED:ED,-39, WPA ,0.000000,0.000000,0.000,0.000,AP
2026-04-01 14:45:25,1900-01-00 00:00:00,0999-wombat,B8:27:EB:6F:ED:ED,-39, WPA ,0.000000,0.000000,0.000,0.000,AP
2026-04-01 14:45:25,1900-01-00 00:00:00,0999-wombat,B8:27:EB:6F:ED:ED,-39, WPA ,0.000000,0.000000,0.000,0.000,AP
2026-04-01 14:45:25,1900-01-00 00:00:00,0999-wombat,B8:27:EB:6F:ED:ED,-39, WPA ,0.000000,0.000000,0.000,0.000,AP
2026-04-01 14:45:25,1900-01-00 00:00:00,0999-wombat,B8:27:EB:6F:ED:ED,-39, WPA ,0.000000,0.000000,0.000,0.000,AP
2026-04-01 14:45:25,1900-01-00 00:00:00,0999-wombat,B8:27:EB:6F:ED:ED,-39, WPA ,0.000000,0.000000,0.000,0.000,AP
2026-04-01 14:45:25,1900-01-00 00:00:00,0999-wombat,B8:27:EB:6F:ED:ED,-39, WPA ,0.000000,0.000000,0.000,0.000,AP
2026-04-01 14:45:25,1900-01-00 00:00:00,0999-wombat,B8:27:EB:6F:ED:ED,-39, WPA ,0.000000,0.000000,0.000,0.000,AP
2026-04-01 14:45:25,1900-01-00 00:00:00,0999-wombat,B8:27:EB:6F:ED:ED,-39, WPA ,0.000000,0.000000,0.000,0.000,AP
2026-04-01 14:45:25,1900-01-00 00:00:00,0999-wombat,B8:27:EB:6F:ED:ED,-39, WPA ,0.000000,0.000000,0.000,0.000,AP
2026-04-01 14:45:25,1900-01-00 00:00:00,0999-wombat,B8:27:EB:6F:ED:ED,-39, WPA ,0.000000,0.000000,0.000,0.000,AP
2026-04-01 14:45:25,1900-01-00 00:00:00,0999-wombat,B8:27:EB:6F:ED:ED,-39, WPA ,0.000000,0.000000,0.000,0.000,AP
2026-04-01 14:45:25,1900-01-00 00:00:00,0999-wombat,B8:27:EB:6F:ED:ED,-39, WPA ,0.000000,0.000000,0.000,0.000,AP
2026-04-01 14:45:25,1900-01-00 00:00:00,0999-wombat,B8:27:EB:6F:ED:ED,-39, WPA ,0.000000,0.000000,0.000,0.000,AP
2026-04-01 14:45:25,1900-01-00 00:00:00,0999-wombat,B8:27:EB:6F:ED:ED,-39, WPA ,0.000000,0.000000,0.000,0.000,AP
2026-04-01 14:45:25,1900-01-00 00:00:00,0999-wombat,B8:27:EB:6F:ED:ED,-39, WPA ,0.000000,0.000000,0.000,0.000,AP
2026-04-01 14:45:25,1900-01-00 00:00:00,0999-wombat,B8:27:EB:6F:ED:ED,-39, WPA ,0.000000,0.000000,0.000,0.000,AP
2026-04-01 14:45:25,1900-01-00 00:00:00,0999-wombat,B8:27:EB:6F:ED:ED,-39, WPA ,0.000000,0.000000,0.000,0.000,AP
2026-04-01 14:45:25,1900-01-00 00:00:00,0999-wombat,B8:27:EB:6F:ED:ED,-39, WPA ,0.000000,0.000000,0.000,0.000,AP
2026-04-01 14:45:25,1900-01-00 00:00:00,0999-wombat,B8:27:EB:6F:ED:ED,-39, WPA ,0.000000,0.000000,0.000,0.000,AP
2026-04-01 14:45:25,1900-01-00 00:00:00,0999-wombat,B8:27:EB:6F:ED:ED,-39, WPA ,0.000000,0.000000,0.000,0.000,AP
2026-04-01 14:45:25,1900-01-00 00:00:00,0999-wombat,B8:27:EB:6F:ED:ED,-39, WPA ,0.000000,0.000000,0.000,0.000,AP
2026-04-01 14:45:25,1900-01-00 00:00:00,0999-wombat,B8:27:EB:6F:ED:ED,-39, WPA ,0.000000,0.000000,0.000,0.000,AP
2026-04-01 14:45:25,1900-01-00 00:00:00,0999-wombat,B8:27:EB:6F:ED:ED,-39, WPA ,0.000000,0.000000,0.000,0.000,AP
2026-04-01 14:45:25,1900-01-00 00:00:00,0999-wombat,B8:27:EB:6F:ED:ED,-39, WPA ,0.000000,0.000000,0.000,0.000,AP
2026-04-01 14:45:25,1900-01-00 00:00:00,0999-wombat,B8:27:EB:6F:ED:ED,-39, WPA ,0.000000,0.000000,0.000,0.000,AP
2026-04-01 14:45:25,1900-01-00 00:00:00,0999-wombat,B8:27:EB:6F:ED:ED,-39, WPA ,0.000000,0.000000,0.000,0.000,AP
2026-04-01 14:45:25,1900-01-00 00:00:00,0999-wombat,B8:27:EB:6F:ED:ED,-39, WPA ,0.000000,0.000000,0.000,0.000,AP
2026-04-01 14:45:25,1900-01-00 00:00:00,0999-wombat,B8:27:EB:6F:ED:ED,-39, WPA ,0.000000,0.000000,0.000,0.000,AP
2026-04-01 14:45:25,1900-01-00 00:00:00,0999-wombat,B8:27:EB:6F:ED:ED,-39, WPA ,0.000000,0.000000,0.000,0.000,AP
2026-04-01 14:45:25,1900-01-00 00:00:00,0999-wombat,B8:27:EB:6F:ED:ED,-39, WPA ,0.000000,0.000000,0.000,0.000,AP
2026-04-01 14:45:25,1900-01-00 00:00:00,0999-wombat,B8:27:EB:6F:ED:ED,-39, WPA ,0.000000,0.000000,0.000,0.000,AP
2026-04-01 14:45:25,1900-01-00 00:00:00,0999-wombat,B8:27:EB:6F:ED:ED,-39, WPA ,0.000000,0.000000,0.000,0.000,AP
2026-04-01 14:45:25,1900-01-00 00:00:00,0999-wombat,B8:27:EB:6F:ED:ED,-39, WPA ,0.000000,0.000000,0.000,0.000,AP
2026-04-01 14:45:25,1900-01-00 00:00:00,0999-wombat,B8:27:EB:6F:ED:ED,-39, WPA ,0.000000,0.000000,0.000,0.000,AP
2026-04-01 14:45:25,1900-01-00 00:00:00,0999-wombat,B8:27:EB:6F:ED:ED,-66, WPA ,0.000000,0.000000,0.000,0.000,AP
2026-04-01 14:45:25,1900-01-00 00:00:00,0999-wombat,B8:27:EB:6F:ED:ED,-68, WPA ,0.000000,0.000000,0.000,0.000,AP
2026-04-01 14:45:25,1900-01-00 00:00:00,0999-wombat,B8:27:EB:6F:ED:ED,-68, WPA ,0.000000,0.000000,0.000,0.000,AP
2026-04-01 14:45:25,1900-01-00 00:00:00,0999-wombat,B8:27:EB:6F:ED:ED,-68, WPA ,0.000000,0.000000,0.000,0.000,AP
2026-04-01 14:45:25,1900-01-00 00:00:00,0999-wombat,B8:27:EB:6F:ED:ED,-68, WPA ,0.000000,0.000000,0.000,0.000,AP
2026-04-01 14:45:25,1900-01-00 00:00:00,0999-wombat,B8:27:EB:6F:ED:ED,-68, WPA ,0.000000,0.000000,0.000,0.000,AP
2026-04-01 14:45:25,1900-01-00 00:00:00,0999-wombat,B8:27:EB:6F:ED:ED,-79, WPA ,0.000000,0.000000,0.000,0.000,AP
2026-04-01 14:45:25,1900-01-00 00:00:00,0999-wombat,B8:27:EB:6F:ED:ED,-79, WPA ,0.000000,0.000000,0.000,0.000,AP
2026-04-01 14:45:25,1900-01-00 00:00:00,0999-wombat,B8:27:EB:6F:ED:ED,-79, WPA ,0.000000,0.000000,0.000,0.000,AP
2026-04-01 14:45:25,1900-01-00 00:00:00,0999-wombat,B8:27:EB:6F:ED:ED,-79, WPA ,0.000000,0.000000,0.000,0.000,AP
2026-04-01 14:45:25,1900-01-00 00:00:00,0999-wombat,B8:27:EB:6F:ED:ED,-79, WPA ,0.000000,0.000000,0.000,0.000,AP
2026-04-01 14:45:25,1900-01-00 00:00:00,0999-wombat,B8:27:EB:6F:ED:ED,-79, WPA ,0.000000,0.000000,0.000,0.000,AP
2026-04-01 14:45:25,1900-01-00 00:00:00,0999-wombat,B8:27:EB:6F:ED:ED,-79, WPA ,0.000000,0.000000,0.000,0.000,AP
2026-04-01 14:45:25,1900-01-00 00:00:00,0999-wombat,B8:27:EB:6F:ED:ED,-79, WPA ,0.000000,0.000000,0.000,0.000,AP
2026-04-01 14:45:25,1900-01-00 00:00:00,0999-wombat,B8:27:EB:6F:ED:ED,-79, WPA ,0.000000,0.000000,0.000,0.000,AP
2026-04-01 14:45:25,1900-01-00 00:00:00,0999-wombat,B8:27:EB:6F:ED:ED,-79, WPA ,0.000000,0.000000,0.000,0.000,AP
2026-04-01 14:45:25,1900-01-00 00:00:00,0999-wombat,B8:27:EB:6F:ED:ED,-79, WPA ,0.000000,0.000000,0.000,0.000,AP
2026-04-01 14:45:25,1900-01-00 00:00:00,0999-wombat,B8:27:EB:6F:ED:ED,-79, WPA ,0.000000,0.000000,0.000,0.000,AP
2026-04-01 14:45:25,1900-01-00 00:00:00,0999-wombat,B8:27:EB:6F:ED:ED,-79, WPA ,0.000000,0.000000,0.000,0.000,AP
2026-04-01 14:45:25,1900-01-00 00:00:00,0999-wombat,B8:27:EB:6F:ED:ED,-79, WPA ,0.000000,0.000000,0.000,0.000,AP
2026-04-01 14:45:25,1900-01-00 00:00:00,0999-wombat,B8:27:EB:6F:ED:ED,-79, WPA ,0.000000,0.000000,0.000,0.000,AP
2026-04-01 14:45:25,1900-01-00 00:00:00,0999-wombat,B8:27:EB:6F:ED:ED,-79, WPA ,0.000000,0.000000,0.000,0.000,AP
2026-04-01 14:45:25,1900-01-00 00:00:00,0999-wombat,B8:27:EB:6F:ED:ED,-79, WPA ,0.000000,0.000000,0.000,0.000,AP
2026-04-01 14:45:25,1900-01-00 00:00:00,0999-wombat,B8:27:EB:6F:ED:ED,-79, WPA ,0.000000,0.000000,0.000,0.000,AP
2026-04-01 14:45:25,1900-01-00 00:00:00,0999-wombat,B8:27:EB:6F:ED:ED,-68, WPA ,0.000000,0.000000,0.000,0.000,AP
2026-04-01 14:45:25,1900-01-00 00:00:00,0999-wombat,B8:27:EB:6F:ED:ED,-68, WPA ,0.000000,0.000000,0.000,0.000,AP
2026-04-01 14:45:25,1900-01-00 00:00:00,0999-wombat,B8:27:EB:6F:ED:ED,-68, WPA ,0.000000,0.000000,0.000,0.000,AP
2026-04-01 14:45:25,1900-01-00 00:00:00,0999-wombat,B8:27:EB:6F:ED:ED,-68, WPA ,0.000000,0.000000,0.000,0.000,AP
2026-04-01 14:45:25,1900-01-00 00:00:00,0999-wombat,B8:27:EB:6F:ED:ED,-68, WPA ,0.000000,0.000000,0.000,0.000,AP
2026-04-01 14:45:25,1900-01-00 00:00:00,0999-wombat,B8:27:EB:6F:ED:ED,-68, WPA ,0.000000,0.000000,0.000,0.000,AP
2026-04-01 14:45:25,1900-01-00 00:00:00,0999-wombat,B8:27:EB:6F:ED:ED,-68, WPA ,0.000000,0.000000,0.000,0.000,AP
2026-04-01 14:45:25,1900-01-00 00:00:00,0999-wombat,B8:27:EB:6F:ED:ED,-68, WPA ,0.000000,0.000000,0.000,0.000,AP
2026-04-01 14:45:25,1900-01-00 00:00:00,0999-wombat,B8:27:EB:6F:ED:ED,-68, WPA ,0.000000,0.000000,0.000,0.000,AP
2026-04-01 14:45:25,1900-01-00 00:00:00,0999-wombat,B8:27:EB:6F:ED:ED,-68, WPA ,0.000000,0.000000,0.000,0.000,AP
2026-04-01 14:45:25,1900-01-00 00:00:00,0999-wombat,B8:27:EB:6F:ED:ED,-68, WPA ,0.000000,0.000000,0.000,0.000,AP
2026-04-01 14:45:25,1900-01-00 00:00:00,0999-wombat,B8:27:EB:6F:ED:ED,-68, WPA ,0.000000,0.000000,0.000,0.000,AP
2026-04-01 14:45:25,1900-01-00 00:00:00,0999-wombat,B8:27:EB:6F:ED:ED,-68, WPA ,0.000000,0.000000,0.000,0.000,AP
2026-04-01 14:45:25,1900-01-00 00:00:00,0999-wombat,B8:27:EB:6F:ED:ED,-68, WPA ,0.000000,0.000000,0.000,0.000,AP
2026-04-01 14:45:25,1900-01-00 00:00:00,0999-wombat,B8:27:EB:6F:ED:ED,-68, WPA ,0.000000,0.000000,0.000,0.000,AP
2026-04-01 14:45:25,1900-01-00 00:00:00,0999-wombat,B8:27:EB:6F:ED:ED,-68, WPA ,0.000000,0.000000,0.000,0.000,AP
2026-04-01 14:45:25,1900-01-00 00:00:00,0999-wombat,B8:27:EB:6F:ED:ED,-68, WPA ,0.000000,0.000000,0.000,0.000,AP
2026-04-01 14:45:25,1900-01-00 00:00:00,0999-wombat,B8:27:EB:6F:ED:ED,-68, WPA ,0.000000,0.000000,0.000,0.000,AP
2026-04-01 14:45:25,1900-01-00 00:00:00,0999-wombat,B8:27:EB:6F:ED:ED,-68, WPA ,0.000000,0.000000,0.000,0.000,AP
2026-04-01 14:45:25,1900-01-00 00:00:00,0999-wombat,B8:27:EB:6F:ED:ED,-68, WPA ,0.000000,0.000000,0.000,0.000,AP
2026-04-01 14:45:25,1900-01-00 00:00:00,0999-wombat,B8:27:EB:6F:ED:ED,-68, WPA ,0.000000,0.000000,0.000,0.000,AP
2026-04-01 14:45:25,1900-01-00 00:00:00,0999-wombat,B8:27:EB:6F:ED:ED,-68, WPA ,0.000000,0.000000,0.000,0.000,AP
2026-04-01 14:45:25,1900-01-00 00:00:00,0999-wombat,B8:27:EB:6F:ED:ED,-68, WPA ,0.000000,0.000000,0.000,0.000,AP
2026-04-01 14:45:25,1900-01-00 00:00:00,0999-wombat,B8:27:EB:6F:ED:ED,-68, WPA ,0.000000,0.000000,0.000,0.000,AP
2026-04-01 14:45:25,1900-01-00 00:00:00,0999-wombat,B8:27:EB:6F:ED:ED,-68, WPA ,0.000000,0.000000,0.000,0.000,AP
2026-04-01 14:45:25,1900-01-00 00:00:00,0999-wombat,B8:27:EB:6F:ED:ED,-68, WPA ,0.000000,0.000000,0.000,0.000,AP
2026-04-01 14:45:25,1900-01-00 00:00:00,0999-wombat,B8:27:EB:6F:ED:ED,-68, WPA ,0.000000,0.000000,0.000,0.000,AP
2026-04-01 14:45:25,1900-01-00 00:00:00,0999-wombat,B8:27:EB:6F:ED:ED,-37, WPA ,0.000000,0.000000,0.000,0.000,AP
2026-04-01 14:45:25,1900-01-00 00:00:00,0999-wombat,B8:27:EB:6F:ED:ED,-37, WPA ,0.000000,0.000000,0.000,0.000,AP
2026-04-01 14:45:25,1900-01-00 00:00:00,0999-wombat,B8:27:EB:6F:ED:ED,-37, WPA ,0.000000,0.000000,0.000,0.000,AP
2026-04-01 14:45:25,1900-01-00 00:00:00,0999-wombat,B8:27:EB:6F:ED:ED,-37, WPA ,0.000000,0.000000,0.000,0.000,AP
2026-04-01 14:45:25,1900-01-00 00:00:00,0999-wombat,B8:27:EB:6F:ED:ED,-37, WPA ,0.000000,0.000000,0.000,0.000,AP
2026-04-01 14:45:25,1900-01-00 00:00:00,0999-wombat,B8:27:EB:6F:ED:ED,-37, WPA ,0.000000,0.000000,0.000,0.000,AP
2026-04-01 14:45:25,1900-01-00 00:00:00,0999-wombat,B8:27:EB:6F:ED:ED,-37, WPA ,0.000000,0.000000,0.000,0.000,AP
2026-04-01 14:45:25,1900-01-00 00:00:00,0999-wombat,B8:27:EB:6F:ED:ED,-37, WPA ,0.000000,0.000000,0.000,0.000,AP
2026-04-01 14:45:25,1900-01-00 00:00:00,0999-wombat,B8:27:EB:6F:ED:ED,-37, WPA ,0.000000,0.000000,0.000,0.000,AP
2026-04-01 14:45:25,1900-01-00 00:00:00,0999-wombat,B8:27:EB:6F:ED:ED,-39, WPA ,0.000000,0.000000,0.000,0.000,AP
2026-04-01 14:45:25,1900-01-00 00:00:00,0999-wombat,B8:27:EB:6F:ED:ED,-39, WPA ,0.000000,0.000000,0.000,0.000,AP
2026-04-01 14:45:25,1900-01-00 00:00:00,0999-wombat,B8:27:EB:6F:ED:ED,-37, WPA ,0.000000,0.000000,0.000,0.000,AP
2026-04-01 14:45:25,1900-01-00 00:00:00,0999-wombat,B8:27:EB:6F:ED:ED,-38, WPA ,0.000000,0.000000,0.000,0.000,AP
2026-04-01 14:45:26,1900-01-00 00:00:00,0999-wombat,B8:27:EB:6F:ED:ED,-37, WPA ,0.000000,0.000000,0.000,0.000,AP
2026-04-01 14:45:26,1900-01-00 00:00:00,0999-wombat,B8:27:EB:6F:ED:ED,-38, WPA ,0.000000,0.000000,0.000,0.000,AP
2026-04-01 14:45:26,1900-01-00 00:00:00,0999-wombat,B8:27:EB:6F:ED:ED,-39, WPA ,0.000000,0.000000,0.000,0.000,AP
2026-04-01 14:45:26,1900-01-00 00:00:00,0999-wombat,B8:27:EB:6F:ED:ED,-40, WPA ,0.000000,0.000000,0.000,0.000,AP
2026-04-01 14:45:26,1900-01-00 00:00:00,0999-wombat,B8:27:EB:6F:ED:ED,-36, WPA ,0.000000,0.000000,0.000,0.000,AP
2026-04-01 14:45:26,1900-01-00 00:00:00,0999-wombat,B8:27:EB:6F:ED:ED,-37, WPA ,0.000000,0.000000,0.000,0.000,AP
2026-04-01 14:45:26,1900-01-00 00:00:00,0999-wombat,B8:27:EB:6F:ED:ED,-38, WPA ,0.000000,0.000000,0.000,0.000,AP
2026-04-01 14:45:26,1900-01-00 00:00:00,0999-wombat,B8:27:EB:6F:ED:ED,-36, WPA ,0.000000,0.000000,0.000,0.000,AP
2026-04-01 14:45:26,1900-01-00 00:00:00,0999-wombat,B8:27:EB:6F:ED:ED,-39, WPA ,0.000000,0.000000,0.000,0.000,AP
2026-04-01 14:45:26,1900-01-00 00:00:00,0999-wombat,B8:27:EB:6F:ED:ED,-36, WPA ,0.000000,0.000000,0.000,0.000,AP
2026-04-01 14:45:26,1900-01-00 00:00:00,0999-wombat,B8:27:EB:6F:ED:ED,-38, WPA ,0.000000,0.000000,0.000,0.000,AP
2026-04-01 14:45:26,1900-01-00 00:00:00,0999-wombat,B8:27:EB:6F:ED:ED,-38, WPA ,0.000000,0.000000,0.000,0.000,AP
2026-04-01 14:45:26,1900-01-00 00:00:00,0999-wombat,B8:27:EB:6F:ED:ED,-37, WPA ,0.000000,0.000000,0.000,0.000,AP
2026-04-01 14:45:26,1900-01-00 00:00:00,0999-wombat,B8:27:EB:6F:ED:ED,-38, WPA ,0.000000,0.000000,0.000,0.000,AP
2026-04-01 14:45:26,1900-01-00 00:00:00,0999-wombat,B8:27:EB:6F:ED:ED,-39, WPA ,0.000000,0.000000,0.000,0.000,AP
2026-04-01 14:45:26,1900-01-00 00:00:00,0999-wombat,B8:27:EB:6F:ED:ED,-39, WPA ,0.000000,0.000000,0.000,0.000,AP
2026-04-01 14:45:27,1900-01-00 00:00:00,0999-wombat,B8:27:EB:6F:ED:ED,-38, WPA ,0.000000,0.000000,0.000,0.000,AP
2026-04-01 14:45:27,1900-01-00 00:00:00,0999-wombat,B8:27:EB:6F:ED:ED,-38, WPA ,0.000000,0.000000,0.000,0.000,AP
2026-04-01 14:45:27,1900-01-00 00:00:00,0999-wombat,B8:27:EB:6F:ED:ED,-37, WPA ,0.000000,0.000000,0.000,0.000,AP
2026-04-01 14:45:27,1900-01-00 00:00:00,0999-wombat,B8:27:EB:6F:ED:ED,-38, WPA ,0.000000,0.000000,0.000,0.000,AP
2026-04-01 14:45:27,1900-01-00 00:00:00,0999-wombat,B8:27:EB:6F:ED:ED,-38, WPA ,0.000000,0.000000,0.000,0.000,AP
2026-04-01 14:45:27,1900-01-00 00:00:00,0999-wombat,B8:27:EB:6F:ED:ED,-44, WPA ,0.000000,0.000000,0.000,0.000,AP
2026-04-01 14:45:27,1900-01-00 00:00:00,0999-wombat,B8:27:EB:6F:ED:ED,-36, WPA ,0.000000,0.000000,0.000,0.000,AP
2026-04-01 14:45:27,1900-01-00 00:00:00,0999-wombat,B8:27:EB:6F:ED:ED,-36, WPA ,0.000000,0.000000,0.000,0.000,AP
