{
    "name": "root",
    "gauges": {
        "beam_control.Policy.Entropy.mean": {
            "value": 0.4758667051792145,
            "min": 0.4758667051792145,
            "max": 0.5530775785446167,
            "count": 8
        },
        "beam_control.Policy.Entropy.sum": {
            "value": 5522.43310546875,
            "min": 5496.6103515625,
            "max": 7189.455078125,
            "count": 8
        },
        "beam_control.Environment.EpisodeLength.mean": {
            "value": 71.72941176470589,
            "min": 71.72941176470589,
            "max": 108.34545454545454,
            "count": 8
        },
        "beam_control.Environment.EpisodeLength.sum": {
            "value": 12194.0,
            "min": 11351.0,
            "max": 12194.0,
            "count": 8
        },
        "beam_control.Step.mean": {
            "value": 1439909.0,
            "min": 1355101.0,
            "max": 1439909.0,
            "count": 8
        },
        "beam_control.Step.sum": {
            "value": 1439909.0,
            "min": 1355101.0,
            "max": 1439909.0,
            "count": 8
        },
        "beam_control.Policy.ExtrinsicValueEstimate.mean": {
            "value": 2.9863650798797607,
            "min": 2.651120662689209,
            "max": 4.310356616973877,
            "count": 8
        },
        "beam_control.Policy.ExtrinsicValueEstimate.sum": {
            "value": 507.68206787109375,
            "min": 314.3695983886719,
            "max": 507.68206787109375,
            "count": 8
        },
        "beam_control.Environment.CumulativeReward.mean": {
            "value": 9.800656793748631,
            "min": 9.233945789509011,
            "max": 9.800656793748631,
            "count": 8
        },
        "beam_control.Environment.CumulativeReward.sum": {
            "value": 1666.1116549372673,
            "min": 1036.2027565836906,
            "max": 1666.1116549372673,
            "count": 8
        },
        "beam_control.Policy.ExtrinsicReward.mean": {
            "value": 9.800656793748631,
            "min": 9.233945789509011,
            "max": 9.800656793748631,
            "count": 8
        },
        "beam_control.Policy.ExtrinsicReward.sum": {
            "value": 1666.1116549372673,
            "min": 1036.2027565836906,
            "max": 1666.1116549372673,
            "count": 8
        },
        "beam_control.IsTraining.mean": {
            "value": 1.0,
            "min": 1.0,
            "max": 1.0,
            "count": 8
        },
        "beam_control.IsTraining.sum": {
            "value": 1.0,
            "min": 1.0,
            "max": 1.0,
            "count": 8
        },
        "beam_control.Losses.PolicyLoss.mean": {
            "value": 0.06527274980030039,
            "min": 0.06480792926199604,
            "max": 0.07168521153038009,
            "count": 7
        },
        "beam_control.Losses.PolicyLoss.sum": {
            "value": 0.06527274980030039,
            "min": 0.06480792926199604,
            "max": 0.07168521153038009,
            "count": 7
        },
        "beam_control.Losses.ValueLoss.mean": {
            "value": 3.660152855254056,
            "min": 3.027863745474153,
            "max": 4.2671559785541735,
            "count": 7
        },
        "beam_control.Losses.ValueLoss.sum": {
            "value": 3.660152855254056,
            "min": 3.027863745474153,
            "max": 4.2671559785541735,
            "count": 7
        },
        "beam_control.Policy.LearningRate.mean": {
            "value": 0.00021415298861568002,
            "min": 0.00021415298861568002,
            "max": 0.00021858290713904,
            "count": 7
        },
        "beam_control.Policy.LearningRate.sum": {
            "value": 0.00021415298861568002,
            "min": 0.00021415298861568002,
            "max": 0.00021858290713904,
            "count": 7
        },
        "beam_control.Policy.Epsilon.mean": {
            "value": 0.17138432,
            "min": 0.17138432,
            "max": 0.17286095999999998,
            "count": 7
        },
        "beam_control.Policy.Epsilon.sum": {
            "value": 0.17138432,
            "min": 0.17138432,
            "max": 0.17286095999999998,
            "count": 7
        },
        "beam_control.Policy.Beta.mean": {
            "value": 0.000716704768,
            "min": 0.000716704768,
            "max": 0.000731323504,
            "count": 7
        },
        "beam_control.Policy.Beta.sum": {
            "value": 0.000716704768,
            "min": 0.000716704768,
            "max": 0.000731323504,
            "count": 7
        }
    },
    "metadata": {
        "timer_format_version": "0.1.0",
        "start_time_seconds": "1768944288",
        "python_version": "3.10.11 (tags/v3.10.11:7d4cc5a, Apr  5 2023, 00:38:17) [MSC v.1929 64 bit (AMD64)]",
        "command_line_arguments": "C:\\Users\\malon\\Downloads\\ECE500\\.venv\\Scripts\\mlagents-learn .\\Assets\\scripts\\configuration.yaml --run-id=beam7 --resume --num-envs=8 --env=.\\builds\\homework1_unity.exe",
        "mlagents_version": "1.2.0.dev0",
        "mlagents_envs_version": "1.2.0.dev0",
        "communication_protocol_version": "1.5.0",
        "pytorch_version": "2.2.2+cu121",
        "numpy_version": "1.23.5",
        "end_time_seconds": "1768944611"
    },
    "total": 323.36458540000604,
    "count": 1,
    "self": 1.2077780999970855,
    "children": {
        "run_training.setup": {
            "total": 0.553224000002956,
            "count": 1,
            "self": 0.553224000002956
        },
        "TrainerController.start_learning": {
            "total": 321.603583300006,
            "count": 1,
            "self": 0.4284454004955478,
            "children": {
                "TrainerController._reset_env": {
                    "total": 9.206571999995504,
                    "count": 1,
                    "self": 9.206571999995504
                },
                "TrainerController.advance": {
                    "total": 311.8380142995302,
                    "count": 15463,
                    "self": 0.23724719980964437,
                    "children": {
                        "env_step": {
                            "total": 269.2585722003132,
                            "count": 15463,
                            "self": 28.024461100736517,
                            "children": {
                                "SubprocessEnvManager._take_step": {
                                    "total": 240.72104979958385,
                                    "count": 101628,
                                    "self": 4.20213620053255,
                                    "children": {
                                        "TorchPolicy.evaluate": {
                                            "total": 236.5189135990513,
                                            "count": 100620,
                                            "self": 236.5189135990513
                                        }
                                    }
                                },
                                "workers": {
                                    "total": 0.5130612999928417,
                                    "count": 15462,
                                    "self": 0.0,
                                    "children": {
                                        "worker_root": {
                                            "total": 2506.318289301111,
                                            "count": 101623,
                                            "is_parallel": true,
                                            "self": 2263.621780399015,
                                            "children": {
                                                "steps_from_proto": {
                                                    "total": 0.002351899995119311,
                                                    "count": 8,