{
    "name": "root",
    "gauges": {
        "beam_control.Policy.Entropy.mean": {
            "value": 0.6596599221229553,
            "min": 0.6596599221229553,
            "max": 0.8730126023292542,
            "count": 40
        },
        "beam_control.Policy.Entropy.sum": {
            "value": 7728.57568359375,
            "min": 6803.6591796875,
            "max": 11381.673828125,
            "count": 40
        },
        "beam_control.Environment.EpisodeLength.mean": {
            "value": 800.0666666666667,
            "min": 382.14285714285717,
            "max": 999.0,
            "count": 40
        },
        "beam_control.Environment.EpisodeLength.sum": {
            "value": 12001.0,
            "min": 8025.0,
            "max": 12806.0,
            "count": 40
        },
        "beam_control.Step.mean": {
            "value": 1055618.0,
            "min": 587602.0,
            "max": 1055618.0,
            "count": 40
        },
        "beam_control.Step.sum": {
            "value": 1055618.0,
            "min": 587602.0,
            "max": 1055618.0,
            "count": 40
        },
        "beam_control.Policy.ExtrinsicValueEstimate.mean": {
            "value": -0.010927307419478893,
            "min": -1.1740480661392212,
            "max": 0.23375891149044037,
            "count": 40
        },
        "beam_control.Policy.ExtrinsicValueEstimate.sum": {
            "value": -0.16390961408615112,
            "min": -25.829057693481445,
            "max": 3.038865804672241,
            "count": 40
        },
        "beam_control.Environment.CumulativeReward.mean": {
            "value": -0.023675839106241863,
            "min": -7.411297035217285,
            "max": 3.0438486337661743,
            "count": 40
        },
        "beam_control.Environment.CumulativeReward.sum": {
            "value": -0.35513758659362793,
            "min": -148.2259407043457,
            "max": 36.52618360519409,
            "count": 40
        },
        "beam_control.Policy.ExtrinsicReward.mean": {
            "value": -0.023675839106241863,
            "min": -7.411297035217285,
            "max": 3.0438486337661743,
            "count": 40
        },
        "beam_control.Policy.ExtrinsicReward.sum": {
            "value": -0.35513758659362793,
            "min": -148.2259407043457,
            "max": 36.52618360519409,
            "count": 40
        },
        "beam_control.IsTraining.mean": {
            "value": 1.0,
            "min": 1.0,
            "max": 1.0,
            "count": 40
        },
        "beam_control.IsTraining.sum": {
            "value": 1.0,
            "min": 1.0,
            "max": 1.0,
            "count": 40
        },
        "beam_control.Losses.PolicyLoss.mean": {
            "value": 0.06847367761656642,
            "min": 0.05814992259239851,
            "max": 0.07703533746987684,
            "count": 38
        },
        "beam_control.Losses.PolicyLoss.sum": {
            "value": 0.06847367761656642,
            "min": 0.05814992259239851,
            "max": 0.07703533746987684,
            "count": 38
        },
        "beam_control.Losses.ValueLoss.mean": {
            "value": 0.3799260948629429,
            "min": 0.06644597350983583,
            "max": 2.022877908380408,
            "count": 38
        },
        "beam_control.Losses.ValueLoss.sum": {
            "value": 0.3799260948629429,
            "min": 0.06644597350983583,
            "max": 2.022877908380408,
            "count": 38
        },
        "beam_control.Policy.LearningRate.mean": {
            "value": 0.00023703794098735997,
            "min": 0.00023703794098735997,
            "max": 0.00026443435185521995,
            "count": 38
        },
        "beam_control.Policy.LearningRate.sum": {
            "value": 0.00023703794098735997,
            "min": 0.00023703794098735997,
            "max": 0.00026443435185521995,
            "count": 38
        },
        "beam_control.Policy.Epsilon.mean": {
            "value": 0.17901264000000003,
            "min": 0.17901264000000003,
            "max": 0.18814478,
            "count": 38
        },
        "beam_control.Policy.Epsilon.sum": {
            "value": 0.17901264000000003,
            "min": 0.17901264000000003,
            "max": 0.18814478,
            "count": 38
        },
        "beam_control.Policy.Beta.mean": {
            "value": 0.000792225136,
            "min": 0.000792225136,
            "max": 0.0008826333220000003,
            "count": 38
        },
        "beam_control.Policy.Beta.sum": {
            "value": 0.000792225136,
            "min": 0.000792225136,
            "max": 0.0008826333220000003,
            "count": 38
        }
    },
    "metadata": {
        "timer_format_version": "0.1.0",
        "start_time_seconds": "1768941805",
        "python_version": "3.10.11 (tags/v3.10.11:7d4cc5a, Apr  5 2023, 00:38:17) [MSC v.1929 64 bit (AMD64)]",
        "command_line_arguments": "C:\\Users\\malon\\Downloads\\ECE500\\.venv\\Scripts\\mlagents-learn .\\Assets\\scripts\\configuration.yaml --run-id=beam7 --resume --num-envs=8 --env=.\\builds\\homework1_unity.exe",
        "mlagents_version": "1.2.0.dev0",
        "mlagents_envs_version": "1.2.0.dev0",
        "communication_protocol_version": "1.5.0",
        "pytorch_version": "2.2.2+cu121",
        "numpy_version": "1.23.5",
        "end_time_seconds": "1768943206"
    },
    "total": 1400.7726460999984,
    "count": 1,
    "self": 1.4400521000061417,
    "children": {
        "run_training.setup": {
            "total": 0.5502877999970224,
            "count": 1,
            "self": 0.5502877999970224
        },
        "TrainerController.start_learning": {
            "total": 1398.7823061999952,
            "count": 1,
            "self": 1.9065602022747044,
            "children": {
                "TrainerController._reset_env": {
                    "total": 11.794780099997297,
                    "count": 1,
                    "self": 11.794780099997297
                },
                "TrainerController.advance": {
                    "total": 1384.9852630977257,
                    "count": 73332,
                    "self": 1.1103782992868219,
                    "children": {
                        "env_step": {
                            "total": 1207.910247198859,
                            "count": 73332,
                            "self": 122.97320649816538,
                            "children": {
                                "SubprocessEnvManager._take_step": {
                                    "total": 1082.6146853039536,
                                    "count": 484908,
                                    "self": 18.6530708065402,
                                    "children": {
                                        "TorchPolicy.evaluate": {
                                            "total": 1063.9616144974134,
                                            "count": 484428,
                                            "self": 1063.9616144974134
                                        }
                                    }
                                },
                                "workers": {
                                    "total": 2.322355396740022,
                                    "count": 73332,
                                    "self": 0.0,
                                    "children": {
                                        "worker_root": {
                                            "total": 11063.416972304782,
                                            "count": 484907,
                                            "is_parallel": true,
                                            "self": 9994.705571796963,
                                            "children": {
                                                "steps_from_proto": {
                                                    "total": 0.0020767000096384436,