{
    "name": "root",
    "gauges": {
        "beam_control.Policy.Entropy.mean": {
            "value": 0.030849222093820572,
            "min": 0.030849222093820572,
            "max": 0.030849222093820572,
            "count": 1
        },
        "beam_control.Policy.Entropy.sum": {
            "value": 208.75668334960938,
            "min": 208.75668334960938,
            "max": 208.75668334960938,
            "count": 1
        },
        "beam_control.Environment.EpisodeLength.mean": {
            "value": 123.47058823529412,
            "min": 123.47058823529412,
            "max": 123.47058823529412,
            "count": 1
        },
        "beam_control.Environment.EpisodeLength.sum": {
            "value": 4198.0,
            "min": 4198.0,
            "max": 4198.0,
            "count": 1
        },
        "beam_control.Step.mean": {
            "value": 2123824.0,
            "min": 2123824.0,
            "max": 2123824.0,
            "count": 1
        },
        "beam_control.Step.sum": {
            "value": 2123824.0,
            "min": 2123824.0,
            "max": 2123824.0,
            "count": 1
        },
        "beam_control.Policy.ExtrinsicValueEstimate.mean": {
            "value": 1.2039986848831177,
            "min": 1.2039986848831177,
            "max": 1.2039986848831177,
            "count": 1
        },
        "beam_control.Policy.ExtrinsicValueEstimate.sum": {
            "value": 39.731956481933594,
            "min": 39.731956481933594,
            "max": 39.731956481933594,
            "count": 1
        },
        "beam_control.Environment.CumulativeReward.mean": {
            "value": 11.80977893598152,
            "min": 11.80977893598152,
            "max": 11.80977893598152,
            "count": 1
        },
        "beam_control.Environment.CumulativeReward.sum": {
            "value": 389.72270488739014,
            "min": 389.72270488739014,
            "max": 389.72270488739014,
            "count": 1
        },
        "beam_control.Policy.ExtrinsicReward.mean": {
            "value": 11.80977893598152,
            "min": 11.80977893598152,
            "max": 11.80977893598152,
            "count": 1
        },
        "beam_control.Policy.ExtrinsicReward.sum": {
            "value": 389.72270488739014,
            "min": 389.72270488739014,
            "max": 389.72270488739014,
            "count": 1
        },
        "beam_control.IsTraining.mean": {
            "value": 1.0,
            "min": 1.0,
            "max": 1.0,
            "count": 1
        },
        "beam_control.IsTraining.sum": {
            "value": 1.0,
            "min": 1.0,
            "max": 1.0,
            "count": 1
        }
    },
    "metadata": {
        "timer_format_version": "0.1.0",
        "start_time_seconds": "1768948212",
        "python_version": "3.10.11 (tags/v3.10.11:7d4cc5a, Apr  5 2023, 00:38:17) [MSC v.1929 64 bit (AMD64)]",
        "command_line_arguments": "C:\\Users\\malon\\Downloads\\ECE500\\.venv\\Scripts\\mlagents-learn .\\Assets\\scripts\\configuration.yaml --run-id=beam7 --resume --num-envs=8 --env=.\\builds\\homework1_unity.exe",
        "mlagents_version": "1.2.0.dev0",
        "mlagents_envs_version": "1.2.0.dev0",
        "communication_protocol_version": "1.5.0",
        "pytorch_version": "2.2.2+cu121",
        "numpy_version": "1.23.5",
        "end_time_seconds": "1768948262"
    },
    "total": 50.12302739999723,
    "count": 1,
    "self": 1.1415787999867462,
    "children": {
        "run_training.setup": {
            "total": 0.5530982000054792,
            "count": 1,
            "self": 0.5530982000054792
        },
        "TrainerController.start_learning": {
            "total": 48.428350400005,
            "count": 1,
            "self": 0.06211620020621922,
            "children": {
                "TrainerController._reset_env": {
                    "total": 9.676746500001173,
                    "count": 1,
                    "self": 9.676746500001173
                },
                "TrainerController.advance": {
                    "total": 38.566676199799986,
                    "count": 2100,
                    "self": 0.03351189932436682,
                    "children": {
                        "env_step": {
                            "total": 37.980170900409576,
                            "count": 2100,
                            "self": 4.51535940010217,
                            "children": {
                                "SubprocessEnvManager._take_step": {
                                    "total": 33.39395130034245,
                                    "count": 13636,
                                    "self": 0.5854997010610532,
                                    "children": {
                                        "TorchPolicy.evaluate": {
                                            "total": 32.8084515992814,
                                            "count": 13572,
                                            "self": 32.8084515992814
                                        }
                                    }
                                },
                                "workers": {
                                    "total": 0.07086019996495452,
                                    "count": 2099,
                                    "self": 0.0,
                                    "children": {
                                        "worker_root": {
                                            "total": 320.78408749963273,
                                            "count": 13632,
                                            "is_parallel": true,
                                            "self": 281.7771245995682,
                                            "children": {
                                                "steps_from_proto": {
                                                    "total": 0.002601099986350164,
                                                    "count": 8,
                                                    "is_parallel": true,
                                                    "self": 0.0010971000010613352,
                                                    "children": {
                                                        "_process_rank_one_or_two_observation": {
                                                            "total": 0.0015039999852888286,
                                                            "count": 16,
                                                            "is_parallel": true,
                                                            "self": 0.0015039999852888286
                                                        }
                                                    }
                                                },
                                                "UnityEnvironment.step": {
                                                    "total": 39.004361800078186,
                                                    "count": 13632,
                                                    "is_parallel": true,
                                                    "self": 1.1504783996060723,
                                                    "children": {
                                                        "UnityEnvironment._generate_step_input": {
                                                            "total": 1.4256027995579643,
                                                            "count": 13632,
                                                            "is_parallel": true,
                                                            "self": 1.4256027995579643
                                                        },
                                                        "communicator.exchange": {
                                                            "total": 34.03513830032898,