{
    "name": "root",
    "gauges": {
        "beam_control.Policy.Entropy.mean": {
            "value": 0.5580413341522217,
            "min": 0.554679811000824,
            "max": 0.6514171957969666,
            "count": 21
        },
        "beam_control.Policy.Entropy.sum": {
            "value": 6886.7880859375,
            "min": 5525.16552734375,
            "max": 8432.908203125,
            "count": 21
        },
        "beam_control.Environment.EpisodeLength.mean": {
            "value": 999.0,
            "min": 685.2352941176471,
            "max": 999.0,
            "count": 21
        },
        "beam_control.Environment.EpisodeLength.sum": {
            "value": 11988.0,
            "min": 6545.0,
            "max": 12777.0,
            "count": 21
        },
        "beam_control.Step.mean": {
            "value": 1307227.0,
            "min": 1067370.0,
            "max": 1307227.0,
            "count": 21
        },
        "beam_control.Step.sum": {
            "value": 1307227.0,
            "min": 1067370.0,
            "max": 1307227.0,
            "count": 21
        },
        "beam_control.Policy.ExtrinsicValueEstimate.mean": {
            "value": -0.1216772273182869,
            "min": -0.4221651554107666,
            "max": -0.08384697884321213,
            "count": 21
        },
        "beam_control.Policy.ExtrinsicValueEstimate.sum": {
            "value": -1.4601267576217651,
            "min": -5.291419506072998,
            "max": -1.0061637163162231,
            "count": 21
        },
        "beam_control.Environment.CumulativeReward.mean": {
            "value": -0.43436968761185807,
            "min": -4.473201785017462,
            "max": -0.34031599170217913,
            "count": 21
        },
        "beam_control.Environment.CumulativeReward.sum": {
            "value": -5.212436251342297,
            "min": -76.04443034529686,
            "max": -4.083791900426149,
            "count": 21
        },
        "beam_control.Policy.ExtrinsicReward.mean": {
            "value": -0.43436968761185807,
            "min": -4.473201785017462,
            "max": -0.34031599170217913,
            "count": 21
        },
        "beam_control.Policy.ExtrinsicReward.sum": {
            "value": -5.212436251342297,
            "min": -76.04443034529686,
            "max": -4.083791900426149,
            "count": 21
        },
        "beam_control.IsTraining.mean": {
            "value": 1.0,
            "min": 1.0,
            "max": 1.0,
            "count": 21
        },
        "beam_control.IsTraining.sum": {
            "value": 1.0,
            "min": 1.0,
            "max": 1.0,
            "count": 21
        },
        "beam_control.Losses.PolicyLoss.mean": {
            "value": 0.07091258395424423,
            "min": 0.056603414429632085,
            "max": 0.07443210924025245,
            "count": 19
        },
        "beam_control.Losses.PolicyLoss.sum": {
            "value": 0.07091258395424423,
            "min": 0.056603414429632085,
            "max": 0.07443210924025245,
            "count": 19
        },
        "beam_control.Losses.ValueLoss.mean": {
            "value": 0.2489025897262359,
            "min": 0.007869418493007915,
            "max": 0.5856553683070098,
            "count": 19
        },
        "beam_control.Losses.ValueLoss.sum": {
            "value": 0.2489025897262359,
            "min": 0.007869418493007915,
            "max": 0.5856553683070098,
            "count": 19
        },
        "beam_control.Policy.LearningRate.mean": {
            "value": 0.00022192640602453997,
            "min": 0.00022192640602453997,
            "max": 0.00023552990149004006,
            "count": 19
        },
        "beam_control.Policy.LearningRate.sum": {
            "value": 0.00022192640602453997,
            "min": 0.00022192640602453997,
            "max": 0.00023552990149004006,
            "count": 19
        },
        "beam_control.Policy.Epsilon.mean": {
            "value": 0.17397546000000003,
            "min": 0.17397546000000003,
            "max": 0.17850996,
            "count": 19
        },
        "beam_control.Policy.Epsilon.sum": {
            "value": 0.17397546000000003,
            "min": 0.17397546000000003,
            "max": 0.17850996,
            "count": 19
        },
        "beam_control.Policy.Beta.mean": {
            "value": 0.0007423570539999998,
            "min": 0.0007423570539999998,
            "max": 0.000787248604,
            "count": 19
        },
        "beam_control.Policy.Beta.sum": {
            "value": 0.0007423570539999998,
            "min": 0.0007423570539999998,
            "max": 0.000787248604,
            "count": 19
        }
    },
    "metadata": {
        "timer_format_version": "0.1.0",
        "start_time_seconds": "1768943301",
        "python_version": "3.10.11 (tags/v3.10.11:7d4cc5a, Apr  5 2023, 00:38:17) [MSC v.1929 64 bit (AMD64)]",
        "command_line_arguments": "C:\\Users\\malon\\Downloads\\ECE500\\.venv\\Scripts\\mlagents-learn .\\Assets\\scripts\\configuration.yaml --run-id=beam7 --resume --num-envs=8 --env=.\\builds\\homework1_unity.exe",
        "mlagents_version": "1.2.0.dev0",
        "mlagents_envs_version": "1.2.0.dev0",
        "communication_protocol_version": "1.5.0",
        "pytorch_version": "2.2.2+cu121",
        "numpy_version": "1.23.5",
        "end_time_seconds": "1768944023"
    },
    "total": 722.1790483000077,
    "count": 1,
    "self": 4.66901389999839,
    "children": {
        "run_training.setup": {
            "total": 0.5314611000067089,
            "count": 1,
            "self": 0.5314611000067089
        },
        "TrainerController.start_learning": {
            "total": 716.9785733000026,
            "count": 1,
            "self": 0.9967355002008844,
            "children": {
                "TrainerController._reset_env": {
                    "total": 12.001744499997585,
                    "count": 1,
                    "self": 12.001744499997585
                },
                "TrainerController.advance": {
                    "total": 703.8746204998024,
                    "count": 38471,
                    "self": 0.5683623978547985,
                    "children": {
                        "env_step": {
                            "total": 615.9132559020072,
                            "count": 38471,
                            "self": 65.66944209812209,
                            "children": {
                                "SubprocessEnvManager._take_step": {
                                    "total": 549.0386964024947,
                                    "count": 253332,
                                    "self": 9.998619795791456,
                                    "children": {
                                        "TorchPolicy.evaluate": {
                                            "total": 539.0400766067032,
                                            "count": 253130,
                                            "self": 539.0400766067032
                                        }
                                    }
                                },
                                "workers": {
                                    "total": 1.2051174013904529,
                                    "count": 38470,
                                    "self": 0.0,
                                    "children": {
                                        "worker_root": {
                                            "total": 5641.807449002023,
                                            "count": 253330,
                                            "is_parallel": true,
                                            "self": 5079.298632204678,
                                            "children": {
                                                "steps_from_proto": {
                                                    "total": 0.0023724000056972727,