{
    "name": "root",
    "gauges": {
        "beam_control.Policy.Entropy.mean": {
            "value": 0.8769335150718689,
            "min": 0.8769335150718689,
            "max": 1.0630415678024292,
            "count": 23
        },
        "beam_control.Policy.Entropy.sum": {
            "value": 11004.638671875,
            "min": 9786.3603515625,
            "max": 13669.66796875,
            "count": 23
        },
        "beam_control.Environment.EpisodeLength.mean": {
            "value": 396.3225806451613,
            "min": 396.3225806451613,
            "max": 999.0,
            "count": 23
        },
        "beam_control.Environment.EpisodeLength.sum": {
            "value": 12286.0,
            "min": 5994.0,
            "max": 13437.0,
            "count": 23
        },
        "beam_control.Step.mean": {
            "value": 575556.0,
            "min": 311098.0,
            "max": 575556.0,
            "count": 23
        },
        "beam_control.Step.sum": {
            "value": 575556.0,
            "min": 311098.0,
            "max": 575556.0,
            "count": 23
        },
        "beam_control.Policy.ExtrinsicValueEstimate.mean": {
            "value": 0.3609853982925415,
            "min": 0.008415416814386845,
            "max": 0.3745279908180237,
            "count": 23
        },
        "beam_control.Policy.ExtrinsicValueEstimate.sum": {
            "value": 11.190546989440918,
            "min": 0.10098500549793243,
            "max": 11.190546989440918,
            "count": 23
        },
        "beam_control.Environment.CumulativeReward.mean": {
            "value": 4.106272651303199,
            "min": 0.6060058304241726,
            "max": 4.106272651303199,
            "count": 23
        },
        "beam_control.Environment.CumulativeReward.sum": {
            "value": 127.29445219039917,
            "min": 8.484081625938416,
            "max": 127.29445219039917,
            "count": 23
        },
        "beam_control.Policy.ExtrinsicReward.mean": {
            "value": 4.106272651303199,
            "min": 0.6060058304241726,
            "max": 4.106272651303199,
            "count": 23
        },
        "beam_control.Policy.ExtrinsicReward.sum": {
            "value": 127.29445219039917,
            "min": 8.484081625938416,
            "max": 127.29445219039917,
            "count": 23
        },
        "beam_control.IsTraining.mean": {
            "value": 1.0,
            "min": 1.0,
            "max": 1.0,
            "count": 23
        },
        "beam_control.IsTraining.sum": {
            "value": 1.0,
            "min": 1.0,
            "max": 1.0,
            "count": 23
        },
        "beam_control.Losses.PolicyLoss.mean": {
            "value": 0.07333048086956884,
            "min": 0.056440250565862035,
            "max": 0.07333048086956884,
            "count": 21
        },
        "beam_control.Losses.PolicyLoss.sum": {
            "value": 0.07333048086956884,
            "min": 0.056440250565862035,
            "max": 0.07333048086956884,
            "count": 21
        },
        "beam_control.Losses.ValueLoss.mean": {
            "value": 0.10169796943532448,
            "min": 0.0040821006099721144,
            "max": 0.26945167237131046,
            "count": 21
        },
        "beam_control.Losses.ValueLoss.sum": {
            "value": 0.10169796943532448,
            "min": 0.0040821006099721144,
            "max": 0.26945167237131046,
            "count": 21
        },
        "beam_control.Policy.LearningRate.mean": {
            "value": 0.00026585689138103997,
            "min": 0.00026585689138103997,
            "max": 0.00028085412638196005,
            "count": 21
        },
        "beam_control.Policy.LearningRate.sum": {
            "value": 0.00026585689138103997,
            "min": 0.00026585689138103997,
            "max": 0.00028085412638196005,
            "count": 21
        },
        "beam_control.Policy.Epsilon.mean": {
            "value": 0.18861896,
            "min": 0.18861896,
            "max": 0.19361804000000002,
            "count": 21
        },
        "beam_control.Policy.Epsilon.sum": {
            "value": 0.18861896,
            "min": 0.18861896,
            "max": 0.19361804000000002,
            "count": 21
        },
        "beam_control.Policy.Beta.mean": {
            "value": 0.0008873277040000002,
            "min": 0.0008873277040000002,
            "max": 0.0009368185960000001,
            "count": 21
        },
        "beam_control.Policy.Beta.sum": {
            "value": 0.0008873277040000002,
            "min": 0.0008873277040000002,
            "max": 0.0009368185960000001,
            "count": 21
        }
    },
    "metadata": {
        "timer_format_version": "0.1.0",
        "start_time_seconds": "1768940972",
        "python_version": "3.10.11 (tags/v3.10.11:7d4cc5a, Apr  5 2023, 00:38:17) [MSC v.1929 64 bit (AMD64)]",
        "command_line_arguments": "C:\\Users\\malon\\Downloads\\ECE500\\.venv\\Scripts\\mlagents-learn .\\Assets\\scripts\\configuration.yaml --run-id=beam7 --resume --num-envs=8 --env=.\\builds\\homework1_unity.exe",
        "mlagents_version": "1.2.0.dev0",
        "mlagents_envs_version": "1.2.0.dev0",
        "communication_protocol_version": "1.5.0",
        "pytorch_version": "2.2.2+cu121",
        "numpy_version": "1.23.5",
        "end_time_seconds": "1768941743"
    },
    "total": 771.131927399998,
    "count": 1,
    "self": 4.657979800002067,
    "children": {
        "run_training.setup": {
            "total": 0.552322000003187,
            "count": 1,
            "self": 0.552322000003187
        },
        "TrainerController.start_learning": {
            "total": 765.9216255999927,
            "count": 1,
            "self": 1.0419365007110173,
            "children": {
                "TrainerController._reset_env": {
                    "total": 10.639364399990882,
                    "count": 1,
                    "self": 10.639364399990882
                },
                "TrainerController.advance": {
                    "total": 754.1656770992995,
                    "count": 42478,
                    "self": 0.611317198141478,
                    "children": {
                        "env_step": {
                            "total": 661.9875950004061,
                            "count": 42478,
                            "self": 67.51810400110844,
                            "children": {
                                "SubprocessEnvManager._take_step": {
                                    "total": 593.2626809987123,
                                    "count": 278727,
                                    "self": 10.031365898408694,
                                    "children": {
                                        "TorchPolicy.evaluate": {
                                            "total": 583.2313151003036,
                                            "count": 278455,
                                            "self": 583.2313151003036
                                        }
                                    }
                                },
                                "workers": {
                                    "total": 1.2068100005853921,
                                    "count": 42477,
                                    "self": 0.0,
                                    "children": {
                                        "worker_root": {
                                            "total": 6042.738002800557,
                                            "count": 278722,
                                            "is_parallel": true,
                                            "self": 5434.480723199333,
                                            "children": {
                                                "steps_from_proto": {
                                                    "total": 0.0023360000050161034,