LocalTime, GPSTime, ESSID, BSSID, Power, Security, Latitude, Longitude, Latitude Error, Longitude Error, Type
2026-04-08 14:01:31,1900-01-00 00:00:00,,B8:27:EB:FF:C8:F5,-45, ,0.000000,0.000000,0.000,0.000,AP
2026-04-08 14:01:31,1900-01-00 00:00:00,0960-wombat,B8:27:EB:FF:C8:F5,-45, WPA ,0.000000,0.000000,0.000,0.000,AP
2026-04-08 14:01:31,1900-01-00 00:00:00,0960-wombat,B8:27:EB:FF:C8:F5,-45, WPA ,0.000000,0.000000,0.000,0.000,AP
2026-04-08 14:01:31,1900-01-00 00:00:00,0960-wombat,B8:27:EB:FF:C8:F5,-45, WPA ,0.000000,0.000000,0.000,0.000,AP
2026-04-08 14:01:31,1900-01-00 00:00:00,0960-wombat,B8:27:EB:FF:C8:F5,-45, WPA ,0.000000,0.000000,0.000,0.000,AP
2026-04-08 14:01:31,1900-01-00 00:00:00,0960-wombat,B8:27:EB:FF:C8:F5,-45, WPA ,0.000000,0.000000,0.000,0.000,AP
2026-04-08 14:01:31,1900-01-00 00:00:00,0960-wombat,B8:27:EB:FF:C8:F5,-44, WPA ,0.000000,0.000000,0.000,0.000,AP
2026-04-08 14:01:31,1900-01-00 00:00:00,0960-wombat,B8:27:EB:FF:C8:F5,-46, WPA ,0.000000,0.000000,0.000,0.000,AP
2026-04-08 14:01:31,1900-01-00 00:00:00,0960-wombat,B8:27:EB:FF:C8:F5,-46, WPA ,0.000000,0.000000,0.000,0.000,AP
2026-04-08 14:01:31,1900-01-00 00:00:00,0960-wombat,B8:27:EB:FF:C8:F5,-46, WPA ,0.000000,0.000000,0.000,0.000,AP
2026-04-08 14:01:31,1900-01-00 00:00:00,0960-wombat,B8:27:EB:FF:C8:F5,-46, WPA ,0.000000,0.000000,0.000,0.000,AP
2026-04-08 14:01:31,1900-01-00 00:00:00,0960-wombat,B8:27:EB:FF:C8:F5,-46, WPA ,0.000000,0.000000,0.000,0.000,AP
2026-04-08 14:01:31,1900-01-00 00:00:00,0960-wombat,B8:27:EB:FF:C8:F5,-46, WPA ,0.000000,0.000000,0.000,0.000,AP
2026-04-08 14:01:31,1900-01-00 00:00:00,0960-wombat,B8:27:EB:FF:C8:F5,-46, WPA ,0.000000,0.000000,0.000,0.000,AP
2026-04-08 14:01:31,1900-01-00 00:00:00,0960-wombat,B8:27:EB:FF:C8:F5,-47, WPA ,0.000000,0.000000,0.000,0.000,AP
2026-04-08 14:01:32,1900-01-00 00:00:00,0960-wombat,B8:27:EB:FF:C8:F5,-47, WPA ,0.000000,0.000000,0.000,0.000,AP
2026-04-08 14:01:32,1900-01-00 00:00:00,0960-wombat,B8:27:EB:FF:C8:F5,-47, WPA ,0.000000,0.000000,0.000,0.000,AP
2026-04-08 14:01:32,1900-01-00 00:00:00,0960-wombat,B8:27:EB:FF:C8:F5,-46, WPA ,0.000000,0.000000,0.000,0.000,AP
2026-04-08 14:01:32,1900-01-00 00:00:00,,76:12:77:72:78:49,-41,,0.000000,0.000000,0.000,0.000,Client
2026-04-08 14:01:32,1900-01-00 00:00:00,,76:12:77:72:78:49,-40,,0.000000,0.000000,0.000,0.000,Client
2026-04-08 14:01:32,1900-01-00 00:00:00,,76:12:77:72:78:49,-41,,0.000000,0.000000,0.000,0.000,Client
2026-04-08 14:01:32,1900-01-00 00:00:00,,76:12:77:72:78:49,-41,,0.000000,0.000000,0.000,0.000,Client
2026-04-08 14:01:32,1900-01-00 00:00:00,,76:12:77:72:78:49,-41,,0.000000,0.000000,0.000,0.000,Client
2026-04-08 14:01:32,1900-01-00 00:00:00,0960-wombat,B8:27:EB:FF:C8:F5,-47, WPA ,0.000000,0.000000,0.000,0.000,AP
2026-04-08 14:01:32,1900-01-00 00:00:00,0960-wombat,B8:27:EB:FF:C8:F5,-47, WPA ,0.000000,0.000000,0.000,0.000,AP
2026-04-08 14:01:32,1900-01-00 00:00:00,0960-wombat,B8:27:EB:FF:C8:F5,-47, WPA ,0.000000,0.000000,0.000,0.000,AP
2026-04-08 14:01:32,1900-01-00 00:00:00,0960-wombat,B8:27:EB:FF:C8:F5,-46, WPA ,0.000000,0.000000,0.000,0.000,AP
2026-04-08 14:01:32,1900-01-00 00:00:00,0960-wombat,B8:27:EB:FF:C8:F5,-46, WPA ,0.000000,0.000000,0.000,0.000,AP
2026-04-08 14:01:32,1900-01-00 00:00:00,0960-wombat,B8:27:EB:FF:C8:F5,-46, WPA ,0.000000,0.000000,0.000,0.000,AP
2026-04-08 14:01:33,1900-01-00 00:00:00,0960-wombat,B8:27:EB:FF:C8:F5,-46, WPA ,0.000000,0.000000,0.000,0.000,AP
2026-04-08 14:01:33,1900-01-00 00:00:00,,76:12:77:72:78:49,-40,,0.000000,0.000000,0.000,0.000,Client
2026-04-08 14:01:33,1900-01-00 00:00:00,0960-wombat,B8:27:EB:FF:C8:F5,-46, WPA ,0.000000,0.000000,0.000,0.000,AP
2026-04-08 14:01:33,1900-01-00 00:00:00,0960-wombat,B8:27:EB:FF:C8:F5,-46, WPA ,0.000000,0.000000,0.000,0.000,AP
2026-04-08 14:01:33,1900-01-00 00:00:00,0960-wombat,B8:27:EB:FF:C8:F5,-46, WPA ,0.000000,0.000000,0.000,0.000,AP
2026-04-08 14:01:33,1900-01-00 00:00:00,0960-wombat,B8:27:EB:FF:C8:F5,-46, WPA ,0.000000,0.000000,0.000,0.000,AP
2026-04-08 14:01:33,1900-01-00 00:00:00,0960-wombat,B8:27:EB:FF:C8:F5,-48, WPA ,0.000000,0.000000,0.000,0.000,AP
2026-04-08 14:01:33,1900-01-00 00:00:00,0960-wombat,B8:27:EB:FF:C8:F5,-46, WPA ,0.000000,0.000000,0.000,0.000,AP
2026-04-08 14:01:33,1900-01-00 00:00:00,0960-wombat,B8:27:EB:FF:C8:F5,-48, WPA ,0.000000,0.000000,0.000,0.000,AP
2026-04-08 14:01:33,1900-01-00 00:00:00,0960-wombat,B8:27:EB:FF:C8:F5,-46, WPA ,0.000000,0.000000,0.000,0.000,AP
2026-04-08 14:01:33,1900-01-00 00:00:00,0960-wombat,B8:27:EB:FF:C8:F5,-47, WPA ,0.000000,0.000000,0.000,0.000,AP
2026-04-08 14:01:33,1900-01-00 00:00:00,0960-wombat,B8:27:EB:FF:C8:F5,-48, WPA ,0.000000,0.000000,0.000,0.000,AP
2026-04-08 14:01:33,1900-01-00 00:00:00,0960-wombat,B8:27:EB:FF:C8:F5,-47, WPA ,0.000000,0.000000,0.000,0.000,AP
2026-04-08 14:01:33,1900-01-00 00:00:00,0960-wombat,B8:27:EB:FF:C8:F5,-47, WPA ,0.000000,0.000000,0.000,0.000,AP
2026-04-08 14:01:33,1900-01-00 00:00:00,0960-wombat,B8:27:EB:FF:C8:F5,-47, WPA ,0.000000,0.000000,0.000,0.000,AP
2026-04-08 14:01:34,1900-01-00 00:00:00,0960-wombat,B8:27:EB:FF:C8:F5,-47, WPA ,0.000000,0.000000,0.000,0.000,AP
2026-04-08 14:01:34,1900-01-00 00:00:00,0960-wombat,B8:27:EB:FF:C8:F5,-47, WPA ,0.000000,0.000000,0.000,0.000,AP
2026-04-08 14:01:34,1900-01-00 00:00:00,0960-wombat,B8:27:EB:FF:C8:F5,-47, WPA ,0.000000,0.000000,0.000,0.000,AP
2026-04-08 14:01:34,1900-01-00 00:00:00,0960-wombat,B8:27:EB:FF:C8:F5,-48, WPA ,0.000000,0.000000,0.000,0.000,AP
2026-04-08 14:01:34,1900-01-00 00:00:00,0960-wombat,B8:27:EB:FF:C8:F5,-48, WPA ,0.000000,0.000000,0.000,0.000,AP
2026-04-08 14:01:34,1900-01-00 00:00:00,0960-wombat,B8:27:EB:FF:C8:F5,-48, WPA ,0.000000,0.000000,0.000,0.000,AP
2026-04-08 14:01:34,1900-01-00 00:00:00,0960-wombat,B8:27:EB:FF:C8:F5,-48, WPA ,0.000000,0.000000,0.000,0.000,AP
2026-04-08 14:01:34,1900-01-00 00:00:00,0960-wombat,B8:27:EB:FF:C8:F5,-48, WPA ,0.000000,0.000000,0.000,0.000,AP
2026-04-08 14:01:34,1900-01-00 00:00:00,0960-wombat,B8:27:EB:FF:C8:F5,-47, WPA ,0.000000,0.000000,0.000,0.000,AP
2026-04-08 14:01:34,1900-01-00 00:00:00,0960-wombat,B8:27:EB:FF:C8:F5,-47, WPA ,0.000000,0.000000,0.000,0.000,AP
2026-04-08 14:01:35,1900-01-00 00:00:00,0960-wombat,B8:27:EB:FF:C8:F5,-48, WPA ,0.000000,0.000000,0.000,0.000,AP
2026-04-08 14:01:35,1900-01-00 00:00:00,0960-wombat,B8:27:EB:FF:C8:F5,-47, WPA ,0.000000,0.000000,0.000,0.000,AP
2026-04-08 14:01:35,1900-01-00 00:00:00,0960-wombat,B8:27:EB:FF:C8:F5,-47, WPA ,0.000000,0.000000,0.000,0.000,AP
2026-04-08 14:01:35,1900-01-00 00:00:00,0960-wombat,B8:27:EB:FF:C8:F5,-47, WPA ,0.000000,0.000000,0.000,0.000,AP
2026-04-08 14:01:35,1900-01-00 00:00:00,0960-wombat,B8:27:EB:FF:C8:F5,-47, WPA ,0.000000,0.000000,0.000,0.000,AP
2026-04-08 14:01:35,1900-01-00 00:00:00,0960-wombat,B8:27:EB:FF:C8:F5,-47, WPA ,0.000000,0.000000,0.000,0.000,AP
2026-04-08 14:01:35,1900-01-00 00:00:00,0960-wombat,B8:27:EB:FF:C8:F5,-47, WPA ,0.000000,0.000000,0.000,0.000,AP
2026-04-08 14:01:35,1900-01-00 00:00:00,,76:12:77:72:78:49,-41,,0.000000,0.000000,0.000,0.000,Client
2026-04-08 14:01:35,1900-01-00 00:00:00,0960-wombat,B8:27:EB:FF:C8:F5,-47, WPA ,0.000000,0.000000,0.000,0.000,AP
2026-04-08 14:01:36,1900-01-00 00:00:00,0960-wombat,B8:27:EB:FF:C8:F5,-47, WPA ,0.000000,0.000000,0.000,0.000,AP
2026-04-08 14:01:36,1900-01-00 00:00:00,0960-wombat,B8:27:EB:FF:C8:F5,-47, WPA ,0.000000,0.000000,0.000,0.000,AP
2026-04-08 14:01:36,1900-01-00 00:00:00,0960-wombat,B8:27:EB:FF:C8:F5,-46, WPA ,0.000000,0.000000,0.000,0.000,AP
2026-04-08 14:01:36,1900-01-00 00:00:00,0960-wombat,B8:27:EB:FF:C8:F5,-46, WPA ,0.000000,0.000000,0.000,0.000,AP
2026-04-08 14:01:36,1900-01-00 00:00:00,0960-wombat,B8:27:EB:FF:C8:F5,-46, WPA ,0.000000,0.000000,0.000,0.000,AP
2026-04-08 14:01:36,1900-01-00 00:00:00,0960-wombat,B8:27:EB:FF:C8:F5,-46, WPA ,0.000000,0.000000,0.000,0.000,AP
2026-04-08 14:01:36,1900-01-00 00:00:00,0960-wombat,B8:27:EB:FF:C8:F5,-45, WPA ,0.000000,0.000000,0.000,0.000,AP
2026-04-08 14:01:36,1900-01-00 00:00:00,0960-wombat,B8:27:EB:FF:C8:F5,-47, WPA ,0.000000,0.000000,0.000,0.000,AP
2026-04-08 14:01:36,1900-01-00 00:00:00,0960-wombat,B8:27:EB:FF:C8:F5,-47, WPA ,0.000000,0.000000,0.000,0.000,AP
2026-04-08 14:01:36,1900-01-00 00:00:00,0960-wombat,B8:27:EB:FF:C8:F5,-46, WPA ,0.000000,0.000000,0.000,0.000,AP
2026-04-08 14:01:36,1900-01-00 00:00:00,0960-wombat,B8:27:EB:FF:C8:F5,-52, WPA ,0.000000,0.000000,0.000,0.000,AP
2026-04-08 14:01:36,1900-01-00 00:00:00,,76:12:77:72:78:49,-52,,0.000000,0.000000,0.000,0.000,Client
2026-04-08 14:01:36,1900-01-00 00:00:00,0960-wombat,B8:27:EB:FF:C8:F5,-52, WPA ,0.000000,0.000000,0.000,0.000,AP
2026-04-08 14:01:36,1900-01-00 00:00:00,,76:12:77:72:78:49,-52,,0.000000,0.000000,0.000,0.000,Client
2026-04-08 14:01:36,1900-01-00 00:00:00,0960-wombat,B8:27:EB:FF:C8:F5,-52, WPA ,0.000000,0.000000,0.000,0.000,AP
2026-04-08 14:01:36,1900-01-00 00:00:00,,76:12:77:72:78:49,-52,,0.000000,0.000000,0.000,0.000,Client
2026-04-08 14:01:36,1900-01-00 00:00:00,0960-wombat,B8:27:EB:FF:C8:F5,-52, WPA ,0.000000,0.000000,0.000,0.000,AP
2026-04-08 14:01:36,1900-01-00 00:00:00,,76:12:77:72:78:49,-52,,0.000000,0.000000,0.000,0.000,Client
2026-04-08 14:01:36,1900-01-00 00:00:00,0960-wombat,B8:27:EB:FF:C8:F5,-52, WPA ,0.000000,0.000000,0.000,0.000,AP
2026-04-08 14:01:36,1900-01-00 00:00:00,,76:12:77:72:78:49,-52,,0.000000,0.000000,0.000,0.000,Client
2026-04-08 14:01:36,1900-01-00 00:00:00,0960-wombat,B8:27:EB:FF:C8:F5,-52, WPA ,0.000000,0.000000,0.000,0.000,AP
2026-04-08 14:01:36,1900-01-00 00:00:00,,76:12:77:72:78:49,-52,,0.000000,0.000000,0.000,0.000,Client
2026-04-08 14:01:36,1900-01-00 00:00:00,0960-wombat,B8:27:EB:FF:C8:F5,-52, WPA ,0.000000,0.000000,0.000,0.000,AP
2026-04-08 14:01:36,1900-01-00 00:00:00,,76:12:77:72:78:49,-52,,0.000000,0.000000,0.000,0.000,Client
2026-04-08 14:01:36,1900-01-00 00:00:00,0960-wombat,B8:27:EB:FF:C8:F5,-52, WPA ,0.000000,0.000000,0.000,0.000,AP
2026-04-08 14:01:36,1900-01-00 00:00:00,,76:12:77:72:78:49,-52,,0.000000,0.000000,0.000,0.000,Client
2026-04-08 14:01:36,1900-01-00 00:00:00,0960-wombat,B8:27:EB:FF:C8:F5,-52, WPA ,0.000000,0.000000,0.000,0.000,AP
2026-04-08 14:01:36,1900-01-00 00:00:00,,76:12:77:72:78:49,-52,,0.000000,0.000000,0.000,0.000,Client
2026-04-08 14:01:36,1900-01-00 00:00:00,0960-wombat,B8:27:EB:FF:C8:F5,-52, WPA ,0.000000,0.000000,0.000,0.000,AP
2026-04-08 14:01:36,1900-01-00 00:00:00,,76:12:77:72:78:49,-52,,0.000000,0.000000,0.000,0.000,Client
2026-04-08 14:01:36,1900-01-00 00:00:00,0960-wombat,B8:27:EB:FF:C8:F5,-52, WPA ,0.000000,0.000000,0.000,0.000,AP
2026-04-08 14:01:36,1900-01-00 00:00:00,,76:12:77:72:78:49,-52,,0.000000,0.000000,0.000,0.000,Client
2026-04-08 14:01:36,1900-01-00 00:00:00,0960-wombat,B8:27:EB:FF:C8:F5,-52, WPA ,0.000000,0.000000,0.000,0.000,AP
2026-04-08 14:01:36,1900-01-00 00:00:00,0960-wombat,B8:27:EB:FF:C8:F5,-47, WPA ,0.000000,0.000000,0.000,0.000,AP
2026-04-08 14:01:36,1900-01-00 00:00:00,,76:12:77:72:78:49,-47,,0.000000,0.000000,0.000,0.000,Client
2026-04-08 14:01:36,1900-01-00 00:00:00,0960-wombat,B8:27:EB:FF:C8:F5,-47, WPA ,0.000000,0.000000,0.000,0.000,AP
2026-04-08 14:01:36,1900-01-00 00:00:00,,76:12:77:72:78:49,-47,,0.000000,0.000000,0.000,0.000,Client
2026-04-08 14:01:36,1900-01-00 00:00:00,0960-wombat,B8:27:EB:FF:C8:F5,-47, WPA ,0.000000,0.000000,0.000,0.000,AP
2026-04-08 14:01:36,1900-01-00 00:00:00,,76:12:77:72:78:49,-27,,0.000000,0.000000,0.000,0.000,Client
2026-04-08 14:01:36,1900-01-00 00:00:00,0960-wombat,B8:27:EB:FF:C8:F5,-27, WPA ,0.000000,0.000000,0.000,0.000,AP
2026-04-08 14:01:36,1900-01-00 00:00:00,,76:12:77:72:78:49,-27,,0.000000,0.000000,0.000,0.000,Client
2026-04-08 14:01:36,1900-01-00 00:00:00,0960-wombat,B8:27:EB:FF:C8:F5,-27, WPA ,0.000000,0.000000,0.000,0.000,AP
2026-04-08 14:01:36,1900-01-00 00:00:00,,76:12:77:72:78:49,-27,,0.000000,0.000000,0.000,0.000,Client
2026-04-08 14:01:36,1900-01-00 00:00:00,0960-wombat,B8:27:EB:FF:C8:F5,-56, WPA ,0.000000,0.000000,0.000,0.000,AP
2026-04-08 14:01:36,1900-01-00 00:00:00,,76:12:77:72:78:49,-56,,0.000000,0.000000,0.000,0.000,Client
2026-04-08 14:01:36,1900-01-00 00:00:00,0960-wombat,B8:27:EB:FF:C8:F5,-56, WPA ,0.000000,0.000000,0.000,0.000,AP
2026-04-08 14:01:36,1900-01-00 00:00:00,,76:12:77:72:78:49,-56,,0.000000,0.000000,0.000,0.000,Client
2026-04-08 14:01:36,1900-01-00 00:00:00,0960-wombat,B8:27:EB:FF:C8:F5,-56, WPA ,0.000000,0.000000,0.000,0.000,AP
2026-04-08 14:01:36,1900-01-00 00:00:00,,76:12:77:72:78:49,-52,,0.000000,0.000000,0.000,0.000,Client
2026-04-08 14:01:36,1900-01-00 00:00:00,0960-wombat,B8:27:EB:FF:C8:F5,-52, WPA ,0.000000,0.000000,0.000,0.000,AP
2026-04-08 14:01:36,1900-01-00 00:00:00,,76:12:77:72:78:49,-52,,0.000000,0.000000,0.000,0.000,Client
2026-04-08 14:01:36,1900-01-00 00:00:00,0960-wombat,B8:27:EB:FF:C8:F5,-52, WPA ,0.000000,0.000000,0.000,0.000,AP
2026-04-08 14:01:36,1900-01-00 00:00:00,,76:12:77:72:78:49,-52,,0.000000,0.000000,0.000,0.000,Client
2026-04-08 14:01:36,1900-01-00 00:00:00,0960-wombat,B8:27:EB:FF:C8:F5,-52, WPA ,0.000000,0.000000,0.000,0.000,AP
2026-04-08 14:01:36,1900-01-00 00:00:00,,76:12:77:72:78:49,-52,,0.000000,0.000000,0.000,0.000,Client
2026-04-08 14:01:36,1900-01-00 00:00:00,0960-wombat,B8:27:EB:FF:C8:F5,-52, WPA ,0.000000,0.000000,0.000,0.000,AP
2026-04-08 14:01:36,1900-01-00 00:00:00,,76:12:77:72:78:49,-52,,0.000000,0.000000,0.000,0.000,Client
2026-04-08 14:01:36,1900-01-00 00:00:00,0960-wombat,B8:27:EB:FF:C8:F5,-52, WPA ,0.000000,0.000000,0.000,0.000,AP
2026-04-08 14:01:36,1900-01-00 00:00:00,,76:12:77:72:78:49,-52,,0.000000,0.000000,0.000,0.000,Client
2026-04-08 14:01:36,1900-01-00 00:00:00,0960-wombat,B8:27:EB:FF:C8:F5,-52, WPA ,0.000000,0.000000,0.000,0.000,AP
2026-04-08 14:01:36,1900-01-00 00:00:00,,76:12:77:72:78:49,-52,,0.000000,0.000000,0.000,0.000,Client
2026-04-08 14:01:36,1900-01-00 00:00:00,0960-wombat,B8:27:EB:FF:C8:F5,-52, WPA ,0.000000,0.000000,0.000,0.000,AP
2026-04-08 14:01:36,1900-01-00 00:00:00,,76:12:77:72:78:49,-52,,0.000000,0.000000,0.000,0.000,Client
2026-04-08 14:01:36,1900-01-00 00:00:00,0960-wombat,B8:27:EB:FF:C8:F5,-52, WPA ,0.000000,0.000000,0.000,0.000,AP
2026-04-08 14:01:36,1900-01-00 00:00:00,,76:12:77:72:78:49,-52,,0.000000,0.000000,0.000,0.000,Client
2026-04-08 14:01:36,1900-01-00 00:00:00,0960-wombat,B8:27:EB:FF:C8:F5,-52, WPA ,0.000000,0.000000,0.000,0.000,AP
2026-04-08 14:01:36,1900-01-00 00:00:00,,76:12:77:72:78:49,-52,,0.000000,0.000000,0.000,0.000,Client
2026-04-08 14:01:36,1900-01-00 00:00:00,0960-wombat,B8:27:EB:FF:C8:F5,-52, WPA ,0.000000,0.000000,0.000,0.000,AP
2026-04-08 14:01:36,1900-01-00 00:00:00,,76:12:77:72:78:49,-52,,0.000000,0.000000,0.000,0.000,Client
2026-04-08 14:01:36,1900-01-00 00:00:00,0960-wombat,B8:27:EB:FF:C8:F5,-52, WPA ,0.000000,0.000000,0.000,0.000,AP
2026-04-08 14:01:36,1900-01-00 00:00:00,,76:12:77:72:78:49,-52,,0.000000,0.000000,0.000,0.000,Client
2026-04-08 14:01:36,1900-01-00 00:00:00,0960-wombat,B8:27:EB:FF:C8:F5,-52, WPA ,0.000000,0.000000,0.000,0.000,AP
2026-04-08 14:01:36,1900-01-00 00:00:00,,76:12:77:72:78:49,-52,,0.000000,0.000000,0.000,0.000,Client
2026-04-08 14:01:36,1900-01-00 00:00:00,0960-wombat,B8:27:EB:FF:C8:F5,-52, WPA ,0.000000,0.000000,0.000,0.000,AP
2026-04-08 14:01:36,1900-01-00 00:00:00,,76:12:77:72:78:49,-52,,0.000000,0.000000,0.000,0.000,Client
2026-04-08 14:01:36,1900-01-00 00:00:00,0960-wombat,B8:27:EB:FF:C8:F5,-52, WPA ,0.000000,0.000000,0.000,0.000,AP
2026-04-08 14:01:36,1900-01-00 00:00:00,,76:12:77:72:78:49,-52,,0.000000,0.000000,0.000,0.000,Client
2026-04-08 14:01:36,1900-01-00 00:00:00,0960-wombat,B8:27:EB:FF:C8:F5,-27, WPA ,0.000000,0.000000,0.000,0.000,AP
2026-04-08 14:01:36,1900-01-00 00:00:00,,76:12:77:72:78:49,-27,,0.000000,0.000000,0.000,0.000,Client
2026-04-08 14:01:36,1900-01-00 00:00:00,0960-wombat,B8:27:EB:FF:C8:F5,-27, WPA ,0.000000,0.000000,0.000,0.000,AP
2026-04-08 14:01:36,1900-01-00 00:00:00,,76:12:77:72:78:49,-27,,0.000000,0.000000,0.000,0.000,Client
2026-04-08 14:01:36,1900-01-00 00:00:00,0960-wombat,B8:27:EB:FF:C8:F5,-54, WPA ,0.000000,0.000000,0.000,0.000,AP
2026-04-08 14:01:36,1900-01-00 00:00:00,,76:12:77:72:78:49,-53,,0.000000,0.000000,0.000,0.000,Client
2026-04-08 14:01:36,1900-01-00 00:00:00,0960-wombat,B8:27:EB:FF:C8:F5,-57, WPA ,0.000000,0.000000,0.000,0.000,AP
2026-04-08 14:01:36,1900-01-00 00:00:00,,76:12:77:72:78:49,-57,,0.000000,0.000000,0.000,0.000,Client
2026-04-08 14:01:36,1900-01-00 00:00:00,0960-wombat,B8:27:EB:FF:C8:F5,-57, WPA ,0.000000,0.000000,0.000,0.000,AP
2026-04-08 14:01:36,1900-01-00 00:00:00,,76:12:77:72:78:49,-57,,0.000000,0.000000,0.000,0.000,Client
2026-04-08 14:01:36,1900-01-00 00:00:00,0960-wombat,B8:27:EB:FF:C8:F5,-51, WPA ,0.000000,0.000000,0.000,0.000,AP
2026-04-08 14:01:36,1900-01-00 00:00:00,,76:12:77:72:78:49,-51,,0.000000,0.000000,0.000,0.000,Client
2026-04-08 14:01:36,1900-01-00 00:00:00,0960-wombat,B8:27:EB:FF:C8:F5,-26, WPA ,0.000000,0.000000,0.000,0.000,AP
2026-04-08 14:01:36,1900-01-00 00:00:00,,76:12:77:72:78:49,-26,,0.000000,0.000000,0.000,0.000,Client
2026-04-08 14:01:36,1900-01-00 00:00:00,0960-wombat,B8:27:EB:FF:C8:F5,-27, WPA ,0.000000,0.000000,0.000,0.000,AP
2026-04-08 14:01:36,1900-01-00 00:00:00,,76:12:77:72:78:49,-23,,0.000000,0.000000,0.000,0.000,Client
2026-04-08 14:01:36,1900-01-00 00:00:00,0960-wombat,B8:27:EB:FF:C8:F5,-26, WPA ,0.000000,0.000000,0.000,0.000,AP
2026-04-08 14:01:36,1900-01-00 00:00:00,,76:12:77:72:78:49,-23,,0.000000,0.000000,0.000,0.000,Client
2026-04-08 14:01:36,1900-01-00 00:00:00,0960-wombat,B8:27:EB:FF:C8:F5,-23, WPA ,0.000000,0.000000,0.000,0.000,AP
2026-04-08 14:01:36,1900-01-00 00:00:00,,76:12:77:72:78:49,-23,,0.000000,0.000000,0.000,0.000,Client
2026-04-08 14:01:36,1900-01-00 00:00:00,0960-wombat,B8:27:EB:FF:C8:F5,-23, WPA ,0.000000,0.000000,0.000,0.000,AP
2026-04-08 14:01:36,1900-01-00 00:00:00,,76:12:77:72:78:49,-23,,0.000000,0.000000,0.000,0.000,Client
2026-04-08 14:01:36,1900-01-00 00:00:00,0960-wombat,B8:27:EB:FF:C8:F5,-23, WPA ,0.000000,0.000000,0.000,0.000,AP
2026-04-08 14:01:36,1900-01-00 00:00:00,,76:12:77:72:78:49,-23,,0.000000,0.000000,0.000,0.000,Client
2026-04-08 14:01:36,1900-01-00 00:00:00,0960-wombat,B8:27:EB:FF:C8:F5,-23, WPA ,0.000000,0.000000,0.000,0.000,AP
2026-04-08 14:01:36,1900-01-00 00:00:00,,76:12:77:72:78:49,-23,,0.000000,0.000000,0.000,0.000,Client
2026-04-08 14:01:36,1900-01-00 00:00:00,0960-wombat,B8:27:EB:FF:C8:F5,-23, WPA ,0.000000,0.000000,0.000,0.000,AP
2026-04-08 14:01:36,1900-01-00 00:00:00,,76:12:77:72:78:49,-23,,0.000000,0.000000,0.000,0.000,Client
2026-04-08 14:01:36,1900-01-00 00:00:00,0960-wombat,B8:27:EB:FF:C8:F5,-23, WPA ,0.000000,0.000000,0.000,0.000,AP
2026-04-08 14:01:36,1900-01-00 00:00:00,,76:12:77:72:78:49,-26,,0.000000,0.000000,0.000,0.000,Client
2026-04-08 14:01:36,1900-01-00 00:00:00,0960-wombat,B8:27:EB:FF:C8:F5,-26, WPA ,0.000000,0.000000,0.000,0.000,AP
2026-04-08 14:01:36,1900-01-00 00:00:00,,76:12:77:72:78:49,-26,,0.000000,0.000000,0.000,0.000,Client
2026-04-08 14:01:36,1900-01-00 00:00:00,0960-wombat,B8:27:EB:FF:C8:F5,-23, WPA ,0.000000,0.000000,0.000,0.000,AP
2026-04-08 14:01:36,1900-01-00 00:00:00,0960-wombat,B8:27:EB:FF:C8:F5,-46, WPA ,0.000000,0.000000,0.000,0.000,AP
2026-04-08 14:01:36,1900-01-00 00:00:00,,76:12:77:72:78:49,-46,,0.000000,0.000000,0.000,0.000,Client
2026-04-08 14:01:36,1900-01-00 00:00:00,0960-wombat,B8:27:EB:FF:C8:F5,-46, WPA ,0.000000,0.000000,0.000,0.000,AP
2026-04-08 14:01:36,1900-01-00 00:00:00,,76:12:77:72:78:49,-23,,0.000000,0.000000,0.000,0.000,Client
2026-04-08 14:01:36,1900-01-00 00:00:00,0960-wombat,B8:27:EB:FF:C8:F5,-26, WPA ,0.000000,0.000000,0.000,0.000,AP
2026-04-08 14:01:36,1900-01-00 00:00:00,,76:12:77:72:78:49,-23,,0.000000,0.000000,0.000,0.000,Client
2026-04-08 14:01:36,1900-01-00 00:00:00,0960-wombat,B8:27:EB:FF:C8:F5,-26, WPA ,0.000000,0.000000,0.000,0.000,AP
2026-04-08 14:01:36,1900-01-00 00:00:00,,76:12:77:72:78:49,-51,,0.000000,0.000000,0.000,0.000,Client
2026-04-08 14:01:36,1900-01-00 00:00:00,0960-wombat,B8:27:EB:FF:C8:F5,-23, WPA ,0.000000,0.000000,0.000,0.000,AP
2026-04-08 14:01:36,1900-01-00 00:00:00,,76:12:77:72:78:49,-23,,0.000000,0.000000,0.000,0.000,Client
2026-04-08 14:01:36,1900-01-00 00:00:00,0960-wombat,B8:27:EB:FF:C8:F5,-23, WPA ,0.000000,0.000000,0.000,0.000,AP
2026-04-08 14:01:36,1900-01-00 00:00:00,,76:12:77:72:78:49,-23,,0.000000,0.000000,0.000,0.000,Client
2026-04-08 14:01:36,1900-01-00 00:00:00,0960-wombat,B8:27:EB:FF:C8:F5,-23, WPA ,0.000000,0.000000,0.000,0.000,AP
2026-04-08 14:01:36,1900-01-00 00:00:00,,76:12:77:72:78:49,-52,,0.000000,0.000000,0.000,0.000,Client
2026-04-08 14:01:36,1900-01-00 00:00:00,0960-wombat,B8:27:EB:FF:C8:F5,-52, WPA ,0.000000,0.000000,0.000,0.000,AP
2026-04-08 14:01:36,1900-01-00 00:00:00,,76:12:77:72:78:49,-52,,0.000000,0.000000,0.000,0.000,Client
2026-04-08 14:01:36,1900-01-00 00:00:00,0960-wombat,B8:27:EB:FF:C8:F5,-52, WPA ,0.000000,0.000000,0.000,0.000,AP
2026-04-08 14:01:36,1900-01-00 00:00:00,,76:12:77:72:78:49,-52,,0.000000,0.000000,0.000,0.000,Client
2026-04-08 14:01:36,1900-01-00 00:00:00,0960-wombat,B8:27:EB:FF:C8:F5,-52, WPA ,0.000000,0.000000,0.000,0.000,AP
2026-04-08 14:01:36,1900-01-00 00:00:00,,76:12:77:72:78:49,-23,,0.000000,0.000000,0.000,0.000,Client
2026-04-08 14:01:36,1900-01-00 00:00:00,0960-wombat,B8:27:EB:FF:C8:F5,-26, WPA ,0.000000,0.000000,0.000,0.000,AP
2026-04-08 14:01:36,1900-01-00 00:00:00,,76:12:77:72:78:49,-26,,0.000000,0.000000,0.000,0.000,Client
2026-04-08 14:01:36,1900-01-00 00:00:00,0960-wombat,B8:27:EB:FF:C8:F5,-26, WPA ,0.000000,0.000000,0.000,0.000,AP
2026-04-08 14:01:36,1900-01-00 00:00:00,,76:12:77:72:78:49,-26,,0.000000,0.000000,0.000,0.000,Client
2026-04-08 14:01:36,1900-01-00 00:00:00,0960-wombat,B8:27:EB:FF:C8:F5,-26, WPA ,0.000000,0.000000,0.000,0.000,AP
2026-04-08 14:01:37,1900-01-00 00:00:00,,76:12:77:72:78:49,-26,,0.000000,0.000000,0.000,0.000,Client
2026-04-08 14:01:37,1900-01-00 00:00:00,0960-wombat,B8:27:EB:FF:C8:F5,-26, WPA ,0.000000,0.000000,0.000,0.000,AP
2026-04-08 14:01:37,1900-01-00 00:00:00,,76:12:77:72:78:49,-26,,0.000000,0.000000,0.000,0.000,Client
2026-04-08 14:01:37,1900-01-00 00:00:00,0960-wombat,B8:27:EB:FF:C8:F5,-23, WPA ,0.000000,0.000000,0.000,0.000,AP
2026-04-08 14:01:37,1900-01-00 00:00:00,,76:12:77:72:78:49,-23,,0.000000,0.000000,0.000,0.000,Client
2026-04-08 14:01:37,1900-01-00 00:00:00,0960-wombat,B8:27:EB:FF:C8:F5,-47, WPA ,0.000000,0.000000,0.000,0.000,AP
2026-04-08 14:01:37,1900-01-00 00:00:00,0960-wombat,B8:27:EB:FF:C8:F5,-47, WPA ,0.000000,0.000000,0.000,0.000,AP
2026-04-08 14:01:37,1900-01-00 00:00:00,0960-wombat,B8:27:EB:FF:C8:F5,-52, WPA ,0.000000,0.000000,0.000,0.000,AP
2026-04-08 14:01:37,1900-01-00 00:00:00,,76:12:77:72:78:49,-52,,0.000000,0.000000,0.000,0.000,Client
2026-04-08 14:01:37,1900-01-00 00:00:00,0960-wombat,B8:27:EB:FF:C8:F5,-52, WPA ,0.000000,0.000000,0.000,0.000,AP
2026-04-08 14:01:37,1900-01-00 00:00:00,,76:12:77:72:78:49,-52,,0.000000,0.000000,0.000,0.000,Client
2026-04-08 14:01:37,1900-01-00 00:00:00,0960-wombat,B8:27:EB:FF:C8:F5,-52, WPA ,0.000000,0.000000,0.000,0.000,AP
2026-04-08 14:01:37,1900-01-00 00:00:00,,76:12:77:72:78:49,-52,,0.000000,0.000000,0.000,0.000,Client
2026-04-08 14:01:37,1900-01-00 00:00:00,0960-wombat,B8:27:EB:FF:C8:F5,-52, WPA ,0.000000,0.000000,0.000,0.000,AP
2026-04-08 14:01:37,1900-01-00 00:00:00,,76:12:77:72:78:49,-52,,0.000000,0.000000,0.000,0.000,Client
2026-04-08 14:01:37,1900-01-00 00:00:00,0960-wombat,B8:27:EB:FF:C8:F5,-52, WPA ,0.000000,0.000000,0.000,0.000,AP
2026-04-08 14:01:37,1900-01-00 00:00:00,,76:12:77:72:78:49,-52,,0.000000,0.000000,0.000,0.000,Client
2026-04-08 14:01:37,1900-01-00 00:00:00,0960-wombat,B8:27:EB:FF:C8:F5,-52, WPA ,0.000000,0.000000,0.000,0.000,AP
2026-04-08 14:01:37,1900-01-00 00:00:00,,76:12:77:72:78:49,-52,,0.000000,0.000000,0.000,0.000,Client
2026-04-08 14:01:37,1900-01-00 00:00:00,0960-wombat,B8:27:EB:FF:C8:F5,-52, WPA ,0.000000,0.000000,0.000,0.000,AP
2026-04-08 14:01:37,1900-01-00 00:00:00,,76:12:77:72:78:49,-52,,0.000000,0.000000,0.000,0.000,Client
2026-04-08 14:01:37,1900-01-00 00:00:00,0960-wombat,B8:27:EB:FF:C8:F5,-52, WPA ,0.000000,0.000000,0.000,0.000,AP
2026-04-08 14:01:37,1900-01-00 00:00:00,,76:12:77:72:78:49,-52,,0.000000,0.000000,0.000,0.000,Client
2026-04-08 14:01:37,1900-01-00 00:00:00,0960-wombat,B8:27:EB:FF:C8:F5,-47, WPA ,0.000000,0.000000,0.000,0.000,AP
2026-04-08 14:01:37,1900-01-00 00:00:00,0960-wombat,B8:27:EB:FF:C8:F5,-47, WPA ,0.000000,0.000000,0.000,0.000,AP
2026-04-08 14:01:37,1900-01-00 00:00:00,,76:12:77:72:78:49,-47,,0.000000,0.000000,0.000,0.000,Client
2026-04-08 14:01:37,1900-01-00 00:00:00,0960-wombat,B8:27:EB:FF:C8:F5,-47, WPA ,0.000000,0.000000,0.000,0.000,AP
2026-04-08 14:01:37,1900-01-00 00:00:00,,76:12:77:72:78:49,-47,,0.000000,0.000000,0.000,0.000,Client
2026-04-08 14:01:37,1900-01-00 00:00:00,0960-wombat,B8:27:EB:FF:C8:F5,-27, WPA ,0.000000,0.000000,0.000,0.000,AP
2026-04-08 14:01:37,1900-01-00 00:00:00,,76:12:77:72:78:49,-27,,0.000000,0.000000,0.000,0.000,Client
2026-04-08 14:01:37,1900-01-00 00:00:00,0960-wombat,B8:27:EB:FF:C8:F5,-27, WPA ,0.000000,0.000000,0.000,0.000,AP
2026-04-08 14:01:37,1900-01-00 00:00:00,,76:12:77:72:78:49,-27,,0.000000,0.000000,0.000,0.000,Client
2026-04-08 14:01:37,1900-01-00 00:00:00,0960-wombat,B8:27:EB:FF:C8:F5,-27, WPA ,0.000000,0.000000,0.000,0.000,AP
2026-04-08 14:01:37,1900-01-00 00:00:00,,76:12:77:72:78:49,-50,,0.000000,0.000000,0.000,0.000,Client
2026-04-08 14:01:37,1900-01-00 00:00:00,0960-wombat,B8:27:EB:FF:C8:F5,-50, WPA ,0.000000,0.000000,0.000,0.000,AP
2026-04-08 14:01:37,1900-01-00 00:00:00,,76:12:77:72:78:49,-50,,0.000000,0.000000,0.000,0.000,Client
2026-04-08 14:01:37,1900-01-00 00:00:00,0960-wombat,B8:27:EB:FF:C8:F5,-50, WPA ,0.000000,0.000000,0.000,0.000,AP
2026-04-08 14:01:37,1900-01-00 00:00:00,,76:12:77:72:78:49,-50,,0.000000,0.000000,0.000,0.000,Client
2026-04-08 14:01:37,1900-01-00 00:00:00,0960-wombat,B8:27:EB:FF:C8:F5,-50, WPA ,0.000000,0.000000,0.000,0.000,AP
2026-04-08 14:01:37,1900-01-00 00:00:00,,76:12:77:72:78:49,-50,,0.000000,0.000000,0.000,0.000,Client
2026-04-08 14:01:37,1900-01-00 00:00:00,0960-wombat,B8:27:EB:FF:C8:F5,-50, WPA ,0.000000,0.000000,0.000,0.000,AP
2026-04-08 14:01:37,1900-01-00 00:00:00,,76:12:77:72:78:49,-50,,0.000000,0.000000,0.000,0.000,Client
2026-04-08 14:01:37,1900-01-00 00:00:00,0960-wombat,B8:27:EB:FF:C8:F5,-50, WPA ,0.000000,0.000000,0.000,0.000,AP
2026-04-08 14:01:37,1900-01-00 00:00:00,,76:12:77:72:78:49,-50,,0.000000,0.000000,0.000,0.000,Client
2026-04-08 14:01:37,1900-01-00 00:00:00,0960-wombat,B8:27:EB:FF:C8:F5,-50, WPA ,0.000000,0.000000,0.000,0.000,AP
2026-04-08 14:01:37,1900-01-00 00:00:00,,76:12:77:72:78:49,-50,,0.000000,0.000000,0.000,0.000,Client
2026-04-08 14:01:37,1900-01-00 00:00:00,0960-wombat,B8:27:EB:FF:C8:F5,-50, WPA ,0.000000,0.000000,0.000,0.000,AP
2026-04-08 14:01:37,1900-01-00 00:00:00,,76:12:77:72:78:49,-50,,0.000000,0.000000,0.000,0.000,Client
2026-04-08 14:01:37,1900-01-00 00:00:00,0960-wombat,B8:27:EB:FF:C8:F5,-50, WPA ,0.000000,0.000000,0.000,0.000,AP
2026-04-08 14:01:37,1900-01-00 00:00:00,,76:12:77:72:78:49,-50,,0.000000,0.000000,0.000,0.000,Client
2026-04-08 14:01:37,1900-01-00 00:00:00,0960-wombat,B8:27:EB:FF:C8:F5,-50, WPA ,0.000000,0.000000,0.000,0.000,AP
2026-04-08 14:01:37,1900-01-00 00:00:00,,76:12:77:72:78:49,-50,,0.000000,0.000000,0.000,0.000,Client
2026-04-08 14:01:37,1900-01-00 00:00:00,0960-wombat,B8:27:EB:FF:C8:F5,-50, WPA ,0.000000,0.000000,0.000,0.000,AP
2026-04-08 14:01:37,1900-01-00 00:00:00,,76:12:77:72:78:49,-50,,0.000000,0.000000,0.000,0.000,Client
2026-04-08 14:01:37,1900-01-00 00:00:00,0960-wombat,B8:27:EB:FF:C8:F5,-50, WPA ,0.000000,0.000000,0.000,0.000,AP
2026-04-08 14:01:37,1900-01-00 00:00:00,,76:12:77:72:78:49,-50,,0.000000,0.000000,0.000,0.000,Client
2026-04-08 14:01:37,1900-01-00 00:00:00,0960-wombat,B8:27:EB:FF:C8:F5,-50, WPA ,0.000000,0.000000,0.000,0.000,AP
2026-04-08 14:01:37,1900-01-00 00:00:00,,76:12:77:72:78:49,-50,,0.000000,0.000000,0.000,0.000,Client
2026-04-08 14:01:37,1900-01-00 00:00:00,0960-wombat,B8:27:EB:FF:C8:F5,-50, WPA ,0.000000,0.000000,0.000,0.000,AP
2026-04-08 14:01:37,1900-01-00 00:00:00,,76:12:77:72:78:49,-50,,0.000000,0.000000,0.000,0.000,Client
2026-04-08 14:01:37,1900-01-00 00:00:00,0960-wombat,B8:27:EB:FF:C8:F5,-50, WPA ,0.000000,0.000000,0.000,0.000,AP
2026-04-08 14:01:37,1900-01-00 00:00:00,,76:12:77:72:78:49,-50,,0.000000,0.000000,0.000,0.000,Client
2026-04-08 14:01:37,1900-01-00 00:00:00,0960-wombat,B8:27:EB:FF:C8:F5,-50, WPA ,0.000000,0.000000,0.000,0.000,AP
2026-04-08 14:01:37,1900-01-00 00:00:00,0960-wombat,B8:27:EB:FF:C8:F5,-47, WPA ,0.000000,0.000000,0.000,0.000,AP
2026-04-08 14:01:37,1900-01-00 00:00:00,,76:12:77:72:78:49,-47,,0.000000,0.000000,0.000,0.000,Client
2026-04-08 14:01:37,1900-01-00 00:00:00,0960-wombat,B8:27:EB:FF:C8:F5,-47, WPA ,0.000000,0.000000,0.000,0.000,AP
2026-04-08 14:01:37,1900-01-00 00:00:00,,76:12:77:72:78:49,-47,,0.000000,0.000000,0.000,0.000,Client
2026-04-08 14:01:37,1900-01-00 00:00:00,0960-wombat,B8:27:EB:FF:C8:F5,-47, WPA ,0.000000,0.000000,0.000,0.000,AP
2026-04-08 14:01:37,1900-01-00 00:00:00,,76:12:77:72:78:49,-27,,0.000000,0.000000,0.000,0.000,Client
2026-04-08 14:01:37,1900-01-00 00:00:00,,76:12:77:72:78:49,-40,,0.000000,0.000000,0.000,0.000,Client
2026-04-08 14:01:37,1900-01-00 00:00:00,0960-wombat,B8:27:EB:FF:C8:F5,-46, WPA ,0.000000,0.000000,0.000,0.000,AP
2026-04-08 14:01:37,1900-01-00 00:00:00,,76:12:77:72:78:49,-46,,0.000000,0.000000,0.000,0.000,Client
2026-04-08 14:01:37,1900-01-00 00:00:00,0960-wombat,B8:27:EB:FF:C8:F5,-40, WPA ,0.000000,0.000000,0.000,0.000,AP
2026-04-08 14:01:37,1900-01-00 00:00:00,,76:12:77:72:78:49,-40,,0.000000,0.000000,0.000,0.000,Client
2026-04-08 14:01:37,1900-01-00 00:00:00,0960-wombat,B8:27:EB:FF:C8:F5,-50, WPA ,0.000000,0.000000,0.000,0.000,AP
2026-04-08 14:01:37,1900-01-00 00:00:00,,76:12:77:72:78:49,-50,,0.000000,0.000000,0.000,0.000,Client
2026-04-08 14:01:37,1900-01-00 00:00:00,0960-wombat,B8:27:EB:FF:C8:F5,-50, WPA ,0.000000,0.000000,0.000,0.000,AP
2026-04-08 14:01:37,1900-01-00 00:00:00,,76:12:77:72:78:49,-50,,0.000000,0.000000,0.000,0.000,Client
2026-04-08 14:01:37,1900-01-00 00:00:00,0960-wombat,B8:27:EB:FF:C8:F5,-50, WPA ,0.000000,0.000000,0.000,0.000,AP
2026-04-08 14:01:37,1900-01-00 00:00:00,,76:12:77:72:78:49,-53,,0.000000,0.000000,0.000,0.000,Client
2026-04-08 14:01:37,1900-01-00 00:00:00,0960-wombat,B8:27:EB:FF:C8:F5,-53, WPA ,0.000000,0.000000,0.000,0.000,AP
2026-04-08 14:01:37,1900-01-00 00:00:00,,76:12:77:72:78:49,-53,,0.000000,0.000000,0.000,0.000,Client
2026-04-08 14:01:37,1900-01-00 00:00:00,0960-wombat,B8:27:EB:FF:C8:F5,-53, WPA ,0.000000,0.000000,0.000,0.000,AP
2026-04-08 14:01:37,1900-01-00 00:00:00,,76:12:77:72:78:49,-53,,0.000000,0.000000,0.000,0.000,Client
2026-04-08 14:01:37,1900-01-00 00:00:00,0960-wombat,B8:27:EB:FF:C8:F5,-53, WPA ,0.000000,0.000000,0.000,0.000,AP
2026-04-08 14:01:37,1900-01-00 00:00:00,,76:12:77:72:78:49,-50,,0.000000,0.000000,0.000,0.000,Client
2026-04-08 14:01:37,1900-01-00 00:00:00,0960-wombat,B8:27:EB:FF:C8:F5,-26, WPA ,0.000000,0.000000,0.000,0.000,AP
2026-04-08 14:01:37,1900-01-00 00:00:00,,76:12:77:72:78:49,-23,,0.000000,0.000000,0.000,0.000,Client
2026-04-08 14:01:37,1900-01-00 00:00:00,0960-wombat,B8:27:EB:FF:C8:F5,-23, WPA ,0.000000,0.000000,0.000,0.000,AP
2026-04-08 14:01:37,1900-01-00 00:00:00,,76:12:77:72:78:49,-23,,0.000000,0.000000,0.000,0.000,Client
2026-04-08 14:01:37,1900-01-00 00:00:00,0960-wombat,B8:27:EB:FF:C8:F5,-23, WPA ,0.000000,0.000000,0.000,0.000,AP
2026-04-08 14:01:37,1900-01-00 00:00:00,,76:12:77:72:78:49,-23,,0.000000,0.000000,0.000,0.000,Client
2026-04-08 14:01:37,1900-01-00 00:00:00,0960-wombat,B8:27:EB:FF:C8:F5,-23, WPA ,0.000000,0.000000,0.000,0.000,AP
2026-04-08 14:01:37,1900-01-00 00:00:00,,76:12:77:72:78:49,-23,,0.000000,0.000000,0.000,0.000,Client
2026-04-08 14:01:37,1900-01-00 00:00:00,0960-wombat,B8:27:EB:FF:C8:F5,-23, WPA ,0.000000,0.000000,0.000,0.000,AP
2026-04-08 14:01:37,1900-01-00 00:00:00,,76:12:77:72:78:49,-23,,0.000000,0.000000,0.000,0.000,Client
2026-04-08 14:01:37,1900-01-00 00:00:00,0960-wombat,B8:27:EB:FF:C8:F5,-23, WPA ,0.000000,0.000000,0.000,0.000,AP
2026-04-08 14:01:37,1900-01-00 00:00:00,,76:12:77:72:78:49,-23,,0.000000,0.000000,0.000,0.000,Client
2026-04-08 14:01:37,1900-01-00 00:00:00,0960-wombat,B8:27:EB:FF:C8:F5,-23, WPA ,0.000000,0.000000,0.000,0.000,AP
2026-04-08 14:01:37,1900-01-00 00:00:00,,76:12:77:72:78:49,-23,,0.000000,0.000000,0.000,0.000,Client
2026-04-08 14:01:37,1900-01-00 00:00:00,0960-wombat,B8:27:EB:FF:C8:F5,-23, WPA ,0.000000,0.000000,0.000,0.000,AP
2026-04-08 14:01:37,1900-01-00 00:00:00,,76:12:77:72:78:49,-23,,0.000000,0.000000,0.000,0.000,Client
2026-04-08 14:01:37,1900-01-00 00:00:00,0960-wombat,B8:27:EB:FF:C8:F5,-23, WPA ,0.000000,0.000000,0.000,0.000,AP
2026-04-08 14:01:37,1900-01-00 00:00:00,,76:12:77:72:78:49,-23,,0.000000,0.000000,0.000,0.000,Client
2026-04-08 14:01:37,1900-01-00 00:00:00,0960-wombat,B8:27:EB:FF:C8:F5,-46, WPA ,0.000000,0.000000,0.000,0.000,AP
2026-04-08 14:01:37,1900-01-00 00:00:00,0960-wombat,B8:27:EB:FF:C8:F5,-46, WPA ,0.000000,0.000000,0.000,0.000,AP
2026-04-08 14:01:37,1900-01-00 00:00:00,,76:12:77:72:78:49,-46,,0.000000,0.000000,0.000,0.000,Client
2026-04-08 14:01:37,1900-01-00 00:00:00,0960-wombat,B8:27:EB:FF:C8:F5,-46, WPA ,0.000000,0.000000,0.000,0.000,AP
2026-04-08 14:01:37,1900-01-00 00:00:00,,76:12:77:72:78:49,-46,,0.000000,0.000000,0.000,0.000,Client
2026-04-08 14:01:37,1900-01-00 00:00:00,0960-wombat,B8:27:EB:FF:C8:F5,-26, WPA ,0.000000,0.000000,0.000,0.000,AP
2026-04-08 14:01:37,1900-01-00 00:00:00,,76:12:77:72:78:49,-26,,0.000000,0.000000,0.000,0.000,Client
2026-04-08 14:01:37,1900-01-00 00:00:00,0960-wombat,B8:27:EB:FF:C8:F5,-26, WPA ,0.000000,0.000000,0.000,0.000,AP
2026-04-08 14:01:37,1900-01-00 00:00:00,,76:12:77:72:78:49,-26,,0.000000,0.000000,0.000,0.000,Client
2026-04-08 14:01:37,1900-01-00 00:00:00,0960-wombat,B8:27:EB:FF:C8:F5,-26, WPA ,0.000000,0.000000,0.000,0.000,AP
2026-04-08 14:01:37,1900-01-00 00:00:00,,76:12:77:72:78:49,-50,,0.000000,0.000000,0.000,0.000,Client
2026-04-08 14:01:37,1900-01-00 00:00:00,0960-wombat,B8:27:EB:FF:C8:F5,-50, WPA ,0.000000,0.000000,0.000,0.000,AP
2026-04-08 14:01:37,1900-01-00 00:00:00,,76:12:77:72:78:49,-50,,0.000000,0.000000,0.000,0.000,Client
2026-04-08 14:01:37,1900-01-00 00:00:00,0960-wombat,B8:27:EB:FF:C8:F5,-50, WPA ,0.000000,0.000000,0.000,0.000,AP
2026-04-08 14:01:37,1900-01-00 00:00:00,,76:12:77:72:78:49,-50,,0.000000,0.000000,0.000,0.000,Client
2026-04-08 14:01:37,1900-01-00 00:00:00,0960-wombat,B8:27:EB:FF:C8:F5,-53, WPA ,0.000000,0.000000,0.000,0.000,AP
2026-04-08 14:01:37,1900-01-00 00:00:00,,76:12:77:72:78:49,-53,,0.000000,0.000000,0.000,0.000,Client
2026-04-08 14:01:37,1900-01-00 00:00:00,0960-wombat,B8:27:EB:FF:C8:F5,-53, WPA ,0.000000,0.000000,0.000,0.000,AP
2026-04-08 14:01:37,1900-01-00 00:00:00,,76:12:77:72:78:49,-53,,0.000000,0.000000,0.000,0.000,Client
2026-04-08 14:01:37,1900-01-00 00:00:00,0960-wombat,B8:27:EB:FF:C8:F5,-53, WPA ,0.000000,0.000000,0.000,0.000,AP
2026-04-08 14:01:37,1900-01-00 00:00:00,,76:12:77:72:78:49,-53,,0.000000,0.000000,0.000,0.000,Client
2026-04-08 14:01:37,1900-01-00 00:00:00,0960-wombat,B8:27:EB:FF:C8:F5,-53, WPA ,0.000000,0.000000,0.000,0.000,AP
2026-04-08 14:01:37,1900-01-00 00:00:00,,76:12:77:72:78:49,-53,,0.000000,0.000000,0.000,0.000,Client
2026-04-08 14:01:37,1900-01-00 00:00:00,0960-wombat,B8:27:EB:FF:C8:F5,-53, WPA ,0.000000,0.000000,0.000,0.000,AP
2026-04-08 14:01:37,1900-01-00 00:00:00,,76:12:77:72:78:49,-51,,0.000000,0.000000,0.000,0.000,Client
2026-04-08 14:01:37,1900-01-00 00:00:00,0960-wombat,B8:27:EB:FF:C8:F5,-51, WPA ,0.000000,0.000000,0.000,0.000,AP
2026-04-08 14:01:37,1900-01-00 00:00:00,,76:12:77:72:78:49,-51,,0.000000,0.000000,0.000,0.000,Client
2026-04-08 14:01:37,1900-01-00 00:00:00,0960-wombat,B8:27:EB:FF:C8:F5,-51, WPA ,0.000000,0.000000,0.000,0.000,AP
2026-04-08 14:01:37,1900-01-00 00:00:00,,76:12:77:72:78:49,-51,,0.000000,0.000000,0.000,0.000,Client
2026-04-08 14:01:37,1900-01-00 00:00:00,0960-wombat,B8:27:EB:FF:C8:F5,-51, WPA ,0.000000,0.000000,0.000,0.000,AP
2026-04-08 14:01:37,1900-01-00 00:00:00,,76:12:77:72:78:49,-51,,0.000000,0.000000,0.000,0.000,Client
2026-04-08 14:01:37,1900-01-00 00:00:00,0960-wombat,B8:27:EB:FF:C8:F5,-51, WPA ,0.000000,0.000000,0.000,0.000,AP
2026-04-08 14:01:37,1900-01-00 00:00:00,,76:12:77:72:78:49,-51,,0.000000,0.000000,0.000,0.000,Client
2026-04-08 14:01:37,1900-01-00 00:00:00,0960-wombat,B8:27:EB:FF:C8:F5,-51, WPA ,0.000000,0.000000,0.000,0.000,AP
2026-04-08 14:01:37,1900-01-00 00:00:00,,76:12:77:72:78:49,-51,,0.000000,0.000000,0.000,0.000,Client
2026-04-08 14:01:37,1900-01-00 00:00:00,0960-wombat,B8:27:EB:FF:C8:F5,-48, WPA ,0.000000,0.000000,0.000,0.000,AP
2026-04-08 14:01:37,1900-01-00 00:00:00,0960-wombat,B8:27:EB:FF:C8:F5,-47, WPA ,0.000000,0.000000,0.000,0.000,AP
2026-04-08 14:01:37,1900-01-00 00:00:00,0960-wombat,B8:27:EB:FF:C8:F5,-45, WPA ,0.000000,0.000000,0.000,0.000,AP
2026-04-08 14:01:37,1900-01-00 00:00:00,0960-wombat,B8:27:EB:FF:C8:F5,-47, WPA ,0.000000,0.000000,0.000,0.000,AP
2026-04-08 14:01:37,1900-01-00 00:00:00,0960-wombat,B8:27:EB:FF:C8:F5,-47, WPA ,0.000000,0.000000,0.000,0.000,AP
2026-04-08 14:01:37,1900-01-00 00:00:00,0960-wombat,B8:27:EB:FF:C8:F5,-46, WPA ,0.000000,0.000000,0.000,0.000,AP
2026-04-08 14:01:37,1900-01-00 00:00:00,0960-wombat,B8:27:EB:FF:C8:F5,-44, WPA ,0.000000,0.000000,0.000,0.000,AP
2026-04-08 14:01:37,1900-01-00 00:00:00,0960-wombat,B8:27:EB:FF:C8:F5,-46, WPA ,0.000000,0.000000,0.000,0.000,AP
2026-04-08 14:01:37,1900-01-00 00:00:00,0960-wombat,B8:27:EB:FF:C8:F5,-45, WPA ,0.000000,0.000000,0.000,0.000,AP
2026-04-08 14:01:37,1900-01-00 00:00:00,0960-wombat,B8:27:EB:FF:C8:F5,-46, WPA ,0.000000,0.000000,0.000,0.000,AP
2026-04-08 14:01:37,1900-01-00 00:00:00,0960-wombat,B8:27:EB:FF:C8:F5,-46, WPA ,0.000000,0.000000,0.000,0.000,AP
2026-04-08 14:01:37,1900-01-00 00:00:00,,76:12:77:72:78:49,-46,,0.000000,0.000000,0.000,0.000,Client
2026-04-08 14:01:37,1900-01-00 00:00:00,0960-wombat,B8:27:EB:FF:C8:F5,-54, WPA ,0.000000,0.000000,0.000,0.000,AP
2026-04-08 14:01:37,1900-01-00 00:00:00,0960-wombat,B8:27:EB:FF:C8:F5,-47, WPA ,0.000000,0.000000,0.000,0.000,AP
2026-04-08 14:01:37,1900-01-00 00:00:00,,76:12:77:72:78:49,-47,,0.000000,0.000000,0.000,0.000,Client
2026-04-08 14:01:37,1900-01-00 00:00:00,0960-wombat,B8:27:EB:FF:C8:F5,-52, WPA ,0.000000,0.000000,0.000,0.000,AP
2026-04-08 14:01:37,1900-01-00 00:00:00,,76:12:77:72:78:49,-27,,0.000000,0.000000,0.000,0.000,Client
2026-04-08 14:01:37,1900-01-00 00:00:00,0960-wombat,B8:27:EB:FF:C8:F5,-47, WPA ,0.000000,0.000000,0.000,0.000,AP
2026-04-08 14:01:37,1900-01-00 00:00:00,0960-wombat,B8:27:EB:FF:C8:F5,-27, WPA ,0.000000,0.000000,0.000,0.000,AP
2026-04-08 14:01:37,1900-01-00 00:00:00,,76:12:77:72:78:49,-55,,0.000000,0.000000,0.000,0.000,Client
2026-04-08 14:01:37,1900-01-00 00:00:00,0960-wombat,B8:27:EB:FF:C8:F5,-47, WPA ,0.000000,0.000000,0.000,0.000,AP
2026-04-08 14:01:37,1900-01-00 00:00:00,0960-wombat,B8:27:EB:FF:C8:F5,-27, WPA ,0.000000,0.000000,0.000,0.000,AP
2026-04-08 14:01:37,1900-01-00 00:00:00,,76:12:77:72:78:49,-57,,0.000000,0.000000,0.000,0.000,Client
2026-04-08 14:01:37,1900-01-00 00:00:00,0960-wombat,B8:27:EB:FF:C8:F5,-55, WPA ,0.000000,0.000000,0.000,0.000,AP
2026-04-08 14:01:37,1900-01-00 00:00:00,,76:12:77:72:78:49,-52,,0.000000,0.000000,0.000,0.000,Client
2026-04-08 14:01:37,1900-01-00 00:00:00,0960-wombat,B8:27:EB:FF:C8:F5,-54, WPA ,0.000000,0.000000,0.000,0.000,AP
2026-04-08 14:01:37,1900-01-00 00:00:00,0960-wombat,B8:27:EB:FF:C8:F5,-47, WPA ,0.000000,0.000000,0.000,0.000,AP
2026-04-08 14:01:37,1900-01-00 00:00:00,,76:12:77:72:78:49,-47,,0.000000,0.000000,0.000,0.000,Client
2026-04-08 14:01:37,1900-01-00 00:00:00,0960-wombat,B8:27:EB:FF:C8:F5,-55, WPA ,0.000000,0.000000,0.000,0.000,AP
2026-04-08 14:01:37,1900-01-00 00:00:00,,76:12:77:72:78:49,-55,,0.000000,0.000000,0.000,0.000,Client
2026-04-08 14:01:37,1900-01-00 00:00:00,0960-wombat,B8:27:EB:FF:C8:F5,-55, WPA ,0.000000,0.000000,0.000,0.000,AP
2026-04-08 14:01:37,1900-01-00 00:00:00,,76:12:77:72:78:49,-27,,0.000000,0.000000,0.000,0.000,Client
2026-04-08 14:01:37,1900-01-00 00:00:00,0960-wombat,B8:27:EB:FF:C8:F5,-27, WPA ,0.000000,0.000000,0.000,0.000,AP
2026-04-08 14:01:37,1900-01-00 00:00:00,,76:12:77:72:78:49,-27,,0.000000,0.000000,0.000,0.000,Client
2026-04-08 14:01:37,1900-01-00 00:00:00,0960-wombat,B8:27:EB:FF:C8:F5,-27, WPA ,0.000000,0.000000,0.000,0.000,AP
2026-04-08 14:01:37,1900-01-00 00:00:00,,76:12:77:72:78:49,-27,,0.000000,0.000000,0.000,0.000,Client
2026-04-08 14:01:37,1900-01-00 00:00:00,0960-wombat,B8:27:EB:FF:C8:F5,-27, WPA ,0.000000,0.000000,0.000,0.000,AP
2026-04-08 14:01:37,1900-01-00 00:00:00,,76:12:77:72:78:49,-27,,0.000000,0.000000,0.000,0.000,Client
2026-04-08 14:01:37,1900-01-00 00:00:00,0960-wombat,B8:27:EB:FF:C8:F5,-27, WPA ,0.000000,0.000000,0.000,0.000,AP
2026-04-08 14:01:37,1900-01-00 00:00:00,,76:12:77:72:78:49,-27,,0.000000,0.000000,0.000,0.000,Client
2026-04-08 14:01:37,1900-01-00 00:00:00,0960-wombat,B8:27:EB:FF:C8:F5,-27, WPA ,0.000000,0.000000,0.000,0.000,AP
2026-04-08 14:01:37,1900-01-00 00:00:00,,76:12:77:72:78:49,-51,,0.000000,0.000000,0.000,0.000,Client
2026-04-08 14:01:37,1900-01-00 00:00:00,0960-wombat,B8:27:EB:FF:C8:F5,-51, WPA ,0.000000,0.000000,0.000,0.000,AP
2026-04-08 14:01:37,1900-01-00 00:00:00,,76:12:77:72:78:49,-51,,0.000000,0.000000,0.000,0.000,Client
2026-04-08 14:01:37,1900-01-00 00:00:00,0960-wombat,B8:27:EB:FF:C8:F5,-51, WPA ,0.000000,0.000000,0.000,0.000,AP
2026-04-08 14:01:37,1900-01-00 00:00:00,,76:12:77:72:78:49,-51,,0.000000,0.000000,0.000,0.000,Client
2026-04-08 14:01:37,1900-01-00 00:00:00,0960-wombat,B8:27:EB:FF:C8:F5,-51, WPA ,0.000000,0.000000,0.000,0.000,AP
2026-04-08 14:01:37,1900-01-00 00:00:00,,76:12:77:72:78:49,-51,,0.000000,0.000000,0.000,0.000,Client
2026-04-08 14:01:37,1900-01-00 00:00:00,0960-wombat,B8:27:EB:FF:C8:F5,-51, WPA ,0.000000,0.000000,0.000,0.000,AP
2026-04-08 14:01:37,1900-01-00 00:00:00,,76:12:77:72:78:49,-51,,0.000000,0.000000,0.000,0.000,Client
2026-04-08 14:01:37,1900-01-00 00:00:00,0960-wombat,B8:27:EB:FF:C8:F5,-51, WPA ,0.000000,0.000000,0.000,0.000,AP
2026-04-08 14:01:37,1900-01-00 00:00:00,,76:12:77:72:78:49,-51,,0.000000,0.000000,0.000,0.000,Client
2026-04-08 14:01:37,1900-01-00 00:00:00,0960-wombat,B8:27:EB:FF:C8:F5,-51, WPA ,0.000000,0.000000,0.000,0.000,AP
2026-04-08 14:01:37,1900-01-00 00:00:00,,76:12:77:72:78:49,-51,,0.000000,0.000000,0.000,0.000,Client
2026-04-08 14:01:37,1900-01-00 00:00:00,0960-wombat,B8:27:EB:FF:C8:F5,-51, WPA ,0.000000,0.000000,0.000,0.000,AP
2026-04-08 14:01:37,1900-01-00 00:00:00,,76:12:77:72:78:49,-51,,0.000000,0.000000,0.000,0.000,Client
2026-04-08 14:01:37,1900-01-00 00:00:00,0960-wombat,B8:27:EB:FF:C8:F5,-51, WPA ,0.000000,0.000000,0.000,0.000,AP
2026-04-08 14:01:37,1900-01-00 00:00:00,,76:12:77:72:78:49,-51,,0.000000,0.000000,0.000,0.000,Client
2026-04-08 14:01:37,1900-01-00 00:00:00,0960-wombat,B8:27:EB:FF:C8:F5,-51, WPA ,0.000000,0.000000,0.000,0.000,AP
2026-04-08 14:01:37,1900-01-00 00:00:00,,76:12:77:72:78:49,-51,,0.000000,0.000000,0.000,0.000,Client
2026-04-08 14:01:37,1900-01-00 00:00:00,0960-wombat,B8:27:EB:FF:C8:F5,-51, WPA ,0.000000,0.000000,0.000,0.000,AP
2026-04-08 14:01:37,1900-01-00 00:00:00,,76:12:77:72:78:49,-51,,0.000000,0.000000,0.000,0.000,Client
2026-04-08 14:01:37,1900-01-00 00:00:00,0960-wombat,B8:27:EB:FF:C8:F5,-51, WPA ,0.000000,0.000000,0.000,0.000,AP
2026-04-08 14:01:37,1900-01-00 00:00:00,,76:12:77:72:78:49,-51,,0.000000,0.000000,0.000,0.000,Client
2026-04-08 14:01:37,1900-01-00 00:00:00,0960-wombat,B8:27:EB:FF:C8:F5,-51, WPA ,0.000000,0.000000,0.000,0.000,AP
2026-04-08 14:01:37,1900-01-00 00:00:00,,76:12:77:72:78:49,-51,,0.000000,0.000000,0.000,0.000,Client
2026-04-08 14:01:37,1900-01-00 00:00:00,0960-wombat,B8:27:EB:FF:C8:F5,-47, WPA ,0.000000,0.000000,0.000,0.000,AP
2026-04-08 14:01:37,1900-01-00 00:00:00,0960-wombat,B8:27:EB:FF:C8:F5,-47, WPA ,0.000000,0.000000,0.000,0.000,AP
2026-04-08 14:01:37,1900-01-00 00:00:00,,76:12:77:72:78:49,-47,,0.000000,0.000000,0.000,0.000,Client
2026-04-08 14:01:37,1900-01-00 00:00:00,0960-wombat,B8:27:EB:FF:C8:F5,-47, WPA ,0.000000,0.000000,0.000,0.000,AP
2026-04-08 14:01:37,1900-01-00 00:00:00,,76:12:77:72:78:49,-47,,0.000000,0.000000,0.000,0.000,Client
2026-04-08 14:01:37,1900-01-00 00:00:00,0960-wombat,B8:27:EB:FF:C8:F5,-27, WPA ,0.000000,0.000000,0.000,0.000,AP
2026-04-08 14:01:37,1900-01-00 00:00:00,,76:12:77:72:78:49,-27,,0.000000,0.000000,0.000,0.000,Client
2026-04-08 14:01:37,1900-01-00 00:00:00,0960-wombat,B8:27:EB:FF:C8:F5,-27, WPA ,0.000000,0.000000,0.000,0.000,AP
2026-04-08 14:01:37,1900-01-00 00:00:00,,76:12:77:72:78:49,-27,,0.000000,0.000000,0.000,0.000,Client
2026-04-08 14:01:37,1900-01-00 00:00:00,0960-wombat,B8:27:EB:FF:C8:F5,-27, WPA ,0.000000,0.000000,0.000,0.000,AP
2026-04-08 14:01:37,1900-01-00 00:00:00,,76:12:77:72:78:49,-56,,0.000000,0.000000,0.000,0.000,Client
2026-04-08 14:01:37,1900-01-00 00:00:00,0960-wombat,B8:27:EB:FF:C8:F5,-56, WPA ,0.000000,0.000000,0.000,0.000,AP
2026-04-08 14:01:37,1900-01-00 00:00:00,,76:12:77:72:78:49,-56,,0.000000,0.000000,0.000,0.000,Client
2026-04-08 14:01:37,1900-01-00 00:00:00,0960-wombat,B8:27:EB:FF:C8:F5,-56, WPA ,0.000000,0.000000,0.000,0.000,AP
2026-04-08 14:01:37,1900-01-00 00:00:00,,76:12:77:72:78:49,-56,,0.000000,0.000000,0.000,0.000,Client
2026-04-08 14:01:37,1900-01-00 00:00:00,0960-wombat,B8:27:EB:FF:C8:F5,-52, WPA ,0.000000,0.000000,0.000,0.000,AP
2026-04-08 14:01:37,1900-01-00 00:00:00,,76:12:77:72:78:49,-52,,0.000000,0.000000,0.000,0.000,Client
2026-04-08 14:01:37,1900-01-00 00:00:00,0960-wombat,B8:27:EB:FF:C8:F5,-52, WPA ,0.000000,0.000000,0.000,0.000,AP
2026-04-08 14:01:37,1900-01-00 00:00:00,,76:12:77:72:78:49,-52,,0.000000,0.000000,0.000,0.000,Client
2026-04-08 14:01:37,1900-01-00 00:00:00,0960-wombat,B8:27:EB:FF:C8:F5,-52, WPA ,0.000000,0.000000,0.000,0.000,AP
2026-04-08 14:01:37,1900-01-00 00:00:00,,76:12:77:72:78:49,-52,,0.000000,0.000000,0.000,0.000,Client
2026-04-08 14:01:37,1900-01-00 00:00:00,0960-wombat,B8:27:EB:FF:C8:F5,-52, WPA ,0.000000,0.000000,0.000,0.000,AP
2026-04-08 14:01:37,1900-01-00 00:00:00,,76:12:77:72:78:49,-52,,0.000000,0.000000,0.000,0.000,Client
2026-04-08 14:01:37,1900-01-00 00:00:00,0960-wombat,B8:27:EB:FF:C8:F5,-52, WPA ,0.000000,0.000000,0.000,0.000,AP
2026-04-08 14:01:37,1900-01-00 00:00:00,,76:12:77:72:78:49,-52,,0.000000,0.000000,0.000,0.000,Client
2026-04-08 14:01:37,1900-01-00 00:00:00,0960-wombat,B8:27:EB:FF:C8:F5,-52, WPA ,0.000000,0.000000,0.000,0.000,AP
2026-04-08 14:01:37,1900-01-00 00:00:00,,76:12:77:72:78:49,-52,,0.000000,0.000000,0.000,0.000,Client
2026-04-08 14:01:37,1900-01-00 00:00:00,0960-wombat,B8:27:EB:FF:C8:F5,-52, WPA ,0.000000,0.000000,0.000,0.000,AP
2026-04-08 14:01:37,1900-01-00 00:00:00,,76:12:77:72:78:49,-52,,0.000000,0.000000,0.000,0.000,Client
2026-04-08 14:01:37,1900-01-00 00:00:00,0960-wombat,B8:27:EB:FF:C8:F5,-52, WPA ,0.000000,0.000000,0.000,0.000,AP
2026-04-08 14:01:37,1900-01-00 00:00:00,,76:12:77:72:78:49,-52,,0.000000,0.000000,0.000,0.000,Client
2026-04-08 14:01:37,1900-01-00 00:00:00,0960-wombat,B8:27:EB:FF:C8:F5,-52, WPA ,0.000000,0.000000,0.000,0.000,AP
2026-04-08 14:01:37,1900-01-00 00:00:00,,76:12:77:72:78:49,-52,,0.000000,0.000000,0.000,0.000,Client
2026-04-08 14:01:37,1900-01-00 00:00:00,0960-wombat,B8:27:EB:FF:C8:F5,-52, WPA ,0.000000,0.000000,0.000,0.000,AP
2026-04-08 14:01:37,1900-01-00 00:00:00,,76:12:77:72:78:49,-52,,0.000000,0.000000,0.000,0.000,Client
2026-04-08 14:01:37,1900-01-00 00:00:00,0960-wombat,B8:27:EB:FF:C8:F5,-52, WPA ,0.000000,0.000000,0.000,0.000,AP
2026-04-08 14:01:37,1900-01-00 00:00:00,,76:12:77:72:78:49,-52,,0.000000,0.000000,0.000,0.000,Client
2026-04-08 14:01:37,1900-01-00 00:00:00,0960-wombat,B8:27:EB:FF:C8:F5,-52, WPA ,0.000000,0.000000,0.000,0.000,AP
2026-04-08 14:01:37,1900-01-00 00:00:00,,76:12:77:72:78:49,-52,,0.000000,0.000000,0.000,0.000,Client
2026-04-08 14:01:37,1900-01-00 00:00:00,0960-wombat,B8:27:EB:FF:C8:F5,-52, WPA ,0.000000,0.000000,0.000,0.000,AP
2026-04-08 14:01:37,1900-01-00 00:00:00,0960-wombat,B8:27:EB:FF:C8:F5,-47, WPA ,0.000000,0.000000,0.000,0.000,AP
2026-04-08 14:01:37,1900-01-00 00:00:00,,76:12:77:72:78:49,-47,,0.000000,0.000000,0.000,0.000,Client
2026-04-08 14:01:37,1900-01-00 00:00:00,0960-wombat,B8:27:EB:FF:C8:F5,-47, WPA ,0.000000,0.000000,0.000,0.000,AP
2026-04-08 14:01:37,1900-01-00 00:00:00,,76:12:77:72:78:49,-47,,0.000000,0.000000,0.000,0.000,Client
2026-04-08 14:01:37,1900-01-00 00:00:00,0960-wombat,B8:27:EB:FF:C8:F5,-47, WPA ,0.000000,0.000000,0.000,0.000,AP
2026-04-08 14:01:37,1900-01-00 00:00:00,0960-wombat,B8:27:EB:FF:C8:F5,-47, WPA ,0.000000,0.000000,0.000,0.000,AP
2026-04-08 14:01:37,1900-01-00 00:00:00,,76:12:77:72:78:49,-27,,0.000000,0.000000,0.000,0.000,Client
2026-04-08 14:01:37,1900-01-00 00:00:00,0960-wombat,B8:27:EB:FF:C8:F5,-47, WPA ,0.000000,0.000000,0.000,0.000,AP
2026-04-08 14:01:37,1900-01-00 00:00:00,0960-wombat,B8:27:EB:FF:C8:F5,-47, WPA ,0.000000,0.000000,0.000,0.000,AP
2026-04-08 14:01:37,1900-01-00 00:00:00,0960-wombat,B8:27:EB:FF:C8:F5,-47, WPA ,0.000000,0.000000,0.000,0.000,AP
2026-04-08 14:01:37,1900-01-00 00:00:00,,76:12:77:72:78:49,-47,,0.000000,0.000000,0.000,0.000,Client
2026-04-08 14:01:37,1900-01-00 00:00:00,0960-wombat,B8:27:EB:FF:C8:F5,-46, WPA ,0.000000,0.000000,0.000,0.000,AP
2026-04-08 14:01:37,1900-01-00 00:00:00,0960-wombat,B8:27:EB:FF:C8:F5,-46, WPA ,0.000000,0.000000,0.000,0.000,AP
2026-04-08 14:01:37,1900-01-00 00:00:00,0960-wombat,B8:27:EB:FF:C8:F5,-47, WPA ,0.000000,0.000000,0.000,0.000,AP
2026-04-08 14:01:37,1900-01-00 00:00:00,,76:12:77:72:78:49,-47,,0.000000,0.000000,0.000,0.000,Client
2026-04-08 14:01:37,1900-01-00 00:00:00,0960-wombat,B8:27:EB:FF:C8:F5,-58, WPA ,0.000000,0.000000,0.000,0.000,AP
2026-04-08 14:01:37,1900-01-00 00:00:00,0960-wombat,B8:27:EB:FF:C8:F5,-47, WPA ,0.000000,0.000000,0.000,0.000,AP
2026-04-08 14:01:37,1900-01-00 00:00:00,,76:12:77:72:78:49,-47,,0.000000,0.000000,0.000,0.000,Client
2026-04-08 14:01:37,1900-01-00 00:00:00,0960-wombat,B8:27:EB:FF:C8:F5,-47, WPA ,0.000000,0.000000,0.000,0.000,AP
2026-04-08 14:01:37,1900-01-00 00:00:00,,76:12:77:72:78:49,-47,,0.000000,0.000000,0.000,0.000,Client
2026-04-08 14:01:37,1900-01-00 00:00:00,0960-wombat,B8:27:EB:FF:C8:F5,-47, WPA ,0.000000,0.000000,0.000,0.000,AP
2026-04-08 14:01:37,1900-01-00 00:00:00,,76:12:77:72:78:49,-52,,0.000000,0.000000,0.000,0.000,Client
2026-04-08 14:01:37,1900-01-00 00:00:00,0960-wombat,B8:27:EB:FF:C8:F5,-52, WPA ,0.000000,0.000000,0.000,0.000,AP
2026-04-08 14:01:37,1900-01-00 00:00:00,,76:12:77:72:78:49,-52,,0.000000,0.000000,0.000,0.000,Client
2026-04-08 14:01:38,1900-01-00 00:00:00,0960-wombat,B8:27:EB:FF:C8:F5,-52, WPA ,0.000000,0.000000,0.000,0.000,AP
2026-04-08 14:01:38,1900-01-00 00:00:00,,76:12:77:72:78:49,-52,,0.000000,0.000000,0.000,0.000,Client
2026-04-08 14:01:38,1900-01-00 00:00:00,0960-wombat,B8:27:EB:FF:C8:F5,-52, WPA ,0.000000,0.000000,0.000,0.000,AP
2026-04-08 14:01:38,1900-01-00 00:00:00,,76:12:77:72:78:49,-52,,0.000000,0.000000,0.000,0.000,Client
2026-04-08 14:01:38,1900-01-00 00:00:00,0960-wombat,B8:27:EB:FF:C8:F5,-52, WPA ,0.000000,0.000000,0.000,0.000,AP
2026-04-08 14:01:38,1900-01-00 00:00:00,,76:12:77:72:78:49,-52,,0.000000,0.000000,0.000,0.000,Client
2026-04-08 14:01:38,1900-01-00 00:00:00,0960-wombat,B8:27:EB:FF:C8:F5,-52, WPA ,0.000000,0.000000,0.000,0.000,AP
2026-04-08 14:01:38,1900-01-00 00:00:00,,76:12:77:72:78:49,-52,,0.000000,0.000000,0.000,0.000,Client
2026-04-08 14:01:38,1900-01-00 00:00:00,0960-wombat,B8:27:EB:FF:C8:F5,-52, WPA ,0.000000,0.000000,0.000,0.000,AP
2026-04-08 14:01:38,1900-01-00 00:00:00,,76:12:77:72:78:49,-52,,0.000000,0.000000,0.000,0.000,Client
2026-04-08 14:01:38,1900-01-00 00:00:00,0960-wombat,B8:27:EB:FF:C8:F5,-52, WPA ,0.000000,0.000000,0.000,0.000,AP
2026-04-08 14:01:38,1900-01-00 00:00:00,,76:12:77:72:78:49,-52,,0.000000,0.000000,0.000,0.000,Client
2026-04-08 14:01:38,1900-01-00 00:00:00,0960-wombat,B8:27:EB:FF:C8:F5,-46, WPA ,0.000000,0.000000,0.000,0.000,AP
2026-04-08 14:01:38,1900-01-00 00:00:00,0960-wombat,B8:27:EB:FF:C8:F5,-52, WPA ,0.000000,0.000000,0.000,0.000,AP
2026-04-08 14:01:38,1900-01-00 00:00:00,,76:12:77:72:78:49,-52,,0.000000,0.000000,0.000,0.000,Client
2026-04-08 14:01:38,1900-01-00 00:00:00,0960-wombat,B8:27:EB:FF:C8:F5,-52, WPA ,0.000000,0.000000,0.000,0.000,AP
2026-04-08 14:01:38,1900-01-00 00:00:00,,76:12:77:72:78:49,-52,,0.000000,0.000000,0.000,0.000,Client
2026-04-08 14:01:38,1900-01-00 00:00:00,0960-wombat,B8:27:EB:FF:C8:F5,-52, WPA ,0.000000,0.000000,0.000,0.000,AP
2026-04-08 14:01:38,1900-01-00 00:00:00,,76:12:77:72:78:49,-52,,0.000000,0.000000,0.000,0.000,Client
2026-04-08 14:01:38,1900-01-00 00:00:00,0960-wombat,B8:27:EB:FF:C8:F5,-52, WPA ,0.000000,0.000000,0.000,0.000,AP
2026-04-08 14:01:38,1900-01-00 00:00:00,,76:12:77:72:78:49,-52,,0.000000,0.000000,0.000,0.000,Client
2026-04-08 14:01:38,1900-01-00 00:00:00,0960-wombat,B8:27:EB:FF:C8:F5,-47, WPA ,0.000000,0.000000,0.000,0.000,AP
2026-04-08 14:01:38,1900-01-00 00:00:00,0960-wombat,B8:27:EB:FF:C8:F5,-47, WPA ,0.000000,0.000000,0.000,0.000,AP
2026-04-08 14:01:38,1900-01-00 00:00:00,0960-wombat,B8:27:EB:FF:C8:F5,-48, WPA ,0.000000,0.000000,0.000,0.000,AP
2026-04-08 14:01:38,1900-01-00 00:00:00,0960-wombat,B8:27:EB:FF:C8:F5,-47, WPA ,0.000000,0.000000,0.000,0.000,AP
2026-04-08 14:01:38,1900-01-00 00:00:00,0960-wombat,B8:27:EB:FF:C8:F5,-47, WPA ,0.000000,0.000000,0.000,0.000,AP
2026-04-08 14:01:38,1900-01-00 00:00:00,0960-wombat,B8:27:EB:FF:C8:F5,-48, WPA ,0.000000,0.000000,0.000,0.000,AP
2026-04-08 14:01:38,1900-01-00 00:00:00,,76:12:77:72:78:49,-39,,0.000000,0.000000,0.000,0.000,Client
2026-04-08 14:01:38,1900-01-00 00:00:00,0960-wombat,B8:27:EB:FF:C8:F5,-48, WPA ,0.000000,0.000000,0.000,0.000,AP
2026-04-08 14:01:38,1900-01-00 00:00:00,,76:12:77:72:78:49,-39,,0.000000,0.000000,0.000,0.000,Client
2026-04-08 14:01:38,1900-01-00 00:00:00,0960-wombat,B8:27:EB:FF:C8:F5,-48, WPA ,0.000000,0.000000,0.000,0.000,AP
2026-04-08 14:01:38,1900-01-00 00:00:00,,76:12:77:72:78:49,-39,,0.000000,0.000000,0.000,0.000,Client
2026-04-08 14:01:38,1900-01-00 00:00:00,0960-wombat,B8:27:EB:FF:C8:F5,-48, WPA ,0.000000,0.000000,0.000,0.000,AP
2026-04-08 14:01:38,1900-01-00 00:00:00,0960-wombat,B8:27:EB:FF:C8:F5,-48, WPA ,0.000000,0.000000,0.000,0.000,AP
2026-04-08 14:01:38,1900-01-00 00:00:00,,76:12:77:72:78:49,-39,,0.000000,0.000000,0.000,0.000,Client
2026-04-08 14:01:38,1900-01-00 00:00:00,0960-wombat,B8:27:EB:FF:C8:F5,-48, WPA ,0.000000,0.000000,0.000,0.000,AP
2026-04-08 14:01:38,1900-01-00 00:00:00,0960-wombat,B8:27:EB:FF:C8:F5,-48, WPA ,0.000000,0.000000,0.000,0.000,AP
2026-04-08 14:01:38,1900-01-00 00:00:00,,76:12:77:72:78:49,-39,,0.000000,0.000000,0.000,0.000,Client
2026-04-08 14:01:38,1900-01-00 00:00:00,0960-wombat,B8:27:EB:FF:C8:F5,-48, WPA ,0.000000,0.000000,0.000,0.000,AP
2026-04-08 14:01:38,1900-01-00 00:00:00,0960-wombat,B8:27:EB:FF:C8:F5,-47, WPA ,0.000000,0.000000,0.000,0.000,AP
2026-04-08 14:01:38,1900-01-00 00:00:00,,76:12:77:72:78:49,-39,,0.000000,0.000000,0.000,0.000,Client
2026-04-08 14:01:38,1900-01-00 00:00:00,,76:12:77:72:78:49,-41,,0.000000,0.000000,0.000,0.000,Client
2026-04-08 14:01:38,1900-01-00 00:00:00,0960-wombat,B8:27:EB:FF:C8:F5,-48, WPA ,0.000000,0.000000,0.000,0.000,AP
2026-04-08 14:01:38,1900-01-00 00:00:00,,76:12:77:72:78:49,-40,,0.000000,0.000000,0.000,0.000,Client
2026-04-08 14:01:38,1900-01-00 00:00:00,0960-wombat,B8:27:EB:FF:C8:F5,-47, WPA ,0.000000,0.000000,0.000,0.000,AP
2026-04-08 14:01:38,1900-01-00 00:00:00,,76:12:77:72:78:49,-41,,0.000000,0.000000,0.000,0.000,Client
2026-04-08 14:01:38,1900-01-00 00:00:00,,76:12:77:72:78:49,-40,,0.000000,0.000000,0.000,0.000,Client
2026-04-08 14:01:38,1900-01-00 00:00:00,0960-wombat,B8:27:EB:FF:C8:F5,-45, WPA ,0.000000,0.000000,0.000,0.000,AP
2026-04-08 14:01:38,1900-01-00 00:00:00,,76:12:77:72:78:49,-40,,0.000000,0.000000,0.000,0.000,Client
2026-04-08 14:01:38,1900-01-00 00:00:00,0960-wombat,B8:27:EB:FF:C8:F5,-49, WPA ,0.000000,0.000000,0.000,0.000,AP
2026-04-08 14:01:38,1900-01-00 00:00:00,,76:12:77:72:78:49,-39,,0.000000,0.000000,0.000,0.000,Client
2026-04-08 14:01:38,1900-01-00 00:00:00,,76:12:77:72:78:49,-41,,0.000000,0.000000,0.000,0.000,Client
2026-04-08 14:01:38,1900-01-00 00:00:00,0960-wombat,B8:27:EB:FF:C8:F5,-49, WPA ,0.000000,0.000000,0.000,0.000,AP
2026-04-08 14:01:38,1900-01-00 00:00:00,,76:12:77:72:78:49,-40,,0.000000,0.000000,0.000,0.000,Client
2026-04-08 14:01:38,1900-01-00 00:00:00,,76:12:77:72:78:49,-41,,0.000000,0.000000,0.000,0.000,Client
2026-04-08 14:01:38,1900-01-00 00:00:00,0960-wombat,B8:27:EB:FF:C8:F5,-49, WPA ,0.000000,0.000000,0.000,0.000,AP
2026-04-08 14:01:38,1900-01-00 00:00:00,,76:12:77:72:78:49,-41,,0.000000,0.000000,0.000,0.000,Client
2026-04-08 14:01:38,1900-01-00 00:00:00,0960-wombat,B8:27:EB:FF:C8:F5,-48, WPA ,0.000000,0.000000,0.000,0.000,AP
2026-04-08 14:01:38,1900-01-00 00:00:00,0960-wombat,B8:27:EB:FF:C8:F5,-47, WPA ,0.000000,0.000000,0.000,0.000,AP
2026-04-08 14:01:38,1900-01-00 00:00:00,0960-wombat,B8:27:EB:FF:C8:F5,-48, WPA ,0.000000,0.000000,0.000,0.000,AP
2026-04-08 14:01:38,1900-01-00 00:00:00,,76:12:77:72:78:49,-39,,0.000000,0.000000,0.000,0.000,Client
2026-04-08 14:01:38,1900-01-00 00:00:00,,76:12:77:72:78:49,-39,,0.000000,0.000000,0.000,0.000,Client
2026-04-08 14:01:38,1900-01-00 00:00:00,,76:12:77:72:78:49,-41,,0.000000,0.000000,0.000,0.000,Client
2026-04-08 14:01:38,1900-01-00 00:00:00,0960-wombat,B8:27:EB:FF:C8:F5,-49, WPA ,0.000000,0.000000,0.000,0.000,AP
2026-04-08 14:01:38,1900-01-00 00:00:00,0960-wombat,B8:27:EB:FF:C8:F5,-49, WPA ,0.000000,0.000000,0.000,0.000,AP
2026-04-08 14:01:38,1900-01-00 00:00:00,,76:12:77:72:78:49,-39,,0.000000,0.000000,0.000,0.000,Client
2026-04-08 14:01:38,1900-01-00 00:00:00,0960-wombat,B8:27:EB:FF:C8:F5,-49, WPA ,0.000000,0.000000,0.000,0.000,AP
2026-04-08 14:01:38,1900-01-00 00:00:00,,76:12:77:72:78:49,-39,,0.000000,0.000000,0.000,0.000,Client
2026-04-08 14:01:38,1900-01-00 00:00:00,0960-wombat,B8:27:EB:FF:C8:F5,-48, WPA ,0.000000,0.000000,0.000,0.000,AP
2026-04-08 14:01:38,1900-01-00 00:00:00,,76:12:77:72:78:49,-39,,0.000000,0.000000,0.000,0.000,Client
2026-04-08 14:01:38,1900-01-00 00:00:00,0960-wombat,B8:27:EB:FF:C8:F5,-49, WPA ,0.000000,0.000000,0.000,0.000,AP
2026-04-08 14:01:38,1900-01-00 00:00:00,0960-wombat,B8:27:EB:FF:C8:F5,-49, WPA ,0.000000,0.000000,0.000,0.000,AP
2026-04-08 14:01:38,1900-01-00 00:00:00,,76:12:77:72:78:49,-39,,0.000000,0.000000,0.000,0.000,Client
2026-04-08 14:01:38,1900-01-00 00:00:00,0960-wombat,B8:27:EB:FF:C8:F5,-48, WPA ,0.000000,0.000000,0.000,0.000,AP
2026-04-08 14:01:38,1900-01-00 00:00:00,,76:12:77:72:78:49,-40,,0.000000,0.000000,0.000,0.000,Client
2026-04-08 14:01:38,1900-01-00 00:00:00,0960-wombat,B8:27:EB:FF:C8:F5,-48, WPA ,0.000000,0.000000,0.000,0.000,AP
2026-04-08 14:01:38,1900-01-00 00:00:00,,76:12:77:72:78:49,-40,,0.000000,0.000000,0.000,0.000,Client
2026-04-08 14:01:38,1900-01-00 00:00:00,,76:12:77:72:78:49,-42,,0.000000,0.000000,0.000,0.000,Client
2026-04-08 14:01:38,1900-01-00 00:00:00,0960-wombat,B8:27:EB:FF:C8:F5,-46, WPA ,0.000000,0.000000,0.000,0.000,AP
2026-04-08 14:01:38,1900-01-00 00:00:00,0960-wombat,B8:27:EB:FF:C8:F5,-48, WPA ,0.000000,0.000000,0.000,0.000,AP
2026-04-08 14:01:38,1900-01-00 00:00:00,,76:12:77:72:78:49,-41,,0.000000,0.000000,0.000,0.000,Client
2026-04-08 14:01:38,1900-01-00 00:00:00,,76:12:77:72:78:49,-41,,0.000000,0.000000,0.000,0.000,Client
2026-04-08 14:01:38,1900-01-00 00:00:00,0960-wombat,B8:27:EB:FF:C8:F5,-49, WPA ,0.000000,0.000000,0.000,0.000,AP
2026-04-08 14:01:38,1900-01-00 00:00:00,,76:12:77:72:78:49,-42,,0.000000,0.000000,0.000,0.000,Client
2026-04-08 14:01:38,1900-01-00 00:00:00,,76:12:77:72:78:49,-41,,0.000000,0.000000,0.000,0.000,Client
2026-04-08 14:01:38,1900-01-00 00:00:00,0960-wombat,B8:27:EB:FF:C8:F5,-49, WPA ,0.000000,0.000000,0.000,0.000,AP
2026-04-08 14:01:38,1900-01-00 00:00:00,0960-wombat,B8:27:EB:FF:C8:F5,-49, WPA ,0.000000,0.000000,0.000,0.000,AP
2026-04-08 14:01:38,1900-01-00 00:00:00,,76:12:77:72:78:49,-42,,0.000000,0.000000,0.000,0.000,Client
2026-04-08 14:01:38,1900-01-00 00:00:00,0960-wombat,B8:27:EB:FF:C8:F5,-49, WPA ,0.000000,0.000000,0.000,0.000,AP
2026-04-08 14:01:39,1900-01-00 00:00:00,,76:12:77:72:78:49,-41,,0.000000,0.000000,0.000,0.000,Client
2026-04-08 14:01:39,1900-01-00 00:00:00,,76:12:77:72:78:49,-40,,0.000000,0.000000,0.000,0.000,Client
2026-04-08 14:01:39,1900-01-00 00:00:00,0960-wombat,B8:27:EB:FF:C8:F5,-46, WPA ,0.000000,0.000000,0.000,0.000,AP
2026-04-08 14:01:39,1900-01-00 00:00:00,0960-wombat,B8:27:EB:FF:C8:F5,-49, WPA ,0.000000,0.000000,0.000,0.000,AP
2026-04-08 14:01:39,1900-01-00 00:00:00,,76:12:77:72:78:49,-41,,0.000000,0.000000,0.000,0.000,Client
2026-04-08 14:01:39,1900-01-00 00:00:00,,76:12:77:72:78:49,-40,,0.000000,0.000000,0.000,0.000,Client
2026-04-08 14:01:39,1900-01-00 00:00:00,0960-wombat,B8:27:EB:FF:C8:F5,-49, WPA ,0.000000,0.000000,0.000,0.000,AP
2026-04-08 14:01:39,1900-01-00 00:00:00,,76:12:77:72:78:49,-40,,0.000000,0.000000,0.000,0.000,Client
2026-04-08 14:01:39,1900-01-00 00:00:00,,76:12:77:72:78:49,-41,,0.000000,0.000000,0.000,0.000,Client
2026-04-08 14:01:39,1900-01-00 00:00:00,0960-wombat,B8:27:EB:FF:C8:F5,-46, WPA ,0.000000,0.000000,0.000,0.000,AP
2026-04-08 14:01:39,1900-01-00 00:00:00,0960-wombat,B8:27:EB:FF:C8:F5,-50, WPA ,0.000000,0.000000,0.000,0.000,AP
2026-04-08 14:01:39,1900-01-00 00:00:00,0960-wombat,B8:27:EB:FF:C8:F5,-49, WPA ,0.000000,0.000000,0.000,0.000,AP
2026-04-08 14:01:39,1900-01-00 00:00:00,0960-wombat,B8:27:EB:FF:C8:F5,-50, WPA ,0.000000,0.000000,0.000,0.000,AP
2026-04-08 14:01:39,1900-01-00 00:00:00,0960-wombat,B8:27:EB:FF:C8:F5,-50, WPA ,0.000000,0.000000,0.000,0.000,AP
2026-04-08 14:01:39,1900-01-00 00:00:00,,76:12:77:72:78:49,-39,,0.000000,0.000000,0.000,0.000,Client
2026-04-08 14:01:39,1900-01-00 00:00:00,,76:12:77:72:78:49,-39,,0.000000,0.000000,0.000,0.000,Client
2026-04-08 14:01:39,1900-01-00 00:00:00,,76:12:77:72:78:49,-40,,0.000000,0.000000,0.000,0.000,Client
2026-04-08 14:01:39,1900-01-00 00:00:00,0960-wombat,B8:27:EB:FF:C8:F5,-51, WPA ,0.000000,0.000000,0.000,0.000,AP
2026-04-08 14:01:39,1900-01-00 00:00:00,0960-wombat,B8:27:EB:FF:C8:F5,-50, WPA ,0.000000,0.000000,0.000,0.000,AP
2026-04-08 14:01:39,1900-01-00 00:00:00,0960-wombat,B8:27:EB:FF:C8:F5,-50, WPA ,0.000000,0.000000,0.000,0.000,AP
2026-04-08 14:01:39,1900-01-00 00:00:00,0960-wombat,B8:27:EB:FF:C8:F5,-51, WPA ,0.000000,0.000000,0.000,0.000,AP
2026-04-08 14:01:39,1900-01-00 00:00:00,0960-wombat,B8:27:EB:FF:C8:F5,-51, WPA ,0.000000,0.000000,0.000,0.000,AP
2026-04-08 14:01:39,1900-01-00 00:00:00,0960-wombat,B8:27:EB:FF:C8:F5,-50, WPA ,0.000000,0.000000,0.000,0.000,AP
2026-04-08 14:01:39,1900-01-00 00:00:00,,76:12:77:72:78:49,-40,,0.000000,0.000000,0.000,0.000,Client
2026-04-08 14:01:39,1900-01-00 00:00:00,0960-wombat,B8:27:EB:FF:C8:F5,-51, WPA ,0.000000,0.000000,0.000,0.000,AP
2026-04-08 14:01:39,1900-01-00 00:00:00,,76:12:77:72:78:49,-41,,0.000000,0.000000,0.000,0.000,Client
2026-04-08 14:01:39,1900-01-00 00:00:00,0960-wombat,B8:27:EB:FF:C8:F5,-51, WPA ,0.000000,0.000000,0.000,0.000,AP
2026-04-08 14:01:39,1900-01-00 00:00:00,,76:12:77:72:78:49,-41,,0.000000,0.000000,0.000,0.000,Client
2026-04-08 14:01:39,1900-01-00 00:00:00,0960-wombat,B8:27:EB:FF:C8:F5,-51, WPA ,0.000000,0.000000,0.000,0.000,AP
2026-04-08 14:01:39,1900-01-00 00:00:00,,76:12:77:72:78:49,-40,,0.000000,0.000000,0.000,0.000,Client
2026-04-08 14:01:39,1900-01-00 00:00:00,0960-wombat,B8:27:EB:FF:C8:F5,-50, WPA ,0.000000,0.000000,0.000,0.000,AP
2026-04-08 14:01:39,1900-01-00 00:00:00,,76:12:77:72:78:49,-41,,0.000000,0.000000,0.000,0.000,Client
2026-04-08 14:01:39,1900-01-00 00:00:00,0960-wombat,B8:27:EB:FF:C8:F5,-50, WPA ,0.000000,0.000000,0.000,0.000,AP
2026-04-08 14:01:39,1900-01-00 00:00:00,,76:12:77:72:78:49,-41,,0.000000,0.000000,0.000,0.000,Client
2026-04-08 14:01:39,1900-01-00 00:00:00,0960-wombat,B8:27:EB:FF:C8:F5,-50, WPA ,0.000000,0.000000,0.000,0.000,AP
2026-04-08 14:01:39,1900-01-00 00:00:00,0960-wombat,B8:27:EB:FF:C8:F5,-50, WPA ,0.000000,0.000000,0.000,0.000,AP
2026-04-08 14:01:40,1900-01-00 00:00:00,0960-wombat,B8:27:EB:FF:C8:F5,-50, WPA ,0.000000,0.000000,0.000,0.000,AP
2026-04-08 14:01:40,1900-01-00 00:00:00,,76:12:77:72:78:49,-41,,0.000000,0.000000,0.000,0.000,Client
2026-04-08 14:01:40,1900-01-00 00:00:00,0960-wombat,B8:27:EB:FF:C8:F5,-50, WPA ,0.000000,0.000000,0.000,0.000,AP
2026-04-08 14:01:40,1900-01-00 00:00:00,,76:12:77:72:78:49,-41,,0.000000,0.000000,0.000,0.000,Client
2026-04-08 14:01:40,1900-01-00 00:00:00,0960-wombat,B8:27:EB:FF:C8:F5,-49, WPA ,0.000000,0.000000,0.000,0.000,AP
2026-04-08 14:01:40,1900-01-00 00:00:00,,76:12:77:72:78:49,-41,,0.000000,0.000000,0.000,0.000,Client
2026-04-08 14:01:40,1900-01-00 00:00:00,,76:12:77:72:78:49,-43,,0.000000,0.000000,0.000,0.000,Client
2026-04-08 14:01:40,1900-01-00 00:00:00,0960-wombat,B8:27:EB:FF:C8:F5,-47, WPA ,0.000000,0.000000,0.000,0.000,AP
2026-04-08 14:01:40,1900-01-00 00:00:00,,76:12:77:72:78:49,-42,,0.000000,0.000000,0.000,0.000,Client
2026-04-08 14:01:40,1900-01-00 00:00:00,,76:12:77:72:78:49,-40,,0.000000,0.000000,0.000,0.000,Client
2026-04-08 14:01:40,1900-01-00 00:00:00,0960-wombat,B8:27:EB:FF:C8:F5,-50, WPA ,0.000000,0.000000,0.000,0.000,AP
2026-04-08 14:01:40,1900-01-00 00:00:00,,76:12:77:72:78:49,-41,,0.000000,0.000000,0.000,0.000,Client
2026-04-08 14:01:40,1900-01-00 00:00:00,0960-wombat,B8:27:EB:FF:C8:F5,-50, WPA ,0.000000,0.000000,0.000,0.000,AP
2026-04-08 14:01:40,1900-01-00 00:00:00,,76:12:77:72:78:49,-41,,0.000000,0.000000,0.000,0.000,Client
2026-04-08 14:01:40,1900-01-00 00:00:00,0960-wombat,B8:27:EB:FF:C8:F5,-50, WPA ,0.000000,0.000000,0.000,0.000,AP
2026-04-08 14:01:40,1900-01-00 00:00:00,0960-wombat,B8:27:EB:FF:C8:F5,-50, WPA ,0.000000,0.000000,0.000,0.000,AP
2026-04-08 14:01:40,1900-01-00 00:00:00,,76:12:77:72:78:49,-41,,0.000000,0.000000,0.000,0.000,Client
2026-04-08 14:01:40,1900-01-00 00:00:00,0960-wombat,B8:27:EB:FF:C8:F5,-50, WPA ,0.000000,0.000000,0.000,0.000,AP
2026-04-08 14:01:40,1900-01-00 00:00:00,,76:12:77:72:78:49,-41,,0.000000,0.000000,0.000,0.000,Client
2026-04-08 14:01:40,1900-01-00 00:00:00,0960-wombat,B8:27:EB:FF:C8:F5,-50, WPA ,0.000000,0.000000,0.000,0.000,AP
2026-04-08 14:01:40,1900-01-00 00:00:00,0960-wombat,B8:27:EB:FF:C8:F5,-50, WPA ,0.000000,0.000000,0.000,0.000,AP
2026-04-08 14:01:40,1900-01-00 00:00:00,,76:12:77:72:78:49,-41,,0.000000,0.000000,0.000,0.000,Client
2026-04-08 14:01:40,1900-01-00 00:00:00,,76:12:77:72:78:49,-42,,0.000000,0.000000,0.000,0.000,Client
2026-04-08 14:01:40,1900-01-00 00:00:00,0960-wombat,B8:27:EB:FF:C8:F5,-47, WPA ,0.000000,0.000000,0.000,0.000,AP
2026-04-08 14:01:40,1900-01-00 00:00:00,,76:12:77:72:78:49,-43,,0.000000,0.000000,0.000,0.000,Client
2026-04-08 14:01:40,1900-01-00 00:00:00,0960-wombat,B8:27:EB:FF:C8:F5,-50, WPA ,0.000000,0.000000,0.000,0.000,AP
2026-04-08 14:01:40,1900-01-00 00:00:00,,76:12:77:72:78:49,-42,,0.000000,0.000000,0.000,0.000,Client
2026-04-08 14:01:40,1900-01-00 00:00:00,,76:12:77:72:78:49,-43,,0.000000,0.000000,0.000,0.000,Client
2026-04-08 14:01:40,1900-01-00 00:00:00,0960-wombat,B8:27:EB:FF:C8:F5,-50, WPA ,0.000000,0.000000,0.000,0.000,AP
2026-04-08 14:01:40,1900-01-00 00:00:00,,76:12:77:72:78:49,-43,,0.000000,0.000000,0.000,0.000,Client
2026-04-08 14:01:40,1900-01-00 00:00:00,,76:12:77:72:78:49,-43,,0.000000,0.000000,0.000,0.000,Client
2026-04-08 14:01:40,1900-01-00 00:00:00,,76:12:77:72:78:49,-41,,0.000000,0.000000,0.000,0.000,Client
2026-04-08 14:01:40,1900-01-00 00:00:00,,76:12:77:72:78:49,-43,,0.000000,0.000000,0.000,0.000,Client
2026-04-08 14:01:40,1900-01-00 00:00:00,,76:12:77:72:78:49,-43,,0.000000,0.000000,0.000,0.000,Client
2026-04-08 14:01:40,1900-01-00 00:00:00,0960-wombat,B8:27:EB:FF:C8:F5,-50, WPA ,0.000000,0.000000,0.000,0.000,AP
2026-04-08 14:01:40,1900-01-00 00:00:00,0960-wombat,B8:27:EB:FF:C8:F5,-50, WPA ,0.000000,0.000000,0.000,0.000,AP
2026-04-08 14:01:40,1900-01-00 00:00:00,0960-wombat,B8:27:EB:FF:C8:F5,-49, WPA ,0.000000,0.000000,0.000,0.000,AP
2026-04-08 14:01:40,1900-01-00 00:00:00,0960-wombat,B8:27:EB:FF:C8:F5,-49, WPA ,0.000000,0.000000,0.000,0.000,AP
2026-04-08 14:01:40,1900-01-00 00:00:00,0960-wombat,B8:27:EB:FF:C8:F5,-48, WPA ,0.000000,0.000000,0.000,0.000,AP
2026-04-08 14:01:40,1900-01-00 00:00:00,,76:12:77:72:78:49,-40,,0.000000,0.000000,0.000,0.000,Client
2026-04-08 14:01:40,1900-01-00 00:00:00,,76:12:77:72:78:49,-41,,0.000000,0.000000,0.000,0.000,Client
2026-04-08 14:01:40,1900-01-00 00:00:00,,76:12:77:72:78:49,-39,,0.000000,0.000000,0.000,0.000,Client
2026-04-08 14:01:40,1900-01-00 00:00:00,0960-wombat,B8:27:EB:FF:C8:F5,-49, WPA ,0.000000,0.000000,0.000,0.000,AP
2026-04-08 14:01:40,1900-01-00 00:00:00,,76:12:77:72:78:49,-40,,0.000000,0.000000,0.000,0.000,Client
2026-04-08 14:01:40,1900-01-00 00:00:00,0960-wombat,B8:27:EB:FF:C8:F5,-49, WPA ,0.000000,0.000000,0.000,0.000,AP
2026-04-08 14:01:40,1900-01-00 00:00:00,,76:12:77:72:78:49,-40,,0.000000,0.000000,0.000,0.000,Client
2026-04-08 14:01:40,1900-01-00 00:00:00,0960-wombat,B8:27:EB:FF:C8:F5,-50, WPA ,0.000000,0.000000,0.000,0.000,AP
2026-04-08 14:01:40,1900-01-00 00:00:00,0960-wombat,B8:27:EB:FF:C8:F5,-49, WPA ,0.000000,0.000000,0.000,0.000,AP
2026-04-08 14:01:40,1900-01-00 00:00:00,0960-wombat,B8:27:EB:FF:C8:F5,-49, WPA ,0.000000,0.000000,0.000,0.000,AP
2026-04-08 14:01:40,1900-01-00 00:00:00,,76:12:77:72:78:49,-40,,0.000000,0.000000,0.000,0.000,Client
2026-04-08 14:01:40,1900-01-00 00:00:00,0960-wombat,B8:27:EB:FF:C8:F5,-49, WPA ,0.000000,0.000000,0.000,0.000,AP
2026-04-08 14:01:40,1900-01-00 00:00:00,,76:12:77:72:78:49,-40,,0.000000,0.000000,0.000,0.000,Client
2026-04-08 14:01:40,1900-01-00 00:00:00,0960-wombat,B8:27:EB:FF:C8:F5,-49, WPA ,0.000000,0.000000,0.000,0.000,AP
2026-04-08 14:01:40,1900-01-00 00:00:00,,76:12:77:72:78:49,-40,,0.000000,0.000000,0.000,0.000,Client
2026-04-08 14:01:40,1900-01-00 00:00:00,,76:12:77:72:78:49,-42,,0.000000,0.000000,0.000,0.000,Client
2026-04-08 14:01:40,1900-01-00 00:00:00,0960-wombat,B8:27:EB:FF:C8:F5,-49, WPA ,0.000000,0.000000,0.000,0.000,AP
2026-04-08 14:01:40,1900-01-00 00:00:00,,76:12:77:72:78:49,-40,,0.000000,0.000000,0.000,0.000,Client
2026-04-08 14:01:40,1900-01-00 00:00:00,0960-wombat,B8:27:EB:FF:C8:F5,-49, WPA ,0.000000,0.000000,0.000,0.000,AP
2026-04-08 14:01:40,1900-01-00 00:00:00,,76:12:77:72:78:49,-41,,0.000000,0.000000,0.000,0.000,Client
2026-04-08 14:01:40,1900-01-00 00:00:00,0960-wombat,B8:27:EB:FF:C8:F5,-50, WPA ,0.000000,0.000000,0.000,0.000,AP
2026-04-08 14:01:40,1900-01-00 00:00:00,,76:12:77:72:78:49,-42,,0.000000,0.000000,0.000,0.000,Client
2026-04-08 14:01:40,1900-01-00 00:00:00,0960-wombat,B8:27:EB:FF:C8:F5,-50, WPA ,0.000000,0.000000,0.000,0.000,AP
2026-04-08 14:01:40,1900-01-00 00:00:00,,76:12:77:72:78:49,-42,,0.000000,0.000000,0.000,0.000,Client
2026-04-08 14:01:40,1900-01-00 00:00:00,0960-wombat,B8:27:EB:FF:C8:F5,-49, WPA ,0.000000,0.000000,0.000,0.000,AP
2026-04-08 14:01:40,1900-01-00 00:00:00,,76:12:77:72:78:49,-42,,0.000000,0.000000,0.000,0.000,Client
2026-04-08 14:01:40,1900-01-00 00:00:00,,76:12:77:72:78:49,-41,,0.000000,0.000000,0.000,0.000,Client
2026-04-08 14:01:40,1900-01-00 00:00:00,0960-wombat,B8:27:EB:FF:C8:F5,-49, WPA ,0.000000,0.000000,0.000,0.000,AP
2026-04-08 14:01:40,1900-01-00 00:00:00,0960-wombat,B8:27:EB:FF:C8:F5,-50, WPA ,0.000000,0.000000,0.000,0.000,AP
2026-04-08 14:01:40,1900-01-00 00:00:00,,76:12:77:72:78:49,-41,,0.000000,0.000000,0.000,0.000,Client
2026-04-08 14:01:40,1900-01-00 00:00:00,0960-wombat,B8:27:EB:FF:C8:F5,-49, WPA ,0.000000,0.000000,0.000,0.000,AP
2026-04-08 14:01:40,1900-01-00 00:00:00,,76:12:77:72:78:49,-41,,0.000000,0.000000,0.000,0.000,Client
2026-04-08 14:01:40,1900-01-00 00:00:00,0960-wombat,B8:27:EB:FF:C8:F5,-49, WPA ,0.000000,0.000000,0.000,0.000,AP
2026-04-08 14:01:40,1900-01-00 00:00:00,,76:12:77:72:78:49,-41,,0.000000,0.000000,0.000,0.000,Client
2026-04-08 14:01:40,1900-01-00 00:00:00,,76:12:77:72:78:49,-42,,0.000000,0.000000,0.000,0.000,Client
2026-04-08 14:01:40,1900-01-00 00:00:00,,76:12:77:72:78:49,-42,,0.000000,0.000000,0.000,0.000,Client
2026-04-08 14:01:40,1900-01-00 00:00:00,,76:12:77:72:78:49,-41,,0.000000,0.000000,0.000,0.000,Client
2026-04-08 14:01:40,1900-01-00 00:00:00,0960-wombat,B8:27:EB:FF:C8:F5,-49, WPA ,0.000000,0.000000,0.000,0.000,AP
2026-04-08 14:01:40,1900-01-00 00:00:00,0960-wombat,B8:27:EB:FF:C8:F5,-50, WPA ,0.000000,0.000000,0.000,0.000,AP
2026-04-08 14:01:40,1900-01-00 00:00:00,0960-wombat,B8:27:EB:FF:C8:F5,-49, WPA ,0.000000,0.000000,0.000,0.000,AP
2026-04-08 14:01:40,1900-01-00 00:00:00,0960-wombat,B8:27:EB:FF:C8:F5,-49, WPA ,0.000000,0.000000,0.000,0.000,AP
2026-04-08 14:01:40,1900-01-00 00:00:00,,76:12:77:72:78:49,-40,,0.000000,0.000000,0.000,0.000,Client
2026-04-08 14:01:40,1900-01-00 00:00:00,,76:12:77:72:78:49,-40,,0.000000,0.000000,0.000,0.000,Client
2026-04-08 14:01:40,1900-01-00 00:00:00,,76:12:77:72:78:49,-41,,0.000000,0.000000,0.000,0.000,Client
2026-04-08 14:01:40,1900-01-00 00:00:00,0960-wombat,B8:27:EB:FF:C8:F5,-47, WPA ,0.000000,0.000000,0.000,0.000,AP
2026-04-08 14:01:40,1900-01-00 00:00:00,0960-wombat,B8:27:EB:FF:C8:F5,-51, WPA ,0.000000,0.000000,0.000,0.000,AP
2026-04-08 14:01:40,1900-01-00 00:00:00,,76:12:77:72:78:49,-39,,0.000000,0.000000,0.000,0.000,Client
2026-04-08 14:01:40,1900-01-00 00:00:00,0960-wombat,B8:27:EB:FF:C8:F5,-50, WPA ,0.000000,0.000000,0.000,0.000,AP
2026-04-08 14:01:40,1900-01-00 00:00:00,,76:12:77:72:78:49,-40,,0.000000,0.000000,0.000,0.000,Client
2026-04-08 14:01:40,1900-01-00 00:00:00,,76:12:77:72:78:49,-40,,0.000000,0.000000,0.000,0.000,Client
2026-04-08 14:01:40,1900-01-00 00:00:00,0960-wombat,B8:27:EB:FF:C8:F5,-50, WPA ,0.000000,0.000000,0.000,0.000,AP
2026-04-08 14:01:40,1900-01-00 00:00:00,0960-wombat,B8:27:EB:FF:C8:F5,-50, WPA ,0.000000,0.000000,0.000,0.000,AP
2026-04-08 14:01:40,1900-01-00 00:00:00,,76:12:77:72:78:49,-39,,0.000000,0.000000,0.000,0.000,Client
2026-04-08 14:01:40,1900-01-00 00:00:00,0960-wombat,B8:27:EB:FF:C8:F5,-50, WPA ,0.000000,0.000000,0.000,0.000,AP
2026-04-08 14:01:40,1900-01-00 00:00:00,,76:12:77:72:78:49,-40,,0.000000,0.000000,0.000,0.000,Client
2026-04-08 14:01:40,1900-01-00 00:00:00,0960-wombat,B8:27:EB:FF:C8:F5,-50, WPA ,0.000000,0.000000,0.000,0.000,AP
2026-04-08 14:01:40,1900-01-00 00:00:00,,76:12:77:72:78:49,-40,,0.000000,0.000000,0.000,0.000,Client
2026-04-08 14:01:40,1900-01-00 00:00:00,0960-wombat,B8:27:EB:FF:C8:F5,-50, WPA ,0.000000,0.000000,0.000,0.000,AP
2026-04-08 14:01:40,1900-01-00 00:00:00,,76:12:77:72:78:49,-40,,0.000000,0.000000,0.000,0.000,Client
2026-04-08 14:01:40,1900-01-00 00:00:00,0960-wombat,B8:27:EB:FF:C8:F5,-50, WPA ,0.000000,0.000000,0.000,0.000,AP
2026-04-08 14:01:40,1900-01-00 00:00:00,,76:12:77:72:78:49,-40,,0.000000,0.000000,0.000,0.000,Client
2026-04-08 14:01:40,1900-01-00 00:00:00,0960-wombat,B8:27:EB:FF:C8:F5,-50, WPA ,0.000000,0.000000,0.000,0.000,AP
2026-04-08 14:01:40,1900-01-00 00:00:00,,76:12:77:72:78:49,-40,,0.000000,0.000000,0.000,0.000,Client
2026-04-08 14:01:40,1900-01-00 00:00:00,,76:12:77:72:78:49,-41,,0.000000,0.000000,0.000,0.000,Client
2026-04-08 14:01:40,1900-01-00 00:00:00,,76:12:77:72:78:49,-42,,0.000000,0.000000,0.000,0.000,Client
2026-04-08 14:01:40,1900-01-00 00:00:00,0960-wombat,B8:27:EB:FF:C8:F5,-50, WPA ,0.000000,0.000000,0.000,0.000,AP
2026-04-08 14:01:40,1900-01-00 00:00:00,0960-wombat,B8:27:EB:FF:C8:F5,-50, WPA ,0.000000,0.000000,0.000,0.000,AP
2026-04-08 14:01:40,1900-01-00 00:00:00,0960-wombat,B8:27:EB:FF:C8:F5,-50, WPA ,0.000000,0.000000,0.000,0.000,AP
2026-04-08 14:01:40,1900-01-00 00:00:00,,76:12:77:72:78:49,-41,,0.000000,0.000000,0.000,0.000,Client
2026-04-08 14:01:40,1900-01-00 00:00:00,0960-wombat,B8:27:EB:FF:C8:F5,-50, WPA ,0.000000,0.000000,0.000,0.000,AP
2026-04-08 14:01:40,1900-01-00 00:00:00,0960-wombat,B8:27:EB:FF:C8:F5,-50, WPA ,0.000000,0.000000,0.000,0.000,AP
2026-04-08 14:01:40,1900-01-00 00:00:00,,76:12:77:72:78:49,-40,,0.000000,0.000000,0.000,0.000,Client
2026-04-08 14:01:40,1900-01-00 00:00:00,0960-wombat,B8:27:EB:FF:C8:F5,-50, WPA ,0.000000,0.000000,0.000,0.000,AP
2026-04-08 14:01:40,1900-01-00 00:00:00,,76:12:77:72:78:49,-39,,0.000000,0.000000,0.000,0.000,Client
2026-04-08 14:01:40,1900-01-00 00:00:00,0960-wombat,B8:27:EB:FF:C8:F5,-50, WPA ,0.000000,0.000000,0.000,0.000,AP
2026-04-08 14:01:40,1900-01-00 00:00:00,,76:12:77:72:78:49,-40,,0.000000,0.000000,0.000,0.000,Client
2026-04-08 14:01:40,1900-01-00 00:00:00,0960-wombat,B8:27:EB:FF:C8:F5,-50, WPA ,0.000000,0.000000,0.000,0.000,AP
2026-04-08 14:01:40,1900-01-00 00:00:00,,76:12:77:72:78:49,-40,,0.000000,0.000000,0.000,0.000,Client
2026-04-08 14:01:40,1900-01-00 00:00:00,0960-wombat,B8:27:EB:FF:C8:F5,-50, WPA ,0.000000,0.000000,0.000,0.000,AP
2026-04-08 14:01:40,1900-01-00 00:00:00,0960-wombat,B8:27:EB:FF:C8:F5,-50, WPA ,0.000000,0.000000,0.000,0.000,AP
2026-04-08 14:01:40,1900-01-00 00:00:00,,76:12:77:72:78:49,-40,,0.000000,0.000000,0.000,0.000,Client
2026-04-08 14:01:40,1900-01-00 00:00:00,0960-wombat,B8:27:EB:FF:C8:F5,-50, WPA ,0.000000,0.000000,0.000,0.000,AP
2026-04-08 14:01:40,1900-01-00 00:00:00,,76:12:77:72:78:49,-40,,0.000000,0.000000,0.000,0.000,Client
2026-04-08 14:01:40,1900-01-00 00:00:00,0960-wombat,B8:27:EB:FF:C8:F5,-50, WPA ,0.000000,0.000000,0.000,0.000,AP
2026-04-08 14:01:40,1900-01-00 00:00:00,0960-wombat,B8:27:EB:FF:C8:F5,-50, WPA ,0.000000,0.000000,0.000,0.000,AP
2026-04-08 14:01:40,1900-01-00 00:00:00,,76:12:77:72:78:49,-40,,0.000000,0.000000,0.000,0.000,Client
2026-04-08 14:01:40,1900-01-00 00:00:00,,76:12:77:72:78:49,-42,,0.000000,0.000000,0.000,0.000,Client
2026-04-08 14:01:40,1900-01-00 00:00:00,0960-wombat,B8:27:EB:FF:C8:F5,-47, WPA ,0.000000,0.000000,0.000,0.000,AP
2026-04-08 14:01:40,1900-01-00 00:00:00,,76:12:77:72:78:49,-42,,0.000000,0.000000,0.000,0.000,Client
2026-04-08 14:01:40,1900-01-00 00:00:00,0960-wombat,B8:27:EB:FF:C8:F5,-51, WPA ,0.000000,0.000000,0.000,0.000,AP
2026-04-08 14:01:40,1900-01-00 00:00:00,,76:12:77:72:78:49,-40,,0.000000,0.000000,0.000,0.000,Client
2026-04-08 14:01:40,1900-01-00 00:00:00,0960-wombat,B8:27:EB:FF:C8:F5,-51, WPA ,0.000000,0.000000,0.000,0.000,AP
2026-04-08 14:01:40,1900-01-00 00:00:00,,76:12:77:72:78:49,-41,,0.000000,0.000000,0.000,0.000,Client
2026-04-08 14:01:40,1900-01-00 00:00:00,,76:12:77:72:78:49,-41,,0.000000,0.000000,0.000,0.000,Client
2026-04-08 14:01:40,1900-01-00 00:00:00,0960-wombat,B8:27:EB:FF:C8:F5,-49, WPA ,0.000000,0.000000,0.000,0.000,AP
2026-04-08 14:01:40,1900-01-00 00:00:00,,76:12:77:72:78:49,-41,,0.000000,0.000000,0.000,0.000,Client
2026-04-08 14:01:40,1900-01-00 00:00:00,,76:12:77:72:78:49,-41,,0.000000,0.000000,0.000,0.000,Client
2026-04-08 14:01:40,1900-01-00 00:00:00,0960-wombat,B8:27:EB:FF:C8:F5,-47, WPA ,0.000000,0.000000,0.000,0.000,AP
2026-04-08 14:01:40,1900-01-00 00:00:00,0960-wombat,B8:27:EB:FF:C8:F5,-50, WPA ,0.000000,0.000000,0.000,0.000,AP
2026-04-08 14:01:40,1900-01-00 00:00:00,0960-wombat,B8:27:EB:FF:C8:F5,-51, WPA ,0.000000,0.000000,0.000,0.000,AP
2026-04-08 14:01:40,1900-01-00 00:00:00,,76:12:77:72:78:49,-41,,0.000000,0.000000,0.000,0.000,Client
2026-04-08 14:01:40,1900-01-00 00:00:00,0960-wombat,B8:27:EB:FF:C8:F5,-50, WPA ,0.000000,0.000000,0.000,0.000,AP
2026-04-08 14:01:40,1900-01-00 00:00:00,,76:12:77:72:78:49,-41,,0.000000,0.000000,0.000,0.000,Client
2026-04-08 14:01:40,1900-01-00 00:00:00,0960-wombat,B8:27:EB:FF:C8:F5,-49, WPA ,0.000000,0.000000,0.000,0.000,AP
2026-04-08 14:01:40,1900-01-00 00:00:00,,76:12:77:72:78:49,-41,,0.000000,0.000000,0.000,0.000,Client
2026-04-08 14:01:40,1900-01-00 00:00:00,0960-wombat,B8:27:EB:FF:C8:F5,-49, WPA ,0.000000,0.000000,0.000,0.000,AP
2026-04-08 14:01:40,1900-01-00 00:00:00,,76:12:77:72:78:49,-42,,0.000000,0.000000,0.000,0.000,Client
2026-04-08 14:01:40,1900-01-00 00:00:00,0960-wombat,B8:27:EB:FF:C8:F5,-49, WPA ,0.000000,0.000000,0.000,0.000,AP
2026-04-08 14:01:40,1900-01-00 00:00:00,,76:12:77:72:78:49,-40,,0.000000,0.000000,0.000,0.000,Client
2026-04-08 14:01:40,1900-01-00 00:00:00,,76:12:77:72:78:49,-40,,0.000000,0.000000,0.000,0.000,Client
2026-04-08 14:01:40,1900-01-00 00:00:00,,76:12:77:72:78:49,-42,,0.000000,0.000000,0.000,0.000,Client
2026-04-08 14:01:40,1900-01-00 00:00:00,,76:12:77:72:78:49,-42,,0.000000,0.000000,0.000,0.000,Client
2026-04-08 14:01:40,1900-01-00 00:00:00,0960-wombat,B8:27:EB:FF:C8:F5,-49, WPA ,0.000000,0.000000,0.000,0.000,AP
2026-04-08 14:01:40,1900-01-00 00:00:00,0960-wombat,B8:27:EB:FF:C8:F5,-49, WPA ,0.000000,0.000000,0.000,0.000,AP
2026-04-08 14:01:41,1900-01-00 00:00:00,0960-wombat,B8:27:EB:FF:C8:F5,-49, WPA ,0.000000,0.000000,0.000,0.000,AP
2026-04-08 14:01:41,1900-01-00 00:00:00,,76:12:77:72:78:49,-41,,0.000000,0.000000,0.000,0.000,Client
2026-04-08 14:01:41,1900-01-00 00:00:00,,76:12:77:72:78:49,-42,,0.000000,0.000000,0.000,0.000,Client
2026-04-08 14:01:41,1900-01-00 00:00:00,,76:12:77:72:78:49,-41,,0.000000,0.000000,0.000,0.000,Client
2026-04-08 14:01:41,1900-01-00 00:00:00,,76:12:77:72:78:49,-42,,0.000000,0.000000,0.000,0.000,Client
2026-04-08 14:01:41,1900-01-00 00:00:00,,76:12:77:72:78:49,-41,,0.000000,0.000000,0.000,0.000,Client
2026-04-08 14:01:41,1900-01-00 00:00:00,0960-wombat,B8:27:EB:FF:C8:F5,-49, WPA ,0.000000,0.000000,0.000,0.000,AP
2026-04-08 14:01:41,1900-01-00 00:00:00,0960-wombat,B8:27:EB:FF:C8:F5,-50, WPA ,0.000000,0.000000,0.000,0.000,AP
2026-04-08 14:01:41,1900-01-00 00:00:00,0960-wombat,B8:27:EB:FF:C8:F5,-49, WPA ,0.000000,0.000000,0.000,0.000,AP
2026-04-08 14:01:41,1900-01-00 00:00:00,0960-wombat,B8:27:EB:FF:C8:F5,-49, WPA ,0.000000,0.000000,0.000,0.000,AP
2026-04-08 14:01:41,1900-01-00 00:00:00,,76:12:77:72:78:49,-40,,0.000000,0.000000,0.000,0.000,Client
2026-04-08 14:01:41,1900-01-00 00:00:00,0960-wombat,B8:27:EB:FF:C8:F5,-49, WPA ,0.000000,0.000000,0.000,0.000,AP
2026-04-08 14:01:41,1900-01-00 00:00:00,,76:12:77:72:78:49,-41,,0.000000,0.000000,0.000,0.000,Client
2026-04-08 14:01:41,1900-01-00 00:00:00,0960-wombat,B8:27:EB:FF:C8:F5,-49, WPA ,0.000000,0.000000,0.000,0.000,AP
2026-04-08 14:01:41,1900-01-00 00:00:00,,76:12:77:72:78:49,-41,,0.000000,0.000000,0.000,0.000,Client
2026-04-08 14:01:41,1900-01-00 00:00:00,0960-wombat,B8:27:EB:FF:C8:F5,-50, WPA ,0.000000,0.000000,0.000,0.000,AP
2026-04-08 14:01:41,1900-01-00 00:00:00,0960-wombat,B8:27:EB:FF:C8:F5,-49, WPA ,0.000000,0.000000,0.000,0.000,AP
2026-04-08 14:01:41,1900-01-00 00:00:00,0960-wombat,B8:27:EB:FF:C8:F5,-49, WPA ,0.000000,0.000000,0.000,0.000,AP
2026-04-08 14:01:41,1900-01-00 00:00:00,,76:12:77:72:78:49,-41,,0.000000,0.000000,0.000,0.000,Client
2026-04-08 14:01:41,1900-01-00 00:00:00,0960-wombat,B8:27:EB:FF:C8:F5,-49, WPA ,0.000000,0.000000,0.000,0.000,AP
2026-04-08 14:01:41,1900-01-00 00:00:00,,76:12:77:72:78:49,-41,,0.000000,0.000000,0.000,0.000,Client
2026-04-08 14:01:41,1900-01-00 00:00:00,0960-wombat,B8:27:EB:FF:C8:F5,-49, WPA ,0.000000,0.000000,0.000,0.000,AP
2026-04-08 14:01:41,1900-01-00 00:00:00,,76:12:77:72:78:49,-41,,0.000000,0.000000,0.000,0.000,Client
2026-04-08 14:01:41,1900-01-00 00:00:00,0960-wombat,B8:27:EB:FF:C8:F5,-49, WPA ,0.000000,0.000000,0.000,0.000,AP
2026-04-08 14:01:41,1900-01-00 00:00:00,0960-wombat,B8:27:EB:FF:C8:F5,-50, WPA ,0.000000,0.000000,0.000,0.000,AP
2026-04-08 14:01:41,1900-01-00 00:00:00,0960-wombat,B8:27:EB:FF:C8:F5,-49, WPA ,0.000000,0.000000,0.000,0.000,AP
2026-04-08 14:01:41,1900-01-00 00:00:00,,76:12:77:72:78:49,-41,,0.000000,0.000000,0.000,0.000,Client
2026-04-08 14:01:41,1900-01-00 00:00:00,0960-wombat,B8:27:EB:FF:C8:F5,-49, WPA ,0.000000,0.000000,0.000,0.000,AP
2026-04-08 14:01:41,1900-01-00 00:00:00,,76:12:77:72:78:49,-41,,0.000000,0.000000,0.000,0.000,Client
2026-04-08 14:01:41,1900-01-00 00:00:00,0960-wombat,B8:27:EB:FF:C8:F5,-49, WPA ,0.000000,0.000000,0.000,0.000,AP
2026-04-08 14:01:41,1900-01-00 00:00:00,,76:12:77:72:78:49,-41,,0.000000,0.000000,0.000,0.000,Client
2026-04-08 14:01:41,1900-01-00 00:00:00,,76:12:77:72:78:49,-42,,0.000000,0.000000,0.000,0.000,Client
2026-04-08 14:01:41,1900-01-00 00:00:00,0960-wombat,B8:27:EB:FF:C8:F5,-49, WPA ,0.000000,0.000000,0.000,0.000,AP
2026-04-08 14:01:41,1900-01-00 00:00:00,,76:12:77:72:78:49,-41,,0.000000,0.000000,0.000,0.000,Client
2026-04-08 14:01:41,1900-01-00 00:00:00,,76:12:77:72:78:49,-42,,0.000000,0.000000,0.000,0.000,Client
2026-04-08 14:01:41,1900-01-00 00:00:00,0960-wombat,B8:27:EB:FF:C8:F5,-49, WPA ,0.000000,0.000000,0.000,0.000,AP
2026-04-08 14:01:41,1900-01-00 00:00:00,,76:12:77:72:78:49,-42,,0.000000,0.000000,0.000,0.000,Client
2026-04-08 14:01:41,1900-01-00 00:00:00,,76:12:77:72:78:49,-42,,0.000000,0.000000,0.000,0.000,Client
2026-04-08 14:01:41,1900-01-00 00:00:00,0960-wombat,B8:27:EB:FF:C8:F5,-49, WPA ,0.000000,0.000000,0.000,0.000,AP
2026-04-08 14:01:41,1900-01-00 00:00:00,,76:12:77:72:78:49,-42,,0.000000,0.000000,0.000,0.000,Client
2026-04-08 14:01:41,1900-01-00 00:00:00,0960-wombat,B8:27:EB:FF:C8:F5,-49, WPA ,0.000000,0.000000,0.000,0.000,AP
2026-04-08 14:01:41,1900-01-00 00:00:00,,76:12:77:72:78:49,-43,,0.000000,0.000000,0.000,0.000,Client
2026-04-08 14:01:41,1900-01-00 00:00:00,,76:12:77:72:78:49,-43,,0.000000,0.000000,0.000,0.000,Client
2026-04-08 14:01:41,1900-01-00 00:00:00,,76:12:77:72:78:49,-42,,0.000000,0.000000,0.000,0.000,Client
2026-04-08 14:01:41,1900-01-00 00:00:00,0960-wombat,B8:27:EB:FF:C8:F5,-46, WPA ,0.000000,0.000000,0.000,0.000,AP
2026-04-08 14:01:41,1900-01-00 00:00:00,0960-wombat,B8:27:EB:FF:C8:F5,-47, WPA ,0.000000,0.000000,0.000,0.000,AP
2026-04-08 14:01:41,1900-01-00 00:00:00,0960-wombat,B8:27:EB:FF:C8:F5,-51, WPA ,0.000000,0.000000,0.000,0.000,AP
2026-04-08 14:01:41,1900-01-00 00:00:00,0960-wombat,B8:27:EB:FF:C8:F5,-50, WPA ,0.000000,0.000000,0.000,0.000,AP
2026-04-08 14:01:41,1900-01-00 00:00:00,0960-wombat,B8:27:EB:FF:C8:F5,-49, WPA ,0.000000,0.000000,0.000,0.000,AP
2026-04-08 14:01:41,1900-01-00 00:00:00,0960-wombat,B8:27:EB:FF:C8:F5,-48, WPA ,0.000000,0.000000,0.000,0.000,AP
2026-04-08 14:01:41,1900-01-00 00:00:00,,76:12:77:72:78:49,-40,,0.000000,0.000000,0.000,0.000,Client
2026-04-08 14:01:41,1900-01-00 00:00:00,,76:12:77:72:78:49,-40,,0.000000,0.000000,0.000,0.000,Client
2026-04-08 14:01:41,1900-01-00 00:00:00,,76:12:77:72:78:49,-42,,0.000000,0.000000,0.000,0.000,Client
2026-04-08 14:01:41,1900-01-00 00:00:00,0960-wombat,B8:27:EB:FF:C8:F5,-49, WPA ,0.000000,0.000000,0.000,0.000,AP
2026-04-08 14:01:41,1900-01-00 00:00:00,,76:12:77:72:78:49,-42,,0.000000,0.000000,0.000,0.000,Client
2026-04-08 14:01:41,1900-01-00 00:00:00,0960-wombat,B8:27:EB:FF:C8:F5,-49, WPA ,0.000000,0.000000,0.000,0.000,AP
2026-04-08 14:01:41,1900-01-00 00:00:00,,76:12:77:72:78:49,-42,,0.000000,0.000000,0.000,0.000,Client
2026-04-08 14:01:41,1900-01-00 00:00:00,0960-wombat,B8:27:EB:FF:C8:F5,-49, WPA ,0.000000,0.000000,0.000,0.000,AP
2026-04-08 14:01:41,1900-01-00 00:00:00,,76:12:77:72:78:49,-42,,0.000000,0.000000,0.000,0.000,Client
2026-04-08 14:01:41,1900-01-00 00:00:00,,76:12:77:72:78:49,-42,,0.000000,0.000000,0.000,0.000,Client
2026-04-08 14:01:41,1900-01-00 00:00:00,0960-wombat,B8:27:EB:FF:C8:F5,-50, WPA ,0.000000,0.000000,0.000,0.000,AP
2026-04-08 14:01:42,1900-01-00 00:00:00,,76:12:77:72:78:49,-42,,0.000000,0.000000,0.000,0.000,Client
2026-04-08 14:01:42,1900-01-00 00:00:00,,76:12:77:72:78:49,-42,,0.000000,0.000000,0.000,0.000,Client
2026-04-08 14:01:42,1900-01-00 00:00:00,0960-wombat,B8:27:EB:FF:C8:F5,-50, WPA ,0.000000,0.000000,0.000,0.000,AP
2026-04-08 14:01:42,1900-01-00 00:00:00,0960-wombat,B8:27:EB:FF:C8:F5,-51, WPA ,0.000000,0.000000,0.000,0.000,AP
2026-04-08 14:01:42,1900-01-00 00:00:00,0960-wombat,B8:27:EB:FF:C8:F5,-52, WPA ,0.000000,0.000000,0.000,0.000,AP
2026-04-08 14:01:42,1900-01-00 00:00:00,0960-wombat,B8:27:EB:FF:C8:F5,-51, WPA ,0.000000,0.000000,0.000,0.000,AP
2026-04-08 14:01:42,1900-01-00 00:00:00,,76:12:77:72:78:49,-40,,0.000000,0.000000,0.000,0.000,Client
2026-04-08 14:01:42,1900-01-00 00:00:00,,76:12:77:72:78:49,-41,,0.000000,0.000000,0.000,0.000,Client
2026-04-08 14:01:42,1900-01-00 00:00:00,0960-wombat,B8:27:EB:FF:C8:F5,-51, WPA ,0.000000,0.000000,0.000,0.000,AP
2026-04-08 14:01:42,1900-01-00 00:00:00,,76:12:77:72:78:49,-42,,0.000000,0.000000,0.000,0.000,Client
2026-04-08 14:01:42,1900-01-00 00:00:00,,76:12:77:72:78:49,-42,,0.000000,0.000000,0.000,0.000,Client
2026-04-08 14:01:42,1900-01-00 00:00:00,,76:12:77:72:78:49,-43,,0.000000,0.000000,0.000,0.000,Client
2026-04-08 14:01:42,1900-01-00 00:00:00,,76:12:77:72:78:49,-43,,0.000000,0.000000,0.000,0.000,Client
2026-04-08 14:01:42,1900-01-00 00:00:00,,76:12:77:72:78:49,-43,,0.000000,0.000000,0.000,0.000,Client
2026-04-08 14:01:42,1900-01-00 00:00:00,0960-wombat,B8:27:EB:FF:C8:F5,-51, WPA ,0.000000,0.000000,0.000,0.000,AP
2026-04-08 14:01:42,1900-01-00 00:00:00,0960-wombat,B8:27:EB:FF:C8:F5,-51, WPA ,0.000000,0.000000,0.000,0.000,AP
2026-04-08 14:01:42,1900-01-00 00:00:00,,76:12:77:72:78:49,-43,,0.000000,0.000000,0.000,0.000,Client
2026-04-08 14:01:42,1900-01-00 00:00:00,0960-wombat,B8:27:EB:FF:C8:F5,-51, WPA ,0.000000,0.000000,0.000,0.000,AP
2026-04-08 14:01:42,1900-01-00 00:00:00,,76:12:77:72:78:49,-41,,0.000000,0.000000,0.000,0.000,Client
2026-04-08 14:01:42,1900-01-00 00:00:00,0960-wombat,B8:27:EB:FF:C8:F5,-51, WPA ,0.000000,0.000000,0.000,0.000,AP
2026-04-08 14:01:42,1900-01-00 00:00:00,0960-wombat,B8:27:EB:FF:C8:F5,-50, WPA ,0.000000,0.000000,0.000,0.000,AP
2026-04-08 14:01:42,1900-01-00 00:00:00,0960-wombat,B8:27:EB:FF:C8:F5,-50, WPA ,0.000000,0.000000,0.000,0.000,AP
2026-04-08 14:01:42,1900-01-00 00:00:00,,76:12:77:72:78:49,-42,,0.000000,0.000000,0.000,0.000,Client
2026-04-08 14:01:42,1900-01-00 00:00:00,0960-wombat,B8:27:EB:FF:C8:F5,-50, WPA ,0.000000,0.000000,0.000,0.000,AP
2026-04-08 14:01:42,1900-01-00 00:00:00,,76:12:77:72:78:49,-42,,0.000000,0.000000,0.000,0.000,Client
2026-04-08 14:01:42,1900-01-00 00:00:00,0960-wombat,B8:27:EB:FF:C8:F5,-50, WPA ,0.000000,0.000000,0.000,0.000,AP
2026-04-08 14:01:42,1900-01-00 00:00:00,0960-wombat,B8:27:EB:FF:C8:F5,-50, WPA ,0.000000,0.000000,0.000,0.000,AP
2026-04-08 14:01:42,1900-01-00 00:00:00,0960-wombat,B8:27:EB:FF:C8:F5,-50, WPA ,0.000000,0.000000,0.000,0.000,AP
2026-04-08 14:01:42,1900-01-00 00:00:00,,76:12:77:72:78:49,-42,,0.000000,0.000000,0.000,0.000,Client
2026-04-08 14:01:42,1900-01-00 00:00:00,0960-wombat,B8:27:EB:FF:C8:F5,-50, WPA ,0.000000,0.000000,0.000,0.000,AP
2026-04-08 14:01:42,1900-01-00 00:00:00,,76:12:77:72:78:49,-42,,0.000000,0.000000,0.000,0.000,Client
2026-04-08 14:01:42,1900-01-00 00:00:00,0960-wombat,B8:27:EB:FF:C8:F5,-50, WPA ,0.000000,0.000000,0.000,0.000,AP
2026-04-08 14:01:42,1900-01-00 00:00:00,,76:12:77:72:78:49,-41,,0.000000,0.000000,0.000,0.000,Client
2026-04-08 14:01:42,1900-01-00 00:00:00,,76:12:77:72:78:49,-43,,0.000000,0.000000,0.000,0.000,Client
2026-04-08 14:01:42,1900-01-00 00:00:00,0960-wombat,B8:27:EB:FF:C8:F5,-51, WPA ,0.000000,0.000000,0.000,0.000,AP
2026-04-08 14:01:42,1900-01-00 00:00:00,,76:12:77:72:78:49,-42,,0.000000,0.000000,0.000,0.000,Client
2026-04-08 14:01:42,1900-01-00 00:00:00,0960-wombat,B8:27:EB:FF:C8:F5,-51, WPA ,0.000000,0.000000,0.000,0.000,AP
2026-04-08 14:01:42,1900-01-00 00:00:00,,76:12:77:72:78:49,-43,,0.000000,0.000000,0.000,0.000,Client
2026-04-08 14:01:42,1900-01-00 00:00:00,,76:12:77:72:78:49,-42,,0.000000,0.000000,0.000,0.000,Client
2026-04-08 14:01:42,1900-01-00 00:00:00,0960-wombat,B8:27:EB:FF:C8:F5,-51, WPA ,0.000000,0.000000,0.000,0.000,AP
2026-04-08 14:01:42,1900-01-00 00:00:00,,76:12:77:72:78:49,-42,,0.000000,0.000000,0.000,0.000,Client
2026-04-08 14:01:42,1900-01-00 00:00:00,0960-wombat,B8:27:EB:FF:C8:F5,-51, WPA ,0.000000,0.000000,0.000,0.000,AP
2026-04-08 14:01:42,1900-01-00 00:00:00,,76:12:77:72:78:49,-42,,0.000000,0.000000,0.000,0.000,Client
2026-04-08 14:01:42,1900-01-00 00:00:00,0960-wombat,B8:27:EB:FF:C8:F5,-48, WPA ,0.000000,0.000000,0.000,0.000,AP
2026-04-08 14:01:42,1900-01-00 00:00:00,,76:12:77:72:78:49,-42,,0.000000,0.000000,0.000,0.000,Client
2026-04-08 14:01:42,1900-01-00 00:00:00,0960-wombat,B8:27:EB:FF:C8:F5,-49, WPA ,0.000000,0.000000,0.000,0.000,AP
2026-04-08 14:01:42,1900-01-00 00:00:00,,76:12:77:72:78:49,-42,,0.000000,0.000000,0.000,0.000,Client
2026-04-08 14:01:42,1900-01-00 00:00:00,,76:12:77:72:78:49,-42,,0.000000,0.000000,0.000,0.000,Client
2026-04-08 14:01:42,1900-01-00 00:00:00,0960-wombat,B8:27:EB:FF:C8:F5,-53, WPA ,0.000000,0.000000,0.000,0.000,AP
2026-04-08 14:01:42,1900-01-00 00:00:00,0960-wombat,B8:27:EB:FF:C8:F5,-53, WPA ,0.000000,0.000000,0.000,0.000,AP
2026-04-08 14:01:42,1900-01-00 00:00:00,,76:12:77:72:78:49,-42,,0.000000,0.000000,0.000,0.000,Client
2026-04-08 14:01:42,1900-01-00 00:00:00,,76:12:77:72:78:49,-42,,0.000000,0.000000,0.000,0.000,Client
2026-04-08 14:01:42,1900-01-00 00:00:00,0960-wombat,B8:27:EB:FF:C8:F5,-52, WPA ,0.000000,0.000000,0.000,0.000,AP
2026-04-08 14:01:42,1900-01-00 00:00:00,,76:12:77:72:78:49,-41,,0.000000,0.000000,0.000,0.000,Client
2026-04-08 14:01:42,1900-01-00 00:00:00,0960-wombat,B8:27:EB:FF:C8:F5,-49, WPA ,0.000000,0.000000,0.000,0.000,AP
2026-04-08 14:01:42,1900-01-00 00:00:00,,76:12:77:72:78:49,-42,,0.000000,0.000000,0.000,0.000,Client
2026-04-08 14:01:42,1900-01-00 00:00:00,0960-wombat,B8:27:EB:FF:C8:F5,-49, WPA ,0.000000,0.000000,0.000,0.000,AP
2026-04-08 14:01:42,1900-01-00 00:00:00,0960-wombat,B8:27:EB:FF:C8:F5,-53, WPA ,0.000000,0.000000,0.000,0.000,AP
2026-04-08 14:01:42,1900-01-00 00:00:00,0960-wombat,B8:27:EB:FF:C8:F5,-52, WPA ,0.000000,0.000000,0.000,0.000,AP
2026-04-08 14:01:42,1900-01-00 00:00:00,,76:12:77:72:78:49,-41,,0.000000,0.000000,0.000,0.000,Client
2026-04-08 14:01:42,1900-01-00 00:00:00,,76:12:77:72:78:49,-40,,0.000000,0.000000,0.000,0.000,Client
2026-04-08 14:01:42,1900-01-00 00:00:00,,76:12:77:72:78:49,-40,,0.000000,0.000000,0.000,0.000,Client
2026-04-08 14:01:42,1900-01-00 00:00:00,0960-wombat,B8:27:EB:FF:C8:F5,-50, WPA ,0.000000,0.000000,0.000,0.000,AP
2026-04-08 14:01:42,1900-01-00 00:00:00,0960-wombat,B8:27:EB:FF:C8:F5,-51, WPA ,0.000000,0.000000,0.000,0.000,AP
2026-04-08 14:01:42,1900-01-00 00:00:00,,76:12:77:72:78:49,-40,,0.000000,0.000000,0.000,0.000,Client
2026-04-08 14:01:42,1900-01-00 00:00:00,0960-wombat,B8:27:EB:FF:C8:F5,-51, WPA ,0.000000,0.000000,0.000,0.000,AP
2026-04-08 14:01:42,1900-01-00 00:00:00,,76:12:77:72:78:49,-40,,0.000000,0.000000,0.000,0.000,Client
2026-04-08 14:01:42,1900-01-00 00:00:00,0960-wombat,B8:27:EB:FF:C8:F5,-51, WPA ,0.000000,0.000000,0.000,0.000,AP
2026-04-08 14:01:42,1900-01-00 00:00:00,,76:12:77:72:78:49,-40,,0.000000,0.000000,0.000,0.000,Client
2026-04-08 14:01:42,1900-01-00 00:00:00,0960-wombat,B8:27:EB:FF:C8:F5,-50, WPA ,0.000000,0.000000,0.000,0.000,AP
2026-04-08 14:01:42,1900-01-00 00:00:00,0960-wombat,B8:27:EB:FF:C8:F5,-51, WPA ,0.000000,0.000000,0.000,0.000,AP
2026-04-08 14:01:42,1900-01-00 00:00:00,,76:12:77:72:78:49,-40,,0.000000,0.000000,0.000,0.000,Client
2026-04-08 14:01:42,1900-01-00 00:00:00,,76:12:77:72:78:49,-42,,0.000000,0.000000,0.000,0.000,Client
2026-04-08 14:01:42,1900-01-00 00:00:00,0960-wombat,B8:27:EB:FF:C8:F5,-48, WPA ,0.000000,0.000000,0.000,0.000,AP
2026-04-08 14:01:42,1900-01-00 00:00:00,,76:12:77:72:78:49,-41,,0.000000,0.000000,0.000,0.000,Client
2026-04-08 14:01:42,1900-01-00 00:00:00,0960-wombat,B8:27:EB:FF:C8:F5,-52, WPA ,0.000000,0.000000,0.000,0.000,AP
2026-04-08 14:01:42,1900-01-00 00:00:00,,76:12:77:72:78:49,-41,,0.000000,0.000000,0.000,0.000,Client
2026-04-08 14:01:42,1900-01-00 00:00:00,0960-wombat,B8:27:EB:FF:C8:F5,-52, WPA ,0.000000,0.000000,0.000,0.000,AP
2026-04-08 14:01:42,1900-01-00 00:00:00,,76:12:77:72:78:49,-40,,0.000000,0.000000,0.000,0.000,Client
2026-04-08 14:01:42,1900-01-00 00:00:00,0960-wombat,B8:27:EB:FF:C8:F5,-50, WPA ,0.000000,0.000000,0.000,0.000,AP
2026-04-08 14:01:42,1900-01-00 00:00:00,,76:12:77:72:78:49,-40,,0.000000,0.000000,0.000,0.000,Client
2026-04-08 14:01:42,1900-01-00 00:00:00,0960-wombat,B8:27:EB:FF:C8:F5,-51, WPA ,0.000000,0.000000,0.000,0.000,AP
2026-04-08 14:01:42,1900-01-00 00:00:00,0960-wombat,B8:27:EB:FF:C8:F5,-50, WPA ,0.000000,0.000000,0.000,0.000,AP
2026-04-08 14:01:42,1900-01-00 00:00:00,,76:12:77:72:78:49,-41,,0.000000,0.000000,0.000,0.000,Client
2026-04-08 14:01:42,1900-01-00 00:00:00,0960-wombat,B8:27:EB:FF:C8:F5,-50, WPA ,0.000000,0.000000,0.000,0.000,AP
2026-04-08 14:01:42,1900-01-00 00:00:00,0960-wombat,B8:27:EB:FF:C8:F5,-50, WPA ,0.000000,0.000000,0.000,0.000,AP
2026-04-08 14:01:42,1900-01-00 00:00:00,,76:12:77:72:78:49,-42,,0.000000,0.000000,0.000,0.000,Client
2026-04-08 14:01:42,1900-01-00 00:00:00,0960-wombat,B8:27:EB:FF:C8:F5,-51, WPA ,0.000000,0.000000,0.000,0.000,AP
2026-04-08 14:01:42,1900-01-00 00:00:00,,76:12:77:72:78:49,-41,,0.000000,0.000000,0.000,0.000,Client
2026-04-08 14:01:42,1900-01-00 00:00:00,0960-wombat,B8:27:EB:FF:C8:F5,-51, WPA ,0.000000,0.000000,0.000,0.000,AP
2026-04-08 14:01:42,1900-01-00 00:00:00,,76:12:77:72:78:49,-41,,0.000000,0.000000,0.000,0.000,Client
2026-04-08 14:01:42,1900-01-00 00:00:00,0960-wombat,B8:27:EB:FF:C8:F5,-50, WPA ,0.000000,0.000000,0.000,0.000,AP
2026-04-08 14:01:42,1900-01-00 00:00:00,0960-wombat,B8:27:EB:FF:C8:F5,-51, WPA ,0.000000,0.000000,0.000,0.000,AP
2026-04-08 14:01:42,1900-01-00 00:00:00,,76:12:77:72:78:49,-41,,0.000000,0.000000,0.000,0.000,Client
2026-04-08 14:01:42,1900-01-00 00:00:00,0960-wombat,B8:27:EB:FF:C8:F5,-52, WPA ,0.000000,0.000000,0.000,0.000,AP
2026-04-08 14:01:42,1900-01-00 00:00:00,,76:12:77:72:78:49,-41,,0.000000,0.000000,0.000,0.000,Client
2026-04-08 14:01:42,1900-01-00 00:00:00,0960-wombat,B8:27:EB:FF:C8:F5,-51, WPA ,0.000000,0.000000,0.000,0.000,AP
2026-04-08 14:01:42,1900-01-00 00:00:00,,76:12:77:72:78:49,-41,,0.000000,0.000000,0.000,0.000,Client
2026-04-08 14:01:42,1900-01-00 00:00:00,,76:12:77:72:78:49,-41,,0.000000,0.000000,0.000,0.000,Client
2026-04-08 14:01:42,1900-01-00 00:00:00,,76:12:77:72:78:49,-42,,0.000000,0.000000,0.000,0.000,Client
2026-04-08 14:01:42,1900-01-00 00:00:00,0960-wombat,B8:27:EB:FF:C8:F5,-51, WPA ,0.000000,0.000000,0.000,0.000,AP
2026-04-08 14:01:42,1900-01-00 00:00:00,,76:12:77:72:78:49,-42,,0.000000,0.000000,0.000,0.000,Client
2026-04-08 14:01:42,1900-01-00 00:00:00,,76:12:77:72:78:49,-42,,0.000000,0.000000,0.000,0.000,Client
2026-04-08 14:01:42,1900-01-00 00:00:00,,76:12:77:72:78:49,-41,,0.000000,0.000000,0.000,0.000,Client
2026-04-08 14:01:42,1900-01-00 00:00:00,,76:12:77:72:78:49,-41,,0.000000,0.000000,0.000,0.000,Client
2026-04-08 14:01:42,1900-01-00 00:00:00,,76:12:77:72:78:49,-42,,0.000000,0.000000,0.000,0.000,Client
2026-04-08 14:01:42,1900-01-00 00:00:00,,76:12:77:72:78:49,-41,,0.000000,0.000000,0.000,0.000,Client
2026-04-08 14:01:42,1900-01-00 00:00:00,0960-wombat,B8:27:EB:FF:C8:F5,-48, WPA ,0.000000,0.000000,0.000,0.000,AP
2026-04-08 14:01:42,1900-01-00 00:00:00,0960-wombat,B8:27:EB:FF:C8:F5,-51, WPA ,0.000000,0.000000,0.000,0.000,AP
2026-04-08 14:01:42,1900-01-00 00:00:00,0960-wombat,B8:27:EB:FF:C8:F5,-50, WPA ,0.000000,0.000000,0.000,0.000,AP
2026-04-08 14:01:42,1900-01-00 00:00:00,0960-wombat,B8:27:EB:FF:C8:F5,-50, WPA ,0.000000,0.000000,0.000,0.000,AP
2026-04-08 14:01:42,1900-01-00 00:00:00,,76:12:77:72:78:49,-42,,0.000000,0.000000,0.000,0.000,Client
2026-04-08 14:01:43,1900-01-00 00:00:00,0960-wombat,B8:27:EB:FF:C8:F5,-50, WPA ,0.000000,0.000000,0.000,0.000,AP
2026-04-08 14:01:43,1900-01-00 00:00:00,0960-wombat,B8:27:EB:FF:C8:F5,-50, WPA ,0.000000,0.000000,0.000,0.000,AP
2026-04-08 14:01:43,1900-01-00 00:00:00,,76:12:77:72:78:49,-42,,0.000000,0.000000,0.000,0.000,Client
2026-04-08 14:01:43,1900-01-00 00:00:00,0960-wombat,B8:27:EB:FF:C8:F5,-50, WPA ,0.000000,0.000000,0.000,0.000,AP
2026-04-08 14:01:43,1900-01-00 00:00:00,0960-wombat,B8:27:EB:FF:C8:F5,-50, WPA ,0.000000,0.000000,0.000,0.000,AP
2026-04-08 14:01:43,1900-01-00 00:00:00,,76:12:77:72:78:49,-41,,0.000000,0.000000,0.000,0.000,Client
2026-04-08 14:01:43,1900-01-00 00:00:00,0960-wombat,B8:27:EB:FF:C8:F5,-50, WPA ,0.000000,0.000000,0.000,0.000,AP
2026-04-08 14:01:43,1900-01-00 00:00:00,,76:12:77:72:78:49,-42,,0.000000,0.000000,0.000,0.000,Client
2026-04-08 14:01:43,1900-01-00 00:00:00,0960-wombat,B8:27:EB:FF:C8:F5,-47, WPA ,0.000000,0.000000,0.000,0.000,AP
2026-04-08 14:01:43,1900-01-00 00:00:00,,76:12:77:72:78:49,-41,,0.000000,0.000000,0.000,0.000,Client
2026-04-08 14:01:43,1900-01-00 00:00:00,,76:12:77:72:78:49,-42,,0.000000,0.000000,0.000,0.000,Client
2026-04-08 14:01:43,1900-01-00 00:00:00,0960-wombat,B8:27:EB:FF:C8:F5,-51, WPA ,0.000000,0.000000,0.000,0.000,AP
2026-04-08 14:01:43,1900-01-00 00:00:00,,76:12:77:72:78:49,-41,,0.000000,0.000000,0.000,0.000,Client
2026-04-08 14:01:43,1900-01-00 00:00:00,0960-wombat,B8:27:EB:FF:C8:F5,-51, WPA ,0.000000,0.000000,0.000,0.000,AP
2026-04-08 14:01:43,1900-01-00 00:00:00,0960-wombat,B8:27:EB:FF:C8:F5,-50, WPA ,0.000000,0.000000,0.000,0.000,AP
2026-04-08 14:01:43,1900-01-00 00:00:00,0960-wombat,B8:27:EB:FF:C8:F5,-49, WPA ,0.000000,0.000000,0.000,0.000,AP
2026-04-08 14:01:43,1900-01-00 00:00:00,,76:12:77:72:78:49,-41,,0.000000,0.000000,0.000,0.000,Client
2026-04-08 14:01:43,1900-01-00 00:00:00,0960-wombat,B8:27:EB:FF:C8:F5,-49, WPA ,0.000000,0.000000,0.000,0.000,AP
2026-04-08 14:01:43,1900-01-00 00:00:00,,76:12:77:72:78:49,-40,,0.000000,0.000000,0.000,0.000,Client
2026-04-08 14:01:43,1900-01-00 00:00:00,0960-wombat,B8:27:EB:FF:C8:F5,-49, WPA ,0.000000,0.000000,0.000,0.000,AP
2026-04-08 14:01:43,1900-01-00 00:00:00,,76:12:77:72:78:49,-40,,0.000000,0.000000,0.000,0.000,Client
2026-04-08 14:01:43,1900-01-00 00:00:00,0960-wombat,B8:27:EB:FF:C8:F5,-49, WPA ,0.000000,0.000000,0.000,0.000,AP
2026-04-08 14:01:43,1900-01-00 00:00:00,,76:12:77:72:78:49,-41,,0.000000,0.000000,0.000,0.000,Client
2026-04-08 14:01:43,1900-01-00 00:00:00,0960-wombat,B8:27:EB:FF:C8:F5,-49, WPA ,0.000000,0.000000,0.000,0.000,AP
2026-04-08 14:01:43,1900-01-00 00:00:00,0960-wombat,B8:27:EB:FF:C8:F5,-49, WPA ,0.000000,0.000000,0.000,0.000,AP
2026-04-08 14:01:43,1900-01-00 00:00:00,,76:12:77:72:78:49,-40,,0.000000,0.000000,0.000,0.000,Client
2026-04-08 14:01:43,1900-01-00 00:00:00,0960-wombat,B8:27:EB:FF:C8:F5,-49, WPA ,0.000000,0.000000,0.000,0.000,AP
2026-04-08 14:01:43,1900-01-00 00:00:00,,76:12:77:72:78:49,-40,,0.000000,0.000000,0.000,0.000,Client
2026-04-08 14:01:43,1900-01-00 00:00:00,0960-wombat,B8:27:EB:FF:C8:F5,-50, WPA ,0.000000,0.000000,0.000,0.000,AP
2026-04-08 14:01:43,1900-01-00 00:00:00,,76:12:77:72:78:49,-41,,0.000000,0.000000,0.000,0.000,Client
2026-04-08 14:01:43,1900-01-00 00:00:00,,76:12:77:72:78:49,-42,,0.000000,0.000000,0.000,0.000,Client
2026-04-08 14:01:43,1900-01-00 00:00:00,0960-wombat,B8:27:EB:FF:C8:F5,-47, WPA ,0.000000,0.000000,0.000,0.000,AP
2026-04-08 14:01:43,1900-01-00 00:00:00,0960-wombat,B8:27:EB:FF:C8:F5,-50, WPA ,0.000000,0.000000,0.000,0.000,AP
2026-04-08 14:01:43,1900-01-00 00:00:00,0960-wombat,B8:27:EB:FF:C8:F5,-51, WPA ,0.000000,0.000000,0.000,0.000,AP
2026-04-08 14:01:43,1900-01-00 00:00:00,,76:12:77:72:78:49,-41,,0.000000,0.000000,0.000,0.000,Client
2026-04-08 14:01:43,1900-01-00 00:00:00,0960-wombat,B8:27:EB:FF:C8:F5,-51, WPA ,0.000000,0.000000,0.000,0.000,AP
2026-04-08 14:01:43,1900-01-00 00:00:00,,76:12:77:72:78:49,-41,,0.000000,0.000000,0.000,0.000,Client
2026-04-08 14:01:43,1900-01-00 00:00:00,,76:12:77:72:78:49,-41,,0.000000,0.000000,0.000,0.000,Client
2026-04-08 14:01:43,1900-01-00 00:00:00,0960-wombat,B8:27:EB:FF:C8:F5,-47, WPA ,0.000000,0.000000,0.000,0.000,AP
2026-04-08 14:01:43,1900-01-00 00:00:00,,76:12:77:72:78:49,-42,,0.000000,0.000000,0.000,0.000,Client
2026-04-08 14:01:43,1900-01-00 00:00:00,0960-wombat,B8:27:EB:FF:C8:F5,-47, WPA ,0.000000,0.000000,0.000,0.000,AP
2026-04-08 14:01:43,1900-01-00 00:00:00,0960-wombat,B8:27:EB:FF:C8:F5,-51, WPA ,0.000000,0.000000,0.000,0.000,AP
2026-04-08 14:01:43,1900-01-00 00:00:00,,76:12:77:72:78:49,-41,,0.000000,0.000000,0.000,0.000,Client
2026-04-08 14:01:43,1900-01-00 00:00:00,,76:12:77:72:78:49,-41,,0.000000,0.000000,0.000,0.000,Client
2026-04-08 14:01:43,1900-01-00 00:00:00,0960-wombat,B8:27:EB:FF:C8:F5,-52, WPA ,0.000000,0.000000,0.000,0.000,AP
2026-04-08 14:01:43,1900-01-00 00:00:00,,76:12:77:72:78:49,-41,,0.000000,0.000000,0.000,0.000,Client
2026-04-08 14:01:43,1900-01-00 00:00:00,0960-wombat,B8:27:EB:FF:C8:F5,-50, WPA ,0.000000,0.000000,0.000,0.000,AP
2026-04-08 14:01:43,1900-01-00 00:00:00,0960-wombat,B8:27:EB:FF:C8:F5,-50, WPA ,0.000000,0.000000,0.000,0.000,AP
2026-04-08 14:01:43,1900-01-00 00:00:00,0960-wombat,B8:27:EB:FF:C8:F5,-50, WPA ,0.000000,0.000000,0.000,0.000,AP
2026-04-08 14:01:43,1900-01-00 00:00:00,,76:12:77:72:78:49,-40,,0.000000,0.000000,0.000,0.000,Client
2026-04-08 14:01:43,1900-01-00 00:00:00,,76:12:77:72:78:49,-40,,0.000000,0.000000,0.000,0.000,Client
2026-04-08 14:01:43,1900-01-00 00:00:00,0960-wombat,B8:27:EB:FF:C8:F5,-50, WPA ,0.000000,0.000000,0.000,0.000,AP
2026-04-08 14:01:43,1900-01-00 00:00:00,,76:12:77:72:78:49,-39,,0.000000,0.000000,0.000,0.000,Client
2026-04-08 14:01:43,1900-01-00 00:00:00,0960-wombat,B8:27:EB:FF:C8:F5,-51, WPA ,0.000000,0.000000,0.000,0.000,AP
2026-04-08 14:01:43,1900-01-00 00:00:00,,76:12:77:72:78:49,-40,,0.000000,0.000000,0.000,0.000,Client
2026-04-08 14:01:43,1900-01-00 00:00:00,0960-wombat,B8:27:EB:FF:C8:F5,-51, WPA ,0.000000,0.000000,0.000,0.000,AP
2026-04-08 14:01:43,1900-01-00 00:00:00,,76:12:77:72:78:49,-40,,0.000000,0.000000,0.000,0.000,Client
2026-04-08 14:01:43,1900-01-00 00:00:00,0960-wombat,B8:27:EB:FF:C8:F5,-51, WPA ,0.000000,0.000000,0.000,0.000,AP
2026-04-08 14:01:43,1900-01-00 00:00:00,0960-wombat,B8:27:EB:FF:C8:F5,-50, WPA ,0.000000,0.000000,0.000,0.000,AP
2026-04-08 14:01:43,1900-01-00 00:00:00,,76:12:77:72:78:49,-40,,0.000000,0.000000,0.000,0.000,Client
2026-04-08 14:01:43,1900-01-00 00:00:00,0960-wombat,B8:27:EB:FF:C8:F5,-50, WPA ,0.000000,0.000000,0.000,0.000,AP
2026-04-08 14:01:43,1900-01-00 00:00:00,,76:12:77:72:78:49,-40,,0.000000,0.000000,0.000,0.000,Client
2026-04-08 14:01:43,1900-01-00 00:00:00,0960-wombat,B8:27:EB:FF:C8:F5,-50, WPA ,0.000000,0.000000,0.000,0.000,AP
2026-04-08 14:01:43,1900-01-00 00:00:00,,76:12:77:72:78:49,-41,,0.000000,0.000000,0.000,0.000,Client
2026-04-08 14:01:43,1900-01-00 00:00:00,0960-wombat,B8:27:EB:FF:C8:F5,-50, WPA ,0.000000,0.000000,0.000,0.000,AP
2026-04-08 14:01:43,1900-01-00 00:00:00,0960-wombat,B8:27:EB:FF:C8:F5,-50, WPA ,0.000000,0.000000,0.000,0.000,AP
2026-04-08 14:01:43,1900-01-00 00:00:00,,76:12:77:72:78:49,-40,,0.000000,0.000000,0.000,0.000,Client
2026-04-08 14:01:43,1900-01-00 00:00:00,0960-wombat,B8:27:EB:FF:C8:F5,-50, WPA ,0.000000,0.000000,0.000,0.000,AP
2026-04-08 14:01:43,1900-01-00 00:00:00,,76:12:77:72:78:49,-41,,0.000000,0.000000,0.000,0.000,Client
2026-04-08 14:01:43,1900-01-00 00:00:00,0960-wombat,B8:27:EB:FF:C8:F5,-50, WPA ,0.000000,0.000000,0.000,0.000,AP
2026-04-08 14:01:43,1900-01-00 00:00:00,,76:12:77:72:78:49,-40,,0.000000,0.000000,0.000,0.000,Client
2026-04-08 14:01:43,1900-01-00 00:00:00,,76:12:77:72:78:49,-41,,0.000000,0.000000,0.000,0.000,Client
2026-04-08 14:01:43,1900-01-00 00:00:00,0960-wombat,B8:27:EB:FF:C8:F5,-49, WPA ,0.000000,0.000000,0.000,0.000,AP
2026-04-08 14:01:43,1900-01-00 00:00:00,0960-wombat,B8:27:EB:FF:C8:F5,-50, WPA ,0.000000,0.000000,0.000,0.000,AP
2026-04-08 14:01:43,1900-01-00 00:00:00,,76:12:77:72:78:49,-42,,0.000000,0.000000,0.000,0.000,Client
2026-04-08 14:01:43,1900-01-00 00:00:00,,76:12:77:72:78:49,-42,,0.000000,0.000000,0.000,0.000,Client
2026-04-08 14:01:43,1900-01-00 00:00:00,0960-wombat,B8:27:EB:FF:C8:F5,-50, WPA ,0.000000,0.000000,0.000,0.000,AP
2026-04-08 14:01:43,1900-01-00 00:00:00,0960-wombat,B8:27:EB:FF:C8:F5,-49, WPA ,0.000000,0.000000,0.000,0.000,AP
2026-04-08 14:01:43,1900-01-00 00:00:00,,76:12:77:72:78:49,-42,,0.000000,0.000000,0.000,0.000,Client
2026-04-08 14:01:43,1900-01-00 00:00:00,0960-wombat,B8:27:EB:FF:C8:F5,-49, WPA ,0.000000,0.000000,0.000,0.000,AP
2026-04-08 14:01:43,1900-01-00 00:00:00,,76:12:77:72:78:49,-40,,0.000000,0.000000,0.000,0.000,Client
2026-04-08 14:01:43,1900-01-00 00:00:00,,76:12:77:72:78:49,-41,,0.000000,0.000000,0.000,0.000,Client
2026-04-08 14:01:43,1900-01-00 00:00:00,,76:12:77:72:78:49,-42,,0.000000,0.000000,0.000,0.000,Client
2026-04-08 14:01:43,1900-01-00 00:00:00,,76:12:77:72:78:49,-40,,0.000000,0.000000,0.000,0.000,Client
2026-04-08 14:01:43,1900-01-00 00:00:00,,76:12:77:72:78:49,-42,,0.000000,0.000000,0.000,0.000,Client
2026-04-08 14:01:43,1900-01-00 00:00:00,0960-wombat,B8:27:EB:FF:C8:F5,-48, WPA ,0.000000,0.000000,0.000,0.000,AP
2026-04-08 14:01:43,1900-01-00 00:00:00,,76:12:77:72:78:49,-42,,0.000000,0.000000,0.000,0.000,Client
2026-04-08 14:01:43,1900-01-00 00:00:00,0960-wombat,B8:27:EB:FF:C8:F5,-49, WPA ,0.000000,0.000000,0.000,0.000,AP
2026-04-08 14:01:43,1900-01-00 00:00:00,0960-wombat,B8:27:EB:FF:C8:F5,-49, WPA ,0.000000,0.000000,0.000,0.000,AP
2026-04-08 14:01:43,1900-01-00 00:00:00,0960-wombat,B8:27:EB:FF:C8:F5,-49, WPA ,0.000000,0.000000,0.000,0.000,AP
2026-04-08 14:01:43,1900-01-00 00:00:00,0960-wombat,B8:27:EB:FF:C8:F5,-49, WPA ,0.000000,0.000000,0.000,0.000,AP
2026-04-08 14:01:43,1900-01-00 00:00:00,,76:12:77:72:78:49,-41,,0.000000,0.000000,0.000,0.000,Client
2026-04-08 14:01:43,1900-01-00 00:00:00,,76:12:77:72:78:49,-41,,0.000000,0.000000,0.000,0.000,Client
2026-04-08 14:01:43,1900-01-00 00:00:00,0960-wombat,B8:27:EB:FF:C8:F5,-51, WPA ,0.000000,0.000000,0.000,0.000,AP
2026-04-08 14:01:43,1900-01-00 00:00:00,0960-wombat,B8:27:EB:FF:C8:F5,-50, WPA ,0.000000,0.000000,0.000,0.000,AP
2026-04-08 14:01:43,1900-01-00 00:00:00,0960-wombat,B8:27:EB:FF:C8:F5,-51, WPA ,0.000000,0.000000,0.000,0.000,AP
2026-04-08 14:01:44,1900-01-00 00:00:00,,76:12:77:72:78:49,-40,,0.000000,0.000000,0.000,0.000,Client
2026-04-08 14:01:44,1900-01-00 00:00:00,0960-wombat,B8:27:EB:FF:C8:F5,-51, WPA ,0.000000,0.000000,0.000,0.000,AP
2026-04-08 14:01:44,1900-01-00 00:00:00,,76:12:77:72:78:49,-40,,0.000000,0.000000,0.000,0.000,Client
2026-04-08 14:01:44,1900-01-00 00:00:00,0960-wombat,B8:27:EB:FF:C8:F5,-51, WPA ,0.000000,0.000000,0.000,0.000,AP
2026-04-08 14:01:44,1900-01-00 00:00:00,,76:12:77:72:78:49,-40,,0.000000,0.000000,0.000,0.000,Client
2026-04-08 14:01:44,1900-01-00 00:00:00,0960-wombat,B8:27:EB:FF:C8:F5,-51, WPA ,0.000000,0.000000,0.000,0.000,AP
2026-04-08 14:01:44,1900-01-00 00:00:00,0960-wombat,B8:27:EB:FF:C8:F5,-51, WPA ,0.000000,0.000000,0.000,0.000,AP
2026-04-08 14:01:44,1900-01-00 00:00:00,,76:12:77:72:78:49,-40,,0.000000,0.000000,0.000,0.000,Client
2026-04-08 14:01:44,1900-01-00 00:00:00,0960-wombat,B8:27:EB:FF:C8:F5,-51, WPA ,0.000000,0.000000,0.000,0.000,AP
2026-04-08 14:01:44,1900-01-00 00:00:00,,76:12:77:72:78:49,-41,,0.000000,0.000000,0.000,0.000,Client
2026-04-08 14:01:44,1900-01-00 00:00:00,0960-wombat,B8:27:EB:FF:C8:F5,-51, WPA ,0.000000,0.000000,0.000,0.000,AP
2026-04-08 14:01:44,1900-01-00 00:00:00,,76:12:77:72:78:49,-40,,0.000000,0.000000,0.000,0.000,Client
2026-04-08 14:01:44,1900-01-00 00:00:00,,76:12:77:72:78:49,-41,,0.000000,0.000000,0.000,0.000,Client
2026-04-08 14:01:44,1900-01-00 00:00:00,,76:12:77:72:78:49,-41,,0.000000,0.000000,0.000,0.000,Client
2026-04-08 14:01:44,1900-01-00 00:00:00,0960-wombat,B8:27:EB:FF:C8:F5,-51, WPA ,0.000000,0.000000,0.000,0.000,AP
2026-04-08 14:01:44,1900-01-00 00:00:00,0960-wombat,B8:27:EB:FF:C8:F5,-52, WPA ,0.000000,0.000000,0.000,0.000,AP
2026-04-08 14:01:44,1900-01-00 00:00:00,,76:12:77:72:78:49,-41,,0.000000,0.000000,0.000,0.000,Client
2026-04-08 14:01:44,1900-01-00 00:00:00,0960-wombat,B8:27:EB:FF:C8:F5,-50, WPA ,0.000000,0.000000,0.000,0.000,AP
2026-04-08 14:01:44,1900-01-00 00:00:00,,76:12:77:72:78:49,-41,,0.000000,0.000000,0.000,0.000,Client
2026-04-08 14:01:44,1900-01-00 00:00:00,,76:12:77:72:78:49,-42,,0.000000,0.000000,0.000,0.000,Client
2026-04-08 14:01:44,1900-01-00 00:00:00,0960-wombat,B8:27:EB:FF:C8:F5,-53, WPA ,0.000000,0.000000,0.000,0.000,AP
2026-04-08 14:01:44,1900-01-00 00:00:00,0960-wombat,B8:27:EB:FF:C8:F5,-53, WPA ,0.000000,0.000000,0.000,0.000,AP
2026-04-08 14:01:44,1900-01-00 00:00:00,,76:12:77:72:78:49,-41,,0.000000,0.000000,0.000,0.000,Client
2026-04-08 14:01:44,1900-01-00 00:00:00,,76:12:77:72:78:49,-42,,0.000000,0.000000,0.000,0.000,Client
2026-04-08 14:01:44,1900-01-00 00:00:00,0960-wombat,B8:27:EB:FF:C8:F5,-52, WPA ,0.000000,0.000000,0.000,0.000,AP
2026-04-08 14:01:44,1900-01-00 00:00:00,0960-wombat,B8:27:EB:FF:C8:F5,-52, WPA ,0.000000,0.000000,0.000,0.000,AP
2026-04-08 14:01:44,1900-01-00 00:00:00,,76:12:77:72:78:49,-41,,0.000000,0.000000,0.000,0.000,Client
2026-04-08 14:01:44,1900-01-00 00:00:00,0960-wombat,B8:27:EB:FF:C8:F5,-51, WPA ,0.000000,0.000000,0.000,0.000,AP
2026-04-08 14:01:44,1900-01-00 00:00:00,0960-wombat,B8:27:EB:FF:C8:F5,-52, WPA ,0.000000,0.000000,0.000,0.000,AP
2026-04-08 14:01:44,1900-01-00 00:00:00,,76:12:77:72:78:49,-41,,0.000000,0.000000,0.000,0.000,Client
2026-04-08 14:01:44,1900-01-00 00:00:00,0960-wombat,B8:27:EB:FF:C8:F5,-50, WPA ,0.000000,0.000000,0.000,0.000,AP
2026-04-08 14:01:44,1900-01-00 00:00:00,,76:12:77:72:78:49,-42,,0.000000,0.000000,0.000,0.000,Client
2026-04-08 14:01:44,1900-01-00 00:00:00,,76:12:77:72:78:49,-41,,0.000000,0.000000,0.000,0.000,Client
2026-04-08 14:01:44,1900-01-00 00:00:00,0960-wombat,B8:27:EB:FF:C8:F5,-52, WPA ,0.000000,0.000000,0.000,0.000,AP
2026-04-08 14:01:44,1900-01-00 00:00:00,0960-wombat,B8:27:EB:FF:C8:F5,-52, WPA ,0.000000,0.000000,0.000,0.000,AP
2026-04-08 14:01:44,1900-01-00 00:00:00,,76:12:77:72:78:49,-41,,0.000000,0.000000,0.000,0.000,Client
2026-04-08 14:01:44,1900-01-00 00:00:00,0960-wombat,B8:27:EB:FF:C8:F5,-49, WPA ,0.000000,0.000000,0.000,0.000,AP
2026-04-08 14:01:44,1900-01-00 00:00:00,,76:12:77:72:78:49,-42,,0.000000,0.000000,0.000,0.000,Client
2026-04-08 14:01:44,1900-01-00 00:00:00,0960-wombat,B8:27:EB:FF:C8:F5,-53, WPA ,0.000000,0.000000,0.000,0.000,AP
2026-04-08 14:01:44,1900-01-00 00:00:00,0960-wombat,B8:27:EB:FF:C8:F5,-52, WPA ,0.000000,0.000000,0.000,0.000,AP
2026-04-08 14:01:44,1900-01-00 00:00:00,,76:12:77:72:78:49,-40,,0.000000,0.000000,0.000,0.000,Client
2026-04-08 14:01:44,1900-01-00 00:00:00,0960-wombat,B8:27:EB:FF:C8:F5,-51, WPA ,0.000000,0.000000,0.000,0.000,AP
2026-04-08 14:01:44,1900-01-00 00:00:00,0960-wombat,B8:27:EB:FF:C8:F5,-51, WPA ,0.000000,0.000000,0.000,0.000,AP
2026-04-08 14:01:44,1900-01-00 00:00:00,0960-wombat,B8:27:EB:FF:C8:F5,-52, WPA ,0.000000,0.000000,0.000,0.000,AP
2026-04-08 14:01:44,1900-01-00 00:00:00,0960-wombat,B8:27:EB:FF:C8:F5,-51, WPA ,0.000000,0.000000,0.000,0.000,AP
2026-04-08 14:01:44,1900-01-00 00:00:00,0960-wombat,B8:27:EB:FF:C8:F5,-52, WPA ,0.000000,0.000000,0.000,0.000,AP
2026-04-08 14:01:44,1900-01-00 00:00:00,,76:12:77:72:78:49,-40,,0.000000,0.000000,0.000,0.000,Client
2026-04-08 14:01:44,1900-01-00 00:00:00,0960-wombat,B8:27:EB:FF:C8:F5,-51, WPA ,0.000000,0.000000,0.000,0.000,AP
2026-04-08 14:01:44,1900-01-00 00:00:00,,76:12:77:72:78:49,-41,,0.000000,0.000000,0.000,0.000,Client
2026-04-08 14:01:44,1900-01-00 00:00:00,0960-wombat,B8:27:EB:FF:C8:F5,-52, WPA ,0.000000,0.000000,0.000,0.000,AP
2026-04-08 14:01:44,1900-01-00 00:00:00,0960-wombat,B8:27:EB:FF:C8:F5,-51, WPA ,0.000000,0.000000,0.000,0.000,AP
2026-04-08 14:01:44,1900-01-00 00:00:00,0960-wombat,B8:27:EB:FF:C8:F5,-51, WPA ,0.000000,0.000000,0.000,0.000,AP
2026-04-08 14:01:44,1900-01-00 00:00:00,,76:12:77:72:78:49,-40,,0.000000,0.000000,0.000,0.000,Client
2026-04-08 14:01:44,1900-01-00 00:00:00,0960-wombat,B8:27:EB:FF:C8:F5,-52, WPA ,0.000000,0.000000,0.000,0.000,AP
2026-04-08 14:01:44,1900-01-00 00:00:00,0960-wombat,B8:27:EB:FF:C8:F5,-52, WPA ,0.000000,0.000000,0.000,0.000,AP
2026-04-08 14:01:44,1900-01-00 00:00:00,,76:12:77:72:78:49,-41,,0.000000,0.000000,0.000,0.000,Client
2026-04-08 14:01:44,1900-01-00 00:00:00,0960-wombat,B8:27:EB:FF:C8:F5,-51, WPA ,0.000000,0.000000,0.000,0.000,AP
2026-04-08 14:01:44,1900-01-00 00:00:00,0960-wombat,B8:27:EB:FF:C8:F5,-51, WPA ,0.000000,0.000000,0.000,0.000,AP
2026-04-08 14:01:44,1900-01-00 00:00:00,,76:12:77:72:78:49,-40,,0.000000,0.000000,0.000,0.000,Client
2026-04-08 14:01:44,1900-01-00 00:00:00,,76:12:77:72:78:49,-40,,0.000000,0.000000,0.000,0.000,Client
2026-04-08 14:01:44,1900-01-00 00:00:00,0960-wombat,B8:27:EB:FF:C8:F5,-51, WPA ,0.000000,0.000000,0.000,0.000,AP
2026-04-08 14:01:44,1900-01-00 00:00:00,,76:12:77:72:78:49,-40,,0.000000,0.000000,0.000,0.000,Client
2026-04-08 14:01:44,1900-01-00 00:00:00,0960-wombat,B8:27:EB:FF:C8:F5,-51, WPA ,0.000000,0.000000,0.000,0.000,AP
2026-04-08 14:01:44,1900-01-00 00:00:00,,76:12:77:72:78:49,-40,,0.000000,0.000000,0.000,0.000,Client
2026-04-08 14:01:44,1900-01-00 00:00:00,,76:12:77:72:78:49,-42,,0.000000,0.000000,0.000,0.000,Client
2026-04-08 14:01:44,1900-01-00 00:00:00,0960-wombat,B8:27:EB:FF:C8:F5,-51, WPA ,0.000000,0.000000,0.000,0.000,AP
2026-04-08 14:01:44,1900-01-00 00:00:00,,76:12:77:72:78:49,-41,,0.000000,0.000000,0.000,0.000,Client
2026-04-08 14:01:44,1900-01-00 00:00:00,0960-wombat,B8:27:EB:FF:C8:F5,-51, WPA ,0.000000,0.000000,0.000,0.000,AP
2026-04-08 14:01:44,1900-01-00 00:00:00,,76:12:77:72:78:49,-41,,0.000000,0.000000,0.000,0.000,Client
2026-04-08 14:01:44,1900-01-00 00:00:00,0960-wombat,B8:27:EB:FF:C8:F5,-49, WPA ,0.000000,0.000000,0.000,0.000,AP
2026-04-08 14:01:44,1900-01-00 00:00:00,0960-wombat,B8:27:EB:FF:C8:F5,-51, WPA ,0.000000,0.000000,0.000,0.000,AP
2026-04-08 14:01:44,1900-01-00 00:00:00,,76:12:77:72:78:49,-40,,0.000000,0.000000,0.000,0.000,Client
2026-04-08 14:01:44,1900-01-00 00:00:00,0960-wombat,B8:27:EB:FF:C8:F5,-52, WPA ,0.000000,0.000000,0.000,0.000,AP
2026-04-08 14:01:44,1900-01-00 00:00:00,,76:12:77:72:78:49,-40,,0.000000,0.000000,0.000,0.000,Client
2026-04-08 14:01:44,1900-01-00 00:00:00,0960-wombat,B8:27:EB:FF:C8:F5,-51, WPA ,0.000000,0.000000,0.000,0.000,AP
2026-04-08 14:01:44,1900-01-00 00:00:00,,76:12:77:72:78:49,-40,,0.000000,0.000000,0.000,0.000,Client
2026-04-08 14:01:44,1900-01-00 00:00:00,0960-wombat,B8:27:EB:FF:C8:F5,-51, WPA ,0.000000,0.000000,0.000,0.000,AP
2026-04-08 14:01:44,1900-01-00 00:00:00,0960-wombat,B8:27:EB:FF:C8:F5,-50, WPA ,0.000000,0.000000,0.000,0.000,AP
2026-04-08 14:01:44,1900-01-00 00:00:00,,76:12:77:72:78:49,-40,,0.000000,0.000000,0.000,0.000,Client
2026-04-08 14:01:44,1900-01-00 00:00:00,0960-wombat,B8:27:EB:FF:C8:F5,-51, WPA ,0.000000,0.000000,0.000,0.000,AP
2026-04-08 14:01:44,1900-01-00 00:00:00,,76:12:77:72:78:49,-40,,0.000000,0.000000,0.000,0.000,Client
2026-04-08 14:01:44,1900-01-00 00:00:00,0960-wombat,B8:27:EB:FF:C8:F5,-51, WPA ,0.000000,0.000000,0.000,0.000,AP
2026-04-08 14:01:44,1900-01-00 00:00:00,,76:12:77:72:78:49,-40,,0.000000,0.000000,0.000,0.000,Client
2026-04-08 14:01:44,1900-01-00 00:00:00,,76:12:77:72:78:49,-42,,0.000000,0.000000,0.000,0.000,Client
2026-04-08 14:01:44,1900-01-00 00:00:00,0960-wombat,B8:27:EB:FF:C8:F5,-51, WPA ,0.000000,0.000000,0.000,0.000,AP
2026-04-08 14:01:44,1900-01-00 00:00:00,,76:12:77:72:78:49,-41,,0.000000,0.000000,0.000,0.000,Client
2026-04-08 14:01:44,1900-01-00 00:00:00,0960-wombat,B8:27:EB:FF:C8:F5,-51, WPA ,0.000000,0.000000,0.000,0.000,AP
2026-04-08 14:01:44,1900-01-00 00:00:00,,76:12:77:72:78:49,-42,,0.000000,0.000000,0.000,0.000,Client
2026-04-08 14:01:44,1900-01-00 00:00:00,0960-wombat,B8:27:EB:FF:C8:F5,-49, WPA ,0.000000,0.000000,0.000,0.000,AP
2026-04-08 14:01:44,1900-01-00 00:00:00,,76:12:77:72:78:49,-42,,0.000000,0.000000,0.000,0.000,Client
2026-04-08 14:01:44,1900-01-00 00:00:00,0960-wombat,B8:27:EB:FF:C8:F5,-52, WPA ,0.000000,0.000000,0.000,0.000,AP
2026-04-08 14:01:44,1900-01-00 00:00:00,0960-wombat,B8:27:EB:FF:C8:F5,-52, WPA ,0.000000,0.000000,0.000,0.000,AP
2026-04-08 14:01:44,1900-01-00 00:00:00,,76:12:77:72:78:49,-42,,0.000000,0.000000,0.000,0.000,Client
2026-04-08 14:01:44,1900-01-00 00:00:00,0960-wombat,B8:27:EB:FF:C8:F5,-51, WPA ,0.000000,0.000000,0.000,0.000,AP
2026-04-08 14:01:44,1900-01-00 00:00:00,,76:12:77:72:78:49,-42,,0.000000,0.000000,0.000,0.000,Client
2026-04-08 14:01:44,1900-01-00 00:00:00,0960-wombat,B8:27:EB:FF:C8:F5,-51, WPA ,0.000000,0.000000,0.000,0.000,AP
2026-04-08 14:01:44,1900-01-00 00:00:00,,76:12:77:72:78:49,-42,,0.000000,0.000000,0.000,0.000,Client
2026-04-08 14:01:44,1900-01-00 00:00:00,0960-wombat,B8:27:EB:FF:C8:F5,-51, WPA ,0.000000,0.000000,0.000,0.000,AP
2026-04-08 14:01:44,1900-01-00 00:00:00,,76:12:77:72:78:49,-42,,0.000000,0.000000,0.000,0.000,Client
2026-04-08 14:01:44,1900-01-00 00:00:00,0960-wombat,B8:27:EB:FF:C8:F5,-51, WPA ,0.000000,0.000000,0.000,0.000,AP
2026-04-08 14:01:44,1900-01-00 00:00:00,,76:12:77:72:78:49,-42,,0.000000,0.000000,0.000,0.000,Client
2026-04-08 14:01:44,1900-01-00 00:00:00,,76:12:77:72:78:49,-42,,0.000000,0.000000,0.000,0.000,Client
2026-04-08 14:01:44,1900-01-00 00:00:00,0960-wombat,B8:27:EB:FF:C8:F5,-51, WPA ,0.000000,0.000000,0.000,0.000,AP
2026-04-08 14:01:44,1900-01-00 00:00:00,,76:12:77:72:78:49,-41,,0.000000,0.000000,0.000,0.000,Client
2026-04-08 14:01:44,1900-01-00 00:00:00,,76:12:77:72:78:49,-41,,0.000000,0.000000,0.000,0.000,Client
2026-04-08 14:01:44,1900-01-00 00:00:00,0960-wombat,B8:27:EB:FF:C8:F5,-51, WPA ,0.000000,0.000000,0.000,0.000,AP
2026-04-08 14:01:44,1900-01-00 00:00:00,,76:12:77:72:78:49,-42,,0.000000,0.000000,0.000,0.000,Client
2026-04-08 14:01:44,1900-01-00 00:00:00,0960-wombat,B8:27:EB:FF:C8:F5,-51, WPA ,0.000000,0.000000,0.000,0.000,AP
2026-04-08 14:01:44,1900-01-00 00:00:00,0960-wombat,B8:27:EB:FF:C8:F5,-51, WPA ,0.000000,0.000000,0.000,0.000,AP
2026-04-08 14:01:44,1900-01-00 00:00:00,0960-wombat,B8:27:EB:FF:C8:F5,-51, WPA ,0.000000,0.000000,0.000,0.000,AP
2026-04-08 14:01:44,1900-01-00 00:00:00,,76:12:77:72:78:49,-40,,0.000000,0.000000,0.000,0.000,Client
2026-04-08 14:01:44,1900-01-00 00:00:00,,76:12:77:72:78:49,-41,,0.000000,0.000000,0.000,0.000,Client
2026-04-08 14:01:44,1900-01-00 00:00:00,0960-wombat,B8:27:EB:FF:C8:F5,-50, WPA ,0.000000,0.000000,0.000,0.000,AP
2026-04-08 14:01:44,1900-01-00 00:00:00,0960-wombat,B8:27:EB:FF:C8:F5,-49, WPA ,0.000000,0.000000,0.000,0.000,AP
2026-04-08 14:01:44,1900-01-00 00:00:00,0960-wombat,B8:27:EB:FF:C8:F5,-50, WPA ,0.000000,0.000000,0.000,0.000,AP
2026-04-08 14:01:44,1900-01-00 00:00:00,,76:12:77:72:78:49,-43,,0.000000,0.000000,0.000,0.000,Client
2026-04-08 14:01:44,1900-01-00 00:00:00,0960-wombat,B8:27:EB:FF:C8:F5,-50, WPA ,0.000000,0.000000,0.000,0.000,AP
2026-04-08 14:01:45,1900-01-00 00:00:00,0960-wombat,B8:27:EB:FF:C8:F5,-50, WPA ,0.000000,0.000000,0.000,0.000,AP
2026-04-08 14:01:45,1900-01-00 00:00:00,,76:12:77:72:78:49,-40,,0.000000,0.000000,0.000,0.000,Client
2026-04-08 14:01:45,1900-01-00 00:00:00,0960-wombat,B8:27:EB:FF:C8:F5,-50, WPA ,0.000000,0.000000,0.000,0.000,AP
2026-04-08 14:01:45,1900-01-00 00:00:00,,76:12:77:72:78:49,-41,,0.000000,0.000000,0.000,0.000,Client
2026-04-08 14:01:45,1900-01-00 00:00:00,0960-wombat,B8:27:EB:FF:C8:F5,-50, WPA ,0.000000,0.000000,0.000,0.000,AP
2026-04-08 14:01:45,1900-01-00 00:00:00,,76:12:77:72:78:49,-41,,0.000000,0.000000,0.000,0.000,Client
2026-04-08 14:01:45,1900-01-00 00:00:00,0960-wombat,B8:27:EB:FF:C8:F5,-50, WPA ,0.000000,0.000000,0.000,0.000,AP
2026-04-08 14:01:45,1900-01-00 00:00:00,0960-wombat,B8:27:EB:FF:C8:F5,-50, WPA ,0.000000,0.000000,0.000,0.000,AP
2026-04-08 14:01:45,1900-01-00 00:00:00,,76:12:77:72:78:49,-40,,0.000000,0.000000,0.000,0.000,Client
2026-04-08 14:01:45,1900-01-00 00:00:00,0960-wombat,B8:27:EB:FF:C8:F5,-50, WPA ,0.000000,0.000000,0.000,0.000,AP
2026-04-08 14:01:45,1900-01-00 00:00:00,,76:12:77:72:78:49,-41,,0.000000,0.000000,0.000,0.000,Client
2026-04-08 14:01:45,1900-01-00 00:00:00,0960-wombat,B8:27:EB:FF:C8:F5,-50, WPA ,0.000000,0.000000,0.000,0.000,AP
2026-04-08 14:01:45,1900-01-00 00:00:00,0960-wombat,B8:27:EB:FF:C8:F5,-50, WPA ,0.000000,0.000000,0.000,0.000,AP
2026-04-08 14:01:45,1900-01-00 00:00:00,0960-wombat,B8:27:EB:FF:C8:F5,-50, WPA ,0.000000,0.000000,0.000,0.000,AP
2026-04-08 14:01:45,1900-01-00 00:00:00,,76:12:77:72:78:49,-40,,0.000000,0.000000,0.000,0.000,Client
2026-04-08 14:01:45,1900-01-00 00:00:00,0960-wombat,B8:27:EB:FF:C8:F5,-50, WPA ,0.000000,0.000000,0.000,0.000,AP
2026-04-08 14:01:45,1900-01-00 00:00:00,0960-wombat,B8:27:EB:FF:C8:F5,-50, WPA ,0.000000,0.000000,0.000,0.000,AP
2026-04-08 14:01:45,1900-01-00 00:00:00,,76:12:77:72:78:49,-41,,0.000000,0.000000,0.000,0.000,Client
2026-04-08 14:01:45,1900-01-00 00:00:00,0960-wombat,B8:27:EB:FF:C8:F5,-50, WPA ,0.000000,0.000000,0.000,0.000,AP
2026-04-08 14:01:45,1900-01-00 00:00:00,,76:12:77:72:78:49,-40,,0.000000,0.000000,0.000,0.000,Client
2026-04-08 14:01:45,1900-01-00 00:00:00,,76:12:77:72:78:49,-42,,0.000000,0.000000,0.000,0.000,Client
2026-04-08 14:01:45,1900-01-00 00:00:00,0960-wombat,B8:27:EB:FF:C8:F5,-50, WPA ,0.000000,0.000000,0.000,0.000,AP
2026-04-08 14:01:45,1900-01-00 00:00:00,,76:12:77:72:78:49,-42,,0.000000,0.000000,0.000,0.000,Client
2026-04-08 14:01:45,1900-01-00 00:00:00,0960-wombat,B8:27:EB:FF:C8:F5,-50, WPA ,0.000000,0.000000,0.000,0.000,AP
2026-04-08 14:01:45,1900-01-00 00:00:00,,76:12:77:72:78:49,-42,,0.000000,0.000000,0.000,0.000,Client
2026-04-08 14:01:45,1900-01-00 00:00:00,0960-wombat,B8:27:EB:FF:C8:F5,-50, WPA ,0.000000,0.000000,0.000,0.000,AP
2026-04-08 14:01:45,1900-01-00 00:00:00,,76:12:77:72:78:49,-41,,0.000000,0.000000,0.000,0.000,Client
2026-04-08 14:01:45,1900-01-00 00:00:00,,76:12:77:72:78:49,-41,,0.000000,0.000000,0.000,0.000,Client
2026-04-08 14:01:45,1900-01-00 00:00:00,0960-wombat,B8:27:EB:FF:C8:F5,-50, WPA ,0.000000,0.000000,0.000,0.000,AP
2026-04-08 14:01:45,1900-01-00 00:00:00,0960-wombat,B8:27:EB:FF:C8:F5,-51, WPA ,0.000000,0.000000,0.000,0.000,AP
2026-04-08 14:01:45,1900-01-00 00:00:00,,76:12:77:72:78:49,-42,,0.000000,0.000000,0.000,0.000,Client
2026-04-08 14:01:45,1900-01-00 00:00:00,,76:12:77:72:78:49,-42,,0.000000,0.000000,0.000,0.000,Client
2026-04-08 14:01:45,1900-01-00 00:00:00,0960-wombat,B8:27:EB:FF:C8:F5,-51, WPA ,0.000000,0.000000,0.000,0.000,AP
2026-04-08 14:01:45,1900-01-00 00:00:00,,76:12:77:72:78:49,-42,,0.000000,0.000000,0.000,0.000,Client
2026-04-08 14:01:45,1900-01-00 00:00:00,,76:12:77:72:78:49,-42,,0.000000,0.000000,0.000,0.000,Client
2026-04-08 14:01:45,1900-01-00 00:00:00,0960-wombat,B8:27:EB:FF:C8:F5,-48, WPA ,0.000000,0.000000,0.000,0.000,AP
2026-04-08 14:01:45,1900-01-00 00:00:00,0960-wombat,B8:27:EB:FF:C8:F5,-51, WPA ,0.000000,0.000000,0.000,0.000,AP
2026-04-08 14:01:45,1900-01-00 00:00:00,0960-wombat,B8:27:EB:FF:C8:F5,-51, WPA ,0.000000,0.000000,0.000,0.000,AP
2026-04-08 14:01:45,1900-01-00 00:00:00,,76:12:77:72:78:49,-41,,0.000000,0.000000,0.000,0.000,Client
2026-04-08 14:01:45,1900-01-00 00:00:00,,76:12:77:72:78:49,-41,,0.000000,0.000000,0.000,0.000,Client
2026-04-08 14:01:45,1900-01-00 00:00:00,,76:12:77:72:78:49,-41,,0.000000,0.000000,0.000,0.000,Client
2026-04-08 14:01:45,1900-01-00 00:00:00,,76:12:77:72:78:49,-41,,0.000000,0.000000,0.000,0.000,Client
2026-04-08 14:01:45,1900-01-00 00:00:00,0960-wombat,B8:27:EB:FF:C8:F5,-51, WPA ,0.000000,0.000000,0.000,0.000,AP
2026-04-08 14:01:45,1900-01-00 00:00:00,,76:12:77:72:78:49,-42,,0.000000,0.000000,0.000,0.000,Client
2026-04-08 14:01:45,1900-01-00 00:00:00,,76:12:77:72:78:49,-42,,0.000000,0.000000,0.000,0.000,Client
2026-04-08 14:01:45,1900-01-00 00:00:00,0960-wombat,B8:27:EB:FF:C8:F5,-48, WPA ,0.000000,0.000000,0.000,0.000,AP
2026-04-08 14:01:45,1900-01-00 00:00:00,0960-wombat,B8:27:EB:FF:C8:F5,-51, WPA ,0.000000,0.000000,0.000,0.000,AP
2026-04-08 14:01:45,1900-01-00 00:00:00,0960-wombat,B8:27:EB:FF:C8:F5,-51, WPA ,0.000000,0.000000,0.000,0.000,AP
2026-04-08 14:01:45,1900-01-00 00:00:00,,76:12:77:72:78:49,-40,,0.000000,0.000000,0.000,0.000,Client
2026-04-08 14:01:45,1900-01-00 00:00:00,,76:12:77:72:78:49,-41,,0.000000,0.000000,0.000,0.000,Client
2026-04-08 14:01:45,1900-01-00 00:00:00,,76:12:77:72:78:49,-43,,0.000000,0.000000,0.000,0.000,Client
2026-04-08 14:01:45,1900-01-00 00:00:00,0960-wombat,B8:27:EB:FF:C8:F5,-47, WPA ,0.000000,0.000000,0.000,0.000,AP
2026-04-08 14:01:45,1900-01-00 00:00:00,,76:12:77:72:78:49,-42,,0.000000,0.000000,0.000,0.000,Client
2026-04-08 14:01:45,1900-01-00 00:00:00,0960-wombat,B8:27:EB:FF:C8:F5,-48, WPA ,0.000000,0.000000,0.000,0.000,AP
2026-04-08 14:01:45,1900-01-00 00:00:00,0960-wombat,B8:27:EB:FF:C8:F5,-53, WPA ,0.000000,0.000000,0.000,0.000,AP
2026-04-08 14:01:45,1900-01-00 00:00:00,0960-wombat,B8:27:EB:FF:C8:F5,-51, WPA ,0.000000,0.000000,0.000,0.000,AP
2026-04-08 14:01:45,1900-01-00 00:00:00,0960-wombat,B8:27:EB:FF:C8:F5,-51, WPA ,0.000000,0.000000,0.000,0.000,AP
2026-04-08 14:01:45,1900-01-00 00:00:00,0960-wombat,B8:27:EB:FF:C8:F5,-51, WPA ,0.000000,0.000000,0.000,0.000,AP
2026-04-08 14:01:45,1900-01-00 00:00:00,0960-wombat,B8:27:EB:FF:C8:F5,-51, WPA ,0.000000,0.000000,0.000,0.000,AP
2026-04-08 14:01:45,1900-01-00 00:00:00,0960-wombat,B8:27:EB:FF:C8:F5,-51, WPA ,0.000000,0.000000,0.000,0.000,AP
2026-04-08 14:01:45,1900-01-00 00:00:00,0960-wombat,B8:27:EB:FF:C8:F5,-51, WPA ,0.000000,0.000000,0.000,0.000,AP
2026-04-08 14:01:45,1900-01-00 00:00:00,0960-wombat,B8:27:EB:FF:C8:F5,-51, WPA ,0.000000,0.000000,0.000,0.000,AP
2026-04-08 14:01:45,1900-01-00 00:00:00,0960-wombat,B8:27:EB:FF:C8:F5,-51, WPA ,0.000000,0.000000,0.000,0.000,AP
2026-04-08 14:01:45,1900-01-00 00:00:00,,76:12:77:72:78:49,-41,,0.000000,0.000000,0.000,0.000,Client
2026-04-08 14:01:45,1900-01-00 00:00:00,0960-wombat,B8:27:EB:FF:C8:F5,-50, WPA ,0.000000,0.000000,0.000,0.000,AP
2026-04-08 14:01:45,1900-01-00 00:00:00,,76:12:77:72:78:49,-40,,0.000000,0.000000,0.000,0.000,Client
2026-04-08 14:01:45,1900-01-00 00:00:00,0960-wombat,B8:27:EB:FF:C8:F5,-51, WPA ,0.000000,0.000000,0.000,0.000,AP
2026-04-08 14:01:45,1900-01-00 00:00:00,,76:12:77:72:78:49,-41,,0.000000,0.000000,0.000,0.000,Client
2026-04-08 14:01:45,1900-01-00 00:00:00,0960-wombat,B8:27:EB:FF:C8:F5,-51, WPA ,0.000000,0.000000,0.000,0.000,AP
2026-04-08 14:01:45,1900-01-00 00:00:00,0960-wombat,B8:27:EB:FF:C8:F5,-51, WPA ,0.000000,0.000000,0.000,0.000,AP
2026-04-08 14:01:45,1900-01-00 00:00:00,,76:12:77:72:78:49,-41,,0.000000,0.000000,0.000,0.000,Client
2026-04-08 14:01:45,1900-01-00 00:00:00,0960-wombat,B8:27:EB:FF:C8:F5,-51, WPA ,0.000000,0.000000,0.000,0.000,AP
2026-04-08 14:01:45,1900-01-00 00:00:00,,76:12:77:72:78:49,-41,,0.000000,0.000000,0.000,0.000,Client
2026-04-08 14:01:45,1900-01-00 00:00:00,,76:12:77:72:78:49,-42,,0.000000,0.000000,0.000,0.000,Client
2026-04-08 14:01:45,1900-01-00 00:00:00,0960-wombat,B8:27:EB:FF:C8:F5,-51, WPA ,0.000000,0.000000,0.000,0.000,AP
2026-04-08 14:01:45,1900-01-00 00:00:00,,76:12:77:72:78:49,-42,,0.000000,0.000000,0.000,0.000,Client
2026-04-08 14:01:45,1900-01-00 00:00:00,0960-wombat,B8:27:EB:FF:C8:F5,-51, WPA ,0.000000,0.000000,0.000,0.000,AP
2026-04-08 14:01:45,1900-01-00 00:00:00,,76:12:77:72:78:49,-42,,0.000000,0.000000,0.000,0.000,Client
2026-04-08 14:01:45,1900-01-00 00:00:00,,76:12:77:72:78:49,-41,,0.000000,0.000000,0.000,0.000,Client
2026-04-08 14:01:45,1900-01-00 00:00:00,0960-wombat,B8:27:EB:FF:C8:F5,-50, WPA ,0.000000,0.000000,0.000,0.000,AP
2026-04-08 14:01:45,1900-01-00 00:00:00,0960-wombat,B8:27:EB:FF:C8:F5,-50, WPA ,0.000000,0.000000,0.000,0.000,AP
2026-04-08 14:01:45,1900-01-00 00:00:00,,76:12:77:72:78:49,-41,,0.000000,0.000000,0.000,0.000,Client
2026-04-08 14:01:45,1900-01-00 00:00:00,0960-wombat,B8:27:EB:FF:C8:F5,-48, WPA ,0.000000,0.000000,0.000,0.000,AP
2026-04-08 14:01:45,1900-01-00 00:00:00,,76:12:77:72:78:49,-42,,0.000000,0.000000,0.000,0.000,Client
2026-04-08 14:01:45,1900-01-00 00:00:00,,76:12:77:72:78:49,-41,,0.000000,0.000000,0.000,0.000,Client
2026-04-08 14:01:45,1900-01-00 00:00:00,0960-wombat,B8:27:EB:FF:C8:F5,-51, WPA ,0.000000,0.000000,0.000,0.000,AP
2026-04-08 14:01:45,1900-01-00 00:00:00,,76:12:77:72:78:49,-41,,0.000000,0.000000,0.000,0.000,Client
2026-04-08 14:01:45,1900-01-00 00:00:00,0960-wombat,B8:27:EB:FF:C8:F5,-51, WPA ,0.000000,0.000000,0.000,0.000,AP
2026-04-08 14:01:45,1900-01-00 00:00:00,0960-wombat,B8:27:EB:FF:C8:F5,-50, WPA ,0.000000,0.000000,0.000,0.000,AP
2026-04-08 14:01:45,1900-01-00 00:00:00,0960-wombat,B8:27:EB:FF:C8:F5,-49, WPA ,0.000000,0.000000,0.000,0.000,AP
2026-04-08 14:01:45,1900-01-00 00:00:00,,76:12:77:72:78:49,-41,,0.000000,0.000000,0.000,0.000,Client
2026-04-08 14:01:45,1900-01-00 00:00:00,0960-wombat,B8:27:EB:FF:C8:F5,-49, WPA ,0.000000,0.000000,0.000,0.000,AP
2026-04-08 14:01:45,1900-01-00 00:00:00,,76:12:77:72:78:49,-40,,0.000000,0.000000,0.000,0.000,Client
2026-04-08 14:01:45,1900-01-00 00:00:00,0960-wombat,B8:27:EB:FF:C8:F5,-50, WPA ,0.000000,0.000000,0.000,0.000,AP
2026-04-08 14:01:45,1900-01-00 00:00:00,,76:12:77:72:78:49,-41,,0.000000,0.000000,0.000,0.000,Client
2026-04-08 14:01:45,1900-01-00 00:00:00,0960-wombat,B8:27:EB:FF:C8:F5,-50, WPA ,0.000000,0.000000,0.000,0.000,AP
2026-04-08 14:01:45,1900-01-00 00:00:00,,76:12:77:72:78:49,-41,,0.000000,0.000000,0.000,0.000,Client
2026-04-08 14:01:46,1900-01-00 00:00:00,0960-wombat,B8:27:EB:FF:C8:F5,-50, WPA ,0.000000,0.000000,0.000,0.000,AP
2026-04-08 14:01:46,1900-01-00 00:00:00,,76:12:77:72:78:49,-41,,0.000000,0.000000,0.000,0.000,Client
2026-04-08 14:01:46,1900-01-00 00:00:00,0960-wombat,B8:27:EB:FF:C8:F5,-50, WPA ,0.000000,0.000000,0.000,0.000,AP
2026-04-08 14:01:46,1900-01-00 00:00:00,,76:12:77:72:78:49,-41,,0.000000,0.000000,0.000,0.000,Client
2026-04-08 14:01:46,1900-01-00 00:00:00,0960-wombat,B8:27:EB:FF:C8:F5,-50, WPA ,0.000000,0.000000,0.000,0.000,AP
2026-04-08 14:01:46,1900-01-00 00:00:00,,76:12:77:72:78:49,-41,,0.000000,0.000000,0.000,0.000,Client
2026-04-08 14:01:46,1900-01-00 00:00:00,,76:12:77:72:78:49,-42,,0.000000,0.000000,0.000,0.000,Client
2026-04-08 14:01:46,1900-01-00 00:00:00,,76:12:77:72:78:49,-42,,0.000000,0.000000,0.000,0.000,Client
2026-04-08 14:01:46,1900-01-00 00:00:00,0960-wombat,B8:27:EB:FF:C8:F5,-47, WPA ,0.000000,0.000000,0.000,0.000,AP
2026-04-08 14:01:46,1900-01-00 00:00:00,0960-wombat,B8:27:EB:FF:C8:F5,-51, WPA ,0.000000,0.000000,0.000,0.000,AP
2026-04-08 14:01:46,1900-01-00 00:00:00,,76:12:77:72:78:49,-41,,0.000000,0.000000,0.000,0.000,Client
2026-04-08 14:01:46,1900-01-00 00:00:00,0960-wombat,B8:27:EB:FF:C8:F5,-48, WPA ,0.000000,0.000000,0.000,0.000,AP
2026-04-08 14:01:46,1900-01-00 00:00:00,0960-wombat,B8:27:EB:FF:C8:F5,-51, WPA ,0.000000,0.000000,0.000,0.000,AP
2026-04-08 14:01:46,1900-01-00 00:00:00,,76:12:77:72:78:49,-42,,0.000000,0.000000,0.000,0.000,Client
2026-04-08 14:01:46,1900-01-00 00:00:00,,76:12:77:72:78:49,-42,,0.000000,0.000000,0.000,0.000,Client
2026-04-08 14:01:46,1900-01-00 00:00:00,0960-wombat,B8:27:EB:FF:C8:F5,-51, WPA ,0.000000,0.000000,0.000,0.000,AP
2026-04-08 14:01:46,1900-01-00 00:00:00,,76:12:77:72:78:49,-41,,0.000000,0.000000,0.000,0.000,Client
2026-04-08 14:01:46,1900-01-00 00:00:00,,76:12:77:72:78:49,-42,,0.000000,0.000000,0.000,0.000,Client
2026-04-08 14:01:46,1900-01-00 00:00:00,,76:12:77:72:78:49,-42,,0.000000,0.000000,0.000,0.000,Client
2026-04-08 14:01:46,1900-01-00 00:00:00,,76:12:77:72:78:49,-41,,0.000000,0.000000,0.000,0.000,Client
2026-04-08 14:01:46,1900-01-00 00:00:00,0960-wombat,B8:27:EB:FF:C8:F5,-51, WPA ,0.000000,0.000000,0.000,0.000,AP
2026-04-08 14:01:46,1900-01-00 00:00:00,,76:12:77:72:78:49,-41,,0.000000,0.000000,0.000,0.000,Client
2026-04-08 14:01:46,1900-01-00 00:00:00,0960-wombat,B8:27:EB:FF:C8:F5,-50, WPA ,0.000000,0.000000,0.000,0.000,AP
2026-04-08 14:01:46,1900-01-00 00:00:00,,76:12:77:72:78:49,-42,,0.000000,0.000000,0.000,0.000,Client
2026-04-08 14:01:46,1900-01-00 00:00:00,0960-wombat,B8:27:EB:FF:C8:F5,-50, WPA ,0.000000,0.000000,0.000,0.000,AP
2026-04-08 14:01:46,1900-01-00 00:00:00,0960-wombat,B8:27:EB:FF:C8:F5,-50, WPA ,0.000000,0.000000,0.000,0.000,AP
2026-04-08 14:01:46,1900-01-00 00:00:00,,76:12:77:72:78:49,-42,,0.000000,0.000000,0.000,0.000,Client
2026-04-08 14:01:46,1900-01-00 00:00:00,,76:12:77:72:78:49,-42,,0.000000,0.000000,0.000,0.000,Client
2026-04-08 14:01:46,1900-01-00 00:00:00,0960-wombat,B8:27:EB:FF:C8:F5,-47, WPA ,0.000000,0.000000,0.000,0.000,AP
2026-04-08 14:01:46,1900-01-00 00:00:00,0960-wombat,B8:27:EB:FF:C8:F5,-50, WPA ,0.000000,0.000000,0.000,0.000,AP
2026-04-08 14:01:46,1900-01-00 00:00:00,0960-wombat,B8:27:EB:FF:C8:F5,-50, WPA ,0.000000,0.000000,0.000,0.000,AP
2026-04-08 14:01:46,1900-01-00 00:00:00,,76:12:77:72:78:49,-41,,0.000000,0.000000,0.000,0.000,Client
2026-04-08 14:01:46,1900-01-00 00:00:00,0960-wombat,B8:27:EB:FF:C8:F5,-49, WPA ,0.000000,0.000000,0.000,0.000,AP
2026-04-08 14:01:46,1900-01-00 00:00:00,,76:12:77:72:78:49,-41,,0.000000,0.000000,0.000,0.000,Client
2026-04-08 14:01:46,1900-01-00 00:00:00,0960-wombat,B8:27:EB:FF:C8:F5,-49, WPA ,0.000000,0.000000,0.000,0.000,AP
2026-04-08 14:01:46,1900-01-00 00:00:00,,76:12:77:72:78:49,-41,,0.000000,0.000000,0.000,0.000,Client
2026-04-08 14:01:46,1900-01-00 00:00:00,0960-wombat,B8:27:EB:FF:C8:F5,-50, WPA ,0.000000,0.000000,0.000,0.000,AP
2026-04-08 14:01:46,1900-01-00 00:00:00,0960-wombat,B8:27:EB:FF:C8:F5,-50, WPA ,0.000000,0.000000,0.000,0.000,AP
2026-04-08 14:01:46,1900-01-00 00:00:00,0960-wombat,B8:27:EB:FF:C8:F5,-50, WPA ,0.000000,0.000000,0.000,0.000,AP
2026-04-08 14:01:46,1900-01-00 00:00:00,0960-wombat,B8:27:EB:FF:C8:F5,-50, WPA ,0.000000,0.000000,0.000,0.000,AP
2026-04-08 14:01:46,1900-01-00 00:00:00,0960-wombat,B8:27:EB:FF:C8:F5,-49, WPA ,0.000000,0.000000,0.000,0.000,AP
2026-04-08 14:01:46,1900-01-00 00:00:00,,76:12:77:72:78:49,-41,,0.000000,0.000000,0.000,0.000,Client
2026-04-08 14:01:46,1900-01-00 00:00:00,0960-wombat,B8:27:EB:FF:C8:F5,-49, WPA ,0.000000,0.000000,0.000,0.000,AP
2026-04-08 14:01:46,1900-01-00 00:00:00,0960-wombat,B8:27:EB:FF:C8:F5,-49, WPA ,0.000000,0.000000,0.000,0.000,AP
2026-04-08 14:01:46,1900-01-00 00:00:00,,76:12:77:72:78:49,-41,,0.000000,0.000000,0.000,0.000,Client
2026-04-08 14:01:46,1900-01-00 00:00:00,0960-wombat,B8:27:EB:FF:C8:F5,-50, WPA ,0.000000,0.000000,0.000,0.000,AP
2026-04-08 14:01:46,1900-01-00 00:00:00,,76:12:77:72:78:49,-41,,0.000000,0.000000,0.000,0.000,Client
2026-04-08 14:01:46,1900-01-00 00:00:00,0960-wombat,B8:27:EB:FF:C8:F5,-50, WPA ,0.000000,0.000000,0.000,0.000,AP
2026-04-08 14:01:46,1900-01-00 00:00:00,,76:12:77:72:78:49,-41,,0.000000,0.000000,0.000,0.000,Client
2026-04-08 14:01:46,1900-01-00 00:00:00,0960-wombat,B8:27:EB:FF:C8:F5,-49, WPA ,0.000000,0.000000,0.000,0.000,AP
2026-04-08 14:01:46,1900-01-00 00:00:00,0960-wombat,B8:27:EB:FF:C8:F5,-49, WPA ,0.000000,0.000000,0.000,0.000,AP
2026-04-08 14:01:46,1900-01-00 00:00:00,,76:12:77:72:78:49,-41,,0.000000,0.000000,0.000,0.000,Client
2026-04-08 14:01:46,1900-01-00 00:00:00,0960-wombat,B8:27:EB:FF:C8:F5,-49, WPA ,0.000000,0.000000,0.000,0.000,AP
2026-04-08 14:01:46,1900-01-00 00:00:00,,76:12:77:72:78:49,-41,,0.000000,0.000000,0.000,0.000,Client
2026-04-08 14:01:46,1900-01-00 00:00:00,0960-wombat,B8:27:EB:FF:C8:F5,-49, WPA ,0.000000,0.000000,0.000,0.000,AP
2026-04-08 14:01:46,1900-01-00 00:00:00,,76:12:77:72:78:49,-41,,0.000000,0.000000,0.000,0.000,Client
2026-04-08 14:01:46,1900-01-00 00:00:00,,76:12:77:72:78:49,-43,,0.000000,0.000000,0.000,0.000,Client
2026-04-08 14:01:46,1900-01-00 00:00:00,0960-wombat,B8:27:EB:FF:C8:F5,-49, WPA ,0.000000,0.000000,0.000,0.000,AP
2026-04-08 14:01:46,1900-01-00 00:00:00,,76:12:77:72:78:49,-42,,0.000000,0.000000,0.000,0.000,Client
2026-04-08 14:01:46,1900-01-00 00:00:00,0960-wombat,B8:27:EB:FF:C8:F5,-49, WPA ,0.000000,0.000000,0.000,0.000,AP
2026-04-08 14:01:46,1900-01-00 00:00:00,0960-wombat,B8:27:EB:FF:C8:F5,-49, WPA ,0.000000,0.000000,0.000,0.000,AP
2026-04-08 14:01:46,1900-01-00 00:00:00,,76:12:77:72:78:49,-41,,0.000000,0.000000,0.000,0.000,Client
2026-04-08 14:01:46,1900-01-00 00:00:00,0960-wombat,B8:27:EB:FF:C8:F5,-49, WPA ,0.000000,0.000000,0.000,0.000,AP
2026-04-08 14:01:46,1900-01-00 00:00:00,,76:12:77:72:78:49,-42,,0.000000,0.000000,0.000,0.000,Client
2026-04-08 14:01:46,1900-01-00 00:00:00,0960-wombat,B8:27:EB:FF:C8:F5,-49, WPA ,0.000000,0.000000,0.000,0.000,AP
2026-04-08 14:01:46,1900-01-00 00:00:00,,76:12:77:72:78:49,-42,,0.000000,0.000000,0.000,0.000,Client
2026-04-08 14:01:46,1900-01-00 00:00:00,0960-wombat,B8:27:EB:FF:C8:F5,-48, WPA ,0.000000,0.000000,0.000,0.000,AP
2026-04-08 14:01:46,1900-01-00 00:00:00,0960-wombat,B8:27:EB:FF:C8:F5,-49, WPA ,0.000000,0.000000,0.000,0.000,AP
2026-04-08 14:01:46,1900-01-00 00:00:00,,76:12:77:72:78:49,-42,,0.000000,0.000000,0.000,0.000,Client
2026-04-08 14:01:46,1900-01-00 00:00:00,0960-wombat,B8:27:EB:FF:C8:F5,-49, WPA ,0.000000,0.000000,0.000,0.000,AP
2026-04-08 14:01:46,1900-01-00 00:00:00,,76:12:77:72:78:49,-42,,0.000000,0.000000,0.000,0.000,Client
2026-04-08 14:01:46,1900-01-00 00:00:00,0960-wombat,B8:27:EB:FF:C8:F5,-49, WPA ,0.000000,0.000000,0.000,0.000,AP
2026-04-08 14:01:46,1900-01-00 00:00:00,,76:12:77:72:78:49,-42,,0.000000,0.000000,0.000,0.000,Client
2026-04-08 14:01:46,1900-01-00 00:00:00,,76:12:77:72:78:49,-43,,0.000000,0.000000,0.000,0.000,Client
2026-04-08 14:01:46,1900-01-00 00:00:00,,76:12:77:72:78:49,-42,,0.000000,0.000000,0.000,0.000,Client
2026-04-08 14:01:46,1900-01-00 00:00:00,0960-wombat,B8:27:EB:FF:C8:F5,-49, WPA ,0.000000,0.000000,0.000,0.000,AP
2026-04-08 14:01:46,1900-01-00 00:00:00,,76:12:77:72:78:49,-42,,0.000000,0.000000,0.000,0.000,Client
2026-04-08 14:01:46,1900-01-00 00:00:00,,76:12:77:72:78:49,-42,,0.000000,0.000000,0.000,0.000,Client
2026-04-08 14:01:46,1900-01-00 00:00:00,,76:12:77:72:78:49,-42,,0.000000,0.000000,0.000,0.000,Client
2026-04-08 14:01:46,1900-01-00 00:00:00,0960-wombat,B8:27:EB:FF:C8:F5,-49, WPA ,0.000000,0.000000,0.000,0.000,AP
2026-04-08 14:01:46,1900-01-00 00:00:00,0960-wombat,B8:27:EB:FF:C8:F5,-49, WPA ,0.000000,0.000000,0.000,0.000,AP
2026-04-08 14:01:46,1900-01-00 00:00:00,,76:12:77:72:78:49,-42,,0.000000,0.000000,0.000,0.000,Client
2026-04-08 14:01:46,1900-01-00 00:00:00,,76:12:77:72:78:49,-41,,0.000000,0.000000,0.000,0.000,Client
2026-04-08 14:01:46,1900-01-00 00:00:00,0960-wombat,B8:27:EB:FF:C8:F5,-49, WPA ,0.000000,0.000000,0.000,0.000,AP
2026-04-08 14:01:46,1900-01-00 00:00:00,0960-wombat,B8:27:EB:FF:C8:F5,-50, WPA ,0.000000,0.000000,0.000,0.000,AP
2026-04-08 14:01:46,1900-01-00 00:00:00,,76:12:77:72:78:49,-41,,0.000000,0.000000,0.000,0.000,Client
2026-04-08 14:01:46,1900-01-00 00:00:00,0960-wombat,B8:27:EB:FF:C8:F5,-46, WPA ,0.000000,0.000000,0.000,0.000,AP
2026-04-08 14:01:46,1900-01-00 00:00:00,,76:12:77:72:78:49,-42,,0.000000,0.000000,0.000,0.000,Client
2026-04-08 14:01:46,1900-01-00 00:00:00,,76:12:77:72:78:49,-42,,0.000000,0.000000,0.000,0.000,Client
2026-04-08 14:01:46,1900-01-00 00:00:00,0960-wombat,B8:27:EB:FF:C8:F5,-49, WPA ,0.000000,0.000000,0.000,0.000,AP
2026-04-08 14:01:46,1900-01-00 00:00:00,0960-wombat,B8:27:EB:FF:C8:F5,-50, WPA ,0.000000,0.000000,0.000,0.000,AP
2026-04-08 14:01:46,1900-01-00 00:00:00,,76:12:77:72:78:49,-41,,0.000000,0.000000,0.000,0.000,Client
2026-04-08 14:01:46,1900-01-00 00:00:00,,76:12:77:72:78:49,-42,,0.000000,0.000000,0.000,0.000,Client
2026-04-08 14:01:46,1900-01-00 00:00:00,0960-wombat,B8:27:EB:FF:C8:F5,-47, WPA ,0.000000,0.000000,0.000,0.000,AP
2026-04-08 14:01:46,1900-01-00 00:00:00,0960-wombat,B8:27:EB:FF:C8:F5,-49, WPA ,0.000000,0.000000,0.000,0.000,AP
2026-04-08 14:01:46,1900-01-00 00:00:00,,76:12:77:72:78:49,-41,,0.000000,0.000000,0.000,0.000,Client
2026-04-08 14:01:46,1900-01-00 00:00:00,,76:12:77:72:78:49,-42,,0.000000,0.000000,0.000,0.000,Client
2026-04-08 14:01:46,1900-01-00 00:00:00,0960-wombat,B8:27:EB:FF:C8:F5,-50, WPA ,0.000000,0.000000,0.000,0.000,AP
2026-04-08 14:01:46,1900-01-00 00:00:00,0960-wombat,B8:27:EB:FF:C8:F5,-50, WPA ,0.000000,0.000000,0.000,0.000,AP
2026-04-08 14:01:46,1900-01-00 00:00:00,0960-wombat,B8:27:EB:FF:C8:F5,-49, WPA ,0.000000,0.000000,0.000,0.000,AP
2026-04-08 14:01:46,1900-01-00 00:00:00,,76:12:77:72:78:49,-40,,0.000000,0.000000,0.000,0.000,Client
2026-04-08 14:01:46,1900-01-00 00:00:00,0960-wombat,B8:27:EB:FF:C8:F5,-50, WPA ,0.000000,0.000000,0.000,0.000,AP
2026-04-08 14:01:46,1900-01-00 00:00:00,,76:12:77:72:78:49,-41,,0.000000,0.000000,0.000,0.000,Client
2026-04-08 14:01:46,1900-01-00 00:00:00,0960-wombat,B8:27:EB:FF:C8:F5,-50, WPA ,0.000000,0.000000,0.000,0.000,AP
2026-04-08 14:01:46,1900-01-00 00:00:00,,76:12:77:72:78:49,-41,,0.000000,0.000000,0.000,0.000,Client
2026-04-08 14:01:46,1900-01-00 00:00:00,0960-wombat,B8:27:EB:FF:C8:F5,-50, WPA ,0.000000,0.000000,0.000,0.000,AP
2026-04-08 14:01:46,1900-01-00 00:00:00,0960-wombat,B8:27:EB:FF:C8:F5,-50, WPA ,0.000000,0.000000,0.000,0.000,AP
2026-04-08 14:01:46,1900-01-00 00:00:00,0960-wombat,B8:27:EB:FF:C8:F5,-50, WPA ,0.000000,0.000000,0.000,0.000,AP
2026-04-08 14:01:46,1900-01-00 00:00:00,,76:12:77:72:78:49,-40,,0.000000,0.000000,0.000,0.000,Client
2026-04-08 14:01:46,1900-01-00 00:00:00,0960-wombat,B8:27:EB:FF:C8:F5,-51, WPA ,0.000000,0.000000,0.000,0.000,AP
2026-04-08 14:01:46,1900-01-00 00:00:00,,76:12:77:72:78:49,-41,,0.000000,0.000000,0.000,0.000,Client
2026-04-08 14:01:46,1900-01-00 00:00:00,0960-wombat,B8:27:EB:FF:C8:F5,-50, WPA ,0.000000,0.000000,0.000,0.000,AP
2026-04-08 14:01:46,1900-01-00 00:00:00,,76:12:77:72:78:49,-41,,0.000000,0.000000,0.000,0.000,Client
2026-04-08 14:01:46,1900-01-00 00:00:00,0960-wombat,B8:27:EB:FF:C8:F5,-50, WPA ,0.000000,0.000000,0.000,0.000,AP
2026-04-08 14:01:46,1900-01-00 00:00:00,0960-wombat,B8:27:EB:FF:C8:F5,-50, WPA ,0.000000,0.000000,0.000,0.000,AP
2026-04-08 14:01:46,1900-01-00 00:00:00,,76:12:77:72:78:49,-41,,0.000000,0.000000,0.000,0.000,Client
2026-04-08 14:01:46,1900-01-00 00:00:00,0960-wombat,B8:27:EB:FF:C8:F5,-49, WPA ,0.000000,0.000000,0.000,0.000,AP
2026-04-08 14:01:46,1900-01-00 00:00:00,,76:12:77:72:78:49,-41,,0.000000,0.000000,0.000,0.000,Client
2026-04-08 14:01:46,1900-01-00 00:00:00,0960-wombat,B8:27:EB:FF:C8:F5,-50, WPA ,0.000000,0.000000,0.000,0.000,AP
2026-04-08 14:01:46,1900-01-00 00:00:00,,76:12:77:72:78:49,-41,,0.000000,0.000000,0.000,0.000,Client
2026-04-08 14:01:46,1900-01-00 00:00:00,,76:12:77:72:78:49,-42,,0.000000,0.000000,0.000,0.000,Client
2026-04-08 14:01:46,1900-01-00 00:00:00,,76:12:77:72:78:49,-41,,0.000000,0.000000,0.000,0.000,Client
2026-04-08 14:01:46,1900-01-00 00:00:00,0960-wombat,B8:27:EB:FF:C8:F5,-50, WPA ,0.000000,0.000000,0.000,0.000,AP
2026-04-08 14:01:46,1900-01-00 00:00:00,,76:12:77:72:78:49,-42,,0.000000,0.000000,0.000,0.000,Client
2026-04-08 14:01:46,1900-01-00 00:00:00,,76:12:77:72:78:49,-42,,0.000000,0.000000,0.000,0.000,Client
2026-04-08 14:01:46,1900-01-00 00:00:00,0960-wombat,B8:27:EB:FF:C8:F5,-50, WPA ,0.000000,0.000000,0.000,0.000,AP
2026-04-08 14:01:46,1900-01-00 00:00:00,,76:12:77:72:78:49,-41,,0.000000,0.000000,0.000,0.000,Client
2026-04-08 14:01:46,1900-01-00 00:00:00,0960-wombat,B8:27:EB:FF:C8:F5,-50, WPA ,0.000000,0.000000,0.000,0.000,AP
2026-04-08 14:01:46,1900-01-00 00:00:00,,76:12:77:72:78:49,-42,,0.000000,0.000000,0.000,0.000,Client
2026-04-08 14:01:46,1900-01-00 00:00:00,0960-wombat,B8:27:EB:FF:C8:F5,-49, WPA ,0.000000,0.000000,0.000,0.000,AP
2026-04-08 14:01:46,1900-01-00 00:00:00,,76:12:77:72:78:49,-41,,0.000000,0.000000,0.000,0.000,Client
2026-04-08 14:01:46,1900-01-00 00:00:00,0960-wombat,B8:27:EB:FF:C8:F5,-50, WPA ,0.000000,0.000000,0.000,0.000,AP
2026-04-08 14:01:46,1900-01-00 00:00:00,,76:12:77:72:78:49,-40,,0.000000,0.000000,0.000,0.000,Client
2026-04-08 14:01:46,1900-01-00 00:00:00,0960-wombat,B8:27:EB:FF:C8:F5,-49, WPA ,0.000000,0.000000,0.000,0.000,AP
2026-04-08 14:01:46,1900-01-00 00:00:00,,76:12:77:72:78:49,-42,,0.000000,0.000000,0.000,0.000,Client
2026-04-08 14:01:46,1900-01-00 00:00:00,0960-wombat,B8:27:EB:FF:C8:F5,-50, WPA ,0.000000,0.000000,0.000,0.000,AP
2026-04-08 14:01:46,1900-01-00 00:00:00,,76:12:77:72:78:49,-41,,0.000000,0.000000,0.000,0.000,Client
2026-04-08 14:01:46,1900-01-00 00:00:00,,76:12:77:72:78:49,-42,,0.000000,0.000000,0.000,0.000,Client
2026-04-08 14:01:46,1900-01-00 00:00:00,0960-wombat,B8:27:EB:FF:C8:F5,-50, WPA ,0.000000,0.000000,0.000,0.000,AP
2026-04-08 14:01:46,1900-01-00 00:00:00,0960-wombat,B8:27:EB:FF:C8:F5,-50, WPA ,0.000000,0.000000,0.000,0.000,AP
2026-04-08 14:01:46,1900-01-00 00:00:00,,76:12:77:72:78:49,-42,,0.000000,0.000000,0.000,0.000,Client
2026-04-08 14:01:46,1900-01-00 00:00:00,,76:12:77:72:78:49,-41,,0.000000,0.000000,0.000,0.000,Client
2026-04-08 14:01:46,1900-01-00 00:00:00,0960-wombat,B8:27:EB:FF:C8:F5,-50, WPA ,0.000000,0.000000,0.000,0.000,AP
2026-04-08 14:01:46,1900-01-00 00:00:00,0960-wombat,B8:27:EB:FF:C8:F5,-50, WPA ,0.000000,0.000000,0.000,0.000,AP
2026-04-08 14:01:46,1900-01-00 00:00:00,,76:12:77:72:78:49,-41,,0.000000,0.000000,0.000,0.000,Client
2026-04-08 14:01:46,1900-01-00 00:00:00,,76:12:77:72:78:49,-41,,0.000000,0.000000,0.000,0.000,Client
2026-04-08 14:01:46,1900-01-00 00:00:00,0960-wombat,B8:27:EB:FF:C8:F5,-47, WPA ,0.000000,0.000000,0.000,0.000,AP
2026-04-08 14:01:46,1900-01-00 00:00:00,0960-wombat,B8:27:EB:FF:C8:F5,-51, WPA ,0.000000,0.000000,0.000,0.000,AP
2026-04-08 14:01:46,1900-01-00 00:00:00,0960-wombat,B8:27:EB:FF:C8:F5,-51, WPA ,0.000000,0.000000,0.000,0.000,AP
2026-04-08 14:01:46,1900-01-00 00:00:00,0960-wombat,B8:27:EB:FF:C8:F5,-50, WPA ,0.000000,0.000000,0.000,0.000,AP
2026-04-08 14:01:46,1900-01-00 00:00:00,,76:12:77:72:78:49,-40,,0.000000,0.000000,0.000,0.000,Client
2026-04-08 14:01:46,1900-01-00 00:00:00,0960-wombat,B8:27:EB:FF:C8:F5,-50, WPA ,0.000000,0.000000,0.000,0.000,AP
2026-04-08 14:01:46,1900-01-00 00:00:00,,76:12:77:72:78:49,-40,,0.000000,0.000000,0.000,0.000,Client
2026-04-08 14:01:46,1900-01-00 00:00:00,0960-wombat,B8:27:EB:FF:C8:F5,-49, WPA ,0.000000,0.000000,0.000,0.000,AP
2026-04-08 14:01:46,1900-01-00 00:00:00,,76:12:77:72:78:49,-41,,0.000000,0.000000,0.000,0.000,Client
2026-04-08 14:01:46,1900-01-00 00:00:00,0960-wombat,B8:27:EB:FF:C8:F5,-50, WPA ,0.000000,0.000000,0.000,0.000,AP
2026-04-08 14:01:46,1900-01-00 00:00:00,,76:12:77:72:78:49,-40,,0.000000,0.000000,0.000,0.000,Client
2026-04-08 14:01:46,1900-01-00 00:00:00,0960-wombat,B8:27:EB:FF:C8:F5,-50, WPA ,0.000000,0.000000,0.000,0.000,AP
2026-04-08 14:01:46,1900-01-00 00:00:00,0960-wombat,B8:27:EB:FF:C8:F5,-50, WPA ,0.000000,0.000000,0.000,0.000,AP
2026-04-08 14:01:46,1900-01-00 00:00:00,,76:12:77:72:78:49,-41,,0.000000,0.000000,0.000,0.000,Client
2026-04-08 14:01:46,1900-01-00 00:00:00,0960-wombat,B8:27:EB:FF:C8:F5,-50, WPA ,0.000000,0.000000,0.000,0.000,AP
2026-04-08 14:01:46,1900-01-00 00:00:00,,76:12:77:72:78:49,-41,,0.000000,0.000000,0.000,0.000,Client
2026-04-08 14:01:46,1900-01-00 00:00:00,0960-wombat,B8:27:EB:FF:C8:F5,-50, WPA ,0.000000,0.000000,0.000,0.000,AP
2026-04-08 14:01:46,1900-01-00 00:00:00,,76:12:77:72:78:49,-41,,0.000000,0.000000,0.000,0.000,Client
2026-04-08 14:01:46,1900-01-00 00:00:00,,76:12:77:72:78:49,-42,,0.000000,0.000000,0.000,0.000,Client
2026-04-08 14:01:46,1900-01-00 00:00:00,0960-wombat,B8:27:EB:FF:C8:F5,-47, WPA ,0.000000,0.000000,0.000,0.000,AP
2026-04-08 14:01:46,1900-01-00 00:00:00,,76:12:77:72:78:49,-41,,0.000000,0.000000,0.000,0.000,Client
2026-04-08 14:01:46,1900-01-00 00:00:00,0960-wombat,B8:27:EB:FF:C8:F5,-47, WPA ,0.000000,0.000000,0.000,0.000,AP
2026-04-08 14:01:46,1900-01-00 00:00:00,0960-wombat,B8:27:EB:FF:C8:F5,-52, WPA ,0.000000,0.000000,0.000,0.000,AP
2026-04-08 14:01:46,1900-01-00 00:00:00,,76:12:77:72:78:49,-41,,0.000000,0.000000,0.000,0.000,Client
2026-04-08 14:01:46,1900-01-00 00:00:00,,76:12:77:72:78:49,-41,,0.000000,0.000000,0.000,0.000,Client
2026-04-08 14:01:46,1900-01-00 00:00:00,0960-wombat,B8:27:EB:FF:C8:F5,-48, WPA ,0.000000,0.000000,0.000,0.000,AP
2026-04-08 14:01:46,1900-01-00 00:00:00,0960-wombat,B8:27:EB:FF:C8:F5,-51, WPA ,0.000000,0.000000,0.000,0.000,AP
2026-04-08 14:01:46,1900-01-00 00:00:00,,76:12:77:72:78:49,-41,,0.000000,0.000000,0.000,0.000,Client
2026-04-08 14:01:46,1900-01-00 00:00:00,,76:12:77:72:78:49,-41,,0.000000,0.000000,0.000,0.000,Client
2026-04-08 14:01:46,1900-01-00 00:00:00,0960-wombat,B8:27:EB:FF:C8:F5,-51, WPA ,0.000000,0.000000,0.000,0.000,AP
2026-04-08 14:01:46,1900-01-00 00:00:00,,76:12:77:72:78:49,-41,,0.000000,0.000000,0.000,0.000,Client
2026-04-08 14:01:46,1900-01-00 00:00:00,,76:12:77:72:78:49,-41,,0.000000,0.000000,0.000,0.000,Client
2026-04-08 14:01:46,1900-01-00 00:00:00,0960-wombat,B8:27:EB:FF:C8:F5,-49, WPA ,0.000000,0.000000,0.000,0.000,AP
2026-04-08 14:01:46,1900-01-00 00:00:00,0960-wombat,B8:27:EB:FF:C8:F5,-49, WPA ,0.000000,0.000000,0.000,0.000,AP
2026-04-08 14:01:46,1900-01-00 00:00:00,0960-wombat,B8:27:EB:FF:C8:F5,-48, WPA ,0.000000,0.000000,0.000,0.000,AP
2026-04-08 14:01:46,1900-01-00 00:00:00,,76:12:77:72:78:49,-40,,0.000000,0.000000,0.000,0.000,Client
2026-04-08 14:01:46,1900-01-00 00:00:00,0960-wombat,B8:27:EB:FF:C8:F5,-49, WPA ,0.000000,0.000000,0.000,0.000,AP
2026-04-08 14:01:46,1900-01-00 00:00:00,,76:12:77:72:78:49,-41,,0.000000,0.000000,0.000,0.000,Client
2026-04-08 14:01:46,1900-01-00 00:00:00,0960-wombat,B8:27:EB:FF:C8:F5,-49, WPA ,0.000000,0.000000,0.000,0.000,AP
2026-04-08 14:01:46,1900-01-00 00:00:00,,76:12:77:72:78:49,-41,,0.000000,0.000000,0.000,0.000,Client
2026-04-08 14:01:46,1900-01-00 00:00:00,0960-wombat,B8:27:EB:FF:C8:F5,-49, WPA ,0.000000,0.000000,0.000,0.000,AP
2026-04-08 14:01:46,1900-01-00 00:00:00,0960-wombat,B8:27:EB:FF:C8:F5,-49, WPA ,0.000000,0.000000,0.000,0.000,AP
2026-04-08 14:01:47,1900-01-00 00:00:00,0960-wombat,B8:27:EB:FF:C8:F5,-49, WPA ,0.000000,0.000000,0.000,0.000,AP
2026-04-08 14:01:47,1900-01-00 00:00:00,0960-wombat,B8:27:EB:FF:C8:F5,-50, WPA ,0.000000,0.000000,0.000,0.000,AP
2026-04-08 14:01:47,1900-01-00 00:00:00,0960-wombat,B8:27:EB:FF:C8:F5,-49, WPA ,0.000000,0.000000,0.000,0.000,AP
2026-04-08 14:01:47,1900-01-00 00:00:00,0960-wombat,B8:27:EB:FF:C8:F5,-49, WPA ,0.000000,0.000000,0.000,0.000,AP
2026-04-08 14:01:47,1900-01-00 00:00:00,0960-wombat,B8:27:EB:FF:C8:F5,-49, WPA ,0.000000,0.000000,0.000,0.000,AP
2026-04-08 14:01:47,1900-01-00 00:00:00,0960-wombat,B8:27:EB:FF:C8:F5,-49, WPA ,0.000000,0.000000,0.000,0.000,AP
2026-04-08 14:01:47,1900-01-00 00:00:00,0960-wombat,B8:27:EB:FF:C8:F5,-49, WPA ,0.000000,0.000000,0.000,0.000,AP
2026-04-08 14:01:47,1900-01-00 00:00:00,0960-wombat,B8:27:EB:FF:C8:F5,-49, WPA ,0.000000,0.000000,0.000,0.000,AP
2026-04-08 14:01:47,1900-01-00 00:00:00,0960-wombat,B8:27:EB:FF:C8:F5,-50, WPA ,0.000000,0.000000,0.000,0.000,AP
2026-04-08 14:01:47,1900-01-00 00:00:00,0960-wombat,B8:27:EB:FF:C8:F5,-50, WPA ,0.000000,0.000000,0.000,0.000,AP
2026-04-08 14:01:47,1900-01-00 00:00:00,0960-wombat,B8:27:EB:FF:C8:F5,-50, WPA ,0.000000,0.000000,0.000,0.000,AP
2026-04-08 14:01:47,1900-01-00 00:00:00,0960-wombat,B8:27:EB:FF:C8:F5,-50, WPA ,0.000000,0.000000,0.000,0.000,AP
2026-04-08 14:01:47,1900-01-00 00:00:00,0960-wombat,B8:27:EB:FF:C8:F5,-49, WPA ,0.000000,0.000000,0.000,0.000,AP
2026-04-08 14:01:47,1900-01-00 00:00:00,0960-wombat,B8:27:EB:FF:C8:F5,-49, WPA ,0.000000,0.000000,0.000,0.000,AP
2026-04-08 14:01:47,1900-01-00 00:00:00,0960-wombat,B8:27:EB:FF:C8:F5,-50, WPA ,0.000000,0.000000,0.000,0.000,AP
2026-04-08 14:01:47,1900-01-00 00:00:00,0960-wombat,B8:27:EB:FF:C8:F5,-49, WPA ,0.000000,0.000000,0.000,0.000,AP
2026-04-08 14:01:47,1900-01-00 00:00:00,0960-wombat,B8:27:EB:FF:C8:F5,-49, WPA ,0.000000,0.000000,0.000,0.000,AP
2026-04-08 14:01:47,1900-01-00 00:00:00,0960-wombat,B8:27:EB:FF:C8:F5,-49, WPA ,0.000000,0.000000,0.000,0.000,AP
2026-04-08 14:01:47,1900-01-00 00:00:00,0960-wombat,B8:27:EB:FF:C8:F5,-49, WPA ,0.000000,0.000000,0.000,0.000,AP
2026-04-08 14:01:47,1900-01-00 00:00:00,0960-wombat,B8:27:EB:FF:C8:F5,-49, WPA ,0.000000,0.000000,0.000,0.000,AP
2026-04-08 14:01:47,1900-01-00 00:00:00,0960-wombat,B8:27:EB:FF:C8:F5,-49, WPA ,0.000000,0.000000,0.000,0.000,AP
2026-04-08 14:01:47,1900-01-00 00:00:00,0960-wombat,B8:27:EB:FF:C8:F5,-49, WPA ,0.000000,0.000000,0.000,0.000,AP
2026-04-08 14:01:47,1900-01-00 00:00:00,0960-wombat,B8:27:EB:FF:C8:F5,-49, WPA ,0.000000,0.000000,0.000,0.000,AP
2026-04-08 14:01:48,1900-01-00 00:00:00,0960-wombat,B8:27:EB:FF:C8:F5,-48, WPA ,0.000000,0.000000,0.000,0.000,AP
2026-04-08 14:01:48,1900-01-00 00:00:00,0960-wombat,B8:27:EB:FF:C8:F5,-50, WPA ,0.000000,0.000000,0.000,0.000,AP
2026-04-08 14:01:48,1900-01-00 00:00:00,0960-wombat,B8:27:EB:FF:C8:F5,-50, WPA ,0.000000,0.000000,0.000,0.000,AP
2026-04-08 14:01:48,1900-01-00 00:00:00,0960-wombat,B8:27:EB:FF:C8:F5,-50, WPA ,0.000000,0.000000,0.000,0.000,AP
2026-04-08 14:01:48,1900-01-00 00:00:00,0960-wombat,B8:27:EB:FF:C8:F5,-48, WPA ,0.000000,0.000000,0.000,0.000,AP
2026-04-08 14:01:48,1900-01-00 00:00:00,0960-wombat,B8:27:EB:FF:C8:F5,-49, WPA ,0.000000,0.000000,0.000,0.000,AP
2026-04-08 14:01:48,1900-01-00 00:00:00,0960-wombat,B8:27:EB:FF:C8:F5,-48, WPA ,0.000000,0.000000,0.000,0.000,AP
2026-04-08 14:01:48,1900-01-00 00:00:00,0960-wombat,B8:27:EB:FF:C8:F5,-50, WPA ,0.000000,0.000000,0.000,0.000,AP
2026-04-08 14:01:48,1900-01-00 00:00:00,0960-wombat,B8:27:EB:FF:C8:F5,-49, WPA ,0.000000,0.000000,0.000,0.000,AP
2026-04-08 14:01:48,1900-01-00 00:00:00,0960-wombat,B8:27:EB:FF:C8:F5,-49, WPA ,0.000000,0.000000,0.000,0.000,AP
2026-04-08 14:01:48,1900-01-00 00:00:00,0960-wombat,B8:27:EB:FF:C8:F5,-49, WPA ,0.000000,0.000000,0.000,0.000,AP
2026-04-08 14:01:48,1900-01-00 00:00:00,0960-wombat,B8:27:EB:FF:C8:F5,-49, WPA ,0.000000,0.000000,0.000,0.000,AP
2026-04-08 14:01:48,1900-01-00 00:00:00,0960-wombat,B8:27:EB:FF:C8:F5,-49, WPA ,0.000000,0.000000,0.000,0.000,AP
2026-04-08 14:01:48,1900-01-00 00:00:00,0960-wombat,B8:27:EB:FF:C8:F5,-49, WPA ,0.000000,0.000000,0.000,0.000,AP
2026-04-08 14:01:48,1900-01-00 00:00:00,0960-wombat,B8:27:EB:FF:C8:F5,-49, WPA ,0.000000,0.000000,0.000,0.000,AP
2026-04-08 14:01:48,1900-01-00 00:00:00,0960-wombat,B8:27:EB:FF:C8:F5,-49, WPA ,0.000000,0.000000,0.000,0.000,AP
2026-04-08 14:01:48,1900-01-00 00:00:00,0960-wombat,B8:27:EB:FF:C8:F5,-49, WPA ,0.000000,0.000000,0.000,0.000,AP
2026-04-08 14:01:48,1900-01-00 00:00:00,0960-wombat,B8:27:EB:FF:C8:F5,-50, WPA ,0.000000,0.000000,0.000,0.000,AP
2026-04-08 14:01:48,1900-01-00 00:00:00,0960-wombat,B8:27:EB:FF:C8:F5,-50, WPA ,0.000000,0.000000,0.000,0.000,AP
2026-04-08 14:01:48,1900-01-00 00:00:00,0960-wombat,B8:27:EB:FF:C8:F5,-49, WPA ,0.000000,0.000000,0.000,0.000,AP
2026-04-08 14:01:48,1900-01-00 00:00:00,0960-wombat,B8:27:EB:FF:C8:F5,-49, WPA ,0.000000,0.000000,0.000,0.000,AP
2026-04-08 14:01:48,1900-01-00 00:00:00,0960-wombat,B8:27:EB:FF:C8:F5,-49, WPA ,0.000000,0.000000,0.000,0.000,AP
2026-04-08 14:01:48,1900-01-00 00:00:00,0960-wombat,B8:27:EB:FF:C8:F5,-49, WPA ,0.000000,0.000000,0.000,0.000,AP
2026-04-08 14:01:48,1900-01-00 00:00:00,0960-wombat,B8:27:EB:FF:C8:F5,-49, WPA ,0.000000,0.000000,0.000,0.000,AP
2026-04-08 14:01:48,1900-01-00 00:00:00,0960-wombat,B8:27:EB:FF:C8:F5,-48, WPA ,0.000000,0.000000,0.000,0.000,AP
2026-04-08 14:01:48,1900-01-00 00:00:00,0960-wombat,B8:27:EB:FF:C8:F5,-48, WPA ,0.000000,0.000000,0.000,0.000,AP
2026-04-08 14:01:48,1900-01-00 00:00:00,0960-wombat,B8:27:EB:FF:C8:F5,-49, WPA ,0.000000,0.000000,0.000,0.000,AP
2026-04-08 14:01:48,1900-01-00 00:00:00,0960-wombat,B8:27:EB:FF:C8:F5,-49, WPA ,0.000000,0.000000,0.000,0.000,AP
2026-04-08 14:01:48,1900-01-00 00:00:00,0960-wombat,B8:27:EB:FF:C8:F5,-48, WPA ,0.000000,0.000000,0.000,0.000,AP
2026-04-08 14:01:48,1900-01-00 00:00:00,0960-wombat,B8:27:EB:FF:C8:F5,-49, WPA ,0.000000,0.000000,0.000,0.000,AP
2026-04-08 14:01:49,1900-01-00 00:00:00,0960-wombat,B8:27:EB:FF:C8:F5,-49, WPA ,0.000000,0.000000,0.000,0.000,AP
2026-04-08 14:01:49,1900-01-00 00:00:00,0960-wombat,B8:27:EB:FF:C8:F5,-49, WPA ,0.000000,0.000000,0.000,0.000,AP
2026-04-08 14:01:49,1900-01-00 00:00:00,0960-wombat,B8:27:EB:FF:C8:F5,-49, WPA ,0.000000,0.000000,0.000,0.000,AP
2026-04-08 14:01:49,1900-01-00 00:00:00,0960-wombat,B8:27:EB:FF:C8:F5,-49, WPA ,0.000000,0.000000,0.000,0.000,AP
2026-04-08 14:01:49,1900-01-00 00:00:00,0960-wombat,B8:27:EB:FF:C8:F5,-49, WPA ,0.000000,0.000000,0.000,0.000,AP
2026-04-08 14:01:49,1900-01-00 00:00:00,0960-wombat,B8:27:EB:FF:C8:F5,-49, WPA ,0.000000,0.000000,0.000,0.000,AP
2026-04-08 14:01:49,1900-01-00 00:00:00,0960-wombat,B8:27:EB:FF:C8:F5,-49, WPA ,0.000000,0.000000,0.000,0.000,AP
2026-04-08 14:01:49,1900-01-00 00:00:00,0960-wombat,B8:27:EB:FF:C8:F5,-49, WPA ,0.000000,0.000000,0.000,0.000,AP
2026-04-08 14:01:49,1900-01-00 00:00:00,0960-wombat,B8:27:EB:FF:C8:F5,-49, WPA ,0.000000,0.000000,0.000,0.000,AP
2026-04-08 14:01:49,1900-01-00 00:00:00,0960-wombat,B8:27:EB:FF:C8:F5,-48, WPA ,0.000000,0.000000,0.000,0.000,AP
2026-04-08 14:01:49,1900-01-00 00:00:00,0960-wombat,B8:27:EB:FF:C8:F5,-49, WPA ,0.000000,0.000000,0.000,0.000,AP
2026-04-08 14:01:49,1900-01-00 00:00:00,0960-wombat,B8:27:EB:FF:C8:F5,-50, WPA ,0.000000,0.000000,0.000,0.000,AP
2026-04-08 14:01:49,1900-01-00 00:00:00,0960-wombat,B8:27:EB:FF:C8:F5,-50, WPA ,0.000000,0.000000,0.000,0.000,AP
2026-04-08 14:01:49,1900-01-00 00:00:00,0960-wombat,B8:27:EB:FF:C8:F5,-50, WPA ,0.000000,0.000000,0.000,0.000,AP
2026-04-08 14:01:49,1900-01-00 00:00:00,0960-wombat,B8:27:EB:FF:C8:F5,-50, WPA ,0.000000,0.000000,0.000,0.000,AP
2026-04-08 14:01:49,1900-01-00 00:00:00,0960-wombat,B8:27:EB:FF:C8:F5,-50, WPA ,0.000000,0.000000,0.000,0.000,AP
2026-04-08 14:01:49,1900-01-00 00:00:00,0960-wombat,B8:27:EB:FF:C8:F5,-50, WPA ,0.000000,0.000000,0.000,0.000,AP
2026-04-08 14:01:49,1900-01-00 00:00:00,0960-wombat,B8:27:EB:FF:C8:F5,-50, WPA ,0.000000,0.000000,0.000,0.000,AP
2026-04-08 14:01:49,1900-01-00 00:00:00,0960-wombat,B8:27:EB:FF:C8:F5,-50, WPA ,0.000000,0.000000,0.000,0.000,AP
2026-04-08 14:01:49,1900-01-00 00:00:00,0960-wombat,B8:27:EB:FF:C8:F5,-50, WPA ,0.000000,0.000000,0.000,0.000,AP
2026-04-08 14:01:49,1900-01-00 00:00:00,0960-wombat,B8:27:EB:FF:C8:F5,-50, WPA ,0.000000,0.000000,0.000,0.000,AP
2026-04-08 14:01:49,1900-01-00 00:00:00,0960-wombat,B8:27:EB:FF:C8:F5,-50, WPA ,0.000000,0.000000,0.000,0.000,AP
2026-04-08 14:01:49,1900-01-00 00:00:00,0960-wombat,B8:27:EB:FF:C8:F5,-50, WPA ,0.000000,0.000000,0.000,0.000,AP
2026-04-08 14:01:49,1900-01-00 00:00:00,0960-wombat,B8:27:EB:FF:C8:F5,-50, WPA ,0.000000,0.000000,0.000,0.000,AP
2026-04-08 14:01:49,1900-01-00 00:00:00,0960-wombat,B8:27:EB:FF:C8:F5,-49, WPA ,0.000000,0.000000,0.000,0.000,AP
2026-04-08 14:01:49,1900-01-00 00:00:00,0960-wombat,B8:27:EB:FF:C8:F5,-49, WPA ,0.000000,0.000000,0.000,0.000,AP
2026-04-08 14:01:49,1900-01-00 00:00:00,0960-wombat,B8:27:EB:FF:C8:F5,-49, WPA ,0.000000,0.000000,0.000,0.000,AP
2026-04-08 14:01:49,1900-01-00 00:00:00,0960-wombat,B8:27:EB:FF:C8:F5,-49, WPA ,0.000000,0.000000,0.000,0.000,AP
2026-04-08 14:01:49,1900-01-00 00:00:00,0960-wombat,B8:27:EB:FF:C8:F5,-49, WPA ,0.000000,0.000000,0.000,0.000,AP
2026-04-08 14:01:49,1900-01-00 00:00:00,0960-wombat,B8:27:EB:FF:C8:F5,-49, WPA ,0.000000,0.000000,0.000,0.000,AP
2026-04-08 14:01:49,1900-01-00 00:00:00,0960-wombat,B8:27:EB:FF:C8:F5,-49, WPA ,0.000000,0.000000,0.000,0.000,AP
2026-04-08 14:01:49,1900-01-00 00:00:00,0960-wombat,B8:27:EB:FF:C8:F5,-49, WPA ,0.000000,0.000000,0.000,0.000,AP
2026-04-08 14:01:49,1900-01-00 00:00:00,0960-wombat,B8:27:EB:FF:C8:F5,-49, WPA ,0.000000,0.000000,0.000,0.000,AP
2026-04-08 14:01:49,1900-01-00 00:00:00,0960-wombat,B8:27:EB:FF:C8:F5,-49, WPA ,0.000000,0.000000,0.000,0.000,AP
2026-04-08 14:01:49,1900-01-00 00:00:00,0960-wombat,B8:27:EB:FF:C8:F5,-49, WPA ,0.000000,0.000000,0.000,0.000,AP
2026-04-08 14:01:49,1900-01-00 00:00:00,0960-wombat,B8:27:EB:FF:C8:F5,-49, WPA ,0.000000,0.000000,0.000,0.000,AP
2026-04-08 14:01:49,1900-01-00 00:00:00,0960-wombat,B8:27:EB:FF:C8:F5,-49, WPA ,0.000000,0.000000,0.000,0.000,AP
2026-04-08 14:01:49,1900-01-00 00:00:00,0960-wombat,B8:27:EB:FF:C8:F5,-49, WPA ,0.000000,0.000000,0.000,0.000,AP
2026-04-08 14:01:49,1900-01-00 00:00:00,0960-wombat,B8:27:EB:FF:C8:F5,-49, WPA ,0.000000,0.000000,0.000,0.000,AP
2026-04-08 14:01:49,1900-01-00 00:00:00,0960-wombat,B8:27:EB:FF:C8:F5,-30, WPA ,0.000000,0.000000,0.000,0.000,AP
2026-04-08 14:01:49,1900-01-00 00:00:00,0960-wombat,B8:27:EB:FF:C8:F5,-30, WPA ,0.000000,0.000000,0.000,0.000,AP
2026-04-08 14:01:49,1900-01-00 00:00:00,0960-wombat,B8:27:EB:FF:C8:F5,-30, WPA ,0.000000,0.000000,0.000,0.000,AP
2026-04-08 14:01:49,1900-01-00 00:00:00,0960-wombat,B8:27:EB:FF:C8:F5,-30, WPA ,0.000000,0.000000,0.000,0.000,AP
2026-04-08 14:01:49,1900-01-00 00:00:00,0960-wombat,B8:27:EB:FF:C8:F5,-30, WPA ,0.000000,0.000000,0.000,0.000,AP
2026-04-08 14:01:49,1900-01-00 00:00:00,0960-wombat,B8:27:EB:FF:C8:F5,-30, WPA ,0.000000,0.000000,0.000,0.000,AP
2026-04-08 14:01:49,1900-01-00 00:00:00,0960-wombat,B8:27:EB:FF:C8:F5,-55, WPA ,0.000000,0.000000,0.000,0.000,AP
2026-04-08 14:01:49,1900-01-00 00:00:00,0960-wombat,B8:27:EB:FF:C8:F5,-55, WPA ,0.000000,0.000000,0.000,0.000,AP
2026-04-08 14:01:49,1900-01-00 00:00:00,0960-wombat,B8:27:EB:FF:C8:F5,-55, WPA ,0.000000,0.000000,0.000,0.000,AP
2026-04-08 14:01:49,1900-01-00 00:00:00,0960-wombat,B8:27:EB:FF:C8:F5,-55, WPA ,0.000000,0.000000,0.000,0.000,AP
2026-04-08 14:01:49,1900-01-00 00:00:00,0960-wombat,B8:27:EB:FF:C8:F5,-55, WPA ,0.000000,0.000000,0.000,0.000,AP
2026-04-08 14:01:49,1900-01-00 00:00:00,0960-wombat,B8:27:EB:FF:C8:F5,-55, WPA ,0.000000,0.000000,0.000,0.000,AP
2026-04-08 14:01:49,1900-01-00 00:00:00,0960-wombat,B8:27:EB:FF:C8:F5,-55, WPA ,0.000000,0.000000,0.000,0.000,AP
2026-04-08 14:01:49,1900-01-00 00:00:00,0960-wombat,B8:27:EB:FF:C8:F5,-55, WPA ,0.000000,0.000000,0.000,0.000,AP
2026-04-08 14:01:49,1900-01-00 00:00:00,0960-wombat,B8:27:EB:FF:C8:F5,-55, WPA ,0.000000,0.000000,0.000,0.000,AP
2026-04-08 14:01:49,1900-01-00 00:00:00,0960-wombat,B8:27:EB:FF:C8:F5,-55, WPA ,0.000000,0.000000,0.000,0.000,AP
2026-04-08 14:01:49,1900-01-00 00:00:00,0960-wombat,B8:27:EB:FF:C8:F5,-55, WPA ,0.000000,0.000000,0.000,0.000,AP
2026-04-08 14:01:49,1900-01-00 00:00:00,0960-wombat,B8:27:EB:FF:C8:F5,-55, WPA ,0.000000,0.000000,0.000,0.000,AP
2026-04-08 14:01:49,1900-01-00 00:00:00,0960-wombat,B8:27:EB:FF:C8:F5,-55, WPA ,0.000000,0.000000,0.000,0.000,AP
2026-04-08 14:01:49,1900-01-00 00:00:00,0960-wombat,B8:27:EB:FF:C8:F5,-55, WPA ,0.000000,0.000000,0.000,0.000,AP
2026-04-08 14:01:49,1900-01-00 00:00:00,0960-wombat,B8:27:EB:FF:C8:F5,-55, WPA ,0.000000,0.000000,0.000,0.000,AP
2026-04-08 14:01:49,1900-01-00 00:00:00,0960-wombat,B8:27:EB:FF:C8:F5,-55, WPA ,0.000000,0.000000,0.000,0.000,AP
2026-04-08 14:01:49,1900-01-00 00:00:00,0960-wombat,B8:27:EB:FF:C8:F5,-55, WPA ,0.000000,0.000000,0.000,0.000,AP
2026-04-08 14:01:49,1900-01-00 00:00:00,0960-wombat,B8:27:EB:FF:C8:F5,-55, WPA ,0.000000,0.000000,0.000,0.000,AP
2026-04-08 14:01:49,1900-01-00 00:00:00,0960-wombat,B8:27:EB:FF:C8:F5,-55, WPA ,0.000000,0.000000,0.000,0.000,AP
2026-04-08 14:01:49,1900-01-00 00:00:00,0960-wombat,B8:27:EB:FF:C8:F5,-55, WPA ,0.000000,0.000000,0.000,0.000,AP
2026-04-08 14:01:49,1900-01-00 00:00:00,0960-wombat,B8:27:EB:FF:C8:F5,-55, WPA ,0.000000,0.000000,0.000,0.000,AP
2026-04-08 14:01:49,1900-01-00 00:00:00,0960-wombat,B8:27:EB:FF:C8:F5,-55, WPA ,0.000000,0.000000,0.000,0.000,AP
2026-04-08 14:01:49,1900-01-00 00:00:00,0960-wombat,B8:27:EB:FF:C8:F5,-55, WPA ,0.000000,0.000000,0.000,0.000,AP
2026-04-08 14:01:49,1900-01-00 00:00:00,0960-wombat,B8:27:EB:FF:C8:F5,-55, WPA ,0.000000,0.000000,0.000,0.000,AP
2026-04-08 14:01:49,1900-01-00 00:00:00,0960-wombat,B8:27:EB:FF:C8:F5,-55, WPA ,0.000000,0.000000,0.000,0.000,AP
2026-04-08 14:01:49,1900-01-00 00:00:00,0960-wombat,B8:27:EB:FF:C8:F5,-55, WPA ,0.000000,0.000000,0.000,0.000,AP
2026-04-08 14:01:49,1900-01-00 00:00:00,0960-wombat,B8:27:EB:FF:C8:F5,-55, WPA ,0.000000,0.000000,0.000,0.000,AP
2026-04-08 14:01:49,1900-01-00 00:00:00,0960-wombat,B8:27:EB:FF:C8:F5,-55, WPA ,0.000000,0.000000,0.000,0.000,AP
2026-04-08 14:01:49,1900-01-00 00:00:00,0960-wombat,B8:27:EB:FF:C8:F5,-55, WPA ,0.000000,0.000000,0.000,0.000,AP
2026-04-08 14:01:49,1900-01-00 00:00:00,0960-wombat,B8:27:EB:FF:C8:F5,-55, WPA ,0.000000,0.000000,0.000,0.000,AP
2026-04-08 14:01:49,1900-01-00 00:00:00,0960-wombat,B8:27:EB:FF:C8:F5,-55, WPA ,0.000000,0.000000,0.000,0.000,AP
2026-04-08 14:01:49,1900-01-00 00:00:00,0960-wombat,B8:27:EB:FF:C8:F5,-55, WPA ,0.000000,0.000000,0.000,0.000,AP
2026-04-08 14:01:49,1900-01-00 00:00:00,0960-wombat,B8:27:EB:FF:C8:F5,-55, WPA ,0.000000,0.000000,0.000,0.000,AP
2026-04-08 14:01:49,1900-01-00 00:00:00,0960-wombat,B8:27:EB:FF:C8:F5,-55, WPA ,0.000000,0.000000,0.000,0.000,AP
2026-04-08 14:01:49,1900-01-00 00:00:00,0960-wombat,B8:27:EB:FF:C8:F5,-55, WPA ,0.000000,0.000000,0.000,0.000,AP
2026-04-08 14:01:49,1900-01-00 00:00:00,0960-wombat,B8:27:EB:FF:C8:F5,-55, WPA ,0.000000,0.000000,0.000,0.000,AP
2026-04-08 14:01:49,1900-01-00 00:00:00,0960-wombat,B8:27:EB:FF:C8:F5,-55, WPA ,0.000000,0.000000,0.000,0.000,AP
2026-04-08 14:01:49,1900-01-00 00:00:00,0960-wombat,B8:27:EB:FF:C8:F5,-55, WPA ,0.000000,0.000000,0.000,0.000,AP
2026-04-08 14:01:49,1900-01-00 00:00:00,0960-wombat,B8:27:EB:FF:C8:F5,-49, WPA ,0.000000,0.000000,0.000,0.000,AP
2026-04-08 14:01:49,1900-01-00 00:00:00,0960-wombat,B8:27:EB:FF:C8:F5,-49, WPA ,0.000000,0.000000,0.000,0.000,AP
2026-04-08 14:01:49,1900-01-00 00:00:00,0960-wombat,B8:27:EB:FF:C8:F5,-49, WPA ,0.000000,0.000000,0.000,0.000,AP
2026-04-08 14:01:49,1900-01-00 00:00:00,0960-wombat,B8:27:EB:FF:C8:F5,-49, WPA ,0.000000,0.000000,0.000,0.000,AP
2026-04-08 14:01:49,1900-01-00 00:00:00,0960-wombat,B8:27:EB:FF:C8:F5,-49, WPA ,0.000000,0.000000,0.000,0.000,AP
2026-04-08 14:01:49,1900-01-00 00:00:00,0960-wombat,B8:27:EB:FF:C8:F5,-49, WPA ,0.000000,0.000000,0.000,0.000,AP
2026-04-08 14:01:49,1900-01-00 00:00:00,0960-wombat,B8:27:EB:FF:C8:F5,-30, WPA ,0.000000,0.000000,0.000,0.000,AP
2026-04-08 14:01:49,1900-01-00 00:00:00,0960-wombat,B8:27:EB:FF:C8:F5,-30, WPA ,0.000000,0.000000,0.000,0.000,AP
2026-04-08 14:01:49,1900-01-00 00:00:00,0960-wombat,B8:27:EB:FF:C8:F5,-30, WPA ,0.000000,0.000000,0.000,0.000,AP
2026-04-08 14:01:49,1900-01-00 00:00:00,0960-wombat,B8:27:EB:FF:C8:F5,-30, WPA ,0.000000,0.000000,0.000,0.000,AP
2026-04-08 14:01:49,1900-01-00 00:00:00,0960-wombat,B8:27:EB:FF:C8:F5,-30, WPA ,0.000000,0.000000,0.000,0.000,AP
2026-04-08 14:01:49,1900-01-00 00:00:00,0960-wombat,B8:27:EB:FF:C8:F5,-30, WPA ,0.000000,0.000000,0.000,0.000,AP
2026-04-08 14:01:49,1900-01-00 00:00:00,0960-wombat,B8:27:EB:FF:C8:F5,-30, WPA ,0.000000,0.000000,0.000,0.000,AP
2026-04-08 14:01:49,1900-01-00 00:00:00,0960-wombat,B8:27:EB:FF:C8:F5,-30, WPA ,0.000000,0.000000,0.000,0.000,AP
2026-04-08 14:01:49,1900-01-00 00:00:00,0960-wombat,B8:27:EB:FF:C8:F5,-30, WPA ,0.000000,0.000000,0.000,0.000,AP
2026-04-08 14:01:49,1900-01-00 00:00:00,0960-wombat,B8:27:EB:FF:C8:F5,-54, WPA ,0.000000,0.000000,0.000,0.000,AP
2026-04-08 14:01:49,1900-01-00 00:00:00,0960-wombat,B8:27:EB:FF:C8:F5,-54, WPA ,0.000000,0.000000,0.000,0.000,AP
2026-04-08 14:01:49,1900-01-00 00:00:00,0960-wombat,B8:27:EB:FF:C8:F5,-54, WPA ,0.000000,0.000000,0.000,0.000,AP
2026-04-08 14:01:49,1900-01-00 00:00:00,0960-wombat,B8:27:EB:FF:C8:F5,-54, WPA ,0.000000,0.000000,0.000,0.000,AP
2026-04-08 14:01:49,1900-01-00 00:00:00,0960-wombat,B8:27:EB:FF:C8:F5,-49, WPA ,0.000000,0.000000,0.000,0.000,AP
2026-04-08 14:01:49,1900-01-00 00:00:00,0960-wombat,B8:27:EB:FF:C8:F5,-49, WPA ,0.000000,0.000000,0.000,0.000,AP
2026-04-08 14:01:49,1900-01-00 00:00:00,0960-wombat,B8:27:EB:FF:C8:F5,-55, WPA ,0.000000,0.000000,0.000,0.000,AP
2026-04-08 14:01:49,1900-01-00 00:00:00,0960-wombat,B8:27:EB:FF:C8:F5,-49, WPA ,0.000000,0.000000,0.000,0.000,AP
2026-04-08 14:01:49,1900-01-00 00:00:00,0960-wombat,B8:27:EB:FF:C8:F5,-49, WPA ,0.000000,0.000000,0.000,0.000,AP
2026-04-08 14:01:49,1900-01-00 00:00:00,0960-wombat,B8:27:EB:FF:C8:F5,-49, WPA ,0.000000,0.000000,0.000,0.000,AP
2026-04-08 14:01:49,1900-01-00 00:00:00,0960-wombat,B8:27:EB:FF:C8:F5,-49, WPA ,0.000000,0.000000,0.000,0.000,AP
2026-04-08 14:01:49,1900-01-00 00:00:00,0960-wombat,B8:27:EB:FF:C8:F5,-49, WPA ,0.000000,0.000000,0.000,0.000,AP
2026-04-08 14:01:49,1900-01-00 00:00:00,0960-wombat,B8:27:EB:FF:C8:F5,-50, WPA ,0.000000,0.000000,0.000,0.000,AP
2026-04-08 14:01:49,1900-01-00 00:00:00,0960-wombat,B8:27:EB:FF:C8:F5,-50, WPA ,0.000000,0.000000,0.000,0.000,AP
2026-04-08 14:01:49,1900-01-00 00:00:00,0960-wombat,B8:27:EB:FF:C8:F5,-50, WPA ,0.000000,0.000000,0.000,0.000,AP
2026-04-08 14:01:49,1900-01-00 00:00:00,0960-wombat,B8:27:EB:FF:C8:F5,-55, WPA ,0.000000,0.000000,0.000,0.000,AP
2026-04-08 14:01:49,1900-01-00 00:00:00,0960-wombat,B8:27:EB:FF:C8:F5,-49, WPA ,0.000000,0.000000,0.000,0.000,AP
2026-04-08 14:01:49,1900-01-00 00:00:00,0960-wombat,B8:27:EB:FF:C8:F5,-49, WPA ,0.000000,0.000000,0.000,0.000,AP
2026-04-08 14:01:49,1900-01-00 00:00:00,0960-wombat,B8:27:EB:FF:C8:F5,-49, WPA ,0.000000,0.000000,0.000,0.000,AP
2026-04-08 14:01:49,1900-01-00 00:00:00,0960-wombat,B8:27:EB:FF:C8:F5,-55, WPA ,0.000000,0.000000,0.000,0.000,AP
2026-04-08 14:01:49,1900-01-00 00:00:00,0960-wombat,B8:27:EB:FF:C8:F5,-54, WPA ,0.000000,0.000000,0.000,0.000,AP
2026-04-08 14:01:49,1900-01-00 00:00:00,0960-wombat,B8:27:EB:FF:C8:F5,-54, WPA ,0.000000,0.000000,0.000,0.000,AP
2026-04-08 14:01:49,1900-01-00 00:00:00,0960-wombat,B8:27:EB:FF:C8:F5,-53, WPA ,0.000000,0.000000,0.000,0.000,AP
2026-04-08 14:01:49,1900-01-00 00:00:00,0960-wombat,B8:27:EB:FF:C8:F5,-54, WPA ,0.000000,0.000000,0.000,0.000,AP
2026-04-08 14:01:49,1900-01-00 00:00:00,0960-wombat,B8:27:EB:FF:C8:F5,-53, WPA ,0.000000,0.000000,0.000,0.000,AP
2026-04-08 14:01:49,1900-01-00 00:00:00,0960-wombat,B8:27:EB:FF:C8:F5,-54, WPA ,0.000000,0.000000,0.000,0.000,AP
2026-04-08 14:01:49,1900-01-00 00:00:00,0960-wombat,B8:27:EB:FF:C8:F5,-54, WPA ,0.000000,0.000000,0.000,0.000,AP
2026-04-08 14:01:49,1900-01-00 00:00:00,0960-wombat,B8:27:EB:FF:C8:F5,-54, WPA ,0.000000,0.000000,0.000,0.000,AP
2026-04-08 14:01:49,1900-01-00 00:00:00,0960-wombat,B8:27:EB:FF:C8:F5,-54, WPA ,0.000000,0.000000,0.000,0.000,AP
2026-04-08 14:01:49,1900-01-00 00:00:00,0960-wombat,B8:27:EB:FF:C8:F5,-54, WPA ,0.000000,0.000000,0.000,0.000,AP
2026-04-08 14:01:49,1900-01-00 00:00:00,0960-wombat,B8:27:EB:FF:C8:F5,-54, WPA ,0.000000,0.000000,0.000,0.000,AP
2026-04-08 14:01:49,1900-01-00 00:00:00,0960-wombat,B8:27:EB:FF:C8:F5,-47, WPA ,0.000000,0.000000,0.000,0.000,AP
2026-04-08 14:01:49,1900-01-00 00:00:00,0960-wombat,B8:27:EB:FF:C8:F5,-54, WPA ,0.000000,0.000000,0.000,0.000,AP
2026-04-08 14:01:49,1900-01-00 00:00:00,0960-wombat,B8:27:EB:FF:C8:F5,-54, WPA ,0.000000,0.000000,0.000,0.000,AP
2026-04-08 14:01:49,1900-01-00 00:00:00,0960-wombat,B8:27:EB:FF:C8:F5,-54, WPA ,0.000000,0.000000,0.000,0.000,AP
2026-04-08 14:01:49,1900-01-00 00:00:00,0960-wombat,B8:27:EB:FF:C8:F5,-48, WPA ,0.000000,0.000000,0.000,0.000,AP
2026-04-08 14:01:49,1900-01-00 00:00:00,0960-wombat,B8:27:EB:FF:C8:F5,-48, WPA ,0.000000,0.000000,0.000,0.000,AP
2026-04-08 14:01:49,1900-01-00 00:00:00,0960-wombat,B8:27:EB:FF:C8:F5,-55, WPA ,0.000000,0.000000,0.000,0.000,AP
2026-04-08 14:01:49,1900-01-00 00:00:00,0960-wombat,B8:27:EB:FF:C8:F5,-55, WPA ,0.000000,0.000000,0.000,0.000,AP
2026-04-08 14:01:49,1900-01-00 00:00:00,0960-wombat,B8:27:EB:FF:C8:F5,-54, WPA ,0.000000,0.000000,0.000,0.000,AP
2026-04-08 14:01:49,1900-01-00 00:00:00,0960-wombat,B8:27:EB:FF:C8:F5,-55, WPA ,0.000000,0.000000,0.000,0.000,AP
2026-04-08 14:01:49,1900-01-00 00:00:00,0960-wombat,B8:27:EB:FF:C8:F5,-54, WPA ,0.000000,0.000000,0.000,0.000,AP
2026-04-08 14:01:49,1900-01-00 00:00:00,0960-wombat,B8:27:EB:FF:C8:F5,-54, WPA ,0.000000,0.000000,0.000,0.000,AP
2026-04-08 14:01:49,1900-01-00 00:00:00,0960-wombat,B8:27:EB:FF:C8:F5,-54, WPA ,0.000000,0.000000,0.000,0.000,AP
2026-04-08 14:01:49,1900-01-00 00:00:00,0960-wombat,B8:27:EB:FF:C8:F5,-49, WPA ,0.000000,0.000000,0.000,0.000,AP
2026-04-08 14:01:49,1900-01-00 00:00:00,0960-wombat,B8:27:EB:FF:C8:F5,-49, WPA ,0.000000,0.000000,0.000,0.000,AP
2026-04-08 14:01:49,1900-01-00 00:00:00,0960-wombat,B8:27:EB:FF:C8:F5,-49, WPA ,0.000000,0.000000,0.000,0.000,AP
2026-04-08 14:01:49,1900-01-00 00:00:00,0960-wombat,B8:27:EB:FF:C8:F5,-55, WPA ,0.000000,0.000000,0.000,0.000,AP
2026-04-08 14:01:49,1900-01-00 00:00:00,0960-wombat,B8:27:EB:FF:C8:F5,-57, WPA ,0.000000,0.000000,0.000,0.000,AP
2026-04-08 14:01:49,1900-01-00 00:00:00,0960-wombat,B8:27:EB:FF:C8:F5,-54, WPA ,0.000000,0.000000,0.000,0.000,AP
2026-04-08 14:01:49,1900-01-00 00:00:00,0960-wombat,B8:27:EB:FF:C8:F5,-54, WPA ,0.000000,0.000000,0.000,0.000,AP
2026-04-08 14:01:49,1900-01-00 00:00:00,0960-wombat,B8:27:EB:FF:C8:F5,-55, WPA ,0.000000,0.000000,0.000,0.000,AP
2026-04-08 14:01:49,1900-01-00 00:00:00,0960-wombat,B8:27:EB:FF:C8:F5,-54, WPA ,0.000000,0.000000,0.000,0.000,AP
2026-04-08 14:01:49,1900-01-00 00:00:00,0960-wombat,B8:27:EB:FF:C8:F5,-55, WPA ,0.000000,0.000000,0.000,0.000,AP
2026-04-08 14:01:49,1900-01-00 00:00:00,0960-wombat,B8:27:EB:FF:C8:F5,-55, WPA ,0.000000,0.000000,0.000,0.000,AP
2026-04-08 14:01:49,1900-01-00 00:00:00,0960-wombat,B8:27:EB:FF:C8:F5,-55, WPA ,0.000000,0.000000,0.000,0.000,AP
2026-04-08 14:01:49,1900-01-00 00:00:00,0960-wombat,B8:27:EB:FF:C8:F5,-54, WPA ,0.000000,0.000000,0.000,0.000,AP
2026-04-08 14:01:49,1900-01-00 00:00:00,0960-wombat,B8:27:EB:FF:C8:F5,-54, WPA ,0.000000,0.000000,0.000,0.000,AP
2026-04-08 14:01:49,1900-01-00 00:00:00,0960-wombat,B8:27:EB:FF:C8:F5,-54, WPA ,0.000000,0.000000,0.000,0.000,AP
2026-04-08 14:01:49,1900-01-00 00:00:00,0960-wombat,B8:27:EB:FF:C8:F5,-50, WPA ,0.000000,0.000000,0.000,0.000,AP
2026-04-08 14:01:49,1900-01-00 00:00:00,0960-wombat,B8:27:EB:FF:C8:F5,-55, WPA ,0.000000,0.000000,0.000,0.000,AP
2026-04-08 14:01:49,1900-01-00 00:00:00,0960-wombat,B8:27:EB:FF:C8:F5,-49, WPA ,0.000000,0.000000,0.000,0.000,AP
2026-04-08 14:01:49,1900-01-00 00:00:00,0960-wombat,B8:27:EB:FF:C8:F5,-50, WPA ,0.000000,0.000000,0.000,0.000,AP
2026-04-08 14:01:49,1900-01-00 00:00:00,0960-wombat,B8:27:EB:FF:C8:F5,-50, WPA ,0.000000,0.000000,0.000,0.000,AP
2026-04-08 14:01:49,1900-01-00 00:00:00,0960-wombat,B8:27:EB:FF:C8:F5,-50, WPA ,0.000000,0.000000,0.000,0.000,AP
2026-04-08 14:01:49,1900-01-00 00:00:00,0960-wombat,B8:27:EB:FF:C8:F5,-49, WPA ,0.000000,0.000000,0.000,0.000,AP
2026-04-08 14:01:49,1900-01-00 00:00:00,0960-wombat,B8:27:EB:FF:C8:F5,-50, WPA ,0.000000,0.000000,0.000,0.000,AP
2026-04-08 14:01:49,1900-01-00 00:00:00,0960-wombat,B8:27:EB:FF:C8:F5,-50, WPA ,0.000000,0.000000,0.000,0.000,AP
2026-04-08 14:01:49,1900-01-00 00:00:00,0960-wombat,B8:27:EB:FF:C8:F5,-50, WPA ,0.000000,0.000000,0.000,0.000,AP
2026-04-08 14:01:49,1900-01-00 00:00:00,0960-wombat,B8:27:EB:FF:C8:F5,-50, WPA ,0.000000,0.000000,0.000,0.000,AP
2026-04-08 14:01:49,1900-01-00 00:00:00,0960-wombat,B8:27:EB:FF:C8:F5,-51, WPA ,0.000000,0.000000,0.000,0.000,AP
2026-04-08 14:01:49,1900-01-00 00:00:00,0960-wombat,B8:27:EB:FF:C8:F5,-51, WPA ,0.000000,0.000000,0.000,0.000,AP
2026-04-08 14:01:49,1900-01-00 00:00:00,0960-wombat,B8:27:EB:FF:C8:F5,-50, WPA ,0.000000,0.000000,0.000,0.000,AP
2026-04-08 14:01:49,1900-01-00 00:00:00,0960-wombat,B8:27:EB:FF:C8:F5,-51, WPA ,0.000000,0.000000,0.000,0.000,AP
2026-04-08 14:01:49,1900-01-00 00:00:00,0960-wombat,B8:27:EB:FF:C8:F5,-51, WPA ,0.000000,0.000000,0.000,0.000,AP
2026-04-08 14:01:49,1900-01-00 00:00:00,0960-wombat,B8:27:EB:FF:C8:F5,-51, WPA ,0.000000,0.000000,0.000,0.000,AP
2026-04-08 14:01:49,1900-01-00 00:00:00,0960-wombat,B8:27:EB:FF:C8:F5,-51, WPA ,0.000000,0.000000,0.000,0.000,AP
2026-04-08 14:01:49,1900-01-00 00:00:00,0960-wombat,B8:27:EB:FF:C8:F5,-28, WPA ,0.000000,0.000000,0.000,0.000,AP
2026-04-08 14:01:49,1900-01-00 00:00:00,0960-wombat,B8:27:EB:FF:C8:F5,-50, WPA ,0.000000,0.000000,0.000,0.000,AP
2026-04-08 14:01:49,1900-01-00 00:00:00,0960-wombat,B8:27:EB:FF:C8:F5,-50, WPA ,0.000000,0.000000,0.000,0.000,AP
2026-04-08 14:01:49,1900-01-00 00:00:00,0960-wombat,B8:27:EB:FF:C8:F5,-55, WPA ,0.000000,0.000000,0.000,0.000,AP
2026-04-08 14:01:49,1900-01-00 00:00:00,0960-wombat,B8:27:EB:FF:C8:F5,-50, WPA ,0.000000,0.000000,0.000,0.000,AP
2026-04-08 14:01:49,1900-01-00 00:00:00,0960-wombat,B8:27:EB:FF:C8:F5,-50, WPA ,0.000000,0.000000,0.000,0.000,AP
2026-04-08 14:01:49,1900-01-00 00:00:00,0960-wombat,B8:27:EB:FF:C8:F5,-50, WPA ,0.000000,0.000000,0.000,0.000,AP
2026-04-08 14:01:49,1900-01-00 00:00:00,0960-wombat,B8:27:EB:FF:C8:F5,-51, WPA ,0.000000,0.000000,0.000,0.000,AP
2026-04-08 14:01:49,1900-01-00 00:00:00,0960-wombat,B8:27:EB:FF:C8:F5,-51, WPA ,0.000000,0.000000,0.000,0.000,AP
2026-04-08 14:01:49,1900-01-00 00:00:00,0960-wombat,B8:27:EB:FF:C8:F5,-51, WPA ,0.000000,0.000000,0.000,0.000,AP
2026-04-08 14:01:49,1900-01-00 00:00:00,0960-wombat,B8:27:EB:FF:C8:F5,-51, WPA ,0.000000,0.000000,0.000,0.000,AP
2026-04-08 14:01:49,1900-01-00 00:00:00,0960-wombat,B8:27:EB:FF:C8:F5,-52, WPA ,0.000000,0.000000,0.000,0.000,AP
2026-04-08 14:01:49,1900-01-00 00:00:00,0960-wombat,B8:27:EB:FF:C8:F5,-52, WPA ,0.000000,0.000000,0.000,0.000,AP
2026-04-08 14:01:49,1900-01-00 00:00:00,0960-wombat,B8:27:EB:FF:C8:F5,-56, WPA ,0.000000,0.000000,0.000,0.000,AP
2026-04-08 14:01:49,1900-01-00 00:00:00,0960-wombat,B8:27:EB:FF:C8:F5,-55, WPA ,0.000000,0.000000,0.000,0.000,AP
2026-04-08 14:01:49,1900-01-00 00:00:00,0960-wombat,B8:27:EB:FF:C8:F5,-56, WPA ,0.000000,0.000000,0.000,0.000,AP
2026-04-08 14:01:49,1900-01-00 00:00:00,0960-wombat,B8:27:EB:FF:C8:F5,-55, WPA ,0.000000,0.000000,0.000,0.000,AP
2026-04-08 14:01:49,1900-01-00 00:00:00,0960-wombat,B8:27:EB:FF:C8:F5,-52, WPA ,0.000000,0.000000,0.000,0.000,AP
2026-04-08 14:01:49,1900-01-00 00:00:00,0960-wombat,B8:27:EB:FF:C8:F5,-52, WPA ,0.000000,0.000000,0.000,0.000,AP
2026-04-08 14:01:49,1900-01-00 00:00:00,0960-wombat,B8:27:EB:FF:C8:F5,-55, WPA ,0.000000,0.000000,0.000,0.000,AP
2026-04-08 14:01:49,1900-01-00 00:00:00,0960-wombat,B8:27:EB:FF:C8:F5,-54, WPA ,0.000000,0.000000,0.000,0.000,AP
2026-04-08 14:01:49,1900-01-00 00:00:00,0960-wombat,B8:27:EB:FF:C8:F5,-55, WPA ,0.000000,0.000000,0.000,0.000,AP
2026-04-08 14:01:49,1900-01-00 00:00:00,0960-wombat,B8:27:EB:FF:C8:F5,-55, WPA ,0.000000,0.000000,0.000,0.000,AP
2026-04-08 14:01:49,1900-01-00 00:00:00,0960-wombat,B8:27:EB:FF:C8:F5,-55, WPA ,0.000000,0.000000,0.000,0.000,AP
2026-04-08 14:01:49,1900-01-00 00:00:00,0960-wombat,B8:27:EB:FF:C8:F5,-55, WPA ,0.000000,0.000000,0.000,0.000,AP
2026-04-08 14:01:49,1900-01-00 00:00:00,0960-wombat,B8:27:EB:FF:C8:F5,-50, WPA ,0.000000,0.000000,0.000,0.000,AP
2026-04-08 14:01:49,1900-01-00 00:00:00,0960-wombat,B8:27:EB:FF:C8:F5,-50, WPA ,0.000000,0.000000,0.000,0.000,AP
2026-04-08 14:01:49,1900-01-00 00:00:00,0960-wombat,B8:27:EB:FF:C8:F5,-55, WPA ,0.000000,0.000000,0.000,0.000,AP
2026-04-08 14:01:49,1900-01-00 00:00:00,0960-wombat,B8:27:EB:FF:C8:F5,-55, WPA ,0.000000,0.000000,0.000,0.000,AP
2026-04-08 14:01:49,1900-01-00 00:00:00,0960-wombat,B8:27:EB:FF:C8:F5,-55, WPA ,0.000000,0.000000,0.000,0.000,AP
2026-04-08 14:01:49,1900-01-00 00:00:00,0960-wombat,B8:27:EB:FF:C8:F5,-55, WPA ,0.000000,0.000000,0.000,0.000,AP
2026-04-08 14:01:49,1900-01-00 00:00:00,0960-wombat,B8:27:EB:FF:C8:F5,-55, WPA ,0.000000,0.000000,0.000,0.000,AP
2026-04-08 14:01:49,1900-01-00 00:00:00,0960-wombat,B8:27:EB:FF:C8:F5,-55, WPA ,0.000000,0.000000,0.000,0.000,AP
2026-04-08 14:01:49,1900-01-00 00:00:00,0960-wombat,B8:27:EB:FF:C8:F5,-55, WPA ,0.000000,0.000000,0.000,0.000,AP
2026-04-08 14:01:49,1900-01-00 00:00:00,0960-wombat,B8:27:EB:FF:C8:F5,-55, WPA ,0.000000,0.000000,0.000,0.000,AP
2026-04-08 14:01:49,1900-01-00 00:00:00,0960-wombat,B8:27:EB:FF:C8:F5,-55, WPA ,0.000000,0.000000,0.000,0.000,AP
2026-04-08 14:01:49,1900-01-00 00:00:00,0960-wombat,B8:27:EB:FF:C8:F5,-55, WPA ,0.000000,0.000000,0.000,0.000,AP
2026-04-08 14:01:49,1900-01-00 00:00:00,0960-wombat,B8:27:EB:FF:C8:F5,-55, WPA ,0.000000,0.000000,0.000,0.000,AP
2026-04-08 14:01:49,1900-01-00 00:00:00,0960-wombat,B8:27:EB:FF:C8:F5,-55, WPA ,0.000000,0.000000,0.000,0.000,AP
2026-04-08 14:01:49,1900-01-00 00:00:00,0960-wombat,B8:27:EB:FF:C8:F5,-55, WPA ,0.000000,0.000000,0.000,0.000,AP
2026-04-08 14:01:49,1900-01-00 00:00:00,0960-wombat,B8:27:EB:FF:C8:F5,-55, WPA ,0.000000,0.000000,0.000,0.000,AP
2026-04-08 14:01:49,1900-01-00 00:00:00,0960-wombat,B8:27:EB:FF:C8:F5,-55, WPA ,0.000000,0.000000,0.000,0.000,AP
2026-04-08 14:01:49,1900-01-00 00:00:00,0960-wombat,B8:27:EB:FF:C8:F5,-55, WPA ,0.000000,0.000000,0.000,0.000,AP
2026-04-08 14:01:49,1900-01-00 00:00:00,0960-wombat,B8:27:EB:FF:C8:F5,-55, WPA ,0.000000,0.000000,0.000,0.000,AP
2026-04-08 14:01:49,1900-01-00 00:00:00,0960-wombat,B8:27:EB:FF:C8:F5,-55, WPA ,0.000000,0.000000,0.000,0.000,AP
2026-04-08 14:01:49,1900-01-00 00:00:00,0960-wombat,B8:27:EB:FF:C8:F5,-55, WPA ,0.000000,0.000000,0.000,0.000,AP
2026-04-08 14:01:49,1900-01-00 00:00:00,0960-wombat,B8:27:EB:FF:C8:F5,-50, WPA ,0.000000,0.000000,0.000,0.000,AP
2026-04-08 14:01:49,1900-01-00 00:00:00,0960-wombat,B8:27:EB:FF:C8:F5,-50, WPA ,0.000000,0.000000,0.000,0.000,AP
2026-04-08 14:01:49,1900-01-00 00:00:00,0960-wombat,B8:27:EB:FF:C8:F5,-50, WPA ,0.000000,0.000000,0.000,0.000,AP
2026-04-08 14:01:49,1900-01-00 00:00:00,0960-wombat,B8:27:EB:FF:C8:F5,-28, WPA ,0.000000,0.000000,0.000,0.000,AP
2026-04-08 14:01:49,1900-01-00 00:00:00,0960-wombat,B8:27:EB:FF:C8:F5,-28, WPA ,0.000000,0.000000,0.000,0.000,AP
2026-04-08 14:01:49,1900-01-00 00:00:00,0960-wombat,B8:27:EB:FF:C8:F5,-23, WPA ,0.000000,0.000000,0.000,0.000,AP
2026-04-08 14:01:49,1900-01-00 00:00:00,0960-wombat,B8:27:EB:FF:C8:F5,-28, WPA ,0.000000,0.000000,0.000,0.000,AP
2026-04-08 14:01:49,1900-01-00 00:00:00,0960-wombat,B8:27:EB:FF:C8:F5,-28, WPA ,0.000000,0.000000,0.000,0.000,AP
2026-04-08 14:01:49,1900-01-00 00:00:00,0960-wombat,B8:27:EB:FF:C8:F5,-28, WPA ,0.000000,0.000000,0.000,0.000,AP
2026-04-08 14:01:49,1900-01-00 00:00:00,0960-wombat,B8:27:EB:FF:C8:F5,-29, WPA ,0.000000,0.000000,0.000,0.000,AP
2026-04-08 14:01:49,1900-01-00 00:00:00,0960-wombat,B8:27:EB:FF:C8:F5,-29, WPA ,0.000000,0.000000,0.000,0.000,AP
2026-04-08 14:01:49,1900-01-00 00:00:00,0960-wombat,B8:27:EB:FF:C8:F5,-31, WPA ,0.000000,0.000000,0.000,0.000,AP
2026-04-08 14:01:49,1900-01-00 00:00:00,0960-wombat,B8:27:EB:FF:C8:F5,-23, WPA ,0.000000,0.000000,0.000,0.000,AP
2026-04-08 14:01:49,1900-01-00 00:00:00,0960-wombat,B8:27:EB:FF:C8:F5,-28, WPA ,0.000000,0.000000,0.000,0.000,AP
2026-04-08 14:01:49,1900-01-00 00:00:00,0960-wombat,B8:27:EB:FF:C8:F5,-23, WPA ,0.000000,0.000000,0.000,0.000,AP
2026-04-08 14:01:49,1900-01-00 00:00:00,0960-wombat,B8:27:EB:FF:C8:F5,-24, WPA ,0.000000,0.000000,0.000,0.000,AP
2026-04-08 14:01:49,1900-01-00 00:00:00,0960-wombat,B8:27:EB:FF:C8:F5,-24, WPA ,0.000000,0.000000,0.000,0.000,AP
2026-04-08 14:01:49,1900-01-00 00:00:00,0960-wombat,B8:27:EB:FF:C8:F5,-52, WPA ,0.000000,0.000000,0.000,0.000,AP
2026-04-08 14:01:49,1900-01-00 00:00:00,0960-wombat,B8:27:EB:FF:C8:F5,-52, WPA ,0.000000,0.000000,0.000,0.000,AP
2026-04-08 14:01:49,1900-01-00 00:00:00,0960-wombat,B8:27:EB:FF:C8:F5,-55, WPA ,0.000000,0.000000,0.000,0.000,AP
2026-04-08 14:01:49,1900-01-00 00:00:00,0960-wombat,B8:27:EB:FF:C8:F5,-55, WPA ,0.000000,0.000000,0.000,0.000,AP
2026-04-08 14:01:49,1900-01-00 00:00:00,0960-wombat,B8:27:EB:FF:C8:F5,-55, WPA ,0.000000,0.000000,0.000,0.000,AP
2026-04-08 14:01:49,1900-01-00 00:00:00,0960-wombat,B8:27:EB:FF:C8:F5,-55, WPA ,0.000000,0.000000,0.000,0.000,AP
2026-04-08 14:01:49,1900-01-00 00:00:00,0960-wombat,B8:27:EB:FF:C8:F5,-55, WPA ,0.000000,0.000000,0.000,0.000,AP
2026-04-08 14:01:49,1900-01-00 00:00:00,0960-wombat,B8:27:EB:FF:C8:F5,-55, WPA ,0.000000,0.000000,0.000,0.000,AP
2026-04-08 14:01:49,1900-01-00 00:00:00,0960-wombat,B8:27:EB:FF:C8:F5,-55, WPA ,0.000000,0.000000,0.000,0.000,AP
2026-04-08 14:01:49,1900-01-00 00:00:00,0960-wombat,B8:27:EB:FF:C8:F5,-55, WPA ,0.000000,0.000000,0.000,0.000,AP
2026-04-08 14:01:49,1900-01-00 00:00:00,0960-wombat,B8:27:EB:FF:C8:F5,-55, WPA ,0.000000,0.000000,0.000,0.000,AP
2026-04-08 14:01:49,1900-01-00 00:00:00,0960-wombat,B8:27:EB:FF:C8:F5,-55, WPA ,0.000000,0.000000,0.000,0.000,AP
2026-04-08 14:01:49,1900-01-00 00:00:00,0960-wombat,B8:27:EB:FF:C8:F5,-55, WPA ,0.000000,0.000000,0.000,0.000,AP
2026-04-08 14:01:49,1900-01-00 00:00:00,0960-wombat,B8:27:EB:FF:C8:F5,-55, WPA ,0.000000,0.000000,0.000,0.000,AP
2026-04-08 14:01:49,1900-01-00 00:00:00,0960-wombat,B8:27:EB:FF:C8:F5,-55, WPA ,0.000000,0.000000,0.000,0.000,AP
2026-04-08 14:01:49,1900-01-00 00:00:00,0960-wombat,B8:27:EB:FF:C8:F5,-55, WPA ,0.000000,0.000000,0.000,0.000,AP
2026-04-08 14:01:49,1900-01-00 00:00:00,0960-wombat,B8:27:EB:FF:C8:F5,-55, WPA ,0.000000,0.000000,0.000,0.000,AP
2026-04-08 14:01:49,1900-01-00 00:00:00,0960-wombat,B8:27:EB:FF:C8:F5,-55, WPA ,0.000000,0.000000,0.000,0.000,AP
2026-04-08 14:01:49,1900-01-00 00:00:00,0960-wombat,B8:27:EB:FF:C8:F5,-55, WPA ,0.000000,0.000000,0.000,0.000,AP
2026-04-08 14:01:49,1900-01-00 00:00:00,0960-wombat,B8:27:EB:FF:C8:F5,-55, WPA ,0.000000,0.000000,0.000,0.000,AP
2026-04-08 14:01:49,1900-01-00 00:00:00,0960-wombat,B8:27:EB:FF:C8:F5,-55, WPA ,0.000000,0.000000,0.000,0.000,AP
2026-04-08 14:01:49,1900-01-00 00:00:00,0960-wombat,B8:27:EB:FF:C8:F5,-55, WPA ,0.000000,0.000000,0.000,0.000,AP
2026-04-08 14:01:49,1900-01-00 00:00:00,0960-wombat,B8:27:EB:FF:C8:F5,-55, WPA ,0.000000,0.000000,0.000,0.000,AP
2026-04-08 14:01:49,1900-01-00 00:00:00,0960-wombat,B8:27:EB:FF:C8:F5,-55, WPA ,0.000000,0.000000,0.000,0.000,AP
2026-04-08 14:01:49,1900-01-00 00:00:00,0960-wombat,B8:27:EB:FF:C8:F5,-29, WPA ,0.000000,0.000000,0.000,0.000,AP
2026-04-08 14:01:49,1900-01-00 00:00:00,0960-wombat,B8:27:EB:FF:C8:F5,-51, WPA ,0.000000,0.000000,0.000,0.000,AP
2026-04-08 14:01:49,1900-01-00 00:00:00,0960-wombat,B8:27:EB:FF:C8:F5,-51, WPA ,0.000000,0.000000,0.000,0.000,AP
2026-04-08 14:01:49,1900-01-00 00:00:00,0960-wombat,B8:27:EB:FF:C8:F5,-51, WPA ,0.000000,0.000000,0.000,0.000,AP
2026-04-08 14:01:49,1900-01-00 00:00:00,0960-wombat,B8:27:EB:FF:C8:F5,-55, WPA ,0.000000,0.000000,0.000,0.000,AP
2026-04-08 14:01:49,1900-01-00 00:00:00,0960-wombat,B8:27:EB:FF:C8:F5,-29, WPA ,0.000000,0.000000,0.000,0.000,AP
2026-04-08 14:01:49,1900-01-00 00:00:00,0960-wombat,B8:27:EB:FF:C8:F5,-53, WPA ,0.000000,0.000000,0.000,0.000,AP
2026-04-08 14:01:49,1900-01-00 00:00:00,0960-wombat,B8:27:EB:FF:C8:F5,-51, WPA ,0.000000,0.000000,0.000,0.000,AP
2026-04-08 14:01:49,1900-01-00 00:00:00,0960-wombat,B8:27:EB:FF:C8:F5,-51, WPA ,0.000000,0.000000,0.000,0.000,AP
2026-04-08 14:01:49,1900-01-00 00:00:00,0960-wombat,B8:27:EB:FF:C8:F5,-51, WPA ,0.000000,0.000000,0.000,0.000,AP
2026-04-08 14:01:49,1900-01-00 00:00:00,0960-wombat,B8:27:EB:FF:C8:F5,-51, WPA ,0.000000,0.000000,0.000,0.000,AP
2026-04-08 14:01:49,1900-01-00 00:00:00,0960-wombat,B8:27:EB:FF:C8:F5,-51, WPA ,0.000000,0.000000,0.000,0.000,AP
2026-04-08 14:01:49,1900-01-00 00:00:00,0960-wombat,B8:27:EB:FF:C8:F5,-51, WPA ,0.000000,0.000000,0.000,0.000,AP
2026-04-08 14:01:49,1900-01-00 00:00:00,0960-wombat,B8:27:EB:FF:C8:F5,-51, WPA ,0.000000,0.000000,0.000,0.000,AP
2026-04-08 14:01:49,1900-01-00 00:00:00,0960-wombat,B8:27:EB:FF:C8:F5,-51, WPA ,0.000000,0.000000,0.000,0.000,AP
2026-04-08 14:01:49,1900-01-00 00:00:00,0960-wombat,B8:27:EB:FF:C8:F5,-51, WPA ,0.000000,0.000000,0.000,0.000,AP
2026-04-08 14:01:50,1900-01-00 00:00:00,0960-wombat,B8:27:EB:FF:C8:F5,-50, WPA ,0.000000,0.000000,0.000,0.000,AP
2026-04-08 14:01:50,1900-01-00 00:00:00,0960-wombat,B8:27:EB:FF:C8:F5,-51, WPA ,0.000000,0.000000,0.000,0.000,AP
2026-04-08 14:01:50,1900-01-00 00:00:00,0960-wombat,B8:27:EB:FF:C8:F5,-51, WPA ,0.000000,0.000000,0.000,0.000,AP
2026-04-08 14:01:50,1900-01-00 00:00:00,0960-wombat,B8:27:EB:FF:C8:F5,-49, WPA ,0.000000,0.000000,0.000,0.000,AP
2026-04-08 14:01:50,1900-01-00 00:00:00,0960-wombat,B8:27:EB:FF:C8:F5,-50, WPA ,0.000000,0.000000,0.000,0.000,AP
2026-04-08 14:01:50,1900-01-00 00:00:00,0960-wombat,B8:27:EB:FF:C8:F5,-51, WPA ,0.000000,0.000000,0.000,0.000,AP
2026-04-08 14:01:50,1900-01-00 00:00:00,0960-wombat,B8:27:EB:FF:C8:F5,-51, WPA ,0.000000,0.000000,0.000,0.000,AP
2026-04-08 14:01:50,1900-01-00 00:00:00,0960-wombat,B8:27:EB:FF:C8:F5,-50, WPA ,0.000000,0.000000,0.000,0.000,AP
2026-04-08 14:01:50,1900-01-00 00:00:00,0960-wombat,B8:27:EB:FF:C8:F5,-50, WPA ,0.000000,0.000000,0.000,0.000,AP
2026-04-08 14:01:50,1900-01-00 00:00:00,0960-wombat,B8:27:EB:FF:C8:F5,-50, WPA ,0.000000,0.000000,0.000,0.000,AP
2026-04-08 14:01:50,1900-01-00 00:00:00,0960-wombat,B8:27:EB:FF:C8:F5,-49, WPA ,0.000000,0.000000,0.000,0.000,AP
2026-04-08 14:01:50,1900-01-00 00:00:00,0960-wombat,B8:27:EB:FF:C8:F5,-50, WPA ,0.000000,0.000000,0.000,0.000,AP
2026-04-08 14:01:50,1900-01-00 00:00:00,0960-wombat,B8:27:EB:FF:C8:F5,-51, WPA ,0.000000,0.000000,0.000,0.000,AP
2026-04-08 14:01:50,1900-01-00 00:00:00,0960-wombat,B8:27:EB:FF:C8:F5,-50, WPA ,0.000000,0.000000,0.000,0.000,AP
2026-04-08 14:01:50,1900-01-00 00:00:00,0960-wombat,B8:27:EB:FF:C8:F5,-50, WPA ,0.000000,0.000000,0.000,0.000,AP
2026-04-08 14:01:50,1900-01-00 00:00:00,0960-wombat,B8:27:EB:FF:C8:F5,-50, WPA ,0.000000,0.000000,0.000,0.000,AP
2026-04-08 14:01:50,1900-01-00 00:00:00,0960-wombat,B8:27:EB:FF:C8:F5,-50, WPA ,0.000000,0.000000,0.000,0.000,AP
2026-04-08 14:01:50,1900-01-00 00:00:00,0960-wombat,B8:27:EB:FF:C8:F5,-50, WPA ,0.000000,0.000000,0.000,0.000,AP
2026-04-08 14:01:50,1900-01-00 00:00:00,0960-wombat,B8:27:EB:FF:C8:F5,-49, WPA ,0.000000,0.000000,0.000,0.000,AP
2026-04-08 14:01:50,1900-01-00 00:00:00,0960-wombat,B8:27:EB:FF:C8:F5,-50, WPA ,0.000000,0.000000,0.000,0.000,AP
2026-04-08 14:01:50,1900-01-00 00:00:00,0960-wombat,B8:27:EB:FF:C8:F5,-50, WPA ,0.000000,0.000000,0.000,0.000,AP
2026-04-08 14:01:50,1900-01-00 00:00:00,0960-wombat,B8:27:EB:FF:C8:F5,-50, WPA ,0.000000,0.000000,0.000,0.000,AP
2026-04-08 14:01:50,1900-01-00 00:00:00,0960-wombat,B8:27:EB:FF:C8:F5,-50, WPA ,0.000000,0.000000,0.000,0.000,AP
2026-04-08 14:01:50,1900-01-00 00:00:00,0960-wombat,B8:27:EB:FF:C8:F5,-50, WPA ,0.000000,0.000000,0.000,0.000,AP
2026-04-08 14:01:50,1900-01-00 00:00:00,0960-wombat,B8:27:EB:FF:C8:F5,-51, WPA ,0.000000,0.000000,0.000,0.000,AP
2026-04-08 14:01:50,1900-01-00 00:00:00,0960-wombat,B8:27:EB:FF:C8:F5,-51, WPA ,0.000000,0.000000,0.000,0.000,AP
2026-04-08 14:01:50,1900-01-00 00:00:00,0960-wombat,B8:27:EB:FF:C8:F5,-51, WPA ,0.000000,0.000000,0.000,0.000,AP
2026-04-08 14:01:50,1900-01-00 00:00:00,0960-wombat,B8:27:EB:FF:C8:F5,-50, WPA ,0.000000,0.000000,0.000,0.000,AP
2026-04-08 14:01:50,1900-01-00 00:00:00,0960-wombat,B8:27:EB:FF:C8:F5,-51, WPA ,0.000000,0.000000,0.000,0.000,AP
2026-04-08 14:01:50,1900-01-00 00:00:00,0960-wombat,B8:27:EB:FF:C8:F5,-50, WPA ,0.000000,0.000000,0.000,0.000,AP
2026-04-08 14:01:50,1900-01-00 00:00:00,0960-wombat,B8:27:EB:FF:C8:F5,-51, WPA ,0.000000,0.000000,0.000,0.000,AP
2026-04-08 14:01:50,1900-01-00 00:00:00,0960-wombat,B8:27:EB:FF:C8:F5,-50, WPA ,0.000000,0.000000,0.000,0.000,AP
2026-04-08 14:01:50,1900-01-00 00:00:00,0960-wombat,B8:27:EB:FF:C8:F5,-50, WPA ,0.000000,0.000000,0.000,0.000,AP
2026-04-08 14:01:50,1900-01-00 00:00:00,0960-wombat,B8:27:EB:FF:C8:F5,-50, WPA ,0.000000,0.000000,0.000,0.000,AP
2026-04-08 14:01:50,1900-01-00 00:00:00,0960-wombat,B8:27:EB:FF:C8:F5,-50, WPA ,0.000000,0.000000,0.000,0.000,AP
2026-04-08 14:01:50,1900-01-00 00:00:00,0960-wombat,B8:27:EB:FF:C8:F5,-50, WPA ,0.000000,0.000000,0.000,0.000,AP
2026-04-08 14:01:50,1900-01-00 00:00:00,0960-wombat,B8:27:EB:FF:C8:F5,-50, WPA ,0.000000,0.000000,0.000,0.000,AP
2026-04-08 14:01:50,1900-01-00 00:00:00,0960-wombat,B8:27:EB:FF:C8:F5,-50, WPA ,0.000000,0.000000,0.000,0.000,AP
2026-04-08 14:01:50,1900-01-00 00:00:00,0960-wombat,B8:27:EB:FF:C8:F5,-50, WPA ,0.000000,0.000000,0.000,0.000,AP
2026-04-08 14:01:50,1900-01-00 00:00:00,0960-wombat,B8:27:EB:FF:C8:F5,-50, WPA ,0.000000,0.000000,0.000,0.000,AP
2026-04-08 14:01:50,1900-01-00 00:00:00,0960-wombat,B8:27:EB:FF:C8:F5,-50, WPA ,0.000000,0.000000,0.000,0.000,AP
2026-04-08 14:01:50,1900-01-00 00:00:00,0960-wombat,B8:27:EB:FF:C8:F5,-50, WPA ,0.000000,0.000000,0.000,0.000,AP
2026-04-08 14:01:50,1900-01-00 00:00:00,0960-wombat,B8:27:EB:FF:C8:F5,-50, WPA ,0.000000,0.000000,0.000,0.000,AP
2026-04-08 14:01:50,1900-01-00 00:00:00,0960-wombat,B8:27:EB:FF:C8:F5,-50, WPA ,0.000000,0.000000,0.000,0.000,AP
2026-04-08 14:01:51,1900-01-00 00:00:00,0960-wombat,B8:27:EB:FF:C8:F5,-51, WPA ,0.000000,0.000000,0.000,0.000,AP
2026-04-08 14:01:51,1900-01-00 00:00:00,0960-wombat,B8:27:EB:FF:C8:F5,-50, WPA ,0.000000,0.000000,0.000,0.000,AP
2026-04-08 14:01:51,1900-01-00 00:00:00,0960-wombat,B8:27:EB:FF:C8:F5,-50, WPA ,0.000000,0.000000,0.000,0.000,AP
2026-04-08 14:01:51,1900-01-00 00:00:00,0960-wombat,B8:27:EB:FF:C8:F5,-50, WPA ,0.000000,0.000000,0.000,0.000,AP
2026-04-08 14:01:51,1900-01-00 00:00:00,0960-wombat,B8:27:EB:FF:C8:F5,-51, WPA ,0.000000,0.000000,0.000,0.000,AP
2026-04-08 14:01:51,1900-01-00 00:00:00,0960-wombat,B8:27:EB:FF:C8:F5,-51, WPA ,0.000000,0.000000,0.000,0.000,AP
2026-04-08 14:01:51,1900-01-00 00:00:00,0960-wombat,B8:27:EB:FF:C8:F5,-50, WPA ,0.000000,0.000000,0.000,0.000,AP
2026-04-08 14:01:51,1900-01-00 00:00:00,0960-wombat,B8:27:EB:FF:C8:F5,-51, WPA ,0.000000,0.000000,0.000,0.000,AP
2026-04-08 14:01:51,1900-01-00 00:00:00,0960-wombat,B8:27:EB:FF:C8:F5,-51, WPA ,0.000000,0.000000,0.000,0.000,AP
2026-04-08 14:01:51,1900-01-00 00:00:00,0960-wombat,B8:27:EB:FF:C8:F5,-50, WPA ,0.000000,0.000000,0.000,0.000,AP
2026-04-08 14:01:51,1900-01-00 00:00:00,0960-wombat,B8:27:EB:FF:C8:F5,-51, WPA ,0.000000,0.000000,0.000,0.000,AP
2026-04-08 14:01:51,1900-01-00 00:00:00,0960-wombat,B8:27:EB:FF:C8:F5,-51, WPA ,0.000000,0.000000,0.000,0.000,AP
2026-04-08 14:01:51,1900-01-00 00:00:00,0960-wombat,B8:27:EB:FF:C8:F5,-51, WPA ,0.000000,0.000000,0.000,0.000,AP
2026-04-08 14:01:51,1900-01-00 00:00:00,0960-wombat,B8:27:EB:FF:C8:F5,-51, WPA ,0.000000,0.000000,0.000,0.000,AP
2026-04-08 14:01:51,1900-01-00 00:00:00,0960-wombat,B8:27:EB:FF:C8:F5,-51, WPA ,0.000000,0.000000,0.000,0.000,AP
2026-04-08 14:01:51,1900-01-00 00:00:00,0960-wombat,B8:27:EB:FF:C8:F5,-51, WPA ,0.000000,0.000000,0.000,0.000,AP
2026-04-08 14:01:51,1900-01-00 00:00:00,0960-wombat,B8:27:EB:FF:C8:F5,-51, WPA ,0.000000,0.000000,0.000,0.000,AP
2026-04-08 14:01:51,1900-01-00 00:00:00,0960-wombat,B8:27:EB:FF:C8:F5,-46, WPA ,0.000000,0.000000,0.000,0.000,AP
2026-04-08 14:01:51,1900-01-00 00:00:00,0960-wombat,B8:27:EB:FF:C8:F5,-51, WPA ,0.000000,0.000000,0.000,0.000,AP
2026-04-08 14:01:51,1900-01-00 00:00:00,0960-wombat,B8:27:EB:FF:C8:F5,-51, WPA ,0.000000,0.000000,0.000,0.000,AP
2026-04-08 14:01:51,1900-01-00 00:00:00,0960-wombat,B8:27:EB:FF:C8:F5,-51, WPA ,0.000000,0.000000,0.000,0.000,AP
2026-04-08 14:01:51,1900-01-00 00:00:00,0960-wombat,B8:27:EB:FF:C8:F5,-51, WPA ,0.000000,0.000000,0.000,0.000,AP
2026-04-08 14:01:51,1900-01-00 00:00:00,0960-wombat,B8:27:EB:FF:C8:F5,-51, WPA ,0.000000,0.000000,0.000,0.000,AP
2026-04-08 14:01:51,1900-01-00 00:00:00,0960-wombat,B8:27:EB:FF:C8:F5,-50, WPA ,0.000000,0.000000,0.000,0.000,AP
2026-04-08 14:01:51,1900-01-00 00:00:00,0960-wombat,B8:27:EB:FF:C8:F5,-50, WPA ,0.000000,0.000000,0.000,0.000,AP
2026-04-08 14:01:51,1900-01-00 00:00:00,0960-wombat,B8:27:EB:FF:C8:F5,-50, WPA ,0.000000,0.000000,0.000,0.000,AP
2026-04-08 14:01:51,1900-01-00 00:00:00,0960-wombat,B8:27:EB:FF:C8:F5,-50, WPA ,0.000000,0.000000,0.000,0.000,AP
2026-04-08 14:01:51,1900-01-00 00:00:00,0960-wombat,B8:27:EB:FF:C8:F5,-50, WPA ,0.000000,0.000000,0.000,0.000,AP
2026-04-08 14:01:51,1900-01-00 00:00:00,0960-wombat,B8:27:EB:FF:C8:F5,-50, WPA ,0.000000,0.000000,0.000,0.000,AP
2026-04-08 14:01:51,1900-01-00 00:00:00,0960-wombat,B8:27:EB:FF:C8:F5,-50, WPA ,0.000000,0.000000,0.000,0.000,AP
2026-04-08 14:01:51,1900-01-00 00:00:00,0960-wombat,B8:27:EB:FF:C8:F5,-50, WPA ,0.000000,0.000000,0.000,0.000,AP
2026-04-08 14:01:51,1900-01-00 00:00:00,0960-wombat,B8:27:EB:FF:C8:F5,-50, WPA ,0.000000,0.000000,0.000,0.000,AP
2026-04-08 14:01:51,1900-01-00 00:00:00,0960-wombat,B8:27:EB:FF:C8:F5,-50, WPA ,0.000000,0.000000,0.000,0.000,AP
2026-04-08 14:01:51,1900-01-00 00:00:00,0960-wombat,B8:27:EB:FF:C8:F5,-50, WPA ,0.000000,0.000000,0.000,0.000,AP
2026-04-08 14:01:51,1900-01-00 00:00:00,0960-wombat,B8:27:EB:FF:C8:F5,-49, WPA ,0.000000,0.000000,0.000,0.000,AP
2026-04-08 14:01:51,1900-01-00 00:00:00,0960-wombat,B8:27:EB:FF:C8:F5,-50, WPA ,0.000000,0.000000,0.000,0.000,AP
2026-04-08 14:01:51,1900-01-00 00:00:00,0960-wombat,B8:27:EB:FF:C8:F5,-50, WPA ,0.000000,0.000000,0.000,0.000,AP
2026-04-08 14:01:51,1900-01-00 00:00:00,0960-wombat,B8:27:EB:FF:C8:F5,-50, WPA ,0.000000,0.000000,0.000,0.000,AP
2026-04-08 14:01:51,1900-01-00 00:00:00,0960-wombat,B8:27:EB:FF:C8:F5,-50, WPA ,0.000000,0.000000,0.000,0.000,AP
2026-04-08 14:01:51,1900-01-00 00:00:00,0960-wombat,B8:27:EB:FF:C8:F5,-50, WPA ,0.000000,0.000000,0.000,0.000,AP
2026-04-08 14:01:51,1900-01-00 00:00:00,0960-wombat,B8:27:EB:FF:C8:F5,-52, WPA ,0.000000,0.000000,0.000,0.000,AP
2026-04-08 14:01:51,1900-01-00 00:00:00,0960-wombat,B8:27:EB:FF:C8:F5,-49, WPA ,0.000000,0.000000,0.000,0.000,AP
2026-04-08 14:01:51,1900-01-00 00:00:00,0960-wombat,B8:27:EB:FF:C8:F5,-49, WPA ,0.000000,0.000000,0.000,0.000,AP
2026-04-08 14:01:51,1900-01-00 00:00:00,0960-wombat,B8:27:EB:FF:C8:F5,-50, WPA ,0.000000,0.000000,0.000,0.000,AP
2026-04-08 14:01:52,1900-01-00 00:00:00,0960-wombat,B8:27:EB:FF:C8:F5,-50, WPA ,0.000000,0.000000,0.000,0.000,AP
2026-04-08 14:01:52,1900-01-00 00:00:00,0960-wombat,B8:27:EB:FF:C8:F5,-50, WPA ,0.000000,0.000000,0.000,0.000,AP
2026-04-08 14:01:52,1900-01-00 00:00:00,0960-wombat,B8:27:EB:FF:C8:F5,-50, WPA ,0.000000,0.000000,0.000,0.000,AP
2026-04-08 14:01:52,1900-01-00 00:00:00,0960-wombat,B8:27:EB:FF:C8:F5,-50, WPA ,0.000000,0.000000,0.000,0.000,AP
2026-04-08 14:01:52,1900-01-00 00:00:00,0960-wombat,B8:27:EB:FF:C8:F5,-50, WPA ,0.000000,0.000000,0.000,0.000,AP
2026-04-08 14:01:52,1900-01-00 00:00:00,0960-wombat,B8:27:EB:FF:C8:F5,-50, WPA ,0.000000,0.000000,0.000,0.000,AP
2026-04-08 14:01:52,1900-01-00 00:00:00,0960-wombat,B8:27:EB:FF:C8:F5,-50, WPA ,0.000000,0.000000,0.000,0.000,AP
2026-04-08 14:01:52,1900-01-00 00:00:00,0960-wombat,B8:27:EB:FF:C8:F5,-49, WPA ,0.000000,0.000000,0.000,0.000,AP
2026-04-08 14:01:52,1900-01-00 00:00:00,0960-wombat,B8:27:EB:FF:C8:F5,-50, WPA ,0.000000,0.000000,0.000,0.000,AP
2026-04-08 14:01:52,1900-01-00 00:00:00,0960-wombat,B8:27:EB:FF:C8:F5,-51, WPA ,0.000000,0.000000,0.000,0.000,AP
2026-04-08 14:01:52,1900-01-00 00:00:00,0960-wombat,B8:27:EB:FF:C8:F5,-50, WPA ,0.000000,0.000000,0.000,0.000,AP
2026-04-08 14:01:52,1900-01-00 00:00:00,0960-wombat,B8:27:EB:FF:C8:F5,-50, WPA ,0.000000,0.000000,0.000,0.000,AP
2026-04-08 14:01:52,1900-01-00 00:00:00,0960-wombat,B8:27:EB:FF:C8:F5,-50, WPA ,0.000000,0.000000,0.000,0.000,AP
2026-04-08 14:01:52,1900-01-00 00:00:00,0960-wombat,B8:27:EB:FF:C8:F5,-50, WPA ,0.000000,0.000000,0.000,0.000,AP
2026-04-08 14:01:52,1900-01-00 00:00:00,0960-wombat,B8:27:EB:FF:C8:F5,-49, WPA ,0.000000,0.000000,0.000,0.000,AP
2026-04-08 14:01:52,1900-01-00 00:00:00,0960-wombat,B8:27:EB:FF:C8:F5,-50, WPA ,0.000000,0.000000,0.000,0.000,AP
2026-04-08 14:01:52,1900-01-00 00:00:00,0960-wombat,B8:27:EB:FF:C8:F5,-51, WPA ,0.000000,0.000000,0.000,0.000,AP
2026-04-08 14:01:52,1900-01-00 00:00:00,0960-wombat,B8:27:EB:FF:C8:F5,-51, WPA ,0.000000,0.000000,0.000,0.000,AP
2026-04-08 14:01:52,1900-01-00 00:00:00,0960-wombat,B8:27:EB:FF:C8:F5,-51, WPA ,0.000000,0.000000,0.000,0.000,AP
2026-04-08 14:01:52,1900-01-00 00:00:00,0960-wombat,B8:27:EB:FF:C8:F5,-51, WPA ,0.000000,0.000000,0.000,0.000,AP
2026-04-08 14:01:52,1900-01-00 00:00:00,0960-wombat,B8:27:EB:FF:C8:F5,-50, WPA ,0.000000,0.000000,0.000,0.000,AP
2026-04-08 14:01:52,1900-01-00 00:00:00,0960-wombat,B8:27:EB:FF:C8:F5,-50, WPA ,0.000000,0.000000,0.000,0.000,AP
2026-04-08 14:01:52,1900-01-00 00:00:00,0960-wombat,B8:27:EB:FF:C8:F5,-51, WPA ,0.000000,0.000000,0.000,0.000,AP
2026-04-08 14:01:52,1900-01-00 00:00:00,0960-wombat,B8:27:EB:FF:C8:F5,-51, WPA ,0.000000,0.000000,0.000,0.000,AP
2026-04-08 14:01:52,1900-01-00 00:00:00,0960-wombat,B8:27:EB:FF:C8:F5,-51, WPA ,0.000000,0.000000,0.000,0.000,AP
2026-04-08 14:01:52,1900-01-00 00:00:00,0960-wombat,B8:27:EB:FF:C8:F5,-51, WPA ,0.000000,0.000000,0.000,0.000,AP
2026-04-08 14:01:52,1900-01-00 00:00:00,0960-wombat,B8:27:EB:FF:C8:F5,-51, WPA ,0.000000,0.000000,0.000,0.000,AP
2026-04-08 14:01:52,1900-01-00 00:00:00,0960-wombat,B8:27:EB:FF:C8:F5,-51, WPA ,0.000000,0.000000,0.000,0.000,AP
2026-04-08 14:01:52,1900-01-00 00:00:00,0960-wombat,B8:27:EB:FF:C8:F5,-48, WPA ,0.000000,0.000000,0.000,0.000,AP
2026-04-08 14:01:52,1900-01-00 00:00:00,0960-wombat,B8:27:EB:FF:C8:F5,-51, WPA ,0.000000,0.000000,0.000,0.000,AP
2026-04-08 14:01:52,1900-01-00 00:00:00,0960-wombat,B8:27:EB:FF:C8:F5,-51, WPA ,0.000000,0.000000,0.000,0.000,AP
2026-04-08 14:01:52,1900-01-00 00:00:00,0960-wombat,B8:27:EB:FF:C8:F5,-51, WPA ,0.000000,0.000000,0.000,0.000,AP
2026-04-08 14:01:52,1900-01-00 00:00:00,0960-wombat,B8:27:EB:FF:C8:F5,-51, WPA ,0.000000,0.000000,0.000,0.000,AP
2026-04-08 14:01:52,1900-01-00 00:00:00,0960-wombat,B8:27:EB:FF:C8:F5,-51, WPA ,0.000000,0.000000,0.000,0.000,AP
2026-04-08 14:01:53,1900-01-00 00:00:00,0960-wombat,B8:27:EB:FF:C8:F5,-51, WPA ,0.000000,0.000000,0.000,0.000,AP
2026-04-08 14:01:53,1900-01-00 00:00:00,0960-wombat,B8:27:EB:FF:C8:F5,-51, WPA ,0.000000,0.000000,0.000,0.000,AP
2026-04-08 14:01:53,1900-01-00 00:00:00,0960-wombat,B8:27:EB:FF:C8:F5,-51, WPA ,0.000000,0.000000,0.000,0.000,AP
2026-04-08 14:01:53,1900-01-00 00:00:00,0960-wombat,B8:27:EB:FF:C8:F5,-52, WPA ,0.000000,0.000000,0.000,0.000,AP
2026-04-08 14:01:53,1900-01-00 00:00:00,0960-wombat,B8:27:EB:FF:C8:F5,-52, WPA ,0.000000,0.000000,0.000,0.000,AP
2026-04-08 14:01:53,1900-01-00 00:00:00,0960-wombat,B8:27:EB:FF:C8:F5,-52, WPA ,0.000000,0.000000,0.000,0.000,AP
2026-04-08 14:01:53,1900-01-00 00:00:00,0960-wombat,B8:27:EB:FF:C8:F5,-51, WPA ,0.000000,0.000000,0.000,0.000,AP
2026-04-08 14:01:53,1900-01-00 00:00:00,0960-wombat,B8:27:EB:FF:C8:F5,-51, WPA ,0.000000,0.000000,0.000,0.000,AP
2026-04-08 14:01:53,1900-01-00 00:00:00,0960-wombat,B8:27:EB:FF:C8:F5,-52, WPA ,0.000000,0.000000,0.000,0.000,AP
2026-04-08 14:01:53,1900-01-00 00:00:00,0960-wombat,B8:27:EB:FF:C8:F5,-52, WPA ,0.000000,0.000000,0.000,0.000,AP
2026-04-08 14:01:53,1900-01-00 00:00:00,0960-wombat,B8:27:EB:FF:C8:F5,-52, WPA ,0.000000,0.000000,0.000,0.000,AP
2026-04-08 14:01:53,1900-01-00 00:00:00,0960-wombat,B8:27:EB:FF:C8:F5,-51, WPA ,0.000000,0.000000,0.000,0.000,AP
2026-04-08 14:01:53,1900-01-00 00:00:00,0960-wombat,B8:27:EB:FF:C8:F5,-51, WPA ,0.000000,0.000000,0.000,0.000,AP
2026-04-08 14:01:53,1900-01-00 00:00:00,0960-wombat,B8:27:EB:FF:C8:F5,-51, WPA ,0.000000,0.000000,0.000,0.000,AP
2026-04-08 14:01:53,1900-01-00 00:00:00,0960-wombat,B8:27:EB:FF:C8:F5,-51, WPA ,0.000000,0.000000,0.000,0.000,AP
2026-04-08 14:01:53,1900-01-00 00:00:00,0960-wombat,B8:27:EB:FF:C8:F5,-51, WPA ,0.000000,0.000000,0.000,0.000,AP
2026-04-08 14:01:53,1900-01-00 00:00:00,0960-wombat,B8:27:EB:FF:C8:F5,-51, WPA ,0.000000,0.000000,0.000,0.000,AP
2026-04-08 14:01:53,1900-01-00 00:00:00,0960-wombat,B8:27:EB:FF:C8:F5,-51, WPA ,0.000000,0.000000,0.000,0.000,AP
2026-04-08 14:01:53,1900-01-00 00:00:00,0960-wombat,B8:27:EB:FF:C8:F5,-50, WPA ,0.000000,0.000000,0.000,0.000,AP
2026-04-08 14:01:53,1900-01-00 00:00:00,0960-wombat,B8:27:EB:FF:C8:F5,-51, WPA ,0.000000,0.000000,0.000,0.000,AP
2026-04-08 14:01:53,1900-01-00 00:00:00,0960-wombat,B8:27:EB:FF:C8:F5,-50, WPA ,0.000000,0.000000,0.000,0.000,AP
2026-04-08 14:01:53,1900-01-00 00:00:00,0960-wombat,B8:27:EB:FF:C8:F5,-51, WPA ,0.000000,0.000000,0.000,0.000,AP
2026-04-08 14:01:53,1900-01-00 00:00:00,0960-wombat,B8:27:EB:FF:C8:F5,-51, WPA ,0.000000,0.000000,0.000,0.000,AP
2026-04-08 14:01:53,1900-01-00 00:00:00,0960-wombat,B8:27:EB:FF:C8:F5,-51, WPA ,0.000000,0.000000,0.000,0.000,AP
2026-04-08 14:01:53,1900-01-00 00:00:00,0960-wombat,B8:27:EB:FF:C8:F5,-50, WPA ,0.000000,0.000000,0.000,0.000,AP
2026-04-08 14:01:53,1900-01-00 00:00:00,0960-wombat,B8:27:EB:FF:C8:F5,-51, WPA ,0.000000,0.000000,0.000,0.000,AP
2026-04-08 14:01:53,1900-01-00 00:00:00,0960-wombat,B8:27:EB:FF:C8:F5,-50, WPA ,0.000000,0.000000,0.000,0.000,AP
2026-04-08 14:01:53,1900-01-00 00:00:00,0960-wombat,B8:27:EB:FF:C8:F5,-50, WPA ,0.000000,0.000000,0.000,0.000,AP
2026-04-08 14:01:53,1900-01-00 00:00:00,0960-wombat,B8:27:EB:FF:C8:F5,-50, WPA ,0.000000,0.000000,0.000,0.000,AP
2026-04-08 14:01:53,1900-01-00 00:00:00,0960-wombat,B8:27:EB:FF:C8:F5,-50, WPA ,0.000000,0.000000,0.000,0.000,AP
2026-04-08 14:01:53,1900-01-00 00:00:00,0960-wombat,B8:27:EB:FF:C8:F5,-50, WPA ,0.000000,0.000000,0.000,0.000,AP
2026-04-08 14:01:53,1900-01-00 00:00:00,0960-wombat,B8:27:EB:FF:C8:F5,-50, WPA ,0.000000,0.000000,0.000,0.000,AP
2026-04-08 14:01:53,1900-01-00 00:00:00,0960-wombat,B8:27:EB:FF:C8:F5,-50, WPA ,0.000000,0.000000,0.000,0.000,AP
2026-04-08 14:01:53,1900-01-00 00:00:00,0960-wombat,B8:27:EB:FF:C8:F5,-50, WPA ,0.000000,0.000000,0.000,0.000,AP
2026-04-08 14:01:53,1900-01-00 00:00:00,0960-wombat,B8:27:EB:FF:C8:F5,-50, WPA ,0.000000,0.000000,0.000,0.000,AP
2026-04-08 14:01:53,1900-01-00 00:00:00,0960-wombat,B8:27:EB:FF:C8:F5,-50, WPA ,0.000000,0.000000,0.000,0.000,AP
2026-04-08 14:01:53,1900-01-00 00:00:00,0960-wombat,B8:27:EB:FF:C8:F5,-50, WPA ,0.000000,0.000000,0.000,0.000,AP
2026-04-08 14:01:53,1900-01-00 00:00:00,0960-wombat,B8:27:EB:FF:C8:F5,-50, WPA ,0.000000,0.000000,0.000,0.000,AP
2026-04-08 14:01:53,1900-01-00 00:00:00,0960-wombat,B8:27:EB:FF:C8:F5,-50, WPA ,0.000000,0.000000,0.000,0.000,AP
2026-04-08 14:01:54,1900-01-00 00:00:00,0960-wombat,B8:27:EB:FF:C8:F5,-50, WPA ,0.000000,0.000000,0.000,0.000,AP
2026-04-08 14:01:54,1900-01-00 00:00:00,0960-wombat,B8:27:EB:FF:C8:F5,-50, WPA ,0.000000,0.000000,0.000,0.000,AP
2026-04-08 14:01:54,1900-01-00 00:00:00,0960-wombat,B8:27:EB:FF:C8:F5,-50, WPA ,0.000000,0.000000,0.000,0.000,AP
2026-04-08 14:01:54,1900-01-00 00:00:00,0960-wombat,B8:27:EB:FF:C8:F5,-50, WPA ,0.000000,0.000000,0.000,0.000,AP
2026-04-08 14:01:54,1900-01-00 00:00:00,0960-wombat,B8:27:EB:FF:C8:F5,-51, WPA ,0.000000,0.000000,0.000,0.000,AP
2026-04-08 14:01:54,1900-01-00 00:00:00,0960-wombat,B8:27:EB:FF:C8:F5,-50, WPA ,0.000000,0.000000,0.000,0.000,AP
2026-04-08 14:01:54,1900-01-00 00:00:00,0960-wombat,B8:27:EB:FF:C8:F5,-50, WPA ,0.000000,0.000000,0.000,0.000,AP
2026-04-08 14:01:54,1900-01-00 00:00:00,0960-wombat,B8:27:EB:FF:C8:F5,-50, WPA ,0.000000,0.000000,0.000,0.000,AP
2026-04-08 14:01:54,1900-01-00 00:00:00,0960-wombat,B8:27:EB:FF:C8:F5,-50, WPA ,0.000000,0.000000,0.000,0.000,AP
2026-04-08 14:01:54,1900-01-00 00:00:00,0960-wombat,B8:27:EB:FF:C8:F5,-51, WPA ,0.000000,0.000000,0.000,0.000,AP
2026-04-08 14:01:54,1900-01-00 00:00:00,0960-wombat,B8:27:EB:FF:C8:F5,-50, WPA ,0.000000,0.000000,0.000,0.000,AP
2026-04-08 14:01:54,1900-01-00 00:00:00,0960-wombat,B8:27:EB:FF:C8:F5,-50, WPA ,0.000000,0.000000,0.000,0.000,AP
2026-04-08 14:01:54,1900-01-00 00:00:00,0960-wombat,B8:27:EB:FF:C8:F5,-50, WPA ,0.000000,0.000000,0.000,0.000,AP
2026-04-08 14:01:54,1900-01-00 00:00:00,0960-wombat,B8:27:EB:FF:C8:F5,-50, WPA ,0.000000,0.000000,0.000,0.000,AP
2026-04-08 14:01:54,1900-01-00 00:00:00,0960-wombat,B8:27:EB:FF:C8:F5,-50, WPA ,0.000000,0.000000,0.000,0.000,AP
2026-04-08 14:01:54,1900-01-00 00:00:00,0960-wombat,B8:27:EB:FF:C8:F5,-50, WPA ,0.000000,0.000000,0.000,0.000,AP
2026-04-08 14:01:54,1900-01-00 00:00:00,0960-wombat,B8:27:EB:FF:C8:F5,-50, WPA ,0.000000,0.000000,0.000,0.000,AP
2026-04-08 14:01:54,1900-01-00 00:00:00,0960-wombat,B8:27:EB:FF:C8:F5,-50, WPA ,0.000000,0.000000,0.000,0.000,AP
2026-04-08 14:01:54,1900-01-00 00:00:00,0960-wombat,B8:27:EB:FF:C8:F5,-50, WPA ,0.000000,0.000000,0.000,0.000,AP
2026-04-08 14:01:54,1900-01-00 00:00:00,0960-wombat,B8:27:EB:FF:C8:F5,-50, WPA ,0.000000,0.000000,0.000,0.000,AP
2026-04-08 14:01:54,1900-01-00 00:00:00,0960-wombat,B8:27:EB:FF:C8:F5,-50, WPA ,0.000000,0.000000,0.000,0.000,AP
2026-04-08 14:01:54,1900-01-00 00:00:00,0960-wombat,B8:27:EB:FF:C8:F5,-50, WPA ,0.000000,0.000000,0.000,0.000,AP
2026-04-08 14:01:54,1900-01-00 00:00:00,0960-wombat,B8:27:EB:FF:C8:F5,-50, WPA ,0.000000,0.000000,0.000,0.000,AP
2026-04-08 14:01:54,1900-01-00 00:00:00,0960-wombat,B8:27:EB:FF:C8:F5,-50, WPA ,0.000000,0.000000,0.000,0.000,AP
2026-04-08 14:01:54,1900-01-00 00:00:00,0960-wombat,B8:27:EB:FF:C8:F5,-48, WPA ,0.000000,0.000000,0.000,0.000,AP
2026-04-08 14:01:54,1900-01-00 00:00:00,0960-wombat,B8:27:EB:FF:C8:F5,-51, WPA ,0.000000,0.000000,0.000,0.000,AP
2026-04-08 14:01:54,1900-01-00 00:00:00,0960-wombat,B8:27:EB:FF:C8:F5,-51, WPA ,0.000000,0.000000,0.000,0.000,AP
2026-04-08 14:01:55,1900-01-00 00:00:00,0960-wombat,B8:27:EB:FF:C8:F5,-50, WPA ,0.000000,0.000000,0.000,0.000,AP
2026-04-08 14:01:55,1900-01-00 00:00:00,0960-wombat,B8:27:EB:FF:C8:F5,-50, WPA ,0.000000,0.000000,0.000,0.000,AP
2026-04-08 14:01:55,1900-01-00 00:00:00,0960-wombat,B8:27:EB:FF:C8:F5,-51, WPA ,0.000000,0.000000,0.000,0.000,AP
2026-04-08 14:01:55,1900-01-00 00:00:00,0960-wombat,B8:27:EB:FF:C8:F5,-51, WPA ,0.000000,0.000000,0.000,0.000,AP
2026-04-08 14:01:55,1900-01-00 00:00:00,0960-wombat,B8:27:EB:FF:C8:F5,-50, WPA ,0.000000,0.000000,0.000,0.000,AP
2026-04-08 14:01:55,1900-01-00 00:00:00,0960-wombat,B8:27:EB:FF:C8:F5,-50, WPA ,0.000000,0.000000,0.000,0.000,AP
2026-04-08 14:01:55,1900-01-00 00:00:00,0960-wombat,B8:27:EB:FF:C8:F5,-51, WPA ,0.000000,0.000000,0.000,0.000,AP
2026-04-08 14:01:55,1900-01-00 00:00:00,0960-wombat,B8:27:EB:FF:C8:F5,-51, WPA ,0.000000,0.000000,0.000,0.000,AP
2026-04-08 14:01:55,1900-01-00 00:00:00,0960-wombat,B8:27:EB:FF:C8:F5,-50, WPA ,0.000000,0.000000,0.000,0.000,AP
2026-04-08 14:01:55,1900-01-00 00:00:00,0960-wombat,B8:27:EB:FF:C8:F5,-50, WPA ,0.000000,0.000000,0.000,0.000,AP
2026-04-08 14:01:55,1900-01-00 00:00:00,0960-wombat,B8:27:EB:FF:C8:F5,-50, WPA ,0.000000,0.000000,0.000,0.000,AP
2026-04-08 14:01:55,1900-01-00 00:00:00,0960-wombat,B8:27:EB:FF:C8:F5,-49, WPA ,0.000000,0.000000,0.000,0.000,AP
2026-04-08 14:01:55,1900-01-00 00:00:00,0960-wombat,B8:27:EB:FF:C8:F5,-49, WPA ,0.000000,0.000000,0.000,0.000,AP
2026-04-08 14:01:55,1900-01-00 00:00:00,0960-wombat,B8:27:EB:FF:C8:F5,-50, WPA ,0.000000,0.000000,0.000,0.000,AP
2026-04-08 14:01:55,1900-01-00 00:00:00,0960-wombat,B8:27:EB:FF:C8:F5,-49, WPA ,0.000000,0.000000,0.000,0.000,AP
2026-04-08 14:01:55,1900-01-00 00:00:00,0960-wombat,B8:27:EB:FF:C8:F5,-50, WPA ,0.000000,0.000000,0.000,0.000,AP
2026-04-08 14:01:55,1900-01-00 00:00:00,0960-wombat,B8:27:EB:FF:C8:F5,-51, WPA ,0.000000,0.000000,0.000,0.000,AP
2026-04-08 14:01:55,1900-01-00 00:00:00,0960-wombat,B8:27:EB:FF:C8:F5,-50, WPA ,0.000000,0.000000,0.000,0.000,AP
2026-04-08 14:01:55,1900-01-00 00:00:00,0960-wombat,B8:27:EB:FF:C8:F5,-49, WPA ,0.000000,0.000000,0.000,0.000,AP
2026-04-08 14:01:55,1900-01-00 00:00:00,0960-wombat,B8:27:EB:FF:C8:F5,-50, WPA ,0.000000,0.000000,0.000,0.000,AP
2026-04-08 14:01:55,1900-01-00 00:00:00,0960-wombat,B8:27:EB:FF:C8:F5,-49, WPA ,0.000000,0.000000,0.000,0.000,AP
2026-04-08 14:01:55,1900-01-00 00:00:00,0960-wombat,B8:27:EB:FF:C8:F5,-49, WPA ,0.000000,0.000000,0.000,0.000,AP
2026-04-08 14:01:55,1900-01-00 00:00:00,0960-wombat,B8:27:EB:FF:C8:F5,-49, WPA ,0.000000,0.000000,0.000,0.000,AP
2026-04-08 14:01:55,1900-01-00 00:00:00,0960-wombat,B8:27:EB:FF:C8:F5,-49, WPA ,0.000000,0.000000,0.000,0.000,AP
2026-04-08 14:01:55,1900-01-00 00:00:00,0960-wombat,B8:27:EB:FF:C8:F5,-50, WPA ,0.000000,0.000000,0.000,0.000,AP
2026-04-08 14:01:55,1900-01-00 00:00:00,0960-wombat,B8:27:EB:FF:C8:F5,-49, WPA ,0.000000,0.000000,0.000,0.000,AP
2026-04-08 14:01:55,1900-01-00 00:00:00,0960-wombat,B8:27:EB:FF:C8:F5,-49, WPA ,0.000000,0.000000,0.000,0.000,AP
2026-04-08 14:01:55,1900-01-00 00:00:00,0960-wombat,B8:27:EB:FF:C8:F5,-49, WPA ,0.000000,0.000000,0.000,0.000,AP
2026-04-08 14:01:55,1900-01-00 00:00:00,0960-wombat,B8:27:EB:FF:C8:F5,-50, WPA ,0.000000,0.000000,0.000,0.000,AP
2026-04-08 14:01:55,1900-01-00 00:00:00,0960-wombat,B8:27:EB:FF:C8:F5,-50, WPA ,0.000000,0.000000,0.000,0.000,AP
2026-04-08 14:01:55,1900-01-00 00:00:00,0960-wombat,B8:27:EB:FF:C8:F5,-50, WPA ,0.000000,0.000000,0.000,0.000,AP
2026-04-08 14:01:55,1900-01-00 00:00:00,0960-wombat,B8:27:EB:FF:C8:F5,-50, WPA ,0.000000,0.000000,0.000,0.000,AP
2026-04-08 14:01:55,1900-01-00 00:00:00,0960-wombat,B8:27:EB:FF:C8:F5,-50, WPA ,0.000000,0.000000,0.000,0.000,AP
2026-04-08 14:01:55,1900-01-00 00:00:00,0960-wombat,B8:27:EB:FF:C8:F5,-50, WPA ,0.000000,0.000000,0.000,0.000,AP
2026-04-08 14:01:55,1900-01-00 00:00:00,0960-wombat,B8:27:EB:FF:C8:F5,-50, WPA ,0.000000,0.000000,0.000,0.000,AP
2026-04-08 14:01:55,1900-01-00 00:00:00,0960-wombat,B8:27:EB:FF:C8:F5,-50, WPA ,0.000000,0.000000,0.000,0.000,AP
2026-04-08 14:01:56,1900-01-00 00:00:00,0960-wombat,B8:27:EB:FF:C8:F5,-50, WPA ,0.000000,0.000000,0.000,0.000,AP
2026-04-08 14:01:56,1900-01-00 00:00:00,0960-wombat,B8:27:EB:FF:C8:F5,-51, WPA ,0.000000,0.000000,0.000,0.000,AP
2026-04-08 14:01:56,1900-01-00 00:00:00,0960-wombat,B8:27:EB:FF:C8:F5,-51, WPA ,0.000000,0.000000,0.000,0.000,AP
2026-04-08 14:01:56,1900-01-00 00:00:00,0960-wombat,B8:27:EB:FF:C8:F5,-51, WPA ,0.000000,0.000000,0.000,0.000,AP
2026-04-08 14:01:56,1900-01-00 00:00:00,0960-wombat,B8:27:EB:FF:C8:F5,-50, WPA ,0.000000,0.000000,0.000,0.000,AP
2026-04-08 14:01:56,1900-01-00 00:00:00,0960-wombat,B8:27:EB:FF:C8:F5,-50, WPA ,0.000000,0.000000,0.000,0.000,AP
2026-04-08 14:01:56,1900-01-00 00:00:00,0960-wombat,B8:27:EB:FF:C8:F5,-49, WPA ,0.000000,0.000000,0.000,0.000,AP
2026-04-08 14:01:56,1900-01-00 00:00:00,0960-wombat,B8:27:EB:FF:C8:F5,-50, WPA ,0.000000,0.000000,0.000,0.000,AP
2026-04-08 14:01:56,1900-01-00 00:00:00,0960-wombat,B8:27:EB:FF:C8:F5,-50, WPA ,0.000000,0.000000,0.000,0.000,AP
2026-04-08 14:01:56,1900-01-00 00:00:00,0960-wombat,B8:27:EB:FF:C8:F5,-50, WPA ,0.000000,0.000000,0.000,0.000,AP
2026-04-08 14:01:56,1900-01-00 00:00:00,0960-wombat,B8:27:EB:FF:C8:F5,-50, WPA ,0.000000,0.000000,0.000,0.000,AP
2026-04-08 14:01:57,1900-01-00 00:00:00,0960-wombat,B8:27:EB:FF:C8:F5,-50, WPA ,0.000000,0.000000,0.000,0.000,AP
2026-04-08 14:01:57,1900-01-00 00:00:00,0960-wombat,B8:27:EB:FF:C8:F5,-50, WPA ,0.000000,0.000000,0.000,0.000,AP
2026-04-08 14:01:57,1900-01-00 00:00:00,0960-wombat,B8:27:EB:FF:C8:F5,-51, WPA ,0.000000,0.000000,0.000,0.000,AP
2026-04-08 14:01:57,1900-01-00 00:00:00,0960-wombat,B8:27:EB:FF:C8:F5,-50, WPA ,0.000000,0.000000,0.000,0.000,AP
2026-04-08 14:01:57,1900-01-00 00:00:00,0960-wombat,B8:27:EB:FF:C8:F5,-50, WPA ,0.000000,0.000000,0.000,0.000,AP
2026-04-08 14:01:57,1900-01-00 00:00:00,0960-wombat,B8:27:EB:FF:C8:F5,-50, WPA ,0.000000,0.000000,0.000,0.000,AP
2026-04-08 14:01:57,1900-01-00 00:00:00,0960-wombat,B8:27:EB:FF:C8:F5,-50, WPA ,0.000000,0.000000,0.000,0.000,AP
2026-04-08 14:01:57,1900-01-00 00:00:00,0960-wombat,B8:27:EB:FF:C8:F5,-51, WPA ,0.000000,0.000000,0.000,0.000,AP
2026-04-08 14:01:57,1900-01-00 00:00:00,0960-wombat,B8:27:EB:FF:C8:F5,-50, WPA ,0.000000,0.000000,0.000,0.000,AP
2026-04-08 14:01:57,1900-01-00 00:00:00,0960-wombat,B8:27:EB:FF:C8:F5,-50, WPA ,0.000000,0.000000,0.000,0.000,AP
2026-04-08 14:01:57,1900-01-00 00:00:00,0960-wombat,B8:27:EB:FF:C8:F5,-51, WPA ,0.000000,0.000000,0.000,0.000,AP
2026-04-08 14:01:57,1900-01-00 00:00:00,0960-wombat,B8:27:EB:FF:C8:F5,-50, WPA ,0.000000,0.000000,0.000,0.000,AP
2026-04-08 14:01:57,1900-01-00 00:00:00,0960-wombat,B8:27:EB:FF:C8:F5,-50, WPA ,0.000000,0.000000,0.000,0.000,AP
2026-04-08 14:01:57,1900-01-00 00:00:00,0960-wombat,B8:27:EB:FF:C8:F5,-50, WPA ,0.000000,0.000000,0.000,0.000,AP
2026-04-08 14:01:57,1900-01-00 00:00:00,0960-wombat,B8:27:EB:FF:C8:F5,-50, WPA ,0.000000,0.000000,0.000,0.000,AP
2026-04-08 14:01:57,1900-01-00 00:00:00,0960-wombat,B8:27:EB:FF:C8:F5,-50, WPA ,0.000000,0.000000,0.000,0.000,AP
2026-04-08 14:01:57,1900-01-00 00:00:00,0960-wombat,B8:27:EB:FF:C8:F5,-50, WPA ,0.000000,0.000000,0.000,0.000,AP
2026-04-08 14:01:57,1900-01-00 00:00:00,0960-wombat,B8:27:EB:FF:C8:F5,-50, WPA ,0.000000,0.000000,0.000,0.000,AP
2026-04-08 14:01:57,1900-01-00 00:00:00,0960-wombat,B8:27:EB:FF:C8:F5,-49, WPA ,0.000000,0.000000,0.000,0.000,AP
2026-04-08 14:01:57,1900-01-00 00:00:00,0960-wombat,B8:27:EB:FF:C8:F5,-50, WPA ,0.000000,0.000000,0.000,0.000,AP
2026-04-08 14:01:57,1900-01-00 00:00:00,0960-wombat,B8:27:EB:FF:C8:F5,-50, WPA ,0.000000,0.000000,0.000,0.000,AP
2026-04-08 14:01:57,1900-01-00 00:00:00,0960-wombat,B8:27:EB:FF:C8:F5,-50, WPA ,0.000000,0.000000,0.000,0.000,AP
2026-04-08 14:01:57,1900-01-00 00:00:00,0960-wombat,B8:27:EB:FF:C8:F5,-49, WPA ,0.000000,0.000000,0.000,0.000,AP
2026-04-08 14:01:57,1900-01-00 00:00:00,0960-wombat,B8:27:EB:FF:C8:F5,-49, WPA ,0.000000,0.000000,0.000,0.000,AP
2026-04-08 14:01:57,1900-01-00 00:00:00,0960-wombat,B8:27:EB:FF:C8:F5,-49, WPA ,0.000000,0.000000,0.000,0.000,AP
2026-04-08 14:01:57,1900-01-00 00:00:00,0960-wombat,B8:27:EB:FF:C8:F5,-50, WPA ,0.000000,0.000000,0.000,0.000,AP
2026-04-08 14:01:57,1900-01-00 00:00:00,0960-wombat,B8:27:EB:FF:C8:F5,-50, WPA ,0.000000,0.000000,0.000,0.000,AP
2026-04-08 14:01:57,1900-01-00 00:00:00,0960-wombat,B8:27:EB:FF:C8:F5,-50, WPA ,0.000000,0.000000,0.000,0.000,AP
2026-04-08 14:01:57,1900-01-00 00:00:00,0960-wombat,B8:27:EB:FF:C8:F5,-49, WPA ,0.000000,0.000000,0.000,0.000,AP
2026-04-08 14:01:57,1900-01-00 00:00:00,0960-wombat,B8:27:EB:FF:C8:F5,-50, WPA ,0.000000,0.000000,0.000,0.000,AP
2026-04-08 14:01:57,1900-01-00 00:00:00,0960-wombat,B8:27:EB:FF:C8:F5,-50, WPA ,0.000000,0.000000,0.000,0.000,AP
2026-04-08 14:01:57,1900-01-00 00:00:00,0960-wombat,B8:27:EB:FF:C8:F5,-50, WPA ,0.000000,0.000000,0.000,0.000,AP
2026-04-08 14:01:57,1900-01-00 00:00:00,0960-wombat,B8:27:EB:FF:C8:F5,-50, WPA ,0.000000,0.000000,0.000,0.000,AP
2026-04-08 14:01:57,1900-01-00 00:00:00,0960-wombat,B8:27:EB:FF:C8:F5,-49, WPA ,0.000000,0.000000,0.000,0.000,AP
2026-04-08 14:01:57,1900-01-00 00:00:00,0960-wombat,B8:27:EB:FF:C8:F5,-49, WPA ,0.000000,0.000000,0.000,0.000,AP
2026-04-08 14:01:58,1900-01-00 00:00:00,0960-wombat,B8:27:EB:FF:C8:F5,-48, WPA ,0.000000,0.000000,0.000,0.000,AP
2026-04-08 14:01:58,1900-01-00 00:00:00,0960-wombat,B8:27:EB:FF:C8:F5,-48, WPA ,0.000000,0.000000,0.000,0.000,AP
2026-04-08 14:01:58,1900-01-00 00:00:00,0960-wombat,B8:27:EB:FF:C8:F5,-49, WPA ,0.000000,0.000000,0.000,0.000,AP
2026-04-08 14:01:58,1900-01-00 00:00:00,0960-wombat,B8:27:EB:FF:C8:F5,-48, WPA ,0.000000,0.000000,0.000,0.000,AP
2026-04-08 14:01:58,1900-01-00 00:00:00,0960-wombat,B8:27:EB:FF:C8:F5,-48, WPA ,0.000000,0.000000,0.000,0.000,AP
2026-04-08 14:01:58,1900-01-00 00:00:00,0960-wombat,B8:27:EB:FF:C8:F5,-49, WPA ,0.000000,0.000000,0.000,0.000,AP
2026-04-08 14:01:58,1900-01-00 00:00:00,0960-wombat,B8:27:EB:FF:C8:F5,-48, WPA ,0.000000,0.000000,0.000,0.000,AP
2026-04-08 14:01:58,1900-01-00 00:00:00,0960-wombat,B8:27:EB:FF:C8:F5,-48, WPA ,0.000000,0.000000,0.000,0.000,AP
2026-04-08 14:01:58,1900-01-00 00:00:00,0960-wombat,B8:27:EB:FF:C8:F5,-48, WPA ,0.000000,0.000000,0.000,0.000,AP
2026-04-08 14:01:58,1900-01-00 00:00:00,0960-wombat,B8:27:EB:FF:C8:F5,-47, WPA ,0.000000,0.000000,0.000,0.000,AP
2026-04-08 14:01:58,1900-01-00 00:00:00,0960-wombat,B8:27:EB:FF:C8:F5,-48, WPA ,0.000000,0.000000,0.000,0.000,AP
2026-04-08 14:01:58,1900-01-00 00:00:00,0960-wombat,B8:27:EB:FF:C8:F5,-47, WPA ,0.000000,0.000000,0.000,0.000,AP
2026-04-08 14:01:58,1900-01-00 00:00:00,0960-wombat,B8:27:EB:FF:C8:F5,-47, WPA ,0.000000,0.000000,0.000,0.000,AP
2026-04-08 14:01:58,1900-01-00 00:00:00,0960-wombat,B8:27:EB:FF:C8:F5,-48, WPA ,0.000000,0.000000,0.000,0.000,AP
2026-04-08 14:01:58,1900-01-00 00:00:00,0960-wombat,B8:27:EB:FF:C8:F5,-47, WPA ,0.000000,0.000000,0.000,0.000,AP
2026-04-08 14:01:58,1900-01-00 00:00:00,0960-wombat,B8:27:EB:FF:C8:F5,-47, WPA ,0.000000,0.000000,0.000,0.000,AP
2026-04-08 14:01:58,1900-01-00 00:00:00,0960-wombat,B8:27:EB:FF:C8:F5,-48, WPA ,0.000000,0.000000,0.000,0.000,AP
2026-04-08 14:01:58,1900-01-00 00:00:00,0960-wombat,B8:27:EB:FF:C8:F5,-48, WPA ,0.000000,0.000000,0.000,0.000,AP
2026-04-08 14:01:58,1900-01-00 00:00:00,0960-wombat,B8:27:EB:FF:C8:F5,-48, WPA ,0.000000,0.000000,0.000,0.000,AP
2026-04-08 14:01:58,1900-01-00 00:00:00,0960-wombat,B8:27:EB:FF:C8:F5,-47, WPA ,0.000000,0.000000,0.000,0.000,AP
2026-04-08 14:01:58,1900-01-00 00:00:00,0960-wombat,B8:27:EB:FF:C8:F5,-48, WPA ,0.000000,0.000000,0.000,0.000,AP
2026-04-08 14:01:58,1900-01-00 00:00:00,0960-wombat,B8:27:EB:FF:C8:F5,-48, WPA ,0.000000,0.000000,0.000,0.000,AP
2026-04-08 14:01:58,1900-01-00 00:00:00,0960-wombat,B8:27:EB:FF:C8:F5,-48, WPA ,0.000000,0.000000,0.000,0.000,AP
2026-04-08 14:01:58,1900-01-00 00:00:00,0960-wombat,B8:27:EB:FF:C8:F5,-47, WPA ,0.000000,0.000000,0.000,0.000,AP
2026-04-08 14:01:58,1900-01-00 00:00:00,0960-wombat,B8:27:EB:FF:C8:F5,-48, WPA ,0.000000,0.000000,0.000,0.000,AP
2026-04-08 14:01:58,1900-01-00 00:00:00,0960-wombat,B8:27:EB:FF:C8:F5,-48, WPA ,0.000000,0.000000,0.000,0.000,AP
2026-04-08 14:01:58,1900-01-00 00:00:00,0960-wombat,B8:27:EB:FF:C8:F5,-48, WPA ,0.000000,0.000000,0.000,0.000,AP
2026-04-08 14:01:58,1900-01-00 00:00:00,0960-wombat,B8:27:EB:FF:C8:F5,-48, WPA ,0.000000,0.000000,0.000,0.000,AP
2026-04-08 14:01:58,1900-01-00 00:00:00,0960-wombat,B8:27:EB:FF:C8:F5,-48, WPA ,0.000000,0.000000,0.000,0.000,AP
2026-04-08 14:01:58,1900-01-00 00:00:00,0960-wombat,B8:27:EB:FF:C8:F5,-48, WPA ,0.000000,0.000000,0.000,0.000,AP
2026-04-08 14:01:58,1900-01-00 00:00:00,0960-wombat,B8:27:EB:FF:C8:F5,-48, WPA ,0.000000,0.000000,0.000,0.000,AP
2026-04-08 14:01:58,1900-01-00 00:00:00,0960-wombat,B8:27:EB:FF:C8:F5,-50, WPA ,0.000000,0.000000,0.000,0.000,AP
2026-04-08 14:01:58,1900-01-00 00:00:00,0960-wombat,B8:27:EB:FF:C8:F5,-50, WPA ,0.000000,0.000000,0.000,0.000,AP
2026-04-08 14:01:58,1900-01-00 00:00:00,0960-wombat,B8:27:EB:FF:C8:F5,-49, WPA ,0.000000,0.000000,0.000,0.000,AP
2026-04-08 14:01:59,1900-01-00 00:00:00,0960-wombat,B8:27:EB:FF:C8:F5,-48, WPA ,0.000000,0.000000,0.000,0.000,AP
2026-04-08 14:01:59,1900-01-00 00:00:00,0960-wombat,B8:27:EB:FF:C8:F5,-49, WPA ,0.000000,0.000000,0.000,0.000,AP
2026-04-08 14:01:59,1900-01-00 00:00:00,0960-wombat,B8:27:EB:FF:C8:F5,-50, WPA ,0.000000,0.000000,0.000,0.000,AP
2026-04-08 14:01:59,1900-01-00 00:00:00,0960-wombat,B8:27:EB:FF:C8:F5,-50, WPA ,0.000000,0.000000,0.000,0.000,AP
2026-04-08 14:01:59,1900-01-00 00:00:00,0960-wombat,B8:27:EB:FF:C8:F5,-49, WPA ,0.000000,0.000000,0.000,0.000,AP
2026-04-08 14:01:59,1900-01-00 00:00:00,0960-wombat,B8:27:EB:FF:C8:F5,-49, WPA ,0.000000,0.000000,0.000,0.000,AP
2026-04-08 14:01:59,1900-01-00 00:00:00,0960-wombat,B8:27:EB:FF:C8:F5,-49, WPA ,0.000000,0.000000,0.000,0.000,AP
2026-04-08 14:01:59,1900-01-00 00:00:00,0960-wombat,B8:27:EB:FF:C8:F5,-49, WPA ,0.000000,0.000000,0.000,0.000,AP
2026-04-08 14:01:59,1900-01-00 00:00:00,0960-wombat,B8:27:EB:FF:C8:F5,-49, WPA ,0.000000,0.000000,0.000,0.000,AP
2026-04-08 14:01:59,1900-01-00 00:00:00,0960-wombat,B8:27:EB:FF:C8:F5,-50, WPA ,0.000000,0.000000,0.000,0.000,AP
2026-04-08 14:01:59,1900-01-00 00:00:00,0960-wombat,B8:27:EB:FF:C8:F5,-49, WPA ,0.000000,0.000000,0.000,0.000,AP
2026-04-08 14:01:59,1900-01-00 00:00:00,0960-wombat,B8:27:EB:FF:C8:F5,-49, WPA ,0.000000,0.000000,0.000,0.000,AP
2026-04-08 14:01:59,1900-01-00 00:00:00,0960-wombat,B8:27:EB:FF:C8:F5,-49, WPA ,0.000000,0.000000,0.000,0.000,AP
2026-04-08 14:01:59,1900-01-00 00:00:00,0960-wombat,B8:27:EB:FF:C8:F5,-49, WPA ,0.000000,0.000000,0.000,0.000,AP
2026-04-08 14:01:59,1900-01-00 00:00:00,0960-wombat,B8:27:EB:FF:C8:F5,-49, WPA ,0.000000,0.000000,0.000,0.000,AP
2026-04-08 14:01:59,1900-01-00 00:00:00,0960-wombat,B8:27:EB:FF:C8:F5,-50, WPA ,0.000000,0.000000,0.000,0.000,AP
2026-04-08 14:01:59,1900-01-00 00:00:00,0960-wombat,B8:27:EB:FF:C8:F5,-50, WPA ,0.000000,0.000000,0.000,0.000,AP
2026-04-08 14:01:59,1900-01-00 00:00:00,0960-wombat,B8:27:EB:FF:C8:F5,-49, WPA ,0.000000,0.000000,0.000,0.000,AP
2026-04-08 14:01:59,1900-01-00 00:00:00,0960-wombat,B8:27:EB:FF:C8:F5,-50, WPA ,0.000000,0.000000,0.000,0.000,AP
2026-04-08 14:01:59,1900-01-00 00:00:00,0960-wombat,B8:27:EB:FF:C8:F5,-49, WPA ,0.000000,0.000000,0.000,0.000,AP
2026-04-08 14:01:59,1900-01-00 00:00:00,0960-wombat,B8:27:EB:FF:C8:F5,-50, WPA ,0.000000,0.000000,0.000,0.000,AP
2026-04-08 14:01:59,1900-01-00 00:00:00,0960-wombat,B8:27:EB:FF:C8:F5,-48, WPA ,0.000000,0.000000,0.000,0.000,AP
2026-04-08 14:01:59,1900-01-00 00:00:00,0960-wombat,B8:27:EB:FF:C8:F5,-49, WPA ,0.000000,0.000000,0.000,0.000,AP
2026-04-08 14:01:59,1900-01-00 00:00:00,0960-wombat,B8:27:EB:FF:C8:F5,-49, WPA ,0.000000,0.000000,0.000,0.000,AP
2026-04-08 14:01:59,1900-01-00 00:00:00,0960-wombat,B8:27:EB:FF:C8:F5,-49, WPA ,0.000000,0.000000,0.000,0.000,AP
2026-04-08 14:01:59,1900-01-00 00:00:00,0960-wombat,B8:27:EB:FF:C8:F5,-49, WPA ,0.000000,0.000000,0.000,0.000,AP
2026-04-08 14:01:59,1900-01-00 00:00:00,0960-wombat,B8:27:EB:FF:C8:F5,-49, WPA ,0.000000,0.000000,0.000,0.000,AP
2026-04-08 14:01:59,1900-01-00 00:00:00,0960-wombat,B8:27:EB:FF:C8:F5,-49, WPA ,0.000000,0.000000,0.000,0.000,AP
2026-04-08 14:01:59,1900-01-00 00:00:00,0960-wombat,B8:27:EB:FF:C8:F5,-49, WPA ,0.000000,0.000000,0.000,0.000,AP
2026-04-08 14:01:59,1900-01-00 00:00:00,0960-wombat,B8:27:EB:FF:C8:F5,-49, WPA ,0.000000,0.000000,0.000,0.000,AP
2026-04-08 14:01:59,1900-01-00 00:00:00,0960-wombat,B8:27:EB:FF:C8:F5,-48, WPA ,0.000000,0.000000,0.000,0.000,AP
2026-04-08 14:01:59,1900-01-00 00:00:00,0960-wombat,B8:27:EB:FF:C8:F5,-49, WPA ,0.000000,0.000000,0.000,0.000,AP
2026-04-08 14:01:59,1900-01-00 00:00:00,0960-wombat,B8:27:EB:FF:C8:F5,-49, WPA ,0.000000,0.000000,0.000,0.000,AP
2026-04-08 14:01:59,1900-01-00 00:00:00,0960-wombat,B8:27:EB:FF:C8:F5,-50, WPA ,0.000000,0.000000,0.000,0.000,AP
2026-04-08 14:01:59,1900-01-00 00:00:00,0960-wombat,B8:27:EB:FF:C8:F5,-49, WPA ,0.000000,0.000000,0.000,0.000,AP
2026-04-08 14:01:59,1900-01-00 00:00:00,0960-wombat,B8:27:EB:FF:C8:F5,-49, WPA ,0.000000,0.000000,0.000,0.000,AP
2026-04-08 14:01:59,1900-01-00 00:00:00,0960-wombat,B8:27:EB:FF:C8:F5,-49, WPA ,0.000000,0.000000,0.000,0.000,AP
2026-04-08 14:01:59,1900-01-00 00:00:00,0960-wombat,B8:27:EB:FF:C8:F5,-49, WPA ,0.000000,0.000000,0.000,0.000,AP
2026-04-08 14:01:59,1900-01-00 00:00:00,0960-wombat,B8:27:EB:FF:C8:F5,-49, WPA ,0.000000,0.000000,0.000,0.000,AP
2026-04-08 14:01:59,1900-01-00 00:00:00,0960-wombat,B8:27:EB:FF:C8:F5,-49, WPA ,0.000000,0.000000,0.000,0.000,AP
2026-04-08 14:02:00,1900-01-00 00:00:00,0960-wombat,B8:27:EB:FF:C8:F5,-49, WPA ,0.000000,0.000000,0.000,0.000,AP
2026-04-08 14:02:00,1900-01-00 00:00:00,0960-wombat,B8:27:EB:FF:C8:F5,-50, WPA ,0.000000,0.000000,0.000,0.000,AP
2026-04-08 14:02:00,1900-01-00 00:00:00,0960-wombat,B8:27:EB:FF:C8:F5,-50, WPA ,0.000000,0.000000,0.000,0.000,AP
2026-04-08 14:02:00,1900-01-00 00:00:00,0960-wombat,B8:27:EB:FF:C8:F5,-51, WPA ,0.000000,0.000000,0.000,0.000,AP
2026-04-08 14:02:00,1900-01-00 00:00:00,0960-wombat,B8:27:EB:FF:C8:F5,-51, WPA ,0.000000,0.000000,0.000,0.000,AP
2026-04-08 14:02:00,1900-01-00 00:00:00,0960-wombat,B8:27:EB:FF:C8:F5,-51, WPA ,0.000000,0.000000,0.000,0.000,AP
2026-04-08 14:02:00,1900-01-00 00:00:00,0960-wombat,B8:27:EB:FF:C8:F5,-51, WPA ,0.000000,0.000000,0.000,0.000,AP
2026-04-08 14:02:00,1900-01-00 00:00:00,0960-wombat,B8:27:EB:FF:C8:F5,-51, WPA ,0.000000,0.000000,0.000,0.000,AP
2026-04-08 14:02:00,1900-01-00 00:00:00,0960-wombat,B8:27:EB:FF:C8:F5,-51, WPA ,0.000000,0.000000,0.000,0.000,AP
2026-04-08 14:02:00,1900-01-00 00:00:00,0960-wombat,B8:27:EB:FF:C8:F5,-51, WPA ,0.000000,0.000000,0.000,0.000,AP
2026-04-08 14:02:00,1900-01-00 00:00:00,0960-wombat,B8:27:EB:FF:C8:F5,-50, WPA ,0.000000,0.000000,0.000,0.000,AP
2026-04-08 14:02:00,1900-01-00 00:00:00,0960-wombat,B8:27:EB:FF:C8:F5,-51, WPA ,0.000000,0.000000,0.000,0.000,AP
2026-04-08 14:02:00,1900-01-00 00:00:00,0960-wombat,B8:27:EB:FF:C8:F5,-51, WPA ,0.000000,0.000000,0.000,0.000,AP
2026-04-08 14:02:00,1900-01-00 00:00:00,0960-wombat,B8:27:EB:FF:C8:F5,-50, WPA ,0.000000,0.000000,0.000,0.000,AP
2026-04-08 14:02:00,1900-01-00 00:00:00,0960-wombat,B8:27:EB:FF:C8:F5,-51, WPA ,0.000000,0.000000,0.000,0.000,AP
2026-04-08 14:02:00,1900-01-00 00:00:00,0960-wombat,B8:27:EB:FF:C8:F5,-51, WPA ,0.000000,0.000000,0.000,0.000,AP
2026-04-08 14:02:00,1900-01-00 00:00:00,0960-wombat,B8:27:EB:FF:C8:F5,-50, WPA ,0.000000,0.000000,0.000,0.000,AP
2026-04-08 14:02:00,1900-01-00 00:00:00,0960-wombat,B8:27:EB:FF:C8:F5,-50, WPA ,0.000000,0.000000,0.000,0.000,AP
2026-04-08 14:02:00,1900-01-00 00:00:00,0960-wombat,B8:27:EB:FF:C8:F5,-50, WPA ,0.000000,0.000000,0.000,0.000,AP
2026-04-08 14:02:00,1900-01-00 00:00:00,0960-wombat,B8:27:EB:FF:C8:F5,-50, WPA ,0.000000,0.000000,0.000,0.000,AP
2026-04-08 14:02:00,1900-01-00 00:00:00,0960-wombat,B8:27:EB:FF:C8:F5,-50, WPA ,0.000000,0.000000,0.000,0.000,AP
2026-04-08 14:02:01,1900-01-00 00:00:00,0960-wombat,B8:27:EB:FF:C8:F5,-51, WPA ,0.000000,0.000000,0.000,0.000,AP
2026-04-08 14:02:01,1900-01-00 00:00:00,0960-wombat,B8:27:EB:FF:C8:F5,-51, WPA ,0.000000,0.000000,0.000,0.000,AP
2026-04-08 14:02:01,1900-01-00 00:00:00,0960-wombat,B8:27:EB:FF:C8:F5,-50, WPA ,0.000000,0.000000,0.000,0.000,AP
2026-04-08 14:02:01,1900-01-00 00:00:00,0960-wombat,B8:27:EB:FF:C8:F5,-50, WPA ,0.000000,0.000000,0.000,0.000,AP
2026-04-08 14:02:01,1900-01-00 00:00:00,0960-wombat,B8:27:EB:FF:C8:F5,-50, WPA ,0.000000,0.000000,0.000,0.000,AP
2026-04-08 14:02:01,1900-01-00 00:00:00,0960-wombat,B8:27:EB:FF:C8:F5,-51, WPA ,0.000000,0.000000,0.000,0.000,AP
2026-04-08 14:02:01,1900-01-00 00:00:00,0960-wombat,B8:27:EB:FF:C8:F5,-51, WPA ,0.000000,0.000000,0.000,0.000,AP
2026-04-08 14:02:01,1900-01-00 00:00:00,0960-wombat,B8:27:EB:FF:C8:F5,-51, WPA ,0.000000,0.000000,0.000,0.000,AP
2026-04-08 14:02:01,1900-01-00 00:00:00,0960-wombat,B8:27:EB:FF:C8:F5,-51, WPA ,0.000000,0.000000,0.000,0.000,AP
2026-04-08 14:02:01,1900-01-00 00:00:00,0960-wombat,B8:27:EB:FF:C8:F5,-50, WPA ,0.000000,0.000000,0.000,0.000,AP
2026-04-08 14:02:01,1900-01-00 00:00:00,0960-wombat,B8:27:EB:FF:C8:F5,-52, WPA ,0.000000,0.000000,0.000,0.000,AP
2026-04-08 14:02:01,1900-01-00 00:00:00,0960-wombat,B8:27:EB:FF:C8:F5,-49, WPA ,0.000000,0.000000,0.000,0.000,AP
2026-04-08 14:02:01,1900-01-00 00:00:00,0960-wombat,B8:27:EB:FF:C8:F5,-52, WPA ,0.000000,0.000000,0.000,0.000,AP
2026-04-08 14:02:01,1900-01-00 00:00:00,0960-wombat,B8:27:EB:FF:C8:F5,-52, WPA ,0.000000,0.000000,0.000,0.000,AP
2026-04-08 14:02:01,1900-01-00 00:00:00,0960-wombat,B8:27:EB:FF:C8:F5,-50, WPA ,0.000000,0.000000,0.000,0.000,AP
2026-04-08 14:02:01,1900-01-00 00:00:00,0960-wombat,B8:27:EB:FF:C8:F5,-52, WPA ,0.000000,0.000000,0.000,0.000,AP
2026-04-08 14:02:01,1900-01-00 00:00:00,0960-wombat,B8:27:EB:FF:C8:F5,-51, WPA ,0.000000,0.000000,0.000,0.000,AP
2026-04-08 14:02:01,1900-01-00 00:00:00,0960-wombat,B8:27:EB:FF:C8:F5,-52, WPA ,0.000000,0.000000,0.000,0.000,AP
2026-04-08 14:02:01,1900-01-00 00:00:00,0960-wombat,B8:27:EB:FF:C8:F5,-51, WPA ,0.000000,0.000000,0.000,0.000,AP
2026-04-08 14:02:01,1900-01-00 00:00:00,0960-wombat,B8:27:EB:FF:C8:F5,-51, WPA ,0.000000,0.000000,0.000,0.000,AP
2026-04-08 14:02:01,1900-01-00 00:00:00,0960-wombat,B8:27:EB:FF:C8:F5,-51, WPA ,0.000000,0.000000,0.000,0.000,AP
2026-04-08 14:02:01,1900-01-00 00:00:00,0960-wombat,B8:27:EB:FF:C8:F5,-51, WPA ,0.000000,0.000000,0.000,0.000,AP
2026-04-08 14:02:01,1900-01-00 00:00:00,0960-wombat,B8:27:EB:FF:C8:F5,-51, WPA ,0.000000,0.000000,0.000,0.000,AP
2026-04-08 14:02:01,1900-01-00 00:00:00,0960-wombat,B8:27:EB:FF:C8:F5,-50, WPA ,0.000000,0.000000,0.000,0.000,AP
2026-04-08 14:02:01,1900-01-00 00:00:00,0960-wombat,B8:27:EB:FF:C8:F5,-50, WPA ,0.000000,0.000000,0.000,0.000,AP
2026-04-08 14:02:01,1900-01-00 00:00:00,0960-wombat,B8:27:EB:FF:C8:F5,-50, WPA ,0.000000,0.000000,0.000,0.000,AP
2026-04-08 14:02:01,1900-01-00 00:00:00,0960-wombat,B8:27:EB:FF:C8:F5,-50, WPA ,0.000000,0.000000,0.000,0.000,AP
2026-04-08 14:02:01,1900-01-00 00:00:00,0960-wombat,B8:27:EB:FF:C8:F5,-51, WPA ,0.000000,0.000000,0.000,0.000,AP
2026-04-08 14:02:01,1900-01-00 00:00:00,0960-wombat,B8:27:EB:FF:C8:F5,-52, WPA ,0.000000,0.000000,0.000,0.000,AP
2026-04-08 14:02:02,1900-01-00 00:00:00,0960-wombat,B8:27:EB:FF:C8:F5,-48, WPA ,0.000000,0.000000,0.000,0.000,AP
2026-04-08 14:02:02,1900-01-00 00:00:00,0960-wombat,B8:27:EB:FF:C8:F5,-48, WPA ,0.000000,0.000000,0.000,0.000,AP
2026-04-08 14:02:02,1900-01-00 00:00:00,0960-wombat,B8:27:EB:FF:C8:F5,-50, WPA ,0.000000,0.000000,0.000,0.000,AP
2026-04-08 14:02:02,1900-01-00 00:00:00,0960-wombat,B8:27:EB:FF:C8:F5,-49, WPA ,0.000000,0.000000,0.000,0.000,AP
2026-04-08 14:02:02,1900-01-00 00:00:00,0960-wombat,B8:27:EB:FF:C8:F5,-50, WPA ,0.000000,0.000000,0.000,0.000,AP
2026-04-08 14:02:02,1900-01-00 00:00:00,0960-wombat,B8:27:EB:FF:C8:F5,-50, WPA ,0.000000,0.000000,0.000,0.000,AP
2026-04-08 14:02:02,1900-01-00 00:00:00,0960-wombat,B8:27:EB:FF:C8:F5,-49, WPA ,0.000000,0.000000,0.000,0.000,AP
2026-04-08 14:02:02,1900-01-00 00:00:00,0960-wombat,B8:27:EB:FF:C8:F5,-49, WPA ,0.000000,0.000000,0.000,0.000,AP
2026-04-08 14:02:02,1900-01-00 00:00:00,0960-wombat,B8:27:EB:FF:C8:F5,-49, WPA ,0.000000,0.000000,0.000,0.000,AP
2026-04-08 14:02:02,1900-01-00 00:00:00,0960-wombat,B8:27:EB:FF:C8:F5,-49, WPA ,0.000000,0.000000,0.000,0.000,AP
2026-04-08 14:02:02,1900-01-00 00:00:00,0960-wombat,B8:27:EB:FF:C8:F5,-49, WPA ,0.000000,0.000000,0.000,0.000,AP
2026-04-08 14:02:02,1900-01-00 00:00:00,0960-wombat,B8:27:EB:FF:C8:F5,-50, WPA ,0.000000,0.000000,0.000,0.000,AP
2026-04-08 14:02:02,1900-01-00 00:00:00,0960-wombat,B8:27:EB:FF:C8:F5,-49, WPA ,0.000000,0.000000,0.000,0.000,AP
2026-04-08 14:02:02,1900-01-00 00:00:00,0960-wombat,B8:27:EB:FF:C8:F5,-49, WPA ,0.000000,0.000000,0.000,0.000,AP
2026-04-08 14:02:02,1900-01-00 00:00:00,0960-wombat,B8:27:EB:FF:C8:F5,-49, WPA ,0.000000,0.000000,0.000,0.000,AP
2026-04-08 14:02:02,1900-01-00 00:00:00,0960-wombat,B8:27:EB:FF:C8:F5,-49, WPA ,0.000000,0.000000,0.000,0.000,AP
2026-04-08 14:02:02,1900-01-00 00:00:00,0960-wombat,B8:27:EB:FF:C8:F5,-49, WPA ,0.000000,0.000000,0.000,0.000,AP
2026-04-08 14:02:02,1900-01-00 00:00:00,0960-wombat,B8:27:EB:FF:C8:F5,-49, WPA ,0.000000,0.000000,0.000,0.000,AP
2026-04-08 14:02:02,1900-01-00 00:00:00,0960-wombat,B8:27:EB:FF:C8:F5,-49, WPA ,0.000000,0.000000,0.000,0.000,AP
2026-04-08 14:02:02,1900-01-00 00:00:00,0960-wombat,B8:27:EB:FF:C8:F5,-49, WPA ,0.000000,0.000000,0.000,0.000,AP
2026-04-08 14:02:02,1900-01-00 00:00:00,0960-wombat,B8:27:EB:FF:C8:F5,-49, WPA ,0.000000,0.000000,0.000,0.000,AP
2026-04-08 14:02:03,1900-01-00 00:00:00,0960-wombat,B8:27:EB:FF:C8:F5,-50, WPA ,0.000000,0.000000,0.000,0.000,AP
2026-04-08 14:02:03,1900-01-00 00:00:00,0960-wombat,B8:27:EB:FF:C8:F5,-51, WPA ,0.000000,0.000000,0.000,0.000,AP
2026-04-08 14:02:03,1900-01-00 00:00:00,0960-wombat,B8:27:EB:FF:C8:F5,-50, WPA ,0.000000,0.000000,0.000,0.000,AP
2026-04-08 14:02:03,1900-01-00 00:00:00,0960-wombat,B8:27:EB:FF:C8:F5,-49, WPA ,0.000000,0.000000,0.000,0.000,AP
2026-04-08 14:02:03,1900-01-00 00:00:00,0960-wombat,B8:27:EB:FF:C8:F5,-50, WPA ,0.000000,0.000000,0.000,0.000,AP
2026-04-08 14:02:03,1900-01-00 00:00:00,0960-wombat,B8:27:EB:FF:C8:F5,-50, WPA ,0.000000,0.000000,0.000,0.000,AP
2026-04-08 14:02:03,1900-01-00 00:00:00,0960-wombat,B8:27:EB:FF:C8:F5,-50, WPA ,0.000000,0.000000,0.000,0.000,AP
2026-04-08 14:02:03,1900-01-00 00:00:00,0960-wombat,B8:27:EB:FF:C8:F5,-49, WPA ,0.000000,0.000000,0.000,0.000,AP
2026-04-08 14:02:03,1900-01-00 00:00:00,0960-wombat,B8:27:EB:FF:C8:F5,-50, WPA ,0.000000,0.000000,0.000,0.000,AP
2026-04-08 14:02:03,1900-01-00 00:00:00,0960-wombat,B8:27:EB:FF:C8:F5,-50, WPA ,0.000000,0.000000,0.000,0.000,AP
2026-04-08 14:02:03,1900-01-00 00:00:00,0960-wombat,B8:27:EB:FF:C8:F5,-49, WPA ,0.000000,0.000000,0.000,0.000,AP
2026-04-08 14:02:03,1900-01-00 00:00:00,0960-wombat,B8:27:EB:FF:C8:F5,-49, WPA ,0.000000,0.000000,0.000,0.000,AP
2026-04-08 14:02:03,1900-01-00 00:00:00,0960-wombat,B8:27:EB:FF:C8:F5,-48, WPA ,0.000000,0.000000,0.000,0.000,AP
2026-04-08 14:02:03,1900-01-00 00:00:00,0960-wombat,B8:27:EB:FF:C8:F5,-48, WPA ,0.000000,0.000000,0.000,0.000,AP
2026-04-08 14:02:03,1900-01-00 00:00:00,0960-wombat,B8:27:EB:FF:C8:F5,-50, WPA ,0.000000,0.000000,0.000,0.000,AP
2026-04-08 14:02:03,1900-01-00 00:00:00,0960-wombat,B8:27:EB:FF:C8:F5,-49, WPA ,0.000000,0.000000,0.000,0.000,AP
2026-04-08 14:02:03,1900-01-00 00:00:00,0960-wombat,B8:27:EB:FF:C8:F5,-49, WPA ,0.000000,0.000000,0.000,0.000,AP
2026-04-08 14:02:03,1900-01-00 00:00:00,0960-wombat,B8:27:EB:FF:C8:F5,-49, WPA ,0.000000,0.000000,0.000,0.000,AP
2026-04-08 14:02:03,1900-01-00 00:00:00,0960-wombat,B8:27:EB:FF:C8:F5,-49, WPA ,0.000000,0.000000,0.000,0.000,AP
2026-04-08 14:02:03,1900-01-00 00:00:00,0960-wombat,B8:27:EB:FF:C8:F5,-49, WPA ,0.000000,0.000000,0.000,0.000,AP
2026-04-08 14:02:03,1900-01-00 00:00:00,0960-wombat,B8:27:EB:FF:C8:F5,-49, WPA ,0.000000,0.000000,0.000,0.000,AP
2026-04-08 14:02:03,1900-01-00 00:00:00,0960-wombat,B8:27:EB:FF:C8:F5,-49, WPA ,0.000000,0.000000,0.000,0.000,AP
2026-04-08 14:02:03,1900-01-00 00:00:00,0960-wombat,B8:27:EB:FF:C8:F5,-49, WPA ,0.000000,0.000000,0.000,0.000,AP
2026-04-08 14:02:03,1900-01-00 00:00:00,0960-wombat,B8:27:EB:FF:C8:F5,-49, WPA ,0.000000,0.000000,0.000,0.000,AP
2026-04-08 14:02:03,1900-01-00 00:00:00,0960-wombat,B8:27:EB:FF:C8:F5,-49, WPA ,0.000000,0.000000,0.000,0.000,AP
2026-04-08 14:02:03,1900-01-00 00:00:00,0960-wombat,B8:27:EB:FF:C8:F5,-49, WPA ,0.000000,0.000000,0.000,0.000,AP
2026-04-08 14:02:03,1900-01-00 00:00:00,0960-wombat,B8:27:EB:FF:C8:F5,-49, WPA ,0.000000,0.000000,0.000,0.000,AP
2026-04-08 14:02:03,1900-01-00 00:00:00,0960-wombat,B8:27:EB:FF:C8:F5,-49, WPA ,0.000000,0.000000,0.000,0.000,AP
2026-04-08 14:02:03,1900-01-00 00:00:00,0960-wombat,B8:27:EB:FF:C8:F5,-49, WPA ,0.000000,0.000000,0.000,0.000,AP
2026-04-08 14:02:03,1900-01-00 00:00:00,0960-wombat,B8:27:EB:FF:C8:F5,-49, WPA ,0.000000,0.000000,0.000,0.000,AP
2026-04-08 14:02:03,1900-01-00 00:00:00,0960-wombat,B8:27:EB:FF:C8:F5,-50, WPA ,0.000000,0.000000,0.000,0.000,AP
2026-04-08 14:02:03,1900-01-00 00:00:00,0960-wombat,B8:27:EB:FF:C8:F5,-49, WPA ,0.000000,0.000000,0.000,0.000,AP
2026-04-08 14:02:03,1900-01-00 00:00:00,0960-wombat,B8:27:EB:FF:C8:F5,-50, WPA ,0.000000,0.000000,0.000,0.000,AP
2026-04-08 14:02:03,1900-01-00 00:00:00,0960-wombat,B8:27:EB:FF:C8:F5,-50, WPA ,0.000000,0.000000,0.000,0.000,AP
2026-04-08 14:02:03,1900-01-00 00:00:00,0960-wombat,B8:27:EB:FF:C8:F5,-51, WPA ,0.000000,0.000000,0.000,0.000,AP
2026-04-08 14:02:03,1900-01-00 00:00:00,0960-wombat,B8:27:EB:FF:C8:F5,-50, WPA ,0.000000,0.000000,0.000,0.000,AP
2026-04-08 14:02:03,1900-01-00 00:00:00,0960-wombat,B8:27:EB:FF:C8:F5,-50, WPA ,0.000000,0.000000,0.000,0.000,AP
2026-04-08 14:02:03,1900-01-00 00:00:00,0960-wombat,B8:27:EB:FF:C8:F5,-48, WPA ,0.000000,0.000000,0.000,0.000,AP
2026-04-08 14:02:03,1900-01-00 00:00:00,0960-wombat,B8:27:EB:FF:C8:F5,-49, WPA ,0.000000,0.000000,0.000,0.000,AP
2026-04-08 14:02:03,1900-01-00 00:00:00,0960-wombat,B8:27:EB:FF:C8:F5,-49, WPA ,0.000000,0.000000,0.000,0.000,AP
2026-04-08 14:02:03,1900-01-00 00:00:00,0960-wombat,B8:27:EB:FF:C8:F5,-50, WPA ,0.000000,0.000000,0.000,0.000,AP
2026-04-08 14:02:03,1900-01-00 00:00:00,0960-wombat,B8:27:EB:FF:C8:F5,-49, WPA ,0.000000,0.000000,0.000,0.000,AP
2026-04-08 14:02:03,1900-01-00 00:00:00,0960-wombat,B8:27:EB:FF:C8:F5,-49, WPA ,0.000000,0.000000,0.000,0.000,AP
2026-04-08 14:02:03,1900-01-00 00:00:00,0960-wombat,B8:27:EB:FF:C8:F5,-49, WPA ,0.000000,0.000000,0.000,0.000,AP
2026-04-08 14:02:03,1900-01-00 00:00:00,0960-wombat,B8:27:EB:FF:C8:F5,-49, WPA ,0.000000,0.000000,0.000,0.000,AP
2026-04-08 14:02:03,1900-01-00 00:00:00,0960-wombat,B8:27:EB:FF:C8:F5,-50, WPA ,0.000000,0.000000,0.000,0.000,AP
2026-04-08 14:02:03,1900-01-00 00:00:00,0960-wombat,B8:27:EB:FF:C8:F5,-49, WPA ,0.000000,0.000000,0.000,0.000,AP
2026-04-08 14:02:03,1900-01-00 00:00:00,0960-wombat,B8:27:EB:FF:C8:F5,-50, WPA ,0.000000,0.000000,0.000,0.000,AP
2026-04-08 14:02:03,1900-01-00 00:00:00,0960-wombat,B8:27:EB:FF:C8:F5,-49, WPA ,0.000000,0.000000,0.000,0.000,AP
2026-04-08 14:02:03,1900-01-00 00:00:00,0960-wombat,B8:27:EB:FF:C8:F5,-49, WPA ,0.000000,0.000000,0.000,0.000,AP
2026-04-08 14:02:03,1900-01-00 00:00:00,0960-wombat,B8:27:EB:FF:C8:F5,-49, WPA ,0.000000,0.000000,0.000,0.000,AP
2026-04-08 14:02:03,1900-01-00 00:00:00,0960-wombat,B8:27:EB:FF:C8:F5,-49, WPA ,0.000000,0.000000,0.000,0.000,AP
2026-04-08 14:02:04,1900-01-00 00:00:00,0960-wombat,B8:27:EB:FF:C8:F5,-47, WPA ,0.000000,0.000000,0.000,0.000,AP
2026-04-08 14:02:04,1900-01-00 00:00:00,0960-wombat,B8:27:EB:FF:C8:F5,-48, WPA ,0.000000,0.000000,0.000,0.000,AP
2026-04-08 14:02:04,1900-01-00 00:00:00,0960-wombat,B8:27:EB:FF:C8:F5,-48, WPA ,0.000000,0.000000,0.000,0.000,AP
2026-04-08 14:02:04,1900-01-00 00:00:00,0960-wombat,B8:27:EB:FF:C8:F5,-48, WPA ,0.000000,0.000000,0.000,0.000,AP
2026-04-08 14:02:04,1900-01-00 00:00:00,0960-wombat,B8:27:EB:FF:C8:F5,-48, WPA ,0.000000,0.000000,0.000,0.000,AP
2026-04-08 14:02:04,1900-01-00 00:00:00,0960-wombat,B8:27:EB:FF:C8:F5,-48, WPA ,0.000000,0.000000,0.000,0.000,AP
2026-04-08 14:02:04,1900-01-00 00:00:00,0960-wombat,B8:27:EB:FF:C8:F5,-48, WPA ,0.000000,0.000000,0.000,0.000,AP
2026-04-08 14:02:04,1900-01-00 00:00:00,0960-wombat,B8:27:EB:FF:C8:F5,-48, WPA ,0.000000,0.000000,0.000,0.000,AP
2026-04-08 14:02:04,1900-01-00 00:00:00,0960-wombat,B8:27:EB:FF:C8:F5,-48, WPA ,0.000000,0.000000,0.000,0.000,AP
2026-04-08 14:02:04,1900-01-00 00:00:00,0960-wombat,B8:27:EB:FF:C8:F5,-48, WPA ,0.000000,0.000000,0.000,0.000,AP
2026-04-08 14:02:04,1900-01-00 00:00:00,0960-wombat,B8:27:EB:FF:C8:F5,-48, WPA ,0.000000,0.000000,0.000,0.000,AP
2026-04-08 14:02:04,1900-01-00 00:00:00,0960-wombat,B8:27:EB:FF:C8:F5,-48, WPA ,0.000000,0.000000,0.000,0.000,AP
2026-04-08 14:02:04,1900-01-00 00:00:00,0960-wombat,B8:27:EB:FF:C8:F5,-47, WPA ,0.000000,0.000000,0.000,0.000,AP
2026-04-08 14:02:04,1900-01-00 00:00:00,0960-wombat,B8:27:EB:FF:C8:F5,-48, WPA ,0.000000,0.000000,0.000,0.000,AP
2026-04-08 14:02:04,1900-01-00 00:00:00,0960-wombat,B8:27:EB:FF:C8:F5,-48, WPA ,0.000000,0.000000,0.000,0.000,AP
2026-04-08 14:02:04,1900-01-00 00:00:00,0960-wombat,B8:27:EB:FF:C8:F5,-48, WPA ,0.000000,0.000000,0.000,0.000,AP
2026-04-08 14:02:04,1900-01-00 00:00:00,0960-wombat,B8:27:EB:FF:C8:F5,-47, WPA ,0.000000,0.000000,0.000,0.000,AP
2026-04-08 14:02:04,1900-01-00 00:00:00,0960-wombat,B8:27:EB:FF:C8:F5,-48, WPA ,0.000000,0.000000,0.000,0.000,AP
2026-04-08 14:02:04,1900-01-00 00:00:00,0960-wombat,B8:27:EB:FF:C8:F5,-50, WPA ,0.000000,0.000000,0.000,0.000,AP
2026-04-08 14:02:04,1900-01-00 00:00:00,0960-wombat,B8:27:EB:FF:C8:F5,-50, WPA ,0.000000,0.000000,0.000,0.000,AP
2026-04-08 14:02:04,1900-01-00 00:00:00,0960-wombat,B8:27:EB:FF:C8:F5,-50, WPA ,0.000000,0.000000,0.000,0.000,AP
2026-04-08 14:02:04,1900-01-00 00:00:00,0960-wombat,B8:27:EB:FF:C8:F5,-50, WPA ,0.000000,0.000000,0.000,0.000,AP
2026-04-08 14:02:04,1900-01-00 00:00:00,0960-wombat,B8:27:EB:FF:C8:F5,-50, WPA ,0.000000,0.000000,0.000,0.000,AP
2026-04-08 14:02:04,1900-01-00 00:00:00,0960-wombat,B8:27:EB:FF:C8:F5,-50, WPA ,0.000000,0.000000,0.000,0.000,AP
2026-04-08 14:02:04,1900-01-00 00:00:00,0960-wombat,B8:27:EB:FF:C8:F5,-49, WPA ,0.000000,0.000000,0.000,0.000,AP
2026-04-08 14:02:04,1900-01-00 00:00:00,0960-wombat,B8:27:EB:FF:C8:F5,-50, WPA ,0.000000,0.000000,0.000,0.000,AP
2026-04-08 14:02:04,1900-01-00 00:00:00,0960-wombat,B8:27:EB:FF:C8:F5,-49, WPA ,0.000000,0.000000,0.000,0.000,AP
2026-04-08 14:02:04,1900-01-00 00:00:00,0960-wombat,B8:27:EB:FF:C8:F5,-50, WPA ,0.000000,0.000000,0.000,0.000,AP
2026-04-08 14:02:04,1900-01-00 00:00:00,0960-wombat,B8:27:EB:FF:C8:F5,-50, WPA ,0.000000,0.000000,0.000,0.000,AP
2026-04-08 14:02:04,1900-01-00 00:00:00,0960-wombat,B8:27:EB:FF:C8:F5,-50, WPA ,0.000000,0.000000,0.000,0.000,AP
2026-04-08 14:02:04,1900-01-00 00:00:00,0960-wombat,B8:27:EB:FF:C8:F5,-50, WPA ,0.000000,0.000000,0.000,0.000,AP
2026-04-08 14:02:04,1900-01-00 00:00:00,0960-wombat,B8:27:EB:FF:C8:F5,-50, WPA ,0.000000,0.000000,0.000,0.000,AP
2026-04-08 14:02:04,1900-01-00 00:00:00,0960-wombat,B8:27:EB:FF:C8:F5,-51, WPA ,0.000000,0.000000,0.000,0.000,AP
2026-04-08 14:02:05,1900-01-00 00:00:00,0960-wombat,B8:27:EB:FF:C8:F5,-50, WPA ,0.000000,0.000000,0.000,0.000,AP
2026-04-08 14:02:05,1900-01-00 00:00:00,0960-wombat,B8:27:EB:FF:C8:F5,-49, WPA ,0.000000,0.000000,0.000,0.000,AP
2026-04-08 14:02:05,1900-01-00 00:00:00,0960-wombat,B8:27:EB:FF:C8:F5,-49, WPA ,0.000000,0.000000,0.000,0.000,AP
2026-04-08 14:02:05,1900-01-00 00:00:00,0960-wombat,B8:27:EB:FF:C8:F5,-50, WPA ,0.000000,0.000000,0.000,0.000,AP
2026-04-08 14:02:05,1900-01-00 00:00:00,0960-wombat,B8:27:EB:FF:C8:F5,-48, WPA ,0.000000,0.000000,0.000,0.000,AP
2026-04-08 14:02:05,1900-01-00 00:00:00,0960-wombat,B8:27:EB:FF:C8:F5,-49, WPA ,0.000000,0.000000,0.000,0.000,AP
2026-04-08 14:02:05,1900-01-00 00:00:00,0960-wombat,B8:27:EB:FF:C8:F5,-49, WPA ,0.000000,0.000000,0.000,0.000,AP
2026-04-08 14:02:05,1900-01-00 00:00:00,0960-wombat,B8:27:EB:FF:C8:F5,-49, WPA ,0.000000,0.000000,0.000,0.000,AP
2026-04-08 14:02:05,1900-01-00 00:00:00,0960-wombat,B8:27:EB:FF:C8:F5,-49, WPA ,0.000000,0.000000,0.000,0.000,AP
2026-04-08 14:02:05,1900-01-00 00:00:00,0960-wombat,B8:27:EB:FF:C8:F5,-49, WPA ,0.000000,0.000000,0.000,0.000,AP
2026-04-08 14:02:05,1900-01-00 00:00:00,0960-wombat,B8:27:EB:FF:C8:F5,-49, WPA ,0.000000,0.000000,0.000,0.000,AP
2026-04-08 14:02:05,1900-01-00 00:00:00,0960-wombat,B8:27:EB:FF:C8:F5,-49, WPA ,0.000000,0.000000,0.000,0.000,AP
2026-04-08 14:02:05,1900-01-00 00:00:00,0960-wombat,B8:27:EB:FF:C8:F5,-49, WPA ,0.000000,0.000000,0.000,0.000,AP
2026-04-08 14:02:05,1900-01-00 00:00:00,0960-wombat,B8:27:EB:FF:C8:F5,-50, WPA ,0.000000,0.000000,0.000,0.000,AP
2026-04-08 14:02:05,1900-01-00 00:00:00,0960-wombat,B8:27:EB:FF:C8:F5,-51, WPA ,0.000000,0.000000,0.000,0.000,AP
2026-04-08 14:02:06,1900-01-00 00:00:00,0960-wombat,B8:27:EB:FF:C8:F5,-49, WPA ,0.000000,0.000000,0.000,0.000,AP
2026-04-08 14:02:06,1900-01-00 00:00:00,0960-wombat,B8:27:EB:FF:C8:F5,-48, WPA ,0.000000,0.000000,0.000,0.000,AP
2026-04-08 14:02:06,1900-01-00 00:00:00,0960-wombat,B8:27:EB:FF:C8:F5,-49, WPA ,0.000000,0.000000,0.000,0.000,AP
2026-04-08 14:02:06,1900-01-00 00:00:00,0960-wombat,B8:27:EB:FF:C8:F5,-51, WPA ,0.000000,0.000000,0.000,0.000,AP
2026-04-08 14:02:06,1900-01-00 00:00:00,0960-wombat,B8:27:EB:FF:C8:F5,-51, WPA ,0.000000,0.000000,0.000,0.000,AP
2026-04-08 14:02:06,1900-01-00 00:00:00,0960-wombat,B8:27:EB:FF:C8:F5,-52, WPA ,0.000000,0.000000,0.000,0.000,AP
2026-04-08 14:02:06,1900-01-00 00:00:00,0960-wombat,B8:27:EB:FF:C8:F5,-52, WPA ,0.000000,0.000000,0.000,0.000,AP
2026-04-08 14:02:06,1900-01-00 00:00:00,0960-wombat,B8:27:EB:FF:C8:F5,-52, WPA ,0.000000,0.000000,0.000,0.000,AP
2026-04-08 14:02:06,1900-01-00 00:00:00,0960-wombat,B8:27:EB:FF:C8:F5,-52, WPA ,0.000000,0.000000,0.000,0.000,AP
2026-04-08 14:02:06,1900-01-00 00:00:00,0960-wombat,B8:27:EB:FF:C8:F5,-53, WPA ,0.000000,0.000000,0.000,0.000,AP
2026-04-08 14:02:06,1900-01-00 00:00:00,0960-wombat,B8:27:EB:FF:C8:F5,-52, WPA ,0.000000,0.000000,0.000,0.000,AP
2026-04-08 14:02:06,1900-01-00 00:00:00,0960-wombat,B8:27:EB:FF:C8:F5,-52, WPA ,0.000000,0.000000,0.000,0.000,AP
2026-04-08 14:02:06,1900-01-00 00:00:00,0960-wombat,B8:27:EB:FF:C8:F5,-52, WPA ,0.000000,0.000000,0.000,0.000,AP
2026-04-08 14:02:06,1900-01-00 00:00:00,0960-wombat,B8:27:EB:FF:C8:F5,-52, WPA ,0.000000,0.000000,0.000,0.000,AP
2026-04-08 14:02:06,1900-01-00 00:00:00,0960-wombat,B8:27:EB:FF:C8:F5,-51, WPA ,0.000000,0.000000,0.000,0.000,AP
2026-04-08 14:02:07,1900-01-00 00:00:00,0960-wombat,B8:27:EB:FF:C8:F5,-51, WPA ,0.000000,0.000000,0.000,0.000,AP
2026-04-08 14:02:07,1900-01-00 00:00:00,0960-wombat,B8:27:EB:FF:C8:F5,-50, WPA ,0.000000,0.000000,0.000,0.000,AP
2026-04-08 14:02:07,1900-01-00 00:00:00,0960-wombat,B8:27:EB:FF:C8:F5,-50, WPA ,0.000000,0.000000,0.000,0.000,AP
2026-04-08 14:02:07,1900-01-00 00:00:00,0960-wombat,B8:27:EB:FF:C8:F5,-50, WPA ,0.000000,0.000000,0.000,0.000,AP
2026-04-08 14:02:07,1900-01-00 00:00:00,0960-wombat,B8:27:EB:FF:C8:F5,-49, WPA ,0.000000,0.000000,0.000,0.000,AP
2026-04-08 14:02:07,1900-01-00 00:00:00,0960-wombat,B8:27:EB:FF:C8:F5,-50, WPA ,0.000000,0.000000,0.000,0.000,AP
2026-04-08 14:02:07,1900-01-00 00:00:00,0960-wombat,B8:27:EB:FF:C8:F5,-50, WPA ,0.000000,0.000000,0.000,0.000,AP
2026-04-08 14:02:07,1900-01-00 00:00:00,0960-wombat,B8:27:EB:FF:C8:F5,-50, WPA ,0.000000,0.000000,0.000,0.000,AP
2026-04-08 14:02:07,1900-01-00 00:00:00,0960-wombat,B8:27:EB:FF:C8:F5,-50, WPA ,0.000000,0.000000,0.000,0.000,AP
2026-04-08 14:02:07,1900-01-00 00:00:00,0960-wombat,B8:27:EB:FF:C8:F5,-50, WPA ,0.000000,0.000000,0.000,0.000,AP
2026-04-08 14:02:07,1900-01-00 00:00:00,0960-wombat,B8:27:EB:FF:C8:F5,-49, WPA ,0.000000,0.000000,0.000,0.000,AP
2026-04-08 14:02:07,1900-01-00 00:00:00,0960-wombat,B8:27:EB:FF:C8:F5,-50, WPA ,0.000000,0.000000,0.000,0.000,AP
2026-04-08 14:02:07,1900-01-00 00:00:00,0960-wombat,B8:27:EB:FF:C8:F5,-50, WPA ,0.000000,0.000000,0.000,0.000,AP
2026-04-08 14:02:07,1900-01-00 00:00:00,0960-wombat,B8:27:EB:FF:C8:F5,-50, WPA ,0.000000,0.000000,0.000,0.000,AP
2026-04-08 14:02:07,1900-01-00 00:00:00,0960-wombat,B8:27:EB:FF:C8:F5,-50, WPA ,0.000000,0.000000,0.000,0.000,AP
2026-04-08 14:02:07,1900-01-00 00:00:00,0960-wombat,B8:27:EB:FF:C8:F5,-50, WPA ,0.000000,0.000000,0.000,0.000,AP
2026-04-08 14:02:07,1900-01-00 00:00:00,0960-wombat,B8:27:EB:FF:C8:F5,-50, WPA ,0.000000,0.000000,0.000,0.000,AP
2026-04-08 14:02:07,1900-01-00 00:00:00,0960-wombat,B8:27:EB:FF:C8:F5,-50, WPA ,0.000000,0.000000,0.000,0.000,AP
2026-04-08 14:02:07,1900-01-00 00:00:00,0960-wombat,B8:27:EB:FF:C8:F5,-50, WPA ,0.000000,0.000000,0.000,0.000,AP
2026-04-08 14:02:07,1900-01-00 00:00:00,0960-wombat,B8:27:EB:FF:C8:F5,-50, WPA ,0.000000,0.000000,0.000,0.000,AP
2026-04-08 14:02:07,1900-01-00 00:00:00,0960-wombat,B8:27:EB:FF:C8:F5,-50, WPA ,0.000000,0.000000,0.000,0.000,AP
2026-04-08 14:02:07,1900-01-00 00:00:00,0960-wombat,B8:27:EB:FF:C8:F5,-50, WPA ,0.000000,0.000000,0.000,0.000,AP
2026-04-08 14:02:07,1900-01-00 00:00:00,0960-wombat,B8:27:EB:FF:C8:F5,-50, WPA ,0.000000,0.000000,0.000,0.000,AP
2026-04-08 14:02:07,1900-01-00 00:00:00,0960-wombat,B8:27:EB:FF:C8:F5,-50, WPA ,0.000000,0.000000,0.000,0.000,AP
2026-04-08 14:02:08,1900-01-00 00:00:00,0960-wombat,B8:27:EB:FF:C8:F5,-50, WPA ,0.000000,0.000000,0.000,0.000,AP
2026-04-08 14:02:08,1900-01-00 00:00:00,0960-wombat,B8:27:EB:FF:C8:F5,-50, WPA ,0.000000,0.000000,0.000,0.000,AP
2026-04-08 14:02:08,1900-01-00 00:00:00,0960-wombat,B8:27:EB:FF:C8:F5,-50, WPA ,0.000000,0.000000,0.000,0.000,AP
2026-04-08 14:02:08,1900-01-00 00:00:00,0960-wombat,B8:27:EB:FF:C8:F5,-50, WPA ,0.000000,0.000000,0.000,0.000,AP
2026-04-08 14:02:08,1900-01-00 00:00:00,0960-wombat,B8:27:EB:FF:C8:F5,-51, WPA ,0.000000,0.000000,0.000,0.000,AP
2026-04-08 14:02:08,1900-01-00 00:00:00,0960-wombat,B8:27:EB:FF:C8:F5,-50, WPA ,0.000000,0.000000,0.000,0.000,AP
2026-04-08 14:02:08,1900-01-00 00:00:00,0960-wombat,B8:27:EB:FF:C8:F5,-49, WPA ,0.000000,0.000000,0.000,0.000,AP
2026-04-08 14:02:08,1900-01-00 00:00:00,0960-wombat,B8:27:EB:FF:C8:F5,-48, WPA ,0.000000,0.000000,0.000,0.000,AP
2026-04-08 14:02:08,1900-01-00 00:00:00,0960-wombat,B8:27:EB:FF:C8:F5,-50, WPA ,0.000000,0.000000,0.000,0.000,AP
2026-04-08 14:02:08,1900-01-00 00:00:00,0960-wombat,B8:27:EB:FF:C8:F5,-50, WPA ,0.000000,0.000000,0.000,0.000,AP
2026-04-08 14:02:09,1900-01-00 00:00:00,0960-wombat,B8:27:EB:FF:C8:F5,-50, WPA ,0.000000,0.000000,0.000,0.000,AP
2026-04-08 14:02:09,1900-01-00 00:00:00,0960-wombat,B8:27:EB:FF:C8:F5,-50, WPA ,0.000000,0.000000,0.000,0.000,AP
2026-04-08 14:02:09,1900-01-00 00:00:00,0960-wombat,B8:27:EB:FF:C8:F5,-50, WPA ,0.000000,0.000000,0.000,0.000,AP
2026-04-08 14:02:09,1900-01-00 00:00:00,0960-wombat,B8:27:EB:FF:C8:F5,-51, WPA ,0.000000,0.000000,0.000,0.000,AP
2026-04-08 14:02:09,1900-01-00 00:00:00,0960-wombat,B8:27:EB:FF:C8:F5,-51, WPA ,0.000000,0.000000,0.000,0.000,AP
2026-04-08 14:02:09,1900-01-00 00:00:00,0960-wombat,B8:27:EB:FF:C8:F5,-51, WPA ,0.000000,0.000000,0.000,0.000,AP
2026-04-08 14:02:09,1900-01-00 00:00:00,0960-wombat,B8:27:EB:FF:C8:F5,-50, WPA ,0.000000,0.000000,0.000,0.000,AP
2026-04-08 14:02:09,1900-01-00 00:00:00,0960-wombat,B8:27:EB:FF:C8:F5,-50, WPA ,0.000000,0.000000,0.000,0.000,AP
2026-04-08 14:02:09,1900-01-00 00:00:00,0960-wombat,B8:27:EB:FF:C8:F5,-50, WPA ,0.000000,0.000000,0.000,0.000,AP
2026-04-08 14:02:09,1900-01-00 00:00:00,0960-wombat,B8:27:EB:FF:C8:F5,-51, WPA ,0.000000,0.000000,0.000,0.000,AP
2026-04-08 14:02:09,1900-01-00 00:00:00,0960-wombat,B8:27:EB:FF:C8:F5,-50, WPA ,0.000000,0.000000,0.000,0.000,AP
2026-04-08 14:02:09,1900-01-00 00:00:00,0960-wombat,B8:27:EB:FF:C8:F5,-51, WPA ,0.000000,0.000000,0.000,0.000,AP
2026-04-08 14:02:09,1900-01-00 00:00:00,0960-wombat,B8:27:EB:FF:C8:F5,-51, WPA ,0.000000,0.000000,0.000,0.000,AP
2026-04-08 14:02:09,1900-01-00 00:00:00,0960-wombat,B8:27:EB:FF:C8:F5,-51, WPA ,0.000000,0.000000,0.000,0.000,AP
2026-04-08 14:02:09,1900-01-00 00:00:00,0960-wombat,B8:27:EB:FF:C8:F5,-51, WPA ,0.000000,0.000000,0.000,0.000,AP
2026-04-08 14:02:09,1900-01-00 00:00:00,0960-wombat,B8:27:EB:FF:C8:F5,-51, WPA ,0.000000,0.000000,0.000,0.000,AP
2026-04-08 14:02:09,1900-01-00 00:00:00,0960-wombat,B8:27:EB:FF:C8:F5,-51, WPA ,0.000000,0.000000,0.000,0.000,AP
2026-04-08 14:02:09,1900-01-00 00:00:00,0960-wombat,B8:27:EB:FF:C8:F5,-50, WPA ,0.000000,0.000000,0.000,0.000,AP
2026-04-08 14:02:09,1900-01-00 00:00:00,0960-wombat,B8:27:EB:FF:C8:F5,-50, WPA ,0.000000,0.000000,0.000,0.000,AP
2026-04-08 14:02:09,1900-01-00 00:00:00,0960-wombat,B8:27:EB:FF:C8:F5,-49, WPA ,0.000000,0.000000,0.000,0.000,AP
2026-04-08 14:02:09,1900-01-00 00:00:00,0960-wombat,B8:27:EB:FF:C8:F5,-50, WPA ,0.000000,0.000000,0.000,0.000,AP
2026-04-08 14:02:09,1900-01-00 00:00:00,0960-wombat,B8:27:EB:FF:C8:F5,-50, WPA ,0.000000,0.000000,0.000,0.000,AP
2026-04-08 14:02:09,1900-01-00 00:00:00,0960-wombat,B8:27:EB:FF:C8:F5,-50, WPA ,0.000000,0.000000,0.000,0.000,AP
2026-04-08 14:02:09,1900-01-00 00:00:00,0960-wombat,B8:27:EB:FF:C8:F5,-49, WPA ,0.000000,0.000000,0.000,0.000,AP
2026-04-08 14:02:09,1900-01-00 00:00:00,0960-wombat,B8:27:EB:FF:C8:F5,-45, WPA ,0.000000,0.000000,0.000,0.000,AP
2026-04-08 14:02:09,1900-01-00 00:00:00,0960-wombat,B8:27:EB:FF:C8:F5,-49, WPA ,0.000000,0.000000,0.000,0.000,AP
2026-04-08 14:02:09,1900-01-00 00:00:00,0960-wombat,B8:27:EB:FF:C8:F5,-49, WPA ,0.000000,0.000000,0.000,0.000,AP
2026-04-08 14:02:09,1900-01-00 00:00:00,0960-wombat,B8:27:EB:FF:C8:F5,-49, WPA ,0.000000,0.000000,0.000,0.000,AP
2026-04-08 14:02:09,1900-01-00 00:00:00,0960-wombat,B8:27:EB:FF:C8:F5,-49, WPA ,0.000000,0.000000,0.000,0.000,AP
2026-04-08 14:02:09,1900-01-00 00:00:00,0960-wombat,B8:27:EB:FF:C8:F5,-50, WPA ,0.000000,0.000000,0.000,0.000,AP
2026-04-08 14:02:09,1900-01-00 00:00:00,0960-wombat,B8:27:EB:FF:C8:F5,-50, WPA ,0.000000,0.000000,0.000,0.000,AP
2026-04-08 14:02:09,1900-01-00 00:00:00,0960-wombat,B8:27:EB:FF:C8:F5,-50, WPA ,0.000000,0.000000,0.000,0.000,AP
2026-04-08 14:02:09,1900-01-00 00:00:00,0960-wombat,B8:27:EB:FF:C8:F5,-50, WPA ,0.000000,0.000000,0.000,0.000,AP
2026-04-08 14:02:09,1900-01-00 00:00:00,0960-wombat,B8:27:EB:FF:C8:F5,-50, WPA ,0.000000,0.000000,0.000,0.000,AP
2026-04-08 14:02:09,1900-01-00 00:00:00,0960-wombat,B8:27:EB:FF:C8:F5,-50, WPA ,0.000000,0.000000,0.000,0.000,AP
2026-04-08 14:02:09,1900-01-00 00:00:00,0960-wombat,B8:27:EB:FF:C8:F5,-50, WPA ,0.000000,0.000000,0.000,0.000,AP
2026-04-08 14:02:09,1900-01-00 00:00:00,0960-wombat,B8:27:EB:FF:C8:F5,-50, WPA ,0.000000,0.000000,0.000,0.000,AP
2026-04-08 14:02:09,1900-01-00 00:00:00,0960-wombat,B8:27:EB:FF:C8:F5,-50, WPA ,0.000000,0.000000,0.000,0.000,AP
2026-04-08 14:02:10,1900-01-00 00:00:00,0960-wombat,B8:27:EB:FF:C8:F5,-50, WPA ,0.000000,0.000000,0.000,0.000,AP
2026-04-08 14:02:10,1900-01-00 00:00:00,0960-wombat,B8:27:EB:FF:C8:F5,-50, WPA ,0.000000,0.000000,0.000,0.000,AP
2026-04-08 14:02:10,1900-01-00 00:00:00,0960-wombat,B8:27:EB:FF:C8:F5,-51, WPA ,0.000000,0.000000,0.000,0.000,AP
2026-04-08 14:02:10,1900-01-00 00:00:00,0960-wombat,B8:27:EB:FF:C8:F5,-50, WPA ,0.000000,0.000000,0.000,0.000,AP
2026-04-08 14:02:10,1900-01-00 00:00:00,0960-wombat,B8:27:EB:FF:C8:F5,-50, WPA ,0.000000,0.000000,0.000,0.000,AP
2026-04-08 14:02:10,1900-01-00 00:00:00,0960-wombat,B8:27:EB:FF:C8:F5,-50, WPA ,0.000000,0.000000,0.000,0.000,AP
2026-04-08 14:02:10,1900-01-00 00:00:00,0960-wombat,B8:27:EB:FF:C8:F5,-50, WPA ,0.000000,0.000000,0.000,0.000,AP
2026-04-08 14:02:10,1900-01-00 00:00:00,0960-wombat,B8:27:EB:FF:C8:F5,-50, WPA ,0.000000,0.000000,0.000,0.000,AP
2026-04-08 14:02:10,1900-01-00 00:00:00,0960-wombat,B8:27:EB:FF:C8:F5,-50, WPA ,0.000000,0.000000,0.000,0.000,AP
2026-04-08 14:02:10,1900-01-00 00:00:00,0960-wombat,B8:27:EB:FF:C8:F5,-49, WPA ,0.000000,0.000000,0.000,0.000,AP
2026-04-08 14:02:10,1900-01-00 00:00:00,0960-wombat,B8:27:EB:FF:C8:F5,-50, WPA ,0.000000,0.000000,0.000,0.000,AP
2026-04-08 14:02:10,1900-01-00 00:00:00,0960-wombat,B8:27:EB:FF:C8:F5,-50, WPA ,0.000000,0.000000,0.000,0.000,AP
2026-04-08 14:02:10,1900-01-00 00:00:00,0960-wombat,B8:27:EB:FF:C8:F5,-50, WPA ,0.000000,0.000000,0.000,0.000,AP
2026-04-08 14:02:10,1900-01-00 00:00:00,0960-wombat,B8:27:EB:FF:C8:F5,-50, WPA ,0.000000,0.000000,0.000,0.000,AP
2026-04-08 14:02:10,1900-01-00 00:00:00,0960-wombat,B8:27:EB:FF:C8:F5,-50, WPA ,0.000000,0.000000,0.000,0.000,AP
2026-04-08 14:02:10,1900-01-00 00:00:00,0960-wombat,B8:27:EB:FF:C8:F5,-50, WPA ,0.000000,0.000000,0.000,0.000,AP
2026-04-08 14:02:10,1900-01-00 00:00:00,0960-wombat,B8:27:EB:FF:C8:F5,-50, WPA ,0.000000,0.000000,0.000,0.000,AP
2026-04-08 14:02:10,1900-01-00 00:00:00,0960-wombat,B8:27:EB:FF:C8:F5,-51, WPA ,0.000000,0.000000,0.000,0.000,AP
2026-04-08 14:02:10,1900-01-00 00:00:00,0960-wombat,B8:27:EB:FF:C8:F5,-50, WPA ,0.000000,0.000000,0.000,0.000,AP
2026-04-08 14:02:10,1900-01-00 00:00:00,0960-wombat,B8:27:EB:FF:C8:F5,-50, WPA ,0.000000,0.000000,0.000,0.000,AP
2026-04-08 14:02:10,1900-01-00 00:00:00,0960-wombat,B8:27:EB:FF:C8:F5,-50, WPA ,0.000000,0.000000,0.000,0.000,AP
2026-04-08 14:02:10,1900-01-00 00:00:00,0960-wombat,B8:27:EB:FF:C8:F5,-50, WPA ,0.000000,0.000000,0.000,0.000,AP
2026-04-08 14:02:10,1900-01-00 00:00:00,0960-wombat,B8:27:EB:FF:C8:F5,-50, WPA ,0.000000,0.000000,0.000,0.000,AP
2026-04-08 14:02:10,1900-01-00 00:00:00,0960-wombat,B8:27:EB:FF:C8:F5,-50, WPA ,0.000000,0.000000,0.000,0.000,AP
2026-04-08 14:02:10,1900-01-00 00:00:00,0960-wombat,B8:27:EB:FF:C8:F5,-50, WPA ,0.000000,0.000000,0.000,0.000,AP
2026-04-08 14:02:10,1900-01-00 00:00:00,0960-wombat,B8:27:EB:FF:C8:F5,-50, WPA ,0.000000,0.000000,0.000,0.000,AP
2026-04-08 14:02:10,1900-01-00 00:00:00,0960-wombat,B8:27:EB:FF:C8:F5,-50, WPA ,0.000000,0.000000,0.000,0.000,AP
2026-04-08 14:02:10,1900-01-00 00:00:00,0960-wombat,B8:27:EB:FF:C8:F5,-50, WPA ,0.000000,0.000000,0.000,0.000,AP
2026-04-08 14:02:11,1900-01-00 00:00:00,0960-wombat,B8:27:EB:FF:C8:F5,-50, WPA ,0.000000,0.000000,0.000,0.000,AP
2026-04-08 14:02:11,1900-01-00 00:00:00,0960-wombat,B8:27:EB:FF:C8:F5,-50, WPA ,0.000000,0.000000,0.000,0.000,AP
2026-04-08 14:02:11,1900-01-00 00:00:00,0960-wombat,B8:27:EB:FF:C8:F5,-49, WPA ,0.000000,0.000000,0.000,0.000,AP
2026-04-08 14:02:11,1900-01-00 00:00:00,0960-wombat,B8:27:EB:FF:C8:F5,-50, WPA ,0.000000,0.000000,0.000,0.000,AP
2026-04-08 14:02:11,1900-01-00 00:00:00,0960-wombat,B8:27:EB:FF:C8:F5,-50, WPA ,0.000000,0.000000,0.000,0.000,AP
2026-04-08 14:02:11,1900-01-00 00:00:00,0960-wombat,B8:27:EB:FF:C8:F5,-49, WPA ,0.000000,0.000000,0.000,0.000,AP
2026-04-08 14:02:11,1900-01-00 00:00:00,0960-wombat,B8:27:EB:FF:C8:F5,-49, WPA ,0.000000,0.000000,0.000,0.000,AP
2026-04-08 14:02:11,1900-01-00 00:00:00,0960-wombat,B8:27:EB:FF:C8:F5,-49, WPA ,0.000000,0.000000,0.000,0.000,AP
2026-04-08 14:02:11,1900-01-00 00:00:00,0960-wombat,B8:27:EB:FF:C8:F5,-49, WPA ,0.000000,0.000000,0.000,0.000,AP
2026-04-08 14:02:11,1900-01-00 00:00:00,0960-wombat,B8:27:EB:FF:C8:F5,-50, WPA ,0.000000,0.000000,0.000,0.000,AP
2026-04-08 14:02:11,1900-01-00 00:00:00,0960-wombat,B8:27:EB:FF:C8:F5,-49, WPA ,0.000000,0.000000,0.000,0.000,AP
2026-04-08 14:02:11,1900-01-00 00:00:00,0960-wombat,B8:27:EB:FF:C8:F5,-50, WPA ,0.000000,0.000000,0.000,0.000,AP
2026-04-08 14:02:11,1900-01-00 00:00:00,0960-wombat,B8:27:EB:FF:C8:F5,-49, WPA ,0.000000,0.000000,0.000,0.000,AP
2026-04-08 14:02:11,1900-01-00 00:00:00,0960-wombat,B8:27:EB:FF:C8:F5,-49, WPA ,0.000000,0.000000,0.000,0.000,AP
2026-04-08 14:02:11,1900-01-00 00:00:00,0960-wombat,B8:27:EB:FF:C8:F5,-50, WPA ,0.000000,0.000000,0.000,0.000,AP
2026-04-08 14:02:11,1900-01-00 00:00:00,0960-wombat,B8:27:EB:FF:C8:F5,-50, WPA ,0.000000,0.000000,0.000,0.000,AP
2026-04-08 14:02:11,1900-01-00 00:00:00,0960-wombat,B8:27:EB:FF:C8:F5,-50, WPA ,0.000000,0.000000,0.000,0.000,AP
2026-04-08 14:02:12,1900-01-00 00:00:00,0960-wombat,B8:27:EB:FF:C8:F5,-49, WPA ,0.000000,0.000000,0.000,0.000,AP
2026-04-08 14:02:12,1900-01-00 00:00:00,0960-wombat,B8:27:EB:FF:C8:F5,-49, WPA ,0.000000,0.000000,0.000,0.000,AP
2026-04-08 14:02:12,1900-01-00 00:00:00,0960-wombat,B8:27:EB:FF:C8:F5,-48, WPA ,0.000000,0.000000,0.000,0.000,AP
2026-04-08 14:02:12,1900-01-00 00:00:00,0960-wombat,B8:27:EB:FF:C8:F5,-49, WPA ,0.000000,0.000000,0.000,0.000,AP
2026-04-08 14:02:12,1900-01-00 00:00:00,0960-wombat,B8:27:EB:FF:C8:F5,-49, WPA ,0.000000,0.000000,0.000,0.000,AP
2026-04-08 14:02:12,1900-01-00 00:00:00,0960-wombat,B8:27:EB:FF:C8:F5,-49, WPA ,0.000000,0.000000,0.000,0.000,AP
2026-04-08 14:02:12,1900-01-00 00:00:00,0960-wombat,B8:27:EB:FF:C8:F5,-49, WPA ,0.000000,0.000000,0.000,0.000,AP
2026-04-08 14:02:12,1900-01-00 00:00:00,0960-wombat,B8:27:EB:FF:C8:F5,-50, WPA ,0.000000,0.000000,0.000,0.000,AP
2026-04-08 14:02:12,1900-01-00 00:00:00,0960-wombat,B8:27:EB:FF:C8:F5,-49, WPA ,0.000000,0.000000,0.000,0.000,AP
2026-04-08 14:02:12,1900-01-00 00:00:00,0960-wombat,B8:27:EB:FF:C8:F5,-49, WPA ,0.000000,0.000000,0.000,0.000,AP
2026-04-08 14:02:12,1900-01-00 00:00:00,0960-wombat,B8:27:EB:FF:C8:F5,-50, WPA ,0.000000,0.000000,0.000,0.000,AP
2026-04-08 14:02:12,1900-01-00 00:00:00,0960-wombat,B8:27:EB:FF:C8:F5,-49, WPA ,0.000000,0.000000,0.000,0.000,AP
2026-04-08 14:02:12,1900-01-00 00:00:00,0960-wombat,B8:27:EB:FF:C8:F5,-50, WPA ,0.000000,0.000000,0.000,0.000,AP
2026-04-08 14:02:12,1900-01-00 00:00:00,0960-wombat,B8:27:EB:FF:C8:F5,-49, WPA ,0.000000,0.000000,0.000,0.000,AP
2026-04-08 14:02:12,1900-01-00 00:00:00,0960-wombat,B8:27:EB:FF:C8:F5,-50, WPA ,0.000000,0.000000,0.000,0.000,AP
2026-04-08 14:02:12,1900-01-00 00:00:00,0960-wombat,B8:27:EB:FF:C8:F5,-50, WPA ,0.000000,0.000000,0.000,0.000,AP
2026-04-08 14:02:12,1900-01-00 00:00:00,0960-wombat,B8:27:EB:FF:C8:F5,-49, WPA ,0.000000,0.000000,0.000,0.000,AP
2026-04-08 14:02:13,1900-01-00 00:00:00,0960-wombat,B8:27:EB:FF:C8:F5,-49, WPA ,0.000000,0.000000,0.000,0.000,AP
2026-04-08 14:02:13,1900-01-00 00:00:00,0960-wombat,B8:27:EB:FF:C8:F5,-50, WPA ,0.000000,0.000000,0.000,0.000,AP
2026-04-08 14:02:13,1900-01-00 00:00:00,0960-wombat,B8:27:EB:FF:C8:F5,-50, WPA ,0.000000,0.000000,0.000,0.000,AP
2026-04-08 14:02:13,1900-01-00 00:00:00,0960-wombat,B8:27:EB:FF:C8:F5,-49, WPA ,0.000000,0.000000,0.000,0.000,AP
2026-04-08 14:02:13,1900-01-00 00:00:00,0960-wombat,B8:27:EB:FF:C8:F5,-50, WPA ,0.000000,0.000000,0.000,0.000,AP
2026-04-08 14:02:13,1900-01-00 00:00:00,0960-wombat,B8:27:EB:FF:C8:F5,-50, WPA ,0.000000,0.000000,0.000,0.000,AP
2026-04-08 14:02:13,1900-01-00 00:00:00,0960-wombat,B8:27:EB:FF:C8:F5,-50, WPA ,0.000000,0.000000,0.000,0.000,AP
2026-04-08 14:02:13,1900-01-00 00:00:00,0960-wombat,B8:27:EB:FF:C8:F5,-50, WPA ,0.000000,0.000000,0.000,0.000,AP
2026-04-08 14:02:13,1900-01-00 00:00:00,0960-wombat,B8:27:EB:FF:C8:F5,-50, WPA ,0.000000,0.000000,0.000,0.000,AP
2026-04-08 14:02:13,1900-01-00 00:00:00,0960-wombat,B8:27:EB:FF:C8:F5,-50, WPA ,0.000000,0.000000,0.000,0.000,AP
2026-04-08 14:02:13,1900-01-00 00:00:00,0960-wombat,B8:27:EB:FF:C8:F5,-51, WPA ,0.000000,0.000000,0.000,0.000,AP
2026-04-08 14:02:13,1900-01-00 00:00:00,0960-wombat,B8:27:EB:FF:C8:F5,-52, WPA ,0.000000,0.000000,0.000,0.000,AP
2026-04-08 14:02:13,1900-01-00 00:00:00,0960-wombat,B8:27:EB:FF:C8:F5,-51, WPA ,0.000000,0.000000,0.000,0.000,AP
2026-04-08 14:02:13,1900-01-00 00:00:00,0960-wombat,B8:27:EB:FF:C8:F5,-50, WPA ,0.000000,0.000000,0.000,0.000,AP
2026-04-08 14:02:13,1900-01-00 00:00:00,0960-wombat,B8:27:EB:FF:C8:F5,-50, WPA ,0.000000,0.000000,0.000,0.000,AP
2026-04-08 14:02:14,1900-01-00 00:00:00,0960-wombat,B8:27:EB:FF:C8:F5,-49, WPA ,0.000000,0.000000,0.000,0.000,AP
2026-04-08 14:02:14,1900-01-00 00:00:00,0960-wombat,B8:27:EB:FF:C8:F5,-49, WPA ,0.000000,0.000000,0.000,0.000,AP
2026-04-08 14:02:14,1900-01-00 00:00:00,0960-wombat,B8:27:EB:FF:C8:F5,-49, WPA ,0.000000,0.000000,0.000,0.000,AP
2026-04-08 14:02:14,1900-01-00 00:00:00,0960-wombat,B8:27:EB:FF:C8:F5,-49, WPA ,0.000000,0.000000,0.000,0.000,AP
2026-04-08 14:02:14,1900-01-00 00:00:00,0960-wombat,B8:27:EB:FF:C8:F5,-49, WPA ,0.000000,0.000000,0.000,0.000,AP
2026-04-08 14:02:14,1900-01-00 00:00:00,0960-wombat,B8:27:EB:FF:C8:F5,-49, WPA ,0.000000,0.000000,0.000,0.000,AP
2026-04-08 14:02:14,1900-01-00 00:00:00,0960-wombat,B8:27:EB:FF:C8:F5,-49, WPA ,0.000000,0.000000,0.000,0.000,AP
2026-04-08 14:02:14,1900-01-00 00:00:00,0960-wombat,B8:27:EB:FF:C8:F5,-49, WPA ,0.000000,0.000000,0.000,0.000,AP
2026-04-08 14:02:14,1900-01-00 00:00:00,0960-wombat,B8:27:EB:FF:C8:F5,-49, WPA ,0.000000,0.000000,0.000,0.000,AP
2026-04-08 14:02:14,1900-01-00 00:00:00,0960-wombat,B8:27:EB:FF:C8:F5,-47, WPA ,0.000000,0.000000,0.000,0.000,AP
2026-04-08 14:02:14,1900-01-00 00:00:00,0960-wombat,B8:27:EB:FF:C8:F5,-47, WPA ,0.000000,0.000000,0.000,0.000,AP
2026-04-08 14:02:14,1900-01-00 00:00:00,0960-wombat,B8:27:EB:FF:C8:F5,-47, WPA ,0.000000,0.000000,0.000,0.000,AP
2026-04-08 14:02:14,1900-01-00 00:00:00,0960-wombat,B8:27:EB:FF:C8:F5,-47, WPA ,0.000000,0.000000,0.000,0.000,AP
2026-04-08 14:02:14,1900-01-00 00:00:00,0960-wombat,B8:27:EB:FF:C8:F5,-47, WPA ,0.000000,0.000000,0.000,0.000,AP
2026-04-08 14:02:14,1900-01-00 00:00:00,0960-wombat,B8:27:EB:FF:C8:F5,-47, WPA ,0.000000,0.000000,0.000,0.000,AP
2026-04-08 14:02:14,1900-01-00 00:00:00,0960-wombat,B8:27:EB:FF:C8:F5,-47, WPA ,0.000000,0.000000,0.000,0.000,AP
2026-04-08 14:02:14,1900-01-00 00:00:00,0960-wombat,B8:27:EB:FF:C8:F5,-47, WPA ,0.000000,0.000000,0.000,0.000,AP
2026-04-08 14:02:14,1900-01-00 00:00:00,0960-wombat,B8:27:EB:FF:C8:F5,-47, WPA ,0.000000,0.000000,0.000,0.000,AP
2026-04-08 14:02:14,1900-01-00 00:00:00,0960-wombat,B8:27:EB:FF:C8:F5,-47, WPA ,0.000000,0.000000,0.000,0.000,AP
2026-04-08 14:02:14,1900-01-00 00:00:00,0960-wombat,B8:27:EB:FF:C8:F5,-47, WPA ,0.000000,0.000000,0.000,0.000,AP
2026-04-08 14:02:14,1900-01-00 00:00:00,0960-wombat,B8:27:EB:FF:C8:F5,-47, WPA ,0.000000,0.000000,0.000,0.000,AP
2026-04-08 14:02:14,1900-01-00 00:00:00,0960-wombat,B8:27:EB:FF:C8:F5,-47, WPA ,0.000000,0.000000,0.000,0.000,AP
2026-04-08 14:02:14,1900-01-00 00:00:00,0960-wombat,B8:27:EB:FF:C8:F5,-47, WPA ,0.000000,0.000000,0.000,0.000,AP
2026-04-08 14:02:15,1900-01-00 00:00:00,0960-wombat,B8:27:EB:FF:C8:F5,-47, WPA ,0.000000,0.000000,0.000,0.000,AP
2026-04-08 14:02:15,1900-01-00 00:00:00,0960-wombat,B8:27:EB:FF:C8:F5,-47, WPA ,0.000000,0.000000,0.000,0.000,AP
2026-04-08 14:02:15,1900-01-00 00:00:00,0960-wombat,B8:27:EB:FF:C8:F5,-47, WPA ,0.000000,0.000000,0.000,0.000,AP
2026-04-08 14:02:15,1900-01-00 00:00:00,0960-wombat,B8:27:EB:FF:C8:F5,-47, WPA ,0.000000,0.000000,0.000,0.000,AP
2026-04-08 14:02:15,1900-01-00 00:00:00,0960-wombat,B8:27:EB:FF:C8:F5,-47, WPA ,0.000000,0.000000,0.000,0.000,AP
2026-04-08 14:02:15,1900-01-00 00:00:00,0960-wombat,B8:27:EB:FF:C8:F5,-46, WPA ,0.000000,0.000000,0.000,0.000,AP
2026-04-08 14:02:15,1900-01-00 00:00:00,0960-wombat,B8:27:EB:FF:C8:F5,-47, WPA ,0.000000,0.000000,0.000,0.000,AP
2026-04-08 14:02:15,1900-01-00 00:00:00,0960-wombat,B8:27:EB:FF:C8:F5,-47, WPA ,0.000000,0.000000,0.000,0.000,AP
2026-04-08 14:02:15,1900-01-00 00:00:00,0960-wombat,B8:27:EB:FF:C8:F5,-47, WPA ,0.000000,0.000000,0.000,0.000,AP
2026-04-08 14:02:15,1900-01-00 00:00:00,0960-wombat,B8:27:EB:FF:C8:F5,-46, WPA ,0.000000,0.000000,0.000,0.000,AP
2026-04-08 14:02:15,1900-01-00 00:00:00,0960-wombat,B8:27:EB:FF:C8:F5,-47, WPA ,0.000000,0.000000,0.000,0.000,AP
2026-04-08 14:02:15,1900-01-00 00:00:00,0960-wombat,B8:27:EB:FF:C8:F5,-48, WPA ,0.000000,0.000000,0.000,0.000,AP
2026-04-08 14:02:15,1900-01-00 00:00:00,0960-wombat,B8:27:EB:FF:C8:F5,-47, WPA ,0.000000,0.000000,0.000,0.000,AP
2026-04-08 14:02:15,1900-01-00 00:00:00,0960-wombat,B8:27:EB:FF:C8:F5,-46, WPA ,0.000000,0.000000,0.000,0.000,AP
2026-04-08 14:02:15,1900-01-00 00:00:00,0960-wombat,B8:27:EB:FF:C8:F5,-45, WPA ,0.000000,0.000000,0.000,0.000,AP
2026-04-08 14:02:15,1900-01-00 00:00:00,0960-wombat,B8:27:EB:FF:C8:F5,-46, WPA ,0.000000,0.000000,0.000,0.000,AP
2026-04-08 14:02:15,1900-01-00 00:00:00,0960-wombat,B8:27:EB:FF:C8:F5,-47, WPA ,0.000000,0.000000,0.000,0.000,AP
2026-04-08 14:02:15,1900-01-00 00:00:00,0960-wombat,B8:27:EB:FF:C8:F5,-47, WPA ,0.000000,0.000000,0.000,0.000,AP
2026-04-08 14:02:15,1900-01-00 00:00:00,0960-wombat,B8:27:EB:FF:C8:F5,-47, WPA ,0.000000,0.000000,0.000,0.000,AP
2026-04-08 14:02:15,1900-01-00 00:00:00,0960-wombat,B8:27:EB:FF:C8:F5,-47, WPA ,0.000000,0.000000,0.000,0.000,AP
2026-04-08 14:02:15,1900-01-00 00:00:00,0960-wombat,B8:27:EB:FF:C8:F5,-47, WPA ,0.000000,0.000000,0.000,0.000,AP
2026-04-08 14:02:15,1900-01-00 00:00:00,0960-wombat,B8:27:EB:FF:C8:F5,-47, WPA ,0.000000,0.000000,0.000,0.000,AP
2026-04-08 14:02:15,1900-01-00 00:00:00,0960-wombat,B8:27:EB:FF:C8:F5,-47, WPA ,0.000000,0.000000,0.000,0.000,AP
2026-04-08 14:02:15,1900-01-00 00:00:00,0960-wombat,B8:27:EB:FF:C8:F5,-47, WPA ,0.000000,0.000000,0.000,0.000,AP
2026-04-08 14:02:15,1900-01-00 00:00:00,0960-wombat,B8:27:EB:FF:C8:F5,-47, WPA ,0.000000,0.000000,0.000,0.000,AP
2026-04-08 14:02:15,1900-01-00 00:00:00,0960-wombat,B8:27:EB:FF:C8:F5,-48, WPA ,0.000000,0.000000,0.000,0.000,AP
2026-04-08 14:02:15,1900-01-00 00:00:00,0960-wombat,B8:27:EB:FF:C8:F5,-47, WPA ,0.000000,0.000000,0.000,0.000,AP
2026-04-08 14:02:15,1900-01-00 00:00:00,0960-wombat,B8:27:EB:FF:C8:F5,-47, WPA ,0.000000,0.000000,0.000,0.000,AP
2026-04-08 14:02:15,1900-01-00 00:00:00,0960-wombat,B8:27:EB:FF:C8:F5,-48, WPA ,0.000000,0.000000,0.000,0.000,AP
2026-04-08 14:02:15,1900-01-00 00:00:00,0960-wombat,B8:27:EB:FF:C8:F5,-48, WPA ,0.000000,0.000000,0.000,0.000,AP
2026-04-08 14:02:15,1900-01-00 00:00:00,0960-wombat,B8:27:EB:FF:C8:F5,-48, WPA ,0.000000,0.000000,0.000,0.000,AP
2026-04-08 14:02:15,1900-01-00 00:00:00,0960-wombat,B8:27:EB:FF:C8:F5,-48, WPA ,0.000000,0.000000,0.000,0.000,AP
2026-04-08 14:02:15,1900-01-00 00:00:00,0960-wombat,B8:27:EB:FF:C8:F5,-47, WPA ,0.000000,0.000000,0.000,0.000,AP
2026-04-08 14:02:15,1900-01-00 00:00:00,0960-wombat,B8:27:EB:FF:C8:F5,-48, WPA ,0.000000,0.000000,0.000,0.000,AP
2026-04-08 14:02:15,1900-01-00 00:00:00,0960-wombat,B8:27:EB:FF:C8:F5,-48, WPA ,0.000000,0.000000,0.000,0.000,AP
2026-04-08 14:02:15,1900-01-00 00:00:00,0960-wombat,B8:27:EB:FF:C8:F5,-48, WPA ,0.000000,0.000000,0.000,0.000,AP
2026-04-08 14:02:15,1900-01-00 00:00:00,0960-wombat,B8:27:EB:FF:C8:F5,-48, WPA ,0.000000,0.000000,0.000,0.000,AP
2026-04-08 14:02:15,1900-01-00 00:00:00,0960-wombat,B8:27:EB:FF:C8:F5,-49, WPA ,0.000000,0.000000,0.000,0.000,AP
2026-04-08 14:02:15,1900-01-00 00:00:00,0960-wombat,B8:27:EB:FF:C8:F5,-49, WPA ,0.000000,0.000000,0.000,0.000,AP
2026-04-08 14:02:15,1900-01-00 00:00:00,0960-wombat,B8:27:EB:FF:C8:F5,-48, WPA ,0.000000,0.000000,0.000,0.000,AP
2026-04-08 14:02:15,1900-01-00 00:00:00,0960-wombat,B8:27:EB:FF:C8:F5,-48, WPA ,0.000000,0.000000,0.000,0.000,AP
2026-04-08 14:02:15,1900-01-00 00:00:00,0960-wombat,B8:27:EB:FF:C8:F5,-48, WPA ,0.000000,0.000000,0.000,0.000,AP
2026-04-08 14:02:15,1900-01-00 00:00:00,0960-wombat,B8:27:EB:FF:C8:F5,-48, WPA ,0.000000,0.000000,0.000,0.000,AP
2026-04-08 14:02:15,1900-01-00 00:00:00,0960-wombat,B8:27:EB:FF:C8:F5,-49, WPA ,0.000000,0.000000,0.000,0.000,AP
2026-04-08 14:02:15,1900-01-00 00:00:00,0960-wombat,B8:27:EB:FF:C8:F5,-48, WPA ,0.000000,0.000000,0.000,0.000,AP
2026-04-08 14:02:15,1900-01-00 00:00:00,0960-wombat,B8:27:EB:FF:C8:F5,-48, WPA ,0.000000,0.000000,0.000,0.000,AP
2026-04-08 14:02:15,1900-01-00 00:00:00,0960-wombat,B8:27:EB:FF:C8:F5,-48, WPA ,0.000000,0.000000,0.000,0.000,AP
2026-04-08 14:02:15,1900-01-00 00:00:00,0960-wombat,B8:27:EB:FF:C8:F5,-48, WPA ,0.000000,0.000000,0.000,0.000,AP
2026-04-08 14:02:15,1900-01-00 00:00:00,0960-wombat,B8:27:EB:FF:C8:F5,-48, WPA ,0.000000,0.000000,0.000,0.000,AP
2026-04-08 14:02:16,1900-01-00 00:00:00,0960-wombat,B8:27:EB:FF:C8:F5,-48, WPA ,0.000000,0.000000,0.000,0.000,AP
2026-04-08 14:02:16,1900-01-00 00:00:00,0960-wombat,B8:27:EB:FF:C8:F5,-49, WPA ,0.000000,0.000000,0.000,0.000,AP
2026-04-08 14:02:16,1900-01-00 00:00:00,0960-wombat,B8:27:EB:FF:C8:F5,-48, WPA ,0.000000,0.000000,0.000,0.000,AP
2026-04-08 14:02:16,1900-01-00 00:00:00,0960-wombat,B8:27:EB:FF:C8:F5,-48, WPA ,0.000000,0.000000,0.000,0.000,AP
2026-04-08 14:02:16,1900-01-00 00:00:00,0960-wombat,B8:27:EB:FF:C8:F5,-48, WPA ,0.000000,0.000000,0.000,0.000,AP
2026-04-08 14:02:16,1900-01-00 00:00:00,0960-wombat,B8:27:EB:FF:C8:F5,-48, WPA ,0.000000,0.000000,0.000,0.000,AP
