{
    "name": "root",
    "gauges": {
        "beam_control.Policy.Entropy.mean": {
            "value": 0.27002444863319397,
            "min": 0.27002444863319397,
            "max": 0.504582405090332,
            "count": 29
        },
        "beam_control.Policy.Entropy.sum": {
            "value": 3965.578857421875,
            "min": 2911.292236328125,
            "max": 6546.5888671875,
            "count": 29
        },
        "beam_control.Environment.EpisodeLength.mean": {
            "value": 193.15625,
            "min": 182.42857142857142,
            "max": 923.0769230769231,
            "count": 29
        },
        "beam_control.Environment.EpisodeLength.sum": {
            "value": 12362.0,
            "min": 3038.0,
            "max": 12878.0,
            "count": 29
        },
        "beam_control.Step.mean": {
            "value": 2111528.0,
            "min": 1775347.0,
            "max": 2111528.0,
            "count": 29
        },
        "beam_control.Step.sum": {
            "value": 2111528.0,
            "min": 1775347.0,
            "max": 2111528.0,
            "count": 29
        },
        "beam_control.Policy.ExtrinsicValueEstimate.mean": {
            "value": 2.1715331077575684,
            "min": 0.37643682956695557,
            "max": 2.192470073699951,
            "count": 29
        },
        "beam_control.Policy.ExtrinsicValueEstimate.sum": {
            "value": 138.97811889648438,
            "min": 1.1293104887008667,
            "max": 138.97811889648438,
            "count": 29
        },
        "beam_control.Environment.CumulativeReward.mean": {
            "value": 9.941519923508167,
            "min": -3.6316899359226227,
            "max": 11.151355313923624,
            "count": 29
        },
        "beam_control.Environment.CumulativeReward.sum": {
            "value": 636.2572751045227,
            "min": -10.895069807767868,
            "max": 636.2572751045227,
            "count": 29
        },
        "beam_control.Policy.ExtrinsicReward.mean": {
            "value": 9.941519923508167,
            "min": -3.6316899359226227,
            "max": 11.151355313923624,
            "count": 29
        },
        "beam_control.Policy.ExtrinsicReward.sum": {
            "value": 636.2572751045227,
            "min": -10.895069807767868,
            "max": 636.2572751045227,
            "count": 29
        },
        "beam_control.IsTraining.mean": {
            "value": 1.0,
            "min": 1.0,
            "max": 1.0,
            "count": 29
        },
        "beam_control.IsTraining.sum": {
            "value": 1.0,
            "min": 1.0,
            "max": 1.0,
            "count": 29
        },
        "beam_control.Losses.PolicyLoss.mean": {
            "value": 0.07071396787584831,
            "min": 0.06514464983451439,
            "max": 0.07570341215914625,
            "count": 26
        },
        "beam_control.Losses.PolicyLoss.sum": {
            "value": 0.07071396787584831,
            "min": 0.06514464983451439,
            "max": 0.07570341215914625,
            "count": 26
        },
        "beam_control.Losses.ValueLoss.mean": {
            "value": 0.7161596793654963,
            "min": 0.1739722820112355,
            "max": 1.7504602886260825,
            "count": 26
        },
        "beam_control.Losses.ValueLoss.sum": {
            "value": 0.7161596793654963,
            "min": 0.1739722820112355,
            "max": 1.7504602886260825,
            "count": 26
        },
        "beam_control.Policy.LearningRate.mean": {
            "value": 0.00017399392200203998,
            "min": 0.00017399392200203998,
            "max": 0.00019287411570863996,
            "count": 26
        },
        "beam_control.Policy.LearningRate.sum": {
            "value": 0.00017399392200203998,
            "min": 0.00017399392200203998,
            "max": 0.00019287411570863996,
            "count": 26
        },
        "beam_control.Policy.Epsilon.mean": {
            "value": 0.15799795999999997,
            "min": 0.15799795999999997,
            "max": 0.16429136,
            "count": 26
        },
        "beam_control.Policy.Epsilon.sum": {
            "value": 0.15799795999999997,
            "min": 0.15799795999999997,
            "max": 0.16429136,
            "count": 26
        },
        "beam_control.Policy.Beta.mean": {
            "value": 0.000584179804,
            "min": 0.000584179804,
            "max": 0.000646484464,
            "count": 26
        },
        "beam_control.Policy.Beta.sum": {
            "value": 0.000584179804,
            "min": 0.000584179804,
            "max": 0.000646484464,
            "count": 26
        }
    },
    "metadata": {
        "timer_format_version": "0.1.0",
        "start_time_seconds": "1768954500",
        "python_version": "3.10.11 (tags/v3.10.11:7d4cc5a, Apr  5 2023, 00:38:17) [MSC v.1929 64 bit (AMD64)]",
        "command_line_arguments": "C:\\Users\\malon\\Downloads\\ECE500\\.venv\\Scripts\\mlagents-learn .\\Assets\\scripts\\configuration.yaml --run-id=beam8 --resume --num-envs=8 --env=.\\builds\\homework1_unity.exe",
        "mlagents_version": "1.2.0.dev0",
        "mlagents_envs_version": "1.2.0.dev0",
        "communication_protocol_version": "1.5.0",
        "pytorch_version": "2.2.2+cu121",
        "numpy_version": "1.23.5",
        "end_time_seconds": "1768955454"
    },
    "total": 954.0766577000031,
    "count": 1,
    "self": 1.1696189000067534,
    "children": {
        "run_training.setup": {
            "total": 0.5553639999998268,
            "count": 1,
            "self": 0.5553639999998268
        },
        "TrainerController.start_learning": {
            "total": 952.3516747999965,
            "count": 1,
            "self": 1.425667399991653,
            "children": {
                "TrainerController._reset_env": {
                    "total": 8.993767499996466,
                    "count": 1,
                    "self": 8.993767499996466
                },
                "TrainerController.advance": {
                    "total": 941.8575657000183,
                    "count": 53256,
                    "self": 0.8151648003404262,
                    "children": {
                        "env_step": {
                            "total": 812.5316943999787,
                            "count": 53256,
                            "self": 83.60129909285752,
                            "children": {
                                "SubprocessEnvManager._take_step": {
                                    "total": 727.3447912040865,
                                    "count": 346986,
                                    "self": 12.890835001744563,
                                    "children": {
                                        "TorchPolicy.evaluate": {
                                            "total": 714.4539562023419,
                                            "count": 346023,
                                            "self": 714.4539562023419
                                        }
                                    }
                                },
                                "workers": {
                                    "total": 1.5856041030347114,
                                    "count": 53255,
                                    "self": 0.0,
                                    "children": {
                                        "worker_root": {
                                            "total": 7547.955090699383,
                                            "count": 346979,
                                            "is_parallel": true,
                                            "self": 6787.756255498694,
                                            "children": {
                                                "steps_from_proto": {
                                                    "total": 0.0022810000082245097,