LocalTime, GPSTime, ESSID, BSSID, Power, Security, Latitude, Longitude, Latitude Error, Longitude Error, Type
2026-04-08 13:04:22,1900-01-00 00:00:00,,B8:27:EB:FF:C8:F5,-53, ,0.000000,0.000000,0.000,0.000,AP
2026-04-08 13:04:22,1900-01-00 00:00:00,0960-wombat,B8:27:EB:FF:C8:F5,-52, WPA ,0.000000,0.000000,0.000,0.000,AP
2026-04-08 13:04:22,1900-01-00 00:00:00,0960-wombat,B8:27:EB:FF:C8:F5,-51, WPA ,0.000000,0.000000,0.000,0.000,AP
2026-04-08 13:04:22,1900-01-00 00:00:00,0960-wombat,B8:27:EB:FF:C8:F5,-52, WPA ,0.000000,0.000000,0.000,0.000,AP
2026-04-08 13:04:22,1900-01-00 00:00:00,0960-wombat,B8:27:EB:FF:C8:F5,-53, WPA ,0.000000,0.000000,0.000,0.000,AP
2026-04-08 13:04:22,1900-01-00 00:00:00,0960-wombat,B8:27:EB:FF:C8:F5,-53, WPA ,0.000000,0.000000,0.000,0.000,AP
2026-04-08 13:04:22,1900-01-00 00:00:00,0960-wombat,B8:27:EB:FF:C8:F5,-52, WPA ,0.000000,0.000000,0.000,0.000,AP
2026-04-08 13:04:22,1900-01-00 00:00:00,0960-wombat,B8:27:EB:FF:C8:F5,-55, WPA ,0.000000,0.000000,0.000,0.000,AP
2026-04-08 13:04:22,1900-01-00 00:00:00,0960-wombat,B8:27:EB:FF:C8:F5,-52, WPA ,0.000000,0.000000,0.000,0.000,AP
2026-04-08 13:04:22,1900-01-00 00:00:00,0960-wombat,B8:27:EB:FF:C8:F5,-53, WPA ,0.000000,0.000000,0.000,0.000,AP
2026-04-08 13:04:22,1900-01-00 00:00:00,0960-wombat,B8:27:EB:FF:C8:F5,-52, WPA ,0.000000,0.000000,0.000,0.000,AP
2026-04-08 13:04:22,1900-01-00 00:00:00,0960-wombat,B8:27:EB:FF:C8:F5,-52, WPA ,0.000000,0.000000,0.000,0.000,AP
2026-04-08 13:04:22,1900-01-00 00:00:00,0960-wombat,B8:27:EB:FF:C8:F5,-53, WPA ,0.000000,0.000000,0.000,0.000,AP
2026-04-08 13:04:23,1900-01-00 00:00:00,0960-wombat,B8:27:EB:FF:C8:F5,-52, WPA ,0.000000,0.000000,0.000,0.000,AP
2026-04-08 13:04:23,1900-01-00 00:00:00,0960-wombat,B8:27:EB:FF:C8:F5,-53, WPA ,0.000000,0.000000,0.000,0.000,AP
2026-04-08 13:04:23,1900-01-00 00:00:00,0960-wombat,B8:27:EB:FF:C8:F5,-53, WPA ,0.000000,0.000000,0.000,0.000,AP
2026-04-08 13:04:23,1900-01-00 00:00:00,0960-wombat,B8:27:EB:FF:C8:F5,-53, WPA ,0.000000,0.000000,0.000,0.000,AP
2026-04-08 13:04:23,1900-01-00 00:00:00,0960-wombat,B8:27:EB:FF:C8:F5,-53, WPA ,0.000000,0.000000,0.000,0.000,AP
2026-04-08 13:04:23,1900-01-00 00:00:00,0960-wombat,B8:27:EB:FF:C8:F5,-53, WPA ,0.000000,0.000000,0.000,0.000,AP
2026-04-08 13:04:23,1900-01-00 00:00:00,0960-wombat,B8:27:EB:FF:C8:F5,-50, WPA ,0.000000,0.000000,0.000,0.000,AP
2026-04-08 13:04:23,1900-01-00 00:00:00,0960-wombat,B8:27:EB:FF:C8:F5,-53, WPA ,0.000000,0.000000,0.000,0.000,AP
2026-04-08 13:04:23,1900-01-00 00:00:00,0960-wombat,B8:27:EB:FF:C8:F5,-53, WPA ,0.000000,0.000000,0.000,0.000,AP
2026-04-08 13:04:23,1900-01-00 00:00:00,0960-wombat,B8:27:EB:FF:C8:F5,-53, WPA ,0.000000,0.000000,0.000,0.000,AP
2026-04-08 13:04:23,1900-01-00 00:00:00,0960-wombat,B8:27:EB:FF:C8:F5,-53, WPA ,0.000000,0.000000,0.000,0.000,AP
2026-04-08 13:04:23,1900-01-00 00:00:00,0960-wombat,B8:27:EB:FF:C8:F5,-52, WPA ,0.000000,0.000000,0.000,0.000,AP
2026-04-08 13:04:23,1900-01-00 00:00:00,0960-wombat,B8:27:EB:FF:C8:F5,-53, WPA ,0.000000,0.000000,0.000,0.000,AP
2026-04-08 13:04:23,1900-01-00 00:00:00,0960-wombat,B8:27:EB:FF:C8:F5,-53, WPA ,0.000000,0.000000,0.000,0.000,AP
2026-04-08 13:04:23,1900-01-00 00:00:00,0960-wombat,B8:27:EB:FF:C8:F5,-53, WPA ,0.000000,0.000000,0.000,0.000,AP
2026-04-08 13:04:23,1900-01-00 00:00:00,0960-wombat,B8:27:EB:FF:C8:F5,-53, WPA ,0.000000,0.000000,0.000,0.000,AP
2026-04-08 13:04:23,1900-01-00 00:00:00,0960-wombat,B8:27:EB:FF:C8:F5,-53, WPA ,0.000000,0.000000,0.000,0.000,AP
2026-04-08 13:04:23,1900-01-00 00:00:00,0960-wombat,B8:27:EB:FF:C8:F5,-53, WPA ,0.000000,0.000000,0.000,0.000,AP
2026-04-08 13:04:23,1900-01-00 00:00:00,0960-wombat,B8:27:EB:FF:C8:F5,-50, WPA ,0.000000,0.000000,0.000,0.000,AP
2026-04-08 13:04:23,1900-01-00 00:00:00,0960-wombat,B8:27:EB:FF:C8:F5,-53, WPA ,0.000000,0.000000,0.000,0.000,AP
2026-04-08 13:04:24,1900-01-00 00:00:00,0960-wombat,B8:27:EB:FF:C8:F5,-54, WPA ,0.000000,0.000000,0.000,0.000,AP
2026-04-08 13:04:24,1900-01-00 00:00:00,0960-wombat,B8:27:EB:FF:C8:F5,-52, WPA ,0.000000,0.000000,0.000,0.000,AP
2026-04-08 13:04:24,1900-01-00 00:00:00,0960-wombat,B8:27:EB:FF:C8:F5,-52, WPA ,0.000000,0.000000,0.000,0.000,AP
2026-04-08 13:04:24,1900-01-00 00:00:00,0960-wombat,B8:27:EB:FF:C8:F5,-53, WPA ,0.000000,0.000000,0.000,0.000,AP
2026-04-08 13:04:24,1900-01-00 00:00:00,0960-wombat,B8:27:EB:FF:C8:F5,-53, WPA ,0.000000,0.000000,0.000,0.000,AP
2026-04-08 13:04:24,1900-01-00 00:00:00,0960-wombat,B8:27:EB:FF:C8:F5,-53, WPA ,0.000000,0.000000,0.000,0.000,AP
2026-04-08 13:04:24,1900-01-00 00:00:00,0960-wombat,B8:27:EB:FF:C8:F5,-52, WPA ,0.000000,0.000000,0.000,0.000,AP
2026-04-08 13:04:24,1900-01-00 00:00:00,0960-wombat,B8:27:EB:FF:C8:F5,-53, WPA ,0.000000,0.000000,0.000,0.000,AP
2026-04-08 13:04:24,1900-01-00 00:00:00,0960-wombat,B8:27:EB:FF:C8:F5,-52, WPA ,0.000000,0.000000,0.000,0.000,AP
2026-04-08 13:04:24,1900-01-00 00:00:00,0960-wombat,B8:27:EB:FF:C8:F5,-52, WPA ,0.000000,0.000000,0.000,0.000,AP
2026-04-08 13:04:24,1900-01-00 00:00:00,0960-wombat,B8:27:EB:FF:C8:F5,-52, WPA ,0.000000,0.000000,0.000,0.000,AP
2026-04-08 13:04:24,1900-01-00 00:00:00,0960-wombat,B8:27:EB:FF:C8:F5,-48, WPA ,0.000000,0.000000,0.000,0.000,AP
2026-04-08 13:04:24,1900-01-00 00:00:00,0960-wombat,B8:27:EB:FF:C8:F5,-53, WPA ,0.000000,0.000000,0.000,0.000,AP
2026-04-08 13:04:24,1900-01-00 00:00:00,0960-wombat,B8:27:EB:FF:C8:F5,-52, WPA ,0.000000,0.000000,0.000,0.000,AP
2026-04-08 13:04:24,1900-01-00 00:00:00,0960-wombat,B8:27:EB:FF:C8:F5,-52, WPA ,0.000000,0.000000,0.000,0.000,AP
2026-04-08 13:04:24,1900-01-00 00:00:00,0960-wombat,B8:27:EB:FF:C8:F5,-52, WPA ,0.000000,0.000000,0.000,0.000,AP
2026-04-08 13:04:24,1900-01-00 00:00:00,0960-wombat,B8:27:EB:FF:C8:F5,-53, WPA ,0.000000,0.000000,0.000,0.000,AP
2026-04-08 13:04:24,1900-01-00 00:00:00,0960-wombat,B8:27:EB:FF:C8:F5,-52, WPA ,0.000000,0.000000,0.000,0.000,AP
2026-04-08 13:04:24,1900-01-00 00:00:00,0960-wombat,B8:27:EB:FF:C8:F5,-52, WPA ,0.000000,0.000000,0.000,0.000,AP
2026-04-08 13:04:24,1900-01-00 00:00:00,0960-wombat,B8:27:EB:FF:C8:F5,-52, WPA ,0.000000,0.000000,0.000,0.000,AP
2026-04-08 13:04:24,1900-01-00 00:00:00,0960-wombat,B8:27:EB:FF:C8:F5,-52, WPA ,0.000000,0.000000,0.000,0.000,AP
2026-04-08 13:04:24,1900-01-00 00:00:00,0960-wombat,B8:27:EB:FF:C8:F5,-52, WPA ,0.000000,0.000000,0.000,0.000,AP
2026-04-08 13:04:24,1900-01-00 00:00:00,0960-wombat,B8:27:EB:FF:C8:F5,-52, WPA ,0.000000,0.000000,0.000,0.000,AP
2026-04-08 13:04:24,1900-01-00 00:00:00,0960-wombat,B8:27:EB:FF:C8:F5,-52, WPA ,0.000000,0.000000,0.000,0.000,AP
2026-04-08 13:04:24,1900-01-00 00:00:00,0960-wombat,B8:27:EB:FF:C8:F5,-53, WPA ,0.000000,0.000000,0.000,0.000,AP
2026-04-08 13:04:24,1900-01-00 00:00:00,0960-wombat,B8:27:EB:FF:C8:F5,-52, WPA ,0.000000,0.000000,0.000,0.000,AP
2026-04-08 13:04:24,1900-01-00 00:00:00,0960-wombat,B8:27:EB:FF:C8:F5,-53, WPA ,0.000000,0.000000,0.000,0.000,AP
2026-04-08 13:04:24,1900-01-00 00:00:00,0960-wombat,B8:27:EB:FF:C8:F5,-53, WPA ,0.000000,0.000000,0.000,0.000,AP
2026-04-08 13:04:24,1900-01-00 00:00:00,0960-wombat,B8:27:EB:FF:C8:F5,-50, WPA ,0.000000,0.000000,0.000,0.000,AP
2026-04-08 13:04:24,1900-01-00 00:00:00,0960-wombat,B8:27:EB:FF:C8:F5,-51, WPA ,0.000000,0.000000,0.000,0.000,AP
2026-04-08 13:04:24,1900-01-00 00:00:00,0960-wombat,B8:27:EB:FF:C8:F5,-52, WPA ,0.000000,0.000000,0.000,0.000,AP
2026-04-08 13:04:24,1900-01-00 00:00:00,0960-wombat,B8:27:EB:FF:C8:F5,-52, WPA ,0.000000,0.000000,0.000,0.000,AP
2026-04-08 13:04:24,1900-01-00 00:00:00,0960-wombat,B8:27:EB:FF:C8:F5,-52, WPA ,0.000000,0.000000,0.000,0.000,AP
2026-04-08 13:04:24,1900-01-00 00:00:00,0960-wombat,B8:27:EB:FF:C8:F5,-52, WPA ,0.000000,0.000000,0.000,0.000,AP
2026-04-08 13:04:24,1900-01-00 00:00:00,0960-wombat,B8:27:EB:FF:C8:F5,-52, WPA ,0.000000,0.000000,0.000,0.000,AP
2026-04-08 13:04:24,1900-01-00 00:00:00,0960-wombat,B8:27:EB:FF:C8:F5,-52, WPA ,0.000000,0.000000,0.000,0.000,AP
2026-04-08 13:04:24,1900-01-00 00:00:00,0960-wombat,B8:27:EB:FF:C8:F5,-52, WPA ,0.000000,0.000000,0.000,0.000,AP
2026-04-08 13:04:24,1900-01-00 00:00:00,0960-wombat,B8:27:EB:FF:C8:F5,-52, WPA ,0.000000,0.000000,0.000,0.000,AP
2026-04-08 13:04:24,1900-01-00 00:00:00,0960-wombat,B8:27:EB:FF:C8:F5,-52, WPA ,0.000000,0.000000,0.000,0.000,AP
2026-04-08 13:04:25,1900-01-00 00:00:00,0960-wombat,B8:27:EB:FF:C8:F5,-52, WPA ,0.000000,0.000000,0.000,0.000,AP
2026-04-08 13:04:25,1900-01-00 00:00:00,0960-wombat,B8:27:EB:FF:C8:F5,-52, WPA ,0.000000,0.000000,0.000,0.000,AP
2026-04-08 13:04:25,1900-01-00 00:00:00,0960-wombat,B8:27:EB:FF:C8:F5,-52, WPA ,0.000000,0.000000,0.000,0.000,AP
2026-04-08 13:04:25,1900-01-00 00:00:00,0960-wombat,B8:27:EB:FF:C8:F5,-52, WPA ,0.000000,0.000000,0.000,0.000,AP
2026-04-08 13:04:25,1900-01-00 00:00:00,0960-wombat,B8:27:EB:FF:C8:F5,-51, WPA ,0.000000,0.000000,0.000,0.000,AP
2026-04-08 13:04:25,1900-01-00 00:00:00,0960-wombat,B8:27:EB:FF:C8:F5,-51, WPA ,0.000000,0.000000,0.000,0.000,AP
2026-04-08 13:04:25,1900-01-00 00:00:00,0960-wombat,B8:27:EB:FF:C8:F5,-51, WPA ,0.000000,0.000000,0.000,0.000,AP
2026-04-08 13:04:25,1900-01-00 00:00:00,0960-wombat,B8:27:EB:FF:C8:F5,-52, WPA ,0.000000,0.000000,0.000,0.000,AP
2026-04-08 13:04:25,1900-01-00 00:00:00,0960-wombat,B8:27:EB:FF:C8:F5,-52, WPA ,0.000000,0.000000,0.000,0.000,AP
2026-04-08 13:04:25,1900-01-00 00:00:00,0960-wombat,B8:27:EB:FF:C8:F5,-52, WPA ,0.000000,0.000000,0.000,0.000,AP
2026-04-08 13:04:25,1900-01-00 00:00:00,0960-wombat,B8:27:EB:FF:C8:F5,-52, WPA ,0.000000,0.000000,0.000,0.000,AP
2026-04-08 13:04:25,1900-01-00 00:00:00,0960-wombat,B8:27:EB:FF:C8:F5,-51, WPA ,0.000000,0.000000,0.000,0.000,AP
2026-04-08 13:04:26,1900-01-00 00:00:00,0960-wombat,B8:27:EB:FF:C8:F5,-51, WPA ,0.000000,0.000000,0.000,0.000,AP
2026-04-08 13:04:26,1900-01-00 00:00:00,0960-wombat,B8:27:EB:FF:C8:F5,-51, WPA ,0.000000,0.000000,0.000,0.000,AP
2026-04-08 13:04:26,1900-01-00 00:00:00,0960-wombat,B8:27:EB:FF:C8:F5,-52, WPA ,0.000000,0.000000,0.000,0.000,AP
2026-04-08 13:04:26,1900-01-00 00:00:00,0960-wombat,B8:27:EB:FF:C8:F5,-52, WPA ,0.000000,0.000000,0.000,0.000,AP
2026-04-08 13:04:26,1900-01-00 00:00:00,0960-wombat,B8:27:EB:FF:C8:F5,-52, WPA ,0.000000,0.000000,0.000,0.000,AP
2026-04-08 13:04:26,1900-01-00 00:00:00,0960-wombat,B8:27:EB:FF:C8:F5,-52, WPA ,0.000000,0.000000,0.000,0.000,AP
2026-04-08 13:04:26,1900-01-00 00:00:00,0960-wombat,B8:27:EB:FF:C8:F5,-52, WPA ,0.000000,0.000000,0.000,0.000,AP
2026-04-08 13:04:26,1900-01-00 00:00:00,0960-wombat,B8:27:EB:FF:C8:F5,-53, WPA ,0.000000,0.000000,0.000,0.000,AP
2026-04-08 13:04:26,1900-01-00 00:00:00,0960-wombat,B8:27:EB:FF:C8:F5,-52, WPA ,0.000000,0.000000,0.000,0.000,AP
2026-04-08 13:04:27,1900-01-00 00:00:00,0960-wombat,B8:27:EB:FF:C8:F5,-53, WPA ,0.000000,0.000000,0.000,0.000,AP
2026-04-08 13:04:27,1900-01-00 00:00:00,0960-wombat,B8:27:EB:FF:C8:F5,-52, WPA ,0.000000,0.000000,0.000,0.000,AP
2026-04-08 13:04:27,1900-01-00 00:00:00,0960-wombat,B8:27:EB:FF:C8:F5,-53, WPA ,0.000000,0.000000,0.000,0.000,AP
2026-04-08 13:04:27,1900-01-00 00:00:00,0960-wombat,B8:27:EB:FF:C8:F5,-52, WPA ,0.000000,0.000000,0.000,0.000,AP
2026-04-08 13:04:27,1900-01-00 00:00:00,0960-wombat,B8:27:EB:FF:C8:F5,-53, WPA ,0.000000,0.000000,0.000,0.000,AP
2026-04-08 13:04:27,1900-01-00 00:00:00,0960-wombat,B8:27:EB:FF:C8:F5,-52, WPA ,0.000000,0.000000,0.000,0.000,AP
2026-04-08 13:04:27,1900-01-00 00:00:00,0960-wombat,B8:27:EB:FF:C8:F5,-53, WPA ,0.000000,0.000000,0.000,0.000,AP
2026-04-08 13:04:27,1900-01-00 00:00:00,0960-wombat,B8:27:EB:FF:C8:F5,-52, WPA ,0.000000,0.000000,0.000,0.000,AP
2026-04-08 13:04:27,1900-01-00 00:00:00,0960-wombat,B8:27:EB:FF:C8:F5,-53, WPA ,0.000000,0.000000,0.000,0.000,AP
2026-04-08 13:04:27,1900-01-00 00:00:00,0960-wombat,B8:27:EB:FF:C8:F5,-60, WPA ,0.000000,0.000000,0.000,0.000,AP
2026-04-08 13:04:27,1900-01-00 00:00:00,0960-wombat,B8:27:EB:FF:C8:F5,-60, WPA ,0.000000,0.000000,0.000,0.000,AP
2026-04-08 13:04:27,1900-01-00 00:00:00,0960-wombat,B8:27:EB:FF:C8:F5,-60, WPA ,0.000000,0.000000,0.000,0.000,AP
2026-04-08 13:04:27,1900-01-00 00:00:00,0960-wombat,B8:27:EB:FF:C8:F5,-60, WPA ,0.000000,0.000000,0.000,0.000,AP
2026-04-08 13:04:27,1900-01-00 00:00:00,0960-wombat,B8:27:EB:FF:C8:F5,-39, WPA ,0.000000,0.000000,0.000,0.000,AP
2026-04-08 13:04:27,1900-01-00 00:00:00,0960-wombat,B8:27:EB:FF:C8:F5,-39, WPA ,0.000000,0.000000,0.000,0.000,AP
2026-04-08 13:04:27,1900-01-00 00:00:00,0960-wombat,B8:27:EB:FF:C8:F5,-39, WPA ,0.000000,0.000000,0.000,0.000,AP
2026-04-08 13:04:27,1900-01-00 00:00:00,0960-wombat,B8:27:EB:FF:C8:F5,-39, WPA ,0.000000,0.000000,0.000,0.000,AP
2026-04-08 13:04:27,1900-01-00 00:00:00,0960-wombat,B8:27:EB:FF:C8:F5,-39, WPA ,0.000000,0.000000,0.000,0.000,AP
2026-04-08 13:04:27,1900-01-00 00:00:00,0960-wombat,B8:27:EB:FF:C8:F5,-39, WPA ,0.000000,0.000000,0.000,0.000,AP
2026-04-08 13:04:27,1900-01-00 00:00:00,0960-wombat,B8:27:EB:FF:C8:F5,-39, WPA ,0.000000,0.000000,0.000,0.000,AP
2026-04-08 13:04:27,1900-01-00 00:00:00,0960-wombat,B8:27:EB:FF:C8:F5,-39, WPA ,0.000000,0.000000,0.000,0.000,AP
2026-04-08 13:04:27,1900-01-00 00:00:00,0960-wombat,B8:27:EB:FF:C8:F5,-39, WPA ,0.000000,0.000000,0.000,0.000,AP
2026-04-08 13:04:27,1900-01-00 00:00:00,0960-wombat,B8:27:EB:FF:C8:F5,-39, WPA ,0.000000,0.000000,0.000,0.000,AP
2026-04-08 13:04:27,1900-01-00 00:00:00,0960-wombat,B8:27:EB:FF:C8:F5,-39, WPA ,0.000000,0.000000,0.000,0.000,AP
2026-04-08 13:04:27,1900-01-00 00:00:00,0960-wombat,B8:27:EB:FF:C8:F5,-53, WPA ,0.000000,0.000000,0.000,0.000,AP
2026-04-08 13:04:27,1900-01-00 00:00:00,0960-wombat,B8:27:EB:FF:C8:F5,-52, WPA ,0.000000,0.000000,0.000,0.000,AP
2026-04-08 13:04:27,1900-01-00 00:00:00,0960-wombat,B8:27:EB:FF:C8:F5,-52, WPA ,0.000000,0.000000,0.000,0.000,AP
2026-04-08 13:04:27,1900-01-00 00:00:00,0960-wombat,B8:27:EB:FF:C8:F5,-52, WPA ,0.000000,0.000000,0.000,0.000,AP
2026-04-08 13:04:27,1900-01-00 00:00:00,0960-wombat,B8:27:EB:FF:C8:F5,-52, WPA ,0.000000,0.000000,0.000,0.000,AP
2026-04-08 13:04:27,1900-01-00 00:00:00,0960-wombat,B8:27:EB:FF:C8:F5,-52, WPA ,0.000000,0.000000,0.000,0.000,AP
2026-04-08 13:04:27,1900-01-00 00:00:00,0960-wombat,B8:27:EB:FF:C8:F5,-52, WPA ,0.000000,0.000000,0.000,0.000,AP
2026-04-08 13:04:27,1900-01-00 00:00:00,0960-wombat,B8:27:EB:FF:C8:F5,-52, WPA ,0.000000,0.000000,0.000,0.000,AP
2026-04-08 13:04:27,1900-01-00 00:00:00,0960-wombat,B8:27:EB:FF:C8:F5,-52, WPA ,0.000000,0.000000,0.000,0.000,AP
2026-04-08 13:04:27,1900-01-00 00:00:00,0960-wombat,B8:27:EB:FF:C8:F5,-52, WPA ,0.000000,0.000000,0.000,0.000,AP
2026-04-08 13:04:27,1900-01-00 00:00:00,0960-wombat,B8:27:EB:FF:C8:F5,-52, WPA ,0.000000,0.000000,0.000,0.000,AP
2026-04-08 13:04:27,1900-01-00 00:00:00,0960-wombat,B8:27:EB:FF:C8:F5,-52, WPA ,0.000000,0.000000,0.000,0.000,AP
2026-04-08 13:04:27,1900-01-00 00:00:00,0960-wombat,B8:27:EB:FF:C8:F5,-52, WPA ,0.000000,0.000000,0.000,0.000,AP
2026-04-08 13:04:27,1900-01-00 00:00:00,0960-wombat,B8:27:EB:FF:C8:F5,-52, WPA ,0.000000,0.000000,0.000,0.000,AP
2026-04-08 13:04:27,1900-01-00 00:00:00,0960-wombat,B8:27:EB:FF:C8:F5,-52, WPA ,0.000000,0.000000,0.000,0.000,AP
2026-04-08 13:04:27,1900-01-00 00:00:00,0960-wombat,B8:27:EB:FF:C8:F5,-52, WPA ,0.000000,0.000000,0.000,0.000,AP
2026-04-08 13:04:27,1900-01-00 00:00:00,0960-wombat,B8:27:EB:FF:C8:F5,-52, WPA ,0.000000,0.000000,0.000,0.000,AP
2026-04-08 13:04:27,1900-01-00 00:00:00,0960-wombat,B8:27:EB:FF:C8:F5,-52, WPA ,0.000000,0.000000,0.000,0.000,AP
2026-04-08 13:04:27,1900-01-00 00:00:00,0960-wombat,B8:27:EB:FF:C8:F5,-52, WPA ,0.000000,0.000000,0.000,0.000,AP
2026-04-08 13:04:27,1900-01-00 00:00:00,0960-wombat,B8:27:EB:FF:C8:F5,-52, WPA ,0.000000,0.000000,0.000,0.000,AP
2026-04-08 13:04:27,1900-01-00 00:00:00,0960-wombat,B8:27:EB:FF:C8:F5,-52, WPA ,0.000000,0.000000,0.000,0.000,AP
2026-04-08 13:04:27,1900-01-00 00:00:00,0960-wombat,B8:27:EB:FF:C8:F5,-52, WPA ,0.000000,0.000000,0.000,0.000,AP
2026-04-08 13:04:27,1900-01-00 00:00:00,0960-wombat,B8:27:EB:FF:C8:F5,-52, WPA ,0.000000,0.000000,0.000,0.000,AP
2026-04-08 13:04:27,1900-01-00 00:00:00,0960-wombat,B8:27:EB:FF:C8:F5,-52, WPA ,0.000000,0.000000,0.000,0.000,AP
2026-04-08 13:04:27,1900-01-00 00:00:00,0960-wombat,B8:27:EB:FF:C8:F5,-52, WPA ,0.000000,0.000000,0.000,0.000,AP
2026-04-08 13:04:27,1900-01-00 00:00:00,0960-wombat,B8:27:EB:FF:C8:F5,-54, WPA ,0.000000,0.000000,0.000,0.000,AP
2026-04-08 13:04:27,1900-01-00 00:00:00,0960-wombat,B8:27:EB:FF:C8:F5,-54, WPA ,0.000000,0.000000,0.000,0.000,AP
2026-04-08 13:04:27,1900-01-00 00:00:00,0960-wombat,B8:27:EB:FF:C8:F5,-54, WPA ,0.000000,0.000000,0.000,0.000,AP
2026-04-08 13:04:27,1900-01-00 00:00:00,0960-wombat,B8:27:EB:FF:C8:F5,-54, WPA ,0.000000,0.000000,0.000,0.000,AP
2026-04-08 13:04:27,1900-01-00 00:00:00,0960-wombat,B8:27:EB:FF:C8:F5,-54, WPA ,0.000000,0.000000,0.000,0.000,AP
2026-04-08 13:04:27,1900-01-00 00:00:00,0960-wombat,B8:27:EB:FF:C8:F5,-53, WPA ,0.000000,0.000000,0.000,0.000,AP
2026-04-08 13:04:27,1900-01-00 00:00:00,0960-wombat,B8:27:EB:FF:C8:F5,-53, WPA ,0.000000,0.000000,0.000,0.000,AP
2026-04-08 13:04:27,1900-01-00 00:00:00,0960-wombat,B8:27:EB:FF:C8:F5,-57, WPA ,0.000000,0.000000,0.000,0.000,AP
2026-04-08 13:04:27,1900-01-00 00:00:00,0960-wombat,B8:27:EB:FF:C8:F5,-57, WPA ,0.000000,0.000000,0.000,0.000,AP
2026-04-08 13:04:27,1900-01-00 00:00:00,0960-wombat,B8:27:EB:FF:C8:F5,-57, WPA ,0.000000,0.000000,0.000,0.000,AP
2026-04-08 13:04:27,1900-01-00 00:00:00,0960-wombat,B8:27:EB:FF:C8:F5,-57, WPA ,0.000000,0.000000,0.000,0.000,AP
2026-04-08 13:04:27,1900-01-00 00:00:00,0960-wombat,B8:27:EB:FF:C8:F5,-57, WPA ,0.000000,0.000000,0.000,0.000,AP
2026-04-08 13:04:27,1900-01-00 00:00:00,0960-wombat,B8:27:EB:FF:C8:F5,-57, WPA ,0.000000,0.000000,0.000,0.000,AP
2026-04-08 13:04:27,1900-01-00 00:00:00,0960-wombat,B8:27:EB:FF:C8:F5,-57, WPA ,0.000000,0.000000,0.000,0.000,AP
2026-04-08 13:04:27,1900-01-00 00:00:00,0960-wombat,B8:27:EB:FF:C8:F5,-39, WPA ,0.000000,0.000000,0.000,0.000,AP
2026-04-08 13:04:27,1900-01-00 00:00:00,0960-wombat,B8:27:EB:FF:C8:F5,-39, WPA ,0.000000,0.000000,0.000,0.000,AP
2026-04-08 13:04:27,1900-01-00 00:00:00,0960-wombat,B8:27:EB:FF:C8:F5,-39, WPA ,0.000000,0.000000,0.000,0.000,AP
2026-04-08 13:04:27,1900-01-00 00:00:00,0960-wombat,B8:27:EB:FF:C8:F5,-39, WPA ,0.000000,0.000000,0.000,0.000,AP
2026-04-08 13:04:27,1900-01-00 00:00:00,0960-wombat,B8:27:EB:FF:C8:F5,-39, WPA ,0.000000,0.000000,0.000,0.000,AP
2026-04-08 13:04:27,1900-01-00 00:00:00,0960-wombat,B8:27:EB:FF:C8:F5,-39, WPA ,0.000000,0.000000,0.000,0.000,AP
2026-04-08 13:04:27,1900-01-00 00:00:00,0960-wombat,B8:27:EB:FF:C8:F5,-39, WPA ,0.000000,0.000000,0.000,0.000,AP
2026-04-08 13:04:27,1900-01-00 00:00:00,0960-wombat,B8:27:EB:FF:C8:F5,-39, WPA ,0.000000,0.000000,0.000,0.000,AP
2026-04-08 13:04:27,1900-01-00 00:00:00,0960-wombat,B8:27:EB:FF:C8:F5,-39, WPA ,0.000000,0.000000,0.000,0.000,AP
2026-04-08 13:04:27,1900-01-00 00:00:00,0960-wombat,B8:27:EB:FF:C8:F5,-53, WPA ,0.000000,0.000000,0.000,0.000,AP
2026-04-08 13:04:27,1900-01-00 00:00:00,0960-wombat,B8:27:EB:FF:C8:F5,-53, WPA ,0.000000,0.000000,0.000,0.000,AP
2026-04-08 13:04:27,1900-01-00 00:00:00,0960-wombat,B8:27:EB:FF:C8:F5,-54, WPA ,0.000000,0.000000,0.000,0.000,AP
2026-04-08 13:04:27,1900-01-00 00:00:00,0960-wombat,B8:27:EB:FF:C8:F5,-54, WPA ,0.000000,0.000000,0.000,0.000,AP
2026-04-08 13:04:27,1900-01-00 00:00:00,0960-wombat,B8:27:EB:FF:C8:F5,-54, WPA ,0.000000,0.000000,0.000,0.000,AP
2026-04-08 13:04:27,1900-01-00 00:00:00,0960-wombat,B8:27:EB:FF:C8:F5,-54, WPA ,0.000000,0.000000,0.000,0.000,AP
2026-04-08 13:04:27,1900-01-00 00:00:00,0960-wombat,B8:27:EB:FF:C8:F5,-54, WPA ,0.000000,0.000000,0.000,0.000,AP
2026-04-08 13:04:27,1900-01-00 00:00:00,0960-wombat,B8:27:EB:FF:C8:F5,-54, WPA ,0.000000,0.000000,0.000,0.000,AP
2026-04-08 13:04:27,1900-01-00 00:00:00,0960-wombat,B8:27:EB:FF:C8:F5,-54, WPA ,0.000000,0.000000,0.000,0.000,AP
2026-04-08 13:04:27,1900-01-00 00:00:00,0960-wombat,B8:27:EB:FF:C8:F5,-54, WPA ,0.000000,0.000000,0.000,0.000,AP
2026-04-08 13:04:27,1900-01-00 00:00:00,0960-wombat,B8:27:EB:FF:C8:F5,-54, WPA ,0.000000,0.000000,0.000,0.000,AP
2026-04-08 13:04:27,1900-01-00 00:00:00,0960-wombat,B8:27:EB:FF:C8:F5,-54, WPA ,0.000000,0.000000,0.000,0.000,AP
2026-04-08 13:04:27,1900-01-00 00:00:00,0960-wombat,B8:27:EB:FF:C8:F5,-54, WPA ,0.000000,0.000000,0.000,0.000,AP
2026-04-08 13:04:27,1900-01-00 00:00:00,0960-wombat,B8:27:EB:FF:C8:F5,-54, WPA ,0.000000,0.000000,0.000,0.000,AP
2026-04-08 13:04:28,1900-01-00 00:00:00,0960-wombat,B8:27:EB:FF:C8:F5,-54, WPA ,0.000000,0.000000,0.000,0.000,AP
2026-04-08 13:04:28,1900-01-00 00:00:00,0960-wombat,B8:27:EB:FF:C8:F5,-54, WPA ,0.000000,0.000000,0.000,0.000,AP
2026-04-08 13:04:28,1900-01-00 00:00:00,0960-wombat,B8:27:EB:FF:C8:F5,-54, WPA ,0.000000,0.000000,0.000,0.000,AP
2026-04-08 13:04:28,1900-01-00 00:00:00,0960-wombat,B8:27:EB:FF:C8:F5,-54, WPA ,0.000000,0.000000,0.000,0.000,AP
2026-04-08 13:04:28,1900-01-00 00:00:00,0960-wombat,B8:27:EB:FF:C8:F5,-53, WPA ,0.000000,0.000000,0.000,0.000,AP
2026-04-08 13:04:28,1900-01-00 00:00:00,0960-wombat,B8:27:EB:FF:C8:F5,-53, WPA ,0.000000,0.000000,0.000,0.000,AP
2026-04-08 13:04:28,1900-01-00 00:00:00,0960-wombat,B8:27:EB:FF:C8:F5,-53, WPA ,0.000000,0.000000,0.000,0.000,AP
2026-04-08 13:04:28,1900-01-00 00:00:00,0960-wombat,B8:27:EB:FF:C8:F5,-53, WPA ,0.000000,0.000000,0.000,0.000,AP
2026-04-08 13:04:28,1900-01-00 00:00:00,0960-wombat,B8:27:EB:FF:C8:F5,-51, WPA ,0.000000,0.000000,0.000,0.000,AP
2026-04-08 13:04:28,1900-01-00 00:00:00,0960-wombat,B8:27:EB:FF:C8:F5,-51, WPA ,0.000000,0.000000,0.000,0.000,AP
2026-04-08 13:04:28,1900-01-00 00:00:00,0960-wombat,B8:27:EB:FF:C8:F5,-51, WPA ,0.000000,0.000000,0.000,0.000,AP
2026-04-08 13:04:28,1900-01-00 00:00:00,0960-wombat,B8:27:EB:FF:C8:F5,-51, WPA ,0.000000,0.000000,0.000,0.000,AP
2026-04-08 13:04:28,1900-01-00 00:00:00,0960-wombat,B8:27:EB:FF:C8:F5,-51, WPA ,0.000000,0.000000,0.000,0.000,AP
2026-04-08 13:04:28,1900-01-00 00:00:00,0960-wombat,B8:27:EB:FF:C8:F5,-51, WPA ,0.000000,0.000000,0.000,0.000,AP
2026-04-08 13:04:28,1900-01-00 00:00:00,0960-wombat,B8:27:EB:FF:C8:F5,-51, WPA ,0.000000,0.000000,0.000,0.000,AP
2026-04-08 13:04:28,1900-01-00 00:00:00,0960-wombat,B8:27:EB:FF:C8:F5,-51, WPA ,0.000000,0.000000,0.000,0.000,AP
2026-04-08 13:04:28,1900-01-00 00:00:00,0960-wombat,B8:27:EB:FF:C8:F5,-51, WPA ,0.000000,0.000000,0.000,0.000,AP
2026-04-08 13:04:28,1900-01-00 00:00:00,0960-wombat,B8:27:EB:FF:C8:F5,-51, WPA ,0.000000,0.000000,0.000,0.000,AP
2026-04-08 13:04:28,1900-01-00 00:00:00,0960-wombat,B8:27:EB:FF:C8:F5,-53, WPA ,0.000000,0.000000,0.000,0.000,AP
2026-04-08 13:04:28,1900-01-00 00:00:00,0960-wombat,B8:27:EB:FF:C8:F5,-53, WPA ,0.000000,0.000000,0.000,0.000,AP
2026-04-08 13:04:28,1900-01-00 00:00:00,0960-wombat,B8:27:EB:FF:C8:F5,-53, WPA ,0.000000,0.000000,0.000,0.000,AP
2026-04-08 13:04:28,1900-01-00 00:00:00,0960-wombat,B8:27:EB:FF:C8:F5,-60, WPA ,0.000000,0.000000,0.000,0.000,AP
2026-04-08 13:04:28,1900-01-00 00:00:00,0960-wombat,B8:27:EB:FF:C8:F5,-60, WPA ,0.000000,0.000000,0.000,0.000,AP
2026-04-08 13:04:28,1900-01-00 00:00:00,0960-wombat,B8:27:EB:FF:C8:F5,-60, WPA ,0.000000,0.000000,0.000,0.000,AP
2026-04-08 13:04:28,1900-01-00 00:00:00,0960-wombat,B8:27:EB:FF:C8:F5,-60, WPA ,0.000000,0.000000,0.000,0.000,AP
2026-04-08 13:04:28,1900-01-00 00:00:00,0960-wombat,B8:27:EB:FF:C8:F5,-60, WPA ,0.000000,0.000000,0.000,0.000,AP
2026-04-08 13:04:28,1900-01-00 00:00:00,0960-wombat,B8:27:EB:FF:C8:F5,-60, WPA ,0.000000,0.000000,0.000,0.000,AP
2026-04-08 13:04:28,1900-01-00 00:00:00,0960-wombat,B8:27:EB:FF:C8:F5,-39, WPA ,0.000000,0.000000,0.000,0.000,AP
2026-04-08 13:04:28,1900-01-00 00:00:00,0960-wombat,B8:27:EB:FF:C8:F5,-39, WPA ,0.000000,0.000000,0.000,0.000,AP
2026-04-08 13:04:28,1900-01-00 00:00:00,0960-wombat,B8:27:EB:FF:C8:F5,-39, WPA ,0.000000,0.000000,0.000,0.000,AP
2026-04-08 13:04:28,1900-01-00 00:00:00,0960-wombat,B8:27:EB:FF:C8:F5,-39, WPA ,0.000000,0.000000,0.000,0.000,AP
2026-04-08 13:04:28,1900-01-00 00:00:00,0960-wombat,B8:27:EB:FF:C8:F5,-39, WPA ,0.000000,0.000000,0.000,0.000,AP
2026-04-08 13:04:28,1900-01-00 00:00:00,0960-wombat,B8:27:EB:FF:C8:F5,-39, WPA ,0.000000,0.000000,0.000,0.000,AP
2026-04-08 13:04:28,1900-01-00 00:00:00,0960-wombat,B8:27:EB:FF:C8:F5,-39, WPA ,0.000000,0.000000,0.000,0.000,AP
2026-04-08 13:04:28,1900-01-00 00:00:00,0960-wombat,B8:27:EB:FF:C8:F5,-39, WPA ,0.000000,0.000000,0.000,0.000,AP
2026-04-08 13:04:28,1900-01-00 00:00:00,0960-wombat,B8:27:EB:FF:C8:F5,-39, WPA ,0.000000,0.000000,0.000,0.000,AP
2026-04-08 13:04:28,1900-01-00 00:00:00,0960-wombat,B8:27:EB:FF:C8:F5,-39, WPA ,0.000000,0.000000,0.000,0.000,AP
2026-04-08 13:04:28,1900-01-00 00:00:00,0960-wombat,B8:27:EB:FF:C8:F5,-39, WPA ,0.000000,0.000000,0.000,0.000,AP
2026-04-08 13:04:28,1900-01-00 00:00:00,0960-wombat,B8:27:EB:FF:C8:F5,-39, WPA ,0.000000,0.000000,0.000,0.000,AP
2026-04-08 13:04:28,1900-01-00 00:00:00,0960-wombat,B8:27:EB:FF:C8:F5,-54, WPA ,0.000000,0.000000,0.000,0.000,AP
2026-04-08 13:04:28,1900-01-00 00:00:00,0960-wombat,B8:27:EB:FF:C8:F5,-54, WPA ,0.000000,0.000000,0.000,0.000,AP
2026-04-08 13:04:28,1900-01-00 00:00:00,0960-wombat,B8:27:EB:FF:C8:F5,-54, WPA ,0.000000,0.000000,0.000,0.000,AP
2026-04-08 13:04:28,1900-01-00 00:00:00,0960-wombat,B8:27:EB:FF:C8:F5,-54, WPA ,0.000000,0.000000,0.000,0.000,AP
2026-04-08 13:04:28,1900-01-00 00:00:00,0960-wombat,B8:27:EB:FF:C8:F5,-53, WPA ,0.000000,0.000000,0.000,0.000,AP
2026-04-08 13:04:28,1900-01-00 00:00:00,0960-wombat,B8:27:EB:FF:C8:F5,-52, WPA ,0.000000,0.000000,0.000,0.000,AP
2026-04-08 13:04:28,1900-01-00 00:00:00,0960-wombat,B8:27:EB:FF:C8:F5,-59, WPA ,0.000000,0.000000,0.000,0.000,AP
2026-04-08 13:04:28,1900-01-00 00:00:00,0960-wombat,B8:27:EB:FF:C8:F5,-59, WPA ,0.000000,0.000000,0.000,0.000,AP
2026-04-08 13:04:28,1900-01-00 00:00:00,0960-wombat,B8:27:EB:FF:C8:F5,-53, WPA ,0.000000,0.000000,0.000,0.000,AP
2026-04-08 13:04:28,1900-01-00 00:00:00,0960-wombat,B8:27:EB:FF:C8:F5,-53, WPA ,0.000000,0.000000,0.000,0.000,AP
2026-04-08 13:04:28,1900-01-00 00:00:00,0960-wombat,B8:27:EB:FF:C8:F5,-57, WPA ,0.000000,0.000000,0.000,0.000,AP
2026-04-08 13:04:28,1900-01-00 00:00:00,0960-wombat,B8:27:EB:FF:C8:F5,-59, WPA ,0.000000,0.000000,0.000,0.000,AP
2026-04-08 13:04:28,1900-01-00 00:00:00,0960-wombat,B8:27:EB:FF:C8:F5,-59, WPA ,0.000000,0.000000,0.000,0.000,AP
2026-04-08 13:04:28,1900-01-00 00:00:00,0960-wombat,B8:27:EB:FF:C8:F5,-59, WPA ,0.000000,0.000000,0.000,0.000,AP
2026-04-08 13:04:28,1900-01-00 00:00:00,0960-wombat,B8:27:EB:FF:C8:F5,-53, WPA ,0.000000,0.000000,0.000,0.000,AP
2026-04-08 13:04:28,1900-01-00 00:00:00,0960-wombat,B8:27:EB:FF:C8:F5,-53, WPA ,0.000000,0.000000,0.000,0.000,AP
2026-04-08 13:04:28,1900-01-00 00:00:00,0960-wombat,B8:27:EB:FF:C8:F5,-53, WPA ,0.000000,0.000000,0.000,0.000,AP
2026-04-08 13:04:28,1900-01-00 00:00:00,0960-wombat,B8:27:EB:FF:C8:F5,-53, WPA ,0.000000,0.000000,0.000,0.000,AP
2026-04-08 13:04:28,1900-01-00 00:00:00,0960-wombat,B8:27:EB:FF:C8:F5,-53, WPA ,0.000000,0.000000,0.000,0.000,AP
2026-04-08 13:04:28,1900-01-00 00:00:00,0960-wombat,B8:27:EB:FF:C8:F5,-53, WPA ,0.000000,0.000000,0.000,0.000,AP
2026-04-08 13:04:28,1900-01-00 00:00:00,0960-wombat,B8:27:EB:FF:C8:F5,-53, WPA ,0.000000,0.000000,0.000,0.000,AP
2026-04-08 13:04:28,1900-01-00 00:00:00,0960-wombat,B8:27:EB:FF:C8:F5,-53, WPA ,0.000000,0.000000,0.000,0.000,AP
2026-04-08 13:04:28,1900-01-00 00:00:00,0960-wombat,B8:27:EB:FF:C8:F5,-53, WPA ,0.000000,0.000000,0.000,0.000,AP
2026-04-08 13:04:28,1900-01-00 00:00:00,0960-wombat,B8:27:EB:FF:C8:F5,-53, WPA ,0.000000,0.000000,0.000,0.000,AP
2026-04-08 13:04:28,1900-01-00 00:00:00,0960-wombat,B8:27:EB:FF:C8:F5,-53, WPA ,0.000000,0.000000,0.000,0.000,AP
2026-04-08 13:04:28,1900-01-00 00:00:00,0960-wombat,B8:27:EB:FF:C8:F5,-53, WPA ,0.000000,0.000000,0.000,0.000,AP
2026-04-08 13:04:28,1900-01-00 00:00:00,0960-wombat,B8:27:EB:FF:C8:F5,-53, WPA ,0.000000,0.000000,0.000,0.000,AP
2026-04-08 13:04:28,1900-01-00 00:00:00,0960-wombat,B8:27:EB:FF:C8:F5,-53, WPA ,0.000000,0.000000,0.000,0.000,AP
2026-04-08 13:04:28,1900-01-00 00:00:00,0960-wombat,B8:27:EB:FF:C8:F5,-53, WPA ,0.000000,0.000000,0.000,0.000,AP
2026-04-08 13:04:28,1900-01-00 00:00:00,0960-wombat,B8:27:EB:FF:C8:F5,-53, WPA ,0.000000,0.000000,0.000,0.000,AP
2026-04-08 13:04:28,1900-01-00 00:00:00,0960-wombat,B8:27:EB:FF:C8:F5,-49, WPA ,0.000000,0.000000,0.000,0.000,AP
2026-04-08 13:04:28,1900-01-00 00:00:00,0960-wombat,B8:27:EB:FF:C8:F5,-56, WPA ,0.000000,0.000000,0.000,0.000,AP
2026-04-08 13:04:28,1900-01-00 00:00:00,0960-wombat,B8:27:EB:FF:C8:F5,-52, WPA ,0.000000,0.000000,0.000,0.000,AP
2026-04-08 13:04:28,1900-01-00 00:00:00,0960-wombat,B8:27:EB:FF:C8:F5,-52, WPA ,0.000000,0.000000,0.000,0.000,AP
2026-04-08 13:04:28,1900-01-00 00:00:00,0960-wombat,B8:27:EB:FF:C8:F5,-60, WPA ,0.000000,0.000000,0.000,0.000,AP
2026-04-08 13:04:28,1900-01-00 00:00:00,0960-wombat,B8:27:EB:FF:C8:F5,-50, WPA ,0.000000,0.000000,0.000,0.000,AP
2026-04-08 13:04:28,1900-01-00 00:00:00,0960-wombat,B8:27:EB:FF:C8:F5,-50, WPA ,0.000000,0.000000,0.000,0.000,AP
2026-04-08 13:04:28,1900-01-00 00:00:00,0960-wombat,B8:27:EB:FF:C8:F5,-52, WPA ,0.000000,0.000000,0.000,0.000,AP
2026-04-08 13:04:28,1900-01-00 00:00:00,0960-wombat,B8:27:EB:FF:C8:F5,-52, WPA ,0.000000,0.000000,0.000,0.000,AP
2026-04-08 13:04:28,1900-01-00 00:00:00,0960-wombat,B8:27:EB:FF:C8:F5,-52, WPA ,0.000000,0.000000,0.000,0.000,AP
2026-04-08 13:04:28,1900-01-00 00:00:00,0960-wombat,B8:27:EB:FF:C8:F5,-52, WPA ,0.000000,0.000000,0.000,0.000,AP
2026-04-08 13:04:28,1900-01-00 00:00:00,0960-wombat,B8:27:EB:FF:C8:F5,-51, WPA ,0.000000,0.000000,0.000,0.000,AP
2026-04-08 13:04:28,1900-01-00 00:00:00,0960-wombat,B8:27:EB:FF:C8:F5,-51, WPA ,0.000000,0.000000,0.000,0.000,AP
2026-04-08 13:04:28,1900-01-00 00:00:00,0960-wombat,B8:27:EB:FF:C8:F5,-53, WPA ,0.000000,0.000000,0.000,0.000,AP
2026-04-08 13:04:28,1900-01-00 00:00:00,0960-wombat,B8:27:EB:FF:C8:F5,-53, WPA ,0.000000,0.000000,0.000,0.000,AP
2026-04-08 13:04:28,1900-01-00 00:00:00,0960-wombat,B8:27:EB:FF:C8:F5,-53, WPA ,0.000000,0.000000,0.000,0.000,AP
2026-04-08 13:04:28,1900-01-00 00:00:00,0960-wombat,B8:27:EB:FF:C8:F5,-39, WPA ,0.000000,0.000000,0.000,0.000,AP
2026-04-08 13:04:28,1900-01-00 00:00:00,0960-wombat,B8:27:EB:FF:C8:F5,-52, WPA ,0.000000,0.000000,0.000,0.000,AP
2026-04-08 13:04:28,1900-01-00 00:00:00,0960-wombat,B8:27:EB:FF:C8:F5,-52, WPA ,0.000000,0.000000,0.000,0.000,AP
2026-04-08 13:04:28,1900-01-00 00:00:00,0960-wombat,B8:27:EB:FF:C8:F5,-52, WPA ,0.000000,0.000000,0.000,0.000,AP
2026-04-08 13:04:28,1900-01-00 00:00:00,0960-wombat,B8:27:EB:FF:C8:F5,-52, WPA ,0.000000,0.000000,0.000,0.000,AP
2026-04-08 13:04:28,1900-01-00 00:00:00,0960-wombat,B8:27:EB:FF:C8:F5,-52, WPA ,0.000000,0.000000,0.000,0.000,AP
2026-04-08 13:04:28,1900-01-00 00:00:00,0960-wombat,B8:27:EB:FF:C8:F5,-52, WPA ,0.000000,0.000000,0.000,0.000,AP
2026-04-08 13:04:28,1900-01-00 00:00:00,0960-wombat,B8:27:EB:FF:C8:F5,-48, WPA ,0.000000,0.000000,0.000,0.000,AP
2026-04-08 13:04:28,1900-01-00 00:00:00,0960-wombat,B8:27:EB:FF:C8:F5,-48, WPA ,0.000000,0.000000,0.000,0.000,AP
2026-04-08 13:04:28,1900-01-00 00:00:00,0960-wombat,B8:27:EB:FF:C8:F5,-52, WPA ,0.000000,0.000000,0.000,0.000,AP
2026-04-08 13:04:28,1900-01-00 00:00:00,0960-wombat,B8:27:EB:FF:C8:F5,-52, WPA ,0.000000,0.000000,0.000,0.000,AP
2026-04-08 13:04:28,1900-01-00 00:00:00,0960-wombat,B8:27:EB:FF:C8:F5,-52, WPA ,0.000000,0.000000,0.000,0.000,AP
2026-04-08 13:04:28,1900-01-00 00:00:00,0960-wombat,B8:27:EB:FF:C8:F5,-51, WPA ,0.000000,0.000000,0.000,0.000,AP
2026-04-08 13:04:28,1900-01-00 00:00:00,0960-wombat,B8:27:EB:FF:C8:F5,-39, WPA ,0.000000,0.000000,0.000,0.000,AP
2026-04-08 13:04:28,1900-01-00 00:00:00,0960-wombat,B8:27:EB:FF:C8:F5,-59, WPA ,0.000000,0.000000,0.000,0.000,AP
2026-04-08 13:04:28,1900-01-00 00:00:00,0960-wombat,B8:27:EB:FF:C8:F5,-52, WPA ,0.000000,0.000000,0.000,0.000,AP
2026-04-08 13:04:28,1900-01-00 00:00:00,0960-wombat,B8:27:EB:FF:C8:F5,-52, WPA ,0.000000,0.000000,0.000,0.000,AP
2026-04-08 13:04:28,1900-01-00 00:00:00,0960-wombat,B8:27:EB:FF:C8:F5,-52, WPA ,0.000000,0.000000,0.000,0.000,AP
2026-04-08 13:04:28,1900-01-00 00:00:00,0960-wombat,B8:27:EB:FF:C8:F5,-39, WPA ,0.000000,0.000000,0.000,0.000,AP
2026-04-08 13:04:28,1900-01-00 00:00:00,0960-wombat,B8:27:EB:FF:C8:F5,-39, WPA ,0.000000,0.000000,0.000,0.000,AP
2026-04-08 13:04:28,1900-01-00 00:00:00,0960-wombat,B8:27:EB:FF:C8:F5,-54, WPA ,0.000000,0.000000,0.000,0.000,AP
2026-04-08 13:04:28,1900-01-00 00:00:00,0960-wombat,B8:27:EB:FF:C8:F5,-59, WPA ,0.000000,0.000000,0.000,0.000,AP
2026-04-08 13:04:28,1900-01-00 00:00:00,0960-wombat,B8:27:EB:FF:C8:F5,-59, WPA ,0.000000,0.000000,0.000,0.000,AP
2026-04-08 13:04:28,1900-01-00 00:00:00,0960-wombat,B8:27:EB:FF:C8:F5,-58, WPA ,0.000000,0.000000,0.000,0.000,AP
2026-04-08 13:04:28,1900-01-00 00:00:00,0960-wombat,B8:27:EB:FF:C8:F5,-54, WPA ,0.000000,0.000000,0.000,0.000,AP
2026-04-08 13:04:28,1900-01-00 00:00:00,0960-wombat,B8:27:EB:FF:C8:F5,-52, WPA ,0.000000,0.000000,0.000,0.000,AP
2026-04-08 13:04:28,1900-01-00 00:00:00,0960-wombat,B8:27:EB:FF:C8:F5,-53, WPA ,0.000000,0.000000,0.000,0.000,AP
2026-04-08 13:04:28,1900-01-00 00:00:00,0960-wombat,B8:27:EB:FF:C8:F5,-53, WPA ,0.000000,0.000000,0.000,0.000,AP
2026-04-08 13:04:28,1900-01-00 00:00:00,0960-wombat,B8:27:EB:FF:C8:F5,-39, WPA ,0.000000,0.000000,0.000,0.000,AP
2026-04-08 13:04:28,1900-01-00 00:00:00,0960-wombat,B8:27:EB:FF:C8:F5,-53, WPA ,0.000000,0.000000,0.000,0.000,AP
2026-04-08 13:04:28,1900-01-00 00:00:00,0960-wombat,B8:27:EB:FF:C8:F5,-53, WPA ,0.000000,0.000000,0.000,0.000,AP
2026-04-08 13:04:28,1900-01-00 00:00:00,0960-wombat,B8:27:EB:FF:C8:F5,-52, WPA ,0.000000,0.000000,0.000,0.000,AP
2026-04-08 13:04:28,1900-01-00 00:00:00,0960-wombat,B8:27:EB:FF:C8:F5,-55, WPA ,0.000000,0.000000,0.000,0.000,AP
2026-04-08 13:04:28,1900-01-00 00:00:00,0960-wombat,B8:27:EB:FF:C8:F5,-52, WPA ,0.000000,0.000000,0.000,0.000,AP
2026-04-08 13:04:28,1900-01-00 00:00:00,0960-wombat,B8:27:EB:FF:C8:F5,-52, WPA ,0.000000,0.000000,0.000,0.000,AP
2026-04-08 13:04:28,1900-01-00 00:00:00,0960-wombat,B8:27:EB:FF:C8:F5,-54, WPA ,0.000000,0.000000,0.000,0.000,AP
2026-04-08 13:04:28,1900-01-00 00:00:00,0960-wombat,B8:27:EB:FF:C8:F5,-52, WPA ,0.000000,0.000000,0.000,0.000,AP
2026-04-08 13:04:28,1900-01-00 00:00:00,0960-wombat,B8:27:EB:FF:C8:F5,-52, WPA ,0.000000,0.000000,0.000,0.000,AP
2026-04-08 13:04:28,1900-01-00 00:00:00,0960-wombat,B8:27:EB:FF:C8:F5,-52, WPA ,0.000000,0.000000,0.000,0.000,AP
2026-04-08 13:04:28,1900-01-00 00:00:00,0960-wombat,B8:27:EB:FF:C8:F5,-54, WPA ,0.000000,0.000000,0.000,0.000,AP
2026-04-08 13:04:28,1900-01-00 00:00:00,0960-wombat,B8:27:EB:FF:C8:F5,-55, WPA ,0.000000,0.000000,0.000,0.000,AP
2026-04-08 13:04:28,1900-01-00 00:00:00,0960-wombat,B8:27:EB:FF:C8:F5,-59, WPA ,0.000000,0.000000,0.000,0.000,AP
2026-04-08 13:04:28,1900-01-00 00:00:00,0960-wombat,B8:27:EB:FF:C8:F5,-52, WPA ,0.000000,0.000000,0.000,0.000,AP
2026-04-08 13:04:28,1900-01-00 00:00:00,0960-wombat,B8:27:EB:FF:C8:F5,-59, WPA ,0.000000,0.000000,0.000,0.000,AP
2026-04-08 13:04:28,1900-01-00 00:00:00,0960-wombat,B8:27:EB:FF:C8:F5,-52, WPA ,0.000000,0.000000,0.000,0.000,AP
2026-04-08 13:04:28,1900-01-00 00:00:00,0960-wombat,B8:27:EB:FF:C8:F5,-52, WPA ,0.000000,0.000000,0.000,0.000,AP
2026-04-08 13:04:28,1900-01-00 00:00:00,0960-wombat,B8:27:EB:FF:C8:F5,-52, WPA ,0.000000,0.000000,0.000,0.000,AP
2026-04-08 13:04:28,1900-01-00 00:00:00,0960-wombat,B8:27:EB:FF:C8:F5,-50, WPA ,0.000000,0.000000,0.000,0.000,AP
2026-04-08 13:04:28,1900-01-00 00:00:00,0960-wombat,B8:27:EB:FF:C8:F5,-50, WPA ,0.000000,0.000000,0.000,0.000,AP
2026-04-08 13:04:28,1900-01-00 00:00:00,0960-wombat,B8:27:EB:FF:C8:F5,-52, WPA ,0.000000,0.000000,0.000,0.000,AP
2026-04-08 13:04:28,1900-01-00 00:00:00,0960-wombat,B8:27:EB:FF:C8:F5,-52, WPA ,0.000000,0.000000,0.000,0.000,AP
2026-04-08 13:04:28,1900-01-00 00:00:00,0960-wombat,B8:27:EB:FF:C8:F5,-60, WPA ,0.000000,0.000000,0.000,0.000,AP
2026-04-08 13:04:28,1900-01-00 00:00:00,0960-wombat,B8:27:EB:FF:C8:F5,-53, WPA ,0.000000,0.000000,0.000,0.000,AP
2026-04-08 13:04:28,1900-01-00 00:00:00,0960-wombat,B8:27:EB:FF:C8:F5,-53, WPA ,0.000000,0.000000,0.000,0.000,AP
2026-04-08 13:04:28,1900-01-00 00:00:00,0960-wombat,B8:27:EB:FF:C8:F5,-53, WPA ,0.000000,0.000000,0.000,0.000,AP
2026-04-08 13:04:28,1900-01-00 00:00:00,0960-wombat,B8:27:EB:FF:C8:F5,-53, WPA ,0.000000,0.000000,0.000,0.000,AP
2026-04-08 13:04:28,1900-01-00 00:00:00,0960-wombat,B8:27:EB:FF:C8:F5,-49, WPA ,0.000000,0.000000,0.000,0.000,AP
2026-04-08 13:04:28,1900-01-00 00:00:00,0960-wombat,B8:27:EB:FF:C8:F5,-61, WPA ,0.000000,0.000000,0.000,0.000,AP
2026-04-08 13:04:28,1900-01-00 00:00:00,0960-wombat,B8:27:EB:FF:C8:F5,-61, WPA ,0.000000,0.000000,0.000,0.000,AP
2026-04-08 13:04:28,1900-01-00 00:00:00,0960-wombat,B8:27:EB:FF:C8:F5,-52, WPA ,0.000000,0.000000,0.000,0.000,AP
2026-04-08 13:04:28,1900-01-00 00:00:00,0960-wombat,B8:27:EB:FF:C8:F5,-61, WPA ,0.000000,0.000000,0.000,0.000,AP
2026-04-08 13:04:28,1900-01-00 00:00:00,0960-wombat,B8:27:EB:FF:C8:F5,-61, WPA ,0.000000,0.000000,0.000,0.000,AP
2026-04-08 13:04:28,1900-01-00 00:00:00,0960-wombat,B8:27:EB:FF:C8:F5,-61, WPA ,0.000000,0.000000,0.000,0.000,AP
2026-04-08 13:04:28,1900-01-00 00:00:00,0960-wombat,B8:27:EB:FF:C8:F5,-61, WPA ,0.000000,0.000000,0.000,0.000,AP
2026-04-08 13:04:28,1900-01-00 00:00:00,0960-wombat,B8:27:EB:FF:C8:F5,-61, WPA ,0.000000,0.000000,0.000,0.000,AP
2026-04-08 13:04:28,1900-01-00 00:00:00,0960-wombat,B8:27:EB:FF:C8:F5,-61, WPA ,0.000000,0.000000,0.000,0.000,AP
2026-04-08 13:04:28,1900-01-00 00:00:00,0960-wombat,B8:27:EB:FF:C8:F5,-52, WPA ,0.000000,0.000000,0.000,0.000,AP
2026-04-08 13:04:28,1900-01-00 00:00:00,0960-wombat,B8:27:EB:FF:C8:F5,-52, WPA ,0.000000,0.000000,0.000,0.000,AP
2026-04-08 13:04:28,1900-01-00 00:00:00,0960-wombat,B8:27:EB:FF:C8:F5,-61, WPA ,0.000000,0.000000,0.000,0.000,AP
2026-04-08 13:04:28,1900-01-00 00:00:00,0960-wombat,B8:27:EB:FF:C8:F5,-61, WPA ,0.000000,0.000000,0.000,0.000,AP
2026-04-08 13:04:28,1900-01-00 00:00:00,0960-wombat,B8:27:EB:FF:C8:F5,-59, WPA ,0.000000,0.000000,0.000,0.000,AP
2026-04-08 13:04:28,1900-01-00 00:00:00,0960-wombat,B8:27:EB:FF:C8:F5,-39, WPA ,0.000000,0.000000,0.000,0.000,AP
2026-04-08 13:04:28,1900-01-00 00:00:00,0960-wombat,B8:27:EB:FF:C8:F5,-39, WPA ,0.000000,0.000000,0.000,0.000,AP
2026-04-08 13:04:28,1900-01-00 00:00:00,0960-wombat,B8:27:EB:FF:C8:F5,-52, WPA ,0.000000,0.000000,0.000,0.000,AP
2026-04-08 13:04:28,1900-01-00 00:00:00,0960-wombat,B8:27:EB:FF:C8:F5,-61, WPA ,0.000000,0.000000,0.000,0.000,AP
2026-04-08 13:04:28,1900-01-00 00:00:00,0960-wombat,B8:27:EB:FF:C8:F5,-61, WPA ,0.000000,0.000000,0.000,0.000,AP
2026-04-08 13:04:28,1900-01-00 00:00:00,0960-wombat,B8:27:EB:FF:C8:F5,-59, WPA ,0.000000,0.000000,0.000,0.000,AP
2026-04-08 13:04:28,1900-01-00 00:00:00,0960-wombat,B8:27:EB:FF:C8:F5,-59, WPA ,0.000000,0.000000,0.000,0.000,AP
2026-04-08 13:04:28,1900-01-00 00:00:00,0960-wombat,B8:27:EB:FF:C8:F5,-39, WPA ,0.000000,0.000000,0.000,0.000,AP
2026-04-08 13:04:28,1900-01-00 00:00:00,0960-wombat,B8:27:EB:FF:C8:F5,-53, WPA ,0.000000,0.000000,0.000,0.000,AP
2026-04-08 13:04:28,1900-01-00 00:00:00,0960-wombat,B8:27:EB:FF:C8:F5,-53, WPA ,0.000000,0.000000,0.000,0.000,AP
2026-04-08 13:04:28,1900-01-00 00:00:00,0960-wombat,B8:27:EB:FF:C8:F5,-53, WPA ,0.000000,0.000000,0.000,0.000,AP
2026-04-08 13:04:28,1900-01-00 00:00:00,0960-wombat,B8:27:EB:FF:C8:F5,-59, WPA ,0.000000,0.000000,0.000,0.000,AP
2026-04-08 13:04:28,1900-01-00 00:00:00,0960-wombat,B8:27:EB:FF:C8:F5,-59, WPA ,0.000000,0.000000,0.000,0.000,AP
2026-04-08 13:04:28,1900-01-00 00:00:00,0960-wombat,B8:27:EB:FF:C8:F5,-59, WPA ,0.000000,0.000000,0.000,0.000,AP
2026-04-08 13:04:28,1900-01-00 00:00:00,0960-wombat,B8:27:EB:FF:C8:F5,-59, WPA ,0.000000,0.000000,0.000,0.000,AP
2026-04-08 13:04:28,1900-01-00 00:00:00,0960-wombat,B8:27:EB:FF:C8:F5,-59, WPA ,0.000000,0.000000,0.000,0.000,AP
2026-04-08 13:04:28,1900-01-00 00:00:00,0960-wombat,B8:27:EB:FF:C8:F5,-52, WPA ,0.000000,0.000000,0.000,0.000,AP
2026-04-08 13:04:28,1900-01-00 00:00:00,0960-wombat,B8:27:EB:FF:C8:F5,-52, WPA ,0.000000,0.000000,0.000,0.000,AP
2026-04-08 13:04:28,1900-01-00 00:00:00,0960-wombat,B8:27:EB:FF:C8:F5,-59, WPA ,0.000000,0.000000,0.000,0.000,AP
2026-04-08 13:04:28,1900-01-00 00:00:00,0960-wombat,B8:27:EB:FF:C8:F5,-54, WPA ,0.000000,0.000000,0.000,0.000,AP
2026-04-08 13:04:28,1900-01-00 00:00:00,0960-wombat,B8:27:EB:FF:C8:F5,-39, WPA ,0.000000,0.000000,0.000,0.000,AP
2026-04-08 13:04:28,1900-01-00 00:00:00,0960-wombat,B8:27:EB:FF:C8:F5,-52, WPA ,0.000000,0.000000,0.000,0.000,AP
2026-04-08 13:04:28,1900-01-00 00:00:00,0960-wombat,B8:27:EB:FF:C8:F5,-52, WPA ,0.000000,0.000000,0.000,0.000,AP
2026-04-08 13:04:28,1900-01-00 00:00:00,0960-wombat,B8:27:EB:FF:C8:F5,-52, WPA ,0.000000,0.000000,0.000,0.000,AP
2026-04-08 13:04:28,1900-01-00 00:00:00,0960-wombat,B8:27:EB:FF:C8:F5,-50, WPA ,0.000000,0.000000,0.000,0.000,AP
2026-04-08 13:04:28,1900-01-00 00:00:00,0960-wombat,B8:27:EB:FF:C8:F5,-50, WPA ,0.000000,0.000000,0.000,0.000,AP
2026-04-08 13:04:28,1900-01-00 00:00:00,0960-wombat,B8:27:EB:FF:C8:F5,-52, WPA ,0.000000,0.000000,0.000,0.000,AP
2026-04-08 13:04:28,1900-01-00 00:00:00,0960-wombat,B8:27:EB:FF:C8:F5,-52, WPA ,0.000000,0.000000,0.000,0.000,AP
2026-04-08 13:04:28,1900-01-00 00:00:00,0960-wombat,B8:27:EB:FF:C8:F5,-52, WPA ,0.000000,0.000000,0.000,0.000,AP
2026-04-08 13:04:28,1900-01-00 00:00:00,0960-wombat,B8:27:EB:FF:C8:F5,-52, WPA ,0.000000,0.000000,0.000,0.000,AP
2026-04-08 13:04:28,1900-01-00 00:00:00,0960-wombat,B8:27:EB:FF:C8:F5,-50, WPA ,0.000000,0.000000,0.000,0.000,AP
2026-04-08 13:04:28,1900-01-00 00:00:00,0960-wombat,B8:27:EB:FF:C8:F5,-50, WPA ,0.000000,0.000000,0.000,0.000,AP
2026-04-08 13:04:28,1900-01-00 00:00:00,0960-wombat,B8:27:EB:FF:C8:F5,-53, WPA ,0.000000,0.000000,0.000,0.000,AP
2026-04-08 13:04:28,1900-01-00 00:00:00,0960-wombat,B8:27:EB:FF:C8:F5,-53, WPA ,0.000000,0.000000,0.000,0.000,AP
2026-04-08 13:04:28,1900-01-00 00:00:00,0960-wombat,B8:27:EB:FF:C8:F5,-52, WPA ,0.000000,0.000000,0.000,0.000,AP
2026-04-08 13:04:28,1900-01-00 00:00:00,0960-wombat,B8:27:EB:FF:C8:F5,-52, WPA ,0.000000,0.000000,0.000,0.000,AP
2026-04-08 13:04:28,1900-01-00 00:00:00,0960-wombat,B8:27:EB:FF:C8:F5,-53, WPA ,0.000000,0.000000,0.000,0.000,AP
2026-04-08 13:04:28,1900-01-00 00:00:00,0960-wombat,B8:27:EB:FF:C8:F5,-53, WPA ,0.000000,0.000000,0.000,0.000,AP
2026-04-08 13:04:28,1900-01-00 00:00:00,0960-wombat,B8:27:EB:FF:C8:F5,-52, WPA ,0.000000,0.000000,0.000,0.000,AP
2026-04-08 13:04:28,1900-01-00 00:00:00,0960-wombat,B8:27:EB:FF:C8:F5,-52, WPA ,0.000000,0.000000,0.000,0.000,AP
2026-04-08 13:04:28,1900-01-00 00:00:00,0960-wombat,B8:27:EB:FF:C8:F5,-52, WPA ,0.000000,0.000000,0.000,0.000,AP
2026-04-08 13:04:28,1900-01-00 00:00:00,0960-wombat,B8:27:EB:FF:C8:F5,-52, WPA ,0.000000,0.000000,0.000,0.000,AP
2026-04-08 13:04:28,1900-01-00 00:00:00,0960-wombat,B8:27:EB:FF:C8:F5,-51, WPA ,0.000000,0.000000,0.000,0.000,AP
2026-04-08 13:04:28,1900-01-00 00:00:00,0960-wombat,B8:27:EB:FF:C8:F5,-51, WPA ,0.000000,0.000000,0.000,0.000,AP
2026-04-08 13:04:28,1900-01-00 00:00:00,0960-wombat,B8:27:EB:FF:C8:F5,-52, WPA ,0.000000,0.000000,0.000,0.000,AP
2026-04-08 13:04:28,1900-01-00 00:00:00,0960-wombat,B8:27:EB:FF:C8:F5,-52, WPA ,0.000000,0.000000,0.000,0.000,AP
2026-04-08 13:04:28,1900-01-00 00:00:00,0960-wombat,B8:27:EB:FF:C8:F5,-39, WPA ,0.000000,0.000000,0.000,0.000,AP
2026-04-08 13:04:28,1900-01-00 00:00:00,0960-wombat,B8:27:EB:FF:C8:F5,-39, WPA ,0.000000,0.000000,0.000,0.000,AP
2026-04-08 13:04:28,1900-01-00 00:00:00,0960-wombat,B8:27:EB:FF:C8:F5,-39, WPA ,0.000000,0.000000,0.000,0.000,AP
2026-04-08 13:04:28,1900-01-00 00:00:00,0960-wombat,B8:27:EB:FF:C8:F5,-54, WPA ,0.000000,0.000000,0.000,0.000,AP
2026-04-08 13:04:28,1900-01-00 00:00:00,0960-wombat,B8:27:EB:FF:C8:F5,-54, WPA ,0.000000,0.000000,0.000,0.000,AP
2026-04-08 13:04:28,1900-01-00 00:00:00,0960-wombat,B8:27:EB:FF:C8:F5,-54, WPA ,0.000000,0.000000,0.000,0.000,AP
2026-04-08 13:04:28,1900-01-00 00:00:00,0960-wombat,B8:27:EB:FF:C8:F5,-54, WPA ,0.000000,0.000000,0.000,0.000,AP
2026-04-08 13:04:28,1900-01-00 00:00:00,0960-wombat,B8:27:EB:FF:C8:F5,-51, WPA ,0.000000,0.000000,0.000,0.000,AP
2026-04-08 13:04:28,1900-01-00 00:00:00,0960-wombat,B8:27:EB:FF:C8:F5,-51, WPA ,0.000000,0.000000,0.000,0.000,AP
2026-04-08 13:04:28,1900-01-00 00:00:00,0960-wombat,B8:27:EB:FF:C8:F5,-51, WPA ,0.000000,0.000000,0.000,0.000,AP
2026-04-08 13:04:28,1900-01-00 00:00:00,0960-wombat,B8:27:EB:FF:C8:F5,-53, WPA ,0.000000,0.000000,0.000,0.000,AP
2026-04-08 13:04:28,1900-01-00 00:00:00,0960-wombat,B8:27:EB:FF:C8:F5,-53, WPA ,0.000000,0.000000,0.000,0.000,AP
2026-04-08 13:04:28,1900-01-00 00:00:00,0960-wombat,B8:27:EB:FF:C8:F5,-53, WPA ,0.000000,0.000000,0.000,0.000,AP
2026-04-08 13:04:28,1900-01-00 00:00:00,0960-wombat,B8:27:EB:FF:C8:F5,-52, WPA ,0.000000,0.000000,0.000,0.000,AP
2026-04-08 13:04:28,1900-01-00 00:00:00,0960-wombat,B8:27:EB:FF:C8:F5,-52, WPA ,0.000000,0.000000,0.000,0.000,AP
2026-04-08 13:04:28,1900-01-00 00:00:00,0960-wombat,B8:27:EB:FF:C8:F5,-52, WPA ,0.000000,0.000000,0.000,0.000,AP
2026-04-08 13:04:28,1900-01-00 00:00:00,0960-wombat,B8:27:EB:FF:C8:F5,-52, WPA ,0.000000,0.000000,0.000,0.000,AP
2026-04-08 13:04:28,1900-01-00 00:00:00,0960-wombat,B8:27:EB:FF:C8:F5,-52, WPA ,0.000000,0.000000,0.000,0.000,AP
2026-04-08 13:04:28,1900-01-00 00:00:00,0960-wombat,B8:27:EB:FF:C8:F5,-52, WPA ,0.000000,0.000000,0.000,0.000,AP
2026-04-08 13:04:28,1900-01-00 00:00:00,0960-wombat,B8:27:EB:FF:C8:F5,-38, WPA ,0.000000,0.000000,0.000,0.000,AP
2026-04-08 13:04:28,1900-01-00 00:00:00,0960-wombat,B8:27:EB:FF:C8:F5,-58, WPA ,0.000000,0.000000,0.000,0.000,AP
2026-04-08 13:04:28,1900-01-00 00:00:00,0960-wombat,B8:27:EB:FF:C8:F5,-52, WPA ,0.000000,0.000000,0.000,0.000,AP
2026-04-08 13:04:28,1900-01-00 00:00:00,0960-wombat,B8:27:EB:FF:C8:F5,-51, WPA ,0.000000,0.000000,0.000,0.000,AP
2026-04-08 13:04:28,1900-01-00 00:00:00,0960-wombat,B8:27:EB:FF:C8:F5,-52, WPA ,0.000000,0.000000,0.000,0.000,AP
2026-04-08 13:04:28,1900-01-00 00:00:00,0960-wombat,B8:27:EB:FF:C8:F5,-52, WPA ,0.000000,0.000000,0.000,0.000,AP
2026-04-08 13:04:28,1900-01-00 00:00:00,0960-wombat,B8:27:EB:FF:C8:F5,-52, WPA ,0.000000,0.000000,0.000,0.000,AP
2026-04-08 13:04:28,1900-01-00 00:00:00,0960-wombat,B8:27:EB:FF:C8:F5,-52, WPA ,0.000000,0.000000,0.000,0.000,AP
2026-04-08 13:04:28,1900-01-00 00:00:00,0960-wombat,B8:27:EB:FF:C8:F5,-52, WPA ,0.000000,0.000000,0.000,0.000,AP
2026-04-08 13:04:28,1900-01-00 00:00:00,0960-wombat,B8:27:EB:FF:C8:F5,-52, WPA ,0.000000,0.000000,0.000,0.000,AP
2026-04-08 13:04:28,1900-01-00 00:00:00,0960-wombat,B8:27:EB:FF:C8:F5,-52, WPA ,0.000000,0.000000,0.000,0.000,AP
2026-04-08 13:04:28,1900-01-00 00:00:00,0960-wombat,B8:27:EB:FF:C8:F5,-52, WPA ,0.000000,0.000000,0.000,0.000,AP
2026-04-08 13:04:28,1900-01-00 00:00:00,0960-wombat,B8:27:EB:FF:C8:F5,-52, WPA ,0.000000,0.000000,0.000,0.000,AP
2026-04-08 13:04:28,1900-01-00 00:00:00,0960-wombat,B8:27:EB:FF:C8:F5,-52, WPA ,0.000000,0.000000,0.000,0.000,AP
2026-04-08 13:04:28,1900-01-00 00:00:00,0960-wombat,B8:27:EB:FF:C8:F5,-52, WPA ,0.000000,0.000000,0.000,0.000,AP
2026-04-08 13:04:28,1900-01-00 00:00:00,0960-wombat,B8:27:EB:FF:C8:F5,-52, WPA ,0.000000,0.000000,0.000,0.000,AP
2026-04-08 13:04:28,1900-01-00 00:00:00,0960-wombat,B8:27:EB:FF:C8:F5,-52, WPA ,0.000000,0.000000,0.000,0.000,AP
2026-04-08 13:04:28,1900-01-00 00:00:00,0960-wombat,B8:27:EB:FF:C8:F5,-52, WPA ,0.000000,0.000000,0.000,0.000,AP
2026-04-08 13:04:28,1900-01-00 00:00:00,0960-wombat,B8:27:EB:FF:C8:F5,-52, WPA ,0.000000,0.000000,0.000,0.000,AP
2026-04-08 13:04:28,1900-01-00 00:00:00,0960-wombat,B8:27:EB:FF:C8:F5,-52, WPA ,0.000000,0.000000,0.000,0.000,AP
2026-04-08 13:04:28,1900-01-00 00:00:00,0960-wombat,B8:27:EB:FF:C8:F5,-52, WPA ,0.000000,0.000000,0.000,0.000,AP
2026-04-08 13:04:28,1900-01-00 00:00:00,0960-wombat,B8:27:EB:FF:C8:F5,-52, WPA ,0.000000,0.000000,0.000,0.000,AP
2026-04-08 13:04:28,1900-01-00 00:00:00,0960-wombat,B8:27:EB:FF:C8:F5,-52, WPA ,0.000000,0.000000,0.000,0.000,AP
2026-04-08 13:04:28,1900-01-00 00:00:00,0960-wombat,B8:27:EB:FF:C8:F5,-52, WPA ,0.000000,0.000000,0.000,0.000,AP
2026-04-08 13:04:28,1900-01-00 00:00:00,0960-wombat,B8:27:EB:FF:C8:F5,-52, WPA ,0.000000,0.000000,0.000,0.000,AP
2026-04-08 13:04:28,1900-01-00 00:00:00,0960-wombat,B8:27:EB:FF:C8:F5,-52, WPA ,0.000000,0.000000,0.000,0.000,AP
2026-04-08 13:04:28,1900-01-00 00:00:00,0960-wombat,B8:27:EB:FF:C8:F5,-52, WPA ,0.000000,0.000000,0.000,0.000,AP
2026-04-08 13:04:28,1900-01-00 00:00:00,0960-wombat,B8:27:EB:FF:C8:F5,-36, WPA ,0.000000,0.000000,0.000,0.000,AP
2026-04-08 13:04:28,1900-01-00 00:00:00,0960-wombat,B8:27:EB:FF:C8:F5,-36, WPA ,0.000000,0.000000,0.000,0.000,AP
2026-04-08 13:04:28,1900-01-00 00:00:00,0960-wombat,B8:27:EB:FF:C8:F5,-36, WPA ,0.000000,0.000000,0.000,0.000,AP
2026-04-08 13:04:28,1900-01-00 00:00:00,0960-wombat,B8:27:EB:FF:C8:F5,-36, WPA ,0.000000,0.000000,0.000,0.000,AP
2026-04-08 13:04:28,1900-01-00 00:00:00,0960-wombat,B8:27:EB:FF:C8:F5,-36, WPA ,0.000000,0.000000,0.000,0.000,AP
2026-04-08 13:04:28,1900-01-00 00:00:00,0960-wombat,B8:27:EB:FF:C8:F5,-36, WPA ,0.000000,0.000000,0.000,0.000,AP
2026-04-08 13:04:28,1900-01-00 00:00:00,0960-wombat,B8:27:EB:FF:C8:F5,-36, WPA ,0.000000,0.000000,0.000,0.000,AP
2026-04-08 13:04:28,1900-01-00 00:00:00,0960-wombat,B8:27:EB:FF:C8:F5,-36, WPA ,0.000000,0.000000,0.000,0.000,AP
2026-04-08 13:04:28,1900-01-00 00:00:00,0960-wombat,B8:27:EB:FF:C8:F5,-36, WPA ,0.000000,0.000000,0.000,0.000,AP
2026-04-08 13:04:28,1900-01-00 00:00:00,0960-wombat,B8:27:EB:FF:C8:F5,-36, WPA ,0.000000,0.000000,0.000,0.000,AP
2026-04-08 13:04:28,1900-01-00 00:00:00,0960-wombat,B8:27:EB:FF:C8:F5,-36, WPA ,0.000000,0.000000,0.000,0.000,AP
2026-04-08 13:04:28,1900-01-00 00:00:00,0960-wombat,B8:27:EB:FF:C8:F5,-36, WPA ,0.000000,0.000000,0.000,0.000,AP
2026-04-08 13:04:28,1900-01-00 00:00:00,0960-wombat,B8:27:EB:FF:C8:F5,-56, WPA ,0.000000,0.000000,0.000,0.000,AP
2026-04-08 13:04:28,1900-01-00 00:00:00,0960-wombat,B8:27:EB:FF:C8:F5,-56, WPA ,0.000000,0.000000,0.000,0.000,AP
2026-04-08 13:04:28,1900-01-00 00:00:00,0960-wombat,B8:27:EB:FF:C8:F5,-56, WPA ,0.000000,0.000000,0.000,0.000,AP
2026-04-08 13:04:28,1900-01-00 00:00:00,0960-wombat,B8:27:EB:FF:C8:F5,-56, WPA ,0.000000,0.000000,0.000,0.000,AP
2026-04-08 13:04:28,1900-01-00 00:00:00,0960-wombat,B8:27:EB:FF:C8:F5,-56, WPA ,0.000000,0.000000,0.000,0.000,AP
2026-04-08 13:04:28,1900-01-00 00:00:00,0960-wombat,B8:27:EB:FF:C8:F5,-58, WPA ,0.000000,0.000000,0.000,0.000,AP
2026-04-08 13:04:28,1900-01-00 00:00:00,0960-wombat,B8:27:EB:FF:C8:F5,-58, WPA ,0.000000,0.000000,0.000,0.000,AP
2026-04-08 13:04:28,1900-01-00 00:00:00,0960-wombat,B8:27:EB:FF:C8:F5,-58, WPA ,0.000000,0.000000,0.000,0.000,AP
2026-04-08 13:04:28,1900-01-00 00:00:00,0960-wombat,B8:27:EB:FF:C8:F5,-58, WPA ,0.000000,0.000000,0.000,0.000,AP
2026-04-08 13:04:28,1900-01-00 00:00:00,0960-wombat,B8:27:EB:FF:C8:F5,-58, WPA ,0.000000,0.000000,0.000,0.000,AP
2026-04-08 13:04:28,1900-01-00 00:00:00,0960-wombat,B8:27:EB:FF:C8:F5,-58, WPA ,0.000000,0.000000,0.000,0.000,AP
2026-04-08 13:04:28,1900-01-00 00:00:00,0960-wombat,B8:27:EB:FF:C8:F5,-58, WPA ,0.000000,0.000000,0.000,0.000,AP
2026-04-08 13:04:28,1900-01-00 00:00:00,0960-wombat,B8:27:EB:FF:C8:F5,-58, WPA ,0.000000,0.000000,0.000,0.000,AP
2026-04-08 13:04:28,1900-01-00 00:00:00,0960-wombat,B8:27:EB:FF:C8:F5,-58, WPA ,0.000000,0.000000,0.000,0.000,AP
2026-04-08 13:04:28,1900-01-00 00:00:00,0960-wombat,B8:27:EB:FF:C8:F5,-58, WPA ,0.000000,0.000000,0.000,0.000,AP
2026-04-08 13:04:28,1900-01-00 00:00:00,0960-wombat,B8:27:EB:FF:C8:F5,-51, WPA ,0.000000,0.000000,0.000,0.000,AP
2026-04-08 13:04:28,1900-01-00 00:00:00,0960-wombat,B8:27:EB:FF:C8:F5,-51, WPA ,0.000000,0.000000,0.000,0.000,AP
2026-04-08 13:04:28,1900-01-00 00:00:00,0960-wombat,B8:27:EB:FF:C8:F5,-51, WPA ,0.000000,0.000000,0.000,0.000,AP
2026-04-08 13:04:28,1900-01-00 00:00:00,0960-wombat,B8:27:EB:FF:C8:F5,-51, WPA ,0.000000,0.000000,0.000,0.000,AP
2026-04-08 13:04:28,1900-01-00 00:00:00,0960-wombat,B8:27:EB:FF:C8:F5,-51, WPA ,0.000000,0.000000,0.000,0.000,AP
2026-04-08 13:04:28,1900-01-00 00:00:00,0960-wombat,B8:27:EB:FF:C8:F5,-52, WPA ,0.000000,0.000000,0.000,0.000,AP
2026-04-08 13:04:28,1900-01-00 00:00:00,0960-wombat,B8:27:EB:FF:C8:F5,-52, WPA ,0.000000,0.000000,0.000,0.000,AP
2026-04-08 13:04:28,1900-01-00 00:00:00,0960-wombat,B8:27:EB:FF:C8:F5,-52, WPA ,0.000000,0.000000,0.000,0.000,AP
2026-04-08 13:04:28,1900-01-00 00:00:00,0960-wombat,B8:27:EB:FF:C8:F5,-52, WPA ,0.000000,0.000000,0.000,0.000,AP
2026-04-08 13:04:28,1900-01-00 00:00:00,0960-wombat,B8:27:EB:FF:C8:F5,-52, WPA ,0.000000,0.000000,0.000,0.000,AP
2026-04-08 13:04:28,1900-01-00 00:00:00,0960-wombat,B8:27:EB:FF:C8:F5,-52, WPA ,0.000000,0.000000,0.000,0.000,AP
2026-04-08 13:04:28,1900-01-00 00:00:00,0960-wombat,B8:27:EB:FF:C8:F5,-52, WPA ,0.000000,0.000000,0.000,0.000,AP
2026-04-08 13:04:28,1900-01-00 00:00:00,0960-wombat,B8:27:EB:FF:C8:F5,-52, WPA ,0.000000,0.000000,0.000,0.000,AP
2026-04-08 13:04:28,1900-01-00 00:00:00,0960-wombat,B8:27:EB:FF:C8:F5,-52, WPA ,0.000000,0.000000,0.000,0.000,AP
2026-04-08 13:04:28,1900-01-00 00:00:00,0960-wombat,B8:27:EB:FF:C8:F5,-52, WPA ,0.000000,0.000000,0.000,0.000,AP
2026-04-08 13:04:28,1900-01-00 00:00:00,0960-wombat,B8:27:EB:FF:C8:F5,-52, WPA ,0.000000,0.000000,0.000,0.000,AP
2026-04-08 13:04:28,1900-01-00 00:00:00,0960-wombat,B8:27:EB:FF:C8:F5,-52, WPA ,0.000000,0.000000,0.000,0.000,AP
2026-04-08 13:04:28,1900-01-00 00:00:00,0960-wombat,B8:27:EB:FF:C8:F5,-58, WPA ,0.000000,0.000000,0.000,0.000,AP
2026-04-08 13:04:28,1900-01-00 00:00:00,0960-wombat,B8:27:EB:FF:C8:F5,-58, WPA ,0.000000,0.000000,0.000,0.000,AP
2026-04-08 13:04:28,1900-01-00 00:00:00,0960-wombat,B8:27:EB:FF:C8:F5,-58, WPA ,0.000000,0.000000,0.000,0.000,AP
2026-04-08 13:04:28,1900-01-00 00:00:00,0960-wombat,B8:27:EB:FF:C8:F5,-58, WPA ,0.000000,0.000000,0.000,0.000,AP
2026-04-08 13:04:28,1900-01-00 00:00:00,0960-wombat,B8:27:EB:FF:C8:F5,-58, WPA ,0.000000,0.000000,0.000,0.000,AP
2026-04-08 13:04:28,1900-01-00 00:00:00,0960-wombat,B8:27:EB:FF:C8:F5,-58, WPA ,0.000000,0.000000,0.000,0.000,AP
2026-04-08 13:04:28,1900-01-00 00:00:00,0960-wombat,B8:27:EB:FF:C8:F5,-33, WPA ,0.000000,0.000000,0.000,0.000,AP
2026-04-08 13:04:28,1900-01-00 00:00:00,0960-wombat,B8:27:EB:FF:C8:F5,-33, WPA ,0.000000,0.000000,0.000,0.000,AP
2026-04-08 13:04:28,1900-01-00 00:00:00,0960-wombat,B8:27:EB:FF:C8:F5,-33, WPA ,0.000000,0.000000,0.000,0.000,AP
2026-04-08 13:04:28,1900-01-00 00:00:00,0960-wombat,B8:27:EB:FF:C8:F5,-33, WPA ,0.000000,0.000000,0.000,0.000,AP
2026-04-08 13:04:28,1900-01-00 00:00:00,0960-wombat,B8:27:EB:FF:C8:F5,-33, WPA ,0.000000,0.000000,0.000,0.000,AP
2026-04-08 13:04:28,1900-01-00 00:00:00,0960-wombat,B8:27:EB:FF:C8:F5,-33, WPA ,0.000000,0.000000,0.000,0.000,AP
2026-04-08 13:04:28,1900-01-00 00:00:00,0960-wombat,B8:27:EB:FF:C8:F5,-33, WPA ,0.000000,0.000000,0.000,0.000,AP
2026-04-08 13:04:28,1900-01-00 00:00:00,0960-wombat,B8:27:EB:FF:C8:F5,-33, WPA ,0.000000,0.000000,0.000,0.000,AP
2026-04-08 13:04:28,1900-01-00 00:00:00,0960-wombat,B8:27:EB:FF:C8:F5,-33, WPA ,0.000000,0.000000,0.000,0.000,AP
2026-04-08 13:04:28,1900-01-00 00:00:00,0960-wombat,B8:27:EB:FF:C8:F5,-33, WPA ,0.000000,0.000000,0.000,0.000,AP
2026-04-08 13:04:28,1900-01-00 00:00:00,0960-wombat,B8:27:EB:FF:C8:F5,-33, WPA ,0.000000,0.000000,0.000,0.000,AP
2026-04-08 13:04:28,1900-01-00 00:00:00,0960-wombat,B8:27:EB:FF:C8:F5,-33, WPA ,0.000000,0.000000,0.000,0.000,AP
2026-04-08 13:04:28,1900-01-00 00:00:00,0960-wombat,B8:27:EB:FF:C8:F5,-57, WPA ,0.000000,0.000000,0.000,0.000,AP
2026-04-08 13:04:28,1900-01-00 00:00:00,0960-wombat,B8:27:EB:FF:C8:F5,-57, WPA ,0.000000,0.000000,0.000,0.000,AP
2026-04-08 13:04:28,1900-01-00 00:00:00,0960-wombat,B8:27:EB:FF:C8:F5,-57, WPA ,0.000000,0.000000,0.000,0.000,AP
2026-04-08 13:04:28,1900-01-00 00:00:00,0960-wombat,B8:27:EB:FF:C8:F5,-57, WPA ,0.000000,0.000000,0.000,0.000,AP
2026-04-08 13:04:28,1900-01-00 00:00:00,0960-wombat,B8:27:EB:FF:C8:F5,-57, WPA ,0.000000,0.000000,0.000,0.000,AP
2026-04-08 13:04:28,1900-01-00 00:00:00,0960-wombat,B8:27:EB:FF:C8:F5,-57, WPA ,0.000000,0.000000,0.000,0.000,AP
2026-04-08 13:04:28,1900-01-00 00:00:00,0960-wombat,B8:27:EB:FF:C8:F5,-57, WPA ,0.000000,0.000000,0.000,0.000,AP
2026-04-08 13:04:28,1900-01-00 00:00:00,0960-wombat,B8:27:EB:FF:C8:F5,-57, WPA ,0.000000,0.000000,0.000,0.000,AP
2026-04-08 13:04:28,1900-01-00 00:00:00,0960-wombat,B8:27:EB:FF:C8:F5,-57, WPA ,0.000000,0.000000,0.000,0.000,AP
2026-04-08 13:04:28,1900-01-00 00:00:00,0960-wombat,B8:27:EB:FF:C8:F5,-57, WPA ,0.000000,0.000000,0.000,0.000,AP
2026-04-08 13:04:28,1900-01-00 00:00:00,0960-wombat,B8:27:EB:FF:C8:F5,-57, WPA ,0.000000,0.000000,0.000,0.000,AP
2026-04-08 13:04:28,1900-01-00 00:00:00,0960-wombat,B8:27:EB:FF:C8:F5,-57, WPA ,0.000000,0.000000,0.000,0.000,AP
2026-04-08 13:04:28,1900-01-00 00:00:00,0960-wombat,B8:27:EB:FF:C8:F5,-57, WPA ,0.000000,0.000000,0.000,0.000,AP
2026-04-08 13:04:28,1900-01-00 00:00:00,0960-wombat,B8:27:EB:FF:C8:F5,-57, WPA ,0.000000,0.000000,0.000,0.000,AP
2026-04-08 13:04:28,1900-01-00 00:00:00,0960-wombat,B8:27:EB:FF:C8:F5,-57, WPA ,0.000000,0.000000,0.000,0.000,AP
2026-04-08 13:04:28,1900-01-00 00:00:00,0960-wombat,B8:27:EB:FF:C8:F5,-57, WPA ,0.000000,0.000000,0.000,0.000,AP
2026-04-08 13:04:28,1900-01-00 00:00:00,0960-wombat,B8:27:EB:FF:C8:F5,-51, WPA ,0.000000,0.000000,0.000,0.000,AP
2026-04-08 13:04:28,1900-01-00 00:00:00,0960-wombat,B8:27:EB:FF:C8:F5,-51, WPA ,0.000000,0.000000,0.000,0.000,AP
2026-04-08 13:04:28,1900-01-00 00:00:00,0960-wombat,B8:27:EB:FF:C8:F5,-51, WPA ,0.000000,0.000000,0.000,0.000,AP
2026-04-08 13:04:28,1900-01-00 00:00:00,0960-wombat,B8:27:EB:FF:C8:F5,-51, WPA ,0.000000,0.000000,0.000,0.000,AP
2026-04-08 13:04:28,1900-01-00 00:00:00,0960-wombat,B8:27:EB:FF:C8:F5,-51, WPA ,0.000000,0.000000,0.000,0.000,AP
2026-04-08 13:04:28,1900-01-00 00:00:00,0960-wombat,B8:27:EB:FF:C8:F5,-51, WPA ,0.000000,0.000000,0.000,0.000,AP
2026-04-08 13:04:28,1900-01-00 00:00:00,0960-wombat,B8:27:EB:FF:C8:F5,-51, WPA ,0.000000,0.000000,0.000,0.000,AP
2026-04-08 13:04:28,1900-01-00 00:00:00,0960-wombat,B8:27:EB:FF:C8:F5,-51, WPA ,0.000000,0.000000,0.000,0.000,AP
2026-04-08 13:04:28,1900-01-00 00:00:00,0960-wombat,B8:27:EB:FF:C8:F5,-51, WPA ,0.000000,0.000000,0.000,0.000,AP
2026-04-08 13:04:28,1900-01-00 00:00:00,0960-wombat,B8:27:EB:FF:C8:F5,-51, WPA ,0.000000,0.000000,0.000,0.000,AP
2026-04-08 13:04:28,1900-01-00 00:00:00,0960-wombat,B8:27:EB:FF:C8:F5,-51, WPA ,0.000000,0.000000,0.000,0.000,AP
2026-04-08 13:04:28,1900-01-00 00:00:00,0960-wombat,B8:27:EB:FF:C8:F5,-51, WPA ,0.000000,0.000000,0.000,0.000,AP
2026-04-08 13:04:28,1900-01-00 00:00:00,0960-wombat,B8:27:EB:FF:C8:F5,-58, WPA ,0.000000,0.000000,0.000,0.000,AP
2026-04-08 13:04:28,1900-01-00 00:00:00,0960-wombat,B8:27:EB:FF:C8:F5,-52, WPA ,0.000000,0.000000,0.000,0.000,AP
2026-04-08 13:04:28,1900-01-00 00:00:00,0960-wombat,B8:27:EB:FF:C8:F5,-52, WPA ,0.000000,0.000000,0.000,0.000,AP
2026-04-08 13:04:28,1900-01-00 00:00:00,0960-wombat,B8:27:EB:FF:C8:F5,-52, WPA ,0.000000,0.000000,0.000,0.000,AP
2026-04-08 13:04:28,1900-01-00 00:00:00,0960-wombat,B8:27:EB:FF:C8:F5,-52, WPA ,0.000000,0.000000,0.000,0.000,AP
2026-04-08 13:04:28,1900-01-00 00:00:00,0960-wombat,B8:27:EB:FF:C8:F5,-51, WPA ,0.000000,0.000000,0.000,0.000,AP
2026-04-08 13:04:28,1900-01-00 00:00:00,0960-wombat,B8:27:EB:FF:C8:F5,-51, WPA ,0.000000,0.000000,0.000,0.000,AP
2026-04-08 13:04:28,1900-01-00 00:00:00,0960-wombat,B8:27:EB:FF:C8:F5,-51, WPA ,0.000000,0.000000,0.000,0.000,AP
2026-04-08 13:04:28,1900-01-00 00:00:00,0960-wombat,B8:27:EB:FF:C8:F5,-51, WPA ,0.000000,0.000000,0.000,0.000,AP
2026-04-08 13:04:28,1900-01-00 00:00:00,0960-wombat,B8:27:EB:FF:C8:F5,-51, WPA ,0.000000,0.000000,0.000,0.000,AP
2026-04-08 13:04:28,1900-01-00 00:00:00,0960-wombat,B8:27:EB:FF:C8:F5,-37, WPA ,0.000000,0.000000,0.000,0.000,AP
2026-04-08 13:04:28,1900-01-00 00:00:00,0960-wombat,B8:27:EB:FF:C8:F5,-37, WPA ,0.000000,0.000000,0.000,0.000,AP
2026-04-08 13:04:28,1900-01-00 00:00:00,0960-wombat,B8:27:EB:FF:C8:F5,-37, WPA ,0.000000,0.000000,0.000,0.000,AP
2026-04-08 13:04:28,1900-01-00 00:00:00,0960-wombat,B8:27:EB:FF:C8:F5,-37, WPA ,0.000000,0.000000,0.000,0.000,AP
2026-04-08 13:04:28,1900-01-00 00:00:00,0960-wombat,B8:27:EB:FF:C8:F5,-37, WPA ,0.000000,0.000000,0.000,0.000,AP
2026-04-08 13:04:28,1900-01-00 00:00:00,0960-wombat,B8:27:EB:FF:C8:F5,-37, WPA ,0.000000,0.000000,0.000,0.000,AP
2026-04-08 13:04:28,1900-01-00 00:00:00,0960-wombat,B8:27:EB:FF:C8:F5,-37, WPA ,0.000000,0.000000,0.000,0.000,AP
2026-04-08 13:04:28,1900-01-00 00:00:00,0960-wombat,B8:27:EB:FF:C8:F5,-37, WPA ,0.000000,0.000000,0.000,0.000,AP
2026-04-08 13:04:28,1900-01-00 00:00:00,0960-wombat,B8:27:EB:FF:C8:F5,-37, WPA ,0.000000,0.000000,0.000,0.000,AP
2026-04-08 13:04:28,1900-01-00 00:00:00,0960-wombat,B8:27:EB:FF:C8:F5,-37, WPA ,0.000000,0.000000,0.000,0.000,AP
2026-04-08 13:04:28,1900-01-00 00:00:00,0960-wombat,B8:27:EB:FF:C8:F5,-37, WPA ,0.000000,0.000000,0.000,0.000,AP
2026-04-08 13:04:28,1900-01-00 00:00:00,0960-wombat,B8:27:EB:FF:C8:F5,-37, WPA ,0.000000,0.000000,0.000,0.000,AP
2026-04-08 13:04:29,1900-01-00 00:00:00,0960-wombat,B8:27:EB:FF:C8:F5,-58, WPA ,0.000000,0.000000,0.000,0.000,AP
2026-04-08 13:04:29,1900-01-00 00:00:00,0960-wombat,B8:27:EB:FF:C8:F5,-52, WPA ,0.000000,0.000000,0.000,0.000,AP
2026-04-08 13:04:29,1900-01-00 00:00:00,0960-wombat,B8:27:EB:FF:C8:F5,-52, WPA ,0.000000,0.000000,0.000,0.000,AP
2026-04-08 13:04:29,1900-01-00 00:00:00,0960-wombat,B8:27:EB:FF:C8:F5,-39, WPA ,0.000000,0.000000,0.000,0.000,AP
2026-04-08 13:04:29,1900-01-00 00:00:00,0960-wombat,B8:27:EB:FF:C8:F5,-39, WPA ,0.000000,0.000000,0.000,0.000,AP
2026-04-08 13:04:29,1900-01-00 00:00:00,0960-wombat,B8:27:EB:FF:C8:F5,-39, WPA ,0.000000,0.000000,0.000,0.000,AP
2026-04-08 13:04:29,1900-01-00 00:00:00,0960-wombat,B8:27:EB:FF:C8:F5,-39, WPA ,0.000000,0.000000,0.000,0.000,AP
2026-04-08 13:04:29,1900-01-00 00:00:00,0960-wombat,B8:27:EB:FF:C8:F5,-39, WPA ,0.000000,0.000000,0.000,0.000,AP
2026-04-08 13:04:29,1900-01-00 00:00:00,0960-wombat,B8:27:EB:FF:C8:F5,-39, WPA ,0.000000,0.000000,0.000,0.000,AP
2026-04-08 13:04:29,1900-01-00 00:00:00,0960-wombat,B8:27:EB:FF:C8:F5,-39, WPA ,0.000000,0.000000,0.000,0.000,AP
2026-04-08 13:04:29,1900-01-00 00:00:00,0960-wombat,B8:27:EB:FF:C8:F5,-39, WPA ,0.000000,0.000000,0.000,0.000,AP
2026-04-08 13:04:29,1900-01-00 00:00:00,0960-wombat,B8:27:EB:FF:C8:F5,-39, WPA ,0.000000,0.000000,0.000,0.000,AP
2026-04-08 13:04:29,1900-01-00 00:00:00,0960-wombat,B8:27:EB:FF:C8:F5,-39, WPA ,0.000000,0.000000,0.000,0.000,AP
2026-04-08 13:04:29,1900-01-00 00:00:00,0960-wombat,B8:27:EB:FF:C8:F5,-39, WPA ,0.000000,0.000000,0.000,0.000,AP
2026-04-08 13:04:29,1900-01-00 00:00:00,0960-wombat,B8:27:EB:FF:C8:F5,-57, WPA ,0.000000,0.000000,0.000,0.000,AP
2026-04-08 13:04:29,1900-01-00 00:00:00,0960-wombat,B8:27:EB:FF:C8:F5,-57, WPA ,0.000000,0.000000,0.000,0.000,AP
2026-04-08 13:04:29,1900-01-00 00:00:00,0960-wombat,B8:27:EB:FF:C8:F5,-57, WPA ,0.000000,0.000000,0.000,0.000,AP
2026-04-08 13:04:29,1900-01-00 00:00:00,0960-wombat,B8:27:EB:FF:C8:F5,-57, WPA ,0.000000,0.000000,0.000,0.000,AP
2026-04-08 13:04:29,1900-01-00 00:00:00,0960-wombat,B8:27:EB:FF:C8:F5,-57, WPA ,0.000000,0.000000,0.000,0.000,AP
2026-04-08 13:04:29,1900-01-00 00:00:00,0960-wombat,B8:27:EB:FF:C8:F5,-57, WPA ,0.000000,0.000000,0.000,0.000,AP
2026-04-08 13:04:29,1900-01-00 00:00:00,0960-wombat,B8:27:EB:FF:C8:F5,-57, WPA ,0.000000,0.000000,0.000,0.000,AP
2026-04-08 13:04:29,1900-01-00 00:00:00,0960-wombat,B8:27:EB:FF:C8:F5,-57, WPA ,0.000000,0.000000,0.000,0.000,AP
2026-04-08 13:04:29,1900-01-00 00:00:00,0960-wombat,B8:27:EB:FF:C8:F5,-57, WPA ,0.000000,0.000000,0.000,0.000,AP
2026-04-08 13:04:29,1900-01-00 00:00:00,0960-wombat,B8:27:EB:FF:C8:F5,-57, WPA ,0.000000,0.000000,0.000,0.000,AP
2026-04-08 13:04:29,1900-01-00 00:00:00,0960-wombat,B8:27:EB:FF:C8:F5,-57, WPA ,0.000000,0.000000,0.000,0.000,AP
2026-04-08 13:04:29,1900-01-00 00:00:00,0960-wombat,B8:27:EB:FF:C8:F5,-57, WPA ,0.000000,0.000000,0.000,0.000,AP
2026-04-08 13:04:29,1900-01-00 00:00:00,0960-wombat,B8:27:EB:FF:C8:F5,-57, WPA ,0.000000,0.000000,0.000,0.000,AP
2026-04-08 13:04:29,1900-01-00 00:00:00,0960-wombat,B8:27:EB:FF:C8:F5,-51, WPA ,0.000000,0.000000,0.000,0.000,AP
2026-04-08 13:04:29,1900-01-00 00:00:00,0960-wombat,B8:27:EB:FF:C8:F5,-51, WPA ,0.000000,0.000000,0.000,0.000,AP
2026-04-08 13:04:29,1900-01-00 00:00:00,0960-wombat,B8:27:EB:FF:C8:F5,-51, WPA ,0.000000,0.000000,0.000,0.000,AP
2026-04-08 13:04:29,1900-01-00 00:00:00,0960-wombat,B8:27:EB:FF:C8:F5,-51, WPA ,0.000000,0.000000,0.000,0.000,AP
2026-04-08 13:04:29,1900-01-00 00:00:00,0960-wombat,B8:27:EB:FF:C8:F5,-51, WPA ,0.000000,0.000000,0.000,0.000,AP
2026-04-08 13:04:29,1900-01-00 00:00:00,0960-wombat,B8:27:EB:FF:C8:F5,-51, WPA ,0.000000,0.000000,0.000,0.000,AP
2026-04-08 13:04:29,1900-01-00 00:00:00,0960-wombat,B8:27:EB:FF:C8:F5,-51, WPA ,0.000000,0.000000,0.000,0.000,AP
2026-04-08 13:04:29,1900-01-00 00:00:00,0960-wombat,B8:27:EB:FF:C8:F5,-52, WPA ,0.000000,0.000000,0.000,0.000,AP
2026-04-08 13:04:29,1900-01-00 00:00:00,0960-wombat,B8:27:EB:FF:C8:F5,-52, WPA ,0.000000,0.000000,0.000,0.000,AP
2026-04-08 13:04:29,1900-01-00 00:00:00,0960-wombat,B8:27:EB:FF:C8:F5,-52, WPA ,0.000000,0.000000,0.000,0.000,AP
2026-04-08 13:04:29,1900-01-00 00:00:00,0960-wombat,B8:27:EB:FF:C8:F5,-52, WPA ,0.000000,0.000000,0.000,0.000,AP
2026-04-08 13:04:29,1900-01-00 00:00:00,0960-wombat,B8:27:EB:FF:C8:F5,-52, WPA ,0.000000,0.000000,0.000,0.000,AP
2026-04-08 13:04:29,1900-01-00 00:00:00,0960-wombat,B8:27:EB:FF:C8:F5,-52, WPA ,0.000000,0.000000,0.000,0.000,AP
2026-04-08 13:04:29,1900-01-00 00:00:00,0960-wombat,B8:27:EB:FF:C8:F5,-52, WPA ,0.000000,0.000000,0.000,0.000,AP
2026-04-08 13:04:29,1900-01-00 00:00:00,0960-wombat,B8:27:EB:FF:C8:F5,-52, WPA ,0.000000,0.000000,0.000,0.000,AP
2026-04-08 13:04:29,1900-01-00 00:00:00,0960-wombat,B8:27:EB:FF:C8:F5,-52, WPA ,0.000000,0.000000,0.000,0.000,AP
2026-04-08 13:04:29,1900-01-00 00:00:00,0960-wombat,B8:27:EB:FF:C8:F5,-52, WPA ,0.000000,0.000000,0.000,0.000,AP
2026-04-08 13:04:29,1900-01-00 00:00:00,0960-wombat,B8:27:EB:FF:C8:F5,-53, WPA ,0.000000,0.000000,0.000,0.000,AP
2026-04-08 13:04:29,1900-01-00 00:00:00,0960-wombat,B8:27:EB:FF:C8:F5,-53, WPA ,0.000000,0.000000,0.000,0.000,AP
2026-04-08 13:04:29,1900-01-00 00:00:00,0960-wombat,B8:27:EB:FF:C8:F5,-59, WPA ,0.000000,0.000000,0.000,0.000,AP
2026-04-08 13:04:29,1900-01-00 00:00:00,0960-wombat,B8:27:EB:FF:C8:F5,-58, WPA ,0.000000,0.000000,0.000,0.000,AP
2026-04-08 13:04:29,1900-01-00 00:00:00,0960-wombat,B8:27:EB:FF:C8:F5,-58, WPA ,0.000000,0.000000,0.000,0.000,AP
2026-04-08 13:04:29,1900-01-00 00:00:00,0960-wombat,B8:27:EB:FF:C8:F5,-58, WPA ,0.000000,0.000000,0.000,0.000,AP
2026-04-08 13:04:29,1900-01-00 00:00:00,0960-wombat,B8:27:EB:FF:C8:F5,-58, WPA ,0.000000,0.000000,0.000,0.000,AP
2026-04-08 13:04:29,1900-01-00 00:00:00,0960-wombat,B8:27:EB:FF:C8:F5,-58, WPA ,0.000000,0.000000,0.000,0.000,AP
2026-04-08 13:04:29,1900-01-00 00:00:00,0960-wombat,B8:27:EB:FF:C8:F5,-41, WPA ,0.000000,0.000000,0.000,0.000,AP
2026-04-08 13:04:29,1900-01-00 00:00:00,0960-wombat,B8:27:EB:FF:C8:F5,-41, WPA ,0.000000,0.000000,0.000,0.000,AP
2026-04-08 13:04:29,1900-01-00 00:00:00,0960-wombat,B8:27:EB:FF:C8:F5,-41, WPA ,0.000000,0.000000,0.000,0.000,AP
2026-04-08 13:04:29,1900-01-00 00:00:00,0960-wombat,B8:27:EB:FF:C8:F5,-41, WPA ,0.000000,0.000000,0.000,0.000,AP
2026-04-08 13:04:29,1900-01-00 00:00:00,0960-wombat,B8:27:EB:FF:C8:F5,-41, WPA ,0.000000,0.000000,0.000,0.000,AP
2026-04-08 13:04:29,1900-01-00 00:00:00,0960-wombat,B8:27:EB:FF:C8:F5,-41, WPA ,0.000000,0.000000,0.000,0.000,AP
2026-04-08 13:04:29,1900-01-00 00:00:00,0960-wombat,B8:27:EB:FF:C8:F5,-41, WPA ,0.000000,0.000000,0.000,0.000,AP
2026-04-08 13:04:29,1900-01-00 00:00:00,0960-wombat,B8:27:EB:FF:C8:F5,-41, WPA ,0.000000,0.000000,0.000,0.000,AP
2026-04-08 13:04:29,1900-01-00 00:00:00,0960-wombat,B8:27:EB:FF:C8:F5,-41, WPA ,0.000000,0.000000,0.000,0.000,AP
2026-04-08 13:04:29,1900-01-00 00:00:00,0960-wombat,B8:27:EB:FF:C8:F5,-41, WPA ,0.000000,0.000000,0.000,0.000,AP
2026-04-08 13:04:29,1900-01-00 00:00:00,0960-wombat,B8:27:EB:FF:C8:F5,-41, WPA ,0.000000,0.000000,0.000,0.000,AP
2026-04-08 13:04:29,1900-01-00 00:00:00,0960-wombat,B8:27:EB:FF:C8:F5,-41, WPA ,0.000000,0.000000,0.000,0.000,AP
2026-04-08 13:04:29,1900-01-00 00:00:00,0960-wombat,B8:27:EB:FF:C8:F5,-57, WPA ,0.000000,0.000000,0.000,0.000,AP
2026-04-08 13:04:29,1900-01-00 00:00:00,0960-wombat,B8:27:EB:FF:C8:F5,-57, WPA ,0.000000,0.000000,0.000,0.000,AP
2026-04-08 13:04:29,1900-01-00 00:00:00,0960-wombat,B8:27:EB:FF:C8:F5,-57, WPA ,0.000000,0.000000,0.000,0.000,AP
2026-04-08 13:04:29,1900-01-00 00:00:00,0960-wombat,B8:27:EB:FF:C8:F5,-57, WPA ,0.000000,0.000000,0.000,0.000,AP
2026-04-08 13:04:29,1900-01-00 00:00:00,0960-wombat,B8:27:EB:FF:C8:F5,-57, WPA ,0.000000,0.000000,0.000,0.000,AP
2026-04-08 13:04:29,1900-01-00 00:00:00,0960-wombat,B8:27:EB:FF:C8:F5,-57, WPA ,0.000000,0.000000,0.000,0.000,AP
2026-04-08 13:04:29,1900-01-00 00:00:00,0960-wombat,B8:27:EB:FF:C8:F5,-57, WPA ,0.000000,0.000000,0.000,0.000,AP
2026-04-08 13:04:29,1900-01-00 00:00:00,0960-wombat,B8:27:EB:FF:C8:F5,-57, WPA ,0.000000,0.000000,0.000,0.000,AP
2026-04-08 13:04:29,1900-01-00 00:00:00,0960-wombat,B8:27:EB:FF:C8:F5,-57, WPA ,0.000000,0.000000,0.000,0.000,AP
2026-04-08 13:04:29,1900-01-00 00:00:00,0960-wombat,B8:27:EB:FF:C8:F5,-57, WPA ,0.000000,0.000000,0.000,0.000,AP
2026-04-08 13:04:29,1900-01-00 00:00:00,0960-wombat,B8:27:EB:FF:C8:F5,-57, WPA ,0.000000,0.000000,0.000,0.000,AP
2026-04-08 13:04:29,1900-01-00 00:00:00,0960-wombat,B8:27:EB:FF:C8:F5,-57, WPA ,0.000000,0.000000,0.000,0.000,AP
2026-04-08 13:04:29,1900-01-00 00:00:00,0960-wombat,B8:27:EB:FF:C8:F5,-57, WPA ,0.000000,0.000000,0.000,0.000,AP
2026-04-08 13:04:29,1900-01-00 00:00:00,0960-wombat,B8:27:EB:FF:C8:F5,-55, WPA ,0.000000,0.000000,0.000,0.000,AP
2026-04-08 13:04:29,1900-01-00 00:00:00,0960-wombat,B8:27:EB:FF:C8:F5,-56, WPA ,0.000000,0.000000,0.000,0.000,AP
2026-04-08 13:04:29,1900-01-00 00:00:00,0960-wombat,B8:27:EB:FF:C8:F5,-56, WPA ,0.000000,0.000000,0.000,0.000,AP
2026-04-08 13:04:29,1900-01-00 00:00:00,0960-wombat,B8:27:EB:FF:C8:F5,-52, WPA ,0.000000,0.000000,0.000,0.000,AP
2026-04-08 13:04:29,1900-01-00 00:00:00,0960-wombat,B8:27:EB:FF:C8:F5,-52, WPA ,0.000000,0.000000,0.000,0.000,AP
2026-04-08 13:04:29,1900-01-00 00:00:00,0960-wombat,B8:27:EB:FF:C8:F5,-53, WPA ,0.000000,0.000000,0.000,0.000,AP
2026-04-08 13:04:29,1900-01-00 00:00:00,0960-wombat,B8:27:EB:FF:C8:F5,-56, WPA ,0.000000,0.000000,0.000,0.000,AP
2026-04-08 13:04:29,1900-01-00 00:00:00,0960-wombat,B8:27:EB:FF:C8:F5,-51, WPA ,0.000000,0.000000,0.000,0.000,AP
2026-04-08 13:04:29,1900-01-00 00:00:00,0960-wombat,B8:27:EB:FF:C8:F5,-51, WPA ,0.000000,0.000000,0.000,0.000,AP
2026-04-08 13:04:29,1900-01-00 00:00:00,0960-wombat,B8:27:EB:FF:C8:F5,-51, WPA ,0.000000,0.000000,0.000,0.000,AP
2026-04-08 13:04:29,1900-01-00 00:00:00,0960-wombat,B8:27:EB:FF:C8:F5,-51, WPA ,0.000000,0.000000,0.000,0.000,AP
2026-04-08 13:04:29,1900-01-00 00:00:00,0960-wombat,B8:27:EB:FF:C8:F5,-52, WPA ,0.000000,0.000000,0.000,0.000,AP
2026-04-08 13:04:29,1900-01-00 00:00:00,0960-wombat,B8:27:EB:FF:C8:F5,-52, WPA ,0.000000,0.000000,0.000,0.000,AP
2026-04-08 13:04:29,1900-01-00 00:00:00,0960-wombat,B8:27:EB:FF:C8:F5,-52, WPA ,0.000000,0.000000,0.000,0.000,AP
2026-04-08 13:04:29,1900-01-00 00:00:00,0960-wombat,B8:27:EB:FF:C8:F5,-52, WPA ,0.000000,0.000000,0.000,0.000,AP
2026-04-08 13:04:29,1900-01-00 00:00:00,0960-wombat,B8:27:EB:FF:C8:F5,-52, WPA ,0.000000,0.000000,0.000,0.000,AP
2026-04-08 13:04:29,1900-01-00 00:00:00,0960-wombat,B8:27:EB:FF:C8:F5,-52, WPA ,0.000000,0.000000,0.000,0.000,AP
2026-04-08 13:04:29,1900-01-00 00:00:00,0960-wombat,B8:27:EB:FF:C8:F5,-52, WPA ,0.000000,0.000000,0.000,0.000,AP
2026-04-08 13:04:29,1900-01-00 00:00:00,0960-wombat,B8:27:EB:FF:C8:F5,-53, WPA ,0.000000,0.000000,0.000,0.000,AP
2026-04-08 13:04:29,1900-01-00 00:00:00,0960-wombat,B8:27:EB:FF:C8:F5,-56, WPA ,0.000000,0.000000,0.000,0.000,AP
2026-04-08 13:04:29,1900-01-00 00:00:00,0960-wombat,B8:27:EB:FF:C8:F5,-56, WPA ,0.000000,0.000000,0.000,0.000,AP
2026-04-08 13:04:29,1900-01-00 00:00:00,0960-wombat,B8:27:EB:FF:C8:F5,-56, WPA ,0.000000,0.000000,0.000,0.000,AP
2026-04-08 13:04:29,1900-01-00 00:00:00,0960-wombat,B8:27:EB:FF:C8:F5,-56, WPA ,0.000000,0.000000,0.000,0.000,AP
2026-04-08 13:04:29,1900-01-00 00:00:00,0960-wombat,B8:27:EB:FF:C8:F5,-56, WPA ,0.000000,0.000000,0.000,0.000,AP
2026-04-08 13:04:29,1900-01-00 00:00:00,0960-wombat,B8:27:EB:FF:C8:F5,-56, WPA ,0.000000,0.000000,0.000,0.000,AP
2026-04-08 13:04:29,1900-01-00 00:00:00,0960-wombat,B8:27:EB:FF:C8:F5,-41, WPA ,0.000000,0.000000,0.000,0.000,AP
2026-04-08 13:04:29,1900-01-00 00:00:00,0960-wombat,B8:27:EB:FF:C8:F5,-41, WPA ,0.000000,0.000000,0.000,0.000,AP
2026-04-08 13:04:29,1900-01-00 00:00:00,0960-wombat,B8:27:EB:FF:C8:F5,-41, WPA ,0.000000,0.000000,0.000,0.000,AP
2026-04-08 13:04:29,1900-01-00 00:00:00,0960-wombat,B8:27:EB:FF:C8:F5,-41, WPA ,0.000000,0.000000,0.000,0.000,AP
2026-04-08 13:04:29,1900-01-00 00:00:00,0960-wombat,B8:27:EB:FF:C8:F5,-41, WPA ,0.000000,0.000000,0.000,0.000,AP
2026-04-08 13:04:29,1900-01-00 00:00:00,0960-wombat,B8:27:EB:FF:C8:F5,-41, WPA ,0.000000,0.000000,0.000,0.000,AP
2026-04-08 13:04:29,1900-01-00 00:00:00,0960-wombat,B8:27:EB:FF:C8:F5,-41, WPA ,0.000000,0.000000,0.000,0.000,AP
2026-04-08 13:04:29,1900-01-00 00:00:00,0960-wombat,B8:27:EB:FF:C8:F5,-41, WPA ,0.000000,0.000000,0.000,0.000,AP
2026-04-08 13:04:29,1900-01-00 00:00:00,0960-wombat,B8:27:EB:FF:C8:F5,-41, WPA ,0.000000,0.000000,0.000,0.000,AP
2026-04-08 13:04:29,1900-01-00 00:00:00,0960-wombat,B8:27:EB:FF:C8:F5,-41, WPA ,0.000000,0.000000,0.000,0.000,AP
2026-04-08 13:04:29,1900-01-00 00:00:00,0960-wombat,B8:27:EB:FF:C8:F5,-53, WPA ,0.000000,0.000000,0.000,0.000,AP
2026-04-08 13:04:29,1900-01-00 00:00:00,0960-wombat,B8:27:EB:FF:C8:F5,-53, WPA ,0.000000,0.000000,0.000,0.000,AP
2026-04-08 13:04:29,1900-01-00 00:00:00,0960-wombat,B8:27:EB:FF:C8:F5,-53, WPA ,0.000000,0.000000,0.000,0.000,AP
2026-04-08 13:04:29,1900-01-00 00:00:00,0960-wombat,B8:27:EB:FF:C8:F5,-53, WPA ,0.000000,0.000000,0.000,0.000,AP
2026-04-08 13:04:29,1900-01-00 00:00:00,0960-wombat,B8:27:EB:FF:C8:F5,-56, WPA ,0.000000,0.000000,0.000,0.000,AP
2026-04-08 13:04:29,1900-01-00 00:00:00,0960-wombat,B8:27:EB:FF:C8:F5,-53, WPA ,0.000000,0.000000,0.000,0.000,AP
2026-04-08 13:04:29,1900-01-00 00:00:00,0960-wombat,B8:27:EB:FF:C8:F5,-53, WPA ,0.000000,0.000000,0.000,0.000,AP
2026-04-08 13:04:29,1900-01-00 00:00:00,0960-wombat,B8:27:EB:FF:C8:F5,-53, WPA ,0.000000,0.000000,0.000,0.000,AP
2026-04-08 13:04:29,1900-01-00 00:00:00,0960-wombat,B8:27:EB:FF:C8:F5,-53, WPA ,0.000000,0.000000,0.000,0.000,AP
2026-04-08 13:04:29,1900-01-00 00:00:00,0960-wombat,B8:27:EB:FF:C8:F5,-51, WPA ,0.000000,0.000000,0.000,0.000,AP
2026-04-08 13:04:29,1900-01-00 00:00:00,0960-wombat,B8:27:EB:FF:C8:F5,-51, WPA ,0.000000,0.000000,0.000,0.000,AP
2026-04-08 13:04:29,1900-01-00 00:00:00,0960-wombat,B8:27:EB:FF:C8:F5,-53, WPA ,0.000000,0.000000,0.000,0.000,AP
2026-04-08 13:04:29,1900-01-00 00:00:00,0960-wombat,B8:27:EB:FF:C8:F5,-59, WPA ,0.000000,0.000000,0.000,0.000,AP
2026-04-08 13:04:29,1900-01-00 00:00:00,0960-wombat,B8:27:EB:FF:C8:F5,-58, WPA ,0.000000,0.000000,0.000,0.000,AP
2026-04-08 13:04:29,1900-01-00 00:00:00,0960-wombat,B8:27:EB:FF:C8:F5,-52, WPA ,0.000000,0.000000,0.000,0.000,AP
2026-04-08 13:04:29,1900-01-00 00:00:00,0960-wombat,B8:27:EB:FF:C8:F5,-52, WPA ,0.000000,0.000000,0.000,0.000,AP
2026-04-08 13:04:29,1900-01-00 00:00:00,0960-wombat,B8:27:EB:FF:C8:F5,-58, WPA ,0.000000,0.000000,0.000,0.000,AP
2026-04-08 13:04:29,1900-01-00 00:00:00,0960-wombat,B8:27:EB:FF:C8:F5,-53, WPA ,0.000000,0.000000,0.000,0.000,AP
2026-04-08 13:04:29,1900-01-00 00:00:00,0960-wombat,B8:27:EB:FF:C8:F5,-53, WPA ,0.000000,0.000000,0.000,0.000,AP
2026-04-08 13:04:29,1900-01-00 00:00:00,0960-wombat,B8:27:EB:FF:C8:F5,-58, WPA ,0.000000,0.000000,0.000,0.000,AP
2026-04-08 13:04:29,1900-01-00 00:00:00,0960-wombat,B8:27:EB:FF:C8:F5,-58, WPA ,0.000000,0.000000,0.000,0.000,AP
2026-04-08 13:04:29,1900-01-00 00:00:00,0960-wombat,B8:27:EB:FF:C8:F5,-59, WPA ,0.000000,0.000000,0.000,0.000,AP
2026-04-08 13:04:29,1900-01-00 00:00:00,0960-wombat,B8:27:EB:FF:C8:F5,-59, WPA ,0.000000,0.000000,0.000,0.000,AP
2026-04-08 13:04:29,1900-01-00 00:00:00,0960-wombat,B8:27:EB:FF:C8:F5,-59, WPA ,0.000000,0.000000,0.000,0.000,AP
2026-04-08 13:04:29,1900-01-00 00:00:00,0960-wombat,B8:27:EB:FF:C8:F5,-59, WPA ,0.000000,0.000000,0.000,0.000,AP
2026-04-08 13:04:29,1900-01-00 00:00:00,0960-wombat,B8:27:EB:FF:C8:F5,-59, WPA ,0.000000,0.000000,0.000,0.000,AP
2026-04-08 13:04:29,1900-01-00 00:00:00,0960-wombat,B8:27:EB:FF:C8:F5,-59, WPA ,0.000000,0.000000,0.000,0.000,AP
2026-04-08 13:04:29,1900-01-00 00:00:00,0960-wombat,B8:27:EB:FF:C8:F5,-59, WPA ,0.000000,0.000000,0.000,0.000,AP
2026-04-08 13:04:29,1900-01-00 00:00:00,0960-wombat,B8:27:EB:FF:C8:F5,-59, WPA ,0.000000,0.000000,0.000,0.000,AP
2026-04-08 13:04:29,1900-01-00 00:00:00,0960-wombat,B8:27:EB:FF:C8:F5,-53, WPA ,0.000000,0.000000,0.000,0.000,AP
2026-04-08 13:04:29,1900-01-00 00:00:00,0960-wombat,B8:27:EB:FF:C8:F5,-52, WPA ,0.000000,0.000000,0.000,0.000,AP
2026-04-08 13:04:29,1900-01-00 00:00:00,0960-wombat,B8:27:EB:FF:C8:F5,-53, WPA ,0.000000,0.000000,0.000,0.000,AP
2026-04-08 13:04:29,1900-01-00 00:00:00,0960-wombat,B8:27:EB:FF:C8:F5,-53, WPA ,0.000000,0.000000,0.000,0.000,AP
2026-04-08 13:04:29,1900-01-00 00:00:00,0960-wombat,B8:27:EB:FF:C8:F5,-53, WPA ,0.000000,0.000000,0.000,0.000,AP
2026-04-08 13:04:29,1900-01-00 00:00:00,0960-wombat,B8:27:EB:FF:C8:F5,-53, WPA ,0.000000,0.000000,0.000,0.000,AP
2026-04-08 13:04:29,1900-01-00 00:00:00,0960-wombat,B8:27:EB:FF:C8:F5,-53, WPA ,0.000000,0.000000,0.000,0.000,AP
2026-04-08 13:04:29,1900-01-00 00:00:00,0960-wombat,B8:27:EB:FF:C8:F5,-53, WPA ,0.000000,0.000000,0.000,0.000,AP
2026-04-08 13:04:29,1900-01-00 00:00:00,0960-wombat,B8:27:EB:FF:C8:F5,-53, WPA ,0.000000,0.000000,0.000,0.000,AP
2026-04-08 13:04:29,1900-01-00 00:00:00,0960-wombat,B8:27:EB:FF:C8:F5,-53, WPA ,0.000000,0.000000,0.000,0.000,AP
2026-04-08 13:04:29,1900-01-00 00:00:00,0960-wombat,B8:27:EB:FF:C8:F5,-54, WPA ,0.000000,0.000000,0.000,0.000,AP
2026-04-08 13:04:29,1900-01-00 00:00:00,0960-wombat,B8:27:EB:FF:C8:F5,-53, WPA ,0.000000,0.000000,0.000,0.000,AP
2026-04-08 13:04:29,1900-01-00 00:00:00,0960-wombat,B8:27:EB:FF:C8:F5,-54, WPA ,0.000000,0.000000,0.000,0.000,AP
2026-04-08 13:04:29,1900-01-00 00:00:00,0960-wombat,B8:27:EB:FF:C8:F5,-54, WPA ,0.000000,0.000000,0.000,0.000,AP
2026-04-08 13:04:29,1900-01-00 00:00:00,0960-wombat,B8:27:EB:FF:C8:F5,-54, WPA ,0.000000,0.000000,0.000,0.000,AP
2026-04-08 13:04:29,1900-01-00 00:00:00,0960-wombat,B8:27:EB:FF:C8:F5,-54, WPA ,0.000000,0.000000,0.000,0.000,AP
2026-04-08 13:04:29,1900-01-00 00:00:00,0960-wombat,B8:27:EB:FF:C8:F5,-54, WPA ,0.000000,0.000000,0.000,0.000,AP
2026-04-08 13:04:29,1900-01-00 00:00:00,0960-wombat,B8:27:EB:FF:C8:F5,-54, WPA ,0.000000,0.000000,0.000,0.000,AP
2026-04-08 13:04:29,1900-01-00 00:00:00,0960-wombat,B8:27:EB:FF:C8:F5,-54, WPA ,0.000000,0.000000,0.000,0.000,AP
2026-04-08 13:04:29,1900-01-00 00:00:00,0960-wombat,B8:27:EB:FF:C8:F5,-54, WPA ,0.000000,0.000000,0.000,0.000,AP
2026-04-08 13:04:29,1900-01-00 00:00:00,0960-wombat,B8:27:EB:FF:C8:F5,-54, WPA ,0.000000,0.000000,0.000,0.000,AP
2026-04-08 13:04:29,1900-01-00 00:00:00,0960-wombat,B8:27:EB:FF:C8:F5,-54, WPA ,0.000000,0.000000,0.000,0.000,AP
2026-04-08 13:04:29,1900-01-00 00:00:00,0960-wombat,B8:27:EB:FF:C8:F5,-54, WPA ,0.000000,0.000000,0.000,0.000,AP
2026-04-08 13:04:29,1900-01-00 00:00:00,0960-wombat,B8:27:EB:FF:C8:F5,-54, WPA ,0.000000,0.000000,0.000,0.000,AP
2026-04-08 13:04:29,1900-01-00 00:00:00,0960-wombat,B8:27:EB:FF:C8:F5,-54, WPA ,0.000000,0.000000,0.000,0.000,AP
2026-04-08 13:04:29,1900-01-00 00:00:00,0960-wombat,B8:27:EB:FF:C8:F5,-51, WPA ,0.000000,0.000000,0.000,0.000,AP
2026-04-08 13:04:29,1900-01-00 00:00:00,0960-wombat,B8:27:EB:FF:C8:F5,-51, WPA ,0.000000,0.000000,0.000,0.000,AP
2026-04-08 13:04:29,1900-01-00 00:00:00,0960-wombat,B8:27:EB:FF:C8:F5,-51, WPA ,0.000000,0.000000,0.000,0.000,AP
2026-04-08 13:04:29,1900-01-00 00:00:00,0960-wombat,B8:27:EB:FF:C8:F5,-51, WPA ,0.000000,0.000000,0.000,0.000,AP
2026-04-08 13:04:29,1900-01-00 00:00:00,0960-wombat,B8:27:EB:FF:C8:F5,-51, WPA ,0.000000,0.000000,0.000,0.000,AP
2026-04-08 13:04:29,1900-01-00 00:00:00,0960-wombat,B8:27:EB:FF:C8:F5,-51, WPA ,0.000000,0.000000,0.000,0.000,AP
2026-04-08 13:04:29,1900-01-00 00:00:00,0960-wombat,B8:27:EB:FF:C8:F5,-51, WPA ,0.000000,0.000000,0.000,0.000,AP
2026-04-08 13:04:29,1900-01-00 00:00:00,0960-wombat,B8:27:EB:FF:C8:F5,-51, WPA ,0.000000,0.000000,0.000,0.000,AP
2026-04-08 13:04:29,1900-01-00 00:00:00,0960-wombat,B8:27:EB:FF:C8:F5,-51, WPA ,0.000000,0.000000,0.000,0.000,AP
2026-04-08 13:04:29,1900-01-00 00:00:00,0960-wombat,B8:27:EB:FF:C8:F5,-51, WPA ,0.000000,0.000000,0.000,0.000,AP
2026-04-08 13:04:29,1900-01-00 00:00:00,0960-wombat,B8:27:EB:FF:C8:F5,-53, WPA ,0.000000,0.000000,0.000,0.000,AP
2026-04-08 13:04:29,1900-01-00 00:00:00,0960-wombat,B8:27:EB:FF:C8:F5,-53, WPA ,0.000000,0.000000,0.000,0.000,AP
2026-04-08 13:04:29,1900-01-00 00:00:00,0960-wombat,B8:27:EB:FF:C8:F5,-58, WPA ,0.000000,0.000000,0.000,0.000,AP
2026-04-08 13:04:29,1900-01-00 00:00:00,0960-wombat,B8:27:EB:FF:C8:F5,-58, WPA ,0.000000,0.000000,0.000,0.000,AP
2026-04-08 13:04:29,1900-01-00 00:00:00,0960-wombat,B8:27:EB:FF:C8:F5,-58, WPA ,0.000000,0.000000,0.000,0.000,AP
2026-04-08 13:04:29,1900-01-00 00:00:00,0960-wombat,B8:27:EB:FF:C8:F5,-58, WPA ,0.000000,0.000000,0.000,0.000,AP
2026-04-08 13:04:29,1900-01-00 00:00:00,0960-wombat,B8:27:EB:FF:C8:F5,-58, WPA ,0.000000,0.000000,0.000,0.000,AP
2026-04-08 13:04:29,1900-01-00 00:00:00,0960-wombat,B8:27:EB:FF:C8:F5,-58, WPA ,0.000000,0.000000,0.000,0.000,AP
2026-04-08 13:04:29,1900-01-00 00:00:00,0960-wombat,B8:27:EB:FF:C8:F5,-38, WPA ,0.000000,0.000000,0.000,0.000,AP
2026-04-08 13:04:29,1900-01-00 00:00:00,0960-wombat,B8:27:EB:FF:C8:F5,-50, WPA ,0.000000,0.000000,0.000,0.000,AP
2026-04-08 13:04:29,1900-01-00 00:00:00,0960-wombat,B8:27:EB:FF:C8:F5,-50, WPA ,0.000000,0.000000,0.000,0.000,AP
2026-04-08 13:04:29,1900-01-00 00:00:00,0960-wombat,B8:27:EB:FF:C8:F5,-50, WPA ,0.000000,0.000000,0.000,0.000,AP
2026-04-08 13:04:29,1900-01-00 00:00:00,0960-wombat,B8:27:EB:FF:C8:F5,-50, WPA ,0.000000,0.000000,0.000,0.000,AP
2026-04-08 13:04:29,1900-01-00 00:00:00,0960-wombat,B8:27:EB:FF:C8:F5,-50, WPA ,0.000000,0.000000,0.000,0.000,AP
2026-04-08 13:04:29,1900-01-00 00:00:00,0960-wombat,B8:27:EB:FF:C8:F5,-50, WPA ,0.000000,0.000000,0.000,0.000,AP
2026-04-08 13:04:29,1900-01-00 00:00:00,0960-wombat,B8:27:EB:FF:C8:F5,-50, WPA ,0.000000,0.000000,0.000,0.000,AP
2026-04-08 13:04:29,1900-01-00 00:00:00,0960-wombat,B8:27:EB:FF:C8:F5,-50, WPA ,0.000000,0.000000,0.000,0.000,AP
2026-04-08 13:04:29,1900-01-00 00:00:00,0960-wombat,B8:27:EB:FF:C8:F5,-50, WPA ,0.000000,0.000000,0.000,0.000,AP
2026-04-08 13:04:29,1900-01-00 00:00:00,0960-wombat,B8:27:EB:FF:C8:F5,-51, WPA ,0.000000,0.000000,0.000,0.000,AP
2026-04-08 13:04:29,1900-01-00 00:00:00,0960-wombat,B8:27:EB:FF:C8:F5,-51, WPA ,0.000000,0.000000,0.000,0.000,AP
2026-04-08 13:04:29,1900-01-00 00:00:00,0960-wombat,B8:27:EB:FF:C8:F5,-55, WPA ,0.000000,0.000000,0.000,0.000,AP
2026-04-08 13:04:29,1900-01-00 00:00:00,0960-wombat,B8:27:EB:FF:C8:F5,-55, WPA ,0.000000,0.000000,0.000,0.000,AP
2026-04-08 13:04:29,1900-01-00 00:00:00,0960-wombat,B8:27:EB:FF:C8:F5,-55, WPA ,0.000000,0.000000,0.000,0.000,AP
2026-04-08 13:04:29,1900-01-00 00:00:00,0960-wombat,B8:27:EB:FF:C8:F5,-55, WPA ,0.000000,0.000000,0.000,0.000,AP
2026-04-08 13:04:29,1900-01-00 00:00:00,0960-wombat,B8:27:EB:FF:C8:F5,-55, WPA ,0.000000,0.000000,0.000,0.000,AP
2026-04-08 13:04:29,1900-01-00 00:00:00,0960-wombat,B8:27:EB:FF:C8:F5,-55, WPA ,0.000000,0.000000,0.000,0.000,AP
2026-04-08 13:04:29,1900-01-00 00:00:00,0960-wombat,B8:27:EB:FF:C8:F5,-55, WPA ,0.000000,0.000000,0.000,0.000,AP
2026-04-08 13:04:29,1900-01-00 00:00:00,0960-wombat,B8:27:EB:FF:C8:F5,-55, WPA ,0.000000,0.000000,0.000,0.000,AP
2026-04-08 13:04:29,1900-01-00 00:00:00,0960-wombat,B8:27:EB:FF:C8:F5,-55, WPA ,0.000000,0.000000,0.000,0.000,AP
2026-04-08 13:04:29,1900-01-00 00:00:00,0960-wombat,B8:27:EB:FF:C8:F5,-55, WPA ,0.000000,0.000000,0.000,0.000,AP
2026-04-08 13:04:29,1900-01-00 00:00:00,0960-wombat,B8:27:EB:FF:C8:F5,-55, WPA ,0.000000,0.000000,0.000,0.000,AP
2026-04-08 13:04:29,1900-01-00 00:00:00,0960-wombat,B8:27:EB:FF:C8:F5,-55, WPA ,0.000000,0.000000,0.000,0.000,AP
2026-04-08 13:04:29,1900-01-00 00:00:00,0960-wombat,B8:27:EB:FF:C8:F5,-55, WPA ,0.000000,0.000000,0.000,0.000,AP
2026-04-08 13:04:29,1900-01-00 00:00:00,0960-wombat,B8:27:EB:FF:C8:F5,-55, WPA ,0.000000,0.000000,0.000,0.000,AP
2026-04-08 13:04:29,1900-01-00 00:00:00,0960-wombat,B8:27:EB:FF:C8:F5,-55, WPA ,0.000000,0.000000,0.000,0.000,AP
2026-04-08 13:04:29,1900-01-00 00:00:00,0960-wombat,B8:27:EB:FF:C8:F5,-55, WPA ,0.000000,0.000000,0.000,0.000,AP
2026-04-08 13:04:29,1900-01-00 00:00:00,0960-wombat,B8:27:EB:FF:C8:F5,-55, WPA ,0.000000,0.000000,0.000,0.000,AP
2026-04-08 13:04:29,1900-01-00 00:00:00,0960-wombat,B8:27:EB:FF:C8:F5,-55, WPA ,0.000000,0.000000,0.000,0.000,AP
2026-04-08 13:04:29,1900-01-00 00:00:00,0960-wombat,B8:27:EB:FF:C8:F5,-55, WPA ,0.000000,0.000000,0.000,0.000,AP
2026-04-08 13:04:29,1900-01-00 00:00:00,0960-wombat,B8:27:EB:FF:C8:F5,-55, WPA ,0.000000,0.000000,0.000,0.000,AP
2026-04-08 13:04:29,1900-01-00 00:00:00,0960-wombat,B8:27:EB:FF:C8:F5,-51, WPA ,0.000000,0.000000,0.000,0.000,AP
2026-04-08 13:04:29,1900-01-00 00:00:00,0960-wombat,B8:27:EB:FF:C8:F5,-51, WPA ,0.000000,0.000000,0.000,0.000,AP
2026-04-08 13:04:29,1900-01-00 00:00:00,0960-wombat,B8:27:EB:FF:C8:F5,-51, WPA ,0.000000,0.000000,0.000,0.000,AP
2026-04-08 13:04:29,1900-01-00 00:00:00,0960-wombat,B8:27:EB:FF:C8:F5,-51, WPA ,0.000000,0.000000,0.000,0.000,AP
2026-04-08 13:04:29,1900-01-00 00:00:00,0960-wombat,B8:27:EB:FF:C8:F5,-51, WPA ,0.000000,0.000000,0.000,0.000,AP
2026-04-08 13:04:29,1900-01-00 00:00:00,0960-wombat,B8:27:EB:FF:C8:F5,-51, WPA ,0.000000,0.000000,0.000,0.000,AP
2026-04-08 13:04:29,1900-01-00 00:00:00,0960-wombat,B8:27:EB:FF:C8:F5,-51, WPA ,0.000000,0.000000,0.000,0.000,AP
2026-04-08 13:04:29,1900-01-00 00:00:00,0960-wombat,B8:27:EB:FF:C8:F5,-51, WPA ,0.000000,0.000000,0.000,0.000,AP
2026-04-08 13:04:29,1900-01-00 00:00:00,0960-wombat,B8:27:EB:FF:C8:F5,-51, WPA ,0.000000,0.000000,0.000,0.000,AP
2026-04-08 13:04:29,1900-01-00 00:00:00,0960-wombat,B8:27:EB:FF:C8:F5,-51, WPA ,0.000000,0.000000,0.000,0.000,AP
2026-04-08 13:04:29,1900-01-00 00:00:00,0960-wombat,B8:27:EB:FF:C8:F5,-53, WPA ,0.000000,0.000000,0.000,0.000,AP
2026-04-08 13:04:29,1900-01-00 00:00:00,0960-wombat,B8:27:EB:FF:C8:F5,-53, WPA ,0.000000,0.000000,0.000,0.000,AP
2026-04-08 13:04:29,1900-01-00 00:00:00,0960-wombat,B8:27:EB:FF:C8:F5,-59, WPA ,0.000000,0.000000,0.000,0.000,AP
2026-04-08 13:04:29,1900-01-00 00:00:00,0960-wombat,B8:27:EB:FF:C8:F5,-59, WPA ,0.000000,0.000000,0.000,0.000,AP
2026-04-08 13:04:29,1900-01-00 00:00:00,0960-wombat,B8:27:EB:FF:C8:F5,-59, WPA ,0.000000,0.000000,0.000,0.000,AP
2026-04-08 13:04:29,1900-01-00 00:00:00,0960-wombat,B8:27:EB:FF:C8:F5,-59, WPA ,0.000000,0.000000,0.000,0.000,AP
2026-04-08 13:04:29,1900-01-00 00:00:00,0960-wombat,B8:27:EB:FF:C8:F5,-59, WPA ,0.000000,0.000000,0.000,0.000,AP
2026-04-08 13:04:29,1900-01-00 00:00:00,0960-wombat,B8:27:EB:FF:C8:F5,-59, WPA ,0.000000,0.000000,0.000,0.000,AP
2026-04-08 13:04:29,1900-01-00 00:00:00,0960-wombat,B8:27:EB:FF:C8:F5,-59, WPA ,0.000000,0.000000,0.000,0.000,AP
2026-04-08 13:04:29,1900-01-00 00:00:00,0960-wombat,B8:27:EB:FF:C8:F5,-38, WPA ,0.000000,0.000000,0.000,0.000,AP
2026-04-08 13:04:29,1900-01-00 00:00:00,0960-wombat,B8:27:EB:FF:C8:F5,-38, WPA ,0.000000,0.000000,0.000,0.000,AP
2026-04-08 13:04:29,1900-01-00 00:00:00,0960-wombat,B8:27:EB:FF:C8:F5,-38, WPA ,0.000000,0.000000,0.000,0.000,AP
2026-04-08 13:04:29,1900-01-00 00:00:00,0960-wombat,B8:27:EB:FF:C8:F5,-38, WPA ,0.000000,0.000000,0.000,0.000,AP
2026-04-08 13:04:29,1900-01-00 00:00:00,0960-wombat,B8:27:EB:FF:C8:F5,-38, WPA ,0.000000,0.000000,0.000,0.000,AP
2026-04-08 13:04:29,1900-01-00 00:00:00,0960-wombat,B8:27:EB:FF:C8:F5,-38, WPA ,0.000000,0.000000,0.000,0.000,AP
2026-04-08 13:04:29,1900-01-00 00:00:00,0960-wombat,B8:27:EB:FF:C8:F5,-38, WPA ,0.000000,0.000000,0.000,0.000,AP
2026-04-08 13:04:29,1900-01-00 00:00:00,0960-wombat,B8:27:EB:FF:C8:F5,-38, WPA ,0.000000,0.000000,0.000,0.000,AP
2026-04-08 13:04:29,1900-01-00 00:00:00,0960-wombat,B8:27:EB:FF:C8:F5,-38, WPA ,0.000000,0.000000,0.000,0.000,AP
2026-04-08 13:04:29,1900-01-00 00:00:00,0960-wombat,B8:27:EB:FF:C8:F5,-50, WPA ,0.000000,0.000000,0.000,0.000,AP
2026-04-08 13:04:29,1900-01-00 00:00:00,0960-wombat,B8:27:EB:FF:C8:F5,-51, WPA ,0.000000,0.000000,0.000,0.000,AP
2026-04-08 13:04:29,1900-01-00 00:00:00,0960-wombat,B8:27:EB:FF:C8:F5,-55, WPA ,0.000000,0.000000,0.000,0.000,AP
2026-04-08 13:04:29,1900-01-00 00:00:00,0960-wombat,B8:27:EB:FF:C8:F5,-59, WPA ,0.000000,0.000000,0.000,0.000,AP
2026-04-08 13:04:29,1900-01-00 00:00:00,0960-wombat,B8:27:EB:FF:C8:F5,-59, WPA ,0.000000,0.000000,0.000,0.000,AP
2026-04-08 13:04:29,1900-01-00 00:00:00,0960-wombat,B8:27:EB:FF:C8:F5,-59, WPA ,0.000000,0.000000,0.000,0.000,AP
2026-04-08 13:04:29,1900-01-00 00:00:00,0960-wombat,B8:27:EB:FF:C8:F5,-59, WPA ,0.000000,0.000000,0.000,0.000,AP
2026-04-08 13:04:29,1900-01-00 00:00:00,0960-wombat,B8:27:EB:FF:C8:F5,-59, WPA ,0.000000,0.000000,0.000,0.000,AP
2026-04-08 13:04:29,1900-01-00 00:00:00,0960-wombat,B8:27:EB:FF:C8:F5,-59, WPA ,0.000000,0.000000,0.000,0.000,AP
2026-04-08 13:04:29,1900-01-00 00:00:00,0960-wombat,B8:27:EB:FF:C8:F5,-59, WPA ,0.000000,0.000000,0.000,0.000,AP
2026-04-08 13:04:29,1900-01-00 00:00:00,0960-wombat,B8:27:EB:FF:C8:F5,-59, WPA ,0.000000,0.000000,0.000,0.000,AP
2026-04-08 13:04:29,1900-01-00 00:00:00,0960-wombat,B8:27:EB:FF:C8:F5,-59, WPA ,0.000000,0.000000,0.000,0.000,AP
2026-04-08 13:04:29,1900-01-00 00:00:00,0960-wombat,B8:27:EB:FF:C8:F5,-59, WPA ,0.000000,0.000000,0.000,0.000,AP
2026-04-08 13:04:29,1900-01-00 00:00:00,0960-wombat,B8:27:EB:FF:C8:F5,-59, WPA ,0.000000,0.000000,0.000,0.000,AP
2026-04-08 13:04:29,1900-01-00 00:00:00,0960-wombat,B8:27:EB:FF:C8:F5,-59, WPA ,0.000000,0.000000,0.000,0.000,AP
2026-04-08 13:04:29,1900-01-00 00:00:00,0960-wombat,B8:27:EB:FF:C8:F5,-59, WPA ,0.000000,0.000000,0.000,0.000,AP
2026-04-08 13:04:29,1900-01-00 00:00:00,0960-wombat,B8:27:EB:FF:C8:F5,-59, WPA ,0.000000,0.000000,0.000,0.000,AP
2026-04-08 13:04:29,1900-01-00 00:00:00,0960-wombat,B8:27:EB:FF:C8:F5,-59, WPA ,0.000000,0.000000,0.000,0.000,AP
2026-04-08 13:04:29,1900-01-00 00:00:00,0960-wombat,B8:27:EB:FF:C8:F5,-59, WPA ,0.000000,0.000000,0.000,0.000,AP
2026-04-08 13:04:29,1900-01-00 00:00:00,0960-wombat,B8:27:EB:FF:C8:F5,-59, WPA ,0.000000,0.000000,0.000,0.000,AP
2026-04-08 13:04:29,1900-01-00 00:00:00,0960-wombat,B8:27:EB:FF:C8:F5,-59, WPA ,0.000000,0.000000,0.000,0.000,AP
2026-04-08 13:04:29,1900-01-00 00:00:00,0960-wombat,B8:27:EB:FF:C8:F5,-59, WPA ,0.000000,0.000000,0.000,0.000,AP
2026-04-08 13:04:29,1900-01-00 00:00:00,0960-wombat,B8:27:EB:FF:C8:F5,-51, WPA ,0.000000,0.000000,0.000,0.000,AP
2026-04-08 13:04:29,1900-01-00 00:00:00,0960-wombat,B8:27:EB:FF:C8:F5,-51, WPA ,0.000000,0.000000,0.000,0.000,AP
2026-04-08 13:04:29,1900-01-00 00:00:00,0960-wombat,B8:27:EB:FF:C8:F5,-51, WPA ,0.000000,0.000000,0.000,0.000,AP
2026-04-08 13:04:29,1900-01-00 00:00:00,0960-wombat,B8:27:EB:FF:C8:F5,-51, WPA ,0.000000,0.000000,0.000,0.000,AP
2026-04-08 13:04:29,1900-01-00 00:00:00,0960-wombat,B8:27:EB:FF:C8:F5,-51, WPA ,0.000000,0.000000,0.000,0.000,AP
2026-04-08 13:04:29,1900-01-00 00:00:00,0960-wombat,B8:27:EB:FF:C8:F5,-51, WPA ,0.000000,0.000000,0.000,0.000,AP
2026-04-08 13:04:29,1900-01-00 00:00:00,0960-wombat,B8:27:EB:FF:C8:F5,-51, WPA ,0.000000,0.000000,0.000,0.000,AP
2026-04-08 13:04:29,1900-01-00 00:00:00,0960-wombat,B8:27:EB:FF:C8:F5,-51, WPA ,0.000000,0.000000,0.000,0.000,AP
2026-04-08 13:04:29,1900-01-00 00:00:00,0960-wombat,B8:27:EB:FF:C8:F5,-51, WPA ,0.000000,0.000000,0.000,0.000,AP
2026-04-08 13:04:29,1900-01-00 00:00:00,0960-wombat,B8:27:EB:FF:C8:F5,-51, WPA ,0.000000,0.000000,0.000,0.000,AP
2026-04-08 13:04:29,1900-01-00 00:00:00,0960-wombat,B8:27:EB:FF:C8:F5,-52, WPA ,0.000000,0.000000,0.000,0.000,AP
2026-04-08 13:04:29,1900-01-00 00:00:00,0960-wombat,B8:27:EB:FF:C8:F5,-52, WPA ,0.000000,0.000000,0.000,0.000,AP
2026-04-08 13:04:29,1900-01-00 00:00:00,0960-wombat,B8:27:EB:FF:C8:F5,-52, WPA ,0.000000,0.000000,0.000,0.000,AP
2026-04-08 13:04:29,1900-01-00 00:00:00,0960-wombat,B8:27:EB:FF:C8:F5,-52, WPA ,0.000000,0.000000,0.000,0.000,AP
2026-04-08 13:04:29,1900-01-00 00:00:00,0960-wombat,B8:27:EB:FF:C8:F5,-52, WPA ,0.000000,0.000000,0.000,0.000,AP
2026-04-08 13:04:29,1900-01-00 00:00:00,0960-wombat,B8:27:EB:FF:C8:F5,-52, WPA ,0.000000,0.000000,0.000,0.000,AP
2026-04-08 13:04:29,1900-01-00 00:00:00,0960-wombat,B8:27:EB:FF:C8:F5,-52, WPA ,0.000000,0.000000,0.000,0.000,AP
2026-04-08 13:04:29,1900-01-00 00:00:00,0960-wombat,B8:27:EB:FF:C8:F5,-52, WPA ,0.000000,0.000000,0.000,0.000,AP
2026-04-08 13:04:29,1900-01-00 00:00:00,0960-wombat,B8:27:EB:FF:C8:F5,-52, WPA ,0.000000,0.000000,0.000,0.000,AP
2026-04-08 13:04:30,1900-01-00 00:00:00,0960-wombat,B8:27:EB:FF:C8:F5,-51, WPA ,0.000000,0.000000,0.000,0.000,AP
2026-04-08 13:04:30,1900-01-00 00:00:00,0960-wombat,B8:27:EB:FF:C8:F5,-51, WPA ,0.000000,0.000000,0.000,0.000,AP
2026-04-08 13:04:30,1900-01-00 00:00:00,0960-wombat,B8:27:EB:FF:C8:F5,-51, WPA ,0.000000,0.000000,0.000,0.000,AP
2026-04-08 13:04:30,1900-01-00 00:00:00,0960-wombat,B8:27:EB:FF:C8:F5,-51, WPA ,0.000000,0.000000,0.000,0.000,AP
2026-04-08 13:04:30,1900-01-00 00:00:00,0960-wombat,B8:27:EB:FF:C8:F5,-59, WPA ,0.000000,0.000000,0.000,0.000,AP
2026-04-08 13:04:30,1900-01-00 00:00:00,0960-wombat,B8:27:EB:FF:C8:F5,-59, WPA ,0.000000,0.000000,0.000,0.000,AP
2026-04-08 13:04:30,1900-01-00 00:00:00,0960-wombat,B8:27:EB:FF:C8:F5,-53, WPA ,0.000000,0.000000,0.000,0.000,AP
2026-04-08 13:04:30,1900-01-00 00:00:00,0960-wombat,B8:27:EB:FF:C8:F5,-53, WPA ,0.000000,0.000000,0.000,0.000,AP
2026-04-08 13:04:30,1900-01-00 00:00:00,0960-wombat,B8:27:EB:FF:C8:F5,-58, WPA ,0.000000,0.000000,0.000,0.000,AP
2026-04-08 13:04:30,1900-01-00 00:00:00,0960-wombat,B8:27:EB:FF:C8:F5,-58, WPA ,0.000000,0.000000,0.000,0.000,AP
2026-04-08 13:04:30,1900-01-00 00:00:00,0960-wombat,B8:27:EB:FF:C8:F5,-58, WPA ,0.000000,0.000000,0.000,0.000,AP
2026-04-08 13:04:30,1900-01-00 00:00:00,0960-wombat,B8:27:EB:FF:C8:F5,-59, WPA ,0.000000,0.000000,0.000,0.000,AP
2026-04-08 13:04:30,1900-01-00 00:00:00,0960-wombat,B8:27:EB:FF:C8:F5,-59, WPA ,0.000000,0.000000,0.000,0.000,AP
2026-04-08 13:04:30,1900-01-00 00:00:00,0960-wombat,B8:27:EB:FF:C8:F5,-59, WPA ,0.000000,0.000000,0.000,0.000,AP
2026-04-08 13:04:30,1900-01-00 00:00:00,0960-wombat,B8:27:EB:FF:C8:F5,-40, WPA ,0.000000,0.000000,0.000,0.000,AP
2026-04-08 13:04:30,1900-01-00 00:00:00,0960-wombat,B8:27:EB:FF:C8:F5,-40, WPA ,0.000000,0.000000,0.000,0.000,AP
2026-04-08 13:04:30,1900-01-00 00:00:00,0960-wombat,B8:27:EB:FF:C8:F5,-40, WPA ,0.000000,0.000000,0.000,0.000,AP
2026-04-08 13:04:30,1900-01-00 00:00:00,0960-wombat,B8:27:EB:FF:C8:F5,-40, WPA ,0.000000,0.000000,0.000,0.000,AP
2026-04-08 13:04:30,1900-01-00 00:00:00,0960-wombat,B8:27:EB:FF:C8:F5,-57, WPA ,0.000000,0.000000,0.000,0.000,AP
2026-04-08 13:04:30,1900-01-00 00:00:00,0960-wombat,B8:27:EB:FF:C8:F5,-57, WPA ,0.000000,0.000000,0.000,0.000,AP
2026-04-08 13:04:30,1900-01-00 00:00:00,0960-wombat,B8:27:EB:FF:C8:F5,-57, WPA ,0.000000,0.000000,0.000,0.000,AP
2026-04-08 13:04:30,1900-01-00 00:00:00,0960-wombat,B8:27:EB:FF:C8:F5,-57, WPA ,0.000000,0.000000,0.000,0.000,AP
2026-04-08 13:04:30,1900-01-00 00:00:00,0960-wombat,B8:27:EB:FF:C8:F5,-57, WPA ,0.000000,0.000000,0.000,0.000,AP
2026-04-08 13:04:30,1900-01-00 00:00:00,0960-wombat,B8:27:EB:FF:C8:F5,-57, WPA ,0.000000,0.000000,0.000,0.000,AP
2026-04-08 13:04:30,1900-01-00 00:00:00,0960-wombat,B8:27:EB:FF:C8:F5,-57, WPA ,0.000000,0.000000,0.000,0.000,AP
2026-04-08 13:04:30,1900-01-00 00:00:00,0960-wombat,B8:27:EB:FF:C8:F5,-57, WPA ,0.000000,0.000000,0.000,0.000,AP
2026-04-08 13:04:30,1900-01-00 00:00:00,0960-wombat,B8:27:EB:FF:C8:F5,-55, WPA ,0.000000,0.000000,0.000,0.000,AP
2026-04-08 13:04:30,1900-01-00 00:00:00,0960-wombat,B8:27:EB:FF:C8:F5,-57, WPA ,0.000000,0.000000,0.000,0.000,AP
2026-04-08 13:04:30,1900-01-00 00:00:00,0960-wombat,B8:27:EB:FF:C8:F5,-56, WPA ,0.000000,0.000000,0.000,0.000,AP
2026-04-08 13:04:30,1900-01-00 00:00:00,0960-wombat,B8:27:EB:FF:C8:F5,-56, WPA ,0.000000,0.000000,0.000,0.000,AP
2026-04-08 13:04:30,1900-01-00 00:00:00,0960-wombat,B8:27:EB:FF:C8:F5,-56, WPA ,0.000000,0.000000,0.000,0.000,AP
2026-04-08 13:04:30,1900-01-00 00:00:00,0960-wombat,B8:27:EB:FF:C8:F5,-56, WPA ,0.000000,0.000000,0.000,0.000,AP
2026-04-08 13:04:30,1900-01-00 00:00:00,0960-wombat,B8:27:EB:FF:C8:F5,-57, WPA ,0.000000,0.000000,0.000,0.000,AP
2026-04-08 13:04:30,1900-01-00 00:00:00,0960-wombat,B8:27:EB:FF:C8:F5,-57, WPA ,0.000000,0.000000,0.000,0.000,AP
2026-04-08 13:04:30,1900-01-00 00:00:00,0960-wombat,B8:27:EB:FF:C8:F5,-57, WPA ,0.000000,0.000000,0.000,0.000,AP
2026-04-08 13:04:30,1900-01-00 00:00:00,0960-wombat,B8:27:EB:FF:C8:F5,-57, WPA ,0.000000,0.000000,0.000,0.000,AP
2026-04-08 13:04:30,1900-01-00 00:00:00,0960-wombat,B8:27:EB:FF:C8:F5,-57, WPA ,0.000000,0.000000,0.000,0.000,AP
2026-04-08 13:04:30,1900-01-00 00:00:00,0960-wombat,B8:27:EB:FF:C8:F5,-57, WPA ,0.000000,0.000000,0.000,0.000,AP
2026-04-08 13:04:30,1900-01-00 00:00:00,0960-wombat,B8:27:EB:FF:C8:F5,-57, WPA ,0.000000,0.000000,0.000,0.000,AP
2026-04-08 13:04:30,1900-01-00 00:00:00,0960-wombat,B8:27:EB:FF:C8:F5,-57, WPA ,0.000000,0.000000,0.000,0.000,AP
2026-04-08 13:04:30,1900-01-00 00:00:00,0960-wombat,B8:27:EB:FF:C8:F5,-57, WPA ,0.000000,0.000000,0.000,0.000,AP
2026-04-08 13:04:30,1900-01-00 00:00:00,0960-wombat,B8:27:EB:FF:C8:F5,-57, WPA ,0.000000,0.000000,0.000,0.000,AP
2026-04-08 13:04:30,1900-01-00 00:00:00,0960-wombat,B8:27:EB:FF:C8:F5,-57, WPA ,0.000000,0.000000,0.000,0.000,AP
2026-04-08 13:04:30,1900-01-00 00:00:00,0960-wombat,B8:27:EB:FF:C8:F5,-57, WPA ,0.000000,0.000000,0.000,0.000,AP
2026-04-08 13:04:30,1900-01-00 00:00:00,0960-wombat,B8:27:EB:FF:C8:F5,-57, WPA ,0.000000,0.000000,0.000,0.000,AP
2026-04-08 13:04:30,1900-01-00 00:00:00,0960-wombat,B8:27:EB:FF:C8:F5,-52, WPA ,0.000000,0.000000,0.000,0.000,AP
2026-04-08 13:04:30,1900-01-00 00:00:00,0960-wombat,B8:27:EB:FF:C8:F5,-52, WPA ,0.000000,0.000000,0.000,0.000,AP
2026-04-08 13:04:30,1900-01-00 00:00:00,0960-wombat,B8:27:EB:FF:C8:F5,-52, WPA ,0.000000,0.000000,0.000,0.000,AP
2026-04-08 13:04:30,1900-01-00 00:00:00,0960-wombat,B8:27:EB:FF:C8:F5,-52, WPA ,0.000000,0.000000,0.000,0.000,AP
2026-04-08 13:04:30,1900-01-00 00:00:00,0960-wombat,B8:27:EB:FF:C8:F5,-52, WPA ,0.000000,0.000000,0.000,0.000,AP
2026-04-08 13:04:30,1900-01-00 00:00:00,0960-wombat,B8:27:EB:FF:C8:F5,-52, WPA ,0.000000,0.000000,0.000,0.000,AP
2026-04-08 13:04:30,1900-01-00 00:00:00,0960-wombat,B8:27:EB:FF:C8:F5,-52, WPA ,0.000000,0.000000,0.000,0.000,AP
2026-04-08 13:04:30,1900-01-00 00:00:00,0960-wombat,B8:27:EB:FF:C8:F5,-52, WPA ,0.000000,0.000000,0.000,0.000,AP
2026-04-08 13:04:30,1900-01-00 00:00:00,0960-wombat,B8:27:EB:FF:C8:F5,-52, WPA ,0.000000,0.000000,0.000,0.000,AP
2026-04-08 13:04:30,1900-01-00 00:00:00,0960-wombat,B8:27:EB:FF:C8:F5,-52, WPA ,0.000000,0.000000,0.000,0.000,AP
2026-04-08 13:04:30,1900-01-00 00:00:00,0960-wombat,B8:27:EB:FF:C8:F5,-52, WPA ,0.000000,0.000000,0.000,0.000,AP
2026-04-08 13:04:30,1900-01-00 00:00:00,0960-wombat,B8:27:EB:FF:C8:F5,-52, WPA ,0.000000,0.000000,0.000,0.000,AP
2026-04-08 13:04:30,1900-01-00 00:00:00,0960-wombat,B8:27:EB:FF:C8:F5,-52, WPA ,0.000000,0.000000,0.000,0.000,AP
2026-04-08 13:04:30,1900-01-00 00:00:00,0960-wombat,B8:27:EB:FF:C8:F5,-58, WPA ,0.000000,0.000000,0.000,0.000,AP
2026-04-08 13:04:30,1900-01-00 00:00:00,0960-wombat,B8:27:EB:FF:C8:F5,-58, WPA ,0.000000,0.000000,0.000,0.000,AP
2026-04-08 13:04:30,1900-01-00 00:00:00,0960-wombat,B8:27:EB:FF:C8:F5,-58, WPA ,0.000000,0.000000,0.000,0.000,AP
2026-04-08 13:04:30,1900-01-00 00:00:00,0960-wombat,B8:27:EB:FF:C8:F5,-58, WPA ,0.000000,0.000000,0.000,0.000,AP
2026-04-08 13:04:30,1900-01-00 00:00:00,0960-wombat,B8:27:EB:FF:C8:F5,-58, WPA ,0.000000,0.000000,0.000,0.000,AP
2026-04-08 13:04:30,1900-01-00 00:00:00,0960-wombat,B8:27:EB:FF:C8:F5,-58, WPA ,0.000000,0.000000,0.000,0.000,AP
2026-04-08 13:04:30,1900-01-00 00:00:00,0960-wombat,B8:27:EB:FF:C8:F5,-41, WPA ,0.000000,0.000000,0.000,0.000,AP
2026-04-08 13:04:30,1900-01-00 00:00:00,0960-wombat,B8:27:EB:FF:C8:F5,-41, WPA ,0.000000,0.000000,0.000,0.000,AP
2026-04-08 13:04:30,1900-01-00 00:00:00,0960-wombat,B8:27:EB:FF:C8:F5,-41, WPA ,0.000000,0.000000,0.000,0.000,AP
2026-04-08 13:04:30,1900-01-00 00:00:00,0960-wombat,B8:27:EB:FF:C8:F5,-41, WPA ,0.000000,0.000000,0.000,0.000,AP
2026-04-08 13:04:30,1900-01-00 00:00:00,0960-wombat,B8:27:EB:FF:C8:F5,-41, WPA ,0.000000,0.000000,0.000,0.000,AP
2026-04-08 13:04:30,1900-01-00 00:00:00,0960-wombat,B8:27:EB:FF:C8:F5,-41, WPA ,0.000000,0.000000,0.000,0.000,AP
2026-04-08 13:04:30,1900-01-00 00:00:00,0960-wombat,B8:27:EB:FF:C8:F5,-41, WPA ,0.000000,0.000000,0.000,0.000,AP
2026-04-08 13:04:30,1900-01-00 00:00:00,0960-wombat,B8:27:EB:FF:C8:F5,-41, WPA ,0.000000,0.000000,0.000,0.000,AP
2026-04-08 13:04:30,1900-01-00 00:00:00,0960-wombat,B8:27:EB:FF:C8:F5,-41, WPA ,0.000000,0.000000,0.000,0.000,AP
2026-04-08 13:04:30,1900-01-00 00:00:00,0960-wombat,B8:27:EB:FF:C8:F5,-41, WPA ,0.000000,0.000000,0.000,0.000,AP
2026-04-08 13:04:30,1900-01-00 00:00:00,0960-wombat,B8:27:EB:FF:C8:F5,-57, WPA ,0.000000,0.000000,0.000,0.000,AP
2026-04-08 13:04:30,1900-01-00 00:00:00,0960-wombat,B8:27:EB:FF:C8:F5,-57, WPA ,0.000000,0.000000,0.000,0.000,AP
2026-04-08 13:04:30,1900-01-00 00:00:00,0960-wombat,B8:27:EB:FF:C8:F5,-55, WPA ,0.000000,0.000000,0.000,0.000,AP
2026-04-08 13:04:30,1900-01-00 00:00:00,0960-wombat,B8:27:EB:FF:C8:F5,-57, WPA ,0.000000,0.000000,0.000,0.000,AP
2026-04-08 13:04:30,1900-01-00 00:00:00,0960-wombat,B8:27:EB:FF:C8:F5,-57, WPA ,0.000000,0.000000,0.000,0.000,AP
2026-04-08 13:04:30,1900-01-00 00:00:00,0960-wombat,B8:27:EB:FF:C8:F5,-57, WPA ,0.000000,0.000000,0.000,0.000,AP
2026-04-08 13:04:30,1900-01-00 00:00:00,0960-wombat,B8:27:EB:FF:C8:F5,-57, WPA ,0.000000,0.000000,0.000,0.000,AP
2026-04-08 13:04:30,1900-01-00 00:00:00,0960-wombat,B8:27:EB:FF:C8:F5,-57, WPA ,0.000000,0.000000,0.000,0.000,AP
2026-04-08 13:04:30,1900-01-00 00:00:00,0960-wombat,B8:27:EB:FF:C8:F5,-57, WPA ,0.000000,0.000000,0.000,0.000,AP
2026-04-08 13:04:30,1900-01-00 00:00:00,0960-wombat,B8:27:EB:FF:C8:F5,-57, WPA ,0.000000,0.000000,0.000,0.000,AP
2026-04-08 13:04:30,1900-01-00 00:00:00,0960-wombat,B8:27:EB:FF:C8:F5,-57, WPA ,0.000000,0.000000,0.000,0.000,AP
2026-04-08 13:04:30,1900-01-00 00:00:00,0960-wombat,B8:27:EB:FF:C8:F5,-58, WPA ,0.000000,0.000000,0.000,0.000,AP
2026-04-08 13:04:30,1900-01-00 00:00:00,0960-wombat,B8:27:EB:FF:C8:F5,-58, WPA ,0.000000,0.000000,0.000,0.000,AP
2026-04-08 13:04:30,1900-01-00 00:00:00,0960-wombat,B8:27:EB:FF:C8:F5,-58, WPA ,0.000000,0.000000,0.000,0.000,AP
2026-04-08 13:04:30,1900-01-00 00:00:00,0960-wombat,B8:27:EB:FF:C8:F5,-51, WPA ,0.000000,0.000000,0.000,0.000,AP
2026-04-08 13:04:30,1900-01-00 00:00:00,0960-wombat,B8:27:EB:FF:C8:F5,-52, WPA ,0.000000,0.000000,0.000,0.000,AP
2026-04-08 13:04:30,1900-01-00 00:00:00,0960-wombat,B8:27:EB:FF:C8:F5,-52, WPA ,0.000000,0.000000,0.000,0.000,AP
2026-04-08 13:04:30,1900-01-00 00:00:00,0960-wombat,B8:27:EB:FF:C8:F5,-52, WPA ,0.000000,0.000000,0.000,0.000,AP
2026-04-08 13:04:30,1900-01-00 00:00:00,0960-wombat,B8:27:EB:FF:C8:F5,-57, WPA ,0.000000,0.000000,0.000,0.000,AP
2026-04-08 13:04:30,1900-01-00 00:00:00,0960-wombat,B8:27:EB:FF:C8:F5,-50, WPA ,0.000000,0.000000,0.000,0.000,AP
2026-04-08 13:04:30,1900-01-00 00:00:00,0960-wombat,B8:27:EB:FF:C8:F5,-50, WPA ,0.000000,0.000000,0.000,0.000,AP
2026-04-08 13:04:30,1900-01-00 00:00:00,0960-wombat,B8:27:EB:FF:C8:F5,-51, WPA ,0.000000,0.000000,0.000,0.000,AP
2026-04-08 13:04:30,1900-01-00 00:00:00,0960-wombat,B8:27:EB:FF:C8:F5,-57, WPA ,0.000000,0.000000,0.000,0.000,AP
2026-04-08 13:04:30,1900-01-00 00:00:00,0960-wombat,B8:27:EB:FF:C8:F5,-57, WPA ,0.000000,0.000000,0.000,0.000,AP
2026-04-08 13:04:30,1900-01-00 00:00:00,0960-wombat,B8:27:EB:FF:C8:F5,-57, WPA ,0.000000,0.000000,0.000,0.000,AP
2026-04-08 13:04:30,1900-01-00 00:00:00,0960-wombat,B8:27:EB:FF:C8:F5,-57, WPA ,0.000000,0.000000,0.000,0.000,AP
2026-04-08 13:04:30,1900-01-00 00:00:00,0960-wombat,B8:27:EB:FF:C8:F5,-57, WPA ,0.000000,0.000000,0.000,0.000,AP
2026-04-08 13:04:30,1900-01-00 00:00:00,0960-wombat,B8:27:EB:FF:C8:F5,-57, WPA ,0.000000,0.000000,0.000,0.000,AP
2026-04-08 13:04:30,1900-01-00 00:00:00,0960-wombat,B8:27:EB:FF:C8:F5,-57, WPA ,0.000000,0.000000,0.000,0.000,AP
2026-04-08 13:04:30,1900-01-00 00:00:00,0960-wombat,B8:27:EB:FF:C8:F5,-57, WPA ,0.000000,0.000000,0.000,0.000,AP
2026-04-08 13:04:30,1900-01-00 00:00:00,0960-wombat,B8:27:EB:FF:C8:F5,-57, WPA ,0.000000,0.000000,0.000,0.000,AP
2026-04-08 13:04:30,1900-01-00 00:00:00,0960-wombat,B8:27:EB:FF:C8:F5,-52, WPA ,0.000000,0.000000,0.000,0.000,AP
2026-04-08 13:04:30,1900-01-00 00:00:00,0960-wombat,B8:27:EB:FF:C8:F5,-52, WPA ,0.000000,0.000000,0.000,0.000,AP
2026-04-08 13:04:30,1900-01-00 00:00:00,0960-wombat,B8:27:EB:FF:C8:F5,-52, WPA ,0.000000,0.000000,0.000,0.000,AP
2026-04-08 13:04:30,1900-01-00 00:00:00,0960-wombat,B8:27:EB:FF:C8:F5,-58, WPA ,0.000000,0.000000,0.000,0.000,AP
2026-04-08 13:04:30,1900-01-00 00:00:00,0960-wombat,B8:27:EB:FF:C8:F5,-58, WPA ,0.000000,0.000000,0.000,0.000,AP
2026-04-08 13:04:30,1900-01-00 00:00:00,0960-wombat,B8:27:EB:FF:C8:F5,-58, WPA ,0.000000,0.000000,0.000,0.000,AP
2026-04-08 13:04:30,1900-01-00 00:00:00,0960-wombat,B8:27:EB:FF:C8:F5,-58, WPA ,0.000000,0.000000,0.000,0.000,AP
2026-04-08 13:04:30,1900-01-00 00:00:00,0960-wombat,B8:27:EB:FF:C8:F5,-58, WPA ,0.000000,0.000000,0.000,0.000,AP
2026-04-08 13:04:30,1900-01-00 00:00:00,0960-wombat,B8:27:EB:FF:C8:F5,-58, WPA ,0.000000,0.000000,0.000,0.000,AP
2026-04-08 13:04:30,1900-01-00 00:00:00,0960-wombat,B8:27:EB:FF:C8:F5,-58, WPA ,0.000000,0.000000,0.000,0.000,AP
2026-04-08 13:04:30,1900-01-00 00:00:00,0960-wombat,B8:27:EB:FF:C8:F5,-39, WPA ,0.000000,0.000000,0.000,0.000,AP
2026-04-08 13:04:30,1900-01-00 00:00:00,0960-wombat,B8:27:EB:FF:C8:F5,-39, WPA ,0.000000,0.000000,0.000,0.000,AP
2026-04-08 13:04:30,1900-01-00 00:00:00,0960-wombat,B8:27:EB:FF:C8:F5,-39, WPA ,0.000000,0.000000,0.000,0.000,AP
2026-04-08 13:04:30,1900-01-00 00:00:00,0960-wombat,B8:27:EB:FF:C8:F5,-39, WPA ,0.000000,0.000000,0.000,0.000,AP
2026-04-08 13:04:30,1900-01-00 00:00:00,0960-wombat,B8:27:EB:FF:C8:F5,-39, WPA ,0.000000,0.000000,0.000,0.000,AP
2026-04-08 13:04:30,1900-01-00 00:00:00,0960-wombat,B8:27:EB:FF:C8:F5,-39, WPA ,0.000000,0.000000,0.000,0.000,AP
2026-04-08 13:04:30,1900-01-00 00:00:00,0960-wombat,B8:27:EB:FF:C8:F5,-39, WPA ,0.000000,0.000000,0.000,0.000,AP
2026-04-08 13:04:30,1900-01-00 00:00:00,0960-wombat,B8:27:EB:FF:C8:F5,-39, WPA ,0.000000,0.000000,0.000,0.000,AP
2026-04-08 13:04:30,1900-01-00 00:00:00,0960-wombat,B8:27:EB:FF:C8:F5,-39, WPA ,0.000000,0.000000,0.000,0.000,AP
2026-04-08 13:04:30,1900-01-00 00:00:00,0960-wombat,B8:27:EB:FF:C8:F5,-39, WPA ,0.000000,0.000000,0.000,0.000,AP
2026-04-08 13:04:30,1900-01-00 00:00:00,0960-wombat,B8:27:EB:FF:C8:F5,-39, WPA ,0.000000,0.000000,0.000,0.000,AP
2026-04-08 13:04:30,1900-01-00 00:00:00,0960-wombat,B8:27:EB:FF:C8:F5,-56, WPA ,0.000000,0.000000,0.000,0.000,AP
2026-04-08 13:04:30,1900-01-00 00:00:00,0960-wombat,B8:27:EB:FF:C8:F5,-56, WPA ,0.000000,0.000000,0.000,0.000,AP
2026-04-08 13:04:30,1900-01-00 00:00:00,0960-wombat,B8:27:EB:FF:C8:F5,-56, WPA ,0.000000,0.000000,0.000,0.000,AP
2026-04-08 13:04:30,1900-01-00 00:00:00,0960-wombat,B8:27:EB:FF:C8:F5,-56, WPA ,0.000000,0.000000,0.000,0.000,AP
2026-04-08 13:04:30,1900-01-00 00:00:00,0960-wombat,B8:27:EB:FF:C8:F5,-56, WPA ,0.000000,0.000000,0.000,0.000,AP
2026-04-08 13:04:30,1900-01-00 00:00:00,0960-wombat,B8:27:EB:FF:C8:F5,-52, WPA ,0.000000,0.000000,0.000,0.000,AP
2026-04-08 13:04:30,1900-01-00 00:00:00,0960-wombat,B8:27:EB:FF:C8:F5,-52, WPA ,0.000000,0.000000,0.000,0.000,AP
2026-04-08 13:04:30,1900-01-00 00:00:00,0960-wombat,B8:27:EB:FF:C8:F5,-39, WPA ,0.000000,0.000000,0.000,0.000,AP
2026-04-08 13:04:30,1900-01-00 00:00:00,0960-wombat,B8:27:EB:FF:C8:F5,-39, WPA ,0.000000,0.000000,0.000,0.000,AP
2026-04-08 13:04:30,1900-01-00 00:00:00,0960-wombat,B8:27:EB:FF:C8:F5,-39, WPA ,0.000000,0.000000,0.000,0.000,AP
2026-04-08 13:04:30,1900-01-00 00:00:00,0960-wombat,B8:27:EB:FF:C8:F5,-39, WPA ,0.000000,0.000000,0.000,0.000,AP
2026-04-08 13:04:30,1900-01-00 00:00:00,0960-wombat,B8:27:EB:FF:C8:F5,-39, WPA ,0.000000,0.000000,0.000,0.000,AP
2026-04-08 13:04:30,1900-01-00 00:00:00,0960-wombat,B8:27:EB:FF:C8:F5,-39, WPA ,0.000000,0.000000,0.000,0.000,AP
2026-04-08 13:04:30,1900-01-00 00:00:00,0960-wombat,B8:27:EB:FF:C8:F5,-39, WPA ,0.000000,0.000000,0.000,0.000,AP
2026-04-08 13:04:30,1900-01-00 00:00:00,0960-wombat,B8:27:EB:FF:C8:F5,-56, WPA ,0.000000,0.000000,0.000,0.000,AP
2026-04-08 13:04:30,1900-01-00 00:00:00,0960-wombat,B8:27:EB:FF:C8:F5,-56, WPA ,0.000000,0.000000,0.000,0.000,AP
2026-04-08 13:04:30,1900-01-00 00:00:00,0960-wombat,B8:27:EB:FF:C8:F5,-56, WPA ,0.000000,0.000000,0.000,0.000,AP
2026-04-08 13:04:30,1900-01-00 00:00:00,0960-wombat,B8:27:EB:FF:C8:F5,-56, WPA ,0.000000,0.000000,0.000,0.000,AP
2026-04-08 13:04:30,1900-01-00 00:00:00,0960-wombat,B8:27:EB:FF:C8:F5,-56, WPA ,0.000000,0.000000,0.000,0.000,AP
2026-04-08 13:04:30,1900-01-00 00:00:00,0960-wombat,B8:27:EB:FF:C8:F5,-56, WPA ,0.000000,0.000000,0.000,0.000,AP
2026-04-08 13:04:30,1900-01-00 00:00:00,0960-wombat,B8:27:EB:FF:C8:F5,-56, WPA ,0.000000,0.000000,0.000,0.000,AP
2026-04-08 13:04:30,1900-01-00 00:00:00,0960-wombat,B8:27:EB:FF:C8:F5,-56, WPA ,0.000000,0.000000,0.000,0.000,AP
2026-04-08 13:04:30,1900-01-00 00:00:00,0960-wombat,B8:27:EB:FF:C8:F5,-56, WPA ,0.000000,0.000000,0.000,0.000,AP
2026-04-08 13:04:30,1900-01-00 00:00:00,0960-wombat,B8:27:EB:FF:C8:F5,-56, WPA ,0.000000,0.000000,0.000,0.000,AP
2026-04-08 13:04:30,1900-01-00 00:00:00,0960-wombat,B8:27:EB:FF:C8:F5,-56, WPA ,0.000000,0.000000,0.000,0.000,AP
2026-04-08 13:04:30,1900-01-00 00:00:00,0960-wombat,B8:27:EB:FF:C8:F5,-56, WPA ,0.000000,0.000000,0.000,0.000,AP
2026-04-08 13:04:30,1900-01-00 00:00:00,0960-wombat,B8:27:EB:FF:C8:F5,-56, WPA ,0.000000,0.000000,0.000,0.000,AP
2026-04-08 13:04:30,1900-01-00 00:00:00,0960-wombat,B8:27:EB:FF:C8:F5,-56, WPA ,0.000000,0.000000,0.000,0.000,AP
2026-04-08 13:04:30,1900-01-00 00:00:00,0960-wombat,B8:27:EB:FF:C8:F5,-56, WPA ,0.000000,0.000000,0.000,0.000,AP
2026-04-08 13:04:30,1900-01-00 00:00:00,0960-wombat,B8:27:EB:FF:C8:F5,-57, WPA ,0.000000,0.000000,0.000,0.000,AP
2026-04-08 13:04:30,1900-01-00 00:00:00,0960-wombat,B8:27:EB:FF:C8:F5,-57, WPA ,0.000000,0.000000,0.000,0.000,AP
2026-04-08 13:04:30,1900-01-00 00:00:00,0960-wombat,B8:27:EB:FF:C8:F5,-57, WPA ,0.000000,0.000000,0.000,0.000,AP
2026-04-08 13:04:30,1900-01-00 00:00:00,0960-wombat,B8:27:EB:FF:C8:F5,-57, WPA ,0.000000,0.000000,0.000,0.000,AP
2026-04-08 13:04:30,1900-01-00 00:00:00,0960-wombat,B8:27:EB:FF:C8:F5,-57, WPA ,0.000000,0.000000,0.000,0.000,AP
2026-04-08 13:04:30,1900-01-00 00:00:00,0960-wombat,B8:27:EB:FF:C8:F5,-52, WPA ,0.000000,0.000000,0.000,0.000,AP
2026-04-08 13:04:30,1900-01-00 00:00:00,0960-wombat,B8:27:EB:FF:C8:F5,-52, WPA ,0.000000,0.000000,0.000,0.000,AP
2026-04-08 13:04:30,1900-01-00 00:00:00,0960-wombat,B8:27:EB:FF:C8:F5,-56, WPA ,0.000000,0.000000,0.000,0.000,AP
2026-04-08 13:04:30,1900-01-00 00:00:00,0960-wombat,B8:27:EB:FF:C8:F5,-56, WPA ,0.000000,0.000000,0.000,0.000,AP
2026-04-08 13:04:30,1900-01-00 00:00:00,0960-wombat,B8:27:EB:FF:C8:F5,-56, WPA ,0.000000,0.000000,0.000,0.000,AP
2026-04-08 13:04:30,1900-01-00 00:00:00,0960-wombat,B8:27:EB:FF:C8:F5,-56, WPA ,0.000000,0.000000,0.000,0.000,AP
2026-04-08 13:04:30,1900-01-00 00:00:00,0960-wombat,B8:27:EB:FF:C8:F5,-56, WPA ,0.000000,0.000000,0.000,0.000,AP
2026-04-08 13:04:30,1900-01-00 00:00:00,0960-wombat,B8:27:EB:FF:C8:F5,-57, WPA ,0.000000,0.000000,0.000,0.000,AP
2026-04-08 13:04:30,1900-01-00 00:00:00,0960-wombat,B8:27:EB:FF:C8:F5,-56, WPA ,0.000000,0.000000,0.000,0.000,AP
2026-04-08 13:04:30,1900-01-00 00:00:00,0960-wombat,B8:27:EB:FF:C8:F5,-52, WPA ,0.000000,0.000000,0.000,0.000,AP
2026-04-08 13:04:30,1900-01-00 00:00:00,0960-wombat,B8:27:EB:FF:C8:F5,-52, WPA ,0.000000,0.000000,0.000,0.000,AP
2026-04-08 13:04:30,1900-01-00 00:00:00,0960-wombat,B8:27:EB:FF:C8:F5,-52, WPA ,0.000000,0.000000,0.000,0.000,AP
2026-04-08 13:04:30,1900-01-00 00:00:00,0960-wombat,B8:27:EB:FF:C8:F5,-56, WPA ,0.000000,0.000000,0.000,0.000,AP
2026-04-08 13:04:30,1900-01-00 00:00:00,0960-wombat,B8:27:EB:FF:C8:F5,-56, WPA ,0.000000,0.000000,0.000,0.000,AP
2026-04-08 13:04:30,1900-01-00 00:00:00,0960-wombat,B8:27:EB:FF:C8:F5,-56, WPA ,0.000000,0.000000,0.000,0.000,AP
2026-04-08 13:04:30,1900-01-00 00:00:00,0960-wombat,B8:27:EB:FF:C8:F5,-56, WPA ,0.000000,0.000000,0.000,0.000,AP
2026-04-08 13:04:30,1900-01-00 00:00:00,0960-wombat,B8:27:EB:FF:C8:F5,-56, WPA ,0.000000,0.000000,0.000,0.000,AP
2026-04-08 13:04:30,1900-01-00 00:00:00,0960-wombat,B8:27:EB:FF:C8:F5,-56, WPA ,0.000000,0.000000,0.000,0.000,AP
2026-04-08 13:04:30,1900-01-00 00:00:00,0960-wombat,B8:27:EB:FF:C8:F5,-39, WPA ,0.000000,0.000000,0.000,0.000,AP
2026-04-08 13:04:30,1900-01-00 00:00:00,0960-wombat,B8:27:EB:FF:C8:F5,-39, WPA ,0.000000,0.000000,0.000,0.000,AP
2026-04-08 13:04:30,1900-01-00 00:00:00,0960-wombat,B8:27:EB:FF:C8:F5,-39, WPA ,0.000000,0.000000,0.000,0.000,AP
2026-04-08 13:04:30,1900-01-00 00:00:00,0960-wombat,B8:27:EB:FF:C8:F5,-39, WPA ,0.000000,0.000000,0.000,0.000,AP
2026-04-08 13:04:30,1900-01-00 00:00:00,0960-wombat,B8:27:EB:FF:C8:F5,-39, WPA ,0.000000,0.000000,0.000,0.000,AP
2026-04-08 13:04:30,1900-01-00 00:00:00,0960-wombat,B8:27:EB:FF:C8:F5,-39, WPA ,0.000000,0.000000,0.000,0.000,AP
2026-04-08 13:04:30,1900-01-00 00:00:00,0960-wombat,B8:27:EB:FF:C8:F5,-39, WPA ,0.000000,0.000000,0.000,0.000,AP
2026-04-08 13:04:30,1900-01-00 00:00:00,0960-wombat,B8:27:EB:FF:C8:F5,-39, WPA ,0.000000,0.000000,0.000,0.000,AP
2026-04-08 13:04:30,1900-01-00 00:00:00,0960-wombat,B8:27:EB:FF:C8:F5,-39, WPA ,0.000000,0.000000,0.000,0.000,AP
2026-04-08 13:04:30,1900-01-00 00:00:00,0960-wombat,B8:27:EB:FF:C8:F5,-39, WPA ,0.000000,0.000000,0.000,0.000,AP
2026-04-08 13:04:30,1900-01-00 00:00:00,0960-wombat,B8:27:EB:FF:C8:F5,-39, WPA ,0.000000,0.000000,0.000,0.000,AP
2026-04-08 13:04:30,1900-01-00 00:00:00,0960-wombat,B8:27:EB:FF:C8:F5,-39, WPA ,0.000000,0.000000,0.000,0.000,AP
2026-04-08 13:04:30,1900-01-00 00:00:00,0960-wombat,B8:27:EB:FF:C8:F5,-56, WPA ,0.000000,0.000000,0.000,0.000,AP
2026-04-08 13:04:30,1900-01-00 00:00:00,0960-wombat,B8:27:EB:FF:C8:F5,-56, WPA ,0.000000,0.000000,0.000,0.000,AP
2026-04-08 13:04:30,1900-01-00 00:00:00,0960-wombat,B8:27:EB:FF:C8:F5,-56, WPA ,0.000000,0.000000,0.000,0.000,AP
2026-04-08 13:04:30,1900-01-00 00:00:00,0960-wombat,B8:27:EB:FF:C8:F5,-56, WPA ,0.000000,0.000000,0.000,0.000,AP
2026-04-08 13:04:30,1900-01-00 00:00:00,0960-wombat,B8:27:EB:FF:C8:F5,-56, WPA ,0.000000,0.000000,0.000,0.000,AP
2026-04-08 13:04:30,1900-01-00 00:00:00,0960-wombat,B8:27:EB:FF:C8:F5,-56, WPA ,0.000000,0.000000,0.000,0.000,AP
2026-04-08 13:04:30,1900-01-00 00:00:00,0960-wombat,B8:27:EB:FF:C8:F5,-56, WPA ,0.000000,0.000000,0.000,0.000,AP
2026-04-08 13:04:30,1900-01-00 00:00:00,0960-wombat,B8:27:EB:FF:C8:F5,-56, WPA ,0.000000,0.000000,0.000,0.000,AP
2026-04-08 13:04:30,1900-01-00 00:00:00,0960-wombat,B8:27:EB:FF:C8:F5,-56, WPA ,0.000000,0.000000,0.000,0.000,AP
2026-04-08 13:04:30,1900-01-00 00:00:00,0960-wombat,B8:27:EB:FF:C8:F5,-56, WPA ,0.000000,0.000000,0.000,0.000,AP
2026-04-08 13:04:30,1900-01-00 00:00:00,0960-wombat,B8:27:EB:FF:C8:F5,-56, WPA ,0.000000,0.000000,0.000,0.000,AP
2026-04-08 13:04:30,1900-01-00 00:00:00,0960-wombat,B8:27:EB:FF:C8:F5,-56, WPA ,0.000000,0.000000,0.000,0.000,AP
2026-04-08 13:04:30,1900-01-00 00:00:00,0960-wombat,B8:27:EB:FF:C8:F5,-56, WPA ,0.000000,0.000000,0.000,0.000,AP
2026-04-08 13:04:30,1900-01-00 00:00:00,0960-wombat,B8:27:EB:FF:C8:F5,-56, WPA ,0.000000,0.000000,0.000,0.000,AP
2026-04-08 13:04:30,1900-01-00 00:00:00,0960-wombat,B8:27:EB:FF:C8:F5,-56, WPA ,0.000000,0.000000,0.000,0.000,AP
2026-04-08 13:04:30,1900-01-00 00:00:00,0960-wombat,B8:27:EB:FF:C8:F5,-56, WPA ,0.000000,0.000000,0.000,0.000,AP
2026-04-08 13:04:30,1900-01-00 00:00:00,0960-wombat,B8:27:EB:FF:C8:F5,-56, WPA ,0.000000,0.000000,0.000,0.000,AP
2026-04-08 13:04:30,1900-01-00 00:00:00,0960-wombat,B8:27:EB:FF:C8:F5,-56, WPA ,0.000000,0.000000,0.000,0.000,AP
2026-04-08 13:04:30,1900-01-00 00:00:00,0960-wombat,B8:27:EB:FF:C8:F5,-56, WPA ,0.000000,0.000000,0.000,0.000,AP
2026-04-08 13:04:30,1900-01-00 00:00:00,0960-wombat,B8:27:EB:FF:C8:F5,-56, WPA ,0.000000,0.000000,0.000,0.000,AP
2026-04-08 13:04:30,1900-01-00 00:00:00,0960-wombat,B8:27:EB:FF:C8:F5,-53, WPA ,0.000000,0.000000,0.000,0.000,AP
2026-04-08 13:04:30,1900-01-00 00:00:00,0960-wombat,B8:27:EB:FF:C8:F5,-53, WPA ,0.000000,0.000000,0.000,0.000,AP
2026-04-08 13:04:30,1900-01-00 00:00:00,0960-wombat,B8:27:EB:FF:C8:F5,-53, WPA ,0.000000,0.000000,0.000,0.000,AP
2026-04-08 13:04:30,1900-01-00 00:00:00,0960-wombat,B8:27:EB:FF:C8:F5,-53, WPA ,0.000000,0.000000,0.000,0.000,AP
2026-04-08 13:04:30,1900-01-00 00:00:00,0960-wombat,B8:27:EB:FF:C8:F5,-53, WPA ,0.000000,0.000000,0.000,0.000,AP
2026-04-08 13:04:30,1900-01-00 00:00:00,0960-wombat,B8:27:EB:FF:C8:F5,-53, WPA ,0.000000,0.000000,0.000,0.000,AP
2026-04-08 13:04:30,1900-01-00 00:00:00,0960-wombat,B8:27:EB:FF:C8:F5,-53, WPA ,0.000000,0.000000,0.000,0.000,AP
2026-04-08 13:04:30,1900-01-00 00:00:00,0960-wombat,B8:27:EB:FF:C8:F5,-53, WPA ,0.000000,0.000000,0.000,0.000,AP
2026-04-08 13:04:30,1900-01-00 00:00:00,0960-wombat,B8:27:EB:FF:C8:F5,-53, WPA ,0.000000,0.000000,0.000,0.000,AP
2026-04-08 13:04:30,1900-01-00 00:00:00,0960-wombat,B8:27:EB:FF:C8:F5,-56, WPA ,0.000000,0.000000,0.000,0.000,AP
2026-04-08 13:04:30,1900-01-00 00:00:00,0960-wombat,B8:27:EB:FF:C8:F5,-51, WPA ,0.000000,0.000000,0.000,0.000,AP
2026-04-08 13:04:30,1900-01-00 00:00:00,0960-wombat,B8:27:EB:FF:C8:F5,-51, WPA ,0.000000,0.000000,0.000,0.000,AP
2026-04-08 13:04:30,1900-01-00 00:00:00,0960-wombat,B8:27:EB:FF:C8:F5,-50, WPA ,0.000000,0.000000,0.000,0.000,AP
2026-04-08 13:04:30,1900-01-00 00:00:00,0960-wombat,B8:27:EB:FF:C8:F5,-57, WPA ,0.000000,0.000000,0.000,0.000,AP
2026-04-08 13:04:30,1900-01-00 00:00:00,0960-wombat,B8:27:EB:FF:C8:F5,-52, WPA ,0.000000,0.000000,0.000,0.000,AP
2026-04-08 13:04:30,1900-01-00 00:00:00,0960-wombat,B8:27:EB:FF:C8:F5,-52, WPA ,0.000000,0.000000,0.000,0.000,AP
2026-04-08 13:04:30,1900-01-00 00:00:00,0960-wombat,B8:27:EB:FF:C8:F5,-52, WPA ,0.000000,0.000000,0.000,0.000,AP
2026-04-08 13:04:30,1900-01-00 00:00:00,0960-wombat,B8:27:EB:FF:C8:F5,-52, WPA ,0.000000,0.000000,0.000,0.000,AP
2026-04-08 13:04:30,1900-01-00 00:00:00,0960-wombat,B8:27:EB:FF:C8:F5,-39, WPA ,0.000000,0.000000,0.000,0.000,AP
2026-04-08 13:04:30,1900-01-00 00:00:00,0960-wombat,B8:27:EB:FF:C8:F5,-39, WPA ,0.000000,0.000000,0.000,0.000,AP
2026-04-08 13:04:30,1900-01-00 00:00:00,0960-wombat,B8:27:EB:FF:C8:F5,-39, WPA ,0.000000,0.000000,0.000,0.000,AP
2026-04-08 13:04:30,1900-01-00 00:00:00,0960-wombat,B8:27:EB:FF:C8:F5,-39, WPA ,0.000000,0.000000,0.000,0.000,AP
2026-04-08 13:04:30,1900-01-00 00:00:00,0960-wombat,B8:27:EB:FF:C8:F5,-52, WPA ,0.000000,0.000000,0.000,0.000,AP
2026-04-08 13:04:30,1900-01-00 00:00:00,0960-wombat,B8:27:EB:FF:C8:F5,-55, WPA ,0.000000,0.000000,0.000,0.000,AP
2026-04-08 13:04:30,1900-01-00 00:00:00,0960-wombat,B8:27:EB:FF:C8:F5,-53, WPA ,0.000000,0.000000,0.000,0.000,AP
2026-04-08 13:04:30,1900-01-00 00:00:00,0960-wombat,B8:27:EB:FF:C8:F5,-53, WPA ,0.000000,0.000000,0.000,0.000,AP
2026-04-08 13:04:30,1900-01-00 00:00:00,0960-wombat,B8:27:EB:FF:C8:F5,-51, WPA ,0.000000,0.000000,0.000,0.000,AP
2026-04-08 13:04:30,1900-01-00 00:00:00,0960-wombat,B8:27:EB:FF:C8:F5,-52, WPA ,0.000000,0.000000,0.000,0.000,AP
2026-04-08 13:04:31,1900-01-00 00:00:00,0960-wombat,B8:27:EB:FF:C8:F5,-51, WPA ,0.000000,0.000000,0.000,0.000,AP
2026-04-08 13:04:31,1900-01-00 00:00:00,0960-wombat,B8:27:EB:FF:C8:F5,-51, WPA ,0.000000,0.000000,0.000,0.000,AP
2026-04-08 13:04:31,1900-01-00 00:00:00,0960-wombat,B8:27:EB:FF:C8:F5,-51, WPA ,0.000000,0.000000,0.000,0.000,AP
2026-04-08 13:04:31,1900-01-00 00:00:00,0960-wombat,B8:27:EB:FF:C8:F5,-51, WPA ,0.000000,0.000000,0.000,0.000,AP
2026-04-08 13:04:31,1900-01-00 00:00:00,0960-wombat,B8:27:EB:FF:C8:F5,-51, WPA ,0.000000,0.000000,0.000,0.000,AP
2026-04-08 13:04:31,1900-01-00 00:00:00,0960-wombat,B8:27:EB:FF:C8:F5,-51, WPA ,0.000000,0.000000,0.000,0.000,AP
2026-04-08 13:04:31,1900-01-00 00:00:00,0960-wombat,B8:27:EB:FF:C8:F5,-52, WPA ,0.000000,0.000000,0.000,0.000,AP
2026-04-08 13:04:31,1900-01-00 00:00:00,0960-wombat,B8:27:EB:FF:C8:F5,-52, WPA ,0.000000,0.000000,0.000,0.000,AP
2026-04-08 13:04:31,1900-01-00 00:00:00,0960-wombat,B8:27:EB:FF:C8:F5,-52, WPA ,0.000000,0.000000,0.000,0.000,AP
2026-04-08 13:04:31,1900-01-00 00:00:00,0960-wombat,B8:27:EB:FF:C8:F5,-56, WPA ,0.000000,0.000000,0.000,0.000,AP
2026-04-08 13:04:31,1900-01-00 00:00:00,0960-wombat,B8:27:EB:FF:C8:F5,-56, WPA ,0.000000,0.000000,0.000,0.000,AP
2026-04-08 13:04:31,1900-01-00 00:00:00,0960-wombat,B8:27:EB:FF:C8:F5,-54, WPA ,0.000000,0.000000,0.000,0.000,AP
2026-04-08 13:04:31,1900-01-00 00:00:00,0960-wombat,B8:27:EB:FF:C8:F5,-54, WPA ,0.000000,0.000000,0.000,0.000,AP
2026-04-08 13:04:31,1900-01-00 00:00:00,0960-wombat,B8:27:EB:FF:C8:F5,-54, WPA ,0.000000,0.000000,0.000,0.000,AP
2026-04-08 13:04:31,1900-01-00 00:00:00,0960-wombat,B8:27:EB:FF:C8:F5,-54, WPA ,0.000000,0.000000,0.000,0.000,AP
2026-04-08 13:04:31,1900-01-00 00:00:00,0960-wombat,B8:27:EB:FF:C8:F5,-54, WPA ,0.000000,0.000000,0.000,0.000,AP
2026-04-08 13:04:31,1900-01-00 00:00:00,0960-wombat,B8:27:EB:FF:C8:F5,-54, WPA ,0.000000,0.000000,0.000,0.000,AP
2026-04-08 13:04:31,1900-01-00 00:00:00,0960-wombat,B8:27:EB:FF:C8:F5,-54, WPA ,0.000000,0.000000,0.000,0.000,AP
2026-04-08 13:04:31,1900-01-00 00:00:00,0960-wombat,B8:27:EB:FF:C8:F5,-57, WPA ,0.000000,0.000000,0.000,0.000,AP
2026-04-08 13:04:31,1900-01-00 00:00:00,0960-wombat,B8:27:EB:FF:C8:F5,-57, WPA ,0.000000,0.000000,0.000,0.000,AP
2026-04-08 13:04:31,1900-01-00 00:00:00,0960-wombat,B8:27:EB:FF:C8:F5,-53, WPA ,0.000000,0.000000,0.000,0.000,AP
2026-04-08 13:04:31,1900-01-00 00:00:00,0960-wombat,B8:27:EB:FF:C8:F5,-53, WPA ,0.000000,0.000000,0.000,0.000,AP
2026-04-08 13:04:31,1900-01-00 00:00:00,0960-wombat,B8:27:EB:FF:C8:F5,-57, WPA ,0.000000,0.000000,0.000,0.000,AP
2026-04-08 13:04:31,1900-01-00 00:00:00,0960-wombat,B8:27:EB:FF:C8:F5,-57, WPA ,0.000000,0.000000,0.000,0.000,AP
2026-04-08 13:04:31,1900-01-00 00:00:00,0960-wombat,B8:27:EB:FF:C8:F5,-57, WPA ,0.000000,0.000000,0.000,0.000,AP
2026-04-08 13:04:31,1900-01-00 00:00:00,0960-wombat,B8:27:EB:FF:C8:F5,-57, WPA ,0.000000,0.000000,0.000,0.000,AP
2026-04-08 13:04:31,1900-01-00 00:00:00,0960-wombat,B8:27:EB:FF:C8:F5,-57, WPA ,0.000000,0.000000,0.000,0.000,AP
2026-04-08 13:04:31,1900-01-00 00:00:00,0960-wombat,B8:27:EB:FF:C8:F5,-57, WPA ,0.000000,0.000000,0.000,0.000,AP
2026-04-08 13:04:31,1900-01-00 00:00:00,0960-wombat,B8:27:EB:FF:C8:F5,-57, WPA ,0.000000,0.000000,0.000,0.000,AP
2026-04-08 13:04:31,1900-01-00 00:00:00,0960-wombat,B8:27:EB:FF:C8:F5,-40, WPA ,0.000000,0.000000,0.000,0.000,AP
2026-04-08 13:04:31,1900-01-00 00:00:00,0960-wombat,B8:27:EB:FF:C8:F5,-40, WPA ,0.000000,0.000000,0.000,0.000,AP
2026-04-08 13:04:31,1900-01-00 00:00:00,0960-wombat,B8:27:EB:FF:C8:F5,-40, WPA ,0.000000,0.000000,0.000,0.000,AP
2026-04-08 13:04:31,1900-01-00 00:00:00,0960-wombat,B8:27:EB:FF:C8:F5,-40, WPA ,0.000000,0.000000,0.000,0.000,AP
2026-04-08 13:04:31,1900-01-00 00:00:00,0960-wombat,B8:27:EB:FF:C8:F5,-40, WPA ,0.000000,0.000000,0.000,0.000,AP
2026-04-08 13:04:31,1900-01-00 00:00:00,0960-wombat,B8:27:EB:FF:C8:F5,-40, WPA ,0.000000,0.000000,0.000,0.000,AP
2026-04-08 13:04:31,1900-01-00 00:00:00,0960-wombat,B8:27:EB:FF:C8:F5,-40, WPA ,0.000000,0.000000,0.000,0.000,AP
2026-04-08 13:04:31,1900-01-00 00:00:00,0960-wombat,B8:27:EB:FF:C8:F5,-40, WPA ,0.000000,0.000000,0.000,0.000,AP
2026-04-08 13:04:32,1900-01-00 00:00:00,0960-wombat,B8:27:EB:FF:C8:F5,-53, WPA ,0.000000,0.000000,0.000,0.000,AP
2026-04-08 13:04:32,1900-01-00 00:00:00,0960-wombat,B8:27:EB:FF:C8:F5,-52, WPA ,0.000000,0.000000,0.000,0.000,AP
2026-04-08 13:04:32,1900-01-00 00:00:00,0960-wombat,B8:27:EB:FF:C8:F5,-58, WPA ,0.000000,0.000000,0.000,0.000,AP
2026-04-08 13:04:32,1900-01-00 00:00:00,0960-wombat,B8:27:EB:FF:C8:F5,-58, WPA ,0.000000,0.000000,0.000,0.000,AP
2026-04-08 13:04:32,1900-01-00 00:00:00,0960-wombat,B8:27:EB:FF:C8:F5,-58, WPA ,0.000000,0.000000,0.000,0.000,AP
2026-04-08 13:04:32,1900-01-00 00:00:00,0960-wombat,B8:27:EB:FF:C8:F5,-58, WPA ,0.000000,0.000000,0.000,0.000,AP
2026-04-08 13:04:32,1900-01-00 00:00:00,0960-wombat,B8:27:EB:FF:C8:F5,-41, WPA ,0.000000,0.000000,0.000,0.000,AP
2026-04-08 13:04:32,1900-01-00 00:00:00,0960-wombat,B8:27:EB:FF:C8:F5,-41, WPA ,0.000000,0.000000,0.000,0.000,AP
2026-04-08 13:04:32,1900-01-00 00:00:00,0960-wombat,B8:27:EB:FF:C8:F5,-41, WPA ,0.000000,0.000000,0.000,0.000,AP
2026-04-08 13:04:32,1900-01-00 00:00:00,0960-wombat,B8:27:EB:FF:C8:F5,-41, WPA ,0.000000,0.000000,0.000,0.000,AP
2026-04-08 13:04:32,1900-01-00 00:00:00,0960-wombat,B8:27:EB:FF:C8:F5,-41, WPA ,0.000000,0.000000,0.000,0.000,AP
2026-04-08 13:04:32,1900-01-00 00:00:00,0960-wombat,B8:27:EB:FF:C8:F5,-41, WPA ,0.000000,0.000000,0.000,0.000,AP
2026-04-08 13:04:32,1900-01-00 00:00:00,0960-wombat,B8:27:EB:FF:C8:F5,-41, WPA ,0.000000,0.000000,0.000,0.000,AP
2026-04-08 13:04:32,1900-01-00 00:00:00,0960-wombat,B8:27:EB:FF:C8:F5,-41, WPA ,0.000000,0.000000,0.000,0.000,AP
2026-04-08 13:04:32,1900-01-00 00:00:00,0960-wombat,B8:27:EB:FF:C8:F5,-41, WPA ,0.000000,0.000000,0.000,0.000,AP
2026-04-08 13:04:32,1900-01-00 00:00:00,0960-wombat,B8:27:EB:FF:C8:F5,-41, WPA ,0.000000,0.000000,0.000,0.000,AP
2026-04-08 13:04:32,1900-01-00 00:00:00,0960-wombat,B8:27:EB:FF:C8:F5,-41, WPA ,0.000000,0.000000,0.000,0.000,AP
2026-04-08 13:04:32,1900-01-00 00:00:00,0960-wombat,B8:27:EB:FF:C8:F5,-41, WPA ,0.000000,0.000000,0.000,0.000,AP
2026-04-08 13:04:32,1900-01-00 00:00:00,0960-wombat,B8:27:EB:FF:C8:F5,-55, WPA ,0.000000,0.000000,0.000,0.000,AP
2026-04-08 13:04:32,1900-01-00 00:00:00,0960-wombat,B8:27:EB:FF:C8:F5,-55, WPA ,0.000000,0.000000,0.000,0.000,AP
2026-04-08 13:04:32,1900-01-00 00:00:00,0960-wombat,B8:27:EB:FF:C8:F5,-55, WPA ,0.000000,0.000000,0.000,0.000,AP
2026-04-08 13:04:32,1900-01-00 00:00:00,0960-wombat,B8:27:EB:FF:C8:F5,-55, WPA ,0.000000,0.000000,0.000,0.000,AP
2026-04-08 13:04:32,1900-01-00 00:00:00,0960-wombat,B8:27:EB:FF:C8:F5,-55, WPA ,0.000000,0.000000,0.000,0.000,AP
2026-04-08 13:04:32,1900-01-00 00:00:00,0960-wombat,B8:27:EB:FF:C8:F5,-55, WPA ,0.000000,0.000000,0.000,0.000,AP
2026-04-08 13:04:32,1900-01-00 00:00:00,0960-wombat,B8:27:EB:FF:C8:F5,-55, WPA ,0.000000,0.000000,0.000,0.000,AP
2026-04-08 13:04:32,1900-01-00 00:00:00,0960-wombat,B8:27:EB:FF:C8:F5,-56, WPA ,0.000000,0.000000,0.000,0.000,AP
2026-04-08 13:04:32,1900-01-00 00:00:00,0960-wombat,B8:27:EB:FF:C8:F5,-56, WPA ,0.000000,0.000000,0.000,0.000,AP
2026-04-08 13:04:32,1900-01-00 00:00:00,0960-wombat,B8:27:EB:FF:C8:F5,-56, WPA ,0.000000,0.000000,0.000,0.000,AP
2026-04-08 13:04:32,1900-01-00 00:00:00,0960-wombat,B8:27:EB:FF:C8:F5,-56, WPA ,0.000000,0.000000,0.000,0.000,AP
2026-04-08 13:04:32,1900-01-00 00:00:00,0960-wombat,B8:27:EB:FF:C8:F5,-56, WPA ,0.000000,0.000000,0.000,0.000,AP
2026-04-08 13:04:32,1900-01-00 00:00:00,0960-wombat,B8:27:EB:FF:C8:F5,-56, WPA ,0.000000,0.000000,0.000,0.000,AP
2026-04-08 13:04:32,1900-01-00 00:00:00,0960-wombat,B8:27:EB:FF:C8:F5,-56, WPA ,0.000000,0.000000,0.000,0.000,AP
2026-04-08 13:04:32,1900-01-00 00:00:00,0960-wombat,B8:27:EB:FF:C8:F5,-56, WPA ,0.000000,0.000000,0.000,0.000,AP
2026-04-08 13:04:32,1900-01-00 00:00:00,0960-wombat,B8:27:EB:FF:C8:F5,-56, WPA ,0.000000,0.000000,0.000,0.000,AP
2026-04-08 13:04:32,1900-01-00 00:00:00,0960-wombat,B8:27:EB:FF:C8:F5,-56, WPA ,0.000000,0.000000,0.000,0.000,AP
2026-04-08 13:04:32,1900-01-00 00:00:00,0960-wombat,B8:27:EB:FF:C8:F5,-56, WPA ,0.000000,0.000000,0.000,0.000,AP
2026-04-08 13:04:32,1900-01-00 00:00:00,0960-wombat,B8:27:EB:FF:C8:F5,-57, WPA ,0.000000,0.000000,0.000,0.000,AP
2026-04-08 13:04:32,1900-01-00 00:00:00,0960-wombat,B8:27:EB:FF:C8:F5,-57, WPA ,0.000000,0.000000,0.000,0.000,AP
2026-04-08 13:04:32,1900-01-00 00:00:00,0960-wombat,B8:27:EB:FF:C8:F5,-53, WPA ,0.000000,0.000000,0.000,0.000,AP
2026-04-08 13:04:32,1900-01-00 00:00:00,0960-wombat,B8:27:EB:FF:C8:F5,-53, WPA ,0.000000,0.000000,0.000,0.000,AP
2026-04-08 13:04:32,1900-01-00 00:00:00,0960-wombat,B8:27:EB:FF:C8:F5,-53, WPA ,0.000000,0.000000,0.000,0.000,AP
2026-04-08 13:04:32,1900-01-00 00:00:00,0960-wombat,B8:27:EB:FF:C8:F5,-53, WPA ,0.000000,0.000000,0.000,0.000,AP
2026-04-08 13:04:32,1900-01-00 00:00:00,0960-wombat,B8:27:EB:FF:C8:F5,-53, WPA ,0.000000,0.000000,0.000,0.000,AP
2026-04-08 13:04:32,1900-01-00 00:00:00,0960-wombat,B8:27:EB:FF:C8:F5,-53, WPA ,0.000000,0.000000,0.000,0.000,AP
2026-04-08 13:04:32,1900-01-00 00:00:00,0960-wombat,B8:27:EB:FF:C8:F5,-53, WPA ,0.000000,0.000000,0.000,0.000,AP
2026-04-08 13:04:32,1900-01-00 00:00:00,0960-wombat,B8:27:EB:FF:C8:F5,-53, WPA ,0.000000,0.000000,0.000,0.000,AP
2026-04-08 13:04:32,1900-01-00 00:00:00,0960-wombat,B8:27:EB:FF:C8:F5,-53, WPA ,0.000000,0.000000,0.000,0.000,AP
2026-04-08 13:04:32,1900-01-00 00:00:00,0960-wombat,B8:27:EB:FF:C8:F5,-53, WPA ,0.000000,0.000000,0.000,0.000,AP
2026-04-08 13:04:32,1900-01-00 00:00:00,0960-wombat,B8:27:EB:FF:C8:F5,-53, WPA ,0.000000,0.000000,0.000,0.000,AP
2026-04-08 13:04:32,1900-01-00 00:00:00,0960-wombat,B8:27:EB:FF:C8:F5,-53, WPA ,0.000000,0.000000,0.000,0.000,AP
2026-04-08 13:04:32,1900-01-00 00:00:00,0960-wombat,B8:27:EB:FF:C8:F5,-57, WPA ,0.000000,0.000000,0.000,0.000,AP
2026-04-08 13:04:32,1900-01-00 00:00:00,0960-wombat,B8:27:EB:FF:C8:F5,-57, WPA ,0.000000,0.000000,0.000,0.000,AP
2026-04-08 13:04:32,1900-01-00 00:00:00,0960-wombat,B8:27:EB:FF:C8:F5,-57, WPA ,0.000000,0.000000,0.000,0.000,AP
2026-04-08 13:04:32,1900-01-00 00:00:00,0960-wombat,B8:27:EB:FF:C8:F5,-57, WPA ,0.000000,0.000000,0.000,0.000,AP
2026-04-08 13:04:32,1900-01-00 00:00:00,0960-wombat,B8:27:EB:FF:C8:F5,-57, WPA ,0.000000,0.000000,0.000,0.000,AP
2026-04-08 13:04:32,1900-01-00 00:00:00,0960-wombat,B8:27:EB:FF:C8:F5,-56, WPA ,0.000000,0.000000,0.000,0.000,AP
2026-04-08 13:04:32,1900-01-00 00:00:00,0960-wombat,B8:27:EB:FF:C8:F5,-41, WPA ,0.000000,0.000000,0.000,0.000,AP
2026-04-08 13:04:32,1900-01-00 00:00:00,0960-wombat,B8:27:EB:FF:C8:F5,-41, WPA ,0.000000,0.000000,0.000,0.000,AP
2026-04-08 13:04:32,1900-01-00 00:00:00,0960-wombat,B8:27:EB:FF:C8:F5,-41, WPA ,0.000000,0.000000,0.000,0.000,AP
2026-04-08 13:04:32,1900-01-00 00:00:00,0960-wombat,B8:27:EB:FF:C8:F5,-41, WPA ,0.000000,0.000000,0.000,0.000,AP
2026-04-08 13:04:32,1900-01-00 00:00:00,0960-wombat,B8:27:EB:FF:C8:F5,-56, WPA ,0.000000,0.000000,0.000,0.000,AP
2026-04-08 13:04:32,1900-01-00 00:00:00,0960-wombat,B8:27:EB:FF:C8:F5,-56, WPA ,0.000000,0.000000,0.000,0.000,AP
2026-04-08 13:04:32,1900-01-00 00:00:00,0960-wombat,B8:27:EB:FF:C8:F5,-56, WPA ,0.000000,0.000000,0.000,0.000,AP
2026-04-08 13:04:32,1900-01-00 00:00:00,0960-wombat,B8:27:EB:FF:C8:F5,-56, WPA ,0.000000,0.000000,0.000,0.000,AP
2026-04-08 13:04:32,1900-01-00 00:00:00,0960-wombat,B8:27:EB:FF:C8:F5,-56, WPA ,0.000000,0.000000,0.000,0.000,AP
2026-04-08 13:04:32,1900-01-00 00:00:00,0960-wombat,B8:27:EB:FF:C8:F5,-56, WPA ,0.000000,0.000000,0.000,0.000,AP
2026-04-08 13:04:32,1900-01-00 00:00:00,0960-wombat,B8:27:EB:FF:C8:F5,-56, WPA ,0.000000,0.000000,0.000,0.000,AP
2026-04-08 13:04:32,1900-01-00 00:00:00,0960-wombat,B8:27:EB:FF:C8:F5,-56, WPA ,0.000000,0.000000,0.000,0.000,AP
2026-04-08 13:04:32,1900-01-00 00:00:00,0960-wombat,B8:27:EB:FF:C8:F5,-56, WPA ,0.000000,0.000000,0.000,0.000,AP
2026-04-08 13:04:32,1900-01-00 00:00:00,0960-wombat,B8:27:EB:FF:C8:F5,-56, WPA ,0.000000,0.000000,0.000,0.000,AP
2026-04-08 13:04:32,1900-01-00 00:00:00,0960-wombat,B8:27:EB:FF:C8:F5,-56, WPA ,0.000000,0.000000,0.000,0.000,AP
2026-04-08 13:04:32,1900-01-00 00:00:00,0960-wombat,B8:27:EB:FF:C8:F5,-56, WPA ,0.000000,0.000000,0.000,0.000,AP
2026-04-08 13:04:32,1900-01-00 00:00:00,0960-wombat,B8:27:EB:FF:C8:F5,-56, WPA ,0.000000,0.000000,0.000,0.000,AP
2026-04-08 13:04:32,1900-01-00 00:00:00,0960-wombat,B8:27:EB:FF:C8:F5,-56, WPA ,0.000000,0.000000,0.000,0.000,AP
2026-04-08 13:04:32,1900-01-00 00:00:00,0960-wombat,B8:27:EB:FF:C8:F5,-56, WPA ,0.000000,0.000000,0.000,0.000,AP
2026-04-08 13:04:32,1900-01-00 00:00:00,0960-wombat,B8:27:EB:FF:C8:F5,-56, WPA ,0.000000,0.000000,0.000,0.000,AP
2026-04-08 13:04:32,1900-01-00 00:00:00,0960-wombat,B8:27:EB:FF:C8:F5,-56, WPA ,0.000000,0.000000,0.000,0.000,AP
2026-04-08 13:04:32,1900-01-00 00:00:00,0960-wombat,B8:27:EB:FF:C8:F5,-56, WPA ,0.000000,0.000000,0.000,0.000,AP
2026-04-08 13:04:32,1900-01-00 00:00:00,0960-wombat,B8:27:EB:FF:C8:F5,-56, WPA ,0.000000,0.000000,0.000,0.000,AP
2026-04-08 13:04:32,1900-01-00 00:00:00,0960-wombat,B8:27:EB:FF:C8:F5,-56, WPA ,0.000000,0.000000,0.000,0.000,AP
2026-04-08 13:04:32,1900-01-00 00:00:00,0960-wombat,B8:27:EB:FF:C8:F5,-56, WPA ,0.000000,0.000000,0.000,0.000,AP
2026-04-08 13:04:32,1900-01-00 00:00:00,0960-wombat,B8:27:EB:FF:C8:F5,-56, WPA ,0.000000,0.000000,0.000,0.000,AP
2026-04-08 13:04:32,1900-01-00 00:00:00,0960-wombat,B8:27:EB:FF:C8:F5,-56, WPA ,0.000000,0.000000,0.000,0.000,AP
2026-04-08 13:04:32,1900-01-00 00:00:00,0960-wombat,B8:27:EB:FF:C8:F5,-56, WPA ,0.000000,0.000000,0.000,0.000,AP
2026-04-08 13:04:32,1900-01-00 00:00:00,0960-wombat,B8:27:EB:FF:C8:F5,-56, WPA ,0.000000,0.000000,0.000,0.000,AP
2026-04-08 13:04:32,1900-01-00 00:00:00,0960-wombat,B8:27:EB:FF:C8:F5,-56, WPA ,0.000000,0.000000,0.000,0.000,AP
2026-04-08 13:04:32,1900-01-00 00:00:00,0960-wombat,B8:27:EB:FF:C8:F5,-56, WPA ,0.000000,0.000000,0.000,0.000,AP
2026-04-08 13:04:32,1900-01-00 00:00:00,0960-wombat,B8:27:EB:FF:C8:F5,-56, WPA ,0.000000,0.000000,0.000,0.000,AP
2026-04-08 13:04:32,1900-01-00 00:00:00,0960-wombat,B8:27:EB:FF:C8:F5,-54, WPA ,0.000000,0.000000,0.000,0.000,AP
2026-04-08 13:04:32,1900-01-00 00:00:00,0960-wombat,B8:27:EB:FF:C8:F5,-54, WPA ,0.000000,0.000000,0.000,0.000,AP
2026-04-08 13:04:32,1900-01-00 00:00:00,0960-wombat,B8:27:EB:FF:C8:F5,-54, WPA ,0.000000,0.000000,0.000,0.000,AP
2026-04-08 13:04:32,1900-01-00 00:00:00,0960-wombat,B8:27:EB:FF:C8:F5,-54, WPA ,0.000000,0.000000,0.000,0.000,AP
2026-04-08 13:04:32,1900-01-00 00:00:00,0960-wombat,B8:27:EB:FF:C8:F5,-54, WPA ,0.000000,0.000000,0.000,0.000,AP
2026-04-08 13:04:32,1900-01-00 00:00:00,0960-wombat,B8:27:EB:FF:C8:F5,-54, WPA ,0.000000,0.000000,0.000,0.000,AP
2026-04-08 13:04:32,1900-01-00 00:00:00,0960-wombat,B8:27:EB:FF:C8:F5,-54, WPA ,0.000000,0.000000,0.000,0.000,AP
2026-04-08 13:04:32,1900-01-00 00:00:00,0960-wombat,B8:27:EB:FF:C8:F5,-54, WPA ,0.000000,0.000000,0.000,0.000,AP
2026-04-08 13:04:32,1900-01-00 00:00:00,0960-wombat,B8:27:EB:FF:C8:F5,-54, WPA ,0.000000,0.000000,0.000,0.000,AP
2026-04-08 13:04:32,1900-01-00 00:00:00,0960-wombat,B8:27:EB:FF:C8:F5,-54, WPA ,0.000000,0.000000,0.000,0.000,AP
2026-04-08 13:04:32,1900-01-00 00:00:00,0960-wombat,B8:27:EB:FF:C8:F5,-54, WPA ,0.000000,0.000000,0.000,0.000,AP
2026-04-08 13:04:32,1900-01-00 00:00:00,0960-wombat,B8:27:EB:FF:C8:F5,-52, WPA ,0.000000,0.000000,0.000,0.000,AP
2026-04-08 13:04:32,1900-01-00 00:00:00,0960-wombat,B8:27:EB:FF:C8:F5,-57, WPA ,0.000000,0.000000,0.000,0.000,AP
2026-04-08 13:04:32,1900-01-00 00:00:00,0960-wombat,B8:27:EB:FF:C8:F5,-57, WPA ,0.000000,0.000000,0.000,0.000,AP
2026-04-08 13:04:32,1900-01-00 00:00:00,0960-wombat,B8:27:EB:FF:C8:F5,-57, WPA ,0.000000,0.000000,0.000,0.000,AP
2026-04-08 13:04:32,1900-01-00 00:00:00,0960-wombat,B8:27:EB:FF:C8:F5,-57, WPA ,0.000000,0.000000,0.000,0.000,AP
2026-04-08 13:04:32,1900-01-00 00:00:00,0960-wombat,B8:27:EB:FF:C8:F5,-57, WPA ,0.000000,0.000000,0.000,0.000,AP
2026-04-08 13:04:32,1900-01-00 00:00:00,0960-wombat,B8:27:EB:FF:C8:F5,-56, WPA ,0.000000,0.000000,0.000,0.000,AP
2026-04-08 13:04:32,1900-01-00 00:00:00,0960-wombat,B8:27:EB:FF:C8:F5,-56, WPA ,0.000000,0.000000,0.000,0.000,AP
2026-04-08 13:04:32,1900-01-00 00:00:00,0960-wombat,B8:27:EB:FF:C8:F5,-41, WPA ,0.000000,0.000000,0.000,0.000,AP
2026-04-08 13:04:32,1900-01-00 00:00:00,0960-wombat,B8:27:EB:FF:C8:F5,-41, WPA ,0.000000,0.000000,0.000,0.000,AP
2026-04-08 13:04:32,1900-01-00 00:00:00,0960-wombat,B8:27:EB:FF:C8:F5,-41, WPA ,0.000000,0.000000,0.000,0.000,AP
2026-04-08 13:04:32,1900-01-00 00:00:00,0960-wombat,B8:27:EB:FF:C8:F5,-41, WPA ,0.000000,0.000000,0.000,0.000,AP
2026-04-08 13:04:32,1900-01-00 00:00:00,0960-wombat,B8:27:EB:FF:C8:F5,-41, WPA ,0.000000,0.000000,0.000,0.000,AP
2026-04-08 13:04:32,1900-01-00 00:00:00,0960-wombat,B8:27:EB:FF:C8:F5,-41, WPA ,0.000000,0.000000,0.000,0.000,AP
2026-04-08 13:04:32,1900-01-00 00:00:00,0960-wombat,B8:27:EB:FF:C8:F5,-41, WPA ,0.000000,0.000000,0.000,0.000,AP
2026-04-08 13:04:32,1900-01-00 00:00:00,0960-wombat,B8:27:EB:FF:C8:F5,-41, WPA ,0.000000,0.000000,0.000,0.000,AP
2026-04-08 13:04:32,1900-01-00 00:00:00,0960-wombat,B8:27:EB:FF:C8:F5,-41, WPA ,0.000000,0.000000,0.000,0.000,AP
2026-04-08 13:04:32,1900-01-00 00:00:00,0960-wombat,B8:27:EB:FF:C8:F5,-41, WPA ,0.000000,0.000000,0.000,0.000,AP
2026-04-08 13:04:32,1900-01-00 00:00:00,0960-wombat,B8:27:EB:FF:C8:F5,-41, WPA ,0.000000,0.000000,0.000,0.000,AP
2026-04-08 13:04:32,1900-01-00 00:00:00,0960-wombat,B8:27:EB:FF:C8:F5,-56, WPA ,0.000000,0.000000,0.000,0.000,AP
2026-04-08 13:04:32,1900-01-00 00:00:00,0960-wombat,B8:27:EB:FF:C8:F5,-56, WPA ,0.000000,0.000000,0.000,0.000,AP
2026-04-08 13:04:32,1900-01-00 00:00:00,0960-wombat,B8:27:EB:FF:C8:F5,-56, WPA ,0.000000,0.000000,0.000,0.000,AP
2026-04-08 13:04:32,1900-01-00 00:00:00,0960-wombat,B8:27:EB:FF:C8:F5,-56, WPA ,0.000000,0.000000,0.000,0.000,AP
2026-04-08 13:04:32,1900-01-00 00:00:00,0960-wombat,B8:27:EB:FF:C8:F5,-56, WPA ,0.000000,0.000000,0.000,0.000,AP
2026-04-08 13:04:32,1900-01-00 00:00:00,0960-wombat,B8:27:EB:FF:C8:F5,-56, WPA ,0.000000,0.000000,0.000,0.000,AP
2026-04-08 13:04:32,1900-01-00 00:00:00,0960-wombat,B8:27:EB:FF:C8:F5,-56, WPA ,0.000000,0.000000,0.000,0.000,AP
2026-04-08 13:04:32,1900-01-00 00:00:00,0960-wombat,B8:27:EB:FF:C8:F5,-56, WPA ,0.000000,0.000000,0.000,0.000,AP
2026-04-08 13:04:32,1900-01-00 00:00:00,0960-wombat,B8:27:EB:FF:C8:F5,-56, WPA ,0.000000,0.000000,0.000,0.000,AP
2026-04-08 13:04:32,1900-01-00 00:00:00,0960-wombat,B8:27:EB:FF:C8:F5,-56, WPA ,0.000000,0.000000,0.000,0.000,AP
2026-04-08 13:04:32,1900-01-00 00:00:00,0960-wombat,B8:27:EB:FF:C8:F5,-56, WPA ,0.000000,0.000000,0.000,0.000,AP
2026-04-08 13:04:32,1900-01-00 00:00:00,0960-wombat,B8:27:EB:FF:C8:F5,-56, WPA ,0.000000,0.000000,0.000,0.000,AP
2026-04-08 13:04:32,1900-01-00 00:00:00,0960-wombat,B8:27:EB:FF:C8:F5,-56, WPA ,0.000000,0.000000,0.000,0.000,AP
2026-04-08 13:04:32,1900-01-00 00:00:00,0960-wombat,B8:27:EB:FF:C8:F5,-56, WPA ,0.000000,0.000000,0.000,0.000,AP
2026-04-08 13:04:32,1900-01-00 00:00:00,0960-wombat,B8:27:EB:FF:C8:F5,-52, WPA ,0.000000,0.000000,0.000,0.000,AP
2026-04-08 13:04:32,1900-01-00 00:00:00,0960-wombat,B8:27:EB:FF:C8:F5,-53, WPA ,0.000000,0.000000,0.000,0.000,AP
2026-04-08 13:04:32,1900-01-00 00:00:00,0960-wombat,B8:27:EB:FF:C8:F5,-57, WPA ,0.000000,0.000000,0.000,0.000,AP
2026-04-08 13:04:32,1900-01-00 00:00:00,0960-wombat,B8:27:EB:FF:C8:F5,-57, WPA ,0.000000,0.000000,0.000,0.000,AP
2026-04-08 13:04:32,1900-01-00 00:00:00,0960-wombat,B8:27:EB:FF:C8:F5,-57, WPA ,0.000000,0.000000,0.000,0.000,AP
2026-04-08 13:04:32,1900-01-00 00:00:00,0960-wombat,B8:27:EB:FF:C8:F5,-57, WPA ,0.000000,0.000000,0.000,0.000,AP
2026-04-08 13:04:32,1900-01-00 00:00:00,0960-wombat,B8:27:EB:FF:C8:F5,-57, WPA ,0.000000,0.000000,0.000,0.000,AP
2026-04-08 13:04:32,1900-01-00 00:00:00,0960-wombat,B8:27:EB:FF:C8:F5,-57, WPA ,0.000000,0.000000,0.000,0.000,AP
2026-04-08 13:04:32,1900-01-00 00:00:00,0960-wombat,B8:27:EB:FF:C8:F5,-57, WPA ,0.000000,0.000000,0.000,0.000,AP
2026-04-08 13:04:32,1900-01-00 00:00:00,0960-wombat,B8:27:EB:FF:C8:F5,-57, WPA ,0.000000,0.000000,0.000,0.000,AP
2026-04-08 13:04:32,1900-01-00 00:00:00,0960-wombat,B8:27:EB:FF:C8:F5,-57, WPA ,0.000000,0.000000,0.000,0.000,AP
2026-04-08 13:04:32,1900-01-00 00:00:00,0960-wombat,B8:27:EB:FF:C8:F5,-57, WPA ,0.000000,0.000000,0.000,0.000,AP
2026-04-08 13:04:32,1900-01-00 00:00:00,0960-wombat,B8:27:EB:FF:C8:F5,-57, WPA ,0.000000,0.000000,0.000,0.000,AP
2026-04-08 13:04:32,1900-01-00 00:00:00,0960-wombat,B8:27:EB:FF:C8:F5,-57, WPA ,0.000000,0.000000,0.000,0.000,AP
2026-04-08 13:04:32,1900-01-00 00:00:00,0960-wombat,B8:27:EB:FF:C8:F5,-57, WPA ,0.000000,0.000000,0.000,0.000,AP
2026-04-08 13:04:32,1900-01-00 00:00:00,0960-wombat,B8:27:EB:FF:C8:F5,-57, WPA ,0.000000,0.000000,0.000,0.000,AP
2026-04-08 13:04:32,1900-01-00 00:00:00,0960-wombat,B8:27:EB:FF:C8:F5,-57, WPA ,0.000000,0.000000,0.000,0.000,AP
2026-04-08 13:04:32,1900-01-00 00:00:00,0960-wombat,B8:27:EB:FF:C8:F5,-57, WPA ,0.000000,0.000000,0.000,0.000,AP
2026-04-08 13:04:32,1900-01-00 00:00:00,0960-wombat,B8:27:EB:FF:C8:F5,-57, WPA ,0.000000,0.000000,0.000,0.000,AP
2026-04-08 13:04:32,1900-01-00 00:00:00,0960-wombat,B8:27:EB:FF:C8:F5,-57, WPA ,0.000000,0.000000,0.000,0.000,AP
2026-04-08 13:04:32,1900-01-00 00:00:00,0960-wombat,B8:27:EB:FF:C8:F5,-54, WPA ,0.000000,0.000000,0.000,0.000,AP
2026-04-08 13:04:32,1900-01-00 00:00:00,0960-wombat,B8:27:EB:FF:C8:F5,-54, WPA ,0.000000,0.000000,0.000,0.000,AP
2026-04-08 13:04:32,1900-01-00 00:00:00,0960-wombat,B8:27:EB:FF:C8:F5,-54, WPA ,0.000000,0.000000,0.000,0.000,AP
2026-04-08 13:04:32,1900-01-00 00:00:00,0960-wombat,B8:27:EB:FF:C8:F5,-54, WPA ,0.000000,0.000000,0.000,0.000,AP
2026-04-08 13:04:32,1900-01-00 00:00:00,0960-wombat,B8:27:EB:FF:C8:F5,-54, WPA ,0.000000,0.000000,0.000,0.000,AP
2026-04-08 13:04:32,1900-01-00 00:00:00,0960-wombat,B8:27:EB:FF:C8:F5,-54, WPA ,0.000000,0.000000,0.000,0.000,AP
2026-04-08 13:04:32,1900-01-00 00:00:00,0960-wombat,B8:27:EB:FF:C8:F5,-54, WPA ,0.000000,0.000000,0.000,0.000,AP
2026-04-08 13:04:32,1900-01-00 00:00:00,0960-wombat,B8:27:EB:FF:C8:F5,-54, WPA ,0.000000,0.000000,0.000,0.000,AP
2026-04-08 13:04:32,1900-01-00 00:00:00,0960-wombat,B8:27:EB:FF:C8:F5,-54, WPA ,0.000000,0.000000,0.000,0.000,AP
2026-04-08 13:04:32,1900-01-00 00:00:00,0960-wombat,B8:27:EB:FF:C8:F5,-54, WPA ,0.000000,0.000000,0.000,0.000,AP
2026-04-08 13:04:32,1900-01-00 00:00:00,0960-wombat,B8:27:EB:FF:C8:F5,-54, WPA ,0.000000,0.000000,0.000,0.000,AP
2026-04-08 13:04:32,1900-01-00 00:00:00,0960-wombat,B8:27:EB:FF:C8:F5,-52, WPA ,0.000000,0.000000,0.000,0.000,AP
2026-04-08 13:04:32,1900-01-00 00:00:00,0960-wombat,B8:27:EB:FF:C8:F5,-58, WPA ,0.000000,0.000000,0.000,0.000,AP
2026-04-08 13:04:32,1900-01-00 00:00:00,0960-wombat,B8:27:EB:FF:C8:F5,-58, WPA ,0.000000,0.000000,0.000,0.000,AP
2026-04-08 13:04:32,1900-01-00 00:00:00,0960-wombat,B8:27:EB:FF:C8:F5,-58, WPA ,0.000000,0.000000,0.000,0.000,AP
2026-04-08 13:04:32,1900-01-00 00:00:00,0960-wombat,B8:27:EB:FF:C8:F5,-58, WPA ,0.000000,0.000000,0.000,0.000,AP
2026-04-08 13:04:32,1900-01-00 00:00:00,0960-wombat,B8:27:EB:FF:C8:F5,-58, WPA ,0.000000,0.000000,0.000,0.000,AP
2026-04-08 13:04:32,1900-01-00 00:00:00,0960-wombat,B8:27:EB:FF:C8:F5,-58, WPA ,0.000000,0.000000,0.000,0.000,AP
2026-04-08 13:04:32,1900-01-00 00:00:00,0960-wombat,B8:27:EB:FF:C8:F5,-41, WPA ,0.000000,0.000000,0.000,0.000,AP
2026-04-08 13:04:32,1900-01-00 00:00:00,0960-wombat,B8:27:EB:FF:C8:F5,-41, WPA ,0.000000,0.000000,0.000,0.000,AP
2026-04-08 13:04:32,1900-01-00 00:00:00,0960-wombat,B8:27:EB:FF:C8:F5,-41, WPA ,0.000000,0.000000,0.000,0.000,AP
2026-04-08 13:04:32,1900-01-00 00:00:00,0960-wombat,B8:27:EB:FF:C8:F5,-41, WPA ,0.000000,0.000000,0.000,0.000,AP
2026-04-08 13:04:32,1900-01-00 00:00:00,0960-wombat,B8:27:EB:FF:C8:F5,-41, WPA ,0.000000,0.000000,0.000,0.000,AP
2026-04-08 13:04:32,1900-01-00 00:00:00,0960-wombat,B8:27:EB:FF:C8:F5,-41, WPA ,0.000000,0.000000,0.000,0.000,AP
2026-04-08 13:04:32,1900-01-00 00:00:00,0960-wombat,B8:27:EB:FF:C8:F5,-41, WPA ,0.000000,0.000000,0.000,0.000,AP
2026-04-08 13:04:32,1900-01-00 00:00:00,0960-wombat,B8:27:EB:FF:C8:F5,-41, WPA ,0.000000,0.000000,0.000,0.000,AP
2026-04-08 13:04:32,1900-01-00 00:00:00,0960-wombat,B8:27:EB:FF:C8:F5,-41, WPA ,0.000000,0.000000,0.000,0.000,AP
2026-04-08 13:04:32,1900-01-00 00:00:00,0960-wombat,B8:27:EB:FF:C8:F5,-41, WPA ,0.000000,0.000000,0.000,0.000,AP
2026-04-08 13:04:32,1900-01-00 00:00:00,0960-wombat,B8:27:EB:FF:C8:F5,-41, WPA ,0.000000,0.000000,0.000,0.000,AP
2026-04-08 13:04:32,1900-01-00 00:00:00,0960-wombat,B8:27:EB:FF:C8:F5,-41, WPA ,0.000000,0.000000,0.000,0.000,AP
2026-04-08 13:04:32,1900-01-00 00:00:00,0960-wombat,B8:27:EB:FF:C8:F5,-55, WPA ,0.000000,0.000000,0.000,0.000,AP
2026-04-08 13:04:32,1900-01-00 00:00:00,0960-wombat,B8:27:EB:FF:C8:F5,-55, WPA ,0.000000,0.000000,0.000,0.000,AP
2026-04-08 13:04:32,1900-01-00 00:00:00,0960-wombat,B8:27:EB:FF:C8:F5,-55, WPA ,0.000000,0.000000,0.000,0.000,AP
2026-04-08 13:04:32,1900-01-00 00:00:00,0960-wombat,B8:27:EB:FF:C8:F5,-55, WPA ,0.000000,0.000000,0.000,0.000,AP
2026-04-08 13:04:32,1900-01-00 00:00:00,0960-wombat,B8:27:EB:FF:C8:F5,-55, WPA ,0.000000,0.000000,0.000,0.000,AP
2026-04-08 13:04:32,1900-01-00 00:00:00,0960-wombat,B8:27:EB:FF:C8:F5,-55, WPA ,0.000000,0.000000,0.000,0.000,AP
2026-04-08 13:04:32,1900-01-00 00:00:00,0960-wombat,B8:27:EB:FF:C8:F5,-55, WPA ,0.000000,0.000000,0.000,0.000,AP
2026-04-08 13:04:32,1900-01-00 00:00:00,0960-wombat,B8:27:EB:FF:C8:F5,-55, WPA ,0.000000,0.000000,0.000,0.000,AP
2026-04-08 13:04:32,1900-01-00 00:00:00,0960-wombat,B8:27:EB:FF:C8:F5,-55, WPA ,0.000000,0.000000,0.000,0.000,AP
2026-04-08 13:04:32,1900-01-00 00:00:00,0960-wombat,B8:27:EB:FF:C8:F5,-55, WPA ,0.000000,0.000000,0.000,0.000,AP
2026-04-08 13:04:32,1900-01-00 00:00:00,0960-wombat,B8:27:EB:FF:C8:F5,-53, WPA ,0.000000,0.000000,0.000,0.000,AP
2026-04-08 13:04:32,1900-01-00 00:00:00,0960-wombat,B8:27:EB:FF:C8:F5,-53, WPA ,0.000000,0.000000,0.000,0.000,AP
2026-04-08 13:04:32,1900-01-00 00:00:00,0960-wombat,B8:27:EB:FF:C8:F5,-53, WPA ,0.000000,0.000000,0.000,0.000,AP
2026-04-08 13:04:33,1900-01-00 00:00:00,0960-wombat,B8:27:EB:FF:C8:F5,-52, WPA ,0.000000,0.000000,0.000,0.000,AP
2026-04-08 13:04:33,1900-01-00 00:00:00,0960-wombat,B8:27:EB:FF:C8:F5,-52, WPA ,0.000000,0.000000,0.000,0.000,AP
2026-04-08 13:04:33,1900-01-00 00:00:00,0960-wombat,B8:27:EB:FF:C8:F5,-53, WPA ,0.000000,0.000000,0.000,0.000,AP
2026-04-08 13:04:33,1900-01-00 00:00:00,0960-wombat,B8:27:EB:FF:C8:F5,-52, WPA ,0.000000,0.000000,0.000,0.000,AP
2026-04-08 13:04:33,1900-01-00 00:00:00,0960-wombat,B8:27:EB:FF:C8:F5,-53, WPA ,0.000000,0.000000,0.000,0.000,AP
2026-04-08 13:04:33,1900-01-00 00:00:00,0960-wombat,B8:27:EB:FF:C8:F5,-51, WPA ,0.000000,0.000000,0.000,0.000,AP
2026-04-08 13:04:33,1900-01-00 00:00:00,0960-wombat,B8:27:EB:FF:C8:F5,-52, WPA ,0.000000,0.000000,0.000,0.000,AP
2026-04-08 13:04:33,1900-01-00 00:00:00,0960-wombat,B8:27:EB:FF:C8:F5,-52, WPA ,0.000000,0.000000,0.000,0.000,AP
2026-04-08 13:04:33,1900-01-00 00:00:00,0960-wombat,B8:27:EB:FF:C8:F5,-52, WPA ,0.000000,0.000000,0.000,0.000,AP
2026-04-08 13:04:33,1900-01-00 00:00:00,0960-wombat,B8:27:EB:FF:C8:F5,-53, WPA ,0.000000,0.000000,0.000,0.000,AP
2026-04-08 13:04:33,1900-01-00 00:00:00,0960-wombat,B8:27:EB:FF:C8:F5,-53, WPA ,0.000000,0.000000,0.000,0.000,AP
2026-04-08 13:04:33,1900-01-00 00:00:00,0960-wombat,B8:27:EB:FF:C8:F5,-52, WPA ,0.000000,0.000000,0.000,0.000,AP
2026-04-08 13:04:33,1900-01-00 00:00:00,0960-wombat,B8:27:EB:FF:C8:F5,-52, WPA ,0.000000,0.000000,0.000,0.000,AP
2026-04-08 13:04:33,1900-01-00 00:00:00,0960-wombat,B8:27:EB:FF:C8:F5,-53, WPA ,0.000000,0.000000,0.000,0.000,AP
2026-04-08 13:04:33,1900-01-00 00:00:00,0960-wombat,B8:27:EB:FF:C8:F5,-53, WPA ,0.000000,0.000000,0.000,0.000,AP
2026-04-08 13:04:33,1900-01-00 00:00:00,0960-wombat,B8:27:EB:FF:C8:F5,-53, WPA ,0.000000,0.000000,0.000,0.000,AP
2026-04-08 13:04:33,1900-01-00 00:00:00,0960-wombat,B8:27:EB:FF:C8:F5,-52, WPA ,0.000000,0.000000,0.000,0.000,AP
2026-04-08 13:04:33,1900-01-00 00:00:00,0960-wombat,B8:27:EB:FF:C8:F5,-53, WPA ,0.000000,0.000000,0.000,0.000,AP
2026-04-08 13:04:33,1900-01-00 00:00:00,0960-wombat,B8:27:EB:FF:C8:F5,-52, WPA ,0.000000,0.000000,0.000,0.000,AP
2026-04-08 13:04:33,1900-01-00 00:00:00,0960-wombat,B8:27:EB:FF:C8:F5,-52, WPA ,0.000000,0.000000,0.000,0.000,AP
2026-04-08 13:04:33,1900-01-00 00:00:00,0960-wombat,B8:27:EB:FF:C8:F5,-53, WPA ,0.000000,0.000000,0.000,0.000,AP
2026-04-08 13:04:33,1900-01-00 00:00:00,0960-wombat,B8:27:EB:FF:C8:F5,-52, WPA ,0.000000,0.000000,0.000,0.000,AP
2026-04-08 13:04:33,1900-01-00 00:00:00,0960-wombat,B8:27:EB:FF:C8:F5,-53, WPA ,0.000000,0.000000,0.000,0.000,AP
2026-04-08 13:04:33,1900-01-00 00:00:00,0960-wombat,B8:27:EB:FF:C8:F5,-53, WPA ,0.000000,0.000000,0.000,0.000,AP
2026-04-08 13:04:33,1900-01-00 00:00:00,0960-wombat,B8:27:EB:FF:C8:F5,-53, WPA ,0.000000,0.000000,0.000,0.000,AP
2026-04-08 13:04:33,1900-01-00 00:00:00,0960-wombat,B8:27:EB:FF:C8:F5,-53, WPA ,0.000000,0.000000,0.000,0.000,AP
2026-04-08 13:04:33,1900-01-00 00:00:00,0960-wombat,B8:27:EB:FF:C8:F5,-52, WPA ,0.000000,0.000000,0.000,0.000,AP
2026-04-08 13:04:33,1900-01-00 00:00:00,0960-wombat,B8:27:EB:FF:C8:F5,-53, WPA ,0.000000,0.000000,0.000,0.000,AP
2026-04-08 13:04:33,1900-01-00 00:00:00,0960-wombat,B8:27:EB:FF:C8:F5,-53, WPA ,0.000000,0.000000,0.000,0.000,AP
2026-04-08 13:04:33,1900-01-00 00:00:00,0960-wombat,B8:27:EB:FF:C8:F5,-53, WPA ,0.000000,0.000000,0.000,0.000,AP
2026-04-08 13:04:33,1900-01-00 00:00:00,0960-wombat,B8:27:EB:FF:C8:F5,-53, WPA ,0.000000,0.000000,0.000,0.000,AP
2026-04-08 13:04:33,1900-01-00 00:00:00,0960-wombat,B8:27:EB:FF:C8:F5,-53, WPA ,0.000000,0.000000,0.000,0.000,AP
2026-04-08 13:04:33,1900-01-00 00:00:00,0960-wombat,B8:27:EB:FF:C8:F5,-52, WPA ,0.000000,0.000000,0.000,0.000,AP
2026-04-08 13:04:33,1900-01-00 00:00:00,0960-wombat,B8:27:EB:FF:C8:F5,-52, WPA ,0.000000,0.000000,0.000,0.000,AP
2026-04-08 13:04:33,1900-01-00 00:00:00,0960-wombat,B8:27:EB:FF:C8:F5,-53, WPA ,0.000000,0.000000,0.000,0.000,AP
2026-04-08 13:04:33,1900-01-00 00:00:00,0960-wombat,B8:27:EB:FF:C8:F5,-53, WPA ,0.000000,0.000000,0.000,0.000,AP
2026-04-08 13:04:33,1900-01-00 00:00:00,0960-wombat,B8:27:EB:FF:C8:F5,-53, WPA ,0.000000,0.000000,0.000,0.000,AP
2026-04-08 13:04:34,1900-01-00 00:00:00,0960-wombat,B8:27:EB:FF:C8:F5,-52, WPA ,0.000000,0.000000,0.000,0.000,AP
2026-04-08 13:04:34,1900-01-00 00:00:00,0960-wombat,B8:27:EB:FF:C8:F5,-53, WPA ,0.000000,0.000000,0.000,0.000,AP
2026-04-08 13:04:34,1900-01-00 00:00:00,0960-wombat,B8:27:EB:FF:C8:F5,-53, WPA ,0.000000,0.000000,0.000,0.000,AP
2026-04-08 13:04:34,1900-01-00 00:00:00,0960-wombat,B8:27:EB:FF:C8:F5,-52, WPA ,0.000000,0.000000,0.000,0.000,AP
2026-04-08 13:04:34,1900-01-00 00:00:00,0960-wombat,B8:27:EB:FF:C8:F5,-52, WPA ,0.000000,0.000000,0.000,0.000,AP
2026-04-08 13:04:34,1900-01-00 00:00:00,0960-wombat,B8:27:EB:FF:C8:F5,-55, WPA ,0.000000,0.000000,0.000,0.000,AP
2026-04-08 13:04:34,1900-01-00 00:00:00,0960-wombat,B8:27:EB:FF:C8:F5,-52, WPA ,0.000000,0.000000,0.000,0.000,AP
2026-04-08 13:04:34,1900-01-00 00:00:00,0960-wombat,B8:27:EB:FF:C8:F5,-52, WPA ,0.000000,0.000000,0.000,0.000,AP
2026-04-08 13:04:34,1900-01-00 00:00:00,0960-wombat,B8:27:EB:FF:C8:F5,-52, WPA ,0.000000,0.000000,0.000,0.000,AP
2026-04-08 13:04:34,1900-01-00 00:00:00,0960-wombat,B8:27:EB:FF:C8:F5,-52, WPA ,0.000000,0.000000,0.000,0.000,AP
2026-04-08 13:04:34,1900-01-00 00:00:00,0960-wombat,B8:27:EB:FF:C8:F5,-52, WPA ,0.000000,0.000000,0.000,0.000,AP
2026-04-08 13:04:34,1900-01-00 00:00:00,0960-wombat,B8:27:EB:FF:C8:F5,-52, WPA ,0.000000,0.000000,0.000,0.000,AP
2026-04-08 13:04:34,1900-01-00 00:00:00,0960-wombat,B8:27:EB:FF:C8:F5,-52, WPA ,0.000000,0.000000,0.000,0.000,AP
2026-04-08 13:04:34,1900-01-00 00:00:00,0960-wombat,B8:27:EB:FF:C8:F5,-52, WPA ,0.000000,0.000000,0.000,0.000,AP
2026-04-08 13:04:34,1900-01-00 00:00:00,0960-wombat,B8:27:EB:FF:C8:F5,-53, WPA ,0.000000,0.000000,0.000,0.000,AP
2026-04-08 13:04:34,1900-01-00 00:00:00,0960-wombat,B8:27:EB:FF:C8:F5,-53, WPA ,0.000000,0.000000,0.000,0.000,AP
2026-04-08 13:04:34,1900-01-00 00:00:00,0960-wombat,B8:27:EB:FF:C8:F5,-53, WPA ,0.000000,0.000000,0.000,0.000,AP
2026-04-08 13:04:34,1900-01-00 00:00:00,0960-wombat,B8:27:EB:FF:C8:F5,-53, WPA ,0.000000,0.000000,0.000,0.000,AP
2026-04-08 13:04:34,1900-01-00 00:00:00,0960-wombat,B8:27:EB:FF:C8:F5,-53, WPA ,0.000000,0.000000,0.000,0.000,AP
2026-04-08 13:04:34,1900-01-00 00:00:00,0960-wombat,B8:27:EB:FF:C8:F5,-53, WPA ,0.000000,0.000000,0.000,0.000,AP
2026-04-08 13:04:34,1900-01-00 00:00:00,0960-wombat,B8:27:EB:FF:C8:F5,-53, WPA ,0.000000,0.000000,0.000,0.000,AP
2026-04-08 13:04:34,1900-01-00 00:00:00,0960-wombat,B8:27:EB:FF:C8:F5,-53, WPA ,0.000000,0.000000,0.000,0.000,AP
2026-04-08 13:04:34,1900-01-00 00:00:00,0960-wombat,B8:27:EB:FF:C8:F5,-53, WPA ,0.000000,0.000000,0.000,0.000,AP
2026-04-08 13:04:34,1900-01-00 00:00:00,0960-wombat,B8:27:EB:FF:C8:F5,-53, WPA ,0.000000,0.000000,0.000,0.000,AP
2026-04-08 13:04:34,1900-01-00 00:00:00,0960-wombat,B8:27:EB:FF:C8:F5,-53, WPA ,0.000000,0.000000,0.000,0.000,AP
2026-04-08 13:04:34,1900-01-00 00:00:00,0960-wombat,B8:27:EB:FF:C8:F5,-53, WPA ,0.000000,0.000000,0.000,0.000,AP
2026-04-08 13:04:34,1900-01-00 00:00:00,0960-wombat,B8:27:EB:FF:C8:F5,-57, WPA ,0.000000,0.000000,0.000,0.000,AP
2026-04-08 13:04:34,1900-01-00 00:00:00,0960-wombat,B8:27:EB:FF:C8:F5,-57, WPA ,0.000000,0.000000,0.000,0.000,AP
2026-04-08 13:04:34,1900-01-00 00:00:00,0960-wombat,B8:27:EB:FF:C8:F5,-57, WPA ,0.000000,0.000000,0.000,0.000,AP
2026-04-08 13:04:34,1900-01-00 00:00:00,0960-wombat,B8:27:EB:FF:C8:F5,-57, WPA ,0.000000,0.000000,0.000,0.000,AP
2026-04-08 13:04:34,1900-01-00 00:00:00,0960-wombat,B8:27:EB:FF:C8:F5,-57, WPA ,0.000000,0.000000,0.000,0.000,AP
2026-04-08 13:04:34,1900-01-00 00:00:00,0960-wombat,B8:27:EB:FF:C8:F5,-57, WPA ,0.000000,0.000000,0.000,0.000,AP
2026-04-08 13:04:34,1900-01-00 00:00:00,0960-wombat,B8:27:EB:FF:C8:F5,-41, WPA ,0.000000,0.000000,0.000,0.000,AP
2026-04-08 13:04:34,1900-01-00 00:00:00,0960-wombat,B8:27:EB:FF:C8:F5,-41, WPA ,0.000000,0.000000,0.000,0.000,AP
2026-04-08 13:04:34,1900-01-00 00:00:00,0960-wombat,B8:27:EB:FF:C8:F5,-54, WPA ,0.000000,0.000000,0.000,0.000,AP
2026-04-08 13:04:34,1900-01-00 00:00:00,0960-wombat,B8:27:EB:FF:C8:F5,-54, WPA ,0.000000,0.000000,0.000,0.000,AP
2026-04-08 13:04:34,1900-01-00 00:00:00,0960-wombat,B8:27:EB:FF:C8:F5,-54, WPA ,0.000000,0.000000,0.000,0.000,AP
2026-04-08 13:04:34,1900-01-00 00:00:00,0960-wombat,B8:27:EB:FF:C8:F5,-54, WPA ,0.000000,0.000000,0.000,0.000,AP
2026-04-08 13:04:34,1900-01-00 00:00:00,0960-wombat,B8:27:EB:FF:C8:F5,-54, WPA ,0.000000,0.000000,0.000,0.000,AP
2026-04-08 13:04:34,1900-01-00 00:00:00,0960-wombat,B8:27:EB:FF:C8:F5,-54, WPA ,0.000000,0.000000,0.000,0.000,AP
2026-04-08 13:04:34,1900-01-00 00:00:00,0960-wombat,B8:27:EB:FF:C8:F5,-54, WPA ,0.000000,0.000000,0.000,0.000,AP
2026-04-08 13:04:34,1900-01-00 00:00:00,0960-wombat,B8:27:EB:FF:C8:F5,-54, WPA ,0.000000,0.000000,0.000,0.000,AP
2026-04-08 13:04:34,1900-01-00 00:00:00,0960-wombat,B8:27:EB:FF:C8:F5,-54, WPA ,0.000000,0.000000,0.000,0.000,AP
2026-04-08 13:04:34,1900-01-00 00:00:00,0960-wombat,B8:27:EB:FF:C8:F5,-54, WPA ,0.000000,0.000000,0.000,0.000,AP
2026-04-08 13:04:34,1900-01-00 00:00:00,0960-wombat,B8:27:EB:FF:C8:F5,-56, WPA ,0.000000,0.000000,0.000,0.000,AP
2026-04-08 13:04:34,1900-01-00 00:00:00,0960-wombat,B8:27:EB:FF:C8:F5,-56, WPA ,0.000000,0.000000,0.000,0.000,AP
2026-04-08 13:04:34,1900-01-00 00:00:00,0960-wombat,B8:27:EB:FF:C8:F5,-56, WPA ,0.000000,0.000000,0.000,0.000,AP
2026-04-08 13:04:34,1900-01-00 00:00:00,0960-wombat,B8:27:EB:FF:C8:F5,-56, WPA ,0.000000,0.000000,0.000,0.000,AP
2026-04-08 13:04:34,1900-01-00 00:00:00,0960-wombat,B8:27:EB:FF:C8:F5,-57, WPA ,0.000000,0.000000,0.000,0.000,AP
2026-04-08 13:04:34,1900-01-00 00:00:00,0960-wombat,B8:27:EB:FF:C8:F5,-57, WPA ,0.000000,0.000000,0.000,0.000,AP
2026-04-08 13:04:34,1900-01-00 00:00:00,0960-wombat,B8:27:EB:FF:C8:F5,-57, WPA ,0.000000,0.000000,0.000,0.000,AP
2026-04-08 13:04:34,1900-01-00 00:00:00,0960-wombat,B8:27:EB:FF:C8:F5,-57, WPA ,0.000000,0.000000,0.000,0.000,AP
2026-04-08 13:04:34,1900-01-00 00:00:00,0960-wombat,B8:27:EB:FF:C8:F5,-57, WPA ,0.000000,0.000000,0.000,0.000,AP
2026-04-08 13:04:34,1900-01-00 00:00:00,0960-wombat,B8:27:EB:FF:C8:F5,-57, WPA ,0.000000,0.000000,0.000,0.000,AP
2026-04-08 13:04:34,1900-01-00 00:00:00,0960-wombat,B8:27:EB:FF:C8:F5,-57, WPA ,0.000000,0.000000,0.000,0.000,AP
2026-04-08 13:04:34,1900-01-00 00:00:00,0960-wombat,B8:27:EB:FF:C8:F5,-57, WPA ,0.000000,0.000000,0.000,0.000,AP
2026-04-08 13:04:34,1900-01-00 00:00:00,0960-wombat,B8:27:EB:FF:C8:F5,-57, WPA ,0.000000,0.000000,0.000,0.000,AP
2026-04-08 13:04:34,1900-01-00 00:00:00,0960-wombat,B8:27:EB:FF:C8:F5,-57, WPA ,0.000000,0.000000,0.000,0.000,AP
2026-04-08 13:04:34,1900-01-00 00:00:00,0960-wombat,B8:27:EB:FF:C8:F5,-57, WPA ,0.000000,0.000000,0.000,0.000,AP
2026-04-08 13:04:34,1900-01-00 00:00:00,0960-wombat,B8:27:EB:FF:C8:F5,-57, WPA ,0.000000,0.000000,0.000,0.000,AP
2026-04-08 13:04:34,1900-01-00 00:00:00,0960-wombat,B8:27:EB:FF:C8:F5,-57, WPA ,0.000000,0.000000,0.000,0.000,AP
2026-04-08 13:04:34,1900-01-00 00:00:00,0960-wombat,B8:27:EB:FF:C8:F5,-57, WPA ,0.000000,0.000000,0.000,0.000,AP
2026-04-08 13:04:34,1900-01-00 00:00:00,0960-wombat,B8:27:EB:FF:C8:F5,-57, WPA ,0.000000,0.000000,0.000,0.000,AP
2026-04-08 13:04:34,1900-01-00 00:00:00,0960-wombat,B8:27:EB:FF:C8:F5,-57, WPA ,0.000000,0.000000,0.000,0.000,AP
2026-04-08 13:04:34,1900-01-00 00:00:00,0960-wombat,B8:27:EB:FF:C8:F5,-54, WPA ,0.000000,0.000000,0.000,0.000,AP
2026-04-08 13:04:34,1900-01-00 00:00:00,0960-wombat,B8:27:EB:FF:C8:F5,-54, WPA ,0.000000,0.000000,0.000,0.000,AP
2026-04-08 13:04:34,1900-01-00 00:00:00,0960-wombat,B8:27:EB:FF:C8:F5,-54, WPA ,0.000000,0.000000,0.000,0.000,AP
2026-04-08 13:04:34,1900-01-00 00:00:00,0960-wombat,B8:27:EB:FF:C8:F5,-54, WPA ,0.000000,0.000000,0.000,0.000,AP
2026-04-08 13:04:34,1900-01-00 00:00:00,0960-wombat,B8:27:EB:FF:C8:F5,-54, WPA ,0.000000,0.000000,0.000,0.000,AP
2026-04-08 13:04:34,1900-01-00 00:00:00,0960-wombat,B8:27:EB:FF:C8:F5,-54, WPA ,0.000000,0.000000,0.000,0.000,AP
2026-04-08 13:04:34,1900-01-00 00:00:00,0960-wombat,B8:27:EB:FF:C8:F5,-54, WPA ,0.000000,0.000000,0.000,0.000,AP
2026-04-08 13:04:34,1900-01-00 00:00:00,0960-wombat,B8:27:EB:FF:C8:F5,-54, WPA ,0.000000,0.000000,0.000,0.000,AP
2026-04-08 13:04:34,1900-01-00 00:00:00,0960-wombat,B8:27:EB:FF:C8:F5,-54, WPA ,0.000000,0.000000,0.000,0.000,AP
2026-04-08 13:04:34,1900-01-00 00:00:00,0960-wombat,B8:27:EB:FF:C8:F5,-54, WPA ,0.000000,0.000000,0.000,0.000,AP
2026-04-08 13:04:34,1900-01-00 00:00:00,0960-wombat,B8:27:EB:FF:C8:F5,-54, WPA ,0.000000,0.000000,0.000,0.000,AP
2026-04-08 13:04:34,1900-01-00 00:00:00,0960-wombat,B8:27:EB:FF:C8:F5,-53, WPA ,0.000000,0.000000,0.000,0.000,AP
2026-04-08 13:04:34,1900-01-00 00:00:00,0960-wombat,B8:27:EB:FF:C8:F5,-53, WPA ,0.000000,0.000000,0.000,0.000,AP
2026-04-08 13:04:34,1900-01-00 00:00:00,0960-wombat,B8:27:EB:FF:C8:F5,-58, WPA ,0.000000,0.000000,0.000,0.000,AP
2026-04-08 13:04:34,1900-01-00 00:00:00,0960-wombat,B8:27:EB:FF:C8:F5,-53, WPA ,0.000000,0.000000,0.000,0.000,AP
2026-04-08 13:04:34,1900-01-00 00:00:00,0960-wombat,B8:27:EB:FF:C8:F5,-53, WPA ,0.000000,0.000000,0.000,0.000,AP
2026-04-08 13:04:34,1900-01-00 00:00:00,0960-wombat,B8:27:EB:FF:C8:F5,-53, WPA ,0.000000,0.000000,0.000,0.000,AP
2026-04-08 13:04:34,1900-01-00 00:00:00,0960-wombat,B8:27:EB:FF:C8:F5,-53, WPA ,0.000000,0.000000,0.000,0.000,AP
2026-04-08 13:04:34,1900-01-00 00:00:00,0960-wombat,B8:27:EB:FF:C8:F5,-53, WPA ,0.000000,0.000000,0.000,0.000,AP
2026-04-08 13:04:34,1900-01-00 00:00:00,0960-wombat,B8:27:EB:FF:C8:F5,-53, WPA ,0.000000,0.000000,0.000,0.000,AP
2026-04-08 13:04:34,1900-01-00 00:00:00,0960-wombat,B8:27:EB:FF:C8:F5,-53, WPA ,0.000000,0.000000,0.000,0.000,AP
2026-04-08 13:04:34,1900-01-00 00:00:00,0960-wombat,B8:27:EB:FF:C8:F5,-53, WPA ,0.000000,0.000000,0.000,0.000,AP
2026-04-08 13:04:34,1900-01-00 00:00:00,0960-wombat,B8:27:EB:FF:C8:F5,-53, WPA ,0.000000,0.000000,0.000,0.000,AP
2026-04-08 13:04:34,1900-01-00 00:00:00,0960-wombat,B8:27:EB:FF:C8:F5,-53, WPA ,0.000000,0.000000,0.000,0.000,AP
2026-04-08 13:04:34,1900-01-00 00:00:00,0960-wombat,B8:27:EB:FF:C8:F5,-53, WPA ,0.000000,0.000000,0.000,0.000,AP
2026-04-08 13:04:34,1900-01-00 00:00:00,0960-wombat,B8:27:EB:FF:C8:F5,-53, WPA ,0.000000,0.000000,0.000,0.000,AP
2026-04-08 13:04:34,1900-01-00 00:00:00,0960-wombat,B8:27:EB:FF:C8:F5,-57, WPA ,0.000000,0.000000,0.000,0.000,AP
2026-04-08 13:04:34,1900-01-00 00:00:00,0960-wombat,B8:27:EB:FF:C8:F5,-57, WPA ,0.000000,0.000000,0.000,0.000,AP
2026-04-08 13:04:34,1900-01-00 00:00:00,0960-wombat,B8:27:EB:FF:C8:F5,-57, WPA ,0.000000,0.000000,0.000,0.000,AP
2026-04-08 13:04:34,1900-01-00 00:00:00,0960-wombat,B8:27:EB:FF:C8:F5,-57, WPA ,0.000000,0.000000,0.000,0.000,AP
2026-04-08 13:04:34,1900-01-00 00:00:00,0960-wombat,B8:27:EB:FF:C8:F5,-57, WPA ,0.000000,0.000000,0.000,0.000,AP
2026-04-08 13:04:34,1900-01-00 00:00:00,0960-wombat,B8:27:EB:FF:C8:F5,-57, WPA ,0.000000,0.000000,0.000,0.000,AP
2026-04-08 13:04:34,1900-01-00 00:00:00,0960-wombat,B8:27:EB:FF:C8:F5,-40, WPA ,0.000000,0.000000,0.000,0.000,AP
2026-04-08 13:04:34,1900-01-00 00:00:00,0960-wombat,B8:27:EB:FF:C8:F5,-57, WPA ,0.000000,0.000000,0.000,0.000,AP
2026-04-08 13:04:34,1900-01-00 00:00:00,0960-wombat,B8:27:EB:FF:C8:F5,-57, WPA ,0.000000,0.000000,0.000,0.000,AP
2026-04-08 13:04:34,1900-01-00 00:00:00,0960-wombat,B8:27:EB:FF:C8:F5,-57, WPA ,0.000000,0.000000,0.000,0.000,AP
2026-04-08 13:04:34,1900-01-00 00:00:00,0960-wombat,B8:27:EB:FF:C8:F5,-57, WPA ,0.000000,0.000000,0.000,0.000,AP
2026-04-08 13:04:34,1900-01-00 00:00:00,0960-wombat,B8:27:EB:FF:C8:F5,-57, WPA ,0.000000,0.000000,0.000,0.000,AP
2026-04-08 13:04:34,1900-01-00 00:00:00,0960-wombat,B8:27:EB:FF:C8:F5,-57, WPA ,0.000000,0.000000,0.000,0.000,AP
2026-04-08 13:04:34,1900-01-00 00:00:00,0960-wombat,B8:27:EB:FF:C8:F5,-57, WPA ,0.000000,0.000000,0.000,0.000,AP
2026-04-08 13:04:34,1900-01-00 00:00:00,0960-wombat,B8:27:EB:FF:C8:F5,-57, WPA ,0.000000,0.000000,0.000,0.000,AP
2026-04-08 13:04:34,1900-01-00 00:00:00,0960-wombat,B8:27:EB:FF:C8:F5,-57, WPA ,0.000000,0.000000,0.000,0.000,AP
2026-04-08 13:04:34,1900-01-00 00:00:00,0960-wombat,B8:27:EB:FF:C8:F5,-57, WPA ,0.000000,0.000000,0.000,0.000,AP
2026-04-08 13:04:34,1900-01-00 00:00:00,0960-wombat,B8:27:EB:FF:C8:F5,-57, WPA ,0.000000,0.000000,0.000,0.000,AP
2026-04-08 13:04:34,1900-01-00 00:00:00,0960-wombat,B8:27:EB:FF:C8:F5,-56, WPA ,0.000000,0.000000,0.000,0.000,AP
2026-04-08 13:04:34,1900-01-00 00:00:00,0960-wombat,B8:27:EB:FF:C8:F5,-56, WPA ,0.000000,0.000000,0.000,0.000,AP
2026-04-08 13:04:34,1900-01-00 00:00:00,0960-wombat,B8:27:EB:FF:C8:F5,-56, WPA ,0.000000,0.000000,0.000,0.000,AP
2026-04-08 13:04:34,1900-01-00 00:00:00,0960-wombat,B8:27:EB:FF:C8:F5,-56, WPA ,0.000000,0.000000,0.000,0.000,AP
2026-04-08 13:04:34,1900-01-00 00:00:00,0960-wombat,B8:27:EB:FF:C8:F5,-56, WPA ,0.000000,0.000000,0.000,0.000,AP
2026-04-08 13:04:34,1900-01-00 00:00:00,0960-wombat,B8:27:EB:FF:C8:F5,-56, WPA ,0.000000,0.000000,0.000,0.000,AP
2026-04-08 13:04:34,1900-01-00 00:00:00,0960-wombat,B8:27:EB:FF:C8:F5,-56, WPA ,0.000000,0.000000,0.000,0.000,AP
2026-04-08 13:04:34,1900-01-00 00:00:00,0960-wombat,B8:27:EB:FF:C8:F5,-56, WPA ,0.000000,0.000000,0.000,0.000,AP
2026-04-08 13:04:34,1900-01-00 00:00:00,0960-wombat,B8:27:EB:FF:C8:F5,-56, WPA ,0.000000,0.000000,0.000,0.000,AP
2026-04-08 13:04:34,1900-01-00 00:00:00,0960-wombat,B8:27:EB:FF:C8:F5,-56, WPA ,0.000000,0.000000,0.000,0.000,AP
2026-04-08 13:04:34,1900-01-00 00:00:00,0960-wombat,B8:27:EB:FF:C8:F5,-56, WPA ,0.000000,0.000000,0.000,0.000,AP
2026-04-08 13:04:34,1900-01-00 00:00:00,0960-wombat,B8:27:EB:FF:C8:F5,-56, WPA ,0.000000,0.000000,0.000,0.000,AP
2026-04-08 13:04:34,1900-01-00 00:00:00,0960-wombat,B8:27:EB:FF:C8:F5,-56, WPA ,0.000000,0.000000,0.000,0.000,AP
2026-04-08 13:04:34,1900-01-00 00:00:00,0960-wombat,B8:27:EB:FF:C8:F5,-56, WPA ,0.000000,0.000000,0.000,0.000,AP
2026-04-08 13:04:34,1900-01-00 00:00:00,0960-wombat,B8:27:EB:FF:C8:F5,-56, WPA ,0.000000,0.000000,0.000,0.000,AP
2026-04-08 13:04:34,1900-01-00 00:00:00,0960-wombat,B8:27:EB:FF:C8:F5,-56, WPA ,0.000000,0.000000,0.000,0.000,AP
2026-04-08 13:04:34,1900-01-00 00:00:00,0960-wombat,B8:27:EB:FF:C8:F5,-56, WPA ,0.000000,0.000000,0.000,0.000,AP
2026-04-08 13:04:34,1900-01-00 00:00:00,0960-wombat,B8:27:EB:FF:C8:F5,-56, WPA ,0.000000,0.000000,0.000,0.000,AP
2026-04-08 13:04:34,1900-01-00 00:00:00,0960-wombat,B8:27:EB:FF:C8:F5,-56, WPA ,0.000000,0.000000,0.000,0.000,AP
2026-04-08 13:04:34,1900-01-00 00:00:00,0960-wombat,B8:27:EB:FF:C8:F5,-56, WPA ,0.000000,0.000000,0.000,0.000,AP
2026-04-08 13:04:34,1900-01-00 00:00:00,0960-wombat,B8:27:EB:FF:C8:F5,-53, WPA ,0.000000,0.000000,0.000,0.000,AP
2026-04-08 13:04:34,1900-01-00 00:00:00,0960-wombat,B8:27:EB:FF:C8:F5,-53, WPA ,0.000000,0.000000,0.000,0.000,AP
2026-04-08 13:04:34,1900-01-00 00:00:00,0960-wombat,B8:27:EB:FF:C8:F5,-53, WPA ,0.000000,0.000000,0.000,0.000,AP
2026-04-08 13:04:34,1900-01-00 00:00:00,0960-wombat,B8:27:EB:FF:C8:F5,-53, WPA ,0.000000,0.000000,0.000,0.000,AP
2026-04-08 13:04:34,1900-01-00 00:00:00,0960-wombat,B8:27:EB:FF:C8:F5,-53, WPA ,0.000000,0.000000,0.000,0.000,AP
2026-04-08 13:04:34,1900-01-00 00:00:00,0960-wombat,B8:27:EB:FF:C8:F5,-53, WPA ,0.000000,0.000000,0.000,0.000,AP
2026-04-08 13:04:34,1900-01-00 00:00:00,0960-wombat,B8:27:EB:FF:C8:F5,-53, WPA ,0.000000,0.000000,0.000,0.000,AP
2026-04-08 13:04:34,1900-01-00 00:00:00,0960-wombat,B8:27:EB:FF:C8:F5,-53, WPA ,0.000000,0.000000,0.000,0.000,AP
2026-04-08 13:04:34,1900-01-00 00:00:00,0960-wombat,B8:27:EB:FF:C8:F5,-53, WPA ,0.000000,0.000000,0.000,0.000,AP
2026-04-08 13:04:34,1900-01-00 00:00:00,0960-wombat,B8:27:EB:FF:C8:F5,-53, WPA ,0.000000,0.000000,0.000,0.000,AP
2026-04-08 13:04:34,1900-01-00 00:00:00,0960-wombat,B8:27:EB:FF:C8:F5,-53, WPA ,0.000000,0.000000,0.000,0.000,AP
2026-04-08 13:04:34,1900-01-00 00:00:00,0960-wombat,B8:27:EB:FF:C8:F5,-53, WPA ,0.000000,0.000000,0.000,0.000,AP
2026-04-08 13:04:34,1900-01-00 00:00:00,0960-wombat,B8:27:EB:FF:C8:F5,-58, WPA ,0.000000,0.000000,0.000,0.000,AP
2026-04-08 13:04:34,1900-01-00 00:00:00,0960-wombat,B8:27:EB:FF:C8:F5,-58, WPA ,0.000000,0.000000,0.000,0.000,AP
2026-04-08 13:04:34,1900-01-00 00:00:00,0960-wombat,B8:27:EB:FF:C8:F5,-58, WPA ,0.000000,0.000000,0.000,0.000,AP
2026-04-08 13:04:34,1900-01-00 00:00:00,0960-wombat,B8:27:EB:FF:C8:F5,-58, WPA ,0.000000,0.000000,0.000,0.000,AP
2026-04-08 13:04:34,1900-01-00 00:00:00,0960-wombat,B8:27:EB:FF:C8:F5,-58, WPA ,0.000000,0.000000,0.000,0.000,AP
2026-04-08 13:04:34,1900-01-00 00:00:00,0960-wombat,B8:27:EB:FF:C8:F5,-58, WPA ,0.000000,0.000000,0.000,0.000,AP
2026-04-08 13:04:34,1900-01-00 00:00:00,0960-wombat,B8:27:EB:FF:C8:F5,-40, WPA ,0.000000,0.000000,0.000,0.000,AP
2026-04-08 13:04:34,1900-01-00 00:00:00,0960-wombat,B8:27:EB:FF:C8:F5,-40, WPA ,0.000000,0.000000,0.000,0.000,AP
2026-04-08 13:04:34,1900-01-00 00:00:00,0960-wombat,B8:27:EB:FF:C8:F5,-40, WPA ,0.000000,0.000000,0.000,0.000,AP
2026-04-08 13:04:34,1900-01-00 00:00:00,0960-wombat,B8:27:EB:FF:C8:F5,-40, WPA ,0.000000,0.000000,0.000,0.000,AP
2026-04-08 13:04:34,1900-01-00 00:00:00,0960-wombat,B8:27:EB:FF:C8:F5,-40, WPA ,0.000000,0.000000,0.000,0.000,AP
2026-04-08 13:04:34,1900-01-00 00:00:00,0960-wombat,B8:27:EB:FF:C8:F5,-40, WPA ,0.000000,0.000000,0.000,0.000,AP
2026-04-08 13:04:34,1900-01-00 00:00:00,0960-wombat,B8:27:EB:FF:C8:F5,-53, WPA ,0.000000,0.000000,0.000,0.000,AP
2026-04-08 13:04:34,1900-01-00 00:00:00,0960-wombat,B8:27:EB:FF:C8:F5,-53, WPA ,0.000000,0.000000,0.000,0.000,AP
2026-04-08 13:04:34,1900-01-00 00:00:00,0960-wombat,B8:27:EB:FF:C8:F5,-53, WPA ,0.000000,0.000000,0.000,0.000,AP
2026-04-08 13:04:34,1900-01-00 00:00:00,0960-wombat,B8:27:EB:FF:C8:F5,-53, WPA ,0.000000,0.000000,0.000,0.000,AP
2026-04-08 13:04:34,1900-01-00 00:00:00,0960-wombat,B8:27:EB:FF:C8:F5,-53, WPA ,0.000000,0.000000,0.000,0.000,AP
2026-04-08 13:04:34,1900-01-00 00:00:00,0960-wombat,B8:27:EB:FF:C8:F5,-54, WPA ,0.000000,0.000000,0.000,0.000,AP
2026-04-08 13:04:35,1900-01-00 00:00:00,0960-wombat,B8:27:EB:FF:C8:F5,-53, WPA ,0.000000,0.000000,0.000,0.000,AP
2026-04-08 13:04:35,1900-01-00 00:00:00,0960-wombat,B8:27:EB:FF:C8:F5,-52, WPA ,0.000000,0.000000,0.000,0.000,AP
2026-04-08 13:04:35,1900-01-00 00:00:00,0960-wombat,B8:27:EB:FF:C8:F5,-53, WPA ,0.000000,0.000000,0.000,0.000,AP
2026-04-08 13:04:35,1900-01-00 00:00:00,0960-wombat,B8:27:EB:FF:C8:F5,-53, WPA ,0.000000,0.000000,0.000,0.000,AP
2026-04-08 13:04:35,1900-01-00 00:00:00,0960-wombat,B8:27:EB:FF:C8:F5,-53, WPA ,0.000000,0.000000,0.000,0.000,AP
2026-04-08 13:04:35,1900-01-00 00:00:00,0960-wombat,B8:27:EB:FF:C8:F5,-53, WPA ,0.000000,0.000000,0.000,0.000,AP
2026-04-08 13:04:35,1900-01-00 00:00:00,0960-wombat,B8:27:EB:FF:C8:F5,-56, WPA ,0.000000,0.000000,0.000,0.000,AP
2026-04-08 13:04:35,1900-01-00 00:00:00,0960-wombat,B8:27:EB:FF:C8:F5,-56, WPA ,0.000000,0.000000,0.000,0.000,AP
2026-04-08 13:04:35,1900-01-00 00:00:00,0960-wombat,B8:27:EB:FF:C8:F5,-56, WPA ,0.000000,0.000000,0.000,0.000,AP
2026-04-08 13:04:35,1900-01-00 00:00:00,0960-wombat,B8:27:EB:FF:C8:F5,-56, WPA ,0.000000,0.000000,0.000,0.000,AP
2026-04-08 13:04:35,1900-01-00 00:00:00,0960-wombat,B8:27:EB:FF:C8:F5,-56, WPA ,0.000000,0.000000,0.000,0.000,AP
2026-04-08 13:04:35,1900-01-00 00:00:00,0960-wombat,B8:27:EB:FF:C8:F5,-56, WPA ,0.000000,0.000000,0.000,0.000,AP
2026-04-08 13:04:35,1900-01-00 00:00:00,0960-wombat,B8:27:EB:FF:C8:F5,-56, WPA ,0.000000,0.000000,0.000,0.000,AP
2026-04-08 13:04:35,1900-01-00 00:00:00,0960-wombat,B8:27:EB:FF:C8:F5,-56, WPA ,0.000000,0.000000,0.000,0.000,AP
2026-04-08 13:04:35,1900-01-00 00:00:00,0960-wombat,B8:27:EB:FF:C8:F5,-56, WPA ,0.000000,0.000000,0.000,0.000,AP
2026-04-08 13:04:35,1900-01-00 00:00:00,0960-wombat,B8:27:EB:FF:C8:F5,-56, WPA ,0.000000,0.000000,0.000,0.000,AP
2026-04-08 13:04:35,1900-01-00 00:00:00,0960-wombat,B8:27:EB:FF:C8:F5,-53, WPA ,0.000000,0.000000,0.000,0.000,AP
2026-04-08 13:04:35,1900-01-00 00:00:00,0960-wombat,B8:27:EB:FF:C8:F5,-53, WPA ,0.000000,0.000000,0.000,0.000,AP
2026-04-08 13:04:35,1900-01-00 00:00:00,0960-wombat,B8:27:EB:FF:C8:F5,-53, WPA ,0.000000,0.000000,0.000,0.000,AP
2026-04-08 13:04:35,1900-01-00 00:00:00,0960-wombat,B8:27:EB:FF:C8:F5,-53, WPA ,0.000000,0.000000,0.000,0.000,AP
2026-04-08 13:04:35,1900-01-00 00:00:00,0960-wombat,B8:27:EB:FF:C8:F5,-53, WPA ,0.000000,0.000000,0.000,0.000,AP
2026-04-08 13:04:35,1900-01-00 00:00:00,0960-wombat,B8:27:EB:FF:C8:F5,-53, WPA ,0.000000,0.000000,0.000,0.000,AP
2026-04-08 13:04:35,1900-01-00 00:00:00,0960-wombat,B8:27:EB:FF:C8:F5,-53, WPA ,0.000000,0.000000,0.000,0.000,AP
2026-04-08 13:04:35,1900-01-00 00:00:00,0960-wombat,B8:27:EB:FF:C8:F5,-53, WPA ,0.000000,0.000000,0.000,0.000,AP
2026-04-08 13:04:35,1900-01-00 00:00:00,0960-wombat,B8:27:EB:FF:C8:F5,-53, WPA ,0.000000,0.000000,0.000,0.000,AP
2026-04-08 13:04:35,1900-01-00 00:00:00,0960-wombat,B8:27:EB:FF:C8:F5,-53, WPA ,0.000000,0.000000,0.000,0.000,AP
2026-04-08 13:04:35,1900-01-00 00:00:00,0960-wombat,B8:27:EB:FF:C8:F5,-53, WPA ,0.000000,0.000000,0.000,0.000,AP
2026-04-08 13:04:35,1900-01-00 00:00:00,0960-wombat,B8:27:EB:FF:C8:F5,-53, WPA ,0.000000,0.000000,0.000,0.000,AP
2026-04-08 13:04:35,1900-01-00 00:00:00,0960-wombat,B8:27:EB:FF:C8:F5,-53, WPA ,0.000000,0.000000,0.000,0.000,AP
2026-04-08 13:04:35,1900-01-00 00:00:00,0960-wombat,B8:27:EB:FF:C8:F5,-58, WPA ,0.000000,0.000000,0.000,0.000,AP
2026-04-08 13:04:35,1900-01-00 00:00:00,0960-wombat,B8:27:EB:FF:C8:F5,-58, WPA ,0.000000,0.000000,0.000,0.000,AP
2026-04-08 13:04:35,1900-01-00 00:00:00,0960-wombat,B8:27:EB:FF:C8:F5,-58, WPA ,0.000000,0.000000,0.000,0.000,AP
2026-04-08 13:04:35,1900-01-00 00:00:00,0960-wombat,B8:27:EB:FF:C8:F5,-58, WPA ,0.000000,0.000000,0.000,0.000,AP
2026-04-08 13:04:35,1900-01-00 00:00:00,0960-wombat,B8:27:EB:FF:C8:F5,-58, WPA ,0.000000,0.000000,0.000,0.000,AP
2026-04-08 13:04:35,1900-01-00 00:00:00,0960-wombat,B8:27:EB:FF:C8:F5,-58, WPA ,0.000000,0.000000,0.000,0.000,AP
2026-04-08 13:04:35,1900-01-00 00:00:00,0960-wombat,B8:27:EB:FF:C8:F5,-39, WPA ,0.000000,0.000000,0.000,0.000,AP
2026-04-08 13:04:35,1900-01-00 00:00:00,0960-wombat,B8:27:EB:FF:C8:F5,-39, WPA ,0.000000,0.000000,0.000,0.000,AP
2026-04-08 13:04:35,1900-01-00 00:00:00,0960-wombat,B8:27:EB:FF:C8:F5,-39, WPA ,0.000000,0.000000,0.000,0.000,AP
2026-04-08 13:04:35,1900-01-00 00:00:00,0960-wombat,B8:27:EB:FF:C8:F5,-39, WPA ,0.000000,0.000000,0.000,0.000,AP
2026-04-08 13:04:35,1900-01-00 00:00:00,0960-wombat,B8:27:EB:FF:C8:F5,-39, WPA ,0.000000,0.000000,0.000,0.000,AP
2026-04-08 13:04:35,1900-01-00 00:00:00,0960-wombat,B8:27:EB:FF:C8:F5,-39, WPA ,0.000000,0.000000,0.000,0.000,AP
2026-04-08 13:04:35,1900-01-00 00:00:00,0960-wombat,B8:27:EB:FF:C8:F5,-39, WPA ,0.000000,0.000000,0.000,0.000,AP
2026-04-08 13:04:35,1900-01-00 00:00:00,0960-wombat,B8:27:EB:FF:C8:F5,-39, WPA ,0.000000,0.000000,0.000,0.000,AP
2026-04-08 13:04:35,1900-01-00 00:00:00,0960-wombat,B8:27:EB:FF:C8:F5,-39, WPA ,0.000000,0.000000,0.000,0.000,AP
2026-04-08 13:04:35,1900-01-00 00:00:00,0960-wombat,B8:27:EB:FF:C8:F5,-39, WPA ,0.000000,0.000000,0.000,0.000,AP
2026-04-08 13:04:35,1900-01-00 00:00:00,0960-wombat,B8:27:EB:FF:C8:F5,-39, WPA ,0.000000,0.000000,0.000,0.000,AP
2026-04-08 13:04:35,1900-01-00 00:00:00,0960-wombat,B8:27:EB:FF:C8:F5,-57, WPA ,0.000000,0.000000,0.000,0.000,AP
2026-04-08 13:04:35,1900-01-00 00:00:00,0960-wombat,B8:27:EB:FF:C8:F5,-57, WPA ,0.000000,0.000000,0.000,0.000,AP
2026-04-08 13:04:35,1900-01-00 00:00:00,0960-wombat,B8:27:EB:FF:C8:F5,-57, WPA ,0.000000,0.000000,0.000,0.000,AP
2026-04-08 13:04:35,1900-01-00 00:00:00,0960-wombat,B8:27:EB:FF:C8:F5,-57, WPA ,0.000000,0.000000,0.000,0.000,AP
2026-04-08 13:04:35,1900-01-00 00:00:00,0960-wombat,B8:27:EB:FF:C8:F5,-57, WPA ,0.000000,0.000000,0.000,0.000,AP
2026-04-08 13:04:35,1900-01-00 00:00:00,0960-wombat,B8:27:EB:FF:C8:F5,-57, WPA ,0.000000,0.000000,0.000,0.000,AP
2026-04-08 13:04:35,1900-01-00 00:00:00,0960-wombat,B8:27:EB:FF:C8:F5,-57, WPA ,0.000000,0.000000,0.000,0.000,AP
2026-04-08 13:04:35,1900-01-00 00:00:00,0960-wombat,B8:27:EB:FF:C8:F5,-57, WPA ,0.000000,0.000000,0.000,0.000,AP
2026-04-08 13:04:35,1900-01-00 00:00:00,0960-wombat,B8:27:EB:FF:C8:F5,-57, WPA ,0.000000,0.000000,0.000,0.000,AP
2026-04-08 13:04:35,1900-01-00 00:00:00,0960-wombat,B8:27:EB:FF:C8:F5,-57, WPA ,0.000000,0.000000,0.000,0.000,AP
2026-04-08 13:04:35,1900-01-00 00:00:00,0960-wombat,B8:27:EB:FF:C8:F5,-57, WPA ,0.000000,0.000000,0.000,0.000,AP
2026-04-08 13:04:35,1900-01-00 00:00:00,0960-wombat,B8:27:EB:FF:C8:F5,-57, WPA ,0.000000,0.000000,0.000,0.000,AP
2026-04-08 13:04:35,1900-01-00 00:00:00,0960-wombat,B8:27:EB:FF:C8:F5,-57, WPA ,0.000000,0.000000,0.000,0.000,AP
2026-04-08 13:04:35,1900-01-00 00:00:00,0960-wombat,B8:27:EB:FF:C8:F5,-57, WPA ,0.000000,0.000000,0.000,0.000,AP
2026-04-08 13:04:35,1900-01-00 00:00:00,0960-wombat,B8:27:EB:FF:C8:F5,-57, WPA ,0.000000,0.000000,0.000,0.000,AP
2026-04-08 13:04:35,1900-01-00 00:00:00,0960-wombat,B8:27:EB:FF:C8:F5,-57, WPA ,0.000000,0.000000,0.000,0.000,AP
2026-04-08 13:04:35,1900-01-00 00:00:00,0960-wombat,B8:27:EB:FF:C8:F5,-52, WPA ,0.000000,0.000000,0.000,0.000,AP
2026-04-08 13:04:35,1900-01-00 00:00:00,0960-wombat,B8:27:EB:FF:C8:F5,-53, WPA ,0.000000,0.000000,0.000,0.000,AP
2026-04-08 13:04:36,1900-01-00 00:00:00,0960-wombat,B8:27:EB:FF:C8:F5,-53, WPA ,0.000000,0.000000,0.000,0.000,AP
2026-04-08 13:04:36,1900-01-00 00:00:00,0960-wombat,B8:27:EB:FF:C8:F5,-53, WPA ,0.000000,0.000000,0.000,0.000,AP
2026-04-08 13:04:36,1900-01-00 00:00:00,0960-wombat,B8:27:EB:FF:C8:F5,-53, WPA ,0.000000,0.000000,0.000,0.000,AP
2026-04-08 13:04:36,1900-01-00 00:00:00,0960-wombat,B8:27:EB:FF:C8:F5,-53, WPA ,0.000000,0.000000,0.000,0.000,AP
2026-04-08 13:04:36,1900-01-00 00:00:00,0960-wombat,B8:27:EB:FF:C8:F5,-52, WPA ,0.000000,0.000000,0.000,0.000,AP
2026-04-08 13:04:36,1900-01-00 00:00:00,0960-wombat,B8:27:EB:FF:C8:F5,-53, WPA ,0.000000,0.000000,0.000,0.000,AP
2026-04-08 13:04:36,1900-01-00 00:00:00,0960-wombat,B8:27:EB:FF:C8:F5,-53, WPA ,0.000000,0.000000,0.000,0.000,AP
2026-04-08 13:04:36,1900-01-00 00:00:00,0960-wombat,B8:27:EB:FF:C8:F5,-53, WPA ,0.000000,0.000000,0.000,0.000,AP
2026-04-08 13:04:36,1900-01-00 00:00:00,0960-wombat,B8:27:EB:FF:C8:F5,-52, WPA ,0.000000,0.000000,0.000,0.000,AP
2026-04-08 13:04:36,1900-01-00 00:00:00,0960-wombat,B8:27:EB:FF:C8:F5,-52, WPA ,0.000000,0.000000,0.000,0.000,AP
2026-04-08 13:04:37,1900-01-00 00:00:00,0960-wombat,B8:27:EB:FF:C8:F5,-52, WPA ,0.000000,0.000000,0.000,0.000,AP
2026-04-08 13:04:37,1900-01-00 00:00:00,0960-wombat,B8:27:EB:FF:C8:F5,-52, WPA ,0.000000,0.000000,0.000,0.000,AP
2026-04-08 13:04:37,1900-01-00 00:00:00,0960-wombat,B8:27:EB:FF:C8:F5,-52, WPA ,0.000000,0.000000,0.000,0.000,AP
2026-04-08 13:04:37,1900-01-00 00:00:00,0960-wombat,B8:27:EB:FF:C8:F5,-52, WPA ,0.000000,0.000000,0.000,0.000,AP
2026-04-08 13:04:37,1900-01-00 00:00:00,0960-wombat,B8:27:EB:FF:C8:F5,-52, WPA ,0.000000,0.000000,0.000,0.000,AP
2026-04-08 13:04:37,1900-01-00 00:00:00,0960-wombat,B8:27:EB:FF:C8:F5,-51, WPA ,0.000000,0.000000,0.000,0.000,AP
2026-04-08 13:04:37,1900-01-00 00:00:00,0960-wombat,B8:27:EB:FF:C8:F5,-52, WPA ,0.000000,0.000000,0.000,0.000,AP
2026-04-08 13:04:37,1900-01-00 00:00:00,0960-wombat,B8:27:EB:FF:C8:F5,-51, WPA ,0.000000,0.000000,0.000,0.000,AP
2026-04-08 13:04:37,1900-01-00 00:00:00,0960-wombat,B8:27:EB:FF:C8:F5,-51, WPA ,0.000000,0.000000,0.000,0.000,AP
2026-04-08 13:04:37,1900-01-00 00:00:00,0960-wombat,B8:27:EB:FF:C8:F5,-51, WPA ,0.000000,0.000000,0.000,0.000,AP
2026-04-08 13:04:37,1900-01-00 00:00:00,0960-wombat,B8:27:EB:FF:C8:F5,-51, WPA ,0.000000,0.000000,0.000,0.000,AP
2026-04-08 13:04:37,1900-01-00 00:00:00,0960-wombat,B8:27:EB:FF:C8:F5,-51, WPA ,0.000000,0.000000,0.000,0.000,AP
2026-04-08 13:04:37,1900-01-00 00:00:00,0960-wombat,B8:27:EB:FF:C8:F5,-51, WPA ,0.000000,0.000000,0.000,0.000,AP
2026-04-08 13:04:37,1900-01-00 00:00:00,0960-wombat,B8:27:EB:FF:C8:F5,-52, WPA ,0.000000,0.000000,0.000,0.000,AP
2026-04-08 13:04:37,1900-01-00 00:00:00,0960-wombat,B8:27:EB:FF:C8:F5,-52, WPA ,0.000000,0.000000,0.000,0.000,AP
2026-04-08 13:04:37,1900-01-00 00:00:00,0960-wombat,B8:27:EB:FF:C8:F5,-47, WPA ,0.000000,0.000000,0.000,0.000,AP
2026-04-08 13:04:37,1900-01-00 00:00:00,0960-wombat,B8:27:EB:FF:C8:F5,-51, WPA ,0.000000,0.000000,0.000,0.000,AP
2026-04-08 13:04:37,1900-01-00 00:00:00,0960-wombat,B8:27:EB:FF:C8:F5,-51, WPA ,0.000000,0.000000,0.000,0.000,AP
2026-04-08 13:04:37,1900-01-00 00:00:00,0960-wombat,B8:27:EB:FF:C8:F5,-52, WPA ,0.000000,0.000000,0.000,0.000,AP
2026-04-08 13:04:37,1900-01-00 00:00:00,0960-wombat,B8:27:EB:FF:C8:F5,-51, WPA ,0.000000,0.000000,0.000,0.000,AP
2026-04-08 13:04:37,1900-01-00 00:00:00,0960-wombat,B8:27:EB:FF:C8:F5,-52, WPA ,0.000000,0.000000,0.000,0.000,AP
2026-04-08 13:04:38,1900-01-00 00:00:00,0960-wombat,B8:27:EB:FF:C8:F5,-52, WPA ,0.000000,0.000000,0.000,0.000,AP
2026-04-08 13:04:38,1900-01-00 00:00:00,0960-wombat,B8:27:EB:FF:C8:F5,-53, WPA ,0.000000,0.000000,0.000,0.000,AP
2026-04-08 13:04:38,1900-01-00 00:00:00,0960-wombat,B8:27:EB:FF:C8:F5,-52, WPA ,0.000000,0.000000,0.000,0.000,AP
2026-04-08 13:04:38,1900-01-00 00:00:00,0960-wombat,B8:27:EB:FF:C8:F5,-53, WPA ,0.000000,0.000000,0.000,0.000,AP
2026-04-08 13:04:38,1900-01-00 00:00:00,0960-wombat,B8:27:EB:FF:C8:F5,-53, WPA ,0.000000,0.000000,0.000,0.000,AP
2026-04-08 13:04:38,1900-01-00 00:00:00,0960-wombat,B8:27:EB:FF:C8:F5,-53, WPA ,0.000000,0.000000,0.000,0.000,AP
2026-04-08 13:04:38,1900-01-00 00:00:00,0960-wombat,B8:27:EB:FF:C8:F5,-54, WPA ,0.000000,0.000000,0.000,0.000,AP
2026-04-08 13:04:38,1900-01-00 00:00:00,0960-wombat,B8:27:EB:FF:C8:F5,-54, WPA ,0.000000,0.000000,0.000,0.000,AP
2026-04-08 13:04:38,1900-01-00 00:00:00,0960-wombat,B8:27:EB:FF:C8:F5,-54, WPA ,0.000000,0.000000,0.000,0.000,AP
2026-04-08 13:04:38,1900-01-00 00:00:00,0960-wombat,B8:27:EB:FF:C8:F5,-54, WPA ,0.000000,0.000000,0.000,0.000,AP
2026-04-08 13:04:39,1900-01-00 00:00:00,0960-wombat,B8:27:EB:FF:C8:F5,-53, WPA ,0.000000,0.000000,0.000,0.000,AP
2026-04-08 13:04:39,1900-01-00 00:00:00,0960-wombat,B8:27:EB:FF:C8:F5,-52, WPA ,0.000000,0.000000,0.000,0.000,AP
2026-04-08 13:04:39,1900-01-00 00:00:00,0960-wombat,B8:27:EB:FF:C8:F5,-53, WPA ,0.000000,0.000000,0.000,0.000,AP
2026-04-08 13:04:39,1900-01-00 00:00:00,0960-wombat,B8:27:EB:FF:C8:F5,-52, WPA ,0.000000,0.000000,0.000,0.000,AP
2026-04-08 13:04:39,1900-01-00 00:00:00,0960-wombat,B8:27:EB:FF:C8:F5,-52, WPA ,0.000000,0.000000,0.000,0.000,AP
2026-04-08 13:04:39,1900-01-00 00:00:00,0960-wombat,B8:27:EB:FF:C8:F5,-52, WPA ,0.000000,0.000000,0.000,0.000,AP
2026-04-08 13:04:39,1900-01-00 00:00:00,0960-wombat,B8:27:EB:FF:C8:F5,-52, WPA ,0.000000,0.000000,0.000,0.000,AP
2026-04-08 13:04:39,1900-01-00 00:00:00,0960-wombat,B8:27:EB:FF:C8:F5,-52, WPA ,0.000000,0.000000,0.000,0.000,AP
2026-04-08 13:04:39,1900-01-00 00:00:00,0960-wombat,B8:27:EB:FF:C8:F5,-51, WPA ,0.000000,0.000000,0.000,0.000,AP
2026-04-08 13:04:39,1900-01-00 00:00:00,0960-wombat,B8:27:EB:FF:C8:F5,-51, WPA ,0.000000,0.000000,0.000,0.000,AP
2026-04-08 13:04:40,1900-01-00 00:00:00,0960-wombat,B8:27:EB:FF:C8:F5,-52, WPA ,0.000000,0.000000,0.000,0.000,AP
2026-04-08 13:04:40,1900-01-00 00:00:00,0960-wombat,B8:27:EB:FF:C8:F5,-51, WPA ,0.000000,0.000000,0.000,0.000,AP
2026-04-08 13:04:40,1900-01-00 00:00:00,0960-wombat,B8:27:EB:FF:C8:F5,-52, WPA ,0.000000,0.000000,0.000,0.000,AP
2026-04-08 13:04:40,1900-01-00 00:00:00,0960-wombat,B8:27:EB:FF:C8:F5,-52, WPA ,0.000000,0.000000,0.000,0.000,AP
2026-04-08 13:04:40,1900-01-00 00:00:00,0960-wombat,B8:27:EB:FF:C8:F5,-52, WPA ,0.000000,0.000000,0.000,0.000,AP
2026-04-08 13:04:40,1900-01-00 00:00:00,0960-wombat,B8:27:EB:FF:C8:F5,-52, WPA ,0.000000,0.000000,0.000,0.000,AP
2026-04-08 13:04:40,1900-01-00 00:00:00,0960-wombat,B8:27:EB:FF:C8:F5,-52, WPA ,0.000000,0.000000,0.000,0.000,AP
2026-04-08 13:04:40,1900-01-00 00:00:00,0960-wombat,B8:27:EB:FF:C8:F5,-51, WPA ,0.000000,0.000000,0.000,0.000,AP
2026-04-08 13:04:40,1900-01-00 00:00:00,0960-wombat,B8:27:EB:FF:C8:F5,-52, WPA ,0.000000,0.000000,0.000,0.000,AP
2026-04-08 13:04:40,1900-01-00 00:00:00,0960-wombat,B8:27:EB:FF:C8:F5,-52, WPA ,0.000000,0.000000,0.000,0.000,AP
2026-04-08 13:04:41,1900-01-00 00:00:00,0960-wombat,B8:27:EB:FF:C8:F5,-52, WPA ,0.000000,0.000000,0.000,0.000,AP
2026-04-08 13:04:41,1900-01-00 00:00:00,0960-wombat,B8:27:EB:FF:C8:F5,-51, WPA ,0.000000,0.000000,0.000,0.000,AP
2026-04-08 13:04:41,1900-01-00 00:00:00,0960-wombat,B8:27:EB:FF:C8:F5,-52, WPA ,0.000000,0.000000,0.000,0.000,AP
2026-04-08 13:04:41,1900-01-00 00:00:00,0960-wombat,B8:27:EB:FF:C8:F5,-52, WPA ,0.000000,0.000000,0.000,0.000,AP
2026-04-08 13:04:41,1900-01-00 00:00:00,0960-wombat,B8:27:EB:FF:C8:F5,-51, WPA ,0.000000,0.000000,0.000,0.000,AP
2026-04-08 13:04:41,1900-01-00 00:00:00,0960-wombat,B8:27:EB:FF:C8:F5,-52, WPA ,0.000000,0.000000,0.000,0.000,AP
2026-04-08 13:04:41,1900-01-00 00:00:00,0960-wombat,B8:27:EB:FF:C8:F5,-52, WPA ,0.000000,0.000000,0.000,0.000,AP
2026-04-08 13:04:41,1900-01-00 00:00:00,0960-wombat,B8:27:EB:FF:C8:F5,-51, WPA ,0.000000,0.000000,0.000,0.000,AP
2026-04-08 13:04:41,1900-01-00 00:00:00,0960-wombat,B8:27:EB:FF:C8:F5,-51, WPA ,0.000000,0.000000,0.000,0.000,AP
2026-04-08 13:04:41,1900-01-00 00:00:00,0960-wombat,B8:27:EB:FF:C8:F5,-52, WPA ,0.000000,0.000000,0.000,0.000,AP
2026-04-08 13:04:42,1900-01-00 00:00:00,0960-wombat,B8:27:EB:FF:C8:F5,-52, WPA ,0.000000,0.000000,0.000,0.000,AP
2026-04-08 13:04:42,1900-01-00 00:00:00,0960-wombat,B8:27:EB:FF:C8:F5,-52, WPA ,0.000000,0.000000,0.000,0.000,AP
2026-04-08 13:04:42,1900-01-00 00:00:00,0960-wombat,B8:27:EB:FF:C8:F5,-52, WPA ,0.000000,0.000000,0.000,0.000,AP
2026-04-08 13:04:42,1900-01-00 00:00:00,0960-wombat,B8:27:EB:FF:C8:F5,-52, WPA ,0.000000,0.000000,0.000,0.000,AP
2026-04-08 13:04:42,1900-01-00 00:00:00,0960-wombat,B8:27:EB:FF:C8:F5,-52, WPA ,0.000000,0.000000,0.000,0.000,AP
2026-04-08 13:04:42,1900-01-00 00:00:00,0960-wombat,B8:27:EB:FF:C8:F5,-52, WPA ,0.000000,0.000000,0.000,0.000,AP
2026-04-08 13:04:42,1900-01-00 00:00:00,0960-wombat,B8:27:EB:FF:C8:F5,-52, WPA ,0.000000,0.000000,0.000,0.000,AP
2026-04-08 13:04:42,1900-01-00 00:00:00,0960-wombat,B8:27:EB:FF:C8:F5,-52, WPA ,0.000000,0.000000,0.000,0.000,AP
2026-04-08 13:04:42,1900-01-00 00:00:00,0960-wombat,B8:27:EB:FF:C8:F5,-51, WPA ,0.000000,0.000000,0.000,0.000,AP
2026-04-08 13:04:42,1900-01-00 00:00:00,0960-wombat,B8:27:EB:FF:C8:F5,-51, WPA ,0.000000,0.000000,0.000,0.000,AP
2026-04-08 13:04:42,1900-01-00 00:00:00,0960-wombat,B8:27:EB:FF:C8:F5,-52, WPA ,0.000000,0.000000,0.000,0.000,AP
2026-04-08 13:04:42,1900-01-00 00:00:00,0960-wombat,B8:27:EB:FF:C8:F5,-52, WPA ,0.000000,0.000000,0.000,0.000,AP
2026-04-08 13:04:42,1900-01-00 00:00:00,0960-wombat,B8:27:EB:FF:C8:F5,-52, WPA ,0.000000,0.000000,0.000,0.000,AP
2026-04-08 13:04:42,1900-01-00 00:00:00,0960-wombat,B8:27:EB:FF:C8:F5,-52, WPA ,0.000000,0.000000,0.000,0.000,AP
2026-04-08 13:04:42,1900-01-00 00:00:00,0960-wombat,B8:27:EB:FF:C8:F5,-49, WPA ,0.000000,0.000000,0.000,0.000,AP
2026-04-08 13:04:42,1900-01-00 00:00:00,0960-wombat,B8:27:EB:FF:C8:F5,-52, WPA ,0.000000,0.000000,0.000,0.000,AP
2026-04-08 13:04:42,1900-01-00 00:00:00,0960-wombat,B8:27:EB:FF:C8:F5,-51, WPA ,0.000000,0.000000,0.000,0.000,AP
2026-04-08 13:04:42,1900-01-00 00:00:00,0960-wombat,B8:27:EB:FF:C8:F5,-52, WPA ,0.000000,0.000000,0.000,0.000,AP
2026-04-08 13:04:42,1900-01-00 00:00:00,0960-wombat,B8:27:EB:FF:C8:F5,-51, WPA ,0.000000,0.000000,0.000,0.000,AP
2026-04-08 13:04:42,1900-01-00 00:00:00,0960-wombat,B8:27:EB:FF:C8:F5,-51, WPA ,0.000000,0.000000,0.000,0.000,AP
2026-04-08 13:04:42,1900-01-00 00:00:00,0960-wombat,B8:27:EB:FF:C8:F5,-51, WPA ,0.000000,0.000000,0.000,0.000,AP
2026-04-08 13:04:42,1900-01-00 00:00:00,0960-wombat,B8:27:EB:FF:C8:F5,-52, WPA ,0.000000,0.000000,0.000,0.000,AP
2026-04-08 13:04:42,1900-01-00 00:00:00,0960-wombat,B8:27:EB:FF:C8:F5,-52, WPA ,0.000000,0.000000,0.000,0.000,AP
2026-04-08 13:04:43,1900-01-00 00:00:00,0960-wombat,B8:27:EB:FF:C8:F5,-52, WPA ,0.000000,0.000000,0.000,0.000,AP
2026-04-08 13:04:43,1900-01-00 00:00:00,0960-wombat,B8:27:EB:FF:C8:F5,-52, WPA ,0.000000,0.000000,0.000,0.000,AP
2026-04-08 13:04:43,1900-01-00 00:00:00,0960-wombat,B8:27:EB:FF:C8:F5,-51, WPA ,0.000000,0.000000,0.000,0.000,AP
2026-04-08 13:04:43,1900-01-00 00:00:00,0960-wombat,B8:27:EB:FF:C8:F5,-52, WPA ,0.000000,0.000000,0.000,0.000,AP
2026-04-08 13:04:43,1900-01-00 00:00:00,0960-wombat,B8:27:EB:FF:C8:F5,-52, WPA ,0.000000,0.000000,0.000,0.000,AP
2026-04-08 13:04:43,1900-01-00 00:00:00,0960-wombat,B8:27:EB:FF:C8:F5,-53, WPA ,0.000000,0.000000,0.000,0.000,AP
2026-04-08 13:04:43,1900-01-00 00:00:00,0960-wombat,B8:27:EB:FF:C8:F5,-52, WPA ,0.000000,0.000000,0.000,0.000,AP
2026-04-08 13:04:43,1900-01-00 00:00:00,0960-wombat,B8:27:EB:FF:C8:F5,-52, WPA ,0.000000,0.000000,0.000,0.000,AP
2026-04-08 13:04:43,1900-01-00 00:00:00,0960-wombat,B8:27:EB:FF:C8:F5,-52, WPA ,0.000000,0.000000,0.000,0.000,AP
2026-04-08 13:04:43,1900-01-00 00:00:00,0960-wombat,B8:27:EB:FF:C8:F5,-53, WPA ,0.000000,0.000000,0.000,0.000,AP
2026-04-08 13:04:43,1900-01-00 00:00:00,0960-wombat,B8:27:EB:FF:C8:F5,-53, WPA ,0.000000,0.000000,0.000,0.000,AP
2026-04-08 13:04:43,1900-01-00 00:00:00,0960-wombat,B8:27:EB:FF:C8:F5,-52, WPA ,0.000000,0.000000,0.000,0.000,AP
2026-04-08 13:04:43,1900-01-00 00:00:00,0960-wombat,B8:27:EB:FF:C8:F5,-51, WPA ,0.000000,0.000000,0.000,0.000,AP
2026-04-08 13:04:43,1900-01-00 00:00:00,0960-wombat,B8:27:EB:FF:C8:F5,-52, WPA ,0.000000,0.000000,0.000,0.000,AP
2026-04-08 13:04:44,1900-01-00 00:00:00,0960-wombat,B8:27:EB:FF:C8:F5,-51, WPA ,0.000000,0.000000,0.000,0.000,AP
2026-04-08 13:04:44,1900-01-00 00:00:00,0960-wombat,B8:27:EB:FF:C8:F5,-52, WPA ,0.000000,0.000000,0.000,0.000,AP
2026-04-08 13:04:44,1900-01-00 00:00:00,0960-wombat,B8:27:EB:FF:C8:F5,-52, WPA ,0.000000,0.000000,0.000,0.000,AP
2026-04-08 13:04:44,1900-01-00 00:00:00,0960-wombat,B8:27:EB:FF:C8:F5,-52, WPA ,0.000000,0.000000,0.000,0.000,AP
2026-04-08 13:04:44,1900-01-00 00:00:00,0960-wombat,B8:27:EB:FF:C8:F5,-52, WPA ,0.000000,0.000000,0.000,0.000,AP
2026-04-08 13:04:44,1900-01-00 00:00:00,0960-wombat,B8:27:EB:FF:C8:F5,-52, WPA ,0.000000,0.000000,0.000,0.000,AP
2026-04-08 13:04:44,1900-01-00 00:00:00,0960-wombat,B8:27:EB:FF:C8:F5,-52, WPA ,0.000000,0.000000,0.000,0.000,AP
2026-04-08 13:04:44,1900-01-00 00:00:00,0960-wombat,B8:27:EB:FF:C8:F5,-53, WPA ,0.000000,0.000000,0.000,0.000,AP
2026-04-08 13:04:44,1900-01-00 00:00:00,0960-wombat,B8:27:EB:FF:C8:F5,-53, WPA ,0.000000,0.000000,0.000,0.000,AP
2026-04-08 13:04:44,1900-01-00 00:00:00,0960-wombat,B8:27:EB:FF:C8:F5,-53, WPA ,0.000000,0.000000,0.000,0.000,AP
2026-04-08 13:04:44,1900-01-00 00:00:00,0960-wombat,B8:27:EB:FF:C8:F5,-52, WPA ,0.000000,0.000000,0.000,0.000,AP
2026-04-08 13:04:44,1900-01-00 00:00:00,0960-wombat,B8:27:EB:FF:C8:F5,-52, WPA ,0.000000,0.000000,0.000,0.000,AP
2026-04-08 13:04:45,1900-01-00 00:00:00,0960-wombat,B8:27:EB:FF:C8:F5,-53, WPA ,0.000000,0.000000,0.000,0.000,AP
2026-04-08 13:04:45,1900-01-00 00:00:00,0960-wombat,B8:27:EB:FF:C8:F5,-53, WPA ,0.000000,0.000000,0.000,0.000,AP
2026-04-08 13:04:45,1900-01-00 00:00:00,0960-wombat,B8:27:EB:FF:C8:F5,-53, WPA ,0.000000,0.000000,0.000,0.000,AP
2026-04-08 13:04:45,1900-01-00 00:00:00,0960-wombat,B8:27:EB:FF:C8:F5,-53, WPA ,0.000000,0.000000,0.000,0.000,AP
2026-04-08 13:04:45,1900-01-00 00:00:00,0960-wombat,B8:27:EB:FF:C8:F5,-53, WPA ,0.000000,0.000000,0.000,0.000,AP
2026-04-08 13:04:45,1900-01-00 00:00:00,0960-wombat,B8:27:EB:FF:C8:F5,-53, WPA ,0.000000,0.000000,0.000,0.000,AP
2026-04-08 13:04:45,1900-01-00 00:00:00,0960-wombat,B8:27:EB:FF:C8:F5,-53, WPA ,0.000000,0.000000,0.000,0.000,AP
2026-04-08 13:04:45,1900-01-00 00:00:00,0960-wombat,B8:27:EB:FF:C8:F5,-53, WPA ,0.000000,0.000000,0.000,0.000,AP
2026-04-08 13:04:45,1900-01-00 00:00:00,0960-wombat,B8:27:EB:FF:C8:F5,-50, WPA ,0.000000,0.000000,0.000,0.000,AP
2026-04-08 13:04:45,1900-01-00 00:00:00,0960-wombat,B8:27:EB:FF:C8:F5,-53, WPA ,0.000000,0.000000,0.000,0.000,AP
2026-04-08 13:04:45,1900-01-00 00:00:00,0960-wombat,B8:27:EB:FF:C8:F5,-53, WPA ,0.000000,0.000000,0.000,0.000,AP
2026-04-08 13:04:45,1900-01-00 00:00:00,0960-wombat,B8:27:EB:FF:C8:F5,-53, WPA ,0.000000,0.000000,0.000,0.000,AP
2026-04-08 13:04:45,1900-01-00 00:00:00,0960-wombat,B8:27:EB:FF:C8:F5,-54, WPA ,0.000000,0.000000,0.000,0.000,AP
2026-04-08 13:04:45,1900-01-00 00:00:00,0960-wombat,B8:27:EB:FF:C8:F5,-54, WPA ,0.000000,0.000000,0.000,0.000,AP
2026-04-08 13:04:45,1900-01-00 00:00:00,0960-wombat,B8:27:EB:FF:C8:F5,-54, WPA ,0.000000,0.000000,0.000,0.000,AP
2026-04-08 13:04:45,1900-01-00 00:00:00,0960-wombat,B8:27:EB:FF:C8:F5,-54, WPA ,0.000000,0.000000,0.000,0.000,AP
2026-04-08 13:04:45,1900-01-00 00:00:00,0960-wombat,B8:27:EB:FF:C8:F5,-54, WPA ,0.000000,0.000000,0.000,0.000,AP
2026-04-08 13:04:45,1900-01-00 00:00:00,0960-wombat,B8:27:EB:FF:C8:F5,-53, WPA ,0.000000,0.000000,0.000,0.000,AP
2026-04-08 13:04:46,1900-01-00 00:00:00,0960-wombat,B8:27:EB:FF:C8:F5,-56, WPA ,0.000000,0.000000,0.000,0.000,AP
2026-04-08 13:04:46,1900-01-00 00:00:00,0960-wombat,B8:27:EB:FF:C8:F5,-56, WPA ,0.000000,0.000000,0.000,0.000,AP
2026-04-08 13:04:46,1900-01-00 00:00:00,0960-wombat,B8:27:EB:FF:C8:F5,-56, WPA ,0.000000,0.000000,0.000,0.000,AP
2026-04-08 13:04:46,1900-01-00 00:00:00,0960-wombat,B8:27:EB:FF:C8:F5,-56, WPA ,0.000000,0.000000,0.000,0.000,AP
2026-04-08 13:04:46,1900-01-00 00:00:00,0960-wombat,B8:27:EB:FF:C8:F5,-56, WPA ,0.000000,0.000000,0.000,0.000,AP
2026-04-08 13:04:46,1900-01-00 00:00:00,0960-wombat,B8:27:EB:FF:C8:F5,-51, WPA ,0.000000,0.000000,0.000,0.000,AP
2026-04-08 13:04:46,1900-01-00 00:00:00,0960-wombat,B8:27:EB:FF:C8:F5,-51, WPA ,0.000000,0.000000,0.000,0.000,AP
2026-04-08 13:04:46,1900-01-00 00:00:00,0960-wombat,B8:27:EB:FF:C8:F5,-51, WPA ,0.000000,0.000000,0.000,0.000,AP
2026-04-08 13:04:46,1900-01-00 00:00:00,0960-wombat,B8:27:EB:FF:C8:F5,-51, WPA ,0.000000,0.000000,0.000,0.000,AP
2026-04-08 13:04:46,1900-01-00 00:00:00,0960-wombat,B8:27:EB:FF:C8:F5,-51, WPA ,0.000000,0.000000,0.000,0.000,AP
2026-04-08 13:04:46,1900-01-00 00:00:00,0960-wombat,B8:27:EB:FF:C8:F5,-51, WPA ,0.000000,0.000000,0.000,0.000,AP
2026-04-08 13:04:46,1900-01-00 00:00:00,0960-wombat,B8:27:EB:FF:C8:F5,-51, WPA ,0.000000,0.000000,0.000,0.000,AP
2026-04-08 13:04:46,1900-01-00 00:00:00,0960-wombat,B8:27:EB:FF:C8:F5,-51, WPA ,0.000000,0.000000,0.000,0.000,AP
2026-04-08 13:04:46,1900-01-00 00:00:00,0960-wombat,B8:27:EB:FF:C8:F5,-51, WPA ,0.000000,0.000000,0.000,0.000,AP
2026-04-08 13:04:46,1900-01-00 00:00:00,0960-wombat,B8:27:EB:FF:C8:F5,-51, WPA ,0.000000,0.000000,0.000,0.000,AP
2026-04-08 13:04:46,1900-01-00 00:00:00,0960-wombat,B8:27:EB:FF:C8:F5,-51, WPA ,0.000000,0.000000,0.000,0.000,AP
2026-04-08 13:04:46,1900-01-00 00:00:00,0960-wombat,B8:27:EB:FF:C8:F5,-53, WPA ,0.000000,0.000000,0.000,0.000,AP
2026-04-08 13:04:46,1900-01-00 00:00:00,0960-wombat,B8:27:EB:FF:C8:F5,-53, WPA ,0.000000,0.000000,0.000,0.000,AP
2026-04-08 13:04:46,1900-01-00 00:00:00,0960-wombat,B8:27:EB:FF:C8:F5,-56, WPA ,0.000000,0.000000,0.000,0.000,AP
2026-04-08 13:04:46,1900-01-00 00:00:00,0960-wombat,B8:27:EB:FF:C8:F5,-56, WPA ,0.000000,0.000000,0.000,0.000,AP
2026-04-08 13:04:46,1900-01-00 00:00:00,0960-wombat,B8:27:EB:FF:C8:F5,-56, WPA ,0.000000,0.000000,0.000,0.000,AP
2026-04-08 13:04:46,1900-01-00 00:00:00,0960-wombat,B8:27:EB:FF:C8:F5,-56, WPA ,0.000000,0.000000,0.000,0.000,AP
2026-04-08 13:04:46,1900-01-00 00:00:00,0960-wombat,B8:27:EB:FF:C8:F5,-56, WPA ,0.000000,0.000000,0.000,0.000,AP
2026-04-08 13:04:46,1900-01-00 00:00:00,0960-wombat,B8:27:EB:FF:C8:F5,-39, WPA ,0.000000,0.000000,0.000,0.000,AP
2026-04-08 13:04:46,1900-01-00 00:00:00,0960-wombat,B8:27:EB:FF:C8:F5,-39, WPA ,0.000000,0.000000,0.000,0.000,AP
2026-04-08 13:04:46,1900-01-00 00:00:00,0960-wombat,B8:27:EB:FF:C8:F5,-39, WPA ,0.000000,0.000000,0.000,0.000,AP
2026-04-08 13:04:46,1900-01-00 00:00:00,0960-wombat,B8:27:EB:FF:C8:F5,-39, WPA ,0.000000,0.000000,0.000,0.000,AP
2026-04-08 13:04:46,1900-01-00 00:00:00,0960-wombat,B8:27:EB:FF:C8:F5,-39, WPA ,0.000000,0.000000,0.000,0.000,AP
2026-04-08 13:04:46,1900-01-00 00:00:00,0960-wombat,B8:27:EB:FF:C8:F5,-39, WPA ,0.000000,0.000000,0.000,0.000,AP
2026-04-08 13:04:46,1900-01-00 00:00:00,0960-wombat,B8:27:EB:FF:C8:F5,-39, WPA ,0.000000,0.000000,0.000,0.000,AP
2026-04-08 13:04:46,1900-01-00 00:00:00,0960-wombat,B8:27:EB:FF:C8:F5,-39, WPA ,0.000000,0.000000,0.000,0.000,AP
2026-04-08 13:04:46,1900-01-00 00:00:00,0960-wombat,B8:27:EB:FF:C8:F5,-39, WPA ,0.000000,0.000000,0.000,0.000,AP
2026-04-08 13:04:46,1900-01-00 00:00:00,0960-wombat,B8:27:EB:FF:C8:F5,-39, WPA ,0.000000,0.000000,0.000,0.000,AP
2026-04-08 13:04:46,1900-01-00 00:00:00,0960-wombat,B8:27:EB:FF:C8:F5,-39, WPA ,0.000000,0.000000,0.000,0.000,AP
2026-04-08 13:04:46,1900-01-00 00:00:00,0960-wombat,B8:27:EB:FF:C8:F5,-39, WPA ,0.000000,0.000000,0.000,0.000,AP
2026-04-08 13:04:46,1900-01-00 00:00:00,0960-wombat,B8:27:EB:FF:C8:F5,-55, WPA ,0.000000,0.000000,0.000,0.000,AP
2026-04-08 13:04:46,1900-01-00 00:00:00,0960-wombat,B8:27:EB:FF:C8:F5,-55, WPA ,0.000000,0.000000,0.000,0.000,AP
2026-04-08 13:04:46,1900-01-00 00:00:00,0960-wombat,B8:27:EB:FF:C8:F5,-55, WPA ,0.000000,0.000000,0.000,0.000,AP
2026-04-08 13:04:46,1900-01-00 00:00:00,0960-wombat,B8:27:EB:FF:C8:F5,-55, WPA ,0.000000,0.000000,0.000,0.000,AP
2026-04-08 13:04:46,1900-01-00 00:00:00,0960-wombat,B8:27:EB:FF:C8:F5,-55, WPA ,0.000000,0.000000,0.000,0.000,AP
2026-04-08 13:04:46,1900-01-00 00:00:00,0960-wombat,B8:27:EB:FF:C8:F5,-55, WPA ,0.000000,0.000000,0.000,0.000,AP
2026-04-08 13:04:46,1900-01-00 00:00:00,0960-wombat,B8:27:EB:FF:C8:F5,-55, WPA ,0.000000,0.000000,0.000,0.000,AP
2026-04-08 13:04:46,1900-01-00 00:00:00,0960-wombat,B8:27:EB:FF:C8:F5,-55, WPA ,0.000000,0.000000,0.000,0.000,AP
2026-04-08 13:04:46,1900-01-00 00:00:00,0960-wombat,B8:27:EB:FF:C8:F5,-55, WPA ,0.000000,0.000000,0.000,0.000,AP
2026-04-08 13:04:46,1900-01-00 00:00:00,0960-wombat,B8:27:EB:FF:C8:F5,-55, WPA ,0.000000,0.000000,0.000,0.000,AP
2026-04-08 13:04:46,1900-01-00 00:00:00,0960-wombat,B8:27:EB:FF:C8:F5,-55, WPA ,0.000000,0.000000,0.000,0.000,AP
2026-04-08 13:04:46,1900-01-00 00:00:00,0960-wombat,B8:27:EB:FF:C8:F5,-55, WPA ,0.000000,0.000000,0.000,0.000,AP
2026-04-08 13:04:46,1900-01-00 00:00:00,0960-wombat,B8:27:EB:FF:C8:F5,-55, WPA ,0.000000,0.000000,0.000,0.000,AP
2026-04-08 13:04:46,1900-01-00 00:00:00,0960-wombat,B8:27:EB:FF:C8:F5,-55, WPA ,0.000000,0.000000,0.000,0.000,AP
2026-04-08 13:04:46,1900-01-00 00:00:00,0960-wombat,B8:27:EB:FF:C8:F5,-55, WPA ,0.000000,0.000000,0.000,0.000,AP
2026-04-08 13:04:46,1900-01-00 00:00:00,0960-wombat,B8:27:EB:FF:C8:F5,-55, WPA ,0.000000,0.000000,0.000,0.000,AP
2026-04-08 13:04:46,1900-01-00 00:00:00,0960-wombat,B8:27:EB:FF:C8:F5,-55, WPA ,0.000000,0.000000,0.000,0.000,AP
2026-04-08 13:04:46,1900-01-00 00:00:00,0960-wombat,B8:27:EB:FF:C8:F5,-55, WPA ,0.000000,0.000000,0.000,0.000,AP
2026-04-08 13:04:46,1900-01-00 00:00:00,0960-wombat,B8:27:EB:FF:C8:F5,-55, WPA ,0.000000,0.000000,0.000,0.000,AP
2026-04-08 13:04:46,1900-01-00 00:00:00,0960-wombat,B8:27:EB:FF:C8:F5,-55, WPA ,0.000000,0.000000,0.000,0.000,AP
2026-04-08 13:04:46,1900-01-00 00:00:00,0960-wombat,B8:27:EB:FF:C8:F5,-50, WPA ,0.000000,0.000000,0.000,0.000,AP
2026-04-08 13:04:46,1900-01-00 00:00:00,0960-wombat,B8:27:EB:FF:C8:F5,-50, WPA ,0.000000,0.000000,0.000,0.000,AP
2026-04-08 13:04:46,1900-01-00 00:00:00,0960-wombat,B8:27:EB:FF:C8:F5,-50, WPA ,0.000000,0.000000,0.000,0.000,AP
2026-04-08 13:04:46,1900-01-00 00:00:00,0960-wombat,B8:27:EB:FF:C8:F5,-50, WPA ,0.000000,0.000000,0.000,0.000,AP
2026-04-08 13:04:46,1900-01-00 00:00:00,0960-wombat,B8:27:EB:FF:C8:F5,-50, WPA ,0.000000,0.000000,0.000,0.000,AP
2026-04-08 13:04:46,1900-01-00 00:00:00,0960-wombat,B8:27:EB:FF:C8:F5,-50, WPA ,0.000000,0.000000,0.000,0.000,AP
2026-04-08 13:04:46,1900-01-00 00:00:00,0960-wombat,B8:27:EB:FF:C8:F5,-50, WPA ,0.000000,0.000000,0.000,0.000,AP
2026-04-08 13:04:46,1900-01-00 00:00:00,0960-wombat,B8:27:EB:FF:C8:F5,-50, WPA ,0.000000,0.000000,0.000,0.000,AP
2026-04-08 13:04:46,1900-01-00 00:00:00,0960-wombat,B8:27:EB:FF:C8:F5,-50, WPA ,0.000000,0.000000,0.000,0.000,AP
2026-04-08 13:04:46,1900-01-00 00:00:00,0960-wombat,B8:27:EB:FF:C8:F5,-50, WPA ,0.000000,0.000000,0.000,0.000,AP
2026-04-08 13:04:46,1900-01-00 00:00:00,0960-wombat,B8:27:EB:FF:C8:F5,-53, WPA ,0.000000,0.000000,0.000,0.000,AP
2026-04-08 13:04:46,1900-01-00 00:00:00,0960-wombat,B8:27:EB:FF:C8:F5,-53, WPA ,0.000000,0.000000,0.000,0.000,AP
2026-04-08 13:04:46,1900-01-00 00:00:00,0960-wombat,B8:27:EB:FF:C8:F5,-56, WPA ,0.000000,0.000000,0.000,0.000,AP
2026-04-08 13:04:46,1900-01-00 00:00:00,0960-wombat,B8:27:EB:FF:C8:F5,-56, WPA ,0.000000,0.000000,0.000,0.000,AP
2026-04-08 13:04:46,1900-01-00 00:00:00,0960-wombat,B8:27:EB:FF:C8:F5,-56, WPA ,0.000000,0.000000,0.000,0.000,AP
2026-04-08 13:04:46,1900-01-00 00:00:00,0960-wombat,B8:27:EB:FF:C8:F5,-56, WPA ,0.000000,0.000000,0.000,0.000,AP
2026-04-08 13:04:46,1900-01-00 00:00:00,0960-wombat,B8:27:EB:FF:C8:F5,-56, WPA ,0.000000,0.000000,0.000,0.000,AP
2026-04-08 13:04:46,1900-01-00 00:00:00,0960-wombat,B8:27:EB:FF:C8:F5,-56, WPA ,0.000000,0.000000,0.000,0.000,AP
2026-04-08 13:04:46,1900-01-00 00:00:00,0960-wombat,B8:27:EB:FF:C8:F5,-56, WPA ,0.000000,0.000000,0.000,0.000,AP
2026-04-08 13:04:46,1900-01-00 00:00:00,0960-wombat,B8:27:EB:FF:C8:F5,-39, WPA ,0.000000,0.000000,0.000,0.000,AP
2026-04-08 13:04:46,1900-01-00 00:00:00,0960-wombat,B8:27:EB:FF:C8:F5,-39, WPA ,0.000000,0.000000,0.000,0.000,AP
2026-04-08 13:04:46,1900-01-00 00:00:00,0960-wombat,B8:27:EB:FF:C8:F5,-39, WPA ,0.000000,0.000000,0.000,0.000,AP
2026-04-08 13:04:46,1900-01-00 00:00:00,0960-wombat,B8:27:EB:FF:C8:F5,-39, WPA ,0.000000,0.000000,0.000,0.000,AP
2026-04-08 13:04:46,1900-01-00 00:00:00,0960-wombat,B8:27:EB:FF:C8:F5,-39, WPA ,0.000000,0.000000,0.000,0.000,AP
2026-04-08 13:04:46,1900-01-00 00:00:00,0960-wombat,B8:27:EB:FF:C8:F5,-39, WPA ,0.000000,0.000000,0.000,0.000,AP
2026-04-08 13:04:46,1900-01-00 00:00:00,0960-wombat,B8:27:EB:FF:C8:F5,-39, WPA ,0.000000,0.000000,0.000,0.000,AP
2026-04-08 13:04:46,1900-01-00 00:00:00,0960-wombat,B8:27:EB:FF:C8:F5,-39, WPA ,0.000000,0.000000,0.000,0.000,AP
2026-04-08 13:04:46,1900-01-00 00:00:00,0960-wombat,B8:27:EB:FF:C8:F5,-39, WPA ,0.000000,0.000000,0.000,0.000,AP
2026-04-08 13:04:46,1900-01-00 00:00:00,0960-wombat,B8:27:EB:FF:C8:F5,-39, WPA ,0.000000,0.000000,0.000,0.000,AP
2026-04-08 13:04:46,1900-01-00 00:00:00,0960-wombat,B8:27:EB:FF:C8:F5,-39, WPA ,0.000000,0.000000,0.000,0.000,AP
2026-04-08 13:04:46,1900-01-00 00:00:00,0960-wombat,B8:27:EB:FF:C8:F5,-55, WPA ,0.000000,0.000000,0.000,0.000,AP
2026-04-08 13:04:46,1900-01-00 00:00:00,0960-wombat,B8:27:EB:FF:C8:F5,-55, WPA ,0.000000,0.000000,0.000,0.000,AP
2026-04-08 13:04:46,1900-01-00 00:00:00,0960-wombat,B8:27:EB:FF:C8:F5,-55, WPA ,0.000000,0.000000,0.000,0.000,AP
2026-04-08 13:04:46,1900-01-00 00:00:00,0960-wombat,B8:27:EB:FF:C8:F5,-55, WPA ,0.000000,0.000000,0.000,0.000,AP
2026-04-08 13:04:46,1900-01-00 00:00:00,0960-wombat,B8:27:EB:FF:C8:F5,-55, WPA ,0.000000,0.000000,0.000,0.000,AP
2026-04-08 13:04:46,1900-01-00 00:00:00,0960-wombat,B8:27:EB:FF:C8:F5,-55, WPA ,0.000000,0.000000,0.000,0.000,AP
2026-04-08 13:04:46,1900-01-00 00:00:00,0960-wombat,B8:27:EB:FF:C8:F5,-55, WPA ,0.000000,0.000000,0.000,0.000,AP
2026-04-08 13:04:46,1900-01-00 00:00:00,0960-wombat,B8:27:EB:FF:C8:F5,-55, WPA ,0.000000,0.000000,0.000,0.000,AP
2026-04-08 13:04:46,1900-01-00 00:00:00,0960-wombat,B8:27:EB:FF:C8:F5,-55, WPA ,0.000000,0.000000,0.000,0.000,AP
2026-04-08 13:04:46,1900-01-00 00:00:00,0960-wombat,B8:27:EB:FF:C8:F5,-55, WPA ,0.000000,0.000000,0.000,0.000,AP
2026-04-08 13:04:46,1900-01-00 00:00:00,0960-wombat,B8:27:EB:FF:C8:F5,-55, WPA ,0.000000,0.000000,0.000,0.000,AP
2026-04-08 13:04:46,1900-01-00 00:00:00,0960-wombat,B8:27:EB:FF:C8:F5,-51, WPA ,0.000000,0.000000,0.000,0.000,AP
2026-04-08 13:04:46,1900-01-00 00:00:00,0960-wombat,B8:27:EB:FF:C8:F5,-54, WPA ,0.000000,0.000000,0.000,0.000,AP
2026-04-08 13:04:46,1900-01-00 00:00:00,0960-wombat,B8:27:EB:FF:C8:F5,-54, WPA ,0.000000,0.000000,0.000,0.000,AP
2026-04-08 13:04:46,1900-01-00 00:00:00,0960-wombat,B8:27:EB:FF:C8:F5,-50, WPA ,0.000000,0.000000,0.000,0.000,AP
2026-04-08 13:04:46,1900-01-00 00:00:00,0960-wombat,B8:27:EB:FF:C8:F5,-50, WPA ,0.000000,0.000000,0.000,0.000,AP
2026-04-08 13:04:46,1900-01-00 00:00:00,0960-wombat,B8:27:EB:FF:C8:F5,-50, WPA ,0.000000,0.000000,0.000,0.000,AP
2026-04-08 13:04:46,1900-01-00 00:00:00,0960-wombat,B8:27:EB:FF:C8:F5,-50, WPA ,0.000000,0.000000,0.000,0.000,AP
2026-04-08 13:04:46,1900-01-00 00:00:00,0960-wombat,B8:27:EB:FF:C8:F5,-50, WPA ,0.000000,0.000000,0.000,0.000,AP
2026-04-08 13:04:46,1900-01-00 00:00:00,0960-wombat,B8:27:EB:FF:C8:F5,-50, WPA ,0.000000,0.000000,0.000,0.000,AP
2026-04-08 13:04:46,1900-01-00 00:00:00,0960-wombat,B8:27:EB:FF:C8:F5,-50, WPA ,0.000000,0.000000,0.000,0.000,AP
2026-04-08 13:04:46,1900-01-00 00:00:00,0960-wombat,B8:27:EB:FF:C8:F5,-50, WPA ,0.000000,0.000000,0.000,0.000,AP
2026-04-08 13:04:46,1900-01-00 00:00:00,0960-wombat,B8:27:EB:FF:C8:F5,-50, WPA ,0.000000,0.000000,0.000,0.000,AP
2026-04-08 13:04:46,1900-01-00 00:00:00,0960-wombat,B8:27:EB:FF:C8:F5,-50, WPA ,0.000000,0.000000,0.000,0.000,AP
2026-04-08 13:04:46,1900-01-00 00:00:00,0960-wombat,B8:27:EB:FF:C8:F5,-50, WPA ,0.000000,0.000000,0.000,0.000,AP
2026-04-08 13:04:46,1900-01-00 00:00:00,0960-wombat,B8:27:EB:FF:C8:F5,-50, WPA ,0.000000,0.000000,0.000,0.000,AP
2026-04-08 13:04:46,1900-01-00 00:00:00,0960-wombat,B8:27:EB:FF:C8:F5,-50, WPA ,0.000000,0.000000,0.000,0.000,AP
2026-04-08 13:04:46,1900-01-00 00:00:00,0960-wombat,B8:27:EB:FF:C8:F5,-50, WPA ,0.000000,0.000000,0.000,0.000,AP
2026-04-08 13:04:46,1900-01-00 00:00:00,0960-wombat,B8:27:EB:FF:C8:F5,-50, WPA ,0.000000,0.000000,0.000,0.000,AP
2026-04-08 13:04:46,1900-01-00 00:00:00,0960-wombat,B8:27:EB:FF:C8:F5,-50, WPA ,0.000000,0.000000,0.000,0.000,AP
2026-04-08 13:04:46,1900-01-00 00:00:00,0960-wombat,B8:27:EB:FF:C8:F5,-50, WPA ,0.000000,0.000000,0.000,0.000,AP
2026-04-08 13:04:46,1900-01-00 00:00:00,0960-wombat,B8:27:EB:FF:C8:F5,-50, WPA ,0.000000,0.000000,0.000,0.000,AP
2026-04-08 13:04:46,1900-01-00 00:00:00,0960-wombat,B8:27:EB:FF:C8:F5,-50, WPA ,0.000000,0.000000,0.000,0.000,AP
2026-04-08 13:04:46,1900-01-00 00:00:00,0960-wombat,B8:27:EB:FF:C8:F5,-52, WPA ,0.000000,0.000000,0.000,0.000,AP
2026-04-08 13:04:46,1900-01-00 00:00:00,0960-wombat,B8:27:EB:FF:C8:F5,-52, WPA ,0.000000,0.000000,0.000,0.000,AP
2026-04-08 13:04:46,1900-01-00 00:00:00,0960-wombat,B8:27:EB:FF:C8:F5,-52, WPA ,0.000000,0.000000,0.000,0.000,AP
2026-04-08 13:04:46,1900-01-00 00:00:00,0960-wombat,B8:27:EB:FF:C8:F5,-52, WPA ,0.000000,0.000000,0.000,0.000,AP
2026-04-08 13:04:46,1900-01-00 00:00:00,0960-wombat,B8:27:EB:FF:C8:F5,-52, WPA ,0.000000,0.000000,0.000,0.000,AP
2026-04-08 13:04:46,1900-01-00 00:00:00,0960-wombat,B8:27:EB:FF:C8:F5,-52, WPA ,0.000000,0.000000,0.000,0.000,AP
2026-04-08 13:04:46,1900-01-00 00:00:00,0960-wombat,B8:27:EB:FF:C8:F5,-41, WPA ,0.000000,0.000000,0.000,0.000,AP
2026-04-08 13:04:46,1900-01-00 00:00:00,0960-wombat,B8:27:EB:FF:C8:F5,-41, WPA ,0.000000,0.000000,0.000,0.000,AP
2026-04-08 13:04:46,1900-01-00 00:00:00,0960-wombat,B8:27:EB:FF:C8:F5,-41, WPA ,0.000000,0.000000,0.000,0.000,AP
2026-04-08 13:04:46,1900-01-00 00:00:00,0960-wombat,B8:27:EB:FF:C8:F5,-41, WPA ,0.000000,0.000000,0.000,0.000,AP
2026-04-08 13:04:46,1900-01-00 00:00:00,0960-wombat,B8:27:EB:FF:C8:F5,-41, WPA ,0.000000,0.000000,0.000,0.000,AP
2026-04-08 13:04:46,1900-01-00 00:00:00,0960-wombat,B8:27:EB:FF:C8:F5,-41, WPA ,0.000000,0.000000,0.000,0.000,AP
2026-04-08 13:04:46,1900-01-00 00:00:00,0960-wombat,B8:27:EB:FF:C8:F5,-41, WPA ,0.000000,0.000000,0.000,0.000,AP
2026-04-08 13:04:46,1900-01-00 00:00:00,0960-wombat,B8:27:EB:FF:C8:F5,-53, WPA ,0.000000,0.000000,0.000,0.000,AP
2026-04-08 13:04:46,1900-01-00 00:00:00,0960-wombat,B8:27:EB:FF:C8:F5,-53, WPA ,0.000000,0.000000,0.000,0.000,AP
2026-04-08 13:04:46,1900-01-00 00:00:00,0960-wombat,B8:27:EB:FF:C8:F5,-53, WPA ,0.000000,0.000000,0.000,0.000,AP
2026-04-08 13:04:46,1900-01-00 00:00:00,0960-wombat,B8:27:EB:FF:C8:F5,-58, WPA ,0.000000,0.000000,0.000,0.000,AP
2026-04-08 13:04:46,1900-01-00 00:00:00,0960-wombat,B8:27:EB:FF:C8:F5,-58, WPA ,0.000000,0.000000,0.000,0.000,AP
2026-04-08 13:04:46,1900-01-00 00:00:00,0960-wombat,B8:27:EB:FF:C8:F5,-58, WPA ,0.000000,0.000000,0.000,0.000,AP
2026-04-08 13:04:46,1900-01-00 00:00:00,0960-wombat,B8:27:EB:FF:C8:F5,-58, WPA ,0.000000,0.000000,0.000,0.000,AP
2026-04-08 13:04:46,1900-01-00 00:00:00,0960-wombat,B8:27:EB:FF:C8:F5,-58, WPA ,0.000000,0.000000,0.000,0.000,AP
2026-04-08 13:04:46,1900-01-00 00:00:00,0960-wombat,B8:27:EB:FF:C8:F5,-40, WPA ,0.000000,0.000000,0.000,0.000,AP
2026-04-08 13:04:46,1900-01-00 00:00:00,0960-wombat,B8:27:EB:FF:C8:F5,-40, WPA ,0.000000,0.000000,0.000,0.000,AP
2026-04-08 13:04:46,1900-01-00 00:00:00,0960-wombat,B8:27:EB:FF:C8:F5,-40, WPA ,0.000000,0.000000,0.000,0.000,AP
2026-04-08 13:04:46,1900-01-00 00:00:00,0960-wombat,B8:27:EB:FF:C8:F5,-40, WPA ,0.000000,0.000000,0.000,0.000,AP
2026-04-08 13:04:46,1900-01-00 00:00:00,0960-wombat,B8:27:EB:FF:C8:F5,-40, WPA ,0.000000,0.000000,0.000,0.000,AP
2026-04-08 13:04:46,1900-01-00 00:00:00,0960-wombat,B8:27:EB:FF:C8:F5,-40, WPA ,0.000000,0.000000,0.000,0.000,AP
2026-04-08 13:04:46,1900-01-00 00:00:00,0960-wombat,B8:27:EB:FF:C8:F5,-40, WPA ,0.000000,0.000000,0.000,0.000,AP
2026-04-08 13:04:46,1900-01-00 00:00:00,0960-wombat,B8:27:EB:FF:C8:F5,-40, WPA ,0.000000,0.000000,0.000,0.000,AP
2026-04-08 13:04:46,1900-01-00 00:00:00,0960-wombat,B8:27:EB:FF:C8:F5,-40, WPA ,0.000000,0.000000,0.000,0.000,AP
2026-04-08 13:04:46,1900-01-00 00:00:00,0960-wombat,B8:27:EB:FF:C8:F5,-40, WPA ,0.000000,0.000000,0.000,0.000,AP
2026-04-08 13:04:46,1900-01-00 00:00:00,0960-wombat,B8:27:EB:FF:C8:F5,-40, WPA ,0.000000,0.000000,0.000,0.000,AP
2026-04-08 13:04:46,1900-01-00 00:00:00,0960-wombat,B8:27:EB:FF:C8:F5,-54, WPA ,0.000000,0.000000,0.000,0.000,AP
2026-04-08 13:04:46,1900-01-00 00:00:00,0960-wombat,B8:27:EB:FF:C8:F5,-54, WPA ,0.000000,0.000000,0.000,0.000,AP
2026-04-08 13:04:46,1900-01-00 00:00:00,0960-wombat,B8:27:EB:FF:C8:F5,-54, WPA ,0.000000,0.000000,0.000,0.000,AP
2026-04-08 13:04:46,1900-01-00 00:00:00,0960-wombat,B8:27:EB:FF:C8:F5,-54, WPA ,0.000000,0.000000,0.000,0.000,AP
2026-04-08 13:04:46,1900-01-00 00:00:00,0960-wombat,B8:27:EB:FF:C8:F5,-54, WPA ,0.000000,0.000000,0.000,0.000,AP
2026-04-08 13:04:46,1900-01-00 00:00:00,0960-wombat,B8:27:EB:FF:C8:F5,-54, WPA ,0.000000,0.000000,0.000,0.000,AP
2026-04-08 13:04:46,1900-01-00 00:00:00,0960-wombat,B8:27:EB:FF:C8:F5,-54, WPA ,0.000000,0.000000,0.000,0.000,AP
2026-04-08 13:04:46,1900-01-00 00:00:00,0960-wombat,B8:27:EB:FF:C8:F5,-54, WPA ,0.000000,0.000000,0.000,0.000,AP
2026-04-08 13:04:46,1900-01-00 00:00:00,0960-wombat,B8:27:EB:FF:C8:F5,-54, WPA ,0.000000,0.000000,0.000,0.000,AP
2026-04-08 13:04:46,1900-01-00 00:00:00,0960-wombat,B8:27:EB:FF:C8:F5,-54, WPA ,0.000000,0.000000,0.000,0.000,AP
2026-04-08 13:04:46,1900-01-00 00:00:00,0960-wombat,B8:27:EB:FF:C8:F5,-54, WPA ,0.000000,0.000000,0.000,0.000,AP
2026-04-08 13:04:46,1900-01-00 00:00:00,0960-wombat,B8:27:EB:FF:C8:F5,-54, WPA ,0.000000,0.000000,0.000,0.000,AP
2026-04-08 13:04:46,1900-01-00 00:00:00,0960-wombat,B8:27:EB:FF:C8:F5,-54, WPA ,0.000000,0.000000,0.000,0.000,AP
2026-04-08 13:04:46,1900-01-00 00:00:00,0960-wombat,B8:27:EB:FF:C8:F5,-54, WPA ,0.000000,0.000000,0.000,0.000,AP
2026-04-08 13:04:46,1900-01-00 00:00:00,0960-wombat,B8:27:EB:FF:C8:F5,-54, WPA ,0.000000,0.000000,0.000,0.000,AP
2026-04-08 13:04:46,1900-01-00 00:00:00,0960-wombat,B8:27:EB:FF:C8:F5,-54, WPA ,0.000000,0.000000,0.000,0.000,AP
2026-04-08 13:04:46,1900-01-00 00:00:00,0960-wombat,B8:27:EB:FF:C8:F5,-54, WPA ,0.000000,0.000000,0.000,0.000,AP
2026-04-08 13:04:46,1900-01-00 00:00:00,0960-wombat,B8:27:EB:FF:C8:F5,-54, WPA ,0.000000,0.000000,0.000,0.000,AP
2026-04-08 13:04:46,1900-01-00 00:00:00,0960-wombat,B8:27:EB:FF:C8:F5,-54, WPA ,0.000000,0.000000,0.000,0.000,AP
2026-04-08 13:04:46,1900-01-00 00:00:00,0960-wombat,B8:27:EB:FF:C8:F5,-54, WPA ,0.000000,0.000000,0.000,0.000,AP
2026-04-08 13:04:46,1900-01-00 00:00:00,0960-wombat,B8:27:EB:FF:C8:F5,-50, WPA ,0.000000,0.000000,0.000,0.000,AP
2026-04-08 13:04:46,1900-01-00 00:00:00,0960-wombat,B8:27:EB:FF:C8:F5,-50, WPA ,0.000000,0.000000,0.000,0.000,AP
2026-04-08 13:04:46,1900-01-00 00:00:00,0960-wombat,B8:27:EB:FF:C8:F5,-58, WPA ,0.000000,0.000000,0.000,0.000,AP
2026-04-08 13:04:46,1900-01-00 00:00:00,0960-wombat,B8:27:EB:FF:C8:F5,-58, WPA ,0.000000,0.000000,0.000,0.000,AP
2026-04-08 13:04:46,1900-01-00 00:00:00,0960-wombat,B8:27:EB:FF:C8:F5,-58, WPA ,0.000000,0.000000,0.000,0.000,AP
2026-04-08 13:04:46,1900-01-00 00:00:00,0960-wombat,B8:27:EB:FF:C8:F5,-58, WPA ,0.000000,0.000000,0.000,0.000,AP
2026-04-08 13:04:46,1900-01-00 00:00:00,0960-wombat,B8:27:EB:FF:C8:F5,-58, WPA ,0.000000,0.000000,0.000,0.000,AP
2026-04-08 13:04:46,1900-01-00 00:00:00,0960-wombat,B8:27:EB:FF:C8:F5,-58, WPA ,0.000000,0.000000,0.000,0.000,AP
2026-04-08 13:04:46,1900-01-00 00:00:00,0960-wombat,B8:27:EB:FF:C8:F5,-58, WPA ,0.000000,0.000000,0.000,0.000,AP
2026-04-08 13:04:46,1900-01-00 00:00:00,0960-wombat,B8:27:EB:FF:C8:F5,-58, WPA ,0.000000,0.000000,0.000,0.000,AP
2026-04-08 13:04:46,1900-01-00 00:00:00,0960-wombat,B8:27:EB:FF:C8:F5,-58, WPA ,0.000000,0.000000,0.000,0.000,AP
2026-04-08 13:04:46,1900-01-00 00:00:00,0960-wombat,B8:27:EB:FF:C8:F5,-53, WPA ,0.000000,0.000000,0.000,0.000,AP
2026-04-08 13:04:46,1900-01-00 00:00:00,0960-wombat,B8:27:EB:FF:C8:F5,-53, WPA ,0.000000,0.000000,0.000,0.000,AP
2026-04-08 13:04:46,1900-01-00 00:00:00,0960-wombat,B8:27:EB:FF:C8:F5,-58, WPA ,0.000000,0.000000,0.000,0.000,AP
2026-04-08 13:04:46,1900-01-00 00:00:00,0960-wombat,B8:27:EB:FF:C8:F5,-58, WPA ,0.000000,0.000000,0.000,0.000,AP
2026-04-08 13:04:46,1900-01-00 00:00:00,0960-wombat,B8:27:EB:FF:C8:F5,-58, WPA ,0.000000,0.000000,0.000,0.000,AP
2026-04-08 13:04:46,1900-01-00 00:00:00,0960-wombat,B8:27:EB:FF:C8:F5,-58, WPA ,0.000000,0.000000,0.000,0.000,AP
2026-04-08 13:04:46,1900-01-00 00:00:00,0960-wombat,B8:27:EB:FF:C8:F5,-58, WPA ,0.000000,0.000000,0.000,0.000,AP
2026-04-08 13:04:46,1900-01-00 00:00:00,0960-wombat,B8:27:EB:FF:C8:F5,-58, WPA ,0.000000,0.000000,0.000,0.000,AP
2026-04-08 13:04:46,1900-01-00 00:00:00,0960-wombat,B8:27:EB:FF:C8:F5,-41, WPA ,0.000000,0.000000,0.000,0.000,AP
2026-04-08 13:04:46,1900-01-00 00:00:00,0960-wombat,B8:27:EB:FF:C8:F5,-41, WPA ,0.000000,0.000000,0.000,0.000,AP
2026-04-08 13:04:46,1900-01-00 00:00:00,0960-wombat,B8:27:EB:FF:C8:F5,-41, WPA ,0.000000,0.000000,0.000,0.000,AP
2026-04-08 13:04:46,1900-01-00 00:00:00,0960-wombat,B8:27:EB:FF:C8:F5,-41, WPA ,0.000000,0.000000,0.000,0.000,AP
2026-04-08 13:04:46,1900-01-00 00:00:00,0960-wombat,B8:27:EB:FF:C8:F5,-41, WPA ,0.000000,0.000000,0.000,0.000,AP
2026-04-08 13:04:46,1900-01-00 00:00:00,0960-wombat,B8:27:EB:FF:C8:F5,-41, WPA ,0.000000,0.000000,0.000,0.000,AP
2026-04-08 13:04:46,1900-01-00 00:00:00,0960-wombat,B8:27:EB:FF:C8:F5,-41, WPA ,0.000000,0.000000,0.000,0.000,AP
2026-04-08 13:04:46,1900-01-00 00:00:00,0960-wombat,B8:27:EB:FF:C8:F5,-41, WPA ,0.000000,0.000000,0.000,0.000,AP
2026-04-08 13:04:46,1900-01-00 00:00:00,0960-wombat,B8:27:EB:FF:C8:F5,-41, WPA ,0.000000,0.000000,0.000,0.000,AP
2026-04-08 13:04:46,1900-01-00 00:00:00,0960-wombat,B8:27:EB:FF:C8:F5,-41, WPA ,0.000000,0.000000,0.000,0.000,AP
2026-04-08 13:04:46,1900-01-00 00:00:00,0960-wombat,B8:27:EB:FF:C8:F5,-41, WPA ,0.000000,0.000000,0.000,0.000,AP
2026-04-08 13:04:46,1900-01-00 00:00:00,0960-wombat,B8:27:EB:FF:C8:F5,-41, WPA ,0.000000,0.000000,0.000,0.000,AP
2026-04-08 13:04:46,1900-01-00 00:00:00,0960-wombat,B8:27:EB:FF:C8:F5,-54, WPA ,0.000000,0.000000,0.000,0.000,AP
2026-04-08 13:04:46,1900-01-00 00:00:00,0960-wombat,B8:27:EB:FF:C8:F5,-54, WPA ,0.000000,0.000000,0.000,0.000,AP
2026-04-08 13:04:46,1900-01-00 00:00:00,0960-wombat,B8:27:EB:FF:C8:F5,-54, WPA ,0.000000,0.000000,0.000,0.000,AP
2026-04-08 13:04:46,1900-01-00 00:00:00,0960-wombat,B8:27:EB:FF:C8:F5,-54, WPA ,0.000000,0.000000,0.000,0.000,AP
2026-04-08 13:04:46,1900-01-00 00:00:00,0960-wombat,B8:27:EB:FF:C8:F5,-54, WPA ,0.000000,0.000000,0.000,0.000,AP
2026-04-08 13:04:46,1900-01-00 00:00:00,0960-wombat,B8:27:EB:FF:C8:F5,-54, WPA ,0.000000,0.000000,0.000,0.000,AP
2026-04-08 13:04:46,1900-01-00 00:00:00,0960-wombat,B8:27:EB:FF:C8:F5,-54, WPA ,0.000000,0.000000,0.000,0.000,AP
2026-04-08 13:04:46,1900-01-00 00:00:00,0960-wombat,B8:27:EB:FF:C8:F5,-54, WPA ,0.000000,0.000000,0.000,0.000,AP
2026-04-08 13:04:46,1900-01-00 00:00:00,0960-wombat,B8:27:EB:FF:C8:F5,-54, WPA ,0.000000,0.000000,0.000,0.000,AP
2026-04-08 13:04:46,1900-01-00 00:00:00,0960-wombat,B8:27:EB:FF:C8:F5,-54, WPA ,0.000000,0.000000,0.000,0.000,AP
2026-04-08 13:04:46,1900-01-00 00:00:00,0960-wombat,B8:27:EB:FF:C8:F5,-54, WPA ,0.000000,0.000000,0.000,0.000,AP
2026-04-08 13:04:46,1900-01-00 00:00:00,0960-wombat,B8:27:EB:FF:C8:F5,-54, WPA ,0.000000,0.000000,0.000,0.000,AP
2026-04-08 13:04:46,1900-01-00 00:00:00,0960-wombat,B8:27:EB:FF:C8:F5,-54, WPA ,0.000000,0.000000,0.000,0.000,AP
2026-04-08 13:04:46,1900-01-00 00:00:00,0960-wombat,B8:27:EB:FF:C8:F5,-54, WPA ,0.000000,0.000000,0.000,0.000,AP
2026-04-08 13:04:46,1900-01-00 00:00:00,0960-wombat,B8:27:EB:FF:C8:F5,-54, WPA ,0.000000,0.000000,0.000,0.000,AP
2026-04-08 13:04:46,1900-01-00 00:00:00,0960-wombat,B8:27:EB:FF:C8:F5,-54, WPA ,0.000000,0.000000,0.000,0.000,AP
2026-04-08 13:04:46,1900-01-00 00:00:00,0960-wombat,B8:27:EB:FF:C8:F5,-54, WPA ,0.000000,0.000000,0.000,0.000,AP
2026-04-08 13:04:46,1900-01-00 00:00:00,0960-wombat,B8:27:EB:FF:C8:F5,-54, WPA ,0.000000,0.000000,0.000,0.000,AP
2026-04-08 13:04:46,1900-01-00 00:00:00,0960-wombat,B8:27:EB:FF:C8:F5,-54, WPA ,0.000000,0.000000,0.000,0.000,AP
2026-04-08 13:04:46,1900-01-00 00:00:00,0960-wombat,B8:27:EB:FF:C8:F5,-50, WPA ,0.000000,0.000000,0.000,0.000,AP
2026-04-08 13:04:46,1900-01-00 00:00:00,0960-wombat,B8:27:EB:FF:C8:F5,-50, WPA ,0.000000,0.000000,0.000,0.000,AP
2026-04-08 13:04:46,1900-01-00 00:00:00,0960-wombat,B8:27:EB:FF:C8:F5,-50, WPA ,0.000000,0.000000,0.000,0.000,AP
2026-04-08 13:04:46,1900-01-00 00:00:00,0960-wombat,B8:27:EB:FF:C8:F5,-50, WPA ,0.000000,0.000000,0.000,0.000,AP
2026-04-08 13:04:46,1900-01-00 00:00:00,0960-wombat,B8:27:EB:FF:C8:F5,-50, WPA ,0.000000,0.000000,0.000,0.000,AP
2026-04-08 13:04:46,1900-01-00 00:00:00,0960-wombat,B8:27:EB:FF:C8:F5,-50, WPA ,0.000000,0.000000,0.000,0.000,AP
2026-04-08 13:04:46,1900-01-00 00:00:00,0960-wombat,B8:27:EB:FF:C8:F5,-50, WPA ,0.000000,0.000000,0.000,0.000,AP
2026-04-08 13:04:46,1900-01-00 00:00:00,0960-wombat,B8:27:EB:FF:C8:F5,-50, WPA ,0.000000,0.000000,0.000,0.000,AP
2026-04-08 13:04:46,1900-01-00 00:00:00,0960-wombat,B8:27:EB:FF:C8:F5,-50, WPA ,0.000000,0.000000,0.000,0.000,AP
2026-04-08 13:04:46,1900-01-00 00:00:00,0960-wombat,B8:27:EB:FF:C8:F5,-50, WPA ,0.000000,0.000000,0.000,0.000,AP
2026-04-08 13:04:46,1900-01-00 00:00:00,0960-wombat,B8:27:EB:FF:C8:F5,-50, WPA ,0.000000,0.000000,0.000,0.000,AP
2026-04-08 13:04:46,1900-01-00 00:00:00,0960-wombat,B8:27:EB:FF:C8:F5,-53, WPA ,0.000000,0.000000,0.000,0.000,AP
2026-04-08 13:04:46,1900-01-00 00:00:00,0960-wombat,B8:27:EB:FF:C8:F5,-53, WPA ,0.000000,0.000000,0.000,0.000,AP
2026-04-08 13:04:46,1900-01-00 00:00:00,0960-wombat,B8:27:EB:FF:C8:F5,-58, WPA ,0.000000,0.000000,0.000,0.000,AP
2026-04-08 13:04:46,1900-01-00 00:00:00,0960-wombat,B8:27:EB:FF:C8:F5,-58, WPA ,0.000000,0.000000,0.000,0.000,AP
2026-04-08 13:04:46,1900-01-00 00:00:00,0960-wombat,B8:27:EB:FF:C8:F5,-58, WPA ,0.000000,0.000000,0.000,0.000,AP
2026-04-08 13:04:46,1900-01-00 00:00:00,0960-wombat,B8:27:EB:FF:C8:F5,-58, WPA ,0.000000,0.000000,0.000,0.000,AP
2026-04-08 13:04:46,1900-01-00 00:00:00,0960-wombat,B8:27:EB:FF:C8:F5,-58, WPA ,0.000000,0.000000,0.000,0.000,AP
2026-04-08 13:04:46,1900-01-00 00:00:00,0960-wombat,B8:27:EB:FF:C8:F5,-58, WPA ,0.000000,0.000000,0.000,0.000,AP
2026-04-08 13:04:46,1900-01-00 00:00:00,0960-wombat,B8:27:EB:FF:C8:F5,-41, WPA ,0.000000,0.000000,0.000,0.000,AP
2026-04-08 13:04:46,1900-01-00 00:00:00,0960-wombat,B8:27:EB:FF:C8:F5,-41, WPA ,0.000000,0.000000,0.000,0.000,AP
2026-04-08 13:04:46,1900-01-00 00:00:00,0960-wombat,B8:27:EB:FF:C8:F5,-41, WPA ,0.000000,0.000000,0.000,0.000,AP
2026-04-08 13:04:46,1900-01-00 00:00:00,0960-wombat,B8:27:EB:FF:C8:F5,-41, WPA ,0.000000,0.000000,0.000,0.000,AP
2026-04-08 13:04:46,1900-01-00 00:00:00,0960-wombat,B8:27:EB:FF:C8:F5,-41, WPA ,0.000000,0.000000,0.000,0.000,AP
2026-04-08 13:04:46,1900-01-00 00:00:00,0960-wombat,B8:27:EB:FF:C8:F5,-41, WPA ,0.000000,0.000000,0.000,0.000,AP
2026-04-08 13:04:46,1900-01-00 00:00:00,0960-wombat,B8:27:EB:FF:C8:F5,-41, WPA ,0.000000,0.000000,0.000,0.000,AP
2026-04-08 13:04:46,1900-01-00 00:00:00,0960-wombat,B8:27:EB:FF:C8:F5,-41, WPA ,0.000000,0.000000,0.000,0.000,AP
2026-04-08 13:04:46,1900-01-00 00:00:00,0960-wombat,B8:27:EB:FF:C8:F5,-41, WPA ,0.000000,0.000000,0.000,0.000,AP
2026-04-08 13:04:46,1900-01-00 00:00:00,0960-wombat,B8:27:EB:FF:C8:F5,-41, WPA ,0.000000,0.000000,0.000,0.000,AP
2026-04-08 13:04:46,1900-01-00 00:00:00,0960-wombat,B8:27:EB:FF:C8:F5,-41, WPA ,0.000000,0.000000,0.000,0.000,AP
2026-04-08 13:04:46,1900-01-00 00:00:00,0960-wombat,B8:27:EB:FF:C8:F5,-54, WPA ,0.000000,0.000000,0.000,0.000,AP
2026-04-08 13:04:46,1900-01-00 00:00:00,0960-wombat,B8:27:EB:FF:C8:F5,-54, WPA ,0.000000,0.000000,0.000,0.000,AP
2026-04-08 13:04:46,1900-01-00 00:00:00,0960-wombat,B8:27:EB:FF:C8:F5,-54, WPA ,0.000000,0.000000,0.000,0.000,AP
2026-04-08 13:04:46,1900-01-00 00:00:00,0960-wombat,B8:27:EB:FF:C8:F5,-54, WPA ,0.000000,0.000000,0.000,0.000,AP
2026-04-08 13:04:46,1900-01-00 00:00:00,0960-wombat,B8:27:EB:FF:C8:F5,-54, WPA ,0.000000,0.000000,0.000,0.000,AP
2026-04-08 13:04:46,1900-01-00 00:00:00,0960-wombat,B8:27:EB:FF:C8:F5,-54, WPA ,0.000000,0.000000,0.000,0.000,AP
2026-04-08 13:04:46,1900-01-00 00:00:00,0960-wombat,B8:27:EB:FF:C8:F5,-54, WPA ,0.000000,0.000000,0.000,0.000,AP
2026-04-08 13:04:46,1900-01-00 00:00:00,0960-wombat,B8:27:EB:FF:C8:F5,-54, WPA ,0.000000,0.000000,0.000,0.000,AP
2026-04-08 13:04:46,1900-01-00 00:00:00,0960-wombat,B8:27:EB:FF:C8:F5,-55, WPA ,0.000000,0.000000,0.000,0.000,AP
2026-04-08 13:04:46,1900-01-00 00:00:00,0960-wombat,B8:27:EB:FF:C8:F5,-55, WPA ,0.000000,0.000000,0.000,0.000,AP
2026-04-08 13:04:46,1900-01-00 00:00:00,0960-wombat,B8:27:EB:FF:C8:F5,-55, WPA ,0.000000,0.000000,0.000,0.000,AP
2026-04-08 13:04:46,1900-01-00 00:00:00,0960-wombat,B8:27:EB:FF:C8:F5,-55, WPA ,0.000000,0.000000,0.000,0.000,AP
2026-04-08 13:04:46,1900-01-00 00:00:00,0960-wombat,B8:27:EB:FF:C8:F5,-55, WPA ,0.000000,0.000000,0.000,0.000,AP
2026-04-08 13:04:46,1900-01-00 00:00:00,0960-wombat,B8:27:EB:FF:C8:F5,-55, WPA ,0.000000,0.000000,0.000,0.000,AP
2026-04-08 13:04:46,1900-01-00 00:00:00,0960-wombat,B8:27:EB:FF:C8:F5,-53, WPA ,0.000000,0.000000,0.000,0.000,AP
2026-04-08 13:04:46,1900-01-00 00:00:00,0960-wombat,B8:27:EB:FF:C8:F5,-53, WPA ,0.000000,0.000000,0.000,0.000,AP
2026-04-08 13:04:46,1900-01-00 00:00:00,0960-wombat,B8:27:EB:FF:C8:F5,-53, WPA ,0.000000,0.000000,0.000,0.000,AP
2026-04-08 13:04:46,1900-01-00 00:00:00,0960-wombat,B8:27:EB:FF:C8:F5,-53, WPA ,0.000000,0.000000,0.000,0.000,AP
2026-04-08 13:04:46,1900-01-00 00:00:00,0960-wombat,B8:27:EB:FF:C8:F5,-53, WPA ,0.000000,0.000000,0.000,0.000,AP
2026-04-08 13:04:46,1900-01-00 00:00:00,0960-wombat,B8:27:EB:FF:C8:F5,-53, WPA ,0.000000,0.000000,0.000,0.000,AP
2026-04-08 13:04:46,1900-01-00 00:00:00,0960-wombat,B8:27:EB:FF:C8:F5,-53, WPA ,0.000000,0.000000,0.000,0.000,AP
2026-04-08 13:04:46,1900-01-00 00:00:00,0960-wombat,B8:27:EB:FF:C8:F5,-53, WPA ,0.000000,0.000000,0.000,0.000,AP
2026-04-08 13:04:46,1900-01-00 00:00:00,0960-wombat,B8:27:EB:FF:C8:F5,-59, WPA ,0.000000,0.000000,0.000,0.000,AP
2026-04-08 13:04:46,1900-01-00 00:00:00,0960-wombat,B8:27:EB:FF:C8:F5,-59, WPA ,0.000000,0.000000,0.000,0.000,AP
2026-04-08 13:04:46,1900-01-00 00:00:00,0960-wombat,B8:27:EB:FF:C8:F5,-58, WPA ,0.000000,0.000000,0.000,0.000,AP
2026-04-08 13:04:46,1900-01-00 00:00:00,0960-wombat,B8:27:EB:FF:C8:F5,-58, WPA ,0.000000,0.000000,0.000,0.000,AP
2026-04-08 13:04:46,1900-01-00 00:00:00,0960-wombat,B8:27:EB:FF:C8:F5,-59, WPA ,0.000000,0.000000,0.000,0.000,AP
2026-04-08 13:04:46,1900-01-00 00:00:00,0960-wombat,B8:27:EB:FF:C8:F5,-59, WPA ,0.000000,0.000000,0.000,0.000,AP
2026-04-08 13:04:46,1900-01-00 00:00:00,0960-wombat,B8:27:EB:FF:C8:F5,-59, WPA ,0.000000,0.000000,0.000,0.000,AP
2026-04-08 13:04:46,1900-01-00 00:00:00,0960-wombat,B8:27:EB:FF:C8:F5,-59, WPA ,0.000000,0.000000,0.000,0.000,AP
2026-04-08 13:04:46,1900-01-00 00:00:00,0960-wombat,B8:27:EB:FF:C8:F5,-58, WPA ,0.000000,0.000000,0.000,0.000,AP
2026-04-08 13:04:46,1900-01-00 00:00:00,0960-wombat,B8:27:EB:FF:C8:F5,-58, WPA ,0.000000,0.000000,0.000,0.000,AP
2026-04-08 13:04:46,1900-01-00 00:00:00,0960-wombat,B8:27:EB:FF:C8:F5,-58, WPA ,0.000000,0.000000,0.000,0.000,AP
2026-04-08 13:04:46,1900-01-00 00:00:00,0960-wombat,B8:27:EB:FF:C8:F5,-58, WPA ,0.000000,0.000000,0.000,0.000,AP
2026-04-08 13:04:46,1900-01-00 00:00:00,0960-wombat,B8:27:EB:FF:C8:F5,-58, WPA ,0.000000,0.000000,0.000,0.000,AP
2026-04-08 13:04:46,1900-01-00 00:00:00,0960-wombat,B8:27:EB:FF:C8:F5,-58, WPA ,0.000000,0.000000,0.000,0.000,AP
2026-04-08 13:04:46,1900-01-00 00:00:00,0960-wombat,B8:27:EB:FF:C8:F5,-49, WPA ,0.000000,0.000000,0.000,0.000,AP
2026-04-08 13:04:46,1900-01-00 00:00:00,0960-wombat,B8:27:EB:FF:C8:F5,-49, WPA ,0.000000,0.000000,0.000,0.000,AP
2026-04-08 13:04:46,1900-01-00 00:00:00,0960-wombat,B8:27:EB:FF:C8:F5,-49, WPA ,0.000000,0.000000,0.000,0.000,AP
2026-04-08 13:04:46,1900-01-00 00:00:00,0960-wombat,B8:27:EB:FF:C8:F5,-49, WPA ,0.000000,0.000000,0.000,0.000,AP
2026-04-08 13:04:46,1900-01-00 00:00:00,0960-wombat,B8:27:EB:FF:C8:F5,-49, WPA ,0.000000,0.000000,0.000,0.000,AP
2026-04-08 13:04:46,1900-01-00 00:00:00,0960-wombat,B8:27:EB:FF:C8:F5,-50, WPA ,0.000000,0.000000,0.000,0.000,AP
2026-04-08 13:04:46,1900-01-00 00:00:00,0960-wombat,B8:27:EB:FF:C8:F5,-50, WPA ,0.000000,0.000000,0.000,0.000,AP
2026-04-08 13:04:46,1900-01-00 00:00:00,0960-wombat,B8:27:EB:FF:C8:F5,-50, WPA ,0.000000,0.000000,0.000,0.000,AP
2026-04-08 13:04:46,1900-01-00 00:00:00,0960-wombat,B8:27:EB:FF:C8:F5,-49, WPA ,0.000000,0.000000,0.000,0.000,AP
2026-04-08 13:04:46,1900-01-00 00:00:00,0960-wombat,B8:27:EB:FF:C8:F5,-58, WPA ,0.000000,0.000000,0.000,0.000,AP
2026-04-08 13:04:46,1900-01-00 00:00:00,0960-wombat,B8:27:EB:FF:C8:F5,-59, WPA ,0.000000,0.000000,0.000,0.000,AP
2026-04-08 13:04:46,1900-01-00 00:00:00,0960-wombat,B8:27:EB:FF:C8:F5,-58, WPA ,0.000000,0.000000,0.000,0.000,AP
2026-04-08 13:04:46,1900-01-00 00:00:00,0960-wombat,B8:27:EB:FF:C8:F5,-50, WPA ,0.000000,0.000000,0.000,0.000,AP
2026-04-08 13:04:46,1900-01-00 00:00:00,0960-wombat,B8:27:EB:FF:C8:F5,-58, WPA ,0.000000,0.000000,0.000,0.000,AP
2026-04-08 13:04:46,1900-01-00 00:00:00,0960-wombat,B8:27:EB:FF:C8:F5,-53, WPA ,0.000000,0.000000,0.000,0.000,AP
2026-04-08 13:04:46,1900-01-00 00:00:00,0960-wombat,B8:27:EB:FF:C8:F5,-53, WPA ,0.000000,0.000000,0.000,0.000,AP
2026-04-08 13:04:46,1900-01-00 00:00:00,0960-wombat,B8:27:EB:FF:C8:F5,-53, WPA ,0.000000,0.000000,0.000,0.000,AP
2026-04-08 13:04:46,1900-01-00 00:00:00,0960-wombat,B8:27:EB:FF:C8:F5,-58, WPA ,0.000000,0.000000,0.000,0.000,AP
2026-04-08 13:04:46,1900-01-00 00:00:00,0960-wombat,B8:27:EB:FF:C8:F5,-50, WPA ,0.000000,0.000000,0.000,0.000,AP
2026-04-08 13:04:46,1900-01-00 00:00:00,0960-wombat,B8:27:EB:FF:C8:F5,-50, WPA ,0.000000,0.000000,0.000,0.000,AP
2026-04-08 13:04:46,1900-01-00 00:00:00,0960-wombat,B8:27:EB:FF:C8:F5,-52, WPA ,0.000000,0.000000,0.000,0.000,AP
2026-04-08 13:04:46,1900-01-00 00:00:00,0960-wombat,B8:27:EB:FF:C8:F5,-52, WPA ,0.000000,0.000000,0.000,0.000,AP
2026-04-08 13:04:46,1900-01-00 00:00:00,0960-wombat,B8:27:EB:FF:C8:F5,-54, WPA ,0.000000,0.000000,0.000,0.000,AP
2026-04-08 13:04:46,1900-01-00 00:00:00,0960-wombat,B8:27:EB:FF:C8:F5,-54, WPA ,0.000000,0.000000,0.000,0.000,AP
2026-04-08 13:04:46,1900-01-00 00:00:00,0960-wombat,B8:27:EB:FF:C8:F5,-54, WPA ,0.000000,0.000000,0.000,0.000,AP
2026-04-08 13:04:46,1900-01-00 00:00:00,0960-wombat,B8:27:EB:FF:C8:F5,-53, WPA ,0.000000,0.000000,0.000,0.000,AP
2026-04-08 13:04:46,1900-01-00 00:00:00,0960-wombat,B8:27:EB:FF:C8:F5,-53, WPA ,0.000000,0.000000,0.000,0.000,AP
2026-04-08 13:04:46,1900-01-00 00:00:00,0960-wombat,B8:27:EB:FF:C8:F5,-53, WPA ,0.000000,0.000000,0.000,0.000,AP
2026-04-08 13:04:46,1900-01-00 00:00:00,0960-wombat,B8:27:EB:FF:C8:F5,-53, WPA ,0.000000,0.000000,0.000,0.000,AP
2026-04-08 13:04:47,1900-01-00 00:00:00,0960-wombat,B8:27:EB:FF:C8:F5,-53, WPA ,0.000000,0.000000,0.000,0.000,AP
2026-04-08 13:04:47,1900-01-00 00:00:00,0960-wombat,B8:27:EB:FF:C8:F5,-53, WPA ,0.000000,0.000000,0.000,0.000,AP
2026-04-08 13:04:47,1900-01-00 00:00:00,0960-wombat,B8:27:EB:FF:C8:F5,-54, WPA ,0.000000,0.000000,0.000,0.000,AP
2026-04-08 13:04:47,1900-01-00 00:00:00,0960-wombat,B8:27:EB:FF:C8:F5,-54, WPA ,0.000000,0.000000,0.000,0.000,AP
2026-04-08 13:04:47,1900-01-00 00:00:00,0960-wombat,B8:27:EB:FF:C8:F5,-54, WPA ,0.000000,0.000000,0.000,0.000,AP
2026-04-08 13:04:47,1900-01-00 00:00:00,0960-wombat,B8:27:EB:FF:C8:F5,-54, WPA ,0.000000,0.000000,0.000,0.000,AP
2026-04-08 13:04:47,1900-01-00 00:00:00,0960-wombat,B8:27:EB:FF:C8:F5,-50, WPA ,0.000000,0.000000,0.000,0.000,AP
2026-04-08 13:04:47,1900-01-00 00:00:00,0960-wombat,B8:27:EB:FF:C8:F5,-50, WPA ,0.000000,0.000000,0.000,0.000,AP
2026-04-08 13:04:47,1900-01-00 00:00:00,0960-wombat,B8:27:EB:FF:C8:F5,-50, WPA ,0.000000,0.000000,0.000,0.000,AP
2026-04-08 13:04:47,1900-01-00 00:00:00,0960-wombat,B8:27:EB:FF:C8:F5,-57, WPA ,0.000000,0.000000,0.000,0.000,AP
2026-04-08 13:04:47,1900-01-00 00:00:00,0960-wombat,B8:27:EB:FF:C8:F5,-57, WPA ,0.000000,0.000000,0.000,0.000,AP
2026-04-08 13:04:47,1900-01-00 00:00:00,0960-wombat,B8:27:EB:FF:C8:F5,-53, WPA ,0.000000,0.000000,0.000,0.000,AP
2026-04-08 13:04:47,1900-01-00 00:00:00,0960-wombat,B8:27:EB:FF:C8:F5,-57, WPA ,0.000000,0.000000,0.000,0.000,AP
2026-04-08 13:04:47,1900-01-00 00:00:00,0960-wombat,B8:27:EB:FF:C8:F5,-57, WPA ,0.000000,0.000000,0.000,0.000,AP
2026-04-08 13:04:47,1900-01-00 00:00:00,0960-wombat,B8:27:EB:FF:C8:F5,-53, WPA ,0.000000,0.000000,0.000,0.000,AP
2026-04-08 13:04:47,1900-01-00 00:00:00,0960-wombat,B8:27:EB:FF:C8:F5,-57, WPA ,0.000000,0.000000,0.000,0.000,AP
2026-04-08 13:04:47,1900-01-00 00:00:00,0960-wombat,B8:27:EB:FF:C8:F5,-58, WPA ,0.000000,0.000000,0.000,0.000,AP
2026-04-08 13:04:47,1900-01-00 00:00:00,0960-wombat,B8:27:EB:FF:C8:F5,-58, WPA ,0.000000,0.000000,0.000,0.000,AP
2026-04-08 13:04:47,1900-01-00 00:00:00,0960-wombat,B8:27:EB:FF:C8:F5,-57, WPA ,0.000000,0.000000,0.000,0.000,AP
2026-04-08 13:04:47,1900-01-00 00:00:00,0960-wombat,B8:27:EB:FF:C8:F5,-50, WPA ,0.000000,0.000000,0.000,0.000,AP
2026-04-08 13:04:47,1900-01-00 00:00:00,0960-wombat,B8:27:EB:FF:C8:F5,-56, WPA ,0.000000,0.000000,0.000,0.000,AP
2026-04-08 13:04:47,1900-01-00 00:00:00,0960-wombat,B8:27:EB:FF:C8:F5,-57, WPA ,0.000000,0.000000,0.000,0.000,AP
2026-04-08 13:04:47,1900-01-00 00:00:00,0960-wombat,B8:27:EB:FF:C8:F5,-53, WPA ,0.000000,0.000000,0.000,0.000,AP
2026-04-08 13:04:47,1900-01-00 00:00:00,0960-wombat,B8:27:EB:FF:C8:F5,-57, WPA ,0.000000,0.000000,0.000,0.000,AP
2026-04-08 13:04:47,1900-01-00 00:00:00,0960-wombat,B8:27:EB:FF:C8:F5,-38, WPA ,0.000000,0.000000,0.000,0.000,AP
2026-04-08 13:04:47,1900-01-00 00:00:00,0960-wombat,B8:27:EB:FF:C8:F5,-57, WPA ,0.000000,0.000000,0.000,0.000,AP
2026-04-08 13:04:47,1900-01-00 00:00:00,0960-wombat,B8:27:EB:FF:C8:F5,-57, WPA ,0.000000,0.000000,0.000,0.000,AP
2026-04-08 13:04:47,1900-01-00 00:00:00,0960-wombat,B8:27:EB:FF:C8:F5,-57, WPA ,0.000000,0.000000,0.000,0.000,AP
2026-04-08 13:04:47,1900-01-00 00:00:00,0960-wombat,B8:27:EB:FF:C8:F5,-58, WPA ,0.000000,0.000000,0.000,0.000,AP
2026-04-08 13:04:47,1900-01-00 00:00:00,0960-wombat,B8:27:EB:FF:C8:F5,-58, WPA ,0.000000,0.000000,0.000,0.000,AP
2026-04-08 13:04:47,1900-01-00 00:00:00,0960-wombat,B8:27:EB:FF:C8:F5,-58, WPA ,0.000000,0.000000,0.000,0.000,AP
2026-04-08 13:04:47,1900-01-00 00:00:00,0960-wombat,B8:27:EB:FF:C8:F5,-59, WPA ,0.000000,0.000000,0.000,0.000,AP
2026-04-08 13:04:47,1900-01-00 00:00:00,0960-wombat,B8:27:EB:FF:C8:F5,-58, WPA ,0.000000,0.000000,0.000,0.000,AP
2026-04-08 13:04:47,1900-01-00 00:00:00,0960-wombat,B8:27:EB:FF:C8:F5,-50, WPA ,0.000000,0.000000,0.000,0.000,AP
2026-04-08 13:04:47,1900-01-00 00:00:00,0960-wombat,B8:27:EB:FF:C8:F5,-57, WPA ,0.000000,0.000000,0.000,0.000,AP
2026-04-08 13:04:47,1900-01-00 00:00:00,0960-wombat,B8:27:EB:FF:C8:F5,-58, WPA ,0.000000,0.000000,0.000,0.000,AP
2026-04-08 13:04:47,1900-01-00 00:00:00,0960-wombat,B8:27:EB:FF:C8:F5,-47, WPA ,0.000000,0.000000,0.000,0.000,AP
2026-04-08 13:04:47,1900-01-00 00:00:00,0960-wombat,B8:27:EB:FF:C8:F5,-59, WPA ,0.000000,0.000000,0.000,0.000,AP
2026-04-08 13:04:47,1900-01-00 00:00:00,0960-wombat,B8:27:EB:FF:C8:F5,-59, WPA ,0.000000,0.000000,0.000,0.000,AP
2026-04-08 13:04:47,1900-01-00 00:00:00,0960-wombat,B8:27:EB:FF:C8:F5,-59, WPA ,0.000000,0.000000,0.000,0.000,AP
2026-04-08 13:04:47,1900-01-00 00:00:00,0960-wombat,B8:27:EB:FF:C8:F5,-59, WPA ,0.000000,0.000000,0.000,0.000,AP
2026-04-08 13:04:47,1900-01-00 00:00:00,0960-wombat,B8:27:EB:FF:C8:F5,-58, WPA ,0.000000,0.000000,0.000,0.000,AP
2026-04-08 13:04:47,1900-01-00 00:00:00,0960-wombat,B8:27:EB:FF:C8:F5,-58, WPA ,0.000000,0.000000,0.000,0.000,AP
2026-04-08 13:04:47,1900-01-00 00:00:00,0960-wombat,B8:27:EB:FF:C8:F5,-58, WPA ,0.000000,0.000000,0.000,0.000,AP
2026-04-08 13:04:47,1900-01-00 00:00:00,0960-wombat,B8:27:EB:FF:C8:F5,-58, WPA ,0.000000,0.000000,0.000,0.000,AP
2026-04-08 13:04:47,1900-01-00 00:00:00,0960-wombat,B8:27:EB:FF:C8:F5,-58, WPA ,0.000000,0.000000,0.000,0.000,AP
2026-04-08 13:04:47,1900-01-00 00:00:00,0960-wombat,B8:27:EB:FF:C8:F5,-53, WPA ,0.000000,0.000000,0.000,0.000,AP
2026-04-08 13:04:47,1900-01-00 00:00:00,0960-wombat,B8:27:EB:FF:C8:F5,-57, WPA ,0.000000,0.000000,0.000,0.000,AP
2026-04-08 13:04:47,1900-01-00 00:00:00,0960-wombat,B8:27:EB:FF:C8:F5,-57, WPA ,0.000000,0.000000,0.000,0.000,AP
2026-04-08 13:04:47,1900-01-00 00:00:00,0960-wombat,B8:27:EB:FF:C8:F5,-58, WPA ,0.000000,0.000000,0.000,0.000,AP
2026-04-08 13:04:47,1900-01-00 00:00:00,0960-wombat,B8:27:EB:FF:C8:F5,-58, WPA ,0.000000,0.000000,0.000,0.000,AP
2026-04-08 13:04:47,1900-01-00 00:00:00,0960-wombat,B8:27:EB:FF:C8:F5,-58, WPA ,0.000000,0.000000,0.000,0.000,AP
2026-04-08 13:04:47,1900-01-00 00:00:00,0960-wombat,B8:27:EB:FF:C8:F5,-58, WPA ,0.000000,0.000000,0.000,0.000,AP
2026-04-08 13:04:47,1900-01-00 00:00:00,0960-wombat,B8:27:EB:FF:C8:F5,-58, WPA ,0.000000,0.000000,0.000,0.000,AP
2026-04-08 13:04:47,1900-01-00 00:00:00,0960-wombat,B8:27:EB:FF:C8:F5,-58, WPA ,0.000000,0.000000,0.000,0.000,AP
2026-04-08 13:04:47,1900-01-00 00:00:00,0960-wombat,B8:27:EB:FF:C8:F5,-38, WPA ,0.000000,0.000000,0.000,0.000,AP
2026-04-08 13:04:47,1900-01-00 00:00:00,0960-wombat,B8:27:EB:FF:C8:F5,-38, WPA ,0.000000,0.000000,0.000,0.000,AP
2026-04-08 13:04:47,1900-01-00 00:00:00,0960-wombat,B8:27:EB:FF:C8:F5,-38, WPA ,0.000000,0.000000,0.000,0.000,AP
2026-04-08 13:04:47,1900-01-00 00:00:00,0960-wombat,B8:27:EB:FF:C8:F5,-53, WPA ,0.000000,0.000000,0.000,0.000,AP
2026-04-08 13:04:47,1900-01-00 00:00:00,0960-wombat,B8:27:EB:FF:C8:F5,-53, WPA ,0.000000,0.000000,0.000,0.000,AP
2026-04-08 13:04:47,1900-01-00 00:00:00,0960-wombat,B8:27:EB:FF:C8:F5,-55, WPA ,0.000000,0.000000,0.000,0.000,AP
2026-04-08 13:04:47,1900-01-00 00:00:00,0960-wombat,B8:27:EB:FF:C8:F5,-53, WPA ,0.000000,0.000000,0.000,0.000,AP
2026-04-08 13:04:47,1900-01-00 00:00:00,0960-wombat,B8:27:EB:FF:C8:F5,-53, WPA ,0.000000,0.000000,0.000,0.000,AP
2026-04-08 13:04:47,1900-01-00 00:00:00,0960-wombat,B8:27:EB:FF:C8:F5,-53, WPA ,0.000000,0.000000,0.000,0.000,AP
2026-04-08 13:04:47,1900-01-00 00:00:00,0960-wombat,B8:27:EB:FF:C8:F5,-53, WPA ,0.000000,0.000000,0.000,0.000,AP
2026-04-08 13:04:47,1900-01-00 00:00:00,0960-wombat,B8:27:EB:FF:C8:F5,-56, WPA ,0.000000,0.000000,0.000,0.000,AP
2026-04-08 13:04:47,1900-01-00 00:00:00,0960-wombat,B8:27:EB:FF:C8:F5,-58, WPA ,0.000000,0.000000,0.000,0.000,AP
2026-04-08 13:04:47,1900-01-00 00:00:00,0960-wombat,B8:27:EB:FF:C8:F5,-53, WPA ,0.000000,0.000000,0.000,0.000,AP
2026-04-08 13:04:47,1900-01-00 00:00:00,0960-wombat,B8:27:EB:FF:C8:F5,-53, WPA ,0.000000,0.000000,0.000,0.000,AP
2026-04-08 13:04:47,1900-01-00 00:00:00,0960-wombat,B8:27:EB:FF:C8:F5,-58, WPA ,0.000000,0.000000,0.000,0.000,AP
2026-04-08 13:04:47,1900-01-00 00:00:00,0960-wombat,B8:27:EB:FF:C8:F5,-54, WPA ,0.000000,0.000000,0.000,0.000,AP
2026-04-08 13:04:47,1900-01-00 00:00:00,0960-wombat,B8:27:EB:FF:C8:F5,-54, WPA ,0.000000,0.000000,0.000,0.000,AP
2026-04-08 13:04:47,1900-01-00 00:00:00,0960-wombat,B8:27:EB:FF:C8:F5,-58, WPA ,0.000000,0.000000,0.000,0.000,AP
2026-04-08 13:04:47,1900-01-00 00:00:00,0960-wombat,B8:27:EB:FF:C8:F5,-53, WPA ,0.000000,0.000000,0.000,0.000,AP
2026-04-08 13:04:47,1900-01-00 00:00:00,0960-wombat,B8:27:EB:FF:C8:F5,-53, WPA ,0.000000,0.000000,0.000,0.000,AP
2026-04-08 13:04:47,1900-01-00 00:00:00,0960-wombat,B8:27:EB:FF:C8:F5,-53, WPA ,0.000000,0.000000,0.000,0.000,AP
2026-04-08 13:04:47,1900-01-00 00:00:00,0960-wombat,B8:27:EB:FF:C8:F5,-53, WPA ,0.000000,0.000000,0.000,0.000,AP
2026-04-08 13:04:47,1900-01-00 00:00:00,0960-wombat,B8:27:EB:FF:C8:F5,-53, WPA ,0.000000,0.000000,0.000,0.000,AP
2026-04-08 13:04:47,1900-01-00 00:00:00,0960-wombat,B8:27:EB:FF:C8:F5,-38, WPA ,0.000000,0.000000,0.000,0.000,AP
2026-04-08 13:04:47,1900-01-00 00:00:00,0960-wombat,B8:27:EB:FF:C8:F5,-38, WPA ,0.000000,0.000000,0.000,0.000,AP
2026-04-08 13:04:47,1900-01-00 00:00:00,0960-wombat,B8:27:EB:FF:C8:F5,-56, WPA ,0.000000,0.000000,0.000,0.000,AP
2026-04-08 13:04:47,1900-01-00 00:00:00,0960-wombat,B8:27:EB:FF:C8:F5,-38, WPA ,0.000000,0.000000,0.000,0.000,AP
2026-04-08 13:04:47,1900-01-00 00:00:00,0960-wombat,B8:27:EB:FF:C8:F5,-56, WPA ,0.000000,0.000000,0.000,0.000,AP
2026-04-08 13:04:47,1900-01-00 00:00:00,0960-wombat,B8:27:EB:FF:C8:F5,-56, WPA ,0.000000,0.000000,0.000,0.000,AP
2026-04-08 13:04:47,1900-01-00 00:00:00,0960-wombat,B8:27:EB:FF:C8:F5,-56, WPA ,0.000000,0.000000,0.000,0.000,AP
2026-04-08 13:04:47,1900-01-00 00:00:00,0960-wombat,B8:27:EB:FF:C8:F5,-56, WPA ,0.000000,0.000000,0.000,0.000,AP
2026-04-08 13:04:47,1900-01-00 00:00:00,0960-wombat,B8:27:EB:FF:C8:F5,-38, WPA ,0.000000,0.000000,0.000,0.000,AP
2026-04-08 13:04:47,1900-01-00 00:00:00,0960-wombat,B8:27:EB:FF:C8:F5,-38, WPA ,0.000000,0.000000,0.000,0.000,AP
2026-04-08 13:04:47,1900-01-00 00:00:00,0960-wombat,B8:27:EB:FF:C8:F5,-38, WPA ,0.000000,0.000000,0.000,0.000,AP
2026-04-08 13:04:47,1900-01-00 00:00:00,0960-wombat,B8:27:EB:FF:C8:F5,-38, WPA ,0.000000,0.000000,0.000,0.000,AP
2026-04-08 13:04:47,1900-01-00 00:00:00,0960-wombat,B8:27:EB:FF:C8:F5,-38, WPA ,0.000000,0.000000,0.000,0.000,AP
2026-04-08 13:04:47,1900-01-00 00:00:00,0960-wombat,B8:27:EB:FF:C8:F5,-38, WPA ,0.000000,0.000000,0.000,0.000,AP
2026-04-08 13:04:47,1900-01-00 00:00:00,0960-wombat,B8:27:EB:FF:C8:F5,-49, WPA ,0.000000,0.000000,0.000,0.000,AP
2026-04-08 13:04:47,1900-01-00 00:00:00,0960-wombat,B8:27:EB:FF:C8:F5,-49, WPA ,0.000000,0.000000,0.000,0.000,AP
2026-04-08 13:04:47,1900-01-00 00:00:00,0960-wombat,B8:27:EB:FF:C8:F5,-53, WPA ,0.000000,0.000000,0.000,0.000,AP
2026-04-08 13:04:47,1900-01-00 00:00:00,0960-wombat,B8:27:EB:FF:C8:F5,-53, WPA ,0.000000,0.000000,0.000,0.000,AP
2026-04-08 13:04:47,1900-01-00 00:00:00,0960-wombat,B8:27:EB:FF:C8:F5,-53, WPA ,0.000000,0.000000,0.000,0.000,AP
2026-04-08 13:04:47,1900-01-00 00:00:00,0960-wombat,B8:27:EB:FF:C8:F5,-50, WPA ,0.000000,0.000000,0.000,0.000,AP
2026-04-08 13:04:47,1900-01-00 00:00:00,0960-wombat,B8:27:EB:FF:C8:F5,-50, WPA ,0.000000,0.000000,0.000,0.000,AP
2026-04-08 13:04:47,1900-01-00 00:00:00,0960-wombat,B8:27:EB:FF:C8:F5,-50, WPA ,0.000000,0.000000,0.000,0.000,AP
2026-04-08 13:04:47,1900-01-00 00:00:00,0960-wombat,B8:27:EB:FF:C8:F5,-55, WPA ,0.000000,0.000000,0.000,0.000,AP
2026-04-08 13:04:47,1900-01-00 00:00:00,0960-wombat,B8:27:EB:FF:C8:F5,-55, WPA ,0.000000,0.000000,0.000,0.000,AP
2026-04-08 13:04:47,1900-01-00 00:00:00,0960-wombat,B8:27:EB:FF:C8:F5,-51, WPA ,0.000000,0.000000,0.000,0.000,AP
2026-04-08 13:04:47,1900-01-00 00:00:00,0960-wombat,B8:27:EB:FF:C8:F5,-51, WPA ,0.000000,0.000000,0.000,0.000,AP
2026-04-08 13:04:47,1900-01-00 00:00:00,0960-wombat,B8:27:EB:FF:C8:F5,-38, WPA ,0.000000,0.000000,0.000,0.000,AP
2026-04-08 13:04:47,1900-01-00 00:00:00,0960-wombat,B8:27:EB:FF:C8:F5,-38, WPA ,0.000000,0.000000,0.000,0.000,AP
2026-04-08 13:04:47,1900-01-00 00:00:00,0960-wombat,B8:27:EB:FF:C8:F5,-53, WPA ,0.000000,0.000000,0.000,0.000,AP
2026-04-08 13:04:47,1900-01-00 00:00:00,0960-wombat,B8:27:EB:FF:C8:F5,-53, WPA ,0.000000,0.000000,0.000,0.000,AP
2026-04-08 13:04:47,1900-01-00 00:00:00,0960-wombat,B8:27:EB:FF:C8:F5,-55, WPA ,0.000000,0.000000,0.000,0.000,AP
2026-04-08 13:04:47,1900-01-00 00:00:00,0960-wombat,B8:27:EB:FF:C8:F5,-55, WPA ,0.000000,0.000000,0.000,0.000,AP
2026-04-08 13:04:47,1900-01-00 00:00:00,0960-wombat,B8:27:EB:FF:C8:F5,-49, WPA ,0.000000,0.000000,0.000,0.000,AP
2026-04-08 13:04:47,1900-01-00 00:00:00,0960-wombat,B8:27:EB:FF:C8:F5,-49, WPA ,0.000000,0.000000,0.000,0.000,AP
2026-04-08 13:04:47,1900-01-00 00:00:00,0960-wombat,B8:27:EB:FF:C8:F5,-49, WPA ,0.000000,0.000000,0.000,0.000,AP
2026-04-08 13:04:47,1900-01-00 00:00:00,0960-wombat,B8:27:EB:FF:C8:F5,-49, WPA ,0.000000,0.000000,0.000,0.000,AP
2026-04-08 13:04:47,1900-01-00 00:00:00,0960-wombat,B8:27:EB:FF:C8:F5,-49, WPA ,0.000000,0.000000,0.000,0.000,AP
2026-04-08 13:04:47,1900-01-00 00:00:00,0960-wombat,B8:27:EB:FF:C8:F5,-49, WPA ,0.000000,0.000000,0.000,0.000,AP
2026-04-08 13:04:47,1900-01-00 00:00:00,0960-wombat,B8:27:EB:FF:C8:F5,-49, WPA ,0.000000,0.000000,0.000,0.000,AP
2026-04-08 13:04:47,1900-01-00 00:00:00,0960-wombat,B8:27:EB:FF:C8:F5,-58, WPA ,0.000000,0.000000,0.000,0.000,AP
2026-04-08 13:04:47,1900-01-00 00:00:00,0960-wombat,B8:27:EB:FF:C8:F5,-58, WPA ,0.000000,0.000000,0.000,0.000,AP
2026-04-08 13:04:47,1900-01-00 00:00:00,0960-wombat,B8:27:EB:FF:C8:F5,-58, WPA ,0.000000,0.000000,0.000,0.000,AP
2026-04-08 13:04:47,1900-01-00 00:00:00,0960-wombat,B8:27:EB:FF:C8:F5,-52, WPA ,0.000000,0.000000,0.000,0.000,AP
2026-04-08 13:04:47,1900-01-00 00:00:00,0960-wombat,B8:27:EB:FF:C8:F5,-52, WPA ,0.000000,0.000000,0.000,0.000,AP
2026-04-08 13:04:47,1900-01-00 00:00:00,0960-wombat,B8:27:EB:FF:C8:F5,-49, WPA ,0.000000,0.000000,0.000,0.000,AP
2026-04-08 13:04:47,1900-01-00 00:00:00,0960-wombat,B8:27:EB:FF:C8:F5,-47, WPA ,0.000000,0.000000,0.000,0.000,AP
2026-04-08 13:04:47,1900-01-00 00:00:00,0960-wombat,B8:27:EB:FF:C8:F5,-47, WPA ,0.000000,0.000000,0.000,0.000,AP
2026-04-08 13:04:47,1900-01-00 00:00:00,0960-wombat,B8:27:EB:FF:C8:F5,-47, WPA ,0.000000,0.000000,0.000,0.000,AP
2026-04-08 13:04:47,1900-01-00 00:00:00,0960-wombat,B8:27:EB:FF:C8:F5,-47, WPA ,0.000000,0.000000,0.000,0.000,AP
2026-04-08 13:04:47,1900-01-00 00:00:00,0960-wombat,B8:27:EB:FF:C8:F5,-47, WPA ,0.000000,0.000000,0.000,0.000,AP
2026-04-08 13:04:47,1900-01-00 00:00:00,0960-wombat,B8:27:EB:FF:C8:F5,-40, WPA ,0.000000,0.000000,0.000,0.000,AP
2026-04-08 13:04:47,1900-01-00 00:00:00,0960-wombat,B8:27:EB:FF:C8:F5,-40, WPA ,0.000000,0.000000,0.000,0.000,AP
2026-04-08 13:04:47,1900-01-00 00:00:00,0960-wombat,B8:27:EB:FF:C8:F5,-50, WPA ,0.000000,0.000000,0.000,0.000,AP
2026-04-08 13:04:47,1900-01-00 00:00:00,0960-wombat,B8:27:EB:FF:C8:F5,-50, WPA ,0.000000,0.000000,0.000,0.000,AP
2026-04-08 13:04:47,1900-01-00 00:00:00,0960-wombat,B8:27:EB:FF:C8:F5,-50, WPA ,0.000000,0.000000,0.000,0.000,AP
2026-04-08 13:04:47,1900-01-00 00:00:00,0960-wombat,B8:27:EB:FF:C8:F5,-50, WPA ,0.000000,0.000000,0.000,0.000,AP
2026-04-08 13:04:47,1900-01-00 00:00:00,0960-wombat,B8:27:EB:FF:C8:F5,-50, WPA ,0.000000,0.000000,0.000,0.000,AP
2026-04-08 13:04:47,1900-01-00 00:00:00,0960-wombat,B8:27:EB:FF:C8:F5,-50, WPA ,0.000000,0.000000,0.000,0.000,AP
2026-04-08 13:04:47,1900-01-00 00:00:00,0960-wombat,B8:27:EB:FF:C8:F5,-50, WPA ,0.000000,0.000000,0.000,0.000,AP
2026-04-08 13:04:47,1900-01-00 00:00:00,0960-wombat,B8:27:EB:FF:C8:F5,-50, WPA ,0.000000,0.000000,0.000,0.000,AP
2026-04-08 13:04:47,1900-01-00 00:00:00,0960-wombat,B8:27:EB:FF:C8:F5,-50, WPA ,0.000000,0.000000,0.000,0.000,AP
2026-04-08 13:04:47,1900-01-00 00:00:00,0960-wombat,B8:27:EB:FF:C8:F5,-50, WPA ,0.000000,0.000000,0.000,0.000,AP
2026-04-08 13:04:47,1900-01-00 00:00:00,0960-wombat,B8:27:EB:FF:C8:F5,-55, WPA ,0.000000,0.000000,0.000,0.000,AP
2026-04-08 13:04:47,1900-01-00 00:00:00,0960-wombat,B8:27:EB:FF:C8:F5,-55, WPA ,0.000000,0.000000,0.000,0.000,AP
2026-04-08 13:04:47,1900-01-00 00:00:00,0960-wombat,B8:27:EB:FF:C8:F5,-55, WPA ,0.000000,0.000000,0.000,0.000,AP
2026-04-08 13:04:47,1900-01-00 00:00:00,0960-wombat,B8:27:EB:FF:C8:F5,-55, WPA ,0.000000,0.000000,0.000,0.000,AP
2026-04-08 13:04:47,1900-01-00 00:00:00,0960-wombat,B8:27:EB:FF:C8:F5,-55, WPA ,0.000000,0.000000,0.000,0.000,AP
2026-04-08 13:04:47,1900-01-00 00:00:00,0960-wombat,B8:27:EB:FF:C8:F5,-55, WPA ,0.000000,0.000000,0.000,0.000,AP
2026-04-08 13:04:47,1900-01-00 00:00:00,0960-wombat,B8:27:EB:FF:C8:F5,-55, WPA ,0.000000,0.000000,0.000,0.000,AP
2026-04-08 13:04:47,1900-01-00 00:00:00,0960-wombat,B8:27:EB:FF:C8:F5,-55, WPA ,0.000000,0.000000,0.000,0.000,AP
2026-04-08 13:04:47,1900-01-00 00:00:00,0960-wombat,B8:27:EB:FF:C8:F5,-55, WPA ,0.000000,0.000000,0.000,0.000,AP
2026-04-08 13:04:47,1900-01-00 00:00:00,0960-wombat,B8:27:EB:FF:C8:F5,-58, WPA ,0.000000,0.000000,0.000,0.000,AP
2026-04-08 13:04:47,1900-01-00 00:00:00,0960-wombat,B8:27:EB:FF:C8:F5,-58, WPA ,0.000000,0.000000,0.000,0.000,AP
2026-04-08 13:04:47,1900-01-00 00:00:00,0960-wombat,B8:27:EB:FF:C8:F5,-58, WPA ,0.000000,0.000000,0.000,0.000,AP
2026-04-08 13:04:47,1900-01-00 00:00:00,0960-wombat,B8:27:EB:FF:C8:F5,-58, WPA ,0.000000,0.000000,0.000,0.000,AP
2026-04-08 13:04:47,1900-01-00 00:00:00,0960-wombat,B8:27:EB:FF:C8:F5,-58, WPA ,0.000000,0.000000,0.000,0.000,AP
2026-04-08 13:04:47,1900-01-00 00:00:00,0960-wombat,B8:27:EB:FF:C8:F5,-58, WPA ,0.000000,0.000000,0.000,0.000,AP
2026-04-08 13:04:47,1900-01-00 00:00:00,0960-wombat,B8:27:EB:FF:C8:F5,-58, WPA ,0.000000,0.000000,0.000,0.000,AP
2026-04-08 13:04:47,1900-01-00 00:00:00,0960-wombat,B8:27:EB:FF:C8:F5,-58, WPA ,0.000000,0.000000,0.000,0.000,AP
2026-04-08 13:04:47,1900-01-00 00:00:00,0960-wombat,B8:27:EB:FF:C8:F5,-58, WPA ,0.000000,0.000000,0.000,0.000,AP
2026-04-08 13:04:47,1900-01-00 00:00:00,0960-wombat,B8:27:EB:FF:C8:F5,-58, WPA ,0.000000,0.000000,0.000,0.000,AP
2026-04-08 13:04:47,1900-01-00 00:00:00,0960-wombat,B8:27:EB:FF:C8:F5,-58, WPA ,0.000000,0.000000,0.000,0.000,AP
2026-04-08 13:04:47,1900-01-00 00:00:00,0960-wombat,B8:27:EB:FF:C8:F5,-50, WPA ,0.000000,0.000000,0.000,0.000,AP
2026-04-08 13:04:47,1900-01-00 00:00:00,0960-wombat,B8:27:EB:FF:C8:F5,-50, WPA ,0.000000,0.000000,0.000,0.000,AP
2026-04-08 13:04:47,1900-01-00 00:00:00,0960-wombat,B8:27:EB:FF:C8:F5,-50, WPA ,0.000000,0.000000,0.000,0.000,AP
2026-04-08 13:04:47,1900-01-00 00:00:00,0960-wombat,B8:27:EB:FF:C8:F5,-50, WPA ,0.000000,0.000000,0.000,0.000,AP
2026-04-08 13:04:47,1900-01-00 00:00:00,0960-wombat,B8:27:EB:FF:C8:F5,-50, WPA ,0.000000,0.000000,0.000,0.000,AP
2026-04-08 13:04:47,1900-01-00 00:00:00,0960-wombat,B8:27:EB:FF:C8:F5,-50, WPA ,0.000000,0.000000,0.000,0.000,AP
2026-04-08 13:04:47,1900-01-00 00:00:00,0960-wombat,B8:27:EB:FF:C8:F5,-50, WPA ,0.000000,0.000000,0.000,0.000,AP
2026-04-08 13:04:47,1900-01-00 00:00:00,0960-wombat,B8:27:EB:FF:C8:F5,-50, WPA ,0.000000,0.000000,0.000,0.000,AP
2026-04-08 13:04:47,1900-01-00 00:00:00,0960-wombat,B8:27:EB:FF:C8:F5,-50, WPA ,0.000000,0.000000,0.000,0.000,AP
2026-04-08 13:04:47,1900-01-00 00:00:00,0960-wombat,B8:27:EB:FF:C8:F5,-50, WPA ,0.000000,0.000000,0.000,0.000,AP
2026-04-08 13:04:47,1900-01-00 00:00:00,0960-wombat,B8:27:EB:FF:C8:F5,-51, WPA ,0.000000,0.000000,0.000,0.000,AP
2026-04-08 13:04:47,1900-01-00 00:00:00,0960-wombat,B8:27:EB:FF:C8:F5,-51, WPA ,0.000000,0.000000,0.000,0.000,AP
2026-04-08 13:04:47,1900-01-00 00:00:00,0960-wombat,B8:27:EB:FF:C8:F5,-55, WPA ,0.000000,0.000000,0.000,0.000,AP
2026-04-08 13:04:47,1900-01-00 00:00:00,0960-wombat,B8:27:EB:FF:C8:F5,-55, WPA ,0.000000,0.000000,0.000,0.000,AP
2026-04-08 13:04:47,1900-01-00 00:00:00,0960-wombat,B8:27:EB:FF:C8:F5,-55, WPA ,0.000000,0.000000,0.000,0.000,AP
2026-04-08 13:04:47,1900-01-00 00:00:00,0960-wombat,B8:27:EB:FF:C8:F5,-55, WPA ,0.000000,0.000000,0.000,0.000,AP
2026-04-08 13:04:47,1900-01-00 00:00:00,0960-wombat,B8:27:EB:FF:C8:F5,-55, WPA ,0.000000,0.000000,0.000,0.000,AP
2026-04-08 13:04:47,1900-01-00 00:00:00,0960-wombat,B8:27:EB:FF:C8:F5,-55, WPA ,0.000000,0.000000,0.000,0.000,AP
2026-04-08 13:04:47,1900-01-00 00:00:00,0960-wombat,B8:27:EB:FF:C8:F5,-58, WPA ,0.000000,0.000000,0.000,0.000,AP
2026-04-08 13:04:47,1900-01-00 00:00:00,0960-wombat,B8:27:EB:FF:C8:F5,-40, WPA ,0.000000,0.000000,0.000,0.000,AP
2026-04-08 13:04:47,1900-01-00 00:00:00,0960-wombat,B8:27:EB:FF:C8:F5,-49, WPA ,0.000000,0.000000,0.000,0.000,AP
2026-04-08 13:04:47,1900-01-00 00:00:00,0960-wombat,B8:27:EB:FF:C8:F5,-49, WPA ,0.000000,0.000000,0.000,0.000,AP
2026-04-08 13:04:47,1900-01-00 00:00:00,0960-wombat,B8:27:EB:FF:C8:F5,-49, WPA ,0.000000,0.000000,0.000,0.000,AP
2026-04-08 13:04:47,1900-01-00 00:00:00,0960-wombat,B8:27:EB:FF:C8:F5,-49, WPA ,0.000000,0.000000,0.000,0.000,AP
2026-04-08 13:04:47,1900-01-00 00:00:00,0960-wombat,B8:27:EB:FF:C8:F5,-49, WPA ,0.000000,0.000000,0.000,0.000,AP
2026-04-08 13:04:47,1900-01-00 00:00:00,0960-wombat,B8:27:EB:FF:C8:F5,-49, WPA ,0.000000,0.000000,0.000,0.000,AP
2026-04-08 13:04:47,1900-01-00 00:00:00,0960-wombat,B8:27:EB:FF:C8:F5,-49, WPA ,0.000000,0.000000,0.000,0.000,AP
2026-04-08 13:04:47,1900-01-00 00:00:00,0960-wombat,B8:27:EB:FF:C8:F5,-49, WPA ,0.000000,0.000000,0.000,0.000,AP
2026-04-08 13:04:47,1900-01-00 00:00:00,0960-wombat,B8:27:EB:FF:C8:F5,-49, WPA ,0.000000,0.000000,0.000,0.000,AP
2026-04-08 13:04:47,1900-01-00 00:00:00,0960-wombat,B8:27:EB:FF:C8:F5,-49, WPA ,0.000000,0.000000,0.000,0.000,AP
2026-04-08 13:04:47,1900-01-00 00:00:00,0960-wombat,B8:27:EB:FF:C8:F5,-55, WPA ,0.000000,0.000000,0.000,0.000,AP
2026-04-08 13:04:47,1900-01-00 00:00:00,0960-wombat,B8:27:EB:FF:C8:F5,-55, WPA ,0.000000,0.000000,0.000,0.000,AP
2026-04-08 13:04:47,1900-01-00 00:00:00,0960-wombat,B8:27:EB:FF:C8:F5,-55, WPA ,0.000000,0.000000,0.000,0.000,AP
2026-04-08 13:04:47,1900-01-00 00:00:00,0960-wombat,B8:27:EB:FF:C8:F5,-55, WPA ,0.000000,0.000000,0.000,0.000,AP
2026-04-08 13:04:47,1900-01-00 00:00:00,0960-wombat,B8:27:EB:FF:C8:F5,-55, WPA ,0.000000,0.000000,0.000,0.000,AP
2026-04-08 13:04:47,1900-01-00 00:00:00,0960-wombat,B8:27:EB:FF:C8:F5,-55, WPA ,0.000000,0.000000,0.000,0.000,AP
2026-04-08 13:04:47,1900-01-00 00:00:00,0960-wombat,B8:27:EB:FF:C8:F5,-55, WPA ,0.000000,0.000000,0.000,0.000,AP
2026-04-08 13:04:47,1900-01-00 00:00:00,0960-wombat,B8:27:EB:FF:C8:F5,-55, WPA ,0.000000,0.000000,0.000,0.000,AP
2026-04-08 13:04:47,1900-01-00 00:00:00,0960-wombat,B8:27:EB:FF:C8:F5,-55, WPA ,0.000000,0.000000,0.000,0.000,AP
2026-04-08 13:04:47,1900-01-00 00:00:00,0960-wombat,B8:27:EB:FF:C8:F5,-58, WPA ,0.000000,0.000000,0.000,0.000,AP
2026-04-08 13:04:47,1900-01-00 00:00:00,0960-wombat,B8:27:EB:FF:C8:F5,-58, WPA ,0.000000,0.000000,0.000,0.000,AP
2026-04-08 13:04:47,1900-01-00 00:00:00,0960-wombat,B8:27:EB:FF:C8:F5,-58, WPA ,0.000000,0.000000,0.000,0.000,AP
2026-04-08 13:04:47,1900-01-00 00:00:00,0960-wombat,B8:27:EB:FF:C8:F5,-58, WPA ,0.000000,0.000000,0.000,0.000,AP
2026-04-08 13:04:47,1900-01-00 00:00:00,0960-wombat,B8:27:EB:FF:C8:F5,-58, WPA ,0.000000,0.000000,0.000,0.000,AP
2026-04-08 13:04:47,1900-01-00 00:00:00,0960-wombat,B8:27:EB:FF:C8:F5,-58, WPA ,0.000000,0.000000,0.000,0.000,AP
2026-04-08 13:04:47,1900-01-00 00:00:00,0960-wombat,B8:27:EB:FF:C8:F5,-58, WPA ,0.000000,0.000000,0.000,0.000,AP
2026-04-08 13:04:47,1900-01-00 00:00:00,0960-wombat,B8:27:EB:FF:C8:F5,-58, WPA ,0.000000,0.000000,0.000,0.000,AP
2026-04-08 13:04:47,1900-01-00 00:00:00,0960-wombat,B8:27:EB:FF:C8:F5,-58, WPA ,0.000000,0.000000,0.000,0.000,AP
2026-04-08 13:04:47,1900-01-00 00:00:00,0960-wombat,B8:27:EB:FF:C8:F5,-58, WPA ,0.000000,0.000000,0.000,0.000,AP
2026-04-08 13:04:47,1900-01-00 00:00:00,0960-wombat,B8:27:EB:FF:C8:F5,-58, WPA ,0.000000,0.000000,0.000,0.000,AP
2026-04-08 13:04:47,1900-01-00 00:00:00,0960-wombat,B8:27:EB:FF:C8:F5,-48, WPA ,0.000000,0.000000,0.000,0.000,AP
2026-04-08 13:04:47,1900-01-00 00:00:00,0960-wombat,B8:27:EB:FF:C8:F5,-48, WPA ,0.000000,0.000000,0.000,0.000,AP
2026-04-08 13:04:47,1900-01-00 00:00:00,0960-wombat,B8:27:EB:FF:C8:F5,-48, WPA ,0.000000,0.000000,0.000,0.000,AP
2026-04-08 13:04:47,1900-01-00 00:00:00,0960-wombat,B8:27:EB:FF:C8:F5,-48, WPA ,0.000000,0.000000,0.000,0.000,AP
2026-04-08 13:04:47,1900-01-00 00:00:00,0960-wombat,B8:27:EB:FF:C8:F5,-48, WPA ,0.000000,0.000000,0.000,0.000,AP
2026-04-08 13:04:47,1900-01-00 00:00:00,0960-wombat,B8:27:EB:FF:C8:F5,-48, WPA ,0.000000,0.000000,0.000,0.000,AP
2026-04-08 13:04:47,1900-01-00 00:00:00,0960-wombat,B8:27:EB:FF:C8:F5,-48, WPA ,0.000000,0.000000,0.000,0.000,AP
2026-04-08 13:04:47,1900-01-00 00:00:00,0960-wombat,B8:27:EB:FF:C8:F5,-48, WPA ,0.000000,0.000000,0.000,0.000,AP
2026-04-08 13:04:47,1900-01-00 00:00:00,0960-wombat,B8:27:EB:FF:C8:F5,-48, WPA ,0.000000,0.000000,0.000,0.000,AP
2026-04-08 13:04:47,1900-01-00 00:00:00,0960-wombat,B8:27:EB:FF:C8:F5,-48, WPA ,0.000000,0.000000,0.000,0.000,AP
2026-04-08 13:04:47,1900-01-00 00:00:00,0960-wombat,B8:27:EB:FF:C8:F5,-52, WPA ,0.000000,0.000000,0.000,0.000,AP
2026-04-08 13:04:47,1900-01-00 00:00:00,0960-wombat,B8:27:EB:FF:C8:F5,-52, WPA ,0.000000,0.000000,0.000,0.000,AP
2026-04-08 13:04:47,1900-01-00 00:00:00,0960-wombat,B8:27:EB:FF:C8:F5,-52, WPA ,0.000000,0.000000,0.000,0.000,AP
2026-04-08 13:04:47,1900-01-00 00:00:00,0960-wombat,B8:27:EB:FF:C8:F5,-59, WPA ,0.000000,0.000000,0.000,0.000,AP
2026-04-08 13:04:47,1900-01-00 00:00:00,0960-wombat,B8:27:EB:FF:C8:F5,-59, WPA ,0.000000,0.000000,0.000,0.000,AP
2026-04-08 13:04:47,1900-01-00 00:00:00,0960-wombat,B8:27:EB:FF:C8:F5,-59, WPA ,0.000000,0.000000,0.000,0.000,AP
2026-04-08 13:04:47,1900-01-00 00:00:00,0960-wombat,B8:27:EB:FF:C8:F5,-59, WPA ,0.000000,0.000000,0.000,0.000,AP
2026-04-08 13:04:47,1900-01-00 00:00:00,0960-wombat,B8:27:EB:FF:C8:F5,-59, WPA ,0.000000,0.000000,0.000,0.000,AP
2026-04-08 13:04:47,1900-01-00 00:00:00,0960-wombat,B8:27:EB:FF:C8:F5,-59, WPA ,0.000000,0.000000,0.000,0.000,AP
2026-04-08 13:04:47,1900-01-00 00:00:00,0960-wombat,B8:27:EB:FF:C8:F5,-43, WPA ,0.000000,0.000000,0.000,0.000,AP
2026-04-08 13:04:47,1900-01-00 00:00:00,0960-wombat,B8:27:EB:FF:C8:F5,-43, WPA ,0.000000,0.000000,0.000,0.000,AP
2026-04-08 13:04:47,1900-01-00 00:00:00,0960-wombat,B8:27:EB:FF:C8:F5,-43, WPA ,0.000000,0.000000,0.000,0.000,AP
2026-04-08 13:04:47,1900-01-00 00:00:00,0960-wombat,B8:27:EB:FF:C8:F5,-43, WPA ,0.000000,0.000000,0.000,0.000,AP
2026-04-08 13:04:47,1900-01-00 00:00:00,0960-wombat,B8:27:EB:FF:C8:F5,-43, WPA ,0.000000,0.000000,0.000,0.000,AP
2026-04-08 13:04:47,1900-01-00 00:00:00,0960-wombat,B8:27:EB:FF:C8:F5,-43, WPA ,0.000000,0.000000,0.000,0.000,AP
2026-04-08 13:04:47,1900-01-00 00:00:00,0960-wombat,B8:27:EB:FF:C8:F5,-50, WPA ,0.000000,0.000000,0.000,0.000,AP
2026-04-08 13:04:47,1900-01-00 00:00:00,0960-wombat,B8:27:EB:FF:C8:F5,-50, WPA ,0.000000,0.000000,0.000,0.000,AP
2026-04-08 13:04:47,1900-01-00 00:00:00,0960-wombat,B8:27:EB:FF:C8:F5,-50, WPA ,0.000000,0.000000,0.000,0.000,AP
2026-04-08 13:04:47,1900-01-00 00:00:00,0960-wombat,B8:27:EB:FF:C8:F5,-49, WPA ,0.000000,0.000000,0.000,0.000,AP
2026-04-08 13:04:47,1900-01-00 00:00:00,0960-wombat,B8:27:EB:FF:C8:F5,-52, WPA ,0.000000,0.000000,0.000,0.000,AP
2026-04-08 13:04:47,1900-01-00 00:00:00,0960-wombat,B8:27:EB:FF:C8:F5,-52, WPA ,0.000000,0.000000,0.000,0.000,AP
2026-04-08 13:04:47,1900-01-00 00:00:00,0960-wombat,B8:27:EB:FF:C8:F5,-52, WPA ,0.000000,0.000000,0.000,0.000,AP
2026-04-08 13:04:48,1900-01-00 00:00:00,0960-wombat,B8:27:EB:FF:C8:F5,-52, WPA ,0.000000,0.000000,0.000,0.000,AP
2026-04-08 13:04:48,1900-01-00 00:00:00,0960-wombat,B8:27:EB:FF:C8:F5,-51, WPA ,0.000000,0.000000,0.000,0.000,AP
2026-04-08 13:04:48,1900-01-00 00:00:00,0960-wombat,B8:27:EB:FF:C8:F5,-51, WPA ,0.000000,0.000000,0.000,0.000,AP
2026-04-08 13:04:48,1900-01-00 00:00:00,0960-wombat,B8:27:EB:FF:C8:F5,-51, WPA ,0.000000,0.000000,0.000,0.000,AP
2026-04-08 13:04:48,1900-01-00 00:00:00,0960-wombat,B8:27:EB:FF:C8:F5,-52, WPA ,0.000000,0.000000,0.000,0.000,AP
2026-04-08 13:04:48,1900-01-00 00:00:00,0960-wombat,B8:27:EB:FF:C8:F5,-51, WPA ,0.000000,0.000000,0.000,0.000,AP
2026-04-08 13:04:48,1900-01-00 00:00:00,0960-wombat,B8:27:EB:FF:C8:F5,-52, WPA ,0.000000,0.000000,0.000,0.000,AP
2026-04-08 13:04:48,1900-01-00 00:00:00,0960-wombat,B8:27:EB:FF:C8:F5,-52, WPA ,0.000000,0.000000,0.000,0.000,AP
2026-04-08 13:04:48,1900-01-00 00:00:00,0960-wombat,B8:27:EB:FF:C8:F5,-52, WPA ,0.000000,0.000000,0.000,0.000,AP
2026-04-08 13:04:49,1900-01-00 00:00:00,0960-wombat,B8:27:EB:FF:C8:F5,-52, WPA ,0.000000,0.000000,0.000,0.000,AP
2026-04-08 13:04:49,1900-01-00 00:00:00,0960-wombat,B8:27:EB:FF:C8:F5,-52, WPA ,0.000000,0.000000,0.000,0.000,AP
2026-04-08 13:04:49,1900-01-00 00:00:00,0960-wombat,B8:27:EB:FF:C8:F5,-51, WPA ,0.000000,0.000000,0.000,0.000,AP
2026-04-08 13:04:49,1900-01-00 00:00:00,0960-wombat,B8:27:EB:FF:C8:F5,-52, WPA ,0.000000,0.000000,0.000,0.000,AP
2026-04-08 13:04:49,1900-01-00 00:00:00,0960-wombat,B8:27:EB:FF:C8:F5,-51, WPA ,0.000000,0.000000,0.000,0.000,AP
2026-04-08 13:04:49,1900-01-00 00:00:00,0960-wombat,B8:27:EB:FF:C8:F5,-51, WPA ,0.000000,0.000000,0.000,0.000,AP
2026-04-08 13:04:49,1900-01-00 00:00:00,0960-wombat,B8:27:EB:FF:C8:F5,-49, WPA ,0.000000,0.000000,0.000,0.000,AP
2026-04-08 13:04:49,1900-01-00 00:00:00,0960-wombat,B8:27:EB:FF:C8:F5,-51, WPA ,0.000000,0.000000,0.000,0.000,AP
2026-04-08 13:04:49,1900-01-00 00:00:00,0960-wombat,B8:27:EB:FF:C8:F5,-52, WPA ,0.000000,0.000000,0.000,0.000,AP
2026-04-08 13:04:49,1900-01-00 00:00:00,0960-wombat,B8:27:EB:FF:C8:F5,-52, WPA ,0.000000,0.000000,0.000,0.000,AP
2026-04-08 13:04:49,1900-01-00 00:00:00,0960-wombat,B8:27:EB:FF:C8:F5,-52, WPA ,0.000000,0.000000,0.000,0.000,AP
2026-04-08 13:04:49,1900-01-00 00:00:00,0960-wombat,B8:27:EB:FF:C8:F5,-52, WPA ,0.000000,0.000000,0.000,0.000,AP
2026-04-08 13:04:50,1900-01-00 00:00:00,0960-wombat,B8:27:EB:FF:C8:F5,-52, WPA ,0.000000,0.000000,0.000,0.000,AP
2026-04-08 13:04:50,1900-01-00 00:00:00,0960-wombat,B8:27:EB:FF:C8:F5,-53, WPA ,0.000000,0.000000,0.000,0.000,AP
2026-04-08 13:04:50,1900-01-00 00:00:00,0960-wombat,B8:27:EB:FF:C8:F5,-52, WPA ,0.000000,0.000000,0.000,0.000,AP
2026-04-08 13:04:50,1900-01-00 00:00:00,0960-wombat,B8:27:EB:FF:C8:F5,-52, WPA ,0.000000,0.000000,0.000,0.000,AP
2026-04-08 13:04:50,1900-01-00 00:00:00,0960-wombat,B8:27:EB:FF:C8:F5,-53, WPA ,0.000000,0.000000,0.000,0.000,AP
2026-04-08 13:04:50,1900-01-00 00:00:00,0960-wombat,B8:27:EB:FF:C8:F5,-52, WPA ,0.000000,0.000000,0.000,0.000,AP
2026-04-08 13:04:50,1900-01-00 00:00:00,0960-wombat,B8:27:EB:FF:C8:F5,-52, WPA ,0.000000,0.000000,0.000,0.000,AP
2026-04-08 13:04:50,1900-01-00 00:00:00,0960-wombat,B8:27:EB:FF:C8:F5,-51, WPA ,0.000000,0.000000,0.000,0.000,AP
2026-04-08 13:04:50,1900-01-00 00:00:00,0960-wombat,B8:27:EB:FF:C8:F5,-53, WPA ,0.000000,0.000000,0.000,0.000,AP
2026-04-08 13:04:50,1900-01-00 00:00:00,0960-wombat,B8:27:EB:FF:C8:F5,-53, WPA ,0.000000,0.000000,0.000,0.000,AP
2026-04-08 13:04:50,1900-01-00 00:00:00,0960-wombat,B8:27:EB:FF:C8:F5,-52, WPA ,0.000000,0.000000,0.000,0.000,AP
2026-04-08 13:04:50,1900-01-00 00:00:00,0960-wombat,B8:27:EB:FF:C8:F5,-53, WPA ,0.000000,0.000000,0.000,0.000,AP
2026-04-08 13:04:50,1900-01-00 00:00:00,0960-wombat,B8:27:EB:FF:C8:F5,-53, WPA ,0.000000,0.000000,0.000,0.000,AP
2026-04-08 13:04:50,1900-01-00 00:00:00,0960-wombat,B8:27:EB:FF:C8:F5,-54, WPA ,0.000000,0.000000,0.000,0.000,AP
2026-04-08 13:04:50,1900-01-00 00:00:00,0960-wombat,B8:27:EB:FF:C8:F5,-54, WPA ,0.000000,0.000000,0.000,0.000,AP
2026-04-08 13:04:50,1900-01-00 00:00:00,0960-wombat,B8:27:EB:FF:C8:F5,-53, WPA ,0.000000,0.000000,0.000,0.000,AP
2026-04-08 13:04:50,1900-01-00 00:00:00,0960-wombat,B8:27:EB:FF:C8:F5,-52, WPA ,0.000000,0.000000,0.000,0.000,AP
2026-04-08 13:04:50,1900-01-00 00:00:00,0960-wombat,B8:27:EB:FF:C8:F5,-53, WPA ,0.000000,0.000000,0.000,0.000,AP
2026-04-08 13:04:50,1900-01-00 00:00:00,0960-wombat,B8:27:EB:FF:C8:F5,-53, WPA ,0.000000,0.000000,0.000,0.000,AP
2026-04-08 13:04:50,1900-01-00 00:00:00,0960-wombat,B8:27:EB:FF:C8:F5,-53, WPA ,0.000000,0.000000,0.000,0.000,AP
2026-04-08 13:04:50,1900-01-00 00:00:00,0960-wombat,B8:27:EB:FF:C8:F5,-53, WPA ,0.000000,0.000000,0.000,0.000,AP
2026-04-08 13:04:50,1900-01-00 00:00:00,0960-wombat,B8:27:EB:FF:C8:F5,-53, WPA ,0.000000,0.000000,0.000,0.000,AP
2026-04-08 13:04:50,1900-01-00 00:00:00,0960-wombat,B8:27:EB:FF:C8:F5,-53, WPA ,0.000000,0.000000,0.000,0.000,AP
2026-04-08 13:04:50,1900-01-00 00:00:00,0960-wombat,B8:27:EB:FF:C8:F5,-53, WPA ,0.000000,0.000000,0.000,0.000,AP
2026-04-08 13:04:50,1900-01-00 00:00:00,0960-wombat,B8:27:EB:FF:C8:F5,-53, WPA ,0.000000,0.000000,0.000,0.000,AP
2026-04-08 13:04:51,1900-01-00 00:00:00,0960-wombat,B8:27:EB:FF:C8:F5,-53, WPA ,0.000000,0.000000,0.000,0.000,AP
2026-04-08 13:04:51,1900-01-00 00:00:00,0960-wombat,B8:27:EB:FF:C8:F5,-53, WPA ,0.000000,0.000000,0.000,0.000,AP
2026-04-08 13:04:51,1900-01-00 00:00:00,0960-wombat,B8:27:EB:FF:C8:F5,-54, WPA ,0.000000,0.000000,0.000,0.000,AP
2026-04-08 13:04:51,1900-01-00 00:00:00,0960-wombat,B8:27:EB:FF:C8:F5,-53, WPA ,0.000000,0.000000,0.000,0.000,AP
2026-04-08 13:04:51,1900-01-00 00:00:00,0960-wombat,B8:27:EB:FF:C8:F5,-53, WPA ,0.000000,0.000000,0.000,0.000,AP
2026-04-08 13:04:51,1900-01-00 00:00:00,0960-wombat,B8:27:EB:FF:C8:F5,-53, WPA ,0.000000,0.000000,0.000,0.000,AP
2026-04-08 13:04:51,1900-01-00 00:00:00,0960-wombat,B8:27:EB:FF:C8:F5,-54, WPA ,0.000000,0.000000,0.000,0.000,AP
2026-04-08 13:04:51,1900-01-00 00:00:00,0960-wombat,B8:27:EB:FF:C8:F5,-56, WPA ,0.000000,0.000000,0.000,0.000,AP
2026-04-08 13:04:51,1900-01-00 00:00:00,0960-wombat,B8:27:EB:FF:C8:F5,-54, WPA ,0.000000,0.000000,0.000,0.000,AP
2026-04-08 13:04:52,1900-01-00 00:00:00,0960-wombat,B8:27:EB:FF:C8:F5,-54, WPA ,0.000000,0.000000,0.000,0.000,AP
2026-04-08 13:04:52,1900-01-00 00:00:00,0960-wombat,B8:27:EB:FF:C8:F5,-54, WPA ,0.000000,0.000000,0.000,0.000,AP
2026-04-08 13:04:52,1900-01-00 00:00:00,0960-wombat,B8:27:EB:FF:C8:F5,-53, WPA ,0.000000,0.000000,0.000,0.000,AP
2026-04-08 13:04:52,1900-01-00 00:00:00,0960-wombat,B8:27:EB:FF:C8:F5,-53, WPA ,0.000000,0.000000,0.000,0.000,AP
2026-04-08 13:04:52,1900-01-00 00:00:00,0960-wombat,B8:27:EB:FF:C8:F5,-54, WPA ,0.000000,0.000000,0.000,0.000,AP
2026-04-08 13:04:52,1900-01-00 00:00:00,0960-wombat,B8:27:EB:FF:C8:F5,-54, WPA ,0.000000,0.000000,0.000,0.000,AP
2026-04-08 13:04:52,1900-01-00 00:00:00,0960-wombat,B8:27:EB:FF:C8:F5,-53, WPA ,0.000000,0.000000,0.000,0.000,AP
2026-04-08 13:04:52,1900-01-00 00:00:00,0960-wombat,B8:27:EB:FF:C8:F5,-53, WPA ,0.000000,0.000000,0.000,0.000,AP
2026-04-08 13:04:52,1900-01-00 00:00:00,0960-wombat,B8:27:EB:FF:C8:F5,-53, WPA ,0.000000,0.000000,0.000,0.000,AP
2026-04-08 13:04:52,1900-01-00 00:00:00,0960-wombat,B8:27:EB:FF:C8:F5,-51, WPA ,0.000000,0.000000,0.000,0.000,AP
2026-04-08 13:04:52,1900-01-00 00:00:00,0960-wombat,B8:27:EB:FF:C8:F5,-53, WPA ,0.000000,0.000000,0.000,0.000,AP
2026-04-08 13:04:52,1900-01-00 00:00:00,0960-wombat,B8:27:EB:FF:C8:F5,-53, WPA ,0.000000,0.000000,0.000,0.000,AP
2026-04-08 13:04:52,1900-01-00 00:00:00,0960-wombat,B8:27:EB:FF:C8:F5,-53, WPA ,0.000000,0.000000,0.000,0.000,AP
2026-04-08 13:04:52,1900-01-00 00:00:00,0960-wombat,B8:27:EB:FF:C8:F5,-51, WPA ,0.000000,0.000000,0.000,0.000,AP
2026-04-08 13:04:52,1900-01-00 00:00:00,0960-wombat,B8:27:EB:FF:C8:F5,-53, WPA ,0.000000,0.000000,0.000,0.000,AP
2026-04-08 13:04:52,1900-01-00 00:00:00,0960-wombat,B8:27:EB:FF:C8:F5,-51, WPA ,0.000000,0.000000,0.000,0.000,AP
2026-04-08 13:04:52,1900-01-00 00:00:00,0960-wombat,B8:27:EB:FF:C8:F5,-53, WPA ,0.000000,0.000000,0.000,0.000,AP
2026-04-08 13:04:52,1900-01-00 00:00:00,0960-wombat,B8:27:EB:FF:C8:F5,-53, WPA ,0.000000,0.000000,0.000,0.000,AP
2026-04-08 13:04:52,1900-01-00 00:00:00,0960-wombat,B8:27:EB:FF:C8:F5,-54, WPA ,0.000000,0.000000,0.000,0.000,AP
2026-04-08 13:04:52,1900-01-00 00:00:00,0960-wombat,B8:27:EB:FF:C8:F5,-51, WPA ,0.000000,0.000000,0.000,0.000,AP
2026-04-08 13:04:52,1900-01-00 00:00:00,0960-wombat,B8:27:EB:FF:C8:F5,-54, WPA ,0.000000,0.000000,0.000,0.000,AP
2026-04-08 13:04:52,1900-01-00 00:00:00,0960-wombat,B8:27:EB:FF:C8:F5,-54, WPA ,0.000000,0.000000,0.000,0.000,AP
2026-04-08 13:04:52,1900-01-00 00:00:00,0960-wombat,B8:27:EB:FF:C8:F5,-54, WPA ,0.000000,0.000000,0.000,0.000,AP
2026-04-08 13:04:52,1900-01-00 00:00:00,0960-wombat,B8:27:EB:FF:C8:F5,-53, WPA ,0.000000,0.000000,0.000,0.000,AP
2026-04-08 13:04:52,1900-01-00 00:00:00,0960-wombat,B8:27:EB:FF:C8:F5,-53, WPA ,0.000000,0.000000,0.000,0.000,AP
2026-04-08 13:04:52,1900-01-00 00:00:00,0960-wombat,B8:27:EB:FF:C8:F5,-53, WPA ,0.000000,0.000000,0.000,0.000,AP
2026-04-08 13:04:52,1900-01-00 00:00:00,0960-wombat,B8:27:EB:FF:C8:F5,-54, WPA ,0.000000,0.000000,0.000,0.000,AP
2026-04-08 13:04:52,1900-01-00 00:00:00,0960-wombat,B8:27:EB:FF:C8:F5,-53, WPA ,0.000000,0.000000,0.000,0.000,AP
2026-04-08 13:04:52,1900-01-00 00:00:00,0960-wombat,B8:27:EB:FF:C8:F5,-52, WPA ,0.000000,0.000000,0.000,0.000,AP
2026-04-08 13:04:52,1900-01-00 00:00:00,0960-wombat,B8:27:EB:FF:C8:F5,-54, WPA ,0.000000,0.000000,0.000,0.000,AP
2026-04-08 13:04:52,1900-01-00 00:00:00,0960-wombat,B8:27:EB:FF:C8:F5,-54, WPA ,0.000000,0.000000,0.000,0.000,AP
2026-04-08 13:04:52,1900-01-00 00:00:00,0960-wombat,B8:27:EB:FF:C8:F5,-53, WPA ,0.000000,0.000000,0.000,0.000,AP
2026-04-08 13:04:52,1900-01-00 00:00:00,0960-wombat,B8:27:EB:FF:C8:F5,-54, WPA ,0.000000,0.000000,0.000,0.000,AP
2026-04-08 13:04:52,1900-01-00 00:00:00,0960-wombat,B8:27:EB:FF:C8:F5,-54, WPA ,0.000000,0.000000,0.000,0.000,AP
2026-04-08 13:04:52,1900-01-00 00:00:00,0960-wombat,B8:27:EB:FF:C8:F5,-54, WPA ,0.000000,0.000000,0.000,0.000,AP
2026-04-08 13:04:52,1900-01-00 00:00:00,0960-wombat,B8:27:EB:FF:C8:F5,-53, WPA ,0.000000,0.000000,0.000,0.000,AP
2026-04-08 13:04:52,1900-01-00 00:00:00,0960-wombat,B8:27:EB:FF:C8:F5,-53, WPA ,0.000000,0.000000,0.000,0.000,AP
2026-04-08 13:04:53,1900-01-00 00:00:00,0960-wombat,B8:27:EB:FF:C8:F5,-53, WPA ,0.000000,0.000000,0.000,0.000,AP
2026-04-08 13:04:53,1900-01-00 00:00:00,0960-wombat,B8:27:EB:FF:C8:F5,-50, WPA ,0.000000,0.000000,0.000,0.000,AP
2026-04-08 13:04:53,1900-01-00 00:00:00,0960-wombat,B8:27:EB:FF:C8:F5,-54, WPA ,0.000000,0.000000,0.000,0.000,AP
2026-04-08 13:04:53,1900-01-00 00:00:00,0960-wombat,B8:27:EB:FF:C8:F5,-53, WPA ,0.000000,0.000000,0.000,0.000,AP
2026-04-08 13:04:53,1900-01-00 00:00:00,0960-wombat,B8:27:EB:FF:C8:F5,-53, WPA ,0.000000,0.000000,0.000,0.000,AP
2026-04-08 13:04:53,1900-01-00 00:00:00,0960-wombat,B8:27:EB:FF:C8:F5,-51, WPA ,0.000000,0.000000,0.000,0.000,AP
2026-04-08 13:04:53,1900-01-00 00:00:00,0960-wombat,B8:27:EB:FF:C8:F5,-52, WPA ,0.000000,0.000000,0.000,0.000,AP
2026-04-08 13:04:53,1900-01-00 00:00:00,0960-wombat,B8:27:EB:FF:C8:F5,-53, WPA ,0.000000,0.000000,0.000,0.000,AP
2026-04-08 13:04:53,1900-01-00 00:00:00,0960-wombat,B8:27:EB:FF:C8:F5,-53, WPA ,0.000000,0.000000,0.000,0.000,AP
2026-04-08 13:04:53,1900-01-00 00:00:00,0960-wombat,B8:27:EB:FF:C8:F5,-54, WPA ,0.000000,0.000000,0.000,0.000,AP
2026-04-08 13:04:53,1900-01-00 00:00:00,0960-wombat,B8:27:EB:FF:C8:F5,-53, WPA ,0.000000,0.000000,0.000,0.000,AP
2026-04-08 13:04:53,1900-01-00 00:00:00,0960-wombat,B8:27:EB:FF:C8:F5,-53, WPA ,0.000000,0.000000,0.000,0.000,AP
2026-04-08 13:04:53,1900-01-00 00:00:00,0960-wombat,B8:27:EB:FF:C8:F5,-54, WPA ,0.000000,0.000000,0.000,0.000,AP
2026-04-08 13:04:53,1900-01-00 00:00:00,0960-wombat,B8:27:EB:FF:C8:F5,-53, WPA ,0.000000,0.000000,0.000,0.000,AP
2026-04-08 13:04:53,1900-01-00 00:00:00,0960-wombat,B8:27:EB:FF:C8:F5,-54, WPA ,0.000000,0.000000,0.000,0.000,AP
2026-04-08 13:04:54,1900-01-00 00:00:00,0960-wombat,B8:27:EB:FF:C8:F5,-53, WPA ,0.000000,0.000000,0.000,0.000,AP
2026-04-08 13:04:54,1900-01-00 00:00:00,0960-wombat,B8:27:EB:FF:C8:F5,-53, WPA ,0.000000,0.000000,0.000,0.000,AP
2026-04-08 13:04:54,1900-01-00 00:00:00,0960-wombat,B8:27:EB:FF:C8:F5,-53, WPA ,0.000000,0.000000,0.000,0.000,AP
2026-04-08 13:04:54,1900-01-00 00:00:00,0960-wombat,B8:27:EB:FF:C8:F5,-53, WPA ,0.000000,0.000000,0.000,0.000,AP
2026-04-08 13:04:54,1900-01-00 00:00:00,0960-wombat,B8:27:EB:FF:C8:F5,-53, WPA ,0.000000,0.000000,0.000,0.000,AP
2026-04-08 13:04:54,1900-01-00 00:00:00,0960-wombat,B8:27:EB:FF:C8:F5,-53, WPA ,0.000000,0.000000,0.000,0.000,AP
2026-04-08 13:04:54,1900-01-00 00:00:00,0960-wombat,B8:27:EB:FF:C8:F5,-53, WPA ,0.000000,0.000000,0.000,0.000,AP
2026-04-08 13:04:54,1900-01-00 00:00:00,0960-wombat,B8:27:EB:FF:C8:F5,-53, WPA ,0.000000,0.000000,0.000,0.000,AP
2026-04-08 13:04:54,1900-01-00 00:00:00,0960-wombat,B8:27:EB:FF:C8:F5,-53, WPA ,0.000000,0.000000,0.000,0.000,AP
2026-04-08 13:04:54,1900-01-00 00:00:00,0960-wombat,B8:27:EB:FF:C8:F5,-53, WPA ,0.000000,0.000000,0.000,0.000,AP
2026-04-08 13:04:54,1900-01-00 00:00:00,0960-wombat,B8:27:EB:FF:C8:F5,-53, WPA ,0.000000,0.000000,0.000,0.000,AP
2026-04-08 13:04:54,1900-01-00 00:00:00,0960-wombat,B8:27:EB:FF:C8:F5,-53, WPA ,0.000000,0.000000,0.000,0.000,AP
2026-04-08 13:04:54,1900-01-00 00:00:00,0960-wombat,B8:27:EB:FF:C8:F5,-53, WPA ,0.000000,0.000000,0.000,0.000,AP
2026-04-08 13:04:54,1900-01-00 00:00:00,0960-wombat,B8:27:EB:FF:C8:F5,-53, WPA ,0.000000,0.000000,0.000,0.000,AP
2026-04-08 13:04:54,1900-01-00 00:00:00,0960-wombat,B8:27:EB:FF:C8:F5,-53, WPA ,0.000000,0.000000,0.000,0.000,AP
2026-04-08 13:04:54,1900-01-00 00:00:00,0960-wombat,B8:27:EB:FF:C8:F5,-53, WPA ,0.000000,0.000000,0.000,0.000,AP
2026-04-08 13:04:54,1900-01-00 00:00:00,0960-wombat,B8:27:EB:FF:C8:F5,-53, WPA ,0.000000,0.000000,0.000,0.000,AP
2026-04-08 13:04:54,1900-01-00 00:00:00,0960-wombat,B8:27:EB:FF:C8:F5,-53, WPA ,0.000000,0.000000,0.000,0.000,AP
2026-04-08 13:04:54,1900-01-00 00:00:00,0960-wombat,B8:27:EB:FF:C8:F5,-53, WPA ,0.000000,0.000000,0.000,0.000,AP
2026-04-08 13:04:54,1900-01-00 00:00:00,0960-wombat,B8:27:EB:FF:C8:F5,-53, WPA ,0.000000,0.000000,0.000,0.000,AP
2026-04-08 13:04:54,1900-01-00 00:00:00,0960-wombat,B8:27:EB:FF:C8:F5,-52, WPA ,0.000000,0.000000,0.000,0.000,AP
2026-04-08 13:04:54,1900-01-00 00:00:00,0960-wombat,B8:27:EB:FF:C8:F5,-52, WPA ,0.000000,0.000000,0.000,0.000,AP
2026-04-08 13:04:54,1900-01-00 00:00:00,0960-wombat,B8:27:EB:FF:C8:F5,-53, WPA ,0.000000,0.000000,0.000,0.000,AP
2026-04-08 13:04:55,1900-01-00 00:00:00,0960-wombat,B8:27:EB:FF:C8:F5,-53, WPA ,0.000000,0.000000,0.000,0.000,AP
2026-04-08 13:04:55,1900-01-00 00:00:00,0960-wombat,B8:27:EB:FF:C8:F5,-53, WPA ,0.000000,0.000000,0.000,0.000,AP
2026-04-08 13:04:55,1900-01-00 00:00:00,0960-wombat,B8:27:EB:FF:C8:F5,-53, WPA ,0.000000,0.000000,0.000,0.000,AP
2026-04-08 13:04:55,1900-01-00 00:00:00,0960-wombat,B8:27:EB:FF:C8:F5,-53, WPA ,0.000000,0.000000,0.000,0.000,AP
2026-04-08 13:04:55,1900-01-00 00:00:00,0960-wombat,B8:27:EB:FF:C8:F5,-53, WPA ,0.000000,0.000000,0.000,0.000,AP
2026-04-08 13:04:55,1900-01-00 00:00:00,0960-wombat,B8:27:EB:FF:C8:F5,-53, WPA ,0.000000,0.000000,0.000,0.000,AP
2026-04-08 13:04:55,1900-01-00 00:00:00,0960-wombat,B8:27:EB:FF:C8:F5,-53, WPA ,0.000000,0.000000,0.000,0.000,AP
2026-04-08 13:04:55,1900-01-00 00:00:00,0960-wombat,B8:27:EB:FF:C8:F5,-53, WPA ,0.000000,0.000000,0.000,0.000,AP
2026-04-08 13:04:55,1900-01-00 00:00:00,0960-wombat,B8:27:EB:FF:C8:F5,-53, WPA ,0.000000,0.000000,0.000,0.000,AP
2026-04-08 13:04:55,1900-01-00 00:00:00,0960-wombat,B8:27:EB:FF:C8:F5,-53, WPA ,0.000000,0.000000,0.000,0.000,AP
2026-04-08 13:04:55,1900-01-00 00:00:00,0960-wombat,B8:27:EB:FF:C8:F5,-53, WPA ,0.000000,0.000000,0.000,0.000,AP
2026-04-08 13:04:55,1900-01-00 00:00:00,0960-wombat,B8:27:EB:FF:C8:F5,-53, WPA ,0.000000,0.000000,0.000,0.000,AP
2026-04-08 13:04:55,1900-01-00 00:00:00,0960-wombat,B8:27:EB:FF:C8:F5,-51, WPA ,0.000000,0.000000,0.000,0.000,AP
2026-04-08 13:04:55,1900-01-00 00:00:00,0960-wombat,B8:27:EB:FF:C8:F5,-53, WPA ,0.000000,0.000000,0.000,0.000,AP
2026-04-08 13:04:55,1900-01-00 00:00:00,0960-wombat,B8:27:EB:FF:C8:F5,-53, WPA ,0.000000,0.000000,0.000,0.000,AP
2026-04-08 13:04:55,1900-01-00 00:00:00,0960-wombat,B8:27:EB:FF:C8:F5,-53, WPA ,0.000000,0.000000,0.000,0.000,AP
2026-04-08 13:04:55,1900-01-00 00:00:00,0960-wombat,B8:27:EB:FF:C8:F5,-53, WPA ,0.000000,0.000000,0.000,0.000,AP
2026-04-08 13:04:55,1900-01-00 00:00:00,0960-wombat,B8:27:EB:FF:C8:F5,-53, WPA ,0.000000,0.000000,0.000,0.000,AP
2026-04-08 13:04:55,1900-01-00 00:00:00,0960-wombat,B8:27:EB:FF:C8:F5,-53, WPA ,0.000000,0.000000,0.000,0.000,AP
2026-04-08 13:04:55,1900-01-00 00:00:00,0960-wombat,B8:27:EB:FF:C8:F5,-53, WPA ,0.000000,0.000000,0.000,0.000,AP
2026-04-08 13:04:55,1900-01-00 00:00:00,0960-wombat,B8:27:EB:FF:C8:F5,-53, WPA ,0.000000,0.000000,0.000,0.000,AP
2026-04-08 13:04:55,1900-01-00 00:00:00,0960-wombat,B8:27:EB:FF:C8:F5,-53, WPA ,0.000000,0.000000,0.000,0.000,AP
2026-04-08 13:04:56,1900-01-00 00:00:00,0960-wombat,B8:27:EB:FF:C8:F5,-53, WPA ,0.000000,0.000000,0.000,0.000,AP
2026-04-08 13:04:56,1900-01-00 00:00:00,0960-wombat,B8:27:EB:FF:C8:F5,-49, WPA ,0.000000,0.000000,0.000,0.000,AP
2026-04-08 13:04:56,1900-01-00 00:00:00,0960-wombat,B8:27:EB:FF:C8:F5,-53, WPA ,0.000000,0.000000,0.000,0.000,AP
2026-04-08 13:04:56,1900-01-00 00:00:00,0960-wombat,B8:27:EB:FF:C8:F5,-53, WPA ,0.000000,0.000000,0.000,0.000,AP
2026-04-08 13:04:56,1900-01-00 00:00:00,0960-wombat,B8:27:EB:FF:C8:F5,-53, WPA ,0.000000,0.000000,0.000,0.000,AP
2026-04-08 13:04:56,1900-01-00 00:00:00,0960-wombat,B8:27:EB:FF:C8:F5,-50, WPA ,0.000000,0.000000,0.000,0.000,AP
2026-04-08 13:04:56,1900-01-00 00:00:00,0960-wombat,B8:27:EB:FF:C8:F5,-53, WPA ,0.000000,0.000000,0.000,0.000,AP
2026-04-08 13:04:56,1900-01-00 00:00:00,0960-wombat,B8:27:EB:FF:C8:F5,-53, WPA ,0.000000,0.000000,0.000,0.000,AP
2026-04-08 13:04:56,1900-01-00 00:00:00,0960-wombat,B8:27:EB:FF:C8:F5,-53, WPA ,0.000000,0.000000,0.000,0.000,AP
2026-04-08 13:04:56,1900-01-00 00:00:00,0960-wombat,B8:27:EB:FF:C8:F5,-50, WPA ,0.000000,0.000000,0.000,0.000,AP
2026-04-08 13:04:56,1900-01-00 00:00:00,0960-wombat,B8:27:EB:FF:C8:F5,-51, WPA ,0.000000,0.000000,0.000,0.000,AP
2026-04-08 13:04:56,1900-01-00 00:00:00,0960-wombat,B8:27:EB:FF:C8:F5,-52, WPA ,0.000000,0.000000,0.000,0.000,AP
2026-04-08 13:04:56,1900-01-00 00:00:00,0960-wombat,B8:27:EB:FF:C8:F5,-52, WPA ,0.000000,0.000000,0.000,0.000,AP
2026-04-08 13:04:56,1900-01-00 00:00:00,0960-wombat,B8:27:EB:FF:C8:F5,-52, WPA ,0.000000,0.000000,0.000,0.000,AP
2026-04-08 13:04:56,1900-01-00 00:00:00,0960-wombat,B8:27:EB:FF:C8:F5,-53, WPA ,0.000000,0.000000,0.000,0.000,AP
2026-04-08 13:04:56,1900-01-00 00:00:00,0960-wombat,B8:27:EB:FF:C8:F5,-53, WPA ,0.000000,0.000000,0.000,0.000,AP
2026-04-08 13:04:56,1900-01-00 00:00:00,0960-wombat,B8:27:EB:FF:C8:F5,-52, WPA ,0.000000,0.000000,0.000,0.000,AP
2026-04-08 13:04:56,1900-01-00 00:00:00,0960-wombat,B8:27:EB:FF:C8:F5,-53, WPA ,0.000000,0.000000,0.000,0.000,AP
2026-04-08 13:04:56,1900-01-00 00:00:00,0960-wombat,B8:27:EB:FF:C8:F5,-53, WPA ,0.000000,0.000000,0.000,0.000,AP
2026-04-08 13:04:56,1900-01-00 00:00:00,0960-wombat,B8:27:EB:FF:C8:F5,-53, WPA ,0.000000,0.000000,0.000,0.000,AP
2026-04-08 13:04:57,1900-01-00 00:00:00,0960-wombat,B8:27:EB:FF:C8:F5,-53, WPA ,0.000000,0.000000,0.000,0.000,AP
2026-04-08 13:04:57,1900-01-00 00:00:00,0960-wombat,B8:27:EB:FF:C8:F5,-53, WPA ,0.000000,0.000000,0.000,0.000,AP
2026-04-08 13:04:57,1900-01-00 00:00:00,0960-wombat,B8:27:EB:FF:C8:F5,-53, WPA ,0.000000,0.000000,0.000,0.000,AP
2026-04-08 13:04:57,1900-01-00 00:00:00,0960-wombat,B8:27:EB:FF:C8:F5,-53, WPA ,0.000000,0.000000,0.000,0.000,AP
2026-04-08 13:04:57,1900-01-00 00:00:00,0960-wombat,B8:27:EB:FF:C8:F5,-53, WPA ,0.000000,0.000000,0.000,0.000,AP
2026-04-08 13:04:57,1900-01-00 00:00:00,0960-wombat,B8:27:EB:FF:C8:F5,-53, WPA ,0.000000,0.000000,0.000,0.000,AP
2026-04-08 13:04:57,1900-01-00 00:00:00,0960-wombat,B8:27:EB:FF:C8:F5,-53, WPA ,0.000000,0.000000,0.000,0.000,AP
2026-04-08 13:04:57,1900-01-00 00:00:00,0960-wombat,B8:27:EB:FF:C8:F5,-54, WPA ,0.000000,0.000000,0.000,0.000,AP
2026-04-08 13:04:57,1900-01-00 00:00:00,0960-wombat,B8:27:EB:FF:C8:F5,-54, WPA ,0.000000,0.000000,0.000,0.000,AP
2026-04-08 13:04:57,1900-01-00 00:00:00,0960-wombat,B8:27:EB:FF:C8:F5,-54, WPA ,0.000000,0.000000,0.000,0.000,AP
2026-04-08 13:04:57,1900-01-00 00:00:00,0960-wombat,B8:27:EB:FF:C8:F5,-54, WPA ,0.000000,0.000000,0.000,0.000,AP
2026-04-08 13:04:57,1900-01-00 00:00:00,0960-wombat,B8:27:EB:FF:C8:F5,-53, WPA ,0.000000,0.000000,0.000,0.000,AP
2026-04-08 13:04:57,1900-01-00 00:00:00,0960-wombat,B8:27:EB:FF:C8:F5,-53, WPA ,0.000000,0.000000,0.000,0.000,AP
2026-04-08 13:04:57,1900-01-00 00:00:00,0960-wombat,B8:27:EB:FF:C8:F5,-53, WPA ,0.000000,0.000000,0.000,0.000,AP
2026-04-08 13:04:57,1900-01-00 00:00:00,0960-wombat,B8:27:EB:FF:C8:F5,-53, WPA ,0.000000,0.000000,0.000,0.000,AP
2026-04-08 13:04:58,1900-01-00 00:00:00,0960-wombat,B8:27:EB:FF:C8:F5,-53, WPA ,0.000000,0.000000,0.000,0.000,AP
2026-04-08 13:04:58,1900-01-00 00:00:00,0960-wombat,B8:27:EB:FF:C8:F5,-53, WPA ,0.000000,0.000000,0.000,0.000,AP
2026-04-08 13:04:58,1900-01-00 00:00:00,0960-wombat,B8:27:EB:FF:C8:F5,-53, WPA ,0.000000,0.000000,0.000,0.000,AP
2026-04-08 13:04:58,1900-01-00 00:00:00,0960-wombat,B8:27:EB:FF:C8:F5,-53, WPA ,0.000000,0.000000,0.000,0.000,AP
2026-04-08 13:04:58,1900-01-00 00:00:00,0960-wombat,B8:27:EB:FF:C8:F5,-53, WPA ,0.000000,0.000000,0.000,0.000,AP
2026-04-08 13:04:58,1900-01-00 00:00:00,0960-wombat,B8:27:EB:FF:C8:F5,-53, WPA ,0.000000,0.000000,0.000,0.000,AP
2026-04-08 13:04:58,1900-01-00 00:00:00,0960-wombat,B8:27:EB:FF:C8:F5,-53, WPA ,0.000000,0.000000,0.000,0.000,AP
2026-04-08 13:04:58,1900-01-00 00:00:00,0960-wombat,B8:27:EB:FF:C8:F5,-53, WPA ,0.000000,0.000000,0.000,0.000,AP
2026-04-08 13:04:58,1900-01-00 00:00:00,0960-wombat,B8:27:EB:FF:C8:F5,-53, WPA ,0.000000,0.000000,0.000,0.000,AP
2026-04-08 13:04:58,1900-01-00 00:00:00,0960-wombat,B8:27:EB:FF:C8:F5,-53, WPA ,0.000000,0.000000,0.000,0.000,AP
2026-04-08 13:04:59,1900-01-00 00:00:00,0960-wombat,B8:27:EB:FF:C8:F5,-53, WPA ,0.000000,0.000000,0.000,0.000,AP
2026-04-08 13:04:59,1900-01-00 00:00:00,0960-wombat,B8:27:EB:FF:C8:F5,-53, WPA ,0.000000,0.000000,0.000,0.000,AP
2026-04-08 13:04:59,1900-01-00 00:00:00,0960-wombat,B8:27:EB:FF:C8:F5,-53, WPA ,0.000000,0.000000,0.000,0.000,AP
2026-04-08 13:04:59,1900-01-00 00:00:00,0960-wombat,B8:27:EB:FF:C8:F5,-53, WPA ,0.000000,0.000000,0.000,0.000,AP
2026-04-08 13:04:59,1900-01-00 00:00:00,0960-wombat,B8:27:EB:FF:C8:F5,-52, WPA ,0.000000,0.000000,0.000,0.000,AP
2026-04-08 13:04:59,1900-01-00 00:00:00,0960-wombat,B8:27:EB:FF:C8:F5,-53, WPA ,0.000000,0.000000,0.000,0.000,AP
2026-04-08 13:04:59,1900-01-00 00:00:00,0960-wombat,B8:27:EB:FF:C8:F5,-52, WPA ,0.000000,0.000000,0.000,0.000,AP
2026-04-08 13:04:59,1900-01-00 00:00:00,0960-wombat,B8:27:EB:FF:C8:F5,-52, WPA ,0.000000,0.000000,0.000,0.000,AP
2026-04-08 13:04:59,1900-01-00 00:00:00,0960-wombat,B8:27:EB:FF:C8:F5,-54, WPA ,0.000000,0.000000,0.000,0.000,AP
2026-04-08 13:04:59,1900-01-00 00:00:00,0960-wombat,B8:27:EB:FF:C8:F5,-53, WPA ,0.000000,0.000000,0.000,0.000,AP
2026-04-08 13:05:00,1900-01-00 00:00:00,0960-wombat,B8:27:EB:FF:C8:F5,-53, WPA ,0.000000,0.000000,0.000,0.000,AP
2026-04-08 13:05:00,1900-01-00 00:00:00,0960-wombat,B8:27:EB:FF:C8:F5,-52, WPA ,0.000000,0.000000,0.000,0.000,AP
2026-04-08 13:05:00,1900-01-00 00:00:00,0960-wombat,B8:27:EB:FF:C8:F5,-53, WPA ,0.000000,0.000000,0.000,0.000,AP
2026-04-08 13:05:00,1900-01-00 00:00:00,0960-wombat,B8:27:EB:FF:C8:F5,-52, WPA ,0.000000,0.000000,0.000,0.000,AP
2026-04-08 13:05:00,1900-01-00 00:00:00,0960-wombat,B8:27:EB:FF:C8:F5,-53, WPA ,0.000000,0.000000,0.000,0.000,AP
2026-04-08 13:05:00,1900-01-00 00:00:00,0960-wombat,B8:27:EB:FF:C8:F5,-52, WPA ,0.000000,0.000000,0.000,0.000,AP
2026-04-08 13:05:00,1900-01-00 00:00:00,0960-wombat,B8:27:EB:FF:C8:F5,-53, WPA ,0.000000,0.000000,0.000,0.000,AP
2026-04-08 13:05:00,1900-01-00 00:00:00,0960-wombat,B8:27:EB:FF:C8:F5,-52, WPA ,0.000000,0.000000,0.000,0.000,AP
2026-04-08 13:05:00,1900-01-00 00:00:00,0960-wombat,B8:27:EB:FF:C8:F5,-52, WPA ,0.000000,0.000000,0.000,0.000,AP
2026-04-08 13:05:00,1900-01-00 00:00:00,0960-wombat,B8:27:EB:FF:C8:F5,-55, WPA ,0.000000,0.000000,0.000,0.000,AP
2026-04-08 13:05:00,1900-01-00 00:00:00,0960-wombat,B8:27:EB:FF:C8:F5,-52, WPA ,0.000000,0.000000,0.000,0.000,AP
2026-04-08 13:05:00,1900-01-00 00:00:00,0960-wombat,B8:27:EB:FF:C8:F5,-52, WPA ,0.000000,0.000000,0.000,0.000,AP
2026-04-08 13:05:00,1900-01-00 00:00:00,0960-wombat,B8:27:EB:FF:C8:F5,-52, WPA ,0.000000,0.000000,0.000,0.000,AP
2026-04-08 13:05:00,1900-01-00 00:00:00,0960-wombat,B8:27:EB:FF:C8:F5,-52, WPA ,0.000000,0.000000,0.000,0.000,AP
2026-04-08 13:05:00,1900-01-00 00:00:00,0960-wombat,B8:27:EB:FF:C8:F5,-53, WPA ,0.000000,0.000000,0.000,0.000,AP
2026-04-08 13:05:00,1900-01-00 00:00:00,0960-wombat,B8:27:EB:FF:C8:F5,-53, WPA ,0.000000,0.000000,0.000,0.000,AP
2026-04-08 13:05:00,1900-01-00 00:00:00,0960-wombat,B8:27:EB:FF:C8:F5,-53, WPA ,0.000000,0.000000,0.000,0.000,AP
2026-04-08 13:05:00,1900-01-00 00:00:00,0960-wombat,B8:27:EB:FF:C8:F5,-54, WPA ,0.000000,0.000000,0.000,0.000,AP
2026-04-08 13:05:00,1900-01-00 00:00:00,0960-wombat,B8:27:EB:FF:C8:F5,-51, WPA ,0.000000,0.000000,0.000,0.000,AP
2026-04-08 13:05:00,1900-01-00 00:00:00,0960-wombat,B8:27:EB:FF:C8:F5,-52, WPA ,0.000000,0.000000,0.000,0.000,AP
2026-04-08 13:05:00,1900-01-00 00:00:00,0960-wombat,B8:27:EB:FF:C8:F5,-52, WPA ,0.000000,0.000000,0.000,0.000,AP
2026-04-08 13:05:00,1900-01-00 00:00:00,0960-wombat,B8:27:EB:FF:C8:F5,-52, WPA ,0.000000,0.000000,0.000,0.000,AP
2026-04-08 13:05:00,1900-01-00 00:00:00,0960-wombat,B8:27:EB:FF:C8:F5,-53, WPA ,0.000000,0.000000,0.000,0.000,AP
2026-04-08 13:05:00,1900-01-00 00:00:00,0960-wombat,B8:27:EB:FF:C8:F5,-52, WPA ,0.000000,0.000000,0.000,0.000,AP
2026-04-08 13:05:00,1900-01-00 00:00:00,0960-wombat,B8:27:EB:FF:C8:F5,-52, WPA ,0.000000,0.000000,0.000,0.000,AP
2026-04-08 13:05:00,1900-01-00 00:00:00,0960-wombat,B8:27:EB:FF:C8:F5,-52, WPA ,0.000000,0.000000,0.000,0.000,AP
2026-04-08 13:05:00,1900-01-00 00:00:00,0960-wombat,B8:27:EB:FF:C8:F5,-52, WPA ,0.000000,0.000000,0.000,0.000,AP
2026-04-08 13:05:00,1900-01-00 00:00:00,0960-wombat,B8:27:EB:FF:C8:F5,-52, WPA ,0.000000,0.000000,0.000,0.000,AP
2026-04-08 13:05:00,1900-01-00 00:00:00,0960-wombat,B8:27:EB:FF:C8:F5,-53, WPA ,0.000000,0.000000,0.000,0.000,AP
2026-04-08 13:05:00,1900-01-00 00:00:00,0960-wombat,B8:27:EB:FF:C8:F5,-49, WPA ,0.000000,0.000000,0.000,0.000,AP
2026-04-08 13:05:00,1900-01-00 00:00:00,0960-wombat,B8:27:EB:FF:C8:F5,-51, WPA ,0.000000,0.000000,0.000,0.000,AP
2026-04-08 13:05:00,1900-01-00 00:00:00,0960-wombat,B8:27:EB:FF:C8:F5,-52, WPA ,0.000000,0.000000,0.000,0.000,AP
2026-04-08 13:05:00,1900-01-00 00:00:00,0960-wombat,B8:27:EB:FF:C8:F5,-51, WPA ,0.000000,0.000000,0.000,0.000,AP
2026-04-08 13:05:00,1900-01-00 00:00:00,0960-wombat,B8:27:EB:FF:C8:F5,-52, WPA ,0.000000,0.000000,0.000,0.000,AP
2026-04-08 13:05:00,1900-01-00 00:00:00,0960-wombat,B8:27:EB:FF:C8:F5,-51, WPA ,0.000000,0.000000,0.000,0.000,AP
2026-04-08 13:05:00,1900-01-00 00:00:00,0960-wombat,B8:27:EB:FF:C8:F5,-52, WPA ,0.000000,0.000000,0.000,0.000,AP
2026-04-08 13:05:00,1900-01-00 00:00:00,0960-wombat,B8:27:EB:FF:C8:F5,-52, WPA ,0.000000,0.000000,0.000,0.000,AP
2026-04-08 13:05:01,1900-01-00 00:00:00,0960-wombat,B8:27:EB:FF:C8:F5,-51, WPA ,0.000000,0.000000,0.000,0.000,AP
2026-04-08 13:05:01,1900-01-00 00:00:00,0960-wombat,B8:27:EB:FF:C8:F5,-52, WPA ,0.000000,0.000000,0.000,0.000,AP
2026-04-08 13:05:01,1900-01-00 00:00:00,0960-wombat,B8:27:EB:FF:C8:F5,-52, WPA ,0.000000,0.000000,0.000,0.000,AP
2026-04-08 13:05:01,1900-01-00 00:00:00,0960-wombat,B8:27:EB:FF:C8:F5,-52, WPA ,0.000000,0.000000,0.000,0.000,AP
2026-04-08 13:05:01,1900-01-00 00:00:00,0960-wombat,B8:27:EB:FF:C8:F5,-52, WPA ,0.000000,0.000000,0.000,0.000,AP
2026-04-08 13:05:01,1900-01-00 00:00:00,0960-wombat,B8:27:EB:FF:C8:F5,-52, WPA ,0.000000,0.000000,0.000,0.000,AP
2026-04-08 13:05:01,1900-01-00 00:00:00,0960-wombat,B8:27:EB:FF:C8:F5,-52, WPA ,0.000000,0.000000,0.000,0.000,AP
2026-04-08 13:05:01,1900-01-00 00:00:00,0960-wombat,B8:27:EB:FF:C8:F5,-52, WPA ,0.000000,0.000000,0.000,0.000,AP
2026-04-08 13:05:01,1900-01-00 00:00:00,0960-wombat,B8:27:EB:FF:C8:F5,-52, WPA ,0.000000,0.000000,0.000,0.000,AP
2026-04-08 13:05:01,1900-01-00 00:00:00,0960-wombat,B8:27:EB:FF:C8:F5,-52, WPA ,0.000000,0.000000,0.000,0.000,AP
2026-04-08 13:05:01,1900-01-00 00:00:00,0960-wombat,B8:27:EB:FF:C8:F5,-52, WPA ,0.000000,0.000000,0.000,0.000,AP
2026-04-08 13:05:01,1900-01-00 00:00:00,0960-wombat,B8:27:EB:FF:C8:F5,-52, WPA ,0.000000,0.000000,0.000,0.000,AP
2026-04-08 13:05:01,1900-01-00 00:00:00,0960-wombat,B8:27:EB:FF:C8:F5,-50, WPA ,0.000000,0.000000,0.000,0.000,AP
2026-04-08 13:05:01,1900-01-00 00:00:00,0960-wombat,B8:27:EB:FF:C8:F5,-52, WPA ,0.000000,0.000000,0.000,0.000,AP
2026-04-08 13:05:01,1900-01-00 00:00:00,0960-wombat,B8:27:EB:FF:C8:F5,-52, WPA ,0.000000,0.000000,0.000,0.000,AP
2026-04-08 13:05:01,1900-01-00 00:00:00,0960-wombat,B8:27:EB:FF:C8:F5,-52, WPA ,0.000000,0.000000,0.000,0.000,AP
2026-04-08 13:05:01,1900-01-00 00:00:00,0960-wombat,B8:27:EB:FF:C8:F5,-52, WPA ,0.000000,0.000000,0.000,0.000,AP
2026-04-08 13:05:01,1900-01-00 00:00:00,0960-wombat,B8:27:EB:FF:C8:F5,-52, WPA ,0.000000,0.000000,0.000,0.000,AP
2026-04-08 13:05:01,1900-01-00 00:00:00,0960-wombat,B8:27:EB:FF:C8:F5,-51, WPA ,0.000000,0.000000,0.000,0.000,AP
2026-04-08 13:05:01,1900-01-00 00:00:00,0960-wombat,B8:27:EB:FF:C8:F5,-52, WPA ,0.000000,0.000000,0.000,0.000,AP
2026-04-08 13:05:01,1900-01-00 00:00:00,0960-wombat,B8:27:EB:FF:C8:F5,-52, WPA ,0.000000,0.000000,0.000,0.000,AP
2026-04-08 13:05:01,1900-01-00 00:00:00,0960-wombat,B8:27:EB:FF:C8:F5,-52, WPA ,0.000000,0.000000,0.000,0.000,AP
2026-04-08 13:05:01,1900-01-00 00:00:00,0960-wombat,B8:27:EB:FF:C8:F5,-53, WPA ,0.000000,0.000000,0.000,0.000,AP
2026-04-08 13:05:01,1900-01-00 00:00:00,0960-wombat,B8:27:EB:FF:C8:F5,-52, WPA ,0.000000,0.000000,0.000,0.000,AP
2026-04-08 13:05:01,1900-01-00 00:00:00,0960-wombat,B8:27:EB:FF:C8:F5,-52, WPA ,0.000000,0.000000,0.000,0.000,AP
2026-04-08 13:05:01,1900-01-00 00:00:00,0960-wombat,B8:27:EB:FF:C8:F5,-52, WPA ,0.000000,0.000000,0.000,0.000,AP
2026-04-08 13:05:01,1900-01-00 00:00:00,0960-wombat,B8:27:EB:FF:C8:F5,-51, WPA ,0.000000,0.000000,0.000,0.000,AP
2026-04-08 13:05:01,1900-01-00 00:00:00,0960-wombat,B8:27:EB:FF:C8:F5,-52, WPA ,0.000000,0.000000,0.000,0.000,AP
2026-04-08 13:05:01,1900-01-00 00:00:00,0960-wombat,B8:27:EB:FF:C8:F5,-53, WPA ,0.000000,0.000000,0.000,0.000,AP
2026-04-08 13:05:01,1900-01-00 00:00:00,0960-wombat,B8:27:EB:FF:C8:F5,-52, WPA ,0.000000,0.000000,0.000,0.000,AP
2026-04-08 13:05:01,1900-01-00 00:00:00,0960-wombat,B8:27:EB:FF:C8:F5,-52, WPA ,0.000000,0.000000,0.000,0.000,AP
2026-04-08 13:05:02,1900-01-00 00:00:00,0960-wombat,B8:27:EB:FF:C8:F5,-50, WPA ,0.000000,0.000000,0.000,0.000,AP
2026-04-08 13:05:02,1900-01-00 00:00:00,0960-wombat,B8:27:EB:FF:C8:F5,-52, WPA ,0.000000,0.000000,0.000,0.000,AP
2026-04-08 13:05:02,1900-01-00 00:00:00,0960-wombat,B8:27:EB:FF:C8:F5,-52, WPA ,0.000000,0.000000,0.000,0.000,AP
2026-04-08 13:05:02,1900-01-00 00:00:00,0960-wombat,B8:27:EB:FF:C8:F5,-52, WPA ,0.000000,0.000000,0.000,0.000,AP
2026-04-08 13:05:02,1900-01-00 00:00:00,0960-wombat,B8:27:EB:FF:C8:F5,-52, WPA ,0.000000,0.000000,0.000,0.000,AP
2026-04-08 13:05:02,1900-01-00 00:00:00,0960-wombat,B8:27:EB:FF:C8:F5,-52, WPA ,0.000000,0.000000,0.000,0.000,AP
2026-04-08 13:05:02,1900-01-00 00:00:00,0960-wombat,B8:27:EB:FF:C8:F5,-53, WPA ,0.000000,0.000000,0.000,0.000,AP
2026-04-08 13:05:02,1900-01-00 00:00:00,0960-wombat,B8:27:EB:FF:C8:F5,-52, WPA ,0.000000,0.000000,0.000,0.000,AP
2026-04-08 13:05:02,1900-01-00 00:00:00,0960-wombat,B8:27:EB:FF:C8:F5,-53, WPA ,0.000000,0.000000,0.000,0.000,AP
2026-04-08 13:05:02,1900-01-00 00:00:00,0960-wombat,B8:27:EB:FF:C8:F5,-52, WPA ,0.000000,0.000000,0.000,0.000,AP
2026-04-08 13:05:02,1900-01-00 00:00:00,0960-wombat,B8:27:EB:FF:C8:F5,-53, WPA ,0.000000,0.000000,0.000,0.000,AP
2026-04-08 13:05:02,1900-01-00 00:00:00,0960-wombat,B8:27:EB:FF:C8:F5,-52, WPA ,0.000000,0.000000,0.000,0.000,AP
2026-04-08 13:05:02,1900-01-00 00:00:00,0960-wombat,B8:27:EB:FF:C8:F5,-52, WPA ,0.000000,0.000000,0.000,0.000,AP
2026-04-08 13:05:02,1900-01-00 00:00:00,0960-wombat,B8:27:EB:FF:C8:F5,-52, WPA ,0.000000,0.000000,0.000,0.000,AP
2026-04-08 13:05:02,1900-01-00 00:00:00,0960-wombat,B8:27:EB:FF:C8:F5,-52, WPA ,0.000000,0.000000,0.000,0.000,AP
2026-04-08 13:05:02,1900-01-00 00:00:00,0960-wombat,B8:27:EB:FF:C8:F5,-52, WPA ,0.000000,0.000000,0.000,0.000,AP
2026-04-08 13:05:02,1900-01-00 00:00:00,0960-wombat,B8:27:EB:FF:C8:F5,-53, WPA ,0.000000,0.000000,0.000,0.000,AP
2026-04-08 13:05:02,1900-01-00 00:00:00,0960-wombat,B8:27:EB:FF:C8:F5,-52, WPA ,0.000000,0.000000,0.000,0.000,AP
2026-04-08 13:05:03,1900-01-00 00:00:00,0960-wombat,B8:27:EB:FF:C8:F5,-52, WPA ,0.000000,0.000000,0.000,0.000,AP
2026-04-08 13:05:03,1900-01-00 00:00:00,0960-wombat,B8:27:EB:FF:C8:F5,-52, WPA ,0.000000,0.000000,0.000,0.000,AP
2026-04-08 13:05:03,1900-01-00 00:00:00,0960-wombat,B8:27:EB:FF:C8:F5,-52, WPA ,0.000000,0.000000,0.000,0.000,AP
2026-04-08 13:05:03,1900-01-00 00:00:00,0960-wombat,B8:27:EB:FF:C8:F5,-52, WPA ,0.000000,0.000000,0.000,0.000,AP
2026-04-08 13:05:03,1900-01-00 00:00:00,0960-wombat,B8:27:EB:FF:C8:F5,-52, WPA ,0.000000,0.000000,0.000,0.000,AP
2026-04-08 13:05:03,1900-01-00 00:00:00,0960-wombat,B8:27:EB:FF:C8:F5,-53, WPA ,0.000000,0.000000,0.000,0.000,AP
2026-04-08 13:05:03,1900-01-00 00:00:00,0960-wombat,B8:27:EB:FF:C8:F5,-52, WPA ,0.000000,0.000000,0.000,0.000,AP
2026-04-08 13:05:03,1900-01-00 00:00:00,0960-wombat,B8:27:EB:FF:C8:F5,-52, WPA ,0.000000,0.000000,0.000,0.000,AP
2026-04-08 13:05:03,1900-01-00 00:00:00,0960-wombat,B8:27:EB:FF:C8:F5,-53, WPA ,0.000000,0.000000,0.000,0.000,AP
2026-04-08 13:05:03,1900-01-00 00:00:00,0960-wombat,B8:27:EB:FF:C8:F5,-52, WPA ,0.000000,0.000000,0.000,0.000,AP
2026-04-08 13:05:03,1900-01-00 00:00:00,0960-wombat,B8:27:EB:FF:C8:F5,-52, WPA ,0.000000,0.000000,0.000,0.000,AP
2026-04-08 13:05:03,1900-01-00 00:00:00,0960-wombat,B8:27:EB:FF:C8:F5,-52, WPA ,0.000000,0.000000,0.000,0.000,AP
2026-04-08 13:05:03,1900-01-00 00:00:00,0960-wombat,B8:27:EB:FF:C8:F5,-52, WPA ,0.000000,0.000000,0.000,0.000,AP
2026-04-08 13:05:03,1900-01-00 00:00:00,0960-wombat,B8:27:EB:FF:C8:F5,-52, WPA ,0.000000,0.000000,0.000,0.000,AP
2026-04-08 13:05:03,1900-01-00 00:00:00,0960-wombat,B8:27:EB:FF:C8:F5,-52, WPA ,0.000000,0.000000,0.000,0.000,AP
2026-04-08 13:05:03,1900-01-00 00:00:00,0960-wombat,B8:27:EB:FF:C8:F5,-52, WPA ,0.000000,0.000000,0.000,0.000,AP
2026-04-08 13:05:03,1900-01-00 00:00:00,0960-wombat,B8:27:EB:FF:C8:F5,-52, WPA ,0.000000,0.000000,0.000,0.000,AP
2026-04-08 13:05:03,1900-01-00 00:00:00,0960-wombat,B8:27:EB:FF:C8:F5,-52, WPA ,0.000000,0.000000,0.000,0.000,AP
2026-04-08 13:05:03,1900-01-00 00:00:00,0960-wombat,B8:27:EB:FF:C8:F5,-52, WPA ,0.000000,0.000000,0.000,0.000,AP
2026-04-08 13:05:03,1900-01-00 00:00:00,0960-wombat,B8:27:EB:FF:C8:F5,-52, WPA ,0.000000,0.000000,0.000,0.000,AP
2026-04-08 13:05:03,1900-01-00 00:00:00,0960-wombat,B8:27:EB:FF:C8:F5,-50, WPA ,0.000000,0.000000,0.000,0.000,AP
2026-04-08 13:05:03,1900-01-00 00:00:00,0960-wombat,B8:27:EB:FF:C8:F5,-52, WPA ,0.000000,0.000000,0.000,0.000,AP
2026-04-08 13:05:03,1900-01-00 00:00:00,0960-wombat,B8:27:EB:FF:C8:F5,-53, WPA ,0.000000,0.000000,0.000,0.000,AP
2026-04-08 13:05:03,1900-01-00 00:00:00,0960-wombat,B8:27:EB:FF:C8:F5,-52, WPA ,0.000000,0.000000,0.000,0.000,AP
2026-04-08 13:05:03,1900-01-00 00:00:00,0960-wombat,B8:27:EB:FF:C8:F5,-52, WPA ,0.000000,0.000000,0.000,0.000,AP
2026-04-08 13:05:03,1900-01-00 00:00:00,0960-wombat,B8:27:EB:FF:C8:F5,-52, WPA ,0.000000,0.000000,0.000,0.000,AP
2026-04-08 13:05:03,1900-01-00 00:00:00,0960-wombat,B8:27:EB:FF:C8:F5,-52, WPA ,0.000000,0.000000,0.000,0.000,AP
2026-04-08 13:05:04,1900-01-00 00:00:00,0960-wombat,B8:27:EB:FF:C8:F5,-52, WPA ,0.000000,0.000000,0.000,0.000,AP
2026-04-08 13:05:04,1900-01-00 00:00:00,0960-wombat,B8:27:EB:FF:C8:F5,-52, WPA ,0.000000,0.000000,0.000,0.000,AP
2026-04-08 13:05:04,1900-01-00 00:00:00,0960-wombat,B8:27:EB:FF:C8:F5,-52, WPA ,0.000000,0.000000,0.000,0.000,AP
2026-04-08 13:05:04,1900-01-00 00:00:00,0960-wombat,B8:27:EB:FF:C8:F5,-52, WPA ,0.000000,0.000000,0.000,0.000,AP
2026-04-08 13:05:04,1900-01-00 00:00:00,0960-wombat,B8:27:EB:FF:C8:F5,-52, WPA ,0.000000,0.000000,0.000,0.000,AP
2026-04-08 13:05:04,1900-01-00 00:00:00,0960-wombat,B8:27:EB:FF:C8:F5,-52, WPA ,0.000000,0.000000,0.000,0.000,AP
2026-04-08 13:05:04,1900-01-00 00:00:00,0960-wombat,B8:27:EB:FF:C8:F5,-52, WPA ,0.000000,0.000000,0.000,0.000,AP
2026-04-08 13:05:04,1900-01-00 00:00:00,0960-wombat,B8:27:EB:FF:C8:F5,-52, WPA ,0.000000,0.000000,0.000,0.000,AP
2026-04-08 13:05:04,1900-01-00 00:00:00,0960-wombat,B8:27:EB:FF:C8:F5,-52, WPA ,0.000000,0.000000,0.000,0.000,AP
2026-04-08 13:05:04,1900-01-00 00:00:00,0960-wombat,B8:27:EB:FF:C8:F5,-53, WPA ,0.000000,0.000000,0.000,0.000,AP
2026-04-08 13:05:04,1900-01-00 00:00:00,0960-wombat,B8:27:EB:FF:C8:F5,-51, WPA ,0.000000,0.000000,0.000,0.000,AP
2026-04-08 13:05:04,1900-01-00 00:00:00,0960-wombat,B8:27:EB:FF:C8:F5,-52, WPA ,0.000000,0.000000,0.000,0.000,AP
2026-04-08 13:05:04,1900-01-00 00:00:00,0960-wombat,B8:27:EB:FF:C8:F5,-55, WPA ,0.000000,0.000000,0.000,0.000,AP
2026-04-08 13:05:04,1900-01-00 00:00:00,0960-wombat,B8:27:EB:FF:C8:F5,-52, WPA ,0.000000,0.000000,0.000,0.000,AP
2026-04-08 13:05:04,1900-01-00 00:00:00,0960-wombat,B8:27:EB:FF:C8:F5,-52, WPA ,0.000000,0.000000,0.000,0.000,AP
2026-04-08 13:05:04,1900-01-00 00:00:00,0960-wombat,B8:27:EB:FF:C8:F5,-52, WPA ,0.000000,0.000000,0.000,0.000,AP
2026-04-08 13:05:05,1900-01-00 00:00:00,0960-wombat,B8:27:EB:FF:C8:F5,-52, WPA ,0.000000,0.000000,0.000,0.000,AP
2026-04-08 13:05:05,1900-01-00 00:00:00,0960-wombat,B8:27:EB:FF:C8:F5,-52, WPA ,0.000000,0.000000,0.000,0.000,AP
2026-04-08 13:05:05,1900-01-00 00:00:00,0960-wombat,B8:27:EB:FF:C8:F5,-53, WPA ,0.000000,0.000000,0.000,0.000,AP
2026-04-08 13:05:05,1900-01-00 00:00:00,0960-wombat,B8:27:EB:FF:C8:F5,-52, WPA ,0.000000,0.000000,0.000,0.000,AP
2026-04-08 13:05:05,1900-01-00 00:00:00,0960-wombat,B8:27:EB:FF:C8:F5,-52, WPA ,0.000000,0.000000,0.000,0.000,AP
2026-04-08 13:05:05,1900-01-00 00:00:00,0960-wombat,B8:27:EB:FF:C8:F5,-52, WPA ,0.000000,0.000000,0.000,0.000,AP
2026-04-08 13:05:05,1900-01-00 00:00:00,0960-wombat,B8:27:EB:FF:C8:F5,-52, WPA ,0.000000,0.000000,0.000,0.000,AP
2026-04-08 13:05:05,1900-01-00 00:00:00,0960-wombat,B8:27:EB:FF:C8:F5,-52, WPA ,0.000000,0.000000,0.000,0.000,AP
2026-04-08 13:05:05,1900-01-00 00:00:00,0960-wombat,B8:27:EB:FF:C8:F5,-52, WPA ,0.000000,0.000000,0.000,0.000,AP
2026-04-08 13:05:05,1900-01-00 00:00:00,0960-wombat,B8:27:EB:FF:C8:F5,-51, WPA ,0.000000,0.000000,0.000,0.000,AP
2026-04-08 13:05:05,1900-01-00 00:00:00,0960-wombat,B8:27:EB:FF:C8:F5,-52, WPA ,0.000000,0.000000,0.000,0.000,AP
2026-04-08 13:05:05,1900-01-00 00:00:00,0960-wombat,B8:27:EB:FF:C8:F5,-53, WPA ,0.000000,0.000000,0.000,0.000,AP
2026-04-08 13:05:05,1900-01-00 00:00:00,0960-wombat,B8:27:EB:FF:C8:F5,-52, WPA ,0.000000,0.000000,0.000,0.000,AP
2026-04-08 13:05:05,1900-01-00 00:00:00,0960-wombat,B8:27:EB:FF:C8:F5,-52, WPA ,0.000000,0.000000,0.000,0.000,AP
2026-04-08 13:05:05,1900-01-00 00:00:00,0960-wombat,B8:27:EB:FF:C8:F5,-52, WPA ,0.000000,0.000000,0.000,0.000,AP
2026-04-08 13:05:05,1900-01-00 00:00:00,0960-wombat,B8:27:EB:FF:C8:F5,-52, WPA ,0.000000,0.000000,0.000,0.000,AP
2026-04-08 13:05:05,1900-01-00 00:00:00,0960-wombat,B8:27:EB:FF:C8:F5,-52, WPA ,0.000000,0.000000,0.000,0.000,AP
2026-04-08 13:05:05,1900-01-00 00:00:00,0960-wombat,B8:27:EB:FF:C8:F5,-53, WPA ,0.000000,0.000000,0.000,0.000,AP
2026-04-08 13:05:05,1900-01-00 00:00:00,0960-wombat,B8:27:EB:FF:C8:F5,-52, WPA ,0.000000,0.000000,0.000,0.000,AP
2026-04-08 13:05:05,1900-01-00 00:00:00,0960-wombat,B8:27:EB:FF:C8:F5,-51, WPA ,0.000000,0.000000,0.000,0.000,AP
2026-04-08 13:05:05,1900-01-00 00:00:00,0960-wombat,B8:27:EB:FF:C8:F5,-52, WPA ,0.000000,0.000000,0.000,0.000,AP
2026-04-08 13:05:05,1900-01-00 00:00:00,0960-wombat,B8:27:EB:FF:C8:F5,-53, WPA ,0.000000,0.000000,0.000,0.000,AP
2026-04-08 13:05:05,1900-01-00 00:00:00,0960-wombat,B8:27:EB:FF:C8:F5,-52, WPA ,0.000000,0.000000,0.000,0.000,AP
2026-04-08 13:05:05,1900-01-00 00:00:00,0960-wombat,B8:27:EB:FF:C8:F5,-52, WPA ,0.000000,0.000000,0.000,0.000,AP
2026-04-08 13:05:05,1900-01-00 00:00:00,0960-wombat,B8:27:EB:FF:C8:F5,-52, WPA ,0.000000,0.000000,0.000,0.000,AP
2026-04-08 13:05:05,1900-01-00 00:00:00,0960-wombat,B8:27:EB:FF:C8:F5,-52, WPA ,0.000000,0.000000,0.000,0.000,AP
2026-04-08 13:05:05,1900-01-00 00:00:00,0960-wombat,B8:27:EB:FF:C8:F5,-51, WPA ,0.000000,0.000000,0.000,0.000,AP
2026-04-08 13:05:05,1900-01-00 00:00:00,0960-wombat,B8:27:EB:FF:C8:F5,-53, WPA ,0.000000,0.000000,0.000,0.000,AP
2026-04-08 13:05:05,1900-01-00 00:00:00,0960-wombat,B8:27:EB:FF:C8:F5,-52, WPA ,0.000000,0.000000,0.000,0.000,AP
2026-04-08 13:05:05,1900-01-00 00:00:00,0960-wombat,B8:27:EB:FF:C8:F5,-52, WPA ,0.000000,0.000000,0.000,0.000,AP
2026-04-08 13:05:05,1900-01-00 00:00:00,0960-wombat,B8:27:EB:FF:C8:F5,-52, WPA ,0.000000,0.000000,0.000,0.000,AP
2026-04-08 13:05:05,1900-01-00 00:00:00,0960-wombat,B8:27:EB:FF:C8:F5,-52, WPA ,0.000000,0.000000,0.000,0.000,AP
2026-04-08 13:05:05,1900-01-00 00:00:00,0960-wombat,B8:27:EB:FF:C8:F5,-52, WPA ,0.000000,0.000000,0.000,0.000,AP
2026-04-08 13:05:05,1900-01-00 00:00:00,0960-wombat,B8:27:EB:FF:C8:F5,-52, WPA ,0.000000,0.000000,0.000,0.000,AP
2026-04-08 13:05:05,1900-01-00 00:00:00,0960-wombat,B8:27:EB:FF:C8:F5,-52, WPA ,0.000000,0.000000,0.000,0.000,AP
2026-04-08 13:05:05,1900-01-00 00:00:00,0960-wombat,B8:27:EB:FF:C8:F5,-52, WPA ,0.000000,0.000000,0.000,0.000,AP
2026-04-08 13:05:05,1900-01-00 00:00:00,0960-wombat,B8:27:EB:FF:C8:F5,-52, WPA ,0.000000,0.000000,0.000,0.000,AP
2026-04-08 13:05:05,1900-01-00 00:00:00,0960-wombat,B8:27:EB:FF:C8:F5,-52, WPA ,0.000000,0.000000,0.000,0.000,AP
2026-04-08 13:05:05,1900-01-00 00:00:00,0960-wombat,B8:27:EB:FF:C8:F5,-52, WPA ,0.000000,0.000000,0.000,0.000,AP
2026-04-08 13:05:05,1900-01-00 00:00:00,0960-wombat,B8:27:EB:FF:C8:F5,-52, WPA ,0.000000,0.000000,0.000,0.000,AP
2026-04-08 13:05:05,1900-01-00 00:00:00,0960-wombat,B8:27:EB:FF:C8:F5,-52, WPA ,0.000000,0.000000,0.000,0.000,AP
2026-04-08 13:05:05,1900-01-00 00:00:00,0960-wombat,B8:27:EB:FF:C8:F5,-52, WPA ,0.000000,0.000000,0.000,0.000,AP
2026-04-08 13:05:05,1900-01-00 00:00:00,0960-wombat,B8:27:EB:FF:C8:F5,-52, WPA ,0.000000,0.000000,0.000,0.000,AP
2026-04-08 13:05:05,1900-01-00 00:00:00,0960-wombat,B8:27:EB:FF:C8:F5,-52, WPA ,0.000000,0.000000,0.000,0.000,AP
2026-04-08 13:05:06,1900-01-00 00:00:00,0960-wombat,B8:27:EB:FF:C8:F5,-51, WPA ,0.000000,0.000000,0.000,0.000,AP
2026-04-08 13:05:06,1900-01-00 00:00:00,0960-wombat,B8:27:EB:FF:C8:F5,-52, WPA ,0.000000,0.000000,0.000,0.000,AP
2026-04-08 13:05:06,1900-01-00 00:00:00,0960-wombat,B8:27:EB:FF:C8:F5,-52, WPA ,0.000000,0.000000,0.000,0.000,AP
2026-04-08 13:05:06,1900-01-00 00:00:00,0960-wombat,B8:27:EB:FF:C8:F5,-52, WPA ,0.000000,0.000000,0.000,0.000,AP
2026-04-08 13:05:06,1900-01-00 00:00:00,0960-wombat,B8:27:EB:FF:C8:F5,-52, WPA ,0.000000,0.000000,0.000,0.000,AP
2026-04-08 13:05:06,1900-01-00 00:00:00,0960-wombat,B8:27:EB:FF:C8:F5,-52, WPA ,0.000000,0.000000,0.000,0.000,AP
2026-04-08 13:05:06,1900-01-00 00:00:00,0960-wombat,B8:27:EB:FF:C8:F5,-52, WPA ,0.000000,0.000000,0.000,0.000,AP
2026-04-08 13:05:06,1900-01-00 00:00:00,0960-wombat,B8:27:EB:FF:C8:F5,-52, WPA ,0.000000,0.000000,0.000,0.000,AP
2026-04-08 13:05:06,1900-01-00 00:00:00,0960-wombat,B8:27:EB:FF:C8:F5,-52, WPA ,0.000000,0.000000,0.000,0.000,AP
2026-04-08 13:05:06,1900-01-00 00:00:00,0960-wombat,B8:27:EB:FF:C8:F5,-52, WPA ,0.000000,0.000000,0.000,0.000,AP
2026-04-08 13:05:06,1900-01-00 00:00:00,0960-wombat,B8:27:EB:FF:C8:F5,-55, WPA ,0.000000,0.000000,0.000,0.000,AP
2026-04-08 13:05:06,1900-01-00 00:00:00,0960-wombat,B8:27:EB:FF:C8:F5,-52, WPA ,0.000000,0.000000,0.000,0.000,AP
2026-04-08 13:05:06,1900-01-00 00:00:00,0960-wombat,B8:27:EB:FF:C8:F5,-53, WPA ,0.000000,0.000000,0.000,0.000,AP
2026-04-08 13:05:06,1900-01-00 00:00:00,0960-wombat,B8:27:EB:FF:C8:F5,-53, WPA ,0.000000,0.000000,0.000,0.000,AP
2026-04-08 13:05:06,1900-01-00 00:00:00,0960-wombat,B8:27:EB:FF:C8:F5,-53, WPA ,0.000000,0.000000,0.000,0.000,AP
2026-04-08 13:05:06,1900-01-00 00:00:00,0960-wombat,B8:27:EB:FF:C8:F5,-52, WPA ,0.000000,0.000000,0.000,0.000,AP
2026-04-08 13:05:06,1900-01-00 00:00:00,0960-wombat,B8:27:EB:FF:C8:F5,-53, WPA ,0.000000,0.000000,0.000,0.000,AP
2026-04-08 13:05:06,1900-01-00 00:00:00,0960-wombat,B8:27:EB:FF:C8:F5,-53, WPA ,0.000000,0.000000,0.000,0.000,AP
2026-04-08 13:05:06,1900-01-00 00:00:00,0960-wombat,B8:27:EB:FF:C8:F5,-52, WPA ,0.000000,0.000000,0.000,0.000,AP
2026-04-08 13:05:06,1900-01-00 00:00:00,0960-wombat,B8:27:EB:FF:C8:F5,-53, WPA ,0.000000,0.000000,0.000,0.000,AP
2026-04-08 13:05:06,1900-01-00 00:00:00,0960-wombat,B8:27:EB:FF:C8:F5,-53, WPA ,0.000000,0.000000,0.000,0.000,AP
2026-04-08 13:05:07,1900-01-00 00:00:00,0960-wombat,B8:27:EB:FF:C8:F5,-52, WPA ,0.000000,0.000000,0.000,0.000,AP
2026-04-08 13:05:07,1900-01-00 00:00:00,0960-wombat,B8:27:EB:FF:C8:F5,-52, WPA ,0.000000,0.000000,0.000,0.000,AP
2026-04-08 13:05:07,1900-01-00 00:00:00,0960-wombat,B8:27:EB:FF:C8:F5,-53, WPA ,0.000000,0.000000,0.000,0.000,AP
2026-04-08 13:05:07,1900-01-00 00:00:00,0960-wombat,B8:27:EB:FF:C8:F5,-52, WPA ,0.000000,0.000000,0.000,0.000,AP
2026-04-08 13:05:07,1900-01-00 00:00:00,0960-wombat,B8:27:EB:FF:C8:F5,-53, WPA ,0.000000,0.000000,0.000,0.000,AP
2026-04-08 13:05:07,1900-01-00 00:00:00,0960-wombat,B8:27:EB:FF:C8:F5,-53, WPA ,0.000000,0.000000,0.000,0.000,AP
2026-04-08 13:05:07,1900-01-00 00:00:00,0960-wombat,B8:27:EB:FF:C8:F5,-52, WPA ,0.000000,0.000000,0.000,0.000,AP
2026-04-08 13:05:07,1900-01-00 00:00:00,0960-wombat,B8:27:EB:FF:C8:F5,-52, WPA ,0.000000,0.000000,0.000,0.000,AP
2026-04-08 13:05:07,1900-01-00 00:00:00,0960-wombat,B8:27:EB:FF:C8:F5,-53, WPA ,0.000000,0.000000,0.000,0.000,AP
2026-04-08 13:05:07,1900-01-00 00:00:00,0960-wombat,B8:27:EB:FF:C8:F5,-52, WPA ,0.000000,0.000000,0.000,0.000,AP
2026-04-08 13:05:07,1900-01-00 00:00:00,0960-wombat,B8:27:EB:FF:C8:F5,-53, WPA ,0.000000,0.000000,0.000,0.000,AP
2026-04-08 13:05:07,1900-01-00 00:00:00,0960-wombat,B8:27:EB:FF:C8:F5,-53, WPA ,0.000000,0.000000,0.000,0.000,AP
2026-04-08 13:05:07,1900-01-00 00:00:00,0960-wombat,B8:27:EB:FF:C8:F5,-53, WPA ,0.000000,0.000000,0.000,0.000,AP
2026-04-08 13:05:07,1900-01-00 00:00:00,0960-wombat,B8:27:EB:FF:C8:F5,-53, WPA ,0.000000,0.000000,0.000,0.000,AP
2026-04-08 13:05:07,1900-01-00 00:00:00,0960-wombat,B8:27:EB:FF:C8:F5,-53, WPA ,0.000000,0.000000,0.000,0.000,AP
2026-04-08 13:05:07,1900-01-00 00:00:00,0960-wombat,B8:27:EB:FF:C8:F5,-54, WPA ,0.000000,0.000000,0.000,0.000,AP
2026-04-08 13:05:07,1900-01-00 00:00:00,0960-wombat,B8:27:EB:FF:C8:F5,-54, WPA ,0.000000,0.000000,0.000,0.000,AP
2026-04-08 13:05:07,1900-01-00 00:00:00,0960-wombat,B8:27:EB:FF:C8:F5,-54, WPA ,0.000000,0.000000,0.000,0.000,AP
2026-04-08 13:05:07,1900-01-00 00:00:00,0960-wombat,B8:27:EB:FF:C8:F5,-53, WPA ,0.000000,0.000000,0.000,0.000,AP
2026-04-08 13:05:07,1900-01-00 00:00:00,0960-wombat,B8:27:EB:FF:C8:F5,-53, WPA ,0.000000,0.000000,0.000,0.000,AP
2026-04-08 13:05:07,1900-01-00 00:00:00,0960-wombat,B8:27:EB:FF:C8:F5,-53, WPA ,0.000000,0.000000,0.000,0.000,AP
2026-04-08 13:05:07,1900-01-00 00:00:00,0960-wombat,B8:27:EB:FF:C8:F5,-52, WPA ,0.000000,0.000000,0.000,0.000,AP
