LocalTime, GPSTime, ESSID, BSSID, Power, Security, Latitude, Longitude, Latitude Error, Longitude Error, Type
2026-04-08 13:11:12,1900-01-00 00:00:00,,B8:27:EB:7C:81:10,-55, ,0.000000,0.000000,0.000,0.000,AP
2026-04-08 13:11:12,1900-01-00 00:00:00,1019-wombat,B8:27:EB:7C:81:10,-55, WPA ,0.000000,0.000000,0.000,0.000,AP
2026-04-08 13:11:12,1900-01-00 00:00:00,1019-wombat,B8:27:EB:7C:81:10,-55, WPA ,0.000000,0.000000,0.000,0.000,AP
2026-04-08 13:11:12,1900-01-00 00:00:00,,C4:CB:76:AF:5C:A8,-59,,0.000000,0.000000,0.000,0.000,Client
2026-04-08 13:11:12,1900-01-00 00:00:00,1019-wombat,B8:27:EB:7C:81:10,-52, WPA ,0.000000,0.000000,0.000,0.000,AP
2026-04-08 13:11:12,1900-01-00 00:00:00,,C4:CB:76:AF:5C:A8,-56,,0.000000,0.000000,0.000,0.000,Client
2026-04-08 13:11:12,1900-01-00 00:00:00,1019-wombat,B8:27:EB:7C:81:10,-54, WPA ,0.000000,0.000000,0.000,0.000,AP
2026-04-08 13:11:12,1900-01-00 00:00:00,1019-wombat,B8:27:EB:7C:81:10,-55, WPA ,0.000000,0.000000,0.000,0.000,AP
2026-04-08 13:11:13,1900-01-00 00:00:00,1019-wombat,B8:27:EB:7C:81:10,-54, WPA ,0.000000,0.000000,0.000,0.000,AP
2026-04-08 13:11:13,1900-01-00 00:00:00,1019-wombat,B8:27:EB:7C:81:10,-54, WPA ,0.000000,0.000000,0.000,0.000,AP
2026-04-08 13:11:13,1900-01-00 00:00:00,1019-wombat,B8:27:EB:7C:81:10,-54, WPA ,0.000000,0.000000,0.000,0.000,AP
2026-04-08 13:11:13,1900-01-00 00:00:00,1019-wombat,B8:27:EB:7C:81:10,-54, WPA ,0.000000,0.000000,0.000,0.000,AP
2026-04-08 13:11:13,1900-01-00 00:00:00,1019-wombat,B8:27:EB:7C:81:10,-54, WPA ,0.000000,0.000000,0.000,0.000,AP
2026-04-08 13:11:13,1900-01-00 00:00:00,1019-wombat,B8:27:EB:7C:81:10,-54, WPA ,0.000000,0.000000,0.000,0.000,AP
2026-04-08 13:11:13,1900-01-00 00:00:00,1019-wombat,B8:27:EB:7C:81:10,-54, WPA ,0.000000,0.000000,0.000,0.000,AP
2026-04-08 13:11:13,1900-01-00 00:00:00,1019-wombat,B8:27:EB:7C:81:10,-55, WPA ,0.000000,0.000000,0.000,0.000,AP
2026-04-08 13:11:13,1900-01-00 00:00:00,1019-wombat,B8:27:EB:7C:81:10,-54, WPA ,0.000000,0.000000,0.000,0.000,AP
2026-04-08 13:11:13,1900-01-00 00:00:00,1019-wombat,B8:27:EB:7C:81:10,-55, WPA ,0.000000,0.000000,0.000,0.000,AP
2026-04-08 13:11:13,1900-01-00 00:00:00,,C4:CB:76:AF:5C:A8,-57,,0.000000,0.000000,0.000,0.000,Client
2026-04-08 13:11:13,1900-01-00 00:00:00,1019-wombat,B8:27:EB:7C:81:10,-54, WPA ,0.000000,0.000000,0.000,0.000,AP
2026-04-08 13:11:13,1900-01-00 00:00:00,1019-wombat,B8:27:EB:7C:81:10,-54, WPA ,0.000000,0.000000,0.000,0.000,AP
2026-04-08 13:11:13,1900-01-00 00:00:00,1019-wombat,B8:27:EB:7C:81:10,-56, WPA ,0.000000,0.000000,0.000,0.000,AP
2026-04-08 13:11:13,1900-01-00 00:00:00,,C4:CB:76:AF:5C:A8,-58,,0.000000,0.000000,0.000,0.000,Client
2026-04-08 13:11:13,1900-01-00 00:00:00,,C4:CB:76:AF:5C:A8,-58,,0.000000,0.000000,0.000,0.000,Client
2026-04-08 13:11:13,1900-01-00 00:00:00,1019-wombat,B8:27:EB:7C:81:10,-56, WPA ,0.000000,0.000000,0.000,0.000,AP
2026-04-08 13:11:13,1900-01-00 00:00:00,1019-wombat,B8:27:EB:7C:81:10,-57, WPA ,0.000000,0.000000,0.000,0.000,AP
2026-04-08 13:11:14,1900-01-00 00:00:00,,C4:CB:76:AF:5C:A8,-57,,0.000000,0.000000,0.000,0.000,Client
2026-04-08 13:11:14,1900-01-00 00:00:00,1019-wombat,B8:27:EB:7C:81:10,-59, WPA ,0.000000,0.000000,0.000,0.000,AP
2026-04-08 13:11:14,1900-01-00 00:00:00,1019-wombat,B8:27:EB:7C:81:10,-57, WPA ,0.000000,0.000000,0.000,0.000,AP
2026-04-08 13:11:14,1900-01-00 00:00:00,,C4:CB:76:AF:5C:A8,-57,,0.000000,0.000000,0.000,0.000,Client
2026-04-08 13:11:14,1900-01-00 00:00:00,1019-wombat,B8:27:EB:7C:81:10,-57, WPA ,0.000000,0.000000,0.000,0.000,AP
2026-04-08 13:11:14,1900-01-00 00:00:00,,C4:CB:76:AF:5C:A8,-56,,0.000000,0.000000,0.000,0.000,Client
2026-04-08 13:11:14,1900-01-00 00:00:00,1019-wombat,B8:27:EB:7C:81:10,-58, WPA ,0.000000,0.000000,0.000,0.000,AP
2026-04-08 13:11:14,1900-01-00 00:00:00,1019-wombat,B8:27:EB:7C:81:10,-58, WPA ,0.000000,0.000000,0.000,0.000,AP
2026-04-08 13:11:14,1900-01-00 00:00:00,,C4:CB:76:AF:5C:A8,-57,,0.000000,0.000000,0.000,0.000,Client
2026-04-08 13:11:14,1900-01-00 00:00:00,1019-wombat,B8:27:EB:7C:81:10,-58, WPA ,0.000000,0.000000,0.000,0.000,AP
2026-04-08 13:11:14,1900-01-00 00:00:00,,C4:CB:76:AF:5C:A8,-58,,0.000000,0.000000,0.000,0.000,Client
2026-04-08 13:11:14,1900-01-00 00:00:00,1019-wombat,B8:27:EB:7C:81:10,-56, WPA ,0.000000,0.000000,0.000,0.000,AP
2026-04-08 13:11:14,1900-01-00 00:00:00,1019-wombat,B8:27:EB:7C:81:10,-56, WPA ,0.000000,0.000000,0.000,0.000,AP
2026-04-08 13:11:14,1900-01-00 00:00:00,,C4:CB:76:AF:5C:A8,-58,,0.000000,0.000000,0.000,0.000,Client
2026-04-08 13:11:14,1900-01-00 00:00:00,,C4:CB:76:AF:5C:A8,-58,,0.000000,0.000000,0.000,0.000,Client
2026-04-08 13:11:14,1900-01-00 00:00:00,1019-wombat,B8:27:EB:7C:81:10,-57, WPA ,0.000000,0.000000,0.000,0.000,AP
2026-04-08 13:11:15,1900-01-00 00:00:00,1019-wombat,B8:27:EB:7C:81:10,-58, WPA ,0.000000,0.000000,0.000,0.000,AP
2026-04-08 13:11:15,1900-01-00 00:00:00,,C4:CB:76:AF:5C:A8,-58,,0.000000,0.000000,0.000,0.000,Client
2026-04-08 13:11:15,1900-01-00 00:00:00,1019-wombat,B8:27:EB:7C:81:10,-58, WPA ,0.000000,0.000000,0.000,0.000,AP
2026-04-08 13:11:15,1900-01-00 00:00:00,1019-wombat,B8:27:EB:7C:81:10,-58, WPA ,0.000000,0.000000,0.000,0.000,AP
2026-04-08 13:11:15,1900-01-00 00:00:00,,C4:CB:76:AF:5C:A8,-54,,0.000000,0.000000,0.000,0.000,Client
2026-04-08 13:11:15,1900-01-00 00:00:00,,C4:CB:76:AF:5C:A8,-54,,0.000000,0.000000,0.000,0.000,Client
2026-04-08 13:11:15,1900-01-00 00:00:00,1019-wombat,B8:27:EB:7C:81:10,-57, WPA ,0.000000,0.000000,0.000,0.000,AP
2026-04-08 13:11:15,1900-01-00 00:00:00,,C4:CB:76:AF:5C:A8,-55,,0.000000,0.000000,0.000,0.000,Client
2026-04-08 13:11:15,1900-01-00 00:00:00,,C4:CB:76:AF:5C:A8,-55,,0.000000,0.000000,0.000,0.000,Client
2026-04-08 13:11:15,1900-01-00 00:00:00,1019-wombat,B8:27:EB:7C:81:10,-57, WPA ,0.000000,0.000000,0.000,0.000,AP
2026-04-08 13:11:15,1900-01-00 00:00:00,,C4:CB:76:AF:5C:A8,-55,,0.000000,0.000000,0.000,0.000,Client
2026-04-08 13:11:15,1900-01-00 00:00:00,1019-wombat,B8:27:EB:7C:81:10,-58, WPA ,0.000000,0.000000,0.000,0.000,AP
2026-04-08 13:11:15,1900-01-00 00:00:00,1019-wombat,B8:27:EB:7C:81:10,-57, WPA ,0.000000,0.000000,0.000,0.000,AP
2026-04-08 13:11:15,1900-01-00 00:00:00,1019-wombat,B8:27:EB:7C:81:10,-55, WPA ,0.000000,0.000000,0.000,0.000,AP
2026-04-08 13:11:15,1900-01-00 00:00:00,1019-wombat,B8:27:EB:7C:81:10,-55, WPA ,0.000000,0.000000,0.000,0.000,AP
2026-04-08 13:11:16,1900-01-00 00:00:00,1019-wombat,B8:27:EB:7C:81:10,-55, WPA ,0.000000,0.000000,0.000,0.000,AP
2026-04-08 13:11:16,1900-01-00 00:00:00,1019-wombat,B8:27:EB:7C:81:10,-56, WPA ,0.000000,0.000000,0.000,0.000,AP
2026-04-08 13:11:16,1900-01-00 00:00:00,1019-wombat,B8:27:EB:7C:81:10,-54, WPA ,0.000000,0.000000,0.000,0.000,AP
2026-04-08 13:11:16,1900-01-00 00:00:00,,C4:CB:76:AF:5C:A8,-57,,0.000000,0.000000,0.000,0.000,Client
2026-04-08 13:11:16,1900-01-00 00:00:00,1019-wombat,B8:27:EB:7C:81:10,-53, WPA ,0.000000,0.000000,0.000,0.000,AP
2026-04-08 13:11:16,1900-01-00 00:00:00,,C4:CB:76:AF:5C:A8,-57,,0.000000,0.000000,0.000,0.000,Client
2026-04-08 13:11:16,1900-01-00 00:00:00,1019-wombat,B8:27:EB:7C:81:10,-53, WPA ,0.000000,0.000000,0.000,0.000,AP
2026-04-08 13:11:16,1900-01-00 00:00:00,1019-wombat,B8:27:EB:7C:81:10,-53, WPA ,0.000000,0.000000,0.000,0.000,AP
2026-04-08 13:11:16,1900-01-00 00:00:00,,C4:CB:76:AF:5C:A8,-56,,0.000000,0.000000,0.000,0.000,Client
2026-04-08 13:11:16,1900-01-00 00:00:00,1019-wombat,B8:27:EB:7C:81:10,-53, WPA ,0.000000,0.000000,0.000,0.000,AP
2026-04-08 13:11:16,1900-01-00 00:00:00,,C4:CB:76:AF:5C:A8,-56,,0.000000,0.000000,0.000,0.000,Client
2026-04-08 13:11:16,1900-01-00 00:00:00,1019-wombat,B8:27:EB:7C:81:10,-54, WPA ,0.000000,0.000000,0.000,0.000,AP
2026-04-08 13:11:16,1900-01-00 00:00:00,1019-wombat,B8:27:EB:7C:81:10,-53, WPA ,0.000000,0.000000,0.000,0.000,AP
2026-04-08 13:11:16,1900-01-00 00:00:00,1019-wombat,B8:27:EB:7C:81:10,-53, WPA ,0.000000,0.000000,0.000,0.000,AP
2026-04-08 13:11:17,1900-01-00 00:00:00,,C4:CB:76:AF:5C:A8,-55,,0.000000,0.000000,0.000,0.000,Client
2026-04-08 13:11:17,1900-01-00 00:00:00,1019-wombat,B8:27:EB:7C:81:10,-55, WPA ,0.000000,0.000000,0.000,0.000,AP
2026-04-08 13:11:17,1900-01-00 00:00:00,1019-wombat,B8:27:EB:7C:81:10,-54, WPA ,0.000000,0.000000,0.000,0.000,AP
2026-04-08 13:11:17,1900-01-00 00:00:00,,C4:CB:76:AF:5C:A8,-57,,0.000000,0.000000,0.000,0.000,Client
2026-04-08 13:11:17,1900-01-00 00:00:00,1019-wombat,B8:27:EB:7C:81:10,-52, WPA ,0.000000,0.000000,0.000,0.000,AP
2026-04-08 13:11:17,1900-01-00 00:00:00,,C4:CB:76:AF:5C:A8,-55,,0.000000,0.000000,0.000,0.000,Client
2026-04-08 13:11:17,1900-01-00 00:00:00,1019-wombat,B8:27:EB:7C:81:10,-52, WPA ,0.000000,0.000000,0.000,0.000,AP
2026-04-08 13:11:17,1900-01-00 00:00:00,1019-wombat,B8:27:EB:7C:81:10,-52, WPA ,0.000000,0.000000,0.000,0.000,AP
2026-04-08 13:11:17,1900-01-00 00:00:00,,C4:CB:76:AF:5C:A8,-55,,0.000000,0.000000,0.000,0.000,Client
2026-04-08 13:11:17,1900-01-00 00:00:00,1019-wombat,B8:27:EB:7C:81:10,-53, WPA ,0.000000,0.000000,0.000,0.000,AP
2026-04-08 13:11:17,1900-01-00 00:00:00,1019-wombat,B8:27:EB:7C:81:10,-50, WPA ,0.000000,0.000000,0.000,0.000,AP
2026-04-08 13:11:17,1900-01-00 00:00:00,,C4:CB:76:AF:5C:A8,-50,,0.000000,0.000000,0.000,0.000,Client
2026-04-08 13:11:17,1900-01-00 00:00:00,1019-wombat,B8:27:EB:7C:81:10,-50, WPA ,0.000000,0.000000,0.000,0.000,AP
2026-04-08 13:11:17,1900-01-00 00:00:00,,C4:CB:76:AF:5C:A8,-50,,0.000000,0.000000,0.000,0.000,Client
2026-04-08 13:11:17,1900-01-00 00:00:00,1019-wombat,B8:27:EB:7C:81:10,-50, WPA ,0.000000,0.000000,0.000,0.000,AP
2026-04-08 13:11:17,1900-01-00 00:00:00,,C4:CB:76:AF:5C:A8,-50,,0.000000,0.000000,0.000,0.000,Client
2026-04-08 13:11:17,1900-01-00 00:00:00,1019-wombat,B8:27:EB:7C:81:10,-50, WPA ,0.000000,0.000000,0.000,0.000,AP
2026-04-08 13:11:17,1900-01-00 00:00:00,,C4:CB:76:AF:5C:A8,-42,,0.000000,0.000000,0.000,0.000,Client
2026-04-08 13:11:17,1900-01-00 00:00:00,1019-wombat,B8:27:EB:7C:81:10,-60, WPA ,0.000000,0.000000,0.000,0.000,AP
2026-04-08 13:11:17,1900-01-00 00:00:00,,C4:CB:76:AF:5C:A8,-60,,0.000000,0.000000,0.000,0.000,Client
2026-04-08 13:11:17,1900-01-00 00:00:00,1019-wombat,B8:27:EB:7C:81:10,-54, WPA ,0.000000,0.000000,0.000,0.000,AP
2026-04-08 13:11:17,1900-01-00 00:00:00,1019-wombat,B8:27:EB:7C:81:10,-54, WPA ,0.000000,0.000000,0.000,0.000,AP
2026-04-08 13:11:17,1900-01-00 00:00:00,,C4:CB:76:AF:5C:A8,-54,,0.000000,0.000000,0.000,0.000,Client
2026-04-08 13:11:17,1900-01-00 00:00:00,1019-wombat,B8:27:EB:7C:81:10,-54, WPA ,0.000000,0.000000,0.000,0.000,AP
2026-04-08 13:11:17,1900-01-00 00:00:00,,C4:CB:76:AF:5C:A8,-54,,0.000000,0.000000,0.000,0.000,Client
2026-04-08 13:11:17,1900-01-00 00:00:00,1019-wombat,B8:27:EB:7C:81:10,-30, WPA ,0.000000,0.000000,0.000,0.000,AP
2026-04-08 13:11:17,1900-01-00 00:00:00,,C4:CB:76:AF:5C:A8,-30,,0.000000,0.000000,0.000,0.000,Client
2026-04-08 13:11:17,1900-01-00 00:00:00,1019-wombat,B8:27:EB:7C:81:10,-59, WPA ,0.000000,0.000000,0.000,0.000,AP
2026-04-08 13:11:17,1900-01-00 00:00:00,,C4:CB:76:AF:5C:A8,-59,,0.000000,0.000000,0.000,0.000,Client
2026-04-08 13:11:17,1900-01-00 00:00:00,1019-wombat,B8:27:EB:7C:81:10,-54, WPA ,0.000000,0.000000,0.000,0.000,AP
2026-04-08 13:11:17,1900-01-00 00:00:00,,C4:CB:76:AF:5C:A8,-54,,0.000000,0.000000,0.000,0.000,Client
2026-04-08 13:11:17,1900-01-00 00:00:00,1019-wombat,B8:27:EB:7C:81:10,-54, WPA ,0.000000,0.000000,0.000,0.000,AP
2026-04-08 13:11:17,1900-01-00 00:00:00,,C4:CB:76:AF:5C:A8,-54,,0.000000,0.000000,0.000,0.000,Client
2026-04-08 13:11:17,1900-01-00 00:00:00,1019-wombat,B8:27:EB:7C:81:10,-54, WPA ,0.000000,0.000000,0.000,0.000,AP
2026-04-08 13:11:17,1900-01-00 00:00:00,,C4:CB:76:AF:5C:A8,-39,,0.000000,0.000000,0.000,0.000,Client
2026-04-08 13:11:17,1900-01-00 00:00:00,1019-wombat,B8:27:EB:7C:81:10,-63, WPA ,0.000000,0.000000,0.000,0.000,AP
2026-04-08 13:11:17,1900-01-00 00:00:00,,C4:CB:76:AF:5C:A8,-63,,0.000000,0.000000,0.000,0.000,Client
2026-04-08 13:11:17,1900-01-00 00:00:00,1019-wombat,B8:27:EB:7C:81:10,-63, WPA ,0.000000,0.000000,0.000,0.000,AP
2026-04-08 13:11:17,1900-01-00 00:00:00,,C4:CB:76:AF:5C:A8,-63,,0.000000,0.000000,0.000,0.000,Client
2026-04-08 13:11:17,1900-01-00 00:00:00,1019-wombat,B8:27:EB:7C:81:10,-54, WPA ,0.000000,0.000000,0.000,0.000,AP
2026-04-08 13:11:17,1900-01-00 00:00:00,,C4:CB:76:AF:5C:A8,-54,,0.000000,0.000000,0.000,0.000,Client
2026-04-08 13:11:17,1900-01-00 00:00:00,1019-wombat,B8:27:EB:7C:81:10,-53, WPA ,0.000000,0.000000,0.000,0.000,AP
2026-04-08 13:11:17,1900-01-00 00:00:00,,C4:CB:76:AF:5C:A8,-53,,0.000000,0.000000,0.000,0.000,Client
2026-04-08 13:11:17,1900-01-00 00:00:00,1019-wombat,B8:27:EB:7C:81:10,-53, WPA ,0.000000,0.000000,0.000,0.000,AP
2026-04-08 13:11:17,1900-01-00 00:00:00,,C4:CB:76:AF:5C:A8,-53,,0.000000,0.000000,0.000,0.000,Client
2026-04-08 13:11:17,1900-01-00 00:00:00,1019-wombat,B8:27:EB:7C:81:10,-39, WPA ,0.000000,0.000000,0.000,0.000,AP
2026-04-08 13:11:17,1900-01-00 00:00:00,,C4:CB:76:AF:5C:A8,-50,,0.000000,0.000000,0.000,0.000,Client
2026-04-08 13:11:17,1900-01-00 00:00:00,1019-wombat,B8:27:EB:7C:81:10,-50, WPA ,0.000000,0.000000,0.000,0.000,AP
2026-04-08 13:11:17,1900-01-00 00:00:00,,C4:CB:76:AF:5C:A8,-50,,0.000000,0.000000,0.000,0.000,Client
2026-04-08 13:11:17,1900-01-00 00:00:00,1019-wombat,B8:27:EB:7C:81:10,-54, WPA ,0.000000,0.000000,0.000,0.000,AP
2026-04-08 13:11:17,1900-01-00 00:00:00,,C4:CB:76:AF:5C:A8,-54,,0.000000,0.000000,0.000,0.000,Client
2026-04-08 13:11:17,1900-01-00 00:00:00,1019-wombat,B8:27:EB:7C:81:10,-54, WPA ,0.000000,0.000000,0.000,0.000,AP
2026-04-08 13:11:17,1900-01-00 00:00:00,,C4:CB:76:AF:5C:A8,-54,,0.000000,0.000000,0.000,0.000,Client
2026-04-08 13:11:17,1900-01-00 00:00:00,1019-wombat,B8:27:EB:7C:81:10,-54, WPA ,0.000000,0.000000,0.000,0.000,AP
2026-04-08 13:11:17,1900-01-00 00:00:00,,C4:CB:76:AF:5C:A8,-54,,0.000000,0.000000,0.000,0.000,Client
2026-04-08 13:11:17,1900-01-00 00:00:00,1019-wombat,B8:27:EB:7C:81:10,-54, WPA ,0.000000,0.000000,0.000,0.000,AP
2026-04-08 13:11:17,1900-01-00 00:00:00,,C4:CB:76:AF:5C:A8,-54,,0.000000,0.000000,0.000,0.000,Client
2026-04-08 13:11:17,1900-01-00 00:00:00,1019-wombat,B8:27:EB:7C:81:10,-42, WPA ,0.000000,0.000000,0.000,0.000,AP
2026-04-08 13:11:17,1900-01-00 00:00:00,,C4:CB:76:AF:5C:A8,-42,,0.000000,0.000000,0.000,0.000,Client
2026-04-08 13:11:17,1900-01-00 00:00:00,1019-wombat,B8:27:EB:7C:81:10,-54, WPA ,0.000000,0.000000,0.000,0.000,AP
2026-04-08 13:11:17,1900-01-00 00:00:00,1019-wombat,B8:27:EB:7C:81:10,-54, WPA ,0.000000,0.000000,0.000,0.000,AP
2026-04-08 13:11:17,1900-01-00 00:00:00,,C4:CB:76:AF:5C:A8,-54,,0.000000,0.000000,0.000,0.000,Client
2026-04-08 13:11:17,1900-01-00 00:00:00,1019-wombat,B8:27:EB:7C:81:10,-54, WPA ,0.000000,0.000000,0.000,0.000,AP
2026-04-08 13:11:17,1900-01-00 00:00:00,,C4:CB:76:AF:5C:A8,-54,,0.000000,0.000000,0.000,0.000,Client
2026-04-08 13:11:17,1900-01-00 00:00:00,1019-wombat,B8:27:EB:7C:81:10,-30, WPA ,0.000000,0.000000,0.000,0.000,AP
2026-04-08 13:11:17,1900-01-00 00:00:00,,C4:CB:76:AF:5C:A8,-30,,0.000000,0.000000,0.000,0.000,Client
2026-04-08 13:11:17,1900-01-00 00:00:00,1019-wombat,B8:27:EB:7C:81:10,-30, WPA ,0.000000,0.000000,0.000,0.000,AP
2026-04-08 13:11:17,1900-01-00 00:00:00,,C4:CB:76:AF:5C:A8,-30,,0.000000,0.000000,0.000,0.000,Client
2026-04-08 13:11:17,1900-01-00 00:00:00,1019-wombat,B8:27:EB:7C:81:10,-30, WPA ,0.000000,0.000000,0.000,0.000,AP
2026-04-08 13:11:17,1900-01-00 00:00:00,,C4:CB:76:AF:5C:A8,-30,,0.000000,0.000000,0.000,0.000,Client
2026-04-08 13:11:17,1900-01-00 00:00:00,1019-wombat,B8:27:EB:7C:81:10,-30, WPA ,0.000000,0.000000,0.000,0.000,AP
2026-04-08 13:11:17,1900-01-00 00:00:00,,C4:CB:76:AF:5C:A8,-54,,0.000000,0.000000,0.000,0.000,Client
2026-04-08 13:11:17,1900-01-00 00:00:00,1019-wombat,B8:27:EB:7C:81:10,-54, WPA ,0.000000,0.000000,0.000,0.000,AP
2026-04-08 13:11:17,1900-01-00 00:00:00,,C4:CB:76:AF:5C:A8,-54,,0.000000,0.000000,0.000,0.000,Client
2026-04-08 13:11:17,1900-01-00 00:00:00,1019-wombat,B8:27:EB:7C:81:10,-39, WPA ,0.000000,0.000000,0.000,0.000,AP
2026-04-08 13:11:17,1900-01-00 00:00:00,,C4:CB:76:AF:5C:A8,-39,,0.000000,0.000000,0.000,0.000,Client
2026-04-08 13:11:17,1900-01-00 00:00:00,1019-wombat,B8:27:EB:7C:81:10,-39, WPA ,0.000000,0.000000,0.000,0.000,AP
2026-04-08 13:11:17,1900-01-00 00:00:00,,C4:CB:76:AF:5C:A8,-39,,0.000000,0.000000,0.000,0.000,Client
2026-04-08 13:11:17,1900-01-00 00:00:00,1019-wombat,B8:27:EB:7C:81:10,-39, WPA ,0.000000,0.000000,0.000,0.000,AP
2026-04-08 13:11:17,1900-01-00 00:00:00,,C4:CB:76:AF:5C:A8,-39,,0.000000,0.000000,0.000,0.000,Client
2026-04-08 13:11:17,1900-01-00 00:00:00,1019-wombat,B8:27:EB:7C:81:10,-39, WPA ,0.000000,0.000000,0.000,0.000,AP
2026-04-08 13:11:17,1900-01-00 00:00:00,,C4:CB:76:AF:5C:A8,-54,,0.000000,0.000000,0.000,0.000,Client
2026-04-08 13:11:17,1900-01-00 00:00:00,1019-wombat,B8:27:EB:7C:81:10,-54, WPA ,0.000000,0.000000,0.000,0.000,AP
2026-04-08 13:11:17,1900-01-00 00:00:00,,C4:CB:76:AF:5C:A8,-54,,0.000000,0.000000,0.000,0.000,Client
2026-04-08 13:11:17,1900-01-00 00:00:00,1019-wombat,B8:27:EB:7C:81:10,-54, WPA ,0.000000,0.000000,0.000,0.000,AP
2026-04-08 13:11:17,1900-01-00 00:00:00,,C4:CB:76:AF:5C:A8,-54,,0.000000,0.000000,0.000,0.000,Client
2026-04-08 13:11:17,1900-01-00 00:00:00,1019-wombat,B8:27:EB:7C:81:10,-52, WPA ,0.000000,0.000000,0.000,0.000,AP
2026-04-08 13:11:17,1900-01-00 00:00:00,,C4:CB:76:AF:5C:A8,-52,,0.000000,0.000000,0.000,0.000,Client
2026-04-08 13:11:17,1900-01-00 00:00:00,1019-wombat,B8:27:EB:7C:81:10,-52, WPA ,0.000000,0.000000,0.000,0.000,AP
2026-04-08 13:11:17,1900-01-00 00:00:00,,C4:CB:76:AF:5C:A8,-52,,0.000000,0.000000,0.000,0.000,Client
2026-04-08 13:11:17,1900-01-00 00:00:00,1019-wombat,B8:27:EB:7C:81:10,-52, WPA ,0.000000,0.000000,0.000,0.000,AP
2026-04-08 13:11:17,1900-01-00 00:00:00,,C4:CB:76:AF:5C:A8,-53,,0.000000,0.000000,0.000,0.000,Client
2026-04-08 13:11:17,1900-01-00 00:00:00,1019-wombat,B8:27:EB:7C:81:10,-53, WPA ,0.000000,0.000000,0.000,0.000,AP
2026-04-08 13:11:17,1900-01-00 00:00:00,,C4:CB:76:AF:5C:A8,-53,,0.000000,0.000000,0.000,0.000,Client
2026-04-08 13:11:17,1900-01-00 00:00:00,1019-wombat,B8:27:EB:7C:81:10,-53, WPA ,0.000000,0.000000,0.000,0.000,AP
2026-04-08 13:11:17,1900-01-00 00:00:00,,C4:CB:76:AF:5C:A8,-53,,0.000000,0.000000,0.000,0.000,Client
2026-04-08 13:11:17,1900-01-00 00:00:00,1019-wombat,B8:27:EB:7C:81:10,-53, WPA ,0.000000,0.000000,0.000,0.000,AP
2026-04-08 13:11:17,1900-01-00 00:00:00,,C4:CB:76:AF:5C:A8,-41,,0.000000,0.000000,0.000,0.000,Client
2026-04-08 13:11:17,1900-01-00 00:00:00,1019-wombat,B8:27:EB:7C:81:10,-41, WPA ,0.000000,0.000000,0.000,0.000,AP
2026-04-08 13:11:17,1900-01-00 00:00:00,1019-wombat,B8:27:EB:7C:81:10,-54, WPA ,0.000000,0.000000,0.000,0.000,AP
2026-04-08 13:11:17,1900-01-00 00:00:00,,C4:CB:76:AF:5C:A8,-54,,0.000000,0.000000,0.000,0.000,Client
2026-04-08 13:11:17,1900-01-00 00:00:00,1019-wombat,B8:27:EB:7C:81:10,-54, WPA ,0.000000,0.000000,0.000,0.000,AP
2026-04-08 13:11:17,1900-01-00 00:00:00,,C4:CB:76:AF:5C:A8,-54,,0.000000,0.000000,0.000,0.000,Client
2026-04-08 13:11:17,1900-01-00 00:00:00,1019-wombat,B8:27:EB:7C:81:10,-54, WPA ,0.000000,0.000000,0.000,0.000,AP
2026-04-08 13:11:17,1900-01-00 00:00:00,,C4:CB:76:AF:5C:A8,-30,,0.000000,0.000000,0.000,0.000,Client
2026-04-08 13:11:17,1900-01-00 00:00:00,1019-wombat,B8:27:EB:7C:81:10,-30, WPA ,0.000000,0.000000,0.000,0.000,AP
2026-04-08 13:11:17,1900-01-00 00:00:00,,C4:CB:76:AF:5C:A8,-30,,0.000000,0.000000,0.000,0.000,Client
2026-04-08 13:11:17,1900-01-00 00:00:00,1019-wombat,B8:27:EB:7C:81:10,-30, WPA ,0.000000,0.000000,0.000,0.000,AP
2026-04-08 13:11:17,1900-01-00 00:00:00,,C4:CB:76:AF:5C:A8,-30,,0.000000,0.000000,0.000,0.000,Client
2026-04-08 13:11:17,1900-01-00 00:00:00,1019-wombat,B8:27:EB:7C:81:10,-30, WPA ,0.000000,0.000000,0.000,0.000,AP
2026-04-08 13:11:17,1900-01-00 00:00:00,,C4:CB:76:AF:5C:A8,-30,,0.000000,0.000000,0.000,0.000,Client
2026-04-08 13:11:17,1900-01-00 00:00:00,1019-wombat,B8:27:EB:7C:81:10,-30, WPA ,0.000000,0.000000,0.000,0.000,AP
2026-04-08 13:11:17,1900-01-00 00:00:00,,C4:CB:76:AF:5C:A8,-54,,0.000000,0.000000,0.000,0.000,Client
2026-04-08 13:11:17,1900-01-00 00:00:00,1019-wombat,B8:27:EB:7C:81:10,-54, WPA ,0.000000,0.000000,0.000,0.000,AP
2026-04-08 13:11:17,1900-01-00 00:00:00,,C4:CB:76:AF:5C:A8,-40,,0.000000,0.000000,0.000,0.000,Client
2026-04-08 13:11:17,1900-01-00 00:00:00,1019-wombat,B8:27:EB:7C:81:10,-40, WPA ,0.000000,0.000000,0.000,0.000,AP
2026-04-08 13:11:17,1900-01-00 00:00:00,,C4:CB:76:AF:5C:A8,-40,,0.000000,0.000000,0.000,0.000,Client
2026-04-08 13:11:17,1900-01-00 00:00:00,1019-wombat,B8:27:EB:7C:81:10,-40, WPA ,0.000000,0.000000,0.000,0.000,AP
2026-04-08 13:11:17,1900-01-00 00:00:00,,C4:CB:76:AF:5C:A8,-40,,0.000000,0.000000,0.000,0.000,Client
2026-04-08 13:11:17,1900-01-00 00:00:00,1019-wombat,B8:27:EB:7C:81:10,-54, WPA ,0.000000,0.000000,0.000,0.000,AP
2026-04-08 13:11:17,1900-01-00 00:00:00,,C4:CB:76:AF:5C:A8,-54,,0.000000,0.000000,0.000,0.000,Client
2026-04-08 13:11:17,1900-01-00 00:00:00,1019-wombat,B8:27:EB:7C:81:10,-54, WPA ,0.000000,0.000000,0.000,0.000,AP
2026-04-08 13:11:17,1900-01-00 00:00:00,,C4:CB:76:AF:5C:A8,-52,,0.000000,0.000000,0.000,0.000,Client
2026-04-08 13:11:17,1900-01-00 00:00:00,1019-wombat,B8:27:EB:7C:81:10,-52, WPA ,0.000000,0.000000,0.000,0.000,AP
2026-04-08 13:11:17,1900-01-00 00:00:00,,C4:CB:76:AF:5C:A8,-52,,0.000000,0.000000,0.000,0.000,Client
2026-04-08 13:11:17,1900-01-00 00:00:00,1019-wombat,B8:27:EB:7C:81:10,-52, WPA ,0.000000,0.000000,0.000,0.000,AP
2026-04-08 13:11:17,1900-01-00 00:00:00,,C4:CB:76:AF:5C:A8,-53,,0.000000,0.000000,0.000,0.000,Client
2026-04-08 13:11:17,1900-01-00 00:00:00,1019-wombat,B8:27:EB:7C:81:10,-53, WPA ,0.000000,0.000000,0.000,0.000,AP
2026-04-08 13:11:17,1900-01-00 00:00:00,,C4:CB:76:AF:5C:A8,-51,,0.000000,0.000000,0.000,0.000,Client
2026-04-08 13:11:17,1900-01-00 00:00:00,1019-wombat,B8:27:EB:7C:81:10,-51, WPA ,0.000000,0.000000,0.000,0.000,AP
2026-04-08 13:11:17,1900-01-00 00:00:00,,C4:CB:76:AF:5C:A8,-54,,0.000000,0.000000,0.000,0.000,Client
2026-04-08 13:11:17,1900-01-00 00:00:00,1019-wombat,B8:27:EB:7C:81:10,-54, WPA ,0.000000,0.000000,0.000,0.000,AP
2026-04-08 13:11:17,1900-01-00 00:00:00,,C4:CB:76:AF:5C:A8,-54,,0.000000,0.000000,0.000,0.000,Client
2026-04-08 13:11:17,1900-01-00 00:00:00,1019-wombat,B8:27:EB:7C:81:10,-54, WPA ,0.000000,0.000000,0.000,0.000,AP
2026-04-08 13:11:17,1900-01-00 00:00:00,,C4:CB:76:AF:5C:A8,-51,,0.000000,0.000000,0.000,0.000,Client
2026-04-08 13:11:17,1900-01-00 00:00:00,1019-wombat,B8:27:EB:7C:81:10,-51, WPA ,0.000000,0.000000,0.000,0.000,AP
2026-04-08 13:11:17,1900-01-00 00:00:00,,C4:CB:76:AF:5C:A8,-51,,0.000000,0.000000,0.000,0.000,Client
2026-04-08 13:11:17,1900-01-00 00:00:00,1019-wombat,B8:27:EB:7C:81:10,-41, WPA ,0.000000,0.000000,0.000,0.000,AP
2026-04-08 13:11:17,1900-01-00 00:00:00,,C4:CB:76:AF:5C:A8,-41,,0.000000,0.000000,0.000,0.000,Client
2026-04-08 13:11:17,1900-01-00 00:00:00,1019-wombat,B8:27:EB:7C:81:10,-54, WPA ,0.000000,0.000000,0.000,0.000,AP
2026-04-08 13:11:17,1900-01-00 00:00:00,1019-wombat,B8:27:EB:7C:81:10,-54, WPA ,0.000000,0.000000,0.000,0.000,AP
2026-04-08 13:11:17,1900-01-00 00:00:00,,C4:CB:76:AF:5C:A8,-51,,0.000000,0.000000,0.000,0.000,Client
2026-04-08 13:11:18,1900-01-00 00:00:00,,C4:CB:76:AF:5C:A8,-57,,0.000000,0.000000,0.000,0.000,Client
2026-04-08 13:11:18,1900-01-00 00:00:00,1019-wombat,B8:27:EB:7C:81:10,-54, WPA ,0.000000,0.000000,0.000,0.000,AP
2026-04-08 13:11:18,1900-01-00 00:00:00,1019-wombat,B8:27:EB:7C:81:10,-54, WPA ,0.000000,0.000000,0.000,0.000,AP
2026-04-08 13:11:18,1900-01-00 00:00:00,1019-wombat,B8:27:EB:7C:81:10,-55, WPA ,0.000000,0.000000,0.000,0.000,AP
2026-04-08 13:11:18,1900-01-00 00:00:00,1019-wombat,B8:27:EB:7C:81:10,-54, WPA ,0.000000,0.000000,0.000,0.000,AP
2026-04-08 13:11:18,1900-01-00 00:00:00,,C4:CB:76:AF:5C:A8,-54,,0.000000,0.000000,0.000,0.000,Client
2026-04-08 13:11:18,1900-01-00 00:00:00,1019-wombat,B8:27:EB:7C:81:10,-50, WPA ,0.000000,0.000000,0.000,0.000,AP
2026-04-08 13:11:18,1900-01-00 00:00:00,,C4:CB:76:AF:5C:A8,-50,,0.000000,0.000000,0.000,0.000,Client
2026-04-08 13:11:18,1900-01-00 00:00:00,1019-wombat,B8:27:EB:7C:81:10,-50, WPA ,0.000000,0.000000,0.000,0.000,AP
2026-04-08 13:11:18,1900-01-00 00:00:00,,C4:CB:76:AF:5C:A8,-41,,0.000000,0.000000,0.000,0.000,Client
2026-04-08 13:11:18,1900-01-00 00:00:00,1019-wombat,B8:27:EB:7C:81:10,-41, WPA ,0.000000,0.000000,0.000,0.000,AP
2026-04-08 13:11:18,1900-01-00 00:00:00,,C4:CB:76:AF:5C:A8,-41,,0.000000,0.000000,0.000,0.000,Client
2026-04-08 13:11:18,1900-01-00 00:00:00,1019-wombat,B8:27:EB:7C:81:10,-54, WPA ,0.000000,0.000000,0.000,0.000,AP
2026-04-08 13:11:18,1900-01-00 00:00:00,1019-wombat,B8:27:EB:7C:81:10,-54, WPA ,0.000000,0.000000,0.000,0.000,AP
2026-04-08 13:11:18,1900-01-00 00:00:00,,C4:CB:76:AF:5C:A8,-54,,0.000000,0.000000,0.000,0.000,Client
2026-04-08 13:11:18,1900-01-00 00:00:00,1019-wombat,B8:27:EB:7C:81:10,-54, WPA ,0.000000,0.000000,0.000,0.000,AP
2026-04-08 13:11:18,1900-01-00 00:00:00,,C4:CB:76:AF:5C:A8,-54,,0.000000,0.000000,0.000,0.000,Client
2026-04-08 13:11:18,1900-01-00 00:00:00,1019-wombat,B8:27:EB:7C:81:10,-31, WPA ,0.000000,0.000000,0.000,0.000,AP
2026-04-08 13:11:18,1900-01-00 00:00:00,,C4:CB:76:AF:5C:A8,-31,,0.000000,0.000000,0.000,0.000,Client
2026-04-08 13:11:18,1900-01-00 00:00:00,1019-wombat,B8:27:EB:7C:81:10,-31, WPA ,0.000000,0.000000,0.000,0.000,AP
2026-04-08 13:11:18,1900-01-00 00:00:00,,C4:CB:76:AF:5C:A8,-31,,0.000000,0.000000,0.000,0.000,Client
2026-04-08 13:11:18,1900-01-00 00:00:00,1019-wombat,B8:27:EB:7C:81:10,-51, WPA ,0.000000,0.000000,0.000,0.000,AP
2026-04-08 13:11:18,1900-01-00 00:00:00,,C4:CB:76:AF:5C:A8,-51,,0.000000,0.000000,0.000,0.000,Client
2026-04-08 13:11:18,1900-01-00 00:00:00,1019-wombat,B8:27:EB:7C:81:10,-51, WPA ,0.000000,0.000000,0.000,0.000,AP
2026-04-08 13:11:18,1900-01-00 00:00:00,,C4:CB:76:AF:5C:A8,-51,,0.000000,0.000000,0.000,0.000,Client
2026-04-08 13:11:18,1900-01-00 00:00:00,1019-wombat,B8:27:EB:7C:81:10,-51, WPA ,0.000000,0.000000,0.000,0.000,AP
2026-04-08 13:11:18,1900-01-00 00:00:00,,C4:CB:76:AF:5C:A8,-40,,0.000000,0.000000,0.000,0.000,Client
2026-04-08 13:11:18,1900-01-00 00:00:00,1019-wombat,B8:27:EB:7C:81:10,-51, WPA ,0.000000,0.000000,0.000,0.000,AP
2026-04-08 13:11:18,1900-01-00 00:00:00,,C4:CB:76:AF:5C:A8,-54,,0.000000,0.000000,0.000,0.000,Client
2026-04-08 13:11:18,1900-01-00 00:00:00,1019-wombat,B8:27:EB:7C:81:10,-54, WPA ,0.000000,0.000000,0.000,0.000,AP
2026-04-08 13:11:18,1900-01-00 00:00:00,,C4:CB:76:AF:5C:A8,-54,,0.000000,0.000000,0.000,0.000,Client
2026-04-08 13:11:18,1900-01-00 00:00:00,1019-wombat,B8:27:EB:7C:81:10,-54, WPA ,0.000000,0.000000,0.000,0.000,AP
2026-04-08 13:11:18,1900-01-00 00:00:00,,C4:CB:76:AF:5C:A8,-54,,0.000000,0.000000,0.000,0.000,Client
2026-04-08 13:11:18,1900-01-00 00:00:00,1019-wombat,B8:27:EB:7C:81:10,-54, WPA ,0.000000,0.000000,0.000,0.000,AP
2026-04-08 13:11:18,1900-01-00 00:00:00,,C4:CB:76:AF:5C:A8,-54,,0.000000,0.000000,0.000,0.000,Client
2026-04-08 13:11:18,1900-01-00 00:00:00,1019-wombat,B8:27:EB:7C:81:10,-54, WPA ,0.000000,0.000000,0.000,0.000,AP
2026-04-08 13:11:18,1900-01-00 00:00:00,,C4:CB:76:AF:5C:A8,-54,,0.000000,0.000000,0.000,0.000,Client
2026-04-08 13:11:18,1900-01-00 00:00:00,1019-wombat,B8:27:EB:7C:81:10,-54, WPA ,0.000000,0.000000,0.000,0.000,AP
2026-04-08 13:11:18,1900-01-00 00:00:00,,C4:CB:76:AF:5C:A8,-54,,0.000000,0.000000,0.000,0.000,Client
2026-04-08 13:11:18,1900-01-00 00:00:00,1019-wombat,B8:27:EB:7C:81:10,-52, WPA ,0.000000,0.000000,0.000,0.000,AP
2026-04-08 13:11:18,1900-01-00 00:00:00,,C4:CB:76:AF:5C:A8,-52,,0.000000,0.000000,0.000,0.000,Client
2026-04-08 13:11:18,1900-01-00 00:00:00,1019-wombat,B8:27:EB:7C:81:10,-52, WPA ,0.000000,0.000000,0.000,0.000,AP
2026-04-08 13:11:18,1900-01-00 00:00:00,,C4:CB:76:AF:5C:A8,-54,,0.000000,0.000000,0.000,0.000,Client
2026-04-08 13:11:18,1900-01-00 00:00:00,1019-wombat,B8:27:EB:7C:81:10,-54, WPA ,0.000000,0.000000,0.000,0.000,AP
2026-04-08 13:11:18,1900-01-00 00:00:00,,C4:CB:76:AF:5C:A8,-54,,0.000000,0.000000,0.000,0.000,Client
2026-04-08 13:11:18,1900-01-00 00:00:00,1019-wombat,B8:27:EB:7C:81:10,-54, WPA ,0.000000,0.000000,0.000,0.000,AP
2026-04-08 13:11:18,1900-01-00 00:00:00,,C4:CB:76:AF:5C:A8,-54,,0.000000,0.000000,0.000,0.000,Client
2026-04-08 13:11:18,1900-01-00 00:00:00,1019-wombat,B8:27:EB:7C:81:10,-54, WPA ,0.000000,0.000000,0.000,0.000,AP
2026-04-08 13:11:18,1900-01-00 00:00:00,,C4:CB:76:AF:5C:A8,-54,,0.000000,0.000000,0.000,0.000,Client
2026-04-08 13:11:18,1900-01-00 00:00:00,1019-wombat,B8:27:EB:7C:81:10,-42, WPA ,0.000000,0.000000,0.000,0.000,AP
2026-04-08 13:11:18,1900-01-00 00:00:00,,C4:CB:76:AF:5C:A8,-42,,0.000000,0.000000,0.000,0.000,Client
2026-04-08 13:11:18,1900-01-00 00:00:00,1019-wombat,B8:27:EB:7C:81:10,-54, WPA ,0.000000,0.000000,0.000,0.000,AP
2026-04-08 13:11:18,1900-01-00 00:00:00,1019-wombat,B8:27:EB:7C:81:10,-54, WPA ,0.000000,0.000000,0.000,0.000,AP
2026-04-08 13:11:18,1900-01-00 00:00:00,,C4:CB:76:AF:5C:A8,-54,,0.000000,0.000000,0.000,0.000,Client
2026-04-08 13:11:18,1900-01-00 00:00:00,1019-wombat,B8:27:EB:7C:81:10,-54, WPA ,0.000000,0.000000,0.000,0.000,AP
2026-04-08 13:11:18,1900-01-00 00:00:00,,C4:CB:76:AF:5C:A8,-54,,0.000000,0.000000,0.000,0.000,Client
2026-04-08 13:11:18,1900-01-00 00:00:00,1019-wombat,B8:27:EB:7C:81:10,-31, WPA ,0.000000,0.000000,0.000,0.000,AP
2026-04-08 13:11:18,1900-01-00 00:00:00,,C4:CB:76:AF:5C:A8,-31,,0.000000,0.000000,0.000,0.000,Client
2026-04-08 13:11:18,1900-01-00 00:00:00,1019-wombat,B8:27:EB:7C:81:10,-31, WPA ,0.000000,0.000000,0.000,0.000,AP
2026-04-08 13:11:18,1900-01-00 00:00:00,,C4:CB:76:AF:5C:A8,-54,,0.000000,0.000000,0.000,0.000,Client
2026-04-08 13:11:18,1900-01-00 00:00:00,1019-wombat,B8:27:EB:7C:81:10,-54, WPA ,0.000000,0.000000,0.000,0.000,AP
2026-04-08 13:11:18,1900-01-00 00:00:00,,C4:CB:76:AF:5C:A8,-54,,0.000000,0.000000,0.000,0.000,Client
2026-04-08 13:11:18,1900-01-00 00:00:00,1019-wombat,B8:27:EB:7C:81:10,-54, WPA ,0.000000,0.000000,0.000,0.000,AP
2026-04-08 13:11:18,1900-01-00 00:00:00,,C4:CB:76:AF:5C:A8,-54,,0.000000,0.000000,0.000,0.000,Client
2026-04-08 13:11:18,1900-01-00 00:00:00,1019-wombat,B8:27:EB:7C:81:10,-54, WPA ,0.000000,0.000000,0.000,0.000,AP
2026-04-08 13:11:18,1900-01-00 00:00:00,,C4:CB:76:AF:5C:A8,-54,,0.000000,0.000000,0.000,0.000,Client
2026-04-08 13:11:18,1900-01-00 00:00:00,1019-wombat,B8:27:EB:7C:81:10,-40, WPA ,0.000000,0.000000,0.000,0.000,AP
2026-04-08 13:11:18,1900-01-00 00:00:00,,C4:CB:76:AF:5C:A8,-40,,0.000000,0.000000,0.000,0.000,Client
2026-04-08 13:11:18,1900-01-00 00:00:00,1019-wombat,B8:27:EB:7C:81:10,-40, WPA ,0.000000,0.000000,0.000,0.000,AP
2026-04-08 13:11:18,1900-01-00 00:00:00,,C4:CB:76:AF:5C:A8,-40,,0.000000,0.000000,0.000,0.000,Client
2026-04-08 13:11:18,1900-01-00 00:00:00,1019-wombat,B8:27:EB:7C:81:10,-54, WPA ,0.000000,0.000000,0.000,0.000,AP
2026-04-08 13:11:18,1900-01-00 00:00:00,,C4:CB:76:AF:5C:A8,-54,,0.000000,0.000000,0.000,0.000,Client
2026-04-08 13:11:18,1900-01-00 00:00:00,1019-wombat,B8:27:EB:7C:81:10,-54, WPA ,0.000000,0.000000,0.000,0.000,AP
2026-04-08 13:11:18,1900-01-00 00:00:00,,C4:CB:76:AF:5C:A8,-54,,0.000000,0.000000,0.000,0.000,Client
2026-04-08 13:11:18,1900-01-00 00:00:00,1019-wombat,B8:27:EB:7C:81:10,-54, WPA ,0.000000,0.000000,0.000,0.000,AP
2026-04-08 13:11:18,1900-01-00 00:00:00,,C4:CB:76:AF:5C:A8,-54,,0.000000,0.000000,0.000,0.000,Client
2026-04-08 13:11:18,1900-01-00 00:00:00,1019-wombat,B8:27:EB:7C:81:10,-54, WPA ,0.000000,0.000000,0.000,0.000,AP
2026-04-08 13:11:18,1900-01-00 00:00:00,,C4:CB:76:AF:5C:A8,-54,,0.000000,0.000000,0.000,0.000,Client
2026-04-08 13:11:18,1900-01-00 00:00:00,1019-wombat,B8:27:EB:7C:81:10,-53, WPA ,0.000000,0.000000,0.000,0.000,AP
2026-04-08 13:11:18,1900-01-00 00:00:00,,C4:CB:76:AF:5C:A8,-53,,0.000000,0.000000,0.000,0.000,Client
2026-04-08 13:11:18,1900-01-00 00:00:00,1019-wombat,B8:27:EB:7C:81:10,-53, WPA ,0.000000,0.000000,0.000,0.000,AP
2026-04-08 13:11:18,1900-01-00 00:00:00,,C4:CB:76:AF:5C:A8,-53,,0.000000,0.000000,0.000,0.000,Client
2026-04-08 13:11:18,1900-01-00 00:00:00,1019-wombat,B8:27:EB:7C:81:10,-53, WPA ,0.000000,0.000000,0.000,0.000,AP
2026-04-08 13:11:18,1900-01-00 00:00:00,,C4:CB:76:AF:5C:A8,-53,,0.000000,0.000000,0.000,0.000,Client
2026-04-08 13:11:18,1900-01-00 00:00:00,1019-wombat,B8:27:EB:7C:81:10,-53, WPA ,0.000000,0.000000,0.000,0.000,AP
2026-04-08 13:11:18,1900-01-00 00:00:00,,C4:CB:76:AF:5C:A8,-53,,0.000000,0.000000,0.000,0.000,Client
2026-04-08 13:11:18,1900-01-00 00:00:00,1019-wombat,B8:27:EB:7C:81:10,-53, WPA ,0.000000,0.000000,0.000,0.000,AP
2026-04-08 13:11:18,1900-01-00 00:00:00,,C4:CB:76:AF:5C:A8,-53,,0.000000,0.000000,0.000,0.000,Client
2026-04-08 13:11:18,1900-01-00 00:00:00,1019-wombat,B8:27:EB:7C:81:10,-53, WPA ,0.000000,0.000000,0.000,0.000,AP
2026-04-08 13:11:18,1900-01-00 00:00:00,,C4:CB:76:AF:5C:A8,-42,,0.000000,0.000000,0.000,0.000,Client
2026-04-08 13:11:18,1900-01-00 00:00:00,1019-wombat,B8:27:EB:7C:81:10,-57, WPA ,0.000000,0.000000,0.000,0.000,AP
2026-04-08 13:11:18,1900-01-00 00:00:00,1019-wombat,B8:27:EB:7C:81:10,-53, WPA ,0.000000,0.000000,0.000,0.000,AP
2026-04-08 13:11:18,1900-01-00 00:00:00,1019-wombat,B8:27:EB:7C:81:10,-54, WPA ,0.000000,0.000000,0.000,0.000,AP
2026-04-08 13:11:18,1900-01-00 00:00:00,,C4:CB:76:AF:5C:A8,-57,,0.000000,0.000000,0.000,0.000,Client
2026-04-08 13:11:18,1900-01-00 00:00:00,1019-wombat,B8:27:EB:7C:81:10,-57, WPA ,0.000000,0.000000,0.000,0.000,AP
2026-04-08 13:11:18,1900-01-00 00:00:00,,C4:CB:76:AF:5C:A8,-57,,0.000000,0.000000,0.000,0.000,Client
2026-04-08 13:11:18,1900-01-00 00:00:00,1019-wombat,B8:27:EB:7C:81:10,-57, WPA ,0.000000,0.000000,0.000,0.000,AP
2026-04-08 13:11:18,1900-01-00 00:00:00,,C4:CB:76:AF:5C:A8,-31,,0.000000,0.000000,0.000,0.000,Client
2026-04-08 13:11:18,1900-01-00 00:00:00,1019-wombat,B8:27:EB:7C:81:10,-53, WPA ,0.000000,0.000000,0.000,0.000,AP
2026-04-08 13:11:18,1900-01-00 00:00:00,1019-wombat,B8:27:EB:7C:81:10,-59, WPA ,0.000000,0.000000,0.000,0.000,AP
2026-04-08 13:11:18,1900-01-00 00:00:00,,C4:CB:76:AF:5C:A8,-59,,0.000000,0.000000,0.000,0.000,Client
2026-04-08 13:11:18,1900-01-00 00:00:00,1019-wombat,B8:27:EB:7C:81:10,-59, WPA ,0.000000,0.000000,0.000,0.000,AP
2026-04-08 13:11:18,1900-01-00 00:00:00,,C4:CB:76:AF:5C:A8,-59,,0.000000,0.000000,0.000,0.000,Client
2026-04-08 13:11:18,1900-01-00 00:00:00,1019-wombat,B8:27:EB:7C:81:10,-53, WPA ,0.000000,0.000000,0.000,0.000,AP
2026-04-08 13:11:18,1900-01-00 00:00:00,,C4:CB:76:AF:5C:A8,-59,,0.000000,0.000000,0.000,0.000,Client
2026-04-08 13:11:18,1900-01-00 00:00:00,1019-wombat,B8:27:EB:7C:81:10,-59, WPA ,0.000000,0.000000,0.000,0.000,AP
2026-04-08 13:11:18,1900-01-00 00:00:00,,C4:CB:76:AF:5C:A8,-59,,0.000000,0.000000,0.000,0.000,Client
2026-04-08 13:11:18,1900-01-00 00:00:00,1019-wombat,B8:27:EB:7C:81:10,-39, WPA ,0.000000,0.000000,0.000,0.000,AP
2026-04-08 13:11:18,1900-01-00 00:00:00,,C4:CB:76:AF:5C:A8,-39,,0.000000,0.000000,0.000,0.000,Client
2026-04-08 13:11:18,1900-01-00 00:00:00,1019-wombat,B8:27:EB:7C:81:10,-39, WPA ,0.000000,0.000000,0.000,0.000,AP
2026-04-08 13:11:18,1900-01-00 00:00:00,,C4:CB:76:AF:5C:A8,-39,,0.000000,0.000000,0.000,0.000,Client
2026-04-08 13:11:18,1900-01-00 00:00:00,1019-wombat,B8:27:EB:7C:81:10,-39, WPA ,0.000000,0.000000,0.000,0.000,AP
2026-04-08 13:11:18,1900-01-00 00:00:00,,C4:CB:76:AF:5C:A8,-39,,0.000000,0.000000,0.000,0.000,Client
2026-04-08 13:11:18,1900-01-00 00:00:00,1019-wombat,B8:27:EB:7C:81:10,-39, WPA ,0.000000,0.000000,0.000,0.000,AP
2026-04-08 13:11:18,1900-01-00 00:00:00,,C4:CB:76:AF:5C:A8,-54,,0.000000,0.000000,0.000,0.000,Client
2026-04-08 13:11:18,1900-01-00 00:00:00,1019-wombat,B8:27:EB:7C:81:10,-54, WPA ,0.000000,0.000000,0.000,0.000,AP
2026-04-08 13:11:18,1900-01-00 00:00:00,,C4:CB:76:AF:5C:A8,-54,,0.000000,0.000000,0.000,0.000,Client
2026-04-08 13:11:18,1900-01-00 00:00:00,1019-wombat,B8:27:EB:7C:81:10,-53, WPA ,0.000000,0.000000,0.000,0.000,AP
2026-04-08 13:11:18,1900-01-00 00:00:00,,C4:CB:76:AF:5C:A8,-53,,0.000000,0.000000,0.000,0.000,Client
2026-04-08 13:11:18,1900-01-00 00:00:00,1019-wombat,B8:27:EB:7C:81:10,-53, WPA ,0.000000,0.000000,0.000,0.000,AP
2026-04-08 13:11:18,1900-01-00 00:00:00,,C4:CB:76:AF:5C:A8,-52,,0.000000,0.000000,0.000,0.000,Client
2026-04-08 13:11:18,1900-01-00 00:00:00,1019-wombat,B8:27:EB:7C:81:10,-52, WPA ,0.000000,0.000000,0.000,0.000,AP
2026-04-08 13:11:18,1900-01-00 00:00:00,,C4:CB:76:AF:5C:A8,-52,,0.000000,0.000000,0.000,0.000,Client
2026-04-08 13:11:18,1900-01-00 00:00:00,1019-wombat,B8:27:EB:7C:81:10,-52, WPA ,0.000000,0.000000,0.000,0.000,AP
2026-04-08 13:11:18,1900-01-00 00:00:00,,C4:CB:76:AF:5C:A8,-52,,0.000000,0.000000,0.000,0.000,Client
2026-04-08 13:11:18,1900-01-00 00:00:00,1019-wombat,B8:27:EB:7C:81:10,-52, WPA ,0.000000,0.000000,0.000,0.000,AP
2026-04-08 13:11:18,1900-01-00 00:00:00,,C4:CB:76:AF:5C:A8,-52,,0.000000,0.000000,0.000,0.000,Client
2026-04-08 13:11:18,1900-01-00 00:00:00,1019-wombat,B8:27:EB:7C:81:10,-53, WPA ,0.000000,0.000000,0.000,0.000,AP
2026-04-08 13:11:18,1900-01-00 00:00:00,,C4:CB:76:AF:5C:A8,-53,,0.000000,0.000000,0.000,0.000,Client
2026-04-08 13:11:18,1900-01-00 00:00:00,1019-wombat,B8:27:EB:7C:81:10,-53, WPA ,0.000000,0.000000,0.000,0.000,AP
2026-04-08 13:11:18,1900-01-00 00:00:00,,C4:CB:76:AF:5C:A8,-41,,0.000000,0.000000,0.000,0.000,Client
2026-04-08 13:11:18,1900-01-00 00:00:00,1019-wombat,B8:27:EB:7C:81:10,-40, WPA ,0.000000,0.000000,0.000,0.000,AP
2026-04-08 13:11:18,1900-01-00 00:00:00,,C4:CB:76:AF:5C:A8,-40,,0.000000,0.000000,0.000,0.000,Client
2026-04-08 13:11:18,1900-01-00 00:00:00,1019-wombat,B8:27:EB:7C:81:10,-53, WPA ,0.000000,0.000000,0.000,0.000,AP
2026-04-08 13:11:18,1900-01-00 00:00:00,1019-wombat,B8:27:EB:7C:81:10,-53, WPA ,0.000000,0.000000,0.000,0.000,AP
2026-04-08 13:11:18,1900-01-00 00:00:00,,C4:CB:76:AF:5C:A8,-53,,0.000000,0.000000,0.000,0.000,Client
2026-04-08 13:11:18,1900-01-00 00:00:00,1019-wombat,B8:27:EB:7C:81:10,-53, WPA ,0.000000,0.000000,0.000,0.000,AP
2026-04-08 13:11:18,1900-01-00 00:00:00,,C4:CB:76:AF:5C:A8,-53,,0.000000,0.000000,0.000,0.000,Client
2026-04-08 13:11:18,1900-01-00 00:00:00,1019-wombat,B8:27:EB:7C:81:10,-54, WPA ,0.000000,0.000000,0.000,0.000,AP
2026-04-08 13:11:18,1900-01-00 00:00:00,1019-wombat,B8:27:EB:7C:81:10,-49, WPA ,0.000000,0.000000,0.000,0.000,AP
2026-04-08 13:11:18,1900-01-00 00:00:00,,C4:CB:76:AF:5C:A8,-49,,0.000000,0.000000,0.000,0.000,Client
2026-04-08 13:11:18,1900-01-00 00:00:00,1019-wombat,B8:27:EB:7C:81:10,-41, WPA ,0.000000,0.000000,0.000,0.000,AP
2026-04-08 13:11:18,1900-01-00 00:00:00,,C4:CB:76:AF:5C:A8,-41,,0.000000,0.000000,0.000,0.000,Client
2026-04-08 13:11:18,1900-01-00 00:00:00,1019-wombat,B8:27:EB:7C:81:10,-41, WPA ,0.000000,0.000000,0.000,0.000,AP
2026-04-08 13:11:18,1900-01-00 00:00:00,1019-wombat,B8:27:EB:7C:81:10,-54, WPA ,0.000000,0.000000,0.000,0.000,AP
2026-04-08 13:11:18,1900-01-00 00:00:00,,C4:CB:76:AF:5C:A8,-54,,0.000000,0.000000,0.000,0.000,Client
2026-04-08 13:11:18,1900-01-00 00:00:00,1019-wombat,B8:27:EB:7C:81:10,-54, WPA ,0.000000,0.000000,0.000,0.000,AP
2026-04-08 13:11:18,1900-01-00 00:00:00,,C4:CB:76:AF:5C:A8,-54,,0.000000,0.000000,0.000,0.000,Client
2026-04-08 13:11:18,1900-01-00 00:00:00,1019-wombat,B8:27:EB:7C:81:10,-54, WPA ,0.000000,0.000000,0.000,0.000,AP
2026-04-08 13:11:18,1900-01-00 00:00:00,,C4:CB:76:AF:5C:A8,-32,,0.000000,0.000000,0.000,0.000,Client
2026-04-08 13:11:18,1900-01-00 00:00:00,1019-wombat,B8:27:EB:7C:81:10,-32, WPA ,0.000000,0.000000,0.000,0.000,AP
2026-04-08 13:11:18,1900-01-00 00:00:00,,C4:CB:76:AF:5C:A8,-32,,0.000000,0.000000,0.000,0.000,Client
2026-04-08 13:11:18,1900-01-00 00:00:00,1019-wombat,B8:27:EB:7C:81:10,-32, WPA ,0.000000,0.000000,0.000,0.000,AP
2026-04-08 13:11:18,1900-01-00 00:00:00,,C4:CB:76:AF:5C:A8,-32,,0.000000,0.000000,0.000,0.000,Client
2026-04-08 13:11:18,1900-01-00 00:00:00,1019-wombat,B8:27:EB:7C:81:10,-32, WPA ,0.000000,0.000000,0.000,0.000,AP
2026-04-08 13:11:18,1900-01-00 00:00:00,,C4:CB:76:AF:5C:A8,-32,,0.000000,0.000000,0.000,0.000,Client
2026-04-08 13:11:18,1900-01-00 00:00:00,1019-wombat,B8:27:EB:7C:81:10,-51, WPA ,0.000000,0.000000,0.000,0.000,AP
2026-04-08 13:11:18,1900-01-00 00:00:00,,C4:CB:76:AF:5C:A8,-51,,0.000000,0.000000,0.000,0.000,Client
2026-04-08 13:11:18,1900-01-00 00:00:00,1019-wombat,B8:27:EB:7C:81:10,-40, WPA ,0.000000,0.000000,0.000,0.000,AP
2026-04-08 13:11:18,1900-01-00 00:00:00,,C4:CB:76:AF:5C:A8,-40,,0.000000,0.000000,0.000,0.000,Client
2026-04-08 13:11:18,1900-01-00 00:00:00,1019-wombat,B8:27:EB:7C:81:10,-40, WPA ,0.000000,0.000000,0.000,0.000,AP
2026-04-08 13:11:18,1900-01-00 00:00:00,,C4:CB:76:AF:5C:A8,-40,,0.000000,0.000000,0.000,0.000,Client
2026-04-08 13:11:18,1900-01-00 00:00:00,1019-wombat,B8:27:EB:7C:81:10,-51, WPA ,0.000000,0.000000,0.000,0.000,AP
2026-04-08 13:11:18,1900-01-00 00:00:00,,C4:CB:76:AF:5C:A8,-51,,0.000000,0.000000,0.000,0.000,Client
2026-04-08 13:11:18,1900-01-00 00:00:00,1019-wombat,B8:27:EB:7C:81:10,-51, WPA ,0.000000,0.000000,0.000,0.000,AP
2026-04-08 13:11:18,1900-01-00 00:00:00,,C4:CB:76:AF:5C:A8,-55,,0.000000,0.000000,0.000,0.000,Client
2026-04-08 13:11:18,1900-01-00 00:00:00,1019-wombat,B8:27:EB:7C:81:10,-55, WPA ,0.000000,0.000000,0.000,0.000,AP
2026-04-08 13:11:18,1900-01-00 00:00:00,,C4:CB:76:AF:5C:A8,-55,,0.000000,0.000000,0.000,0.000,Client
2026-04-08 13:11:18,1900-01-00 00:00:00,1019-wombat,B8:27:EB:7C:81:10,-55, WPA ,0.000000,0.000000,0.000,0.000,AP
2026-04-08 13:11:18,1900-01-00 00:00:00,,C4:CB:76:AF:5C:A8,-55,,0.000000,0.000000,0.000,0.000,Client
2026-04-08 13:11:18,1900-01-00 00:00:00,1019-wombat,B8:27:EB:7C:81:10,-55, WPA ,0.000000,0.000000,0.000,0.000,AP
2026-04-08 13:11:18,1900-01-00 00:00:00,,C4:CB:76:AF:5C:A8,-52,,0.000000,0.000000,0.000,0.000,Client
2026-04-08 13:11:18,1900-01-00 00:00:00,1019-wombat,B8:27:EB:7C:81:10,-52, WPA ,0.000000,0.000000,0.000,0.000,AP
2026-04-08 13:11:18,1900-01-00 00:00:00,,C4:CB:76:AF:5C:A8,-55,,0.000000,0.000000,0.000,0.000,Client
2026-04-08 13:11:18,1900-01-00 00:00:00,1019-wombat,B8:27:EB:7C:81:10,-55, WPA ,0.000000,0.000000,0.000,0.000,AP
2026-04-08 13:11:18,1900-01-00 00:00:00,,C4:CB:76:AF:5C:A8,-55,,0.000000,0.000000,0.000,0.000,Client
2026-04-08 13:11:18,1900-01-00 00:00:00,1019-wombat,B8:27:EB:7C:81:10,-55, WPA ,0.000000,0.000000,0.000,0.000,AP
2026-04-08 13:11:18,1900-01-00 00:00:00,,C4:CB:76:AF:5C:A8,-55,,0.000000,0.000000,0.000,0.000,Client
2026-04-08 13:11:18,1900-01-00 00:00:00,1019-wombat,B8:27:EB:7C:81:10,-55, WPA ,0.000000,0.000000,0.000,0.000,AP
2026-04-08 13:11:18,1900-01-00 00:00:00,,C4:CB:76:AF:5C:A8,-55,,0.000000,0.000000,0.000,0.000,Client
2026-04-08 13:11:18,1900-01-00 00:00:00,1019-wombat,B8:27:EB:7C:81:10,-55, WPA ,0.000000,0.000000,0.000,0.000,AP
2026-04-08 13:11:18,1900-01-00 00:00:00,,C4:CB:76:AF:5C:A8,-42,,0.000000,0.000000,0.000,0.000,Client
2026-04-08 13:11:18,1900-01-00 00:00:00,1019-wombat,B8:27:EB:7C:81:10,-42, WPA ,0.000000,0.000000,0.000,0.000,AP
2026-04-08 13:11:18,1900-01-00 00:00:00,,C4:CB:76:AF:5C:A8,-42,,0.000000,0.000000,0.000,0.000,Client
2026-04-08 13:11:18,1900-01-00 00:00:00,1019-wombat,B8:27:EB:7C:81:10,-55, WPA ,0.000000,0.000000,0.000,0.000,AP
2026-04-08 13:11:18,1900-01-00 00:00:00,1019-wombat,B8:27:EB:7C:81:10,-55, WPA ,0.000000,0.000000,0.000,0.000,AP
2026-04-08 13:11:18,1900-01-00 00:00:00,,C4:CB:76:AF:5C:A8,-55,,0.000000,0.000000,0.000,0.000,Client
2026-04-08 13:11:18,1900-01-00 00:00:00,1019-wombat,B8:27:EB:7C:81:10,-55, WPA ,0.000000,0.000000,0.000,0.000,AP
2026-04-08 13:11:18,1900-01-00 00:00:00,,C4:CB:76:AF:5C:A8,-33,,0.000000,0.000000,0.000,0.000,Client
2026-04-08 13:11:18,1900-01-00 00:00:00,1019-wombat,B8:27:EB:7C:81:10,-33, WPA ,0.000000,0.000000,0.000,0.000,AP
2026-04-08 13:11:18,1900-01-00 00:00:00,,C4:CB:76:AF:5C:A8,-33,,0.000000,0.000000,0.000,0.000,Client
2026-04-08 13:11:18,1900-01-00 00:00:00,1019-wombat,B8:27:EB:7C:81:10,-33, WPA ,0.000000,0.000000,0.000,0.000,AP
2026-04-08 13:11:18,1900-01-00 00:00:00,,C4:CB:76:AF:5C:A8,-33,,0.000000,0.000000,0.000,0.000,Client
2026-04-08 13:11:18,1900-01-00 00:00:00,1019-wombat,B8:27:EB:7C:81:10,-33, WPA ,0.000000,0.000000,0.000,0.000,AP
2026-04-08 13:11:18,1900-01-00 00:00:00,,C4:CB:76:AF:5C:A8,-33,,0.000000,0.000000,0.000,0.000,Client
2026-04-08 13:11:18,1900-01-00 00:00:00,1019-wombat,B8:27:EB:7C:81:10,-33, WPA ,0.000000,0.000000,0.000,0.000,AP
2026-04-08 13:11:18,1900-01-00 00:00:00,,C4:CB:76:AF:5C:A8,-33,,0.000000,0.000000,0.000,0.000,Client
2026-04-08 13:11:18,1900-01-00 00:00:00,1019-wombat,B8:27:EB:7C:81:10,-33, WPA ,0.000000,0.000000,0.000,0.000,AP
2026-04-08 13:11:18,1900-01-00 00:00:00,,C4:CB:76:AF:5C:A8,-41,,0.000000,0.000000,0.000,0.000,Client
2026-04-08 13:11:18,1900-01-00 00:00:00,1019-wombat,B8:27:EB:7C:81:10,-41, WPA ,0.000000,0.000000,0.000,0.000,AP
2026-04-08 13:11:18,1900-01-00 00:00:00,,C4:CB:76:AF:5C:A8,-41,,0.000000,0.000000,0.000,0.000,Client
2026-04-08 13:11:18,1900-01-00 00:00:00,1019-wombat,B8:27:EB:7C:81:10,-41, WPA ,0.000000,0.000000,0.000,0.000,AP
2026-04-08 13:11:18,1900-01-00 00:00:00,,C4:CB:76:AF:5C:A8,-41,,0.000000,0.000000,0.000,0.000,Client
2026-04-08 13:11:18,1900-01-00 00:00:00,1019-wombat,B8:27:EB:7C:81:10,-41, WPA ,0.000000,0.000000,0.000,0.000,AP
2026-04-08 13:11:18,1900-01-00 00:00:00,,C4:CB:76:AF:5C:A8,-41,,0.000000,0.000000,0.000,0.000,Client
2026-04-08 13:11:18,1900-01-00 00:00:00,1019-wombat,B8:27:EB:7C:81:10,-41, WPA ,0.000000,0.000000,0.000,0.000,AP
2026-04-08 13:11:18,1900-01-00 00:00:00,,C4:CB:76:AF:5C:A8,-56,,0.000000,0.000000,0.000,0.000,Client
2026-04-08 13:11:18,1900-01-00 00:00:00,1019-wombat,B8:27:EB:7C:81:10,-56, WPA ,0.000000,0.000000,0.000,0.000,AP
2026-04-08 13:11:18,1900-01-00 00:00:00,,C4:CB:76:AF:5C:A8,-56,,0.000000,0.000000,0.000,0.000,Client
2026-04-08 13:11:18,1900-01-00 00:00:00,1019-wombat,B8:27:EB:7C:81:10,-56, WPA ,0.000000,0.000000,0.000,0.000,AP
2026-04-08 13:11:18,1900-01-00 00:00:00,,C4:CB:76:AF:5C:A8,-56,,0.000000,0.000000,0.000,0.000,Client
2026-04-08 13:11:18,1900-01-00 00:00:00,1019-wombat,B8:27:EB:7C:81:10,-52, WPA ,0.000000,0.000000,0.000,0.000,AP
2026-04-08 13:11:18,1900-01-00 00:00:00,,C4:CB:76:AF:5C:A8,-56,,0.000000,0.000000,0.000,0.000,Client
2026-04-08 13:11:18,1900-01-00 00:00:00,1019-wombat,B8:27:EB:7C:81:10,-56, WPA ,0.000000,0.000000,0.000,0.000,AP
2026-04-08 13:11:18,1900-01-00 00:00:00,,C4:CB:76:AF:5C:A8,-56,,0.000000,0.000000,0.000,0.000,Client
2026-04-08 13:11:18,1900-01-00 00:00:00,1019-wombat,B8:27:EB:7C:81:10,-56, WPA ,0.000000,0.000000,0.000,0.000,AP
2026-04-08 13:11:18,1900-01-00 00:00:00,,C4:CB:76:AF:5C:A8,-56,,0.000000,0.000000,0.000,0.000,Client
2026-04-08 13:11:18,1900-01-00 00:00:00,1019-wombat,B8:27:EB:7C:81:10,-56, WPA ,0.000000,0.000000,0.000,0.000,AP
2026-04-08 13:11:18,1900-01-00 00:00:00,,C4:CB:76:AF:5C:A8,-57,,0.000000,0.000000,0.000,0.000,Client
2026-04-08 13:11:18,1900-01-00 00:00:00,1019-wombat,B8:27:EB:7C:81:10,-57, WPA ,0.000000,0.000000,0.000,0.000,AP
2026-04-08 13:11:18,1900-01-00 00:00:00,,C4:CB:76:AF:5C:A8,-57,,0.000000,0.000000,0.000,0.000,Client
2026-04-08 13:11:18,1900-01-00 00:00:00,1019-wombat,B8:27:EB:7C:81:10,-42, WPA ,0.000000,0.000000,0.000,0.000,AP
2026-04-08 13:11:18,1900-01-00 00:00:00,,C4:CB:76:AF:5C:A8,-42,,0.000000,0.000000,0.000,0.000,Client
2026-04-08 13:11:18,1900-01-00 00:00:00,1019-wombat,B8:27:EB:7C:81:10,-42, WPA ,0.000000,0.000000,0.000,0.000,AP
2026-04-08 13:11:18,1900-01-00 00:00:00,1019-wombat,B8:27:EB:7C:81:10,-56, WPA ,0.000000,0.000000,0.000,0.000,AP
2026-04-08 13:11:18,1900-01-00 00:00:00,,C4:CB:76:AF:5C:A8,-56,,0.000000,0.000000,0.000,0.000,Client
2026-04-08 13:11:18,1900-01-00 00:00:00,1019-wombat,B8:27:EB:7C:81:10,-56, WPA ,0.000000,0.000000,0.000,0.000,AP
2026-04-08 13:11:18,1900-01-00 00:00:00,,C4:CB:76:AF:5C:A8,-56,,0.000000,0.000000,0.000,0.000,Client
2026-04-08 13:11:18,1900-01-00 00:00:00,1019-wombat,B8:27:EB:7C:81:10,-56, WPA ,0.000000,0.000000,0.000,0.000,AP
2026-04-08 13:11:18,1900-01-00 00:00:00,,C4:CB:76:AF:5C:A8,-32,,0.000000,0.000000,0.000,0.000,Client
2026-04-08 13:11:18,1900-01-00 00:00:00,1019-wombat,B8:27:EB:7C:81:10,-32, WPA ,0.000000,0.000000,0.000,0.000,AP
2026-04-08 13:11:18,1900-01-00 00:00:00,,C4:CB:76:AF:5C:A8,-32,,0.000000,0.000000,0.000,0.000,Client
2026-04-08 13:11:18,1900-01-00 00:00:00,1019-wombat,B8:27:EB:7C:81:10,-32, WPA ,0.000000,0.000000,0.000,0.000,AP
2026-04-08 13:11:18,1900-01-00 00:00:00,,C4:CB:76:AF:5C:A8,-32,,0.000000,0.000000,0.000,0.000,Client
2026-04-08 13:11:18,1900-01-00 00:00:00,1019-wombat,B8:27:EB:7C:81:10,-32, WPA ,0.000000,0.000000,0.000,0.000,AP
2026-04-08 13:11:18,1900-01-00 00:00:00,,C4:CB:76:AF:5C:A8,-32,,0.000000,0.000000,0.000,0.000,Client
2026-04-08 13:11:18,1900-01-00 00:00:00,1019-wombat,B8:27:EB:7C:81:10,-32, WPA ,0.000000,0.000000,0.000,0.000,AP
2026-04-08 13:11:18,1900-01-00 00:00:00,,C4:CB:76:AF:5C:A8,-32,,0.000000,0.000000,0.000,0.000,Client
2026-04-08 13:11:18,1900-01-00 00:00:00,1019-wombat,B8:27:EB:7C:81:10,-41, WPA ,0.000000,0.000000,0.000,0.000,AP
2026-04-08 13:11:18,1900-01-00 00:00:00,,C4:CB:76:AF:5C:A8,-41,,0.000000,0.000000,0.000,0.000,Client
2026-04-08 13:11:18,1900-01-00 00:00:00,1019-wombat,B8:27:EB:7C:81:10,-41, WPA ,0.000000,0.000000,0.000,0.000,AP
2026-04-08 13:11:18,1900-01-00 00:00:00,,C4:CB:76:AF:5C:A8,-41,,0.000000,0.000000,0.000,0.000,Client
2026-04-08 13:11:18,1900-01-00 00:00:00,1019-wombat,B8:27:EB:7C:81:10,-41, WPA ,0.000000,0.000000,0.000,0.000,AP
2026-04-08 13:11:18,1900-01-00 00:00:00,,C4:CB:76:AF:5C:A8,-41,,0.000000,0.000000,0.000,0.000,Client
2026-04-08 13:11:18,1900-01-00 00:00:00,1019-wombat,B8:27:EB:7C:81:10,-41, WPA ,0.000000,0.000000,0.000,0.000,AP
2026-04-08 13:11:18,1900-01-00 00:00:00,,C4:CB:76:AF:5C:A8,-41,,0.000000,0.000000,0.000,0.000,Client
2026-04-08 13:11:18,1900-01-00 00:00:00,1019-wombat,B8:27:EB:7C:81:10,-56, WPA ,0.000000,0.000000,0.000,0.000,AP
2026-04-08 13:11:18,1900-01-00 00:00:00,,C4:CB:76:AF:5C:A8,-56,,0.000000,0.000000,0.000,0.000,Client
2026-04-08 13:11:18,1900-01-00 00:00:00,1019-wombat,B8:27:EB:7C:81:10,-56, WPA ,0.000000,0.000000,0.000,0.000,AP
2026-04-08 13:11:18,1900-01-00 00:00:00,,C4:CB:76:AF:5C:A8,-56,,0.000000,0.000000,0.000,0.000,Client
2026-04-08 13:11:18,1900-01-00 00:00:00,1019-wombat,B8:27:EB:7C:81:10,-56, WPA ,0.000000,0.000000,0.000,0.000,AP
2026-04-08 13:11:18,1900-01-00 00:00:00,,C4:CB:76:AF:5C:A8,-53,,0.000000,0.000000,0.000,0.000,Client
2026-04-08 13:11:18,1900-01-00 00:00:00,1019-wombat,B8:27:EB:7C:81:10,-56, WPA ,0.000000,0.000000,0.000,0.000,AP
2026-04-08 13:11:18,1900-01-00 00:00:00,,C4:CB:76:AF:5C:A8,-56,,0.000000,0.000000,0.000,0.000,Client
2026-04-08 13:11:18,1900-01-00 00:00:00,1019-wombat,B8:27:EB:7C:81:10,-56, WPA ,0.000000,0.000000,0.000,0.000,AP
2026-04-08 13:11:18,1900-01-00 00:00:00,,C4:CB:76:AF:5C:A8,-57,,0.000000,0.000000,0.000,0.000,Client
2026-04-08 13:11:18,1900-01-00 00:00:00,1019-wombat,B8:27:EB:7C:81:10,-57, WPA ,0.000000,0.000000,0.000,0.000,AP
2026-04-08 13:11:18,1900-01-00 00:00:00,,C4:CB:76:AF:5C:A8,-57,,0.000000,0.000000,0.000,0.000,Client
2026-04-08 13:11:18,1900-01-00 00:00:00,1019-wombat,B8:27:EB:7C:81:10,-57, WPA ,0.000000,0.000000,0.000,0.000,AP
2026-04-08 13:11:18,1900-01-00 00:00:00,,C4:CB:76:AF:5C:A8,-57,,0.000000,0.000000,0.000,0.000,Client
2026-04-08 13:11:18,1900-01-00 00:00:00,1019-wombat,B8:27:EB:7C:81:10,-57, WPA ,0.000000,0.000000,0.000,0.000,AP
2026-04-08 13:11:18,1900-01-00 00:00:00,,C4:CB:76:AF:5C:A8,-57,,0.000000,0.000000,0.000,0.000,Client
2026-04-08 13:11:18,1900-01-00 00:00:00,1019-wombat,B8:27:EB:7C:81:10,-42, WPA ,0.000000,0.000000,0.000,0.000,AP
2026-04-08 13:11:18,1900-01-00 00:00:00,,C4:CB:76:AF:5C:A8,-56,,0.000000,0.000000,0.000,0.000,Client
2026-04-08 13:11:18,1900-01-00 00:00:00,1019-wombat,B8:27:EB:7C:81:10,-56, WPA ,0.000000,0.000000,0.000,0.000,AP
2026-04-08 13:11:18,1900-01-00 00:00:00,1019-wombat,B8:27:EB:7C:81:10,-56, WPA ,0.000000,0.000000,0.000,0.000,AP
2026-04-08 13:11:18,1900-01-00 00:00:00,,C4:CB:76:AF:5C:A8,-56,,0.000000,0.000000,0.000,0.000,Client
2026-04-08 13:11:18,1900-01-00 00:00:00,1019-wombat,B8:27:EB:7C:81:10,-56, WPA ,0.000000,0.000000,0.000,0.000,AP
2026-04-08 13:11:18,1900-01-00 00:00:00,,C4:CB:76:AF:5C:A8,-56,,0.000000,0.000000,0.000,0.000,Client
2026-04-08 13:11:18,1900-01-00 00:00:00,1019-wombat,B8:27:EB:7C:81:10,-30, WPA ,0.000000,0.000000,0.000,0.000,AP
2026-04-08 13:11:18,1900-01-00 00:00:00,,C4:CB:76:AF:5C:A8,-30,,0.000000,0.000000,0.000,0.000,Client
2026-04-08 13:11:19,1900-01-00 00:00:00,1019-wombat,B8:27:EB:7C:81:10,-55, WPA ,0.000000,0.000000,0.000,0.000,AP
2026-04-08 13:11:19,1900-01-00 00:00:00,1019-wombat,B8:27:EB:7C:81:10,-54, WPA ,0.000000,0.000000,0.000,0.000,AP
2026-04-08 13:11:19,1900-01-00 00:00:00,,C4:CB:76:AF:5C:A8,-57,,0.000000,0.000000,0.000,0.000,Client
2026-04-08 13:11:19,1900-01-00 00:00:00,,C4:CB:76:AF:5C:A8,-52,,0.000000,0.000000,0.000,0.000,Client
2026-04-08 13:11:19,1900-01-00 00:00:00,,C4:CB:76:AF:5C:A8,-57,,0.000000,0.000000,0.000,0.000,Client
2026-04-08 13:11:19,1900-01-00 00:00:00,1019-wombat,B8:27:EB:7C:81:10,-52, WPA ,0.000000,0.000000,0.000,0.000,AP
2026-04-08 13:11:19,1900-01-00 00:00:00,1019-wombat,B8:27:EB:7C:81:10,-52, WPA ,0.000000,0.000000,0.000,0.000,AP
2026-04-08 13:11:19,1900-01-00 00:00:00,1019-wombat,B8:27:EB:7C:81:10,-52, WPA ,0.000000,0.000000,0.000,0.000,AP
2026-04-08 13:11:19,1900-01-00 00:00:00,,C4:CB:76:AF:5C:A8,-57,,0.000000,0.000000,0.000,0.000,Client
2026-04-08 13:11:19,1900-01-00 00:00:00,1019-wombat,B8:27:EB:7C:81:10,-52, WPA ,0.000000,0.000000,0.000,0.000,AP
2026-04-08 13:11:19,1900-01-00 00:00:00,,C4:CB:76:AF:5C:A8,-57,,0.000000,0.000000,0.000,0.000,Client
2026-04-08 13:11:19,1900-01-00 00:00:00,1019-wombat,B8:27:EB:7C:81:10,-53, WPA ,0.000000,0.000000,0.000,0.000,AP
2026-04-08 13:11:19,1900-01-00 00:00:00,1019-wombat,B8:27:EB:7C:81:10,-53, WPA ,0.000000,0.000000,0.000,0.000,AP
2026-04-08 13:11:19,1900-01-00 00:00:00,,C4:CB:76:AF:5C:A8,-55,,0.000000,0.000000,0.000,0.000,Client
2026-04-08 13:11:19,1900-01-00 00:00:00,1019-wombat,B8:27:EB:7C:81:10,-52, WPA ,0.000000,0.000000,0.000,0.000,AP
2026-04-08 13:11:19,1900-01-00 00:00:00,,C4:CB:76:AF:5C:A8,-56,,0.000000,0.000000,0.000,0.000,Client
2026-04-08 13:11:19,1900-01-00 00:00:00,1019-wombat,B8:27:EB:7C:81:10,-53, WPA ,0.000000,0.000000,0.000,0.000,AP
2026-04-08 13:11:19,1900-01-00 00:00:00,,C4:CB:76:AF:5C:A8,-57,,0.000000,0.000000,0.000,0.000,Client
2026-04-08 13:11:19,1900-01-00 00:00:00,1019-wombat,B8:27:EB:7C:81:10,-53, WPA ,0.000000,0.000000,0.000,0.000,AP
2026-04-08 13:11:19,1900-01-00 00:00:00,,C4:CB:76:AF:5C:A8,-57,,0.000000,0.000000,0.000,0.000,Client
2026-04-08 13:11:19,1900-01-00 00:00:00,1019-wombat,B8:27:EB:7C:81:10,-54, WPA ,0.000000,0.000000,0.000,0.000,AP
2026-04-08 13:11:19,1900-01-00 00:00:00,1019-wombat,B8:27:EB:7C:81:10,-53, WPA ,0.000000,0.000000,0.000,0.000,AP
2026-04-08 13:11:19,1900-01-00 00:00:00,,C4:CB:76:AF:5C:A8,-57,,0.000000,0.000000,0.000,0.000,Client
2026-04-08 13:11:19,1900-01-00 00:00:00,1019-wombat,B8:27:EB:7C:81:10,-54, WPA ,0.000000,0.000000,0.000,0.000,AP
2026-04-08 13:11:19,1900-01-00 00:00:00,,C4:CB:76:AF:5C:A8,-58,,0.000000,0.000000,0.000,0.000,Client
2026-04-08 13:11:19,1900-01-00 00:00:00,1019-wombat,B8:27:EB:7C:81:10,-54, WPA ,0.000000,0.000000,0.000,0.000,AP
2026-04-08 13:11:19,1900-01-00 00:00:00,,C4:CB:76:AF:5C:A8,-57,,0.000000,0.000000,0.000,0.000,Client
2026-04-08 13:11:19,1900-01-00 00:00:00,1019-wombat,B8:27:EB:7C:81:10,-55, WPA ,0.000000,0.000000,0.000,0.000,AP
2026-04-08 13:11:19,1900-01-00 00:00:00,1019-wombat,B8:27:EB:7C:81:10,-55, WPA ,0.000000,0.000000,0.000,0.000,AP
2026-04-08 13:11:19,1900-01-00 00:00:00,,C4:CB:76:AF:5C:A8,-57,,0.000000,0.000000,0.000,0.000,Client
2026-04-08 13:11:19,1900-01-00 00:00:00,1019-wombat,B8:27:EB:7C:81:10,-54, WPA ,0.000000,0.000000,0.000,0.000,AP
2026-04-08 13:11:19,1900-01-00 00:00:00,,C4:CB:76:AF:5C:A8,-57,,0.000000,0.000000,0.000,0.000,Client
2026-04-08 13:11:19,1900-01-00 00:00:00,,C4:CB:76:AF:5C:A8,-54,,0.000000,0.000000,0.000,0.000,Client
2026-04-08 13:11:19,1900-01-00 00:00:00,,C4:CB:76:AF:5C:A8,-57,,0.000000,0.000000,0.000,0.000,Client
2026-04-08 13:11:19,1900-01-00 00:00:00,1019-wombat,B8:27:EB:7C:81:10,-54, WPA ,0.000000,0.000000,0.000,0.000,AP
2026-04-08 13:11:19,1900-01-00 00:00:00,1019-wombat,B8:27:EB:7C:81:10,-55, WPA ,0.000000,0.000000,0.000,0.000,AP
2026-04-08 13:11:19,1900-01-00 00:00:00,1019-wombat,B8:27:EB:7C:81:10,-55, WPA ,0.000000,0.000000,0.000,0.000,AP
2026-04-08 13:11:19,1900-01-00 00:00:00,,C4:CB:76:AF:5C:A8,-56,,0.000000,0.000000,0.000,0.000,Client
2026-04-08 13:11:19,1900-01-00 00:00:00,1019-wombat,B8:27:EB:7C:81:10,-55, WPA ,0.000000,0.000000,0.000,0.000,AP
2026-04-08 13:11:19,1900-01-00 00:00:00,1019-wombat,B8:27:EB:7C:81:10,-55, WPA ,0.000000,0.000000,0.000,0.000,AP
2026-04-08 13:11:19,1900-01-00 00:00:00,,C4:CB:76:AF:5C:A8,-56,,0.000000,0.000000,0.000,0.000,Client
2026-04-08 13:11:19,1900-01-00 00:00:00,1019-wombat,B8:27:EB:7C:81:10,-55, WPA ,0.000000,0.000000,0.000,0.000,AP
2026-04-08 13:11:19,1900-01-00 00:00:00,,C4:CB:76:AF:5C:A8,-56,,0.000000,0.000000,0.000,0.000,Client
2026-04-08 13:11:19,1900-01-00 00:00:00,1019-wombat,B8:27:EB:7C:81:10,-54, WPA ,0.000000,0.000000,0.000,0.000,AP
2026-04-08 13:11:19,1900-01-00 00:00:00,1019-wombat,B8:27:EB:7C:81:10,-54, WPA ,0.000000,0.000000,0.000,0.000,AP
2026-04-08 13:11:19,1900-01-00 00:00:00,,C4:CB:76:AF:5C:A8,-56,,0.000000,0.000000,0.000,0.000,Client
2026-04-08 13:11:19,1900-01-00 00:00:00,1019-wombat,B8:27:EB:7C:81:10,-54, WPA ,0.000000,0.000000,0.000,0.000,AP
2026-04-08 13:11:19,1900-01-00 00:00:00,1019-wombat,B8:27:EB:7C:81:10,-53, WPA ,0.000000,0.000000,0.000,0.000,AP
2026-04-08 13:11:19,1900-01-00 00:00:00,1019-wombat,B8:27:EB:7C:81:10,-54, WPA ,0.000000,0.000000,0.000,0.000,AP
2026-04-08 13:11:19,1900-01-00 00:00:00,1019-wombat,B8:27:EB:7C:81:10,-53, WPA ,0.000000,0.000000,0.000,0.000,AP
2026-04-08 13:11:19,1900-01-00 00:00:00,1019-wombat,B8:27:EB:7C:81:10,-53, WPA ,0.000000,0.000000,0.000,0.000,AP
2026-04-08 13:11:19,1900-01-00 00:00:00,1019-wombat,B8:27:EB:7C:81:10,-53, WPA ,0.000000,0.000000,0.000,0.000,AP
2026-04-08 13:11:19,1900-01-00 00:00:00,1019-wombat,B8:27:EB:7C:81:10,-53, WPA ,0.000000,0.000000,0.000,0.000,AP
2026-04-08 13:11:19,1900-01-00 00:00:00,1019-wombat,B8:27:EB:7C:81:10,-53, WPA ,0.000000,0.000000,0.000,0.000,AP
2026-04-08 13:11:19,1900-01-00 00:00:00,,C4:CB:76:AF:5C:A8,-56,,0.000000,0.000000,0.000,0.000,Client
2026-04-08 13:11:19,1900-01-00 00:00:00,1019-wombat,B8:27:EB:7C:81:10,-52, WPA ,0.000000,0.000000,0.000,0.000,AP
2026-04-08 13:11:19,1900-01-00 00:00:00,,C4:CB:76:AF:5C:A8,-56,,0.000000,0.000000,0.000,0.000,Client
2026-04-08 13:11:19,1900-01-00 00:00:00,1019-wombat,B8:27:EB:7C:81:10,-53, WPA ,0.000000,0.000000,0.000,0.000,AP
2026-04-08 13:11:19,1900-01-00 00:00:00,1019-wombat,B8:27:EB:7C:81:10,-52, WPA ,0.000000,0.000000,0.000,0.000,AP
2026-04-08 13:11:19,1900-01-00 00:00:00,,C4:CB:76:AF:5C:A8,-55,,0.000000,0.000000,0.000,0.000,Client
2026-04-08 13:11:19,1900-01-00 00:00:00,1019-wombat,B8:27:EB:7C:81:10,-53, WPA ,0.000000,0.000000,0.000,0.000,AP
2026-04-08 13:11:19,1900-01-00 00:00:00,,C4:CB:76:AF:5C:A8,-56,,0.000000,0.000000,0.000,0.000,Client
2026-04-08 13:11:19,1900-01-00 00:00:00,1019-wombat,B8:27:EB:7C:81:10,-52, WPA ,0.000000,0.000000,0.000,0.000,AP
2026-04-08 13:11:19,1900-01-00 00:00:00,,C4:CB:76:AF:5C:A8,-56,,0.000000,0.000000,0.000,0.000,Client
2026-04-08 13:11:19,1900-01-00 00:00:00,1019-wombat,B8:27:EB:7C:81:10,-52, WPA ,0.000000,0.000000,0.000,0.000,AP
2026-04-08 13:11:19,1900-01-00 00:00:00,,C4:CB:76:AF:5C:A8,-56,,0.000000,0.000000,0.000,0.000,Client
2026-04-08 13:11:19,1900-01-00 00:00:00,1019-wombat,B8:27:EB:7C:81:10,-52, WPA ,0.000000,0.000000,0.000,0.000,AP
2026-04-08 13:11:19,1900-01-00 00:00:00,,C4:CB:76:AF:5C:A8,-56,,0.000000,0.000000,0.000,0.000,Client
2026-04-08 13:11:19,1900-01-00 00:00:00,1019-wombat,B8:27:EB:7C:81:10,-52, WPA ,0.000000,0.000000,0.000,0.000,AP
2026-04-08 13:11:19,1900-01-00 00:00:00,,C4:CB:76:AF:5C:A8,-56,,0.000000,0.000000,0.000,0.000,Client
2026-04-08 13:11:19,1900-01-00 00:00:00,1019-wombat,B8:27:EB:7C:81:10,-52, WPA ,0.000000,0.000000,0.000,0.000,AP
2026-04-08 13:11:19,1900-01-00 00:00:00,1019-wombat,B8:27:EB:7C:81:10,-52, WPA ,0.000000,0.000000,0.000,0.000,AP
2026-04-08 13:11:19,1900-01-00 00:00:00,,C4:CB:76:AF:5C:A8,-56,,0.000000,0.000000,0.000,0.000,Client
2026-04-08 13:11:19,1900-01-00 00:00:00,1019-wombat,B8:27:EB:7C:81:10,-52, WPA ,0.000000,0.000000,0.000,0.000,AP
2026-04-08 13:11:19,1900-01-00 00:00:00,,C4:CB:76:AF:5C:A8,-56,,0.000000,0.000000,0.000,0.000,Client
2026-04-08 13:11:19,1900-01-00 00:00:00,1019-wombat,B8:27:EB:7C:81:10,-52, WPA ,0.000000,0.000000,0.000,0.000,AP
2026-04-08 13:11:19,1900-01-00 00:00:00,1019-wombat,B8:27:EB:7C:81:10,-52, WPA ,0.000000,0.000000,0.000,0.000,AP
2026-04-08 13:11:19,1900-01-00 00:00:00,,C4:CB:76:AF:5C:A8,-56,,0.000000,0.000000,0.000,0.000,Client
2026-04-08 13:11:19,1900-01-00 00:00:00,1019-wombat,B8:27:EB:7C:81:10,-52, WPA ,0.000000,0.000000,0.000,0.000,AP
2026-04-08 13:11:19,1900-01-00 00:00:00,,C4:CB:76:AF:5C:A8,-56,,0.000000,0.000000,0.000,0.000,Client
2026-04-08 13:11:19,1900-01-00 00:00:00,1019-wombat,B8:27:EB:7C:81:10,-52, WPA ,0.000000,0.000000,0.000,0.000,AP
2026-04-08 13:11:19,1900-01-00 00:00:00,,C4:CB:76:AF:5C:A8,-56,,0.000000,0.000000,0.000,0.000,Client
2026-04-08 13:11:19,1900-01-00 00:00:00,1019-wombat,B8:27:EB:7C:81:10,-52, WPA ,0.000000,0.000000,0.000,0.000,AP
2026-04-08 13:11:19,1900-01-00 00:00:00,1019-wombat,B8:27:EB:7C:81:10,-51, WPA ,0.000000,0.000000,0.000,0.000,AP
2026-04-08 13:11:19,1900-01-00 00:00:00,1019-wombat,B8:27:EB:7C:81:10,-52, WPA ,0.000000,0.000000,0.000,0.000,AP
2026-04-08 13:11:19,1900-01-00 00:00:00,1019-wombat,B8:27:EB:7C:81:10,-51, WPA ,0.000000,0.000000,0.000,0.000,AP
2026-04-08 13:11:19,1900-01-00 00:00:00,1019-wombat,B8:27:EB:7C:81:10,-51, WPA ,0.000000,0.000000,0.000,0.000,AP
2026-04-08 13:11:19,1900-01-00 00:00:00,,C4:CB:76:AF:5C:A8,-56,,0.000000,0.000000,0.000,0.000,Client
2026-04-08 13:11:19,1900-01-00 00:00:00,1019-wombat,B8:27:EB:7C:81:10,-52, WPA ,0.000000,0.000000,0.000,0.000,AP
2026-04-08 13:11:19,1900-01-00 00:00:00,1019-wombat,B8:27:EB:7C:81:10,-51, WPA ,0.000000,0.000000,0.000,0.000,AP
2026-04-08 13:11:19,1900-01-00 00:00:00,1019-wombat,B8:27:EB:7C:81:10,-52, WPA ,0.000000,0.000000,0.000,0.000,AP
2026-04-08 13:11:19,1900-01-00 00:00:00,,C4:CB:76:AF:5C:A8,-56,,0.000000,0.000000,0.000,0.000,Client
2026-04-08 13:11:19,1900-01-00 00:00:00,1019-wombat,B8:27:EB:7C:81:10,-52, WPA ,0.000000,0.000000,0.000,0.000,AP
2026-04-08 13:11:19,1900-01-00 00:00:00,1019-wombat,B8:27:EB:7C:81:10,-51, WPA ,0.000000,0.000000,0.000,0.000,AP
2026-04-08 13:11:19,1900-01-00 00:00:00,,C4:CB:76:AF:5C:A8,-56,,0.000000,0.000000,0.000,0.000,Client
2026-04-08 13:11:19,1900-01-00 00:00:00,1019-wombat,B8:27:EB:7C:81:10,-52, WPA ,0.000000,0.000000,0.000,0.000,AP
2026-04-08 13:11:19,1900-01-00 00:00:00,,C4:CB:76:AF:5C:A8,-55,,0.000000,0.000000,0.000,0.000,Client
2026-04-08 13:11:19,1900-01-00 00:00:00,1019-wombat,B8:27:EB:7C:81:10,-52, WPA ,0.000000,0.000000,0.000,0.000,AP
2026-04-08 13:11:19,1900-01-00 00:00:00,1019-wombat,B8:27:EB:7C:81:10,-51, WPA ,0.000000,0.000000,0.000,0.000,AP
2026-04-08 13:11:19,1900-01-00 00:00:00,,C4:CB:76:AF:5C:A8,-56,,0.000000,0.000000,0.000,0.000,Client
2026-04-08 13:11:19,1900-01-00 00:00:00,1019-wombat,B8:27:EB:7C:81:10,-52, WPA ,0.000000,0.000000,0.000,0.000,AP
2026-04-08 13:11:19,1900-01-00 00:00:00,,C4:CB:76:AF:5C:A8,-55,,0.000000,0.000000,0.000,0.000,Client
2026-04-08 13:11:19,1900-01-00 00:00:00,1019-wombat,B8:27:EB:7C:81:10,-52, WPA ,0.000000,0.000000,0.000,0.000,AP
2026-04-08 13:11:19,1900-01-00 00:00:00,,C4:CB:76:AF:5C:A8,-55,,0.000000,0.000000,0.000,0.000,Client
2026-04-08 13:11:19,1900-01-00 00:00:00,1019-wombat,B8:27:EB:7C:81:10,-52, WPA ,0.000000,0.000000,0.000,0.000,AP
2026-04-08 13:11:19,1900-01-00 00:00:00,1019-wombat,B8:27:EB:7C:81:10,-52, WPA ,0.000000,0.000000,0.000,0.000,AP
2026-04-08 13:11:19,1900-01-00 00:00:00,,C4:CB:76:AF:5C:A8,-55,,0.000000,0.000000,0.000,0.000,Client
2026-04-08 13:11:19,1900-01-00 00:00:00,1019-wombat,B8:27:EB:7C:81:10,-52, WPA ,0.000000,0.000000,0.000,0.000,AP
2026-04-08 13:11:19,1900-01-00 00:00:00,,C4:CB:76:AF:5C:A8,-56,,0.000000,0.000000,0.000,0.000,Client
2026-04-08 13:11:19,1900-01-00 00:00:00,1019-wombat,B8:27:EB:7C:81:10,-52, WPA ,0.000000,0.000000,0.000,0.000,AP
2026-04-08 13:11:19,1900-01-00 00:00:00,,C4:CB:76:AF:5C:A8,-56,,0.000000,0.000000,0.000,0.000,Client
2026-04-08 13:11:19,1900-01-00 00:00:00,1019-wombat,B8:27:EB:7C:81:10,-52, WPA ,0.000000,0.000000,0.000,0.000,AP
2026-04-08 13:11:19,1900-01-00 00:00:00,1019-wombat,B8:27:EB:7C:81:10,-52, WPA ,0.000000,0.000000,0.000,0.000,AP
2026-04-08 13:11:19,1900-01-00 00:00:00,,C4:CB:76:AF:5C:A8,-56,,0.000000,0.000000,0.000,0.000,Client
2026-04-08 13:11:19,1900-01-00 00:00:00,1019-wombat,B8:27:EB:7C:81:10,-53, WPA ,0.000000,0.000000,0.000,0.000,AP
2026-04-08 13:11:19,1900-01-00 00:00:00,,C4:CB:76:AF:5C:A8,-56,,0.000000,0.000000,0.000,0.000,Client
2026-04-08 13:11:19,1900-01-00 00:00:00,1019-wombat,B8:27:EB:7C:81:10,-52, WPA ,0.000000,0.000000,0.000,0.000,AP
2026-04-08 13:11:20,1900-01-00 00:00:00,1019-wombat,B8:27:EB:7C:81:10,-54, WPA ,0.000000,0.000000,0.000,0.000,AP
2026-04-08 13:11:20,1900-01-00 00:00:00,,C4:CB:76:AF:5C:A8,-56,,0.000000,0.000000,0.000,0.000,Client
2026-04-08 13:11:20,1900-01-00 00:00:00,1019-wombat,B8:27:EB:7C:81:10,-53, WPA ,0.000000,0.000000,0.000,0.000,AP
2026-04-08 13:11:20,1900-01-00 00:00:00,,C4:CB:76:AF:5C:A8,-56,,0.000000,0.000000,0.000,0.000,Client
2026-04-08 13:11:20,1900-01-00 00:00:00,1019-wombat,B8:27:EB:7C:81:10,-53, WPA ,0.000000,0.000000,0.000,0.000,AP
2026-04-08 13:11:20,1900-01-00 00:00:00,,C4:CB:76:AF:5C:A8,-56,,0.000000,0.000000,0.000,0.000,Client
2026-04-08 13:11:20,1900-01-00 00:00:00,1019-wombat,B8:27:EB:7C:81:10,-53, WPA ,0.000000,0.000000,0.000,0.000,AP
2026-04-08 13:11:20,1900-01-00 00:00:00,,C4:CB:76:AF:5C:A8,-56,,0.000000,0.000000,0.000,0.000,Client
2026-04-08 13:11:20,1900-01-00 00:00:00,1019-wombat,B8:27:EB:7C:81:10,-54, WPA ,0.000000,0.000000,0.000,0.000,AP
2026-04-08 13:11:20,1900-01-00 00:00:00,1019-wombat,B8:27:EB:7C:81:10,-53, WPA ,0.000000,0.000000,0.000,0.000,AP
2026-04-08 13:11:20,1900-01-00 00:00:00,,C4:CB:76:AF:5C:A8,-55,,0.000000,0.000000,0.000,0.000,Client
2026-04-08 13:11:20,1900-01-00 00:00:00,1019-wombat,B8:27:EB:7C:81:10,-55, WPA ,0.000000,0.000000,0.000,0.000,AP
2026-04-08 13:11:20,1900-01-00 00:00:00,,C4:CB:76:AF:5C:A8,-55,,0.000000,0.000000,0.000,0.000,Client
2026-04-08 13:11:20,1900-01-00 00:00:00,1019-wombat,B8:27:EB:7C:81:10,-55, WPA ,0.000000,0.000000,0.000,0.000,AP
2026-04-08 13:11:20,1900-01-00 00:00:00,1019-wombat,B8:27:EB:7C:81:10,-54, WPA ,0.000000,0.000000,0.000,0.000,AP
2026-04-08 13:11:20,1900-01-00 00:00:00,,C4:CB:76:AF:5C:A8,-55,,0.000000,0.000000,0.000,0.000,Client
2026-04-08 13:11:20,1900-01-00 00:00:00,1019-wombat,B8:27:EB:7C:81:10,-53, WPA ,0.000000,0.000000,0.000,0.000,AP
2026-04-08 13:11:20,1900-01-00 00:00:00,,C4:CB:76:AF:5C:A8,-56,,0.000000,0.000000,0.000,0.000,Client
2026-04-08 13:11:20,1900-01-00 00:00:00,1019-wombat,B8:27:EB:7C:81:10,-53, WPA ,0.000000,0.000000,0.000,0.000,AP
2026-04-08 13:11:20,1900-01-00 00:00:00,1019-wombat,B8:27:EB:7C:81:10,-53, WPA ,0.000000,0.000000,0.000,0.000,AP
2026-04-08 13:11:20,1900-01-00 00:00:00,1019-wombat,B8:27:EB:7C:81:10,-52, WPA ,0.000000,0.000000,0.000,0.000,AP
2026-04-08 13:11:20,1900-01-00 00:00:00,1019-wombat,B8:27:EB:7C:81:10,-52, WPA ,0.000000,0.000000,0.000,0.000,AP
2026-04-08 13:11:20,1900-01-00 00:00:00,1019-wombat,B8:27:EB:7C:81:10,-53, WPA ,0.000000,0.000000,0.000,0.000,AP
2026-04-08 13:11:20,1900-01-00 00:00:00,,C4:CB:76:AF:5C:A8,-56,,0.000000,0.000000,0.000,0.000,Client
2026-04-08 13:11:20,1900-01-00 00:00:00,,C4:CB:76:AF:5C:A8,-56,,0.000000,0.000000,0.000,0.000,Client
2026-04-08 13:11:20,1900-01-00 00:00:00,1019-wombat,B8:27:EB:7C:81:10,-54, WPA ,0.000000,0.000000,0.000,0.000,AP
2026-04-08 13:11:20,1900-01-00 00:00:00,1019-wombat,B8:27:EB:7C:81:10,-53, WPA ,0.000000,0.000000,0.000,0.000,AP
2026-04-08 13:11:20,1900-01-00 00:00:00,1019-wombat,B8:27:EB:7C:81:10,-53, WPA ,0.000000,0.000000,0.000,0.000,AP
2026-04-08 13:11:20,1900-01-00 00:00:00,1019-wombat,B8:27:EB:7C:81:10,-54, WPA ,0.000000,0.000000,0.000,0.000,AP
2026-04-08 13:11:20,1900-01-00 00:00:00,1019-wombat,B8:27:EB:7C:81:10,-54, WPA ,0.000000,0.000000,0.000,0.000,AP
2026-04-08 13:11:20,1900-01-00 00:00:00,1019-wombat,B8:27:EB:7C:81:10,-54, WPA ,0.000000,0.000000,0.000,0.000,AP
2026-04-08 13:11:20,1900-01-00 00:00:00,1019-wombat,B8:27:EB:7C:81:10,-54, WPA ,0.000000,0.000000,0.000,0.000,AP
2026-04-08 13:11:20,1900-01-00 00:00:00,,C4:CB:76:AF:5C:A8,-56,,0.000000,0.000000,0.000,0.000,Client
2026-04-08 13:11:20,1900-01-00 00:00:00,1019-wombat,B8:27:EB:7C:81:10,-54, WPA ,0.000000,0.000000,0.000,0.000,AP
2026-04-08 13:11:20,1900-01-00 00:00:00,,C4:CB:76:AF:5C:A8,-56,,0.000000,0.000000,0.000,0.000,Client
2026-04-08 13:11:20,1900-01-00 00:00:00,1019-wombat,B8:27:EB:7C:81:10,-54, WPA ,0.000000,0.000000,0.000,0.000,AP
2026-04-08 13:11:20,1900-01-00 00:00:00,1019-wombat,B8:27:EB:7C:81:10,-54, WPA ,0.000000,0.000000,0.000,0.000,AP
2026-04-08 13:11:20,1900-01-00 00:00:00,1019-wombat,B8:27:EB:7C:81:10,-54, WPA ,0.000000,0.000000,0.000,0.000,AP
2026-04-08 13:11:20,1900-01-00 00:00:00,1019-wombat,B8:27:EB:7C:81:10,-54, WPA ,0.000000,0.000000,0.000,0.000,AP
2026-04-08 13:11:20,1900-01-00 00:00:00,1019-wombat,B8:27:EB:7C:81:10,-55, WPA ,0.000000,0.000000,0.000,0.000,AP
2026-04-08 13:11:20,1900-01-00 00:00:00,1019-wombat,B8:27:EB:7C:81:10,-55, WPA ,0.000000,0.000000,0.000,0.000,AP
2026-04-08 13:11:20,1900-01-00 00:00:00,1019-wombat,B8:27:EB:7C:81:10,-54, WPA ,0.000000,0.000000,0.000,0.000,AP
2026-04-08 13:11:20,1900-01-00 00:00:00,1019-wombat,B8:27:EB:7C:81:10,-54, WPA ,0.000000,0.000000,0.000,0.000,AP
2026-04-08 13:11:20,1900-01-00 00:00:00,1019-wombat,B8:27:EB:7C:81:10,-54, WPA ,0.000000,0.000000,0.000,0.000,AP
2026-04-08 13:11:20,1900-01-00 00:00:00,1019-wombat,B8:27:EB:7C:81:10,-54, WPA ,0.000000,0.000000,0.000,0.000,AP
2026-04-08 13:11:20,1900-01-00 00:00:00,,C4:CB:76:AF:5C:A8,-57,,0.000000,0.000000,0.000,0.000,Client
2026-04-08 13:11:20,1900-01-00 00:00:00,1019-wombat,B8:27:EB:7C:81:10,-54, WPA ,0.000000,0.000000,0.000,0.000,AP
2026-04-08 13:11:20,1900-01-00 00:00:00,,C4:CB:76:AF:5C:A8,-56,,0.000000,0.000000,0.000,0.000,Client
2026-04-08 13:11:20,1900-01-00 00:00:00,1019-wombat,B8:27:EB:7C:81:10,-54, WPA ,0.000000,0.000000,0.000,0.000,AP
2026-04-08 13:11:20,1900-01-00 00:00:00,1019-wombat,B8:27:EB:7C:81:10,-54, WPA ,0.000000,0.000000,0.000,0.000,AP
2026-04-08 13:11:20,1900-01-00 00:00:00,,C4:CB:76:AF:5C:A8,-57,,0.000000,0.000000,0.000,0.000,Client
2026-04-08 13:11:20,1900-01-00 00:00:00,,C4:CB:76:AF:5C:A8,-56,,0.000000,0.000000,0.000,0.000,Client
2026-04-08 13:11:20,1900-01-00 00:00:00,1019-wombat,B8:27:EB:7C:81:10,-54, WPA ,0.000000,0.000000,0.000,0.000,AP
2026-04-08 13:11:20,1900-01-00 00:00:00,1019-wombat,B8:27:EB:7C:81:10,-53, WPA ,0.000000,0.000000,0.000,0.000,AP
2026-04-08 13:11:20,1900-01-00 00:00:00,,C4:CB:76:AF:5C:A8,-56,,0.000000,0.000000,0.000,0.000,Client
2026-04-08 13:11:20,1900-01-00 00:00:00,1019-wombat,B8:27:EB:7C:81:10,-54, WPA ,0.000000,0.000000,0.000,0.000,AP
2026-04-08 13:11:20,1900-01-00 00:00:00,,C4:CB:76:AF:5C:A8,-56,,0.000000,0.000000,0.000,0.000,Client
2026-04-08 13:11:20,1900-01-00 00:00:00,1019-wombat,B8:27:EB:7C:81:10,-54, WPA ,0.000000,0.000000,0.000,0.000,AP
2026-04-08 13:11:20,1900-01-00 00:00:00,,C4:CB:76:AF:5C:A8,-57,,0.000000,0.000000,0.000,0.000,Client
2026-04-08 13:11:20,1900-01-00 00:00:00,1019-wombat,B8:27:EB:7C:81:10,-54, WPA ,0.000000,0.000000,0.000,0.000,AP
2026-04-08 13:11:20,1900-01-00 00:00:00,1019-wombat,B8:27:EB:7C:81:10,-54, WPA ,0.000000,0.000000,0.000,0.000,AP
2026-04-08 13:11:20,1900-01-00 00:00:00,1019-wombat,B8:27:EB:7C:81:10,-54, WPA ,0.000000,0.000000,0.000,0.000,AP
2026-04-08 13:11:20,1900-01-00 00:00:00,1019-wombat,B8:27:EB:7C:81:10,-55, WPA ,0.000000,0.000000,0.000,0.000,AP
2026-04-08 13:11:20,1900-01-00 00:00:00,1019-wombat,B8:27:EB:7C:81:10,-54, WPA ,0.000000,0.000000,0.000,0.000,AP
2026-04-08 13:11:20,1900-01-00 00:00:00,1019-wombat,B8:27:EB:7C:81:10,-54, WPA ,0.000000,0.000000,0.000,0.000,AP
2026-04-08 13:11:20,1900-01-00 00:00:00,1019-wombat,B8:27:EB:7C:81:10,-54, WPA ,0.000000,0.000000,0.000,0.000,AP
2026-04-08 13:11:20,1900-01-00 00:00:00,1019-wombat,B8:27:EB:7C:81:10,-53, WPA ,0.000000,0.000000,0.000,0.000,AP
2026-04-08 13:11:20,1900-01-00 00:00:00,,C4:CB:76:AF:5C:A8,-57,,0.000000,0.000000,0.000,0.000,Client
2026-04-08 13:11:20,1900-01-00 00:00:00,1019-wombat,B8:27:EB:7C:81:10,-54, WPA ,0.000000,0.000000,0.000,0.000,AP
2026-04-08 13:11:20,1900-01-00 00:00:00,,C4:CB:76:AF:5C:A8,-57,,0.000000,0.000000,0.000,0.000,Client
2026-04-08 13:11:20,1900-01-00 00:00:00,1019-wombat,B8:27:EB:7C:81:10,-54, WPA ,0.000000,0.000000,0.000,0.000,AP
2026-04-08 13:11:20,1900-01-00 00:00:00,1019-wombat,B8:27:EB:7C:81:10,-54, WPA ,0.000000,0.000000,0.000,0.000,AP
2026-04-08 13:11:20,1900-01-00 00:00:00,1019-wombat,B8:27:EB:7C:81:10,-54, WPA ,0.000000,0.000000,0.000,0.000,AP
2026-04-08 13:11:20,1900-01-00 00:00:00,1019-wombat,B8:27:EB:7C:81:10,-54, WPA ,0.000000,0.000000,0.000,0.000,AP
2026-04-08 13:11:20,1900-01-00 00:00:00,1019-wombat,B8:27:EB:7C:81:10,-54, WPA ,0.000000,0.000000,0.000,0.000,AP
2026-04-08 13:11:20,1900-01-00 00:00:00,1019-wombat,B8:27:EB:7C:81:10,-53, WPA ,0.000000,0.000000,0.000,0.000,AP
2026-04-08 13:11:20,1900-01-00 00:00:00,1019-wombat,B8:27:EB:7C:81:10,-53, WPA ,0.000000,0.000000,0.000,0.000,AP
2026-04-08 13:11:20,1900-01-00 00:00:00,1019-wombat,B8:27:EB:7C:81:10,-54, WPA ,0.000000,0.000000,0.000,0.000,AP
2026-04-08 13:11:20,1900-01-00 00:00:00,,C4:CB:76:AF:5C:A8,-57,,0.000000,0.000000,0.000,0.000,Client
2026-04-08 13:11:20,1900-01-00 00:00:00,1019-wombat,B8:27:EB:7C:81:10,-54, WPA ,0.000000,0.000000,0.000,0.000,AP
2026-04-08 13:11:20,1900-01-00 00:00:00,,C4:CB:76:AF:5C:A8,-57,,0.000000,0.000000,0.000,0.000,Client
2026-04-08 13:11:20,1900-01-00 00:00:00,1019-wombat,B8:27:EB:7C:81:10,-54, WPA ,0.000000,0.000000,0.000,0.000,AP
2026-04-08 13:11:20,1900-01-00 00:00:00,1019-wombat,B8:27:EB:7C:81:10,-54, WPA ,0.000000,0.000000,0.000,0.000,AP
2026-04-08 13:11:20,1900-01-00 00:00:00,1019-wombat,B8:27:EB:7C:81:10,-54, WPA ,0.000000,0.000000,0.000,0.000,AP
2026-04-08 13:11:20,1900-01-00 00:00:00,1019-wombat,B8:27:EB:7C:81:10,-54, WPA ,0.000000,0.000000,0.000,0.000,AP
2026-04-08 13:11:20,1900-01-00 00:00:00,1019-wombat,B8:27:EB:7C:81:10,-54, WPA ,0.000000,0.000000,0.000,0.000,AP
2026-04-08 13:11:20,1900-01-00 00:00:00,,C4:CB:76:AF:5C:A8,-57,,0.000000,0.000000,0.000,0.000,Client
2026-04-08 13:11:20,1900-01-00 00:00:00,1019-wombat,B8:27:EB:7C:81:10,-53, WPA ,0.000000,0.000000,0.000,0.000,AP
2026-04-08 13:11:20,1900-01-00 00:00:00,,C4:CB:76:AF:5C:A8,-57,,0.000000,0.000000,0.000,0.000,Client
2026-04-08 13:11:20,1900-01-00 00:00:00,1019-wombat,B8:27:EB:7C:81:10,-54, WPA ,0.000000,0.000000,0.000,0.000,AP
2026-04-08 13:11:20,1900-01-00 00:00:00,,C4:CB:76:AF:5C:A8,-57,,0.000000,0.000000,0.000,0.000,Client
2026-04-08 13:11:20,1900-01-00 00:00:00,1019-wombat,B8:27:EB:7C:81:10,-54, WPA ,0.000000,0.000000,0.000,0.000,AP
2026-04-08 13:11:20,1900-01-00 00:00:00,,C4:CB:76:AF:5C:A8,-56,,0.000000,0.000000,0.000,0.000,Client
2026-04-08 13:11:20,1900-01-00 00:00:00,1019-wombat,B8:27:EB:7C:81:10,-54, WPA ,0.000000,0.000000,0.000,0.000,AP
2026-04-08 13:11:20,1900-01-00 00:00:00,,C4:CB:76:AF:5C:A8,-57,,0.000000,0.000000,0.000,0.000,Client
2026-04-08 13:11:20,1900-01-00 00:00:00,1019-wombat,B8:27:EB:7C:81:10,-54, WPA ,0.000000,0.000000,0.000,0.000,AP
2026-04-08 13:11:20,1900-01-00 00:00:00,1019-wombat,B8:27:EB:7C:81:10,-54, WPA ,0.000000,0.000000,0.000,0.000,AP
2026-04-08 13:11:20,1900-01-00 00:00:00,,C4:CB:76:AF:5C:A8,-57,,0.000000,0.000000,0.000,0.000,Client
2026-04-08 13:11:20,1900-01-00 00:00:00,1019-wombat,B8:27:EB:7C:81:10,-54, WPA ,0.000000,0.000000,0.000,0.000,AP
2026-04-08 13:11:21,1900-01-00 00:00:00,,C4:CB:76:AF:5C:A8,-56,,0.000000,0.000000,0.000,0.000,Client
2026-04-08 13:11:21,1900-01-00 00:00:00,1019-wombat,B8:27:EB:7C:81:10,-53, WPA ,0.000000,0.000000,0.000,0.000,AP
2026-04-08 13:11:21,1900-01-00 00:00:00,1019-wombat,B8:27:EB:7C:81:10,-54, WPA ,0.000000,0.000000,0.000,0.000,AP
2026-04-08 13:11:21,1900-01-00 00:00:00,1019-wombat,B8:27:EB:7C:81:10,-53, WPA ,0.000000,0.000000,0.000,0.000,AP
2026-04-08 13:11:21,1900-01-00 00:00:00,1019-wombat,B8:27:EB:7C:81:10,-54, WPA ,0.000000,0.000000,0.000,0.000,AP
2026-04-08 13:11:21,1900-01-00 00:00:00,1019-wombat,B8:27:EB:7C:81:10,-54, WPA ,0.000000,0.000000,0.000,0.000,AP
2026-04-08 13:11:21,1900-01-00 00:00:00,1019-wombat,B8:27:EB:7C:81:10,-54, WPA ,0.000000,0.000000,0.000,0.000,AP
2026-04-08 13:11:21,1900-01-00 00:00:00,1019-wombat,B8:27:EB:7C:81:10,-54, WPA ,0.000000,0.000000,0.000,0.000,AP
2026-04-08 13:11:21,1900-01-00 00:00:00,1019-wombat,B8:27:EB:7C:81:10,-53, WPA ,0.000000,0.000000,0.000,0.000,AP
2026-04-08 13:11:21,1900-01-00 00:00:00,1019-wombat,B8:27:EB:7C:81:10,-53, WPA ,0.000000,0.000000,0.000,0.000,AP
2026-04-08 13:11:21,1900-01-00 00:00:00,1019-wombat,B8:27:EB:7C:81:10,-54, WPA ,0.000000,0.000000,0.000,0.000,AP
2026-04-08 13:11:21,1900-01-00 00:00:00,1019-wombat,B8:27:EB:7C:81:10,-54, WPA ,0.000000,0.000000,0.000,0.000,AP
2026-04-08 13:11:21,1900-01-00 00:00:00,1019-wombat,B8:27:EB:7C:81:10,-54, WPA ,0.000000,0.000000,0.000,0.000,AP
2026-04-08 13:11:21,1900-01-00 00:00:00,1019-wombat,B8:27:EB:7C:81:10,-54, WPA ,0.000000,0.000000,0.000,0.000,AP
2026-04-08 13:11:21,1900-01-00 00:00:00,1019-wombat,B8:27:EB:7C:81:10,-54, WPA ,0.000000,0.000000,0.000,0.000,AP
2026-04-08 13:11:21,1900-01-00 00:00:00,1019-wombat,B8:27:EB:7C:81:10,-55, WPA ,0.000000,0.000000,0.000,0.000,AP
2026-04-08 13:11:21,1900-01-00 00:00:00,1019-wombat,B8:27:EB:7C:81:10,-54, WPA ,0.000000,0.000000,0.000,0.000,AP
2026-04-08 13:11:21,1900-01-00 00:00:00,1019-wombat,B8:27:EB:7C:81:10,-54, WPA ,0.000000,0.000000,0.000,0.000,AP
2026-04-08 13:11:21,1900-01-00 00:00:00,,C4:CB:76:AF:5C:A8,-56,,0.000000,0.000000,0.000,0.000,Client
2026-04-08 13:11:21,1900-01-00 00:00:00,1019-wombat,B8:27:EB:7C:81:10,-54, WPA ,0.000000,0.000000,0.000,0.000,AP
2026-04-08 13:11:21,1900-01-00 00:00:00,,C4:CB:76:AF:5C:A8,-57,,0.000000,0.000000,0.000,0.000,Client
2026-04-08 13:11:21,1900-01-00 00:00:00,1019-wombat,B8:27:EB:7C:81:10,-53, WPA ,0.000000,0.000000,0.000,0.000,AP
2026-04-08 13:11:21,1900-01-00 00:00:00,1019-wombat,B8:27:EB:7C:81:10,-53, WPA ,0.000000,0.000000,0.000,0.000,AP
2026-04-08 13:11:21,1900-01-00 00:00:00,1019-wombat,B8:27:EB:7C:81:10,-53, WPA ,0.000000,0.000000,0.000,0.000,AP
2026-04-08 13:11:21,1900-01-00 00:00:00,,C4:CB:76:AF:5C:A8,-56,,0.000000,0.000000,0.000,0.000,Client
2026-04-08 13:11:21,1900-01-00 00:00:00,1019-wombat,B8:27:EB:7C:81:10,-54, WPA ,0.000000,0.000000,0.000,0.000,AP
2026-04-08 13:11:21,1900-01-00 00:00:00,,C4:CB:76:AF:5C:A8,-56,,0.000000,0.000000,0.000,0.000,Client
2026-04-08 13:11:21,1900-01-00 00:00:00,1019-wombat,B8:27:EB:7C:81:10,-54, WPA ,0.000000,0.000000,0.000,0.000,AP
2026-04-08 13:11:21,1900-01-00 00:00:00,,C4:CB:76:AF:5C:A8,-56,,0.000000,0.000000,0.000,0.000,Client
2026-04-08 13:11:21,1900-01-00 00:00:00,1019-wombat,B8:27:EB:7C:81:10,-54, WPA ,0.000000,0.000000,0.000,0.000,AP
2026-04-08 13:11:21,1900-01-00 00:00:00,,C4:CB:76:AF:5C:A8,-57,,0.000000,0.000000,0.000,0.000,Client
2026-04-08 13:11:21,1900-01-00 00:00:00,1019-wombat,B8:27:EB:7C:81:10,-54, WPA ,0.000000,0.000000,0.000,0.000,AP
2026-04-08 13:11:21,1900-01-00 00:00:00,1019-wombat,B8:27:EB:7C:81:10,-54, WPA ,0.000000,0.000000,0.000,0.000,AP
2026-04-08 13:11:21,1900-01-00 00:00:00,1019-wombat,B8:27:EB:7C:81:10,-53, WPA ,0.000000,0.000000,0.000,0.000,AP
2026-04-08 13:11:21,1900-01-00 00:00:00,1019-wombat,B8:27:EB:7C:81:10,-52, WPA ,0.000000,0.000000,0.000,0.000,AP
2026-04-08 13:11:21,1900-01-00 00:00:00,1019-wombat,B8:27:EB:7C:81:10,-54, WPA ,0.000000,0.000000,0.000,0.000,AP
2026-04-08 13:11:22,1900-01-00 00:00:00,1019-wombat,B8:27:EB:7C:81:10,-53, WPA ,0.000000,0.000000,0.000,0.000,AP
2026-04-08 13:11:22,1900-01-00 00:00:00,1019-wombat,B8:27:EB:7C:81:10,-53, WPA ,0.000000,0.000000,0.000,0.000,AP
2026-04-08 13:11:22,1900-01-00 00:00:00,1019-wombat,B8:27:EB:7C:81:10,-53, WPA ,0.000000,0.000000,0.000,0.000,AP
2026-04-08 13:11:22,1900-01-00 00:00:00,,C4:CB:76:AF:5C:A8,-58,,0.000000,0.000000,0.000,0.000,Client
2026-04-08 13:11:22,1900-01-00 00:00:00,1019-wombat,B8:27:EB:7C:81:10,-52, WPA ,0.000000,0.000000,0.000,0.000,AP
2026-04-08 13:11:22,1900-01-00 00:00:00,1019-wombat,B8:27:EB:7C:81:10,-52, WPA ,0.000000,0.000000,0.000,0.000,AP
2026-04-08 13:11:22,1900-01-00 00:00:00,,C4:CB:76:AF:5C:A8,-58,,0.000000,0.000000,0.000,0.000,Client
2026-04-08 13:11:22,1900-01-00 00:00:00,1019-wombat,B8:27:EB:7C:81:10,-52, WPA ,0.000000,0.000000,0.000,0.000,AP
2026-04-08 13:11:22,1900-01-00 00:00:00,1019-wombat,B8:27:EB:7C:81:10,-53, WPA ,0.000000,0.000000,0.000,0.000,AP
2026-04-08 13:11:22,1900-01-00 00:00:00,1019-wombat,B8:27:EB:7C:81:10,-53, WPA ,0.000000,0.000000,0.000,0.000,AP
2026-04-08 13:11:22,1900-01-00 00:00:00,1019-wombat,B8:27:EB:7C:81:10,-53, WPA ,0.000000,0.000000,0.000,0.000,AP
2026-04-08 13:11:22,1900-01-00 00:00:00,1019-wombat,B8:27:EB:7C:81:10,-54, WPA ,0.000000,0.000000,0.000,0.000,AP
2026-04-08 13:11:22,1900-01-00 00:00:00,1019-wombat,B8:27:EB:7C:81:10,-54, WPA ,0.000000,0.000000,0.000,0.000,AP
2026-04-08 13:11:22,1900-01-00 00:00:00,1019-wombat,B8:27:EB:7C:81:10,-56, WPA ,0.000000,0.000000,0.000,0.000,AP
2026-04-08 13:11:22,1900-01-00 00:00:00,1019-wombat,B8:27:EB:7C:81:10,-54, WPA ,0.000000,0.000000,0.000,0.000,AP
2026-04-08 13:11:22,1900-01-00 00:00:00,1019-wombat,B8:27:EB:7C:81:10,-53, WPA ,0.000000,0.000000,0.000,0.000,AP
2026-04-08 13:11:22,1900-01-00 00:00:00,1019-wombat,B8:27:EB:7C:81:10,-54, WPA ,0.000000,0.000000,0.000,0.000,AP
2026-04-08 13:11:22,1900-01-00 00:00:00,1019-wombat,B8:27:EB:7C:81:10,-55, WPA ,0.000000,0.000000,0.000,0.000,AP
2026-04-08 13:11:22,1900-01-00 00:00:00,1019-wombat,B8:27:EB:7C:81:10,-55, WPA ,0.000000,0.000000,0.000,0.000,AP
2026-04-08 13:11:23,1900-01-00 00:00:00,1019-wombat,B8:27:EB:7C:81:10,-55, WPA ,0.000000,0.000000,0.000,0.000,AP
2026-04-08 13:11:23,1900-01-00 00:00:00,1019-wombat,B8:27:EB:7C:81:10,-55, WPA ,0.000000,0.000000,0.000,0.000,AP
2026-04-08 13:11:23,1900-01-00 00:00:00,1019-wombat,B8:27:EB:7C:81:10,-54, WPA ,0.000000,0.000000,0.000,0.000,AP
2026-04-08 13:11:23,1900-01-00 00:00:00,1019-wombat,B8:27:EB:7C:81:10,-54, WPA ,0.000000,0.000000,0.000,0.000,AP
2026-04-08 13:11:23,1900-01-00 00:00:00,1019-wombat,B8:27:EB:7C:81:10,-54, WPA ,0.000000,0.000000,0.000,0.000,AP
2026-04-08 13:11:23,1900-01-00 00:00:00,1019-wombat,B8:27:EB:7C:81:10,-55, WPA ,0.000000,0.000000,0.000,0.000,AP
2026-04-08 13:11:23,1900-01-00 00:00:00,1019-wombat,B8:27:EB:7C:81:10,-55, WPA ,0.000000,0.000000,0.000,0.000,AP
2026-04-08 13:11:23,1900-01-00 00:00:00,1019-wombat,B8:27:EB:7C:81:10,-56, WPA ,0.000000,0.000000,0.000,0.000,AP
2026-04-08 13:11:23,1900-01-00 00:00:00,1019-wombat,B8:27:EB:7C:81:10,-56, WPA ,0.000000,0.000000,0.000,0.000,AP
2026-04-08 13:11:23,1900-01-00 00:00:00,1019-wombat,B8:27:EB:7C:81:10,-55, WPA ,0.000000,0.000000,0.000,0.000,AP
2026-04-08 13:11:24,1900-01-00 00:00:00,1019-wombat,B8:27:EB:7C:81:10,-55, WPA ,0.000000,0.000000,0.000,0.000,AP
2026-04-08 13:11:24,1900-01-00 00:00:00,1019-wombat,B8:27:EB:7C:81:10,-54, WPA ,0.000000,0.000000,0.000,0.000,AP
2026-04-08 13:11:24,1900-01-00 00:00:00,1019-wombat,B8:27:EB:7C:81:10,-55, WPA ,0.000000,0.000000,0.000,0.000,AP
2026-04-08 13:11:24,1900-01-00 00:00:00,1019-wombat,B8:27:EB:7C:81:10,-54, WPA ,0.000000,0.000000,0.000,0.000,AP
2026-04-08 13:11:24,1900-01-00 00:00:00,1019-wombat,B8:27:EB:7C:81:10,-54, WPA ,0.000000,0.000000,0.000,0.000,AP
2026-04-08 13:11:24,1900-01-00 00:00:00,1019-wombat,B8:27:EB:7C:81:10,-55, WPA ,0.000000,0.000000,0.000,0.000,AP
2026-04-08 13:11:24,1900-01-00 00:00:00,1019-wombat,B8:27:EB:7C:81:10,-54, WPA ,0.000000,0.000000,0.000,0.000,AP
2026-04-08 13:11:24,1900-01-00 00:00:00,1019-wombat,B8:27:EB:7C:81:10,-54, WPA ,0.000000,0.000000,0.000,0.000,AP
2026-04-08 13:11:24,1900-01-00 00:00:00,1019-wombat,B8:27:EB:7C:81:10,-54, WPA ,0.000000,0.000000,0.000,0.000,AP
2026-04-08 13:11:24,1900-01-00 00:00:00,1019-wombat,B8:27:EB:7C:81:10,-55, WPA ,0.000000,0.000000,0.000,0.000,AP
2026-04-08 13:11:24,1900-01-00 00:00:00,1019-wombat,B8:27:EB:7C:81:10,-55, WPA ,0.000000,0.000000,0.000,0.000,AP
2026-04-08 13:11:24,1900-01-00 00:00:00,1019-wombat,B8:27:EB:7C:81:10,-54, WPA ,0.000000,0.000000,0.000,0.000,AP
2026-04-08 13:11:24,1900-01-00 00:00:00,1019-wombat,B8:27:EB:7C:81:10,-54, WPA ,0.000000,0.000000,0.000,0.000,AP
2026-04-08 13:11:24,1900-01-00 00:00:00,1019-wombat,B8:27:EB:7C:81:10,-54, WPA ,0.000000,0.000000,0.000,0.000,AP
2026-04-08 13:11:24,1900-01-00 00:00:00,1019-wombat,B8:27:EB:7C:81:10,-55, WPA ,0.000000,0.000000,0.000,0.000,AP
2026-04-08 13:11:24,1900-01-00 00:00:00,1019-wombat,B8:27:EB:7C:81:10,-54, WPA ,0.000000,0.000000,0.000,0.000,AP
2026-04-08 13:11:24,1900-01-00 00:00:00,1019-wombat,B8:27:EB:7C:81:10,-54, WPA ,0.000000,0.000000,0.000,0.000,AP
2026-04-08 13:11:24,1900-01-00 00:00:00,1019-wombat,B8:27:EB:7C:81:10,-54, WPA ,0.000000,0.000000,0.000,0.000,AP
2026-04-08 13:11:24,1900-01-00 00:00:00,1019-wombat,B8:27:EB:7C:81:10,-55, WPA ,0.000000,0.000000,0.000,0.000,AP
2026-04-08 13:11:24,1900-01-00 00:00:00,1019-wombat,B8:27:EB:7C:81:10,-54, WPA ,0.000000,0.000000,0.000,0.000,AP
2026-04-08 13:11:24,1900-01-00 00:00:00,1019-wombat,B8:27:EB:7C:81:10,-55, WPA ,0.000000,0.000000,0.000,0.000,AP
2026-04-08 13:11:25,1900-01-00 00:00:00,1019-wombat,B8:27:EB:7C:81:10,-56, WPA ,0.000000,0.000000,0.000,0.000,AP
2026-04-08 13:11:25,1900-01-00 00:00:00,1019-wombat,B8:27:EB:7C:81:10,-56, WPA ,0.000000,0.000000,0.000,0.000,AP
2026-04-08 13:11:25,1900-01-00 00:00:00,1019-wombat,B8:27:EB:7C:81:10,-57, WPA ,0.000000,0.000000,0.000,0.000,AP
2026-04-08 13:11:25,1900-01-00 00:00:00,1019-wombat,B8:27:EB:7C:81:10,-57, WPA ,0.000000,0.000000,0.000,0.000,AP
2026-04-08 13:11:25,1900-01-00 00:00:00,1019-wombat,B8:27:EB:7C:81:10,-57, WPA ,0.000000,0.000000,0.000,0.000,AP
2026-04-08 13:11:25,1900-01-00 00:00:00,1019-wombat,B8:27:EB:7C:81:10,-56, WPA ,0.000000,0.000000,0.000,0.000,AP
2026-04-08 13:11:25,1900-01-00 00:00:00,1019-wombat,B8:27:EB:7C:81:10,-56, WPA ,0.000000,0.000000,0.000,0.000,AP
2026-04-08 13:11:25,1900-01-00 00:00:00,1019-wombat,B8:27:EB:7C:81:10,-56, WPA ,0.000000,0.000000,0.000,0.000,AP
2026-04-08 13:11:25,1900-01-00 00:00:00,1019-wombat,B8:27:EB:7C:81:10,-56, WPA ,0.000000,0.000000,0.000,0.000,AP
2026-04-08 13:11:25,1900-01-00 00:00:00,1019-wombat,B8:27:EB:7C:81:10,-55, WPA ,0.000000,0.000000,0.000,0.000,AP
2026-04-08 13:11:25,1900-01-00 00:00:00,1019-wombat,B8:27:EB:7C:81:10,-55, WPA ,0.000000,0.000000,0.000,0.000,AP
2026-04-08 13:11:26,1900-01-00 00:00:00,1019-wombat,B8:27:EB:7C:81:10,-56, WPA ,0.000000,0.000000,0.000,0.000,AP
2026-04-08 13:11:26,1900-01-00 00:00:00,1019-wombat,B8:27:EB:7C:81:10,-56, WPA ,0.000000,0.000000,0.000,0.000,AP
2026-04-08 13:11:26,1900-01-00 00:00:00,1019-wombat,B8:27:EB:7C:81:10,-55, WPA ,0.000000,0.000000,0.000,0.000,AP
2026-04-08 13:11:26,1900-01-00 00:00:00,1019-wombat,B8:27:EB:7C:81:10,-56, WPA ,0.000000,0.000000,0.000,0.000,AP
2026-04-08 13:11:26,1900-01-00 00:00:00,1019-wombat,B8:27:EB:7C:81:10,-56, WPA ,0.000000,0.000000,0.000,0.000,AP
2026-04-08 13:11:26,1900-01-00 00:00:00,1019-wombat,B8:27:EB:7C:81:10,-54, WPA ,0.000000,0.000000,0.000,0.000,AP
2026-04-08 13:11:26,1900-01-00 00:00:00,1019-wombat,B8:27:EB:7C:81:10,-56, WPA ,0.000000,0.000000,0.000,0.000,AP
2026-04-08 13:11:26,1900-01-00 00:00:00,1019-wombat,B8:27:EB:7C:81:10,-55, WPA ,0.000000,0.000000,0.000,0.000,AP
2026-04-08 13:11:26,1900-01-00 00:00:00,1019-wombat,B8:27:EB:7C:81:10,-56, WPA ,0.000000,0.000000,0.000,0.000,AP
2026-04-08 13:11:26,1900-01-00 00:00:00,1019-wombat,B8:27:EB:7C:81:10,-56, WPA ,0.000000,0.000000,0.000,0.000,AP
2026-04-08 13:11:26,1900-01-00 00:00:00,1019-wombat,B8:27:EB:7C:81:10,-56, WPA ,0.000000,0.000000,0.000,0.000,AP
2026-04-08 13:11:26,1900-01-00 00:00:00,1019-wombat,B8:27:EB:7C:81:10,-55, WPA ,0.000000,0.000000,0.000,0.000,AP
2026-04-08 13:11:26,1900-01-00 00:00:00,1019-wombat,B8:27:EB:7C:81:10,-55, WPA ,0.000000,0.000000,0.000,0.000,AP
2026-04-08 13:11:27,1900-01-00 00:00:00,1019-wombat,B8:27:EB:7C:81:10,-55, WPA ,0.000000,0.000000,0.000,0.000,AP
2026-04-08 13:11:27,1900-01-00 00:00:00,1019-wombat,B8:27:EB:7C:81:10,-54, WPA ,0.000000,0.000000,0.000,0.000,AP
2026-04-08 13:11:27,1900-01-00 00:00:00,1019-wombat,B8:27:EB:7C:81:10,-54, WPA ,0.000000,0.000000,0.000,0.000,AP
2026-04-08 13:11:27,1900-01-00 00:00:00,,C4:CB:76:AF:5C:A8,-56,,0.000000,0.000000,0.000,0.000,Client
2026-04-08 13:11:27,1900-01-00 00:00:00,1019-wombat,B8:27:EB:7C:81:10,-54, WPA ,0.000000,0.000000,0.000,0.000,AP
2026-04-08 13:11:27,1900-01-00 00:00:00,,C4:CB:76:AF:5C:A8,-55,,0.000000,0.000000,0.000,0.000,Client
2026-04-08 13:11:27,1900-01-00 00:00:00,1019-wombat,B8:27:EB:7C:81:10,-55, WPA ,0.000000,0.000000,0.000,0.000,AP
2026-04-08 13:11:27,1900-01-00 00:00:00,1019-wombat,B8:27:EB:7C:81:10,-54, WPA ,0.000000,0.000000,0.000,0.000,AP
2026-04-08 13:11:27,1900-01-00 00:00:00,1019-wombat,B8:27:EB:7C:81:10,-55, WPA ,0.000000,0.000000,0.000,0.000,AP
2026-04-08 13:11:27,1900-01-00 00:00:00,,C4:CB:76:AF:5C:A8,-56,,0.000000,0.000000,0.000,0.000,Client
2026-04-08 13:11:27,1900-01-00 00:00:00,1019-wombat,B8:27:EB:7C:81:10,-54, WPA ,0.000000,0.000000,0.000,0.000,AP
2026-04-08 13:11:27,1900-01-00 00:00:00,,C4:CB:76:AF:5C:A8,-56,,0.000000,0.000000,0.000,0.000,Client
2026-04-08 13:11:27,1900-01-00 00:00:00,1019-wombat,B8:27:EB:7C:81:10,-54, WPA ,0.000000,0.000000,0.000,0.000,AP
2026-04-08 13:11:27,1900-01-00 00:00:00,,C4:CB:76:AF:5C:A8,-56,,0.000000,0.000000,0.000,0.000,Client
2026-04-08 13:11:27,1900-01-00 00:00:00,1019-wombat,B8:27:EB:7C:81:10,-54, WPA ,0.000000,0.000000,0.000,0.000,AP
2026-04-08 13:11:27,1900-01-00 00:00:00,1019-wombat,B8:27:EB:7C:81:10,-54, WPA ,0.000000,0.000000,0.000,0.000,AP
2026-04-08 13:11:27,1900-01-00 00:00:00,1019-wombat,B8:27:EB:7C:81:10,-54, WPA ,0.000000,0.000000,0.000,0.000,AP
2026-04-08 13:11:27,1900-01-00 00:00:00,1019-wombat,B8:27:EB:7C:81:10,-55, WPA ,0.000000,0.000000,0.000,0.000,AP
2026-04-08 13:11:27,1900-01-00 00:00:00,1019-wombat,B8:27:EB:7C:81:10,-54, WPA ,0.000000,0.000000,0.000,0.000,AP
2026-04-08 13:11:27,1900-01-00 00:00:00,1019-wombat,B8:27:EB:7C:81:10,-54, WPA ,0.000000,0.000000,0.000,0.000,AP
2026-04-08 13:11:27,1900-01-00 00:00:00,1019-wombat,B8:27:EB:7C:81:10,-54, WPA ,0.000000,0.000000,0.000,0.000,AP
2026-04-08 13:11:27,1900-01-00 00:00:00,1019-wombat,B8:27:EB:7C:81:10,-55, WPA ,0.000000,0.000000,0.000,0.000,AP
2026-04-08 13:11:27,1900-01-00 00:00:00,1019-wombat,B8:27:EB:7C:81:10,-52, WPA ,0.000000,0.000000,0.000,0.000,AP
2026-04-08 13:11:27,1900-01-00 00:00:00,1019-wombat,B8:27:EB:7C:81:10,-55, WPA ,0.000000,0.000000,0.000,0.000,AP
2026-04-08 13:11:27,1900-01-00 00:00:00,1019-wombat,B8:27:EB:7C:81:10,-55, WPA ,0.000000,0.000000,0.000,0.000,AP
2026-04-08 13:11:27,1900-01-00 00:00:00,1019-wombat,B8:27:EB:7C:81:10,-55, WPA ,0.000000,0.000000,0.000,0.000,AP
2026-04-08 13:11:27,1900-01-00 00:00:00,1019-wombat,B8:27:EB:7C:81:10,-54, WPA ,0.000000,0.000000,0.000,0.000,AP
2026-04-08 13:11:27,1900-01-00 00:00:00,1019-wombat,B8:27:EB:7C:81:10,-54, WPA ,0.000000,0.000000,0.000,0.000,AP
2026-04-08 13:11:27,1900-01-00 00:00:00,1019-wombat,B8:27:EB:7C:81:10,-53, WPA ,0.000000,0.000000,0.000,0.000,AP
2026-04-08 13:11:27,1900-01-00 00:00:00,1019-wombat,B8:27:EB:7C:81:10,-55, WPA ,0.000000,0.000000,0.000,0.000,AP
2026-04-08 13:11:27,1900-01-00 00:00:00,1019-wombat,B8:27:EB:7C:81:10,-55, WPA ,0.000000,0.000000,0.000,0.000,AP
2026-04-08 13:11:27,1900-01-00 00:00:00,1019-wombat,B8:27:EB:7C:81:10,-54, WPA ,0.000000,0.000000,0.000,0.000,AP
2026-04-08 13:11:27,1900-01-00 00:00:00,1019-wombat,B8:27:EB:7C:81:10,-52, WPA ,0.000000,0.000000,0.000,0.000,AP
2026-04-08 13:11:27,1900-01-00 00:00:00,1019-wombat,B8:27:EB:7C:81:10,-54, WPA ,0.000000,0.000000,0.000,0.000,AP
2026-04-08 13:11:27,1900-01-00 00:00:00,1019-wombat,B8:27:EB:7C:81:10,-55, WPA ,0.000000,0.000000,0.000,0.000,AP
2026-04-08 13:11:27,1900-01-00 00:00:00,1019-wombat,B8:27:EB:7C:81:10,-54, WPA ,0.000000,0.000000,0.000,0.000,AP
2026-04-08 13:11:27,1900-01-00 00:00:00,1019-wombat,B8:27:EB:7C:81:10,-55, WPA ,0.000000,0.000000,0.000,0.000,AP
2026-04-08 13:11:27,1900-01-00 00:00:00,1019-wombat,B8:27:EB:7C:81:10,-55, WPA ,0.000000,0.000000,0.000,0.000,AP
2026-04-08 13:11:27,1900-01-00 00:00:00,1019-wombat,B8:27:EB:7C:81:10,-55, WPA ,0.000000,0.000000,0.000,0.000,AP
2026-04-08 13:11:27,1900-01-00 00:00:00,1019-wombat,B8:27:EB:7C:81:10,-54, WPA ,0.000000,0.000000,0.000,0.000,AP
2026-04-08 13:11:27,1900-01-00 00:00:00,1019-wombat,B8:27:EB:7C:81:10,-53, WPA ,0.000000,0.000000,0.000,0.000,AP
2026-04-08 13:11:27,1900-01-00 00:00:00,1019-wombat,B8:27:EB:7C:81:10,-55, WPA ,0.000000,0.000000,0.000,0.000,AP
2026-04-08 13:11:27,1900-01-00 00:00:00,1019-wombat,B8:27:EB:7C:81:10,-54, WPA ,0.000000,0.000000,0.000,0.000,AP
2026-04-08 13:11:27,1900-01-00 00:00:00,1019-wombat,B8:27:EB:7C:81:10,-54, WPA ,0.000000,0.000000,0.000,0.000,AP
2026-04-08 13:11:27,1900-01-00 00:00:00,1019-wombat,B8:27:EB:7C:81:10,-55, WPA ,0.000000,0.000000,0.000,0.000,AP
2026-04-08 13:11:27,1900-01-00 00:00:00,1019-wombat,B8:27:EB:7C:81:10,-55, WPA ,0.000000,0.000000,0.000,0.000,AP
2026-04-08 13:11:27,1900-01-00 00:00:00,1019-wombat,B8:27:EB:7C:81:10,-55, WPA ,0.000000,0.000000,0.000,0.000,AP
2026-04-08 13:11:27,1900-01-00 00:00:00,1019-wombat,B8:27:EB:7C:81:10,-55, WPA ,0.000000,0.000000,0.000,0.000,AP
2026-04-08 13:11:27,1900-01-00 00:00:00,1019-wombat,B8:27:EB:7C:81:10,-52, WPA ,0.000000,0.000000,0.000,0.000,AP
2026-04-08 13:11:27,1900-01-00 00:00:00,1019-wombat,B8:27:EB:7C:81:10,-55, WPA ,0.000000,0.000000,0.000,0.000,AP
2026-04-08 13:11:27,1900-01-00 00:00:00,1019-wombat,B8:27:EB:7C:81:10,-56, WPA ,0.000000,0.000000,0.000,0.000,AP
2026-04-08 13:11:27,1900-01-00 00:00:00,1019-wombat,B8:27:EB:7C:81:10,-55, WPA ,0.000000,0.000000,0.000,0.000,AP
2026-04-08 13:11:27,1900-01-00 00:00:00,1019-wombat,B8:27:EB:7C:81:10,-55, WPA ,0.000000,0.000000,0.000,0.000,AP
2026-04-08 13:11:27,1900-01-00 00:00:00,1019-wombat,B8:27:EB:7C:81:10,-55, WPA ,0.000000,0.000000,0.000,0.000,AP
2026-04-08 13:11:27,1900-01-00 00:00:00,1019-wombat,B8:27:EB:7C:81:10,-55, WPA ,0.000000,0.000000,0.000,0.000,AP
2026-04-08 13:11:27,1900-01-00 00:00:00,1019-wombat,B8:27:EB:7C:81:10,-55, WPA ,0.000000,0.000000,0.000,0.000,AP
2026-04-08 13:11:27,1900-01-00 00:00:00,1019-wombat,B8:27:EB:7C:81:10,-55, WPA ,0.000000,0.000000,0.000,0.000,AP
2026-04-08 13:11:27,1900-01-00 00:00:00,1019-wombat,B8:27:EB:7C:81:10,-55, WPA ,0.000000,0.000000,0.000,0.000,AP
2026-04-08 13:11:27,1900-01-00 00:00:00,1019-wombat,B8:27:EB:7C:81:10,-55, WPA ,0.000000,0.000000,0.000,0.000,AP
2026-04-08 13:11:27,1900-01-00 00:00:00,,C4:CB:76:AF:5C:A8,-54,,0.000000,0.000000,0.000,0.000,Client
2026-04-08 13:11:27,1900-01-00 00:00:00,,C4:CB:76:AF:5C:A8,-53,,0.000000,0.000000,0.000,0.000,Client
2026-04-08 13:11:27,1900-01-00 00:00:00,1019-wombat,B8:27:EB:7C:81:10,-55, WPA ,0.000000,0.000000,0.000,0.000,AP
2026-04-08 13:11:27,1900-01-00 00:00:00,,C4:CB:76:AF:5C:A8,-53,,0.000000,0.000000,0.000,0.000,Client
2026-04-08 13:11:27,1900-01-00 00:00:00,,C4:CB:76:AF:5C:A8,-53,,0.000000,0.000000,0.000,0.000,Client
2026-04-08 13:11:27,1900-01-00 00:00:00,1019-wombat,B8:27:EB:7C:81:10,-52, WPA ,0.000000,0.000000,0.000,0.000,AP
2026-04-08 13:11:27,1900-01-00 00:00:00,1019-wombat,B8:27:EB:7C:81:10,-55, WPA ,0.000000,0.000000,0.000,0.000,AP
2026-04-08 13:11:27,1900-01-00 00:00:00,1019-wombat,B8:27:EB:7C:81:10,-55, WPA ,0.000000,0.000000,0.000,0.000,AP
2026-04-08 13:11:27,1900-01-00 00:00:00,1019-wombat,B8:27:EB:7C:81:10,-54, WPA ,0.000000,0.000000,0.000,0.000,AP
2026-04-08 13:11:27,1900-01-00 00:00:00,1019-wombat,B8:27:EB:7C:81:10,-54, WPA ,0.000000,0.000000,0.000,0.000,AP
2026-04-08 13:11:27,1900-01-00 00:00:00,1019-wombat,B8:27:EB:7C:81:10,-54, WPA ,0.000000,0.000000,0.000,0.000,AP
2026-04-08 13:11:27,1900-01-00 00:00:00,1019-wombat,B8:27:EB:7C:81:10,-53, WPA ,0.000000,0.000000,0.000,0.000,AP
2026-04-08 13:11:27,1900-01-00 00:00:00,1019-wombat,B8:27:EB:7C:81:10,-54, WPA ,0.000000,0.000000,0.000,0.000,AP
2026-04-08 13:11:27,1900-01-00 00:00:00,1019-wombat,B8:27:EB:7C:81:10,-53, WPA ,0.000000,0.000000,0.000,0.000,AP
2026-04-08 13:11:27,1900-01-00 00:00:00,1019-wombat,B8:27:EB:7C:81:10,-54, WPA ,0.000000,0.000000,0.000,0.000,AP
2026-04-08 13:11:28,1900-01-00 00:00:00,1019-wombat,B8:27:EB:7C:81:10,-54, WPA ,0.000000,0.000000,0.000,0.000,AP
2026-04-08 13:11:28,1900-01-00 00:00:00,1019-wombat,B8:27:EB:7C:81:10,-55, WPA ,0.000000,0.000000,0.000,0.000,AP
2026-04-08 13:11:28,1900-01-00 00:00:00,1019-wombat,B8:27:EB:7C:81:10,-55, WPA ,0.000000,0.000000,0.000,0.000,AP
2026-04-08 13:11:28,1900-01-00 00:00:00,1019-wombat,B8:27:EB:7C:81:10,-54, WPA ,0.000000,0.000000,0.000,0.000,AP
2026-04-08 13:11:28,1900-01-00 00:00:00,1019-wombat,B8:27:EB:7C:81:10,-55, WPA ,0.000000,0.000000,0.000,0.000,AP
2026-04-08 13:11:28,1900-01-00 00:00:00,1019-wombat,B8:27:EB:7C:81:10,-55, WPA ,0.000000,0.000000,0.000,0.000,AP
2026-04-08 13:11:28,1900-01-00 00:00:00,1019-wombat,B8:27:EB:7C:81:10,-55, WPA ,0.000000,0.000000,0.000,0.000,AP
2026-04-08 13:11:28,1900-01-00 00:00:00,1019-wombat,B8:27:EB:7C:81:10,-55, WPA ,0.000000,0.000000,0.000,0.000,AP
2026-04-08 13:11:28,1900-01-00 00:00:00,1019-wombat,B8:27:EB:7C:81:10,-56, WPA ,0.000000,0.000000,0.000,0.000,AP
2026-04-08 13:11:28,1900-01-00 00:00:00,1019-wombat,B8:27:EB:7C:81:10,-54, WPA ,0.000000,0.000000,0.000,0.000,AP
2026-04-08 13:11:28,1900-01-00 00:00:00,1019-wombat,B8:27:EB:7C:81:10,-55, WPA ,0.000000,0.000000,0.000,0.000,AP
2026-04-08 13:11:28,1900-01-00 00:00:00,1019-wombat,B8:27:EB:7C:81:10,-58, WPA ,0.000000,0.000000,0.000,0.000,AP
2026-04-08 13:11:28,1900-01-00 00:00:00,1019-wombat,B8:27:EB:7C:81:10,-59, WPA ,0.000000,0.000000,0.000,0.000,AP
2026-04-08 13:11:28,1900-01-00 00:00:00,1019-wombat,B8:27:EB:7C:81:10,-57, WPA ,0.000000,0.000000,0.000,0.000,AP
2026-04-08 13:11:28,1900-01-00 00:00:00,1019-wombat,B8:27:EB:7C:81:10,-57, WPA ,0.000000,0.000000,0.000,0.000,AP
2026-04-08 13:11:28,1900-01-00 00:00:00,1019-wombat,B8:27:EB:7C:81:10,-57, WPA ,0.000000,0.000000,0.000,0.000,AP
2026-04-08 13:11:28,1900-01-00 00:00:00,1019-wombat,B8:27:EB:7C:81:10,-58, WPA ,0.000000,0.000000,0.000,0.000,AP
2026-04-08 13:11:28,1900-01-00 00:00:00,1019-wombat,B8:27:EB:7C:81:10,-58, WPA ,0.000000,0.000000,0.000,0.000,AP
2026-04-08 13:11:28,1900-01-00 00:00:00,1019-wombat,B8:27:EB:7C:81:10,-58, WPA ,0.000000,0.000000,0.000,0.000,AP
2026-04-08 13:11:28,1900-01-00 00:00:00,1019-wombat,B8:27:EB:7C:81:10,-58, WPA ,0.000000,0.000000,0.000,0.000,AP
2026-04-08 13:11:28,1900-01-00 00:00:00,1019-wombat,B8:27:EB:7C:81:10,-58, WPA ,0.000000,0.000000,0.000,0.000,AP
2026-04-08 13:11:28,1900-01-00 00:00:00,1019-wombat,B8:27:EB:7C:81:10,-58, WPA ,0.000000,0.000000,0.000,0.000,AP
2026-04-08 13:11:28,1900-01-00 00:00:00,1019-wombat,B8:27:EB:7C:81:10,-58, WPA ,0.000000,0.000000,0.000,0.000,AP
2026-04-08 13:11:28,1900-01-00 00:00:00,1019-wombat,B8:27:EB:7C:81:10,-58, WPA ,0.000000,0.000000,0.000,0.000,AP
2026-04-08 13:11:28,1900-01-00 00:00:00,1019-wombat,B8:27:EB:7C:81:10,-57, WPA ,0.000000,0.000000,0.000,0.000,AP
2026-04-08 13:11:28,1900-01-00 00:00:00,1019-wombat,B8:27:EB:7C:81:10,-58, WPA ,0.000000,0.000000,0.000,0.000,AP
2026-04-08 13:11:28,1900-01-00 00:00:00,1019-wombat,B8:27:EB:7C:81:10,-56, WPA ,0.000000,0.000000,0.000,0.000,AP
2026-04-08 13:11:28,1900-01-00 00:00:00,1019-wombat,B8:27:EB:7C:81:10,-58, WPA ,0.000000,0.000000,0.000,0.000,AP
2026-04-08 13:11:28,1900-01-00 00:00:00,1019-wombat,B8:27:EB:7C:81:10,-59, WPA ,0.000000,0.000000,0.000,0.000,AP
2026-04-08 13:11:28,1900-01-00 00:00:00,1019-wombat,B8:27:EB:7C:81:10,-58, WPA ,0.000000,0.000000,0.000,0.000,AP
2026-04-08 13:11:28,1900-01-00 00:00:00,1019-wombat,B8:27:EB:7C:81:10,-58, WPA ,0.000000,0.000000,0.000,0.000,AP
2026-04-08 13:11:28,1900-01-00 00:00:00,1019-wombat,B8:27:EB:7C:81:10,-59, WPA ,0.000000,0.000000,0.000,0.000,AP
2026-04-08 13:11:28,1900-01-00 00:00:00,1019-wombat,B8:27:EB:7C:81:10,-58, WPA ,0.000000,0.000000,0.000,0.000,AP
2026-04-08 13:11:28,1900-01-00 00:00:00,1019-wombat,B8:27:EB:7C:81:10,-58, WPA ,0.000000,0.000000,0.000,0.000,AP
2026-04-08 13:11:28,1900-01-00 00:00:00,1019-wombat,B8:27:EB:7C:81:10,-59, WPA ,0.000000,0.000000,0.000,0.000,AP
2026-04-08 13:11:28,1900-01-00 00:00:00,1019-wombat,B8:27:EB:7C:81:10,-58, WPA ,0.000000,0.000000,0.000,0.000,AP
2026-04-08 13:11:28,1900-01-00 00:00:00,1019-wombat,B8:27:EB:7C:81:10,-58, WPA ,0.000000,0.000000,0.000,0.000,AP
2026-04-08 13:11:28,1900-01-00 00:00:00,1019-wombat,B8:27:EB:7C:81:10,-58, WPA ,0.000000,0.000000,0.000,0.000,AP
2026-04-08 13:11:28,1900-01-00 00:00:00,1019-wombat,B8:27:EB:7C:81:10,-58, WPA ,0.000000,0.000000,0.000,0.000,AP
2026-04-08 13:11:28,1900-01-00 00:00:00,1019-wombat,B8:27:EB:7C:81:10,-56, WPA ,0.000000,0.000000,0.000,0.000,AP
2026-04-08 13:11:29,1900-01-00 00:00:00,1019-wombat,B8:27:EB:7C:81:10,-52, WPA ,0.000000,0.000000,0.000,0.000,AP
2026-04-08 13:11:29,1900-01-00 00:00:00,1019-wombat,B8:27:EB:7C:81:10,-55, WPA ,0.000000,0.000000,0.000,0.000,AP
2026-04-08 13:11:29,1900-01-00 00:00:00,1019-wombat,B8:27:EB:7C:81:10,-55, WPA ,0.000000,0.000000,0.000,0.000,AP
2026-04-08 13:11:29,1900-01-00 00:00:00,1019-wombat,B8:27:EB:7C:81:10,-52, WPA ,0.000000,0.000000,0.000,0.000,AP
2026-04-08 13:11:29,1900-01-00 00:00:00,1019-wombat,B8:27:EB:7C:81:10,-56, WPA ,0.000000,0.000000,0.000,0.000,AP
2026-04-08 13:11:29,1900-01-00 00:00:00,1019-wombat,B8:27:EB:7C:81:10,-57, WPA ,0.000000,0.000000,0.000,0.000,AP
2026-04-08 13:11:29,1900-01-00 00:00:00,1019-wombat,B8:27:EB:7C:81:10,-55, WPA ,0.000000,0.000000,0.000,0.000,AP
2026-04-08 13:11:29,1900-01-00 00:00:00,1019-wombat,B8:27:EB:7C:81:10,-57, WPA ,0.000000,0.000000,0.000,0.000,AP
2026-04-08 13:11:29,1900-01-00 00:00:00,1019-wombat,B8:27:EB:7C:81:10,-58, WPA ,0.000000,0.000000,0.000,0.000,AP
2026-04-08 13:11:29,1900-01-00 00:00:00,1019-wombat,B8:27:EB:7C:81:10,-57, WPA ,0.000000,0.000000,0.000,0.000,AP
2026-04-08 13:11:29,1900-01-00 00:00:00,1019-wombat,B8:27:EB:7C:81:10,-56, WPA ,0.000000,0.000000,0.000,0.000,AP
2026-04-08 13:11:29,1900-01-00 00:00:00,1019-wombat,B8:27:EB:7C:81:10,-57, WPA ,0.000000,0.000000,0.000,0.000,AP
2026-04-08 13:11:29,1900-01-00 00:00:00,1019-wombat,B8:27:EB:7C:81:10,-57, WPA ,0.000000,0.000000,0.000,0.000,AP
2026-04-08 13:11:29,1900-01-00 00:00:00,1019-wombat,B8:27:EB:7C:81:10,-57, WPA ,0.000000,0.000000,0.000,0.000,AP
2026-04-08 13:11:29,1900-01-00 00:00:00,1019-wombat,B8:27:EB:7C:81:10,-57, WPA ,0.000000,0.000000,0.000,0.000,AP
2026-04-08 13:11:29,1900-01-00 00:00:00,1019-wombat,B8:27:EB:7C:81:10,-57, WPA ,0.000000,0.000000,0.000,0.000,AP
2026-04-08 13:11:29,1900-01-00 00:00:00,1019-wombat,B8:27:EB:7C:81:10,-57, WPA ,0.000000,0.000000,0.000,0.000,AP
2026-04-08 13:11:29,1900-01-00 00:00:00,1019-wombat,B8:27:EB:7C:81:10,-55, WPA ,0.000000,0.000000,0.000,0.000,AP
2026-04-08 13:11:29,1900-01-00 00:00:00,1019-wombat,B8:27:EB:7C:81:10,-58, WPA ,0.000000,0.000000,0.000,0.000,AP
2026-04-08 13:11:29,1900-01-00 00:00:00,1019-wombat,B8:27:EB:7C:81:10,-56, WPA ,0.000000,0.000000,0.000,0.000,AP
2026-04-08 13:11:30,1900-01-00 00:00:00,1019-wombat,B8:27:EB:7C:81:10,-56, WPA ,0.000000,0.000000,0.000,0.000,AP
2026-04-08 13:11:30,1900-01-00 00:00:00,1019-wombat,B8:27:EB:7C:81:10,-56, WPA ,0.000000,0.000000,0.000,0.000,AP
2026-04-08 13:11:30,1900-01-00 00:00:00,1019-wombat,B8:27:EB:7C:81:10,-55, WPA ,0.000000,0.000000,0.000,0.000,AP
2026-04-08 13:11:30,1900-01-00 00:00:00,1019-wombat,B8:27:EB:7C:81:10,-55, WPA ,0.000000,0.000000,0.000,0.000,AP
2026-04-08 13:11:30,1900-01-00 00:00:00,1019-wombat,B8:27:EB:7C:81:10,-55, WPA ,0.000000,0.000000,0.000,0.000,AP
2026-04-08 13:11:30,1900-01-00 00:00:00,1019-wombat,B8:27:EB:7C:81:10,-42, WPA ,0.000000,0.000000,0.000,0.000,AP
2026-04-08 13:11:30,1900-01-00 00:00:00,1019-wombat,B8:27:EB:7C:81:10,-42, WPA ,0.000000,0.000000,0.000,0.000,AP
2026-04-08 13:11:30,1900-01-00 00:00:00,1019-wombat,B8:27:EB:7C:81:10,-42, WPA ,0.000000,0.000000,0.000,0.000,AP
2026-04-08 13:11:30,1900-01-00 00:00:00,1019-wombat,B8:27:EB:7C:81:10,-55, WPA ,0.000000,0.000000,0.000,0.000,AP
2026-04-08 13:11:30,1900-01-00 00:00:00,1019-wombat,B8:27:EB:7C:81:10,-55, WPA ,0.000000,0.000000,0.000,0.000,AP
2026-04-08 13:11:30,1900-01-00 00:00:00,1019-wombat,B8:27:EB:7C:81:10,-55, WPA ,0.000000,0.000000,0.000,0.000,AP
2026-04-08 13:11:30,1900-01-00 00:00:00,1019-wombat,B8:27:EB:7C:81:10,-55, WPA ,0.000000,0.000000,0.000,0.000,AP
2026-04-08 13:11:30,1900-01-00 00:00:00,1019-wombat,B8:27:EB:7C:81:10,-55, WPA ,0.000000,0.000000,0.000,0.000,AP
2026-04-08 13:11:30,1900-01-00 00:00:00,1019-wombat,B8:27:EB:7C:81:10,-55, WPA ,0.000000,0.000000,0.000,0.000,AP
2026-04-08 13:11:30,1900-01-00 00:00:00,1019-wombat,B8:27:EB:7C:81:10,-35, WPA ,0.000000,0.000000,0.000,0.000,AP
2026-04-08 13:11:30,1900-01-00 00:00:00,1019-wombat,B8:27:EB:7C:81:10,-35, WPA ,0.000000,0.000000,0.000,0.000,AP
2026-04-08 13:11:30,1900-01-00 00:00:00,1019-wombat,B8:27:EB:7C:81:10,-35, WPA ,0.000000,0.000000,0.000,0.000,AP
2026-04-08 13:11:30,1900-01-00 00:00:00,1019-wombat,B8:27:EB:7C:81:10,-35, WPA ,0.000000,0.000000,0.000,0.000,AP
2026-04-08 13:11:30,1900-01-00 00:00:00,1019-wombat,B8:27:EB:7C:81:10,-35, WPA ,0.000000,0.000000,0.000,0.000,AP
2026-04-08 13:11:30,1900-01-00 00:00:00,1019-wombat,B8:27:EB:7C:81:10,-35, WPA ,0.000000,0.000000,0.000,0.000,AP
2026-04-08 13:11:30,1900-01-00 00:00:00,1019-wombat,B8:27:EB:7C:81:10,-35, WPA ,0.000000,0.000000,0.000,0.000,AP
2026-04-08 13:11:30,1900-01-00 00:00:00,1019-wombat,B8:27:EB:7C:81:10,-35, WPA ,0.000000,0.000000,0.000,0.000,AP
2026-04-08 13:11:30,1900-01-00 00:00:00,1019-wombat,B8:27:EB:7C:81:10,-35, WPA ,0.000000,0.000000,0.000,0.000,AP
2026-04-08 13:11:30,1900-01-00 00:00:00,1019-wombat,B8:27:EB:7C:81:10,-35, WPA ,0.000000,0.000000,0.000,0.000,AP
2026-04-08 13:11:30,1900-01-00 00:00:00,1019-wombat,B8:27:EB:7C:81:10,-35, WPA ,0.000000,0.000000,0.000,0.000,AP
2026-04-08 13:11:30,1900-01-00 00:00:00,1019-wombat,B8:27:EB:7C:81:10,-35, WPA ,0.000000,0.000000,0.000,0.000,AP
2026-04-08 13:11:30,1900-01-00 00:00:00,1019-wombat,B8:27:EB:7C:81:10,-42, WPA ,0.000000,0.000000,0.000,0.000,AP
2026-04-08 13:11:30,1900-01-00 00:00:00,,C4:CB:76:AF:5C:A8,-56,,0.000000,0.000000,0.000,0.000,Client
2026-04-08 13:11:30,1900-01-00 00:00:00,1019-wombat,B8:27:EB:7C:81:10,-56, WPA ,0.000000,0.000000,0.000,0.000,AP
2026-04-08 13:11:30,1900-01-00 00:00:00,1019-wombat,B8:27:EB:7C:81:10,-56, WPA ,0.000000,0.000000,0.000,0.000,AP
2026-04-08 13:11:30,1900-01-00 00:00:00,1019-wombat,B8:27:EB:7C:81:10,-56, WPA ,0.000000,0.000000,0.000,0.000,AP
2026-04-08 13:11:30,1900-01-00 00:00:00,1019-wombat,B8:27:EB:7C:81:10,-56, WPA ,0.000000,0.000000,0.000,0.000,AP
2026-04-08 13:11:30,1900-01-00 00:00:00,,C4:CB:76:AF:5C:A8,-55,,0.000000,0.000000,0.000,0.000,Client
2026-04-08 13:11:30,1900-01-00 00:00:00,1019-wombat,B8:27:EB:7C:81:10,-56, WPA ,0.000000,0.000000,0.000,0.000,AP
2026-04-08 13:11:30,1900-01-00 00:00:00,1019-wombat,B8:27:EB:7C:81:10,-56, WPA ,0.000000,0.000000,0.000,0.000,AP
2026-04-08 13:11:30,1900-01-00 00:00:00,1019-wombat,B8:27:EB:7C:81:10,-56, WPA ,0.000000,0.000000,0.000,0.000,AP
2026-04-08 13:11:30,1900-01-00 00:00:00,1019-wombat,B8:27:EB:7C:81:10,-56, WPA ,0.000000,0.000000,0.000,0.000,AP
2026-04-08 13:11:30,1900-01-00 00:00:00,1019-wombat,B8:27:EB:7C:81:10,-56, WPA ,0.000000,0.000000,0.000,0.000,AP
2026-04-08 13:11:30,1900-01-00 00:00:00,1019-wombat,B8:27:EB:7C:81:10,-56, WPA ,0.000000,0.000000,0.000,0.000,AP
2026-04-08 13:11:30,1900-01-00 00:00:00,1019-wombat,B8:27:EB:7C:81:10,-56, WPA ,0.000000,0.000000,0.000,0.000,AP
2026-04-08 13:11:30,1900-01-00 00:00:00,1019-wombat,B8:27:EB:7C:81:10,-56, WPA ,0.000000,0.000000,0.000,0.000,AP
2026-04-08 13:11:30,1900-01-00 00:00:00,1019-wombat,B8:27:EB:7C:81:10,-56, WPA ,0.000000,0.000000,0.000,0.000,AP
2026-04-08 13:11:30,1900-01-00 00:00:00,,C4:CB:76:AF:5C:A8,-55,,0.000000,0.000000,0.000,0.000,Client
2026-04-08 13:11:30,1900-01-00 00:00:00,1019-wombat,B8:27:EB:7C:81:10,-56, WPA ,0.000000,0.000000,0.000,0.000,AP
2026-04-08 13:11:30,1900-01-00 00:00:00,1019-wombat,B8:27:EB:7C:81:10,-56, WPA ,0.000000,0.000000,0.000,0.000,AP
2026-04-08 13:11:30,1900-01-00 00:00:00,1019-wombat,B8:27:EB:7C:81:10,-55, WPA ,0.000000,0.000000,0.000,0.000,AP
2026-04-08 13:11:30,1900-01-00 00:00:00,1019-wombat,B8:27:EB:7C:81:10,-55, WPA ,0.000000,0.000000,0.000,0.000,AP
2026-04-08 13:11:30,1900-01-00 00:00:00,1019-wombat,B8:27:EB:7C:81:10,-55, WPA ,0.000000,0.000000,0.000,0.000,AP
2026-04-08 13:11:30,1900-01-00 00:00:00,1019-wombat,B8:27:EB:7C:81:10,-55, WPA ,0.000000,0.000000,0.000,0.000,AP
2026-04-08 13:11:30,1900-01-00 00:00:00,,C4:CB:76:AF:5C:A8,-55,,0.000000,0.000000,0.000,0.000,Client
2026-04-08 13:11:30,1900-01-00 00:00:00,1019-wombat,B8:27:EB:7C:81:10,-55, WPA ,0.000000,0.000000,0.000,0.000,AP
2026-04-08 13:11:30,1900-01-00 00:00:00,1019-wombat,B8:27:EB:7C:81:10,-56, WPA ,0.000000,0.000000,0.000,0.000,AP
2026-04-08 13:11:30,1900-01-00 00:00:00,1019-wombat,B8:27:EB:7C:81:10,-55, WPA ,0.000000,0.000000,0.000,0.000,AP
2026-04-08 13:11:30,1900-01-00 00:00:00,1019-wombat,B8:27:EB:7C:81:10,-55, WPA ,0.000000,0.000000,0.000,0.000,AP
2026-04-08 13:11:30,1900-01-00 00:00:00,1019-wombat,B8:27:EB:7C:81:10,-55, WPA ,0.000000,0.000000,0.000,0.000,AP
2026-04-08 13:11:30,1900-01-00 00:00:00,1019-wombat,B8:27:EB:7C:81:10,-55, WPA ,0.000000,0.000000,0.000,0.000,AP
2026-04-08 13:11:30,1900-01-00 00:00:00,1019-wombat,B8:27:EB:7C:81:10,-56, WPA ,0.000000,0.000000,0.000,0.000,AP
2026-04-08 13:11:30,1900-01-00 00:00:00,1019-wombat,B8:27:EB:7C:81:10,-56, WPA ,0.000000,0.000000,0.000,0.000,AP
2026-04-08 13:11:30,1900-01-00 00:00:00,1019-wombat,B8:27:EB:7C:81:10,-56, WPA ,0.000000,0.000000,0.000,0.000,AP
2026-04-08 13:11:30,1900-01-00 00:00:00,1019-wombat,B8:27:EB:7C:81:10,-56, WPA ,0.000000,0.000000,0.000,0.000,AP
2026-04-08 13:11:30,1900-01-00 00:00:00,1019-wombat,B8:27:EB:7C:81:10,-56, WPA ,0.000000,0.000000,0.000,0.000,AP
2026-04-08 13:11:30,1900-01-00 00:00:00,1019-wombat,B8:27:EB:7C:81:10,-56, WPA ,0.000000,0.000000,0.000,0.000,AP
2026-04-08 13:11:30,1900-01-00 00:00:00,1019-wombat,B8:27:EB:7C:81:10,-55, WPA ,0.000000,0.000000,0.000,0.000,AP
2026-04-08 13:11:30,1900-01-00 00:00:00,1019-wombat,B8:27:EB:7C:81:10,-55, WPA ,0.000000,0.000000,0.000,0.000,AP
2026-04-08 13:11:30,1900-01-00 00:00:00,1019-wombat,B8:27:EB:7C:81:10,-56, WPA ,0.000000,0.000000,0.000,0.000,AP
2026-04-08 13:11:30,1900-01-00 00:00:00,1019-wombat,B8:27:EB:7C:81:10,-56, WPA ,0.000000,0.000000,0.000,0.000,AP
2026-04-08 13:11:30,1900-01-00 00:00:00,1019-wombat,B8:27:EB:7C:81:10,-55, WPA ,0.000000,0.000000,0.000,0.000,AP
2026-04-08 13:11:30,1900-01-00 00:00:00,,C4:CB:76:AF:5C:A8,-56,,0.000000,0.000000,0.000,0.000,Client
2026-04-08 13:11:30,1900-01-00 00:00:00,1019-wombat,B8:27:EB:7C:81:10,-56, WPA ,0.000000,0.000000,0.000,0.000,AP
2026-04-08 13:11:30,1900-01-00 00:00:00,1019-wombat,B8:27:EB:7C:81:10,-56, WPA ,0.000000,0.000000,0.000,0.000,AP
2026-04-08 13:11:30,1900-01-00 00:00:00,1019-wombat,B8:27:EB:7C:81:10,-56, WPA ,0.000000,0.000000,0.000,0.000,AP
2026-04-08 13:11:30,1900-01-00 00:00:00,1019-wombat,B8:27:EB:7C:81:10,-56, WPA ,0.000000,0.000000,0.000,0.000,AP
2026-04-08 13:11:30,1900-01-00 00:00:00,1019-wombat,B8:27:EB:7C:81:10,-56, WPA ,0.000000,0.000000,0.000,0.000,AP
2026-04-08 13:11:30,1900-01-00 00:00:00,1019-wombat,B8:27:EB:7C:81:10,-56, WPA ,0.000000,0.000000,0.000,0.000,AP
2026-04-08 13:11:30,1900-01-00 00:00:00,,C4:CB:76:AF:5C:A8,-56,,0.000000,0.000000,0.000,0.000,Client
2026-04-08 13:11:30,1900-01-00 00:00:00,1019-wombat,B8:27:EB:7C:81:10,-56, WPA ,0.000000,0.000000,0.000,0.000,AP
2026-04-08 13:11:30,1900-01-00 00:00:00,1019-wombat,B8:27:EB:7C:81:10,-42, WPA ,0.000000,0.000000,0.000,0.000,AP
2026-04-08 13:11:30,1900-01-00 00:00:00,1019-wombat,B8:27:EB:7C:81:10,-42, WPA ,0.000000,0.000000,0.000,0.000,AP
2026-04-08 13:11:30,1900-01-00 00:00:00,1019-wombat,B8:27:EB:7C:81:10,-56, WPA ,0.000000,0.000000,0.000,0.000,AP
2026-04-08 13:11:30,1900-01-00 00:00:00,1019-wombat,B8:27:EB:7C:81:10,-56, WPA ,0.000000,0.000000,0.000,0.000,AP
2026-04-08 13:11:30,1900-01-00 00:00:00,1019-wombat,B8:27:EB:7C:81:10,-56, WPA ,0.000000,0.000000,0.000,0.000,AP
2026-04-08 13:11:30,1900-01-00 00:00:00,1019-wombat,B8:27:EB:7C:81:10,-56, WPA ,0.000000,0.000000,0.000,0.000,AP
2026-04-08 13:11:30,1900-01-00 00:00:00,1019-wombat,B8:27:EB:7C:81:10,-56, WPA ,0.000000,0.000000,0.000,0.000,AP
2026-04-08 13:11:30,1900-01-00 00:00:00,1019-wombat,B8:27:EB:7C:81:10,-56, WPA ,0.000000,0.000000,0.000,0.000,AP
2026-04-08 13:11:30,1900-01-00 00:00:00,1019-wombat,B8:27:EB:7C:81:10,-35, WPA ,0.000000,0.000000,0.000,0.000,AP
2026-04-08 13:11:30,1900-01-00 00:00:00,,C4:CB:76:AF:5C:A8,-56,,0.000000,0.000000,0.000,0.000,Client
2026-04-08 13:11:30,1900-01-00 00:00:00,1019-wombat,B8:27:EB:7C:81:10,-56, WPA ,0.000000,0.000000,0.000,0.000,AP
2026-04-08 13:11:30,1900-01-00 00:00:00,1019-wombat,B8:27:EB:7C:81:10,-56, WPA ,0.000000,0.000000,0.000,0.000,AP
2026-04-08 13:11:30,1900-01-00 00:00:00,1019-wombat,B8:27:EB:7C:81:10,-56, WPA ,0.000000,0.000000,0.000,0.000,AP
2026-04-08 13:11:30,1900-01-00 00:00:00,1019-wombat,B8:27:EB:7C:81:10,-56, WPA ,0.000000,0.000000,0.000,0.000,AP
2026-04-08 13:11:30,1900-01-00 00:00:00,1019-wombat,B8:27:EB:7C:81:10,-56, WPA ,0.000000,0.000000,0.000,0.000,AP
2026-04-08 13:11:30,1900-01-00 00:00:00,,C4:CB:76:AF:5C:A8,-56,,0.000000,0.000000,0.000,0.000,Client
2026-04-08 13:11:30,1900-01-00 00:00:00,1019-wombat,B8:27:EB:7C:81:10,-55, WPA ,0.000000,0.000000,0.000,0.000,AP
2026-04-08 13:11:30,1900-01-00 00:00:00,1019-wombat,B8:27:EB:7C:81:10,-56, WPA ,0.000000,0.000000,0.000,0.000,AP
2026-04-08 13:11:30,1900-01-00 00:00:00,1019-wombat,B8:27:EB:7C:81:10,-56, WPA ,0.000000,0.000000,0.000,0.000,AP
2026-04-08 13:11:30,1900-01-00 00:00:00,1019-wombat,B8:27:EB:7C:81:10,-56, WPA ,0.000000,0.000000,0.000,0.000,AP
2026-04-08 13:11:30,1900-01-00 00:00:00,1019-wombat,B8:27:EB:7C:81:10,-56, WPA ,0.000000,0.000000,0.000,0.000,AP
2026-04-08 13:11:30,1900-01-00 00:00:00,1019-wombat,B8:27:EB:7C:81:10,-56, WPA ,0.000000,0.000000,0.000,0.000,AP
2026-04-08 13:11:30,1900-01-00 00:00:00,1019-wombat,B8:27:EB:7C:81:10,-56, WPA ,0.000000,0.000000,0.000,0.000,AP
2026-04-08 13:11:30,1900-01-00 00:00:00,1019-wombat,B8:27:EB:7C:81:10,-56, WPA ,0.000000,0.000000,0.000,0.000,AP
2026-04-08 13:11:30,1900-01-00 00:00:00,1019-wombat,B8:27:EB:7C:81:10,-56, WPA ,0.000000,0.000000,0.000,0.000,AP
2026-04-08 13:11:30,1900-01-00 00:00:00,1019-wombat,B8:27:EB:7C:81:10,-56, WPA ,0.000000,0.000000,0.000,0.000,AP
2026-04-08 13:11:30,1900-01-00 00:00:00,1019-wombat,B8:27:EB:7C:81:10,-56, WPA ,0.000000,0.000000,0.000,0.000,AP
2026-04-08 13:11:30,1900-01-00 00:00:00,1019-wombat,B8:27:EB:7C:81:10,-55, WPA ,0.000000,0.000000,0.000,0.000,AP
2026-04-08 13:11:30,1900-01-00 00:00:00,1019-wombat,B8:27:EB:7C:81:10,-55, WPA ,0.000000,0.000000,0.000,0.000,AP
2026-04-08 13:11:30,1900-01-00 00:00:00,1019-wombat,B8:27:EB:7C:81:10,-41, WPA ,0.000000,0.000000,0.000,0.000,AP
2026-04-08 13:11:30,1900-01-00 00:00:00,1019-wombat,B8:27:EB:7C:81:10,-55, WPA ,0.000000,0.000000,0.000,0.000,AP
2026-04-08 13:11:30,1900-01-00 00:00:00,1019-wombat,B8:27:EB:7C:81:10,-56, WPA ,0.000000,0.000000,0.000,0.000,AP
2026-04-08 13:11:30,1900-01-00 00:00:00,1019-wombat,B8:27:EB:7C:81:10,-56, WPA ,0.000000,0.000000,0.000,0.000,AP
2026-04-08 13:11:30,1900-01-00 00:00:00,1019-wombat,B8:27:EB:7C:81:10,-57, WPA ,0.000000,0.000000,0.000,0.000,AP
2026-04-08 13:11:30,1900-01-00 00:00:00,1019-wombat,B8:27:EB:7C:81:10,-57, WPA ,0.000000,0.000000,0.000,0.000,AP
2026-04-08 13:11:30,1900-01-00 00:00:00,1019-wombat,B8:27:EB:7C:81:10,-57, WPA ,0.000000,0.000000,0.000,0.000,AP
2026-04-08 13:11:30,1900-01-00 00:00:00,1019-wombat,B8:27:EB:7C:81:10,-57, WPA ,0.000000,0.000000,0.000,0.000,AP
2026-04-08 13:11:30,1900-01-00 00:00:00,1019-wombat,B8:27:EB:7C:81:10,-57, WPA ,0.000000,0.000000,0.000,0.000,AP
2026-04-08 13:11:30,1900-01-00 00:00:00,1019-wombat,B8:27:EB:7C:81:10,-57, WPA ,0.000000,0.000000,0.000,0.000,AP
2026-04-08 13:11:30,1900-01-00 00:00:00,1019-wombat,B8:27:EB:7C:81:10,-57, WPA ,0.000000,0.000000,0.000,0.000,AP
2026-04-08 13:11:30,1900-01-00 00:00:00,1019-wombat,B8:27:EB:7C:81:10,-56, WPA ,0.000000,0.000000,0.000,0.000,AP
2026-04-08 13:11:30,1900-01-00 00:00:00,1019-wombat,B8:27:EB:7C:81:10,-56, WPA ,0.000000,0.000000,0.000,0.000,AP
2026-04-08 13:11:30,1900-01-00 00:00:00,1019-wombat,B8:27:EB:7C:81:10,-56, WPA ,0.000000,0.000000,0.000,0.000,AP
2026-04-08 13:11:30,1900-01-00 00:00:00,1019-wombat,B8:27:EB:7C:81:10,-56, WPA ,0.000000,0.000000,0.000,0.000,AP
2026-04-08 13:11:30,1900-01-00 00:00:00,1019-wombat,B8:27:EB:7C:81:10,-56, WPA ,0.000000,0.000000,0.000,0.000,AP
2026-04-08 13:11:30,1900-01-00 00:00:00,1019-wombat,B8:27:EB:7C:81:10,-56, WPA ,0.000000,0.000000,0.000,0.000,AP
2026-04-08 13:11:30,1900-01-00 00:00:00,1019-wombat,B8:27:EB:7C:81:10,-56, WPA ,0.000000,0.000000,0.000,0.000,AP
2026-04-08 13:11:30,1900-01-00 00:00:00,1019-wombat,B8:27:EB:7C:81:10,-54, WPA ,0.000000,0.000000,0.000,0.000,AP
2026-04-08 13:11:30,1900-01-00 00:00:00,1019-wombat,B8:27:EB:7C:81:10,-54, WPA ,0.000000,0.000000,0.000,0.000,AP
2026-04-08 13:11:30,1900-01-00 00:00:00,1019-wombat,B8:27:EB:7C:81:10,-54, WPA ,0.000000,0.000000,0.000,0.000,AP
2026-04-08 13:11:30,1900-01-00 00:00:00,1019-wombat,B8:27:EB:7C:81:10,-54, WPA ,0.000000,0.000000,0.000,0.000,AP
2026-04-08 13:11:30,1900-01-00 00:00:00,1019-wombat,B8:27:EB:7C:81:10,-54, WPA ,0.000000,0.000000,0.000,0.000,AP
2026-04-08 13:11:30,1900-01-00 00:00:00,1019-wombat,B8:27:EB:7C:81:10,-54, WPA ,0.000000,0.000000,0.000,0.000,AP
2026-04-08 13:11:30,1900-01-00 00:00:00,1019-wombat,B8:27:EB:7C:81:10,-54, WPA ,0.000000,0.000000,0.000,0.000,AP
2026-04-08 13:11:30,1900-01-00 00:00:00,1019-wombat,B8:27:EB:7C:81:10,-54, WPA ,0.000000,0.000000,0.000,0.000,AP
2026-04-08 13:11:30,1900-01-00 00:00:00,1019-wombat,B8:27:EB:7C:81:10,-54, WPA ,0.000000,0.000000,0.000,0.000,AP
2026-04-08 13:11:30,1900-01-00 00:00:00,1019-wombat,B8:27:EB:7C:81:10,-54, WPA ,0.000000,0.000000,0.000,0.000,AP
2026-04-08 13:11:30,1900-01-00 00:00:00,1019-wombat,B8:27:EB:7C:81:10,-54, WPA ,0.000000,0.000000,0.000,0.000,AP
2026-04-08 13:11:30,1900-01-00 00:00:00,1019-wombat,B8:27:EB:7C:81:10,-46, WPA ,0.000000,0.000000,0.000,0.000,AP
2026-04-08 13:11:30,1900-01-00 00:00:00,1019-wombat,B8:27:EB:7C:81:10,-42, WPA ,0.000000,0.000000,0.000,0.000,AP
2026-04-08 13:11:30,1900-01-00 00:00:00,1019-wombat,B8:27:EB:7C:81:10,-46, WPA ,0.000000,0.000000,0.000,0.000,AP
2026-04-08 13:11:30,1900-01-00 00:00:00,1019-wombat,B8:27:EB:7C:81:10,-46, WPA ,0.000000,0.000000,0.000,0.000,AP
2026-04-08 13:11:30,1900-01-00 00:00:00,1019-wombat,B8:27:EB:7C:81:10,-46, WPA ,0.000000,0.000000,0.000,0.000,AP
2026-04-08 13:11:30,1900-01-00 00:00:00,1019-wombat,B8:27:EB:7C:81:10,-46, WPA ,0.000000,0.000000,0.000,0.000,AP
2026-04-08 13:11:30,1900-01-00 00:00:00,1019-wombat,B8:27:EB:7C:81:10,-54, WPA ,0.000000,0.000000,0.000,0.000,AP
2026-04-08 13:11:30,1900-01-00 00:00:00,1019-wombat,B8:27:EB:7C:81:10,-54, WPA ,0.000000,0.000000,0.000,0.000,AP
2026-04-08 13:11:30,1900-01-00 00:00:00,1019-wombat,B8:27:EB:7C:81:10,-54, WPA ,0.000000,0.000000,0.000,0.000,AP
2026-04-08 13:11:30,1900-01-00 00:00:00,1019-wombat,B8:27:EB:7C:81:10,-54, WPA ,0.000000,0.000000,0.000,0.000,AP
2026-04-08 13:11:30,1900-01-00 00:00:00,1019-wombat,B8:27:EB:7C:81:10,-35, WPA ,0.000000,0.000000,0.000,0.000,AP
2026-04-08 13:11:30,1900-01-00 00:00:00,1019-wombat,B8:27:EB:7C:81:10,-35, WPA ,0.000000,0.000000,0.000,0.000,AP
2026-04-08 13:11:30,1900-01-00 00:00:00,1019-wombat,B8:27:EB:7C:81:10,-35, WPA ,0.000000,0.000000,0.000,0.000,AP
2026-04-08 13:11:30,1900-01-00 00:00:00,1019-wombat,B8:27:EB:7C:81:10,-35, WPA ,0.000000,0.000000,0.000,0.000,AP
2026-04-08 13:11:30,1900-01-00 00:00:00,1019-wombat,B8:27:EB:7C:81:10,-35, WPA ,0.000000,0.000000,0.000,0.000,AP
2026-04-08 13:11:30,1900-01-00 00:00:00,1019-wombat,B8:27:EB:7C:81:10,-35, WPA ,0.000000,0.000000,0.000,0.000,AP
2026-04-08 13:11:30,1900-01-00 00:00:00,1019-wombat,B8:27:EB:7C:81:10,-35, WPA ,0.000000,0.000000,0.000,0.000,AP
2026-04-08 13:11:30,1900-01-00 00:00:00,1019-wombat,B8:27:EB:7C:81:10,-35, WPA ,0.000000,0.000000,0.000,0.000,AP
2026-04-08 13:11:30,1900-01-00 00:00:00,1019-wombat,B8:27:EB:7C:81:10,-35, WPA ,0.000000,0.000000,0.000,0.000,AP
2026-04-08 13:11:30,1900-01-00 00:00:00,1019-wombat,B8:27:EB:7C:81:10,-35, WPA ,0.000000,0.000000,0.000,0.000,AP
2026-04-08 13:11:30,1900-01-00 00:00:00,1019-wombat,B8:27:EB:7C:81:10,-56, WPA ,0.000000,0.000000,0.000,0.000,AP
2026-04-08 13:11:30,1900-01-00 00:00:00,1019-wombat,B8:27:EB:7C:81:10,-56, WPA ,0.000000,0.000000,0.000,0.000,AP
2026-04-08 13:11:30,1900-01-00 00:00:00,1019-wombat,B8:27:EB:7C:81:10,-55, WPA ,0.000000,0.000000,0.000,0.000,AP
2026-04-08 13:11:30,1900-01-00 00:00:00,1019-wombat,B8:27:EB:7C:81:10,-55, WPA ,0.000000,0.000000,0.000,0.000,AP
2026-04-08 13:11:30,1900-01-00 00:00:00,1019-wombat,B8:27:EB:7C:81:10,-56, WPA ,0.000000,0.000000,0.000,0.000,AP
2026-04-08 13:11:30,1900-01-00 00:00:00,1019-wombat,B8:27:EB:7C:81:10,-56, WPA ,0.000000,0.000000,0.000,0.000,AP
2026-04-08 13:11:30,1900-01-00 00:00:00,1019-wombat,B8:27:EB:7C:81:10,-43, WPA ,0.000000,0.000000,0.000,0.000,AP
2026-04-08 13:11:30,1900-01-00 00:00:00,1019-wombat,B8:27:EB:7C:81:10,-55, WPA ,0.000000,0.000000,0.000,0.000,AP
2026-04-08 13:11:30,1900-01-00 00:00:00,1019-wombat,B8:27:EB:7C:81:10,-55, WPA ,0.000000,0.000000,0.000,0.000,AP
2026-04-08 13:11:30,1900-01-00 00:00:00,1019-wombat,B8:27:EB:7C:81:10,-55, WPA ,0.000000,0.000000,0.000,0.000,AP
2026-04-08 13:11:30,1900-01-00 00:00:00,1019-wombat,B8:27:EB:7C:81:10,-55, WPA ,0.000000,0.000000,0.000,0.000,AP
2026-04-08 13:11:30,1900-01-00 00:00:00,1019-wombat,B8:27:EB:7C:81:10,-55, WPA ,0.000000,0.000000,0.000,0.000,AP
2026-04-08 13:11:30,1900-01-00 00:00:00,1019-wombat,B8:27:EB:7C:81:10,-55, WPA ,0.000000,0.000000,0.000,0.000,AP
2026-04-08 13:11:30,1900-01-00 00:00:00,1019-wombat,B8:27:EB:7C:81:10,-56, WPA ,0.000000,0.000000,0.000,0.000,AP
2026-04-08 13:11:30,1900-01-00 00:00:00,1019-wombat,B8:27:EB:7C:81:10,-56, WPA ,0.000000,0.000000,0.000,0.000,AP
2026-04-08 13:11:30,1900-01-00 00:00:00,1019-wombat,B8:27:EB:7C:81:10,-56, WPA ,0.000000,0.000000,0.000,0.000,AP
2026-04-08 13:11:30,1900-01-00 00:00:00,1019-wombat,B8:27:EB:7C:81:10,-55, WPA ,0.000000,0.000000,0.000,0.000,AP
2026-04-08 13:11:30,1900-01-00 00:00:00,1019-wombat,B8:27:EB:7C:81:10,-54, WPA ,0.000000,0.000000,0.000,0.000,AP
2026-04-08 13:11:30,1900-01-00 00:00:00,1019-wombat,B8:27:EB:7C:81:10,-60, WPA ,0.000000,0.000000,0.000,0.000,AP
2026-04-08 13:11:30,1900-01-00 00:00:00,1019-wombat,B8:27:EB:7C:81:10,-60, WPA ,0.000000,0.000000,0.000,0.000,AP
2026-04-08 13:11:30,1900-01-00 00:00:00,1019-wombat,B8:27:EB:7C:81:10,-60, WPA ,0.000000,0.000000,0.000,0.000,AP
2026-04-08 13:11:30,1900-01-00 00:00:00,1019-wombat,B8:27:EB:7C:81:10,-60, WPA ,0.000000,0.000000,0.000,0.000,AP
2026-04-08 13:11:30,1900-01-00 00:00:00,1019-wombat,B8:27:EB:7C:81:10,-60, WPA ,0.000000,0.000000,0.000,0.000,AP
2026-04-08 13:11:30,1900-01-00 00:00:00,1019-wombat,B8:27:EB:7C:81:10,-40, WPA ,0.000000,0.000000,0.000,0.000,AP
2026-04-08 13:11:30,1900-01-00 00:00:00,1019-wombat,B8:27:EB:7C:81:10,-54, WPA ,0.000000,0.000000,0.000,0.000,AP
2026-04-08 13:11:30,1900-01-00 00:00:00,1019-wombat,B8:27:EB:7C:81:10,-54, WPA ,0.000000,0.000000,0.000,0.000,AP
2026-04-08 13:11:30,1900-01-00 00:00:00,1019-wombat,B8:27:EB:7C:81:10,-54, WPA ,0.000000,0.000000,0.000,0.000,AP
2026-04-08 13:11:30,1900-01-00 00:00:00,1019-wombat,B8:27:EB:7C:81:10,-54, WPA ,0.000000,0.000000,0.000,0.000,AP
2026-04-08 13:11:30,1900-01-00 00:00:00,1019-wombat,B8:27:EB:7C:81:10,-54, WPA ,0.000000,0.000000,0.000,0.000,AP
2026-04-08 13:11:30,1900-01-00 00:00:00,1019-wombat,B8:27:EB:7C:81:10,-54, WPA ,0.000000,0.000000,0.000,0.000,AP
2026-04-08 13:11:30,1900-01-00 00:00:00,1019-wombat,B8:27:EB:7C:81:10,-54, WPA ,0.000000,0.000000,0.000,0.000,AP
2026-04-08 13:11:30,1900-01-00 00:00:00,1019-wombat,B8:27:EB:7C:81:10,-54, WPA ,0.000000,0.000000,0.000,0.000,AP
2026-04-08 13:11:30,1900-01-00 00:00:00,1019-wombat,B8:27:EB:7C:81:10,-55, WPA ,0.000000,0.000000,0.000,0.000,AP
2026-04-08 13:11:30,1900-01-00 00:00:00,1019-wombat,B8:27:EB:7C:81:10,-55, WPA ,0.000000,0.000000,0.000,0.000,AP
2026-04-08 13:11:30,1900-01-00 00:00:00,1019-wombat,B8:27:EB:7C:81:10,-55, WPA ,0.000000,0.000000,0.000,0.000,AP
2026-04-08 13:11:30,1900-01-00 00:00:00,1019-wombat,B8:27:EB:7C:81:10,-55, WPA ,0.000000,0.000000,0.000,0.000,AP
2026-04-08 13:11:30,1900-01-00 00:00:00,1019-wombat,B8:27:EB:7C:81:10,-55, WPA ,0.000000,0.000000,0.000,0.000,AP
2026-04-08 13:11:30,1900-01-00 00:00:00,1019-wombat,B8:27:EB:7C:81:10,-55, WPA ,0.000000,0.000000,0.000,0.000,AP
2026-04-08 13:11:30,1900-01-00 00:00:00,1019-wombat,B8:27:EB:7C:81:10,-55, WPA ,0.000000,0.000000,0.000,0.000,AP
2026-04-08 13:11:30,1900-01-00 00:00:00,1019-wombat,B8:27:EB:7C:81:10,-53, WPA ,0.000000,0.000000,0.000,0.000,AP
2026-04-08 13:11:30,1900-01-00 00:00:00,1019-wombat,B8:27:EB:7C:81:10,-53, WPA ,0.000000,0.000000,0.000,0.000,AP
2026-04-08 13:11:30,1900-01-00 00:00:00,1019-wombat,B8:27:EB:7C:81:10,-53, WPA ,0.000000,0.000000,0.000,0.000,AP
2026-04-08 13:11:30,1900-01-00 00:00:00,1019-wombat,B8:27:EB:7C:81:10,-53, WPA ,0.000000,0.000000,0.000,0.000,AP
2026-04-08 13:11:30,1900-01-00 00:00:00,1019-wombat,B8:27:EB:7C:81:10,-53, WPA ,0.000000,0.000000,0.000,0.000,AP
2026-04-08 13:11:30,1900-01-00 00:00:00,1019-wombat,B8:27:EB:7C:81:10,-53, WPA ,0.000000,0.000000,0.000,0.000,AP
2026-04-08 13:11:30,1900-01-00 00:00:00,1019-wombat,B8:27:EB:7C:81:10,-53, WPA ,0.000000,0.000000,0.000,0.000,AP
2026-04-08 13:11:30,1900-01-00 00:00:00,1019-wombat,B8:27:EB:7C:81:10,-53, WPA ,0.000000,0.000000,0.000,0.000,AP
2026-04-08 13:11:30,1900-01-00 00:00:00,1019-wombat,B8:27:EB:7C:81:10,-53, WPA ,0.000000,0.000000,0.000,0.000,AP
2026-04-08 13:11:30,1900-01-00 00:00:00,1019-wombat,B8:27:EB:7C:81:10,-53, WPA ,0.000000,0.000000,0.000,0.000,AP
2026-04-08 13:11:30,1900-01-00 00:00:00,1019-wombat,B8:27:EB:7C:81:10,-53, WPA ,0.000000,0.000000,0.000,0.000,AP
2026-04-08 13:11:30,1900-01-00 00:00:00,1019-wombat,B8:27:EB:7C:81:10,-53, WPA ,0.000000,0.000000,0.000,0.000,AP
2026-04-08 13:11:30,1900-01-00 00:00:00,1019-wombat,B8:27:EB:7C:81:10,-53, WPA ,0.000000,0.000000,0.000,0.000,AP
2026-04-08 13:11:30,1900-01-00 00:00:00,1019-wombat,B8:27:EB:7C:81:10,-41, WPA ,0.000000,0.000000,0.000,0.000,AP
2026-04-08 13:11:30,1900-01-00 00:00:00,1019-wombat,B8:27:EB:7C:81:10,-41, WPA ,0.000000,0.000000,0.000,0.000,AP
2026-04-08 13:11:30,1900-01-00 00:00:00,1019-wombat,B8:27:EB:7C:81:10,-41, WPA ,0.000000,0.000000,0.000,0.000,AP
2026-04-08 13:11:30,1900-01-00 00:00:00,1019-wombat,B8:27:EB:7C:81:10,-41, WPA ,0.000000,0.000000,0.000,0.000,AP
2026-04-08 13:11:30,1900-01-00 00:00:00,1019-wombat,B8:27:EB:7C:81:10,-54, WPA ,0.000000,0.000000,0.000,0.000,AP
2026-04-08 13:11:30,1900-01-00 00:00:00,1019-wombat,B8:27:EB:7C:81:10,-54, WPA ,0.000000,0.000000,0.000,0.000,AP
2026-04-08 13:11:30,1900-01-00 00:00:00,1019-wombat,B8:27:EB:7C:81:10,-54, WPA ,0.000000,0.000000,0.000,0.000,AP
2026-04-08 13:11:30,1900-01-00 00:00:00,1019-wombat,B8:27:EB:7C:81:10,-54, WPA ,0.000000,0.000000,0.000,0.000,AP
2026-04-08 13:11:30,1900-01-00 00:00:00,1019-wombat,B8:27:EB:7C:81:10,-54, WPA ,0.000000,0.000000,0.000,0.000,AP
2026-04-08 13:11:30,1900-01-00 00:00:00,1019-wombat,B8:27:EB:7C:81:10,-54, WPA ,0.000000,0.000000,0.000,0.000,AP
2026-04-08 13:11:30,1900-01-00 00:00:00,1019-wombat,B8:27:EB:7C:81:10,-34, WPA ,0.000000,0.000000,0.000,0.000,AP
2026-04-08 13:11:30,1900-01-00 00:00:00,1019-wombat,B8:27:EB:7C:81:10,-34, WPA ,0.000000,0.000000,0.000,0.000,AP
2026-04-08 13:11:30,1900-01-00 00:00:00,1019-wombat,B8:27:EB:7C:81:10,-34, WPA ,0.000000,0.000000,0.000,0.000,AP
2026-04-08 13:11:30,1900-01-00 00:00:00,1019-wombat,B8:27:EB:7C:81:10,-34, WPA ,0.000000,0.000000,0.000,0.000,AP
2026-04-08 13:11:30,1900-01-00 00:00:00,1019-wombat,B8:27:EB:7C:81:10,-34, WPA ,0.000000,0.000000,0.000,0.000,AP
2026-04-08 13:11:30,1900-01-00 00:00:00,1019-wombat,B8:27:EB:7C:81:10,-34, WPA ,0.000000,0.000000,0.000,0.000,AP
2026-04-08 13:11:30,1900-01-00 00:00:00,1019-wombat,B8:27:EB:7C:81:10,-34, WPA ,0.000000,0.000000,0.000,0.000,AP
2026-04-08 13:11:30,1900-01-00 00:00:00,1019-wombat,B8:27:EB:7C:81:10,-34, WPA ,0.000000,0.000000,0.000,0.000,AP
2026-04-08 13:11:30,1900-01-00 00:00:00,1019-wombat,B8:27:EB:7C:81:10,-34, WPA ,0.000000,0.000000,0.000,0.000,AP
2026-04-08 13:11:30,1900-01-00 00:00:00,1019-wombat,B8:27:EB:7C:81:10,-34, WPA ,0.000000,0.000000,0.000,0.000,AP
2026-04-08 13:11:30,1900-01-00 00:00:00,1019-wombat,B8:27:EB:7C:81:10,-34, WPA ,0.000000,0.000000,0.000,0.000,AP
2026-04-08 13:11:30,1900-01-00 00:00:00,1019-wombat,B8:27:EB:7C:81:10,-34, WPA ,0.000000,0.000000,0.000,0.000,AP
2026-04-08 13:11:30,1900-01-00 00:00:00,1019-wombat,B8:27:EB:7C:81:10,-41, WPA ,0.000000,0.000000,0.000,0.000,AP
2026-04-08 13:11:30,1900-01-00 00:00:00,1019-wombat,B8:27:EB:7C:81:10,-41, WPA ,0.000000,0.000000,0.000,0.000,AP
2026-04-08 13:11:30,1900-01-00 00:00:00,1019-wombat,B8:27:EB:7C:81:10,-41, WPA ,0.000000,0.000000,0.000,0.000,AP
2026-04-08 13:11:30,1900-01-00 00:00:00,1019-wombat,B8:27:EB:7C:81:10,-41, WPA ,0.000000,0.000000,0.000,0.000,AP
2026-04-08 13:11:30,1900-01-00 00:00:00,1019-wombat,B8:27:EB:7C:81:10,-41, WPA ,0.000000,0.000000,0.000,0.000,AP
2026-04-08 13:11:30,1900-01-00 00:00:00,1019-wombat,B8:27:EB:7C:81:10,-41, WPA ,0.000000,0.000000,0.000,0.000,AP
2026-04-08 13:11:30,1900-01-00 00:00:00,1019-wombat,B8:27:EB:7C:81:10,-41, WPA ,0.000000,0.000000,0.000,0.000,AP
2026-04-08 13:11:30,1900-01-00 00:00:00,1019-wombat,B8:27:EB:7C:81:10,-41, WPA ,0.000000,0.000000,0.000,0.000,AP
2026-04-08 13:11:30,1900-01-00 00:00:00,1019-wombat,B8:27:EB:7C:81:10,-41, WPA ,0.000000,0.000000,0.000,0.000,AP
2026-04-08 13:11:30,1900-01-00 00:00:00,1019-wombat,B8:27:EB:7C:81:10,-41, WPA ,0.000000,0.000000,0.000,0.000,AP
2026-04-08 13:11:30,1900-01-00 00:00:00,1019-wombat,B8:27:EB:7C:81:10,-41, WPA ,0.000000,0.000000,0.000,0.000,AP
2026-04-08 13:11:30,1900-01-00 00:00:00,1019-wombat,B8:27:EB:7C:81:10,-41, WPA ,0.000000,0.000000,0.000,0.000,AP
2026-04-08 13:11:30,1900-01-00 00:00:00,1019-wombat,B8:27:EB:7C:81:10,-55, WPA ,0.000000,0.000000,0.000,0.000,AP
2026-04-08 13:11:30,1900-01-00 00:00:00,1019-wombat,B8:27:EB:7C:81:10,-55, WPA ,0.000000,0.000000,0.000,0.000,AP
2026-04-08 13:11:30,1900-01-00 00:00:00,1019-wombat,B8:27:EB:7C:81:10,-55, WPA ,0.000000,0.000000,0.000,0.000,AP
2026-04-08 13:11:30,1900-01-00 00:00:00,1019-wombat,B8:27:EB:7C:81:10,-55, WPA ,0.000000,0.000000,0.000,0.000,AP
2026-04-08 13:11:30,1900-01-00 00:00:00,1019-wombat,B8:27:EB:7C:81:10,-56, WPA ,0.000000,0.000000,0.000,0.000,AP
2026-04-08 13:11:30,1900-01-00 00:00:00,1019-wombat,B8:27:EB:7C:81:10,-56, WPA ,0.000000,0.000000,0.000,0.000,AP
2026-04-08 13:11:30,1900-01-00 00:00:00,1019-wombat,B8:27:EB:7C:81:10,-56, WPA ,0.000000,0.000000,0.000,0.000,AP
2026-04-08 13:11:30,1900-01-00 00:00:00,1019-wombat,B8:27:EB:7C:81:10,-56, WPA ,0.000000,0.000000,0.000,0.000,AP
2026-04-08 13:11:30,1900-01-00 00:00:00,1019-wombat,B8:27:EB:7C:81:10,-55, WPA ,0.000000,0.000000,0.000,0.000,AP
2026-04-08 13:11:30,1900-01-00 00:00:00,1019-wombat,B8:27:EB:7C:81:10,-56, WPA ,0.000000,0.000000,0.000,0.000,AP
2026-04-08 13:11:30,1900-01-00 00:00:00,1019-wombat,B8:27:EB:7C:81:10,-56, WPA ,0.000000,0.000000,0.000,0.000,AP
2026-04-08 13:11:30,1900-01-00 00:00:00,1019-wombat,B8:27:EB:7C:81:10,-56, WPA ,0.000000,0.000000,0.000,0.000,AP
2026-04-08 13:11:30,1900-01-00 00:00:00,1019-wombat,B8:27:EB:7C:81:10,-56, WPA ,0.000000,0.000000,0.000,0.000,AP
2026-04-08 13:11:30,1900-01-00 00:00:00,1019-wombat,B8:27:EB:7C:81:10,-56, WPA ,0.000000,0.000000,0.000,0.000,AP
2026-04-08 13:11:30,1900-01-00 00:00:00,1019-wombat,B8:27:EB:7C:81:10,-56, WPA ,0.000000,0.000000,0.000,0.000,AP
2026-04-08 13:11:30,1900-01-00 00:00:00,1019-wombat,B8:27:EB:7C:81:10,-56, WPA ,0.000000,0.000000,0.000,0.000,AP
2026-04-08 13:11:30,1900-01-00 00:00:00,1019-wombat,B8:27:EB:7C:81:10,-56, WPA ,0.000000,0.000000,0.000,0.000,AP
2026-04-08 13:11:30,1900-01-00 00:00:00,1019-wombat,B8:27:EB:7C:81:10,-56, WPA ,0.000000,0.000000,0.000,0.000,AP
2026-04-08 13:11:30,1900-01-00 00:00:00,1019-wombat,B8:27:EB:7C:81:10,-42, WPA ,0.000000,0.000000,0.000,0.000,AP
2026-04-08 13:11:30,1900-01-00 00:00:00,1019-wombat,B8:27:EB:7C:81:10,-42, WPA ,0.000000,0.000000,0.000,0.000,AP
2026-04-08 13:11:30,1900-01-00 00:00:00,1019-wombat,B8:27:EB:7C:81:10,-42, WPA ,0.000000,0.000000,0.000,0.000,AP
2026-04-08 13:11:30,1900-01-00 00:00:00,1019-wombat,B8:27:EB:7C:81:10,-54, WPA ,0.000000,0.000000,0.000,0.000,AP
2026-04-08 13:11:30,1900-01-00 00:00:00,1019-wombat,B8:27:EB:7C:81:10,-54, WPA ,0.000000,0.000000,0.000,0.000,AP
2026-04-08 13:11:30,1900-01-00 00:00:00,1019-wombat,B8:27:EB:7C:81:10,-54, WPA ,0.000000,0.000000,0.000,0.000,AP
2026-04-08 13:11:30,1900-01-00 00:00:00,1019-wombat,B8:27:EB:7C:81:10,-54, WPA ,0.000000,0.000000,0.000,0.000,AP
2026-04-08 13:11:30,1900-01-00 00:00:00,1019-wombat,B8:27:EB:7C:81:10,-54, WPA ,0.000000,0.000000,0.000,0.000,AP
2026-04-08 13:11:30,1900-01-00 00:00:00,1019-wombat,B8:27:EB:7C:81:10,-54, WPA ,0.000000,0.000000,0.000,0.000,AP
2026-04-08 13:11:30,1900-01-00 00:00:00,1019-wombat,B8:27:EB:7C:81:10,-35, WPA ,0.000000,0.000000,0.000,0.000,AP
2026-04-08 13:11:30,1900-01-00 00:00:00,1019-wombat,B8:27:EB:7C:81:10,-35, WPA ,0.000000,0.000000,0.000,0.000,AP
2026-04-08 13:11:30,1900-01-00 00:00:00,1019-wombat,B8:27:EB:7C:81:10,-35, WPA ,0.000000,0.000000,0.000,0.000,AP
2026-04-08 13:11:30,1900-01-00 00:00:00,1019-wombat,B8:27:EB:7C:81:10,-35, WPA ,0.000000,0.000000,0.000,0.000,AP
2026-04-08 13:11:30,1900-01-00 00:00:00,1019-wombat,B8:27:EB:7C:81:10,-35, WPA ,0.000000,0.000000,0.000,0.000,AP
2026-04-08 13:11:30,1900-01-00 00:00:00,1019-wombat,B8:27:EB:7C:81:10,-35, WPA ,0.000000,0.000000,0.000,0.000,AP
2026-04-08 13:11:30,1900-01-00 00:00:00,1019-wombat,B8:27:EB:7C:81:10,-35, WPA ,0.000000,0.000000,0.000,0.000,AP
2026-04-08 13:11:30,1900-01-00 00:00:00,1019-wombat,B8:27:EB:7C:81:10,-35, WPA ,0.000000,0.000000,0.000,0.000,AP
2026-04-08 13:11:30,1900-01-00 00:00:00,1019-wombat,B8:27:EB:7C:81:10,-35, WPA ,0.000000,0.000000,0.000,0.000,AP
2026-04-08 13:11:30,1900-01-00 00:00:00,1019-wombat,B8:27:EB:7C:81:10,-35, WPA ,0.000000,0.000000,0.000,0.000,AP
2026-04-08 13:11:30,1900-01-00 00:00:00,1019-wombat,B8:27:EB:7C:81:10,-35, WPA ,0.000000,0.000000,0.000,0.000,AP
2026-04-08 13:11:30,1900-01-00 00:00:00,1019-wombat,B8:27:EB:7C:81:10,-35, WPA ,0.000000,0.000000,0.000,0.000,AP
2026-04-08 13:11:30,1900-01-00 00:00:00,1019-wombat,B8:27:EB:7C:81:10,-41, WPA ,0.000000,0.000000,0.000,0.000,AP
2026-04-08 13:11:30,1900-01-00 00:00:00,1019-wombat,B8:27:EB:7C:81:10,-41, WPA ,0.000000,0.000000,0.000,0.000,AP
2026-04-08 13:11:30,1900-01-00 00:00:00,1019-wombat,B8:27:EB:7C:81:10,-41, WPA ,0.000000,0.000000,0.000,0.000,AP
2026-04-08 13:11:30,1900-01-00 00:00:00,1019-wombat,B8:27:EB:7C:81:10,-41, WPA ,0.000000,0.000000,0.000,0.000,AP
2026-04-08 13:11:30,1900-01-00 00:00:00,1019-wombat,B8:27:EB:7C:81:10,-41, WPA ,0.000000,0.000000,0.000,0.000,AP
2026-04-08 13:11:30,1900-01-00 00:00:00,1019-wombat,B8:27:EB:7C:81:10,-41, WPA ,0.000000,0.000000,0.000,0.000,AP
2026-04-08 13:11:30,1900-01-00 00:00:00,1019-wombat,B8:27:EB:7C:81:10,-41, WPA ,0.000000,0.000000,0.000,0.000,AP
2026-04-08 13:11:30,1900-01-00 00:00:00,1019-wombat,B8:27:EB:7C:81:10,-41, WPA ,0.000000,0.000000,0.000,0.000,AP
2026-04-08 13:11:30,1900-01-00 00:00:00,1019-wombat,B8:27:EB:7C:81:10,-41, WPA ,0.000000,0.000000,0.000,0.000,AP
2026-04-08 13:11:30,1900-01-00 00:00:00,1019-wombat,B8:27:EB:7C:81:10,-41, WPA ,0.000000,0.000000,0.000,0.000,AP
2026-04-08 13:11:30,1900-01-00 00:00:00,1019-wombat,B8:27:EB:7C:81:10,-41, WPA ,0.000000,0.000000,0.000,0.000,AP
2026-04-08 13:11:30,1900-01-00 00:00:00,1019-wombat,B8:27:EB:7C:81:10,-41, WPA ,0.000000,0.000000,0.000,0.000,AP
2026-04-08 13:11:30,1900-01-00 00:00:00,1019-wombat,B8:27:EB:7C:81:10,-41, WPA ,0.000000,0.000000,0.000,0.000,AP
2026-04-08 13:11:30,1900-01-00 00:00:00,1019-wombat,B8:27:EB:7C:81:10,-41, WPA ,0.000000,0.000000,0.000,0.000,AP
2026-04-08 13:11:30,1900-01-00 00:00:00,1019-wombat,B8:27:EB:7C:81:10,-41, WPA ,0.000000,0.000000,0.000,0.000,AP
2026-04-08 13:11:30,1900-01-00 00:00:00,1019-wombat,B8:27:EB:7C:81:10,-41, WPA ,0.000000,0.000000,0.000,0.000,AP
2026-04-08 13:11:30,1900-01-00 00:00:00,1019-wombat,B8:27:EB:7C:81:10,-41, WPA ,0.000000,0.000000,0.000,0.000,AP
2026-04-08 13:11:30,1900-01-00 00:00:00,1019-wombat,B8:27:EB:7C:81:10,-41, WPA ,0.000000,0.000000,0.000,0.000,AP
2026-04-08 13:11:30,1900-01-00 00:00:00,1019-wombat,B8:27:EB:7C:81:10,-41, WPA ,0.000000,0.000000,0.000,0.000,AP
2026-04-08 13:11:30,1900-01-00 00:00:00,1019-wombat,B8:27:EB:7C:81:10,-41, WPA ,0.000000,0.000000,0.000,0.000,AP
2026-04-08 13:11:30,1900-01-00 00:00:00,1019-wombat,B8:27:EB:7C:81:10,-41, WPA ,0.000000,0.000000,0.000,0.000,AP
2026-04-08 13:11:30,1900-01-00 00:00:00,1019-wombat,B8:27:EB:7C:81:10,-41, WPA ,0.000000,0.000000,0.000,0.000,AP
2026-04-08 13:11:30,1900-01-00 00:00:00,1019-wombat,B8:27:EB:7C:81:10,-41, WPA ,0.000000,0.000000,0.000,0.000,AP
2026-04-08 13:11:30,1900-01-00 00:00:00,1019-wombat,B8:27:EB:7C:81:10,-41, WPA ,0.000000,0.000000,0.000,0.000,AP
2026-04-08 13:11:30,1900-01-00 00:00:00,1019-wombat,B8:27:EB:7C:81:10,-55, WPA ,0.000000,0.000000,0.000,0.000,AP
2026-04-08 13:11:31,1900-01-00 00:00:00,1019-wombat,B8:27:EB:7C:81:10,-54, WPA ,0.000000,0.000000,0.000,0.000,AP
2026-04-08 13:11:31,1900-01-00 00:00:00,1019-wombat,B8:27:EB:7C:81:10,-40, WPA ,0.000000,0.000000,0.000,0.000,AP
2026-04-08 13:11:31,1900-01-00 00:00:00,1019-wombat,B8:27:EB:7C:81:10,-40, WPA ,0.000000,0.000000,0.000,0.000,AP
2026-04-08 13:11:31,1900-01-00 00:00:00,1019-wombat,B8:27:EB:7C:81:10,-40, WPA ,0.000000,0.000000,0.000,0.000,AP
2026-04-08 13:11:31,1900-01-00 00:00:00,1019-wombat,B8:27:EB:7C:81:10,-40, WPA ,0.000000,0.000000,0.000,0.000,AP
2026-04-08 13:11:31,1900-01-00 00:00:00,1019-wombat,B8:27:EB:7C:81:10,-53, WPA ,0.000000,0.000000,0.000,0.000,AP
2026-04-08 13:11:31,1900-01-00 00:00:00,1019-wombat,B8:27:EB:7C:81:10,-53, WPA ,0.000000,0.000000,0.000,0.000,AP
2026-04-08 13:11:31,1900-01-00 00:00:00,1019-wombat,B8:27:EB:7C:81:10,-53, WPA ,0.000000,0.000000,0.000,0.000,AP
2026-04-08 13:11:31,1900-01-00 00:00:00,1019-wombat,B8:27:EB:7C:81:10,-53, WPA ,0.000000,0.000000,0.000,0.000,AP
2026-04-08 13:11:31,1900-01-00 00:00:00,1019-wombat,B8:27:EB:7C:81:10,-53, WPA ,0.000000,0.000000,0.000,0.000,AP
2026-04-08 13:11:31,1900-01-00 00:00:00,1019-wombat,B8:27:EB:7C:81:10,-53, WPA ,0.000000,0.000000,0.000,0.000,AP
2026-04-08 13:11:31,1900-01-00 00:00:00,1019-wombat,B8:27:EB:7C:81:10,-53, WPA ,0.000000,0.000000,0.000,0.000,AP
2026-04-08 13:11:31,1900-01-00 00:00:00,1019-wombat,B8:27:EB:7C:81:10,-53, WPA ,0.000000,0.000000,0.000,0.000,AP
2026-04-08 13:11:31,1900-01-00 00:00:00,1019-wombat,B8:27:EB:7C:81:10,-53, WPA ,0.000000,0.000000,0.000,0.000,AP
2026-04-08 13:11:31,1900-01-00 00:00:00,1019-wombat,B8:27:EB:7C:81:10,-52, WPA ,0.000000,0.000000,0.000,0.000,AP
2026-04-08 13:11:31,1900-01-00 00:00:00,1019-wombat,B8:27:EB:7C:81:10,-52, WPA ,0.000000,0.000000,0.000,0.000,AP
2026-04-08 13:11:31,1900-01-00 00:00:00,1019-wombat,B8:27:EB:7C:81:10,-52, WPA ,0.000000,0.000000,0.000,0.000,AP
2026-04-08 13:11:31,1900-01-00 00:00:00,1019-wombat,B8:27:EB:7C:81:10,-52, WPA ,0.000000,0.000000,0.000,0.000,AP
2026-04-08 13:11:31,1900-01-00 00:00:00,1019-wombat,B8:27:EB:7C:81:10,-43, WPA ,0.000000,0.000000,0.000,0.000,AP
2026-04-08 13:11:31,1900-01-00 00:00:00,1019-wombat,B8:27:EB:7C:81:10,-43, WPA ,0.000000,0.000000,0.000,0.000,AP
2026-04-08 13:11:31,1900-01-00 00:00:00,1019-wombat,B8:27:EB:7C:81:10,-43, WPA ,0.000000,0.000000,0.000,0.000,AP
2026-04-08 13:11:31,1900-01-00 00:00:00,1019-wombat,B8:27:EB:7C:81:10,-55, WPA ,0.000000,0.000000,0.000,0.000,AP
2026-04-08 13:11:31,1900-01-00 00:00:00,1019-wombat,B8:27:EB:7C:81:10,-55, WPA ,0.000000,0.000000,0.000,0.000,AP
2026-04-08 13:11:31,1900-01-00 00:00:00,1019-wombat,B8:27:EB:7C:81:10,-55, WPA ,0.000000,0.000000,0.000,0.000,AP
2026-04-08 13:11:31,1900-01-00 00:00:00,1019-wombat,B8:27:EB:7C:81:10,-55, WPA ,0.000000,0.000000,0.000,0.000,AP
2026-04-08 13:11:31,1900-01-00 00:00:00,1019-wombat,B8:27:EB:7C:81:10,-55, WPA ,0.000000,0.000000,0.000,0.000,AP
2026-04-08 13:11:31,1900-01-00 00:00:00,1019-wombat,B8:27:EB:7C:81:10,-55, WPA ,0.000000,0.000000,0.000,0.000,AP
2026-04-08 13:11:31,1900-01-00 00:00:00,1019-wombat,B8:27:EB:7C:81:10,-34, WPA ,0.000000,0.000000,0.000,0.000,AP
2026-04-08 13:11:31,1900-01-00 00:00:00,1019-wombat,B8:27:EB:7C:81:10,-34, WPA ,0.000000,0.000000,0.000,0.000,AP
2026-04-08 13:11:31,1900-01-00 00:00:00,1019-wombat,B8:27:EB:7C:81:10,-34, WPA ,0.000000,0.000000,0.000,0.000,AP
2026-04-08 13:11:31,1900-01-00 00:00:00,1019-wombat,B8:27:EB:7C:81:10,-34, WPA ,0.000000,0.000000,0.000,0.000,AP
2026-04-08 13:11:31,1900-01-00 00:00:00,1019-wombat,B8:27:EB:7C:81:10,-34, WPA ,0.000000,0.000000,0.000,0.000,AP
2026-04-08 13:11:31,1900-01-00 00:00:00,1019-wombat,B8:27:EB:7C:81:10,-34, WPA ,0.000000,0.000000,0.000,0.000,AP
2026-04-08 13:11:31,1900-01-00 00:00:00,1019-wombat,B8:27:EB:7C:81:10,-52, WPA ,0.000000,0.000000,0.000,0.000,AP
2026-04-08 13:11:31,1900-01-00 00:00:00,1019-wombat,B8:27:EB:7C:81:10,-53, WPA ,0.000000,0.000000,0.000,0.000,AP
2026-04-08 13:11:31,1900-01-00 00:00:00,1019-wombat,B8:27:EB:7C:81:10,-53, WPA ,0.000000,0.000000,0.000,0.000,AP
2026-04-08 13:11:31,1900-01-00 00:00:00,1019-wombat,B8:27:EB:7C:81:10,-53, WPA ,0.000000,0.000000,0.000,0.000,AP
2026-04-08 13:11:31,1900-01-00 00:00:00,1019-wombat,B8:27:EB:7C:81:10,-53, WPA ,0.000000,0.000000,0.000,0.000,AP
2026-04-08 13:11:31,1900-01-00 00:00:00,1019-wombat,B8:27:EB:7C:81:10,-53, WPA ,0.000000,0.000000,0.000,0.000,AP
2026-04-08 13:11:31,1900-01-00 00:00:00,1019-wombat,B8:27:EB:7C:81:10,-40, WPA ,0.000000,0.000000,0.000,0.000,AP
2026-04-08 13:11:31,1900-01-00 00:00:00,1019-wombat,B8:27:EB:7C:81:10,-40, WPA ,0.000000,0.000000,0.000,0.000,AP
2026-04-08 13:11:31,1900-01-00 00:00:00,1019-wombat,B8:27:EB:7C:81:10,-52, WPA ,0.000000,0.000000,0.000,0.000,AP
2026-04-08 13:11:31,1900-01-00 00:00:00,1019-wombat,B8:27:EB:7C:81:10,-52, WPA ,0.000000,0.000000,0.000,0.000,AP
2026-04-08 13:11:31,1900-01-00 00:00:00,1019-wombat,B8:27:EB:7C:81:10,-52, WPA ,0.000000,0.000000,0.000,0.000,AP
2026-04-08 13:11:31,1900-01-00 00:00:00,1019-wombat,B8:27:EB:7C:81:10,-52, WPA ,0.000000,0.000000,0.000,0.000,AP
2026-04-08 13:11:31,1900-01-00 00:00:00,1019-wombat,B8:27:EB:7C:81:10,-52, WPA ,0.000000,0.000000,0.000,0.000,AP
2026-04-08 13:11:31,1900-01-00 00:00:00,1019-wombat,B8:27:EB:7C:81:10,-52, WPA ,0.000000,0.000000,0.000,0.000,AP
2026-04-08 13:11:31,1900-01-00 00:00:00,1019-wombat,B8:27:EB:7C:81:10,-52, WPA ,0.000000,0.000000,0.000,0.000,AP
2026-04-08 13:11:31,1900-01-00 00:00:00,1019-wombat,B8:27:EB:7C:81:10,-52, WPA ,0.000000,0.000000,0.000,0.000,AP
2026-04-08 13:11:31,1900-01-00 00:00:00,1019-wombat,B8:27:EB:7C:81:10,-52, WPA ,0.000000,0.000000,0.000,0.000,AP
2026-04-08 13:11:31,1900-01-00 00:00:00,1019-wombat,B8:27:EB:7C:81:10,-52, WPA ,0.000000,0.000000,0.000,0.000,AP
2026-04-08 13:11:31,1900-01-00 00:00:00,1019-wombat,B8:27:EB:7C:81:10,-52, WPA ,0.000000,0.000000,0.000,0.000,AP
2026-04-08 13:11:31,1900-01-00 00:00:00,1019-wombat,B8:27:EB:7C:81:10,-52, WPA ,0.000000,0.000000,0.000,0.000,AP
2026-04-08 13:11:31,1900-01-00 00:00:00,1019-wombat,B8:27:EB:7C:81:10,-52, WPA ,0.000000,0.000000,0.000,0.000,AP
2026-04-08 13:11:31,1900-01-00 00:00:00,1019-wombat,B8:27:EB:7C:81:10,-52, WPA ,0.000000,0.000000,0.000,0.000,AP
2026-04-08 13:11:31,1900-01-00 00:00:00,1019-wombat,B8:27:EB:7C:81:10,-53, WPA ,0.000000,0.000000,0.000,0.000,AP
2026-04-08 13:11:31,1900-01-00 00:00:00,1019-wombat,B8:27:EB:7C:81:10,-53, WPA ,0.000000,0.000000,0.000,0.000,AP
2026-04-08 13:11:31,1900-01-00 00:00:00,1019-wombat,B8:27:EB:7C:81:10,-53, WPA ,0.000000,0.000000,0.000,0.000,AP
2026-04-08 13:11:31,1900-01-00 00:00:00,1019-wombat,B8:27:EB:7C:81:10,-53, WPA ,0.000000,0.000000,0.000,0.000,AP
2026-04-08 13:11:31,1900-01-00 00:00:00,1019-wombat,B8:27:EB:7C:81:10,-53, WPA ,0.000000,0.000000,0.000,0.000,AP
2026-04-08 13:11:31,1900-01-00 00:00:00,1019-wombat,B8:27:EB:7C:81:10,-53, WPA ,0.000000,0.000000,0.000,0.000,AP
2026-04-08 13:11:31,1900-01-00 00:00:00,1019-wombat,B8:27:EB:7C:81:10,-53, WPA ,0.000000,0.000000,0.000,0.000,AP
2026-04-08 13:11:31,1900-01-00 00:00:00,1019-wombat,B8:27:EB:7C:81:10,-53, WPA ,0.000000,0.000000,0.000,0.000,AP
2026-04-08 13:11:31,1900-01-00 00:00:00,1019-wombat,B8:27:EB:7C:81:10,-53, WPA ,0.000000,0.000000,0.000,0.000,AP
2026-04-08 13:11:31,1900-01-00 00:00:00,1019-wombat,B8:27:EB:7C:81:10,-53, WPA ,0.000000,0.000000,0.000,0.000,AP
2026-04-08 13:11:31,1900-01-00 00:00:00,1019-wombat,B8:27:EB:7C:81:10,-53, WPA ,0.000000,0.000000,0.000,0.000,AP
2026-04-08 13:11:31,1900-01-00 00:00:00,1019-wombat,B8:27:EB:7C:81:10,-53, WPA ,0.000000,0.000000,0.000,0.000,AP
2026-04-08 13:11:31,1900-01-00 00:00:00,1019-wombat,B8:27:EB:7C:81:10,-53, WPA ,0.000000,0.000000,0.000,0.000,AP
2026-04-08 13:11:31,1900-01-00 00:00:00,1019-wombat,B8:27:EB:7C:81:10,-53, WPA ,0.000000,0.000000,0.000,0.000,AP
2026-04-08 13:11:31,1900-01-00 00:00:00,1019-wombat,B8:27:EB:7C:81:10,-42, WPA ,0.000000,0.000000,0.000,0.000,AP
2026-04-08 13:11:31,1900-01-00 00:00:00,1019-wombat,B8:27:EB:7C:81:10,-42, WPA ,0.000000,0.000000,0.000,0.000,AP
2026-04-08 13:11:31,1900-01-00 00:00:00,1019-wombat,B8:27:EB:7C:81:10,-42, WPA ,0.000000,0.000000,0.000,0.000,AP
2026-04-08 13:11:31,1900-01-00 00:00:00,1019-wombat,B8:27:EB:7C:81:10,-54, WPA ,0.000000,0.000000,0.000,0.000,AP
2026-04-08 13:11:31,1900-01-00 00:00:00,1019-wombat,B8:27:EB:7C:81:10,-54, WPA ,0.000000,0.000000,0.000,0.000,AP
2026-04-08 13:11:31,1900-01-00 00:00:00,1019-wombat,B8:27:EB:7C:81:10,-54, WPA ,0.000000,0.000000,0.000,0.000,AP
2026-04-08 13:11:31,1900-01-00 00:00:00,1019-wombat,B8:27:EB:7C:81:10,-54, WPA ,0.000000,0.000000,0.000,0.000,AP
2026-04-08 13:11:31,1900-01-00 00:00:00,1019-wombat,B8:27:EB:7C:81:10,-54, WPA ,0.000000,0.000000,0.000,0.000,AP
2026-04-08 13:11:31,1900-01-00 00:00:00,1019-wombat,B8:27:EB:7C:81:10,-54, WPA ,0.000000,0.000000,0.000,0.000,AP
2026-04-08 13:11:31,1900-01-00 00:00:00,1019-wombat,B8:27:EB:7C:81:10,-33, WPA ,0.000000,0.000000,0.000,0.000,AP
2026-04-08 13:11:31,1900-01-00 00:00:00,1019-wombat,B8:27:EB:7C:81:10,-33, WPA ,0.000000,0.000000,0.000,0.000,AP
2026-04-08 13:11:31,1900-01-00 00:00:00,1019-wombat,B8:27:EB:7C:81:10,-33, WPA ,0.000000,0.000000,0.000,0.000,AP
2026-04-08 13:11:31,1900-01-00 00:00:00,1019-wombat,B8:27:EB:7C:81:10,-33, WPA ,0.000000,0.000000,0.000,0.000,AP
2026-04-08 13:11:31,1900-01-00 00:00:00,1019-wombat,B8:27:EB:7C:81:10,-33, WPA ,0.000000,0.000000,0.000,0.000,AP
2026-04-08 13:11:31,1900-01-00 00:00:00,1019-wombat,B8:27:EB:7C:81:10,-33, WPA ,0.000000,0.000000,0.000,0.000,AP
2026-04-08 13:11:31,1900-01-00 00:00:00,1019-wombat,B8:27:EB:7C:81:10,-33, WPA ,0.000000,0.000000,0.000,0.000,AP
2026-04-08 13:11:31,1900-01-00 00:00:00,1019-wombat,B8:27:EB:7C:81:10,-33, WPA ,0.000000,0.000000,0.000,0.000,AP
2026-04-08 13:11:31,1900-01-00 00:00:00,1019-wombat,B8:27:EB:7C:81:10,-33, WPA ,0.000000,0.000000,0.000,0.000,AP
2026-04-08 13:11:31,1900-01-00 00:00:00,1019-wombat,B8:27:EB:7C:81:10,-33, WPA ,0.000000,0.000000,0.000,0.000,AP
2026-04-08 13:11:31,1900-01-00 00:00:00,1019-wombat,B8:27:EB:7C:81:10,-33, WPA ,0.000000,0.000000,0.000,0.000,AP
2026-04-08 13:11:31,1900-01-00 00:00:00,1019-wombat,B8:27:EB:7C:81:10,-33, WPA ,0.000000,0.000000,0.000,0.000,AP
2026-04-08 13:11:31,1900-01-00 00:00:00,1019-wombat,B8:27:EB:7C:81:10,-40, WPA ,0.000000,0.000000,0.000,0.000,AP
2026-04-08 13:11:31,1900-01-00 00:00:00,1019-wombat,B8:27:EB:7C:81:10,-40, WPA ,0.000000,0.000000,0.000,0.000,AP
2026-04-08 13:11:31,1900-01-00 00:00:00,1019-wombat,B8:27:EB:7C:81:10,-40, WPA ,0.000000,0.000000,0.000,0.000,AP
2026-04-08 13:11:31,1900-01-00 00:00:00,1019-wombat,B8:27:EB:7C:81:10,-40, WPA ,0.000000,0.000000,0.000,0.000,AP
2026-04-08 13:11:31,1900-01-00 00:00:00,1019-wombat,B8:27:EB:7C:81:10,-40, WPA ,0.000000,0.000000,0.000,0.000,AP
2026-04-08 13:11:31,1900-01-00 00:00:00,1019-wombat,B8:27:EB:7C:81:10,-40, WPA ,0.000000,0.000000,0.000,0.000,AP
2026-04-08 13:11:31,1900-01-00 00:00:00,1019-wombat,B8:27:EB:7C:81:10,-40, WPA ,0.000000,0.000000,0.000,0.000,AP
2026-04-08 13:11:31,1900-01-00 00:00:00,1019-wombat,B8:27:EB:7C:81:10,-40, WPA ,0.000000,0.000000,0.000,0.000,AP
2026-04-08 13:11:31,1900-01-00 00:00:00,1019-wombat,B8:27:EB:7C:81:10,-40, WPA ,0.000000,0.000000,0.000,0.000,AP
2026-04-08 13:11:31,1900-01-00 00:00:00,1019-wombat,B8:27:EB:7C:81:10,-40, WPA ,0.000000,0.000000,0.000,0.000,AP
2026-04-08 13:11:31,1900-01-00 00:00:00,1019-wombat,B8:27:EB:7C:81:10,-40, WPA ,0.000000,0.000000,0.000,0.000,AP
2026-04-08 13:11:31,1900-01-00 00:00:00,1019-wombat,B8:27:EB:7C:81:10,-40, WPA ,0.000000,0.000000,0.000,0.000,AP
2026-04-08 13:11:31,1900-01-00 00:00:00,1019-wombat,B8:27:EB:7C:81:10,-40, WPA ,0.000000,0.000000,0.000,0.000,AP
2026-04-08 13:11:31,1900-01-00 00:00:00,1019-wombat,B8:27:EB:7C:81:10,-40, WPA ,0.000000,0.000000,0.000,0.000,AP
2026-04-08 13:11:31,1900-01-00 00:00:00,1019-wombat,B8:27:EB:7C:81:10,-40, WPA ,0.000000,0.000000,0.000,0.000,AP
2026-04-08 13:11:31,1900-01-00 00:00:00,1019-wombat,B8:27:EB:7C:81:10,-40, WPA ,0.000000,0.000000,0.000,0.000,AP
2026-04-08 13:11:31,1900-01-00 00:00:00,1019-wombat,B8:27:EB:7C:81:10,-54, WPA ,0.000000,0.000000,0.000,0.000,AP
2026-04-08 13:11:31,1900-01-00 00:00:00,1019-wombat,B8:27:EB:7C:81:10,-54, WPA ,0.000000,0.000000,0.000,0.000,AP
2026-04-08 13:11:31,1900-01-00 00:00:00,1019-wombat,B8:27:EB:7C:81:10,-54, WPA ,0.000000,0.000000,0.000,0.000,AP
2026-04-08 13:11:31,1900-01-00 00:00:00,1019-wombat,B8:27:EB:7C:81:10,-54, WPA ,0.000000,0.000000,0.000,0.000,AP
2026-04-08 13:11:31,1900-01-00 00:00:00,1019-wombat,B8:27:EB:7C:81:10,-54, WPA ,0.000000,0.000000,0.000,0.000,AP
2026-04-08 13:11:31,1900-01-00 00:00:00,1019-wombat,B8:27:EB:7C:81:10,-54, WPA ,0.000000,0.000000,0.000,0.000,AP
2026-04-08 13:11:31,1900-01-00 00:00:00,1019-wombat,B8:27:EB:7C:81:10,-54, WPA ,0.000000,0.000000,0.000,0.000,AP
2026-04-08 13:11:31,1900-01-00 00:00:00,1019-wombat,B8:27:EB:7C:81:10,-54, WPA ,0.000000,0.000000,0.000,0.000,AP
2026-04-08 13:11:31,1900-01-00 00:00:00,1019-wombat,B8:27:EB:7C:81:10,-54, WPA ,0.000000,0.000000,0.000,0.000,AP
2026-04-08 13:11:31,1900-01-00 00:00:00,1019-wombat,B8:27:EB:7C:81:10,-54, WPA ,0.000000,0.000000,0.000,0.000,AP
2026-04-08 13:11:31,1900-01-00 00:00:00,1019-wombat,B8:27:EB:7C:81:10,-54, WPA ,0.000000,0.000000,0.000,0.000,AP
2026-04-08 13:11:31,1900-01-00 00:00:00,1019-wombat,B8:27:EB:7C:81:10,-54, WPA ,0.000000,0.000000,0.000,0.000,AP
2026-04-08 13:11:31,1900-01-00 00:00:00,1019-wombat,B8:27:EB:7C:81:10,-54, WPA ,0.000000,0.000000,0.000,0.000,AP
2026-04-08 13:11:31,1900-01-00 00:00:00,1019-wombat,B8:27:EB:7C:81:10,-42, WPA ,0.000000,0.000000,0.000,0.000,AP
2026-04-08 13:11:31,1900-01-00 00:00:00,1019-wombat,B8:27:EB:7C:81:10,-42, WPA ,0.000000,0.000000,0.000,0.000,AP
2026-04-08 13:11:31,1900-01-00 00:00:00,1019-wombat,B8:27:EB:7C:81:10,-42, WPA ,0.000000,0.000000,0.000,0.000,AP
2026-04-08 13:11:31,1900-01-00 00:00:00,1019-wombat,B8:27:EB:7C:81:10,-53, WPA ,0.000000,0.000000,0.000,0.000,AP
2026-04-08 13:11:31,1900-01-00 00:00:00,1019-wombat,B8:27:EB:7C:81:10,-53, WPA ,0.000000,0.000000,0.000,0.000,AP
2026-04-08 13:11:31,1900-01-00 00:00:00,1019-wombat,B8:27:EB:7C:81:10,-53, WPA ,0.000000,0.000000,0.000,0.000,AP
2026-04-08 13:11:31,1900-01-00 00:00:00,1019-wombat,B8:27:EB:7C:81:10,-53, WPA ,0.000000,0.000000,0.000,0.000,AP
2026-04-08 13:11:31,1900-01-00 00:00:00,1019-wombat,B8:27:EB:7C:81:10,-53, WPA ,0.000000,0.000000,0.000,0.000,AP
2026-04-08 13:11:31,1900-01-00 00:00:00,1019-wombat,B8:27:EB:7C:81:10,-53, WPA ,0.000000,0.000000,0.000,0.000,AP
2026-04-08 13:11:31,1900-01-00 00:00:00,1019-wombat,B8:27:EB:7C:81:10,-32, WPA ,0.000000,0.000000,0.000,0.000,AP
2026-04-08 13:11:31,1900-01-00 00:00:00,1019-wombat,B8:27:EB:7C:81:10,-32, WPA ,0.000000,0.000000,0.000,0.000,AP
2026-04-08 13:11:31,1900-01-00 00:00:00,1019-wombat,B8:27:EB:7C:81:10,-32, WPA ,0.000000,0.000000,0.000,0.000,AP
2026-04-08 13:11:31,1900-01-00 00:00:00,1019-wombat,B8:27:EB:7C:81:10,-32, WPA ,0.000000,0.000000,0.000,0.000,AP
2026-04-08 13:11:31,1900-01-00 00:00:00,1019-wombat,B8:27:EB:7C:81:10,-54, WPA ,0.000000,0.000000,0.000,0.000,AP
2026-04-08 13:11:31,1900-01-00 00:00:00,1019-wombat,B8:27:EB:7C:81:10,-54, WPA ,0.000000,0.000000,0.000,0.000,AP
2026-04-08 13:11:31,1900-01-00 00:00:00,1019-wombat,B8:27:EB:7C:81:10,-54, WPA ,0.000000,0.000000,0.000,0.000,AP
2026-04-08 13:11:31,1900-01-00 00:00:00,1019-wombat,B8:27:EB:7C:81:10,-54, WPA ,0.000000,0.000000,0.000,0.000,AP
2026-04-08 13:11:31,1900-01-00 00:00:00,1019-wombat,B8:27:EB:7C:81:10,-54, WPA ,0.000000,0.000000,0.000,0.000,AP
2026-04-08 13:11:31,1900-01-00 00:00:00,1019-wombat,B8:27:EB:7C:81:10,-54, WPA ,0.000000,0.000000,0.000,0.000,AP
2026-04-08 13:11:31,1900-01-00 00:00:00,1019-wombat,B8:27:EB:7C:81:10,-54, WPA ,0.000000,0.000000,0.000,0.000,AP
2026-04-08 13:11:31,1900-01-00 00:00:00,1019-wombat,B8:27:EB:7C:81:10,-54, WPA ,0.000000,0.000000,0.000,0.000,AP
2026-04-08 13:11:31,1900-01-00 00:00:00,1019-wombat,B8:27:EB:7C:81:10,-42, WPA ,0.000000,0.000000,0.000,0.000,AP
2026-04-08 13:11:31,1900-01-00 00:00:00,1019-wombat,B8:27:EB:7C:81:10,-42, WPA ,0.000000,0.000000,0.000,0.000,AP
2026-04-08 13:11:31,1900-01-00 00:00:00,1019-wombat,B8:27:EB:7C:81:10,-42, WPA ,0.000000,0.000000,0.000,0.000,AP
2026-04-08 13:11:31,1900-01-00 00:00:00,1019-wombat,B8:27:EB:7C:81:10,-53, WPA ,0.000000,0.000000,0.000,0.000,AP
2026-04-08 13:11:31,1900-01-00 00:00:00,1019-wombat,B8:27:EB:7C:81:10,-53, WPA ,0.000000,0.000000,0.000,0.000,AP
2026-04-08 13:11:31,1900-01-00 00:00:00,1019-wombat,B8:27:EB:7C:81:10,-53, WPA ,0.000000,0.000000,0.000,0.000,AP
2026-04-08 13:11:31,1900-01-00 00:00:00,1019-wombat,B8:27:EB:7C:81:10,-53, WPA ,0.000000,0.000000,0.000,0.000,AP
2026-04-08 13:11:31,1900-01-00 00:00:00,1019-wombat,B8:27:EB:7C:81:10,-53, WPA ,0.000000,0.000000,0.000,0.000,AP
2026-04-08 13:11:31,1900-01-00 00:00:00,1019-wombat,B8:27:EB:7C:81:10,-53, WPA ,0.000000,0.000000,0.000,0.000,AP
2026-04-08 13:11:31,1900-01-00 00:00:00,1019-wombat,B8:27:EB:7C:81:10,-32, WPA ,0.000000,0.000000,0.000,0.000,AP
2026-04-08 13:11:31,1900-01-00 00:00:00,1019-wombat,B8:27:EB:7C:81:10,-32, WPA ,0.000000,0.000000,0.000,0.000,AP
2026-04-08 13:11:31,1900-01-00 00:00:00,1019-wombat,B8:27:EB:7C:81:10,-32, WPA ,0.000000,0.000000,0.000,0.000,AP
2026-04-08 13:11:31,1900-01-00 00:00:00,1019-wombat,B8:27:EB:7C:81:10,-32, WPA ,0.000000,0.000000,0.000,0.000,AP
2026-04-08 13:11:31,1900-01-00 00:00:00,1019-wombat,B8:27:EB:7C:81:10,-32, WPA ,0.000000,0.000000,0.000,0.000,AP
2026-04-08 13:11:31,1900-01-00 00:00:00,1019-wombat,B8:27:EB:7C:81:10,-32, WPA ,0.000000,0.000000,0.000,0.000,AP
2026-04-08 13:11:31,1900-01-00 00:00:00,1019-wombat,B8:27:EB:7C:81:10,-32, WPA ,0.000000,0.000000,0.000,0.000,AP
2026-04-08 13:11:31,1900-01-00 00:00:00,1019-wombat,B8:27:EB:7C:81:10,-32, WPA ,0.000000,0.000000,0.000,0.000,AP
2026-04-08 13:11:31,1900-01-00 00:00:00,1019-wombat,B8:27:EB:7C:81:10,-32, WPA ,0.000000,0.000000,0.000,0.000,AP
2026-04-08 13:11:31,1900-01-00 00:00:00,1019-wombat,B8:27:EB:7C:81:10,-32, WPA ,0.000000,0.000000,0.000,0.000,AP
2026-04-08 13:11:31,1900-01-00 00:00:00,1019-wombat,B8:27:EB:7C:81:10,-52, WPA ,0.000000,0.000000,0.000,0.000,AP
2026-04-08 13:11:31,1900-01-00 00:00:00,1019-wombat,B8:27:EB:7C:81:10,-52, WPA ,0.000000,0.000000,0.000,0.000,AP
2026-04-08 13:11:31,1900-01-00 00:00:00,1019-wombat,B8:27:EB:7C:81:10,-44, WPA ,0.000000,0.000000,0.000,0.000,AP
2026-04-08 13:11:31,1900-01-00 00:00:00,1019-wombat,B8:27:EB:7C:81:10,-41, WPA ,0.000000,0.000000,0.000,0.000,AP
2026-04-08 13:11:31,1900-01-00 00:00:00,1019-wombat,B8:27:EB:7C:81:10,-41, WPA ,0.000000,0.000000,0.000,0.000,AP
2026-04-08 13:11:31,1900-01-00 00:00:00,1019-wombat,B8:27:EB:7C:81:10,-41, WPA ,0.000000,0.000000,0.000,0.000,AP
2026-04-08 13:11:31,1900-01-00 00:00:00,1019-wombat,B8:27:EB:7C:81:10,-41, WPA ,0.000000,0.000000,0.000,0.000,AP
2026-04-08 13:11:31,1900-01-00 00:00:00,1019-wombat,B8:27:EB:7C:81:10,-41, WPA ,0.000000,0.000000,0.000,0.000,AP
2026-04-08 13:11:31,1900-01-00 00:00:00,1019-wombat,B8:27:EB:7C:81:10,-41, WPA ,0.000000,0.000000,0.000,0.000,AP
2026-04-08 13:11:31,1900-01-00 00:00:00,1019-wombat,B8:27:EB:7C:81:10,-41, WPA ,0.000000,0.000000,0.000,0.000,AP
2026-04-08 13:11:31,1900-01-00 00:00:00,1019-wombat,B8:27:EB:7C:81:10,-41, WPA ,0.000000,0.000000,0.000,0.000,AP
2026-04-08 13:11:31,1900-01-00 00:00:00,1019-wombat,B8:27:EB:7C:81:10,-41, WPA ,0.000000,0.000000,0.000,0.000,AP
2026-04-08 13:11:31,1900-01-00 00:00:00,1019-wombat,B8:27:EB:7C:81:10,-41, WPA ,0.000000,0.000000,0.000,0.000,AP
2026-04-08 13:11:31,1900-01-00 00:00:00,1019-wombat,B8:27:EB:7C:81:10,-41, WPA ,0.000000,0.000000,0.000,0.000,AP
2026-04-08 13:11:31,1900-01-00 00:00:00,1019-wombat,B8:27:EB:7C:81:10,-41, WPA ,0.000000,0.000000,0.000,0.000,AP
2026-04-08 13:11:31,1900-01-00 00:00:00,1019-wombat,B8:27:EB:7C:81:10,-41, WPA ,0.000000,0.000000,0.000,0.000,AP
2026-04-08 13:11:31,1900-01-00 00:00:00,1019-wombat,B8:27:EB:7C:81:10,-41, WPA ,0.000000,0.000000,0.000,0.000,AP
2026-04-08 13:11:31,1900-01-00 00:00:00,1019-wombat,B8:27:EB:7C:81:10,-41, WPA ,0.000000,0.000000,0.000,0.000,AP
2026-04-08 13:11:31,1900-01-00 00:00:00,1019-wombat,B8:27:EB:7C:81:10,-53, WPA ,0.000000,0.000000,0.000,0.000,AP
2026-04-08 13:11:31,1900-01-00 00:00:00,1019-wombat,B8:27:EB:7C:81:10,-52, WPA ,0.000000,0.000000,0.000,0.000,AP
2026-04-08 13:11:31,1900-01-00 00:00:00,1019-wombat,B8:27:EB:7C:81:10,-52, WPA ,0.000000,0.000000,0.000,0.000,AP
2026-04-08 13:11:31,1900-01-00 00:00:00,1019-wombat,B8:27:EB:7C:81:10,-52, WPA ,0.000000,0.000000,0.000,0.000,AP
2026-04-08 13:11:31,1900-01-00 00:00:00,1019-wombat,B8:27:EB:7C:81:10,-52, WPA ,0.000000,0.000000,0.000,0.000,AP
2026-04-08 13:11:31,1900-01-00 00:00:00,1019-wombat,B8:27:EB:7C:81:10,-52, WPA ,0.000000,0.000000,0.000,0.000,AP
2026-04-08 13:11:31,1900-01-00 00:00:00,1019-wombat,B8:27:EB:7C:81:10,-52, WPA ,0.000000,0.000000,0.000,0.000,AP
2026-04-08 13:11:31,1900-01-00 00:00:00,1019-wombat,B8:27:EB:7C:81:10,-52, WPA ,0.000000,0.000000,0.000,0.000,AP
2026-04-08 13:11:31,1900-01-00 00:00:00,1019-wombat,B8:27:EB:7C:81:10,-52, WPA ,0.000000,0.000000,0.000,0.000,AP
2026-04-08 13:11:31,1900-01-00 00:00:00,1019-wombat,B8:27:EB:7C:81:10,-50, WPA ,0.000000,0.000000,0.000,0.000,AP
2026-04-08 13:11:31,1900-01-00 00:00:00,1019-wombat,B8:27:EB:7C:81:10,-50, WPA ,0.000000,0.000000,0.000,0.000,AP
2026-04-08 13:11:31,1900-01-00 00:00:00,1019-wombat,B8:27:EB:7C:81:10,-50, WPA ,0.000000,0.000000,0.000,0.000,AP
2026-04-08 13:11:31,1900-01-00 00:00:00,1019-wombat,B8:27:EB:7C:81:10,-50, WPA ,0.000000,0.000000,0.000,0.000,AP
2026-04-08 13:11:31,1900-01-00 00:00:00,1019-wombat,B8:27:EB:7C:81:10,-42, WPA ,0.000000,0.000000,0.000,0.000,AP
2026-04-08 13:11:31,1900-01-00 00:00:00,1019-wombat,B8:27:EB:7C:81:10,-42, WPA ,0.000000,0.000000,0.000,0.000,AP
2026-04-08 13:11:31,1900-01-00 00:00:00,1019-wombat,B8:27:EB:7C:81:10,-42, WPA ,0.000000,0.000000,0.000,0.000,AP
2026-04-08 13:11:31,1900-01-00 00:00:00,1019-wombat,B8:27:EB:7C:81:10,-54, WPA ,0.000000,0.000000,0.000,0.000,AP
2026-04-08 13:11:31,1900-01-00 00:00:00,1019-wombat,B8:27:EB:7C:81:10,-54, WPA ,0.000000,0.000000,0.000,0.000,AP
2026-04-08 13:11:31,1900-01-00 00:00:00,1019-wombat,B8:27:EB:7C:81:10,-54, WPA ,0.000000,0.000000,0.000,0.000,AP
2026-04-08 13:11:31,1900-01-00 00:00:00,1019-wombat,B8:27:EB:7C:81:10,-54, WPA ,0.000000,0.000000,0.000,0.000,AP
2026-04-08 13:11:31,1900-01-00 00:00:00,1019-wombat,B8:27:EB:7C:81:10,-54, WPA ,0.000000,0.000000,0.000,0.000,AP
2026-04-08 13:11:31,1900-01-00 00:00:00,1019-wombat,B8:27:EB:7C:81:10,-54, WPA ,0.000000,0.000000,0.000,0.000,AP
2026-04-08 13:11:31,1900-01-00 00:00:00,1019-wombat,B8:27:EB:7C:81:10,-32, WPA ,0.000000,0.000000,0.000,0.000,AP
2026-04-08 13:11:31,1900-01-00 00:00:00,1019-wombat,B8:27:EB:7C:81:10,-51, WPA ,0.000000,0.000000,0.000,0.000,AP
2026-04-08 13:11:31,1900-01-00 00:00:00,1019-wombat,B8:27:EB:7C:81:10,-51, WPA ,0.000000,0.000000,0.000,0.000,AP
2026-04-08 13:11:31,1900-01-00 00:00:00,1019-wombat,B8:27:EB:7C:81:10,-54, WPA ,0.000000,0.000000,0.000,0.000,AP
2026-04-08 13:11:31,1900-01-00 00:00:00,1019-wombat,B8:27:EB:7C:81:10,-54, WPA ,0.000000,0.000000,0.000,0.000,AP
2026-04-08 13:11:31,1900-01-00 00:00:00,1019-wombat,B8:27:EB:7C:81:10,-56, WPA ,0.000000,0.000000,0.000,0.000,AP
2026-04-08 13:11:31,1900-01-00 00:00:00,1019-wombat,B8:27:EB:7C:81:10,-56, WPA ,0.000000,0.000000,0.000,0.000,AP
2026-04-08 13:11:31,1900-01-00 00:00:00,1019-wombat,B8:27:EB:7C:81:10,-56, WPA ,0.000000,0.000000,0.000,0.000,AP
2026-04-08 13:11:31,1900-01-00 00:00:00,1019-wombat,B8:27:EB:7C:81:10,-56, WPA ,0.000000,0.000000,0.000,0.000,AP
2026-04-08 13:11:31,1900-01-00 00:00:00,1019-wombat,B8:27:EB:7C:81:10,-56, WPA ,0.000000,0.000000,0.000,0.000,AP
2026-04-08 13:11:31,1900-01-00 00:00:00,1019-wombat,B8:27:EB:7C:81:10,-54, WPA ,0.000000,0.000000,0.000,0.000,AP
2026-04-08 13:11:31,1900-01-00 00:00:00,1019-wombat,B8:27:EB:7C:81:10,-54, WPA ,0.000000,0.000000,0.000,0.000,AP
2026-04-08 13:11:31,1900-01-00 00:00:00,1019-wombat,B8:27:EB:7C:81:10,-52, WPA ,0.000000,0.000000,0.000,0.000,AP
2026-04-08 13:11:31,1900-01-00 00:00:00,1019-wombat,B8:27:EB:7C:81:10,-52, WPA ,0.000000,0.000000,0.000,0.000,AP
2026-04-08 13:11:31,1900-01-00 00:00:00,1019-wombat,B8:27:EB:7C:81:10,-41, WPA ,0.000000,0.000000,0.000,0.000,AP
2026-04-08 13:11:31,1900-01-00 00:00:00,1019-wombat,B8:27:EB:7C:81:10,-41, WPA ,0.000000,0.000000,0.000,0.000,AP
2026-04-08 13:11:31,1900-01-00 00:00:00,1019-wombat,B8:27:EB:7C:81:10,-41, WPA ,0.000000,0.000000,0.000,0.000,AP
2026-04-08 13:11:31,1900-01-00 00:00:00,1019-wombat,B8:27:EB:7C:81:10,-41, WPA ,0.000000,0.000000,0.000,0.000,AP
2026-04-08 13:11:31,1900-01-00 00:00:00,1019-wombat,B8:27:EB:7C:81:10,-41, WPA ,0.000000,0.000000,0.000,0.000,AP
2026-04-08 13:11:31,1900-01-00 00:00:00,1019-wombat,B8:27:EB:7C:81:10,-41, WPA ,0.000000,0.000000,0.000,0.000,AP
2026-04-08 13:11:31,1900-01-00 00:00:00,1019-wombat,B8:27:EB:7C:81:10,-41, WPA ,0.000000,0.000000,0.000,0.000,AP
2026-04-08 13:11:31,1900-01-00 00:00:00,1019-wombat,B8:27:EB:7C:81:10,-41, WPA ,0.000000,0.000000,0.000,0.000,AP
2026-04-08 13:11:31,1900-01-00 00:00:00,1019-wombat,B8:27:EB:7C:81:10,-41, WPA ,0.000000,0.000000,0.000,0.000,AP
2026-04-08 13:11:31,1900-01-00 00:00:00,1019-wombat,B8:27:EB:7C:81:10,-41, WPA ,0.000000,0.000000,0.000,0.000,AP
2026-04-08 13:11:31,1900-01-00 00:00:00,1019-wombat,B8:27:EB:7C:81:10,-41, WPA ,0.000000,0.000000,0.000,0.000,AP
2026-04-08 13:11:31,1900-01-00 00:00:00,1019-wombat,B8:27:EB:7C:81:10,-41, WPA ,0.000000,0.000000,0.000,0.000,AP
2026-04-08 13:11:31,1900-01-00 00:00:00,1019-wombat,B8:27:EB:7C:81:10,-41, WPA ,0.000000,0.000000,0.000,0.000,AP
2026-04-08 13:11:31,1900-01-00 00:00:00,1019-wombat,B8:27:EB:7C:81:10,-41, WPA ,0.000000,0.000000,0.000,0.000,AP
2026-04-08 13:11:31,1900-01-00 00:00:00,1019-wombat,B8:27:EB:7C:81:10,-41, WPA ,0.000000,0.000000,0.000,0.000,AP
2026-04-08 13:11:31,1900-01-00 00:00:00,1019-wombat,B8:27:EB:7C:81:10,-41, WPA ,0.000000,0.000000,0.000,0.000,AP
2026-04-08 13:11:31,1900-01-00 00:00:00,1019-wombat,B8:27:EB:7C:81:10,-51, WPA ,0.000000,0.000000,0.000,0.000,AP
2026-04-08 13:11:31,1900-01-00 00:00:00,1019-wombat,B8:27:EB:7C:81:10,-51, WPA ,0.000000,0.000000,0.000,0.000,AP
2026-04-08 13:11:31,1900-01-00 00:00:00,1019-wombat,B8:27:EB:7C:81:10,-51, WPA ,0.000000,0.000000,0.000,0.000,AP
2026-04-08 13:11:31,1900-01-00 00:00:00,1019-wombat,B8:27:EB:7C:81:10,-51, WPA ,0.000000,0.000000,0.000,0.000,AP
2026-04-08 13:11:31,1900-01-00 00:00:00,1019-wombat,B8:27:EB:7C:81:10,-51, WPA ,0.000000,0.000000,0.000,0.000,AP
2026-04-08 13:11:31,1900-01-00 00:00:00,1019-wombat,B8:27:EB:7C:81:10,-51, WPA ,0.000000,0.000000,0.000,0.000,AP
2026-04-08 13:11:31,1900-01-00 00:00:00,1019-wombat,B8:27:EB:7C:81:10,-51, WPA ,0.000000,0.000000,0.000,0.000,AP
2026-04-08 13:11:31,1900-01-00 00:00:00,1019-wombat,B8:27:EB:7C:81:10,-51, WPA ,0.000000,0.000000,0.000,0.000,AP
2026-04-08 13:11:31,1900-01-00 00:00:00,1019-wombat,B8:27:EB:7C:81:10,-51, WPA ,0.000000,0.000000,0.000,0.000,AP
2026-04-08 13:11:31,1900-01-00 00:00:00,1019-wombat,B8:27:EB:7C:81:10,-51, WPA ,0.000000,0.000000,0.000,0.000,AP
2026-04-08 13:11:31,1900-01-00 00:00:00,1019-wombat,B8:27:EB:7C:81:10,-51, WPA ,0.000000,0.000000,0.000,0.000,AP
2026-04-08 13:11:31,1900-01-00 00:00:00,1019-wombat,B8:27:EB:7C:81:10,-51, WPA ,0.000000,0.000000,0.000,0.000,AP
2026-04-08 13:11:31,1900-01-00 00:00:00,1019-wombat,B8:27:EB:7C:81:10,-51, WPA ,0.000000,0.000000,0.000,0.000,AP
2026-04-08 13:11:31,1900-01-00 00:00:00,1019-wombat,B8:27:EB:7C:81:10,-41, WPA ,0.000000,0.000000,0.000,0.000,AP
2026-04-08 13:11:31,1900-01-00 00:00:00,1019-wombat,B8:27:EB:7C:81:10,-41, WPA ,0.000000,0.000000,0.000,0.000,AP
2026-04-08 13:11:31,1900-01-00 00:00:00,1019-wombat,B8:27:EB:7C:81:10,-41, WPA ,0.000000,0.000000,0.000,0.000,AP
2026-04-08 13:11:31,1900-01-00 00:00:00,1019-wombat,B8:27:EB:7C:81:10,-55, WPA ,0.000000,0.000000,0.000,0.000,AP
2026-04-08 13:11:31,1900-01-00 00:00:00,1019-wombat,B8:27:EB:7C:81:10,-55, WPA ,0.000000,0.000000,0.000,0.000,AP
2026-04-08 13:11:31,1900-01-00 00:00:00,1019-wombat,B8:27:EB:7C:81:10,-55, WPA ,0.000000,0.000000,0.000,0.000,AP
2026-04-08 13:11:31,1900-01-00 00:00:00,1019-wombat,B8:27:EB:7C:81:10,-55, WPA ,0.000000,0.000000,0.000,0.000,AP
2026-04-08 13:11:31,1900-01-00 00:00:00,1019-wombat,B8:27:EB:7C:81:10,-55, WPA ,0.000000,0.000000,0.000,0.000,AP
2026-04-08 13:11:31,1900-01-00 00:00:00,1019-wombat,B8:27:EB:7C:81:10,-55, WPA ,0.000000,0.000000,0.000,0.000,AP
2026-04-08 13:11:31,1900-01-00 00:00:00,1019-wombat,B8:27:EB:7C:81:10,-32, WPA ,0.000000,0.000000,0.000,0.000,AP
2026-04-08 13:11:31,1900-01-00 00:00:00,1019-wombat,B8:27:EB:7C:81:10,-32, WPA ,0.000000,0.000000,0.000,0.000,AP
2026-04-08 13:11:31,1900-01-00 00:00:00,1019-wombat,B8:27:EB:7C:81:10,-32, WPA ,0.000000,0.000000,0.000,0.000,AP
2026-04-08 13:11:31,1900-01-00 00:00:00,1019-wombat,B8:27:EB:7C:81:10,-32, WPA ,0.000000,0.000000,0.000,0.000,AP
2026-04-08 13:11:31,1900-01-00 00:00:00,1019-wombat,B8:27:EB:7C:81:10,-32, WPA ,0.000000,0.000000,0.000,0.000,AP
2026-04-08 13:11:31,1900-01-00 00:00:00,1019-wombat,B8:27:EB:7C:81:10,-32, WPA ,0.000000,0.000000,0.000,0.000,AP
2026-04-08 13:11:31,1900-01-00 00:00:00,1019-wombat,B8:27:EB:7C:81:10,-32, WPA ,0.000000,0.000000,0.000,0.000,AP
2026-04-08 13:11:31,1900-01-00 00:00:00,1019-wombat,B8:27:EB:7C:81:10,-32, WPA ,0.000000,0.000000,0.000,0.000,AP
2026-04-08 13:11:31,1900-01-00 00:00:00,1019-wombat,B8:27:EB:7C:81:10,-32, WPA ,0.000000,0.000000,0.000,0.000,AP
2026-04-08 13:11:31,1900-01-00 00:00:00,1019-wombat,B8:27:EB:7C:81:10,-32, WPA ,0.000000,0.000000,0.000,0.000,AP
2026-04-08 13:11:31,1900-01-00 00:00:00,1019-wombat,B8:27:EB:7C:81:10,-32, WPA ,0.000000,0.000000,0.000,0.000,AP
2026-04-08 13:11:31,1900-01-00 00:00:00,1019-wombat,B8:27:EB:7C:81:10,-32, WPA ,0.000000,0.000000,0.000,0.000,AP
2026-04-08 13:11:31,1900-01-00 00:00:00,1019-wombat,B8:27:EB:7C:81:10,-41, WPA ,0.000000,0.000000,0.000,0.000,AP
2026-04-08 13:11:31,1900-01-00 00:00:00,1019-wombat,B8:27:EB:7C:81:10,-41, WPA ,0.000000,0.000000,0.000,0.000,AP
2026-04-08 13:11:31,1900-01-00 00:00:00,1019-wombat,B8:27:EB:7C:81:10,-41, WPA ,0.000000,0.000000,0.000,0.000,AP
2026-04-08 13:11:31,1900-01-00 00:00:00,1019-wombat,B8:27:EB:7C:81:10,-41, WPA ,0.000000,0.000000,0.000,0.000,AP
2026-04-08 13:11:31,1900-01-00 00:00:00,1019-wombat,B8:27:EB:7C:81:10,-41, WPA ,0.000000,0.000000,0.000,0.000,AP
2026-04-08 13:11:31,1900-01-00 00:00:00,1019-wombat,B8:27:EB:7C:81:10,-41, WPA ,0.000000,0.000000,0.000,0.000,AP
2026-04-08 13:11:31,1900-01-00 00:00:00,1019-wombat,B8:27:EB:7C:81:10,-41, WPA ,0.000000,0.000000,0.000,0.000,AP
2026-04-08 13:11:31,1900-01-00 00:00:00,1019-wombat,B8:27:EB:7C:81:10,-41, WPA ,0.000000,0.000000,0.000,0.000,AP
2026-04-08 13:11:31,1900-01-00 00:00:00,1019-wombat,B8:27:EB:7C:81:10,-41, WPA ,0.000000,0.000000,0.000,0.000,AP
2026-04-08 13:11:31,1900-01-00 00:00:00,1019-wombat,B8:27:EB:7C:81:10,-41, WPA ,0.000000,0.000000,0.000,0.000,AP
2026-04-08 13:11:31,1900-01-00 00:00:00,1019-wombat,B8:27:EB:7C:81:10,-56, WPA ,0.000000,0.000000,0.000,0.000,AP
2026-04-08 13:11:31,1900-01-00 00:00:00,1019-wombat,B8:27:EB:7C:81:10,-54, WPA ,0.000000,0.000000,0.000,0.000,AP
2026-04-08 13:11:32,1900-01-00 00:00:00,1019-wombat,B8:27:EB:7C:81:10,-55, WPA ,0.000000,0.000000,0.000,0.000,AP
2026-04-08 13:11:32,1900-01-00 00:00:00,1019-wombat,B8:27:EB:7C:81:10,-54, WPA ,0.000000,0.000000,0.000,0.000,AP
2026-04-08 13:11:32,1900-01-00 00:00:00,1019-wombat,B8:27:EB:7C:81:10,-55, WPA ,0.000000,0.000000,0.000,0.000,AP
2026-04-08 13:11:32,1900-01-00 00:00:00,1019-wombat,B8:27:EB:7C:81:10,-55, WPA ,0.000000,0.000000,0.000,0.000,AP
2026-04-08 13:11:32,1900-01-00 00:00:00,1019-wombat,B8:27:EB:7C:81:10,-55, WPA ,0.000000,0.000000,0.000,0.000,AP
2026-04-08 13:11:32,1900-01-00 00:00:00,1019-wombat,B8:27:EB:7C:81:10,-55, WPA ,0.000000,0.000000,0.000,0.000,AP
2026-04-08 13:11:32,1900-01-00 00:00:00,1019-wombat,B8:27:EB:7C:81:10,-54, WPA ,0.000000,0.000000,0.000,0.000,AP
2026-04-08 13:11:32,1900-01-00 00:00:00,1019-wombat,B8:27:EB:7C:81:10,-55, WPA ,0.000000,0.000000,0.000,0.000,AP
2026-04-08 13:11:32,1900-01-00 00:00:00,1019-wombat,B8:27:EB:7C:81:10,-54, WPA ,0.000000,0.000000,0.000,0.000,AP
2026-04-08 13:11:32,1900-01-00 00:00:00,1019-wombat,B8:27:EB:7C:81:10,-54, WPA ,0.000000,0.000000,0.000,0.000,AP
2026-04-08 13:11:32,1900-01-00 00:00:00,1019-wombat,B8:27:EB:7C:81:10,-55, WPA ,0.000000,0.000000,0.000,0.000,AP
2026-04-08 13:11:32,1900-01-00 00:00:00,1019-wombat,B8:27:EB:7C:81:10,-54, WPA ,0.000000,0.000000,0.000,0.000,AP
2026-04-08 13:11:32,1900-01-00 00:00:00,1019-wombat,B8:27:EB:7C:81:10,-55, WPA ,0.000000,0.000000,0.000,0.000,AP
2026-04-08 13:11:32,1900-01-00 00:00:00,1019-wombat,B8:27:EB:7C:81:10,-55, WPA ,0.000000,0.000000,0.000,0.000,AP
2026-04-08 13:11:32,1900-01-00 00:00:00,1019-wombat,B8:27:EB:7C:81:10,-55, WPA ,0.000000,0.000000,0.000,0.000,AP
2026-04-08 13:11:32,1900-01-00 00:00:00,1019-wombat,B8:27:EB:7C:81:10,-55, WPA ,0.000000,0.000000,0.000,0.000,AP
2026-04-08 13:11:32,1900-01-00 00:00:00,1019-wombat,B8:27:EB:7C:81:10,-55, WPA ,0.000000,0.000000,0.000,0.000,AP
2026-04-08 13:11:32,1900-01-00 00:00:00,1019-wombat,B8:27:EB:7C:81:10,-55, WPA ,0.000000,0.000000,0.000,0.000,AP
2026-04-08 13:11:32,1900-01-00 00:00:00,1019-wombat,B8:27:EB:7C:81:10,-55, WPA ,0.000000,0.000000,0.000,0.000,AP
2026-04-08 13:11:32,1900-01-00 00:00:00,1019-wombat,B8:27:EB:7C:81:10,-55, WPA ,0.000000,0.000000,0.000,0.000,AP
2026-04-08 13:11:32,1900-01-00 00:00:00,1019-wombat,B8:27:EB:7C:81:10,-54, WPA ,0.000000,0.000000,0.000,0.000,AP
2026-04-08 13:11:32,1900-01-00 00:00:00,1019-wombat,B8:27:EB:7C:81:10,-54, WPA ,0.000000,0.000000,0.000,0.000,AP
2026-04-08 13:11:32,1900-01-00 00:00:00,1019-wombat,B8:27:EB:7C:81:10,-54, WPA ,0.000000,0.000000,0.000,0.000,AP
2026-04-08 13:11:32,1900-01-00 00:00:00,1019-wombat,B8:27:EB:7C:81:10,-54, WPA ,0.000000,0.000000,0.000,0.000,AP
2026-04-08 13:11:32,1900-01-00 00:00:00,1019-wombat,B8:27:EB:7C:81:10,-54, WPA ,0.000000,0.000000,0.000,0.000,AP
2026-04-08 13:11:32,1900-01-00 00:00:00,1019-wombat,B8:27:EB:7C:81:10,-54, WPA ,0.000000,0.000000,0.000,0.000,AP
2026-04-08 13:11:32,1900-01-00 00:00:00,1019-wombat,B8:27:EB:7C:81:10,-55, WPA ,0.000000,0.000000,0.000,0.000,AP
2026-04-08 13:11:32,1900-01-00 00:00:00,1019-wombat,B8:27:EB:7C:81:10,-54, WPA ,0.000000,0.000000,0.000,0.000,AP
2026-04-08 13:11:32,1900-01-00 00:00:00,1019-wombat,B8:27:EB:7C:81:10,-54, WPA ,0.000000,0.000000,0.000,0.000,AP
2026-04-08 13:11:32,1900-01-00 00:00:00,1019-wombat,B8:27:EB:7C:81:10,-55, WPA ,0.000000,0.000000,0.000,0.000,AP
2026-04-08 13:11:32,1900-01-00 00:00:00,1019-wombat,B8:27:EB:7C:81:10,-54, WPA ,0.000000,0.000000,0.000,0.000,AP
2026-04-08 13:11:32,1900-01-00 00:00:00,1019-wombat,B8:27:EB:7C:81:10,-54, WPA ,0.000000,0.000000,0.000,0.000,AP
2026-04-08 13:11:32,1900-01-00 00:00:00,1019-wombat,B8:27:EB:7C:81:10,-55, WPA ,0.000000,0.000000,0.000,0.000,AP
2026-04-08 13:11:32,1900-01-00 00:00:00,1019-wombat,B8:27:EB:7C:81:10,-55, WPA ,0.000000,0.000000,0.000,0.000,AP
2026-04-08 13:11:32,1900-01-00 00:00:00,1019-wombat,B8:27:EB:7C:81:10,-55, WPA ,0.000000,0.000000,0.000,0.000,AP
2026-04-08 13:11:32,1900-01-00 00:00:00,1019-wombat,B8:27:EB:7C:81:10,-55, WPA ,0.000000,0.000000,0.000,0.000,AP
2026-04-08 13:11:32,1900-01-00 00:00:00,1019-wombat,B8:27:EB:7C:81:10,-55, WPA ,0.000000,0.000000,0.000,0.000,AP
2026-04-08 13:11:32,1900-01-00 00:00:00,1019-wombat,B8:27:EB:7C:81:10,-55, WPA ,0.000000,0.000000,0.000,0.000,AP
2026-04-08 13:11:32,1900-01-00 00:00:00,1019-wombat,B8:27:EB:7C:81:10,-55, WPA ,0.000000,0.000000,0.000,0.000,AP
2026-04-08 13:11:32,1900-01-00 00:00:00,1019-wombat,B8:27:EB:7C:81:10,-55, WPA ,0.000000,0.000000,0.000,0.000,AP
2026-04-08 13:11:32,1900-01-00 00:00:00,1019-wombat,B8:27:EB:7C:81:10,-55, WPA ,0.000000,0.000000,0.000,0.000,AP
2026-04-08 13:11:32,1900-01-00 00:00:00,1019-wombat,B8:27:EB:7C:81:10,-55, WPA ,0.000000,0.000000,0.000,0.000,AP
2026-04-08 13:11:32,1900-01-00 00:00:00,1019-wombat,B8:27:EB:7C:81:10,-56, WPA ,0.000000,0.000000,0.000,0.000,AP
2026-04-08 13:11:32,1900-01-00 00:00:00,1019-wombat,B8:27:EB:7C:81:10,-57, WPA ,0.000000,0.000000,0.000,0.000,AP
2026-04-08 13:11:32,1900-01-00 00:00:00,1019-wombat,B8:27:EB:7C:81:10,-56, WPA ,0.000000,0.000000,0.000,0.000,AP
2026-04-08 13:11:32,1900-01-00 00:00:00,1019-wombat,B8:27:EB:7C:81:10,-56, WPA ,0.000000,0.000000,0.000,0.000,AP
2026-04-08 13:11:32,1900-01-00 00:00:00,1019-wombat,B8:27:EB:7C:81:10,-56, WPA ,0.000000,0.000000,0.000,0.000,AP
2026-04-08 13:11:32,1900-01-00 00:00:00,1019-wombat,B8:27:EB:7C:81:10,-56, WPA ,0.000000,0.000000,0.000,0.000,AP
2026-04-08 13:11:33,1900-01-00 00:00:00,1019-wombat,B8:27:EB:7C:81:10,-53, WPA ,0.000000,0.000000,0.000,0.000,AP
2026-04-08 13:11:33,1900-01-00 00:00:00,1019-wombat,B8:27:EB:7C:81:10,-56, WPA ,0.000000,0.000000,0.000,0.000,AP
2026-04-08 13:11:33,1900-01-00 00:00:00,1019-wombat,B8:27:EB:7C:81:10,-55, WPA ,0.000000,0.000000,0.000,0.000,AP
2026-04-08 13:11:33,1900-01-00 00:00:00,1019-wombat,B8:27:EB:7C:81:10,-55, WPA ,0.000000,0.000000,0.000,0.000,AP
2026-04-08 13:11:33,1900-01-00 00:00:00,1019-wombat,B8:27:EB:7C:81:10,-54, WPA ,0.000000,0.000000,0.000,0.000,AP
2026-04-08 13:11:33,1900-01-00 00:00:00,1019-wombat,B8:27:EB:7C:81:10,-55, WPA ,0.000000,0.000000,0.000,0.000,AP
2026-04-08 13:11:33,1900-01-00 00:00:00,1019-wombat,B8:27:EB:7C:81:10,-55, WPA ,0.000000,0.000000,0.000,0.000,AP
2026-04-08 13:11:33,1900-01-00 00:00:00,1019-wombat,B8:27:EB:7C:81:10,-54, WPA ,0.000000,0.000000,0.000,0.000,AP
2026-04-08 13:11:33,1900-01-00 00:00:00,1019-wombat,B8:27:EB:7C:81:10,-55, WPA ,0.000000,0.000000,0.000,0.000,AP
2026-04-08 13:11:33,1900-01-00 00:00:00,1019-wombat,B8:27:EB:7C:81:10,-55, WPA ,0.000000,0.000000,0.000,0.000,AP
2026-04-08 13:11:33,1900-01-00 00:00:00,1019-wombat,B8:27:EB:7C:81:10,-55, WPA ,0.000000,0.000000,0.000,0.000,AP
2026-04-08 13:11:33,1900-01-00 00:00:00,1019-wombat,B8:27:EB:7C:81:10,-55, WPA ,0.000000,0.000000,0.000,0.000,AP
2026-04-08 13:11:33,1900-01-00 00:00:00,1019-wombat,B8:27:EB:7C:81:10,-54, WPA ,0.000000,0.000000,0.000,0.000,AP
2026-04-08 13:11:33,1900-01-00 00:00:00,1019-wombat,B8:27:EB:7C:81:10,-52, WPA ,0.000000,0.000000,0.000,0.000,AP
2026-04-08 13:11:33,1900-01-00 00:00:00,1019-wombat,B8:27:EB:7C:81:10,-53, WPA ,0.000000,0.000000,0.000,0.000,AP
2026-04-08 13:11:33,1900-01-00 00:00:00,1019-wombat,B8:27:EB:7C:81:10,-53, WPA ,0.000000,0.000000,0.000,0.000,AP
2026-04-08 13:11:33,1900-01-00 00:00:00,1019-wombat,B8:27:EB:7C:81:10,-53, WPA ,0.000000,0.000000,0.000,0.000,AP
2026-04-08 13:11:33,1900-01-00 00:00:00,1019-wombat,B8:27:EB:7C:81:10,-54, WPA ,0.000000,0.000000,0.000,0.000,AP
2026-04-08 13:11:33,1900-01-00 00:00:00,1019-wombat,B8:27:EB:7C:81:10,-54, WPA ,0.000000,0.000000,0.000,0.000,AP
2026-04-08 13:11:33,1900-01-00 00:00:00,1019-wombat,B8:27:EB:7C:81:10,-53, WPA ,0.000000,0.000000,0.000,0.000,AP
2026-04-08 13:11:33,1900-01-00 00:00:00,1019-wombat,B8:27:EB:7C:81:10,-52, WPA ,0.000000,0.000000,0.000,0.000,AP
2026-04-08 13:11:33,1900-01-00 00:00:00,1019-wombat,B8:27:EB:7C:81:10,-50, WPA ,0.000000,0.000000,0.000,0.000,AP
2026-04-08 13:11:33,1900-01-00 00:00:00,1019-wombat,B8:27:EB:7C:81:10,-50, WPA ,0.000000,0.000000,0.000,0.000,AP
2026-04-08 13:11:33,1900-01-00 00:00:00,1019-wombat,B8:27:EB:7C:81:10,-50, WPA ,0.000000,0.000000,0.000,0.000,AP
2026-04-08 13:11:33,1900-01-00 00:00:00,1019-wombat,B8:27:EB:7C:81:10,-51, WPA ,0.000000,0.000000,0.000,0.000,AP
2026-04-08 13:11:33,1900-01-00 00:00:00,1019-wombat,B8:27:EB:7C:81:10,-51, WPA ,0.000000,0.000000,0.000,0.000,AP
2026-04-08 13:11:33,1900-01-00 00:00:00,1019-wombat,B8:27:EB:7C:81:10,-51, WPA ,0.000000,0.000000,0.000,0.000,AP
2026-04-08 13:11:33,1900-01-00 00:00:00,1019-wombat,B8:27:EB:7C:81:10,-51, WPA ,0.000000,0.000000,0.000,0.000,AP
2026-04-08 13:11:33,1900-01-00 00:00:00,1019-wombat,B8:27:EB:7C:81:10,-51, WPA ,0.000000,0.000000,0.000,0.000,AP
2026-04-08 13:11:33,1900-01-00 00:00:00,1019-wombat,B8:27:EB:7C:81:10,-51, WPA ,0.000000,0.000000,0.000,0.000,AP
2026-04-08 13:11:33,1900-01-00 00:00:00,1019-wombat,B8:27:EB:7C:81:10,-51, WPA ,0.000000,0.000000,0.000,0.000,AP
2026-04-08 13:11:33,1900-01-00 00:00:00,1019-wombat,B8:27:EB:7C:81:10,-51, WPA ,0.000000,0.000000,0.000,0.000,AP
2026-04-08 13:11:33,1900-01-00 00:00:00,1019-wombat,B8:27:EB:7C:81:10,-51, WPA ,0.000000,0.000000,0.000,0.000,AP
2026-04-08 13:11:33,1900-01-00 00:00:00,1019-wombat,B8:27:EB:7C:81:10,-51, WPA ,0.000000,0.000000,0.000,0.000,AP
2026-04-08 13:11:33,1900-01-00 00:00:00,1019-wombat,B8:27:EB:7C:81:10,-51, WPA ,0.000000,0.000000,0.000,0.000,AP
2026-04-08 13:11:33,1900-01-00 00:00:00,1019-wombat,B8:27:EB:7C:81:10,-50, WPA ,0.000000,0.000000,0.000,0.000,AP
2026-04-08 13:11:33,1900-01-00 00:00:00,1019-wombat,B8:27:EB:7C:81:10,-49, WPA ,0.000000,0.000000,0.000,0.000,AP
2026-04-08 13:11:34,1900-01-00 00:00:00,1019-wombat,B8:27:EB:7C:81:10,-49, WPA ,0.000000,0.000000,0.000,0.000,AP
2026-04-08 13:11:34,1900-01-00 00:00:00,1019-wombat,B8:27:EB:7C:81:10,-48, WPA ,0.000000,0.000000,0.000,0.000,AP
2026-04-08 13:11:34,1900-01-00 00:00:00,1019-wombat,B8:27:EB:7C:81:10,-48, WPA ,0.000000,0.000000,0.000,0.000,AP
2026-04-08 13:11:34,1900-01-00 00:00:00,1019-wombat,B8:27:EB:7C:81:10,-47, WPA ,0.000000,0.000000,0.000,0.000,AP
2026-04-08 13:11:34,1900-01-00 00:00:00,1019-wombat,B8:27:EB:7C:81:10,-47, WPA ,0.000000,0.000000,0.000,0.000,AP
2026-04-08 13:11:34,1900-01-00 00:00:00,1019-wombat,B8:27:EB:7C:81:10,-47, WPA ,0.000000,0.000000,0.000,0.000,AP
2026-04-08 13:11:34,1900-01-00 00:00:00,1019-wombat,B8:27:EB:7C:81:10,-48, WPA ,0.000000,0.000000,0.000,0.000,AP
2026-04-08 13:11:34,1900-01-00 00:00:00,1019-wombat,B8:27:EB:7C:81:10,-48, WPA ,0.000000,0.000000,0.000,0.000,AP
2026-04-08 13:11:34,1900-01-00 00:00:00,1019-wombat,B8:27:EB:7C:81:10,-50, WPA ,0.000000,0.000000,0.000,0.000,AP
2026-04-08 13:11:34,1900-01-00 00:00:00,1019-wombat,B8:27:EB:7C:81:10,-51, WPA ,0.000000,0.000000,0.000,0.000,AP
2026-04-08 13:11:34,1900-01-00 00:00:00,1019-wombat,B8:27:EB:7C:81:10,-51, WPA ,0.000000,0.000000,0.000,0.000,AP
2026-04-08 13:11:34,1900-01-00 00:00:00,,C4:CB:76:AF:5C:A8,-55,,0.000000,0.000000,0.000,0.000,Client
2026-04-08 13:11:34,1900-01-00 00:00:00,1019-wombat,B8:27:EB:7C:81:10,-52, WPA ,0.000000,0.000000,0.000,0.000,AP
2026-04-08 13:11:34,1900-01-00 00:00:00,,C4:CB:76:AF:5C:A8,-54,,0.000000,0.000000,0.000,0.000,Client
2026-04-08 13:11:34,1900-01-00 00:00:00,1019-wombat,B8:27:EB:7C:81:10,-52, WPA ,0.000000,0.000000,0.000,0.000,AP
2026-04-08 13:11:35,1900-01-00 00:00:00,1019-wombat,B8:27:EB:7C:81:10,-52, WPA ,0.000000,0.000000,0.000,0.000,AP
2026-04-08 13:11:35,1900-01-00 00:00:00,1019-wombat,B8:27:EB:7C:81:10,-53, WPA ,0.000000,0.000000,0.000,0.000,AP
2026-04-08 13:11:35,1900-01-00 00:00:00,,C4:CB:76:AF:5C:A8,-55,,0.000000,0.000000,0.000,0.000,Client
2026-04-08 13:11:35,1900-01-00 00:00:00,,C4:CB:76:AF:5C:A8,-52,,0.000000,0.000000,0.000,0.000,Client
2026-04-08 13:11:35,1900-01-00 00:00:00,1019-wombat,B8:27:EB:7C:81:10,-53, WPA ,0.000000,0.000000,0.000,0.000,AP
2026-04-08 13:11:35,1900-01-00 00:00:00,,C4:CB:76:AF:5C:A8,-55,,0.000000,0.000000,0.000,0.000,Client
2026-04-08 13:11:35,1900-01-00 00:00:00,,C4:CB:76:AF:5C:A8,-55,,0.000000,0.000000,0.000,0.000,Client
2026-04-08 13:11:35,1900-01-00 00:00:00,,C4:CB:76:AF:5C:A8,-52,,0.000000,0.000000,0.000,0.000,Client
2026-04-08 13:11:35,1900-01-00 00:00:00,,C4:CB:76:AF:5C:A8,-55,,0.000000,0.000000,0.000,0.000,Client
2026-04-08 13:11:35,1900-01-00 00:00:00,,C4:CB:76:AF:5C:A8,-55,,0.000000,0.000000,0.000,0.000,Client
2026-04-08 13:11:35,1900-01-00 00:00:00,,C4:CB:76:AF:5C:A8,-52,,0.000000,0.000000,0.000,0.000,Client
2026-04-08 13:11:35,1900-01-00 00:00:00,,C4:CB:76:AF:5C:A8,-55,,0.000000,0.000000,0.000,0.000,Client
2026-04-08 13:11:35,1900-01-00 00:00:00,1019-wombat,B8:27:EB:7C:81:10,-53, WPA ,0.000000,0.000000,0.000,0.000,AP
2026-04-08 13:11:35,1900-01-00 00:00:00,1019-wombat,B8:27:EB:7C:81:10,-53, WPA ,0.000000,0.000000,0.000,0.000,AP
2026-04-08 13:11:35,1900-01-00 00:00:00,1019-wombat,B8:27:EB:7C:81:10,-53, WPA ,0.000000,0.000000,0.000,0.000,AP
2026-04-08 13:11:35,1900-01-00 00:00:00,1019-wombat,B8:27:EB:7C:81:10,-53, WPA ,0.000000,0.000000,0.000,0.000,AP
2026-04-08 13:11:35,1900-01-00 00:00:00,1019-wombat,B8:27:EB:7C:81:10,-53, WPA ,0.000000,0.000000,0.000,0.000,AP
2026-04-08 13:11:35,1900-01-00 00:00:00,1019-wombat,B8:27:EB:7C:81:10,-53, WPA ,0.000000,0.000000,0.000,0.000,AP
2026-04-08 13:11:35,1900-01-00 00:00:00,1019-wombat,B8:27:EB:7C:81:10,-53, WPA ,0.000000,0.000000,0.000,0.000,AP
2026-04-08 13:11:35,1900-01-00 00:00:00,1019-wombat,B8:27:EB:7C:81:10,-53, WPA ,0.000000,0.000000,0.000,0.000,AP
2026-04-08 13:11:35,1900-01-00 00:00:00,,C4:CB:76:AF:5C:A8,-56,,0.000000,0.000000,0.000,0.000,Client
2026-04-08 13:11:35,1900-01-00 00:00:00,,C4:CB:76:AF:5C:A8,-56,,0.000000,0.000000,0.000,0.000,Client
2026-04-08 13:11:35,1900-01-00 00:00:00,1019-wombat,B8:27:EB:7C:81:10,-53, WPA ,0.000000,0.000000,0.000,0.000,AP
2026-04-08 13:11:35,1900-01-00 00:00:00,1019-wombat,B8:27:EB:7C:81:10,-53, WPA ,0.000000,0.000000,0.000,0.000,AP
2026-04-08 13:11:35,1900-01-00 00:00:00,1019-wombat,B8:27:EB:7C:81:10,-53, WPA ,0.000000,0.000000,0.000,0.000,AP
2026-04-08 13:11:35,1900-01-00 00:00:00,,C4:CB:76:AF:5C:A8,-56,,0.000000,0.000000,0.000,0.000,Client
2026-04-08 13:11:35,1900-01-00 00:00:00,1019-wombat,B8:27:EB:7C:81:10,-53, WPA ,0.000000,0.000000,0.000,0.000,AP
2026-04-08 13:11:35,1900-01-00 00:00:00,1019-wombat,B8:27:EB:7C:81:10,-53, WPA ,0.000000,0.000000,0.000,0.000,AP
2026-04-08 13:11:35,1900-01-00 00:00:00,1019-wombat,B8:27:EB:7C:81:10,-53, WPA ,0.000000,0.000000,0.000,0.000,AP
2026-04-08 13:11:35,1900-01-00 00:00:00,1019-wombat,B8:27:EB:7C:81:10,-52, WPA ,0.000000,0.000000,0.000,0.000,AP
2026-04-08 13:11:35,1900-01-00 00:00:00,1019-wombat,B8:27:EB:7C:81:10,-53, WPA ,0.000000,0.000000,0.000,0.000,AP
2026-04-08 13:11:35,1900-01-00 00:00:00,1019-wombat,B8:27:EB:7C:81:10,-53, WPA ,0.000000,0.000000,0.000,0.000,AP
2026-04-08 13:11:35,1900-01-00 00:00:00,1019-wombat,B8:27:EB:7C:81:10,-53, WPA ,0.000000,0.000000,0.000,0.000,AP
2026-04-08 13:11:35,1900-01-00 00:00:00,,C4:CB:76:AF:5C:A8,-56,,0.000000,0.000000,0.000,0.000,Client
2026-04-08 13:11:35,1900-01-00 00:00:00,1019-wombat,B8:27:EB:7C:81:10,-53, WPA ,0.000000,0.000000,0.000,0.000,AP
2026-04-08 13:11:35,1900-01-00 00:00:00,1019-wombat,B8:27:EB:7C:81:10,-53, WPA ,0.000000,0.000000,0.000,0.000,AP
2026-04-08 13:11:35,1900-01-00 00:00:00,,C4:CB:76:AF:5C:A8,-55,,0.000000,0.000000,0.000,0.000,Client
2026-04-08 13:11:35,1900-01-00 00:00:00,1019-wombat,B8:27:EB:7C:81:10,-53, WPA ,0.000000,0.000000,0.000,0.000,AP
2026-04-08 13:11:35,1900-01-00 00:00:00,1019-wombat,B8:27:EB:7C:81:10,-53, WPA ,0.000000,0.000000,0.000,0.000,AP
2026-04-08 13:11:35,1900-01-00 00:00:00,1019-wombat,B8:27:EB:7C:81:10,-53, WPA ,0.000000,0.000000,0.000,0.000,AP
2026-04-08 13:11:35,1900-01-00 00:00:00,1019-wombat,B8:27:EB:7C:81:10,-53, WPA ,0.000000,0.000000,0.000,0.000,AP
2026-04-08 13:11:35,1900-01-00 00:00:00,1019-wombat,B8:27:EB:7C:81:10,-52, WPA ,0.000000,0.000000,0.000,0.000,AP
2026-04-08 13:11:35,1900-01-00 00:00:00,1019-wombat,B8:27:EB:7C:81:10,-53, WPA ,0.000000,0.000000,0.000,0.000,AP
2026-04-08 13:11:35,1900-01-00 00:00:00,1019-wombat,B8:27:EB:7C:81:10,-52, WPA ,0.000000,0.000000,0.000,0.000,AP
2026-04-08 13:11:35,1900-01-00 00:00:00,1019-wombat,B8:27:EB:7C:81:10,-52, WPA ,0.000000,0.000000,0.000,0.000,AP
2026-04-08 13:11:35,1900-01-00 00:00:00,1019-wombat,B8:27:EB:7C:81:10,-52, WPA ,0.000000,0.000000,0.000,0.000,AP
2026-04-08 13:11:35,1900-01-00 00:00:00,1019-wombat,B8:27:EB:7C:81:10,-52, WPA ,0.000000,0.000000,0.000,0.000,AP
2026-04-08 13:11:35,1900-01-00 00:00:00,1019-wombat,B8:27:EB:7C:81:10,-52, WPA ,0.000000,0.000000,0.000,0.000,AP
2026-04-08 13:11:35,1900-01-00 00:00:00,1019-wombat,B8:27:EB:7C:81:10,-52, WPA ,0.000000,0.000000,0.000,0.000,AP
2026-04-08 13:11:35,1900-01-00 00:00:00,1019-wombat,B8:27:EB:7C:81:10,-52, WPA ,0.000000,0.000000,0.000,0.000,AP
2026-04-08 13:11:35,1900-01-00 00:00:00,1019-wombat,B8:27:EB:7C:81:10,-52, WPA ,0.000000,0.000000,0.000,0.000,AP
2026-04-08 13:11:35,1900-01-00 00:00:00,1019-wombat,B8:27:EB:7C:81:10,-50, WPA ,0.000000,0.000000,0.000,0.000,AP
2026-04-08 13:11:36,1900-01-00 00:00:00,1019-wombat,B8:27:EB:7C:81:10,-50, WPA ,0.000000,0.000000,0.000,0.000,AP
2026-04-08 13:11:36,1900-01-00 00:00:00,1019-wombat,B8:27:EB:7C:81:10,-49, WPA ,0.000000,0.000000,0.000,0.000,AP
2026-04-08 13:11:36,1900-01-00 00:00:00,1019-wombat,B8:27:EB:7C:81:10,-49, WPA ,0.000000,0.000000,0.000,0.000,AP
2026-04-08 13:11:36,1900-01-00 00:00:00,1019-wombat,B8:27:EB:7C:81:10,-50, WPA ,0.000000,0.000000,0.000,0.000,AP
2026-04-08 13:11:36,1900-01-00 00:00:00,1019-wombat,B8:27:EB:7C:81:10,-49, WPA ,0.000000,0.000000,0.000,0.000,AP
2026-04-08 13:11:36,1900-01-00 00:00:00,1019-wombat,B8:27:EB:7C:81:10,-49, WPA ,0.000000,0.000000,0.000,0.000,AP
2026-04-08 13:11:36,1900-01-00 00:00:00,1019-wombat,B8:27:EB:7C:81:10,-49, WPA ,0.000000,0.000000,0.000,0.000,AP
2026-04-08 13:11:36,1900-01-00 00:00:00,1019-wombat,B8:27:EB:7C:81:10,-50, WPA ,0.000000,0.000000,0.000,0.000,AP
2026-04-08 13:11:37,1900-01-00 00:00:00,1019-wombat,B8:27:EB:7C:81:10,-53, WPA ,0.000000,0.000000,0.000,0.000,AP
2026-04-08 13:11:37,1900-01-00 00:00:00,1019-wombat,B8:27:EB:7C:81:10,-52, WPA ,0.000000,0.000000,0.000,0.000,AP
2026-04-08 13:11:37,1900-01-00 00:00:00,1019-wombat,B8:27:EB:7C:81:10,-51, WPA ,0.000000,0.000000,0.000,0.000,AP
2026-04-08 13:11:37,1900-01-00 00:00:00,1019-wombat,B8:27:EB:7C:81:10,-51, WPA ,0.000000,0.000000,0.000,0.000,AP
2026-04-08 13:11:37,1900-01-00 00:00:00,1019-wombat,B8:27:EB:7C:81:10,-50, WPA ,0.000000,0.000000,0.000,0.000,AP
2026-04-08 13:11:37,1900-01-00 00:00:00,1019-wombat,B8:27:EB:7C:81:10,-48, WPA ,0.000000,0.000000,0.000,0.000,AP
2026-04-08 13:11:37,1900-01-00 00:00:00,1019-wombat,B8:27:EB:7C:81:10,-50, WPA ,0.000000,0.000000,0.000,0.000,AP
2026-04-08 13:11:37,1900-01-00 00:00:00,1019-wombat,B8:27:EB:7C:81:10,-50, WPA ,0.000000,0.000000,0.000,0.000,AP
2026-04-08 13:11:37,1900-01-00 00:00:00,1019-wombat,B8:27:EB:7C:81:10,-49, WPA ,0.000000,0.000000,0.000,0.000,AP
2026-04-08 13:11:37,1900-01-00 00:00:00,1019-wombat,B8:27:EB:7C:81:10,-50, WPA ,0.000000,0.000000,0.000,0.000,AP
2026-04-08 13:11:37,1900-01-00 00:00:00,1019-wombat,B8:27:EB:7C:81:10,-50, WPA ,0.000000,0.000000,0.000,0.000,AP
2026-04-08 13:11:37,1900-01-00 00:00:00,1019-wombat,B8:27:EB:7C:81:10,-50, WPA ,0.000000,0.000000,0.000,0.000,AP
2026-04-08 13:11:37,1900-01-00 00:00:00,1019-wombat,B8:27:EB:7C:81:10,-50, WPA ,0.000000,0.000000,0.000,0.000,AP
2026-04-08 13:11:37,1900-01-00 00:00:00,1019-wombat,B8:27:EB:7C:81:10,-50, WPA ,0.000000,0.000000,0.000,0.000,AP
2026-04-08 13:11:37,1900-01-00 00:00:00,1019-wombat,B8:27:EB:7C:81:10,-50, WPA ,0.000000,0.000000,0.000,0.000,AP
2026-04-08 13:11:37,1900-01-00 00:00:00,1019-wombat,B8:27:EB:7C:81:10,-48, WPA ,0.000000,0.000000,0.000,0.000,AP
2026-04-08 13:11:37,1900-01-00 00:00:00,1019-wombat,B8:27:EB:7C:81:10,-49, WPA ,0.000000,0.000000,0.000,0.000,AP
2026-04-08 13:11:37,1900-01-00 00:00:00,1019-wombat,B8:27:EB:7C:81:10,-49, WPA ,0.000000,0.000000,0.000,0.000,AP
2026-04-08 13:11:37,1900-01-00 00:00:00,1019-wombat,B8:27:EB:7C:81:10,-50, WPA ,0.000000,0.000000,0.000,0.000,AP
2026-04-08 13:11:37,1900-01-00 00:00:00,1019-wombat,B8:27:EB:7C:81:10,-49, WPA ,0.000000,0.000000,0.000,0.000,AP
2026-04-08 13:11:38,1900-01-00 00:00:00,1019-wombat,B8:27:EB:7C:81:10,-48, WPA ,0.000000,0.000000,0.000,0.000,AP
2026-04-08 13:11:38,1900-01-00 00:00:00,1019-wombat,B8:27:EB:7C:81:10,-48, WPA ,0.000000,0.000000,0.000,0.000,AP
2026-04-08 13:11:38,1900-01-00 00:00:00,1019-wombat,B8:27:EB:7C:81:10,-49, WPA ,0.000000,0.000000,0.000,0.000,AP
2026-04-08 13:11:38,1900-01-00 00:00:00,1019-wombat,B8:27:EB:7C:81:10,-49, WPA ,0.000000,0.000000,0.000,0.000,AP
2026-04-08 13:11:38,1900-01-00 00:00:00,1019-wombat,B8:27:EB:7C:81:10,-49, WPA ,0.000000,0.000000,0.000,0.000,AP
2026-04-08 13:11:38,1900-01-00 00:00:00,1019-wombat,B8:27:EB:7C:81:10,-50, WPA ,0.000000,0.000000,0.000,0.000,AP
2026-04-08 13:11:38,1900-01-00 00:00:00,1019-wombat,B8:27:EB:7C:81:10,-50, WPA ,0.000000,0.000000,0.000,0.000,AP
2026-04-08 13:11:38,1900-01-00 00:00:00,1019-wombat,B8:27:EB:7C:81:10,-50, WPA ,0.000000,0.000000,0.000,0.000,AP
2026-04-08 13:11:38,1900-01-00 00:00:00,1019-wombat,B8:27:EB:7C:81:10,-50, WPA ,0.000000,0.000000,0.000,0.000,AP
2026-04-08 13:11:38,1900-01-00 00:00:00,1019-wombat,B8:27:EB:7C:81:10,-50, WPA ,0.000000,0.000000,0.000,0.000,AP
2026-04-08 13:11:38,1900-01-00 00:00:00,1019-wombat,B8:27:EB:7C:81:10,-49, WPA ,0.000000,0.000000,0.000,0.000,AP
2026-04-08 13:11:38,1900-01-00 00:00:00,1019-wombat,B8:27:EB:7C:81:10,-49, WPA ,0.000000,0.000000,0.000,0.000,AP
2026-04-08 13:11:38,1900-01-00 00:00:00,1019-wombat,B8:27:EB:7C:81:10,-49, WPA ,0.000000,0.000000,0.000,0.000,AP
2026-04-08 13:11:38,1900-01-00 00:00:00,1019-wombat,B8:27:EB:7C:81:10,-49, WPA ,0.000000,0.000000,0.000,0.000,AP
2026-04-08 13:11:38,1900-01-00 00:00:00,1019-wombat,B8:27:EB:7C:81:10,-49, WPA ,0.000000,0.000000,0.000,0.000,AP
2026-04-08 13:11:38,1900-01-00 00:00:00,1019-wombat,B8:27:EB:7C:81:10,-49, WPA ,0.000000,0.000000,0.000,0.000,AP
2026-04-08 13:11:38,1900-01-00 00:00:00,1019-wombat,B8:27:EB:7C:81:10,-49, WPA ,0.000000,0.000000,0.000,0.000,AP
2026-04-08 13:11:38,1900-01-00 00:00:00,1019-wombat,B8:27:EB:7C:81:10,-49, WPA ,0.000000,0.000000,0.000,0.000,AP
2026-04-08 13:11:38,1900-01-00 00:00:00,1019-wombat,B8:27:EB:7C:81:10,-49, WPA ,0.000000,0.000000,0.000,0.000,AP
2026-04-08 13:11:38,1900-01-00 00:00:00,1019-wombat,B8:27:EB:7C:81:10,-50, WPA ,0.000000,0.000000,0.000,0.000,AP
2026-04-08 13:11:38,1900-01-00 00:00:00,1019-wombat,B8:27:EB:7C:81:10,-49, WPA ,0.000000,0.000000,0.000,0.000,AP
2026-04-08 13:11:38,1900-01-00 00:00:00,1019-wombat,B8:27:EB:7C:81:10,-50, WPA ,0.000000,0.000000,0.000,0.000,AP
2026-04-08 13:11:38,1900-01-00 00:00:00,1019-wombat,B8:27:EB:7C:81:10,-50, WPA ,0.000000,0.000000,0.000,0.000,AP
2026-04-08 13:11:38,1900-01-00 00:00:00,1019-wombat,B8:27:EB:7C:81:10,-50, WPA ,0.000000,0.000000,0.000,0.000,AP
2026-04-08 13:11:38,1900-01-00 00:00:00,1019-wombat,B8:27:EB:7C:81:10,-50, WPA ,0.000000,0.000000,0.000,0.000,AP
2026-04-08 13:11:38,1900-01-00 00:00:00,1019-wombat,B8:27:EB:7C:81:10,-50, WPA ,0.000000,0.000000,0.000,0.000,AP
2026-04-08 13:11:38,1900-01-00 00:00:00,1019-wombat,B8:27:EB:7C:81:10,-50, WPA ,0.000000,0.000000,0.000,0.000,AP
2026-04-08 13:11:38,1900-01-00 00:00:00,1019-wombat,B8:27:EB:7C:81:10,-49, WPA ,0.000000,0.000000,0.000,0.000,AP
2026-04-08 13:11:39,1900-01-00 00:00:00,1019-wombat,B8:27:EB:7C:81:10,-50, WPA ,0.000000,0.000000,0.000,0.000,AP
2026-04-08 13:11:39,1900-01-00 00:00:00,1019-wombat,B8:27:EB:7C:81:10,-50, WPA ,0.000000,0.000000,0.000,0.000,AP
2026-04-08 13:11:39,1900-01-00 00:00:00,1019-wombat,B8:27:EB:7C:81:10,-50, WPA ,0.000000,0.000000,0.000,0.000,AP
2026-04-08 13:11:39,1900-01-00 00:00:00,1019-wombat,B8:27:EB:7C:81:10,-50, WPA ,0.000000,0.000000,0.000,0.000,AP
2026-04-08 13:11:39,1900-01-00 00:00:00,1019-wombat,B8:27:EB:7C:81:10,-50, WPA ,0.000000,0.000000,0.000,0.000,AP
2026-04-08 13:11:39,1900-01-00 00:00:00,1019-wombat,B8:27:EB:7C:81:10,-48, WPA ,0.000000,0.000000,0.000,0.000,AP
2026-04-08 13:11:39,1900-01-00 00:00:00,1019-wombat,B8:27:EB:7C:81:10,-50, WPA ,0.000000,0.000000,0.000,0.000,AP
2026-04-08 13:11:39,1900-01-00 00:00:00,1019-wombat,B8:27:EB:7C:81:10,-50, WPA ,0.000000,0.000000,0.000,0.000,AP
2026-04-08 13:11:39,1900-01-00 00:00:00,1019-wombat,B8:27:EB:7C:81:10,-50, WPA ,0.000000,0.000000,0.000,0.000,AP
2026-04-08 13:11:39,1900-01-00 00:00:00,1019-wombat,B8:27:EB:7C:81:10,-50, WPA ,0.000000,0.000000,0.000,0.000,AP
2026-04-08 13:11:39,1900-01-00 00:00:00,1019-wombat,B8:27:EB:7C:81:10,-50, WPA ,0.000000,0.000000,0.000,0.000,AP
2026-04-08 13:11:39,1900-01-00 00:00:00,1019-wombat,B8:27:EB:7C:81:10,-51, WPA ,0.000000,0.000000,0.000,0.000,AP
2026-04-08 13:11:39,1900-01-00 00:00:00,1019-wombat,B8:27:EB:7C:81:10,-51, WPA ,0.000000,0.000000,0.000,0.000,AP
2026-04-08 13:11:39,1900-01-00 00:00:00,1019-wombat,B8:27:EB:7C:81:10,-52, WPA ,0.000000,0.000000,0.000,0.000,AP
2026-04-08 13:11:39,1900-01-00 00:00:00,1019-wombat,B8:27:EB:7C:81:10,-52, WPA ,0.000000,0.000000,0.000,0.000,AP
2026-04-08 13:11:39,1900-01-00 00:00:00,1019-wombat,B8:27:EB:7C:81:10,-52, WPA ,0.000000,0.000000,0.000,0.000,AP
2026-04-08 13:11:39,1900-01-00 00:00:00,1019-wombat,B8:27:EB:7C:81:10,-51, WPA ,0.000000,0.000000,0.000,0.000,AP
2026-04-08 13:11:39,1900-01-00 00:00:00,1019-wombat,B8:27:EB:7C:81:10,-50, WPA ,0.000000,0.000000,0.000,0.000,AP
2026-04-08 13:11:39,1900-01-00 00:00:00,,C4:CB:76:AF:5C:A8,-53,,0.000000,0.000000,0.000,0.000,Client
2026-04-08 13:11:39,1900-01-00 00:00:00,1019-wombat,B8:27:EB:7C:81:10,-51, WPA ,0.000000,0.000000,0.000,0.000,AP
2026-04-08 13:11:39,1900-01-00 00:00:00,,C4:CB:76:AF:5C:A8,-53,,0.000000,0.000000,0.000,0.000,Client
2026-04-08 13:11:39,1900-01-00 00:00:00,1019-wombat,B8:27:EB:7C:81:10,-51, WPA ,0.000000,0.000000,0.000,0.000,AP
2026-04-08 13:11:39,1900-01-00 00:00:00,1019-wombat,B8:27:EB:7C:81:10,-51, WPA ,0.000000,0.000000,0.000,0.000,AP
2026-04-08 13:11:39,1900-01-00 00:00:00,,C4:CB:76:AF:5C:A8,-51,,0.000000,0.000000,0.000,0.000,Client
2026-04-08 13:11:39,1900-01-00 00:00:00,1019-wombat,B8:27:EB:7C:81:10,-50, WPA ,0.000000,0.000000,0.000,0.000,AP
2026-04-08 13:11:39,1900-01-00 00:00:00,1019-wombat,B8:27:EB:7C:81:10,-51, WPA ,0.000000,0.000000,0.000,0.000,AP
2026-04-08 13:11:39,1900-01-00 00:00:00,,C4:CB:76:AF:5C:A8,-52,,0.000000,0.000000,0.000,0.000,Client
2026-04-08 13:11:39,1900-01-00 00:00:00,,C4:CB:76:AF:5C:A8,-52,,0.000000,0.000000,0.000,0.000,Client
2026-04-08 13:11:39,1900-01-00 00:00:00,,C4:CB:76:AF:5C:A8,-52,,0.000000,0.000000,0.000,0.000,Client
2026-04-08 13:11:39,1900-01-00 00:00:00,1019-wombat,B8:27:EB:7C:81:10,-51, WPA ,0.000000,0.000000,0.000,0.000,AP
2026-04-08 13:11:40,1900-01-00 00:00:00,,C4:CB:76:AF:5C:A8,-52,,0.000000,0.000000,0.000,0.000,Client
2026-04-08 13:11:40,1900-01-00 00:00:00,,C4:CB:76:AF:5C:A8,-56,,0.000000,0.000000,0.000,0.000,Client
2026-04-08 13:11:40,1900-01-00 00:00:00,,C4:CB:76:AF:5C:A8,-57,,0.000000,0.000000,0.000,0.000,Client
2026-04-08 13:11:40,1900-01-00 00:00:00,,C4:CB:76:AF:5C:A8,-56,,0.000000,0.000000,0.000,0.000,Client
2026-04-08 13:11:40,1900-01-00 00:00:00,1019-wombat,B8:27:EB:7C:81:10,-52, WPA ,0.000000,0.000000,0.000,0.000,AP
2026-04-08 13:11:40,1900-01-00 00:00:00,,C4:CB:76:AF:5C:A8,-57,,0.000000,0.000000,0.000,0.000,Client
2026-04-08 13:11:40,1900-01-00 00:00:00,,C4:CB:76:AF:5C:A8,-57,,0.000000,0.000000,0.000,0.000,Client
2026-04-08 13:11:40,1900-01-00 00:00:00,,C4:CB:76:AF:5C:A8,-56,,0.000000,0.000000,0.000,0.000,Client
2026-04-08 13:11:40,1900-01-00 00:00:00,,C4:CB:76:AF:5C:A8,-56,,0.000000,0.000000,0.000,0.000,Client
2026-04-08 13:11:40,1900-01-00 00:00:00,,C4:CB:76:AF:5C:A8,-56,,0.000000,0.000000,0.000,0.000,Client
2026-04-08 13:11:40,1900-01-00 00:00:00,,C4:CB:76:AF:5C:A8,-57,,0.000000,0.000000,0.000,0.000,Client
2026-04-08 13:11:40,1900-01-00 00:00:00,1019-wombat,B8:27:EB:7C:81:10,-49, WPA ,0.000000,0.000000,0.000,0.000,AP
2026-04-08 13:11:40,1900-01-00 00:00:00,,C4:CB:76:AF:5C:A8,-56,,0.000000,0.000000,0.000,0.000,Client
2026-04-08 13:11:40,1900-01-00 00:00:00,,C4:CB:76:AF:5C:A8,-56,,0.000000,0.000000,0.000,0.000,Client
2026-04-08 13:11:40,1900-01-00 00:00:00,,C4:CB:76:AF:5C:A8,-55,,0.000000,0.000000,0.000,0.000,Client
2026-04-08 13:11:40,1900-01-00 00:00:00,,C4:CB:76:AF:5C:A8,-57,,0.000000,0.000000,0.000,0.000,Client
2026-04-08 13:11:40,1900-01-00 00:00:00,,C4:CB:76:AF:5C:A8,-57,,0.000000,0.000000,0.000,0.000,Client
2026-04-08 13:11:40,1900-01-00 00:00:00,,C4:CB:76:AF:5C:A8,-56,,0.000000,0.000000,0.000,0.000,Client
2026-04-08 13:11:40,1900-01-00 00:00:00,,C4:CB:76:AF:5C:A8,-57,,0.000000,0.000000,0.000,0.000,Client
2026-04-08 13:11:40,1900-01-00 00:00:00,,C4:CB:76:AF:5C:A8,-56,,0.000000,0.000000,0.000,0.000,Client
2026-04-08 13:11:40,1900-01-00 00:00:00,,C4:CB:76:AF:5C:A8,-56,,0.000000,0.000000,0.000,0.000,Client
2026-04-08 13:11:40,1900-01-00 00:00:00,,C4:CB:76:AF:5C:A8,-56,,0.000000,0.000000,0.000,0.000,Client
2026-04-08 13:11:40,1900-01-00 00:00:00,1019-wombat,B8:27:EB:7C:81:10,-51, WPA ,0.000000,0.000000,0.000,0.000,AP
2026-04-08 13:11:40,1900-01-00 00:00:00,1019-wombat,B8:27:EB:7C:81:10,-53, WPA ,0.000000,0.000000,0.000,0.000,AP
2026-04-08 13:11:40,1900-01-00 00:00:00,1019-wombat,B8:27:EB:7C:81:10,-52, WPA ,0.000000,0.000000,0.000,0.000,AP
2026-04-08 13:11:40,1900-01-00 00:00:00,,C4:CB:76:AF:5C:A8,-50,,0.000000,0.000000,0.000,0.000,Client
2026-04-08 13:11:40,1900-01-00 00:00:00,1019-wombat,B8:27:EB:7C:81:10,-51, WPA ,0.000000,0.000000,0.000,0.000,AP
2026-04-08 13:11:40,1900-01-00 00:00:00,1019-wombat,B8:27:EB:7C:81:10,-52, WPA ,0.000000,0.000000,0.000,0.000,AP
2026-04-08 13:11:40,1900-01-00 00:00:00,1019-wombat,B8:27:EB:7C:81:10,-51, WPA ,0.000000,0.000000,0.000,0.000,AP
2026-04-08 13:11:40,1900-01-00 00:00:00,,C4:CB:76:AF:5C:A8,-51,,0.000000,0.000000,0.000,0.000,Client
2026-04-08 13:11:40,1900-01-00 00:00:00,,C4:CB:76:AF:5C:A8,-51,,0.000000,0.000000,0.000,0.000,Client
2026-04-08 13:11:40,1900-01-00 00:00:00,1019-wombat,B8:27:EB:7C:81:10,-51, WPA ,0.000000,0.000000,0.000,0.000,AP
2026-04-08 13:11:40,1900-01-00 00:00:00,1019-wombat,B8:27:EB:7C:81:10,-50, WPA ,0.000000,0.000000,0.000,0.000,AP
2026-04-08 13:11:40,1900-01-00 00:00:00,1019-wombat,B8:27:EB:7C:81:10,-51, WPA ,0.000000,0.000000,0.000,0.000,AP
2026-04-08 13:11:40,1900-01-00 00:00:00,1019-wombat,B8:27:EB:7C:81:10,-51, WPA ,0.000000,0.000000,0.000,0.000,AP
2026-04-08 13:11:40,1900-01-00 00:00:00,1019-wombat,B8:27:EB:7C:81:10,-48, WPA ,0.000000,0.000000,0.000,0.000,AP
2026-04-08 13:11:40,1900-01-00 00:00:00,1019-wombat,B8:27:EB:7C:81:10,-52, WPA ,0.000000,0.000000,0.000,0.000,AP
2026-04-08 13:11:40,1900-01-00 00:00:00,1019-wombat,B8:27:EB:7C:81:10,-51, WPA ,0.000000,0.000000,0.000,0.000,AP
2026-04-08 13:11:40,1900-01-00 00:00:00,1019-wombat,B8:27:EB:7C:81:10,-51, WPA ,0.000000,0.000000,0.000,0.000,AP
2026-04-08 13:11:40,1900-01-00 00:00:00,1019-wombat,B8:27:EB:7C:81:10,-48, WPA ,0.000000,0.000000,0.000,0.000,AP
2026-04-08 13:11:40,1900-01-00 00:00:00,1019-wombat,B8:27:EB:7C:81:10,-52, WPA ,0.000000,0.000000,0.000,0.000,AP
2026-04-08 13:11:40,1900-01-00 00:00:00,,C4:CB:76:AF:5C:A8,-52,,0.000000,0.000000,0.000,0.000,Client
2026-04-08 13:11:40,1900-01-00 00:00:00,,C4:CB:76:AF:5C:A8,-51,,0.000000,0.000000,0.000,0.000,Client
2026-04-08 13:11:40,1900-01-00 00:00:00,1019-wombat,B8:27:EB:7C:81:10,-51, WPA ,0.000000,0.000000,0.000,0.000,AP
2026-04-08 13:11:40,1900-01-00 00:00:00,1019-wombat,B8:27:EB:7C:81:10,-51, WPA ,0.000000,0.000000,0.000,0.000,AP
2026-04-08 13:11:40,1900-01-00 00:00:00,1019-wombat,B8:27:EB:7C:81:10,-51, WPA ,0.000000,0.000000,0.000,0.000,AP
2026-04-08 13:11:40,1900-01-00 00:00:00,1019-wombat,B8:27:EB:7C:81:10,-51, WPA ,0.000000,0.000000,0.000,0.000,AP
2026-04-08 13:11:40,1900-01-00 00:00:00,1019-wombat,B8:27:EB:7C:81:10,-51, WPA ,0.000000,0.000000,0.000,0.000,AP
2026-04-08 13:11:40,1900-01-00 00:00:00,1019-wombat,B8:27:EB:7C:81:10,-51, WPA ,0.000000,0.000000,0.000,0.000,AP
2026-04-08 13:11:40,1900-01-00 00:00:00,1019-wombat,B8:27:EB:7C:81:10,-51, WPA ,0.000000,0.000000,0.000,0.000,AP
2026-04-08 13:11:40,1900-01-00 00:00:00,1019-wombat,B8:27:EB:7C:81:10,-51, WPA ,0.000000,0.000000,0.000,0.000,AP
2026-04-08 13:11:40,1900-01-00 00:00:00,,C4:CB:76:AF:5C:A8,-51,,0.000000,0.000000,0.000,0.000,Client
2026-04-08 13:11:40,1900-01-00 00:00:00,1019-wombat,B8:27:EB:7C:81:10,-51, WPA ,0.000000,0.000000,0.000,0.000,AP
2026-04-08 13:11:40,1900-01-00 00:00:00,1019-wombat,B8:27:EB:7C:81:10,-51, WPA ,0.000000,0.000000,0.000,0.000,AP
2026-04-08 13:11:40,1900-01-00 00:00:00,1019-wombat,B8:27:EB:7C:81:10,-51, WPA ,0.000000,0.000000,0.000,0.000,AP
2026-04-08 13:11:40,1900-01-00 00:00:00,,C4:CB:76:AF:5C:A8,-46,,0.000000,0.000000,0.000,0.000,Client
2026-04-08 13:11:40,1900-01-00 00:00:00,1019-wombat,B8:27:EB:7C:81:10,-51, WPA ,0.000000,0.000000,0.000,0.000,AP
2026-04-08 13:11:40,1900-01-00 00:00:00,,C4:CB:76:AF:5C:A8,-50,,0.000000,0.000000,0.000,0.000,Client
2026-04-08 13:11:40,1900-01-00 00:00:00,1019-wombat,B8:27:EB:7C:81:10,-51, WPA ,0.000000,0.000000,0.000,0.000,AP
2026-04-08 13:11:40,1900-01-00 00:00:00,1019-wombat,B8:27:EB:7C:81:10,-52, WPA ,0.000000,0.000000,0.000,0.000,AP
2026-04-08 13:11:40,1900-01-00 00:00:00,1019-wombat,B8:27:EB:7C:81:10,-49, WPA ,0.000000,0.000000,0.000,0.000,AP
2026-04-08 13:11:40,1900-01-00 00:00:00,1019-wombat,B8:27:EB:7C:81:10,-53, WPA ,0.000000,0.000000,0.000,0.000,AP
2026-04-08 13:11:40,1900-01-00 00:00:00,1019-wombat,B8:27:EB:7C:81:10,-50, WPA ,0.000000,0.000000,0.000,0.000,AP
2026-04-08 13:11:40,1900-01-00 00:00:00,,C4:CB:76:AF:5C:A8,-53,,0.000000,0.000000,0.000,0.000,Client
2026-04-08 13:11:40,1900-01-00 00:00:00,,C4:CB:76:AF:5C:A8,-53,,0.000000,0.000000,0.000,0.000,Client
2026-04-08 13:11:40,1900-01-00 00:00:00,1019-wombat,B8:27:EB:7C:81:10,-51, WPA ,0.000000,0.000000,0.000,0.000,AP
2026-04-08 13:11:40,1900-01-00 00:00:00,1019-wombat,B8:27:EB:7C:81:10,-49, WPA ,0.000000,0.000000,0.000,0.000,AP
2026-04-08 13:11:40,1900-01-00 00:00:00,1019-wombat,B8:27:EB:7C:81:10,-51, WPA ,0.000000,0.000000,0.000,0.000,AP
2026-04-08 13:11:40,1900-01-00 00:00:00,1019-wombat,B8:27:EB:7C:81:10,-51, WPA ,0.000000,0.000000,0.000,0.000,AP
2026-04-08 13:11:40,1900-01-00 00:00:00,1019-wombat,B8:27:EB:7C:81:10,-48, WPA ,0.000000,0.000000,0.000,0.000,AP
2026-04-08 13:11:40,1900-01-00 00:00:00,,C4:CB:76:AF:5C:A8,-47,,0.000000,0.000000,0.000,0.000,Client
2026-04-08 13:11:40,1900-01-00 00:00:00,1019-wombat,B8:27:EB:7C:81:10,-51, WPA ,0.000000,0.000000,0.000,0.000,AP
2026-04-08 13:11:40,1900-01-00 00:00:00,,C4:CB:76:AF:5C:A8,-52,,0.000000,0.000000,0.000,0.000,Client
2026-04-08 13:11:40,1900-01-00 00:00:00,1019-wombat,B8:27:EB:7C:81:10,-51, WPA ,0.000000,0.000000,0.000,0.000,AP
2026-04-08 13:11:40,1900-01-00 00:00:00,1019-wombat,B8:27:EB:7C:81:10,-53, WPA ,0.000000,0.000000,0.000,0.000,AP
2026-04-08 13:11:40,1900-01-00 00:00:00,1019-wombat,B8:27:EB:7C:81:10,-53, WPA ,0.000000,0.000000,0.000,0.000,AP
2026-04-08 13:11:40,1900-01-00 00:00:00,1019-wombat,B8:27:EB:7C:81:10,-53, WPA ,0.000000,0.000000,0.000,0.000,AP
2026-04-08 13:11:40,1900-01-00 00:00:00,1019-wombat,B8:27:EB:7C:81:10,-53, WPA ,0.000000,0.000000,0.000,0.000,AP
2026-04-08 13:11:40,1900-01-00 00:00:00,1019-wombat,B8:27:EB:7C:81:10,-53, WPA ,0.000000,0.000000,0.000,0.000,AP
2026-04-08 13:11:40,1900-01-00 00:00:00,1019-wombat,B8:27:EB:7C:81:10,-53, WPA ,0.000000,0.000000,0.000,0.000,AP
2026-04-08 13:11:40,1900-01-00 00:00:00,1019-wombat,B8:27:EB:7C:81:10,-53, WPA ,0.000000,0.000000,0.000,0.000,AP
2026-04-08 13:11:40,1900-01-00 00:00:00,1019-wombat,B8:27:EB:7C:81:10,-53, WPA ,0.000000,0.000000,0.000,0.000,AP
2026-04-08 13:11:40,1900-01-00 00:00:00,1019-wombat,B8:27:EB:7C:81:10,-53, WPA ,0.000000,0.000000,0.000,0.000,AP
2026-04-08 13:11:40,1900-01-00 00:00:00,1019-wombat,B8:27:EB:7C:81:10,-53, WPA ,0.000000,0.000000,0.000,0.000,AP
2026-04-08 13:11:40,1900-01-00 00:00:00,1019-wombat,B8:27:EB:7C:81:10,-53, WPA ,0.000000,0.000000,0.000,0.000,AP
2026-04-08 13:11:40,1900-01-00 00:00:00,1019-wombat,B8:27:EB:7C:81:10,-52, WPA ,0.000000,0.000000,0.000,0.000,AP
2026-04-08 13:11:40,1900-01-00 00:00:00,1019-wombat,B8:27:EB:7C:81:10,-53, WPA ,0.000000,0.000000,0.000,0.000,AP
2026-04-08 13:11:40,1900-01-00 00:00:00,1019-wombat,B8:27:EB:7C:81:10,-53, WPA ,0.000000,0.000000,0.000,0.000,AP
2026-04-08 13:11:40,1900-01-00 00:00:00,1019-wombat,B8:27:EB:7C:81:10,-53, WPA ,0.000000,0.000000,0.000,0.000,AP
2026-04-08 13:11:40,1900-01-00 00:00:00,1019-wombat,B8:27:EB:7C:81:10,-53, WPA ,0.000000,0.000000,0.000,0.000,AP
2026-04-08 13:11:40,1900-01-00 00:00:00,1019-wombat,B8:27:EB:7C:81:10,-53, WPA ,0.000000,0.000000,0.000,0.000,AP
2026-04-08 13:11:40,1900-01-00 00:00:00,1019-wombat,B8:27:EB:7C:81:10,-53, WPA ,0.000000,0.000000,0.000,0.000,AP
2026-04-08 13:11:40,1900-01-00 00:00:00,1019-wombat,B8:27:EB:7C:81:10,-53, WPA ,0.000000,0.000000,0.000,0.000,AP
2026-04-08 13:11:40,1900-01-00 00:00:00,1019-wombat,B8:27:EB:7C:81:10,-53, WPA ,0.000000,0.000000,0.000,0.000,AP
2026-04-08 13:11:40,1900-01-00 00:00:00,1019-wombat,B8:27:EB:7C:81:10,-49, WPA ,0.000000,0.000000,0.000,0.000,AP
2026-04-08 13:11:40,1900-01-00 00:00:00,,C4:CB:76:AF:5C:A8,-52,,0.000000,0.000000,0.000,0.000,Client
2026-04-08 13:11:40,1900-01-00 00:00:00,,C4:CB:76:AF:5C:A8,-51,,0.000000,0.000000,0.000,0.000,Client
2026-04-08 13:11:40,1900-01-00 00:00:00,1019-wombat,B8:27:EB:7C:81:10,-53, WPA ,0.000000,0.000000,0.000,0.000,AP
2026-04-08 13:11:40,1900-01-00 00:00:00,1019-wombat,B8:27:EB:7C:81:10,-53, WPA ,0.000000,0.000000,0.000,0.000,AP
2026-04-08 13:11:40,1900-01-00 00:00:00,1019-wombat,B8:27:EB:7C:81:10,-53, WPA ,0.000000,0.000000,0.000,0.000,AP
2026-04-08 13:11:40,1900-01-00 00:00:00,1019-wombat,B8:27:EB:7C:81:10,-53, WPA ,0.000000,0.000000,0.000,0.000,AP
2026-04-08 13:11:40,1900-01-00 00:00:00,1019-wombat,B8:27:EB:7C:81:10,-53, WPA ,0.000000,0.000000,0.000,0.000,AP
2026-04-08 13:11:40,1900-01-00 00:00:00,1019-wombat,B8:27:EB:7C:81:10,-50, WPA ,0.000000,0.000000,0.000,0.000,AP
2026-04-08 13:11:40,1900-01-00 00:00:00,1019-wombat,B8:27:EB:7C:81:10,-54, WPA ,0.000000,0.000000,0.000,0.000,AP
2026-04-08 13:11:40,1900-01-00 00:00:00,1019-wombat,B8:27:EB:7C:81:10,-54, WPA ,0.000000,0.000000,0.000,0.000,AP
2026-04-08 13:11:40,1900-01-00 00:00:00,1019-wombat,B8:27:EB:7C:81:10,-52, WPA ,0.000000,0.000000,0.000,0.000,AP
2026-04-08 13:11:40,1900-01-00 00:00:00,,C4:CB:76:AF:5C:A8,-50,,0.000000,0.000000,0.000,0.000,Client
2026-04-08 13:11:40,1900-01-00 00:00:00,1019-wombat,B8:27:EB:7C:81:10,-51, WPA ,0.000000,0.000000,0.000,0.000,AP
2026-04-08 13:11:40,1900-01-00 00:00:00,,C4:CB:76:AF:5C:A8,-50,,0.000000,0.000000,0.000,0.000,Client
2026-04-08 13:11:40,1900-01-00 00:00:00,1019-wombat,B8:27:EB:7C:81:10,-52, WPA ,0.000000,0.000000,0.000,0.000,AP
2026-04-08 13:11:40,1900-01-00 00:00:00,1019-wombat,B8:27:EB:7C:81:10,-52, WPA ,0.000000,0.000000,0.000,0.000,AP
2026-04-08 13:11:40,1900-01-00 00:00:00,1019-wombat,B8:27:EB:7C:81:10,-52, WPA ,0.000000,0.000000,0.000,0.000,AP
2026-04-08 13:11:40,1900-01-00 00:00:00,1019-wombat,B8:27:EB:7C:81:10,-52, WPA ,0.000000,0.000000,0.000,0.000,AP
2026-04-08 13:11:40,1900-01-00 00:00:00,1019-wombat,B8:27:EB:7C:81:10,-52, WPA ,0.000000,0.000000,0.000,0.000,AP
2026-04-08 13:11:40,1900-01-00 00:00:00,1019-wombat,B8:27:EB:7C:81:10,-52, WPA ,0.000000,0.000000,0.000,0.000,AP
2026-04-08 13:11:40,1900-01-00 00:00:00,1019-wombat,B8:27:EB:7C:81:10,-52, WPA ,0.000000,0.000000,0.000,0.000,AP
2026-04-08 13:11:40,1900-01-00 00:00:00,1019-wombat,B8:27:EB:7C:81:10,-49, WPA ,0.000000,0.000000,0.000,0.000,AP
2026-04-08 13:11:40,1900-01-00 00:00:00,1019-wombat,B8:27:EB:7C:81:10,-52, WPA ,0.000000,0.000000,0.000,0.000,AP
2026-04-08 13:11:40,1900-01-00 00:00:00,1019-wombat,B8:27:EB:7C:81:10,-53, WPA ,0.000000,0.000000,0.000,0.000,AP
2026-04-08 13:11:40,1900-01-00 00:00:00,1019-wombat,B8:27:EB:7C:81:10,-52, WPA ,0.000000,0.000000,0.000,0.000,AP
2026-04-08 13:11:40,1900-01-00 00:00:00,1019-wombat,B8:27:EB:7C:81:10,-52, WPA ,0.000000,0.000000,0.000,0.000,AP
2026-04-08 13:11:40,1900-01-00 00:00:00,1019-wombat,B8:27:EB:7C:81:10,-52, WPA ,0.000000,0.000000,0.000,0.000,AP
2026-04-08 13:11:40,1900-01-00 00:00:00,1019-wombat,B8:27:EB:7C:81:10,-52, WPA ,0.000000,0.000000,0.000,0.000,AP
2026-04-08 13:11:40,1900-01-00 00:00:00,1019-wombat,B8:27:EB:7C:81:10,-49, WPA ,0.000000,0.000000,0.000,0.000,AP
2026-04-08 13:11:40,1900-01-00 00:00:00,1019-wombat,B8:27:EB:7C:81:10,-52, WPA ,0.000000,0.000000,0.000,0.000,AP
2026-04-08 13:11:40,1900-01-00 00:00:00,,C4:CB:76:AF:5C:A8,-50,,0.000000,0.000000,0.000,0.000,Client
2026-04-08 13:11:40,1900-01-00 00:00:00,1019-wombat,B8:27:EB:7C:81:10,-52, WPA ,0.000000,0.000000,0.000,0.000,AP
2026-04-08 13:11:40,1900-01-00 00:00:00,,C4:CB:76:AF:5C:A8,-50,,0.000000,0.000000,0.000,0.000,Client
2026-04-08 13:11:40,1900-01-00 00:00:00,1019-wombat,B8:27:EB:7C:81:10,-52, WPA ,0.000000,0.000000,0.000,0.000,AP
2026-04-08 13:11:40,1900-01-00 00:00:00,1019-wombat,B8:27:EB:7C:81:10,-52, WPA ,0.000000,0.000000,0.000,0.000,AP
2026-04-08 13:11:40,1900-01-00 00:00:00,1019-wombat,B8:27:EB:7C:81:10,-52, WPA ,0.000000,0.000000,0.000,0.000,AP
2026-04-08 13:11:40,1900-01-00 00:00:00,1019-wombat,B8:27:EB:7C:81:10,-52, WPA ,0.000000,0.000000,0.000,0.000,AP
2026-04-08 13:11:40,1900-01-00 00:00:00,1019-wombat,B8:27:EB:7C:81:10,-52, WPA ,0.000000,0.000000,0.000,0.000,AP
2026-04-08 13:11:40,1900-01-00 00:00:00,1019-wombat,B8:27:EB:7C:81:10,-52, WPA ,0.000000,0.000000,0.000,0.000,AP
2026-04-08 13:11:40,1900-01-00 00:00:00,1019-wombat,B8:27:EB:7C:81:10,-52, WPA ,0.000000,0.000000,0.000,0.000,AP
2026-04-08 13:11:40,1900-01-00 00:00:00,1019-wombat,B8:27:EB:7C:81:10,-52, WPA ,0.000000,0.000000,0.000,0.000,AP
2026-04-08 13:11:40,1900-01-00 00:00:00,1019-wombat,B8:27:EB:7C:81:10,-49, WPA ,0.000000,0.000000,0.000,0.000,AP
2026-04-08 13:11:40,1900-01-00 00:00:00,,C4:CB:76:AF:5C:A8,-51,,0.000000,0.000000,0.000,0.000,Client
2026-04-08 13:11:40,1900-01-00 00:00:00,,C4:CB:76:AF:5C:A8,-50,,0.000000,0.000000,0.000,0.000,Client
2026-04-08 13:11:40,1900-01-00 00:00:00,1019-wombat,B8:27:EB:7C:81:10,-53, WPA ,0.000000,0.000000,0.000,0.000,AP
2026-04-08 13:11:40,1900-01-00 00:00:00,1019-wombat,B8:27:EB:7C:81:10,-53, WPA ,0.000000,0.000000,0.000,0.000,AP
2026-04-08 13:11:40,1900-01-00 00:00:00,1019-wombat,B8:27:EB:7C:81:10,-51, WPA ,0.000000,0.000000,0.000,0.000,AP
2026-04-08 13:11:40,1900-01-00 00:00:00,,C4:CB:76:AF:5C:A8,-50,,0.000000,0.000000,0.000,0.000,Client
2026-04-08 13:11:41,1900-01-00 00:00:00,1019-wombat,B8:27:EB:7C:81:10,-53, WPA ,0.000000,0.000000,0.000,0.000,AP
2026-04-08 13:11:41,1900-01-00 00:00:00,,C4:CB:76:AF:5C:A8,-51,,0.000000,0.000000,0.000,0.000,Client
2026-04-08 13:11:41,1900-01-00 00:00:00,,C4:CB:76:AF:5C:A8,-51,,0.000000,0.000000,0.000,0.000,Client
2026-04-08 13:11:41,1900-01-00 00:00:00,,C4:CB:76:AF:5C:A8,-51,,0.000000,0.000000,0.000,0.000,Client
2026-04-08 13:11:41,1900-01-00 00:00:00,,C4:CB:76:AF:5C:A8,-51,,0.000000,0.000000,0.000,0.000,Client
2026-04-08 13:11:41,1900-01-00 00:00:00,,C4:CB:76:AF:5C:A8,-51,,0.000000,0.000000,0.000,0.000,Client
2026-04-08 13:11:41,1900-01-00 00:00:00,1019-wombat,B8:27:EB:7C:81:10,-52, WPA ,0.000000,0.000000,0.000,0.000,AP
2026-04-08 13:11:41,1900-01-00 00:00:00,,C4:CB:76:AF:5C:A8,-51,,0.000000,0.000000,0.000,0.000,Client
2026-04-08 13:11:41,1900-01-00 00:00:00,,C4:CB:76:AF:5C:A8,-51,,0.000000,0.000000,0.000,0.000,Client
2026-04-08 13:11:41,1900-01-00 00:00:00,,C4:CB:76:AF:5C:A8,-50,,0.000000,0.000000,0.000,0.000,Client
2026-04-08 13:11:41,1900-01-00 00:00:00,1019-wombat,B8:27:EB:7C:81:10,-53, WPA ,0.000000,0.000000,0.000,0.000,AP
2026-04-08 13:11:41,1900-01-00 00:00:00,,C4:CB:76:AF:5C:A8,-51,,0.000000,0.000000,0.000,0.000,Client
2026-04-08 13:11:41,1900-01-00 00:00:00,,C4:CB:76:AF:5C:A8,-50,,0.000000,0.000000,0.000,0.000,Client
2026-04-08 13:11:41,1900-01-00 00:00:00,1019-wombat,B8:27:EB:7C:81:10,-54, WPA ,0.000000,0.000000,0.000,0.000,AP
2026-04-08 13:11:41,1900-01-00 00:00:00,1019-wombat,B8:27:EB:7C:81:10,-53, WPA ,0.000000,0.000000,0.000,0.000,AP
2026-04-08 13:11:41,1900-01-00 00:00:00,1019-wombat,B8:27:EB:7C:81:10,-52, WPA ,0.000000,0.000000,0.000,0.000,AP
2026-04-08 13:11:41,1900-01-00 00:00:00,1019-wombat,B8:27:EB:7C:81:10,-53, WPA ,0.000000,0.000000,0.000,0.000,AP
2026-04-08 13:11:41,1900-01-00 00:00:00,,C4:CB:76:AF:5C:A8,-50,,0.000000,0.000000,0.000,0.000,Client
2026-04-08 13:11:41,1900-01-00 00:00:00,1019-wombat,B8:27:EB:7C:81:10,-53, WPA ,0.000000,0.000000,0.000,0.000,AP
2026-04-08 13:11:41,1900-01-00 00:00:00,1019-wombat,B8:27:EB:7C:81:10,-53, WPA ,0.000000,0.000000,0.000,0.000,AP
2026-04-08 13:11:41,1900-01-00 00:00:00,1019-wombat,B8:27:EB:7C:81:10,-53, WPA ,0.000000,0.000000,0.000,0.000,AP
2026-04-08 13:11:41,1900-01-00 00:00:00,1019-wombat,B8:27:EB:7C:81:10,-53, WPA ,0.000000,0.000000,0.000,0.000,AP
2026-04-08 13:11:41,1900-01-00 00:00:00,1019-wombat,B8:27:EB:7C:81:10,-53, WPA ,0.000000,0.000000,0.000,0.000,AP
2026-04-08 13:11:41,1900-01-00 00:00:00,1019-wombat,B8:27:EB:7C:81:10,-53, WPA ,0.000000,0.000000,0.000,0.000,AP
2026-04-08 13:11:41,1900-01-00 00:00:00,1019-wombat,B8:27:EB:7C:81:10,-53, WPA ,0.000000,0.000000,0.000,0.000,AP
2026-04-08 13:11:41,1900-01-00 00:00:00,,C4:CB:76:AF:5C:A8,-50,,0.000000,0.000000,0.000,0.000,Client
2026-04-08 13:11:41,1900-01-00 00:00:00,1019-wombat,B8:27:EB:7C:81:10,-53, WPA ,0.000000,0.000000,0.000,0.000,AP
2026-04-08 13:11:41,1900-01-00 00:00:00,1019-wombat,B8:27:EB:7C:81:10,-53, WPA ,0.000000,0.000000,0.000,0.000,AP
2026-04-08 13:11:41,1900-01-00 00:00:00,1019-wombat,B8:27:EB:7C:81:10,-53, WPA ,0.000000,0.000000,0.000,0.000,AP
2026-04-08 13:11:41,1900-01-00 00:00:00,1019-wombat,B8:27:EB:7C:81:10,-53, WPA ,0.000000,0.000000,0.000,0.000,AP
2026-04-08 13:11:41,1900-01-00 00:00:00,,C4:CB:76:AF:5C:A8,-50,,0.000000,0.000000,0.000,0.000,Client
2026-04-08 13:11:41,1900-01-00 00:00:00,1019-wombat,B8:27:EB:7C:81:10,-54, WPA ,0.000000,0.000000,0.000,0.000,AP
2026-04-08 13:11:41,1900-01-00 00:00:00,,C4:CB:76:AF:5C:A8,-50,,0.000000,0.000000,0.000,0.000,Client
2026-04-08 13:11:41,1900-01-00 00:00:00,,C4:CB:76:AF:5C:A8,-50,,0.000000,0.000000,0.000,0.000,Client
2026-04-08 13:11:41,1900-01-00 00:00:00,,C4:CB:76:AF:5C:A8,-50,,0.000000,0.000000,0.000,0.000,Client
2026-04-08 13:11:41,1900-01-00 00:00:00,1019-wombat,B8:27:EB:7C:81:10,-55, WPA ,0.000000,0.000000,0.000,0.000,AP
2026-04-08 13:11:41,1900-01-00 00:00:00,,C4:CB:76:AF:5C:A8,-49,,0.000000,0.000000,0.000,0.000,Client
2026-04-08 13:11:41,1900-01-00 00:00:00,1019-wombat,B8:27:EB:7C:81:10,-54, WPA ,0.000000,0.000000,0.000,0.000,AP
2026-04-08 13:11:41,1900-01-00 00:00:00,,C4:CB:76:AF:5C:A8,-50,,0.000000,0.000000,0.000,0.000,Client
2026-04-08 13:11:41,1900-01-00 00:00:00,,C4:CB:76:AF:5C:A8,-49,,0.000000,0.000000,0.000,0.000,Client
2026-04-08 13:11:41,1900-01-00 00:00:00,,C4:CB:76:AF:5C:A8,-50,,0.000000,0.000000,0.000,0.000,Client
2026-04-08 13:11:41,1900-01-00 00:00:00,,C4:CB:76:AF:5C:A8,-50,,0.000000,0.000000,0.000,0.000,Client
2026-04-08 13:11:42,1900-01-00 00:00:00,,C4:CB:76:AF:5C:A8,-50,,0.000000,0.000000,0.000,0.000,Client
2026-04-08 13:11:42,1900-01-00 00:00:00,1019-wombat,B8:27:EB:7C:81:10,-54, WPA ,0.000000,0.000000,0.000,0.000,AP
2026-04-08 13:11:42,1900-01-00 00:00:00,,C4:CB:76:AF:5C:A8,-50,,0.000000,0.000000,0.000,0.000,Client
2026-04-08 13:11:42,1900-01-00 00:00:00,,C4:CB:76:AF:5C:A8,-49,,0.000000,0.000000,0.000,0.000,Client
2026-04-08 13:11:42,1900-01-00 00:00:00,,C4:CB:76:AF:5C:A8,-50,,0.000000,0.000000,0.000,0.000,Client
2026-04-08 13:11:42,1900-01-00 00:00:00,,C4:CB:76:AF:5C:A8,-50,,0.000000,0.000000,0.000,0.000,Client
2026-04-08 13:11:42,1900-01-00 00:00:00,1019-wombat,B8:27:EB:7C:81:10,-53, WPA ,0.000000,0.000000,0.000,0.000,AP
2026-04-08 13:11:42,1900-01-00 00:00:00,1019-wombat,B8:27:EB:7C:81:10,-50, WPA ,0.000000,0.000000,0.000,0.000,AP
2026-04-08 13:11:42,1900-01-00 00:00:00,,C4:CB:76:AF:5C:A8,-50,,0.000000,0.000000,0.000,0.000,Client
2026-04-08 13:11:42,1900-01-00 00:00:00,1019-wombat,B8:27:EB:7C:81:10,-54, WPA ,0.000000,0.000000,0.000,0.000,AP
2026-04-08 13:11:42,1900-01-00 00:00:00,,C4:CB:76:AF:5C:A8,-51,,0.000000,0.000000,0.000,0.000,Client
2026-04-08 13:11:42,1900-01-00 00:00:00,,C4:CB:76:AF:5C:A8,-50,,0.000000,0.000000,0.000,0.000,Client
2026-04-08 13:11:42,1900-01-00 00:00:00,,C4:CB:76:AF:5C:A8,-50,,0.000000,0.000000,0.000,0.000,Client
2026-04-08 13:11:42,1900-01-00 00:00:00,,C4:CB:76:AF:5C:A8,-50,,0.000000,0.000000,0.000,0.000,Client
2026-04-08 13:11:42,1900-01-00 00:00:00,,C4:CB:76:AF:5C:A8,-50,,0.000000,0.000000,0.000,0.000,Client
2026-04-08 13:11:42,1900-01-00 00:00:00,1019-wombat,B8:27:EB:7C:81:10,-55, WPA ,0.000000,0.000000,0.000,0.000,AP
2026-04-08 13:11:42,1900-01-00 00:00:00,,C4:CB:76:AF:5C:A8,-50,,0.000000,0.000000,0.000,0.000,Client
2026-04-08 13:11:42,1900-01-00 00:00:00,,C4:CB:76:AF:5C:A8,-51,,0.000000,0.000000,0.000,0.000,Client
2026-04-08 13:11:42,1900-01-00 00:00:00,1019-wombat,B8:27:EB:7C:81:10,-54, WPA ,0.000000,0.000000,0.000,0.000,AP
2026-04-08 13:11:42,1900-01-00 00:00:00,1019-wombat,B8:27:EB:7C:81:10,-54, WPA ,0.000000,0.000000,0.000,0.000,AP
2026-04-08 13:11:42,1900-01-00 00:00:00,,C4:CB:76:AF:5C:A8,-50,,0.000000,0.000000,0.000,0.000,Client
2026-04-08 13:11:42,1900-01-00 00:00:00,,C4:CB:76:AF:5C:A8,-50,,0.000000,0.000000,0.000,0.000,Client
2026-04-08 13:11:42,1900-01-00 00:00:00,1019-wombat,B8:27:EB:7C:81:10,-51, WPA ,0.000000,0.000000,0.000,0.000,AP
2026-04-08 13:11:42,1900-01-00 00:00:00,,C4:CB:76:AF:5C:A8,-50,,0.000000,0.000000,0.000,0.000,Client
2026-04-08 13:11:42,1900-01-00 00:00:00,,C4:CB:76:AF:5C:A8,-50,,0.000000,0.000000,0.000,0.000,Client
2026-04-08 13:11:42,1900-01-00 00:00:00,1019-wombat,B8:27:EB:7C:81:10,-52, WPA ,0.000000,0.000000,0.000,0.000,AP
2026-04-08 13:11:42,1900-01-00 00:00:00,,C4:CB:76:AF:5C:A8,-50,,0.000000,0.000000,0.000,0.000,Client
2026-04-08 13:11:42,1900-01-00 00:00:00,1019-wombat,B8:27:EB:7C:81:10,-55, WPA ,0.000000,0.000000,0.000,0.000,AP
2026-04-08 13:11:42,1900-01-00 00:00:00,1019-wombat,B8:27:EB:7C:81:10,-53, WPA ,0.000000,0.000000,0.000,0.000,AP
2026-04-08 13:11:42,1900-01-00 00:00:00,1019-wombat,B8:27:EB:7C:81:10,-52, WPA ,0.000000,0.000000,0.000,0.000,AP
2026-04-08 13:11:42,1900-01-00 00:00:00,,C4:CB:76:AF:5C:A8,-49,,0.000000,0.000000,0.000,0.000,Client
2026-04-08 13:11:42,1900-01-00 00:00:00,,C4:CB:76:AF:5C:A8,-49,,0.000000,0.000000,0.000,0.000,Client
2026-04-08 13:11:42,1900-01-00 00:00:00,1019-wombat,B8:27:EB:7C:81:10,-54, WPA ,0.000000,0.000000,0.000,0.000,AP
2026-04-08 13:11:42,1900-01-00 00:00:00,,C4:CB:76:AF:5C:A8,-49,,0.000000,0.000000,0.000,0.000,Client
2026-04-08 13:11:42,1900-01-00 00:00:00,1019-wombat,B8:27:EB:7C:81:10,-54, WPA ,0.000000,0.000000,0.000,0.000,AP
2026-04-08 13:11:42,1900-01-00 00:00:00,,C4:CB:76:AF:5C:A8,-51,,0.000000,0.000000,0.000,0.000,Client
2026-04-08 13:11:42,1900-01-00 00:00:00,,C4:CB:76:AF:5C:A8,-50,,0.000000,0.000000,0.000,0.000,Client
2026-04-08 13:11:42,1900-01-00 00:00:00,1019-wombat,B8:27:EB:7C:81:10,-55, WPA ,0.000000,0.000000,0.000,0.000,AP
2026-04-08 13:11:42,1900-01-00 00:00:00,1019-wombat,B8:27:EB:7C:81:10,-54, WPA ,0.000000,0.000000,0.000,0.000,AP
2026-04-08 13:11:42,1900-01-00 00:00:00,,C4:CB:76:AF:5C:A8,-50,,0.000000,0.000000,0.000,0.000,Client
2026-04-08 13:11:42,1900-01-00 00:00:00,1019-wombat,B8:27:EB:7C:81:10,-54, WPA ,0.000000,0.000000,0.000,0.000,AP
2026-04-08 13:11:42,1900-01-00 00:00:00,1019-wombat,B8:27:EB:7C:81:10,-54, WPA ,0.000000,0.000000,0.000,0.000,AP
2026-04-08 13:11:42,1900-01-00 00:00:00,1019-wombat,B8:27:EB:7C:81:10,-54, WPA ,0.000000,0.000000,0.000,0.000,AP
2026-04-08 13:11:42,1900-01-00 00:00:00,1019-wombat,B8:27:EB:7C:81:10,-53, WPA ,0.000000,0.000000,0.000,0.000,AP
2026-04-08 13:11:42,1900-01-00 00:00:00,,C4:CB:76:AF:5C:A8,-50,,0.000000,0.000000,0.000,0.000,Client
2026-04-08 13:11:42,1900-01-00 00:00:00,1019-wombat,B8:27:EB:7C:81:10,-54, WPA ,0.000000,0.000000,0.000,0.000,AP
2026-04-08 13:11:43,1900-01-00 00:00:00,1019-wombat,B8:27:EB:7C:81:10,-54, WPA ,0.000000,0.000000,0.000,0.000,AP
2026-04-08 13:11:43,1900-01-00 00:00:00,1019-wombat,B8:27:EB:7C:81:10,-55, WPA ,0.000000,0.000000,0.000,0.000,AP
2026-04-08 13:11:43,1900-01-00 00:00:00,1019-wombat,B8:27:EB:7C:81:10,-54, WPA ,0.000000,0.000000,0.000,0.000,AP
2026-04-08 13:11:43,1900-01-00 00:00:00,,C4:CB:76:AF:5C:A8,-50,,0.000000,0.000000,0.000,0.000,Client
2026-04-08 13:11:43,1900-01-00 00:00:00,,C4:CB:76:AF:5C:A8,-50,,0.000000,0.000000,0.000,0.000,Client
2026-04-08 13:11:43,1900-01-00 00:00:00,,C4:CB:76:AF:5C:A8,-50,,0.000000,0.000000,0.000,0.000,Client
2026-04-08 13:11:43,1900-01-00 00:00:00,1019-wombat,B8:27:EB:7C:81:10,-54, WPA ,0.000000,0.000000,0.000,0.000,AP
2026-04-08 13:11:43,1900-01-00 00:00:00,,C4:CB:76:AF:5C:A8,-50,,0.000000,0.000000,0.000,0.000,Client
2026-04-08 13:11:43,1900-01-00 00:00:00,1019-wombat,B8:27:EB:7C:81:10,-54, WPA ,0.000000,0.000000,0.000,0.000,AP
2026-04-08 13:11:43,1900-01-00 00:00:00,1019-wombat,B8:27:EB:7C:81:10,-54, WPA ,0.000000,0.000000,0.000,0.000,AP
2026-04-08 13:11:43,1900-01-00 00:00:00,1019-wombat,B8:27:EB:7C:81:10,-54, WPA ,0.000000,0.000000,0.000,0.000,AP
2026-04-08 13:11:43,1900-01-00 00:00:00,1019-wombat,B8:27:EB:7C:81:10,-54, WPA ,0.000000,0.000000,0.000,0.000,AP
2026-04-08 13:11:43,1900-01-00 00:00:00,1019-wombat,B8:27:EB:7C:81:10,-54, WPA ,0.000000,0.000000,0.000,0.000,AP
2026-04-08 13:11:43,1900-01-00 00:00:00,1019-wombat,B8:27:EB:7C:81:10,-52, WPA ,0.000000,0.000000,0.000,0.000,AP
2026-04-08 13:11:43,1900-01-00 00:00:00,1019-wombat,B8:27:EB:7C:81:10,-54, WPA ,0.000000,0.000000,0.000,0.000,AP
2026-04-08 13:11:43,1900-01-00 00:00:00,,C4:CB:76:AF:5C:A8,-48,,0.000000,0.000000,0.000,0.000,Client
2026-04-08 13:11:43,1900-01-00 00:00:00,,C4:CB:76:AF:5C:A8,-48,,0.000000,0.000000,0.000,0.000,Client
2026-04-08 13:11:43,1900-01-00 00:00:00,,C4:CB:76:AF:5C:A8,-49,,0.000000,0.000000,0.000,0.000,Client
2026-04-08 13:11:43,1900-01-00 00:00:00,1019-wombat,B8:27:EB:7C:81:10,-54, WPA ,0.000000,0.000000,0.000,0.000,AP
2026-04-08 13:11:43,1900-01-00 00:00:00,1019-wombat,B8:27:EB:7C:81:10,-54, WPA ,0.000000,0.000000,0.000,0.000,AP
2026-04-08 13:11:43,1900-01-00 00:00:00,,C4:CB:76:AF:5C:A8,-49,,0.000000,0.000000,0.000,0.000,Client
2026-04-08 13:11:43,1900-01-00 00:00:00,1019-wombat,B8:27:EB:7C:81:10,-54, WPA ,0.000000,0.000000,0.000,0.000,AP
2026-04-08 13:11:43,1900-01-00 00:00:00,,C4:CB:76:AF:5C:A8,-48,,0.000000,0.000000,0.000,0.000,Client
2026-04-08 13:11:43,1900-01-00 00:00:00,1019-wombat,B8:27:EB:7C:81:10,-54, WPA ,0.000000,0.000000,0.000,0.000,AP
2026-04-08 13:11:43,1900-01-00 00:00:00,1019-wombat,B8:27:EB:7C:81:10,-54, WPA ,0.000000,0.000000,0.000,0.000,AP
2026-04-08 13:11:43,1900-01-00 00:00:00,,C4:CB:76:AF:5C:A8,-49,,0.000000,0.000000,0.000,0.000,Client
2026-04-08 13:11:43,1900-01-00 00:00:00,1019-wombat,B8:27:EB:7C:81:10,-54, WPA ,0.000000,0.000000,0.000,0.000,AP
2026-04-08 13:11:43,1900-01-00 00:00:00,1019-wombat,B8:27:EB:7C:81:10,-54, WPA ,0.000000,0.000000,0.000,0.000,AP
2026-04-08 13:11:43,1900-01-00 00:00:00,,C4:CB:76:AF:5C:A8,-49,,0.000000,0.000000,0.000,0.000,Client
2026-04-08 13:11:43,1900-01-00 00:00:00,1019-wombat,B8:27:EB:7C:81:10,-54, WPA ,0.000000,0.000000,0.000,0.000,AP
2026-04-08 13:11:43,1900-01-00 00:00:00,1019-wombat,B8:27:EB:7C:81:10,-55, WPA ,0.000000,0.000000,0.000,0.000,AP
2026-04-08 13:11:43,1900-01-00 00:00:00,1019-wombat,B8:27:EB:7C:81:10,-55, WPA ,0.000000,0.000000,0.000,0.000,AP
2026-04-08 13:11:43,1900-01-00 00:00:00,1019-wombat,B8:27:EB:7C:81:10,-55, WPA ,0.000000,0.000000,0.000,0.000,AP
2026-04-08 13:11:43,1900-01-00 00:00:00,,C4:CB:76:AF:5C:A8,-49,,0.000000,0.000000,0.000,0.000,Client
2026-04-08 13:11:43,1900-01-00 00:00:00,1019-wombat,B8:27:EB:7C:81:10,-54, WPA ,0.000000,0.000000,0.000,0.000,AP
2026-04-08 13:11:43,1900-01-00 00:00:00,1019-wombat,B8:27:EB:7C:81:10,-54, WPA ,0.000000,0.000000,0.000,0.000,AP
2026-04-08 13:11:43,1900-01-00 00:00:00,1019-wombat,B8:27:EB:7C:81:10,-55, WPA ,0.000000,0.000000,0.000,0.000,AP
2026-04-08 13:11:43,1900-01-00 00:00:00,1019-wombat,B8:27:EB:7C:81:10,-53, WPA ,0.000000,0.000000,0.000,0.000,AP
2026-04-08 13:11:43,1900-01-00 00:00:00,,C4:CB:76:AF:5C:A8,-48,,0.000000,0.000000,0.000,0.000,Client
2026-04-08 13:11:43,1900-01-00 00:00:00,,C4:CB:76:AF:5C:A8,-49,,0.000000,0.000000,0.000,0.000,Client
2026-04-08 13:11:43,1900-01-00 00:00:00,,C4:CB:76:AF:5C:A8,-48,,0.000000,0.000000,0.000,0.000,Client
2026-04-08 13:11:43,1900-01-00 00:00:00,1019-wombat,B8:27:EB:7C:81:10,-55, WPA ,0.000000,0.000000,0.000,0.000,AP
2026-04-08 13:11:43,1900-01-00 00:00:00,1019-wombat,B8:27:EB:7C:81:10,-55, WPA ,0.000000,0.000000,0.000,0.000,AP
2026-04-08 13:11:43,1900-01-00 00:00:00,,C4:CB:76:AF:5C:A8,-49,,0.000000,0.000000,0.000,0.000,Client
2026-04-08 13:11:43,1900-01-00 00:00:00,,C4:CB:76:AF:5C:A8,-48,,0.000000,0.000000,0.000,0.000,Client
2026-04-08 13:11:43,1900-01-00 00:00:00,,C4:CB:76:AF:5C:A8,-49,,0.000000,0.000000,0.000,0.000,Client
2026-04-08 13:11:43,1900-01-00 00:00:00,,C4:CB:76:AF:5C:A8,-50,,0.000000,0.000000,0.000,0.000,Client
2026-04-08 13:11:43,1900-01-00 00:00:00,1019-wombat,B8:27:EB:7C:81:10,-56, WPA ,0.000000,0.000000,0.000,0.000,AP
2026-04-08 13:11:44,1900-01-00 00:00:00,1019-wombat,B8:27:EB:7C:81:10,-56, WPA ,0.000000,0.000000,0.000,0.000,AP
2026-04-08 13:11:44,1900-01-00 00:00:00,,C4:CB:76:AF:5C:A8,-51,,0.000000,0.000000,0.000,0.000,Client
2026-04-08 13:11:44,1900-01-00 00:00:00,,C4:CB:76:AF:5C:A8,-50,,0.000000,0.000000,0.000,0.000,Client
2026-04-08 13:11:44,1900-01-00 00:00:00,1019-wombat,B8:27:EB:7C:81:10,-56, WPA ,0.000000,0.000000,0.000,0.000,AP
2026-04-08 13:11:44,1900-01-00 00:00:00,1019-wombat,B8:27:EB:7C:81:10,-56, WPA ,0.000000,0.000000,0.000,0.000,AP
2026-04-08 13:11:44,1900-01-00 00:00:00,1019-wombat,B8:27:EB:7C:81:10,-57, WPA ,0.000000,0.000000,0.000,0.000,AP
2026-04-08 13:11:44,1900-01-00 00:00:00,1019-wombat,B8:27:EB:7C:81:10,-56, WPA ,0.000000,0.000000,0.000,0.000,AP
2026-04-08 13:11:44,1900-01-00 00:00:00,1019-wombat,B8:27:EB:7C:81:10,-55, WPA ,0.000000,0.000000,0.000,0.000,AP
2026-04-08 13:11:44,1900-01-00 00:00:00,1019-wombat,B8:27:EB:7C:81:10,-55, WPA ,0.000000,0.000000,0.000,0.000,AP
2026-04-08 13:11:44,1900-01-00 00:00:00,1019-wombat,B8:27:EB:7C:81:10,-56, WPA ,0.000000,0.000000,0.000,0.000,AP
2026-04-08 13:11:44,1900-01-00 00:00:00,1019-wombat,B8:27:EB:7C:81:10,-55, WPA ,0.000000,0.000000,0.000,0.000,AP
2026-04-08 13:11:44,1900-01-00 00:00:00,1019-wombat,B8:27:EB:7C:81:10,-54, WPA ,0.000000,0.000000,0.000,0.000,AP
2026-04-08 13:11:45,1900-01-00 00:00:00,1019-wombat,B8:27:EB:7C:81:10,-54, WPA ,0.000000,0.000000,0.000,0.000,AP
2026-04-08 13:11:45,1900-01-00 00:00:00,1019-wombat,B8:27:EB:7C:81:10,-51, WPA ,0.000000,0.000000,0.000,0.000,AP
2026-04-08 13:11:45,1900-01-00 00:00:00,1019-wombat,B8:27:EB:7C:81:10,-54, WPA ,0.000000,0.000000,0.000,0.000,AP
2026-04-08 13:11:45,1900-01-00 00:00:00,1019-wombat,B8:27:EB:7C:81:10,-55, WPA ,0.000000,0.000000,0.000,0.000,AP
2026-04-08 13:11:45,1900-01-00 00:00:00,1019-wombat,B8:27:EB:7C:81:10,-53, WPA ,0.000000,0.000000,0.000,0.000,AP
2026-04-08 13:11:45,1900-01-00 00:00:00,1019-wombat,B8:27:EB:7C:81:10,-53, WPA ,0.000000,0.000000,0.000,0.000,AP
2026-04-08 13:11:45,1900-01-00 00:00:00,1019-wombat,B8:27:EB:7C:81:10,-52, WPA ,0.000000,0.000000,0.000,0.000,AP
2026-04-08 13:11:45,1900-01-00 00:00:00,1019-wombat,B8:27:EB:7C:81:10,-54, WPA ,0.000000,0.000000,0.000,0.000,AP
2026-04-08 13:11:45,1900-01-00 00:00:00,1019-wombat,B8:27:EB:7C:81:10,-55, WPA ,0.000000,0.000000,0.000,0.000,AP
2026-04-08 13:11:45,1900-01-00 00:00:00,1019-wombat,B8:27:EB:7C:81:10,-55, WPA ,0.000000,0.000000,0.000,0.000,AP
2026-04-08 13:11:45,1900-01-00 00:00:00,1019-wombat,B8:27:EB:7C:81:10,-55, WPA ,0.000000,0.000000,0.000,0.000,AP
2026-04-08 13:11:45,1900-01-00 00:00:00,1019-wombat,B8:27:EB:7C:81:10,-55, WPA ,0.000000,0.000000,0.000,0.000,AP
2026-04-08 13:11:45,1900-01-00 00:00:00,1019-wombat,B8:27:EB:7C:81:10,-55, WPA ,0.000000,0.000000,0.000,0.000,AP
2026-04-08 13:11:45,1900-01-00 00:00:00,1019-wombat,B8:27:EB:7C:81:10,-55, WPA ,0.000000,0.000000,0.000,0.000,AP
2026-04-08 13:11:45,1900-01-00 00:00:00,1019-wombat,B8:27:EB:7C:81:10,-56, WPA ,0.000000,0.000000,0.000,0.000,AP
2026-04-08 13:11:45,1900-01-00 00:00:00,1019-wombat,B8:27:EB:7C:81:10,-53, WPA ,0.000000,0.000000,0.000,0.000,AP
2026-04-08 13:11:45,1900-01-00 00:00:00,1019-wombat,B8:27:EB:7C:81:10,-53, WPA ,0.000000,0.000000,0.000,0.000,AP
2026-04-08 13:11:45,1900-01-00 00:00:00,1019-wombat,B8:27:EB:7C:81:10,-54, WPA ,0.000000,0.000000,0.000,0.000,AP
2026-04-08 13:11:46,1900-01-00 00:00:00,1019-wombat,B8:27:EB:7C:81:10,-51, WPA ,0.000000,0.000000,0.000,0.000,AP
2026-04-08 13:11:46,1900-01-00 00:00:00,1019-wombat,B8:27:EB:7C:81:10,-54, WPA ,0.000000,0.000000,0.000,0.000,AP
2026-04-08 13:11:46,1900-01-00 00:00:00,1019-wombat,B8:27:EB:7C:81:10,-53, WPA ,0.000000,0.000000,0.000,0.000,AP
2026-04-08 13:11:46,1900-01-00 00:00:00,1019-wombat,B8:27:EB:7C:81:10,-53, WPA ,0.000000,0.000000,0.000,0.000,AP
2026-04-08 13:11:46,1900-01-00 00:00:00,1019-wombat,B8:27:EB:7C:81:10,-52, WPA ,0.000000,0.000000,0.000,0.000,AP
2026-04-08 13:11:46,1900-01-00 00:00:00,1019-wombat,B8:27:EB:7C:81:10,-53, WPA ,0.000000,0.000000,0.000,0.000,AP
2026-04-08 13:11:46,1900-01-00 00:00:00,1019-wombat,B8:27:EB:7C:81:10,-53, WPA ,0.000000,0.000000,0.000,0.000,AP
2026-04-08 13:11:46,1900-01-00 00:00:00,1019-wombat,B8:27:EB:7C:81:10,-53, WPA ,0.000000,0.000000,0.000,0.000,AP
2026-04-08 13:11:46,1900-01-00 00:00:00,1019-wombat,B8:27:EB:7C:81:10,-53, WPA ,0.000000,0.000000,0.000,0.000,AP
2026-04-08 13:11:46,1900-01-00 00:00:00,1019-wombat,B8:27:EB:7C:81:10,-54, WPA ,0.000000,0.000000,0.000,0.000,AP
2026-04-08 13:11:46,1900-01-00 00:00:00,1019-wombat,B8:27:EB:7C:81:10,-53, WPA ,0.000000,0.000000,0.000,0.000,AP
2026-04-08 13:11:46,1900-01-00 00:00:00,1019-wombat,B8:27:EB:7C:81:10,-54, WPA ,0.000000,0.000000,0.000,0.000,AP
2026-04-08 13:11:46,1900-01-00 00:00:00,1019-wombat,B8:27:EB:7C:81:10,-53, WPA ,0.000000,0.000000,0.000,0.000,AP
2026-04-08 13:11:46,1900-01-00 00:00:00,1019-wombat,B8:27:EB:7C:81:10,-54, WPA ,0.000000,0.000000,0.000,0.000,AP
2026-04-08 13:11:47,1900-01-00 00:00:00,1019-wombat,B8:27:EB:7C:81:10,-54, WPA ,0.000000,0.000000,0.000,0.000,AP
2026-04-08 13:11:47,1900-01-00 00:00:00,1019-wombat,B8:27:EB:7C:81:10,-54, WPA ,0.000000,0.000000,0.000,0.000,AP
2026-04-08 13:11:47,1900-01-00 00:00:00,1019-wombat,B8:27:EB:7C:81:10,-53, WPA ,0.000000,0.000000,0.000,0.000,AP
2026-04-08 13:11:47,1900-01-00 00:00:00,1019-wombat,B8:27:EB:7C:81:10,-55, WPA ,0.000000,0.000000,0.000,0.000,AP
2026-04-08 13:11:47,1900-01-00 00:00:00,1019-wombat,B8:27:EB:7C:81:10,-55, WPA ,0.000000,0.000000,0.000,0.000,AP
2026-04-08 13:11:47,1900-01-00 00:00:00,1019-wombat,B8:27:EB:7C:81:10,-54, WPA ,0.000000,0.000000,0.000,0.000,AP
2026-04-08 13:11:47,1900-01-00 00:00:00,1019-wombat,B8:27:EB:7C:81:10,-55, WPA ,0.000000,0.000000,0.000,0.000,AP
2026-04-08 13:11:47,1900-01-00 00:00:00,1019-wombat,B8:27:EB:7C:81:10,-54, WPA ,0.000000,0.000000,0.000,0.000,AP
2026-04-08 13:11:47,1900-01-00 00:00:00,1019-wombat,B8:27:EB:7C:81:10,-55, WPA ,0.000000,0.000000,0.000,0.000,AP
2026-04-08 13:11:48,1900-01-00 00:00:00,1019-wombat,B8:27:EB:7C:81:10,-56, WPA ,0.000000,0.000000,0.000,0.000,AP
2026-04-08 13:11:48,1900-01-00 00:00:00,1019-wombat,B8:27:EB:7C:81:10,-56, WPA ,0.000000,0.000000,0.000,0.000,AP
2026-04-08 13:11:48,1900-01-00 00:00:00,1019-wombat,B8:27:EB:7C:81:10,-55, WPA ,0.000000,0.000000,0.000,0.000,AP
2026-04-08 13:11:48,1900-01-00 00:00:00,1019-wombat,B8:27:EB:7C:81:10,-55, WPA ,0.000000,0.000000,0.000,0.000,AP
2026-04-08 13:11:48,1900-01-00 00:00:00,1019-wombat,B8:27:EB:7C:81:10,-56, WPA ,0.000000,0.000000,0.000,0.000,AP
2026-04-08 13:11:48,1900-01-00 00:00:00,1019-wombat,B8:27:EB:7C:81:10,-55, WPA ,0.000000,0.000000,0.000,0.000,AP
2026-04-08 13:11:48,1900-01-00 00:00:00,1019-wombat,B8:27:EB:7C:81:10,-55, WPA ,0.000000,0.000000,0.000,0.000,AP
2026-04-08 13:11:48,1900-01-00 00:00:00,1019-wombat,B8:27:EB:7C:81:10,-56, WPA ,0.000000,0.000000,0.000,0.000,AP
2026-04-08 13:11:48,1900-01-00 00:00:00,1019-wombat,B8:27:EB:7C:81:10,-55, WPA ,0.000000,0.000000,0.000,0.000,AP
2026-04-08 13:11:48,1900-01-00 00:00:00,1019-wombat,B8:27:EB:7C:81:10,-57, WPA ,0.000000,0.000000,0.000,0.000,AP
2026-04-08 13:11:48,1900-01-00 00:00:00,1019-wombat,B8:27:EB:7C:81:10,-54, WPA ,0.000000,0.000000,0.000,0.000,AP
2026-04-08 13:11:48,1900-01-00 00:00:00,1019-wombat,B8:27:EB:7C:81:10,-58, WPA ,0.000000,0.000000,0.000,0.000,AP
2026-04-08 13:11:48,1900-01-00 00:00:00,1019-wombat,B8:27:EB:7C:81:10,-55, WPA ,0.000000,0.000000,0.000,0.000,AP
2026-04-08 13:11:48,1900-01-00 00:00:00,1019-wombat,B8:27:EB:7C:81:10,-56, WPA ,0.000000,0.000000,0.000,0.000,AP
2026-04-08 13:11:48,1900-01-00 00:00:00,1019-wombat,B8:27:EB:7C:81:10,-54, WPA ,0.000000,0.000000,0.000,0.000,AP
2026-04-08 13:11:48,1900-01-00 00:00:00,1019-wombat,B8:27:EB:7C:81:10,-56, WPA ,0.000000,0.000000,0.000,0.000,AP
2026-04-08 13:11:48,1900-01-00 00:00:00,1019-wombat,B8:27:EB:7C:81:10,-55, WPA ,0.000000,0.000000,0.000,0.000,AP
2026-04-08 13:11:48,1900-01-00 00:00:00,1019-wombat,B8:27:EB:7C:81:10,-55, WPA ,0.000000,0.000000,0.000,0.000,AP
2026-04-08 13:11:48,1900-01-00 00:00:00,1019-wombat,B8:27:EB:7C:81:10,-55, WPA ,0.000000,0.000000,0.000,0.000,AP
2026-04-08 13:11:48,1900-01-00 00:00:00,1019-wombat,B8:27:EB:7C:81:10,-54, WPA ,0.000000,0.000000,0.000,0.000,AP
2026-04-08 13:11:48,1900-01-00 00:00:00,1019-wombat,B8:27:EB:7C:81:10,-56, WPA ,0.000000,0.000000,0.000,0.000,AP
2026-04-08 13:11:48,1900-01-00 00:00:00,1019-wombat,B8:27:EB:7C:81:10,-55, WPA ,0.000000,0.000000,0.000,0.000,AP
2026-04-08 13:11:49,1900-01-00 00:00:00,1019-wombat,B8:27:EB:7C:81:10,-55, WPA ,0.000000,0.000000,0.000,0.000,AP
2026-04-08 13:11:49,1900-01-00 00:00:00,1019-wombat,B8:27:EB:7C:81:10,-55, WPA ,0.000000,0.000000,0.000,0.000,AP
2026-04-08 13:11:49,1900-01-00 00:00:00,1019-wombat,B8:27:EB:7C:81:10,-55, WPA ,0.000000,0.000000,0.000,0.000,AP
2026-04-08 13:11:49,1900-01-00 00:00:00,1019-wombat,B8:27:EB:7C:81:10,-55, WPA ,0.000000,0.000000,0.000,0.000,AP
2026-04-08 13:11:49,1900-01-00 00:00:00,1019-wombat,B8:27:EB:7C:81:10,-55, WPA ,0.000000,0.000000,0.000,0.000,AP
2026-04-08 13:11:49,1900-01-00 00:00:00,1019-wombat,B8:27:EB:7C:81:10,-55, WPA ,0.000000,0.000000,0.000,0.000,AP
2026-04-08 13:11:49,1900-01-00 00:00:00,1019-wombat,B8:27:EB:7C:81:10,-55, WPA ,0.000000,0.000000,0.000,0.000,AP
2026-04-08 13:11:49,1900-01-00 00:00:00,1019-wombat,B8:27:EB:7C:81:10,-55, WPA ,0.000000,0.000000,0.000,0.000,AP
2026-04-08 13:11:49,1900-01-00 00:00:00,1019-wombat,B8:27:EB:7C:81:10,-55, WPA ,0.000000,0.000000,0.000,0.000,AP
2026-04-08 13:11:49,1900-01-00 00:00:00,1019-wombat,B8:27:EB:7C:81:10,-54, WPA ,0.000000,0.000000,0.000,0.000,AP
2026-04-08 13:11:49,1900-01-00 00:00:00,1019-wombat,B8:27:EB:7C:81:10,-54, WPA ,0.000000,0.000000,0.000,0.000,AP
2026-04-08 13:11:49,1900-01-00 00:00:00,1019-wombat,B8:27:EB:7C:81:10,-54, WPA ,0.000000,0.000000,0.000,0.000,AP
2026-04-08 13:11:49,1900-01-00 00:00:00,1019-wombat,B8:27:EB:7C:81:10,-55, WPA ,0.000000,0.000000,0.000,0.000,AP
2026-04-08 13:11:49,1900-01-00 00:00:00,1019-wombat,B8:27:EB:7C:81:10,-55, WPA ,0.000000,0.000000,0.000,0.000,AP
2026-04-08 13:11:49,1900-01-00 00:00:00,1019-wombat,B8:27:EB:7C:81:10,-55, WPA ,0.000000,0.000000,0.000,0.000,AP
2026-04-08 13:11:49,1900-01-00 00:00:00,1019-wombat,B8:27:EB:7C:81:10,-56, WPA ,0.000000,0.000000,0.000,0.000,AP
2026-04-08 13:11:49,1900-01-00 00:00:00,1019-wombat,B8:27:EB:7C:81:10,-56, WPA ,0.000000,0.000000,0.000,0.000,AP
2026-04-08 13:11:50,1900-01-00 00:00:00,1019-wombat,B8:27:EB:7C:81:10,-56, WPA ,0.000000,0.000000,0.000,0.000,AP
2026-04-08 13:11:50,1900-01-00 00:00:00,1019-wombat,B8:27:EB:7C:81:10,-56, WPA ,0.000000,0.000000,0.000,0.000,AP
2026-04-08 13:11:50,1900-01-00 00:00:00,1019-wombat,B8:27:EB:7C:81:10,-57, WPA ,0.000000,0.000000,0.000,0.000,AP
2026-04-08 13:11:50,1900-01-00 00:00:00,1019-wombat,B8:27:EB:7C:81:10,-57, WPA ,0.000000,0.000000,0.000,0.000,AP
2026-04-08 13:11:50,1900-01-00 00:00:00,,C4:CB:76:AF:5C:A8,-51,,0.000000,0.000000,0.000,0.000,Client
2026-04-08 13:11:50,1900-01-00 00:00:00,1019-wombat,B8:27:EB:7C:81:10,-57, WPA ,0.000000,0.000000,0.000,0.000,AP
2026-04-08 13:11:50,1900-01-00 00:00:00,,C4:CB:76:AF:5C:A8,-52,,0.000000,0.000000,0.000,0.000,Client
2026-04-08 13:11:50,1900-01-00 00:00:00,1019-wombat,B8:27:EB:7C:81:10,-55, WPA ,0.000000,0.000000,0.000,0.000,AP
2026-04-08 13:11:50,1900-01-00 00:00:00,1019-wombat,B8:27:EB:7C:81:10,-55, WPA ,0.000000,0.000000,0.000,0.000,AP
2026-04-08 13:11:50,1900-01-00 00:00:00,1019-wombat,B8:27:EB:7C:81:10,-55, WPA ,0.000000,0.000000,0.000,0.000,AP
2026-04-08 13:11:50,1900-01-00 00:00:00,1019-wombat,B8:27:EB:7C:81:10,-55, WPA ,0.000000,0.000000,0.000,0.000,AP
2026-04-08 13:11:50,1900-01-00 00:00:00,,C4:CB:76:AF:5C:A8,-48,,0.000000,0.000000,0.000,0.000,Client
2026-04-08 13:11:50,1900-01-00 00:00:00,1019-wombat,B8:27:EB:7C:81:10,-54, WPA ,0.000000,0.000000,0.000,0.000,AP
2026-04-08 13:11:50,1900-01-00 00:00:00,1019-wombat,B8:27:EB:7C:81:10,-55, WPA ,0.000000,0.000000,0.000,0.000,AP
2026-04-08 13:11:51,1900-01-00 00:00:00,1019-wombat,B8:27:EB:7C:81:10,-54, WPA ,0.000000,0.000000,0.000,0.000,AP
2026-04-08 13:11:51,1900-01-00 00:00:00,,C4:CB:76:AF:5C:A8,-47,,0.000000,0.000000,0.000,0.000,Client
2026-04-08 13:11:51,1900-01-00 00:00:00,1019-wombat,B8:27:EB:7C:81:10,-54, WPA ,0.000000,0.000000,0.000,0.000,AP
2026-04-08 13:11:51,1900-01-00 00:00:00,1019-wombat,B8:27:EB:7C:81:10,-54, WPA ,0.000000,0.000000,0.000,0.000,AP
2026-04-08 13:11:51,1900-01-00 00:00:00,1019-wombat,B8:27:EB:7C:81:10,-52, WPA ,0.000000,0.000000,0.000,0.000,AP
2026-04-08 13:11:51,1900-01-00 00:00:00,1019-wombat,B8:27:EB:7C:81:10,-54, WPA ,0.000000,0.000000,0.000,0.000,AP
2026-04-08 13:11:51,1900-01-00 00:00:00,,C4:CB:76:AF:5C:A8,-46,,0.000000,0.000000,0.000,0.000,Client
2026-04-08 13:11:51,1900-01-00 00:00:00,1019-wombat,B8:27:EB:7C:81:10,-55, WPA ,0.000000,0.000000,0.000,0.000,AP
2026-04-08 13:11:51,1900-01-00 00:00:00,,C4:CB:76:AF:5C:A8,-47,,0.000000,0.000000,0.000,0.000,Client
2026-04-08 13:11:51,1900-01-00 00:00:00,1019-wombat,B8:27:EB:7C:81:10,-57, WPA ,0.000000,0.000000,0.000,0.000,AP
2026-04-08 13:11:51,1900-01-00 00:00:00,1019-wombat,B8:27:EB:7C:81:10,-55, WPA ,0.000000,0.000000,0.000,0.000,AP
2026-04-08 13:11:51,1900-01-00 00:00:00,1019-wombat,B8:27:EB:7C:81:10,-58, WPA ,0.000000,0.000000,0.000,0.000,AP
2026-04-08 13:11:51,1900-01-00 00:00:00,,C4:CB:76:AF:5C:A8,-51,,0.000000,0.000000,0.000,0.000,Client
2026-04-08 13:11:51,1900-01-00 00:00:00,1019-wombat,B8:27:EB:7C:81:10,-56, WPA ,0.000000,0.000000,0.000,0.000,AP
2026-04-08 13:11:51,1900-01-00 00:00:00,1019-wombat,B8:27:EB:7C:81:10,-56, WPA ,0.000000,0.000000,0.000,0.000,AP
2026-04-08 13:11:51,1900-01-00 00:00:00,1019-wombat,B8:27:EB:7C:81:10,-56, WPA ,0.000000,0.000000,0.000,0.000,AP
2026-04-08 13:11:51,1900-01-00 00:00:00,1019-wombat,B8:27:EB:7C:81:10,-58, WPA ,0.000000,0.000000,0.000,0.000,AP
2026-04-08 13:11:51,1900-01-00 00:00:00,,C4:CB:76:AF:5C:A8,-50,,0.000000,0.000000,0.000,0.000,Client
2026-04-08 13:11:51,1900-01-00 00:00:00,1019-wombat,B8:27:EB:7C:81:10,-57, WPA ,0.000000,0.000000,0.000,0.000,AP
2026-04-08 13:11:51,1900-01-00 00:00:00,,C4:CB:76:AF:5C:A8,-52,,0.000000,0.000000,0.000,0.000,Client
2026-04-08 13:11:51,1900-01-00 00:00:00,1019-wombat,B8:27:EB:7C:81:10,-57, WPA ,0.000000,0.000000,0.000,0.000,AP
2026-04-08 13:11:51,1900-01-00 00:00:00,1019-wombat,B8:27:EB:7C:81:10,-56, WPA ,0.000000,0.000000,0.000,0.000,AP
2026-04-08 13:11:51,1900-01-00 00:00:00,1019-wombat,B8:27:EB:7C:81:10,-57, WPA ,0.000000,0.000000,0.000,0.000,AP
2026-04-08 13:11:51,1900-01-00 00:00:00,1019-wombat,B8:27:EB:7C:81:10,-56, WPA ,0.000000,0.000000,0.000,0.000,AP
2026-04-08 13:11:51,1900-01-00 00:00:00,1019-wombat,B8:27:EB:7C:81:10,-56, WPA ,0.000000,0.000000,0.000,0.000,AP
2026-04-08 13:11:51,1900-01-00 00:00:00,1019-wombat,B8:27:EB:7C:81:10,-56, WPA ,0.000000,0.000000,0.000,0.000,AP
2026-04-08 13:11:51,1900-01-00 00:00:00,1019-wombat,B8:27:EB:7C:81:10,-53, WPA ,0.000000,0.000000,0.000,0.000,AP
2026-04-08 13:11:51,1900-01-00 00:00:00,,C4:CB:76:AF:5C:A8,-54,,0.000000,0.000000,0.000,0.000,Client
2026-04-08 13:11:52,1900-01-00 00:00:00,1019-wombat,B8:27:EB:7C:81:10,-58, WPA ,0.000000,0.000000,0.000,0.000,AP
2026-04-08 13:11:52,1900-01-00 00:00:00,1019-wombat,B8:27:EB:7C:81:10,-58, WPA ,0.000000,0.000000,0.000,0.000,AP
2026-04-08 13:11:52,1900-01-00 00:00:00,,C4:CB:76:AF:5C:A8,-54,,0.000000,0.000000,0.000,0.000,Client
2026-04-08 13:11:52,1900-01-00 00:00:00,1019-wombat,B8:27:EB:7C:81:10,-57, WPA ,0.000000,0.000000,0.000,0.000,AP
2026-04-08 13:11:52,1900-01-00 00:00:00,,C4:CB:76:AF:5C:A8,-54,,0.000000,0.000000,0.000,0.000,Client
2026-04-08 13:11:52,1900-01-00 00:00:00,1019-wombat,B8:27:EB:7C:81:10,-57, WPA ,0.000000,0.000000,0.000,0.000,AP
2026-04-08 13:11:52,1900-01-00 00:00:00,1019-wombat,B8:27:EB:7C:81:10,-57, WPA ,0.000000,0.000000,0.000,0.000,AP
2026-04-08 13:11:52,1900-01-00 00:00:00,1019-wombat,B8:27:EB:7C:81:10,-57, WPA ,0.000000,0.000000,0.000,0.000,AP
2026-04-08 13:11:52,1900-01-00 00:00:00,1019-wombat,B8:27:EB:7C:81:10,-58, WPA ,0.000000,0.000000,0.000,0.000,AP
2026-04-08 13:11:52,1900-01-00 00:00:00,,C4:CB:76:AF:5C:A8,-53,,0.000000,0.000000,0.000,0.000,Client
2026-04-08 13:11:52,1900-01-00 00:00:00,,C4:CB:76:AF:5C:A8,-54,,0.000000,0.000000,0.000,0.000,Client
2026-04-08 13:11:52,1900-01-00 00:00:00,,C4:CB:76:AF:5C:A8,-50,,0.000000,0.000000,0.000,0.000,Client
2026-04-08 13:11:52,1900-01-00 00:00:00,,C4:CB:76:AF:5C:A8,-54,,0.000000,0.000000,0.000,0.000,Client
2026-04-08 13:11:52,1900-01-00 00:00:00,1019-wombat,B8:27:EB:7C:81:10,-58, WPA ,0.000000,0.000000,0.000,0.000,AP
2026-04-08 13:11:52,1900-01-00 00:00:00,1019-wombat,B8:27:EB:7C:81:10,-58, WPA ,0.000000,0.000000,0.000,0.000,AP
2026-04-08 13:11:52,1900-01-00 00:00:00,1019-wombat,B8:27:EB:7C:81:10,-58, WPA ,0.000000,0.000000,0.000,0.000,AP
2026-04-08 13:11:52,1900-01-00 00:00:00,1019-wombat,B8:27:EB:7C:81:10,-56, WPA ,0.000000,0.000000,0.000,0.000,AP
2026-04-08 13:11:52,1900-01-00 00:00:00,1019-wombat,B8:27:EB:7C:81:10,-58, WPA ,0.000000,0.000000,0.000,0.000,AP
2026-04-08 13:11:52,1900-01-00 00:00:00,1019-wombat,B8:27:EB:7C:81:10,-59, WPA ,0.000000,0.000000,0.000,0.000,AP
2026-04-08 13:11:52,1900-01-00 00:00:00,,C4:CB:76:AF:5C:A8,-51,,0.000000,0.000000,0.000,0.000,Client
2026-04-08 13:11:52,1900-01-00 00:00:00,,C4:CB:76:AF:5C:A8,-54,,0.000000,0.000000,0.000,0.000,Client
2026-04-08 13:11:53,1900-01-00 00:00:00,,C4:CB:76:AF:5C:A8,-54,,0.000000,0.000000,0.000,0.000,Client
2026-04-08 13:11:53,1900-01-00 00:00:00,1019-wombat,B8:27:EB:7C:81:10,-59, WPA ,0.000000,0.000000,0.000,0.000,AP
2026-04-08 13:11:53,1900-01-00 00:00:00,,C4:CB:76:AF:5C:A8,-50,,0.000000,0.000000,0.000,0.000,Client
2026-04-08 13:11:53,1900-01-00 00:00:00,,C4:CB:76:AF:5C:A8,-50,,0.000000,0.000000,0.000,0.000,Client
2026-04-08 13:11:53,1900-01-00 00:00:00,1019-wombat,B8:27:EB:7C:81:10,-58, WPA ,0.000000,0.000000,0.000,0.000,AP
2026-04-08 13:11:53,1900-01-00 00:00:00,,C4:CB:76:AF:5C:A8,-49,,0.000000,0.000000,0.000,0.000,Client
2026-04-08 13:11:53,1900-01-00 00:00:00,1019-wombat,B8:27:EB:7C:81:10,-58, WPA ,0.000000,0.000000,0.000,0.000,AP
2026-04-08 13:11:53,1900-01-00 00:00:00,1019-wombat,B8:27:EB:7C:81:10,-59, WPA ,0.000000,0.000000,0.000,0.000,AP
2026-04-08 13:11:53,1900-01-00 00:00:00,1019-wombat,B8:27:EB:7C:81:10,-58, WPA ,0.000000,0.000000,0.000,0.000,AP
2026-04-08 13:11:53,1900-01-00 00:00:00,1019-wombat,B8:27:EB:7C:81:10,-58, WPA ,0.000000,0.000000,0.000,0.000,AP
2026-04-08 13:11:53,1900-01-00 00:00:00,,C4:CB:76:AF:5C:A8,-52,,0.000000,0.000000,0.000,0.000,Client
2026-04-08 13:11:53,1900-01-00 00:00:00,1019-wombat,B8:27:EB:7C:81:10,-57, WPA ,0.000000,0.000000,0.000,0.000,AP
2026-04-08 13:11:53,1900-01-00 00:00:00,1019-wombat,B8:27:EB:7C:81:10,-55, WPA ,0.000000,0.000000,0.000,0.000,AP
2026-04-08 13:11:53,1900-01-00 00:00:00,,C4:CB:76:AF:5C:A8,-51,,0.000000,0.000000,0.000,0.000,Client
2026-04-08 13:11:53,1900-01-00 00:00:00,1019-wombat,B8:27:EB:7C:81:10,-58, WPA ,0.000000,0.000000,0.000,0.000,AP
2026-04-08 13:11:54,1900-01-00 00:00:00,1019-wombat,B8:27:EB:7C:81:10,-58, WPA ,0.000000,0.000000,0.000,0.000,AP
2026-04-08 13:11:54,1900-01-00 00:00:00,1019-wombat,B8:27:EB:7C:81:10,-56, WPA ,0.000000,0.000000,0.000,0.000,AP
2026-04-08 13:11:54,1900-01-00 00:00:00,1019-wombat,B8:27:EB:7C:81:10,-55, WPA ,0.000000,0.000000,0.000,0.000,AP
2026-04-08 13:11:54,1900-01-00 00:00:00,1019-wombat,B8:27:EB:7C:81:10,-55, WPA ,0.000000,0.000000,0.000,0.000,AP
2026-04-08 13:11:54,1900-01-00 00:00:00,1019-wombat,B8:27:EB:7C:81:10,-54, WPA ,0.000000,0.000000,0.000,0.000,AP
2026-04-08 13:11:54,1900-01-00 00:00:00,1019-wombat,B8:27:EB:7C:81:10,-54, WPA ,0.000000,0.000000,0.000,0.000,AP
2026-04-08 13:11:54,1900-01-00 00:00:00,1019-wombat,B8:27:EB:7C:81:10,-54, WPA ,0.000000,0.000000,0.000,0.000,AP
2026-04-08 13:11:54,1900-01-00 00:00:00,1019-wombat,B8:27:EB:7C:81:10,-54, WPA ,0.000000,0.000000,0.000,0.000,AP
2026-04-08 13:11:54,1900-01-00 00:00:00,1019-wombat,B8:27:EB:7C:81:10,-53, WPA ,0.000000,0.000000,0.000,0.000,AP
2026-04-08 13:11:54,1900-01-00 00:00:00,,C4:CB:76:AF:5C:A8,-52,,0.000000,0.000000,0.000,0.000,Client
2026-04-08 13:11:54,1900-01-00 00:00:00,1019-wombat,B8:27:EB:7C:81:10,-54, WPA ,0.000000,0.000000,0.000,0.000,AP
2026-04-08 13:11:54,1900-01-00 00:00:00,,C4:CB:76:AF:5C:A8,-50,,0.000000,0.000000,0.000,0.000,Client
2026-04-08 13:11:55,1900-01-00 00:00:00,1019-wombat,B8:27:EB:7C:81:10,-54, WPA ,0.000000,0.000000,0.000,0.000,AP
2026-04-08 13:11:55,1900-01-00 00:00:00,1019-wombat,B8:27:EB:7C:81:10,-54, WPA ,0.000000,0.000000,0.000,0.000,AP
2026-04-08 13:11:55,1900-01-00 00:00:00,,C4:CB:76:AF:5C:A8,-54,,0.000000,0.000000,0.000,0.000,Client
2026-04-08 13:11:55,1900-01-00 00:00:00,1019-wombat,B8:27:EB:7C:81:10,-50, WPA ,0.000000,0.000000,0.000,0.000,AP
2026-04-08 13:11:55,1900-01-00 00:00:00,1019-wombat,B8:27:EB:7C:81:10,-53, WPA ,0.000000,0.000000,0.000,0.000,AP
2026-04-08 13:11:55,1900-01-00 00:00:00,,C4:CB:76:AF:5C:A8,-50,,0.000000,0.000000,0.000,0.000,Client
2026-04-08 13:11:55,1900-01-00 00:00:00,1019-wombat,B8:27:EB:7C:81:10,-54, WPA ,0.000000,0.000000,0.000,0.000,AP
2026-04-08 13:11:55,1900-01-00 00:00:00,,C4:CB:76:AF:5C:A8,-51,,0.000000,0.000000,0.000,0.000,Client
2026-04-08 13:11:55,1900-01-00 00:00:00,1019-wombat,B8:27:EB:7C:81:10,-52, WPA ,0.000000,0.000000,0.000,0.000,AP
2026-04-08 13:11:55,1900-01-00 00:00:00,1019-wombat,B8:27:EB:7C:81:10,-53, WPA ,0.000000,0.000000,0.000,0.000,AP
2026-04-08 13:11:55,1900-01-00 00:00:00,1019-wombat,B8:27:EB:7C:81:10,-52, WPA ,0.000000,0.000000,0.000,0.000,AP
2026-04-08 13:11:55,1900-01-00 00:00:00,1019-wombat,B8:27:EB:7C:81:10,-52, WPA ,0.000000,0.000000,0.000,0.000,AP
2026-04-08 13:11:55,1900-01-00 00:00:00,1019-wombat,B8:27:EB:7C:81:10,-52, WPA ,0.000000,0.000000,0.000,0.000,AP
2026-04-08 13:11:55,1900-01-00 00:00:00,1019-wombat,B8:27:EB:7C:81:10,-52, WPA ,0.000000,0.000000,0.000,0.000,AP
2026-04-08 13:11:55,1900-01-00 00:00:00,1019-wombat,B8:27:EB:7C:81:10,-52, WPA ,0.000000,0.000000,0.000,0.000,AP
2026-04-08 13:11:55,1900-01-00 00:00:00,,C4:CB:76:AF:5C:A8,-52,,0.000000,0.000000,0.000,0.000,Client
2026-04-08 13:11:55,1900-01-00 00:00:00,1019-wombat,B8:27:EB:7C:81:10,-53, WPA ,0.000000,0.000000,0.000,0.000,AP
2026-04-08 13:11:55,1900-01-00 00:00:00,1019-wombat,B8:27:EB:7C:81:10,-53, WPA ,0.000000,0.000000,0.000,0.000,AP
2026-04-08 13:11:55,1900-01-00 00:00:00,1019-wombat,B8:27:EB:7C:81:10,-52, WPA ,0.000000,0.000000,0.000,0.000,AP
2026-04-08 13:11:55,1900-01-00 00:00:00,1019-wombat,B8:27:EB:7C:81:10,-53, WPA ,0.000000,0.000000,0.000,0.000,AP
2026-04-08 13:11:55,1900-01-00 00:00:00,,C4:CB:76:AF:5C:A8,-51,,0.000000,0.000000,0.000,0.000,Client
2026-04-08 13:11:55,1900-01-00 00:00:00,1019-wombat,B8:27:EB:7C:81:10,-53, WPA ,0.000000,0.000000,0.000,0.000,AP
2026-04-08 13:11:56,1900-01-00 00:00:00,,C4:CB:76:AF:5C:A8,-50,,0.000000,0.000000,0.000,0.000,Client
2026-04-08 13:11:56,1900-01-00 00:00:00,1019-wombat,B8:27:EB:7C:81:10,-53, WPA ,0.000000,0.000000,0.000,0.000,AP
2026-04-08 13:11:56,1900-01-00 00:00:00,1019-wombat,B8:27:EB:7C:81:10,-52, WPA ,0.000000,0.000000,0.000,0.000,AP
2026-04-08 13:11:56,1900-01-00 00:00:00,1019-wombat,B8:27:EB:7C:81:10,-52, WPA ,0.000000,0.000000,0.000,0.000,AP
2026-04-08 13:11:56,1900-01-00 00:00:00,,C4:CB:76:AF:5C:A8,-48,,0.000000,0.000000,0.000,0.000,Client
2026-04-08 13:11:56,1900-01-00 00:00:00,1019-wombat,B8:27:EB:7C:81:10,-51, WPA ,0.000000,0.000000,0.000,0.000,AP
2026-04-08 13:11:56,1900-01-00 00:00:00,1019-wombat,B8:27:EB:7C:81:10,-51, WPA ,0.000000,0.000000,0.000,0.000,AP
2026-04-08 13:11:56,1900-01-00 00:00:00,,C4:CB:76:AF:5C:A8,-50,,0.000000,0.000000,0.000,0.000,Client
2026-04-08 13:11:56,1900-01-00 00:00:00,1019-wombat,B8:27:EB:7C:81:10,-51, WPA ,0.000000,0.000000,0.000,0.000,AP
2026-04-08 13:11:56,1900-01-00 00:00:00,1019-wombat,B8:27:EB:7C:81:10,-51, WPA ,0.000000,0.000000,0.000,0.000,AP
2026-04-08 13:11:56,1900-01-00 00:00:00,1019-wombat,B8:27:EB:7C:81:10,-52, WPA ,0.000000,0.000000,0.000,0.000,AP
2026-04-08 13:11:56,1900-01-00 00:00:00,1019-wombat,B8:27:EB:7C:81:10,-53, WPA ,0.000000,0.000000,0.000,0.000,AP
2026-04-08 13:11:56,1900-01-00 00:00:00,,C4:CB:76:AF:5C:A8,-49,,0.000000,0.000000,0.000,0.000,Client
2026-04-08 13:11:56,1900-01-00 00:00:00,,C4:CB:76:AF:5C:A8,-51,,0.000000,0.000000,0.000,0.000,Client
2026-04-08 13:11:56,1900-01-00 00:00:00,,C4:CB:76:AF:5C:A8,-53,,0.000000,0.000000,0.000,0.000,Client
2026-04-08 13:11:56,1900-01-00 00:00:00,1019-wombat,B8:27:EB:7C:81:10,-54, WPA ,0.000000,0.000000,0.000,0.000,AP
2026-04-08 13:11:56,1900-01-00 00:00:00,,C4:CB:76:AF:5C:A8,-52,,0.000000,0.000000,0.000,0.000,Client
2026-04-08 13:11:56,1900-01-00 00:00:00,,C4:CB:76:AF:5C:A8,-55,,0.000000,0.000000,0.000,0.000,Client
2026-04-08 13:11:57,1900-01-00 00:00:00,,C4:CB:76:AF:5C:A8,-54,,0.000000,0.000000,0.000,0.000,Client
2026-04-08 13:11:57,1900-01-00 00:00:00,,C4:CB:76:AF:5C:A8,-53,,0.000000,0.000000,0.000,0.000,Client
2026-04-08 13:11:57,1900-01-00 00:00:00,1019-wombat,B8:27:EB:7C:81:10,-56, WPA ,0.000000,0.000000,0.000,0.000,AP
2026-04-08 13:11:57,1900-01-00 00:00:00,,C4:CB:76:AF:5C:A8,-52,,0.000000,0.000000,0.000,0.000,Client
2026-04-08 13:11:57,1900-01-00 00:00:00,,C4:CB:76:AF:5C:A8,-52,,0.000000,0.000000,0.000,0.000,Client
2026-04-08 13:11:57,1900-01-00 00:00:00,1019-wombat,B8:27:EB:7C:81:10,-54, WPA ,0.000000,0.000000,0.000,0.000,AP
2026-04-08 13:11:57,1900-01-00 00:00:00,,C4:CB:76:AF:5C:A8,-51,,0.000000,0.000000,0.000,0.000,Client
2026-04-08 13:11:57,1900-01-00 00:00:00,1019-wombat,B8:27:EB:7C:81:10,-57, WPA ,0.000000,0.000000,0.000,0.000,AP
2026-04-08 13:11:57,1900-01-00 00:00:00,1019-wombat,B8:27:EB:7C:81:10,-55, WPA ,0.000000,0.000000,0.000,0.000,AP
2026-04-08 13:11:57,1900-01-00 00:00:00,,C4:CB:76:AF:5C:A8,-49,,0.000000,0.000000,0.000,0.000,Client
2026-04-08 13:11:57,1900-01-00 00:00:00,,C4:CB:76:AF:5C:A8,-49,,0.000000,0.000000,0.000,0.000,Client
2026-04-08 13:11:57,1900-01-00 00:00:00,1019-wombat,B8:27:EB:7C:81:10,-58, WPA ,0.000000,0.000000,0.000,0.000,AP
