{
    "name": "root",
    "gauges": {
        "beam_control.Policy.Entropy.mean": {
            "value": -1.6668528318405151,
            "min": -1.7835921049118042,
            "max": -1.4792860746383667,
            "count": 251
        },
        "beam_control.Policy.Entropy.sum": {
            "value": -21590.744140625,
            "min": -25153.78125,
            "max": -14394.94921875,
            "count": 251
        },
        "beam_control.Step.mean": {
            "value": 15011828.0,
            "min": 12011454.0,
            "max": 15011828.0,
            "count": 251
        },
        "beam_control.Step.sum": {
            "value": 15011828.0,
            "min": 12011454.0,
            "max": 15011828.0,
            "count": 251
        },
        "beam_control.Policy.ExtrinsicValueEstimate.mean": {
            "value": 0.3282739520072937,
            "min": -1.2406121492385864,
            "max": 0.5990545153617859,
            "count": 251
        },
        "beam_control.Policy.ExtrinsicValueEstimate.sum": {
            "value": 5.252383232116699,
            "min": -26.052854537963867,
            "max": 10.183926582336426,
            "count": 251
        },
        "beam_control.Environment.EpisodeLength.mean": {
            "value": 1499.0,
            "min": 554.1111111111111,
            "max": 1499.0,
            "count": 251
        },
        "beam_control.Environment.EpisodeLength.sum": {
            "value": 11992.0,
            "min": 7495.0,
            "max": 18001.0,
            "count": 251
        },
        "beam_control.Environment.CumulativeReward.mean": {
            "value": 4.888916693627834,
            "min": -7.203576219081879,
            "max": 9.750920295715332,
            "count": 251
        },
        "beam_control.Environment.CumulativeReward.sum": {
            "value": 39.111333549022675,
            "min": -144.07152438163757,
            "max": 102.39967715740204,
            "count": 251
        },
        "beam_control.Policy.ExtrinsicReward.mean": {
            "value": 4.888916693627834,
            "min": -7.203576219081879,
            "max": 9.750920295715332,
            "count": 251
        },
        "beam_control.Policy.ExtrinsicReward.sum": {
            "value": 39.111333549022675,
            "min": -144.07152438163757,
            "max": 102.39967715740204,
            "count": 251
        },
        "beam_control.IsTraining.mean": {
            "value": 1.0,
            "min": 1.0,
            "max": 1.0,
            "count": 251
        },
        "beam_control.IsTraining.sum": {
            "value": 1.0,
            "min": 1.0,
            "max": 1.0,
            "count": 251
        },
        "beam_control.Losses.PolicyLoss.mean": {
            "value": 0.06871971916220146,
            "min": 0.05325415425607537,
            "max": 0.11518160201811871,
            "count": 117
        },
        "beam_control.Losses.PolicyLoss.sum": {
            "value": 0.06871971916220146,
            "min": 0.05325415425607537,
            "max": 0.11518160201811871,
            "count": 117
        },
        "beam_control.Losses.ValueLoss.mean": {
            "value": 0.01855118673800224,
            "min": 0.012736900638589259,
            "max": 1.2994490838458395,
            "count": 117
        },
        "beam_control.Losses.ValueLoss.sum": {
            "value": 0.01855118673800224,
            "min": 0.012736900638589259,
            "max": 1.2994490838458395,
            "count": 117
        },
        "beam_control.Policy.LearningRate.mean": {
            "value": 0.00026251669249444007,
            "min": 0.00026251669249444007,
            "max": 0.0002699338750220449,
            "count": 117
        },
        "beam_control.Policy.LearningRate.sum": {
            "value": 0.00026251669249444007,
            "min": 0.00026251669249444007,
            "max": 0.0002699338750220449,
            "count": 117
        },
        "beam_control.Policy.Epsilon.mean": {
            "value": 0.18750556000000002,
            "min": 0.18750556000000002,
            "max": 0.189977955,
            "count": 117
        },
        "beam_control.Policy.Epsilon.sum": {
            "value": 0.18750556000000002,
            "min": 0.18750556000000002,
            "max": 0.189977955,
            "count": 117
        },
        "beam_control.Policy.Beta.mean": {
            "value": 0.0008763050440000001,
            "min": 0.0008763050440000001,
            "max": 0.0009007817545000004,
            "count": 117
        },
        "beam_control.Policy.Beta.sum": {
            "value": 0.0008763050440000001,
            "min": 0.0008763050440000001,
            "max": 0.0009007817545000004,
            "count": 117
        }
    },
    "metadata": {
        "timer_format_version": "0.1.0",
        "start_time_seconds": "1769049344",
        "python_version": "3.10.11 (tags/v3.10.11:7d4cc5a, Apr  5 2023, 00:38:17) [MSC v.1929 64 bit (AMD64)]",
        "command_line_arguments": "C:\\Users\\malon\\Downloads\\ECE500\\.venv\\Scripts\\mlagents-learn .\\Assets\\scripts\\configuration.yaml --run-id=beam12 --num-envs=8 --env=.\\builds\\homework1_unity.exe --resume --no-graphics",
        "mlagents_version": "1.2.0.dev0",
        "mlagents_envs_version": "1.2.0.dev0",
        "communication_protocol_version": "1.5.0",
        "pytorch_version": "2.2.2+cu121",
        "numpy_version": "1.23.5",
        "end_time_seconds": "1769056884"
    },
    "total": 7540.1871815000195,
    "count": 1,
    "self": 1.547289600071963,
    "children": {
        "run_training.setup": {
            "total": 0.5509266999724787,
            "count": 1,
            "self": 0.5509266999724787
        },
        "TrainerController.start_learning": {
            "total": 7538.088965199975,
            "count": 1,
            "self": 11.704710498801433,
            "children": {
                "TrainerController._reset_env": {
                    "total": 7.65967379999347,
                    "count": 1,
                    "self": 7.65967379999347
                },
                "TrainerController.advance": {
                    "total": 7518.65113930119,
                    "count": 459791,
                    "self": 6.206688597128959,
                    "children": {
                        "env_step": {
                            "total": 6377.846787305287,
                            "count": 459791,
                            "self": 743.2587555242353,
                            "children": {
                                "SubprocessEnvManager._take_step": {
                                    "total": 5620.299467395293,
                                    "count": 3026468,
                                    "self": 104.27098229108378,
                                    "children": {
                                        "TorchPolicy.evaluate": {
                                            "total": 5516.028485104209,
                                            "count": 3025235,
                                            "self": 5516.028485104209
                                        }
                                    }
                                },
                                "workers": {
                                    "total": 14.288564385758946,
                                    "count": 459790,
                                    "self": 0.0,
                                    "children": {
                                        "worker_root": {
                                            "total": 60165.322079770034,
                                            "count": 3026463,
                                            "is_parallel": true,
                                            "self": 54219.12606337355,